/*--------------------------------*- C++ -*----------------------------------*\
  =========                 |
  \\      /  F ield         | OpenFOAM: The Open Source CFD Toolbox
   \\    /   O peration     | Website:  https://openfoam.org
    \\  /    A nd           | Version:  11
     \\/     M anipulation  |
\*---------------------------------------------------------------------------*/
FoamFile
{
    format      ascii;
    class       surfaceScalarField;
    location    "600";
    object      phi;
}
// * * * * * * * * * * * * * * * * * * * * * * * * * * * * * * * * * * * * * //

dimensions      [0 3 -1 0 0 0 0];

internalField   nonuniform List<scalar> 
9850
(
3.63376e-06
-8.22832e-09
3.63094e-06
2.70641e-09
3.62574e-06
5.15676e-09
3.62563e-06
1.45207e-10
3.62754e-06
-1.91745e-09
3.63332e-06
-5.77121e-09
3.63775e-06
-4.36385e-09
3.632e-06
5.68319e-09
3.62315e-06
8.86499e-09
3.6205e-06
2.62777e-09
3.61969e-06
7.89368e-10
3.61946e-06
2.48137e-10
3.61939e-06
4.14778e-11
3.62164e-06
-2.21618e-09
3.62377e-06
-2.11809e-09
3.62648e-06
-2.7195e-09
3.6303e-06
-3.7702e-09
3.6315e-06
-1.24361e-09
3.63452e-06
-2.94977e-09
3.63852e-06
-4.04918e-09
3.64036e-06
-1.78288e-09
3.64086e-06
-5.59245e-10
3.64103e-06
-9.54094e-11
3.64092e-06
3.48565e-11
3.64091e-06
1.04574e-10
3.64074e-06
7.76682e-11
3.64075e-06
1.1803e-10
3.64061e-06
3.57674e-11
3.64068e-06
8.25847e-11
3.64054e-06
-2.44765e-11
3.64065e-06
2.03414e-11
3.64064e-06
-1.33184e-10
3.64096e-06
-2.17783e-10
3.6412e-06
-3.52764e-10
3.64146e-06
-2.38416e-10
3.64156e-06
-1.42124e-10
3.64158e-06
-2.90092e-11
3.64134e-06
2.3673e-10
3.63375e-06
7.56086e-09
3.62419e-06
9.57409e-09
3.62115e-06
2.95846e-09
3.62019e-06
1.04257e-09
3.61976e-06
3.8172e-10
3.61962e-06
1.98415e-10
3.61947e-06
1.00782e-10
3.61942e-06
8.50303e-11
3.61934e-06
3.3149e-11
3.61936e-06
3.30795e-11
3.61933e-06
-3.4606e-12
3.61936e-06
7.95139e-12
3.61933e-06
-1.13227e-11
3.61936e-06
4.32217e-12
3.61933e-06
-1.3967e-11
3.61937e-06
4.28877e-12
3.61934e-06
-1.31164e-11
3.61938e-06
7.77727e-12
3.61935e-06
-1.32249e-11
3.61939e-06
6.00637e-12
3.61938e-06
-1.10163e-11
3.61941e-06
2.40079e-12
3.6194e-06
-7.60448e-12
3.61941e-06
1.13328e-12
3.61939e-06
-1.00443e-11
3.61942e-06
1.57813e-12
3.61939e-06
-1.1865e-11
3.61942e-06
3.8961e-12
3.61939e-06
-1.20221e-11
3.61942e-06
8.16095e-12
3.61939e-06
-1.18152e-11
3.61944e-06
7.38023e-12
3.61942e-06
-9.348e-12
3.61945e-06
4.57517e-12
3.61943e-06
-5.24558e-12
3.61945e-06
4.78541e-12
3.61944e-06
-6.00263e-12
3.61946e-06
3.45138e-12
3.61944e-06
-5.27062e-12
3.61945e-06
3.36406e-12
3.61944e-06
-4.2743e-12
3.61945e-06
3.99067e-12
3.61944e-06
-4.08435e-12
3.61945e-06
4.31225e-12
3.61944e-06
-3.7296e-12
3.61945e-06
4.90344e-12
3.61944e-06
-3.852e-12
3.61944e-06
4.65154e-12
3.61944e-06
-4.07161e-12
3.61945e-06
3.41641e-12
3.61944e-06
-2.90555e-12
3.61945e-06
5.25744e-12
3.61943e-06
-3.45765e-12
3.61945e-06
5.4183e-12
3.61943e-06
-4.24438e-12
3.61945e-06
4.10544e-12
3.61943e-06
-4.17437e-12
3.61945e-06
3.09577e-12
3.61944e-06
-1.13301e-11
3.61948e-06
-1.74775e-11
3.61955e-06
-1.20535e-10
-5.57544e-09
4.4198e-06
-5.23215e-09
4.4219e-06
5.39e-10
4.42397e-06
3.05836e-09
4.42336e-06
7.73983e-10
4.4223e-06
-8.51882e-10
4.41989e-06
-3.36443e-09
4.41851e-06
-2.94112e-09
4.42146e-06
2.6936e-09
4.42503e-06
5.30637e-09
4.42533e-06
2.31049e-09
4.42527e-06
8.42581e-10
4.42521e-06
3.13237e-10
4.42505e-06
1.84981e-10
4.42378e-06
-9.2494e-10
4.42279e-06
-1.12181e-09
4.42173e-06
-1.66128e-09
4.42038e-06
-2.39404e-09
4.42036e-06
-1.24736e-09
4.41965e-06
-2.20649e-09
4.41855e-06
-2.97671e-09
4.41842e-06
-1.61818e-09
4.41847e-06
-6.37525e-10
4.4185e-06
-8.58328e-11
4.41843e-06
6.06184e-11
4.41843e-06
1.5741e-10
4.41835e-06
1.0878e-10
4.41836e-06
1.84406e-10
4.41828e-06
4.80418e-11
4.41833e-06
1.2943e-10
4.41825e-06
-4.91654e-11
4.41832e-06
3.53271e-11
4.4183e-06
-2.05348e-10
4.41846e-06
-3.1332e-10
4.41856e-06
-5.20771e-10
4.41867e-06
-3.40301e-10
4.41871e-06
-2.02703e-10
4.41871e-06
-4.00985e-11
4.41873e-06
2.17205e-10
4.42192e-06
4.35312e-09
4.4254e-06
6.10747e-09
4.42558e-06
2.7307e-09
4.42547e-06
1.1963e-09
4.42534e-06
4.8596e-10
4.42528e-06
2.89036e-10
4.4252e-06
1.50698e-10
4.42518e-06
1.29839e-10
4.42514e-06
4.52366e-11
4.42516e-06
4.8848e-11
4.42514e-06
-1.0251e-11
4.42516e-06
1.04027e-11
4.42515e-06
-2.22932e-11
4.42517e-06
5.10097e-12
4.42516e-06
-2.55568e-11
4.42518e-06
5.97763e-12
4.42516e-06
-2.42276e-11
4.42519e-06
1.11887e-11
4.42517e-06
-2.33056e-11
4.4252e-06
1.03421e-11
4.42519e-06
-1.8404e-11
4.42521e-06
3.87592e-12
4.4252e-06
-1.42489e-11
4.42522e-06
8.94813e-14
4.42521e-06
-1.92902e-11
4.42522e-06
8.36074e-13
4.42521e-06
-2.24123e-11
4.42523e-06
5.0118e-12
4.42521e-06
-2.24912e-11
4.42523e-06
1.19538e-11
4.42522e-06
-2.08309e-11
4.42524e-06
1.29621e-11
4.42524e-06
-1.49155e-11
4.42525e-06
8.25476e-12
4.42524e-06
-9.13213e-12
4.42526e-06
7.19246e-12
4.42525e-06
-1.05663e-11
4.42526e-06
5.47748e-12
4.42525e-06
-9.44867e-12
4.42526e-06
5.52384e-12
4.42525e-06
-7.96183e-12
4.42525e-06
6.6884e-12
4.42525e-06
-7.39813e-12
4.42525e-06
7.60107e-12
4.42525e-06
-6.76966e-12
4.42525e-06
8.48674e-12
4.42525e-06
-6.82027e-12
4.42525e-06
8.32732e-12
4.42525e-06
-6.90995e-12
4.42525e-06
6.81448e-12
4.42525e-06
-5.09478e-12
4.42525e-06
9.30837e-12
4.42524e-06
-5.88558e-12
4.42525e-06
9.44803e-12
4.42524e-06
-6.92607e-12
4.42525e-06
7.64533e-12
4.42524e-06
-6.85268e-12
4.42525e-06
6.08623e-12
4.42524e-06
-1.67164e-11
4.42526e-06
-1.67414e-11
4.42515e-06
-3.83736e-11
-3.16183e-09
4.87306e-06
-3.82829e-09
4.87386e-06
-3.11998e-10
4.87515e-06
1.74801e-09
4.87538e-06
5.56929e-10
4.87493e-06
-3.96897e-10
4.87342e-06
-1.85261e-09
4.87224e-06
-1.73717e-09
4.87338e-06
1.52628e-09
4.87519e-06
3.50716e-09
4.87551e-06
1.97788e-09
4.87553e-06
8.1917e-10
4.87551e-06
3.42132e-10
4.87544e-06
2.40566e-10
4.87515e-06
-6.26064e-10
4.87507e-06
-1.03045e-09
4.87458e-06
-1.17481e-09
4.8738e-06
-1.59748e-09
4.87369e-06
-1.1575e-09
4.87313e-06
-1.61662e-09
4.87219e-06
-2.05982e-09
4.87186e-06
-1.25781e-09
4.87176e-06
-5.64096e-10
4.87173e-06
-2.42381e-11
4.87166e-06
1.02331e-10
4.87165e-06
2.08121e-10
4.87158e-06
1.3556e-10
4.87159e-06
2.3552e-10
4.87153e-06
5.55483e-11
4.87157e-06
1.6383e-10
4.87151e-06
-6.95363e-11
4.87156e-06
4.77558e-11
4.87154e-06
-2.56563e-10
4.87165e-06
-3.76118e-10
4.87172e-06
-6.37141e-10
4.8718e-06
-4.09162e-10
4.87182e-06
-2.448e-10
4.87183e-06
-4.93606e-11
4.87185e-06
1.91934e-10
4.87343e-06
2.75796e-09
4.87531e-06
4.23797e-09
4.87561e-06
2.4008e-09
4.87562e-06
1.21957e-09
4.87555e-06
5.29735e-10
4.87552e-06
3.4706e-10
4.87546e-06
1.84915e-10
4.87545e-06
1.61192e-10
4.87542e-06
5.16811e-11
4.87543e-06
5.96404e-11
4.87542e-06
-1.63129e-11
4.87544e-06
1.18944e-11
4.87543e-06
-3.15904e-11
4.87545e-06
5.28873e-12
4.87544e-06
-3.53677e-11
4.87546e-06
6.83913e-12
4.87544e-06
-3.39134e-11
4.87546e-06
1.30099e-11
4.87545e-06
-3.20911e-11
4.87547e-06
1.3105e-11
4.87547e-06
-2.48982e-11
4.87548e-06
4.05487e-12
4.87548e-06
-2.02348e-11
4.87549e-06
-2.10288e-12
4.87549e-06
-2.73435e-11
4.8755e-06
-8.94106e-13
4.87549e-06
-3.17026e-11
4.87551e-06
5.16568e-12
4.87549e-06
-3.17113e-11
4.87551e-06
1.4081e-11
4.8755e-06
-2.8694e-11
4.87552e-06
1.68531e-11
4.87551e-06
-1.99524e-11
4.87553e-06
1.06879e-11
4.87552e-06
-1.32293e-11
4.87553e-06
8.61881e-12
4.87552e-06
-1.48534e-11
4.87553e-06
6.93599e-12
4.87553e-06
-1.30574e-11
4.87553e-06
7.02109e-12
4.87553e-06
-1.06656e-11
4.87553e-06
8.25975e-12
4.87553e-06
-9.45209e-12
4.87553e-06
9.48502e-12
4.87553e-06
-8.51739e-12
4.87553e-06
1.06255e-11
4.87553e-06
-8.27884e-12
4.87553e-06
1.05446e-11
4.87553e-06
-8.2181e-12
4.87553e-06
9.06532e-12
4.87552e-06
-6.19913e-12
4.87553e-06
1.20686e-11
4.87552e-06
-7.27617e-12
4.87553e-06
1.23678e-11
4.87552e-06
-8.62823e-12
4.87553e-06
1.04895e-11
4.87552e-06
-8.70186e-12
4.87553e-06
8.6094e-12
4.87552e-06
-1.99789e-11
4.87553e-06
-1.32011e-11
4.87547e-06
-4.16229e-12
-2.12035e-09
5.1817e-06
-3.42872e-09
5.18196e-06
-6.06618e-10
5.18249e-06
1.19993e-09
5.18271e-06
3.46824e-10
5.1826e-06
-2.82344e-10
5.182e-06
-1.25202e-09
5.18144e-06
-1.15681e-09
5.1817e-06
1.25204e-09
5.18228e-06
2.93326e-09
5.18238e-06
1.86788e-09
5.18236e-06
8.29029e-10
5.18234e-06
3.73038e-10
5.18232e-06
2.49826e-10
5.18233e-06
-6.30603e-10
5.18244e-06
-1.13352e-09
5.18234e-06
-1.07857e-09
5.18212e-06
-1.3574e-09
5.18209e-06
-1.14288e-09
5.18186e-06
-1.36375e-09
5.18143e-06
-1.64759e-09
5.18124e-06
-1.05194e-09
5.18115e-06
-4.86127e-10
5.1811e-06
4.13407e-11
5.18103e-06
1.5051e-10
5.18101e-06
2.56372e-10
5.18095e-06
1.65618e-10
5.18096e-06
2.78028e-10
5.18091e-06
6.70173e-11
5.18094e-06
1.88894e-10
5.18089e-06
-8.08819e-11
5.18093e-06
5.59536e-11
5.18091e-06
-2.92315e-10
5.181e-06
-4.26685e-10
5.18105e-06
-7.25745e-10
5.18111e-06
-4.64519e-10
5.18113e-06
-2.77896e-10
5.18113e-06
-5.75374e-11
5.18113e-06
1.91096e-10
5.18165e-06
2.23288e-09
5.1823e-06
3.59598e-09
5.1824e-06
2.27585e-09
5.18239e-06
1.25273e-09
5.18234e-06
5.68068e-10
5.18231e-06
3.934e-10
5.18226e-06
2.15486e-10
5.18225e-06
1.87116e-10
5.18222e-06
5.95821e-11
5.18223e-06
6.84636e-11
5.18222e-06
-1.93442e-11
5.18223e-06
1.26716e-11
5.18223e-06
-3.79342e-11
5.18224e-06
4.38277e-12
5.18223e-06
-4.24178e-11
5.18225e-06
6.10388e-12
5.18224e-06
-4.11047e-11
5.18225e-06
1.28154e-11
5.18225e-06
-3.85239e-11
5.18226e-06
1.37921e-11
5.18226e-06
-3.01671e-11
5.18227e-06
2.8892e-12
5.18227e-06
-2.56842e-11
5.18228e-06
-4.91806e-12
5.18228e-06
-3.43212e-11
5.18229e-06
-3.54116e-12
5.18228e-06
-3.9109e-11
5.1823e-06
3.64068e-12
5.18229e-06
-3.88589e-11
5.1823e-06
1.4059e-11
5.1823e-06
-3.44827e-11
5.18231e-06
1.85078e-11
5.18231e-06
-2.37497e-11
5.18232e-06
1.12737e-11
5.18231e-06
-1.6338e-11
5.18232e-06
8.42007e-12
5.18232e-06
-1.80243e-11
5.18232e-06
7.01416e-12
5.18232e-06
-1.58612e-11
5.18232e-06
7.50978e-12
5.18232e-06
-1.31143e-11
5.18232e-06
9.28737e-12
5.18232e-06
-1.15297e-11
5.18232e-06
1.10367e-11
5.18232e-06
-1.02915e-11
5.18232e-06
1.24715e-11
5.18232e-06
-9.83808e-12
5.18232e-06
1.26545e-11
5.18232e-06
-9.52435e-12
5.18232e-06
1.12806e-11
5.18232e-06
-7.15031e-12
5.18232e-06
1.44361e-11
5.18232e-06
-8.21472e-12
5.18232e-06
1.47199e-11
5.18232e-06
-9.58575e-12
5.18232e-06
1.26478e-11
5.18231e-06
-9.75845e-12
5.18232e-06
1.04068e-11
5.18231e-06
-2.18233e-11
5.18232e-06
-1.13806e-11
5.18232e-06
-2.01001e-11
-1.86912e-09
5.41276e-06
-3.30561e-09
5.41289e-06
-7.64528e-10
5.41313e-06
9.46386e-10
5.41323e-06
2.5964e-10
5.41319e-06
-2.47794e-10
5.41296e-06
-1.02054e-09
5.41272e-06
-8.9906e-10
5.41276e-06
1.19315e-09
5.41296e-06
2.7355e-09
5.41299e-06
1.83668e-09
5.41296e-06
8.51011e-10
5.41294e-06
4.03056e-10
5.41293e-06
2.47014e-10
5.41295e-06
-6.38783e-10
5.41299e-06
-1.17389e-09
5.41298e-06
-1.07326e-09
5.41294e-06
-1.29642e-09
5.41293e-06
-1.15058e-09
5.41288e-06
-1.28909e-09
5.41273e-06
-1.5169e-09
5.41266e-06
-9.65753e-10
5.41259e-06
-4.32183e-10
5.41256e-06
9.69463e-11
5.41249e-06
1.96391e-10
5.41247e-06
3.01339e-10
5.41241e-06
1.96729e-10
5.41241e-06
3.16481e-10
5.41237e-06
8.15396e-11
5.41239e-06
2.11054e-10
5.41235e-06
-8.62127e-11
5.41238e-06
6.32257e-11
5.41236e-06
-3.1888e-10
5.41243e-06
-4.6879e-10
5.41248e-06
-7.98147e-10
5.41253e-06
-5.11129e-10
5.41254e-06
-3.05154e-10
5.41255e-06
-6.40912e-11
5.41253e-06
2.06055e-10
5.4127e-06
2.05618e-09
5.41294e-06
3.35744e-09
5.41297e-06
2.23135e-09
5.41295e-06
1.28875e-09
5.41291e-06
6.02099e-10
5.41288e-06
4.32009e-10
5.41284e-06
2.43209e-10
5.41283e-06
2.10442e-10
5.41281e-06
6.86045e-11
5.41281e-06
7.70701e-11
5.4128e-06
-2.02237e-11
5.41281e-06
1.38369e-11
5.41281e-06
-4.23776e-11
5.41282e-06
3.58934e-12
5.41281e-06
-4.78738e-11
5.41282e-06
5.1163e-12
5.41282e-06
-4.69494e-11
5.41283e-06
1.19611e-11
5.41282e-06
-4.39189e-11
5.41284e-06
1.35296e-11
5.41284e-06
-3.47111e-11
5.41285e-06
1.04963e-12
5.41285e-06
-3.02987e-11
5.41285e-06
-8.2821e-12
5.41285e-06
-4.00922e-11
5.41286e-06
-6.71499e-12
5.41286e-06
-4.54531e-11
5.41287e-06
1.55249e-12
5.41286e-06
-4.49851e-11
5.41287e-06
1.31055e-11
5.41287e-06
-3.94939e-11
5.41288e-06
1.89465e-11
5.41288e-06
-2.72975e-11
5.41289e-06
1.112e-11
5.41289e-06
-1.95584e-11
5.41289e-06
7.82341e-12
5.41289e-06
-2.11214e-11
5.4129e-06
6.72387e-12
5.41289e-06
-1.83422e-11
5.4129e-06
7.42312e-12
5.41289e-06
-1.48021e-11
5.4129e-06
9.32075e-12
5.4129e-06
-1.25643e-11
5.4129e-06
1.13777e-11
5.4129e-06
-1.09902e-11
5.4129e-06
1.31041e-11
5.4129e-06
-1.01522e-11
5.4129e-06
1.34944e-11
5.41289e-06
-9.58472e-12
5.4129e-06
1.23677e-11
5.41289e-06
-7.11455e-12
5.4129e-06
1.58096e-11
5.41289e-06
-8.29378e-12
5.41289e-06
1.62451e-11
5.41289e-06
-9.85251e-12
5.41289e-06
1.41978e-11
5.41289e-06
-1.02589e-11
5.41289e-06
1.16783e-11
5.41289e-06
-2.29532e-11
5.41289e-06
-1.13596e-11
5.41292e-06
-5.77751e-11
-1.81103e-09
5.59614e-06
-3.22157e-09
5.59623e-06
-8.84115e-10
5.59638e-06
7.88455e-10
5.59642e-06
2.30465e-10
5.5964e-06
-2.24135e-10
5.59628e-06
-9.07774e-10
5.59616e-06
-7.66078e-10
5.59617e-06
1.17089e-09
5.59629e-06
2.62736e-09
5.5963e-06
1.81636e-09
5.59628e-06
8.69115e-10
5.59626e-06
4.27329e-10
5.59626e-06
2.42652e-10
5.59624e-06
-6.21114e-10
5.59623e-06
-1.15953e-09
5.59623e-06
-1.07132e-09
5.59621e-06
-1.2699e-09
5.59621e-06
-1.15459e-09
5.59622e-06
-1.28351e-09
5.59619e-06
-1.49892e-09
5.59617e-06
-9.36379e-10
5.59612e-06
-3.9499e-10
5.59609e-06
1.41575e-10
5.59604e-06
2.3897e-10
5.59602e-06
3.41684e-10
5.59596e-06
2.28812e-10
5.59596e-06
3.51325e-10
5.59592e-06
9.94986e-11
5.59593e-06
2.29619e-10
5.5959e-06
-8.59538e-11
5.59592e-06
6.88461e-11
5.59591e-06
-3.37843e-10
5.59596e-06
-5.06663e-10
5.596e-06
-8.58955e-10
5.59605e-06
-5.52634e-10
5.59606e-06
-3.28377e-10
5.59606e-06
-6.94496e-11
5.59604e-06
2.26565e-10
5.59611e-06
1.97753e-09
5.59625e-06
3.22686e-09
5.59626e-06
2.20361e-09
5.59625e-06
1.31719e-09
5.59621e-06
6.30105e-10
5.59619e-06
4.63132e-10
5.59616e-06
2.68339e-10
5.59614e-06
2.30994e-10
5.59612e-06
7.89068e-11
5.59613e-06
8.5057e-11
5.59612e-06
-1.91673e-11
5.59612e-06
1.49279e-11
5.59612e-06
-4.48752e-11
5.59613e-06
2.51267e-12
5.59612e-06
-5.14987e-11
5.59613e-06
3.54155e-12
5.59613e-06
-5.11044e-11
5.59614e-06
1.03235e-11
5.59613e-06
-4.77445e-11
5.59614e-06
1.24174e-11
5.59614e-06
-3.83911e-11
5.59615e-06
-1.20057e-12
5.59615e-06
-3.44965e-11
5.59616e-06
-1.15733e-11
5.59616e-06
-4.52676e-11
5.59617e-06
-1.01221e-11
5.59616e-06
-5.06316e-11
5.59617e-06
-1.32348e-12
5.59617e-06
-4.98439e-11
5.59618e-06
1.11333e-11
5.59617e-06
-4.32582e-11
5.59619e-06
1.82906e-11
5.59618e-06
-3.00691e-11
5.59619e-06
9.97039e-12
5.59619e-06
-2.20062e-11
5.5962e-06
6.28711e-12
5.59619e-06
-2.3483e-11
5.5962e-06
5.57106e-12
5.5962e-06
-2.04113e-11
5.5962e-06
6.77422e-12
5.5962e-06
-1.66082e-11
5.5962e-06
9.25101e-12
5.5962e-06
-1.40454e-11
5.5962e-06
1.18028e-11
5.5962e-06
-1.21225e-11
5.5962e-06
1.3877e-11
5.5962e-06
-1.10032e-11
5.5962e-06
1.46275e-11
5.5962e-06
-1.01176e-11
5.5962e-06
1.3734e-11
5.5962e-06
-7.32312e-12
5.5962e-06
1.72216e-11
5.5962e-06
-8.36506e-12
5.5962e-06
1.76304e-11
5.5962e-06
-9.885e-12
5.5962e-06
1.54169e-11
5.5962e-06
-1.04315e-11
5.5962e-06
1.25549e-11
5.5962e-06
-2.36049e-11
5.5962e-06
-1.28782e-11
5.59623e-06
-9.63911e-11
-1.78113e-09
5.74723e-06
-3.14726e-09
5.74731e-06
-9.83629e-10
5.74743e-06
6.63903e-10
5.74744e-06
2.19729e-10
5.74742e-06
-2.01911e-10
5.74735e-06
-8.31706e-10
5.74727e-06
-6.78515e-10
5.74728e-06
1.15292e-09
5.74737e-06
2.5393e-09
5.74739e-06
1.79275e-09
5.74737e-06
8.80514e-10
5.74736e-06
4.45154e-10
5.74736e-06
2.38244e-10
5.74733e-06
-5.91945e-10
5.7473e-06
-1.12362e-09
5.74729e-06
-1.06138e-09
5.74727e-06
-1.24527e-09
5.74726e-06
-1.15203e-09
5.74729e-06
-1.30014e-09
5.7473e-06
-1.51717e-09
5.7473e-06
-9.28155e-10
5.74727e-06
-3.67064e-10
5.74724e-06
1.777e-10
5.74719e-06
2.77226e-10
5.74717e-06
3.77033e-10
5.74712e-06
2.60159e-10
5.74711e-06
3.82756e-10
5.74708e-06
1.19619e-10
5.74709e-06
2.46357e-10
5.74705e-06
-8.13696e-11
5.74707e-06
7.36141e-11
5.74706e-06
-3.51169e-10
5.74711e-06
-5.40783e-10
5.74714e-06
-9.11204e-10
5.74718e-06
-5.8964e-10
5.7472e-06
-3.48016e-10
5.7472e-06
-7.35518e-11
5.74718e-06
2.47904e-10
5.74722e-06
1.92695e-09
5.74732e-06
3.12663e-09
5.74734e-06
2.17746e-09
5.74733e-06
1.33734e-09
5.7473e-06
6.52349e-10
5.74728e-06
4.87825e-10
5.74725e-06
2.90522e-10
5.74724e-06
2.48944e-10
5.74722e-06
8.93441e-11
5.74723e-06
9.23985e-11
5.74722e-06
-1.69389e-11
5.74722e-06
1.61345e-11
5.74722e-06
-4.60673e-11
5.74722e-06
1.59502e-12
5.74722e-06
-5.38911e-11
5.74723e-06
1.97169e-12
5.74722e-06
-5.4135e-11
5.74723e-06
8.43954e-12
5.74723e-06
-5.06841e-11
5.74724e-06
1.08237e-11
5.74724e-06
-4.13379e-11
5.74725e-06
-3.73343e-12
5.74725e-06
-3.78072e-11
5.74725e-06
-1.51224e-11
5.74725e-06
-4.92635e-11
5.74726e-06
-1.37424e-11
5.74726e-06
-5.48735e-11
5.74727e-06
-4.42173e-12
5.74726e-06
-5.38278e-11
5.74727e-06
8.66186e-12
5.74727e-06
-4.63835e-11
5.74728e-06
1.68701e-11
5.74728e-06
-3.25869e-11
5.74728e-06
8.45447e-12
5.74728e-06
-2.4531e-11
5.74729e-06
4.63151e-12
5.74729e-06
-2.58432e-11
5.74729e-06
4.23791e-12
5.74729e-06
-2.22583e-11
5.74729e-06
5.68805e-12
5.74729e-06
-1.77661e-11
5.7473e-06
8.32116e-12
5.74729e-06
-1.45812e-11
5.7473e-06
1.11855e-11
5.74729e-06
-1.2293e-11
5.7473e-06
1.359e-11
5.7473e-06
-1.0742e-11
5.7473e-06
1.46284e-11
5.74729e-06
-9.5385e-12
5.7473e-06
1.40821e-11
5.74729e-06
-6.64543e-12
5.74729e-06
1.77879e-11
5.74729e-06
-7.71339e-12
5.74729e-06
1.83196e-11
5.74729e-06
-9.38952e-12
5.74729e-06
1.61236e-11
5.74729e-06
-1.02121e-11
5.74729e-06
1.29706e-11
5.74729e-06
-2.38474e-11
5.7473e-06
-1.51977e-11
5.74732e-06
-1.32717e-10
-1.74773e-09
5.87486e-06
-3.06863e-09
5.87493e-06
-1.07015e-09
5.87503e-06
5.56464e-10
5.87504e-06
2.12995e-10
5.87502e-06
-1.80381e-10
5.87496e-06
-7.68072e-10
5.8749e-06
-6.08159e-10
5.87491e-06
1.13485e-09
5.87499e-06
2.45799e-09
5.87501e-06
1.76527e-09
5.87501e-06
8.85909e-10
5.875e-06
4.57135e-10
5.875e-06
2.33216e-10
5.87497e-06
-5.60804e-10
5.87493e-06
-1.08236e-09
5.87491e-06
-1.04619e-09
5.87489e-06
-1.21827e-09
5.87488e-06
-1.14582e-09
5.87491e-06
-1.32193e-09
5.87494e-06
-1.54455e-09
5.87494e-06
-9.27662e-10
5.87491e-06
-3.43836e-10
5.87489e-06
2.07801e-10
5.87485e-06
3.11964e-10
5.87483e-06
4.08108e-10
5.87479e-06
2.90358e-10
5.87478e-06
4.11474e-10
5.87474e-06
1.40856e-10
5.87475e-06
2.60961e-10
5.87472e-06
-7.42197e-11
5.87473e-06
7.76801e-11
5.87472e-06
-3.60525e-10
5.87477e-06
-5.72642e-10
5.8748e-06
-9.57476e-10
5.87483e-06
-6.23855e-10
5.87484e-06
-3.6541e-10
5.87484e-06
-7.70598e-11
5.87482e-06
2.67674e-10
5.87486e-06
1.88635e-09
5.87495e-06
3.03879e-09
5.87496e-06
2.15182e-09
5.87496e-06
1.35201e-09
5.87494e-06
6.70374e-10
5.87492e-06
5.0758e-10
5.8749e-06
3.10111e-10
5.87489e-06
2.64406e-10
5.87487e-06
9.97228e-11
5.87487e-06
9.89834e-11
5.87486e-06
-1.39757e-11
5.87487e-06
1.7238e-11
5.87486e-06
-4.62014e-11
5.87487e-06
6.57201e-13
5.87486e-06
-5.51437e-11
5.87487e-06
2.99231e-13
5.87487e-06
-5.60447e-11
5.87487e-06
6.39856e-12
5.87487e-06
-5.25241e-11
5.87488e-06
9.08474e-12
5.87488e-06
-4.3625e-11
5.87489e-06
-6.16396e-12
5.87489e-06
-4.078e-11
5.87489e-06
-1.82306e-11
5.87489e-06
-5.29076e-11
5.8749e-06
-1.71732e-11
5.8749e-06
-5.83215e-11
5.8749e-06
-7.72285e-12
5.8749e-06
-5.69656e-11
5.87491e-06
5.85681e-12
5.87491e-06
-4.86711e-11
5.87491e-06
1.50784e-11
5.87491e-06
-3.455e-11
5.87492e-06
6.46037e-12
5.87492e-06
-2.64332e-11
5.87493e-06
2.43847e-12
5.87492e-06
-2.76653e-11
5.87493e-06
2.39788e-12
5.87493e-06
-2.38783e-11
5.87493e-06
4.34584e-12
5.87493e-06
-1.91986e-11
5.87493e-06
7.5502e-12
5.87493e-06
-1.57314e-11
5.87493e-06
1.08812e-11
5.87493e-06
-1.30689e-11
5.87493e-06
1.36632e-11
5.87493e-06
-1.12004e-11
5.87493e-06
1.51146e-11
5.87493e-06
-9.64089e-12
5.87493e-06
1.48719e-11
5.87493e-06
-6.42536e-12
5.87493e-06
1.85867e-11
5.87493e-06
-7.3041e-12
5.87493e-06
1.9069e-11
5.87493e-06
-8.94444e-12
5.87493e-06
1.66956e-11
5.87493e-06
-9.93616e-12
5.87493e-06
1.31966e-11
5.87493e-06
-2.39624e-11
5.87493e-06
-1.80888e-11
5.87496e-06
-1.63156e-10
-1.71229e-09
5.98453e-06
-2.99903e-09
5.98459e-06
-1.14404e-09
5.98468e-06
4.61183e-10
5.98469e-06
2.0741e-10
5.98467e-06
-1.60131e-10
5.98461e-06
-7.11072e-10
5.98456e-06
-5.479e-10
5.98457e-06
1.11836e-09
5.98465e-06
2.38228e-09
5.98467e-06
1.73686e-09
5.98467e-06
8.87606e-10
5.98466e-06
4.64497e-10
5.98467e-06
2.27497e-10
5.98464e-06
-5.32516e-10
5.9846e-06
-1.04277e-09
5.98459e-06
-1.0289e-09
5.98456e-06
-1.19172e-09
5.98455e-06
-1.13765e-09
5.98458e-06
-1.34484e-09
5.98461e-06
-1.57214e-09
5.98461e-06
-9.29999e-10
5.98459e-06
-3.23237e-10
5.98457e-06
2.32685e-10
5.98453e-06
3.43565e-10
5.98451e-06
4.34265e-10
5.98448e-06
3.19155e-10
5.98447e-06
4.36294e-10
5.98443e-06
1.63228e-10
5.98444e-06
2.73214e-10
5.98441e-06
-6.38305e-11
5.98442e-06
8.02931e-11
5.98441e-06
-3.65767e-10
5.98445e-06
-6.029e-10
5.98448e-06
-9.98209e-10
5.98451e-06
-6.55393e-10
5.98452e-06
-3.80229e-10
5.98452e-06
-7.97621e-11
5.9845e-06
2.85667e-10
5.98454e-06
1.85148e-09
5.98462e-06
2.96044e-09
5.98463e-06
2.12884e-09
5.98463e-06
1.36278e-09
5.98461e-06
6.85979e-10
5.9846e-06
5.23286e-10
5.98457e-06
3.27691e-10
5.98457e-06
2.77439e-10
5.98455e-06
1.09755e-10
5.98455e-06
1.04437e-10
5.98454e-06
-1.04366e-11
5.98455e-06
1.80741e-11
5.98454e-06
-4.54132e-11
5.98455e-06
-3.07055e-13
5.98454e-06
-5.53792e-11
5.98455e-06
-1.40897e-12
5.98454e-06
-5.69315e-11
5.98455e-06
4.18155e-12
5.98455e-06
-5.35026e-11
5.98455e-06
6.99604e-12
5.98455e-06
-4.51353e-11
5.98456e-06
-8.73562e-12
5.98456e-06
-4.28117e-11
5.98457e-06
-2.14534e-11
5.98456e-06
-5.52988e-11
5.98457e-06
-2.06442e-11
5.98457e-06
-6.07752e-11
5.98458e-06
-1.10846e-11
5.98457e-06
-5.91712e-11
5.98458e-06
2.73833e-12
5.98458e-06
-5.02612e-11
5.98459e-06
1.27065e-11
5.98458e-06
-3.61612e-11
5.98459e-06
4.25437e-12
5.98459e-06
-2.8325e-11
5.9846e-06
2.39515e-13
5.98459e-06
-2.94412e-11
5.9846e-06
4.63633e-13
5.9846e-06
-2.52564e-11
5.9846e-06
2.64011e-12
5.9846e-06
-1.99912e-11
5.9846e-06
6.00382e-12
5.9846e-06
-1.5942e-11
5.9846e-06
9.64238e-12
5.9846e-06
-1.29109e-11
5.9846e-06
1.27663e-11
5.9846e-06
-1.05936e-11
5.9846e-06
1.45505e-11
5.9846e-06
-8.67954e-12
5.9846e-06
1.47075e-11
5.9846e-06
-5.36153e-12
5.9846e-06
1.85927e-11
5.9846e-06
-6.23188e-12
5.9846e-06
1.91556e-11
5.9846e-06
-8.03129e-12
5.9846e-06
1.67708e-11
5.9846e-06
-9.33069e-12
5.9846e-06
1.2967e-11
5.9846e-06
-2.37344e-11
5.98461e-06
-2.13204e-11
5.98463e-06
-1.90241e-10
-1.67584e-09
6.07988e-06
-2.92927e-09
6.07994e-06
-1.21044e-09
6.08002e-06
3.76025e-10
6.08002e-06
2.02588e-10
6.08e-06
-1.40249e-10
6.07995e-06
-6.57837e-10
6.0799e-06
-4.92886e-10
6.07991e-06
1.10231e-09
6.07999e-06
2.31183e-09
6.08001e-06
1.70783e-09
6.08001e-06
8.86171e-10
6.08001e-06
4.68273e-10
6.08001e-06
2.20532e-10
6.07999e-06
-5.07307e-10
6.07996e-06
-1.00574e-09
6.07994e-06
-1.01102e-09
6.07992e-06
-1.16528e-09
6.0799e-06
-1.1293e-09
6.07993e-06
-1.36648e-09
6.07996e-06
-1.59909e-09
6.07996e-06
-9.3362e-10
6.07994e-06
-3.04842e-10
6.07993e-06
2.54552e-10
6.07989e-06
3.72139e-10
6.07988e-06
4.57512e-10
6.07984e-06
3.45673e-10
6.07983e-06
4.59303e-10
6.0798e-06
1.84761e-10
6.0798e-06
2.84376e-10
6.07978e-06
-5.34533e-11
6.07979e-06
8.29799e-11
6.07978e-06
-3.69656e-10
6.07981e-06
-6.31527e-10
6.07984e-06
-1.03629e-09
6.07987e-06
-6.85273e-10
6.07988e-06
-3.94013e-10
6.07988e-06
-8.2325e-11
6.07987e-06
3.01448e-10
6.07989e-06
1.82032e-09
6.07996e-06
2.88976e-09
6.07998e-06
2.10788e-09
6.07998e-06
1.37229e-09
6.07996e-06
6.99721e-10
6.07995e-06
5.36708e-10
6.07993e-06
3.43361e-10
6.07992e-06
2.88838e-10
6.07991e-06
1.19101e-10
6.07991e-06
1.09362e-10
6.0799e-06
-6.94006e-12
6.0799e-06
1.88989e-11
6.0799e-06
-4.42777e-11
6.0799e-06
-1.08019e-12
6.0799e-06
-5.50917e-11
6.0799e-06
-2.86094e-12
6.0799e-06
-5.72326e-11
6.07991e-06
2.26963e-12
6.0799e-06
-5.38206e-11
6.07991e-06
5.30729e-12
6.07991e-06
-4.61942e-11
6.07991e-06
-1.08144e-11
6.07991e-06
-4.45977e-11
6.07992e-06
-2.39589e-11
6.07992e-06
-5.75551e-11
6.07992e-06
-2.35861e-11
6.07992e-06
-6.27482e-11
6.07993e-06
-1.41565e-11
6.07992e-06
-6.08857e-11
6.07993e-06
-1.48947e-13
6.07993e-06
-5.13543e-11
6.07994e-06
1.05658e-11
6.07993e-06
-3.741e-11
6.07994e-06
1.99997e-12
6.07994e-06
-2.97315e-11
6.07994e-06
-2.1604e-12
6.07994e-06
-3.08314e-11
6.07995e-06
-1.6628e-12
6.07995e-06
-2.65422e-11
6.07995e-06
9.5416e-13
6.07995e-06
-2.11644e-11
6.07995e-06
4.84058e-12
6.07995e-06
-1.68842e-11
6.07995e-06
8.9001e-12
6.07995e-06
-1.3483e-11
6.07995e-06
1.24002e-11
6.07995e-06
-1.08393e-11
6.07995e-06
1.46153e-11
6.07995e-06
-8.55833e-12
6.07995e-06
1.51079e-11
6.07995e-06
-4.93583e-12
6.07995e-06
1.89697e-11
6.07995e-06
-5.61093e-12
6.07995e-06
1.94528e-11
6.07995e-06
-7.39914e-12
6.07995e-06
1.68755e-11
6.07995e-06
-8.88816e-12
6.07995e-06
1.27302e-11
6.07995e-06
-2.36326e-11
6.07996e-06
-2.47091e-11
6.07997e-06
-2.12916e-10
-1.6411e-09
6.16344e-06
-2.8694e-09
6.16349e-06
-1.26793e-09
6.16356e-06
2.99579e-10
6.16357e-06
1.98732e-10
6.16355e-06
-1.20912e-10
6.1635e-06
-6.0807e-10
6.16346e-06
-4.43519e-10
6.16347e-06
1.08847e-09
6.16353e-06
2.24663e-09
6.16356e-06
1.67984e-09
6.16356e-06
8.83197e-10
6.16356e-06
4.69278e-10
6.16357e-06
2.12949e-10
6.16355e-06
-4.86111e-10
6.16351e-06
-9.72445e-10
6.1635e-06
-9.93402e-10
6.16348e-06
-1.14098e-09
6.16346e-06
-1.12044e-09
6.16349e-06
-1.388e-09
6.16351e-06
-1.62426e-09
6.16352e-06
-9.38303e-10
6.1635e-06
-2.87613e-10
6.16349e-06
2.72935e-10
6.16346e-06
3.98559e-10
6.16344e-06
4.76666e-10
6.16341e-06
3.70631e-10
6.1634e-06
4.78542e-10
6.16338e-06
2.06587e-10
6.16338e-06
2.9308e-10
6.16335e-06
-4.09228e-11
6.16336e-06
8.39691e-11
6.16335e-06
-3.70691e-10
6.16339e-06
-6.59617e-10
6.16341e-06
-1.0708e-09
6.16344e-06
-7.1352e-10
6.16345e-06
-4.05965e-10
6.16345e-06
-8.43987e-11
6.16344e-06
3.15463e-10
6.16346e-06
1.79253e-09
6.16353e-06
2.82618e-09
6.16354e-06
2.09022e-09
6.16354e-06
1.3801e-09
6.16352e-06
7.12909e-10
6.16351e-06
5.47917e-10
6.16349e-06
3.58007e-10
6.16349e-06
2.98467e-10
6.16347e-06
1.28068e-10
6.16347e-06
1.13162e-10
6.16347e-06
-3.18289e-12
6.16347e-06
1.93376e-11
6.16347e-06
-4.25324e-11
6.16347e-06
-1.94872e-12
6.16346e-06
-5.40381e-11
6.16347e-06
-4.33729e-12
6.16347e-06
-5.66947e-11
6.16347e-06
2.71453e-13
6.16347e-06
-5.33969e-11
6.16347e-06
3.41176e-12
6.16347e-06
-4.65067e-11
6.16348e-06
-1.28939e-11
6.16348e-06
-4.54511e-11
6.16348e-06
-2.64383e-11
6.16348e-06
-5.85617e-11
6.16348e-06
-2.63918e-11
6.16348e-06
-6.37423e-11
6.16349e-06
-1.71002e-11
6.16348e-06
-6.16909e-11
6.16349e-06
-3.13778e-12
6.16349e-06
-5.17716e-11
6.16349e-06
8.05777e-12
6.16349e-06
-3.82693e-11
6.1635e-06
-2.9884e-13
6.1635e-06
-3.10824e-11
6.1635e-06
-4.44392e-12
6.1635e-06
-3.21524e-11
6.16351e-06
-3.77281e-12
6.1635e-06
-2.75852e-11
6.16351e-06
-9.86272e-13
6.16351e-06
-2.17285e-11
6.16351e-06
3.02259e-12
6.16351e-06
-1.69278e-11
6.16351e-06
7.3551e-12
6.16351e-06
-1.31824e-11
6.16351e-06
1.11804e-11
6.16351e-06
-1.01001e-11
6.16351e-06
1.37385e-11
6.16351e-06
-7.45899e-12
6.16351e-06
1.46455e-11
6.16351e-06
-3.75143e-12
6.16351e-06
1.86275e-11
6.16351e-06
-4.41826e-12
6.16351e-06
1.9147e-11
6.16351e-06
-6.38006e-12
6.16351e-06
1.65346e-11
6.16351e-06
-8.19229e-12
6.16351e-06
1.2088e-11
6.16351e-06
-2.32583e-11
6.16351e-06
-2.82688e-11
6.16353e-06
-2.33328e-10
-1.60744e-09
6.23703e-06
-2.80971e-09
6.23708e-06
-1.32132e-09
6.23715e-06
2.30458e-10
6.23715e-06
1.96058e-10
6.23713e-06
-1.01283e-10
6.23708e-06
-5.6031e-10
6.23704e-06
-3.96804e-10
6.23705e-06
1.0751e-09
6.23711e-06
2.18609e-09
6.23714e-06
1.6521e-09
6.23714e-06
8.78477e-10
6.23714e-06
4.68232e-10
6.23715e-06
2.04376e-10
6.23713e-06
-4.67551e-10
6.2371e-06
-9.41791e-10
6.23709e-06
-9.76313e-10
6.23707e-06
-1.11727e-09
6.23706e-06
-1.11208e-09
6.23708e-06
-1.40809e-09
6.2371e-06
-1.64912e-09
6.23711e-06
-9.43477e-10
6.23709e-06
-2.71955e-10
6.23708e-06
2.89885e-10
6.23705e-06
4.22573e-10
6.23704e-06
4.94084e-10
6.23701e-06
3.93075e-10
6.237e-06
4.96652e-10
6.23698e-06
2.26607e-10
6.23698e-06
3.01199e-10
6.23696e-06
-2.99015e-11
6.23697e-06
8.53176e-11
6.23696e-06
-3.71897e-10
6.23699e-06
-6.86586e-10
6.23702e-06
-1.10462e-09
6.23704e-06
-7.40883e-10
6.23705e-06
-4.17661e-10
6.23705e-06
-8.66416e-11
6.23704e-06
3.27449e-10
6.23706e-06
1.76688e-09
6.23712e-06
2.7682e-09
6.23713e-06
2.07398e-09
6.23713e-06
1.38808e-09
6.23711e-06
7.2524e-10
6.23711e-06
5.58375e-10
6.23709e-06
3.71451e-10
6.23708e-06
3.07274e-10
6.23707e-06
1.36297e-10
6.23707e-06
1.16739e-10
6.23707e-06
2.08653e-13
6.23707e-06
1.98461e-11
6.23706e-06
-4.08239e-11
6.23707e-06
-2.53979e-12
6.23706e-06
-5.28252e-11
6.23707e-06
-5.40246e-12
6.23706e-06
-5.58887e-11
6.23707e-06
-1.20286e-12
6.23706e-06
-5.25633e-11
6.23707e-06
2.20195e-12
6.23707e-06
-4.64799e-11
6.23707e-06
-1.42705e-11
6.23707e-06
-4.6091e-11
6.23707e-06
-2.80505e-11
6.23707e-06
-5.95323e-11
6.23708e-06
-2.84803e-11
6.23707e-06
-6.44033e-11
6.23708e-06
-1.94724e-11
6.23708e-06
-6.21724e-11
6.23708e-06
-5.57456e-12
6.23708e-06
-5.18474e-11
6.23708e-06
6.13087e-12
6.23708e-06
-3.8847e-11
6.23709e-06
-2.38679e-12
6.23709e-06
-3.19998e-11
6.23709e-06
-6.71679e-12
6.23709e-06
-3.31459e-11
6.23709e-06
-5.87628e-12
6.23709e-06
-2.85805e-11
6.2371e-06
-2.73822e-12
6.2371e-06
-2.26972e-11
6.2371e-06
1.71261e-12
6.2371e-06
-1.77357e-11
6.2371e-06
6.39748e-12
6.2371e-06
-1.36537e-11
6.2371e-06
1.05697e-11
6.2371e-06
-1.02622e-11
6.2371e-06
1.35457e-11
6.2371e-06
-7.27037e-12
6.2371e-06
1.47875e-11
6.2371e-06
-3.29671e-12
6.2371e-06
1.87062e-11
6.2371e-06
-3.78664e-12
6.2371e-06
1.91157e-11
6.2371e-06
-5.76255e-12
6.2371e-06
1.63049e-11
6.2371e-06
-7.76933e-12
6.2371e-06
1.15381e-11
6.2371e-06
-2.31386e-11
6.2371e-06
-3.18155e-11
6.23712e-06
-2.50587e-10
-1.57583e-09
6.30201e-06
-2.759e-09
6.30205e-06
-1.36826e-09
6.30211e-06
1.6779e-10
6.30212e-06
1.94363e-10
6.3021e-06
-8.17906e-11
6.30205e-06
-5.14839e-10
6.30201e-06
-3.54118e-10
6.30202e-06
1.064e-09
6.30208e-06
2.13002e-09
6.3021e-06
1.62585e-09
6.30211e-06
8.73245e-10
6.30211e-06
4.65578e-10
6.30212e-06
1.95656e-10
6.3021e-06
-4.52252e-10
6.30208e-06
-9.14461e-10
6.30206e-06
-9.60025e-10
6.30204e-06
-1.09586e-09
6.30203e-06
-1.10342e-09
6.30205e-06
-1.42842e-09
6.30208e-06
-1.67276e-09
6.30209e-06
-9.49492e-10
6.30207e-06
-2.56816e-10
6.30206e-06
3.04312e-10
6.30203e-06
4.45256e-10
6.30202e-06
5.08171e-10
6.302e-06
4.14212e-10
6.30199e-06
5.11235e-10
6.30197e-06
2.46607e-10
6.30197e-06
3.06764e-10
6.30195e-06
-1.73046e-11
6.30195e-06
8.47193e-11
6.30194e-06
-3.70973e-10
6.30198e-06
-7.13774e-10
6.302e-06
-1.13606e-09
6.30203e-06
-7.67323e-10
6.30204e-06
-4.28013e-10
6.30204e-06
-8.86238e-11
6.30203e-06
3.37863e-10
6.30205e-06
1.74352e-09
6.3021e-06
2.71535e-09
6.30211e-06
2.06038e-09
6.30211e-06
1.39488e-09
6.30209e-06
7.37718e-10
6.30209e-06
5.67558e-10
6.30207e-06
3.84597e-10
6.30206e-06
3.14905e-10
6.30205e-06
1.44374e-10
6.30205e-06
1.19334e-10
6.30205e-06
3.79774e-12
6.30205e-06
1.99344e-11
6.30205e-06
-3.86431e-11
6.30205e-06
-3.28763e-12
6.30204e-06
-5.0981e-11
6.30205e-06
-6.52987e-12
6.30204e-06
-5.43442e-11
6.30205e-06
-2.7552e-12
6.30204e-06
-5.105e-11
6.30205e-06
8.32375e-13
6.30205e-06
-4.57248e-11
6.30205e-06
-1.55832e-11
6.30205e-06
-4.58044e-11
6.30205e-06
-2.95548e-11
6.30205e-06
-5.92322e-11
6.30205e-06
-3.03242e-11
6.30205e-06
-6.40662e-11
6.30205e-06
-2.16161e-11
6.30205e-06
-6.17242e-11
6.30205e-06
-8.00171e-12
6.30205e-06
-5.1227e-11
6.30206e-06
3.94838e-12
6.30206e-06
-3.89841e-11
6.30206e-06
-4.42381e-12
6.30206e-06
-3.28075e-11
6.30206e-06
-8.80151e-12
6.30206e-06
-3.40313e-11
6.30207e-06
-7.89832e-12
6.30207e-06
-2.93145e-11
6.30207e-06
-4.67741e-12
6.30207e-06
-2.30671e-11
6.30207e-06
-1.71895e-13
6.30207e-06
-1.76591e-11
6.30207e-06
4.72962e-12
6.30207e-06
-1.32856e-11
6.30207e-06
9.18387e-12
6.30207e-06
-9.4886e-12
6.30207e-06
1.24843e-11
6.30207e-06
-6.15474e-12
6.30207e-06
1.41273e-11
6.30207e-06
-2.13408e-12
6.30207e-06
1.81106e-11
6.30207e-06
-2.63402e-12
6.30207e-06
1.85177e-11
6.30207e-06
-4.79377e-12
6.30207e-06
1.56626e-11
6.30207e-06
-7.12516e-12
6.30207e-06
1.0615e-11
6.30207e-06
-2.27648e-11
6.30208e-06
-3.5458e-11
6.30209e-06
-2.66191e-10
-1.54535e-09
6.3594e-06
-2.70808e-09
6.35944e-06
-1.41342e-09
6.3595e-06
1.10425e-10
6.3595e-06
1.9388e-10
6.35948e-06
-6.18e-11
6.35943e-06
-4.70491e-10
6.3594e-06
-3.12727e-10
6.3594e-06
1.05321e-09
6.35946e-06
2.07786e-09
6.35948e-06
1.60001e-09
6.35949e-06
8.6695e-10
6.35949e-06
4.61827e-10
6.3595e-06
1.86329e-10
6.35949e-06
-4.38671e-10
6.35946e-06
-8.89177e-10
6.35945e-06
-9.44527e-10
6.35943e-06
-1.0749e-09
6.35942e-06
-1.09544e-09
6.35944e-06
-1.4475e-09
6.35946e-06
-1.69677e-09
6.35947e-06
-9.55641e-10
6.35946e-06
-2.42953e-10
6.35945e-06
3.18288e-10
6.35942e-06
4.66006e-10
6.35941e-06
5.21485e-10
6.35939e-06
4.32906e-10
6.35938e-06
5.25367e-10
6.35936e-06
2.64338e-10
6.35936e-06
3.12206e-10
6.35935e-06
-7.16025e-12
6.35935e-06
8.46811e-11
6.35935e-06
-3.71235e-10
6.35938e-06
-7.40151e-10
6.3594e-06
-1.16812e-09
6.35943e-06
-7.93417e-10
6.35943e-06
-4.38664e-10
6.35944e-06
-9.10182e-11
6.35943e-06
3.46411e-10
6.35945e-06
1.72133e-09
6.3595e-06
2.66648e-09
6.3595e-06
2.04726e-09
6.3595e-06
1.40226e-09
6.35949e-06
7.49571e-10
6.35948e-06
5.76774e-10
6.35947e-06
3.96965e-10
6.35946e-06
3.22346e-10
6.35945e-06
1.51813e-10
6.35945e-06
1.22038e-10
6.35945e-06
6.90689e-12
6.35945e-06
2.02158e-11
6.35944e-06
-3.67187e-11
6.35945e-06
-3.67861e-12
6.35944e-06
-4.92178e-11
6.35944e-06
-7.1399e-12
6.35944e-06
-5.27563e-11
6.35944e-06
-3.64548e-12
6.35944e-06
-4.93061e-11
6.35944e-06
3.32578e-13
6.35944e-06
-4.4707e-11
6.35944e-06
-1.60568e-11
6.35944e-06
-4.53268e-11
6.35944e-06
-3.01008e-11
6.35944e-06
-5.89742e-11
6.35944e-06
-3.13394e-11
6.35944e-06
-6.35019e-11
6.35944e-06
-2.30031e-11
6.35944e-06
-6.10725e-11
6.35944e-06
-9.66403e-12
6.35944e-06
-5.0373e-11
6.35945e-06
2.584e-12
6.35944e-06
-3.88895e-11
6.35945e-06
-6.06874e-12
6.35945e-06
-3.32099e-11
6.35945e-06
-1.07248e-11
6.35945e-06
-3.4618e-11
6.35945e-06
-9.77129e-12
6.35945e-06
-3.00191e-11
6.35945e-06
-6.30842e-12
6.35945e-06
-2.38459e-11
6.35946e-06
-1.46417e-12
6.35946e-06
-1.83663e-11
6.35946e-06
3.70207e-12
6.35946e-06
-1.37137e-11
6.35946e-06
8.45092e-12
6.35946e-06
-9.64804e-12
6.35946e-06
1.21317e-11
6.35946e-06
-6.00136e-12
6.35946e-06
1.40841e-11
6.35946e-06
-1.76611e-12
6.35946e-06
1.79603e-11
6.35946e-06
-2.11457e-12
6.35946e-06
1.82355e-11
6.35946e-06
-4.30183e-12
6.35946e-06
1.51915e-11
6.35946e-06
-6.81404e-12
6.35946e-06
9.86108e-12
6.35946e-06
-2.27195e-11
6.35946e-06
-3.89807e-11
6.35947e-06
-2.79424e-10
-1.51651e-09
6.41001e-06
-2.66528e-09
6.41004e-06
-1.4539e-09
6.41009e-06
5.78647e-11
6.41009e-06
1.94188e-10
6.41008e-06
-4.18865e-11
6.41003e-06
-4.27818e-10
6.41e-06
-2.74413e-10
6.41e-06
1.04456e-09
6.41005e-06
2.02951e-09
6.41008e-06
1.57577e-09
6.41008e-06
8.60678e-10
6.41009e-06
4.57195e-10
6.41009e-06
1.77237e-10
6.41008e-06
-4.27549e-10
6.41006e-06
-8.66633e-10
6.41005e-06
-9.2992e-10
6.41003e-06
-1.0561e-09
6.41002e-06
-1.08726e-09
6.41004e-06
-1.46707e-09
6.41007e-06
-1.72008e-09
6.41008e-06
-9.62468e-10
6.41006e-06
-2.29256e-10
6.41005e-06
3.30384e-10
6.41003e-06
4.85958e-10
6.41002e-06
5.32159e-10
6.41e-06
4.50569e-10
6.40999e-06
5.36404e-10
6.40997e-06
2.81901e-10
6.40998e-06
3.15263e-10
6.40996e-06
4.14557e-12
6.40997e-06
8.26482e-11
6.40996e-06
-3.69929e-10
6.40999e-06
-7.67148e-10
6.41002e-06
-1.19867e-09
6.41004e-06
-8.19041e-10
6.41005e-06
-4.48338e-10
6.41005e-06
-9.3335e-11
6.41004e-06
3.5353e-10
6.41006e-06
1.70075e-09
6.41011e-06
2.62141e-09
6.41012e-06
2.03608e-09
6.41011e-06
1.40854e-09
6.4101e-06
7.61696e-10
6.41009e-06
5.85173e-10
6.41008e-06
4.09413e-10
6.41007e-06
3.2907e-10
6.41006e-06
1.593e-10
6.41006e-06
1.23974e-10
6.41006e-06
1.02255e-11
6.41006e-06
2.01352e-11
6.41005e-06
-3.44042e-11
6.41006e-06
-4.22267e-12
6.41005e-06
-4.69328e-11
6.41005e-06
-7.80982e-12
6.41005e-06
-5.0532e-11
6.41005e-06
-4.58439e-12
6.41005e-06
-4.69628e-11
6.41005e-06
-2.80337e-13
6.41005e-06
-4.29974e-11
6.41005e-06
-1.64132e-11
6.41005e-06
-4.3953e-11
6.41005e-06
-3.04799e-11
6.41005e-06
-5.74622e-11
6.41005e-06
-3.20298e-11
6.41005e-06
-6.1962e-11
6.41005e-06
-2.40813e-11
6.41005e-06
-5.95165e-11
6.41005e-06
-1.12204e-11
6.41005e-06
-4.88464e-11
6.41005e-06
1.06033e-12
6.41005e-06
-3.83355e-11
6.41005e-06
-7.58122e-12
6.41005e-06
-3.34777e-11
6.41005e-06
-1.23995e-11
6.41005e-06
-3.50809e-11
6.41005e-06
-1.15061e-11
6.41005e-06
-3.04624e-11
6.41006e-06
-8.06697e-12
6.41006e-06
-2.40488e-11
6.41006e-06
-3.26011e-12
6.41006e-06
-1.82165e-11
6.41006e-06
2.04356e-12
6.41006e-06
-1.33438e-11
6.41006e-06
7.0125e-12
6.41006e-06
-8.92508e-12
6.41006e-06
1.0976e-11
6.41006e-06
-4.97604e-12
6.41006e-06
1.32959e-11
6.41006e-06
-7.41787e-13
6.41006e-06
1.71841e-11
6.41006e-06
-1.11977e-12
6.41006e-06
1.74335e-11
6.41006e-06
-3.48807e-12
6.41006e-06
1.43556e-11
6.41006e-06
-6.30541e-12
6.41006e-06
8.78206e-12
6.41006e-06
-2.24311e-11
6.41007e-06
-4.25317e-11
6.41008e-06
-2.91372e-10
-1.48854e-09
6.45446e-06
-2.62194e-09
6.4545e-06
-1.49404e-09
6.45454e-06
9.22246e-12
6.45454e-06
1.95571e-10
6.45452e-06
-2.14934e-11
6.45448e-06
-3.85815e-10
6.45445e-06
-2.36678e-10
6.45445e-06
1.03606e-09
6.4545e-06
1.98444e-09
6.45452e-06
1.55197e-09
6.45453e-06
8.53725e-10
6.45453e-06
4.52028e-10
6.45454e-06
1.67845e-10
6.45453e-06
-4.17423e-10
6.45451e-06
-8.45563e-10
6.4545e-06
-9.16074e-10
6.45448e-06
-1.03757e-09
6.45447e-06
-1.07983e-09
6.45449e-06
-1.48559e-09
6.45452e-06
-1.74419e-09
6.45453e-06
-9.69241e-10
6.45451e-06
-2.16603e-10
6.4545e-06
3.4259e-10
6.45448e-06
5.04385e-10
6.45447e-06
5.42702e-10
6.45446e-06
4.66048e-10
6.45445e-06
5.47481e-10
6.45443e-06
2.97153e-10
6.45444e-06
3.18477e-10
6.45442e-06
1.25924e-11
6.45443e-06
8.12397e-11
6.45442e-06
-3.7031e-10
6.45445e-06
-7.93617e-10
6.45448e-06
-1.23065e-09
6.4545e-06
-8.44714e-10
6.45451e-06
-4.5865e-10
6.45451e-06
-9.62282e-11
6.45451e-06
3.58895e-10
6.45452e-06
1.68077e-09
6.45457e-06
2.57926e-09
6.45458e-06
2.02478e-09
6.45457e-06
1.41547e-09
6.45456e-06
7.73191e-10
6.45455e-06
5.93913e-10
6.45454e-06
4.21318e-10
6.45453e-06
3.35979e-10
6.45452e-06
1.66299e-10
6.45452e-06
1.26256e-10
6.45452e-06
1.30744e-11
6.45452e-06
2.03339e-11
6.45452e-06
-3.24316e-11
6.45452e-06
-4.37837e-12
6.45451e-06
-4.48465e-11
6.45452e-06
-7.93067e-12
6.45451e-06
-4.83817e-11
6.45451e-06
-4.82093e-12
6.45451e-06
-4.44808e-11
6.45451e-06
4.62624e-14
6.45451e-06
-4.10676e-11
6.45451e-06
-1.58825e-11
6.45451e-06
-4.23999e-11
6.45451e-06
-2.98774e-11
6.4545e-06
-5.60387e-11
6.45451e-06
-3.1862e-11
6.4545e-06
-6.02512e-11
6.4545e-06
-2.43307e-11
6.4545e-06
-5.78171e-11
6.4545e-06
-1.19273e-11
6.4545e-06
-4.71336e-11
6.4545e-06
4.62242e-13
6.4545e-06
-3.757e-11
6.4545e-06
-8.61343e-12
6.4545e-06
-3.33466e-11
6.4545e-06
-1.38339e-11
6.4545e-06
-3.52492e-11
6.45451e-06
-1.30171e-11
6.45451e-06
-3.08721e-11
6.45451e-06
-9.45815e-12
6.45451e-06
-2.46462e-11
6.45451e-06
-4.42912e-12
6.45451e-06
-1.88469e-11
6.45451e-06
1.03809e-12
6.45451e-06
-1.37691e-11
6.45451e-06
6.23378e-12
6.45451e-06
-9.13932e-12
6.45451e-06
1.05224e-11
6.45451e-06
-4.93077e-12
6.45451e-06
1.31115e-11
6.45451e-06
-5.36342e-13
6.45451e-06
1.68525e-11
6.45451e-06
-7.82079e-13
6.45451e-06
1.69632e-11
6.45451e-06
-3.17345e-12
6.45451e-06
1.37235e-11
6.45451e-06
-6.13948e-12
6.45451e-06
7.91693e-12
6.45451e-06
-2.24886e-11
6.45452e-06
-4.59021e-11
6.45453e-06
-3.01417e-10
-1.46186e-09
6.49327e-06
-2.58607e-09
6.49331e-06
-1.5307e-09
6.49335e-06
-3.57856e-11
6.49335e-06
1.97544e-10
6.49333e-06
-1.24053e-12
6.49329e-06
-3.4517e-10
6.49326e-06
-2.01481e-10
6.49326e-06
1.0295e-09
6.4933e-06
1.94262e-09
6.49333e-06
1.52976e-09
6.49333e-06
8.47081e-10
6.49334e-06
4.46407e-10
6.49335e-06
1.58932e-10
6.49334e-06
-4.09143e-10
6.49332e-06
-8.26694e-10
6.49331e-06
-9.03033e-10
6.49329e-06
-1.02101e-09
6.49328e-06
-1.07223e-09
6.49331e-06
-1.50478e-09
6.49333e-06
-1.76797e-09
6.49334e-06
-9.76586e-10
6.49332e-06
-2.03872e-10
6.49332e-06
3.53324e-10
6.4933e-06
5.22401e-10
6.49329e-06
5.51117e-10
6.49327e-06
4.80789e-10
6.49327e-06
5.5586e-10
6.49325e-06
3.12278e-10
6.49325e-06
3.19504e-10
6.49324e-06
2.20198e-11
6.49325e-06
7.78617e-11
6.49324e-06
-3.69424e-10
6.49327e-06
-8.20967e-10
6.4933e-06
-1.26169e-09
6.49332e-06
-8.70217e-10
6.49333e-06
-4.6821e-10
6.49333e-06
-9.91565e-11
6.49333e-06
3.62944e-10
6.49335e-06
1.66199e-09
6.49339e-06
2.54005e-09
6.4934e-06
2.01495e-09
6.49339e-06
1.42131e-09
6.49338e-06
7.84912e-10
6.49337e-06
6.02002e-10
6.49336e-06
4.33478e-10
6.49335e-06
3.42443e-10
6.49334e-06
1.73501e-10
6.49334e-06
1.27936e-10
6.49334e-06
1.61758e-11
6.49334e-06
2.02287e-11
6.49334e-06
-3.01008e-11
6.49334e-06
-4.68265e-12
6.49333e-06
-4.2303e-11
6.49334e-06
-8.12214e-12
6.49333e-06
-4.56634e-11
6.49333e-06
-5.10935e-12
6.49333e-06
-4.14597e-11
6.49333e-06
2.66617e-13
6.49333e-06
-3.84936e-11
6.49333e-06
-1.5225e-11
6.49333e-06
-3.99974e-11
6.49332e-06
-2.90971e-11
6.49332e-06
-5.33878e-11
6.49332e-06
-3.1338e-11
6.49332e-06
-5.76002e-11
6.49332e-06
-2.42476e-11
6.49331e-06
-5.52467e-11
6.49332e-06
-1.24956e-11
6.49331e-06
-4.47761e-11
6.49331e-06
-2.55671e-13
6.49331e-06
-3.63461e-11
6.49332e-06
-9.47247e-12
6.49331e-06
-3.30759e-11
6.49332e-06
-1.49893e-11
6.49332e-06
-3.5294e-11
6.49332e-06
-1.43615e-11
6.49332e-06
-3.10315e-11
6.49332e-06
-1.09462e-11
6.49332e-06
-2.46916e-11
6.49332e-06
-6.06211e-12
6.49332e-06
-1.86357e-11
6.49332e-06
-5.44969e-13
6.49332e-06
-1.34225e-11
6.49332e-06
4.79518e-12
6.49332e-06
-8.50364e-12
6.49332e-06
9.30997e-12
6.49332e-06
-4.042e-12
6.49332e-06
1.22256e-11
6.49332e-06
3.00685e-13
6.49332e-06
1.59359e-11
6.49332e-06
1.29825e-14
6.49332e-06
1.60161e-11
6.49332e-06
-2.54066e-12
6.49332e-06
1.27728e-11
6.49332e-06
-5.78076e-12
6.49333e-06
6.76829e-12
6.49332e-06
-2.22938e-11
6.49333e-06
-4.92454e-11
6.49334e-06
-3.10397e-10
-1.43576e-09
6.52686e-06
-2.54936e-09
6.5269e-06
-1.56801e-09
6.52694e-06
-7.78129e-11
6.52694e-06
2.00471e-10
6.52692e-06
1.94122e-11
6.52688e-06
-3.04952e-10
6.52684e-06
-1.66482e-10
6.52685e-06
1.02293e-09
6.52689e-06
1.90356e-09
6.52691e-06
1.50795e-09
6.52692e-06
8.39951e-10
6.52692e-06
4.40565e-10
6.52693e-06
1.49904e-10
6.52692e-06
-4.01342e-10
6.52691e-06
-8.08812e-10
6.52689e-06
-8.90602e-10
6.52688e-06
-1.00452e-09
6.52687e-06
-1.06534e-09
6.52689e-06
-1.52308e-09
6.52692e-06
-1.79283e-09
6.52693e-06
-9.83755e-10
6.52691e-06
-1.91992e-10
6.5269e-06
3.64511e-10
6.52688e-06
5.39209e-10
6.52688e-06
5.5984e-10
6.52686e-06
4.93637e-10
6.52686e-06
5.6467e-10
6.52685e-06
3.25209e-10
6.52685e-06
3.20926e-10
6.52684e-06
2.84586e-11
6.52684e-06
7.51623e-11
6.52684e-06
-3.7045e-10
6.52687e-06
-8.47974e-10
6.5269e-06
-1.29465e-09
6.52692e-06
-8.9602e-10
6.52693e-06
-4.78605e-10
6.52693e-06
-1.02757e-10
6.52693e-06
3.65344e-10
6.52695e-06
1.64349e-09
6.52698e-06
2.50306e-09
6.52699e-06
2.00463e-09
6.52699e-06
1.42779e-09
6.52698e-06
7.9594e-10
6.52697e-06
6.1052e-10
6.52696e-06
4.45186e-10
6.52695e-06
3.49293e-10
6.52694e-06
1.80322e-10
6.52694e-06
1.30116e-10
6.52694e-06
1.88464e-11
6.52694e-06
2.04624e-11
6.52693e-06
-2.81463e-11
6.52694e-06
-4.58893e-12
6.52693e-06
-4.00268e-11
6.52693e-06
-7.76585e-12
6.52693e-06
-4.30979e-11
6.52693e-06
-4.69444e-12
6.52693e-06
-3.83698e-11
6.52693e-06
1.43918e-12
6.52692e-06
-3.57386e-11
6.52692e-06
-1.36853e-11
6.52692e-06
-3.74423e-11
6.52692e-06
-2.73575e-11
6.52691e-06
-5.0884e-11
6.52691e-06
-2.9984e-11
6.52691e-06
-5.48348e-11
6.52691e-06
-2.33324e-11
6.52691e-06
-5.25906e-11
6.52691e-06
-1.21965e-11
6.5269e-06
-4.22772e-11
6.5269e-06
-1.17644e-14
6.5269e-06
-3.49333e-11
6.5269e-06
-9.82058e-12
6.5269e-06
-3.24138e-11
6.5269e-06
-1.58734e-11
6.5269e-06
-3.50441e-11
6.52691e-06
-1.54488e-11
6.5269e-06
-3.11491e-11
6.52691e-06
-1.20397e-11
6.52691e-06
-2.51156e-11
6.52691e-06
-7.05341e-12
6.52691e-06
-1.92026e-11
6.52691e-06
-1.47812e-12
6.52691e-06
-1.38664e-11
6.52691e-06
4.01261e-12
6.52691e-06
-8.80401e-12
6.52691e-06
8.78781e-12
6.52691e-06
-4.14295e-12
6.52691e-06
1.19269e-11
6.52691e-06
3.09174e-13
6.52691e-06
1.54593e-11
6.52691e-06
1.47973e-13
6.52691e-06
1.54113e-11
6.52691e-06
-2.40623e-12
6.52691e-06
1.20477e-11
6.52691e-06
-5.75085e-12
6.52691e-06
5.8651e-12
6.52691e-06
-2.24408e-11
6.52692e-06
-5.23711e-11
6.52692e-06
-3.17798e-10
-1.4107e-09
6.55557e-06
-2.51959e-09
6.55561e-06
-1.60271e-09
6.55565e-06
-1.17042e-10
6.55564e-06
2.03858e-10
6.55562e-06
3.98471e-11
6.55558e-06
-2.65904e-10
6.55555e-06
-1.33681e-10
6.55556e-06
1.01808e-09
6.55559e-06
1.86727e-09
6.55561e-06
1.48764e-09
6.55562e-06
8.33253e-10
6.55562e-06
4.34508e-10
6.55563e-06
1.41468e-10
6.55563e-06
-3.94934e-10
6.55561e-06
-7.92674e-10
6.5556e-06
-8.78812e-10
6.55558e-06
-9.89758e-10
6.55558e-06
-1.05826e-09
6.5556e-06
-1.54216e-09
6.55562e-06
-1.81765e-09
6.55563e-06
-9.91401e-10
6.55562e-06
-1.79833e-10
6.55561e-06
3.7451e-10
6.55559e-06
5.55873e-10
6.55559e-06
5.6684e-10
6.55557e-06
5.05993e-10
6.55557e-06
5.7117e-10
6.55556e-06
3.38083e-10
6.55556e-06
3.20425e-10
6.55555e-06
3.58345e-11
6.55556e-06
7.05784e-11
6.55555e-06
-3.70382e-10
6.55558e-06
-8.75964e-10
6.55561e-06
-1.32707e-09
6.55564e-06
-9.21808e-10
6.55565e-06
-4.88374e-10
6.55565e-06
-1.06448e-10
6.55565e-06
3.66541e-10
6.55566e-06
1.62595e-09
6.5557e-06
2.46846e-09
6.55571e-06
1.99547e-09
6.5557e-06
1.43318e-09
6.55569e-06
8.0712e-10
6.55568e-06
6.1844e-10
6.55567e-06
4.57185e-10
6.55566e-06
3.55851e-10
6.55566e-06
1.87414e-10
6.55566e-06
1.31802e-10
6.55565e-06
2.1802e-11
6.55565e-06
2.04437e-11
6.55565e-06
-2.58625e-11
6.55565e-06
-4.63748e-12
6.55565e-06
-3.73538e-11
6.55565e-06
-7.49279e-12
6.55564e-06
-4.00376e-11
6.55564e-06
-4.3383e-12
6.55564e-06
-3.48171e-11
6.55564e-06
2.48494e-12
6.55564e-06
-3.23993e-11
6.55564e-06
-1.20393e-11
6.55563e-06
-3.41118e-11
6.55563e-06
-2.54679e-11
6.55563e-06
-4.72149e-11
6.55562e-06
-2.82863e-11
6.55562e-06
-5.11998e-11
6.55562e-06
-2.21e-11
6.55561e-06
-4.91316e-11
6.55561e-06
-1.17556e-11
6.55561e-06
-3.91941e-11
6.55561e-06
1.14757e-13
6.55561e-06
-3.30825e-11
6.55561e-06
-9.9817e-12
6.55561e-06
-3.16298e-11
6.55561e-06
-1.64682e-11
6.55561e-06
-3.46875e-11
6.55561e-06
-1.63574e-11
6.55561e-06
-3.10373e-11
6.55561e-06
-1.32132e-11
6.55561e-06
-2.50153e-11
6.55561e-06
-8.48226e-12
6.55561e-06
-1.89464e-11
6.55561e-06
-2.94965e-12
6.55561e-06
-1.3562e-11
6.55562e-06
2.60575e-12
6.55562e-06
-8.28095e-12
6.55562e-06
7.54296e-12
6.55562e-06
-3.422e-12
6.55562e-06
1.09647e-11
6.55562e-06
9.32791e-13
6.55562e-06
1.44375e-11
6.55562e-06
7.32441e-13
6.55562e-06
1.43731e-11
6.55562e-06
-1.9499e-12
6.55562e-06
1.105e-11
6.55562e-06
-5.52612e-12
6.55562e-06
4.7192e-12
6.55562e-06
-2.23248e-11
6.55562e-06
-5.54226e-11
6.55563e-06
-3.24302e-10
-1.38595e-09
6.57968e-06
-2.48869e-09
6.57972e-06
-1.63873e-09
6.57975e-06
-1.53942e-10
6.57975e-06
2.08118e-10
6.57973e-06
6.06194e-11
6.57969e-06
-2.27123e-10
6.57966e-06
-1.00872e-10
6.57966e-06
1.01305e-09
6.5797e-06
1.83326e-09
6.57972e-06
1.46763e-09
6.57972e-06
8.26151e-10
6.57973e-06
4.28383e-10
6.57974e-06
1.33014e-10
6.57973e-06
-3.88654e-10
6.57972e-06
-7.77128e-10
6.57971e-06
-8.67438e-10
6.57969e-06
-9.74864e-10
6.57968e-06
-1.05175e-09
6.57971e-06
-1.56047e-09
6.57973e-06
-1.84374e-09
6.57974e-06
-9.98792e-10
6.57973e-06
-1.68335e-10
6.57972e-06
3.8519e-10
6.5797e-06
5.71611e-10
6.5797e-06
5.74434e-10
6.57968e-06
5.16762e-10
6.57968e-06
5.7838e-10
6.57967e-06
3.49001e-10
6.57967e-06
3.20486e-10
6.57967e-06
4.02744e-11
6.57967e-06
6.67403e-11
6.57967e-06
-3.72221e-10
6.5797e-06
-9.03752e-10
6.57973e-06
-1.3617e-09
6.57975e-06
-9.4806e-10
6.57976e-06
-4.99054e-10
6.57977e-06
-1.10835e-10
6.57977e-06
3.66196e-10
6.57978e-06
1.60851e-09
6.57981e-06
2.43563e-09
6.57982e-06
1.98562e-09
6.57982e-06
1.43918e-09
6.57981e-06
8.17559e-10
6.5798e-06
6.2677e-10
6.57979e-06
4.6876e-10
6.57978e-06
3.62857e-10
6.57977e-06
1.94189e-10
6.57977e-06
1.34058e-10
6.57977e-06
2.43544e-11
6.57977e-06
2.0775e-11
6.57977e-06
-2.39678e-11
6.57977e-06
-4.31287e-12
6.57976e-06
-3.49875e-11
6.57976e-06
-6.71114e-12
6.57976e-06
-3.71821e-11
6.57976e-06
-3.32801e-12
6.57976e-06
-3.12491e-11
6.57975e-06
4.44246e-12
6.57975e-06
-2.89343e-11
6.57975e-06
-9.56992e-12
6.57975e-06
-3.068e-11
6.57974e-06
-2.26894e-11
6.57974e-06
-4.37669e-11
6.57974e-06
-2.58403e-11
6.57973e-06
-4.75167e-11
6.57973e-06
-2.0096e-11
6.57973e-06
-4.56461e-11
6.57972e-06
-1.04981e-11
6.57972e-06
-3.60124e-11
6.57972e-06
1.18187e-12
6.57972e-06
-3.10767e-11
6.57972e-06
-9.64982e-12
6.57972e-06
-3.04684e-11
6.57972e-06
-1.67976e-11
6.57972e-06
-3.40389e-11
6.57972e-06
-1.70081e-11
6.57972e-06
-3.08768e-11
6.57972e-06
-1.39909e-11
6.57972e-06
-2.52776e-11
6.57972e-06
-9.27212e-12
6.57972e-06
-1.94596e-11
6.57972e-06
-3.78407e-12
6.57972e-06
-1.40343e-11
6.57972e-06
1.8443e-12
6.57972e-06
-8.68117e-12
6.57972e-06
6.97375e-12
6.57972e-06
-3.68386e-12
6.57972e-06
1.05728e-11
6.57972e-06
7.36459e-13
6.57973e-06
1.38501e-11
6.57973e-06
6.73221e-13
6.57973e-06
1.36832e-11
6.57973e-06
-1.97219e-12
6.57973e-06
1.02909e-11
6.57973e-06
-5.6025e-12
6.57973e-06
3.83755e-12
6.57973e-06
-2.2531e-11
6.57973e-06
-5.82383e-11
6.57974e-06
-3.29445e-10
-1.36202e-09
6.59943e-06
-2.46421e-09
6.59946e-06
-1.6728e-09
6.5995e-06
-1.88666e-10
6.59949e-06
2.12782e-10
6.59947e-06
8.11364e-11
6.59943e-06
-1.89366e-10
6.5994e-06
-7.00141e-11
6.59941e-06
1.00951e-09
6.59944e-06
1.80158e-09
6.59946e-06
1.44896e-09
6.59946e-06
8.195e-10
6.59947e-06
4.22159e-10
6.59948e-06
1.25179e-10
6.59947e-06
-3.83438e-10
6.59946e-06
-7.62945e-10
6.59945e-06
-8.56527e-10
6.59943e-06
-9.61416e-10
6.59943e-06
-1.04494e-09
6.59945e-06
-1.57956e-09
6.59947e-06
-1.87004e-09
6.59948e-06
-1.00656e-09
6.59947e-06
-1.56404e-10
6.59946e-06
3.94945e-10
6.59945e-06
5.87416e-10
6.59944e-06
5.80632e-10
6.59943e-06
5.27253e-10
6.59943e-06
5.83628e-10
6.59942e-06
3.59979e-10
6.59942e-06
3.18902e-10
6.59941e-06
4.56202e-11
6.59942e-06
6.12295e-11
6.59942e-06
-3.73012e-10
6.59945e-06
-9.32545e-10
6.59948e-06
-1.39608e-09
6.5995e-06
-9.74378e-10
6.59951e-06
-5.09154e-10
6.59952e-06
-1.15301e-10
6.59952e-06
3.6477e-10
6.59953e-06
1.59192e-09
6.59956e-06
2.40481e-09
6.59957e-06
1.97671e-09
6.59957e-06
1.44412e-09
6.59956e-06
8.28063e-10
6.59955e-06
6.34508e-10
6.59954e-06
4.80604e-10
6.59953e-06
3.69631e-10
6.59952e-06
2.01244e-10
6.59952e-06
1.35888e-10
6.59952e-06
2.71703e-11
6.59952e-06
2.08733e-11
6.59952e-06
-2.17821e-11
6.59952e-06
-4.14023e-12
6.59951e-06
-3.2286e-11
6.59951e-06
-6.0398e-12
6.59951e-06
-3.3907e-11
6.59951e-06
-2.40988e-12
6.59951e-06
-2.73028e-11
6.5995e-06
6.23932e-12
6.5995e-06
-2.49874e-11
6.5995e-06
-7.05184e-12
6.59949e-06
-2.65804e-11
6.59949e-06
-1.98341e-11
6.59949e-06
-3.92526e-11
6.59948e-06
-2.31061e-11
6.59948e-06
-4.30677e-11
6.59948e-06
-1.78319e-11
6.59947e-06
-4.14521e-11
6.59947e-06
-9.13794e-12
6.59947e-06
-3.23257e-11
6.59947e-06
2.11885e-12
6.59946e-06
-2.86908e-11
6.59946e-06
-9.13848e-12
6.59946e-06
-2.9218e-11
6.59946e-06
-1.68413e-11
6.59946e-06
-3.33108e-11
6.59946e-06
-1.74803e-11
6.59946e-06
-3.05157e-11
6.59946e-06
-1.48447e-11
6.59946e-06
-2.50488e-11
6.59946e-06
-1.04888e-11
6.59946e-06
-1.91716e-11
6.59946e-06
-5.12883e-12
6.59946e-06
-1.37824e-11
6.59947e-06
4.83481e-13
6.59947e-06
-8.2828e-12
6.59947e-06
5.70845e-12
6.59947e-06
-3.14124e-12
6.59947e-06
9.55e-12
6.59947e-06
1.14318e-12
6.59947e-06
1.27555e-11
6.59947e-06
1.0608e-12
6.59947e-06
1.26008e-11
6.59947e-06
-1.66509e-12
6.59947e-06
9.30278e-12
6.59947e-06
-5.48122e-12
6.59947e-06
2.74895e-12
6.59947e-06
-2.24642e-11
6.59947e-06
-6.0939e-11
6.59948e-06
-3.33801e-10
-1.33809e-09
6.615e-06
-2.4384e-09
6.61503e-06
-1.70867e-09
6.61506e-06
-2.21511e-10
6.61506e-06
2.18296e-10
6.61504e-06
1.0196e-10
6.615e-06
-1.51746e-10
6.61497e-06
-3.90419e-11
6.61497e-06
1.00567e-09
6.615e-06
1.77174e-09
6.61502e-06
1.43044e-09
6.61503e-06
8.12462e-10
6.61503e-06
4.15924e-10
6.61504e-06
1.17367e-10
6.61504e-06
-3.7811e-10
6.61502e-06
-7.49048e-10
6.61501e-06
-8.45824e-10
6.615e-06
-9.47651e-10
6.61499e-06
-1.03848e-09
6.61501e-06
-1.59794e-09
6.61504e-06
-1.89771e-09
6.61505e-06
-1.014e-09
6.61504e-06
-1.44881e-10
6.61503e-06
4.05498e-10
6.61501e-06
6.02549e-10
6.61501e-06
5.8761e-10
6.615e-06
5.36456e-10
6.61499e-06
5.89783e-10
6.61499e-06
3.6927e-10
6.61499e-06
3.18015e-10
6.61498e-06
4.82846e-11
6.61499e-06
5.64508e-11
6.61499e-06
-3.75561e-10
6.61502e-06
-9.6122e-10
6.61505e-06
-1.43282e-09
6.61508e-06
-1.00124e-09
6.61509e-06
-5.20133e-10
6.61509e-06
-1.20431e-10
6.61509e-06
3.61932e-10
6.61511e-06
1.57534e-09
6.61514e-06
2.37541e-09
6.61515e-06
1.96699e-09
6.61514e-06
1.44963e-09
6.61513e-06
8.3784e-10
6.61513e-06
6.42603e-10
6.61511e-06
4.92019e-10
6.61511e-06
3.76841e-10
6.6151e-06
2.08006e-10
6.6151e-06
1.38257e-10
6.61509e-06
2.96095e-11
6.61509e-06
2.1291e-11
6.61509e-06
-1.99992e-11
6.61509e-06
-3.64539e-12
6.61509e-06
-2.9923e-11
6.61509e-06
-4.92601e-12
6.61508e-06
-3.0884e-11
6.61508e-06
-9.14274e-13
6.61508e-06
-2.3401e-11
6.61508e-06
8.84266e-12
6.61507e-06
-2.09685e-11
6.61507e-06
-3.81361e-12
6.61507e-06
-2.24568e-11
6.61506e-06
-1.61988e-11
6.61506e-06
-3.50541e-11
6.61506e-06
-1.97503e-11
6.61505e-06
-3.8656e-11
6.61505e-06
-1.49048e-11
6.61504e-06
-3.73057e-11
6.61504e-06
-7.05209e-12
6.61504e-06
-2.85955e-11
6.61504e-06
3.91075e-12
6.61503e-06
-2.61751e-11
6.61503e-06
-8.18605e-12
6.61503e-06
-2.76145e-11
6.61503e-06
-1.66521e-11
6.61503e-06
-3.22978e-11
6.61503e-06
-1.7716e-11
6.61503e-06
-3.00988e-11
6.61503e-06
-1.53146e-11
6.61503e-06
-2.51617e-11
6.61503e-06
-1.10714e-11
6.61503e-06
-1.96339e-11
6.61503e-06
-5.8493e-12
6.61503e-06
-1.42808e-11
6.61503e-06
-2.39332e-13
6.61503e-06
-8.77983e-12
6.61503e-06
5.11026e-12
6.61503e-06
-3.55702e-12
6.61503e-06
9.08411e-12
6.61504e-06
7.53303e-13
6.61504e-06
1.20922e-11
6.61504e-06
8.34275e-13
6.61504e-06
1.18694e-11
6.61504e-06
-1.80666e-12
6.61504e-06
8.55625e-12
6.61504e-06
-5.62715e-12
6.61504e-06
1.93463e-12
6.61504e-06
-2.26936e-11
6.61504e-06
-6.34001e-11
6.61504e-06
-3.36952e-10
-1.31479e-09
6.62654e-06
-2.41857e-09
6.62658e-06
-1.74314e-09
6.62661e-06
-2.52617e-10
6.6266e-06
2.24211e-10
6.62658e-06
1.22506e-10
6.62654e-06
-1.15017e-10
6.62651e-06
-9.8298e-12
6.62652e-06
1.00311e-09
6.62654e-06
1.74382e-09
6.62656e-06
1.41307e-09
6.62657e-06
8.05852e-10
6.62657e-06
4.09636e-10
6.62658e-06
1.10159e-10
6.62658e-06
-3.73601e-10
6.62656e-06
-7.36218e-10
6.62655e-06
-8.35409e-10
6.62654e-06
-9.35069e-10
6.62654e-06
-1.03155e-09
6.62656e-06
-1.61707e-09
6.62658e-06
-1.92579e-09
6.62659e-06
-1.02169e-09
6.62658e-06
-1.32723e-10
6.62657e-06
4.1531e-10
6.62656e-06
6.17915e-10
6.62655e-06
5.93451e-10
6.62654e-06
5.45577e-10
6.62654e-06
5.9428e-10
6.62653e-06
3.78747e-10
6.62653e-06
3.1576e-10
6.62653e-06
5.19477e-11
6.62654e-06
5.01659e-11
6.62654e-06
-3.77008e-10
6.62657e-06
-9.90863e-10
6.6266e-06
-1.46955e-09
6.62663e-06
-1.02817e-09
6.62664e-06
-5.30494e-10
6.62664e-06
-1.25581e-10
6.62664e-06
3.58163e-10
6.62666e-06
1.55954e-09
6.62669e-06
2.34771e-09
6.62669e-06
1.95803e-09
6.62669e-06
1.45416e-09
6.62668e-06
8.47648e-10
6.62667e-06
6.50106e-10
6.62666e-06
5.03653e-10
6.62665e-06
3.83837e-10
6.62665e-06
2.15022e-10
6.62665e-06
1.40193e-10
6.62664e-06
3.22717e-11
6.62664e-06
2.14619e-11
6.62664e-06
-1.79751e-11
6.62664e-06
-3.32872e-12
6.62664e-06
-2.72894e-11
6.62664e-06
-3.9642e-12
6.62663e-06
-2.75222e-11
6.62663e-06
4.41758e-13
6.62663e-06
-1.92201e-11
6.62663e-06
1.12079e-11
6.62662e-06
-1.65743e-11
6.62662e-06
-6.18887e-13
6.62661e-06
-1.77981e-11
6.62661e-06
-1.25975e-11
6.6266e-06
-2.99186e-11
6.6266e-06
-1.62038e-11
6.6266e-06
-3.36091e-11
6.62659e-06
-1.18108e-11
6.62659e-06
-3.25693e-11
6.62658e-06
-4.92979e-12
6.62658e-06
-2.44586e-11
6.62658e-06
5.51767e-12
6.62658e-06
-2.33362e-11
6.62658e-06
-7.08082e-12
6.62657e-06
-2.59658e-11
6.62657e-06
-1.61925e-11
6.62657e-06
-3.12363e-11
6.62657e-06
-1.77839e-11
6.62657e-06
-2.95083e-11
6.62657e-06
-1.58637e-11
6.62657e-06
-2.48099e-11
6.62657e-06
-1.20748e-11
6.62657e-06
-1.93109e-11
6.62657e-06
-7.05851e-12
6.62657e-06
-1.40698e-11
6.62658e-06
-1.5412e-12
6.62658e-06
-8.4921e-12
6.62658e-06
3.83812e-12
6.62658e-06
-3.17504e-12
6.62658e-06
8.01239e-12
6.62658e-06
9.62037e-13
6.62658e-06
1.09565e-11
6.62658e-06
1.05718e-12
6.62658e-06
1.07791e-11
6.62658e-06
-1.60899e-12
6.62658e-06
7.61385e-12
6.62658e-06
-5.57094e-12
6.62658e-06
9.4242e-13
6.62658e-06
-2.2642e-11
6.62658e-06
-6.57125e-11
6.62659e-06
-3.39382e-10
-1.29114e-09
6.63417e-06
-2.39725e-09
6.63421e-06
-1.77981e-09
6.63424e-06
-2.82137e-10
6.63423e-06
2.30925e-10
6.63421e-06
1.43279e-10
6.63417e-06
-7.82935e-11
6.63414e-06
1.96292e-11
6.63415e-06
1.00021e-09
6.63417e-06
1.71733e-09
6.63419e-06
1.39567e-09
6.6342e-06
7.98856e-10
6.6342e-06
4.03342e-10
6.63421e-06
1.02999e-10
6.6342e-06
-3.68804e-10
6.63419e-06
-7.23469e-10
6.63418e-06
-8.25052e-10
6.63417e-06
-9.21986e-10
6.63416e-06
-1.02467e-09
6.63418e-06
-1.63549e-09
6.63421e-06
-1.95533e-09
6.63422e-06
-1.02894e-09
6.63421e-06
-1.2071e-10
6.6342e-06
4.25987e-10
6.63418e-06
6.32825e-10
6.63418e-06
6.00211e-10
6.63417e-06
5.53687e-10
6.63417e-06
5.99833e-10
6.63416e-06
3.86846e-10
6.63416e-06
3.14351e-10
6.63416e-06
5.32113e-11
6.63417e-06
4.46372e-11
6.63417e-06
-3.7995e-10
6.6342e-06
-1.02045e-09
6.63423e-06
-1.50878e-09
6.63426e-06
-1.05569e-09
6.63427e-06
-5.4162e-10
6.63427e-06
-1.31286e-10
6.63428e-06
3.53172e-10
6.63429e-06
1.54374e-09
6.63432e-06
2.32106e-09
6.63433e-06
1.94813e-09
6.63432e-06
1.45923e-09
6.63431e-06
8.5678e-10
6.63431e-06
6.57915e-10
6.6343e-06
5.14852e-10
6.63429e-06
3.91246e-10
6.63428e-06
2.21768e-10
6.63428e-06
1.42588e-10
6.63428e-06
3.45297e-11
6.63428e-06
2.1882e-11
6.63427e-06
-1.6379e-11
6.63427e-06
-2.75756e-12
6.63427e-06
-2.50256e-11
6.63427e-06
-2.639e-12
6.63427e-06
-2.44578e-11
6.63426e-06
2.27735e-12
6.63426e-06
-1.51504e-11
6.63426e-06
1.42501e-11
6.63425e-06
-1.219e-11
6.63425e-06
3.16147e-12
6.63425e-06
-1.32223e-11
6.63424e-06
-8.35714e-12
6.63424e-06
-2.52204e-11
6.63423e-06
-1.21953e-11
6.63423e-06
-2.87086e-11
6.63422e-06
-8.19567e-12
6.63422e-06
-2.79723e-11
6.63422e-06
-2.20572e-12
6.63421e-06
-2.03455e-11
6.63421e-06
7.8722e-12
6.63421e-06
-2.04091e-11
6.63421e-06
-5.60307e-12
6.6342e-06
-2.39964e-11
6.6342e-06
-1.55412e-11
6.6342e-06
-2.99013e-11
6.6342e-06
-1.76472e-11
6.6342e-06
-2.88561e-11
6.6342e-06
-1.60476e-11
6.6342e-06
-2.47797e-11
6.6342e-06
-1.24491e-11
6.6342e-06
-1.9717e-11
6.6342e-06
-7.65183e-12
6.6342e-06
-1.45809e-11
6.6342e-06
-2.20825e-12
6.6342e-06
-9.06852e-12
6.6342e-06
3.22992e-12
6.63421e-06
-3.72084e-12
6.63421e-06
7.48593e-12
6.63421e-06
4.01882e-13
6.63421e-06
1.02558e-11
6.63421e-06
6.95594e-13
6.63421e-06
1.00419e-11
6.63421e-06
-1.82934e-12
6.63421e-06
6.90963e-12
6.63421e-06
-5.75036e-12
6.63421e-06
2.30552e-13
6.63421e-06
-2.2864e-11
6.63421e-06
-6.77803e-11
6.63421e-06
-3.40671e-10
-1.2679e-09
6.63796e-06
-2.38151e-09
6.638e-06
-1.81551e-09
6.63803e-06
-3.10306e-10
6.63802e-06
2.37764e-10
6.638e-06
1.63548e-10
6.63796e-06
-4.22142e-11
6.63793e-06
4.78002e-11
6.63794e-06
9.98554e-10
6.63796e-06
1.69231e-09
6.63798e-06
1.37915e-09
6.63798e-06
7.92266e-10
6.63799e-06
3.97023e-10
6.638e-06
9.64502e-11
6.63799e-06
-3.6462e-10
6.63798e-06
-7.11676e-10
6.63797e-06
-8.14963e-10
6.63796e-06
-9.09771e-10
6.63795e-06
-1.01694e-09
6.63797e-06
-1.65451e-09
6.638e-06
-1.98552e-09
6.63801e-06
-1.03631e-09
6.638e-06
-1.07916e-10
6.63799e-06
4.36029e-10
6.63797e-06
6.48116e-10
6.63797e-06
6.06131e-10
6.63796e-06
5.61879e-10
6.63796e-06
6.03987e-10
6.63795e-06
3.953e-10
6.63795e-06
3.11919e-10
6.63795e-06
5.55035e-11
6.63796e-06
3.7866e-11
6.63796e-06
-3.81615e-10
6.63799e-06
-1.05094e-09
6.63803e-06
-1.54834e-09
6.63805e-06
-1.08333e-09
6.63806e-06
-5.52015e-10
6.63807e-06
-1.36808e-10
6.63807e-06
3.47584e-10
6.63809e-06
1.52873e-09
6.63811e-06
2.29558e-09
6.63812e-06
1.93859e-09
6.63812e-06
1.46346e-09
6.63811e-06
8.66004e-10
6.6381e-06
6.65174e-10
6.63809e-06
5.26221e-10
6.63808e-06
3.98517e-10
6.63807e-06
2.28786e-10
6.63807e-06
1.44512e-10
6.63807e-06
3.68808e-11
6.63807e-06
2.19993e-11
6.63807e-06
-1.46134e-11
6.63807e-06
-2.39947e-12
6.63806e-06
-2.25608e-11
6.63806e-06
-1.50893e-12
6.63806e-06
-2.11375e-11
6.63806e-06
3.91956e-12
6.63805e-06
-1.09104e-11
6.63805e-06
1.69741e-11
6.63805e-06
-7.57503e-12
6.63804e-06
6.78387e-12
6.63804e-06
-8.26966e-12
6.63804e-06
-4.29301e-12
6.63803e-06
-1.97433e-11
6.63803e-06
-8.12198e-12
6.63802e-06
-2.33304e-11
6.63802e-06
-4.53093e-12
6.63801e-06
-2.29267e-11
6.63801e-06
4.68644e-13
6.638e-06
-1.59393e-11
6.638e-06
9.98537e-12
6.638e-06
-1.72452e-11
6.638e-06
-4.00365e-12
6.638e-06
-2.20363e-11
6.638e-06
-1.46284e-11
6.63799e-06
-2.85583e-11
6.63799e-06
-1.73553e-11
6.63799e-06
-2.80584e-11
6.63799e-06
-1.63192e-11
6.63799e-06
-2.43106e-11
6.63799e-06
-1.32451e-11
6.63799e-06
-1.93517e-11
6.63799e-06
-8.71636e-12
6.63799e-06
-1.43959e-11
6.63799e-06
-3.4397e-12
6.63799e-06
-8.87056e-12
6.638e-06
1.96281e-12
6.638e-06
-3.46986e-12
6.638e-06
6.36645e-12
6.638e-06
4.39835e-13
6.638e-06
9.11934e-12
6.638e-06
7.80837e-13
6.638e-06
8.97655e-12
6.638e-06
-1.70394e-12
6.638e-06
6.03502e-12
6.638e-06
-5.72758e-12
6.638e-06
-6.3213e-13
6.638e-06
-2.28081e-11
6.638e-06
-6.96635e-11
6.638e-06
-3.41211e-10
-1.24381e-09
6.63795e-06
-2.36399e-09
6.63799e-06
-1.85364e-09
6.63801e-06
-3.3715e-10
6.63801e-06
2.45546e-10
6.63799e-06
1.8418e-10
6.63795e-06
-5.95459e-12
6.63792e-06
7.6266e-11
6.63793e-06
9.96352e-10
6.63795e-06
1.66827e-09
6.63797e-06
1.36245e-09
6.63797e-06
7.85198e-10
6.63798e-06
3.90637e-10
6.63798e-06
8.99059e-11
6.63798e-06
-3.60073e-10
6.63797e-06
-6.99705e-10
6.63796e-06
-8.04645e-10
6.63795e-06
-8.96797e-10
6.63794e-06
-1.00895e-09
6.63796e-06
-1.67292e-09
6.63799e-06
-2.01735e-09
6.638e-06
-1.04316e-09
6.63799e-06
-9.49163e-11
6.63798e-06
4.47044e-10
6.63796e-06
6.63275e-10
6.63795e-06
6.13101e-10
6.63795e-06
5.69244e-10
6.63794e-06
6.09239e-10
6.63794e-06
4.02654e-10
6.63794e-06
3.10403e-10
6.63794e-06
5.58109e-11
6.63794e-06
3.18244e-11
6.63795e-06
-3.84475e-10
6.63798e-06
-1.08145e-09
6.63802e-06
-1.59042e-09
6.63804e-06
-1.11152e-09
6.63805e-06
-5.63045e-10
6.63806e-06
-1.42796e-10
6.63806e-06
3.40797e-10
6.63808e-06
1.51362e-09
6.6381e-06
2.27106e-09
6.63811e-06
1.92821e-09
6.63811e-06
1.46823e-09
6.6381e-06
8.74669e-10
6.63809e-06
6.72653e-10
6.63808e-06
5.37109e-10
6.63807e-06
4.06103e-10
6.63807e-06
2.35475e-10
6.63806e-06
1.46758e-10
6.63806e-06
3.88458e-11
6.63806e-06
2.22925e-11
6.63806e-06
-1.32999e-11
6.63806e-06
-1.86216e-12
6.63806e-06
-2.04881e-11
6.63806e-06
-9.69057e-14
6.63805e-06
-1.81507e-11
6.63805e-06
5.93483e-12
6.63805e-06
-6.84789e-12
6.63804e-06
2.02123e-11
6.63804e-06
-3.03474e-12
6.63804e-06
1.08402e-11
6.63803e-06
-3.51734e-12
6.63803e-06
2.57488e-13
6.63802e-06
-1.48364e-11
6.63802e-06
-3.76051e-12
6.63801e-06
-1.82147e-11
6.63801e-06
-5.06097e-13
6.638e-06
-1.8117e-11
6.638e-06
3.60257e-12
6.63799e-06
-1.16316e-11
6.63799e-06
1.27035e-11
6.63799e-06
-1.40174e-11
6.63799e-06
-2.12291e-12
6.63799e-06
-1.97887e-11
6.63799e-06
-1.35926e-11
6.63798e-06
-2.69591e-11
6.63798e-06
-1.68949e-11
6.63798e-06
-2.7196e-11
6.63798e-06
-1.62419e-11
6.63798e-06
-2.41409e-11
6.63798e-06
-1.34138e-11
6.63798e-06
-1.96916e-11
6.63798e-06
-9.17185e-12
6.63798e-06
-1.49025e-11
6.63798e-06
-4.03256e-12
6.63798e-06
-9.50441e-12
6.63798e-06
1.3675e-12
6.63799e-06
-4.12033e-12
6.63799e-06
5.79964e-12
6.63799e-06
-2.5477e-13
6.63799e-06
8.40935e-12
6.63799e-06
3.12586e-13
6.63799e-06
8.26187e-12
6.63799e-06
-1.97177e-12
6.63799e-06
5.39508e-12
6.63799e-06
-5.90692e-12
6.63799e-06
-1.21894e-12
6.63799e-06
-2.29957e-11
6.63799e-06
-7.1313e-11
6.63799e-06
-3.40796e-10
-1.22009e-09
6.63414e-06
-2.35146e-09
6.63418e-06
-1.89107e-09
6.6342e-06
-3.62894e-10
6.63419e-06
2.54244e-10
6.63417e-06
2.04958e-10
6.63414e-06
2.97549e-11
6.63411e-06
1.03119e-10
6.63411e-06
9.94638e-10
6.63414e-06
1.64533e-09
6.63415e-06
1.34654e-09
6.63416e-06
7.78289e-10
6.63417e-06
3.84096e-10
6.63417e-06
8.37528e-11
6.63417e-06
-3.56094e-10
6.63416e-06
-6.88132e-10
6.63415e-06
-7.94007e-10
6.63413e-06
-8.84291e-10
6.63412e-06
-1.0001e-09
6.63414e-06
-1.69216e-09
6.63418e-06
-2.05007e-09
6.63419e-06
-1.05001e-09
6.63417e-06
-8.08003e-11
6.63416e-06
4.57895e-10
6.63414e-06
6.79124e-10
6.63414e-06
6.19369e-10
6.63413e-06
5.76674e-10
6.63413e-06
6.13247e-10
6.63412e-06
4.10352e-10
6.63413e-06
3.07972e-10
6.63413e-06
5.72711e-11
6.63413e-06
2.48342e-11
6.63413e-06
-3.8605e-10
6.63416e-06
-1.11288e-09
6.63421e-06
-1.63271e-09
6.63423e-06
-1.13956e-09
6.63424e-06
-5.73318e-10
6.63425e-06
-1.48659e-10
6.63425e-06
3.3305e-10
6.63427e-06
1.49906e-09
6.63429e-06
2.2482e-09
6.6343e-06
1.91866e-09
6.63429e-06
1.47228e-09
6.63429e-06
8.83274e-10
6.63428e-06
6.7945e-10
6.63427e-06
5.48034e-10
6.63426e-06
4.13358e-10
6.63425e-06
2.42183e-10
6.63425e-06
1.48503e-10
6.63425e-06
4.09218e-11
6.63425e-06
2.22904e-11
6.63425e-06
-1.18652e-11
6.63425e-06
-1.56827e-12
6.63425e-06
-1.82682e-11
6.63425e-06
1.08338e-12
6.63424e-06
-1.49782e-11
6.63424e-06
7.70176e-12
6.63424e-06
-2.71463e-12
6.63423e-06
2.30501e-11
6.63423e-06
1.60641e-12
6.63423e-06
1.46161e-11
6.63422e-06
1.45694e-12
6.63422e-06
4.47838e-12
6.63421e-06
-9.30673e-12
6.63421e-06
5.40711e-13
6.6342e-06
-1.27788e-11
6.6342e-06
3.44157e-12
6.63419e-06
-1.29957e-11
6.63419e-06
6.59177e-12
6.63418e-06
-7.14795e-12
6.63418e-06
1.51145e-11
6.63418e-06
-1.06343e-11
6.63418e-06
-1.73143e-13
6.63417e-06
-1.76052e-11
6.63417e-06
-1.23482e-11
6.63417e-06
-2.54021e-11
6.63417e-06
-1.62826e-11
6.63417e-06
-2.62302e-11
6.63417e-06
-1.62507e-11
6.63417e-06
-2.3557e-11
6.63417e-06
-1.40171e-11
6.63417e-06
-1.92636e-11
6.63417e-06
-1.00988e-11
6.63417e-06
-1.47157e-11
6.63417e-06
-5.18702e-12
6.63417e-06
-9.36687e-12
6.63417e-06
1.21757e-13
6.63417e-06
-3.98192e-12
6.63417e-06
4.68203e-12
6.63417e-06
-3.35684e-13
6.63418e-06
7.25471e-12
6.63418e-06
3.01991e-13
6.63418e-06
7.23224e-12
6.63418e-06
-1.89579e-12
6.63418e-06
4.62299e-12
6.63418e-06
-5.88089e-12
6.63418e-06
-1.95277e-12
6.63418e-06
-2.28832e-11
6.63418e-06
-7.2765e-11
6.63418e-06
-3.40013e-10
-1.19548e-09
6.62649e-06
-2.33684e-09
6.62653e-06
-1.93118e-09
6.62655e-06
-3.87507e-10
6.62654e-06
2.64049e-10
6.62652e-06
2.26243e-10
6.62649e-06
6.58384e-11
6.62646e-06
1.30306e-10
6.62646e-06
9.92139e-10
6.62649e-06
1.62294e-09
6.6265e-06
1.3303e-09
6.62651e-06
7.70788e-10
6.62651e-06
3.77411e-10
6.62652e-06
7.75505e-11
6.62652e-06
-3.51697e-10
6.62651e-06
-6.76142e-10
6.62649e-06
-7.82833e-10
6.62648e-06
-8.7074e-10
6.62647e-06
-9.90638e-10
6.62649e-06
-1.71088e-09
6.62653e-06
-2.08462e-09
6.62654e-06
-1.05626e-09
6.62652e-06
-6.6116e-11
6.62651e-06
4.69798e-10
6.62649e-06
6.95116e-10
6.62649e-06
6.26764e-10
6.62648e-06
5.83397e-10
6.62647e-06
6.18367e-10
6.62647e-06
4.17198e-10
6.62647e-06
3.06522e-10
6.62647e-06
5.71612e-11
6.62648e-06
1.85639e-11
6.62648e-06
-3.88499e-10
6.62651e-06
-1.14438e-09
6.62655e-06
-1.67753e-09
6.62658e-06
-1.16809e-09
6.62659e-06
-5.84063e-10
6.6266e-06
-1.54873e-10
6.6266e-06
3.24131e-10
6.62662e-06
1.48435e-09
6.62664e-06
2.22624e-09
6.62665e-06
1.90834e-09
6.62664e-06
1.47686e-09
6.62664e-06
8.91427e-10
6.62663e-06
6.86371e-10
6.62662e-06
5.58431e-10
6.62661e-06
4.20827e-10
6.6266e-06
2.48498e-10
6.6266e-06
1.50433e-10
6.6266e-06
4.26334e-11
6.6266e-06
2.24008e-11
6.6266e-06
-1.08942e-11
6.6266e-06
-1.14858e-12
6.6266e-06
-1.64433e-11
6.6266e-06
2.48761e-12
6.62659e-06
-1.21604e-11
6.62659e-06
9.74702e-12
6.62659e-06
1.18157e-12
6.62658e-06
2.62428e-11
6.62658e-06
6.10537e-12
6.62658e-06
1.86728e-11
6.62657e-06
6.10243e-12
6.62657e-06
9.0272e-12
6.62656e-06
-4.49345e-12
6.62656e-06
4.94872e-12
6.62655e-06
-7.7363e-12
6.62655e-06
7.57858e-12
6.62654e-06
-8.22132e-12
6.62654e-06
9.88631e-12
6.62654e-06
-2.85013e-12
6.62653e-06
1.79774e-11
6.62653e-06
-7.22199e-12
6.62653e-06
1.95988e-12
6.62653e-06
-1.51746e-11
6.62653e-06
-1.10539e-11
6.62652e-06
-2.36098e-11
6.62652e-06
-1.55399e-11
6.62652e-06
-2.52e-11
6.62652e-06
-1.59248e-11
6.62652e-06
-2.32555e-11
6.62652e-06
-1.39895e-11
6.62652e-06
-1.95216e-11
6.62652e-06
-1.04157e-11
6.62652e-06
-1.51941e-11
6.62652e-06
-5.69124e-12
6.62652e-06
-1.00332e-11
6.62652e-06
-4.36047e-13
6.62652e-06
-4.72371e-12
6.62652e-06
4.13272e-12
6.62652e-06
-1.11807e-12
6.62653e-06
6.52243e-12
6.62653e-06
-2.37075e-13
6.62653e-06
6.55194e-12
6.62653e-06
-2.19444e-12
6.62653e-06
4.0822e-12
6.62653e-06
-6.03009e-12
6.62653e-06
-2.4164e-12
6.62653e-06
-2.29896e-11
6.62653e-06
-7.39984e-11
6.62653e-06
-3.38444e-10
-1.17119e-09
6.61493e-06
-2.327e-09
6.61497e-06
-1.97101e-09
6.61499e-06
-4.1132e-10
6.61498e-06
2.7455e-10
6.61496e-06
2.4746e-10
6.61492e-06
1.01599e-10
6.6149e-06
1.56298e-10
6.6149e-06
9.90103e-10
6.61492e-06
1.60125e-09
6.61494e-06
1.31458e-09
6.61495e-06
7.63407e-10
6.61495e-06
3.70574e-10
6.61496e-06
7.17575e-11
6.61495e-06
-3.47682e-10
6.61494e-06
-6.64463e-10
6.61493e-06
-7.71297e-10
6.61492e-06
-8.57345e-10
6.61491e-06
-9.79895e-10
6.61493e-06
-1.73027e-09
6.61496e-06
-2.12036e-09
6.61497e-06
-1.06236e-09
6.61496e-06
-5.0122e-11
6.61494e-06
4.81573e-10
6.61493e-06
7.11903e-10
6.61492e-06
6.33669e-10
6.61491e-06
5.90261e-10
6.61491e-06
6.22418e-10
6.6149e-06
4.24513e-10
6.61491e-06
3.04449e-10
6.61491e-06
5.83037e-11
6.61491e-06
1.15493e-11
6.61491e-06
-3.89386e-10
6.61495e-06
-1.1767e-09
6.61499e-06
-1.72289e-09
6.61502e-06
-1.19647e-09
6.61503e-06
-5.93876e-10
6.61503e-06
-1.60742e-10
6.61504e-06
3.14528e-10
6.61505e-06
1.47024e-09
6.61507e-06
2.20553e-09
6.61508e-06
1.89851e-09
6.61508e-06
1.48084e-09
6.61507e-06
8.99636e-10
6.61507e-06
6.92654e-10
6.61506e-06
5.68819e-10
6.61505e-06
4.28036e-10
6.61504e-06
2.54842e-10
6.61504e-06
1.51784e-10
6.61504e-06
4.43493e-11
6.61504e-06
2.21742e-11
6.61504e-06
-9.83796e-12
6.61504e-06
-9.67683e-13
6.61503e-06
-1.44946e-11
6.61503e-06
3.65585e-12
6.61503e-06
-9.20536e-12
6.61503e-06
1.15108e-11
6.61503e-06
5.05689e-12
6.61502e-06
2.89421e-11
6.61502e-06
1.05802e-11
6.61502e-06
2.23229e-11
6.61501e-06
1.08048e-11
6.61501e-06
1.3071e-11
6.615e-06
7.75136e-13
6.615e-06
9.14393e-12
6.61499e-06
-2.55327e-12
6.61499e-06
1.14935e-11
6.61498e-06
-3.29988e-12
6.61498e-06
1.29227e-11
6.61497e-06
1.48941e-12
6.61497e-06
2.04362e-11
6.61497e-06
-3.7422e-12
6.61497e-06
4.12131e-12
6.61497e-06
-1.28828e-11
6.61496e-06
-9.56103e-12
6.61496e-06
-2.19142e-11
6.61496e-06
-1.46579e-11
6.61496e-06
-2.40977e-11
6.61496e-06
-1.56996e-11
6.61496e-06
-2.25569e-11
6.61496e-06
-1.44196e-11
6.61496e-06
-1.90059e-11
6.61496e-06
-1.12062e-11
6.61496e-06
-1.4972e-11
6.61496e-06
-6.76498e-12
6.61496e-06
-9.91416e-12
6.61496e-06
-1.65517e-12
6.61496e-06
-4.6537e-12
6.61496e-06
3.02463e-12
6.61496e-06
-1.27106e-12
6.61496e-06
5.36344e-12
6.61496e-06
-3.13626e-13
6.61497e-06
5.56933e-12
6.61497e-06
-2.1429e-12
6.61497e-06
3.4235e-12
6.61497e-06
-5.97877e-12
6.61497e-06
-3.01358e-12
6.61497e-06
-2.28014e-11
6.61497e-06
-7.49957e-11
6.61497e-06
-3.36441e-10
-1.14539e-09
6.59934e-06
-2.31499e-09
6.59939e-06
-2.01396e-09
6.59941e-06
-4.34068e-10
6.5994e-06
2.86178e-10
6.59937e-06
2.69116e-10
6.59934e-06
1.3782e-10
6.59931e-06
1.8266e-10
6.59932e-06
9.87233e-10
6.59934e-06
1.57977e-09
6.59935e-06
1.29836e-09
6.59936e-06
7.55414e-10
6.59937e-06
3.63563e-10
6.59937e-06
6.59464e-11
6.59937e-06
-3.43129e-10
6.59936e-06
-6.52214e-10
6.59934e-06
-7.59048e-10
6.59933e-06
-8.42719e-10
6.59932e-06
-9.68137e-10
6.59934e-06
-1.74911e-09
6.59938e-06
-2.1581e-09
6.59938e-06
-1.06775e-09
6.59937e-06
-3.32698e-11
6.59935e-06
4.94365e-10
6.59934e-06
7.28957e-10
6.59933e-06
6.41692e-10
6.59932e-06
5.96547e-10
6.59932e-06
6.27582e-10
6.59932e-06
4.31239e-10
6.59932e-06
3.0345e-10
6.59932e-06
5.82078e-11
6.59932e-06
5.28317e-12
6.59932e-06
-3.9072e-10
6.59936e-06
-1.20911e-09
6.5994e-06
-1.77088e-09
6.59943e-06
-1.22528e-09
6.59944e-06
-6.03939e-10
6.59944e-06
-1.66802e-10
6.59945e-06
3.03889e-10
6.59947e-06
1.45605e-09
6.59948e-06
2.18554e-09
6.5995e-06
1.88782e-09
6.59949e-06
1.48537e-09
6.59948e-06
9.07481e-10
6.59948e-06
6.98998e-10
6.59947e-06
5.78671e-10
6.59946e-06
4.35431e-10
6.59945e-06
2.60813e-10
6.59945e-06
1.5321e-10
6.59945e-06
4.56869e-11
6.59945e-06
2.2014e-11
6.59945e-06
-9.21403e-12
6.59945e-06
-6.69818e-13
6.59945e-06
-1.29002e-11
6.59945e-06
5.02332e-12
6.59944e-06
-6.5962e-12
6.59944e-06
1.34785e-11
6.59944e-06
8.65115e-12
6.59944e-06
3.18638e-11
6.59943e-06
1.48374e-11
6.59943e-06
2.61067e-11
6.59942e-06
1.50523e-11
6.59942e-06
1.72994e-11
6.59942e-06
5.17196e-12
6.59941e-06
1.32546e-11
6.59941e-06
2.09954e-12
6.5994e-06
1.54159e-11
6.5994e-06
1.15272e-12
6.59939e-06
1.60946e-11
6.59939e-06
5.54334e-12
6.59939e-06
2.3194e-11
6.59938e-06
-2.97492e-13
6.59938e-06
6.34812e-12
6.59938e-06
-1.03897e-11
6.59938e-06
-8.10123e-12
6.59938e-06
-1.99963e-11
6.59938e-06
-1.37009e-11
6.59938e-06
-2.29219e-11
6.59937e-06
-1.51548e-11
6.59937e-06
-2.21232e-11
6.59937e-06
-1.41903e-11
6.59937e-06
-1.91668e-11
6.59937e-06
-1.13609e-11
6.59937e-06
-1.53942e-11
6.59937e-06
-7.14877e-12
6.59938e-06
-1.05772e-11
6.59938e-06
-2.1411e-12
6.59938e-06
-5.44544e-12
6.59938e-06
2.50929e-12
6.59938e-06
-2.10896e-12
6.59938e-06
4.64925e-12
6.59938e-06
-9.01879e-13
6.59938e-06
4.94215e-12
6.59938e-06
-2.44958e-12
6.59938e-06
2.98106e-12
6.59938e-06
-6.08089e-12
6.59938e-06
-3.34132e-12
6.59938e-06
-2.28177e-11
6.59938e-06
-7.57874e-11
6.59938e-06
-3.33636e-10
-1.11983e-09
6.57958e-06
-2.30766e-09
6.57963e-06
-2.05714e-09
6.57965e-06
-4.56211e-10
6.57964e-06
2.98602e-10
6.57962e-06
2.90698e-10
6.57958e-06
1.73813e-10
6.57955e-06
2.07902e-10
6.57956e-06
9.84618e-10
6.57958e-06
1.55869e-09
6.57959e-06
1.28249e-09
6.5796e-06
7.47481e-10
6.57961e-06
3.56389e-10
6.57961e-06
6.05435e-11
6.57961e-06
-3.38778e-10
6.5796e-06
-6.40035e-10
6.57959e-06
-7.4623e-10
6.57957e-06
-8.27963e-10
6.57956e-06
-9.54784e-10
6.57958e-06
-1.76853e-09
6.57962e-06
-2.19734e-09
6.57962e-06
-1.07288e-09
6.57961e-06
-1.49296e-11
6.57959e-06
5.07118e-10
6.57957e-06
7.46861e-10
6.57957e-06
6.49292e-10
6.57956e-06
6.02991e-10
6.57956e-06
6.31795e-10
6.57955e-06
4.38492e-10
6.57955e-06
3.02028e-10
6.57956e-06
5.9417e-11
6.57956e-06
-1.45287e-12
6.57956e-06
-3.90224e-10
6.57959e-06
-1.24222e-09
6.57964e-06
-1.81962e-09
6.57967e-06
-1.25386e-09
6.57967e-06
-6.12914e-10
6.57968e-06
-1.72379e-10
6.57969e-06
2.92638e-10
6.5797e-06
1.44251e-09
6.57972e-06
2.16672e-09
6.57973e-06
1.87746e-09
6.57973e-06
1.48938e-09
6.57972e-06
9.15356e-10
6.57971e-06
7.04686e-10
6.57971e-06
5.88458e-10
6.5797e-06
4.42574e-10
6.57969e-06
2.66787e-10
6.57969e-06
1.5404e-10
6.57969e-06
4.69788e-11
6.57969e-06
2.15365e-11
6.57969e-06
-8.47882e-12
6.57969e-06
-5.57719e-13
6.57969e-06
-1.11537e-11
6.57969e-06
6.1836e-12
6.57968e-06
-3.86239e-12
6.57968e-06
1.51531e-11
6.57968e-06
1.21592e-11
6.57968e-06
3.4232e-11
6.57967e-06
1.89465e-11
6.57967e-06
2.93673e-11
6.57966e-06
1.92115e-11
6.57966e-06
2.08574e-11
6.57966e-06
9.87387e-12
6.57965e-06
1.70047e-11
6.57965e-06
6.72281e-12
6.57964e-06
1.89679e-11
6.57964e-06
5.5922e-12
6.57964e-06
1.88864e-11
6.57963e-06
9.50194e-12
6.57963e-06
2.54541e-11
6.57963e-06
3.09798e-12
6.57963e-06
8.54405e-12
6.57962e-06
-8.11888e-12
6.57962e-06
-6.47274e-12
6.57962e-06
-1.82329e-11
6.57962e-06
-1.26228e-11
6.57962e-06
-2.17084e-11
6.57962e-06
-1.47277e-11
6.57962e-06
-2.13051e-11
6.57962e-06
-1.44451e-11
6.57962e-06
-1.85398e-11
6.57962e-06
-1.19957e-11
6.57962e-06
-1.50975e-11
6.57962e-06
-8.11159e-12
6.57962e-06
-1.04287e-11
6.57962e-06
-3.29971e-12
6.57962e-06
-5.39251e-12
6.57962e-06
1.43164e-12
6.57962e-06
-2.29477e-12
6.57962e-06
3.51626e-12
6.57962e-06
-1.01361e-12
6.57962e-06
4.01726e-12
6.57962e-06
-2.39804e-12
6.57962e-06
2.43095e-12
6.57962e-06
-5.98762e-12
6.57962e-06
-3.79844e-12
6.57962e-06
-2.25384e-11
6.57962e-06
-7.63188e-11
6.57962e-06
-3.30392e-10
-1.09229e-09
6.55546e-06
-2.29809e-09
6.55551e-06
-2.10399e-09
6.55553e-06
-4.77364e-10
6.55552e-06
3.12232e-10
6.55549e-06
3.12684e-10
6.55546e-06
2.10342e-10
6.55543e-06
2.3348e-10
6.55544e-06
9.81034e-10
6.55546e-06
1.53751e-09
6.55547e-06
1.266e-09
6.55548e-06
7.38907e-10
6.55549e-06
3.49034e-10
6.55549e-06
5.51753e-11
6.55549e-06
-3.33737e-10
6.55548e-06
-6.27048e-10
6.55546e-06
-7.32439e-10
6.55545e-06
-8.11758e-10
6.55543e-06
-9.40038e-10
6.55545e-06
-1.78742e-09
6.5555e-06
-2.23885e-09
6.5555e-06
-1.07724e-09
6.55548e-06
4.52983e-12
6.55547e-06
5.2082e-10
6.55545e-06
7.65121e-10
6.55544e-06
6.57957e-10
6.55543e-06
6.08913e-10
6.55543e-06
6.37098e-10
6.55543e-06
4.45365e-10
6.55543e-06
3.01749e-10
6.55543e-06
5.97163e-11
6.55543e-06
-7.40375e-12
6.55543e-06
-3.89753e-10
6.55546e-06
-1.27542e-09
6.55551e-06
-1.87112e-09
6.55554e-06
-1.28284e-09
6.55555e-06
-6.21953e-10
6.55555e-06
-1.78037e-10
6.55557e-06
2.80387e-10
6.55558e-06
1.42897e-09
6.5556e-06
2.14857e-09
6.55561e-06
1.8662e-09
6.5556e-06
1.49393e-09
6.55559e-06
9.22927e-10
6.55559e-06
7.10359e-10
6.55558e-06
5.97694e-10
6.55557e-06
4.49872e-10
6.55557e-06
2.72407e-10
6.55556e-06
1.54881e-10
6.55556e-06
4.79475e-11
6.55557e-06
2.11481e-11
6.55556e-06
-8.08905e-12
6.55556e-06
-2.75024e-13
6.55556e-06
-9.67716e-12
6.55556e-06
7.56474e-12
6.55556e-06
-1.43797e-12
6.55556e-06
1.69877e-11
6.55555e-06
1.53636e-11
6.55555e-06
3.67164e-11
6.55555e-06
2.27879e-11
6.55555e-06
3.26408e-11
6.55554e-06
2.28057e-11
6.55554e-06
2.44809e-11
6.55553e-06
1.35591e-11
6.55553e-06
2.04997e-11
6.55553e-06
1.06843e-11
6.55552e-06
2.23578e-11
6.55552e-06
9.43945e-12
6.55552e-06
2.16473e-11
6.55551e-06
1.30681e-11
6.55551e-06
2.78577e-11
6.55551e-06
6.38956e-12
6.55551e-06
1.06808e-11
6.5555e-06
-5.70182e-12
6.5555e-06
-4.96996e-12
6.5555e-06
-1.62684e-11
6.5555e-06
-1.15266e-11
6.5555e-06
-2.04218e-11
6.5555e-06
-1.39949e-11
6.5555e-06
-2.07434e-11
6.5555e-06
-1.40088e-11
6.5555e-06
-1.85894e-11
6.5555e-06
-1.19627e-11
6.5555e-06
-1.54315e-11
6.5555e-06
-8.33623e-12
6.5555e-06
-1.10479e-11
6.5555e-06
-3.66944e-12
6.5555e-06
-6.19067e-12
6.5555e-06
9.85133e-13
6.5555e-06
-3.15504e-12
6.5555e-06
2.85406e-12
6.5555e-06
-1.62521e-12
6.5555e-06
3.45775e-12
6.5555e-06
-2.69604e-12
6.5555e-06
2.0863e-12
6.5555e-06
-6.03374e-12
6.5555e-06
-3.98757e-12
6.5555e-06
-2.24532e-11
6.5555e-06
-7.66649e-11
6.5555e-06
-3.26354e-10
-1.06493e-09
6.52675e-06
-2.29321e-09
6.52679e-06
-2.1517e-09
6.52681e-06
-4.98186e-10
6.5268e-06
3.26744e-10
6.52678e-06
3.34565e-10
6.52674e-06
2.46747e-10
6.52672e-06
2.58004e-10
6.52672e-06
9.77456e-10
6.52674e-06
1.51644e-09
6.52676e-06
1.2497e-09
6.52677e-06
7.30346e-10
6.52677e-06
3.41542e-10
6.52678e-06
5.02604e-11
6.52677e-06
-3.28663e-10
6.52676e-06
-6.13824e-10
6.52675e-06
-7.17802e-10
6.52673e-06
-7.95101e-10
6.52671e-06
-9.23367e-10
6.52673e-06
-1.80685e-09
6.52678e-06
-2.28231e-09
6.52678e-06
-1.08128e-09
6.52676e-06
2.56552e-11
6.52675e-06
5.34467e-10
6.52673e-06
7.84242e-10
6.52672e-06
6.66239e-10
6.52671e-06
6.14946e-10
6.52671e-06
6.41565e-10
6.5267e-06
4.52813e-10
6.52671e-06
3.01245e-10
6.52671e-06
6.14426e-11
6.52671e-06
-1.36271e-11
6.52671e-06
-3.87173e-10
6.52674e-06
-1.30925e-09
6.52679e-06
-1.92365e-09
6.52682e-06
-1.31154e-09
6.52683e-06
-6.29804e-10
6.52683e-06
-1.83134e-10
6.52684e-06
2.67524e-10
6.52686e-06
1.41612e-09
6.52687e-06
2.13155e-09
6.52688e-06
1.85514e-09
6.52688e-06
1.49805e-09
6.52687e-06
9.30523e-10
6.52687e-06
7.15346e-10
6.52686e-06
6.06813e-10
6.52685e-06
4.56959e-10
6.52684e-06
2.78033e-10
6.52684e-06
1.55142e-10
6.52684e-06
4.89199e-11
6.52684e-06
2.05375e-11
6.52684e-06
-7.50176e-12
6.52684e-06
-6.0082e-14
6.52684e-06
-7.97738e-12
6.52684e-06
8.81365e-12
6.52684e-06
1.12355e-12
6.52684e-06
1.85449e-11
6.52683e-06
1.84396e-11
6.52683e-06
3.86017e-11
6.52683e-06
2.64116e-11
6.52683e-06
3.53051e-11
6.52682e-06
2.61907e-11
6.52682e-06
2.72803e-11
6.52682e-06
1.74296e-11
6.52681e-06
2.35105e-11
6.52681e-06
1.4456e-11
6.52681e-06
2.52473e-11
6.5268e-06
1.31162e-11
6.5268e-06
2.39127e-11
6.5268e-06
1.64016e-11
6.52679e-06
2.96589e-11
6.52679e-06
9.54019e-12
6.52679e-06
1.27389e-11
6.52679e-06
-3.61049e-12
6.52679e-06
-3.32117e-12
6.52678e-06
-1.45387e-11
6.52678e-06
-1.03226e-11
6.52678e-06
-1.91484e-11
6.52678e-06
-1.34027e-11
6.52678e-06
-1.98135e-11
6.52678e-06
-1.41057e-11
6.52678e-06
-1.78217e-11
6.52678e-06
-1.24331e-11
6.52678e-06
-1.50142e-11
6.52678e-06
-9.16906e-12
6.52678e-06
-1.08099e-11
6.52678e-06
-4.74429e-12
6.52678e-06
-6.08801e-12
6.52678e-06
-3.80566e-14
6.52678e-06
-3.32244e-12
6.52678e-06
1.77077e-12
6.52678e-06
-1.73639e-12
6.52678e-06
2.59948e-12
6.52678e-06
-2.62513e-12
6.52679e-06
1.64677e-12
6.52679e-06
-5.89583e-12
6.52679e-06
-4.30718e-12
6.52679e-06
-2.20734e-11
6.52679e-06
-7.6723e-11
6.52678e-06
-3.21886e-10
-1.03498e-09
6.49315e-06
-2.28602e-09
6.4932e-06
-2.20377e-09
6.49322e-06
-5.18085e-10
6.4932e-06
3.42513e-10
6.49318e-06
3.56761e-10
6.49315e-06
2.83732e-10
6.49312e-06
2.82803e-10
6.49313e-06
9.72783e-10
6.49315e-06
1.495e-09
6.49316e-06
1.23273e-09
6.49317e-06
7.21177e-10
6.49318e-06
3.33919e-10
6.49318e-06
4.5507e-11
6.49318e-06
-3.22695e-10
6.49317e-06
-5.99507e-10
6.49315e-06
-7.01902e-10
6.49313e-06
-7.76758e-10
6.49311e-06
-9.04897e-10
6.49313e-06
-1.82584e-09
6.49318e-06
-2.32848e-09
6.49318e-06
-1.08455e-09
6.49316e-06
4.80533e-11
6.49315e-06
5.48948e-10
6.49313e-06
8.03765e-10
6.49312e-06
6.75479e-10
6.49311e-06
6.2047e-10
6.49311e-06
6.47064e-10
6.4931e-06
4.60099e-10
6.49311e-06
3.01936e-10
6.49311e-06
6.25085e-11
6.49311e-06
-1.89084e-11
6.4931e-06
-3.84129e-10
6.49314e-06
-1.3432e-09
6.49319e-06
-1.97916e-09
6.49322e-06
-1.34064e-09
6.49323e-06
-6.37574e-10
6.49323e-06
-1.88208e-10
6.49324e-06
2.53649e-10
6.49326e-06
1.40333e-09
6.49327e-06
2.11517e-09
6.49328e-06
1.84311e-09
6.49328e-06
1.5027e-09
6.49327e-06
9.37811e-10
6.49327e-06
7.20217e-10
6.49326e-06
6.15382e-10
6.49325e-06
4.64216e-10
6.49324e-06
2.83379e-10
6.49324e-06
1.55436e-10
6.49324e-06
4.96658e-11
6.49324e-06
2.01163e-11
6.49324e-06
-7.09586e-12
6.49324e-06
4.38384e-13
6.49324e-06
-6.41357e-12
6.49324e-06
1.03347e-11
6.49324e-06
3.4394e-12
6.49324e-06
2.02362e-11
6.49323e-06
2.12086e-11
6.49323e-06
4.05321e-11
6.49323e-06
2.97095e-11
6.49323e-06
3.78851e-11
6.49322e-06
2.89288e-11
6.49322e-06
3.00688e-11
6.49322e-06
2.01585e-11
6.49322e-06
2.61229e-11
6.49321e-06
1.74632e-11
6.49321e-06
2.7824e-11
6.49321e-06
1.60968e-11
6.4932e-06
2.59904e-11
6.4932e-06
1.92429e-11
6.4932e-06
3.14646e-11
6.4932e-06
1.24848e-11
6.4932e-06
1.45931e-11
6.49319e-06
-1.42498e-12
6.49319e-06
-1.91202e-12
6.49319e-06
-1.26243e-11
6.49319e-06
-9.17023e-12
6.49319e-06
-1.77999e-11
6.49319e-06
-1.25187e-11
6.49319e-06
-1.91362e-11
6.49319e-06
-1.34629e-11
6.49319e-06
-1.77481e-11
6.49319e-06
-1.21898e-11
6.49319e-06
-1.5228e-11
6.49319e-06
-9.19476e-12
6.49319e-06
-1.13408e-11
6.49319e-06
-4.94933e-12
6.49319e-06
-6.84401e-12
6.49319e-06
-3.71589e-13
6.49319e-06
-4.1654e-12
6.49319e-06
1.19463e-12
6.49319e-06
-2.3443e-12
6.49319e-06
2.12199e-12
6.49319e-06
-2.90312e-12
6.49319e-06
1.39838e-12
6.49319e-06
-5.88485e-12
6.49319e-06
-4.36227e-12
6.49319e-06
-2.18816e-11
6.49319e-06
-7.66275e-11
6.49319e-06
-3.16632e-10
-1.00529e-09
6.45433e-06
-2.28371e-09
6.45439e-06
-2.25747e-09
6.45441e-06
-5.37957e-10
6.45439e-06
3.59211e-10
6.45437e-06
3.78745e-10
6.45433e-06
3.20671e-10
6.45431e-06
3.06594e-10
6.45431e-06
9.67905e-10
6.45433e-06
1.47344e-09
6.45435e-06
1.2159e-09
6.45436e-06
7.12065e-10
6.45437e-06
3.26263e-10
6.45437e-06
4.13482e-11
6.45436e-06
-3.16394e-10
6.45435e-06
-5.84594e-10
6.45433e-06
-6.84858e-10
6.45431e-06
-7.57622e-10
6.45429e-06
-8.84138e-10
6.45431e-06
-1.84544e-09
6.45436e-06
-2.37727e-09
6.45437e-06
-1.08755e-09
6.45435e-06
7.21491e-11
6.45433e-06
5.6333e-10
6.45431e-06
8.24133e-10
6.4543e-06
6.84319e-10
6.45429e-06
6.26052e-10
6.45429e-06
6.51794e-10
6.45428e-06
4.68016e-10
6.45428e-06
3.02576e-10
6.45429e-06
6.50008e-11
6.45429e-06
-2.40704e-11
6.45428e-06
-3.78597e-10
6.45431e-06
-1.37777e-09
6.45437e-06
-2.0361e-09
6.4544e-06
-1.36949e-09
6.4544e-06
-6.44103e-10
6.45441e-06
-1.92635e-10
6.45442e-06
2.39121e-10
6.45443e-06
1.39128e-09
6.45445e-06
2.09992e-09
6.45446e-06
1.8311e-09
6.45445e-06
1.507e-09
6.45445e-06
9.45025e-10
6.45444e-06
7.24343e-10
6.45444e-06
6.23814e-10
6.45443e-06
4.71371e-10
6.45442e-06
2.88813e-10
6.45442e-06
1.55273e-10
6.45442e-06
5.04964e-11
6.45442e-06
1.96504e-11
6.45442e-06
-6.31619e-12
6.45442e-06
1.03847e-12
6.45442e-06
-4.50677e-12
6.45442e-06
1.18087e-11
6.45442e-06
5.92755e-12
6.45441e-06
2.16793e-11
6.45441e-06
2.382e-11
6.45441e-06
4.18546e-11
6.45441e-06
3.26876e-11
6.45441e-06
3.97816e-11
6.4544e-06
3.13725e-11
6.4544e-06
3.19078e-11
6.4544e-06
2.2998e-11
6.4544e-06
2.8158e-11
6.45439e-06
2.01624e-11
6.45439e-06
2.97893e-11
6.45439e-06
1.8782e-11
6.45439e-06
2.74781e-11
6.45438e-06
2.17297e-11
6.45438e-06
3.25924e-11
6.45438e-06
1.51484e-11
6.45438e-06
1.63054e-11
6.45438e-06
3.31263e-13
6.45438e-06
-3.92314e-13
6.45438e-06
-1.10267e-11
6.45437e-06
-7.93433e-12
6.45437e-06
-1.65147e-11
6.45437e-06
-1.18071e-11
6.45437e-06
-1.81019e-11
6.45437e-06
-1.34079e-11
6.45437e-06
-1.68204e-11
6.45437e-06
-1.24803e-11
6.45437e-06
-1.46496e-11
6.45437e-06
-9.86202e-12
6.45437e-06
-1.0958e-11
6.45437e-06
-5.89417e-12
6.45437e-06
-6.63162e-12
6.45437e-06
-1.29838e-12
6.45437e-06
-4.26277e-12
6.45437e-06
1.90496e-13
6.45437e-06
-2.41943e-12
6.45437e-06
1.33854e-12
6.45437e-06
-2.79691e-12
6.45437e-06
1.05869e-12
6.45437e-06
-5.69793e-12
6.45437e-06
-4.55863e-12
6.45437e-06
-2.13939e-11
6.45437e-06
-7.62261e-11
6.45437e-06
-3.10953e-10
-9.72437e-10
6.40988e-06
-2.27909e-09
6.40994e-06
-2.3165e-09
6.40995e-06
-5.57063e-10
6.40994e-06
3.77182e-10
6.40992e-06
4.00881e-10
6.40988e-06
3.58256e-10
6.40985e-06
3.30658e-10
6.40986e-06
9.61835e-10
6.40988e-06
1.4513e-09
6.4099e-06
1.19842e-09
6.40991e-06
7.02461e-10
6.40992e-06
3.18619e-10
6.40992e-06
3.75785e-11
6.40991e-06
-3.08879e-10
6.4099e-06
-5.68209e-10
6.40988e-06
-6.66191e-10
6.40986e-06
-7.36534e-10
6.40983e-06
-8.61148e-10
6.40985e-06
-1.8648e-09
6.40991e-06
-2.4295e-09
6.40991e-06
-1.0899e-09
6.40989e-06
9.76598e-11
6.40987e-06
5.78289e-10
6.40985e-06
8.44907e-10
6.40984e-06
6.94026e-10
6.40984e-06
6.31112e-10
6.40983e-06
6.57543e-10
6.40983e-06
4.76068e-10
6.40982e-06
3.04537e-10
6.40983e-06
6.71964e-11
6.40983e-06
-2.81758e-11
6.40982e-06
-3.72064e-10
6.40985e-06
-1.41259e-09
6.40991e-06
-2.0965e-09
6.40994e-06
-1.39891e-09
6.40994e-06
-6.50505e-10
6.40995e-06
-1.9701e-10
6.40996e-06
2.23501e-10
6.40997e-06
1.37936e-09
6.40999e-06
2.08526e-09
6.41e-06
1.81794e-09
6.41e-06
1.51175e-09
6.40999e-06
9.51939e-10
6.40999e-06
7.28251e-10
6.40998e-06
6.31727e-10
6.40997e-06
4.7879e-10
6.40996e-06
2.94123e-10
6.40996e-06
1.55238e-10
6.40996e-06
5.13318e-11
6.40996e-06
1.95798e-11
6.40996e-06
-5.48515e-12
6.40996e-06
2.0915e-12
6.40996e-06
-2.58433e-12
6.40996e-06
1.36248e-11
6.40996e-06
8.2264e-12
6.40995e-06
2.32284e-11
6.40995e-06
2.6122e-11
6.40995e-06
4.31473e-11
6.40995e-06
3.53258e-11
6.40995e-06
4.15281e-11
6.40995e-06
3.31096e-11
6.40994e-06
3.36944e-11
6.40994e-06
2.45949e-11
6.40994e-06
2.96898e-11
6.40994e-06
2.20207e-11
6.40994e-06
3.13309e-11
6.40994e-06
2.06885e-11
6.40993e-06
2.86443e-11
6.40993e-06
2.3642e-11
6.40993e-06
3.35889e-11
6.40993e-06
1.75441e-11
6.40993e-06
1.76853e-11
6.40993e-06
2.13053e-12
6.40993e-06
7.80106e-13
6.40992e-06
-9.26623e-12
6.40992e-06
-6.81748e-12
6.40992e-06
-1.51599e-11
6.40992e-06
-1.08163e-11
6.40992e-06
-1.73254e-11
6.40992e-06
-1.25639e-11
6.40992e-06
-1.66139e-11
6.40992e-06
-1.20088e-11
6.40992e-06
-1.4712e-11
6.40992e-06
-9.65045e-12
6.40992e-06
-1.13538e-11
6.40992e-06
-5.88383e-12
6.40992e-06
-7.29236e-12
6.40992e-06
-1.46995e-12
6.40992e-06
-5.04053e-12
6.40992e-06
-2.63036e-13
6.40992e-06
-2.99291e-12
6.40992e-06
9.57043e-13
6.40992e-06
-3.04517e-12
6.40992e-06
8.99813e-13
6.40992e-06
-5.63288e-12
6.40992e-06
-4.49302e-12
6.40992e-06
-2.1097e-11
6.40992e-06
-7.56993e-11
6.40991e-06
-3.04486e-10
-9.3984e-10
6.35928e-06
-2.27969e-09
6.35934e-06
-2.37822e-09
6.35936e-06
-5.76615e-10
6.35934e-06
3.96088e-10
6.35932e-06
4.22641e-10
6.35928e-06
3.95946e-10
6.35925e-06
3.53891e-10
6.35926e-06
9.55412e-10
6.35928e-06
1.42884e-09
6.3593e-06
1.18111e-09
6.35931e-06
6.93048e-10
6.35932e-06
3.11153e-10
6.35932e-06
3.4664e-11
6.35931e-06
-3.00587e-10
6.3593e-06
-5.50751e-10
6.35928e-06
-6.4598e-10
6.35925e-06
-7.14283e-10
6.35923e-06
-8.35464e-10
6.35925e-06
-1.88499e-09
6.35931e-06
-2.48534e-09
6.35931e-06
-1.09214e-09
6.35928e-06
1.24978e-10
6.35927e-06
5.92898e-10
6.35925e-06
8.66486e-10
6.35924e-06
7.03388e-10
6.35923e-06
6.36173e-10
6.35923e-06
6.62695e-10
6.35922e-06
4.84985e-10
6.35922e-06
3.06747e-10
6.35922e-06
7.10912e-11
6.35922e-06
-3.19517e-11
6.35921e-06
-3.62623e-10
6.35924e-06
-1.44815e-09
6.35931e-06
-2.15914e-09
6.35933e-06
-1.4284e-09
6.35934e-06
-6.55756e-10
6.35934e-06
-2.00774e-10
6.35936e-06
2.07099e-10
6.35937e-06
1.36821e-09
6.35938e-06
2.07161e-09
6.35939e-06
1.80445e-09
6.35939e-06
1.51611e-09
6.35938e-06
9.58766e-10
6.35938e-06
7.31375e-10
6.35937e-06
6.39522e-10
6.35936e-06
4.86291e-10
6.35936e-06
2.99703e-10
6.35936e-06
1.54928e-10
6.35936e-06
5.25408e-11
6.35936e-06
1.97582e-11
6.35936e-06
-4.05459e-12
6.35935e-06
3.45865e-12
6.35935e-06
-2.10189e-13
6.35935e-06
1.54879e-11
6.35935e-06
1.07e-11
6.35935e-06
2.45276e-11
6.35934e-06
2.82322e-11
6.35934e-06
4.37932e-11
6.35934e-06
3.76339e-11
6.35934e-06
4.25544e-11
6.35934e-06
3.44839e-11
6.35934e-06
3.44314e-11
6.35934e-06
2.62522e-11
6.35934e-06
3.05879e-11
6.35933e-06
2.34715e-11
6.35933e-06
3.2199e-11
6.35933e-06
2.21948e-11
6.35933e-06
2.91421e-11
6.35933e-06
2.51073e-11
6.35933e-06
3.38265e-11
6.35933e-06
1.9621e-11
6.35933e-06
1.89043e-11
6.35933e-06
3.39363e-12
6.35933e-06
2.05218e-12
6.35932e-06
-7.91966e-12
6.35932e-06
-5.62813e-12
6.35932e-06
-1.39337e-11
6.35932e-06
-1.00282e-11
6.35932e-06
-1.62121e-11
6.35932e-06
-1.23752e-11
6.35932e-06
-1.55116e-11
6.35932e-06
-1.21081e-11
6.35932e-06
-1.39397e-11
6.35932e-06
-1.0125e-11
6.35932e-06
-1.07738e-11
6.35932e-06
-6.65962e-12
6.35932e-06
-6.90628e-12
6.35932e-06
-2.25453e-12
6.35932e-06
-5.01086e-12
6.35932e-06
-1.1487e-12
6.35932e-06
-2.99772e-12
6.35932e-06
2.67149e-13
6.35932e-06
-2.8949e-12
6.35932e-06
6.62025e-13
6.35932e-06
-5.40983e-12
6.35932e-06
-4.57759e-12
6.35932e-06
-2.05114e-11
6.35932e-06
-7.48353e-11
6.35931e-06
-2.97588e-10
-9.03353e-10
6.30189e-06
-2.27812e-09
6.30196e-06
-2.44657e-09
6.30198e-06
-5.9567e-10
6.30196e-06
4.16226e-10
6.30194e-06
4.44319e-10
6.3019e-06
4.34439e-10
6.30187e-06
3.77534e-10
6.30188e-06
9.47832e-10
6.3019e-06
1.40569e-09
6.30192e-06
1.16333e-09
6.30193e-06
6.83426e-10
6.30194e-06
3.03991e-10
6.30194e-06
3.25187e-11
6.30193e-06
-2.90652e-10
6.30191e-06
-5.31381e-10
6.30189e-06
-6.23799e-10
6.30187e-06
-6.89793e-10
6.30184e-06
-8.07099e-10
6.30186e-06
-1.90542e-09
6.30192e-06
-2.54589e-09
6.30192e-06
-1.09408e-09
6.3019e-06
1.53651e-10
6.30188e-06
6.07901e-10
6.30186e-06
8.8855e-10
6.30185e-06
7.13568e-10
6.30184e-06
6.40817e-10
6.30184e-06
6.68851e-10
6.30183e-06
4.94285e-10
6.30183e-06
3.10439e-10
6.30183e-06
7.48571e-11
6.30183e-06
-3.41191e-11
6.30181e-06
-3.51477e-10
6.30185e-06
-1.48426e-09
6.30192e-06
-2.22605e-09
6.30194e-06
-1.45875e-09
6.30195e-06
-6.60901e-10
6.30195e-06
-2.04385e-10
6.30197e-06
1.89512e-10
6.30198e-06
1.35729e-09
6.30199e-06
2.05849e-09
6.302e-06
1.78947e-09
6.302e-06
1.52087e-09
6.30199e-06
9.65149e-10
6.30199e-06
7.34194e-10
6.30198e-06
6.46907e-10
6.30198e-06
4.94302e-10
6.30197e-06
3.05454e-10
6.30197e-06
1.55041e-10
6.30197e-06
5.39984e-11
6.30197e-06
2.0632e-11
6.30197e-06
-2.25607e-12
6.30196e-06
5.44871e-12
6.30196e-06
2.32376e-12
6.30196e-06
1.76958e-11
6.30196e-06
1.30098e-11
6.30195e-06
2.58888e-11
6.30195e-06
2.99925e-11
6.30195e-06
4.43571e-11
6.30195e-06
3.94678e-11
6.30195e-06
4.33451e-11
6.30195e-06
3.51171e-11
6.30195e-06
3.51033e-11
6.30195e-06
2.66195e-11
6.30195e-06
3.09241e-11
6.30195e-06
2.40712e-11
6.30195e-06
3.25634e-11
6.30195e-06
2.28986e-11
6.30195e-06
2.92477e-11
6.30195e-06
2.59436e-11
6.30194e-06
3.38674e-11
6.30194e-06
2.12783e-11
6.30194e-06
1.96468e-11
6.30194e-06
4.67383e-12
6.30194e-06
2.8607e-12
6.30194e-06
-6.41243e-12
6.30194e-06
-4.63558e-12
6.30194e-06
-1.26298e-11
6.30194e-06
-8.97988e-12
6.30194e-06
-1.53555e-11
6.30194e-06
-1.13472e-11
6.30194e-06
-1.51627e-11
6.30193e-06
-1.13999e-11
6.30193e-06
-1.38221e-11
6.30193e-06
-9.6497e-12
6.30193e-06
-1.09886e-11
6.30193e-06
-6.39305e-12
6.30193e-06
-7.41505e-12
6.30193e-06
-2.2193e-12
6.30194e-06
-5.66729e-12
6.30194e-06
-1.44245e-12
6.30194e-06
-3.49979e-12
6.30194e-06
-4.11881e-15
6.30194e-06
-3.10133e-12
6.30194e-06
5.8353e-13
6.30194e-06
-5.297e-12
6.30194e-06
-4.41288e-12
6.30194e-06
-2.01172e-11
6.30194e-06
-7.38876e-11
6.30193e-06
-2.89877e-10
-8.67126e-10
6.23692e-06
-2.28216e-09
6.237e-06
-2.51918e-09
6.23701e-06
-6.15774e-10
6.23699e-06
4.37273e-10
6.23697e-06
4.65417e-10
6.23693e-06
4.73366e-10
6.23691e-06
4.00764e-10
6.23692e-06
9.39948e-10
6.23694e-06
1.3821e-09
6.23696e-06
1.14586e-09
6.23697e-06
6.74299e-10
6.23697e-06
2.97385e-10
6.23698e-06
3.16585e-11
6.23696e-06
-2.79378e-10
6.23694e-06
-5.10392e-10
6.23692e-06
-5.99666e-10
6.23689e-06
-6.63771e-10
6.23686e-06
-7.756e-10
6.23688e-06
-1.92722e-09
6.23695e-06
-2.6117e-09
6.23695e-06
-1.0963e-09
6.23693e-06
1.84199e-10
6.23691e-06
6.22312e-10
6.23689e-06
9.11515e-10
6.23688e-06
7.23588e-10
6.23687e-06
6.45556e-10
6.23687e-06
6.74634e-10
6.23686e-06
5.0477e-10
6.23685e-06
3.14764e-10
6.23685e-06
8.06221e-11
6.23685e-06
-3.54987e-11
6.23684e-06
-3.36829e-10
6.23687e-06
-1.52155e-09
6.23694e-06
-2.29655e-09
6.23697e-06
-1.48975e-09
6.23697e-06
-6.65065e-10
6.23698e-06
-2.07363e-10
6.23699e-06
1.70983e-10
6.237e-06
1.34717e-09
6.23702e-06
2.04617e-09
6.23703e-06
1.77358e-09
6.23703e-06
1.52513e-09
6.23702e-06
9.714e-10
6.23702e-06
7.36242e-10
6.23701e-06
6.54291e-10
6.237e-06
5.02716e-10
6.237e-06
3.11817e-10
6.237e-06
1.55243e-10
6.237e-06
5.62166e-11
6.23699e-06
2.21349e-11
6.23699e-06
4.10476e-13
6.23699e-06
7.9275e-12
6.23699e-06
5.36477e-12
6.23698e-06
1.99538e-11
6.23698e-06
1.54343e-11
6.23698e-06
2.69381e-11
6.23698e-06
3.14829e-11
6.23698e-06
4.42171e-11
6.23698e-06
4.09011e-11
6.23698e-06
4.33662e-11
6.23698e-06
3.53364e-11
6.23698e-06
3.46671e-11
6.23698e-06
2.70264e-11
6.23698e-06
3.06077e-11
6.23698e-06
2.42232e-11
6.23698e-06
3.223e-11
6.23698e-06
2.31557e-11
6.23698e-06
2.86521e-11
6.23698e-06
2.62845e-11
6.23698e-06
3.31162e-11
6.23698e-06
2.25631e-11
6.23698e-06
2.02043e-11
6.23698e-06
5.34801e-12
6.23698e-06
3.74981e-12
6.23697e-06
-5.38544e-12
6.23697e-06
-3.58959e-12
6.23697e-06
-1.15009e-11
6.23697e-06
-8.16092e-12
6.23697e-06
-1.41788e-11
6.23697e-06
-1.10179e-11
6.23697e-06
-1.38972e-11
6.23697e-06
-1.12843e-11
6.23697e-06
-1.28455e-11
6.23697e-06
-9.88425e-12
6.23697e-06
-1.01901e-11
6.23697e-06
-6.93355e-12
6.23697e-06
-6.82714e-12
6.23697e-06
-2.79987e-12
6.23697e-06
-5.47217e-12
6.23697e-06
-2.16092e-12
6.23697e-06
-3.40594e-12
6.23697e-06
-5.79485e-13
6.23697e-06
-2.89954e-12
6.23697e-06
4.32121e-13
6.23697e-06
-5.03928e-12
6.23697e-06
-4.40955e-12
6.23697e-06
-1.94436e-11
6.23697e-06
-7.25844e-11
6.23696e-06
-2.81702e-10
-8.26311e-10
6.16334e-06
-2.28427e-09
6.16342e-06
-2.60034e-09
6.16344e-06
-6.35895e-10
6.16342e-06
4.59536e-10
6.1634e-06
4.86238e-10
6.16336e-06
5.13564e-10
6.16333e-06
4.24938e-10
6.16334e-06
9.31185e-10
6.16336e-06
1.35777e-09
6.16338e-06
1.12815e-09
6.16339e-06
6.65383e-10
6.1634e-06
2.91549e-10
6.1634e-06
3.21059e-11
6.16338e-06
-2.65905e-10
6.16336e-06
-4.8698e-10
6.16333e-06
-5.73199e-10
6.1633e-06
-6.35217e-10
6.16327e-06
-7.40949e-10
6.16329e-06
-1.95011e-09
6.16337e-06
-2.68429e-09
6.16337e-06
-1.09874e-09
6.16334e-06
2.16161e-10
6.16332e-06
6.36955e-10
6.1633e-06
9.35231e-10
6.16329e-06
7.34633e-10
6.16328e-06
6.50173e-10
6.16328e-06
6.81554e-10
6.16327e-06
5.1598e-10
6.16327e-06
3.20898e-10
6.16326e-06
8.65964e-11
6.16326e-06
-3.46091e-11
6.16324e-06
-3.19673e-10
6.16328e-06
-1.56009e-09
6.16335e-06
-2.37289e-09
6.16338e-06
-1.52226e-09
6.16339e-06
-6.69217e-10
6.16339e-06
-2.10014e-10
6.16341e-06
1.51126e-10
6.16342e-06
1.33732e-09
6.16343e-06
2.03413e-09
6.16345e-06
1.75554e-09
6.16344e-06
1.52961e-09
6.16344e-06
9.77129e-10
6.16344e-06
7.38045e-10
6.16343e-06
6.61486e-10
6.16342e-06
5.12015e-10
6.16341e-06
3.18803e-10
6.16341e-06
1.56335e-10
6.16341e-06
5.90833e-11
6.1634e-06
2.47076e-11
6.1634e-06
3.73706e-12
6.1634e-06
1.11165e-11
6.16339e-06
8.58858e-12
6.16339e-06
2.24441e-11
6.16339e-06
1.7612e-11
6.16339e-06
2.79269e-11
6.16339e-06
3.25178e-11
6.16339e-06
4.39002e-11
6.16339e-06
4.17104e-11
6.16339e-06
4.30629e-11
6.16339e-06
3.47862e-11
6.16339e-06
3.41727e-11
6.16339e-06
2.61276e-11
6.16339e-06
2.97143e-11
6.16339e-06
2.3556e-11
6.16339e-06
3.13666e-11
6.16339e-06
2.2633e-11
6.16339e-06
2.76484e-11
6.16339e-06
2.59855e-11
6.16339e-06
3.21445e-11
6.1634e-06
2.33225e-11
6.1634e-06
2.01807e-11
6.1634e-06
6.03841e-12
6.1634e-06
4.0878e-12
6.16339e-06
-4.18832e-12
6.16339e-06
-2.80313e-12
6.16339e-06
-1.02832e-11
6.16339e-06
-7.09702e-12
6.16339e-06
-1.32596e-11
6.16339e-06
-9.8044e-12
6.16339e-06
-1.34202e-11
6.16339e-06
-1.03216e-11
6.16339e-06
-1.25434e-11
6.16339e-06
-9.10763e-12
6.16339e-06
-1.02099e-11
6.16338e-06
-6.35578e-12
6.16339e-06
-7.16124e-12
6.16339e-06
-2.50314e-12
6.16339e-06
-5.97059e-12
6.16339e-06
-2.24711e-12
6.16339e-06
-3.80815e-12
6.16339e-06
-7.17274e-13
6.16339e-06
-3.05601e-12
6.16339e-06
4.22437e-13
6.16339e-06
-4.88218e-12
6.16339e-06
-4.16902e-12
6.16339e-06
-1.89653e-11
6.16339e-06
-7.12283e-11
6.16338e-06
-2.72655e-10
-7.85507e-10
6.07979e-06
-2.29274e-09
6.07988e-06
-2.68796e-09
6.0799e-06
-6.58041e-10
6.07987e-06
4.82777e-10
6.07985e-06
5.06424e-10
6.07981e-06
5.54935e-10
6.07979e-06
4.49608e-10
6.0798e-06
9.22524e-10
6.07982e-06
1.33301e-09
6.07984e-06
1.11087e-09
6.07985e-06
6.5735e-10
6.07985e-06
2.86808e-10
6.07985e-06
3.43966e-11
6.07983e-06
-2.50438e-10
6.07981e-06
-4.61373e-10
6.07978e-06
-5.44413e-10
6.07975e-06
-6.04732e-10
6.07971e-06
-7.0272e-10
6.07974e-06
-1.97538e-09
6.07982e-06
-2.76463e-09
6.07982e-06
-1.10193e-09
6.07979e-06
2.50185e-10
6.07977e-06
6.51002e-10
6.07975e-06
9.60147e-10
6.07974e-06
7.45985e-10
6.07973e-06
6.55328e-10
6.07972e-06
6.88571e-10
6.07972e-06
5.28646e-10
6.07971e-06
3.28203e-10
6.07971e-06
9.48071e-11
6.0797e-06
-3.21306e-11
6.07968e-06
-2.98396e-10
6.07972e-06
-1.6008e-09
6.0798e-06
-2.45498e-09
6.07983e-06
-1.55617e-09
6.07983e-06
-6.72506e-10
6.07983e-06
-2.11783e-10
6.07985e-06
1.30105e-10
6.07986e-06
1.32807e-09
6.07987e-06
2.0224e-09
6.07989e-06
1.73553e-09
6.07989e-06
1.53337e-09
6.07989e-06
9.82625e-10
6.07988e-06
7.3938e-10
6.07988e-06
6.69e-10
6.07987e-06
5.22167e-10
6.07986e-06
3.26884e-10
6.07985e-06
1.58118e-10
6.07985e-06
6.3152e-11
6.07985e-06
2.83099e-11
6.07984e-06
8.10408e-12
6.07984e-06
1.48067e-11
6.07984e-06
1.21897e-11
6.07983e-06
2.48142e-11
6.07983e-06
1.97023e-11
6.07983e-06
2.84684e-11
6.07983e-06
3.31161e-11
6.07983e-06
4.28178e-11
6.07983e-06
4.19544e-11
6.07983e-06
4.19208e-11
6.07984e-06
3.37828e-11
6.07984e-06
3.24841e-11
6.07984e-06
2.53264e-11
6.07984e-06
2.81988e-11
6.07984e-06
2.24458e-11
6.07984e-06
2.98335e-11
6.07984e-06
2.16671e-11
6.07984e-06
2.59977e-11
6.07984e-06
2.51839e-11
6.07984e-06
3.04418e-11
6.07985e-06
2.36386e-11
6.07985e-06
2.00198e-11
6.07985e-06
6.05559e-12
6.07985e-06
4.55351e-12
6.07985e-06
-3.55631e-12
6.07985e-06
-1.94756e-12
6.07984e-06
-9.30152e-12
6.07984e-06
-6.30095e-12
6.07984e-06
-1.20242e-11
6.07984e-06
-9.40191e-12
6.07984e-06
-1.1945e-11
6.07984e-06
-1.0034e-11
6.07984e-06
-1.13099e-11
6.07984e-06
-9.14283e-12
6.07984e-06
-9.12009e-12
6.07984e-06
-6.69553e-12
6.07984e-06
-6.27879e-12
6.07984e-06
-2.89184e-12
6.07984e-06
-5.51848e-12
6.07984e-06
-2.79235e-12
6.07984e-06
-3.54882e-12
6.07984e-06
-1.17958e-12
6.07984e-06
-2.76724e-12
6.07984e-06
3.46242e-13
6.07984e-06
-4.5921e-12
6.07984e-06
-4.11322e-12
6.07984e-06
-1.82073e-11
6.07984e-06
-6.94679e-11
6.07983e-06
-2.63077e-10
-7.3879e-10
5.98445e-06
-2.29939e-09
5.98455e-06
-2.78663e-09
5.98457e-06
-6.80763e-10
5.98454e-06
5.07264e-10
5.98452e-06
5.26322e-10
5.98448e-06
5.98298e-10
5.98445e-06
4.76022e-10
5.98446e-06
9.14027e-10
5.98449e-06
1.30799e-09
5.9845e-06
1.09355e-09
5.98451e-06
6.49958e-10
5.98451e-06
2.83411e-10
5.98451e-06
3.86102e-11
5.98449e-06
-2.32242e-10
5.98446e-06
-4.32888e-10
5.98443e-06
-5.12948e-10
5.9844e-06
-5.71494e-10
5.98436e-06
-6.60844e-10
5.98439e-06
-2.0032e-09
5.98448e-06
-2.85435e-09
5.98448e-06
-1.10569e-09
5.98445e-06
2.86155e-10
5.98443e-06
6.65058e-10
5.98441e-06
9.86017e-10
5.98439e-06
7.58566e-10
5.98439e-06
6.61317e-10
5.98438e-06
6.97536e-10
5.98437e-06
5.42715e-10
5.98436e-06
3.37769e-10
5.98436e-06
1.04116e-10
5.98435e-06
-2.70237e-11
5.98432e-06
-2.73852e-10
5.98436e-06
-1.64435e-09
5.98445e-06
-2.54518e-09
5.98449e-06
-1.59205e-09
5.98449e-06
-6.75424e-10
5.98449e-06
-2.12703e-10
5.98451e-06
1.0747e-10
5.98452e-06
1.31846e-09
5.98453e-06
2.00985e-09
5.98455e-06
1.71197e-09
5.98455e-06
1.53647e-09
5.98455e-06
9.87442e-10
5.98455e-06
7.41143e-10
5.98454e-06
6.77236e-10
5.98452e-06
5.33666e-10
5.98452e-06
3.36162e-10
5.98451e-06
1.61326e-10
5.98451e-06
6.84754e-11
5.9845e-06
3.32691e-11
5.9845e-06
1.31996e-11
5.98449e-06
1.90224e-11
5.98449e-06
1.57361e-11
5.98449e-06
2.70984e-11
5.98449e-06
2.12986e-11
5.98448e-06
2.86613e-11
5.98448e-06
3.30882e-11
5.98449e-06
4.13423e-11
5.98449e-06
4.15097e-11
5.98449e-06
4.03726e-11
5.98449e-06
3.19853e-11
5.98449e-06
3.08116e-11
5.9845e-06
2.31891e-11
5.9845e-06
2.6123e-11
5.9845e-06
2.0598e-11
5.9845e-06
2.78021e-11
5.9845e-06
2.00046e-11
5.9845e-06
2.39364e-11
5.98451e-06
2.38029e-11
5.98451e-06
2.84745e-11
5.98451e-06
2.3479e-11
5.98451e-06
1.91964e-11
5.98451e-06
6.15688e-12
5.98451e-06
4.38401e-12
5.98451e-06
-2.68302e-12
5.98451e-06
-1.40987e-12
5.98451e-06
-8.18481e-12
5.98451e-06
-5.25037e-12
5.98451e-06
-1.10522e-11
5.9845e-06
-8.00648e-12
5.9845e-06
-1.13533e-11
5.9845e-06
-8.81096e-12
5.9845e-06
-1.08274e-11
5.9845e-06
-8.04711e-12
5.9845e-06
-8.94456e-12
5.9845e-06
-5.77716e-12
5.9845e-06
-6.42886e-12
5.9845e-06
-2.30057e-12
5.9845e-06
-5.82844e-12
5.9845e-06
-2.63138e-12
5.9845e-06
-3.82295e-12
5.9845e-06
-1.15885e-12
5.9845e-06
-2.86107e-12
5.9845e-06
4.00054e-13
5.9845e-06
-4.39044e-12
5.9845e-06
-3.81622e-12
5.9845e-06
-1.76555e-11
5.9845e-06
-6.76799e-11
5.98449e-06
-2.52527e-10
-6.91863e-10
5.87479e-06
-2.31454e-09
5.8749e-06
-2.89377e-09
5.87492e-06
-7.06872e-10
5.8749e-06
5.31989e-10
5.87488e-06
5.45488e-10
5.87483e-06
6.43276e-10
5.87481e-06
5.03293e-10
5.87481e-06
9.07941e-10
5.87483e-06
1.28496e-09
5.87485e-06
1.07724e-09
5.87486e-06
6.43839e-10
5.87486e-06
2.81699e-10
5.87485e-06
4.51699e-11
5.87483e-06
-2.1156e-10
5.8748e-06
-4.01774e-10
5.87477e-06
-4.78852e-10
5.87473e-06
-5.35962e-10
5.87469e-06
-6.15076e-10
5.87472e-06
-2.03556e-09
5.87482e-06
-2.95464e-09
5.87483e-06
-1.11031e-09
5.87479e-06
3.24055e-10
5.87477e-06
6.78145e-10
5.87475e-06
1.01257e-09
5.87474e-06
7.70971e-10
5.87473e-06
6.70139e-10
5.87471e-06
7.09771e-10
5.8747e-06
5.5948e-10
5.87469e-06
3.49244e-10
5.87468e-06
1.16347e-10
5.87467e-06
-1.98253e-11
5.87464e-06
-2.44974e-10
5.87469e-06
-1.69272e-09
5.87479e-06
-2.64374e-09
5.87482e-06
-1.62855e-09
5.87482e-06
-6.76357e-10
5.87482e-06
-2.11771e-10
5.87484e-06
8.31808e-11
5.87486e-06
1.30716e-09
5.87487e-06
1.99445e-09
5.8749e-06
1.68379e-09
5.8749e-06
1.537e-09
5.87489e-06
9.90863e-10
5.87489e-06
7.44556e-10
5.87488e-06
6.88851e-10
5.87486e-06
5.47248e-10
5.87485e-06
3.47224e-10
5.87485e-06
1.65922e-10
5.87484e-06
7.5517e-11
5.87484e-06
3.94069e-11
5.87483e-06
1.91198e-11
5.87483e-06
2.33457e-11
5.87482e-06
1.91841e-11
5.87482e-06
2.88336e-11
5.87482e-06
2.24211e-11
5.87482e-06
2.81121e-11
5.87482e-06
3.23944e-11
5.87482e-06
3.89444e-11
5.87483e-06
4.03961e-11
5.87483e-06
3.78977e-11
5.87483e-06
2.97299e-11
5.87483e-06
2.77613e-11
5.87484e-06
2.13712e-11
5.87484e-06
2.34978e-11
5.87484e-06
1.8367e-11
5.87484e-06
2.51875e-11
5.87484e-06
1.7966e-11
5.87485e-06
2.13073e-11
5.87485e-06
2.1985e-11
5.87485e-06
2.58402e-11
5.87485e-06
2.29392e-11
5.87485e-06
1.84296e-11
5.87485e-06
5.47429e-12
5.87486e-06
4.53232e-12
5.87485e-06
-2.53088e-12
5.87485e-06
-7.07809e-13
5.87485e-06
-7.40529e-12
5.87485e-06
-4.54436e-12
5.87485e-06
-9.71778e-12
5.87485e-06
-7.72471e-12
5.87485e-06
-9.49208e-12
5.87485e-06
-8.51372e-12
5.87485e-06
-9.1811e-12
5.87484e-06
-8.07702e-12
5.87485e-06
-7.36921e-12
5.87484e-06
-6.12774e-12
5.87484e-06
-5.02302e-12
5.87484e-06
-2.64755e-12
5.87484e-06
-4.9222e-12
5.87484e-06
-3.08391e-12
5.87484e-06
-3.25592e-12
5.87484e-06
-1.558e-12
5.87484e-06
-2.39252e-12
5.87484e-06
3.9015e-13
5.87484e-06
-4.0541e-12
5.87484e-06
-3.75843e-12
5.87484e-06
-1.67785e-11
5.87484e-06
-6.53464e-11
5.87483e-06
-2.41406e-10
-6.36958e-10
5.74717e-06
-2.33111e-09
5.74729e-06
-3.01549e-09
5.74732e-06
-7.34863e-10
5.7473e-06
5.53199e-10
5.74728e-06
5.6337e-10
5.74723e-06
6.90054e-10
5.74721e-06
5.30635e-10
5.74721e-06
9.08915e-10
5.74722e-06
1.2717e-09
5.74723e-06
1.06454e-09
5.74724e-06
6.39431e-10
5.74724e-06
2.82049e-10
5.74723e-06
5.40157e-11
5.7472e-06
-1.87972e-10
5.74717e-06
-3.67582e-10
5.74713e-06
-4.41863e-10
5.74709e-06
-4.97333e-10
5.74705e-06
-5.65895e-10
5.74709e-06
-2.07622e-09
5.7472e-06
-3.0687e-09
5.74721e-06
-1.1165e-09
5.74718e-06
3.59741e-10
5.74716e-06
6.89728e-10
5.74714e-06
1.03851e-09
5.74713e-06
7.8166e-10
5.74711e-06
6.86736e-10
5.74708e-06
7.34827e-10
5.74706e-06
5.82084e-10
5.74705e-06
3.64353e-10
5.74704e-06
1.30469e-10
5.74703e-06
-9.34436e-12
5.74699e-06
-2.13409e-10
5.74705e-06
-1.75066e-09
5.74716e-06
-2.75446e-09
5.74719e-06
-1.66342e-09
5.74719e-06
-6.74014e-10
5.74719e-06
-2.08126e-10
5.74721e-06
5.66143e-11
5.74723e-06
1.28906e-09
5.74725e-06
1.96888e-09
5.74729e-06
1.64711e-09
5.74729e-06
1.53347e-09
5.7473e-06
9.8996e-10
5.74728e-06
7.55029e-10
5.74726e-06
7.12274e-10
5.74724e-06
5.66762e-10
5.74723e-06
3.61012e-10
5.74722e-06
1.72911e-10
5.74721e-06
8.41081e-11
5.74721e-06
4.66916e-11
5.7472e-06
2.52554e-11
5.74719e-06
2.74476e-11
5.74719e-06
2.19223e-11
5.74719e-06
2.98385e-11
5.74719e-06
2.26219e-11
5.74719e-06
2.68703e-11
5.74719e-06
3.08209e-11
5.7472e-06
3.59785e-11
5.7472e-06
3.8376e-11
5.7472e-06
3.4946e-11
5.74721e-06
2.66678e-11
5.74721e-06
2.49648e-11
5.74721e-06
1.81276e-11
5.74721e-06
2.03939e-11
5.74722e-06
1.55584e-11
5.74722e-06
2.2158e-11
5.74722e-06
1.53889e-11
5.74722e-06
1.83834e-11
5.74723e-06
1.96899e-11
5.74723e-06
2.30241e-11
5.74723e-06
2.18814e-11
5.74723e-06
1.68524e-11
5.74723e-06
5.09147e-12
5.74724e-06
3.89273e-12
5.74723e-06
-1.92129e-12
5.74723e-06
-4.18663e-13
5.74723e-06
-6.36004e-12
5.74723e-06
-3.52268e-12
5.74723e-06
-8.68533e-12
5.74723e-06
-6.15287e-12
5.74723e-06
-8.80292e-12
5.74723e-06
-7.03711e-12
5.74723e-06
-8.53653e-12
5.74722e-06
-6.66651e-12
5.74723e-06
-7.02371e-12
5.74722e-06
-4.86886e-12
5.74722e-06
-5.01209e-12
5.74722e-06
-1.76382e-12
5.74722e-06
-5.03484e-12
5.74722e-06
-2.65721e-12
5.74722e-06
-3.38571e-12
5.74722e-06
-1.36215e-12
5.74722e-06
-2.41048e-12
5.74722e-06
4.98686e-13
5.74722e-06
-3.79455e-12
5.74722e-06
-3.4215e-12
5.74722e-06
-1.61435e-11
5.74722e-06
-6.30172e-11
5.74721e-06
-2.292e-10
-5.83941e-10
5.59609e-06
-2.37868e-09
5.59624e-06
-3.15919e-09
5.59627e-06
-7.74156e-10
5.59627e-06
5.56271e-10
5.59626e-06
5.78705e-10
5.5962e-06
7.42242e-10
5.59618e-06
5.54524e-10
5.59616e-06
9.33565e-10
5.59613e-06
1.29499e-09
5.59613e-06
1.0673e-09
5.59613e-06
6.39854e-10
5.59613e-06
2.85307e-10
5.59611e-06
6.52501e-11
5.59609e-06
-1.62019e-10
5.59605e-06
-3.30585e-10
5.59601e-06
-4.01716e-10
5.59597e-06
-4.55812e-10
5.59592e-06
-5.14681e-10
5.59599e-06
-2.14259e-09
5.59613e-06
-3.21005e-09
5.59614e-06
-1.13048e-09
5.59613e-06
3.79861e-10
5.59612e-06
6.96681e-10
5.59609e-06
1.0664e-09
5.59608e-06
7.86002e-10
5.59604e-06
7.275e-10
5.59598e-06
7.99657e-10
5.59594e-06
6.23977e-10
5.59592e-06
3.86005e-10
5.59591e-06
1.49967e-10
5.59589e-06
2.5134e-12
5.59586e-06
-1.8083e-10
5.59594e-06
-1.83675e-09
5.59608e-06
-2.8917e-09
5.59611e-06
-1.69411e-09
5.5961e-06
-6.65439e-10
5.59609e-06
-2.0056e-10
5.59612e-06
2.75988e-11
5.59615e-06
1.25344e-09
5.5962e-06
1.91424e-09
5.59625e-06
1.59791e-09
5.59626e-06
1.52638e-09
5.59627e-06
9.81239e-10
5.59624e-06
7.88592e-10
5.59617e-06
7.75447e-10
5.59614e-06
6.04371e-10
5.59612e-06
3.81047e-10
5.5961e-06
1.82774e-10
5.5961e-06
9.49296e-11
5.59609e-06
5.44604e-11
5.59608e-06
3.10375e-11
5.59608e-06
3.05545e-11
5.59608e-06
2.35669e-11
5.59608e-06
2.96347e-11
5.59608e-06
2.17868e-11
5.59608e-06
2.44409e-11
5.59608e-06
2.83727e-11
5.59609e-06
3.18349e-11
5.59609e-06
3.58997e-11
5.59609e-06
3.10838e-11
5.5961e-06
2.31781e-11
5.5961e-06
2.06743e-11
5.5961e-06
1.54375e-11
5.59611e-06
1.68562e-11
5.59611e-06
1.24483e-11
5.59611e-06
1.87208e-11
5.59612e-06
1.25385e-11
5.59612e-06
1.49435e-11
5.59612e-06
1.71067e-11
5.59613e-06
1.95408e-11
5.59613e-06
2.08384e-11
5.59613e-06
1.56442e-11
5.59613e-06
3.85849e-12
5.59613e-06
3.83674e-12
5.59613e-06
-2.16705e-12
5.59613e-06
1.79611e-13
5.59613e-06
-5.74703e-12
5.59613e-06
-2.89824e-12
5.59613e-06
-7.25325e-12
5.59613e-06
-5.99001e-12
5.59613e-06
-6.5833e-12
5.59612e-06
-6.72681e-12
5.59612e-06
-6.51467e-12
5.59612e-06
-6.69504e-12
5.59612e-06
-5.01284e-12
5.59612e-06
-5.23663e-12
5.59612e-06
-3.13071e-12
5.59612e-06
-2.07987e-12
5.59612e-06
-3.68398e-12
5.59612e-06
-2.99432e-12
5.59612e-06
-2.51243e-12
5.59612e-06
-1.67013e-12
5.59612e-06
-1.76004e-12
5.59612e-06
5.65594e-13
5.59612e-06
-3.40566e-12
5.59612e-06
-3.35343e-12
5.59612e-06
-1.51246e-11
5.59612e-06
-5.98548e-11
5.5961e-06
-2.16415e-10
-5.26748e-10
5.41272e-06
-2.51469e-09
5.41295e-06
-3.39227e-09
5.41302e-06
-8.40855e-10
5.41307e-06
5.06052e-10
5.41305e-06
6.01217e-10
5.41296e-06
8.3236e-10
5.41293e-06
5.77187e-10
5.41284e-06
1.02806e-09
5.4127e-06
1.43024e-09
5.41265e-06
1.11818e-09
5.41264e-06
6.5233e-10
5.41263e-06
2.92972e-10
5.41262e-06
7.82708e-11
5.41259e-06
-1.34096e-10
5.41255e-06
-2.90646e-10
5.41251e-06
-3.5815e-10
5.41246e-06
-4.09998e-10
5.41241e-06
-4.66023e-10
5.41257e-06
-2.30226e-09
5.41282e-06
-3.44851e-09
5.41286e-06
-1.17463e-09
5.4129e-06
3.46623e-10
5.41288e-06
7.08286e-10
5.41282e-06
1.12607e-09
5.41282e-06
7.84476e-10
5.41271e-06
8.39688e-10
5.41253e-06
9.82004e-10
5.41244e-06
7.1806e-10
5.4124e-06
4.22538e-10
5.41239e-06
1.73559e-10
5.41236e-06
1.8513e-11
5.41234e-06
-1.5393e-10
5.41252e-06
-2.02085e-09
5.41276e-06
-3.12901e-09
5.41279e-06
-1.73004e-09
5.41278e-06
-6.52846e-10
5.41276e-06
-1.89326e-10
5.41279e-06
-2.39635e-12
5.41286e-06
1.18442e-09
5.41298e-06
1.79301e-09
5.41304e-06
1.54217e-09
5.41302e-06
1.54609e-09
5.41304e-06
9.63824e-10
5.41293e-06
8.92886e-10
5.41275e-06
9.55792e-10
5.41266e-06
6.95193e-10
5.41263e-06
4.15517e-10
5.41261e-06
1.98278e-10
5.4126e-06
1.06605e-10
5.41259e-06
6.16588e-11
5.41259e-06
3.53323e-11
5.41259e-06
3.18169e-11
5.41259e-06
2.34257e-11
5.41259e-06
2.77615e-11
5.41259e-06
1.95874e-11
5.41259e-06
2.1082e-11
5.4126e-06
2.48109e-11
5.4126e-06
2.71059e-11
5.41261e-06
3.20794e-11
5.41261e-06
2.66935e-11
5.41262e-06
1.8955e-11
5.41262e-06
1.70571e-11
5.41262e-06
1.12706e-11
5.41263e-06
1.30196e-11
5.41263e-06
9.06946e-12
5.41263e-06
1.49867e-11
5.41264e-06
9.42993e-12
5.41264e-06
1.14807e-11
5.41264e-06
1.41797e-11
5.41264e-06
1.60984e-11
5.41265e-06
1.89958e-11
5.41265e-06
1.33663e-11
5.41265e-06
3.29662e-12
5.41265e-06
2.7677e-12
5.41265e-06
-1.58266e-12
5.41265e-06
2.24755e-13
5.41265e-06
-4.63626e-12
5.41265e-06
-1.87126e-12
5.41265e-06
-6.16842e-12
5.41265e-06
-4.09106e-12
5.41265e-06
-5.98537e-12
5.41264e-06
-4.87764e-12
5.41264e-06
-5.8844e-12
5.41264e-06
-4.82357e-12
5.41264e-06
-4.7322e-12
5.41264e-06
-3.47671e-12
5.41264e-06
-3.2276e-12
5.41264e-06
-8.12686e-13
5.41264e-06
-3.77013e-12
5.41264e-06
-2.21164e-12
5.41264e-06
-2.60654e-12
5.41264e-06
-1.23281e-12
5.41264e-06
-1.76799e-12
5.41264e-06
7.13541e-13
5.41264e-06
-3.06537e-12
5.41264e-06
-2.94881e-12
5.41264e-06
-1.43535e-11
5.41263e-06
-5.65515e-11
5.41262e-06
-2.02069e-10
-4.90904e-10
5.18171e-06
-3.00997e-09
5.1823e-06
-3.97198e-09
5.18243e-06
-9.74346e-10
5.18256e-06
3.7187e-10
5.18245e-06
7.09285e-10
5.18218e-06
1.1039e-09
5.18213e-06
6.28485e-10
5.18185e-06
1.30497e-09
5.18144e-06
1.84836e-09
5.18127e-06
1.28362e-09
5.18124e-06
6.86813e-10
5.18122e-06
3.0492e-10
5.18121e-06
9.11274e-11
5.18118e-06
-1.05738e-10
5.18114e-06
-2.47694e-10
5.18109e-06
-3.09829e-10
5.18104e-06
-3.58226e-10
5.181e-06
-4.28213e-10
5.1815e-06
-2.8005e-09
5.18211e-06
-4.05957e-09
5.18223e-06
-1.28603e-09
5.18235e-06
2.28671e-10
5.18225e-06
7.99169e-10
5.18202e-06
1.35738e-09
5.182e-06
8.04663e-10
5.1817e-06
1.13694e-09
5.18123e-06
1.45571e-09
5.18102e-06
9.33977e-10
5.18096e-06
4.84899e-10
5.18093e-06
2.03329e-10
5.18091e-06
3.59664e-11
5.1809e-06
-1.44295e-10
5.18143e-06
-2.55228e-09
5.18206e-06
-3.7576e-09
5.18216e-06
-1.83931e-09
5.18217e-06
-6.56138e-10
5.18216e-06
-1.81575e-10
5.18218e-06
-2.4642e-11
5.18226e-06
1.10659e-09
5.18246e-06
1.58747e-09
5.18245e-06
1.55917e-09
5.18226e-06
1.7329e-09
5.18226e-06
9.66884e-10
5.18197e-06
1.18198e-09
5.1815e-06
1.42819e-09
5.18128e-06
9.0849e-10
5.18122e-06
4.75984e-10
5.1812e-06
2.19641e-10
5.18119e-06
1.176e-10
5.18118e-06
6.59038e-11
5.18118e-06
3.65068e-11
5.18118e-06
3.0074e-11
5.18119e-06
2.09598e-11
5.18119e-06
2.38268e-11
5.1812e-06
1.59692e-11
5.1812e-06
1.65609e-11
5.1812e-06
2.02007e-11
5.18121e-06
2.14828e-11
5.18122e-06
2.72392e-11
5.18122e-06
2.12954e-11
5.18123e-06
1.45583e-11
5.18123e-06
1.14297e-11
5.18123e-06
8.63595e-12
5.18124e-06
9.062e-12
5.18124e-06
5.67947e-12
5.18124e-06
1.10302e-11
5.18125e-06
6.29412e-12
5.18125e-06
7.92681e-12
5.18125e-06
1.10619e-11
5.18126e-06
1.243e-11
5.18126e-06
1.67465e-11
5.18126e-06
1.20021e-11
5.18126e-06
1.58972e-12
5.18127e-06
2.92753e-12
5.18126e-06
-2.29404e-12
5.18127e-06
8.9397e-13
5.18126e-06
-4.21417e-12
5.18126e-06
-1.52496e-12
5.18126e-06
-4.47126e-12
5.18126e-06
-4.65732e-12
5.18126e-06
-2.89885e-12
5.18126e-06
-5.0863e-12
5.18126e-06
-3.05976e-12
5.18125e-06
-5.50375e-12
5.18125e-06
-1.78549e-12
5.18125e-06
-4.60759e-12
5.18125e-06
-3.04347e-13
5.18125e-06
-1.72246e-12
5.18125e-06
-1.49739e-12
5.18125e-06
-2.8213e-12
5.18125e-06
-1.0934e-12
5.18125e-06
-1.72044e-12
5.18125e-06
-6.95231e-13
5.18125e-06
7.50814e-13
5.18125e-06
-2.53606e-12
5.18125e-06
-3.00113e-12
5.18125e-06
-1.28661e-11
5.18124e-06
-5.13987e-11
5.18123e-06
-1.85331e-10
-4.84429e-10
4.87349e-06
-4.56697e-09
4.87523e-06
-5.71135e-09
4.87531e-06
-1.05604e-09
4.87529e-06
3.91605e-10
4.87478e-06
1.2191e-09
4.87394e-06
1.94749e-09
4.87378e-06
7.85235e-10
4.87315e-06
1.9364e-09
4.87222e-06
2.78048e-09
4.87189e-06
1.60596e-09
4.87186e-06
7.2491e-10
4.87185e-06
3.075e-10
4.87185e-06
9.6429e-11
4.87182e-06
-7.93049e-11
4.87177e-06
-2.00241e-10
4.87172e-06
-2.5325e-10
4.87165e-06
-2.95377e-10
4.87163e-06
-4.07511e-10
4.87318e-06
-4.35078e-09
4.87499e-06
-5.86058e-09
4.87505e-06
-1.34409e-09
4.87501e-06
2.66951e-10
4.87452e-06
1.28309e-09
4.87374e-06
2.14566e-09
4.87362e-06
9.2037e-10
4.87296e-06
1.79441e-09
4.87196e-06
2.45879e-09
4.87158e-06
1.31955e-09
4.87151e-06
5.57561e-10
4.87149e-06
2.26832e-10
4.87147e-06
4.89035e-11
4.87149e-06
-1.65765e-10
4.87309e-06
-4.15119e-09
4.87497e-06
-5.63546e-09
4.87532e-06
-2.20032e-09
4.87538e-06
-7.13145e-10
4.87539e-06
-1.88075e-10
4.87537e-06
-9.71139e-12
4.87517e-06
1.30755e-09
4.87519e-06
1.564e-09
4.87479e-06
1.96405e-09
4.87405e-06
2.47111e-09
4.87395e-06
1.06381e-09
4.8733e-06
1.83181e-09
4.8723e-06
2.43178e-09
4.87191e-06
1.29325e-09
4.87184e-06
5.4753e-10
4.87183e-06
2.34594e-10
4.87183e-06
1.20322e-10
4.87183e-06
6.25764e-11
4.87183e-06
3.21671e-11
4.87184e-06
2.422e-11
4.87184e-06
1.57342e-11
4.87185e-06
1.77132e-11
4.87185e-06
1.09818e-11
4.87186e-06
1.10246e-11
4.87187e-06
1.46157e-11
4.87187e-06
1.50889e-11
4.87188e-06
2.14054e-11
4.87188e-06
1.53477e-11
4.87189e-06
9.86779e-12
4.87189e-06
5.86156e-12
4.8719e-06
5.88068e-12
4.8719e-06
5.12712e-12
4.8719e-06
2.45785e-12
4.87191e-06
7.00236e-12
4.87191e-06
3.26568e-12
4.87191e-06
4.42984e-12
4.87192e-06
7.80193e-12
4.87192e-06
8.60491e-12
4.87193e-06
1.40337e-11
4.87193e-06
1.02932e-11
4.87193e-06
1.29122e-13
4.87193e-06
2.95487e-12
4.87193e-06
-2.74934e-12
4.87193e-06
1.43133e-12
4.87193e-06
-3.61288e-12
4.87193e-06
-1.18131e-12
4.87193e-06
-2.77408e-12
4.87192e-06
-4.93142e-12
4.87192e-06
-7.61749e-14
4.87192e-06
-4.99087e-12
4.87192e-06
-4.48588e-13
4.87192e-06
-5.79844e-12
4.87192e-06
8.62152e-13
4.87192e-06
-5.33372e-12
4.87192e-06
2.25973e-12
4.87191e-06
-2.40332e-12
4.87192e-06
5.9838e-13
4.87191e-06
-3.15222e-12
4.87191e-06
3.09904e-13
4.87191e-06
-2.02056e-12
4.87191e-06
2.99782e-13
4.87191e-06
7.5776e-13
4.87191e-06
-1.93159e-12
4.87191e-06
-2.92414e-12
4.87191e-06
-1.09551e-11
4.87191e-06
-4.40707e-11
4.87188e-06
-1.60935e-10
-5.36055e-10
4.42177e-06
-7.72251e-09
4.42514e-06
-9.07813e-09
4.42428e-06
-2.05291e-10
4.4233e-06
1.37425e-09
4.42214e-06
2.37307e-09
4.42065e-06
3.44625e-09
4.4205e-06
9.3023e-10
4.41967e-06
2.76636e-09
4.41855e-06
3.90387e-09
4.41839e-06
1.76129e-09
4.41849e-06
6.24233e-10
4.41855e-06
2.48647e-10
4.41857e-06
7.61239e-11
4.41855e-06
-5.58503e-11
4.41849e-06
-1.4043e-10
4.41841e-06
-1.76427e-10
4.41832e-06
-2.07234e-10
4.41828e-06
-3.65023e-10
4.42144e-06
-7.51117e-09
4.42484e-06
-9.25413e-09
4.42393e-06
-4.29301e-10
4.42291e-06
1.28791e-09
4.42179e-06
2.40331e-09
4.42036e-06
3.56742e-09
4.42027e-06
1.01037e-09
4.4194e-06
2.66338e-09
4.41818e-06
3.68452e-09
4.41794e-06
1.56686e-09
4.41799e-06
5.06357e-10
4.41803e-06
1.99021e-10
4.41803e-06
3.81983e-11
4.41806e-06
-1.95913e-10
4.42129e-06
-7.38536e-09
4.42486e-06
-9.20359e-09
4.42524e-06
-2.59091e-09
4.42526e-06
-7.31135e-10
4.42525e-06
-1.7965e-10
4.42517e-06
7.25065e-11
4.42401e-06
2.46199e-09
4.42315e-06
2.42203e-09
4.42218e-06
2.93948e-09
4.42083e-06
3.81087e-09
4.42078e-06
1.124e-09
4.41992e-06
2.69268e-09
4.41869e-06
3.66346e-09
4.41844e-06
1.54198e-09
4.41849e-06
4.97452e-10
4.41852e-06
1.93984e-10
4.41855e-06
9.64152e-11
4.41857e-06
4.39447e-11
4.41858e-06
1.97662e-11
4.41859e-06
1.37262e-11
4.4186e-06
7.96983e-12
4.41861e-06
9.84882e-12
4.41862e-06
5.09657e-12
4.41862e-06
4.47819e-12
4.41863e-06
8.34046e-12
4.41863e-06
7.37937e-12
4.41864e-06
1.53941e-11
4.41865e-06
8.78437e-12
4.41865e-06
5.30185e-12
4.41866e-06
-4.35678e-13
4.41866e-06
4.51853e-12
4.41867e-06
1.50831e-12
4.41867e-06
-2.3688e-13
4.41867e-06
3.14587e-12
4.41867e-06
6.05371e-13
4.41868e-06
7.69555e-13
4.41868e-06
4.47961e-12
4.41868e-06
3.88377e-12
4.41869e-06
1.1518e-11
4.41869e-06
9.0203e-12
4.41869e-06
-1.82334e-12
4.4187e-06
3.94295e-12
4.41869e-06
-3.80897e-12
4.41869e-06
2.33843e-12
4.41869e-06
-3.32322e-12
4.41869e-06
-1.33854e-12
4.41869e-06
-6.72453e-13
4.41869e-06
-6.69121e-12
4.41869e-06
4.18133e-12
4.41868e-06
-6.09934e-12
4.41868e-06
3.42612e-12
4.41868e-06
-7.54533e-12
4.41868e-06
5.01904e-12
4.41868e-06
-7.76335e-12
4.41868e-06
6.50092e-12
4.41868e-06
-4.53598e-12
4.41868e-06
4.10863e-12
4.41868e-06
-4.18929e-12
4.41868e-06
2.68428e-12
4.41868e-06
-2.76086e-12
4.41868e-06
1.91847e-12
4.41868e-06
6.21511e-13
4.41868e-06
-1.11136e-12
4.41868e-06
-2.83357e-12
4.41867e-06
-7.46869e-12
4.41866e-06
-3.10346e-11
4.41862e-06
-1.18643e-10
-5.28396e-10
3.63301e-06
3.62393e-06
3.62373e-06
3.6251e-06
3.62747e-06
3.63092e-06
3.63185e-06
3.63462e-06
3.63852e-06
3.64028e-06
3.64091e-06
3.64115e-06
3.64123e-06
3.64118e-06
3.64103e-06
3.64086e-06
3.64065e-06
3.64029e-06
3.63277e-06
3.62352e-06
3.62309e-06
3.62438e-06
3.62678e-06
3.63035e-06
3.63136e-06
3.63402e-06
3.63771e-06
3.63928e-06
3.63978e-06
3.63998e-06
3.64002e-06
3.63982e-06
3.63244e-06
3.62323e-06
3.62064e-06
3.61991e-06
3.61973e-06
3.6198e-06
3.62227e-06
3.62469e-06
3.62763e-06
3.63144e-06
3.63256e-06
3.63526e-06
3.63892e-06
3.64046e-06
3.64096e-06
3.64115e-06
3.64125e-06
3.64129e-06
3.64131e-06
3.64133e-06
3.64133e-06
3.64134e-06
3.64135e-06
3.64135e-06
3.64136e-06
3.64137e-06
3.64138e-06
3.64139e-06
3.6414e-06
3.6414e-06
3.6414e-06
3.6414e-06
3.6414e-06
3.64141e-06
3.64141e-06
3.64141e-06
3.64141e-06
3.64142e-06
3.64143e-06
3.64144e-06
3.64144e-06
3.64144e-06
3.64144e-06
3.64144e-06
3.64144e-06
3.64143e-06
3.64143e-06
3.64143e-06
3.64143e-06
3.64142e-06
3.64143e-06
3.64142e-06
3.64143e-06
3.64142e-06
3.64142e-06
3.64142e-06
3.64142e-06
3.64142e-06
3.64142e-06
3.64142e-06
3.64142e-06
3.64142e-06
3.64142e-06
3.64142e-06
3.64141e-06
3.64138e-06
3.64126e-06
)
;

boundaryField
{
    inlet
    {
        type            cyclic;
        value           nonuniform List<scalar> 
50
(
-5.9846e-06
-5.87493e-06
-5.7473e-06
-5.59622e-06
-5.41288e-06
-5.18209e-06
-4.87446e-06
-4.42278e-06
-3.6252e-06
-6.07995e-06
-6.1635e-06
-6.23709e-06
-6.30206e-06
-6.35945e-06
-6.41005e-06
-6.4545e-06
-6.49331e-06
-6.5269e-06
-6.55561e-06
-6.57972e-06
-6.59946e-06
-6.61502e-06
-6.62657e-06
-6.63419e-06
-6.63798e-06
-6.63797e-06
-6.63416e-06
-6.62651e-06
-6.61494e-06
-6.59936e-06
-6.5796e-06
-6.55547e-06
-6.52676e-06
-6.49316e-06
-6.45434e-06
-6.40988e-06
-6.35928e-06
-6.30189e-06
-6.23692e-06
-6.16334e-06
-6.07978e-06
-5.98444e-06
-5.87478e-06
-5.74716e-06
-5.59605e-06
-5.41259e-06
-5.18124e-06
-4.87195e-06
-4.41864e-06
-3.64073e-06
)
;
    }
    outlet
    {
        type            cyclic;
        value           nonuniform List<scalar> 
50
(
5.9846e-06
5.87493e-06
5.7473e-06
5.59622e-06
5.41288e-06
5.18209e-06
4.87446e-06
4.42278e-06
3.6252e-06
6.07995e-06
6.1635e-06
6.23709e-06
6.30206e-06
6.35945e-06
6.41005e-06
6.4545e-06
6.49331e-06
6.5269e-06
6.55561e-06
6.57972e-06
6.59946e-06
6.61502e-06
6.62657e-06
6.63419e-06
6.63798e-06
6.63797e-06
6.63416e-06
6.62651e-06
6.61494e-06
6.59936e-06
6.5796e-06
6.55547e-06
6.52676e-06
6.49316e-06
6.45434e-06
6.40988e-06
6.35928e-06
6.30189e-06
6.23692e-06
6.16334e-06
6.07978e-06
5.98444e-06
5.87478e-06
5.74716e-06
5.59605e-06
5.41259e-06
5.18124e-06
4.87195e-06
4.41864e-06
3.64073e-06
)
;
    }
    bottomWall
    {
        type            calculated;
        value           uniform 0;
    }
    topWall
    {
        type            calculated;
        value           uniform 0;
    }
    frontAndBack
    {
        type            empty;
    }
}


// ************************************************************************* //
