/*--------------------------------*- C++ -*----------------------------------*\
  =========                 |
  \\      /  F ield         | OpenFOAM: The Open Source CFD Toolbox
   \\    /   O peration     | Website:  https://openfoam.org
    \\  /    A nd           | Version:  11
     \\/     M anipulation  |
\*---------------------------------------------------------------------------*/
FoamFile
{
    format      ascii;
    class       volVectorField;
    location    "600";
    object      U;
}
// * * * * * * * * * * * * * * * * * * * * * * * * * * * * * * * * * * * * * //

dimensions      [0 1 -1 0 0 0 0];

internalField   nonuniform List<vector> 
5000
(
(6.05239 0.00186382 0)
(6.06317 -0.000472166 0)
(6.04168 -0.000732762 0)
(6.0438 0.000197397 0)
(6.04165 0.000237434 0)
(6.05115 0.000950594 0)
(6.06268 0.000727938 0)
(6.06753 -0.00103284 0)
(6.04319 -0.00185023 0)
(6.03559 -0.000738899 0)
(6.0333 -0.000311579 0)
(6.03259 -0.000138146 0)
(6.03234 -4.87114e-05 0)
(6.03195 0.000881216 0)
(6.04068 0.000871077 0)
(6.04039 0.000587242 0)
(6.05057 0.000844877 0)
(6.05424 0.000405804 0)
(6.05521 0.000330028 0)
(6.06349 0.000417942 0)
(6.06756 0.000265724 0)
(6.06906 0.000108548 0)
(6.0697 4.00515e-05 0)
(6.07001 1.31479e-05 0)
(6.07019 1.16346e-06 0)
(6.07024 4.83642e-07 0)
(6.0702 1.15816e-06 0)
(6.07012 1.16386e-06 0)
(6.07006 -3.37794e-07 0)
(6.07002 -9.96337e-07 0)
(6.07001 -6.99797e-07 0)
(6.07001 3.32844e-07 0)
(6.07003 3.73312e-06 0)
(6.07002 7.8374e-06 0)
(6.06997 9.98199e-06 0)
(6.06991 8.44336e-06 0)
(6.06984 4.74957e-06 0)
(6.06981 3.69371e-06 0)
(6.06986 -0.00141201 0)
(6.04394 -0.00201328 0)
(6.03589 -0.00082939 0)
(6.03352 -0.000349376 0)
(6.03285 -0.000156977 0)
(6.03265 -6.83686e-05 0)
(6.03254 -2.73579e-05 0)
(6.03245 -1.1112e-05 0)
(6.03239 -5.114e-06 0)
(6.03237 -3.45295e-06 0)
(6.03236 -2.40706e-06 0)
(6.03237 -1.76969e-06 0)
(6.03238 -8.33285e-07 0)
(6.03239 -7.62365e-07 0)
(6.0324 -1.92173e-07 0)
(6.03241 -4.0858e-07 0)
(6.03242 -1.85857e-08 0)
(6.03243 -4.12368e-07 0)
(6.03243 -6.50043e-08 0)
(6.03244 -4.1796e-07 0)
(6.03244 -1.65175e-07 0)
(6.03245 -3.57278e-07 0)
(6.03245 -2.09866e-07 0)
(6.03245 -3.03997e-07 0)
(6.03246 -4.30606e-08 0)
(6.03247 -2.24038e-07 0)
(6.03247 9.606e-08 0)
(6.03249 -2.17331e-07 0)
(6.03249 9.34519e-08 0)
(6.0325 -3.10413e-07 0)
(6.0325 2.04038e-08 0)
(6.03251 -3.27978e-07 0)
(6.03251 -6.96826e-08 0)
(6.03251 -2.32223e-07 0)
(6.03251 -9.68895e-08 0)
(6.03251 -1.60399e-07 0)
(6.03251 -4.18943e-08 0)
(6.03251 -1.23006e-07 0)
(6.03251 1.77736e-08 0)
(6.03251 -1.23963e-07 0)
(6.03251 5.31134e-08 0)
(6.03251 -9.98866e-08 0)
(6.03251 6.8578e-08 0)
(6.03251 -6.79759e-08 0)
(6.03251 8.18238e-08 0)
(6.03251 -5.50447e-08 0)
(6.03251 9.16288e-08 0)
(6.03251 -4.60777e-08 0)
(6.03251 1.06731e-07 0)
(6.03251 -7.17203e-08 0)
(6.03251 1.34548e-07 0)
(6.03251 -2.16043e-08 0)
(6.03251 1.03777e-07 0)
(6.03251 -2.70276e-08 0)
(6.0325 9.61197e-08 0)
(6.03251 -4.36231e-08 0)
(6.0325 1.2356e-07 0)
(6.0325 3.44369e-08 0)
(6.0325 4.3989e-07 0)
(6.03249 1.25151e-06 0)
(6.03245 6.83151e-06 0)
(6.03202 0.00131407 0)
(7.3681 0.000654538 0)
(7.36616 -5.08683e-05 0)
(7.37444 -0.00020327 0)
(7.37199 -5.18936e-06 0)
(7.37256 8.43607e-05 0)
(7.369 0.000249235 0)
(7.36551 0.000240813 0)
(7.36523 -0.000238865 0)
(7.37519 -0.000598479 0)
(7.37583 -0.000370929 0)
(7.37559 -0.000185546 0)
(7.37544 -9.01094e-05 0)
(7.3753 -3.2783e-05 0)
(7.37471 0.000309523 0)
(7.37149 0.000321606 0)
(7.37215 0.000263345 0)
(7.36844 0.000384659 0)
(7.36826 0.000267601 0)
(7.36874 7.50118e-05 0)
(7.36547 7.33058e-05 0)
(7.36451 9.62082e-05 0)
(7.36473 5.10038e-05 0)
(7.36493 1.65814e-05 0)
(7.36506 3.56016e-06 0)
(7.36517 -2.86716e-06 0)
(7.36521 8.98826e-07 0)
(7.36521 3.53659e-06 0)
(7.36516 3.99842e-06 0)
(7.36514 1.41334e-06 0)
(7.36512 4.71757e-07 0)
(7.36513 -2.11856e-07 0)
(7.36512 3.59475e-07 0)
(7.36511 3.73904e-06 0)
(7.36505 8.08684e-06 0)
(7.36497 1.10144e-05 0)
(7.36489 9.17868e-06 0)
(7.36483 5.35402e-06 0)
(7.36482 2.27358e-06 0)
(7.36528 -0.000423786 0)
(7.37516 -0.00070686 0)
(7.37576 -0.000435512 0)
(7.37557 -0.000218417 0)
(7.37549 -0.000107449 0)
(7.37544 -4.7574e-05 0)
(7.37539 -1.69912e-05 0)
(7.37534 -5.39887e-06 0)
(7.37532 -2.2391e-06 0)
(7.37531 -2.4243e-06 0)
(7.37532 -1.63576e-06 0)
(7.37533 -1.65162e-06 0)
(7.37534 -6.09377e-07 0)
(7.37535 -9.65956e-07 0)
(7.37536 -1.31578e-07 0)
(7.37537 -6.67636e-07 0)
(7.37537 1.64282e-08 0)
(7.37539 -7.1502e-07 0)
(7.37539 -1.00833e-07 0)
(7.3754 -7.92797e-07 0)
(7.3754 -3.11281e-07 0)
(7.3754 -6.57298e-07 0)
(7.3754 -3.40835e-07 0)
(7.37541 -4.95689e-07 0)
(7.37542 -4.47956e-08 0)
(7.37543 -3.8616e-07 0)
(7.37544 1.67247e-07 0)
(7.37545 -4.13807e-07 0)
(7.37545 1.67485e-07 0)
(7.37546 -5.58228e-07 0)
(7.37547 4.07975e-08 0)
(7.37547 -6.41791e-07 0)
(7.37547 -1.42188e-07 0)
(7.37547 -4.57984e-07 0)
(7.37547 -1.50918e-07 0)
(7.37547 -2.76049e-07 0)
(7.37547 -5.85047e-08 0)
(7.37548 -2.15187e-07 0)
(7.37548 3.71556e-08 0)
(7.37548 -2.15338e-07 0)
(7.37548 1.0268e-07 0)
(7.37548 -1.73344e-07 0)
(7.37548 1.31796e-07 0)
(7.37548 -1.23143e-07 0)
(7.37548 1.50543e-07 0)
(7.37548 -9.71443e-08 0)
(7.37548 1.62835e-07 0)
(7.37548 -8.59537e-08 0)
(7.37548 1.80467e-07 0)
(7.37548 -1.34187e-07 0)
(7.37547 2.37064e-07 0)
(7.37547 -5.19167e-08 0)
(7.37547 1.87962e-07 0)
(7.37547 -4.99627e-08 0)
(7.37547 1.70263e-07 0)
(7.37547 -8.70642e-08 0)
(7.37547 2.12731e-07 0)
(7.37547 2.12979e-08 0)
(7.37546 6.0189e-07 0)
(7.37546 1.59889e-06 0)
(7.37541 8.10033e-06 0)
(7.37474 0.000489372 0)
(8.1229 0.000255021 0)
(8.12174 3.3456e-05 0)
(8.12512 -8.23338e-05 0)
(8.1253 -5.60625e-05 0)
(8.126 1.88934e-05 0)
(8.1242 0.000104201 0)
(8.12164 0.000111774 0)
(8.12086 -4.26304e-05 0)
(8.12533 -0.000213139 0)
(8.12598 -0.000176557 0)
(8.12596 -0.00010484 0)
(8.1259 -5.46936e-05 0)
(8.12581 -1.99531e-05 0)
(8.12555 9.0836e-05 0)
(8.12516 0.000102676 0)
(8.1258 0.000131099 0)
(8.12388 0.000198302 0)
(8.12362 0.000158341 0)
(8.1238 5.27543e-05 0)
(8.12145 2.91598e-05 0)
(8.12026 4.27481e-05 0)
(8.12011 2.76997e-05 0)
(8.12013 8.25526e-06 0)
(8.12017 -2.49389e-07 0)
(8.12022 -5.44925e-06 0)
(8.12024 1.34604e-06 0)
(8.12023 5.00437e-06 0)
(8.1202 5.80795e-06 0)
(8.12019 2.35412e-06 0)
(8.12018 1.1706e-06 0)
(8.12018 1.87674e-07 0)
(8.12018 7.18918e-07 0)
(8.12016 4.71927e-06 0)
(8.12011 9.70028e-06 0)
(8.12004 1.28099e-05 0)
(8.11997 1.0156e-05 0)
(8.11993 5.59003e-06 0)
(8.11993 -4.82439e-07 0)
(8.12026 -0.000152853 0)
(8.125 -0.000293617 0)
(8.12577 -0.000230677 0)
(8.12584 -0.000136118 0)
(8.12586 -7.29418e-05 0)
(8.12584 -3.17605e-05 0)
(8.12581 -9.02996e-06 0)
(8.12577 -1.41315e-06 0)
(8.12576 -2.73773e-07 0)
(8.12576 -1.82705e-06 0)
(8.12576 -1.2484e-06 0)
(8.12577 -1.80504e-06 0)
(8.12578 -5.4355e-07 0)
(8.12579 -1.25792e-06 0)
(8.1258 -1.33306e-07 0)
(8.12581 -1.01654e-06 0)
(8.12581 4.24441e-09 0)
(8.12582 -1.11903e-06 0)
(8.12583 -1.73092e-07 0)
(8.12583 -1.26861e-06 0)
(8.12584 -5.08611e-07 0)
(8.12584 -1.04157e-06 0)
(8.12584 -5.27822e-07 0)
(8.12585 -7.66818e-07 0)
(8.12586 -9.37757e-08 0)
(8.12587 -6.34384e-07 0)
(8.12587 1.9313e-07 0)
(8.12588 -7.04761e-07 0)
(8.12589 2.03622e-07 0)
(8.1259 -8.94228e-07 0)
(8.1259 3.62196e-08 0)
(8.12591 -1.03025e-06 0)
(8.12591 -2.45476e-07 0)
(8.12591 -7.33263e-07 0)
(8.12591 -2.37953e-07 0)
(8.12591 -4.23404e-07 0)
(8.12592 -8.04149e-08 0)
(8.12592 -3.33894e-07 0)
(8.12592 5.22921e-08 0)
(8.12592 -3.26199e-07 0)
(8.12592 1.56015e-07 0)
(8.12592 -2.6643e-07 0)
(8.12592 2.09689e-07 0)
(8.12592 -1.93805e-07 0)
(8.12592 2.39746e-07 0)
(8.12592 -1.51603e-07 0)
(8.12592 2.58973e-07 0)
(8.12592 -1.36337e-07 0)
(8.12592 2.84374e-07 0)
(8.12592 -1.98081e-07 0)
(8.12592 3.61902e-07 0)
(8.12592 -8.9803e-08 0)
(8.12592 3.00194e-07 0)
(8.12592 -7.78859e-08 0)
(8.12592 2.71488e-07 0)
(8.12591 -1.3117e-07 0)
(8.12591 3.19783e-07 0)
(8.12591 5.31902e-09 0)
(8.12591 8.01503e-07 0)
(8.1259 2.01404e-06 0)
(8.12586 1.02646e-05 0)
(8.1255 0.000192643 0)
(8.63674 0.00012666 0)
(8.63646 3.61622e-05 0)
(8.63725 -2.73284e-05 0)
(8.63767 -2.99002e-05 0)
(8.63807 1.20698e-06 0)
(8.63761 3.78926e-05 0)
(8.6366 4.16103e-05 0)
(8.63619 -6.78795e-06 0)
(8.63735 -8.82652e-05 0)
(8.63743 -9.25988e-05 0)
(8.63735 -6.35408e-05 0)
(8.63728 -3.48903e-05 0)
(8.6372 -1.19819e-05 0)
(8.63712 4.35667e-05 0)
(8.63747 6.23948e-05 0)
(8.6379 7.95754e-05 0)
(8.63743 0.000110192 0)
(8.63747 0.000100545 0)
(8.63756 3.61632e-05 0)
(8.63646 5.95194e-06 0)
(8.63581 1.36428e-05 0)
(8.63566 1.23366e-05 0)
(8.63564 8.41981e-07 0)
(8.63565 -3.68115e-06 0)
(8.63567 -7.69745e-06 0)
(8.63567 1.95155e-06 0)
(8.63566 6.33141e-06 0)
(8.63562 7.38515e-06 0)
(8.63561 3.09895e-06 0)
(8.6356 1.78099e-06 0)
(8.6356 5.07797e-07 0)
(8.63559 1.29696e-06 0)
(8.63558 5.87224e-06 0)
(8.63553 1.1566e-05 0)
(8.63548 1.45946e-05 0)
(8.63543 1.10893e-05 0)
(8.63539 5.77018e-06 0)
(8.63539 -2.41732e-06 0)
(8.63558 -7.10185e-05 0)
(8.63695 -0.000150522 0)
(8.63717 -0.000141314 0)
(8.63717 -9.42736e-05 0)
(8.63718 -5.39825e-05 0)
(8.63716 -2.19904e-05 0)
(8.63713 -3.43604e-06 0)
(8.6371 1.59103e-06 0)
(8.63708 1.25978e-06 0)
(8.63708 -1.39307e-06 0)
(8.63708 -9.27448e-07 0)
(8.63709 -1.95457e-06 0)
(8.63709 -4.74894e-07 0)
(8.6371 -1.53677e-06 0)
(8.63711 -1.2773e-07 0)
(8.63712 -1.35689e-06 0)
(8.63712 -1.47369e-08 0)
(8.63713 -1.50994e-06 0)
(8.63714 -2.45478e-07 0)
(8.63714 -1.72153e-06 0)
(8.63714 -6.84501e-07 0)
(8.63715 -1.41376e-06 0)
(8.63715 -7.07699e-07 0)
(8.63716 -1.03917e-06 0)
(8.63717 -1.59293e-07 0)
(8.63718 -8.90683e-07 0)
(8.63718 1.89436e-07 0)
(8.63719 -1.00064e-06 0)
(8.6372 2.138e-07 0)
(8.63721 -1.23071e-06 0)
(8.63721 1.73166e-08 0)
(8.63722 -1.40872e-06 0)
(8.63722 -3.46932e-07 0)
(8.63722 -1.00196e-06 0)
(8.63722 -3.24598e-07 0)
(8.63723 -5.83552e-07 0)
(8.63723 -1.04498e-07 0)
(8.63723 -4.61266e-07 0)
(8.63723 6.04246e-08 0)
(8.63723 -4.38188e-07 0)
(8.63724 1.96872e-07 0)
(8.63724 -3.59763e-07 0)
(8.63724 2.76116e-07 0)
(8.63724 -2.6677e-07 0)
(8.63724 3.17615e-07 0)
(8.63724 -2.076e-07 0)
(8.63724 3.46464e-07 0)
(8.63724 -1.83451e-07 0)
(8.63724 3.81711e-07 0)
(8.63724 -2.46786e-07 0)
(8.63723 4.74607e-07 0)
(8.63723 -1.25636e-07 0)
(8.63723 4.09415e-07 0)
(8.63723 -1.05776e-07 0)
(8.63723 3.73601e-07 0)
(8.63723 -1.69231e-07 0)
(8.63723 4.25321e-07 0)
(8.63723 -9.84888e-09 0)
(8.63722 9.95422e-07 0)
(8.63722 2.32767e-06 0)
(8.63719 1.07698e-05 0)
(8.63706 9.63164e-05 0)
(9.02161 8.01404e-05 0)
(9.02162 3.14483e-05 0)
(9.02175 -4.55681e-06 0)
(9.02196 -7.71534e-06 0)
(9.02215 -1.53436e-07 0)
(9.02212 6.46649e-06 0)
(9.02181 3.50283e-06 0)
(9.02167 -3.75197e-06 0)
(9.02188 -4.50563e-05 0)
(9.02178 -5.62633e-05 0)
(9.02168 -4.32146e-05 0)
(9.0216 -2.40159e-05 0)
(9.02154 -6.87846e-06 0)
(9.02151 3.34408e-05 0)
(9.02178 5.84006e-05 0)
(9.02201 6.19694e-05 0)
(9.02199 7.05211e-05 0)
(9.02211 7.36182e-05 0)
(9.02217 2.3214e-05 0)
(9.02172 -9.88768e-06 0)
(9.02142 -4.48442e-06 0)
(9.02134 1.37972e-06 0)
(9.02132 -5.14139e-06 0)
(9.02132 -6.40062e-06 0)
(9.02133 -9.42027e-06 0)
(9.02132 2.68896e-06 0)
(9.0213 7.69632e-06 0)
(9.02127 8.87187e-06 0)
(9.02125 3.81093e-06 0)
(9.02124 2.36088e-06 0)
(9.02123 7.97685e-07 0)
(9.02123 1.90656e-06 0)
(9.02121 6.96138e-06 0)
(9.02117 1.32669e-05 0)
(9.02113 1.61447e-05 0)
(9.02108 1.1909e-05 0)
(9.02106 5.97996e-06 0)
(9.02106 -3.63802e-06 0)
(9.02115 -4.25547e-05 0)
(9.02149 -9.60638e-05 0)
(9.0215 -0.00010224 0)
(9.02148 -7.40715e-05 0)
(9.02147 -4.40516e-05 0)
(9.02146 -1.59959e-05 0)
(9.02143 5.604e-07 0)
(9.0214 3.919e-06 0)
(9.02138 2.52262e-06 0)
(9.02138 -1.01782e-06 0)
(9.02138 -6.28154e-07 0)
(9.02138 -2.0633e-06 0)
(9.02138 -3.93176e-07 0)
(9.02139 -1.76872e-06 0)
(9.0214 -1.19108e-07 0)
(9.0214 -1.65743e-06 0)
(9.02141 -3.58121e-08 0)
(9.02141 -1.86185e-06 0)
(9.02142 -3.20616e-07 0)
(9.02143 -2.13486e-06 0)
(9.02143 -8.4664e-07 0)
(9.02143 -1.75432e-06 0)
(9.02144 -8.76504e-07 0)
(9.02144 -1.29524e-06 0)
(9.02145 -2.35354e-07 0)
(9.02146 -1.13631e-06 0)
(9.02147 1.62316e-07 0)
(9.02147 -1.28214e-06 0)
(9.02148 2.00706e-07 0)
(9.02149 -1.54744e-06 0)
(9.02149 -2.02386e-08 0)
(9.0215 -1.76283e-06 0)
(9.0215 -4.46264e-07 0)
(9.0215 -1.25583e-06 0)
(9.0215 -4.12245e-07 0)
(9.02151 -7.43118e-07 0)
(9.02151 -1.38804e-07 0)
(9.02151 -5.89589e-07 0)
(9.02152 5.56543e-08 0)
(9.02152 -5.47385e-07 0)
(9.02152 2.18911e-07 0)
(9.02152 -4.493e-07 0)
(9.02152 3.27173e-07 0)
(9.02152 -3.39214e-07 0)
(9.02152 3.82493e-07 0)
(9.02152 -2.6323e-07 0)
(9.02152 4.22464e-07 0)
(9.02152 -2.26716e-07 0)
(9.02152 4.69451e-07 0)
(9.02152 -2.86109e-07 0)
(9.02152 5.765e-07 0)
(9.02152 -1.52547e-07 0)
(9.02152 5.0918e-07 0)
(9.02152 -1.27123e-07 0)
(9.02152 4.67939e-07 0)
(9.02151 -1.98143e-07 0)
(9.02151 5.21959e-07 0)
(9.02151 -2.26512e-08 0)
(9.02151 1.16445e-06 0)
(9.0215 2.54393e-06 0)
(9.02148 1.05701e-05 0)
(9.02146 6.23188e-05 0)
(9.32717 6.36006e-05 0)
(9.32722 2.84677e-05 0)
(9.32724 3.49486e-06 0)
(9.32733 3.91766e-06 0)
(9.32742 1.52032e-06 0)
(9.32749 -6.97007e-06 0)
(9.32743 -1.57527e-05 0)
(9.32739 -7.26698e-06 0)
(9.32739 -3.12067e-05 0)
(9.32728 -4.0374e-05 0)
(9.3272 -3.33116e-05 0)
(9.32713 -1.8071e-05 0)
(9.32708 -3.44243e-06 0)
(9.32707 3.24059e-05 0)
(9.3272 6.07315e-05 0)
(9.32733 5.75242e-05 0)
(9.3274 5.52398e-05 0)
(9.3275 6.15485e-05 0)
(9.32754 1.58472e-05 0)
(9.32736 -1.92405e-05 0)
(9.32721 -1.51694e-05 0)
(9.32717 -5.93356e-06 0)
(9.32716 -9.66521e-06 0)
(9.32716 -8.48426e-06 0)
(9.32717 -1.06951e-05 0)
(9.32716 3.50329e-06 0)
(9.32713 9.04148e-06 0)
(9.3271 1.02845e-05 0)
(9.32708 4.48023e-06 0)
(9.32706 2.95895e-06 0)
(9.32706 1.08632e-06 0)
(9.32705 2.50981e-06 0)
(9.32703 7.98471e-06 0)
(9.327 1.48574e-05 0)
(9.32696 1.75341e-05 0)
(9.32692 1.26746e-05 0)
(9.3269 6.2352e-06 0)
(9.3269 -4.3984e-06 0)
(9.32695 -3.29523e-05 0)
(9.32702 -7.58575e-05 0)
(9.327 -8.59137e-05 0)
(9.32698 -6.48732e-05 0)
(9.32698 -3.91712e-05 0)
(9.32698 -1.24412e-05 0)
(9.32695 3.42218e-06 0)
(9.32692 5.72326e-06 0)
(9.32691 3.55447e-06 0)
(9.3269 -6.90917e-07 0)
(9.32689 -3.55018e-07 0)
(9.3269 -2.13069e-06 0)
(9.3269 -3.09359e-07 0)
(9.3269 -1.94724e-06 0)
(9.32691 -1.12395e-07 0)
(9.32691 -1.90966e-06 0)
(9.32692 -6.07279e-08 0)
(9.32692 -2.16551e-06 0)
(9.32693 -4.00711e-07 0)
(9.32693 -2.50041e-06 0)
(9.32693 -9.9899e-07 0)
(9.32694 -2.05868e-06 0)
(9.32694 -1.03622e-06 0)
(9.32695 -1.52987e-06 0)
(9.32696 -3.21762e-07 0)
(9.32696 -1.36329e-06 0)
(9.32697 1.13227e-07 0)
(9.32698 -1.54036e-06 0)
(9.32698 1.63694e-07 0)
(9.32699 -1.83513e-06 0)
(9.327 -7.94463e-08 0)
(9.327 -2.08554e-06 0)
(9.327 -5.49177e-07 0)
(9.32701 -1.4909e-06 0)
(9.32701 -5.02883e-07 0)
(9.32701 -8.98706e-07 0)
(9.32702 -1.84021e-07 0)
(9.32702 -7.16324e-07 0)
(9.32702 3.6636e-08 0)
(9.32702 -6.52555e-07 0)
(9.32702 2.22559e-07 0)
(9.32703 -5.33251e-07 0)
(9.32703 3.55459e-07 0)
(9.32703 -4.04911e-07 0)
(9.32703 4.30806e-07 0)
(9.32703 -3.13816e-07 0)
(9.32703 4.82371e-07 0)
(9.32703 -2.62542e-07 0)
(9.32703 5.43598e-07 0)
(9.32703 -3.12767e-07 0)
(9.32702 6.65141e-07 0)
(9.32703 -1.6828e-07 0)
(9.32702 5.9705e-07 0)
(9.32702 -1.40226e-07 0)
(9.32702 5.52515e-07 0)
(9.32702 -2.15653e-07 0)
(9.32702 6.05794e-07 0)
(9.32702 -3.07742e-08 0)
(9.32702 1.30807e-06 0)
(9.32701 2.70301e-06 0)
(9.327 1.06606e-05 0)
(9.32701 5.04366e-05 0)
(9.57895 5.76197e-05 0)
(9.579 2.6779e-05 0)
(9.57901 6.12241e-06 0)
(9.57905 8.74356e-06 0)
(9.57912 2.23605e-06 0)
(9.57919 -1.24222e-05 0)
(9.5792 -2.50734e-05 0)
(9.57919 -1.07306e-05 0)
(9.57917 -2.74638e-05 0)
(9.57908 -3.31022e-05 0)
(9.57901 -2.83641e-05 0)
(9.57896 -1.47385e-05 0)
(9.57892 -1.05898e-06 0)
(9.57891 3.32338e-05 0)
(9.57898 6.27412e-05 0)
(9.57906 5.69792e-05 0)
(9.57913 5.00261e-05 0)
(9.5792 5.62632e-05 0)
(9.57923 1.19955e-05 0)
(9.57914 -2.3352e-05 0)
(9.57906 -2.08911e-05 0)
(9.57904 -1.04829e-05 0)
(9.57904 -1.29421e-05 0)
(9.57904 -1.00648e-05 0)
(9.57904 -1.16139e-05 0)
(9.57903 4.35024e-06 0)
(9.579 1.03083e-05 0)
(9.57897 1.16455e-05 0)
(9.57895 5.12568e-06 0)
(9.57893 3.57798e-06 0)
(9.57892 1.37827e-06 0)
(9.57891 3.10334e-06 0)
(9.5789 8.94322e-06 0)
(9.57887 1.63706e-05 0)
(9.57883 1.88078e-05 0)
(9.5788 1.34134e-05 0)
(9.57877 6.53659e-06 0)
(9.57877 -4.93944e-06 0)
(9.5788 -3.04274e-05 0)
(9.57882 -6.92131e-05 0)
(9.5788 -7.93785e-05 0)
(9.5788 -6.0911e-05 0)
(9.5788 -3.69248e-05 0)
(9.5788 -1.03579e-05 0)
(9.57878 5.51498e-06 0)
(9.57876 7.14096e-06 0)
(9.57874 4.39658e-06 0)
(9.57873 -4.0593e-07 0)
(9.57873 -1.10656e-07 0)
(9.57873 -2.15882e-06 0)
(9.57873 -2.30052e-07 0)
(9.57873 -2.07692e-06 0)
(9.57873 -1.04344e-07 0)
(9.57874 -2.1108e-06 0)
(9.57874 -8.91221e-08 0)
(9.57875 -2.41719e-06 0)
(9.57875 -4.84653e-07 0)
(9.57876 -2.81441e-06 0)
(9.57876 -1.14177e-06 0)
(9.57876 -2.32403e-06 0)
(9.57877 -1.18589e-06 0)
(9.57877 -1.73975e-06 0)
(9.57878 -4.14657e-07 0)
(9.57878 -1.56651e-06 0)
(9.57879 4.64928e-08 0)
(9.5788 -1.76963e-06 0)
(9.5788 1.05843e-07 0)
(9.57881 -2.08904e-06 0)
(9.57881 -1.58195e-07 0)
(9.57882 -2.37259e-06 0)
(9.57882 -6.56839e-07 0)
(9.57882 -1.70363e-06 0)
(9.57883 -5.98343e-07 0)
(9.57883 -1.04567e-06 0)
(9.57883 -2.42038e-07 0)
(9.57884 -8.37557e-07 0)
(9.57884 2.63096e-09 0)
(9.57884 -7.52263e-07 0)
(9.57884 2.11865e-07 0)
(9.57884 -6.12994e-07 0)
(9.57885 3.65252e-07 0)
(9.57885 -4.64991e-07 0)
(9.57885 4.60614e-07 0)
(9.57885 -3.57594e-07 0)
(9.57885 5.29122e-07 0)
(9.57885 -2.91819e-07 0)
(9.57885 6.05886e-07 0)
(9.57885 -3.28904e-07 0)
(9.57884 7.41091e-07 0)
(9.57885 -1.76048e-07 0)
(9.57884 6.73957e-07 0)
(9.57884 -1.44797e-07 0)
(9.57884 6.25652e-07 0)
(9.57884 -2.24252e-07 0)
(9.57884 6.75668e-07 0)
(9.57884 -3.37181e-08 0)
(9.57884 1.42736e-06 0)
(9.57883 2.83318e-06 0)
(9.57882 1.10219e-05 0)
(9.57884 4.65925e-05 0)
(9.79165 5.55653e-05 0)
(9.79168 2.61611e-05 0)
(9.79169 6.62179e-06 0)
(9.79172 9.99091e-06 0)
(9.79178 1.77761e-06 0)
(9.79184 -1.48037e-05 0)
(9.79187 -2.96967e-05 0)
(9.79187 -1.29757e-05 0)
(9.79185 -2.63976e-05 0)
(9.79178 -2.94705e-05 0)
(9.79172 -2.57357e-05 0)
(9.79168 -1.2769e-05 0)
(9.79165 6.52806e-07 0)
(9.79164 3.40134e-05 0)
(9.79169 6.3431e-05 0)
(9.79175 5.70868e-05 0)
(9.79181 4.84562e-05 0)
(9.79187 5.38514e-05 0)
(9.79189 1.0025e-05 0)
(9.79183 -2.42309e-05 0)
(9.79177 -2.35513e-05 0)
(9.79175 -1.32026e-05 0)
(9.79176 -1.5296e-05 0)
(9.79177 -1.12896e-05 0)
(9.79177 -1.22925e-05 0)
(9.79176 5.18062e-06 0)
(9.79173 1.1528e-05 0)
(9.7917 1.29286e-05 0)
(9.79168 5.75054e-06 0)
(9.79166 4.203e-06 0)
(9.79165 1.67564e-06 0)
(9.79164 3.68296e-06 0)
(9.79163 9.8487e-06 0)
(9.79159 1.78097e-05 0)
(9.79156 1.99931e-05 0)
(9.79153 1.41313e-05 0)
(9.79151 6.84551e-06 0)
(9.79151 -5.35184e-06 0)
(9.79153 -3.05324e-05 0)
(9.79153 -6.7608e-05 0)
(9.79152 -7.69107e-05 0)
(9.79152 -5.93364e-05 0)
(9.79153 -3.60013e-05 0)
(9.79153 -9.13517e-06 0)
(9.79152 7.10249e-06 0)
(9.79149 8.28315e-06 0)
(9.79148 5.08102e-06 0)
(9.79147 -1.55762e-07 0)
(9.79147 1.02097e-07 0)
(9.79147 -2.15419e-06 0)
(9.79147 -1.57049e-07 0)
(9.79147 -2.16088e-06 0)
(9.79147 -9.44704e-08 0)
(9.79147 -2.2617e-06 0)
(9.79148 -1.19725e-07 0)
(9.79148 -2.61656e-06 0)
(9.79148 -5.70164e-07 0)
(9.79149 -3.07576e-06 0)
(9.79149 -1.27371e-06 0)
(9.79149 -2.54903e-06 0)
(9.7915 -1.32388e-06 0)
(9.7915 -1.92168e-06 0)
(9.79151 -5.09807e-07 0)
(9.79151 -1.7421e-06 0)
(9.79152 -3.23804e-08 0)
(9.79152 -1.96624e-06 0)
(9.79153 3.20556e-08 0)
(9.79154 -2.30658e-06 0)
(9.79154 -2.52426e-07 0)
(9.79155 -2.62188e-06 0)
(9.79155 -7.6768e-07 0)
(9.79155 -1.89327e-06 0)
(9.79155 -6.96659e-07 0)
(9.79156 -1.18321e-06 0)
(9.79156 -3.10124e-07 0)
(9.79156 -9.51788e-07 0)
(9.79156 -4.45319e-08 0)
(9.79157 -8.45324e-07 0)
(9.79157 1.86341e-07 0)
(9.79157 -6.86409e-07 0)
(9.79157 3.59186e-07 0)
(9.79157 -5.19085e-07 0)
(9.79157 4.72603e-07 0)
(9.79157 -3.93873e-07 0)
(9.79158 5.61118e-07 0)
(9.79157 -3.12597e-07 0)
(9.79157 6.54678e-07 0)
(9.79157 -3.3417e-07 0)
(9.79157 8.03591e-07 0)
(9.79157 -1.75548e-07 0)
(9.79157 7.38789e-07 0)
(9.79157 -1.40996e-07 0)
(9.79157 6.86146e-07 0)
(9.79157 -2.24607e-07 0)
(9.79157 7.3088e-07 0)
(9.79157 -3.1183e-08 0)
(9.79156 1.52388e-06 0)
(9.79156 2.95114e-06 0)
(9.79155 1.14802e-05 0)
(9.79157 4.51141e-05 0)
(9.97442 5.45768e-05 0)
(9.97444 2.59385e-05 0)
(9.97444 6.42812e-06 0)
(9.97447 9.38733e-06 0)
(9.97452 7.26891e-07 0)
(9.97458 -1.61023e-05 0)
(9.97461 -3.20145e-05 0)
(9.97462 -1.44178e-05 0)
(9.97459 -2.58446e-05 0)
(9.97454 -2.7322e-05 0)
(9.97449 -2.40347e-05 0)
(9.97446 -1.1515e-05 0)
(9.97444 1.93522e-06 0)
(9.97443 3.44113e-05 0)
(9.97447 6.31009e-05 0)
(9.97452 5.703e-05 0)
(9.97457 4.79198e-05 0)
(9.97462 5.2405e-05 0)
(9.97464 9.15875e-06 0)
(9.97459 -2.361e-05 0)
(9.97454 -2.44924e-05 0)
(9.97453 -1.47992e-05 0)
(9.97453 -1.70486e-05 0)
(9.97454 -1.22963e-05 0)
(9.97455 -1.28157e-05 0)
(9.97454 5.95274e-06 0)
(9.97452 1.27032e-05 0)
(9.97448 1.41343e-05 0)
(9.97446 6.34533e-06 0)
(9.97444 4.82482e-06 0)
(9.97443 1.97176e-06 0)
(9.97442 4.24369e-06 0)
(9.97441 1.07037e-05 0)
(9.97438 1.91838e-05 0)
(9.97434 2.11054e-05 0)
(9.97432 1.48317e-05 0)
(9.9743 7.15228e-06 0)
(9.97429 -5.68625e-06 0)
(9.97431 -3.15047e-05 0)
(9.97432 -6.75531e-05 0)
(9.97431 -7.60874e-05 0)
(9.97431 -5.88107e-05 0)
(9.97432 -3.57117e-05 0)
(9.97432 -8.4293e-06 0)
(9.97431 8.36123e-06 0)
(9.97429 9.22893e-06 0)
(9.97428 5.63616e-06 0)
(9.97427 6.17409e-08 0)
(9.97426 2.8275e-07 0)
(9.97426 -2.12466e-06 0)
(9.97426 -9.15919e-08 0)
(9.97426 -2.20641e-06 0)
(9.97427 -8.2366e-08 0)
(9.97427 -2.36643e-06 0)
(9.97427 -1.49961e-07 0)
(9.97427 -2.76634e-06 0)
(9.97428 -6.53406e-07 0)
(9.97428 -3.2866e-06 0)
(9.97428 -1.39245e-06 0)
(9.97428 -2.73455e-06 0)
(9.97429 -1.44675e-06 0)
(9.97429 -2.07429e-06 0)
(9.97429 -6.01738e-07 0)
(9.9743 -1.88861e-06 0)
(9.97431 -1.16274e-07 0)
(9.97431 -2.12935e-06 0)
(9.97431 -5.07244e-08 0)
(9.97432 -2.48767e-06 0)
(9.97432 -3.5606e-07 0)
(9.97433 -2.8344e-06 0)
(9.97433 -8.78699e-07 0)
(9.97433 -2.05969e-06 0)
(9.97434 -7.96332e-07 0)
(9.97434 -1.31001e-06 0)
(9.97434 -3.8617e-07 0)
(9.97434 -1.05803e-06 0)
(9.97435 -1.02424e-07 0)
(9.97435 -9.31482e-07 0)
(9.97435 1.48385e-07 0)
(9.97435 -7.53874e-07 0)
(9.97436 3.40684e-07 0)
(9.97436 -5.67983e-07 0)
(9.97436 4.71796e-07 0)
(9.97436 -4.24764e-07 0)
(9.97436 5.79559e-07 0)
(9.97436 -3.26041e-07 0)
(9.97436 6.92176e-07 0)
(9.97436 -3.31267e-07 0)
(9.97436 8.54136e-07 0)
(9.97436 -1.67529e-07 0)
(9.97435 7.92574e-07 0)
(9.97435 -1.30706e-07 0)
(9.97435 7.3491e-07 0)
(9.97435 -2.18503e-07 0)
(9.97435 7.72258e-07 0)
(9.97435 -2.45173e-08 0)
(9.97435 1.60033e-06 0)
(9.97435 3.06336e-06 0)
(9.97434 1.19462e-05 0)
(9.97436 4.44202e-05 0)
(10.1333 5.37548e-05 0)
(10.1333 2.58898e-05 0)
(10.1333 6.07839e-06 0)
(10.1334 8.04312e-06 0)
(10.1334 -6.35879e-07 0)
(10.1335 -1.70799e-05 0)
(10.1335 -3.32144e-05 0)
(10.1335 -1.53802e-05 0)
(10.1335 -2.52737e-05 0)
(10.1334 -2.57033e-05 0)
(10.1334 -2.27353e-05 0)
(10.1334 -1.06378e-05 0)
(10.1333 2.92293e-06 0)
(10.1333 3.4479e-05 0)
(10.1334 6.21758e-05 0)
(10.1334 5.66747e-05 0)
(10.1335 4.75278e-05 0)
(10.1335 5.10837e-05 0)
(10.1335 8.87471e-06 0)
(10.1335 -2.22711e-05 0)
(10.1334 -2.44512e-05 0)
(10.1334 -1.58579e-05 0)
(10.1334 -1.84254e-05 0)
(10.1335 -1.31813e-05 0)
(10.1335 -1.32528e-05 0)
(10.1335 6.63934e-06 0)
(10.1334 1.38273e-05 0)
(10.1334 1.52525e-05 0)
(10.1334 6.90904e-06 0)
(10.1334 5.42156e-06 0)
(10.1334 2.26993e-06 0)
(10.1333 4.76741e-06 0)
(10.1333 1.15133e-05 0)
(10.1333 2.04924e-05 0)
(10.1333 2.21549e-05 0)
(10.1332 1.55115e-05 0)
(10.1332 7.44681e-06 0)
(10.1332 -5.96203e-06 0)
(10.1332 -3.26693e-05 0)
(10.1332 -6.80672e-05 0)
(10.1332 -7.57551e-05 0)
(10.1332 -5.87106e-05 0)
(10.1332 -3.57642e-05 0)
(10.1332 -7.98052e-06 0)
(10.1332 9.4105e-06 0)
(10.1332 1.0037e-05 0)
(10.1332 6.08637e-06 0)
(10.1332 2.50555e-07 0)
(10.1332 4.31859e-07 0)
(10.1332 -2.07674e-06 0)
(10.1332 -3.42946e-08 0)
(10.1332 -2.22055e-06 0)
(10.1332 -6.89086e-08 0)
(10.1332 -2.43155e-06 0)
(10.1332 -1.77693e-07 0)
(10.1332 -2.87272e-06 0)
(10.1332 -7.30321e-07 0)
(10.1332 -3.4488e-06 0)
(10.1332 -1.49544e-06 0)
(10.1332 -2.88139e-06 0)
(10.1332 -1.55246e-06 0)
(10.1332 -2.19614e-06 0)
(10.1332 -6.86414e-07 0)
(10.1332 -2.00439e-06 0)
(10.1332 -1.99516e-07 0)
(10.1332 -2.25811e-06 0)
(10.1332 -1.36565e-07 0)
(10.1332 -2.63211e-06 0)
(10.1332 -4.63886e-07 0)
(10.1332 -3.01079e-06 0)
(10.1332 -9.87233e-07 0)
(10.1332 -2.20318e-06 0)
(10.1332 -8.9499e-07 0)
(10.1333 -1.42548e-06 0)
(10.1333 -4.6677e-07 0)
(10.1333 -1.15552e-06 0)
(10.1333 -1.67967e-07 0)
(10.1333 -1.00997e-06 0)
(10.1333 9.98821e-08 0)
(10.1333 -8.14948e-07 0)
(10.1333 3.10893e-07 0)
(10.1333 -6.1186e-07 0)
(10.1333 4.60147e-07 0)
(10.1333 -4.50376e-07 0)
(10.1333 5.8624e-07 0)
(10.1333 -3.32817e-07 0)
(10.1333 7.18512e-07 0)
(10.1333 -3.21084e-07 0)
(10.1333 8.92158e-07 0)
(10.1333 -1.53198e-07 0)
(10.1333 8.35226e-07 0)
(10.1333 -1.15423e-07 0)
(10.1333 7.72431e-07 0)
(10.1333 -2.08206e-07 0)
(10.1333 8.01109e-07 0)
(10.1333 -1.535e-08 0)
(10.1333 1.65887e-06 0)
(10.1333 3.16978e-06 0)
(10.1333 1.23814e-05 0)
(10.1333 4.40314e-05 0)
(10.2726 5.29807e-05 0)
(10.2726 2.59603e-05 0)
(10.2726 5.75711e-06 0)
(10.2726 6.49163e-06 0)
(10.2726 -2.10774e-06 0)
(10.2727 -1.79885e-05 0)
(10.2727 -3.39273e-05 0)
(10.2727 -1.60507e-05 0)
(10.2727 -2.459e-05 0)
(10.2727 -2.43101e-05 0)
(10.2726 -2.16372e-05 0)
(10.2726 -9.97923e-06 0)
(10.2726 3.688e-06 0)
(10.2726 3.43078e-05 0)
(10.2726 6.0942e-05 0)
(10.2727 5.60906e-05 0)
(10.2727 4.70874e-05 0)
(10.2728 4.96721e-05 0)
(10.2728 8.91368e-06 0)
(10.2727 -2.06206e-05 0)
(10.2727 -2.39407e-05 0)
(10.2727 -1.66298e-05 0)
(10.2727 -1.95789e-05 0)
(10.2727 -1.40067e-05 0)
(10.2727 -1.36579e-05 0)
(10.2727 7.2286e-06 0)
(10.2727 1.4888e-05 0)
(10.2727 1.62755e-05 0)
(10.2727 7.43903e-06 0)
(10.2726 5.98171e-06 0)
(10.2726 2.55918e-06 0)
(10.2726 5.25372e-06 0)
(10.2726 1.22835e-05 0)
(10.2726 2.1733e-05 0)
(10.2725 2.31453e-05 0)
(10.2725 1.61711e-05 0)
(10.2725 7.71927e-06 0)
(10.2725 -6.18258e-06 0)
(10.2725 -3.37863e-05 0)
(10.2725 -6.86962e-05 0)
(10.2725 -7.55266e-05 0)
(10.2725 -5.87105e-05 0)
(10.2725 -3.60036e-05 0)
(10.2725 -7.66432e-06 0)
(10.2725 1.03273e-05 0)
(10.2725 1.07424e-05 0)
(10.2725 6.44991e-06 0)
(10.2725 4.13229e-07 0)
(10.2725 5.51924e-07 0)
(10.2725 -2.01657e-06 0)
(10.2725 1.58511e-08 0)
(10.2725 -2.2093e-06 0)
(10.2725 -5.5125e-08 0)
(10.2725 -2.46003e-06 0)
(10.2725 -2.01712e-07 0)
(10.2725 -2.94066e-06 0)
(10.2725 -7.98352e-07 0)
(10.2725 -3.56849e-06 0)
(10.2725 -1.57919e-06 0)
(10.2725 -2.99133e-06 0)
(10.2725 -1.63801e-06 0)
(10.2725 -2.28748e-06 0)
(10.2725 -7.59157e-07 0)
(10.2725 -2.08876e-06 0)
(10.2725 -2.76018e-07 0)
(10.2725 -2.35278e-06 0)
(10.2725 -2.19111e-07 0)
(10.2725 -2.74068e-06 0)
(10.2725 -5.7008e-07 0)
(10.2725 -3.15271e-06 0)
(10.2725 -1.09015e-06 0)
(10.2725 -2.3243e-06 0)
(10.2725 -9.90415e-07 0)
(10.2725 -1.52868e-06 0)
(10.2725 -5.49249e-07 0)
(10.2725 -1.24378e-06 0)
(10.2725 -2.3828e-07 0)
(10.2725 -1.0814e-06 0)
(10.2725 4.39555e-08 0)
(10.2725 -8.70695e-07 0)
(10.2725 2.73011e-07 0)
(10.2725 -6.51392e-07 0)
(10.2725 4.40369e-07 0)
(10.2725 -4.71922e-07 0)
(10.2725 5.84426e-07 0)
(10.2725 -3.3509e-07 0)
(10.2725 7.35968e-07 0)
(10.2725 -3.05992e-07 0)
(10.2725 9.19628e-07 0)
(10.2725 -1.34767e-07 0)
(10.2725 8.67978e-07 0)
(10.2725 -9.73329e-08 0)
(10.2725 7.99554e-07 0)
(10.2725 -1.95901e-07 0)
(10.2725 8.18969e-07 0)
(10.2725 -5.77462e-09 0)
(10.2725 1.70204e-06 0)
(10.2725 3.26907e-06 0)
(10.2725 1.27766e-05 0)
(10.2725 4.36603e-05 0)
(10.3952 5.22277e-05 0)
(10.3952 2.61405e-05 0)
(10.3952 5.51264e-06 0)
(10.3952 4.95632e-06 0)
(10.3953 -3.56524e-06 0)
(10.3953 -1.8888e-05 0)
(10.3953 -3.44313e-05 0)
(10.3954 -1.65281e-05 0)
(10.3953 -2.3797e-05 0)
(10.3953 -2.30455e-05 0)
(10.3953 -2.0668e-05 0)
(10.3953 -9.46549e-06 0)
(10.3952 4.27607e-06 0)
(10.3953 3.397e-05 0)
(10.3953 5.95812e-05 0)
(10.3953 5.53502e-05 0)
(10.3954 4.65791e-05 0)
(10.3954 4.82084e-05 0)
(10.3954 9.02816e-06 0)
(10.3954 -1.88064e-05 0)
(10.3953 -2.32331e-05 0)
(10.3953 -1.72656e-05 0)
(10.3953 -2.05953e-05 0)
(10.3954 -1.48095e-05 0)
(10.3954 -1.40626e-05 0)
(10.3954 7.71567e-06 0)
(10.3954 1.58816e-05 0)
(10.3953 1.72049e-05 0)
(10.3953 7.9313e-06 0)
(10.3953 6.49135e-06 0)
(10.3953 2.83335e-06 0)
(10.3953 5.70581e-06 0)
(10.3953 1.30089e-05 0)
(10.3952 2.29026e-05 0)
(10.3952 2.40817e-05 0)
(10.3952 1.68086e-05 0)
(10.3952 7.97846e-06 0)
(10.3952 -6.36765e-06 0)
(10.3952 -3.47888e-05 0)
(10.3952 -6.92705e-05 0)
(10.3952 -7.52989e-05 0)
(10.3952 -5.87506e-05 0)
(10.3952 -3.62834e-05 0)
(10.3952 -7.4099e-06 0)
(10.3952 1.11583e-05 0)
(10.3952 1.1364e-05 0)
(10.3951 6.75337e-06 0)
(10.3951 5.54608e-07 0)
(10.3951 6.45826e-07 0)
(10.3951 -1.94825e-06 0)
(10.3951 5.85281e-08 0)
(10.3951 -2.17615e-06 0)
(10.3951 -4.2249e-08 0)
(10.3951 -2.45599e-06 0)
(10.3951 -2.23429e-07 0)
(10.3951 -2.96944e-06 0)
(10.3951 -8.57085e-07 0)
(10.3951 -3.64989e-06 0)
(10.3951 -1.64268e-06 0)
(10.3951 -3.06755e-06 0)
(10.3951 -1.70074e-06 0)
(10.3951 -2.34741e-06 0)
(10.3951 -8.16275e-07 0)
(10.3951 -2.14114e-06 0)
(10.3951 -3.41276e-07 0)
(10.3951 -2.41372e-06 0)
(10.3951 -2.93343e-07 0)
(10.3952 -2.81359e-06 0)
(10.3952 -6.69599e-07 0)
(10.3952 -3.26083e-06 0)
(10.3952 -1.18476e-06 0)
(10.3952 -2.42351e-06 0)
(10.3952 -1.08016e-06 0)
(10.3952 -1.61885e-06 0)
(10.3952 -6.3075e-07 0)
(10.3952 -1.32176e-06 0)
(10.3952 -3.10654e-07 0)
(10.3952 -1.14542e-06 0)
(10.3952 -1.67461e-08 0)
(10.3952 -9.20504e-07 0)
(10.3952 2.28931e-07 0)
(10.3952 -6.8668e-07 0)
(10.3952 4.13583e-07 0)
(10.3952 -4.89919e-07 0)
(10.3952 5.75307e-07 0)
(10.3952 -3.33906e-07 0)
(10.3952 7.44441e-07 0)
(10.3952 -2.86577e-07 0)
(10.3952 9.3734e-07 0)
(10.3952 -1.13926e-07 0)
(10.3952 8.91099e-07 0)
(10.3952 -7.80544e-08 0)
(10.3952 8.16834e-07 0)
(10.3952 -1.82883e-07 0)
(10.3952 8.2717e-07 0)
(10.3952 3.28206e-09 0)
(10.3952 1.73135e-06 0)
(10.3952 3.36081e-06 0)
(10.3952 1.31373e-05 0)
(10.3952 4.32371e-05 0)
(10.5035 5.14993e-05 0)
(10.5035 2.6424e-05 0)
(10.5035 5.35516e-06 0)
(10.5035 3.50713e-06 0)
(10.5036 -4.94891e-06 0)
(10.5036 -1.97847e-05 0)
(10.5036 -3.48434e-05 0)
(10.5036 -1.6875e-05 0)
(10.5036 -2.29009e-05 0)
(10.5036 -2.18806e-05 0)
(10.5035 -1.98012e-05 0)
(10.5035 -9.05752e-06 0)
(10.5035 4.72152e-06 0)
(10.5035 3.3512e-05 0)
(10.5036 5.81746e-05 0)
(10.5036 5.45215e-05 0)
(10.5036 4.60031e-05 0)
(10.5037 4.6778e-05 0)
(10.5037 9.16269e-06 0)
(10.5037 -1.6988e-05 0)
(10.5036 -2.24666e-05 0)
(10.5036 -1.78502e-05 0)
(10.5036 -2.15249e-05 0)
(10.5036 -1.56084e-05 0)
(10.5037 -1.44888e-05 0)
(10.5037 8.10674e-06 0)
(10.5036 1.68068e-05 0)
(10.5036 1.80438e-05 0)
(10.5036 8.3782e-06 0)
(10.5036 6.94475e-06 0)
(10.5036 3.0827e-06 0)
(10.5036 6.12467e-06 0)
(10.5036 1.36754e-05 0)
(10.5035 2.40132e-05 0)
(10.5035 2.49684e-05 0)
(10.5035 1.74225e-05 0)
(10.5035 8.22276e-06 0)
(10.5035 -6.52686e-06 0)
(10.5035 -3.56708e-05 0)
(10.5035 -6.97516e-05 0)
(10.5035 -7.50971e-05 0)
(10.5035 -5.87993e-05 0)
(10.5035 -3.6501e-05 0)
(10.5035 -7.17606e-06 0)
(10.5035 1.19335e-05 0)
(10.5035 1.19306e-05 0)
(10.5034 7.01198e-06 0)
(10.5034 6.77922e-07 0)
(10.5034 7.17233e-07 0)
(10.5034 -1.87519e-06 0)
(10.5034 9.46686e-08 0)
(10.5034 -2.1256e-06 0)
(10.5034 -2.95432e-08 0)
(10.5034 -2.42852e-06 0)
(10.5034 -2.3905e-07 0)
(10.5034 -2.96428e-06 0)
(10.5034 -9.06165e-07 0)
(10.5034 -3.69091e-06 0)
(10.5034 -1.68714e-06 0)
(10.5034 -3.10874e-06 0)
(10.5034 -1.74098e-06 0)
(10.5034 -2.37721e-06 0)
(10.5034 -8.55285e-07 0)
(10.5034 -2.16258e-06 0)
(10.5034 -3.91601e-07 0)
(10.5034 -2.44318e-06 0)
(10.5034 -3.54786e-07 0)
(10.5034 -2.85427e-06 0)
(10.5034 -7.57895e-07 0)
(10.5034 -3.33793e-06 0)
(10.5034 -1.26892e-06 0)
(10.5034 -2.50107e-06 0)
(10.5034 -1.16195e-06 0)
(10.5035 -1.69541e-06 0)
(10.5035 -7.09074e-07 0)
(10.5035 -1.38917e-06 0)
(10.5035 -3.83325e-07 0)
(10.5035 -1.20207e-06 0)
(10.5035 -7.96072e-08 0)
(10.5035 -9.64828e-07 0)
(10.5035 1.81112e-07 0)
(10.5035 -7.18423e-07 0)
(10.5035 3.81711e-07 0)
(10.5035 -5.05423e-07 0)
(10.5035 5.60558e-07 0)
(10.5035 -3.3078e-07 0)
(10.5035 7.45778e-07 0)
(10.5035 -2.64969e-07 0)
(10.5035 9.4725e-07 0)
(10.5035 -9.23345e-08 0)
(10.5035 9.0627e-07 0)
(10.5035 -5.94746e-08 0)
(10.5035 8.25682e-07 0)
(10.5035 -1.70665e-07 0)
(10.5035 8.26867e-07 0)
(10.5035 1.09134e-08 0)
(10.5035 1.74755e-06 0)
(10.5035 3.44491e-06 0)
(10.5035 1.34603e-05 0)
(10.5035 4.27629e-05 0)
(10.5992 5.08107e-05 0)
(10.5992 2.67844e-05 0)
(10.5991 5.27779e-06 0)
(10.5992 2.15859e-06 0)
(10.5992 -6.24761e-06 0)
(10.5992 -2.06696e-05 0)
(10.5992 -3.52054e-05 0)
(10.5993 -1.71253e-05 0)
(10.5992 -2.19271e-05 0)
(10.5992 -2.07829e-05 0)
(10.5992 -1.90207e-05 0)
(10.5992 -8.72979e-06 0)
(10.5992 5.05048e-06 0)
(10.5992 3.29659e-05 0)
(10.5992 5.675e-05 0)
(10.5992 5.36427e-05 0)
(10.5993 4.53713e-05 0)
(10.5993 4.54382e-05 0)
(10.5993 9.27753e-06 0)
(10.5993 -1.52373e-05 0)
(10.5993 -2.16972e-05 0)
(10.5993 -1.84186e-05 0)
(10.5993 -2.23985e-05 0)
(10.5993 -1.64146e-05 0)
(10.5993 -1.49452e-05 0)
(10.5993 8.4116e-06 0)
(10.5993 1.76702e-05 0)
(10.5993 1.87949e-05 0)
(10.5993 8.77926e-06 0)
(10.5992 7.33129e-06 0)
(10.5992 3.30486e-06 0)
(10.5992 6.49126e-06 0)
(10.5992 1.42909e-05 0)
(10.5992 2.50637e-05 0)
(10.5992 2.58101e-05 0)
(10.5991 1.80093e-05 0)
(10.5991 8.45043e-06 0)
(10.5991 -6.66855e-06 0)
(10.5991 -3.64475e-05 0)
(10.5991 -7.01464e-05 0)
(10.5991 -7.48811e-05 0)
(10.5991 -5.88354e-05 0)
(10.5991 -3.67031e-05 0)
(10.5991 -6.94419e-06 0)
(10.5991 1.26731e-05 0)
(10.5991 1.24611e-05 0)
(10.5991 7.23496e-06 0)
(10.5991 7.86859e-07 0)
(10.5991 7.69642e-07 0)
(10.5991 -1.79893e-06 0)
(10.5991 1.25653e-07 0)
(10.5991 -2.0615e-06 0)
(10.5991 -1.49887e-08 0)
(10.5991 -2.3825e-06 0)
(10.5991 -2.45377e-07 0)
(10.5991 -2.93138e-06 0)
(10.5991 -9.43057e-07 0)
(10.5991 -3.69535e-06 0)
(10.5991 -1.71135e-06 0)
(10.5991 -3.11342e-06 0)
(10.5991 -1.75816e-06 0)
(10.5991 -2.37671e-06 0)
(10.5991 -8.72418e-07 0)
(10.5991 -2.15322e-06 0)
(10.5991 -4.21724e-07 0)
(10.5991 -2.44144e-06 0)
(10.5991 -3.9786e-07 0)
(10.5991 -2.86433e-06 0)
(10.5991 -8.30111e-07 0)
(10.5991 -3.38677e-06 0)
(10.5991 -1.33874e-06 0)
(10.5991 -2.5572e-06 0)
(10.5991 -1.23355e-06 0)
(10.5991 -1.75797e-06 0)
(10.5991 -7.81755e-07 0)
(10.5991 -1.44628e-06 0)
(10.5991 -4.53909e-07 0)
(10.5991 -1.25083e-06 0)
(10.5991 -1.42652e-07 0)
(10.5991 -1.0035e-06 0)
(10.5991 1.30802e-07 0)
(10.5991 -7.46961e-07 0)
(10.5991 3.45824e-07 0)
(10.5991 -5.19012e-07 0)
(10.5991 5.4085e-07 0)
(10.5991 -3.26554e-07 0)
(10.5991 7.40921e-07 0)
(10.5991 -2.42798e-07 0)
(10.5991 9.49696e-07 0)
(10.5991 -7.10791e-08 0)
(10.5991 9.13297e-07 0)
(10.5991 -4.23899e-08 0)
(10.5991 8.2703e-07 0)
(10.5991 -1.59975e-07 0)
(10.5991 8.18778e-07 0)
(10.5991 1.71825e-08 0)
(10.5991 1.75089e-06 0)
(10.5991 3.52042e-06 0)
(10.5991 1.37373e-05 0)
(10.5991 4.22572e-05 0)
(10.6835 5.01703e-05 0)
(10.6835 2.72008e-05 0)
(10.6835 5.27515e-06 0)
(10.6835 9.10962e-07 0)
(10.6835 -7.46845e-06 0)
(10.6836 -2.15352e-05 0)
(10.6836 -3.55314e-05 0)
(10.6836 -1.72984e-05 0)
(10.6836 -2.08918e-05 0)
(10.6835 -1.97363e-05 0)
(10.6835 -1.83129e-05 0)
(10.6835 -8.46409e-06 0)
(10.6835 5.28404e-06 0)
(10.6835 3.2356e-05 0)
(10.6835 5.53259e-05 0)
(10.6836 5.27298e-05 0)
(10.6836 4.46909e-05 0)
(10.6836 4.41382e-05 0)
(10.6837 9.4299e-06 0)
(10.6836 -1.35711e-05 0)
(10.6836 -2.09579e-05 0)
(10.6836 -1.89896e-05 0)
(10.6836 -2.32372e-05 0)
(10.6836 -1.72345e-05 0)
(10.6836 -1.54311e-05 0)
(10.6836 8.64085e-06 0)
(10.6836 1.84764e-05 0)
(10.6836 1.94641e-05 0)
(10.6836 9.1317e-06 0)
(10.6836 7.64942e-06 0)
(10.6836 3.49292e-06 0)
(10.6836 6.79924e-06 0)
(10.6836 1.48542e-05 0)
(10.6835 2.60535e-05 0)
(10.6835 2.66102e-05 0)
(10.6835 1.8567e-05 0)
(10.6835 8.65995e-06 0)
(10.6835 -6.7998e-06 0)
(10.6835 -3.71363e-05 0)
(10.6835 -7.04733e-05 0)
(10.6835 -7.4667e-05 0)
(10.6835 -5.88766e-05 0)
(10.6835 -3.68995e-05 0)
(10.6835 -6.70664e-06 0)
(10.6835 1.33941e-05 0)
(10.6835 1.29656e-05 0)
(10.6835 7.43169e-06 0)
(10.6835 8.84206e-07 0)
(10.6834 8.07031e-07 0)
(10.6834 -1.72063e-06 0)
(10.6834 1.53125e-07 0)
(10.6834 -1.98728e-06 0)
(10.6834 2.91967e-09 0)
(10.6834 -2.31998e-06 0)
(10.6834 -2.39958e-07 0)
(10.6834 -2.87549e-06 0)
(10.6834 -9.63045e-07 0)
(10.6834 -3.67235e-06 0)
(10.6834 -1.71358e-06 0)
(10.6834 -3.08295e-06 0)
(10.6834 -1.75229e-06 0)
(10.6834 -2.34472e-06 0)
(10.6834 -8.64756e-07 0)
(10.6834 -2.11405e-06 0)
(10.6834 -4.29969e-07 0)
(10.6834 -2.40943e-06 0)
(10.6834 -4.20014e-07 0)
(10.6834 -2.84552e-06 0)
(10.6834 -8.83023e-07 0)
(10.6834 -3.408e-06 0)
(10.6834 -1.39084e-06 0)
(10.6834 -2.59232e-06 0)
(10.6834 -1.29337e-06 0)
(10.6834 -1.80614e-06 0)
(10.6834 -8.4703e-07 0)
(10.6834 -1.49307e-06 0)
(10.6834 -5.20514e-07 0)
(10.6834 -1.29174e-06 0)
(10.6834 -2.03904e-07 0)
(10.6834 -1.03716e-06 0)
(10.6834 7.9351e-08 0)
(10.6834 -7.7272e-07 0)
(10.6834 3.07341e-07 0)
(10.6834 -5.31476e-07 0)
(10.6834 5.17315e-07 0)
(10.6834 -3.22323e-07 0)
(10.6834 7.30984e-07 0)
(10.6834 -2.21525e-07 0)
(10.6834 9.45731e-07 0)
(10.6834 -5.14138e-08 0)
(10.6834 9.12898e-07 0)
(10.6834 -2.72773e-08 0)
(10.6834 8.21559e-07 0)
(10.6834 -1.51252e-07 0)
(10.6834 8.03855e-07 0)
(10.6834 2.15329e-08 0)
(10.6834 1.74623e-06 0)
(10.6834 3.58754e-06 0)
(10.6834 1.3969e-05 0)
(10.6835 4.1729e-05 0)
(10.7576 4.95744e-05 0)
(10.7576 2.76636e-05 0)
(10.7576 5.33525e-06 0)
(10.7576 -2.43654e-07 0)
(10.7576 -8.61825e-06 0)
(10.7576 -2.23749e-05 0)
(10.7576 -3.58269e-05 0)
(10.7577 -1.74064e-05 0)
(10.7576 -1.98104e-05 0)
(10.7576 -1.87274e-05 0)
(10.7576 -1.76636e-05 0)
(10.7576 -8.24701e-06 0)
(10.7576 5.43908e-06 0)
(10.7576 3.17021e-05 0)
(10.7576 5.39133e-05 0)
(10.7577 5.17913e-05 0)
(10.7577 4.39672e-05 0)
(10.7577 4.28719e-05 0)
(10.7577 9.65293e-06 0)
(10.7577 -1.2015e-05 0)
(10.7577 -2.02601e-05 0)
(10.7577 -1.95653e-05 0)
(10.7577 -2.40502e-05 0)
(10.7577 -1.80693e-05 0)
(10.7577 -1.5944e-05 0)
(10.7577 8.80462e-06 0)
(10.7577 1.92327e-05 0)
(10.7577 2.00568e-05 0)
(10.7577 9.43426e-06 0)
(10.7577 7.90028e-06 0)
(10.7577 3.64085e-06 0)
(10.7577 7.04412e-06 0)
(10.7577 1.53647e-05 0)
(10.7576 2.69845e-05 0)
(10.7576 2.73691e-05 0)
(10.7576 1.90933e-05 0)
(10.7576 8.84979e-06 0)
(10.7576 -6.92655e-06 0)
(10.7576 -3.77539e-05 0)
(10.7576 -7.07515e-05 0)
(10.7576 -7.44319e-05 0)
(10.7576 -5.89442e-05 0)
(10.7576 -3.71013e-05 0)
(10.7576 -6.45579e-06 0)
(10.7576 1.41094e-05 0)
(10.7576 1.34532e-05 0)
(10.7576 7.61028e-06 0)
(10.7576 9.73096e-07 0)
(10.7575 8.33317e-07 0)
(10.7575 -1.64081e-06 0)
(10.7575 1.78512e-07 0)
(10.7575 -1.9052e-06 0)
(10.7575 2.3416e-08 0)
(10.7575 -2.2422e-06 0)
(10.7575 -2.23269e-07 0)
(10.7575 -2.79866e-06 0)
(10.7575 -9.62896e-07 0)
(10.7575 -3.62477e-06 0)
(10.7575 -1.69059e-06 0)
(10.7575 -3.02483e-06 0)
(10.7575 -1.71971e-06 0)
(10.7575 -2.28353e-06 0)
(10.7575 -8.33142e-07 0)
(10.7575 -2.04489e-06 0)
(10.7575 -4.15681e-07 0)
(10.7575 -2.34812e-06 0)
(10.7575 -4.22476e-07 0)
(10.7575 -2.79824e-06 0)
(10.7575 -9.16772e-07 0)
(10.7575 -3.40313e-06 0)
(10.7575 -1.4245e-06 0)
(10.7575 -2.60696e-06 0)
(10.7575 -1.34006e-06 0)
(10.7575 -1.84016e-06 0)
(10.7575 -9.03506e-07 0)
(10.7575 -1.52933e-06 0)
(10.7575 -5.81524e-07 0)
(10.7575 -1.32461e-06 0)
(10.7575 -2.62374e-07 0)
(10.7575 -1.06644e-06 0)
(10.7575 2.72518e-08 0)
(10.7575 -7.95795e-07 0)
(10.7575 2.66746e-07 0)
(10.7575 -5.43165e-07 0)
(10.7575 4.90353e-07 0)
(10.7575 -3.18796e-07 0)
(10.7575 7.16196e-07 0)
(10.7575 -2.01955e-07 0)
(10.7575 9.35413e-07 0)
(10.7575 -3.42657e-08 0)
(10.7575 9.0615e-07 0)
(10.7575 -1.5195e-08 0)
(10.7575 8.09725e-07 0)
(10.7575 -1.44713e-07 0)
(10.7575 7.82968e-07 0)
(10.7575 2.39863e-08 0)
(10.7575 1.73663e-06 0)
(10.7575 3.64495e-06 0)
(10.7575 1.41589e-05 0)
(10.7575 4.11845e-05 0)
(10.8223 4.90182e-05 0)
(10.8223 2.81649e-05 0)
(10.8222 5.45212e-06 0)
(10.8222 -1.32444e-06 0)
(10.8223 -9.7059e-06 0)
(10.8223 -2.31848e-05 0)
(10.8223 -3.60982e-05 0)
(10.8223 -1.74509e-05 0)
(10.8223 -1.86942e-05 0)
(10.8223 -1.7745e-05 0)
(10.8223 -1.70601e-05 0)
(10.8222 -8.06888e-06 0)
(10.8222 5.52993e-06 0)
(10.8223 3.1017e-05 0)
(10.8223 5.25175e-05 0)
(10.8223 5.08307e-05 0)
(10.8224 4.32072e-05 0)
(10.8224 4.16321e-05 0)
(10.8224 9.9018e-06 0)
(10.8224 -1.05241e-05 0)
(10.8224 -1.96063e-05 0)
(10.8223 -2.01489e-05 0)
(10.8224 -2.48365e-05 0)
(10.8224 -1.89155e-05 0)
(10.8224 -1.64824e-05 0)
(10.8224 8.9123e-06 0)
(10.8224 1.9946e-05 0)
(10.8224 2.0579e-05 0)
(10.8224 9.68426e-06 0)
(10.8224 8.08676e-06 0)
(10.8224 3.74472e-06 0)
(10.8224 7.22658e-06 0)
(10.8224 1.58222e-05 0)
(10.8223 2.78595e-05 0)
(10.8223 2.80889e-05 0)
(10.8223 1.95878e-05 0)
(10.8223 9.01921e-06 0)
(10.8223 -7.05155e-06 0)
(10.8223 -3.83144e-05 0)
(10.8223 -7.09959e-05 0)
(10.8223 -7.41993e-05 0)
(10.8223 -5.90036e-05 0)
(10.8223 -3.73072e-05 0)
(10.8223 -6.19544e-06 0)
(10.8223 1.48272e-05 0)
(10.8223 1.39316e-05 0)
(10.8223 7.77673e-06 0)
(10.8223 1.05593e-06 0)
(10.8223 8.52136e-07 0)
(10.8222 -1.56021e-06 0)
(10.8222 2.03156e-07 0)
(10.8222 -1.81724e-06 0)
(10.8222 4.76353e-08 0)
(10.8222 -2.1516e-06 0)
(10.8222 -1.96115e-07 0)
(10.8222 -2.70296e-06 0)
(10.8222 -9.4442e-07 0)
(10.8222 -3.55077e-06 0)
(10.8222 -1.64339e-06 0)
(10.8222 -2.94009e-06 0)
(10.8222 -1.66018e-06 0)
(10.8222 -2.19395e-06 0)
(10.8222 -7.75769e-07 0)
(10.8222 -1.94599e-06 0)
(10.8222 -3.76785e-07 0)
(10.8222 -2.25668e-06 0)
(10.8222 -4.02967e-07 0)
(10.8222 -2.72244e-06 0)
(10.8222 -9.29953e-07 0)
(10.8222 -3.37424e-06 0)
(10.8222 -1.44021e-06 0)
(10.8222 -2.60156e-06 0)
(10.8222 -1.3724e-06 0)
(10.8222 -1.86057e-06 0)
(10.8222 -9.5052e-07 0)
(10.8222 -1.55521e-06 0)
(10.8222 -6.36095e-07 0)
(10.8222 -1.34984e-06 0)
(10.8222 -3.17957e-07 0)
(10.8222 -1.09174e-06 0)
(10.8222 -2.43413e-08 0)
(10.8222 -8.16594e-07 0)
(10.8222 2.2471e-07 0)
(10.8222 -5.54474e-07 0)
(10.8222 4.60516e-07 0)
(10.8222 -3.16842e-07 0)
(10.8222 6.97368e-07 0)
(10.8222 -1.84805e-07 0)
(10.8222 9.19426e-07 0)
(10.8222 -2.02587e-08 0)
(10.8222 8.93687e-07 0)
(10.8222 -6.50159e-09 0)
(10.8222 7.92292e-07 0)
(10.8222 -1.40434e-07 0)
(10.8222 7.57064e-07 0)
(10.8222 2.44489e-08 0)
(10.8222 1.72215e-06 0)
(10.8222 3.69372e-06 0)
(10.8222 1.43109e-05 0)
(10.8222 4.06274e-05 0)
(10.8782 4.84814e-05 0)
(10.8782 2.86987e-05 0)
(10.8782 5.62063e-06 0)
(10.8782 -2.35823e-06 0)
(10.8783 -1.07429e-05 0)
(10.8783 -2.39637e-05 0)
(10.8783 -3.63519e-05 0)
(10.8783 -1.74318e-05 0)
(10.8783 -1.75516e-05 0)
(10.8782 -1.6781e-05 0)
(10.8782 -1.64908e-05 0)
(10.8782 -7.9227e-06 0)
(10.8782 5.56835e-06 0)
(10.8782 3.03088e-05 0)
(10.8783 5.11403e-05 0)
(10.8783 4.985e-05 0)
(10.8783 4.24201e-05 0)
(10.8784 4.04134e-05 0)
(10.8784 1.01587e-05 0)
(10.8784 -9.09157e-06 0)
(10.8783 -1.89925e-05 0)
(10.8783 -2.07411e-05 0)
(10.8783 -2.55965e-05 0)
(10.8784 -1.9767e-05 0)
(10.8784 -1.70466e-05 0)
(10.8784 8.97201e-06 0)
(10.8784 2.06242e-05 0)
(10.8784 2.10362e-05 0)
(10.8784 9.882e-06 0)
(10.8784 8.21108e-06 0)
(10.8784 3.80331e-06 0)
(10.8784 7.34779e-06 0)
(10.8783 1.62264e-05 0)
(10.8783 2.86792e-05 0)
(10.8783 2.87718e-05 0)
(10.8783 2.00502e-05 0)
(10.8783 9.16781e-06 0)
(10.8783 -7.17562e-06 0)
(10.8783 -3.883e-05 0)
(10.8783 -7.12162e-05 0)
(10.8783 -7.39989e-05 0)
(10.8783 -5.90196e-05 0)
(10.8783 -3.75282e-05 0)
(10.8783 -5.92941e-06 0)
(10.8783 1.55522e-05 0)
(10.8783 1.44074e-05 0)
(10.8783 7.93483e-06 0)
(10.8782 1.13519e-06 0)
(10.8782 8.66152e-07 0)
(10.8782 -1.47914e-06 0)
(10.8782 2.2779e-07 0)
(10.8782 -1.72464e-06 0)
(10.8782 7.5774e-08 0)
(10.8782 -2.04982e-06 0)
(10.8782 -1.59256e-07 0)
(10.8782 -2.58921e-06 0)
(10.8782 -9.09607e-07 0)
(10.8782 -3.45149e-06 0)
(10.8782 -1.57313e-06 0)
(10.8782 -2.82818e-06 0)
(10.8782 -1.57471e-06 0)
(10.8782 -2.07676e-06 0)
(10.8782 -6.92439e-07 0)
(10.8782 -1.81908e-06 0)
(10.8782 -3.12171e-07 0)
(10.8782 -2.13726e-06 0)
(10.8782 -3.60874e-07 0)
(10.8782 -2.61911e-06 0)
(10.8782 -9.22462e-07 0)
(10.8782 -3.32075e-06 0)
(10.8782 -1.43937e-06 0)
(10.8782 -2.57479e-06 0)
(10.8782 -1.39086e-06 0)
(10.8782 -1.86771e-06 0)
(10.8782 -9.86712e-07 0)
(10.8782 -1.57091e-06 0)
(10.8782 -6.83081e-07 0)
(10.8782 -1.36783e-06 0)
(10.8782 -3.70001e-07 0)
(10.8782 -1.11284e-06 0)
(10.8782 -7.48156e-08 0)
(10.8782 -8.35522e-07 0)
(10.8782 1.81527e-07 0)
(10.8782 -5.65714e-07 0)
(10.8782 4.27867e-07 0)
(10.8782 -3.16802e-07 0)
(10.8782 6.74773e-07 0)
(10.8782 -1.7042e-07 0)
(10.8782 8.97934e-07 0)
(10.8782 -9.86384e-09 0)
(10.8782 8.7596e-07 0)
(10.8782 -1.24559e-09 0)
(10.8782 7.69882e-07 0)
(10.8782 -1.381e-07 0)
(10.8782 7.2691e-07 0)
(10.8782 2.30483e-08 0)
(10.8782 1.70293e-06 0)
(10.8782 3.73498e-06 0)
(10.8782 1.44282e-05 0)
(10.8782 4.00592e-05 0)
(10.9261 4.79637e-05 0)
(10.9261 2.92506e-05 0)
(10.9261 5.83684e-06 0)
(10.9261 -3.33999e-06 0)
(10.9261 -1.17469e-05 0)
(10.9261 -2.47136e-05 0)
(10.9261 -3.65951e-05 0)
(10.9261 -1.73464e-05 0)
(10.9261 -1.63891e-05 0)
(10.9261 -1.58295e-05 0)
(10.9261 -1.59477e-05 0)
(10.9261 -7.80165e-06 0)
(10.9261 5.56301e-06 0)
(10.9261 2.95838e-05 0)
(10.9261 4.97829e-05 0)
(10.9261 4.88497e-05 0)
(10.9262 4.16144e-05 0)
(10.9262 3.92131e-05 0)
(10.9262 1.04131e-05 0)
(10.9262 -7.71156e-06 0)
(10.9262 -1.84073e-05 0)
(10.9262 -2.13355e-05 0)
(10.9262 -2.6338e-05 0)
(10.9262 -2.06195e-05 0)
(10.9262 -1.76376e-05 0)
(10.9262 8.99134e-06 0)
(10.9262 2.12738e-05 0)
(10.9262 2.14345e-05 0)
(10.9262 1.00286e-05 0)
(10.9262 8.27769e-06 0)
(10.9262 3.81594e-06 0)
(10.9262 7.41022e-06 0)
(10.9262 1.65782e-05 0)
(10.9262 2.94456e-05 0)
(10.9262 2.94204e-05 0)
(10.9261 2.04818e-05 0)
(10.9261 9.29609e-06 0)
(10.9261 -7.29955e-06 0)
(10.9261 -3.93087e-05 0)
(10.9261 -7.14159e-05 0)
(10.9261 -7.3829e-05 0)
(10.9261 -5.90013e-05 0)
(10.9261 -3.77685e-05 0)
(10.9261 -5.65908e-06 0)
(10.9261 1.62874e-05 0)
(10.9261 1.48846e-05 0)
(10.9261 8.08746e-06 0)
(10.9261 1.21256e-06 0)
(10.9261 8.77418e-07 0)
(10.9261 -1.39786e-06 0)
(10.9261 2.52887e-07 0)
(10.9261 -1.62848e-06 0)
(10.9261 1.0814e-07 0)
(10.9261 -1.93864e-06 0)
(10.9261 -1.13745e-07 0)
(10.9261 -2.45846e-06 0)
(10.9261 -8.59476e-07 0)
(10.9261 -3.32809e-06 0)
(10.9261 -1.48104e-06 0)
(10.9261 -2.69129e-06 0)
(10.9261 -1.46427e-06 0)
(10.9261 -1.93346e-06 0)
(10.9261 -5.83775e-07 0)
(10.9261 -1.66589e-06 0)
(10.9261 -2.22291e-07 0)
(10.926 -1.992e-06 0)
(10.926 -2.95942e-07 0)
(10.926 -2.49026e-06 0)
(10.926 -8.94203e-07 0)
(10.926 -3.24348e-06 0)
(10.926 -1.41998e-06 0)
(10.926 -2.5299e-06 0)
(10.926 -1.39502e-06 0)
(10.926 -1.86049e-06 0)
(10.926 -1.01164e-06 0)
(10.926 -1.57718e-06 0)
(10.926 -7.22351e-07 0)
(10.926 -1.37952e-06 0)
(10.926 -4.17893e-07 0)
(10.926 -1.12981e-06 0)
(10.926 -1.23417e-07 0)
(10.926 -8.52877e-07 0)
(10.926 1.37946e-07 0)
(10.926 -5.77332e-07 0)
(10.926 3.92984e-07 0)
(10.926 -3.18809e-07 0)
(10.926 6.48857e-07 0)
(10.926 -1.59232e-07 0)
(10.926 8.71942e-07 0)
(10.926 -3.41592e-09 0)
(10.926 8.53657e-07 0)
(10.926 9.9115e-10 0)
(10.926 7.43085e-07 0)
(10.926 -1.37809e-07 0)
(10.926 6.93752e-07 0)
(10.926 1.99612e-08 0)
(10.926 1.67991e-06 0)
(10.926 3.76908e-06 0)
(10.926 1.45136e-05 0)
(10.9261 3.94806e-05 0)
(10.9663 4.74924e-05 0)
(10.9663 2.97802e-05 0)
(10.9662 6.10467e-06 0)
(10.9662 -4.27255e-06 0)
(10.9663 -1.27127e-05 0)
(10.9663 -2.54363e-05 0)
(10.9663 -3.68319e-05 0)
(10.9663 -1.72029e-05 0)
(10.9663 -1.52015e-05 0)
(10.9663 -1.48852e-05 0)
(10.9662 -1.54264e-05 0)
(10.9662 -7.69976e-06 0)
(10.9662 5.52075e-06 0)
(10.9662 2.88468e-05 0)
(10.9663 4.84457e-05 0)
(10.9663 4.78311e-05 0)
(10.9663 4.07958e-05 0)
(10.9664 3.80303e-05 0)
(10.9664 1.06597e-05 0)
(10.9664 -6.37669e-06 0)
(10.9663 -1.78387e-05 0)
(10.9663 -2.19383e-05 0)
(10.9664 -2.70601e-05 0)
(10.9664 -2.14684e-05 0)
(10.9664 -1.8255e-05 0)
(10.9664 8.97753e-06 0)
(10.9664 2.19009e-05 0)
(10.9664 2.17774e-05 0)
(10.9664 1.01236e-05 0)
(10.9664 8.2947e-06 0)
(10.9664 3.78097e-06 0)
(10.9664 7.4186e-06 0)
(10.9664 1.68789e-05 0)
(10.9664 3.0161e-05 0)
(10.9664 3.00374e-05 0)
(10.9663 2.08842e-05 0)
(10.9663 9.40498e-06 0)
(10.9663 -7.43124e-06 0)
(10.9663 -3.97491e-05 0)
(10.9663 -7.15992e-05 0)
(10.9663 -7.36847e-05 0)
(10.9663 -5.90153e-05 0)
(10.9663 -3.80133e-05 0)
(10.9663 -5.3848e-06 0)
(10.9663 1.7035e-05 0)
(10.9663 1.53658e-05 0)
(10.9663 8.23679e-06 0)
(10.9663 1.28931e-06 0)
(10.9663 8.87493e-07 0)
(10.9663 -1.31651e-06 0)
(10.9663 2.78606e-07 0)
(10.9663 -1.52963e-06 0)
(10.9663 1.44714e-07 0)
(10.9663 -1.8201e-06 0)
(10.9663 -5.984e-08 0)
(10.9663 -2.31276e-06 0)
(10.9663 -7.93145e-07 0)
(10.9663 -3.1833e-06 0)
(10.9663 -1.36871e-06 0)
(10.9663 -2.53158e-06 0)
(10.9663 -1.33032e-06 0)
(10.9663 -1.76603e-06 0)
(10.9662 -4.51148e-07 0)
(10.9662 -1.48858e-06 0)
(10.9662 -1.08569e-07 0)
(10.9662 -1.82318e-06 0)
(10.9662 -2.08681e-07 0)
(10.9662 -2.33799e-06 0)
(10.9662 -8.45385e-07 0)
(10.9662 -3.14464e-06 0)
(10.9662 -1.38378e-06 0)
(10.9662 -2.46871e-06 0)
(10.9662 -1.3853e-06 0)
(10.9662 -1.83927e-06 0)
(10.9662 -1.02555e-06 0)
(10.9662 -1.57437e-06 0)
(10.9662 -7.53814e-07 0)
(10.9662 -1.38504e-06 0)
(10.9662 -4.61067e-07 0)
(10.9662 -1.14276e-06 0)
(10.9662 -1.69949e-07 0)
(10.9662 -8.68702e-07 0)
(10.9662 9.42728e-08 0)
(10.9662 -5.89451e-07 0)
(10.9662 3.56214e-07 0)
(10.9662 -3.22883e-07 0)
(10.9662 6.19709e-07 0)
(10.9662 -1.5147e-07 0)
(10.9662 8.41878e-07 0)
(10.9662 -6.58972e-10 0)
(10.9662 8.2692e-07 0)
(10.9662 -2.07963e-11 0)
(10.9662 7.13062e-07 0)
(10.9662 -1.39413e-07 0)
(10.9662 6.58557e-07 0)
(10.9662 1.54793e-08 0)
(10.9662 1.65385e-06 0)
(10.9662 3.79607e-06 0)
(10.9662 1.45695e-05 0)
(10.9662 3.88926e-05 0)
(10.9992 4.7049e-05 0)
(10.9992 3.029e-05 0)
(10.9991 6.41968e-06 0)
(10.9991 -5.16824e-06 0)
(10.9992 -1.36419e-05 0)
(10.9992 -2.61334e-05 0)
(10.9992 -3.70652e-05 0)
(10.9992 -1.70103e-05 0)
(10.9992 -1.39816e-05 0)
(10.9992 -1.39443e-05 0)
(10.9991 -1.49239e-05 0)
(10.9991 -7.61337e-06 0)
(10.9991 5.4453e-06 0)
(10.9991 2.81008e-05 0)
(10.9992 4.71288e-05 0)
(10.9992 4.67981e-05 0)
(10.9992 3.99659e-05 0)
(10.9993 3.68636e-05 0)
(10.9993 1.08961e-05 0)
(10.9993 -5.08033e-06 0)
(10.9992 -1.72823e-05 0)
(10.9992 -2.25451e-05 0)
(10.9993 -2.77653e-05 0)
(10.9993 -2.23101e-05 0)
(10.9993 -1.88968e-05 0)
(10.9993 8.93733e-06 0)
(10.9993 2.25123e-05 0)
(10.9993 2.20614e-05 0)
(10.9993 1.01626e-05 0)
(10.9993 8.28033e-06 0)
(10.9993 3.70398e-06 0)
(10.9993 7.37049e-06 0)
(10.9993 1.71296e-05 0)
(10.9993 3.08276e-05 0)
(10.9993 3.06254e-05 0)
(10.9993 2.12597e-05 0)
(10.9992 9.4958e-06 0)
(10.9992 -7.56898e-06 0)
(10.9993 -4.01572e-05 0)
(10.9993 -7.17731e-05 0)
(10.9993 -7.35518e-05 0)
(10.9993 -5.90729e-05 0)
(10.9993 -3.82733e-05 0)
(10.9993 -5.10779e-06 0)
(10.9992 1.77971e-05 0)
(10.9992 1.58529e-05 0)
(10.9992 8.3842e-06 0)
(10.9992 1.36618e-06 0)
(10.9992 8.97464e-07 0)
(10.9992 -1.23536e-06 0)
(10.9992 3.05065e-07 0)
(10.9992 -1.42892e-06 0)
(10.9992 1.8501e-07 0)
(10.9992 -1.69606e-06 0)
(10.9992 2.72363e-09 0)
(10.9992 -2.15432e-06 0)
(10.9992 -7.11767e-07 0)
(10.9992 -3.0196e-06 0)
(10.9992 -1.23806e-06 0)
(10.9992 -2.35114e-06 0)
(10.9992 -1.1748e-06 0)
(10.9992 -1.57647e-06 0)
(10.9992 -2.96076e-07 0)
(10.9992 -1.28922e-06 0)
(10.9991 2.74448e-08 0)
(10.9991 -1.63303e-06 0)
(10.9991 -1.00213e-07 0)
(10.9991 -2.16438e-06 0)
(10.9991 -7.76587e-07 0)
(10.9991 -3.0261e-06 0)
(10.9991 -1.33039e-06 0)
(10.9991 -2.39347e-06 0)
(10.9991 -1.36178e-06 0)
(10.9991 -1.80553e-06 0)
(10.9991 -1.02947e-06 0)
(10.9991 -1.56233e-06 0)
(10.9991 -7.77487e-07 0)
(10.9991 -1.38469e-06 0)
(10.9991 -4.9935e-07 0)
(10.9991 -1.15205e-06 0)
(10.9991 -2.1407e-07 0)
(10.9991 -8.83168e-07 0)
(10.9991 5.09017e-08 0)
(10.9991 -6.02184e-07 0)
(10.9991 3.17942e-07 0)
(10.9991 -3.29226e-07 0)
(10.9991 5.87605e-07 0)
(10.9991 -1.47584e-07 0)
(10.9991 8.08738e-07 0)
(10.9991 -1.7986e-09 0)
(10.9991 7.96931e-07 0)
(10.9991 -4.03066e-09 0)
(10.9991 6.80747e-07 0)
(10.9991 -1.42761e-07 0)
(10.9991 6.22062e-07 0)
(10.9991 9.90421e-09 0)
(10.9991 1.62549e-06 0)
(10.9991 3.81575e-06 0)
(10.9991 1.45984e-05 0)
(10.9991 3.82978e-05 0)
(11.0251 4.66259e-05 0)
(11.0251 3.07946e-05 0)
(11.0251 6.75971e-06 0)
(11.0251 -6.03642e-06 0)
(11.0251 -1.454e-05 0)
(11.0251 -2.68054e-05 0)
(11.0252 -3.72961e-05 0)
(11.0252 -1.67747e-05 0)
(11.0251 -1.27252e-05 0)
(11.0251 -1.30009e-05 0)
(11.0251 -1.44373e-05 0)
(11.0251 -7.54196e-06 0)
(11.0251 5.3355e-06 0)
(11.0251 2.73436e-05 0)
(11.0251 4.58296e-05 0)
(11.0252 4.57561e-05 0)
(11.0252 3.91255e-05 0)
(11.0252 3.57097e-05 0)
(11.0252 1.11199e-05 0)
(11.0252 -3.81808e-06 0)
(11.0252 -1.6736e-05 0)
(11.0252 -2.31526e-05 0)
(11.0252 -2.84498e-05 0)
(11.0252 -2.31411e-05 0)
(11.0252 -1.95601e-05 0)
(11.0253 8.87682e-06 0)
(11.0253 2.31146e-05 0)
(11.0252 2.23065e-05 0)
(11.0252 1.01804e-05 0)
(11.0252 8.2215e-06 0)
(11.0252 3.5839e-06 0)
(11.0253 7.26278e-06 0)
(11.0253 1.73285e-05 0)
(11.0252 3.14474e-05 0)
(11.0252 3.11868e-05 0)
(11.0252 2.16109e-05 0)
(11.0252 9.56879e-06 0)
(11.0252 -7.70587e-06 0)
(11.0252 -4.05455e-05 0)
(11.0252 -7.19291e-05 0)
(11.0252 -7.34098e-05 0)
(11.0252 -5.92048e-05 0)
(11.0252 -3.8546e-05 0)
(11.0252 -4.82952e-06 0)
(11.0252 1.85758e-05 0)
(11.0252 1.6349e-05 0)
(11.0252 8.53216e-06 0)
(11.0252 1.4447e-06 0)
(11.0252 9.08901e-07 0)
(11.0252 -1.15433e-06 0)
(11.0252 3.3261e-07 0)
(11.0252 -1.32684e-06 0)
(11.0252 2.28629e-07 0)
(11.0252 -1.56757e-06 0)
(11.0252 7.35818e-08 0)
(11.0252 -1.9843e-06 0)
(11.0252 -6.1579e-07 0)
(11.0251 -2.83872e-06 0)
(11.0251 -1.08999e-06 0)
(11.0251 -2.15119e-06 0)
(11.0251 -9.98618e-07 0)
(11.0251 -1.366e-06 0)
(11.0251 -1.19269e-07 0)
(11.0251 -1.06879e-06 0)
(11.0251 1.85205e-07 0)
(11.0251 -1.42261e-06 0)
(11.0251 2.91515e-08 0)
(11.0251 -1.97071e-06 0)
(11.0251 -6.87957e-07 0)
(11.0251 -2.88862e-06 0)
(11.0251 -1.26012e-06 0)
(11.0251 -2.30365e-06 0)
(11.0251 -1.32446e-06 0)
(11.0251 -1.76055e-06 0)
(11.0251 -1.0226e-06 0)
(11.0251 -1.54094e-06 0)
(11.0251 -7.9336e-07 0)
(11.0251 -1.37864e-06 0)
(11.0251 -5.32409e-07 0)
(11.0251 -1.15784e-06 0)
(11.0251 -2.55883e-07 0)
(11.0251 -8.9648e-07 0)
(11.0251 7.79772e-09 0)
(11.0251 -6.15687e-07 0)
(11.0251 2.78176e-07 0)
(11.0251 -3.38021e-07 0)
(11.0251 5.52528e-07 0)
(11.0251 -1.47266e-07 0)
(11.0251 7.72339e-07 0)
(11.0251 -6.73292e-09 0)
(11.0251 7.63948e-07 0)
(11.0251 -1.1017e-08 0)
(11.0251 6.46763e-07 0)
(11.0251 -1.47753e-07 0)
(11.0251 5.84752e-07 0)
(11.0251 3.396e-09 0)
(11.0251 1.5954e-06 0)
(11.0251 3.82708e-06 0)
(11.0251 1.46005e-05 0)
(11.0251 3.76974e-05 0)
(11.0443 4.62182e-05 0)
(11.0443 3.1294e-05 0)
(11.0443 7.1059e-06 0)
(11.0443 -6.8889e-06 0)
(11.0444 -1.54105e-05 0)
(11.0444 -2.74487e-05 0)
(11.0444 -3.75199e-05 0)
(11.0444 -1.65014e-05 0)
(11.0444 -1.1433e-05 0)
(11.0443 -1.20445e-05 0)
(11.0443 -1.39583e-05 0)
(11.0443 -7.48497e-06 0)
(11.0443 5.18472e-06 0)
(11.0443 2.65674e-05 0)
(11.0444 4.45421e-05 0)
(11.0444 4.47143e-05 0)
(11.0444 3.82807e-05 0)
(11.0445 3.45698e-05 0)
(11.0445 1.13246e-05 0)
(11.0444 -2.58879e-06 0)
(11.0444 -1.61935e-05 0)
(11.0444 -2.37535e-05 0)
(11.0444 -2.91147e-05 0)
(11.0445 -2.3956e-05 0)
(11.0445 -2.02363e-05 0)
(11.0445 8.80362e-06 0)
(11.0445 2.37108e-05 0)
(11.0445 2.25569e-05 0)
(11.0445 1.01543e-05 0)
(11.0445 8.11706e-06 0)
(11.0445 3.41759e-06 0)
(11.0445 7.08768e-06 0)
(11.0445 1.74686e-05 0)
(11.0445 3.20119e-05 0)
(11.0445 3.17233e-05 0)
(11.0445 2.19426e-05 0)
(11.0444 9.62405e-06 0)
(11.0444 -7.84332e-06 0)
(11.0445 -4.09232e-05 0)
(11.0445 -7.20972e-05 0)
(11.0445 -7.33273e-05 0)
(11.0445 -5.93731e-05 0)
(11.0445 -3.88265e-05 0)
(11.0445 -4.55531e-06 0)
(11.0445 1.93694e-05 0)
(11.0444 1.686e-05 0)
(11.0444 8.6889e-06 0)
(11.0444 1.52999e-06 0)
(11.0444 9.24816e-07 0)
(11.0444 -1.07256e-06 0)
(11.0444 3.61318e-07 0)
(11.0444 -1.22426e-06 0)
(11.0444 2.74823e-07 0)
(11.0444 -1.43567e-06 0)
(11.0444 1.52245e-07 0)
(11.0444 -1.80387e-06 0)
(11.0444 -5.06033e-07 0)
(11.0444 -2.64201e-06 0)
(11.0444 -9.2567e-07 0)
(11.0444 -1.93275e-06 0)
(11.0444 -8.02828e-07 0)
(11.0444 -1.13543e-06 0)
(11.0444 7.88767e-08 0)
(11.0444 -8.27733e-07 0)
(11.0443 3.64813e-07 0)
(11.0443 -1.19213e-06 0)
(11.0443 1.79791e-07 0)
(11.0443 -1.75726e-06 0)
(11.0443 -5.78952e-07 0)
(11.0443 -2.73209e-06 0)
(11.0443 -1.17313e-06 0)
(11.0443 -2.19876e-06 0)
(11.0443 -1.2727e-06 0)
(11.0443 -1.70358e-06 0)
(11.0443 -1.00422e-06 0)
(11.0443 -1.51078e-06 0)
(11.0443 -8.01289e-07 0)
(11.0443 -1.36702e-06 0)
(11.0443 -5.60079e-07 0)
(11.0443 -1.16098e-06 0)
(11.0443 -2.95609e-07 0)
(11.0443 -9.08904e-07 0)
(11.0443 -3.52028e-08 0)
(11.0443 -6.30052e-07 0)
(11.0443 2.3684e-07 0)
(11.0443 -3.49414e-07 0)
(11.0443 5.14869e-07 0)
(11.0443 -1.51027e-07 0)
(11.0443 7.32641e-07 0)
(11.0443 -1.54286e-08 0)
(11.0443 7.27999e-07 0)
(11.0443 -2.07172e-08 0)
(11.0443 6.11577e-07 0)
(11.0443 -1.54246e-07 0)
(11.0443 5.47023e-07 0)
(11.0443 -4.07539e-09 0)
(11.0443 1.56383e-06 0)
(11.0443 3.82741e-06 0)
(11.0443 1.45729e-05 0)
(11.0443 3.70915e-05 0)
(11.0571 4.57766e-05 0)
(11.0571 3.17688e-05 0)
(11.057 7.39825e-06 0)
(11.057 -7.80342e-06 0)
(11.0571 -1.62907e-05 0)
(11.0571 -2.80529e-05 0)
(11.0571 -3.77064e-05 0)
(11.0571 -1.61775e-05 0)
(11.0571 -1.00881e-05 0)
(11.057 -1.1051e-05 0)
(11.057 -1.34336e-05 0)
(11.057 -7.41066e-06 0)
(11.057 5.00954e-06 0)
(11.057 2.57777e-05 0)
(11.0571 4.32704e-05 0)
(11.0571 4.36923e-05 0)
(11.0571 3.74583e-05 0)
(11.0572 3.34698e-05 0)
(11.0572 1.1521e-05 0)
(11.0572 -1.38005e-06 0)
(11.0571 -1.56408e-05 0)
(11.0571 -2.43321e-05 0)
(11.0571 -2.97555e-05 0)
(11.0572 -2.47327e-05 0)
(11.0572 -2.08904e-05 0)
(11.0572 8.75626e-06 0)
(11.0572 2.43325e-05 0)
(11.0572 2.28254e-05 0)
(11.0572 1.01383e-05 0)
(11.0572 7.99722e-06 0)
(11.0572 3.22495e-06 0)
(11.0572 6.86472e-06 0)
(11.0572 1.75618e-05 0)
(11.0572 3.25321e-05 0)
(11.0572 3.2244e-05 0)
(11.0572 2.22819e-05 0)
(11.0572 9.68211e-06 0)
(11.0572 -7.96497e-06 0)
(11.0572 -4.13028e-05 0)
(11.0572 -7.2388e-05 0)
(11.0572 -7.32727e-05 0)
(11.0572 -5.95801e-05 0)
(11.0572 -3.91075e-05 0)
(11.0572 -4.28602e-06 0)
(11.0572 2.01845e-05 0)
(11.0572 1.74045e-05 0)
(11.0571 8.87287e-06 0)
(11.0571 1.62574e-06 0)
(11.0571 9.44666e-07 0)
(11.0571 -9.93713e-07 0)
(11.0571 3.85726e-07 0)
(11.0571 -1.12765e-06 0)
(11.0571 3.14046e-07 0)
(11.0571 -1.31285e-06 0)
(11.0571 2.243e-07 0)
(11.0571 -1.63078e-06 0)
(11.0571 -4.0171e-07 0)
(11.0571 -2.45153e-06 0)
(11.0571 -7.68908e-07 0)
(11.0571 -1.72162e-06 0)
(11.0571 -6.14122e-07 0)
(11.0571 -9.12111e-07 0)
(11.0571 2.70709e-07 0)
(11.0571 -5.93628e-07 0)
(11.0571 5.40309e-07 0)
(11.0571 -9.66815e-07 0)
(11.0571 3.28487e-07 0)
(11.057 -1.54567e-06 0)
(11.057 -4.68158e-07 0)
(11.057 -2.57342e-06 0)
(11.057 -1.08327e-06 0)
(11.057 -2.0903e-06 0)
(11.057 -1.21559e-06 0)
(11.057 -1.63997e-06 0)
(11.057 -9.80315e-07 0)
(11.057 -1.47488e-06 0)
(11.057 -8.0416e-07 0)
(11.057 -1.35087e-06 0)
(11.057 -5.8216e-07 0)
(11.057 -1.16073e-06 0)
(11.057 -3.31193e-07 0)
(11.057 -9.18111e-07 0)
(11.057 -7.50105e-08 0)
(11.057 -6.4228e-07 0)
(11.057 1.97315e-07 0)
(11.057 -3.60565e-07 0)
(11.057 4.77989e-07 0)
(11.057 -1.57146e-07 0)
(11.057 6.93183e-07 0)
(11.057 -2.38479e-08 0)
(11.057 6.92021e-07 0)
(11.057 -2.87274e-08 0)
(11.057 5.77099e-07 0)
(11.057 -1.59649e-07 0)
(11.057 5.11495e-07 0)
(11.057 -9.33634e-09 0)
(11.057 1.53294e-06 0)
(11.057 3.81951e-06 0)
(11.057 1.451e-05 0)
(11.057 3.64528e-05 0)
(11.0634 4.55574e-05 0)
(11.0634 3.24948e-05 0)
(11.0634 8.04162e-06 0)
(11.0634 -8.53214e-06 0)
(11.0634 -1.71844e-05 0)
(11.0634 -2.86961e-05 0)
(11.0634 -3.81619e-05 0)
(11.0634 -1.60594e-05 0)
(11.0634 -8.74892e-06 0)
(11.0634 -1.01396e-05 0)
(11.0633 -1.30674e-05 0)
(11.0633 -7.43688e-06 0)
(11.0633 4.75168e-06 0)
(11.0634 2.50638e-05 0)
(11.0634 4.21384e-05 0)
(11.0634 4.27631e-05 0)
(11.0635 3.66158e-05 0)
(11.0635 3.22374e-05 0)
(11.0635 1.16742e-05 0)
(11.0635 -1.65353e-07 0)
(11.0634 -1.5102e-05 0)
(11.0634 -2.48498e-05 0)
(11.0635 -3.02709e-05 0)
(11.0635 -2.54808e-05 0)
(11.0635 -2.16618e-05 0)
(11.0635 8.63441e-06 0)
(11.0635 2.49151e-05 0)
(11.0635 2.29463e-05 0)
(11.0635 9.96152e-06 0)
(11.0635 7.76571e-06 0)
(11.0635 2.93191e-06 0)
(11.0635 6.56582e-06 0)
(11.0635 1.77584e-05 0)
(11.0635 3.31602e-05 0)
(11.0635 3.27067e-05 0)
(11.0635 2.25569e-05 0)
(11.0635 9.70972e-06 0)
(11.0635 -8.01461e-06 0)
(11.0635 -4.13524e-05 0)
(11.0635 -7.2435e-05 0)
(11.0635 -7.33337e-05 0)
(11.0635 -5.98675e-05 0)
(11.0635 -3.94464e-05 0)
(11.0635 -4.03755e-06 0)
(11.0635 2.09907e-05 0)
(11.0635 1.78186e-05 0)
(11.0635 8.88172e-06 0)
(11.0635 1.62675e-06 0)
(11.0635 9.23138e-07 0)
(11.0635 -9.29646e-07 0)
(11.0635 4.15044e-07 0)
(11.0635 -1.02456e-06 0)
(11.0635 3.66369e-07 0)
(11.0635 -1.17644e-06 0)
(11.0635 3.14245e-07 0)
(11.0635 -1.4368e-06 0)
(11.0634 -2.70645e-07 -1.65522e-35)
(11.0634 -2.23472e-06 0)
(11.0634 -5.88209e-07 0)
(11.0634 -1.48735e-06 0)
(11.0634 -4.01986e-07 0)
(11.0634 -6.67785e-07 0)
(11.0634 4.86499e-07 0)
(11.0634 -3.41269e-07 0)
(11.0634 7.32824e-07 0)
(11.0634 -7.25229e-07 0)
(11.0634 4.90503e-07 0)
(11.0634 -1.32248e-06 0)
(11.0634 -3.45594e-07 -1.33555e-35)
(11.0634 -2.40403e-06 -1.31225e-35)
(11.0633 -9.90083e-07 0)
(11.0633 -1.97746e-06 1.25698e-35)
(11.0633 -1.15604e-06 0)
(11.0633 -1.57698e-06 1.18798e-35)
(11.0633 -9.43046e-07 0)
(11.0633 -1.44032e-06 -1.11728e-35)
(11.0633 -8.03347e-07 0)
(11.0633 -1.32954e-06 0)
(11.0633 -6.05186e-07 0)
(11.0633 -1.15154e-06 -9.75092e-36)
(11.0633 -3.61971e-07 0)
(11.0633 -9.24281e-07 0)
(11.0633 -1.11999e-07 0)
(11.0633 -6.57405e-07 0)
(11.0633 1.57151e-07 0)
(11.0633 -3.77542e-07 0)
(11.0633 4.34467e-07 0)
(11.0633 -1.57303e-07 0)
(11.0633 6.47556e-07 0)
(11.0633 -3.89532e-08 0)
(11.0633 6.55422e-07 0)
(11.0633 -4.66313e-08 -5.80285e-36)
(11.0633 5.42392e-07 0)
(11.0633 -1.64188e-07 0)
(11.0633 4.75552e-07 -4.77684e-36)
(11.0633 -1.85257e-08 0)
(11.0633 1.51214e-06 8.17911e-36)
(11.0633 3.82212e-06 0)
(11.0634 1.44354e-05 0)
(11.0634 3.59226e-05 0)
(11.0634 4.50679e-05 0)
(11.0634 3.29922e-05 0)
(11.0633 8.37209e-06 0)
(11.0633 -8.96371e-06 0)
(11.0634 -1.75789e-05 0)
(11.0634 -2.94924e-05 0)
(11.0634 -3.84606e-05 0)
(11.0634 -1.56238e-05 0)
(11.0634 -7.48902e-06 0)
(11.0633 -9.34638e-06 0)
(11.0633 -1.2731e-05 0)
(11.0633 -7.41953e-06 0)
(11.0633 4.64453e-06 0)
(11.0633 2.43726e-05 0)
(11.0634 4.09413e-05 0)
(11.0634 4.16174e-05 0)
(11.0634 3.56366e-05 0)
(11.0635 3.12131e-05 0)
(11.0635 1.1923e-05 0)
(11.0635 1.03995e-06 0)
(11.0634 -1.45271e-05 0)
(11.0634 -2.54571e-05 0)
(11.0634 -3.10088e-05 0)
(11.0635 -2.64148e-05 0)
(11.0635 -2.2526e-05 0)
(11.0635 8.39691e-06 0)
(11.0635 2.53614e-05 0)
(11.0635 2.3049e-05 0)
(11.0635 9.78627e-06 0)
(11.0635 7.5162e-06 0)
(11.0635 2.7265e-06 0)
(11.0635 6.36557e-06 0)
(11.0635 1.77943e-05 0)
(11.0635 3.36602e-05 0)
(11.0635 3.33841e-05 0)
(11.0635 2.29451e-05 0)
(11.0635 9.79168e-06 0)
(11.0635 -8.0366e-06 0)
(11.0635 -4.18922e-05 0)
(11.0635 -7.27845e-05 0)
(11.0635 -7.28178e-05 0)
(11.0635 -5.97425e-05 0)
(11.0635 -3.98552e-05 0)
(11.0635 -3.9042e-06 0)
(11.0635 2.16927e-05 0)
(11.0635 1.82593e-05 0)
(11.0635 8.97145e-06 0)
(11.0635 1.6688e-06 0)
(11.0635 9.07475e-07 0)
(11.0635 -8.79196e-07 0)
(11.0634 4.21965e-07 0)
(11.0634 -9.40426e-07 0)
(11.0634 4.08035e-07 0)
(11.0634 -1.04716e-06 0)
(11.0634 4.04953e-07 0)
(11.0634 -1.24267e-06 0)
(11.0634 -1.33348e-07 1.65519e-35)
(11.0634 -2.00591e-06 0)
(11.0634 -3.906e-07 0)
(11.0634 -1.23184e-06 0)
(11.0634 -1.65903e-07 0)
(11.0634 -3.97271e-07 0)
(11.0634 7.29275e-07 0)
(11.0634 -5.49091e-08 0)
(11.0634 9.65015e-07 0)
(11.0634 -4.47161e-07 0)
(11.0634 6.97178e-07 0)
(11.0634 -1.05788e-06 0)
(11.0633 -1.78182e-07 1.33552e-35)
(11.0633 -2.19332e-06 1.31222e-35)
(11.0633 -8.52314e-07 0)
(11.0633 -1.82684e-06 -1.25695e-35)
(11.0633 -1.05984e-06 0)
(11.0633 -1.48179e-06 -1.18795e-35)
(11.0633 -8.96752e-07 0)
(11.0633 -1.37907e-06 1.11726e-35)
(11.0633 -7.87623e-07 0)
(11.0633 -1.3022e-06 0)
(11.0633 -6.15277e-07 0)
(11.0633 -1.15143e-06 9.75069e-36)
(11.0633 -3.97092e-07 0)
(11.0633 -9.36279e-07 0)
(11.0633 -1.56374e-07 0)
(11.0633 -6.74147e-07 0)
(11.0633 1.11132e-07 0)
(11.0633 -3.93791e-07 0)
(11.0633 3.94367e-07 0)
(11.0633 -1.78504e-07 0)
(11.0633 5.98719e-07 0)
(11.0633 -5.48379e-08 0)
(11.0633 6.10705e-07 0)
(11.0633 -5.77156e-08 5.80271e-36)
(11.0633 5.05739e-07 0)
(11.0633 -1.76151e-07 0)
(11.0633 4.38168e-07 4.77673e-36)
(11.0633 -2.42585e-08 0)
(11.0633 1.46966e-06 -8.17891e-36)
(11.0633 3.79778e-06 0)
(11.0633 1.43725e-05 0)
(11.0633 3.52271e-05 0)
(11.057 4.47442e-05 0)
(11.057 3.3727e-05 0)
(11.057 9.08008e-06 0)
(11.057 -9.68146e-06 0)
(11.057 -1.84351e-05 0)
(11.057 -3.01318e-05 0)
(11.057 -3.89209e-05 0)
(11.057 -1.53808e-05 0)
(11.057 -6.06815e-06 0)
(11.057 -8.48534e-06 0)
(11.057 -1.23957e-05 0)
(11.057 -7.39335e-06 0)
(11.057 4.49549e-06 0)
(11.057 2.36658e-05 0)
(11.057 3.97463e-05 0)
(11.057 4.05249e-05 0)
(11.0571 3.47341e-05 0)
(11.0571 3.01719e-05 0)
(11.0571 1.21681e-05 0)
(11.0571 2.27758e-06 0)
(11.0571 -1.3969e-05 0)
(11.0571 -2.60341e-05 0)
(11.0571 -3.15938e-05 0)
(11.0571 -2.72109e-05 0)
(11.0571 -2.33623e-05 0)
(11.0571 8.24198e-06 0)
(11.0571 2.59602e-05 0)
(11.0571 2.32023e-05 0)
(11.0571 9.6053e-06 0)
(11.0571 7.26496e-06 0)
(11.0571 2.49515e-06 0)
(11.0572 6.08537e-06 0)
(11.0572 1.78334e-05 0)
(11.0571 3.41463e-05 0)
(11.0571 3.39468e-05 0)
(11.0571 2.32554e-05 0)
(11.0571 9.85575e-06 0)
(11.0571 -8.05843e-06 0)
(11.0571 -4.20508e-05 0)
(11.0571 -7.29629e-05 0)
(11.0571 -7.28753e-05 0)
(11.0571 -6.0004e-05 0)
(11.0571 -4.02667e-05 0)
(11.0571 -3.67425e-06 0)
(11.0571 2.25257e-05 0)
(11.0571 1.8733e-05 0)
(11.0571 9.03588e-06 0)
(11.0571 1.6858e-06 0)
(11.0571 8.74176e-07 0)
(11.0571 -8.40245e-07 0)
(11.0571 4.23027e-07 0)
(11.0571 -8.60277e-07 0)
(11.0571 4.46751e-07 0)
(11.0571 -9.25499e-07 0)
(11.0571 4.89754e-07 0)
(11.0571 -1.05561e-06 0)
(11.0571 -1.78738e-09 0)
(11.0571 -1.78601e-06 0)
(11.0571 -2.07658e-07 0)
(11.0571 -9.93606e-07 0)
(11.0571 5.17909e-08 0)
(11.057 -1.49225e-07 0)
(11.057 9.50493e-07 0)
(11.057 2.0486e-07 0)
(11.057 1.17059e-06 0)
(11.057 -1.95173e-07 0)
(11.057 8.78322e-07 0)
(11.057 -8.1757e-07 0)
(11.057 -3.11577e-08 0)
(11.057 -1.99952e-06 0)
(11.057 -7.34475e-07 0)
(11.057 -1.68948e-06 0)
(11.057 -9.73444e-07 0)
(11.057 -1.39488e-06 0)
(11.057 -8.44928e-07 0)
(11.057 -1.32303e-06 0)
(11.057 -7.69225e-07 0)
(11.057 -1.27006e-06 0)
(11.057 -6.24008e-07 0)
(11.057 -1.13884e-06 0)
(11.057 -4.21825e-07 0)
(11.057 -9.40942e-07 0)
(11.057 -1.91413e-07 0)
(11.057 -6.88292e-07 0)
(11.057 7.04535e-08 0)
(11.057 -4.10986e-07 0)
(11.057 3.5109e-07 0)
(11.057 -1.90952e-07 0)
(11.057 5.49731e-07 0)
(11.057 -7.27538e-08 0)
(11.057 5.70387e-07 0)
(11.057 -7.27465e-08 0)
(11.057 4.71728e-07 0)
(11.057 -1.82784e-07 0)
(11.057 4.05516e-07 0)
(11.057 -2.82875e-08 0)
(11.057 1.44013e-06 0)
(11.057 3.78944e-06 0)
(11.057 1.43006e-05 0)
(11.057 3.46036e-05 0)
(11.0443 4.43179e-05 0)
(11.0442 3.43207e-05 0)
(11.0442 9.47261e-06 0)
(11.0442 -1.05362e-05 0)
(11.0443 -1.93236e-05 0)
(11.0443 -3.06466e-05 0)
(11.0443 -3.91996e-05 0)
(11.0443 -1.4975e-05 0)
(11.0443 -4.56158e-06 0)
(11.0442 -7.51119e-06 0)
(11.0442 -1.19662e-05 0)
(11.0442 -7.3441e-06 0)
(11.0442 4.30865e-06 0)
(11.0442 2.28953e-05 0)
(11.0443 3.85106e-05 0)
(11.0443 3.94249e-05 0)
(11.0443 3.38697e-05 0)
(11.0444 2.91789e-05 0)
(11.0444 1.23784e-05 0)
(11.0443 3.52655e-06 0)
(11.0443 -1.33809e-05 0)
(11.0443 -2.66052e-05 0)
(11.0443 -3.21505e-05 0)
(11.0444 -2.79422e-05 0)
(11.0444 -2.41563e-05 0)
(11.0444 8.14274e-06 0)
(11.0444 2.66502e-05 0)
(11.0444 2.34558e-05 0)
(11.0444 9.48261e-06 0)
(11.0444 7.02929e-06 0)
(11.0444 2.26128e-06 0)
(11.0444 5.76254e-06 0)
(11.0444 1.77837e-05 0)
(11.0444 3.45742e-05 0)
(11.0444 3.45033e-05 0)
(11.0444 2.35915e-05 0)
(11.0444 9.9357e-06 0)
(11.0444 -8.08792e-06 0)
(11.0444 -4.24007e-05 0)
(11.0444 -7.3362e-05 0)
(11.0444 -7.28977e-05 0)
(11.0444 -6.02074e-05 0)
(11.0444 -4.06793e-05 0)
(11.0444 -3.44043e-06 0)
(11.0444 2.34276e-05 0)
(11.0444 1.93001e-05 0)
(11.0444 9.16936e-06 0)
(11.0444 1.73326e-06 0)
(11.0444 8.50773e-07 0)
(11.0444 -8.03679e-07 0)
(11.0443 4.19235e-07 0)
(11.0443 -7.86813e-07 0)
(11.0443 4.82561e-07 0)
(11.0443 -8.11673e-07 0)
(11.0443 5.6834e-07 0)
(11.0443 -8.77439e-07 0)
(11.0443 1.23094e-07 0)
(11.0443 -1.57436e-06 0)
(11.0443 -3.62292e-08 0)
(11.0443 -7.67192e-07 0)
(11.0443 2.58152e-07 0)
(11.0443 8.6226e-08 0)
(11.0443 1.15928e-06 0)
(11.0443 4.51489e-07 0)
(11.0443 1.36559e-06 0)
(11.0443 4.49455e-08 0)
(11.0443 1.0514e-06 0)
(11.0443 -5.85579e-07 0)
(11.0442 1.11816e-07 0)
(11.0442 -1.80877e-06 0)
(11.0442 -6.19623e-07 0)
(11.0442 -1.55443e-06 0)
(11.0442 -8.86325e-07 0)
(11.0442 -1.30702e-06 0)
(11.0442 -7.92514e-07 0)
(11.0442 -1.26496e-06 0)
(11.0442 -7.48453e-07 0)
(11.0442 -1.23621e-06 0)
(11.0442 -6.29978e-07 0)
(11.0442 -1.12474e-06 0)
(11.0442 -4.4452e-07 0)
(11.0442 -9.44013e-07 0)
(11.0442 -2.24445e-07 0)
(11.0442 -7.00754e-07 0)
(11.0442 3.11539e-08 0)
(11.0442 -4.27458e-07 0)
(11.0442 3.08966e-07 0)
(11.0442 -2.0437e-07 0)
(11.0442 5.02587e-07 0)
(11.0442 -9.0634e-08 0)
(11.0442 5.30961e-07 0)
(11.0442 -8.65256e-08 0)
(11.0442 4.38516e-07 0)
(11.0442 -1.88243e-07 0)
(11.0442 3.74978e-07 0)
(11.0442 -3.13041e-08 0)
(11.0442 1.411e-06 0)
(11.0442 3.77206e-06 0)
(11.0442 1.41877e-05 0)
(11.0442 3.39194e-05 0)
(11.025 4.39353e-05 0)
(11.025 3.50564e-05 0)
(11.025 9.92577e-06 0)
(11.025 -1.12901e-05 0)
(11.025 -2.01939e-05 0)
(11.025 -3.11963e-05 0)
(11.025 -3.95666e-05 0)
(11.025 -1.46032e-05 0)
(11.025 -3.04873e-06 0)
(11.025 -6.55975e-06 0)
(11.0249 -1.15843e-05 0)
(11.0249 -7.33605e-06 0)
(11.0249 4.07697e-06 0)
(11.025 2.21175e-05 0)
(11.025 3.72966e-05 0)
(11.025 3.83327e-05 0)
(11.0251 3.29806e-05 0)
(11.0251 2.81743e-05 0)
(11.0251 1.25693e-05 0)
(11.0251 4.79639e-06 0)
(11.025 -1.27548e-05 0)
(11.025 -2.71587e-05 0)
(11.0251 -3.26871e-05 0)
(11.0251 -2.86861e-05 0)
(11.0251 -2.50096e-05 0)
(11.0251 7.99591e-06 0)
(11.0251 2.73134e-05 0)
(11.0251 2.36852e-05 0)
(11.0251 9.30631e-06 0)
(11.0251 6.73381e-06 0)
(11.0251 1.97696e-06 0)
(11.0251 5.3949e-06 0)
(11.0251 1.77198e-05 0)
(11.0251 3.50146e-05 0)
(11.0251 3.50879e-05 0)
(11.0251 2.3943e-05 0)
(11.0251 1.00188e-05 0)
(11.0251 -8.08515e-06 0)
(11.0251 -4.27041e-05 0)
(11.0251 -7.37579e-05 0)
(11.0251 -7.28689e-05 0)
(11.0251 -6.04047e-05 0)
(11.0251 -4.11474e-05 0)
(11.0251 -3.24881e-06 0)
(11.0251 2.43206e-05 0)
(11.0251 1.98439e-05 0)
(11.0251 9.2696e-06 0)
(11.0251 1.7615e-06 0)
(11.0251 8.16796e-07 0)
(11.0251 -7.77529e-07 0)
(11.0251 4.09995e-07 0)
(11.0251 -7.19061e-07 0)
(11.0251 5.22219e-07 0)
(11.0251 -6.95396e-07 0)
(11.0251 6.54103e-07 0)
(11.0251 -6.91447e-07 0)
(11.0251 2.60287e-07 0)
(11.0251 -1.34903e-06 0)
(11.025 1.46493e-07 0)
(11.025 -5.28404e-07 0)
(11.025 4.78247e-07 0)
(11.025 3.3503e-07 0)
(11.025 1.38255e-06 0)
(11.025 7.1194e-07 0)
(11.025 1.57636e-06 0)
(11.025 2.99461e-07 0)
(11.025 1.2413e-06 0)
(11.025 -3.38167e-07 0)
(11.025 2.72781e-07 0)
(11.025 -1.60035e-06 0)
(11.025 -4.90661e-07 0)
(11.025 -1.40598e-06 0)
(11.025 -7.86169e-07 0)
(11.025 -1.2081e-06 0)
(11.0249 -7.29301e-07 0)
(11.0249 -1.19789e-06 0)
(11.0249 -7.1983e-07 0)
(11.0249 -1.19629e-06 0)
(11.0249 -6.31087e-07 0)
(11.0249 -1.10847e-06 0)
(11.0249 -4.65081e-07 0)
(11.0249 -9.46813e-07 0)
(11.0249 -2.57623e-07 0)
(11.0249 -7.14876e-07 0)
(11.0249 -1.00118e-08 0)
(11.0249 -4.4702e-07 0)
(11.0249 2.64143e-07 0)
(11.0249 -2.21262e-07 0)
(11.0249 4.51743e-07 0)
(11.025 -1.12915e-07 0)
(11.025 4.88743e-07 0)
(11.025 -1.0311e-07 0)
(11.025 4.04876e-07 0)
(11.025 -1.94415e-07 0)
(11.025 3.44866e-07 0)
(11.025 -3.49607e-08 0)
(11.025 1.38085e-06 0)
(11.025 3.74356e-06 0)
(11.025 1.40393e-05 0)
(11.025 3.32437e-05 0)
(10.999 4.35441e-05 0)
(10.999 3.59283e-05 0)
(10.999 1.03646e-05 0)
(10.999 -1.20249e-05 0)
(10.999 -2.10679e-05 0)
(10.999 -3.17353e-05 0)
(10.9991 -3.99918e-05 0)
(10.9991 -1.42429e-05 0)
(10.999 -1.50743e-06 0)
(10.999 -5.61226e-06 0)
(10.999 -1.1218e-05 0)
(10.999 -7.34481e-06 0)
(10.999 3.8316e-06 0)
(10.999 2.13472e-05 0)
(10.999 3.61075e-05 0)
(10.999 3.72503e-05 0)
(10.9991 3.20913e-05 0)
(10.9991 2.71933e-05 0)
(10.9991 1.27634e-05 0)
(10.9991 6.10921e-06 0)
(10.9991 -1.20951e-05 0)
(10.9991 -2.77021e-05 0)
(10.9991 -3.31924e-05 0)
(10.9991 -2.94235e-05 0)
(10.9991 -2.58937e-05 0)
(10.9991 7.83401e-06 0)
(10.9991 2.79931e-05 0)
(10.9991 2.39089e-05 0)
(10.9991 9.11455e-06 0)
(10.9991 6.41228e-06 0)
(10.9991 1.67121e-06 0)
(10.9992 5.0324e-06 0)
(10.9992 1.76537e-05 0)
(10.9991 3.54695e-05 0)
(10.9991 3.57144e-05 0)
(10.9991 2.43281e-05 0)
(10.9991 1.01244e-05 0)
(10.9991 -8.03801e-06 0)
(10.9991 -4.298e-05 0)
(10.9991 -7.41917e-05 0)
(10.9991 -7.27905e-05 0)
(10.9991 -6.06007e-05 0)
(10.9991 -4.1665e-05 0)
(10.9991 -3.08623e-06 0)
(10.9991 2.5223e-05 0)
(10.9991 2.03779e-05 0)
(10.9991 9.34106e-06 0)
(10.9991 1.76861e-06 0)
(10.9991 7.67276e-07 0)
(10.9991 -7.64576e-07 0)
(10.9991 3.9221e-07 0)
(10.9991 -6.60682e-07 0)
(10.9991 5.57414e-07 0)
(10.9991 -5.85744e-07 0)
(10.9991 7.35017e-07 0)
(10.9991 -5.12787e-07 0)
(10.9991 3.9207e-07 0)
(10.9991 -1.13089e-06 0)
(10.9991 3.17167e-07 0)
(10.9991 -3.02461e-07 0)
(10.9991 6.85334e-07 0)
(10.999 5.69529e-07 0)
(10.999 1.59178e-06 0)
(10.999 9.57392e-07 0)
(10.999 1.77473e-06 0)
(10.999 5.40926e-07 0)
(10.999 1.42215e-06 0)
(10.999 -9.95718e-08 0)
(10.999 4.2959e-07 0)
(10.999 -1.39402e-06 0)
(10.999 -3.64727e-07 0)
(10.999 -1.25853e-06 0)
(10.999 -6.84238e-07 0)
(10.999 -1.10685e-06 0)
(10.999 -6.62547e-07 0)
(10.999 -1.12735e-06 0)
(10.999 -6.86906e-07 0)
(10.999 -1.15237e-06 0)
(10.999 -6.27804e-07 0)
(10.999 -1.08889e-06 0)
(10.999 -4.81532e-07 0)
(10.999 -9.46777e-07 0)
(10.999 -2.87751e-07 0)
(10.999 -7.27319e-07 0)
(10.999 -4.9265e-08 0)
(10.999 -4.66218e-07 0)
(10.999 2.20033e-07 0)
(10.999 -2.38776e-07 0)
(10.999 4.01399e-07 0)
(10.999 -1.35829e-07 0)
(10.999 4.46904e-07 0)
(10.999 -1.19546e-07 0)
(10.999 3.72679e-07 0)
(10.999 -1.99077e-07 0)
(10.999 3.17219e-07 0)
(10.999 -3.71032e-08 0)
(10.999 1.35153e-06 0)
(10.999 3.71001e-06 0)
(10.999 1.38656e-05 0)
(10.999 3.25553e-05 0)
(10.9661 4.3137e-05 0)
(10.9661 3.68825e-05 0)
(10.9661 1.08194e-05 0)
(10.9661 -1.27443e-05 0)
(10.9661 -2.18733e-05 0)
(10.9661 -3.23402e-05 0)
(10.9661 -4.04718e-05 0)
(10.9661 -1.38935e-05 0)
(10.9661 6.41969e-08 0)
(10.9661 -4.66302e-06 0)
(10.966 -1.08658e-05 0)
(10.966 -7.37254e-06 0)
(10.966 3.5753e-06 0)
(10.9661 2.05813e-05 0)
(10.9661 3.49387e-05 0)
(10.9661 3.61745e-05 0)
(10.9661 3.12087e-05 0)
(10.9662 2.62409e-05 0)
(10.9662 1.29609e-05 0)
(10.9662 7.47463e-06 0)
(10.9661 -1.14046e-05 0)
(10.9661 -2.82513e-05 0)
(10.9661 -3.3653e-05 0)
(10.9662 -3.01606e-05 0)
(10.9662 -2.68038e-05 0)
(10.9662 7.65902e-06 0)
(10.9662 2.86983e-05 0)
(10.9662 2.41213e-05 0)
(10.9662 8.93082e-06 0)
(10.9662 6.05511e-06 0)
(10.9662 1.37337e-06 0)
(10.9662 4.66746e-06 0)
(10.9662 1.75806e-05 0)
(10.9662 3.59389e-05 0)
(10.9662 3.63861e-05 0)
(10.9662 2.47484e-05 0)
(10.9662 1.02533e-05 0)
(10.9662 -7.95005e-06 0)
(10.9662 -4.32357e-05 0)
(10.9662 -7.45816e-05 0)
(10.9662 -7.2723e-05 0)
(10.9662 -6.07924e-05 0)
(10.9662 -4.2231e-05 0)
(10.9662 -2.95029e-06 0)
(10.9662 2.61388e-05 0)
(10.9662 2.09072e-05 0)
(10.9662 9.38596e-06 0)
(10.9662 1.75536e-06 0)
(10.9662 7.01607e-07 0)
(10.9662 -7.64054e-07 0)
(10.9662 3.67412e-07 0)
(10.9662 -6.08854e-07 0)
(10.9662 5.89434e-07 0)
(10.9662 -4.80467e-07 0)
(10.9662 8.12282e-07 0)
(10.9662 -3.40496e-07 0)
(10.9662 5.18858e-07 0)
(10.9661 -9.19532e-07 0)
(10.9661 4.75513e-07 0)
(10.9661 -9.00532e-08 0)
(10.9661 8.78307e-07 0)
(10.9661 7.88472e-07 0)
(10.9661 1.78566e-06 0)
(10.9661 1.18645e-06 0)
(10.9661 1.95898e-06 0)
(10.9661 7.6777e-07 0)
(10.9661 1.59212e-06 0)
(10.9661 1.28329e-07 0)
(10.9661 5.80335e-07 0)
(10.9661 -1.19112e-06 0)
(10.9661 -2.43388e-07 0)
(10.9661 -1.11351e-06 0)
(10.9661 -5.81625e-07 0)
(10.966 -1.00431e-06 0)
(10.966 -5.92904e-07 0)
(10.966 -1.05392e-06 0)
(10.966 -6.50108e-07 0)
(10.966 -1.10484e-06 0)
(10.966 -6.20127e-07 0)
(10.966 -1.06639e-06 0)
(10.966 -4.94176e-07 0)
(10.966 -9.43932e-07 0)
(10.966 -3.14905e-07 0)
(10.966 -7.37869e-07 0)
(10.966 -8.65831e-08 0)
(10.966 -4.84791e-07 0)
(10.966 1.76576e-07 0)
(10.966 -2.56652e-07 0)
(10.966 3.51502e-07 0)
(10.966 -1.59298e-07 0)
(10.966 4.05455e-07 0)
(10.966 -1.35811e-07 0)
(10.966 3.41668e-07 0)
(10.966 -2.0239e-07 0)
(10.966 2.91882e-07 0)
(10.966 -3.80778e-08 0)
(10.9661 1.32279e-06 0)
(10.9661 3.67164e-06 0)
(10.9661 1.367e-05 0)
(10.9661 3.1856e-05 0)
(10.9259 4.26907e-05 0)
(10.9259 3.7912e-05 0)
(10.9259 1.1309e-05 0)
(10.9259 -1.34546e-05 0)
(10.9259 -2.26952e-05 0)
(10.9259 -3.2976e-05 0)
(10.9259 -4.09978e-05 0)
(10.9259 -1.35573e-05 0)
(10.9259 1.67127e-06 0)
(10.9259 -3.70896e-06 0)
(10.9258 -1.05265e-05 0)
(10.9258 -7.41906e-06 0)
(10.9258 3.30557e-06 0)
(10.9259 1.98206e-05 0)
(10.9259 3.37859e-05 0)
(10.9259 3.51043e-05 0)
(10.9259 3.03345e-05 0)
(10.926 2.53181e-05 0)
(10.926 1.31657e-05 0)
(10.926 8.89279e-06 0)
(10.9259 -1.06829e-05 0)
(10.9259 -2.87969e-05 0)
(10.9259 -3.40792e-05 0)
(10.926 -3.08902e-05 0)
(10.926 -2.77532e-05 0)
(10.926 7.46936e-06 0)
(10.926 2.94348e-05 0)
(10.926 2.43498e-05 0)
(10.926 8.75253e-06 0)
(10.926 5.67028e-06 0)
(10.926 1.07588e-06 0)
(10.926 4.30228e-06 0)
(10.926 1.74999e-05 0)
(10.926 3.6426e-05 0)
(10.926 3.71078e-05 0)
(10.926 2.52088e-05 0)
(10.926 1.04074e-05 0)
(10.926 -7.8214e-06 0)
(10.926 -4.3466e-05 0)
(10.926 -7.4964e-05 0)
(10.926 -7.26754e-05 0)
(10.926 -6.09832e-05 0)
(10.926 -4.28454e-05 0)
(10.926 -2.84163e-06 0)
(10.926 2.70727e-05 0)
(10.926 2.14361e-05 0)
(10.926 9.40606e-06 0)
(10.926 1.72177e-06 0)
(10.926 6.20258e-07 0)
(10.926 -7.74848e-07 0)
(10.926 3.37598e-07 0)
(10.926 -5.61206e-07 0)
(10.926 6.2003e-07 0)
(10.926 -3.7698e-07 0)
(10.926 8.86927e-07 0)
(10.9259 -1.74052e-07 0)
(10.9259 6.40616e-07 0)
(10.9259 -7.1535e-07 0)
(10.9259 6.20807e-07 0)
(10.9259 1.07392e-07 0)
(10.9259 1.0557e-06 0)
(10.9259 9.89921e-07 0)
(10.9259 1.96223e-06 0)
(10.9259 1.39696e-06 0)
(10.9259 2.127e-06 0)
(10.9259 9.77728e-07 0)
(10.9259 1.74887e-06 0)
(10.9259 3.43144e-07 0)
(10.9259 7.22773e-07 0)
(10.9259 -9.93435e-07 0)
(10.9259 -1.28566e-07 0)
(10.9259 -9.72839e-07 0)
(10.9259 -4.79668e-07 0)
(10.9258 -9.01683e-07 0)
(10.9258 -5.21125e-07 0)
(10.9258 -9.78349e-07 0)
(10.9258 -6.09676e-07 0)
(10.9258 -1.05413e-06 0)
(10.9258 -6.0803e-07 0)
(10.9258 -1.04054e-06 0)
(10.9258 -5.03022e-07 0)
(10.9258 -9.38139e-07 0)
(10.9258 -3.38736e-07 0)
(10.9258 -7.4613e-07 0)
(10.9258 -1.21671e-07 0)
(10.9258 -5.02202e-07 0)
(10.9258 1.34161e-07 0)
(10.9258 -2.74416e-07 0)
(10.9258 3.02212e-07 0)
(10.9258 -1.83062e-07 0)
(10.9258 3.64492e-07 0)
(10.9258 -1.51983e-07 0)
(10.9258 3.11932e-07 0)
(10.9258 -2.04647e-07 0)
(10.9258 2.68809e-07 0)
(10.9258 -3.76663e-08 0)
(10.9258 1.29432e-06 0)
(10.9258 3.62788e-06 0)
(10.9259 1.34532e-05 0)
(10.9259 3.11432e-05 0)
(10.878 4.22063e-05 0)
(10.878 3.89872e-05 0)
(10.878 1.18438e-05 0)
(10.878 -1.42049e-05 0)
(10.878 -2.35068e-05 0)
(10.878 -3.36429e-05 0)
(10.8781 -4.15695e-05 0)
(10.8781 -1.32379e-05 0)
(10.878 3.31995e-06 0)
(10.878 -2.74683e-06 0)
(10.878 -1.01975e-05 0)
(10.878 -7.47929e-06 0)
(10.878 3.02536e-06 0)
(10.878 1.90613e-05 0)
(10.878 3.2647e-05 0)
(10.8781 3.40401e-05 0)
(10.8781 2.9471e-05 0)
(10.8781 2.44257e-05 0)
(10.8781 1.33815e-05 0)
(10.8781 1.03547e-05 0)
(10.8781 -9.91958e-06 0)
(10.8781 -2.93349e-05 0)
(10.8781 -3.44765e-05 0)
(10.8781 -3.16123e-05 0)
(10.8781 -2.8748e-05 0)
(10.8781 7.26118e-06 0)
(10.8781 3.02176e-05 0)
(10.8781 2.45851e-05 0)
(10.8781 8.5694e-06 0)
(10.8781 5.27072e-06 0)
(10.8781 7.83199e-07 0)
(10.8781 3.94114e-06 0)
(10.8782 1.74145e-05 0)
(10.8781 3.69354e-05 0)
(10.8781 3.78851e-05 0)
(10.8781 2.57144e-05 0)
(10.8781 1.05896e-05 0)
(10.8781 -7.66695e-06 0)
(10.8781 -4.36472e-05 0)
(10.8781 -7.53598e-05 0)
(10.8781 -7.26419e-05 0)
(10.8781 -6.11783e-05 0)
(10.8781 -4.35085e-05 0)
(10.8781 -2.76114e-06 0)
(10.8781 2.80278e-05 0)
(10.8781 2.19662e-05 0)
(10.8781 9.40285e-06 0)
(10.8781 1.66801e-06 0)
(10.8781 5.24126e-07 0)
(10.8781 -7.95066e-07 0)
(10.8781 3.05006e-07 0)
(10.8781 -5.13904e-07 0)
(10.8781 6.50186e-07 0)
(10.8781 -2.74138e-07 0)
(10.8781 9.59893e-07 0)
(10.8781 -1.33143e-08 0)
(10.8781 7.56406e-07 0)
(10.8781 -5.1968e-07 0)
(10.8781 7.51155e-07 0)
(10.8781 2.87547e-07 0)
(10.8781 1.21485e-06 0)
(10.878 1.17066e-06 0)
(10.878 2.11806e-06 0)
(10.878 1.58562e-06 0)
(10.878 2.2753e-06 0)
(10.878 1.16736e-06 0)
(10.878 1.88873e-06 0)
(10.878 5.41637e-07 0)
(10.878 8.53424e-07 0)
(10.878 -8.03332e-07 0)
(10.878 -2.27146e-08 0)
(10.878 -8.38474e-07 0)
(10.878 -3.8019e-07 0)
(10.878 -8.00383e-07 0)
(10.878 -4.48602e-07 0)
(10.878 -9.01221e-07 0)
(10.878 -5.66413e-07 0)
(10.878 -1.00065e-06 0)
(10.878 -5.91973e-07 0)
(10.878 -1.01162e-06 0)
(10.878 -5.08075e-07 0)
(10.878 -9.29054e-07 0)
(10.878 -3.58755e-07 0)
(10.878 -7.51838e-07 0)
(10.878 -1.54031e-07 0)
(10.878 -5.18157e-07 0)
(10.878 9.33505e-08 0)
(10.878 -2.91897e-07 0)
(10.878 2.54046e-07 0)
(10.878 -2.06744e-07 0)
(10.878 3.24346e-07 0)
(10.878 -1.67787e-07 0)
(10.878 2.83562e-07 0)
(10.878 -2.05798e-07 0)
(10.878 2.47888e-07 0)
(10.878 -3.5839e-08 0)
(10.878 1.26618e-06 0)
(10.878 3.57862e-06 0)
(10.878 1.32158e-05 0)
(10.878 3.04158e-05 0)
(10.822 4.17037e-05 0)
(10.822 4.00674e-05 0)
(10.822 1.24334e-05 0)
(10.822 -1.49665e-05 0)
(10.822 -2.43184e-05 0)
(10.8221 -3.43331e-05 0)
(10.8221 -4.22075e-05 0)
(10.8221 -1.29428e-05 0)
(10.8221 5.01808e-06 0)
(10.822 -1.77165e-06 0)
(10.822 -9.87465e-06 0)
(10.822 -7.55149e-06 0)
(10.822 2.74372e-06 0)
(10.822 1.83032e-05 0)
(10.822 3.15215e-05 0)
(10.8221 3.29829e-05 0)
(10.8221 2.862e-05 0)
(10.8221 2.35639e-05 0)
(10.8221 1.36037e-05 0)
(10.8221 1.1852e-05 0)
(10.8221 -9.09582e-06 0)
(10.8221 -2.9867e-05 0)
(10.8221 -3.48489e-05 0)
(10.8221 -3.23286e-05 0)
(10.8221 -2.9795e-05 0)
(10.8222 7.02737e-06 0)
(10.8221 3.10707e-05 0)
(10.8221 2.48172e-05 0)
(10.8221 8.38406e-06 0)
(10.8221 4.86276e-06 0)
(10.8221 5.00008e-07 0)
(10.8222 3.59042e-06 0)
(10.8222 1.73265e-05 0)
(10.8221 3.74736e-05 0)
(10.8221 3.8725e-05 0)
(10.8221 2.6271e-05 0)
(10.8221 1.08029e-05 0)
(10.8221 -7.47495e-06 0)
(10.8221 -4.37853e-05 0)
(10.8221 -7.57774e-05 0)
(10.8221 -7.26214e-05 0)
(10.8221 -6.13793e-05 0)
(10.8221 -4.42232e-05 0)
(10.8221 -2.71098e-06 0)
(10.8221 2.90064e-05 0)
(10.8221 2.24988e-05 0)
(10.8221 9.37736e-06 0)
(10.8221 1.59434e-06 0)
(10.8221 4.14931e-07 0)
(10.8221 -8.21898e-07 0)
(10.8221 2.72692e-07 0)
(10.8221 -4.64133e-07 0)
(10.8221 6.83336e-07 0)
(10.8221 -1.70784e-07 0)
(10.8221 1.03308e-06 0)
(10.8221 1.41628e-07 0)
(10.8221 8.65595e-07 0)
(10.8221 -3.33877e-07 0)
(10.8221 8.65228e-07 0)
(10.8221 4.47902e-07 0)
(10.8221 1.35343e-06 0)
(10.8221 1.32779e-06 0)
(10.822 2.24985e-06 0)
(10.822 1.74923e-06 0)
(10.822 2.40042e-06 0)
(10.822 1.33318e-06 0)
(10.822 2.00806e-06 0)
(10.822 7.20175e-07 0)
(10.822 9.69912e-07 0)
(10.822 -6.23389e-07 0)
(10.822 7.12212e-08 0)
(10.822 -7.12661e-07 0)
(10.822 -2.85714e-07 0)
(10.822 -7.02242e-07 0)
(10.822 -3.76232e-07 0)
(10.822 -8.237e-07 0)
(10.822 -5.2091e-07 0)
(10.822 -9.44666e-07 0)
(10.822 -5.72229e-07 0)
(10.822 -9.7879e-07 0)
(10.822 -5.09098e-07 0)
(10.822 -9.16305e-07 0)
(10.822 -3.74728e-07 0)
(10.822 -7.54287e-07 0)
(10.822 -1.83127e-07 0)
(10.822 -5.31744e-07 0)
(10.822 5.46977e-08 0)
(10.822 -3.08151e-07 0)
(10.822 2.07401e-07 0)
(10.822 -2.29781e-07 0)
(10.822 2.85271e-07 0)
(10.822 -1.82987e-07 0)
(10.822 2.56655e-07 0)
(10.822 -2.05848e-07 0)
(10.822 2.29101e-07 0)
(10.822 -3.28566e-08 0)
(10.822 1.23818e-06 0)
(10.822 3.52338e-06 0)
(10.822 1.29574e-05 0)
(10.822 2.96692e-05 0)
(10.7573 4.11916e-05 0)
(10.7573 4.11328e-05 0)
(10.7573 1.30753e-05 0)
(10.7573 -1.57422e-05 0)
(10.7573 -2.5151e-05 0)
(10.7574 -3.50359e-05 0)
(10.7574 -4.29141e-05 0)
(10.7574 -1.2681e-05 0)
(10.7574 6.77762e-06 0)
(10.7573 -7.76176e-07 0)
(10.7573 -9.55389e-06 0)
(10.7573 -7.6317e-06 0)
(10.7573 2.46395e-06 0)
(10.7573 1.75431e-05 0)
(10.7574 3.04101e-05 0)
(10.7574 3.19346e-05 0)
(10.7574 2.77827e-05 0)
(10.7574 2.27323e-05 0)
(10.7574 1.38201e-05 0)
(10.7574 1.3382e-05 0)
(10.7574 -8.18636e-06 0)
(10.7574 -3.0398e-05 0)
(10.7574 -3.52002e-05 0)
(10.7574 -3.30411e-05 0)
(10.7574 -3.09005e-05 0)
(10.7575 6.76042e-06 0)
(10.7574 3.19868e-05 0)
(10.7574 2.50637e-05 0)
(10.7574 8.20251e-06 0)
(10.7574 4.44959e-06 0)
(10.7574 2.32917e-07 0)
(10.7575 3.25498e-06 0)
(10.7575 1.72376e-05 0)
(10.7574 3.80409e-05 0)
(10.7574 3.96351e-05 0)
(10.7574 2.68839e-05 0)
(10.7574 1.10504e-05 0)
(10.7574 -7.2048e-06 0)
(10.7574 -4.38744e-05 0)
(10.7574 -7.624e-05 0)
(10.7574 -7.26098e-05 0)
(10.7574 -6.15808e-05 0)
(10.7574 -4.49961e-05 0)
(10.7574 -2.6923e-06 0)
(10.7574 3.001e-05 0)
(10.7574 2.30342e-05 0)
(10.7574 9.33161e-06 0)
(10.7574 1.5021e-06 0)
(10.7574 2.95371e-07 0)
(10.7574 -8.51163e-07 0)
(10.7574 2.44708e-07 0)
(10.7574 -4.08203e-07 0)
(10.7574 7.229e-07 0)
(10.7574 -6.48156e-08 0)
(10.7574 1.10712e-06 0)
(10.7574 2.91645e-07 0)
(10.7574 9.67859e-07 0)
(10.7574 -1.58875e-07 0)
(10.7574 9.63093e-07 0)
(10.7574 5.86518e-07 0)
(10.7574 1.46944e-06 0)
(10.7574 1.45921e-06 0)
(10.7573 2.35465e-06 0)
(10.7573 1.88528e-06 0)
(10.7573 2.49895e-06 0)
(10.7573 1.47246e-06 0)
(10.7573 2.10283e-06 0)
(10.7573 8.75707e-07 0)
(10.7573 1.07065e-06 0)
(10.7573 -4.56799e-07 0)
(10.7573 1.50769e-07 0)
(10.7573 -5.96794e-07 0)
(10.7573 -1.9821e-07 0)
(10.7573 -6.07286e-07 0)
(10.7573 -3.06175e-07 0)
(10.7573 -7.46629e-07 0)
(10.7573 -4.7406e-07 0)
(10.7573 -8.86649e-07 0)
(10.7573 -5.49157e-07 0)
(10.7573 -9.4232e-07 0)
(10.7573 -5.05841e-07 0)
(10.7573 -8.99779e-07 0)
(10.7573 -3.86359e-07 0)
(10.7573 -7.53141e-07 0)
(10.7573 -2.08386e-07 0)
(10.7573 -5.42536e-07 0)
(10.7573 1.88283e-08 0)
(10.7573 -3.22745e-07 0)
(10.7573 1.62834e-07 0)
(10.7573 -2.51701e-07 0)
(10.7573 2.47601e-07 0)
(10.7573 -1.97227e-07 0)
(10.7573 2.31111e-07 0)
(10.7573 -2.04622e-07 0)
(10.7573 2.12255e-07 0)
(10.7573 -2.87558e-08 0)
(10.7573 1.21004e-06 0)
(10.7573 3.46179e-06 0)
(10.7573 1.26776e-05 0)
(10.7573 2.89e-05 0)
(10.6833 4.06734e-05 0)
(10.6832 4.21708e-05 0)
(10.6832 1.37672e-05 0)
(10.6832 -1.65387e-05 0)
(10.6833 -2.60108e-05 0)
(10.6833 -3.57583e-05 0)
(10.6833 -4.36952e-05 0)
(10.6833 -1.24841e-05 0)
(10.6833 8.63704e-06 0)
(10.6832 2.50223e-07 0)
(10.6832 -9.23105e-06 0)
(10.6832 -7.71521e-06 0)
(10.6832 2.18366e-06 0)
(10.6832 1.67907e-05 0)
(10.6833 2.93139e-05 0)
(10.6833 3.08955e-05 0)
(10.6833 2.69599e-05 0)
(10.6833 2.19303e-05 0)
(10.6833 1.40186e-05 0)
(10.6833 1.4939e-05 0)
(10.6833 -7.16605e-06 0)
(10.6833 -3.09374e-05 0)
(10.6833 -3.55341e-05 0)
(10.6833 -3.37511e-05 0)
(10.6834 -3.20688e-05 0)
(10.6834 6.45457e-06 0)
(10.6834 3.29633e-05 0)
(10.6833 2.53323e-05 0)
(10.6833 8.02604e-06 0)
(10.6833 4.03546e-06 0)
(10.6834 -1.20829e-08 0)
(10.6834 2.94116e-06 0)
(10.6834 1.71468e-05 0)
(10.6833 3.86356e-05 0)
(10.6833 4.06197e-05 0)
(10.6833 2.75573e-05 0)
(10.6833 1.13343e-05 0)
(10.6833 -6.85726e-06 0)
(10.6833 -4.3955e-05 0)
(10.6833 -7.67032e-05 0)
(10.6833 -7.25988e-05 0)
(10.6833 -6.1776e-05 0)
(10.6833 -4.58355e-05 0)
(10.6833 -2.7052e-06 0)
(10.6833 3.10396e-05 0)
(10.6833 2.35709e-05 0)
(10.6833 9.26956e-06 0)
(10.6833 1.39335e-06 0)
(10.6833 1.69329e-07 0)
(10.6833 -8.77997e-07 0)
(10.6833 2.26632e-07 0)
(10.6833 -3.41682e-07 0)
(10.6833 7.72163e-07 0)
(10.6833 4.5904e-08 0)
(10.6833 1.18236e-06 0)
(10.6833 4.36885e-07 0)
(10.6833 1.06273e-06 0)
(10.6833 4.23437e-09 0)
(10.6833 1.04323e-06 0)
(10.6833 7.02419e-07 0)
(10.6833 1.56105e-06 0)
(10.6833 1.56334e-06 0)
(10.6833 2.43008e-06 0)
(10.6833 1.99139e-06 0)
(10.6832 2.56752e-06 0)
(10.6832 1.58319e-06 0)
(10.6832 2.17074e-06 0)
(10.6832 1.00754e-06 0)
(10.6832 1.15319e-06 0)
(10.6832 -3.06714e-07 0)
(10.6832 2.14539e-07 0)
(10.6832 -4.93216e-07 0)
(10.6832 -1.187e-07 0)
(10.6832 -5.18213e-07 0)
(10.6832 -2.39852e-07 0)
(10.6832 -6.70882e-07 0)
(10.6832 -4.26571e-07 0)
(10.6832 -8.27055e-07 0)
(10.6832 -5.22927e-07 0)
(10.6832 -9.02465e-07 0)
(10.6832 -4.97697e-07 0)
(10.6832 -8.79402e-07 0)
(10.6832 -3.93299e-07 0)
(10.6832 -7.4771e-07 0)
(10.6832 -2.29168e-07 0)
(10.6832 -5.49671e-07 0)
(10.6832 -1.35624e-08 0)
(10.6832 -3.34825e-07 0)
(10.6832 1.20938e-07 0)
(10.6832 -2.71945e-07 0)
(10.6832 2.11662e-07 0)
(10.6832 -2.10295e-07 0)
(10.6832 2.07001e-07 0)
(10.6832 -2.02144e-07 0)
(10.6832 1.97181e-07 0)
(10.6832 -2.37343e-08 0)
(10.6832 1.18144e-06 0)
(10.6832 3.39304e-06 0)
(10.6832 1.2375e-05 0)
(10.6832 2.81022e-05 0)
(10.5989 4.01394e-05 0)
(10.5989 4.31787e-05 0)
(10.5989 1.44946e-05 0)
(10.5989 -1.73641e-05 0)
(10.5989 -2.69009e-05 0)
(10.599 -3.65012e-05 0)
(10.599 -4.45711e-05 0)
(10.599 -1.23421e-05 0)
(10.599 1.05907e-05 0)
(10.5989 1.31698e-06 0)
(10.5989 -8.90083e-06 0)
(10.5989 -7.79749e-06 0)
(10.5989 1.91201e-06 0)
(10.5989 1.60509e-05 0)
(10.5989 2.82338e-05 0)
(10.599 2.98664e-05 0)
(10.599 2.61513e-05 0)
(10.599 2.11577e-05 0)
(10.599 1.41928e-05 0)
(10.599 1.65476e-05 0)
(10.5989 -6.02492e-06 0)
(10.5989 -3.15269e-05 0)
(10.599 -3.58525e-05 0)
(10.599 -3.44574e-05 0)
(10.599 -3.32932e-05 0)
(10.599 6.10418e-06 0)
(10.599 3.40005e-05 0)
(10.599 2.563e-05 0)
(10.599 7.85401e-06 0)
(10.599 3.62273e-06 0)
(10.599 -2.25721e-07 0)
(10.599 2.65266e-06 0)
(10.599 1.70508e-05 0)
(10.599 3.92519e-05 0)
(10.599 4.16796e-05 0)
(10.599 2.82936e-05 0)
(10.5989 1.16562e-05 0)
(10.5989 -6.43946e-06 0)
(10.5989 -4.40272e-05 0)
(10.5989 -7.71716e-05 0)
(10.599 -7.25813e-05 0)
(10.599 -6.19604e-05 0)
(10.599 -4.67487e-05 0)
(10.599 -2.74896e-06 0)
(10.599 3.20956e-05 0)
(10.5989 2.41084e-05 0)
(10.5989 9.19422e-06 0)
(10.5989 1.27042e-06 0)
(10.5989 4.18478e-08 0)
(10.5989 -8.96274e-07 0)
(10.5989 2.24471e-07 0)
(10.5989 -2.59597e-07 0)
(10.5989 8.33964e-07 0)
(10.5989 1.63408e-07 0)
(10.5989 1.25943e-06 0)
(10.5989 5.76919e-07 0)
(10.5989 1.14952e-06 0)
(10.5989 1.54268e-07 0)
(10.5989 1.10378e-06 0)
(10.5989 7.945e-07 0)
(10.5989 1.62864e-06 0)
(10.5989 1.63808e-06 0)
(10.5989 2.47443e-06 0)
(10.5989 2.06545e-06 0)
(10.5989 2.60491e-06 0)
(10.5989 1.66465e-06 0)
(10.5989 2.21147e-06 0)
(10.5989 1.11369e-06 0)
(10.5989 1.21444e-06 0)
(10.5989 -1.75618e-07 0)
(10.5989 2.62057e-07 0)
(10.5989 -4.04138e-07 0)
(10.5989 -4.90854e-08 0)
(10.5989 -4.36696e-07 0)
(10.5989 -1.78193e-07 0)
(10.5989 -5.97692e-07 0)
(10.5989 -3.79475e-07 0)
(10.5989 -7.66458e-07 0)
(10.5989 -4.93984e-07 0)
(10.5989 -8.59668e-07 0)
(10.5989 -4.84793e-07 0)
(10.5989 -8.54537e-07 0)
(10.5989 -3.95385e-07 0)
(10.5989 -7.37408e-07 0)
(10.5989 -2.44772e-07 0)
(10.5989 -5.52798e-07 0)
(10.5989 -4.17936e-08 0)
(10.5989 -3.44014e-07 0)
(10.5989 8.2381e-08 0)
(10.5989 -2.8983e-07 0)
(10.5989 1.77863e-07 0)
(10.5989 -2.21768e-07 0)
(10.5989 1.84362e-07 0)
(10.5989 -1.98206e-07 0)
(10.5989 1.83586e-07 0)
(10.5989 -1.78915e-08 0)
(10.5989 1.15184e-06 0)
(10.5989 3.31638e-06 0)
(10.5989 1.20482e-05 0)
(10.5989 2.72727e-05 0)
(10.5033 3.95391e-05 0)
(10.5033 4.41649e-05 0)
(10.5032 1.52618e-05 0)
(10.5033 -1.82285e-05 0)
(10.5033 -2.78172e-05 0)
(10.5033 -3.72646e-05 0)
(10.5034 -4.5535e-05 0)
(10.5034 -1.22457e-05 0)
(10.5033 1.26213e-05 0)
(10.5033 2.43244e-06 0)
(10.5033 -8.56063e-06 0)
(10.5033 -7.87262e-06 0)
(10.5033 1.65379e-06 0)
(10.5033 1.53267e-05 0)
(10.5033 2.71694e-05 0)
(10.5033 2.88463e-05 0)
(10.5034 2.53547e-05 0)
(10.5034 2.04173e-05 0)
(10.5034 1.43328e-05 0)
(10.5033 1.82064e-05 0)
(10.5033 -4.79682e-06 0)
(10.5033 -3.21413e-05 0)
(10.5033 -3.61519e-05 0)
(10.5033 -3.51521e-05 0)
(10.5034 -3.45837e-05 0)
(10.5034 5.71597e-06 0)
(10.5034 3.50892e-05 0)
(10.5034 2.59578e-05 0)
(10.5034 7.68343e-06 0)
(10.5034 3.21278e-06 0)
(10.5034 -3.84768e-07 0)
(10.5034 2.38171e-06 0)
(10.5034 1.69413e-05 0)
(10.5034 3.98812e-05 0)
(10.5033 4.28125e-05 0)
(10.5033 2.90939e-05 0)
(10.5033 1.20186e-05 0)
(10.5033 -5.94877e-06 0)
(10.5033 -4.40573e-05 0)
(10.5033 -7.76438e-05 0)
(10.5033 -7.25459e-05 0)
(10.5033 -6.21298e-05 0)
(10.5033 -4.77335e-05 0)
(10.5034 -2.83763e-06 0)
(10.5033 3.31804e-05 0)
(10.5033 2.46436e-05 0)
(10.5033 9.10297e-06 0)
(10.5033 1.13446e-06 0)
(10.5033 -8.21119e-08 0)
(10.5033 -8.99546e-07 0)
(10.5033 2.44331e-07 0)
(10.5033 -1.57306e-07 0)
(10.5033 9.1067e-07 0)
(10.5033 2.88742e-07 0)
(10.5033 1.33825e-06 0)
(10.5033 7.1102e-07 0)
(10.5033 1.22654e-06 0)
(10.5033 2.8994e-07 0)
(10.5033 1.14322e-06 0)
(10.5033 8.61827e-07 0)
(10.5033 1.67115e-06 0)
(10.5033 1.68344e-06 0)
(10.5033 2.48897e-06 0)
(10.5033 2.10606e-06 0)
(10.5033 2.61131e-06 0)
(10.5033 1.71443e-06 0)
(10.5033 2.22311e-06 0)
(10.5033 1.19218e-06 0)
(10.5033 1.25237e-06 0)
(10.5033 -6.48819e-08 0)
(10.5033 2.91423e-07 0)
(10.5033 -3.30804e-07 0)
(10.5033 8.06707e-09 0)
(10.5033 -3.646e-07 0)
(10.5033 -1.22536e-07 0)
(10.5032 -5.28431e-07 0)
(10.5032 -3.33334e-07 0)
(10.5032 -7.05283e-07 0)
(10.5032 -4.62542e-07 0)
(10.5032 -8.13704e-07 0)
(10.5032 -4.67467e-07 0)
(10.5032 -8.25204e-07 0)
(10.5032 -3.92005e-07 0)
(10.5032 -7.21877e-07 0)
(10.5032 -2.54982e-07 0)
(10.5032 -5.51041e-07 0)
(10.5032 -6.5223e-08 0)
(10.5032 -3.49339e-07 0)
(10.5032 4.768e-08 0)
(10.5032 -3.04755e-07 0)
(10.5032 1.46412e-07 0)
(10.5032 -2.3144e-07 0)
(10.5032 1.63281e-07 0)
(10.5032 -1.92877e-07 0)
(10.5032 1.71464e-07 0)
(10.5032 -1.16227e-08 0)
(10.5032 1.12071e-06 0)
(10.5032 3.23056e-06 0)
(10.5033 1.16947e-05 0)
(10.5033 2.64093e-05 0)
(10.395 3.88299e-05 0)
(10.395 4.51198e-05 0)
(10.395 1.6089e-05 0)
(10.395 -1.91387e-05 0)
(10.395 -2.87325e-05 0)
(10.3951 -3.80435e-05 0)
(10.3951 -4.65609e-05 0)
(10.3951 -1.21854e-05 0)
(10.3951 1.46981e-05 0)
(10.395 3.61156e-06 0)
(10.395 -8.21115e-06 0)
(10.395 -7.93703e-06 0)
(10.395 1.40805e-06 0)
(10.395 1.46242e-05 0)
(10.395 2.61182e-05 0)
(10.3951 2.78318e-05 0)
(10.3951 2.45657e-05 0)
(10.3951 1.97274e-05 0)
(10.3951 1.44107e-05 0)
(10.3951 1.98993e-05 0)
(10.395 -3.48704e-06 0)
(10.395 -3.27527e-05 0)
(10.395 -3.6422e-05 0)
(10.3951 -3.58199e-05 0)
(10.3951 -3.59401e-05 0)
(10.3951 5.29293e-06 0)
(10.3951 3.61835e-05 0)
(10.3951 2.63164e-05 0)
(10.3951 7.51324e-06 0)
(10.3951 2.80187e-06 0)
(10.3951 -5.01877e-07 0)
(10.3951 2.16065e-06 0)
(10.3951 1.68033e-05 0)
(10.3951 4.05106e-05 0)
(10.395 4.401e-05 0)
(10.395 2.99565e-05 0)
(10.395 1.2424e-05 0)
(10.395 -5.37979e-06 0)
(10.395 -4.40203e-05 0)
(10.395 -7.81045e-05 0)
(10.395 -7.24758e-05 0)
(10.395 -6.22744e-05 0)
(10.3951 -4.8786e-05 0)
(10.3951 -2.98528e-06 0)
(10.395 3.42862e-05 0)
(10.395 2.51631e-05 0)
(10.395 8.98624e-06 0)
(10.395 9.83299e-07 0)
(10.395 -1.97878e-07 0)
(10.395 -8.8103e-07 0)
(10.395 2.91169e-07 0)
(10.395 -3.13272e-08 0)
(10.395 1.00378e-06 0)
(10.395 4.21933e-07 0)
(10.395 1.41723e-06 0)
(10.395 8.37354e-07 0)
(10.395 1.29252e-06 0)
(10.395 4.10156e-07 0)
(10.395 1.16039e-06 0)
(10.395 9.0608e-07 0)
(10.395 1.68474e-06 0)
(10.395 1.69962e-06 0)
(10.395 2.47034e-06 0)
(10.395 2.11211e-06 0)
(10.395 2.58325e-06 0)
(10.395 1.7299e-06 0)
(10.395 2.20377e-06 0)
(10.395 1.23983e-06 0)
(10.395 1.26604e-06 0)
(10.395 2.31355e-08 0)
(10.395 3.01788e-07 0)
(10.395 -2.75136e-07 0)
(10.395 5.13686e-08 0)
(10.395 -3.03125e-07 0)
(10.395 -7.38285e-08 0)
(10.395 -4.63863e-07 0)
(10.395 -2.88745e-07 0)
(10.395 -6.43914e-07 0)
(10.395 -4.29109e-07 0)
(10.395 -7.64374e-07 0)
(10.395 -4.46103e-07 0)
(10.395 -7.90494e-07 0)
(10.395 -3.83858e-07 0)
(10.395 -7.00572e-07 0)
(10.395 -2.59894e-07 0)
(10.395 -5.43483e-07 0)
(10.395 -8.34215e-08 0)
(10.395 -3.49784e-07 0)
(10.395 1.69626e-08 0)
(10.395 -3.16175e-07 0)
(10.395 1.17648e-07 0)
(10.395 -2.38901e-07 0)
(10.395 1.43773e-07 0)
(10.395 -1.8619e-07 0)
(10.395 1.60425e-07 0)
(10.395 -4.90253e-09 0)
(10.395 1.08734e-06 0)
(10.395 3.13424e-06 0)
(10.395 1.13115e-05 0)
(10.395 2.55113e-05 0)
(10.2724 3.8005e-05 0)
(10.2724 4.60185e-05 0)
(10.2723 1.7001e-05 0)
(10.2723 -2.00441e-05 0)
(10.2724 -2.9626e-05 0)
(10.2724 -3.8837e-05 0)
(10.2725 -4.76127e-05 0)
(10.2725 -1.21476e-05 0)
(10.2725 1.68063e-05 0)
(10.2724 4.80556e-06 0)
(10.2724 -7.86904e-06 0)
(10.2724 -7.99399e-06 0)
(10.2724 1.17617e-06 0)
(10.2724 1.39405e-05 0)
(10.2724 2.50728e-05 0)
(10.2724 2.68149e-05 0)
(10.2724 2.37737e-05 0)
(10.2725 1.90702e-05 0)
(10.2725 1.44254e-05 0)
(10.2724 2.16301e-05 0)
(10.2724 -2.1339e-06 0)
(10.2724 -3.32781e-05 0)
(10.2724 -3.66363e-05 0)
(10.2724 -3.64332e-05 0)
(10.2725 -3.73388e-05 0)
(10.2725 4.82613e-06 0)
(10.2725 3.72581e-05 0)
(10.2725 2.66508e-05 0)
(10.2725 7.32156e-06 0)
(10.2725 2.38095e-06 0)
(10.2725 -5.82165e-07 0)
(10.2725 2.02304e-06 0)
(10.2725 1.66096e-05 0)
(10.2724 4.1137e-05 0)
(10.2724 4.52624e-05 0)
(10.2724 3.08823e-05 0)
(10.2724 1.28789e-05 0)
(10.2723 -4.72157e-06 0)
(10.2723 -4.38781e-05 0)
(10.2724 -7.85207e-05 0)
(10.2724 -7.23355e-05 0)
(10.2724 -6.23652e-05 0)
(10.2724 -4.99068e-05 0)
(10.2724 -3.20575e-06 0)
(10.2724 3.53794e-05 0)
(10.2724 2.56319e-05 0)
(10.2724 8.82029e-06 0)
(10.2724 8.06869e-07 0)
(10.2724 -3.04343e-07 0)
(10.2724 -8.36302e-07 0)
(10.2724 3.68149e-07 0)
(10.2724 1.20022e-07 0)
(10.2724 1.11196e-06 0)
(10.2723 5.61455e-07 0)
(10.2723 1.49327e-06 0)
(10.2723 9.52867e-07 0)
(10.2723 1.34485e-06 0)
(10.2723 5.12772e-07 0)
(10.2723 1.15376e-06 0)
(10.2723 9.25565e-07 0)
(10.2723 1.66589e-06 0)
(10.2723 1.6855e-06 0)
(10.2723 2.41942e-06 0)
(10.2723 2.08345e-06 0)
(10.2723 2.52074e-06 0)
(10.2723 1.71256e-06 0)
(10.2723 2.1512e-06 0)
(10.2723 1.25657e-06 0)
(10.2723 1.25149e-06 0)
(10.2723 8.90019e-08 0)
(10.2723 2.93183e-07 0)
(10.2723 -2.38426e-07 0)
(10.2723 7.97265e-08 0)
(10.2723 -2.53023e-07 0)
(10.2723 -3.32498e-08 0)
(10.2723 -4.04381e-07 0)
(10.2723 -2.46677e-07 0)
(10.2723 -5.82611e-07 0)
(10.2723 -3.93926e-07 0)
(10.2723 -7.1164e-07 0)
(10.2723 -4.20537e-07 0)
(10.2723 -7.50284e-07 0)
(10.2723 -3.70043e-07 0)
(10.2723 -6.73441e-07 0)
(10.2723 -2.59066e-07 0)
(10.2723 -5.29495e-07 0)
(10.2723 -9.59168e-08 0)
(10.2723 -3.44926e-07 0)
(10.2723 -8.84059e-09 0)
(10.2723 -3.23298e-07 0)
(10.2723 9.20697e-08 0)
(10.2723 -2.43716e-07 0)
(10.2723 1.25879e-07 0)
(10.2723 -1.78123e-07 0)
(10.2723 1.50247e-07 0)
(10.2723 2.01703e-09 0)
(10.2723 1.05088e-06 0)
(10.2723 3.02557e-06 0)
(10.2723 1.0895e-05 0)
(10.2724 2.45707e-05 0)
(10.1331 3.70858e-05 0)
(10.1331 4.68667e-05 0)
(10.1331 1.80531e-05 0)
(10.1331 -2.08469e-05 0)
(10.1332 -3.04539e-05 0)
(10.1332 -3.9636e-05 0)
(10.1332 -4.8643e-05 0)
(10.1333 -1.20752e-05 0)
(10.1332 1.88187e-05 0)
(10.1332 5.9161e-06 0)
(10.1331 -7.58073e-06 0)
(10.1331 -8.05623e-06 0)
(10.1331 9.46866e-07 0)
(10.1331 1.32674e-05 0)
(10.1332 2.4018e-05 0)
(10.1332 2.57806e-05 0)
(10.1332 2.29646e-05 0)
(10.1332 1.84256e-05 0)
(10.1332 1.44124e-05 0)
(10.1332 2.33847e-05 0)
(10.1331 -6.38457e-07 0)
(10.1331 -3.36462e-05 0)
(10.1332 -3.67374e-05 0)
(10.1332 -3.69479e-05 0)
(10.1333 -3.87401e-05 0)
(10.1333 4.28331e-06 0)
(10.1333 3.82332e-05 0)
(10.1332 2.68577e-05 0)
(10.1332 7.05465e-06 0)
(10.1332 1.92184e-06 0)
(10.1332 -6.35976e-07 0)
(10.1332 1.94176e-06 0)
(10.1332 1.63973e-05 0)
(10.1332 4.17879e-05 0)
(10.1332 4.65756e-05 0)
(10.1331 3.18812e-05 0)
(10.1331 1.33982e-05 0)
(10.1331 -3.96391e-06 0)
(10.1331 -4.35672e-05 0)
(10.1331 -7.8807e-05 0)
(10.1331 -7.20617e-05 0)
(10.1331 -6.23457e-05 0)
(10.1332 -5.10932e-05 0)
(10.1332 -3.54348e-06 0)
(10.1332 3.63709e-05 0)
(10.1331 2.59555e-05 0)
(10.1331 8.54134e-06 0)
(10.1331 5.77642e-07 0)
(10.1331 -4.07595e-07 0)
(10.1331 -7.64949e-07 0)
(10.1331 4.74147e-07 0)
(10.1331 2.94507e-07 0)
(10.1331 1.23149e-06 0)
(10.1331 7.02429e-07 0)
(10.1331 1.56099e-06 0)
(10.1331 1.0531e-06 0)
(10.1331 1.38016e-06 0)
(10.1331 5.93979e-07 0)
(10.1331 1.12094e-06 0)
(10.1331 9.16004e-07 0)
(10.1331 1.61809e-06 0)
(10.1331 1.64292e-06 0)
(10.1331 2.33441e-06 0)
(10.1331 2.02073e-06 0)
(10.1331 2.42544e-06 0)
(10.1331 1.6626e-06 0)
(10.1331 2.06967e-06 0)
(10.1331 1.24362e-06 0)
(10.1331 1.21031e-06 0)
(10.1331 1.33594e-07 0)
(10.1331 2.64871e-07 0)
(10.1331 -2.19807e-07 0)
(10.1331 9.25534e-08 0)
(10.1331 -2.1426e-07 0)
(10.1331 -1.93354e-09 0)
(10.1331 -3.50337e-07 0)
(10.1331 -2.07915e-07 0)
(10.1331 -5.21617e-07 0)
(10.1331 -3.57525e-07 0)
(10.1331 -6.5567e-07 0)
(10.1331 -3.90867e-07 0)
(10.1331 -7.04782e-07 0)
(10.1331 -3.50554e-07 0)
(10.1331 -6.40291e-07 0)
(10.1331 -2.52227e-07 0)
(10.1331 -5.08839e-07 0)
(10.1331 -1.02845e-07 0)
(10.1331 -3.34408e-07 0)
(10.1331 -2.91955e-08 0)
(10.1331 -3.25343e-07 0)
(10.1331 6.99773e-08 0)
(10.1331 -2.45418e-07 0)
(10.1331 1.09553e-07 0)
(10.1331 -1.68598e-07 0)
(10.1331 1.40564e-07 0)
(10.1331 8.98354e-09 0)
(10.1331 1.0102e-06 0)
(10.1331 2.9025e-06 0)
(10.1331 1.04402e-05 0)
(10.1331 2.35789e-05 0)
(9.97425 3.61794e-05 0)
(9.97422 4.77606e-05 0)
(9.9742 1.9369e-05 0)
(9.97422 -2.13428e-05 0)
(9.97428 -3.11037e-05 0)
(9.97433 -4.04224e-05 0)
(9.97438 -4.96262e-05 0)
(9.9744 -1.2008e-05 0)
(9.97435 2.05516e-05 0)
(9.97429 6.74918e-06 0)
(9.97426 -7.45605e-06 0)
(9.97424 -8.17495e-06 0)
(9.97423 7.03939e-07 0)
(9.97424 1.25794e-05 0)
(9.97426 2.29264e-05 0)
(9.97428 2.47035e-05 0)
(9.9743 2.21149e-05 0)
(9.97433 1.77765e-05 0)
(9.97433 1.4463e-05 0)
(9.97429 2.52094e-05 0)
(9.97423 1.19576e-06 0)
(9.97423 -3.3633e-05 0)
(9.97427 -3.6595e-05 0)
(9.97432 -3.7333e-05 0)
(9.97438 -4.01343e-05 0)
(9.97441 3.5529e-06 0)
(9.97439 3.89246e-05 0)
(9.97435 2.67273e-05 0)
(9.97434 6.58421e-06 0)
(9.97434 1.37236e-06 0)
(9.97434 -6.9837e-07 0)
(9.97433 1.89637e-06 0)
(9.97433 1.62477e-05 0)
(9.9743 4.26569e-05 0)
(9.97425 4.80142e-05 0)
(9.97422 3.30003e-05 0)
(9.9742 1.40208e-05 0)
(9.97418 -3.0859e-06 0)
(9.97417 -4.30057e-05 0)
(9.97419 -7.87735e-05 0)
(9.97422 -7.15477e-05 0)
(9.97424 -6.21692e-05 0)
(9.97427 -5.2371e-05 0)
(9.97429 -4.07059e-06 0)
(9.97426 3.7065e-05 0)
(9.97422 2.59114e-05 0)
(9.97421 8.02292e-06 0)
(9.97421 2.3082e-07 0)
(9.97421 -5.26961e-07 0)
(9.9742 -6.75669e-07 0)
(9.97419 6.00457e-07 0)
(9.97418 4.8434e-07 0)
(9.97418 1.35421e-06 0)
(9.97417 8.38118e-07 0)
(9.97417 1.61245e-06 0)
(9.97417 1.13194e-06 0)
(9.97417 1.39054e-06 0)
(9.97417 6.48223e-07 0)
(9.97417 1.06439e-06 0)
(9.97417 8.81004e-07 0)
(9.97417 1.5424e-06 0)
(9.97417 1.56783e-06 0)
(9.97418 2.21339e-06 0)
(9.97418 1.92451e-06 0)
(9.97419 2.29635e-06 0)
(9.97419 1.58209e-06 0)
(9.97419 1.95763e-06 0)
(9.9742 1.20299e-06 0)
(9.9742 1.14515e-06 0)
(9.9742 1.57024e-07 0)
(9.9742 2.18333e-07 0)
(9.9742 -2.17144e-07 0)
(9.9742 8.95661e-08 0)
(9.9742 -1.87234e-07 0)
(9.9742 1.95452e-08 0)
(9.9742 -3.01869e-07 0)
(9.9742 -1.72686e-07 0)
(9.97419 -4.60987e-07 0)
(9.97419 -3.20168e-07 0)
(9.97419 -5.96159e-07 0)
(9.97419 -3.57324e-07 0)
(9.97419 -6.53657e-07 0)
(9.97419 -3.2588e-07 0)
(9.97419 -5.99811e-07 0)
(9.97419 -2.40066e-07 0)
(9.97418 -4.8104e-07 0)
(9.97418 -1.04576e-07 0)
(9.97418 -3.17125e-07 0)
(9.97418 -4.40057e-08 0)
(9.97418 -3.21717e-07 0)
(9.97418 5.14173e-08 0)
(9.97418 -2.43349e-07 0)
(9.97418 9.461e-08 0)
(9.97418 -1.57593e-07 0)
(9.97418 1.31053e-07 0)
(9.97418 1.57222e-08 0)
(9.97418 9.64038e-07 0)
(9.97419 2.7622e-06 0)
(9.9742 9.93934e-06 0)
(9.97422 2.25295e-05 0)
(9.7915 3.55762e-05 0)
(9.79147 4.90752e-05 0)
(9.79144 2.11964e-05 0)
(9.79147 -2.10306e-05 0)
(9.79154 -3.13763e-05 0)
(9.7916 -4.12014e-05 0)
(9.79166 -5.06192e-05 0)
(9.79168 -1.216e-05 0)
(9.79162 2.1658e-05 0)
(9.79154 6.93739e-06 0)
(9.79151 -7.78827e-06 0)
(9.79149 -8.45693e-06 0)
(9.79147 3.96192e-07 0)
(9.79148 1.18265e-05 0)
(9.7915 2.17539e-05 0)
(9.79152 2.35457e-05 0)
(9.79155 2.11928e-05 0)
(9.79157 1.70993e-05 0)
(9.79158 1.48256e-05 0)
(9.79153 2.74158e-05 0)
(9.79147 3.78323e-06 0)
(9.79148 -3.27627e-05 0)
(9.79153 -3.59901e-05 0)
(9.79158 -3.76537e-05 0)
(9.79165 -4.1576e-05 0)
(9.79168 2.51376e-06 0)
(9.79165 3.89252e-05 0)
(9.79161 2.58338e-05 0)
(9.7916 5.6407e-06 0)
(9.79159 6.39882e-07 0)
(9.79158 -8.43934e-07 0)
(9.79158 1.84432e-06 0)
(9.79157 1.64008e-05 0)
(9.79154 4.4003e-05 0)
(9.79149 4.99264e-05 0)
(9.79144 3.43898e-05 0)
(9.79142 1.48442e-05 0)
(9.7914 -2.03722e-06 0)
(9.79139 -4.2094e-05 0)
(9.79142 -7.80763e-05 0)
(9.79145 -7.06625e-05 0)
(9.79148 -6.1933e-05 0)
(9.79152 -5.37843e-05 0)
(9.79154 -4.93055e-06 0)
(9.7915 3.70613e-05 0)
(9.79146 2.50738e-05 0)
(9.79145 6.99171e-06 0)
(9.79144 -3.56516e-07 0)
(9.79143 -7.15313e-07 0)
(9.79142 -5.91215e-07 0)
(9.79142 7.26804e-07 0)
(9.79141 6.72965e-07 0)
(9.7914 1.4665e-06 0)
(9.7914 9.56151e-07 0)
(9.7914 1.63992e-06 0)
(9.7914 1.18153e-06 0)
(9.7914 1.37042e-06 0)
(9.7914 6.75605e-07 0)
(9.7914 9.83471e-07 0)
(9.7914 8.17442e-07 0)
(9.7914 1.43425e-06 0)
(9.79141 1.46088e-06 0)
(9.79141 2.05782e-06 0)
(9.79142 1.79586e-06 0)
(9.79142 2.13395e-06 0)
(9.79143 1.47262e-06 0)
(9.79143 1.81506e-06 0)
(9.79144 1.13703e-06 0)
(9.79144 1.05893e-06 0)
(9.79144 1.60988e-07 0)
(9.79144 1.59146e-07 0)
(9.79144 -2.26473e-07 0)
(9.79144 7.10718e-08 0)
(9.79144 -1.69548e-07 0)
(9.79144 2.91482e-08 0)
(9.79144 -2.57598e-07 0)
(9.79144 -1.42709e-07 0)
(9.79144 -4.01029e-07 0)
(9.79144 -2.82189e-07 0)
(9.79144 -5.34486e-07 0)
(9.79143 -3.18941e-07 0)
(9.79143 -5.97686e-07 0)
(9.79143 -2.95451e-07 0)
(9.79143 -5.52926e-07 0)
(9.79143 -2.215e-07 0)
(9.79143 -4.47938e-07 0)
(9.79143 -9.94925e-08 0)
(9.79143 -2.95458e-07 0)
(9.79142 -5.16404e-08 0)
(9.79143 -3.12594e-07 0)
(9.79142 3.75848e-08 0)
(9.79143 -2.3674e-07 0)
(9.79143 8.12755e-08 0)
(9.79142 -1.44807e-07 0)
(9.79142 1.21265e-07 0)
(9.79142 2.20812e-08 0)
(9.79143 9.10785e-07 0)
(9.79143 2.6018e-06 0)
(9.79144 9.37941e-06 0)
(9.79147 2.14401e-05 0)
(9.57882 3.60401e-05 0)
(9.57879 5.18266e-05 0)
(9.57875 2.41762e-05 0)
(9.5788 -1.88639e-05 0)
(9.57888 -3.1184e-05 0)
(9.57895 -4.23026e-05 0)
(9.57903 -5.22055e-05 0)
(9.57905 -1.27732e-05 0)
(9.57895 2.1409e-05 0)
(9.57886 5.66446e-06 0)
(9.57882 -9.02991e-06 0)
(9.57879 -9.11838e-06 0)
(9.57877 -7.35561e-08 0)
(9.57878 1.09296e-05 0)
(9.57879 2.04324e-05 0)
(9.57882 2.22499e-05 0)
(9.57885 2.01535e-05 0)
(9.57888 1.63627e-05 0)
(9.5789 1.61728e-05 0)
(9.57886 3.10677e-05 0)
(9.57878 8.01326e-06 0)
(9.5788 -2.99477e-05 0)
(9.57886 -3.46549e-05 0)
(9.57892 -3.8463e-05 0)
(9.579 -4.35088e-05 0)
(9.57905 8.02466e-07 0)
(9.57898 3.75041e-05 0)
(9.57893 2.33649e-05 0)
(9.57891 3.72859e-06 0)
(9.5789 -5.04512e-07 0)
(9.57889 -1.14134e-06 0)
(9.57888 1.71362e-06 0)
(9.57888 1.75188e-05 0)
(9.57886 4.69515e-05 0)
(9.57878 5.31453e-05 0)
(9.57873 3.64587e-05 0)
(9.5787 1.61095e-05 0)
(9.57868 -7.12863e-07 0)
(9.57867 -4.07844e-05 0)
(9.57872 -7.61513e-05 0)
(9.57876 -6.93422e-05 0)
(9.5788 -6.22426e-05 0)
(9.57886 -5.60075e-05 0)
(9.57889 -6.40576e-06 0)
(9.57881 3.55343e-05 0)
(9.57875 2.26127e-05 0)
(9.57874 4.96426e-06 0)
(9.57873 -1.3878e-06 0)
(9.57872 -1.06851e-06 0)
(9.57871 -5.61799e-07 0)
(9.5787 8.20363e-07 0)
(9.57869 8.32906e-07 0)
(9.57869 1.55028e-06 0)
(9.57868 1.03895e-06 0)
(9.57868 1.6257e-06 0)
(9.57868 1.19413e-06 0)
(9.57869 1.31717e-06 0)
(9.57869 6.71319e-07 0)
(9.57869 8.74658e-07 0)
(9.57869 7.23812e-07 0)
(9.5787 1.29339e-06 0)
(9.5787 1.32327e-06 0)
(9.57871 1.86945e-06 0)
(9.57871 1.63651e-06 0)
(9.57872 1.9409e-06 0)
(9.57873 1.337e-06 0)
(9.57873 1.6449e-06 0)
(9.57874 1.04518e-06 0)
(9.57874 9.54521e-07 0)
(9.57874 1.49343e-07 0)
(9.57874 8.89331e-08 0)
(9.57875 -2.44671e-07 0)
(9.57875 4.07419e-08 0)
(9.57875 -1.6134e-07 0)
(9.57875 2.90923e-08 0)
(9.57874 -2.18002e-07 0)
(9.57874 -1.17144e-07 0)
(9.57874 -3.41392e-07 0)
(9.57874 -2.43681e-07 0)
(9.57874 -4.69434e-07 0)
(9.57874 -2.76935e-07 0)
(9.57873 -5.35893e-07 0)
(9.57873 -2.60296e-07 0)
(9.57873 -4.99196e-07 0)
(9.57873 -1.97553e-07 0)
(9.57873 -4.07794e-07 0)
(9.57873 -8.94418e-08 0)
(9.57873 -2.68047e-07 0)
(9.57873 -5.38023e-08 0)
(9.57873 -2.97098e-07 0)
(9.57873 2.7653e-08 0)
(9.57873 -2.25259e-07 0)
(9.57873 6.95549e-08 0)
(9.57873 -1.30447e-07 0)
(9.57873 1.11264e-07 0)
(9.57873 2.759e-08 0)
(9.57873 8.4887e-07 0)
(9.57873 2.41674e-06 0)
(9.57874 8.74092e-06 0)
(9.57878 2.03464e-05 0)
(9.32703 3.945e-05 0)
(9.32704 5.89222e-05 0)
(9.32697 3.03163e-05 0)
(9.32707 -1.38635e-05 0)
(9.32719 -3.02156e-05 0)
(9.32726 -4.55191e-05 0)
(9.32735 -5.56491e-05 0)
(9.32739 -1.46999e-05 0)
(9.3272 1.82822e-05 0)
(9.32705 1.56665e-06 0)
(9.32698 -1.19218e-05 0)
(9.32695 -1.04714e-05 0)
(9.32693 -9.26094e-07 0)
(9.32693 9.83274e-06 0)
(9.32695 1.88711e-05 0)
(9.32699 2.07325e-05 0)
(9.32702 1.89385e-05 0)
(9.32705 1.55069e-05 0)
(9.32709 2.02816e-05 0)
(9.32709 3.91549e-05 0)
(9.32699 1.57031e-05 0)
(9.32706 -2.30862e-05 0)
(9.32716 -3.3045e-05 0)
(9.32721 -4.16364e-05 0)
(9.32732 -4.72508e-05 0)
(9.32738 -2.54574e-06 0)
(9.32722 3.31686e-05 0)
(9.32712 1.79448e-05 0)
(9.32709 9.51514e-08 0)
(9.32707 -2.36125e-06 0)
(9.32706 -1.7357e-06 0)
(9.32705 1.36864e-06 0)
(9.32707 2.13193e-05 0)
(9.32709 5.48241e-05 0)
(9.32699 5.96883e-05 0)
(9.32692 4.02153e-05 0)
(9.32688 1.83504e-05 0)
(9.32685 1.07913e-06 0)
(9.32683 -3.9402e-05 0)
(9.32695 -7.24415e-05 0)
(9.32704 -6.80378e-05 0)
(9.32707 -6.53192e-05 0)
(9.32715 -6.02916e-05 0)
(9.32719 -9.84532e-06 0)
(9.32703 3.11466e-05 0)
(9.32692 1.71451e-05 0)
(9.32689 1.18845e-06 0)
(9.32688 -3.16128e-06 0)
(9.32686 -1.72528e-06 0)
(9.32685 -6.63955e-07 0)
(9.32684 8.33655e-07 0)
(9.32683 9.27065e-07 0)
(9.32683 1.57159e-06 0)
(9.32683 1.06836e-06 0)
(9.32683 1.55405e-06 0)
(9.32683 1.16019e-06 0)
(9.32684 1.22221e-06 0)
(9.32684 6.3166e-07 0)
(9.32684 7.39042e-07 0)
(9.32685 6.01646e-07 0)
(9.32685 1.12022e-06 0)
(9.32686 1.15704e-06 0)
(9.32687 1.64991e-06 0)
(9.32687 1.44875e-06 0)
(9.32688 1.71899e-06 0)
(9.32689 1.17872e-06 0)
(9.32689 1.4504e-06 0)
(9.3269 9.31092e-07 0)
(9.3269 8.32487e-07 0)
(9.32691 1.23619e-07 0)
(9.32691 1.31247e-08 0)
(9.32691 -2.7091e-07 0)
(9.32691 1.71925e-09 0)
(9.32691 -1.59581e-07 0)
(9.32691 2.08305e-08 0)
(9.32691 -1.82252e-07 0)
(9.32691 -9.61279e-08 0)
(9.32691 -2.81528e-07 0)
(9.3269 -2.05066e-07 0)
(9.3269 -4.01109e-07 0)
(9.3269 -2.31699e-07 0)
(9.3269 -4.68226e-07 0)
(9.3269 -2.20905e-07 0)
(9.3269 -4.38687e-07 0)
(9.32689 -1.69105e-07 0)
(9.32689 -3.60813e-07 0)
(9.32689 -7.48069e-08 0)
(9.32689 -2.34938e-07 0)
(9.32689 -5.11375e-08 0)
(9.32689 -2.75114e-07 0)
(9.32689 2.09491e-08 0)
(9.32689 -2.08135e-07 0)
(9.32689 5.91766e-08 0)
(9.32689 -1.13912e-07 0)
(9.32689 1.00179e-07 0)
(9.32689 3.18629e-08 0)
(9.32689 7.76445e-07 0)
(9.32689 2.20241e-06 0)
(9.32691 7.99444e-06 0)
(9.32695 1.93103e-05 0)
(9.02133 5.02768e-05 0)
(9.02156 7.77115e-05 0)
(9.02146 4.35169e-05 0)
(9.02168 -4.00875e-06 0)
(9.02191 -2.99996e-05 0)
(9.02188 -5.66729e-05 0)
(9.022 -6.43521e-05 0)
(9.02205 -1.90209e-05 0)
(9.02159 1.02384e-05 0)
(9.02129 -7.37173e-06 0)
(9.02119 -1.73703e-05 0)
(9.02114 -1.28939e-05 0)
(9.02111 -2.34478e-06 0)
(9.02112 8.45406e-06 0)
(9.02115 1.69461e-05 0)
(9.02119 1.88852e-05 0)
(9.02124 1.74695e-05 0)
(9.02127 1.44252e-05 0)
(9.02136 3.1537e-05 0)
(9.0216 5.94744e-05 0)
(9.02147 3.02005e-05 0)
(9.02165 -1.13316e-05 0)
(9.02186 -3.15855e-05 0)
(9.02182 -5.23237e-05 0)
(9.02196 -5.65076e-05 0)
(9.02204 -8.34999e-06 0)
(9.02163 2.35097e-05 0)
(9.02138 7.50003e-06 0)
(9.02131 -6.21554e-06 0)
(9.02129 -5.29601e-06 0)
(9.02127 -2.78166e-06 0)
(9.02126 5.98424e-07 0)
(9.02132 3.21557e-05 0)
(9.02159 7.5438e-05 0)
(9.02149 7.47352e-05 0)
(9.0214 4.80491e-05 0)
(9.02136 2.26883e-05 0)
(9.02131 3.69788e-06 0)
(9.02128 -3.97444e-05 0)
(9.02152 -6.74527e-05 0)
(9.02172 -6.92743e-05 0)
(9.02165 -7.73203e-05 0)
(9.02176 -7.01756e-05 0)
(9.02182 -1.59943e-05 0)
(9.0214 2.12845e-05 0)
(9.02114 6.57293e-06 0)
(9.02108 -5.31089e-06 0)
(9.02106 -6.01173e-06 0)
(9.02104 -2.82981e-06 0)
(9.02103 -9.86857e-07 0)
(9.02102 7.01815e-07 0)
(9.02102 9.11019e-07 0)
(9.02102 1.48278e-06 0)
(9.02102 1.02799e-06 0)
(9.02102 1.417e-06 0)
(9.02103 1.06703e-06 0)
(9.02103 1.08124e-06 0)
(9.02104 5.54044e-07 0)
(9.02104 5.79612e-07 0)
(9.02105 4.54869e-07 0)
(9.02105 9.17377e-07 0)
(9.02106 9.65974e-07 0)
(9.02107 1.40052e-06 0)
(9.02107 1.23509e-06 0)
(9.02108 1.47066e-06 0)
(9.02109 1.00154e-06 0)
(9.0211 1.23487e-06 0)
(9.0211 7.99231e-07 0)
(9.02111 6.97086e-07 0)
(9.02111 8.75556e-08 0)
(9.02111 -6.16966e-08 0)
(9.02111 -3.01113e-07 0)
(9.02111 -4.33612e-08 0)
(9.02111 -1.62998e-07 0)
(9.02112 7.29245e-09 0)
(9.02111 -1.49308e-07 0)
(9.02111 -7.87503e-08 0)
(9.02111 -2.19652e-07 0)
(9.02111 -1.6667e-07 0)
(9.02111 -3.27572e-07 0)
(9.02111 -1.85163e-07 0)
(9.0211 -3.93463e-07 0)
(9.0211 -1.7915e-07 0)
(9.0211 -3.69832e-07 0)
(9.0211 -1.38473e-07 0)
(9.0211 -3.05994e-07 0)
(9.0211 -5.83569e-08 0)
(9.02109 -1.94559e-07 0)
(9.02109 -4.63851e-08 0)
(9.02109 -2.45607e-07 0)
(9.02109 1.5753e-08 0)
(9.02109 -1.84967e-07 0)
(9.02109 4.97059e-08 0)
(9.02109 -9.50415e-08 0)
(9.02109 8.73882e-08 0)
(9.02109 3.45887e-08 0)
(9.02109 6.91195e-07 0)
(9.0211 1.95329e-06 0)
(9.02111 7.1077e-06 0)
(9.02116 1.82927e-05 0)
(8.6359 8.02416e-05 0)
(8.63708 0.00012741 0)
(8.63706 6.78159e-05 0)
(8.63739 1.05977e-05 0)
(8.63784 -3.66779e-05 0)
(8.63736 -8.87539e-05 0)
(8.63741 -8.56467e-05 0)
(8.63748 -2.79579e-05 0)
(8.63638 -3.85985e-06 0)
(8.63572 -2.35943e-05 0)
(8.63555 -2.61712e-05 0)
(8.63547 -1.65044e-05 0)
(8.63544 -4.39265e-06 0)
(8.63546 6.59213e-06 0)
(8.6355 1.45762e-05 0)
(8.63556 1.65887e-05 0)
(8.63562 1.56541e-05 0)
(8.63567 1.28502e-05 0)
(8.63584 6.19337e-05 0)
(8.63708 0.000111142 0)
(8.63705 5.6934e-05 0)
(8.63734 5.31523e-06 0)
(8.63777 -3.68594e-05 0)
(8.63729 -8.38099e-05 0)
(8.63737 -7.89404e-05 0)
(8.63748 -1.88858e-05 0)
(8.63643 7.51275e-06 0)
(8.63583 -1.04671e-05 0)
(8.6357 -1.60198e-05 0)
(8.63566 -9.45816e-06 0)
(8.63564 -4.37639e-06 0)
(8.63563 -9.30429e-07 0)
(8.63579 6.18489e-05 0)
(8.63707 0.000128687 0)
(8.63712 0.000110344 0)
(8.63706 6.54654e-05 0)
(8.63703 3.15053e-05 0)
(8.63697 7.87197e-06 0)
(8.63689 -4.87333e-05 0)
(8.63722 -6.70016e-05 0)
(8.63762 -8.14307e-05 0)
(8.6371 -0.000112088 0)
(8.63713 -9.38574e-05 0)
(8.63721 -2.70865e-05 0)
(8.63615 4.71604e-06 0)
(8.63554 -1.16255e-05 0)
(8.63542 -1.53597e-05 0)
(8.63538 -1.00901e-05 0)
(8.63536 -4.45206e-06 0)
(8.63535 -1.59598e-06 0)
(8.63535 3.55644e-07 0)
(8.63535 7.39505e-07 0)
(8.63536 1.26479e-06 0)
(8.63536 8.92741e-07 0)
(8.63537 1.1985e-06 0)
(8.63538 9.09512e-07 0)
(8.63538 8.92215e-07 0)
(8.63539 4.39495e-07 0)
(8.6354 4.00512e-07 0)
(8.6354 2.91625e-07 0)
(8.63541 6.87366e-07 0)
(8.63541 7.56827e-07 0)
(8.63542 1.12091e-06 0)
(8.63543 9.97571e-07 0)
(8.63544 1.19819e-06 0)
(8.63545 8.09524e-07 0)
(8.63545 1.00137e-06 0)
(8.63546 6.53778e-07 0)
(8.63547 5.52939e-07 0)
(8.63547 4.70928e-08 0)
(8.63547 -1.27981e-07 0)
(8.63547 -3.22691e-07 0)
(8.63547 -9.40012e-08 0)
(8.63547 -1.54398e-07 0)
(8.63547 -2.02137e-08 0)
(8.63547 -1.1259e-07 0)
(8.63547 -7.06169e-08 0)
(8.63547 -1.54173e-07 0)
(8.63547 -1.2862e-07 0)
(8.63547 -2.52987e-07 0)
(8.63546 -1.33762e-07 0)
(8.63546 -3.14777e-07 0)
(8.63546 -1.32744e-07 0)
(8.63546 -2.94229e-07 0)
(8.63546 -1.04622e-07 0)
(8.63545 -2.47317e-07 0)
(8.63545 -3.82237e-08 0)
(8.63545 -1.56724e-07 0)
(8.63545 -3.25043e-08 0)
(8.63545 -2.11108e-07 0)
(8.63545 1.44472e-08 0)
(8.63545 -1.53383e-07 0)
(8.63545 3.75827e-08 0)
(8.63545 -7.29076e-08 0)
(8.63545 7.16866e-08 0)
(8.63545 3.69268e-08 0)
(8.63545 5.89718e-07 0)
(8.63546 1.66738e-06 0)
(8.63547 6.07517e-06 0)
(8.63554 1.71584e-05 0)
(8.12068 0.000164395 0)
(8.12506 0.00025798 0)
(8.12545 0.000103421 0)
(8.12517 1.14182e-05 0)
(8.12582 -6.73935e-05 0)
(8.12389 -0.000165003 0)
(8.12361 -0.00013506 0)
(8.12373 -4.07791e-05 0)
(8.12137 -2.53985e-05 0)
(8.12017 -5.04414e-05 0)
(8.11995 -3.8795e-05 0)
(8.11988 -2.10583e-05 0)
(8.11985 -6.95267e-06 0)
(8.11989 4.11646e-06 0)
(8.11996 1.15789e-05 0)
(8.12004 1.38318e-05 0)
(8.12012 1.34036e-05 0)
(8.12019 1.03982e-05 0)
(8.12051 0.000144722 0)
(8.12504 0.000246483 0)
(8.12543 9.69092e-05 0)
(8.1251 8.80488e-06 0)
(8.12572 -6.61327e-05 0)
(8.12381 -0.00016022 0)
(8.12357 -0.000129624 0)
(8.12374 -3.34622e-05 0)
(8.12144 -1.61825e-05 0)
(8.12031 -3.93523e-05 0)
(8.12015 -2.97944e-05 0)
(8.12012 -1.46801e-05 0)
(8.12011 -6.44508e-06 0)
(8.12012 -3.60294e-06 0)
(8.12042 0.000144069 0)
(8.12502 0.000268241 0)
(8.1257 0.000194081 0)
(8.12576 0.00010445 0)
(8.12576 4.97432e-05 0)
(8.1257 1.53295e-05 0)
(8.12544 -9.35871e-05 0)
(8.12502 -0.000100596 0)
(8.12556 -0.000125884 0)
(8.12358 -0.00019443 0)
(8.12329 -0.000147124 0)
(8.12342 -4.27869e-05 0)
(8.12109 -1.98267e-05 0)
(8.11996 -4.08426e-05 0)
(8.1198 -2.9472e-05 0)
(8.11977 -1.52215e-05 0)
(8.11976 -6.52402e-06 0)
(8.11976 -2.508e-06 0)
(8.11977 -2.42134e-07 0)
(8.11978 3.82181e-07 0)
(8.1198 9.03737e-07 0)
(8.11981 6.50847e-07 0)
(8.11982 8.94258e-07 0)
(8.11982 6.86879e-07 0)
(8.11983 6.56354e-07 0)
(8.11984 2.91554e-07 0)
(8.11985 2.08591e-07 0)
(8.11985 1.21448e-07 0)
(8.11986 4.34429e-07 0)
(8.11986 5.33431e-07 0)
(8.11987 8.16447e-07 0)
(8.11988 7.36881e-07 0)
(8.11989 9.04031e-07 0)
(8.1199 6.05969e-07 0)
(8.11991 7.52485e-07 0)
(8.11991 4.97638e-07 0)
(8.11992 4.04309e-07 0)
(8.11992 6.86402e-09 0)
(8.11992 -1.76567e-07 0)
(8.11992 -3.12132e-07 0)
(8.11992 -1.59509e-07 0)
(8.11992 -9.97842e-08 0)
(8.11992 -8.22469e-08 0)
(8.11992 -5.87163e-08 0)
(8.11992 -8.06785e-08 0)
(8.11992 -9.40401e-08 0)
(8.11992 -8.78176e-08 0)
(8.11992 -1.96773e-07 0)
(8.11991 -6.01761e-08 0)
(8.11991 -2.46584e-07 0)
(8.11991 -6.79352e-08 0)
(8.11991 -2.25686e-07 0)
(8.11991 -5.37773e-08 0)
(8.1199 -2.043e-07 0)
(8.1199 2.29081e-09 0)
(8.1199 -1.50054e-07 0)
(8.1199 1.3468e-08 0)
(8.1199 -1.80126e-07 0)
(8.1199 2.69941e-08 0)
(8.1199 -1.10943e-07 0)
(8.1199 2.20047e-08 0)
(8.1199 -4.68628e-08 0)
(8.1199 5.14264e-08 0)
(8.1199 3.99521e-08 0)
(8.1199 4.71689e-07 0)
(8.11991 1.35345e-06 0)
(8.11993 4.8613e-06 0)
(8.12 1.64533e-05 0)
(7.36538 0.000437471 0)
(7.37494 0.000651231 0)
(7.37511 8.98661e-05 0)
(7.37192 -0.000125503 0)
(7.37244 -0.000167313 0)
(7.36864 -0.000334012 0)
(7.36832 -0.00023631 0)
(7.36866 -5.89971e-05 0)
(7.36534 -6.73859e-05 0)
(7.36429 -0.000100611 0)
(7.36434 -5.85131e-05 0)
(7.36439 -2.60334e-05 0)
(7.36442 -9.5598e-06 0)
(7.3645 1.18046e-06 0)
(7.36461 8.16129e-06 0)
(7.36473 1.06472e-05 0)
(7.36484 1.09064e-05 0)
(7.36493 6.92532e-06 0)
(7.36537 0.000414603 0)
(7.37503 0.000649429 0)
(7.37512 9.09553e-05 0)
(7.37182 -0.000124158 0)
(7.3723 -0.000164451 0)
(7.36853 -0.000329704 0)
(7.36825 -0.000232092 0)
(7.36866 -5.39353e-05 0)
(7.36542 -6.03517e-05 0)
(7.36445 -9.15583e-05 0)
(7.36459 -5.09422e-05 0)
(7.36469 -2.03912e-05 0)
(7.36474 -8.58443e-06 0)
(7.36478 -7.22357e-06 0)
(7.36522 0.000413145 0)
(7.37498 0.000677558 0)
(7.3757 0.000396903 0)
(7.37563 0.000186644 0)
(7.37559 8.56682e-05 0)
(7.37549 2.9317e-05 0)
(7.37491 -0.000307895 0)
(7.37165 -0.000314563 0)
(7.37211 -0.00025531 0)
(7.36827 -0.000375446 0)
(7.36793 -0.000254561 0)
(7.36828 -6.49015e-05 0)
(7.36501 -6.51134e-05 0)
(7.36402 -9.3556e-05 0)
(7.36416 -5.10303e-05 0)
(7.36426 -2.08792e-05 0)
(7.36431 -8.73911e-06 0)
(7.36435 -3.6644e-06 0)
(7.36437 -1.03138e-06 0)
(7.3644 -1.36165e-07 0)
(7.36441 4.24178e-07 0)
(7.36443 3.37734e-07 0)
(7.36444 5.34904e-07 0)
(7.36445 4.24997e-07 0)
(7.36446 3.93193e-07 0)
(7.36447 1.26386e-07 0)
(7.36447 2.13943e-08 0)
(7.36448 -3.87945e-08 0)
(7.36448 1.85598e-07 0)
(7.36449 3.13892e-07 0)
(7.3645 5.11565e-07 0)
(7.36451 4.72811e-07 0)
(7.36452 6.06803e-07 0)
(7.36452 4.06586e-07 0)
(7.36453 5.02996e-07 0)
(7.36454 3.42088e-07 0)
(7.36455 2.59571e-07 0)
(7.36455 -3.05026e-08 0)
(7.36455 -2.03874e-07 0)
(7.36455 -2.75995e-07 0)
(7.36455 -2.17026e-07 0)
(7.36455 -3.02388e-08 0)
(7.36455 -1.46984e-07 0)
(7.36454 2.8817e-09 0)
(7.36454 -9.76346e-08 0)
(7.36454 -4.25762e-08 0)
(7.36454 -4.42026e-08 0)
(7.36454 -1.50591e-07 0)
(7.36454 1.66588e-08 0)
(7.36453 -1.81151e-07 0)
(7.36453 -8.64381e-10 0)
(7.36453 -1.59036e-07 0)
(7.36453 9.87186e-10 0)
(7.36453 -1.6678e-07 0)
(7.36452 4.51795e-08 0)
(7.36452 -1.57678e-07 0)
(7.36452 6.75195e-08 0)
(7.36452 -1.42783e-07 0)
(7.36452 4.43651e-08 0)
(7.36452 -6.16149e-08 0)
(7.36452 7.45442e-09 0)
(7.36452 -2.40569e-08 0)
(7.36452 2.95906e-08 0)
(7.36452 4.73329e-08 0)
(7.36452 3.56917e-07 0)
(7.36453 1.07013e-06 0)
(7.36455 3.59985e-06 0)
(7.36463 2.07363e-05 0)
(6.06886 0.00143149 0)
(6.04317 0.00195701 0)
(6.0357 -0.000110933 0)
(6.04232 -0.00053632 0)
(6.04139 -0.000454206 0)
(6.05124 -0.000769864 0)
(6.05451 -0.000368946 0)
(6.0552 -0.000310185 0)
(6.06334 -0.000407874 0)
(6.06711 -0.000265565 0)
(6.06835 -0.000111313 0)
(6.06877 -4.51204e-05 0)
(6.06896 -1.72784e-05 0)
(6.06911 -3.42865e-06 0)
(6.06926 3.65259e-06 0)
(6.06941 6.64726e-06 0)
(6.06952 8.12486e-06 0)
(6.06959 5.31284e-06 0)
(6.06961 0.00140328 0)
(6.04373 0.00197507 0)
(6.03576 -0.000100875 0)
(6.04212 -0.000530544 0)
(6.04109 -0.000446357 0)
(6.05094 -0.000766884 0)
(6.05428 -0.00036591 0)
(6.05505 -0.000306691 0)
(6.06327 -0.000402612 0)
(6.06712 -0.000258856 0)
(6.06843 -0.000104934 0)
(6.06892 -4.032e-05 0)
(6.06912 -1.57641e-05 0)
(6.0692 -4.562e-06 0)
(6.06925 0.00139479 0)
(6.04351 0.00198205 0)
(6.03593 0.000793048 0)
(6.03379 0.000321036 0)
(6.0332 0.000137961 0)
(6.03301 4.81518e-05 0)
(6.03266 -0.000878599 0)
(6.04129 -0.000862997 0)
(6.04086 -0.000579088 0)
(6.05084 -0.000832039 0)
(6.05416 -0.000394828 0)
(6.05489 -0.000319225 0)
(6.06303 -0.000408438 0)
(6.06685 -0.000260948 0)
(6.06814 -0.00010516 0)
(6.06862 -4.07231e-05 0)
(6.06883 -1.62685e-05 0)
(6.06893 -6.25273e-06 0)
(6.06898 -2.18513e-06 0)
(6.06901 -6.97933e-07 0)
(6.06903 1.2536e-08 0)
(6.06905 1.06222e-07 0)
(6.06906 2.79546e-07 0)
(6.06907 2.53368e-07 0)
(6.06908 2.15032e-07 0)
(6.06909 3.63278e-08 0)
(6.0691 -7.12463e-08 0)
(6.0691 -1.01724e-07 0)
(6.0691 5.11011e-08 0)
(6.06911 1.83079e-07 0)
(6.06912 3.09146e-07 0)
(6.06913 2.9117e-07 0)
(6.06914 3.84631e-07 0)
(6.06914 2.62773e-07 0)
(6.06915 3.13486e-07 0)
(6.06916 2.25965e-07 0)
(6.06917 1.48314e-07 0)
(6.06917 -4.74277e-08 0)
(6.06917 -2.02029e-07 0)
(6.06917 -2.2169e-07 0)
(6.06917 -2.09764e-07 0)
(6.06916 1.39892e-09 0)
(6.06916 -1.44578e-07 0)
(6.06916 2.08464e-08 0)
(6.06916 -8.43778e-08 0)
(6.06916 -2.44801e-08 0)
(6.06916 -1.51762e-08 0)
(6.06915 -1.06194e-07 0)
(6.06915 4.45461e-08 0)
(6.06915 -1.21546e-07 0)
(6.06915 2.31689e-08 0)
(6.06915 -9.91113e-08 0)
(6.06914 2.00858e-08 0)
(6.06914 -1.22281e-07 0)
(6.06914 4.80907e-08 0)
(6.06914 -1.47124e-07 0)
(6.06914 7.86872e-08 0)
(6.06914 -9.26947e-08 0)
(6.06914 3.99933e-08 0)
(6.06914 -1.8895e-08 0)
(6.06914 -4.24236e-09 0)
(6.06914 -1.56564e-08 0)
(6.06914 1.46292e-08 0)
(6.06914 5.4723e-08 0)
(6.06914 2.76082e-07 0)
(6.06914 8.97894e-07 0)
(6.06915 2.64703e-06 0)
(6.06919 3.55574e-05 0)
)
;

boundaryField
{
    inlet
    {
        type            cyclic;
    }
    outlet
    {
        type            cyclic;
    }
    bottomWall
    {
        type            noSlip;
    }
    topWall
    {
        type            noSlip;
    }
    frontAndBack
    {
        type            empty;
    }
}


// ************************************************************************* //
