/*--------------------------------*- C++ -*----------------------------------*\
  =========                 |
  \\      /  F ield         | OpenFOAM: The Open Source CFD Toolbox
   \\    /   O peration     | Website:  https://openfoam.org
    \\  /    A nd           | Version:  11
     \\/     M anipulation  |
\*---------------------------------------------------------------------------*/
FoamFile
{
    format      ascii;
    class       surfaceScalarField;
    location    "800";
    object      phi;
}
// * * * * * * * * * * * * * * * * * * * * * * * * * * * * * * * * * * * * * //

dimensions      [0 3 -1 0 0 0 0];

internalField   nonuniform List<scalar> 
9850
(
3.63417e-06
-8.22668e-09
3.63135e-06
2.71193e-09
3.62615e-06
5.15456e-09
3.62604e-06
1.4221e-10
3.62796e-06
-1.917e-09
3.63374e-06
-5.76833e-09
3.63816e-06
-4.35643e-09
3.63241e-06
5.68122e-09
3.62357e-06
8.86228e-09
3.62092e-06
2.62601e-09
3.62011e-06
7.88442e-10
3.61988e-06
2.47543e-10
3.6198e-06
4.05284e-11
3.62206e-06
-2.21952e-09
3.6242e-06
-2.12204e-09
3.62691e-06
-2.7234e-09
3.63073e-06
-3.77364e-09
3.63193e-06
-1.24534e-09
3.63494e-06
-2.9423e-09
3.63893e-06
-4.04109e-09
3.64078e-06
-1.78072e-09
3.64128e-06
-5.5878e-10
3.64145e-06
-9.51011e-11
3.64133e-06
3.41704e-11
3.64132e-06
1.03854e-10
3.64115e-06
7.56616e-11
3.64117e-06
1.15366e-10
3.64103e-06
3.40835e-11
3.64111e-06
8.00252e-11
3.64096e-06
-2.49855e-11
3.64108e-06
1.79678e-11
3.64106e-06
-1.33551e-10
3.64139e-06
-2.19846e-10
3.64163e-06
-3.53525e-10
3.64189e-06
-2.4003e-10
3.64199e-06
-1.43224e-10
3.64201e-06
-3.05187e-11
3.64178e-06
2.3573e-10
3.63419e-06
7.55818e-09
3.62463e-06
9.57151e-09
3.6216e-06
2.95979e-09
3.62063e-06
1.04159e-09
3.6202e-06
3.82401e-10
3.62006e-06
1.96961e-10
3.61991e-06
1.00314e-10
3.61987e-06
8.48368e-11
3.61978e-06
3.36318e-11
3.6198e-06
3.41889e-11
3.61977e-06
-2.37918e-12
3.6198e-06
9.59203e-12
3.61976e-06
-9.87229e-12
3.6198e-06
6.23061e-12
3.61976e-06
-1.22989e-11
3.6198e-06
6.44219e-12
3.61977e-06
-1.12606e-11
3.6198e-06
1.00597e-11
3.61977e-06
-1.11985e-11
3.61982e-06
8.56174e-12
3.6198e-06
-8.71228e-12
3.61983e-06
4.866e-12
3.61981e-06
-5.40633e-12
3.61983e-06
3.45685e-12
3.61981e-06
-8.0379e-12
3.61983e-06
3.72727e-12
3.6198e-06
-1.01491e-11
3.61983e-06
5.98458e-12
3.61979e-06
-1.05323e-11
3.61982e-06
9.75281e-12
3.61979e-06
-1.08339e-11
3.61984e-06
8.57253e-12
3.61982e-06
-8.70009e-12
3.61985e-06
5.08813e-12
3.61983e-06
-5.17197e-12
3.61985e-06
4.78209e-12
3.61983e-06
-6.58731e-12
3.61985e-06
3.07074e-12
3.61984e-06
-5.95901e-12
3.61985e-06
2.68681e-12
3.61984e-06
-5.34108e-12
3.61985e-06
2.89349e-12
3.61984e-06
-5.21506e-12
3.61985e-06
3.21784e-12
3.61984e-06
-5.07446e-12
3.61985e-06
4.01768e-12
3.61985e-06
-5.27349e-12
3.61985e-06
3.59345e-12
3.61985e-06
-5.03865e-12
3.61986e-06
2.55974e-12
3.61985e-06
-3.84051e-12
3.61986e-06
4.57704e-12
3.61985e-06
-4.28415e-12
3.61986e-06
4.93137e-12
3.61985e-06
-4.83408e-12
3.61986e-06
3.99864e-12
3.61985e-06
-4.52711e-12
3.61986e-06
2.97546e-12
3.61986e-06
-1.13473e-11
3.6199e-06
-1.74905e-11
3.61997e-06
-1.20674e-10
-5.57958e-09
4.42025e-06
-5.22884e-09
4.42235e-06
5.44646e-10
4.42442e-06
3.0561e-09
4.42381e-06
7.71134e-10
4.42274e-06
-8.49809e-10
4.42034e-06
-3.36099e-09
4.41895e-06
-2.93222e-09
4.42191e-06
2.68979e-09
4.42548e-06
5.30144e-09
4.42578e-06
2.3073e-09
4.42572e-06
8.40933e-10
4.42566e-06
3.12099e-10
4.4255e-06
1.83386e-10
4.42423e-06
-9.28357e-10
4.42324e-06
-1.12611e-09
4.42218e-06
-1.66606e-09
4.42083e-06
-2.39795e-09
4.42081e-06
-1.25012e-09
4.42011e-06
-2.19814e-09
4.41901e-06
-2.96758e-09
4.41888e-06
-1.61553e-09
4.41892e-06
-6.3735e-10
4.41896e-06
-8.58504e-11
4.41888e-06
5.9113e-11
4.41889e-06
1.55888e-10
4.4188e-06
1.05303e-10
4.41882e-06
1.79932e-10
4.41874e-06
4.50174e-11
4.41879e-06
1.24991e-10
4.41872e-06
-5.05095e-11
4.41878e-06
3.09537e-11
4.41877e-06
-2.06686e-10
4.41893e-06
-3.17378e-10
4.41903e-06
-5.22843e-10
4.41915e-06
-3.43734e-10
4.41918e-06
-2.05286e-10
4.41919e-06
-4.32567e-11
4.41921e-06
2.14902e-10
4.4224e-06
4.34791e-09
4.42588e-06
6.10228e-09
4.42606e-06
2.73199e-09
4.42596e-06
1.19446e-09
4.42582e-06
4.86969e-10
4.42576e-06
2.86898e-10
4.42569e-06
1.50287e-10
4.42566e-06
1.29935e-10
4.42562e-06
4.64974e-11
4.42564e-06
5.11589e-11
4.42562e-06
-7.90031e-12
4.42564e-06
1.36714e-11
4.42562e-06
-1.92595e-11
4.42564e-06
8.91331e-12
4.42563e-06
-2.20644e-11
4.42565e-06
1.02736e-11
4.42563e-06
-2.03489e-11
4.42565e-06
1.57836e-11
4.42564e-06
-1.90637e-11
4.42566e-06
1.54289e-11
4.42565e-06
-1.37366e-11
4.42567e-06
8.84375e-12
4.42566e-06
-9.64354e-12
4.42567e-06
4.85916e-12
4.42566e-06
-1.50722e-11
4.42567e-06
5.27786e-12
4.42565e-06
-1.86975e-11
4.42567e-06
9.19013e-12
4.42565e-06
-1.93434e-11
4.42567e-06
1.52024e-11
4.42566e-06
-1.86379e-11
4.42568e-06
1.53574e-11
4.42567e-06
-1.3533e-11
4.42569e-06
9.32152e-12
4.42568e-06
-8.86542e-12
4.42569e-06
7.26739e-12
4.42568e-06
-1.14673e-11
4.42569e-06
4.72632e-12
4.42568e-06
-1.08762e-11
4.42569e-06
4.0516e-12
4.42569e-06
-1.0063e-11
4.42569e-06
4.52363e-12
4.42569e-06
-9.6703e-12
4.4257e-06
5.39943e-12
4.42569e-06
-9.37842e-12
4.4257e-06
6.54813e-12
4.42569e-06
-9.53841e-12
4.4257e-06
6.14916e-12
4.42569e-06
-9.01835e-12
4.4257e-06
4.93245e-12
4.42569e-06
-7.01499e-12
4.4257e-06
7.84087e-12
4.42569e-06
-7.51032e-12
4.4257e-06
8.41723e-12
4.42569e-06
-8.08798e-12
4.4257e-06
7.24524e-12
4.42569e-06
-7.54666e-12
4.4257e-06
5.82513e-12
4.4257e-06
-1.68133e-11
4.42571e-06
-1.67269e-11
4.4256e-06
-3.84151e-11
-3.16478e-09
4.87354e-06
-3.8241e-09
4.87434e-06
-3.06394e-10
4.87563e-06
1.74622e-09
4.87586e-06
5.54355e-10
4.87541e-06
-3.93456e-10
4.8739e-06
-1.84931e-09
4.87272e-06
-1.72802e-09
4.87386e-06
1.52156e-09
4.87567e-06
3.50116e-09
4.87599e-06
1.97356e-09
4.87601e-06
8.1693e-10
4.87599e-06
3.40484e-10
4.87592e-06
2.38369e-10
4.87564e-06
-6.2964e-10
4.87555e-06
-1.03497e-09
4.87506e-06
-1.1801e-09
4.87429e-06
-1.60154e-09
4.87418e-06
-1.16095e-09
4.87362e-06
-1.60871e-09
4.87268e-06
-2.05136e-09
4.87235e-06
-1.25535e-09
4.87225e-06
-5.64476e-10
4.87222e-06
-2.4796e-11
4.87214e-06
9.9963e-11
4.87214e-06
2.05751e-10
4.87207e-06
1.30773e-10
4.87208e-06
2.29507e-10
4.87202e-06
5.12667e-11
4.87206e-06
1.57731e-10
4.87201e-06
-7.18682e-11
4.87206e-06
4.15127e-11
4.87204e-06
-2.59088e-10
4.87215e-06
-3.82115e-10
4.87222e-06
-6.40695e-10
4.8723e-06
-4.14467e-10
4.87233e-06
-2.49001e-10
4.87233e-06
-5.4222e-11
4.87236e-06
1.88248e-10
4.87394e-06
2.75125e-09
4.87582e-06
4.23121e-09
4.87612e-06
2.40172e-09
4.87613e-06
1.21697e-09
4.87607e-06
5.30915e-10
4.87603e-06
3.44485e-10
4.87598e-06
1.84671e-10
4.87596e-06
1.61668e-10
4.87593e-06
5.37468e-11
4.87594e-06
6.31133e-11
4.87593e-06
-1.26889e-11
4.87595e-06
1.67341e-11
4.87594e-06
-2.69756e-11
4.87595e-06
1.09502e-11
4.87594e-06
-3.00518e-11
4.87596e-06
1.32171e-11
4.87594e-06
-2.80052e-11
4.87596e-06
1.98742e-11
4.87595e-06
-2.56216e-11
4.87596e-06
2.0659e-11
4.87596e-06
-1.78617e-11
4.87597e-06
1.15056e-11
4.87596e-06
-1.32038e-11
4.87597e-06
5.11818e-12
4.87596e-06
-2.08551e-11
4.87597e-06
5.91395e-12
4.87596e-06
-2.58818e-11
4.87598e-06
1.14546e-11
4.87597e-06
-2.68074e-11
4.87598e-06
1.90437e-11
4.87597e-06
-2.51667e-11
4.87599e-06
2.05012e-11
4.87598e-06
-1.77223e-11
4.87599e-06
1.24006e-11
4.87598e-06
-1.2635e-11
4.87599e-06
8.88083e-12
4.87599e-06
-1.59348e-11
4.876e-06
5.91994e-12
4.87599e-06
-1.5101e-11
4.876e-06
4.85802e-12
4.87599e-06
-1.36225e-11
4.876e-06
5.08311e-12
4.876e-06
-1.27878e-11
4.876e-06
6.19381e-12
4.876e-06
-1.23561e-11
4.876e-06
7.62715e-12
4.876e-06
-1.22471e-11
4.876e-06
7.24215e-12
4.876e-06
-1.14976e-11
4.87601e-06
6.12428e-12
4.876e-06
-9.14341e-12
4.87601e-06
9.73817e-12
4.876e-06
-9.76332e-12
4.87601e-06
1.07045e-11
4.876e-06
-1.04385e-11
4.87601e-06
9.70444e-12
4.876e-06
-9.77701e-12
4.87601e-06
8.1762e-12
4.876e-06
-2.01677e-11
4.87601e-06
-1.31691e-11
4.87595e-06
-4.09446e-12
-2.12222e-09
5.18221e-06
-3.42419e-09
5.18247e-06
-6.00956e-10
5.183e-06
1.1988e-09
5.18322e-06
3.44556e-10
5.18311e-06
-2.77878e-10
5.18251e-06
-1.24911e-09
5.18195e-06
-1.14782e-09
5.18221e-06
1.24687e-09
5.18278e-06
2.92679e-09
5.18289e-06
1.86271e-09
5.18287e-06
8.26298e-10
5.18285e-06
3.70922e-10
5.18283e-06
2.47065e-10
5.18284e-06
-6.3446e-10
5.18295e-06
-1.13831e-09
5.18285e-06
-1.08437e-09
5.18263e-06
-1.36174e-09
5.1826e-06
-1.14691e-09
5.18237e-06
-1.35664e-09
5.18194e-06
-1.64026e-09
5.18176e-06
-1.04997e-09
5.18166e-06
-4.87165e-10
5.18162e-06
4.01551e-11
5.18155e-06
1.47283e-10
5.18153e-06
2.53136e-10
5.18147e-06
1.59617e-10
5.18148e-06
2.70611e-10
5.18143e-06
6.152e-11
5.18146e-06
1.81251e-10
5.18142e-06
-8.42872e-11
5.18145e-06
4.79313e-11
5.18144e-06
-2.96132e-10
5.18153e-06
-4.34557e-10
5.18158e-06
-7.30843e-10
5.18164e-06
-4.71691e-10
5.18166e-06
-2.83742e-10
5.18167e-06
-6.40893e-11
5.18167e-06
1.86014e-10
5.18219e-06
2.22513e-09
5.18284e-06
3.5882e-09
5.18294e-06
2.27632e-09
5.18293e-06
1.24945e-09
5.18288e-06
5.69335e-10
5.18285e-06
3.90491e-10
5.1828e-06
2.15426e-10
5.18279e-06
1.87973e-10
5.18276e-06
6.2419e-11
5.18277e-06
7.30221e-11
5.18276e-06
-1.44999e-11
5.18277e-06
1.89927e-11
5.18276e-06
-3.17977e-11
5.18277e-06
1.17946e-11
5.18276e-06
-3.53463e-11
5.18278e-06
1.44557e-11
5.18277e-06
-3.32337e-11
5.18278e-06
2.18504e-11
5.18277e-06
-2.98897e-11
5.18278e-06
2.37069e-11
5.18278e-06
-2.08342e-11
5.18279e-06
1.2771e-11
5.18279e-06
-1.62742e-11
5.18279e-06
4.69946e-12
5.18279e-06
-2.55382e-11
5.1828e-06
5.59466e-12
5.18279e-06
-3.11667e-11
5.1828e-06
1.20179e-11
5.18279e-06
-3.21552e-11
5.1828e-06
2.07563e-11
5.18279e-06
-2.95479e-11
5.18281e-06
2.34485e-11
5.1828e-06
-2.05889e-11
5.18281e-06
1.37408e-11
5.18281e-06
-1.52844e-11
5.18281e-06
8.98591e-12
5.18281e-06
-1.91013e-11
5.18282e-06
5.83496e-12
5.18281e-06
-1.83484e-11
5.18282e-06
4.80946e-12
5.18282e-06
-1.68237e-11
5.18282e-06
5.28319e-12
5.18282e-06
-1.58354e-11
5.18282e-06
6.7594e-12
5.18282e-06
-1.52365e-11
5.18282e-06
8.41085e-12
5.18282e-06
-1.49813e-11
5.18283e-06
8.23439e-12
5.18282e-06
-1.39663e-11
5.18283e-06
7.28009e-12
5.18282e-06
-1.11364e-11
5.18283e-06
1.11711e-11
5.18283e-06
-1.16035e-11
5.18283e-06
1.23252e-11
5.18283e-06
-1.20831e-11
5.18283e-06
1.13813e-11
5.18282e-06
-1.12423e-11
5.18283e-06
9.75716e-12
5.18283e-06
-2.21389e-11
5.18283e-06
-1.13283e-11
5.18283e-06
-1.99539e-11
-1.87031e-09
5.41329e-06
-3.30093e-09
5.41342e-06
-7.5885e-10
5.41366e-06
9.45874e-10
5.41376e-06
2.57688e-10
5.41372e-06
-2.42515e-10
5.41349e-06
-1.01803e-09
5.41325e-06
-8.90313e-10
5.41329e-06
1.18767e-09
5.4135e-06
2.72876e-09
5.41352e-06
1.83082e-09
5.4135e-06
8.47866e-10
5.41347e-06
4.00519e-10
5.41347e-06
2.4374e-10
5.41348e-06
-6.4293e-10
5.41353e-06
-1.17893e-09
5.41352e-06
-1.07955e-09
5.41347e-06
-1.30109e-09
5.41347e-06
-1.15515e-09
5.41341e-06
-1.28285e-09
5.41327e-06
-1.51082e-09
5.4132e-06
-9.6439e-10
5.41313e-06
-4.33915e-10
5.4131e-06
9.51065e-11
5.41303e-06
1.92328e-10
5.41301e-06
2.9725e-10
5.41296e-06
1.89589e-10
5.41296e-06
3.07758e-10
5.41292e-06
7.48598e-11
5.41294e-06
2.01959e-10
5.4129e-06
-9.07297e-11
5.41293e-06
5.35121e-11
5.41292e-06
-3.24029e-10
5.41299e-06
-4.78458e-10
5.41303e-06
-8.04788e-10
5.41308e-06
-5.20107e-10
5.4131e-06
-3.12618e-10
5.41311e-06
-7.22716e-11
5.41309e-06
1.99617e-10
5.41326e-06
2.0475e-09
5.41351e-06
3.34881e-09
5.41353e-06
2.23135e-09
5.41352e-06
1.28488e-09
5.41347e-06
6.03404e-10
5.41345e-06
4.28835e-10
5.41341e-06
2.43324e-10
5.41339e-06
2.11658e-10
5.41337e-06
7.21585e-11
5.41337e-06
8.26259e-11
5.41336e-06
-1.42394e-11
5.41337e-06
2.15268e-11
5.41336e-06
-3.48208e-11
5.41337e-06
1.26217e-11
5.41336e-06
-3.9164e-11
5.41338e-06
1.52978e-11
5.41337e-06
-3.72377e-11
5.41338e-06
2.30243e-11
5.41337e-06
-3.32421e-11
5.41338e-06
2.56613e-11
5.41338e-06
-2.31861e-11
5.41339e-06
1.32334e-11
5.41338e-06
-1.86184e-11
5.41339e-06
3.63917e-12
5.41339e-06
-2.90979e-11
5.41339e-06
4.67861e-12
5.41339e-06
-3.54469e-11
5.4134e-06
1.19529e-11
5.41339e-06
-3.64986e-11
5.4134e-06
2.15171e-11
5.41339e-06
-3.31316e-11
5.4134e-06
2.51972e-11
5.4134e-06
-2.31357e-11
5.41341e-06
1.44163e-11
5.4134e-06
-1.79304e-11
5.41341e-06
8.8117e-12
5.41341e-06
-2.20676e-11
5.41341e-06
5.55256e-12
5.41341e-06
-2.1094e-11
5.41342e-06
4.34936e-12
5.41341e-06
-1.90502e-11
5.41342e-06
4.60486e-12
5.41342e-06
-1.76756e-11
5.41342e-06
6.22221e-12
5.41342e-06
-1.69551e-11
5.41342e-06
8.07187e-12
5.41342e-06
-1.64039e-11
5.41342e-06
8.00876e-12
5.41342e-06
-1.51477e-11
5.41342e-06
7.31626e-12
5.41342e-06
-1.21636e-11
5.41343e-06
1.15763e-11
5.41342e-06
-1.26316e-11
5.41343e-06
1.30682e-11
5.41342e-06
-1.30934e-11
5.41343e-06
1.24109e-11
5.41342e-06
-1.21866e-11
5.41343e-06
1.07942e-11
5.41342e-06
-2.33915e-11
5.41343e-06
-1.13096e-11
5.41345e-06
-5.75333e-11
-1.81175e-09
5.59668e-06
-3.21687e-09
5.59678e-06
-8.78486e-10
5.59693e-06
7.88453e-10
5.59697e-06
2.28793e-10
5.59694e-06
-2.18198e-10
5.59683e-06
-9.05609e-10
5.59671e-06
-7.57585e-10
5.59672e-06
1.16513e-09
5.59683e-06
2.62038e-09
5.59685e-06
1.80991e-09
5.59683e-06
8.65612e-10
5.59681e-06
4.24417e-10
5.5968e-06
2.38919e-10
5.59679e-06
-6.25539e-10
5.59678e-06
-1.16482e-09
5.59678e-06
-1.07807e-09
5.59676e-06
-1.2749e-09
5.59676e-06
-1.15966e-09
5.59677e-06
-1.27812e-09
5.59674e-06
-1.49404e-09
5.59673e-06
-9.35648e-10
5.59668e-06
-3.97405e-10
5.59665e-06
1.39088e-10
5.59659e-06
2.34115e-10
5.59657e-06
3.3677e-10
5.59652e-06
2.20604e-10
5.59652e-06
3.41374e-10
5.59648e-06
9.16813e-11
5.59649e-06
2.19155e-10
5.59646e-06
-9.15762e-11
5.59648e-06
5.7534e-11
5.59647e-06
-3.4431e-10
5.59653e-06
-5.18029e-10
5.59657e-06
-8.6708e-10
5.59662e-06
-5.63322e-10
5.59663e-06
-3.37368e-10
5.59664e-06
-7.91489e-11
5.59662e-06
2.18855e-10
5.59669e-06
1.96799e-09
5.59682e-06
3.21744e-09
5.59684e-06
2.20312e-09
5.59683e-06
1.31279e-09
5.59679e-06
6.31432e-10
5.59677e-06
4.59733e-10
5.59673e-06
2.68615e-10
5.59672e-06
2.32536e-10
5.5967e-06
8.31168e-11
5.5967e-06
9.15131e-11
5.59669e-06
-1.21463e-11
5.5967e-06
2.38533e-11
5.59669e-06
-3.60296e-11
5.5967e-06
1.30046e-11
5.59669e-06
-4.13039e-11
5.5967e-06
1.5373e-11
5.59669e-06
-3.97155e-11
5.5967e-06
2.32333e-11
5.59669e-06
-3.51898e-11
5.5967e-06
2.65819e-11
5.5967e-06
-2.48464e-11
5.59671e-06
1.31293e-11
5.59671e-06
-2.07035e-11
5.59671e-06
2.49423e-12
5.59671e-06
-3.21684e-11
5.59671e-06
3.37196e-12
5.59671e-06
-3.86744e-11
5.59672e-06
1.09871e-11
5.59671e-06
-3.96423e-11
5.59672e-06
2.11936e-11
5.59671e-06
-3.54896e-11
5.59672e-06
2.58368e-11
5.59672e-06
-2.48803e-11
5.59673e-06
1.41633e-11
5.59673e-06
-1.97116e-11
5.59673e-06
7.8016e-12
5.59673e-06
-2.41276e-11
5.59673e-06
4.53252e-12
5.59673e-06
-2.32417e-11
5.59674e-06
3.50261e-12
5.59673e-06
-2.12716e-11
5.59674e-06
4.03891e-12
5.59674e-06
-1.98306e-11
5.59674e-06
5.91604e-12
5.59674e-06
-1.89473e-11
5.59674e-06
7.93644e-12
5.59674e-06
-1.8254e-11
5.59674e-06
8.13399e-12
5.59674e-06
-1.67535e-11
5.59674e-06
7.65819e-12
5.59674e-06
-1.34258e-11
5.59675e-06
1.19948e-11
5.59674e-06
-1.3657e-11
5.59675e-06
1.36247e-11
5.59674e-06
-1.38709e-11
5.59675e-06
1.30643e-11
5.59674e-06
-1.28015e-11
5.59675e-06
1.14244e-11
5.59674e-06
-2.41779e-11
5.59675e-06
-1.28169e-11
5.59678e-06
-9.6057e-11
-1.78148e-09
5.74778e-06
-3.14264e-09
5.74786e-06
-9.78124e-10
5.74798e-06
6.64292e-10
5.74799e-06
2.18276e-10
5.74797e-06
-1.95448e-10
5.7479e-06
-8.29822e-10
5.74782e-06
-6.70253e-10
5.74783e-06
1.14689e-09
5.74792e-06
2.53211e-09
5.74794e-06
1.7858e-09
5.74792e-06
8.76706e-10
5.74791e-06
4.41915e-10
5.74791e-06
2.34105e-10
5.74789e-06
-5.96633e-10
5.74785e-06
-1.12915e-09
5.74784e-06
-1.06856e-09
5.74783e-06
-1.2506e-09
5.74782e-06
-1.15756e-09
5.74785e-06
-1.29555e-09
5.74786e-06
-1.51339e-09
5.74786e-06
-9.28035e-10
5.74782e-06
-3.70129e-10
5.7478e-06
1.746e-10
5.74775e-06
2.71637e-10
5.74773e-06
3.71342e-10
5.74768e-06
2.50958e-10
5.74768e-06
3.71662e-10
5.74764e-06
1.10721e-10
5.74765e-06
2.3462e-10
5.74762e-06
-8.80634e-11
5.74764e-06
6.08181e-11
5.74763e-06
-3.58905e-10
5.74768e-06
-5.53718e-10
5.74772e-06
-9.20715e-10
5.74776e-06
-6.01897e-10
5.74777e-06
-3.5841e-10
5.74777e-06
-8.46255e-11
5.74775e-06
2.39047e-10
5.7478e-06
1.91662e-09
5.7479e-06
3.11649e-09
5.74792e-06
2.17652e-09
5.74791e-06
1.3325e-09
5.74788e-06
6.53696e-10
5.74786e-06
4.84249e-10
5.74783e-06
2.90945e-10
5.74782e-06
2.5078e-10
5.7478e-06
9.4143e-11
5.7478e-06
9.96505e-11
5.74779e-06
-8.99785e-12
5.7478e-06
2.61432e-11
5.74779e-06
-3.60914e-11
5.7478e-06
1.33613e-11
5.74779e-06
-4.23975e-11
5.7478e-06
1.52451e-11
5.74779e-06
-4.12695e-11
5.7478e-06
2.29798e-11
5.7478e-06
-3.64588e-11
5.7478e-06
2.68008e-11
5.7478e-06
-2.59715e-11
5.74781e-06
1.25166e-11
5.74781e-06
-2.21054e-11
5.74781e-06
9.00482e-13
5.74781e-06
-3.42634e-11
5.74781e-06
1.67297e-12
5.74781e-06
-4.11295e-11
5.74782e-06
9.64335e-12
5.74781e-06
-4.20294e-11
5.74782e-06
2.02645e-11
5.74781e-06
-3.72736e-11
5.74782e-06
2.56672e-11
5.74782e-06
-2.63618e-11
5.74783e-06
1.357e-11
5.74782e-06
-2.14944e-11
5.74783e-06
6.76938e-12
5.74783e-06
-2.60786e-11
5.74783e-06
3.4998e-12
5.74783e-06
-2.50027e-11
5.74783e-06
2.37899e-12
5.74783e-06
-2.2626e-11
5.74783e-06
2.74307e-12
5.74783e-06
-2.08522e-11
5.74784e-06
4.70516e-12
5.74784e-06
-1.98651e-11
5.74784e-06
6.87433e-12
5.74784e-06
-1.88978e-11
5.74784e-06
7.21422e-12
5.74784e-06
-1.71749e-11
5.74784e-06
7.01868e-12
5.74784e-06
-1.37872e-11
5.74784e-06
1.15792e-11
5.74784e-06
-1.3966e-11
5.74784e-06
1.3486e-11
5.74784e-06
-1.41325e-11
5.74784e-06
1.32153e-11
5.74784e-06
-1.30243e-11
5.74784e-06
1.16086e-11
5.74784e-06
-2.45267e-11
5.74785e-06
-1.51302e-11
5.74788e-06
-1.3225e-10
-1.7478e-09
5.8754e-06
-3.06418e-09
5.87547e-06
-1.06483e-09
5.87557e-06
5.57144e-10
5.87558e-06
2.11707e-10
5.87556e-06
-1.73496e-10
5.8755e-06
-7.66425e-10
5.87544e-06
-6.00112e-10
5.87545e-06
1.12858e-09
5.87553e-06
2.45059e-09
5.87556e-06
1.75788e-09
5.87555e-06
8.81843e-10
5.87554e-06
4.53611e-10
5.87554e-06
2.28725e-10
5.87551e-06
-5.65733e-10
5.87548e-06
-1.0881e-09
5.87546e-06
-1.05374e-09
5.87544e-06
-1.2239e-09
5.87543e-06
-1.15177e-09
5.87546e-06
-1.31808e-09
5.87548e-06
-1.54176e-09
5.87549e-06
-9.28106e-10
5.87546e-06
-3.47495e-10
5.87544e-06
2.04139e-10
5.8754e-06
3.05712e-10
5.87538e-06
4.01702e-10
5.87534e-06
2.80248e-10
5.87533e-06
3.99323e-10
5.8753e-06
1.30956e-10
5.8753e-06
2.48053e-10
5.87527e-06
-8.19134e-11
5.87529e-06
6.35284e-11
5.87528e-06
-3.69432e-10
5.87533e-06
-5.8699e-10
5.87536e-06
-9.68231e-10
5.87539e-06
-6.37513e-10
5.87541e-06
-3.77037e-10
5.87541e-06
-8.93265e-11
5.87539e-06
2.57828e-10
5.87543e-06
1.87535e-09
5.87552e-06
3.02805e-09
5.87553e-06
2.15051e-09
5.87553e-06
1.34681e-09
5.8755e-06
6.71763e-10
5.87549e-06
5.03858e-10
5.87547e-06
3.10669e-10
5.87545e-06
2.66497e-10
5.87544e-06
1.05037e-10
5.87544e-06
1.06919e-10
5.87543e-06
-5.25001e-12
5.87543e-06
2.8161e-11
5.87543e-06
-3.52765e-11
5.87543e-06
1.34886e-11
5.87542e-06
-4.25643e-11
5.87543e-06
1.4779e-11
5.87543e-06
-4.19336e-11
5.87543e-06
2.23223e-11
5.87543e-06
-3.68685e-11
5.87543e-06
2.66187e-11
5.87543e-06
-2.66929e-11
5.87544e-06
1.17618e-11
5.87544e-06
-2.34201e-11
5.87544e-06
-5.07025e-13
5.87544e-06
-3.62215e-11
5.87544e-06
-8.7081e-14
5.87544e-06
-4.29991e-11
5.87545e-06
7.89865e-12
5.87544e-06
-4.37315e-11
5.87545e-06
1.88568e-11
5.87544e-06
-3.83192e-11
5.87545e-06
2.50514e-11
5.87545e-06
-2.732e-11
5.87546e-06
1.25174e-11
5.87545e-06
-2.26058e-11
5.87546e-06
5.27381e-12
5.87546e-06
-2.73502e-11
5.87546e-06
2.07025e-12
5.87546e-06
-2.63702e-11
5.87546e-06
1.16658e-12
5.87546e-06
-2.41315e-11
5.87546e-06
1.81966e-12
5.87546e-06
-2.23515e-11
5.87547e-06
3.96542e-12
5.87547e-06
-2.12142e-11
5.87547e-06
6.26854e-12
5.87547e-06
-2.01279e-11
5.87547e-06
6.86846e-12
5.87547e-06
-1.82042e-11
5.87547e-06
6.876e-12
5.87547e-06
-1.45602e-11
5.87547e-06
1.14157e-11
5.87547e-06
-1.44815e-11
5.87547e-06
1.3412e-11
5.87547e-06
-1.44035e-11
5.87547e-06
1.32345e-11
5.87547e-06
-1.3152e-11
5.87547e-06
1.1625e-11
5.87547e-06
-2.47352e-11
5.87548e-06
-1.79837e-11
5.8755e-06
-1.62547e-10
-1.71215e-09
5.98505e-06
-2.99484e-09
5.98511e-06
-1.13897e-09
5.9852e-06
4.62067e-10
5.98521e-06
2.06238e-10
5.98519e-06
-1.52919e-10
5.98513e-06
-7.09629e-10
5.98508e-06
-5.4005e-10
5.98509e-06
1.11188e-09
5.98517e-06
2.37471e-09
5.98519e-06
1.7291e-09
5.98519e-06
8.83328e-10
5.98518e-06
4.60735e-10
5.98519e-06
2.22705e-10
5.98516e-06
-5.37659e-10
5.98512e-06
-1.04871e-09
5.98511e-06
-1.03679e-09
5.98509e-06
-1.19762e-09
5.98507e-06
-1.14396e-09
5.9851e-06
-1.34163e-09
5.98513e-06
-1.57022e-09
5.98514e-06
-9.3094e-10
5.98511e-06
-3.2742e-10
5.9851e-06
2.2853e-10
5.98506e-06
3.36736e-10
5.98504e-06
4.27223e-10
5.985e-06
3.08232e-10
5.98499e-06
4.23194e-10
5.98496e-06
1.52422e-10
5.98497e-06
2.59265e-10
5.98494e-06
-7.24321e-11
5.98495e-06
6.49457e-11
5.98494e-06
-3.75722e-10
5.98499e-06
-6.18469e-10
5.98502e-06
-1.01003e-09
5.98505e-06
-6.70243e-10
5.98506e-06
-3.92895e-10
5.98506e-06
-9.30149e-11
5.98504e-06
2.75018e-10
5.98508e-06
1.83997e-09
5.98516e-06
2.94922e-09
5.98517e-06
2.12724e-09
5.98517e-06
1.35733e-09
5.98515e-06
6.87434e-10
5.98514e-06
5.19467e-10
5.98512e-06
3.28367e-10
5.98511e-06
2.79745e-10
5.98509e-06
1.15504e-10
5.98509e-06
1.12933e-10
5.98508e-06
-1.0721e-12
5.98509e-06
2.97259e-11
5.98508e-06
-3.37408e-11
5.98508e-06
1.33606e-11
5.98508e-06
-4.19514e-11
5.98508e-06
1.40188e-11
5.98508e-06
-4.18335e-11
5.98508e-06
2.1213e-11
5.98508e-06
-3.66917e-11
5.98509e-06
2.5798e-11
5.98508e-06
-2.69153e-11
5.98509e-06
1.0559e-11
5.98509e-06
-2.40808e-11
5.98509e-06
-2.31003e-12
5.98509e-06
-3.72269e-11
5.98509e-06
-2.15515e-12
5.98509e-06
-4.41245e-11
5.9851e-06
5.85659e-12
5.98509e-06
-4.4703e-11
5.9851e-06
1.69555e-11
5.98509e-06
-3.88019e-11
5.9851e-06
2.37524e-11
5.9851e-06
-2.79722e-11
5.9851e-06
1.12321e-11
5.9851e-06
-2.36725e-11
5.98511e-06
3.83678e-12
5.98511e-06
-2.84974e-11
5.98511e-06
6.87894e-13
5.98511e-06
-2.73592e-11
5.98511e-06
-2.66777e-13
5.98511e-06
-2.47911e-11
5.98511e-06
2.47266e-13
5.98511e-06
-2.27212e-11
5.98511e-06
2.43904e-12
5.98511e-06
-2.15043e-11
5.98512e-06
4.84628e-12
5.98512e-06
-2.01804e-11
5.98512e-06
5.58203e-12
5.98512e-06
-1.80729e-11
5.98512e-06
5.84623e-12
5.98512e-06
-1.44363e-11
5.98512e-06
1.05126e-11
5.98512e-06
-1.42978e-11
5.98512e-06
1.27219e-11
5.98512e-06
-1.41754e-11
5.98512e-06
1.28086e-11
5.98512e-06
-1.29164e-11
5.98512e-06
1.12274e-11
5.98512e-06
-2.45537e-11
5.98512e-06
-2.11672e-11
5.98515e-06
-1.89443e-10
-1.67557e-09
6.08036e-06
-2.92542e-09
6.08041e-06
-1.20564e-09
6.08049e-06
3.77056e-10
6.0805e-06
2.01497e-10
6.08048e-06
-1.32776e-10
6.08043e-06
-6.5658e-10
6.08038e-06
-4.85221e-10
6.08039e-06
1.09564e-09
6.08046e-06
2.3041e-09
6.08049e-06
1.69976e-09
6.08049e-06
8.81724e-10
6.08049e-06
4.64316e-10
6.08049e-06
2.15492e-10
6.08047e-06
-5.12628e-10
6.08044e-06
-1.01185e-09
6.08042e-06
-1.01919e-09
6.0804e-06
-1.17142e-09
6.08038e-06
-1.13591e-09
6.08041e-06
-1.36383e-09
6.08044e-06
-1.59792e-09
6.08045e-06
-9.34977e-10
6.08042e-06
-3.09464e-10
6.08041e-06
2.49986e-10
6.08037e-06
3.64829e-10
6.08036e-06
4.49925e-10
6.08033e-06
3.34044e-10
6.08032e-06
4.45366e-10
6.08029e-06
1.73166e-10
6.08029e-06
2.69526e-10
6.08027e-06
-6.28314e-11
6.08028e-06
6.66126e-11
6.08027e-06
-3.8049e-10
6.08031e-06
-6.481e-10
6.08033e-06
-1.04896e-09
6.08037e-06
-7.01086e-10
6.08037e-06
-4.07484e-10
6.08038e-06
-9.63297e-11
6.08036e-06
2.90206e-10
6.08039e-06
1.80846e-09
6.08046e-06
2.87824e-09
6.08047e-06
2.1061e-09
6.08047e-06
1.36669e-09
6.08046e-06
7.01286e-10
6.08045e-06
5.32819e-10
6.08043e-06
3.44139e-10
6.08042e-06
2.91307e-10
6.0804e-06
1.25193e-10
6.0804e-06
1.18287e-10
6.0804e-06
2.89966e-12
6.0804e-06
3.10806e-11
6.08039e-06
-3.2077e-11
6.0804e-06
1.31766e-11
6.08039e-06
-4.10744e-11
6.0804e-06
1.32351e-11
6.08039e-06
-4.14312e-11
6.0804e-06
2.01086e-11
6.08039e-06
-3.61573e-11
6.0804e-06
2.50577e-11
6.0804e-06
-2.70139e-11
6.0804e-06
9.52975e-12
6.0804e-06
-2.48277e-11
6.0804e-06
-3.73398e-12
6.0804e-06
-3.83992e-11
6.0804e-06
-4.01989e-12
6.0804e-06
-4.50569e-11
6.08041e-06
3.83315e-12
6.0804e-06
-4.54198e-11
6.08041e-06
1.50758e-11
6.08041e-06
-3.89497e-11
6.08041e-06
2.25574e-11
6.08041e-06
-2.83428e-11
6.08042e-06
9.87258e-12
6.08041e-06
-2.42475e-11
6.08042e-06
2.23801e-12
6.08042e-06
-2.91542e-11
6.08042e-06
-8.02256e-13
6.08042e-06
-2.81156e-11
6.08042e-06
-1.53078e-12
6.08042e-06
-2.57186e-11
6.08042e-06
-7.42817e-13
6.08042e-06
-2.36913e-11
6.08042e-06
1.56801e-12
6.08042e-06
-2.23452e-11
6.08043e-06
4.07086e-12
6.08042e-06
-2.0936e-11
6.08043e-06
5.03649e-12
6.08043e-06
-1.86851e-11
6.08043e-06
5.46608e-12
6.08043e-06
-1.4869e-11
6.08043e-06
1.00407e-11
6.08043e-06
-1.44909e-11
6.08043e-06
1.22914e-11
6.08043e-06
-1.41514e-11
6.08043e-06
1.24536e-11
6.08043e-06
-1.27769e-11
6.08043e-06
1.0868e-11
6.08043e-06
-2.44703e-11
6.08043e-06
-2.4466e-11
6.08045e-06
-2.11918e-10
-1.64072e-09
6.16386e-06
-2.8659e-09
6.16391e-06
-1.26343e-09
6.16398e-06
3.00711e-10
6.16399e-06
1.97697e-10
6.16397e-06
-1.13242e-10
6.16392e-06
-6.06974e-10
6.16388e-06
-4.36025e-10
6.16389e-06
1.08164e-09
6.16395e-06
2.23878e-09
6.16398e-06
1.67153e-09
6.16398e-06
8.78626e-10
6.16398e-06
4.65174e-10
6.16399e-06
2.07716e-10
6.16397e-06
-4.91571e-10
6.16394e-06
-9.78683e-10
6.16392e-06
-1.0018e-09
6.1639e-06
-1.1473e-09
6.16389e-06
-1.12728e-09
6.16391e-06
-1.3858e-09
6.16394e-06
-1.6237e-09
6.16395e-06
-9.39981e-10
6.16393e-06
-2.92577e-10
6.16391e-06
2.68052e-10
6.16388e-06
3.90877e-10
6.16387e-06
4.68643e-10
6.16384e-06
3.58415e-10
6.16383e-06
4.63905e-10
6.1638e-06
1.94339e-10
6.16381e-06
2.77501e-10
6.16378e-06
-5.09275e-11
6.16379e-06
6.67926e-11
6.16378e-06
-3.82217e-10
6.16382e-06
-6.76939e-10
6.16384e-06
-1.08408e-09
6.16387e-06
-7.30029e-10
6.16388e-06
-4.19995e-10
6.16388e-06
-9.89053e-11
6.16387e-06
3.03855e-10
6.16389e-06
1.78053e-09
6.16396e-06
2.81453e-09
6.16397e-06
2.08837e-09
6.16397e-06
1.37446e-09
6.16395e-06
7.14626e-10
6.16395e-06
5.43997e-10
6.16393e-06
3.58861e-10
6.16392e-06
3.01046e-10
6.16391e-06
1.34404e-10
6.16391e-06
1.22374e-10
6.1639e-06
6.95976e-12
6.1639e-06
3.18363e-11
6.1639e-06
-3.00374e-11
6.1639e-06
1.26348e-11
6.1639e-06
-3.97077e-11
6.1639e-06
1.21289e-11
6.1639e-06
-4.04951e-11
6.1639e-06
1.8593e-11
6.1639e-06
-3.52122e-11
6.1639e-06
2.37625e-11
6.1639e-06
-2.67113e-11
6.1639e-06
8.12559e-12
6.1639e-06
-2.50001e-11
6.16391e-06
-5.48684e-12
6.1639e-06
-3.8697e-11
6.16391e-06
-6.08684e-12
6.1639e-06
-4.53308e-11
6.16391e-06
1.63522e-12
6.16391e-06
-4.54941e-11
6.16391e-06
1.28572e-11
6.16391e-06
-3.8611e-11
6.16391e-06
2.08449e-11
6.16391e-06
-2.84158e-11
6.16392e-06
8.40638e-12
6.16392e-06
-2.4771e-11
6.16392e-06
7.86146e-13
6.16392e-06
-2.9696e-11
6.16392e-06
-2.16545e-12
6.16392e-06
-2.85219e-11
6.16392e-06
-2.92807e-12
6.16392e-06
-2.58499e-11
6.16392e-06
-2.27068e-12
6.16392e-06
-2.35782e-11
6.16392e-06
4.55607e-14
6.16392e-06
-2.21818e-11
6.16392e-06
2.60689e-12
6.16392e-06
-2.05807e-11
6.16393e-06
3.67725e-12
6.16393e-06
-1.81996e-11
6.16393e-06
4.32003e-12
6.16393e-06
-1.44553e-11
6.16393e-06
8.93913e-12
6.16393e-06
-1.40392e-11
6.16393e-06
1.13414e-11
6.16393e-06
-1.36766e-11
6.16393e-06
1.17333e-11
6.16393e-06
-1.2329e-11
6.16393e-06
1.01589e-11
6.16393e-06
-2.40602e-11
6.16393e-06
-2.79183e-11
6.16395e-06
-2.32087e-10
-1.60701e-09
6.23738e-06
-2.80659e-09
6.23742e-06
-1.3171e-09
6.23749e-06
2.31678e-10
6.23749e-06
1.95064e-10
6.23747e-06
-9.34501e-11
6.23743e-06
-5.59361e-10
6.23738e-06
-3.89465e-10
6.23739e-06
1.06813e-09
6.23746e-06
2.17815e-09
6.23748e-06
1.6436e-09
6.23748e-06
8.73826e-10
6.23749e-06
4.64027e-10
6.23749e-06
1.99008e-10
6.23748e-06
-4.73102e-10
6.23745e-06
-9.48108e-10
6.23743e-06
-9.84862e-10
6.23741e-06
-1.12372e-09
6.2374e-06
-1.11907e-09
6.23743e-06
-1.40624e-09
6.23745e-06
-1.64904e-09
6.23746e-06
-9.45371e-10
6.23744e-06
-2.77154e-10
6.23743e-06
2.84793e-10
6.2374e-06
4.14635e-10
6.23739e-06
4.85744e-10
6.23736e-06
3.80407e-10
6.23735e-06
4.81458e-10
6.23733e-06
2.13863e-10
6.23733e-06
2.85072e-10
6.23731e-06
-4.03445e-11
6.23731e-06
6.75567e-11
6.23731e-06
-3.83885e-10
6.23734e-06
-7.04384e-10
6.23737e-06
-1.11823e-09
6.23739e-06
-7.57808e-10
6.2374e-06
-4.31973e-10
6.2374e-06
-1.01383e-10
6.23739e-06
3.15715e-10
6.23741e-06
1.75494e-09
6.23747e-06
2.75659e-09
6.23748e-06
2.07219e-09
6.23748e-06
1.3825e-09
6.23747e-06
7.27156e-10
6.23746e-06
5.5444e-10
6.23744e-06
3.72349e-10
6.23743e-06
3.09893e-10
6.23742e-06
1.42767e-10
6.23742e-06
1.26086e-10
6.23742e-06
1.0466e-11
6.23742e-06
3.24389e-11
6.23741e-06
-2.82821e-11
6.23742e-06
1.20951e-11
6.23741e-06
-3.84738e-11
6.23742e-06
1.11205e-11
6.23741e-06
-3.96154e-11
6.23742e-06
1.72577e-11
6.23741e-06
-3.42099e-11
6.23742e-06
2.27807e-11
6.23742e-06
-2.64545e-11
6.23742e-06
7.04482e-12
6.23742e-06
-2.53554e-11
6.23742e-06
-6.77529e-12
6.23742e-06
-3.93251e-11
6.23742e-06
-7.81993e-12
6.23742e-06
-4.56203e-11
6.23742e-06
-3.18583e-13
6.23742e-06
-4.55364e-11
6.23743e-06
1.09333e-11
6.23742e-06
-3.81396e-11
6.23743e-06
1.95459e-11
6.23743e-06
-2.83276e-11
6.23743e-06
7.08758e-12
6.23743e-06
-2.48912e-11
6.23743e-06
-6.48487e-13
6.23743e-06
-2.98399e-11
6.23743e-06
-3.46452e-12
6.23743e-06
-2.87657e-11
6.23743e-06
-4.00695e-12
6.23743e-06
-2.62867e-11
6.23744e-06
-3.10701e-12
6.23744e-06
-2.41048e-11
6.23744e-06
-7.3255e-13
6.23744e-06
-2.26087e-11
6.23744e-06
1.88034e-12
6.23744e-06
-2.09656e-11
6.23744e-06
3.1325e-12
6.23744e-06
-1.8507e-11
6.23744e-06
3.89027e-12
6.23744e-06
-1.46593e-11
6.23744e-06
8.35184e-12
6.23744e-06
-1.40435e-11
6.23744e-06
1.07467e-11
6.23744e-06
-1.35027e-11
6.23744e-06
1.11886e-11
6.23744e-06
-1.20731e-11
6.23744e-06
9.59666e-12
6.23744e-06
-2.38731e-11
6.23744e-06
-3.13155e-11
6.23746e-06
-2.49104e-10
-1.57535e-09
6.30226e-06
-2.75622e-09
6.3023e-06
-1.3643e-09
6.30236e-06
1.69098e-10
6.30236e-06
1.93413e-10
6.30234e-06
-7.3834e-11
6.3023e-06
-5.14007e-10
6.30226e-06
-3.46916e-10
6.30227e-06
1.05694e-09
6.30232e-06
2.12203e-09
6.30235e-06
1.61723e-09
6.30235e-06
8.68561e-10
6.30236e-06
4.61325e-10
6.30236e-06
1.90213e-10
6.30235e-06
-4.57843e-10
6.30232e-06
-9.20804e-10
6.30231e-06
-9.68655e-10
6.30229e-06
-1.10236e-09
6.30228e-06
-1.11047e-09
6.3023e-06
-1.4268e-09
6.30233e-06
-1.67301e-09
6.30234e-06
-9.51486e-10
6.30232e-06
-2.62135e-10
6.30231e-06
2.99127e-10
6.30228e-06
4.3719e-10
6.30227e-06
4.99644e-10
6.30225e-06
4.01239e-10
6.30224e-06
4.95652e-10
6.30222e-06
2.3354e-10
6.30222e-06
2.90304e-10
6.3022e-06
-2.79839e-11
6.3022e-06
6.66332e-11
6.3022e-06
-3.83178e-10
6.30223e-06
-7.31747e-10
6.30225e-06
-1.14971e-09
6.30228e-06
-7.84355e-10
6.30229e-06
-4.42328e-10
6.30229e-06
-1.03329e-10
6.30228e-06
3.26246e-10
6.3023e-06
1.73185e-09
6.30235e-06
2.70397e-09
6.30236e-06
2.05878e-09
6.30236e-06
1.38946e-09
6.30234e-06
7.39861e-10
6.30234e-06
5.63628e-10
6.30232e-06
3.85498e-10
6.30231e-06
3.1749e-10
6.30231e-06
1.50857e-10
6.3023e-06
1.28652e-10
6.3023e-06
1.39758e-11
6.3023e-06
3.23879e-11
6.3023e-06
-2.63116e-11
6.3023e-06
1.11132e-11
6.3023e-06
-3.69113e-11
6.3023e-06
9.72379e-12
6.3023e-06
-3.83365e-11
6.3023e-06
1.54831e-11
6.3023e-06
-3.29013e-11
6.3023e-06
2.12458e-11
6.3023e-06
-2.58649e-11
6.3023e-06
5.60416e-12
6.3023e-06
-2.51928e-11
6.3023e-06
-8.36281e-12
6.3023e-06
-3.91091e-11
6.30231e-06
-9.69626e-12
6.3023e-06
-4.52808e-11
6.30231e-06
-2.39201e-12
6.3023e-06
-4.49591e-11
6.30231e-06
8.74344e-12
6.3023e-06
-3.71987e-11
6.30231e-06
1.78073e-11
6.30231e-06
-2.79249e-11
6.30231e-06
5.72546e-12
6.30231e-06
-2.4937e-11
6.30231e-06
-1.89376e-12
6.30231e-06
-2.98582e-11
6.30231e-06
-4.59972e-12
6.30231e-06
-2.86677e-11
6.30231e-06
-5.17219e-12
6.30231e-06
-2.59559e-11
6.30231e-06
-4.41028e-12
6.30231e-06
-2.35671e-11
6.30232e-06
-2.06836e-12
6.30232e-06
-2.2061e-11
6.30232e-06
5.50209e-13
6.30232e-06
-2.02794e-11
6.30232e-06
1.86141e-12
6.30232e-06
-1.77484e-11
6.30232e-06
2.7802e-12
6.30232e-06
-1.40408e-11
6.30232e-06
7.20678e-12
6.30232e-06
-1.34277e-11
6.30232e-06
9.69201e-12
6.30232e-06
-1.28952e-11
6.30232e-06
1.03242e-11
6.30232e-06
-1.15348e-11
6.30232e-06
8.71814e-12
6.30232e-06
-2.33807e-11
6.30232e-06
-3.47937e-11
6.30234e-06
-2.64437e-10
-1.54484e-09
6.35954e-06
-2.70559e-09
6.35958e-06
-1.40965e-09
6.35963e-06
1.11852e-10
6.35963e-06
1.92987e-10
6.35961e-06
-5.37287e-11
6.35957e-06
-4.69759e-10
6.35953e-06
-3.05638e-10
6.35954e-06
1.04608e-09
6.35959e-06
2.06986e-09
6.35962e-06
1.59132e-09
6.35962e-06
8.62281e-10
6.35963e-06
4.57577e-10
6.35963e-06
1.80874e-10
6.35962e-06
-4.44242e-10
6.3596e-06
-8.95486e-10
6.35958e-06
-9.53159e-10
6.35956e-06
-1.08137e-09
6.35955e-06
-1.10246e-09
6.35958e-06
-1.44599e-09
6.3596e-06
-1.69721e-09
6.35961e-06
-9.57615e-10
6.35959e-06
-2.48269e-10
6.35958e-06
3.13134e-10
6.35956e-06
4.57945e-10
6.35955e-06
5.12913e-10
6.35953e-06
4.19785e-10
6.35952e-06
5.09569e-10
6.3595e-06
2.5114e-10
6.3595e-06
2.95634e-10
6.35948e-06
-1.78417e-11
6.35949e-06
6.65378e-11
6.35948e-06
-3.83379e-10
6.35951e-06
-7.5799e-10
6.35954e-06
-1.18151e-09
6.35956e-06
-8.10246e-10
6.35957e-06
-4.52682e-10
6.35957e-06
-1.05409e-10
6.35956e-06
3.35156e-10
6.35958e-06
1.71013e-09
6.35963e-06
2.65552e-09
6.35964e-06
2.04597e-09
6.35963e-06
1.39708e-09
6.35962e-06
7.51972e-10
6.35961e-06
5.72845e-10
6.3596e-06
3.97816e-10
6.35959e-06
3.24808e-10
6.35958e-06
1.58178e-10
6.35958e-06
1.31159e-10
6.35958e-06
1.67993e-11
6.35958e-06
3.22914e-11
6.35958e-06
-2.48625e-11
6.35958e-06
1.01962e-11
6.35958e-06
-3.57414e-11
6.35958e-06
8.51036e-12
6.35958e-06
-3.7365e-11
6.35958e-06
1.39998e-11
6.35958e-06
-3.17482e-11
6.35958e-06
2.01744e-11
6.35958e-06
-2.54349e-11
6.35958e-06
4.58479e-12
6.35958e-06
-2.52764e-11
6.35958e-06
-9.43439e-12
6.35958e-06
-3.93397e-11
6.35959e-06
-1.11608e-11
6.35958e-06
-4.50995e-11
6.35959e-06
-4.06866e-12
6.35958e-06
-4.45019e-11
6.35959e-06
7.0337e-12
6.35958e-06
-3.62614e-11
6.35959e-06
1.66938e-11
6.35959e-06
-2.74374e-11
6.35959e-06
4.66573e-12
6.35959e-06
-2.4636e-11
6.35959e-06
-2.99709e-12
6.35959e-06
-2.95355e-11
6.35959e-06
-5.55061e-12
6.35959e-06
-2.84462e-11
6.35959e-06
-5.9162e-12
6.35959e-06
-2.59481e-11
6.35959e-06
-4.95186e-12
6.35959e-06
-2.36966e-11
6.35959e-06
-2.61102e-12
6.35959e-06
-2.21289e-11
6.35959e-06
8.35658e-15
6.35959e-06
-2.03568e-11
6.35959e-06
1.4432e-12
6.35959e-06
-1.78184e-11
6.35959e-06
2.41925e-12
6.35959e-06
-1.40842e-11
6.35959e-06
6.6222e-12
6.35959e-06
-1.33217e-11
6.35959e-06
9.05055e-12
6.35959e-06
-1.26549e-11
6.3596e-06
9.70216e-12
6.35959e-06
-1.12489e-11
6.3596e-06
8.06024e-12
6.35959e-06
-2.31913e-11
6.3596e-06
-3.81171e-11
6.35961e-06
-2.77414e-10
-1.51594e-09
6.41001e-06
-2.66296e-09
6.41005e-06
-1.45023e-09
6.4101e-06
5.94511e-11
6.4101e-06
1.93379e-10
6.41008e-06
-3.37155e-11
6.41004e-06
-4.27149e-10
6.41e-06
-2.67415e-10
6.41001e-06
1.03741e-09
6.41006e-06
2.02154e-09
6.41008e-06
1.56708e-09
6.41009e-06
8.56076e-10
6.41009e-06
4.53005e-10
6.4101e-06
1.71835e-10
6.41009e-06
-4.33042e-10
6.41007e-06
-8.72843e-10
6.41006e-06
-9.38471e-10
6.41004e-06
-1.06245e-09
6.41003e-06
-1.09416e-09
6.41005e-06
-1.46554e-09
6.41007e-06
-1.72056e-09
6.41008e-06
-9.64292e-10
6.41007e-06
-2.34443e-10
6.41006e-06
3.2539e-10
6.41003e-06
4.7804e-10
6.41003e-06
5.23692e-10
6.41001e-06
4.37467e-10
6.41e-06
5.20582e-10
6.40998e-06
2.68774e-10
6.40998e-06
2.98824e-10
6.40997e-06
-6.29842e-12
6.40997e-06
6.47394e-11
6.40997e-06
-3.81733e-10
6.40999e-06
-7.84526e-10
6.41002e-06
-1.21148e-09
6.41005e-06
-8.35341e-10
6.41005e-06
-4.61773e-10
6.41005e-06
-1.07139e-10
6.41004e-06
3.42873e-10
6.41006e-06
1.69022e-09
6.41011e-06
2.61103e-09
6.41012e-06
2.03521e-09
6.41011e-06
1.4037e-09
6.4101e-06
7.64365e-10
6.41009e-06
5.81242e-10
6.41008e-06
4.1015e-10
6.41007e-06
3.31314e-10
6.41006e-06
1.65409e-10
6.41006e-06
1.32719e-10
6.41006e-06
1.96251e-11
6.41006e-06
3.15892e-11
6.41006e-06
-2.32908e-11
6.41006e-06
8.83092e-12
6.41006e-06
-3.43635e-11
6.41006e-06
6.89856e-12
6.41006e-06
-3.6113e-11
6.41006e-06
1.20892e-11
6.41006e-06
-3.03912e-11
6.41006e-06
1.85751e-11
6.41006e-06
-2.47338e-11
6.41006e-06
3.2353e-12
6.41006e-06
-2.48965e-11
6.41006e-06
-1.07701e-11
6.41006e-06
-3.8766e-11
6.41007e-06
-1.27104e-11
6.41006e-06
-4.43335e-11
6.41007e-06
-5.80386e-12
6.41006e-06
-4.34691e-11
6.41007e-06
5.13795e-12
6.41006e-06
-3.4896e-11
6.41007e-06
1.52197e-11
6.41007e-06
-2.66371e-11
6.41007e-06
3.62445e-12
6.41007e-06
-2.42569e-11
6.41007e-06
-3.87196e-12
6.41007e-06
-2.90932e-11
6.41007e-06
-6.30279e-12
6.41007e-06
-2.79036e-11
6.41007e-06
-6.70376e-12
6.41007e-06
-2.52117e-11
6.41007e-06
-5.89866e-12
6.41007e-06
-2.2796e-11
6.41007e-06
-3.63437e-12
6.41007e-06
-2.12643e-11
6.41007e-06
-1.06615e-12
6.41007e-06
-1.94123e-11
6.41007e-06
3.7272e-13
6.41007e-06
-1.68651e-11
6.41007e-06
1.45129e-12
6.41007e-06
-1.33412e-11
6.41007e-06
5.54305e-12
6.41007e-06
-1.26292e-11
6.41007e-06
8.00395e-12
6.41007e-06
-1.20073e-11
6.41007e-06
8.80605e-12
6.41007e-06
-1.0711e-11
6.41007e-06
7.1242e-12
6.41007e-06
-2.27197e-11
6.41007e-06
-4.14619e-11
6.41008e-06
-2.89098e-10
-1.48789e-09
6.45433e-06
-2.61965e-09
6.45437e-06
-1.49036e-09
6.45441e-06
1.10363e-11
6.45441e-06
1.94883e-10
6.45439e-06
-1.32104e-11
6.45435e-06
-3.85183e-10
6.45432e-06
-2.29742e-10
6.45432e-06
1.02894e-09
6.45437e-06
1.97656e-09
6.45439e-06
1.54334e-09
6.4544e-06
8.49241e-10
6.4544e-06
4.47953e-10
6.45441e-06
1.62564e-10
6.4544e-06
-4.22773e-10
6.45438e-06
-8.51607e-10
6.45437e-06
-9.24459e-10
6.45435e-06
-1.04372e-09
6.45434e-06
-1.08649e-09
6.45436e-06
-1.48392e-09
6.45439e-06
-1.74456e-09
6.4544e-06
-9.70786e-10
6.45438e-06
-2.21529e-10
6.45437e-06
3.37888e-10
6.45435e-06
4.96753e-10
6.45434e-06
5.34495e-10
6.45432e-06
4.53137e-10
6.45432e-06
5.31827e-10
6.4543e-06
2.84312e-10
6.4543e-06
3.02417e-10
6.45429e-06
2.64705e-12
6.45429e-06
6.38546e-11
6.45429e-06
-3.81475e-10
6.45432e-06
-8.10208e-10
6.45434e-06
-1.24256e-09
6.45436e-06
-8.60171e-10
6.45437e-06
-4.71207e-10
6.45437e-06
-1.09181e-10
6.45437e-06
3.49066e-10
6.45438e-06
1.67111e-09
6.45442e-06
2.56963e-09
6.45443e-06
2.02444e-09
6.45443e-06
1.41102e-09
6.45442e-06
7.76137e-10
6.45441e-06
5.8995e-10
6.45439e-06
4.21868e-10
6.45439e-06
3.37899e-10
6.45438e-06
1.72006e-10
6.45438e-06
1.34446e-10
6.45438e-06
2.17674e-11
6.45438e-06
3.09244e-11
6.45438e-06
-2.23284e-11
6.45438e-06
7.56103e-12
6.45438e-06
-3.34973e-11
6.45438e-06
5.49989e-12
6.45438e-06
-3.52905e-11
6.45438e-06
1.05048e-11
6.45438e-06
-2.92903e-11
6.45438e-06
1.75018e-11
6.45438e-06
-2.42428e-11
6.45438e-06
2.34728e-12
6.45438e-06
-2.47845e-11
6.45438e-06
-1.15739e-11
6.45438e-06
-3.86915e-11
6.45438e-06
-1.38232e-11
6.45438e-06
-4.37884e-11
6.45438e-06
-7.07492e-12
6.45438e-06
-4.26217e-11
6.45438e-06
3.80233e-12
6.45438e-06
-3.35885e-11
6.45438e-06
1.44698e-11
6.45438e-06
-2.57837e-11
6.45439e-06
2.95956e-12
6.45438e-06
-2.35547e-11
6.45439e-06
-4.54366e-12
6.45438e-06
-2.83343e-11
6.45439e-06
-6.81304e-12
6.45438e-06
-2.72499e-11
6.45438e-06
-7.0257e-12
6.45438e-06
-2.47965e-11
6.45438e-06
-6.06279e-12
6.45438e-06
-2.25693e-11
6.45438e-06
-3.8596e-12
6.45438e-06
-2.10197e-11
6.45438e-06
-1.34545e-12
6.45438e-06
-1.92338e-11
6.45438e-06
1.54379e-13
6.45438e-06
-1.67505e-11
6.45438e-06
1.22912e-12
6.45438e-06
-1.32754e-11
6.45438e-06
5.03197e-12
6.45438e-06
-1.24664e-11
6.45438e-06
7.38825e-12
6.45438e-06
-1.17538e-11
6.45438e-06
8.17785e-12
6.45438e-06
-1.04463e-11
6.45439e-06
6.44056e-12
6.45438e-06
-2.25822e-11
6.45439e-06
-4.46013e-11
6.4544e-06
-2.98911e-10
-1.46105e-09
6.493e-06
-2.58364e-09
6.49304e-06
-1.52688e-09
6.49308e-06
-3.36741e-11
6.49308e-06
1.97021e-10
6.49306e-06
7.15723e-12
6.49302e-06
-3.44533e-10
6.49298e-06
-1.9458e-10
6.49299e-06
1.02246e-09
6.49303e-06
1.93488e-09
6.49305e-06
1.52126e-09
6.49306e-06
8.42769e-10
6.49306e-06
4.42507e-10
6.49307e-06
1.5384e-10
6.49306e-06
-4.14285e-10
6.49304e-06
-8.32503e-10
6.49303e-06
-9.11167e-10
6.49301e-06
-1.02687e-09
6.49301e-06
-1.07857e-09
6.49303e-06
-1.50284e-09
6.49305e-06
-1.76807e-09
6.49306e-06
-9.77723e-10
6.49305e-06
-2.08408e-10
6.49304e-06
3.49046e-10
6.49302e-06
5.15197e-10
6.49301e-06
5.43329e-10
6.49299e-06
4.68244e-10
6.49299e-06
5.40579e-10
6.49297e-06
2.9994e-10
6.49297e-06
3.04083e-10
6.49296e-06
1.28274e-11
6.49296e-06
6.13021e-11
6.49296e-06
-3.79662e-10
6.49299e-06
-8.36441e-10
6.49301e-06
-1.27238e-09
6.49304e-06
-8.84517e-10
6.49304e-06
-4.79619e-10
6.49304e-06
-1.1101e-10
6.49304e-06
3.54152e-10
6.49306e-06
1.65337e-09
6.49309e-06
2.5313e-09
6.4931e-06
2.01523e-09
6.4931e-06
1.4173e-09
6.49308e-06
7.88121e-10
6.49308e-06
5.97981e-10
6.49306e-06
4.33756e-10
6.49306e-06
3.43929e-10
6.49305e-06
1.78657e-10
6.49305e-06
1.3539e-10
6.49305e-06
2.39551e-11
6.49305e-06
2.97172e-11
6.49305e-06
-2.12683e-11
6.49305e-06
5.85665e-12
6.49305e-06
-3.24777e-11
6.49305e-06
3.70248e-12
6.49305e-06
-3.42467e-11
6.49305e-06
8.4988e-12
6.49305e-06
-2.8038e-11
6.49305e-06
1.59157e-11
6.49305e-06
-2.35195e-11
6.49305e-06
1.1492e-12
6.49305e-06
-2.42446e-11
6.49305e-06
-1.26186e-11
6.49305e-06
-3.78283e-11
6.49305e-06
-1.49795e-11
6.49305e-06
-4.26843e-11
6.49305e-06
-8.37108e-12
6.49305e-06
-4.12237e-11
6.49305e-06
2.32014e-12
6.49305e-06
-3.18775e-11
6.49305e-06
1.33988e-11
6.49305e-06
-2.46231e-11
6.49305e-06
2.34532e-12
6.49305e-06
-2.27804e-11
6.49305e-06
-4.96976e-12
6.49305e-06
-2.74718e-11
6.49305e-06
-7.11296e-12
6.49305e-06
-2.63045e-11
6.49305e-06
-7.37679e-12
6.49305e-06
-2.36927e-11
6.49305e-06
-6.60427e-12
6.49305e-06
-2.13376e-11
6.49305e-06
-4.51977e-12
6.49305e-06
-1.98767e-11
6.49305e-06
-2.11772e-12
6.49305e-06
-1.80699e-11
6.49305e-06
-6.7235e-13
6.49305e-06
-1.56385e-11
6.49305e-06
4.48109e-13
6.49305e-06
-1.24447e-11
6.49305e-06
4.06877e-12
6.49305e-06
-1.17367e-11
6.49305e-06
6.4049e-12
6.49305e-06
-1.1106e-11
6.49305e-06
7.30887e-12
6.49305e-06
-9.94986e-12
6.49305e-06
5.50413e-12
6.49305e-06
-2.21695e-11
6.49305e-06
-4.77181e-11
6.49306e-06
-3.07666e-10
-1.43476e-09
6.52644e-06
-2.54659e-09
6.52648e-06
-1.5639e-09
6.52652e-06
-7.53163e-11
6.52651e-06
2.00162e-10
6.52649e-06
2.795e-11
6.52645e-06
-3.04278e-10
6.52642e-06
-1.59583e-10
6.52643e-06
1.016e-09
6.52646e-06
1.89601e-09
6.52649e-06
1.49964e-09
6.52649e-06
8.35865e-10
6.5265e-06
4.36898e-10
6.52651e-06
1.45069e-10
6.5265e-06
-4.06209e-10
6.52648e-06
-8.14317e-10
6.52647e-06
-8.98399e-10
6.52645e-06
-1.01001e-09
6.52644e-06
-1.07125e-09
6.52646e-06
-1.52074e-09
6.52649e-06
-1.79251e-09
6.5265e-06
-9.84356e-10
6.52648e-06
-1.96009e-10
6.52647e-06
3.60786e-10
6.52645e-06
5.32574e-10
6.52645e-06
5.52627e-10
6.52643e-06
4.81633e-10
6.52643e-06
5.49955e-10
6.52641e-06
3.13591e-10
6.52642e-06
3.06389e-10
6.5264e-06
2.02816e-11
6.52641e-06
5.97137e-11
6.5264e-06
-3.79472e-10
6.52643e-06
-8.62018e-10
6.52646e-06
-1.30382e-09
6.52648e-06
-9.08874e-10
6.52649e-06
-4.88602e-10
6.52649e-06
-1.1328e-10
6.52649e-06
3.57782e-10
6.5265e-06
1.63606e-09
6.52654e-06
2.49533e-09
6.52654e-06
2.0056e-09
6.52654e-06
1.42427e-09
6.52653e-06
7.99396e-10
6.52652e-06
6.06395e-10
6.52651e-06
4.45103e-10
6.5265e-06
3.50227e-10
6.52649e-06
1.84777e-10
6.52649e-06
1.36657e-10
6.52649e-06
2.5507e-11
6.52649e-06
2.86212e-11
6.52649e-06
-2.08339e-11
6.5265e-06
4.27837e-12
6.52649e-06
-3.20153e-11
6.5265e-06
2.14113e-12
6.52649e-06
-3.36871e-11
6.5265e-06
6.84509e-12
6.5265e-06
-2.7086e-11
6.5265e-06
1.48948e-11
6.5265e-06
-2.30167e-11
6.5265e-06
4.36669e-13
6.5265e-06
-2.3971e-11
6.5265e-06
-1.31238e-11
6.5265e-06
-3.74922e-11
6.5265e-06
-1.56971e-11
6.5265e-06
-4.18312e-11
6.5265e-06
-9.17478e-12
6.5265e-06
-4.00471e-11
6.5265e-06
1.43429e-12
6.52649e-06
-3.02564e-11
6.5265e-06
1.30968e-11
6.5265e-06
-2.34289e-11
6.5265e-06
2.13507e-12
6.5265e-06
-2.1699e-11
6.5265e-06
-5.17314e-12
6.52649e-06
-2.63073e-11
6.5265e-06
-7.15221e-12
6.52649e-06
-2.52544e-11
6.52649e-06
-7.25016e-12
6.52649e-06
-2.29097e-11
6.52649e-06
-6.36503e-12
6.52649e-06
-2.07941e-11
6.52649e-06
-4.40013e-12
6.52649e-06
-1.93616e-11
6.52649e-06
-2.10758e-12
6.52649e-06
-1.76776e-11
6.52649e-06
-6.6268e-13
6.52649e-06
-1.53781e-11
6.52649e-06
3.94165e-13
6.52649e-06
-1.23039e-11
6.52649e-06
3.66478e-12
6.52649e-06
-1.15472e-11
6.52649e-06
5.85293e-12
6.52649e-06
-1.08657e-11
6.52649e-06
6.71416e-12
6.52649e-06
-9.72953e-12
6.52649e-06
4.83536e-12
6.52649e-06
-2.21018e-11
6.52649e-06
-5.0605e-11
6.5265e-06
-3.1489e-10
-1.4094e-09
6.555e-06
-2.51625e-09
6.55504e-06
-1.59816e-09
6.55508e-06
-1.14079e-10
6.55507e-06
2.03816e-10
6.55505e-06
4.8536e-11
6.55501e-06
-2.6515e-10
6.55498e-06
-1.26753e-10
6.55499e-06
1.01131e-09
6.55502e-06
1.85996e-09
6.55504e-06
1.47958e-09
6.55505e-06
8.29445e-10
6.55505e-06
4.31132e-10
6.55506e-06
1.36955e-10
6.55505e-06
-3.99466e-10
6.55504e-06
-7.97808e-10
6.55503e-06
-8.86192e-10
6.55501e-06
-9.94788e-10
6.555e-06
-1.06364e-09
6.55502e-06
-1.5393e-09
6.55505e-06
-1.81678e-09
6.55506e-06
-9.91344e-10
6.55504e-06
-1.8321e-10
6.55503e-06
3.71463e-10
6.55502e-06
5.4994e-10
6.55501e-06
5.60355e-10
6.55499e-06
4.947e-10
6.55499e-06
5.5722e-10
6.55498e-06
3.27397e-10
6.55498e-06
3.07022e-10
6.55497e-06
2.89141e-11
6.55497e-06
5.65234e-11
6.55497e-06
-3.77922e-10
6.555e-06
-8.88279e-10
6.55502e-06
-1.33445e-09
6.55505e-06
-9.32942e-10
6.55505e-06
-4.96731e-10
6.55506e-06
-1.15436e-10
6.55505e-06
3.60375e-10
6.55507e-06
1.61986e-09
6.5551e-06
2.46186e-09
6.55511e-06
1.99719e-09
6.5551e-06
1.43016e-09
6.55509e-06
8.10787e-10
6.55508e-06
6.14168e-10
6.55507e-06
4.56648e-10
6.55507e-06
3.56121e-10
6.55506e-06
1.91024e-10
6.55506e-06
1.3726e-10
6.55506e-06
2.71552e-11
6.55506e-06
2.70594e-11
6.55506e-06
-2.03003e-11
6.55506e-06
2.30618e-12
6.55506e-06
-3.14232e-11
6.55506e-06
2.07787e-13
6.55506e-06
-3.29386e-11
6.55506e-06
4.80532e-12
6.55506e-06
-2.60147e-11
6.55506e-06
1.33867e-11
6.55506e-06
-2.22942e-11
6.55507e-06
-5.573e-13
6.55506e-06
-2.32923e-11
6.55506e-06
-1.38469e-11
6.55506e-06
-3.63815e-11
6.55506e-06
-1.64244e-11
6.55506e-06
-4.04468e-11
6.55506e-06
-9.97912e-12
6.55506e-06
-3.83534e-11
6.55506e-06
4.34389e-13
6.55506e-06
-2.82699e-11
6.55506e-06
1.24916e-11
6.55506e-06
-2.19404e-11
6.55506e-06
1.99106e-12
6.55506e-06
-2.05673e-11
6.55506e-06
-5.13016e-12
6.55506e-06
-2.50684e-11
6.55506e-06
-6.98475e-12
6.55506e-06
-2.39522e-11
6.55506e-06
-7.15458e-12
6.55505e-06
-2.14852e-11
6.55505e-06
-6.49447e-12
6.55505e-06
-1.92818e-11
6.55505e-06
-4.69275e-12
6.55505e-06
-1.79885e-11
6.55505e-06
-2.56989e-12
6.55505e-06
-1.63396e-11
6.55505e-06
-1.23567e-12
6.55505e-06
-1.41499e-11
6.55505e-06
-1.87162e-13
6.55505e-06
-1.14227e-11
6.55505e-06
2.83907e-12
6.55505e-06
-1.08106e-11
6.55505e-06
4.9623e-12
6.55505e-06
-1.02442e-11
6.55505e-06
5.90622e-12
6.55505e-06
-9.29441e-12
6.55505e-06
3.93689e-12
6.55505e-06
-2.17641e-11
6.55506e-06
-5.34343e-11
6.55506e-06
-3.21237e-10
-1.3843e-09
6.57898e-06
-2.48458e-09
6.57901e-06
-1.6336e-09
6.57905e-06
-1.50428e-10
6.57904e-06
2.08394e-10
6.57902e-06
6.94875e-11
6.57898e-06
-2.26257e-10
6.57895e-06
-9.38817e-11
6.57896e-06
1.00649e-09
6.57899e-06
1.82624e-09
6.57901e-06
1.45987e-09
6.57901e-06
8.22669e-10
6.57902e-06
4.2535e-10
6.57903e-06
1.28884e-10
6.57902e-06
-3.92788e-10
6.57901e-06
-7.81827e-10
6.57899e-06
-8.74325e-10
6.57898e-06
-9.79356e-10
6.57897e-06
-1.05651e-09
6.57899e-06
-1.55696e-09
6.57902e-06
-1.84218e-09
6.57903e-06
-9.97964e-10
6.57901e-06
-1.70957e-10
6.579e-06
3.82937e-10
6.57899e-06
5.66508e-10
6.57898e-06
5.6882e-10
6.57897e-06
5.06338e-10
6.57896e-06
5.65369e-10
6.57895e-06
3.39443e-10
6.57895e-06
3.08436e-10
6.57894e-06
3.48446e-11
6.57895e-06
5.43291e-11
6.57894e-06
-3.78029e-10
6.57897e-06
-9.1407e-10
6.579e-06
-1.36701e-09
6.57902e-06
-9.57237e-10
6.57903e-06
-5.05559e-10
6.57903e-06
-1.18109e-10
6.57903e-06
3.61572e-10
6.57904e-06
1.60386e-09
6.57907e-06
2.43023e-09
6.57908e-06
1.98813e-09
6.57908e-06
1.43668e-09
6.57907e-06
8.21407e-10
6.57906e-06
6.22291e-10
6.57905e-06
4.67673e-10
6.57904e-06
3.62351e-10
6.57903e-06
1.96818e-10
6.57903e-06
1.38278e-10
6.57903e-06
2.82245e-11
6.57903e-06
2.56566e-11
6.57903e-06
-2.03623e-11
6.57904e-06
4.83426e-13
6.57903e-06
-3.13762e-11
6.57904e-06
-1.47336e-12
6.57904e-06
-3.26681e-11
6.57904e-06
3.12917e-12
6.57904e-06
-2.52339e-11
6.57904e-06
1.24693e-11
6.57904e-06
-2.17787e-11
6.57904e-06
-1.05549e-12
6.57904e-06
-2.28619e-11
6.57904e-06
-1.40318e-11
6.57904e-06
-3.58042e-11
6.57904e-06
-1.67301e-11
6.57904e-06
-3.93206e-11
6.57904e-06
-1.02981e-11
6.57904e-06
-3.68936e-11
6.57904e-06
1.93864e-14
6.57903e-06
-2.63856e-11
6.57903e-06
1.26558e-11
6.57903e-06
-2.04388e-11
6.57903e-06
2.23809e-12
6.57903e-06
-1.91465e-11
6.57903e-06
-4.87966e-12
6.57903e-06
-2.35442e-11
6.57903e-06
-6.57269e-12
6.57903e-06
-2.25569e-11
6.57903e-06
-6.6006e-12
6.57903e-06
-2.03872e-11
6.57903e-06
-5.86951e-12
6.57903e-06
-1.84732e-11
6.57902e-06
-4.24228e-12
6.57902e-06
-1.72512e-11
6.57902e-06
-2.27954e-12
6.57902e-06
-1.57765e-11
6.57902e-06
-1.00139e-12
6.57902e-06
-1.37797e-11
6.57902e-06
-7.06139e-14
6.57902e-06
-1.12354e-11
6.57902e-06
2.55368e-12
6.57902e-06
-1.06131e-11
6.57902e-06
4.49237e-12
6.57902e-06
-1.00293e-11
6.57902e-06
5.36662e-12
6.57902e-06
-9.12586e-12
6.57902e-06
3.30834e-12
6.57902e-06
-2.17658e-11
6.57903e-06
-5.60275e-11
6.57903e-06
-3.2628e-10
-1.35991e-09
6.5986e-06
-2.45911e-09
6.59863e-06
-1.66695e-09
6.59867e-06
-1.84533e-10
6.59866e-06
2.13421e-10
6.59864e-06
9.01948e-11
6.5986e-06
-1.88344e-10
6.59857e-06
-6.29331e-11
6.59857e-06
1.00318e-09
6.59861e-06
1.79489e-09
6.59862e-06
1.44156e-09
6.59863e-06
8.16391e-10
6.59864e-06
4.19519e-10
6.59864e-06
1.21488e-10
6.59864e-06
-3.87121e-10
6.59862e-06
-7.67153e-10
6.59861e-06
-8.62852e-10
6.5986e-06
-9.65299e-10
6.59859e-06
-1.049e-09
6.59861e-06
-1.57532e-09
6.59864e-06
-1.86766e-09
6.59864e-06
-1.00486e-09
6.59863e-06
-1.58171e-10
6.59862e-06
3.93591e-10
6.5986e-06
5.83256e-10
6.5986e-06
5.7602e-10
6.59858e-06
5.17841e-10
6.59858e-06
5.71726e-10
6.59857e-06
3.51727e-10
6.59857e-06
3.08413e-10
6.59856e-06
4.18803e-11
6.59857e-06
5.0693e-11
6.59856e-06
-3.76875e-10
6.59859e-06
-9.40628e-10
6.59862e-06
-1.39912e-09
6.59864e-06
-9.81389e-10
6.59865e-06
-5.1364e-10
6.59865e-06
-1.20715e-10
6.59865e-06
3.61802e-10
6.59867e-06
1.58879e-09
6.5987e-06
2.40068e-09
6.5987e-06
1.98003e-09
6.5987e-06
1.44215e-09
6.59869e-06
8.32044e-10
6.59868e-06
6.29775e-10
6.59867e-06
4.78876e-10
6.59866e-06
3.68248e-10
6.59866e-06
2.0277e-10
6.59866e-06
1.38731e-10
6.59866e-06
2.94088e-11
6.59866e-06
2.38563e-11
6.59866e-06
-2.03071e-11
6.59866e-06
-1.68061e-12
6.59866e-06
-3.11942e-11
6.59866e-06
-3.48209e-12
6.59866e-06
-3.22086e-11
6.59866e-06
1.11237e-12
6.59866e-06
-2.43359e-11
6.59866e-06
1.11163e-11
6.59866e-06
-2.10586e-11
6.59866e-06
-1.80424e-12
6.59866e-06
-2.20437e-11
6.59866e-06
-1.44184e-11
6.59866e-06
-3.44672e-11
6.59866e-06
-1.70215e-11
6.59866e-06
-3.76933e-11
6.59866e-06
-1.06081e-11
6.59866e-06
-3.49536e-11
6.59866e-06
-5.00783e-13
6.59866e-06
-2.41775e-11
6.59866e-06
1.25311e-11
6.59866e-06
-1.86849e-11
6.59866e-06
2.55005e-12
6.59865e-06
-1.77104e-11
6.59865e-06
-4.39495e-12
6.59865e-06
-2.19867e-11
6.59865e-06
-5.97343e-12
6.59865e-06
-2.09623e-11
6.59865e-06
-6.09984e-12
6.59865e-06
-1.87085e-11
6.59865e-06
-5.62986e-12
6.59865e-06
-1.67445e-11
6.59865e-06
-4.20142e-12
6.59864e-06
-1.57059e-11
6.59864e-06
-2.46074e-12
6.59864e-06
-1.43146e-11
6.59864e-06
-1.34341e-12
6.59864e-06
-1.24766e-11
6.59864e-06
-4.64647e-13
6.59864e-06
-1.03358e-11
6.59864e-06
1.8685e-12
6.59864e-06
-9.88861e-12
6.59864e-06
3.7065e-12
6.59864e-06
-9.44458e-12
6.59864e-06
4.63852e-12
6.59864e-06
-8.75774e-12
6.59864e-06
2.4695e-12
6.59864e-06
-2.15006e-11
6.59865e-06
-5.85338e-11
6.59865e-06
-3.30561e-10
-1.33544e-09
6.61406e-06
-2.43215e-09
6.6141e-06
-1.702e-09
6.61413e-06
-2.16698e-10
6.61412e-06
2.19338e-10
6.6141e-06
1.11233e-10
6.61406e-06
-1.50542e-10
6.61404e-06
-3.18436e-11
6.61404e-06
9.99618e-10
6.61407e-06
1.76541e-09
6.61408e-06
1.42344e-09
6.61409e-06
8.09763e-10
6.6141e-06
4.13718e-10
6.6141e-06
1.14163e-10
6.6141e-06
-3.81295e-10
6.61408e-06
-7.52712e-10
6.61407e-06
-8.51525e-10
6.61406e-06
-9.50864e-10
6.61405e-06
-1.04178e-09
6.61407e-06
-1.59288e-09
6.6141e-06
-1.89442e-09
6.61411e-06
-1.01134e-09
6.61409e-06
-1.45706e-10
6.61408e-06
4.05132e-10
6.61407e-06
5.99432e-10
6.61406e-06
5.84112e-10
6.61405e-06
5.28181e-10
6.61404e-06
5.79124e-10
6.61403e-06
3.62475e-10
6.61404e-06
3.09253e-10
6.61403e-06
4.64117e-11
6.61403e-06
4.79734e-11
6.61403e-06
-3.77293e-10
6.61406e-06
-9.66874e-10
6.61409e-06
-1.4334e-09
6.61411e-06
-1.00592e-09
6.61412e-06
-5.22458e-10
6.61412e-06
-1.23869e-10
6.61412e-06
3.60709e-10
6.61414e-06
1.5738e-09
6.61416e-06
2.37259e-09
6.61417e-06
1.97115e-09
6.61417e-06
1.44818e-09
6.61416e-06
8.41917e-10
6.61415e-06
6.37556e-10
6.61414e-06
4.89568e-10
6.61413e-06
3.74491e-10
6.61412e-06
2.08324e-10
6.61412e-06
1.39611e-10
6.61412e-06
3.0092e-11
6.61413e-06
2.22452e-11
6.61412e-06
-2.07919e-11
6.61413e-06
-3.67044e-12
6.61413e-06
-3.15076e-11
6.61413e-06
-5.21789e-12
6.61413e-06
-3.21827e-11
6.61413e-06
-5.21792e-13
6.61413e-06
-2.36882e-11
6.61413e-06
1.0352e-11
6.61413e-06
-2.04926e-11
6.61413e-06
-2.05329e-12
6.61413e-06
-2.14449e-11
6.61413e-06
-1.42717e-11
6.61413e-06
-3.36571e-11
6.61413e-06
-1.69223e-11
6.61413e-06
-3.63225e-11
6.61413e-06
-1.04633e-11
6.61413e-06
-3.32543e-11
6.61413e-06
-4.71818e-13
6.61412e-06
-2.20837e-11
6.61412e-06
1.31207e-11
6.61412e-06
-1.69242e-11
6.61412e-06
3.20812e-12
6.61412e-06
-1.60131e-11
6.61412e-06
-3.74639e-12
6.61412e-06
-2.01685e-11
6.61412e-06
-5.17372e-12
6.61411e-06
-1.92928e-11
6.61411e-06
-5.18056e-12
6.61411e-06
-1.73651e-11
6.61411e-06
-4.67335e-12
6.61411e-06
-1.57339e-11
6.61411e-06
-3.4635e-12
6.61411e-06
-1.48009e-11
6.61411e-06
-1.92481e-12
6.61411e-06
-1.36245e-11
6.61411e-06
-9.09761e-13
6.61411e-06
-1.20282e-11
6.61411e-06
-1.93993e-13
6.61411e-06
-1.01251e-11
6.61411e-06
1.70233e-12
6.61411e-06
-9.69202e-12
6.61411e-06
3.32559e-12
6.61411e-06
-9.25544e-12
6.61411e-06
4.16383e-12
6.61411e-06
-8.63792e-12
6.61411e-06
1.8967e-12
6.61411e-06
-2.15594e-11
6.61411e-06
-6.08102e-11
6.61411e-06
-3.33694e-10
-1.31152e-09
6.62553e-06
-2.41102e-09
6.62556e-06
-1.73558e-09
6.62559e-06
-2.47087e-10
6.62558e-06
2.25684e-10
6.62556e-06
1.32e-10
6.62553e-06
-1.13594e-10
6.6255e-06
-2.4958e-12
6.6255e-06
9.97351e-10
6.62553e-06
1.73788e-09
6.62554e-06
1.40651e-09
6.62555e-06
8.03595e-10
6.62556e-06
4.07899e-10
6.62556e-06
1.07482e-10
6.62556e-06
-3.76249e-10
6.62554e-06
-7.39297e-10
6.62553e-06
-8.40438e-10
6.62552e-06
-9.37563e-10
6.62551e-06
-1.03403e-09
6.62553e-06
-1.61112e-09
6.62556e-06
-1.92149e-09
6.62557e-06
-1.018e-09
6.62555e-06
-1.32533e-10
6.62554e-06
4.16006e-10
6.62553e-06
6.15923e-10
6.62552e-06
5.91161e-10
6.62551e-06
5.38539e-10
6.6255e-06
5.84979e-10
6.6255e-06
3.73529e-10
6.6255e-06
3.08867e-10
6.62549e-06
5.20696e-11
6.62549e-06
4.38995e-11
6.62549e-06
-3.76477e-10
6.62552e-06
-9.93935e-10
6.62555e-06
-1.46753e-09
6.62558e-06
-1.03039e-09
6.62558e-06
-5.30564e-10
6.62559e-06
-1.26961e-10
6.62559e-06
3.58743e-10
6.6256e-06
1.55964e-09
6.62563e-06
2.34623e-09
6.62563e-06
1.96302e-09
6.62563e-06
1.4532e-09
6.62562e-06
8.51774e-10
6.62561e-06
6.44704e-10
6.6256e-06
5.00407e-10
6.6256e-06
3.80451e-10
6.62559e-06
2.14052e-10
6.62559e-06
1.3997e-10
6.62559e-06
3.09112e-11
6.62559e-06
2.0294e-11
6.62559e-06
-2.11294e-11
6.62559e-06
-5.93992e-12
6.62559e-06
-3.16564e-11
6.6256e-06
-7.22208e-12
6.62559e-06
-3.19424e-11
6.6256e-06
-2.43315e-12
6.6256e-06
-2.29071e-11
6.6256e-06
9.19414e-12
6.6256e-06
-1.97066e-11
6.6256e-06
-2.52223e-12
6.6256e-06
-2.04679e-11
6.6256e-06
-1.43167e-11
6.62559e-06
-3.2102e-11
6.62559e-06
-1.6799e-11
6.62559e-06
-3.44825e-11
6.62559e-06
-1.03151e-11
6.62559e-06
-3.11178e-11
6.62559e-06
-5.52542e-13
6.62559e-06
-1.97171e-11
6.62559e-06
1.34001e-11
6.62559e-06
-1.49481e-11
6.62559e-06
3.91114e-12
6.62558e-06
-1.43482e-11
6.62558e-06
-2.89097e-12
6.62558e-06
-1.83681e-11
6.62558e-06
-4.2237e-12
6.62558e-06
-1.74821e-11
6.62558e-06
-4.35206e-12
6.62558e-06
-1.55034e-11
6.62557e-06
-4.13339e-12
6.62557e-06
-1.38552e-11
6.62557e-06
-3.14778e-12
6.62557e-06
-1.31373e-11
6.62557e-06
-1.87174e-12
6.62557e-06
-1.20786e-11
6.62557e-06
-1.05804e-12
6.62557e-06
-1.06776e-11
6.62557e-06
-4.30187e-13
6.62557e-06
-9.22677e-12
6.62557e-06
1.15244e-12
6.62557e-06
-8.98431e-12
6.62557e-06
2.64492e-12
6.62557e-06
-8.70403e-12
6.62557e-06
3.51764e-12
6.62557e-06
-8.32827e-12
6.62557e-06
1.12962e-12
6.62557e-06
-2.13527e-11
6.62557e-06
-6.29753e-11
6.62557e-06
-3.36125e-10
-1.28719e-09
6.6331e-06
-2.38833e-09
6.63314e-06
-1.77131e-09
6.63317e-06
-2.75866e-10
6.63316e-06
2.3285e-10
6.63314e-06
1.53011e-10
6.6331e-06
-7.66333e-11
6.63307e-06
2.71101e-11
6.63308e-06
9.94763e-10
6.6331e-06
1.7118e-09
6.63312e-06
1.38957e-09
6.63312e-06
7.97062e-10
6.63313e-06
4.02099e-10
6.63314e-06
1.00878e-10
6.63313e-06
-3.70886e-10
6.63312e-06
-7.25929e-10
6.63311e-06
-8.29371e-10
6.63309e-06
-9.23722e-10
6.63309e-06
-1.02628e-09
6.63311e-06
-1.62859e-09
6.63314e-06
-1.94997e-09
6.63314e-06
-1.02418e-09
6.63313e-06
-1.19452e-10
6.63312e-06
4.27801e-10
6.6331e-06
6.32019e-10
6.63309e-06
5.99197e-10
6.63308e-06
5.4796e-10
6.63308e-06
5.91965e-10
6.63307e-06
3.83294e-10
6.63307e-06
3.09414e-10
6.63307e-06
5.54216e-11
6.63307e-06
4.06773e-11
6.63307e-06
-3.77061e-10
6.6331e-06
-1.02084e-09
6.63313e-06
-1.50407e-09
6.63315e-06
-1.05538e-09
6.63316e-06
-5.39369e-10
6.63316e-06
-1.30562e-10
6.63317e-06
3.55586e-10
6.63318e-06
1.54549e-09
6.6332e-06
2.32094e-09
6.63321e-06
1.95396e-09
6.63321e-06
1.45877e-09
6.6332e-06
8.60925e-10
6.63319e-06
6.52113e-10
6.63318e-06
5.10754e-10
6.63317e-06
3.86774e-10
6.63317e-06
2.19455e-10
6.63317e-06
1.40734e-10
6.63317e-06
3.12723e-11
6.63317e-06
1.85421e-11
6.63317e-06
-2.19425e-11
6.63317e-06
-8.00501e-12
6.63317e-06
-3.22266e-11
6.63318e-06
-8.92017e-12
6.63317e-06
-3.20626e-11
6.63318e-06
-3.93674e-12
6.63318e-06
-2.23147e-11
6.63318e-06
8.62812e-12
6.63318e-06
-1.90205e-11
6.63318e-06
-2.48965e-12
6.63318e-06
-1.96822e-11
6.63318e-06
-1.38372e-11
6.63317e-06
-3.1068e-11
6.63317e-06
-1.63256e-11
6.63317e-06
-3.29002e-11
6.63317e-06
-9.75803e-12
6.63317e-06
-2.92311e-11
6.63317e-06
-1.41383e-13
6.63317e-06
-1.74812e-11
6.63317e-06
1.43221e-11
6.63316e-06
-1.29854e-11
6.63316e-06
4.89853e-12
6.63316e-06
-1.24601e-11
6.63316e-06
-1.92769e-12
6.63316e-06
-1.63428e-11
6.63316e-06
-3.13554e-12
6.63316e-06
-1.56235e-11
6.63315e-06
-3.16035e-12
6.63315e-06
-1.39962e-11
6.63315e-06
-2.92352e-12
6.63315e-06
-1.27148e-11
6.63315e-06
-2.18358e-12
6.63315e-06
-1.21247e-11
6.63315e-06
-1.13954e-12
6.63315e-06
-1.13049e-11
6.63315e-06
-4.63936e-13
6.63315e-06
-1.01766e-11
6.63314e-06
-3.7118e-14
6.63314e-06
-9.01097e-12
6.63314e-06
1.10591e-12
6.63314e-06
-8.79286e-12
6.63314e-06
2.3546e-12
6.63314e-06
-8.53373e-12
6.63315e-06
3.10697e-12
6.63314e-06
-8.24671e-12
6.63315e-06
6.2401e-13
6.63315e-06
-2.14536e-11
6.63315e-06
-6.49137e-11
6.63315e-06
-3.37462e-10
-1.26322e-09
6.63687e-06
-2.37122e-09
6.63691e-06
-1.80609e-09
6.63693e-06
-3.03291e-10
6.63693e-06
2.40145e-10
6.63691e-06
1.73518e-10
6.63687e-06
-4.02925e-11
6.63684e-06
5.54236e-11
6.63684e-06
9.93433e-10
6.63687e-06
1.68719e-09
6.63688e-06
1.37353e-09
6.63689e-06
7.90949e-10
6.6369e-06
3.9629e-10
6.6369e-06
9.49041e-11
6.6369e-06
-3.66118e-10
6.63688e-06
-7.13496e-10
6.63687e-06
-8.18545e-10
6.63686e-06
-9.10725e-10
6.63685e-06
-1.01767e-09
6.63687e-06
-1.64664e-09
6.6369e-06
-1.97904e-09
6.63691e-06
-1.03044e-09
6.6369e-06
-1.05558e-10
6.63688e-06
4.38998e-10
6.63687e-06
6.48535e-10
6.63686e-06
6.06435e-10
6.63685e-06
5.57504e-10
6.63685e-06
5.976e-10
6.63684e-06
3.93461e-10
6.63684e-06
3.08991e-10
6.63684e-06
5.98396e-11
6.63684e-06
3.62673e-11
6.63684e-06
-3.76334e-10
6.63687e-06
-1.0486e-09
6.6369e-06
-1.54091e-09
6.63692e-06
-1.08045e-09
6.63693e-06
-5.47431e-10
6.63693e-06
-1.33972e-10
6.63694e-06
3.51831e-10
6.63695e-06
1.53212e-09
6.63697e-06
2.29681e-09
6.63698e-06
1.94525e-09
6.63698e-06
1.46346e-09
6.63697e-06
8.70131e-10
6.63696e-06
6.58947e-10
6.63695e-06
5.21234e-10
6.63694e-06
3.92936e-10
6.63694e-06
2.25104e-10
6.63694e-06
1.41005e-10
6.63694e-06
3.17167e-11
6.63694e-06
1.64814e-11
6.63694e-06
-2.25827e-11
6.63694e-06
-1.02794e-11
6.63694e-06
-3.25886e-11
6.63695e-06
-1.08092e-11
6.63695e-06
-3.19246e-11
6.63695e-06
-5.63921e-12
6.63695e-06
-2.156e-11
6.63695e-06
7.73102e-12
6.63695e-06
-1.81134e-11
6.63695e-06
-2.64619e-12
6.63695e-06
-1.85306e-11
6.63695e-06
-1.35477e-11
6.63694e-06
-2.93114e-11
6.63694e-06
-1.58277e-11
6.63694e-06
-3.08912e-11
6.63694e-06
-9.21219e-12
6.63694e-06
-2.69597e-11
6.63694e-06
1.45021e-13
6.63693e-06
-1.50322e-11
6.63693e-06
1.4915e-11
6.63693e-06
-1.08714e-11
6.63693e-06
5.90586e-12
6.63693e-06
-1.06644e-11
6.63693e-06
-7.81783e-13
6.63693e-06
-1.44023e-11
6.63693e-06
-1.94238e-12
6.63692e-06
-1.36895e-11
6.63692e-06
-2.11081e-12
6.63692e-06
-1.20407e-11
6.63692e-06
-2.17772e-12
6.63692e-06
-1.07625e-11
6.63692e-06
-1.66418e-12
6.63692e-06
-1.04091e-11
6.63692e-06
-9.12099e-13
6.63691e-06
-9.72156e-12
6.63691e-06
-4.71134e-13
6.63691e-06
-8.80117e-12
6.63691e-06
-1.62248e-13
6.63691e-06
-8.12976e-12
6.63691e-06
6.93809e-13
6.63691e-06
-8.10997e-12
6.63691e-06
1.7802e-12
6.63691e-06
-8.00928e-12
6.63691e-06
2.53867e-12
6.63691e-06
-7.98486e-12
6.63691e-06
-5.88069e-14
6.63691e-06
-2.12967e-11
6.63692e-06
-6.67131e-11
6.63692e-06
-3.38052e-10
-1.23838e-09
6.63687e-06
-2.35234e-09
6.63691e-06
-1.84333e-09
6.63693e-06
-3.29419e-10
6.63692e-06
2.48366e-10
6.6369e-06
1.94372e-10
6.63687e-06
-3.76491e-12
6.63684e-06
8.40324e-11
6.63684e-06
9.91545e-10
6.63687e-06
1.66356e-09
6.63688e-06
1.35731e-09
6.63689e-06
7.84359e-10
6.63689e-06
3.90418e-10
6.6369e-06
8.89409e-11
6.63689e-06
-3.60978e-10
6.63688e-06
-7.00877e-10
6.63687e-06
-8.07477e-10
6.63686e-06
-8.96962e-10
6.63685e-06
-1.00878e-09
6.63687e-06
-1.66406e-09
6.6369e-06
-2.00974e-09
6.63691e-06
-1.03619e-09
6.63689e-06
-9.14471e-11
6.63688e-06
4.51181e-10
6.63686e-06
6.64935e-10
6.63686e-06
6.14732e-10
6.63685e-06
5.66228e-10
6.63684e-06
6.04337e-10
6.63683e-06
4.02535e-10
6.63684e-06
3.09482e-10
6.63683e-06
6.22732e-11
6.63684e-06
3.25837e-11
6.63683e-06
-3.76811e-10
6.63686e-06
-1.07639e-09
6.6369e-06
-1.58027e-09
6.63692e-06
-1.10609e-09
6.63693e-06
-5.56142e-10
6.63693e-06
-1.37865e-10
6.63694e-06
3.46859e-10
6.63695e-06
1.51863e-09
6.63697e-06
2.27362e-09
6.63698e-06
1.93567e-09
6.63698e-06
1.4687e-09
6.63697e-06
8.78763e-10
6.63696e-06
6.65978e-10
6.63695e-06
5.31217e-10
6.63695e-06
3.99409e-10
6.63694e-06
2.30426e-10
6.63694e-06
1.41613e-10
6.63694e-06
3.17995e-11
6.63694e-06
1.46354e-11
6.63694e-06
-2.36241e-11
6.63694e-06
-1.23175e-11
6.63694e-06
-3.32788e-11
6.63695e-06
-1.23504e-11
6.63695e-06
-3.20532e-11
6.63695e-06
-6.90405e-12
6.63695e-06
-2.0918e-11
6.63695e-06
7.40905e-12
6.63695e-06
-1.7223e-11
6.63695e-06
-2.30298e-12
6.63695e-06
-1.75405e-11
6.63695e-06
-1.27445e-11
6.63694e-06
-2.80707e-11
6.63694e-06
-1.50255e-11
6.63694e-06
-2.91388e-11
6.63694e-06
-8.31537e-12
6.63694e-06
-2.49476e-11
6.63694e-06
8.51778e-13
6.63693e-06
-1.27336e-11
6.63693e-06
1.60461e-11
6.63693e-06
-8.77268e-12
6.63693e-06
7.11581e-12
6.63693e-06
-8.68152e-12
6.63693e-06
3.8712e-13
6.63693e-06
-1.22778e-11
6.63693e-06
-6.78146e-13
6.63692e-06
-1.17394e-11
6.63692e-06
-7.51888e-13
6.63692e-06
-1.04596e-11
6.63692e-06
-8.04659e-13
6.63692e-06
-9.56835e-12
6.63692e-06
-5.49342e-13
6.63691e-06
-9.35423e-12
6.63691e-06
-4.15e-14
6.63691e-06
-8.91421e-12
6.63691e-06
2.42176e-13
6.63691e-06
-8.27789e-12
6.63691e-06
3.23546e-13
6.63691e-06
-7.91637e-12
6.63691e-06
7.55925e-13
6.63691e-06
-7.92946e-12
6.63691e-06
1.57735e-12
6.63691e-06
-7.85413e-12
6.63691e-06
2.1916e-12
6.63691e-06
-7.92697e-12
6.63691e-06
-4.89838e-13
6.63691e-06
-2.14216e-11
6.63691e-06
-6.83005e-11
6.63691e-06
-3.37739e-10
-1.21393e-09
6.6331e-06
-2.33849e-09
6.63314e-06
-1.87991e-09
6.63316e-06
-3.54517e-10
6.63315e-06
2.57469e-10
6.63313e-06
2.15316e-10
6.6331e-06
3.22094e-11
6.63307e-06
1.11032e-10
6.63307e-06
9.90136e-10
6.63309e-06
1.64101e-09
6.63311e-06
1.3419e-09
6.63311e-06
7.77925e-10
6.63312e-06
3.84387e-10
6.63313e-06
8.33639e-11
6.63312e-06
-3.56411e-10
6.63311e-06
-6.88665e-10
6.6331e-06
-7.96094e-10
6.63308e-06
-8.83675e-10
6.63308e-06
-9.99063e-10
6.63309e-06
-1.68233e-09
6.63313e-06
-2.04133e-09
6.63313e-06
-1.04194e-09
6.63312e-06
-7.62302e-11
6.63311e-06
4.63185e-10
6.63309e-06
6.82016e-10
6.63308e-06
6.22306e-10
6.63307e-06
5.74988e-10
6.63307e-06
6.09808e-10
6.63306e-06
4.11919e-10
6.63306e-06
3.0902e-10
6.63306e-06
6.58036e-11
6.63306e-06
2.79059e-11
6.63306e-06
-3.76071e-10
6.63309e-06
-1.10514e-09
6.63313e-06
-1.6199e-09
6.63315e-06
-1.13164e-09
6.63316e-06
-5.64159e-10
6.63316e-06
-1.41679e-10
6.63317e-06
3.40885e-10
6.63318e-06
1.50566e-09
6.6332e-06
2.25205e-09
6.63321e-06
1.92689e-09
6.63321e-06
1.47319e-09
6.6332e-06
8.87322e-10
6.63319e-06
6.72332e-10
6.63318e-06
5.41245e-10
6.63318e-06
4.05575e-10
6.63317e-06
2.35798e-10
6.63317e-06
1.41767e-10
6.63317e-06
3.20597e-11
6.63317e-06
1.25758e-11
6.63317e-06
-2.44443e-11
6.63317e-06
-1.44891e-11
6.63317e-06
-3.37e-11
6.63318e-06
-1.39972e-11
6.63318e-06
-3.18643e-11
6.63318e-06
-8.28591e-12
6.63318e-06
-2.00701e-11
6.63318e-06
6.81906e-12
6.63318e-06
-1.6096e-11
6.63318e-06
-2.12182e-12
6.63318e-06
-1.61911e-11
6.63317e-06
-1.21428e-11
6.63317e-06
-2.61281e-11
6.63317e-06
-1.41979e-11
6.63317e-06
-2.69993e-11
6.63317e-06
-7.45413e-12
6.63317e-06
-2.2604e-11
6.63317e-06
1.4089e-12
6.63316e-06
-1.02826e-11
6.63316e-06
1.68225e-11
6.63316e-06
-6.58197e-12
6.63316e-06
8.30537e-12
6.63316e-06
-6.84312e-12
6.63316e-06
1.67166e-12
6.63315e-06
-1.03072e-11
6.63315e-06
6.6209e-13
6.63315e-06
-9.79081e-12
6.63315e-06
4.29213e-13
6.63315e-06
-8.49492e-12
6.63315e-06
5.29706e-14
6.63315e-06
-7.60757e-12
6.63314e-06
7.495e-14
6.63314e-06
-7.63657e-12
6.63314e-06
2.86081e-13
6.63314e-06
-7.33857e-12
6.63314e-06
3.35849e-13
6.63314e-06
-6.91828e-12
6.63314e-06
3.07435e-13
6.63314e-06
-7.04351e-12
6.63314e-06
4.21728e-13
6.63314e-06
-7.26383e-12
6.63314e-06
1.08695e-12
6.63314e-06
-7.35771e-12
6.63314e-06
1.71606e-12
6.63314e-06
-7.6969e-12
6.63314e-06
-1.09663e-12
6.63314e-06
-2.12726e-11
6.63314e-06
-6.97367e-11
6.63314e-06
-3.37092e-10
-1.18869e-09
6.62552e-06
-2.3227e-09
6.62556e-06
-1.91924e-09
6.62558e-06
-3.78563e-10
6.62557e-06
2.67637e-10
6.62555e-06
2.36725e-10
6.62551e-06
6.85311e-11
6.62549e-06
1.38356e-10
6.62549e-06
9.87917e-10
6.62551e-06
1.61897e-09
6.62553e-06
1.32612e-09
6.62553e-06
7.70886e-10
6.62554e-06
3.78195e-10
6.62555e-06
7.77208e-11
6.62554e-06
-3.51438e-10
6.62553e-06
-6.76053e-10
6.62552e-06
-7.84195e-10
6.6255e-06
-8.69367e-10
6.62549e-06
-9.88748e-10
6.62551e-06
-1.70011e-09
6.62555e-06
-2.07479e-09
6.62555e-06
-1.04713e-09
6.62554e-06
-6.04763e-11
6.62552e-06
4.76205e-10
6.62551e-06
6.99205e-10
6.6255e-06
6.3096e-10
6.62549e-06
5.8298e-10
6.62549e-06
6.16319e-10
6.62548e-06
4.20378e-10
6.62548e-06
3.09451e-10
6.62548e-06
6.76692e-11
6.62548e-06
2.38448e-11
6.62548e-06
-3.76313e-10
6.62551e-06
-1.13407e-09
6.62555e-06
-1.66216e-09
6.62557e-06
-1.15778e-09
6.62558e-06
-5.72739e-10
6.62558e-06
-1.45924e-10
6.62559e-06
3.33669e-10
6.6256e-06
1.49248e-09
6.62562e-06
2.23134e-09
6.62563e-06
1.9173e-09
6.62563e-06
1.47822e-09
6.62562e-06
8.95431e-10
6.62561e-06
6.78815e-10
6.6256e-06
5.50768e-10
6.6256e-06
4.12003e-10
6.62559e-06
2.4084e-10
6.62559e-06
1.42187e-10
6.62559e-06
3.20567e-11
6.62559e-06
1.07539e-11
6.62559e-06
-2.55821e-11
6.6256e-06
-1.63733e-11
6.6256e-06
-3.43398e-11
6.6256e-06
-1.52345e-11
6.6256e-06
-3.1836e-11
6.6256e-06
-9.19055e-12
6.6256e-06
-1.92545e-11
6.6256e-06
6.78883e-12
6.6256e-06
-1.49062e-11
6.6256e-06
-1.44364e-12
6.6256e-06
-1.49827e-11
6.6256e-06
-1.10411e-11
6.62559e-06
-2.47059e-11
6.62559e-06
-1.31144e-11
6.62559e-06
-2.51241e-11
6.62559e-06
-6.30283e-12
6.62559e-06
-2.05365e-11
6.62559e-06
2.30982e-12
6.62558e-06
-8.00754e-12
6.62558e-06
1.80291e-11
6.62558e-06
-4.41316e-12
6.62558e-06
9.61338e-12
6.62558e-06
-4.85745e-12
6.62558e-06
2.89203e-12
6.62557e-06
-8.19709e-12
6.62557e-06
2.0039e-12
6.62557e-06
-7.86303e-12
6.62557e-06
1.86489e-12
6.62557e-06
-6.93276e-12
6.62557e-06
1.49696e-12
6.62557e-06
-6.43369e-12
6.62556e-06
1.24575e-12
6.62556e-06
-6.59783e-12
6.62556e-06
1.22428e-12
6.62556e-06
-6.55144e-12
6.62556e-06
1.13242e-12
6.62556e-06
-6.42126e-12
6.62556e-06
8.89474e-13
6.62556e-06
-6.83088e-12
6.62556e-06
5.37564e-13
6.62556e-06
-7.09154e-12
6.62556e-06
9.52654e-13
6.62556e-06
-7.22205e-12
6.62556e-06
1.45065e-12
6.62556e-06
-7.65023e-12
6.62556e-06
-1.45955e-12
6.62556e-06
-2.1383e-11
6.62556e-06
-7.09773e-11
6.62556e-06
-3.35717e-10
-1.16387e-09
6.61405e-06
-2.31185e-09
6.6141e-06
-1.95843e-09
6.61412e-06
-4.01909e-10
6.61411e-06
2.78445e-10
6.61409e-06
2.5801e-10
6.61405e-06
1.04508e-10
6.61402e-06
1.64462e-10
6.61403e-06
9.86134e-10
6.61405e-06
1.59759e-09
6.61406e-06
1.31085e-09
6.61407e-06
7.63946e-10
6.61407e-06
3.71828e-10
6.61408e-06
7.24613e-11
6.61408e-06
-3.46875e-10
6.61406e-06
-6.63782e-10
6.61405e-06
-7.71965e-10
6.61404e-06
-8.55254e-10
6.61403e-06
-9.77197e-10
6.61404e-06
-1.71861e-09
6.61408e-06
-2.10948e-09
6.61409e-06
-1.05222e-09
6.61407e-06
-4.34636e-11
6.61406e-06
4.89035e-10
6.61404e-06
7.17132e-10
6.61403e-06
6.39054e-10
6.61402e-06
5.91024e-10
6.61402e-06
6.21663e-10
6.61401e-06
4.29199e-10
6.61401e-06
3.09138e-10
6.61401e-06
7.0641e-11
6.61401e-06
1.88958e-11
6.61401e-06
-3.75157e-10
6.61404e-06
-1.16398e-09
6.61408e-06
-1.70512e-09
6.61411e-06
-1.18392e-09
6.61412e-06
-5.8053e-10
6.61412e-06
-1.4994e-10
6.61413e-06
3.25671e-10
6.61414e-06
1.47981e-09
6.61416e-06
2.21181e-09
6.61417e-06
1.90815e-09
6.61416e-06
1.48263e-09
6.61416e-06
9.03594e-10
6.61415e-06
6.84687e-10
6.61414e-06
5.60319e-10
6.61413e-06
4.18244e-10
6.61413e-06
2.46002e-10
6.61413e-06
1.42141e-10
6.61413e-06
3.21989e-11
6.61413e-06
8.7585e-12
6.61413e-06
-2.64451e-11
6.61413e-06
-1.82876e-11
6.61413e-06
-3.4628e-11
6.61413e-06
-1.64685e-11
6.61413e-06
-3.14179e-11
6.61413e-06
-1.0118e-11
6.61413e-06
-1.81914e-11
6.61413e-06
6.5363e-12
6.61413e-06
-1.34618e-11
6.61413e-06
-9.09906e-13
6.61413e-06
-1.34322e-11
6.61413e-06
-1.01673e-11
6.61413e-06
-2.26068e-11
6.61413e-06
-1.20219e-11
6.61412e-06
-2.29151e-11
6.61412e-06
-5.2162e-12
6.61412e-06
-1.8199e-11
6.61412e-06
3.03308e-12
6.61412e-06
-5.6465e-12
6.61412e-06
1.88345e-11
6.61411e-06
-2.20572e-12
6.61411e-06
1.08761e-11
6.61411e-06
-3.08874e-12
6.61411e-06
4.20914e-12
6.61411e-06
-6.32005e-12
6.61411e-06
3.37766e-12
6.61411e-06
-6.00964e-12
6.6141e-06
3.05862e-12
6.6141e-06
-5.05335e-12
6.6141e-06
2.34704e-12
6.6141e-06
-4.53661e-12
6.6141e-06
1.8761e-12
6.6141e-06
-4.94049e-12
6.6141e-06
1.56684e-12
6.6141e-06
-5.02694e-12
6.61409e-06
1.25503e-12
6.61409e-06
-5.09864e-12
6.61409e-06
9.31113e-13
6.61409e-06
-5.96894e-12
6.61409e-06
2.56308e-13
6.61409e-06
-6.44484e-12
6.61409e-06
5.32916e-13
6.61409e-06
-6.74767e-12
6.61409e-06
1.06664e-12
6.61409e-06
-7.43933e-12
6.61409e-06
-1.98841e-12
6.61409e-06
-2.12243e-11
6.61409e-06
-7.20325e-11
6.61409e-06
-3.33919e-10
-1.1377e-09
6.59859e-06
-2.29908e-09
6.59863e-06
-2.00088e-09
6.59865e-06
-4.24303e-10
6.59864e-06
2.90312e-10
6.59862e-06
2.79681e-10
6.59858e-06
1.40909e-10
6.59856e-06
1.90913e-10
6.59856e-06
9.83479e-10
6.59858e-06
1.57637e-09
6.59859e-06
1.29505e-09
6.5986e-06
7.56361e-10
6.59861e-06
3.65255e-10
6.59861e-06
6.7148e-11
6.59861e-06
-3.41811e-10
6.5986e-06
-6.50979e-10
6.59858e-06
-7.59068e-10
6.59857e-06
-8.39962e-10
6.59856e-06
-9.64688e-10
6.59858e-06
-1.73664e-09
6.59861e-06
-2.14625e-09
6.59862e-06
-1.05669e-09
6.5986e-06
-2.56622e-11
6.59859e-06
5.02803e-10
6.59857e-06
7.35248e-10
6.59856e-06
6.48171e-10
6.59855e-06
5.98373e-10
6.59855e-06
6.27984e-10
6.59854e-06
4.37286e-10
6.59854e-06
3.09733e-10
6.59854e-06
7.21951e-11
6.59855e-06
1.45016e-11
6.59854e-06
-3.74648e-10
6.59857e-06
-1.19417e-09
6.59862e-06
-1.75092e-09
6.59864e-06
-1.21069e-09
6.59865e-06
-5.88737e-10
6.59865e-06
-1.54294e-10
6.59866e-06
3.16512e-10
6.59867e-06
1.46696e-09
6.59869e-06
2.19294e-09
6.5987e-06
1.89809e-09
6.5987e-06
1.48756e-09
6.59869e-06
9.11404e-10
6.59868e-06
6.90647e-10
6.59867e-06
5.69387e-10
6.59867e-06
4.2476e-10
6.59866e-06
2.50905e-10
6.59866e-06
1.42312e-10
6.59866e-06
3.21307e-11
6.59866e-06
7.02757e-12
6.59866e-06
-2.75142e-11
6.59867e-06
-1.98354e-11
6.59867e-06
-3.49994e-11
6.59867e-06
-1.7216e-11
6.59867e-06
-3.10421e-11
6.59867e-06
-1.05272e-11
6.59867e-06
-1.70834e-11
6.59867e-06
6.83771e-12
6.59867e-06
-1.18983e-11
6.59866e-06
1.09199e-13
6.59866e-06
-1.20127e-11
6.59866e-06
-8.80056e-12
6.59866e-06
-2.10461e-11
6.59866e-06
-1.07324e-11
6.59866e-06
-2.09826e-11
6.59865e-06
-3.90688e-12
6.59865e-06
-1.61567e-11
6.59865e-06
4.01806e-12
6.59865e-06
-3.48945e-12
6.59865e-06
1.99725e-11
6.59865e-06
-4.45281e-14
6.59865e-06
1.21626e-11
6.59864e-06
-1.21179e-12
6.59864e-06
5.37246e-12
6.59864e-06
-4.33527e-12
6.59864e-06
4.66601e-12
6.59864e-06
-4.20426e-12
6.59864e-06
4.44989e-12
6.59863e-06
-3.60747e-12
6.59863e-06
3.76331e-12
6.59863e-06
-3.47084e-12
6.59863e-06
3.02583e-12
6.59863e-06
-3.99227e-12
6.59863e-06
2.51029e-12
6.59863e-06
-4.31375e-12
6.59863e-06
2.08323e-12
6.59863e-06
-4.65808e-12
6.59863e-06
1.56215e-12
6.59863e-06
-5.77805e-12
6.59863e-06
4.26115e-13
6.59863e-06
-6.29042e-12
6.59863e-06
4.63981e-13
6.59863e-06
-6.62513e-12
6.59863e-06
8.72135e-13
6.59863e-06
-7.39075e-12
6.59863e-06
-2.27496e-12
6.59863e-06
-2.1309e-11
6.59863e-06
-7.29055e-11
6.59862e-06
-3.31357e-10
-1.1119e-09
6.57896e-06
-2.29124e-09
6.57901e-06
-2.04376e-09
6.57903e-06
-4.46224e-10
6.57902e-06
3.02903e-10
6.579e-06
3.0121e-10
6.57896e-06
1.77049e-10
6.57893e-06
2.16209e-10
6.57894e-06
9.81038e-10
6.57896e-06
1.55549e-09
6.57897e-06
1.27955e-09
6.57898e-06
7.48799e-10
6.57899e-06
3.58479e-10
6.57899e-06
6.22002e-11
6.57899e-06
-3.36996e-10
6.57897e-06
-6.38299e-10
6.57896e-06
-7.45657e-10
6.57895e-06
-8.24603e-10
6.57893e-06
-9.50656e-10
6.57895e-06
-1.75533e-09
6.57899e-06
-2.18462e-09
6.579e-06
-1.06099e-09
6.57898e-06
-6.45817e-12
6.57896e-06
5.16436e-10
6.57894e-06
7.54117e-10
6.57894e-06
6.5675e-10
6.57893e-06
6.05742e-10
6.57892e-06
6.33195e-10
6.57892e-06
4.45728e-10
6.57892e-06
3.09718e-10
6.57892e-06
7.48326e-11
6.57892e-06
9.414e-12
6.57892e-06
-3.72547e-10
6.57895e-06
-1.22532e-09
6.579e-06
-1.79772e-09
6.57902e-06
-1.23745e-09
6.57903e-06
-5.9607e-10
6.57903e-06
-1.58344e-10
6.57904e-06
3.06587e-10
6.57905e-06
1.45464e-09
6.57907e-06
2.17513e-09
6.57908e-06
1.8883e-09
6.57907e-06
1.49198e-09
6.57907e-06
9.1925e-10
6.57906e-06
6.95992e-10
6.57905e-06
5.78453e-10
6.57905e-06
4.31133e-10
6.57904e-06
2.55947e-10
6.57904e-06
1.4205e-10
6.57904e-06
3.22136e-11
6.57904e-06
5.20452e-12
6.57904e-06
-2.82147e-11
6.57904e-06
-2.12862e-11
6.57904e-06
-3.49102e-11
6.57905e-06
-1.78443e-11
6.57904e-06
-3.01947e-11
6.57904e-06
-1.08705e-11
6.57904e-06
-1.56877e-11
6.57904e-06
6.9675e-12
6.57904e-06
-1.00887e-11
6.57904e-06
9.8586e-13
6.57904e-06
-1.02723e-11
6.57904e-06
-7.7001e-12
6.57904e-06
-1.88341e-11
6.57903e-06
-9.45858e-12
6.57903e-06
-1.87679e-11
6.57903e-06
-2.69947e-12
6.57903e-06
-1.3903e-11
6.57903e-06
4.79242e-12
6.57902e-06
-1.3085e-12
6.57902e-06
2.06761e-11
6.57902e-06
2.08387e-12
6.57902e-06
1.3373e-11
6.57902e-06
3.79436e-13
6.57902e-06
6.60497e-12
6.57902e-06
-2.6541e-12
6.57902e-06
5.94512e-12
6.57901e-06
-2.54237e-12
6.57901e-06
5.53909e-12
6.57901e-06
-1.90205e-12
6.57901e-06
4.50722e-12
6.57901e-06
-1.71646e-12
6.57901e-06
3.57948e-12
6.57901e-06
-2.45895e-12
6.57901e-06
2.80029e-12
6.57901e-06
-2.88513e-12
6.579e-06
2.17987e-12
6.579e-06
-3.39865e-12
6.579e-06
1.61447e-12
6.579e-06
-4.94422e-12
6.579e-06
1.84463e-13
6.579e-06
-5.66438e-12
6.579e-06
1.03774e-13
6.579e-06
-6.16292e-12
6.579e-06
5.66629e-13
6.579e-06
-7.184e-12
6.579e-06
-2.72376e-12
6.579e-06
-2.11217e-11
6.579e-06
-7.35706e-11
6.579e-06
-3.28353e-10
-1.08427e-09
6.55499e-06
-2.28144e-09
6.55504e-06
-2.0905e-09
6.55506e-06
-4.6729e-10
6.55504e-06
3.16625e-10
6.55502e-06
3.23087e-10
6.55499e-06
2.13679e-10
6.55496e-06
2.41805e-10
6.55496e-06
9.77576e-10
6.55498e-06
1.53444e-09
6.555e-06
1.26338e-09
6.55501e-06
7.40551e-10
6.55501e-06
3.51474e-10
6.55502e-06
5.72364e-11
6.55501e-06
-3.31543e-10
6.555e-06
-6.24867e-10
6.55499e-06
-7.31337e-10
6.55497e-06
-8.0787e-10
6.55496e-06
-9.35311e-10
6.55498e-06
-1.7736e-09
6.55502e-06
-2.22538e-09
6.55502e-06
-1.06464e-09
6.555e-06
1.37649e-11
6.55499e-06
5.30907e-10
6.55497e-06
7.73226e-10
6.55496e-06
6.66261e-10
6.55495e-06
6.12428e-10
6.55495e-06
6.39312e-10
6.55494e-06
4.53595e-10
6.55494e-06
3.10627e-10
6.55494e-06
7.63155e-11
6.55494e-06
4.85471e-12
6.55494e-06
-3.70737e-10
6.55497e-06
-1.25684e-09
6.55502e-06
-1.84757e-09
6.55505e-06
-1.26488e-09
6.55505e-06
-6.03702e-10
6.55506e-06
-1.62682e-10
6.55507e-06
2.95482e-10
6.55508e-06
1.44217e-09
6.55509e-06
2.15788e-09
6.55511e-06
1.87755e-09
6.5551e-06
1.4969e-09
6.55509e-06
9.26803e-10
6.55509e-06
7.01359e-10
6.55508e-06
5.87037e-10
6.55507e-06
4.37776e-10
6.55507e-06
2.60783e-10
6.55507e-06
1.41982e-10
6.55507e-06
3.21859e-11
6.55507e-06
3.71735e-12
6.55507e-06
-2.89809e-11
6.55507e-06
-2.22581e-11
6.55507e-06
-3.47549e-11
6.55507e-06
-1.78939e-11
6.55507e-06
-2.92767e-11
6.55507e-06
-1.06575e-11
6.55507e-06
-1.41829e-11
6.55507e-06
7.63658e-12
6.55507e-06
-8.1134e-12
6.55507e-06
2.32938e-12
6.55506e-06
-8.66931e-12
6.55506e-06
-6.1191e-12
6.55506e-06
-1.71934e-11
6.55506e-06
-8.04658e-12
6.55506e-06
-1.68518e-11
6.55506e-06
-1.33414e-12
6.55505e-06
-1.197e-11
6.55505e-06
5.75041e-12
6.55505e-06
6.38218e-13
6.55505e-06
2.16208e-11
6.55505e-06
4.14823e-12
6.55505e-06
1.45194e-11
6.55505e-06
2.04484e-12
6.55504e-06
7.59833e-12
6.55504e-06
-8.91005e-13
6.55504e-06
7.06221e-12
6.55504e-06
-9.55059e-13
6.55504e-06
6.77896e-12
6.55504e-06
-6.64315e-13
6.55504e-06
5.80628e-12
6.55503e-06
-8.44312e-13
6.55503e-06
4.63285e-12
6.55503e-06
-1.67151e-12
6.55503e-06
3.68806e-12
6.55503e-06
-2.30061e-12
6.55503e-06
2.99245e-12
6.55503e-06
-3.05362e-12
6.55503e-06
2.25727e-12
6.55503e-06
-4.80204e-12
6.55503e-06
3.9504e-13
6.55503e-06
-5.53627e-12
6.55503e-06
9.23772e-14
6.55503e-06
-6.05023e-12
6.55503e-06
4.36077e-13
6.55503e-06
-7.12398e-12
6.55503e-06
-2.92949e-12
6.55503e-06
-2.11644e-11
6.55503e-06
-7.40712e-11
6.55503e-06
-3.24583e-10
-1.05698e-09
6.52643e-06
-2.27662e-09
6.52648e-06
-2.13829e-09
6.5265e-06
-4.88166e-10
6.52648e-06
3.31147e-10
6.52646e-06
3.44787e-10
6.52642e-06
2.50152e-10
6.5264e-06
2.66304e-10
6.5264e-06
9.74071e-10
6.52642e-06
1.51343e-09
6.52644e-06
1.24736e-09
6.52645e-06
7.32268e-10
6.52645e-06
3.44284e-10
6.52646e-06
5.2671e-11
6.52645e-06
-3.26119e-10
6.52644e-06
-6.11264e-10
6.52642e-06
-7.16243e-10
6.52641e-06
-7.90767e-10
6.52639e-06
-9.18132e-10
6.52641e-06
-1.79252e-09
6.52645e-06
-2.2682e-09
6.52646e-06
-1.06808e-09
6.52644e-06
3.55425e-11
6.52642e-06
5.45199e-10
6.5264e-06
7.9307e-10
6.52639e-06
6.75244e-10
6.52639e-06
6.19053e-10
6.52638e-06
6.44395e-10
6.52638e-06
4.61827e-10
6.52638e-06
3.11081e-10
6.52638e-06
7.89547e-11
6.52638e-06
-2.51492e-13
6.52638e-06
-3.67112e-10
6.52641e-06
-1.2893e-09
6.52646e-06
-1.89877e-09
6.52648e-06
-1.29232e-09
6.52649e-06
-6.10415e-10
6.52649e-06
-1.66692e-10
6.5265e-06
2.8356e-10
6.52652e-06
1.43021e-09
6.52653e-06
2.14164e-09
6.52654e-06
1.8669e-09
6.52654e-06
1.50138e-09
6.52653e-06
9.34383e-10
6.52653e-06
7.06084e-10
6.52652e-06
5.95576e-10
6.52651e-06
4.44335e-10
6.5265e-06
2.65785e-10
6.5265e-06
1.41523e-10
6.52651e-06
3.23909e-11
6.52651e-06
2.26842e-12
6.52651e-06
-2.92536e-11
6.52651e-06
-2.29726e-11
6.52651e-06
-3.40203e-11
6.52651e-06
-1.7697e-11
6.52651e-06
-2.78181e-11
6.5265e-06
-1.03016e-11
6.5265e-06
-1.23667e-11
6.5265e-06
8.15868e-12
6.5265e-06
-5.88712e-12
6.5265e-06
3.5219e-12
6.5265e-06
-6.78059e-12
6.5265e-06
-4.86604e-12
6.52649e-06
-1.49299e-11
6.52649e-06
-6.67847e-12
6.52649e-06
-1.47172e-11
6.52649e-06
-1.05617e-13
6.52649e-06
-9.89158e-12
6.52649e-06
6.46725e-12
6.52648e-06
2.54795e-12
6.52648e-06
2.20927e-11
6.52648e-06
6.14322e-12
6.52648e-06
1.5583e-11
6.52648e-06
3.35162e-12
6.52648e-06
8.65647e-12
6.52648e-06
4.89996e-13
6.52648e-06
8.14974e-12
6.52648e-06
4.14495e-13
6.52647e-06
7.66024e-12
6.52647e-06
7.8198e-13
6.52647e-06
6.33733e-12
6.52647e-06
7.04715e-13
6.52647e-06
5.02248e-12
6.52647e-06
-3.1678e-13
6.52647e-06
3.84589e-12
6.52647e-06
-1.00523e-12
6.52647e-06
2.99221e-12
6.52647e-06
-1.87641e-12
6.52647e-06
2.26844e-12
6.52647e-06
-4.00888e-12
6.52647e-06
1.66623e-13
6.52647e-06
-4.93165e-12
6.52647e-06
-2.22152e-13
6.52647e-06
-5.59395e-12
6.52647e-06
2.07084e-13
6.52647e-06
-6.91654e-12
6.52647e-06
-3.29625e-12
6.52647e-06
-2.09313e-11
6.52647e-06
-7.4335e-11
6.52646e-06
-3.20371e-10
-1.02727e-09
6.49298e-06
-2.26977e-09
6.49304e-06
-2.19065e-09
6.49305e-06
-5.08252e-10
6.49304e-06
3.46849e-10
6.49302e-06
3.66741e-10
6.49298e-06
2.87166e-10
6.49296e-06
2.91038e-10
6.49296e-06
9.69411e-10
6.49298e-06
1.49199e-09
6.493e-06
1.23062e-09
6.49301e-06
7.23323e-10
6.49301e-06
3.36905e-10
6.49302e-06
4.82068e-11
6.49301e-06
-3.19863e-10
6.493e-06
-5.96636e-10
6.49298e-06
-6.99963e-10
6.49296e-06
-7.72068e-10
6.49295e-06
-8.99253e-10
6.49297e-06
-1.81112e-09
6.49301e-06
-2.31388e-09
6.49302e-06
-1.07089e-09
6.493e-06
5.84717e-11
6.49298e-06
5.60193e-10
6.49296e-06
8.13179e-10
6.49295e-06
6.85029e-10
6.49294e-06
6.24984e-10
6.49294e-06
6.503e-10
6.49293e-06
4.69673e-10
6.49293e-06
3.12485e-10
6.49293e-06
8.06567e-11
6.49293e-06
-4.7093e-12
6.49293e-06
-3.63328e-10
6.49296e-06
-1.32219e-09
6.49302e-06
-1.95327e-09
6.49304e-06
-1.32048e-09
6.49305e-06
-6.1733e-10
6.49305e-06
-1.70932e-10
6.49306e-06
2.70403e-10
6.49307e-06
1.41815e-09
6.49309e-06
2.1259e-09
6.4931e-06
1.85519e-09
6.49309e-06
1.50634e-09
6.49309e-06
9.41659e-10
6.49308e-06
7.10728e-10
6.49308e-06
6.03638e-10
6.49307e-06
4.51191e-10
6.49306e-06
2.70672e-10
6.49306e-06
1.41299e-10
6.49306e-06
3.26021e-11
6.49307e-06
1.27709e-12
6.49306e-06
-2.94043e-11
6.49307e-06
-2.30692e-11
6.49306e-06
-3.30557e-11
6.49306e-06
-1.6837e-11
6.49306e-06
-2.61893e-11
6.49306e-06
-9.37557e-12
6.49306e-06
-1.04012e-11
6.49306e-06
9.19628e-12
6.49306e-06
-3.50193e-12
6.49306e-06
5.14165e-12
6.49305e-06
-5.05222e-12
6.49305e-06
-3.14558e-12
6.49305e-06
-1.32884e-11
6.49305e-06
-5.23835e-12
6.49305e-06
-1.29038e-11
6.49304e-06
1.21221e-12
6.49304e-06
-8.15599e-12
6.49304e-06
7.28956e-12
6.49304e-06
4.19692e-12
6.49304e-06
2.27334e-11
6.49304e-06
8.03036e-12
6.49304e-06
1.64869e-11
6.49304e-06
4.71601e-12
6.49304e-06
9.38343e-12
6.49303e-06
1.94817e-12
6.49303e-06
9.00038e-12
6.49303e-06
1.70104e-12
6.49303e-06
8.65968e-12
6.49303e-06
1.73217e-12
6.49303e-06
7.44099e-12
6.49303e-06
1.30944e-12
6.49303e-06
5.91148e-12
6.49303e-06
2.46792e-13
6.49303e-06
4.6208e-12
6.49303e-06
-6.01208e-13
6.49302e-06
3.74349e-12
6.49302e-06
-1.66662e-12
6.49302e-06
2.88831e-12
6.49302e-06
-3.94263e-12
6.49302e-06
3.98808e-13
6.49302e-06
-4.84096e-12
6.49302e-06
-1.85603e-13
6.49302e-06
-5.49207e-12
6.49302e-06
1.36023e-13
6.49302e-06
-6.83898e-12
6.49302e-06
-3.41766e-12
6.49302e-06
-2.09163e-11
6.49302e-06
-7.44584e-11
6.49302e-06
-3.15395e-10
-9.97938e-10
6.45431e-06
-2.26802e-09
6.45437e-06
-2.24481e-09
6.45439e-06
-5.28439e-10
6.45437e-06
3.63408e-10
6.45435e-06
3.88416e-10
6.45431e-06
3.24102e-10
6.45429e-06
3.14721e-10
6.4543e-06
9.6449e-10
6.45432e-06
1.47034e-09
6.45433e-06
1.21396e-09
6.45434e-06
7.14382e-10
6.45435e-06
3.29436e-10
6.45435e-06
4.42752e-11
6.45435e-06
-3.13342e-10
6.45433e-06
-5.81486e-10
6.45432e-06
-6.8262e-10
6.4543e-06
-7.52668e-10
6.45427e-06
-8.78187e-10
6.45429e-06
-1.83046e-09
6.45434e-06
-2.36232e-09
6.45435e-06
-1.07356e-09
6.45433e-06
8.29718e-11
6.45431e-06
5.74949e-10
6.45429e-06
8.33992e-10
6.45428e-06
6.94254e-10
6.45427e-06
6.30783e-10
6.45427e-06
6.55221e-10
6.45426e-06
4.77923e-10
6.45426e-06
3.13595e-10
6.45426e-06
8.34992e-11
6.45426e-06
-9.34368e-12
6.45426e-06
-3.57374e-10
6.45429e-06
-1.35604e-09
6.45435e-06
-2.00957e-09
6.45437e-06
-1.34872e-09
6.45438e-06
-6.23311e-10
6.45438e-06
-1.74798e-10
6.45439e-06
2.56351e-10
6.45441e-06
1.40661e-09
6.45442e-06
2.11113e-09
6.45443e-06
1.84339e-09
6.45443e-06
1.51092e-09
6.45442e-06
9.48853e-10
6.45442e-06
7.14663e-10
6.45441e-06
6.11633e-10
6.4544e-06
4.58074e-10
6.4544e-06
2.75812e-10
6.4544e-06
1.40816e-10
6.4544e-06
3.31353e-11
6.4544e-06
5.10042e-13
6.4544e-06
-2.88757e-11
6.4544e-06
-2.27287e-11
6.45439e-06
-3.13796e-11
6.45439e-06
-1.56312e-11
6.45439e-06
-2.39688e-11
6.45439e-06
-8.25944e-12
6.45439e-06
-8.13248e-12
6.45439e-06
1.0102e-11
6.45438e-06
-9.41195e-13
6.45438e-06
6.56503e-12
6.45438e-06
-3.08599e-12
6.45438e-06
-1.83367e-12
6.45438e-06
-1.10515e-11
6.45438e-06
-3.88042e-12
6.45437e-06
-1.09288e-11
6.45437e-06
2.34816e-12
6.45437e-06
-6.33097e-12
6.45437e-06
7.84543e-12
6.45437e-06
5.75449e-12
6.45437e-06
2.28905e-11
6.45437e-06
9.76635e-12
6.45437e-06
1.72946e-11
6.45437e-06
5.66106e-12
6.45437e-06
1.01719e-11
6.45436e-06
2.95961e-12
6.45436e-06
9.80608e-12
6.45436e-06
2.71238e-12
6.45436e-06
9.25042e-12
6.45436e-06
2.85862e-12
6.45436e-06
7.68746e-12
6.45436e-06
2.59732e-12
6.45436e-06
6.07056e-12
6.45436e-06
1.37549e-12
6.45436e-06
4.59e-12
6.45436e-06
5.22979e-13
6.45436e-06
3.60007e-12
6.45436e-06
-5.9985e-13
6.45436e-06
2.81994e-12
6.45436e-06
-3.2076e-12
6.45436e-06
1.57472e-13
6.45436e-06
-4.26204e-12
6.45436e-06
-4.71076e-13
6.45436e-06
-5.03763e-12
6.45436e-06
-2.86034e-14
6.45436e-06
-6.61913e-12
6.45436e-06
-3.70523e-12
6.45436e-06
-2.0616e-11
6.45436e-06
-7.43208e-11
6.45435e-06
-3.09975e-10
-9.65589e-10
6.41e-06
-2.26419e-09
6.41006e-06
-2.30445e-09
6.41008e-06
-5.47967e-10
6.41006e-06
3.8118e-10
6.41004e-06
4.10191e-10
6.41e-06
3.6165e-10
6.40998e-06
3.38636e-10
6.40998e-06
9.58317e-10
6.41e-06
1.44805e-09
6.41002e-06
1.1966e-09
6.41003e-06
7.04892e-10
6.41004e-06
3.21918e-10
6.41004e-06
4.0668e-11
6.41003e-06
-3.05675e-10
6.41002e-06
-5.64938e-10
6.41e-06
-6.63735e-10
6.40998e-06
-7.31412e-10
6.40996e-06
-8.54996e-10
6.40998e-06
-1.84969e-09
6.41003e-06
-2.41434e-09
6.41003e-06
-1.07574e-09
6.41001e-06
1.08756e-10
6.40999e-06
5.9014e-10
6.40997e-06
8.55065e-10
6.40996e-06
7.04183e-10
6.40995e-06
6.35867e-10
6.40995e-06
6.60943e-10
6.40995e-06
4.86082e-10
6.40994e-06
3.15777e-10
6.40995e-06
8.57654e-11
6.40995e-06
-1.32195e-11
6.40994e-06
-3.50733e-10
6.40997e-06
-1.39047e-09
6.41003e-06
-2.06967e-09
6.41006e-06
-1.37786e-09
6.41006e-06
-6.29473e-10
6.41007e-06
-1.7889e-10
6.41008e-06
2.40955e-10
6.41009e-06
1.395e-09
6.4101e-06
2.0968e-09
6.41012e-06
1.83033e-09
6.41011e-06
1.51589e-09
6.41011e-06
9.55737e-10
6.4101e-06
7.18405e-10
6.41009e-06
6.19172e-10
6.41009e-06
4.65344e-10
6.41008e-06
2.80991e-10
6.41008e-06
1.40659e-10
6.41008e-06
3.39044e-11
6.41008e-06
4.03897e-13
6.41008e-06
-2.79959e-11
6.41008e-06
-2.16052e-11
6.41008e-06
-2.93261e-11
6.41008e-06
-1.36964e-11
6.41007e-06
-2.15249e-11
6.41007e-06
-6.60382e-12
6.41007e-06
-5.71731e-12
6.41007e-06
1.14501e-11
6.41007e-06
1.76848e-12
6.41006e-06
8.35788e-12
6.41006e-06
-1.33098e-12
6.41006e-06
-8.16415e-14
6.41006e-06
-9.51106e-12
6.41006e-06
-2.52319e-12
6.41006e-06
-9.31229e-12
6.41005e-06
3.5094e-12
6.41005e-06
-4.87829e-12
6.41005e-06
8.42983e-12
6.41005e-06
7.02796e-12
6.41005e-06
2.31396e-11
6.41005e-06
1.1389e-11
6.41005e-06
1.78673e-11
6.41005e-06
6.65647e-12
6.41005e-06
1.05555e-11
6.41005e-06
4.05249e-12
6.41005e-06
1.03186e-11
6.41005e-06
3.641e-12
6.41005e-06
9.94354e-12
6.41004e-06
3.46596e-12
6.41004e-06
8.53806e-12
6.41004e-06
2.88166e-12
6.41004e-06
6.74254e-12
6.41004e-06
1.66821e-12
6.41004e-06
5.20636e-12
6.41004e-06
7.05767e-13
6.41004e-06
4.25223e-12
6.41004e-06
-5.58157e-13
6.41004e-06
3.38618e-12
6.41004e-06
-3.23925e-12
6.41004e-06
3.90926e-13
6.41004e-06
-4.2189e-12
6.41004e-06
-3.9795e-13
6.41004e-06
-4.94818e-12
6.41004e-06
-4.67021e-14
6.41004e-06
-6.51736e-12
6.41004e-06
-3.74096e-12
6.41004e-06
-2.05272e-11
6.41004e-06
-7.40588e-11
6.41003e-06
-3.03786e-10
-9.33585e-10
6.35952e-06
-2.26573e-09
6.35958e-06
-2.36691e-09
6.3596e-06
-5.68034e-10
6.35958e-06
3.99838e-10
6.35956e-06
4.31533e-10
6.35953e-06
3.99276e-10
6.3595e-06
3.61681e-10
6.35951e-06
9.51732e-10
6.35953e-06
1.42535e-09
6.35955e-06
1.17936e-09
6.35956e-06
6.95538e-10
6.35957e-06
3.1452e-10
6.35957e-06
3.78521e-11
6.35956e-06
-2.97301e-10
6.35954e-06
-5.47393e-10
6.35952e-06
-6.43388e-10
6.3595e-06
-7.09088e-10
6.35947e-06
-8.29215e-10
6.35949e-06
-1.86987e-09
6.35955e-06
-2.47012e-09
6.35956e-06
-1.07794e-09
6.35953e-06
1.36217e-10
6.35951e-06
6.04838e-10
6.35949e-06
8.76799e-10
6.35948e-06
7.13609e-10
6.35948e-06
6.40762e-10
6.35947e-06
6.65857e-10
6.35947e-06
4.94887e-10
6.35946e-06
3.17975e-10
6.35947e-06
8.94552e-11
6.35946e-06
-1.70516e-11
6.35946e-06
-3.41496e-10
6.35949e-06
-1.42597e-09
6.35955e-06
-2.13237e-09
6.35958e-06
-1.4074e-09
6.35958e-06
-6.348e-10
6.35959e-06
-1.82659e-10
6.3596e-06
2.24516e-10
6.35961e-06
1.38394e-09
6.35963e-06
2.0833e-09
6.35964e-06
1.8168e-09
6.35963e-06
1.52041e-09
6.35963e-06
9.62513e-10
6.35963e-06
7.21385e-10
6.35962e-06
6.26651e-10
6.35961e-06
4.72816e-10
6.35961e-06
2.86597e-10
6.3596e-06
1.40417e-10
6.35961e-06
3.52739e-11
6.3596e-06
8.03241e-13
6.3596e-06
-2.62259e-11
6.3596e-06
-1.98493e-11
6.3596e-06
-2.64713e-11
6.3596e-06
-1.1342e-11
6.35959e-06
-1.85074e-11
6.35959e-06
-4.78065e-12
6.35959e-06
-3.05357e-12
6.35959e-06
1.26081e-11
6.35958e-06
4.62489e-12
6.35958e-06
9.89768e-12
6.35958e-06
5.82097e-13
6.35958e-06
1.15715e-12
6.35958e-06
-7.4288e-12
6.35958e-06
-1.29767e-12
6.35957e-06
-7.61752e-12
6.35957e-06
4.45253e-12
6.35957e-06
-3.40667e-12
6.35957e-06
8.71117e-12
6.35957e-06
8.16483e-12
6.35957e-06
2.28741e-11
6.35957e-06
1.28734e-11
6.35957e-06
1.83736e-11
6.35957e-06
7.17262e-12
6.35957e-06
1.10312e-11
6.35957e-06
4.6307e-12
6.35957e-06
1.07993e-11
6.35957e-06
4.23618e-12
6.35957e-06
1.01937e-11
6.35957e-06
4.22456e-12
6.35957e-06
8.44331e-12
6.35957e-06
3.87613e-12
6.35956e-06
6.62585e-12
6.35956e-06
2.53746e-12
6.35956e-06
4.94139e-12
6.35956e-06
1.63175e-12
6.35956e-06
3.92254e-12
6.35956e-06
3.81501e-13
6.35956e-06
3.2075e-12
6.35956e-06
-2.57413e-12
6.35956e-06
1.19286e-13
6.35956e-06
-3.6728e-12
6.35956e-06
-6.60868e-13
6.35956e-06
-4.49794e-12
6.35956e-06
-1.4277e-13
6.35956e-06
-6.28667e-12
6.35956e-06
-3.94323e-12
6.35956e-06
-2.01482e-11
6.35956e-06
-7.34937e-11
6.35956e-06
-2.97139e-10
-8.97781e-10
6.30224e-06
-2.26521e-09
6.30231e-06
-2.43608e-09
6.30233e-06
-5.87668e-10
6.30231e-06
4.19695e-10
6.30229e-06
4.52757e-10
6.30225e-06
4.37682e-10
6.30223e-06
3.851e-10
6.30224e-06
9.43929e-10
6.30226e-06
1.40189e-09
6.30228e-06
1.16159e-09
6.30229e-06
6.85919e-10
6.30229e-06
3.07366e-10
6.3023e-06
3.57411e-11
6.30229e-06
-2.87351e-10
6.30227e-06
-5.28009e-10
6.30225e-06
-6.21152e-10
6.30222e-06
-6.8462e-10
6.30219e-06
-8.00858e-10
6.30221e-06
-1.89042e-09
6.30228e-06
-2.53077e-09
6.30228e-06
-1.07999e-09
6.30225e-06
1.64904e-10
6.30224e-06
6.19791e-10
6.30221e-06
8.98877e-10
6.3022e-06
7.23698e-10
6.3022e-06
6.45054e-10
6.30219e-06
6.71567e-10
6.30219e-06
5.03866e-10
6.30219e-06
3.21428e-10
6.30219e-06
9.27589e-11
6.30218e-06
-1.95492e-11
6.30217e-06
-3.3085e-10
6.30221e-06
-1.46234e-09
6.30227e-06
-2.19966e-09
6.3023e-06
-1.43815e-09
6.30231e-06
-6.40328e-10
6.30231e-06
-1.86557e-10
6.30233e-06
2.06631e-10
6.30234e-06
1.37288e-09
6.30235e-06
2.07016e-09
6.30237e-06
1.80167e-09
6.30236e-06
1.52525e-09
6.30235e-06
9.68825e-10
6.30235e-06
7.2407e-10
6.30235e-06
6.3377e-10
6.30234e-06
4.80912e-10
6.30233e-06
2.92524e-10
6.30233e-06
1.40783e-10
6.30233e-06
3.7107e-11
6.30233e-06
2.14353e-12
6.30232e-06
-2.38121e-11
6.30232e-06
-1.71686e-11
6.30232e-06
-2.31263e-11
6.30232e-06
-8.28993e-12
6.30231e-06
-1.52762e-11
6.30231e-06
-2.49903e-12
6.30231e-06
-3.22208e-13
6.30231e-06
1.4118e-11
6.3023e-06
7.45775e-12
6.3023e-06
1.16849e-11
6.3023e-06
2.21112e-12
6.3023e-06
2.78734e-12
6.3023e-06
-6.11273e-12
6.3023e-06
-1.48207e-13
6.30229e-06
-6.29874e-12
6.30229e-06
5.3445e-12
6.30229e-06
-2.31696e-12
6.30229e-06
8.97442e-12
6.30229e-06
8.99543e-12
6.30229e-06
2.26739e-11
6.30229e-06
1.41359e-11
6.30229e-06
1.85467e-11
6.30229e-06
7.75542e-12
6.30229e-06
1.10235e-11
6.30229e-06
5.32312e-12
6.30229e-06
1.09313e-11
6.30229e-06
4.77734e-12
6.30229e-06
1.05402e-11
6.30229e-06
4.46252e-12
6.30229e-06
9.00226e-12
6.30229e-06
3.81741e-12
6.30229e-06
7.04683e-12
6.30229e-06
2.53693e-12
6.30229e-06
5.366e-12
6.30229e-06
1.57232e-12
6.30229e-06
4.44456e-12
6.30229e-06
2.38997e-13
6.30229e-06
3.69401e-12
6.30229e-06
-2.71279e-12
6.30229e-06
3.35851e-13
6.30229e-06
-3.68083e-12
6.30229e-06
-5.62134e-13
6.30229e-06
-4.41925e-12
6.30229e-06
-1.1423e-13
6.30229e-06
-6.15357e-12
6.30229e-06
-3.89448e-12
6.30229e-06
-1.99681e-11
6.30229e-06
-7.28278e-11
6.30228e-06
-2.89691e-10
-8.62279e-10
6.23736e-06
-2.27035e-09
6.23744e-06
-2.50957e-09
6.23746e-06
-6.08398e-10
6.23744e-06
4.40444e-10
6.23742e-06
4.73369e-10
6.23738e-06
4.76512e-10
6.23735e-06
4.08072e-10
6.23736e-06
9.35767e-10
6.23739e-06
1.37792e-09
6.2374e-06
1.14409e-09
6.23741e-06
6.76743e-10
6.23742e-06
3.0071e-10
6.23742e-06
3.48532e-11
6.23741e-06
-2.76129e-10
6.23739e-06
-5.0708e-10
6.23736e-06
-5.97042e-10
6.23734e-06
-6.58711e-10
6.23731e-06
-7.69469e-10
6.23733e-06
-1.91247e-09
6.2374e-06
-2.5968e-09
6.2374e-06
-1.08245e-09
6.23737e-06
1.95343e-10
6.23736e-06
6.34017e-10
6.23733e-06
9.21724e-10
6.23732e-06
7.33482e-10
6.23732e-06
6.49261e-10
6.23731e-06
6.76708e-10
6.23731e-06
5.13838e-10
6.2373e-06
3.2531e-10
6.2373e-06
9.78192e-11
6.2373e-06
-2.15093e-11
6.23729e-06
-3.16985e-10
6.23732e-06
-1.50017e-09
6.23739e-06
-2.27087e-09
6.23742e-06
-1.46984e-09
6.23743e-06
-6.45177e-10
6.23743e-06
-1.90101e-10
6.23745e-06
1.87546e-10
6.23746e-06
1.36241e-09
6.23747e-06
2.05766e-09
6.23749e-06
1.78548e-09
6.23748e-06
1.52953e-09
6.23748e-06
9.74975e-10
6.23748e-06
7.2599e-10
6.23747e-06
6.40932e-10
6.23746e-06
4.89518e-10
6.23745e-06
2.99207e-10
6.23745e-06
1.41411e-10
6.23745e-06
3.99067e-11
6.23745e-06
4.34379e-12
6.23744e-06
-2.0271e-11
6.23744e-06
-1.37181e-11
6.23744e-06
-1.89659e-11
6.23743e-06
-4.86047e-12
6.23743e-06
-1.15788e-11
6.23743e-06
-1.62136e-13
6.23742e-06
2.52704e-12
6.23742e-06
1.53259e-11
6.23742e-06
1.03108e-11
6.23742e-06
1.31111e-11
6.23742e-06
3.89232e-12
6.23742e-06
3.79336e-12
6.23741e-06
-4.32461e-12
6.23741e-06
8.10499e-13
6.23741e-06
-4.97268e-12
6.23741e-06
5.97473e-12
6.23741e-06
-1.26186e-12
6.23741e-06
8.90673e-12
6.23741e-06
9.65628e-12
6.23741e-06
2.19494e-11
6.23741e-06
1.52377e-11
6.23741e-06
1.8665e-11
6.23741e-06
7.82841e-12
6.23741e-06
1.11286e-11
6.23741e-06
5.46867e-12
6.23741e-06
1.10437e-11
6.23741e-06
4.95932e-12
6.23741e-06
1.04291e-11
6.23741e-06
4.844e-12
6.23741e-06
8.56984e-12
6.23741e-06
4.48895e-12
6.23741e-06
6.65079e-12
6.23741e-06
3.1234e-12
6.23741e-06
4.86951e-12
6.23741e-06
2.27042e-12
6.23741e-06
3.93675e-12
6.23741e-06
1.01754e-12
6.23741e-06
3.40447e-12
6.23741e-06
-2.13802e-12
6.23741e-06
3.03902e-14
6.23741e-06
-3.17769e-12
6.23741e-06
-8.06383e-13
6.23741e-06
-3.9752e-12
6.23741e-06
-1.54584e-13
6.23741e-06
-5.89811e-12
6.23741e-06
-4.01256e-12
6.23741e-06
-1.94921e-11
6.23741e-06
-7.18243e-11
6.2374e-06
-2.81742e-10
-8.2222e-10
6.16385e-06
-2.2736e-09
6.16393e-06
-2.59162e-09
6.16395e-06
-6.29159e-10
6.16393e-06
4.62411e-10
6.16391e-06
4.93693e-10
6.16387e-06
5.16605e-10
6.16385e-06
4.31963e-10
6.16385e-06
9.26671e-10
6.16388e-06
1.35314e-09
6.1639e-06
1.12631e-09
6.16391e-06
6.67728e-10
6.16391e-06
2.94768e-10
6.16391e-06
3.52121e-11
6.1639e-06
-2.62773e-10
6.16387e-06
-4.83796e-10
6.16385e-06
-5.70673e-10
6.16382e-06
-6.30358e-10
6.16379e-06
-7.35025e-10
6.16381e-06
-1.93572e-09
6.16388e-06
-2.66974e-09
6.16389e-06
-1.08526e-09
6.16386e-06
2.27079e-10
6.16384e-06
6.48348e-10
6.16382e-06
9.45196e-10
6.16381e-06
7.44156e-10
6.1638e-06
6.53178e-10
6.1638e-06
6.828e-10
6.16379e-06
5.24357e-10
6.16379e-06
3.30812e-10
6.16379e-06
1.0287e-10
6.16378e-06
-2.14282e-11
6.16376e-06
-3.00866e-10
6.1638e-06
-1.53953e-09
6.16388e-06
-2.34821e-09
6.16391e-06
-1.50335e-09
6.16391e-06
-6.50293e-10
6.16392e-06
-1.93582e-10
6.16394e-06
1.66885e-10
6.16395e-06
1.352e-09
6.16396e-06
2.04528e-09
6.16398e-06
1.76702e-09
6.16397e-06
1.53396e-09
6.16397e-06
9.8058e-10
6.16397e-06
7.27663e-10
6.16396e-06
6.47939e-10
6.16395e-06
4.99111e-10
6.16394e-06
3.0665e-10
6.16394e-06
1.43095e-10
6.16394e-06
4.35465e-11
6.16393e-06
7.82972e-12
6.16393e-06
-1.58301e-11
6.16392e-06
-9.29917e-12
6.16392e-06
-1.43412e-11
6.16392e-06
-8.99613e-13
6.16391e-06
-7.8078e-12
6.16391e-06
2.44965e-12
6.16391e-06
5.274e-12
6.1639e-06
1.67231e-11
6.1639e-06
1.29201e-11
6.1639e-06
1.46249e-11
6.1639e-06
5.18563e-12
6.1639e-06
5.12126e-12
6.1639e-06
-3.38359e-12
6.1639e-06
1.6179e-12
6.1639e-06
-4.04328e-12
6.1639e-06
6.48505e-12
6.16389e-06
-5.94973e-13
6.16389e-06
8.78914e-12
6.16389e-06
9.99649e-12
6.16389e-06
2.12729e-11
6.16389e-06
1.60295e-11
6.1639e-06
1.83721e-11
6.1639e-06
7.99661e-12
6.1639e-06
1.06944e-11
6.1639e-06
5.77257e-12
6.1639e-06
1.07722e-11
6.1639e-06
5.12768e-12
6.1639e-06
1.04239e-11
6.1639e-06
4.71605e-12
6.16389e-06
8.85002e-12
6.1639e-06
4.07241e-12
6.1639e-06
6.82971e-12
6.1639e-06
2.81852e-12
6.1639e-06
5.1138e-12
6.1639e-06
1.94925e-12
6.16389e-06
4.34143e-12
6.1639e-06
6.6607e-13
6.1639e-06
3.81568e-12
6.1639e-06
-2.39638e-12
6.1639e-06
2.3156e-13
6.1639e-06
-3.24357e-12
6.1639e-06
-6.81814e-13
6.1639e-06
-3.90783e-12
6.1639e-06
-8.76603e-14
6.1639e-06
-5.72136e-12
6.1639e-06
-3.87902e-12
6.16389e-06
-1.92036e-11
6.16389e-06
-7.07298e-11
6.16389e-06
-2.72925e-10
-7.82159e-10
6.08035e-06
-2.28314e-09
6.08044e-06
-2.6801e-09
6.08046e-06
-6.51939e-10
6.08044e-06
4.85378e-10
6.08042e-06
5.13374e-10
6.08038e-06
5.57877e-10
6.08035e-06
4.56325e-10
6.08036e-06
9.17626e-10
6.08039e-06
1.32786e-09
6.0804e-06
1.1089e-09
6.08041e-06
6.59548e-10
6.08042e-06
2.89867e-10
6.08041e-06
3.73566e-11
6.0804e-06
-2.47486e-10
6.08037e-06
-4.58385e-10
6.08035e-06
-5.42055e-10
6.08031e-06
-6.00157e-10
6.08028e-06
-6.97097e-10
6.0803e-06
-1.96146e-09
6.08039e-06
-2.75056e-09
6.08039e-06
-1.08895e-09
6.08036e-06
2.60772e-10
6.08034e-06
6.61965e-10
6.08032e-06
9.69756e-10
6.08031e-06
7.55017e-10
6.0803e-06
6.57476e-10
6.0803e-06
6.88818e-10
6.08029e-06
5.36175e-10
6.08028e-06
3.37324e-10
6.08028e-06
1.09959e-10
6.08027e-06
-1.99547e-11
6.08025e-06
-2.80856e-10
6.08029e-06
-1.58128e-09
6.08038e-06
-2.43156e-09
6.08041e-06
-1.53851e-09
6.08041e-06
-6.5481e-10
6.08042e-06
-1.96428e-10
6.08044e-06
1.44827e-10
6.08045e-06
1.342e-09
6.08046e-06
2.03305e-09
6.08048e-06
1.74646e-09
6.08047e-06
1.53761e-09
6.08047e-06
9.85926e-10
6.08047e-06
7.28869e-10
6.08046e-06
6.55294e-10
6.08045e-06
5.09657e-10
6.08044e-06
3.1532e-10
6.08044e-06
1.45625e-10
6.08044e-06
4.85692e-11
6.08043e-06
1.25445e-11
6.08042e-06
-1.01285e-11
6.08042e-06
-4.14582e-12
6.08041e-06
-9.08537e-12
6.08041e-06
3.20813e-12
6.08041e-06
-3.83712e-12
6.0804e-06
4.91239e-12
6.0804e-06
7.89939e-12
6.0804e-06
1.76783e-11
6.0804e-06
1.53023e-11
6.0804e-06
1.562e-11
6.0804e-06
6.40789e-12
6.0804e-06
5.65573e-12
6.08039e-06
-2.00118e-12
6.08039e-06
2.186e-12
6.08039e-06
-3.17399e-12
6.08039e-06
6.69803e-12
6.08039e-06
-9.68845e-15
6.08039e-06
8.35764e-12
6.08039e-06
1.01363e-11
6.08039e-06
2.01219e-11
6.08039e-06
1.65906e-11
6.08039e-06
1.80804e-11
6.08039e-06
7.6102e-12
6.0804e-06
1.045e-11
6.08039e-06
5.47198e-12
6.0804e-06
1.05319e-11
6.0804e-06
4.89886e-12
6.0804e-06
9.94064e-12
6.0804e-06
4.75336e-12
6.0804e-06
8.03317e-12
6.0804e-06
4.48996e-12
6.0804e-06
6.12386e-12
6.0804e-06
3.17659e-12
6.0804e-06
4.34165e-12
6.0804e-06
2.47622e-12
6.0804e-06
3.59653e-12
6.0804e-06
1.34783e-12
6.0804e-06
3.36867e-12
6.0804e-06
-1.85722e-12
6.0804e-06
-1.38398e-13
6.0804e-06
-2.74723e-12
6.0804e-06
-9.27774e-13
6.0804e-06
-3.4431e-12
6.0804e-06
-7.80624e-14
6.0804e-06
-5.42969e-12
6.0804e-06
-3.92587e-12
6.0804e-06
-1.86026e-11
6.0804e-06
-6.92325e-11
6.08039e-06
-2.63526e-10
-7.36159e-10
5.98504e-06
-2.29079e-09
5.98514e-06
-2.77958e-09
5.98516e-06
-6.7526e-10
5.98514e-06
5.09636e-10
5.98512e-06
5.32779e-10
5.98508e-06
6.01154e-10
5.98505e-06
4.82415e-10
5.98506e-06
9.08695e-10
5.98508e-06
1.30224e-09
5.9851e-06
1.09142e-09
5.98511e-06
6.51963e-10
5.98511e-06
2.86259e-10
5.98511e-06
4.13682e-11
5.98509e-06
-2.29527e-10
5.98506e-06
-4.30158e-10
5.98503e-06
-5.10822e-10
5.985e-06
-5.67281e-10
5.98496e-06
-6.55607e-10
5.98499e-06
-1.98984e-09
5.98508e-06
-2.84087e-09
5.98508e-06
-1.09331e-09
5.98505e-06
2.96316e-10
5.98503e-06
6.75485e-10
5.98501e-06
9.95169e-10
5.985e-06
7.67003e-10
5.98499e-06
6.62463e-10
5.98498e-06
6.96624e-10
5.98497e-06
5.49258e-10
5.98497e-06
3.45955e-10
5.98496e-06
1.17976e-10
5.98495e-06
-1.60232e-11
5.98493e-06
-2.57778e-10
5.98498e-06
-1.62608e-09
5.98507e-06
-2.52326e-09
5.9851e-06
-1.57589e-09
5.9851e-06
-6.59189e-10
5.98511e-06
-1.9865e-10
5.98513e-06
1.20939e-10
5.98514e-06
1.33144e-09
5.98515e-06
2.01988e-09
5.98518e-06
1.72225e-09
5.98517e-06
1.54055e-09
5.98517e-06
9.90577e-10
5.98517e-06
7.30497e-10
5.98516e-06
6.63393e-10
5.98515e-06
5.21644e-10
5.98514e-06
3.25312e-10
5.98513e-06
1.49727e-10
5.98513e-06
5.50144e-11
5.98512e-06
1.87994e-11
5.98511e-06
-3.4995e-12
5.98511e-06
1.74091e-12
5.9851e-06
-3.66014e-12
5.9851e-06
7.46439e-12
5.98509e-06
-1.09759e-13
5.98509e-06
7.28665e-12
5.98509e-06
1.01727e-11
5.98509e-06
1.852e-11
5.98509e-06
1.72864e-11
5.98509e-06
1.65319e-11
5.98509e-06
7.11649e-12
5.98508e-06
6.4804e-12
5.98508e-06
-1.58885e-12
5.98508e-06
2.52574e-12
5.98508e-06
-2.70864e-12
5.98508e-06
6.74027e-12
5.98508e-06
2.00668e-13
5.98508e-06
7.8155e-12
5.98508e-06
9.97202e-12
5.98508e-06
1.89439e-11
5.98508e-06
1.68751e-11
5.98509e-06
1.7293e-11
5.98509e-06
7.39147e-12
5.98509e-06
9.59528e-12
5.98509e-06
5.42721e-12
5.98509e-06
9.86926e-12
5.98509e-06
4.73735e-12
5.98509e-06
9.60853e-12
5.98509e-06
4.29517e-12
5.98509e-06
8.07026e-12
5.98509e-06
3.73567e-12
5.98509e-06
6.09565e-12
5.98509e-06
2.58818e-12
5.98509e-06
4.43949e-12
5.98509e-06
1.90247e-12
5.98509e-06
3.912e-12
5.98509e-06
7.87871e-13
5.98509e-06
3.72156e-12
5.98509e-06
-2.22483e-12
5.98509e-06
6.12673e-14
5.98509e-06
-2.86468e-12
5.98509e-06
-7.6769e-13
5.98509e-06
-3.37999e-12
5.98509e-06
2.56715e-14
5.98509e-06
-5.19419e-12
5.98509e-06
-3.70536e-12
5.98509e-06
-1.81861e-11
5.98509e-06
-6.76459e-11
5.98508e-06
-2.53149e-10
-6.89884e-10
5.8754e-06
-2.3068e-09
5.87551e-06
-2.88743e-09
5.87553e-06
-7.01917e-10
5.87551e-06
5.34195e-10
5.87549e-06
5.51472e-10
5.87544e-06
6.46072e-10
5.87542e-06
5.09346e-10
5.87542e-06
9.02125e-10
5.87545e-06
1.27855e-09
5.87546e-06
1.07493e-09
5.87547e-06
6.45609e-10
5.87547e-06
2.84287e-10
5.87546e-06
4.76738e-11
5.87544e-06
-2.09136e-10
5.87541e-06
-3.9936e-10
5.87538e-06
-4.77014e-10
5.87534e-06
-5.3218e-10
5.8753e-06
-6.10305e-10
5.87533e-06
-2.02285e-09
5.87544e-06
-2.94185e-09
5.87544e-06
-1.09864e-09
5.87541e-06
3.33711e-10
5.87539e-06
6.87943e-10
5.87537e-06
1.02118e-09
5.87535e-06
7.78725e-10
5.87535e-06
6.70148e-10
5.87534e-06
7.07556e-10
5.87532e-06
5.64925e-10
5.87531e-06
3.56384e-10
5.87531e-06
1.28767e-10
5.8753e-06
-1.01385e-11
5.87527e-06
-2.30538e-10
5.87532e-06
-1.67587e-09
5.87542e-06
-2.62351e-09
5.87545e-06
-1.61408e-09
5.87546e-06
-6.61792e-10
5.87546e-06
-1.99218e-10
5.87548e-06
9.5206e-11
5.87549e-06
1.31906e-09
5.87551e-06
2.00375e-09
5.87554e-06
1.69332e-09
5.87554e-06
1.54088e-09
5.87553e-06
9.93822e-10
5.87553e-06
7.33774e-10
5.87552e-06
6.74888e-10
5.8755e-06
5.35812e-10
5.87549e-06
3.37211e-10
5.87549e-06
1.55355e-10
5.87548e-06
6.33351e-11
5.87547e-06
2.63992e-11
5.87546e-06
4.13298e-12
5.87546e-06
7.917e-12
5.87545e-06
1.86187e-12
5.87545e-06
1.13714e-11
5.87544e-06
3.3581e-12
5.87544e-06
9.13721e-12
5.87544e-06
1.20113e-11
5.87544e-06
1.86716e-11
5.87544e-06
1.88442e-11
5.87544e-06
1.67295e-11
5.87544e-06
7.65652e-12
5.87544e-06
6.233e-12
5.87544e-06
-6.34794e-13
5.87544e-06
2.59169e-12
5.87544e-06
-2.34664e-12
5.87544e-06
6.4728e-12
5.87544e-06
3.0886e-13
5.87544e-06
6.96179e-12
5.87544e-06
9.6099e-12
5.87544e-06
1.73054e-11
5.87544e-06
1.69562e-11
5.87544e-06
1.66713e-11
5.87544e-06
6.50559e-12
5.87544e-06
9.13341e-12
5.87544e-06
4.62949e-12
5.87545e-06
9.36818e-12
5.87545e-06
4.08894e-12
5.87545e-06
8.73306e-12
5.87545e-06
4.09422e-12
5.87545e-06
6.71172e-12
5.87545e-06
4.14083e-12
5.87545e-06
4.97269e-12
5.87545e-06
2.91379e-12
5.87545e-06
3.24466e-12
5.87545e-06
2.47777e-12
5.87545e-06
2.73742e-12
5.87545e-06
1.61973e-12
5.87545e-06
2.97358e-12
5.87545e-06
-1.52474e-12
5.87545e-06
-4.6156e-13
5.87545e-06
-2.24626e-12
5.87545e-06
-1.07072e-12
5.87545e-06
-2.80744e-12
5.87545e-06
8.54788e-14
5.87545e-06
-4.84425e-12
5.87545e-06
-3.71503e-12
5.87545e-06
-1.73959e-11
5.87545e-06
-6.5507e-11
5.87544e-06
-2.42127e-10
-6.35562e-10
5.74778e-06
-2.3241e-09
5.7479e-06
-3.00975e-09
5.74793e-06
-7.3038e-10
5.74791e-06
5.55326e-10
5.74789e-06
5.68914e-10
5.74784e-06
6.92825e-10
5.74782e-06
5.36336e-10
5.74782e-06
9.02564e-10
5.74783e-06
1.26454e-09
5.74784e-06
1.06202e-09
5.74785e-06
6.40926e-10
5.74785e-06
2.8433e-10
5.74784e-06
5.6216e-11
5.74782e-06
-1.85889e-10
5.74778e-06
-3.65534e-10
5.74775e-06
-4.40363e-10
5.74771e-06
-4.94044e-10
5.74766e-06
-5.61659e-10
5.7477e-06
-2.06424e-09
5.74782e-06
-3.05667e-09
5.74783e-06
-1.10562e-09
5.74779e-06
3.68827e-10
5.74778e-06
6.98817e-10
5.74775e-06
1.04651e-09
5.74774e-06
7.88657e-10
5.74773e-06
6.85487e-10
5.74771e-06
7.31178e-10
5.74769e-06
5.86338e-10
5.74767e-06
3.70358e-10
5.74767e-06
1.41327e-10
5.74765e-06
-1.08215e-12
5.74762e-06
-2.00753e-10
5.74768e-06
-1.73534e-09
5.74779e-06
-2.73608e-09
5.74783e-06
-1.65083e-09
5.74783e-06
-6.61293e-10
5.74782e-06
-1.97239e-10
5.74785e-06
6.70361e-11
5.74787e-06
1.29976e-09
5.74789e-06
1.97738e-09
5.74793e-06
1.65583e-09
5.74793e-06
1.53714e-09
5.74794e-06
9.92746e-10
5.74793e-06
7.4411e-10
5.7479e-06
6.98206e-10
5.74788e-06
5.56012e-10
5.74787e-06
3.51955e-10
5.74786e-06
1.63509e-10
5.74785e-06
7.33503e-11
5.74784e-06
3.5296e-11
5.74783e-06
1.21384e-11
5.74783e-06
1.4028e-11
5.74782e-06
6.83939e-12
5.74782e-06
1.47129e-11
5.74782e-06
6.08027e-12
5.74781e-06
1.04719e-11
5.74781e-06
1.31574e-11
5.74781e-06
1.84409e-11
5.74781e-06
1.9689e-11
5.74781e-06
1.66819e-11
5.74781e-06
7.55489e-12
5.74781e-06
6.38439e-12
5.74781e-06
-8.42641e-13
5.74781e-06
2.39564e-12
5.74781e-06
-2.34141e-12
5.74781e-06
6.00606e-12
5.74781e-06
9.69007e-14
5.74782e-06
6.0189e-12
5.74782e-06
8.965e-12
5.74782e-06
1.56527e-11
5.74782e-06
1.66645e-11
5.74782e-06
1.53711e-11
5.74782e-06
5.97134e-12
5.74782e-06
7.88972e-12
5.74782e-06
4.31598e-12
5.74782e-06
8.34781e-12
5.74782e-06
3.67713e-12
5.74782e-06
8.11809e-12
5.74783e-06
3.37711e-12
5.74782e-06
6.56421e-12
5.74783e-06
3.09614e-12
5.74783e-06
4.796e-12
5.74783e-06
2.09241e-12
5.74783e-06
3.25638e-12
5.74783e-06
1.68531e-12
5.74783e-06
3.01234e-12
5.74783e-06
8.68446e-13
5.74783e-06
3.29555e-12
5.74783e-06
-1.96886e-12
5.74783e-06
-2.36182e-13
5.74783e-06
-2.39531e-12
5.74783e-06
-8.57937e-13
5.74783e-06
-2.73282e-12
5.74783e-06
2.21683e-13
5.74783e-06
-4.52427e-12
5.74783e-06
-3.40997e-12
5.74783e-06
-1.68182e-11
5.74783e-06
-6.32854e-11
5.74781e-06
-2.30012e-10
-5.83024e-10
5.59669e-06
-2.37221e-09
5.59683e-06
-3.15391e-09
5.59687e-06
-7.70057e-10
5.59687e-06
5.58417e-10
5.59685e-06
5.8384e-10
5.5968e-06
7.45027e-10
5.59678e-06
5.59852e-10
5.59675e-06
9.26635e-10
5.59673e-06
1.287e-09
5.59673e-06
1.06454e-09
5.59673e-06
6.41034e-10
5.59672e-06
2.87236e-10
5.59671e-06
6.71025e-11
5.59669e-06
-1.60321e-10
5.59665e-06
-3.28949e-10
5.59661e-06
-4.00592e-10
5.59657e-06
-4.53071e-10
5.59652e-06
-5.11043e-10
5.59659e-06
-2.13139e-09
5.59673e-06
-3.19884e-09
5.59675e-06
-1.12048e-09
5.59673e-06
3.88322e-10
5.59672e-06
7.04986e-10
5.59669e-06
1.07373e-09
5.59669e-06
7.9218e-10
5.59665e-06
7.24883e-10
5.59659e-06
7.94472e-10
5.59655e-06
6.26978e-10
5.59653e-06
3.90817e-10
5.59652e-06
1.59162e-10
5.5965e-06
9.27715e-12
5.59647e-06
-1.70071e-10
5.59656e-06
-1.82305e-09
5.5967e-06
-2.87529e-09
5.59673e-06
-1.68351e-09
5.59672e-06
-6.54705e-10
5.59671e-06
-1.9147e-10
5.59674e-06
3.62899e-11
5.59678e-06
1.26284e-09
5.59684e-06
1.9219e-09
5.59689e-06
1.60576e-09
5.59689e-06
1.52985e-09
5.5969e-06
9.83858e-10
5.59687e-06
7.7755e-10
5.59681e-06
7.61301e-10
5.59677e-06
5.94421e-10
5.59675e-06
3.73065e-10
5.59673e-06
1.74661e-10
5.59672e-06
8.57306e-11
5.59671e-06
4.48083e-11
5.59671e-06
1.99285e-11
5.5967e-06
1.92747e-11
5.5967e-06
1.08604e-11
5.59669e-06
1.6974e-11
5.59669e-06
7.90415e-12
5.59669e-06
1.07521e-11
5.59669e-06
1.35723e-11
5.59669e-06
1.7169e-11
5.59669e-06
2.02214e-11
5.59669e-06
1.58232e-11
5.59669e-06
7.22066e-12
5.59669e-06
5.24556e-12
5.59669e-06
-4.09669e-13
5.5967e-06
1.91708e-12
5.59669e-06
-2.47765e-12
5.5967e-06
5.28447e-12
5.5967e-06
-2.30703e-13
5.5967e-06
4.70493e-12
5.5967e-06
8.17412e-12
5.5967e-06
1.34512e-11
5.5967e-06
1.64931e-11
5.5967e-06
1.44829e-11
5.5967e-06
4.66836e-12
5.59671e-06
7.28923e-12
5.59671e-06
3.101e-12
5.59671e-06
7.65394e-12
5.59671e-06
2.68472e-12
5.59671e-06
6.9157e-12
5.59671e-06
3.00777e-12
5.59671e-06
4.74006e-12
5.59671e-06
3.54273e-12
5.59671e-06
3.34366e-12
5.59671e-06
2.43965e-12
5.59671e-06
1.72619e-12
5.59671e-06
2.34628e-12
5.59671e-06
1.47803e-12
5.59671e-06
1.87098e-12
5.59671e-06
2.29016e-12
5.59671e-06
-1.06682e-12
5.59671e-06
-8.57318e-13
5.59671e-06
-1.63446e-12
5.59671e-06
-1.17667e-12
5.59671e-06
-2.04044e-12
5.59671e-06
3.48686e-13
5.59671e-06
-4.09886e-12
5.59671e-06
-3.36592e-12
5.59671e-06
-1.57991e-11
5.59671e-06
-6.0223e-11
5.5967e-06
-2.1722e-10
-5.26216e-10
5.41329e-06
-2.50862e-09
5.41353e-06
-3.38731e-09
5.41359e-06
-8.37047e-10
5.41364e-06
5.08312e-10
5.41362e-06
6.05978e-10
5.41353e-06
8.35211e-10
5.41351e-06
5.82105e-10
5.41341e-06
1.02052e-09
5.41328e-06
1.42139e-09
5.41323e-06
1.11521e-09
5.41322e-06
6.53164e-10
5.41321e-06
2.94509e-10
5.4132e-06
7.97368e-11
5.41317e-06
-1.32819e-10
5.41313e-06
-2.89454e-10
5.41309e-06
-3.57425e-10
5.41304e-06
-4.07846e-10
5.41299e-06
-4.63034e-10
5.41315e-06
-2.29193e-09
5.4134e-06
-3.4382e-09
5.41344e-06
-1.16558e-09
5.41348e-06
3.54402e-10
5.41346e-06
7.15748e-10
5.41341e-06
1.1327e-09
5.41341e-06
7.89782e-10
5.4133e-06
8.35625e-10
5.41312e-06
9.75239e-10
5.41303e-06
7.19788e-10
5.41299e-06
4.26122e-10
5.41298e-06
1.81014e-10
5.41296e-06
2.37369e-11
5.41293e-06
-1.45159e-10
5.41312e-06
-2.00885e-09
5.41335e-06
-3.11466e-09
5.41339e-06
-1.72153e-09
5.41338e-06
-6.44204e-10
5.41337e-06
-1.82123e-10
5.4134e-06
4.47891e-12
5.41347e-06
1.19247e-09
5.41359e-06
1.7998e-09
5.41365e-06
1.54914e-09
5.41363e-06
1.54941e-09
5.41365e-06
9.66292e-10
5.41354e-06
8.81762e-10
5.41336e-06
9.41638e-10
5.41327e-06
6.86191e-10
5.41323e-06
4.08731e-10
5.41321e-06
1.91572e-10
5.4132e-06
9.9084e-11
5.4132e-06
5.38619e-11
5.41319e-06
2.63478e-11
5.41318e-06
2.27796e-11
5.41318e-06
1.3202e-11
5.41318e-06
1.76575e-11
5.41318e-06
8.46239e-12
5.41318e-06
1.01922e-11
5.41318e-06
1.2972e-11
5.41318e-06
1.54005e-11
5.41319e-06
1.95056e-11
5.41319e-06
1.45796e-11
5.41319e-06
6.19932e-12
5.41319e-06
4.78522e-12
5.41319e-06
-1.29208e-12
5.41319e-06
1.22815e-12
5.41319e-06
-2.78497e-12
5.41319e-06
4.35387e-12
5.41319e-06
-7.23211e-13
5.41319e-06
3.44789e-12
5.41319e-06
7.12197e-12
5.41319e-06
1.13539e-11
5.4132e-06
1.55788e-11
5.4132e-06
1.25889e-11
5.4132e-06
4.01995e-12
5.4132e-06
5.6279e-12
5.4132e-06
2.73819e-12
5.4132e-06
6.27378e-12
5.4132e-06
2.19833e-12
5.4132e-06
6.1146e-12
5.41321e-06
2.09207e-12
5.41321e-06
4.65931e-12
5.41321e-06
2.10237e-12
5.41321e-06
3.23377e-12
5.41321e-06
1.33019e-12
5.41321e-06
1.9107e-12
5.41321e-06
1.22553e-12
5.41321e-06
1.98358e-12
5.41321e-06
7.53971e-13
5.41321e-06
2.75012e-12
5.41321e-06
-1.67847e-12
5.41321e-06
-4.6064e-13
5.41321e-06
-1.87718e-12
5.41321e-06
-8.18119e-13
5.41321e-06
-1.99681e-12
5.41321e-06
5.06408e-13
5.41321e-06
-3.65584e-12
5.41321e-06
-2.94541e-12
5.41321e-06
-1.49998e-11
5.41321e-06
-5.69113e-11
5.41319e-06
-2.02864e-10
-4.90648e-10
5.18226e-06
-3.0043e-09
5.18284e-06
-3.96732e-09
5.18297e-06
-9.7076e-10
5.1831e-06
3.74328e-10
5.183e-06
7.13716e-10
5.18272e-06
1.10691e-09
5.18267e-06
6.32921e-10
5.1824e-06
1.29687e-09
5.18198e-06
1.83875e-09
5.18181e-06
1.28053e-09
5.18178e-06
6.87285e-10
5.18177e-06
3.0603e-10
5.18176e-06
9.21787e-11
5.18173e-06
-1.04903e-10
5.18169e-06
-2.46961e-10
5.18164e-06
-3.09503e-10
5.18159e-06
-3.56689e-10
5.18155e-06
-4.2592e-10
5.18205e-06
-2.79124e-09
5.18266e-06
-4.05037e-09
5.18278e-06
-1.27804e-09
5.1829e-06
2.35692e-10
5.18281e-06
8.05747e-10
5.18258e-06
1.36332e-09
5.18256e-06
8.09047e-10
5.18226e-06
1.13144e-09
5.18179e-06
1.44747e-09
5.18158e-06
9.34499e-10
5.18152e-06
4.87267e-10
5.1815e-06
2.08977e-10
5.18147e-06
3.96534e-11
5.18146e-06
-1.3759e-10
5.182e-06
-2.54212e-09
5.18263e-06
-3.74553e-09
5.18274e-06
-1.83297e-09
5.18274e-06
-6.49664e-10
5.18273e-06
-1.76303e-10
5.18276e-06
-1.96144e-11
5.18284e-06
1.11328e-09
5.18304e-06
1.5934e-09
5.18303e-06
1.56528e-09
5.18284e-06
1.73618e-09
5.18284e-06
9.69212e-10
5.18255e-06
1.17091e-09
5.18208e-06
1.41425e-09
5.18186e-06
9.00665e-10
5.1818e-06
4.70528e-10
5.18177e-06
2.14449e-10
5.18176e-06
1.11861e-10
5.18176e-06
6.005e-11
5.18175e-06
2.97391e-11
5.18175e-06
2.33475e-11
5.18175e-06
1.32927e-11
5.18175e-06
1.63309e-11
5.18176e-06
7.66038e-12
5.18176e-06
8.51028e-12
5.18176e-06
1.13753e-11
5.18176e-06
1.27764e-11
5.18176e-06
1.78167e-11
5.18177e-06
1.22883e-11
5.18177e-06
5.13213e-12
5.18177e-06
2.44921e-12
5.18177e-06
-7.269e-13
5.18177e-06
4.29791e-13
5.18177e-06
-3.07042e-12
5.18177e-06
3.22052e-12
5.18177e-06
-1.21669e-12
5.18177e-06
2.10536e-12
5.18177e-06
5.89624e-12
5.18177e-06
9.02932e-12
5.18178e-06
1.42607e-11
5.18178e-06
1.15367e-11
5.18178e-06
2.258e-12
5.18178e-06
5.23216e-12
5.18178e-06
9.82802e-13
5.18179e-06
5.5774e-12
5.18179e-06
8.32405e-13
5.18179e-06
4.40426e-12
5.18179e-06
1.8355e-12
5.18179e-06
1.81566e-12
5.18179e-06
3.26547e-12
5.18179e-06
1.06585e-12
5.18179e-06
2.25123e-12
5.18179e-06
-4.37624e-13
5.18179e-06
2.60357e-12
5.18179e-06
-5.30131e-13
5.18179e-06
2.63573e-12
5.18179e-06
9.65806e-13
5.18179e-06
9.73394e-15
5.18179e-06
-1.47551e-12
5.18179e-06
-5.76988e-13
5.18179e-06
-1.36514e-12
5.18179e-06
-9.17818e-13
5.18179e-06
6.22314e-13
5.18179e-06
-3.07099e-12
5.18179e-06
-2.99258e-12
5.18179e-06
-1.34191e-11
5.18179e-06
-5.17774e-11
5.18177e-06
-1.85976e-10
-4.84388e-10
4.874e-06
-4.56217e-09
4.87574e-06
-5.70742e-09
4.87582e-06
-1.0526e-09
4.8758e-06
3.94405e-10
4.87529e-06
1.22328e-09
4.87444e-06
1.95081e-09
4.87429e-06
7.89031e-10
4.87366e-06
1.92805e-09
4.87273e-06
2.77058e-09
4.8724e-06
1.60301e-09
4.87236e-06
7.25042e-10
4.87236e-06
3.08169e-10
4.87236e-06
9.70562e-11
4.87233e-06
-7.89032e-11
4.87228e-06
-1.99949e-10
4.87223e-06
-2.53281e-10
4.87217e-06
-2.94457e-10
4.87215e-06
-4.05957e-10
4.8737e-06
-4.34325e-09
4.8755e-06
-5.8532e-09
4.87556e-06
-1.33731e-09
4.87553e-06
2.73173e-10
4.87504e-06
1.2888e-09
4.87426e-06
2.151e-09
4.87414e-06
9.23758e-10
4.87348e-06
1.78776e-09
4.87248e-06
2.44961e-09
4.8721e-06
1.31909e-09
4.87203e-06
5.58795e-10
4.87202e-06
2.3063e-10
4.872e-06
5.11171e-11
4.87202e-06
-1.61196e-10
4.87362e-06
-4.14344e-09
4.8755e-06
-5.62638e-09
4.87586e-06
-2.1963e-09
4.87592e-06
-7.08903e-10
4.87593e-06
-1.84719e-10
4.87592e-06
-6.48491e-12
4.87572e-06
1.31306e-09
4.87574e-06
1.56921e-09
4.87533e-06
1.96942e-09
4.87459e-06
2.47458e-09
4.8745e-06
1.06596e-09
4.87385e-06
1.82121e-09
4.87285e-06
2.41867e-09
4.87246e-06
1.287e-09
4.87238e-06
5.43573e-10
4.87237e-06
2.3102e-10
4.87236e-06
1.1645e-10
4.87237e-06
5.87199e-11
4.87237e-06
2.76741e-11
4.87237e-06
1.98283e-11
4.87237e-06
1.06585e-11
4.87238e-06
1.28269e-11
4.87238e-06
5.50275e-12
4.87238e-06
5.79655e-12
4.87238e-06
8.80542e-12
4.87239e-06
9.3685e-12
4.87239e-06
1.51379e-11
4.87239e-06
9.43052e-12
4.8724e-06
3.75983e-12
4.8724e-06
1.23564e-13
4.8724e-06
-3.12327e-13
4.8724e-06
-4.11098e-13
4.8724e-06
-3.22503e-12
4.8724e-06
1.961e-12
4.8724e-06
-1.64441e-12
4.8724e-06
7.44124e-13
4.8724e-06
4.47594e-12
4.8724e-06
6.47887e-12
4.87241e-06
1.24327e-11
4.87241e-06
1.00698e-11
4.87241e-06
6.76235e-13
4.87241e-06
4.63483e-12
4.87241e-06
-5.54112e-13
4.87242e-06
4.68104e-12
4.87242e-06
-3.99005e-13
4.87242e-06
2.63471e-12
4.87242e-06
1.50705e-12
4.87242e-06
-7.76261e-13
4.87242e-06
4.10468e-12
4.87242e-06
-8.52481e-13
4.87242e-06
2.94543e-12
4.87242e-06
-2.42887e-12
4.87242e-06
3.67927e-12
4.87242e-06
-2.6631e-12
4.87242e-06
4.13905e-12
4.87242e-06
-6.37133e-13
4.87242e-06
1.51481e-12
4.87242e-06
-2.23447e-12
4.87242e-06
6.15161e-13
4.87242e-06
-1.72968e-12
4.87242e-06
1.00263e-13
4.87242e-06
7.06868e-13
4.87242e-06
-2.3761e-12
4.87242e-06
-2.90117e-12
4.87242e-06
-1.13787e-11
4.87241e-06
-4.44139e-11
4.87239e-06
-1.61372e-10
-5.36204e-10
4.42224e-06
-7.71975e-09
4.42561e-06
-9.076e-09
4.42476e-06
-2.02037e-10
4.42377e-06
1.37737e-09
4.42262e-06
2.37671e-09
4.42112e-06
3.44959e-09
4.42098e-06
9.32857e-10
4.42015e-06
2.75901e-09
4.41902e-06
3.89538e-09
4.41886e-06
1.75911e-09
4.41896e-06
6.24135e-10
4.41902e-06
2.48911e-10
4.41904e-06
7.63606e-11
4.41902e-06
-5.58105e-11
4.41896e-06
-1.40485e-10
4.41889e-06
-1.76681e-10
4.4188e-06
-2.06882e-10
4.41876e-06
-3.6425e-10
4.42192e-06
-7.50679e-09
4.42532e-06
-9.24996e-09
4.42441e-06
-4.23995e-10
4.4234e-06
1.29307e-09
4.42227e-06
2.40777e-09
4.42085e-06
3.5718e-09
4.42076e-06
1.01244e-09
4.41989e-06
2.65683e-09
4.41866e-06
3.67622e-09
4.41842e-06
1.56601e-09
4.41848e-06
5.06687e-10
4.41852e-06
2.00947e-10
4.41852e-06
3.91095e-11
4.41855e-06
-1.93567e-10
4.42179e-06
-7.38125e-09
4.42536e-06
-9.19887e-09
4.42575e-06
-2.58924e-09
4.42577e-06
-7.29131e-10
4.42576e-06
-1.78104e-10
4.42568e-06
7.4072e-11
4.42452e-06
2.4665e-09
4.42366e-06
2.42653e-09
4.42269e-06
2.9438e-09
4.42135e-06
3.81428e-09
4.42129e-06
1.1256e-09
4.42043e-06
2.68396e-09
4.4192e-06
3.6531e-09
4.41894e-06
1.53808e-09
4.41899e-06
4.95254e-10
4.41903e-06
1.92143e-10
4.41905e-06
9.44757e-11
4.41907e-06
4.20817e-11
4.41908e-06
1.75546e-11
4.41909e-06
1.16243e-11
4.41909e-06
5.47085e-12
4.4191e-06
7.50676e-12
4.4191e-06
2.40877e-12
4.4191e-06
1.981e-12
4.41911e-06
5.48991e-12
4.41911e-06
4.57477e-12
4.41912e-06
1.22525e-11
4.41912e-06
5.81437e-12
4.41912e-06
2.49819e-12
4.41912e-06
-2.96879e-12
4.41912e-06
1.3222e-12
4.41912e-06
-1.09943e-12
4.41912e-06
-2.97081e-12
4.41913e-06
7.37271e-13
4.41913e-06
-1.80293e-12
4.41913e-06
-9.41182e-13
4.41913e-06
2.88021e-12
4.41913e-06
2.90147e-12
4.41913e-06
1.07301e-11
4.41914e-06
8.89042e-12
4.41914e-06
-1.44956e-12
4.41914e-06
4.95565e-12
4.41914e-06
-2.77907e-12
4.41914e-06
4.19101e-12
4.41914e-06
-2.02992e-12
4.41914e-06
2.44214e-13
4.41914e-06
1.65147e-12
4.41914e-06
-4.99189e-12
4.41915e-06
6.54126e-12
4.41914e-06
-3.89706e-12
4.41915e-06
4.89865e-12
4.41914e-06
-5.76487e-12
4.41915e-06
6.24631e-12
4.41914e-06
-6.5143e-12
4.41915e-06
7.40774e-12
4.41915e-06
-3.691e-12
4.41915e-06
4.46864e-12
4.41915e-06
-3.67173e-12
4.41915e-06
2.78465e-12
4.41915e-06
-2.49892e-12
4.41915e-06
1.74394e-12
4.41915e-06
7.02934e-13
4.41915e-06
-1.4749e-12
4.41915e-06
-2.8278e-12
4.41914e-06
-7.70623e-12
4.41913e-06
-3.13566e-11
4.41909e-06
-1.18756e-10
-5.28689e-10
3.63344e-06
3.62437e-06
3.62416e-06
3.62554e-06
3.62792e-06
3.63137e-06
3.6323e-06
3.63506e-06
3.63895e-06
3.64071e-06
3.64134e-06
3.64159e-06
3.64166e-06
3.64161e-06
3.64147e-06
3.64129e-06
3.64108e-06
3.64072e-06
3.63321e-06
3.62396e-06
3.62354e-06
3.62483e-06
3.62724e-06
3.63081e-06
3.63182e-06
3.63448e-06
3.63816e-06
3.63972e-06
3.64023e-06
3.64043e-06
3.64047e-06
3.64028e-06
3.63289e-06
3.6237e-06
3.62111e-06
3.62038e-06
3.6202e-06
3.62027e-06
3.62274e-06
3.62517e-06
3.62811e-06
3.63192e-06
3.63305e-06
3.63573e-06
3.63939e-06
3.64093e-06
3.64142e-06
3.64161e-06
3.64171e-06
3.64175e-06
3.64177e-06
3.64178e-06
3.64178e-06
3.64179e-06
3.64179e-06
3.6418e-06
3.6418e-06
3.64181e-06
3.64182e-06
3.64182e-06
3.64183e-06
3.64182e-06
3.64182e-06
3.64182e-06
3.64182e-06
3.64182e-06
3.64182e-06
3.64182e-06
3.64182e-06
3.64182e-06
3.64184e-06
3.64184e-06
3.64184e-06
3.64185e-06
3.64184e-06
3.64185e-06
3.64185e-06
3.64185e-06
3.64185e-06
3.64184e-06
3.64185e-06
3.64185e-06
3.64185e-06
3.64185e-06
3.64185e-06
3.64185e-06
3.64185e-06
3.64185e-06
3.64185e-06
3.64185e-06
3.64185e-06
3.64185e-06
3.64185e-06
3.64185e-06
3.64185e-06
3.64185e-06
3.64184e-06
3.64181e-06
3.64169e-06
)
;

boundaryField
{
    inlet
    {
        type            cyclic;
        value           nonuniform List<scalar> 
50
(
-5.98512e-06
-5.87548e-06
-5.74786e-06
-5.59676e-06
-5.41342e-06
-5.1826e-06
-4.87494e-06
-4.42323e-06
-3.62562e-06
-6.08043e-06
-6.16392e-06
-6.23743e-06
-6.30231e-06
-6.35959e-06
-6.41006e-06
-6.45437e-06
-6.49304e-06
-6.52648e-06
-6.55504e-06
-6.57901e-06
-6.59863e-06
-6.61409e-06
-6.62555e-06
-6.63313e-06
-6.63689e-06
-6.63689e-06
-6.63312e-06
-6.62554e-06
-6.61407e-06
-6.5986e-06
-6.57898e-06
-6.555e-06
-6.52644e-06
-6.49299e-06
-6.45432e-06
-6.41e-06
-6.35952e-06
-6.30225e-06
-6.23736e-06
-6.16385e-06
-6.08035e-06
-5.98503e-06
-5.87539e-06
-5.74776e-06
-5.59665e-06
-5.41316e-06
-5.18178e-06
-4.87246e-06
-4.41911e-06
-3.64116e-06
)
;
    }
    outlet
    {
        type            cyclic;
        value           nonuniform List<scalar> 
50
(
5.98512e-06
5.87548e-06
5.74786e-06
5.59676e-06
5.41342e-06
5.1826e-06
4.87494e-06
4.42323e-06
3.62562e-06
6.08043e-06
6.16392e-06
6.23743e-06
6.30231e-06
6.35959e-06
6.41006e-06
6.45437e-06
6.49304e-06
6.52648e-06
6.55504e-06
6.57901e-06
6.59863e-06
6.61409e-06
6.62555e-06
6.63313e-06
6.63689e-06
6.63689e-06
6.63312e-06
6.62554e-06
6.61407e-06
6.5986e-06
6.57898e-06
6.555e-06
6.52644e-06
6.49299e-06
6.45432e-06
6.41e-06
6.35952e-06
6.30225e-06
6.23736e-06
6.16385e-06
6.08035e-06
5.98503e-06
5.87539e-06
5.74776e-06
5.59665e-06
5.41316e-06
5.18178e-06
4.87246e-06
4.41911e-06
3.64116e-06
)
;
    }
    bottomWall
    {
        type            calculated;
        value           uniform 0;
    }
    topWall
    {
        type            calculated;
        value           uniform 0;
    }
    frontAndBack
    {
        type            empty;
    }
}


// ************************************************************************* //
