/*--------------------------------*- C++ -*----------------------------------*\
  =========                 |
  \\      /  F ield         | OpenFOAM: The Open Source CFD Toolbox
   \\    /   O peration     | Website:  https://openfoam.org
    \\  /    A nd           | Version:  11
     \\/     M anipulation  |
\*---------------------------------------------------------------------------*/
FoamFile
{
    format      ascii;
    class       volVectorField;
    location    "800";
    object      U;
}
// * * * * * * * * * * * * * * * * * * * * * * * * * * * * * * * * * * * * * //

dimensions      [0 1 -1 0 0 0 0];

internalField   nonuniform List<vector> 
5000
(
(6.0531 0.00186427 0)
(6.06386 -0.000472316 0)
(6.04237 -0.000732851 0)
(6.0445 0.000197593 0)
(6.04236 0.000237661 0)
(6.05186 0.000950659 0)
(6.06336 0.000727994 0)
(6.06821 -0.00103326 0)
(6.04388 -0.00185068 0)
(6.03628 -0.000739038 0)
(6.03399 -0.000311637 0)
(6.03328 -0.000138175 0)
(6.03304 -4.87454e-05 0)
(6.03264 0.0008815 0)
(6.04139 0.000871411 0)
(6.0411 0.000587375 0)
(6.05129 0.000845026 0)
(6.05497 0.000405802 0)
(6.05594 0.000330094 0)
(6.06419 0.000417855 0)
(6.06826 0.000265575 0)
(6.06976 0.000108402 0)
(6.0704 3.99761e-05 0)
(6.07071 1.30645e-05 0)
(6.07088 1.12512e-06 0)
(6.07093 4.31027e-07 0)
(6.0709 1.10135e-06 0)
(6.07082 1.15069e-06 0)
(6.07077 -4.15213e-07 0)
(6.07072 -9.81678e-07 0)
(6.07072 -8.15598e-07 0)
(6.07072 3.38115e-07 0)
(6.07074 3.61255e-06 0)
(6.07073 7.7726e-06 0)
(6.07069 9.89053e-06 0)
(6.07063 8.40104e-06 0)
(6.07057 4.68359e-06 0)
(6.07054 3.67171e-06 0)
(6.07058 -0.00141234 0)
(6.04468 -0.00201371 0)
(6.03663 -0.000829452 0)
(6.03426 -0.000349488 0)
(6.03359 -0.000156969 0)
(6.03339 -6.8411e-05 0)
(6.03328 -2.73145e-05 0)
(6.03319 -1.10657e-05 0)
(6.03313 -5.05588e-06 0)
(6.0331 -3.37977e-06 0)
(6.0331 -2.35662e-06 0)
(6.0331 -1.69513e-06 0)
(6.03311 -7.64425e-07 0)
(6.03312 -6.76886e-07 0)
(6.03312 -1.27907e-07 0)
(6.03313 -3.1893e-07 0)
(6.03313 5.23212e-08 0)
(6.03314 -3.12035e-07 0)
(6.03314 1.64418e-08 0)
(6.03315 -3.04126e-07 0)
(6.03314 -7.84429e-08 0)
(6.03314 -2.55371e-07 0)
(6.03314 -1.09168e-07 0)
(6.03314 -1.91987e-07 0)
(6.03314 4.40369e-08 0)
(6.03315 -1.37068e-07 0)
(6.03315 1.4841e-07 0)
(6.03316 -1.38232e-07 0)
(6.03316 1.51206e-07 0)
(6.03317 -2.36708e-07 0)
(6.03317 5.92738e-08 0)
(6.03318 -2.74891e-07 0)
(6.03318 -5.13119e-08 0)
(6.03318 -2.15089e-07 0)
(6.03317 -1.01286e-07 0)
(6.03317 -1.58098e-07 0)
(6.03317 -6.17271e-08 0)
(6.03318 -1.2913e-07 0)
(6.03318 -2.13645e-08 0)
(6.03318 -1.69938e-07 0)
(6.03318 -9.6808e-09 0)
(6.03318 -1.46272e-07 0)
(6.03319 2.66979e-08 0)
(6.03319 -9.93148e-08 0)
(6.03319 3.18528e-08 0)
(6.03319 -8.63144e-08 0)
(6.03319 3.6186e-08 0)
(6.03319 -8.84438e-08 0)
(6.03319 5.11428e-08 0)
(6.0332 -1.27084e-07 0)
(6.03319 8.50377e-08 0)
(6.0332 -4.14917e-08 0)
(6.0332 8.47869e-08 0)
(6.0332 -2.83784e-08 0)
(6.0332 7.60982e-08 0)
(6.0332 -4.99706e-08 0)
(6.03319 1.08799e-07 0)
(6.03319 3.21547e-08 0)
(6.03319 4.35885e-07 0)
(6.03319 1.25577e-06 0)
(6.03315 6.81949e-06 0)
(6.03271 0.00131437 0)
(7.36885 0.000654616 0)
(7.36691 -5.08396e-05 0)
(7.37519 -0.000203183 0)
(7.37274 -5.10977e-06 0)
(7.37332 8.45931e-05 0)
(7.36975 0.000249028 0)
(7.36625 0.000240766 0)
(7.36597 -0.000239017 0)
(7.37595 -0.000598475 0)
(7.37658 -0.000370968 0)
(7.37634 -0.000185562 0)
(7.37619 -9.01192e-05 0)
(7.37605 -3.28352e-05 0)
(7.37546 0.000309571 0)
(7.37225 0.000321726 0)
(7.37291 0.000263322 0)
(7.3692 0.000384624 0)
(7.36902 0.000267512 0)
(7.36951 7.49962e-05 0)
(7.36623 7.30869e-05 0)
(7.36527 9.59961e-05 0)
(7.36548 5.08206e-05 0)
(7.36568 1.64948e-05 0)
(7.36582 3.44203e-06 0)
(7.36593 -2.9084e-06 0)
(7.36598 8.01249e-07 0)
(7.36597 3.44132e-06 0)
(7.36593 3.96321e-06 0)
(7.36591 1.28197e-06 0)
(7.36589 4.86315e-07 0)
(7.3659 -4.21274e-07 0)
(7.3659 3.625e-07 0)
(7.36589 3.52063e-06 0)
(7.36583 7.97459e-06 0)
(7.36575 1.08381e-05 0)
(7.36567 9.08955e-06 0)
(7.36562 5.21731e-06 0)
(7.36561 2.22553e-06 0)
(7.36607 -0.000423839 0)
(7.37596 -0.000706878 0)
(7.37657 -0.000435438 0)
(7.37638 -0.000218525 0)
(7.3763 -0.000107392 0)
(7.37624 -4.7637e-05 0)
(7.37619 -1.69065e-05 0)
(7.37615 -5.3255e-06 0)
(7.37612 -2.147e-06 0)
(7.37611 -2.30819e-06 0)
(7.37611 -1.54276e-06 0)
(7.37612 -1.52098e-06 0)
(7.37613 -4.79582e-07 0)
(7.37614 -8.22855e-07 0)
(7.37614 -9.10677e-09 0)
(7.37615 -5.04817e-07 0)
(7.37615 1.47847e-07 0)
(7.37616 -5.36959e-07 0)
(7.37616 4.99664e-08 0)
(7.37617 -5.9231e-07 0)
(7.37616 -1.47619e-07 0)
(7.37616 -4.68955e-07 0)
(7.37616 -1.56822e-07 0)
(7.37616 -3.02649e-07 0)
(7.37617 1.09407e-07 0)
(7.37617 -2.26671e-07 0)
(7.37618 2.79187e-07 0)
(7.37618 -2.59307e-07 0)
(7.37619 2.79197e-07 0)
(7.37619 -4.24916e-07 0)
(7.3762 1.11593e-07 0)
(7.3762 -5.43599e-07 0)
(7.3762 -1.07442e-07 0)
(7.3762 -4.16327e-07 0)
(7.37619 -1.50575e-07 0)
(7.3762 -2.66813e-07 0)
(7.3762 -9.31473e-08 0)
(7.3762 -2.28964e-07 0)
(7.3762 -3.12502e-08 0)
(7.3762 -2.82383e-07 0)
(7.37621 5.72548e-09 0)
(7.37621 -2.46462e-07 0)
(7.37621 5.8656e-08 0)
(7.37621 -1.8809e-07 0)
(7.37621 5.62078e-08 0)
(7.37622 -1.59758e-07 0)
(7.37622 5.80551e-08 0)
(7.37622 -1.6364e-07 0)
(7.37622 8.45169e-08 0)
(7.37622 -2.20494e-07 0)
(7.37622 1.58881e-07 0)
(7.37622 -9.0268e-08 0)
(7.37622 1.41902e-07 0)
(7.37622 -7.02274e-08 0)
(7.37622 1.22937e-07 0)
(7.37622 -1.01707e-07 0)
(7.37622 1.84074e-07 0)
(7.37622 1.57011e-08 0)
(7.37622 5.95075e-07 0)
(7.37621 1.60547e-06 0)
(7.37616 8.08207e-06 0)
(7.3755 0.000489384 0)
(8.12371 0.000254973 0)
(8.12255 3.35376e-05 0)
(8.12592 -8.21692e-05 0)
(8.12611 -5.59977e-05 0)
(8.1268 1.91612e-05 0)
(8.125 0.000103886 0)
(8.12244 0.000111716 0)
(8.12165 -4.27455e-05 0)
(8.12613 -0.000212993 0)
(8.12679 -0.000176573 0)
(8.12676 -0.000104852 0)
(8.12671 -5.47199e-05 0)
(8.12662 -2.00231e-05 0)
(8.12635 9.08041e-05 0)
(8.12596 0.00010271 0)
(8.1266 0.000130992 0)
(8.12469 0.000198179 0)
(8.12443 0.000158151 0)
(8.12461 5.26988e-05 0)
(8.12226 2.88559e-05 0)
(8.12107 4.24805e-05 0)
(8.12092 2.74571e-05 0)
(8.12094 8.13806e-06 0)
(8.12098 -4.18974e-07 0)
(8.12104 -5.51998e-06 0)
(8.12106 1.19886e-06 0)
(8.12105 4.85173e-06 0)
(8.12102 5.72826e-06 0)
(8.12101 2.13545e-06 0)
(8.121 1.15817e-06 0)
(8.12101 -1.27139e-07 0)
(8.121 7.13906e-07 0)
(8.12099 4.3455e-06 0)
(8.12094 9.49814e-06 0)
(8.12087 1.25267e-05 0)
(8.12081 9.99281e-06 0)
(8.12077 5.35473e-06 0)
(8.12077 -5.91501e-07 0)
(8.12111 -0.000152846 0)
(8.12585 -0.000293559 0)
(8.12663 -0.000230525 0)
(8.1267 -0.000136254 0)
(8.12672 -7.28552e-05 0)
(8.1267 -3.18347e-05 0)
(8.12666 -8.90354e-06 0)
(8.12663 -1.30599e-06 0)
(8.12661 -1.29867e-07 0)
(8.12661 -1.65011e-06 0)
(8.12661 -1.10048e-06 0)
(8.12662 -1.58838e-06 0)
(8.12662 -3.28593e-07 0)
(8.12663 -1.01643e-06 0)
(8.12664 8.40723e-08 0)
(8.12664 -7.52802e-07 0)
(8.12664 2.31592e-07 0)
(8.12665 -8.23257e-07 0)
(8.12665 8.52212e-08 0)
(8.12666 -9.39986e-07 0)
(8.12665 -2.23755e-07 0)
(8.12665 -7.31211e-07 0)
(8.12665 -2.26105e-07 0)
(8.12666 -4.5128e-07 0)
(8.12666 1.66116e-07 0)
(8.12666 -3.61138e-07 0)
(8.12667 3.99382e-07 0)
(8.12667 -4.34593e-07 0)
(8.12668 3.95342e-07 0)
(8.12668 -6.70006e-07 0)
(8.12669 1.66414e-07 0)
(8.12669 -8.68409e-07 0)
(8.12669 -1.70601e-07 0)
(8.12669 -6.62504e-07 0)
(8.12669 -2.25549e-07 0)
(8.12669 -4.0684e-07 0)
(8.12669 -1.28232e-07 0)
(8.12669 -3.65266e-07 0)
(8.1267 -5.0877e-08 0)
(8.1267 -4.31059e-07 0)
(8.1267 1.00753e-08 0)
(8.1267 -3.83726e-07 0)
(8.12671 8.16046e-08 0)
(8.12671 -3.13008e-07 0)
(8.12671 8.16622e-08 0)
(8.12671 -2.67225e-07 0)
(8.12671 8.77225e-08 0)
(8.12671 -2.68609e-07 0)
(8.12672 1.27995e-07 0)
(8.12672 -3.32607e-07 0)
(8.12672 2.38549e-07 0)
(8.12672 -1.63492e-07 0)
(8.12672 2.11524e-07 0)
(8.12672 -1.2852e-07 0)
(8.12672 1.88811e-07 0)
(8.12672 -1.61666e-07 0)
(8.12672 2.72659e-07 0)
(8.12672 -6.18702e-09 0)
(8.12671 7.9245e-07 0)
(8.12671 2.02438e-06 0)
(8.12666 1.0245e-05 0)
(8.1263 0.000192589 0)
(8.63759 0.000126572 0)
(8.63731 3.62592e-05 0)
(8.6381 -2.7112e-05 0)
(8.63852 -2.98238e-05 0)
(8.63892 1.51564e-06 0)
(8.63846 3.75004e-05 0)
(8.63744 4.15391e-05 0)
(8.63704 -6.91468e-06 0)
(8.6382 -8.80656e-05 0)
(8.63828 -9.26141e-05 0)
(8.6382 -6.35556e-05 0)
(8.63813 -3.49326e-05 0)
(8.63805 -1.20755e-05 0)
(8.63797 4.35119e-05 0)
(8.63833 6.2396e-05 0)
(8.63875 7.941e-05 0)
(8.63829 0.000110007 0)
(8.63833 0.000100283 0)
(8.63841 3.6052e-05 0)
(8.63732 5.56397e-06 0)
(8.63667 1.33236e-05 0)
(8.63652 1.20379e-05 0)
(8.6365 6.88324e-07 0)
(8.63651 -3.90018e-06 0)
(8.63654 -7.80074e-06 0)
(8.63654 1.75648e-06 0)
(8.63652 6.12786e-06 0)
(8.63649 7.25862e-06 0)
(8.63648 2.80369e-06 0)
(8.63647 1.71997e-06 0)
(8.63648 1.01579e-07 0)
(8.63647 1.25498e-06 0)
(8.63646 5.40255e-06 0)
(8.63642 1.12485e-05 0)
(8.63637 1.42013e-05 0)
(8.63632 1.08418e-05 0)
(8.63629 5.44529e-06 0)
(8.63629 -2.5925e-06 0)
(8.63648 -7.10354e-05 0)
(8.63786 -0.00015046 0)
(8.63807 -0.000141139 0)
(8.63808 -9.44433e-05 0)
(8.63808 -5.38741e-05 0)
(8.63807 -2.20644e-05 0)
(8.63803 -3.27559e-06 0)
(8.638 1.73266e-06 0)
(8.63799 1.45341e-06 0)
(8.63798 -1.15759e-06 0)
(8.63798 -7.1637e-07 0)
(8.63798 -1.6572e-06 0)
(8.63799 -1.82805e-07 0)
(8.63799 -1.19309e-06 0)
(8.638 1.67515e-07 0)
(8.638 -9.86787e-07 0)
(8.638 3.11512e-07 0)
(8.63801 -1.09964e-06 0)
(8.63801 1.21742e-07 0)
(8.63801 -1.26989e-06 0)
(8.63801 -2.89186e-07 0)
(8.63801 -9.74069e-07 0)
(8.63801 -2.89715e-07 0)
(8.63802 -5.99482e-07 0)
(8.63802 2.13661e-07 0)
(8.63802 -5.02205e-07 0)
(8.63803 5.03243e-07 0)
(8.63803 -6.21201e-07 0)
(8.63803 4.94663e-07 0)
(8.63804 -9.1965e-07 0)
(8.63804 2.16349e-07 0)
(8.63805 -1.18309e-06 0)
(8.63804 -2.28131e-07 0)
(8.63805 -8.95286e-07 0)
(8.63805 -2.93004e-07 0)
(8.63805 -5.54495e-07 0)
(8.63805 -1.57508e-07 0)
(8.63805 -5.04811e-07 0)
(8.63806 -7.12157e-08 0)
(8.63806 -5.72825e-07 0)
(8.63806 8.95484e-09 0)
(8.63806 -5.18238e-07 0)
(8.63807 8.93086e-08 0)
(8.63807 -4.35935e-07 0)
(8.63807 9.6994e-08 0)
(8.63807 -3.76328e-07 0)
(8.63807 1.1251e-07 0)
(8.63807 -3.7214e-07 0)
(8.63808 1.65244e-07 0)
(8.63808 -4.31041e-07 0)
(8.63808 3.06748e-07 0)
(8.63808 -2.42824e-07 0)
(8.63808 2.73244e-07 0)
(8.63808 -1.92762e-07 0)
(8.63808 2.5408e-07 0)
(8.63808 -2.19891e-07 0)
(8.63808 3.57382e-07 0)
(8.63808 -3.0077e-08 0)
(8.63807 9.81472e-07 0)
(8.63807 2.34251e-06 0)
(8.63804 1.0754e-05 0)
(8.63791 9.62379e-05 0)
(9.0225 8.00355e-05 0)
(9.02251 3.15531e-05 0)
(9.02264 -4.31621e-06 0)
(9.02285 -7.63439e-06 0)
(9.02304 1.71176e-07 0)
(9.02301 6.03969e-06 0)
(9.0227 3.42982e-06 0)
(9.02256 -3.88513e-06 0)
(9.02277 -4.48431e-05 0)
(9.02267 -5.62883e-05 0)
(9.02257 -4.32347e-05 0)
(9.02249 -2.40737e-05 0)
(9.02243 -6.99276e-06 0)
(9.02241 3.337e-05 0)
(9.02267 5.83784e-05 0)
(9.0229 6.17623e-05 0)
(9.02289 7.03229e-05 0)
(9.023 7.32866e-05 0)
(9.02306 2.30532e-05 0)
(9.02262 -1.03442e-05 0)
(9.02232 -4.85004e-06 0)
(9.02223 1.03091e-06 0)
(9.02222 -5.33208e-06 0)
(9.02222 -6.66552e-06 0)
(9.02223 -9.56012e-06 0)
(9.02223 2.45184e-06 0)
(9.02221 7.44406e-06 0)
(9.02217 8.69989e-06 0)
(9.02216 3.44459e-06 0)
(9.02215 2.24254e-06 0)
(9.02215 3.0511e-07 0)
(9.02214 1.80661e-06 0)
(9.02213 6.40666e-06 0)
(9.02209 1.28462e-05 0)
(9.02205 1.56547e-05 0)
(9.02201 1.15783e-05 0)
(9.02199 5.56688e-06 0)
(9.02199 -3.88792e-06 0)
(9.02209 -4.26136e-05 0)
(9.02243 -9.60428e-05 0)
(9.02244 -0.000102071 0)
(9.02242 -7.42779e-05 0)
(9.02241 -4.39265e-05 0)
(9.0224 -1.60639e-05 0)
(9.02237 7.47984e-07 0)
(9.02234 4.09245e-06 0)
(9.02232 2.76029e-06 0)
(9.02232 -7.2737e-07 0)
(9.02231 -3.58631e-07 0)
(9.02231 -1.69027e-06 0)
(9.02231 -3.2276e-08 0)
(9.02232 -1.33743e-06 0)
(9.02232 2.54589e-07 0)
(9.02232 -1.18947e-06 0)
(9.02233 3.84733e-07 0)
(9.02233 -1.34461e-06 0)
(9.02233 1.51747e-07 0)
(9.02234 -1.56799e-06 0)
(9.02233 -3.43973e-07 0)
(9.02234 -1.19231e-06 0)
(9.02234 -3.45007e-07 0)
(9.02234 -7.37398e-07 0)
(9.02234 2.48775e-07 0)
(9.02235 -6.32867e-07 0)
(9.02235 5.84816e-07 0)
(9.02235 -7.98404e-07 0)
(9.02236 5.72048e-07 0)
(9.02236 -1.1529e-06 0)
(9.02236 2.49207e-07 0)
(9.02237 -1.47251e-06 0)
(9.02237 -2.81663e-07 0)
(9.02237 -1.10844e-06 0)
(9.02237 -3.54899e-07 0)
(9.02237 -6.95743e-07 0)
(9.02237 -1.8877e-07 0)
(9.02238 -6.37965e-07 0)
(9.02238 -9.4442e-08 0)
(9.02238 -7.0377e-07 0)
(9.02238 1.81776e-09 0)
(9.02239 -6.4508e-07 0)
(9.02239 9.08602e-08 0)
(9.02239 -5.54042e-07 0)
(9.02239 1.05212e-07 0)
(9.02239 -4.82298e-07 0)
(9.0224 1.30077e-07 0)
(9.0224 -4.69977e-07 0)
(9.0224 1.96877e-07 0)
(9.0224 -5.20435e-07 0)
(9.0224 3.60526e-07 0)
(9.0224 -3.19003e-07 0)
(9.0224 3.26959e-07 0)
(9.0224 -2.55938e-07 0)
(9.0224 3.11676e-07 0)
(9.0224 -2.73149e-07 0)
(9.0224 4.31851e-07 0)
(9.0224 -5.31953e-08 0)
(9.0224 1.14422e-06 0)
(9.02239 2.56151e-06 0)
(9.02237 1.05573e-05 0)
(9.02235 6.22421e-05 0)
(9.32809 6.34827e-05 0)
(9.32814 2.85604e-05 0)
(9.32816 3.76448e-06 0)
(9.32824 3.99507e-06 0)
(9.32834 1.87033e-06 0)
(9.3284 -7.4127e-06 0)
(9.32834 -1.58267e-05 0)
(9.32831 -7.4147e-06 0)
(9.32831 -3.09897e-05 0)
(9.3282 -4.04069e-05 0)
(9.32811 -3.33392e-05 0)
(9.32805 -1.81437e-05 0)
(9.32799 -3.57552e-06 0)
(9.32798 3.23212e-05 0)
(9.32812 6.06844e-05 0)
(9.32825 5.72826e-05 0)
(9.32832 5.5027e-05 0)
(9.32842 6.11716e-05 0)
(9.32846 1.56353e-05 0)
(9.32828 -1.97407e-05 0)
(9.32814 -1.55793e-05 0)
(9.32809 -6.32846e-06 0)
(9.32809 -9.8929e-06 0)
(9.32809 -8.79235e-06 0)
(9.3281 -1.08775e-05 0)
(9.32809 3.22613e-06 0)
(9.32806 8.74939e-06 0)
(9.32803 1.00656e-05 0)
(9.32801 4.0424e-06 0)
(9.328 2.77586e-06 0)
(9.328 5.13654e-07 0)
(9.32799 2.34767e-06 0)
(9.32798 7.3429e-06 0)
(9.32794 1.43431e-05 0)
(9.32791 1.6955e-05 0)
(9.32787 1.22651e-05 0)
(9.32785 5.73919e-06 0)
(9.32785 -4.72053e-06 0)
(9.32791 -3.30641e-05 0)
(9.32798 -7.589e-05 0)
(9.32796 -8.57634e-05 0)
(9.32795 -6.51132e-05 0)
(9.32795 -3.90366e-05 0)
(9.32794 -1.2505e-05 0)
(9.32791 3.63462e-06 0)
(9.32788 5.9267e-06 0)
(9.32787 3.8316e-06 0)
(9.32786 -3.50196e-07 0)
(9.32785 -3.14068e-08 0)
(9.32785 -1.68843e-06 0)
(9.32785 1.11756e-07 0)
(9.32785 -1.43872e-06 0)
(9.32786 3.39615e-07 0)
(9.32786 -1.35246e-06 0)
(9.32786 4.47485e-07 0)
(9.32786 -1.55038e-06 0)
(9.32786 1.69563e-07 0)
(9.32787 -1.8274e-06 0)
(9.32787 -3.93663e-07 0)
(9.32787 -1.38282e-06 0)
(9.32787 -3.96503e-07 0)
(9.32787 -8.60706e-07 0)
(9.32787 2.69236e-07 0)
(9.32788 -7.49813e-07 0)
(9.32788 6.40028e-07 0)
(9.32789 -9.57135e-07 0)
(9.32789 6.23256e-07 0)
(9.32789 -1.35864e-06 0)
(9.3279 2.60311e-07 0)
(9.3279 -1.73066e-06 0)
(9.3279 -3.35247e-07 0)
(9.3279 -1.29953e-06 0)
(9.3279 -4.14249e-07 0)
(9.3279 -8.27446e-07 0)
(9.32791 -2.2312e-07 0)
(9.32791 -7.61709e-07 0)
(9.32791 -1.22367e-07 0)
(9.32791 -8.21956e-07 0)
(9.32791 -1.48018e-08 0)
(9.32792 -7.59505e-07 0)
(9.32792 8.24315e-08 0)
(9.32792 -6.61538e-07 0)
(9.32792 1.03394e-07 0)
(9.32792 -5.79195e-07 0)
(9.32793 1.37039e-07 0)
(9.32793 -5.56954e-07 0)
(9.32793 2.16993e-07 0)
(9.32793 -5.95972e-07 0)
(9.32793 3.94618e-07 0)
(9.32793 -3.85756e-07 0)
(9.32793 3.6774e-07 0)
(9.32793 -3.11517e-07 0)
(9.32793 3.58716e-07 0)
(9.32793 -3.18349e-07 0)
(9.32793 4.93698e-07 0)
(9.32793 -7.26141e-08 0)
(9.32793 1.28095e-06 0)
(9.32793 2.72236e-06 0)
(9.32791 1.06579e-05 0)
(9.32792 5.03611e-05 0)
(9.57987 5.74856e-05 0)
(9.57992 2.68683e-05 0)
(9.57993 6.41496e-06 0)
(9.57997 8.81279e-06 0)
(9.58004 2.58702e-06 0)
(9.58011 -1.28705e-05 0)
(9.58012 -2.51402e-05 0)
(9.58012 -1.08835e-05 0)
(9.58009 -2.72616e-05 0)
(9.58 -3.31431e-05 0)
(9.57993 -2.83967e-05 0)
(9.57988 -1.48253e-05 0)
(9.57984 -1.20823e-06 0)
(9.57983 3.31344e-05 0)
(9.5799 6.26698e-05 0)
(9.57998 5.67054e-05 0)
(9.58005 4.9791e-05 0)
(9.58013 5.58471e-05 0)
(9.58016 1.1763e-05 0)
(9.58007 -2.39097e-05 0)
(9.57999 -2.13428e-05 0)
(9.57997 -1.09189e-05 0)
(9.57997 -1.3206e-05 0)
(9.57997 -1.04133e-05 0)
(9.57998 -1.18383e-05 0)
(9.57997 4.03406e-06 0)
(9.57994 9.98239e-06 0)
(9.57991 1.13782e-05 0)
(9.57989 4.6175e-06 0)
(9.57987 3.33299e-06 0)
(9.57987 7.33281e-07 0)
(9.57986 2.87682e-06 0)
(9.57985 8.22054e-06 0)
(9.57982 1.57712e-05 0)
(9.57978 1.81446e-05 0)
(9.57975 1.29309e-05 0)
(9.57973 5.9652e-06 0)
(9.57973 -5.32732e-06 0)
(9.57977 -3.05947e-05 0)
(9.57979 -6.92861e-05 0)
(9.57977 -7.92552e-05 0)
(9.57976 -6.11791e-05 0)
(9.57977 -3.67857e-05 0)
(9.57977 -1.04185e-05 0)
(9.57975 5.75089e-06 0)
(9.57972 7.37103e-06 0)
(9.5797 4.70907e-06 0)
(9.5797 -1.98405e-08 0)
(9.57969 2.62804e-07 0)
(9.57969 -1.65783e-06 0)
(9.57969 2.46719e-07 0)
(9.57969 -1.4989e-06 0)
(9.57969 4.18944e-07 0)
(9.57969 -1.47331e-06 0)
(9.57969 4.97942e-07 0)
(9.57969 -1.7144e-06 0)
(9.5797 1.73709e-07 0)
(9.5797 -2.04496e-06 0)
(9.5797 -4.41344e-07 0)
(9.5797 -1.54461e-06 0)
(9.5797 -4.45875e-07 0)
(9.5797 -9.6777e-07 0)
(9.5797 2.76267e-07 0)
(9.57971 -8.5132e-07 0)
(9.57971 6.69813e-07 0)
(9.57971 -1.09424e-06 0)
(9.57972 6.48446e-07 0)
(9.57972 -1.53423e-06 0)
(9.57972 2.49329e-07 0)
(9.57973 -1.95401e-06 0)
(9.57973 -3.92125e-07 0)
(9.57973 -1.46626e-06 0)
(9.57973 -4.7401e-07 0)
(9.57973 -9.45615e-07 0)
(9.57973 -2.63124e-07 0)
(9.57974 -8.72353e-07 0)
(9.57974 -1.56165e-07 0)
(9.57974 -9.26103e-07 0)
(9.57974 -3.96463e-08 0)
(9.57974 -8.6091e-07 0)
(9.57975 6.52534e-08 0)
(9.57975 -7.57187e-07 0)
(9.57975 9.27678e-08 0)
(9.57975 -6.65464e-07 0)
(9.57975 1.35007e-07 0)
(9.57975 -6.33174e-07 0)
(9.57976 2.27363e-07 0)
(9.57976 -6.59313e-07 0)
(9.57976 4.13569e-07 0)
(9.57976 -4.42903e-07 0)
(9.57976 3.94796e-07 0)
(9.57976 -3.58072e-07 0)
(9.57976 3.94871e-07 0)
(9.57976 -3.5557e-07 0)
(9.57976 5.41574e-07 0)
(9.57976 -8.72627e-08 0)
(9.57976 1.39365e-06 0)
(9.57975 2.85491e-06 0)
(9.57974 1.10278e-05 0)
(9.57976 4.65234e-05 0)
(9.79256 5.54167e-05 0)
(9.79259 2.62416e-05 0)
(9.79259 6.92867e-06 0)
(9.79262 1.00447e-05 0)
(9.79268 2.1206e-06 0)
(9.79275 -1.52345e-05 0)
(9.79277 -2.97521e-05 0)
(9.79278 -1.3146e-05 0)
(9.79275 -2.62105e-05 0)
(9.79268 -2.9512e-05 0)
(9.79263 -2.57709e-05 0)
(9.79259 -1.28691e-05 0)
(9.79256 4.89954e-07 0)
(9.79255 3.38997e-05 0)
(9.7926 6.33364e-05 0)
(9.79266 5.67843e-05 0)
(9.79272 4.81937e-05 0)
(9.79278 5.34031e-05 0)
(9.7928 9.76669e-06 0)
(9.79275 -2.48288e-05 0)
(9.79269 -2.40399e-05 0)
(9.79267 -1.36764e-05 0)
(9.79268 -1.55936e-05 0)
(9.79268 -1.16746e-05 0)
(9.79269 -1.25561e-05 0)
(9.79268 4.8271e-06 0)
(9.79265 1.11645e-05 0)
(9.79262 1.2618e-05 0)
(9.7926 5.17863e-06 0)
(9.79259 3.90481e-06 0)
(9.79258 9.67629e-07 0)
(9.79257 3.3873e-06 0)
(9.79256 9.04936e-06 0)
(9.79253 1.71377e-05 0)
(9.79249 1.92526e-05 0)
(9.79247 1.35836e-05 0)
(9.79245 6.20823e-06 0)
(9.79245 -5.79719e-06 0)
(9.79247 -3.0752e-05 0)
(9.79248 -6.77274e-05 0)
(9.79247 -7.67965e-05 0)
(9.79247 -5.96331e-05 0)
(9.79248 -3.58575e-05 0)
(9.79248 -9.19296e-06 0)
(9.79246 7.35887e-06 0)
(9.79244 8.5366e-06 0)
(9.79243 5.42568e-06 0)
(9.79242 2.7002e-07 0)
(9.79241 5.19341e-07 0)
(9.79241 -1.60316e-06 0)
(9.79241 3.69432e-07 0)
(9.79241 -1.52518e-06 0)
(9.79241 4.90095e-07 0)
(9.79241 -1.55503e-06 0)
(9.79241 5.34635e-07 0)
(9.79241 -1.83746e-06 0)
(9.79241 1.64658e-07 0)
(9.79241 -2.22078e-06 0)
(9.79241 -4.87883e-07 0)
(9.79241 -1.67861e-06 0)
(9.79241 -4.94089e-07 0)
(9.79242 -1.0582e-06 0)
(9.79242 2.70886e-07 0)
(9.79242 -9.36047e-07 0)
(9.79243 6.77322e-07 0)
(9.79243 -1.20762e-06 0)
(9.79243 6.50617e-07 0)
(9.79244 -1.67827e-06 0)
(9.79244 2.18485e-07 0)
(9.79244 -2.14157e-06 0)
(9.79244 -4.52409e-07 0)
(9.79244 -1.60885e-06 0)
(9.79244 -5.33772e-07 0)
(9.79245 -1.04996e-06 0)
(9.79245 -3.06901e-07 0)
(9.79245 -9.69006e-07 0)
(9.79245 -1.94511e-07 0)
(9.79245 -1.01533e-06 0)
(9.79246 -7.16937e-08 0)
(9.79246 -9.47389e-07 0)
(9.79246 3.94605e-08 0)
(9.79246 -8.3898e-07 0)
(9.79246 7.35684e-08 0)
(9.79246 -7.3921e-07 0)
(9.79247 1.24277e-07 0)
(9.79247 -6.96697e-07 0)
(9.79247 2.27423e-07 0)
(9.79247 -7.10369e-07 0)
(9.79247 4.19976e-07 0)
(9.79247 -4.89836e-07 0)
(9.79247 4.09624e-07 0)
(9.79247 -3.95601e-07 0)
(9.79247 4.19363e-07 0)
(9.79247 -3.84594e-07 0)
(9.79247 5.74706e-07 0)
(9.79247 -9.5615e-08 0)
(9.79247 1.48522e-06 0)
(9.79247 2.97635e-06 0)
(9.79246 1.14945e-05 0)
(9.79248 4.50477e-05 0)
(9.97528 5.44128e-05 0)
(9.97531 2.60066e-05 0)
(9.97531 6.72265e-06 0)
(9.97533 9.43565e-06 0)
(9.97539 1.08113e-06 0)
(9.97544 -1.65378e-05 0)
(9.97547 -3.20647e-05 0)
(9.97548 -1.45865e-05 0)
(9.97546 -2.56617e-05 0)
(9.9754 -2.73698e-05 0)
(9.97536 -2.40751e-05 0)
(9.97533 -1.1625e-05 0)
(9.9753 1.76088e-06 0)
(9.9753 3.42847e-05 0)
(9.97534 6.29852e-05 0)
(9.97539 5.67016e-05 0)
(9.97544 4.76325e-05 0)
(9.97549 5.1926e-05 0)
(9.97551 8.8713e-06 0)
(9.97547 -2.42366e-05 0)
(9.97541 -2.50086e-05 0)
(9.9754 -1.53077e-05 0)
(9.97541 -1.73765e-05 0)
(9.97542 -1.27136e-05 0)
(9.97543 -1.31112e-05 0)
(9.97542 5.56402e-06 0)
(9.9754 1.2301e-05 0)
(9.97537 1.37793e-05 0)
(9.97534 5.72216e-06 0)
(9.97533 4.48052e-06 0)
(9.97532 1.20692e-06 0)
(9.97531 3.88162e-06 0)
(9.9753 9.83395e-06 0)
(9.97527 1.84515e-05 0)
(9.97524 2.02975e-05 0)
(9.97521 1.42275e-05 0)
(9.97519 6.46042e-06 0)
(9.97519 -6.18066e-06 0)
(9.97521 -3.17703e-05 0)
(9.97522 -6.77166e-05 0)
(9.97521 -7.59624e-05 0)
(9.97521 -5.91392e-05 0)
(9.97522 -3.55635e-05 0)
(9.97523 -8.48943e-06 0)
(9.97521 8.63641e-06 0)
(9.97519 9.50209e-06 0)
(9.97518 6.00935e-06 0)
(9.97517 5.21268e-07 0)
(9.97516 7.36503e-07 0)
(9.97516 -1.53259e-06 0)
(9.97516 4.77559e-07 0)
(9.97516 -1.52533e-06 0)
(9.97516 5.50739e-07 0)
(9.97516 -1.60408e-06 0)
(9.97516 5.60901e-07 0)
(9.97516 -1.92591e-06 0)
(9.97516 1.45354e-07 0)
(9.97516 -2.35944e-06 0)
(9.97516 -5.33388e-07 0)
(9.97516 -1.78711e-06 0)
(9.97516 -5.40911e-07 0)
(9.97517 -1.13293e-06 0)
(9.97517 2.55903e-07 0)
(9.97517 -1.00451e-06 0)
(9.97517 6.6751e-07 0)
(9.97518 -1.29831e-06 0)
(9.97518 6.347e-07 0)
(9.97518 -1.79272e-06 0)
(9.97519 1.72523e-07 0)
(9.97519 -2.29612e-06 0)
(9.97519 -5.14596e-07 0)
(9.97519 -1.72838e-06 0)
(9.97519 -5.92975e-07 0)
(9.97519 -1.13996e-06 0)
(9.97519 -3.53271e-07 0)
(9.9752 -1.05131e-06 0)
(9.9752 -2.35775e-07 0)
(9.9752 -1.09005e-06 0)
(9.9752 -1.08039e-07 0)
(9.9752 -1.0198e-06 0)
(9.9752 8.4571e-09 0)
(9.97521 -9.07624e-07 0)
(9.97521 4.88187e-08 0)
(9.97521 -8.00923e-07 0)
(9.97521 1.07666e-07 0)
(9.97521 -7.48663e-07 0)
(9.97521 2.20379e-07 0)
(9.97521 -7.50763e-07 0)
(9.97521 4.18041e-07 0)
(9.97522 -5.2782e-07 0)
(9.97522 4.15683e-07 0)
(9.97522 -4.2543e-07 0)
(9.97522 4.33871e-07 0)
(9.97522 -4.05616e-07 0)
(9.97522 5.96122e-07 0)
(9.97522 -9.86764e-08 0)
(9.97522 1.55898e-06 0)
(9.97521 3.093e-06 0)
(9.97521 1.197e-05 0)
(9.97523 4.43504e-05 0)
(10.1341 5.35705e-05 0)
(10.1341 2.5941e-05 0)
(10.1341 6.35194e-06 0)
(10.1342 8.08872e-06 0)
(10.1342 -2.79931e-07 0)
(10.1343 -1.75144e-05 0)
(10.1343 -3.32613e-05 0)
(10.1343 -1.55522e-05 0)
(10.1343 -2.50872e-05 0)
(10.1342 -2.57606e-05 0)
(10.1342 -2.278e-05 0)
(10.1342 -1.07554e-05 0)
(10.1341 2.73871e-06 0)
(10.1341 3.43409e-05 0)
(10.1342 6.20415e-05 0)
(10.1342 5.63235e-05 0)
(10.1343 4.72189e-05 0)
(10.1343 5.0578e-05 0)
(10.1343 8.5562e-06 0)
(10.1343 -2.29196e-05 0)
(10.1342 -2.49895e-05 0)
(10.1342 -1.63961e-05 0)
(10.1342 -1.87797e-05 0)
(10.1343 -1.36265e-05 0)
(10.1343 -1.35731e-05 0)
(10.1343 6.22003e-06 0)
(10.1342 1.33896e-05 0)
(10.1342 1.48585e-05 0)
(10.1342 6.24849e-06 0)
(10.1342 5.03884e-06 0)
(10.1342 1.45131e-06 0)
(10.1342 4.34777e-06 0)
(10.1341 1.05805e-05 0)
(10.1341 1.97155e-05 0)
(10.1341 2.12914e-05 0)
(10.1341 1.48604e-05 0)
(10.134 6.71509e-06 0)
(10.134 -6.49796e-06 0)
(10.1341 -3.29728e-05 0)
(10.1341 -6.82653e-05 0)
(10.1341 -7.56449e-05 0)
(10.1341 -5.902e-05 0)
(10.1341 -3.5639e-05 0)
(10.1341 -8.03655e-06 0)
(10.1341 9.70323e-06 0)
(10.134 1.03282e-05 0)
(10.134 6.48381e-06 0)
(10.134 7.37359e-07 0)
(10.134 9.14201e-07 0)
(10.134 -1.45312e-06 0)
(10.134 5.68457e-07 0)
(10.134 -1.50553e-06 0)
(10.134 5.98273e-07 0)
(10.134 -1.62592e-06 0)
(10.134 5.75869e-07 0)
(10.134 -1.98398e-06 0)
(10.134 1.16404e-07 0)
(10.134 -2.46628e-06 0)
(10.134 -5.78026e-07 0)
(10.134 -1.87289e-06 0)
(10.134 -5.8619e-07 0)
(10.134 -1.19276e-06 0)
(10.134 2.32984e-07 0)
(10.134 -1.05706e-06 0)
(10.134 6.44236e-07 0)
(10.134 -1.36744e-06 0)
(10.134 6.04525e-07 0)
(10.134 -1.87966e-06 0)
(10.134 1.15354e-07 0)
(10.134 -2.42004e-06 0)
(10.134 -5.77278e-07 0)
(10.134 -1.82618e-06 0)
(10.134 -6.50039e-07 0)
(10.134 -1.21593e-06 0)
(10.134 -3.99622e-07 0)
(10.134 -1.11919e-06 0)
(10.134 -2.77725e-07 0)
(10.134 -1.14992e-06 0)
(10.1341 -1.467e-07 0)
(10.1341 -1.07745e-06 0)
(10.1341 -2.64082e-08 0)
(10.1341 -9.62753e-07 0)
(10.1341 1.99524e-08 0)
(10.1341 -8.50226e-07 0)
(10.1341 8.63355e-08 0)
(10.1341 -7.89112e-07 0)
(10.1341 2.06934e-07 0)
(10.1341 -7.8049e-07 0)
(10.1341 4.08749e-07 0)
(10.1341 -5.57014e-07 0)
(10.1341 4.14016e-07 0)
(10.1341 -4.48053e-07 0)
(10.1341 4.39506e-07 0)
(10.1341 -4.19446e-07 0)
(10.1341 6.08429e-07 0)
(10.1341 -9.71656e-08 0)
(10.1341 1.61649e-06 0)
(10.1341 3.20488e-06 0)
(10.1341 1.2417e-05 0)
(10.1341 4.39592e-05 0)
(10.2733 5.2776e-05 0)
(10.2733 2.59903e-05 0)
(10.2733 6.00971e-06 0)
(10.2733 6.53271e-06 0)
(10.2734 -1.75273e-06 0)
(10.2734 -1.84212e-05 0)
(10.2734 -3.39674e-05 0)
(10.2734 -1.6223e-05 0)
(10.2734 -2.43929e-05 0)
(10.2734 -2.43823e-05 0)
(10.2733 -2.16854e-05 0)
(10.2733 -1.01025e-05 0)
(10.2733 3.49605e-06 0)
(10.2733 3.41602e-05 0)
(10.2733 6.0792e-05 0)
(10.2734 5.57218e-05 0)
(10.2734 4.67532e-05 0)
(10.2735 4.91488e-05 0)
(10.2735 8.56846e-06 0)
(10.2734 -2.12846e-05 0)
(10.2734 -2.44951e-05 0)
(10.2734 -1.71929e-05 0)
(10.2734 -1.99545e-05 0)
(10.2734 -1.44738e-05 0)
(10.2734 -1.39967e-05 0)
(10.2734 6.78402e-06 0)
(10.2734 1.442e-05 0)
(10.2734 1.58556e-05 0)
(10.2734 6.74482e-06 0)
(10.2733 5.57019e-06 0)
(10.2733 1.69406e-06 0)
(10.2733 4.78102e-06 0)
(10.2733 1.12911e-05 0)
(10.2733 2.09319e-05 0)
(10.2733 2.22417e-05 0)
(10.2732 1.54843e-05 0)
(10.2732 6.96533e-06 0)
(10.2732 -6.75574e-06 0)
(10.2732 -3.41185e-05 0)
(10.2732 -6.89231e-05 0)
(10.2732 -7.54256e-05 0)
(10.2732 -5.90226e-05 0)
(10.2732 -3.5878e-05 0)
(10.2732 -7.71095e-06 0)
(10.2732 1.06358e-05 0)
(10.2732 1.10503e-05 0)
(10.2732 6.8653e-06 0)
(10.2732 9.20165e-07 0)
(10.2732 1.05445e-06 0)
(10.2732 -1.37175e-06 0)
(10.2732 6.40334e-07 0)
(10.2732 -1.47275e-06 0)
(10.2732 6.33256e-07 0)
(10.2732 -1.62815e-06 0)
(10.2732 5.79334e-07 0)
(10.2732 -2.01666e-06 0)
(10.2732 7.93323e-08 0)
(10.2732 -2.54737e-06 0)
(10.2732 -6.21784e-07 0)
(10.2732 -1.93968e-06 0)
(10.2732 -6.2917e-07 0)
(10.2732 -1.23945e-06 0)
(10.2732 2.05102e-07 0)
(10.2732 -1.09528e-06 0)
(10.2732 6.12178e-07 0)
(10.2732 -1.41745e-06 0)
(10.2732 5.65057e-07 0)
(10.2732 -1.94269e-06 0)
(10.2732 5.19246e-08 0)
(10.2732 -2.51725e-06 0)
(10.2732 -6.37912e-07 0)
(10.2732 -1.90357e-06 0)
(10.2732 -7.03486e-07 0)
(10.2732 -1.278e-06 0)
(10.2732 -4.44045e-07 0)
(10.2732 -1.17298e-06 0)
(10.2732 -3.18198e-07 0)
(10.2732 -1.19564e-06 0)
(10.2732 -1.85188e-07 0)
(10.2732 -1.12157e-06 0)
(10.2732 -6.22509e-08 0)
(10.2732 -1.00517e-06 0)
(10.2732 -1.00078e-08 0)
(10.2732 -8.87798e-07 0)
(10.2732 6.29589e-08 0)
(10.2732 -8.19596e-07 0)
(10.2732 1.9021e-07 0)
(10.2732 -8.01046e-07 0)
(10.2732 3.94681e-07 0)
(10.2732 -5.7866e-07 0)
(10.2732 4.06662e-07 0)
(10.2732 -4.64582e-07 0)
(10.2732 4.38224e-07 0)
(10.2732 -4.27843e-07 0)
(10.2732 6.12893e-07 0)
(10.2732 -9.22451e-08 0)
(10.2732 1.65853e-06 0)
(10.2732 3.31172e-06 0)
(10.2732 1.28268e-05 0)
(10.2732 4.35854e-05 0)
(10.3958 5.20032e-05 0)
(10.3958 2.61479e-05 0)
(10.3958 5.74804e-06 0)
(10.3958 4.98647e-06 0)
(10.3959 -3.21157e-06 0)
(10.3959 -1.93194e-05 0)
(10.3959 -3.44633e-05 0)
(10.3959 -1.67002e-05 0)
(10.3959 -2.35805e-05 0)
(10.3959 -2.31387e-05 0)
(10.3958 -2.07187e-05 0)
(10.3958 -9.59217e-06 0)
(10.3958 4.07908e-06 0)
(10.3958 3.38154e-05 0)
(10.3959 5.94163e-05 0)
(10.3959 5.49693e-05 0)
(10.3959 4.62288e-05 0)
(10.396 4.76761e-05 0)
(10.396 8.65057e-06 0)
(10.396 -1.94793e-05 0)
(10.3959 -2.37986e-05 0)
(10.3959 -1.78476e-05 0)
(10.3959 -2.09873e-05 0)
(10.3959 -1.52925e-05 0)
(10.3959 -1.44161e-05 0)
(10.3959 7.2524e-06 0)
(10.3959 1.53913e-05 0)
(10.3959 1.67642e-05 0)
(10.3959 7.21239e-06 0)
(10.3959 6.06021e-06 0)
(10.3959 1.9314e-06 0)
(10.3959 5.17671e-06 0)
(10.3958 1.19687e-05 0)
(10.3958 2.20992e-05 0)
(10.3958 2.31517e-05 0)
(10.3958 1.60979e-05 0)
(10.3957 7.20594e-06 0)
(10.3957 -6.95886e-06 0)
(10.3958 -3.51392e-05 0)
(10.3958 -6.9517e-05 0)
(10.3957 -7.52376e-05 0)
(10.3957 -5.90616e-05 0)
(10.3958 -3.61097e-05 0)
(10.3958 -7.44257e-06 0)
(10.3958 1.14811e-05 0)
(10.3957 1.16841e-05 0)
(10.3957 7.18172e-06 0)
(10.3957 1.07425e-06 0)
(10.3957 1.15955e-06 0)
(10.3957 -1.29321e-06 0)
(10.3957 6.91776e-07 0)
(10.3957 -1.43138e-06 0)
(10.3957 6.54461e-07 0)
(10.3957 -1.61636e-06 0)
(10.3957 5.71893e-07 0)
(10.3957 -2.03002e-06 0)
(10.3957 3.5454e-08 0)
(10.3957 -2.60627e-06 0)
(10.3957 -6.64918e-07 0)
(10.3957 -1.98969e-06 0)
(10.3957 -6.69776e-07 0)
(10.3957 -1.27425e-06 0)
(10.3957 1.74184e-07 0)
(10.3957 -1.12016e-06 0)
(10.3957 5.74612e-07 0)
(10.3957 -1.44977e-06 0)
(10.3957 5.19845e-07 0)
(10.3957 -1.98435e-06 0)
(10.3957 -1.42243e-08 0)
(10.3957 -2.5901e-06 0)
(10.3957 -6.94679e-07 0)
(10.3957 -1.96292e-06 0)
(10.3957 -7.5147e-07 0)
(10.3957 -1.32619e-06 0)
(10.3957 -4.8438e-07 0)
(10.3957 -1.21257e-06 0)
(10.3957 -3.55087e-07 0)
(10.3957 -1.22779e-06 0)
(10.3957 -2.21641e-07 0)
(10.3957 -1.15297e-06 0)
(10.3957 -9.6773e-08 0)
(10.3957 -1.03509e-06 0)
(10.3957 -3.94593e-08 0)
(10.3957 -9.14177e-07 0)
(10.3957 3.86565e-08 0)
(10.3957 -8.40058e-07 0)
(10.3957 1.71466e-07 0)
(10.3957 -8.12901e-07 0)
(10.3957 3.76884e-07 0)
(10.3957 -5.93703e-07 0)
(10.3957 3.94565e-07 0)
(10.3957 -4.75802e-07 0)
(10.3957 4.31337e-07 0)
(10.3957 -4.31622e-07 0)
(10.3957 6.10532e-07 0)
(10.3957 -8.45634e-08 0)
(10.3957 1.68702e-06 0)
(10.3957 3.41072e-06 0)
(10.3957 1.32075e-05 0)
(10.3958 4.31593e-05 0)
(10.5039 5.12558e-05 0)
(10.5039 2.64106e-05 0)
(10.5039 5.57457e-06 0)
(10.5039 3.52448e-06 0)
(10.504 -4.59655e-06 0)
(10.504 -2.02148e-05 0)
(10.504 -3.48669e-05 0)
(10.504 -1.70458e-05 0)
(10.504 -2.26805e-05 0)
(10.504 -2.19782e-05 0)
(10.504 -1.98511e-05 0)
(10.5039 -9.18518e-06 0)
(10.5039 4.52254e-06 0)
(10.5039 3.33531e-05 0)
(10.504 5.79988e-05 0)
(10.504 5.41328e-05 0)
(10.5041 4.56468e-05 0)
(10.5041 4.62435e-05 0)
(10.5041 8.76042e-06 0)
(10.5041 -1.76786e-05 0)
(10.504 -2.30349e-05 0)
(10.504 -1.84451e-05 0)
(10.504 -2.19277e-05 0)
(10.5041 -1.61016e-05 0)
(10.5041 -1.48525e-05 0)
(10.5041 7.63239e-06 0)
(10.5041 1.63031e-05 0)
(10.504 1.75902e-05 0)
(10.504 7.64631e-06 0)
(10.504 6.50127e-06 0)
(10.504 2.1561e-06 0)
(10.504 5.53762e-06 0)
(10.504 1.26238e-05 0)
(10.504 2.32089e-05 0)
(10.5039 2.40243e-05 0)
(10.5039 1.6701e-05 0)
(10.5039 7.44402e-06 0)
(10.5039 -7.1231e-06 0)
(10.5039 -3.60288e-05 0)
(10.5039 -7.00074e-05 0)
(10.5039 -7.50454e-05 0)
(10.5039 -5.90963e-05 0)
(10.5039 -3.63045e-05 0)
(10.5039 -7.19675e-06 0)
(10.5039 1.22695e-05 0)
(10.5039 1.22597e-05 0)
(10.5039 7.44719e-06 0)
(10.5039 1.20226e-06 0)
(10.5039 1.23262e-06 0)
(10.5039 -1.22131e-06 0)
(10.5039 7.23187e-07 0)
(10.5039 -1.38582e-06 0)
(10.5039 6.62138e-07 0)
(10.5039 -1.59645e-06 0)
(10.5039 5.54775e-07 0)
(10.5039 -2.03021e-06 0)
(10.5039 -1.33592e-08 0)
(10.5039 -2.64734e-06 0)
(10.5039 -7.07266e-07 0)
(10.5039 -2.02531e-06 0)
(10.5039 -7.07447e-07 0)
(10.5039 -1.29869e-06 0)
(10.5039 1.42678e-07 0)
(10.5039 -1.13306e-06 0)
(10.5039 5.34978e-07 0)
(10.5039 -1.46661e-06 0)
(10.5039 4.72574e-07 0)
(10.5039 -2.00817e-06 0)
(10.5039 -7.92199e-08 0)
(10.5039 -2.64188e-06 0)
(10.5039 -7.45847e-07 0)
(10.5039 -2.00514e-06 0)
(10.5039 -7.93145e-07 0)
(10.5039 -1.36077e-06 0)
(10.5039 -5.19095e-07 0)
(10.5039 -1.23855e-06 0)
(10.5039 -3.86932e-07 0)
(10.5039 -1.24734e-06 0)
(10.5039 -2.53488e-07 0)
(10.5039 -1.17196e-06 0)
(10.5039 -1.27217e-07 0)
(10.5039 -1.05363e-06 0)
(10.5039 -6.63155e-08 0)
(10.5039 -9.30914e-07 0)
(10.5039 1.58633e-08 0)
(10.5039 -8.5164e-07 0)
(10.5039 1.52736e-07 0)
(10.5039 -8.17289e-07 0)
(10.5039 3.57536e-07 0)
(10.5039 -6.03221e-07 0)
(10.5039 3.79469e-07 0)
(10.5039 -4.82658e-07 0)
(10.5039 4.20382e-07 0)
(10.5039 -4.31851e-07 0)
(10.5039 6.0275e-07 0)
(10.5039 -7.51951e-08 0)
(10.5039 1.70606e-06 0)
(10.5039 3.50258e-06 0)
(10.5039 1.355e-05 0)
(10.5039 4.26839e-05 0)
(10.5994 5.05513e-05 0)
(10.5994 2.67525e-05 0)
(10.5994 5.48283e-06 0)
(10.5994 2.16306e-06 0)
(10.5994 -5.89558e-06 0)
(10.5995 -2.10971e-05 0)
(10.5995 -3.52198e-05 0)
(10.5995 -1.72933e-05 0)
(10.5995 -2.1706e-05 0)
(10.5994 -2.08806e-05 0)
(10.5994 -1.90679e-05 0)
(10.5994 -8.85544e-06 0)
(10.5994 4.85261e-06 0)
(10.5994 3.28057e-05 0)
(10.5994 5.65688e-05 0)
(10.5995 5.32506e-05 0)
(10.5995 4.50152e-05 0)
(10.5995 4.49039e-05 0)
(10.5996 8.86233e-06 0)
(10.5995 -1.59449e-05 0)
(10.5995 -2.2261e-05 0)
(10.5995 -1.90217e-05 0)
(10.5995 -2.28061e-05 0)
(10.5995 -1.69124e-05 0)
(10.5995 -1.53117e-05 0)
(10.5995 7.93404e-06 0)
(10.5995 1.7162e-05 0)
(10.5995 1.83378e-05 0)
(10.5995 8.04585e-06 0)
(10.5995 6.88371e-06 0)
(10.5995 2.36637e-06 0)
(10.5995 5.88311e-06 0)
(10.5994 1.32328e-05 0)
(10.5994 2.42646e-05 0)
(10.5994 2.48641e-05 0)
(10.5994 1.7291e-05 0)
(10.5994 7.67827e-06 0)
(10.5994 -7.25781e-06 0)
(10.5994 -3.68022e-05 0)
(10.5994 -7.0404e-05 0)
(10.5993 -7.48247e-05 0)
(10.5993 -5.91207e-05 0)
(10.5994 -3.64854e-05 0)
(10.5994 -6.95626e-06 0)
(10.5993 1.30219e-05 0)
(10.5993 1.27939e-05 0)
(10.5993 7.67071e-06 0)
(10.5993 1.3074e-06 0)
(10.5993 1.27663e-06 0)
(10.5993 -1.15778e-06 0)
(10.5993 7.35649e-07 0)
(10.5993 -1.33977e-06 0)
(10.5993 6.55987e-07 0)
(10.5993 -1.57246e-06 0)
(10.5993 5.28385e-07 0)
(10.5993 -2.02116e-06 0)
(10.5993 -6.63487e-08 0)
(10.5993 -2.6745e-06 0)
(10.5993 -7.48525e-07 0)
(10.5993 -2.04866e-06 0)
(10.5993 -7.41862e-07 0)
(10.5993 -1.31371e-06 0)
(10.5993 1.12105e-07 0)
(10.5993 -1.13483e-06 0)
(10.5993 4.9553e-07 0)
(10.5993 -1.46996e-06 0)
(10.5993 4.25995e-07 0)
(10.5993 -2.01437e-06 0)
(10.5993 -1.41398e-07 0)
(10.5993 -2.67366e-06 0)
(10.5993 -7.9007e-07 0)
(10.5993 -2.02998e-06 0)
(10.5993 -8.27345e-07 0)
(10.5993 -1.38281e-06 0)
(10.5993 -5.46567e-07 0)
(10.5993 -1.25125e-06 0)
(10.5993 -4.1239e-07 0)
(10.5993 -1.25399e-06 0)
(10.5993 -2.78803e-07 0)
(10.5993 -1.17869e-06 0)
(10.5993 -1.52178e-07 0)
(10.5993 -1.06169e-06 0)
(10.5993 -8.89261e-08 0)
(10.5993 -9.38338e-07 0)
(10.5993 -4.24964e-09 0)
(10.5993 -8.55017e-07 0)
(10.5993 1.35029e-07 0)
(10.5993 -8.14715e-07 0)
(10.5993 3.37139e-07 0)
(10.5993 -6.07901e-07 0)
(10.5993 3.62123e-07 0)
(10.5993 -4.85758e-07 0)
(10.5993 4.06156e-07 0)
(10.5993 -4.29173e-07 0)
(10.5993 5.90478e-07 0)
(10.5993 -6.46378e-08 0)
(10.5993 1.71844e-06 0)
(10.5993 3.5864e-06 0)
(10.5993 1.38437e-05 0)
(10.5994 4.21789e-05 0)
(10.6835 4.98991e-05 0)
(10.6835 2.71543e-05 0)
(10.6835 5.46785e-06 0)
(10.6835 9.04169e-07 0)
(10.6835 -7.11616e-06 0)
(10.6836 -2.19586e-05 0)
(10.6836 -3.55359e-05 0)
(10.6836 -1.74616e-05 0)
(10.6836 -2.06714e-05 0)
(10.6835 -1.9831e-05 0)
(10.6835 -1.83545e-05 0)
(10.6835 -8.58524e-06 0)
(10.6835 5.09012e-06 0)
(10.6835 3.21983e-05 0)
(10.6835 5.51441e-05 0)
(10.6836 5.23387e-05 0)
(10.6836 4.434e-05 0)
(10.6837 4.36058e-05 0)
(10.6837 9.02447e-06 0)
(10.6836 -1.43056e-05 0)
(10.6836 -2.15062e-05 0)
(10.6836 -1.95953e-05 0)
(10.6836 -2.36434e-05 0)
(10.6836 -1.77289e-05 0)
(10.6836 -1.57949e-05 0)
(10.6837 8.16949e-06 0)
(10.6836 1.79732e-05 0)
(10.6836 1.90132e-05 0)
(10.6836 8.40666e-06 0)
(10.6836 7.20822e-06 0)
(10.6836 2.5562e-06 0)
(10.6836 6.19222e-06 0)
(10.6836 1.38058e-05 0)
(10.6835 2.52763e-05 0)
(10.6835 2.56751e-05 0)
(10.6835 1.78666e-05 0)
(10.6835 7.9076e-06 0)
(10.6835 -7.37098e-06 0)
(10.6835 -3.74767e-05 0)
(10.6835 -7.07236e-05 0)
(10.6835 -7.45932e-05 0)
(10.6835 -5.91504e-05 0)
(10.6835 -3.66577e-05 0)
(10.6835 -6.71395e-06 0)
(10.6835 1.3754e-05 0)
(10.6835 1.32966e-05 0)
(10.6835 7.86155e-06 0)
(10.6835 1.39197e-06 0)
(10.6835 1.29549e-06 0)
(10.6835 -1.10406e-06 0)
(10.6835 7.30855e-07 0)
(10.6835 -1.29713e-06 0)
(10.6835 6.36434e-07 0)
(10.6835 -1.54793e-06 0)
(10.6835 4.93628e-07 0)
(10.6835 -2.00623e-06 0)
(10.6835 -1.22826e-07 0)
(10.6835 -2.6915e-06 0)
(10.6835 -7.88246e-07 0)
(10.6835 -2.06192e-06 0)
(10.6835 -7.72675e-07 0)
(10.6835 -1.32034e-06 0)
(10.6835 8.39886e-08 0)
(10.6835 -1.12664e-06 0)
(10.6835 4.58414e-07 0)
(10.6835 -1.46112e-06 0)
(10.6835 3.83343e-07 0)
(10.6835 -2.00371e-06 0)
(10.6835 -1.98435e-07 0)
(10.6835 -2.68769e-06 0)
(10.6835 -8.25553e-07 0)
(10.6835 -2.03755e-06 0)
(10.6835 -8.53261e-07 0)
(10.6835 -1.39189e-06 0)
(10.6835 -5.66392e-07 0)
(10.6835 -1.25092e-06 0)
(10.6835 -4.29611e-07 0)
(10.6835 -1.24819e-06 0)
(10.6835 -2.96272e-07 0)
(10.6835 -1.17393e-06 0)
(10.6835 -1.70308e-07 0)
(10.6835 -1.05971e-06 0)
(10.6835 -1.05941e-07 0)
(10.6835 -9.37184e-07 0)
(10.6835 -1.99894e-08 0)
(10.6835 -8.51112e-07 0)
(10.6835 1.19631e-07 0)
(10.6835 -8.06063e-07 0)
(10.6835 3.16834e-07 0)
(10.6835 -6.08469e-07 0)
(10.6835 3.43774e-07 0)
(10.6835 -4.85901e-07 0)
(10.6835 3.89743e-07 0)
(10.6835 -4.24411e-07 0)
(10.6835 5.74745e-07 0)
(10.6835 -5.36533e-08 0)
(10.6835 1.72606e-06 0)
(10.6835 3.66147e-06 0)
(10.6835 1.40913e-05 0)
(10.6835 4.16539e-05 0)
(10.7574 4.93006e-05 0)
(10.7574 2.7605e-05 0)
(10.7573 5.51821e-06 0)
(10.7574 -2.59464e-07 0)
(10.7574 -8.26469e-06 0)
(10.7574 -2.27931e-05 0)
(10.7574 -3.58189e-05 0)
(10.7574 -1.75627e-05 0)
(10.7574 -1.95905e-05 0)
(10.7574 -1.88166e-05 0)
(10.7574 -1.76977e-05 0)
(10.7573 -8.36039e-06 0)
(10.7573 5.2521e-06 0)
(10.7574 3.15509e-05 0)
(10.7574 5.37359e-05 0)
(10.7574 5.14057e-05 0)
(10.7575 4.36256e-05 0)
(10.7575 4.23459e-05 0)
(10.7575 9.25583e-06 0)
(10.7575 -1.2752e-05 0)
(10.7575 -2.0793e-05 0)
(10.7574 -2.01682e-05 0)
(10.7575 -2.44481e-05 0)
(10.7575 -1.85527e-05 0)
(10.7575 -1.62961e-05 0)
(10.7575 8.34825e-06 0)
(10.7575 1.87442e-05 0)
(10.7575 1.96228e-05 0)
(10.7575 8.72721e-06 0)
(10.7575 7.47779e-06 0)
(10.7574 2.72087e-06 0)
(10.7574 6.45802e-06 0)
(10.7574 1.43426e-05 0)
(10.7574 2.62436e-05 0)
(10.7574 2.64614e-05 0)
(10.7574 1.84254e-05 0)
(10.7574 8.13042e-06 0)
(10.7573 -7.46831e-06 0)
(10.7574 -3.807e-05 0)
(10.7574 -7.09862e-05 0)
(10.7573 -7.43338e-05 0)
(10.7573 -5.92011e-05 0)
(10.7573 -3.68275e-05 0)
(10.7573 -6.46567e-06 0)
(10.7573 1.44759e-05 0)
(10.7573 1.37764e-05 0)
(10.7573 8.02743e-06 0)
(10.7573 1.45892e-06 0)
(10.7573 1.29308e-06 0)
(10.7573 -1.06108e-06 0)
(10.7573 7.10045e-07 0)
(10.7573 -1.26067e-06 0)
(10.7573 6.04262e-07 0)
(10.7573 -1.52545e-06 0)
(10.7573 4.50907e-07 0)
(10.7573 -1.98773e-06 0)
(10.7573 -1.82375e-07 0)
(10.7573 -2.70066e-06 0)
(10.7573 -8.26265e-07 0)
(10.7573 -2.06655e-06 0)
(10.7573 -7.9999e-07 0)
(10.7573 -1.31944e-06 0)
(10.7573 5.89204e-08 0)
(10.7573 -1.10936e-06 0)
(10.7573 4.25506e-07 0)
(10.7573 -1.44113e-06 0)
(10.7573 3.46129e-07 0)
(10.7573 -1.97881e-06 0)
(10.7573 -2.48196e-07 0)
(10.7573 -2.68566e-06 0)
(10.7573 -8.51979e-07 0)
(10.7573 -2.02908e-06 0)
(10.7573 -8.69809e-07 0)
(10.7573 -1.38672e-06 0)
(10.7573 -5.77706e-07 0)
(10.7573 -1.238e-06 0)
(10.7573 -4.37723e-07 0)
(10.7573 -1.23015e-06 0)
(10.7573 -3.05689e-07 0)
(10.7573 -1.15801e-06 0)
(10.7573 -1.81913e-07 0)
(10.7573 -1.04807e-06 0)
(10.7573 -1.172e-07 0)
(10.7573 -9.27691e-07 0)
(10.7573 -3.10789e-08 0)
(10.7573 -8.40504e-07 0)
(10.7573 1.06698e-07 0)
(10.7573 -7.92004e-07 0)
(10.7573 2.96926e-07 0)
(10.7573 -6.05262e-07 0)
(10.7573 3.2492e-07 0)
(10.7573 -4.83637e-07 0)
(10.7573 3.71785e-07 0)
(10.7573 -4.18111e-07 0)
(10.7573 5.56331e-07 0)
(10.7573 -4.26744e-08 0)
(10.7573 1.72809e-06 0)
(10.7573 3.72934e-06 0)
(10.7573 1.42962e-05 0)
(10.7573 4.11163e-05 0)
(10.8218 4.8751e-05 0)
(10.8218 2.80993e-05 0)
(10.8218 5.62876e-06 0)
(10.8218 -1.34707e-06 0)
(10.8218 -9.34944e-06 0)
(10.8218 -2.35968e-05 0)
(10.8219 -3.60745e-05 0)
(10.8219 -1.75991e-05 0)
(10.8218 -1.84748e-05 0)
(10.8218 -1.78261e-05 0)
(10.8218 -1.70848e-05 0)
(10.8218 -8.17149e-06 0)
(10.8218 5.35332e-06 0)
(10.8218 3.08758e-05 0)
(10.8218 5.23491e-05 0)
(10.8219 5.04564e-05 0)
(10.8219 4.28796e-05 0)
(10.8219 4.11162e-05 0)
(10.8219 9.51696e-06 0)
(10.8219 -1.12517e-05 0)
(10.8219 -2.01216e-05 0)
(10.8219 -2.07415e-05 0)
(10.8219 -2.52194e-05 0)
(10.8219 -1.93785e-05 0)
(10.8219 -1.68153e-05 0)
(10.8219 8.47994e-06 0)
(10.8219 1.94818e-05 0)
(10.8219 2.01726e-05 0)
(10.8219 9.00658e-06 0)
(10.8219 7.69582e-06 0)
(10.8219 2.85712e-06 0)
(10.8219 6.67912e-06 0)
(10.8219 1.48429e-05 0)
(10.8219 2.71652e-05 0)
(10.8218 2.72248e-05 0)
(10.8218 1.89663e-05 0)
(10.8218 8.34551e-06 0)
(10.8218 -7.55198e-06 0)
(10.8218 -3.85978e-05 0)
(10.8218 -7.12073e-05 0)
(10.8218 -7.40758e-05 0)
(10.8218 -5.92407e-05 0)
(10.8218 -3.70006e-05 0)
(10.8218 -6.20965e-06 0)
(10.8218 1.51946e-05 0)
(10.8218 1.42411e-05 0)
(10.8218 8.17374e-06 0)
(10.8218 1.51073e-06 0)
(10.8218 1.27284e-06 0)
(10.8218 -1.02966e-06 0)
(10.8218 6.74671e-07 0)
(10.8218 -1.23287e-06 0)
(10.8218 5.60499e-07 0)
(10.8218 -1.507e-06 0)
(10.8218 4.01217e-07 0)
(10.8218 -1.96764e-06 0)
(10.8218 -2.443e-07 0)
(10.8218 -2.70406e-06 0)
(10.8218 -8.6231e-07 0)
(10.8218 -2.06386e-06 0)
(10.8218 -8.23709e-07 0)
(10.8218 -1.3117e-06 0)
(10.8218 3.8599e-08 0)
(10.8218 -1.08342e-06 0)
(10.8218 3.97557e-07 0)
(10.8218 -1.41037e-06 0)
(10.8218 3.15266e-07 0)
(10.8218 -1.94136e-06 0)
(10.8218 -2.88646e-07 0)
(10.8218 -2.6685e-06 0)
(10.8218 -8.68148e-07 0)
(10.8218 -2.007e-06 0)
(10.8218 -8.75938e-07 0)
(10.8218 -1.3686e-06 0)
(10.8218 -5.79701e-07 0)
(10.8218 -1.21342e-06 0)
(10.8218 -4.37184e-07 0)
(10.8218 -1.20098e-06 0)
(10.8218 -3.06903e-07 0)
(10.8218 -1.13151e-06 0)
(10.8218 -1.85999e-07 0)
(10.8218 -1.0275e-06 0)
(10.8218 -1.22122e-07 0)
(10.8218 -9.10353e-07 0)
(10.8218 -3.75738e-08 0)
(10.8218 -8.23537e-07 0)
(10.8218 9.69959e-08 0)
(10.8218 -7.73338e-07 0)
(10.8218 2.78425e-07 0)
(10.8218 -5.98677e-07 0)
(10.8218 3.06377e-07 0)
(10.8218 -4.79419e-07 0)
(10.8218 3.52982e-07 0)
(10.8218 -4.10793e-07 0)
(10.8218 5.35924e-07 0)
(10.8218 -3.22657e-08 0)
(10.8218 1.72537e-06 0)
(10.8218 3.79016e-06 0)
(10.8218 1.4462e-05 0)
(10.8218 4.05708e-05 0)
(10.8775 4.82299e-05 0)
(10.8775 2.86328e-05 0)
(10.8775 5.79518e-06 0)
(10.8775 -2.38349e-06 0)
(10.8775 -1.03812e-05 0)
(10.8776 -2.43695e-05 0)
(10.8776 -3.63081e-05 0)
(10.8776 -1.75668e-05 0)
(10.8776 -1.73352e-05 0)
(10.8775 -1.68515e-05 0)
(10.8775 -1.65044e-05 0)
(10.8775 -8.01166e-06 0)
(10.8775 5.40523e-06 0)
(10.8775 3.01814e-05 0)
(10.8776 5.09855e-05 0)
(10.8776 4.9493e-05 0)
(10.8776 4.21127e-05 0)
(10.8777 3.9912e-05 0)
(10.8777 9.79037e-06 0)
(10.8776 -9.80071e-06 0)
(10.8776 -1.94877e-05 0)
(10.8776 -2.13144e-05 0)
(10.8776 -2.59577e-05 0)
(10.8776 -2.02024e-05 0)
(10.8777 -1.73519e-05 0)
(10.8777 8.57269e-06 0)
(10.8777 2.01942e-05 0)
(10.8776 2.06687e-05 0)
(10.8776 9.24622e-06 0)
(10.8776 7.86439e-06 0)
(10.8776 2.96421e-06 0)
(10.8776 6.85406e-06 0)
(10.8776 1.53056e-05 0)
(10.8776 2.80435e-05 0)
(10.8776 2.7966e-05 0)
(10.8776 1.9488e-05 0)
(10.8775 8.5517e-06 0)
(10.8775 -7.62302e-06 0)
(10.8775 -3.90739e-05 0)
(10.8775 -7.13966e-05 0)
(10.8775 -7.38525e-05 0)
(10.8775 -5.92362e-05 0)
(10.8775 -3.71916e-05 0)
(10.8775 -5.94172e-06 0)
(10.8775 1.59153e-05 0)
(10.8775 1.46971e-05 0)
(10.8775 8.30404e-06 0)
(10.8775 1.55e-06 0)
(10.8775 1.23738e-06 0)
(10.8775 -1.00972e-06 0)
(10.8775 6.2609e-07 0)
(10.8775 -1.21584e-06 0)
(10.8775 5.0667e-07 0)
(10.8775 -1.49354e-06 0)
(10.8775 3.44479e-07 0)
(10.8775 -1.94709e-06 0)
(10.8775 -3.0802e-07 0)
(10.8775 -2.70293e-06 0)
(10.8775 -8.96066e-07 0)
(10.8775 -2.0548e-06 0)
(10.8775 -8.43321e-07 0)
(10.8775 -1.29712e-06 0)
(10.8775 2.33657e-08 0)
(10.8775 -1.04928e-06 0)
(10.8775 3.75681e-07 0)
(10.8775 -1.3694e-06 0)
(10.8775 2.91234e-07 0)
(10.8775 -1.89076e-06 0)
(10.8775 -3.19282e-07 0)
(10.8775 -2.63702e-06 0)
(10.8775 -8.73711e-07 0)
(10.8775 -1.97201e-06 0)
(10.8775 -8.71526e-07 0)
(10.8775 -1.33867e-06 0)
(10.8775 -5.7069e-07 0)
(10.8775 -1.17735e-06 0)
(10.8775 -4.27111e-07 0)
(10.8775 -1.16077e-06 0)
(10.8775 -2.99938e-07 0)
(10.8775 -1.09475e-06 0)
(10.8775 -1.83212e-07 0)
(10.8775 -9.97083e-07 0)
(10.8775 -1.2124e-07 0)
(10.8775 -8.85154e-07 0)
(10.8775 -3.92994e-08 0)
(10.8775 -8.00267e-07 0)
(10.8775 9.04461e-08 0)
(10.8775 -7.50454e-07 0)
(10.8775 2.61365e-07 0)
(10.8775 -5.89217e-07 0)
(10.8775 2.88319e-07 0)
(10.8775 -4.73664e-07 0)
(10.8775 3.3373e-07 0)
(10.8775 -4.02808e-07 0)
(10.8775 5.14094e-07 0)
(10.8775 -2.26028e-08 0)
(10.8775 1.71834e-06 0)
(10.8775 3.84389e-06 0)
(10.8775 1.45913e-05 0)
(10.8775 4.00195e-05 0)
(10.9251 4.7734e-05 0)
(10.9251 2.91935e-05 0)
(10.9251 6.01232e-06 0)
(10.9251 -3.36999e-06 0)
(10.9251 -1.13751e-05 0)
(10.9252 -2.51109e-05 0)
(10.9252 -3.65283e-05 0)
(10.9252 -1.74673e-05 0)
(10.9252 -1.61709e-05 0)
(10.9251 -1.5888e-05 0)
(10.9251 -1.59481e-05 0)
(10.9251 -7.87448e-06 0)
(10.9251 5.41656e-06 0)
(10.9251 2.94742e-05 0)
(10.9252 4.96461e-05 0)
(10.9252 4.85165e-05 0)
(10.9252 4.1333e-05 0)
(10.9252 3.8732e-05 0)
(10.9253 1.00659e-05 0)
(10.9252 -8.39557e-06 0)
(10.9252 -1.88769e-05 0)
(10.9252 -2.18824e-05 0)
(10.9252 -2.66705e-05 0)
(10.9252 -2.10205e-05 0)
(10.9253 -1.79071e-05 0)
(10.9253 8.6338e-06 0)
(10.9253 2.08876e-05 0)
(10.9252 2.11171e-05 0)
(10.9252 9.44749e-06 0)
(10.9252 7.98736e-06 0)
(10.9252 3.04147e-06 0)
(10.9252 6.98295e-06 0)
(10.9252 1.57309e-05 0)
(10.9252 2.88805e-05 0)
(10.9252 2.86862e-05 0)
(10.9252 1.99908e-05 0)
(10.9251 8.74846e-06 0)
(10.9251 -7.68351e-06 0)
(10.9252 -3.95068e-05 0)
(10.9251 -7.15589e-05 0)
(10.9251 -7.36612e-05 0)
(10.9251 -5.91924e-05 0)
(10.9251 -3.74082e-05 0)
(10.9251 -5.66634e-06 0)
(10.9251 1.66416e-05 0)
(10.9251 1.51486e-05 0)
(10.9251 8.42144e-06 0)
(10.9251 1.57863e-06 0)
(10.9251 1.18918e-06 0)
(10.9251 -1.00097e-06 0)
(10.9251 5.66272e-07 0)
(10.9251 -1.20956e-06 0)
(10.9251 4.43221e-07 0)
(10.9251 -1.48603e-06 0)
(10.9251 2.81396e-07 0)
(10.9251 -1.92704e-06 0)
(10.9251 -3.72921e-07 0)
(10.9251 -2.69804e-06 0)
(10.9251 -9.27304e-07 0)
(10.9251 -2.04016e-06 0)
(10.9251 -8.58192e-07 0)
(10.9251 -1.27653e-06 0)
(10.9251 1.41592e-08 0)
(10.9251 -1.00751e-06 0)
(10.9251 3.61307e-07 0)
(10.9251 -1.31929e-06 0)
(10.9251 2.7581e-07 0)
(10.9251 -1.8285e-06 0)
(10.9251 -3.39658e-07 0)
(10.9251 -2.59219e-06 0)
(10.9251 -8.68406e-07 0)
(10.9251 -1.92426e-06 0)
(10.9251 -8.56293e-07 0)
(10.9251 -1.29738e-06 0)
(10.9251 -5.51283e-07 0)
(10.9251 -1.13038e-06 0)
(10.9251 -4.07331e-07 0)
(10.9251 -1.11013e-06 0)
(10.9251 -2.84277e-07 0)
(10.9251 -1.04877e-06 0)
(10.9251 -1.72856e-07 0)
(10.9251 -9.5824e-07 0)
(10.9251 -1.13709e-07 0)
(10.9251 -8.52927e-07 0)
(10.9251 -3.62878e-08 0)
(10.9251 -7.71384e-07 0)
(10.9251 8.72759e-08 0)
(10.9251 -7.23529e-07 0)
(10.9251 2.46321e-07 0)
(10.9251 -5.7737e-07 0)
(10.9251 2.71202e-07 0)
(10.9251 -4.66687e-07 0)
(10.9251 3.14485e-07 0)
(10.9251 -3.94434e-07 0)
(10.9251 4.91275e-07 0)
(10.9251 -1.38892e-08 0)
(10.9251 1.70755e-06 0)
(10.9251 3.8904e-06 0)
(10.9251 1.46868e-05 0)
(10.9251 3.94631e-05 0)
(10.9651 4.72966e-05 0)
(10.9651 2.97385e-05 0)
(10.9651 6.28339e-06 0)
(10.9651 -4.30298e-06 0)
(10.9651 -1.23314e-05 0)
(10.9651 -2.58208e-05 0)
(10.9651 -3.67417e-05 0)
(10.9651 -1.73077e-05 0)
(10.9651 -1.49788e-05 0)
(10.9651 -1.49301e-05 0)
(10.9651 -1.54112e-05 0)
(10.965 -7.75413e-06 0)
(10.965 5.3941e-06 0)
(10.9651 2.87589e-05 0)
(10.9651 4.8331e-05 0)
(10.9651 4.75272e-05 0)
(10.9652 4.05453e-05 0)
(10.9652 3.75754e-05 0)
(10.9652 1.03386e-05 0)
(10.9652 -7.02982e-06 0)
(10.9652 -1.82775e-05 0)
(10.9651 -2.24515e-05 0)
(10.9652 -2.73577e-05 0)
(10.9652 -2.18285e-05 0)
(10.9652 -1.84807e-05 0)
(10.9652 8.66984e-06 0)
(10.9652 2.15676e-05 0)
(10.9652 2.1523e-05 0)
(10.9652 9.6114e-06 0)
(10.9652 8.06997e-06 0)
(10.9652 3.08943e-06 0)
(10.9652 7.06643e-06 0)
(10.9652 1.6118e-05 0)
(10.9652 2.96783e-05 0)
(10.9651 2.93868e-05 0)
(10.9651 2.04747e-05 0)
(10.9651 8.93549e-06 0)
(10.9651 -7.73918e-06 0)
(10.9651 -3.98994e-05 0)
(10.9651 -7.17039e-05 0)
(10.9651 -7.34965e-05 0)
(10.9651 -5.9177e-05 0)
(10.9651 -3.76335e-05 0)
(10.9651 -5.38837e-06 0)
(10.9651 1.7376e-05 0)
(10.9651 1.55985e-05 0)
(10.9651 8.52861e-06 0)
(10.9651 1.59838e-06 0)
(10.9651 1.13055e-06 0)
(10.9651 -1.00275e-06 0)
(10.9651 4.9684e-07 0)
(10.9651 -1.21357e-06 0)
(10.9651 3.71233e-07 0)
(10.9651 -1.48498e-06 0)
(10.9651 2.13402e-07 0)
(10.9651 -1.908e-06 0)
(10.9651 -4.38256e-07 0)
(10.9651 -2.68965e-06 0)
(10.9651 -9.55811e-07 0)
(10.9651 -2.02032e-06 0)
(10.9651 -8.67697e-07 0)
(10.9651 -1.25e-06 0)
(10.9651 1.2207e-08 0)
(10.9651 -9.59076e-07 0)
(10.9651 3.55675e-07 0)
(10.9651 -1.26127e-06 0)
(10.9651 2.69824e-07 0)
(10.9651 -1.75596e-06 0)
(10.9651 -3.49412e-07 0)
(10.9651 -2.53526e-06 0)
(10.9651 -8.52652e-07 0)
(10.9651 -1.86543e-06 0)
(10.9651 -8.30812e-07 0)
(10.9651 -1.24593e-06 0)
(10.9651 -5.21537e-07 0)
(10.9651 -1.07353e-06 0)
(10.9651 -3.77888e-07 0)
(10.9651 -1.05001e-06 0)
(10.9651 -2.59947e-07 0)
(10.9651 -9.94131e-07 0)
(10.9651 -1.55201e-07 0)
(10.9651 -9.12328e-07 0)
(10.9651 -1.00316e-07 0)
(10.9651 -8.14442e-07 0)
(10.9651 -2.86534e-08 0)
(10.9651 -7.38132e-07 0)
(10.965 8.72493e-08 0)
(10.965 -6.93103e-07 0)
(10.965 2.33142e-07 0)
(10.965 -5.63627e-07 0)
(10.965 2.55039e-07 0)
(10.965 -4.58799e-07 0)
(10.965 2.95521e-07 0)
(10.965 -3.85883e-07 0)
(10.965 4.67869e-07 0)
(10.965 -6.19301e-09 0)
(10.9651 1.69342e-06 0)
(10.965 3.92953e-06 0)
(10.9651 1.47506e-05 0)
(10.9651 3.89018e-05 0)
(10.9978 4.69003e-05 0)
(10.9978 3.02709e-05 0)
(10.9978 6.60494e-06 0)
(10.9978 -5.19235e-06 0)
(10.9978 -1.32495e-05 0)
(10.9978 -2.65001e-05 0)
(10.9978 -3.69522e-05 0)
(10.9978 -1.70984e-05 0)
(10.9978 -1.37511e-05 0)
(10.9978 -1.39742e-05 0)
(10.9977 -1.48913e-05 0)
(10.9977 -7.64666e-06 0)
(10.9977 5.34186e-06 0)
(10.9978 2.80384e-05 0)
(10.9978 4.70394e-05 0)
(10.9978 4.65264e-05 0)
(10.9979 3.97509e-05 0)
(10.9979 3.64408e-05 0)
(10.9979 1.0606e-05 0)
(10.9979 -5.69677e-06 0)
(10.9978 -1.7685e-05 0)
(10.9978 -2.30194e-05 0)
(10.9979 -2.80209e-05 0)
(10.9979 -2.26237e-05 0)
(10.9979 -1.90722e-05 0)
(10.9979 8.68667e-06 0)
(10.9979 2.22399e-05 0)
(10.9979 2.18838e-05 0)
(10.9979 9.73145e-06 0)
(10.9979 8.12811e-06 0)
(10.9979 3.10894e-06 0)
(10.9979 7.10539e-06 0)
(10.9979 1.64665e-05 0)
(10.9979 3.04383e-05 0)
(10.9978 3.00692e-05 0)
(10.9978 2.09406e-05 0)
(10.9978 9.11277e-06 0)
(10.9978 -7.79806e-06 0)
(10.9978 -4.02501e-05 0)
(10.9978 -7.18448e-05 0)
(10.9978 -7.33452e-05 0)
(10.9978 -5.9192e-05 0)
(10.9978 -3.78818e-05 0)
(10.9978 -5.1102e-06 0)
(10.9978 1.8121e-05 0)
(10.9978 1.60496e-05 0)
(10.9978 8.62776e-06 0)
(10.9978 1.61083e-06 0)
(10.9978 1.06344e-06 0)
(10.9978 -1.01435e-06 0)
(10.9978 4.18814e-07 0)
(10.9978 -1.22715e-06 0)
(10.9978 2.91837e-07 0)
(10.9978 -1.49035e-06 0)
(10.9978 1.41423e-07 0)
(10.9978 -1.89032e-06 0)
(10.9978 -5.02855e-07 0)
(10.9978 -2.67778e-06 0)
(10.9978 -9.81202e-07 0)
(10.9978 -1.99559e-06 0)
(10.9978 -8.71466e-07 0)
(10.9978 -1.21729e-06 0)
(10.9978 1.69077e-08 0)
(10.9978 -9.03591e-07 0)
(10.9978 3.57521e-07 0)
(10.9978 -1.19512e-06 0)
(10.9978 2.71706e-07 0)
(10.9978 -1.67278e-06 0)
(10.9978 -3.4916e-07 0)
(10.9978 -2.4666e-06 0)
(10.9978 -8.27081e-07 0)
(10.9978 -1.79642e-06 0)
(10.9978 -7.96052e-07 0)
(10.9978 -1.18504e-06 0)
(10.9978 -4.82292e-07 0)
(10.9978 -1.0077e-06 0)
(10.9978 -3.39526e-07 0)
(10.9978 -9.81554e-07 0)
(10.9978 -2.27582e-07 0)
(10.9978 -9.32063e-07 0)
(10.9978 -1.30391e-07 0)
(10.9978 -8.60091e-07 0)
(10.9978 -8.08556e-08 0)
(10.9978 -7.71062e-07 0)
(10.9978 -1.61436e-08 0)
(10.9978 -7.00997e-07 0)
(10.9977 9.0375e-08 0)
(10.9977 -6.60242e-07 0)
(10.9977 2.2189e-07 0)
(10.9977 -5.48048e-07 0)
(10.9977 2.40029e-07 0)
(10.9977 -4.50183e-07 0)
(10.9977 2.77129e-07 0)
(10.9977 -3.77242e-07 0)
(10.9977 4.44118e-07 0)
(10.9977 4.29985e-10 0)
(10.9977 1.67641e-06 0)
(10.9977 3.96106e-06 0)
(10.9978 1.47848e-05 0)
(10.9978 3.83374e-05 0)
(11.0236 4.65332e-05 0)
(11.0235 3.08039e-05 0)
(11.0235 6.95634e-06 0)
(11.0235 -6.05098e-06 0)
(11.0236 -1.41345e-05 0)
(11.0236 -2.71509e-05 0)
(11.0236 -3.71607e-05 0)
(11.0236 -1.68446e-05 0)
(11.0236 -1.24843e-05 0)
(11.0235 -1.30148e-05 0)
(11.0235 -1.43858e-05 0)
(11.0235 -7.55059e-06 0)
(11.0235 5.2597e-06 0)
(11.0235 2.73104e-05 0)
(11.0236 4.57681e-05 0)
(11.0236 4.5517e-05 0)
(11.0236 3.89496e-05 0)
(11.0237 3.53258e-05 0)
(11.0237 1.08657e-05 0)
(11.0236 -4.39175e-06 0)
(11.0236 -1.70952e-05 0)
(11.0236 -2.35839e-05 0)
(11.0236 -2.866e-05 0)
(11.0236 -2.34028e-05 0)
(11.0237 -1.96795e-05 0)
(11.0237 8.68982e-06 0)
(11.0237 2.29105e-05 0)
(11.0237 2.22048e-05 0)
(11.0236 9.82938e-06 0)
(11.0236 8.16183e-06 0)
(11.0236 3.09732e-06 0)
(11.0237 7.09939e-06 0)
(11.0236 1.67736e-05 0)
(11.0236 3.11607e-05 0)
(11.0236 3.0735e-05 0)
(11.0236 2.139e-05 0)
(11.0236 9.28004e-06 0)
(11.0236 -7.84974e-06 0)
(11.0236 -4.05765e-05 0)
(11.0236 -7.19741e-05 0)
(11.0236 -7.31733e-05 0)
(11.0236 -5.92741e-05 0)
(11.0236 -3.81495e-05 0)
(11.0236 -4.83311e-06 0)
(11.0236 1.88791e-05 0)
(11.0236 1.65061e-05 0)
(11.0236 8.72233e-06 0)
(11.0236 1.61813e-06 0)
(11.0236 9.89809e-07 0)
(11.0236 -1.03548e-06 0)
(11.0236 3.32496e-07 0)
(11.0236 -1.24964e-06 0)
(11.0236 2.05759e-07 0)
(11.0236 -1.50182e-06 0)
(11.0236 6.63786e-08 0)
(11.0236 -1.87382e-06 0)
(11.0236 -5.6567e-07 0)
(11.0236 -2.66245e-06 0)
(11.0236 -1.00269e-06 0)
(11.0236 -1.96634e-06 0)
(11.0236 -8.69051e-07 0)
(11.0236 -1.17801e-06 0)
(11.0236 2.85498e-08 0)
(11.0236 -8.41162e-07 0)
(11.0236 3.66879e-07 0)
(11.0236 -1.12085e-06 0)
(11.0236 2.82512e-07 0)
(11.0236 -1.57986e-06 0)
(11.0236 -3.38392e-07 0)
(11.0236 -2.3869e-06 0)
(11.0236 -7.9216e-07 0)
(11.0235 -1.71801e-06 0)
(11.0235 -7.51503e-07 0)
(11.0235 -1.11571e-06 0)
(11.0235 -4.33733e-07 0)
(11.0235 -9.33325e-07 0)
(11.0235 -2.92382e-07 0)
(11.0235 -9.05184e-07 0)
(11.0235 -1.87342e-07 0)
(11.0235 -8.62866e-07 0)
(11.0235 -9.87212e-08 0)
(11.0235 -8.01863e-07 0)
(11.0235 -5.55167e-08 0)
(11.0235 -7.22863e-07 0)
(11.0235 1.23293e-09 0)
(11.0235 -6.59961e-07 0)
(11.0235 9.70322e-08 0)
(11.0235 -6.2528e-07 0)
(11.0235 2.12408e-07 0)
(11.0235 -5.30857e-07 0)
(11.0235 2.26299e-07 0)
(11.0235 -4.41072e-07 0)
(11.0235 2.59442e-07 0)
(11.0235 -3.68701e-07 0)
(11.0235 4.20214e-07 0)
(11.0235 5.86293e-09 0)
(11.0235 1.65683e-06 0)
(11.0235 3.98369e-06 0)
(11.0235 1.47903e-05 0)
(11.0235 3.77705e-05 0)
(11.0427 4.61876e-05 0)
(11.0426 3.1337e-05 0)
(11.0426 7.32053e-06 0)
(11.0426 -6.89234e-06 0)
(11.0427 -1.49886e-05 0)
(11.0427 -2.77723e-05 0)
(11.0427 -3.73615e-05 0)
(11.0427 -1.65498e-05 0)
(11.0427 -1.1179e-05 0)
(11.0426 -1.20433e-05 0)
(11.0426 -1.38864e-05 0)
(11.0426 -7.46354e-06 0)
(11.0426 5.14317e-06 0)
(11.0426 2.65677e-05 0)
(11.0427 4.451e-05 0)
(11.0427 4.45052e-05 0)
(11.0427 3.81451e-05 0)
(11.0428 3.42316e-05 0)
(11.0428 1.11135e-05 0)
(11.0427 -3.1128e-06 0)
(11.0427 -1.65028e-05 0)
(11.0427 -2.41383e-05 0)
(11.0427 -2.92768e-05 0)
(11.0427 -2.41634e-05 0)
(11.0428 -2.02938e-05 0)
(11.0428 8.68555e-06 0)
(11.0428 2.35828e-05 0)
(11.0428 2.25239e-05 0)
(11.0428 9.91141e-06 0)
(11.0427 8.16704e-06 0)
(11.0428 3.05301e-06 0)
(11.0428 7.04263e-06 0)
(11.0428 1.70302e-05 0)
(11.0427 3.1836e-05 0)
(11.0427 3.13854e-05 0)
(11.0427 2.18264e-05 0)
(11.0427 9.43769e-06 0)
(11.0427 -7.8951e-06 0)
(11.0427 -4.0891e-05 0)
(11.0427 -7.21013e-05 0)
(11.0427 -7.30414e-05 0)
(11.0427 -5.9407e-05 0)
(11.0427 -3.84344e-05 0)
(11.0427 -4.55935e-06 0)
(11.0427 1.965e-05 0)
(11.0427 1.69749e-05 0)
(11.0427 8.82061e-06 0)
(11.0427 1.62518e-06 0)
(11.0427 9.11916e-07 0)
(11.0427 -1.06603e-06 0)
(11.0427 2.3859e-07 0)
(11.0427 -1.28022e-06 0)
(11.0427 1.13652e-07 0)
(11.0427 -1.51871e-06 0)
(11.0427 -1.05893e-08 0)
(11.0427 -1.8581e-06 0)
(11.0427 -6.25493e-07 0)
(11.0427 -2.64321e-06 0)
(11.0427 -1.01977e-06 0)
(11.0427 -1.93245e-06 0)
(11.0427 -8.59736e-07 0)
(11.0427 -1.13255e-06 0)
(11.0427 4.78069e-08 0)
(11.0427 -7.7185e-07 0)
(11.0427 3.84841e-07 0)
(11.0427 -1.03884e-06 0)
(11.0427 3.02571e-07 0)
(11.0427 -1.47754e-06 0)
(11.0427 -3.17019e-07 0)
(11.0427 -2.29645e-06 0)
(11.0427 -7.47743e-07 0)
(11.0427 -1.631e-06 0)
(11.0427 -6.97343e-07 0)
(11.0427 -1.03764e-06 0)
(11.0426 -3.7645e-07 0)
(11.0426 -8.50506e-07 0)
(11.0426 -2.36739e-07 0)
(11.0426 -8.21235e-07 0)
(11.0426 -1.39211e-07 0)
(11.0426 -7.8695e-07 0)
(11.0426 -5.98477e-08 0)
(11.0426 -7.37804e-07 0)
(11.0426 -2.44521e-08 0)
(11.0426 -6.6983e-07 0)
(11.0426 2.32318e-08 0)
(11.0426 -6.15286e-07 0)
(11.0426 1.07541e-07 0)
(11.0426 -5.87936e-07 0)
(11.0426 2.05087e-07 0)
(11.0426 -5.12172e-07 0)
(11.0426 2.13978e-07 0)
(11.0426 -4.31275e-07 0)
(11.0426 2.4241e-07 0)
(11.0426 -3.60485e-07 0)
(11.0426 3.96103e-07 0)
(11.0426 9.92698e-09 0)
(11.0426 1.63439e-06 0)
(11.0426 3.99476e-06 0)
(11.0426 1.4766e-05 0)
(11.0426 3.71996e-05 0)
(11.0553 4.58034e-05 0)
(11.0553 3.18475e-05 0)
(11.0553 7.63829e-06 0)
(11.0553 -7.79548e-06 0)
(11.0553 -1.58531e-05 0)
(11.0553 -2.83593e-05 0)
(11.0553 -3.75268e-05 0)
(11.0553 -1.62006e-05 0)
(11.0553 -9.81964e-06 0)
(11.0553 -1.10437e-05 0)
(11.0552 -1.33465e-05 0)
(11.0552 -7.35747e-06 0)
(11.0552 5.01139e-06 0)
(11.0553 2.58156e-05 0)
(11.0553 4.32644e-05 0)
(11.0553 4.35025e-05 0)
(11.0553 3.73564e-05 0)
(11.0554 3.31805e-05 0)
(11.0554 1.136e-05 0)
(11.0554 -1.85042e-06 0)
(11.0553 -1.59078e-05 0)
(11.0553 -2.46753e-05 0)
(11.0553 -2.98768e-05 0)
(11.0554 -2.48905e-05 0)
(11.0554 -2.08931e-05 0)
(11.0554 8.70375e-06 0)
(11.0554 2.42799e-05 0)
(11.0554 2.28789e-05 0)
(11.0554 9.98918e-06 0)
(11.0554 8.15773e-06 0)
(11.0554 2.99172e-06 0)
(11.0554 6.94587e-06 0)
(11.0554 1.72362e-05 0)
(11.0554 3.24592e-05 0)
(11.0553 3.20152e-05 0)
(11.0553 2.22562e-05 0)
(11.0553 9.59218e-06 0)
(11.0553 -7.92672e-06 0)
(11.0553 -4.12161e-05 0)
(11.0553 -7.23415e-05 0)
(11.0553 -7.29596e-05 0)
(11.0553 -5.9591e-05 0)
(11.0553 -3.87299e-05 0)
(11.0553 -4.27696e-06 0)
(11.0553 2.04497e-05 0)
(11.0553 1.74785e-05 0)
(11.0553 8.94583e-06 0)
(11.0553 1.64292e-06 0)
(11.0553 8.38898e-07 0)
(11.0553 -1.09668e-06 0)
(11.0553 1.46697e-07 0)
(11.0553 -1.31101e-06 0)
(11.0553 2.41668e-08 0)
(11.0553 -1.53473e-06 0)
(11.0553 -8.43136e-08 0)
(11.0553 -1.83947e-06 0)
(11.0553 -6.80521e-07 0)
(11.0553 -2.61989e-06 0)
(11.0553 -1.03336e-06 0)
(11.0553 -1.89559e-06 0)
(11.0553 -8.48287e-07 0)
(11.0553 -1.08501e-06 0)
(11.0553 6.90219e-08 0)
(11.0553 -7.02095e-07 0)
(11.0553 4.04568e-07 0)
(11.0553 -9.56971e-07 0)
(11.0553 3.24366e-07 0)
(11.0553 -1.37467e-06 0)
(11.0553 -2.93112e-07 0)
(11.0553 -2.20459e-06 0)
(11.0553 -7.02378e-07 0)
(11.0553 -1.54461e-06 0)
(11.0553 -6.43023e-07 0)
(11.0553 -9.59102e-07 0)
(11.0553 -3.20322e-07 0)
(11.0553 -7.68611e-07 0)
(11.0553 -1.81966e-07 0)
(11.0553 -7.39315e-07 0)
(11.0553 -9.14453e-08 0)
(11.0553 -7.12815e-07 0)
(11.0553 -2.01886e-08 0)
(11.0553 -6.74232e-07 0)
(11.0553 6.44118e-09 0)
(11.0553 -6.16535e-07 0)
(11.0553 4.4857e-08 0)
(11.0553 -5.70875e-07 0)
(11.0553 1.18819e-07 0)
(11.0553 -5.51856e-07 0)
(11.0553 1.99794e-07 0)
(11.0553 -4.92612e-07 0)
(11.0553 2.02697e-07 0)
(11.0553 -4.19879e-07 0)
(11.0553 2.25908e-07 0)
(11.0553 -3.52418e-07 0)
(11.0553 3.73041e-07 0)
(11.0553 1.36656e-08 0)
(11.0553 1.61084e-06 0)
(11.0553 3.99893e-06 0)
(11.0553 1.47122e-05 0)
(11.0553 3.65939e-05 0)
(11.0616 4.5657e-05 0)
(11.0616 3.25811e-05 0)
(11.0615 8.31349e-06 0)
(11.0615 -8.51169e-06 0)
(11.0616 -1.67219e-05 0)
(11.0616 -2.89967e-05 0)
(11.0616 -3.79582e-05 0)
(11.0616 -1.60461e-05 0)
(11.0616 -8.46147e-06 0)
(11.0615 -1.01371e-05 0)
(11.0615 -1.29759e-05 0)
(11.0615 -7.3533e-06 0)
(11.0615 4.81992e-06 0)
(11.0615 2.51609e-05 0)
(11.0616 4.21515e-05 0)
(11.0616 4.25735e-05 0)
(11.0616 3.6538e-05 0)
(11.0617 3.20068e-05 0)
(11.0617 1.15935e-05 0)
(11.0616 -5.59226e-07 0)
(11.0616 -1.53235e-05 0)
(11.0616 -2.51745e-05 0)
(11.0616 -3.036e-05 0)
(11.0616 -2.55868e-05 0)
(11.0617 -2.16307e-05 0)
(11.0617 8.65335e-06 0)
(11.0617 2.49538e-05 0)
(11.0617 2.3079e-05 0)
(11.0617 9.89818e-06 0)
(11.0617 8.03326e-06 0)
(11.0617 2.85379e-06 0)
(11.0617 6.82962e-06 0)
(11.0617 1.75906e-05 0)
(11.0616 3.3213e-05 0)
(11.0616 3.25938e-05 0)
(11.0616 2.25863e-05 0)
(11.0616 9.70026e-06 0)
(11.0616 -7.85555e-06 0)
(11.0616 -4.11961e-05 0)
(11.0616 -7.2367e-05 0)
(11.0616 -7.29787e-05 0)
(11.0616 -5.98717e-05 0)
(11.0616 -3.9079e-05 0)
(11.0616 -4.00622e-06 0)
(11.0616 2.12513e-05 0)
(11.0616 1.78474e-05 0)
(11.0616 8.89095e-06 0)
(11.0616 1.56073e-06 0)
(11.0616 7.21869e-07 0)
(11.0616 -1.14994e-06 0)
(11.0616 4.00713e-08 0)
(11.0616 -1.35604e-06 0)
(11.0616 -7.73569e-08 0)
(11.0616 -1.56228e-06 0)
(11.0616 -1.63682e-07 0)
(11.0616 -1.82485e-06 0)
(11.0616 -7.32272e-07 -1.68053e-35)
(11.0616 -2.59164e-06 0)
(11.0616 -1.0395e-06 0)
(11.0616 -1.84706e-06 0)
(11.0616 -8.22584e-07 0)
(11.0616 -1.02638e-06 0)
(11.0616 1.06059e-07 0)
(11.0616 -6.20209e-07 0)
(11.0616 4.36433e-07 0)
(11.0616 -8.63529e-07 0)
(11.0616 3.57563e-07 0)
(11.0616 -1.25988e-06 0)
(11.0616 -2.56162e-07 -1.34797e-35)
(11.0616 -2.09928e-06 -1.32411e-35)
(11.0616 -6.5014e-07 0)
(11.0616 -1.44869e-06 1.2677e-35)
(11.0616 -5.82395e-07 0)
(11.0616 -8.76711e-07 1.19817e-35)
(11.0616 -2.43305e-07 0)
(11.0616 -6.84176e-07 -1.12677e-35)
(11.0616 -1.16913e-07 0)
(11.0615 -6.49828e-07 0)
(11.0615 -4.35703e-08 0)
(11.0615 -6.31849e-07 -9.83619e-36)
(11.0615 1.82223e-08 0)
(11.0615 -6.0607e-07 0)
(11.0615 4.04349e-08 0)
(11.0615 -5.64045e-07 0)
(11.0615 7.25198e-08 0)
(11.0615 -5.28269e-07 0)
(11.0615 1.32489e-07 0)
(11.0615 -5.11991e-07 0)
(11.0615 1.84778e-07 0)
(11.0615 -4.71637e-07 0)
(11.0615 1.93015e-07 0)
(11.0615 -4.12524e-07 -5.84514e-36)
(11.0615 2.13193e-07 0)
(11.0615 -3.42208e-07 0)
(11.0615 3.51026e-07 -4.79984e-36)
(11.0615 1.55392e-08 0)
(11.0615 1.59595e-06 8.20415e-36)
(11.0615 4.02116e-06 0)
(11.0615 1.46554e-05 0)
(11.0616 3.61195e-05 0)
(11.0616 4.51243e-05 0)
(11.0615 3.31105e-05 0)
(11.0615 8.68689e-06 0)
(11.0615 -8.93152e-06 0)
(11.0616 -1.70505e-05 0)
(11.0616 -2.97658e-05 0)
(11.0616 -3.81917e-05 0)
(11.0616 -1.5499e-05 0)
(11.0616 -7.19062e-06 0)
(11.0615 -9.35327e-06 0)
(11.0615 -1.25864e-05 0)
(11.0615 -7.25238e-06 0)
(11.0615 4.79214e-06 0)
(11.0615 2.44698e-05 0)
(11.0616 4.09636e-05 0)
(11.0616 4.14034e-05 0)
(11.0616 3.55739e-05 0)
(11.0616 3.11152e-05 0)
(11.0617 1.19298e-05 0)
(11.0616 7.12147e-07 0)
(11.0616 -1.46955e-05 0)
(11.0616 -2.57146e-05 0)
(11.0616 -3.10763e-05 0)
(11.0616 -2.65121e-05 0)
(11.0617 -2.2383e-05 0)
(11.0617 8.5099e-06 0)
(11.0617 2.54834e-05 0)
(11.0617 2.3328e-05 0)
(11.0616 9.88196e-06 0)
(11.0616 7.92699e-06 0)
(11.0617 2.79317e-06 0)
(11.0617 6.74395e-06 0)
(11.0617 1.76165e-05 0)
(11.0616 3.37509e-05 0)
(11.0616 3.34796e-05 0)
(11.0616 2.3232e-05 0)
(11.0616 9.96037e-06 0)
(11.0616 -7.87777e-06 0)
(11.0616 -4.18025e-05 0)
(11.0616 -7.2716e-05 0)
(11.0616 -7.23592e-05 0)
(11.0616 -5.96927e-05 0)
(11.0616 -3.94899e-05 0)
(11.0616 -3.92361e-06 0)
(11.0616 2.18729e-05 0)
(11.0616 1.8259e-05 0)
(11.0616 8.97239e-06 0)
(11.0616 1.54268e-06 0)
(11.0616 6.17091e-07 0)
(11.0616 -1.20197e-06 0)
(11.0616 -6.3094e-08 0)
(11.0616 -1.39609e-06 0)
(11.0616 -1.68806e-07 0)
(11.0616 -1.57925e-06 0)
(11.0616 -2.28297e-07 0)
(11.0616 -1.796e-06 0)
(11.0616 -7.72144e-07 1.68053e-35)
(11.0616 -2.55612e-06 0)
(11.0616 -1.04223e-06 0)
(11.0616 -1.80074e-06 0)
(11.0616 -7.98714e-07 0)
(11.0616 -9.67031e-07 0)
(11.0616 1.37995e-07 0)
(11.0616 -5.35595e-07 0)
(11.0616 4.78606e-07 0)
(11.0616 -7.63946e-07 0)
(11.0616 4.03603e-07 0)
(11.0616 -1.13779e-06 0)
(11.0616 -2.05786e-07 1.34796e-35)
(11.0616 -1.98215e-06 1.32411e-35)
(11.0616 -5.77486e-07 0)
(11.0616 -1.34008e-06 -1.2677e-35)
(11.0616 -5.03204e-07 0)
(11.0616 -7.74187e-07 -1.19817e-35)
(11.0616 -1.78356e-07 0)
(11.0616 -5.77858e-07 1.12677e-35)
(11.0616 -4.26359e-08 0)
(11.0615 -5.49644e-07 0)
(11.0615 3.40841e-08 0)
(11.0615 -5.41699e-07 9.83615e-36)
(11.0615 7.71961e-08 0)
(11.0615 -5.28166e-07 0)
(11.0615 8.69588e-08 0)
(11.0615 -4.97179e-07 0)
(11.0615 1.05382e-07 0)
(11.0615 -4.72702e-07 0)
(11.0615 1.53515e-07 0)
(11.0615 -4.69796e-07 0)
(11.0615 1.90209e-07 0)
(11.0615 -4.49868e-07 0)
(11.0615 1.83894e-07 0)
(11.0615 -3.9785e-07 5.84512e-36)
(11.0615 1.98107e-07 0)
(11.0615 -3.3698e-07 0)
(11.0615 3.26443e-07 4.79982e-36)
(11.0615 1.77262e-08 0)
(11.0615 1.55917e-06 -8.20412e-36)
(11.0615 4.00232e-06 0)
(11.0615 1.45873e-05 0)
(11.0615 3.53657e-05 0)
(11.0553 4.49835e-05 0)
(11.0553 3.38929e-05 0)
(11.0553 9.40092e-06 0)
(11.0553 -9.62445e-06 0)
(11.0553 -1.79467e-05 0)
(11.0553 -3.03372e-05 0)
(11.0553 -3.86684e-05 0)
(11.0553 -1.53214e-05 0)
(11.0553 -5.73877e-06 0)
(11.0552 -8.43927e-06 0)
(11.0552 -1.22586e-05 0)
(11.0552 -7.2642e-06 0)
(11.0552 4.61419e-06 0)
(11.0552 2.38063e-05 0)
(11.0553 3.98349e-05 0)
(11.0553 4.04518e-05 0)
(11.0553 3.47523e-05 0)
(11.0554 3.00318e-05 0)
(11.0554 1.21586e-05 0)
(11.0553 1.97668e-06 0)
(11.0553 -1.40979e-05 0)
(11.0553 -2.62061e-05 0)
(11.0553 -3.15118e-05 0)
(11.0553 -2.71639e-05 0)
(11.0554 -2.31647e-05 0)
(11.0554 8.43286e-06 0)
(11.0554 2.61873e-05 0)
(11.0554 2.35319e-05 0)
(11.0554 9.74801e-06 0)
(11.0554 7.74016e-06 0)
(11.0554 2.63657e-06 0)
(11.0554 6.54919e-06 0)
(11.0554 1.78789e-05 0)
(11.0554 3.4436e-05 0)
(11.0553 3.40801e-05 0)
(11.0553 2.35762e-05 0)
(11.0553 1.00906e-05 0)
(11.0553 -7.76569e-06 0)
(11.0553 -4.17624e-05 0)
(11.0553 -7.27768e-05 0)
(11.0553 -7.24269e-05 0)
(11.0553 -5.99608e-05 0)
(11.0553 -3.98917e-05 0)
(11.0553 -3.68644e-06 0)
(11.0553 2.27019e-05 0)
(11.0553 1.86383e-05 0)
(11.0553 8.89921e-06 0)
(11.0553 1.44425e-06 0)
(11.0553 4.86831e-07 0)
(11.0553 -1.26821e-06 0)
(11.0553 -1.75076e-07 0)
(11.0553 -1.44787e-06 0)
(11.0553 -2.69534e-07 0)
(11.0553 -1.60671e-06 0)
(11.0553 -3.03224e-07 0)
(11.0553 -1.77792e-06 0)
(11.0553 -8.08378e-07 0)
(11.0553 -2.50944e-06 0)
(11.0553 -1.03388e-06 0)
(11.0553 -1.74166e-06 0)
(11.0553 -7.62017e-07 0)
(11.0553 -8.98334e-07 0)
(11.0553 1.85637e-07 0)
(11.0553 -4.46182e-07 0)
(11.0553 5.21261e-07 0)
(11.0553 -6.64195e-07 0)
(11.0553 4.47043e-07 0)
(11.0553 -1.01606e-06 0)
(11.0553 -1.57196e-07 0)
(11.0553 -1.86696e-06 0)
(11.0553 -5.19498e-07 0)
(11.0553 -1.23889e-06 0)
(11.0553 -4.34544e-07 0)
(11.0553 -6.87217e-07 0)
(11.0553 -9.70458e-08 0)
(11.0553 -4.87471e-07 0)
(11.0553 2.76464e-08 0)
(11.0553 -4.56468e-07 0)
(11.0553 8.64964e-08 0)
(11.0553 -4.58047e-07 0)
(11.0553 1.23778e-07 0)
(11.0553 -4.56813e-07 0)
(11.0553 1.27229e-07 0)
(11.0552 -4.3909e-07 0)
(11.0552 1.362e-07 0)
(11.0552 -4.24639e-07 0)
(11.0552 1.70828e-07 0)
(11.0552 -4.29343e-07 0)
(11.0552 1.86556e-07 0)
(11.0552 -4.28144e-07 0)
(11.0552 1.76257e-07 0)
(11.0552 -3.86768e-07 0)
(11.0552 1.86177e-07 0)
(11.0552 -3.2839e-07 0)
(11.0552 3.05274e-07 0)
(11.0552 2.05038e-08 0)
(11.0552 1.53135e-06 0)
(11.0552 3.9902e-06 0)
(11.0552 1.45029e-05 0)
(11.0553 3.48698e-05 0)
(11.0426 4.4625e-05 0)
(11.0426 3.45174e-05 0)
(11.0426 9.79579e-06 0)
(11.0426 -1.04644e-05 0)
(11.0426 -1.88421e-05 0)
(11.0427 -3.08179e-05 0)
(11.0427 -3.89289e-05 0)
(11.0427 -1.4919e-05 0)
(11.0426 -4.22241e-06 0)
(11.0426 -7.42219e-06 0)
(11.0426 -1.17923e-05 0)
(11.0426 -7.19984e-06 0)
(11.0426 4.42187e-06 0)
(11.0426 2.30494e-05 0)
(11.0426 3.86423e-05 0)
(11.0427 3.94177e-05 0)
(11.0427 3.39475e-05 0)
(11.0427 2.90828e-05 0)
(11.0427 1.23897e-05 0)
(11.0427 3.25257e-06 0)
(11.0427 -1.3453e-05 0)
(11.0427 -2.67141e-05 0)
(11.0427 -3.20075e-05 0)
(11.0427 -2.7819e-05 0)
(11.0427 -2.38737e-05 0)
(11.0427 8.40599e-06 0)
(11.0427 2.69376e-05 0)
(11.0427 2.38704e-05 0)
(11.0427 9.73037e-06 0)
(11.0427 7.59931e-06 0)
(11.0427 2.48485e-06 0)
(11.0427 6.30523e-06 0)
(11.0427 1.7941e-05 0)
(11.0427 3.49676e-05 0)
(11.0427 3.47389e-05 0)
(11.0427 2.40202e-05 0)
(11.0427 1.02612e-05 0)
(11.0427 -7.70902e-06 0)
(11.0427 -4.20302e-05 0)
(11.0427 -7.31116e-05 0)
(11.0427 -7.24121e-05 0)
(11.0427 -6.01538e-05 0)
(11.0427 -4.03074e-05 0)
(11.0427 -3.48548e-06 0)
(11.0427 2.35543e-05 0)
(11.0427 1.91611e-05 0)
(11.0427 8.98009e-06 0)
(11.0427 1.42891e-06 0)
(11.0427 3.88223e-07 0)
(11.0427 -1.32573e-06 0)
(11.0427 -2.78455e-07 0)
(11.0427 -1.49106e-06 0)
(11.0427 -3.54193e-07 0)
(11.0427 -1.61979e-06 0)
(11.0427 -3.59852e-07 0)
(11.0427 -1.74345e-06 0)
(11.0427 -8.32777e-07 0)
(11.0427 -2.45718e-06 0)
(11.0427 -1.0237e-06 0)
(11.0427 -1.68074e-06 0)
(11.0427 -7.23135e-07 0)
(11.0427 -8.29015e-07 0)
(11.0427 2.30786e-07 0)
(11.0427 -3.5889e-07 0)
(11.0427 5.64951e-07 0)
(11.0427 -5.67254e-07 0)
(11.0427 4.91566e-07 0)
(11.0427 -8.97212e-07 0)
(11.0427 -1.08024e-07 0)
(11.0427 -1.75317e-06 0)
(11.0426 -4.60577e-07 0)
(11.0426 -1.14057e-06 0)
(11.0426 -3.64986e-07 0)
(11.0426 -5.98466e-07 0)
(11.0426 -2.81272e-08 0)
(11.0426 -3.97711e-07 0)
(11.0426 9.36932e-08 0)
(11.0426 -3.67392e-07 0)
(11.0426 1.44319e-07 0)
(11.0426 -3.77645e-07 0)
(11.0426 1.70227e-07 0)
(11.0426 -3.88705e-07 0)
(11.0426 1.65664e-07 0)
(11.0426 -3.82949e-07 0)
(11.0426 1.65126e-07 0)
(11.0426 -3.77766e-07 0)
(11.0426 1.87362e-07 0)
(11.0426 -3.90266e-07 0)
(11.0426 1.84544e-07 0)
(11.0426 -4.0753e-07 0)
(11.0426 1.68864e-07 0)
(11.0426 -3.75249e-07 0)
(11.0426 1.74023e-07 0)
(11.0426 -3.19923e-07 0)
(11.0426 2.85012e-07 0)
(11.0426 2.25657e-08 0)
(11.0426 1.50228e-06 0)
(11.0426 3.96282e-06 0)
(11.0426 1.43629e-05 0)
(11.0426 3.42196e-05 0)
(11.0235 4.43011e-05 0)
(11.0235 3.52739e-05 0)
(11.0235 1.02625e-05 0)
(11.0235 -1.12012e-05 0)
(11.0235 -1.97191e-05 0)
(11.0236 -3.13296e-05 0)
(11.0236 -3.92735e-05 0)
(11.0236 -1.45381e-05 0)
(11.0235 -2.69784e-06 0)
(11.0235 -6.43943e-06 0)
(11.0235 -1.13839e-05 0)
(11.0235 -7.17446e-06 0)
(11.0235 4.19955e-06 0)
(11.0235 2.22953e-05 0)
(11.0235 3.74691e-05 0)
(11.0236 3.83794e-05 0)
(11.0236 3.31113e-05 0)
(11.0236 2.81277e-05 0)
(11.0236 1.26142e-05 0)
(11.0236 4.55641e-06 0)
(11.0236 -1.27744e-05 0)
(11.0236 -2.72046e-05 0)
(11.0236 -3.24805e-05 0)
(11.0236 -2.84888e-05 0)
(11.0236 -2.46473e-05 0)
(11.0236 8.33262e-06 0)
(11.0236 2.76724e-05 0)
(11.0236 2.41852e-05 0)
(11.0236 9.66017e-06 0)
(11.0236 7.40637e-06 0)
(11.0236 2.30559e-06 0)
(11.0236 6.03101e-06 0)
(11.0236 1.79912e-05 0)
(11.0236 3.55142e-05 0)
(11.0236 3.54321e-05 0)
(11.0236 2.44791e-05 0)
(11.0236 1.04396e-05 0)
(11.0236 -7.62177e-06 0)
(11.0236 -4.22564e-05 0)
(11.0236 -7.34408e-05 0)
(11.0236 -7.23504e-05 0)
(11.0236 -6.03332e-05 0)
(11.0236 -4.07789e-05 0)
(11.0236 -3.31597e-06 0)
(11.0236 2.44045e-05 0)
(11.0236 1.96563e-05 0)
(11.0236 9.02032e-06 0)
(11.0236 1.38669e-06 0)
(11.0236 2.73026e-07 0)
(11.0236 -1.39508e-06 0)
(11.0236 -3.89828e-07 0)
(11.0236 -1.53774e-06 0)
(11.0236 -4.37084e-07 0)
(11.0236 -1.63204e-06 0)
(11.0236 -4.11426e-07 0)
(11.0236 -1.70425e-06 0)
(11.0236 -8.46451e-07 0)
(11.0236 -2.39297e-06 0)
(11.0236 -1.0042e-06 0)
(11.0236 -1.61057e-06 0)
(11.0236 -6.74077e-07 0)
(11.0236 -7.51159e-07 0)
(11.0236 2.85335e-07 0)
(11.0236 -2.63665e-07 0)
(11.0236 6.1801e-07 0)
(11.0236 -4.63038e-07 0)
(11.0236 5.44987e-07 0)
(11.0235 -7.71222e-07 0)
(11.0235 -4.93941e-08 0)
(11.0235 -1.62987e-06 0)
(11.0235 -3.95506e-07 0)
(11.0235 -1.036e-06 0)
(11.0235 -2.88798e-07 0)
(11.0235 -5.05005e-07 0)
(11.0235 4.80284e-08 0)
(11.0235 -3.02134e-07 0)
(11.0235 1.65967e-07 0)
(11.0235 -2.72494e-07 0)
(11.0235 2.07291e-07 0)
(11.0235 -2.92603e-07 0)
(11.0235 2.21892e-07 0)
(11.0235 -3.16933e-07 0)
(11.0235 2.08579e-07 0)
(11.0235 -3.23723e-07 0)
(11.0235 1.97801e-07 0)
(11.0235 -3.28185e-07 0)
(11.0235 2.07223e-07 0)
(11.0235 -3.48418e-07 0)
(11.0235 1.84709e-07 0)
(11.0235 -3.86816e-07 0)
(11.0235 1.62611e-07 0)
(11.0235 -3.63777e-07 0)
(11.0235 1.62782e-07 0)
(11.0235 -3.11569e-07 0)
(11.0235 2.64784e-07 0)
(11.0235 2.29551e-08 0)
(11.0235 1.47087e-06 0)
(11.0235 3.92835e-06 0)
(11.0235 1.41966e-05 0)
(11.0235 3.35755e-05 0)
(10.9978 4.39563e-05 0)
(10.9977 3.61494e-05 0)
(10.9977 1.07197e-05 0)
(10.9977 -1.19226e-05 0)
(10.9978 -2.05984e-05 0)
(10.9978 -3.18381e-05 0)
(10.9978 -3.9677e-05 0)
(10.9978 -1.41645e-05 0)
(10.9978 -1.1445e-06 0)
(10.9977 -5.46969e-06 0)
(10.9977 -1.09981e-05 0)
(10.9977 -7.16655e-06 0)
(10.9977 3.97102e-06 0)
(10.9977 2.15499e-05 0)
(10.9977 3.63145e-05 0)
(10.9978 3.73409e-05 0)
(10.9978 3.22665e-05 0)
(10.9978 2.71928e-05 0)
(10.9978 1.28425e-05 0)
(10.9978 5.90306e-06 0)
(10.9978 -1.20692e-05 0)
(10.9978 -2.76875e-05 0)
(10.9978 -3.29271e-05 0)
(10.9978 -2.91696e-05 0)
(10.9978 -2.54573e-05 0)
(10.9979 8.23741e-06 0)
(10.9978 2.84219e-05 0)
(10.9978 2.45001e-05 0)
(10.9978 9.54675e-06 0)
(10.9978 7.18053e-06 0)
(10.9978 2.1112e-06 0)
(10.9979 5.7458e-06 0)
(10.9979 1.80286e-05 0)
(10.9978 3.60659e-05 0)
(10.9978 3.61575e-05 0)
(10.9978 2.49588e-05 0)
(10.9978 1.06336e-05 0)
(10.9978 -7.49672e-06 0)
(10.9978 -4.2464e-05 0)
(10.9978 -7.3817e-05 0)
(10.9978 -7.22549e-05 0)
(10.9978 -6.05103e-05 0)
(10.9978 -4.12993e-05 0)
(10.9978 -3.16985e-06 0)
(10.9978 2.5273e-05 0)
(10.9978 2.01441e-05 0)
(10.9978 9.03611e-06 0)
(10.9978 1.32772e-06 0)
(10.9978 1.49696e-07 0)
(10.9978 -1.46648e-06 0)
(10.9978 -4.97537e-07 0)
(10.9978 -1.57812e-06 0)
(10.9978 -5.09533e-07 0)
(10.9978 -1.63704e-06 0)
(10.9978 -4.51285e-07 0)
(10.9978 -1.65654e-06 0)
(10.9978 -8.48328e-07 0)
(10.9978 -2.31677e-06 0)
(10.9978 -9.77068e-07 0)
(10.9978 -1.53425e-06 0)
(10.9978 -6.19062e-07 0)
(10.9978 -6.69777e-07 0)
(10.9978 3.42844e-07 0)
(10.9978 -1.67742e-07 0)
(10.9978 6.72723e-07 0)
(10.9978 -3.59865e-07 0)
(10.9978 5.98883e-07 0)
(10.9978 -6.47216e-07 0)
(10.9978 9.78046e-09 0)
(10.9978 -1.50668e-06 0)
(10.9978 -3.33831e-07 0)
(10.9978 -9.35136e-07 0)
(10.9978 -2.15425e-07 0)
(10.9978 -4.15773e-07 0)
(10.9977 1.21177e-07 0)
(10.9977 -2.10911e-07 0)
(10.9977 2.34714e-07 0)
(10.9977 -1.81781e-07 0)
(10.9977 2.66807e-07 0)
(10.9977 -2.11368e-07 0)
(10.9977 2.70998e-07 0)
(10.9977 -2.4834e-07 0)
(10.9977 2.49527e-07 0)
(10.9977 -2.66797e-07 0)
(10.9977 2.291e-07 0)
(10.9977 -2.80224e-07 0)
(10.9977 2.26522e-07 0)
(10.9977 -3.07497e-07 0)
(10.9977 1.85459e-07 0)
(10.9977 -3.66198e-07 0)
(10.9977 1.57081e-07 0)
(10.9977 -3.52112e-07 0)
(10.9977 1.52455e-07 0)
(10.9977 -3.0283e-07 0)
(10.9977 2.45622e-07 0)
(10.9977 2.31867e-08 0)
(10.9977 1.43871e-06 0)
(10.9977 3.89014e-06 0)
(10.9977 1.40084e-05 0)
(10.9977 3.29099e-05 0)
(10.9651 4.3581e-05 0)
(10.965 3.71047e-05 0)
(10.965 1.1182e-05 0)
(10.965 -1.26363e-05 0)
(10.965 -2.1422e-05 0)
(10.9651 -3.23954e-05 0)
(10.9651 -4.0137e-05 0)
(10.9651 -1.38009e-05 0)
(10.9651 4.38418e-07 0)
(10.965 -4.50213e-06 0)
(10.965 -1.06286e-05 0)
(10.965 -7.17787e-06 0)
(10.965 3.73236e-06 0)
(10.965 2.08077e-05 0)
(10.965 3.51747e-05 0)
(10.9651 3.63022e-05 0)
(10.9651 3.14216e-05 0)
(10.9651 2.62827e-05 0)
(10.9651 1.30719e-05 0)
(10.9651 7.30096e-06 0)
(10.9651 -1.1337e-05 0)
(10.9651 -2.81729e-05 0)
(10.9651 -3.3343e-05 0)
(10.9651 -2.98492e-05 0)
(10.9651 -2.631e-05 0)
(10.9652 8.12097e-06 0)
(10.9651 2.91896e-05 0)
(10.9651 2.47823e-05 0)
(10.9651 9.43051e-06 0)
(10.9651 6.92164e-06 0)
(10.9651 1.89153e-06 0)
(10.9651 5.45855e-06 0)
(10.9652 1.80461e-05 0)
(10.9651 3.66184e-05 0)
(10.9651 3.69191e-05 0)
(10.9651 2.54647e-05 0)
(10.9651 1.08438e-05 0)
(10.9651 -7.33743e-06 0)
(10.9651 -4.26601e-05 0)
(10.9651 -7.41781e-05 0)
(10.9651 -7.21522e-05 0)
(10.9651 -6.06827e-05 0)
(10.9651 -4.18683e-05 0)
(10.9651 -3.04796e-06 0)
(10.9651 2.61594e-05 0)
(10.9651 2.06341e-05 0)
(10.9651 9.03327e-06 0)
(10.9651 1.25602e-06 0)
(10.9651 1.93163e-08 0)
(10.9651 -1.53891e-06 0)
(10.9651 -5.99267e-07 0)
(10.9651 -1.60987e-06 0)
(10.9651 -5.70036e-07 0)
(10.9651 -1.63106e-06 0)
(10.9651 -4.77285e-07 0)
(10.9651 -1.59673e-06 0)
(10.9651 -8.36991e-07 0)
(10.9651 -2.22803e-06 0)
(10.9651 -9.42189e-07 0)
(10.9651 -1.45171e-06 0)
(10.9651 -5.57948e-07 0)
(10.9651 -5.85177e-07 0)
(10.9651 4.0304e-07 0)
(10.9651 -7.12915e-08 0)
(10.9651 7.28599e-07 0)
(10.9651 -2.581e-07 0)
(10.9651 6.52736e-07 0)
(10.9651 -5.25496e-07 0)
(10.9651 6.8908e-08 0)
(10.9651 -1.3839e-06 0)
(10.9651 -2.76182e-07 0)
(10.9651 -8.38472e-07 0)
(10.965 -1.45311e-07 0)
(10.965 -3.30773e-07 0)
(10.965 1.90424e-07 0)
(10.965 -1.24388e-07 0)
(10.965 2.99442e-07 0)
(10.965 -9.57442e-08 0)
(10.965 3.22606e-07 0)
(10.965 -1.34474e-07 0)
(10.965 3.17001e-07 0)
(10.965 -1.83378e-07 0)
(10.965 2.88039e-07 0)
(10.965 -2.12661e-07 0)
(10.965 2.58681e-07 0)
(10.965 -2.34334e-07 0)
(10.965 2.44931e-07 0)
(10.965 -2.67857e-07 0)
(10.965 1.86596e-07 0)
(10.965 -3.46015e-07 0)
(10.965 1.52139e-07 0)
(10.965 -3.40466e-07 0)
(10.965 1.42952e-07 0)
(10.965 -2.93702e-07 0)
(10.965 2.27253e-07 0)
(10.965 2.33751e-08 0)
(10.965 1.40554e-06 0)
(10.965 3.84594e-06 0)
(10.965 1.37985e-05 0)
(10.965 3.22226e-05 0)
(10.9251 4.31609e-05 0)
(10.9251 3.8119e-05 0)
(10.9251 1.16717e-05 0)
(10.9251 -1.33471e-05 0)
(10.9251 -2.22244e-05 0)
(10.9251 -3.30268e-05 0)
(10.9251 -4.06457e-05 0)
(10.9251 -1.34509e-05 0)
(10.9251 2.05567e-06 0)
(10.9251 -3.53198e-06 0)
(10.9251 -1.02738e-05 0)
(10.925 -7.20881e-06 0)
(10.9251 3.4803e-06 0)
(10.9251 2.00669e-05 0)
(10.9251 3.40462e-05 0)
(10.9251 3.52635e-05 0)
(10.9252 3.05795e-05 0)
(10.9252 2.5397e-05 0)
(10.9252 1.33048e-05 0)
(10.9252 8.75209e-06 0)
(10.9251 -1.05785e-05 0)
(10.9251 -2.86666e-05 0)
(10.9251 -3.37244e-05 0)
(10.9252 -3.05268e-05 0)
(10.9252 -2.72108e-05 0)
(10.9252 7.98129e-06 0)
(10.9252 2.99806e-05 0)
(10.9252 2.50667e-05 0)
(10.9252 9.3097e-06 0)
(10.9252 6.6173e-06 0)
(10.9252 1.66579e-06 0)
(10.9252 5.1653e-06 0)
(10.9252 1.80425e-05 0)
(10.9252 3.71744e-05 0)
(10.9252 3.77205e-05 0)
(10.9251 2.60008e-05 0)
(10.9251 1.10708e-05 0)
(10.9251 -7.14524e-06 0)
(10.9251 -4.28388e-05 0)
(10.9251 -7.45158e-05 0)
(10.9251 -7.2082e-05 0)
(10.9252 -6.08538e-05 0)
(10.9252 -4.24867e-05 0)
(10.9252 -2.95025e-06 0)
(10.9252 2.70672e-05 0)
(10.9251 2.11303e-05 0)
(10.9251 9.01363e-06 0)
(10.9251 1.17281e-06 0)
(10.9251 -1.16941e-07 0)
(10.9251 -1.61076e-06 0)
(10.9251 -6.92822e-07 0)
(10.9251 -1.62977e-06 0)
(10.9251 -6.16297e-07 0)
(10.9251 -1.61121e-06 0)
(10.9251 -4.86975e-07 0)
(10.9251 -1.52195e-06 0)
(10.9251 -8.11129e-07 0)
(10.9251 -2.12625e-06 0)
(10.9251 -8.99381e-07 0)
(10.9251 -1.36296e-06 0)
(10.9251 -4.9087e-07 0)
(10.9251 -4.97504e-07 0)
(10.9251 4.6547e-07 0)
(10.9251 2.50594e-08 0)
(10.9251 7.84997e-07 0)
(10.9251 -1.58432e-07 0)
(10.9251 7.05818e-07 0)
(10.9251 -4.06929e-07 0)
(10.9251 1.2728e-07 0)
(10.9251 -1.26231e-06 0)
(10.9251 -2.23354e-07 0)
(10.9251 -7.47074e-07 0)
(10.9251 -7.92224e-08 0)
(10.9251 -2.51042e-07 0)
(10.9251 2.55059e-07 0)
(10.9251 -4.33778e-08 0)
(10.9251 3.59557e-07 0)
(10.9251 -1.49844e-08 0)
(10.9251 3.74175e-07 0)
(10.9251 -6.2297e-08 0)
(10.9251 3.59338e-07 0)
(10.9251 -1.22496e-07 0)
(10.9251 3.23632e-07 0)
(10.9251 -1.61681e-07 0)
(10.9251 2.86201e-07 0)
(10.9251 -1.90662e-07 0)
(10.9251 2.62217e-07 0)
(10.9251 -2.29579e-07 0)
(10.9251 1.87578e-07 0)
(10.9251 -3.26513e-07 0)
(10.9251 1.47707e-07 0)
(10.9251 -3.28939e-07 0)
(10.9251 1.34199e-07 0)
(10.9251 -2.84321e-07 0)
(10.9251 2.09809e-07 0)
(10.9251 2.33951e-08 0)
(10.9251 1.37123e-06 0)
(10.9251 3.7947e-06 0)
(10.9251 1.35671e-05 0)
(10.9251 3.15114e-05 0)
(10.8775 4.26782e-05 0)
(10.8775 3.91808e-05 0)
(10.8775 1.22005e-05 0)
(10.8775 -1.40975e-05 0)
(10.8775 -2.30309e-05 0)
(10.8775 -3.36889e-05 0)
(10.8775 -4.12112e-05 0)
(10.8775 -1.31198e-05 0)
(10.8775 3.71304e-06 0)
(10.8775 -2.55552e-06 0)
(10.8775 -9.93192e-06 0)
(10.8774 -7.25524e-06 0)
(10.8775 3.21831e-06 0)
(10.8775 1.9324e-05 0)
(10.8775 3.29271e-05 0)
(10.8775 3.42254e-05 0)
(10.8776 2.97427e-05 0)
(10.8776 2.45359e-05 0)
(10.8776 1.35438e-05 0)
(10.8776 1.02469e-05 0)
(10.8775 -9.78467e-06 0)
(10.8775 -2.91619e-05 0)
(10.8775 -3.40825e-05 0)
(10.8776 -3.12027e-05 0)
(10.8776 -2.81658e-05 0)
(10.8776 7.81361e-06 0)
(10.8776 3.08039e-05 0)
(10.8776 2.53512e-05 0)
(10.8776 9.18584e-06 0)
(10.8776 6.27268e-06 0)
(10.8776 1.4352e-06 0)
(10.8776 4.8638e-06 0)
(10.8776 1.802e-05 0)
(10.8776 3.77407e-05 0)
(10.8776 3.85643e-05 0)
(10.8775 2.65701e-05 0)
(10.8775 1.13157e-05 0)
(10.8775 -6.93001e-06 0)
(10.8775 -4.29795e-05 0)
(10.8775 -7.48781e-05 0)
(10.8775 -7.20322e-05 0)
(10.8775 -6.10283e-05 0)
(10.8776 -4.31559e-05 0)
(10.8776 -2.87502e-06 0)
(10.8775 2.79988e-05 0)
(10.8775 2.16353e-05 0)
(10.8775 8.9776e-06 0)
(10.8775 1.07858e-06 0)
(10.8775 -2.57238e-07 0)
(10.8775 -1.67927e-06 0)
(10.8775 -7.7489e-07 0)
(10.8775 -1.63525e-06 0)
(10.8775 -6.44639e-07 0)
(10.8775 -1.57404e-06 0)
(10.8775 -4.78052e-07 0)
(10.8775 -1.43156e-06 0)
(10.8775 -7.70074e-07 0)
(10.8775 -2.01106e-06 0)
(10.8775 -8.48724e-07 0)
(10.8775 -1.26839e-06 0)
(10.8775 -4.18695e-07 0)
(10.8775 -4.07484e-07 0)
(10.8775 5.29118e-07 0)
(10.8775 1.20325e-07 0)
(10.8775 8.40661e-07 0)
(10.8775 -6.18998e-08 0)
(10.8775 7.56828e-07 0)
(10.8775 -2.92693e-07 0)
(10.8775 1.83587e-07 0)
(10.8775 -1.14304e-06 0)
(10.8775 -1.7652e-07 0)
(10.8775 -6.61891e-07 0)
(10.8775 -1.84691e-08 0)
(10.8775 -1.77255e-07 0)
(10.8775 3.13665e-07 0)
(10.8775 3.12459e-08 0)
(10.8775 4.13727e-07 0)
(10.8775 5.93581e-08 0)
(10.8775 4.203e-07 0)
(10.8775 3.82154e-09 0)
(10.8775 3.97148e-07 0)
(10.8775 -6.66908e-08 0)
(10.8775 3.55514e-07 0)
(10.8775 -1.14696e-07 0)
(10.8775 3.10976e-07 0)
(10.8775 -1.50059e-07 0)
(10.8775 2.7792e-07 0)
(10.8775 -1.93484e-07 0)
(10.8775 1.88083e-07 0)
(10.8775 -3.07827e-07 0)
(10.8775 1.43725e-07 0)
(10.8775 -3.17505e-07 0)
(10.8775 1.26089e-07 0)
(10.8775 -2.7459e-07 0)
(10.8775 1.9333e-07 0)
(10.8775 2.3323e-08 0)
(10.8775 1.33577e-06 0)
(10.8775 3.73627e-06 0)
(10.8775 1.33148e-05 0)
(10.8775 3.07762e-05 0)
(10.8218 4.2159e-05 0)
(10.8217 4.02438e-05 0)
(10.8217 1.27758e-05 0)
(10.8217 -1.48608e-05 0)
(10.8218 -2.3849e-05 0)
(10.8218 -3.43692e-05 0)
(10.8218 -4.18461e-05 0)
(10.8218 -1.28142e-05 0)
(10.8218 5.41765e-06 0)
(10.8217 -1.56783e-06 0)
(10.8217 -9.59868e-06 0)
(10.8217 -7.31597e-06 0)
(10.8217 2.9524e-06 0)
(10.8217 1.85757e-05 0)
(10.8218 3.18169e-05 0)
(10.8218 3.31892e-05 0)
(10.8218 2.89129e-05 0)
(10.8218 2.37e-05 0)
(10.8219 1.3785e-05 0)
(10.8218 1.17736e-05 0)
(10.8218 -8.93738e-06 0)
(10.8218 -2.96605e-05 0)
(10.8218 -3.44226e-05 0)
(10.8218 -3.18797e-05 0)
(10.8218 -2.91823e-05 0)
(10.8219 7.61041e-06 0)
(10.8219 3.1692e-05 0)
(10.8218 2.56171e-05 0)
(10.8218 9.04918e-06 0)
(10.8218 5.90372e-06 0)
(10.8219 1.19996e-06 0)
(10.8219 4.55802e-06 0)
(10.8219 1.798e-05 0)
(10.8218 3.83208e-05 0)
(10.8218 3.94571e-05 0)
(10.8218 2.71773e-05 0)
(10.8218 1.15799e-05 0)
(10.8218 -6.69158e-06 0)
(10.8218 -4.30812e-05 0)
(10.8218 -7.52687e-05 0)
(10.8218 -7.20011e-05 0)
(10.8218 -6.12094e-05 0)
(10.8218 -4.38801e-05 0)
(10.8218 -2.82185e-06 0)
(10.8218 2.89558e-05 0)
(10.8218 2.21498e-05 0)
(10.8218 8.92691e-06 0)
(10.8218 9.74048e-07 0)
(10.8218 -3.9919e-07 0)
(10.8218 -1.74109e-06 0)
(10.8218 -8.41635e-07 0)
(10.8218 -1.62244e-06 0)
(10.8218 -6.53064e-07 0)
(10.8218 -1.51466e-06 0)
(10.8218 -4.49239e-07 0)
(10.8218 -1.3249e-06 0)
(10.8218 -7.13218e-07 0)
(10.8218 -1.8828e-06 0)
(10.8218 -7.9067e-07 0)
(10.8218 -1.16866e-06 0)
(10.8218 -3.4228e-07 0)
(10.8218 -3.16067e-07 0)
(10.8218 5.92823e-07 0)
(10.8218 2.13258e-07 0)
(10.8218 8.94376e-07 0)
(10.8218 3.02286e-08 0)
(10.8218 8.04472e-07 0)
(10.8218 -1.84133e-07 0)
(10.8218 2.36582e-07 0)
(10.8217 -1.02737e-06 0)
(10.8217 -1.36874e-07 0)
(10.8217 -5.8443e-07 0)
(10.8217 3.57364e-08 0)
(10.8217 -1.10998e-07 0)
(10.8217 3.65191e-07 0)
(10.8217 9.81902e-08 0)
(10.8217 4.6104e-07 0)
(10.8217 1.26337e-07 0)
(10.8217 4.60049e-07 0)
(10.8217 6.33137e-08 0)
(10.8217 4.29412e-07 0)
(10.8217 -1.66355e-08 0)
(10.8217 3.82865e-07 0)
(10.8217 -7.22339e-08 0)
(10.8217 3.32354e-07 0)
(10.8217 -1.1275e-07 0)
(10.8217 2.91438e-07 0)
(10.8217 -1.59696e-07 0)
(10.8217 1.87642e-07 0)
(10.8217 -2.89886e-07 0)
(10.8217 1.39867e-07 0)
(10.8217 -3.06282e-07 0)
(10.8217 1.18605e-07 0)
(10.8217 -2.64599e-07 0)
(10.8217 1.779e-07 0)
(10.8217 2.31751e-08 0)
(10.8217 1.29927e-06 0)
(10.8217 3.67027e-06 0)
(10.8217 1.30415e-05 0)
(10.8217 3.00132e-05 0)
(10.7573 4.16137e-05 0)
(10.7573 4.12875e-05 0)
(10.7573 1.33965e-05 0)
(10.7573 -1.56422e-05 0)
(10.7573 -2.46926e-05 0)
(10.7573 -3.50646e-05 0)
(10.7574 -4.25512e-05 0)
(10.7574 -1.2542e-05 0)
(10.7573 7.17974e-06 0)
(10.7573 -5.61643e-07 0)
(10.7573 -9.26994e-06 0)
(10.7573 -7.38708e-06 0)
(10.7573 2.68197e-06 0)
(10.7573 1.78243e-05 0)
(10.7573 3.07164e-05 0)
(10.7574 3.21564e-05 0)
(10.7574 2.80918e-05 0)
(10.7574 2.28894e-05 0)
(10.7574 1.40164e-05 0)
(10.7574 1.33268e-05 0)
(10.7573 -8.01256e-06 0)
(10.7573 -3.01663e-05 0)
(10.7573 -3.47492e-05 0)
(10.7574 -3.25608e-05 0)
(10.7574 -3.02669e-05 0)
(10.7574 7.36449e-06 0)
(10.7574 3.26352e-05 0)
(10.7574 2.5887e-05 0)
(10.7574 8.90309e-06 0)
(10.7574 5.51403e-06 0)
(10.7574 9.65807e-07 0)
(10.7574 4.25223e-06 0)
(10.7574 1.79232e-05 0)
(10.7574 3.89134e-05 0)
(10.7574 4.04047e-05 0)
(10.7574 2.78264e-05 0)
(10.7573 1.18653e-05 0)
(10.7573 -6.39992e-06 0)
(10.7573 -4.31391e-05 0)
(10.7573 -7.57099e-05 0)
(10.7574 -7.19845e-05 0)
(10.7574 -6.13936e-05 0)
(10.7574 -4.46666e-05 0)
(10.7574 -2.79367e-06 0)
(10.7574 2.99422e-05 0)
(10.7573 2.26751e-05 0)
(10.7573 8.86341e-06 0)
(10.7573 8.6075e-07 0)
(10.7573 -5.39824e-07 0)
(10.7573 -1.79192e-06 0)
(10.7573 -8.88738e-07 0)
(10.7573 -1.58757e-06 0)
(10.7573 -6.36105e-07 0)
(10.7573 -1.43203e-06 0)
(10.7573 -3.98774e-07 0)
(10.7573 -1.20172e-06 0)
(10.7573 -6.40376e-07 0)
(10.7573 -1.74164e-06 0)
(10.7573 -7.2612e-07 0)
(10.7573 -1.06469e-06 0)
(10.7573 -2.62878e-07 0)
(10.7573 -2.24491e-07 0)
(10.7573 6.55205e-07 0)
(10.7573 3.02636e-07 0)
(10.7573 9.44739e-07 0)
(10.7573 1.16806e-07 0)
(10.7573 8.47315e-07 0)
(10.7573 -8.23647e-08 0)
(10.7573 2.84979e-07 0)
(10.7573 -9.1626e-07 0)
(10.7573 -1.04656e-07 0)
(10.7573 -5.15709e-07 0)
(10.7573 8.23909e-08 0)
(10.7573 -5.28028e-08 0)
(10.7573 4.08481e-07 0)
(10.7573 1.56696e-07 0)
(10.7573 5.00439e-07 0)
(10.7573 1.85069e-07 0)
(10.7573 4.92444e-07 0)
(10.7573 1.15193e-07 0)
(10.7573 4.55129e-07 0)
(10.7573 2.6922e-08 0)
(10.7573 4.04973e-07 0)
(10.7573 -3.50128e-08 0)
(10.7573 3.49678e-07 0)
(10.7573 -7.94329e-08 0)
(10.7573 3.02158e-07 0)
(10.7573 -1.2881e-07 0)
(10.7573 1.86088e-07 0)
(10.7573 -2.72941e-07 0)
(10.7573 1.35991e-07 0)
(10.7573 -2.95258e-07 0)
(10.7573 1.1163e-07 0)
(10.7573 -2.54255e-07 0)
(10.7573 1.63422e-07 0)
(10.7573 2.30669e-08 0)
(10.7573 1.26165e-06 0)
(10.7573 3.59646e-06 0)
(10.7573 1.27468e-05 0)
(10.7573 2.92204e-05 0)
(10.6835 4.10516e-05 0)
(10.6834 4.22946e-05 0)
(10.6834 1.40633e-05 0)
(10.6834 -1.64499e-05 0)
(10.6835 -2.55699e-05 0)
(10.6835 -3.57783e-05 0)
(10.6835 -4.33384e-05 0)
(10.6835 -1.23233e-05 0)
(10.6835 9.02818e-06 0)
(10.6835 4.73605e-07 0)
(10.6834 -8.94044e-06 0)
(10.6834 -7.46448e-06 0)
(10.6834 2.41066e-06 0)
(10.6834 1.70775e-05 0)
(10.6835 2.96268e-05 0)
(10.6835 3.11282e-05 0)
(10.6835 2.72796e-05 0)
(10.6835 2.21036e-05 0)
(10.6836 1.42245e-05 0)
(10.6835 1.48965e-05 0)
(10.6835 -6.98179e-06 0)
(10.6835 -3.06873e-05 0)
(10.6835 -3.50662e-05 0)
(10.6835 -3.32474e-05 0)
(10.6836 -3.14239e-05 0)
(10.6836 7.07062e-06 0)
(10.6836 3.36315e-05 0)
(10.6835 2.61688e-05 0)
(10.6835 8.74777e-06 0)
(10.6835 5.10808e-06 0)
(10.6836 7.37615e-07 0)
(10.6836 3.95322e-06 0)
(10.6836 1.78485e-05 0)
(10.6835 3.95169e-05 0)
(10.6835 4.14113e-05 0)
(10.6835 2.85212e-05 0)
(10.6835 1.21734e-05 0)
(10.6835 -6.03474e-06 0)
(10.6835 -4.31858e-05 0)
(10.6835 -7.61769e-05 0)
(10.6835 -7.19745e-05 0)
(10.6835 -6.15755e-05 0)
(10.6835 -4.55227e-05 0)
(10.6835 -2.79492e-06 0)
(10.6835 3.096e-05 0)
(10.6835 2.32103e-05 0)
(10.6835 8.79065e-06 0)
(10.6835 7.40649e-07 0)
(10.6835 -6.75277e-07 0)
(10.6835 -1.82706e-06 0)
(10.6835 -9.10824e-07 0)
(10.6835 -1.52651e-06 0)
(10.6835 -5.9027e-07 0)
(10.6835 -1.32501e-06 0)
(10.6835 -3.2521e-07 0)
(10.6835 -1.06197e-06 0)
(10.6835 -5.51948e-07 0)
(10.6835 -1.5879e-06 0)
(10.6835 -6.56225e-07 0)
(10.6835 -9.57975e-07 0)
(10.6835 -1.81963e-07 0)
(10.6835 -1.34204e-07 0)
(10.6834 7.14855e-07 0)
(10.6834 3.8703e-07 0)
(10.6834 9.90421e-07 0)
(10.6834 1.96522e-07 0)
(10.6834 8.84083e-07 0)
(10.6834 1.14293e-08 0)
(10.6834 3.2767e-07 0)
(10.6834 -8.10654e-07 0)
(10.6834 -8.078e-08 0)
(10.6834 -4.56516e-07 0)
(10.6834 1.20695e-07 0)
(10.6834 -3.6775e-09 0)
(10.6834 4.42893e-07 0)
(10.6834 2.05892e-07 0)
(10.6834 5.31275e-07 0)
(10.6834 2.3495e-07 0)
(10.6834 5.16758e-07 0)
(10.6834 1.5911e-07 0)
(10.6834 4.73627e-07 0)
(10.6834 6.37969e-08 0)
(10.6834 4.21055e-07 0)
(10.6834 -3.45841e-09 0)
(10.6834 3.62401e-07 0)
(10.6834 -5.03184e-08 0)
(10.6834 3.09644e-07 0)
(10.6834 -1.00596e-07 0)
(10.6834 1.83245e-07 0)
(10.6834 -2.57229e-07 0)
(10.6834 1.31809e-07 0)
(10.6834 -2.84582e-07 0)
(10.6834 1.05121e-07 0)
(10.6834 -2.43645e-07 0)
(10.6834 1.4994e-07 0)
(10.6834 2.30751e-08 0)
(10.6834 1.22281e-06 0)
(10.6834 3.51426e-06 0)
(10.6834 1.24296e-05 0)
(10.6834 2.83926e-05 0)
(10.5993 4.04678e-05 0)
(10.5993 4.3261e-05 0)
(10.5993 1.47604e-05 0)
(10.5993 -1.72904e-05 0)
(10.5993 -2.64821e-05 0)
(10.5994 -3.65141e-05 0)
(10.5994 -4.42237e-05 0)
(10.5994 -1.21746e-05 0)
(10.5994 1.09779e-05 0)
(10.5993 1.54905e-06 0)
(10.5993 -8.60509e-06 0)
(10.5993 -7.54312e-06 0)
(10.5993 2.14421e-06 0)
(10.5993 1.63397e-05 0)
(10.5993 2.85488e-05 0)
(10.5994 3.01053e-05 0)
(10.5994 2.64761e-05 0)
(10.5994 2.13424e-05 0)
(10.5994 1.44005e-05 0)
(10.5994 1.65118e-05 0)
(10.5993 -5.83483e-06 0)
(10.5993 -3.12678e-05 0)
(10.5994 -3.53756e-05 0)
(10.5994 -3.39386e-05 0)
(10.5994 -3.26432e-05 0)
(10.5995 6.72397e-06 0)
(10.5994 3.46801e-05 0)
(10.5994 2.6469e-05 0)
(10.5994 8.58348e-06 0)
(10.5994 4.68872e-06 0)
(10.5994 5.22857e-07 0)
(10.5994 3.66629e-06 0)
(10.5994 1.77532e-05 0)
(10.5994 4.01256e-05 0)
(10.5994 4.24771e-05 0)
(10.5994 2.92634e-05 0)
(10.5994 1.25054e-05 0)
(10.5993 -5.60955e-06 0)
(10.5993 -4.32427e-05 0)
(10.5994 -7.66477e-05 0)
(10.5994 -7.19628e-05 0)
(10.5994 -6.17509e-05 0)
(10.5994 -4.64541e-05 0)
(10.5994 -2.8301e-06 0)
(10.5994 3.20106e-05 0)
(10.5994 2.37539e-05 0)
(10.5994 8.71218e-06 0)
(10.5994 6.16023e-07 0)
(10.5994 -8.00736e-07 0)
(10.5994 -1.84078e-06 0)
(10.5994 -9.02387e-07 0)
(10.5994 -1.43443e-06 0)
(10.5994 -5.13596e-07 0)
(10.5993 -1.19316e-06 0)
(10.5993 -2.29177e-07 0)
(10.5993 -9.06034e-07 0)
(10.5993 -4.49174e-07 0)
(10.5993 -1.4232e-06 0)
(10.5993 -5.81627e-07 0)
(10.5993 -8.50246e-07 0)
(10.5993 -1.0149e-07 0)
(10.5993 -4.67779e-08 0)
(10.5993 7.69958e-07 0)
(10.5993 4.6496e-07 0)
(10.5993 1.02971e-06 0)
(10.5993 2.68219e-07 0)
(10.5993 9.13327e-07 0)
(10.5993 9.6283e-08 0)
(10.5993 3.63481e-07 0)
(10.5993 -7.11437e-07 0)
(10.5993 -6.6e-08 0)
(10.5993 -4.07288e-07 0)
(10.5993 1.49968e-07 0)
(10.5993 3.63447e-08 0)
(10.5993 4.67655e-07 0)
(10.5993 2.45404e-07 0)
(10.5993 5.52662e-07 0)
(10.5993 2.75431e-07 0)
(10.5993 5.32341e-07 0)
(10.5993 1.94482e-07 0)
(10.5993 4.849e-07 0)
(10.5993 9.35514e-08 0)
(10.5993 4.30713e-07 0)
(10.5993 2.22258e-08 0)
(10.5993 3.69961e-07 0)
(10.5993 -2.58962e-08 0)
(10.5993 3.13696e-07 0)
(10.5993 -7.54678e-08 0)
(10.5993 1.78909e-07 0)
(10.5993 -2.43019e-07 0)
(10.5993 1.27133e-07 0)
(10.5993 -2.74142e-07 0)
(10.5993 9.89501e-08 0)
(10.5993 -2.32607e-07 0)
(10.5993 1.3742e-07 0)
(10.5993 2.33038e-08 0)
(10.5993 1.18251e-06 0)
(10.5993 3.42319e-06 0)
(10.5993 1.20884e-05 0)
(10.5993 2.75286e-05 0)
(10.5039 3.98085e-05 0)
(10.5039 4.41999e-05 0)
(10.5038 1.54957e-05 0)
(10.5038 -1.81668e-05 0)
(10.5039 -2.74266e-05 0)
(10.5039 -3.72727e-05 0)
(10.5039 -4.51986e-05 0)
(10.504 -1.20778e-05 0)
(10.5039 1.29939e-05 0)
(10.5039 2.68255e-06 0)
(10.5039 -8.26127e-06 0)
(10.5039 -7.61713e-06 0)
(10.5039 1.88756e-06 0)
(10.5039 1.56137e-05 0)
(10.5039 2.74822e-05 0)
(10.5039 2.90867e-05 0)
(10.5039 2.56793e-05 0)
(10.504 2.06097e-05 0)
(10.504 1.45336e-05 0)
(10.5039 1.81712e-05 0)
(10.5039 -4.6055e-06 0)
(10.5039 -3.18807e-05 0)
(10.5039 -3.56745e-05 0)
(10.5039 -3.46273e-05 0)
(10.504 -3.39409e-05 0)
(10.504 6.33351e-06 0)
(10.504 3.57729e-05 0)
(10.504 2.67872e-05 0)
(10.504 8.40882e-06 0)
(10.504 4.25804e-06 0)
(10.504 3.35655e-07 0)
(10.504 3.39487e-06 0)
(10.504 1.76299e-05 0)
(10.504 4.07314e-05 0)
(10.5039 4.36003e-05 0)
(10.5039 3.0054e-05 0)
(10.5039 1.28636e-05 0)
(10.5039 -5.12367e-06 0)
(10.5039 -4.32769e-05 0)
(10.5039 -7.71295e-05 0)
(10.5039 -7.19391e-05 0)
(10.5039 -6.1916e-05 0)
(10.5039 -4.74607e-05 0)
(10.504 -2.90561e-06 0)
(10.5039 3.3094e-05 0)
(10.5039 2.43021e-05 0)
(10.5039 8.62683e-06 0)
(10.5039 4.87908e-07 0)
(10.5039 -9.11616e-07 0)
(10.5039 -1.82655e-06 0)
(10.5039 -8.58174e-07 0)
(10.5039 -1.30662e-06 0)
(10.5039 -4.05589e-07 0)
(10.5039 -1.03458e-06 0)
(10.5039 -1.13217e-07 0)
(10.5039 -7.35758e-07 0)
(10.5039 -3.34146e-07 0)
(10.5039 -1.25029e-06 0)
(10.5039 -5.04037e-07 0)
(10.5039 -7.43371e-07 0)
(10.5039 -2.34195e-08 0)
(10.5038 3.58302e-08 0)
(10.5038 8.18609e-07 0)
(10.5038 5.34707e-07 0)
(10.5038 1.06093e-06 0)
(10.5038 3.30675e-07 0)
(10.5038 9.33804e-07 0)
(10.5038 1.71253e-07 0)
(10.5038 3.91362e-07 0)
(10.5038 -6.19563e-07 0)
(10.5038 -6.06871e-08 0)
(10.5038 -3.68602e-07 0)
(10.5038 1.69715e-07 0)
(10.5038 6.64916e-08 0)
(10.5038 4.82832e-07 0)
(10.5038 2.74587e-07 0)
(10.5038 5.64274e-07 0)
(10.5038 3.0626e-07 0)
(10.5038 5.39378e-07 0)
(10.5038 2.2133e-07 0)
(10.5038 4.88724e-07 0)
(10.5038 1.15829e-07 0)
(10.5038 4.3409e-07 0)
(10.5038 4.17409e-08 0)
(10.5038 3.72446e-07 0)
(10.5038 -6.08648e-09 0)
(10.5038 3.14211e-07 0)
(10.5038 -5.35143e-08 0)
(10.5038 1.72803e-07 0)
(10.5038 -2.30446e-07 0)
(10.5038 1.21798e-07 0)
(10.5038 -2.64074e-07 0)
(10.5038 9.30643e-08 0)
(10.5038 -2.21176e-07 0)
(10.5038 1.25984e-07 0)
(10.5038 2.3766e-08 0)
(10.5038 1.14049e-06 0)
(10.5038 3.32241e-06 0)
(10.5038 1.17211e-05 0)
(10.5039 2.6628e-05 0)
(10.3957 3.90357e-05 0)
(10.3957 4.51043e-05 0)
(10.3957 1.62888e-05 0)
(10.3957 -1.90821e-05 0)
(10.3958 -2.83891e-05 0)
(10.3958 -3.80499e-05 0)
(10.3958 -4.62369e-05 0)
(10.3959 -1.20231e-05 0)
(10.3958 1.50665e-05 0)
(10.3958 3.86893e-06 0)
(10.3957 -7.91094e-06 0)
(10.3957 -7.68269e-06 0)
(10.3957 1.63994e-06 0)
(10.3957 1.49055e-05 0)
(10.3958 2.64247e-05 0)
(10.3958 2.80691e-05 0)
(10.3958 2.48851e-05 0)
(10.3958 1.99291e-05 0)
(10.3958 1.45913e-05 0)
(10.3958 1.98588e-05 0)
(10.3958 -3.30097e-06 0)
(10.3958 -3.24979e-05 0)
(10.3958 -3.59521e-05 0)
(10.3958 -3.5298e-05 0)
(10.3959 -3.53124e-05 0)
(10.3959 5.89589e-06 0)
(10.3959 3.68586e-05 0)
(10.3959 2.71302e-05 0)
(10.3958 8.22364e-06 0)
(10.3959 3.81431e-06 0)
(10.3959 1.93677e-07 0)
(10.3959 3.14001e-06 0)
(10.3959 1.74669e-05 0)
(10.3958 4.1322e-05 0)
(10.3958 4.47726e-05 0)
(10.3958 3.08917e-05 0)
(10.3958 1.32507e-05 0)
(10.3958 -4.57195e-06 0)
(10.3958 -4.32577e-05 0)
(10.3958 -7.7604e-05 0)
(10.3958 -7.18883e-05 0)
(10.3958 -6.20585e-05 0)
(10.3958 -4.85234e-05 0)
(10.3958 -3.04985e-06 0)
(10.3958 3.42012e-05 0)
(10.3958 2.48441e-05 0)
(10.3958 8.52422e-06 0)
(10.3958 3.53808e-07 0)
(10.3958 -1.00371e-06 0)
(10.3958 -1.77855e-06 0)
(10.3958 -7.7331e-07 0)
(10.3958 -1.14007e-06 0)
(10.3958 -2.64451e-07 0)
(10.3957 -8.5115e-07 0)
(10.3957 2.06775e-08 0)
(10.3957 -5.5409e-07 0)
(10.3957 -2.09974e-07 0)
(10.3957 -1.07258e-06 0)
(10.3957 -4.2557e-07 0)
(10.3957 -6.39424e-07 0)
(10.3957 4.96764e-08 0)
(10.3957 1.11398e-07 0)
(10.3957 8.58451e-07 0)
(10.3957 5.94507e-07 0)
(10.3957 1.08204e-06 0)
(10.3957 3.8298e-07 0)
(10.3957 9.4409e-07 0)
(10.3957 2.35354e-07 0)
(10.3957 4.10552e-07 0)
(10.3957 -5.35736e-07 0)
(10.3957 -6.49404e-08 0)
(10.3957 -3.40125e-07 0)
(10.3957 1.79912e-07 0)
(10.3957 8.64538e-08 0)
(10.3957 4.89444e-07 0)
(10.3957 2.92965e-07 0)
(10.3957 5.66731e-07 0)
(10.3957 3.27478e-07 0)
(10.3957 5.37616e-07 0)
(10.3957 2.39427e-07 0)
(10.3957 4.84625e-07 0)
(10.3957 1.30443e-07 0)
(10.3957 4.30563e-07 0)
(10.3957 5.50452e-08 0)
(10.3957 3.69697e-07 0)
(10.3957 8.98375e-09 0)
(10.3957 3.1073e-07 0)
(10.3957 -3.45532e-08 0)
(10.3957 1.64438e-07 0)
(10.3957 -2.19404e-07 0)
(10.3957 1.15462e-07 0)
(10.3957 -2.54246e-07 0)
(10.3957 8.73971e-08 0)
(10.3957 -2.09228e-07 0)
(10.3957 1.15437e-07 0)
(10.3957 2.46656e-08 0)
(10.3957 1.09633e-06 0)
(10.3957 3.21103e-06 0)
(10.3957 1.13252e-05 0)
(10.3957 2.56908e-05 0)
(10.2732 3.81433e-05 0)
(10.2732 4.59538e-05 0)
(10.2732 1.71649e-05 0)
(10.2732 -2.00161e-05 0)
(10.2732 -2.93186e-05 0)
(10.2733 -3.88422e-05 0)
(10.2733 -4.7303e-05 0)
(10.2734 -1.19983e-05 0)
(10.2733 1.71749e-05 0)
(10.2733 5.06803e-06 0)
(10.2732 -7.57072e-06 0)
(10.2732 -7.74275e-06 0)
(10.2732 1.40283e-06 0)
(10.2732 1.42124e-05 0)
(10.2733 2.53688e-05 0)
(10.2733 2.70449e-05 0)
(10.2733 2.40828e-05 0)
(10.2733 1.92681e-05 0)
(10.2733 1.45875e-05 0)
(10.2733 2.158e-05 0)
(10.2732 -1.95798e-06 0)
(10.2732 -3.30381e-05 0)
(10.2733 -3.61808e-05 0)
(10.2733 -3.59218e-05 0)
(10.2734 -3.67332e-05 0)
(10.2734 5.40891e-06 0)
(10.2734 3.7913e-05 0)
(10.2733 2.74405e-05 0)
(10.2733 8.0073e-06 0)
(10.2733 3.34888e-06 0)
(10.2733 7.99535e-08 0)
(10.2733 2.94678e-06 0)
(10.2733 1.72405e-05 0)
(10.2733 4.18919e-05 0)
(10.2733 4.59847e-05 0)
(10.2733 3.17778e-05 0)
(10.2732 1.36735e-05 0)
(10.2732 -3.94434e-06 0)
(10.2732 -4.31461e-05 0)
(10.2732 -7.80411e-05 0)
(10.2733 -7.17797e-05 0)
(10.2733 -6.21507e-05 0)
(10.2733 -4.96495e-05 0)
(10.2733 -3.27624e-06 0)
(10.2733 3.5299e-05 0)
(10.2733 2.53407e-05 0)
(10.2733 8.3754e-06 0)
(10.2733 2.02925e-07 0)
(10.2732 -1.07657e-06 0)
(10.2732 -1.69273e-06 0)
(10.2732 -6.45792e-07 0)
(10.2732 -9.34578e-07 0)
(10.2732 -9.20099e-08 0)
(10.2732 -6.45652e-07 0)
(10.2732 1.68247e-07 0)
(10.2732 -3.65678e-07 0)
(10.2732 -8.09695e-08 0)
(10.2732 -8.94418e-07 0)
(10.2732 -3.48947e-07 0)
(10.2732 -5.41113e-07 0)
(10.2732 1.14934e-07 0)
(10.2732 1.7759e-07 0)
(10.2732 8.87103e-07 0)
(10.2732 6.42241e-07 0)
(10.2732 1.09093e-06 0)
(10.2732 4.24242e-07 0)
(10.2732 9.42817e-07 0)
(10.2732 2.87711e-07 0)
(10.2732 4.20626e-07 0)
(10.2732 -4.602e-07 0)
(10.2732 -7.88947e-08 0)
(10.2732 -3.21054e-07 0)
(10.2732 1.8096e-07 0)
(10.2732 9.62917e-08 0)
(10.2732 4.85548e-07 0)
(10.2732 3.01377e-07 0)
(10.2732 5.59151e-07 0)
(10.2732 3.3931e-07 0)
(10.2732 5.26924e-07 0)
(10.2732 2.48633e-07 0)
(10.2732 4.72685e-07 0)
(10.2732 1.3722e-07 0)
(10.2732 4.20004e-07 0)
(10.2732 6.21012e-08 0)
(10.2732 3.61089e-07 0)
(10.2732 1.92953e-08 0)
(10.2732 3.03231e-07 0)
(10.2732 -1.87975e-08 0)
(10.2732 1.53982e-07 0)
(10.2732 -2.09867e-07 0)
(10.2732 1.08171e-07 0)
(10.2732 -2.44562e-07 0)
(10.2732 8.18592e-08 0)
(10.2732 -1.96653e-07 0)
(10.2732 1.05748e-07 0)
(10.2732 2.5925e-08 0)
(10.2732 1.0496e-06 0)
(10.2732 3.08773e-06 0)
(10.2732 1.08975e-05 0)
(10.2732 2.47098e-05 0)
(10.1341 3.71581e-05 0)
(10.134 4.67544e-05 0)
(10.134 1.81798e-05 0)
(10.134 -2.08459e-05 0)
(10.1341 -3.0181e-05 0)
(10.1341 -3.96412e-05 0)
(10.1342 -4.83489e-05 0)
(10.1342 -1.19514e-05 0)
(10.1342 1.91957e-05 0)
(10.1341 6.18248e-06 0)
(10.1341 -7.28662e-06 0)
(10.1341 -7.81054e-06 0)
(10.1341 1.16549e-06 0)
(10.1341 1.35265e-05 0)
(10.1341 2.42996e-05 0)
(10.1341 2.59992e-05 0)
(10.1341 2.32591e-05 0)
(10.1342 1.86141e-05 0)
(10.1342 1.45535e-05 0)
(10.1341 2.33176e-05 0)
(10.1341 -4.79028e-07 0)
(10.1341 -3.34254e-05 0)
(10.1341 -3.6303e-05 0)
(10.1342 -3.64528e-05 0)
(10.1342 -3.81638e-05 0)
(10.1342 4.83853e-06 0)
(10.1342 3.88592e-05 0)
(10.1342 2.76152e-05 0)
(10.1342 7.70622e-06 0)
(10.1342 2.83445e-06 0)
(10.1342 -1.59663e-08 0)
(10.1342 2.80765e-06 0)
(10.1342 1.6974e-05 0)
(10.1342 4.24865e-05 0)
(10.1341 4.72382e-05 0)
(10.1341 3.27231e-05 0)
(10.1341 1.41478e-05 0)
(10.1341 -3.22669e-06 0)
(10.1341 -4.28793e-05 0)
(10.1341 -7.83651e-05 0)
(10.1341 -7.15404e-05 0)
(10.1341 -6.21367e-05 0)
(10.1341 -5.08408e-05 0)
(10.1342 -3.61979e-06 0)
(10.1341 3.62963e-05 0)
(10.1341 2.56864e-05 0)
(10.1341 8.12455e-06 0)
(10.1341 7.75297e-09 0)
(10.1341 -1.13705e-06 0)
(10.1341 -1.57048e-06 0)
(10.1341 -4.77342e-07 0)
(10.1341 -6.93671e-07 0)
(10.1341 1.05654e-07 0)
(10.134 -4.23809e-07 0)
(10.134 3.22698e-07 0)
(10.134 -1.76574e-07 0)
(10.134 4.71936e-08 0)
(10.134 -7.20774e-07 0)
(10.134 -2.7767e-07 0)
(10.134 -4.51395e-07 0)
(10.134 1.69297e-07 0)
(10.134 2.31877e-07 0)
(10.134 9.01961e-07 0)
(10.134 6.75959e-07 0)
(10.134 1.08578e-06 0)
(10.134 4.54159e-07 0)
(10.134 9.29031e-07 0)
(10.134 3.276e-07 0)
(10.134 4.2199e-07 0)
(10.134 -3.94313e-07 0)
(10.134 -1.01341e-07 0)
(10.134 -3.09973e-07 0)
(10.134 1.71468e-07 0)
(10.134 9.72363e-08 0)
(10.134 4.69937e-07 0)
(10.134 3.00559e-07 0)
(10.134 5.41138e-07 0)
(10.134 3.42479e-07 0)
(10.134 5.07295e-07 0)
(10.134 2.49577e-07 0)
(10.134 4.52194e-07 0)
(10.134 1.37055e-07 0)
(10.134 4.02233e-07 0)
(10.134 6.3693e-08 0)
(10.134 3.46463e-07 0)
(10.134 2.4936e-08 0)
(10.134 2.91491e-07 0)
(10.134 -6.17602e-09 0)
(10.134 1.41431e-07 0)
(10.134 -2.01461e-07 0)
(10.134 9.98958e-08 0)
(10.134 -2.34583e-07 0)
(10.134 7.62757e-08 0)
(10.134 -1.83195e-07 0)
(10.134 9.66936e-08 0)
(10.134 2.75758e-08 0)
(10.134 9.99599e-07 0)
(10.134 2.95094e-06 0)
(10.134 1.04329e-05 0)
(10.134 2.36779e-05 0)
(9.97523 3.61895e-05 0)
(9.97521 4.76027e-05 0)
(9.97519 1.94587e-05 0)
(9.97521 -2.13695e-05 0)
(9.97527 -3.08634e-05 0)
(9.97533 -4.04277e-05 0)
(9.97537 -4.93471e-05 0)
(9.9754 -1.18984e-05 0)
(9.97535 2.09244e-05 0)
(9.97528 7.01899e-06 0)
(9.97525 -7.1684e-06 0)
(9.97523 -7.93783e-06 0)
(9.97523 9.11857e-07 0)
(9.97523 1.28229e-05 0)
(9.97525 2.319e-05 0)
(9.97528 2.49071e-05 0)
(9.9753 2.23905e-05 0)
(9.97532 1.79507e-05 0)
(9.97533 1.4579e-05 0)
(9.97529 2.51223e-05 0)
(9.97523 1.33247e-06 0)
(9.97524 -3.34375e-05 0)
(9.97528 -3.61885e-05 0)
(9.97533 -3.68591e-05 0)
(9.97538 -3.9594e-05 0)
(9.97542 4.0672e-06 0)
(9.97539 3.9518e-05 0)
(9.97536 2.74452e-05 0)
(9.97535 7.19352e-06 0)
(9.97535 2.21549e-06 0)
(9.97535 -1.24478e-07 0)
(9.97535 2.69434e-06 0)
(9.97535 1.67584e-05 0)
(9.97532 4.32862e-05 0)
(9.97527 4.86093e-05 0)
(9.97524 3.37766e-05 0)
(9.97522 1.47134e-05 0)
(9.97521 -2.40206e-06 0)
(9.97521 -4.23727e-05 0)
(9.97522 -7.83713e-05 0)
(9.97525 -7.10657e-05 0)
(9.97527 -6.19701e-05 0)
(9.97531 -5.2125e-05 0)
(9.97533 -4.15502e-06 0)
(9.97529 3.70024e-05 0)
(9.97526 2.56715e-05 0)
(9.97525 7.64145e-06 0)
(9.97524 -2.96387e-07 0)
(9.97524 -1.20581e-06 0)
(9.97523 -1.42196e-06 0)
(9.97522 -2.77772e-07 0)
(9.97521 -4.26179e-07 0)
(9.9752 3.18657e-07 0)
(9.97519 -1.95107e-07 0)
(9.97518 4.74784e-07 0)
(9.97518 5.15162e-09 0)
(9.97518 1.67679e-07 0)
(9.97517 -5.57027e-07 0)
(9.97517 -2.15727e-07 0)
(9.97516 -3.73854e-07 0)
(9.97516 2.09375e-07 0)
(9.97516 2.72066e-07 0)
(9.97516 9.00599e-07 0)
(9.97516 6.93878e-07 0)
(9.97516 1.06541e-06 0)
(9.97516 4.71486e-07 0)
(9.97516 9.00941e-07 0)
(9.97516 3.5526e-07 0)
(9.97516 4.1364e-07 0)
(9.97516 -3.38059e-07 0)
(9.97516 -1.29894e-07 0)
(9.97516 -3.07975e-07 0)
(9.97516 1.52917e-07 0)
(9.97516 8.96071e-08 0)
(9.97516 4.44505e-07 0)
(9.97516 2.90408e-07 0)
(9.97516 5.14102e-07 0)
(9.97516 3.37505e-07 0)
(9.97517 4.79819e-07 0)
(9.97517 2.43265e-07 0)
(9.97517 4.24223e-07 0)
(9.97517 1.30528e-07 0)
(9.97517 3.7838e-07 0)
(9.97517 6.05287e-08 0)
(9.97517 3.26411e-07 0)
(9.97517 2.72466e-08 0)
(9.97517 2.75549e-07 0)
(9.97517 4.09905e-09 0)
(9.97517 1.2689e-07 0)
(9.97517 -1.93743e-07 0)
(9.97517 9.05188e-08 0)
(9.97517 -2.23936e-07 0)
(9.97517 7.04939e-08 0)
(9.97517 -1.68656e-07 0)
(9.97517 8.81237e-08 0)
(9.97517 2.96287e-08 0)
(9.97517 9.45476e-07 0)
(9.97517 2.79834e-06 0)
(9.97518 9.9234e-06 0)
(9.97521 2.2591e-05 0)
(9.79251 3.55299e-05 0)
(9.79249 4.88765e-05 0)
(9.79246 2.12485e-05 0)
(9.79249 -2.10905e-05 0)
(9.79256 -3.11654e-05 0)
(9.79262 -4.12095e-05 0)
(9.79268 -5.03709e-05 0)
(9.7927 -1.20503e-05 0)
(9.79264 2.20206e-05 0)
(9.79256 7.20953e-06 0)
(9.79253 -7.51143e-06 0)
(9.79251 -8.23153e-06 0)
(9.79249 5.90268e-07 0)
(9.7925 1.20521e-05 0)
(9.79252 2.19966e-05 0)
(9.79255 2.37307e-05 0)
(9.79257 2.14452e-05 0)
(9.79259 1.72558e-05 0)
(9.79261 1.49129e-05 0)
(9.79256 2.73032e-05 0)
(9.7925 3.8934e-06 0)
(9.79251 -3.25992e-05 0)
(9.79256 -3.56181e-05 0)
(9.79261 -3.72064e-05 0)
(9.79268 -4.10772e-05 0)
(9.79272 2.98482e-06 0)
(9.79268 3.9482e-05 0)
(9.79264 2.6506e-05 0)
(9.79263 6.20149e-06 0)
(9.79263 1.39768e-06 0)
(9.79263 -3.16461e-07 0)
(9.79262 2.56639e-06 0)
(9.79262 1.68372e-05 0)
(9.79259 4.45297e-05 0)
(9.79254 5.04468e-05 0)
(9.7925 3.50893e-05 0)
(9.79248 1.54694e-05 0)
(9.79246 -1.42287e-06 0)
(9.79246 -4.15249e-05 0)
(9.79248 -7.77183e-05 0)
(9.79252 -7.02248e-05 0)
(9.79255 -6.17463e-05 0)
(9.79259 -5.35453e-05 0)
(9.79261 -5.02609e-06 0)
(9.79257 3.7014e-05 0)
(9.79252 2.48684e-05 0)
(9.79251 6.65167e-06 0)
(9.79251 -8.31936e-07 0)
(9.7925 -1.33596e-06 0)
(9.79248 -1.27052e-06 0)
(9.79247 -6.8994e-08 0)
(9.79246 -1.49208e-07 0)
(9.79245 5.30818e-07 0)
(9.79244 2.70759e-08 0)
(9.79244 6.12177e-07 0)
(9.79243 1.69928e-07 0)
(9.79243 2.72382e-07 0)
(9.79243 -4.08742e-07 0)
(9.79242 -1.66156e-07 0)
(9.79242 -3.12049e-07 0)
(9.79242 2.31924e-07 0)
(9.79242 2.95661e-07 0)
(9.79242 8.80441e-07 0)
(9.79242 6.9463e-07 0)
(9.79242 1.02797e-06 0)
(9.79242 4.74148e-07 0)
(9.79242 8.58066e-07 0)
(9.79242 3.70374e-07 0)
(9.79243 3.94974e-07 0)
(9.79243 -2.8955e-07 0)
(9.79243 -1.62411e-07 0)
(9.79242 -3.12562e-07 0)
(9.79242 1.24697e-07 0)
(9.79243 7.6365e-08 0)
(9.79243 4.08024e-07 0)
(9.79243 2.72461e-07 0)
(9.79243 4.76392e-07 0)
(9.79243 3.24963e-07 0)
(9.79243 4.44642e-07 0)
(9.79243 2.29056e-07 0)
(9.79243 3.91165e-07 0)
(9.79243 1.17718e-07 0)
(9.79243 3.49067e-07 0)
(9.79243 5.27489e-08 0)
(9.79243 3.01776e-07 0)
(9.79243 2.50274e-08 0)
(9.79244 2.56716e-07 0)
(9.79243 1.08352e-08 0)
(9.79243 1.12413e-07 0)
(9.79244 -1.86738e-07 0)
(9.79244 8.07201e-08 0)
(9.79244 -2.12124e-07 0)
(9.79244 6.42821e-08 0)
(9.79243 -1.5254e-07 0)
(9.79243 7.95764e-08 0)
(9.79243 3.20077e-08 0)
(9.79244 8.86088e-07 0)
(9.79244 2.6274e-06 0)
(9.79245 9.3564e-06 0)
(9.79248 2.14688e-05 0)
(9.57983 3.59455e-05 0)
(9.57981 5.15941e-05 0)
(9.57976 2.41918e-05 0)
(9.57982 -1.89703e-05 0)
(9.5799 -3.09822e-05 0)
(9.57997 -4.22993e-05 0)
(9.58004 -5.19695e-05 0)
(9.58007 -1.26884e-05 0)
(9.57997 2.17523e-05 0)
(9.57988 5.9313e-06 0)
(9.57983 -8.76482e-06 0)
(9.57981 -8.90746e-06 0)
(9.57979 1.02718e-07 0)
(9.5798 1.11351e-05 0)
(9.57982 2.06522e-05 0)
(9.57985 2.24135e-05 0)
(9.57987 2.03796e-05 0)
(9.5799 1.64992e-05 0)
(9.57992 1.62274e-05 0)
(9.57988 3.09272e-05 0)
(9.5798 8.09343e-06 0)
(9.57983 -2.98346e-05 0)
(9.57989 -3.43112e-05 0)
(9.57995 -3.80469e-05 0)
(9.58004 -4.30575e-05 0)
(9.58008 1.22928e-06 0)
(9.58002 3.80133e-05 0)
(9.57996 2.39874e-05 0)
(9.57995 4.23573e-06 0)
(9.57994 1.75029e-07 0)
(9.57993 -6.7781e-07 0)
(9.57993 2.3526e-06 0)
(9.57993 1.78741e-05 0)
(9.57991 4.73742e-05 0)
(9.57984 5.35822e-05 0)
(9.57979 3.70713e-05 0)
(9.57976 1.66581e-05 0)
(9.57974 -1.80912e-07 0)
(9.57973 -4.02716e-05 0)
(9.57978 -7.58468e-05 0)
(9.57984 -6.89522e-05 0)
(9.57987 -6.2075e-05 0)
(9.57993 -5.57831e-05 0)
(9.57996 -6.50483e-06 0)
(9.57988 3.55078e-05 0)
(9.57982 2.24481e-05 0)
(9.57981 4.67075e-06 0)
(9.5798 -1.80708e-06 0)
(9.57979 -1.62092e-06 0)
(9.57977 -1.16546e-06 0)
(9.57976 1.13527e-07 0)
(9.57975 1.09045e-07 0)
(9.57974 7.18609e-07 0)
(9.57973 2.24703e-07 0)
(9.57973 7.19902e-07 0)
(9.57972 3.06681e-07 0)
(9.57972 3.52003e-07 0)
(9.57972 -2.81584e-07 0)
(9.57972 -1.33586e-07 0)
(9.57971 -2.68612e-07 0)
(9.57971 2.35085e-07 0)
(9.57971 3.00479e-07 0)
(9.57971 8.39371e-07 0)
(9.57972 6.77009e-07 0)
(9.57972 9.72272e-07 0)
(9.57972 4.61395e-07 0)
(9.57972 8.00962e-07 0)
(9.57972 3.72648e-07 0)
(9.57972 3.67144e-07 0)
(9.57972 -2.48086e-07 0)
(9.57972 -1.98398e-07 0)
(9.57972 -3.22493e-07 0)
(9.57972 8.78978e-08 0)
(9.57972 5.67807e-08 0)
(9.57973 3.61623e-07 0)
(9.57973 2.47015e-07 0)
(9.57973 4.29782e-07 0)
(9.57973 3.05987e-07 0)
(9.57973 4.02388e-07 0)
(9.57973 2.09149e-07 0)
(9.57973 3.52263e-07 0)
(9.57973 1.00462e-07 0)
(9.57973 3.14096e-07 0)
(9.57973 4.17171e-08 0)
(9.57974 2.72309e-07 0)
(9.57974 1.99096e-08 0)
(9.57974 2.3434e-07 0)
(9.57974 1.60665e-08 0)
(9.57974 9.68341e-08 0)
(9.57974 -1.79578e-07 0)
(9.57974 6.99294e-08 0)
(9.57974 -1.98968e-07 0)
(9.57974 5.77868e-08 0)
(9.57974 -1.35108e-07 0)
(9.57974 7.11228e-08 0)
(9.57974 3.45631e-08 0)
(9.57974 8.19976e-07 0)
(9.57974 2.43401e-06 0)
(9.57975 8.71312e-06 0)
(9.57979 2.03478e-05 0)
(9.32802 3.93171e-05 0)
(9.32803 5.86626e-05 0)
(9.32796 3.02836e-05 0)
(9.32806 -1.39729e-05 0)
(9.32819 -3.00372e-05 0)
(9.32825 -4.55039e-05 0)
(9.32835 -5.54293e-05 0)
(9.32838 -1.46251e-05 0)
(9.32819 1.85991e-05 0)
(9.32804 1.82536e-06 0)
(9.32798 -1.16715e-05 0)
(9.32794 -1.02779e-05 0)
(9.32792 -7.78079e-07 0)
(9.32793 1.00227e-05 0)
(9.32795 1.90674e-05 0)
(9.32799 2.08727e-05 0)
(9.32802 1.91352e-05 0)
(9.32805 1.56219e-05 0)
(9.32809 2.03007e-05 0)
(9.3281 3.89892e-05 0)
(9.32799 1.57462e-05 0)
(9.32807 -2.30092e-05 0)
(9.32816 -3.27478e-05 0)
(9.32822 -4.12568e-05 0)
(9.32833 -4.68534e-05 0)
(9.32839 -2.17443e-06 0)
(9.32824 3.36203e-05 0)
(9.32813 1.85133e-05 0)
(9.32811 5.43019e-07 0)
(9.32809 -1.76234e-06 0)
(9.32808 -1.34276e-06 0)
(9.32807 1.91757e-06 0)
(9.32809 2.15905e-05 0)
(9.32812 5.51485e-05 0)
(9.32803 6.00328e-05 0)
(9.32796 4.0733e-05 0)
(9.32793 1.88138e-05 0)
(9.32789 1.53514e-06 0)
(9.32788 -3.89587e-05 0)
(9.328 -7.21969e-05 0)
(9.32809 -6.77002e-05 0)
(9.32812 -6.51576e-05 0)
(9.32821 -6.00951e-05 0)
(9.32825 -9.94302e-06 0)
(9.32808 3.11414e-05 0)
(9.32797 1.70238e-05 0)
(9.32794 9.47335e-07 0)
(9.32793 -3.51705e-06 0)
(9.32791 -2.20235e-06 0)
(9.32789 -1.18419e-06 0)
(9.32788 2.21428e-07 0)
(9.32787 3.09086e-07 0)
(9.32786 8.53717e-07 0)
(9.32786 3.7548e-07 0)
(9.32786 7.81e-07 0)
(9.32785 4.03353e-07 0)
(9.32785 3.98085e-07 0)
(9.32785 -1.78942e-07 0)
(9.32785 -1.24397e-07 0)
(9.32785 -2.42053e-07 0)
(9.32785 2.14332e-07 0)
(9.32785 2.86389e-07 0)
(9.32785 7.74107e-07 0)
(9.32785 6.39488e-07 0)
(9.32785 8.99457e-07 0)
(9.32786 4.34871e-07 0)
(9.32786 7.28844e-07 0)
(9.32786 3.62482e-07 0)
(9.32786 3.31496e-07 0)
(9.32786 -2.12922e-07 0)
(9.32786 -2.33595e-07 0)
(9.32786 -3.35164e-07 0)
(9.32786 4.3543e-08 0)
(9.32786 3.23394e-08 0)
(9.32787 3.06416e-07 0)
(9.32787 2.15213e-07 0)
(9.32787 3.74808e-07 0)
(9.32787 2.81596e-07 0)
(9.32787 3.53836e-07 0)
(9.32787 1.84641e-07 0)
(9.32787 3.07867e-07 0)
(9.32787 8.01408e-08 0)
(9.32787 2.74275e-07 0)
(9.32788 2.85342e-08 0)
(9.32788 2.3862e-07 0)
(9.32788 1.25265e-08 0)
(9.32788 2.08755e-07 0)
(9.32788 2.02084e-08 0)
(9.32788 8.06965e-08 0)
(9.32788 -1.70984e-07 0)
(9.32788 5.80068e-08 0)
(9.32788 -1.83691e-07 0)
(9.32788 5.10015e-08 0)
(9.32788 -1.15968e-07 0)
(9.32788 6.23225e-08 0)
(9.32788 3.72425e-08 0)
(9.32788 7.45282e-07 0)
(9.32788 2.21381e-06 0)
(9.3279 7.9648e-06 0)
(9.32794 1.9291e-05 0)
(9.02229 5.01236e-05 0)
(9.02252 7.74319e-05 0)
(9.02242 4.34643e-05 0)
(9.02264 -4.13414e-06 0)
(9.02286 -2.98482e-05 0)
(9.02284 -5.66527e-05 0)
(9.02295 -6.41524e-05 0)
(9.023 -1.89659e-05 0)
(9.02255 1.05281e-05 0)
(9.02225 -7.12435e-06 0)
(9.02215 -1.71383e-05 0)
(9.0221 -1.27204e-05 0)
(9.02207 -2.21783e-06 0)
(9.02208 8.61836e-06 0)
(9.02211 1.71145e-05 0)
(9.02215 1.89993e-05 0)
(9.0222 1.76342e-05 0)
(9.02224 1.45184e-05 0)
(9.02232 3.15232e-05 0)
(9.02257 5.92907e-05 0)
(9.02244 3.02093e-05 0)
(9.02262 -1.13002e-05 0)
(9.02283 -3.13366e-05 0)
(9.0228 -5.19834e-05 0)
(9.02294 -5.61713e-05 0)
(9.02302 -8.04722e-06 0)
(9.02261 2.3906e-05 0)
(9.02235 8.00936e-06 0)
(9.0223 -5.83058e-06 0)
(9.02227 -4.78399e-06 0)
(9.02225 -2.4616e-06 0)
(9.02225 1.05355e-06 0)
(9.02231 3.2344e-05 0)
(9.02259 7.56543e-05 0)
(9.02249 7.49845e-05 0)
(9.0224 4.84635e-05 0)
(9.02236 2.30614e-05 0)
(9.02232 4.067e-06 0)
(9.0223 -3.93748e-05 0)
(9.02254 -6.72704e-05 0)
(9.02273 -6.89887e-05 0)
(9.02267 -7.71716e-05 0)
(9.02278 -7.00079e-05 0)
(9.02284 -1.60877e-05 0)
(9.02242 2.12993e-05 0)
(9.02216 6.49789e-06 0)
(9.0221 -5.49664e-06 0)
(9.02207 -6.29949e-06 0)
(9.02205 -3.2234e-06 0)
(9.02203 -1.4163e-06 0)
(9.02202 1.9122e-07 0)
(9.02202 4.03313e-07 0)
(9.02201 9.01312e-07 0)
(9.02201 4.52294e-07 0)
(9.02201 7.78588e-07 0)
(9.02201 4.46163e-07 0)
(9.02201 4.06592e-07 0)
(9.02201 -1.09138e-07 0)
(9.02201 -1.33918e-07 0)
(9.02201 -2.35263e-07 0)
(9.02201 1.73541e-07 0)
(9.02201 2.52846e-07 0)
(9.02201 6.82913e-07 0)
(9.02201 5.80952e-07 0)
(9.02202 8.0709e-07 0)
(9.02202 3.9703e-07 0)
(9.02202 6.42351e-07 0)
(9.02202 3.39206e-07 0)
(9.02203 2.89808e-07 0)
(9.02203 -1.8319e-07 0)
(9.02203 -2.62804e-07 0)
(9.02203 -3.47989e-07 0)
(9.02203 -5.6012e-09 0)
(9.02203 2.46008e-09 0)
(9.02203 2.45124e-07 0)
(9.02203 1.77621e-07 0)
(9.02203 3.13207e-07 0)
(9.02203 2.53794e-07 0)
(9.02204 2.99889e-07 0)
(9.02204 1.59186e-07 0)
(9.02204 2.5724e-07 0)
(9.02204 5.89224e-08 0)
(9.02204 2.29344e-07 0)
(9.02204 1.58901e-08 0)
(9.02204 2.00244e-07 0)
(9.02204 6.00499e-09 0)
(9.02204 1.78498e-07 0)
(9.02204 2.65947e-08 0)
(9.02204 6.23257e-08 0)
(9.02204 -1.59456e-07 0)
(9.02204 4.425e-08 0)
(9.02204 -1.65923e-07 0)
(9.02204 4.37157e-08 0)
(9.02204 -9.5019e-08 0)
(9.02204 5.32748e-08 0)
(9.02204 3.96418e-08 0)
(9.02204 6.59772e-07 0)
(9.02205 1.9612e-06 0)
(9.02206 7.0806e-06 0)
(9.02212 1.82574e-05 0)
(8.63681 8.00807e-05 0)
(8.63798 0.000127136 0)
(8.63796 6.77557e-05 0)
(8.6383 1.04674e-05 0)
(8.63875 -3.65587e-05 0)
(8.63827 -8.87349e-05 0)
(8.63831 -8.54757e-05 0)
(8.63839 -2.79249e-05 0)
(8.63728 -3.60841e-06 0)
(8.63663 -2.3364e-05 0)
(8.63646 -2.59627e-05 0)
(8.63638 -1.63534e-05 0)
(8.63635 -4.2844e-06 0)
(8.63637 6.72186e-06 0)
(8.63641 1.47158e-05 0)
(8.63647 1.66757e-05 0)
(8.63653 1.57854e-05 0)
(8.63658 1.29205e-05 0)
(8.63676 6.19037e-05 0)
(8.638 0.00011094 0)
(8.63797 5.69134e-05 0)
(8.63826 5.30882e-06 0)
(8.63869 -3.66671e-05 0)
(8.63822 -8.35217e-05 0)
(8.63829 -7.86717e-05 0)
(8.63841 -1.86511e-05 0)
(8.63735 7.83957e-06 0)
(8.63676 -1.00259e-05 0)
(8.63663 -1.57e-05 0)
(8.6366 -9.03509e-06 0)
(8.63657 -4.13129e-06 0)
(8.63657 -5.7147e-07 0)
(8.63673 6.19776e-05 0)
(8.63802 0.0001288 0)
(8.63807 0.000110501 0)
(8.63802 6.57743e-05 0)
(8.63799 3.17829e-05 0)
(8.63794 8.15159e-06 0)
(8.63786 -4.844e-05 0)
(8.63818 -6.6883e-05 0)
(8.63858 -8.12048e-05 0)
(8.63807 -0.000111964 0)
(8.6381 -9.37205e-05 0)
(8.63818 -2.71691e-05 0)
(8.63712 4.74201e-06 0)
(8.63651 -1.16549e-05 0)
(8.63639 -1.54852e-05 0)
(8.63635 -1.03044e-05 0)
(8.63632 -4.7564e-06 0)
(8.63631 -1.92858e-06 0)
(8.6363 -4.46889e-08 0)
(8.6363 3.45634e-07 0)
(8.6363 8.10409e-07 0)
(8.6363 4.49424e-07 0)
(8.63631 7.01174e-07 0)
(8.63631 4.31771e-07 0)
(8.63631 3.67717e-07 0)
(8.63631 -7.55513e-08 0)
(8.63631 -1.55235e-07 0)
(8.63631 -2.3909e-07 0)
(8.63631 1.09656e-07 0)
(8.63631 2.0401e-07 0)
(8.63632 5.63359e-07 0)
(8.63632 5.00053e-07 0)
(8.63632 6.93839e-07 0)
(8.63633 3.48666e-07 0)
(8.63633 5.41934e-07 0)
(8.63633 3.03657e-07 0)
(8.63633 2.42243e-07 0)
(8.63634 -1.55849e-07 0)
(8.63634 -2.8117e-07 0)
(8.63634 -3.51526e-07 0)
(8.63633 -6.10138e-08 0)
(8.63634 -2.18393e-08 0)
(8.63634 1.69149e-07 0)
(8.63634 1.41466e-07 0)
(8.63634 2.39298e-07 0)
(8.63634 2.23496e-07 0)
(8.63634 2.40739e-07 0)
(8.63634 1.29112e-07 0)
(8.63635 2.06917e-07 0)
(8.63635 3.50307e-08 0)
(8.63635 1.8313e-07 0)
(8.63635 4.39236e-09 0)
(8.63635 1.58841e-07 0)
(8.63635 -2.29121e-09 0)
(8.63635 1.47475e-07 0)
(8.63635 2.61168e-08 0)
(8.63635 5.33011e-08 0)
(8.63635 -1.47463e-07 0)
(8.63635 3.222e-08 0)
(8.63635 -1.42678e-07 0)
(8.63635 3.22381e-08 0)
(8.63635 -7.04228e-08 0)
(8.63635 4.21339e-08 0)
(8.63635 4.18531e-08 0)
(8.63635 5.61207e-07 0)
(8.63636 1.67328e-06 0)
(8.63638 6.05095e-06 0)
(8.63644 1.71181e-05 0)
(8.12152 0.000164265 0)
(8.12591 0.000257753 0)
(8.1263 0.000103352 0)
(8.12602 1.12884e-05 0)
(8.12667 -6.73176e-05 0)
(8.12474 -0.000164999 0)
(8.12447 -0.000134929 0)
(8.12459 -4.07777e-05 0)
(8.12222 -2.51975e-05 0)
(8.12102 -5.02379e-05 0)
(8.1208 -3.86138e-05 0)
(8.12072 -2.09316e-05 0)
(8.12071 -6.86337e-06 0)
(8.12074 4.21139e-06 0)
(8.12081 1.16781e-05 0)
(8.1209 1.38956e-05 0)
(8.12098 1.35002e-05 0)
(8.12105 1.04452e-05 0)
(8.12137 0.000144688 0)
(8.1259 0.00024631 0)
(8.1263 9.68635e-05 0)
(8.12597 8.75714e-06 0)
(8.12659 -6.60123e-05 0)
(8.12468 -0.000160011 0)
(8.12444 -0.000129433 0)
(8.12462 -3.33085e-05 0)
(8.12231 -1.59332e-05 0)
(8.12118 -3.89896e-05 0)
(8.12102 -2.95413e-05 0)
(8.121 -1.43575e-05 0)
(8.12099 -6.27232e-06 0)
(8.121 -3.34127e-06 0)
(8.12131 0.000144139 0)
(8.12591 0.000268315 0)
(8.1266 0.000194166 0)
(8.12666 0.000104657 0)
(8.12667 4.99219e-05 0)
(8.12661 1.55199e-05 0)
(8.12635 -9.33824e-05 0)
(8.12593 -0.000100546 0)
(8.12648 -0.000125734 0)
(8.1245 -0.000194345 0)
(8.12421 -0.000147025 0)
(8.12433 -4.28644e-05 0)
(8.122 -1.97909e-05 0)
(8.12086 -4.0827e-05 0)
(8.1207 -2.9533e-05 0)
(8.12067 -1.53568e-05 0)
(8.12066 -6.73275e-06 0)
(8.12066 -2.73803e-06 0)
(8.12067 -5.23782e-07 0)
(8.12067 1.04346e-07 0)
(8.12068 5.79044e-07 0)
(8.12069 3.40158e-07 0)
(8.12069 5.42953e-07 0)
(8.1207 3.53213e-07 0)
(8.1207 2.87058e-07 0)
(8.1207 -7.01755e-08 0)
(8.1207 -1.83903e-07 0)
(8.1207 -2.46815e-07 0)
(8.1207 2.59339e-08 0)
(8.12071 1.42712e-07 0)
(8.12071 4.20648e-07 0)
(8.12071 3.94405e-07 0)
(8.12072 5.59381e-07 0)
(8.12072 2.90776e-07 0)
(8.12072 4.28695e-07 0)
(8.12073 2.5608e-07 0)
(8.12073 1.89437e-07 0)
(8.12073 -1.29696e-07 0)
(8.12073 -2.82411e-07 0)
(8.12073 -3.2723e-07 0)
(8.12073 -1.31371e-07 0)
(8.12073 -5.6301e-09 0)
(8.12073 5.15387e-08 0)
(8.12073 1.20549e-07 0)
(8.12073 1.39233e-07 0)
(8.12073 1.84005e-07 0)
(8.12074 1.79537e-07 0)
(8.12074 7.29472e-08 0)
(8.12074 1.78307e-07 0)
(8.12074 -2.98152e-09 0)
(8.12074 1.50766e-07 0)
(8.12074 -1.50312e-08 0)
(8.12074 1.2787e-07 0)
(8.12074 -3.1716e-08 0)
(8.12074 1.3607e-07 0)
(8.12074 -1.12848e-08 0)
(8.12074 7.82133e-08 0)
(8.12074 -1.41265e-07 0)
(8.12074 3.40603e-08 0)
(8.12074 -1.09011e-07 0)
(8.12074 1.60474e-08 0)
(8.12074 -4.02737e-08 0)
(8.12074 2.66444e-08 0)
(8.12074 4.22091e-08 0)
(8.12074 4.51735e-07 0)
(8.12075 1.35788e-06 0)
(8.12077 4.84301e-06 0)
(8.12085 1.64154e-05 0)
(7.36616 0.000437443 0)
(7.37573 0.000651152 0)
(7.3759 8.97677e-05 0)
(7.37271 -0.000125678 0)
(7.37323 -0.000167308 0)
(7.36944 -0.000334056 0)
(7.36911 -0.000236257 0)
(7.36946 -5.90131e-05 0)
(7.36613 -6.72365e-05 0)
(7.36507 -0.000100437 0)
(7.36513 -5.83682e-05 0)
(7.36518 -2.59351e-05 0)
(7.36521 -9.49447e-06 0)
(7.36529 1.24422e-06 0)
(7.3654 8.22591e-06 0)
(7.36553 1.0688e-05 0)
(7.36563 1.09681e-05 0)
(7.36572 6.95178e-06 0)
(7.36617 0.000414633 0)
(7.37583 0.000649376 0)
(7.37592 9.0865e-05 0)
(7.37263 -0.000124295 0)
(7.37311 -0.000164433 0)
(7.36934 -0.000329613 0)
(7.36907 -0.000232011 0)
(7.36948 -5.38518e-05 0)
(7.36623 -6.01732e-05 0)
(7.36526 -9.12843e-05 0)
(7.3654 -5.07582e-05 0)
(7.36551 -2.0168e-05 0)
(7.36556 -8.47979e-06 0)
(7.3656 -7.06678e-06 0)
(7.36604 0.00041324 0)
(7.37581 0.000677648 0)
(7.37654 0.000396968 0)
(7.37647 0.000186763 0)
(7.37643 8.57517e-05 0)
(7.37634 2.94548e-05 0)
(7.37576 -0.000307851 0)
(7.3725 -0.000314643 0)
(7.37297 -0.00025527 0)
(7.36913 -0.000375438 0)
(7.36879 -0.000254531 0)
(7.36914 -6.49633e-05 0)
(7.36586 -6.50616e-05 0)
(7.36487 -9.34934e-05 0)
(7.365 -5.10312e-05 0)
(7.3651 -2.0935e-05 0)
(7.36515 -8.85021e-06 0)
(7.36518 -3.79214e-06 0)
(7.3652 -1.19737e-06 0)
(7.36522 -2.98335e-07 0)
(7.36523 2.30048e-07 0)
(7.36524 1.55363e-07 0)
(7.36525 3.25013e-07 0)
(7.36526 2.29611e-07 0)
(7.36526 1.7392e-07 0)
(7.36526 -8.85753e-08 0)
(7.36526 -2.10294e-07 0)
(7.36526 -2.52937e-07 0)
(7.36526 -5.90118e-08 0)
(7.36527 7.86317e-08 0)
(7.36527 2.72495e-07 0)
(7.36527 2.7506e-07 0)
(7.36528 4.11301e-07 0)
(7.36528 2.28157e-07 0)
(7.36529 3.10041e-07 0)
(7.36529 2.00666e-07 0)
(7.36529 1.32678e-07 0)
(7.36529 -1.08465e-07 0)
(7.36529 -2.62736e-07 0)
(7.36529 -2.85352e-07 0)
(7.36529 -1.96459e-07 0)
(7.36529 2.81023e-08 0)
(7.36529 -6.65945e-08 0)
(7.36529 1.0218e-07 0)
(7.36529 3.71411e-08 0)
(7.36529 1.30452e-07 0)
(7.3653 1.20734e-07 0)
(7.3653 6.79369e-09 0)
(7.3653 1.59565e-07 0)
(7.3653 -4.09952e-08 0)
(7.3653 1.23951e-07 0)
(7.3653 -3.06762e-08 0)
(7.3653 1.01444e-07 0)
(7.3653 -6.64872e-08 0)
(7.3653 1.29542e-07 0)
(7.3653 -6.75852e-08 0)
(7.3653 1.11925e-07 0)
(7.3653 -1.2274e-07 0)
(7.3653 4.30702e-08 0)
(7.3653 -6.73824e-08 0)
(7.3653 8.02558e-10 0)
(7.3653 -1.41315e-08 0)
(7.3653 1.13873e-08 0)
(7.3653 4.38474e-08 0)
(7.3653 3.49143e-07 0)
(7.36531 1.07427e-06 0)
(7.36533 3.58914e-06 0)
(7.36541 2.07107e-05 0)
(6.06957 0.0014318 0)
(6.0439 0.00195743 0)
(6.03643 -0.000111153 0)
(6.04306 -0.000536664 0)
(6.04214 -0.00045432 0)
(6.052 -0.000770075 0)
(6.05526 -0.000368965 0)
(6.05596 -0.00031027 0)
(6.06407 -0.00040784 0)
(6.06783 -0.00026545 0)
(6.06906 -0.000111198 0)
(6.06949 -4.50424e-05 0)
(6.06968 -1.72303e-05 0)
(6.06983 -3.38307e-06 0)
(6.06998 3.69968e-06 0)
(6.07013 6.68221e-06 0)
(6.07025 8.17087e-06 0)
(6.07032 5.33013e-06 0)
(6.07033 0.00140362 0)
(6.04447 0.00197549 0)
(6.0365 -0.000101108 0)
(6.04287 -0.000530888 0)
(6.04185 -0.000446495 0)
(6.05171 -0.000767015 0)
(6.05505 -0.000365914 0)
(6.05583 -0.000306717 0)
(6.06401 -0.000402562 0)
(6.06786 -0.00025868 0)
(6.06917 -0.000104795 0)
(6.06967 -4.01747e-05 0)
(6.06987 -1.56947e-05 0)
(6.06995 -4.48367e-06 0)
(6.07 0.00139519 0)
(6.04428 0.00198255 0)
(6.0367 0.000793183 0)
(6.03456 0.000321138 0)
(6.03398 0.000138043 0)
(6.03379 4.82308e-05 0)
(6.03344 -0.000878874 0)
(6.04209 -0.000863348 0)
(6.04167 -0.000579228 0)
(6.05165 -0.000832228 0)
(6.05498 -0.000394867 0)
(6.05571 -0.000319339 0)
(6.06382 -0.000408457 0)
(6.06762 -0.000260894 0)
(6.06891 -0.000105117 0)
(6.06939 -4.07235e-05 0)
(6.0696 -1.63193e-05 0)
(6.06969 -6.31793e-06 0)
(6.06974 -2.2753e-06 0)
(6.06977 -7.87235e-07 0)
(6.06979 -9.66967e-08 0)
(6.0698 5.28563e-09 0)
(6.06981 1.6354e-07 0)
(6.06981 1.4447e-07 0)
(6.06982 9.24137e-08 0)
(6.06982 -8.58556e-08 0)
(6.06982 -2.03216e-07 0)
(6.06982 -2.14053e-07 0)
(6.06982 -9.03539e-08 0)
(6.06982 4.32078e-08 0)
(6.06982 1.76696e-07 0)
(6.06983 1.79471e-07 0)
(6.06983 2.80592e-07 0)
(6.06983 1.71938e-07 0)
(6.06984 2.10287e-07 0)
(6.06984 1.47144e-07 0)
(6.06985 8.19665e-08 0)
(6.06985 -9.07225e-08 0)
(6.06985 -2.30074e-07 0)
(6.06985 -2.24091e-07 0)
(6.06984 -1.94651e-07 0)
(6.06984 3.60587e-08 0)
(6.06984 -1.10848e-07 0)
(6.06984 7.3069e-08 0)
(6.06984 -1.31208e-08 0)
(6.06984 7.92956e-08 0)
(6.06985 8.4742e-08 0)
(6.06985 -1.94699e-08 0)
(6.06985 1.27191e-07 0)
(6.06985 -4.58872e-08 0)
(6.06985 8.89614e-08 0)
(6.06985 -2.30529e-08 0)
(6.06985 6.80619e-08 0)
(6.06985 -6.95518e-08 0)
(6.06985 1.00636e-07 0)
(6.06985 -8.77345e-08 0)
(6.06985 1.07552e-07 0)
(6.06986 -8.21951e-08 0)
(6.06985 3.51003e-08 0)
(6.06985 -2.91544e-08 0)
(6.06985 -1.25732e-08 0)
(6.06985 -7.45236e-09 0)
(6.06985 3.96761e-09 0)
(6.06985 4.64688e-08 0)
(6.06985 2.7518e-07 0)
(6.06986 9.01436e-07 0)
(6.06987 2.64384e-06 0)
(6.0699 3.55477e-05 0)
)
;

boundaryField
{
    inlet
    {
        type            cyclic;
    }
    outlet
    {
        type            cyclic;
    }
    bottomWall
    {
        type            noSlip;
    }
    topWall
    {
        type            noSlip;
    }
    frontAndBack
    {
        type            empty;
    }
}


// ************************************************************************* //
