/*--------------------------------*- C++ -*----------------------------------*\
  =========                 |
  \\      /  F ield         | OpenFOAM: The Open Source CFD Toolbox
   \\    /   O peration     | Website:  https://openfoam.org
    \\  /    A nd           | Version:  11
     \\/     M anipulation  |
\*---------------------------------------------------------------------------*/
FoamFile
{
    format      ascii;
    class       surfaceScalarField;
    location    "900";
    object      phi;
}
// * * * * * * * * * * * * * * * * * * * * * * * * * * * * * * * * * * * * * //

dimensions      [0 3 -1 0 0 0 0];

internalField   nonuniform List<scalar> 
9850
(
3.63424e-06
-8.22668e-09
3.63142e-06
2.71248e-09
3.62622e-06
5.154e-09
3.62611e-06
1.41666e-10
3.62803e-06
-1.91738e-09
3.6338e-06
-5.76771e-09
3.63822e-06
-4.35535e-09
3.63248e-06
5.68104e-09
3.62363e-06
8.86192e-09
3.62098e-06
2.62593e-09
3.62017e-06
7.88412e-10
3.61994e-06
2.47559e-10
3.61987e-06
4.05153e-11
3.62212e-06
-2.21994e-09
3.62426e-06
-2.12258e-09
3.62698e-06
-2.72379e-09
3.6308e-06
-3.77408e-09
3.632e-06
-1.24539e-09
3.63501e-06
-2.94114e-09
3.639e-06
-4.03968e-09
3.64084e-06
-1.78023e-09
3.64134e-06
-5.58562e-10
3.64151e-06
-9.49059e-11
3.64139e-06
3.42183e-11
3.64139e-06
1.03904e-10
3.64122e-06
7.54955e-11
3.64124e-06
1.15249e-10
3.64109e-06
3.38911e-11
3.64117e-06
7.99475e-11
3.64103e-06
-2.51295e-11
3.64114e-06
1.78846e-11
3.64113e-06
-1.33679e-10
3.64145e-06
-2.19941e-10
3.64169e-06
-3.5364e-10
3.64196e-06
-2.40199e-10
3.64205e-06
-1.43348e-10
3.64207e-06
-3.07271e-11
3.64184e-06
2.35615e-10
3.63425e-06
7.55768e-09
3.6247e-06
9.57112e-09
3.62166e-06
2.95967e-09
3.6207e-06
1.04147e-09
3.62027e-06
3.82201e-10
3.62013e-06
1.9661e-10
3.61998e-06
9.99109e-11
3.61993e-06
8.44487e-11
3.61985e-06
3.32873e-11
3.61987e-06
3.38916e-11
3.61984e-06
-2.69627e-12
3.61987e-06
9.3379e-12
3.61983e-06
-1.01371e-11
3.61987e-06
6.03065e-12
3.61983e-06
-1.24652e-11
3.61987e-06
6.35253e-12
3.61984e-06
-1.12958e-11
3.61987e-06
1.01087e-11
3.61984e-06
-1.10781e-11
3.61988e-06
8.72525e-12
3.61987e-06
-8.39785e-12
3.61989e-06
5.22242e-12
3.61988e-06
-5.17309e-12
3.6199e-06
3.75774e-12
3.61987e-06
-7.65421e-12
3.61989e-06
4.28834e-12
3.61986e-06
-9.68037e-12
3.61989e-06
6.3949e-12
3.61986e-06
-1.01353e-11
3.61989e-06
1.023e-11
3.61986e-06
-1.03852e-11
3.6199e-06
9.01715e-12
3.61988e-06
-8.26926e-12
3.61991e-06
5.47979e-12
3.61989e-06
-4.70096e-12
3.61992e-06
5.19893e-12
3.6199e-06
-6.21639e-12
3.61992e-06
3.50174e-12
3.6199e-06
-5.54557e-12
3.61991e-06
3.11916e-12
3.6199e-06
-4.98765e-12
3.61991e-06
3.07301e-12
3.6199e-06
-4.97422e-12
3.61991e-06
3.47497e-12
3.6199e-06
-4.9631e-12
3.61991e-06
4.11998e-12
3.6199e-06
-5.37472e-12
3.61991e-06
3.426e-12
3.61991e-06
-5.09722e-12
3.61992e-06
2.4424e-12
3.61991e-06
-4.16352e-12
3.61992e-06
4.13581e-12
3.61991e-06
-4.73487e-12
3.61992e-06
4.55336e-12
3.61991e-06
-5.16659e-12
3.61993e-06
3.70073e-12
3.61991e-06
-4.97245e-12
3.61993e-06
2.49833e-12
3.61992e-06
-1.16597e-11
3.61996e-06
-1.77262e-11
3.62003e-06
-1.20945e-10
-5.58053e-09
4.42031e-06
-5.22881e-09
4.42242e-06
5.44949e-10
4.42449e-06
3.05532e-09
4.42388e-06
7.70494e-10
4.42281e-06
-8.5022e-10
4.42041e-06
-3.36023e-09
4.41902e-06
-2.93096e-09
4.42198e-06
2.6894e-09
4.42555e-06
5.30078e-09
4.42585e-06
2.30713e-09
4.42579e-06
8.40886e-10
4.42573e-06
3.12131e-10
4.42557e-06
1.83392e-10
4.4243e-06
-9.28691e-10
4.42331e-06
-1.12661e-09
4.42225e-06
-1.66643e-09
4.4209e-06
-2.39835e-09
4.42088e-06
-1.25014e-09
4.42018e-06
-2.19673e-09
4.41907e-06
-2.96581e-09
4.41895e-06
-1.61479e-09
4.41899e-06
-6.3701e-10
4.41902e-06
-8.55419e-11
4.41895e-06
5.91916e-11
4.41896e-06
1.55977e-10
4.41887e-06
1.05046e-10
4.41889e-06
1.79753e-10
4.41881e-06
4.47101e-11
4.41886e-06
1.2485e-10
4.41878e-06
-5.07667e-11
4.41885e-06
3.07769e-11
4.41884e-06
-2.06942e-10
4.419e-06
-3.17591e-10
4.4191e-06
-5.23094e-10
4.41921e-06
-3.4407e-10
4.41925e-06
-2.05565e-10
4.41926e-06
-4.36577e-11
4.41928e-06
2.14623e-10
4.42247e-06
4.34699e-09
4.42595e-06
6.10148e-09
4.42613e-06
2.73165e-09
4.42603e-06
1.19413e-09
4.42589e-06
4.86529e-10
4.42584e-06
2.86247e-10
4.42576e-06
1.49535e-10
4.42574e-06
1.29213e-10
4.4257e-06
4.58266e-11
4.42571e-06
5.05519e-11
4.42569e-06
-8.53563e-12
4.42571e-06
1.31363e-11
4.4257e-06
-1.97971e-11
4.42572e-06
8.49273e-12
4.4257e-06
-2.24108e-11
4.42572e-06
1.00726e-11
4.42571e-06
-2.04311e-11
4.42573e-06
1.58635e-11
4.42571e-06
-1.88389e-11
4.42573e-06
1.57628e-11
4.42572e-06
-1.31659e-11
4.42574e-06
9.50513e-12
4.42573e-06
-9.0705e-12
4.42574e-06
5.58996e-12
4.42573e-06
-1.42677e-11
4.42574e-06
6.28867e-12
4.42572e-06
-1.77739e-11
4.42574e-06
1.00645e-11
4.42572e-06
-1.84859e-11
4.42574e-06
1.61693e-11
4.42573e-06
-1.77205e-11
4.42575e-06
1.62766e-11
4.42574e-06
-1.26482e-11
4.42576e-06
1.01618e-11
4.42575e-06
-7.92025e-12
4.42576e-06
8.14631e-12
4.42575e-06
-1.06348e-11
4.42576e-06
5.62635e-12
4.42575e-06
-1.00494e-11
4.42576e-06
4.85013e-12
4.42575e-06
-9.35672e-12
4.42576e-06
5.01649e-12
4.42575e-06
-9.14691e-12
4.42576e-06
5.88894e-12
4.42576e-06
-9.12275e-12
4.42576e-06
6.72857e-12
4.42576e-06
-9.66155e-12
4.42576e-06
5.87529e-12
4.42576e-06
-9.21648e-12
4.42576e-06
4.5765e-12
4.42576e-06
-7.65861e-12
4.42577e-06
7.08341e-12
4.42576e-06
-8.35295e-12
4.42577e-06
7.65752e-12
4.42576e-06
-8.81214e-12
4.42577e-06
6.53951e-12
4.42576e-06
-8.42478e-12
4.42577e-06
4.94763e-12
4.42576e-06
-1.74803e-11
4.42578e-06
-1.72749e-11
4.42567e-06
-3.89763e-11
-3.16585e-09
4.87361e-06
-3.82425e-09
4.87441e-06
-3.06383e-10
4.87571e-06
1.74529e-09
4.87594e-06
5.53612e-10
4.87548e-06
-3.9389e-10
4.87397e-06
-1.84856e-09
4.8728e-06
-1.72679e-09
4.87394e-06
1.52107e-09
4.87574e-06
3.50036e-09
4.87607e-06
1.97332e-09
4.87608e-06
8.16864e-10
4.87606e-06
3.4053e-10
4.87599e-06
2.38385e-10
4.87571e-06
-6.29894e-10
4.87562e-06
-1.0354e-09
4.87513e-06
-1.18037e-09
4.87436e-06
-1.60186e-09
4.87425e-06
-1.16087e-09
4.87369e-06
-1.60724e-09
4.87275e-06
-2.04949e-09
4.87242e-06
-1.25447e-09
4.87232e-06
-5.6405e-10
4.87229e-06
-2.43906e-11
4.87222e-06
1.00065e-10
4.87221e-06
2.05879e-10
4.87214e-06
1.30448e-10
4.87215e-06
2.29287e-10
4.8721e-06
5.08576e-11
4.87213e-06
1.57532e-10
4.87208e-06
-7.22393e-11
4.87213e-06
4.12443e-11
4.87212e-06
-2.59474e-10
4.87223e-06
-3.82452e-10
4.8723e-06
-6.4109e-10
4.87238e-06
-4.14977e-10
4.8724e-06
-2.49432e-10
4.87241e-06
-5.48304e-11
4.87243e-06
1.87817e-10
4.87402e-06
2.75007e-09
4.8759e-06
4.23015e-09
4.87619e-06
2.40115e-09
4.87621e-06
1.21644e-09
4.87614e-06
5.30242e-10
4.87611e-06
3.43526e-10
4.87605e-06
1.83601e-10
4.87604e-06
1.60614e-10
4.87601e-06
5.27498e-11
4.87602e-06
6.21929e-11
4.87601e-06
-1.36529e-11
4.87602e-06
1.59133e-11
4.87601e-06
-2.77918e-11
4.87603e-06
1.03021e-11
4.87602e-06
-3.05878e-11
4.87603e-06
1.28945e-11
4.87602e-06
-2.81475e-11
4.87604e-06
1.99741e-11
4.87603e-06
-2.53083e-11
4.87604e-06
2.11601e-11
4.87604e-06
-1.70113e-11
4.87605e-06
1.24073e-11
4.87604e-06
-1.23104e-11
4.87605e-06
6.29525e-12
4.87604e-06
-1.96998e-11
4.87605e-06
7.42042e-12
4.87604e-06
-2.45135e-11
4.87605e-06
1.28028e-11
4.87604e-06
-2.54786e-11
4.87605e-06
2.0502e-11
4.87604e-06
-2.37753e-11
4.87606e-06
2.19092e-11
4.87605e-06
-1.63332e-11
4.87606e-06
1.36733e-11
4.87606e-06
-1.11751e-11
4.87607e-06
1.01973e-11
4.87606e-06
-1.46974e-11
4.87607e-06
7.36158e-12
4.87606e-06
-1.38808e-11
4.87607e-06
6.07246e-12
4.87606e-06
-1.24896e-11
4.87607e-06
5.86565e-12
4.87607e-06
-1.19606e-11
4.87607e-06
6.9072e-12
4.87607e-06
-1.19942e-11
4.87607e-06
7.94215e-12
4.87607e-06
-1.24654e-11
4.87607e-06
7.00165e-12
4.87607e-06
-1.17997e-11
4.87607e-06
5.51203e-12
4.87607e-06
-9.97815e-12
4.87608e-06
8.58282e-12
4.87607e-06
-1.09971e-11
4.87608e-06
9.59469e-12
4.87607e-06
-1.15928e-11
4.87608e-06
8.61147e-12
4.87607e-06
-1.10744e-11
4.87608e-06
6.91607e-12
4.87607e-06
-2.11514e-11
4.87608e-06
-1.40872e-11
4.87603e-06
-4.92092e-12
-2.12347e-09
5.18229e-06
-3.42456e-09
5.18255e-06
-6.01197e-10
5.18308e-06
1.19774e-09
5.1833e-06
3.43711e-10
5.18318e-06
-2.78364e-10
5.18259e-06
-1.24845e-09
5.18203e-06
-1.14668e-09
5.18228e-06
1.24633e-09
5.18286e-06
2.92594e-09
5.18296e-06
1.86241e-09
5.18295e-06
8.26219e-10
5.18292e-06
3.70975e-10
5.1829e-06
2.47094e-10
5.18292e-06
-6.34655e-10
5.18303e-06
-1.13868e-09
5.18293e-06
-1.08457e-09
5.1827e-06
-1.36196e-09
5.18268e-06
-1.14675e-09
5.18245e-06
-1.35513e-09
5.18202e-06
-1.63836e-09
5.18184e-06
-1.04898e-09
5.18174e-06
-4.86656e-10
5.1817e-06
4.06396e-11
5.18162e-06
1.47421e-10
5.18161e-06
2.53296e-10
5.18155e-06
1.5925e-10
5.18155e-06
2.70349e-10
5.18151e-06
6.10353e-11
5.18153e-06
1.80989e-10
5.18149e-06
-8.47554e-11
5.18153e-06
4.75629e-11
5.18152e-06
-2.96641e-10
5.1816e-06
-4.3502e-10
5.18166e-06
-7.31382e-10
5.18172e-06
-4.72366e-10
5.18174e-06
-2.84341e-10
5.18175e-06
-6.48842e-11
5.18175e-06
1.85404e-10
5.18227e-06
2.22377e-09
5.18291e-06
3.58696e-09
5.18301e-06
2.27554e-09
5.18301e-06
1.24871e-09
5.18295e-06
5.68413e-10
5.18293e-06
3.8925e-10
5.18288e-06
2.14034e-10
5.18287e-06
1.86603e-10
5.18284e-06
6.11024e-11
5.18285e-06
7.17863e-11
5.18284e-06
-1.57801e-11
5.18285e-06
1.78798e-11
5.18284e-06
-3.28869e-11
5.18285e-06
1.09157e-11
5.18284e-06
-3.60704e-11
5.18286e-06
1.40057e-11
5.18285e-06
-3.34392e-11
5.18286e-06
2.1958e-11
5.18285e-06
-2.94975e-11
5.18287e-06
2.43607e-11
5.18286e-06
-1.97731e-11
5.18287e-06
1.39438e-11
5.18287e-06
-1.50491e-11
5.18287e-06
6.28072e-12
5.18287e-06
-2.3966e-11
5.18287e-06
7.50076e-12
5.18287e-06
-2.93623e-11
5.18288e-06
1.38313e-11
5.18287e-06
-3.03585e-11
5.18288e-06
2.26922e-11
5.18287e-06
-2.76839e-11
5.18288e-06
2.53379e-11
5.18288e-06
-1.87334e-11
5.18289e-06
1.54901e-11
5.18288e-06
-1.33554e-11
5.18289e-06
1.07812e-11
5.18288e-06
-1.73743e-11
5.18289e-06
7.74044e-12
5.18289e-06
-1.66815e-11
5.18289e-06
6.40715e-12
5.18289e-06
-1.53279e-11
5.18289e-06
6.43352e-12
5.18289e-06
-1.47102e-11
5.18289e-06
7.70634e-12
5.18289e-06
-1.46937e-11
5.1829e-06
8.81633e-12
5.18289e-06
-1.51469e-11
5.1829e-06
7.94339e-12
5.18289e-06
-1.43825e-11
5.1829e-06
6.45386e-12
5.1829e-06
-1.2267e-11
5.1829e-06
9.75783e-12
5.1829e-06
-1.31751e-11
5.1829e-06
1.08547e-11
5.1829e-06
-1.36123e-11
5.1829e-06
9.8728e-12
5.1829e-06
-1.29426e-11
5.1829e-06
8.13283e-12
5.1829e-06
-2.34856e-11
5.1829e-06
-1.25773e-11
5.18291e-06
-2.11022e-11
-1.87175e-09
5.41337e-06
-3.30158e-09
5.4135e-06
-7.59359e-10
5.41374e-06
9.44688e-10
5.41383e-06
2.56729e-10
5.4138e-06
-2.43073e-10
5.41357e-06
-1.01748e-09
5.41333e-06
-8.89299e-10
5.41337e-06
1.18708e-09
5.41357e-06
2.72786e-09
5.4136e-06
1.83046e-09
5.41357e-06
8.47768e-10
5.41355e-06
4.0058e-10
5.41354e-06
2.43776e-10
5.41356e-06
-6.4307e-10
5.4136e-06
-1.17923e-09
5.4136e-06
-1.07967e-09
5.41355e-06
-1.30123e-09
5.41355e-06
-1.15489e-09
5.41349e-06
-1.28132e-09
5.41335e-06
-1.5089e-09
5.41328e-06
-9.63309e-10
5.41321e-06
-4.33329e-10
5.41317e-06
9.5674e-11
5.41311e-06
1.92504e-10
5.41309e-06
2.97444e-10
5.41303e-06
1.89188e-10
5.41303e-06
3.07463e-10
5.41299e-06
7.43007e-11
5.41301e-06
2.01637e-10
5.41297e-06
-9.12984e-11
5.413e-06
5.30483e-11
5.41299e-06
-3.24663e-10
5.41306e-06
-4.79049e-10
5.41311e-06
-8.05472e-10
5.41316e-06
-5.20952e-10
5.41318e-06
-3.13376e-10
5.41318e-06
-7.32648e-11
5.41317e-06
1.98845e-10
5.41334e-06
2.04596e-09
5.41358e-06
3.3474e-09
5.41361e-06
2.23035e-09
5.4136e-06
1.28392e-09
5.41355e-06
6.02249e-10
5.41353e-06
4.27304e-10
5.41349e-06
2.41632e-10
5.41347e-06
2.09974e-10
5.41345e-06
7.05294e-11
5.41345e-06
8.1085e-11
5.41345e-06
-1.58328e-11
5.41345e-06
2.01333e-11
5.41344e-06
-3.61753e-11
5.41345e-06
1.15199e-11
5.41345e-06
-4.0071e-11
5.41346e-06
1.47244e-11
5.41345e-06
-3.7508e-11
5.41346e-06
2.31381e-11
5.41345e-06
-3.27796e-11
5.41346e-06
2.64602e-11
5.41346e-06
-2.18961e-11
5.41347e-06
1.4617e-11
5.41346e-06
-1.7085e-11
5.41347e-06
5.61946e-12
5.41347e-06
-2.72134e-11
5.41347e-06
7.01849e-12
5.41347e-06
-3.32243e-11
5.41347e-06
1.42139e-11
5.41347e-06
-3.42531e-11
5.41348e-06
2.39122e-11
5.41347e-06
-3.08104e-11
5.41348e-06
2.75572e-11
5.41348e-06
-2.0795e-11
5.41348e-06
1.65994e-11
5.41348e-06
-1.55005e-11
5.41349e-06
1.10478e-11
5.41348e-06
-1.99194e-11
5.41349e-06
7.97625e-12
5.41348e-06
-1.90403e-11
5.41349e-06
6.3555e-12
5.41349e-06
-1.71248e-11
5.41349e-06
6.06959e-12
5.41349e-06
-1.62462e-11
5.41349e-06
7.39715e-12
5.41349e-06
-1.6273e-11
5.41349e-06
8.62544e-12
5.41349e-06
-1.66009e-11
5.41349e-06
7.7759e-12
5.41349e-06
-1.56627e-11
5.4135e-06
6.26772e-12
5.41349e-06
-1.34364e-11
5.4135e-06
9.83703e-12
5.4135e-06
-1.45321e-11
5.4135e-06
1.12836e-11
5.4135e-06
-1.50195e-11
5.4135e-06
1.05369e-11
5.4135e-06
-1.42572e-11
5.4135e-06
8.82204e-12
5.4135e-06
-2.50579e-11
5.4135e-06
-1.29236e-11
5.41353e-06
-5.89439e-11
-1.81343e-09
5.59676e-06
-3.21777e-09
5.59686e-06
-8.79237e-10
5.59701e-06
7.87123e-10
5.59704e-06
2.2772e-10
5.59702e-06
-2.18841e-10
5.59691e-06
-9.05184e-10
5.59679e-06
-7.56702e-10
5.5968e-06
1.16448e-09
5.59691e-06
2.61943e-09
5.59693e-06
1.8095e-09
5.5969e-06
8.65498e-10
5.59688e-06
4.24479e-10
5.59688e-06
2.38968e-10
5.59687e-06
-6.25626e-10
5.59686e-06
-1.16504e-09
5.59686e-06
-1.07811e-09
5.59684e-06
-1.27495e-09
5.59684e-06
-1.15931e-09
5.59685e-06
-1.27655e-09
5.59682e-06
-1.49209e-09
5.5968e-06
-9.34484e-10
5.59676e-06
-3.96736e-10
5.59673e-06
1.3973e-10
5.59667e-06
2.34341e-10
5.59665e-06
3.36995e-10
5.5966e-06
2.20184e-10
5.59659e-06
3.41042e-10
5.59656e-06
9.10657e-11
5.59657e-06
2.18769e-10
5.59654e-06
-9.22315e-11
5.59656e-06
5.69694e-11
5.59655e-06
-3.45062e-10
5.59661e-06
-5.18747e-10
5.59665e-06
-8.67906e-10
5.59669e-06
-5.64325e-10
5.59671e-06
-3.38294e-10
5.59671e-06
-8.03172e-11
5.5967e-06
2.17903e-10
5.59677e-06
1.9663e-09
5.5969e-06
3.21585e-09
5.59692e-06
2.20192e-09
5.5969e-06
1.31163e-09
5.59687e-06
6.30036e-10
5.59685e-06
4.5794e-10
5.59681e-06
2.66623e-10
5.5968e-06
2.3056e-10
5.59678e-06
8.1191e-11
5.59678e-06
8.96784e-11
5.59677e-06
-1.40278e-11
5.59678e-06
2.21886e-11
5.59677e-06
-3.7631e-11
5.59678e-06
1.16917e-11
5.59677e-06
-4.23795e-11
5.59678e-06
1.46839e-11
5.59677e-06
-4.00429e-11
5.59678e-06
2.33509e-11
5.59678e-06
-3.46601e-11
5.59679e-06
2.75124e-11
5.59678e-06
-2.3386e-11
5.59679e-06
1.47586e-11
5.59679e-06
-1.88777e-11
5.59679e-06
4.80549e-12
5.59679e-06
-2.99114e-11
5.59679e-06
6.0546e-12
5.59679e-06
-3.60572e-11
5.5968e-06
1.36663e-11
5.59679e-06
-3.69735e-11
5.5968e-06
2.40175e-11
5.59679e-06
-3.27328e-11
5.5968e-06
2.86398e-11
5.5968e-06
-2.21082e-11
5.5968e-06
1.68056e-11
5.5968e-06
-1.68481e-11
5.59681e-06
1.0494e-11
5.5968e-06
-2.15084e-11
5.59681e-06
7.37117e-12
5.59681e-06
-2.07532e-11
5.59681e-06
5.88391e-12
5.59681e-06
-1.90012e-11
5.59681e-06
5.86501e-12
5.59681e-06
-1.81232e-11
5.59681e-06
7.3159e-12
5.59681e-06
-1.80705e-11
5.59681e-06
8.58332e-12
5.59681e-06
-1.83563e-11
5.59682e-06
7.86063e-12
5.59681e-06
-1.73564e-11
5.59682e-06
6.45552e-12
5.59682e-06
-1.49508e-11
5.59682e-06
1.00569e-11
5.59682e-06
-1.58393e-11
5.59682e-06
1.15195e-11
5.59682e-06
-1.61173e-11
5.59682e-06
1.08252e-11
5.59682e-06
-1.52169e-11
5.59682e-06
9.12829e-12
5.59682e-06
-2.61849e-11
5.59683e-06
-1.473e-11
5.59686e-06
-9.77737e-11
-1.78338e-09
5.74785e-06
-3.14382e-09
5.74794e-06
-9.7913e-10
5.74805e-06
6.62822e-10
5.74807e-06
2.17078e-10
5.74805e-06
-1.96185e-10
5.74797e-06
-8.29522e-10
5.7479e-06
-6.69502e-10
5.7479e-06
1.14618e-09
5.74799e-06
2.5311e-09
5.74802e-06
1.78534e-09
5.748e-06
8.76572e-10
5.74799e-06
4.41981e-10
5.74799e-06
2.34165e-10
5.74796e-06
-5.96668e-10
5.74793e-06
-1.12929e-09
5.74792e-06
-1.06851e-09
5.7479e-06
-1.25056e-09
5.74789e-06
-1.1571e-09
5.74792e-06
-1.29393e-09
5.74793e-06
-1.51141e-09
5.74794e-06
-9.26784e-10
5.7479e-06
-3.69377e-10
5.74788e-06
1.75323e-10
5.74782e-06
2.71913e-10
5.74781e-06
3.71601e-10
5.74776e-06
2.50524e-10
5.74775e-06
3.71299e-10
5.74772e-06
1.10046e-10
5.74773e-06
2.34173e-10
5.7477e-06
-8.88088e-11
5.74771e-06
6.01593e-11
5.7477e-06
-3.59773e-10
5.74776e-06
-5.5456e-10
5.74779e-06
-9.2168e-10
5.74783e-06
-6.03058e-10
5.74785e-06
-3.5949e-10
5.74785e-06
-8.59758e-11
5.74783e-06
2.37935e-10
5.74788e-06
1.91477e-09
5.74798e-06
3.11475e-09
5.74799e-06
2.17512e-09
5.74799e-06
1.33113e-09
5.74796e-06
6.52081e-10
5.74794e-06
4.82193e-10
5.74791e-06
2.88682e-10
5.7479e-06
2.48522e-10
5.74788e-06
9.1938e-11
5.74788e-06
9.75444e-11
5.74787e-06
-1.11525e-11
5.74788e-06
2.42325e-11
5.74787e-06
-3.79193e-11
5.74788e-06
1.18583e-11
5.74787e-06
-4.36247e-11
5.74788e-06
1.44553e-11
5.74787e-06
-4.16459e-11
5.74788e-06
2.31073e-11
5.74787e-06
-3.5865e-11
5.74788e-06
2.78572e-11
5.74788e-06
-2.43229e-11
5.74789e-06
1.43276e-11
5.74788e-06
-2.00122e-11
5.74789e-06
3.53665e-12
5.74789e-06
-3.17502e-11
5.74789e-06
4.71876e-12
5.74789e-06
-3.81514e-11
5.74789e-06
1.27049e-11
5.74789e-06
-3.89739e-11
5.74789e-06
2.34831e-11
5.74789e-06
-3.4115e-11
5.7479e-06
2.88838e-11
5.74789e-06
-2.31608e-11
5.7479e-06
1.66059e-11
5.7479e-06
-1.81824e-11
5.7479e-06
9.86201e-12
5.7479e-06
-2.30719e-11
5.74791e-06
6.79387e-12
5.7479e-06
-2.21659e-11
5.74791e-06
5.13339e-12
5.7479e-06
-1.99637e-11
5.74791e-06
4.85774e-12
5.74791e-06
-1.88723e-11
5.74791e-06
6.31489e-12
5.74791e-06
-1.88473e-11
5.74791e-06
7.66161e-12
5.74791e-06
-1.90028e-11
5.74791e-06
6.9979e-12
5.74791e-06
-1.78617e-11
5.74791e-06
5.6452e-12
5.74791e-06
-1.54076e-11
5.74791e-06
9.38124e-12
5.74791e-06
-1.64126e-11
5.74792e-06
1.11189e-11
5.74791e-06
-1.67123e-11
5.74792e-06
1.06707e-11
5.74791e-06
-1.57431e-11
5.74792e-06
9.01479e-12
5.74792e-06
-2.68187e-11
5.74792e-06
-1.7363e-11
5.74795e-06
-1.34195e-10
-1.74994e-09
5.87547e-06
-3.06562e-09
5.87554e-06
-1.06606e-09
5.87565e-06
5.55523e-10
5.87566e-06
2.10388e-10
5.87564e-06
-1.74329e-10
5.87557e-06
-7.66249e-10
5.87551e-06
-5.9949e-10
5.87552e-06
1.1278e-09
5.87561e-06
2.44953e-09
5.87563e-06
1.75737e-09
5.87562e-06
8.81692e-10
5.87561e-06
4.53678e-10
5.87561e-06
2.28801e-10
5.87559e-06
-5.65717e-10
5.87555e-06
-1.08817e-09
5.87553e-06
-1.05362e-09
5.87551e-06
-1.22377e-09
5.8755e-06
-1.15121e-09
5.87553e-06
-1.31641e-09
5.87556e-06
-1.53973e-09
5.87556e-06
-9.26769e-10
5.87553e-06
-3.46655e-10
5.87551e-06
2.04937e-10
5.87547e-06
3.06048e-10
5.87545e-06
4.01992e-10
5.87541e-06
2.79809e-10
5.8754e-06
3.98926e-10
5.87537e-06
1.30237e-10
5.87538e-06
2.47544e-10
5.87535e-06
-8.27352e-11
5.87536e-06
6.27733e-11
5.87535e-06
-3.70408e-10
5.8754e-06
-5.87951e-10
5.87543e-06
-9.69326e-10
5.87547e-06
-6.38817e-10
5.87548e-06
-3.78273e-10
5.87548e-06
-9.0832e-11
5.87546e-06
2.56547e-10
5.8755e-06
1.87336e-09
5.87559e-06
3.02614e-09
5.87561e-06
2.14892e-09
5.8756e-06
1.34526e-09
5.87558e-06
6.69932e-10
5.87557e-06
5.01575e-10
5.87554e-06
3.08142e-10
5.87553e-06
2.63988e-10
5.87551e-06
1.02579e-10
5.87551e-06
1.04564e-10
5.8755e-06
-7.64187e-12
5.87551e-06
2.6027e-11
5.8755e-06
-3.73015e-11
5.87551e-06
1.18191e-11
5.8755e-06
-4.39186e-11
5.87551e-06
1.39056e-11
5.8755e-06
-4.2344e-11
5.87551e-06
2.24635e-11
5.8755e-06
-3.62102e-11
5.87551e-06
2.77888e-11
5.87551e-06
-2.49078e-11
5.87551e-06
1.37841e-11
5.87551e-06
-2.10919e-11
5.87552e-06
2.37801e-12
5.87551e-06
-3.3399e-11
5.87552e-06
3.23081e-12
5.87551e-06
-3.9699e-11
5.87552e-06
1.12982e-11
5.87551e-06
-4.03304e-11
5.87552e-06
2.24256e-11
5.87552e-06
-3.47975e-11
5.87552e-06
2.86371e-11
5.87552e-06
-2.37571e-11
5.87553e-06
1.59509e-11
5.87552e-06
-1.89316e-11
5.87553e-06
8.75801e-12
5.87553e-06
-2.39361e-11
5.87553e-06
5.70261e-12
5.87553e-06
-2.315e-11
5.87553e-06
4.24986e-12
5.87553e-06
-2.11801e-11
5.87553e-06
4.24516e-12
5.87553e-06
-2.01395e-11
5.87553e-06
5.76806e-12
5.87553e-06
-2.00193e-11
5.87554e-06
7.13353e-12
5.87554e-06
-2.01303e-11
5.87554e-06
6.61189e-12
5.87554e-06
-1.89532e-11
5.87554e-06
5.403e-12
5.87554e-06
-1.63871e-11
5.87554e-06
9.07297e-12
5.87554e-06
-1.71466e-11
5.87554e-06
1.07841e-11
5.87554e-06
-1.72299e-11
5.87554e-06
1.03996e-11
5.87554e-06
-1.61432e-11
5.87554e-06
8.76605e-12
5.87554e-06
-2.73128e-11
5.87555e-06
-2.04584e-11
5.87557e-06
-1.64753e-10
-1.71448e-09
5.98511e-06
-2.99653e-09
5.98518e-06
-1.14042e-09
5.98527e-06
4.60311e-10
5.98528e-06
2.04795e-10
5.98526e-06
-1.5385e-10
5.9852e-06
-7.09571e-10
5.98515e-06
-5.39554e-10
5.98516e-06
1.11104e-09
5.98523e-06
2.37359e-09
5.98526e-06
1.72854e-09
5.98526e-06
8.83158e-10
5.98525e-06
4.60808e-10
5.98525e-06
2.22799e-10
5.98523e-06
-5.37593e-10
5.98519e-06
-1.04871e-09
5.98517e-06
-1.03659e-09
5.98515e-06
-1.19741e-09
5.98514e-06
-1.14329e-09
5.98517e-06
-1.3399e-09
5.9852e-06
-1.56815e-09
5.98521e-06
-9.29515e-10
5.98518e-06
-3.26492e-10
5.98516e-06
2.29407e-10
5.98512e-06
3.37131e-10
5.98511e-06
4.27547e-10
5.98507e-06
3.07791e-10
5.98506e-06
4.22769e-10
5.98503e-06
1.51657e-10
5.98503e-06
2.58699e-10
5.98501e-06
-7.33318e-11
5.98502e-06
6.41036e-11
5.98501e-06
-3.768e-10
5.98505e-06
-6.1954e-10
5.98508e-06
-1.01125e-09
5.98512e-06
-6.71685e-10
5.98513e-06
-3.94266e-10
5.98513e-06
-9.46761e-11
5.98511e-06
2.73597e-10
5.98514e-06
1.83783e-09
5.98522e-06
2.94718e-09
5.98524e-06
2.12548e-09
5.98524e-06
1.3556e-09
5.98522e-06
6.85418e-10
5.98521e-06
5.16963e-10
5.98518e-06
3.25614e-10
5.98517e-06
2.77005e-10
5.98516e-06
1.12821e-10
5.98516e-06
1.10363e-10
5.98515e-06
-3.6751e-12
5.98515e-06
2.74047e-11
5.98515e-06
-3.59317e-11
5.98515e-06
1.15552e-11
5.98515e-06
-4.34076e-11
5.98515e-06
1.30834e-11
5.98515e-06
-4.22644e-11
5.98515e-06
2.13776e-11
5.98515e-06
-3.59703e-11
5.98516e-06
2.7076e-11
5.98515e-06
-2.49809e-11
5.98516e-06
1.2724e-11
5.98516e-06
-2.15413e-11
5.98516e-06
8.17646e-13
5.98516e-06
-3.42197e-11
5.98516e-06
1.43787e-12
5.98516e-06
-4.05494e-11
5.98516e-06
9.54479e-12
5.98516e-06
-4.1006e-11
5.98516e-06
2.08267e-11
5.98516e-06
-3.49664e-11
5.98517e-06
2.76616e-11
5.98517e-06
-2.40704e-11
5.98517e-06
1.4979e-11
5.98517e-06
-1.96382e-11
5.98517e-06
7.64162e-12
5.98517e-06
-2.47702e-11
5.98517e-06
4.68263e-12
5.98517e-06
-2.3866e-11
5.98518e-06
3.11618e-12
5.98517e-06
-2.15227e-11
5.98518e-06
2.89969e-12
5.98518e-06
-2.02926e-11
5.98518e-06
4.40963e-12
5.98518e-06
-2.01942e-11
5.98518e-06
5.82466e-12
5.98518e-06
-2.01824e-11
5.98518e-06
5.37336e-12
5.98518e-06
-1.88916e-11
5.98518e-06
4.24804e-12
5.98518e-06
-1.63143e-11
5.98518e-06
7.97526e-12
5.98518e-06
-1.71547e-11
5.98518e-06
9.9006e-12
5.98518e-06
-1.7256e-11
5.98519e-06
9.74522e-12
5.98518e-06
-1.61321e-11
5.98519e-06
8.13923e-12
5.98518e-06
-2.73547e-11
5.98519e-06
-2.38947e-11
5.98521e-06
-1.91821e-10
-1.67811e-09
6.08042e-06
-2.92732e-09
6.08047e-06
-1.20728e-09
6.08055e-06
3.75163e-10
6.08056e-06
1.99943e-10
6.08054e-06
-1.33799e-10
6.08049e-06
-6.56634e-10
6.08044e-06
-4.84843e-10
6.08045e-06
1.09473e-09
6.08052e-06
2.30293e-09
6.08055e-06
1.69916e-09
6.08055e-06
8.81541e-10
6.08055e-06
4.64392e-10
6.08055e-06
2.15609e-10
6.08053e-06
-5.12509e-10
6.0805e-06
-1.01177e-09
6.08048e-06
-1.01892e-09
6.08046e-06
-1.1711e-09
6.08044e-06
-1.13514e-09
6.08047e-06
-1.36203e-09
6.0805e-06
-1.59579e-09
6.08051e-06
-9.33465e-10
6.08048e-06
-3.08444e-10
6.08047e-06
2.50938e-10
6.08043e-06
3.65289e-10
6.08042e-06
4.50281e-10
6.08039e-06
3.33606e-10
6.08038e-06
4.4491e-10
6.08035e-06
1.72367e-10
6.08035e-06
2.68904e-10
6.08033e-06
-6.37946e-11
6.08034e-06
6.56857e-11
6.08033e-06
-3.8166e-10
6.08037e-06
-6.4927e-10
6.08039e-06
-1.05029e-09
6.08043e-06
-7.02644e-10
6.08043e-06
-4.08987e-10
6.08044e-06
-9.81152e-11
6.08042e-06
2.88644e-10
6.08045e-06
1.80621e-09
6.08052e-06
2.87606e-09
6.08054e-06
2.10419e-09
6.08053e-06
1.36481e-09
6.08052e-06
6.99097e-10
6.08051e-06
5.30138e-10
6.08049e-06
3.41178e-10
6.08048e-06
2.88377e-10
6.08047e-06
1.22323e-10
6.08047e-06
1.15536e-10
6.08046e-06
1.31056e-13
6.08046e-06
2.86057e-11
6.08046e-06
-3.43957e-11
6.08046e-06
1.12676e-11
6.08045e-06
-4.26019e-11
6.08046e-06
1.226e-11
6.08045e-06
-4.18649e-11
6.08046e-06
2.03019e-11
6.08045e-06
-3.53727e-11
6.08046e-06
2.643e-11
6.08046e-06
-2.49788e-11
6.08046e-06
1.18586e-11
6.08046e-06
-2.21236e-11
6.08046e-06
-4.45578e-13
6.08046e-06
-3.51634e-11
6.08047e-06
-2.43693e-13
6.08046e-06
-4.12582e-11
6.08047e-06
7.75465e-12
6.08046e-06
-4.14805e-11
6.08047e-06
1.91925e-11
6.08047e-06
-3.48543e-11
6.08047e-06
2.67311e-11
6.08047e-06
-2.41805e-11
6.08047e-06
1.39177e-11
6.08047e-06
-1.99551e-11
6.08048e-06
6.33315e-12
6.08047e-06
-2.51208e-11
6.08048e-06
3.42673e-12
6.08048e-06
-2.43274e-11
6.08048e-06
2.09752e-12
6.08048e-06
-2.22492e-11
6.08048e-06
2.13912e-12
6.08048e-06
-2.10987e-11
6.08048e-06
3.67727e-12
6.08048e-06
-2.09003e-11
6.08048e-06
5.09613e-12
6.08048e-06
-2.08481e-11
6.08048e-06
4.785e-12
6.08048e-06
-1.95423e-11
6.08048e-06
3.81461e-12
6.08048e-06
-1.69065e-11
6.08049e-06
7.41432e-12
6.08048e-06
-1.74949e-11
6.08049e-06
9.28448e-12
6.08049e-06
-1.73934e-11
6.08049e-06
9.1876e-12
6.08049e-06
-1.61816e-11
6.08049e-06
7.59072e-12
6.08049e-06
-2.74799e-11
6.08049e-06
-2.73625e-11
6.08051e-06
-2.14496e-10
-1.64343e-09
6.16391e-06
-2.86802e-09
6.16396e-06
-1.26524e-09
6.16403e-06
2.98706e-10
6.16404e-06
1.96036e-10
6.16402e-06
-1.14351e-10
6.16397e-06
-6.07131e-10
6.16393e-06
-4.35759e-10
6.16394e-06
1.08067e-09
6.164e-06
2.23756e-09
6.16403e-06
1.67089e-09
6.16403e-06
8.78428e-10
6.16403e-06
4.65261e-10
6.16404e-06
2.07858e-10
6.16402e-06
-4.91401e-10
6.16399e-06
-9.78535e-10
6.16397e-06
-1.00143e-09
6.16395e-06
-1.1469e-09
6.16394e-06
-1.1264e-09
6.16396e-06
-1.38393e-09
6.16399e-06
-1.6215e-09
6.164e-06
-9.38379e-10
6.16398e-06
-2.91467e-10
6.16396e-06
2.69084e-10
6.16393e-06
3.914e-10
6.16392e-06
4.69035e-10
6.16389e-06
3.57985e-10
6.16388e-06
4.63425e-10
6.16385e-06
1.93506e-10
6.16386e-06
2.76832e-10
6.16383e-06
-5.19524e-11
6.16384e-06
6.57943e-11
6.16383e-06
-3.83468e-10
6.16387e-06
-6.78197e-10
6.16389e-06
-1.0855e-09
6.16392e-06
-7.31694e-10
6.16393e-06
-4.21602e-10
6.16393e-06
-1.00809e-10
6.16392e-06
3.02186e-10
6.16395e-06
1.77818e-09
6.16401e-06
2.81225e-09
6.16402e-06
2.08635e-09
6.16402e-06
1.37245e-09
6.164e-06
7.12304e-10
6.164e-06
5.41156e-10
6.16398e-06
3.55738e-10
6.16397e-06
2.97956e-10
6.16396e-06
1.31384e-10
6.16396e-06
1.19486e-10
6.16395e-06
4.06109e-12
6.16396e-06
2.92525e-11
6.16395e-06
-3.24454e-11
6.16395e-06
1.0659e-11
6.16395e-06
-4.12766e-11
6.16395e-06
1.11389e-11
6.16395e-06
-4.09166e-11
6.16395e-06
1.88243e-11
6.16395e-06
-3.43674e-11
6.16395e-06
2.52203e-11
6.16395e-06
-2.45702e-11
6.16396e-06
1.05449e-11
6.16396e-06
-2.21564e-11
6.16396e-06
-2.04712e-12
6.16396e-06
-3.53641e-11
6.16396e-06
-2.13974e-12
6.16396e-06
-4.1366e-11
6.16396e-06
5.73072e-12
6.16396e-06
-4.13729e-11
6.16396e-06
1.71596e-11
6.16396e-06
-3.4318e-11
6.16396e-06
2.52236e-11
6.16396e-06
-2.40333e-11
6.16397e-06
1.26512e-11
6.16397e-06
-2.02383e-11
6.16397e-06
5.08789e-12
6.16397e-06
-2.54605e-11
6.16397e-06
2.30552e-12
6.16397e-06
-2.45672e-11
6.16397e-06
8.95549e-13
6.16397e-06
-2.2167e-11
6.16397e-06
7.49948e-13
6.16397e-06
-2.08459e-11
6.16397e-06
2.26036e-12
6.16397e-06
-2.06687e-11
6.16397e-06
3.70659e-12
6.16397e-06
-2.05045e-11
6.16397e-06
3.46449e-12
6.16397e-06
-1.91102e-11
6.16397e-06
2.58574e-12
6.16397e-06
-1.64982e-11
6.16398e-06
6.18553e-12
6.16398e-06
-1.71561e-11
6.16398e-06
8.22131e-12
6.16398e-06
-1.70831e-11
6.16398e-06
8.3278e-12
6.16398e-06
-1.58694e-11
6.16398e-06
6.73603e-12
6.16398e-06
-2.72135e-11
6.16398e-06
-3.09878e-11
6.164e-06
-2.34772e-10
-1.60987e-09
6.23741e-06
-2.80886e-09
6.23746e-06
-1.31906e-09
6.23753e-06
2.29569e-10
6.23753e-06
1.93317e-10
6.23751e-06
-9.46348e-11
6.23747e-06
-5.5961e-10
6.23742e-06
-3.89301e-10
6.23743e-06
1.0671e-09
6.2375e-06
2.17687e-09
6.23752e-06
1.64293e-09
6.23752e-06
8.73621e-10
6.23753e-06
4.64122e-10
6.23753e-06
1.99179e-10
6.23752e-06
-4.72878e-10
6.23749e-06
-9.47882e-10
6.23747e-06
-9.84418e-10
6.23745e-06
-1.12322e-09
6.23744e-06
-1.11809e-09
6.23746e-06
-1.4043e-09
6.23749e-06
-1.64677e-09
6.2375e-06
-9.43679e-10
6.23748e-06
-2.75951e-10
6.23747e-06
2.85899e-10
6.23744e-06
4.15228e-10
6.23743e-06
4.8617e-10
6.2374e-06
3.79989e-10
6.23739e-06
4.80956e-10
6.23737e-06
2.13009e-10
6.23737e-06
2.8436e-10
6.23735e-06
-4.1414e-11
6.23735e-06
6.64939e-11
6.23735e-06
-3.85201e-10
6.23738e-06
-7.05713e-10
6.23741e-06
-1.11973e-09
6.23743e-06
-7.59553e-10
6.23744e-06
-4.33673e-10
6.23744e-06
-1.0337e-10
6.23743e-06
3.13947e-10
6.23745e-06
1.75252e-09
6.23751e-06
2.75423e-09
6.23752e-06
2.07007e-09
6.23752e-06
1.3804e-09
6.23751e-06
7.24722e-10
6.2375e-06
5.51488e-10
6.23748e-06
3.69093e-10
6.23747e-06
3.06693e-10
6.23746e-06
1.39642e-10
6.23746e-06
1.23103e-10
6.23746e-06
7.49047e-12
6.23746e-06
2.97875e-11
6.23746e-06
-3.07356e-11
6.23746e-06
1.00895e-11
6.23745e-06
-4.0051e-11
6.23746e-06
1.01393e-11
6.23745e-06
-4.00078e-11
6.23746e-06
1.75305e-11
6.23745e-06
-3.33083e-11
6.23746e-06
2.4306e-11
6.23746e-06
-2.42568e-11
6.23746e-06
9.56663e-12
6.23746e-06
-2.24299e-11
6.23746e-06
-3.27182e-12
6.23746e-06
-3.58607e-11
6.23746e-06
-3.796e-12
6.23746e-06
-4.15501e-11
6.23746e-06
3.8872e-12
6.23746e-06
-4.12968e-11
6.23747e-06
1.53545e-11
6.23746e-06
-3.37149e-11
6.23747e-06
2.40588e-11
6.23747e-06
-2.38127e-11
6.23747e-06
1.15016e-11
6.23747e-06
-2.02326e-11
6.23747e-06
3.81252e-12
6.23747e-06
-2.543e-11
6.23747e-06
1.11145e-12
6.23747e-06
-2.46344e-11
6.23747e-06
-5.04204e-14
6.23747e-06
-2.25145e-11
6.23747e-06
4.11405e-14
6.23747e-06
-2.12943e-11
6.23747e-06
1.54998e-12
6.23747e-06
-2.10184e-11
6.23748e-06
2.98755e-12
6.23748e-06
-2.08212e-11
6.23748e-06
2.8752e-12
6.23748e-06
-1.94324e-11
6.23748e-06
2.1462e-12
6.23748e-06
-1.68108e-11
6.23748e-06
5.57094e-12
6.23748e-06
-1.72288e-11
6.23748e-06
7.52642e-12
6.23748e-06
-1.69775e-11
6.23748e-06
7.67699e-12
6.23748e-06
-1.57099e-11
6.23748e-06
6.07332e-12
6.23748e-06
-2.71457e-11
6.23748e-06
-3.44718e-11
6.2375e-06
-2.51919e-10
-1.57832e-09
6.30228e-06
-2.75863e-09
6.30233e-06
-1.36638e-09
6.30239e-06
1.66917e-10
6.30239e-06
1.91591e-10
6.30237e-06
-7.50829e-11
6.30233e-06
-5.14338e-10
6.30229e-06
-3.46846e-10
6.3023e-06
1.05586e-09
6.30235e-06
2.12071e-09
6.30238e-06
1.61653e-09
6.30238e-06
8.68349e-10
6.30238e-06
4.61435e-10
6.30239e-06
1.90414e-10
6.30238e-06
-4.57565e-10
6.30235e-06
-9.20508e-10
6.30233e-06
-9.68125e-10
6.30232e-06
-1.10177e-09
6.30231e-06
-1.10939e-09
6.30233e-06
-1.42478e-09
6.30235e-06
-1.67067e-09
6.30236e-06
-9.49704e-10
6.30234e-06
-2.60843e-10
6.30233e-06
3.0031e-10
6.30231e-06
4.37849e-10
6.3023e-06
5.00108e-10
6.30227e-06
4.00837e-10
6.30226e-06
4.95135e-10
6.30224e-06
2.32669e-10
6.30224e-06
2.89561e-10
6.30222e-06
-2.90924e-11
6.30223e-06
6.55239e-11
6.30222e-06
-3.84545e-10
6.30225e-06
-7.33128e-10
6.30228e-06
-1.15126e-09
6.30231e-06
-7.86164e-10
6.30231e-06
-4.44088e-10
6.30232e-06
-1.05386e-10
6.3023e-06
3.24419e-10
6.30233e-06
1.72938e-09
6.30238e-06
2.70156e-09
6.30239e-06
2.05659e-09
6.30239e-06
1.38729e-09
6.30237e-06
7.37362e-10
6.30236e-06
5.60594e-10
6.30235e-06
3.82162e-10
6.30234e-06
3.14218e-10
6.30233e-06
1.47675e-10
6.30233e-06
1.25627e-10
6.30233e-06
1.09658e-11
6.30233e-06
2.97188e-11
6.30232e-06
-2.8768e-11
6.30233e-06
9.11675e-12
6.30232e-06
-3.84661e-11
6.30233e-06
8.77518e-12
6.30232e-06
-3.86873e-11
6.30233e-06
1.5803e-11
6.30232e-06
-3.19505e-11
6.30233e-06
2.28243e-11
6.30233e-06
-2.36146e-11
6.30233e-06
8.14985e-12
6.30233e-06
-2.22101e-11
6.30233e-06
-4.80819e-12
6.30233e-06
-3.56525e-11
6.30233e-06
-5.62123e-12
6.30233e-06
-4.11698e-11
6.30233e-06
1.8575e-12
6.30233e-06
-4.06695e-11
6.30233e-06
1.32146e-11
6.30233e-06
-3.27141e-11
6.30234e-06
2.2385e-11
6.30233e-06
-2.33318e-11
6.30234e-06
1.01998e-11
6.30234e-06
-2.0181e-11
6.30234e-06
2.63436e-12
6.30234e-06
-2.53828e-11
6.30234e-06
7.65684e-14
6.30234e-06
-2.45039e-11
6.30234e-06
-1.14877e-12
6.30234e-06
-2.20914e-11
6.30234e-06
-1.22776e-12
6.30234e-06
-2.07074e-11
6.30234e-06
2.4472e-13
6.30234e-06
-2.04606e-11
6.30234e-06
1.68846e-12
6.30234e-06
-2.01645e-11
6.30234e-06
1.63702e-12
6.30234e-06
-1.87106e-11
6.30234e-06
9.9475e-13
6.30234e-06
-1.61441e-11
6.30234e-06
4.3727e-12
6.30234e-06
-1.66402e-11
6.30234e-06
6.44741e-12
6.30234e-06
-1.64399e-11
6.30235e-06
6.76906e-12
6.30234e-06
-1.52106e-11
6.30235e-06
5.14218e-12
6.30234e-06
-2.67089e-11
6.30235e-06
-3.80378e-11
6.30236e-06
-2.67285e-10
-1.5479e-09
6.35955e-06
-2.70808e-09
6.35959e-06
-1.41179e-09
6.35964e-06
1.09612e-10
6.35965e-06
1.91112e-10
6.35963e-06
-5.50274e-11
6.35958e-06
-4.70161e-10
6.35954e-06
-3.05652e-10
6.35955e-06
1.04496e-09
6.3596e-06
2.06851e-09
6.35963e-06
1.59059e-09
6.35963e-06
8.62068e-10
6.35964e-06
4.577e-10
6.35965e-06
1.8111e-10
6.35963e-06
-4.4391e-10
6.35961e-06
-8.95112e-10
6.35959e-06
-9.5255e-10
6.35958e-06
-1.08068e-09
6.35957e-06
-1.10128e-09
6.35959e-06
-1.4439e-09
6.35961e-06
-1.6948e-09
6.35962e-06
-9.55744e-10
6.35961e-06
-2.46884e-10
6.35959e-06
3.14392e-10
6.35957e-06
4.58675e-10
6.35956e-06
5.13416e-10
6.35954e-06
4.19404e-10
6.35953e-06
5.09041e-10
6.35951e-06
2.50266e-10
6.35951e-06
2.94869e-10
6.35949e-06
-1.8969e-11
6.3595e-06
6.53932e-11
6.35949e-06
-3.84779e-10
6.35952e-06
-7.59403e-10
6.35955e-06
-1.18309e-09
6.35957e-06
-8.12088e-10
6.35958e-06
-4.54488e-10
6.35958e-06
-1.07496e-10
6.35957e-06
3.33284e-10
6.35959e-06
1.70765e-09
6.35964e-06
2.65309e-09
6.35965e-06
2.04376e-09
6.35965e-06
1.39489e-09
6.35963e-06
7.49437e-10
6.35963e-06
5.69783e-10
6.35961e-06
3.94436e-10
6.35961e-06
3.2152e-10
6.3596e-06
1.5499e-10
6.3596e-06
1.28139e-10
6.35959e-06
1.38125e-11
6.35959e-06
2.96501e-11
6.35959e-06
-2.72763e-11
6.35959e-06
8.24653e-12
6.35959e-06
-3.72422e-11
6.35959e-06
7.61566e-12
6.35959e-06
-3.76614e-11
6.35959e-06
1.43657e-11
6.35959e-06
-3.07573e-11
6.35959e-06
2.17822e-11
6.35959e-06
-2.31836e-11
6.3596e-06
7.15838e-12
6.35959e-06
-2.2306e-11
6.3596e-06
-5.92226e-12
6.35959e-06
-3.58623e-11
6.3596e-06
-7.1286e-12
6.35959e-06
-4.1014e-11
6.3596e-06
1.55715e-13
6.3596e-06
-4.02322e-11
6.3596e-06
1.14815e-11
6.3596e-06
-3.17903e-11
6.3596e-06
2.12579e-11
6.3596e-06
-2.28594e-11
6.3596e-06
9.15959e-12
6.3596e-06
-1.99058e-11
6.3596e-06
1.53887e-12
6.3596e-06
-2.50377e-11
6.3596e-06
-9.16384e-13
6.3596e-06
-2.42438e-11
6.3596e-06
-1.89046e-12
6.3596e-06
-2.21195e-11
6.3596e-06
-1.75466e-12
6.3596e-06
-2.0854e-11
6.3596e-06
-3.09254e-13
6.3596e-06
-2.05143e-11
6.3596e-06
1.11342e-12
6.3596e-06
-2.01958e-11
6.3596e-06
1.17674e-12
6.3596e-06
-1.87685e-11
6.3596e-06
6.69574e-13
6.3596e-06
-1.62388e-11
6.35961e-06
3.8298e-12
6.35961e-06
-1.65184e-11
6.35961e-06
5.79736e-12
6.35961e-06
-1.61702e-11
6.35961e-06
6.14218e-12
6.35961e-06
-1.49232e-11
6.35961e-06
4.47838e-12
6.35961e-06
-2.65455e-11
6.35961e-06
-4.13633e-11
6.35962e-06
-2.8032e-10
-1.51904e-09
6.41001e-06
-2.66551e-09
6.41005e-06
-1.45242e-09
6.4101e-06
5.71883e-11
6.4101e-06
1.91467e-10
6.41008e-06
-3.50511e-11
6.41004e-06
-4.27609e-10
6.41e-06
-2.67503e-10
6.41001e-06
1.03626e-09
6.41006e-06
2.02016e-09
6.41008e-06
1.56634e-09
6.41009e-06
8.55862e-10
6.41009e-06
4.53148e-10
6.4101e-06
1.72106e-10
6.41009e-06
-4.32658e-10
6.41007e-06
-8.72401e-10
6.41005e-06
-9.37779e-10
6.41003e-06
-1.06168e-09
6.41003e-06
-1.09288e-09
6.41005e-06
-1.46337e-09
6.41007e-06
-1.71807e-09
6.41008e-06
-9.62333e-10
6.41006e-06
-2.3297e-10
6.41005e-06
3.26725e-10
6.41003e-06
4.7884e-10
6.41002e-06
5.24239e-10
6.41e-06
4.37112e-10
6.41e-06
5.20054e-10
6.40998e-06
2.67902e-10
6.40998e-06
2.98053e-10
6.40996e-06
-7.43551e-12
6.40997e-06
6.35813e-11
6.40996e-06
-3.83145e-10
6.40999e-06
-7.85948e-10
6.41002e-06
-1.21307e-09
6.41004e-06
-8.37195e-10
6.41005e-06
-4.63586e-10
6.41005e-06
-1.09241e-10
6.41004e-06
3.41e-10
6.41006e-06
1.68776e-09
6.4101e-06
2.60863e-09
6.41011e-06
2.03302e-09
6.41011e-06
1.40152e-09
6.4101e-06
7.61849e-10
6.41009e-06
5.78185e-10
6.41007e-06
4.06784e-10
6.41007e-06
3.28056e-10
6.41006e-06
1.62266e-10
6.41006e-06
1.2976e-10
6.41006e-06
1.67068e-11
6.41006e-06
2.90271e-11
6.41005e-06
-2.56195e-11
6.41006e-06
6.96567e-12
6.41005e-06
-3.57824e-11
6.41006e-06
6.07742e-12
6.41005e-06
-3.63475e-11
6.41006e-06
1.25009e-11
6.41005e-06
-2.93737e-11
6.41006e-06
2.01922e-11
6.41006e-06
-2.24943e-11
6.41006e-06
5.75384e-12
6.41006e-06
-2.19631e-11
6.41006e-06
-7.31569e-12
6.41006e-06
-3.54118e-11
6.41006e-06
-8.75507e-12
6.41006e-06
-4.03417e-11
6.41006e-06
-1.67464e-12
6.41006e-06
-3.92918e-11
6.41006e-06
9.48912e-12
6.41006e-06
-3.0515e-11
6.41006e-06
1.96956e-11
6.41006e-06
-2.21361e-11
6.41006e-06
8.02384e-12
6.41006e-06
-1.9587e-11
6.41007e-06
5.75806e-13
6.41006e-06
-2.46829e-11
6.41007e-06
-1.72212e-12
6.41006e-06
-2.38149e-11
6.41007e-06
-2.74973e-12
6.41006e-06
-2.14198e-11
6.41007e-06
-2.77844e-12
6.41006e-06
-2.00002e-11
6.41007e-06
-1.38082e-12
6.41007e-06
-1.96994e-11
6.41007e-06
2.92513e-14
6.41007e-06
-1.92966e-11
6.41007e-06
1.4049e-13
6.41007e-06
-1.78283e-11
6.41007e-06
-2.93622e-13
6.41007e-06
-1.53881e-11
6.41007e-06
2.77558e-12
6.41007e-06
-1.57648e-11
6.41007e-06
4.81943e-12
6.41007e-06
-1.54945e-11
6.41007e-06
5.30186e-12
6.41007e-06
-1.43257e-11
6.41007e-06
3.58497e-12
6.41007e-06
-2.60403e-11
6.41007e-06
-4.47108e-11
6.41008e-06
-2.91965e-10
-1.491e-09
6.45431e-06
-2.6222e-09
6.45435e-06
-1.49256e-09
6.45439e-06
8.76503e-12
6.45439e-06
1.92956e-10
6.45437e-06
-1.45676e-11
6.45433e-06
-3.8569e-10
6.4543e-06
-2.29894e-10
6.4543e-06
1.02775e-09
6.45435e-06
1.97516e-09
6.45437e-06
1.54258e-09
6.45438e-06
8.49032e-10
6.45438e-06
4.48113e-10
6.45439e-06
1.62872e-10
6.45438e-06
-4.22335e-10
6.45436e-06
-8.51092e-10
6.45435e-06
-9.23693e-10
6.45433e-06
-1.04286e-09
6.45432e-06
-1.08512e-09
6.45434e-06
-1.48166e-09
6.45437e-06
-1.74199e-09
6.45438e-06
-9.68741e-10
6.45436e-06
-2.19966e-10
6.45435e-06
3.39296e-10
6.45433e-06
4.97627e-10
6.45432e-06
5.35089e-10
6.4543e-06
4.52816e-10
6.4543e-06
5.31305e-10
6.45428e-06
2.83458e-10
6.45428e-06
3.01652e-10
6.45427e-06
1.52299e-12
6.45427e-06
6.26978e-11
6.45427e-06
-3.82878e-10
6.45429e-06
-8.11614e-10
6.45432e-06
-1.24413e-09
6.45434e-06
-8.62004e-10
6.45435e-06
-4.7301e-10
6.45435e-06
-1.11254e-10
6.45435e-06
3.47209e-10
6.45436e-06
1.6687e-09
6.4544e-06
2.56727e-09
6.45441e-06
2.02229e-09
6.45441e-06
1.4089e-09
6.45439e-06
7.73672e-10
6.45439e-06
5.86958e-10
6.45437e-06
4.18557e-10
6.45437e-06
3.34728e-10
6.45436e-06
1.68963e-10
6.45436e-06
1.31599e-10
6.45436e-06
1.89755e-11
6.45436e-06
2.84865e-11
6.45436e-06
-2.45288e-11
6.45436e-06
5.81472e-12
6.45436e-06
-3.48073e-11
6.45436e-06
4.76838e-12
6.45436e-06
-3.54563e-11
6.45436e-06
1.09556e-11
6.45436e-06
-2.82613e-11
6.45436e-06
1.90989e-11
6.45436e-06
-2.20686e-11
6.45436e-06
4.80912e-12
6.45436e-06
-2.19652e-11
6.45436e-06
-8.27427e-12
6.45436e-06
-3.54341e-11
6.45436e-06
-1.00362e-11
6.45436e-06
-3.99576e-11
6.45436e-06
-3.11073e-12
6.45436e-06
-3.86083e-11
6.45436e-06
7.98182e-12
6.45436e-06
-2.93733e-11
6.45436e-06
1.8777e-11
6.45436e-06
-2.14533e-11
6.45437e-06
7.21976e-12
6.45436e-06
-1.90712e-11
6.45437e-06
-2.4845e-13
6.45436e-06
-2.40619e-11
6.45437e-06
-2.42847e-12
6.45436e-06
-2.32673e-11
6.45436e-06
-3.20504e-12
6.45436e-06
-2.11684e-11
6.45436e-06
-3.0415e-12
6.45436e-06
-1.98863e-11
6.45436e-06
-1.69528e-12
6.45436e-06
-1.95005e-11
6.45436e-06
-3.1898e-13
6.45436e-06
-1.9088e-11
6.45436e-06
-1.10809e-13
6.45436e-06
-1.76688e-11
6.45436e-06
-4.29767e-13
6.45436e-06
-1.53114e-11
6.45436e-06
2.37978e-12
6.45436e-06
-1.54998e-11
6.45437e-06
4.28845e-12
6.45436e-06
-1.51132e-11
6.45437e-06
4.76978e-12
6.45436e-06
-1.39625e-11
6.45437e-06
2.98882e-12
6.45436e-06
-2.58386e-11
6.45437e-06
-4.77704e-11
6.45438e-06
-3.01769e-10
-1.46413e-09
6.49296e-06
-2.58615e-09
6.493e-06
-1.52905e-09
6.49304e-06
-3.59166e-11
6.49304e-06
1.95096e-10
6.49302e-06
5.79132e-12
6.49298e-06
-3.45076e-10
6.49295e-06
-1.94787e-10
6.49295e-06
1.02124e-09
6.49299e-06
1.93346e-09
6.49301e-06
1.5205e-09
6.49302e-06
8.42565e-10
6.49303e-06
4.42689e-10
6.49303e-06
1.54182e-10
6.49303e-06
-4.13798e-10
6.49301e-06
-8.31925e-10
6.49299e-06
-9.10324e-10
6.49298e-06
-1.02593e-09
6.49297e-06
-1.0771e-09
6.49299e-06
-1.5005e-09
6.49301e-06
-1.76543e-09
6.49302e-06
-9.75593e-10
6.49301e-06
-2.06759e-10
6.493e-06
3.50532e-10
6.49298e-06
5.16144e-10
6.49297e-06
5.43975e-10
6.49295e-06
4.67964e-10
6.49295e-06
5.40075e-10
6.49293e-06
2.99113e-10
6.49294e-06
3.0334e-10
6.49292e-06
1.17278e-11
6.49293e-06
6.01708e-11
6.49292e-06
-3.81035e-10
6.49295e-06
-8.37806e-10
6.49298e-06
-1.2739e-09
6.493e-06
-8.86307e-10
6.49301e-06
-4.81372e-10
6.49301e-06
-1.13037e-10
6.493e-06
3.52357e-10
6.49302e-06
1.65105e-09
6.49306e-06
2.52905e-09
6.49306e-06
2.01317e-09
6.49306e-06
1.41528e-09
6.49305e-06
7.85763e-10
6.49304e-06
5.95091e-10
6.49303e-06
4.3056e-10
6.49302e-06
3.40892e-10
6.49301e-06
1.75767e-10
6.49301e-06
1.3271e-10
6.49301e-06
2.13331e-11
6.49301e-06
2.74515e-11
6.49301e-06
-2.33016e-11
6.49301e-06
4.26178e-12
6.49301e-06
-3.36567e-11
6.49301e-06
3.07401e-12
6.49301e-06
-3.43425e-11
6.49301e-06
8.98223e-12
6.49301e-06
-2.70163e-11
6.49301e-06
1.74682e-11
6.49301e-06
-2.14301e-11
6.49301e-06
3.469e-12
6.49301e-06
-2.15597e-11
6.49302e-06
-9.4869e-12
6.49301e-06
-3.48144e-11
6.49302e-06
-1.13988e-11
6.49301e-06
-3.90814e-11
6.49302e-06
-4.64052e-12
6.49301e-06
-3.74454e-11
6.49302e-06
6.25571e-12
6.49301e-06
-2.79036e-11
6.49302e-06
1.7464e-11
6.49302e-06
-2.0527e-11
6.49302e-06
6.35319e-12
6.49302e-06
-1.85163e-11
6.49302e-06
-9.20355e-13
6.49302e-06
-2.34415e-11
6.49302e-06
-2.93454e-12
6.49302e-06
-2.25839e-11
6.49302e-06
-3.76607e-12
6.49302e-06
-2.02254e-11
6.49302e-06
-3.76732e-12
6.49302e-06
-1.87921e-11
6.49302e-06
-2.47667e-12
6.49302e-06
-1.84604e-11
6.49302e-06
-1.13322e-12
6.49301e-06
-1.79789e-11
6.49302e-06
-8.93445e-13
6.49301e-06
-1.65424e-11
6.49301e-06
-1.15772e-12
6.49301e-06
-1.43071e-11
6.49302e-06
1.52169e-12
6.49301e-06
-1.462e-11
6.49302e-06
3.46678e-12
6.49301e-06
-1.4343e-11
6.49302e-06
4.05225e-12
6.49301e-06
-1.33118e-11
6.49302e-06
2.18585e-12
6.49301e-06
-2.5309e-11
6.49302e-06
-5.08119e-11
6.49303e-06
-3.10418e-10
-1.43777e-09
6.52639e-06
-2.54901e-09
6.52642e-06
-1.56601e-09
6.52646e-06
-7.75166e-11
6.52646e-06
1.9826e-10
6.52644e-06
2.65897e-11
6.5264e-06
-3.04848e-10
6.52637e-06
-1.59836e-10
6.52637e-06
1.01477e-09
6.52641e-06
1.89458e-09
6.52643e-06
1.49887e-09
6.52644e-06
8.35669e-10
6.52644e-06
4.37096e-10
6.52645e-06
1.45447e-10
6.52644e-06
-4.05675e-10
6.52643e-06
-8.13675e-10
6.52641e-06
-8.97491e-10
6.5264e-06
-1.00898e-09
6.52639e-06
-1.0697e-09
6.52641e-06
-1.51833e-09
6.52644e-06
-1.78979e-09
6.52644e-06
-9.82143e-10
6.52643e-06
-1.94273e-10
6.52642e-06
3.62346e-10
6.5264e-06
5.33598e-10
6.52639e-06
5.53329e-10
6.52638e-06
4.814e-10
6.52637e-06
5.49477e-10
6.52636e-06
3.12808e-10
6.52636e-06
3.05684e-10
6.52635e-06
1.92304e-11
6.52635e-06
5.86242e-11
6.52635e-06
-3.80791e-10
6.52638e-06
-8.63317e-10
6.5264e-06
-1.30527e-09
6.52643e-06
-9.10587e-10
6.52643e-06
-4.90287e-10
6.52643e-06
-1.15217e-10
6.52643e-06
3.56067e-10
6.52645e-06
1.63386e-09
6.52648e-06
2.4932e-09
6.52649e-06
2.00367e-09
6.52648e-06
1.42238e-09
6.52647e-06
7.97177e-10
6.52646e-06
6.03663e-10
6.52645e-06
4.42061e-10
6.52645e-06
3.47381e-10
6.52644e-06
1.82091e-10
6.52644e-06
1.34191e-10
6.52644e-06
2.31085e-11
6.52644e-06
2.65681e-11
6.52644e-06
-2.26631e-11
6.52644e-06
2.86322e-12
6.52644e-06
-3.30432e-11
6.52644e-06
1.62529e-12
6.52644e-06
-3.37122e-11
6.52644e-06
7.34904e-12
6.52644e-06
-2.60913e-11
6.52644e-06
1.63702e-11
6.52644e-06
-2.1065e-11
6.52644e-06
2.61187e-12
6.52644e-06
-2.15023e-11
6.52644e-06
-1.02579e-11
6.52644e-06
-3.4691e-11
6.52644e-06
-1.24069e-11
6.52644e-06
-3.85199e-11
6.52644e-06
-5.74332e-12
6.52644e-06
-3.65714e-11
6.52644e-06
5.0554e-12
6.52644e-06
-2.65951e-11
6.52644e-06
1.68439e-11
6.52644e-06
-1.96543e-11
6.52644e-06
5.84969e-12
6.52644e-06
-1.7777e-11
6.52644e-06
-1.43155e-12
6.52644e-06
-2.25696e-11
6.52644e-06
-3.3178e-12
6.52644e-06
-2.17782e-11
6.52644e-06
-3.90097e-12
6.52644e-06
-1.97249e-11
6.52644e-06
-3.73118e-12
6.52644e-06
-1.8448e-11
6.52644e-06
-2.51483e-12
6.52644e-06
-1.80408e-11
6.52644e-06
-1.21854e-12
6.52644e-06
-1.75639e-11
6.52644e-06
-9.01029e-13
6.52644e-06
-1.61997e-11
6.52644e-06
-1.07241e-12
6.52644e-06
-1.40917e-11
6.52644e-06
1.3067e-12
6.52644e-06
-1.42446e-11
6.52644e-06
3.08875e-12
6.52644e-06
-1.38824e-11
6.52644e-06
3.64776e-12
6.52644e-06
-1.29037e-11
6.52644e-06
1.69015e-12
6.52644e-06
-2.50959e-11
6.52644e-06
-5.35453e-11
6.52645e-06
-3.17573e-10
-1.41231e-09
6.55494e-06
-2.51856e-09
6.55497e-06
-1.60018e-09
6.55501e-06
-1.16202e-10
6.555e-06
2.01952e-10
6.55498e-06
4.71926e-11
6.55494e-06
-2.65735e-10
6.55491e-06
-1.27045e-10
6.55492e-06
1.01006e-09
6.55495e-06
1.85852e-09
6.55497e-06
1.47881e-09
6.55498e-06
8.29254e-10
6.55498e-06
4.3135e-10
6.55499e-06
1.37364e-10
6.55499e-06
-3.98889e-10
6.55497e-06
-7.97112e-10
6.55496e-06
-8.85218e-10
6.55494e-06
-9.93693e-10
6.55493e-06
-1.06201e-09
6.55495e-06
-1.53682e-09
6.55498e-06
-1.81399e-09
6.55499e-06
-9.8905e-10
6.55497e-06
-1.81393e-10
6.55496e-06
3.731e-10
6.55495e-06
5.51042e-10
6.55494e-06
5.6112e-10
6.55492e-06
4.94522e-10
6.55492e-06
5.56781e-10
6.55491e-06
3.26666e-10
6.55491e-06
3.06371e-10
6.5549e-06
2.79232e-11
6.5549e-06
5.55002e-11
6.5549e-06
-3.79167e-10
6.55492e-06
-8.89487e-10
6.55495e-06
-1.33579e-09
6.55498e-06
-9.34556e-10
6.55498e-06
-4.98309e-10
6.55498e-06
-1.17267e-10
6.55498e-06
3.58785e-10
6.555e-06
1.61781e-09
6.55503e-06
2.4599e-09
6.55504e-06
1.99543e-09
6.55503e-06
1.42845e-09
6.55502e-06
8.08762e-10
6.55501e-06
6.11628e-10
6.555e-06
4.53815e-10
6.55499e-06
3.53508e-10
6.55499e-06
1.88589e-10
6.55499e-06
1.35058e-10
6.55498e-06
2.50172e-11
6.55499e-06
2.52597e-11
6.55498e-06
-2.18942e-11
6.55499e-06
1.09574e-12
6.55498e-06
-3.22847e-11
6.55499e-06
-1.88578e-13
6.55499e-06
-3.28972e-11
6.55499e-06
5.31883e-12
6.55499e-06
-2.50688e-11
6.55499e-06
1.47588e-11
6.55499e-06
-2.05013e-11
6.55499e-06
1.38998e-12
6.55499e-06
-2.10532e-11
6.55499e-06
-1.12537e-11
6.55499e-06
-3.3936e-11
6.55499e-06
-1.34598e-11
6.55499e-06
-3.74872e-11
6.55499e-06
-6.90823e-12
6.55499e-06
-3.52442e-11
6.55499e-06
3.67634e-12
6.55499e-06
-2.4989e-11
6.55499e-06
1.58548e-11
6.55499e-06
-1.85448e-11
6.55499e-06
5.30719e-12
6.55499e-06
-1.70119e-11
6.55499e-06
-1.77983e-12
6.55499e-06
-2.17158e-11
6.55499e-06
-3.49592e-12
6.55499e-06
-2.08718e-11
6.55499e-06
-4.13861e-12
6.55499e-06
-1.85715e-11
6.55499e-06
-4.13937e-12
6.55499e-06
-1.71513e-11
6.55499e-06
-2.98947e-12
6.55499e-06
-1.68126e-11
6.55499e-06
-1.74453e-12
6.55499e-06
-1.6282e-11
6.55498e-06
-1.41327e-12
6.55498e-06
-1.49241e-11
6.55498e-06
-1.5506e-12
6.55498e-06
-1.2973e-11
6.55498e-06
6.61514e-13
6.55498e-06
-1.32758e-11
6.55498e-06
2.44524e-12
6.55498e-06
-1.30524e-11
6.55498e-06
3.07763e-12
6.55498e-06
-1.22305e-11
6.55498e-06
1.00506e-12
6.55498e-06
-2.45685e-11
6.55499e-06
-5.6232e-11
6.55499e-06
-3.23758e-10
-1.38708e-09
6.57889e-06
-2.48671e-09
6.57893e-06
-1.63548e-09
6.57896e-06
-1.52464e-10
6.57896e-06
2.06586e-10
6.57894e-06
6.81734e-11
6.5789e-06
-2.2685e-10
6.57887e-06
-9.42046e-11
6.57887e-06
1.00523e-09
6.5789e-06
1.8248e-09
6.57892e-06
1.4591e-09
6.57893e-06
8.22487e-10
6.57894e-06
4.25582e-10
6.57894e-06
1.29324e-10
6.57894e-06
-3.92172e-10
6.57892e-06
-7.81079e-10
6.57891e-06
-8.73296e-10
6.5789e-06
-9.78192e-10
6.57889e-06
-1.05481e-09
6.57891e-06
-1.55442e-09
6.57893e-06
-1.83931e-09
6.57894e-06
-9.95593e-10
6.57893e-06
-1.69058e-10
6.57892e-06
3.84648e-10
6.5789e-06
5.6769e-10
6.57889e-06
5.69651e-10
6.57888e-06
5.06221e-10
6.57888e-06
5.64978e-10
6.57886e-06
3.38782e-10
6.57887e-06
3.07854e-10
6.57886e-06
3.39372e-11
6.57886e-06
5.33877e-11
6.57886e-06
-3.79177e-10
6.57888e-06
-9.15163e-10
6.57891e-06
-1.36823e-09
6.57894e-06
-9.58721e-10
6.57894e-06
-5.07014e-10
6.57894e-06
-1.19794e-10
6.57894e-06
3.60123e-10
6.57896e-06
1.60199e-09
6.57899e-06
2.42846e-09
6.57899e-06
1.98657e-09
6.57899e-06
1.43518e-09
6.57898e-06
8.19604e-10
6.57897e-06
6.19996e-10
6.57896e-06
4.65086e-10
6.57895e-06
3.60019e-10
6.57895e-06
1.94678e-10
6.57895e-06
1.36378e-10
6.57894e-06
2.63919e-11
6.57895e-06
2.41421e-11
6.57894e-06
-2.16925e-11
6.57895e-06
-5.02074e-13
6.57894e-06
-3.20584e-11
6.57895e-06
-1.74666e-12
6.57895e-06
-3.25644e-11
6.57895e-06
3.63731e-12
6.57895e-06
-2.43577e-11
6.57895e-06
1.37063e-11
6.57895e-06
-2.01931e-11
6.57895e-06
6.65609e-13
6.57895e-06
-2.09329e-11
6.57895e-06
-1.18047e-11
6.57895e-06
-3.36736e-11
6.57895e-06
-1.41636e-11
6.57895e-06
-3.67672e-11
6.57895e-06
-7.64324e-12
6.57895e-06
-3.42084e-11
6.57895e-06
2.82234e-12
6.57895e-06
-2.35457e-11
6.57895e-06
1.557e-11
6.57895e-06
-1.74969e-11
6.57895e-06
5.12615e-12
6.57895e-06
-1.60698e-11
6.57895e-06
-1.97224e-12
6.57895e-06
-2.0619e-11
6.57895e-06
-3.55614e-12
6.57895e-06
-1.98391e-11
6.57895e-06
-3.95478e-12
6.57894e-06
-1.78564e-11
6.57894e-06
-3.80406e-12
6.57894e-06
-1.66125e-11
6.57894e-06
-2.75073e-12
6.57894e-06
-1.62076e-11
6.57894e-06
-1.56601e-12
6.57894e-06
-1.56958e-11
6.57894e-06
-1.17624e-12
6.57894e-06
-1.44326e-11
6.57894e-06
-1.24319e-12
6.57894e-06
-1.26522e-11
6.57894e-06
6.32124e-13
6.57894e-06
-1.28181e-11
6.57894e-06
2.2275e-12
6.57894e-06
-1.25363e-11
6.57894e-06
2.80926e-12
6.57894e-06
-1.17983e-11
6.57894e-06
6.2184e-13
6.57894e-06
-2.43564e-11
6.57894e-06
-5.861e-11
6.57895e-06
-3.28684e-10
-1.36252e-09
6.5985e-06
-2.46105e-09
6.59853e-06
-1.66869e-09
6.59857e-06
-1.86451e-10
6.59856e-06
2.1168e-10
6.59854e-06
8.89194e-11
6.5985e-06
-1.88938e-10
6.59847e-06
-6.32813e-11
6.59848e-06
1.00192e-09
6.59851e-06
1.79345e-09
6.59853e-06
1.44079e-09
6.59853e-06
8.16212e-10
6.59854e-06
4.19767e-10
6.59855e-06
1.21952e-10
6.59854e-06
-3.86474e-10
6.59853e-06
-7.66363e-10
6.59851e-06
-8.6177e-10
6.5985e-06
-9.64081e-10
6.59849e-06
-1.04723e-09
6.59851e-06
-1.57271e-09
6.59854e-06
-1.86472e-09
6.59855e-06
-1.00241e-09
6.59853e-06
-1.56196e-10
6.59852e-06
3.95378e-10
6.5985e-06
5.84519e-10
6.5985e-06
5.76924e-10
6.59849e-06
5.17793e-10
6.59848e-06
5.71393e-10
6.59847e-06
3.51143e-10
6.59847e-06
3.07915e-10
6.59846e-06
4.10667e-11
6.59847e-06
4.98558e-11
6.59847e-06
-3.77908e-10
6.59849e-06
-9.41584e-10
6.59852e-06
-1.40019e-09
6.59854e-06
-9.82725e-10
6.59855e-06
-5.14938e-10
6.59855e-06
-1.22241e-10
6.59855e-06
3.60531e-10
6.59857e-06
1.58713e-09
6.5986e-06
2.39914e-09
6.5986e-06
1.97871e-09
6.5986e-06
1.4409e-09
6.59859e-06
8.3051e-10
6.59858e-06
6.2775e-10
6.59857e-06
4.76579e-10
6.59856e-06
3.66232e-10
6.59855e-06
2.00963e-10
6.59855e-06
1.37173e-10
6.59855e-06
2.79086e-11
6.59855e-06
2.26573e-11
6.59855e-06
-2.13519e-11
6.59856e-06
-2.42471e-12
6.59855e-06
-3.16888e-11
6.59856e-06
-3.63082e-12
6.59856e-06
-3.205e-11
6.59856e-06
1.60282e-12
6.59856e-06
-2.35504e-11
6.59856e-06
1.2195e-11
6.59856e-06
-1.96982e-11
6.59856e-06
-3.86434e-13
6.59856e-06
-2.04259e-11
6.59856e-06
-1.25509e-11
6.59856e-06
-3.27849e-11
6.59856e-06
-1.48798e-11
6.59856e-06
-3.55938e-11
6.59856e-06
-8.41797e-12
6.59856e-06
-3.27429e-11
6.59856e-06
1.81184e-12
6.59856e-06
-2.18323e-11
6.59856e-06
1.49444e-11
6.59856e-06
-1.62411e-11
6.59856e-06
4.91898e-12
6.59856e-06
-1.51214e-11
6.59856e-06
-1.99731e-12
6.59856e-06
-1.95631e-11
6.59856e-06
-3.41387e-12
6.59855e-06
-1.87476e-11
6.59855e-06
-3.88726e-12
6.59855e-06
-1.65366e-11
6.59855e-06
-3.91687e-12
6.59855e-06
-1.51592e-11
6.59855e-06
-2.93655e-12
6.59855e-06
-1.48358e-11
6.59855e-06
-1.82211e-12
6.59855e-06
-1.42852e-11
6.59855e-06
-1.43737e-12
6.59855e-06
-1.30502e-11
6.59855e-06
-1.49126e-12
6.59855e-06
-1.14603e-11
6.59855e-06
1.92272e-13
6.59855e-06
-1.17919e-11
6.59855e-06
1.76087e-12
6.59855e-06
-1.1672e-11
6.59855e-06
2.38918e-12
6.59855e-06
-1.11243e-11
6.59855e-06
6.11664e-14
6.59855e-06
-2.38433e-11
6.59855e-06
-6.09207e-11
6.59855e-06
-3.32759e-10
-1.33786e-09
6.61395e-06
-2.43384e-09
6.61399e-06
-1.70356e-09
6.61402e-06
-2.18494e-10
6.61401e-06
2.1768e-10
6.61399e-06
1.10006e-10
6.61396e-06
-1.51129e-10
6.61393e-06
-3.22105e-11
6.61393e-06
9.98355e-10
6.61396e-06
1.76397e-09
6.61398e-06
1.42266e-09
6.61398e-06
8.09589e-10
6.61399e-06
4.13974e-10
6.61399e-06
1.14648e-10
6.61399e-06
-3.80621e-10
6.61397e-06
-7.51884e-10
6.61396e-06
-8.50404e-10
6.61395e-06
-9.49592e-10
6.61394e-06
-1.03995e-09
6.61396e-06
-1.59021e-09
6.61399e-06
-1.89141e-09
6.614e-06
-1.00882e-09
6.61398e-06
-1.43654e-10
6.61397e-06
4.0699e-10
6.61396e-06
6.00777e-10
6.61395e-06
5.85091e-10
6.61394e-06
5.28207e-10
6.61393e-06
5.78856e-10
6.61392e-06
3.61982e-10
6.61392e-06
3.08851e-10
6.61392e-06
4.57122e-11
6.61392e-06
4.72525e-11
6.61392e-06
-3.78194e-10
6.61395e-06
-9.67675e-10
6.61398e-06
-1.4343e-09
6.614e-06
-1.00708e-09
6.61401e-06
-5.23588e-10
6.61401e-06
-1.25201e-10
6.61401e-06
3.59629e-10
6.61402e-06
1.57239e-09
6.61405e-06
2.37131e-09
6.61406e-06
1.97009e-09
6.61405e-06
1.4472e-09
6.61404e-06
8.40671e-10
6.61403e-06
6.35842e-10
6.61402e-06
4.87585e-10
6.61402e-06
3.72827e-10
6.61401e-06
2.06881e-10
6.61401e-06
1.38421e-10
6.61401e-06
2.89567e-11
6.61401e-06
2.13823e-11
6.61401e-06
-2.15332e-11
6.61401e-06
-4.1613e-12
6.61401e-06
-3.18081e-11
6.61401e-06
-5.24271e-12
6.61401e-06
-3.19752e-11
6.61401e-06
-6.31011e-14
6.61401e-06
-2.30112e-11
6.61402e-06
1.12462e-11
6.61402e-06
-1.93964e-11
6.61402e-06
-9.26833e-13
6.61402e-06
-2.02118e-11
6.61402e-06
-1.28484e-11
6.61402e-06
-3.23678e-11
6.61402e-06
-1.52613e-11
6.61401e-06
-3.47166e-11
6.61401e-06
-8.77805e-12
6.61401e-06
-3.15597e-11
6.61401e-06
1.30704e-12
6.61401e-06
-2.02771e-11
6.61401e-06
1.49855e-11
6.61401e-06
-1.50339e-11
6.61401e-06
5.04667e-12
6.61401e-06
-1.40066e-11
6.61401e-06
-1.89351e-12
6.61401e-06
-1.82746e-11
6.61401e-06
-3.18288e-12
6.61401e-06
-1.7528e-11
6.61401e-06
-3.4186e-12
6.61401e-06
-1.56503e-11
6.61401e-06
-3.31254e-12
6.61401e-06
-1.44685e-11
6.614e-06
-2.44787e-12
6.614e-06
-1.40874e-11
6.614e-06
-1.40618e-12
6.614e-06
-1.35676e-11
6.614e-06
-9.82e-13
6.614e-06
-1.24464e-11
6.614e-06
-9.86818e-13
6.614e-06
-1.10692e-11
6.614e-06
3.35687e-13
6.614e-06
-1.12766e-11
6.614e-06
1.69279e-12
6.614e-06
-1.11188e-11
6.614e-06
2.24832e-12
6.614e-06
-1.06828e-11
6.614e-06
-2.10745e-13
6.614e-06
-2.36357e-11
6.614e-06
-6.29346e-11
6.614e-06
-3.35737e-10
-1.31371e-09
6.62541e-06
-2.41246e-09
6.62544e-06
-1.73695e-09
6.62547e-06
-2.48735e-10
6.62547e-06
2.24118e-10
6.62545e-06
1.30829e-10
6.62541e-06
-1.14168e-10
6.62538e-06
-2.87732e-12
6.62538e-06
9.96089e-10
6.62541e-06
1.73644e-09
6.62543e-06
1.40574e-09
6.62543e-06
8.03421e-10
6.62544e-06
4.08162e-10
6.62544e-06
1.07981e-10
6.62544e-06
-3.75557e-10
6.62543e-06
-7.38443e-10
6.62541e-06
-8.3928e-10
6.6254e-06
-9.36253e-10
6.62539e-06
-1.03215e-09
6.62541e-06
-1.60839e-09
6.62544e-06
-1.91843e-09
6.62545e-06
-1.01542e-09
6.62544e-06
-1.30414e-10
6.62542e-06
4.17937e-10
6.62541e-06
6.17348e-10
6.6254e-06
5.92218e-10
6.62539e-06
5.38642e-10
6.62539e-06
5.84784e-10
6.62538e-06
3.73133e-10
6.62538e-06
3.08573e-10
6.62537e-06
5.14907e-11
6.62538e-06
4.33128e-11
6.62537e-06
-3.77231e-10
6.6254e-06
-9.94564e-10
6.62543e-06
-1.46825e-09
6.62546e-06
-1.03137e-09
6.62546e-06
-5.31498e-10
6.62547e-06
-1.28095e-10
6.62547e-06
3.57883e-10
6.62548e-06
1.55847e-09
6.62551e-06
2.34523e-09
6.62551e-06
1.96224e-09
6.62551e-06
1.45253e-09
6.6255e-06
8.50851e-10
6.62549e-06
6.43316e-10
6.62548e-06
4.98769e-10
6.62547e-06
3.7916e-10
6.62547e-06
2.12998e-10
6.62547e-06
1.39173e-10
6.62546e-06
3.01547e-11
6.62547e-06
1.97855e-11
6.62547e-06
-2.15555e-11
6.62547e-06
-6.16933e-12
6.62547e-06
-3.17602e-11
6.62547e-06
-7.12462e-12
6.62547e-06
-3.16937e-11
6.62547e-06
-2.01603e-12
6.62547e-06
-2.23541e-11
6.62547e-06
9.88809e-12
6.62547e-06
-1.88842e-11
6.62547e-06
-1.75341e-12
6.62547e-06
-1.96049e-11
6.62547e-06
-1.33132e-11
6.62547e-06
-3.13245e-11
6.62547e-06
-1.56319e-11
6.62547e-06
-3.34013e-11
6.62547e-06
-9.16571e-12
6.62547e-06
-2.99718e-11
6.62547e-06
6.59954e-13
6.62547e-06
-1.84835e-11
6.62547e-06
1.46843e-11
6.62547e-06
-1.36368e-11
6.62547e-06
5.14803e-12
6.62547e-06
-1.29122e-11
6.62547e-06
-1.62812e-12
6.62546e-06
-1.70555e-11
6.62546e-06
-2.76501e-12
6.62546e-06
-1.62916e-11
6.62546e-06
-3.09079e-12
6.62546e-06
-1.42069e-11
6.62546e-06
-3.17315e-12
6.62546e-06
-1.29043e-11
6.62546e-06
-2.38741e-12
6.62546e-06
-1.26147e-11
6.62546e-06
-1.43265e-12
6.62546e-06
-1.20672e-11
6.62546e-06
-1.03305e-12
6.62546e-06
-1.0991e-11
6.62545e-06
-1.04535e-12
6.62545e-06
-9.83911e-12
6.62545e-06
7.83334e-14
6.62545e-06
-1.02174e-11
6.62545e-06
1.38244e-12
6.62545e-06
-1.02362e-11
6.62545e-06
1.96071e-12
6.62545e-06
-1.00186e-11
6.62545e-06
-6.52712e-13
6.62545e-06
-2.31383e-11
6.62545e-06
-6.48656e-11
6.62546e-06
-3.3793e-10
-1.28914e-09
6.63298e-06
-2.38948e-09
6.63302e-06
-1.77247e-09
6.63304e-06
-2.77367e-10
6.63304e-06
2.31387e-10
6.63302e-06
1.51904e-10
6.63298e-06
-7.71892e-11
6.63295e-06
2.67194e-11
6.63295e-06
9.93499e-10
6.63298e-06
1.71036e-09
6.63299e-06
1.3888e-09
6.633e-06
7.96887e-10
6.63301e-06
4.02361e-10
6.63301e-06
1.01386e-10
6.63301e-06
-3.70181e-10
6.63299e-06
-7.25054e-10
6.63298e-06
-8.28191e-10
6.63297e-06
-9.22376e-10
6.63296e-06
-1.02437e-09
6.63298e-06
-1.62582e-09
6.63301e-06
-1.94685e-09
6.63302e-06
-1.02154e-09
6.63301e-06
-1.17267e-10
6.63299e-06
4.29796e-10
6.63298e-06
6.33523e-10
6.63297e-06
6.00332e-10
6.63296e-06
5.48143e-10
6.63295e-06
5.91847e-10
6.63295e-06
3.83005e-10
6.63295e-06
3.09236e-10
6.63294e-06
5.49787e-11
6.63295e-06
4.02314e-11
6.63294e-06
-3.77658e-10
6.63297e-06
-1.02128e-09
6.63301e-06
-1.50459e-09
6.63303e-06
-1.05615e-09
6.63304e-06
-5.40104e-10
6.63304e-06
-1.31472e-10
6.63304e-06
3.54949e-10
6.63305e-06
1.54459e-09
6.63308e-06
2.32022e-09
6.63309e-06
1.95348e-09
6.63308e-06
1.45841e-09
6.63307e-06
8.6033e-10
6.63306e-06
6.51075e-10
6.63305e-06
5.09473e-10
6.63305e-06
3.85877e-10
6.63304e-06
2.18806e-10
6.63304e-06
1.40342e-10
6.63304e-06
3.09129e-11
6.63304e-06
1.83963e-11
6.63304e-06
-2.20455e-11
6.63304e-06
-7.96897e-12
6.63304e-06
-3.21321e-11
6.63304e-06
-8.70298e-12
6.63304e-06
-3.17775e-11
6.63304e-06
-3.57076e-12
6.63304e-06
-2.18965e-11
6.63305e-06
9.10532e-12
6.63305e-06
-1.84977e-11
6.63305e-06
-2.05221e-12
6.63305e-06
-1.92502e-11
6.63305e-06
-1.33243e-11
6.63304e-06
-3.07291e-11
6.63304e-06
-1.5689e-11
6.63304e-06
-3.23643e-11
6.63304e-06
-9.16484e-12
6.63304e-06
-2.86555e-11
6.63304e-06
4.81984e-13
6.63304e-06
-1.6843e-11
6.63304e-06
1.49999e-11
6.63304e-06
-1.22852e-11
6.63304e-06
5.54545e-12
6.63304e-06
-1.16671e-11
6.63304e-06
-1.26829e-12
6.63304e-06
-1.56202e-11
6.63304e-06
-2.30175e-12
6.63303e-06
-1.4932e-11
6.63303e-06
-2.3962e-12
6.63303e-06
-1.31997e-11
6.63303e-06
-2.3505e-12
6.63303e-06
-1.21128e-11
6.63303e-06
-1.69412e-12
6.63303e-06
-1.17721e-11
6.63303e-06
-8.23788e-13
6.63303e-06
-1.12628e-11
6.63303e-06
-4.0554e-13
6.63303e-06
-1.03118e-11
6.63303e-06
-3.90777e-13
6.63303e-06
-9.41331e-12
6.63302e-06
3.75877e-13
6.63302e-06
-9.67097e-12
6.63302e-06
1.44215e-12
6.63302e-06
-9.66091e-12
6.63302e-06
1.92521e-12
6.63302e-06
-9.57715e-12
6.63302e-06
-8.20447e-13
6.63302e-06
-2.29366e-11
6.63303e-06
-6.65092e-11
6.63303e-06
-3.39084e-10
-1.26491e-09
6.63675e-06
-2.37207e-09
6.63678e-06
-1.80704e-09
6.63681e-06
-3.04623e-10
6.6368e-06
2.38792e-10
6.63678e-06
1.7248e-10
6.63674e-06
-4.08253e-11
6.63672e-06
5.50265e-11
6.63672e-06
9.92171e-10
6.63674e-06
1.68575e-09
6.63676e-06
1.37275e-09
6.63676e-06
7.90765e-10
6.63677e-06
3.96549e-10
6.63678e-06
9.54123e-11
6.63677e-06
-3.65411e-10
6.63676e-06
-7.12612e-10
6.63675e-06
-8.17347e-10
6.63673e-06
-9.09361e-10
6.63673e-06
-1.01573e-09
6.63674e-06
-1.64383e-09
6.63678e-06
-1.97588e-09
6.63678e-06
-1.02775e-09
6.63677e-06
-1.03318e-10
6.63676e-06
4.41058e-10
6.63674e-06
6.50114e-10
6.63673e-06
6.07649e-10
6.63672e-06
5.57766e-10
6.63672e-06
5.97563e-10
6.63671e-06
3.93279e-10
6.63671e-06
3.08934e-10
6.63671e-06
5.95338e-11
6.63671e-06
3.59741e-11
6.63671e-06
-3.76765e-10
6.63674e-06
-1.04885e-09
6.63677e-06
-1.54122e-09
6.6368e-06
-1.08102e-09
6.6368e-06
-5.47949e-10
6.63681e-06
-1.34661e-10
6.63681e-06
3.51435e-10
6.63682e-06
1.5315e-09
6.63684e-06
2.2964e-09
6.63685e-06
1.94508e-09
6.63685e-06
1.46343e-09
6.63684e-06
8.69884e-10
6.63683e-06
6.5826e-10
6.63682e-06
5.20323e-10
6.63681e-06
3.92437e-10
6.63681e-06
2.24867e-10
6.63681e-06
1.41028e-10
6.63681e-06
3.17536e-11
6.63681e-06
1.67035e-11
6.63681e-06
-2.23614e-11
6.63681e-06
-9.97722e-12
6.63681e-06
-3.22978e-11
6.63681e-06
-1.04749e-11
6.63681e-06
-3.1608e-11
6.63681e-06
-5.32857e-12
6.63681e-06
-2.12831e-11
6.63681e-06
7.98666e-12
6.63681e-06
-1.78881e-11
6.63681e-06
-2.59285e-12
6.63681e-06
-1.84948e-11
6.63681e-06
-1.34775e-11
6.63681e-06
-2.95135e-11
6.63681e-06
-1.57184e-11
6.63681e-06
-3.09107e-11
6.63681e-06
-9.18512e-12
6.63681e-06
-2.69663e-11
6.63681e-06
1.68519e-13
6.63681e-06
-1.50009e-11
6.63681e-06
1.49775e-11
6.63681e-06
-1.07854e-11
6.63681e-06
5.91362e-12
6.6368e-06
-1.04774e-11
6.6368e-06
-7.4602e-13
6.6368e-06
-1.42958e-11
6.6368e-06
-1.67029e-12
6.6368e-06
-1.36039e-11
6.6368e-06
-1.88065e-12
6.6368e-06
-1.16876e-11
6.6368e-06
-2.02578e-12
6.6368e-06
-1.04935e-11
6.6368e-06
-1.44265e-12
6.63679e-06
-1.02549e-11
6.63679e-06
-6.75981e-13
6.63679e-06
-9.72228e-12
6.63679e-06
-3.07557e-13
6.63679e-06
-8.82096e-12
6.63679e-06
-3.27043e-13
6.63679e-06
-8.17965e-12
6.63679e-06
2.81756e-13
6.63679e-06
-8.61189e-12
6.63679e-06
1.26508e-12
6.63679e-06
-8.77756e-12
6.63679e-06
1.74409e-12
6.63679e-06
-8.93223e-12
6.63679e-06
-1.15055e-12
6.63679e-06
-2.24637e-11
6.63679e-06
-6.80522e-11
6.63679e-06
-3.39409e-10
-1.2398e-09
6.63675e-06
-2.35289e-09
6.63678e-06
-1.84405e-09
6.63681e-06
-3.30589e-10
6.6368e-06
2.4713e-10
6.63678e-06
1.93408e-10
6.63674e-06
-4.27142e-12
6.63671e-06
8.36329e-11
6.63672e-06
9.90281e-10
6.63674e-06
1.66211e-09
6.63675e-06
1.35653e-09
6.63676e-06
7.84166e-10
6.63677e-06
3.90664e-10
6.63677e-06
8.94432e-11
6.63677e-06
-3.60276e-10
6.63676e-06
-6.99991e-10
6.63674e-06
-8.06278e-10
6.63673e-06
-8.95583e-10
6.63672e-06
-1.00683e-09
6.63674e-06
-1.66123e-09
6.63677e-06
-2.00654e-09
6.63678e-06
-1.03346e-09
6.63677e-06
-8.91557e-11
6.63675e-06
4.53295e-10
6.63674e-06
6.66587e-10
6.63673e-06
6.16022e-10
6.63672e-06
5.66569e-10
6.63671e-06
6.04379e-10
6.63671e-06
4.02465e-10
6.63671e-06
3.09549e-10
6.63671e-06
6.21138e-11
6.63671e-06
3.24429e-11
6.63671e-06
-3.77072e-10
6.63674e-06
-1.07644e-09
6.63677e-06
-1.58036e-09
6.6368e-06
-1.10644e-09
6.6368e-06
-5.56449e-10
6.63681e-06
-1.38318e-10
6.63681e-06
3.46699e-10
6.63682e-06
1.51829e-09
6.63684e-06
2.27351e-09
6.63685e-06
1.93581e-09
6.63685e-06
1.46899e-09
6.63684e-06
8.78856e-10
6.63683e-06
6.6565e-10
6.63682e-06
5.30671e-10
6.63681e-06
3.9931e-10
6.63681e-06
2.306e-10
6.63681e-06
1.42045e-10
6.63681e-06
3.22371e-11
6.63681e-06
1.52222e-11
6.63681e-06
-2.30795e-11
6.63681e-06
-1.17512e-11
6.63681e-06
-3.27929e-11
6.63681e-06
-1.1901e-11
6.63681e-06
-3.17062e-11
6.63681e-06
-6.65143e-12
6.63681e-06
-2.0784e-11
6.63681e-06
7.43848e-12
6.63681e-06
-1.7306e-11
6.63681e-06
-2.58989e-12
6.63681e-06
-1.79474e-11
6.63681e-06
-1.31758e-11
6.63681e-06
-2.87208e-11
6.63681e-06
-1.54574e-11
6.63681e-06
-2.9714e-11
6.63681e-06
-8.85427e-12
6.63681e-06
-2.55363e-11
6.63681e-06
2.7551e-13
6.63681e-06
-1.33084e-11
6.63681e-06
1.54917e-11
6.6368e-06
-9.30796e-12
6.63681e-06
6.52246e-12
6.6368e-06
-9.14898e-12
6.6368e-06
-1.91385e-13
6.6368e-06
-1.27749e-11
6.6368e-06
-1.04305e-12
6.6368e-06
-1.21617e-11
6.6368e-06
-1.02822e-12
6.6368e-06
-1.0616e-11
6.6368e-06
-1.04835e-12
6.6368e-06
-9.65728e-12
6.63679e-06
-6.05461e-13
6.63679e-06
-9.37499e-12
6.63679e-06
6.89887e-14
6.63679e-06
-8.8853e-12
6.63679e-06
4.39884e-13
6.63679e-06
-8.11271e-12
6.63679e-06
4.29566e-13
6.63679e-06
-7.74722e-12
6.63679e-06
6.991e-13
6.63679e-06
-8.06485e-12
6.63679e-06
1.42522e-12
6.63679e-06
-8.20043e-12
6.63679e-06
1.79152e-12
6.63679e-06
-8.49608e-12
6.63679e-06
-1.22565e-12
6.63679e-06
-2.22667e-11
6.63679e-06
-6.93252e-11
6.63679e-06
-3.38895e-10
-1.21506e-09
6.63298e-06
-2.33874e-09
6.63302e-06
-1.88041e-09
6.63304e-06
-3.55511e-10
6.63303e-06
2.5635e-10
6.63301e-06
2.14428e-10
6.63297e-06
3.17328e-11
6.63295e-06
1.10632e-10
6.63295e-06
9.88872e-10
6.63297e-06
1.63955e-09
6.63299e-06
1.34111e-09
6.63299e-06
7.77716e-10
6.633e-06
3.84616e-10
6.633e-06
8.38504e-11
6.633e-06
-3.55724e-10
6.63299e-06
-6.8779e-10
6.63298e-06
-7.949e-10
6.63296e-06
-8.823e-10
6.63295e-06
-9.97099e-10
6.63297e-06
-1.67948e-09
6.633e-06
-2.03811e-09
6.63301e-06
-1.03918e-09
6.633e-06
-7.39014e-11
6.63298e-06
4.65349e-10
6.63297e-06
6.83731e-10
6.63296e-06
6.23666e-10
6.63295e-06
5.75403e-10
6.63294e-06
6.09927e-10
6.63294e-06
4.11958e-10
6.63294e-06
3.09212e-10
6.63294e-06
6.57854e-11
6.63294e-06
2.79224e-11
6.63294e-06
-3.76162e-10
6.63297e-06
-1.10499e-09
6.63301e-06
-1.61977e-09
6.63303e-06
-1.13178e-09
6.63304e-06
-5.64246e-10
6.63304e-06
-1.41908e-10
6.63304e-06
3.40968e-10
6.63306e-06
1.50559e-09
6.63308e-06
2.25223e-09
6.63309e-06
1.92733e-09
6.63308e-06
1.4738e-09
6.63307e-06
8.87758e-10
6.63307e-06
6.72346e-10
6.63305e-06
5.41061e-10
6.63305e-06
4.05865e-10
6.63304e-06
2.36375e-10
6.63304e-06
1.42603e-10
6.63304e-06
3.28846e-11
6.63304e-06
1.35219e-11
6.63304e-06
-2.35828e-11
6.63304e-06
-1.36627e-11
6.63304e-06
-3.30225e-11
6.63305e-06
-1.34341e-11
6.63305e-06
-3.14874e-11
6.63305e-06
-8.08847e-12
6.63305e-06
-2.00764e-11
6.63305e-06
6.6294e-12
6.63305e-06
-1.6473e-11
6.63305e-06
-2.78884e-12
6.63305e-06
-1.69864e-11
6.63305e-06
-1.30081e-11
6.63305e-06
-2.73118e-11
6.63304e-06
-1.51475e-11
6.63304e-06
-2.81216e-11
6.63304e-06
-8.54953e-12
6.63304e-06
-2.37633e-11
6.63304e-06
2.4508e-13
6.63304e-06
-1.14519e-11
6.63304e-06
1.56659e-11
6.63304e-06
-7.71851e-12
6.63304e-06
7.08622e-12
6.63304e-06
-7.90302e-12
6.63304e-06
4.82204e-13
6.63303e-06
-1.14074e-11
6.63303e-06
-2.52459e-13
6.63303e-06
-1.08119e-11
6.63303e-06
-3.74503e-13
6.63303e-06
-9.08973e-12
6.63303e-06
-6.0901e-13
6.63303e-06
-8.02673e-12
6.63303e-06
-2.48416e-13
6.63303e-06
-7.85716e-12
6.63302e-06
3.14968e-13
6.63302e-06
-7.35546e-12
6.63302e-06
6.37607e-13
6.63302e-06
-6.64264e-12
6.63302e-06
5.974e-13
6.63302e-06
-6.5221e-12
6.63302e-06
6.83185e-13
6.63302e-06
-7.0192e-12
6.63302e-06
1.33817e-12
6.63302e-06
-7.34079e-12
6.63302e-06
1.70942e-12
6.63302e-06
-7.87416e-12
6.63302e-06
-1.46863e-12
6.63302e-06
-2.17905e-11
6.63302e-06
-7.04932e-11
6.63302e-06
-3.37973e-10
-1.18954e-09
6.6254e-06
-2.32262e-09
6.62544e-06
-1.9195e-09
6.62547e-06
-3.79393e-10
6.62546e-06
2.66639e-10
6.62543e-06
2.35916e-10
6.6254e-06
6.80866e-11
6.62537e-06
1.37958e-10
6.62537e-06
9.86649e-10
6.6254e-06
1.61751e-09
6.62541e-06
1.32532e-09
6.62542e-06
7.70659e-10
6.62542e-06
3.784e-10
6.62543e-06
7.81847e-11
6.62543e-06
-3.50774e-10
6.62541e-06
-6.75196e-10
6.6254e-06
-7.83022e-10
6.62539e-06
-8.68001e-10
6.62538e-06
-9.86794e-10
6.6254e-06
-1.69726e-09
6.62543e-06
-2.07155e-09
6.62544e-06
-1.04435e-09
6.62542e-06
-5.81167e-11
6.62541e-06
4.78405e-10
6.62539e-06
7.00977e-10
6.62538e-06
6.32384e-10
6.62537e-06
5.83463e-10
6.62537e-06
6.1651e-10
6.62536e-06
4.20525e-10
6.62536e-06
3.09764e-10
6.62536e-06
6.77949e-11
6.62536e-06
2.40112e-11
6.62536e-06
-3.76237e-10
6.62539e-06
-1.13373e-09
6.62543e-06
-1.66182e-09
6.62546e-06
-1.1577e-09
6.62546e-06
-5.72622e-10
6.62547e-06
-1.45925e-10
6.62547e-06
3.3398e-10
6.62549e-06
1.49268e-09
6.6255e-06
2.23181e-09
6.62551e-06
1.91804e-09
6.62551e-06
1.47914e-09
6.6255e-06
8.96185e-10
6.62549e-06
6.79162e-10
6.62548e-06
5.50923e-10
6.62548e-06
4.12667e-10
6.62547e-06
2.41803e-10
6.62547e-06
1.43409e-10
6.62547e-06
3.32594e-11
6.62547e-06
1.20446e-11
6.62547e-06
-2.44137e-11
6.62547e-06
-1.52947e-11
6.62547e-06
-3.34749e-11
6.62548e-06
-1.45592e-11
6.62547e-06
-3.14264e-11
6.62548e-06
-9.04408e-12
6.62548e-06
-1.9393e-11
6.62548e-06
6.38776e-12
6.62548e-06
-1.55734e-11
6.62548e-06
-2.42951e-12
6.62547e-06
-1.61983e-11
6.62547e-06
-1.23867e-11
6.62547e-06
-2.63104e-11
6.62547e-06
-1.45729e-11
6.62547e-06
-2.67732e-11
6.62547e-06
-7.93411e-12
6.62547e-06
-2.22442e-11
6.62547e-06
5.81304e-13
6.62547e-06
-9.74723e-12
6.62546e-06
1.62922e-11
6.62546e-06
-6.13321e-12
6.62546e-06
7.83295e-12
6.62546e-06
-6.53445e-12
6.62546e-06
1.12388e-12
6.62546e-06
-9.86606e-12
6.62546e-06
4.81667e-13
6.62546e-06
-9.36239e-12
6.62546e-06
5.84699e-13
6.62546e-06
-8.01657e-12
6.62545e-06
4.54717e-13
6.62545e-06
-7.19853e-12
6.62545e-06
6.51503e-13
6.62545e-06
-6.99173e-12
6.62545e-06
1.12321e-12
6.62545e-06
-6.54463e-12
6.62545e-06
1.45949e-12
6.62545e-06
-5.97015e-12
6.62545e-06
1.4431e-12
6.62545e-06
-6.10339e-12
6.62545e-06
1.14061e-12
6.62545e-06
-6.48985e-12
6.62545e-06
1.55849e-12
6.62545e-06
-6.78947e-12
6.62545e-06
1.83458e-12
6.62545e-06
-7.45122e-12
6.62545e-06
-1.47426e-12
6.62545e-06
-2.15745e-11
6.62545e-06
-7.14107e-11
6.62544e-06
-3.36393e-10
-1.16444e-09
6.61395e-06
-2.31148e-09
6.61399e-06
-1.95847e-09
6.61401e-06
-4.02565e-10
6.614e-06
2.77565e-10
6.61398e-06
2.57279e-10
6.61394e-06
1.04099e-10
6.61392e-06
1.64068e-10
6.61392e-06
9.84864e-10
6.61394e-06
1.59612e-09
6.61395e-06
1.31003e-09
6.61396e-06
7.63693e-10
6.61397e-06
3.72004e-10
6.61397e-06
7.28934e-11
6.61397e-06
-3.46244e-10
6.61396e-06
-6.62957e-10
6.61394e-06
-7.70821e-10
6.61393e-06
-8.53915e-10
6.61392e-06
-9.75264e-10
6.61394e-06
-1.71577e-09
6.61397e-06
-2.10625e-09
6.61398e-06
-1.04945e-09
6.61396e-06
-4.1089e-11
6.61395e-06
4.91263e-10
6.61393e-06
7.1895e-10
6.61392e-06
6.40534e-10
6.61392e-06
5.91565e-10
6.61391e-06
6.2192e-10
6.61391e-06
4.29444e-10
6.61391e-06
3.09565e-10
6.6139e-06
7.08995e-11
6.61391e-06
1.921e-11
6.61391e-06
-3.74922e-10
6.61393e-06
-1.16344e-09
6.61398e-06
-1.70458e-09
6.614e-06
-1.18364e-09
6.61401e-06
-5.80208e-10
6.61401e-06
-1.49735e-10
6.61402e-06
3.26205e-10
6.61403e-06
1.48026e-09
6.61405e-06
2.21255e-09
6.61406e-06
1.90916e-09
6.61405e-06
1.48383e-09
6.61405e-06
9.04655e-10
6.61404e-06
6.85337e-10
6.61403e-06
5.60794e-10
6.61402e-06
4.19254e-10
6.61402e-06
2.47326e-10
6.61402e-06
1.43726e-10
6.61402e-06
3.37519e-11
6.61402e-06
1.03758e-11
6.61402e-06
-2.49863e-11
6.61402e-06
-1.69683e-11
6.61402e-06
-3.35834e-11
6.61402e-06
-1.56828e-11
6.61402e-06
-3.09734e-11
6.61402e-06
-1.0014e-11
6.61402e-06
-1.84505e-11
6.61402e-06
5.94224e-12
6.61402e-06
-1.43922e-11
6.61402e-06
-2.24333e-12
6.61402e-06
-1.49925e-11
6.61402e-06
-1.18984e-11
6.61402e-06
-2.47034e-11
6.61402e-06
-1.3949e-11
6.61401e-06
-2.50609e-11
6.61401e-06
-7.35286e-12
6.61401e-06
-2.04232e-11
6.61401e-06
7.73734e-13
6.61401e-06
-7.92233e-12
6.61401e-06
1.6555e-11
6.61401e-06
-4.46705e-12
6.61401e-06
8.52935e-12
6.61401e-06
-5.29512e-12
6.61401e-06
1.89007e-12
6.614e-06
-8.53239e-12
6.614e-06
1.3663e-12
6.614e-06
-8.0629e-12
6.614e-06
1.29221e-12
6.614e-06
-6.53591e-12
6.614e-06
9.1507e-13
6.614e-06
-5.60801e-12
6.614e-06
1.0311e-12
6.614e-06
-5.52731e-12
6.61399e-06
1.38586e-12
6.61399e-06
-5.07447e-12
6.61399e-06
1.67763e-12
6.61399e-06
-4.56041e-12
6.61399e-06
1.63945e-12
6.61399e-06
-4.90835e-12
6.61399e-06
1.15244e-12
6.61399e-06
-5.48467e-12
6.61399e-06
1.5254e-12
6.61399e-06
-5.97331e-12
6.61399e-06
1.82615e-12
6.61399e-06
-6.8607e-12
6.61399e-06
-1.64761e-12
6.61399e-06
-2.1095e-11
6.61399e-06
-7.22029e-11
6.61399e-06
-3.34315e-10
-1.13799e-09
6.59849e-06
-2.29843e-09
6.59854e-06
-2.0007e-09
6.59856e-06
-4.24801e-10
6.59854e-06
2.89551e-10
6.59852e-06
2.79031e-10
6.59849e-06
1.40537e-10
6.59846e-06
1.90525e-10
6.59846e-06
9.82203e-10
6.59848e-06
1.57488e-09
6.5985e-06
1.29421e-09
6.59851e-06
7.56081e-10
6.59851e-06
3.65393e-10
6.59852e-06
6.75417e-11
6.59851e-06
-3.41221e-10
6.5985e-06
-6.50193e-10
6.59849e-06
-7.57967e-10
6.59847e-06
-8.38657e-10
6.59846e-06
-9.62791e-10
6.59848e-06
-1.73382e-09
6.59852e-06
-2.14303e-09
6.59853e-06
-1.05392e-09
6.59851e-06
-2.32814e-11
6.59849e-06
5.05043e-10
6.59847e-06
7.37102e-10
6.59847e-06
6.49696e-10
6.59846e-06
5.98962e-10
6.59845e-06
6.28293e-10
6.59845e-06
4.37624e-10
6.59845e-06
3.10266e-10
6.59845e-06
7.25828e-11
6.59845e-06
1.495e-11
6.59845e-06
-3.74262e-10
6.59848e-06
-1.19346e-09
6.59852e-06
-1.75019e-09
6.59855e-06
-1.21023e-09
6.59855e-06
-5.88235e-10
6.59856e-06
-1.53886e-10
6.59857e-06
3.17245e-10
6.59858e-06
1.46765e-09
6.59859e-06
2.19392e-09
6.5986e-06
1.89936e-09
6.5986e-06
1.48903e-09
6.59859e-06
9.12735e-10
6.59859e-06
6.91575e-10
6.59858e-06
5.70145e-10
6.59857e-06
4.26085e-10
6.59856e-06
2.52558e-10
6.59856e-06
1.44227e-10
6.59856e-06
3.40102e-11
6.59856e-06
8.94485e-12
6.59856e-06
-2.57852e-11
6.59857e-06
-1.8291e-11
6.59857e-06
-3.37837e-11
6.59857e-06
-1.63229e-11
6.59857e-06
-3.05584e-11
6.59857e-06
-1.04568e-11
6.59857e-06
-1.74475e-11
6.59857e-06
6.0686e-12
6.59857e-06
-1.30748e-11
6.59857e-06
-1.49164e-12
6.59856e-06
-1.39385e-11
6.59856e-06
-1.09556e-11
6.59856e-06
-2.35003e-11
6.59856e-06
-1.31002e-11
6.59856e-06
-2.35857e-11
6.59856e-06
-6.50851e-12
6.59856e-06
-1.88555e-11
6.59855e-06
1.27105e-12
6.59855e-06
-6.25658e-12
6.59855e-06
1.71937e-11
6.59855e-06
-2.80679e-12
6.59855e-06
9.33954e-12
6.59855e-06
-3.95207e-12
6.59855e-06
2.55637e-12
6.59855e-06
-7.03721e-12
6.59855e-06
2.11929e-12
6.59855e-06
-6.66539e-12
6.59854e-06
2.27271e-12
6.59854e-06
-5.52518e-12
6.59854e-06
1.9949e-12
6.59854e-06
-4.85498e-12
6.59854e-06
1.93262e-12
6.59854e-06
-4.74057e-12
6.59854e-06
2.19838e-12
6.59854e-06
-4.34634e-12
6.59854e-06
2.51174e-12
6.59854e-06
-3.96826e-12
6.59854e-06
2.50865e-12
6.59854e-06
-4.54617e-12
6.59854e-06
1.62682e-12
6.59853e-06
-5.00971e-12
6.59853e-06
1.77565e-12
6.59853e-06
-5.46623e-12
6.59853e-06
1.99445e-12
6.59853e-06
-6.45992e-12
6.59853e-06
-1.59654e-12
6.59853e-06
-2.08676e-11
6.59853e-06
-7.27601e-11
6.59853e-06
-3.31552e-10
-1.11194e-09
6.57888e-06
-2.29034e-09
6.57893e-06
-2.04338e-09
6.57895e-06
-4.46559e-10
6.57894e-06
3.02258e-10
6.57891e-06
3.00641e-10
6.57888e-06
1.76716e-10
6.57885e-06
2.15829e-10
6.57886e-06
9.79757e-10
6.57888e-06
1.55398e-09
6.57889e-06
1.27869e-09
6.5789e-06
7.48486e-10
6.57891e-06
3.58577e-10
6.57891e-06
6.25476e-11
6.57891e-06
-3.36457e-10
6.57889e-06
-6.37565e-10
6.57888e-06
-7.44607e-10
6.57887e-06
-8.23349e-10
6.57885e-06
-9.48806e-10
6.57887e-06
-1.75256e-09
6.57891e-06
-2.18143e-09
6.57892e-06
-1.05825e-09
6.5789e-06
-4.08875e-12
6.57888e-06
5.18679e-10
6.57886e-06
7.55993e-10
6.57886e-06
6.5831e-10
6.57885e-06
6.06367e-10
6.57884e-06
6.33548e-10
6.57884e-06
4.46144e-10
6.57884e-06
3.10347e-10
6.57884e-06
7.53333e-11
6.57884e-06
9.98835e-12
6.57884e-06
-3.72023e-10
6.57887e-06
-1.22445e-09
6.57891e-06
-1.79681e-09
6.57894e-06
-1.23682e-09
6.57895e-06
-5.95395e-10
6.57895e-06
-1.57763e-10
6.57896e-06
3.07504e-10
6.57897e-06
1.45554e-09
6.57899e-06
2.17634e-09
6.579e-06
1.8898e-09
6.57899e-06
1.49368e-09
6.57898e-06
9.20827e-10
6.57898e-06
6.97156e-10
6.57897e-06
5.79459e-10
6.57896e-06
4.32733e-10
6.57896e-06
2.57889e-10
6.57896e-06
1.44259e-10
6.57896e-06
3.43797e-11
6.57896e-06
7.39193e-12
6.57896e-06
-2.62419e-11
6.57896e-06
-1.9536e-11
6.57896e-06
-3.35364e-11
6.57896e-06
-1.68481e-11
6.57896e-06
-2.96693e-11
6.57896e-06
-1.08225e-11
6.57896e-06
-1.61394e-11
6.57896e-06
6.04981e-12
6.57896e-06
-1.14748e-11
6.57896e-06
-9.03053e-13
6.57895e-06
-1.24707e-11
6.57895e-06
-1.01611e-11
6.57895e-06
-2.1705e-11
6.57895e-06
-1.2212e-11
6.57895e-06
-2.17808e-11
6.57895e-06
-5.7177e-12
6.57895e-06
-1.70265e-11
6.57894e-06
1.60991e-12
6.57894e-06
-4.51379e-12
6.57894e-06
1.74547e-11
6.57894e-06
-1.11821e-12
6.57894e-06
1.00849e-11
6.57894e-06
-2.78518e-12
6.57894e-06
3.34008e-12
6.57894e-06
-5.79922e-12
6.57894e-06
3.00891e-12
6.57894e-06
-5.47376e-12
6.57894e-06
2.95191e-12
6.57893e-06
-4.14733e-12
6.57893e-06
2.40537e-12
6.57893e-06
-3.36196e-12
6.57893e-06
2.26812e-12
6.57893e-06
-3.38242e-12
6.57893e-06
2.4148e-12
6.57893e-06
-2.98213e-12
6.57893e-06
2.68733e-12
6.57893e-06
-2.65613e-12
6.57893e-06
2.67136e-12
6.57893e-06
-3.41849e-12
6.57893e-06
1.63107e-12
6.57893e-06
-4.07181e-12
6.57893e-06
1.75907e-12
6.57893e-06
-4.70816e-12
6.57893e-06
2.02306e-12
6.57892e-06
-5.90832e-12
6.57892e-06
-1.71917e-12
6.57892e-06
-2.03844e-11
6.57892e-06
-7.31835e-11
6.57892e-06
-3.28274e-10
-1.08406e-09
6.55493e-06
-2.2803e-09
6.55497e-06
-2.08992e-09
6.55499e-06
-4.67484e-10
6.55498e-06
3.16093e-10
6.55496e-06
3.22597e-10
6.55492e-06
2.13386e-10
6.55489e-06
2.41436e-10
6.5549e-06
9.76288e-10
6.55492e-06
1.53292e-09
6.55493e-06
1.2625e-09
6.55494e-06
7.40204e-10
6.55495e-06
3.51527e-10
6.55495e-06
5.75328e-11
6.55495e-06
-3.3106e-10
6.55494e-06
-6.2419e-10
6.55492e-06
-7.30352e-10
6.55491e-06
-8.06674e-10
6.55489e-06
-9.33524e-10
6.55491e-06
-1.77088e-09
6.55495e-06
-2.22223e-09
6.55496e-06
-1.06193e-09
6.55494e-06
1.61129e-11
6.55492e-06
5.33135e-10
6.5549e-06
7.75113e-10
6.55489e-06
6.67841e-10
6.55489e-06
6.13075e-10
6.55488e-06
6.39691e-10
6.55488e-06
4.54079e-10
6.55488e-06
3.11337e-10
6.55488e-06
7.69204e-11
6.55488e-06
5.53646e-12
6.55488e-06
-3.70091e-10
6.55491e-06
-1.25582e-09
6.55496e-06
-1.8465e-09
6.55498e-06
-1.26409e-09
6.55499e-06
-6.02884e-10
6.55499e-06
-1.61937e-10
6.555e-06
2.96555e-10
6.55501e-06
1.44325e-09
6.55503e-06
2.15929e-09
6.55504e-06
1.87923e-09
6.55503e-06
1.49881e-09
6.55503e-06
9.28581e-10
6.55502e-06
7.02723e-10
6.55501e-06
5.88244e-10
6.555e-06
4.3961e-10
6.555e-06
2.62971e-10
6.555e-06
1.44438e-10
6.555e-06
3.46029e-11
6.555e-06
6.1376e-12
6.555e-06
-2.67939e-11
6.555e-06
-2.03258e-11
6.555e-06
-3.32376e-11
6.555e-06
-1.68015e-11
6.555e-06
-2.87069e-11
6.555e-06
-1.06218e-11
6.555e-06
-1.4703e-11
6.555e-06
6.59448e-12
6.555e-06
-9.68286e-12
6.555e-06
2.47482e-13
6.555e-06
-1.11541e-11
6.55499e-06
-8.92085e-12
6.55499e-06
-2.03277e-11
6.55499e-06
-1.11425e-11
6.55499e-06
-2.02202e-11
6.55499e-06
-4.71299e-12
6.55499e-06
-1.54606e-11
6.55499e-06
2.19162e-12
6.55498e-06
-2.94409e-12
6.55498e-06
1.80171e-11
6.55498e-06
5.64254e-13
6.55498e-06
1.08772e-11
6.55498e-06
-1.53385e-12
6.55498e-06
3.95552e-12
6.55498e-06
-4.41e-12
6.55498e-06
3.6979e-12
6.55498e-06
-4.18777e-12
6.55498e-06
3.87917e-12
6.55497e-06
-3.26232e-12
6.55497e-06
3.43849e-12
6.55497e-06
-2.74815e-12
6.55497e-06
3.11272e-12
6.55497e-06
-2.73224e-12
6.55497e-06
3.1769e-12
6.55497e-06
-2.38966e-12
6.55497e-06
3.48097e-12
6.55497e-06
-2.19132e-12
6.55497e-06
3.51439e-12
6.55497e-06
-3.15876e-12
6.55497e-06
2.09008e-12
6.55497e-06
-3.68226e-12
6.55497e-06
2.00698e-12
6.55497e-06
-4.26502e-12
6.55497e-06
2.20416e-12
6.55497e-06
-5.54283e-12
6.55497e-06
-1.62798e-12
6.55497e-06
-2.01481e-11
6.55497e-06
-7.33922e-11
6.55496e-06
-3.2432e-10
-1.05655e-09
6.52638e-06
-2.27528e-09
6.52643e-06
-2.13756e-09
6.52645e-06
-4.88215e-10
6.52643e-06
3.30722e-10
6.52641e-06
3.44375e-10
6.52637e-06
2.49902e-10
6.52635e-06
2.6595e-10
6.52635e-06
9.72777e-10
6.52637e-06
1.51188e-09
6.52639e-06
1.24646e-09
6.5264e-06
7.31885e-10
6.5264e-06
3.44289e-10
6.52641e-06
5.29111e-11
6.5264e-06
-3.25699e-10
6.52639e-06
-6.10654e-10
6.52638e-06
-7.15328e-10
6.52636e-06
-7.89643e-10
6.52634e-06
-9.16418e-10
6.52636e-06
-1.78986e-09
6.52641e-06
-2.26512e-09
6.52641e-06
-1.06543e-09
6.52639e-06
3.78517e-11
6.52637e-06
5.47401e-10
6.52635e-06
7.94951e-10
6.52634e-06
6.76831e-10
6.52634e-06
6.19706e-10
6.52633e-06
6.44788e-10
6.52633e-06
4.62362e-10
6.52633e-06
3.11858e-10
6.52633e-06
7.96441e-11
6.52633e-06
5.24627e-13
6.52633e-06
-3.6636e-10
6.52636e-06
-1.28815e-09
6.52641e-06
-1.89756e-09
6.52643e-06
-1.29141e-09
6.52644e-06
-6.09468e-10
6.52644e-06
-1.65818e-10
6.52645e-06
2.84768e-10
6.52647e-06
1.43145e-09
6.52648e-06
2.1432e-09
6.52649e-06
1.86874e-09
6.52649e-06
1.50344e-09
6.52648e-06
9.3633e-10
6.52648e-06
7.07598e-10
6.52647e-06
5.96941e-10
6.52646e-06
4.46352e-10
6.52645e-06
2.68172e-10
6.52645e-06
1.44183e-10
6.52645e-06
3.50097e-11
6.52646e-06
4.88205e-12
6.52645e-06
-2.68878e-11
6.52646e-06
-2.08853e-11
6.52645e-06
-3.23787e-11
6.52645e-06
-1.65174e-11
6.52645e-06
-2.72043e-11
6.52645e-06
-1.02678e-11
6.52645e-06
-1.29361e-11
6.52645e-06
7.02205e-12
6.52645e-06
-7.59898e-12
6.52645e-06
1.22665e-12
6.52645e-06
-9.44317e-12
6.52644e-06
-7.86727e-12
6.52644e-06
-1.83834e-11
6.52644e-06
-1.0052e-11
6.52644e-06
-1.83813e-11
6.52644e-06
-3.78381e-12
6.52644e-06
-1.36861e-11
6.52644e-06
2.5976e-12
6.52643e-06
-1.34469e-12
6.52643e-06
1.81768e-11
6.52643e-06
2.25139e-12
6.52643e-06
1.16064e-11
6.52643e-06
-5.13517e-13
6.52643e-06
4.69877e-12
6.52643e-06
-3.34005e-12
6.52643e-06
4.53111e-12
6.52643e-06
-3.17769e-12
6.52643e-06
4.45242e-12
6.52643e-06
-2.04405e-12
6.52643e-06
3.71605e-12
6.52643e-06
-1.39337e-12
6.52642e-06
3.33476e-12
6.52642e-06
-1.52198e-12
6.52642e-06
3.27841e-12
6.52642e-06
-1.16674e-12
6.52642e-06
3.54489e-12
6.52642e-06
-1.00478e-12
6.52642e-06
3.57547e-12
6.52642e-06
-2.12146e-12
6.52642e-06
2.04338e-12
6.52642e-06
-2.83117e-12
6.52642e-06
1.97407e-12
6.52642e-06
-3.58275e-12
6.52642e-06
2.24459e-12
6.52642e-06
-5.04694e-12
6.52642e-06
-1.71832e-12
6.52642e-06
-1.96639e-11
6.52642e-06
-7.34563e-11
6.52641e-06
-3.19853e-10
-1.02663e-09
6.49295e-06
-2.26825e-09
6.493e-06
-2.18976e-09
6.49302e-06
-5.08184e-10
6.49301e-06
3.46528e-10
6.49299e-06
3.66406e-10
6.49295e-06
2.8696e-10
6.49292e-06
2.907e-10
6.49293e-06
9.6811e-10
6.49295e-06
1.49042e-09
6.49297e-06
1.22969e-09
6.49297e-06
7.22905e-10
6.49298e-06
3.3686e-10
6.49299e-06
4.83884e-11
6.49298e-06
-3.19511e-10
6.49297e-06
-5.96096e-10
6.49295e-06
-6.99129e-10
6.49293e-06
-7.7102e-10
6.49291e-06
-8.97624e-10
6.49293e-06
-1.80854e-09
6.49298e-06
-2.31088e-09
6.49298e-06
-1.06831e-09
6.49296e-06
6.07316e-11
6.49295e-06
5.6235e-10
6.49293e-06
8.15041e-10
6.49292e-06
6.86607e-10
6.49291e-06
6.25625e-10
6.49291e-06
6.50687e-10
6.4929e-06
4.70245e-10
6.4929e-06
3.13312e-10
6.4929e-06
8.14178e-11
6.4929e-06
-3.86032e-12
6.4929e-06
-3.62489e-10
6.49293e-06
-1.32094e-09
6.49298e-06
-1.95196e-09
6.49301e-06
-1.31947e-09
6.49301e-06
-6.16287e-10
6.49302e-06
-1.69945e-10
6.49303e-06
2.71714e-10
6.49304e-06
1.41951e-09
6.49306e-06
2.1276e-09
6.49307e-06
1.85716e-09
6.49306e-06
1.50853e-09
6.49306e-06
9.43727e-10
6.49305e-06
7.12349e-10
6.49304e-06
6.05109e-10
6.49303e-06
4.53342e-10
6.49303e-06
2.73206e-10
6.49303e-06
1.44108e-10
6.49303e-06
3.53786e-11
6.49303e-06
4.03897e-12
6.49303e-06
-2.68971e-11
6.49303e-06
-2.08578e-11
6.49303e-06
-3.13112e-11
6.49303e-06
-1.55827e-11
6.49303e-06
-2.55328e-11
6.49303e-06
-9.33603e-12
6.49302e-06
-1.10014e-11
6.49302e-06
7.99098e-12
6.49302e-06
-5.32595e-12
6.49302e-06
2.7404e-12
6.49302e-06
-7.90721e-12
6.49302e-06
-6.38716e-12
6.49302e-06
-1.68908e-11
6.49301e-06
-8.83552e-12
6.49301e-06
-1.67995e-11
6.49301e-06
-2.69928e-12
6.49301e-06
-1.21866e-11
6.49301e-06
3.17869e-12
6.49301e-06
6.55192e-14
6.49301e-06
1.85762e-11
6.49301e-06
3.89994e-12
6.49301e-06
1.23034e-11
6.493e-06
5.8112e-13
6.493e-06
5.19225e-12
6.493e-06
-2.11451e-12
6.493e-06
5.08603e-12
6.493e-06
-2.05961e-12
6.493e-06
5.2621e-12
6.493e-06
-1.34134e-12
6.493e-06
4.64625e-12
6.493e-06
-9.73294e-13
6.493e-06
4.07116e-12
6.493e-06
-1.05739e-12
6.493e-06
3.94267e-12
6.493e-06
-7.55358e-13
6.493e-06
4.25353e-12
6.493e-06
-7.09112e-13
6.49299e-06
4.35101e-12
6.49299e-06
-2.00327e-12
6.49299e-06
2.45434e-12
6.49299e-06
-2.55502e-12
6.49299e-06
2.19102e-12
6.49299e-06
-3.22397e-12
6.49299e-06
2.41317e-12
6.49299e-06
-4.7317e-12
6.49299e-06
-1.60378e-12
6.49299e-06
-1.94224e-11
6.49299e-06
-7.33294e-11
6.49299e-06
-3.14726e-10
-9.97124e-10
6.4543e-06
-2.26637e-09
6.45435e-06
-2.2438e-09
6.45437e-06
-5.28252e-10
6.45436e-06
3.63182e-10
6.45433e-06
3.88153e-10
6.4543e-06
3.23941e-10
6.45427e-06
3.14402e-10
6.45428e-06
9.63185e-10
6.4543e-06
1.46875e-09
6.45432e-06
1.21301e-09
6.45433e-06
7.13929e-10
6.45433e-06
3.29343e-10
6.45434e-06
4.43963e-11
6.45433e-06
-3.1306e-10
6.45432e-06
-5.81023e-10
6.4543e-06
-6.81869e-10
6.45428e-06
-7.51708e-10
6.45426e-06
-8.76652e-10
6.45428e-06
-1.82797e-09
6.45433e-06
-2.35941e-09
6.45433e-06
-1.07107e-09
6.45431e-06
8.51658e-11
6.45429e-06
5.7705e-10
6.45427e-06
8.3582e-10
6.45426e-06
6.9581e-10
6.45426e-06
6.31397e-10
6.45425e-06
6.55585e-10
6.45425e-06
4.78515e-10
6.45425e-06
3.14455e-10
6.45425e-06
8.43104e-11
6.45425e-06
-8.43755e-12
6.45424e-06
-3.56468e-10
6.45428e-06
-1.3547e-09
6.45433e-06
-2.00816e-09
6.45436e-06
-1.34762e-09
6.45436e-06
-6.22188e-10
6.45437e-06
-1.73731e-10
6.45438e-06
2.5774e-10
6.45439e-06
1.40808e-09
6.4544e-06
2.11292e-09
6.45442e-06
1.84544e-09
6.45441e-06
1.51319e-09
6.45441e-06
9.51006e-10
6.4544e-06
7.1634e-10
6.45439e-06
6.13161e-10
6.45438e-06
4.60308e-10
6.45438e-06
2.7844e-10
6.45438e-06
1.43726e-10
6.45438e-06
3.60152e-11
6.45438e-06
3.37446e-12
6.45438e-06
-2.62691e-11
6.45438e-06
-2.0427e-11
6.45438e-06
-2.95578e-11
6.45438e-06
-1.43174e-11
6.45437e-06
-2.32749e-11
6.45437e-06
-8.20748e-12
6.45437e-06
-8.74681e-12
6.45437e-06
8.85687e-12
6.45437e-06
-2.83632e-12
6.45437e-06
4.03278e-12
6.45437e-06
-6.01476e-12
6.45436e-06
-5.15751e-12
6.45436e-06
-1.48613e-11
6.45436e-06
-7.63121e-12
6.45436e-06
-1.49894e-11
6.45436e-06
-1.72817e-12
6.45436e-06
-1.05272e-11
6.45435e-06
3.566e-12
6.45435e-06
1.4583e-12
6.45435e-06
1.85691e-11
6.45435e-06
5.47779e-12
6.45435e-06
1.29256e-11
6.45435e-06
1.39537e-12
6.45435e-06
5.81798e-12
6.45435e-06
-1.26359e-12
6.45435e-06
5.79049e-12
6.45435e-06
-1.27659e-12
6.45435e-06
5.66753e-12
6.45435e-06
-3.24258e-13
6.45435e-06
4.73779e-12
6.45435e-06
2.04373e-13
6.45434e-06
4.12845e-12
6.45434e-06
-2.88085e-14
6.45434e-06
3.88306e-12
6.45434e-06
2.95977e-13
6.45434e-06
4.16275e-12
6.45434e-06
3.24734e-13
6.45434e-06
4.27027e-12
6.45434e-06
-1.08143e-12
6.45434e-06
2.31989e-12
6.45434e-06
-1.80893e-12
6.45434e-06
2.10849e-12
6.45434e-06
-2.63043e-12
6.45434e-06
2.43495e-12
6.45434e-06
-4.29922e-12
6.45434e-06
-1.68402e-12
6.45434e-06
-1.89342e-11
6.45434e-06
-7.3051e-11
6.45433e-06
-3.09085e-10
-9.64619e-10
6.41e-06
-2.26243e-09
6.41006e-06
-2.30334e-09
6.41008e-06
-5.47694e-10
6.41006e-06
3.81043e-10
6.41004e-06
4.09997e-10
6.41e-06
3.61533e-10
6.40998e-06
3.3834e-10
6.40998e-06
9.57006e-10
6.41e-06
1.44643e-09
6.41002e-06
1.19563e-09
6.41003e-06
7.04407e-10
6.41004e-06
3.21777e-10
6.41004e-06
4.07301e-11
6.41003e-06
-3.05463e-10
6.41002e-06
-5.64552e-10
6.41e-06
-6.63075e-10
6.40998e-06
-7.30543e-10
6.40996e-06
-8.53563e-10
6.40998e-06
-1.84731e-09
6.41003e-06
-2.41154e-09
6.41003e-06
-1.07334e-09
6.41001e-06
1.10875e-10
6.40999e-06
5.92169e-10
6.40997e-06
8.56845e-10
6.40996e-06
7.05701e-10
6.40996e-06
6.36435e-10
6.40995e-06
6.61265e-10
6.40995e-06
4.86676e-10
6.40995e-06
3.16653e-10
6.40995e-06
8.66118e-11
6.40995e-06
-1.2279e-11
6.40994e-06
-3.4978e-10
6.40997e-06
-1.38906e-09
6.41003e-06
-2.06819e-09
6.41006e-06
-1.37671e-09
6.41006e-06
-6.28302e-10
6.41007e-06
-1.77762e-10
6.41008e-06
2.42391e-10
6.41009e-06
1.39653e-09
6.41011e-06
2.09865e-09
6.41012e-06
1.83244e-09
6.41011e-06
1.51821e-09
6.41011e-06
9.57928e-10
6.4101e-06
7.20095e-10
6.4101e-06
6.20705e-10
6.41009e-06
4.6761e-10
6.41008e-06
2.83661e-10
6.41008e-06
1.43613e-10
6.41008e-06
3.68398e-11
6.41008e-06
3.32162e-12
6.41008e-06
-2.53324e-11
6.41008e-06
-1.92497e-11
6.41008e-06
-2.74543e-11
6.41008e-06
-1.23413e-11
6.41007e-06
-2.08007e-11
6.41007e-06
-6.53608e-12
6.41007e-06
-6.33105e-12
6.41007e-06
1.01886e-11
6.41007e-06
-1.67999e-13
6.41006e-06
5.80914e-12
6.41006e-06
-4.35406e-12
6.41006e-06
-3.5394e-12
6.41006e-06
-1.3346e-11
6.41006e-06
-6.3688e-12
6.41006e-06
-1.34693e-11
6.41006e-06
-6.61438e-13
6.41005e-06
-9.1681e-12
6.41005e-06
4.05569e-12
6.41005e-06
2.64255e-12
6.41005e-06
1.87293e-11
6.41005e-06
7.01585e-12
6.41005e-06
1.34497e-11
6.41005e-06
2.27576e-12
6.41005e-06
6.1237e-12
6.41005e-06
-2.50408e-13
6.41005e-06
6.15137e-12
6.41005e-06
-3.69365e-13
6.41005e-06
6.30837e-12
6.41005e-06
1.54985e-13
6.41004e-06
5.52212e-12
6.41005e-06
3.91419e-13
6.41004e-06
4.71732e-12
6.41004e-06
2.16137e-13
6.41004e-06
4.41447e-12
6.41004e-06
4.94873e-13
6.41004e-06
4.75412e-12
6.41004e-06
4.22002e-13
6.41004e-06
4.94806e-12
6.41004e-06
-1.13144e-12
6.41004e-06
2.65542e-12
6.41004e-06
-1.66688e-12
6.41004e-06
2.26998e-12
6.41004e-06
-2.37157e-12
6.41004e-06
2.56859e-12
6.41004e-06
-4.04481e-12
6.41004e-06
-1.56236e-12
6.41004e-06
-1.86888e-11
6.41004e-06
-7.25965e-11
6.41003e-06
-3.02792e-10
-9.32499e-10
6.35954e-06
-2.26391e-09
6.3596e-06
-2.36574e-09
6.35962e-06
-5.67672e-10
6.3596e-06
3.9978e-10
6.35958e-06
4.31404e-10
6.35954e-06
3.99206e-10
6.35952e-06
3.6141e-10
6.35952e-06
9.50419e-10
6.35955e-06
1.42372e-09
6.35956e-06
1.17837e-09
6.35957e-06
6.95025e-10
6.35958e-06
3.14336e-10
6.35958e-06
3.78569e-11
6.35957e-06
-2.97158e-10
6.35956e-06
-5.47086e-10
6.35954e-06
-6.42818e-10
6.35952e-06
-7.08316e-10
6.35949e-06
-8.2789e-10
6.35951e-06
-1.8676e-09
6.35957e-06
-2.46743e-09
6.35957e-06
-1.07565e-09
6.35955e-06
1.38248e-10
6.35953e-06
6.06784e-10
6.35951e-06
8.78516e-10
6.3595e-06
7.15076e-10
6.35949e-06
6.41266e-10
6.35949e-06
6.66119e-10
6.35948e-06
4.95467e-10
6.35948e-06
3.18849e-10
6.35948e-06
9.03154e-11
6.35948e-06
-1.6094e-11
6.35947e-06
-3.40516e-10
6.35951e-06
-1.42452e-09
6.35957e-06
-2.13085e-09
6.3596e-06
-1.40622e-09
6.3596e-06
-6.33601e-10
6.3596e-06
-1.81501e-10
6.35962e-06
2.25973e-10
6.35963e-06
1.3855e-09
6.35964e-06
2.08518e-09
6.35966e-06
1.81893e-09
6.35965e-06
1.52274e-09
6.35965e-06
9.64708e-10
6.35964e-06
7.23039e-10
6.35964e-06
6.28142e-10
6.35963e-06
4.75064e-10
6.35962e-06
2.89259e-10
6.35962e-06
1.43365e-10
6.35962e-06
3.82105e-11
6.35962e-06
3.72636e-12
6.35962e-06
-2.35506e-11
6.35962e-06
-1.74781e-11
6.35961e-06
-2.45801e-11
6.35961e-06
-9.96616e-12
6.35961e-06
-1.77634e-11
6.35961e-06
-4.69584e-12
6.3596e-06
-3.65483e-12
6.3596e-06
1.13544e-11
6.3596e-06
2.68358e-12
6.3596e-06
7.29615e-12
6.3596e-06
-2.40879e-12
6.3596e-06
-2.26038e-12
6.35959e-06
-1.13587e-11
6.35959e-06
-5.16924e-12
6.35959e-06
-1.18028e-11
6.35959e-06
2.57234e-13
6.35959e-06
-7.71821e-12
6.35959e-06
4.31604e-12
6.35959e-06
3.76514e-12
6.35959e-06
1.84523e-11
6.35959e-06
8.49548e-12
6.35959e-06
1.39213e-11
6.35959e-06
2.82175e-12
6.35959e-06
6.59313e-12
6.35958e-06
3.23171e-13
6.35958e-06
6.69306e-12
6.35958e-06
1.32026e-13
6.35958e-06
6.50121e-12
6.35958e-06
9.33715e-13
6.35958e-06
5.38055e-12
6.35958e-06
1.37057e-12
6.35958e-06
4.576e-12
6.35958e-06
1.04053e-12
6.35958e-06
4.16056e-12
6.35958e-06
1.35575e-12
6.35958e-06
4.47545e-12
6.35958e-06
1.28814e-12
6.35958e-06
4.6918e-12
6.35958e-06
-3.33909e-13
6.35958e-06
2.41219e-12
6.35958e-06
-1.0391e-12
6.35958e-06
2.12409e-12
6.35958e-06
-1.88213e-12
6.35958e-06
2.56202e-12
6.35958e-06
-3.69144e-12
6.35958e-06
-1.64124e-12
6.35958e-06
-1.82015e-11
6.35958e-06
-7.19674e-11
6.35957e-06
-2.95971e-10
-8.96598e-10
6.30227e-06
-2.26334e-09
6.30234e-06
-2.43485e-09
6.30236e-06
-5.87252e-10
6.30234e-06
4.19708e-10
6.30232e-06
4.52688e-10
6.30228e-06
4.37656e-10
6.30226e-06
3.84858e-10
6.30227e-06
9.42613e-10
6.30229e-06
1.40024e-09
6.30231e-06
1.1606e-09
6.30231e-06
6.85386e-10
6.30232e-06
3.07142e-10
6.30232e-06
3.56935e-11
6.30231e-06
-2.87274e-10
6.3023e-06
-5.27777e-10
6.30227e-06
-6.20674e-10
6.30225e-06
-6.83943e-10
6.30222e-06
-7.99645e-10
6.30224e-06
-1.88827e-09
6.30231e-06
-2.52821e-09
6.30231e-06
-1.07782e-09
6.30228e-06
1.66839e-10
6.30227e-06
6.21641e-10
6.30224e-06
9.00522e-10
6.30223e-06
7.25099e-10
6.30223e-06
6.45478e-10
6.30222e-06
6.7175e-10
6.30222e-06
5.04415e-10
6.30222e-06
3.22282e-10
6.30222e-06
9.36171e-11
6.30221e-06
-1.85963e-11
6.3022e-06
-3.29864e-10
6.30224e-06
-1.46086e-09
6.3023e-06
-2.19812e-09
6.30233e-06
-1.43696e-09
6.30234e-06
-6.3913e-10
6.30234e-06
-1.85389e-10
6.30236e-06
2.0808e-10
6.30237e-06
1.37446e-09
6.30238e-06
2.07205e-09
6.3024e-06
1.80378e-09
6.30239e-06
1.52755e-09
6.30238e-06
9.70982e-10
6.30238e-06
7.25647e-10
6.30238e-06
6.35171e-10
6.30237e-06
4.83095e-10
6.30236e-06
2.95128e-10
6.30236e-06
1.43673e-10
6.30236e-06
3.99973e-11
6.30236e-06
5.0231e-12
6.30236e-06
-2.11688e-11
6.30235e-06
-1.48207e-11
6.30235e-06
-2.12465e-11
6.30235e-06
-6.91601e-12
6.30234e-06
-1.45244e-11
6.30234e-06
-2.39908e-12
6.30234e-06
-9.01692e-13
6.30234e-06
1.28908e-11
6.30233e-06
5.53794e-12
6.30233e-06
9.15002e-12
6.30233e-06
-7.79983e-13
6.30233e-06
-6.59401e-13
6.30233e-06
-9.94582e-12
6.30233e-06
-3.98677e-12
6.30232e-06
-1.04449e-11
6.30232e-06
1.19403e-12
6.30232e-06
-6.57959e-12
6.30232e-06
4.63042e-12
6.30232e-06
4.65489e-12
6.30232e-06
1.83135e-11
6.30232e-06
9.82473e-12
6.30232e-06
1.42005e-11
6.30232e-06
3.44127e-12
6.30232e-06
6.66042e-12
6.30232e-06
1.08676e-12
6.30232e-06
6.81678e-12
6.30232e-06
7.98409e-13
6.30232e-06
6.93393e-12
6.30232e-06
1.16674e-12
6.30232e-06
5.98554e-12
6.30232e-06
1.30766e-12
6.30232e-06
4.99048e-12
6.30232e-06
1.0518e-12
6.30232e-06
4.53523e-12
6.30232e-06
1.33004e-12
6.30232e-06
4.9269e-12
6.30232e-06
1.17654e-12
6.30232e-06
5.24877e-12
6.30232e-06
-5.58822e-13
6.30232e-06
2.65359e-12
6.30232e-06
-1.03863e-12
6.30232e-06
2.21326e-12
6.30232e-06
-1.72981e-12
6.30232e-06
2.6442e-12
6.30232e-06
-3.50211e-12
6.30232e-06
-1.5259e-12
6.30232e-06
-1.79483e-11
6.30231e-06
-7.1181e-11
6.30231e-06
-2.88482e-10
-8.61046e-10
6.2374e-06
-2.2685e-09
6.23748e-06
-2.50832e-09
6.2375e-06
-6.07925e-10
6.23748e-06
4.40519e-10
6.23746e-06
4.73355e-10
6.23742e-06
4.76531e-10
6.23739e-06
4.07861e-10
6.2374e-06
9.34453e-10
6.23743e-06
1.37625e-09
6.23744e-06
1.14309e-09
6.23745e-06
6.76195e-10
6.23746e-06
3.00454e-10
6.23746e-06
3.47587e-11
6.23745e-06
-2.76113e-10
6.23743e-06
-5.0692e-10
6.23741e-06
-5.96652e-10
6.23738e-06
-6.58131e-10
6.23735e-06
-7.6837e-10
6.23737e-06
-1.91044e-09
6.23744e-06
-2.59437e-09
6.23744e-06
-1.0804e-09
6.23741e-06
1.97174e-10
6.2374e-06
6.35762e-10
6.23737e-06
9.23284e-10
6.23736e-06
7.34805e-10
6.23736e-06
6.49588e-10
6.23736e-06
6.76795e-10
6.23735e-06
5.14339e-10
6.23735e-06
3.26127e-10
6.23735e-06
9.86556e-11
6.23734e-06
-2.05778e-11
6.23733e-06
-3.16011e-10
6.23737e-06
-1.4987e-09
6.23744e-06
-2.26933e-09
6.23747e-06
-1.46867e-09
6.23747e-06
-6.43997e-10
6.23747e-06
-1.88951e-10
6.23749e-06
1.88964e-10
6.2375e-06
1.36396e-09
6.23751e-06
2.05952e-09
6.23753e-06
1.78755e-09
6.23752e-06
1.53178e-09
6.23752e-06
9.77065e-10
6.23752e-06
7.27449e-10
6.23751e-06
6.42201e-10
6.2375e-06
4.91593e-10
6.2375e-06
3.01708e-10
6.23749e-06
1.44197e-10
6.23749e-06
4.27009e-11
6.23749e-06
7.13405e-12
6.23749e-06
-1.77038e-11
6.23748e-06
-1.14319e-11
6.23748e-06
-1.71299e-11
6.23748e-06
-3.51202e-12
6.23747e-06
-1.0834e-11
6.23747e-06
-5.07793e-14
6.23747e-06
1.97592e-12
6.23746e-06
1.41437e-11
6.23746e-06
8.44277e-12
6.23746e-06
1.05962e-11
6.23746e-06
1.02803e-12
6.23746e-06
4.97309e-13
6.23746e-06
-8.14081e-12
6.23746e-06
-2.93166e-12
6.23745e-06
-9.01483e-12
6.23745e-06
1.93589e-12
6.23745e-06
-5.40762e-12
6.23745e-06
4.68312e-12
6.23745e-06
5.44498e-12
6.23745e-06
1.77226e-11
6.23745e-06
1.10666e-11
6.23745e-06
1.44285e-11
6.23745e-06
3.69269e-12
6.23745e-06
6.90621e-12
6.23745e-06
1.37399e-12
6.23745e-06
7.13794e-12
6.23745e-06
1.02042e-12
6.23745e-06
6.89271e-12
6.23745e-06
1.6927e-12
6.23745e-06
5.61597e-12
6.23745e-06
2.0582e-12
6.23745e-06
4.64842e-12
6.23745e-06
1.6542e-12
6.23745e-06
4.09275e-12
6.23745e-06
1.98113e-12
6.23745e-06
4.4714e-12
6.23745e-06
1.85294e-12
6.23745e-06
4.82979e-12
6.23745e-06
9.11485e-14
6.23745e-06
2.30081e-12
6.23745e-06
-5.41791e-13
6.23745e-06
1.99304e-12
6.23745e-06
-1.34807e-12
6.23745e-06
2.59064e-12
6.23745e-06
-3.22254e-12
6.23745e-06
-1.61398e-12
6.23745e-06
-1.74534e-11
6.23745e-06
-7.01972e-11
6.23744e-06
-2.80422e-10
-8.20956e-10
6.1639e-06
-2.27176e-09
6.16398e-06
-2.59036e-09
6.164e-06
-6.28665e-10
6.16398e-06
4.62539e-10
6.16396e-06
4.93727e-10
6.16392e-06
5.16668e-10
6.1639e-06
4.31785e-10
6.1639e-06
9.25358e-10
6.16393e-06
1.35146e-09
6.16395e-06
1.12531e-09
6.16396e-06
6.67173e-10
6.16396e-06
2.94487e-10
6.16396e-06
3.50787e-11
6.16395e-06
-2.6281e-10
6.16393e-06
-4.83703e-10
6.1639e-06
-5.70367e-10
6.16387e-06
-6.29871e-10
6.16384e-06
-7.3404e-10
6.16386e-06
-1.93381e-09
6.16394e-06
-2.66745e-09
6.16394e-06
-1.08335e-09
6.16391e-06
2.28802e-10
6.16389e-06
6.49979e-10
6.16387e-06
9.46663e-10
6.16386e-06
7.45391e-10
6.16386e-06
6.53394e-10
6.16385e-06
6.82772e-10
6.16384e-06
5.24795e-10
6.16384e-06
3.31577e-10
6.16384e-06
1.0367e-10
6.16383e-06
-2.05375e-11
6.16382e-06
-2.99924e-10
6.16386e-06
-1.53807e-09
6.16393e-06
-2.34669e-09
6.16396e-06
-1.50221e-09
6.16397e-06
-6.49157e-10
6.16397e-06
-1.92468e-10
6.16399e-06
1.68246e-10
6.164e-06
1.35351e-09
6.16401e-06
2.04708e-09
6.16403e-06
1.76902e-09
6.16402e-06
1.53613e-09
6.16402e-06
9.82569e-10
6.16402e-06
7.28968e-10
6.16401e-06
6.49035e-10
6.164e-06
5.01039e-10
6.16399e-06
3.09007e-10
6.16399e-06
1.45732e-10
6.16399e-06
4.62023e-11
6.16399e-06
1.04862e-11
6.16398e-06
-1.33799e-11
6.16398e-06
-7.11235e-12
6.16397e-06
-1.25801e-11
6.16397e-06
3.99104e-13
6.16397e-06
-7.08488e-12
6.16396e-06
2.56635e-12
6.16396e-06
4.75552e-12
6.16396e-06
1.55993e-11
6.16396e-06
1.11255e-11
6.16396e-06
1.22516e-11
6.16395e-06
2.40258e-12
6.16395e-06
1.88781e-12
6.16395e-06
-6.98622e-12
6.16395e-06
-1.9735e-12
6.16395e-06
-7.91944e-12
6.16395e-06
2.62175e-12
6.16395e-06
-4.55927e-12
6.16395e-06
4.75126e-12
6.16395e-06
5.98042e-12
6.16395e-06
1.72451e-11
6.16395e-06
1.20621e-11
6.16395e-06
1.43832e-11
6.16395e-06
4.0319e-12
6.16395e-06
6.68453e-12
6.16395e-06
1.88459e-12
6.16395e-06
6.98253e-12
6.16395e-06
1.45259e-12
6.16395e-06
7.10379e-12
6.16395e-06
1.67239e-12
6.16395e-06
6.05079e-12
6.16395e-06
1.72566e-12
6.16395e-06
4.89461e-12
6.16395e-06
1.42235e-12
6.16395e-06
4.32294e-12
6.16395e-06
1.71934e-12
6.16395e-06
4.79891e-12
6.16395e-06
1.5186e-12
6.16395e-06
5.28158e-12
6.16395e-06
-3.22297e-13
6.16395e-06
2.45479e-12
6.16395e-06
-6.89076e-13
6.16395e-06
2.00696e-12
6.16395e-06
-1.30189e-12
6.16395e-06
2.61019e-12
6.16395e-06
-3.09105e-12
6.16395e-06
-1.51031e-12
6.16395e-06
-1.7182e-11
6.16394e-06
-6.90589e-11
6.16394e-06
-2.71639e-10
-7.80913e-10
6.08041e-06
-2.28137e-09
6.0805e-06
-2.67887e-09
6.08052e-06
-6.51418e-10
6.0805e-06
4.85553e-10
6.08048e-06
5.13453e-10
6.08043e-06
5.57983e-10
6.08041e-06
4.56184e-10
6.08042e-06
9.16316e-10
6.08044e-06
1.32616e-09
6.08046e-06
1.10792e-09
6.08047e-06
6.58995e-10
6.08047e-06
2.89572e-10
6.08047e-06
3.71927e-11
6.08046e-06
-2.47568e-10
6.08043e-06
-4.58351e-10
6.0804e-06
-5.41826e-10
6.08037e-06
-5.99759e-10
6.08034e-06
-6.96223e-10
6.08036e-06
-1.95968e-09
6.08044e-06
-2.74842e-09
6.08045e-06
-1.08717e-09
6.08042e-06
2.62381e-10
6.0804e-06
6.63479e-10
6.08038e-06
9.71122e-10
6.08037e-06
7.56156e-10
6.08036e-06
6.57565e-10
6.08036e-06
6.8866e-10
6.08035e-06
5.36537e-10
6.08034e-06
3.38023e-10
6.08034e-06
1.10705e-10
6.08033e-06
-1.91199e-11
6.08031e-06
-2.79962e-10
6.08035e-06
-1.57986e-09
6.08044e-06
-2.43008e-09
6.08047e-06
-1.53743e-09
6.08047e-06
-6.53734e-10
6.08048e-06
-1.95373e-10
6.0805e-06
1.4611e-10
6.08051e-06
1.34344e-09
6.08052e-06
2.03479e-09
6.08054e-06
1.74836e-09
6.08054e-06
1.53967e-09
6.08053e-06
9.87791e-10
6.08053e-06
7.29986e-10
6.08052e-06
6.56182e-10
6.08051e-06
5.11402e-10
6.0805e-06
3.17496e-10
6.0805e-06
1.48075e-10
6.0805e-06
5.10448e-11
6.08049e-06
1.50276e-11
6.08049e-06
-7.83461e-12
6.08048e-06
-2.09345e-12
6.08048e-06
-7.42969e-12
6.08047e-06
4.43357e-12
6.08047e-06
-3.1523e-12
6.08047e-06
5.02753e-12
6.08046e-06
7.41602e-12
6.08046e-06
1.66262e-11
6.08046e-06
1.36046e-11
6.08046e-06
1.33219e-11
6.08046e-06
3.84165e-12
6.08046e-06
2.68305e-12
6.08046e-06
-5.49645e-12
6.08046e-06
-1.20118e-12
6.08045e-06
-6.82658e-12
6.08045e-06
3.07e-12
6.08045e-06
-3.73245e-12
6.08045e-06
4.56581e-12
6.08045e-06
6.3761e-12
6.08045e-06
1.63548e-11
6.08045e-06
1.28884e-11
6.08045e-06
1.43209e-11
6.08045e-06
3.95661e-12
6.08045e-06
6.70699e-12
6.08045e-06
1.85228e-12
6.08045e-06
7.08945e-12
6.08045e-06
1.36844e-12
6.08045e-06
6.79389e-12
6.08045e-06
1.97044e-12
6.08045e-06
5.39441e-12
6.08045e-06
2.31104e-12
6.08045e-06
4.31642e-12
6.08045e-06
1.85255e-12
6.08045e-06
3.6534e-12
6.08045e-06
2.21485e-12
6.08045e-06
4.12093e-12
6.08045e-06
2.06677e-12
6.08045e-06
4.64481e-12
6.08046e-06
2.52005e-13
6.08045e-06
1.96668e-12
6.08046e-06
-2.80708e-13
6.08046e-06
1.70032e-12
6.08046e-06
-1.00556e-12
6.08046e-06
2.50199e-12
6.08046e-06
-2.87389e-12
6.08046e-06
-1.62116e-12
6.08045e-06
-1.66556e-11
6.08045e-06
-6.76765e-11
6.08044e-06
-2.62192e-10
-7.34944e-10
5.9851e-06
-2.2891e-09
5.9852e-06
-2.77837e-09
5.98523e-06
-6.74746e-10
5.9852e-06
5.09851e-10
5.98518e-06
5.32899e-10
5.98514e-06
6.01301e-10
5.98511e-06
4.82312e-10
5.98512e-06
9.07388e-10
5.98515e-06
1.30053e-09
5.98517e-06
1.09046e-09
5.98517e-06
6.51422e-10
5.98518e-06
2.85958e-10
5.98517e-06
4.11837e-11
5.98515e-06
-2.29644e-10
5.98513e-06
-4.30172e-10
5.9851e-06
-5.10662e-10
5.98506e-06
-5.66964e-10
5.98502e-06
-6.54841e-10
5.98505e-06
-1.98818e-09
5.98514e-06
-2.83887e-09
5.98515e-06
-1.09167e-09
5.98512e-06
2.97813e-10
5.9851e-06
6.76877e-10
5.98507e-06
9.96431e-10
5.98506e-06
7.68039e-10
5.98506e-06
6.62414e-10
5.98505e-06
6.9632e-10
5.98504e-06
5.49532e-10
5.98503e-06
3.46574e-10
5.98503e-06
1.18655e-10
5.98502e-06
-1.52603e-11
5.985e-06
-2.56948e-10
5.98504e-06
-1.62471e-09
5.98513e-06
-2.52184e-09
5.98517e-06
-1.57488e-09
5.98517e-06
-6.58193e-10
5.98517e-06
-1.9767e-10
5.9852e-06
1.22125e-10
5.98521e-06
1.33281e-09
5.98522e-06
2.02152e-09
5.98524e-06
1.72403e-09
5.98524e-06
1.54248e-09
5.98524e-06
9.92295e-10
5.98523e-06
7.31399e-10
5.98523e-06
6.64041e-10
5.98521e-06
5.23178e-10
5.9852e-06
3.27275e-10
5.9852e-06
1.51955e-10
5.9852e-06
5.72753e-11
5.98519e-06
2.10725e-11
5.98518e-06
-1.39597e-12
5.98518e-06
3.62656e-12
5.98517e-06
-2.13725e-12
5.98517e-06
8.59417e-12
5.98516e-06
5.22073e-13
5.98516e-06
7.39285e-12
5.98516e-06
9.72587e-12
5.98516e-06
1.75496e-11
5.98516e-06
1.57039e-11
5.98516e-06
1.44399e-11
5.98516e-06
4.69898e-12
5.98515e-06
3.64835e-12
5.98515e-06
-4.76445e-12
5.98515e-06
-6.09882e-13
5.98515e-06
-6.08445e-12
5.98515e-06
3.4028e-12
5.98515e-06
-3.22552e-12
5.98515e-06
4.32468e-12
5.98515e-06
6.52228e-12
5.98515e-06
1.54913e-11
5.98515e-06
1.34902e-11
5.98515e-06
1.38999e-11
5.98515e-06
4.01653e-12
5.98515e-06
6.17669e-12
5.98515e-06
2.124e-12
5.98515e-06
6.64045e-12
5.98515e-06
1.58899e-12
5.98515e-06
6.78706e-12
5.98515e-06
1.71163e-12
5.98515e-06
5.68093e-12
5.98515e-06
1.71563e-12
5.98515e-06
4.4176e-12
5.98515e-06
1.39116e-12
5.98515e-06
3.76727e-12
5.98515e-06
1.72723e-12
5.98515e-06
4.35315e-12
5.98515e-06
1.51805e-12
5.98515e-06
5.01551e-12
5.98515e-06
-3.39168e-13
5.98515e-06
2.05482e-12
5.98515e-06
-5.64335e-13
5.98515e-06
1.65184e-12
5.98516e-06
-1.0522e-12
5.98516e-06
2.46022e-12
5.98516e-06
-2.78346e-12
5.98516e-06
-1.52437e-12
5.98515e-06
-1.63444e-11
5.98515e-06
-6.61215e-11
5.98514e-06
-2.5193e-10
-6.88751e-10
5.87547e-06
-2.30523e-09
5.87558e-06
-2.8863e-09
5.8756e-06
-7.01393e-10
5.87558e-06
5.34446e-10
5.87556e-06
5.51629e-10
5.87551e-06
6.46262e-10
5.87548e-06
5.09284e-10
5.87549e-06
9.00822e-10
5.87552e-06
1.27683e-09
5.87553e-06
1.07399e-09
5.87554e-06
6.45089e-10
5.87554e-06
2.83991e-10
5.87553e-06
4.74783e-11
5.87551e-06
-2.09279e-10
5.87548e-06
-3.99415e-10
5.87545e-06
-4.76915e-10
5.87541e-06
-5.31938e-10
5.87537e-06
-6.09641e-10
5.8754e-06
-2.0213e-09
5.87551e-06
-2.93998e-09
5.87551e-06
-1.09714e-09
5.87548e-06
3.35095e-10
5.87546e-06
6.89212e-10
5.87544e-06
1.02233e-09
5.87542e-06
7.79655e-10
5.87542e-06
6.6995e-10
5.87541e-06
7.07093e-10
5.87539e-06
5.65101e-10
5.87538e-06
3.56913e-10
5.87538e-06
1.29366e-10
5.87537e-06
-9.46e-12
5.87534e-06
-2.29787e-10
5.87539e-06
-1.67456e-09
5.87549e-06
-2.62216e-09
5.87553e-06
-1.61317e-09
5.87553e-06
-6.6089e-10
5.87553e-06
-1.98329e-10
5.87555e-06
9.62791e-11
5.87556e-06
1.32033e-09
5.87558e-06
2.00529e-09
5.87561e-06
1.69497e-09
5.87561e-06
1.54267e-09
5.87561e-06
9.95378e-10
5.8756e-06
7.34434e-10
5.87559e-06
6.75269e-10
5.87558e-06
5.37111e-10
5.87557e-06
3.38936e-10
5.87556e-06
1.57334e-10
5.87555e-06
6.535e-11
5.87555e-06
2.84319e-11
5.87554e-06
6.01508e-12
5.87553e-06
9.608e-12
5.87553e-06
3.22672e-12
5.87552e-06
1.23857e-11
5.87552e-06
3.92278e-12
5.87552e-06
9.22771e-12
5.87552e-06
1.16019e-11
5.87551e-06
1.77929e-11
5.87551e-06
1.7395e-11
5.87551e-06
1.47345e-11
5.87551e-06
5.555e-12
5.87551e-06
3.79483e-12
5.87551e-06
-3.66005e-12
5.87551e-06
-2.51741e-13
5.87551e-06
-5.39832e-12
5.87551e-06
3.47528e-12
5.87551e-06
-2.77142e-12
5.87551e-06
3.82058e-12
5.87551e-06
6.51815e-12
5.87551e-06
1.42149e-11
5.87551e-06
1.39344e-11
5.87551e-06
1.35816e-11
5.87551e-06
3.56267e-12
5.87551e-06
6.07786e-12
5.87551e-06
1.6934e-12
5.87552e-06
6.6357e-12
5.87551e-06
1.1241e-12
5.87551e-06
6.13802e-12
5.87552e-06
1.88462e-12
5.87551e-06
4.55274e-12
5.87552e-06
2.37047e-12
5.87552e-06
3.48691e-12
5.87552e-06
1.8276e-12
5.87552e-06
2.73657e-12
5.87552e-06
2.26132e-12
5.87552e-06
3.29105e-12
5.87552e-06
2.15682e-12
5.87552e-06
3.97195e-12
5.87552e-06
4.04999e-13
5.87552e-06
1.34372e-12
5.87552e-06
-9.9846e-14
5.87552e-06
1.23238e-12
5.87552e-06
-7.67851e-13
5.87552e-06
2.2981e-12
5.87552e-06
-2.59734e-12
5.87552e-06
-1.68223e-12
5.87552e-06
-1.57189e-11
5.87552e-06
-6.42142e-11
5.87551e-06
-2.40895e-10
-6.34508e-10
5.74785e-06
-2.32263e-09
5.74797e-06
-3.00867e-09
5.748e-06
-7.29884e-10
5.74798e-06
5.55611e-10
5.74796e-06
5.69108e-10
5.74792e-06
6.93056e-10
5.74789e-06
5.36317e-10
5.74789e-06
9.01264e-10
5.7479e-06
1.26281e-09
5.74792e-06
1.06112e-09
5.74792e-06
6.40437e-10
5.74792e-06
2.84047e-10
5.74791e-06
5.60197e-11
5.74789e-06
-1.86046e-10
5.74785e-06
-3.65619e-10
5.74782e-06
-4.40314e-10
5.74778e-06
-4.93867e-10
5.74773e-06
-5.61092e-10
5.74777e-06
-2.0628e-09
5.74789e-06
-3.05494e-09
5.7479e-06
-1.10425e-09
5.74787e-06
3.70102e-10
5.74785e-06
6.99963e-10
5.74783e-06
1.04756e-09
5.74782e-06
7.89479e-10
5.7478e-06
6.8513e-10
5.74778e-06
7.30543e-10
5.74776e-06
5.8641e-10
5.74775e-06
3.70789e-10
5.74774e-06
1.41837e-10
5.74773e-06
-4.99205e-13
5.7477e-06
-2.00092e-10
5.74776e-06
-1.7341e-09
5.74787e-06
-2.73481e-09
5.7479e-06
-1.65002e-09
5.7479e-06
-6.60499e-10
5.7479e-06
-1.96455e-10
5.74792e-06
6.79803e-11
5.74794e-06
1.30092e-09
5.74797e-06
1.9788e-09
5.74801e-06
1.65734e-09
5.74801e-06
1.53876e-09
5.74801e-06
9.94125e-10
5.748e-06
7.4451e-10
5.74798e-06
6.98297e-10
5.74796e-06
5.57058e-10
5.74794e-06
3.53421e-10
5.74794e-06
1.65214e-10
5.74793e-06
7.50948e-11
5.74792e-06
3.70618e-11
5.74791e-06
1.3775e-11
5.74791e-06
1.55006e-11
5.7479e-06
8.02593e-12
5.7479e-06
1.55946e-11
5.74789e-06
6.56662e-12
5.74789e-06
1.05413e-11
5.74789e-06
1.27868e-11
5.74789e-06
1.76627e-11
5.74789e-06
1.83912e-11
5.74789e-06
1.49496e-11
5.74789e-06
5.6535e-12
5.74789e-06
4.15007e-12
5.74789e-06
-3.45063e-12
5.74789e-06
-1.15083e-13
5.74789e-06
-5.02738e-12
5.74789e-06
3.39143e-12
5.74789e-06
-2.59433e-12
5.74789e-06
3.26926e-12
5.74789e-06
6.27087e-12
5.74789e-06
1.29635e-11
5.74789e-06
1.40437e-11
5.74789e-06
1.27364e-11
5.74789e-06
3.38072e-12
5.7479e-06
5.23832e-12
5.74789e-06
1.77321e-12
5.7479e-06
5.89158e-12
5.7479e-06
1.18702e-12
5.7479e-06
5.92738e-12
5.7479e-06
1.42663e-12
5.7479e-06
4.72732e-12
5.7479e-06
1.53864e-12
5.7479e-06
3.48231e-12
5.7479e-06
1.17152e-12
5.7479e-06
2.77926e-12
5.7479e-06
1.57542e-12
5.7479e-06
3.47113e-12
5.7479e-06
1.41756e-12
5.7479e-06
4.29419e-12
5.7479e-06
-3.35714e-13
5.7479e-06
1.40072e-12
5.7479e-06
-4.92208e-13
5.7479e-06
1.14607e-12
5.7479e-06
-8.77793e-13
5.7479e-06
2.19944e-12
5.7479e-06
-2.51515e-12
5.7479e-06
-1.58416e-12
5.7479e-06
-1.53224e-11
5.7479e-06
-6.20875e-11
5.74789e-06
-2.28973e-10
-5.82105e-10
5.59676e-06
-2.37089e-09
5.59691e-06
-3.15293e-09
5.59694e-06
-7.69557e-10
5.59694e-06
5.58738e-10
5.59692e-06
5.8407e-10
5.59687e-06
7.45301e-10
5.59685e-06
5.59879e-10
5.59683e-06
9.25336e-10
5.5968e-06
1.28527e-09
5.5968e-06
1.06369e-09
5.5968e-06
6.40585e-10
5.5968e-06
2.86977e-10
5.59679e-06
6.69145e-11
5.59676e-06
-1.60483e-10
5.59672e-06
-3.29052e-10
5.59669e-06
-4.00583e-10
5.59664e-06
-4.5295e-10
5.59659e-06
-5.10565e-10
5.59666e-06
-2.13005e-09
5.59681e-06
-3.19725e-09
5.59682e-06
-1.11924e-09
5.59681e-06
3.89495e-10
5.5968e-06
7.06011e-10
5.59677e-06
1.07467e-09
5.59677e-06
7.92895e-10
5.59673e-06
7.24359e-10
5.59666e-06
7.93657e-10
5.59663e-06
6.26941e-10
5.59661e-06
3.91143e-10
5.5966e-06
1.59575e-10
5.59658e-06
9.75432e-12
5.59655e-06
-1.6951e-10
5.59663e-06
-1.8219e-09
5.59677e-06
-2.8741e-09
5.5968e-06
-1.68282e-09
5.5968e-06
-6.5403e-10
5.59679e-06
-1.90802e-10
5.59682e-06
3.70937e-11
5.59686e-06
1.26388e-09
5.59691e-06
1.92319e-09
5.59696e-06
1.60712e-09
5.59697e-06
1.53131e-09
5.59698e-06
9.85051e-10
5.59695e-06
7.77669e-10
5.59688e-06
7.61084e-10
5.59684e-06
5.95201e-10
5.59682e-06
3.74257e-10
5.59681e-06
1.76074e-10
5.5968e-06
8.71849e-11
5.59679e-06
4.62878e-11
5.59678e-06
2.12991e-11
5.59678e-06
2.0511e-11
5.59677e-06
1.18525e-11
5.59677e-06
1.77112e-11
5.59677e-06
8.30388e-12
5.59677e-06
1.07979e-11
5.59677e-06
1.32435e-11
5.59677e-06
1.65015e-11
5.59677e-06
1.90903e-11
5.59677e-06
1.42021e-11
5.59677e-06
5.71991e-12
5.59677e-06
3.52631e-12
5.59677e-06
-2.83342e-12
5.59677e-06
-2.34088e-13
5.59677e-06
-4.7638e-12
5.59677e-06
3.08808e-12
5.59677e-06
-2.49675e-12
5.59677e-06
2.3813e-12
5.59677e-06
5.90918e-12
5.59677e-06
1.11945e-11
5.59678e-06
1.43007e-11
5.59678e-06
1.21915e-11
5.59678e-06
2.59503e-12
5.59678e-06
5.06264e-12
5.59678e-06
9.8943e-13
5.59678e-06
5.80813e-12
5.59678e-06
3.87092e-13
5.59678e-06
4.96943e-12
5.59678e-06
1.50796e-12
5.59678e-06
3.17636e-12
5.59678e-06
2.29436e-12
5.59678e-06
2.26554e-12
5.59678e-06
1.64901e-12
5.59678e-06
1.45682e-12
5.59678e-06
2.1736e-12
5.59678e-06
2.08666e-12
5.59678e-06
2.17113e-12
5.59678e-06
2.88885e-12
5.59678e-06
6.13874e-13
5.59678e-06
5.27921e-13
5.59678e-06
5.84419e-14
5.59678e-06
6.66986e-13
5.59678e-06
-5.77097e-13
5.59678e-06
2.01237e-12
5.59678e-06
-2.3335e-12
5.59678e-06
-1.75841e-12
5.59678e-06
-1.454e-11
5.59678e-06
-5.93566e-11
5.59677e-06
-2.16196e-10
-5.25411e-10
5.41336e-06
-2.50742e-09
5.4136e-06
-3.38639e-09
5.41366e-06
-8.36589e-10
5.41371e-06
5.0867e-10
5.41369e-06
6.06248e-10
5.4136e-06
8.35531e-10
5.41358e-06
5.82179e-10
5.41349e-06
1.01922e-09
5.41335e-06
1.41966e-09
5.4133e-06
1.11441e-09
5.41329e-06
6.52764e-10
5.41328e-06
2.9428e-10
5.41327e-06
7.95662e-11
5.41324e-06
-1.32975e-10
5.4132e-06
-2.89566e-10
5.41316e-06
-3.57447e-10
5.41311e-06
-4.07772e-10
5.41307e-06
-4.62642e-10
5.41323e-06
-2.2907e-09
5.41347e-06
-3.43675e-09
5.41351e-06
-1.16447e-09
5.41355e-06
3.55472e-10
5.41354e-06
7.16656e-10
5.41348e-06
1.13353e-09
5.41348e-06
7.90388e-10
5.41337e-06
8.34932e-10
5.41319e-06
9.74238e-10
5.4131e-06
7.19645e-10
5.41307e-06
4.26342e-10
5.41305e-06
1.81324e-10
5.41303e-06
2.41046e-11
5.41301e-06
-1.44706e-10
5.41319e-06
-2.00778e-09
5.41343e-06
-3.11358e-09
5.41346e-06
-1.72096e-09
5.41345e-06
-6.43656e-10
5.41344e-06
-1.81581e-10
5.41347e-06
5.13179e-12
5.41354e-06
1.19338e-09
5.41367e-06
1.80096e-09
5.41372e-06
1.55033e-09
5.4137e-06
1.55069e-09
5.41372e-06
9.67292e-10
5.41362e-06
8.81591e-10
5.41344e-06
9.41105e-10
5.41335e-06
6.86702e-10
5.41331e-06
4.0964e-10
5.41329e-06
1.92681e-10
5.41328e-06
1.00235e-10
5.41327e-06
5.50411e-11
5.41327e-06
2.74404e-11
5.41326e-06
2.37665e-11
5.41326e-06
1.39897e-11
5.41326e-06
1.82415e-11
5.41326e-06
8.77182e-12
5.41326e-06
1.02146e-11
5.41326e-06
1.26893e-11
5.41326e-06
1.48532e-11
5.41326e-06
1.85642e-11
5.41327e-06
1.32964e-11
5.41327e-06
4.90862e-12
5.41327e-06
3.28298e-12
5.41327e-06
-3.17122e-12
5.41327e-06
-5.27049e-13
5.41327e-06
-4.64369e-12
5.41327e-06
2.60178e-12
5.41327e-06
-2.53648e-12
5.41327e-06
1.57684e-12
5.41327e-06
5.30821e-12
5.41327e-06
9.55167e-12
5.41327e-06
1.38376e-11
5.41327e-06
1.08229e-11
5.41327e-06
2.31625e-12
5.41327e-06
3.84839e-12
5.41327e-06
1.05534e-12
5.41328e-06
4.69048e-12
5.41328e-06
4.79182e-13
5.41328e-06
4.63958e-12
5.41328e-06
8.48766e-13
5.41327e-06
3.46725e-12
5.41328e-06
1.08528e-12
5.41328e-06
2.34068e-12
5.41328e-06
7.25398e-13
5.41328e-06
1.64305e-12
5.41328e-06
1.18326e-12
5.41328e-06
2.44224e-12
5.41328e-06
1.10592e-12
5.41328e-06
3.38317e-12
5.41328e-06
-4.22362e-13
5.41328e-06
7.09907e-13
5.41328e-06
-5.03982e-13
5.41328e-06
6.26971e-13
5.41328e-06
-7.48639e-13
5.41328e-06
1.86758e-12
5.41328e-06
-2.21301e-12
5.41328e-06
-1.61349e-12
5.41328e-06
-1.39694e-11
5.41328e-06
-5.61525e-11
5.41326e-06
-2.02124e-10
-4.90019e-10
5.18233e-06
-3.00329e-09
5.18291e-06
-3.96654e-09
5.18304e-06
-9.70281e-10
5.18318e-06
3.74727e-10
5.18307e-06
7.14032e-10
5.1828e-06
1.10729e-09
5.18274e-06
6.33041e-10
5.18247e-06
1.29558e-09
5.18205e-06
1.83704e-09
5.18189e-06
1.27982e-09
5.18185e-06
6.86945e-10
5.18184e-06
3.05839e-10
5.18183e-06
9.20328e-11
5.1818e-06
-1.05045e-10
5.18176e-06
-2.47073e-10
5.18171e-06
-3.09546e-10
5.18166e-06
-3.56653e-10
5.18162e-06
-4.25611e-10
5.18212e-06
-2.79012e-09
5.18274e-06
-4.04908e-09
5.18285e-06
-1.27706e-09
5.18297e-06
2.36657e-10
5.18288e-06
8.06543e-10
5.18265e-06
1.36407e-09
5.18263e-06
8.09547e-10
5.18233e-06
1.13058e-09
5.18186e-06
1.44631e-09
5.18165e-06
9.34265e-10
5.18159e-06
4.87382e-10
5.18157e-06
2.09184e-10
5.18154e-06
3.99101e-11
5.18154e-06
-1.37249e-10
5.18207e-06
-2.54116e-09
5.1827e-06
-3.74456e-09
5.18281e-06
-1.83253e-09
5.18281e-06
-6.49251e-10
5.18281e-06
-1.75893e-10
5.18283e-06
-1.91193e-11
5.18291e-06
1.11407e-09
5.18312e-06
1.59442e-09
5.1831e-06
1.56631e-09
5.18291e-06
1.73728e-09
5.18291e-06
9.70012e-10
5.18262e-06
1.17045e-09
5.18215e-06
1.41341e-09
5.18194e-06
9.00918e-10
5.18187e-06
4.71154e-10
5.18185e-06
2.15249e-10
5.18184e-06
1.12704e-10
5.18183e-06
6.09231e-11
5.18183e-06
3.05458e-11
5.18183e-06
2.40795e-11
5.18183e-06
1.38716e-11
5.18183e-06
1.67599e-11
5.18183e-06
7.88024e-12
5.18183e-06
8.51353e-12
5.18184e-06
1.11463e-11
5.18184e-06
1.236e-11
5.18184e-06
1.70785e-11
5.18184e-06
1.10652e-11
5.18184e-06
4.37574e-12
5.18184e-06
1.67061e-12
5.18184e-06
-2.49388e-12
5.18184e-06
-9.19756e-13
5.18184e-06
-4.48261e-12
5.18185e-06
1.92813e-12
5.18185e-06
-2.55934e-12
5.18185e-06
7.04157e-13
5.18185e-06
4.54614e-12
5.18185e-06
7.69318e-12
5.18185e-06
1.2975e-11
5.18185e-06
1.00652e-11
5.18185e-06
1.16695e-12
5.18185e-06
3.89847e-12
5.18185e-06
-2.40877e-13
5.18186e-06
4.79039e-12
5.18185e-06
-8.26152e-13
5.18185e-06
3.09074e-12
5.18186e-06
1.13703e-12
5.18185e-06
8.75393e-13
5.18186e-06
2.6174e-12
5.18186e-06
4.46597e-13
5.18186e-06
1.7542e-12
5.18186e-06
-4.16843e-13
5.18186e-06
2.39331e-12
5.18186e-06
1.84196e-13
5.18186e-06
2.59464e-12
5.18186e-06
9.63853e-13
5.18186e-06
1.44264e-12
5.18186e-06
-6.33985e-13
5.18186e-06
5.63953e-13
5.18186e-06
-4.4919e-14
5.18186e-06
-2.01194e-13
5.18186e-06
1.58713e-12
5.18186e-06
-1.92376e-12
5.18186e-06
-1.92256e-12
5.18186e-06
-1.26752e-11
5.18186e-06
-5.14918e-11
5.18184e-06
-1.85184e-10
-4.83876e-10
4.87406e-06
-4.56141e-09
4.87581e-06
-5.70684e-09
4.87589e-06
-1.05211e-09
4.87587e-06
3.94852e-10
4.87536e-06
1.22366e-09
4.87451e-06
1.95126e-09
4.87436e-06
7.89188e-10
4.87373e-06
1.92681e-09
4.87279e-06
2.76896e-09
4.87247e-06
1.60241e-09
4.87243e-06
7.24775e-10
4.87243e-06
3.08024e-10
4.87243e-06
9.69429e-11
4.8724e-06
-7.90211e-11
4.87235e-06
-2.00049e-10
4.8723e-06
-2.53335e-10
4.87223e-06
-2.9445e-10
4.87222e-06
-4.05734e-10
4.87377e-06
-4.34232e-09
4.87557e-06
-5.85215e-09
4.87563e-06
-1.33647e-09
4.8756e-06
2.74033e-10
4.87511e-06
1.28949e-09
4.87432e-06
2.15167e-09
4.87421e-06
9.24149e-10
4.87355e-06
1.78678e-09
4.87255e-06
2.44834e-09
4.87217e-06
1.3188e-09
4.8721e-06
5.58818e-10
4.87209e-06
2.3074e-10
4.87207e-06
5.12661e-11
4.87209e-06
-1.6097e-10
4.87369e-06
-4.14266e-09
4.87557e-06
-5.62561e-09
4.87593e-06
-2.19601e-09
4.87599e-06
-7.08633e-10
4.876e-06
-1.84445e-10
4.87599e-06
-6.15036e-12
4.87579e-06
1.31374e-09
4.87581e-06
1.57009e-09
4.87541e-06
1.97028e-09
4.87466e-06
2.47551e-09
4.87457e-06
1.06655e-09
4.87392e-06
1.8205e-09
4.87292e-06
2.41761e-09
4.87253e-06
1.28703e-09
4.87246e-06
5.4393e-10
4.87244e-06
2.31517e-10
4.87244e-06
1.16988e-10
4.87244e-06
5.92882e-11
4.87244e-06
2.81968e-11
4.87244e-06
2.03067e-11
4.87245e-06
1.1032e-11
4.87245e-06
1.31049e-11
4.87245e-06
5.63966e-12
4.87246e-06
5.78965e-12
4.87246e-06
8.64053e-12
4.87246e-06
9.09326e-12
4.87247e-06
1.46247e-11
4.87247e-06
8.33254e-12
4.87247e-06
3.50861e-12
4.87247e-06
2.0942e-14
4.87247e-06
-1.87669e-12
4.87247e-06
-1.33517e-12
4.87247e-06
-4.17805e-12
4.87247e-06
1.13082e-12
4.87247e-06
-2.51127e-12
4.87247e-06
-1.80483e-13
4.87247e-06
3.59008e-12
4.87247e-06
5.6087e-12
4.87248e-06
1.16019e-11
4.87248e-06
8.92142e-12
4.87248e-06
1.62122e-13
4.87248e-06
3.7446e-12
4.87248e-06
-1.32998e-12
4.87248e-06
4.61363e-12
4.87248e-06
-1.92428e-12
4.87248e-06
1.51945e-12
4.87248e-06
1.30269e-12
4.87248e-06
-1.45819e-12
4.87248e-06
3.80296e-12
4.87248e-06
-1.21066e-12
4.87248e-06
2.55628e-12
4.87248e-06
-2.17287e-12
4.87249e-06
3.31947e-12
4.87248e-06
-1.77646e-12
4.87249e-06
3.75753e-12
4.87248e-06
-1.19481e-12
4.87249e-06
3.01248e-12
4.87249e-06
-1.73079e-12
4.87249e-06
1.48397e-12
4.87249e-06
-5.97096e-13
4.87249e-06
3.14034e-13
4.87249e-06
1.2703e-12
4.87249e-06
-1.55407e-12
4.87249e-06
-2.11865e-12
4.87249e-06
-1.09203e-11
4.87248e-06
-4.4551e-11
4.87246e-06
-1.6058e-10
-5.35827e-10
4.4223e-06
-7.71944e-09
4.42568e-06
-9.07581e-09
4.42482e-06
-2.01481e-10
4.42384e-06
1.37784e-09
4.42268e-06
2.3771e-09
4.42118e-06
3.45004e-09
4.42104e-06
9.33003e-10
4.42021e-06
2.75799e-09
4.41908e-06
3.89409e-09
4.41893e-06
1.75872e-09
4.41903e-06
6.2397e-10
4.41909e-06
2.48825e-10
4.41911e-06
7.62904e-11
4.41909e-06
-5.58907e-11
4.41903e-06
-1.40557e-10
4.41895e-06
-1.76733e-10
4.41886e-06
-2.0689e-10
4.41882e-06
-3.64122e-10
4.42199e-06
-7.50624e-09
4.42539e-06
-9.24934e-09
4.42447e-06
-4.23322e-10
4.42346e-06
1.29379e-09
4.42234e-06
2.40831e-09
4.42091e-06
3.57235e-09
4.42083e-06
1.01269e-09
4.41996e-06
2.6559e-09
4.41873e-06
3.6751e-09
4.41849e-06
1.56577e-09
4.41854e-06
5.06652e-10
4.41858e-06
2.0098e-10
4.41858e-06
3.91571e-11
4.41862e-06
-1.9346e-10
4.42185e-06
-7.38082e-09
4.42543e-06
-9.19846e-09
4.42581e-06
-2.58913e-09
4.42583e-06
-7.29016e-10
4.42583e-06
-1.77962e-10
4.42574e-06
7.42478e-11
4.42459e-06
2.46707e-09
4.42373e-06
2.42724e-09
4.42276e-06
2.94445e-09
4.42141e-06
3.815e-09
4.42136e-06
1.12594e-09
4.4205e-06
2.68317e-09
4.41926e-06
3.65206e-09
4.41901e-06
1.53799e-09
4.41906e-06
4.95378e-10
4.4191e-06
1.92354e-10
4.41912e-06
9.47244e-11
4.41914e-06
4.23559e-11
4.41915e-06
1.78029e-11
4.41916e-06
1.18591e-11
4.41916e-06
5.64967e-12
4.41917e-06
7.64457e-12
4.41917e-06
2.47359e-12
4.41917e-06
1.97655e-12
4.41918e-06
5.40274e-12
4.41918e-06
4.44687e-12
4.41919e-06
1.19773e-11
4.41919e-06
4.69921e-12
4.41919e-06
2.93712e-12
4.41919e-06
-2.12282e-12
4.41919e-06
-2.99396e-13
4.41919e-06
-1.59579e-12
4.41919e-06
-3.45649e-12
4.41919e-06
3.55474e-13
4.41919e-06
-2.20617e-12
4.41919e-06
-1.39447e-12
4.41919e-06
2.44687e-12
4.41919e-06
2.48232e-12
4.4192e-06
1.03351e-11
4.4192e-06
7.91201e-12
4.4192e-06
-1.2623e-12
4.4192e-06
4.49467e-12
4.4192e-06
-3.10991e-12
4.41921e-06
5.12721e-12
4.4192e-06
-3.73968e-12
4.4192e-06
-8.66129e-13
4.41921e-06
2.09302e-12
4.4192e-06
-5.51131e-12
4.41921e-06
6.64488e-12
4.4192e-06
-3.94347e-12
4.41921e-06
4.56253e-12
4.41921e-06
-5.11456e-12
4.41921e-06
5.55024e-12
4.41921e-06
-5.25838e-12
4.41921e-06
6.41938e-12
4.41921e-06
-5.17755e-12
4.41921e-06
6.38204e-12
4.41921e-06
-3.57044e-12
4.41921e-06
3.42771e-12
4.41921e-06
-1.39601e-12
4.41921e-06
1.28734e-12
4.41921e-06
8.32894e-13
4.41921e-06
-9.51311e-13
4.41921e-06
-2.33177e-12
4.41921e-06
-7.5589e-12
4.4192e-06
-3.21002e-11
4.41915e-06
-1.17748e-10
-5.28402e-10
3.6335e-06
3.62443e-06
3.62422e-06
3.6256e-06
3.62798e-06
3.63143e-06
3.63236e-06
3.63512e-06
3.63901e-06
3.64077e-06
3.6414e-06
3.64165e-06
3.64172e-06
3.64167e-06
3.64153e-06
3.64135e-06
3.64114e-06
3.64078e-06
3.63327e-06
3.62402e-06
3.6236e-06
3.62489e-06
3.6273e-06
3.63087e-06
3.63189e-06
3.63454e-06
3.63822e-06
3.63978e-06
3.64029e-06
3.64049e-06
3.64053e-06
3.64034e-06
3.63296e-06
3.62376e-06
3.62117e-06
3.62044e-06
3.62026e-06
3.62034e-06
3.6228e-06
3.62523e-06
3.62817e-06
3.63199e-06
3.63311e-06
3.6358e-06
3.63945e-06
3.64099e-06
3.64148e-06
3.64168e-06
3.64177e-06
3.64181e-06
3.64183e-06
3.64184e-06
3.64185e-06
3.64186e-06
3.64186e-06
3.64186e-06
3.64187e-06
3.64187e-06
3.64188e-06
3.64189e-06
3.64189e-06
3.64189e-06
3.64189e-06
3.64189e-06
3.64188e-06
3.64188e-06
3.64188e-06
3.64188e-06
3.64188e-06
3.64188e-06
3.64189e-06
3.6419e-06
3.6419e-06
3.64191e-06
3.6419e-06
3.64191e-06
3.6419e-06
3.6419e-06
3.6419e-06
3.6419e-06
3.64191e-06
3.6419e-06
3.64191e-06
3.6419e-06
3.64191e-06
3.6419e-06
3.64191e-06
3.6419e-06
3.64191e-06
3.64191e-06
3.64191e-06
3.64191e-06
3.64191e-06
3.64191e-06
3.64191e-06
3.64191e-06
3.6419e-06
3.64187e-06
3.64175e-06
)
;

boundaryField
{
    inlet
    {
        type            cyclic;
        value           nonuniform List<scalar> 
50
(
-5.98519e-06
-5.87555e-06
-5.74793e-06
-5.59684e-06
-5.41349e-06
-5.18268e-06
-4.87502e-06
-4.4233e-06
-3.62569e-06
-6.08048e-06
-6.16397e-06
-6.23747e-06
-6.30234e-06
-6.3596e-06
-6.41006e-06
-6.45436e-06
-6.493e-06
-6.52643e-06
-6.55497e-06
-6.57893e-06
-6.59853e-06
-6.61398e-06
-6.62544e-06
-6.633e-06
-6.63677e-06
-6.63677e-06
-6.633e-06
-6.62542e-06
-6.61396e-06
-6.59851e-06
-6.5789e-06
-6.55494e-06
-6.52639e-06
-6.49296e-06
-6.45431e-06
-6.41e-06
-6.35954e-06
-6.30227e-06
-6.2374e-06
-6.1639e-06
-6.0804e-06
-5.9851e-06
-5.87546e-06
-5.74784e-06
-5.59672e-06
-5.41323e-06
-5.18185e-06
-4.87252e-06
-4.41917e-06
-3.64122e-06
)
;
    }
    outlet
    {
        type            cyclic;
        value           nonuniform List<scalar> 
50
(
5.98519e-06
5.87555e-06
5.74793e-06
5.59684e-06
5.41349e-06
5.18268e-06
4.87502e-06
4.4233e-06
3.62569e-06
6.08048e-06
6.16397e-06
6.23747e-06
6.30234e-06
6.3596e-06
6.41006e-06
6.45436e-06
6.493e-06
6.52643e-06
6.55497e-06
6.57893e-06
6.59853e-06
6.61398e-06
6.62544e-06
6.633e-06
6.63677e-06
6.63677e-06
6.633e-06
6.62542e-06
6.61396e-06
6.59851e-06
6.5789e-06
6.55494e-06
6.52639e-06
6.49296e-06
6.45431e-06
6.41e-06
6.35954e-06
6.30227e-06
6.2374e-06
6.1639e-06
6.0804e-06
5.9851e-06
5.87546e-06
5.74784e-06
5.59672e-06
5.41323e-06
5.18185e-06
4.87252e-06
4.41917e-06
3.64122e-06
)
;
    }
    bottomWall
    {
        type            calculated;
        value           uniform 0;
    }
    topWall
    {
        type            calculated;
        value           uniform 0;
    }
    frontAndBack
    {
        type            empty;
    }
}


// ************************************************************************* //
