/*--------------------------------*- C++ -*----------------------------------*\
  =========                 |
  \\      /  F ield         | OpenFOAM: The Open Source CFD Toolbox
   \\    /   O peration     | Website:  https://openfoam.org
    \\  /    A nd           | Version:  11
     \\/     M anipulation  |
\*---------------------------------------------------------------------------*/
FoamFile
{
    format      ascii;
    class       volVectorField;
    location    "900";
    object      U;
}
// * * * * * * * * * * * * * * * * * * * * * * * * * * * * * * * * * * * * * //

dimensions      [0 1 -1 0 0 0 0];

internalField   nonuniform List<vector> 
5000
(
(6.05321 0.00186432 0)
(6.06396 -0.00047235 0)
(6.04248 -0.000732869 0)
(6.04461 0.000197623 0)
(6.04247 0.00023767 0)
(6.05198 0.000950679 0)
(6.06347 0.000727996 0)
(6.06832 -0.00103331 0)
(6.04399 -0.00185074 0)
(6.03639 -0.000739051 0)
(6.0341 -0.00031164 0)
(6.03339 -0.000138175 0)
(6.03314 -4.87461e-05 0)
(6.03275 0.000881547 0)
(6.0415 0.000871465 0)
(6.04121 0.000587404 0)
(6.0514 0.000845047 0)
(6.05508 0.00040581 0)
(6.05605 0.000330103 0)
(6.0643 0.000417851 0)
(6.06836 0.000265558 0)
(6.06986 0.000108388 0)
(6.0705 3.9969e-05 0)
(6.07081 1.30614e-05 0)
(6.07099 1.12552e-06 0)
(6.07104 4.31056e-07 0)
(6.07101 1.10428e-06 0)
(6.07092 1.15178e-06 0)
(6.07087 -4.13758e-07 0)
(6.07083 -9.83507e-07 0)
(6.07082 -8.18695e-07 0)
(6.07083 3.32256e-07 0)
(6.07085 3.60611e-06 0)
(6.07084 7.7645e-06 0)
(6.0708 9.88263e-06 0)
(6.07074 8.39473e-06 0)
(6.07068 4.6752e-06 0)
(6.07065 3.66677e-06 0)
(6.07069 -0.00141239 0)
(6.04479 -0.00201377 0)
(6.03674 -0.000829473 0)
(6.03437 -0.000349502 0)
(6.0337 -0.000156982 0)
(6.0335 -6.8421e-05 0)
(6.03339 -2.73241e-05 0)
(6.0333 -1.10732e-05 0)
(6.03324 -5.064e-06 0)
(6.03322 -3.38951e-06 0)
(6.03321 -2.36737e-06 0)
(6.03321 -1.70588e-06 0)
(6.03322 -7.76404e-07 0)
(6.03323 -6.85383e-07 0)
(6.03324 -1.31415e-07 0)
(6.03325 -3.23592e-07 0)
(6.03325 5.0695e-08 0)
(6.03326 -3.10337e-07 0)
(6.03326 2.14571e-08 0)
(6.03326 -2.97806e-07 0)
(6.03326 -6.60548e-08 0)
(6.03326 -2.38298e-07 0)
(6.03325 -9.55188e-08 0)
(6.03325 -1.80636e-07 0)
(6.03326 5.3411e-08 0)
(6.03326 -1.16531e-07 0)
(6.03326 1.76356e-07 0)
(6.03327 -1.1513e-07 0)
(6.03327 1.68754e-07 0)
(6.03328 -2.19099e-07 0)
(6.03328 7.76321e-08 0)
(6.03329 -2.55967e-07 0)
(6.03328 -2.97344e-08 0)
(6.03328 -1.93742e-07 0)
(6.03328 -7.89166e-08 0)
(6.03328 -1.41312e-07 0)
(6.03328 -4.93276e-08 0)
(6.03328 -1.20639e-07 0)
(6.03328 -9.14196e-09 0)
(6.03328 -1.49021e-07 0)
(6.03328 1.54676e-08 0)
(6.03328 -1.32999e-07 0)
(6.03329 3.35439e-08 0)
(6.03329 -9.42344e-08 0)
(6.03329 3.53493e-08 0)
(6.03329 -8.56932e-08 0)
(6.03329 2.85574e-08 0)
(6.03329 -9.97173e-08 0)
(6.03329 4.67236e-08 0)
(6.0333 -1.23279e-07 0)
(6.03329 8.72092e-08 0)
(6.0333 -5.63106e-08 0)
(6.0333 5.57718e-08 0)
(6.0333 -5.64444e-08 0)
(6.0333 5.74994e-08 0)
(6.0333 -5.99566e-08 0)
(6.0333 9.73753e-08 0)
(6.0333 1.49713e-08 0)
(6.03329 4.19507e-07 0)
(6.03329 1.24505e-06 0)
(6.03325 6.80961e-06 0)
(6.03281 0.0013144 0)
(7.36896 0.000654597 0)
(7.36703 -5.08542e-05 0)
(7.3753 -0.000203183 0)
(7.37286 -5.09925e-06 0)
(7.37343 8.45888e-05 0)
(7.36987 0.000249015 0)
(7.36637 0.00024075 0)
(7.36609 -0.00023903 0)
(7.37606 -0.000598475 0)
(7.3767 -0.000370961 0)
(7.37646 -0.000185557 0)
(7.37631 -9.01154e-05 0)
(7.37617 -3.28339e-05 0)
(7.37558 0.000309585 0)
(7.37237 0.000321749 0)
(7.37303 0.000263334 0)
(7.36932 0.000384622 0)
(7.36913 0.000267516 0)
(7.36962 7.49967e-05 0)
(7.36634 7.30736e-05 0)
(7.36538 9.59755e-05 0)
(7.3656 5.0808e-05 0)
(7.3658 1.64909e-05 0)
(7.36593 3.44046e-06 0)
(7.36604 -2.90609e-06 0)
(7.36609 8.00857e-07 0)
(7.36608 3.44497e-06 0)
(7.36604 3.96262e-06 0)
(7.36602 1.28263e-06 0)
(7.36601 4.81348e-07 0)
(7.36601 -4.2809e-07 0)
(7.36601 3.52014e-07 0)
(7.366 3.50878e-06 0)
(7.36595 7.95933e-06 0)
(7.36587 1.08232e-05 0)
(7.36579 9.07687e-06 0)
(7.36573 5.20118e-06 0)
(7.36572 2.21543e-06 0)
(7.36619 -0.000423853 0)
(7.37608 -0.000706882 0)
(7.37669 -0.000435449 0)
(7.3765 -0.000218537 0)
(7.37641 -0.000107409 0)
(7.37636 -4.76525e-05 0)
(7.37631 -1.69244e-05 0)
(7.37627 -5.34107e-06 0)
(7.37624 -2.16419e-06 0)
(7.37623 -2.32666e-06 0)
(7.37624 -1.56451e-06 0)
(7.37624 -1.54063e-06 0)
(7.37625 -5.0263e-07 0)
(7.37626 -8.37325e-07 0)
(7.37627 -1.86747e-08 0)
(7.37628 -5.12758e-07 0)
(7.37628 1.45307e-07 0)
(7.37629 -5.34359e-07 0)
(7.37629 5.78764e-08 0)
(7.37629 -5.80934e-07 0)
(7.37629 -1.28732e-07 0)
(7.37629 -4.40584e-07 0)
(7.37628 -1.33415e-07 0)
(7.37629 -2.79651e-07 0)
(7.37629 1.31376e-07 0)
(7.37629 -1.89076e-07 0)
(7.3763 3.23041e-07 0)
(7.3763 -2.24322e-07 0)
(7.3763 3.08968e-07 0)
(7.37631 -3.92003e-07 0)
(7.37631 1.44659e-07 0)
(7.37632 -5.09554e-07 0)
(7.37631 -7.69811e-08 0)
(7.37631 -3.77973e-07 0)
(7.37631 -1.13443e-07 0)
(7.37631 -2.35619e-07 0)
(7.37631 -6.79433e-08 0)
(7.37631 -2.04184e-07 0)
(7.37631 -2.13866e-09 0)
(7.37631 -2.45499e-07 0)
(7.37632 4.41009e-08 0)
(7.37632 -2.26698e-07 0)
(7.37632 6.96382e-08 0)
(7.37632 -1.74098e-07 0)
(7.37632 6.46007e-08 0)
(7.37632 -1.56299e-07 0)
(7.37633 4.93582e-08 0)
(7.37633 -1.77189e-07 0)
(7.37633 7.85202e-08 0)
(7.37633 -2.20073e-07 0)
(7.37633 1.49949e-07 0)
(7.37633 -1.22103e-07 0)
(7.37633 9.65908e-08 0)
(7.37633 -1.09186e-07 0)
(7.37633 9.54096e-08 0)
(7.37633 -1.21547e-07 0)
(7.37633 1.58997e-07 0)
(7.37633 -1.77811e-08 0)
(7.37633 5.66404e-07 0)
(7.37632 1.58696e-06 0)
(7.37627 8.06214e-06 0)
(7.37561 0.00048936 0)
(8.12383 0.000254925 0)
(8.12267 3.35202e-05 0)
(8.12604 -8.21687e-05 0)
(8.12623 -5.59965e-05 0)
(8.12692 1.91466e-05 0)
(8.12512 0.000103863 0)
(8.12256 0.000111695 0)
(8.12178 -4.27489e-05 0)
(8.12625 -0.000212974 0)
(8.12691 -0.000176557 0)
(8.12689 -0.000104845 0)
(8.12683 -5.47137e-05 0)
(8.12674 -2.00189e-05 0)
(8.12648 9.08102e-05 0)
(8.12608 0.000102725 0)
(8.12673 0.000131 0)
(8.12481 0.000198169 0)
(8.12456 0.000158152 0)
(8.12473 5.2699e-05 0)
(8.12238 2.88427e-05 0)
(8.12119 4.24606e-05 0)
(8.12104 2.74454e-05 0)
(8.12106 8.1368e-06 0)
(8.1211 -4.18976e-07 0)
(8.12116 -5.51555e-06 0)
(8.12118 1.19818e-06 0)
(8.12117 4.8559e-06 0)
(8.12114 5.72547e-06 0)
(8.12113 2.13386e-06 0)
(8.12112 1.14839e-06 0)
(8.12113 -1.38491e-07 0)
(8.12113 6.96188e-07 0)
(8.12111 4.32656e-06 0)
(8.12106 9.47362e-06 0)
(8.121 1.25027e-05 0)
(8.12094 9.97148e-06 0)
(8.1209 5.32765e-06 0)
(8.1209 -6.10686e-07 0)
(8.12124 -0.000152855 0)
(8.12598 -0.000293555 0)
(8.12675 -0.000230537 0)
(8.12682 -0.000136273 0)
(8.12684 -7.28824e-05 0)
(8.12682 -3.18612e-05 0)
(8.12679 -8.93456e-06 0)
(8.12676 -1.3347e-06 0)
(8.12674 -1.62213e-07 0)
(8.12674 -1.68292e-06 0)
(8.12674 -1.13837e-06 0)
(8.12675 -1.62152e-06 0)
(8.12675 -3.66529e-07 0)
(8.12676 -1.04254e-06 0)
(8.12677 6.42621e-08 0)
(8.12677 -7.65538e-07 0)
(8.12677 2.27017e-07 0)
(8.12678 -8.19745e-07 0)
(8.12678 9.83977e-08 0)
(8.12679 -9.2032e-07 0)
(8.12678 -1.89555e-07 0)
(8.12678 -6.89572e-07 0)
(8.12678 -1.84825e-07 0)
(8.12678 -4.09773e-07 0)
(8.12679 2.08134e-07 0)
(8.12679 -2.95748e-07 0)
(8.12679 4.66305e-07 0)
(8.1268 -3.78212e-07 0)
(8.1268 4.48118e-07 0)
(8.12681 -6.13399e-07 0)
(8.12681 2.23864e-07 0)
(8.12681 -8.10444e-07 0)
(8.12681 -1.12923e-07 0)
(8.12681 -6.04597e-07 0)
(8.12681 -1.61179e-07 0)
(8.12681 -3.5711e-07 0)
(8.12681 -8.24883e-08 0)
(8.12681 -3.1568e-07 0)
(8.12681 -9.67155e-11 0)
(8.12681 -3.72041e-07 0)
(8.12682 6.76075e-08 0)
(8.12682 -3.52465e-07 0)
(8.12682 1.07893e-07 0)
(8.12682 -2.88402e-07 0)
(8.12682 9.70249e-08 0)
(8.12683 -2.59212e-07 0)
(8.12683 7.74881e-08 0)
(8.12683 -2.83399e-07 0)
(8.12683 1.18439e-07 0)
(8.12683 -3.42049e-07 0)
(8.12683 2.1435e-07 0)
(8.12683 -2.17613e-07 0)
(8.12683 1.46295e-07 0)
(8.12683 -1.84078e-07 0)
(8.12683 1.43775e-07 0)
(8.12683 -2.00826e-07 0)
(8.12683 2.25991e-07 0)
(8.12683 -6.1628e-08 0)
(8.12683 7.50979e-07 0)
(8.12683 1.98941e-06 0)
(8.12678 1.02105e-05 0)
(8.12642 0.000192534 0)
(8.63772 0.000126506 0)
(8.63744 3.62321e-05 0)
(8.63822 -2.71161e-05 0)
(8.63865 -2.98286e-05 0)
(8.63904 1.49314e-06 0)
(8.63859 3.74702e-05 0)
(8.63757 4.15129e-05 0)
(8.63717 -6.91587e-06 0)
(8.63833 -8.80402e-05 0)
(8.63841 -9.2595e-05 0)
(8.63832 -6.35458e-05 0)
(8.63825 -3.49247e-05 0)
(8.63818 -1.20693e-05 0)
(8.6381 4.35193e-05 0)
(8.63845 6.24123e-05 0)
(8.63888 7.9418e-05 0)
(8.63841 0.000109995 0)
(8.63845 0.000100285 0)
(8.63854 3.60509e-05 0)
(8.63745 5.55052e-06 0)
(8.63679 1.3305e-05 0)
(8.63665 1.20282e-05 0)
(8.63663 6.89665e-07 0)
(8.63664 -3.89849e-06 0)
(8.63666 -7.79439e-06 0)
(8.63667 1.75603e-06 0)
(8.63665 6.13258e-06 0)
(8.63662 7.25392e-06 0)
(8.63661 2.79966e-06 0)
(8.6366 1.70554e-06 0)
(8.6366 8.57024e-08 0)
(8.6366 1.23017e-06 0)
(8.63659 5.37595e-06 0)
(8.63655 1.1215e-05 0)
(8.63649 1.4168e-05 0)
(8.63644 1.08114e-05 0)
(8.63641 5.40866e-06 0)
(8.63642 -2.62023e-06 0)
(8.63661 -7.10491e-05 0)
(8.63798 -0.000150458 0)
(8.6382 -0.000141158 0)
(8.63821 -9.44711e-05 0)
(8.63821 -5.39132e-05 0)
(8.6382 -2.21026e-05 0)
(8.63816 -3.32007e-06 0)
(8.63813 1.69029e-06 0)
(8.63812 1.40551e-06 0)
(8.63811 -1.2054e-06 0)
(8.63811 -7.70643e-07 0)
(8.63812 -1.705e-06 0)
(8.63812 -2.34327e-07 0)
(8.63813 -1.2322e-06 0)
(8.63813 1.38247e-07 0)
(8.63813 -1.00536e-06 0)
(8.63814 3.03114e-07 0)
(8.63814 -1.09495e-06 0)
(8.63814 1.38899e-07 0)
(8.63815 -1.24135e-06 0)
(8.63814 -2.40807e-07 0)
(8.63815 -9.19287e-07 0)
(8.63815 -2.32159e-07 0)
(8.63815 -5.3785e-07 0)
(8.63815 2.77786e-07 0)
(8.63815 -4.11959e-07 0)
(8.63816 5.90353e-07 0)
(8.63816 -5.4062e-07 0)
(8.63816 5.70025e-07 0)
(8.63817 -8.3552e-07 0)
(8.63817 2.96613e-07 0)
(8.63817 -1.0988e-06 0)
(8.63817 -1.41263e-07 0)
(8.63817 -8.15703e-07 0)
(8.63817 -2.03749e-07 0)
(8.63817 -4.83039e-07 0)
(8.63817 -8.86162e-08 0)
(8.63818 -4.30448e-07 0)
(8.63818 4.1934e-09 0)
(8.63818 -4.94009e-07 0)
(8.63818 8.38119e-08 0)
(8.63818 -4.71965e-07 0)
(8.63818 1.33005e-07 0)
(8.63819 -4.00516e-07 0)
(8.63819 1.21304e-07 0)
(8.63819 -3.64011e-07 0)
(8.63819 1.03264e-07 0)
(8.63819 -3.87946e-07 0)
(8.63819 1.5229e-07 0)
(8.63819 -4.52509e-07 0)
(8.63819 2.6462e-07 0)
(8.6382 -3.14789e-07 0)
(8.6382 1.92971e-07 0)
(8.6382 -2.65459e-07 0)
(8.6382 1.90875e-07 0)
(8.6382 -2.79162e-07 0)
(8.6382 2.88723e-07 0)
(8.6382 -1.04909e-07 0)
(8.6382 9.22097e-07 0)
(8.63819 2.29138e-06 0)
(8.63816 1.07029e-05 0)
(8.63804 9.61646e-05 0)
(9.02263 7.99561e-05 0)
(9.02263 3.15142e-05 0)
(9.02277 -4.32847e-06 0)
(9.02298 -7.6462e-06 0)
(9.02316 1.41764e-07 0)
(9.02313 6.00334e-06 0)
(9.02283 3.3995e-06 0)
(9.02269 -3.88651e-06 0)
(9.0229 -4.48165e-05 0)
(9.0228 -5.6268e-05 0)
(9.0227 -4.32239e-05 0)
(9.02262 -2.40645e-05 0)
(9.02256 -6.98505e-06 0)
(9.02253 3.33797e-05 0)
(9.0228 5.8397e-05 0)
(9.02303 6.1772e-05 0)
(9.02302 7.03117e-05 0)
(9.02313 7.32892e-05 0)
(9.02319 2.30523e-05 0)
(9.02275 -1.03568e-05 0)
(9.02245 -4.86622e-06 0)
(9.02236 1.02363e-06 0)
(9.02235 -5.32791e-06 0)
(9.02235 -6.6619e-06 0)
(9.02236 -9.55206e-06 0)
(9.02236 2.45192e-06 0)
(9.02233 7.44924e-06 0)
(9.0223 8.69363e-06 0)
(9.02229 3.43845e-06 0)
(9.02228 2.22342e-06 0)
(9.02228 2.84645e-07 0)
(9.02227 1.7751e-06 0)
(9.02226 6.37261e-06 0)
(9.02222 1.28037e-05 0)
(9.02218 1.56125e-05 0)
(9.02214 1.15391e-05 0)
(9.02212 5.52106e-06 0)
(9.02212 -3.92355e-06 0)
(9.02222 -4.2637e-05 0)
(9.02256 -9.60495e-05 0)
(9.02257 -0.0001021 0)
(9.02255 -7.4315e-05 0)
(9.02255 -4.39774e-05 0)
(9.02253 -1.61139e-05 0)
(9.0225 6.90239e-07 0)
(9.02247 4.03651e-06 0)
(9.02246 2.69739e-06 0)
(9.02245 -7.90236e-07 0)
(9.02245 -4.287e-07 0)
(9.02245 -1.75271e-06 0)
(9.02245 -9.59319e-08 0)
(9.02245 -1.38825e-06 0)
(9.02246 2.15784e-07 0)
(9.02246 -1.21452e-06 0)
(9.02246 3.72809e-07 0)
(9.02247 -1.33949e-06 0)
(9.02247 1.72488e-07 0)
(9.02247 -1.53173e-06 0)
(9.02247 -2.84831e-07 0)
(9.02247 -1.1247e-06 0)
(9.02247 -2.72396e-07 0)
(9.02247 -6.56343e-07 0)
(9.02248 3.35078e-07 0)
(9.02248 -5.22733e-07 0)
(9.02248 6.91316e-07 0)
(9.02249 -6.96419e-07 0)
(9.02249 6.70051e-07 0)
(9.02249 -1.04446e-06 0)
(9.02249 3.53646e-07 0)
(9.0225 -1.36541e-06 0)
(9.0225 -1.70706e-07 0)
(9.0225 -1.00553e-06 0)
(9.0225 -2.42879e-07 0)
(9.0225 -6.01816e-07 0)
(9.0225 -9.63792e-08 0)
(9.0225 -5.385e-07 0)
(9.0225 4.3974e-09 0)
(9.0225 -6.04869e-07 0)
(9.02251 9.45547e-08 0)
(9.02251 -5.82896e-07 0)
(9.02251 1.48671e-07 0)
(9.02251 -5.06007e-07 0)
(9.02251 1.3772e-07 0)
(9.02251 -4.64133e-07 0)
(9.02252 1.23649e-07 0)
(9.02252 -4.86427e-07 0)
(9.02252 1.8017e-07 0)
(9.02252 -5.54166e-07 0)
(9.02252 3.00773e-07 0)
(9.02252 -4.05328e-07 0)
(9.02252 2.31172e-07 0)
(9.02252 -3.4379e-07 0)
(9.02252 2.31281e-07 0)
(9.02252 -3.52107e-07 0)
(9.02252 3.43092e-07 0)
(9.02252 -1.46714e-07 0)
(9.02252 1.06551e-06 0)
(9.02252 2.49273e-06 0)
(9.0225 1.04903e-05 0)
(9.02248 6.21562e-05 0)
(9.32821 6.33889e-05 0)
(9.32827 2.85088e-05 0)
(9.32828 3.74324e-06 0)
(9.32837 3.97536e-06 0)
(9.32847 1.83432e-06 0)
(9.32853 -7.45451e-06 0)
(9.32847 -1.58605e-05 0)
(9.32843 -7.41781e-06 0)
(9.32844 -3.09638e-05 0)
(9.32833 -4.03866e-05 0)
(9.32824 -3.3328e-05 0)
(9.32818 -1.81336e-05 0)
(9.32812 -3.56644e-06 0)
(9.32811 3.23334e-05 0)
(9.32825 6.07053e-05 0)
(9.32837 5.72949e-05 0)
(9.32845 5.50183e-05 0)
(9.32855 6.11767e-05 0)
(9.32859 1.56369e-05 0)
(9.32841 -1.97525e-05 0)
(9.32827 -1.55921e-05 0)
(9.32822 -6.33275e-06 0)
(9.32822 -9.88576e-06 0)
(9.32822 -8.78658e-06 0)
(9.32822 -1.08677e-05 0)
(9.32822 3.22694e-06 0)
(9.32819 8.75484e-06 0)
(9.32816 1.0058e-05 0)
(9.32814 4.03387e-06 0)
(9.32813 2.7522e-06 0)
(9.32812 4.88564e-07 0)
(9.32812 2.30981e-06 0)
(9.32811 7.30157e-06 0)
(9.32807 1.4292e-05 0)
(9.32804 1.69042e-05 0)
(9.328 1.22172e-05 0)
(9.32798 5.68495e-06 0)
(9.32798 -4.76609e-06 0)
(9.32804 -3.30975e-05 0)
(9.32812 -7.59073e-05 0)
(9.32809 -8.58029e-05 0)
(9.32808 -6.51601e-05 0)
(9.32808 -3.9099e-05 0)
(9.32807 -1.25669e-05 0)
(9.32805 3.56388e-06 0)
(9.32802 5.85748e-06 0)
(9.328 3.75421e-06 0)
(9.32799 -4.27752e-07 0)
(9.32799 -1.16466e-07 0)
(9.32799 -1.76517e-06 0)
(9.32799 3.7647e-08 0)
(9.32799 -1.50151e-06 0)
(9.32799 2.91321e-07 0)
(9.32799 -1.38347e-06 0)
(9.328 4.31931e-07 0)
(9.328 -1.54487e-06 0)
(9.328 1.9375e-07 0)
(9.328 -1.78413e-06 0)
(9.328 -3.24844e-07 0)
(9.328 -1.30341e-06 0)
(9.328 -3.0975e-07 0)
(9.32801 -7.61484e-07 0)
(9.32801 3.75663e-07 0)
(9.32801 -6.20962e-07 0)
(9.32801 7.66571e-07 0)
(9.32802 -8.34883e-07 0)
(9.32802 7.43924e-07 0)
(9.32802 -1.22923e-06 0)
(9.32803 3.88121e-07 0)
(9.32803 -1.60115e-06 0)
(9.32803 -2.02163e-07 0)
(9.32803 -1.17443e-06 0)
(9.32803 -2.80126e-07 0)
(9.32803 -7.11288e-07 0)
(9.32803 -1.07645e-07 0)
(9.32803 -6.38483e-07 0)
(9.32803 -1.4028e-09 0)
(9.32804 -7.0346e-07 0)
(9.32804 9.57349e-08 0)
(9.32804 -6.80933e-07 0)
(9.32804 1.54442e-07 0)
(9.32804 -6.01471e-07 0)
(9.32804 1.44598e-07 0)
(9.32805 -5.54802e-07 0)
(9.32805 1.33938e-07 0)
(9.32805 -5.73393e-07 0)
(9.32805 1.96779e-07 0)
(9.32805 -6.41131e-07 0)
(9.32805 3.20755e-07 0)
(9.32805 -4.84384e-07 0)
(9.32805 2.55867e-07 0)
(9.32805 -4.13767e-07 0)
(9.32806 2.61862e-07 0)
(9.32806 -4.16924e-07 0)
(9.32806 3.84164e-07 0)
(9.32806 -1.8269e-07 0)
(9.32805 1.18383e-06 0)
(9.32805 2.64028e-06 0)
(9.32804 1.05747e-05 0)
(9.32805 5.0262e-05 0)
(9.58 5.73774e-05 0)
(9.58005 2.68055e-05 0)
(9.58005 6.38382e-06 0)
(9.58009 8.78525e-06 0)
(9.58016 2.54383e-06 0)
(9.58023 -1.29169e-05 0)
(9.58024 -2.51777e-05 0)
(9.58024 -1.08888e-05 0)
(9.58021 -2.72376e-05 0)
(9.58013 -3.31235e-05 0)
(9.58006 -2.83856e-05 0)
(9.58001 -1.48145e-05 0)
(9.57997 -1.19782e-06 0)
(9.57996 3.31489e-05 0)
(9.58003 6.26929e-05 0)
(9.58011 5.67205e-05 0)
(9.58018 4.97864e-05 0)
(9.58025 5.58551e-05 0)
(9.58029 1.17645e-05 0)
(9.5802 -2.39164e-05 0)
(9.58012 -2.13512e-05 0)
(9.58009 -1.092e-05 0)
(9.58009 -1.31957e-05 0)
(9.5801 -1.04051e-05 0)
(9.5801 -1.18268e-05 0)
(9.58009 4.03569e-06 0)
(9.58007 9.98791e-06 0)
(9.58003 1.13695e-05 0)
(9.58001 4.60651e-06 0)
(9.58 3.30495e-06 0)
(9.57999 7.03603e-07 0)
(9.57999 2.8329e-06 0)
(9.57998 8.17217e-06 0)
(9.57994 1.5712e-05 0)
(9.57991 1.80855e-05 0)
(9.57988 1.28747e-05 0)
(9.57986 5.90186e-06 0)
(9.57986 -5.38187e-06 0)
(9.57989 -3.06384e-05 0)
(9.57992 -6.93134e-05 0)
(9.5799 -7.93055e-05 0)
(9.57989 -6.12358e-05 0)
(9.5799 -3.68591e-05 0)
(9.5799 -1.04919e-05 0)
(9.57988 5.66759e-06 0)
(9.57985 7.28919e-06 0)
(9.57984 4.61792e-06 0)
(9.57983 -1.11304e-07 0)
(9.57982 1.63488e-07 0)
(9.57982 -1.74738e-06 0)
(9.57982 1.62413e-07 0)
(9.57982 -1.57257e-06 0)
(9.57982 3.61811e-07 0)
(9.57982 -1.50987e-06 0)
(9.57982 4.78911e-07 0)
(9.57983 -1.70825e-06 0)
(9.57983 2.01213e-07 0)
(9.57983 -1.99516e-06 0)
(9.57983 -3.63727e-07 0)
(9.57983 -1.45433e-06 0)
(9.57983 -3.4639e-07 0)
(9.57983 -8.51563e-07 0)
(9.57983 3.99651e-07 0)
(9.57984 -7.05201e-07 0)
(9.57984 8.15509e-07 0)
(9.57984 -9.52299e-07 0)
(9.57985 7.90277e-07 0)
(9.57985 -1.38455e-06 0)
(9.57985 3.9866e-07 0)
(9.57985 -1.8035e-06 0)
(9.57985 -2.38439e-07 0)
(9.57985 -1.32013e-06 0)
(9.57985 -3.18954e-07 0)
(9.57986 -8.0801e-07 0)
(9.57986 -1.25454e-07 0)
(9.57986 -7.26823e-07 0)
(9.57986 -1.46668e-08 0)
(9.57986 -7.89004e-07 0)
(9.57986 8.83018e-08 0)
(9.57986 -7.66374e-07 0)
(9.57987 1.51095e-07 0)
(9.57987 -6.85824e-07 0)
(9.57987 1.42447e-07 0)
(9.57987 -6.34944e-07 0)
(9.57987 1.35183e-07 0)
(9.57987 -6.49131e-07 0)
(9.57987 2.03487e-07 0)
(9.57988 -7.14122e-07 0)
(9.57988 3.3039e-07 0)
(9.57988 -5.52963e-07 0)
(9.57988 2.69709e-07 0)
(9.57988 -4.74305e-07 0)
(9.57988 2.82129e-07 0)
(9.57988 -4.71531e-07 0)
(9.57988 4.12778e-07 0)
(9.57988 -2.11934e-07 0)
(9.57988 1.2806e-06 0)
(9.57988 2.75957e-06 0)
(9.57987 1.09294e-05 0)
(9.57989 4.64119e-05 0)
(9.79267 5.52957e-05 0)
(9.79271 2.61669e-05 0)
(9.79271 6.88747e-06 0)
(9.79274 1.00086e-05 0)
(9.7928 2.07092e-06 0)
(9.79287 -1.52859e-05 0)
(9.79289 -2.97925e-05 0)
(9.7929 -1.31541e-05 0)
(9.79287 -2.61887e-05 0)
(9.7928 -2.94937e-05 0)
(9.79275 -2.57599e-05 0)
(9.79271 -1.28575e-05 0)
(9.79268 5.01753e-07 0)
(9.79267 3.39164e-05 0)
(9.79272 6.33615e-05 0)
(9.79278 5.68024e-05 0)
(9.79284 4.81933e-05 0)
(9.7929 5.34135e-05 0)
(9.79292 9.77131e-06 0)
(9.79287 -2.4832e-05 0)
(9.79281 -2.40436e-05 0)
(9.79279 -1.36742e-05 0)
(9.79279 -1.55799e-05 0)
(9.7928 -1.16639e-05 0)
(9.79281 -1.25428e-05 0)
(9.7928 4.82947e-06 0)
(9.79277 1.11701e-05 0)
(9.79274 1.26079e-05 0)
(9.79272 5.16517e-06 0)
(9.79271 3.87255e-06 0)
(9.7927 9.33745e-07 0)
(9.79269 3.33722e-06 0)
(9.79268 8.9942e-06 0)
(9.79265 1.70708e-05 0)
(9.79262 1.91856e-05 0)
(9.79259 1.35193e-05 0)
(9.79257 6.13639e-06 0)
(9.79257 -5.86024e-06 0)
(9.79259 -3.08057e-05 0)
(9.7926 -6.77662e-05 0)
(9.79259 -7.68572e-05 0)
(9.79259 -5.96986e-05 0)
(9.7926 -3.59416e-05 0)
(9.7926 -9.27715e-06 0)
(9.79259 7.26379e-06 0)
(9.79257 8.44303e-06 0)
(9.79255 5.32169e-06 0)
(9.79254 1.65719e-07 0)
(9.79254 4.07107e-07 0)
(9.79253 -1.7045e-06 0)
(9.79253 2.74971e-07 0)
(9.79253 -1.60697e-06 0)
(9.79253 4.24987e-07 0)
(9.79254 -1.59653e-06 0)
(9.79254 5.12942e-07 0)
(9.79254 -1.83074e-06 0)
(9.79254 1.95289e-07 0)
(9.79254 -2.16498e-06 0)
(9.79254 -4.02464e-07 0)
(9.79254 -1.57833e-06 0)
(9.79254 -3.82874e-07 0)
(9.79254 -9.26858e-07 0)
(9.79254 4.08769e-07 0)
(9.79255 -7.7423e-07 0)
(9.79255 8.40068e-07 0)
(9.79255 -1.04796e-06 0)
(9.79255 8.11122e-07 0)
(9.79256 -1.51016e-06 0)
(9.79256 3.8722e-07 0)
(9.79256 -1.97156e-06 0)
(9.79256 -2.7975e-07 0)
(9.79256 -1.44328e-06 0)
(9.79256 -3.59196e-07 0)
(9.79256 -8.92427e-07 0)
(9.79257 -1.48581e-07 0)
(9.79257 -8.03143e-07 0)
(9.79257 -3.41629e-08 0)
(9.79257 -8.61079e-07 0)
(9.79257 7.244e-08 0)
(9.79257 -8.3791e-07 0)
(9.79257 1.38272e-07 0)
(9.79258 -7.57266e-07 0)
(9.79258 1.31441e-07 0)
(9.79258 -7.02929e-07 0)
(9.79258 1.27493e-07 0)
(9.79258 -7.12192e-07 0)
(9.79258 1.99994e-07 0)
(9.79258 -7.72504e-07 0)
(9.79258 3.2931e-07 0)
(9.79259 -6.0988e-07 0)
(9.79259 2.7426e-07 0)
(9.79259 -5.24963e-07 0)
(9.79259 2.92335e-07 0)
(9.79259 -5.15374e-07 0)
(9.79259 4.31562e-07 0)
(9.79259 -2.34263e-07 0)
(9.79259 1.35817e-06 0)
(9.79258 2.86707e-06 0)
(9.79258 1.13839e-05 0)
(9.7926 4.49238e-05 0)
(9.97539 5.4279e-05 0)
(9.97542 2.59202e-05 0)
(9.97542 6.67118e-06 0)
(9.97544 9.39116e-06 0)
(9.9755 1.02499e-06 0)
(9.97556 -1.65935e-05 0)
(9.97558 -3.21082e-05 0)
(9.97559 -1.45974e-05 0)
(9.97557 -2.56421e-05 0)
(9.97551 -2.73526e-05 0)
(9.97547 -2.40643e-05 0)
(9.97544 -1.16127e-05 0)
(9.97542 1.77416e-06 0)
(9.97541 3.43036e-05 0)
(9.97545 6.30122e-05 0)
(9.9755 5.6723e-05 0)
(9.97555 4.76365e-05 0)
(9.9756 5.19399e-05 0)
(9.97562 8.87882e-06 0)
(9.97558 -2.42358e-05 0)
(9.97553 -2.50074e-05 0)
(9.97551 -1.53023e-05 0)
(9.97552 -1.73595e-05 0)
(9.97553 -1.27003e-05 0)
(9.97554 -1.30958e-05 0)
(9.97553 5.56724e-06 0)
(9.97551 1.23065e-05 0)
(9.97548 1.37677e-05 0)
(9.97546 5.70633e-06 0)
(9.97544 4.44443e-06 0)
(9.97543 1.1689e-06 0)
(9.97542 3.82576e-06 0)
(9.97541 9.77241e-06 0)
(9.97538 1.83773e-05 0)
(9.97535 2.02231e-05 0)
(9.97532 1.41557e-05 0)
(9.97531 6.38068e-06 0)
(9.97531 -6.25165e-06 0)
(9.97532 -3.18334e-05 0)
(9.97533 -6.77667e-05 0)
(9.97532 -7.6032e-05 0)
(9.97532 -5.92137e-05 0)
(9.97533 -3.56576e-05 0)
(9.97534 -8.58288e-06 0)
(9.97533 8.53074e-06 0)
(9.97531 9.39771e-06 0)
(9.97529 5.89375e-06 0)
(9.97529 4.05496e-07 0)
(9.97528 6.12972e-07 0)
(9.97528 -1.64403e-06 0)
(9.97528 3.73826e-07 0)
(9.97528 -1.61362e-06 0)
(9.97528 4.79292e-07 0)
(9.97528 -1.64985e-06 0)
(9.97528 5.37521e-07 0)
(9.97528 -1.91716e-06 0)
(9.97528 1.78213e-07 0)
(9.97528 -2.29806e-06 0)
(9.97528 -4.4113e-07 0)
(9.97528 -1.678e-06 0)
(9.97528 -4.19073e-07 0)
(9.97528 -9.88506e-07 0)
(9.97528 4.06221e-07 0)
(9.97529 -8.29052e-07 0)
(9.97529 8.44862e-07 0)
(9.97529 -1.12334e-06 0)
(9.97529 8.1152e-07 0)
(9.9753 -1.60828e-06 0)
(9.9753 3.582e-07 0)
(9.9753 -2.10864e-06 0)
(9.9753 -3.24775e-07 0)
(9.9753 -1.54537e-06 0)
(9.9753 -4.00858e-07 0)
(9.9753 -9.64413e-07 0)
(9.9753 -1.76255e-07 0)
(9.9753 -8.67356e-07 0)
(9.97531 -5.87219e-08 0)
(9.97531 -9.20493e-07 0)
(9.97531 5.05799e-08 0)
(9.97531 -8.96914e-07 0)
(9.97531 1.1903e-07 0)
(9.97531 -8.16706e-07 0)
(9.97531 1.14238e-07 0)
(9.97532 -7.59553e-07 0)
(9.97532 1.13625e-07 0)
(9.97532 -7.6387e-07 0)
(9.97532 1.89618e-07 0)
(9.97532 -8.19057e-07 0)
(9.97532 3.21019e-07 0)
(9.97532 -6.56232e-07 0)
(9.97532 2.71656e-07 0)
(9.97532 -5.6628e-07 0)
(9.97532 2.94251e-07 0)
(9.97532 -5.495e-07 0)
(9.97532 4.41299e-07 0)
(9.97532 -2.49878e-07 0)
(9.97532 1.41947e-06 0)
(9.97532 2.97041e-06 0)
(9.97532 1.18497e-05 0)
(9.97534 4.42149e-05 0)
(10.1342 5.34249e-05 0)
(10.1342 2.58433e-05 0)
(10.1342 6.29098e-06 0)
(10.1343 8.036e-06 0)
(10.1343 -3.42207e-07 0)
(10.1344 -1.75745e-05 0)
(10.1344 -3.33079e-05 0)
(10.1344 -1.55659e-05 0)
(10.1344 -2.507e-05 0)
(10.1343 -2.57445e-05 0)
(10.1343 -2.27692e-05 0)
(10.1343 -1.07424e-05 0)
(10.1342 2.75356e-06 0)
(10.1342 3.43621e-05 0)
(10.1343 6.20705e-05 0)
(10.1343 5.63482e-05 0)
(10.1344 4.72274e-05 0)
(10.1344 5.05967e-05 0)
(10.1344 8.56667e-06 0)
(10.1344 -2.29146e-05 0)
(10.1343 -2.4984e-05 0)
(10.1343 -1.63869e-05 0)
(10.1343 -1.87593e-05 0)
(10.1344 -1.36102e-05 0)
(10.1344 -1.35554e-05 0)
(10.1344 6.22434e-06 0)
(10.1343 1.33951e-05 0)
(10.1343 1.48454e-05 0)
(10.1343 6.23078e-06 0)
(10.1343 4.99907e-06 0)
(10.1343 1.40927e-06 0)
(10.1343 4.28698e-06 0)
(10.1342 1.05131e-05 0)
(10.1342 1.96348e-05 0)
(10.1342 2.12102e-05 0)
(10.1342 1.47817e-05 0)
(10.1341 6.62821e-06 0)
(10.1341 -6.57618e-06 0)
(10.1342 -3.30445e-05 0)
(10.1342 -6.8324e-05 0)
(10.1342 -7.57228e-05 0)
(10.1342 -5.91029e-05 0)
(10.1342 -3.5741e-05 0)
(10.1342 -8.13852e-06 0)
(10.1342 9.58839e-06 0)
(10.1341 1.02139e-05 0)
(10.1341 6.35829e-06 0)
(10.1341 6.11794e-07 0)
(10.1341 7.81238e-07 0)
(10.1341 -1.5729e-06 0)
(10.1341 4.5707e-07 0)
(10.1341 -1.59913e-06 0)
(10.1341 5.22336e-07 0)
(10.1341 -1.67453e-06 0)
(10.1341 5.52383e-07 0)
(10.1341 -1.97324e-06 0)
(10.1341 1.51822e-07 0)
(10.1341 -2.39911e-06 0)
(10.1341 -4.80168e-07 0)
(10.1341 -1.75575e-06 0)
(10.1341 -4.55346e-07 0)
(10.1341 -1.0376e-06 0)
(10.1341 3.93867e-07 0)
(10.1341 -8.70384e-07 0)
(10.1341 8.33545e-07 0)
(10.1341 -1.17944e-06 0)
(10.1341 7.9497e-07 0)
(10.1341 -1.68129e-06 0)
(10.1341 3.15352e-07 0)
(10.1341 -2.21785e-06 0)
(10.1341 -3.7242e-07 0)
(10.1341 -1.628e-06 0)
(10.1341 -4.429e-07 0)
(10.1341 -1.02468e-06 0)
(10.1341 -2.06431e-07 0)
(10.1341 -9.19802e-07 0)
(10.1341 -8.63505e-08 0)
(10.1341 -9.67272e-07 0)
(10.1341 2.4204e-08 0)
(10.1341 -9.43326e-07 0)
(10.1341 9.43595e-08 0)
(10.1342 -8.64086e-07 0)
(10.1342 9.19781e-08 0)
(10.1342 -8.04736e-07 0)
(10.1342 9.48555e-08 0)
(10.1342 -8.04043e-07 0)
(10.1342 1.73471e-07 0)
(10.1342 -8.53985e-07 0)
(10.1342 3.06371e-07 0)
(10.1342 -6.92237e-07 0)
(10.1342 2.62654e-07 0)
(10.1342 -5.98304e-07 0)
(10.1342 2.89418e-07 0)
(10.1342 -5.74511e-07 0)
(10.1342 4.43251e-07 0)
(10.1342 -2.58859e-07 0)
(10.1342 1.4662e-06 0)
(10.1342 3.07064e-06 0)
(10.1342 1.22887e-05 0)
(10.1342 4.38138e-05 0)
(10.2734 5.26205e-05 0)
(10.2734 2.58817e-05 0)
(10.2734 5.94021e-06 0)
(10.2734 6.47203e-06 0)
(10.2734 -1.82083e-06 0)
(10.2735 -1.84854e-05 0)
(10.2735 -3.40169e-05 0)
(10.2735 -1.62393e-05 0)
(10.2735 -2.43785e-05 0)
(10.2735 -2.43669e-05 0)
(10.2734 -2.16745e-05 0)
(10.2734 -1.00887e-05 0)
(10.2734 3.51259e-06 0)
(10.2734 3.41839e-05 0)
(10.2734 6.08233e-05 0)
(10.2735 5.575e-05 0)
(10.2735 4.67662e-05 0)
(10.2735 4.91731e-05 0)
(10.2736 8.58144e-06 0)
(10.2735 -2.12754e-05 0)
(10.2735 -2.44854e-05 0)
(10.2735 -1.71796e-05 0)
(10.2735 -1.99307e-05 0)
(10.2735 -1.44545e-05 0)
(10.2735 -1.39767e-05 0)
(10.2735 6.78965e-06 0)
(10.2735 1.44257e-05 0)
(10.2735 1.58419e-05 0)
(10.2734 6.72515e-06 0)
(10.2734 5.52716e-06 0)
(10.2734 1.64845e-06 0)
(10.2734 4.7158e-06 0)
(10.2734 1.12184e-05 0)
(10.2734 2.08453e-05 0)
(10.2733 2.21544e-05 0)
(10.2733 1.53995e-05 0)
(10.2733 6.87223e-06 0)
(10.2733 -6.84031e-06 0)
(10.2733 -3.41979e-05 0)
(10.2733 -6.89892e-05 0)
(10.2733 -7.5511e-05 0)
(10.2733 -5.91125e-05 0)
(10.2733 -3.59871e-05 0)
(10.2733 -7.82013e-06 0)
(10.2733 1.05134e-05 0)
(10.2733 1.09274e-05 0)
(10.2733 6.73227e-06 0)
(10.2733 7.86778e-07 0)
(10.2733 9.14126e-07 0)
(10.2733 -1.49793e-06 0)
(10.2733 5.23294e-07 0)
(10.2733 -1.57021e-06 0)
(10.2733 5.54412e-07 0)
(10.2733 -1.6787e-06 0)
(10.2733 5.57116e-07 0)
(10.2733 -2.00427e-06 0)
(10.2733 1.17398e-07 0)
(10.2733 -2.47495e-06 0)
(10.2733 -5.1933e-07 0)
(10.2733 -1.81573e-06 0)
(10.2733 -4.9096e-07 0)
(10.2733 -1.07584e-06 0)
(10.2733 3.74373e-07 0)
(10.2733 -8.99924e-07 0)
(10.2733 8.10685e-07 0)
(10.2733 -1.21911e-06 0)
(10.2733 7.66313e-07 0)
(10.2733 -1.7334e-06 0)
(10.2733 2.63339e-07 0)
(10.2733 -2.30349e-06 0)
(10.2733 -4.21053e-07 0)
(10.2733 -1.69362e-06 0)
(10.2733 -4.84108e-07 0)
(10.2733 -1.07361e-06 0)
(10.2733 -2.3765e-07 0)
(10.2733 -9.61131e-07 0)
(10.2733 -1.15391e-07 0)
(10.2733 -1.00271e-06 0)
(10.2733 -4.44403e-09 0)
(10.2733 -9.78371e-07 0)
(10.2733 6.72029e-08 0)
(10.2733 -9.00543e-07 0)
(10.2733 6.7323e-08 0)
(10.2733 -8.39515e-07 0)
(10.2733 7.36947e-08 0)
(10.2733 -8.34099e-07 0)
(10.2733 1.54165e-07 0)
(10.2733 -8.78788e-07 0)
(10.2733 2.88196e-07 0)
(10.2733 -7.19114e-07 0)
(10.2733 2.49604e-07 0)
(10.2733 -6.22079e-07 0)
(10.2733 2.7979e-07 0)
(10.2733 -5.91927e-07 0)
(10.2733 4.39569e-07 0)
(10.2733 -2.6231e-07 0)
(10.2733 1.49926e-06 0)
(10.2733 3.16716e-06 0)
(10.2733 1.26929e-05 0)
(10.2733 4.34317e-05 0)
(10.3959 5.18394e-05 0)
(10.3959 2.60297e-05 0)
(10.3959 5.671e-06 0)
(10.3959 4.91862e-06 0)
(10.3959 -3.28494e-06 0)
(10.396 -1.93872e-05 0)
(10.396 -3.45154e-05 0)
(10.396 -1.67189e-05 0)
(10.396 -2.35686e-05 0)
(10.3959 -2.31243e-05 0)
(10.3959 -2.07077e-05 0)
(10.3959 -9.57741e-06 0)
(10.3959 4.09746e-06 0)
(10.3959 3.38417e-05 0)
(10.3959 5.94501e-05 0)
(10.396 5.5001e-05 0)
(10.396 4.62467e-05 0)
(10.396 4.77041e-05 0)
(10.3961 8.66902e-06 0)
(10.396 -1.94667e-05 0)
(10.396 -2.37846e-05 0)
(10.396 -1.783e-05 0)
(10.396 -2.09602e-05 0)
(10.396 -1.527e-05 0)
(10.396 -1.43939e-05 0)
(10.396 7.25957e-06 0)
(10.396 1.53974e-05 0)
(10.396 1.675e-05 0)
(10.396 7.191e-06 0)
(10.3959 6.01449e-06 0)
(10.3959 1.88274e-06 0)
(10.3959 5.10767e-06 0)
(10.3959 1.18914e-05 0)
(10.3959 2.20077e-05 0)
(10.3959 2.30594e-05 0)
(10.3958 1.6008e-05 0)
(10.3958 7.10765e-06 0)
(10.3958 -7.04874e-06 0)
(10.3958 -3.52252e-05 0)
(10.3958 -6.95901e-05 0)
(10.3958 -7.53286e-05 0)
(10.3958 -5.91576e-05 0)
(10.3958 -3.62247e-05 0)
(10.3958 -7.55732e-06 0)
(10.3958 1.13529e-05 0)
(10.3958 1.15555e-05 0)
(10.3958 7.0428e-06 0)
(10.3958 9.3514e-07 0)
(10.3958 1.01412e-06 0)
(10.3958 -1.42365e-06 0)
(10.3958 5.71242e-07 0)
(10.3958 -1.53114e-06 0)
(10.3958 5.74656e-07 0)
(10.3958 -1.6677e-06 0)
(10.3958 5.51321e-07 0)
(10.3958 -2.01595e-06 0)
(10.3958 7.63316e-08 0)
(10.3958 -2.52951e-06 0)
(10.3958 -5.58875e-07 0)
(10.3958 -1.86052e-06 0)
(10.3958 -5.26201e-07 0)
(10.3958 -1.10466e-06 0)
(10.3958 3.49437e-07 0)
(10.3958 -9.18756e-07 0)
(10.3958 7.7933e-07 0)
(10.3958 -1.24411e-06 0)
(10.3958 7.28773e-07 0)
(10.3958 -1.76774e-06 0)
(10.3958 2.05389e-07 0)
(10.3958 -2.36802e-06 0)
(10.3958 -4.6937e-07 0)
(10.3958 -1.74379e-06 0)
(10.3958 -5.23533e-07 0)
(10.3958 -1.11205e-06 0)
(10.3958 -2.68049e-07 0)
(10.3958 -9.9159e-07 0)
(10.3958 -1.43857e-07 0)
(10.3958 -1.0276e-06 0)
(10.3958 -3.34341e-08 0)
(10.3958 -1.0025e-06 0)
(10.3958 3.87451e-08 0)
(10.3958 -9.26462e-07 0)
(10.3958 4.17574e-08 0)
(10.3958 -8.64227e-07 0)
(10.3958 5.14901e-08 0)
(10.3958 -8.54726e-07 0)
(10.3958 1.33389e-07 0)
(10.3958 -8.93779e-07 0)
(10.3958 2.67433e-07 0)
(10.3958 -7.3784e-07 0)
(10.3958 2.33709e-07 0)
(10.3958 -6.38229e-07 0)
(10.3958 2.66769e-07 0)
(10.3958 -6.02256e-07 0)
(10.3958 4.31547e-07 0)
(10.3958 -2.60745e-07 0)
(10.3958 1.5214e-06 0)
(10.3958 3.2592e-06 0)
(10.3958 1.30687e-05 0)
(10.3958 4.29983e-05 0)
(10.504 5.1085e-05 0)
(10.504 2.62848e-05 0)
(10.504 5.49089e-06 0)
(10.504 3.4506e-06 0)
(10.504 -4.67437e-06 0)
(10.5041 -2.02857e-05 0)
(10.5041 -3.49214e-05 0)
(10.5041 -1.70667e-05 0)
(10.5041 -2.26707e-05 0)
(10.504 -2.19647e-05 0)
(10.504 -1.98397e-05 0)
(10.504 -9.16944e-06 0)
(10.504 4.54286e-06 0)
(10.504 3.33821e-05 0)
(10.504 5.80354e-05 0)
(10.5041 5.41682e-05 0)
(10.5041 4.56695e-05 0)
(10.5041 4.62748e-05 0)
(10.5042 8.78402e-06 0)
(10.5041 -1.76612e-05 0)
(10.5041 -2.30167e-05 0)
(10.5041 -1.84232e-05 0)
(10.5041 -2.18973e-05 0)
(10.5041 -1.60759e-05 0)
(10.5041 -1.48281e-05 0)
(10.5041 7.64126e-06 0)
(10.5041 1.63097e-05 0)
(10.5041 1.75759e-05 0)
(10.5041 7.62356e-06 0)
(10.504 6.45348e-06 0)
(10.504 2.10491e-06 0)
(10.504 5.46552e-06 0)
(10.504 1.25427e-05 0)
(10.504 2.31135e-05 0)
(10.504 2.39277e-05 0)
(10.5039 1.6607e-05 0)
(10.5039 7.34166e-06 0)
(10.5039 -7.21713e-06 0)
(10.5039 -3.61199e-05 0)
(10.5039 -7.00867e-05 0)
(10.5039 -7.51402e-05 0)
(10.5039 -5.91961e-05 0)
(10.5039 -3.64234e-05 0)
(10.5039 -7.31516e-06 0)
(10.5039 1.21377e-05 0)
(10.5039 1.21273e-05 0)
(10.5039 7.30453e-06 0)
(10.5039 1.05975e-06 0)
(10.5039 1.0845e-06 0)
(10.5039 -1.35372e-06 0)
(10.5039 6.01502e-07 0)
(10.5039 -1.4863e-06 0)
(10.5039 5.82373e-07 0)
(10.5039 -1.64662e-06 0)
(10.5039 5.36438e-07 0)
(10.5039 -2.01437e-06 0)
(10.5039 3.02421e-08 0)
(10.5039 -2.56765e-06 0)
(10.5039 -5.98581e-07 0)
(10.5039 -1.89264e-06 0)
(10.5039 -5.60698e-07 0)
(10.5039 -1.12562e-06 0)
(10.5039 3.2123e-07 0)
(10.5039 -9.28505e-07 0)
(10.5039 7.42729e-07 0)
(10.5039 -1.25695e-06 0)
(10.5039 6.85704e-07 0)
(10.5039 -1.78719e-06 0)
(10.5039 1.44798e-07 0)
(10.5039 -2.41469e-06 0)
(10.5039 -5.15858e-07 0)
(10.5039 -1.77965e-06 0)
(10.5039 -5.60076e-07 0)
(10.5039 -1.14079e-06 0)
(10.5039 -2.96476e-07 0)
(10.5039 -1.01192e-06 0)
(10.5039 -1.70645e-07 0)
(10.5039 -1.04268e-06 0)
(10.5039 -6.07914e-08 0)
(10.5039 -1.01719e-06 0)
(10.5039 1.17906e-08 0)
(10.5039 -9.4268e-07 0)
(10.5039 1.74258e-08 0)
(10.5039 -8.79743e-07 0)
(10.5039 3.01492e-08 0)
(10.5039 -8.66606e-07 0)
(10.5039 1.13033e-07 0)
(10.5039 -9.00176e-07 0)
(10.5039 2.46626e-07 0)
(10.5039 -7.49338e-07 0)
(10.5039 2.16895e-07 0)
(10.5039 -6.47826e-07 0)
(10.5039 2.51757e-07 0)
(10.5039 -6.06622e-07 0)
(10.5039 4.20667e-07 0)
(10.5039 -2.5518e-07 0)
(10.5039 1.53671e-06 0)
(10.5039 3.34647e-06 0)
(10.5039 1.34071e-05 0)
(10.5039 4.25181e-05 0)
(10.5994 5.03753e-05 0)
(10.5994 2.6621e-05 0)
(10.5994 5.39341e-06 0)
(10.5994 2.08412e-06 0)
(10.5994 -5.97685e-06 0)
(10.5995 -2.11704e-05 0)
(10.5995 -3.52763e-05 0)
(10.5995 -1.73163e-05 0)
(10.5995 -2.16982e-05 0)
(10.5994 -2.08678e-05 0)
(10.5994 -1.90561e-05 0)
(10.5994 -8.8386e-06 0)
(10.5994 4.875e-06 0)
(10.5994 3.28376e-05 0)
(10.5995 5.66083e-05 0)
(10.5995 5.32897e-05 0)
(10.5995 4.50427e-05 0)
(10.5996 4.49393e-05 0)
(10.5996 8.89002e-06 0)
(10.5995 -1.59227e-05 0)
(10.5995 -2.22386e-05 0)
(10.5995 -1.89958e-05 0)
(10.5995 -2.27723e-05 0)
(10.5995 -1.68834e-05 0)
(10.5995 -1.5285e-05 0)
(10.5996 7.94485e-06 0)
(10.5995 1.71695e-05 0)
(10.5995 1.83237e-05 0)
(10.5995 8.02221e-06 0)
(10.5995 6.83453e-06 0)
(10.5995 2.31315e-06 0)
(10.5995 5.80887e-06 0)
(10.5995 1.3149e-05 0)
(10.5994 2.41662e-05 0)
(10.5994 2.47646e-05 0)
(10.5994 1.71941e-05 0)
(10.5994 7.57313e-06 0)
(10.5994 -7.35469e-06 0)
(10.5994 -3.6897e-05 0)
(10.5994 -7.0487e-05 0)
(10.5994 -7.49221e-05 0)
(10.5994 -5.92224e-05 0)
(10.5994 -3.66063e-05 0)
(10.5994 -7.07626e-06 0)
(10.5994 1.28887e-05 0)
(10.5994 1.266e-05 0)
(10.5993 7.52669e-06 0)
(10.5993 1.16399e-06 0)
(10.5993 1.12835e-06 0)
(10.5993 -1.28981e-06 0)
(10.5993 6.15207e-07 0)
(10.5993 -1.43937e-06 0)
(10.5993 5.77644e-07 0)
(10.5993 -1.62002e-06 0)
(10.5993 5.12808e-07 0)
(10.5993 -2.00329e-06 0)
(10.5993 -2.03571e-08 0)
(10.5993 -2.59344e-06 0)
(10.5993 -6.38434e-07 0)
(10.5993 -1.91445e-06 0)
(10.5993 -5.94286e-07 0)
(10.5993 -1.13988e-06 0)
(10.5993 2.91097e-07 0)
(10.5993 -9.3035e-07 0)
(10.5993 7.02873e-07 0)
(10.5993 -1.25969e-06 0)
(10.5993 6.39872e-07 0)
(10.5993 -1.79248e-06 0)
(10.5993 8.3459e-08 0)
(10.5993 -2.44528e-06 0)
(10.5993 -5.58893e-07 0)
(10.5993 -1.8021e-06 0)
(10.5993 -5.92665e-07 0)
(10.5993 -1.16019e-06 0)
(10.5994 -3.21657e-07 0)
(10.5994 -1.02278e-06 0)
(10.5994 -1.9444e-07 0)
(10.5994 -1.04813e-06 0)
(10.5994 -8.50022e-08 0)
(10.5994 -1.0223e-06 0)
(10.5994 -1.25541e-08 0)
(10.5994 -9.49904e-07 0)
(10.5994 -4.89181e-09 0)
(10.5994 -8.86749e-07 0)
(10.5994 1.05284e-08 0)
(10.5994 -8.70203e-07 0)
(10.5994 9.40557e-08 0)
(10.5994 -8.98291e-07 0)
(10.5994 2.26296e-07 0)
(10.5994 -7.53818e-07 0)
(10.5994 1.99878e-07 0)
(10.5994 -6.5178e-07 0)
(10.5994 2.3607e-07 0)
(10.5994 -6.05617e-07 0)
(10.5994 4.07808e-07 0)
(10.5994 -2.46102e-07 0)
(10.5994 1.54817e-06 0)
(10.5994 3.4276e-06 0)
(10.5994 1.36985e-05 0)
(10.5994 4.20101e-05 0)
(10.6835 4.97198e-05 0)
(10.6835 2.70189e-05 0)
(10.6835 5.37384e-06 0)
(10.6835 8.21043e-07 0)
(10.6835 -7.19999e-06 0)
(10.6836 -2.20338e-05 0)
(10.6836 -3.55938e-05 0)
(10.6836 -1.74862e-05 0)
(10.6836 -2.06653e-05 0)
(10.6835 -1.98189e-05 0)
(10.6835 -1.83422e-05 0)
(10.6835 -8.56725e-06 0)
(10.6835 5.11462e-06 0)
(10.6835 3.2233e-05 0)
(10.6835 5.51865e-05 0)
(10.6836 5.23817e-05 0)
(10.6836 4.43722e-05 0)
(10.6836 4.36455e-05 0)
(10.6837 9.05553e-06 0)
(10.6836 -1.42778e-05 0)
(10.6836 -2.14799e-05 0)
(10.6836 -1.95654e-05 0)
(10.6836 -2.36061e-05 0)
(10.6836 -1.76966e-05 0)
(10.6836 -1.57655e-05 0)
(10.6836 8.1825e-06 0)
(10.6836 1.79819e-05 0)
(10.6836 1.89999e-05 0)
(10.6836 8.38272e-06 0)
(10.6836 7.1585e-06 0)
(10.6836 2.50159e-06 0)
(10.6836 6.11689e-06 0)
(10.6836 1.37203e-05 0)
(10.6835 2.51761e-05 0)
(10.6835 2.55737e-05 0)
(10.6835 1.77682e-05 0)
(10.6835 7.80104e-06 0)
(10.6835 -7.46929e-06 0)
(10.6835 -3.75735e-05 0)
(10.6835 -7.08088e-05 0)
(10.6835 -7.46915e-05 0)
(10.6835 -5.92521e-05 0)
(10.6835 -3.67784e-05 0)
(10.6835 -6.83334e-06 0)
(10.6835 1.3622e-05 0)
(10.6835 1.31637e-05 0)
(10.6835 7.7187e-06 0)
(10.6834 1.25028e-06 0)
(10.6834 1.14962e-06 0)
(10.6834 -1.23332e-06 0)
(10.6834 6.13929e-07 0)
(10.6834 -1.39399e-06 0)
(10.6834 5.61584e-07 0)
(10.6834 -1.59197e-06 0)
(10.6834 4.81116e-07 0)
(10.6834 -1.98608e-06 0)
(10.6834 -7.49904e-08 0)
(10.6834 -2.61001e-06 0)
(10.6834 -6.78318e-07 0)
(10.6834 -1.9283e-06 0)
(10.6834 -6.26647e-07 0)
(10.6834 -1.14849e-06 0)
(10.6834 2.60447e-07 0)
(10.6834 -9.25527e-07 0)
(10.6834 6.6214e-07 0)
(10.6835 -1.25375e-06 0)
(10.6835 5.9408e-07 0)
(10.6835 -1.78504e-06 0)
(10.6835 2.36644e-08 0)
(10.6835 -2.46169e-06 0)
(10.6835 -5.96998e-07 0)
(10.6835 -1.81189e-06 0)
(10.6835 -6.20583e-07 0)
(10.6835 -1.17046e-06 0)
(10.6835 -3.42797e-07 0)
(10.6835 -1.02466e-06 0)
(10.6835 -2.14072e-07 0)
(10.6835 -1.04458e-06 0)
(10.6835 -1.04792e-07 0)
(10.6835 -1.01861e-06 0)
(10.6835 -3.26437e-08 0)
(10.6835 -9.48853e-07 0)
(10.6835 -2.33956e-08 0)
(10.6835 -8.85907e-07 0)
(10.6835 -5.68347e-09 0)
(10.6835 -8.66293e-07 0)
(10.6835 7.7933e-08 0)
(10.6835 -8.88959e-07 0)
(10.6835 2.07572e-07 0)
(10.6835 -7.51784e-07 0)
(10.6835 1.83749e-07 0)
(10.6835 -6.50464e-07 0)
(10.6835 2.20835e-07 0)
(10.6835 -6.00007e-07 0)
(10.6835 3.93897e-07 0)
(10.6835 -2.3421e-07 0)
(10.6835 1.55669e-06 0)
(10.6835 3.50256e-06 0)
(10.6835 1.39457e-05 0)
(10.6835 4.1484e-05 0)
(10.7573 4.91207e-05 0)
(10.7573 2.7467e-05 0)
(10.7573 5.42079e-06 0)
(10.7573 -3.45727e-07 0)
(10.7573 -8.35021e-06 0)
(10.7574 -2.28693e-05 0)
(10.7574 -3.58779e-05 0)
(10.7574 -1.75887e-05 0)
(10.7574 -1.95861e-05 0)
(10.7573 -1.88049e-05 0)
(10.7573 -1.76848e-05 0)
(10.7573 -8.34116e-06 0)
(10.7573 5.2787e-06 0)
(10.7573 3.15882e-05 0)
(10.7574 5.37813e-05 0)
(10.7574 5.14527e-05 0)
(10.7574 4.36625e-05 0)
(10.7575 4.23898e-05 0)
(10.7575 9.29072e-06 0)
(10.7574 -1.27196e-05 0)
(10.7574 -2.07625e-05 0)
(10.7574 -2.01344e-05 0)
(10.7574 -2.44073e-05 0)
(10.7574 -1.8517e-05 0)
(10.7575 -1.6264e-05 0)
(10.7575 8.36381e-06 0)
(10.7575 1.87545e-05 0)
(10.7574 1.96106e-05 0)
(10.7574 8.70362e-06 0)
(10.7574 7.42834e-06 0)
(10.7574 2.66577e-06 0)
(10.7574 6.38267e-06 0)
(10.7574 1.42566e-05 0)
(10.7574 2.61428e-05 0)
(10.7574 2.63594e-05 0)
(10.7573 1.83267e-05 0)
(10.7573 8.02389e-06 0)
(10.7573 -7.56649e-06 0)
(10.7573 -3.81671e-05 0)
(10.7573 -7.10719e-05 0)
(10.7573 -7.4431e-05 0)
(10.7573 -5.93008e-05 0)
(10.7573 -3.6946e-05 0)
(10.7573 -6.58224e-06 0)
(10.7573 1.43476e-05 0)
(10.7573 1.36471e-05 0)
(10.7573 7.88836e-06 0)
(10.7573 1.32163e-06 0)
(10.7573 1.15221e-06 0)
(10.7573 -1.18519e-06 0)
(10.7573 5.98824e-07 0)
(10.7573 -1.35289e-06 0)
(10.7573 5.34416e-07 0)
(10.7573 -1.5652e-06 0)
(10.7573 4.41606e-07 0)
(10.7573 -1.96529e-06 0)
(10.7573 -1.33393e-07 0)
(10.7573 -2.61984e-06 0)
(10.7573 -7.18216e-07 0)
(10.7573 -1.93586e-06 0)
(10.7573 -6.57611e-07 0)
(10.7573 -1.15231e-06 0)
(10.7573 2.30108e-07 0)
(10.7573 -9.14718e-07 0)
(10.7573 6.22202e-07 0)
(10.7573 -1.23982e-06 0)
(10.7573 5.50086e-07 0)
(10.7573 -1.76653e-06 0)
(10.7573 -3.26617e-08 0)
(10.7573 -2.46559e-06 0)
(10.7573 -6.29712e-07 0)
(10.7573 -1.80999e-06 0)
(10.7573 -6.43058e-07 0)
(10.7573 -1.17167e-06 0)
(10.7573 -3.59024e-07 0)
(10.7573 -1.01775e-06 0)
(10.7573 -2.28304e-07 0)
(10.7573 -1.03212e-06 0)
(10.7573 -1.19677e-07 0)
(10.7573 -1.00651e-06 0)
(10.7573 -4.81183e-08 0)
(10.7573 -9.40047e-07 0)
(10.7573 -3.7522e-08 0)
(10.7573 -8.7765e-07 0)
(10.7573 -1.79631e-08 0)
(10.7573 -8.55113e-07 0)
(10.7573 6.51118e-08 0)
(10.7573 -8.72855e-07 0)
(10.7573 1.90783e-07 0)
(10.7573 -7.44283e-07 0)
(10.7573 1.69276e-07 0)
(10.7573 -6.44582e-07 0)
(10.7573 2.06506e-07 0)
(10.7573 -5.90349e-07 0)
(10.7573 3.79695e-07 0)
(10.7573 -2.19944e-07 0)
(10.7573 1.56175e-06 0)
(10.7573 3.57247e-06 0)
(10.7573 1.41518e-05 0)
(10.7573 4.09471e-05 0)
(10.8217 4.85725e-05 0)
(10.8217 2.79602e-05 0)
(10.8217 5.52916e-06 0)
(10.8217 -1.43538e-06 0)
(10.8218 -9.4358e-06 0)
(10.8218 -2.36736e-05 0)
(10.8218 -3.61341e-05 0)
(10.8218 -1.76259e-05 0)
(10.8218 -1.84722e-05 0)
(10.8218 -1.78147e-05 0)
(10.8217 -1.70713e-05 0)
(10.8217 -8.151e-06 0)
(10.8217 5.38194e-06 0)
(10.8217 3.09159e-05 0)
(10.8218 5.23975e-05 0)
(10.8218 5.05074e-05 0)
(10.8218 4.29212e-05 0)
(10.8219 4.11643e-05 0)
(10.8219 9.55578e-06 0)
(10.8219 -1.12149e-05 0)
(10.8218 -2.00872e-05 0)
(10.8218 -2.0704e-05 0)
(10.8218 -2.5175e-05 0)
(10.8219 -1.93392e-05 0)
(10.8219 -1.678e-05 0)
(10.8219 8.4984e-06 0)
(10.8219 1.94944e-05 0)
(10.8219 2.01621e-05 0)
(10.8218 8.98404e-06 0)
(10.8218 7.64753e-06 0)
(10.8218 2.80248e-06 0)
(10.8218 6.60488e-06 0)
(10.8218 1.47575e-05 0)
(10.8218 2.70651e-05 0)
(10.8218 2.71236e-05 0)
(10.8218 1.88688e-05 0)
(10.8217 8.24051e-06 0)
(10.8217 -7.64844e-06 0)
(10.8217 -3.86936e-05 0)
(10.8217 -7.12915e-05 0)
(10.8217 -7.41697e-05 0)
(10.8217 -5.93367e-05 0)
(10.8217 -3.7115e-05 0)
(10.8217 -6.32101e-06 0)
(10.8217 1.50726e-05 0)
(10.8217 1.41181e-05 0)
(10.8217 8.04111e-06 0)
(10.8217 1.3805e-06 0)
(10.8217 1.13951e-06 0)
(10.8217 -1.14629e-06 0)
(10.8217 5.71173e-07 0)
(10.8217 -1.31842e-06 0)
(10.8217 4.96828e-07 0)
(10.8217 -1.54182e-06 0)
(10.8217 3.94839e-07 0)
(10.8217 -1.94322e-06 0)
(10.8217 -1.95028e-07 0)
(10.8217 -2.62483e-06 0)
(10.8217 -7.5806e-07 0)
(10.8217 -1.93861e-06 0)
(10.8217 -6.86888e-07 0)
(10.8217 -1.15216e-06 0)
(10.8217 2.01213e-07 0)
(10.8217 -8.98597e-07 0)
(10.8217 5.8474e-07 0)
(10.8217 -1.21892e-06 0)
(10.8217 5.09256e-07 0)
(10.8217 -1.73871e-06 0)
(10.8217 -8.38447e-08 0)
(10.8217 -2.45831e-06 0)
(10.8217 -6.56131e-07 0)
(10.8217 -1.79781e-06 0)
(10.8217 -6.59301e-07 0)
(10.8217 -1.16366e-06 0)
(10.8217 -3.69993e-07 0)
(10.8217 -1.00292e-06 0)
(10.8217 -2.37068e-07 0)
(10.8217 -1.01151e-06 0)
(10.8217 -1.29191e-07 0)
(10.8217 -9.86909e-07 0)
(10.8217 -5.83607e-08 0)
(10.8217 -9.24149e-07 0)
(10.8217 -4.67227e-08 0)
(10.8217 -8.62712e-07 0)
(10.8217 -2.57931e-08 0)
(10.8217 -8.37365e-07 0)
(10.8217 5.64022e-08 0)
(10.8217 -8.50817e-07 0)
(10.8217 1.77067e-07 0)
(10.8217 -7.31693e-07 0)
(10.8217 1.57319e-07 0)
(10.8217 -6.34454e-07 0)
(10.8217 1.93615e-07 0)
(10.8217 -5.7729e-07 0)
(10.8217 3.65767e-07 0)
(10.8217 -2.03872e-07 0)
(10.8217 1.56403e-06 0)
(10.8217 3.63733e-06 0)
(10.8217 1.43206e-05 0)
(10.8217 4.04045e-05 0)
(10.8774 4.80548e-05 0)
(10.8774 2.84949e-05 0)
(10.8774 5.69463e-06 0)
(10.8774 -2.47277e-06 0)
(10.8775 -1.04675e-05 0)
(10.8775 -2.44462e-05 0)
(10.8775 -3.6368e-05 0)
(10.8775 -1.75941e-05 0)
(10.8775 -1.73341e-05 0)
(10.8774 -1.68403e-05 0)
(10.8774 -1.64903e-05 0)
(10.8774 -7.98995e-06 0)
(10.8774 5.43584e-06 0)
(10.8774 3.02241e-05 0)
(10.8775 5.1037e-05 0)
(10.8775 4.95479e-05 0)
(10.8775 4.21586e-05 0)
(10.8776 3.99642e-05 0)
(10.8776 9.83308e-06 0)
(10.8776 -9.75984e-06 0)
(10.8775 -1.94493e-05 0)
(10.8775 -2.12731e-05 0)
(10.8775 -2.59098e-05 0)
(10.8776 -2.01594e-05 0)
(10.8776 -1.73134e-05 0)
(10.8776 8.59443e-06 0)
(10.8776 2.02096e-05 0)
(10.8776 2.06605e-05 0)
(10.8775 9.22551e-06 0)
(10.8775 7.81818e-06 0)
(10.8775 2.91109e-06 0)
(10.8775 6.78206e-06 0)
(10.8775 1.5222e-05 0)
(10.8775 2.79454e-05 0)
(10.8775 2.78669e-05 0)
(10.8775 1.93931e-05 0)
(10.8774 8.44975e-06 0)
(10.8774 -7.71615e-06 0)
(10.8775 -3.91665e-05 0)
(10.8774 -7.14776e-05 0)
(10.8774 -7.39413e-05 0)
(10.8774 -5.93268e-05 0)
(10.8774 -3.72999e-05 0)
(10.8774 -6.04459e-06 0)
(10.8774 1.58021e-05 0)
(10.8774 1.45829e-05 0)
(10.8774 8.18047e-06 0)
(10.8774 1.42941e-06 0)
(10.8774 1.11405e-06 0)
(10.8774 -1.11662e-06 0)
(10.8774 5.32189e-07 0)
(10.8774 -1.29229e-06 0)
(10.8774 4.49617e-07 0)
(10.8774 -1.52307e-06 0)
(10.8774 3.41233e-07 0)
(10.8774 -1.92139e-06 0)
(10.8774 -2.59459e-07 0)
(10.8774 -2.62622e-06 0)
(10.8774 -7.97641e-07 0)
(10.8774 -1.93745e-06 0)
(10.8774 -7.14221e-07 0)
(10.8774 -1.14833e-06 0)
(10.8774 1.74577e-07 0)
(10.8774 -8.77582e-07 0)
(10.8774 5.50771e-07 0)
(10.8774 -1.19158e-06 0)
(10.8774 4.72308e-07 0)
(10.8774 -1.70224e-06 0)
(10.8774 -1.28745e-07 0)
(10.8774 -2.44055e-06 0)
(10.8774 -6.7577e-07 0)
(10.8774 -1.77688e-06 0)
(10.8774 -6.68798e-07 0)
(10.8774 -1.14747e-06 0)
(10.8774 -3.74648e-07 0)
(10.8774 -9.80431e-07 0)
(10.8774 -2.397e-07 0)
(10.8774 -9.83586e-07 0)
(10.8774 -1.33115e-07 0)
(10.8774 -9.59638e-07 0)
(10.8774 -6.36002e-08 0)
(10.8774 -9.00965e-07 0)
(10.8774 -5.08084e-08 0)
(10.8774 -8.40835e-07 0)
(10.8774 -2.87597e-08 0)
(10.8774 -8.13441e-07 0)
(10.8774 5.17513e-08 0)
(10.8774 -8.23222e-07 0)
(10.8774 1.66352e-07 0)
(10.8774 -7.14276e-07 0)
(10.8774 1.47891e-07 0)
(10.8774 -6.20452e-07 0)
(10.8774 1.82605e-07 0)
(10.8774 -5.61072e-07 0)
(10.8774 3.52522e-07 0)
(10.8774 -1.86343e-07 0)
(10.8774 1.56393e-06 0)
(10.8774 3.69697e-06 0)
(10.8774 1.44544e-05 0)
(10.8774 3.98579e-05 0)
(10.925 4.75639e-05 0)
(10.925 2.90583e-05 0)
(10.925 5.91202e-06 0)
(10.925 -3.45954e-06 0)
(10.925 -1.14605e-05 0)
(10.9251 -2.5187e-05 0)
(10.9251 -3.65881e-05 0)
(10.9251 -1.74948e-05 0)
(10.925 -1.61711e-05 0)
(10.925 -1.5877e-05 0)
(10.925 -1.59334e-05 0)
(10.925 -7.85161e-06 0)
(10.925 5.44904e-06 0)
(10.925 2.95193e-05 0)
(10.925 4.97004e-05 0)
(10.9251 4.8575e-05 0)
(10.9251 4.1383e-05 0)
(10.9251 3.87882e-05 0)
(10.9251 1.01124e-05 0)
(10.9251 -8.35087e-06 0)
(10.9251 -1.88348e-05 0)
(10.9251 -2.18372e-05 0)
(10.9251 -2.66189e-05 0)
(10.9251 -2.09735e-05 0)
(10.9251 -1.7865e-05 0)
(10.9252 8.65921e-06 0)
(10.9251 2.09062e-05 0)
(10.9251 2.1112e-05 0)
(10.9251 9.42948e-06 0)
(10.9251 7.94415e-06 0)
(10.9251 2.99093e-06 0)
(10.9251 6.91427e-06 0)
(10.9251 1.56504e-05 0)
(10.9251 2.87856e-05 0)
(10.9251 2.85907e-05 0)
(10.925 1.98998e-05 0)
(10.925 8.65106e-06 0)
(10.925 -7.77173e-06 0)
(10.925 -3.95945e-05 0)
(10.925 -7.16348e-05 0)
(10.925 -7.37433e-05 0)
(10.925 -5.92762e-05 0)
(10.925 -3.7507e-05 0)
(10.925 -5.759e-06 0)
(10.925 1.65394e-05 0)
(10.925 1.50457e-05 0)
(10.925 8.30942e-06 0)
(10.925 1.4701e-06 0)
(10.925 1.07815e-06 0)
(10.925 -1.09598e-06 0)
(10.925 4.83277e-07 0)
(10.925 -1.27587e-06 0)
(10.925 3.94193e-07 0)
(10.925 -1.50996e-06 0)
(10.925 2.81545e-07 0)
(10.925 -1.90086e-06 0)
(10.925 -3.26152e-07 0)
(10.925 -2.62531e-06 0)
(10.925 -8.36486e-07 0)
(10.925 -1.93296e-06 0)
(10.925 -7.39222e-07 0)
(10.925 -1.14098e-06 0)
(10.925 1.51087e-07 0)
(10.925 -8.52174e-07 0)
(10.925 5.20889e-07 0)
(10.925 -1.15808e-06 0)
(10.925 4.40376e-07 0)
(10.925 -1.65731e-06 0)
(10.925 -1.66745e-07 0)
(10.925 -2.41303e-06 0)
(10.925 -6.88313e-07 0)
(10.925 -1.7479e-06 0)
(10.925 -6.7124e-07 0)
(10.925 -1.12408e-06 0)
(10.925 -3.72389e-07 0)
(10.925 -9.50563e-07 0)
(10.925 -2.36184e-07 0)
(10.925 -9.48449e-07 0)
(10.925 -1.31435e-07 0)
(10.925 -9.25371e-07 0)
(10.925 -6.33231e-08 0)
(10.925 -8.70661e-07 0)
(10.925 -4.95255e-08 0)
(10.925 -8.12346e-07 0)
(10.925 -2.66172e-08 0)
(10.925 -7.83788e-07 0)
(10.925 5.13539e-08 0)
(10.925 -7.90788e-07 0)
(10.925 1.59172e-07 0)
(10.925 -6.92565e-07 0)
(10.925 1.41401e-07 0)
(10.925 -6.02964e-07 0)
(10.925 1.73778e-07 0)
(10.925 -5.42136e-07 0)
(10.925 3.40321e-07 0)
(10.925 -1.67738e-07 0)
(10.925 1.56189e-06 0)
(10.925 3.75114e-06 0)
(10.925 1.45558e-05 0)
(10.925 3.93082e-05 0)
(10.9649 4.71338e-05 0)
(10.9649 2.96073e-05 0)
(10.9649 6.18465e-06 0)
(10.9649 -4.39184e-06 0)
(10.965 -1.24153e-05 0)
(10.965 -2.58959e-05 0)
(10.965 -3.68008e-05 0)
(10.965 -1.73355e-05 0)
(10.965 -1.49799e-05 0)
(10.9649 -1.49192e-05 0)
(10.9649 -1.5396e-05 0)
(10.9649 -7.73019e-06 0)
(10.9649 5.42834e-06 0)
(10.9649 2.88063e-05 0)
(10.965 4.8388e-05 0)
(10.965 4.7589e-05 0)
(10.965 4.05992e-05 0)
(10.9651 3.76354e-05 0)
(10.9651 1.03886e-05 0)
(10.965 -6.98158e-06 0)
(10.965 -1.82317e-05 0)
(10.965 -2.24025e-05 0)
(10.965 -2.73024e-05 0)
(10.965 -2.17774e-05 0)
(10.9651 -1.84349e-05 0)
(10.9651 8.69928e-06 0)
(10.9651 2.15897e-05 0)
(10.965 2.15215e-05 0)
(10.965 9.59705e-06 0)
(10.965 8.03063e-06 0)
(10.965 3.04257e-06 0)
(10.965 7.00205e-06 0)
(10.965 1.60416e-05 0)
(10.965 2.95877e-05 0)
(10.965 2.92961e-05 0)
(10.965 2.03891e-05 0)
(10.965 8.84406e-06 0)
(10.965 -7.82091e-06 0)
(10.965 -3.99806e-05 0)
(10.965 -7.17729e-05 0)
(10.965 -7.35701e-05 0)
(10.965 -5.92517e-05 0)
(10.965 -3.77212e-05 0)
(10.965 -5.46872e-06 0)
(10.9649 1.72869e-05 0)
(10.9649 1.55092e-05 0)
(10.9649 8.43046e-06 0)
(10.9649 1.50414e-06 0)
(10.9649 1.03392e-06 0)
(10.9649 -1.08392e-06 0)
(10.9649 4.25955e-07 0)
(10.9649 -1.26872e-06 0)
(10.9649 3.30851e-07 0)
(10.9649 -1.50292e-06 0)
(10.9649 2.16655e-07 0)
(10.9649 -1.88203e-06 0)
(10.9649 -3.94432e-07 0)
(10.9649 -2.62273e-06 0)
(10.9649 -8.73994e-07 0)
(10.9649 -1.92532e-06 0)
(10.9649 -7.61508e-07 0)
(10.9649 -1.13021e-06 0)
(10.9649 1.31527e-07 0)
(10.9649 -8.22201e-07 0)
(10.9649 4.95378e-07 0)
(10.9649 -1.11879e-06 0)
(10.9649 4.13775e-07 0)
(10.9649 -1.60445e-06 0)
(10.9649 -1.97424e-07 0)
(10.9649 -2.37658e-06 0)
(10.9649 -6.94038e-07 0)
(10.9649 -1.71043e-06 0)
(10.9649 -6.66956e-07 0)
(10.9649 -1.09359e-06 0)
(10.9649 -3.63014e-07 0)
(10.9649 -9.13918e-07 0)
(10.9649 -2.26248e-07 0)
(10.9649 -9.06388e-07 0)
(10.9649 -1.23766e-07 0)
(10.9649 -8.84743e-07 0)
(10.9649 -5.75365e-08 0)
(10.9649 -8.34497e-07 0)
(10.9649 -4.30301e-08 0)
(10.9649 -7.78465e-07 0)
(10.9649 -1.94905e-08 0)
(10.9649 -7.4885e-07 0)
(10.9649 5.52902e-08 0)
(10.9649 -7.53668e-07 0)
(10.9649 1.54946e-07 0)
(10.9649 -6.66876e-07 0)
(10.9649 1.3768e-07 0)
(10.9649 -5.82309e-07 0)
(10.9649 1.67256e-07 0)
(10.9649 -5.20977e-07 0)
(10.9649 3.2933e-07 0)
(10.9649 -1.48333e-07 0)
(10.9649 1.55815e-06 0)
(10.9649 3.79946e-06 0)
(10.9649 1.46267e-05 0)
(10.9649 3.87551e-05 0)
(10.9976 4.67472e-05 0)
(10.9976 3.01456e-05 0)
(10.9976 6.50838e-06 0)
(10.9976 -5.27951e-06 0)
(10.9976 -1.33313e-05 0)
(10.9977 -2.65737e-05 0)
(10.9977 -3.70103e-05 0)
(10.9977 -1.71262e-05 0)
(10.9976 -1.37528e-05 0)
(10.9976 -1.39636e-05 0)
(10.9976 -1.48756e-05 0)
(10.9976 -7.62177e-06 0)
(10.9976 5.37773e-06 0)
(10.9976 2.80877e-05 0)
(10.9976 4.70988e-05 0)
(10.9977 4.65912e-05 0)
(10.9977 3.98085e-05 0)
(10.9977 3.65045e-05 0)
(10.9977 1.06594e-05 0)
(10.9977 -5.64527e-06 0)
(10.9977 -1.76357e-05 0)
(10.9977 -2.29667e-05 0)
(10.9977 -2.79619e-05 0)
(10.9977 -2.25684e-05 0)
(10.9977 -1.90223e-05 0)
(10.9977 8.72047e-06 0)
(10.9977 2.2266e-05 0)
(10.9977 2.18868e-05 0)
(10.9977 9.72186e-06 0)
(10.9977 8.09316e-06 0)
(10.9977 3.06686e-06 0)
(10.9977 7.04622e-06 0)
(10.9977 1.63954e-05 0)
(10.9977 3.0353e-05 0)
(10.9977 2.99845e-05 0)
(10.9977 2.08616e-05 0)
(10.9976 9.02866e-06 0)
(10.9976 -7.87193e-06 0)
(10.9976 -4.03231e-05 0)
(10.9976 -7.19053e-05 0)
(10.9976 -7.34087e-05 0)
(10.9976 -5.92552e-05 0)
(10.9976 -3.79564e-05 0)
(10.9976 -5.17627e-06 0)
(10.9976 1.80468e-05 0)
(10.9976 1.5976e-05 0)
(10.9976 8.54554e-06 0)
(10.9976 1.53286e-06 0)
(10.9976 9.831e-07 0)
(10.9976 -1.08004e-06 0)
(10.9976 3.61349e-07 0)
(10.9976 -1.27037e-06 0)
(10.9976 2.60704e-07 0)
(10.9976 -1.50207e-06 0)
(10.9976 1.47539e-07 0)
(10.9976 -1.8652e-06 0)
(10.9976 -4.63037e-07 0)
(10.9976 -2.6184e-06 0)
(10.9976 -9.09805e-07 0)
(10.9976 -1.91452e-06 0)
(10.9976 -7.80531e-07 0)
(10.9976 -1.11587e-06 0)
(10.9976 1.16552e-07 0)
(10.9976 -7.8752e-07 0)
(10.9976 4.75072e-07 0)
(10.9976 -1.07419e-06 0)
(10.9976 3.93282e-07 0)
(10.9976 -1.54441e-06 0)
(10.9976 -2.20571e-07 0)
(10.9976 -2.33182e-06 0)
(10.9976 -6.92741e-07 0)
(10.9976 -1.66548e-06 0)
(10.9976 -6.55942e-07 0)
(10.9976 -1.05641e-06 0)
(10.9976 -3.46928e-07 0)
(10.9976 -8.71122e-07 0)
(10.9976 -2.10078e-07 0)
(10.9976 -8.584e-07 0)
(10.9976 -1.10249e-07 0)
(10.9976 -8.38508e-07 0)
(10.9976 -4.6184e-08 0)
(10.9976 -7.93192e-07 0)
(10.9976 -3.13099e-08 0)
(10.9976 -7.39781e-07 0)
(10.9976 -7.53552e-09 0)
(10.9976 -7.09473e-07 0)
(10.9976 6.36021e-08 0)
(10.9976 -7.12525e-07 0)
(10.9976 1.54086e-07 0)
(10.9976 -6.37826e-07 0)
(10.9976 1.36903e-07 0)
(10.9976 -5.58874e-07 0)
(10.9976 1.63001e-07 0)
(10.9976 -4.97845e-07 0)
(10.9976 3.19543e-07 0)
(10.9976 -1.28396e-07 0)
(10.9976 1.55303e-06 0)
(10.9976 3.84143e-06 0)
(10.9976 1.46692e-05 0)
(10.9976 3.82005e-05 0)
(11.0234 4.63916e-05 0)
(11.0234 3.06858e-05 0)
(11.0234 6.86302e-06 0)
(11.0234 -6.13567e-06 0)
(11.0234 -1.42137e-05 0)
(11.0234 -2.72226e-05 0)
(11.0234 -3.72177e-05 0)
(11.0234 -1.68723e-05 0)
(11.0234 -1.24864e-05 0)
(11.0234 -1.30045e-05 0)
(11.0233 -1.43699e-05 0)
(11.0233 -7.52486e-06 0)
(11.0233 5.29712e-06 0)
(11.0233 2.73614e-05 0)
(11.0234 4.58295e-05 0)
(11.0234 4.55845e-05 0)
(11.0234 3.90104e-05 0)
(11.0235 3.5393e-05 0)
(11.0235 1.09222e-05 0)
(11.0235 -4.33735e-06 0)
(11.0234 -1.70427e-05 0)
(11.0234 -2.35277e-05 0)
(11.0234 -2.85971e-05 0)
(11.0235 -2.33432e-05 0)
(11.0235 -1.96253e-05 0)
(11.0235 8.7283e-06 0)
(11.0235 2.29411e-05 0)
(11.0235 2.22128e-05 0)
(11.0235 9.82438e-06 0)
(11.0235 8.13269e-06 0)
(11.0235 3.06157e-06 0)
(11.0235 7.04602e-06 0)
(11.0235 1.67086e-05 0)
(11.0234 3.10818e-05 0)
(11.0234 3.06573e-05 0)
(11.0234 2.13189e-05 0)
(11.0234 9.20459e-06 0)
(11.0234 -7.91439e-06 0)
(11.0234 -4.06399e-05 0)
(11.0234 -7.20247e-05 0)
(11.0234 -7.32255e-05 0)
(11.0234 -5.93241e-05 0)
(11.0234 -3.82094e-05 0)
(11.0234 -4.88269e-06 0)
(11.0234 1.88217e-05 0)
(11.0234 1.64501e-05 0)
(11.0234 8.65795e-06 0)
(11.0234 1.55827e-06 0)
(11.0234 9.27607e-07 0)
(11.0234 -1.08429e-06 0)
(11.0234 2.89779e-07 0)
(11.0234 -1.2803e-06 0)
(11.0234 1.84423e-07 0)
(11.0234 -1.50723e-06 0)
(11.0234 7.50301e-08 0)
(11.0234 -1.85018e-06 0)
(11.0234 -5.30883e-07 0)
(11.0234 -2.61196e-06 0)
(11.0234 -9.43222e-07 0)
(11.0234 -1.90015e-06 0)
(11.0234 -7.95508e-07 0)
(11.0234 -1.09753e-06 0)
(11.0234 1.0668e-07 0)
(11.0234 -7.48065e-07 0)
(11.0234 4.61146e-07 0)
(11.0234 -1.0245e-06 0)
(11.0234 3.8013e-07 0)
(11.0234 -1.47795e-06 0)
(11.0234 -2.35326e-07 0)
(11.0234 -2.27934e-06 0)
(11.0234 -6.84481e-07 0)
(11.0234 -1.61385e-06 0)
(11.0234 -6.38296e-07 0)
(11.0234 -1.01309e-06 0)
(11.0234 -3.24096e-07 0)
(11.0234 -8.22516e-07 0)
(11.0234 -1.87494e-07 0)
(11.0234 -8.04678e-07 0)
(11.0234 -9.07901e-08 0)
(11.0234 -7.86839e-07 0)
(11.0234 -2.93273e-08 0)
(11.0234 -7.46898e-07 0)
(11.0234 -1.44452e-08 0)
(11.0234 -6.96504e-07 0)
(11.0233 9.20032e-09 0)
(11.0233 -6.65919e-07 0)
(11.0233 7.6285e-08 0)
(11.0233 -6.67632e-07 0)
(11.0233 1.56294e-07 0)
(11.0233 -6.0598e-07 0)
(11.0233 1.38909e-07 0)
(11.0233 -5.33202e-07 0)
(11.0233 1.61195e-07 0)
(11.0233 -4.73133e-07 0)
(11.0233 3.11054e-07 0)
(11.0233 -1.08061e-07 0)
(11.0233 1.54679e-06 0)
(11.0233 3.87559e-06 0)
(11.0233 1.4684e-05 0)
(11.0234 3.76448e-05 0)
(11.0425 4.60592e-05 0)
(11.0425 3.12273e-05 0)
(11.0424 7.23174e-06 0)
(11.0424 -6.97388e-06 0)
(11.0425 -1.5065e-05 0)
(11.0425 -2.78417e-05 0)
(11.0425 -3.74171e-05 0)
(11.0425 -1.65773e-05 0)
(11.0425 -1.11814e-05 0)
(11.0424 -1.20334e-05 0)
(11.0424 -1.38707e-05 0)
(11.0424 -7.43696e-06 0)
(11.0424 5.18217e-06 0)
(11.0424 2.662e-05 0)
(11.0425 4.45728e-05 0)
(11.0425 4.45747e-05 0)
(11.0425 3.8209e-05 0)
(11.0426 3.43022e-05 0)
(11.0426 1.1173e-05 0)
(11.0425 -3.05587e-06 0)
(11.0425 -1.64474e-05 0)
(11.0425 -2.40788e-05 0)
(11.0425 -2.92101e-05 0)
(11.0425 -2.40992e-05 0)
(11.0426 -2.02353e-05 0)
(11.0426 8.72898e-06 0)
(11.0426 2.36184e-05 0)
(11.0426 2.25366e-05 0)
(11.0426 9.9123e-06 0)
(11.0426 8.14493e-06 0)
(11.0426 3.02436e-06 0)
(11.0426 6.99666e-06 0)
(11.0426 1.69724e-05 0)
(11.0425 3.17644e-05 0)
(11.0425 3.13158e-05 0)
(11.0425 2.17643e-05 0)
(11.0425 9.37244e-06 0)
(11.0425 -7.94936e-06 0)
(11.0425 -4.09436e-05 0)
(11.0425 -7.21408e-05 0)
(11.0425 -7.30805e-05 0)
(11.0425 -5.9443e-05 0)
(11.0425 -3.84781e-05 0)
(11.0425 -4.59086e-06 0)
(11.0425 1.96101e-05 0)
(11.0425 1.69386e-05 0)
(11.0425 8.77595e-06 0)
(11.0425 1.58533e-06 0)
(11.0425 8.6979e-07 0)
(11.0425 -1.09658e-06 0)
(11.0425 2.11727e-07 0)
(11.0425 -1.29788e-06 0)
(11.0425 1.02225e-07 0)
(11.0425 -1.51805e-06 0)
(11.0425 3.74458e-11 0)
(11.0425 -1.83679e-06 0)
(11.0425 -5.96704e-07 0)
(11.0425 -2.60249e-06 0)
(11.0425 -9.73294e-07 0)
(11.0425 -1.88183e-06 0)
(11.0425 -8.05424e-07 0)
(11.0425 -1.07469e-06 0)
(11.0425 1.02202e-07 0)
(11.0425 -7.03783e-07 0)
(11.0425 4.53901e-07 0)
(11.0425 -9.69621e-07 0)
(11.0425 3.73511e-07 0)
(11.0425 -1.40436e-06 0)
(11.0425 -2.4208e-07 0)
(11.0425 -2.21861e-06 0)
(11.0425 -6.69224e-07 0)
(11.0425 -1.55602e-06 0)
(11.0425 -6.13762e-07 0)
(11.0425 -9.63745e-07 0)
(11.0425 -2.95091e-07 0)
(11.0425 -7.68028e-07 0)
(11.0425 -1.58803e-07 0)
(11.0424 -7.45581e-07 0)
(11.0424 -6.52249e-08 0)
(11.0424 -7.30168e-07 0)
(11.0424 -6.70294e-09 0)
(11.0424 -6.95826e-07 0)
(11.0424 7.48656e-09 0)
(11.0424 -6.487e-07 0)
(11.0424 3.04695e-08 0)
(11.0424 -6.18365e-07 0)
(11.0424 9.33597e-08 0)
(11.0424 -6.19444e-07 0)
(11.0424 1.62309e-07 0)
(11.0424 -5.71759e-07 0)
(11.0424 1.43847e-07 0)
(11.0424 -5.053e-07 0)
(11.0424 1.61591e-07 0)
(11.0424 -4.4686e-07 0)
(11.0424 3.04013e-07 0)
(11.0424 -8.72237e-08 0)
(11.0424 1.53917e-06 0)
(11.0424 3.89895e-06 0)
(11.0424 1.46699e-05 0)
(11.0424 3.70864e-05 0)
(11.0551 4.56879e-05 0)
(11.0551 3.17466e-05 0)
(11.0551 7.55452e-06 0)
(11.0551 -7.87387e-06 0)
(11.0551 -1.59265e-05 0)
(11.0551 -2.84261e-05 0)
(11.0551 -3.75812e-05 0)
(11.0551 -1.62277e-05 0)
(11.0551 -9.82201e-06 0)
(11.0551 -1.10346e-05 0)
(11.055 -1.33315e-05 0)
(11.055 -7.32993e-06 0)
(11.055 5.05209e-06 0)
(11.055 2.58687e-05 0)
(11.0551 4.33278e-05 0)
(11.0551 4.3573e-05 0)
(11.0551 3.74232e-05 0)
(11.0552 3.32545e-05 0)
(11.0552 1.1422e-05 0)
(11.0552 -1.79143e-06 0)
(11.0551 -1.58506e-05 0)
(11.0551 -2.46132e-05 0)
(11.0551 -2.98064e-05 0)
(11.0552 -2.48217e-05 0)
(11.0552 -2.08307e-05 0)
(11.0552 8.75175e-06 0)
(11.0552 2.43207e-05 0)
(11.0552 2.28968e-05 0)
(11.0552 9.99541e-06 0)
(11.0552 8.14273e-06 0)
(11.0552 2.97067e-06 0)
(11.0552 6.90796e-06 0)
(11.0552 1.71854e-05 0)
(11.0552 3.23948e-05 0)
(11.0551 3.19537e-05 0)
(11.0551 2.22034e-05 0)
(11.0551 9.53729e-06 0)
(11.0551 -7.97143e-06 0)
(11.0551 -4.12584e-05 0)
(11.0551 -7.23691e-05 0)
(11.0551 -7.29873e-05 0)
(11.0551 -5.96144e-05 0)
(11.0551 -3.87581e-05 0)
(11.0551 -4.2921e-06 0)
(11.0551 2.04276e-05 0)
(11.0551 1.74605e-05 0)
(11.0551 8.91996e-06 0)
(11.0551 1.6225e-06 0)
(11.0551 8.16266e-07 0)
(11.0551 -1.10989e-06 0)
(11.0551 1.34904e-07 0)
(11.0551 -1.31664e-06 0)
(11.0551 2.12646e-08 0)
(11.0551 -1.52909e-06 0)
(11.0551 -7.23931e-08 0)
(11.0551 -1.8209e-06 0)
(11.0551 -6.57773e-07 0)
(11.0551 -2.5884e-06 0)
(11.0551 -9.99054e-07 0)
(11.0551 -1.86013e-06 0)
(11.0551 -8.10879e-07 0)
(11.0551 -1.04853e-06 0)
(11.0551 1.00415e-07 0)
(11.0551 -6.58199e-07 0)
(11.0551 4.49165e-07 0)
(11.0551 -9.13661e-07 0)
(11.0551 3.69427e-07 0)
(11.0551 -1.32893e-06 0)
(11.0551 -2.45328e-07 0)
(11.0551 -2.15534e-06 0)
(11.0551 -6.51833e-07 0)
(11.0551 -1.49763e-06 0)
(11.0551 -5.88198e-07 0)
(11.0551 -9.12769e-07 0)
(11.0551 -2.66236e-07 0)
(11.0551 -7.13348e-07 0)
(11.0551 -1.30062e-07 0)
(11.0551 -6.87732e-07 0)
(11.0551 -3.89618e-08 0)
(11.0551 -6.74639e-07 0)
(11.0551 1.69507e-08 0)
(11.0551 -6.4496e-07 0)
(11.0551 2.95432e-08 0)
(11.0551 -6.00547e-07 0)
(11.0551 5.11462e-08 0)
(11.0551 -5.71231e-07 0)
(11.0551 1.10535e-07 0)
(11.0551 -5.73363e-07 0)
(11.0551 1.71242e-07 0)
(11.0551 -5.37511e-07 0)
(11.0551 1.48859e-07 0)
(11.0551 -4.76359e-07 0)
(11.0551 1.61804e-07 0)
(11.0551 -4.20743e-07 0)
(11.0551 2.97836e-07 0)
(11.055 -6.66491e-08 0)
(11.055 1.52992e-06 0)
(11.055 3.91406e-06 0)
(11.0551 1.46258e-05 0)
(11.0551 3.64934e-05 0)
(11.0614 4.55584e-05 0)
(11.0613 3.2486e-05 0)
(11.0613 8.2336e-06 0)
(11.0613 -8.58666e-06 0)
(11.0614 -1.67928e-05 0)
(11.0614 -2.9061e-05 0)
(11.0614 -3.80115e-05 0)
(11.0614 -1.60723e-05 0)
(11.0614 -8.4632e-06 0)
(11.0613 -1.01292e-05 0)
(11.0613 -1.29622e-05 0)
(11.0613 -7.32455e-06 0)
(11.0613 4.86264e-06 0)
(11.0613 2.52144e-05 0)
(11.0613 4.2214e-05 0)
(11.0614 4.26436e-05 0)
(11.0614 3.66074e-05 0)
(11.0614 3.20844e-05 0)
(11.0615 1.16583e-05 0)
(11.0614 -4.98213e-07 0)
(11.0614 -1.52655e-05 0)
(11.0614 -2.5112e-05 0)
(11.0614 -3.02855e-05 0)
(11.0614 -2.55127e-05 0)
(11.0615 -2.15658e-05 0)
(11.0615 8.70605e-06 0)
(11.0615 2.50009e-05 0)
(11.0614 2.31018e-05 0)
(11.0614 9.90916e-06 0)
(11.0614 8.02475e-06 0)
(11.0614 2.84232e-06 0)
(11.0614 6.80408e-06 0)
(11.0614 1.75493e-05 0)
(11.0614 3.31567e-05 0)
(11.0614 3.25415e-05 0)
(11.0614 2.25438e-05 0)
(11.0614 9.65503e-06 0)
(11.0614 -7.8886e-06 0)
(11.0614 -4.12242e-05 0)
(11.0614 -7.23818e-05 0)
(11.0614 -7.29926e-05 0)
(11.0614 -5.98843e-05 0)
(11.0614 -3.90966e-05 0)
(11.0614 -4.00533e-06 0)
(11.0614 2.12489e-05 0)
(11.0614 1.78496e-05 0)
(11.0614 8.88518e-06 0)
(11.0614 1.56037e-06 0)
(11.0614 7.18491e-07 0)
(11.0614 -1.14492e-06 0)
(11.0614 4.63246e-08 0)
(11.0614 -1.34487e-06 0)
(11.0614 -6.43612e-08 0)
(11.0614 -1.54587e-06 0)
(11.0614 -1.47083e-07 0)
(11.0614 -1.80766e-06 0)
(11.0614 -7.16076e-07 -1.68355e-35)
(11.0614 -2.57175e-06 0)
(11.0614 -1.02346e-06 0)
(11.0614 -1.83651e-06 0)
(11.0614 -8.13657e-07 0)
(11.0614 -1.01648e-06 0)
(11.0614 1.11152e-07 0)
(11.0614 -6.04065e-07 0)
(11.0614 4.52837e-07 0)
(11.0614 -8.47499e-07 0)
(11.0614 3.74336e-07 0)
(11.0614 -1.24397e-06 0)
(11.0614 -2.3805e-07 -1.34847e-35)
(11.0614 -2.08096e-06 -1.32446e-35)
(11.0614 -6.3074e-07 0)
(11.0614 -1.43112e-06 1.2677e-35)
(11.0614 -5.58795e-07 0)
(11.0614 -8.59473e-07 1.1984e-35)
(11.0613 -2.18549e-07 0)
(11.0613 -6.57937e-07 -1.12677e-35)
(11.0613 -9.12579e-08 0)
(11.0613 -6.23389e-07 0)
(11.0613 -1.34072e-08 0)
(11.0613 -6.11127e-07 -9.8287e-36)
(11.0613 3.977e-08 0)
(11.0613 -5.88924e-07 0)
(11.0613 5.6216e-08 0)
(11.0613 -5.51372e-07 0)
(11.0613 8.06414e-08 0)
(11.0613 -5.23446e-07 0)
(11.0613 1.32393e-07 0)
(11.0613 -5.2124e-07 0)
(11.0613 1.69511e-07 0)
(11.0613 -4.98884e-07 0)
(11.0613 1.57394e-07 0)
(11.0613 -4.50949e-07 -5.84753e-36)
(11.0613 1.6965e-07 0)
(11.0613 -3.96464e-07 0)
(11.0613 2.90202e-07 -4.7956e-36)
(11.0613 -4.70837e-08 0)
(11.0613 1.52938e-06 8.19718e-36)
(11.0613 3.94805e-06 0)
(11.0613 1.45838e-05 0)
(11.0613 3.60397e-05 0)
(11.0614 4.50324e-05 0)
(11.0613 3.3031e-05 0)
(11.0613 8.6173e-06 0)
(11.0613 -9.00105e-06 0)
(11.0614 -1.71135e-05 0)
(11.0614 -2.98239e-05 0)
(11.0614 -3.82439e-05 0)
(11.0614 -1.55245e-05 0)
(11.0614 -7.19274e-06 0)
(11.0613 -9.34665e-06 0)
(11.0613 -1.25739e-05 0)
(11.0613 -7.21794e-06 0)
(11.0613 4.84109e-06 0)
(11.0613 2.45183e-05 0)
(11.0613 4.10201e-05 0)
(11.0614 4.14736e-05 0)
(11.0614 3.56457e-05 0)
(11.0614 3.12002e-05 0)
(11.0614 1.19964e-05 0)
(11.0614 7.68239e-07 0)
(11.0614 -1.46374e-05 0)
(11.0614 -2.56472e-05 0)
(11.0614 -3.09952e-05 0)
(11.0614 -2.64321e-05 0)
(11.0614 -2.23125e-05 0)
(11.0615 8.56935e-06 0)
(11.0615 2.55384e-05 0)
(11.0614 2.33576e-05 0)
(11.0614 9.89999e-06 0)
(11.0614 7.92668e-06 0)
(11.0614 2.79233e-06 0)
(11.0614 6.72788e-06 0)
(11.0614 1.7575e-05 0)
(11.0614 3.36968e-05 0)
(11.0614 3.34369e-05 0)
(11.0614 2.32069e-05 0)
(11.0614 9.93812e-06 0)
(11.0614 -7.90626e-06 0)
(11.0614 -4.18306e-05 0)
(11.0614 -7.27179e-05 0)
(11.0614 -7.23572e-05 0)
(11.0614 -5.96712e-05 0)
(11.0614 -3.94687e-05 0)
(11.0614 -3.89694e-06 0)
(11.0614 2.18939e-05 0)
(11.0614 1.82842e-05 0)
(11.0614 8.98958e-06 0)
(11.0614 1.56292e-06 0)
(11.0614 6.31872e-07 0)
(11.0614 -1.18037e-06 0)
(11.0614 -4.27198e-08 0)
(11.0614 -1.37574e-06 0)
(11.0614 -1.51996e-07 0)
(11.0614 -1.5625e-06 0)
(11.0614 -2.14324e-07 0)
(11.0614 -1.7841e-06 0)
(11.0614 -7.61477e-07 1.68355e-35)
(11.0614 -2.54499e-06 0)
(11.0614 -1.03771e-06 0)
(11.0614 -1.80332e-06 0)
(11.0614 -8.05221e-07 0)
(11.0614 -9.77682e-07 0)
(11.0614 1.18488e-07 0)
(11.0614 -5.47228e-07 0)
(11.0614 4.64769e-07 0)
(11.0614 -7.79881e-07 0)
(11.0614 3.8896e-07 0)
(11.0614 -1.15417e-06 0)
(11.0614 -2.21048e-07 1.34847e-35)
(11.0614 -1.99841e-06 1.32445e-35)
(11.0614 -5.92685e-07 0)
(11.0614 -1.35685e-06 -1.2677e-35)
(11.0614 -5.15077e-07 0)
(11.0614 -7.91543e-07 -1.1984e-35)
(11.0613 -1.86603e-07 0)
(11.0613 -5.85787e-07 1.12677e-35)
(11.0613 -5.038e-08 0)
(11.0613 -5.53381e-07 0)
(11.0613 3.57852e-08 0)
(11.0613 -5.45051e-07 9.82868e-36)
(11.0613 7.98532e-08 0)
(11.0613 -5.27362e-07 0)
(11.0613 9.03326e-08 0)
(11.0613 -4.91947e-07 0)
(11.0613 1.10693e-07 0)
(11.0613 -4.65841e-07 0)
(11.0613 1.60055e-07 0)
(11.0613 -4.68357e-07 0)
(11.0613 1.92946e-07 0)
(11.0613 -4.58898e-07 0)
(11.0613 1.68856e-07 0)
(11.0613 -4.15371e-07 5.84751e-36)
(11.0613 1.7328e-07 0)
(11.0613 -3.65213e-07 0)
(11.0613 2.8989e-07 4.79559e-36)
(11.0613 -2.53863e-08 0)
(11.0613 1.51233e-06 -8.19716e-36)
(11.0613 3.94304e-06 0)
(11.0613 1.4525e-05 0)
(11.0613 3.52893e-05 0)
(11.0551 4.49143e-05 0)
(11.0551 3.38194e-05 0)
(11.055 9.33521e-06 0)
(11.055 -9.6885e-06 0)
(11.0551 -1.80066e-05 0)
(11.0551 -3.03935e-05 0)
(11.0551 -3.87181e-05 0)
(11.0551 -1.53467e-05 0)
(11.0551 -5.74183e-06 0)
(11.055 -8.43304e-06 0)
(11.055 -1.22462e-05 0)
(11.055 -7.23681e-06 0)
(11.055 4.65598e-06 0)
(11.055 2.38591e-05 0)
(11.0551 3.98977e-05 0)
(11.0551 4.05237e-05 0)
(11.0551 3.48243e-05 0)
(11.0552 3.01116e-05 0)
(11.0552 1.22249e-05 0)
(11.0551 2.03944e-06 0)
(11.0551 -1.40373e-05 0)
(11.0551 -2.61367e-05 0)
(11.0551 -3.14283e-05 0)
(11.0551 -2.70807e-05 0)
(11.0552 -2.30897e-05 0)
(11.0552 8.49693e-06 0)
(11.0552 2.62463e-05 0)
(11.0552 2.35679e-05 0)
(11.0552 9.77248e-06 0)
(11.0552 7.7456e-06 0)
(11.0552 2.63861e-06 0)
(11.0552 6.53676e-06 0)
(11.0552 1.78533e-05 0)
(11.0552 3.43985e-05 0)
(11.0551 3.40471e-05 0)
(11.0551 2.3556e-05 0)
(11.0551 1.00709e-05 0)
(11.0551 -7.7763e-06 0)
(11.0551 -4.17685e-05 0)
(11.0551 -7.27653e-05 0)
(11.0551 -7.24088e-05 0)
(11.0551 -5.99283e-05 0)
(11.0551 -3.9861e-05 0)
(11.0551 -3.64396e-06 0)
(11.0551 2.2741e-05 0)
(11.0551 1.86832e-05 0)
(11.0551 8.93722e-06 0)
(11.0551 1.4847e-06 0)
(11.0551 5.21253e-07 0)
(11.0551 -1.2287e-06 0)
(11.0551 -1.37931e-07 0)
(11.0551 -1.4133e-06 0)
(11.0551 -2.40004e-07 0)
(11.0551 -1.58138e-06 0)
(11.0551 -2.85183e-07 0)
(11.0551 -1.76777e-06 0)
(11.0551 -8.06306e-07 0)
(11.0551 -2.51348e-06 0)
(11.0551 -1.049e-06 0)
(11.0551 -1.765e-06 0)
(11.0551 -7.91395e-07 0)
(11.0551 -9.33385e-07 0)
(11.0551 1.42496e-07 0)
(11.0551 -4.85567e-07 0)
(11.0551 4.78885e-07 0)
(11.0551 -7.073e-07 0)
(11.0551 4.03939e-07 0)
(11.0551 -1.06214e-06 0)
(11.0551 -2.02268e-07 0)
(11.0551 -1.91372e-06 0)
(11.0551 -5.64785e-07 0)
(11.0551 -1.28554e-06 0)
(11.0551 -4.76654e-07 0)
(11.0551 -7.33783e-07 0)
(11.0551 -1.3553e-07 0)
(11.0551 -5.24021e-07 0)
(11.0551 -6.36332e-09 0)
(11.0551 -4.85879e-07 0)
(11.0551 6.57557e-08 0)
(11.0551 -4.80504e-07 0)
(11.0551 1.09325e-07 0)
(11.0551 -4.6905e-07 0)
(11.0551 1.21538e-07 0)
(11.0551 -4.38502e-07 0)
(11.0551 1.41457e-07 0)
(11.0551 -4.14346e-07 0)
(11.055 1.84781e-07 0)
(11.055 -4.16771e-07 0)
(11.055 2.02836e-07 0)
(11.055 -4.19532e-07 0)
(11.055 1.79921e-07 0)
(11.055 -3.85684e-07 0)
(11.055 1.80508e-07 0)
(11.055 -3.38089e-07 0)
(11.055 2.87024e-07 0)
(11.055 -5.65956e-09 0)
(11.055 1.50042e-06 0)
(11.055 3.94977e-06 0)
(11.055 1.44533e-05 0)
(11.0551 3.48148e-05 0)
(11.0424 4.45699e-05 0)
(11.0424 3.44534e-05 0)
(11.0424 9.73641e-06 0)
(11.0424 -1.0523e-05 0)
(11.0424 -1.88979e-05 0)
(11.0425 -3.08715e-05 0)
(11.0425 -3.8976e-05 0)
(11.0425 -1.49442e-05 0)
(11.0425 -4.22705e-06 0)
(11.0424 -7.41605e-06 0)
(11.0424 -1.17799e-05 0)
(11.0424 -7.17501e-06 0)
(11.0424 4.46079e-06 0)
(11.0424 2.31015e-05 0)
(11.0424 3.87064e-05 0)
(11.0425 3.94908e-05 0)
(11.0425 3.40189e-05 0)
(11.0425 2.91615e-05 0)
(11.0425 1.24559e-05 0)
(11.0425 3.31542e-06 0)
(11.0425 -1.33898e-05 0)
(11.0425 -2.66418e-05 0)
(11.0425 -3.19232e-05 0)
(11.0425 -2.77337e-05 0)
(11.0425 -2.37938e-05 0)
(11.0426 8.47439e-06 0)
(11.0425 2.69997e-05 0)
(11.0425 2.39129e-05 0)
(11.0425 9.7622e-06 0)
(11.0425 7.61218e-06 0)
(11.0425 2.49334e-06 0)
(11.0425 6.29956e-06 0)
(11.0425 1.79237e-05 0)
(11.0425 3.49385e-05 0)
(11.0425 3.4715e-05 0)
(11.0425 2.40089e-05 0)
(11.0425 1.0251e-05 0)
(11.0425 -7.7072e-06 0)
(11.0425 -4.20233e-05 0)
(11.0425 -7.30879e-05 0)
(11.0425 -7.23804e-05 0)
(11.0425 -6.0108e-05 0)
(11.0425 -4.02621e-05 0)
(11.0425 -3.42604e-06 0)
(11.0425 2.36099e-05 0)
(11.0425 1.92244e-05 0)
(11.0425 9.03744e-06 0)
(11.0425 1.48882e-06 0)
(11.0425 4.42189e-07 0)
(11.0425 -1.26871e-06 0)
(11.0425 -2.2762e-07 0)
(11.0425 -1.44465e-06 0)
(11.0425 -3.15293e-07 0)
(11.0425 -1.58932e-06 0)
(11.0425 -3.40772e-07 0)
(11.0425 -1.7358e-06 0)
(11.0425 -8.3701e-07 0)
(11.0425 -2.47174e-06 0)
(11.0425 -1.05222e-06 0)
(11.0425 -1.7201e-06 0)
(11.0425 -7.71044e-07 0)
(11.0425 -8.8568e-07 0)
(11.0425 1.6503e-07 0)
(11.0425 -4.22458e-07 0)
(11.0425 4.97055e-07 0)
(11.0425 -6.35913e-07 0)
(11.0425 4.22116e-07 0)
(11.0425 -9.7042e-07 0)
(11.0425 -1.80574e-07 0)
(11.0425 -1.82788e-06 0)
(11.0425 -5.34465e-07 0)
(11.0425 -1.2151e-06 0)
(11.0424 -4.35466e-07 0)
(11.0424 -6.72897e-07 0)
(11.0424 -9.38295e-08 0)
(11.0424 -4.61523e-07 0)
(11.0424 3.3563e-08 0)
(11.0424 -4.20858e-07 0)
(11.0424 1.01812e-07 0)
(11.0424 -4.18359e-07 0)
(11.0424 1.40575e-07 0)
(11.0424 -4.13314e-07 0)
(11.0424 1.51271e-07 0)
(11.0424 -3.87025e-07 0)
(11.0424 1.70065e-07 0)
(11.0424 -3.64467e-07 0)
(11.0424 2.07798e-07 0)
(11.0424 -3.6733e-07 0)
(11.0424 2.14078e-07 0)
(11.0424 -3.82508e-07 0)
(11.0424 1.90434e-07 0)
(11.0424 -3.56559e-07 0)
(11.0424 1.8645e-07 0)
(11.0424 -3.11482e-07 0)
(11.0424 2.84483e-07 0)
(11.0424 1.30003e-08 0)
(11.0424 1.48618e-06 0)
(11.0424 3.93683e-06 0)
(11.0424 1.43241e-05 0)
(11.0424 3.41776e-05 0)
(11.0234 4.4261e-05 0)
(11.0233 3.52195e-05 0)
(11.0233 1.02103e-05 0)
(11.0233 -1.1254e-05 0)
(11.0234 -1.97704e-05 0)
(11.0234 -3.13801e-05 0)
(11.0234 -3.93182e-05 0)
(11.0234 -1.45632e-05 0)
(11.0234 -2.70352e-06 0)
(11.0233 -6.43407e-06 0)
(11.0233 -1.13725e-05 0)
(11.0233 -7.15188e-06 0)
(11.0233 4.23575e-06 0)
(11.0233 2.23462e-05 0)
(11.0233 3.75331e-05 0)
(11.0234 3.84522e-05 0)
(11.0234 3.3182e-05 0)
(11.0234 2.82054e-05 0)
(11.0234 1.26799e-05 0)
(11.0234 4.6187e-06 0)
(11.0234 -1.271e-05 0)
(11.0234 -2.71304e-05 0)
(11.0234 -3.23946e-05 0)
(11.0234 -2.84007e-05 0)
(11.0234 -2.45633e-05 0)
(11.0235 8.4052e-06 0)
(11.0235 2.77385e-05 0)
(11.0234 2.42341e-05 0)
(11.0234 9.69893e-06 0)
(11.0234 7.42691e-06 0)
(11.0234 2.3216e-06 0)
(11.0235 6.03318e-06 0)
(11.0235 1.79824e-05 0)
(11.0234 3.54938e-05 0)
(11.0234 3.54178e-05 0)
(11.0234 2.44777e-05 0)
(11.0234 1.04402e-05 0)
(11.0234 -7.60777e-06 0)
(11.0234 -4.22365e-05 0)
(11.0234 -7.3404e-05 0)
(11.0234 -7.23049e-05 0)
(11.0234 -6.02725e-05 0)
(11.0234 -4.07181e-05 0)
(11.0234 -3.23987e-06 0)
(11.0234 2.44774e-05 0)
(11.0234 1.97386e-05 0)
(11.0234 9.09756e-06 0)
(11.0234 1.46649e-06 0)
(11.0234 3.46671e-07 0)
(11.0234 -1.32029e-06 0)
(11.0234 -3.24083e-07 0)
(11.0234 -1.47847e-06 0)
(11.0234 -3.88858e-07 0)
(11.0234 -1.59621e-06 0)
(11.0234 -3.91018e-07 0)
(11.0234 -1.69865e-06 0)
(11.0234 -8.57168e-07 0)
(11.0234 -2.41833e-06 0)
(11.0234 -1.04662e-06 0)
(11.0234 -1.6666e-06 0)
(11.0234 -7.41279e-07 0)
(11.0234 -8.29703e-07 0)
(11.0234 1.96168e-07 0)
(11.0234 -3.52396e-07 0)
(11.0234 5.23179e-07 0)
(11.0234 -5.58421e-07 0)
(11.0234 4.48088e-07 0)
(11.0234 -8.72675e-07 0)
(11.0234 -1.50521e-07 0)
(11.0234 -1.73359e-06 0)
(11.0234 -4.98662e-07 0)
(11.0234 -1.13974e-06 0)
(11.0234 -3.88777e-07 0)
(11.0234 -6.08396e-07 0)
(11.0234 -4.61142e-08 0)
(11.0233 -3.94282e-07 0)
(11.0233 7.87812e-08 0)
(11.0233 -3.51173e-07 0)
(11.0233 1.41829e-07 0)
(11.0233 -3.52715e-07 0)
(11.0233 1.75816e-07 0)
(11.0233 -3.54853e-07 0)
(11.0233 1.84729e-07 0)
(11.0233 -3.33122e-07 0)
(11.0233 2.02028e-07 0)
(11.0233 -3.11896e-07 0)
(11.0233 2.34018e-07 0)
(11.0233 -3.14956e-07 0)
(11.0233 2.2841e-07 0)
(11.0233 -3.44711e-07 0)
(11.0233 2.03257e-07 0)
(11.0233 -3.26283e-07 0)
(11.0233 1.94275e-07 0)
(11.0233 -2.83456e-07 0)
(11.0233 2.83471e-07 0)
(11.0233 3.17302e-08 0)
(11.0233 1.47127e-06 0)
(11.0233 3.91755e-06 0)
(11.0233 1.41699e-05 0)
(11.0233 3.3548e-05 0)
(10.9976 4.39308e-05 0)
(10.9976 3.6103e-05 0)
(10.9976 1.06756e-05 0)
(10.9976 -1.197e-05 0)
(10.9976 -2.06451e-05 0)
(10.9976 -3.18852e-05 0)
(10.9976 -3.97196e-05 0)
(10.9976 -1.41892e-05 0)
(10.9976 -1.15089e-06 0)
(10.9976 -5.46549e-06 0)
(10.9975 -1.09881e-05 0)
(10.9975 -7.14613e-06 0)
(10.9975 4.00491e-06 0)
(10.9976 2.15991e-05 0)
(10.9976 3.63775e-05 0)
(10.9976 3.74124e-05 0)
(10.9977 3.23361e-05 0)
(10.9977 2.72692e-05 0)
(10.9977 1.2907e-05 0)
(10.9977 5.96414e-06 0)
(10.9976 -1.20047e-05 0)
(10.9976 -2.76123e-05 0)
(10.9976 -3.28395e-05 0)
(10.9977 -2.9079e-05 0)
(10.9977 -2.537e-05 0)
(10.9977 8.31358e-06 0)
(10.9977 2.84921e-05 0)
(10.9977 2.45546e-05 0)
(10.9977 9.59136e-06 0)
(10.9977 7.20796e-06 0)
(10.9977 2.13436e-06 0)
(10.9977 5.75557e-06 0)
(10.9977 1.80276e-05 0)
(10.9977 3.60536e-05 0)
(10.9977 3.6152e-05 0)
(10.9976 2.49668e-05 0)
(10.9976 1.06443e-05 0)
(10.9976 -7.47174e-06 0)
(10.9976 -4.24322e-05 0)
(10.9976 -7.37681e-05 0)
(10.9976 -7.2197e-05 0)
(10.9976 -6.04355e-05 0)
(10.9977 -4.12246e-05 0)
(10.9977 -3.07874e-06 0)
(10.9976 2.5362e-05 0)
(10.9976 2.02437e-05 0)
(10.9976 9.13122e-06 0)
(10.9976 1.42539e-06 0)
(10.9976 2.40887e-07 0)
(10.9976 -1.37563e-06 0)
(10.9976 -4.17539e-07 0)
(10.9976 -1.50718e-06 0)
(10.9976 -4.52781e-07 0)
(10.9976 -1.5957e-06 0)
(10.9976 -4.29307e-07 0)
(10.9976 -1.65249e-06 0)
(10.9976 -8.64421e-07 0)
(10.9976 -2.35195e-06 0)
(10.9976 -1.03239e-06 0)
(10.9976 -1.6055e-06 0)
(10.9976 -7.03983e-07 0)
(10.9976 -7.68311e-07 0)
(10.9976 2.32275e-07 0)
(10.9976 -2.79526e-07 0)
(10.9976 5.53111e-07 0)
(10.9976 -4.79699e-07 0)
(10.9976 4.76844e-07 0)
(10.9976 -7.74461e-07 0)
(10.9976 -1.17434e-07 0)
(10.9976 -1.63673e-06 0)
(10.9976 -4.63458e-07 0)
(10.9976 -1.06545e-06 0)
(10.9976 -3.42186e-07 0)
(10.9976 -5.45469e-07 0)
(10.9976 1.02022e-09 0)
(10.9976 -3.28894e-07 0)
(10.9976 1.22853e-07 0)
(10.9976 -2.83644e-07 0)
(10.9976 1.80132e-07 0)
(10.9976 -2.89468e-07 0)
(10.9976 2.09534e-07 0)
(10.9976 -2.98792e-07 0)
(10.9976 2.16651e-07 0)
(10.9976 -2.81485e-07 0)
(10.9976 2.32314e-07 0)
(10.9976 -2.61438e-07 0)
(10.9976 2.58842e-07 0)
(10.9976 -2.64539e-07 0)
(10.9976 2.42376e-07 0)
(10.9976 -3.08516e-07 0)
(10.9976 2.15558e-07 0)
(10.9976 -2.96963e-07 0)
(10.9976 2.01812e-07 0)
(10.9976 -2.56193e-07 0)
(10.9976 2.82745e-07 0)
(10.9976 4.95398e-08 0)
(10.9976 1.45513e-06 0)
(10.9976 3.89402e-06 0)
(10.9976 1.39937e-05 0)
(10.9976 3.28965e-05 0)
(10.9649 4.35691e-05 0)
(10.9649 3.70662e-05 0)
(10.9649 1.1145e-05 0)
(10.9649 -1.26785e-05 0)
(10.9649 -2.14639e-05 0)
(10.9649 -3.2439e-05 0)
(10.965 -4.01776e-05 0)
(10.965 -1.38253e-05 0)
(10.9649 4.3143e-07 0)
(10.9649 -4.49921e-06 0)
(10.9649 -1.06203e-05 0)
(10.9649 -7.15973e-06 0)
(10.9649 3.76317e-06 0)
(10.9649 2.08551e-05 0)
(10.9649 3.52358e-05 0)
(10.9649 3.63717e-05 0)
(10.965 3.14895e-05 0)
(10.965 2.63574e-05 0)
(10.965 1.31346e-05 0)
(10.965 7.36002e-06 0)
(10.9649 -1.12734e-05 0)
(10.9649 -2.80972e-05 0)
(10.965 -3.32547e-05 0)
(10.965 -2.97566e-05 0)
(10.965 -2.62204e-05 0)
(10.965 8.20007e-06 0)
(10.965 2.92635e-05 0)
(10.965 2.48413e-05 0)
(10.965 9.48061e-06 0)
(10.965 6.95546e-06 0)
(10.965 1.92136e-06 0)
(10.965 5.47537e-06 0)
(10.965 1.80521e-05 0)
(10.965 3.66132e-05 0)
(10.965 3.69217e-05 0)
(10.965 2.54813e-05 0)
(10.965 1.08639e-05 0)
(10.9649 -7.30255e-06 0)
(10.965 -4.26176e-05 0)
(10.965 -7.41186e-05 0)
(10.965 -7.20834e-05 0)
(10.965 -6.05953e-05 0)
(10.965 -4.17811e-05 0)
(10.965 -2.94362e-06 0)
(10.965 2.62626e-05 0)
(10.9649 2.07491e-05 0)
(10.9649 9.14426e-06 0)
(10.9649 1.36961e-06 0)
(10.9649 1.26119e-07 0)
(10.9649 -1.43363e-06 0)
(10.9649 -5.06325e-07 0)
(10.9649 -1.52828e-06 0)
(10.9649 -5.05474e-07 0)
(10.9649 -1.58424e-06 0)
(10.9649 -4.53085e-07 0)
(10.9649 -1.5938e-06 0)
(10.9649 -8.57512e-07 0)
(10.9649 -2.27164e-06 0)
(10.9649 -1.00891e-06 0)
(10.9649 -1.53651e-06 0)
(10.9649 -6.59253e-07 0)
(10.9649 -7.01509e-07 0)
(10.9649 2.73148e-07 0)
(10.9649 -2.03973e-07 0)
(10.9649 5.86666e-07 0)
(10.9649 -3.99905e-07 0)
(10.9649 5.08041e-07 0)
(10.9649 -6.75955e-07 0)
(10.9649 -8.17175e-08 0)
(10.9649 -1.53753e-06 0)
(10.9649 -4.29386e-07 0)
(10.9649 -9.92675e-07 0)
(10.9649 -2.95972e-07 0)
(10.9649 -4.84051e-07 0)
(10.9649 4.68864e-08 0)
(10.9649 -2.65556e-07 0)
(10.9649 1.65289e-07 0)
(10.9649 -2.18655e-07 0)
(10.9649 2.16609e-07 0)
(10.9649 -2.28999e-07 0)
(10.9649 2.41412e-07 0)
(10.9649 -2.45453e-07 0)
(10.9649 2.46647e-07 0)
(10.9649 -2.32492e-07 0)
(10.9649 2.60634e-07 0)
(10.9649 -2.13542e-07 0)
(10.9649 2.81937e-07 0)
(10.9649 -2.16488e-07 0)
(10.9649 2.55379e-07 0)
(10.9649 -2.74097e-07 0)
(10.9649 2.27091e-07 0)
(10.9649 -2.68823e-07 0)
(10.9649 2.08913e-07 0)
(10.9649 -2.29832e-07 0)
(10.9649 2.82016e-07 0)
(10.9649 6.63224e-08 0)
(10.9649 1.43734e-06 0)
(10.9649 3.86386e-06 0)
(10.9649 1.37956e-05 0)
(10.9649 3.22223e-05 0)
(10.925 4.31634e-05 0)
(10.925 3.8086e-05 0)
(10.925 1.16411e-05 0)
(10.925 -1.3384e-05 0)
(10.925 -2.22619e-05 0)
(10.925 -3.30671e-05 0)
(10.925 -4.06841e-05 0)
(10.925 -1.34749e-05 0)
(10.925 2.04817e-06 0)
(10.925 -3.53039e-06 0)
(10.9249 -1.02673e-05 0)
(10.9249 -7.19303e-06 0)
(10.9249 3.50787e-06 0)
(10.925 2.01115e-05 0)
(10.925 3.41047e-05 0)
(10.925 3.53302e-05 0)
(10.925 3.06449e-05 0)
(10.9251 2.54694e-05 0)
(10.9251 1.33649e-05 0)
(10.9251 8.80846e-06 0)
(10.925 -1.05165e-05 0)
(10.925 -2.85913e-05 0)
(10.925 -3.36358e-05 0)
(10.9251 -3.04329e-05 0)
(10.9251 -2.71195e-05 0)
(10.9251 8.06259e-06 0)
(10.9251 3.00575e-05 0)
(10.9251 2.51301e-05 0)
(10.9251 9.36419e-06 0)
(10.9251 6.65719e-06 0)
(10.9251 1.70139e-06 0)
(10.9251 5.18864e-06 0)
(10.9251 1.80547e-05 0)
(10.9251 3.71759e-05 0)
(10.9251 3.773e-05 0)
(10.925 2.60253e-05 0)
(10.925 1.10995e-05 0)
(10.925 -7.10159e-06 0)
(10.925 -4.27873e-05 0)
(10.925 -7.4448e-05 0)
(10.925 -7.20031e-05 0)
(10.925 -6.07554e-05 0)
(10.9251 -4.23888e-05 0)
(10.9251 -2.83466e-06 0)
(10.925 2.71829e-05 0)
(10.925 2.12586e-05 0)
(10.925 9.13844e-06 0)
(10.925 1.30022e-06 0)
(10.925 3.52001e-09 0)
(10.925 -1.49279e-06 0)
(10.925 -5.88278e-07 0)
(10.925 -1.53875e-06 0)
(10.925 -5.44468e-07 0)
(10.925 -1.5591e-06 0)
(10.925 -4.60153e-07 0)
(10.925 -1.51999e-06 0)
(10.925 -8.35298e-07 0)
(10.925 -2.17684e-06 0)
(10.925 -9.75821e-07 0)
(10.925 -1.4596e-06 0)
(10.925 -6.06555e-07 0)
(10.925 -6.29729e-07 0)
(10.925 3.18505e-07 0)
(10.925 -1.26185e-07 0)
(10.925 6.23405e-07 0)
(10.925 -3.19566e-07 0)
(10.925 5.41179e-07 0)
(10.925 -5.77807e-07 0)
(10.925 -4.38759e-08 0)
(10.925 -1.43655e-06 0)
(10.925 -3.97024e-07 0)
(10.925 -9.22185e-07 0)
(10.925 -2.50755e-07 0)
(10.925 -4.24889e-07 0)
(10.925 9.09662e-08 0)
(10.925 -2.04964e-07 0)
(10.925 2.05705e-07 0)
(10.925 -1.5656e-07 0)
(10.925 2.50947e-07 0)
(10.925 -1.71494e-07 0)
(10.925 2.71023e-07 0)
(10.925 -1.95182e-07 0)
(10.925 2.74321e-07 0)
(10.925 -1.86476e-07 0)
(10.925 2.86676e-07 0)
(10.925 -1.68413e-07 0)
(10.925 3.03035e-07 0)
(10.925 -1.7085e-07 0)
(10.925 2.66817e-07 0)
(10.925 -2.41659e-07 0)
(10.925 2.37587e-07 0)
(10.925 -2.42211e-07 0)
(10.925 2.15404e-07 0)
(10.925 -2.04606e-07 0)
(10.925 2.81165e-07 0)
(10.925 8.1956e-08 0)
(10.925 1.41765e-06 0)
(10.925 3.82593e-06 0)
(10.925 1.35756e-05 0)
(10.925 3.15234e-05 0)
(10.8774 4.26919e-05 0)
(10.8774 3.91546e-05 0)
(10.8774 1.2176e-05 0)
(10.8774 -1.41296e-05 0)
(10.8774 -2.30643e-05 0)
(10.8774 -3.37257e-05 0)
(10.8775 -4.12475e-05 0)
(10.8775 -1.31435e-05 0)
(10.8774 3.70514e-06 0)
(10.8774 -2.55525e-06 0)
(10.8774 -9.92737e-06 0)
(10.8774 -7.24208e-06 0)
(10.8774 3.24306e-06 0)
(10.8774 1.93652e-05 0)
(10.8774 3.29824e-05 0)
(10.8774 3.42886e-05 0)
(10.8775 2.98052e-05 0)
(10.8775 2.46054e-05 0)
(10.8775 1.36005e-05 0)
(10.8775 1.02999e-05 0)
(10.8774 -9.72501e-06 0)
(10.8774 -2.90879e-05 0)
(10.8775 -3.39945e-05 0)
(10.8775 -3.11082e-05 0)
(10.8775 -2.80736e-05 0)
(10.8775 7.89621e-06 0)
(10.8775 3.08839e-05 0)
(10.8775 2.54179e-05 0)
(10.8775 9.24423e-06 0)
(10.8775 6.31749e-06 0)
(10.8775 1.47586e-06 0)
(10.8775 4.89288e-06 0)
(10.8775 1.80376e-05 0)
(10.8775 3.7748e-05 0)
(10.8775 3.85802e-05 0)
(10.8775 2.66015e-05 0)
(10.8774 1.13518e-05 0)
(10.8774 -6.87836e-06 0)
(10.8774 -4.29212e-05 0)
(10.8775 -7.48033e-05 0)
(10.8775 -7.19446e-05 0)
(10.8775 -6.09209e-05 0)
(10.8775 -4.30491e-05 0)
(10.8775 -2.75031e-06 0)
(10.8775 2.81247e-05 0)
(10.8774 2.17745e-05 0)
(10.8774 9.11405e-06 0)
(10.8774 1.21749e-06 0)
(10.8774 -1.25277e-07 0)
(10.8774 -1.55057e-06 0)
(10.8774 -6.60366e-07 0)
(10.8774 -1.5359e-06 0)
(10.8774 -5.66497e-07 0)
(10.8774 -1.51675e-06 0)
(10.8774 -4.49024e-07 0)
(10.8774 -1.43021e-06 0)
(10.8774 -7.96999e-07 0)
(10.8774 -2.06745e-06 0)
(10.8774 -9.3334e-07 0)
(10.8774 -1.37487e-06 0)
(10.8774 -5.4618e-07 0)
(10.8774 -5.53201e-07 0)
(10.8774 3.67601e-07 0)
(10.8774 -4.68888e-08 0)
(10.8774 6.62364e-07 0)
(10.8774 -2.39452e-07 0)
(10.8774 5.75263e-07 0)
(10.8774 -4.80858e-07 0)
(10.8774 -4.9006e-09 0)
(10.8774 -1.3346e-06 0)
(10.8774 -3.67196e-07 0)
(10.8774 -8.54623e-07 0)
(10.8774 -2.07478e-07 0)
(10.8774 -3.68239e-07 0)
(10.8774 1.32276e-07 0)
(10.8774 -1.4759e-07 0)
(10.8774 2.43058e-07 0)
(10.8774 -9.82498e-08 0)
(10.8774 2.82262e-07 0)
(10.8774 -1.18022e-07 0)
(10.8774 2.97737e-07 0)
(10.8774 -1.48739e-07 0)
(10.8774 2.99037e-07 0)
(10.8774 -1.44109e-07 0)
(10.8774 3.09801e-07 0)
(10.8774 -1.2686e-07 0)
(10.8774 3.21562e-07 0)
(10.8774 -1.28606e-07 0)
(10.8774 2.76332e-07 0)
(10.8774 -2.11378e-07 0)
(10.8774 2.46751e-07 0)
(10.8774 -2.1728e-07 0)
(10.8774 2.20906e-07 0)
(10.8774 -1.8075e-07 0)
(10.8774 2.79872e-07 0)
(10.8774 9.63129e-08 0)
(10.8774 1.39577e-06 0)
(10.8774 3.77985e-06 0)
(10.8774 1.33341e-05 0)
(10.8774 3.07994e-05 0)
(10.8217 4.21815e-05 0)
(10.8217 4.02241e-05 0)
(10.8217 1.27566e-05 0)
(10.8217 -1.48885e-05 0)
(10.8217 -2.38781e-05 0)
(10.8217 -3.44024e-05 0)
(10.8217 -4.18804e-05 0)
(10.8218 -1.28374e-05 0)
(10.8217 5.40951e-06 0)
(10.8217 -1.56882e-06 0)
(10.8217 -9.59599e-06 0)
(10.8217 -7.30553e-06 0)
(10.8217 2.9743e-06 0)
(10.8217 1.8613e-05 0)
(10.8217 3.18685e-05 0)
(10.8217 3.32485e-05 0)
(10.8218 2.8972e-05 0)
(10.8218 2.37662e-05 0)
(10.8218 1.38377e-05 0)
(10.8218 1.18228e-05 0)
(10.8217 -8.88076e-06 0)
(10.8217 -2.95886e-05 0)
(10.8217 -3.43361e-05 0)
(10.8218 -3.17853e-05 0)
(10.8218 -2.90901e-05 0)
(10.8218 7.69343e-06 0)
(10.8218 3.1774e-05 0)
(10.8218 2.56867e-05 0)
(10.8218 9.11077e-06 0)
(10.8218 5.95254e-06 0)
(10.8218 1.24482e-06 0)
(10.8218 4.59197e-06 0)
(10.8218 1.80018e-05 0)
(10.8218 3.83327e-05 0)
(10.8218 3.94784e-05 0)
(10.8217 2.72145e-05 0)
(10.8217 1.16224e-05 0)
(10.8217 -6.63355e-06 0)
(10.8217 -4.30169e-05 0)
(10.8217 -7.51881e-05 0)
(10.8218 -7.19066e-05 0)
(10.8218 -6.10949e-05 0)
(10.8218 -4.37664e-05 0)
(10.8218 -2.69025e-06 0)
(10.8218 2.90896e-05 0)
(10.8217 2.22974e-05 0)
(10.8217 9.07254e-06 0)
(10.8217 1.12197e-06 0)
(10.8217 -2.58092e-07 0)
(10.8217 -1.60381e-06 0)
(10.8217 -7.1897e-07 0)
(10.8217 -1.51599e-06 0)
(10.8217 -5.6917e-07 0)
(10.8217 -1.45329e-06 0)
(10.8217 -4.17638e-07 0)
(10.8217 -1.32395e-06 0)
(10.8217 -7.42053e-07 0)
(10.8217 -1.94354e-06 0)
(10.8217 -8.82033e-07 0)
(10.8217 -1.28304e-06 0)
(10.8217 -4.79072e-07 0)
(10.8217 -4.72706e-07 0)
(10.8217 4.1958e-07 0)
(10.8217 3.29507e-08 0)
(10.8217 7.02548e-07 0)
(10.8217 -1.60573e-07 0)
(10.8217 6.09256e-07 0)
(10.8217 -3.86151e-07 0)
(10.8217 3.42418e-08 0)
(10.8217 -1.23268e-06 0)
(10.8217 -3.40816e-07 0)
(10.8217 -7.91089e-07 0)
(10.8217 -1.66992e-07 0)
(10.8217 -3.1537e-07 0)
(10.8217 1.70171e-07 0)
(10.8217 -9.45163e-08 0)
(10.8217 2.76785e-07 0)
(10.8217 -4.43116e-08 0)
(10.8217 3.09901e-07 0)
(10.8217 -6.88811e-08 0)
(10.8217 3.20784e-07 0)
(10.8217 -1.06593e-07 0)
(10.8217 3.20133e-07 0)
(10.8217 -1.05838e-07 0)
(10.8217 3.29449e-07 0)
(10.8217 -8.91399e-08 0)
(10.8217 3.36983e-07 0)
(10.8217 -8.97696e-08 0)
(10.8217 2.83591e-07 0)
(10.8217 -1.83669e-07 0)
(10.8217 2.54114e-07 0)
(10.8217 -1.94474e-07 0)
(10.8217 2.25143e-07 0)
(10.8217 -1.58591e-07 0)
(10.8217 2.78043e-07 0)
(10.8217 1.09195e-07 0)
(10.8217 1.37146e-06 0)
(10.8217 3.72506e-06 0)
(10.8217 1.30709e-05 0)
(10.8217 3.00462e-05 0)
(10.7573 4.16429e-05 0)
(10.7573 4.12738e-05 0)
(10.7573 1.33818e-05 0)
(10.7573 -1.56659e-05 0)
(10.7573 -2.47177e-05 0)
(10.7573 -3.50942e-05 0)
(10.7573 -4.25834e-05 0)
(10.7573 -1.25649e-05 0)
(10.7573 7.17157e-06 0)
(10.7573 -5.63731e-07 0)
(10.7573 -9.26907e-06 0)
(10.7572 -7.37932e-06 0)
(10.7573 2.70067e-06 0)
(10.7573 1.78576e-05 0)
(10.7573 3.07639e-05 0)
(10.7573 3.22114e-05 0)
(10.7574 2.81469e-05 0)
(10.7574 2.29517e-05 0)
(10.7574 1.40646e-05 0)
(10.7573 1.33712e-05 0)
(10.7573 -7.95942e-06 0)
(10.7573 -3.00974e-05 0)
(10.7573 -3.46649e-05 0)
(10.7573 -3.24673e-05 0)
(10.7574 -3.01756e-05 0)
(10.7574 7.44714e-06 0)
(10.7574 3.27181e-05 0)
(10.7574 2.59589e-05 0)
(10.7574 8.96712e-06 0)
(10.7574 5.56595e-06 0)
(10.7574 1.01391e-06 0)
(10.7574 4.2901e-06 0)
(10.7574 1.79483e-05 0)
(10.7574 3.89287e-05 0)
(10.7573 4.04303e-05 0)
(10.7573 2.78683e-05 0)
(10.7573 1.19129e-05 0)
(10.7573 -6.33781e-06 0)
(10.7573 -4.30697e-05 0)
(10.7573 -7.56249e-05 0)
(10.7573 -7.18853e-05 0)
(10.7573 -6.12741e-05 0)
(10.7574 -4.45482e-05 0)
(10.7574 -2.65789e-06 0)
(10.7573 3.00818e-05 0)
(10.7573 2.28285e-05 0)
(10.7573 9.01567e-06 0)
(10.7573 1.01507e-06 0)
(10.7573 -3.92079e-07 0)
(10.7573 -1.64833e-06 0)
(10.7573 -7.5992e-07 0)
(10.7573 -1.47542e-06 0)
(10.7573 -5.47674e-07 0)
(10.7573 -1.36775e-06 0)
(10.7573 -3.64399e-07 0)
(10.7573 -1.20054e-06 0)
(10.7573 -6.70341e-07 0)
(10.7573 -1.8047e-06 0)
(10.7573 -8.2254e-07 0)
(10.7573 -1.18514e-06 0)
(10.7573 -4.06481e-07 0)
(10.7573 -3.89236e-07 0)
(10.7573 4.73236e-07 0)
(10.7573 1.123e-07 0)
(10.7573 7.42653e-07 0)
(10.7573 -8.39006e-08 0)
(10.7573 6.41945e-07 0)
(10.7573 -2.94608e-07 0)
(10.7573 7.24514e-08 0)
(10.7573 -1.13157e-06 0)
(10.7573 -3.18583e-07 0)
(10.7573 -7.32206e-07 0)
(10.7573 -1.30163e-07 0)
(10.7573 -2.66671e-07 0)
(10.7573 2.03788e-07 0)
(10.7573 -4.62102e-08 0)
(10.7573 3.0601e-07 0)
(10.7573 4.54174e-09 0)
(10.7573 3.33131e-07 0)
(10.7573 -2.48775e-08 0)
(10.7573 3.396e-07 0)
(10.7573 -6.93164e-08 0)
(10.7573 3.37056e-07 0)
(10.7573 -7.21657e-08 0)
(10.7573 3.4508e-07 0)
(10.7573 -5.58293e-08 0)
(10.7573 3.48791e-07 0)
(10.7573 -5.50268e-08 0)
(10.7572 2.88052e-07 0)
(10.7572 -1.58914e-07 0)
(10.7572 2.59354e-07 0)
(10.7572 -1.73944e-07 0)
(10.7572 2.27806e-07 0)
(10.7572 -1.3812e-07 0)
(10.7572 2.75308e-07 0)
(10.7572 1.20445e-07 0)
(10.7572 1.34439e-06 0)
(10.7572 3.66105e-06 0)
(10.7573 1.27853e-05 0)
(10.7573 2.92618e-05 0)
(10.6835 4.10858e-05 0)
(10.6834 4.22856e-05 0)
(10.6834 1.40526e-05 0)
(10.6834 -1.647e-05 0)
(10.6835 -2.55913e-05 0)
(10.6835 -3.58045e-05 0)
(10.6835 -4.33687e-05 0)
(10.6835 -1.2346e-05 0)
(10.6835 9.02052e-06 0)
(10.6835 4.70631e-07 0)
(10.6834 -8.94121e-06 0)
(10.6834 -7.45938e-06 0)
(10.6834 2.42629e-06 0)
(10.6834 1.71067e-05 0)
(10.6835 2.96699e-05 0)
(10.6835 3.11785e-05 0)
(10.6835 2.73304e-05 0)
(10.6835 2.21614e-05 0)
(10.6836 1.42678e-05 0)
(10.6835 1.49356e-05 0)
(10.6835 -6.93293e-06 0)
(10.6835 -3.06222e-05 0)
(10.6835 -3.49849e-05 0)
(10.6835 -3.31557e-05 0)
(10.6836 -3.13343e-05 0)
(10.6836 7.15217e-06 0)
(10.6836 3.37145e-05 0)
(10.6835 2.62422e-05 0)
(10.6835 8.81336e-06 0)
(10.6835 5.16217e-06 0)
(10.6836 7.87968e-07 0)
(10.6836 3.99402e-06 0)
(10.6836 1.78759e-05 0)
(10.6835 3.95345e-05 0)
(10.6835 4.14401e-05 0)
(10.6835 2.85664e-05 0)
(10.6835 1.22248e-05 0)
(10.6835 -5.96928e-06 0)
(10.6835 -4.31117e-05 0)
(10.6835 -7.60906e-05 0)
(10.6835 -7.18724e-05 0)
(10.6835 -6.1453e-05 0)
(10.6835 -4.54017e-05 0)
(10.6835 -2.65673e-06 0)
(10.6835 3.11025e-05 0)
(10.6835 2.33668e-05 0)
(10.6835 8.94696e-06 0)
(10.6835 8.98712e-07 0)
(10.6835 -5.23457e-07 0)
(10.6835 -1.67961e-06 0)
(10.6835 -7.7791e-07 0)
(10.6835 -1.41023e-06 0)
(10.6835 -4.98876e-07 0)
(10.6835 -1.25929e-06 0)
(10.6835 -2.88931e-07 0)
(10.6835 -1.06006e-06 0)
(10.6835 -5.8229e-07 0)
(10.6835 -1.65197e-06 0)
(10.6835 -7.55116e-07 0)
(10.6835 -1.08247e-06 0)
(10.6835 -3.29834e-07 0)
(10.6835 -3.04108e-07 0)
(10.6834 5.27179e-07 0)
(10.6834 1.89874e-07 0)
(10.6834 7.81414e-07 0)
(10.6834 -1.05996e-08 0)
(10.6834 6.72168e-07 0)
(10.6834 -2.07297e-07 0)
(10.6834 1.08734e-07 0)
(10.6834 -1.0322e-06 0)
(10.6834 -3.01266e-07 0)
(10.6834 -6.78967e-07 0)
(10.6834 -9.77084e-08 0)
(10.6834 -2.23091e-07 0)
(10.6834 2.32524e-07 0)
(10.6834 -3.4614e-09 0)
(10.6834 3.30256e-07 0)
(10.6834 4.7909e-08 0)
(10.6834 3.51515e-07 0)
(10.6834 1.37627e-08 0)
(10.6834 3.53602e-07 0)
(10.6834 -3.72453e-08 0)
(10.6834 3.49402e-07 0)
(10.6834 -4.33785e-08 0)
(10.6834 3.56335e-07 0)
(10.6834 -2.70727e-08 0)
(10.6834 3.56655e-07 0)
(10.6834 -2.44124e-08 0)
(10.6834 2.89379e-07 0)
(10.6834 -1.37349e-07 0)
(10.6834 2.62094e-07 0)
(10.6834 -1.56018e-07 0)
(10.6834 2.28722e-07 0)
(10.6834 -1.19604e-07 0)
(10.6834 2.71452e-07 0)
(10.6834 1.29893e-07 0)
(10.6834 1.31429e-06 0)
(10.6834 3.58706e-06 0)
(10.6834 1.24761e-05 0)
(10.6834 2.84409e-05 0)
(10.5994 4.05059e-05 0)
(10.5993 4.32551e-05 0)
(10.5993 1.47529e-05 0)
(10.5993 -1.73072e-05 0)
(10.5994 -2.65001e-05 0)
(10.5994 -3.6537e-05 0)
(10.5994 -4.42521e-05 0)
(10.5994 -1.21968e-05 0)
(10.5994 1.09707e-05 0)
(10.5994 1.54548e-06 0)
(10.5993 -8.60737e-06 0)
(10.5993 -7.54049e-06 0)
(10.5993 2.1568e-06 0)
(10.5993 1.63648e-05 0)
(10.5994 2.85875e-05 0)
(10.5994 3.01507e-05 0)
(10.5994 2.65223e-05 0)
(10.5994 2.13952e-05 0)
(10.5995 1.44386e-05 0)
(10.5994 1.65452e-05 0)
(10.5994 -5.79006e-06 0)
(10.5994 -3.12078e-05 0)
(10.5994 -3.52982e-05 0)
(10.5994 -3.38494e-05 0)
(10.5995 -3.25558e-05 0)
(10.5995 6.80362e-06 0)
(10.5995 3.47623e-05 0)
(10.5994 2.65432e-05 0)
(10.5994 8.64947e-06 0)
(10.5995 4.74404e-06 0)
(10.5995 5.74427e-07 0)
(10.5995 3.70904e-06 0)
(10.5995 1.77817e-05 0)
(10.5994 4.01444e-05 0)
(10.5994 4.25079e-05 0)
(10.5994 2.93109e-05 0)
(10.5994 1.25593e-05 0)
(10.5994 -5.54201e-06 0)
(10.5994 -4.3166e-05 0)
(10.5994 -7.65611e-05 0)
(10.5994 -7.18597e-05 0)
(10.5994 -6.16273e-05 0)
(10.5994 -4.63328e-05 0)
(10.5994 -2.69156e-06 0)
(10.5994 3.21536e-05 0)
(10.5994 2.3911e-05 0)
(10.5994 8.86995e-06 0)
(10.5994 7.75161e-07 0)
(10.5994 -6.47427e-07 0)
(10.5994 -1.69189e-06 0)
(10.5994 -7.67691e-07 0)
(10.5994 -1.3162e-06 0)
(10.5994 -4.20839e-07 0)
(10.5994 -1.12556e-06 0)
(10.5994 -1.9247e-07 0)
(10.5994 -9.03339e-07 0)
(10.5994 -4.79229e-07 0)
(10.5994 -1.48739e-06 0)
(10.5994 -6.81221e-07 0)
(10.5993 -9.76412e-07 0)
(10.5993 -2.50954e-07 0)
(10.5993 -2.18963e-07 0)
(10.5993 5.79573e-07 0)
(10.5993 2.64258e-07 0)
(10.5993 8.17175e-07 0)
(10.5993 5.82332e-08 0)
(10.5993 6.98523e-07 0)
(10.5993 -1.25216e-07 0)
(10.5993 1.4196e-07 0)
(10.5993 -9.35487e-07 0)
(10.5993 -2.89255e-07 0)
(10.5993 -6.31771e-07 0)
(10.5993 -7.03469e-08 0)
(10.5993 -1.84673e-07 0)
(10.5993 2.55579e-07 0)
(10.5993 3.35374e-08 0)
(10.5993 3.48659e-07 0)
(10.5993 8.52659e-08 0)
(10.5993 3.64414e-07 0)
(10.5993 4.636e-08 0)
(10.5993 3.62424e-07 0)
(10.5993 -1.06169e-08 0)
(10.5993 3.56866e-07 0)
(10.5993 -1.97971e-08 0)
(10.5993 3.62864e-07 0)
(10.5993 -3.31384e-09 0)
(10.5993 3.60239e-07 0)
(10.5993 1.40277e-09 0)
(10.5993 2.87475e-07 0)
(10.5993 -1.19187e-07 0)
(10.5993 2.62181e-07 0)
(10.5993 -1.40556e-07 0)
(10.5993 2.27691e-07 0)
(10.5993 -1.03077e-07 0)
(10.5993 2.66153e-07 0)
(10.5993 1.37513e-07 0)
(10.5993 1.28073e-06 0)
(10.5993 3.50243e-06 0)
(10.5993 1.21418e-05 0)
(10.5993 2.75822e-05 0)
(10.5039 3.98486e-05 0)
(10.5039 4.41956e-05 0)
(10.5039 1.54908e-05 0)
(10.5039 -1.81805e-05 0)
(10.5039 -2.74418e-05 0)
(10.504 -3.72924e-05 0)
(10.504 -4.52249e-05 0)
(10.504 -1.20993e-05 0)
(10.504 1.29872e-05 0)
(10.5039 2.67876e-06 0)
(10.5039 -8.26473e-06 0)
(10.5039 -7.61675e-06 0)
(10.5039 1.8972e-06 0)
(10.5039 1.56348e-05 0)
(10.5039 2.75164e-05 0)
(10.504 2.91271e-05 0)
(10.504 2.57206e-05 0)
(10.504 2.06573e-05 0)
(10.504 1.4566e-05 0)
(10.504 1.81986e-05 0)
(10.5039 -4.56585e-06 0)
(10.5039 -3.18257e-05 0)
(10.504 -3.56016e-05 0)
(10.504 -3.45414e-05 0)
(10.504 -3.3857e-05 0)
(10.5041 6.41073e-06 0)
(10.504 3.58534e-05 0)
(10.504 2.68612e-05 0)
(10.504 8.4745e-06 0)
(10.504 4.31366e-06 0)
(10.504 3.87319e-07 0)
(10.504 3.43872e-06 0)
(10.504 1.76586e-05 0)
(10.504 4.07504e-05 0)
(10.504 4.36321e-05 0)
(10.504 3.01025e-05 0)
(10.5039 1.29188e-05 0)
(10.5039 -5.05537e-06 0)
(10.5039 -4.31993e-05 0)
(10.5039 -7.70443e-05 0)
(10.504 -7.18367e-05 0)
(10.504 -6.17932e-05 0)
(10.504 -4.73413e-05 0)
(10.504 -2.76874e-06 0)
(10.504 3.32356e-05 0)
(10.504 2.44574e-05 0)
(10.5039 8.78339e-06 0)
(10.5039 6.45514e-07 0)
(10.504 -7.59378e-07 0)
(10.5039 -1.67867e-06 0)
(10.5039 -7.23842e-07 0)
(10.5039 -1.18885e-06 0)
(10.5039 -3.11979e-07 0)
(10.5039 -9.66403e-07 0)
(10.5039 -7.59896e-08 0)
(10.5039 -7.32267e-07 0)
(10.5039 -3.63343e-07 0)
(10.5039 -1.31358e-06 0)
(10.5039 -6.02994e-07 0)
(10.5039 -8.6901e-07 0)
(10.5039 -1.72021e-07 0)
(10.5039 -1.35819e-07 0)
(10.5039 6.28439e-07 0)
(10.5039 3.3373e-07 0)
(10.5039 8.48287e-07 0)
(10.5039 1.21306e-07 0)
(10.5039 7.19724e-07 0)
(10.5039 -4.93489e-08 0)
(10.5039 1.71031e-07 0)
(10.5039 -8.42406e-07 0)
(10.5039 -2.82895e-07 0)
(10.5039 -5.91246e-07 0)
(10.5039 -4.87254e-08 0)
(10.5039 -1.52265e-07 0)
(10.5039 2.72507e-07 0)
(10.5039 6.41216e-08 0)
(10.5039 3.60914e-07 0)
(10.5039 1.1642e-07 0)
(10.5039 3.71575e-07 0)
(10.5039 7.30389e-08 0)
(10.5039 3.65989e-07 0)
(10.5039 1.06858e-08 0)
(10.5039 3.59219e-07 0)
(10.5039 -1.43845e-09 0)
(10.5039 3.64548e-07 0)
(10.5039 1.54916e-08 0)
(10.5039 3.59482e-07 0)
(10.5039 2.25739e-08 0)
(10.5039 2.82292e-07 0)
(10.5039 -1.04605e-07 0)
(10.5039 2.59524e-07 0)
(10.5039 -1.27642e-07 0)
(10.5039 2.24529e-07 0)
(10.5039 -8.86737e-08 0)
(10.5039 2.59322e-07 0)
(10.5039 1.43167e-07 0)
(10.5039 1.2434e-06 0)
(10.5039 3.40621e-06 0)
(10.5039 1.178e-05 0)
(10.5039 2.66851e-05 0)
(10.3958 3.90766e-05 0)
(10.3958 4.51003e-05 0)
(10.3958 1.62854e-05 0)
(10.3958 -1.90928e-05 0)
(10.3958 -2.84027e-05 0)
(10.3959 -3.80664e-05 0)
(10.3959 -4.62613e-05 0)
(10.3959 -1.20436e-05 0)
(10.3959 1.50607e-05 0)
(10.3958 3.86525e-06 0)
(10.3958 -7.9152e-06 0)
(10.3958 -7.68426e-06 0)
(10.3958 1.64711e-06 0)
(10.3958 1.49226e-05 0)
(10.3958 2.64544e-05 0)
(10.3959 2.81046e-05 0)
(10.3959 2.49216e-05 0)
(10.3959 1.99711e-05 0)
(10.3959 1.46179e-05 0)
(10.3959 1.988e-05 0)
(10.3958 -3.26678e-06 0)
(10.3958 -3.24485e-05 0)
(10.3959 -3.58842e-05 0)
(10.3959 -3.52161e-05 0)
(10.3959 -3.5233e-05 0)
(10.396 5.96928e-06 0)
(10.3959 3.69367e-05 0)
(10.3959 2.72032e-05 0)
(10.3959 8.28818e-06 0)
(10.3959 3.86933e-06 0)
(10.3959 2.44667e-07 0)
(10.3959 3.18381e-06 0)
(10.3959 1.74947e-05 0)
(10.3959 4.134e-05 0)
(10.3959 4.48043e-05 0)
(10.3958 3.09401e-05 0)
(10.3958 1.3306e-05 0)
(10.3958 -4.50416e-06 0)
(10.3958 -4.31809e-05 0)
(10.3958 -7.75214e-05 0)
(10.3959 -7.17882e-05 0)
(10.3959 -6.19382e-05 0)
(10.3959 -4.84077e-05 0)
(10.3959 -2.91638e-06 0)
(10.3959 3.43396e-05 0)
(10.3958 2.49957e-05 0)
(10.3958 8.67702e-06 0)
(10.3958 5.07376e-07 0)
(10.3958 -8.5501e-07 0)
(10.3958 -1.63398e-06 0)
(10.3958 -6.41701e-07 0)
(10.3958 -1.02463e-06 0)
(10.3958 -1.7158e-07 0)
(10.3958 -7.83535e-07 0)
(10.3958 5.78619e-08 0)
(10.3958 -5.49913e-07 0)
(10.3958 -2.3792e-07 0)
(10.3958 -1.13403e-06 0)
(10.3958 -5.22567e-07 0)
(10.3958 -7.62548e-07 0)
(10.3958 -9.58025e-08 0)
(10.3958 -5.70088e-08 0)
(10.3958 6.71334e-07 0)
(10.3958 3.96469e-07 0)
(10.3958 8.72666e-07 0)
(10.3958 1.77511e-07 0)
(10.3958 7.34232e-07 0)
(10.3958 1.91349e-08 0)
(10.3958 1.95124e-07 0)
(10.3958 -7.53914e-07 0)
(10.3958 -2.81853e-07 0)
(10.3958 -5.57427e-07 0)
(10.3958 -3.32014e-08 0)
(10.3958 -1.26394e-07 0)
(10.3958 2.8388e-07 0)
(10.3958 8.76475e-08 0)
(10.3958 3.66942e-07 0)
(10.3958 1.4118e-07 0)
(10.3958 3.72769e-07 0)
(10.3958 9.42071e-08 0)
(10.3958 3.6389e-07 0)
(10.3958 2.66535e-08 0)
(10.3958 3.56197e-07 0)
(10.3958 1.19623e-08 0)
(10.3958 3.61565e-07 0)
(10.3958 2.94082e-08 0)
(10.3958 3.54044e-07 0)
(10.3958 3.95567e-08 0)
(10.3958 2.73406e-07 0)
(10.3958 -9.35555e-08 0)
(10.3958 2.53791e-07 0)
(10.3958 -1.17408e-07 0)
(10.3958 2.19246e-07 0)
(10.3958 -7.63955e-08 0)
(10.3958 2.50783e-07 0)
(10.3958 1.46884e-07 0)
(10.3958 1.20178e-06 0)
(10.3958 3.29739e-06 0)
(10.3958 1.13881e-05 0)
(10.3958 2.57494e-05 0)
(10.2733 3.81828e-05 0)
(10.2733 4.59492e-05 0)
(10.2733 1.71623e-05 0)
(10.2733 -2.00254e-05 0)
(10.2733 -2.93301e-05 0)
(10.2734 -3.88557e-05 0)
(10.2734 -4.73255e-05 0)
(10.2734 -1.20177e-05 0)
(10.2734 1.71702e-05 0)
(10.2733 5.06489e-06 0)
(10.2733 -7.57534e-06 0)
(10.2733 -7.7459e-06 0)
(10.2733 1.40756e-06 0)
(10.2733 1.4226e-05 0)
(10.2733 2.53944e-05 0)
(10.2734 2.70756e-05 0)
(10.2734 2.41145e-05 0)
(10.2734 1.93047e-05 0)
(10.2734 1.46082e-05 0)
(10.2734 2.15947e-05 0)
(10.2733 -1.9298e-06 0)
(10.2733 -3.29943e-05 0)
(10.2734 -3.61183e-05 0)
(10.2734 -3.58444e-05 0)
(10.2734 -3.66587e-05 0)
(10.2735 5.47827e-06 0)
(10.2735 3.79878e-05 0)
(10.2734 2.75115e-05 0)
(10.2734 8.06987e-06 0)
(10.2734 3.40243e-06 0)
(10.2734 1.29429e-07 0)
(10.2734 2.98958e-06 0)
(10.2734 1.72665e-05 0)
(10.2734 4.19079e-05 0)
(10.2734 4.60151e-05 0)
(10.2733 3.1825e-05 0)
(10.2733 1.37276e-05 0)
(10.2733 -3.87831e-06 0)
(10.2733 -4.30718e-05 0)
(10.2733 -7.79624e-05 0)
(10.2733 -7.16835e-05 0)
(10.2734 -6.20343e-05 0)
(10.2734 -4.95387e-05 0)
(10.2734 -3.14794e-06 0)
(10.2734 3.54325e-05 0)
(10.2733 2.54872e-05 0)
(10.2733 8.52177e-06 0)
(10.2733 3.50135e-07 0)
(10.2733 -9.33755e-07 0)
(10.2733 -1.55376e-06 0)
(10.2733 -5.19089e-07 0)
(10.2733 -8.23174e-07 0)
(10.2733 -1.85835e-09 0)
(10.2733 -5.79819e-07 0)
(10.2733 2.04683e-07 0)
(10.2733 -3.6107e-07 0)
(10.2733 -1.07347e-07 0)
(10.2733 -9.53191e-07 0)
(10.2733 -4.42823e-07 0)
(10.2733 -6.59925e-07 0)
(10.2733 -2.53079e-08 0)
(10.2733 1.48933e-08 0)
(10.2733 7.05781e-07 0)
(10.2733 4.5037e-07 0)
(10.2733 8.88277e-07 0)
(10.2733 2.25719e-07 0)
(10.2733 7.4068e-07 0)
(10.2733 7.91972e-08 0)
(10.2733 2.13299e-07 0)
(10.2733 -6.70671e-07 0)
(10.2733 -2.8621e-07 0)
(10.2733 -5.29937e-07 0)
(10.2733 -2.41694e-08 0)
(10.2733 -1.07144e-07 0)
(10.2733 2.8933e-07 0)
(10.2733 1.04093e-07 0)
(10.2733 3.67301e-07 0)
(10.2733 1.59429e-07 0)
(10.2733 3.68145e-07 0)
(10.2733 1.09494e-07 0)
(10.2733 3.56094e-07 0)
(10.2733 3.70448e-08 0)
(10.2733 3.47765e-07 0)
(10.2733 2.0299e-08 0)
(10.2733 3.53176e-07 0)
(10.2733 3.89824e-08 0)
(10.2733 3.43792e-07 0)
(10.2733 5.26696e-08 0)
(10.2733 2.60942e-07 0)
(10.2733 -8.59262e-08 0)
(10.2733 2.44985e-07 0)
(10.2733 -1.099e-07 0)
(10.2733 2.11527e-07 0)
(10.2733 -6.60895e-08 0)
(10.2733 2.40479e-07 0)
(10.2733 1.48584e-07 0)
(10.2733 1.15537e-06 0)
(10.2733 3.17454e-06 0)
(10.2733 1.09628e-05 0)
(10.2733 2.47681e-05 0)
(10.1342 3.71945e-05 0)
(10.1341 4.67484e-05 0)
(10.1341 1.81773e-05 0)
(10.1341 -2.08545e-05 0)
(10.1342 -3.01906e-05 0)
(10.1342 -3.96516e-05 0)
(10.1343 -4.83695e-05 0)
(10.1343 -1.19688e-05 0)
(10.1343 1.91919e-05 0)
(10.1342 6.18033e-06 0)
(10.1342 -7.29115e-06 0)
(10.1342 -7.81481e-06 0)
(10.1342 1.16809e-06 0)
(10.1342 1.35369e-05 0)
(10.1342 2.43213e-05 0)
(10.1342 2.60253e-05 0)
(10.1342 2.32861e-05 0)
(10.1343 1.86454e-05 0)
(10.1343 1.45681e-05 0)
(10.1342 2.33257e-05 0)
(10.1342 -4.5668e-07 0)
(10.1342 -3.33879e-05 0)
(10.1342 -3.62463e-05 0)
(10.1343 -3.63804e-05 0)
(10.1343 -3.80947e-05 0)
(10.1343 4.90337e-06 0)
(10.1343 3.89299e-05 0)
(10.1343 2.76835e-05 0)
(10.1343 7.76609e-06 0)
(10.1343 2.8857e-06 0)
(10.1343 3.11868e-08 0)
(10.1343 2.84859e-06 0)
(10.1343 1.69973e-05 0)
(10.1343 4.25001e-05 0)
(10.1342 4.72662e-05 0)
(10.1342 3.27681e-05 0)
(10.1342 1.41997e-05 0)
(10.1342 -3.16335e-06 0)
(10.1342 -4.28091e-05 0)
(10.1342 -7.82913e-05 0)
(10.1342 -7.14496e-05 0)
(10.1342 -6.20262e-05 0)
(10.1342 -5.07357e-05 0)
(10.1343 -3.50015e-06 0)
(10.1342 3.64239e-05 0)
(10.1342 2.58255e-05 0)
(10.1342 8.2628e-06 0)
(10.1342 1.46553e-07 0)
(10.1342 -1.00223e-06 0)
(10.1342 -1.43925e-06 0)
(10.1342 -3.57495e-07 0)
(10.1342 -5.87983e-07 0)
(10.1342 1.91432e-07 0)
(10.1341 -3.60995e-07 0)
(10.1341 3.57623e-07 0)
(10.1341 -1.71848e-07 0)
(10.1341 2.2514e-08 0)
(10.1341 -7.76125e-07 0)
(10.1341 -3.67382e-07 0)
(10.1341 -5.6428e-07 0)
(10.1341 3.60269e-08 0)
(10.1341 7.73773e-08 0)
(10.1341 7.28939e-07 0)
(10.1341 4.93137e-07 0)
(10.1341 8.92595e-07 0)
(10.1341 2.65185e-07 0)
(10.1341 7.37449e-07 0)
(10.1341 1.29864e-07 0)
(10.1341 2.25718e-07 0)
(10.1341 -5.92904e-07 0)
(10.1341 -2.95806e-07 0)
(10.1341 -5.07667e-07 0)
(10.1341 -2.19727e-08 0)
(10.1341 -9.40577e-08 0)
(10.1341 2.87599e-07 0)
(10.1341 1.14106e-07 0)
(10.1341 3.60918e-07 0)
(10.1341 1.71522e-07 0)
(10.1341 3.57045e-07 0)
(10.1341 1.18763e-07 0)
(10.1341 3.42796e-07 0)
(10.1341 4.2124e-08 0)
(10.1341 3.33922e-07 0)
(10.1341 2.4101e-08 0)
(10.1341 3.39215e-07 0)
(10.1341 4.44909e-08 0)
(10.1341 3.29001e-07 0)
(10.1341 6.16104e-08 0)
(10.1341 2.4489e-07 0)
(10.1341 -8.10442e-08 0)
(10.1341 2.32956e-07 0)
(10.1341 -1.04398e-07 0)
(10.1341 2.00821e-07 0)
(10.1341 -5.74002e-08 0)
(10.1341 2.28159e-07 0)
(10.1341 1.48369e-07 0)
(10.1341 1.10342e-06 0)
(10.1341 3.03599e-06 0)
(10.1341 1.04987e-05 0)
(10.1341 2.37345e-05 0)
(9.97534 3.62215e-05 0)
(9.97532 4.75943e-05 0)
(9.9753 1.94554e-05 0)
(9.97532 -2.13779e-05 0)
(9.97538 -3.08713e-05 0)
(9.97543 -4.04353e-05 0)
(9.97548 -4.93657e-05 0)
(9.9755 -1.19142e-05 0)
(9.97546 2.09221e-05 0)
(9.97539 7.01839e-06 0)
(9.97536 -7.17241e-06 0)
(9.97534 -7.94275e-06 0)
(9.97534 9.12753e-07 0)
(9.97534 1.28307e-05 0)
(9.97536 2.32081e-05 0)
(9.97539 2.49289e-05 0)
(9.97541 2.24132e-05 0)
(9.97543 1.7977e-05 0)
(9.97544 1.45877e-05 0)
(9.9754 2.51236e-05 0)
(9.97534 1.34909e-06 0)
(9.97535 -3.34064e-05 0)
(9.97539 -3.61379e-05 0)
(9.97544 -3.67919e-05 0)
(9.97549 -3.9531e-05 0)
(9.97553 4.12626e-06 0)
(9.97551 3.95845e-05 0)
(9.97547 2.751e-05 0)
(9.97546 7.25002e-06 0)
(9.97547 2.26365e-06 0)
(9.97546 -8.03999e-08 0)
(9.97546 2.73263e-06 0)
(9.97546 1.67783e-05 0)
(9.97543 4.32965e-05 0)
(9.97539 4.86342e-05 0)
(9.97535 3.38184e-05 0)
(9.97534 1.47622e-05 0)
(9.97532 -2.34259e-06 0)
(9.97532 -4.23075e-05 0)
(9.97534 -7.83032e-05 0)
(9.97536 -7.09813e-05 0)
(9.97539 -6.18667e-05 0)
(9.97542 -5.20269e-05 0)
(9.97544 -4.04582e-06 0)
(9.97541 3.71218e-05 0)
(9.97537 2.58016e-05 0)
(9.97536 7.76994e-06 0)
(9.97536 -1.67788e-07 0)
(9.97535 -1.08086e-06 0)
(9.97534 -1.30036e-06 0)
(9.97533 -1.66628e-07 0)
(9.97532 -3.27945e-07 0)
(9.97532 3.98535e-07 0)
(9.97531 -1.36495e-07 0)
(9.9753 5.07429e-07 0)
(9.9753 9.64864e-09 0)
(9.97529 1.44727e-07 0)
(9.97529 -6.08516e-07 0)
(9.97528 -3.00254e-07 0)
(9.97528 -4.79474e-07 0)
(9.97528 8.5023e-08 0)
(9.97528 1.27796e-07 0)
(9.97528 7.38226e-07 0)
(9.97527 5.22475e-07 0)
(9.97528 8.83916e-07 0)
(9.97528 2.9559e-07 0)
(9.97528 7.23887e-07 0)
(9.97528 1.70674e-07 0)
(9.97528 2.31997e-07 0)
(9.97528 -5.21448e-07 0)
(9.97527 -3.09825e-07 0)
(9.97527 -4.8992e-07 0)
(9.97527 -2.69215e-08 0)
(9.97527 -8.69188e-08 0)
(9.97527 2.77639e-07 0)
(9.97527 1.18307e-07 0)
(9.97527 3.46762e-07 0)
(9.97527 1.78339e-07 0)
(9.97527 3.39908e-07 0)
(9.97527 1.23052e-07 0)
(9.97527 3.23898e-07 0)
(9.97527 4.26953e-08 0)
(9.97527 3.14863e-07 0)
(9.97527 2.43334e-08 0)
(9.97527 3.20705e-07 0)
(9.97527 4.61833e-08 0)
(9.97527 3.09826e-07 0)
(9.97527 6.72694e-08 0)
(9.97527 2.24999e-07 0)
(9.97528 -7.86307e-08 0)
(9.97528 2.18005e-07 0)
(9.97528 -1.00502e-07 0)
(9.97528 1.87402e-07 0)
(9.97528 -5.01113e-08 0)
(9.97528 2.13732e-07 0)
(9.97528 1.46265e-07 0)
(9.97528 1.04514e-06 0)
(9.97528 2.87946e-06 0)
(9.97529 9.98762e-06 0)
(9.97532 2.26447e-05 0)
(9.79263 3.55562e-05 0)
(9.7926 4.88648e-05 0)
(9.79257 2.12437e-05 0)
(9.7926 -2.10997e-05 0)
(9.79267 -3.11717e-05 0)
(9.79274 -4.12142e-05 0)
(9.79279 -5.03868e-05 0)
(9.79281 -1.20648e-05 0)
(9.79275 2.202e-05 0)
(9.79268 7.21107e-06 0)
(9.79264 -7.51444e-06 0)
(9.79262 -8.23653e-06 0)
(9.79261 5.89846e-07 0)
(9.79262 1.20579e-05 0)
(9.79263 2.20115e-05 0)
(9.79266 2.37488e-05 0)
(9.79269 2.14639e-05 0)
(9.79271 1.72775e-05 0)
(9.79272 1.4916e-05 0)
(9.79268 2.72983e-05 0)
(9.79262 3.90412e-06 0)
(9.79263 -3.25748e-05 0)
(9.79267 -3.55745e-05 0)
(9.79273 -3.71448e-05 0)
(9.79279 -4.10204e-05 0)
(9.79283 3.03764e-06 0)
(9.7928 3.95441e-05 0)
(9.79276 2.6567e-05 0)
(9.79275 6.25406e-06 0)
(9.79275 1.44206e-06 0)
(9.79274 -2.7612e-07 0)
(9.79274 2.60134e-06 0)
(9.79274 1.68529e-05 0)
(9.79271 4.45348e-05 0)
(9.79266 5.0468e-05 0)
(9.79262 3.51272e-05 0)
(9.7926 1.55143e-05 0)
(9.79258 -1.36867e-06 0)
(9.79258 -4.14662e-05 0)
(9.7926 -7.7656e-05 0)
(9.79264 -7.01481e-05 0)
(9.79267 -6.16511e-05 0)
(9.79271 -5.34552e-05 0)
(9.79273 -4.92893e-06 0)
(9.79269 3.7124e-05 0)
(9.79264 2.49879e-05 0)
(9.79263 6.76903e-06 0)
(9.79263 -7.15244e-07 0)
(9.79262 -1.22247e-06 0)
(9.79261 -1.16018e-06 0)
(9.7926 3.17126e-08 0)
(9.79259 -5.99779e-08 0)
(9.79258 6.03409e-07 0)
(9.79257 8.04052e-08 0)
(9.79256 6.41832e-07 0)
(9.79256 1.73858e-07 0)
(9.79256 2.51175e-07 0)
(9.79255 -4.55656e-07 0)
(9.79255 -2.46114e-07 0)
(9.79255 -4.09121e-07 0)
(9.79254 1.18232e-07 0)
(9.79254 1.63999e-07 0)
(9.79254 7.30939e-07 0)
(9.79254 5.36468e-07 0)
(9.79254 8.61027e-07 0)
(9.79254 3.15308e-07 0)
(9.79254 6.97925e-07 0)
(9.79254 2.01378e-07 0)
(9.79255 2.31182e-07 0)
(9.79255 -4.56255e-07 0)
(9.79254 -3.26123e-07 0)
(9.79254 -4.76229e-07 0)
(9.79254 -3.93687e-08 0)
(9.79254 -8.28983e-08 0)
(9.79254 2.57752e-07 0)
(9.79254 1.18595e-07 0)
(9.79254 3.24299e-07 0)
(9.79254 1.79479e-07 0)
(9.79254 3.17346e-07 0)
(9.79254 1.21058e-07 0)
(9.79254 3.0137e-07 0)
(9.79255 3.85587e-08 0)
(9.79255 2.91469e-07 0)
(9.79255 2.09475e-08 0)
(9.79255 2.97706e-07 0)
(9.79255 4.35881e-08 0)
(9.79255 2.87261e-07 0)
(9.79255 6.75119e-08 0)
(9.79255 2.03776e-07 0)
(9.79255 -7.85746e-08 0)
(9.79255 2.00998e-07 0)
(9.79255 -9.70191e-08 0)
(9.79255 1.71192e-07 0)
(9.79255 -4.36074e-08 0)
(9.79255 1.96911e-07 0)
(9.79255 1.42123e-07 0)
(9.79255 9.79484e-07 0)
(9.79255 2.7023e-06 0)
(9.79257 9.41723e-06 0)
(9.7926 2.15184e-05 0)
(9.57995 3.59655e-05 0)
(9.57993 5.15785e-05 0)
(9.57988 2.4185e-05 0)
(9.57994 -1.89817e-05 0)
(9.58002 -3.09857e-05 0)
(9.58009 -4.23009e-05 0)
(9.58016 -5.19835e-05 0)
(9.58019 -1.2701e-05 0)
(9.58009 2.17538e-05 0)
(9.58 5.93554e-06 0)
(9.57996 -8.76636e-06 0)
(9.57993 -8.91201e-06 0)
(9.57991 1.01355e-07 0)
(9.57992 1.11394e-05 0)
(9.57994 2.06645e-05 0)
(9.57997 2.24282e-05 0)
(9.58 2.03945e-05 0)
(9.58002 1.65167e-05 0)
(9.58004 1.62252e-05 0)
(9.58 3.09163e-05 0)
(9.57992 8.0986e-06 0)
(9.57995 -2.98181e-05 0)
(9.58001 -3.42731e-05 0)
(9.58008 -3.79913e-05 0)
(9.58016 -4.30072e-05 0)
(9.5802 1.27602e-06 0)
(9.58014 3.80699e-05 0)
(9.58008 2.40442e-05 0)
(9.58007 4.28396e-06 0)
(9.58006 2.15068e-07 0)
(9.58006 -6.41863e-07 0)
(9.58005 2.38364e-06 0)
(9.58005 1.78851e-05 0)
(9.58003 4.73735e-05 0)
(9.57996 5.35992e-05 0)
(9.57991 3.71044e-05 0)
(9.57989 1.66982e-05 0)
(9.57986 -1.32972e-07 0)
(9.57986 -4.02185e-05 0)
(9.57991 -7.57919e-05 0)
(9.57996 -6.88838e-05 0)
(9.58 -6.19889e-05 0)
(9.58005 -5.57004e-05 0)
(9.58008 -6.41889e-06 0)
(9.58001 3.56074e-05 0)
(9.57995 2.25562e-05 0)
(9.57993 4.77584e-06 0)
(9.57993 -1.70333e-06 0)
(9.57991 -1.52052e-06 0)
(9.5799 -1.0678e-06 0)
(9.57989 2.02357e-07 0)
(9.57988 1.88001e-07 0)
(9.57987 7.8263e-07 0)
(9.57986 2.71794e-07 0)
(9.57986 7.4595e-07 0)
(9.57985 3.09736e-07 0)
(9.57985 3.324e-07 0)
(9.57985 -3.23497e-07 0)
(9.57985 -2.06087e-07 0)
(9.57984 -3.57085e-07 0)
(9.57984 1.33024e-07 0)
(9.57984 1.83867e-07 0)
(9.57984 7.04486e-07 0)
(9.57984 5.33698e-07 0)
(9.57984 8.22878e-07 0)
(9.57984 3.22423e-07 0)
(9.57985 6.59113e-07 0)
(9.57985 2.21847e-07 0)
(9.57985 2.23421e-07 0)
(9.57985 -3.96034e-07 0)
(9.57985 -3.42788e-07 0)
(9.57985 -4.67598e-07 0)
(9.57984 -5.78946e-08 0)
(9.57985 -8.31868e-08 0)
(9.57985 2.30648e-07 0)
(9.57985 1.13638e-07 0)
(9.57985 2.95158e-07 0)
(9.57985 1.75788e-07 0)
(9.57985 2.89286e-07 0)
(9.57985 1.15072e-07 0)
(9.57985 2.74503e-07 0)
(9.57985 3.11403e-08 0)
(9.57985 2.63507e-07 0)
(9.57985 1.51776e-08 0)
(9.57985 2.70218e-07 0)
(9.57985 3.84276e-08 0)
(9.57985 2.60802e-07 0)
(9.57985 6.4586e-08 0)
(9.57985 1.80034e-07 0)
(9.57985 -7.97084e-08 0)
(9.57985 1.81344e-07 0)
(9.57985 -9.37864e-08 0)
(9.57985 1.5271e-07 0)
(9.57985 -3.788e-08 0)
(9.57985 1.77916e-07 0)
(9.57985 1.35867e-07 0)
(9.57986 9.05194e-07 0)
(9.57986 2.50074e-06 0)
(9.57987 8.76873e-06 0)
(9.57991 2.03922e-05 0)
(9.32814 3.93305e-05 0)
(9.32815 5.86439e-05 0)
(9.32808 3.02719e-05 0)
(9.32818 -1.39831e-05 0)
(9.32831 -3.00397e-05 0)
(9.32837 -4.55024e-05 0)
(9.32847 -5.54411e-05 0)
(9.3285 -1.46376e-05 0)
(9.32831 1.86036e-05 0)
(9.32816 1.83259e-06 0)
(9.3281 -1.16711e-05 0)
(9.32807 -1.02814e-05 0)
(9.32805 -7.80569e-07 0)
(9.32805 1.00266e-05 0)
(9.32807 1.90777e-05 0)
(9.32811 2.08843e-05 0)
(9.32814 1.91469e-05 0)
(9.32818 1.56356e-05 0)
(9.32821 2.02939e-05 0)
(9.32822 3.89733e-05 0)
(9.32812 1.57455e-05 0)
(9.32819 -2.29983e-05 0)
(9.32829 -3.27169e-05 0)
(9.32835 -4.12077e-05 0)
(9.32846 -4.68102e-05 0)
(9.32852 -2.13483e-06 0)
(9.32836 3.36704e-05 0)
(9.32826 1.85656e-05 0)
(9.32823 5.86505e-07 0)
(9.32822 -1.72706e-06 0)
(9.3282 -1.31176e-06 0)
(9.3282 1.94418e-06 0)
(9.32822 2.15966e-05 0)
(9.32825 5.51422e-05 0)
(9.32815 6.00448e-05 0)
(9.32809 4.07608e-05 0)
(9.32805 1.88485e-05 0)
(9.32802 1.5772e-06 0)
(9.32801 -3.89121e-05 0)
(9.32812 -7.21506e-05 0)
(9.32822 -6.76407e-05 0)
(9.32825 -6.50807e-05 0)
(9.32833 -6.00225e-05 0)
(9.32837 -9.86769e-06 0)
(9.32821 3.12284e-05 0)
(9.3281 1.71199e-05 0)
(9.32807 1.03922e-06 0)
(9.32806 -3.42753e-06 0)
(9.32804 -2.11606e-06 0)
(9.32802 -1.10031e-06 0)
(9.32801 2.97366e-07 0)
(9.328 3.7672e-07 0)
(9.32799 9.08916e-07 0)
(9.32799 4.15544e-07 0)
(9.32799 8.03121e-07 0)
(9.32799 4.05286e-07 0)
(9.32799 3.796e-07 0)
(9.32798 -2.14698e-07 0)
(9.32798 -1.87119e-07 0)
(9.32798 -3.21653e-07 0)
(9.32798 1.26285e-07 0)
(9.32798 1.86095e-07 0)
(9.32798 6.57505e-07 0)
(9.32798 5.13293e-07 0)
(9.32798 7.66182e-07 0)
(9.32798 3.16549e-07 0)
(9.32799 6.07842e-07 0)
(9.32799 2.32152e-07 0)
(9.32799 2.08622e-07 0)
(9.32799 -3.39691e-07 0)
(9.32799 -3.57123e-07 0)
(9.32799 -4.6075e-07 0)
(9.32799 -8.21563e-08 0)
(9.32799 -8.66968e-08 0)
(9.32799 1.9688e-07 0)
(9.32799 1.03727e-07 0)
(9.32799 2.59247e-07 0)
(9.32799 1.67977e-07 0)
(9.32799 2.5593e-07 0)
(9.32799 1.05356e-07 0)
(9.32799 2.43616e-07 0)
(9.32799 2.15776e-08 0)
(9.32799 2.31349e-07 0)
(9.32799 7.91978e-09 0)
(9.32799 2.38652e-07 0)
(9.32799 3.13901e-08 0)
(9.32799 2.30733e-07 0)
(9.32799 5.8957e-08 0)
(9.32799 1.53954e-07 0)
(9.328 -8.11699e-08 0)
(9.328 1.59251e-07 0)
(9.328 -8.98391e-08 0)
(9.328 1.32064e-07 0)
(9.328 -3.23501e-08 0)
(9.328 1.56479e-07 0)
(9.328 1.2744e-07 0)
(9.328 8.20604e-07 0)
(9.328 2.2707e-06 0)
(9.32802 8.01356e-06 0)
(9.32806 1.9329e-05 0)
(9.02241 5.01305e-05 0)
(9.02264 7.74103e-05 0)
(9.02254 4.34494e-05 0)
(9.02276 -4.14603e-06 0)
(9.02299 -2.98499e-05 0)
(9.02296 -5.66486e-05 0)
(9.02308 -6.41617e-05 0)
(9.02313 -1.89762e-05 0)
(9.02267 1.05332e-05 0)
(9.02237 -7.11435e-06 0)
(9.02227 -1.71357e-05 0)
(9.02222 -1.27225e-05 0)
(9.02219 -2.22017e-06 0)
(9.0222 8.62156e-06 0)
(9.02223 1.71228e-05 0)
(9.02228 1.90083e-05 0)
(9.02232 1.76432e-05 0)
(9.02236 1.4529e-05 0)
(9.02244 3.15128e-05 0)
(9.02269 5.9271e-05 0)
(9.02256 3.0204e-05 0)
(9.02275 -1.1296e-05 0)
(9.02295 -3.13121e-05 0)
(9.02292 -5.19412e-05 0)
(9.02306 -5.61349e-05 0)
(9.02314 -8.01597e-06 0)
(9.02273 2.39501e-05 0)
(9.02248 8.0567e-06 0)
(9.02242 -5.79224e-06 0)
(9.0224 -4.75383e-06 0)
(9.02238 -2.43586e-06 0)
(9.02237 1.07541e-06 0)
(9.02244 3.23453e-05 0)
(9.02271 7.56424e-05 0)
(9.02261 7.4991e-05 0)
(9.02253 4.84855e-05 0)
(9.02249 2.30898e-05 0)
(9.02244 4.10208e-06 0)
(9.02242 -3.93347e-05 0)
(9.02266 -6.72331e-05 0)
(9.02286 -6.89383e-05 0)
(9.0228 -7.71043e-05 0)
(9.02291 -6.99482e-05 0)
(9.02296 -1.60271e-05 0)
(9.02254 2.13737e-05 0)
(9.02228 6.58133e-06 0)
(9.02223 -5.41873e-06 0)
(9.0222 -6.22486e-06 0)
(9.02218 -3.15224e-06 0)
(9.02216 -1.34715e-06 0)
(9.02215 2.53545e-07 0)
(9.02215 4.58851e-07 0)
(9.02214 9.45386e-07 0)
(9.02214 4.85247e-07 0)
(9.02214 7.95709e-07 0)
(9.02214 4.47147e-07 0)
(9.02214 3.92231e-07 0)
(9.02214 -1.39948e-07 0)
(9.02214 -1.87495e-07 0)
(9.02214 -3.02298e-07 0)
(9.02214 9.84547e-08 0)
(9.02214 1.70032e-07 0)
(9.02214 5.87427e-07 0)
(9.02214 4.74044e-07 0)
(9.02214 6.91839e-07 0)
(9.02215 2.98771e-07 0)
(9.02215 5.43556e-07 0)
(9.02215 2.31755e-07 0)
(9.02215 1.87971e-07 0)
(9.02215 -2.87135e-07 0)
(9.02215 -3.64701e-07 0)
(9.02215 -4.53832e-07 0)
(9.02215 -1.08625e-07 0)
(9.02215 -9.50061e-08 0)
(9.02215 1.57672e-07 0)
(9.02215 8.88719e-08 0)
(9.02215 2.18414e-07 0)
(9.02215 1.58204e-07 0)
(9.02215 2.17597e-07 0)
(9.02215 9.48763e-08 0)
(9.02215 2.07316e-07 0)
(9.02216 1.20339e-08 0)
(9.02216 1.94385e-07 0)
(9.02216 1.45055e-09 0)
(9.02216 2.02393e-07 0)
(9.02216 2.5166e-08 0)
(9.02216 1.96059e-07 0)
(9.02216 5.44787e-08 0)
(9.02216 1.23541e-07 0)
(9.02216 -8.1848e-08 0)
(9.02216 1.33974e-07 0)
(9.02216 -8.47558e-08 0)
(9.02216 1.09435e-07 0)
(9.02216 -2.63205e-08 0)
(9.02216 1.32312e-07 0)
(9.02216 1.16544e-07 0)
(9.02216 7.23925e-07 0)
(9.02217 2.0073e-06 0)
(9.02219 7.12143e-06 0)
(9.02224 1.82879e-05 0)
(8.63693 8.00826e-05 0)
(8.6381 0.000127114 0)
(8.63808 6.77443e-05 0)
(8.63842 1.04525e-05 0)
(8.63887 -3.65603e-05 0)
(8.63838 -8.87291e-05 0)
(8.63843 -8.54831e-05 0)
(8.63851 -2.79339e-05 0)
(8.6374 -3.60231e-06 0)
(8.63675 -2.33516e-05 0)
(8.63658 -2.59579e-05 0)
(8.6365 -1.63539e-05 0)
(8.63647 -4.28581e-06 0)
(8.63649 6.72392e-06 0)
(8.63653 1.47228e-05 0)
(8.63659 1.66826e-05 0)
(8.63665 1.57921e-05 0)
(8.6367 1.29284e-05 0)
(8.63687 6.18924e-05 0)
(8.63812 0.000110917 0)
(8.63809 5.69047e-05 0)
(8.63838 5.30775e-06 0)
(8.63881 -3.66495e-05 0)
(8.63834 -8.34866e-05 0)
(8.63841 -7.86433e-05 0)
(8.63853 -1.86276e-05 0)
(8.63747 7.87581e-06 0)
(8.63688 -9.98439e-06 0)
(8.63675 -1.56672e-05 0)
(8.63672 -9.0102e-06 0)
(8.63669 -4.11092e-06 0)
(8.63669 -5.54477e-07 0)
(8.63685 6.19764e-05 0)
(8.63814 0.000128783 0)
(8.63819 0.000110502 0)
(8.63814 6.57902e-05 0)
(8.63811 3.18044e-05 0)
(8.63806 8.17932e-06 0)
(8.63798 -4.8407e-05 0)
(8.63831 -6.6855e-05 0)
(8.63871 -8.11645e-05 0)
(8.63819 -0.000111908 0)
(8.63823 -9.36732e-05 0)
(8.63831 -2.7122e-05 0)
(8.63724 4.80185e-06 0)
(8.63664 -1.15852e-05 0)
(8.63651 -1.54218e-05 0)
(8.63647 -1.02452e-05 0)
(8.63645 -4.70079e-06 0)
(8.63644 -1.87476e-06 0)
(8.63643 3.44385e-09 0)
(8.63643 3.88604e-07 0)
(8.63643 8.43572e-07 0)
(8.63643 4.74978e-07 0)
(8.63644 7.14163e-07 0)
(8.63644 4.31669e-07 0)
(8.63644 3.55489e-07 0)
(8.63644 -9.96076e-08 0)
(8.63644 -1.98533e-07 0)
(8.63644 -2.94194e-07 0)
(8.63644 4.98641e-08 0)
(8.63644 1.40687e-07 0)
(8.63644 4.90649e-07 0)
(8.63645 4.14869e-07 0)
(8.63645 5.99474e-07 0)
(8.63645 2.71196e-07 0)
(8.63645 4.66439e-07 0)
(8.63645 2.20715e-07 0)
(8.63646 1.6266e-07 0)
(8.63646 -2.36201e-07 0)
(8.63646 -3.60774e-07 0)
(8.63645 -4.35392e-07 0)
(8.63645 -1.40944e-07 0)
(8.63645 -9.59647e-08 0)
(8.63645 1.0401e-07 0)
(8.63645 7.60984e-08 0)
(8.63646 1.65606e-07 0)
(8.63646 1.46705e-07 0)
(8.63646 1.74851e-07 0)
(8.63646 7.88154e-08 0)
(8.63646 1.71792e-07 0)
(8.63646 8.43693e-10 0)
(8.63646 1.55917e-07 0)
(8.63646 -3.35183e-09 0)
(8.63646 1.6176e-07 0)
(8.63646 1.70418e-08 0)
(8.63646 1.59912e-07 0)
(8.63646 4.17749e-08 0)
(8.63646 9.90723e-08 0)
(8.63647 -8.32347e-08 0)
(8.63647 1.08774e-07 0)
(8.63647 -7.32031e-08 0)
(8.63647 8.22307e-08 0)
(8.63647 -1.81241e-08 0)
(8.63647 1.03613e-07 0)
(8.63647 1.03227e-07 0)
(8.63647 6.13361e-07 0)
(8.63647 1.70768e-06 0)
(8.63649 6.08255e-06 0)
(8.63656 1.71413e-05 0)
(8.12164 0.000164265 0)
(8.12602 0.000257733 0)
(8.12642 0.000103341 0)
(8.12614 1.12748e-05 0)
(8.12678 -6.73199e-05 0)
(8.12485 -0.000164993 0)
(8.12458 -0.000134934 0)
(8.1247 -4.07863e-05 0)
(8.12233 -2.5191e-05 0)
(8.12113 -5.02238e-05 0)
(8.12091 -3.86068e-05 0)
(8.12084 -2.093e-05 0)
(8.12082 -6.86348e-06 0)
(8.12085 4.21303e-06 0)
(8.12093 1.16831e-05 0)
(8.12101 1.39012e-05 0)
(8.12109 1.3505e-05 0)
(8.12116 1.04507e-05 0)
(8.12148 0.000144678 0)
(8.12601 0.00024629 0)
(8.12641 9.68525e-05 0)
(8.12608 8.7506e-06 0)
(8.1267 -6.60029e-05 0)
(8.12479 -0.000159986 0)
(8.12456 -0.000129414 0)
(8.12473 -3.3294e-05 0)
(8.12243 -1.59055e-05 0)
(8.1213 -3.89547e-05 0)
(8.12114 -2.95145e-05 0)
(8.12111 -1.43382e-05 0)
(8.1211 -6.25731e-06 0)
(8.12111 -3.32918e-06 0)
(8.12143 0.000144136 0)
(8.12603 0.000268301 0)
(8.12671 0.000194164 0)
(8.12677 0.000104667 0)
(8.12678 4.99362e-05 0)
(8.12672 1.554e-05 0)
(8.12646 -9.33583e-05 0)
(8.12605 -0.000100528 0)
(8.1266 -0.000125707 0)
(8.12462 -0.000194304 0)
(8.12433 -0.000146991 0)
(8.12445 -4.2833e-05 0)
(8.12212 -1.97465e-05 0)
(8.12098 -4.07721e-05 0)
(8.12082 -2.9485e-05 0)
(8.12079 -1.53135e-05 0)
(8.12078 -6.69299e-06 0)
(8.12078 -2.6999e-06 0)
(8.12079 -4.90214e-07 0)
(8.1208 1.34578e-07 0)
(8.1208 6.03554e-07 0)
(8.12081 3.57466e-07 0)
(8.12082 5.51653e-07 0)
(8.12082 3.52827e-07 0)
(8.12082 2.7794e-07 0)
(8.12083 -8.7134e-08 0)
(8.12083 -2.15398e-07 0)
(8.12082 -2.89518e-07 0)
(8.12082 -1.55018e-08 0)
(8.12083 1.03166e-07 0)
(8.12083 3.67556e-07 0)
(8.12083 3.33594e-07 0)
(8.12083 4.87757e-07 0)
(8.12084 2.34497e-07 0)
(8.12084 3.76808e-07 0)
(8.12084 1.98346e-07 0)
(8.12084 1.33478e-07 0)
(8.12085 -1.86615e-07 0)
(8.12084 -3.392e-07 0)
(8.12084 -3.91275e-07 0)
(8.12084 -1.84727e-07 0)
(8.12084 -5.68876e-08 0)
(8.12084 9.77337e-09 0)
(8.12084 8.32191e-08 0)
(8.12084 8.28017e-08 0)
(8.12084 1.2426e-07 0)
(8.12084 1.33396e-07 0)
(8.12084 3.40821e-08 0)
(8.12085 1.58768e-07 0)
(8.12085 -2.26883e-08 0)
(8.12085 1.30136e-07 0)
(8.12085 -1.31256e-08 0)
(8.12085 1.27515e-07 0)
(8.12085 -1.07861e-08 0)
(8.12085 1.40003e-07 0)
(8.12085 -1.18104e-08 0)
(8.12085 1.12423e-07 0)
(8.12085 -9.48823e-08 0)
(8.12085 9.58077e-08 0)
(8.12085 -5.00577e-08 0)
(8.12085 4.91499e-08 0)
(8.12085 -7.01916e-09 0)
(8.12085 6.87777e-08 0)
(8.12085 8.64959e-08 0)
(8.12086 4.90868e-07 0)
(8.12086 1.37774e-06 0)
(8.12088 4.86771e-06 0)
(8.12096 1.64326e-05 0)
(7.36627 0.000437449 0)
(7.37584 0.000651146 0)
(7.37601 8.97526e-05 0)
(7.37282 -0.000125699 0)
(7.37334 -0.000167315 0)
(7.36955 -0.000334056 0)
(7.36922 -0.000236264 0)
(7.36957 -5.902e-05 0)
(7.36624 -6.7229e-05 0)
(7.36518 -0.000100422 0)
(7.36524 -5.83595e-05 0)
(7.36528 -2.59317e-05 0)
(7.36532 -9.49332e-06 0)
(7.3654 1.24594e-06 0)
(7.36551 8.22972e-06 0)
(7.36563 1.0692e-05 0)
(7.36574 1.09715e-05 0)
(7.36583 6.9553e-06 0)
(7.36627 0.000414634 0)
(7.37594 0.00064937 0)
(7.37603 9.08495e-05 0)
(7.37274 -0.000124313 0)
(7.37322 -0.000164435 0)
(7.36945 -0.000329603 0)
(7.36918 -0.000232004 0)
(7.36959 -5.38447e-05 0)
(7.36634 -6.01527e-05 0)
(7.36537 -9.12566e-05 0)
(7.36551 -5.07377e-05 0)
(7.36562 -2.01538e-05 0)
(7.36566 -8.46985e-06 0)
(7.3657 -7.05964e-06 0)
(7.36615 0.000413245 0)
(7.37592 0.000677645 0)
(7.37665 0.000396968 0)
(7.37658 0.000186769 0)
(7.37654 8.57589e-05 0)
(7.37645 2.94696e-05 0)
(7.37587 -0.000307845 0)
(7.37261 -0.000314645 0)
(7.37308 -0.00025526 0)
(7.36925 -0.000375416 0)
(7.3689 -0.000254516 0)
(7.36926 -6.49455e-05 0)
(7.36597 -6.50312e-05 0)
(7.36498 -9.3454e-05 0)
(7.36511 -5.09984e-05 0)
(7.36521 -2.0907e-05 0)
(7.36526 -8.8256e-06 0)
(7.36529 -3.76914e-06 0)
(7.36532 -1.17748e-06 0)
(7.36534 -2.80424e-07 0)
(7.36535 2.44132e-07 0)
(7.36536 1.65676e-07 0)
(7.36537 3.30226e-07 0)
(7.36537 2.2925e-07 0)
(7.36538 1.68697e-07 0)
(7.36538 -9.83416e-08 0)
(7.36538 -2.28161e-07 0)
(7.36538 -2.8271e-07 0)
(7.36538 -8.19222e-08 0)
(7.36538 6.27764e-08 0)
(7.36538 2.36787e-07 0)
(7.36539 2.39743e-07 0)
(7.36539 3.64171e-07 0)
(7.36539 1.91865e-07 0)
(7.3654 2.8014e-07 0)
(7.3654 1.66787e-07 0)
(7.3654 9.96701e-08 0)
(7.3654 -1.42109e-07 0)
(7.3654 -2.97636e-07 0)
(7.3654 -3.31432e-07 0)
(7.36539 -2.24011e-07 0)
(7.3654 -9.17347e-10 0)
(7.3654 -8.93149e-08 0)
(7.36539 9.39951e-08 0)
(7.3654 -5.01388e-09 0)
(7.3654 8.71294e-08 0)
(7.3654 9.53487e-08 0)
(7.3654 -2.2268e-08 0)
(7.3654 1.53315e-07 0)
(7.3654 -4.66086e-08 0)
(7.3654 1.09935e-07 0)
(7.3654 -1.97106e-08 0)
(7.3654 9.6401e-08 0)
(7.3654 -4.56072e-08 0)
(7.36541 1.2467e-07 0)
(7.3654 -8.34216e-08 0)
(7.3654 1.38028e-07 0)
(7.36541 -9.81337e-08 0)
(7.36541 8.64097e-08 0)
(7.36541 -2.00115e-08 0)
(7.36541 1.64626e-08 0)
(7.36541 1.91742e-09 0)
(7.36541 3.4862e-08 0)
(7.36541 6.97331e-08 0)
(7.36541 3.73692e-07 0)
(7.36542 1.0809e-06 0)
(7.36544 3.6086e-06 0)
(7.36552 2.07237e-05 0)
(6.06967 0.00143184 0)
(6.044 0.00195748 0)
(6.03653 -0.000111183 0)
(6.04316 -0.00053671 0)
(6.04224 -0.000454341 0)
(6.0521 -0.000770096 0)
(6.05537 -0.000368975 0)
(6.05607 -0.000310282 0)
(6.06417 -0.00040784 0)
(6.06793 -0.000265438 0)
(6.06916 -0.000111188 0)
(6.06959 -4.50374e-05 0)
(6.06978 -1.72282e-05 0)
(6.06993 -3.38093e-06 0)
(6.07008 3.70296e-06 0)
(6.07023 6.68573e-06 0)
(6.07035 8.17411e-06 0)
(6.07041 5.33299e-06 0)
(6.07043 0.00140366 0)
(6.04457 0.00197554 0)
(6.0366 -0.000101141 0)
(6.04298 -0.000530934 0)
(6.04195 -0.000446514 0)
(6.05181 -0.000767032 0)
(6.05516 -0.000365916 0)
(6.05593 -0.000306721 0)
(6.06412 -0.000402555 0)
(6.06796 -0.000258661 0)
(6.06927 -0.000104777 0)
(6.06977 -4.01632e-05 0)
(6.06997 -1.56877e-05 0)
(6.07005 -4.4801e-06 0)
(6.0701 0.00139524 0)
(6.04438 0.0019826 0)
(6.0368 0.000793196 0)
(6.03466 0.000321145 0)
(6.03408 0.000138051 0)
(6.03389 4.82399e-05 0)
(6.03354 -0.000878908 0)
(6.04219 -0.000863388 0)
(6.04177 -0.000579244 0)
(6.05176 -0.000832238 0)
(6.05509 -0.000394864 0)
(6.05582 -0.000319339 0)
(6.06392 -0.000408446 0)
(6.06773 -0.000260868 0)
(6.06901 -0.000105093 0)
(6.0695 -4.07052e-05 0)
(6.0697 -1.63043e-05 0)
(6.0698 -6.30473e-06 0)
(6.06985 -2.26457e-06 0)
(6.06987 -7.77471e-07 0)
(6.06989 -8.88718e-08 0)
(6.0699 1.10832e-08 0)
(6.06991 1.66588e-07 0)
(6.06992 1.4435e-07 0)
(6.06993 8.97719e-08 0)
(6.06993 -9.11756e-08 0)
(6.06993 -2.1502e-07 0)
(6.06993 -2.32309e-07 0)
(6.06992 -1.01769e-07 0)
(6.06993 3.77899e-08 0)
(6.06993 1.53607e-07 0)
(6.06993 1.61991e-07 0)
(6.06993 2.52824e-07 0)
(6.06994 1.49713e-07 0)
(6.06994 1.92335e-07 0)
(6.06994 1.29565e-07 0)
(6.06995 6.53454e-08 0)
(6.06995 -1.08639e-07 0)
(6.06995 -2.5157e-07 0)
(6.06994 -2.53e-07 0)
(6.06994 -2.04839e-07 0)
(6.06994 2.0172e-08 0)
(6.06994 -1.18628e-07 0)
(6.06994 7.72756e-08 0)
(6.06994 -4.2357e-08 0)
(6.06994 5.19237e-08 0)
(6.06994 7.18613e-08 0)
(6.06994 -4.07196e-08 0)
(6.06994 1.24867e-07 0)
(6.06994 -4.30797e-08 0)
(6.06994 8.08937e-08 0)
(6.06995 -1.13908e-08 0)
(6.06995 6.36499e-08 0)
(6.06995 -5.24424e-08 0)
(6.06995 9.32783e-08 0)
(6.06995 -1.06651e-07 0)
(6.06995 1.22904e-07 0)
(6.06995 -7.1892e-08 0)
(6.06995 6.2362e-08 0)
(6.06995 6.8195e-09 0)
(6.06995 -4.62376e-09 0)
(6.06995 1.2536e-09 0)
(6.06995 1.45169e-08 0)
(6.06995 5.76797e-08 0)
(6.06995 2.8851e-07 0)
(6.06996 9.02445e-07 0)
(6.06997 2.65743e-06 0)
(6.07 3.55596e-05 0)
)
;

boundaryField
{
    inlet
    {
        type            cyclic;
    }
    outlet
    {
        type            cyclic;
    }
    bottomWall
    {
        type            noSlip;
    }
    topWall
    {
        type            noSlip;
    }
    frontAndBack
    {
        type            empty;
    }
}


// ************************************************************************* //
