/*--------------------------------*- C++ -*----------------------------------*\
  =========                 |
  \\      /  F ield         | OpenFOAM: The Open Source CFD Toolbox
   \\    /   O peration     | Website:  https://openfoam.org
    \\  /    A nd           | Version:  11
     \\/     M anipulation  |
\*---------------------------------------------------------------------------*/
FoamFile
{
    format      ascii;
    class       surfaceScalarField;
    location    "400";
    object      phi;
}
// * * * * * * * * * * * * * * * * * * * * * * * * * * * * * * * * * * * * * //

dimensions      [0 3 -1 0 0 0 0];

internalField   nonuniform List<scalar> 
9850
(
3.63149e-06
-8.22152e-09
3.62871e-06
2.66715e-09
3.62349e-06
5.17036e-09
3.62336e-06
1.60075e-10
3.62527e-06
-1.90514e-09
3.63108e-06
-5.80149e-09
3.63556e-06
-4.41007e-09
3.6298e-06
5.68578e-09
3.62094e-06
8.87887e-09
3.61829e-06
2.62745e-09
3.61748e-06
7.87956e-10
3.61725e-06
2.50781e-10
3.61716e-06
4.87574e-11
3.61938e-06
-2.18171e-09
3.62147e-06
-2.073e-09
3.62413e-06
-2.6733e-09
3.6279e-06
-3.71622e-09
3.62907e-06
-1.21093e-09
3.63211e-06
-2.97216e-09
3.63615e-06
-4.09226e-09
3.638e-06
-1.78419e-09
3.6385e-06
-5.59366e-10
3.63867e-06
-9.19933e-11
3.63855e-06
3.22835e-11
3.63854e-06
1.08619e-10
3.63836e-06
8.01113e-11
3.63838e-06
1.27612e-10
3.63823e-06
3.48785e-11
3.63831e-06
8.69053e-11
3.63816e-06
-3.02643e-11
3.63828e-06
2.31651e-11
3.63826e-06
-1.3916e-10
3.63859e-06
-2.19383e-10
3.63883e-06
-3.61546e-10
3.6391e-06
-2.43872e-10
3.6392e-06
-1.50955e-10
3.63923e-06
-4.12794e-11
3.63901e-06
2.23994e-10
3.63142e-06
7.55772e-09
3.62187e-06
9.5698e-09
3.61884e-06
2.93747e-09
3.61791e-06
1.02728e-09
3.61748e-06
3.66884e-10
3.61735e-06
1.93199e-10
3.6172e-06
9.56157e-11
3.61717e-06
8.06916e-11
3.61709e-06
2.30853e-11
3.61712e-06
2.51468e-11
3.6171e-06
-1.34775e-11
3.61714e-06
1.41659e-12
3.61711e-06
-1.90932e-11
3.61715e-06
3.92253e-13
3.61712e-06
-1.89459e-11
3.61717e-06
2.63322e-12
3.61714e-06
-1.66455e-11
3.61718e-06
6.92787e-12
3.61715e-06
-1.61918e-11
3.6172e-06
5.58974e-12
3.61718e-06
-1.34118e-11
3.61722e-06
2.14076e-12
3.6172e-06
-8.14353e-12
3.61722e-06
3.15258e-12
3.6172e-06
-9.66722e-12
3.61722e-06
4.72603e-12
3.61719e-06
-9.52735e-12
3.61722e-06
9.04021e-12
3.61718e-06
-8.99771e-12
3.61721e-06
1.36815e-11
3.61717e-06
-8.80538e-12
3.61721e-06
1.30055e-11
3.61719e-06
-6.45056e-12
3.61722e-06
8.92142e-12
3.6172e-06
-2.70112e-12
3.61722e-06
7.22315e-12
3.6172e-06
-3.57117e-12
3.61721e-06
6.14083e-12
3.6172e-06
-4.32571e-12
3.61721e-06
5.59816e-12
3.61719e-06
-4.13424e-12
3.6172e-06
5.30728e-12
3.61719e-06
-4.04501e-12
3.6172e-06
5.67646e-12
3.61719e-06
-4.37841e-12
3.6172e-06
5.62035e-12
3.61719e-06
-4.33713e-12
3.6172e-06
5.15098e-12
3.61719e-06
-4.26144e-12
3.6172e-06
5.37428e-12
3.61719e-06
-4.27663e-12
3.6172e-06
5.52331e-12
3.61719e-06
-4.11883e-12
3.6172e-06
5.36729e-12
3.61719e-06
-4.71374e-12
3.6172e-06
4.83403e-12
3.61719e-06
-5.44021e-12
3.6172e-06
3.17583e-12
3.61719e-06
-1.18458e-11
3.61724e-06
-1.61772e-11
3.6173e-06
-1.21371e-10
-5.5433e-09
4.41725e-06
-5.23822e-09
4.41935e-06
4.965e-10
4.42142e-06
3.07422e-09
4.42081e-06
7.88307e-10
4.41975e-06
-8.42861e-10
4.41736e-06
-3.40844e-09
4.41599e-06
-2.99934e-09
4.41894e-06
2.70084e-09
4.42249e-06
5.33227e-09
4.4228e-06
2.3101e-09
4.42273e-06
8.3907e-10
4.42268e-06
3.17282e-10
4.42251e-06
1.98241e-10
4.42122e-06
-8.78043e-10
4.42022e-06
-1.05511e-09
4.41913e-06
-1.58841e-09
4.41775e-06
-2.30911e-09
4.41769e-06
-1.18361e-09
4.41697e-06
-2.20887e-09
4.41586e-06
-3.01385e-09
4.41573e-06
-1.6097e-09
4.41576e-06
-6.30516e-10
4.41579e-06
-7.56046e-11
4.41572e-06
5.90155e-11
4.41572e-06
1.6472e-10
4.41563e-06
1.11583e-10
4.41565e-06
1.98013e-10
4.41557e-06
4.4247e-11
4.41562e-06
1.34725e-10
4.41554e-06
-6.02274e-11
4.41561e-06
3.92508e-11
4.41559e-06
-2.15434e-10
4.41576e-06
-3.15565e-10
4.41586e-06
-5.35491e-10
4.41598e-06
-3.50856e-10
4.41602e-06
-2.20533e-10
4.41603e-06
-6.48964e-11
4.41607e-06
1.90684e-10
4.41926e-06
4.34536e-09
4.42274e-06
6.1004e-09
4.42293e-06
2.69351e-09
4.42285e-06
1.16684e-09
4.42273e-06
4.56671e-10
4.42268e-06
2.74905e-10
4.42261e-06
1.36015e-10
4.4226e-06
1.16659e-10
4.42257e-06
2.33529e-11
4.42259e-06
3.10042e-11
4.42259e-06
-3.08806e-11
4.42262e-06
-3.80802e-12
4.42261e-06
-3.76843e-11
4.42264e-06
-3.39265e-12
4.42263e-06
-3.51134e-11
4.42266e-06
2.14062e-12
4.42264e-06
-3.08715e-11
4.42267e-06
8.84507e-12
4.42265e-06
-2.91874e-11
4.42268e-06
8.38435e-12
4.42268e-06
-2.35853e-11
4.4227e-06
2.40341e-12
4.42269e-06
-1.59443e-11
4.4227e-06
2.99335e-12
4.42269e-06
-1.81123e-11
4.42271e-06
7.16782e-12
4.42269e-06
-1.71414e-11
4.42271e-06
1.49838e-11
4.42269e-06
-1.57853e-11
4.4227e-06
2.27139e-11
4.42268e-06
-1.41014e-11
4.4227e-06
2.37396e-11
4.42269e-06
-8.67642e-12
4.4227e-06
1.67498e-11
4.42269e-06
-3.77053e-12
4.4227e-06
1.25396e-11
4.42269e-06
-5.72708e-12
4.4227e-06
1.07902e-11
4.42269e-06
-6.94203e-12
4.42269e-06
9.97833e-12
4.42268e-06
-7.04769e-12
4.42269e-06
9.33317e-12
4.42268e-06
-6.9972e-12
4.42269e-06
9.99458e-12
4.42268e-06
-7.5263e-12
4.42269e-06
9.82906e-12
4.42268e-06
-7.53375e-12
4.42268e-06
9.21894e-12
4.42268e-06
-7.29913e-12
4.42268e-06
9.7176e-12
4.42268e-06
-7.27586e-12
4.42268e-06
9.83776e-12
4.42268e-06
-7.14009e-12
4.42268e-06
9.425e-12
4.42268e-06
-7.91385e-12
4.42268e-06
8.66764e-12
4.42267e-06
-8.99347e-12
4.42268e-06
6.21707e-12
4.42268e-06
-1.77778e-11
4.42269e-06
-1.49921e-11
4.42258e-06
-4.01141e-11
-3.13527e-09
4.8701e-06
-3.84225e-09
4.8709e-06
-3.55894e-10
4.87219e-06
1.76229e-09
4.87243e-06
5.70401e-10
4.87197e-06
-3.91672e-10
4.87047e-06
-1.90254e-09
4.8693e-06
-1.79882e-09
4.87044e-06
1.53252e-09
4.87224e-06
3.53651e-09
4.87257e-06
1.97657e-09
4.87258e-06
8.13403e-10
4.87256e-06
3.47324e-10
4.87249e-06
2.60032e-10
4.87219e-06
-5.66819e-10
4.87208e-06
-9.43628e-10
4.87157e-06
-1.07672e-09
4.87077e-06
-1.48366e-09
4.87063e-06
-1.06391e-09
4.87004e-06
-1.59027e-09
4.86908e-06
-2.07774e-09
4.86873e-06
-1.23498e-09
4.86862e-06
-5.47637e-10
4.86859e-06
-6.15506e-12
4.86851e-06
1.03249e-10
4.8685e-06
2.18655e-10
4.86843e-06
1.38497e-10
4.86844e-06
2.51271e-10
4.86838e-06
4.83515e-11
4.86842e-06
1.68564e-10
4.86837e-06
-8.55777e-11
4.86842e-06
5.19512e-11
4.8684e-06
-2.69716e-10
4.86852e-06
-3.78599e-10
4.86858e-06
-6.56448e-10
4.86867e-06
-4.2465e-10
4.8687e-06
-2.71706e-10
4.86871e-06
-8.71007e-11
4.86875e-06
1.50354e-10
4.87035e-06
2.73651e-09
4.87224e-06
4.21937e-09
4.87255e-06
2.34746e-09
4.87258e-06
1.17591e-09
4.87252e-06
4.86341e-10
4.8725e-06
3.22959e-10
4.87245e-06
1.59717e-10
4.87245e-06
1.37973e-10
4.87244e-06
1.76964e-11
4.87246e-06
3.13578e-11
4.87246e-06
-4.74843e-11
4.87248e-06
-1.02071e-11
4.87248e-06
-5.42679e-11
4.8725e-06
-7.7551e-12
4.8725e-06
-4.91336e-11
4.87252e-06
6.83496e-13
4.87251e-06
-4.3602e-11
4.87253e-06
8.59522e-12
4.87252e-06
-4.13558e-11
4.87255e-06
8.53381e-12
4.87255e-06
-3.36318e-11
4.87256e-06
3.93868e-13
4.87256e-06
-2.3756e-11
4.87257e-06
9.17149e-13
4.87257e-06
-2.54285e-11
4.87258e-06
8.31738e-12
4.87256e-06
-2.34651e-11
4.87258e-06
1.96628e-11
4.87256e-06
-2.11935e-11
4.87257e-06
2.98242e-11
4.87256e-06
-1.80721e-11
4.87257e-06
3.25005e-11
4.87256e-06
-1.01011e-11
4.87257e-06
2.31659e-11
4.87256e-06
-4.73897e-12
4.87257e-06
1.69709e-11
4.87256e-06
-7.36333e-12
4.87256e-06
1.47863e-11
4.87256e-06
-8.67705e-12
4.87256e-06
1.35246e-11
4.87256e-06
-8.7785e-12
4.87256e-06
1.22496e-11
4.87255e-06
-8.62537e-12
4.87256e-06
1.28592e-11
4.87255e-06
-9.34285e-12
4.87256e-06
1.26832e-11
4.87255e-06
-9.21246e-12
4.87255e-06
1.1964e-11
4.87255e-06
-8.69399e-12
4.87255e-06
1.2566e-11
4.87255e-06
-8.74096e-12
4.87255e-06
1.27394e-11
4.87255e-06
-8.79983e-12
4.87255e-06
1.22346e-11
4.87255e-06
-9.91659e-12
4.87255e-06
1.14487e-11
4.87255e-06
-1.14734e-11
4.87255e-06
8.5974e-12
4.87255e-06
-2.16686e-11
4.87255e-06
-1.12957e-11
4.8725e-06
-6.71404e-12
-2.099e-09
5.17826e-06
-3.44474e-09
5.17852e-06
-6.51631e-10
5.17905e-06
1.21148e-09
5.17927e-06
3.59291e-10
5.17916e-06
-2.79677e-10
5.17857e-06
-1.30362e-09
5.17801e-06
-1.21832e-09
5.17826e-06
1.25511e-09
5.17884e-06
2.96164e-09
5.17895e-06
1.86491e-09
5.17893e-06
8.21257e-10
5.17891e-06
3.79666e-10
5.17888e-06
2.76163e-10
5.17888e-06
-5.58019e-10
5.17897e-06
-1.02633e-09
5.17884e-06
-9.54468e-10
5.17859e-06
-1.21405e-09
5.17853e-06
-1.02019e-09
5.17827e-06
-1.30748e-09
5.17782e-06
-1.64272e-09
5.17762e-06
-1.01358e-09
5.17751e-06
-4.59727e-10
5.17747e-06
6.72886e-11
5.17739e-06
1.54814e-10
5.17737e-06
2.69986e-10
5.17731e-06
1.68722e-10
5.17731e-06
2.94535e-10
5.17727e-06
5.61115e-11
5.1773e-06
1.91624e-10
5.17725e-06
-1.01573e-10
5.17729e-06
5.97373e-11
5.17728e-06
-3.07547e-10
5.17737e-06
-4.29296e-10
5.17742e-06
-7.48755e-10
5.17748e-06
-4.85206e-10
5.17751e-06
-3.14391e-10
5.17753e-06
-1.08981e-10
5.17755e-06
1.33221e-10
5.17808e-06
2.19311e-09
5.17874e-06
3.56076e-09
5.17886e-06
2.20613e-09
5.17887e-06
1.19493e-09
5.17882e-06
5.11295e-10
5.17881e-06
3.59032e-10
5.17877e-06
1.79679e-10
5.17877e-06
1.53437e-10
5.17876e-06
1.37369e-11
5.17878e-06
2.97652e-11
5.17878e-06
-6.04691e-11
5.1788e-06
-1.69361e-11
5.17879e-06
-6.71067e-11
5.17881e-06
-1.2785e-11
5.17881e-06
-5.98328e-11
5.17883e-06
-2.41232e-12
5.17882e-06
-5.39235e-11
5.17884e-06
5.5718e-12
5.17884e-06
-5.19197e-11
5.17886e-06
5.39713e-12
5.17886e-06
-4.33548e-11
5.17887e-06
-3.93222e-12
5.17887e-06
-3.16578e-11
5.17888e-06
-2.3495e-12
5.17888e-06
-3.18457e-11
5.17889e-06
8.21801e-12
5.17888e-06
-2.80012e-11
5.17889e-06
2.22867e-11
5.17888e-06
-2.45794e-11
5.17889e-06
3.44374e-11
5.17887e-06
-1.99725e-11
5.17889e-06
3.8698e-11
5.17888e-06
-1.03394e-11
5.17888e-06
2.76746e-11
5.17888e-06
-4.76148e-12
5.17888e-06
1.99579e-11
5.17888e-06
-7.92505e-12
5.17888e-06
1.74893e-11
5.17887e-06
-9.57355e-12
5.17888e-06
1.60381e-11
5.17887e-06
-1.00743e-11
5.17887e-06
1.45459e-11
5.17887e-06
-1.00729e-11
5.17887e-06
1.52261e-11
5.17887e-06
-1.08701e-11
5.17887e-06
1.50427e-11
5.17887e-06
-1.06902e-11
5.17887e-06
1.44393e-11
5.17887e-06
-1.00212e-11
5.17887e-06
1.52395e-11
5.17887e-06
-1.00033e-11
5.17887e-06
1.53763e-11
5.17886e-06
-1.00905e-11
5.17887e-06
1.46497e-11
5.17886e-06
-1.13173e-11
5.17887e-06
1.35681e-11
5.17886e-06
-1.31935e-11
5.17887e-06
1.02141e-11
5.17886e-06
-2.41605e-11
5.17887e-06
-9.55136e-12
5.17887e-06
-2.30269e-11
-1.85041e-09
5.40882e-06
-3.32207e-09
5.40895e-06
-8.09142e-10
5.40919e-06
9.55991e-10
5.40929e-06
2.71311e-10
5.40925e-06
-2.46884e-10
5.40902e-06
-1.07214e-09
5.40878e-06
-9.58986e-10
5.40883e-06
1.19368e-09
5.40903e-06
2.76253e-09
5.40906e-06
1.83252e-09
5.40903e-06
8.42163e-10
5.409e-06
4.12026e-10
5.40899e-06
2.81293e-10
5.40899e-06
-5.52161e-10
5.40902e-06
-1.04625e-09
5.40898e-06
-9.23082e-10
5.40891e-06
-1.12426e-09
5.40887e-06
-1.00037e-09
5.40879e-06
-1.20481e-09
5.40862e-06
-1.48989e-09
5.40854e-06
-9.12691e-10
5.40846e-06
-3.96449e-10
5.40842e-06
1.30286e-10
5.40835e-06
2.04347e-10
5.40833e-06
3.17759e-10
5.40827e-06
1.99767e-10
5.40827e-06
3.32547e-10
5.40823e-06
6.64424e-11
5.40825e-06
2.10764e-10
5.40822e-06
-1.1134e-10
5.40825e-06
6.62883e-11
5.40823e-06
-3.35487e-10
5.4083e-06
-4.71515e-10
5.40835e-06
-8.24646e-10
5.40841e-06
-5.37735e-10
5.40843e-06
-3.52198e-10
5.40845e-06
-1.30292e-10
5.40845e-06
1.30965e-10
5.40864e-06
1.99703e-09
5.4089e-06
3.30487e-09
5.40894e-06
2.14607e-09
5.40894e-06
1.21759e-09
5.4089e-06
5.32937e-10
5.40889e-06
3.87575e-10
5.40886e-06
1.9702e-10
5.40886e-06
1.66359e-10
5.40885e-06
1.14413e-11
5.40886e-06
2.85487e-11
5.40886e-06
-7.0253e-11
5.40888e-06
-2.22817e-11
5.40887e-06
-7.68828e-11
5.40889e-06
-1.69033e-11
5.40889e-06
-6.83124e-11
5.4089e-06
-5.75837e-12
5.4089e-06
-6.32001e-11
5.40891e-06
9.97237e-13
5.40891e-06
-6.24249e-11
5.40893e-06
9.82745e-14
5.40894e-06
-5.32566e-11
5.40895e-06
-9.72656e-12
5.40895e-06
-3.91561e-11
5.40896e-06
-6.56618e-12
5.40896e-06
-3.71638e-11
5.40897e-06
7.26944e-12
5.40896e-06
-3.1663e-11
5.40897e-06
2.39678e-11
5.40896e-06
-2.71519e-11
5.40897e-06
3.77274e-11
5.40896e-06
-2.12827e-11
5.40897e-06
4.33273e-11
5.40896e-06
-1.03686e-11
5.40897e-06
3.11517e-11
5.40896e-06
-4.80115e-12
5.40896e-06
2.24002e-11
5.40896e-06
-8.31327e-12
5.40896e-06
1.96533e-11
5.40896e-06
-1.00314e-11
5.40896e-06
1.7809e-11
5.40895e-06
-1.05804e-11
5.40896e-06
1.58302e-11
5.40895e-06
-1.0505e-11
5.40896e-06
1.63918e-11
5.40895e-06
-1.13842e-11
5.40896e-06
1.63014e-11
5.40895e-06
-1.0986e-11
5.40895e-06
1.57615e-11
5.40895e-06
-1.00147e-11
5.40895e-06
1.66616e-11
5.40895e-06
-1.00042e-11
5.40895e-06
1.68741e-11
5.40895e-06
-1.02731e-11
5.40895e-06
1.6052e-11
5.40895e-06
-1.18434e-11
5.40895e-06
1.48197e-11
5.40895e-06
-1.42405e-11
5.40895e-06
1.11047e-11
5.40895e-06
-2.60115e-11
5.40895e-06
-9.71343e-12
5.40898e-06
-6.13561e-11
-1.79341e-09
5.59174e-06
-3.23587e-09
5.59184e-06
-9.26863e-10
5.59198e-06
7.97561e-10
5.59202e-06
2.41921e-10
5.592e-06
-2.24181e-10
5.59189e-06
-9.58538e-10
5.59177e-06
-8.23611e-10
5.59178e-06
1.17013e-09
5.59189e-06
2.65408e-09
5.5919e-06
1.81217e-09
5.59188e-06
8.60603e-10
5.59185e-06
4.40055e-10
5.59184e-06
2.86262e-10
5.59182e-06
-5.19476e-10
5.59179e-06
-1.01116e-09
5.59176e-06
-8.95622e-10
5.59171e-06
-1.07065e-09
5.59168e-06
-9.7952e-10
5.59167e-06
-1.17467e-09
5.59162e-06
-1.45259e-09
5.59159e-06
-8.7071e-10
5.59154e-06
-3.51098e-10
5.5915e-06
1.81596e-10
5.59144e-06
2.50594e-10
5.59141e-06
3.60523e-10
5.59136e-06
2.31412e-10
5.59136e-06
3.65873e-10
5.59132e-06
7.97085e-11
5.59134e-06
2.25492e-10
5.59131e-06
-1.15285e-10
5.59133e-06
7.10425e-11
5.59132e-06
-3.55372e-10
5.59138e-06
-5.09856e-10
5.59142e-06
-8.89379e-10
5.59147e-06
-5.86431e-10
5.5915e-06
-3.87357e-10
5.59152e-06
-1.51529e-10
5.59151e-06
1.33609e-10
5.5916e-06
1.8994e-09
5.59175e-06
3.15784e-09
5.59178e-06
2.10433e-09
5.59178e-06
1.23396e-09
5.59175e-06
5.49801e-10
5.59174e-06
4.09154e-10
5.59172e-06
2.12293e-10
5.59171e-06
1.76953e-10
5.59171e-06
1.13899e-11
5.59172e-06
2.78204e-11
5.59172e-06
-7.65577e-11
5.59173e-06
-2.62431e-11
5.59173e-06
-8.32287e-11
5.59174e-06
-2.03048e-11
5.59173e-06
-7.43144e-11
5.59175e-06
-9.77036e-12
5.59175e-06
-7.12647e-11
5.59176e-06
-5.38199e-12
5.59176e-06
-7.24128e-11
5.59178e-06
-7.17573e-12
5.59179e-06
-6.3049e-11
5.5918e-06
-1.64933e-11
5.5918e-06
-4.64945e-11
5.59181e-06
-1.08872e-11
5.59181e-06
-4.19916e-11
5.59182e-06
5.83765e-12
5.59181e-06
-3.43871e-11
5.59182e-06
2.44448e-11
5.59181e-06
-2.87571e-11
5.59181e-06
3.95543e-11
5.59181e-06
-2.16219e-11
5.59181e-06
4.64616e-11
5.59181e-06
-9.91098e-12
5.59181e-06
3.34657e-11
5.59181e-06
-4.33176e-12
5.59181e-06
2.38856e-11
5.59181e-06
-8.17879e-12
5.59181e-06
2.0944e-11
5.59181e-06
-1.02248e-11
5.59181e-06
1.89558e-11
5.59181e-06
-1.11784e-11
5.59181e-06
1.68934e-11
5.59181e-06
-1.12876e-11
5.59181e-06
1.74945e-11
5.59181e-06
-1.21242e-11
5.59181e-06
1.7513e-11
5.5918e-06
-1.158e-11
5.59181e-06
1.72381e-11
5.5918e-06
-1.04442e-11
5.5918e-06
1.83442e-11
5.5918e-06
-1.03132e-11
5.5918e-06
1.85286e-11
5.5918e-06
-1.06094e-11
5.5918e-06
1.74565e-11
5.5918e-06
-1.23387e-11
5.5918e-06
1.58014e-11
5.5918e-06
-1.50855e-11
5.5918e-06
1.15719e-11
5.5918e-06
-2.74398e-11
5.59181e-06
-1.15698e-11
5.59184e-06
-1.00562e-10
-1.76385e-09
5.74246e-06
-3.15823e-09
5.74254e-06
-1.02286e-09
5.74265e-06
6.73912e-10
5.74267e-06
2.31792e-10
5.74265e-06
-2.02093e-10
5.74257e-06
-8.81055e-10
5.74249e-06
-7.33121e-10
5.7425e-06
1.15235e-09
5.74259e-06
2.56715e-09
5.74261e-06
1.79008e-09
5.74259e-06
8.74111e-10
5.74257e-06
4.63348e-10
5.74256e-06
2.92765e-10
5.74252e-06
-4.74316e-10
5.74246e-06
-9.54466e-10
5.74243e-06
-8.61349e-10
5.74239e-06
-1.02162e-09
5.74236e-06
-9.55535e-10
5.74237e-06
-1.17117e-09
5.74236e-06
-1.45524e-09
5.74235e-06
-8.52479e-10
5.74231e-06
-3.16436e-10
5.74228e-06
2.23583e-10
5.74222e-06
2.92313e-10
5.7422e-06
3.9772e-10
5.74216e-06
2.61791e-10
5.74215e-06
3.94693e-10
5.74212e-06
9.47108e-11
5.74213e-06
2.37812e-10
5.7421e-06
-1.14547e-10
5.74212e-06
7.48248e-11
5.74211e-06
-3.6937e-10
5.74216e-06
-5.45129e-10
5.7422e-06
-9.46447e-10
5.74225e-06
-6.32213e-10
5.74227e-06
-4.20388e-10
5.74229e-06
-1.72487e-10
5.74229e-06
1.36974e-10
5.74235e-06
1.83094e-09
5.74247e-06
3.04291e-09
5.74249e-06
2.06627e-09
5.7425e-06
1.2436e-09
5.74248e-06
5.623e-10
5.74247e-06
4.24995e-10
5.74245e-06
2.25354e-10
5.74245e-06
1.8572e-10
5.74244e-06
1.27941e-11
5.74245e-06
2.80166e-11
5.74244e-06
-7.97534e-11
5.74245e-06
-2.82721e-11
5.74245e-06
-8.65957e-11
5.74246e-06
-2.24512e-11
5.74245e-06
-7.85072e-11
5.74247e-06
-1.3961e-11
5.74247e-06
-7.88369e-11
5.74248e-06
-1.30852e-11
5.74248e-06
-8.2547e-11
5.7425e-06
-1.58833e-11
5.74251e-06
-7.26301e-11
5.74252e-06
-2.38357e-11
5.74252e-06
-5.29498e-11
5.74253e-06
-1.55313e-11
5.74253e-06
-4.56295e-11
5.74254e-06
3.9315e-12
5.74253e-06
-3.64331e-11
5.74254e-06
2.42574e-11
5.74253e-06
-2.98555e-11
5.74254e-06
4.03899e-11
5.74253e-06
-2.16837e-11
5.74254e-06
4.83852e-11
5.74253e-06
-9.41757e-12
5.74254e-06
3.4997e-11
5.74253e-06
-4.00942e-12
5.74254e-06
2.49438e-11
5.74253e-06
-8.09098e-12
5.74253e-06
2.17713e-11
5.74253e-06
-1.02051e-11
5.74253e-06
1.94428e-11
5.74253e-06
-1.12078e-11
5.74253e-06
1.70194e-11
5.74253e-06
-1.1231e-11
5.74253e-06
1.7542e-11
5.74253e-06
-1.20216e-11
5.74253e-06
1.77662e-11
5.74253e-06
-1.11768e-11
5.74253e-06
1.76787e-11
5.74253e-06
-9.70835e-12
5.74253e-06
1.89166e-11
5.74253e-06
-9.53318e-12
5.74253e-06
1.91689e-11
5.74253e-06
-1.00297e-11
5.74253e-06
1.79466e-11
5.74252e-06
-1.21539e-11
5.74253e-06
1.60275e-11
5.74252e-06
-1.54616e-11
5.74253e-06
1.13875e-11
5.74253e-06
-2.85296e-11
5.74253e-06
-1.42958e-11
5.74256e-06
-1.37888e-10
-1.72972e-09
5.86985e-06
-3.07395e-09
5.86992e-06
-1.1047e-09
5.87001e-06
5.68558e-10
5.87002e-06
2.26401e-10
5.87e-06
-1.79893e-10
5.86994e-06
-8.15316e-10
5.86987e-06
-6.59091e-10
5.86988e-06
1.13584e-09
5.86996e-06
2.48849e-09
5.86998e-06
1.76575e-09
5.86997e-06
8.83473e-10
5.86995e-06
4.82618e-10
5.86994e-06
3.00135e-10
5.8699e-06
-4.26378e-10
5.86984e-06
-8.92746e-10
5.8698e-06
-8.23695e-10
5.86976e-06
-9.73536e-10
5.86973e-06
-9.3213e-10
5.86975e-06
-1.17761e-09
5.86976e-06
-1.47114e-09
5.86976e-06
-8.44695e-10
5.86972e-06
-2.87895e-10
5.8697e-06
2.58817e-10
5.86965e-06
3.30235e-10
5.86963e-06
4.30105e-10
5.86959e-06
2.90418e-10
5.86958e-06
4.19967e-10
5.86955e-06
1.10446e-10
5.86956e-06
2.47705e-10
5.86954e-06
-1.10995e-10
5.86955e-06
7.78656e-11
5.86954e-06
-3.79577e-10
5.86959e-06
-5.79154e-10
5.86962e-06
-9.98954e-10
5.86967e-06
-6.77014e-10
5.8697e-06
-4.52664e-10
5.86971e-06
-1.93495e-10
5.86971e-06
1.39132e-10
5.86976e-06
1.77409e-09
5.86987e-06
2.94248e-09
5.86989e-06
2.03096e-09
5.8699e-06
1.2496e-09
5.86988e-06
5.72022e-10
5.86987e-06
4.3683e-10
5.86986e-06
2.36789e-10
5.86985e-06
1.93166e-10
5.86984e-06
1.58458e-11
5.86985e-06
2.94476e-11
5.86985e-06
-7.99648e-11
5.86985e-06
-2.83492e-11
5.86985e-06
-8.71473e-11
5.86985e-06
-2.35162e-11
5.86985e-06
-8.10927e-11
5.86986e-06
-1.8545e-11
5.86986e-06
-8.60233e-11
5.86987e-06
-2.19927e-11
5.86988e-06
-9.2493e-11
5.8699e-06
-2.54228e-11
5.8699e-06
-8.18097e-11
5.86991e-06
-3.10892e-11
5.86992e-06
-5.8925e-11
5.86992e-06
-1.96248e-11
5.86992e-06
-4.89411e-11
5.86993e-06
2.00816e-12
5.86992e-06
-3.79893e-11
5.86993e-06
2.341e-11
5.86992e-06
-3.05391e-11
5.86993e-06
4.0386e-11
5.86992e-06
-2.1323e-11
5.86993e-06
4.9477e-11
5.86993e-06
-8.78852e-12
5.86993e-06
3.57938e-11
5.86993e-06
-3.4661e-12
5.86993e-06
2.53139e-11
5.86993e-06
-7.79846e-12
5.86993e-06
2.19831e-11
5.86993e-06
-1.02243e-11
5.86993e-06
1.95478e-11
5.86993e-06
-1.15936e-11
5.86993e-06
1.71408e-11
5.86993e-06
-1.17741e-11
5.86993e-06
1.77477e-11
5.86993e-06
-1.23906e-11
5.86993e-06
1.81971e-11
5.86993e-06
-1.13078e-11
5.86993e-06
1.84766e-11
5.86993e-06
-9.64775e-12
5.86993e-06
1.99354e-11
5.86992e-06
-9.32779e-12
5.86993e-06
2.01392e-11
5.86992e-06
-9.89064e-12
5.86992e-06
1.86128e-11
5.86992e-06
-1.22462e-11
5.86992e-06
1.61819e-11
5.86992e-06
-1.59362e-11
5.86993e-06
1.09971e-11
5.86992e-06
-2.95567e-11
5.86993e-06
-1.7717e-11
5.86996e-06
-1.69322e-10
-1.69285e-09
5.97944e-06
-2.99778e-09
5.9795e-06
-1.17266e-09
5.97959e-06
4.7631e-10
5.97959e-06
2.22798e-10
5.97957e-06
-1.58244e-10
5.97951e-06
-7.55644e-10
5.97946e-06
-5.94548e-10
5.97946e-06
1.12232e-09
5.97954e-06
2.41693e-09
5.97956e-06
1.74217e-09
5.97955e-06
8.91018e-10
5.97953e-06
4.98968e-10
5.97952e-06
3.08075e-10
5.97948e-06
-3.81007e-10
5.97942e-06
-8.3374e-10
5.97938e-06
-7.86527e-10
5.97935e-06
-9.29981e-10
5.97932e-06
-9.11325e-10
5.97934e-06
-1.19021e-09
5.97936e-06
-1.49123e-09
5.97936e-06
-8.42277e-10
5.97933e-06
-2.63236e-10
5.97931e-06
2.88129e-10
5.97927e-06
3.64714e-10
5.97925e-06
4.56895e-10
5.97921e-06
3.17093e-10
5.97921e-06
4.40486e-10
5.97918e-06
1.27195e-10
5.97919e-06
2.55016e-10
5.97917e-06
-1.03766e-10
5.97918e-06
7.91769e-11
5.97917e-06
-3.8596e-10
5.97921e-06
-6.1293e-10
5.97925e-06
-1.04744e-09
5.97929e-06
-7.20916e-10
5.97932e-06
-4.83498e-10
5.97934e-06
-2.13871e-10
5.97934e-06
1.40524e-10
5.97938e-06
1.7251e-09
5.97947e-06
2.85403e-09
5.97949e-06
2.00084e-09
5.9795e-06
1.25349e-09
5.97948e-06
5.80873e-10
5.97948e-06
4.45601e-10
5.97946e-06
2.47421e-10
5.97946e-06
1.99615e-10
5.97945e-06
2.0576e-11
5.97946e-06
3.20145e-11
5.97945e-06
-7.71339e-11
5.97945e-06
-2.65349e-11
5.97944e-06
-8.50049e-11
5.97945e-06
-2.35827e-11
5.97944e-06
-8.22995e-11
5.97945e-06
-2.35542e-11
5.97946e-06
-9.29342e-11
5.97947e-06
-3.20376e-11
5.97948e-06
-1.02278e-10
5.97949e-06
-3.57348e-11
5.9795e-06
-9.01712e-11
5.97951e-06
-3.82705e-11
5.97951e-06
-6.36151e-11
5.97952e-06
-2.36951e-11
5.97952e-06
-5.09324e-11
5.97952e-06
-2.12937e-13
5.97952e-06
-3.88622e-11
5.97952e-06
2.20092e-11
5.97952e-06
-3.07369e-11
5.97952e-06
3.95178e-11
5.97952e-06
-2.07091e-11
5.97952e-06
4.94807e-11
5.97952e-06
-8.12546e-12
5.97953e-06
3.58809e-11
5.97952e-06
-3.08724e-12
5.97953e-06
2.52735e-11
5.97952e-06
-7.60856e-12
5.97952e-06
2.17375e-11
5.97952e-06
-1.00938e-11
5.97952e-06
1.90154e-11
5.97952e-06
-1.14873e-11
5.97952e-06
1.6362e-11
5.97952e-06
-1.15264e-11
5.97953e-06
1.69787e-11
5.97952e-06
-1.19698e-11
5.97953e-06
1.77365e-11
5.97952e-06
-1.05179e-11
5.97952e-06
1.829e-11
5.97952e-06
-8.50015e-12
5.97952e-06
1.99007e-11
5.97952e-06
-8.12074e-12
5.97952e-06
2.01352e-11
5.97952e-06
-8.92769e-12
5.97952e-06
1.83913e-11
5.97952e-06
-1.17304e-11
5.97952e-06
1.56147e-11
5.97952e-06
-1.60096e-11
5.97952e-06
9.98358e-12
5.97952e-06
-3.02841e-11
5.97953e-06
-2.1526e-11
5.97955e-06
-1.97739e-10
-1.65408e-09
6.07492e-06
-2.91985e-09
6.07497e-06
-1.23255e-09
6.07504e-06
3.94797e-10
6.07505e-06
2.20434e-10
6.07503e-06
-1.36388e-10
6.07497e-06
-6.99091e-10
6.07492e-06
-5.34483e-10
6.07492e-06
1.11037e-09
6.07499e-06
2.35194e-09
6.07501e-06
1.71947e-09
6.075e-06
8.97074e-10
6.07499e-06
5.13181e-10
6.07498e-06
3.1555e-10
6.07494e-06
-3.38917e-10
6.07489e-06
-7.78914e-10
6.07485e-06
-7.51993e-10
6.07482e-06
-8.90911e-10
6.0748e-06
-8.95279e-10
6.07482e-06
-1.20634e-09
6.07484e-06
-1.51449e-09
6.07485e-06
-8.43369e-10
6.07482e-06
-2.41833e-10
6.0748e-06
3.13955e-10
6.07476e-06
3.95853e-10
6.07475e-06
4.80301e-10
6.07472e-06
3.40943e-10
6.07471e-06
4.58772e-10
6.07469e-06
1.4298e-10
6.0747e-06
2.61349e-10
6.07467e-06
-9.64249e-11
6.07468e-06
8.03834e-11
6.07467e-06
-3.91791e-10
6.07472e-06
-6.46527e-10
6.07475e-06
-1.09508e-09
6.0748e-06
-7.64794e-10
6.07482e-06
-5.14166e-10
6.07484e-06
-2.33758e-10
6.07484e-06
1.41201e-10
6.07488e-06
1.68226e-09
6.07496e-06
2.77591e-09
6.07498e-06
1.97515e-09
6.07498e-06
1.25816e-09
6.07497e-06
5.89358e-10
6.07496e-06
4.53355e-10
6.07495e-06
2.57551e-10
6.07495e-06
2.06233e-10
6.07494e-06
2.68962e-11
6.07494e-06
3.65882e-11
6.07493e-06
-7.17877e-11
6.07493e-06
-2.25166e-11
6.07492e-06
-8.08274e-11
6.07492e-06
-2.25026e-11
6.07492e-06
-8.27489e-11
6.07493e-06
-2.87139e-11
6.07493e-06
-9.99879e-11
6.07494e-06
-4.25455e-11
6.07495e-06
-1.11874e-10
6.07496e-06
-4.57358e-11
6.07497e-06
-9.78012e-11
6.07498e-06
-4.45173e-11
6.07498e-06
-6.76547e-11
6.07499e-06
-2.67945e-11
6.07499e-06
-5.28133e-11
6.07499e-06
-2.11932e-12
6.07499e-06
-3.96229e-11
6.07499e-06
2.04199e-11
6.07499e-06
-3.0944e-11
6.07499e-06
3.83532e-11
6.07499e-06
-2.00853e-11
6.07499e-06
4.92287e-11
6.07499e-06
-7.58795e-12
6.07499e-06
3.56103e-11
6.07499e-06
-2.70669e-12
6.075e-06
2.47998e-11
6.07499e-06
-7.43908e-12
6.075e-06
2.11259e-11
6.07499e-06
-1.02111e-11
6.075e-06
1.83326e-11
6.07499e-06
-1.19103e-11
6.075e-06
1.57834e-11
6.07499e-06
-1.20438e-11
6.075e-06
1.65545e-11
6.075e-06
-1.21956e-11
6.075e-06
1.76346e-11
6.075e-06
-1.04344e-11
6.075e-06
1.86165e-11
6.07499e-06
-8.21132e-12
6.075e-06
2.04412e-11
6.07499e-06
-7.69839e-12
6.07499e-06
2.05871e-11
6.07499e-06
-8.62529e-12
6.07499e-06
1.84879e-11
6.07499e-06
-1.17219e-11
6.07499e-06
1.51489e-11
6.07499e-06
-1.63992e-11
6.075e-06
8.97236e-12
6.075e-06
-3.11885e-11
6.075e-06
-2.55854e-11
6.07502e-06
-2.21694e-10
-1.61657e-09
6.15882e-06
-2.85168e-09
6.15886e-06
-1.28301e-09
6.15893e-06
3.22364e-10
6.15893e-06
2.19317e-10
6.15891e-06
-1.14629e-10
6.15886e-06
-6.4561e-10
6.15881e-06
-4.79595e-10
6.15881e-06
1.1017e-09
6.15887e-06
2.29331e-09
6.15889e-06
1.69912e-09
6.15888e-06
9.0299e-10
6.15887e-06
5.25644e-10
6.15886e-06
3.22706e-10
6.15883e-06
-3.01745e-10
6.15878e-06
-7.30162e-10
6.15875e-06
-7.21453e-10
6.15872e-06
-8.58811e-10
6.15871e-06
-8.83545e-10
6.15873e-06
-1.22699e-09
6.15876e-06
-1.53927e-09
6.15876e-06
-8.47385e-10
6.15874e-06
-2.22362e-10
6.15872e-06
3.35862e-10
6.15869e-06
4.24607e-10
6.15868e-06
4.99054e-10
6.15865e-06
3.62896e-10
6.15865e-06
4.72828e-10
6.15862e-06
1.59263e-10
6.15863e-06
2.65233e-10
6.15861e-06
-8.65862e-11
6.15862e-06
7.93539e-11
6.15861e-06
-3.95504e-10
6.15865e-06
-6.81229e-10
6.15869e-06
-1.14069e-09
6.15873e-06
-8.08352e-10
6.15876e-06
-5.43268e-10
6.15878e-06
-2.52239e-10
6.15877e-06
1.42181e-10
6.15881e-06
1.64563e-09
6.15888e-06
2.70774e-09
6.15889e-06
1.95542e-09
6.15889e-06
1.26297e-09
6.15888e-06
5.98925e-10
6.15888e-06
4.60178e-10
6.15886e-06
2.68306e-10
6.15886e-06
2.13042e-10
6.15885e-06
3.53136e-11
6.15884e-06
4.26383e-11
6.15883e-06
-6.35809e-11
6.15883e-06
-1.67452e-11
6.15882e-06
-7.44266e-11
6.15882e-06
-2.06924e-11
6.15882e-06
-8.22489e-11
6.15883e-06
-3.43201e-11
6.15883e-06
-1.06798e-10
6.15884e-06
-5.37191e-11
6.15885e-06
-1.20902e-10
6.15886e-06
-5.57836e-11
6.15887e-06
-1.04151e-10
6.15888e-06
-5.01968e-11
6.15888e-06
-7.02319e-11
6.15888e-06
-2.96615e-11
6.15888e-06
-5.33973e-11
6.15889e-06
-4.17444e-12
6.15888e-06
-3.9759e-11
6.15889e-06
1.84431e-11
6.15888e-06
-3.07223e-11
6.15889e-06
3.65183e-11
6.15888e-06
-1.92666e-11
6.15889e-06
4.80764e-11
6.15889e-06
-7.03217e-12
6.15889e-06
3.47579e-11
6.15889e-06
-2.50721e-12
6.15889e-06
2.39903e-11
6.15889e-06
-7.409e-12
6.15889e-06
2.01285e-11
6.15889e-06
-1.02244e-11
6.15889e-06
1.71003e-11
6.15889e-06
-1.1903e-11
6.15889e-06
1.44078e-11
6.15889e-06
-1.18264e-11
6.1589e-06
1.52773e-11
6.15889e-06
-1.17009e-11
6.1589e-06
1.67426e-11
6.15889e-06
-9.52559e-12
6.15889e-06
1.80458e-11
6.15889e-06
-6.94363e-12
6.15889e-06
2.00143e-11
6.15889e-06
-6.38735e-12
6.15889e-06
2.0142e-11
6.15889e-06
-7.60408e-12
6.15889e-06
1.77723e-11
6.15889e-06
-1.11835e-11
6.15889e-06
1.40461e-11
6.15889e-06
-1.64488e-11
6.1589e-06
7.42761e-12
6.1589e-06
-3.18232e-11
6.1589e-06
-2.98397e-11
6.15892e-06
-2.43598e-10
-1.57963e-09
6.23298e-06
-2.78316e-09
6.23302e-06
-1.32959e-09
6.23308e-06
2.57246e-10
6.23309e-06
2.19474e-10
6.23306e-06
-9.23456e-11
6.23301e-06
-5.93735e-10
6.23296e-06
-4.26847e-10
6.23297e-06
1.09417e-09
6.23302e-06
2.24014e-09
6.23304e-06
1.67994e-09
6.23303e-06
9.08104e-10
6.23302e-06
5.36621e-10
6.23301e-06
3.28542e-10
6.23298e-06
-2.68632e-10
6.23294e-06
-6.86834e-10
6.23292e-06
-6.95559e-10
6.23289e-06
-8.3203e-10
6.23288e-06
-8.77111e-10
6.23291e-06
-1.25032e-09
6.23294e-06
-1.56672e-09
6.23295e-06
-8.53366e-10
6.23293e-06
-2.05032e-10
6.23291e-06
3.56152e-10
6.23288e-06
4.50758e-10
6.23287e-06
5.15813e-10
6.23284e-06
3.82067e-10
6.23284e-06
4.85779e-10
6.23282e-06
1.73895e-10
6.23283e-06
2.68842e-10
6.23281e-06
-7.83096e-11
6.23282e-06
7.82907e-11
6.23281e-06
-4.00536e-10
6.23285e-06
-7.16313e-10
6.23289e-06
-1.18721e-09
6.23294e-06
-8.51958e-10
6.23296e-06
-5.71998e-10
6.23298e-06
-2.69471e-10
6.23297e-06
1.4355e-10
6.233e-06
1.61408e-09
6.23306e-06
2.648e-09
6.23307e-06
1.93948e-09
6.23307e-06
1.27002e-09
6.23306e-06
6.09207e-10
6.23305e-06
4.67834e-10
6.23304e-06
2.79654e-10
6.23303e-06
2.21257e-10
6.23302e-06
4.55602e-11
6.23302e-06
5.11588e-11
6.233e-06
-5.32208e-11
6.233e-06
-8.82702e-12
6.23299e-06
-6.65987e-11
6.23299e-06
-1.78386e-11
6.23298e-06
-8.14692e-11
6.23299e-06
-3.98462e-11
6.23299e-06
-1.1381e-10
6.23301e-06
-6.46736e-11
6.23301e-06
-1.2945e-10
6.23303e-06
-6.46919e-11
6.23303e-06
-1.09478e-10
6.23304e-06
-5.44702e-11
6.23304e-06
-7.2086e-11
6.23304e-06
-3.13921e-11
6.23304e-06
-5.40166e-11
6.23304e-06
-5.75807e-12
6.23304e-06
-3.997e-11
6.23304e-06
1.65539e-11
6.23304e-06
-3.06989e-11
6.23305e-06
3.47093e-11
6.23304e-06
-1.86177e-11
6.23305e-06
4.70134e-11
6.23305e-06
-6.7079e-12
6.23305e-06
3.37813e-11
6.23305e-06
-2.39297e-12
6.23305e-06
2.29177e-11
6.23305e-06
-7.48585e-12
6.23305e-06
1.89336e-11
6.23305e-06
-1.05576e-11
6.23305e-06
1.58716e-11
6.23305e-06
-1.24719e-11
6.23305e-06
1.33606e-11
6.23305e-06
-1.24223e-11
6.23306e-06
1.44476e-11
6.23305e-06
-1.19191e-11
6.23306e-06
1.62983e-11
6.23305e-06
-9.39483e-12
6.23306e-06
1.80523e-11
6.23305e-06
-6.6177e-12
6.23305e-06
2.02055e-11
6.23305e-06
-5.96031e-12
6.23305e-06
2.02017e-11
6.23305e-06
-7.34271e-12
6.23305e-06
1.7445e-11
6.23305e-06
-1.12511e-11
6.23306e-06
1.3147e-11
6.23305e-06
-1.68978e-11
6.23306e-06
6.01944e-12
6.23306e-06
-3.27285e-11
6.23306e-06
-3.41486e-11
6.23308e-06
-2.62198e-10
-1.54477e-09
6.29876e-06
-2.72462e-09
6.2988e-06
-1.37001e-09
6.29886e-06
1.98328e-10
6.29886e-06
2.20466e-10
6.29883e-06
-7.01148e-11
6.29879e-06
-5.44075e-10
6.29874e-06
-3.78016e-10
6.29874e-06
1.08945e-09
6.29879e-06
2.19192e-09
6.29881e-06
1.66286e-09
6.2988e-06
9.13268e-10
6.29879e-06
5.46008e-10
6.29879e-06
3.33384e-10
6.29876e-06
-2.40831e-10
6.29872e-06
-6.50116e-10
6.2987e-06
-6.74749e-10
6.29868e-06
-8.12376e-10
6.29868e-06
-8.74713e-10
6.29871e-06
-1.27766e-09
6.29874e-06
-1.59531e-09
6.29875e-06
-8.61335e-10
6.29873e-06
-1.88544e-10
6.29872e-06
3.73729e-10
6.29869e-06
4.75513e-10
6.29868e-06
5.28928e-10
6.29866e-06
3.99947e-10
6.29866e-06
4.9515e-10
6.29864e-06
1.88983e-10
6.29864e-06
2.69996e-10
6.29863e-06
-6.82516e-11
6.29864e-06
7.45368e-11
6.29863e-06
-4.04314e-10
6.29867e-06
-7.53129e-10
6.29871e-06
-1.23242e-09
6.29875e-06
-8.95106e-10
6.29878e-06
-5.98618e-10
6.29879e-06
-2.84547e-10
6.29879e-06
1.46147e-10
6.29881e-06
1.58797e-09
6.29887e-06
2.59624e-09
6.29887e-06
1.92873e-09
6.29887e-06
1.2777e-09
6.29885e-06
6.21374e-10
6.29885e-06
4.75772e-10
6.29883e-06
2.92689e-10
6.29883e-06
2.3054e-10
6.29881e-06
5.8273e-11
6.2988e-06
6.12778e-11
6.29879e-06
-4.023e-11
6.29878e-06
5.75222e-13
6.29877e-06
-5.69269e-11
6.29877e-06
-1.44816e-11
6.29876e-06
-7.99e-11
6.29877e-06
-4.56945e-11
6.29878e-06
-1.20332e-10
6.29879e-06
-7.57929e-11
6.2988e-06
-1.36967e-10
6.29881e-06
-7.31437e-11
6.29881e-06
-1.13236e-10
6.29881e-06
-5.79527e-11
6.29881e-06
-7.2451e-11
6.29882e-06
-3.28402e-11
6.29881e-06
-5.33708e-11
6.29882e-06
-7.41401e-12
6.29881e-06
-3.95586e-11
6.29882e-06
1.4376e-11
6.29882e-06
-3.02262e-11
6.29882e-06
3.23481e-11
6.29882e-06
-1.77547e-11
6.29882e-06
4.5162e-11
6.29882e-06
-6.33231e-12
6.29882e-06
3.23095e-11
6.29882e-06
-2.42627e-12
6.29883e-06
2.15723e-11
6.29882e-06
-7.6827e-12
6.29883e-06
1.74144e-11
6.29883e-06
-1.0774e-11
6.29883e-06
1.417e-11
6.29883e-06
-1.26173e-11
6.29883e-06
1.16032e-11
6.29883e-06
-1.22888e-11
6.29883e-06
1.28601e-11
6.29883e-06
-1.1443e-11
6.29883e-06
1.51347e-11
6.29883e-06
-8.49358e-12
6.29883e-06
1.72192e-11
6.29883e-06
-5.37575e-12
6.29883e-06
1.94907e-11
6.29883e-06
-4.70411e-12
6.29883e-06
1.94255e-11
6.29883e-06
-6.40856e-12
6.29883e-06
1.63716e-11
6.29883e-06
-1.08037e-11
6.29883e-06
1.16879e-11
6.29883e-06
-1.7007e-11
6.29883e-06
4.15749e-12
6.29883e-06
-3.33306e-11
6.29884e-06
-3.85541e-11
6.29885e-06
-2.79204e-10
-1.51108e-09
6.35718e-06
-2.66653e-09
6.35722e-06
-1.40973e-09
6.35727e-06
1.44086e-10
6.35727e-06
2.22348e-10
6.35724e-06
-4.75434e-11
6.3572e-06
-4.95491e-10
6.35715e-06
-3.30379e-10
6.35715e-06
1.08512e-09
6.3572e-06
2.14772e-09
6.35721e-06
1.64633e-09
6.35721e-06
9.17402e-10
6.3572e-06
5.53834e-10
6.3572e-06
3.36196e-10
6.35717e-06
-2.17157e-10
6.35714e-06
-6.18922e-10
6.35713e-06
-6.59071e-10
6.35712e-06
-7.97573e-10
6.35712e-06
-8.77072e-10
6.35715e-06
-1.30688e-09
6.35718e-06
-1.62634e-09
6.35719e-06
-8.70272e-10
6.35717e-06
-1.73545e-10
6.35716e-06
3.90887e-10
6.35713e-06
4.98312e-10
6.35713e-06
5.41317e-10
6.35711e-06
4.15474e-10
6.35711e-06
5.04504e-10
6.35709e-06
2.02167e-10
6.3571e-06
2.71421e-10
6.35708e-06
-6.08539e-11
6.35709e-06
7.08557e-11
6.35709e-06
-4.10434e-10
6.35713e-06
-7.90308e-10
6.35717e-06
-1.27924e-09
6.35721e-06
-9.3792e-10
6.35723e-06
-6.24445e-10
6.35725e-06
-2.97794e-10
6.35724e-06
1.49816e-10
6.35726e-06
1.56609e-09
6.35731e-06
2.55119e-09
6.35731e-06
1.92067e-09
6.3573e-06
1.28802e-09
6.35729e-06
6.34582e-10
6.35728e-06
4.85583e-10
6.35726e-06
3.0698e-10
6.35725e-06
2.42021e-10
6.35724e-06
7.28958e-11
6.35723e-06
7.40426e-11
6.35721e-06
-2.54783e-11
6.3572e-06
1.19635e-11
6.35719e-06
-4.62932e-11
6.35719e-06
-1.0115e-11
6.35718e-06
-7.8243e-11
6.35719e-06
-5.11119e-11
6.35719e-06
-1.26888e-10
6.35721e-06
-8.60594e-11
6.35721e-06
-1.43718e-10
6.35722e-06
-7.9909e-11
6.35722e-06
-1.15849e-10
6.35723e-06
-5.98198e-11
6.35723e-06
-7.21449e-11
6.35723e-06
-3.31199e-11
6.35722e-06
-5.29007e-11
6.35723e-06
-8.51447e-12
6.35722e-06
-3.93428e-11
6.35723e-06
1.24847e-11
6.35722e-06
-3.00643e-11
6.35723e-06
3.02474e-11
6.35723e-06
-1.71627e-11
6.35723e-06
4.36535e-11
6.35723e-06
-6.23156e-12
6.35723e-06
3.08982e-11
6.35723e-06
-2.57418e-12
6.35723e-06
2.01086e-11
6.35723e-06
-8.00782e-12
6.35724e-06
1.58444e-11
6.35724e-06
-1.13215e-11
6.35724e-06
1.26048e-11
6.35724e-06
-1.33346e-11
6.35724e-06
1.02809e-11
6.35724e-06
-1.29808e-11
6.35724e-06
1.1794e-11
6.35724e-06
-1.1712e-11
6.35724e-06
1.44771e-11
6.35724e-06
-8.40862e-12
6.35724e-06
1.70021e-11
6.35724e-06
-5.12557e-12
6.35724e-06
1.94176e-11
6.35724e-06
-4.38943e-12
6.35724e-06
1.91889e-11
6.35724e-06
-6.28312e-12
6.35724e-06
1.57461e-11
6.35724e-06
-1.10057e-11
6.35724e-06
1.05209e-11
6.35724e-06
-1.75395e-11
6.35725e-06
2.54788e-12
6.35725e-06
-3.4238e-11
6.35725e-06
-4.28837e-11
6.35726e-06
-2.93568e-10
-1.47959e-09
6.40901e-06
-2.6187e-09
6.40904e-06
-1.44587e-09
6.40909e-06
9.38162e-11
6.40909e-06
2.24467e-10
6.40907e-06
-2.5342e-11
6.40902e-06
-4.48879e-10
6.40898e-06
-2.86144e-10
6.40898e-06
1.08287e-09
6.40902e-06
2.10708e-09
6.40904e-06
1.63119e-09
6.40903e-06
9.2121e-10
6.40903e-06
5.59814e-10
6.40902e-06
3.3743e-10
6.40901e-06
-1.98775e-10
6.40898e-06
-5.94167e-10
6.40897e-06
-6.48492e-10
6.40896e-06
-7.8918e-10
6.40897e-06
-8.82681e-10
6.409e-06
-1.33936e-09
6.40904e-06
-1.65822e-09
6.40905e-06
-8.80515e-10
6.40903e-06
-1.58775e-10
6.40902e-06
4.06131e-10
6.40899e-06
5.2043e-10
6.40899e-06
5.5106e-10
6.40897e-06
4.30358e-10
6.40897e-06
5.1107e-10
6.40895e-06
2.15836e-10
6.40896e-06
2.70593e-10
6.40895e-06
-5.21826e-11
6.40896e-06
6.44198e-11
6.40896e-06
-4.15701e-10
6.409e-06
-8.29159e-10
6.40904e-06
-1.32488e-09
6.40908e-06
-9.79808e-10
6.4091e-06
-6.47654e-10
6.40911e-06
-3.08433e-10
6.4091e-06
1.55155e-10
6.40912e-06
1.54891e-09
6.40916e-06
2.51257e-09
6.40916e-06
1.91691e-09
6.40915e-06
1.29901e-09
6.40914e-06
6.49892e-10
6.40913e-06
4.96326e-10
6.40911e-06
3.23483e-10
6.4091e-06
2.55045e-10
6.40908e-06
9.00292e-11
6.40906e-06
8.83334e-11
6.40905e-06
-8.43677e-12
6.40904e-06
2.45742e-11
6.40902e-06
-3.41234e-11
6.40902e-06
-5.30777e-12
6.40901e-06
-7.57905e-11
6.40902e-06
-5.65529e-11
6.40903e-06
-1.32634e-10
6.40904e-06
-9.60011e-11
6.40904e-06
-1.4913e-10
6.40905e-06
-8.59154e-11
6.40905e-06
-1.16826e-10
6.40905e-06
-6.0854e-11
6.40905e-06
-7.04602e-11
6.40905e-06
-3.3139e-11
6.40905e-06
-5.12403e-11
6.40905e-06
-9.62659e-12
6.40905e-06
-3.85277e-11
6.40905e-06
1.04053e-11
6.40905e-06
-2.94566e-11
6.40905e-06
2.77195e-11
6.40905e-06
-1.63586e-11
6.40905e-06
4.14772e-11
6.40905e-06
-6.05067e-12
6.40906e-06
2.90934e-11
6.40905e-06
-2.83474e-12
6.40906e-06
1.84548e-11
6.40906e-06
-8.42445e-12
6.40906e-06
1.40338e-11
6.40906e-06
-1.17295e-11
6.40906e-06
1.06598e-11
6.40906e-06
-1.36249e-11
6.40906e-06
8.34407e-12
6.40906e-06
-1.29483e-11
6.40907e-06
1.00634e-11
6.40906e-06
-1.13128e-11
6.40907e-06
1.31713e-11
6.40907e-06
-7.60319e-12
6.40907e-06
1.60062e-11
6.40907e-06
-4.01439e-12
6.40907e-06
1.85058e-11
6.40907e-06
-3.29226e-12
6.40907e-06
1.81902e-11
6.40907e-06
-5.51459e-12
6.40907e-06
1.4458e-11
6.40907e-06
-1.06938e-11
6.40907e-06
8.88777e-12
6.40907e-06
-1.772e-11
6.40907e-06
5.79355e-13
6.40907e-06
-3.48067e-11
6.40908e-06
-4.72198e-11
6.40909e-06
-3.06567e-10
-1.44956e-09
6.45485e-06
-2.57209e-09
6.45489e-06
-1.48351e-09
6.45493e-06
4.63292e-11
6.45493e-06
2.26975e-10
6.45491e-06
-3.17101e-12
6.45486e-06
-4.03248e-10
6.45482e-06
-2.42821e-10
6.45482e-06
1.08028e-09
6.45486e-06
2.06917e-09
6.45488e-06
1.61589e-09
6.45487e-06
9.23515e-10
6.45487e-06
5.63917e-10
6.45487e-06
3.36151e-10
6.45486e-06
-1.84343e-10
6.45484e-06
-5.74509e-10
6.45483e-06
-6.42678e-10
6.45483e-06
-7.84706e-10
6.45484e-06
-8.9212e-10
6.45487e-06
-1.37297e-09
6.45491e-06
-1.69225e-09
6.45492e-06
-8.91147e-10
6.45491e-06
-1.45104e-10
6.45489e-06
4.21622e-10
6.45487e-06
5.41173e-10
6.45486e-06
5.61022e-10
6.45485e-06
4.43504e-10
6.45485e-06
5.18431e-10
6.45483e-06
2.2771e-10
6.45484e-06
2.70352e-10
6.45483e-06
-4.66241e-11
6.45484e-06
5.82057e-11
6.45484e-06
-4.23527e-10
6.45488e-06
-8.68091e-10
6.45492e-06
-1.37218e-09
6.45496e-06
-1.0209e-09
6.45498e-06
-6.69683e-10
6.45499e-06
-3.1698e-10
6.45498e-06
1.61768e-10
6.45499e-06
1.53518e-09
6.45503e-06
2.47928e-09
6.45503e-06
1.915e-09
6.45502e-06
1.31264e-09
6.455e-06
6.66297e-10
6.45499e-06
5.09375e-10
6.45497e-06
3.4152e-10
6.45495e-06
2.70528e-10
6.45493e-06
1.08943e-10
6.45492e-06
1.05124e-10
6.4549e-06
9.96558e-12
6.45488e-06
3.89237e-11
6.45487e-06
-2.12811e-11
6.45486e-06
5.20223e-13
6.45486e-06
-7.32047e-11
6.45487e-06
-6.11992e-11
6.45487e-06
-1.38115e-10
6.45488e-06
-1.04643e-10
6.45488e-06
-1.53571e-10
6.45489e-06
-9.00131e-11
6.45489e-06
-1.16688e-10
6.45489e-06
-6.03036e-11
6.45489e-06
-6.82284e-11
6.45489e-06
-3.20555e-11
6.45488e-06
-4.98571e-11
6.45489e-06
-1.0167e-11
6.45488e-06
-3.79543e-11
6.45489e-06
8.71467e-12
6.45488e-06
-2.91886e-11
6.45489e-06
2.55742e-11
6.45489e-06
-1.58412e-11
6.45489e-06
3.97867e-11
6.45489e-06
-6.13234e-12
6.45489e-06
2.7464e-11
6.45489e-06
-3.189e-12
6.45489e-06
1.67838e-11
6.45489e-06
-8.93876e-12
6.4549e-06
1.22769e-11
6.4549e-06
-1.24314e-11
6.4549e-06
8.94365e-12
6.4549e-06
-1.4443e-11
6.4549e-06
6.9109e-12
6.4549e-06
-1.37175e-11
6.4549e-06
8.89184e-12
6.4549e-06
-1.1654e-11
6.4549e-06
1.23948e-11
6.4549e-06
-7.61497e-12
6.4549e-06
1.56365e-11
6.4549e-06
-3.90297e-12
6.4549e-06
1.82386e-11
6.4549e-06
-3.14429e-12
6.4549e-06
1.77483e-11
6.4549e-06
-5.55035e-12
6.4549e-06
1.36579e-11
6.4549e-06
-1.10188e-11
6.45491e-06
7.60917e-12
6.45491e-06
-1.82965e-11
6.45491e-06
-1.05699e-12
6.45491e-06
-3.56634e-11
6.45491e-06
-5.14009e-11
6.45492e-06
-3.17284e-10
-1.4219e-09
6.49518e-06
-2.53603e-09
6.49521e-06
-1.51939e-09
6.49525e-06
1.22238e-12
6.49525e-06
2.29208e-10
6.49523e-06
1.8259e-11
6.49519e-06
-3.59602e-10
6.49515e-06
-2.0276e-10
6.49515e-06
1.07905e-09
6.49518e-06
2.03367e-09
6.4952e-06
1.60127e-09
6.4952e-06
9.25025e-10
6.4952e-06
5.65865e-10
6.4952e-06
3.32943e-10
6.49519e-06
-1.74892e-10
6.49518e-06
-5.60644e-10
6.49517e-06
-6.41321e-10
6.49518e-06
-7.85549e-10
6.49519e-06
-9.03846e-10
6.49523e-06
-1.40913e-09
6.49526e-06
-1.72693e-09
6.49527e-06
-9.02729e-10
6.49526e-06
-1.3135e-10
6.49525e-06
4.35662e-10
6.49522e-06
5.61773e-10
6.49522e-06
5.6914e-10
6.4952e-06
4.56623e-10
6.4952e-06
5.23685e-10
6.49519e-06
2.40237e-10
6.4952e-06
2.68097e-10
6.49519e-06
-3.99565e-11
6.4952e-06
4.94321e-11
6.4952e-06
-4.30425e-10
6.49524e-06
-9.08331e-10
6.49528e-06
-1.41811e-09
6.49532e-06
-1.06061e-09
6.49534e-06
-6.88771e-10
6.49534e-06
-3.22815e-10
6.49534e-06
1.7005e-10
6.49534e-06
1.52541e-09
6.49537e-06
2.45119e-09
6.49537e-06
1.91665e-09
6.49536e-06
1.32687e-09
6.49534e-06
6.84772e-10
6.49532e-06
5.23567e-10
6.4953e-06
3.61876e-10
6.49529e-06
2.87592e-10
6.49526e-06
1.30135e-10
6.49525e-06
1.23146e-10
6.49523e-06
3.02515e-11
6.49521e-06
5.42148e-11
6.4952e-06
-7.11523e-12
6.49519e-06
6.80726e-12
6.49519e-06
-6.96911e-11
6.49519e-06
-6.55353e-11
6.49519e-06
-1.42466e-10
6.4952e-06
-1.12626e-10
6.49521e-06
-1.56532e-10
6.49521e-06
-9.32915e-11
6.49521e-06
-1.15028e-10
6.49521e-06
-5.90424e-11
6.4952e-06
-6.48017e-11
6.4952e-06
-3.07925e-11
6.4952e-06
-4.73538e-11
6.4952e-06
-1.06871e-11
6.4952e-06
-3.67959e-11
6.4952e-06
6.89744e-12
6.4952e-06
-2.84676e-11
6.4952e-06
2.308e-11
6.4952e-06
-1.5098e-11
6.4952e-06
3.75116e-11
6.4952e-06
-6.10172e-12
6.49521e-06
2.55219e-11
6.49521e-06
-3.61524e-12
6.49521e-06
1.49977e-11
6.49521e-06
-9.50992e-12
6.49521e-06
1.0353e-11
6.49521e-06
-1.29613e-11
6.49521e-06
6.92654e-12
6.49521e-06
-1.48191e-11
6.49522e-06
4.93704e-12
6.49522e-06
-1.37492e-11
6.49522e-06
7.12847e-12
6.49522e-06
-1.13346e-11
6.49522e-06
1.10239e-11
6.49522e-06
-6.93368e-12
6.49522e-06
1.45337e-11
6.49522e-06
-2.95387e-12
6.49522e-06
1.71896e-11
6.49522e-06
-2.22516e-12
6.49522e-06
1.66121e-11
6.49522e-06
-4.93992e-12
6.49522e-06
1.22726e-11
6.49522e-06
-1.0803e-11
6.49522e-06
5.95211e-12
6.49522e-06
-1.8492e-11
6.49523e-06
-2.97071e-12
6.49523e-06
-3.61349e-11
6.49523e-06
-5.55143e-11
6.49524e-06
-3.26743e-10
-1.39587e-09
6.53034e-06
-2.50165e-09
6.53038e-06
-1.55823e-09
6.53042e-06
-4.23302e-11
6.53042e-06
2.3148e-10
6.53039e-06
3.93296e-11
6.53035e-06
-3.16977e-10
6.53032e-06
-1.63579e-10
6.53032e-06
1.07688e-09
6.53035e-06
1.99984e-09
6.53036e-06
1.58585e-09
6.53036e-06
9.24605e-10
6.53036e-06
5.65681e-10
6.53037e-06
3.27026e-10
6.53036e-06
-1.68949e-10
6.53036e-06
-5.51069e-10
6.53036e-06
-6.43853e-10
6.53036e-06
-7.89144e-10
6.53038e-06
-9.18368e-10
6.53042e-06
-1.44577e-09
6.53045e-06
-1.7636e-09
6.53047e-06
-9.1445e-10
6.53045e-06
-1.18523e-10
6.53044e-06
4.50293e-10
6.53042e-06
5.81437e-10
6.53041e-06
5.78172e-10
6.5304e-06
4.68585e-10
6.5304e-06
5.30365e-10
6.53039e-06
2.51201e-10
6.53039e-06
2.66723e-10
6.53038e-06
-3.64567e-11
6.53039e-06
4.11728e-11
6.5304e-06
-4.39666e-10
6.53044e-06
-9.48198e-10
6.53048e-06
-1.46549e-09
6.53052e-06
-1.09915e-09
6.53054e-06
-7.06518e-10
6.53054e-06
-3.26645e-10
6.53053e-06
1.79415e-10
6.53053e-06
1.5183e-09
6.53056e-06
2.42731e-09
6.53055e-06
1.91947e-09
6.53054e-06
1.34361e-09
6.53052e-06
7.04237e-10
6.5305e-06
5.40112e-10
6.53048e-06
3.83684e-10
6.53046e-06
3.06973e-10
6.53044e-06
1.52734e-10
6.53042e-06
1.43298e-10
6.5304e-06
5.14593e-11
6.53038e-06
7.09646e-11
6.53036e-06
7.52446e-12
6.53036e-06
1.41621e-11
6.53035e-06
-6.59007e-11
6.53036e-06
-6.87405e-11
6.53036e-06
-1.4628e-10
6.53037e-06
-1.19045e-10
6.53037e-06
-1.58479e-10
6.53037e-06
-9.46805e-11
6.53037e-06
-1.12429e-10
6.53037e-06
-5.63712e-11
6.53036e-06
-6.09987e-11
6.53036e-06
-2.85359e-11
6.53036e-06
-4.5221e-11
6.53036e-06
-1.06541e-11
6.53036e-06
-3.59035e-11
6.53036e-06
5.51913e-12
6.53036e-06
-2.80951e-11
6.53036e-06
2.10399e-11
6.53036e-06
-1.46372e-11
6.53036e-06
3.58108e-11
6.53036e-06
-6.30414e-12
6.53036e-06
2.3832e-11
6.53036e-06
-4.09832e-12
6.53037e-06
1.32657e-11
6.53037e-06
-1.01289e-11
6.53037e-06
8.56136e-12
6.53037e-06
-1.37329e-11
6.53037e-06
5.20728e-12
6.53037e-06
-1.56694e-11
6.53037e-06
3.51813e-12
6.53037e-06
-1.45557e-11
6.53037e-06
5.94535e-12
6.53037e-06
-1.17424e-11
6.53038e-06
1.01938e-11
6.53038e-06
-7.05817e-12
6.53038e-06
1.40632e-11
6.53038e-06
-2.99987e-12
6.53038e-06
1.67878e-11
6.53038e-06
-2.24678e-12
6.53038e-06
1.60477e-11
6.53038e-06
-5.11156e-12
6.53038e-06
1.1409e-11
6.53038e-06
-1.11959e-11
6.53038e-06
4.69602e-12
6.53038e-06
-1.90415e-11
6.53038e-06
-4.49426e-12
6.53038e-06
-3.68685e-11
6.53039e-06
-5.94235e-11
6.53039e-06
-3.34176e-10
-1.37236e-09
6.56062e-06
-2.4778e-09
6.56066e-06
-1.59647e-09
6.5607e-06
-8.44999e-11
6.5607e-06
2.33203e-10
6.56068e-06
5.93973e-11
6.56064e-06
-2.76367e-10
6.5606e-06
-1.27592e-10
6.56061e-06
1.07548e-09
6.56064e-06
1.96756e-09
6.56065e-06
1.57057e-09
6.56065e-06
9.23037e-10
6.56066e-06
5.63196e-10
6.56066e-06
3.19116e-10
6.56066e-06
-1.67401e-10
6.56066e-06
-5.46334e-10
6.56066e-06
-6.49836e-10
6.56067e-06
-7.96804e-10
6.56069e-06
-9.34208e-10
6.56073e-06
-1.48436e-09
6.56077e-06
-1.8009e-09
6.56078e-06
-9.27002e-10
6.56077e-06
-1.0551e-10
6.56075e-06
4.63705e-10
6.56073e-06
6.01307e-10
6.56073e-06
5.85985e-10
6.56071e-06
4.81009e-10
6.56071e-06
5.35538e-10
6.5607e-06
2.62982e-10
6.56071e-06
2.6369e-10
6.5607e-06
-3.17715e-11
6.56071e-06
3.07315e-11
6.56072e-06
-4.47692e-10
6.56076e-06
-9.88856e-10
6.5608e-06
-1.5113e-09
6.56084e-06
-1.13599e-09
6.56085e-06
-7.21281e-10
6.56085e-06
-3.28002e-10
6.56084e-06
1.90103e-10
6.56084e-06
1.51433e-09
6.56086e-06
2.40758e-09
6.56085e-06
1.92519e-09
6.56084e-06
1.36077e-09
6.56082e-06
7.25586e-10
6.5608e-06
5.57725e-10
6.56078e-06
4.07576e-10
6.56075e-06
3.27655e-10
6.56073e-06
1.77126e-10
6.56071e-06
1.64216e-10
6.56069e-06
7.40826e-11
6.56067e-06
8.8365e-11
6.56065e-06
2.33017e-11
6.56065e-06
2.20294e-11
6.56064e-06
-6.10332e-11
6.56064e-06
-7.13335e-11
6.56064e-06
-1.48735e-10
6.56065e-06
-1.24616e-10
6.56065e-06
-1.58988e-10
6.56065e-06
-9.53738e-11
6.56065e-06
-1.08558e-10
6.56065e-06
-5.32028e-11
6.56064e-06
-5.62255e-11
6.56064e-06
-2.62063e-11
6.56064e-06
-4.20491e-11
6.56064e-06
-1.05872e-11
6.56063e-06
-3.44541e-11
6.56064e-06
4.05596e-12
6.56063e-06
-2.7282e-11
6.56064e-06
1.87167e-11
6.56063e-06
-1.3955e-11
6.56064e-06
3.35863e-11
6.56064e-06
-6.36516e-12
6.56064e-06
2.18985e-11
6.56064e-06
-4.62247e-12
6.56064e-06
1.1484e-11
6.56064e-06
-1.07758e-11
6.56065e-06
6.66799e-12
6.56065e-06
-1.43053e-11
6.56065e-06
3.25428e-12
6.56065e-06
-1.6065e-11
6.56065e-06
1.61901e-12
6.56065e-06
-1.46165e-11
6.56065e-06
4.22841e-12
6.56065e-06
-1.1496e-11
6.56065e-06
8.81408e-12
6.56065e-06
-6.50908e-12
6.56065e-06
1.29004e-11
6.56065e-06
-2.22226e-12
6.56065e-06
1.56561e-11
6.56065e-06
-1.49946e-12
6.56065e-06
1.48516e-11
6.56065e-06
-4.62708e-12
6.56066e-06
1.00307e-11
6.56066e-06
-1.10214e-11
6.56066e-06
3.1379e-12
6.56066e-06
-1.91854e-11
6.56066e-06
-6.22697e-12
6.56066e-06
-3.71858e-11
6.56066e-06
-6.32004e-11
6.56067e-06
-3.40467e-10
-1.3505e-09
6.58624e-06
-2.45559e-09
6.58628e-06
-1.63837e-09
6.58632e-06
-1.25761e-10
6.58632e-06
2.34839e-10
6.5863e-06
7.89351e-11
6.58626e-06
-2.36768e-10
6.58623e-06
-9.24713e-11
6.58623e-06
1.07277e-09
6.58626e-06
1.93622e-09
6.58628e-06
1.55409e-09
6.58628e-06
9.1931e-10
6.58629e-06
5.58527e-10
6.5863e-06
3.08608e-10
6.5863e-06
-1.68701e-10
6.5863e-06
-5.44858e-10
6.58631e-06
-6.58599e-10
6.58632e-06
-8.06006e-10
6.58633e-06
-9.51818e-10
6.58637e-06
-1.52296e-09
6.58641e-06
-1.84014e-09
6.58643e-06
-9.39677e-10
6.58642e-06
-9.33992e-11
6.5864e-06
4.77839e-10
6.58638e-06
6.20567e-10
6.58638e-06
5.95168e-10
6.58636e-06
4.92785e-10
6.58636e-06
5.42588e-10
6.58635e-06
2.73544e-10
6.58635e-06
2.61803e-10
6.58635e-06
-3.00484e-11
6.58636e-06
2.11887e-11
6.58637e-06
-4.57587e-10
6.58641e-06
-1.02872e-09
6.58645e-06
-1.55832e-09
6.58648e-06
-1.1715e-09
6.5865e-06
-7.34797e-10
6.5865e-06
-3.27735e-10
6.58648e-06
2.01379e-10
6.58648e-06
1.51219e-09
6.5865e-06
2.39104e-09
6.58649e-06
1.9315e-09
6.58647e-06
1.38019e-09
6.58645e-06
7.47692e-10
6.58643e-06
5.77448e-10
6.58641e-06
4.32587e-10
6.58638e-06
3.50202e-10
6.58636e-06
2.02376e-10
6.58634e-06
1.86723e-10
6.58631e-06
9.71351e-11
6.5863e-06
1.06884e-10
6.58628e-06
3.93805e-11
6.58627e-06
3.09801e-11
6.58626e-06
-5.57319e-11
6.58627e-06
-7.25547e-11
6.58627e-06
-1.50456e-10
6.58627e-06
-1.28545e-10
6.58627e-06
-1.5857e-10
6.58627e-06
-9.43764e-11
6.58627e-06
-1.04026e-10
6.58626e-06
-4.88903e-11
6.58626e-06
-5.12716e-11
6.58625e-06
-2.30194e-11
6.58625e-06
-3.93275e-11
6.58625e-06
-1.00142e-11
6.58625e-06
-3.32825e-11
6.58625e-06
3.03584e-12
6.58625e-06
-2.68115e-11
6.58625e-06
1.68648e-11
6.58625e-06
-1.35347e-11
6.58625e-06
3.19788e-11
6.58625e-06
-6.63125e-12
6.58626e-06
2.02556e-11
6.58626e-06
-5.1647e-12
6.58626e-06
9.79811e-12
6.58626e-06
-1.14201e-11
6.58626e-06
4.95586e-12
6.58626e-06
-1.50678e-11
6.58626e-06
1.64101e-12
6.58626e-06
-1.68834e-11
6.58626e-06
3.03926e-13
6.58626e-06
-1.54228e-11
6.58627e-06
3.09857e-12
6.58627e-06
-1.19558e-11
6.58627e-06
7.97597e-12
6.58627e-06
-6.74451e-12
6.58627e-06
1.23698e-11
6.58627e-06
-2.42211e-12
6.58627e-06
1.5171e-11
6.58627e-06
-1.67013e-12
6.58627e-06
1.42363e-11
6.58627e-06
-4.89112e-12
6.58627e-06
9.19595e-12
6.58627e-06
-1.14194e-11
6.58627e-06
2.00868e-12
6.58627e-06
-1.96394e-11
6.58627e-06
-7.53658e-12
6.58627e-06
-3.774e-11
6.58628e-06
-6.67412e-11
6.58628e-06
-3.44944e-10
-1.33112e-09
6.60737e-06
-2.44327e-09
6.60741e-06
-1.68013e-09
6.60745e-06
-1.66111e-10
6.60745e-06
2.35914e-10
6.60743e-06
9.74007e-11
6.60739e-06
-1.99101e-10
6.60736e-06
-6.03865e-11
6.60736e-06
1.07048e-09
6.60739e-06
1.90588e-09
6.60741e-06
1.53743e-09
6.60741e-06
9.14309e-10
6.60742e-06
5.51646e-10
6.60743e-06
2.96317e-10
6.60744e-06
-1.73609e-10
6.60744e-06
-5.47102e-10
6.60745e-06
-6.69684e-10
6.60746e-06
-8.1801e-10
6.60748e-06
-9.69834e-10
6.60752e-06
-1.56303e-09
6.60756e-06
-1.88009e-09
6.60758e-06
-9.53213e-10
6.60756e-06
-8.11691e-11
6.60755e-06
4.90875e-10
6.60753e-06
6.40238e-10
6.60752e-06
6.03586e-10
6.60751e-06
5.05389e-10
6.60751e-06
5.48634e-10
6.6075e-06
2.85126e-10
6.6075e-06
2.58652e-10
6.6075e-06
-2.7008e-11
6.60751e-06
1.00114e-11
6.60752e-06
-4.65885e-10
6.60756e-06
-1.0689e-09
6.6076e-06
-1.60369e-09
6.60763e-06
-1.20523e-09
6.60764e-06
-7.45561e-10
6.60764e-06
-3.25496e-10
6.60763e-06
2.13371e-10
6.60762e-06
1.51233e-09
6.60764e-06
2.37767e-09
6.60763e-06
1.94003e-09
6.60761e-06
1.39978e-09
6.60759e-06
7.71323e-10
6.60757e-06
5.97945e-10
6.60754e-06
4.59215e-10
6.60751e-06
3.73534e-10
6.60749e-06
2.28765e-10
6.60747e-06
2.09426e-10
6.60744e-06
1.2104e-10
6.60742e-06
1.25708e-10
6.60741e-06
5.6384e-11
6.6074e-06
4.04575e-11
6.60739e-06
-4.9245e-11
6.60739e-06
-7.29493e-11
6.60739e-06
-1.50699e-10
6.60739e-06
-1.31587e-10
6.60739e-06
-1.56887e-10
6.60739e-06
-9.29138e-11
6.60739e-06
-9.85719e-11
6.60738e-06
-4.43473e-11
6.60738e-06
-4.55948e-11
6.60737e-06
-1.98851e-11
6.60737e-06
-3.56545e-11
6.60737e-06
-9.41037e-12
6.60737e-06
-3.15938e-11
6.60737e-06
1.94996e-12
6.60737e-06
-2.59236e-11
6.60737e-06
1.47671e-11
6.60737e-06
-1.29058e-11
6.60737e-06
2.99041e-11
6.60737e-06
-6.75827e-12
6.60737e-06
1.84205e-11
6.60737e-06
-5.72958e-12
6.60737e-06
8.11471e-12
6.60737e-06
-1.20764e-11
6.60738e-06
3.19038e-12
6.60738e-06
-1.56172e-11
6.60738e-06
-1.57753e-13
6.60738e-06
-1.72474e-11
6.60738e-06
-1.4534e-12
6.60738e-06
-1.54857e-11
6.60738e-06
1.47731e-12
6.60738e-06
-1.17724e-11
6.60738e-06
6.62153e-12
6.60738e-06
-6.32716e-12
6.60738e-06
1.11754e-11
6.60738e-06
-1.81321e-12
6.60738e-06
1.39969e-11
6.60739e-06
-1.07536e-12
6.60739e-06
1.304e-11
6.60739e-06
-4.49389e-12
6.60739e-06
7.90174e-12
6.60739e-06
-1.12327e-11
6.60739e-06
6.38134e-13
6.60739e-06
-1.96762e-11
6.60739e-06
-9.00638e-12
6.60739e-06
-3.7866e-11
6.60739e-06
-7.00851e-11
6.6074e-06
-3.48418e-10
-1.31309e-09
6.62411e-06
-2.43191e-09
6.62416e-06
-1.72558e-09
6.6242e-06
-2.057e-10
6.62419e-06
2.37005e-10
6.62418e-06
1.15361e-10
6.62414e-06
-1.62299e-10
6.62411e-06
-2.90584e-11
6.62411e-06
1.06678e-09
6.62414e-06
1.87609e-09
6.62416e-06
1.51943e-09
6.62417e-06
9.0718e-10
6.62418e-06
5.42768e-10
6.62419e-06
2.81804e-10
6.6242e-06
-1.80557e-10
6.6242e-06
-5.51494e-10
6.62422e-06
-6.82384e-10
6.62423e-06
-8.30438e-10
6.62425e-06
-9.88664e-10
6.62429e-06
-1.60274e-09
6.62433e-06
-1.92202e-09
6.62435e-06
-9.66969e-10
6.62434e-06
-6.98477e-11
6.62432e-06
5.04559e-10
6.6243e-06
6.59497e-10
6.62429e-06
6.13626e-10
6.62428e-06
5.17759e-10
6.62428e-06
5.5687e-10
6.62427e-06
2.95844e-10
6.62427e-06
2.56897e-10
6.62427e-06
-2.64772e-11
6.62428e-06
1.75986e-14
6.62429e-06
-4.75513e-10
6.62433e-06
-1.10797e-09
6.62437e-06
-1.65013e-09
6.6244e-06
-1.2377e-09
6.62441e-06
-7.55379e-10
6.6244e-06
-3.22246e-10
6.62439e-06
2.25249e-10
6.62439e-06
1.5134e-09
6.6244e-06
2.3665e-09
6.62439e-06
1.94855e-09
6.62437e-06
1.42117e-09
6.62434e-06
7.95389e-10
6.62432e-06
6.2011e-10
6.62429e-06
4.86451e-10
6.62427e-06
3.98093e-10
6.62424e-06
2.55342e-10
6.62422e-06
2.33023e-10
6.6242e-06
1.44843e-10
6.62418e-06
1.45234e-10
6.62416e-06
7.34777e-11
6.62415e-06
5.09611e-11
6.62414e-06
-4.22207e-11
6.62414e-06
-7.18425e-11
6.62414e-06
-1.50109e-10
6.62414e-06
-1.33039e-10
6.62414e-06
-1.54462e-10
6.62414e-06
-9.0088e-11
6.62413e-06
-9.27617e-11
6.62413e-06
-3.89694e-11
6.62412e-06
-3.99385e-11
6.62412e-06
-1.60386e-11
6.62411e-06
-3.25031e-11
6.62411e-06
-8.36636e-12
6.62411e-06
-3.01923e-11
6.62411e-06
1.28184e-12
6.62411e-06
-2.53724e-11
6.62411e-06
1.31301e-11
6.62411e-06
-1.25218e-11
6.62411e-06
2.8431e-11
6.62411e-06
-7.04748e-12
6.62412e-06
1.68828e-11
6.62412e-06
-6.28362e-12
6.62412e-06
6.53916e-12
6.62412e-06
-1.26896e-11
6.62412e-06
1.62832e-12
6.62412e-06
-1.63134e-11
6.62412e-06
-1.5976e-12
6.62412e-06
-1.79878e-11
6.62412e-06
-2.61158e-12
6.62412e-06
-1.62641e-11
6.62413e-06
4.41469e-13
6.62413e-06
-1.22682e-11
6.62413e-06
5.80381e-12
6.62413e-06
-6.664e-12
6.62413e-06
1.06127e-11
6.62413e-06
-2.15369e-12
6.62413e-06
1.34683e-11
6.62413e-06
-1.36713e-12
6.62413e-06
1.24272e-11
6.62413e-06
-4.8081e-12
6.62413e-06
7.16046e-12
6.62413e-06
-1.1584e-11
6.62413e-06
-2.95899e-13
6.62413e-06
-1.99858e-11
6.62413e-06
-1.0042e-11
6.62413e-06
-3.82147e-11
6.62414e-06
-7.31687e-11
6.62414e-06
-3.50326e-10
-1.29727e-09
6.63658e-06
-2.42911e-09
6.63662e-06
-1.77071e-09
6.63666e-06
-2.44429e-10
6.63666e-06
2.37731e-10
6.63664e-06
1.32355e-10
6.63661e-06
-1.27193e-10
6.63658e-06
-4.67751e-13
6.63658e-06
1.06342e-09
6.63661e-06
1.84706e-09
6.63663e-06
1.50121e-09
6.63664e-06
8.98917e-10
6.63665e-06
5.32001e-10
6.63667e-06
2.65946e-10
6.63668e-06
-1.90211e-10
6.63668e-06
-5.58467e-10
6.6367e-06
-6.96297e-10
6.63671e-06
-8.44528e-10
6.63673e-06
-1.00707e-09
6.63677e-06
-1.6435e-09
6.63682e-06
-1.9648e-09
6.63683e-06
-9.81659e-10
6.63682e-06
-5.84921e-11
6.63681e-06
5.1711e-10
6.63679e-06
6.79225e-10
6.63678e-06
6.2318e-10
6.63676e-06
5.31213e-10
6.63676e-06
5.64499e-10
6.63675e-06
3.07763e-10
6.63675e-06
2.54292e-10
6.63675e-06
-2.43537e-11
6.63676e-06
-1.1158e-11
6.63677e-06
-4.83176e-10
6.63681e-06
-1.14699e-09
6.63685e-06
-1.69498e-09
6.63688e-06
-1.26849e-09
6.63688e-06
-7.62863e-10
6.63688e-06
-3.17706e-10
6.63687e-06
2.37081e-10
6.63686e-06
1.51581e-09
6.63687e-06
2.35748e-09
6.63686e-06
1.95851e-09
6.63684e-06
1.44232e-09
6.63682e-06
8.20526e-10
6.63679e-06
6.426e-10
6.63677e-06
5.14693e-10
6.63674e-06
4.22801e-10
6.63671e-06
2.82314e-10
6.63669e-06
2.56127e-10
6.63667e-06
1.68878e-10
6.63665e-06
1.64638e-10
6.63663e-06
9.12142e-11
6.63662e-06
6.19227e-11
6.63661e-06
-3.39851e-11
6.63661e-06
-6.98007e-11
6.63661e-06
-1.48025e-10
6.63661e-06
-1.33663e-10
6.6366e-06
-1.5102e-10
6.6366e-06
-8.71048e-11
6.63659e-06
-8.63846e-11
6.63659e-06
-3.36491e-11
6.63658e-06
-3.38058e-11
6.63658e-06
-1.23778e-11
6.63658e-06
-2.84919e-11
6.63657e-06
-7.3123e-12
6.63657e-06
-2.83188e-11
6.63657e-06
5.49047e-13
6.63657e-06
-2.44366e-11
6.63657e-06
1.12692e-11
6.63657e-06
-1.19545e-11
6.63657e-06
2.65092e-11
6.63658e-06
-7.19422e-12
6.63658e-06
1.51835e-11
6.63658e-06
-6.85585e-12
6.63658e-06
4.99734e-12
6.63658e-06
-1.33118e-11
6.63658e-06
4.16398e-14
6.63658e-06
-1.67939e-11
6.63658e-06
-3.19443e-12
6.63658e-06
-1.82798e-11
6.63658e-06
-4.19159e-12
6.63659e-06
-1.63063e-11
6.63659e-06
-1.05722e-12
6.63659e-06
-1.21309e-11
6.63659e-06
4.49133e-12
6.63659e-06
-6.36345e-12
6.63659e-06
9.40479e-12
6.63659e-06
-1.6966e-12
6.63659e-06
1.22798e-11
6.63659e-06
-8.96574e-13
6.63659e-06
1.12676e-11
6.63659e-06
-4.45982e-12
6.63659e-06
5.99551e-12
6.63659e-06
-1.13436e-11
6.63659e-06
-1.4328e-12
6.63659e-06
-1.98774e-11
6.63659e-06
-1.12096e-11
6.63659e-06
-3.81414e-11
6.6366e-06
-7.59867e-11
6.6366e-06
-3.51445e-10
-1.28222e-09
6.64482e-06
-2.42581e-09
6.64487e-06
-1.81894e-09
6.64491e-06
-2.82252e-10
6.64491e-06
2.38669e-10
6.64489e-06
1.4897e-10
6.64486e-06
-9.26429e-11
6.64483e-06
2.76903e-11
6.64483e-06
1.05887e-09
6.64486e-06
1.81846e-09
6.64488e-06
1.48174e-09
6.64489e-06
8.88825e-10
6.6449e-06
5.19641e-10
6.64492e-06
2.48442e-10
6.64493e-06
-2.01017e-10
6.64494e-06
-5.66535e-10
6.64495e-06
-7.10771e-10
6.64497e-06
-8.58048e-10
6.64499e-06
-1.02538e-09
6.64503e-06
-1.68356e-09
6.64508e-06
-2.00959e-09
6.64509e-06
-9.96671e-10
6.64508e-06
-4.80847e-11
6.64507e-06
5.3012e-10
6.64505e-06
6.98602e-10
6.64504e-06
6.34452e-10
6.64502e-06
5.44737e-10
6.64502e-06
5.74525e-10
6.64501e-06
3.19198e-10
6.64501e-06
2.53346e-10
6.64501e-06
-2.42774e-11
6.64502e-06
-2.08881e-11
6.64502e-06
-4.91645e-10
6.64506e-06
-1.18474e-09
6.64511e-06
-1.74099e-09
6.64513e-06
-1.29829e-09
6.64514e-06
-7.69831e-10
6.64513e-06
-3.12863e-10
6.64512e-06
2.48022e-10
6.64512e-06
1.51823e-09
6.64512e-06
2.34953e-09
6.64511e-06
1.96767e-09
6.64509e-06
1.4647e-09
6.64507e-06
8.45669e-10
6.64504e-06
6.662e-10
6.64502e-06
5.42945e-10
6.64499e-06
4.48035e-10
6.64496e-06
3.08772e-10
6.64494e-06
2.79347e-10
6.64492e-06
1.92183e-10
6.6449e-06
1.84226e-10
6.64488e-06
1.08745e-10
6.64487e-06
7.37523e-11
6.64486e-06
-2.52006e-11
6.64486e-06
-6.62348e-11
6.64485e-06
-1.45091e-10
6.64485e-06
-1.32831e-10
6.64485e-06
-1.47058e-10
6.64484e-06
-8.31158e-11
6.64484e-06
-7.99697e-11
6.64483e-06
-2.78136e-11
6.64483e-06
-2.78971e-11
6.64482e-06
-8.15256e-12
6.64482e-06
-2.50775e-11
6.64482e-06
-5.89598e-12
6.64482e-06
-2.6745e-11
6.64482e-06
1.93509e-13
6.64481e-06
-2.38351e-11
6.64482e-06
9.83568e-12
6.64482e-06
-1.16213e-11
6.64482e-06
2.51566e-11
6.64482e-06
-7.47761e-12
6.64482e-06
1.37687e-11
6.64482e-06
-7.40021e-12
6.64482e-06
3.55727e-12
6.64482e-06
-1.38665e-11
6.64482e-06
-1.33922e-12
6.64483e-06
-1.7393e-11
6.64483e-06
-4.43096e-12
6.64483e-06
-1.89153e-11
6.64483e-06
-5.17204e-12
6.64483e-06
-1.70417e-11
6.64483e-06
-1.9756e-12
6.64483e-06
-1.26503e-11
6.64483e-06
3.70639e-12
6.64483e-06
-6.78948e-12
6.64483e-06
8.82391e-12
6.64483e-06
-2.16348e-12
6.64483e-06
1.17335e-11
6.64483e-06
-1.28593e-12
6.64483e-06
1.06869e-11
6.64483e-06
-4.79413e-12
6.64483e-06
5.3815e-12
6.64483e-06
-1.16174e-11
6.64484e-06
-2.13924e-12
6.64484e-06
-2.00182e-11
6.64484e-06
-1.19477e-11
6.64484e-06
-3.82908e-11
6.64484e-06
-7.85047e-11
6.64484e-06
-3.51299e-10
-1.2688e-09
6.64889e-06
-2.42891e-09
6.64894e-06
-1.86619e-09
6.64897e-06
-3.19212e-10
6.64897e-06
2.39248e-10
6.64896e-06
1.64644e-10
6.64892e-06
-5.92896e-11
6.6489e-06
5.38717e-11
6.6489e-06
1.055e-09
6.64893e-06
1.79058e-09
6.64895e-06
1.46217e-09
6.64896e-06
8.77982e-10
6.64897e-06
5.05919e-10
6.64899e-06
2.30228e-10
6.64901e-06
-2.13572e-10
6.64902e-06
-5.76233e-10
6.64903e-06
-7.25589e-10
6.64904e-06
-8.72162e-10
6.64906e-06
-1.04236e-09
6.6491e-06
-1.7242e-09
6.64915e-06
-2.05542e-09
6.64917e-06
-1.01267e-09
6.64916e-06
-3.78152e-11
6.64915e-06
5.41816e-10
6.64913e-06
7.18385e-10
6.64911e-06
6.45449e-10
6.6491e-06
5.59484e-10
6.64909e-06
5.84249e-10
6.64908e-06
3.32048e-10
6.64908e-06
2.52018e-10
6.64908e-06
-2.24329e-11
6.64909e-06
-3.13123e-11
6.6491e-06
-4.9779e-10
6.64913e-06
-1.22221e-09
6.64918e-06
-1.78578e-09
6.6492e-06
-1.32676e-09
6.64921e-06
-7.74957e-10
6.6492e-06
-3.07378e-10
6.64919e-06
2.58274e-10
6.64919e-06
1.52106e-09
6.64919e-06
2.3424e-09
6.64918e-06
1.97717e-09
6.64916e-06
1.4864e-09
6.64914e-06
8.71396e-10
6.64911e-06
6.89628e-10
6.64909e-06
5.71545e-10
6.64906e-06
4.72825e-10
6.64903e-06
3.34916e-10
6.64901e-06
3.01333e-10
6.64899e-06
2.14962e-10
6.64897e-06
2.03155e-10
6.64895e-06
1.26529e-10
6.64894e-06
8.5865e-11
6.64893e-06
-1.52838e-11
6.64893e-06
-6.17176e-11
6.64892e-06
-1.40715e-10
6.64892e-06
-1.31274e-10
6.64891e-06
-1.42345e-10
6.64891e-06
-7.92644e-11
6.64891e-06
-7.33569e-11
6.6489e-06
-2.23216e-11
6.64889e-06
-2.17585e-11
6.64889e-06
-4.25076e-12
6.64889e-06
-2.09071e-11
6.64888e-06
-4.50305e-12
6.64888e-06
-2.47531e-11
6.64888e-06
-2.31859e-13
6.64888e-06
-2.28908e-11
6.64888e-06
8.19047e-12
6.64888e-06
-1.11397e-11
6.64888e-06
2.33778e-11
6.64888e-06
-7.64655e-12
6.64889e-06
1.22126e-11
6.64889e-06
-7.97098e-12
6.64889e-06
2.17589e-12
6.64889e-06
-1.44442e-11
6.64889e-06
-2.72793e-12
6.64889e-06
-1.77901e-11
6.64889e-06
-5.8111e-12
6.64889e-06
-1.91208e-11
6.64889e-06
-6.57378e-12
6.64889e-06
-1.70542e-11
6.64889e-06
-3.33611e-12
6.6489e-06
-1.25537e-11
6.6489e-06
2.43828e-12
6.6489e-06
-6.59599e-12
6.6489e-06
7.6014e-12
6.6489e-06
-1.84718e-12
6.6489e-06
1.05431e-11
6.6489e-06
-9.23577e-13
6.6489e-06
9.57802e-12
6.6489e-06
-4.47388e-12
6.6489e-06
4.36336e-12
6.6489e-06
-1.13054e-11
6.6489e-06
-3.02361e-12
6.6489e-06
-1.97552e-11
6.6489e-06
-1.28032e-11
6.6489e-06
-3.80441e-11
6.6489e-06
-8.06686e-11
6.6489e-06
-3.50679e-10
-1.25514e-09
6.6488e-06
-2.42995e-09
6.64885e-06
-1.91614e-09
6.64888e-06
-3.54876e-10
6.64888e-06
2.40694e-10
6.64887e-06
1.80456e-10
6.64883e-06
-2.60169e-11
6.64881e-06
7.99768e-11
6.64881e-06
1.05011e-09
6.64884e-06
1.7632e-09
6.64886e-06
1.44175e-09
6.64887e-06
8.65829e-10
6.64889e-06
4.91235e-10
6.6489e-06
2.11092e-10
6.64892e-06
-2.26428e-10
6.64893e-06
-5.86031e-10
6.64894e-06
-7.40035e-10
6.64896e-06
-8.84983e-10
6.64897e-06
-1.05865e-09
6.64901e-06
-1.76416e-09
6.64906e-06
-2.10346e-09
6.64908e-06
-1.02908e-09
6.64907e-06
-2.83274e-11
6.64906e-06
5.53924e-10
6.64904e-06
7.38045e-10
6.64903e-06
6.58248e-10
6.64901e-06
5.74494e-10
6.649e-06
5.96467e-10
6.64899e-06
3.44778e-10
6.64899e-06
2.52557e-10
6.64899e-06
-2.20394e-11
6.649e-06
-4.02038e-11
6.64901e-06
-5.04406e-10
6.64904e-06
-1.25855e-09
6.64909e-06
-1.83198e-09
6.64911e-06
-1.3547e-09
6.64911e-06
-7.80149e-10
6.64911e-06
-3.02337e-10
6.6491e-06
2.66804e-10
6.6491e-06
1.52303e-09
6.6491e-06
2.33558e-09
6.64909e-06
1.98535e-09
6.64907e-06
1.50871e-09
6.64905e-06
8.96624e-10
6.64902e-06
7.13402e-10
6.649e-06
5.99398e-10
6.64897e-06
4.97303e-10
6.64894e-06
3.5978e-10
6.64892e-06
3.22677e-10
6.6489e-06
2.36527e-10
6.64888e-06
2.21816e-10
6.64887e-06
1.43834e-10
6.64885e-06
9.86262e-11
6.64884e-06
-4.93035e-12
6.64884e-06
-5.58488e-11
6.64883e-06
-1.35663e-10
6.64883e-06
-1.2855e-10
6.64882e-06
-1.37392e-10
6.64882e-06
-7.47683e-11
6.64881e-06
-6.69215e-11
6.64881e-06
-1.65472e-11
6.6488e-06
-1.59802e-11
6.6488e-06
8.35503e-14
6.64879e-06
-1.74145e-11
6.64879e-06
-2.84727e-12
6.64879e-06
-2.30949e-11
6.64879e-06
-3.54076e-13
6.64879e-06
-2.22925e-11
6.64879e-06
6.91455e-12
6.64879e-06
-1.08888e-11
6.64879e-06
2.20942e-11
6.64879e-06
-7.91292e-12
6.6488e-06
1.09077e-11
6.6488e-06
-8.50582e-12
6.6488e-06
8.67833e-13
6.6488e-06
-1.49366e-11
6.6488e-06
-3.9267e-12
6.6488e-06
-1.82858e-11
6.6488e-06
-6.84103e-12
6.6488e-06
-1.96449e-11
6.6488e-06
-7.37175e-12
6.6488e-06
-1.77366e-11
6.6488e-06
-4.13051e-12
6.6488e-06
-1.30931e-11
6.6488e-06
1.69229e-12
6.6488e-06
-7.10407e-12
6.64881e-06
7.01035e-12
6.64881e-06
-2.42936e-12
6.64881e-06
9.99033e-12
6.64881e-06
-1.39974e-12
6.64881e-06
9.04112e-12
6.64881e-06
-4.81549e-12
6.64881e-06
3.8868e-12
6.64881e-06
-1.14917e-11
6.64881e-06
-3.49884e-12
6.64881e-06
-1.97238e-11
6.64881e-06
-1.32469e-11
6.64881e-06
-3.8e-11
6.64881e-06
-8.25739e-11
6.64881e-06
-3.48933e-10
-1.24203e-09
6.64455e-06
-2.43624e-09
6.6446e-06
-1.96521e-09
6.64463e-06
-3.89046e-10
6.64463e-06
2.43254e-10
6.64462e-06
1.96429e-10
6.64458e-06
6.47473e-12
6.64456e-06
1.04118e-10
6.64456e-06
1.04557e-09
6.64459e-06
1.73676e-09
6.64461e-06
1.42185e-09
6.64462e-06
8.53459e-10
6.64464e-06
4.75913e-10
6.64466e-06
1.91886e-10
6.64467e-06
-2.40212e-10
6.64468e-06
-5.96277e-10
6.6447e-06
-7.53792e-10
6.64471e-06
-8.97759e-10
6.64472e-06
-1.07354e-09
6.64476e-06
-1.80496e-09
6.64482e-06
-2.1529e-09
6.64483e-06
-1.04648e-09
6.64483e-06
-1.87513e-11
6.64481e-06
5.65136e-10
6.64479e-06
7.58415e-10
6.64478e-06
6.70939e-10
6.64476e-06
5.90758e-10
6.64475e-06
6.08645e-10
6.64474e-06
3.5902e-10
6.64474e-06
2.53011e-10
6.64474e-06
-1.96074e-11
6.64475e-06
-4.94265e-11
6.64475e-06
-5.08804e-10
6.64479e-06
-1.29486e-09
6.64483e-06
-1.87726e-09
6.64486e-06
-1.38163e-09
6.64486e-06
-7.84231e-10
6.64485e-06
-2.97499e-10
6.64485e-06
2.7356e-10
6.64485e-06
1.52457e-09
6.64485e-06
2.32954e-09
6.64484e-06
1.99379e-09
6.64482e-06
1.52986e-09
6.6448e-06
9.21593e-10
6.64477e-06
7.36125e-10
6.64475e-06
6.26673e-10
6.64472e-06
5.20373e-10
6.6447e-06
3.83393e-10
6.64468e-06
3.4221e-10
6.64466e-06
2.57168e-10
6.64464e-06
2.39543e-10
6.64462e-06
1.61152e-10
6.64461e-06
1.11499e-10
6.6446e-06
6.34494e-12
6.64459e-06
-4.92728e-11
6.64459e-06
-1.29508e-10
6.64458e-06
-1.25437e-10
6.64458e-06
-1.32045e-10
6.64457e-06
-7.06735e-11
6.64457e-06
-6.05227e-11
6.64456e-06
-1.12446e-11
6.64456e-06
-1.0098e-11
6.64455e-06
3.96924e-12
6.64455e-06
-1.3272e-11
6.64455e-06
-1.27331e-12
6.64454e-06
-2.11171e-11
6.64455e-06
-6.05347e-13
6.64454e-06
-2.14208e-11
6.64455e-06
5.41016e-12
6.64454e-06
-1.05334e-11
6.64455e-06
2.03853e-11
6.64455e-06
-8.09643e-12
6.64455e-06
9.466e-12
6.64455e-06
-9.08697e-12
6.64455e-06
-3.78141e-13
6.64455e-06
-1.54689e-11
6.64455e-06
-5.1321e-12
6.64455e-06
-1.85958e-11
6.64455e-06
-8.00898e-12
6.64455e-06
-1.97609e-11
6.64456e-06
-8.58224e-12
6.64456e-06
-1.76991e-11
6.64456e-06
-5.37586e-12
6.64456e-06
-1.30258e-11
6.64456e-06
4.73131e-13
6.64456e-06
-7.01025e-12
6.64456e-06
5.7865e-12
6.64456e-06
-2.23406e-12
6.64456e-06
8.79217e-12
6.64456e-06
-1.13137e-12
6.64456e-06
7.98488e-12
6.64456e-06
-4.51499e-12
6.64456e-06
3.0102e-12
6.64456e-06
-1.10997e-11
6.64456e-06
-4.14663e-12
6.64456e-06
-1.93011e-11
6.64456e-06
-1.38093e-11
6.64456e-06
-3.7529e-11
6.64456e-06
-8.4208e-11
6.64456e-06
-3.46603e-10
-1.2271e-09
6.63613e-06
-2.43885e-09
6.63618e-06
-2.0165e-09
6.63621e-06
-4.21486e-10
6.63621e-06
2.47316e-10
6.63619e-06
2.13058e-10
6.63616e-06
3.94105e-11
6.63614e-06
1.28583e-10
6.63614e-06
1.04024e-09
6.63617e-06
1.71093e-09
6.63619e-06
1.40153e-09
6.6362e-06
8.40337e-10
6.63621e-06
4.60296e-10
6.63623e-06
1.72491e-10
6.63625e-06
-2.53486e-10
6.63626e-06
-6.05705e-10
6.63627e-06
-7.66301e-10
6.63628e-06
-9.08535e-10
6.6363e-06
-1.08711e-09
6.63634e-06
-1.84498e-09
6.63639e-06
-2.20464e-09
6.63641e-06
-1.0643e-09
6.6364e-06
-9.7993e-12
6.63639e-06
5.76588e-10
6.63637e-06
7.7873e-10
6.63635e-06
6.85364e-10
6.63634e-06
6.07342e-10
6.63632e-06
6.23346e-10
6.63631e-06
3.73474e-10
6.63631e-06
2.55529e-10
6.63631e-06
-1.80485e-11
6.63632e-06
-5.70457e-11
6.63632e-06
-5.13346e-10
6.63635e-06
-1.33021e-09
6.6364e-06
-1.92422e-09
6.63642e-06
-1.40842e-09
6.63643e-06
-7.88843e-10
6.63642e-06
-2.93734e-10
6.63642e-06
2.77848e-10
6.63642e-06
1.52444e-09
6.63642e-06
2.32304e-09
6.63641e-06
2.00032e-09
6.63639e-06
1.55094e-09
6.63637e-06
9.45544e-10
6.63635e-06
7.58474e-10
6.63632e-06
6.52517e-10
6.6363e-06
5.42375e-10
6.63628e-06
4.0502e-10
6.63626e-06
3.60335e-10
6.63624e-06
2.76051e-10
6.63622e-06
2.56464e-10
6.63621e-06
1.77614e-10
6.63619e-06
1.24705e-10
6.63618e-06
1.78729e-11
6.63618e-06
-4.15433e-11
6.63617e-06
-1.22834e-10
6.63616e-06
-1.21402e-10
6.63616e-06
-1.26681e-10
6.63615e-06
-6.62549e-11
6.63615e-06
-5.44999e-11
6.63614e-06
-5.8918e-12
6.63614e-06
-4.72896e-12
6.63613e-06
8.14524e-12
6.63613e-06
-9.89863e-12
6.63613e-06
4.63702e-13
6.63613e-06
-1.95085e-11
6.63613e-06
-6.23139e-13
6.63613e-06
-2.09052e-11
6.63613e-06
4.21846e-12
6.63613e-06
-1.04047e-11
6.63613e-06
1.90977e-11
6.63613e-06
-8.33905e-12
6.63613e-06
8.24282e-12
6.63613e-06
-9.6264e-12
6.63613e-06
-1.57938e-12
6.63613e-06
-1.59022e-11
6.63613e-06
-6.16532e-12
6.63613e-06
-1.89898e-11
6.63614e-06
-8.83751e-12
6.63614e-06
-2.01768e-11
6.63614e-06
-9.18322e-12
6.63614e-06
-1.83124e-11
6.63614e-06
-6.06298e-12
6.63614e-06
-1.35769e-11
6.63614e-06
-2.24204e-13
6.63614e-06
-7.59727e-12
6.63614e-06
5.20233e-12
6.63614e-06
-2.91806e-12
6.63614e-06
8.23035e-12
6.63614e-06
-1.68807e-12
6.63614e-06
7.4945e-12
6.63614e-06
-4.8648e-12
6.63614e-06
2.66458e-12
6.63614e-06
-1.11987e-11
6.63614e-06
-4.40755e-12
6.63614e-06
-1.90998e-11
6.63614e-06
-1.39778e-11
6.63614e-06
-3.72468e-11
6.63614e-06
-8.56292e-11
6.63614e-06
-3.43279e-10
-1.21163e-09
6.6235e-06
-2.44463e-09
6.62355e-06
-2.06618e-09
6.62358e-06
-4.523e-10
6.62357e-06
2.52586e-10
6.62356e-06
2.29942e-10
6.62352e-06
7.21034e-11
6.6235e-06
1.51843e-10
6.6235e-06
1.03565e-09
6.62353e-06
1.68611e-09
6.62355e-06
1.38194e-09
6.62356e-06
8.27489e-10
6.62358e-06
4.44661e-10
6.6236e-06
1.5374e-10
6.62361e-06
-2.6676e-10
6.62362e-06
-6.14748e-10
6.62363e-06
-7.77384e-10
6.62364e-06
-9.18344e-10
6.62365e-06
-1.09836e-09
6.62369e-06
-1.88527e-09
6.62375e-06
-2.25785e-09
6.62377e-06
-1.08302e-09
6.62376e-06
-8.17135e-13
6.62375e-06
5.86813e-10
6.62373e-06
7.99458e-10
6.62371e-06
6.99568e-10
6.62369e-06
6.25037e-10
6.62368e-06
6.38096e-10
6.62367e-06
3.89557e-10
6.62366e-06
2.58365e-10
6.62366e-06
-1.42077e-11
6.62367e-06
-6.46217e-11
6.62367e-06
-5.15303e-10
6.6237e-06
-1.36537e-09
6.62375e-06
-1.97066e-09
6.62377e-06
-1.43449e-09
6.62378e-06
-7.92674e-10
6.62377e-06
-2.90625e-10
6.62377e-06
2.7984e-10
6.62377e-06
1.52307e-09
6.62378e-06
2.31606e-09
6.62377e-06
2.00597e-09
6.62375e-06
1.57031e-09
6.62373e-06
9.68766e-10
6.62371e-06
7.79325e-10
6.62368e-06
6.77255e-10
6.62366e-06
5.62518e-10
6.62364e-06
4.2481e-10
6.62363e-06
3.7591e-10
6.62361e-06
2.93218e-10
6.6236e-06
2.71771e-10
6.62358e-06
1.93518e-10
6.62357e-06
1.37648e-10
6.62355e-06
3.00727e-11
6.62355e-06
-3.32071e-11
6.62354e-06
-1.1514e-10
6.62353e-06
-1.17039e-10
6.62353e-06
-1.21092e-10
6.62352e-06
-6.24517e-11
6.62352e-06
-4.87874e-11
6.62352e-06
-1.26936e-12
6.62351e-06
5.00099e-13
6.62351e-06
1.16961e-11
6.6235e-06
-5.98852e-12
6.6235e-06
2.06736e-12
6.6235e-06
-1.76368e-11
6.6235e-06
-7.78452e-13
6.6235e-06
-2.01525e-11
6.6235e-06
2.80941e-12
6.6235e-06
-1.02e-11
6.6235e-06
1.73882e-11
6.6235e-06
-8.50599e-12
6.6235e-06
6.90451e-12
6.6235e-06
-1.0225e-11
6.62351e-06
-2.69066e-12
6.62351e-06
-1.63981e-11
6.62351e-06
-7.1944e-12
6.62351e-06
-1.92165e-11
6.62351e-06
-9.8038e-12
6.62351e-06
-2.02002e-11
6.62351e-06
-1.02198e-11
6.62351e-06
-1.82051e-11
6.62351e-06
-7.19877e-12
6.62351e-06
-1.35224e-11
6.62351e-06
-1.39959e-12
6.62351e-06
-7.58335e-12
6.62351e-06
3.96327e-12
6.62351e-06
-2.82133e-12
6.62351e-06
7.00885e-12
6.62351e-06
-1.4995e-12
6.62351e-06
6.47306e-12
6.62351e-06
-4.57717e-12
6.62351e-06
1.90801e-12
6.62351e-06
-1.07273e-11
6.62351e-06
-4.8367e-12
6.62351e-06
-1.85269e-11
6.62351e-06
-1.42662e-11
6.62351e-06
-3.65652e-11
6.62352e-06
-8.66879e-11
6.62351e-06
-3.39643e-10
-1.19315e-09
6.60659e-06
-2.44517e-09
6.60664e-06
-2.11748e-09
6.60667e-06
-4.80967e-10
6.60666e-06
2.5966e-10
6.60665e-06
2.47691e-10
6.60661e-06
1.05586e-10
6.60659e-06
1.75752e-10
6.6066e-06
1.03059e-09
6.60662e-06
1.66199e-09
6.60664e-06
1.36222e-09
6.60665e-06
8.14357e-10
6.60667e-06
4.29273e-10
6.60668e-06
1.35493e-10
6.6067e-06
-2.78705e-10
6.6067e-06
-6.2211e-10
6.60671e-06
-7.86359e-10
6.60672e-06
-9.25363e-10
6.60673e-06
-1.10737e-09
6.60677e-06
-1.92431e-09
6.60683e-06
-2.31322e-09
6.60685e-06
-1.10201e-09
6.60684e-06
7.62796e-12
6.60683e-06
5.96868e-10
6.60681e-06
8.19819e-10
6.60679e-06
7.15096e-10
6.60678e-06
6.42909e-10
6.60676e-06
6.55216e-10
6.60675e-06
4.06097e-10
6.60674e-06
2.63436e-10
6.60674e-06
-1.07399e-11
6.60674e-06
-7.04064e-11
6.60674e-06
-5.16844e-10
6.60678e-06
-1.39948e-09
6.60682e-06
-2.01889e-09
6.60685e-06
-1.46058e-09
6.60685e-06
-7.97206e-10
6.60685e-06
-2.88984e-10
6.60685e-06
2.78816e-10
6.60685e-06
1.51931e-09
6.60686e-06
2.30765e-09
6.60686e-06
2.00887e-09
6.60684e-06
1.58892e-09
6.60682e-06
9.90517e-10
6.6068e-06
7.99298e-10
6.60677e-06
7.00153e-10
6.60675e-06
5.81106e-10
6.60674e-06
4.42105e-10
6.60672e-06
3.89342e-10
6.60671e-06
3.07936e-10
6.6067e-06
2.85559e-10
6.60668e-06
2.08016e-10
6.60667e-06
1.50473e-10
6.60666e-06
4.22871e-11
6.60665e-06
-2.38775e-11
6.60664e-06
-1.06962e-10
6.60663e-06
-1.11844e-10
6.60663e-06
-1.15569e-10
6.60662e-06
-5.85483e-11
6.60662e-06
-4.36497e-11
6.60662e-06
3.1291e-12
6.60661e-06
5.00982e-12
6.60661e-06
1.53815e-11
6.6066e-06
-2.95616e-12
6.6066e-06
3.73543e-12
6.6066e-06
-1.61464e-11
6.6066e-06
-7.45678e-13
6.6066e-06
-1.97406e-11
6.6066e-06
1.67113e-12
6.6066e-06
-1.02033e-11
6.6066e-06
1.60546e-11
6.6066e-06
-8.69747e-12
6.6066e-06
5.75354e-12
6.6066e-06
-1.0763e-11
6.60661e-06
-3.78925e-12
6.60661e-06
-1.67688e-11
6.60661e-06
-8.06687e-12
6.60661e-06
-1.95047e-11
6.60661e-06
-1.04353e-11
6.60661e-06
-2.04994e-11
6.60661e-06
-1.06251e-11
6.60661e-06
-1.87371e-11
6.60661e-06
-7.75679e-12
6.60661e-06
-1.40674e-11
6.60661e-06
-2.03472e-12
6.60661e-06
-8.22706e-12
6.60661e-06
3.39617e-12
6.60661e-06
-3.59298e-12
6.60661e-06
6.44999e-12
6.60661e-06
-2.13054e-12
6.60661e-06
6.02648e-12
6.60661e-06
-4.9359e-12
6.60661e-06
1.68236e-12
6.60661e-06
-1.0749e-11
6.60662e-06
-4.89906e-12
6.60661e-06
-1.81688e-11
6.60661e-06
-1.41725e-11
6.60661e-06
-3.60796e-11
6.60662e-06
-8.75148e-11
6.60661e-06
-3.3524e-10
-1.17363e-09
6.58533e-06
-2.44767e-09
6.58538e-06
-2.16686e-09
6.5854e-06
-5.07783e-10
6.5854e-06
2.68287e-10
6.58538e-06
2.65915e-10
6.58534e-06
1.39134e-10
6.58532e-06
1.98777e-10
6.58533e-06
1.02635e-09
6.58535e-06
1.6389e-09
6.58537e-06
1.34341e-09
6.58538e-06
8.0185e-10
6.58539e-06
4.14364e-10
6.58541e-06
1.18486e-10
6.58542e-06
-2.89816e-10
6.58543e-06
-6.28175e-10
6.58544e-06
-7.93049e-10
6.58544e-06
-9.3051e-10
6.58545e-06
-1.1132e-09
6.58549e-06
-1.96302e-09
6.58555e-06
-2.36996e-09
6.58557e-06
-1.12165e-09
6.58556e-06
1.61377e-11
6.58555e-06
6.05441e-10
6.58553e-06
8.4017e-10
6.58551e-06
7.30013e-10
6.58549e-06
6.61553e-10
6.58548e-06
6.723e-10
6.58546e-06
4.24244e-10
6.58546e-06
2.69088e-10
6.58545e-06
-4.80467e-12
6.58546e-06
-7.56778e-11
6.58545e-06
-5.15386e-10
6.58549e-06
-1.43318e-09
6.58553e-06
-2.06676e-09
6.58556e-06
-1.48597e-09
6.58556e-06
-8.01066e-10
6.58556e-06
-2.88264e-10
6.58556e-06
2.75026e-10
6.58557e-06
1.5137e-09
6.58558e-06
2.29794e-09
6.58558e-06
2.01005e-09
6.58556e-06
1.60528e-09
6.58554e-06
1.011e-09
6.58552e-06
8.17384e-10
6.5855e-06
7.21569e-10
6.58548e-06
5.97484e-10
6.58547e-06
4.57088e-10
6.58546e-06
3.99639e-10
6.58545e-06
3.20222e-10
6.58543e-06
2.97067e-10
6.58542e-06
2.21353e-10
6.58541e-06
1.62584e-10
6.5854e-06
5.48608e-11
6.58539e-06
-1.40886e-11
6.58538e-06
-9.78335e-11
6.58537e-06
-1.0633e-10
6.58537e-06
-1.09895e-10
6.58536e-06
-5.5369e-11
6.58536e-06
-3.90458e-11
6.58536e-06
6.56843e-12
6.58535e-06
9.14599e-12
6.58535e-06
1.82493e-11
6.58535e-06
4.96349e-13
6.58534e-06
5.21001e-12
6.58534e-06
-1.44438e-11
6.58534e-06
-8.58389e-13
6.58534e-06
-1.91119e-11
6.58534e-06
3.32622e-13
6.58534e-06
-1.01422e-11
6.58534e-06
1.43262e-11
6.58534e-06
-8.82861e-12
6.58535e-06
4.51191e-12
6.58535e-06
-1.1363e-11
6.58535e-06
-4.76943e-12
6.58535e-06
-1.72127e-11
6.58535e-06
-8.92196e-12
6.58535e-06
-1.96322e-11
6.58535e-06
-1.12009e-11
6.58535e-06
-2.04089e-11
6.58535e-06
-1.14819e-11
6.58535e-06
-1.85346e-11
6.58535e-06
-8.76099e-12
6.58535e-06
-1.39904e-11
6.58535e-06
-3.14745e-12
6.58535e-06
-8.25563e-12
6.58535e-06
2.15926e-12
6.58535e-06
-3.56657e-12
6.58535e-06
5.21787e-12
6.58536e-06
-2.00361e-12
6.58536e-06
5.03559e-12
6.58536e-06
-4.65525e-12
6.58536e-06
1.02982e-12
6.58536e-06
-1.0204e-11
6.58536e-06
-5.13291e-12
6.58536e-06
-1.74539e-11
6.58536e-06
-1.42036e-11
6.58535e-06
-3.5209e-11
6.58536e-06
-8.7915e-11
6.58535e-06
-3.30693e-10
-1.15025e-09
6.55958e-06
-2.44412e-09
6.55963e-06
-2.21784e-09
6.55966e-06
-5.32195e-10
6.55965e-06
2.78991e-10
6.55963e-06
2.85145e-10
6.55959e-06
1.73699e-10
6.55957e-06
2.22589e-10
6.55957e-06
1.0217e-09
6.5596e-06
1.61643e-09
6.55961e-06
1.3246e-09
6.55963e-06
7.89353e-10
6.55964e-06
4.00113e-10
6.55966e-06
1.02557e-10
6.55967e-06
-2.9886e-10
6.55967e-06
-6.31705e-10
6.55967e-06
-7.96749e-10
6.55968e-06
-9.32041e-10
6.55968e-06
-1.11579e-09
6.55972e-06
-1.99988e-09
6.55978e-06
-2.42861e-09
6.5598e-06
-1.14126e-09
6.55979e-06
2.43322e-11
6.55978e-06
6.13463e-10
6.55976e-06
8.59746e-10
6.55975e-06
7.45668e-10
6.55973e-06
6.79992e-10
6.55971e-06
6.9143e-10
6.55969e-06
4.42944e-10
6.55969e-06
2.77049e-10
6.55968e-06
1.22623e-12
6.55968e-06
-7.89534e-11
6.55968e-06
-5.12905e-10
6.55971e-06
-1.4657e-09
6.55976e-06
-2.11643e-09
6.55978e-06
-1.51133e-09
6.55979e-06
-8.05548e-10
6.55979e-06
-2.89132e-10
6.55979e-06
2.67884e-10
6.5598e-06
1.50524e-09
6.55981e-06
2.2861e-09
6.55981e-06
2.0078e-09
6.5598e-06
1.62027e-09
6.55978e-06
1.02962e-09
6.55976e-06
8.34202e-10
6.55974e-06
7.40902e-10
6.55973e-06
6.12012e-10
6.55972e-06
4.69242e-10
6.55971e-06
4.07231e-10
6.5597e-06
3.29487e-10
6.55969e-06
3.06384e-10
6.55968e-06
2.32701e-10
6.55967e-06
1.74063e-10
6.55965e-06
6.71293e-11
6.55964e-06
-3.51324e-12
6.55963e-06
-8.82573e-11
6.55963e-06
-1.00013e-10
6.55962e-06
-1.04275e-10
6.55962e-06
-5.22008e-11
6.55962e-06
-3.51232e-11
6.55961e-06
9.56725e-12
6.55961e-06
1.23679e-11
6.55961e-06
2.10932e-11
6.55961e-06
2.94628e-12
6.5596e-06
6.65002e-12
6.5596e-06
-1.31387e-11
6.5596e-06
-8.16481e-13
6.5596e-06
-1.88017e-11
6.5596e-06
-7.60507e-13
6.5596e-06
-1.02587e-11
6.5596e-06
1.29439e-11
6.5596e-06
-8.9331e-12
6.55961e-06
3.44301e-12
6.55961e-06
-1.18737e-11
6.55961e-06
-5.75519e-12
6.55961e-06
-1.74968e-11
6.55961e-06
-9.62482e-12
6.55961e-06
-1.97945e-11
6.55961e-06
-1.16251e-11
6.55961e-06
-2.05689e-11
6.55961e-06
-1.16721e-11
6.55961e-06
-1.8959e-11
6.55961e-06
-9.1558e-12
6.55961e-06
-1.44908e-11
6.55961e-06
-3.68565e-12
6.55961e-06
-8.91751e-12
6.55961e-06
1.64212e-12
6.55961e-06
-4.39836e-12
6.55961e-06
4.68655e-12
6.55961e-06
-2.69365e-12
6.55961e-06
4.63851e-12
6.55962e-06
-5.02258e-12
6.55962e-06
9.14173e-13
6.55962e-06
-1.01605e-11
6.55962e-06
-5.01677e-12
6.55961e-06
-1.69527e-11
6.55961e-06
-1.3861e-11
6.55961e-06
-3.45386e-11
6.55961e-06
-8.80859e-11
6.55961e-06
-3.25498e-10
-1.12559e-09
6.52919e-06
-2.4422e-09
6.52924e-06
-2.26718e-09
6.52926e-06
-5.54841e-10
6.52925e-06
2.91453e-10
6.52923e-06
3.04926e-10
6.52919e-06
2.08547e-10
6.52917e-06
2.45701e-10
6.52918e-06
1.01775e-09
6.5292e-06
1.59484e-09
6.52922e-06
1.30669e-09
6.52923e-06
7.77651e-10
6.52924e-06
3.86684e-10
6.52925e-06
8.83329e-11
6.52926e-06
-3.0633e-10
6.52926e-06
-6.33081e-10
6.52926e-06
-7.97314e-10
6.52926e-06
-9.30765e-10
6.52926e-06
-1.11423e-09
6.5293e-06
-2.03567e-09
6.52936e-06
-2.48842e-09
6.52938e-06
-1.16105e-09
6.52937e-06
3.28547e-11
6.52937e-06
6.19751e-10
6.52935e-06
8.78822e-10
6.52933e-06
7.60169e-10
6.52931e-06
6.98617e-10
6.52929e-06
7.1025e-10
6.52928e-06
4.63086e-10
6.52927e-06
2.85745e-10
6.52926e-06
9.91949e-12
6.52926e-06
-8.13528e-11
6.52926e-06
-5.06979e-10
6.52929e-06
-1.49753e-09
6.52934e-06
-2.16587e-09
6.52936e-06
-1.53583e-09
6.52936e-06
-8.09205e-10
6.52936e-06
-2.90874e-10
6.52937e-06
2.57796e-10
6.52938e-06
1.4946e-09
6.5294e-06
2.27241e-09
6.5294e-06
2.0031e-09
6.52939e-06
1.63254e-09
6.52937e-06
1.04654e-09
6.52936e-06
8.48863e-10
6.52934e-06
7.58564e-10
6.52933e-06
6.2423e-10
6.52932e-06
4.78844e-10
6.52931e-06
4.11303e-10
6.52931e-06
3.35798e-10
6.5293e-06
3.12834e-10
6.52929e-06
2.42272e-10
6.52928e-06
1.8432e-10
6.52927e-06
7.93504e-11
6.52926e-06
7.31098e-12
6.52925e-06
-7.78234e-11
6.52924e-06
-9.33333e-11
6.52923e-06
-9.84694e-11
6.52923e-06
-4.97478e-11
6.52923e-06
-3.1813e-11
6.52923e-06
1.14587e-11
6.52923e-06
1.50137e-11
6.52922e-06
2.29157e-11
6.52922e-06
5.69922e-12
6.52922e-06
7.83269e-12
6.52922e-06
-1.16794e-11
6.52922e-06
-9.16705e-13
6.52922e-06
-1.82888e-11
6.52922e-06
-2.02109e-12
6.52922e-06
-1.03066e-11
6.52922e-06
1.11989e-11
6.52922e-06
-8.94609e-12
6.52922e-06
2.33605e-12
6.52922e-06
-1.24432e-11
6.52922e-06
-6.56729e-12
6.52922e-06
-1.78656e-11
6.52922e-06
-1.02825e-11
6.52922e-06
-1.98005e-11
6.52922e-06
-1.21742e-11
6.52922e-06
-2.03355e-11
6.52922e-06
-1.23385e-11
6.52922e-06
-1.86124e-11
6.52922e-06
-9.99897e-12
6.52923e-06
-1.43331e-11
6.52923e-06
-4.70309e-12
6.52923e-06
-8.93024e-12
6.52923e-06
4.28701e-13
6.52923e-06
-4.38775e-12
6.52923e-06
3.45545e-12
6.52923e-06
-2.58969e-12
6.52923e-06
3.67442e-12
6.52923e-06
-4.7335e-12
6.52923e-06
3.45811e-13
6.52923e-06
-9.544e-12
6.52923e-06
-5.07732e-12
6.52923e-06
-1.61109e-11
6.52923e-06
-1.36527e-11
6.52923e-06
-3.34916e-11
6.52923e-06
-8.77753e-11
6.52922e-06
-3.20234e-10
-1.09637e-09
6.49394e-06
-2.43416e-09
6.49399e-06
-2.31874e-09
6.49401e-06
-5.75083e-10
6.49399e-06
3.06081e-10
6.49397e-06
3.25672e-10
6.49394e-06
2.44505e-10
6.49391e-06
2.69573e-10
6.49392e-06
1.0133e-09
6.49394e-06
1.57362e-09
6.49396e-06
1.28878e-09
6.49397e-06
7.66095e-10
6.49398e-06
3.74157e-10
6.49399e-06
7.56199e-11
6.494e-06
-3.11135e-10
6.494e-06
-6.31179e-10
6.49399e-06
-7.94089e-10
6.49399e-06
-9.25062e-10
6.49398e-06
-1.10835e-09
6.49402e-06
-2.06895e-09
6.49408e-06
-2.54979e-09
6.4941e-06
-1.18025e-09
6.49409e-06
4.14603e-11
6.49409e-06
6.25234e-10
6.49407e-06
8.96698e-10
6.49405e-06
7.74655e-10
6.49404e-06
7.16424e-10
6.49402e-06
7.30538e-10
6.494e-06
4.83685e-10
6.49399e-06
2.96646e-10
6.49398e-06
1.89728e-11
6.49398e-06
-8.14971e-11
6.49397e-06
-4.9937e-10
6.494e-06
-1.52803e-09
6.49405e-06
-2.21709e-09
6.49407e-06
-1.56008e-09
6.49408e-06
-8.13107e-10
6.49408e-06
-2.93922e-10
6.49409e-06
2.44386e-10
6.4941e-06
1.48104e-09
6.49412e-06
2.25619e-09
6.49413e-06
1.99444e-09
6.49412e-06
1.64295e-09
6.4941e-06
1.06121e-09
6.49409e-06
8.61959e-10
6.49407e-06
7.74098e-10
6.49406e-06
6.34589e-10
6.49406e-06
4.85579e-10
6.49405e-06
4.12403e-10
6.49405e-06
3.38695e-10
6.49405e-06
3.16537e-10
6.49404e-06
2.49305e-10
6.49403e-06
1.93372e-10
6.49402e-06
9.08496e-11
6.49401e-06
1.86151e-11
6.494e-06
-6.70184e-11
6.49399e-06
-8.58477e-11
6.49399e-06
-9.25994e-11
6.49398e-06
-4.72598e-11
6.49398e-06
-2.91874e-11
6.49398e-06
1.27898e-11
6.49398e-06
1.6605e-11
6.49398e-06
2.45858e-11
6.49398e-06
7.3133e-12
6.49397e-06
8.87622e-12
6.49397e-06
-1.06282e-11
6.49397e-06
-8.91183e-13
6.49397e-06
-1.80548e-11
6.49397e-06
-3.04838e-12
6.49397e-06
-1.0484e-11
6.49397e-06
9.80129e-12
6.49398e-06
-8.89943e-12
6.49398e-06
1.39026e-12
6.49398e-06
-1.28762e-11
6.49398e-06
-7.40297e-12
6.49398e-06
-1.80188e-11
6.49398e-06
-1.07866e-11
6.49398e-06
-1.98022e-11
6.49398e-06
-1.23656e-11
6.49398e-06
-2.03222e-11
6.49398e-06
-1.22797e-11
6.49398e-06
-1.88863e-11
6.49398e-06
-1.01825e-11
6.49398e-06
-1.47333e-11
6.49398e-06
-5.08999e-12
6.49398e-06
-9.55303e-12
6.49398e-06
1.26781e-14
6.49398e-06
-5.2337e-12
6.49398e-06
2.98898e-12
6.49398e-06
-3.31101e-12
6.49398e-06
3.34111e-12
6.49398e-06
-5.10403e-12
6.49398e-06
3.31829e-13
6.49398e-06
-9.44861e-12
6.49398e-06
-4.8062e-12
6.49398e-06
-1.54863e-11
6.49398e-06
-1.30804e-11
6.49398e-06
-3.26499e-11
6.49398e-06
-8.72704e-11
6.49398e-06
-3.14344e-10
-1.06603e-09
6.45355e-06
-2.42824e-09
6.4536e-06
-2.36958e-09
6.45362e-06
-5.93956e-10
6.4536e-06
3.22478e-10
6.45358e-06
3.46852e-10
6.45354e-06
2.80822e-10
6.45352e-06
2.92774e-10
6.45352e-06
1.00928e-09
6.45354e-06
1.55298e-09
6.45356e-06
1.27164e-09
6.45357e-06
7.55357e-10
6.45358e-06
3.62622e-10
6.45359e-06
6.49248e-11
6.4536e-06
-3.13793e-10
6.45359e-06
-6.26414e-10
6.45358e-06
-7.87008e-10
6.45357e-06
-9.1567e-10
6.45356e-06
-1.09727e-09
6.4536e-06
-2.1004e-09
6.45366e-06
-2.6121e-09
6.45368e-06
-1.19893e-09
6.45367e-06
5.08558e-11
6.45367e-06
6.28958e-10
6.45365e-06
9.13654e-10
6.45364e-06
7.87305e-10
6.45362e-06
7.33652e-10
6.4536e-06
7.49962e-10
6.45358e-06
5.05308e-10
6.45357e-06
3.08187e-10
6.45356e-06
3.05669e-11
6.45356e-06
-8.03352e-11
6.45355e-06
-4.87835e-10
6.45358e-06
-1.55766e-09
6.45363e-06
-2.26826e-09
6.45365e-06
-1.58315e-09
6.45365e-06
-8.15743e-10
6.45365e-06
-2.97365e-10
6.45367e-06
2.28268e-10
6.45368e-06
1.4654e-09
6.4537e-06
2.2379e-09
6.45371e-06
1.98278e-09
6.4537e-06
1.6503e-09
6.45369e-06
1.07374e-09
6.45368e-06
8.72702e-10
6.45367e-06
7.87968e-10
6.45366e-06
6.42839e-10
6.45365e-06
4.89864e-10
6.45366e-06
4.0996e-10
6.45366e-06
3.38332e-10
6.45366e-06
3.16955e-10
6.45365e-06
2.54029e-10
6.45364e-06
2.00642e-10
6.45363e-06
1.01792e-10
6.45362e-06
2.98188e-11
6.45361e-06
-5.55155e-11
6.4536e-06
-7.79467e-11
6.4536e-06
-8.64147e-11
6.45359e-06
-4.53048e-11
6.45359e-06
-2.71482e-11
6.45359e-06
1.29793e-11
6.45359e-06
1.75044e-11
6.45359e-06
2.50604e-11
6.45359e-06
9.13218e-12
6.45359e-06
9.59402e-12
6.45359e-06
-9.46763e-12
6.45359e-06
-1.00716e-12
6.45359e-06
-1.76093e-11
6.45359e-06
-4.19224e-12
6.45359e-06
-1.05688e-11
6.45359e-06
8.11194e-12
6.45359e-06
-8.76933e-12
6.45359e-06
4.57361e-13
6.45359e-06
-1.33484e-11
6.45359e-06
-8.00765e-12
6.45359e-06
-1.8253e-11
6.45359e-06
-1.1216e-11
6.45359e-06
-1.96386e-11
6.45359e-06
-1.26726e-11
6.45359e-06
-1.98981e-11
6.45359e-06
-1.27201e-11
6.45359e-06
-1.83383e-11
6.45359e-06
-1.08168e-11
6.45359e-06
-1.4424e-11
6.45359e-06
-5.95545e-12
6.45359e-06
-9.47499e-12
6.45359e-06
-1.12123e-12
6.4536e-06
-5.17482e-12
6.4536e-06
1.7985e-12
6.4536e-06
-3.18721e-12
6.4536e-06
2.41685e-12
6.4536e-06
-4.78978e-12
6.4536e-06
-1.6573e-13
6.4536e-06
-8.76785e-12
6.4536e-06
-4.72773e-12
6.4536e-06
-1.45344e-11
6.4536e-06
-1.2664e-11
6.4536e-06
-3.14349e-11
6.45359e-06
-8.62582e-11
6.45359e-06
-3.08381e-10
-1.03074e-09
6.40765e-06
-2.41682e-09
6.40771e-06
-2.42398e-09
6.40772e-06
-6.10789e-10
6.40771e-06
3.40937e-10
6.40768e-06
3.68769e-10
6.40765e-06
3.18257e-10
6.40762e-06
3.16649e-10
6.40763e-06
1.00456e-09
6.40765e-06
1.53235e-09
6.40766e-06
1.25435e-09
6.40767e-06
7.44743e-10
6.40769e-06
3.52067e-10
6.40769e-06
5.60023e-11
6.40769e-06
-3.13343e-10
6.40769e-06
-6.17778e-10
6.40768e-06
-7.75463e-10
6.40766e-06
-9.01133e-10
6.40764e-06
-1.08079e-09
6.40767e-06
-2.12867e-09
6.40774e-06
-2.67567e-09
6.40776e-06
-1.21618e-09
6.40775e-06
6.11361e-11
6.40774e-06
6.31813e-10
6.40773e-06
9.29125e-10
6.40772e-06
7.99181e-10
6.4077e-06
7.49273e-10
6.40768e-06
7.70083e-10
6.40766e-06
5.27076e-10
6.40765e-06
3.21618e-10
6.40764e-06
4.26554e-11
6.40763e-06
-7.69212e-11
6.40762e-06
-4.74051e-10
6.40765e-06
-1.58598e-09
6.4077e-06
-2.32142e-09
6.40772e-06
-1.60577e-09
6.40772e-06
-8.18038e-10
6.40772e-06
-3.01478e-10
6.40774e-06
2.09281e-10
6.40776e-06
1.44721e-09
6.40778e-06
2.21704e-09
6.40779e-06
1.96678e-09
6.40779e-06
1.65538e-09
6.40778e-06
1.08375e-09
6.40777e-06
8.81673e-10
6.40776e-06
7.99835e-10
6.40775e-06
6.49514e-10
6.40775e-06
4.91603e-10
6.40775e-06
4.04639e-10
6.40776e-06
3.34546e-10
6.40776e-06
3.14329e-10
6.40776e-06
2.55772e-10
6.40776e-06
2.06118e-10
6.40775e-06
1.11467e-10
6.40773e-06
4.10507e-11
6.40772e-06
-4.38451e-11
6.40771e-06
-6.92717e-11
6.40771e-06
-7.9977e-11
6.4077e-06
-4.3132e-11
6.40771e-06
-2.55871e-11
6.40771e-06
1.26559e-11
6.40771e-06
1.73112e-11
6.40771e-06
2.53112e-11
6.4077e-06
9.68355e-12
6.4077e-06
1.00733e-11
6.4077e-06
-8.73526e-12
6.4077e-06
-1.01499e-12
6.4077e-06
-1.74004e-11
6.4077e-06
-5.10227e-12
6.4077e-06
-1.0721e-11
6.4077e-06
6.77363e-12
6.40771e-06
-8.50075e-12
6.40771e-06
-3.02143e-13
6.40771e-06
-1.36276e-11
6.40771e-06
-8.63626e-12
6.40771e-06
-1.82105e-11
6.40771e-06
-1.14783e-11
6.40771e-06
-1.94311e-11
6.40771e-06
-1.25966e-11
6.40771e-06
-1.96666e-11
6.40771e-06
-1.23711e-11
6.40771e-06
-1.84086e-11
6.40771e-06
-1.07335e-11
6.40771e-06
-1.46562e-11
6.40771e-06
-6.12473e-12
6.40771e-06
-9.98534e-12
6.40771e-06
-1.37016e-12
6.40771e-06
-5.97179e-12
6.40771e-06
1.44681e-12
6.40771e-06
-3.89903e-12
6.40771e-06
2.16943e-12
6.40771e-06
-5.15074e-12
6.40771e-06
-8.56349e-14
6.40771e-06
-8.6345e-12
6.40771e-06
-4.33324e-12
6.40771e-06
-1.38135e-11
6.40771e-06
-1.18954e-11
6.40771e-06
-3.04384e-11
6.40771e-06
-8.51004e-11
6.4077e-06
-3.01746e-10
-9.9466e-10
6.35579e-06
-2.40872e-09
6.35585e-06
-2.4793e-09
6.35587e-06
-6.27073e-10
6.35585e-06
3.60974e-10
6.35582e-06
3.90833e-10
6.35579e-06
3.56109e-10
6.35576e-06
3.39907e-10
6.35577e-06
9.9993e-10
6.35579e-06
1.51186e-09
6.3558e-06
1.23756e-09
6.35581e-06
7.34826e-10
6.35582e-06
3.4252e-10
6.35583e-06
4.92448e-11
6.35583e-06
-3.10322e-10
6.35582e-06
-6.05727e-10
6.3558e-06
-7.59491e-10
6.35578e-06
-8.82189e-10
6.35576e-06
-1.05813e-09
6.35578e-06
-2.15444e-09
6.35585e-06
-2.74007e-09
6.35587e-06
-1.23194e-09
6.35586e-06
7.32042e-11
6.35585e-06
6.3308e-10
6.35584e-06
9.43505e-10
6.35583e-06
8.08685e-10
6.35582e-06
7.63433e-10
6.3558e-06
7.88662e-10
6.35578e-06
5.49321e-10
6.35577e-06
3.35389e-10
6.35576e-06
5.71386e-11
6.35575e-06
-7.22537e-11
6.35573e-06
-4.56036e-10
6.35575e-06
-1.61354e-09
6.35581e-06
-2.37515e-09
6.35583e-06
-1.62711e-09
6.35583e-06
-8.18515e-10
6.35583e-06
-3.05223e-10
6.35585e-06
1.88237e-10
6.35587e-06
1.42754e-09
6.35589e-06
2.19424e-09
6.35591e-06
1.94736e-09
6.35591e-06
1.65712e-09
6.3559e-06
1.09135e-09
6.3559e-06
8.88182e-10
6.35589e-06
8.10193e-10
6.35588e-06
6.54545e-10
6.35588e-06
4.91372e-10
6.35589e-06
3.96129e-10
6.3559e-06
3.27717e-10
6.3559e-06
3.08342e-10
6.3559e-06
2.54819e-10
6.3559e-06
2.0927e-10
6.35589e-06
1.19937e-10
6.35588e-06
5.167e-11
6.35587e-06
-3.18184e-11
6.35586e-06
-6.02259e-11
6.35585e-06
-7.30573e-11
6.35585e-06
-4.12083e-11
6.35585e-06
-2.43098e-11
6.35585e-06
1.13621e-11
6.35585e-06
1.64406e-11
6.35585e-06
2.42668e-11
6.35585e-06
1.0365e-11
6.35585e-06
1.01655e-11
6.35585e-06
-7.95963e-12
6.35585e-06
-1.1501e-12
6.35585e-06
-1.69791e-11
6.35585e-06
-6.08223e-12
6.35585e-06
-1.07394e-11
6.35585e-06
5.19709e-12
6.35585e-06
-8.05498e-12
6.35585e-06
-9.57324e-13
6.35585e-06
-1.39249e-11
6.35586e-06
-8.94865e-12
6.35585e-06
-1.8253e-11
6.35586e-06
-1.1621e-11
6.35585e-06
-1.90562e-11
6.35585e-06
-1.26201e-11
6.35585e-06
-1.90134e-11
6.35585e-06
-1.25516e-11
6.35585e-06
-1.76016e-11
6.35585e-06
-1.11052e-11
6.35585e-06
-1.41248e-11
6.35585e-06
-6.77204e-12
6.35585e-06
-9.73888e-12
6.35585e-06
-2.36382e-12
6.35585e-06
-5.78851e-12
6.35585e-06
3.45062e-13
6.35586e-06
-3.70202e-12
6.35586e-06
1.30892e-12
6.35586e-06
-4.79132e-12
6.35586e-06
-5.18855e-13
6.35586e-06
-7.90082e-12
6.35586e-06
-4.14223e-12
6.35586e-06
-1.27888e-11
6.35585e-06
-1.13068e-11
6.35585e-06
-2.90804e-11
6.35585e-06
-8.34103e-11
6.35584e-06
-2.94975e-10
-9.53286e-10
6.29737e-06
-2.39629e-09
6.29743e-06
-2.54018e-09
6.29744e-06
-6.42008e-10
6.29742e-06
3.82764e-10
6.2974e-06
4.13231e-10
6.29736e-06
3.95097e-10
6.29734e-06
3.63805e-10
6.29734e-06
9.94436e-10
6.29736e-06
1.491e-09
6.29738e-06
1.22046e-09
6.29739e-06
7.24973e-10
6.2974e-06
3.33929e-10
6.2974e-06
4.43902e-11
6.2974e-06
-3.03947e-10
6.29738e-06
-5.89462e-10
6.29736e-06
-7.38706e-10
6.29734e-06
-8.5763e-10
6.29731e-06
-1.02914e-09
6.29733e-06
-2.17669e-09
6.2974e-06
-2.8059e-09
6.29741e-06
-1.24534e-09
6.2974e-06
8.71899e-11
6.2974e-06
6.33972e-10
6.29738e-06
9.56567e-10
6.29738e-06
8.16878e-10
6.29736e-06
7.75289e-10
6.29735e-06
8.06964e-10
6.29733e-06
5.71027e-10
6.29731e-06
3.50409e-10
6.2973e-06
7.16655e-11
6.29729e-06
-6.52093e-11
6.29727e-06
-4.35319e-10
6.2973e-06
-1.64021e-09
6.29735e-06
-2.4316e-09
6.29737e-06
-1.64787e-09
6.29737e-06
-8.17952e-10
6.29737e-06
-3.08578e-10
6.29739e-06
1.6525e-10
6.29741e-06
1.40627e-09
6.29744e-06
2.16932e-09
6.29746e-06
1.92344e-09
6.29746e-06
1.65642e-09
6.29746e-06
1.09608e-09
6.29745e-06
8.92765e-10
6.29744e-06
8.1882e-10
6.29744e-06
6.58582e-10
6.29744e-06
4.89311e-10
6.29745e-06
3.85381e-10
6.29746e-06
3.17817e-10
6.29747e-06
2.99412e-10
6.29748e-06
2.50707e-10
6.29748e-06
2.10085e-10
6.29747e-06
1.26503e-10
6.29746e-06
6.16304e-11
6.29745e-06
-2.00313e-11
6.29744e-06
-5.05585e-11
6.29743e-06
-6.57344e-11
6.29743e-06
-3.87503e-11
6.29743e-06
-2.32492e-11
6.29743e-06
9.77052e-12
6.29743e-06
1.46138e-11
6.29743e-06
2.30364e-11
6.29743e-06
9.72568e-12
6.29743e-06
9.9452e-12
6.29743e-06
-7.60344e-12
6.29743e-06
-1.20597e-12
6.29743e-06
-1.67294e-11
6.29743e-06
-6.79345e-12
6.29743e-06
-1.0759e-11
6.29743e-06
4.02889e-12
6.29743e-06
-7.50064e-12
6.29744e-06
-1.45245e-12
6.29743e-06
-1.39573e-11
6.29744e-06
-9.29757e-12
6.29743e-06
-1.79393e-11
6.29744e-06
-1.15912e-11
6.29743e-06
-1.85862e-11
6.29743e-06
-1.22433e-11
6.29743e-06
-1.85199e-11
6.29743e-06
-1.1881e-11
6.29743e-06
-1.7415e-11
6.29743e-06
-1.07084e-11
6.29743e-06
-1.41212e-11
6.29743e-06
-6.66242e-12
6.29743e-06
-1.0058e-11
6.29743e-06
-2.38164e-12
6.29743e-06
-6.46103e-12
6.29743e-06
1.60015e-13
6.29743e-06
-4.35055e-12
6.29743e-06
1.17212e-12
6.29743e-06
-5.12017e-12
6.29743e-06
-3.5336e-13
6.29743e-06
-7.74026e-12
6.29743e-06
-3.66287e-12
6.29743e-06
-1.20067e-11
6.29743e-06
-1.0393e-11
6.29743e-06
-2.79546e-11
6.29743e-06
-8.16562e-11
6.29742e-06
-2.87421e-10
-9.11666e-10
6.2316e-06
-2.38879e-09
6.23166e-06
-2.60438e-09
6.23168e-06
-6.5752e-10
6.23165e-06
4.05786e-10
6.23163e-06
4.3536e-10
6.23159e-06
4.34682e-10
6.23157e-06
3.87328e-10
6.23157e-06
9.88859e-10
6.23159e-06
1.46988e-09
6.23161e-06
1.20363e-09
6.23162e-06
7.15703e-10
6.23163e-06
3.26314e-10
6.23163e-06
4.17546e-11
6.23162e-06
-2.94763e-10
6.2316e-06
-5.69491e-10
6.23158e-06
-7.13258e-10
6.23155e-06
-8.2829e-10
6.23151e-06
-9.9323e-10
6.23153e-06
-2.19632e-09
6.2316e-06
-2.87312e-09
6.23161e-06
-1.25628e-09
6.2316e-06
1.04322e-10
6.2316e-06
6.33973e-10
6.23158e-06
9.68974e-10
6.23158e-06
8.22591e-10
6.23157e-06
7.85046e-10
6.23155e-06
8.22979e-10
6.23153e-06
5.92483e-10
6.23152e-06
3.652e-10
6.23151e-06
8.80798e-11
6.23149e-06
-5.7088e-11
6.23147e-06
-4.10242e-10
6.2315e-06
-1.66684e-09
6.23155e-06
-2.48999e-09
6.23157e-06
-1.66762e-09
6.23157e-06
-8.15039e-10
6.23157e-06
-3.10496e-10
6.23159e-06
1.41247e-10
6.23161e-06
1.38464e-09
6.23164e-06
2.14305e-09
6.23167e-06
1.89593e-09
6.23167e-06
1.65236e-09
6.23167e-06
1.09825e-09
6.23167e-06
8.94848e-10
6.23166e-06
8.26214e-10
6.23165e-06
6.61662e-10
6.23166e-06
4.86143e-10
6.23167e-06
3.72318e-10
6.23168e-06
3.05583e-10
6.2317e-06
2.87515e-10
6.2317e-06
2.43837e-10
6.2317e-06
2.08139e-10
6.2317e-06
1.31148e-10
6.23169e-06
7.02371e-11
6.23168e-06
-8.47753e-12
6.23167e-06
-4.07777e-11
6.23166e-06
-5.78612e-11
6.23166e-06
-3.62098e-11
6.23166e-06
-2.20697e-11
6.23166e-06
7.56556e-12
6.23166e-06
1.23195e-11
6.23167e-06
2.05662e-11
6.23167e-06
9.21692e-12
6.23167e-06
9.30706e-12
6.23167e-06
-7.24519e-12
6.23167e-06
-1.38356e-12
6.23167e-06
-1.62522e-11
6.23167e-06
-7.52277e-12
6.23167e-06
-1.05938e-11
6.23167e-06
2.69421e-12
6.23167e-06
-6.71766e-12
6.23167e-06
-1.7725e-12
6.23167e-06
-1.39726e-11
6.23167e-06
-9.26407e-12
6.23167e-06
-1.76945e-11
6.23167e-06
-1.14048e-11
6.23167e-06
-1.79379e-11
6.23167e-06
-1.19524e-11
6.23167e-06
-1.75953e-11
6.23166e-06
-1.17561e-11
6.23166e-06
-1.63179e-11
6.23166e-06
-1.07652e-11
6.23166e-06
-1.33183e-11
6.23166e-06
-7.02295e-12
6.23166e-06
-9.57874e-12
6.23166e-06
-3.14763e-12
6.23166e-06
-6.09883e-12
6.23166e-06
-7.76846e-13
6.23167e-06
-4.04492e-12
6.23167e-06
4.18529e-13
6.23167e-06
-4.70456e-12
6.23167e-06
-7.16658e-13
6.23167e-06
-6.97504e-12
6.23166e-06
-3.40118e-12
6.23166e-06
-1.09463e-11
6.23166e-06
-9.68949e-12
6.23166e-06
-2.64863e-11
6.23166e-06
-7.93789e-11
6.23165e-06
-2.79611e-10
-8.64608e-10
6.15746e-06
-2.37848e-09
6.15753e-06
-2.67694e-09
6.15754e-06
-6.72754e-10
6.15752e-06
4.30176e-10
6.1575e-06
4.57386e-10
6.15746e-06
4.75697e-10
6.15743e-06
4.11834e-10
6.15744e-06
9.82484e-10
6.15746e-06
1.44804e-09
6.15748e-06
1.18632e-09
6.15749e-06
7.06472e-10
6.15749e-06
3.19644e-10
6.15749e-06
4.10933e-11
6.15748e-06
-2.82118e-10
6.15746e-06
-5.45202e-10
6.15743e-06
-6.82979e-10
6.15739e-06
-7.93251e-10
6.15735e-06
-9.50441e-10
6.15737e-06
-2.21283e-09
6.15744e-06
-2.94291e-09
6.15745e-06
-1.26403e-09
6.15743e-06
1.24855e-10
6.15743e-06
6.34616e-10
6.15741e-06
9.80955e-10
6.15741e-06
8.2714e-10
6.1574e-06
7.92228e-10
6.15739e-06
8.37907e-10
6.15737e-06
6.12633e-10
6.15736e-06
3.8047e-10
6.15735e-06
1.03901e-10
6.15733e-06
-4.67471e-11
6.1573e-06
-3.82296e-10
6.15733e-06
-1.69377e-09
6.15739e-06
-2.5529e-09
6.15741e-06
-1.68726e-09
6.1574e-06
-8.10554e-10
6.1574e-06
-3.10798e-10
6.15743e-06
1.16486e-10
6.15745e-06
1.36277e-09
6.15747e-06
2.11548e-09
6.15751e-06
1.86391e-09
6.15751e-06
1.64594e-09
6.15751e-06
1.09744e-09
6.15751e-06
8.95016e-10
6.15751e-06
8.32234e-10
6.1575e-06
6.64474e-10
6.15751e-06
4.82174e-10
6.15752e-06
3.58136e-10
6.15754e-06
2.91212e-10
6.15755e-06
2.73304e-10
6.15756e-06
2.33993e-10
6.15757e-06
2.03491e-10
6.15756e-06
1.33213e-10
6.15756e-06
7.73067e-11
6.15755e-06
2.14167e-12
6.15753e-06
-3.08024e-11
6.15753e-06
-4.96228e-11
6.15752e-06
-3.28621e-11
6.15752e-06
-2.07408e-11
6.15753e-06
5.46427e-12
6.15753e-06
9.40291e-12
6.15753e-06
1.811e-11
6.15753e-06
7.43894e-12
6.15753e-06
8.34006e-12
6.15753e-06
-7.28397e-12
6.15753e-06
-1.50516e-12
6.15753e-06
-1.58877e-11
6.15753e-06
-7.94422e-12
6.15753e-06
-1.03664e-11
6.15753e-06
1.82384e-12
6.15753e-06
-5.84662e-12
6.15753e-06
-1.94047e-12
6.15753e-06
-1.36533e-11
6.15753e-06
-9.27511e-12
6.15753e-06
-1.70186e-11
6.15753e-06
-1.10396e-11
6.15753e-06
-1.71496e-11
6.15753e-06
-1.12487e-11
6.15753e-06
-1.68091e-11
6.15753e-06
-1.07318e-11
6.15753e-06
-1.58547e-11
6.15753e-06
-1.00143e-11
6.15753e-06
-1.3043e-11
6.15753e-06
-6.57791e-12
6.15753e-06
-9.65406e-12
6.15753e-06
-2.85787e-12
6.15753e-06
-6.59748e-12
6.15753e-06
-7.24208e-13
6.15753e-06
-4.59565e-12
6.15753e-06
4.35283e-13
6.15753e-06
-4.98883e-12
6.15753e-06
-4.58445e-13
6.15753e-06
-6.8065e-12
6.15753e-06
-2.8755e-12
6.15753e-06
-1.01439e-11
6.15753e-06
-8.69134e-12
6.15753e-06
-2.52711e-11
6.15752e-06
-7.71204e-11
6.15751e-06
-2.70858e-10
-8.17698e-10
6.0736e-06
-2.37518e-09
6.07368e-06
-2.75594e-09
6.07369e-06
-6.90157e-10
6.07367e-06
4.55474e-10
6.07365e-06
4.78833e-10
6.0736e-06
5.1788e-10
6.07358e-06
4.36708e-10
6.07359e-06
9.76253e-10
6.07361e-06
1.42568e-09
6.07362e-06
1.16901e-09
6.07363e-06
6.97767e-10
6.07364e-06
3.13997e-10
6.07364e-06
4.26898e-11
6.07362e-06
-2.66534e-10
6.07359e-06
-5.17148e-10
6.07356e-06
-6.48175e-10
6.07352e-06
-7.5344e-10
6.07347e-06
-9.00477e-10
6.07348e-06
-2.22755e-09
6.07356e-06
-3.01598e-09
6.07356e-06
-1.26858e-09
6.07354e-06
1.50183e-10
6.07354e-06
6.35731e-10
6.07353e-06
9.93491e-10
6.07352e-06
8.29924e-10
6.07352e-06
7.9742e-10
6.07351e-06
8.50231e-10
6.07349e-06
6.31706e-10
6.07348e-06
3.94906e-10
6.07347e-06
1.20739e-10
6.07345e-06
-3.54827e-11
6.07342e-06
-3.50195e-10
6.07344e-06
-1.72234e-09
6.07351e-06
-2.62038e-09
6.07353e-06
-1.70668e-09
6.07352e-06
-8.03403e-10
6.07352e-06
-3.08467e-10
6.07354e-06
9.18247e-11
6.07356e-06
1.34181e-09
6.07359e-06
2.08738e-09
6.07362e-06
1.8282e-09
6.07363e-06
1.63645e-09
6.07364e-06
1.09406e-09
6.07364e-06
8.92991e-10
6.07363e-06
8.37442e-10
6.07363e-06
6.67085e-10
6.07364e-06
4.78159e-10
6.07365e-06
3.42999e-10
6.07367e-06
2.7568e-10
6.07368e-06
2.57048e-10
6.07369e-06
2.21728e-10
6.0737e-06
1.95873e-10
6.0737e-06
1.32675e-10
6.0737e-06
8.21291e-11
6.07369e-06
1.16536e-11
6.07368e-06
-2.12675e-11
6.07367e-06
-4.10498e-11
6.07367e-06
-2.91925e-11
6.07367e-06
-1.89399e-11
6.07367e-06
3.23631e-12
6.07367e-06
6.42595e-12
6.07367e-06
1.46007e-11
6.07368e-06
5.97522e-12
6.07368e-06
7.01097e-12
6.07368e-06
-7.33292e-12
6.07368e-06
-1.73743e-12
6.07368e-06
-1.52892e-11
6.07368e-06
-8.30518e-12
6.07368e-06
-9.91981e-12
6.07368e-06
9.0094e-13
6.07368e-06
-4.76491e-12
6.07368e-06
-1.85225e-12
6.07368e-06
-1.33038e-11
6.07368e-06
-8.81317e-12
6.07368e-06
-1.64323e-11
6.07368e-06
-1.04809e-11
6.07367e-06
-1.61883e-11
6.07367e-06
-1.06419e-11
6.07367e-06
-1.55832e-11
6.07367e-06
-1.03434e-11
6.07367e-06
-1.44055e-11
6.07367e-06
-9.77721e-12
6.07367e-06
-1.19038e-11
6.07367e-06
-6.65912e-12
6.07367e-06
-8.85911e-12
6.07367e-06
-3.40605e-12
6.07367e-06
-5.94463e-12
6.07367e-06
-1.50091e-12
6.07367e-06
-4.08141e-12
6.07367e-06
-2.22891e-13
6.07367e-06
-4.45027e-12
6.07367e-06
-7.86098e-13
6.07367e-06
-5.98101e-12
6.07367e-06
-2.59153e-12
6.07367e-06
-9.0762e-12
6.07367e-06
-7.95331e-12
6.07367e-06
-2.3721e-11
6.07366e-06
-7.43173e-11
6.07365e-06
-2.61702e-10
-7.64595e-10
5.97818e-06
-2.37046e-09
5.97827e-06
-2.84672e-09
5.97828e-06
-7.08417e-10
5.97826e-06
4.81764e-10
5.97824e-06
4.99908e-10
5.97819e-06
5.62043e-10
5.97817e-06
4.6321e-10
5.97817e-06
9.7016e-10
5.9782e-06
1.40288e-09
5.97821e-06
1.15108e-09
5.97822e-06
6.89143e-10
5.97823e-06
3.0941e-10
5.97822e-06
4.63656e-11
5.9782e-06
-2.47517e-10
5.97817e-06
-4.84913e-10
5.97813e-06
-6.08812e-10
5.97809e-06
-7.08331e-10
5.97803e-06
-8.43599e-10
5.97805e-06
-2.24083e-09
5.97813e-06
-3.09392e-09
5.97813e-06
-1.26936e-09
5.9781e-06
1.80806e-10
5.97809e-06
6.38698e-10
5.97808e-06
1.00696e-09
5.97808e-06
8.32296e-10
5.97807e-06
8.00976e-10
5.97806e-06
8.61708e-10
5.97805e-06
6.49194e-10
5.97804e-06
4.09142e-10
5.97803e-06
1.36779e-10
5.97801e-06
-2.27143e-11
5.97797e-06
-3.15389e-10
5.978e-06
-1.75367e-09
5.97808e-06
-2.69531e-09
5.97809e-06
-1.72675e-09
5.97808e-06
-7.94135e-10
5.97808e-06
-3.03274e-10
5.9781e-06
6.734e-11
5.97812e-06
1.32145e-09
5.97815e-06
2.05833e-09
5.97819e-06
1.78778e-09
5.9782e-06
1.62446e-09
5.97821e-06
1.08784e-09
5.97821e-06
8.89793e-10
5.97821e-06
8.42269e-10
5.9782e-06
6.70097e-10
5.97821e-06
4.74441e-10
5.97822e-06
3.28068e-10
5.97824e-06
2.59517e-10
5.97826e-06
2.39544e-10
5.97827e-06
2.07041e-10
5.97828e-06
1.85447e-10
5.97828e-06
1.29006e-10
5.97828e-06
8.44903e-11
5.97827e-06
1.93088e-11
5.97826e-06
-1.23512e-11
5.97826e-06
-3.24717e-11
5.97825e-06
-2.47596e-11
5.97825e-06
-1.65886e-11
5.97825e-06
1.59693e-12
5.97826e-06
3.32069e-12
5.97826e-06
1.15389e-11
5.97826e-06
3.39713e-12
5.97826e-06
5.42545e-12
5.97826e-06
-7.70665e-12
5.97826e-06
-1.91943e-12
5.97826e-06
-1.47437e-11
5.97826e-06
-8.37609e-12
5.97826e-06
-9.34347e-12
5.97826e-06
4.09731e-13
5.97826e-06
-3.51581e-12
5.97826e-06
-1.64027e-12
5.97826e-06
-1.25469e-11
5.97826e-06
-8.43984e-12
5.97826e-06
-1.53198e-11
5.97826e-06
-9.74867e-12
5.97826e-06
-1.5043e-11
5.97826e-06
-9.60401e-12
5.97826e-06
-1.44968e-11
5.97825e-06
-8.96723e-12
5.97825e-06
-1.36716e-11
5.97825e-06
-8.66681e-12
5.97825e-06
-1.13529e-11
5.97825e-06
-5.86e-12
5.97825e-06
-8.66738e-12
5.97825e-06
-2.76644e-12
5.97825e-06
-6.23495e-12
5.97825e-06
-1.15943e-12
5.97825e-06
-4.50324e-12
5.97825e-06
-1.65065e-14
5.97825e-06
-4.67123e-12
5.97825e-06
-4.25001e-13
5.97825e-06
-5.81103e-12
5.97825e-06
-2.04934e-12
5.97825e-06
-8.28907e-12
5.97825e-06
-6.93256e-12
5.97825e-06
-2.2458e-11
5.97824e-06
-7.16275e-11
5.97823e-06
-2.514e-10
-7.12075e-10
5.86865e-06
-2.37624e-09
5.86875e-06
-2.94681e-09
5.86877e-06
-7.30829e-10
5.86874e-06
5.07814e-10
5.86872e-06
5.20059e-10
5.86868e-06
6.07687e-10
5.86865e-06
4.90347e-10
5.86865e-06
9.66482e-10
5.86867e-06
1.38189e-09
5.86869e-06
1.13352e-09
5.8687e-06
6.81135e-10
5.8687e-06
3.06063e-10
5.8687e-06
5.23557e-11
5.86867e-06
-2.25586e-10
5.86864e-06
-4.49068e-10
5.8686e-06
-5.6529e-10
5.86855e-06
-6.58846e-10
5.86848e-06
-7.79969e-10
5.8685e-06
-2.2551e-09
5.86858e-06
-3.17815e-09
5.86858e-06
-1.26657e-09
5.86855e-06
2.17157e-10
5.86854e-06
6.43134e-10
5.86853e-06
1.02178e-09
5.86852e-06
8.33287e-10
5.86852e-06
8.05191e-10
5.86851e-06
8.73534e-10
5.8685e-06
6.66112e-10
5.86848e-06
4.2232e-10
5.86847e-06
1.53486e-10
5.86845e-06
-9.56351e-12
5.86841e-06
-2.77193e-10
5.86845e-06
-1.7903e-09
5.86853e-06
-2.77832e-09
5.86855e-06
-1.74639e-09
5.86854e-06
-7.81246e-10
5.86853e-06
-2.94096e-10
5.86855e-06
4.34062e-11
5.86857e-06
1.30106e-09
5.8686e-06
2.0271e-09
5.86865e-06
1.74242e-09
5.86866e-06
1.60854e-09
5.86867e-06
1.07838e-09
5.86868e-06
8.86728e-10
5.86867e-06
8.49418e-10
5.86866e-06
6.7424e-10
5.86867e-06
4.71782e-10
5.86868e-06
3.13639e-10
5.8687e-06
2.43705e-10
5.86871e-06
2.21155e-10
5.86873e-06
1.9053e-10
5.86874e-06
1.72102e-10
5.86875e-06
1.22267e-10
5.86875e-06
8.37887e-11
5.86875e-06
2.4867e-11
5.86874e-06
-4.75882e-12
5.86873e-06
-2.41335e-11
5.86872e-06
-2.01577e-11
5.86872e-06
-1.35295e-11
5.86873e-06
2.68872e-13
5.86873e-06
6.85619e-13
5.86873e-06
7.64383e-12
5.86873e-06
1.61546e-12
5.86873e-06
3.64982e-12
5.86874e-06
-8.02961e-12
5.86874e-06
-2.17409e-12
5.86873e-06
-1.39522e-11
5.86873e-06
-8.35769e-12
5.86873e-06
-8.51692e-12
5.86873e-06
-9.64511e-14
5.86873e-06
-2.01033e-12
5.86873e-06
-1.05802e-12
5.86873e-06
-1.18117e-11
5.86873e-06
-7.43927e-12
5.86873e-06
-1.44131e-11
5.86873e-06
-8.78404e-12
5.86873e-06
-1.37582e-11
5.86873e-06
-8.73287e-12
5.86873e-06
-1.29327e-11
5.86872e-06
-8.50528e-12
5.86872e-06
-1.17239e-11
5.86872e-06
-8.28846e-12
5.86872e-06
-9.75325e-12
5.86872e-06
-5.80682e-12
5.86872e-06
-7.41308e-12
5.86872e-06
-3.28704e-12
5.86872e-06
-5.05985e-12
5.86872e-06
-1.93791e-12
5.86872e-06
-3.55325e-12
5.86872e-06
-7.0297e-13
5.86872e-06
-3.83283e-12
5.86872e-06
-8.3116e-13
5.86872e-06
-4.79404e-12
5.86872e-06
-1.80466e-12
5.86872e-06
-7.19902e-12
5.86872e-06
-6.26457e-12
5.86872e-06
-2.08078e-11
5.86871e-06
-6.82536e-11
5.8687e-06
-2.40616e-10
-6.51698e-10
5.74133e-06
-2.38474e-09
5.74145e-06
-3.06302e-09
5.74147e-06
-7.55891e-10
5.74145e-06
5.29724e-10
5.74143e-06
5.38635e-10
5.74138e-06
6.55036e-10
5.74135e-06
5.17407e-10
5.74135e-06
9.69894e-10
5.74136e-06
1.37047e-09
5.74138e-06
1.11886e-09
5.74138e-06
6.74107e-10
5.74139e-06
3.04258e-10
5.74138e-06
6.0464e-11
5.74135e-06
-2.00469e-10
5.74131e-06
-4.09368e-10
5.74127e-06
-5.17666e-10
5.74121e-06
-6.04567e-10
5.74114e-06
-7.1061e-10
5.74116e-06
-2.27471e-09
5.74126e-06
-3.27237e-09
5.74125e-06
-1.26112e-09
5.74122e-06
2.55213e-10
5.74121e-06
6.49056e-10
5.74119e-06
1.03732e-09
5.7412e-06
8.32025e-10
5.74119e-06
8.15452e-10
5.74116e-06
8.95522e-10
5.74115e-06
6.85462e-10
5.74114e-06
4.35966e-10
5.74113e-06
1.69354e-10
5.7411e-06
4.8631e-12
5.74106e-06
-2.37742e-10
5.74111e-06
-1.83745e-09
5.74121e-06
-2.87385e-09
5.74122e-06
-1.76391e-09
5.7412e-06
-7.63855e-10
5.74119e-06
-2.80241e-10
5.74121e-06
1.95086e-11
5.74124e-06
1.27591e-09
5.74127e-06
1.98698e-09
5.74133e-06
1.68892e-09
5.74135e-06
1.58796e-09
5.74136e-06
1.06316e-09
5.74136e-06
8.89496e-10
5.74134e-06
8.67354e-10
5.74133e-06
6.83342e-10
5.74133e-06
4.71211e-10
5.74135e-06
3.01037e-10
5.74136e-06
2.28553e-10
5.74138e-06
2.02478e-10
5.7414e-06
1.72211e-10
5.74142e-06
1.56038e-10
5.74143e-06
1.12156e-10
5.74143e-06
7.99128e-11
5.74143e-06
2.77161e-11
5.74142e-06
1.28634e-12
5.74141e-06
-1.65249e-11
5.74141e-06
-1.51664e-11
5.74141e-06
-9.9947e-12
5.74141e-06
-1.49304e-13
5.74141e-06
-1.58521e-12
5.74141e-06
4.88225e-12
5.74141e-06
-1.08299e-12
5.74142e-06
1.83835e-12
5.74142e-06
-8.49138e-12
5.74142e-06
-2.35264e-12
5.74142e-06
-1.31336e-11
5.74141e-06
-8.02242e-12
5.74141e-06
-7.5364e-12
5.74141e-06
-1.60764e-13
5.74141e-06
-4.39836e-13
5.74141e-06
-4.86551e-13
5.74141e-06
-1.05691e-11
5.74141e-06
-6.69172e-12
5.74141e-06
-1.28171e-11
5.74141e-06
-7.69287e-12
5.74141e-06
-1.22382e-11
5.74141e-06
-7.38931e-12
5.7414e-06
-1.15638e-11
5.7414e-06
-6.82198e-12
5.7414e-06
-1.07618e-11
5.7414e-06
-6.86133e-12
5.7414e-06
-8.96596e-12
5.7414e-06
-4.68981e-12
5.7414e-06
-6.9766e-12
5.7414e-06
-2.30619e-12
5.7414e-06
-5.14444e-12
5.7414e-06
-1.29077e-12
5.7414e-06
-3.83743e-12
5.7414e-06
-2.91177e-13
5.7414e-06
-3.97618e-12
5.7414e-06
-3.61434e-13
5.7414e-06
-4.61625e-12
5.7414e-06
-1.26783e-12
5.74139e-06
-6.44166e-12
5.74139e-06
-5.27567e-12
5.74139e-06
-1.95162e-11
5.74139e-06
-6.51257e-11
5.74138e-06
-2.28467e-10
-5.94601e-10
5.59068e-06
-2.42715e-09
5.59083e-06
-3.20268e-09
5.59086e-06
-7.93514e-10
5.59086e-06
5.32763e-10
5.59084e-06
5.54334e-10
5.59079e-06
7.07666e-10
5.59076e-06
5.40874e-10
5.59074e-06
9.97096e-10
5.59071e-06
1.3954e-09
5.59071e-06
1.11891e-09
5.59072e-06
6.71216e-10
5.59071e-06
3.04842e-10
5.5907e-06
7.07651e-11
5.59068e-06
-1.72812e-10
5.59063e-06
-3.66261e-10
5.59058e-06
-4.65918e-10
5.59052e-06
-5.4616e-10
5.59045e-06
-6.37423e-10
5.59049e-06
-2.31779e-09
5.59062e-06
-3.39084e-09
5.59062e-06
-1.2598e-09
5.59059e-06
2.81532e-10
5.59058e-06
6.53494e-10
5.59056e-06
1.05665e-09
5.59057e-06
8.24469e-10
5.59054e-06
8.4872e-10
5.59048e-06
9.54845e-10
5.59045e-06
7.20808e-10
5.59043e-06
4.52872e-10
5.59042e-06
1.87918e-10
5.5904e-06
1.82755e-11
5.59036e-06
-1.98889e-10
5.59044e-06
-1.9141e-09
5.59056e-06
-2.99667e-09
5.59057e-06
-1.77723e-09
5.59054e-06
-7.3949e-10
5.59052e-06
-2.60905e-10
5.59055e-06
-4.67799e-12
5.59059e-06
1.23548e-09
5.59065e-06
1.91961e-09
5.59072e-06
1.624e-09
5.59074e-06
1.56381e-09
5.59077e-06
1.03935e-09
5.59074e-06
9.14404e-10
5.59069e-06
9.24028e-10
5.59066e-06
7.09401e-10
5.59065e-06
4.76236e-10
5.59066e-06
2.90882e-10
5.59068e-06
2.15205e-10
5.5907e-06
1.83468e-10
5.59072e-06
1.52261e-10
5.59074e-06
1.37184e-10
5.59075e-06
9.88496e-11
5.59076e-06
7.2671e-11
5.59076e-06
2.77719e-11
5.59075e-06
5.07941e-12
5.59075e-06
-9.92279e-12
5.59074e-06
-1.06751e-11
5.59074e-06
-5.62152e-12
5.59074e-06
-3.98145e-14
5.59074e-06
-2.97801e-12
5.59074e-06
1.55816e-12
5.59074e-06
-2.43192e-12
5.59075e-06
1.22544e-13
5.59075e-06
-8.77627e-12
5.59075e-06
-2.48293e-12
5.59074e-06
-1.2069e-11
5.59074e-06
-7.67773e-12
5.59074e-06
-6.27799e-12
5.59074e-06
-3.69766e-13
5.59074e-06
1.68133e-12
5.59074e-06
5.94687e-13
5.59074e-06
-9.44082e-12
5.59074e-06
-5.17322e-12
5.59074e-06
-1.15871e-11
5.59074e-06
-6.33839e-12
5.59073e-06
-1.06447e-11
5.59073e-06
-6.28446e-12
5.59073e-06
-9.71064e-12
5.59073e-06
-6.34327e-12
5.59073e-06
-8.38604e-12
5.59073e-06
-6.38977e-12
5.59073e-06
-6.98075e-12
5.59072e-06
-4.54998e-12
5.59072e-06
-5.32665e-12
5.59072e-06
-2.82699e-12
5.59072e-06
-3.48147e-12
5.59072e-06
-2.06165e-12
5.59072e-06
-2.46461e-12
5.59072e-06
-9.88676e-13
5.59072e-06
-2.83722e-12
5.59072e-06
-8.30303e-13
5.59072e-06
-3.40196e-12
5.59072e-06
-1.05573e-12
5.59072e-06
-5.34201e-12
5.59072e-06
-4.70074e-12
5.59072e-06
-1.77646e-11
5.59072e-06
-6.10214e-11
5.5907e-06
-2.1582e-10
-5.33599e-10
5.40783e-06
-2.55926e-09
5.40806e-06
-3.43357e-09
5.40813e-06
-8.59474e-10
5.40818e-06
4.81913e-10
5.40816e-06
5.76889e-10
5.40807e-06
7.98144e-10
5.40804e-06
5.63157e-10
5.40795e-06
1.09416e-09
5.40781e-06
1.53176e-09
5.40776e-06
1.16616e-09
5.40775e-06
6.79706e-10
5.40775e-06
3.09396e-10
5.40774e-06
8.27048e-11
5.40771e-06
-1.42969e-10
5.40766e-06
-3.19653e-10
5.40761e-06
-4.0998e-10
5.40754e-06
-4.82524e-10
5.40747e-06
-5.65519e-10
5.40761e-06
-2.45247e-09
5.40782e-06
-3.60408e-09
5.40785e-06
-1.28575e-09
5.40787e-06
2.57873e-10
5.40786e-06
6.65651e-10
5.40781e-06
1.10981e-09
5.40782e-06
8.11708e-10
5.40771e-06
9.52708e-10
5.40754e-06
1.12941e-09
5.40746e-06
8.05061e-10
5.40743e-06
4.81567e-10
5.40742e-06
2.07749e-10
5.4074e-06
3.36979e-11
5.40736e-06
-1.67378e-10
5.40754e-06
-2.09005e-09
5.40776e-06
-3.22052e-09
5.40778e-06
-1.79622e-09
5.40775e-06
-7.10972e-10
5.40772e-06
-2.36935e-10
5.40775e-06
-2.81892e-11
5.40782e-06
1.16375e-09
5.40795e-06
1.78784e-09
5.40802e-06
1.55414e-09
5.40801e-06
1.5672e-09
5.40805e-06
1.00661e-09
5.40795e-06
1.00937e-09
5.40778e-06
1.09662e-09
5.4077e-06
7.87265e-10
5.40768e-06
4.94911e-10
5.40769e-06
2.86046e-10
5.4077e-06
2.02543e-10
5.40772e-06
1.63647e-10
5.40774e-06
1.30333e-10
5.40777e-06
1.15542e-10
5.40778e-06
8.24334e-11
5.40779e-06
6.21502e-11
5.4078e-06
2.4953e-11
5.40779e-06
6.83728e-12
5.40779e-06
-4.82992e-12
5.40778e-06
-6.38751e-12
5.40778e-06
-1.58692e-12
5.40778e-06
8.35023e-13
5.40778e-06
-3.74325e-12
5.40778e-06
8.81915e-14
5.40778e-06
-4.48628e-12
5.40779e-06
-1.27797e-12
5.40779e-06
-8.82186e-12
5.40779e-06
-2.4803e-12
5.40778e-06
-1.08116e-11
5.40778e-06
-6.90873e-12
5.40778e-06
-4.90334e-12
5.40778e-06
-8.69031e-14
5.40778e-06
3.41399e-12
5.40778e-06
1.35185e-12
5.40778e-06
-7.68589e-12
5.40778e-06
-4.22845e-12
5.40778e-06
-9.4428e-12
5.40777e-06
-4.97563e-12
5.40777e-06
-8.74991e-12
5.40777e-06
-4.67282e-12
5.40777e-06
-8.13661e-12
5.40777e-06
-4.30385e-12
5.40777e-06
-7.41871e-12
5.40776e-06
-4.62184e-12
5.40776e-06
-6.15888e-12
5.40776e-06
-3.0947e-12
5.40776e-06
-4.84072e-12
5.40776e-06
-1.40172e-12
5.40776e-06
-3.59302e-12
5.40776e-06
-9.67233e-13
5.40776e-06
-2.80909e-12
5.40776e-06
-2.58044e-13
5.40776e-06
-3.03838e-12
5.40776e-06
-1.57165e-13
5.40776e-06
-3.31423e-12
5.40776e-06
-5.0499e-13
5.40776e-06
-4.6302e-12
5.40776e-06
-3.72982e-12
5.40776e-06
-1.642e-11
5.40775e-06
-5.71443e-11
5.40774e-06
-2.01251e-10
-4.95619e-10
5.17738e-06
-3.05255e-09
5.17797e-06
-4.01125e-09
5.1781e-06
-9.93471e-10
5.17823e-06
3.46785e-10
5.17812e-06
6.84582e-10
5.17785e-06
1.06966e-09
5.1778e-06
6.14253e-10
5.17752e-06
1.37307e-09
5.1771e-06
1.94924e-09
5.17694e-06
1.32654e-09
5.17691e-06
7.09543e-10
5.17691e-06
3.17922e-10
5.17689e-06
9.44752e-11
5.17686e-06
-1.12393e-10
5.17681e-06
-2.69461e-10
5.17675e-06
-3.48599e-10
5.17668e-06
-4.12297e-10
5.17662e-06
-5.03558e-10
5.17709e-06
-2.92358e-09
5.17768e-06
-4.18723e-09
5.17777e-06
-1.37685e-09
5.17788e-06
1.52355e-10
5.17778e-06
7.59375e-10
5.17755e-06
1.33613e-09
5.17754e-06
8.21609e-10
5.17726e-06
1.2409e-09
5.17679e-06
1.59233e-09
5.17659e-06
1.00782e-09
5.17654e-06
5.33282e-10
5.17653e-06
2.31408e-10
5.1765e-06
4.86305e-11
5.17649e-06
-1.54441e-10
5.17701e-06
-2.61339e-09
5.17763e-06
-3.83531e-09
5.17772e-06
-1.88893e-09
5.17771e-06
-6.98642e-10
5.17768e-06
-2.16191e-10
5.1777e-06
-4.3122e-11
5.17778e-06
1.08473e-09
5.17799e-06
1.57403e-09
5.17798e-06
1.55874e-09
5.17781e-06
1.73847e-09
5.17783e-06
9.94783e-10
5.17755e-06
1.28819e-09
5.17708e-06
1.55897e-09
5.17689e-06
9.85518e-10
5.17684e-06
5.38551e-10
5.17684e-06
2.86652e-10
5.17686e-06
1.8925e-10
5.17688e-06
1.41113e-10
5.1769e-06
1.05576e-10
5.17693e-06
9.08785e-11
5.17695e-06
6.3332e-11
5.17696e-06
4.87414e-11
5.17697e-06
1.97162e-11
5.17696e-06
6.46256e-12
5.17696e-06
-1.33077e-12
5.17696e-06
-2.97508e-12
5.17696e-06
2.08998e-12
5.17695e-06
1.74107e-12
5.17695e-06
-3.48077e-12
5.17695e-06
-2.41241e-12
5.17696e-06
-4.00794e-12
5.17696e-06
-2.14643e-12
5.17696e-06
-8.34163e-12
5.17696e-06
-2.31464e-12
5.17695e-06
-9.19646e-12
5.17695e-06
-5.9063e-12
5.17695e-06
-3.37586e-12
5.17695e-06
2.7032e-13
5.17695e-06
5.02089e-12
5.17695e-06
2.70304e-12
5.17695e-06
-6.30796e-12
5.17695e-06
-2.19066e-12
5.17695e-06
-8.13327e-12
5.17694e-06
-3.37083e-12
5.17694e-06
-6.90759e-12
5.17694e-06
-3.62412e-12
5.17694e-06
-5.91015e-12
5.17694e-06
-4.46104e-12
5.17694e-06
-4.22045e-12
5.17693e-06
-4.5939e-12
5.17693e-06
-3.4881e-12
5.17693e-06
-3.4321e-12
5.17693e-06
-2.49642e-12
5.17693e-06
-2.67947e-12
5.17693e-06
-9.17941e-13
5.17693e-06
-2.3958e-12
5.17693e-06
-4.65543e-13
5.17693e-06
-1.49041e-12
5.17693e-06
-1.14283e-12
5.17693e-06
-1.13134e-12
5.17693e-06
-1.49541e-12
5.17693e-06
-5.03134e-13
5.17693e-06
-3.33598e-12
5.17693e-06
-3.43764e-12
5.17692e-06
-1.42068e-11
5.17692e-06
-5.11735e-11
5.1769e-06
-1.84541e-10
-4.86432e-10
4.8697e-06
-4.60375e-09
4.87144e-06
-5.74466e-09
4.87152e-06
-1.07641e-09
4.8715e-06
3.65025e-10
4.87099e-06
1.19304e-09
4.87015e-06
1.91225e-09
4.86999e-06
7.7134e-10
4.86936e-06
2.0039e-09
4.86844e-06
2.87572e-09
4.86812e-06
1.64121e-09
4.86809e-06
7.42158e-10
4.86809e-06
3.16853e-10
4.86809e-06
9.88244e-11
4.86806e-06
-8.33633e-11
4.868e-06
-2.14179e-10
4.86793e-06
-2.78367e-10
4.86785e-06
-3.30638e-10
4.86781e-06
-4.5805e-10
4.86932e-06
-4.4413e-09
4.87109e-06
-5.95402e-09
4.87113e-06
-1.41346e-09
4.87108e-06
2.04558e-10
4.87059e-06
1.24677e-09
4.86981e-06
2.11963e-09
4.8697e-06
9.28103e-10
4.86905e-06
1.88663e-09
4.86807e-06
2.57884e-09
4.8677e-06
1.37629e-09
4.86764e-06
5.9284e-10
4.86764e-06
2.47011e-10
4.86762e-06
5.76329e-11
4.86764e-06
-1.73252e-10
4.86922e-06
-4.20002e-09
4.87108e-06
-5.69429e-09
4.87142e-06
-2.23271e-09
4.87146e-06
-7.40446e-10
4.87146e-06
-2.10128e-10
4.87143e-06
-2.11351e-11
4.87123e-06
1.28427e-09
4.87126e-06
1.54346e-09
4.87087e-06
1.9522e-09
4.87015e-06
2.46145e-09
4.87007e-06
1.07795e-09
4.86943e-06
1.92507e-09
4.86844e-06
2.54716e-09
4.86807e-06
1.35191e-09
4.86802e-06
5.91841e-10
4.86802e-06
2.8025e-10
4.86805e-06
1.67828e-10
4.86808e-06
1.11638e-10
4.86811e-06
7.6323e-11
4.86813e-06
6.30112e-11
4.86816e-06
4.21609e-11
4.86817e-06
3.32705e-11
4.86818e-06
1.28363e-11
4.86818e-06
4.44354e-12
4.86818e-06
6.3871e-13
4.86817e-06
-6.27277e-13
4.86817e-06
5.00915e-12
4.86817e-06
2.66744e-12
4.86817e-06
-2.57257e-12
4.86817e-06
-3.91921e-12
4.86817e-06
-2.84921e-12
4.86817e-06
-2.40319e-12
4.86817e-06
-7.18086e-12
4.86817e-06
-1.90874e-12
4.86817e-06
-7.17845e-12
4.86817e-06
-4.67136e-12
4.86817e-06
-1.79745e-12
4.86816e-06
6.04324e-13
4.86817e-06
6.30954e-12
4.86817e-06
3.85196e-12
4.86816e-06
-4.65732e-12
4.86816e-06
-2.84484e-13
4.86816e-06
-6.51065e-12
4.86816e-06
-1.78186e-12
4.86816e-06
-4.90334e-12
4.86815e-06
-2.51809e-12
4.86815e-06
-3.66438e-12
4.86815e-06
-4.40598e-12
4.86815e-06
-1.2446e-12
4.86815e-06
-4.34679e-12
4.86815e-06
-1.00382e-12
4.86814e-06
-3.56983e-12
4.86814e-06
-3.44515e-13
4.86814e-06
-3.6592e-12
4.86814e-06
1.4702e-12
4.86814e-06
-3.47386e-12
4.86814e-06
1.62486e-12
4.86814e-06
-2.46241e-12
4.86814e-06
5.76023e-13
4.86814e-06
-1.92952e-12
4.86814e-06
1.72157e-13
4.86814e-06
-4.83479e-13
4.86814e-06
-2.05112e-12
4.86814e-06
-3.072e-12
4.86814e-06
-1.16264e-11
4.86813e-06
-4.3254e-11
4.86811e-06
-1.60141e-10
-5.35527e-10
4.41846e-06
-7.74465e-09
4.42182e-06
-9.09562e-09
4.42096e-06
-2.27204e-10
4.41998e-06
1.34729e-09
4.41882e-06
2.34763e-09
4.41732e-06
3.41315e-09
4.41717e-06
9.19492e-10
4.41635e-06
2.82342e-09
4.41525e-06
3.97874e-09
4.41511e-06
1.7838e-09
4.41521e-06
6.34525e-10
4.41528e-06
2.53909e-10
4.4153e-06
7.76485e-11
4.41527e-06
-5.71411e-11
4.4152e-06
-1.46311e-10
4.41511e-06
-1.87725e-10
4.41501e-06
-2.23916e-10
4.41494e-06
-3.90232e-10
4.41806e-06
-7.55848e-09
4.42141e-06
-9.30234e-09
4.42047e-06
-4.76545e-10
4.41944e-06
1.2417e-09
4.41831e-06
2.37265e-09
4.41689e-06
3.53975e-09
4.41681e-06
1.01157e-09
4.41596e-06
2.73373e-09
4.41477e-06
3.77271e-09
4.41455e-06
1.60077e-09
4.41462e-06
5.26012e-10
4.41467e-06
2.10263e-10
4.41467e-06
4.19519e-11
4.4147e-06
-2.00377e-10
4.41791e-06
-7.41157e-09
4.42144e-06
-9.23299e-09
4.42181e-06
-2.60548e-09
4.42181e-06
-7.4385e-10
4.42179e-06
-1.90163e-10
4.4217e-06
6.69458e-11
4.42055e-06
2.43676e-09
4.41969e-06
2.39652e-09
4.41873e-06
2.9199e-09
4.41739e-06
3.79009e-09
4.41735e-06
1.12797e-09
4.41651e-06
2.76317e-09
4.41531e-06
3.74858e-09
4.41508e-06
1.57646e-09
4.41515e-06
5.21386e-10
4.41521e-06
2.17307e-10
4.41527e-06
1.20033e-10
4.41531e-06
6.77969e-11
4.41535e-06
4.06405e-11
4.41538e-06
3.21384e-11
4.4154e-06
2.00583e-11
4.41542e-06
1.70169e-11
4.41542e-06
5.54487e-12
4.41542e-06
1.19083e-12
4.41542e-06
1.49608e-12
4.41542e-06
-1.5515e-13
4.41542e-06
7.61227e-12
4.41542e-06
2.98445e-12
4.41542e-06
-1.02816e-12
4.41542e-06
-5.61846e-12
4.41542e-06
3.17692e-13
4.41542e-06
-2.02113e-12
4.41542e-06
-5.11078e-12
4.41542e-06
-1.18079e-12
4.41541e-06
-4.61802e-12
4.41541e-06
-3.6414e-12
4.41541e-06
-2.52651e-13
4.41541e-06
-4.92651e-14
4.41541e-06
7.81717e-12
4.41541e-06
5.00451e-12
4.41541e-06
-3.20287e-12
4.41541e-06
2.18383e-12
4.41541e-06
-5.31869e-12
4.4154e-06
-1.60008e-13
4.4154e-06
-2.93407e-12
4.4154e-06
-1.86821e-12
4.4154e-06
-1.03002e-12
4.41539e-06
-5.76493e-12
4.4154e-06
3.03348e-12
4.41539e-06
-5.13898e-12
4.41539e-06
2.54961e-12
4.41539e-06
-4.80714e-12
4.41539e-06
2.87228e-12
4.41539e-06
-6.33914e-12
4.41539e-06
5.45742e-12
4.41539e-06
-6.06065e-12
4.41539e-06
5.30467e-12
4.41539e-06
-4.583e-12
4.41539e-06
3.59755e-12
4.41539e-06
-3.69964e-12
4.41539e-06
2.89426e-12
4.41539e-06
-8.20789e-13
4.41539e-06
-3.32685e-13
4.41538e-06
-2.92857e-12
4.41538e-06
-7.40944e-12
4.41537e-06
-2.96588e-11
4.41533e-06
-1.18294e-10
-5.24739e-10
3.63008e-06
3.62099e-06
3.62076e-06
3.62211e-06
3.62445e-06
3.62787e-06
3.62879e-06
3.63161e-06
3.63559e-06
3.63737e-06
3.63801e-06
3.63826e-06
3.63834e-06
3.63828e-06
3.63814e-06
3.63795e-06
3.63772e-06
3.63733e-06
3.62977e-06
3.62047e-06
3.62e-06
3.62124e-06
3.62361e-06
3.62715e-06
3.62816e-06
3.6309e-06
3.63467e-06
3.63627e-06
3.6368e-06
3.63701e-06
3.63705e-06
3.63685e-06
3.62944e-06
3.6202e-06
3.6176e-06
3.61685e-06
3.61666e-06
3.61673e-06
3.61917e-06
3.62156e-06
3.62448e-06
3.62827e-06
3.6294e-06
3.63216e-06
3.63591e-06
3.63749e-06
3.63801e-06
3.63823e-06
3.63835e-06
3.63842e-06
3.63846e-06
3.63849e-06
3.63851e-06
3.63853e-06
3.63853e-06
3.63853e-06
3.63853e-06
3.63853e-06
3.63854e-06
3.63854e-06
3.63854e-06
3.63854e-06
3.63854e-06
3.63854e-06
3.63853e-06
3.63853e-06
3.63852e-06
3.63852e-06
3.63852e-06
3.63852e-06
3.63853e-06
3.63853e-06
3.63853e-06
3.63853e-06
3.63853e-06
3.63853e-06
3.63852e-06
3.63852e-06
3.63852e-06
3.63852e-06
3.63852e-06
3.63851e-06
3.63852e-06
3.63851e-06
3.63851e-06
3.63851e-06
3.63851e-06
3.63851e-06
3.63851e-06
3.63851e-06
3.63851e-06
3.63851e-06
3.63851e-06
3.63851e-06
3.63851e-06
3.63851e-06
3.6385e-06
3.63847e-06
3.63835e-06
)
;

boundaryField
{
    inlet
    {
        type            cyclic;
        value           nonuniform List<scalar> 
50
(
-5.97952e-06
-5.86993e-06
-5.74254e-06
-5.59182e-06
-5.40894e-06
-5.17865e-06
-4.8715e-06
-4.42022e-06
-3.62293e-06
-6.07499e-06
-6.15889e-06
-6.23305e-06
-6.29883e-06
-6.35724e-06
-6.40906e-06
-6.4549e-06
-6.49522e-06
-6.53037e-06
-6.56065e-06
-6.58627e-06
-6.60738e-06
-6.62413e-06
-6.63659e-06
-6.64483e-06
-6.64889e-06
-6.6488e-06
-6.64455e-06
-6.63613e-06
-6.6235e-06
-6.60659e-06
-6.58533e-06
-6.55959e-06
-6.5292e-06
-6.49395e-06
-6.45356e-06
-6.40767e-06
-6.35581e-06
-6.29738e-06
-6.23161e-06
-6.15747e-06
-6.07361e-06
-5.97818e-06
-5.86865e-06
-5.74132e-06
-5.59065e-06
-5.4077e-06
-5.17691e-06
-4.86817e-06
-4.41535e-06
-3.63783e-06
)
;
    }
    outlet
    {
        type            cyclic;
        value           nonuniform List<scalar> 
50
(
5.97952e-06
5.86993e-06
5.74254e-06
5.59182e-06
5.40894e-06
5.17865e-06
4.8715e-06
4.42022e-06
3.62293e-06
6.07499e-06
6.15889e-06
6.23305e-06
6.29883e-06
6.35724e-06
6.40906e-06
6.4549e-06
6.49522e-06
6.53037e-06
6.56065e-06
6.58627e-06
6.60738e-06
6.62413e-06
6.63659e-06
6.64483e-06
6.64889e-06
6.6488e-06
6.64455e-06
6.63613e-06
6.6235e-06
6.60659e-06
6.58533e-06
6.55959e-06
6.5292e-06
6.49395e-06
6.45356e-06
6.40767e-06
6.35581e-06
6.29738e-06
6.23161e-06
6.15747e-06
6.07361e-06
5.97818e-06
5.86865e-06
5.74132e-06
5.59065e-06
5.4077e-06
5.17691e-06
4.86817e-06
4.41535e-06
3.63783e-06
)
;
    }
    bottomWall
    {
        type            calculated;
        value           uniform 0;
    }
    topWall
    {
        type            calculated;
        value           uniform 0;
    }
    frontAndBack
    {
        type            empty;
    }
}


// ************************************************************************* //
