/*--------------------------------*- C++ -*----------------------------------*\
  =========                 |
  \\      /  F ield         | OpenFOAM: The Open Source CFD Toolbox
   \\    /   O peration     | Website:  https://openfoam.org
    \\  /    A nd           | Version:  11
     \\/     M anipulation  |
\*---------------------------------------------------------------------------*/
FoamFile
{
    format      ascii;
    class       volVectorField;
    location    "400";
    object      U;
}
// * * * * * * * * * * * * * * * * * * * * * * * * * * * * * * * * * * * * * //

dimensions      [0 1 -1 0 0 0 0];

internalField   nonuniform List<vector> 
5000
(
(6.04851 0.00186062 0)
(6.05944 -0.000471177 0)
(6.03792 -0.000731508 0)
(6.03997 0.00019642 0)
(6.03781 0.000236868 0)
(6.04725 0.000948666 0)
(6.05896 0.000727089 0)
(6.06386 -0.00103051 0)
(6.03947 -0.00184703 0)
(6.03189 -0.000738326 0)
(6.0296 -0.000311491 0)
(6.02891 -0.00013801 0)
(6.02866 -4.84322e-05 0)
(6.02825 0.000879837 0)
(6.03686 0.000869815 0)
(6.03651 0.000586772 0)
(6.04658 0.000844684 0)
(6.05017 0.00040639 0)
(6.05107 0.000330526 0)
(6.05952 0.000418495 0)
(6.06361 0.000267072 0)
(6.0651 0.000109672 0)
(6.06573 4.08008e-05 0)
(6.06604 1.34169e-05 0)
(6.06621 1.27906e-06 0)
(6.06626 3.23934e-07 0)
(6.06623 8.95197e-07 0)
(6.06615 8.09124e-07 0)
(6.0661 -6.17912e-07 0)
(6.06606 -1.20416e-06 0)
(6.06606 -8.22723e-07 0)
(6.06606 2.97053e-07 0)
(6.06608 3.75858e-06 0)
(6.06607 7.81844e-06 0)
(6.06602 9.8188e-06 0)
(6.06597 8.11964e-06 0)
(6.06592 4.30011e-06 0)
(6.06591 3.23897e-06 0)
(6.06597 -0.00140997 0)
(6.04001 -0.00201037 0)
(6.03199 -0.000828949 0)
(6.02965 -0.000349607 0)
(6.029 -0.000157314 0)
(6.02882 -6.88794e-05 0)
(6.02874 -2.80194e-05 0)
(6.02867 -1.18124e-05 0)
(6.02863 -5.80853e-06 0)
(6.02863 -4.00882e-06 0)
(6.02864 -2.86768e-06 0)
(6.02866 -2.08881e-06 0)
(6.02868 -1.15556e-06 0)
(6.02871 -9.61021e-07 0)
(6.02872 -3.84393e-07 0)
(6.02874 -5.03329e-07 0)
(6.02875 -1.50305e-07 0)
(6.02876 -4.64802e-07 0)
(6.02877 -1.58696e-07 0)
(6.02878 -4.46029e-07 0)
(6.02879 -2.43935e-07 0)
(6.02879 -3.67076e-07 0)
(6.0288 -2.12366e-07 0)
(6.0288 -2.41237e-07 0)
(6.0288 1.98663e-09 0)
(6.02881 -9.43828e-08 0)
(6.02881 2.14938e-07 0)
(6.02881 -2.018e-08 0)
(6.02881 2.46725e-07 0)
(6.02882 -9.60492e-08 0)
(6.02881 1.73064e-07 0)
(6.02881 -1.16886e-07 0)
(6.02881 5.82714e-08 0)
(6.0288 -7.89896e-08 0)
(6.02879 1.36277e-08 0)
(6.02879 -8.73426e-08 0)
(6.02879 5.20587e-08 0)
(6.02878 -1.86842e-08 0)
(6.02878 9.75285e-08 0)
(6.02878 -6.7437e-09 0)
(6.02878 9.4793e-08 0)
(6.02878 -4.46551e-08 0)
(6.02877 9.26538e-08 0)
(6.02877 -1.11029e-08 0)
(6.02877 8.63476e-08 0)
(6.02877 -2.95476e-08 0)
(6.02877 8.18668e-08 0)
(6.02877 -4.41767e-08 0)
(6.02877 9.00238e-08 0)
(6.02877 -1.73859e-08 0)
(6.02877 8.97609e-08 0)
(6.02877 -3.27435e-08 0)
(6.02876 7.86702e-08 0)
(6.02877 -5.05861e-08 0)
(6.02876 7.18545e-08 0)
(6.02877 -2.85301e-08 0)
(6.02876 9.19301e-08 0)
(6.02876 2.66457e-08 0)
(6.02876 4.10474e-07 0)
(6.02876 1.24842e-06 0)
(6.02872 6.86288e-06 0)
(6.02828 0.00131193 0)
(7.36382 0.000654382 0)
(7.36193 -5.12464e-05 0)
(7.37017 -0.000203509 0)
(7.36772 -5.85235e-06 0)
(7.36828 8.43294e-05 0)
(7.36472 0.000249126 0)
(7.36128 0.000241028 0)
(7.36103 -0.000238784 0)
(7.37095 -0.000598692 0)
(7.3716 -0.000371554 0)
(7.37136 -0.000185932 0)
(7.37122 -9.00675e-05 0)
(7.37108 -3.23534e-05 0)
(7.37047 0.000310121 0)
(7.36722 0.000322322 0)
(7.36783 0.000264886 0)
(7.36407 0.000386939 0)
(7.36382 0.000269561 0)
(7.36425 7.71917e-05 0)
(7.36099 7.56089e-05 0)
(7.36002 9.85932e-05 0)
(7.36021 5.2551e-05 0)
(7.3604 1.75841e-05 0)
(7.36052 3.84507e-06 0)
(7.36063 -2.66582e-06 0)
(7.36067 5.99966e-07 0)
(7.36067 3.17794e-06 0)
(7.36064 3.46664e-06 0)
(7.36062 1.01743e-06 0)
(7.36061 1.62406e-07 0)
(7.36062 -3.97812e-07 0)
(7.36062 3.16995e-07 0)
(7.3606 3.82102e-06 0)
(7.36054 8.09184e-06 0)
(7.36046 1.07904e-05 0)
(7.36039 8.64964e-06 0)
(7.36035 4.48628e-06 0)
(7.36036 1.39753e-06 0)
(7.36085 -0.000424837 0)
(7.3707 -0.000708065 0)
(7.37132 -0.000436585 0)
(7.37116 -0.000219539 0)
(7.3711 -0.0001084 0)
(7.37107 -4.85909e-05 0)
(7.37104 -1.81102e-05 0)
(7.37102 -6.55447e-06 0)
(7.37102 -3.35003e-06 0)
(7.37103 -3.31536e-06 0)
(7.37106 -2.47142e-06 0)
(7.37108 -2.23692e-06 0)
(7.3711 -1.20705e-06 0)
(7.37113 -1.28548e-06 0)
(7.37114 -4.66513e-07 0)
(7.37116 -8.2576e-07 0)
(7.37117 -2.10607e-07 0)
(7.37118 -8.14323e-07 0)
(7.37119 -2.86043e-07 0)
(7.3712 -8.77603e-07 0)
(7.37121 -4.92857e-07 0)
(7.37122 -7.14815e-07 0)
(7.37122 -3.92552e-07 0)
(7.37123 -4.09473e-07 0)
(7.37123 2.05698e-08 0)
(7.37124 -1.62133e-07 0)
(7.37124 3.8606e-07 0)
(7.37124 -6.03311e-08 0)
(7.37124 4.41948e-07 0)
(7.37125 -1.76465e-07 0)
(7.37124 3.11242e-07 0)
(7.37124 -2.64821e-07 0)
(7.37123 7.99734e-08 0)
(7.37123 -1.71977e-07 0)
(7.37122 4.61236e-08 0)
(7.37122 -1.14247e-07 0)
(7.37122 1.33505e-07 0)
(7.37121 -2.53831e-08 0)
(7.37121 1.72185e-07 0)
(7.37121 -2.85931e-08 0)
(7.37121 1.61309e-07 0)
(7.37121 -7.77057e-08 0)
(7.3712 1.70806e-07 0)
(7.3712 -3.00805e-08 0)
(7.3712 1.49526e-07 0)
(7.3712 -5.39893e-08 0)
(7.3712 1.46721e-07 0)
(7.3712 -7.5896e-08 0)
(7.3712 1.61947e-07 0)
(7.3712 -4.11218e-08 0)
(7.3712 1.55217e-07 0)
(7.3712 -5.61397e-08 0)
(7.37119 1.49731e-07 0)
(7.37119 -7.7172e-08 0)
(7.37119 1.38564e-07 0)
(7.37119 -6.07015e-08 0)
(7.37119 1.47092e-07 0)
(7.37119 6.48771e-09 0)
(7.37119 5.46688e-07 0)
(7.37118 1.60396e-06 0)
(7.37113 8.14734e-06 0)
(7.37047 0.000489549 0)
(8.11796 0.000255779 0)
(8.11681 3.26579e-05 0)
(8.12017 -8.30758e-05 0)
(8.12035 -5.67436e-05 0)
(8.12104 1.9157e-05 0)
(8.11924 0.000104447 0)
(8.11671 0.000112246 0)
(8.11594 -4.34104e-05 0)
(8.1204 -0.000214678 0)
(8.12107 -0.000177961 0)
(8.12105 -0.000105572 0)
(8.121 -5.46929e-05 0)
(8.12091 -1.92287e-05 0)
(8.12063 9.25591e-05 0)
(8.1202 0.000104909 0)
(8.1208 0.000134369 0)
(8.11884 0.00020271 0)
(8.11852 0.000162313 0)
(8.11864 5.66128e-05 0)
(8.11626 3.28687e-05 0)
(8.11505 4.62914e-05 0)
(8.11487 2.99632e-05 0)
(8.11488 9.68854e-06 0)
(8.11491 1.57579e-07 0)
(8.11496 -5.29241e-06 0)
(8.11498 9.96429e-07 0)
(8.11497 4.49172e-06 0)
(8.11495 5.06516e-06 0)
(8.11494 1.77239e-06 0)
(8.11494 7.16126e-07 0)
(8.11494 -7.6327e-08 0)
(8.11494 6.76064e-07 0)
(8.11493 4.79356e-06 0)
(8.11487 9.65307e-06 0)
(8.11481 1.23818e-05 0)
(8.11475 9.24189e-06 0)
(8.11473 4.0734e-06 0)
(8.11475 -2.06215e-06 0)
(8.11511 -0.000155476 0)
(8.11985 -0.000296714 0)
(8.12064 -0.000233078 0)
(8.12074 -0.00013818 0)
(8.12078 -7.46457e-05 0)
(8.12079 -3.35013e-05 0)
(8.12078 -1.0833e-05 0)
(8.12077 -3.225e-06 0)
(8.12077 -2.03412e-06 0)
(8.12079 -3.27253e-06 0)
(8.12081 -2.62144e-06 0)
(8.12084 -2.77253e-06 0)
(8.12086 -1.49215e-06 0)
(8.12088 -1.80698e-06 0)
(8.1209 -6.61633e-07 0)
(8.12091 -1.30269e-06 0)
(8.12092 -3.64153e-07 0)
(8.12093 -1.3122e-06 0)
(8.12094 -4.99862e-07 0)
(8.12096 -1.46543e-06 0)
(8.12096 -8.32918e-07 0)
(8.12097 -1.1953e-06 0)
(8.12098 -6.52833e-07 0)
(8.12099 -6.60176e-07 0)
(8.121 1.3671e-08 0)
(8.121 -2.60703e-07 0)
(8.121 5.70884e-07 0)
(8.12101 -1.2268e-07 0)
(8.12101 6.72236e-07 0)
(8.12101 -2.67034e-07 0)
(8.121 5.06111e-07 0)
(8.121 -4.18466e-07 0)
(8.121 1.58047e-07 0)
(8.12099 -2.57799e-07 0)
(8.12099 1.15571e-07 0)
(8.12098 -1.25443e-07 0)
(8.12098 2.50892e-07 0)
(8.12098 -2.23868e-08 0)
(8.12098 2.79916e-07 0)
(8.12097 -4.73844e-08 0)
(8.12097 2.60146e-07 0)
(8.12097 -1.13939e-07 0)
(8.12097 2.73796e-07 0)
(8.12097 -5.95179e-08 0)
(8.12097 2.40041e-07 0)
(8.12097 -8.67736e-08 0)
(8.12097 2.39944e-07 0)
(8.12097 -1.12938e-07 0)
(8.12096 2.64249e-07 0)
(8.12096 -7.22801e-08 0)
(8.12096 2.52992e-07 0)
(8.12096 -8.66139e-08 0)
(8.12096 2.47361e-07 0)
(8.12096 -1.11826e-07 0)
(8.12096 2.27795e-07 0)
(8.12096 -1.03114e-07 0)
(8.12096 2.20273e-07 0)
(8.12096 -2.43448e-08 0)
(8.12095 7.15696e-07 0)
(8.12095 2.00914e-06 0)
(8.12091 1.03223e-05 0)
(8.12054 0.000193595 0)
(8.63099 0.000127713 0)
(8.63071 3.52945e-05 0)
(8.6315 -2.83364e-05 0)
(8.63192 -3.07215e-05 0)
(8.63231 1.6026e-06 0)
(8.63186 3.83007e-05 0)
(8.63085 4.22193e-05 0)
(8.63046 -7.99729e-06 0)
(8.63162 -9.04365e-05 0)
(8.63171 -9.45184e-05 0)
(8.63163 -6.45451e-05 0)
(8.63156 -3.49128e-05 0)
(8.63148 -1.09584e-05 0)
(8.63139 4.60528e-05 0)
(8.63171 6.57679e-05 0)
(8.63209 8.43663e-05 0)
(8.63157 0.000116318 0)
(8.63156 0.000106448 0)
(8.63159 4.17297e-05 0)
(8.63046 1.11097e-05 0)
(8.62977 1.82534e-05 0)
(8.6296 1.53102e-05 0)
(8.62957 2.72252e-06 0)
(8.62956 -3.09168e-06 0)
(8.62958 -7.50095e-06 0)
(8.62958 1.49063e-06 0)
(8.62957 5.64231e-06 0)
(8.62955 6.41312e-06 0)
(8.62954 2.29422e-06 0)
(8.62954 1.18316e-06 0)
(8.62954 1.55919e-07 0)
(8.62954 1.2605e-06 0)
(8.62952 5.96588e-06 0)
(8.62948 1.14716e-05 0)
(8.62942 1.39581e-05 0)
(8.62939 9.7502e-06 0)
(8.62937 3.65721e-06 0)
(8.6294 -4.85063e-06 0)
(8.62961 -7.47848e-05 0)
(8.63101 -0.000154922 0)
(8.63124 -0.00014478 0)
(8.63128 -9.72069e-05 0)
(8.6313 -5.64217e-05 0)
(8.63131 -2.44514e-05 0)
(8.6313 -5.92818e-06 0)
(8.63129 -8.83893e-07 0)
(8.6313 -1.15363e-06 0)
(8.63131 -3.4114e-06 0)
(8.63133 -2.81689e-06 0)
(8.63135 -3.32607e-06 0)
(8.63137 -1.74863e-06 0)
(8.63139 -2.31492e-06 0)
(8.6314 -8.43376e-07 0)
(8.63141 -1.76953e-06 0)
(8.63142 -5.27285e-07 0)
(8.63144 -1.83169e-06 0)
(8.63145 -7.50397e-07 0)
(8.63146 -2.09219e-06 0)
(8.63147 -1.20479e-06 0)
(8.63148 -1.71134e-06 0)
(8.63149 -9.43331e-07 0)
(8.6315 -9.44909e-07 0)
(8.63151 -1.23541e-08 0)
(8.63151 -3.79964e-07 0)
(8.63152 7.311e-07 0)
(8.63152 -2.05126e-07 0)
(8.63152 8.80381e-07 0)
(8.63152 -3.67914e-07 0)
(8.63152 6.92661e-07 0)
(8.63152 -5.71438e-07 0)
(8.63151 2.51384e-07 0)
(8.63151 -3.34533e-07 0)
(8.6315 1.93721e-07 0)
(8.6315 -1.36879e-07 0)
(8.6315 3.69798e-07 0)
(8.6315 -2.53001e-08 0)
(8.63149 3.88453e-07 0)
(8.63149 -6.67258e-08 0)
(8.63149 3.56695e-07 0)
(8.63149 -1.48673e-07 0)
(8.63149 3.70057e-07 0)
(8.63149 -9.53407e-08 0)
(8.63149 3.28478e-07 0)
(8.63149 -1.21871e-07 0)
(8.63149 3.31847e-07 0)
(8.63148 -1.45791e-07 0)
(8.63148 3.65134e-07 0)
(8.63148 -9.94982e-08 0)
(8.63148 3.52023e-07 0)
(8.63148 -1.12e-07 0)
(8.63148 3.45372e-07 0)
(8.63148 -1.43451e-07 0)
(8.63148 3.17852e-07 0)
(8.63148 -1.47652e-07 0)
(8.63148 2.94762e-07 0)
(8.63148 -5.69181e-08 0)
(8.63147 8.69588e-07 0)
(8.63147 2.30171e-06 0)
(8.63144 1.08311e-05 0)
(8.63132 9.75717e-05 0)
(9.01504 8.13643e-05 0)
(9.01504 3.06235e-05 0)
(9.01518 -5.661e-06 0)
(9.01538 -8.58407e-06 0)
(9.01557 3.17251e-07 0)
(9.01554 6.94275e-06 0)
(9.01523 4.14171e-06 0)
(9.0151 -5.21389e-06 0)
(9.01532 -4.75742e-05 0)
(9.01522 -5.85239e-05 0)
(9.01512 -4.44014e-05 0)
(9.01505 -2.40164e-05 0)
(9.01498 -5.52738e-06 0)
(9.01494 3.66027e-05 0)
(9.01517 6.28836e-05 0)
(9.01536 6.81511e-05 0)
(9.01529 7.84328e-05 0)
(9.01536 8.09877e-05 0)
(9.01536 3.02567e-05 0)
(9.01488 -3.45269e-06 0)
(9.01455 1.04562e-06 0)
(9.01445 4.98933e-06 0)
(9.01442 -2.83932e-06 0)
(9.01441 -5.60138e-06 0)
(9.01441 -9.15231e-06 0)
(9.0144 2.11661e-06 0)
(9.01438 6.8239e-06 0)
(9.01436 7.65483e-06 0)
(9.01435 2.7688e-06 0)
(9.01435 1.60142e-06 0)
(9.01435 3.58168e-07 0)
(9.01434 1.87074e-06 0)
(9.01433 7.09404e-06 0)
(9.01429 1.31176e-05 0)
(9.01424 1.52833e-05 0)
(9.01422 1.0097e-05 0)
(9.01421 3.19835e-06 0)
(9.01424 -6.93377e-06 0)
(9.01436 -4.73376e-05 0)
(9.01472 -0.000101458 0)
(9.01476 -0.00010659 0)
(9.01476 -7.78005e-05 0)
(9.01478 -4.71622e-05 0)
(9.01479 -1.91253e-05 0)
(9.01478 -2.59173e-06 0)
(9.01477 8.00228e-07 0)
(9.01477 -5.12007e-07 0)
(9.01479 -3.58112e-06 0)
(9.0148 -2.9948e-06 0)
(9.01482 -3.79933e-06 0)
(9.01483 -1.94401e-06 0)
(9.01484 -2.74381e-06 0)
(9.01485 -9.94903e-07 0)
(9.01486 -2.19365e-06 0)
(9.01487 -7.02247e-07 0)
(9.01489 -2.35179e-06 0)
(9.0149 -1.04833e-06 0)
(9.01491 -2.739e-06 0)
(9.01493 -1.61006e-06 0)
(9.01494 -2.24008e-06 0)
(9.01495 -1.25202e-06 0)
(9.01496 -1.23791e-06 0)
(9.01497 -5.60775e-08 0)
(9.01497 -5.04471e-07 0)
(9.01498 8.5317e-07 0)
(9.01498 -2.94432e-07 0)
(9.01498 1.05663e-06 0)
(9.01498 -4.6958e-07 0)
(9.01498 8.53076e-07 0)
(9.01498 -7.14951e-07 0)
(9.01497 3.36829e-07 0)
(9.01497 -4.05434e-07 0)
(9.01496 2.69325e-07 0)
(9.01496 -1.45897e-07 0)
(9.01496 4.77257e-07 0)
(9.01496 -3.118e-08 0)
(9.01496 4.85577e-07 0)
(9.01496 -8.71564e-08 0)
(9.01496 4.4241e-07 0)
(9.01495 -1.82685e-07 0)
(9.01495 4.54923e-07 0)
(9.01495 -1.32761e-07 0)
(9.01495 4.07257e-07 0)
(9.01495 -1.56318e-07 0)
(9.01495 4.17426e-07 0)
(9.01495 -1.74522e-07 0)
(9.01495 4.61602e-07 0)
(9.01495 -1.21228e-07 0)
(9.01495 4.47509e-07 0)
(9.01495 -1.30851e-07 0)
(9.01494 4.3858e-07 0)
(9.01494 -1.68792e-07 0)
(9.01494 4.00864e-07 0)
(9.01494 -1.89989e-07 0)
(9.01494 3.61558e-07 0)
(9.01494 -8.94005e-08 0)
(9.01494 9.94323e-07 0)
(9.01494 2.49098e-06 0)
(9.01492 1.06324e-05 0)
(9.0149 6.36913e-05 0)
(9.31984 6.50405e-05 0)
(9.31989 2.77283e-05 0)
(9.31991 2.42389e-06 0)
(9.31998 3.09459e-06 0)
(9.32008 2.07284e-06 0)
(9.32014 -6.45505e-06 0)
(9.32008 -1.51331e-05 0)
(9.32005 -8.88645e-06 0)
(9.32006 -3.38912e-05 0)
(9.31995 -4.28533e-05 0)
(9.31986 -3.45886e-05 0)
(9.3198 -1.7977e-05 0)
(9.31974 -1.69105e-06 0)
(9.3197 3.63143e-05 0)
(9.31981 6.62979e-05 0)
(9.31989 6.50591e-05 0)
(9.31991 6.47556e-05 0)
(9.31997 7.03951e-05 0)
(9.31997 2.41188e-05 0)
(9.31975 -1.16508e-05 0)
(9.31958 -8.87734e-06 0)
(9.31952 -1.7863e-06 0)
(9.3195 -6.97721e-06 0)
(9.31949 -7.46923e-06 0)
(9.31949 -1.03535e-05 0)
(9.31948 2.82752e-06 0)
(9.31946 7.96219e-06 0)
(9.31943 8.7933e-06 0)
(9.31942 3.17061e-06 0)
(9.31942 2.03062e-06 0)
(9.31942 5.65125e-07 0)
(9.31941 2.47558e-06 0)
(9.31939 8.13841e-06 0)
(9.31936 1.46223e-05 0)
(9.31932 1.63981e-05 0)
(9.3193 1.03132e-05 0)
(9.3193 2.7051e-06 0)
(9.31933 -8.60743e-06 0)
(9.31941 -3.86468e-05 0)
(9.31951 -8.2078e-05 0)
(9.31951 -9.10284e-05 0)
(9.31952 -6.93047e-05 0)
(9.31954 -4.28897e-05 0)
(9.31955 -1.61825e-05 0)
(9.31954 -3.53445e-07 0)
(9.31953 1.99146e-06 0)
(9.31954 -5.93963e-08 0)
(9.31955 -3.75201e-06 0)
(9.31956 -3.13426e-06 0)
(9.31957 -4.16507e-06 0)
(9.31958 -2.06906e-06 0)
(9.31959 -3.07476e-06 0)
(9.31959 -1.12068e-06 0)
(9.3196 -2.56972e-06 0)
(9.31961 -9.02579e-07 0)
(9.31963 -2.87141e-06 0)
(9.31964 -1.40509e-06 0)
(9.31966 -3.39632e-06 0)
(9.31967 -2.04823e-06 0)
(9.31968 -2.76656e-06 0)
(9.31969 -1.56909e-06 0)
(9.3197 -1.51996e-06 0)
(9.31971 -1.13546e-07 0)
(9.31971 -6.26672e-07 0)
(9.31972 9.36277e-07 0)
(9.31972 -3.78591e-07 0)
(9.31972 1.19862e-06 0)
(9.31972 -5.63944e-07 0)
(9.31972 9.7946e-07 0)
(9.31972 -8.4336e-07 0)
(9.31972 4.10464e-07 0)
(9.31971 -4.70784e-07 0)
(9.31971 3.35842e-07 0)
(9.31971 -1.52863e-07 0)
(9.31971 5.67918e-07 0)
(9.31971 -3.8455e-08 0)
(9.31971 5.65602e-07 0)
(9.3197 -1.07389e-07 0)
(9.3197 5.11123e-07 0)
(9.3197 -2.1219e-07 0)
(9.3197 5.22209e-07 0)
(9.3197 -1.67396e-07 0)
(9.3197 4.71047e-07 0)
(9.3197 -1.85438e-07 0)
(9.3197 4.90894e-07 0)
(9.3197 -1.9456e-07 0)
(9.3197 5.46158e-07 0)
(9.3197 -1.34365e-07 0)
(9.3197 5.33811e-07 0)
(9.3197 -1.40837e-07 0)
(9.31969 5.21839e-07 0)
(9.31969 -1.86111e-07 0)
(9.31969 4.71551e-07 0)
(9.31969 -2.26329e-07 0)
(9.31969 4.1554e-07 0)
(9.31969 -1.21686e-07 0)
(9.31969 1.09249e-06 0)
(9.31969 2.62228e-06 0)
(9.31967 1.06882e-05 0)
(9.31969 5.19017e-05 0)
(9.57101 5.93447e-05 0)
(9.57105 2.61741e-05 0)
(9.57105 5.16478e-06 0)
(9.57108 8.06294e-06 0)
(9.57115 2.87586e-06 0)
(9.57122 -1.18805e-05 0)
(9.57123 -2.4458e-05 0)
(9.57123 -1.24294e-05 0)
(9.5712 -3.02314e-05 0)
(9.57111 -3.56721e-05 0)
(9.57104 -2.96373e-05 0)
(9.57099 -1.44568e-05 0)
(9.57093 1.17787e-06 0)
(9.5709 3.79398e-05 0)
(9.57094 6.94073e-05 0)
(9.57098 6.58361e-05 0)
(9.571 6.09519e-05 0)
(9.57104 6.64426e-05 0)
(9.57103 2.13687e-05 0)
(9.57092 -1.49072e-05 0)
(9.57082 -1.39838e-05 0)
(9.57077 -5.88964e-06 0)
(9.57076 -9.91072e-06 0)
(9.57076 -8.83992e-06 0)
(9.57076 -1.12064e-05 0)
(9.57074 3.55372e-06 0)
(9.57072 9.0023e-06 0)
(9.5707 9.84795e-06 0)
(9.57069 3.53631e-06 0)
(9.57068 2.47751e-06 0)
(9.57068 7.8372e-07 0)
(9.57067 3.06865e-06 0)
(9.57065 9.09011e-06 0)
(9.57062 1.59922e-05 0)
(9.57059 1.7313e-05 0)
(9.57058 1.04158e-05 0)
(9.57058 2.17904e-06 0)
(9.57061 -1.00583e-05 0)
(9.57067 -3.69593e-05 0)
(9.57071 -7.6022e-05 0)
(9.57072 -8.51787e-05 0)
(9.57073 -6.59425e-05 0)
(9.57075 -4.11827e-05 0)
(9.57076 -1.46608e-05 0)
(9.57076 1.16039e-06 0)
(9.57075 2.84355e-06 0)
(9.57076 2.60718e-07 0)
(9.57076 -3.89308e-06 0)
(9.57077 -3.21729e-06 0)
(9.57078 -4.40429e-06 0)
(9.57078 -2.11715e-06 0)
(9.57079 -3.3072e-06 0)
(9.57079 -1.2161e-06 0)
(9.5708 -2.89963e-06 0)
(9.57081 -1.13666e-06 0)
(9.57082 -3.39156e-06 0)
(9.57084 -1.8211e-06 0)
(9.57085 -4.05296e-06 0)
(9.57087 -2.50943e-06 0)
(9.57088 -3.27603e-06 0)
(9.57089 -1.87854e-06 0)
(9.5709 -1.77768e-06 0)
(9.57091 -1.84548e-07 0)
(9.57091 -7.38641e-07 0)
(9.57092 9.87955e-07 0)
(9.57092 -4.53806e-07 0)
(9.57092 1.30166e-06 0)
(9.57092 -6.46503e-07 0)
(9.57092 1.07127e-06 0)
(9.57092 -9.57661e-07 0)
(9.57092 4.65657e-07 0)
(9.57091 -5.26745e-07 0)
(9.57091 3.88851e-07 0)
(9.57091 -1.58797e-07 0)
(9.57091 6.37551e-07 0)
(9.57091 -4.70411e-08 0)
(9.57091 6.2574e-07 0)
(9.57091 -1.26661e-07 0)
(9.57091 5.62336e-07 0)
(9.57091 -2.40312e-07 0)
(9.57091 5.7166e-07 0)
(9.57091 -2.00042e-07 0)
(9.57091 5.19627e-07 0)
(9.57091 -2.09417e-07 0)
(9.57091 5.51715e-07 0)
(9.57091 -2.06473e-07 0)
(9.5709 6.18678e-07 0)
(9.5709 -1.38788e-07 0)
(9.5709 6.10337e-07 0)
(9.5709 -1.42213e-07 0)
(9.5709 5.93984e-07 0)
(9.5709 -1.96266e-07 0)
(9.5709 5.281e-07 0)
(9.5709 -2.56435e-07 0)
(9.5709 4.54181e-07 0)
(9.5709 -1.54549e-07 0)
(9.5709 1.16463e-06 0)
(9.5709 2.72124e-06 0)
(9.57089 1.10012e-05 0)
(9.57091 4.81611e-05 0)
(9.7833 5.76326e-05 0)
(9.78333 2.57627e-05 0)
(9.78332 5.82911e-06 0)
(9.78335 9.48427e-06 0)
(9.7834 2.55088e-06 0)
(9.78346 -1.41735e-05 0)
(9.78348 -2.9087e-05 0)
(9.78349 -1.46782e-05 0)
(9.78346 -2.91731e-05 0)
(9.78339 -3.20206e-05 0)
(9.78334 -2.68986e-05 0)
(9.78329 -1.2193e-05 0)
(9.78324 3.45395e-06 0)
(9.78321 3.95626e-05 0)
(9.78322 7.1184e-05 0)
(9.78324 6.72179e-05 0)
(9.78326 6.05329e-05 0)
(9.78328 6.50237e-05 0)
(9.78328 2.03298e-05 0)
(9.7832 -1.52441e-05 0)
(9.78313 -1.62489e-05 0)
(9.7831 -8.1915e-06 0)
(9.78309 -1.19629e-05 0)
(9.78309 -9.8662e-06 0)
(9.78309 -1.18329e-05 0)
(9.78308 4.23065e-06 0)
(9.78307 9.95275e-06 0)
(9.78304 1.08055e-05 0)
(9.78303 3.88086e-06 0)
(9.78302 2.93071e-06 0)
(9.78302 1.01511e-06 0)
(9.78301 3.63338e-06 0)
(9.78299 9.94322e-06 0)
(9.78296 1.72189e-05 0)
(9.78294 1.80337e-05 0)
(9.78293 1.04173e-05 0)
(9.78294 1.62051e-06 0)
(9.78297 -1.1361e-05 0)
(9.78302 -3.78205e-05 0)
(9.78305 -7.50099e-05 0)
(9.78305 -8.32248e-05 0)
(9.78306 -6.48655e-05 0)
(9.78309 -4.07474e-05 0)
(9.7831 -1.39447e-05 0)
(9.7831 2.22009e-06 0)
(9.7831 3.47848e-06 0)
(9.7831 5.00997e-07 0)
(9.7831 -3.97823e-06 0)
(9.7831 -3.22606e-06 0)
(9.78311 -4.50878e-06 0)
(9.78311 -2.08984e-06 0)
(9.78311 -3.43661e-06 0)
(9.78311 -1.28464e-06 0)
(9.78312 -3.19053e-06 0)
(9.78313 -1.40944e-06 0)
(9.78314 -3.91278e-06 0)
(9.78316 -2.28968e-06 0)
(9.78318 -4.69638e-06 0)
(9.78319 -2.98082e-06 0)
(9.7832 -3.75302e-06 0)
(9.78321 -2.16545e-06 0)
(9.78322 -2.01247e-06 0)
(9.78323 -2.59727e-07 0)
(9.78323 -8.35822e-07 0)
(9.78324 1.0122e-06 0)
(9.78324 -5.17827e-07 0)
(9.78324 1.36421e-06 0)
(9.78324 -7.146e-07 0)
(9.78324 1.12429e-06 0)
(9.78324 -1.0552e-06 0)
(9.78324 4.98604e-07 0)
(9.78324 -5.74289e-07 0)
(9.78323 4.27563e-07 0)
(9.78323 -1.65945e-07 0)
(9.78323 6.86014e-07 0)
(9.78323 -5.74009e-08 0)
(9.78323 6.6654e-07 0)
(9.78323 -1.47262e-07 0)
(9.78323 5.93537e-07 0)
(9.78323 -2.67823e-07 0)
(9.78323 5.98887e-07 0)
(9.78323 -2.28725e-07 0)
(9.78323 5.51831e-07 0)
(9.78323 -2.27262e-07 0)
(9.78323 5.98512e-07 0)
(9.78323 -2.0992e-07 0)
(9.78323 6.77737e-07 0)
(9.78323 -1.34223e-07 0)
(9.78323 6.74639e-07 0)
(9.78323 -1.3535e-07 0)
(9.78323 6.52528e-07 0)
(9.78323 -2.00141e-07 0)
(9.78323 5.69297e-07 0)
(9.78323 -2.81648e-07 0)
(9.78323 4.76713e-07 0)
(9.78323 -1.87349e-07 0)
(9.78323 1.21296e-06 0)
(9.78322 2.80395e-06 0)
(9.78322 1.13954e-05 0)
(9.78324 4.6817e-05 0)
(9.96594 5.70578e-05 0)
(9.96596 2.58183e-05 0)
(9.96595 5.86236e-06 0)
(9.96597 9.07598e-06 0)
(9.96601 1.67695e-06 0)
(9.96607 -1.53879e-05 0)
(9.96609 -3.13494e-05 0)
(9.9661 -1.6041e-05 0)
(9.96607 -2.85568e-05 0)
(9.96601 -2.97431e-05 0)
(9.96596 -2.49946e-05 0)
(9.96592 -1.05394e-05 0)
(9.96588 5.38217e-06 0)
(9.96585 4.08067e-05 0)
(9.96585 7.19038e-05 0)
(9.96587 6.83188e-05 0)
(9.96588 6.09191e-05 0)
(9.9659 6.44067e-05 0)
(9.9659 2.00843e-05 0)
(9.96585 -1.42731e-05 0)
(9.96579 -1.68756e-05 0)
(9.96576 -9.51779e-06 0)
(9.96576 -1.34533e-05 0)
(9.96577 -1.06878e-05 0)
(9.96577 -1.23134e-05 0)
(9.96576 4.81232e-06 0)
(9.96574 1.08144e-05 0)
(9.96572 1.16612e-05 0)
(9.96571 4.20099e-06 0)
(9.9657 3.38559e-06 0)
(9.9657 1.24336e-06 0)
(9.96569 4.15951e-06 0)
(9.96567 1.06839e-05 0)
(9.96565 1.83031e-05 0)
(9.96563 1.85705e-05 0)
(9.96563 1.03387e-05 0)
(9.96564 1.04198e-06 0)
(9.96567 -1.25416e-05 0)
(9.96571 -3.9449e-05 0)
(9.96573 -7.54995e-05 0)
(9.96573 -8.27555e-05 0)
(9.96574 -6.47506e-05 0)
(9.96576 -4.08819e-05 0)
(9.96578 -1.36624e-05 0)
(9.96578 3.01014e-06 0)
(9.96578 3.98691e-06 0)
(9.96578 7.1106e-07 0)
(9.96578 -3.98814e-06 0)
(9.96578 -3.14677e-06 0)
(9.96577 -4.47918e-06 0)
(9.96577 -1.99284e-06 0)
(9.96577 -3.46407e-06 0)
(9.96577 -1.32487e-06 0)
(9.96578 -3.45296e-06 0)
(9.96578 -1.72108e-06 0)
(9.9658 -4.43565e-06 0)
(9.96582 -2.79797e-06 0)
(9.96584 -5.31573e-06 0)
(9.96585 -3.44758e-06 0)
(9.96586 -4.18013e-06 0)
(9.96587 -2.42461e-06 0)
(9.96588 -2.21806e-06 0)
(9.96588 -3.26552e-07 0)
(9.96589 -9.16045e-07 0)
(9.96589 1.01562e-06 0)
(9.96589 -5.71793e-07 0)
(9.96589 1.39454e-06 0)
(9.96589 -7.70651e-07 0)
(9.9659 1.14329e-06 0)
(9.9659 -1.13883e-06 0)
(9.96589 5.10479e-07 0)
(9.96589 -6.14882e-07 0)
(9.96589 4.48701e-07 0)
(9.96589 -1.74951e-07 0)
(9.96589 7.13601e-07 0)
(9.96589 -7.11445e-08 0)
(9.96589 6.86891e-07 0)
(9.96589 -1.70816e-07 0)
(9.96589 6.04857e-07 0)
(9.96589 -2.96838e-07 0)
(9.96589 6.07597e-07 0)
(9.96589 -2.55273e-07 0)
(9.96589 5.69515e-07 0)
(9.96589 -2.40377e-07 0)
(9.96589 6.33868e-07 0)
(9.96589 -2.07781e-07 0)
(9.96589 7.25787e-07 0)
(9.96589 -1.23405e-07 0)
(9.96589 7.27769e-07 0)
(9.96589 -1.22839e-07 0)
(9.96589 6.98207e-07 0)
(9.96589 -2.00358e-07 0)
(9.96589 5.9677e-07 0)
(9.96589 -3.05141e-07 0)
(9.96589 4.84218e-07 0)
(9.96589 -2.20992e-07 0)
(9.96589 1.23948e-06 0)
(9.96589 2.87679e-06 0)
(9.96588 1.17835e-05 0)
(9.96591 4.62936e-05 0)
(10.1251 5.66987e-05 0)
(10.1251 2.61126e-05 0)
(10.125 5.77651e-06 0)
(10.1251 7.96146e-06 0)
(10.1251 5.03933e-07 0)
(10.1251 -1.62423e-05 0)
(10.1252 -3.2445e-05 0)
(10.1252 -1.68578e-05 0)
(10.1251 -2.78419e-05 0)
(10.1251 -2.79049e-05 0)
(10.125 -2.34026e-05 0)
(10.125 -9.18359e-06 0)
(10.125 7.04114e-06 0)
(10.1249 4.17242e-05 0)
(10.1249 7.19792e-05 0)
(10.125 6.89503e-05 0)
(10.125 6.12596e-05 0)
(10.125 6.37705e-05 0)
(10.125 2.01882e-05 0)
(10.125 -1.27666e-05 0)
(10.1249 -1.66732e-05 0)
(10.1249 -1.03427e-05 0)
(10.1249 -1.45915e-05 0)
(10.1249 -1.14048e-05 0)
(10.1249 -1.2731e-05 0)
(10.1249 5.2952e-06 0)
(10.1249 1.15876e-05 0)
(10.1249 1.2415e-05 0)
(10.1249 4.50153e-06 0)
(10.1249 3.82216e-06 0)
(10.1248 1.46441e-06 0)
(10.1248 4.61831e-06 0)
(10.1248 1.13086e-05 0)
(10.1248 1.92329e-05 0)
(10.1248 1.8946e-05 0)
(10.1248 1.01999e-05 0)
(10.1248 4.63132e-07 0)
(10.1248 -1.35954e-05 0)
(10.1249 -4.11501e-05 0)
(10.1249 -7.6354e-05 0)
(10.1249 -8.26998e-05 0)
(10.1249 -6.49342e-05 0)
(10.1249 -4.12453e-05 0)
(10.1249 -1.361e-05 0)
(10.1249 3.65115e-06 0)
(10.1249 4.44686e-06 0)
(10.1249 9.3097e-07 0)
(10.1249 -3.90495e-06 0)
(10.1249 -2.97182e-06 0)
(10.1249 -4.31903e-06 0)
(10.1249 -1.82491e-06 0)
(10.1249 -3.40066e-06 0)
(10.1249 -1.34257e-06 0)
(10.1249 -3.69466e-06 0)
(10.1249 -2.06938e-06 0)
(10.1249 -4.95678e-06 0)
(10.1249 -3.33136e-06 0)
(10.125 -5.89934e-06 0)
(10.125 -3.89424e-06 0)
(10.125 -4.54273e-06 0)
(10.125 -2.65595e-06 0)
(10.125 -2.37666e-06 0)
(10.125 -3.84442e-07 0)
(10.125 -9.78641e-07 0)
(10.125 1.00287e-06 0)
(10.125 -6.15937e-07 0)
(10.125 1.398e-06 0)
(10.125 -8.16492e-07 0)
(10.125 1.13522e-06 0)
(10.125 -1.2101e-06 0)
(10.125 5.03181e-07 0)
(10.125 -6.50341e-07 0)
(10.125 4.51129e-07 0)
(10.125 -1.86913e-07 0)
(10.125 7.21971e-07 0)
(10.125 -8.97805e-08 0)
(10.125 6.87058e-07 0)
(10.125 -1.98094e-07 0)
(10.125 5.98107e-07 0)
(10.125 -3.26493e-07 0)
(10.125 6.01167e-07 0)
(10.125 -2.81328e-07 0)
(10.125 5.73852e-07 0)
(10.125 -2.49012e-07 0)
(10.125 6.57178e-07 0)
(10.125 -2.00566e-07 0)
(10.125 7.63038e-07 0)
(10.125 -1.07388e-07 0)
(10.125 7.69273e-07 0)
(10.125 -1.06092e-07 0)
(10.125 7.30968e-07 0)
(10.125 -1.98118e-07 0)
(10.125 6.10249e-07 0)
(10.125 -3.27654e-07 0)
(10.125 4.76788e-07 0)
(10.125 -2.55268e-07 0)
(10.125 1.24587e-06 0)
(10.125 2.93989e-06 0)
(10.125 1.21297e-05 0)
(10.125 4.60919e-05 0)
(10.2649 5.6407e-05 0)
(10.2649 2.65776e-05 0)
(10.2649 5.74116e-06 0)
(10.2649 6.66661e-06 0)
(10.2649 -7.64835e-07 0)
(10.265 -1.70026e-05 0)
(10.265 -3.30081e-05 0)
(10.265 -1.73238e-05 0)
(10.2649 -2.69278e-05 0)
(10.2649 -2.62196e-05 0)
(10.2649 -2.19375e-05 0)
(10.2648 -7.99312e-06 0)
(10.2648 8.48609e-06 0)
(10.2648 4.23788e-05 0)
(10.2648 7.16668e-05 0)
(10.2648 6.91437e-05 0)
(10.2648 6.13238e-05 0)
(10.2648 6.27806e-05 0)
(10.2648 2.03797e-05 0)
(10.2648 -1.11185e-05 0)
(10.2648 -1.61277e-05 0)
(10.2648 -1.09305e-05 0)
(10.2648 -1.55204e-05 0)
(10.2648 -1.20813e-05 0)
(10.2648 -1.31417e-05 0)
(10.2648 5.66575e-06 0)
(10.2648 1.22823e-05 0)
(10.2647 1.30774e-05 0)
(10.2647 4.778e-06 0)
(10.2647 4.22758e-06 0)
(10.2647 1.66418e-06 0)
(10.2647 4.99255e-06 0)
(10.2647 1.18103e-05 0)
(10.2647 2.00117e-05 0)
(10.2647 1.91866e-05 0)
(10.2647 1.00209e-05 0)
(10.2647 -9.16572e-08 0)
(10.2647 -1.45078e-05 0)
(10.2647 -4.26673e-05 0)
(10.2648 -7.72064e-05 0)
(10.2647 -8.2604e-05 0)
(10.2648 -6.51234e-05 0)
(10.2648 -4.17459e-05 0)
(10.2648 -1.36225e-05 0)
(10.2648 4.22891e-06 0)
(10.2648 4.90992e-06 0)
(10.2648 1.17832e-06 0)
(10.2648 -3.71839e-06 0)
(10.2648 -2.69617e-06 0)
(10.2647 -4.03686e-06 0)
(10.2647 -1.584e-06 0)
(10.2647 -3.26734e-06 0)
(10.2647 -1.35379e-06 0)
(10.2647 -3.92193e-06 0)
(10.2647 -2.4459e-06 0)
(10.2648 -5.47148e-06 0)
(10.2648 -3.87292e-06 0)
(10.2648 -6.43771e-06 0)
(10.2648 -4.30135e-06 0)
(10.2648 -4.8399e-06 0)
(10.2648 -2.84782e-06 0)
(10.2648 -2.48919e-06 0)
(10.2648 -4.32112e-07 0)
(10.2648 -1.02352e-06 0)
(10.2648 9.79032e-07 0)
(10.2648 -6.51231e-07 0)
(10.2648 1.37987e-06 0)
(10.2648 -8.53992e-07 0)
(10.2648 1.1039e-06 0)
(10.2648 -1.27121e-06 0)
(10.2648 4.79502e-07 0)
(10.2648 -6.83561e-07 0)
(10.2648 4.37513e-07 0)
(10.2648 -2.02536e-07 0)
(10.2648 7.12448e-07 0)
(10.2648 -1.13241e-07 0)
(10.2648 6.70267e-07 0)
(10.2648 -2.28916e-07 0)
(10.2648 5.75562e-07 0)
(10.2648 -3.57389e-07 0)
(10.2648 5.80783e-07 0)
(10.2648 -3.07366e-07 0)
(10.2648 5.6715e-07 0)
(10.2648 -2.54981e-07 0)
(10.2648 6.68969e-07 0)
(10.2648 -1.89563e-07 0)
(10.2648 7.90215e-07 0)
(10.2648 -8.81911e-08 0)
(10.2648 8.00333e-07 0)
(10.2648 -8.75925e-08 0)
(10.2648 7.5189e-07 0)
(10.2648 -1.96036e-07 0)
(10.2648 6.11128e-07 0)
(10.2648 -3.50098e-07 0)
(10.2648 4.5582e-07 0)
(10.2648 -2.90789e-07 0)
(10.2648 1.23447e-06 0)
(10.2648 2.9918e-06 0)
(10.2648 1.24277e-05 0)
(10.2649 4.59204e-05 0)
(10.3885 5.61411e-05 0)
(10.3885 2.71732e-05 0)
(10.3885 5.80343e-06 0)
(10.3885 5.39042e-06 0)
(10.3885 -2.01545e-06 0)
(10.3885 -1.77403e-05 0)
(10.3886 -3.33252e-05 0)
(10.3886 -1.75558e-05 0)
(10.3885 -2.58109e-05 0)
(10.3885 -2.46174e-05 0)
(10.3884 -2.05445e-05 0)
(10.3884 -6.91345e-06 0)
(10.3884 9.74435e-06 0)
(10.3883 4.28107e-05 0)
(10.3884 7.11163e-05 0)
(10.3884 6.89565e-05 0)
(10.3884 6.10611e-05 0)
(10.3884 6.14319e-05 0)
(10.3885 2.05203e-05 0)
(10.3884 -9.50212e-06 0)
(10.3884 -1.54564e-05 0)
(10.3884 -1.1416e-05 0)
(10.3884 -1.6328e-05 0)
(10.3884 -1.27559e-05 0)
(10.3884 -1.35739e-05 0)
(10.3884 5.92501e-06 0)
(10.3884 1.29088e-05 0)
(10.3884 1.36597e-05 0)
(10.3884 5.02996e-06 0)
(10.3884 4.57951e-06 0)
(10.3884 1.83291e-06 0)
(10.3884 5.26568e-06 0)
(10.3884 1.21945e-05 0)
(10.3883 2.06358e-05 0)
(10.3883 1.93253e-05 0)
(10.3883 9.82112e-06 0)
(10.3884 -5.98449e-07 0)
(10.3884 -1.52668e-05 0)
(10.3884 -4.39199e-05 0)
(10.3884 -7.7832e-05 0)
(10.3884 -8.24103e-05 0)
(10.3884 -6.52609e-05 0)
(10.3884 -4.21885e-05 0)
(10.3884 -1.36149e-05 0)
(10.3884 4.80271e-06 0)
(10.3884 5.39468e-06 0)
(10.3884 1.48647e-06 0)
(10.3884 -3.41944e-06 0)
(10.3884 -2.31755e-06 0)
(10.3884 -3.64272e-06 0)
(10.3883 -1.27396e-06 0)
(10.3883 -3.07137e-06 0)
(10.3883 -1.37338e-06 0)
(10.3883 -4.13799e-06 0)
(10.3883 -2.84239e-06 0)
(10.3884 -5.97186e-06 0)
(10.3884 -4.40719e-06 0)
(10.3884 -6.91989e-06 0)
(10.3884 -4.65259e-06 0)
(10.3884 -5.07521e-06 0)
(10.3884 -2.9911e-06 0)
(10.3884 -2.556e-06 0)
(10.3884 -4.6957e-07 0)
(10.3884 -1.05118e-06 0)
(10.3884 9.49198e-07 0)
(10.3884 -6.77626e-07 0)
(10.3884 1.34413e-06 0)
(10.3884 -8.83681e-07 0)
(10.3884 1.05375e-06 0)
(10.3884 -1.32558e-06 0)
(10.3884 4.42665e-07 0)
(10.3884 -7.16082e-07 0)
(10.3884 4.11145e-07 0)
(10.3884 -2.23399e-07 0)
(10.3884 6.87064e-07 0)
(10.3884 -1.4141e-07 0)
(10.3884 6.3785e-07 0)
(10.3884 -2.62714e-07 0)
(10.3884 5.38907e-07 0)
(10.3884 -3.89764e-07 0)
(10.3884 5.47959e-07 0)
(10.3884 -3.33285e-07 0)
(10.3884 5.50803e-07 0)
(10.3884 -2.59349e-07 0)
(10.3884 6.70766e-07 0)
(10.3884 -1.75539e-07 0)
(10.3884 8.07107e-07 0)
(10.3884 -6.71681e-08 0)
(10.3884 8.21263e-07 0)
(10.3884 -6.86008e-08 0)
(10.3884 7.61613e-07 0)
(10.3884 -1.95185e-07 0)
(10.3884 6.00104e-07 0)
(10.3884 -3.73114e-07 0)
(10.3884 4.22697e-07 0)
(10.3884 -3.27367e-07 0)
(10.3884 1.20763e-06 0)
(10.3884 3.03352e-06 0)
(10.3884 1.26782e-05 0)
(10.3885 4.57051e-05 0)
(10.4981 5.58819e-05 0)
(10.4981 2.78621e-05 0)
(10.4981 5.95721e-06 0)
(10.4981 4.19393e-06 0)
(10.4981 -3.19932e-06 0)
(10.4981 -1.84699e-05 0)
(10.4982 -3.35262e-05 0)
(10.4982 -1.7626e-05 0)
(10.4981 -2.45438e-05 0)
(10.4981 -2.30632e-05 0)
(10.498 -1.92141e-05 0)
(10.498 -5.92634e-06 0)
(10.498 1.08281e-05 0)
(10.498 4.3037e-05 0)
(10.498 7.03624e-05 0)
(10.498 6.84628e-05 0)
(10.498 6.04755e-05 0)
(10.4981 5.98432e-05 0)
(10.4981 2.04469e-05 0)
(10.4981 -7.94593e-06 0)
(10.4981 -1.47654e-05 0)
(10.4981 -1.18701e-05 0)
(10.4981 -1.70608e-05 0)
(10.4981 -1.34452e-05 0)
(10.4981 -1.40408e-05 0)
(10.4981 6.08601e-06 0)
(10.4981 1.34747e-05 0)
(10.4981 1.41723e-05 0)
(10.4981 5.24623e-06 0)
(10.4981 4.86791e-06 0)
(10.498 1.95371e-06 0)
(10.498 5.43359e-06 0)
(10.498 1.24727e-05 0)
(10.498 2.11136e-05 0)
(10.498 1.9397e-05 0)
(10.498 9.62448e-06 0)
(10.498 -1.03598e-06 0)
(10.4981 -1.58639e-05 0)
(10.4981 -4.48914e-05 0)
(10.4981 -7.82066e-05 0)
(10.4981 -8.21093e-05 0)
(10.4981 -6.52999e-05 0)
(10.4981 -4.25089e-05 0)
(10.4981 -1.35485e-05 0)
(10.4981 5.41624e-06 0)
(10.4981 5.93799e-06 0)
(10.498 1.8775e-06 0)
(10.498 -3.00437e-06 0)
(10.498 -1.83598e-06 0)
(10.498 -3.14633e-06 0)
(10.498 -9.04633e-07 0)
(10.498 -2.82212e-06 0)
(10.498 -1.38836e-06 0)
(10.498 -4.34427e-06 0)
(10.498 -3.25228e-06 0)
(10.498 -6.4502e-06 0)
(10.498 -4.91949e-06 0)
(10.498 -7.33387e-06 0)
(10.498 -4.9444e-06 0)
(10.498 -5.25196e-06 0)
(10.498 -3.07591e-06 0)
(10.498 -2.58099e-06 0)
(10.498 -4.9309e-07 0)
(10.498 -1.05903e-06 0)
(10.498 9.16158e-07 0)
(10.498 -6.95937e-07 0)
(10.498 1.29576e-06 0)
(10.498 -9.07215e-07 0)
(10.4981 9.89478e-07 0)
(10.4981 -1.37461e-06 0)
(10.4981 3.94534e-07 0)
(10.4981 -7.48398e-07 0)
(10.4981 3.73765e-07 0)
(10.4981 -2.49559e-07 0)
(10.4981 6.47754e-07 0)
(10.4981 -1.7444e-07 0)
(10.4981 5.92164e-07 0)
(10.4981 -3.00683e-07 0)
(10.4981 4.908e-07 0)
(10.4981 -4.24265e-07 0)
(10.4981 5.05317e-07 0)
(10.4981 -3.59651e-07 0)
(10.4981 5.26732e-07 0)
(10.4981 -2.63486e-07 0)
(10.4981 6.65032e-07 0)
(10.4981 -1.60269e-07 0)
(10.4981 8.15026e-07 0)
(10.4981 -4.58333e-08 0)
(10.4981 8.33595e-07 0)
(10.4981 -5.10872e-08 0)
(10.4981 7.61841e-07 0)
(10.4981 -1.96316e-07 0)
(10.4981 5.78887e-07 0)
(10.4981 -3.97483e-07 0)
(10.4981 3.79723e-07 0)
(10.4981 -3.65241e-07 0)
(10.4981 1.17148e-06 0)
(10.4981 3.0657e-06 0)
(10.4981 1.28839e-05 0)
(10.4981 4.54277e-05 0)
(10.5955 5.56078e-05 0)
(10.5954 2.86002e-05 0)
(10.5954 6.18102e-06 0)
(10.5954 3.08528e-06 0)
(10.5955 -4.31536e-06 0)
(10.5955 -1.91915e-05 0)
(10.5955 -3.3668e-05 0)
(10.5955 -1.75797e-05 0)
(10.5955 -2.31716e-05 0)
(10.5954 -2.15529e-05 0)
(10.5954 -1.7951e-05 0)
(10.5954 -5.03035e-06 0)
(10.5953 1.17402e-05 0)
(10.5953 4.3064e-05 0)
(10.5953 6.94016e-05 0)
(10.5954 6.76969e-05 0)
(10.5954 5.95936e-05 0)
(10.5955 5.80896e-05 0)
(10.5955 2.02043e-05 0)
(10.5955 -6.53847e-06 0)
(10.5955 -1.41045e-05 0)
(10.5954 -1.23263e-05 0)
(10.5955 -1.77421e-05 0)
(10.5955 -1.41553e-05 0)
(10.5955 -1.45432e-05 0)
(10.5955 6.16498e-06 0)
(10.5955 1.39941e-05 0)
(10.5955 1.4615e-05 0)
(10.5955 5.42863e-06 0)
(10.5955 5.08598e-06 0)
(10.5955 2.01311e-06 0)
(10.5955 5.49733e-06 0)
(10.5955 1.26401e-05 0)
(10.5955 2.1479e-05 0)
(10.5955 1.9429e-05 0)
(10.5955 9.45218e-06 0)
(10.5955 -1.38541e-06 0)
(10.5955 -1.62979e-05 0)
(10.5955 -4.55918e-05 0)
(10.5955 -7.8344e-05 0)
(10.5955 -8.1677e-05 0)
(10.5955 -6.5237e-05 0)
(10.5955 -4.27348e-05 0)
(10.5955 -1.34062e-05 0)
(10.5955 6.09874e-06 0)
(10.5954 6.56357e-06 0)
(10.5954 2.36245e-06 0)
(10.5954 -2.47243e-06 0)
(10.5954 -1.25443e-06 0)
(10.5954 -2.55718e-06 0)
(10.5953 -4.73892e-07 0)
(10.5953 -2.53109e-06 0)
(10.5953 -1.39177e-06 0)
(10.5953 -4.52657e-06 0)
(10.5953 -3.68009e-06 0)
(10.5954 -6.89653e-06 0)
(10.5954 -5.39793e-06 0)
(10.5954 -7.67179e-06 0)
(10.5954 -5.18249e-06 0)
(10.5954 -5.35084e-06 0)
(10.5954 -3.10713e-06 0)
(10.5954 -2.56607e-06 0)
(10.5954 -4.99787e-07 0)
(10.5954 -1.04742e-06 0)
(10.5954 8.811e-07 0)
(10.5954 -7.06439e-07 0)
(10.5954 1.23836e-06 0)
(10.5954 -9.24906e-07 0)
(10.5954 9.14417e-07 0)
(10.5954 -1.41858e-06 0)
(10.5954 3.37243e-07 0)
(10.5954 -7.81416e-07 0)
(10.5954 3.26964e-07 0)
(10.5954 -2.80263e-07 0)
(10.5954 5.97039e-07 0)
(10.5954 -2.1207e-07 0)
(10.5954 5.36053e-07 0)
(10.5954 -3.42078e-07 0)
(10.5954 4.3343e-07 0)
(10.5954 -4.60369e-07 0)
(10.5954 4.54592e-07 0)
(10.5954 -3.86416e-07 0)
(10.5954 4.95936e-07 0)
(10.5954 -2.68025e-07 0)
(10.5954 6.53064e-07 0)
(10.5954 -1.44851e-07 0)
(10.5954 8.14844e-07 0)
(10.5954 -2.52582e-08 0)
(10.5954 8.37442e-07 0)
(10.5954 -3.61767e-08 0)
(10.5954 7.53548e-07 0)
(10.5954 -1.98985e-07 0)
(10.5954 5.48326e-07 0)
(10.5954 -4.23256e-07 0)
(10.5954 3.28855e-07 0)
(10.5954 -4.03934e-07 0)
(10.5954 1.128e-06 0)
(10.5954 3.08903e-06 0)
(10.5954 1.30497e-05 0)
(10.5954 4.50816e-05 0)
(10.6818 5.52911e-05 0)
(10.6818 2.93523e-05 0)
(10.6818 6.45601e-06 0)
(10.6818 2.05531e-06 0)
(10.6818 -5.37998e-06 0)
(10.6819 -1.9908e-05 0)
(10.6819 -3.37801e-05 0)
(10.6819 -1.74506e-05 0)
(10.6818 -2.17331e-05 0)
(10.6818 -2.0085e-05 0)
(10.6818 -1.67656e-05 0)
(10.6817 -4.23289e-06 0)
(10.6817 1.24806e-05 0)
(10.6817 4.28918e-05 0)
(10.6817 6.82421e-05 0)
(10.6818 6.6671e-05 0)
(10.6818 5.84553e-05 0)
(10.6819 5.62032e-05 0)
(10.6819 1.97993e-05 0)
(10.6819 -5.27807e-06 0)
(10.6819 -1.34949e-05 0)
(10.6819 -1.27974e-05 0)
(10.6819 -1.83808e-05 0)
(10.6819 -1.48829e-05 0)
(10.6819 -1.50777e-05 0)
(10.6819 6.17931e-06 0)
(10.6819 1.44789e-05 0)
(10.6819 1.50004e-05 0)
(10.6819 5.57475e-06 0)
(10.6819 5.2327e-06 0)
(10.6819 1.99855e-06 0)
(10.6819 5.47375e-06 0)
(10.6819 1.26957e-05 0)
(10.6819 2.17556e-05 0)
(10.6819 1.94404e-05 0)
(10.6819 9.32411e-06 0)
(10.6819 -1.63227e-06 0)
(10.6819 -1.65694e-05 0)
(10.6819 -4.60399e-05 0)
(10.6819 -7.82696e-05 0)
(10.6819 -8.11186e-05 0)
(10.6819 -6.51007e-05 0)
(10.6819 -4.28698e-05 0)
(10.6819 -1.31777e-05 0)
(10.6819 6.86945e-06 0)
(10.6818 7.28486e-06 0)
(10.6818 2.9471e-06 0)
(10.6818 -1.82719e-06 0)
(10.6818 -5.77875e-07 0)
(10.6818 -1.88461e-06 0)
(10.6817 1.72838e-08 0)
(10.6817 -2.19972e-06 0)
(10.6817 -1.3652e-06 0)
(10.6817 -4.69795e-06 0)
(10.6817 -4.09306e-06 0)
(10.6817 -7.30907e-06 0)
(10.6818 -5.83161e-06 0)
(10.6818 -7.93438e-06 0)
(10.6818 -5.35229e-06 0)
(10.6818 -5.37782e-06 0)
(10.6818 -3.08907e-06 0)
(10.6818 -2.51573e-06 0)
(10.6818 -4.87014e-07 0)
(10.6818 -1.01918e-06 0)
(10.6818 8.46243e-07 0)
(10.6818 -7.09784e-07 0)
(10.6818 1.1756e-06 0)
(10.6818 -9.37418e-07 0)
(10.6818 8.32135e-07 0)
(10.6818 -1.45857e-06 0)
(10.6818 2.73504e-07 0)
(10.6818 -8.15254e-07 0)
(10.6818 2.72483e-07 0)
(10.6818 -3.1494e-07 0)
(10.6818 5.37276e-07 0)
(10.6818 -2.53672e-07 0)
(10.6818 4.71695e-07 0)
(10.6818 -3.86248e-07 0)
(10.6818 3.6912e-07 0)
(10.6818 -4.97878e-07 0)
(10.6818 3.9802e-07 0)
(10.6818 -4.13653e-07 0)
(10.6818 4.60064e-07 0)
(10.6818 -2.73261e-07 0)
(10.6818 6.35714e-07 0)
(10.6818 -1.30578e-07 0)
(10.6818 8.08219e-07 0)
(10.6818 -6.63876e-09 0)
(10.6818 8.34064e-07 0)
(10.6818 -2.39837e-08 0)
(10.6818 7.37756e-07 0)
(10.6818 -2.03638e-07 0)
(10.6818 5.10638e-07 0)
(10.6818 -4.50313e-07 0)
(10.6818 2.72376e-07 0)
(10.6818 -4.43207e-07 0)
(10.6818 1.07877e-06 0)
(10.6818 3.1051e-06 0)
(10.6818 1.31833e-05 0)
(10.6818 4.46608e-05 0)
(10.7582 5.49039e-05 0)
(10.7582 3.00866e-05 0)
(10.7582 6.75506e-06 0)
(10.7582 1.08617e-06 0)
(10.7582 -6.40614e-06 0)
(10.7583 -2.06241e-05 0)
(10.7583 -3.38808e-05 0)
(10.7583 -1.72657e-05 0)
(10.7582 -2.02581e-05 0)
(10.7582 -1.8663e-05 0)
(10.7582 -1.56671e-05 0)
(10.7581 -3.54278e-06 0)
(10.7581 1.30517e-05 0)
(10.7581 4.2517e-05 0)
(10.7582 6.68906e-05 0)
(10.7582 6.54e-05 0)
(10.7583 5.70911e-05 0)
(10.7583 5.4157e-05 0)
(10.7584 1.93108e-05 0)
(10.7583 -4.17296e-06 0)
(10.7583 -1.29325e-05 0)
(10.7583 -1.32904e-05 0)
(10.7583 -1.89832e-05 0)
(10.7583 -1.562e-05 0)
(10.7584 -1.56376e-05 0)
(10.7584 6.14513e-06 0)
(10.7584 1.49427e-05 0)
(10.7584 1.53397e-05 0)
(10.7584 5.68639e-06 0)
(10.7584 5.30725e-06 0)
(10.7584 1.91065e-06 0)
(10.7584 5.36925e-06 0)
(10.7584 1.26464e-05 0)
(10.7584 2.19639e-05 0)
(10.7584 1.94536e-05 0)
(10.7584 9.25603e-06 0)
(10.7584 -1.76703e-06 0)
(10.7584 -1.66802e-05 0)
(10.7584 -4.62611e-05 0)
(10.7584 -7.80111e-05 0)
(10.7583 -8.04262e-05 0)
(10.7583 -6.48958e-05 0)
(10.7583 -4.29125e-05 0)
(10.7583 -1.28553e-05 0)
(10.7583 7.74011e-06 0)
(10.7583 8.10965e-06 0)
(10.7582 3.63206e-06 0)
(10.7582 -1.07455e-06 0)
(10.7582 1.86189e-07 0)
(10.7582 -1.13676e-06 0)
(10.7581 5.6305e-07 0)
(10.7581 -1.83137e-06 0)
(10.7581 -1.31812e-06 0)
(10.7581 -4.85018e-06 0)
(10.7581 -4.47533e-06 0)
(10.7581 -7.67169e-06 0)
(10.7582 -6.2111e-06 0)
(10.7582 -8.12057e-06 0)
(10.7582 -5.45198e-06 0)
(10.7582 -5.33693e-06 0)
(10.7582 -3.02822e-06 0)
(10.7582 -2.43128e-06 0)
(10.7582 -4.54756e-07 0)
(10.7582 -9.7582e-07 0)
(10.7582 8.13558e-07 0)
(10.7582 -7.0624e-07 0)
(10.7582 1.11019e-06 0)
(10.7582 -9.44875e-07 0)
(10.7582 7.45418e-07 0)
(10.7582 -1.49476e-06 0)
(10.7582 2.05449e-07 0)
(10.7582 -8.4954e-07 0)
(10.7582 2.12086e-07 0)
(10.7582 -3.5274e-07 0)
(10.7582 4.70776e-07 0)
(10.7582 -2.98112e-07 0)
(10.7582 4.01354e-07 0)
(10.7582 -4.32233e-07 0)
(10.7582 2.99921e-07 0)
(10.7582 -5.36118e-07 0)
(10.7582 3.37057e-07 0)
(10.7582 -4.41178e-07 0)
(10.7582 4.20128e-07 0)
(10.7582 -2.79474e-07 0)
(10.7582 6.1362e-07 0)
(10.7582 -1.18125e-07 0)
(10.7582 7.95744e-07 0)
(10.7582 9.47502e-09 0)
(10.7582 8.24145e-07 0)
(10.7582 -1.48687e-08 0)
(10.7582 7.15388e-07 0)
(10.7582 -2.10274e-07 0)
(10.7582 4.67563e-07 0)
(10.7582 -4.78091e-07 0)
(10.7582 2.12321e-07 0)
(10.7582 -4.82205e-07 0)
(10.7582 1.02605e-06 0)
(10.7582 3.1148e-06 0)
(10.7582 1.32942e-05 0)
(10.7582 4.41569e-05 0)
(10.8254 5.44211e-05 0)
(10.8254 3.07747e-05 0)
(10.8254 7.06388e-06 0)
(10.8254 1.49192e-07 0)
(10.8254 -7.41012e-06 0)
(10.8255 -2.13471e-05 0)
(10.8255 -3.39871e-05 0)
(10.8255 -1.70454e-05 0)
(10.8254 -1.87703e-05 0)
(10.8254 -1.72959e-05 0)
(10.8254 -1.46598e-05 0)
(10.8253 -2.9672e-06 0)
(10.8253 1.34561e-05 0)
(10.8253 4.19429e-05 0)
(10.8254 6.53568e-05 0)
(10.8254 6.39025e-05 0)
(10.8255 5.55237e-05 0)
(10.8256 5.19839e-05 0)
(10.8256 1.87696e-05 0)
(10.8256 -3.21315e-06 0)
(10.8256 -1.24152e-05 0)
(10.8256 -1.38046e-05 0)
(10.8256 -1.95574e-05 0)
(10.8256 -1.63574e-05 0)
(10.8256 -1.62173e-05 0)
(10.8256 6.07853e-06 0)
(10.8256 1.53974e-05 0)
(10.8256 1.56439e-05 0)
(10.8256 5.7643e-06 0)
(10.8256 5.31269e-06 0)
(10.8256 1.75142e-06 0)
(10.8256 5.17471e-06 0)
(10.8256 1.25212e-05 0)
(10.8256 2.21287e-05 0)
(10.8256 1.949e-05 0)
(10.8256 9.26096e-06 0)
(10.8256 -1.78488e-06 0)
(10.8256 -1.6634e-05 0)
(10.8256 -4.62819e-05 0)
(10.8256 -7.7594e-05 0)
(10.8256 -7.96228e-05 0)
(10.8256 -6.46093e-05 0)
(10.8255 -4.28695e-05 0)
(10.8255 -1.24347e-05 0)
(10.8255 8.71724e-06 0)
(10.8255 9.03611e-06 0)
(10.8255 4.41677e-06 0)
(10.8254 -2.23417e-07 0)
(10.8254 1.02905e-06 0)
(10.8254 -3.21913e-07 0)
(10.8254 1.15764e-06 0)
(10.8253 -1.43091e-06 0)
(10.8253 -1.25507e-06 0)
(10.8253 -4.97122e-06 0)
(10.8253 -4.81917e-06 0)
(10.8254 -7.98015e-06 0)
(10.8254 -6.52955e-06 0)
(10.8254 -8.23207e-06 0)
(10.8254 -5.47705e-06 0)
(10.8254 -5.23482e-06 0)
(10.8254 -2.92744e-06 0)
(10.8254 -2.31566e-06 0)
(10.8254 -4.03113e-07 0)
(10.8253 -9.18122e-07 0)
(10.8253 7.85022e-07 0)
(10.8254 -6.96307e-07 0)
(10.8254 1.04474e-06 0)
(10.8254 -9.47678e-07 0)
(10.8254 6.56875e-07 0)
(10.8254 -1.52751e-06 0)
(10.8254 1.3475e-07 0)
(10.8254 -8.84002e-07 0)
(10.8254 1.47579e-07 0)
(10.8254 -3.92793e-07 0)
(10.8254 3.99531e-07 0)
(10.8254 -3.44512e-07 0)
(10.8254 3.27051e-07 0)
(10.8254 -4.79256e-07 0)
(10.8254 2.2773e-07 0)
(10.8254 -5.74679e-07 0)
(10.8254 2.73506e-07 0)
(10.8254 -4.687e-07 0)
(10.8254 3.77093e-07 0)
(10.8254 -2.86799e-07 0)
(10.8254 5.87628e-07 0)
(10.8254 -1.08128e-07 0)
(10.8254 7.78351e-07 0)
(10.8254 2.26215e-08 0)
(10.8254 8.08845e-07 0)
(10.8254 -8.7792e-09 0)
(10.8254 6.87889e-07 0)
(10.8254 -2.18733e-07 0)
(10.8254 4.21021e-07 0)
(10.8254 -5.0591e-07 0)
(10.8254 1.50735e-07 0)
(10.8254 -5.20101e-07 0)
(10.8254 9.72047e-07 0)
(10.8254 3.11882e-06 0)
(10.8254 1.33845e-05 0)
(10.8254 4.35696e-05 0)
(10.884 5.38202e-05 0)
(10.884 3.13889e-05 0)
(10.884 7.3733e-06 0)
(10.884 -7.80763e-07 0)
(10.884 -8.40797e-06 0)
(10.8841 -2.20833e-05 0)
(10.8841 -3.41139e-05 0)
(10.8841 -1.68018e-05 0)
(10.8841 -1.72904e-05 0)
(10.884 -1.59893e-05 0)
(10.884 -1.37507e-05 0)
(10.884 -2.5101e-06 0)
(10.884 1.36967e-05 0)
(10.884 4.11817e-05 0)
(10.884 6.36507e-05 0)
(10.8841 6.22015e-05 0)
(10.8841 5.37824e-05 0)
(10.8842 4.97075e-05 0)
(10.8842 1.81576e-05 0)
(10.8842 -2.35442e-06 0)
(10.8842 -1.19295e-05 0)
(10.8842 -1.43337e-05 0)
(10.8842 -2.01152e-05 0)
(10.8843 -1.70897e-05 0)
(10.8843 -1.68101e-05 0)
(10.8843 5.99439e-06 0)
(10.8843 1.58559e-05 0)
(10.8843 1.59208e-05 0)
(10.8843 5.80626e-06 0)
(10.8843 5.25568e-06 0)
(10.8843 1.52977e-06 0)
(10.8843 4.89495e-06 0)
(10.8843 1.23399e-05 0)
(10.8843 2.22718e-05 0)
(10.8843 1.95677e-05 0)
(10.8843 9.34731e-06 0)
(10.8843 -1.68609e-06 0)
(10.8843 -1.64389e-05 0)
(10.8843 -4.6129e-05 0)
(10.8842 -7.70404e-05 0)
(10.8842 -7.87505e-05 0)
(10.8842 -6.42176e-05 0)
(10.8842 -4.2763e-05 0)
(10.8842 -1.19255e-05 0)
(10.8842 9.8007e-06 0)
(10.8841 1.00579e-05 0)
(10.8841 5.2965e-06 0)
(10.8841 7.14974e-07 0)
(10.884 1.94122e-06 0)
(10.884 5.51783e-07 0)
(10.884 1.7972e-06 0)
(10.884 -9.98769e-07 0)
(10.8839 -1.1718e-06 0)
(10.8839 -5.04863e-06 0)
(10.8839 -5.11803e-06 0)
(10.884 -8.23084e-06 0)
(10.884 -6.78002e-06 0)
(10.884 -8.27908e-06 0)
(10.884 -5.42766e-06 0)
(10.884 -5.07577e-06 0)
(10.884 -2.78774e-06 0)
(10.8839 -2.17214e-06 0)
(10.8839 -3.33278e-07 0)
(10.8839 -8.45946e-07 0)
(10.8839 7.62163e-07 0)
(10.8839 -6.80405e-07 0)
(10.8839 9.81247e-07 0)
(10.8839 -9.45948e-07 0)
(10.8839 5.68465e-07 0)
(10.884 -1.55676e-06 0)
(10.884 6.25116e-08 0)
(10.884 -9.17987e-07 0)
(10.884 8.05978e-08 0)
(10.884 -4.34184e-07 0)
(10.884 3.25532e-07 0)
(10.884 -3.91794e-07 0)
(10.884 2.50729e-07 0)
(10.884 -5.26312e-07 0)
(10.884 1.54274e-07 0)
(10.884 -6.12844e-07 0)
(10.884 2.08521e-07 0)
(10.884 -4.96057e-07 0)
(10.884 3.31664e-07 0)
(10.884 -2.95305e-07 0)
(10.884 5.58387e-07 0)
(10.884 -1.00789e-07 0)
(10.884 7.56598e-07 0)
(10.884 3.27087e-08 0)
(10.884 7.88633e-07 0)
(10.884 -5.08195e-09 0)
(10.884 6.56105e-07 0)
(10.884 -2.28577e-07 0)
(10.884 3.72423e-07 0)
(10.884 -5.33006e-07 0)
(10.884 8.93355e-08 0)
(10.884 -5.5595e-07 0)
(10.884 9.18386e-07 0)
(10.884 3.11769e-06 0)
(10.884 1.34565e-05 0)
(10.884 4.28963e-05 0)
(10.9345 5.30948e-05 0)
(10.9345 3.19061e-05 0)
(10.9345 7.67234e-06 0)
(10.9345 -1.729e-06 0)
(10.9345 -9.41313e-06 0)
(10.9345 -2.28392e-05 0)
(10.9346 -3.42752e-05 0)
(10.9346 -1.65407e-05 0)
(10.9345 -1.58381e-05 0)
(10.9345 -1.47483e-05 0)
(10.9345 -1.29437e-05 0)
(10.9344 -2.1737e-06 0)
(10.9344 1.37795e-05 0)
(10.9345 4.02466e-05 0)
(10.9345 6.17834e-05 0)
(10.9346 6.03252e-05 0)
(10.9346 5.18927e-05 0)
(10.9347 4.7353e-05 0)
(10.9348 1.74833e-05 0)
(10.9348 -1.5762e-06 0)
(10.9347 -1.14693e-05 0)
(10.9347 -1.48766e-05 0)
(10.9348 -2.06653e-05 0)
(10.9348 -1.7815e-05 0)
(10.9348 -1.74077e-05 0)
(10.9348 5.90702e-06 0)
(10.9348 1.63305e-05 0)
(10.9348 1.61672e-05 0)
(10.9348 5.8017e-06 0)
(10.9348 5.15942e-06 0)
(10.9348 1.25779e-06 0)
(10.9348 4.54028e-06 0)
(10.9348 1.212e-05 0)
(10.9348 2.24141e-05 0)
(10.9348 1.97015e-05 0)
(10.9348 9.52003e-06 0)
(10.9348 -1.47555e-06 0)
(10.9348 -1.61071e-05 0)
(10.9348 -4.58265e-05 0)
(10.9348 -7.63689e-05 0)
(10.9347 -7.78513e-05 0)
(10.9347 -6.37247e-05 0)
(10.9347 -4.25788e-05 0)
(10.9347 -1.13161e-05 0)
(10.9346 1.09836e-05 0)
(10.9346 1.11696e-05 0)
(10.9346 6.25879e-06 0)
(10.9345 1.7269e-06 0)
(10.9345 2.91264e-06 0)
(10.9345 1.47576e-06 0)
(10.9345 2.47768e-06 0)
(10.9344 -5.31687e-07 0)
(10.9344 -1.05603e-06 0)
(10.9344 -5.0839e-06 0)
(10.9344 -5.36525e-06 0)
(10.9344 -8.42337e-06 0)
(10.9344 -6.96035e-06 0)
(10.9344 -8.26185e-06 0)
(10.9344 -5.31891e-06 0)
(10.9344 -4.86729e-06 0)
(10.9344 -2.61323e-06 0)
(10.9344 -2.00402e-06 0)
(10.9344 -2.47718e-07 0)
(10.9344 -7.60109e-07 0)
(10.9344 7.46917e-07 0)
(10.9344 -6.58639e-07 0)
(10.9344 9.21218e-07 0)
(10.9344 -9.39975e-07 0)
(10.9344 4.81811e-07 0)
(10.9344 -1.58269e-06 0)
(10.9344 -9.79292e-09 0)
(10.9344 -9.51047e-07 0)
(10.9344 1.25932e-08 0)
(10.9344 -4.76023e-07 0)
(10.9344 2.50343e-07 0)
(10.9344 -4.39046e-07 0)
(10.9344 1.73974e-07 0)
(10.9344 -5.72598e-07 0)
(10.9344 8.10012e-08 0)
(10.9344 -6.50134e-07 0)
(10.9344 1.4342e-07 0)
(10.9344 -5.2333e-07 0)
(10.9344 2.84907e-07 0)
(10.9344 -3.05021e-07 0)
(10.9344 5.26538e-07 0)
(10.9344 -9.6473e-08 0)
(10.9344 7.31609e-07 0)
(10.9344 3.96804e-08 0)
(10.9344 7.64499e-07 0)
(10.9344 -3.6765e-09 0)
(10.9344 6.21579e-07 0)
(10.9344 -2.39222e-07 0)
(10.9344 3.23328e-07 0)
(10.9344 -5.58552e-07 0)
(10.9344 2.96576e-08 0)
(10.9344 -5.88959e-07 0)
(10.9344 8.66716e-07 0)
(10.9344 3.11198e-06 0)
(10.9344 1.3515e-05 0)
(10.9345 4.21329e-05 0)
(10.9772 5.22239e-05 0)
(10.9772 3.23334e-05 0)
(10.9772 7.94591e-06 0)
(10.9772 -2.69119e-06 0)
(10.9772 -1.04405e-05 0)
(10.9772 -2.36173e-05 0)
(10.9773 -3.44829e-05 0)
(10.9773 -1.62723e-05 0)
(10.9772 -1.44185e-05 0)
(10.9772 -1.35771e-05 0)
(10.9772 -1.22405e-05 0)
(10.9772 -1.95698e-06 0)
(10.9772 1.37002e-05 0)
(10.9772 3.91577e-05 0)
(10.9772 5.97592e-05 0)
(10.9773 5.83138e-05 0)
(10.9774 4.98813e-05 0)
(10.9774 4.4945e-05 0)
(10.9775 1.67577e-05 0)
(10.9775 -8.6277e-07 0)
(10.9775 -1.10401e-05 0)
(10.9775 -1.54449e-05 0)
(10.9775 -2.12054e-05 0)
(10.9775 -1.85282e-05 0)
(10.9775 -1.80061e-05 0)
(10.9775 5.82968e-06 0)
(10.9775 1.6835e-05 0)
(10.9775 1.63909e-05 0)
(10.9775 5.77985e-06 0)
(10.9775 5.02468e-06 0)
(10.9775 9.47025e-07 0)
(10.9776 4.12455e-06 0)
(10.9776 1.1878e-05 0)
(10.9776 2.25737e-05 0)
(10.9776 1.99012e-05 0)
(10.9776 9.77909e-06 0)
(10.9776 -1.16267e-06 0)
(10.9775 -1.56536e-05 0)
(10.9775 -4.53989e-05 0)
(10.9775 -7.5603e-05 0)
(10.9775 -7.69358e-05 0)
(10.9774 -6.31247e-05 0)
(10.9774 -4.23314e-05 0)
(10.9774 -1.06125e-05 0)
(10.9774 1.22582e-05 0)
(10.9773 1.23571e-05 0)
(10.9773 7.29233e-06 0)
(10.9773 2.79783e-06 0)
(10.9772 3.93198e-06 0)
(10.9772 2.44118e-06 0)
(10.9772 3.19308e-06 0)
(10.9771 -2.6482e-08 0)
(10.9771 -8.99177e-07 0)
(10.9771 -5.07493e-06 0)
(10.9771 -5.55851e-06 0)
(10.9771 -8.55672e-06 0)
(10.9771 -7.07391e-06 0)
(10.9771 -8.18752e-06 0)
(10.9771 -5.16065e-06 0)
(10.9771 -4.61767e-06 0)
(10.9771 -2.40902e-06 0)
(10.9771 -1.81515e-06 0)
(10.9771 -1.47967e-07 0)
(10.9771 -6.64278e-07 0)
(10.9771 7.40263e-07 0)
(10.9771 -6.3061e-07 0)
(10.9771 8.65397e-07 0)
(10.9771 -9.30003e-07 0)
(10.9771 3.98101e-07 0)
(10.9771 -1.60531e-06 0)
(10.9771 -8.10747e-08 0)
(10.9771 -9.82803e-07 0)
(10.9771 -5.51759e-08 0)
(10.9771 -5.17575e-07 0)
(10.9771 1.75486e-07 0)
(10.9771 -4.85386e-07 0)
(10.9771 9.8279e-08 0)
(10.9771 -6.17288e-07 0)
(10.9771 9.21656e-09 0)
(10.9771 -6.85897e-07 0)
(10.9771 7.90597e-08 0)
(10.9771 -5.50283e-07 0)
(10.9771 2.37552e-07 0)
(10.9771 -3.1591e-07 0)
(10.9771 4.92588e-07 0)
(10.9771 -9.47418e-08 0)
(10.9771 7.03644e-07 0)
(10.9771 4.3586e-08 0)
(10.9771 7.37273e-07 0)
(10.9771 -4.35821e-09 0)
(10.9771 5.85397e-07 0)
(10.9771 -2.50016e-07 0)
(10.9771 2.7489e-07 0)
(10.9771 -5.81781e-07 0)
(10.9771 -2.69814e-08 0)
(10.9771 -6.18373e-07 0)
(10.9771 8.1832e-07 0)
(10.9771 3.10202e-06 0)
(10.9771 1.35639e-05 0)
(10.9772 4.12766e-05 0)
(11.0124 5.12038e-05 0)
(11.0124 3.26713e-05 0)
(11.0124 8.1814e-06 0)
(11.0124 -3.66679e-06 0)
(11.0124 -1.14854e-05 0)
(11.0125 -2.44172e-05 0)
(11.0125 -3.47445e-05 0)
(11.0125 -1.60078e-05 0)
(11.0124 -1.30287e-05 0)
(11.0124 -1.24742e-05 0)
(11.0124 -1.16369e-05 0)
(11.0124 -1.85632e-06 0)
(11.0124 1.34553e-05 0)
(11.0124 3.79297e-05 0)
(11.0125 5.76048e-05 0)
(11.0125 5.61877e-05 0)
(11.0126 4.77719e-05 0)
(11.0127 4.25039e-05 0)
(11.0127 1.59907e-05 0)
(11.0127 -2.05225e-07 0)
(11.0127 -1.06495e-05 0)
(11.0127 -1.6037e-05 0)
(11.0127 -2.17398e-05 0)
(11.0128 -1.92274e-05 0)
(11.0128 -1.86006e-05 0)
(11.0128 5.77462e-06 0)
(11.0128 1.73834e-05 0)
(11.0128 1.66339e-05 0)
(11.0128 5.74079e-06 0)
(11.0128 4.85108e-06 0)
(11.0128 6.03388e-07 0)
(11.0128 3.66363e-06 0)
(11.0128 1.16267e-05 0)
(11.0128 2.2763e-05 0)
(11.0128 2.01724e-05 0)
(11.0128 1.01212e-05 0)
(11.0128 -7.58367e-07 0)
(11.0128 -1.50931e-05 0)
(11.0128 -4.48696e-05 0)
(11.0127 -7.47708e-05 0)
(11.0127 -7.59759e-05 0)
(11.0127 -6.24659e-05 0)
(11.0126 -4.20366e-05 0)
(11.0126 -9.8284e-06 0)
(11.0126 1.36251e-05 0)
(11.0125 1.36119e-05 0)
(11.0125 8.37577e-06 0)
(11.0125 3.91398e-06 0)
(11.0124 4.98816e-06 0)
(11.0124 3.4395e-06 0)
(11.0124 3.93699e-06 0)
(11.0124 5.19044e-07 0)
(11.0123 -6.94712e-07 0)
(11.0123 -5.0189e-06 0)
(11.0123 -5.69524e-06 0)
(11.0123 -8.62793e-06 0)
(11.0123 -7.12668e-06 0)
(11.0123 -8.06176e-06 0)
(11.0123 -4.96203e-06 0)
(11.0123 -4.33513e-06 0)
(11.0123 -2.18028e-06 0)
(11.0123 -1.6093e-06 0)
(11.0123 -3.58751e-08 0)
(11.0123 -5.59969e-07 0)
(11.0123 7.41318e-07 0)
(11.0123 -5.96847e-07 0)
(11.0123 8.14198e-07 0)
(11.0123 -9.16343e-07 0)
(11.0123 3.18098e-07 0)
(11.0123 -1.62469e-06 0)
(11.0123 -1.50592e-07 0)
(11.0123 -1.01296e-06 0)
(11.0123 -1.21774e-07 0)
(11.0123 -5.58224e-07 0)
(11.0123 1.01958e-07 0)
(11.0123 -5.3018e-07 0)
(11.0123 2.46403e-08 0)
(11.0123 -6.5981e-07 0)
(11.0123 -6.02042e-08 0)
(11.0123 -7.19786e-07 0)
(11.0123 1.61843e-08 0)
(11.0123 -5.76655e-07 0)
(11.0123 1.90221e-07 0)
(11.0123 -3.27941e-07 0)
(11.0123 4.56881e-07 0)
(11.0123 -9.55184e-08 0)
(11.0123 6.73151e-07 0)
(11.0123 4.45503e-08 0)
(11.0123 7.07826e-07 0)
(11.0123 -6.78368e-09 0)
(11.0123 5.48433e-07 0)
(11.0123 -2.60367e-07 0)
(11.0123 2.2812e-07 0)
(11.0123 -6.01894e-07 0)
(11.0123 -7.9531e-08 0)
(11.0123 -6.43619e-07 0)
(11.0123 7.74424e-07 0)
(11.0123 3.08824e-06 0)
(11.0123 1.36061e-05 0)
(11.0123 4.03285e-05 0)
(11.0403 5.00429e-05 0)
(11.0403 3.29043e-05 0)
(11.0403 8.3857e-06 0)
(11.0403 -4.665e-06 0)
(11.0403 -1.25451e-05 0)
(11.0404 -2.52384e-05 0)
(11.0404 -3.50634e-05 0)
(11.0404 -1.57566e-05 0)
(11.0404 -1.16672e-05 0)
(11.0403 -1.14339e-05 0)
(11.0403 -1.11289e-05 0)
(11.0403 -1.87628e-06 0)
(11.0403 1.30456e-05 0)
(11.0403 3.65651e-05 0)
(11.0404 5.53422e-05 0)
(11.0405 5.3955e-05 0)
(11.0406 4.55799e-05 0)
(11.0406 4.00415e-05 0)
(11.0407 1.51888e-05 0)
(11.0407 4.00702e-07 0)
(11.0407 -1.03006e-05 0)
(11.0407 -1.66542e-05 0)
(11.0407 -2.22705e-05 0)
(11.0407 -1.99087e-05 0)
(11.0407 -1.91844e-05 0)
(11.0407 5.7535e-06 0)
(11.0407 1.79872e-05 0)
(11.0407 1.69023e-05 0)
(11.0407 5.68374e-06 0)
(11.0407 4.64032e-06 0)
(11.0407 2.27969e-07 0)
(11.0407 3.16117e-06 0)
(11.0408 1.13738e-05 0)
(11.0408 2.29858e-05 0)
(11.0408 2.05197e-05 0)
(11.0407 1.05444e-05 0)
(11.0407 -2.70938e-07 0)
(11.0407 -1.44346e-05 0)
(11.0407 -4.42572e-05 0)
(11.0407 -7.38979e-05 0)
(11.0406 -7.49718e-05 0)
(11.0406 -6.17785e-05 0)
(11.0406 -4.16874e-05 0)
(11.0406 -8.96894e-06 0)
(11.0405 1.5068e-05 0)
(11.0405 1.49372e-05 0)
(11.0404 9.50009e-06 0)
(11.0404 5.06893e-06 0)
(11.0404 6.07708e-06 0)
(11.0403 4.46756e-06 0)
(11.0403 4.70947e-06 0)
(11.0403 1.10954e-06 0)
(11.0403 -4.3789e-07 0)
(11.0403 -4.90931e-06 0)
(11.0403 -5.77289e-06 0)
(11.0403 -8.62791e-06 0)
(11.0403 -7.12564e-06 0)
(11.0402 -7.88409e-06 0)
(11.0402 -4.73259e-06 0)
(11.0402 -4.02593e-06 0)
(11.0402 -1.92968e-06 0)
(11.0402 -1.38848e-06 0)
(11.0402 8.7905e-08 0)
(11.0402 -4.48659e-07 0)
(11.0402 7.49762e-07 0)
(11.0402 -5.58551e-07 0)
(11.0402 7.67553e-07 0)
(11.0402 -8.99415e-07 0)
(11.0402 2.42029e-07 0)
(11.0402 -1.64116e-06 0)
(11.0402 -2.18118e-07 0)
(11.0402 -1.04172e-06 0)
(11.0402 -1.86813e-07 0)
(11.0402 -5.97994e-07 0)
(11.0402 3.03585e-08 0)
(11.0402 -5.73256e-07 0)
(11.0402 -4.62924e-08 0)
(11.0402 -6.99869e-07 0)
(11.0402 -1.26624e-07 0)
(11.0402 -7.51659e-07 0)
(11.0402 -4.50022e-08 0)
(11.0402 -6.02431e-07 0)
(11.0402 1.43087e-07 0)
(11.0402 -3.41259e-07 0)
(11.0402 4.19633e-07 0)
(11.0402 -9.8839e-08 0)
(11.0402 6.40266e-07 0)
(11.0402 4.26846e-08 0)
(11.0402 6.766e-07 0)
(11.0402 -1.07896e-08 0)
(11.0402 5.1116e-07 0)
(11.0402 -2.70129e-07 0)
(11.0402 1.83572e-07 0)
(11.0402 -6.18677e-07 0)
(11.0402 -1.27254e-07 0)
(11.0402 -6.64452e-07 0)
(11.0402 7.35577e-07 0)
(11.0402 3.06993e-06 0)
(11.0402 1.36389e-05 0)
(11.0402 3.92881e-05 0)
(11.0611 4.87673e-05 0)
(11.0611 3.30283e-05 0)
(11.0611 8.55624e-06 0)
(11.0611 -5.69183e-06 0)
(11.0611 -1.36133e-05 0)
(11.0612 -2.60749e-05 0)
(11.0612 -3.54345e-05 0)
(11.0612 -1.55271e-05 0)
(11.0611 -1.03361e-05 0)
(11.0611 -1.04472e-05 0)
(11.0611 -1.07173e-05 0)
(11.0611 -2.03459e-06 0)
(11.0611 1.24582e-05 0)
(11.0611 3.5053e-05 0)
(11.0612 5.29896e-05 0)
(11.0613 5.16311e-05 0)
(11.0614 4.33261e-05 0)
(11.0614 3.75744e-05 0)
(11.0615 1.43656e-05 0)
(11.0615 9.62876e-07 0)
(11.0615 -9.99008e-06 0)
(11.0615 -1.72966e-05 0)
(11.0615 -2.28032e-05 0)
(11.0615 -2.05693e-05 0)
(11.0615 -1.97442e-05 0)
(11.0615 5.77665e-06 0)
(11.0615 1.86514e-05 0)
(11.0615 1.71883e-05 0)
(11.0615 5.62491e-06 0)
(11.0615 4.39014e-06 0)
(11.0615 -1.79928e-07 0)
(11.0616 2.61647e-06 0)
(11.0616 1.11218e-05 0)
(11.0616 2.32397e-05 0)
(11.0616 2.09505e-05 0)
(11.0615 1.10425e-05 0)
(11.0615 2.87695e-07 0)
(11.0615 -1.36856e-05 0)
(11.0615 -4.35827e-05 0)
(11.0614 -7.30041e-05 0)
(11.0614 -7.39009e-05 0)
(11.0614 -6.11095e-05 0)
(11.0614 -4.12903e-05 0)
(11.0613 -8.0414e-06 0)
(11.0613 1.65817e-05 0)
(11.0613 1.6322e-05 0)
(11.0612 1.06635e-05 0)
(11.0612 6.26223e-06 0)
(11.0611 7.20057e-06 0)
(11.0611 5.52887e-06 0)
(11.0611 5.51945e-06 0)
(11.0611 1.75196e-06 0)
(11.061 -1.20359e-07 0)
(11.061 -4.74031e-06 0)
(11.061 -5.78985e-06 0)
(11.061 -8.56066e-06 0)
(11.061 -7.07504e-06 0)
(11.061 -7.66253e-06 0)
(11.061 -4.47254e-06 0)
(11.061 -3.69295e-06 0)
(11.061 -1.65669e-06 0)
(11.061 -1.152e-06 0)
(11.061 2.26347e-07 0)
(11.061 -3.27944e-07 0)
(11.061 7.67147e-07 0)
(11.061 -5.16933e-07 0)
(11.061 7.24849e-07 0)
(11.061 -8.80157e-07 0)
(11.061 1.69363e-07 0)
(11.061 -1.65549e-06 0)
(11.061 -2.84195e-07 0)
(11.061 -1.06959e-06 0)
(11.061 -2.50454e-07 0)
(11.061 -6.36916e-07 0)
(11.061 -3.94605e-08 0)
(11.061 -6.14616e-07 0)
(11.061 -1.14443e-07 0)
(11.061 -7.37405e-07 0)
(11.061 -1.89765e-07 0)
(11.061 -7.81918e-07 0)
(11.061 -1.0443e-07 0)
(11.061 -6.27566e-07 0)
(11.061 9.61326e-08 0)
(11.061 -3.55888e-07 0)
(11.061 3.80948e-07 0)
(11.061 -1.0505e-07 0)
(11.061 6.05084e-07 0)
(11.061 3.79765e-08 0)
(11.061 6.43875e-07 0)
(11.061 -1.62921e-08 0)
(11.061 4.74045e-07 0)
(11.061 -2.79451e-07 0)
(11.061 1.41752e-07 0)
(11.061 -6.31883e-07 0)
(11.061 -1.70033e-07 0)
(11.061 -6.80687e-07 0)
(11.061 7.0021e-07 0)
(11.061 3.0456e-06 0)
(11.061 1.36438e-05 0)
(11.061 3.81533e-05 0)
(11.0748 4.74715e-05 0)
(11.0748 3.30944e-05 0)
(11.0748 8.67349e-06 0)
(11.0748 -6.77975e-06 0)
(11.0749 -1.46861e-05 0)
(11.0749 -2.68857e-05 0)
(11.0749 -3.58078e-05 0)
(11.0749 -1.52941e-05 0)
(11.0749 -9.0044e-06 0)
(11.0749 -9.47154e-06 0)
(11.0748 -1.03255e-05 0)
(11.0748 -2.26677e-06 0)
(11.0749 1.17875e-05 0)
(11.0749 3.35089e-05 0)
(11.075 5.07065e-05 0)
(11.075 4.94208e-05 0)
(11.0751 4.11971e-05 0)
(11.0752 3.5266e-05 0)
(11.0753 1.3644e-05 0)
(11.0753 1.56139e-06 0)
(11.0752 -9.68999e-06 0)
(11.0753 -1.7964e-05 0)
(11.0753 -2.33599e-05 0)
(11.0753 -2.12186e-05 0)
(11.0753 -2.02649e-05 0)
(11.0753 5.86262e-06 0)
(11.0753 1.93848e-05 0)
(11.0753 1.75374e-05 0)
(11.0753 5.60632e-06 0)
(11.0753 4.1522e-06 0)
(11.0753 -5.70531e-07 0)
(11.0753 2.08958e-06 0)
(11.0753 1.09152e-05 0)
(11.0753 2.35565e-05 0)
(11.0753 2.14733e-05 0)
(11.0753 1.15849e-05 0)
(11.0753 8.49057e-07 0)
(11.0753 -1.29631e-05 0)
(11.0752 -4.29772e-05 0)
(11.0752 -7.22456e-05 0)
(11.0752 -7.29256e-05 0)
(11.0751 -6.06104e-05 0)
(11.0751 -4.09522e-05 0)
(11.0751 -7.12335e-06 0)
(11.0751 1.80812e-05 0)
(11.075 1.76737e-05 0)
(11.075 1.17654e-05 0)
(11.0749 7.38231e-06 0)
(11.0749 8.24912e-06 0)
(11.0749 6.5272e-06 0)
(11.0748 6.29412e-06 0)
(11.0748 2.39019e-06 0)
(11.0748 2.20657e-07 0)
(11.0748 -4.53379e-06 0)
(11.0748 -5.76622e-06 0)
(11.0748 -8.45917e-06 0)
(11.0748 -7.00055e-06 0)
(11.0748 -7.43713e-06 0)
(11.0748 -4.22188e-06 0)
(11.0747 -3.37414e-06 0)
(11.0747 -1.3908e-06 0)
(11.0747 -9.21921e-07 0)
(11.0747 3.63759e-07 0)
(11.0747 -2.06551e-07 0)
(11.0747 7.88997e-07 0)
(11.0747 -4.73191e-07 0)
(11.0747 6.85524e-07 0)
(11.0747 -8.58211e-07 0)
(11.0747 1.02703e-07 0)
(11.0747 -1.6651e-06 0)
(11.0747 -3.44022e-07 0)
(11.0747 -1.09217e-06 0)
(11.0747 -3.07415e-07 0)
(11.0747 -6.70024e-07 0)
(11.0747 -1.02457e-07 0)
(11.0747 -6.49227e-07 0)
(11.0747 -1.74949e-07 0)
(11.0747 -7.6794e-07 0)
(11.0747 -2.45133e-07 0)
(11.0747 -8.07255e-07 0)
(11.0747 -1.57904e-07 0)
(11.0747 -6.48045e-07 0)
(11.0747 5.31354e-08 0)
(11.0747 -3.68933e-07 0)
(11.0747 3.44129e-07 0)
(11.0747 -1.12159e-07 0)
(11.0747 5.70473e-07 0)
(11.0747 3.29606e-08 0)
(11.0747 6.12352e-07 0)
(11.0747 -2.07386e-08 0)
(11.0747 4.39574e-07 0)
(11.0747 -2.86157e-07 0)
(11.0747 1.04989e-07 0)
(11.0747 -6.39067e-07 0)
(11.0747 -2.06074e-07 0)
(11.0747 -6.90109e-07 0)
(11.0747 6.67973e-07 0)
(11.0747 3.0194e-06 0)
(11.0747 1.35967e-05 0)
(11.0748 3.69553e-05 0)
(11.0816 4.60316e-05 0)
(11.0816 3.3386e-05 0)
(11.0816 9.17687e-06 0)
(11.0816 -7.70196e-06 0)
(11.0816 -1.57387e-05 0)
(11.0817 -2.7715e-05 0)
(11.0817 -3.65238e-05 0)
(11.0817 -1.53455e-05 0)
(11.0817 -7.74869e-06 0)
(11.0816 -8.60188e-06 0)
(11.0816 -1.00521e-05 0)
(11.0816 -2.56644e-06 0)
(11.0817 1.10078e-05 0)
(11.0817 3.19607e-05 0)
(11.0818 4.8588e-05 0)
(11.0818 4.73334e-05 0)
(11.0819 3.89969e-05 0)
(11.082 3.26898e-05 0)
(11.082 1.26072e-05 0)
(11.082 1.88858e-06 0)
(11.082 -9.58557e-06 0)
(11.082 -1.87073e-05 0)
(11.0821 -2.38222e-05 0)
(11.0821 -2.18241e-05 0)
(11.0821 -2.08549e-05 0)
(11.0821 5.95804e-06 0)
(11.0821 2.01908e-05 0)
(11.0821 1.78382e-05 0)
(11.0821 5.53061e-06 0)
(11.0821 3.8988e-06 0)
(11.0821 -1.00214e-06 0)
(11.0821 1.48735e-06 0)
(11.0821 1.07561e-05 0)
(11.0821 2.40144e-05 0)
(11.0821 2.2077e-05 0)
(11.0821 1.22006e-05 0)
(11.0821 1.54937e-06 0)
(11.082 -1.20195e-05 0)
(11.082 -4.1904e-05 0)
(11.082 -7.11753e-05 0)
(11.082 -7.2008e-05 0)
(11.0819 -6.02882e-05 0)
(11.0819 -4.07691e-05 0)
(11.0819 -6.25501e-06 0)
(11.0818 1.9551e-05 0)
(11.0818 1.8988e-05 0)
(11.0818 1.2902e-05 0)
(11.0817 8.56944e-06 0)
(11.0817 9.32918e-06 0)
(11.0816 7.5174e-06 0)
(11.0816 7.03743e-06 0)
(11.0816 2.98894e-06 0)
(11.0816 5.35931e-07 0)
(11.0816 -4.33013e-06 0)
(11.0816 -5.70982e-06 0)
(11.0816 -8.29313e-06 0)
(11.0815 -6.85053e-06 -1.52322e-35)
(11.0815 -7.14638e-06 0)
(11.0815 -3.92869e-06 0)
(11.0815 -3.03937e-06 0)
(11.0815 -1.13404e-06 0)
(11.0815 -7.07468e-07 0)
(11.0815 4.88113e-07 0)
(11.0815 -1.05991e-07 0)
(11.0815 7.94679e-07 0)
(11.0815 -4.37452e-07 0)
(11.0815 6.47503e-07 0)
(11.0815 -8.29883e-07 0)
(11.0815 4.39634e-08 -1.23802e-35)
(11.0815 -1.67008e-06 -1.21825e-35)
(11.0815 -3.99964e-07 0)
(11.0815 -1.11313e-06 1.16891e-35)
(11.0815 -3.64633e-07 0)
(11.0815 -7.0486e-07 1.10639e-35)
(11.0815 -1.64442e-07 0)
(11.0815 -6.85143e-07 -1.04128e-35)
(11.0815 -2.3265e-07 0)
(11.0815 -7.97973e-07 0)
(11.0815 -2.99732e-07 0)
(11.0815 -8.27721e-07 -9.16079e-36)
(11.0815 -2.11328e-07 0)
(11.0815 -6.72355e-07 0)
(11.0815 9.75417e-09 0)
(11.0815 -3.87222e-07 0)
(11.0815 3.02846e-07 0)
(11.0815 -1.21772e-07 0)
(11.0815 5.31692e-07 0)
(11.0815 2.39165e-08 0)
(11.0815 5.78895e-07 0)
(11.0815 -2.69493e-08 0)
(11.0815 4.0414e-07 0)
(11.0815 -2.92483e-07 -5.66449e-36)
(11.0815 7.09869e-08 0)
(11.0815 -6.44014e-07 0)
(11.0815 -2.34179e-07 -4.76237e-36)
(11.0815 -6.97193e-07 0)
(11.0815 6.59257e-07 8.2968e-36)
(11.0815 2.99698e-06 0)
(11.0815 1.37393e-05 0)
(11.0815 3.57463e-05 0)
(11.0814 4.48418e-05 0)
(11.0814 3.34663e-05 0)
(11.0814 9.32885e-06 0)
(11.0815 -8.47683e-06 0)
(11.0815 -1.66889e-05 0)
(11.0815 -2.89399e-05 0)
(11.0815 -3.71924e-05 0)
(11.0816 -1.51927e-05 0)
(11.0815 -6.60961e-06 0)
(11.0815 -7.96308e-06 0)
(11.0815 -9.98695e-06 0)
(11.0815 -3.03039e-06 0)
(11.0815 1.021e-05 0)
(11.0815 3.0324e-05 0)
(11.0816 4.60308e-05 0)
(11.0817 4.46522e-05 0)
(11.0818 3.65209e-05 0)
(11.0818 3.03167e-05 0)
(11.0819 1.18482e-05 0)
(11.0819 2.48017e-06 0)
(11.0819 -9.31767e-06 0)
(11.0819 -1.94681e-05 0)
(11.0819 -2.44599e-05 0)
(11.0819 -2.2574e-05 0)
(11.082 -2.14753e-05 0)
(11.082 5.99623e-06 0)
(11.0819 2.08661e-05 0)
(11.0819 1.80753e-05 0)
(11.0819 5.38176e-06 0)
(11.0819 3.54059e-06 0)
(11.0819 -1.39555e-06 0)
(11.082 1.06833e-06 0)
(11.082 1.066e-05 0)
(11.082 2.44092e-05 0)
(11.0819 2.27519e-05 0)
(11.0819 1.28703e-05 0)
(11.0819 2.13713e-06 0)
(11.0819 -1.13471e-05 0)
(11.0819 -4.1399e-05 0)
(11.0818 -7.02672e-05 0)
(11.0818 -7.04381e-05 0)
(11.0818 -5.91496e-05 0)
(11.0818 -4.01098e-05 0)
(11.0817 -5.15404e-06 0)
(11.0817 2.11832e-05 0)
(11.0816 2.03291e-05 0)
(11.0816 1.3804e-05 0)
(11.0816 9.53696e-06 0)
(11.0815 1.03536e-05 0)
(11.0815 8.60915e-06 0)
(11.0815 7.97581e-06 0)
(11.0814 3.83866e-06 0)
(11.0814 1.10263e-06 0)
(11.0814 -3.91919e-06 0)
(11.0814 -5.51294e-06 0)
(11.0814 -8.073e-06 0)
(11.0814 -6.70224e-06 1.52306e-35)
(11.0814 -6.87876e-06 0)
(11.0814 -3.64685e-06 0)
(11.0814 -2.68273e-06 0)
(11.0814 -8.09932e-07 0)
(11.0813 -4.18472e-07 0)
(11.0813 6.78483e-07 0)
(11.0813 6.03167e-08 0)
(11.0813 8.5425e-07 0)
(11.0813 -3.70975e-07 0)
(11.0813 6.18366e-07 0)
(11.0813 -8.11454e-07 0)
(11.0813 -2.30901e-08 1.23789e-35)
(11.0813 -1.68339e-06 1.21812e-35)
(11.0813 -4.66734e-07 0)
(11.0813 -1.14574e-06 -1.16878e-35)
(11.0813 -4.26809e-07 0)
(11.0813 -7.42524e-07 -1.10627e-35)
(11.0813 -2.29085e-07 0)
(11.0813 -7.20997e-07 1.04117e-35)
(11.0813 -2.92538e-07 0)
(11.0813 -8.29833e-07 0)
(11.0813 -3.53491e-07 0)
(11.0813 -8.57316e-07 9.15979e-36)
(11.0813 -2.65995e-07 0)
(11.0814 -6.94882e-07 0)
(11.0814 -3.75535e-08 0)
(11.0814 -4.05587e-07 0)
(11.0814 2.62061e-07 0)
(11.0814 -1.37091e-07 0)
(11.0814 4.91686e-07 0)
(11.0814 1.15858e-08 0)
(11.0814 5.42064e-07 0)
(11.0814 -3.78055e-08 0)
(11.0814 3.69004e-07 0)
(11.0814 -2.99629e-07 5.66387e-36)
(11.0814 3.85451e-08 0)
(11.0814 -6.4708e-07 0)
(11.0814 -2.62356e-07 4.76185e-36)
(11.0814 -6.99512e-07 0)
(11.0814 6.15906e-07 -8.29589e-36)
(11.0814 2.97464e-06 0)
(11.0814 1.35779e-05 0)
(11.0814 3.44962e-05 0)
(11.0744 4.35708e-05 0)
(11.0744 3.36186e-05 0)
(11.0744 9.49551e-06 0)
(11.0744 -9.48873e-06 0)
(11.0744 -1.77831e-05 0)
(11.0744 -2.99017e-05 0)
(11.0745 -3.77938e-05 0)
(11.0745 -1.50205e-05 0)
(11.0744 -5.32256e-06 0)
(11.0744 -7.23407e-06 0)
(11.0744 -9.84391e-06 0)
(11.0744 -3.37964e-06 0)
(11.0744 9.45823e-06 0)
(11.0745 2.87662e-05 0)
(11.0745 4.36954e-05 0)
(11.0746 4.22756e-05 0)
(11.0747 3.43042e-05 0)
(11.0748 2.80246e-05 0)
(11.0748 1.1014e-05 0)
(11.0748 2.96847e-06 0)
(11.0748 -9.19717e-06 0)
(11.0748 -2.03227e-05 0)
(11.0748 -2.50194e-05 0)
(11.0749 -2.32049e-05 0)
(11.0749 -2.20527e-05 0)
(11.0749 6.19148e-06 0)
(11.0749 2.18178e-05 0)
(11.0748 1.84772e-05 0)
(11.0748 5.33722e-06 0)
(11.0748 3.30922e-06 0)
(11.0749 -1.71949e-06 0)
(11.0749 6.38357e-07 0)
(11.0749 1.05861e-05 0)
(11.0749 2.4873e-05 0)
(11.0749 2.34422e-05 0)
(11.0748 1.35506e-05 0)
(11.0748 2.7703e-06 0)
(11.0748 -1.06909e-05 0)
(11.0748 -4.08885e-05 0)
(11.0747 -6.96015e-05 0)
(11.0747 -6.93893e-05 0)
(11.0747 -5.839e-05 0)
(11.0747 -3.96999e-05 0)
(11.0746 -4.15997e-06 0)
(11.0746 2.27808e-05 0)
(11.0746 2.16174e-05 0)
(11.0745 1.46567e-05 0)
(11.0745 1.04111e-05 0)
(11.0745 1.1209e-05 0)
(11.0744 9.49771e-06 0)
(11.0744 8.72979e-06 0)
(11.0744 4.52102e-06 0)
(11.0744 1.56474e-06 0)
(11.0743 -3.54822e-06 0)
(11.0743 -5.29278e-06 0)
(11.0743 -7.80697e-06 0)
(11.0743 -6.5064e-06 0)
(11.0743 -6.5907e-06 0)
(11.0743 -3.38197e-06 0)
(11.0743 -2.37397e-06 0)
(11.0743 -5.5378e-07 0)
(11.0743 -1.89821e-07 0)
(11.0743 8.2011e-07 0)
(11.0743 1.82363e-07 0)
(11.0743 8.84462e-07 0)
(11.0743 -3.21471e-07 0)
(11.0743 5.8938e-07 0)
(11.0743 -7.85636e-07 0)
(11.0743 -7.89588e-08 0)
(11.0743 -1.68691e-06 0)
(11.0743 -5.23376e-07 0)
(11.0743 -1.16778e-06 0)
(11.0743 -4.78379e-07 0)
(11.0743 -7.70884e-07 0)
(11.0743 -2.8228e-07 0)
(11.0743 -7.48647e-07 0)
(11.0743 -3.41041e-07 0)
(11.0743 -8.52419e-07 0)
(11.0743 -3.98033e-07 0)
(11.0743 -8.74286e-07 0)
(11.0743 -3.11529e-07 0)
(11.0743 -7.14712e-07 0)
(11.0743 -7.84236e-08 0)
(11.0743 -4.23828e-07 0)
(11.0743 2.21443e-07 0)
(11.0743 -1.51556e-07 0)
(11.0743 4.51037e-07 0)
(11.0743 -2.09107e-09 0)
(11.0743 5.06548e-07 0)
(11.0743 -4.63359e-08 0)
(11.0743 3.37724e-07 0)
(11.0743 -3.00976e-07 0)
(11.0743 1.3968e-08 0)
(11.0743 -6.43045e-07 0)
(11.0743 -2.78732e-07 0)
(11.0743 -6.93339e-07 0)
(11.0743 6.0136e-07 0)
(11.0743 2.96242e-06 0)
(11.0743 1.36147e-05 0)
(11.0743 3.33507e-05 0)
(11.0603 4.23324e-05 0)
(11.0603 3.37829e-05 0)
(11.0603 9.54084e-06 0)
(11.0603 -1.06264e-05 0)
(11.0604 -1.89843e-05 0)
(11.0604 -3.06797e-05 0)
(11.0604 -3.8304e-05 0)
(11.0604 -1.47702e-05 0)
(11.0604 -3.93905e-06 0)
(11.0604 -6.41989e-06 0)
(11.0604 -9.65531e-06 0)
(11.0604 -3.73178e-06 0)
(11.0604 8.66635e-06 0)
(11.0604 2.71697e-05 0)
(11.0605 4.13951e-05 0)
(11.0606 3.99771e-05 0)
(11.0606 3.2194e-05 0)
(11.0607 2.58571e-05 0)
(11.0608 1.02338e-05 0)
(11.0608 3.49725e-06 0)
(11.0608 -9.08994e-06 0)
(11.0608 -2.12046e-05 0)
(11.0608 -2.55941e-05 0)
(11.0608 -2.37951e-05 0)
(11.0608 -2.25875e-05 0)
(11.0608 6.46095e-06 0)
(11.0608 2.28991e-05 0)
(11.0608 1.90137e-05 0)
(11.0608 5.35277e-06 0)
(11.0608 3.10011e-06 0)
(11.0608 -2.01864e-06 0)
(11.0608 1.99531e-07 0)
(11.0608 1.04861e-05 0)
(11.0608 2.53328e-05 0)
(11.0608 2.41496e-05 0)
(11.0608 1.42225e-05 0)
(11.0608 3.3639e-06 0)
(11.0607 -1.00691e-05 0)
(11.0607 -4.04931e-05 0)
(11.0607 -6.91389e-05 0)
(11.0607 -6.8545e-05 0)
(11.0606 -5.77409e-05 0)
(11.0606 -3.93479e-05 0)
(11.0606 -3.19966e-06 0)
(11.0606 2.43898e-05 0)
(11.0605 2.29188e-05 0)
(11.0605 1.54873e-05 0)
(11.0605 1.12414e-05 0)
(11.0604 1.20139e-05 0)
(11.0604 1.03414e-05 0)
(11.0604 9.45402e-06 0)
(11.0604 5.18594e-06 0)
(11.0603 2.0308e-06 0)
(11.0603 -3.1665e-06 0)
(11.0603 -5.0558e-06 0)
(11.0603 -7.53831e-06 0)
(11.0603 -6.31186e-06 0)
(11.0603 -6.31207e-06 0)
(11.0603 -3.1317e-06 0)
(11.0603 -2.08115e-06 0)
(11.0602 -3.10995e-07 0)
(11.0602 3.08582e-08 0)
(11.0602 9.56792e-07 0)
(11.0602 2.99286e-07 0)
(11.0602 9.14038e-07 0)
(11.0602 -2.76901e-07 0)
(11.0602 5.59995e-07 0)
(11.0602 -7.62274e-07 0)
(11.0602 -1.33379e-07 0)
(11.0602 -1.68895e-06 0)
(11.0602 -5.7865e-07 0)
(11.0602 -1.18887e-06 0)
(11.0602 -5.26744e-07 0)
(11.0602 -7.97106e-07 0)
(11.0602 -3.32462e-07 0)
(11.0602 -7.73832e-07 0)
(11.0602 -3.86253e-07 0)
(11.0602 -8.72311e-07 0)
(11.0602 -4.38651e-07 0)
(11.0602 -8.88809e-07 0)
(11.0602 -3.53815e-07 0)
(11.0602 -7.32862e-07 0)
(11.0602 -1.1781e-07 0)
(11.0602 -4.41222e-07 0)
(11.0602 1.81579e-07 0)
(11.0602 -1.67009e-07 0)
(11.0602 4.10819e-07 0)
(11.0602 -1.67516e-08 0)
(11.0602 4.71585e-07 0)
(11.0602 -5.46552e-08 0)
(11.0602 3.08405e-07 0)
(11.0603 -3.01461e-07 0)
(11.0603 -7.50415e-09 0)
(11.0603 -6.37704e-07 0)
(11.0603 -2.92247e-07 0)
(11.0603 -6.84e-07 0)
(11.0603 5.88476e-07 0)
(11.0603 2.94084e-06 0)
(11.0603 1.36035e-05 0)
(11.0603 3.22195e-05 0)
(11.0393 4.11513e-05 0)
(11.0393 3.41584e-05 0)
(11.0393 9.61185e-06 0)
(11.0393 -1.1662e-05 0)
(11.0393 -2.01785e-05 0)
(11.0393 -3.14976e-05 0)
(11.0394 -3.8922e-05 0)
(11.0394 -1.4577e-05 0)
(11.0393 -2.57217e-06 0)
(11.0393 -5.63439e-06 0)
(11.0393 -9.53219e-06 0)
(11.0393 -4.16744e-06 0)
(11.0393 7.77683e-06 0)
(11.0394 2.54978e-05 0)
(11.0394 3.9079e-05 0)
(11.0395 3.76415e-05 0)
(11.0396 3.00246e-05 0)
(11.0396 2.3645e-05 0)
(11.0397 9.3872e-06 0)
(11.0397 3.97554e-06 0)
(11.0397 -9.04006e-06 0)
(11.0397 -2.21556e-05 0)
(11.0397 -2.6195e-05 0)
(11.0398 -2.43927e-05 0)
(11.0398 -2.31284e-05 0)
(11.0398 6.75886e-06 0)
(11.0398 2.4048e-05 0)
(11.0397 1.95869e-05 0)
(11.0397 5.37047e-06 0)
(11.0397 2.87531e-06 0)
(11.0397 -2.33175e-06 0)
(11.0397 -2.58252e-07 0)
(11.0397 1.04049e-05 0)
(11.0397 2.58569e-05 0)
(11.0397 2.49205e-05 0)
(11.0397 1.49113e-05 0)
(11.0397 3.94118e-06 0)
(11.0397 -9.43151e-06 0)
(11.0396 -4.00544e-05 0)
(11.0396 -6.86374e-05 0)
(11.0396 -6.76779e-05 0)
(11.0396 -5.70705e-05 0)
(11.0396 -3.90209e-05 0)
(11.0395 -2.26296e-06 0)
(11.0395 2.59787e-05 0)
(11.0395 2.4186e-05 0)
(11.0394 1.62682e-05 0)
(11.0394 1.20414e-05 0)
(11.0394 1.28114e-05 0)
(11.0394 1.12009e-05 0)
(11.0393 1.02149e-05 0)
(11.0393 5.91292e-06 0)
(11.0393 2.56913e-06 0)
(11.0393 -2.71496e-06 0)
(11.0393 -4.75611e-06 0)
(11.0392 -7.23217e-06 0)
(11.0392 -6.09398e-06 0)
(11.0392 -6.02228e-06 0)
(11.0392 -2.8769e-06 0)
(11.0392 -1.78345e-06 0)
(11.0392 -5.76748e-08 0)
(11.0392 2.59411e-07 0)
(11.0392 1.10415e-06 0)
(11.0392 4.23339e-07 0)
(11.0392 9.50469e-07 0)
(11.0392 -2.33029e-07 0)
(11.0392 5.30485e-07 0)
(11.0392 -7.4192e-07 0)
(11.0392 -1.87919e-07 0)
(11.0392 -1.69139e-06 0)
(11.0392 -6.36883e-07 0)
(11.0392 -1.21344e-06 0)
(11.0392 -5.76975e-07 0)
(11.0392 -8.25631e-07 0)
(11.0392 -3.83437e-07 0)
(11.0392 -7.99897e-07 0)
(11.0392 -4.30426e-07 0)
(11.0392 -8.91671e-07 0)
(11.0392 -4.77611e-07 0)
(11.0392 -9.02999e-07 0)
(11.0392 -3.95765e-07 0)
(11.0392 -7.5246e-07 0)
(11.0392 -1.58683e-07 0)
(11.0392 -4.614e-07 0)
(11.0392 1.38719e-07 0)
(11.0392 -1.86317e-07 0)
(11.0392 3.67421e-07 0)
(11.0392 -3.54135e-08 0)
(11.0392 4.34427e-07 0)
(11.0392 -6.53935e-08 0)
(11.0392 2.79149e-07 0)
(11.0392 -3.02199e-07 0)
(11.0392 -2.64354e-08 0)
(11.0392 -6.29859e-07 0)
(11.0392 -3.01344e-07 0)
(11.0392 -6.70441e-07 0)
(11.0392 5.79044e-07 0)
(11.0392 2.9112e-06 0)
(11.0392 1.35534e-05 0)
(11.0392 3.11063e-05 0)
(11.0111 4.00516e-05 0)
(11.0111 3.47597e-05 0)
(11.0111 9.75038e-06 0)
(11.0111 -1.26366e-05 0)
(11.0111 -2.1354e-05 0)
(11.0112 -3.23026e-05 0)
(11.0112 -3.95855e-05 0)
(11.0112 -1.43798e-05 0)
(11.0112 -1.17095e-06 0)
(11.0111 -4.83397e-06 0)
(11.0111 -9.40425e-06 0)
(11.0111 -4.59181e-06 0)
(11.0111 6.91043e-06 0)
(11.0112 2.38779e-05 0)
(11.0112 3.68597e-05 0)
(11.0113 3.54085e-05 0)
(11.0114 2.79532e-05 0)
(11.0114 2.15401e-05 0)
(11.0115 8.59286e-06 0)
(11.0115 4.48188e-06 0)
(11.0115 -9.02399e-06 0)
(11.0115 -2.31519e-05 0)
(11.0115 -2.68304e-05 0)
(11.0116 -2.50056e-05 0)
(11.0116 -2.36902e-05 0)
(11.0116 7.08367e-06 0)
(11.0116 2.52827e-05 0)
(11.0115 2.01903e-05 0)
(11.0115 5.45406e-06 0)
(11.0115 2.68792e-06 0)
(11.0115 -2.60351e-06 0)
(11.0115 -6.75547e-07 0)
(11.0115 1.03724e-05 0)
(11.0115 2.64494e-05 0)
(11.0115 2.57479e-05 0)
(11.0115 1.55978e-05 0)
(11.0115 4.45604e-06 0)
(11.0114 -8.85789e-06 0)
(11.0114 -3.97169e-05 0)
(11.0114 -6.82693e-05 0)
(11.0114 -6.69085e-05 0)
(11.0114 -5.64857e-05 0)
(11.0114 -3.87909e-05 0)
(11.0114 -1.41285e-06 0)
(11.0113 2.74911e-05 0)
(11.0113 2.53384e-05 0)
(11.0113 1.6915e-05 0)
(11.0112 1.27034e-05 0)
(11.0112 1.34804e-05 0)
(11.0112 1.19625e-05 0)
(11.0112 1.09207e-05 0)
(11.0111 6.62028e-06 0)
(11.0111 3.12515e-06 0)
(11.0111 -2.22719e-06 0)
(11.0111 -4.41497e-06 0)
(11.0111 -6.90357e-06 0)
(11.0111 -5.87356e-06 0)
(11.0111 -5.74955e-06 0)
(11.0111 -2.65263e-06 0)
(11.011 -1.51875e-06 0)
(11.011 1.72377e-07 0)
(11.011 4.69687e-07 0)
(11.011 1.24182e-06 0)
(11.011 5.4342e-07 0)
(11.011 9.86146e-07 0)
(11.011 -1.94895e-07 0)
(11.011 5.01261e-07 0)
(11.011 -7.22977e-07 0)
(11.011 -2.40118e-07 0)
(11.011 -1.69138e-06 0)
(11.011 -6.94588e-07 0)
(11.011 -1.23763e-06 0)
(11.011 -6.24715e-07 0)
(11.011 -8.52391e-07 0)
(11.011 -4.30857e-07 0)
(11.011 -8.23066e-07 0)
(11.011 -4.70002e-07 0)
(11.011 -9.07124e-07 0)
(11.011 -5.1181e-07 0)
(11.011 -9.13856e-07 0)
(11.011 -4.3351e-07 0)
(11.011 -7.70353e-07 0)
(11.011 -1.97581e-07 0)
(11.011 -4.81598e-07 0)
(11.011 9.60709e-08 0)
(11.011 -2.06871e-07 0)
(11.011 3.23566e-07 0)
(11.011 -5.54533e-08 0)
(11.011 3.9711e-07 0)
(11.011 -7.66081e-08 0)
(11.011 2.51417e-07 0)
(11.011 -3.01544e-07 0)
(11.011 -4.17478e-08 0)
(11.011 -6.18528e-07 0)
(11.011 -3.05174e-07 0)
(11.011 -6.52082e-07 0)
(11.011 5.74057e-07 0)
(11.011 2.88069e-06 0)
(11.011 1.34735e-05 0)
(11.0111 3.00634e-05 0)
(10.9757 3.90926e-05 0)
(10.9756 3.55266e-05 0)
(10.9756 9.97395e-06 0)
(10.9756 -1.35699e-05 0)
(10.9757 -2.24476e-05 0)
(10.9757 -3.3122e-05 0)
(10.9757 -4.02827e-05 0)
(10.9757 -1.41712e-05 0)
(10.9757 2.75218e-07 0)
(10.9757 -4.01483e-06 0)
(10.9757 -9.26855e-06 0)
(10.9757 -5.00091e-06 0)
(10.9757 6.07051e-06 0)
(10.9757 2.23167e-05 0)
(10.9758 3.47376e-05 0)
(10.9759 3.32783e-05 0)
(10.9759 2.59887e-05 0)
(10.976 1.95463e-05 0)
(10.976 7.85093e-06 0)
(10.976 5.02229e-06 0)
(10.976 -9.0324e-06 0)
(10.976 -2.42011e-05 0)
(10.9761 -2.75068e-05 0)
(10.9761 -2.56388e-05 0)
(10.9761 -2.42822e-05 0)
(10.9761 7.42904e-06 0)
(10.9761 2.662e-05 0)
(10.9761 2.08436e-05 0)
(10.976 5.59009e-06 0)
(10.976 2.53123e-06 0)
(10.976 -2.8278e-06 0)
(10.9761 -1.04667e-06 0)
(10.9761 1.03867e-05 0)
(10.976 2.71029e-05 0)
(10.976 2.6632e-05 0)
(10.976 1.62857e-05 0)
(10.976 4.91488e-06 0)
(10.976 -8.34043e-06 0)
(10.976 -3.95043e-05 0)
(10.9759 -6.80554e-05 0)
(10.9759 -6.62371e-05 0)
(10.9759 -5.5984e-05 0)
(10.9759 -3.8666e-05 0)
(10.9759 -6.46852e-07 0)
(10.9759 2.89388e-05 0)
(10.9758 2.63547e-05 0)
(10.9758 1.74452e-05 0)
(10.9758 1.32256e-05 0)
(10.9758 1.40135e-05 0)
(10.9758 1.26156e-05 0)
(10.9757 1.15563e-05 0)
(10.9757 7.29743e-06 0)
(10.9757 3.6904e-06 0)
(10.9757 -1.70791e-06 0)
(10.9757 -4.03412e-06 0)
(10.9756 -6.55069e-06 0)
(10.9756 -5.64771e-06 0)
(10.9756 -5.49157e-06 0)
(10.9756 -2.4588e-06 0)
(10.9756 -1.2884e-06 0)
(10.9756 3.74692e-07 0)
(10.9756 6.59092e-07 0)
(10.9756 1.36649e-06 0)
(10.9756 6.57117e-07 0)
(10.9756 1.01468e-06 0)
(10.9756 -1.59422e-07 0)
(10.9756 4.71798e-07 0)
(10.9756 -7.05755e-07 0)
(10.9756 -2.90359e-07 0)
(10.9756 -1.68913e-06 0)
(10.9756 -7.52353e-07 0)
(10.9756 -1.26168e-06 0)
(10.9756 -6.70412e-07 0)
(10.9756 -8.77463e-07 0)
(10.9756 -4.75095e-07 0)
(10.9756 -8.43417e-07 0)
(10.9756 -5.05388e-07 0)
(10.9756 -9.19004e-07 0)
(10.9756 -5.41631e-07 0)
(10.9756 -9.21457e-07 0)
(10.9756 -4.67542e-07 0)
(10.9756 -7.86346e-07 0)
(10.9756 -2.34553e-07 0)
(10.9756 -5.01628e-07 0)
(10.9756 5.3671e-08 0)
(10.9756 -2.28509e-07 0)
(10.9756 2.79276e-07 0)
(10.9756 -7.6977e-08 0)
(10.9756 3.59551e-07 0)
(10.9756 -8.8532e-08 0)
(10.9756 2.2487e-07 0)
(10.9756 -2.99846e-07 0)
(10.9756 -5.39997e-08 0)
(10.9756 -6.03988e-07 0)
(10.9756 -3.04238e-07 0)
(10.9756 -6.29444e-07 0)
(10.9756 5.73008e-07 0)
(10.9756 2.8503e-06 0)
(10.9756 1.33646e-05 0)
(10.9756 2.91e-05 0)
(10.9327 3.8292e-05 0)
(10.9327 3.64263e-05 0)
(10.9327 1.03027e-05 0)
(10.9327 -1.44694e-05 0)
(10.9328 -2.34348e-05 0)
(10.9328 -3.39714e-05 0)
(10.9328 -4.10077e-05 0)
(10.9328 -1.39479e-05 0)
(10.9328 1.77517e-06 0)
(10.9328 -3.17116e-06 0)
(10.9327 -9.11928e-06 0)
(10.9327 -5.39046e-06 0)
(10.9328 5.26284e-06 0)
(10.9328 2.08247e-05 0)
(10.9329 3.27146e-05 0)
(10.9329 3.12585e-05 0)
(10.933 2.414e-05 0)
(10.933 1.76706e-05 0)
(10.9331 7.16282e-06 0)
(10.9331 5.60862e-06 0)
(10.9331 -9.0394e-06 0)
(10.9331 -2.53025e-05 0)
(10.9331 -2.82321e-05 0)
(10.9332 -2.6304e-05 0)
(10.9332 -2.49168e-05 0)
(10.9332 7.7861e-06 0)
(10.9331 2.8048e-05 0)
(10.9331 2.15521e-05 0)
(10.9331 5.77878e-06 0)
(10.9331 2.40263e-06 0)
(10.9331 -3.00554e-06 0)
(10.9331 -1.35592e-06 0)
(10.9331 1.04503e-05 0)
(10.9331 2.78184e-05 0)
(10.9331 2.75777e-05 0)
(10.933 1.69803e-05 0)
(10.933 5.31901e-06 0)
(10.933 -7.8851e-06 0)
(10.933 -3.94218e-05 0)
(10.933 -6.80056e-05 0)
(10.933 -6.5666e-05 0)
(10.933 -5.55741e-05 0)
(10.933 -3.86546e-05 0)
(10.933 3.11388e-08 0)
(10.9329 3.03406e-05 0)
(10.9329 2.72374e-05 0)
(10.9329 1.78452e-05 0)
(10.9329 1.35998e-05 0)
(10.9329 1.44028e-05 0)
(10.9328 1.31544e-05 0)
(10.9328 1.21085e-05 0)
(10.9328 7.93708e-06 0)
(10.9328 4.25873e-06 0)
(10.9328 -1.16072e-06 0)
(10.9328 -3.61596e-06 0)
(10.9327 -6.17266e-06 0)
(10.9327 -5.41492e-06 0)
(10.9327 -5.24852e-06 0)
(10.9327 -2.29678e-06 0)
(10.9327 -1.09419e-06 0)
(10.9327 5.45813e-07 0)
(10.9327 8.24559e-07 0)
(10.9327 1.4764e-06 0)
(10.9327 7.60527e-07 0)
(10.9327 1.03998e-06 0)
(10.9327 -1.2649e-07 0)
(10.9327 4.41738e-07 0)
(10.9327 -6.9039e-07 0)
(10.9327 -3.38756e-07 0)
(10.9327 -1.68449e-06 0)
(10.9327 -8.1023e-07 0)
(10.9327 -1.28573e-06 0)
(10.9327 -7.14022e-07 0)
(10.9327 -9.00951e-07 0)
(10.9327 -5.1609e-07 0)
(10.9327 -8.60986e-07 0)
(10.9327 -5.36541e-07 0)
(10.9327 -9.27304e-07 0)
(10.9327 -5.66959e-07 0)
(10.9327 -9.25479e-07 0)
(10.9327 -4.97698e-07 0)
(10.9327 -8.00041e-07 0)
(10.9327 -2.69303e-07 0)
(10.9327 -5.21074e-07 0)
(10.9327 1.19868e-08 0)
(10.9327 -2.50694e-07 0)
(10.9327 2.34744e-07 0)
(10.9327 -9.9655e-08 0)
(10.9327 3.21811e-07 0)
(10.9327 -1.01091e-07 0)
(10.9327 1.99358e-07 0)
(10.9327 -2.97214e-07 0)
(10.9327 -6.35585e-08 0)
(10.9327 -5.8648e-07 0)
(10.9327 -2.98833e-07 0)
(10.9327 -6.02972e-07 0)
(10.9327 5.75385e-07 0)
(10.9327 2.82e-06 0)
(10.9327 1.32238e-05 0)
(10.9327 2.82165e-05 0)
(10.8821 3.76711e-05 0)
(10.8821 3.74286e-05 0)
(10.8821 1.07476e-05 0)
(10.8821 -1.53316e-05 0)
(10.8821 -2.43821e-05 0)
(10.8821 -3.48251e-05 0)
(10.8822 -4.17422e-05 0)
(10.8822 -1.37092e-05 0)
(10.8821 3.33724e-06 0)
(10.8821 -2.29543e-06 0)
(10.8821 -8.94896e-06 0)
(10.8821 -5.75191e-06 0)
(10.8821 4.49896e-06 0)
(10.8821 1.94171e-05 0)
(10.8822 3.08002e-05 0)
(10.8822 2.93658e-05 0)
(10.8823 2.24238e-05 0)
(10.8824 1.59283e-05 0)
(10.8824 6.54293e-06 0)
(10.8824 6.25908e-06 0)
(10.8824 -9.0268e-06 0)
(10.8824 -2.6456e-05 0)
(10.8824 -2.90118e-05 0)
(10.8825 -2.70169e-05 0)
(10.8825 -2.55937e-05 0)
(10.8825 8.13824e-06 0)
(10.8825 2.9533e-05 0)
(10.8824 2.23236e-05 0)
(10.8824 6.01586e-06 0)
(10.8824 2.30734e-06 0)
(10.8824 -3.12441e-06 0)
(10.8824 -1.58637e-06 0)
(10.8824 1.057e-05 0)
(10.8824 2.86e-05 0)
(10.8824 2.85942e-05 0)
(10.8823 1.76888e-05 0)
(10.8823 5.67293e-06 0)
(10.8823 -7.50472e-06 0)
(10.8823 -3.947e-05 0)
(10.8823 -6.81281e-05 0)
(10.8823 -6.52079e-05 0)
(10.8823 -5.52695e-05 0)
(10.8823 -3.87702e-05 0)
(10.8823 6.12413e-07 0)
(10.8823 3.16955e-05 0)
(10.8822 2.80001e-05 0)
(10.8822 1.81003e-05 0)
(10.8822 1.38134e-05 0)
(10.8822 1.46359e-05 0)
(10.8822 1.35838e-05 0)
(10.8822 1.256e-05 0)
(10.8822 8.52723e-06 0)
(10.8821 4.82118e-06 0)
(10.8821 -5.90825e-07 0)
(10.8821 -3.16357e-06 0)
(10.8821 -5.76846e-06 0)
(10.8821 -5.17421e-06 0)
(10.8821 -5.0209e-06 0)
(10.8821 -2.16939e-06 0)
(10.8821 -9.39397e-07 0)
(10.8821 6.80449e-07 0)
(10.8821 9.62327e-07 0)
(10.8821 1.57071e-06 0)
(10.882 8.53397e-07 0)
(10.882 1.06076e-06 0)
(10.882 -9.68737e-08 0)
(10.882 4.10848e-07 0)
(10.882 -6.76626e-07 0)
(10.882 -3.85318e-07 0)
(10.882 -1.67681e-06 0)
(10.882 -8.67773e-07 0)
(10.882 -1.30916e-06 0)
(10.882 -7.55123e-07 0)
(10.8821 -9.2204e-07 0)
(10.8821 -5.53565e-07 0)
(10.8821 -8.75248e-07 0)
(10.8821 -5.63353e-07 0)
(10.8821 -9.31639e-07 0)
(10.8821 -5.87523e-07 0)
(10.8821 -9.25777e-07 0)
(10.8821 -5.2344e-07 0)
(10.8821 -8.1092e-07 0)
(10.8821 -3.01202e-07 0)
(10.8821 -5.3934e-07 0)
(10.8821 -2.83657e-08 0)
(10.8821 -2.7317e-07 0)
(10.8821 1.90467e-07 0)
(10.8821 -1.23272e-07 0)
(10.8821 2.8427e-07 0)
(10.8821 -1.14214e-07 0)
(10.8821 1.74901e-07 0)
(10.8821 -2.93737e-07 0)
(10.8821 -7.06254e-08 0)
(10.8821 -5.66159e-07 0)
(10.8821 -2.89244e-07 0)
(10.8821 -5.73136e-07 0)
(10.8821 5.8057e-07 0)
(10.8821 2.79053e-06 0)
(10.8821 1.30495e-05 0)
(10.8821 2.74133e-05 0)
(10.8233 3.72308e-05 0)
(10.8233 3.85191e-05 0)
(10.8233 1.13134e-05 0)
(10.8233 -1.6153e-05 0)
(10.8233 -2.53089e-05 0)
(10.8234 -3.56692e-05 0)
(10.8234 -4.25046e-05 0)
(10.8234 -1.34601e-05 0)
(10.8234 4.96892e-06 0)
(10.8233 -1.38158e-06 0)
(10.8233 -8.75221e-06 0)
(10.8233 -6.0769e-06 0)
(10.8233 3.78944e-06 0)
(10.8234 1.81053e-05 0)
(10.8234 2.9005e-05 0)
(10.8235 2.76153e-05 0)
(10.8235 2.08572e-05 0)
(10.8236 1.43382e-05 0)
(10.8236 6.01239e-06 0)
(10.8236 6.99598e-06 0)
(10.8236 -8.98014e-06 0)
(10.8236 -2.76608e-05 0)
(10.8236 -2.98506e-05 0)
(10.8237 -2.78077e-05 0)
(10.8237 -2.63166e-05 0)
(10.8237 8.47106e-06 0)
(10.8237 3.10545e-05 0)
(10.8236 2.31529e-05 0)
(10.8236 6.30048e-06 0)
(10.8236 2.24889e-06 0)
(10.8236 -3.16166e-06 0)
(10.8236 -1.7366e-06 0)
(10.8236 1.07503e-05 0)
(10.8236 2.94551e-05 0)
(10.8235 2.96937e-05 0)
(10.8235 1.84236e-05 0)
(10.8235 5.98511e-06 0)
(10.8235 -7.19771e-06 0)
(10.8235 -3.96406e-05 0)
(10.8235 -6.84219e-05 0)
(10.8235 -6.48822e-05 0)
(10.8235 -5.50805e-05 0)
(10.8235 -3.90238e-05 0)
(10.8235 1.08525e-06 0)
(10.8235 3.30038e-05 0)
(10.8234 2.86517e-05 0)
(10.8234 1.82039e-05 0)
(10.8234 1.38568e-05 0)
(10.8234 1.47031e-05 0)
(10.8234 1.38858e-05 0)
(10.8234 1.29045e-05 0)
(10.8234 9.05358e-06 0)
(10.8234 5.36677e-06 0)
(10.8234 -4.79001e-09 0)
(10.8234 -2.67992e-06 0)
(10.8233 -5.3367e-06 0)
(10.8233 -4.92382e-06 0)
(10.8233 -4.8077e-06 0)
(10.8233 -2.07767e-06 0)
(10.8233 -8.27194e-07 0)
(10.8233 7.72692e-07 0)
(10.8233 1.06895e-06 0)
(10.8233 1.64558e-06 0)
(10.8233 9.31594e-07 0)
(10.8233 1.07574e-06 0)
(10.8233 -7.04073e-08 0)
(10.8233 3.79405e-07 0)
(10.8233 -6.64396e-07 0)
(10.8233 -4.29372e-07 0)
(10.8233 -1.66559e-06 0)
(10.8233 -9.24245e-07 0)
(10.8233 -1.33134e-06 0)
(10.8233 -7.92976e-07 0)
(10.8233 -9.40342e-07 0)
(10.8233 -5.86975e-07 0)
(10.8233 -8.85737e-07 0)
(10.8233 -5.85651e-07 0)
(10.8233 -9.31701e-07 0)
(10.8233 -6.02764e-07 0)
(10.8233 -9.21596e-07 0)
(10.8233 -5.44157e-07 0)
(10.8233 -8.18187e-07 0)
(10.8233 -3.29575e-07 0)
(10.8233 -5.55472e-07 0)
(10.8233 -6.66557e-08 0)
(10.8233 -2.94913e-07 0)
(10.8233 1.46957e-07 0)
(10.8233 -1.47014e-07 0)
(10.8233 2.47208e-07 0)
(10.8233 -1.27463e-07 0)
(10.8233 1.51496e-07 0)
(10.8233 -2.89352e-07 0)
(10.8233 -7.54404e-08 0)
(10.8233 -5.43307e-07 0)
(10.8233 -2.75611e-07 0)
(10.8233 -5.39868e-07 0)
(10.8233 5.88109e-07 0)
(10.8233 2.76166e-06 0)
(10.8233 1.28407e-05 0)
(10.8233 2.66832e-05 0)
(10.756 3.69467e-05 0)
(10.756 3.97e-05 0)
(10.756 1.19936e-05 0)
(10.756 -1.69371e-05 0)
(10.756 -2.62168e-05 0)
(10.756 -3.64922e-05 0)
(10.7561 -4.33e-05 0)
(10.7561 -1.32083e-05 0)
(10.7561 6.67777e-06 0)
(10.756 -4.25532e-07 0)
(10.756 -8.52584e-06 0)
(10.756 -6.35977e-06 0)
(10.756 3.14363e-06 0)
(10.756 1.68963e-05 0)
(10.7561 2.73382e-05 0)
(10.7561 2.60226e-05 0)
(10.7562 1.94568e-05 0)
(10.7562 1.29208e-05 0)
(10.7562 5.59053e-06 0)
(10.7562 7.84506e-06 0)
(10.7562 -8.88151e-06 0)
(10.7562 -2.89129e-05 0)
(10.7563 -3.07492e-05 0)
(10.7563 -2.86807e-05 0)
(10.7563 -2.71295e-05 0)
(10.7563 8.75444e-06 0)
(10.7563 3.2614e-05 0)
(10.7563 2.40295e-05 0)
(10.7563 6.63009e-06 0)
(10.7562 2.2403e-06 0)
(10.7562 -3.12072e-06 0)
(10.7562 -1.80132e-06 0)
(10.7562 1.09955e-05 0)
(10.7562 3.03906e-05 0)
(10.7562 3.089e-05 0)
(10.7561 1.92002e-05 0)
(10.7561 6.26519e-06 0)
(10.7561 -6.95157e-06 0)
(10.7561 -3.99154e-05 0)
(10.7561 -6.88885e-05 0)
(10.7562 -6.47117e-05 0)
(10.7562 -5.50075e-05 0)
(10.7562 -3.94277e-05 0)
(10.7562 1.4318e-06 0)
(10.7561 3.42648e-05 0)
(10.7561 2.92022e-05 0)
(10.7561 1.81566e-05 0)
(10.7561 1.37261e-05 0)
(10.7561 1.45986e-05 0)
(10.7561 1.40299e-05 0)
(10.7561 1.31339e-05 0)
(10.7561 9.50066e-06 0)
(10.7561 5.88259e-06 0)
(10.7561 5.89706e-07 0)
(10.756 -2.16903e-06 0)
(10.756 -4.876e-06 0)
(10.756 -4.65499e-06 0)
(10.756 -4.60676e-06 0)
(10.756 -2.02039e-06 0)
(10.756 -7.59064e-07 0)
(10.756 8.17067e-07 0)
(10.756 1.14207e-06 0)
(10.756 1.69544e-06 0)
(10.756 9.94783e-07 0)
(10.756 1.08382e-06 0)
(10.756 -4.62849e-08 0)
(10.756 3.47728e-07 0)
(10.756 -6.5332e-07 0)
(10.756 -4.7014e-07 0)
(10.756 -1.64984e-06 0)
(10.756 -9.78719e-07 0)
(10.756 -1.3511e-06 0)
(10.756 -8.26795e-07 0)
(10.756 -9.5486e-07 0)
(10.756 -6.15912e-07 0)
(10.756 -8.91876e-07 0)
(10.756 -6.03193e-07 0)
(10.756 -9.26495e-07 0)
(10.756 -6.1231e-07 0)
(10.756 -9.12645e-07 0)
(10.756 -5.59235e-07 0)
(10.756 -8.21201e-07 0)
(10.756 -3.53639e-07 0)
(10.756 -5.68615e-07 0)
(10.756 -1.02141e-07 0)
(10.756 -3.15302e-07 0)
(10.756 1.04936e-07 0)
(10.756 -1.70345e-07 0)
(10.756 2.11043e-07 0)
(10.756 -1.40511e-07 0)
(10.756 1.29199e-07 0)
(10.756 -2.841e-07 0)
(10.756 -7.81848e-08 0)
(10.756 -5.18007e-07 0)
(10.756 -2.5805e-07 0)
(10.756 -5.03163e-07 0)
(10.756 5.97239e-07 0)
(10.756 2.7331e-06 0)
(10.756 1.25966e-05 0)
(10.756 2.60174e-05 0)
(10.6796 3.67852e-05 0)
(10.6795 4.09689e-05 0)
(10.6795 1.2781e-05 0)
(10.6795 -1.76944e-05 0)
(10.6795 -2.7111e-05 0)
(10.6796 -3.7296e-05 0)
(10.6796 -4.41425e-05 0)
(10.6796 -1.29601e-05 0)
(10.6796 8.47365e-06 0)
(10.6795 5.77835e-07 0)
(10.6795 -8.26873e-06 0)
(10.6795 -6.59822e-06 0)
(10.6795 2.56883e-06 0)
(10.6795 1.57944e-05 0)
(10.6796 2.5809e-05 0)
(10.6796 2.4597e-05 0)
(10.6797 1.82319e-05 0)
(10.6797 1.17043e-05 0)
(10.6797 5.28498e-06 0)
(10.6797 8.8363e-06 0)
(10.6797 -8.70708e-06 0)
(10.6797 -3.02013e-05 0)
(10.6797 -3.17012e-05 0)
(10.6798 -2.96378e-05 0)
(10.6798 -2.80673e-05 0)
(10.6798 8.95997e-06 0)
(10.6798 3.41946e-05 0)
(10.6798 2.49399e-05 0)
(10.6797 6.99879e-06 0)
(10.6797 2.28171e-06 0)
(10.6797 -3.00249e-06 0)
(10.6797 -1.77272e-06 0)
(10.6797 1.13061e-05 0)
(10.6797 3.14141e-05 0)
(10.6796 3.21967e-05 0)
(10.6796 2.00374e-05 0)
(10.6796 6.53109e-06 0)
(10.6796 -6.75584e-06 0)
(10.6796 -4.02675e-05 0)
(10.6796 -6.95333e-05 0)
(10.6796 -6.47049e-05 0)
(10.6796 -5.5064e-05 0)
(10.6796 -4.00065e-05 0)
(10.6796 1.66166e-06 0)
(10.6796 3.54618e-05 0)
(10.6796 2.96716e-05 0)
(10.6796 1.79651e-05 0)
(10.6796 1.34226e-05 0)
(10.6796 1.43227e-05 0)
(10.6796 1.39861e-05 0)
(10.6796 1.32451e-05 0)
(10.6796 9.85246e-06 0)
(10.6796 6.35414e-06 0)
(10.6796 1.18215e-06 0)
(10.6796 -1.63561e-06 0)
(10.6796 -4.38769e-06 0)
(10.6795 -4.36652e-06 0)
(10.6795 -4.40706e-06 0)
(10.6795 -1.99333e-06 0)
(10.6795 -7.33838e-07 0)
(10.6795 8.16415e-07 0)
(10.6795 1.17934e-06 0)
(10.6795 1.71825e-06 0)
(10.6795 1.0414e-06 0)
(10.6795 1.08412e-06 0)
(10.6795 -2.57539e-08 0)
(10.6795 3.16735e-07 0)
(10.6795 -6.4127e-07 0)
(10.6795 -5.06662e-07 0)
(10.6795 -1.62866e-06 0)
(10.6795 -1.03007e-06 0)
(10.6795 -1.36743e-06 0)
(10.6795 -8.55589e-07 0)
(10.6795 -9.64843e-07 0)
(10.6795 -6.39724e-07 0)
(10.6795 -8.93045e-07 0)
(10.6795 -6.1469e-07 0)
(10.6795 -9.15636e-07 0)
(10.6795 -6.16033e-07 0)
(10.6795 -8.97727e-07 0)
(10.6795 -5.68178e-07 0)
(10.6795 -8.19158e-07 0)
(10.6795 -3.72501e-07 0)
(10.6795 -5.77735e-07 0)
(10.6795 -1.339e-07 0)
(10.6795 -3.33213e-07 0)
(10.6795 6.52375e-08 0)
(10.6795 -1.92298e-07 0)
(10.6795 1.7617e-07 0)
(10.6795 -1.52871e-07 0)
(10.6795 1.08138e-07 0)
(10.6795 -2.77901e-07 0)
(10.6795 -7.89895e-08 0)
(10.6795 -4.90333e-07 0)
(10.6795 -2.36955e-07 0)
(10.6795 -4.63975e-07 0)
(10.6795 6.07364e-07 0)
(10.6795 2.70363e-06 0)
(10.6795 1.23168e-05 0)
(10.6796 2.54005e-05 0)
(10.5931 3.67e-05 0)
(10.5931 4.23186e-05 0)
(10.5931 1.36713e-05 0)
(10.5931 -1.84467e-05 0)
(10.5931 -2.79938e-05 0)
(10.5931 -3.80865e-05 0)
(10.5932 -4.50494e-05 0)
(10.5932 -1.27675e-05 0)
(10.5931 1.03961e-05 0)
(10.5931 1.63343e-06 0)
(10.5931 -7.98214e-06 0)
(10.5931 -6.79116e-06 0)
(10.5931 2.0685e-06 0)
(10.5931 1.48006e-05 0)
(10.5931 2.44227e-05 0)
(10.5932 2.33359e-05 0)
(10.5932 1.71911e-05 0)
(10.5932 1.07082e-05 0)
(10.5932 5.10012e-06 0)
(10.5932 1.00007e-05 0)
(10.5932 -8.42478e-06 0)
(10.5932 -3.15088e-05 0)
(10.5933 -3.26924e-05 0)
(10.5933 -3.06789e-05 0)
(10.5933 -2.91542e-05 0)
(10.5934 9.0596e-06 0)
(10.5933 3.5775e-05 0)
(10.5933 2.58674e-05 0)
(10.5933 7.39738e-06 0)
(10.5933 2.36467e-06 0)
(10.5932 -2.80732e-06 0)
(10.5932 -1.64445e-06 0)
(10.5932 1.16755e-05 0)
(10.5932 3.25271e-05 0)
(10.5931 3.36257e-05 0)
(10.5931 2.09552e-05 0)
(10.5931 6.80622e-06 0)
(10.5931 -6.58207e-06 0)
(10.5931 -4.06783e-05 0)
(10.5931 -7.03489e-05 0)
(10.5931 -6.48558e-05 0)
(10.5932 -5.5257e-05 0)
(10.5932 -4.07778e-05 0)
(10.5932 1.78283e-06 0)
(10.5932 3.65965e-05 0)
(10.5931 3.00581e-05 0)
(10.5931 1.76387e-05 0)
(10.5932 1.29536e-05 0)
(10.5932 1.38817e-05 0)
(10.5932 1.37478e-05 0)
(10.5932 1.32274e-05 0)
(10.5932 1.00857e-05 0)
(10.5932 6.76456e-06 0)
(10.5932 1.75889e-06 0)
(10.5931 -1.08668e-06 0)
(10.5931 -3.87476e-06 0)
(10.5931 -4.0593e-06 0)
(10.5931 -4.20189e-06 0)
(10.5931 -1.98934e-06 0)
(10.5931 -7.47903e-07 0)
(10.5931 7.7384e-07 0)
(10.5931 1.17585e-06 0)
(10.5931 1.71126e-06 0)
(10.5931 1.06971e-06 0)
(10.5931 1.0756e-06 0)
(10.5931 -8.74698e-09 0)
(10.5931 2.86745e-07 0)
(10.5931 -6.26116e-07 0)
(10.5931 -5.38386e-07 0)
(10.5931 -1.60093e-06 0)
(10.5931 -1.07678e-06 0)
(10.5931 -1.37864e-06 0)
(10.5931 -8.78504e-07 0)
(10.5931 -9.68832e-07 0)
(10.5931 -6.57934e-07 0)
(10.5931 -8.8777e-07 0)
(10.5931 -6.19525e-07 0)
(10.5931 -8.99443e-07 0)
(10.5931 -6.12972e-07 0)
(10.5931 -8.77174e-07 0)
(10.5931 -5.70911e-07 0)
(10.5931 -8.10927e-07 0)
(10.5931 -3.85245e-07 0)
(10.5931 -5.81865e-07 0)
(10.5931 -1.61071e-07 0)
(10.5931 -3.47906e-07 0)
(10.5931 2.87559e-08 0)
(10.5931 -2.12261e-07 0)
(10.5931 1.43022e-07 0)
(10.5931 -1.6416e-07 0)
(10.5931 8.84684e-08 0)
(10.5931 -2.70649e-07 0)
(10.5931 -7.78106e-08 0)
(10.5931 -4.60569e-07 0)
(10.5931 -2.13918e-07 0)
(10.5931 -4.22479e-07 0)
(10.5931 6.17739e-07 0)
(10.5931 2.67212e-06 0)
(10.5931 1.20011e-05 0)
(10.5931 2.48161e-05 0)
(10.4958 3.66496e-05 0)
(10.4957 4.37223e-05 0)
(10.4957 1.46537e-05 0)
(10.4957 -1.92136e-05 0)
(10.4957 -2.88474e-05 0)
(10.4958 -3.88687e-05 0)
(10.4958 -4.60167e-05 0)
(10.4958 -1.2619e-05 0)
(10.4958 1.24149e-05 0)
(10.4957 2.73969e-06 0)
(10.4957 -7.67016e-06 0)
(10.4957 -6.94087e-06 0)
(10.4957 1.64219e-06 0)
(10.4957 1.39105e-05 0)
(10.4957 2.31689e-05 0)
(10.4958 2.22316e-05 0)
(10.4958 1.63349e-05 0)
(10.4958 9.92957e-06 0)
(10.4958 5.05789e-06 0)
(10.4958 1.1372e-05 0)
(10.4958 -8.00536e-06 0)
(10.4958 -3.28095e-05 0)
(10.4958 -3.37008e-05 0)
(10.4959 -3.17945e-05 0)
(10.4959 -3.04045e-05 0)
(10.496 9.0313e-06 0)
(10.4959 3.73274e-05 0)
(10.4959 2.67922e-05 0)
(10.4959 7.80536e-06 0)
(10.4958 2.4737e-06 0)
(10.4958 -2.53826e-06 0)
(10.4958 -1.39444e-06 0)
(10.4958 1.20705e-05 0)
(10.4958 3.37257e-05 0)
(10.4957 3.51863e-05 0)
(10.4957 2.19747e-05 0)
(10.4957 7.12118e-06 0)
(10.4957 -6.392e-06 0)
(10.4957 -4.11311e-05 0)
(10.4957 -7.13049e-05 0)
(10.4957 -6.51469e-05 0)
(10.4957 -5.55818e-05 0)
(10.4958 -4.17592e-05 0)
(10.4958 1.79698e-06 0)
(10.4958 3.76714e-05 0)
(10.4957 3.03638e-05 0)
(10.4957 1.71874e-05 0)
(10.4958 1.23294e-05 0)
(10.4958 1.32752e-05 0)
(10.4958 1.33351e-05 0)
(10.4958 1.30651e-05 0)
(10.4958 1.0185e-05 0)
(10.4958 7.09611e-06 0)
(10.4958 2.30321e-06 0)
(10.4958 -5.31977e-07 0)
(10.4958 -3.33827e-06 0)
(10.4957 -3.72366e-06 0)
(10.4957 -3.98868e-06 0)
(10.4957 -1.99947e-06 0)
(10.4957 -7.95637e-07 0)
(10.4957 6.93356e-07 0)
(10.4957 1.12941e-06 0)
(10.4957 1.67415e-06 0)
(10.4957 1.0775e-06 0)
(10.4957 1.05742e-06 0)
(10.4957 4.78295e-09 0)
(10.4957 2.58296e-07 0)
(10.4957 -6.07189e-07 0)
(10.4957 -5.62503e-07 0)
(10.4957 -1.56611e-06 0)
(10.4957 -1.11739e-06 0)
(10.4957 -1.3832e-06 0)
(10.4957 -8.94685e-07 0)
(10.4957 -9.65282e-07 0)
(10.4957 -6.68927e-07 0)
(10.4957 -8.75532e-07 0)
(10.4957 -6.18135e-07 0)
(10.4957 -8.76444e-07 0)
(10.4957 -6.02732e-07 0)
(10.4957 -8.49616e-07 0)
(10.4957 -5.66623e-07 0)
(10.4957 -7.96476e-07 0)
(10.4957 -3.914e-07 0)
(10.4957 -5.79885e-07 0)
(10.4957 -1.82544e-07 0)
(10.4957 -3.5821e-07 0)
(10.4957 -3.70582e-09 0)
(10.4957 -2.29517e-07 0)
(10.4957 1.12168e-07 0)
(10.4957 -1.73793e-07 0)
(10.4957 7.04203e-08 0)
(10.4957 -2.61956e-07 0)
(10.4957 -7.5275e-08 0)
(10.4957 -4.29754e-07 0)
(10.4957 -1.89105e-07 0)
(10.4957 -3.79288e-07 0)
(10.4957 6.27572e-07 0)
(10.4957 2.63636e-06 0)
(10.4957 1.16491e-05 0)
(10.4958 2.42428e-05 0)
(10.3861 3.65922e-05 0)
(10.3861 4.51249e-05 0)
(10.3861 1.57176e-05 0)
(10.3861 -1.9964e-05 0)
(10.3861 -2.96826e-05 0)
(10.3861 -3.96447e-05 0)
(10.3862 -4.70267e-05 0)
(10.3862 -1.25051e-05 0)
(10.3862 1.44988e-05 0)
(10.3861 3.88976e-06 0)
(10.3861 -7.34676e-06 0)
(10.3861 -7.05155e-06 0)
(10.3861 1.28937e-06 0)
(10.3861 1.3108e-05 0)
(10.3861 2.20388e-05 0)
(10.3861 2.12668e-05 0)
(10.3862 1.56554e-05 0)
(10.3862 9.37094e-06 0)
(10.3862 5.16597e-06 0)
(10.3861 1.2952e-05 0)
(10.3861 -7.39345e-06 0)
(10.3861 -3.40525e-05 0)
(10.3862 -3.46955e-05 0)
(10.3862 -3.29629e-05 0)
(10.3863 -3.18145e-05 0)
(10.3863 8.86145e-06 0)
(10.3863 3.87988e-05 0)
(10.3862 2.77004e-05 0)
(10.3862 8.19123e-06 0)
(10.3862 2.58545e-06 0)
(10.3862 -2.18411e-06 0)
(10.3862 -1.06804e-06 0)
(10.3862 1.24947e-05 0)
(10.3861 3.49989e-05 0)
(10.3861 3.68821e-05 0)
(10.386 2.31141e-05 0)
(10.386 7.52423e-06 0)
(10.386 -6.16051e-06 0)
(10.386 -4.15906e-05 0)
(10.386 -7.23569e-05 0)
(10.3861 -6.55469e-05 0)
(10.3861 -5.60187e-05 0)
(10.3861 -4.29449e-05 0)
(10.3861 1.685e-06 0)
(10.3861 3.86786e-05 0)
(10.3861 3.05838e-05 0)
(10.3861 1.6618e-05 0)
(10.3861 1.1562e-05 0)
(10.3861 1.25142e-05 0)
(10.3862 1.27572e-05 0)
(10.3862 1.27565e-05 0)
(10.3862 1.01496e-05 0)
(10.3862 7.33105e-06 0)
(10.3862 2.79621e-06 0)
(10.3862 1.52293e-08 0)
(10.3861 -2.78117e-06 0)
(10.3861 -3.35725e-06 0)
(10.3861 -3.7577e-06 0)
(10.3861 -2.01249e-06 0)
(10.3861 -8.68343e-07 0)
(10.3861 5.79113e-07 0)
(10.3861 1.04747e-06 0)
(10.3861 1.60462e-06 0)
(10.3861 1.06174e-06 0)
(10.3861 1.02828e-06 0)
(10.3861 1.49681e-08 0)
(10.3861 2.31648e-07 0)
(10.3861 -5.8394e-07 0)
(10.3861 -5.77767e-07 0)
(10.3861 -1.52217e-06 0)
(10.3861 -1.14931e-06 0)
(10.3861 -1.37907e-06 0)
(10.3861 -9.03313e-07 0)
(10.3861 -9.5244e-07 0)
(10.3861 -6.71628e-07 0)
(10.3861 -8.57057e-07 0)
(10.3861 -6.09299e-07 0)
(10.3861 -8.46262e-07 0)
(10.3861 -5.85352e-07 0)
(10.3861 -8.14309e-07 0)
(10.3861 -5.54466e-07 0)
(10.3861 -7.74932e-07 0)
(10.3861 -3.90907e-07 0)
(10.3861 -5.70808e-07 0)
(10.3861 -1.97554e-07 0)
(10.3861 -3.62969e-07 0)
(10.3861 -3.17156e-08 0)
(10.3861 -2.43158e-07 0)
(10.3861 8.40561e-08 0)
(10.3861 -1.81191e-07 0)
(10.3861 5.40413e-08 0)
(10.3861 -2.51691e-07 0)
(10.3861 -7.19614e-08 0)
(10.3861 -3.98024e-07 0)
(10.3861 -1.63268e-07 0)
(10.3861 -3.34973e-07 0)
(10.3861 6.35784e-07 0)
(10.3861 2.59398e-06 0)
(10.3861 1.126e-05 0)
(10.3862 2.36634e-05 0)
(10.2626 3.64723e-05 0)
(10.2625 4.64756e-05 0)
(10.2625 1.68881e-05 0)
(10.2625 -2.06728e-05 0)
(10.2626 -3.04886e-05 0)
(10.2626 -4.04205e-05 0)
(10.2626 -4.80498e-05 0)
(10.2627 -1.24193e-05 0)
(10.2626 1.6596e-05 0)
(10.2626 5.05524e-06 0)
(10.2625 -7.03799e-06 0)
(10.2625 -7.13948e-06 0)
(10.2625 9.93309e-07 0)
(10.2625 1.23905e-05 0)
(10.2626 2.10264e-05 0)
(10.2626 2.04234e-05 0)
(10.2626 1.51365e-05 0)
(10.2626 9.02643e-06 0)
(10.2626 5.43018e-06 0)
(10.2625 1.47468e-05 0)
(10.2625 -6.5254e-06 0)
(10.2625 -3.51574e-05 0)
(10.2626 -3.56207e-05 0)
(10.2626 -3.41454e-05 0)
(10.2627 -3.33886e-05 0)
(10.2627 8.53165e-06 0)
(10.2627 4.01547e-05 0)
(10.2627 2.85081e-05 0)
(10.2626 8.49542e-06 0)
(10.2626 2.66487e-06 0)
(10.2626 -1.77776e-06 0)
(10.2626 -6.70713e-07 0)
(10.2626 1.29418e-05 0)
(10.2625 3.63369e-05 0)
(10.2625 3.87166e-05 0)
(10.2624 2.43917e-05 0)
(10.2624 8.04619e-06 0)
(10.2624 -5.8358e-06 0)
(10.2624 -4.19963e-05 0)
(10.2624 -7.34304e-05 0)
(10.2625 -6.60024e-05 0)
(10.2625 -5.65392e-05 0)
(10.2625 -4.43089e-05 0)
(10.2626 1.40674e-06 0)
(10.2625 3.95928e-05 0)
(10.2625 3.06848e-05 0)
(10.2625 1.59244e-05 0)
(10.2625 1.06593e-05 0)
(10.2626 1.16115e-05 0)
(10.2626 1.20284e-05 0)
(10.2626 1.22952e-05 0)
(10.2626 9.98483e-06 0)
(10.2626 7.45247e-06 0)
(10.2626 3.21666e-06 0)
(10.2626 5.3513e-07 0)
(10.2626 -2.21092e-06 0)
(10.2626 -2.96564e-06 0)
(10.2626 -3.50046e-06 0)
(10.2626 -2.01764e-06 0)
(10.2626 -9.54407e-07 0)
(10.2626 4.36453e-07 0)
(10.2626 9.31743e-07 0)
(10.2626 1.50626e-06 0)
(10.2626 1.02019e-06 0)
(10.2626 9.87113e-07 0)
(10.2626 2.16717e-08 0)
(10.2626 2.07209e-07 0)
(10.2626 -5.55657e-07 0)
(10.2626 -5.83987e-07 0)
(10.2626 -1.46758e-06 0)
(10.2626 -1.16969e-06 0)
(10.2626 -1.36544e-06 0)
(10.2626 -9.02219e-07 0)
(10.2626 -9.30167e-07 0)
(10.2626 -6.66384e-07 0)
(10.2626 -8.30773e-07 0)
(10.2626 -5.92593e-07 0)
(10.2626 -8.0842e-07 0)
(10.2626 -5.60562e-07 0)
(10.2626 -7.71296e-07 0)
(10.2626 -5.34119e-07 0)
(10.2626 -7.45288e-07 0)
(10.2626 -3.8281e-07 0)
(10.2626 -5.54443e-07 0)
(10.2626 -2.05532e-07 0)
(10.2626 -3.61261e-07 0)
(10.2626 -5.42669e-08 0)
(10.2626 -2.52315e-07 0)
(10.2626 5.9541e-08 0)
(10.2626 -1.85919e-07 0)
(10.2626 3.96069e-08 0)
(10.2626 -2.40027e-07 0)
(10.2626 -6.78979e-08 0)
(10.2626 -3.65786e-07 0)
(10.2626 -1.37087e-07 0)
(10.2626 -2.90297e-07 0)
(10.2626 6.41228e-07 0)
(10.2626 2.54205e-06 0)
(10.2626 1.08315e-05 0)
(10.2626 2.30619e-05 0)
(10.1228 3.6273e-05 0)
(10.1228 4.77639e-05 0)
(10.1227 1.82034e-05 0)
(10.1228 -2.1261e-05 0)
(10.1228 -3.12172e-05 0)
(10.1228 -4.11908e-05 0)
(10.1229 -4.90446e-05 0)
(10.1229 -1.23545e-05 0)
(10.1229 1.86268e-05 0)
(10.1228 6.11981e-06 0)
(10.1228 -6.79856e-06 0)
(10.1228 -7.23488e-06 0)
(10.1228 7.38376e-07 0)
(10.1228 1.17359e-05 0)
(10.1228 2.0105e-05 0)
(10.1228 1.96791e-05 0)
(10.1228 1.47541e-05 0)
(10.1228 8.87911e-06 0)
(10.1228 5.87237e-06 0)
(10.1227 1.67565e-05 0)
(10.1227 -5.28865e-06 0)
(10.1227 -3.59832e-05 0)
(10.1228 -3.63794e-05 0)
(10.1228 -3.52795e-05 0)
(10.1229 -3.50771e-05 0)
(10.1229 7.99072e-06 0)
(10.1229 4.1298e-05 0)
(10.1229 2.90668e-05 0)
(10.1228 8.63664e-06 0)
(10.1228 2.6551e-06 0)
(10.1228 -1.35929e-06 0)
(10.1228 -2.22629e-07 0)
(10.1228 1.34123e-05 0)
(10.1227 3.77409e-05 0)
(10.1227 4.07077e-05 0)
(10.1226 2.58307e-05 0)
(10.1226 8.71768e-06 0)
(10.1226 -5.36019e-06 0)
(10.1226 -4.22595e-05 0)
(10.1226 -7.43968e-05 0)
(10.1227 -6.6433e-05 0)
(10.1227 -5.7104e-05 0)
(10.1227 -4.58279e-05 0)
(10.1228 9.19545e-07 0)
(10.1227 4.03356e-05 0)
(10.1227 3.05726e-05 0)
(10.1227 1.50669e-05 0)
(10.1228 9.6151e-06 0)
(10.1228 1.05779e-05 0)
(10.1228 1.1167e-05 0)
(10.1228 1.16755e-05 0)
(10.1229 9.68064e-06 0)
(10.1229 7.44251e-06 0)
(10.1229 3.54166e-06 0)
(10.1228 1.00542e-06 0)
(10.1228 -1.64944e-06 0)
(10.1228 -2.55608e-06 0)
(10.1228 -3.20434e-06 0)
(10.1228 -2.00414e-06 0)
(10.1228 -1.03987e-06 0)
(10.1228 2.75841e-07 0)
(10.1228 7.90292e-07 0)
(10.1228 1.3821e-06 0)
(10.1228 9.56302e-07 0)
(10.1228 9.33365e-07 0)
(10.1228 2.49304e-08 0)
(10.1228 1.85027e-07 0)
(10.1228 -5.21356e-07 0)
(10.1228 -5.80611e-07 0)
(10.1228 -1.40048e-06 0)
(10.1228 -1.17612e-06 0)
(10.1228 -1.34053e-06 0)
(10.1228 -8.90253e-07 0)
(10.1228 -8.98536e-07 0)
(10.1228 -6.51565e-07 0)
(10.1228 -7.9543e-07 0)
(10.1228 -5.68045e-07 0)
(10.1228 -7.6256e-07 0)
(10.1228 -5.28476e-07 0)
(10.1228 -7.20653e-07 0)
(10.1228 -5.06049e-07 0)
(10.1228 -7.0746e-07 0)
(10.1228 -3.67018e-07 0)
(10.1228 -5.30243e-07 0)
(10.1228 -2.07092e-07 0)
(10.1228 -3.5197e-07 0)
(10.1228 -7.05943e-08 0)
(10.1228 -2.56268e-07 0)
(10.1228 3.90826e-08 0)
(10.1228 -1.87618e-07 0)
(10.1228 2.721e-08 0)
(10.1228 -2.26716e-07 0)
(10.1228 -6.33234e-08 0)
(10.1228 -3.33092e-07 0)
(10.1228 -1.11643e-07 0)
(10.1228 -2.45902e-07 0)
(10.1228 6.42423e-07 0)
(10.1228 2.47742e-06 0)
(10.1228 1.03608e-05 0)
(10.1228 2.24189e-05 0)
(9.9638 3.60388e-05 0)
(9.96376 4.90916e-05 0)
(9.96372 1.97735e-05 0)
(9.96374 -2.15332e-05 0)
(9.96379 -3.17583e-05 0)
(9.96384 -4.19401e-05 0)
(9.96389 -4.99891e-05 0)
(9.96391 -1.226e-05 0)
(9.96386 2.03226e-05 0)
(9.9638 6.86068e-06 0)
(9.96377 -6.74446e-06 0)
(9.96376 -7.39626e-06 0)
(9.96375 4.83387e-07 0)
(9.96376 1.1105e-05 0)
(9.96377 1.92282e-05 0)
(9.96379 1.89923e-05 0)
(9.96379 1.44716e-05 0)
(9.96379 8.89925e-06 0)
(9.96377 6.56332e-06 0)
(9.9637 1.90463e-05 0)
(9.96363 -3.47966e-06 0)
(9.96364 -3.62625e-05 0)
(9.96369 -3.68146e-05 0)
(9.96376 -3.63003e-05 0)
(9.96383 -3.68774e-05 0)
(9.96388 7.15217e-06 0)
(9.96386 4.2018e-05 0)
(9.96382 2.91313e-05 0)
(9.96381 8.46378e-06 0)
(9.9638 2.46805e-06 0)
(9.96378 -9.83171e-07 0)
(9.96376 2.41759e-07 0)
(9.96374 1.39561e-05 0)
(9.96368 3.92885e-05 0)
(9.96361 4.29379e-05 0)
(9.96355 2.74845e-05 0)
(9.96351 9.58938e-06 0)
(9.96349 -4.67211e-06 0)
(9.9635 -4.22581e-05 0)
(9.96353 -7.50348e-05 0)
(9.96359 -6.67057e-05 0)
(9.96363 -5.76678e-05 0)
(9.96369 -4.75219e-05 0)
(9.96372 1.41394e-07 0)
(9.9637 4.07293e-05 0)
(9.96367 3.00551e-05 0)
(9.96368 1.39265e-05 0)
(9.96371 8.38799e-06 0)
(9.96374 9.41427e-06 0)
(9.96377 1.0187e-05 0)
(9.9638 1.08959e-05 0)
(9.96382 9.22323e-06 0)
(9.96383 7.28361e-06 0)
(9.96383 3.74757e-06 0)
(9.96382 1.40021e-06 0)
(9.96381 -1.12469e-06 0)
(9.96379 -2.12854e-06 0)
(9.96378 -2.87899e-06 0)
(9.96377 -1.95095e-06 0)
(9.96377 -1.1102e-06 0)
(9.96378 1.10566e-07 0)
(9.96378 6.31756e-07 0)
(9.96379 1.23274e-06 0)
(9.96379 8.74759e-07 0)
(9.96379 8.67371e-07 0)
(9.96379 2.49415e-08 0)
(9.96379 1.65311e-07 0)
(9.96379 -4.80332e-07 0)
(9.96379 -5.65899e-07 0)
(9.96379 -1.31969e-06 0)
(9.96379 -1.16704e-06 0)
(9.96379 -1.3017e-06 0)
(9.96379 -8.66919e-07 0)
(9.96379 -8.55796e-07 0)
(9.96378 -6.26852e-07 0)
(9.96378 -7.50446e-07 0)
(9.96378 -5.35471e-07 0)
(9.96378 -7.08504e-07 0)
(9.96378 -4.89169e-07 0)
(9.96378 -6.62113e-07 0)
(9.96377 -4.70619e-07 0)
(9.96377 -6.61327e-07 0)
(9.96377 -3.44533e-07 0)
(9.96377 -4.97842e-07 0)
(9.96377 -2.01473e-07 0)
(9.96377 -3.35102e-07 0)
(9.96377 -8.05212e-08 0)
(9.96377 -2.5429e-07 0)
(9.96377 2.27219e-08 0)
(9.96377 -1.8549e-07 0)
(9.96377 1.70907e-08 0)
(9.96377 -2.11359e-07 0)
(9.96377 -5.84217e-08 0)
(9.96377 -3.00361e-07 0)
(9.96377 -8.78112e-08 0)
(9.96377 -2.02384e-07 0)
(9.96376 6.37821e-07 0)
(9.96377 2.39588e-06 0)
(9.96377 9.84278e-06 0)
(9.9638 2.17113e-05 0)
(9.78126 3.60289e-05 0)
(9.78122 5.07983e-05 0)
(9.78118 2.18481e-05 0)
(9.78121 -2.09784e-05 0)
(9.78127 -3.19333e-05 0)
(9.78133 -4.26758e-05 0)
(9.78138 -5.09964e-05 0)
(9.7814 -1.2351e-05 0)
(9.78134 2.13711e-05 0)
(9.78128 6.90088e-06 0)
(9.78124 -7.15923e-06 0)
(9.78122 -7.74668e-06 0)
(9.78122 1.78682e-07 0)
(9.78122 1.04341e-05 0)
(9.78123 1.83344e-05 0)
(9.78124 1.83055e-05 0)
(9.78125 1.4239e-05 0)
(9.78124 9.0452e-06 0)
(9.78122 7.75884e-06 0)
(9.78115 2.19307e-05 0)
(9.78106 -7.07739e-07 0)
(9.78107 -3.54779e-05 0)
(9.78112 -3.66845e-05 0)
(9.78119 -3.72394e-05 0)
(9.78127 -3.87659e-05 0)
(9.78133 5.88592e-06 0)
(9.7813 4.19109e-05 0)
(9.78126 2.82562e-05 0)
(9.78125 7.6865e-06 0)
(9.78124 1.95667e-06 0)
(9.78123 -7.29886e-07 0)
(9.78121 6.59103e-07 0)
(9.78118 1.4785e-05 0)
(9.78113 4.14405e-05 0)
(9.78104 4.56733e-05 0)
(9.78098 2.94994e-05 0)
(9.78094 1.07646e-05 0)
(9.78091 -3.70153e-06 0)
(9.78091 -4.18481e-05 0)
(9.78095 -7.49818e-05 0)
(9.78101 -6.664e-05 0)
(9.78106 -5.82773e-05 0)
(9.78113 -4.94733e-05 0)
(9.78117 -1.06125e-06 0)
(9.78114 4.03712e-05 0)
(9.78111 2.87175e-05 0)
(9.78112 1.22241e-05 0)
(9.78114 6.8769e-06 0)
(9.78117 8.09478e-06 0)
(9.7812 9.08645e-06 0)
(9.78123 9.95838e-06 0)
(9.78126 8.60326e-06 0)
(9.78128 6.95957e-06 0)
(9.78128 3.81225e-06 0)
(9.78128 1.69356e-06 0)
(9.78127 -6.46815e-07 0)
(9.78125 -1.70115e-06 0)
(9.78124 -2.5265e-06 0)
(9.78123 -1.85922e-06 0)
(9.78123 -1.15275e-06 0)
(9.78123 -4.58462e-08 0)
(9.78124 4.66877e-07 0)
(9.78124 1.06344e-06 0)
(9.78125 7.76792e-07 0)
(9.78125 7.89652e-07 0)
(9.78125 2.23626e-08 0)
(9.78125 1.47935e-07 0)
(9.78125 -4.31831e-07 0)
(9.78125 -5.38398e-07 0)
(9.78125 -1.22382e-06 0)
(9.78125 -1.13974e-06 0)
(9.78124 -1.2475e-06 0)
(9.78124 -8.3222e-07 0)
(9.78124 -7.99679e-07 0)
(9.78124 -5.92893e-07 0)
(9.78124 -6.94992e-07 0)
(9.78123 -4.95572e-07 0)
(9.78123 -6.46472e-07 0)
(9.78123 -4.43116e-07 0)
(9.78123 -5.97054e-07 0)
(9.78123 -4.27167e-07 0)
(9.78122 -6.07286e-07 0)
(9.78122 -3.14656e-07 0)
(9.78122 -4.58804e-07 0)
(9.78122 -1.8867e-07 0)
(9.78122 -3.11869e-07 0)
(9.78122 -8.35e-08 0)
(9.78122 -2.46697e-07 0)
(9.78122 1.19353e-08 0)
(9.78122 -1.79216e-07 0)
(9.78122 9.76736e-09 0)
(9.78122 -1.93746e-07 0)
(9.78122 -5.27159e-08 0)
(9.78122 -2.678e-07 0)
(9.78122 -6.58003e-08 0)
(9.78122 -1.6057e-07 0)
(9.78121 6.2569e-07 0)
(9.78122 2.29351e-06 0)
(9.78123 9.27001e-06 0)
(9.78126 2.09406e-05 0)
(9.56908 3.69992e-05 0)
(9.56905 5.38615e-05 0)
(9.569 2.5055e-05 0)
(9.56904 -1.8597e-05 0)
(9.56912 -3.16645e-05 0)
(9.56919 -4.37248e-05 0)
(9.56926 -5.25457e-05 0)
(9.56928 -1.29898e-05 0)
(9.56919 2.10533e-05 0)
(9.5691 5.46716e-06 0)
(9.56906 -8.52658e-06 0)
(9.56904 -8.50744e-06 0)
(9.56902 -2.7471e-07 0)
(9.56903 9.63232e-06 0)
(9.56904 1.7342e-05 0)
(9.56905 1.7544e-05 0)
(9.56906 1.39902e-05 0)
(9.56905 9.24056e-06 0)
(9.56903 1.01121e-05 0)
(9.56896 2.64433e-05 0)
(9.56885 3.93194e-06 0)
(9.56886 -3.2349e-05 0)
(9.56893 -3.58691e-05 0)
(9.569 -3.86112e-05 0)
(9.5691 -4.11982e-05 0)
(9.56916 3.87306e-06 0)
(9.56911 4.02218e-05 0)
(9.56906 2.56214e-05 0)
(9.56905 5.79408e-06 0)
(9.56904 9.30895e-07 0)
(9.56903 -7.43161e-07 0)
(9.56901 9.26189e-07 0)
(9.56899 1.65354e-05 0)
(9.56894 4.52545e-05 0)
(9.56884 4.96989e-05 0)
(9.56876 3.22795e-05 0)
(9.56871 1.24874e-05 0)
(9.56867 -2.35664e-06 0)
(9.56867 -4.09381e-05 0)
(9.56873 -7.36652e-05 0)
(9.5688 -6.61404e-05 0)
(9.56887 -5.9439e-05 0)
(9.56895 -5.23016e-05 0)
(9.569 -3.00576e-06 0)
(9.56894 3.84837e-05 0)
(9.5689 2.5709e-05 0)
(9.5689 9.49464e-06 0)
(9.56893 4.89947e-06 0)
(9.56895 6.55285e-06 0)
(9.56898 7.83552e-06 0)
(9.56902 8.86575e-06 0)
(9.56905 7.81347e-06 0)
(9.56907 6.45779e-06 0)
(9.56908 3.71692e-06 0)
(9.56908 1.86186e-06 0)
(9.56907 -2.41588e-07 0)
(9.56906 -1.29244e-06 0)
(9.56905 -2.1502e-06 0)
(9.56904 -1.72699e-06 0)
(9.56903 -1.1576e-06 0)
(9.56904 -1.81024e-07 0)
(9.56904 3.0728e-07 0)
(9.56905 8.84143e-07 0)
(9.56905 6.67464e-07 0)
(9.56905 7.02043e-07 0)
(9.56906 1.81289e-08 0)
(9.56906 1.3337e-07 0)
(9.56906 -3.75051e-07 0)
(9.56905 -4.97294e-07 0)
(9.56905 -1.1116e-06 0)
(9.56905 -1.09356e-06 0)
(9.56905 -1.17715e-06 0)
(9.56904 -7.85386e-07 0)
(9.56904 -7.30511e-07 0)
(9.56904 -5.48875e-07 0)
(9.56904 -6.29294e-07 0)
(9.56903 -4.4826e-07 0)
(9.56903 -5.76685e-07 0)
(9.56903 -3.91005e-07 0)
(9.56903 -5.25014e-07 0)
(9.56902 -3.77098e-07 0)
(9.56902 -5.45564e-07 0)
(9.56902 -2.78207e-07 0)
(9.56902 -4.1184e-07 0)
(9.56902 -1.70558e-07 0)
(9.56902 -2.81881e-07 0)
(9.56902 -8.01933e-08 0)
(9.56902 -2.33238e-07 0)
(9.56902 5.52193e-09 0)
(9.56902 -1.67909e-07 0)
(9.56902 4.71716e-09 0)
(9.56902 -1.73128e-07 0)
(9.56901 -4.65365e-08 0)
(9.56901 -2.351e-07 0)
(9.56901 -4.61105e-08 0)
(9.56901 -1.21366e-07 0)
(9.56901 6.03998e-07 0)
(9.56901 2.1643e-06 0)
(9.56902 8.62762e-06 0)
(9.56906 2.01101e-05 0)
(9.31801 4.08063e-05 0)
(9.31802 6.11669e-05 0)
(9.31794 3.1387e-05 0)
(9.31803 -1.34703e-05 0)
(9.31815 -3.06061e-05 0)
(9.31821 -4.69178e-05 0)
(9.31831 -5.59552e-05 0)
(9.31834 -1.47976e-05 0)
(9.31816 1.77813e-05 0)
(9.31801 1.18408e-06 0)
(9.31796 -1.15765e-05 0)
(9.31793 -9.99054e-06 0)
(9.31791 -1.05385e-06 0)
(9.31791 8.60044e-06 0)
(9.31793 1.61495e-05 0)
(9.31794 1.66169e-05 0)
(9.31795 1.36379e-05 0)
(9.31795 9.40339e-06 0)
(9.31795 1.53471e-05 0)
(9.31791 3.54804e-05 0)
(9.31778 1.23228e-05 0)
(9.31783 -2.53967e-05 0)
(9.31792 -3.42957e-05 0)
(9.31799 -4.2186e-05 0)
(9.31811 -4.54653e-05 0)
(9.31819 8.71702e-08 0)
(9.31805 3.54879e-05 0)
(9.31796 1.98837e-05 0)
(9.31794 2.02991e-06 0)
(9.31793 -9.33809e-07 0)
(9.31791 -1.17636e-06 0)
(9.31789 8.96014e-07 0)
(9.3179 2.0887e-05 0)
(9.3179 5.38884e-05 0)
(9.31778 5.70395e-05 0)
(9.31768 3.67177e-05 0)
(9.31762 1.5369e-05 0)
(9.31757 -4.67184e-07 0)
(9.31755 -3.98114e-05 0)
(9.31768 -7.05193e-05 0)
(9.31779 -6.562e-05 0)
(9.31784 -6.33012e-05 0)
(9.31795 -5.72278e-05 0)
(9.31801 -6.90197e-06 0)
(9.31787 3.35832e-05 0)
(9.31778 1.9657e-05 0)
(9.31777 4.98933e-06 0)
(9.31779 2.15467e-06 0)
(9.31781 4.6825e-06 0)
(9.31784 6.39932e-06 0)
(9.31788 7.60538e-06 0)
(9.31791 6.84726e-06 0)
(9.31794 5.77034e-06 0)
(9.31796 3.45027e-06 0)
(9.31797 1.88602e-06 0)
(9.31796 6.76312e-08 0)
(9.31795 -9.23123e-07 0)
(9.31794 -1.76389e-06 0)
(9.31793 -1.55205e-06 0)
(9.31792 -1.11745e-06 0)
(9.31792 -2.85805e-07 0)
(9.31793 1.65693e-07 0)
(9.31793 7.0458e-07 0)
(9.31794 5.53118e-07 0)
(9.31794 6.07221e-07 0)
(9.31794 1.42777e-08 0)
(9.31794 1.22722e-07 0)
(9.31794 -3.1023e-07 0)
(9.31794 -4.42321e-07 0)
(9.31794 -9.82935e-07 0)
(9.31793 -1.0254e-06 0)
(9.31793 -1.08901e-06 0)
(9.31793 -7.26572e-07 0)
(9.31792 -6.47967e-07 0)
(9.31792 -4.951e-07 0)
(9.31792 -5.53338e-07 0)
(9.31792 -3.94448e-07 0)
(9.31791 -4.99817e-07 0)
(9.31791 -3.34118e-07 0)
(9.31791 -4.46968e-07 0)
(9.31791 -3.21351e-07 0)
(9.3179 -4.77157e-07 0)
(9.3179 -2.3671e-07 0)
(9.3179 -3.57613e-07 0)
(9.3179 -1.46593e-07 0)
(9.3179 -2.45916e-07 0)
(9.3179 -7.13249e-08 0)
(9.3179 -2.1442e-07 0)
(9.3179 3.06605e-09 0)
(9.31789 -1.51515e-07 0)
(9.31789 1.81442e-09 0)
(9.31789 -1.49433e-07 0)
(9.31789 -3.97957e-08 0)
(9.31789 -2.01911e-07 0)
(9.31789 -2.96722e-08 0)
(9.31789 -8.54482e-08 0)
(9.31789 5.70511e-07 0)
(9.31789 2.00258e-06 0)
(9.31791 7.88812e-06 0)
(9.31795 1.92546e-05 0)
(9.01318 5.1828e-05 0)
(9.01341 8.00813e-05 0)
(9.01331 4.46694e-05 0)
(9.01352 -3.48697e-06 0)
(9.01374 -3.03068e-05 0)
(9.01371 -5.80285e-05 0)
(9.01383 -6.46207e-05 0)
(9.01387 -1.9146e-05 0)
(9.01343 9.77736e-06 0)
(9.01314 -7.91434e-06 0)
(9.01304 -1.71982e-05 0)
(9.013 -1.25675e-05 0)
(9.01298 -2.4273e-06 0)
(9.01298 7.27147e-06 0)
(9.013 1.46445e-05 0)
(9.01303 1.54152e-05 0)
(9.01304 1.30771e-05 0)
(9.01305 9.389e-06 0)
(9.01309 2.77729e-05 0)
(9.01329 5.66953e-05 0)
(9.01313 2.76102e-05 0)
(9.01328 -1.31416e-05 0)
(9.01347 -3.27718e-05 0)
(9.01344 -5.30886e-05 0)
(9.01359 -5.52652e-05 0)
(9.01369 -6.20874e-06 0)
(9.0133 2.53895e-05 0)
(9.01307 9.01046e-06 0)
(9.01302 -4.56146e-06 0)
(9.01301 -4.00755e-06 0)
(9.01299 -2.18534e-06 0)
(9.01298 3.44335e-07 0)
(9.01303 3.21609e-05 0)
(9.01328 7.52151e-05 0)
(9.01315 7.288e-05 0)
(9.01303 4.53698e-05 0)
(9.01296 2.02868e-05 0)
(9.0129 2.3865e-06 0)
(9.01287 -4.02636e-05 0)
(9.01311 -6.60209e-05 0)
(9.01333 -6.75393e-05 0)
(9.01329 -7.59685e-05 0)
(9.01342 -6.78358e-05 0)
(9.0135 -1.3546e-05 0)
(9.0131 2.31504e-05 0)
(9.01287 8.48235e-06 0)
(9.01283 -2.26374e-06 0)
(9.01284 -1.68626e-06 0)
(9.01286 2.35513e-06 0)
(9.01289 4.71661e-06 0)
(9.01293 6.15261e-06 0)
(9.01297 5.69864e-06 0)
(9.013 4.89699e-06 0)
(9.01302 3.01138e-06 0)
(9.01303 1.75695e-06 0)
(9.01303 2.63979e-07 0)
(9.01303 -6.12089e-07 0)
(9.01302 -1.38628e-06 0)
(9.01301 -1.34005e-06 0)
(9.013 -1.02909e-06 0)
(9.013 -3.53354e-07 0)
(9.013 5.36907e-08 0)
(9.01301 5.33957e-07 0)
(9.01301 4.40359e-07 0)
(9.01301 5.0948e-07 0)
(9.01301 1.53779e-08 0)
(9.01301 1.15624e-07 0)
(9.01301 -2.38695e-07 0)
(9.01301 -3.74175e-07 0)
(9.01301 -8.38668e-07 0)
(9.013 -9.323e-07 0)
(9.013 -9.81578e-07 0)
(9.01299 -6.5604e-07 0)
(9.01299 -5.53122e-07 0)
(9.01299 -4.31527e-07 0)
(9.01299 -4.67916e-07 0)
(9.01298 -3.34915e-07 0)
(9.01298 -4.16693e-07 0)
(9.01298 -2.73989e-07 0)
(9.01297 -3.62704e-07 0)
(9.01297 -2.62139e-07 0)
(9.01297 -4.02577e-07 0)
(9.01297 -1.92341e-07 0)
(9.01297 -2.96949e-07 0)
(9.01296 -1.18919e-07 0)
(9.01296 -2.02889e-07 0)
(9.01296 -5.86023e-08 0)
(9.01296 -1.89514e-07 0)
(9.01296 2.78537e-09 0)
(9.01296 -1.29378e-07 0)
(9.01296 1.56261e-10 0)
(9.01296 -1.21791e-07 0)
(9.01296 -3.33655e-08 0)
(9.01296 -1.67758e-07 0)
(9.01296 -1.71005e-08 0)
(9.01296 -5.35595e-08 0)
(9.01296 5.22792e-07 0)
(9.01296 1.8013e-06 0)
(9.01297 7.02217e-06 0)
(9.01303 1.83466e-05 0)
(8.62869 8.17903e-05 0)
(8.62985 0.00012968 0)
(8.62983 6.88317e-05 0)
(8.63016 1.12046e-05 0)
(8.6306 -3.68932e-05 0)
(8.63012 -8.99692e-05 0)
(8.63017 -8.58492e-05 0)
(8.63024 -2.80242e-05 0)
(8.62915 -4.31165e-06 0)
(8.62851 -2.42641e-05 0)
(8.62834 -2.61743e-05 0)
(8.62828 -1.63357e-05 0)
(8.62825 -4.52e-06 0)
(8.62826 5.60754e-06 0)
(8.6283 1.26388e-05 0)
(8.62834 1.38221e-05 0)
(8.62836 1.22055e-05 0)
(8.62838 8.90561e-06 0)
(8.62851 5.91357e-05 0)
(8.6297 0.000109521 0)
(8.62963 5.51365e-05 0)
(8.62989 4.0397e-06 0)
(8.6303 -3.78248e-05 0)
(8.62983 -8.46986e-05 0)
(8.62991 -7.80614e-05 0)
(8.63004 -1.71968e-05 0)
(8.62901 8.91294e-06 0)
(8.62844 -9.45141e-06 0)
(8.62834 -1.47664e-05 0)
(8.62831 -8.44037e-06 0)
(8.6283 -3.85227e-06 0)
(8.62829 -1.05549e-06 0)
(8.62843 6.19911e-05 0)
(8.62969 0.000129018 0)
(8.62972 0.000109186 0)
(8.62964 6.35745e-05 0)
(8.62958 2.97396e-05 0)
(8.62951 6.8762e-06 0)
(8.62942 -4.92422e-05 0)
(8.62974 -6.59615e-05 0)
(8.63015 -8.02598e-05 0)
(8.62966 -0.000111337 0)
(8.62972 -9.21287e-05 0)
(8.62982 -2.51326e-05 0)
(8.62878 6.09772e-06 0)
(8.62821 -1.03131e-05 0)
(8.62811 -1.30885e-05 0)
(8.6281 -6.77464e-06 0)
(8.62812 -4.96772e-07 0)
(8.62815 2.74537e-06 0)
(8.6282 4.48168e-06 0)
(8.62824 4.36408e-06 0)
(8.62828 3.84755e-06 0)
(8.62831 2.41446e-06 0)
(8.62832 1.4814e-06 0)
(8.62833 3.43799e-07 0)
(8.62832 -3.71288e-07 0)
(8.62831 -1.03277e-06 0)
(8.6283 -1.10139e-06 0)
(8.6283 -8.93065e-07 0)
(8.62829 -3.81648e-07 0)
(8.62829 -1.60819e-08 0)
(8.6283 3.76172e-07 0)
(8.6283 3.34195e-07 0)
(8.6283 4.12293e-07 0)
(8.6283 2.64772e-08 0)
(8.62831 1.10191e-07 0)
(8.6283 -1.61687e-07 0)
(8.6283 -2.92852e-07 0)
(8.6283 -6.78853e-07 0)
(8.62829 -8.12013e-07 0)
(8.62829 -8.50303e-07 0)
(8.62828 -5.75554e-07 0)
(8.62828 -4.43483e-07 0)
(8.62828 -3.62159e-07 0)
(8.62827 -3.71713e-07 0)
(8.62827 -2.73187e-07 0)
(8.62827 -3.2893e-07 0)
(8.62826 -2.12545e-07 0)
(8.62826 -2.77375e-07 0)
(8.62826 -1.97129e-07 0)
(8.62826 -3.24008e-07 0)
(8.62825 -1.4547e-07 0)
(8.62825 -2.30998e-07 0)
(8.62825 -8.96646e-08 0)
(8.62825 -1.58066e-07 0)
(8.62825 -4.03401e-08 0)
(8.62825 -1.61161e-07 0)
(8.62825 5.91917e-09 0)
(8.62825 -1.03283e-07 0)
(8.62825 5.46162e-10 0)
(8.62825 -9.0299e-08 0)
(8.62825 -2.65145e-08 0)
(8.62825 -1.30692e-07 0)
(8.62824 -9.76221e-09 0)
(8.62824 -2.58976e-08 0)
(8.62824 4.58553e-07 0)
(8.62825 1.55804e-06 0)
(8.62826 6.01472e-06 0)
(8.62833 1.72575e-05 0)
(8.11438 0.00016556 0)
(8.11873 0.000259803 0)
(8.11913 0.000104263 0)
(8.11884 1.19866e-05 0)
(8.11948 -6.74477e-05 0)
(8.11756 -0.000165896 0)
(8.11728 -0.000135123 0)
(8.11739 -4.0692e-05 0)
(8.11506 -2.57888e-05 0)
(8.11388 -5.11742e-05 0)
(8.11367 -3.89775e-05 0)
(8.1136 -2.10528e-05 0)
(8.11359 -7.12263e-06 0)
(8.11362 3.39918e-06 0)
(8.11368 1.01175e-05 0)
(8.11374 1.17506e-05 0)
(8.11379 1.09306e-05 0)
(8.11382 7.5845e-06 0)
(8.1141 0.000142909 0)
(8.11856 0.000245464 0)
(8.11891 9.58866e-05 0)
(8.11855 8.1637e-06 0)
(8.11914 -6.67007e-05 0)
(8.11724 -0.000160919 0)
(8.11701 -0.00012898 0)
(8.11719 -3.21847e-05 0)
(8.11493 -1.52711e-05 0)
(8.11384 -3.88655e-05 0)
(8.1137 -2.90545e-05 0)
(8.11369 -1.40191e-05 0)
(8.11369 -6.08033e-06 0)
(8.1137 -3.67118e-06 0)
(8.114 0.000144256 0)
(8.11855 0.000268512 0)
(8.11921 0.0001934 0)
(8.11924 0.000103221 0)
(8.11922 4.86093e-05 0)
(8.11914 1.46578e-05 0)
(8.11887 -9.39432e-05 0)
(8.11845 -9.9784e-05 0)
(8.119 -0.00012506 0)
(8.11705 -0.000194012 0)
(8.11678 -0.000145934 0)
(8.11692 -4.12681e-05 0)
(8.11464 -1.891e-05 0)
(8.11354 -4.01243e-05 0)
(8.11341 -2.80092e-05 0)
(8.11342 -1.29612e-05 0)
(8.11345 -3.80967e-06 0)
(8.11349 4.78581e-07 0)
(8.11355 2.58152e-06 0)
(8.1136 2.85417e-06 0)
(8.11364 2.65118e-06 0)
(8.11367 1.69522e-06 0)
(8.11369 1.08956e-06 0)
(8.1137 3.21601e-07 0)
(8.1137 -1.9978e-07 0)
(8.11369 -7.1414e-07 0)
(8.11368 -8.46207e-07 0)
(8.11367 -7.18558e-07 0)
(8.11367 -3.71544e-07 0)
(8.11367 -3.81339e-08 0)
(8.11367 2.36451e-07 0)
(8.11367 2.36149e-07 0)
(8.11367 3.21269e-07 0)
(8.11367 4.87133e-08 0)
(8.11367 1.07112e-07 0)
(8.11367 -8.00543e-08 0)
(8.11367 -1.9839e-07 0)
(8.11367 -5.05528e-07 0)
(8.11366 -6.60563e-07 0)
(8.11366 -6.88106e-07 0)
(8.11365 -4.88241e-07 0)
(8.11365 -3.10963e-07 0)
(8.11364 -2.96547e-07 0)
(8.11364 -2.61061e-07 0)
(8.11364 -2.14517e-07 0)
(8.11363 -2.4115e-07 0)
(8.11363 -1.48844e-07 0)
(8.11363 -2.09391e-07 0)
(8.11362 -1.12341e-07 0)
(8.11362 -2.49712e-07 0)
(8.11362 -8.87593e-08 0)
(8.11362 -1.67932e-07 0)
(8.11362 -5.31418e-08 0)
(8.11361 -1.31282e-07 0)
(8.11361 -1.63645e-09 0)
(8.11361 -1.44575e-07 0)
(8.11361 2.70282e-08 0)
(8.11361 -8.44825e-08 0)
(8.11361 1.39337e-08 0)
(8.11361 -6.33261e-08 0)
(8.11361 -9.5945e-09 0)
(8.11361 -9.1147e-08 0)
(8.11361 -6.24788e-09 0)
(8.11361 -4.42918e-09 0)
(8.11361 3.80904e-07 0)
(8.11361 1.28415e-06 0)
(8.11363 4.82857e-06 0)
(8.11371 1.65488e-05 0)
(7.35988 0.000437568 0)
(7.36939 0.000651706 0)
(7.36955 9.07033e-05 0)
(7.36635 -0.000124538 0)
(7.36686 -0.00016695 0)
(7.36307 -0.000334208 0)
(7.36273 -0.000236002 0)
(7.36307 -5.87976e-05 0)
(7.35982 -6.77083e-05 0)
(7.3588 -0.000101355 0)
(7.35888 -5.883e-05 0)
(7.35893 -2.61671e-05 0)
(7.35897 -9.77788e-06 0)
(7.35904 6.99424e-07 0)
(7.35914 7.2147e-06 0)
(7.35924 9.33265e-06 0)
(7.35932 9.41121e-06 0)
(7.35937 5.20178e-06 0)
(7.35977 0.000413066 0)
(7.36932 0.000648178 0)
(7.36937 9.08058e-05 0)
(7.36604 -0.000123769 0)
(7.36649 -0.000164345 0)
(7.36271 -0.000329785 0)
(7.36244 -0.000231443 0)
(7.36285 -5.30569e-05 0)
(7.35971 -5.99349e-05 0)
(7.35879 -9.16119e-05 0)
(7.35896 -5.07011e-05 0)
(7.35908 -2.01344e-05 0)
(7.35914 -8.41592e-06 0)
(7.35918 -7.2589e-06 0)
(7.35961 0.00041267 0)
(7.36929 0.000677151 0)
(7.36999 0.000396251 0)
(7.36989 0.000185892 0)
(7.36983 8.512e-05 0)
(7.36972 2.8703e-05 0)
(7.36913 -0.00030748 0)
(7.36587 -0.000313341 0)
(7.36632 -0.00025443 0)
(7.36251 -0.000374865 0)
(7.36217 -0.000253555 0)
(7.36254 -6.38592e-05 0)
(7.35935 -6.46605e-05 0)
(7.35842 -9.34309e-05 0)
(7.35859 -5.03486e-05 0)
(7.35873 -1.96725e-05 0)
(7.35882 -7.23444e-06 0)
(7.3589 -1.96982e-06 0)
(7.35896 5.71098e-07 0)
(7.35902 1.28853e-06 0)
(7.35907 1.42359e-06 0)
(7.3591 9.49991e-07 0)
(7.35912 6.55994e-07 0)
(7.35913 2.37842e-07 0)
(7.35913 -8.70241e-08 0)
(7.35912 -4.45042e-07 0)
(7.35911 -5.94568e-07 0)
(7.35911 -5.33216e-07 0)
(7.3591 -3.25373e-07 0)
(7.3591 -2.49255e-08 0)
(7.3591 1.28333e-07 0)
(7.3591 1.53229e-07 0)
(7.3591 2.43324e-07 0)
(7.3591 7.47661e-08 0)
(7.35911 1.09072e-07 0)
(7.3591 -1.78569e-09 0)
(7.3591 -1.01822e-07 0)
(7.3591 -3.34006e-07 0)
(7.35909 -4.88695e-07 0)
(7.35908 -5.11357e-07 0)
(7.35908 -3.89447e-07 0)
(7.35907 -1.78071e-07 0)
(7.35907 -2.25927e-07 0)
(7.35907 -1.49294e-07 0)
(7.35906 -1.55435e-07 0)
(7.35906 -1.58109e-07 0)
(7.35906 -8.787e-08 0)
(7.35905 -1.54071e-07 0)
(7.35905 -2.53626e-08 0)
(7.35905 -1.74938e-07 0)
(7.35905 -3.29146e-08 0)
(7.35905 -1.08473e-07 0)
(7.35904 -1.62358e-08 0)
(7.35904 -1.14307e-07 0)
(7.35904 4.04484e-08 0)
(7.35904 -1.29198e-07 0)
(7.35904 5.14658e-08 0)
(7.35904 -6.8566e-08 0)
(7.35904 3.35899e-08 0)
(7.35904 -4.08562e-08 0)
(7.35904 1.30077e-08 0)
(7.35904 -5.2422e-08 0)
(7.35904 -3.74635e-09 0)
(7.35904 1.27448e-08 0)
(7.35904 3.05836e-07 0)
(7.35904 1.03564e-06 0)
(7.35906 3.58931e-06 0)
(7.35914 2.07731e-05 0)
(6.06401 0.0014285 0)
(6.03823 0.00195317 0)
(6.03077 -0.000109352 0)
(6.03729 -0.000534026 0)
(6.03633 -0.000452752 0)
(6.04611 -0.000768375 0)
(6.04933 -0.000368312 0)
(6.05002 -0.000309287 0)
(6.05841 -0.000407333 0)
(6.06225 -0.000265962 0)
(6.06351 -0.000111743 0)
(6.06395 -4.53762e-05 0)
(6.06414 -1.74922e-05 0)
(6.06428 -3.79544e-06 0)
(6.06442 3.1132e-06 0)
(6.06455 5.94474e-06 0)
(6.06464 7.16779e-06 0)
(6.06467 4.18928e-06 0)
(6.06465 0.00139968 0)
(6.03864 0.00197034 0)
(6.03064 -9.96573e-05 0)
(6.03687 -0.000528324 0)
(6.03579 -0.000445041 0)
(6.04557 -0.000765254 0)
(6.04888 -0.000365153 0)
(6.04965 -0.000305511 0)
(6.05816 -0.000401744 0)
(6.0621 -0.000258888 0)
(6.06345 -0.000105102 0)
(6.06396 -4.0373e-05 0)
(6.06418 -1.57199e-05 0)
(6.06426 -4.61079e-06 0)
(6.06429 0.0013916 0)
(6.03845 0.0019778 0)
(6.03085 0.000791746 0)
(6.02869 0.000320306 0)
(6.02809 0.000137438 0)
(6.02789 4.7775e-05 0)
(6.02753 -0.00087608 0)
(6.03605 -0.000860138 0)
(6.03561 -0.000577178 0)
(6.04551 -0.000830096 0)
(6.04882 -0.000393835 0)
(6.04956 -0.000317853 0)
(6.05798 -0.00040748 0)
(6.06188 -0.000260829 0)
(6.06321 -0.000105069 0)
(6.06374 -4.027e-05 0)
(6.06398 -1.55304e-05 0)
(6.06412 -5.39206e-06 0)
(6.06421 -1.34964e-06 0)
(6.06427 4.95753e-08 0)
(6.06432 5.42218e-07 0)
(6.06435 4.52942e-07 0)
(6.06437 3.76083e-07 0)
(6.06438 1.89279e-07 0)
(6.06438 -1.08757e-08 0)
(6.06438 -2.49481e-07 0)
(6.06437 -3.9399e-07 0)
(6.06436 -3.76223e-07 0)
(6.06435 -2.50244e-07 0)
(6.06435 -1.58857e-08 0)
(6.06435 5.22722e-08 0)
(6.06435 8.64617e-08 0)
(6.06435 1.64153e-07 0)
(6.06435 7.222e-08 0)
(6.06435 9.26069e-08 0)
(6.06435 3.1306e-08 0)
(6.06435 -4.99701e-08 0)
(6.06435 -2.18523e-07 0)
(6.06434 -3.51038e-07 0)
(6.06434 -3.64419e-07 0)
(6.06433 -2.78685e-07 0)
(6.06433 -9.41917e-08 0)
(6.06432 -1.45826e-07 0)
(6.06432 -7.77071e-08 0)
(6.06431 -1.08753e-07 0)
(6.06431 -1.06248e-07 0)
(6.06431 -5.45424e-08 0)
(6.0643 -1.09942e-07 0)
(6.0643 1.52972e-08 0)
(6.0643 -1.07861e-07 0)
(6.0643 -8.42094e-09 0)
(6.0643 -6.25011e-08 0)
(6.06429 6.35979e-10 0)
(6.06429 -9.08001e-08 0)
(6.06429 4.69105e-08 0)
(6.06429 -1.0079e-07 0)
(6.06429 4.47568e-08 0)
(6.06429 -4.67691e-08 0)
(6.06429 3.76044e-08 0)
(6.06429 -2.01341e-08 0)
(6.06429 2.27287e-08 0)
(6.06429 -2.62857e-08 0)
(6.06429 -4.80984e-09 0)
(6.06429 1.97768e-08 0)
(6.06429 2.455e-07 0)
(6.06429 8.79835e-07 0)
(6.0643 2.64737e-06 0)
(6.06434 3.5527e-05 0)
)
;

boundaryField
{
    inlet
    {
        type            cyclic;
    }
    outlet
    {
        type            cyclic;
    }
    bottomWall
    {
        type            noSlip;
    }
    topWall
    {
        type            noSlip;
    }
    frontAndBack
    {
        type            empty;
    }
}


// ************************************************************************* //
