/*--------------------------------*- C++ -*----------------------------------*\
  =========                 |
  \\      /  F ield         | OpenFOAM: The Open Source CFD Toolbox
   \\    /   O peration     | Website:  https://openfoam.org
    \\  /    A nd           | Version:  11
     \\/     M anipulation  |
\*---------------------------------------------------------------------------*/
FoamFile
{
    format      ascii;
    class       surfaceScalarField;
    location    "200";
    object      phi;
}
// * * * * * * * * * * * * * * * * * * * * * * * * * * * * * * * * * * * * * //

dimensions      [0 3 -1 0 0 0 0];

internalField   nonuniform List<scalar> 
9850
(
3.53309e-06
9.87633e-11
3.53316e-06
-6.21006e-11
3.53311e-06
4.83727e-11
3.53305e-06
6.26135e-11
3.53299e-06
5.32721e-11
3.53294e-06
5.95321e-11
3.53287e-06
6.04631e-11
3.5328e-06
7.17837e-11
3.53272e-06
7.60788e-11
3.53263e-06
9.94632e-11
3.5325e-06
1.23085e-10
3.52729e-06
5.2178e-09
3.52412e-06
3.16275e-09
3.52636e-06
-2.23436e-09
3.52656e-06
-1.91333e-10
3.52638e-06
1.74091e-10
3.52633e-06
5.61057e-11
3.52629e-06
3.38253e-11
3.52627e-06
3.78997e-11
3.52624e-06
2.19305e-11
3.52624e-06
2.26212e-11
3.52622e-06
-2.8729e-12
3.52624e-06
2.53473e-12
3.52623e-06
-2.20296e-11
3.52627e-06
-1.92554e-11
3.52629e-06
-3.83322e-11
3.52634e-06
-3.5802e-11
3.52638e-06
-5.40212e-11
3.52645e-06
-4.61106e-11
3.52649e-06
-6.3891e-11
3.52656e-06
-5.01967e-11
3.5266e-06
-6.36908e-11
3.52667e-06
-5.16299e-11
3.52672e-06
-6.80357e-11
3.52671e-06
1.93569e-11
3.52827e-06
-1.57501e-09
3.53083e-06
-2.5574e-09
3.53211e-06
-1.2781e-09
3.53258e-06
-4.81338e-10
3.53276e-06
-1.74855e-10
3.53282e-06
-6.62707e-11
3.53286e-06
-2.66102e-11
3.53287e-06
-1.77513e-11
3.53288e-06
-1.0694e-11
3.53289e-06
-1.12427e-11
3.5329e-06
-5.82184e-12
3.5329e-06
-8.44419e-12
3.53291e-06
-3.35888e-12
3.53291e-06
-7.75951e-12
3.53292e-06
-4.05908e-12
3.53292e-06
-8.44677e-12
3.53294e-06
-5.64917e-12
3.53294e-06
-1.12391e-11
3.53296e-06
-8.41526e-12
3.53296e-06
-1.36686e-11
3.53298e-06
-9.39076e-12
3.53299e-06
-1.43834e-11
3.53301e-06
-9.24873e-12
3.53301e-06
-1.24114e-11
3.53303e-06
-8.15764e-12
3.53303e-06
-7.96443e-12
3.53304e-06
-4.38685e-12
3.53304e-06
-3.72045e-12
3.53304e-06
1.04778e-12
3.53303e-06
1.21041e-12
3.53303e-06
7.37716e-12
3.53302e-06
6.33523e-12
3.53301e-06
1.31516e-11
3.53299e-06
1.03572e-11
3.53299e-06
1.58384e-11
3.53297e-06
1.18938e-11
3.53296e-06
1.38294e-11
3.53295e-06
9.80113e-12
3.53295e-06
8.39011e-12
3.53294e-06
3.5719e-12
3.53294e-06
8.81176e-13
3.53294e-06
-4.80245e-12
3.53295e-06
-7.88621e-12
3.53296e-06
-1.36667e-11
3.53298e-06
-1.62078e-11
3.533e-06
-2.11941e-11
3.53303e-06
-2.29878e-11
3.53305e-06
-2.71378e-11
3.53308e-06
-2.82243e-11
3.53311e-06
-3.14713e-11
3.53315e-06
-3.17412e-11
3.53318e-06
-3.4571e-11
3.53321e-06
-3.43129e-11
3.53325e-06
-3.59185e-11
3.53328e-06
-3.48931e-11
3.53332e-06
-3.57093e-11
3.53335e-06
-3.38545e-11
3.53339e-06
-3.40965e-11
3.53342e-06
-3.12486e-11
3.53345e-06
-3.06775e-11
3.53348e-06
-2.46545e-11
3.53349e-06
-1.93761e-11
3.53349e-06
9.3823e-12
3.53342e-06
6.14756e-11
2.19052e-10
4.29194e-06
2.41566e-10
4.29176e-06
1.18376e-10
4.29169e-06
1.20461e-10
4.29164e-06
1.16078e-10
4.29158e-06
1.09741e-10
4.29152e-06
1.23699e-10
4.29145e-06
1.24714e-10
4.29138e-06
1.43419e-10
4.2913e-06
1.47094e-10
4.29118e-06
2.26195e-10
4.29113e-06
1.69308e-10
4.29355e-06
2.8112e-09
4.29446e-06
2.24274e-09
4.2927e-06
-4.68684e-10
4.2925e-06
7.73719e-12
4.29255e-06
1.2487e-10
4.29247e-06
1.46349e-10
4.29238e-06
1.18648e-10
4.29233e-06
9.88476e-11
4.29228e-06
5.70948e-11
4.29227e-06
5.03449e-11
4.29225e-06
2.13603e-12
4.29226e-06
6.20195e-12
4.29226e-06
-3.87398e-11
4.29229e-06
-3.77459e-11
4.29232e-06
-7.2812e-11
4.29236e-06
-7.11622e-11
4.2924e-06
-1.03562e-10
4.29246e-06
-9.23792e-11
4.29251e-06
-1.23985e-10
4.29257e-06
-1.02702e-10
4.29262e-06
-1.26195e-10
4.29269e-06
-1.04037e-10
4.29275e-06
-1.4132e-10
4.29286e-06
-8.93249e-11
4.29232e-06
-1.03685e-09
4.29151e-06
-1.75498e-09
4.29135e-06
-1.1138e-09
4.2914e-06
-5.39913e-10
4.29142e-06
-1.91361e-10
4.29141e-06
-5.84919e-11
4.29141e-06
-2.45248e-11
4.29142e-06
-2.55075e-11
4.29143e-06
-1.92516e-11
4.29143e-06
-2.18412e-11
4.29144e-06
-1.2934e-11
4.29145e-06
-1.69746e-11
4.29146e-06
-7.81864e-12
4.29146e-06
-1.4816e-11
4.29147e-06
-8.69708e-12
4.29147e-06
-1.65332e-11
4.29148e-06
-1.22171e-11
4.29149e-06
-2.21115e-11
4.2915e-06
-1.77216e-11
4.29151e-06
-2.71169e-11
4.29153e-06
-2.03509e-11
4.29154e-06
-2.87762e-11
4.29155e-06
-1.98464e-11
4.29156e-06
-2.46752e-11
4.29158e-06
-1.70405e-11
4.29158e-06
-1.63166e-11
4.29159e-06
-9.70551e-12
4.29159e-06
-7.96603e-12
4.29159e-06
9.84199e-13
4.29159e-06
2.05455e-12
4.29159e-06
1.35174e-11
4.29158e-06
1.26857e-11
4.29157e-06
2.50226e-11
4.29155e-06
2.12153e-11
4.29154e-06
3.12619e-11
4.29153e-06
2.51764e-11
4.29152e-06
2.82583e-11
4.2915e-06
2.10191e-11
4.2915e-06
1.7658e-11
4.29149e-06
8.34819e-12
4.29149e-06
2.29548e-12
4.29149e-06
-8.70111e-12
4.2915e-06
-1.55364e-11
4.29151e-06
-2.65627e-11
4.29153e-06
-3.24477e-11
4.29155e-06
-4.20548e-11
4.29158e-06
-4.64397e-11
4.2916e-06
-5.43101e-11
4.29163e-06
-5.71133e-11
4.29166e-06
-6.32544e-11
4.2917e-06
-6.44308e-11
4.29173e-06
-6.95752e-11
4.29176e-06
-6.94703e-11
4.2918e-06
-7.25137e-11
4.29184e-06
-7.08356e-11
4.29187e-06
-7.22985e-11
4.29191e-06
-6.89423e-11
4.29194e-06
-6.90902e-11
4.29198e-06
-6.3887e-11
4.29201e-06
-6.25394e-11
4.29204e-06
-5.23304e-11
4.29206e-06
-4.60529e-11
4.29207e-06
5.49445e-13
4.29208e-06
5.22522e-11
2.11128e-10
4.73298e-06
4.5473e-10
4.7328e-06
3.03897e-10
4.73276e-06
1.56397e-10
4.73275e-06
1.32842e-10
4.7327e-06
1.51332e-10
4.73264e-06
1.83861e-10
4.73258e-06
1.88613e-10
4.73251e-06
2.1385e-10
4.73243e-06
2.17135e-10
4.73233e-06
3.3957e-10
4.73237e-06
1.23363e-10
4.73371e-06
1.47726e-09
4.7341e-06
1.84716e-09
4.73312e-06
5.09323e-10
4.73312e-06
1.22436e-11
4.73328e-06
-3.10573e-11
4.73326e-06
1.62891e-10
4.7332e-06
1.82994e-10
4.73314e-06
1.57546e-10
4.7331e-06
9.63333e-11
4.73308e-06
8.1725e-11
4.73306e-06
1.37826e-11
4.73306e-06
1.41469e-11
4.73306e-06
-4.87575e-11
4.73308e-06
-5.17142e-11
4.7331e-06
-1.01351e-10
4.73314e-06
-1.02666e-10
4.73318e-06
-1.47737e-10
4.73323e-06
-1.36023e-10
4.73328e-06
-1.79738e-10
4.73334e-06
-1.54115e-10
4.73339e-06
-1.85942e-10
4.73345e-06
-1.56428e-10
4.73351e-06
-2.12823e-10
4.73359e-06
-1.68797e-10
4.7332e-06
-6.4413e-10
4.73257e-06
-1.1304e-09
4.7324e-06
-9.4311e-10
4.73245e-06
-5.91781e-10
4.73247e-06
-2.15266e-10
4.73247e-06
-5.55929e-11
4.73247e-06
-2.45974e-11
4.73248e-06
-3.44387e-11
4.73249e-06
-2.95366e-11
4.7325e-06
-3.35539e-11
4.73251e-06
-2.15738e-11
4.73252e-06
-2.61704e-11
4.73253e-06
-1.35002e-11
4.73253e-06
-2.22506e-11
4.73254e-06
-1.44141e-11
4.73254e-06
-2.51775e-11
4.73255e-06
-2.00948e-11
4.73256e-06
-3.37506e-11
4.73258e-06
-2.86118e-11
4.73259e-06
-4.16031e-11
4.7326e-06
-3.32269e-11
4.73262e-06
-4.42788e-11
4.73263e-06
-3.22612e-11
4.73265e-06
-3.78957e-11
4.73266e-06
-2.73917e-11
4.73267e-06
-2.55501e-11
4.73267e-06
-1.62435e-11
4.73268e-06
-1.27978e-11
4.73268e-06
4.80237e-14
4.73267e-06
2.71225e-12
4.73267e-06
1.91512e-11
4.73266e-06
1.94194e-11
4.73265e-06
3.6834e-11
4.73264e-06
3.30932e-11
4.73263e-06
4.72334e-11
4.73261e-06
3.98135e-11
4.7326e-06
4.36875e-11
4.73258e-06
3.33893e-11
4.73257e-06
2.78388e-11
4.73257e-06
1.37428e-11
4.73257e-06
4.04368e-12
4.73257e-06
-1.27178e-11
4.73258e-06
-2.35332e-11
4.73259e-06
-4.02854e-11
4.73261e-06
-4.95791e-11
4.73263e-06
-6.4247e-11
4.73266e-06
-7.11091e-11
4.73268e-06
-8.30112e-11
4.73272e-06
-8.74809e-11
4.73275e-06
-9.66418e-11
4.73278e-06
-9.88335e-11
4.73282e-06
-1.06141e-10
4.73286e-06
-1.06366e-10
4.73289e-06
-1.10593e-10
4.73293e-06
-1.08558e-10
4.73297e-06
-1.10254e-10
4.73301e-06
-1.0575e-10
4.73304e-06
-1.05291e-10
4.73308e-06
-9.80302e-11
4.73311e-06
-9.55155e-11
4.73314e-06
-8.17567e-11
4.73317e-06
-7.54899e-11
4.73318e-06
-1.46741e-11
4.73322e-06
1.77574e-11
2.34415e-10
5.03325e-06
7.15079e-10
5.03312e-06
4.38478e-10
5.03312e-06
1.51874e-10
5.03313e-06
1.28404e-10
5.03309e-06
1.83216e-10
5.03304e-06
2.39021e-10
5.03297e-06
2.50613e-10
5.03291e-06
2.82092e-10
5.03284e-06
2.86453e-10
5.03274e-06
4.34817e-10
5.03279e-06
7.5573e-11
5.03319e-06
1.08284e-09
5.033e-06
2.03618e-09
5.03247e-06
1.03494e-09
5.03255e-06
-6.80205e-11
5.03271e-06
-1.84768e-10
5.03273e-06
1.45224e-10
5.03268e-06
2.26442e-10
5.03264e-06
2.09434e-10
5.03259e-06
1.37019e-10
5.03257e-06
1.15373e-10
5.03254e-06
3.1536e-11
5.03254e-06
2.63407e-11
5.03253e-06
-5.17653e-11
5.03254e-06
-6.06993e-11
5.03256e-06
-1.23173e-10
5.03259e-06
-1.29469e-10
5.03263e-06
-1.85701e-10
5.03267e-06
-1.76201e-10
5.03272e-06
-2.30049e-10
5.03277e-06
-2.03063e-10
5.03282e-06
-2.4151e-10
5.03288e-06
-2.0778e-10
5.03294e-06
-2.78519e-10
5.03299e-06
-2.16479e-10
5.0328e-06
-4.61944e-10
5.03257e-06
-8.97582e-10
5.03259e-06
-9.70094e-10
5.03271e-06
-7.06814e-10
5.03277e-06
-2.72041e-10
5.03278e-06
-7.32572e-11
5.03279e-06
-3.51232e-11
5.03281e-06
-4.77515e-11
5.03282e-06
-4.25242e-11
5.03283e-06
-4.65244e-11
5.03284e-06
-3.16721e-11
5.03285e-06
-3.58706e-11
5.03286e-06
-2.04188e-11
5.03287e-06
-3.0184e-11
5.03288e-06
-2.1422e-11
5.03288e-06
-3.45286e-11
5.03289e-06
-2.95939e-11
5.0329e-06
-4.63705e-11
5.03292e-06
-4.14559e-11
5.03293e-06
-5.73018e-11
5.03295e-06
-4.8193e-11
5.03296e-06
-6.08997e-11
5.03298e-06
-4.65483e-11
5.03299e-06
-5.22513e-11
5.03301e-06
-3.90463e-11
5.03302e-06
-3.58072e-11
5.03303e-06
-2.36217e-11
5.03303e-06
-1.81167e-11
5.03303e-06
-1.46058e-12
5.03303e-06
3.51281e-12
5.03303e-06
2.45723e-11
5.03302e-06
2.69597e-11
5.03301e-06
4.89923e-11
5.03299e-06
4.64348e-11
5.03298e-06
6.40391e-11
5.03296e-06
5.60216e-11
5.03294e-06
6.00386e-11
5.03293e-06
4.6984e-11
5.03292e-06
3.84752e-11
5.03291e-06
1.96919e-11
5.03291e-06
5.41109e-12
5.03292e-06
-1.69519e-11
5.03293e-06
-3.27097e-11
5.03294e-06
-5.48044e-11
5.03296e-06
-6.84352e-11
5.03298e-06
-8.75378e-11
5.03301e-06
-9.7712e-11
5.03304e-06
-1.12991e-10
5.03307e-06
-1.19737e-10
5.03311e-06
-1.31408e-10
5.03314e-06
-1.34997e-10
5.03318e-06
-1.44064e-10
5.03322e-06
-1.44808e-10
5.03326e-06
-1.49994e-10
5.0333e-06
-1.47589e-10
5.03334e-06
-1.49394e-10
5.03337e-06
-1.43597e-10
5.03341e-06
-1.42373e-10
5.03345e-06
-1.32983e-10
5.03348e-06
-1.29052e-10
5.03351e-06
-1.1204e-10
5.03354e-06
-1.05967e-10
5.03356e-06
-3.31013e-11
5.0336e-06
-2.67832e-11
3.24349e-10
5.25982e-06
9.8226e-10
5.25973e-06
5.29462e-10
5.25975e-06
1.3064e-10
5.25976e-06
1.20364e-10
5.25973e-06
2.11773e-10
5.25968e-06
2.90194e-10
5.25962e-06
3.09871e-10
5.25955e-06
3.47669e-10
5.25948e-06
3.54183e-10
5.2594e-06
5.15913e-10
5.25941e-06
6.68558e-11
5.25944e-06
1.05938e-09
5.25909e-06
2.38279e-09
5.25873e-06
1.3951e-09
5.25875e-06
-9.15266e-11
5.25884e-06
-2.68836e-10
5.25885e-06
1.35147e-10
5.25881e-06
2.62749e-10
5.25877e-06
2.57085e-10
5.25872e-06
1.78363e-10
5.25869e-06
1.50937e-10
5.25867e-06
5.39592e-11
5.25865e-06
4.25918e-11
5.25865e-06
-4.88662e-11
5.25865e-06
-6.46226e-11
5.25867e-06
-1.38864e-10
5.25869e-06
-1.51181e-10
5.25872e-06
-2.1766e-10
5.25876e-06
-2.1187e-10
5.2588e-06
-2.74784e-10
5.25885e-06
-2.48271e-10
5.2589e-06
-2.92527e-10
5.25895e-06
-2.56646e-10
5.259e-06
-3.37294e-10
5.25904e-06
-2.50327e-10
5.25898e-06
-4.0728e-10
5.25897e-06
-8.8748e-10
5.2591e-06
-1.09983e-09
5.25924e-06
-8.45602e-10
5.25931e-06
-3.45885e-10
5.25934e-06
-1.06426e-10
5.25937e-06
-5.48208e-11
5.25938e-06
-6.51223e-11
5.2594e-06
-5.7655e-11
5.25941e-06
-6.04284e-11
5.25942e-06
-4.27105e-11
5.25943e-06
-4.60055e-11
5.25944e-06
-2.8241e-11
5.25945e-06
-3.86768e-11
5.25946e-06
-2.95159e-11
5.25947e-06
-4.47566e-11
5.25948e-06
-4.0539e-11
5.25949e-06
-6.01994e-11
5.25951e-06
-5.60417e-11
5.25952e-06
-7.43593e-11
5.25954e-06
-6.49278e-11
5.25956e-06
-7.8711e-11
5.25957e-06
-6.23478e-11
5.25959e-06
-6.74999e-11
5.2596e-06
-5.18108e-11
5.25961e-06
-4.66096e-11
5.25962e-06
-3.16858e-11
5.25963e-06
-2.35536e-11
5.25963e-06
-3.17631e-12
5.25963e-06
4.68931e-12
5.25962e-06
3.03119e-11
5.25961e-06
3.5494e-11
5.2596e-06
6.19808e-11
5.25958e-06
6.12481e-11
5.25957e-06
8.19149e-11
5.25955e-06
7.35678e-11
5.25953e-06
7.73361e-11
5.25952e-06
6.12792e-11
5.25951e-06
4.94676e-11
5.2595e-06
2.54853e-11
5.2595e-06
6.33703e-12
5.25951e-06
-2.21613e-11
5.25952e-06
-4.29372e-11
5.25953e-06
-7.08123e-11
5.25955e-06
-8.85751e-11
5.25958e-06
-1.12447e-10
5.25961e-06
-1.25547e-10
5.25964e-06
-1.4441e-10
5.25967e-06
-1.53132e-10
5.25971e-06
-1.67341e-10
5.25974e-06
-1.72188e-10
5.25978e-06
-1.82855e-10
5.25982e-06
-1.84115e-10
5.25986e-06
-1.89974e-10
5.2599e-06
-1.87332e-10
5.25994e-06
-1.88824e-10
5.25998e-06
-1.81948e-10
5.26002e-06
-1.79514e-10
5.26005e-06
-1.68164e-10
5.26008e-06
-1.62479e-10
5.26011e-06
-1.4241e-10
5.26014e-06
-1.36409e-10
5.26017e-06
-5.31186e-11
5.26021e-06
-7.17631e-11
4.49654e-10
5.44281e-06
1.22912e-09
5.44275e-06
5.92339e-10
5.44277e-06
1.08485e-10
5.44277e-06
1.16983e-10
5.44274e-06
2.39696e-10
5.4427e-06
3.37618e-10
5.44264e-06
3.65776e-10
5.44258e-06
4.09965e-10
5.44251e-06
4.19643e-10
5.44244e-06
5.87196e-10
5.44241e-06
9.55984e-11
5.44234e-06
1.13523e-09
5.44204e-06
2.67822e-09
5.44177e-06
1.66467e-09
5.44173e-06
-4.78646e-11
5.44174e-06
-2.82172e-10
5.44173e-06
1.46622e-10
5.44169e-06
3.00197e-10
5.44165e-06
3.03061e-10
5.44161e-06
2.20231e-10
5.44158e-06
1.87612e-10
5.44154e-06
7.98611e-11
5.44153e-06
6.19689e-11
5.44152e-06
-4.10581e-11
5.44152e-06
-6.42094e-11
5.44153e-06
-1.49006e-10
5.44155e-06
-1.68014e-10
5.44157e-06
-2.43804e-10
5.44161e-06
-2.42891e-10
5.44164e-06
-3.13826e-10
5.44168e-06
-2.89182e-10
5.44173e-06
-3.38532e-10
5.44177e-06
-3.02169e-10
5.44182e-06
-3.89232e-10
5.44186e-06
-2.81089e-10
5.44186e-06
-4.12128e-10
5.44193e-06
-9.56977e-10
5.44207e-06
-1.24148e-09
5.44219e-06
-9.70467e-10
5.44227e-06
-4.19258e-10
5.4423e-06
-1.46387e-10
5.44233e-06
-7.99449e-11
5.44235e-06
-8.50051e-11
5.44237e-06
-7.40532e-11
5.44238e-06
-7.47382e-11
5.44239e-06
-5.42557e-11
5.4424e-06
-5.62751e-11
5.44241e-06
-3.66852e-11
5.44242e-06
-4.75953e-11
5.44243e-06
-3.85531e-11
5.44244e-06
-5.57742e-11
5.44245e-06
-5.28374e-11
5.44247e-06
-7.51307e-11
5.44248e-06
-7.22205e-11
5.4425e-06
-9.25803e-11
5.44252e-06
-8.31458e-11
5.44254e-06
-9.74013e-11
5.44256e-06
-7.92635e-11
5.44257e-06
-8.34248e-11
5.44259e-06
-6.51383e-11
5.4426e-06
-5.78459e-11
5.44261e-06
-3.98707e-11
5.44261e-06
-2.8927e-11
5.44261e-06
-4.69546e-12
5.44261e-06
6.52702e-12
5.4426e-06
3.66773e-11
5.44259e-06
4.52639e-11
5.44258e-06
7.60465e-11
5.44256e-06
7.76559e-11
5.44254e-06
1.00965e-10
5.44253e-06
9.2444e-11
5.44251e-06
9.53552e-11
5.44249e-06
7.62207e-11
5.44248e-06
6.03488e-11
5.44248e-06
3.10897e-11
5.44248e-06
6.30466e-12
5.44248e-06
-2.81789e-11
5.44249e-06
-5.46262e-11
5.44251e-06
-8.78251e-11
5.44253e-06
-1.10272e-10
5.44256e-06
-1.38195e-10
5.44259e-06
-1.54706e-10
5.44262e-06
-1.76434e-10
5.44265e-06
-1.87438e-10
5.44269e-06
-2.03644e-10
5.44273e-06
-2.09875e-10
5.44277e-06
-2.21781e-10
5.44281e-06
-2.23557e-10
5.44285e-06
-2.29915e-10
5.44289e-06
-2.2688e-10
5.44292e-06
-2.28036e-10
5.44296e-06
-2.19845e-10
5.443e-06
-2.16199e-10
5.44303e-06
-2.02749e-10
5.44307e-06
-1.95231e-10
5.4431e-06
-1.72202e-10
5.44313e-06
-1.66139e-10
5.44315e-06
-7.36516e-11
5.44319e-06
-1.13917e-10
5.83704e-10
5.59764e-06
1.44858e-09
5.5976e-06
6.37172e-10
5.59762e-06
9.1205e-11
5.59761e-06
1.19036e-10
5.59759e-06
2.6688e-10
5.59754e-06
3.8093e-10
5.59749e-06
4.17649e-10
5.59743e-06
4.68361e-10
5.59737e-06
4.81954e-10
5.59731e-06
6.51346e-10
5.59725e-06
1.48455e-10
5.59717e-06
1.219e-09
5.59697e-06
2.87529e-09
5.59678e-06
1.86079e-09
5.5967e-06
3.14847e-11
5.59666e-06
-2.48586e-10
5.59664e-06
1.76719e-10
5.59659e-06
3.40662e-10
5.59655e-06
3.47929e-10
5.59651e-06
2.61958e-10
5.59648e-06
2.24488e-10
5.59644e-06
1.08001e-10
5.59643e-06
8.34846e-11
5.59641e-06
-2.94531e-11
5.59641e-06
-6.01489e-11
5.59641e-06
-1.54343e-10
5.59643e-06
-1.80347e-10
5.59645e-06
-2.64444e-10
5.59647e-06
-2.69094e-10
5.5965e-06
-3.47045e-10
5.59654e-06
-3.25373e-10
5.59658e-06
-3.79181e-10
5.59663e-06
-3.43607e-10
5.59667e-06
-4.34697e-10
5.5967e-06
-3.11962e-10
5.59672e-06
-4.38934e-10
5.5968e-06
-1.03588e-09
5.59692e-06
-1.35455e-09
5.59701e-06
-1.06585e-09
5.59707e-06
-4.82676e-10
5.59711e-06
-1.86741e-10
5.59714e-06
-1.07118e-10
5.59716e-06
-1.05787e-10
5.59718e-06
-9.08171e-11
5.59719e-06
-8.8893e-11
5.5972e-06
-6.58549e-11
5.59721e-06
-6.64164e-11
5.59722e-06
-4.54806e-11
5.59723e-06
-5.67481e-11
5.59724e-06
-4.82925e-11
5.59725e-06
-6.74333e-11
5.59727e-06
-6.62237e-11
5.59728e-06
-9.09943e-11
5.5973e-06
-8.96581e-11
5.59732e-06
-1.11713e-10
5.59734e-06
-1.0246e-10
5.59736e-06
-1.16698e-10
5.59738e-06
-9.69221e-11
5.59739e-06
-9.9573e-11
5.59741e-06
-7.88143e-11
5.59742e-06
-6.89266e-11
5.59743e-06
-4.80132e-11
5.59743e-06
-3.37719e-11
5.59743e-06
-5.72727e-12
5.59743e-06
9.31982e-12
5.59742e-06
4.39833e-11
5.59741e-06
5.64423e-11
5.59739e-06
9.13437e-11
5.59738e-06
9.5611e-11
5.59736e-06
1.21097e-10
5.59734e-06
1.12369e-10
5.59732e-06
1.13954e-10
5.5973e-06
9.13193e-11
5.59729e-06
7.10408e-11
5.59729e-06
3.59924e-11
5.59729e-06
5.4284e-12
5.5973e-06
-3.54343e-11
5.59731e-06
-6.73793e-11
5.59733e-06
-1.06133e-10
5.59735e-06
-1.32786e-10
5.59738e-06
-1.64906e-10
5.59741e-06
-1.84207e-10
5.59744e-06
-2.08856e-10
5.59747e-06
-2.21653e-10
5.59751e-06
-2.39785e-10
5.59755e-06
-2.47125e-10
5.59758e-06
-2.60084e-10
5.59762e-06
-2.62291e-10
5.59766e-06
-2.68879e-10
5.5977e-06
-2.65554e-10
5.59774e-06
-2.66018e-10
5.59778e-06
-2.56744e-10
5.59781e-06
-2.51562e-10
5.59784e-06
-2.36229e-10
5.59788e-06
-2.26681e-10
5.5979e-06
-2.00893e-10
5.59793e-06
-1.94581e-10
5.59795e-06
-9.40474e-11
5.59799e-06
-1.51629e-10
7.12126e-10
5.73306e-06
1.63884e-09
5.73303e-06
6.69929e-10
5.73304e-06
7.82549e-11
5.73304e-06
1.24464e-10
5.73301e-06
2.91955e-10
5.73297e-06
4.19422e-10
5.73293e-06
4.64728e-10
5.73287e-06
5.22155e-10
5.73281e-06
5.40148e-10
5.73276e-06
7.09381e-10
5.73269e-06
2.12862e-10
5.73262e-06
1.28873e-09
5.73251e-06
2.98849e-09
5.73237e-06
1.99617e-09
5.73229e-06
1.19516e-10
5.73223e-06
-1.918e-10
5.73219e-06
2.1777e-10
5.73215e-06
3.82619e-10
5.73211e-06
3.91297e-10
5.73206e-06
3.0253e-10
5.73203e-06
2.60604e-10
5.732e-06
1.36901e-10
5.73198e-06
1.06173e-10
5.73196e-06
-1.52699e-11
5.73196e-06
-5.31938e-11
5.73196e-06
-1.55636e-10
5.73197e-06
-1.88401e-10
5.73198e-06
-2.79928e-10
5.732e-06
-2.90327e-10
5.73203e-06
-3.74559e-10
5.73206e-06
-3.56317e-10
5.73209e-06
-4.14202e-10
5.73213e-06
-3.80171e-10
5.73217e-06
-4.73976e-10
5.7322e-06
-3.42392e-10
5.73223e-06
-4.70836e-10
5.7323e-06
-1.10006e-09
5.73237e-06
-1.43161e-09
5.73244e-06
-1.13143e-09
5.73249e-06
-5.33457e-10
5.73252e-06
-2.24019e-10
5.73255e-06
-1.33884e-10
5.73257e-06
-1.26212e-10
5.73259e-06
-1.07143e-10
5.7326e-06
-1.02464e-10
5.73261e-06
-7.70855e-11
5.73262e-06
-7.61796e-11
5.73263e-06
-5.42695e-11
5.73264e-06
-6.59681e-11
5.73265e-06
-5.84619e-11
5.73266e-06
-7.95604e-11
5.73268e-06
-8.04047e-11
5.73269e-06
-1.07549e-10
5.73271e-06
-1.07976e-10
5.73273e-06
-1.31439e-10
5.73275e-06
-1.22397e-10
5.73277e-06
-1.3621e-10
5.73279e-06
-1.14786e-10
5.73281e-06
-1.15663e-10
5.73282e-06
-9.2224e-11
5.73283e-06
-7.97217e-11
5.73284e-06
-5.55458e-11
5.73284e-06
-3.79448e-11
5.73284e-06
-5.89496e-12
5.73284e-06
1.32411e-11
5.73283e-06
5.2458e-11
5.73282e-06
6.90766e-11
5.7328e-06
1.07979e-10
5.73278e-06
1.15015e-10
5.73276e-06
1.42296e-10
5.73274e-06
1.33184e-10
5.73272e-06
1.32856e-10
5.73271e-06
1.06494e-10
5.7327e-06
8.1156e-11
5.73269e-06
4.02574e-11
5.73269e-06
3.38772e-12
5.7327e-06
-4.35779e-11
5.73272e-06
-8.13504e-11
5.73273e-06
-1.25048e-10
5.73276e-06
-1.56126e-10
5.73278e-06
-1.916e-10
5.73281e-06
-2.13881e-10
5.73285e-06
-2.40651e-10
5.73288e-06
-2.55318e-10
5.73291e-06
-2.74798e-10
5.73295e-06
-2.83214e-10
5.73299e-06
-2.96883e-10
5.73302e-06
-2.99431e-10
5.73306e-06
-3.06131e-10
5.7331e-06
-3.02343e-10
5.73313e-06
-3.02199e-10
5.73317e-06
-2.91641e-10
5.7332e-06
-2.85074e-10
5.73323e-06
-2.67785e-10
5.73326e-06
-2.56308e-10
5.73329e-06
-2.27906e-10
5.73332e-06
-2.2129e-10
5.73334e-06
-1.13717e-10
5.73337e-06
-1.85335e-10
8.30355e-10
5.85442e-06
1.80323e-09
5.85439e-06
6.93134e-10
5.8544e-06
6.78831e-11
5.8544e-06
1.30407e-10
5.85438e-06
3.13612e-10
5.85434e-06
4.52394e-10
5.8543e-06
5.06383e-10
5.85425e-06
5.70355e-10
5.8542e-06
5.92972e-10
5.85415e-06
7.6072e-10
5.85408e-06
2.79562e-10
5.85403e-06
1.34245e-09
5.85397e-06
3.0434e-09
5.85389e-06
2.08444e-09
5.8538e-06
2.01013e-10
5.85374e-06
-1.28138e-10
5.8537e-06
2.62084e-10
5.85366e-06
4.23458e-10
5.85362e-06
4.31529e-10
5.85358e-06
3.40705e-10
5.85355e-06
2.94532e-10
5.85352e-06
1.65569e-10
5.8535e-06
1.28823e-10
5.85348e-06
7.44646e-13
5.85347e-06
-4.4096e-11
5.85346e-06
-1.53279e-10
5.85347e-06
-1.92593e-10
5.85348e-06
-2.90196e-10
5.8535e-06
-3.0654e-10
5.85352e-06
-3.95803e-10
5.85354e-06
-3.81689e-10
5.85357e-06
-4.42861e-10
5.8536e-06
-4.11271e-10
5.85363e-06
-5.06625e-10
5.85366e-06
-3.70743e-10
5.85369e-06
-5.00323e-10
5.85374e-06
-1.14549e-09
5.85378e-06
-1.47791e-09
5.85382e-06
-1.17253e-09
5.85386e-06
-5.72235e-10
5.85389e-06
-2.56561e-10
5.85392e-06
-1.58789e-10
5.85394e-06
-1.45234e-10
5.85395e-06
-1.22425e-10
5.85397e-06
-1.14933e-10
5.85398e-06
-8.76308e-11
5.85399e-06
-8.52386e-11
5.854e-06
-6.28842e-11
5.854e-06
-7.49614e-11
5.85401e-06
-6.88471e-11
5.85403e-06
-9.18369e-11
5.85404e-06
-9.5097e-11
5.85406e-06
-1.24407e-10
5.85408e-06
-1.26815e-10
5.8541e-06
-1.51298e-10
5.85412e-06
-1.42577e-10
5.85414e-06
-1.55492e-10
5.85415e-06
-1.3253e-10
5.85417e-06
-1.31167e-10
5.85418e-06
-1.05181e-10
5.85419e-06
-8.96145e-11
5.8542e-06
-6.23175e-11
5.8542e-06
-4.09472e-11
5.8542e-06
-4.9872e-12
5.8542e-06
1.85862e-11
5.85419e-06
6.22308e-11
5.85417e-06
8.32872e-11
5.85415e-06
1.25856e-10
5.85413e-06
1.35751e-10
5.85411e-06
1.64221e-10
5.85409e-06
1.54546e-10
5.85407e-06
1.51784e-10
5.85406e-06
1.21265e-10
5.85405e-06
9.05999e-11
5.85404e-06
4.34809e-11
5.85405e-06
3.53129e-13
5.85406e-06
-5.28754e-11
5.85407e-06
-9.60612e-11
5.85409e-06
-1.44675e-10
5.85411e-06
-1.79471e-10
5.85414e-06
-2.18223e-10
5.85417e-06
-2.42677e-10
5.8542e-06
-2.71444e-10
5.85423e-06
-2.87356e-10
5.85427e-06
-3.07989e-10
5.8543e-06
-3.17119e-10
5.85433e-06
-3.31266e-10
5.85437e-06
-3.34037e-10
5.8544e-06
-3.40596e-10
5.85444e-06
-3.36472e-10
5.85447e-06
-3.35444e-10
5.8545e-06
-3.23908e-10
5.85453e-06
-3.15763e-10
5.85456e-06
-2.9685e-10
5.85459e-06
-2.83397e-10
5.85461e-06
-2.52714e-10
5.85464e-06
-2.45698e-10
5.85466e-06
-1.32288e-10
5.85469e-06
-2.14543e-10
9.36371e-10
5.96517e-06
1.94195e-09
5.96515e-06
7.08546e-10
5.96516e-06
5.78261e-11
5.96516e-06
1.34983e-10
5.96514e-06
3.30739e-10
5.96511e-06
4.79408e-10
5.96508e-06
5.41712e-10
5.96504e-06
6.11852e-10
5.96499e-06
6.38589e-10
5.96495e-06
8.03997e-10
5.96488e-06
3.41803e-10
5.96485e-06
1.38168e-09
5.96483e-06
3.05991e-09
5.96478e-06
2.13756e-09
5.96471e-06
2.6964e-10
5.96465e-06
-6.75228e-11
5.96461e-06
3.04135e-10
5.96457e-06
4.6034e-10
5.96453e-06
4.67347e-10
5.9645e-06
3.74959e-10
5.96447e-06
3.25437e-10
5.96444e-06
1.92391e-10
5.96442e-06
1.50835e-10
5.9644e-06
1.74212e-11
5.96439e-06
-3.31739e-11
5.96439e-06
-1.47846e-10
5.96439e-06
-1.92649e-10
5.96439e-06
-2.95377e-10
5.9644e-06
-3.17029e-10
5.96442e-06
-4.10777e-10
5.96444e-06
-4.00467e-10
5.96446e-06
-4.64751e-10
5.96448e-06
-4.35719e-10
5.96451e-06
-5.32379e-10
5.96453e-06
-3.94912e-10
5.96456e-06
-5.24783e-10
5.96458e-06
-1.17447e-09
5.96461e-06
-1.50153e-09
5.96463e-06
-1.19539e-09
5.96466e-06
-6.00642e-10
5.96469e-06
-2.83874e-10
5.96471e-06
-1.80732e-10
5.96472e-06
-1.62204e-10
5.96474e-06
-1.36046e-10
5.96475e-06
-1.26046e-10
5.96476e-06
-9.70972e-11
5.96477e-06
-9.3469e-11
5.96478e-06
-7.09256e-11
5.96478e-06
-8.36298e-11
5.96479e-06
-7.91063e-11
5.96481e-06
-1.04121e-10
5.96482e-06
-1.09885e-10
5.96484e-06
-1.41332e-10
5.96486e-06
-1.45652e-10
5.96488e-06
-1.70977e-10
5.9649e-06
-1.62398e-10
5.96491e-06
-1.74178e-10
5.96493e-06
-1.49502e-10
5.96495e-06
-1.45799e-10
5.96496e-06
-1.17017e-10
5.96497e-06
-9.8476e-11
5.96497e-06
-6.77623e-11
5.96497e-06
-4.26924e-11
5.96497e-06
-2.64575e-12
5.96497e-06
2.5398e-11
5.96495e-06
7.34869e-11
5.96494e-06
9.89296e-11
5.96492e-06
1.45003e-10
5.9649e-06
1.57506e-10
5.96488e-06
1.86796e-10
5.96485e-06
1.76136e-10
5.96484e-06
1.70417e-10
5.96482e-06
1.35469e-10
5.96481e-06
9.89944e-11
5.96481e-06
4.56943e-11
5.96482e-06
-3.93779e-12
5.96483e-06
-6.29835e-11
5.96484e-06
-1.11586e-10
5.96486e-06
-1.64333e-10
5.96488e-06
-2.02746e-10
5.96491e-06
-2.43791e-10
5.96494e-06
-2.70323e-10
5.96497e-06
-3.00184e-10
5.965e-06
-3.17188e-10
5.96503e-06
-3.38333e-10
5.96506e-06
-3.47985e-10
5.96509e-06
-3.62254e-10
5.96512e-06
-3.65071e-10
5.96515e-06
-3.71411e-10
5.96518e-06
-3.66769e-10
5.96521e-06
-3.65038e-10
5.96524e-06
-3.52384e-10
5.96526e-06
-3.42961e-10
5.96529e-06
-3.2245e-10
5.96531e-06
-3.07309e-10
5.96534e-06
-2.74607e-10
5.96536e-06
-2.67274e-10
5.96537e-06
-1.49222e-10
5.9654e-06
-2.39524e-10
1.03032e-09
6.06762e-06
2.05638e-09
6.06761e-06
7.16599e-10
6.06762e-06
4.72852e-11
6.06762e-06
1.36921e-10
6.06761e-06
3.43048e-10
6.06759e-06
5.00072e-10
6.06756e-06
5.69991e-10
6.06753e-06
6.44958e-10
6.06749e-06
6.74899e-10
6.06746e-06
8.36675e-10
6.06741e-06
3.94604e-10
6.06738e-06
1.40658e-09
6.06739e-06
3.04977e-09
6.06737e-06
2.16341e-09
6.06731e-06
3.22666e-10
6.06726e-06
-1.55442e-11
6.06723e-06
3.39529e-10
6.0672e-06
4.90824e-10
6.06717e-06
4.96664e-10
6.06714e-06
4.03981e-10
6.06711e-06
3.51736e-10
6.06709e-06
2.16754e-10
6.06707e-06
1.71088e-10
6.06705e-06
3.45301e-11
6.06704e-06
-2.09249e-11
6.06703e-06
-1.39182e-10
6.06703e-06
-1.88706e-10
6.06703e-06
-2.94873e-10
6.06703e-06
-3.21524e-10
6.06704e-06
-4.18323e-10
6.06705e-06
-4.12111e-10
6.06706e-06
-4.78621e-10
6.06708e-06
-4.52768e-10
6.0671e-06
-5.5003e-10
6.06712e-06
-4.13274e-10
6.06713e-06
-5.42239e-10
6.06715e-06
-1.1899e-09
6.06715e-06
-1.50853e-09
6.06716e-06
-1.20448e-09
6.06718e-06
-6.20157e-10
6.0672e-06
-3.05598e-10
6.06722e-06
-1.99173e-10
6.06724e-06
-1.76439e-10
6.06725e-06
-1.47627e-10
6.06726e-06
-1.35342e-10
6.06727e-06
-1.05289e-10
6.06727e-06
-1.00538e-10
6.06728e-06
-7.83393e-11
6.06729e-06
-9.1654e-11
6.0673e-06
-8.90871e-11
6.06731e-06
-1.16021e-10
6.06732e-06
-1.24517e-10
6.06734e-06
-1.57831e-10
6.06736e-06
-1.64154e-10
6.06738e-06
-1.89913e-10
6.0674e-06
-1.81514e-10
6.06741e-06
-1.91732e-10
6.06743e-06
-1.65433e-10
6.06744e-06
-1.59e-10
6.06746e-06
-1.27569e-10
6.06746e-06
-1.0568e-10
6.06747e-06
-7.1737e-11
6.06747e-06
-4.26678e-11
6.06746e-06
1.27842e-12
6.06745e-06
3.39587e-11
6.06744e-06
8.62134e-11
6.06742e-06
1.16074e-10
6.0674e-06
1.65138e-10
6.06738e-06
1.80098e-10
6.06736e-06
2.09489e-10
6.06734e-06
1.97546e-10
6.06732e-06
1.88353e-10
6.06731e-06
1.48592e-10
6.0673e-06
1.06173e-10
6.0673e-06
4.64994e-11
6.0673e-06
-9.37022e-12
6.06731e-06
-7.41527e-11
6.06733e-06
-1.27511e-10
6.06735e-06
-1.8411e-10
6.06737e-06
-2.25203e-10
6.0674e-06
-2.68235e-10
6.06742e-06
-2.95837e-10
6.06745e-06
-3.26471e-10
6.06748e-06
-3.43769e-10
6.0675e-06
-3.65084e-10
6.06753e-06
-3.74769e-10
6.06756e-06
-3.88843e-10
6.06758e-06
-3.91518e-10
6.06761e-06
-3.97376e-10
6.06763e-06
-3.92339e-10
6.06766e-06
-3.8969e-10
6.06768e-06
-3.76285e-10
6.06771e-06
-3.65514e-10
6.06773e-06
-3.4385e-10
6.06775e-06
-3.27133e-10
6.06776e-06
-2.92909e-10
6.06778e-06
-2.85272e-10
6.0678e-06
-1.64135e-10
6.06782e-06
-2.59306e-10
1.11107e-09
6.16333e-06
2.14435e-09
6.16332e-06
7.1805e-10
6.16334e-06
3.55111e-11
6.16334e-06
1.36085e-10
6.16333e-06
3.50393e-10
6.16332e-06
5.14264e-10
6.16329e-06
5.90088e-10
6.16327e-06
6.68046e-10
6.16325e-06
6.99359e-10
6.16323e-06
8.56335e-10
6.16319e-06
4.33849e-10
6.16318e-06
1.41634e-09
6.16321e-06
3.0186e-09
6.16321e-06
2.16675e-09
6.16317e-06
3.59318e-10
6.16313e-06
2.43814e-11
6.16311e-06
3.65537e-10
6.16308e-06
5.12672e-10
6.16306e-06
5.18301e-10
6.16304e-06
4.26288e-10
6.16302e-06
3.72818e-10
6.163e-06
2.37191e-10
6.16298e-06
1.89321e-10
6.16296e-06
5.11389e-11
6.16295e-06
-7.30525e-12
6.16294e-06
-1.2761e-10
6.16293e-06
-1.80166e-10
6.16292e-06
-2.88608e-10
6.16292e-06
-3.19023e-10
6.16292e-06
-4.18294e-10
6.16293e-06
-4.15346e-10
6.16293e-06
-4.83955e-10
6.16294e-06
-4.61041e-10
6.16295e-06
-5.59033e-10
6.16296e-06
-4.24097e-10
6.16297e-06
-5.521e-10
6.16297e-06
-1.19378e-09
6.16296e-06
-1.5031e-09
6.16296e-06
-1.20292e-09
6.16297e-06
-6.31723e-10
6.16299e-06
-3.21699e-10
6.163e-06
-2.13446e-10
6.16302e-06
-1.87558e-10
6.16303e-06
-1.56661e-10
6.16303e-06
-1.42652e-10
6.16304e-06
-1.11841e-10
6.16304e-06
-1.06376e-10
6.16305e-06
-8.47183e-11
6.16306e-06
-9.89612e-11
6.16307e-06
-9.84202e-11
6.16308e-06
-1.27398e-10
6.16309e-06
-1.38526e-10
6.16311e-06
-1.73659e-10
6.16313e-06
-1.81739e-10
6.16314e-06
-2.07791e-10
6.16316e-06
-1.99282e-10
6.16318e-06
-2.07802e-10
6.16319e-06
-1.7964e-10
6.1632e-06
-1.70486e-10
6.16321e-06
-1.3617e-10
6.16322e-06
-1.11113e-10
6.16322e-06
-7.37106e-11
6.16322e-06
-4.08429e-11
6.16321e-06
7.08544e-12
6.1632e-06
4.42116e-11
6.16319e-06
1.00519e-10
6.16317e-06
1.34447e-10
6.16315e-06
1.86205e-10
6.16312e-06
2.03097e-10
6.1631e-06
2.32174e-10
6.16308e-06
2.18386e-10
6.16307e-06
2.05259e-10
6.16305e-06
1.60451e-10
6.16305e-06
1.11784e-10
6.16305e-06
4.59228e-11
6.16306e-06
-1.61775e-11
6.16307e-06
-8.60632e-11
6.16308e-06
-1.43906e-10
6.1631e-06
-2.03395e-10
6.16312e-06
-2.46795e-10
6.16315e-06
-2.90668e-10
6.16317e-06
-3.18991e-10
6.16319e-06
-3.4935e-10
6.16322e-06
-3.66572e-10
6.16324e-06
-3.87294e-10
6.16326e-06
-3.96652e-10
6.16328e-06
-4.10098e-10
6.1633e-06
-4.1235e-10
6.16332e-06
-4.17622e-10
6.16334e-06
-4.11985e-10
6.16336e-06
-4.08644e-10
6.16338e-06
-3.94393e-10
6.1634e-06
-3.8268e-10
6.16341e-06
-3.5999e-10
6.16343e-06
-3.42134e-10
6.16344e-06
-3.06804e-10
6.16345e-06
-2.99044e-10
6.16347e-06
-1.7645e-10
6.16348e-06
-2.73644e-10
1.17826e-09
6.25328e-06
2.20521e-09
6.25328e-06
7.12643e-10
6.2533e-06
2.29242e-11
6.2533e-06
1.32483e-10
6.2533e-06
3.53134e-10
6.25329e-06
5.21689e-10
6.25328e-06
6.01282e-10
6.25327e-06
6.79419e-10
6.25326e-06
7.10113e-10
6.25325e-06
8.60572e-10
6.25323e-06
4.56919e-10
6.25324e-06
1.40952e-09
6.25329e-06
2.96878e-09
6.2533e-06
2.14984e-09
6.25328e-06
3.79036e-10
6.25326e-06
5.04867e-11
6.25324e-06
3.7991e-10
6.25323e-06
5.2433e-10
6.25322e-06
5.30506e-10
6.25321e-06
4.4089e-10
6.25319e-06
3.87228e-10
6.25317e-06
2.53417e-10
6.25316e-06
2.04476e-10
6.25314e-06
6.72282e-11
6.25313e-06
7.15189e-12
6.25311e-06
-1.12955e-10
6.2531e-06
-1.67405e-10
6.25309e-06
-2.76143e-10
6.25308e-06
-3.0964e-10
6.25307e-06
-4.09703e-10
6.25307e-06
-4.10023e-10
6.25306e-06
-4.79724e-10
6.25306e-06
-4.60181e-10
6.25306e-06
-5.58276e-10
6.25306e-06
-4.26506e-10
6.25306e-06
-5.53158e-10
6.25306e-06
-1.1872e-09
6.25304e-06
-1.48719e-09
6.25303e-06
-1.19213e-09
6.25303e-06
-6.35856e-10
6.25304e-06
-3.31849e-10
6.25305e-06
-2.23267e-10
6.25306e-06
-1.94996e-10
6.25307e-06
-1.62843e-10
6.25307e-06
-1.47489e-10
6.25308e-06
-1.16553e-10
6.25308e-06
-1.10566e-10
6.25309e-06
-8.99862e-11
6.25309e-06
-1.05128e-10
6.2531e-06
-1.06902e-10
6.25311e-06
-1.3774e-10
6.25312e-06
-1.51614e-10
6.25314e-06
-1.88219e-10
6.25315e-06
-1.98067e-10
6.25317e-06
-2.23984e-10
6.25319e-06
-2.15387e-10
6.2532e-06
-2.21827e-10
6.25321e-06
-1.91923e-10
6.25322e-06
-1.79734e-10
6.25323e-06
-1.42728e-10
6.25323e-06
-1.14211e-10
6.25323e-06
-7.36149e-11
6.25323e-06
-3.67783e-11
6.25322e-06
1.48095e-11
6.25321e-06
5.63551e-11
6.25319e-06
1.16248e-10
6.25317e-06
1.54055e-10
6.25315e-06
2.07818e-10
6.25313e-06
2.26324e-10
6.25311e-06
2.54298e-10
6.25309e-06
2.38343e-10
6.25307e-06
2.20826e-10
6.25306e-06
1.707e-10
6.25306e-06
1.15808e-10
6.25306e-06
4.37555e-11
6.25307e-06
-2.41197e-11
6.25308e-06
-9.88279e-11
6.2531e-06
-1.60316e-10
6.25311e-06
-2.22226e-10
6.25313e-06
-2.66845e-10
6.25315e-06
-3.11086e-10
6.25317e-06
-3.38981e-10
6.25319e-06
-3.68586e-10
6.25321e-06
-3.84797e-10
6.25323e-06
-4.04443e-10
6.25325e-06
-4.12866e-10
6.25326e-06
-4.25268e-10
6.25327e-06
-4.26826e-10
6.25329e-06
-4.31207e-10
6.2533e-06
-4.2506e-10
6.25331e-06
-4.20831e-10
6.25333e-06
-4.06127e-10
6.25334e-06
-3.93481e-10
6.25335e-06
-3.70291e-10
6.25336e-06
-3.51522e-10
6.25336e-06
-3.15732e-10
6.25337e-06
-3.0792e-10
6.25338e-06
-1.85882e-10
6.25339e-06
-2.81394e-10
1.23018e-09
6.33808e-06
2.23583e-09
6.3381e-06
7.0039e-10
6.33811e-06
9.28667e-12
6.33812e-06
1.26461e-10
6.33812e-06
3.51127e-10
6.33812e-06
5.22195e-10
6.33811e-06
6.02781e-10
6.33812e-06
6.78469e-10
6.33812e-06
7.06151e-10
6.33813e-06
8.48843e-10
6.33813e-06
4.62701e-10
6.33815e-06
1.38594e-09
6.33822e-06
2.90169e-09
6.33825e-06
2.11466e-09
6.33825e-06
3.82476e-10
6.33824e-06
6.20538e-11
6.33824e-06
3.81934e-10
6.33824e-06
5.24756e-10
6.33823e-06
5.32898e-10
6.33823e-06
4.46807e-10
6.33822e-06
3.94767e-10
6.33821e-06
2.64058e-10
6.3382e-06
2.16317e-10
6.33818e-06
8.15849e-11
6.33817e-06
2.21182e-11
6.33815e-06
-9.61925e-11
6.33814e-06
-1.50556e-10
6.33812e-06
-2.58336e-10
6.3381e-06
-2.93293e-10
6.33808e-06
-3.93486e-10
6.33807e-06
-3.95839e-10
6.33806e-06
-4.66453e-10
6.33805e-06
-4.49722e-10
6.33804e-06
-5.48095e-10
6.33803e-06
-4.19857e-10
6.33802e-06
-5.45653e-10
6.338e-06
-1.17084e-09
6.33798e-06
-1.46222e-09
6.33796e-06
-1.17316e-09
6.33796e-06
-6.32782e-10
6.33796e-06
-3.36035e-10
6.33797e-06
-2.28098e-10
6.33797e-06
-1.98463e-10
6.33797e-06
-1.65647e-10
6.33797e-06
-1.49627e-10
6.33798e-06
-1.18928e-10
6.33798e-06
-1.1291e-10
6.33798e-06
-9.35427e-11
6.33799e-06
-1.09919e-10
6.33799e-06
-1.13966e-10
6.338e-06
-1.46764e-10
6.33801e-06
-1.63154e-10
6.33803e-06
-2.01184e-10
6.33804e-06
-2.12468e-10
6.33806e-06
-2.38177e-10
6.33807e-06
-2.29183e-10
6.33808e-06
-2.33526e-10
6.33809e-06
-2.01656e-10
6.3381e-06
-1.8656e-10
6.3381e-06
-1.46685e-10
6.3381e-06
-1.15001e-10
6.3381e-06
-7.10812e-11
6.33809e-06
-3.06222e-11
6.33809e-06
2.45823e-11
6.33807e-06
7.01569e-11
6.33805e-06
1.33396e-10
6.33803e-06
1.74526e-10
6.33801e-06
2.2993e-10
6.33799e-06
2.49405e-10
6.33797e-06
2.75921e-10
6.33795e-06
2.57259e-10
6.33793e-06
2.35054e-10
6.33792e-06
1.79514e-10
6.33792e-06
1.18298e-10
6.33793e-06
4.03914e-11
6.33794e-06
-3.30669e-11
6.33795e-06
-1.1186e-10
6.33796e-06
-1.76588e-10
6.33798e-06
-2.39909e-10
6.338e-06
-2.8528e-10
6.33802e-06
-3.28719e-10
6.33804e-06
-3.5575e-10
6.33805e-06
-3.83529e-10
6.33806e-06
-3.98271e-10
6.33807e-06
-4.16046e-10
6.33809e-06
-4.2309e-10
6.33809e-06
-4.3398e-10
6.3381e-06
-4.34502e-10
6.33811e-06
-4.37869e-10
6.33811e-06
-4.30982e-10
6.33812e-06
-4.261e-10
6.33812e-06
-4.10865e-10
6.33813e-06
-3.97737e-10
6.33813e-06
-3.7422e-10
6.33814e-06
-3.55053e-10
6.33814e-06
-3.19299e-10
6.33814e-06
-3.11653e-10
6.33815e-06
-1.92141e-10
6.33815e-06
-2.82443e-10
1.26626e-09
6.41805e-06
2.23532e-09
6.41807e-06
6.80113e-10
6.41809e-06
-5.13491e-12
6.4181e-06
1.17778e-10
6.4181e-06
3.44232e-10
6.41811e-06
5.1526e-10
6.41812e-06
5.9452e-10
6.41813e-06
6.65123e-10
6.41815e-06
6.8811e-10
6.41818e-06
8.21647e-10
6.41819e-06
4.52136e-10
6.41823e-06
1.34635e-09
6.41831e-06
2.81899e-09
6.41836e-06
2.06296e-09
6.41837e-06
3.70621e-10
6.41838e-06
5.96434e-11
6.41839e-06
3.71377e-10
6.4184e-06
5.13904e-10
6.41841e-06
5.24771e-10
6.41841e-06
4.43815e-10
6.41841e-06
3.94377e-10
6.41841e-06
2.6906e-10
6.4184e-06
2.2361e-10
6.41839e-06
9.38219e-11
6.41837e-06
3.63242e-11
6.41835e-06
-7.80325e-11
6.41833e-06
-1.31131e-10
6.41831e-06
-2.3596e-10
6.41829e-06
-2.71509e-10
6.41827e-06
-3.70021e-10
6.41825e-06
-3.7414e-10
6.41822e-06
-4.4447e-10
6.4182e-06
-4.30699e-10
6.41818e-06
-5.2856e-10
6.41817e-06
-4.04615e-10
6.41815e-06
-5.2931e-10
6.41813e-06
-1.14531e-09
6.41809e-06
-1.42872e-09
6.41807e-06
-1.14636e-09
6.41806e-06
-6.22686e-10
6.41805e-06
-3.33985e-10
6.41805e-06
-2.27806e-10
6.41805e-06
-1.97448e-10
6.41805e-06
-1.64754e-10
6.41805e-06
-1.48464e-10
6.41805e-06
-1.18624e-10
6.41805e-06
-1.12782e-10
6.41805e-06
-9.51184e-11
6.41805e-06
-1.12677e-10
6.41806e-06
-1.19218e-10
6.41807e-06
-1.5376e-10
6.41808e-06
-1.72731e-10
6.41809e-06
-2.1185e-10
6.4181e-06
-2.24587e-10
6.41811e-06
-2.4974e-10
6.41812e-06
-2.40438e-10
6.41813e-06
-2.42426e-10
6.41814e-06
-2.08794e-10
6.41814e-06
-1.90597e-10
6.41814e-06
-1.4814e-10
6.41814e-06
-1.13114e-10
6.41814e-06
-6.62408e-11
6.41813e-06
-2.2131e-11
6.41812e-06
3.62413e-11
6.4181e-06
8.56648e-11
6.41808e-06
1.5168e-10
6.41806e-06
1.95844e-10
6.41804e-06
2.52193e-10
6.41802e-06
2.72338e-10
6.41799e-06
2.96737e-10
6.41798e-06
2.75203e-10
6.41796e-06
2.48068e-10
6.41796e-06
1.8705e-10
6.41796e-06
1.19733e-10
6.41796e-06
3.6127e-11
6.41797e-06
-4.23516e-11
6.41798e-06
-1.24894e-10
6.418e-06
-1.92023e-10
6.41801e-06
-2.56321e-10
6.41803e-06
-3.01423e-10
6.41804e-06
-3.43663e-10
6.41806e-06
-3.68765e-10
6.41807e-06
-3.94306e-10
6.41808e-06
-4.06703e-10
6.41808e-06
-4.22164e-10
6.41809e-06
-4.27248e-10
6.41809e-06
-4.36231e-10
6.41809e-06
-4.35446e-10
6.41809e-06
-4.37506e-10
6.41809e-06
-4.29961e-10
6.41809e-06
-4.2424e-10
6.41808e-06
-4.08858e-10
6.41808e-06
-3.95274e-10
6.41808e-06
-3.71956e-10
6.41808e-06
-3.52644e-10
6.41808e-06
-3.17581e-10
6.41807e-06
-3.10193e-10
6.41808e-06
-1.95373e-10
6.41807e-06
-2.76155e-10
1.28503e-09
6.49329e-06
2.20085e-09
6.49332e-06
6.50643e-10
6.49334e-06
-2.12925e-11
6.49335e-06
1.06156e-10
6.49336e-06
3.31619e-10
6.49338e-06
5.00391e-10
6.4934e-06
5.76146e-10
6.49342e-06
6.40121e-10
6.49345e-06
6.57082e-10
6.49349e-06
7.80994e-10
6.49352e-06
4.27007e-10
6.49357e-06
1.29277e-09
6.49367e-06
2.72268e-09
6.49373e-06
1.99717e-09
6.49376e-06
3.45496e-10
6.49378e-06
4.43798e-11
6.4938e-06
3.49282e-10
6.49382e-06
4.92178e-10
6.49384e-06
5.06862e-10
6.49385e-06
4.31781e-10
6.49386e-06
3.86435e-10
6.49386e-06
2.67341e-10
6.49386e-06
2.26159e-10
6.49385e-06
1.02478e-10
6.49384e-06
4.89538e-11
6.49382e-06
-6.01126e-11
6.4938e-06
-1.10038e-10
6.49377e-06
-2.10767e-10
6.49375e-06
-2.45221e-10
6.49372e-06
-3.41353e-10
6.49369e-06
-3.45766e-10
6.49366e-06
-4.15457e-10
6.49363e-06
-4.03765e-10
6.49361e-06
-5.01061e-10
6.49358e-06
-3.81229e-10
6.49356e-06
-5.05169e-10
6.49352e-06
-1.11123e-09
6.49348e-06
-1.38745e-09
6.49345e-06
-1.11225e-09
6.49343e-06
-6.05674e-10
6.49342e-06
-3.25795e-10
6.49342e-06
-2.21998e-10
6.49341e-06
-1.91757e-10
6.4934e-06
-1.59661e-10
6.4934e-06
-1.43736e-10
6.4934e-06
-1.15062e-10
6.49339e-06
-1.09873e-10
6.49339e-06
-9.39837e-11
6.49339e-06
-1.13045e-10
6.4934e-06
-1.21987e-10
6.4934e-06
-1.58371e-10
6.49341e-06
-1.79676e-10
6.49341e-06
-2.19896e-10
6.49342e-06
-2.33797e-10
6.49343e-06
-2.58444e-10
6.49344e-06
-2.48621e-10
6.49345e-06
-2.48388e-10
6.49345e-06
-2.12868e-10
6.49345e-06
-1.91828e-10
6.49345e-06
-1.4672e-10
6.49345e-06
-1.08766e-10
6.49344e-06
-5.89281e-11
6.49343e-06
-1.16416e-11
6.49342e-06
4.97503e-11
6.4934e-06
1.02522e-10
6.49338e-06
1.71029e-10
6.49336e-06
2.17637e-10
6.49333e-06
2.7464e-10
6.49331e-06
2.94915e-10
6.49329e-06
3.17058e-10
6.49328e-06
2.92324e-10
6.49326e-06
2.60229e-10
6.49326e-06
1.93867e-10
6.49326e-06
1.2056e-10
6.49326e-06
3.17157e-11
6.49327e-06
-5.15162e-11
6.49328e-06
-1.37094e-10
6.4933e-06
-2.06284e-10
6.49331e-06
-2.70696e-10
6.49332e-06
-3.15211e-10
6.49334e-06
-3.55281e-10
6.49335e-06
-3.78185e-10
6.49335e-06
-4.00603e-10
6.49335e-06
-4.10338e-10
6.49336e-06
-4.22831e-10
6.49335e-06
-4.25605e-10
6.49335e-06
-4.32305e-10
6.49334e-06
-4.29918e-10
6.49334e-06
-4.30589e-10
6.49333e-06
-4.22171e-10
6.49332e-06
-4.15852e-10
6.49331e-06
-4.00235e-10
6.4933e-06
-3.86632e-10
6.4933e-06
-3.63652e-10
6.49329e-06
-3.44687e-10
6.49328e-06
-3.10754e-10
6.49327e-06
-3.03834e-10
6.49327e-06
-1.95661e-10
6.49326e-06
-2.62878e-10
1.28645e-09
6.56376e-06
2.13171e-09
6.5638e-06
6.09521e-10
6.56381e-06
-3.98215e-11
6.56383e-06
9.08159e-11
6.56385e-06
3.12688e-10
6.56387e-06
4.76751e-10
6.5639e-06
5.47665e-10
6.56394e-06
6.03945e-10
6.56398e-06
6.14694e-10
6.56403e-06
7.28636e-10
6.56407e-06
3.89777e-10
6.56413e-06
1.2272e-09
6.56424e-06
2.61492e-09
6.56432e-06
1.91937e-09
6.56436e-06
3.08884e-10
6.56438e-06
1.79222e-11
6.56442e-06
3.16544e-10
6.56445e-06
4.60529e-10
6.56448e-06
4.79313e-10
6.5645e-06
4.11202e-10
6.56451e-06
3.70465e-10
6.56452e-06
2.59335e-10
6.56452e-06
2.23054e-10
6.56452e-06
1.07382e-10
6.56451e-06
5.87952e-11
6.56449e-06
-4.31653e-11
6.56447e-06
-8.89162e-11
6.56444e-06
-1.8373e-10
6.56442e-06
-2.16261e-10
6.56438e-06
-3.08215e-10
6.56435e-06
-3.12519e-10
6.56431e-06
-3.80216e-10
6.56428e-06
-3.7046e-10
6.56425e-06
-4.66147e-10
6.56421e-06
-3.50707e-10
6.56418e-06
-4.73346e-10
6.56414e-06
-1.06915e-09
6.56409e-06
-1.33856e-09
6.56405e-06
-1.07089e-09
6.56403e-06
-5.81866e-10
6.56401e-06
-3.11269e-10
6.564e-06
-2.10676e-10
6.56399e-06
-1.80994e-10
6.56398e-06
-1.50137e-10
6.56397e-06
-1.34894e-10
6.56396e-06
-1.07939e-10
6.56396e-06
-1.03575e-10
6.56395e-06
-8.98991e-11
6.56395e-06
-1.10393e-10
6.56395e-06
-1.21931e-10
6.56395e-06
-1.59953e-10
6.56396e-06
-1.83668e-10
6.56396e-06
-2.24725e-10
6.56397e-06
-2.39882e-10
6.56397e-06
-2.63801e-10
6.56398e-06
-2.53659e-10
6.56398e-06
-2.51091e-10
6.56398e-06
-2.14002e-10
6.56398e-06
-1.9006e-10
6.56398e-06
-1.42689e-10
6.56397e-06
-1.01744e-10
6.56396e-06
-4.94118e-11
6.56395e-06
9.71523e-13
6.56393e-06
6.48551e-11
6.56391e-06
1.2072e-10
6.56389e-06
1.91136e-10
6.56387e-06
2.3992e-10
6.56385e-06
2.96995e-10
6.56383e-06
3.17251e-10
6.56381e-06
3.36711e-10
6.56379e-06
3.0886e-10
6.56378e-06
2.7183e-10
6.56377e-06
2.00292e-10
6.56377e-06
1.21407e-10
6.56378e-06
2.75909e-11
6.56378e-06
-5.97962e-11
6.56379e-06
-1.48125e-10
6.56381e-06
-2.18655e-10
6.56382e-06
-2.82923e-10
6.56383e-06
-3.26049e-10
6.56384e-06
-3.63791e-10
6.56384e-06
-3.8367e-10
6.56385e-06
-4.02782e-10
6.56385e-06
-4.09181e-10
6.56384e-06
-4.18443e-10
6.56383e-06
-4.18467e-10
6.56382e-06
-4.22606e-10
6.56381e-06
-4.18425e-10
6.5638e-06
-4.17471e-10
6.56379e-06
-4.0828e-10
6.56377e-06
-4.01184e-10
6.56376e-06
-3.85687e-10
6.56374e-06
-3.72058e-10
6.56373e-06
-3.49883e-10
6.56371e-06
-3.31469e-10
6.5637e-06
-2.99219e-10
6.56369e-06
-2.92843e-10
6.56369e-06
-1.9337e-10
6.56367e-06
-2.42322e-10
1.26962e-09
6.62925e-06
2.02488e-09
6.62931e-06
5.54405e-10
6.62933e-06
-6.24788e-11
6.62935e-06
7.11846e-11
6.62938e-06
2.86547e-10
6.62941e-06
4.43783e-10
6.62945e-06
5.08648e-10
6.6295e-06
5.57295e-10
6.62955e-06
5.62083e-10
6.62961e-06
6.66713e-10
6.62966e-06
3.42518e-10
6.62973e-06
1.15193e-09
6.62985e-06
2.49762e-09
6.62994e-06
1.83186e-09
6.62999e-06
2.63006e-10
6.63002e-06
-1.81716e-11
6.63006e-06
2.74696e-10
6.6301e-06
4.1988e-10
6.63014e-06
4.43372e-10
6.63017e-06
3.82481e-10
6.63019e-06
3.47376e-10
6.63021e-06
2.44516e-10
6.63022e-06
2.14638e-10
6.63022e-06
1.07623e-10
6.63021e-06
6.55492e-11
6.63019e-06
-2.83407e-11
6.63017e-06
-6.82558e-11
6.63015e-06
-1.5622e-10
6.63012e-06
-1.85252e-10
6.63008e-06
-2.72398e-10
6.63004e-06
-2.75055e-10
6.63e-06
-3.40294e-10
6.62996e-06
-3.31368e-10
6.62992e-06
-4.25158e-10
6.62988e-06
-3.13554e-10
6.62985e-06
-4.34897e-10
6.6298e-06
-1.0195e-09
6.62974e-06
-1.28251e-09
6.62969e-06
-1.02257e-09
6.62966e-06
-5.51283e-10
6.62964e-06
-2.90538e-10
6.62962e-06
-1.93549e-10
6.62961e-06
-1.65085e-10
6.62959e-06
-1.35807e-10
6.62958e-06
-1.21799e-10
6.62957e-06
-9.68109e-11
6.62956e-06
-9.37089e-11
6.62955e-06
-8.22818e-11
6.62954e-06
-1.04515e-10
6.62954e-06
-1.18547e-10
6.62954e-06
-1.58324e-10
6.62954e-06
-1.84231e-10
6.62954e-06
-2.26203e-10
6.62954e-06
-2.42403e-10
6.62955e-06
-2.65771e-10
6.62955e-06
-2.55202e-10
6.62955e-06
-2.50556e-10
6.62954e-06
-2.11883e-10
6.62954e-06
-1.85409e-10
6.62953e-06
-1.35805e-10
6.62952e-06
-9.23843e-11
6.62951e-06
-3.76355e-11
6.6295e-06
1.529e-11
6.62948e-06
8.14597e-11
6.62946e-06
1.39882e-10
6.62944e-06
2.11934e-10
6.62942e-06
2.62353e-10
6.6294e-06
3.19327e-10
6.62937e-06
3.39186e-10
6.62935e-06
3.56046e-10
6.62934e-06
3.24982e-10
6.62933e-06
2.83231e-10
6.62932e-06
2.06864e-10
6.62932e-06
1.22681e-10
6.62932e-06
2.44495e-11
6.62933e-06
-6.68023e-11
6.62934e-06
-1.57227e-10
6.62935e-06
-2.28881e-10
6.62936e-06
-2.92334e-10
6.62937e-06
-3.33972e-10
6.62937e-06
-3.68659e-10
6.62937e-06
-3.85489e-10
6.62937e-06
-4.0065e-10
6.62937e-06
-4.03612e-10
6.62936e-06
-4.09182e-10
6.62934e-06
-4.06266e-10
6.62933e-06
-4.07591e-10
6.62931e-06
-4.01411e-10
6.62929e-06
-3.98803e-10
6.62927e-06
-3.88653e-10
6.62925e-06
-3.81022e-10
6.62923e-06
-3.6553e-10
6.62921e-06
-3.52264e-10
6.62919e-06
-3.30966e-10
6.62918e-06
-3.13524e-10
6.62916e-06
-2.83281e-10
6.62915e-06
-2.77618e-10
6.62914e-06
-1.88646e-10
6.62911e-06
-2.14917e-10
1.23478e-09
6.68948e-06
1.87902e-09
6.68955e-06
4.81887e-10
6.68958e-06
-9.03435e-11
6.6896e-06
4.66015e-11
6.68963e-06
2.52978e-10
6.68968e-06
4.00991e-10
6.68973e-06
4.59189e-10
6.68978e-06
5.00464e-10
6.68984e-06
5.00479e-10
6.68991e-06
5.96485e-10
6.68997e-06
2.87231e-10
6.69005e-06
1.0685e-09
6.69018e-06
2.37238e-09
6.69027e-06
1.73624e-09
6.69033e-06
2.09426e-10
6.69037e-06
-6.22668e-11
6.69042e-06
2.2473e-10
6.69047e-06
3.71346e-10
6.69052e-06
3.99449e-10
6.69055e-06
3.46453e-10
6.69058e-06
3.17128e-10
6.6906e-06
2.23829e-10
6.69062e-06
2.00586e-10
6.69062e-06
1.0368e-10
6.69062e-06
6.8714e-11
6.6906e-06
-1.56621e-11
6.69059e-06
-4.89944e-11
6.69056e-06
-1.28544e-10
6.69053e-06
-1.53369e-10
6.69049e-06
-2.34027e-10
6.69045e-06
-2.34615e-10
6.6904e-06
-2.96004e-10
6.69036e-06
-2.87594e-10
6.69031e-06
-3.78289e-10
6.69027e-06
-2.70502e-10
6.69022e-06
-3.8974e-10
6.69017e-06
-9.62585e-10
6.6901e-06
-1.21919e-09
6.69005e-06
-9.67129e-10
6.69001e-06
-5.13948e-10
6.68998e-06
-2.6342e-10
6.68996e-06
-1.70706e-10
6.68994e-06
-1.43766e-10
6.68992e-06
-1.16597e-10
6.6899e-06
-1.0408e-10
6.68989e-06
-8.15565e-11
6.68987e-06
-7.98747e-11
6.68986e-06
-7.11096e-11
6.68985e-06
-9.50107e-11
6.68984e-06
-1.11725e-10
6.68984e-06
-1.53084e-10
6.68984e-06
-1.81287e-10
6.68983e-06
-2.23975e-10
6.68983e-06
-2.41369e-10
6.68983e-06
-2.64075e-10
6.68983e-06
-2.53363e-10
6.68983e-06
-2.46633e-10
6.68982e-06
-2.06786e-10
6.68981e-06
-1.77828e-10
6.6898e-06
-1.26454e-10
6.68979e-06
-8.05727e-11
6.68978e-06
-2.39437e-11
6.68976e-06
3.13857e-11
6.68974e-06
9.92842e-11
6.68972e-06
1.59987e-10
6.6897e-06
2.33121e-10
6.68968e-06
2.8496e-10
6.68966e-06
3.41371e-10
6.68964e-06
3.60824e-10
6.68962e-06
3.74859e-10
6.6896e-06
3.4087e-10
6.68959e-06
2.94635e-10
6.68958e-06
2.13787e-10
6.68958e-06
1.24868e-10
6.68958e-06
2.25707e-11
6.68959e-06
-7.1923e-11
6.6896e-06
-1.64215e-10
6.6896e-06
-2.36384e-10
6.68961e-06
-2.98932e-10
6.68961e-06
-3.3848e-10
6.68962e-06
-3.70193e-10
6.68961e-06
-3.83376e-10
6.68961e-06
-3.94639e-10
6.6896e-06
-3.93695e-10
6.68958e-06
-3.955e-10
6.68957e-06
-3.89354e-10
6.68955e-06
-3.87712e-10
6.68953e-06
-3.79423e-10
6.6895e-06
-3.74987e-10
6.68948e-06
-3.63994e-10
6.68945e-06
-3.55645e-10
6.68943e-06
-3.40479e-10
6.6894e-06
-3.27523e-10
6.68938e-06
-3.07495e-10
6.68936e-06
-2.91157e-10
6.68934e-06
-2.6335e-10
6.68932e-06
-2.58436e-10
6.68931e-06
-1.8183e-10
6.68928e-06
-1.80401e-10
1.18089e-09
6.74395e-06
1.69031e-09
6.74404e-06
3.89173e-10
6.74407e-06
-1.24938e-10
6.7441e-06
1.7182e-11
6.74414e-06
2.12027e-10
6.7442e-06
3.48666e-10
6.74426e-06
3.99347e-10
6.74432e-06
4.34106e-10
6.74439e-06
4.30544e-10
6.74447e-06
5.19326e-10
6.74453e-06
2.25129e-10
6.74462e-06
9.78318e-10
6.74475e-06
2.24025e-09
6.74486e-06
1.63405e-09
6.74492e-06
1.49834e-10
6.74497e-06
-1.13105e-10
6.74502e-06
1.68014e-10
6.74508e-06
3.15827e-10
6.74513e-06
3.48857e-10
6.74517e-06
3.0374e-10
6.74521e-06
2.80919e-10
6.74524e-06
1.97192e-10
6.74526e-06
1.81762e-10
6.74526e-06
9.52963e-11
6.74526e-06
6.86856e-11
6.74525e-06
-5.49615e-12
6.74524e-06
-3.08524e-11
6.74521e-06
-1.0125e-10
6.74518e-06
-1.20463e-10
6.74514e-06
-1.94098e-10
6.74509e-06
-1.91128e-10
6.74504e-06
-2.48184e-10
6.745e-06
-2.39134e-10
6.74494e-06
-3.26334e-10
6.74489e-06
-2.21665e-10
6.74484e-06
-3.38614e-10
6.74478e-06
-8.98584e-10
6.74471e-06
-1.14883e-09
6.74465e-06
-9.04744e-10
6.7446e-06
-4.69835e-10
6.74457e-06
-2.30072e-10
6.74454e-06
-1.4197e-10
6.74451e-06
-1.17129e-10
6.74449e-06
-9.23527e-11
6.74447e-06
-8.18312e-11
6.74445e-06
-6.20022e-11
6.74443e-06
-6.21631e-11
6.74441e-06
-5.60968e-11
6.7444e-06
-8.19739e-11
6.74439e-06
-1.0128e-10
6.74438e-06
-1.44352e-10
6.74437e-06
-1.74668e-10
6.74437e-06
-2.18188e-10
6.74436e-06
-2.36622e-10
6.74436e-06
-2.58901e-10
6.74435e-06
-2.48016e-10
6.74435e-06
-2.39534e-10
6.74434e-06
-1.98576e-10
6.74433e-06
-1.67573e-10
6.74432e-06
-1.14527e-10
6.7443e-06
-6.67603e-11
6.74429e-06
-8.37622e-12
6.74427e-06
4.87712e-11
6.74425e-06
1.18176e-10
6.74423e-06
1.80635e-10
6.74421e-06
2.54603e-10
6.74419e-06
3.0739e-10
6.74416e-06
3.63156e-10
6.74414e-06
3.81961e-10
6.74412e-06
3.93405e-10
6.74411e-06
3.56567e-10
6.7441e-06
3.06237e-10
6.74409e-06
2.21418e-10
6.74409e-06
1.28166e-10
6.74409e-06
2.24461e-11
6.74409e-06
-7.49783e-11
6.74409e-06
-1.68509e-10
6.7441e-06
-2.41073e-10
6.7441e-06
-3.02182e-10
6.7441e-06
-3.39724e-10
6.7441e-06
-3.67926e-10
6.7441e-06
-3.77655e-10
6.74409e-06
-3.84575e-10
6.74407e-06
-3.79824e-10
6.74405e-06
-3.77569e-10
6.74403e-06
-3.68153e-10
6.74401e-06
-3.63405e-10
6.74398e-06
-3.52889e-10
6.74395e-06
-3.46645e-10
6.74392e-06
-3.34647e-10
6.74389e-06
-3.2582e-10
6.74386e-06
-3.10836e-10
6.74384e-06
-2.9853e-10
6.74381e-06
-2.79774e-10
6.74378e-06
-2.64887e-10
6.74376e-06
-2.39718e-10
6.74373e-06
-2.35677e-10
6.74373e-06
-1.72997e-10
6.74368e-06
-1.3917e-10
1.10777e-09
6.79199e-06
1.45724e-09
6.7921e-06
2.73741e-10
6.79214e-06
-1.66155e-10
6.79218e-06
-1.66031e-11
6.79222e-06
1.64658e-10
6.79228e-06
2.87491e-10
6.79235e-06
3.30042e-10
6.79243e-06
3.58782e-10
6.79251e-06
3.53191e-10
6.79259e-06
4.35828e-10
6.79266e-06
1.57344e-10
6.79275e-06
8.8209e-10
6.79289e-06
2.102e-09
6.793e-06
1.52604e-09
6.79306e-06
8.5155e-11
6.79312e-06
-1.69461e-10
6.79318e-06
1.05331e-10
6.79325e-06
2.54338e-10
6.7933e-06
2.92046e-10
6.79335e-06
2.55294e-10
6.79339e-06
2.38974e-10
6.79343e-06
1.65878e-10
6.79345e-06
1.58311e-10
6.79346e-06
8.34678e-11
6.79346e-06
6.5592e-11
6.79345e-06
2.78996e-12
6.79344e-06
-1.4047e-11
6.79341e-06
-7.39482e-11
6.79338e-06
-8.69667e-11
6.79334e-06
-1.52059e-10
6.79329e-06
-1.45156e-10
6.79324e-06
-1.96566e-10
6.79319e-06
-1.86548e-10
6.79313e-06
-2.69079e-10
6.79307e-06
-1.6745e-10
6.79302e-06
-2.81267e-10
6.79294e-06
-8.27686e-10
6.79287e-06
-1.07129e-09
6.7928e-06
-8.35297e-10
6.79275e-06
-4.19062e-10
6.79271e-06
-1.90476e-10
6.79267e-06
-1.07642e-10
6.79264e-06
-8.51864e-11
6.79261e-06
-6.32974e-11
6.79258e-06
-5.50159e-11
6.79256e-06
-3.83626e-11
6.79254e-06
-4.05321e-11
6.79252e-06
-3.75686e-11
6.7925e-06
-6.53687e-11
6.79249e-06
-8.74489e-11
6.79248e-06
-1.3208e-10
6.79247e-06
-1.6462e-10
6.79246e-06
-2.08806e-10
6.79245e-06
-2.28456e-10
6.79244e-06
-2.50235e-10
6.79243e-06
-2.39505e-10
6.79242e-06
-2.29336e-10
6.79241e-06
-1.87716e-10
6.7924e-06
-1.54783e-10
6.79239e-06
-1.00567e-10
6.79237e-06
-5.09654e-11
6.79235e-06
8.61355e-12
6.79233e-06
6.74304e-11
6.79231e-06
1.37792e-10
6.79229e-06
2.0174e-10
6.79227e-06
2.76035e-10
6.79225e-06
3.29604e-10
6.79223e-06
3.84358e-10
6.79221e-06
4.026e-10
6.79219e-06
4.11366e-10
6.79217e-06
3.72097e-10
6.79216e-06
3.18061e-10
6.79215e-06
2.29743e-10
6.79215e-06
1.32842e-10
6.79215e-06
2.41245e-11
6.79215e-06
-7.55648e-11
6.79215e-06
-1.70131e-10
6.79215e-06
-2.42537e-10
6.79215e-06
-3.02236e-10
6.79215e-06
-3.37306e-10
6.79214e-06
-3.62264e-10
6.79213e-06
-3.68116e-10
6.79212e-06
-3.7094e-10
6.7921e-06
-3.62083e-10
6.79208e-06
-3.5586e-10
6.79206e-06
-3.43014e-10
6.79203e-06
-3.3512e-10
6.792e-06
-3.22345e-10
6.79196e-06
-3.14173e-10
6.79193e-06
-3.01309e-10
6.7919e-06
-2.91815e-10
6.79186e-06
-2.77305e-10
6.79183e-06
-2.65549e-10
6.7918e-06
-2.48388e-10
6.79177e-06
-2.35017e-10
6.79174e-06
-2.12787e-10
6.79172e-06
-2.09655e-10
6.79171e-06
-1.62403e-10
6.79166e-06
-9.11512e-11
1.0136e-09
6.83262e-06
1.178e-09
6.83275e-06
1.36212e-10
6.8328e-06
-2.13708e-10
6.83284e-06
-5.39493e-11
6.83289e-06
1.11623e-10
6.83296e-06
2.1873e-10
6.83304e-06
2.52281e-10
6.83312e-06
2.75714e-10
6.8332e-06
2.69204e-10
6.83329e-06
3.47152e-10
6.83337e-06
8.47267e-11
6.83347e-06
7.80904e-10
6.83361e-06
1.95831e-09
6.83372e-06
1.41315e-09
6.83379e-06
1.66046e-11
6.83385e-06
-2.3026e-10
6.83392e-06
3.80148e-11
6.83399e-06
1.87856e-10
6.83405e-06
2.30452e-10
6.8341e-06
2.01961e-10
6.83415e-06
1.92732e-10
6.83419e-06
1.30165e-10
6.83421e-06
1.31428e-10
6.83423e-06
6.83689e-11
6.83423e-06
6.02408e-11
6.83423e-06
9.28445e-12
6.83421e-06
2.10857e-12
6.83418e-06
-4.67688e-11
6.83415e-06
-5.2401e-11
6.83411e-06
-1.0857e-10
6.83406e-06
-9.64387e-11
6.834e-06
-1.41821e-10
6.83395e-06
-1.29791e-10
6.83388e-06
-2.07346e-10
6.83382e-06
-1.08158e-10
6.83376e-06
-2.18666e-10
6.83368e-06
-7.50389e-10
6.8336e-06
-9.87171e-10
6.83352e-06
-7.59391e-10
6.83347e-06
-3.62041e-10
6.83342e-06
-1.45208e-10
6.83338e-06
-6.79921e-11
6.83334e-06
-4.84611e-11
6.83331e-06
-2.97229e-11
6.83328e-06
-2.41513e-11
6.83325e-06
-1.08812e-11
6.83323e-06
-1.5456e-11
6.83321e-06
-1.56255e-11
6.83319e-06
-4.56286e-11
6.83317e-06
-7.03896e-11
6.83315e-06
-1.16695e-10
6.83314e-06
-1.5128e-10
6.83313e-06
-1.96244e-10
6.83312e-06
-2.16979e-10
6.8331e-06
-2.38496e-10
6.83309e-06
-2.2793e-10
6.83308e-06
-2.1644e-10
6.83307e-06
-1.74268e-10
6.83305e-06
-1.39869e-10
6.83304e-06
-8.46186e-11
6.83302e-06
-3.37879e-11
6.833e-06
2.68538e-11
6.83298e-06
8.67604e-11
6.83296e-06
1.5787e-10
6.83294e-06
2.22822e-10
6.83292e-06
2.97233e-10
6.8329e-06
3.51181e-10
6.83288e-06
4.0491e-10
6.83286e-06
4.22444e-10
6.83284e-06
4.28862e-10
6.83282e-06
3.87365e-10
6.83281e-06
3.30121e-10
6.8328e-06
2.38943e-10
6.8328e-06
1.3889e-10
6.83279e-06
2.79042e-11
6.83279e-06
-7.37069e-11
6.83279e-06
-1.68671e-10
6.83279e-06
-2.40858e-10
6.83278e-06
-2.98689e-10
6.83278e-06
-3.3151e-10
6.83277e-06
-3.52817e-10
6.83276e-06
-3.55166e-10
6.83274e-06
-3.53605e-10
6.83272e-06
-3.40916e-10
6.83269e-06
-3.30574e-10
6.83266e-06
-3.14396e-10
6.83263e-06
-3.03319e-10
6.8326e-06
-2.88251e-10
6.83256e-06
-2.78223e-10
6.83252e-06
-2.64356e-10
6.83249e-06
-2.54439e-10
6.83245e-06
-2.40235e-10
6.83241e-06
-2.2933e-10
6.83238e-06
-2.13703e-10
6.83235e-06
-2.02127e-10
6.83232e-06
-1.82912e-10
6.83229e-06
-1.80846e-10
6.83228e-06
-1.50032e-10
6.83222e-06
-3.73247e-11
8.97457e-10
6.86462e-06
8.57821e-10
6.86477e-06
-1.93827e-11
6.86482e-06
-2.65762e-10
6.86486e-06
-9.47134e-11
6.86492e-06
5.3845e-11
6.865e-06
1.43757e-10
6.86508e-06
1.67941e-10
6.86517e-06
1.86319e-10
6.86526e-06
1.80025e-10
6.86535e-06
2.54252e-10
6.86543e-06
8.61099e-12
6.86553e-06
6.75673e-10
6.86568e-06
1.80997e-09
6.8658e-06
1.29589e-09
6.86587e-06
-5.4964e-11
6.86594e-06
-2.94116e-10
6.86601e-06
-3.2893e-11
6.86608e-06
1.17653e-10
6.86614e-06
1.64835e-10
6.8662e-06
1.44982e-10
6.86625e-06
1.42776e-10
6.86629e-06
9.16218e-11
6.86632e-06
1.01608e-10
6.86634e-06
5.12703e-11
6.86634e-06
5.30469e-11
6.86634e-06
1.48122e-11
6.86632e-06
1.75572e-11
6.8663e-06
-1.93019e-11
6.86626e-06
-1.72216e-11
6.86622e-06
-6.32656e-11
6.86616e-06
-4.5781e-11
6.86611e-06
-8.40905e-11
6.86605e-06
-6.98861e-11
6.86598e-06
-1.41565e-10
6.86592e-06
-4.48899e-11
6.86585e-06
-1.51345e-10
6.86577e-06
-6.67699e-10
6.86568e-06
-8.97251e-10
6.86559e-06
-6.77874e-10
6.86553e-06
-2.9978e-10
6.86548e-06
-9.50555e-11
6.86544e-06
-2.40482e-11
6.8654e-06
-7.6698e-12
6.86536e-06
7.50317e-12
6.86533e-06
1.0195e-11
6.86529e-06
1.96953e-11
6.86527e-06
1.26096e-11
6.86524e-06
8.9796e-12
6.86522e-06
-2.31215e-11
6.8652e-06
-5.06876e-11
6.86518e-06
-9.8478e-11
6.86517e-06
-1.35178e-10
6.86515e-06
-1.80743e-10
6.86514e-06
-2.02719e-10
6.86512e-06
-2.2391e-10
6.86511e-06
-2.13832e-10
6.86509e-06
-2.01126e-10
6.86508e-06
-1.58866e-10
6.86506e-06
-1.23153e-10
6.86504e-06
-6.73935e-11
6.86502e-06
-1.53951e-11
6.86501e-06
4.57536e-11
6.86499e-06
1.0662e-10
6.86497e-06
1.7796e-10
6.86494e-06
2.4368e-10
6.86492e-06
3.17761e-10
6.8649e-06
3.71973e-10
6.86488e-06
4.24396e-10
6.86486e-06
4.41373e-10
6.86485e-06
4.45456e-10
6.86483e-06
4.02241e-10
6.86482e-06
3.42284e-10
6.86481e-06
2.48802e-10
6.8648e-06
1.46377e-10
6.8648e-06
3.36129e-11
6.86479e-06
-6.92024e-11
6.86479e-06
-1.64366e-10
6.86478e-06
-2.35808e-10
6.86478e-06
-2.91885e-10
6.86477e-06
-3.22086e-10
6.86476e-06
-3.4016e-10
6.86474e-06
-3.38721e-10
6.86472e-06
-3.33195e-10
6.86469e-06
-3.16519e-10
6.86467e-06
-3.02304e-10
6.86463e-06
-2.82754e-10
6.8646e-06
-2.6857e-10
6.86456e-06
-2.51257e-10
6.86452e-06
-2.39314e-10
6.86448e-06
-2.24614e-10
6.86444e-06
-2.1409e-10
6.8644e-06
-2.00468e-10
6.86436e-06
-1.90273e-10
6.86433e-06
-1.76443e-10
6.86429e-06
-1.66665e-10
6.86426e-06
-1.50626e-10
6.86423e-06
-1.49797e-10
6.86421e-06
-1.36059e-10
6.86416e-06
2.09271e-11
7.57793e-10
6.8867e-06
5.08376e-10
6.88687e-06
-1.83279e-10
6.88692e-06
-3.22053e-10
6.88697e-06
-1.39744e-10
6.88703e-06
-8.22962e-12
6.88711e-06
6.45527e-11
6.8872e-06
7.91104e-11
6.88729e-06
9.2835e-11
6.88738e-06
8.72318e-11
6.88748e-06
1.58958e-10
6.88756e-06
-6.96139e-11
6.88766e-06
5.6774e-10
6.88782e-06
1.65763e-09
6.88794e-06
1.17523e-09
6.88801e-06
-1.2792e-10
6.88808e-06
-3.59486e-10
6.88815e-06
-1.0574e-10
6.88822e-06
4.5013e-11
6.88829e-06
9.6933e-11
6.88835e-06
8.55413e-11
6.8884e-06
9.08431e-11
6.88844e-06
5.08427e-11
6.88848e-06
7.02949e-11
6.88849e-06
3.25857e-11
6.8885e-06
4.49645e-11
6.8885e-06
1.95482e-11
6.88848e-06
3.29427e-11
6.88846e-06
8.19779e-12
6.88842e-06
1.87611e-11
6.88837e-06
-1.71956e-11
6.88832e-06
6.52609e-12
6.88826e-06
-2.46971e-11
6.8882e-06
-7.60711e-12
6.88813e-06
-7.34853e-11
6.88806e-06
2.10361e-11
6.88799e-06
-8.12622e-11
6.88791e-06
-5.81272e-10
6.88781e-06
-8.0354e-10
6.88773e-06
-5.9281e-10
6.88766e-06
-2.33949e-10
6.88761e-06
-4.16351e-11
6.88756e-06
2.29514e-11
6.88752e-06
3.57498e-11
6.88748e-06
4.72245e-11
6.88744e-06
4.6725e-11
6.88741e-06
5.24096e-11
6.88738e-06
4.25666e-11
6.88735e-06
3.55796e-11
6.88733e-06
1.22519e-12
6.88731e-06
-2.89503e-11
6.88729e-06
-7.82467e-11
6.88727e-06
-1.16809e-10
6.88725e-06
-1.63025e-10
6.88723e-06
-1.86074e-10
6.88722e-06
-2.07147e-10
6.8872e-06
-1.97551e-10
6.88718e-06
-1.83999e-10
6.88717e-06
-1.41773e-10
6.88715e-06
-1.05216e-10
6.88713e-06
-4.90984e-11
6.88711e-06
3.4546e-12
6.88709e-06
6.50004e-11
6.88707e-06
1.26271e-10
6.88705e-06
1.97667e-10
6.88703e-06
2.6372e-10
6.88701e-06
3.37309e-10
6.88699e-06
3.91439e-10
6.88697e-06
4.42605e-10
6.88696e-06
4.58942e-10
6.88694e-06
4.61084e-10
6.88693e-06
4.16421e-10
6.88692e-06
3.54314e-10
6.88691e-06
2.59242e-10
6.8869e-06
1.54999e-10
6.88689e-06
4.12475e-11
6.88688e-06
-6.24024e-11
6.88687e-06
-1.57113e-10
6.88687e-06
-2.27783e-10
6.88686e-06
-2.81702e-10
6.88684e-06
-3.09606e-10
6.88683e-06
-3.24139e-10
6.88681e-06
-3.19432e-10
6.88679e-06
-3.09778e-10
6.88676e-06
-2.89543e-10
6.88673e-06
-2.71433e-10
6.88669e-06
-2.48734e-10
6.88666e-06
-2.31508e-10
6.88662e-06
-2.12006e-10
6.88658e-06
-1.9828e-10
6.88653e-06
-1.82644e-10
6.88649e-06
-1.71777e-10
6.88645e-06
-1.58551e-10
6.88641e-06
-1.49339e-10
6.88637e-06
-1.37184e-10
6.88633e-06
-1.29425e-10
6.8863e-06
-1.16502e-10
6.88627e-06
-1.1732e-10
6.88625e-06
-1.20396e-10
6.88619e-06
7.98915e-11
5.96141e-10
6.89778e-06
1.55123e-10
6.89794e-06
-3.42277e-10
6.898e-06
-3.85103e-10
6.89805e-06
-1.91269e-10
6.89812e-06
-7.33771e-11
6.8982e-06
-1.64504e-11
6.89829e-06
-1.12514e-11
6.89839e-06
-2.32732e-12
6.89848e-06
-6.97931e-12
6.89858e-06
6.29813e-11
6.89865e-06
-1.48197e-10
6.89876e-06
4.575e-10
6.89892e-06
1.50134e-09
6.89904e-06
1.05228e-09
6.89912e-06
-2.00145e-10
6.89918e-06
-4.24507e-10
6.89926e-06
-1.79524e-10
6.89933e-06
-2.88028e-11
6.8994e-06
2.76331e-11
6.89946e-06
2.50168e-11
6.89951e-06
3.77297e-11
6.89956e-06
9.54078e-12
6.89959e-06
3.82069e-11
6.89961e-06
1.37097e-11
6.89961e-06
3.65335e-11
6.89961e-06
2.43242e-11
6.89959e-06
4.81738e-11
6.89957e-06
3.59476e-11
6.89953e-06
5.48546e-11
6.89948e-06
2.95901e-11
6.89943e-06
5.92349e-11
6.89937e-06
3.55902e-11
6.89931e-06
5.53263e-11
6.89924e-06
-4.38072e-12
6.89917e-06
8.7895e-11
6.8991e-06
-9.47803e-12
6.89901e-06
-4.93199e-10
6.89892e-06
-7.08741e-10
6.89883e-06
-5.06941e-10
6.89876e-06
-1.66771e-10
6.89871e-06
1.34299e-11
6.89866e-06
7.11768e-11
6.89862e-06
8.02085e-11
6.89857e-06
8.77301e-11
6.89854e-06
8.40645e-11
6.8985e-06
8.5798e-11
6.89847e-06
7.32901e-11
6.89845e-06
6.28428e-11
6.89842e-06
2.65011e-11
6.8984e-06
-6.22011e-12
6.89838e-06
-5.6699e-11
6.89836e-06
-9.70499e-11
6.89834e-06
-1.4366e-10
6.89832e-06
-1.67848e-10
6.8983e-06
-1.88701e-10
6.89828e-06
-1.7984e-10
6.89826e-06
-1.65552e-10
6.89825e-06
-1.23793e-10
6.89823e-06
-8.65685e-11
6.89821e-06
-3.06045e-11
6.89819e-06
2.24596e-11
6.89817e-06
8.38849e-11
6.89815e-06
1.45458e-10
6.89813e-06
2.1643e-10
6.89811e-06
2.82603e-10
6.8981e-06
3.55309e-10
6.89808e-06
4.09264e-10
6.89806e-06
4.58955e-10
6.89805e-06
4.74814e-10
6.89803e-06
4.75082e-10
6.89802e-06
4.29494e-10
6.89801e-06
3.65787e-10
6.898e-06
2.69708e-10
6.89799e-06
1.64476e-10
6.89798e-06
5.02603e-11
6.89797e-06
-5.34616e-11
6.89796e-06
-1.47527e-10
6.89795e-06
-2.16906e-10
6.89794e-06
-2.6884e-10
6.89792e-06
-2.94129e-10
6.8979e-06
-3.05646e-10
6.89788e-06
-2.9748e-10
6.89786e-06
-2.8425e-10
6.89783e-06
-2.6041e-10
6.89779e-06
-2.3878e-10
6.89776e-06
-2.12989e-10
6.89772e-06
-1.92902e-10
6.89768e-06
-1.71339e-10
6.89764e-06
-1.55835e-10
6.89759e-06
-1.39468e-10
6.89755e-06
-1.2809e-10
6.89751e-06
-1.15523e-10
6.89746e-06
-1.07129e-10
6.89742e-06
-9.68501e-11
6.89739e-06
-9.10657e-11
6.89735e-06
-8.12903e-11
6.89732e-06
-8.44236e-11
6.8973e-06
-1.03244e-10
6.89725e-06
1.33502e-10
4.14774e-10
6.89722e-06
-2.0053e-10
6.89738e-06
-5.03428e-10
6.89744e-06
-4.48313e-10
6.8975e-06
-2.41991e-10
6.89756e-06
-1.38025e-10
6.89764e-06
-9.69351e-11
6.89773e-06
-1.01313e-10
6.89782e-06
-9.71221e-11
6.89792e-06
-1.01083e-10
6.89801e-06
-3.26382e-11
6.89809e-06
-2.27174e-10
6.8982e-06
3.47941e-10
6.89836e-06
1.34628e-09
6.89848e-06
9.28974e-10
6.89856e-06
-2.73103e-10
6.89862e-06
-4.89904e-10
6.89869e-06
-2.5301e-10
6.89877e-06
-1.02361e-10
6.89884e-06
-4.11858e-11
6.8989e-06
-3.5293e-11
6.89895e-06
-1.4828e-11
6.89899e-06
-3.16718e-11
6.89902e-06
6.65684e-12
6.89904e-06
-5.0062e-12
6.89905e-06
2.86375e-11
6.89905e-06
2.93237e-11
6.89903e-06
6.3928e-11
6.899e-06
6.38089e-11
6.89897e-06
9.13076e-11
6.89892e-06
7.61292e-11
6.89887e-06
1.11972e-10
6.89881e-06
9.53808e-11
6.89874e-06
1.18003e-10
6.89868e-06
6.39209e-11
6.89861e-06
1.54052e-10
6.89854e-06
6.11989e-11
6.89845e-06
-4.06052e-10
6.89836e-06
-6.15024e-10
6.89827e-06
-4.2236e-10
6.89821e-06
-1.00626e-10
6.89815e-06
6.74946e-11
6.8981e-06
1.18536e-10
6.89806e-06
1.23655e-10
6.89802e-06
1.27295e-10
6.89798e-06
1.20356e-10
6.89795e-06
1.18323e-10
6.89792e-06
1.0314e-10
6.8979e-06
8.95758e-11
6.89787e-06
5.13381e-11
6.89785e-06
1.64711e-11
6.89783e-06
-3.50304e-11
6.89781e-06
-7.6749e-11
6.89779e-06
-1.23664e-10
6.89777e-06
-1.48696e-10
6.89775e-06
-1.69445e-10
6.89773e-06
-1.61231e-10
6.89771e-06
-1.46518e-10
6.89769e-06
-1.053e-10
6.89767e-06
-6.7831e-11
6.89765e-06
-1.21459e-11
6.89764e-06
4.08318e-11
6.89762e-06
1.02051e-10
6.8976e-06
1.63394e-10
6.89758e-06
2.33799e-10
6.89756e-06
2.99682e-10
6.89755e-06
3.71368e-10
6.89753e-06
4.2481e-10
6.89752e-06
4.73086e-10
6.89751e-06
4.88373e-10
6.89749e-06
4.87153e-10
6.89748e-06
4.40905e-10
6.89747e-06
3.76132e-10
6.89746e-06
2.79744e-10
6.89745e-06
1.74062e-10
6.89744e-06
6.01733e-11
6.89743e-06
-4.32531e-11
6.89742e-06
-1.36015e-10
6.89741e-06
-2.04086e-10
6.89739e-06
-2.53635e-10
6.89738e-06
-2.76661e-10
6.89735e-06
-2.84874e-10
6.89733e-06
-2.73817e-10
6.8973e-06
-2.56895e-10
6.89727e-06
-2.29942e-10
6.89724e-06
-2.04835e-10
6.8972e-06
-1.76249e-10
6.89716e-06
-1.53426e-10
6.89712e-06
-1.29913e-10
6.89708e-06
-1.12813e-10
6.89703e-06
-9.56429e-11
6.89699e-06
-8.40423e-11
6.89695e-06
-7.19485e-11
6.8969e-06
-6.46262e-11
6.89686e-06
-5.60732e-11
6.89683e-06
-5.23992e-11
6.89679e-06
-4.57104e-11
6.89676e-06
-5.10063e-11
6.89674e-06
-8.59712e-11
6.89668e-06
1.87548e-10
2.34606e-10
6.88505e-06
-5.54309e-10
6.88522e-06
-6.70392e-10
6.88528e-06
-5.04747e-10
6.88532e-06
-2.85896e-10
6.88538e-06
-1.98623e-10
6.88546e-06
-1.74752e-10
6.88555e-06
-1.88874e-10
6.88564e-06
-1.89717e-10
6.88573e-06
-1.9328e-10
6.88583e-06
-1.27168e-10
6.8859e-06
-3.0617e-10
6.88601e-06
2.41256e-10
6.88616e-06
1.19676e-09
6.88628e-06
8.06895e-10
6.88636e-06
-3.47973e-10
6.88642e-06
-5.55918e-10
6.8865e-06
-3.25382e-10
6.88657e-06
-1.74204e-10
6.88664e-06
-1.08478e-10
6.8867e-06
-9.40026e-11
6.88675e-06
-6.6048e-11
6.88679e-06
-7.12426e-11
6.88682e-06
-2.37278e-11
6.88683e-06
-2.23415e-11
6.88684e-06
2.17231e-11
6.88684e-06
3.53054e-11
6.88682e-06
8.01342e-11
6.88679e-06
9.20291e-11
6.88676e-06
1.27564e-10
6.88671e-06
1.22436e-10
6.88666e-06
1.63649e-10
6.8866e-06
1.53996e-10
6.88654e-06
1.7889e-10
6.88647e-06
1.30328e-10
6.88641e-06
2.17774e-10
6.88634e-06
1.29136e-10
6.88625e-06
-3.2216e-10
6.88616e-06
-5.2432e-10
6.88608e-06
-3.40973e-10
6.88602e-06
-3.78554e-11
6.88597e-06
1.18317e-10
6.88592e-06
1.62801e-10
6.88588e-06
1.64307e-10
6.88585e-06
1.64099e-10
6.88581e-06
1.54084e-10
6.88578e-06
1.48367e-10
6.88576e-06
1.30807e-10
6.88573e-06
1.14303e-10
6.88571e-06
7.46676e-11
6.88569e-06
3.79625e-11
6.88566e-06
-1.40671e-11
6.88564e-06
-5.68808e-11
6.88562e-06
-1.03695e-10
6.88561e-06
-1.29464e-10
6.88559e-06
-1.49911e-10
6.88557e-06
-1.42484e-10
6.88555e-06
-1.27407e-10
6.88553e-06
-8.70625e-11
6.88551e-06
-4.94879e-11
6.88549e-06
5.45975e-12
6.88548e-06
5.83175e-11
6.88546e-06
1.18816e-10
6.88544e-06
1.79838e-10
6.88543e-06
2.49234e-10
6.88541e-06
3.14597e-10
6.8854e-06
3.84889e-10
6.88539e-06
4.37695e-10
6.88538e-06
4.84332e-10
6.88536e-06
4.99145e-10
6.88536e-06
4.965e-10
6.88535e-06
4.5006e-10
6.88534e-06
3.84733e-10
6.88533e-06
2.88562e-10
6.88532e-06
1.83227e-10
6.88531e-06
7.0138e-11
6.8853e-06
-3.22521e-11
6.88529e-06
-1.23543e-10
6.88527e-06
-1.89772e-10
6.88526e-06
-2.37104e-10
6.88524e-06
-2.57536e-10
6.88521e-06
-2.62975e-10
6.88519e-06
-2.48818e-10
6.88516e-06
-2.28774e-10
6.88513e-06
-1.98669e-10
6.8851e-06
-1.70492e-10
6.88506e-06
-1.39202e-10
6.88502e-06
-1.13858e-10
6.88498e-06
-8.85377e-11
6.88493e-06
-6.98942e-11
6.88489e-06
-5.21459e-11
6.88485e-06
-4.0176e-11
6.8848e-06
-2.88233e-11
6.88476e-06
-2.23938e-11
6.88472e-06
-1.57539e-11
6.88468e-06
-1.40369e-11
6.88465e-06
-1.05583e-11
6.88461e-06
-1.71333e-11
6.8846e-06
-7.01281e-11
6.88454e-06
2.48579e-10
7.20542e-11
6.86196e-06
-8.83305e-10
6.86212e-06
-8.29341e-10
6.86217e-06
-5.57195e-10
6.86221e-06
-3.24924e-10
6.86227e-06
-2.54457e-10
6.86234e-06
-2.47582e-10
6.86242e-06
-2.71563e-10
6.86251e-06
-2.77662e-10
6.8626e-06
-2.81744e-10
6.86269e-06
-2.18574e-10
6.86277e-06
-3.83676e-10
6.86287e-06
1.38267e-10
6.86302e-06
1.05297e-09
6.86314e-06
6.87589e-10
6.86321e-06
-4.22256e-10
6.86328e-06
-6.20788e-10
6.86335e-06
-3.95199e-10
6.86341e-06
-2.43149e-10
6.86348e-06
-1.72586e-10
6.86354e-06
-1.49885e-10
6.86358e-06
-1.14269e-10
6.86362e-06
-1.08493e-10
6.86365e-06
-5.16558e-11
6.86366e-06
-3.78995e-11
6.86367e-06
1.66109e-11
6.86366e-06
4.23565e-11
6.86365e-06
9.72671e-11
6.86362e-06
1.20269e-10
6.86358e-06
1.63574e-10
6.86354e-06
1.67375e-10
6.86349e-06
2.13679e-10
6.86343e-06
2.09968e-10
6.86337e-06
2.36944e-10
6.86331e-06
1.92951e-10
6.86325e-06
2.77661e-10
6.86319e-06
1.92466e-10
6.86311e-06
-2.4352e-10
6.86302e-06
-4.39429e-10
6.86295e-06
-2.65502e-10
6.86289e-06
1.96264e-11
6.86284e-06
1.64254e-10
6.8628e-06
2.02606e-10
6.86277e-06
2.00581e-10
6.86273e-06
1.96781e-10
6.8627e-06
1.83777e-10
6.86268e-06
1.74773e-10
6.86265e-06
1.55052e-10
6.86263e-06
1.3617e-10
6.86261e-06
9.54575e-11
6.86259e-06
5.75078e-11
6.86257e-06
5.29075e-12
6.86255e-06
-3.8033e-11
6.86253e-06
-8.45217e-11
6.86251e-06
-1.10613e-10
6.8625e-06
-1.30781e-10
6.86248e-06
-1.23975e-10
6.86246e-06
-1.08783e-10
6.86244e-06
-6.93384e-11
6.86242e-06
-3.20287e-11
6.86241e-06
2.20846e-11
6.86239e-06
7.42462e-11
6.86238e-06
1.33946e-10
6.86236e-06
1.9412e-10
6.86235e-06
2.62356e-10
6.86234e-06
3.26771e-10
6.86233e-06
3.95508e-10
6.86232e-06
4.47305e-10
6.86231e-06
4.92323e-10
6.8623e-06
5.06531e-10
6.86229e-06
5.02803e-10
6.86229e-06
4.56405e-10
6.86228e-06
3.91011e-10
6.86227e-06
2.95721e-10
6.86227e-06
1.91245e-10
6.86226e-06
7.97242e-11
6.86225e-06
-2.12739e-11
6.86223e-06
-1.10446e-10
6.86222e-06
-1.74826e-10
6.8622e-06
-2.19551e-10
6.86218e-06
-2.37751e-10
6.86216e-06
-2.40142e-10
6.86213e-06
-2.2347e-10
6.8621e-06
-2.00215e-10
6.86207e-06
-1.67477e-10
6.86204e-06
-1.36313e-10
6.862e-06
-1.02657e-10
6.86196e-06
-7.49603e-11
6.86192e-06
-4.79793e-11
6.86188e-06
-2.80062e-11
6.86184e-06
-9.63194e-12
6.8618e-06
2.40677e-12
6.86175e-06
1.32062e-11
6.86171e-06
1.85124e-11
6.86167e-06
2.34206e-11
6.86164e-06
2.31222e-11
6.8616e-06
2.34636e-11
6.86157e-06
1.61072e-11
6.86155e-06
-5.58528e-11
6.86149e-06
3.10103e-10
-6.87484e-11
6.82907e-06
-1.17356e-09
6.82921e-06
-9.71109e-10
6.82926e-06
-6.04216e-10
6.8293e-06
-3.59995e-10
6.82935e-06
-3.04946e-10
6.82941e-06
-3.13902e-10
6.82949e-06
-3.47253e-10
6.82957e-06
-3.59187e-10
6.82965e-06
-3.64779e-10
6.82974e-06
-3.05581e-10
6.82981e-06
-4.58176e-10
6.82991e-06
3.9889e-11
6.83005e-06
9.15547e-10
6.83017e-06
5.71861e-10
6.83024e-06
-4.94608e-10
6.8303e-06
-6.8289e-10
6.83037e-06
-4.61278e-10
6.83043e-06
-3.0789e-10
6.83049e-06
-2.32637e-10
6.83054e-06
-2.01731e-10
6.83059e-06
-1.58798e-10
6.83062e-06
-1.42003e-10
6.83065e-06
-7.65292e-11
6.83066e-06
-5.05678e-11
6.83066e-06
1.36486e-11
6.83065e-06
5.10788e-11
6.83064e-06
1.15122e-10
6.83061e-06
1.48597e-10
6.83057e-06
1.98694e-10
6.83053e-06
2.10881e-10
6.83048e-06
2.61083e-10
6.83043e-06
2.6276e-10
6.83038e-06
2.90899e-10
6.83032e-06
2.50975e-10
6.83026e-06
3.3241e-10
6.8302e-06
2.50324e-10
6.83013e-06
-1.71428e-10
6.83005e-06
-3.61625e-10
6.82999e-06
-1.97238e-10
6.82993e-06
7.05292e-11
6.82989e-06
2.04261e-10
6.82986e-06
2.36739e-10
6.82983e-06
2.3151e-10
6.8298e-06
2.24293e-10
6.82978e-06
2.08664e-10
6.82976e-06
1.96667e-10
6.82974e-06
1.75244e-10
6.82972e-06
1.5434e-10
6.8297e-06
1.13176e-10
6.82968e-06
7.4441e-11
6.82966e-06
2.26451e-11
6.82965e-06
-2.07888e-11
6.82963e-06
-6.648e-11
6.82961e-06
-9.27011e-11
6.82959e-06
-1.12352e-10
6.82958e-06
-1.06226e-10
6.82956e-06
-9.09556e-11
6.82954e-06
-5.26889e-11
6.82952e-06
-1.57683e-11
6.82951e-06
3.70907e-11
6.8295e-06
8.85471e-11
6.82948e-06
1.46955e-10
6.82947e-06
2.06183e-10
6.82946e-06
2.72809e-10
6.82945e-06
3.36011e-10
6.82944e-06
4.02805e-10
6.82944e-06
4.53417e-10
6.82943e-06
4.96582e-10
6.82943e-06
5.1023e-10
6.82943e-06
5.05462e-10
6.82942e-06
4.5952e-10
6.82942e-06
3.94552e-10
6.82942e-06
3.00621e-10
6.82941e-06
1.97781e-10
6.8294e-06
8.82691e-11
6.82939e-06
-1.0597e-11
6.82938e-06
-9.75128e-11
6.82936e-06
-1.59519e-10
6.82934e-06
-2.01844e-10
6.82932e-06
-2.17492e-10
6.8293e-06
-2.17416e-10
6.82928e-06
-1.98047e-10
6.82925e-06
-1.72211e-10
6.82922e-06
-1.36839e-10
6.82918e-06
-1.03159e-10
6.82915e-06
-6.727e-11
6.82911e-06
-3.74958e-11
6.82907e-06
-9.04281e-12
6.82903e-06
1.2168e-11
6.82899e-06
3.09258e-11
6.82895e-06
4.31735e-11
6.82891e-06
5.31706e-11
6.82887e-06
5.75608e-11
6.82883e-06
6.06101e-11
6.8288e-06
5.84939e-11
6.82877e-06
5.57087e-11
6.82873e-06
4.7913e-11
6.82872e-06
-4.33833e-11
6.82866e-06
3.68793e-10
-1.87443e-10
6.78768e-06
-1.42147e-09
6.7878e-06
-1.09096e-09
6.78784e-06
-6.44746e-10
6.78787e-06
-3.90863e-10
6.78791e-06
-3.49629e-10
6.78797e-06
-3.72424e-10
6.78804e-06
-4.14644e-10
6.78811e-06
-4.32829e-10
6.78819e-06
-4.41293e-10
6.78827e-06
-3.86881e-10
6.78834e-06
-5.28569e-10
6.78843e-06
-5.27086e-11
6.78856e-06
7.85289e-10
6.78867e-06
4.60806e-10
6.78874e-06
-5.63638e-10
6.7888e-06
-7.40933e-10
6.78886e-06
-5.22186e-10
6.78892e-06
-3.67273e-10
6.78898e-06
-2.87157e-10
6.78902e-06
-2.48492e-10
6.78906e-06
-1.98256e-10
6.78909e-06
-1.71295e-10
6.78911e-06
-9.7342e-11
6.78912e-06
-6.01318e-11
6.78912e-06
1.34548e-11
6.78911e-06
6.14826e-11
6.78909e-06
1.34127e-10
6.78907e-06
1.76822e-10
6.78903e-06
2.33063e-10
6.78899e-06
2.52224e-10
6.78895e-06
3.05721e-10
6.7889e-06
3.11563e-10
6.78885e-06
3.40437e-10
6.78879e-06
3.03427e-10
6.78875e-06
3.81364e-10
6.78869e-06
3.0157e-10
6.78863e-06
-1.06656e-10
6.78856e-06
-2.91766e-10
6.7885e-06
-1.36985e-10
6.78845e-06
1.1422e-10
6.78842e-06
2.37627e-10
6.78839e-06
2.64737e-10
6.78837e-06
2.5648e-10
6.78835e-06
2.46202e-10
6.78833e-06
2.28163e-10
6.78831e-06
2.13673e-10
6.78829e-06
1.90874e-10
6.78828e-06
1.68584e-10
6.78827e-06
1.2737e-10
6.78825e-06
8.84917e-11
6.78824e-06
3.75179e-11
6.78822e-06
-5.40186e-12
6.7882e-06
-5.00297e-11
6.78819e-06
-7.59452e-11
6.78817e-06
-9.50687e-11
6.78815e-06
-8.94386e-11
6.78814e-06
-7.42967e-11
6.78812e-06
-3.72148e-11
6.78811e-06
-1.00682e-12
6.78809e-06
5.05283e-11
6.78808e-06
1.00726e-10
6.78807e-06
1.57782e-10
6.78806e-06
2.15543e-10
6.78805e-06
2.80398e-10
6.78805e-06
3.41958e-10
6.78804e-06
4.0663e-10
6.78804e-06
4.55674e-10
6.78804e-06
4.96983e-10
6.78804e-06
5.09938e-10
6.78804e-06
5.04434e-10
6.78804e-06
4.59171e-10
6.78804e-06
3.95077e-10
6.78804e-06
3.0314e-10
6.78804e-06
2.02401e-10
6.78803e-06
9.56316e-11
6.78802e-06
-7.94918e-13
6.78801e-06
-8.48411e-11
6.78799e-06
-1.44512e-10
6.78797e-06
-1.84089e-10
6.78795e-06
-1.97603e-10
6.78793e-06
-1.94822e-10
6.78791e-06
-1.73397e-10
6.78788e-06
-1.44935e-10
6.78785e-06
-1.07506e-10
6.78782e-06
-7.14409e-11
6.78778e-06
-3.37107e-11
6.78775e-06
-2.07143e-12
6.78771e-06
2.76614e-11
6.78767e-06
4.98713e-11
6.78764e-06
6.90474e-11
6.7876e-06
8.1205e-11
6.78756e-06
9.06073e-11
6.78752e-06
9.38879e-11
6.78749e-06
9.53145e-11
6.78746e-06
9.13799e-11
6.78743e-06
8.56734e-11
6.7874e-06
7.7643e-11
6.78739e-06
-3.27005e-11
6.78733e-06
4.22607e-10
-2.8367e-10
6.73899e-06
-1.62618e-09
6.73909e-06
-1.18892e-09
6.73912e-06
-6.77636e-10
6.73915e-06
-4.16894e-10
6.73918e-06
-3.87537e-10
6.73923e-06
-4.22191e-10
6.73929e-06
-4.72539e-10
6.73936e-06
-4.97689e-10
6.73942e-06
-5.10276e-10
6.7395e-06
-4.61765e-10
6.73957e-06
-5.93827e-10
6.73965e-06
-1.38841e-10
6.73977e-06
6.62863e-10
6.73988e-06
3.55152e-10
6.73994e-06
-6.28428e-10
6.74e-06
-7.93778e-10
6.74005e-06
-5.77068e-10
6.74011e-06
-4.2032e-10
6.74015e-06
-3.35582e-10
6.7402e-06
-2.89324e-10
6.74023e-06
-2.32256e-10
6.74025e-06
-1.95312e-10
6.74027e-06
-1.13737e-10
6.74028e-06
-6.57414e-11
6.74027e-06
1.62231e-11
6.74026e-06
7.407e-11
6.74024e-06
1.54121e-10
6.74021e-06
2.05128e-10
6.74018e-06
2.66342e-10
6.74014e-06
2.91707e-10
6.7401e-06
3.47204e-10
6.74005e-06
3.56495e-10
6.74001e-06
3.85118e-10
6.73996e-06
3.50406e-10
6.73992e-06
4.24231e-10
6.73987e-06
3.46312e-10
6.73982e-06
-4.93417e-11
6.73975e-06
-2.29778e-10
6.7397e-06
-8.46408e-11
6.73966e-06
1.50618e-10
6.73964e-06
2.64319e-10
6.73962e-06
2.86349e-10
6.7396e-06
2.75414e-10
6.73958e-06
2.62315e-10
6.73957e-06
2.42266e-10
6.73955e-06
2.25619e-10
6.73954e-06
2.01913e-10
6.73953e-06
1.78613e-10
6.73952e-06
1.37954e-10
6.73951e-06
9.93938e-11
6.7395e-06
4.98295e-11
6.73949e-06
7.82165e-12
6.73947e-06
-3.52931e-11
6.73946e-06
-6.07093e-11
6.73944e-06
-7.90788e-11
6.73943e-06
-7.39854e-11
6.73941e-06
-5.90005e-11
6.7394e-06
-2.33418e-11
6.73938e-06
1.20492e-11
6.73937e-06
6.18842e-11
6.73936e-06
1.10842e-10
6.73935e-06
1.66083e-10
6.73935e-06
2.22298e-10
6.73934e-06
2.84951e-10
6.73934e-06
3.44608e-10
6.73934e-06
4.06791e-10
6.73934e-06
4.54091e-10
6.73934e-06
4.93329e-10
6.73935e-06
5.05632e-10
6.73935e-06
4.99443e-10
6.73936e-06
4.55247e-10
6.73936e-06
3.92508e-10
6.73936e-06
3.03002e-10
6.73936e-06
2.05101e-10
6.73935e-06
1.01457e-10
6.73934e-06
8.15976e-12
6.73933e-06
-7.29426e-11
6.73932e-06
-1.29811e-10
6.7393e-06
-1.66915e-10
6.73928e-06
-1.78033e-10
6.73926e-06
-1.73199e-10
6.73923e-06
-1.49593e-10
6.73921e-06
-1.192e-10
6.73918e-06
-7.97693e-11
6.73915e-06
-4.18532e-11
6.73912e-06
-2.46482e-12
6.73909e-06
3.07133e-11
6.73905e-06
6.15038e-11
6.73902e-06
8.4594e-11
6.73898e-06
1.03939e-10
6.73895e-06
1.16152e-10
6.73891e-06
1.24738e-10
6.73888e-06
1.27155e-10
6.73885e-06
1.26896e-10
6.73882e-06
1.21397e-10
6.73879e-06
1.12913e-10
6.73877e-06
1.04831e-10
6.73876e-06
-2.40717e-11
6.73871e-06
4.70935e-10
-3.59334e-10
6.68397e-06
-1.79088e-09
6.68404e-06
-1.26665e-09
6.68407e-06
-7.03571e-10
6.68409e-06
-4.37478e-10
6.68412e-06
-4.18052e-10
6.68416e-06
-4.62426e-10
6.68421e-06
-5.20392e-10
6.68426e-06
-5.52987e-10
6.68432e-06
-5.71019e-10
6.68439e-06
-5.29179e-10
6.68445e-06
-6.52964e-10
6.68453e-06
-2.1749e-10
6.68464e-06
5.49016e-10
6.68474e-06
2.56086e-10
6.6848e-06
-6.87608e-10
6.68485e-06
-8.40324e-10
6.6849e-06
-6.24762e-10
6.68494e-06
-4.66138e-10
6.68498e-06
-3.76758e-10
6.68502e-06
-3.23457e-10
6.68505e-06
-2.5977e-10
6.68506e-06
-2.13828e-10
6.68508e-06
-1.25067e-10
6.68508e-06
-6.74303e-11
6.68507e-06
2.23055e-11
6.68506e-06
8.86895e-11
6.68503e-06
1.7539e-10
6.68501e-06
2.33333e-10
6.68497e-06
2.98706e-10
6.68494e-06
3.28829e-10
6.6849e-06
3.85609e-10
6.68486e-06
3.97144e-10
6.68482e-06
4.25046e-10
6.68478e-06
3.91532e-10
6.68474e-06
4.60962e-10
6.6847e-06
3.84131e-10
6.68465e-06
4.87308e-13
6.6846e-06
-1.75707e-10
6.68455e-06
-4.01729e-11
6.68452e-06
1.79852e-10
6.6845e-06
2.84341e-10
6.68449e-06
3.01758e-10
6.68448e-06
2.88342e-10
6.68447e-06
2.72777e-10
6.68446e-06
2.50942e-10
6.68445e-06
2.32606e-10
6.68444e-06
2.08301e-10
6.68444e-06
1.84563e-10
6.68443e-06
1.44829e-10
6.68442e-06
1.07155e-10
6.68441e-06
5.93547e-11
6.6844e-06
1.88188e-11
6.68439e-06
-2.25486e-11
6.68438e-06
-4.70794e-11
6.68436e-06
-6.46933e-11
6.68435e-06
-5.99757e-11
6.68433e-06
-4.53303e-11
6.68432e-06
-1.10973e-11
6.68431e-06
2.3204e-11
6.6843e-06
7.12942e-11
6.68429e-06
1.18494e-10
6.68429e-06
1.71891e-10
6.68428e-06
2.2607e-10
6.68428e-06
2.86383e-10
6.68428e-06
3.43749e-10
6.68429e-06
4.03285e-10
6.68429e-06
4.48505e-10
6.6843e-06
4.85683e-10
6.68431e-06
4.97241e-10
6.68432e-06
4.90671e-10
6.68432e-06
4.47782e-10
6.68433e-06
3.86822e-10
6.68433e-06
3.00362e-10
6.68433e-06
2.05713e-10
6.68433e-06
1.05879e-10
6.68432e-06
1.59473e-11
6.68431e-06
-6.16584e-11
6.68429e-06
-1.15845e-10
6.68428e-06
-1.502e-10
6.68426e-06
-1.59429e-10
6.68424e-06
-1.52375e-10
6.68422e-06
-1.27314e-10
6.68419e-06
-9.50101e-11
6.68417e-06
-5.42306e-11
6.68414e-06
-1.46553e-11
6.68411e-06
2.5936e-11
6.68408e-06
6.03937e-11
6.68405e-06
9.20068e-11
6.68402e-06
1.15719e-10
6.68399e-06
1.35256e-10
6.68396e-06
1.47236e-10
6.68393e-06
1.55238e-10
6.6839e-06
1.56646e-10
6.68387e-06
1.54996e-10
6.68384e-06
1.47998e-10
6.68382e-06
1.37056e-10
6.68379e-06
1.29074e-10
6.68379e-06
-1.75622e-11
6.68375e-06
5.13244e-10
-4.14558e-10
6.62328e-06
-1.91708e-09
6.62334e-06
-1.32733e-09
6.62336e-06
-7.23099e-10
6.62337e-06
-4.52596e-10
6.62339e-06
-4.40809e-10
6.62342e-06
-4.92988e-10
6.62346e-06
-5.5778e-10
6.62351e-06
-5.98211e-10
6.62356e-06
-6.22498e-10
6.62362e-06
-5.88079e-10
6.62367e-06
-7.045e-10
6.62374e-06
-2.87524e-10
6.62384e-06
4.4483e-10
6.62393e-06
1.64791e-10
6.62399e-06
-7.39893e-10
6.62403e-06
-8.79283e-10
6.62406e-06
-6.64373e-10
6.6241e-06
-5.03816e-10
6.62414e-06
-4.10219e-10
6.62416e-06
-3.50251e-10
6.62418e-06
-2.80624e-10
6.6242e-06
-2.2613e-10
6.6242e-06
-1.31302e-10
6.6242e-06
-6.47761e-11
6.62419e-06
3.14962e-11
6.62417e-06
1.05397e-10
6.62415e-06
1.9738e-10
6.62412e-06
2.61195e-10
6.62409e-06
3.29483e-10
6.62406e-06
3.63539e-10
6.62402e-06
4.20318e-10
6.62399e-06
4.33407e-10
6.62395e-06
4.59688e-10
6.62392e-06
4.26847e-10
6.62389e-06
4.91347e-10
6.62386e-06
4.15261e-10
6.62381e-06
4.29419e-11
6.62377e-06
-1.29203e-10
6.62373e-06
-3.17244e-12
6.62371e-06
2.02182e-10
6.62369e-06
2.98003e-10
6.62368e-06
3.11095e-10
6.62368e-06
2.95563e-10
6.62367e-06
2.77789e-10
6.62367e-06
2.54553e-10
6.62367e-06
2.34835e-10
6.62366e-06
2.1034e-10
6.62366e-06
1.86479e-10
6.62366e-06
1.48191e-10
6.62365e-06
1.11781e-10
6.62365e-06
6.62365e-11
6.62364e-06
2.74965e-11
6.62363e-06
-1.17487e-11
6.62362e-06
-3.52469e-11
6.6236e-06
-5.19222e-11
6.62359e-06
-4.76326e-11
6.62358e-06
-3.33626e-11
6.62357e-06
-7.73555e-13
6.62356e-06
3.23521e-11
6.62355e-06
7.83433e-11
6.62355e-06
1.23839e-10
6.62354e-06
1.74954e-10
6.62354e-06
2.2705e-10
6.62355e-06
2.84633e-10
6.62355e-06
3.39485e-10
6.62356e-06
3.96058e-10
6.62357e-06
4.39065e-10
6.62358e-06
4.74023e-10
6.62359e-06
4.84907e-10
6.6236e-06
4.78048e-10
6.62361e-06
4.36863e-10
6.62362e-06
3.78163e-10
6.62363e-06
2.9515e-10
6.62363e-06
2.0446e-10
6.62363e-06
1.08752e-10
6.62362e-06
2.28244e-11
6.62361e-06
-5.1297e-11
6.6236e-06
-1.024e-10
6.62358e-06
-1.34385e-10
6.62356e-06
-1.41534e-10
6.62354e-06
-1.33026e-10
6.62352e-06
-1.0646e-10
6.6235e-06
-7.30511e-11
6.62348e-06
-3.10525e-11
6.62345e-06
9.55846e-12
6.62343e-06
5.11041e-11
6.6234e-06
8.64463e-11
6.62337e-06
1.18615e-10
6.62335e-06
1.42799e-10
6.62332e-06
1.62266e-10
6.62329e-06
1.74172e-10
6.62327e-06
1.81394e-10
6.62324e-06
1.82087e-10
6.62322e-06
1.79049e-10
6.62319e-06
1.7087e-10
6.62317e-06
1.57733e-10
6.62315e-06
1.50024e-10
6.62315e-06
-1.35235e-11
6.62311e-06
5.49596e-10
-4.50878e-10
6.55738e-06
-2.00796e-09
6.55743e-06
-1.37341e-09
6.55745e-06
-7.37998e-10
6.55746e-06
-4.627e-10
6.55747e-06
-4.56281e-10
6.55749e-06
-5.14149e-10
6.55752e-06
-5.84825e-10
6.55755e-06
-6.32723e-10
6.55759e-06
-6.63585e-10
6.55764e-06
-6.36647e-10
6.55768e-06
-7.46508e-10
6.55774e-06
-3.46987e-10
6.55784e-06
3.51927e-10
6.55792e-06
8.31568e-11
6.55796e-06
-7.83379e-10
6.55799e-06
-9.09184e-10
6.55802e-06
-6.94549e-10
6.55805e-06
-5.32368e-10
6.55808e-06
-4.34868e-10
6.5581e-06
-3.69057e-10
6.55811e-06
-2.94077e-10
6.55812e-06
-2.32329e-10
6.55812e-06
-1.32272e-10
6.55811e-06
-5.833e-11
6.5581e-06
4.34955e-11
6.55808e-06
1.23375e-10
6.55806e-06
2.19612e-10
6.55803e-06
2.878e-10
6.558e-06
3.58048e-10
6.55797e-06
3.94612e-10
6.55794e-06
4.50682e-10
6.55791e-06
4.64251e-10
6.55788e-06
4.88537e-10
6.55785e-06
4.55518e-10
6.55783e-06
5.14939e-10
6.55781e-06
4.39076e-10
6.55777e-06
7.78824e-11
6.55773e-06
-9.03301e-11
6.5577e-06
2.64209e-11
6.55769e-06
2.17817e-10
6.55768e-06
3.05472e-10
6.55767e-06
3.14748e-10
6.55767e-06
2.97373e-10
6.55767e-06
2.77777e-10
6.55767e-06
2.53391e-10
6.55768e-06
2.32719e-10
6.55768e-06
2.08305e-10
6.55768e-06
1.84798e-10
6.55768e-06
1.48237e-10
6.55768e-06
1.13542e-10
6.55767e-06
7.05105e-11
6.55767e-06
3.40074e-11
6.55766e-06
-2.95299e-12
6.55765e-06
-2.51163e-11
6.55764e-06
-4.08808e-11
6.55763e-06
-3.69038e-11
6.55762e-06
-2.31813e-11
6.55761e-06
7.7503e-12
6.5576e-06
3.94503e-11
6.5576e-06
8.33127e-11
6.55759e-06
1.26602e-10
6.55759e-06
1.75434e-10
6.55759e-06
2.24992e-10
6.5576e-06
2.79738e-10
6.55761e-06
3.31749e-10
6.55762e-06
3.85242e-10
6.55763e-06
4.25774e-10
6.55765e-06
4.58558e-10
6.55766e-06
4.68736e-10
6.55768e-06
4.61906e-10
6.55769e-06
4.22683e-10
6.5577e-06
3.66649e-10
6.55771e-06
2.87685e-10
6.55772e-06
2.01311e-10
6.55771e-06
1.10371e-10
6.55771e-06
2.86014e-11
6.5577e-06
-4.15363e-11
6.55769e-06
-8.97781e-11
6.55767e-06
-1.19187e-10
6.55765e-06
-1.24884e-10
6.55764e-06
-1.14828e-10
6.55762e-06
-8.76121e-11
6.5576e-06
-5.32013e-11
6.55758e-06
-1.07595e-11
6.55756e-06
3.06116e-11
6.55753e-06
7.25561e-11
6.55751e-06
1.08455e-10
6.55749e-06
1.40882e-10
6.55747e-06
1.65249e-10
6.55744e-06
1.84653e-10
6.55742e-06
1.96198e-10
6.5574e-06
2.02902e-10
6.55738e-06
2.02779e-10
6.55736e-06
1.98711e-10
6.55734e-06
1.89485e-10
6.55733e-06
1.74583e-10
6.55731e-06
1.67332e-10
6.55731e-06
-1.20962e-11
6.55728e-06
5.79697e-10
-4.67696e-10
6.48661e-06
-2.06412e-09
6.48664e-06
-1.40772e-09
6.48665e-06
-7.49064e-10
6.48666e-06
-4.68428e-10
6.48666e-06
-4.64967e-10
6.48668e-06
-5.26513e-10
6.48669e-06
-6.01496e-10
6.48672e-06
-6.55907e-10
6.48675e-06
-6.92752e-10
6.48678e-06
-6.73004e-10
6.48681e-06
-7.76584e-10
6.48686e-06
-3.93777e-10
6.48694e-06
2.72241e-10
6.48701e-06
1.29998e-11
6.48704e-06
-8.16339e-10
6.48706e-06
-9.28471e-10
6.48708e-06
-7.14239e-10
6.4871e-06
-5.50877e-10
6.48712e-06
-4.5032e-10
6.48713e-06
-3.7948e-10
6.48713e-06
-3.00265e-10
6.48713e-06
-2.32211e-10
6.48713e-06
-1.28471e-10
6.48712e-06
-4.83549e-11
6.4871e-06
5.73811e-11
6.48709e-06
1.41866e-10
6.48707e-06
2.40712e-10
6.48704e-06
3.12007e-10
6.48702e-06
3.82889e-10
6.48699e-06
4.21103e-10
6.48697e-06
4.75317e-10
6.48694e-06
4.88806e-10
6.48692e-06
5.10424e-10
6.4869e-06
4.76988e-10
6.48688e-06
5.31084e-10
6.48686e-06
4.55461e-10
6.48684e-06
1.05216e-10
6.48681e-06
-5.88791e-11
6.48678e-06
4.89318e-11
6.48677e-06
2.27011e-10
6.48677e-06
3.07117e-10
6.48677e-06
3.12991e-10
6.48678e-06
2.94241e-10
6.48678e-06
2.73162e-10
6.48679e-06
2.48044e-10
6.48679e-06
2.26722e-10
6.4868e-06
2.02743e-10
6.4868e-06
1.7983e-10
6.48681e-06
1.45389e-10
6.48681e-06
1.12672e-10
6.48681e-06
7.25149e-11
6.4868e-06
3.84535e-11
6.48679e-06
4.04987e-12
6.48679e-06
-1.67045e-11
6.48678e-06
-3.14271e-11
6.48677e-06
-2.78382e-11
6.48676e-06
-1.47143e-11
6.48675e-06
1.43509e-11
6.48675e-06
4.45279e-11
6.48674e-06
8.59193e-11
6.48674e-06
1.27077e-10
6.48675e-06
1.73203e-10
6.48675e-06
2.20209e-10
6.48676e-06
2.7177e-10
6.48677e-06
3.20766e-10
6.48678e-06
3.70926e-10
6.4868e-06
4.0891e-10
6.48682e-06
4.39418e-10
6.48684e-06
4.48996e-10
6.48686e-06
4.42318e-10
6.48688e-06
4.05443e-10
6.48689e-06
3.52546e-10
6.4869e-06
2.77989e-10
6.48691e-06
1.96595e-10
6.4869e-06
1.10673e-10
6.4869e-06
3.36441e-11
6.48689e-06
-3.26027e-11
6.48688e-06
-7.76435e-11
6.48686e-06
-1.04948e-10
6.48685e-06
-1.09076e-10
6.48683e-06
-9.83612e-11
6.48682e-06
-7.05429e-11
6.4868e-06
-3.60721e-11
6.48678e-06
6.57384e-12
6.48676e-06
4.79582e-11
6.48675e-06
8.99557e-11
6.48673e-06
1.25929e-10
6.48671e-06
1.58286e-10
6.48669e-06
1.82642e-10
6.48668e-06
2.01695e-10
6.48666e-06
2.13047e-10
6.48664e-06
2.19057e-10
6.48663e-06
2.18463e-10
6.48661e-06
2.13428e-10
6.4866e-06
2.0354e-10
6.48659e-06
1.87251e-10
6.48657e-06
1.80665e-10
6.48657e-06
-1.36885e-11
6.48655e-06
6.03618e-10
-4.66022e-10
6.41112e-06
-2.08801e-09
6.41114e-06
-1.43186e-09
6.41115e-06
-7.57666e-10
6.41115e-06
-4.70309e-10
6.41115e-06
-4.67633e-10
6.41116e-06
-5.30617e-10
6.41116e-06
-6.07971e-10
6.41118e-06
-6.66994e-10
6.41119e-06
-7.08543e-10
6.41121e-06
-6.94889e-10
6.41123e-06
-7.92256e-10
6.41126e-06
-4.25416e-10
6.41132e-06
2.07826e-10
6.41138e-06
-4.35686e-11
6.4114e-06
-8.36794e-10
6.41141e-06
-9.35677e-10
6.41142e-06
-7.22212e-10
6.41143e-06
-5.58555e-10
6.41143e-06
-4.55793e-10
6.41143e-06
-3.81229e-10
6.41143e-06
-2.98932e-10
6.41143e-06
-2.26363e-10
6.41142e-06
-1.20387e-10
6.41141e-06
-3.60407e-11
6.41139e-06
7.21381e-11
6.41137e-06
1.59335e-10
6.41135e-06
2.59444e-10
6.41133e-06
3.32199e-10
6.41132e-06
4.02644e-10
6.4113e-06
4.41174e-10
6.41128e-06
4.92909e-10
6.41126e-06
5.05513e-10
6.41125e-06
5.24348e-10
6.41123e-06
4.9005e-10
6.41122e-06
5.39011e-10
6.41122e-06
4.63625e-10
6.4112e-06
1.24681e-10
6.41117e-06
-3.4964e-11
6.41116e-06
6.44062e-11
6.41115e-06
2.29988e-10
6.41116e-06
3.03182e-10
6.41116e-06
3.06306e-10
6.41117e-06
2.86611e-10
6.41118e-06
2.64527e-10
6.41119e-06
2.38986e-10
6.4112e-06
2.17426e-10
6.41121e-06
1.94118e-10
6.41122e-06
1.72169e-10
6.41122e-06
1.4003e-10
6.41122e-06
1.09587e-10
6.41122e-06
7.24296e-11
6.41122e-06
4.11074e-11
6.41122e-06
9.32665e-12
6.41121e-06
-9.80458e-12
6.4112e-06
-2.35489e-11
6.41119e-06
-2.02726e-11
6.41119e-06
-7.90944e-12
6.41118e-06
1.92611e-11
6.41118e-06
4.76867e-11
6.41118e-06
8.6579e-11
6.41118e-06
1.25108e-10
6.41119e-06
1.68548e-10
6.41119e-06
2.12572e-10
6.4112e-06
2.60884e-10
6.41122e-06
3.06604e-10
6.41124e-06
3.53368e-10
6.41126e-06
3.88616e-10
6.41128e-06
4.16931e-10
6.4113e-06
4.25924e-10
6.41132e-06
4.19704e-10
6.41134e-06
3.85433e-10
6.41136e-06
3.36024e-10
6.41137e-06
2.66434e-10
6.41138e-06
1.90304e-10
6.41138e-06
1.09989e-10
6.41138e-06
3.77756e-11
6.41137e-06
-2.41252e-11
6.41136e-06
-6.6266e-11
6.41134e-06
-9.13038e-11
6.41133e-06
-9.45849e-11
6.41131e-06
-8.31816e-11
6.4113e-06
-5.57506e-11
6.41128e-06
-2.14228e-11
6.41127e-06
2.05071e-11
6.41125e-06
6.15197e-11
6.41124e-06
1.02904e-10
6.41123e-06
1.3855e-10
6.41122e-06
1.70471e-10
6.41121e-06
1.94483e-10
6.41119e-06
2.13172e-10
6.41118e-06
2.24039e-10
6.41117e-06
2.29642e-10
6.41116e-06
2.28509e-10
6.41115e-06
2.22923e-10
6.41114e-06
2.12566e-10
6.41114e-06
1.95423e-10
6.41113e-06
1.89728e-10
6.41113e-06
-1.84332e-11
6.41111e-06
6.21077e-10
-4.44936e-10
6.33097e-06
-2.0799e-09
6.33098e-06
-1.44764e-09
6.33099e-06
-7.638e-10
6.33099e-06
-4.68617e-10
6.33098e-06
-4.64631e-10
6.33098e-06
-5.26953e-10
6.33098e-06
-6.04207e-10
6.33097e-06
-6.65473e-10
6.33098e-06
-7.09684e-10
6.33098e-06
-7.00715e-10
6.33098e-06
-7.91466e-10
6.33099e-06
-4.40138e-10
6.33104e-06
1.6022e-10
6.33108e-06
-8.51933e-11
6.33109e-06
-8.43503e-10
6.33109e-06
-9.29744e-10
6.33108e-06
-7.17907e-10
6.33108e-06
-5.55018e-10
6.33107e-06
-4.51425e-10
6.33107e-06
-3.74473e-10
6.33106e-06
-2.90736e-10
6.33105e-06
-2.15138e-10
6.33104e-06
-1.09022e-10
6.33102e-06
-2.21799e-11
6.33101e-06
8.63894e-11
6.33099e-06
1.74562e-10
6.33098e-06
2.74064e-10
6.33096e-06
3.4687e-10
6.33095e-06
4.15539e-10
6.33094e-06
4.53618e-10
6.33093e-06
5.01909e-10
6.33092e-06
5.13355e-10
6.33092e-06
5.29103e-10
6.33091e-06
4.94105e-10
6.33091e-06
5.38106e-10
6.33091e-06
4.63504e-10
6.3309e-06
1.36288e-10
6.33088e-06
-1.82857e-11
6.33088e-06
7.32527e-11
6.33088e-06
2.27099e-10
6.33089e-06
2.94135e-10
6.3309e-06
2.95093e-10
6.33091e-06
2.75063e-10
6.33092e-06
2.52419e-10
6.33093e-06
2.26914e-10
6.33095e-06
2.05418e-10
6.33096e-06
1.83082e-10
6.33097e-06
1.62245e-10
6.33098e-06
1.32677e-10
6.33098e-06
1.04622e-10
6.33098e-06
7.0663e-11
6.33098e-06
4.21545e-11
6.33098e-06
1.31512e-11
6.33097e-06
-4.34682e-12
6.33096e-06
-1.70317e-11
6.33096e-06
-1.41519e-11
6.33095e-06
-2.59836e-12
6.33095e-06
2.24819e-11
6.33095e-06
4.90735e-11
6.33095e-06
8.51254e-11
6.33095e-06
1.21122e-10
6.33096e-06
1.61467e-10
6.33097e-06
2.02534e-10
6.33099e-06
2.473e-10
6.331e-06
2.89628e-10
6.33102e-06
3.3282e-10
6.33105e-06
3.65314e-10
6.33107e-06
3.91383e-10
6.3311e-06
3.9991e-10
6.33112e-06
3.94259e-10
6.33115e-06
3.62934e-10
6.33116e-06
3.17416e-10
6.33118e-06
2.53047e-10
6.33119e-06
1.82772e-10
6.33119e-06
1.08217e-10
6.33118e-06
4.13547e-11
6.33118e-06
-1.63684e-11
6.33116e-06
-5.52908e-11
6.33115e-06
-7.85862e-11
6.33114e-06
-8.09155e-11
6.33112e-06
-6.98106e-11
6.33111e-06
-4.28701e-11
6.3311e-06
-9.75217e-12
6.33109e-06
3.11333e-11
6.33108e-06
7.0907e-11
6.33107e-06
1.11261e-10
6.33106e-06
1.46029e-10
6.33106e-06
1.77134e-10
6.33105e-06
2.00566e-10
6.33105e-06
2.1858e-10
6.33104e-06
2.29143e-10
6.33104e-06
2.34173e-10
6.33103e-06
2.32882e-10
6.33103e-06
2.26847e-10
6.33102e-06
2.16447e-10
6.33102e-06
1.9892e-10
6.33102e-06
1.94336e-10
6.33102e-06
-2.66462e-11
6.33101e-06
6.32244e-10
-4.0565e-10
6.24605e-06
-2.04258e-09
6.24605e-06
-1.45552e-09
6.24606e-06
-7.67828e-10
6.24605e-06
-4.63179e-10
6.24604e-06
-4.56145e-10
6.24603e-06
-5.15755e-10
6.24602e-06
-5.90548e-10
6.246e-06
-6.51326e-10
6.24599e-06
-6.95957e-10
6.24598e-06
-6.89842e-10
6.24596e-06
-7.73587e-10
6.24596e-06
-4.37279e-10
6.24599e-06
1.29786e-10
6.24602e-06
-1.11348e-10
6.24601e-06
-8.35897e-10
6.24599e-06
-9.10435e-10
6.24597e-06
-7.01188e-10
6.24596e-06
-5.40436e-10
6.24594e-06
-4.37316e-10
6.24593e-06
-3.59658e-10
6.24592e-06
-2.76036e-10
6.2459e-06
-1.99559e-10
6.24589e-06
-9.50604e-11
6.24587e-06
-7.99509e-12
6.24586e-06
9.91671e-11
6.24585e-06
1.86252e-10
6.24584e-06
2.83633e-10
6.24583e-06
3.54837e-10
6.24582e-06
4.20704e-10
6.24582e-06
4.57168e-10
6.24582e-06
5.01664e-10
6.24582e-06
5.11448e-10
6.24583e-06
5.24309e-10
6.24583e-06
4.88602e-10
6.24584e-06
5.28192e-10
6.24585e-06
4.54846e-10
6.24585e-06
1.40219e-10
6.24584e-06
-8.60207e-12
6.24583e-06
7.57914e-11
6.24584e-06
2.18771e-10
6.24586e-06
2.80381e-10
6.24587e-06
2.79946e-10
6.24589e-06
2.60107e-10
6.2459e-06
2.37464e-10
6.24592e-06
2.12347e-10
6.24593e-06
1.91307e-10
6.24594e-06
1.70127e-10
6.24595e-06
1.5067e-10
6.24596e-06
1.23709e-10
6.24597e-06
9.8191e-11
6.24597e-06
6.74196e-11
6.24597e-06
4.18683e-11
6.24597e-06
1.56194e-11
6.24597e-06
-1.16113e-13
6.24596e-06
-1.18167e-11
6.24596e-06
-9.26954e-12
6.24595e-06
1.34143e-12
6.24595e-06
2.43238e-11
6.24595e-06
4.88713e-11
6.24595e-06
8.20928e-11
6.24596e-06
1.15085e-10
6.24597e-06
1.52395e-10
6.24598e-06
1.90123e-10
6.246e-06
2.31336e-10
6.24602e-06
2.70098e-10
6.24604e-06
3.09714e-10
6.24607e-06
3.39341e-10
6.24609e-06
3.63264e-10
6.24612e-06
3.71341e-10
6.24615e-06
3.66506e-10
6.24618e-06
3.38281e-10
6.2462e-06
2.96885e-10
6.24621e-06
2.38187e-10
6.24622e-06
1.73908e-10
6.24622e-06
1.05614e-10
6.24622e-06
4.40757e-11
6.24621e-06
-9.04145e-12
6.2462e-06
-4.50931e-11
6.24619e-06
-6.64612e-11
6.24618e-06
-6.85866e-11
6.24617e-06
-5.77224e-11
6.24616e-06
-3.23122e-11
6.24615e-06
-6.08917e-13
6.24614e-06
3.8246e-11
6.24613e-06
7.63686e-11
6.24613e-06
1.14976e-10
6.24613e-06
1.48442e-10
6.24613e-06
1.78332e-10
6.24613e-06
2.00838e-10
6.24613e-06
2.18163e-10
6.24613e-06
2.28131e-10
6.24613e-06
2.32896e-10
6.24613e-06
2.31385e-10
6.24613e-06
2.25335e-10
6.24613e-06
2.15102e-10
6.24613e-06
1.97766e-10
6.24613e-06
1.9454e-10
6.24615e-06
-3.82317e-11
6.24614e-06
6.37118e-10
-3.47808e-10
6.15604e-06
-1.97708e-09
6.15604e-06
-1.45619e-09
6.15604e-06
-7.68684e-10
6.15603e-06
-4.53377e-10
6.15601e-06
-4.4177e-10
6.15599e-06
-4.97207e-10
6.15597e-06
-5.67515e-10
6.15594e-06
-6.2553e-10
6.15592e-06
-6.68396e-10
6.15589e-06
-6.63606e-10
6.15586e-06
-7.39755e-10
6.15584e-06
-4.18176e-10
6.15585e-06
1.15207e-10
6.15586e-06
-1.23191e-10
6.15584e-06
-8.14873e-10
6.15581e-06
-8.78519e-10
6.15578e-06
-6.73017e-10
6.15576e-06
-5.15692e-10
6.15574e-06
-4.14588e-10
6.15572e-06
-3.37691e-10
6.1557e-06
-2.55919e-10
6.15568e-06
-1.80142e-10
6.15566e-06
-7.94033e-11
6.15565e-06
6.10107e-12
6.15564e-06
1.09793e-10
6.15563e-06
1.94076e-10
6.15562e-06
2.87556e-10
6.15562e-06
3.55872e-10
6.15563e-06
4.17766e-10
6.15563e-06
4.52045e-10
6.15564e-06
4.92038e-10
6.15565e-06
5.00137e-10
6.15567e-06
5.10083e-10
6.15568e-06
4.74121e-10
6.1557e-06
5.09732e-10
6.15571e-06
4.38441e-10
6.15572e-06
1.37162e-10
6.15571e-06
-5.09848e-12
6.15572e-06
7.28018e-11
6.15573e-06
2.05612e-10
6.15575e-06
2.62537e-10
6.15577e-06
2.61335e-10
6.15578e-06
2.42335e-10
6.1558e-06
2.20164e-10
6.15582e-06
1.95891e-10
6.15583e-06
1.7558e-10
6.15585e-06
1.55794e-10
6.15586e-06
1.37773e-10
6.15587e-06
1.13564e-10
6.15588e-06
9.05582e-11
6.15588e-06
6.30283e-11
6.15588e-06
4.0387e-11
6.15588e-06
1.69506e-11
6.15588e-06
2.93765e-12
6.15588e-06
-7.71686e-12
6.15587e-06
-5.56346e-12
6.15587e-06
4.09608e-12
6.15587e-06
2.48398e-11
6.15587e-06
4.73079e-11
6.15588e-06
7.74073e-11
6.15588e-06
1.07547e-10
6.15589e-06
1.41464e-10
6.15591e-06
1.75946e-10
6.15593e-06
2.13388e-10
6.15595e-06
2.48548e-10
6.15597e-06
2.84493e-10
6.156e-06
3.11289e-10
6.15603e-06
3.33034e-10
6.15606e-06
3.40745e-10
6.15609e-06
3.3675e-10
6.15612e-06
3.11825e-10
6.15614e-06
2.74786e-10
6.15616e-06
2.21823e-10
6.15617e-06
1.63959e-10
6.15617e-06
1.01925e-10
6.15617e-06
4.61505e-11
6.15616e-06
-2.58968e-12
6.15615e-06
-3.54466e-11
6.15614e-06
-5.53919e-11
6.15613e-06
-5.71395e-11
6.15612e-06
-4.74422e-11
6.15611e-06
-2.35702e-11
6.1561e-06
5.71577e-12
6.1561e-06
4.22883e-11
6.1561e-06
7.7939e-11
6.1561e-06
1.14422e-10
6.1561e-06
1.46055e-10
6.15611e-06
1.74372e-10
6.15611e-06
1.95733e-10
6.15612e-06
2.1208e-10
6.15612e-06
2.21658e-10
6.15613e-06
2.25995e-10
6.15614e-06
2.24641e-10
6.15614e-06
2.18664e-10
6.15615e-06
2.09e-10
6.15616e-06
1.92311e-10
6.15616e-06
1.90675e-10
6.15617e-06
-5.31633e-11
6.15617e-06
6.36198e-10
-2.73778e-10
6.06032e-06
-1.8871e-09
6.06031e-06
-1.44875e-09
6.06031e-06
-7.65715e-10
6.06029e-06
-4.38281e-10
6.06027e-06
-4.21061e-10
6.06024e-06
-4.71395e-10
6.06021e-06
-5.36122e-10
6.06018e-06
-5.89715e-10
6.06014e-06
-6.29253e-10
6.0601e-06
-6.24399e-10
6.06005e-06
-6.92592e-10
6.06002e-06
-3.85325e-10
6.06002e-06
1.13945e-10
6.06002e-06
-1.22755e-10
6.05999e-06
-7.82004e-10
6.05994e-06
-8.35552e-10
6.05991e-06
-6.34756e-10
6.05987e-06
-4.82154e-10
6.05984e-06
-3.84274e-10
6.05981e-06
-3.09656e-10
6.05979e-06
-2.31111e-10
6.05977e-06
-1.57948e-10
6.05975e-06
-6.24404e-11
6.05974e-06
1.95042e-11
6.05973e-06
1.18159e-10
6.05972e-06
1.97887e-10
6.05973e-06
2.86193e-10
6.05973e-06
3.50261e-10
6.05974e-06
4.07397e-10
6.05976e-06
4.38578e-10
6.05977e-06
4.73968e-10
6.05979e-06
4.80073e-10
6.05982e-06
4.87419e-10
6.05984e-06
4.51393e-10
6.05986e-06
4.83649e-10
6.05989e-06
4.14968e-10
6.0599e-06
1.28062e-10
6.0599e-06
-6.94855e-12
6.05991e-06
6.50085e-11
6.05992e-06
1.88289e-10
6.05995e-06
2.41126e-10
6.05997e-06
2.39867e-10
6.05999e-06
2.22192e-10
6.06001e-06
2.01023e-10
6.06002e-06
1.77918e-10
6.06004e-06
1.58673e-10
6.06006e-06
1.40408e-10
6.06007e-06
1.24005e-10
6.06008e-06
1.02472e-10
6.06009e-06
8.20152e-11
6.06009e-06
5.76097e-11
6.0601e-06
3.79012e-11
6.0601e-06
1.71884e-11
6.0601e-06
4.96915e-12
6.06009e-06
-4.70193e-12
6.06009e-06
-2.85528e-12
6.06009e-06
5.78497e-12
6.06009e-06
2.43491e-11
6.06009e-06
4.45971e-11
6.0601e-06
7.16704e-11
6.06011e-06
9.85543e-11
6.06012e-06
1.29223e-10
6.06013e-06
1.6016e-10
6.06015e-06
1.93911e-10
6.06018e-06
2.25393e-10
6.0602e-06
2.57725e-10
6.06023e-06
2.81638e-10
6.06026e-06
3.01295e-10
6.0603e-06
3.08606e-10
6.06033e-06
3.05573e-10
6.06036e-06
2.83918e-10
6.06038e-06
2.51249e-10
6.0604e-06
2.04257e-10
6.06041e-06
1.52715e-10
6.06041e-06
9.72754e-11
6.06041e-06
4.70916e-11
6.06041e-06
3.12478e-12
6.0604e-06
-2.68946e-11
6.06039e-06
-4.51429e-11
6.06038e-06
-4.71749e-11
6.06037e-06
-3.83946e-11
6.06036e-06
-1.69494e-11
6.06036e-06
9.92696e-12
6.06036e-06
4.33861e-11
6.06036e-06
7.63256e-11
6.06036e-06
1.10071e-10
6.06037e-06
1.39547e-10
6.06038e-06
1.65961e-10
6.06039e-06
1.85894e-10
6.0604e-06
2.01293e-10
6.06041e-06
2.10201e-10
6.06042e-06
2.14414e-10
6.06043e-06
2.13121e-10
6.06044e-06
2.07606e-10
6.06045e-06
1.98661e-10
6.06046e-06
1.83104e-10
6.06047e-06
1.8334e-10
6.06049e-06
-7.0954e-11
6.06049e-06
6.29595e-10
-1.84742e-10
5.95786e-06
-1.77405e-09
5.95784e-06
-1.43198e-09
5.95784e-06
-7.56689e-10
5.95781e-06
-4.16882e-10
5.95779e-06
-3.93476e-10
5.95775e-06
-4.38512e-10
5.95772e-06
-4.97279e-10
5.95767e-06
-5.45766e-10
5.95762e-06
-5.81003e-10
5.95757e-06
-5.75285e-10
5.95752e-06
-6.35078e-10
5.95747e-06
-3.41903e-10
5.95746e-06
1.22897e-10
5.95745e-06
-1.12757e-10
5.95741e-06
-7.39446e-10
5.95736e-06
-7.8339e-10
5.95731e-06
-5.88282e-10
5.95727e-06
-4.41471e-10
5.95724e-06
-3.48051e-10
5.9572e-06
-2.76878e-10
5.95718e-06
-2.02913e-10
5.95715e-06
-1.33585e-10
5.95713e-06
-4.49417e-11
5.95712e-06
3.20796e-11
5.95712e-06
1.24102e-10
5.95712e-06
1.97999e-10
5.95712e-06
2.79775e-10
5.95713e-06
3.38662e-10
5.95715e-06
3.90213e-10
5.95717e-06
4.17945e-10
5.9572e-06
4.48297e-10
5.95722e-06
4.52494e-10
5.95725e-06
4.57313e-10
5.95728e-06
4.21726e-10
5.95732e-06
4.51049e-10
5.95735e-06
3.85747e-10
5.95736e-06
1.14121e-10
5.95737e-06
-1.29361e-11
5.95738e-06
5.34505e-11
5.9574e-06
1.67552e-10
5.95742e-06
2.16804e-10
5.95745e-06
2.15992e-10
5.95747e-06
2.00185e-10
5.95749e-06
1.80434e-10
5.95751e-06
1.58887e-10
5.95753e-06
1.40933e-10
5.95754e-06
1.24359e-10
5.95756e-06
1.09579e-10
5.95757e-06
9.0762e-11
5.95758e-06
7.27546e-11
5.95758e-06
5.14281e-11
5.95759e-06
3.45216e-11
5.95759e-06
1.65181e-11
5.95759e-06
6.023e-12
5.95758e-06
-2.60521e-12
5.95758e-06
-1.07771e-12
5.95758e-06
6.59075e-12
5.95758e-06
2.29309e-11
5.95759e-06
4.09909e-11
5.95759e-06
6.48343e-11
5.9576e-06
8.87281e-11
5.95762e-06
1.15855e-10
5.95763e-06
1.43442e-10
5.95765e-06
1.7337e-10
5.95768e-06
2.01218e-10
5.95771e-06
2.29918e-10
5.95774e-06
2.51015e-10
5.95777e-06
2.68553e-10
5.9578e-06
2.7547e-10
5.95783e-06
2.73305e-10
5.95786e-06
2.54912e-10
5.95789e-06
2.26638e-10
5.95791e-06
1.85412e-10
5.95792e-06
1.40397e-10
5.95793e-06
9.13287e-11
5.95793e-06
4.70722e-11
5.95792e-06
7.56152e-12
5.95791e-06
-1.92307e-11
5.9579e-06
-3.6225e-11
5.9579e-06
-3.81609e-11
5.95789e-06
-3.10709e-11
5.95788e-06
-1.17701e-11
5.95788e-06
1.18945e-11
5.95788e-06
4.22647e-11
5.95789e-06
7.18635e-11
5.95789e-06
1.02688e-10
5.9579e-06
1.29602e-10
5.95792e-06
1.5387e-10
5.95793e-06
1.72232e-10
5.95794e-06
1.86422e-10
5.95796e-06
1.94888e-10
5.95798e-06
1.98769e-10
5.95799e-06
1.97881e-10
5.95801e-06
1.92828e-10
5.95802e-06
1.84917e-10
5.95803e-06
1.70815e-10
5.95804e-06
1.73179e-10
5.95806e-06
-9.12244e-11
5.95807e-06
6.17159e-10
-8.55132e-11
5.8471e-06
-1.64124e-09
5.84707e-06
-1.40193e-09
5.84705e-06
-7.3944e-10
5.84702e-06
-3.88198e-10
5.84699e-06
-3.58923e-10
5.84695e-06
-3.98886e-10
5.8469e-06
-4.52015e-10
5.84685e-06
-4.95311e-10
5.8468e-06
-5.25953e-10
5.84674e-06
-5.18846e-10
5.84667e-06
-5.70046e-10
5.84662e-06
-2.90801e-10
5.84661e-06
1.39006e-10
5.84659e-06
-9.56981e-11
5.84654e-06
-6.89079e-10
5.84648e-06
-7.23852e-10
5.84643e-06
-5.35287e-10
5.84638e-06
-3.95312e-10
5.84634e-06
-3.0727e-10
5.84631e-06
-2.40673e-10
5.84627e-06
-1.72307e-10
5.84625e-06
-1.0822e-10
5.84623e-06
-2.75053e-11
5.84622e-06
4.31726e-11
5.84622e-06
1.27478e-10
5.84622e-06
1.94327e-10
5.84623e-06
2.68731e-10
5.84625e-06
3.2154e-10
5.84627e-06
3.67031e-10
5.8463e-06
3.90755e-10
5.84633e-06
4.16103e-10
5.84637e-06
4.18287e-10
5.8464e-06
4.20933e-10
5.84644e-06
3.86066e-10
5.84648e-06
4.12991e-10
5.84651e-06
3.51691e-10
5.84653e-06
9.65385e-11
5.84654e-06
-2.1961e-11
5.84655e-06
3.90341e-11
5.84657e-06
1.44136e-10
5.8466e-06
1.90109e-10
5.84663e-06
1.9026e-10
5.84665e-06
1.76721e-10
5.84667e-06
1.58825e-10
5.84669e-06
1.39111e-10
5.84671e-06
1.22714e-10
5.84673e-06
1.0792e-10
5.84674e-06
9.487e-11
5.84675e-06
7.86608e-11
5.84676e-06
6.30524e-11
5.84677e-06
4.4627e-11
5.84677e-06
3.04576e-11
5.84677e-06
1.50285e-11
5.84677e-06
6.28112e-12
5.84677e-06
-1.35098e-12
5.84677e-06
-4.09072e-14
5.84677e-06
6.66584e-12
5.84677e-06
2.08974e-11
5.84678e-06
3.67402e-11
5.84679e-06
5.75418e-11
5.8468e-06
7.81069e-11
5.84681e-06
1.01943e-10
5.84683e-06
1.25952e-10
5.84685e-06
1.52218e-10
5.84687e-06
1.76442e-10
5.8469e-06
2.01612e-10
5.84693e-06
2.19883e-10
5.84697e-06
2.35359e-10
5.847e-06
2.41795e-10
5.84703e-06
2.40473e-10
5.84706e-06
2.25154e-10
5.84709e-06
2.01046e-10
5.84711e-06
1.65621e-10
5.84712e-06
1.26789e-10
5.84713e-06
8.42732e-11
5.84713e-06
4.56072e-11
5.84713e-06
1.09479e-11
5.84712e-06
-1.29814e-11
5.84711e-06
-2.82843e-11
5.84711e-06
-3.06658e-11
5.8471e-06
-2.47209e-11
5.8471e-06
-8.26108e-12
5.84709e-06
1.25187e-11
5.8471e-06
3.91762e-11
5.8471e-06
6.54574e-11
5.84711e-06
9.29135e-11
5.84713e-06
1.17107e-10
5.84714e-06
1.39001e-10
5.84716e-06
1.55582e-10
5.84718e-06
1.68619e-10
5.84719e-06
1.76324e-10
5.84721e-06
1.80148e-10
5.84723e-06
1.79478e-10
5.84725e-06
1.7519e-10
5.84727e-06
1.68347e-10
5.84728e-06
1.5603e-10
5.84729e-06
1.60837e-10
5.84731e-06
-1.13023e-10
5.84733e-06
5.96992e-10
1.91667e-11
5.72568e-06
-1.48787e-09
5.72563e-06
-1.35228e-09
5.7256e-06
-7.09329e-10
5.72556e-06
-3.51296e-10
5.72552e-06
-3.17644e-10
5.72548e-06
-3.53221e-10
5.72542e-06
-4.01231e-10
5.72537e-06
-4.39744e-10
5.72531e-06
-4.65849e-10
5.72525e-06
-4.57333e-10
5.72518e-06
-4.99757e-10
5.72512e-06
-2.34722e-10
5.7251e-06
1.59361e-10
5.72508e-06
-7.40771e-11
5.72502e-06
-6.32711e-10
5.72496e-06
-6.58561e-10
5.7249e-06
-4.77546e-10
5.72485e-06
-3.45344e-10
5.72481e-06
-2.63661e-10
5.72477e-06
-2.02508e-10
5.72474e-06
-1.40754e-10
5.72471e-06
-8.27444e-11
5.7247e-06
-1.11645e-11
5.72469e-06
5.22951e-11
5.72469e-06
1.27796e-10
5.72469e-06
1.86817e-10
5.72471e-06
2.52971e-10
5.72473e-06
2.99202e-10
5.72476e-06
3.3818e-10
5.72479e-06
3.57856e-10
5.72483e-06
3.77994e-10
5.72487e-06
3.78431e-10
5.72491e-06
3.79094e-10
5.72495e-06
3.45541e-10
5.725e-06
3.70481e-10
5.72503e-06
3.14087e-10
5.72505e-06
7.66956e-11
5.72506e-06
-3.25805e-11
5.72508e-06
2.29593e-11
5.7251e-06
1.18871e-10
5.72513e-06
1.61696e-10
5.72516e-06
1.6311e-10
5.72518e-06
1.52271e-10
5.72521e-06
1.36569e-10
5.72523e-06
1.19013e-10
5.72525e-06
1.0435e-10
5.72526e-06
9.14636e-11
5.72528e-06
8.01096e-11
5.72529e-06
6.65065e-11
5.7253e-06
5.3144e-11
5.72531e-06
3.75105e-11
5.72531e-06
2.58878e-11
5.72531e-06
1.29599e-11
5.72531e-06
5.86033e-12
5.72531e-06
-7.27154e-13
5.72531e-06
3.76671e-13
5.72531e-06
6.21809e-12
5.72531e-06
1.83644e-11
5.72532e-06
3.20999e-11
5.72533e-06
4.96942e-11
5.72534e-06
6.73593e-11
5.72535e-06
8.76186e-11
5.72537e-06
1.08365e-10
5.72539e-06
1.30881e-10
5.72542e-06
1.51583e-10
5.72544e-06
1.73254e-10
5.72548e-06
1.88787e-10
5.72551e-06
2.02159e-10
5.72554e-06
2.08065e-10
5.72558e-06
2.07388e-10
5.72561e-06
1.94989e-10
5.72563e-06
1.74915e-10
5.72565e-06
1.44819e-10
5.72567e-06
1.12249e-10
5.72568e-06
7.58208e-11
5.72568e-06
4.30669e-11
5.72568e-06
1.27924e-11
5.72567e-06
-7.72864e-12
5.72566e-06
-2.17884e-11
5.72566e-06
-2.39099e-11
5.72565e-06
-1.98468e-11
5.72565e-06
-5.54331e-12
5.72565e-06
1.16467e-11
5.72566e-06
3.49649e-11
5.72566e-06
5.74289e-11
5.72568e-06
8.15656e-11
5.72569e-06
1.02739e-10
5.72571e-06
1.22124e-10
5.72573e-06
1.36838e-10
5.72575e-06
1.48424e-10
5.72577e-06
1.55629e-10
5.72579e-06
1.59058e-10
5.72581e-06
1.58927e-10
5.72583e-06
1.55253e-10
5.72585e-06
1.49695e-10
5.72586e-06
1.39326e-10
5.72588e-06
1.46808e-10
5.7259e-06
-1.35063e-10
5.72593e-06
5.64934e-10
1.18009e-10
5.59013e-06
-1.31428e-09
5.59005e-06
-1.27038e-09
5.59e-06
-6.60928e-10
5.58995e-06
-3.05503e-10
5.58991e-06
-2.70679e-10
5.58986e-06
-3.02668e-10
5.5898e-06
-3.46092e-10
5.58974e-06
-3.802e-10
5.58968e-06
-4.02077e-10
5.58961e-06
-3.92266e-10
5.58954e-06
-4.26084e-10
5.58948e-06
-1.75979e-10
5.58946e-06
1.81115e-10
5.58944e-06
-5.01167e-11
5.58937e-06
-5.717e-10
5.58931e-06
-5.88927e-10
5.58924e-06
-4.16553e-10
5.58919e-06
-2.93164e-10
5.58915e-06
-2.1862e-10
5.58911e-06
-1.63814e-10
5.58908e-06
-1.09436e-10
5.58905e-06
-5.85773e-11
5.58904e-06
3.22184e-12
5.58903e-06
5.84716e-11
5.58904e-06
1.24484e-10
5.58905e-06
1.74973e-10
5.58907e-06
2.32428e-10
5.5891e-06
2.71628e-10
5.58913e-06
3.03998e-10
5.58917e-06
3.19415e-10
5.58921e-06
3.34684e-10
5.58926e-06
3.33479e-10
5.5893e-06
3.32637e-10
5.58935e-06
3.00896e-10
5.58939e-06
3.24442e-10
5.58943e-06
2.73889e-10
5.58945e-06
5.61275e-11
5.58946e-06
-4.323e-11
5.58948e-06
6.52034e-12
5.58951e-06
9.27165e-11
5.58954e-06
1.322e-10
5.58956e-06
1.35119e-10
5.58959e-06
1.27229e-10
5.58961e-06
1.14083e-10
5.58963e-06
9.89154e-11
5.58965e-06
8.62042e-11
5.58967e-06
7.52807e-11
5.58968e-06
6.56953e-11
5.58969e-06
5.45442e-11
5.5897e-06
4.33455e-11
5.58971e-06
3.02958e-11
5.58971e-06
2.10804e-11
5.58972e-06
1.04816e-11
5.58972e-06
4.99277e-12
5.58972e-06
-5.95542e-13
5.58972e-06
3.9849e-13
5.58972e-06
5.41745e-12
5.58972e-06
1.56384e-11
5.58973e-06
2.72917e-11
5.58973e-06
4.19864e-11
5.58975e-06
5.64055e-11
5.58976e-06
7.34683e-11
5.58978e-06
9.07376e-11
5.5898e-06
1.09739e-10
5.58982e-06
1.2699e-10
5.58985e-06
1.45289e-10
5.58988e-06
1.58113e-10
5.58991e-06
1.69426e-10
5.58995e-06
1.7468e-10
5.58998e-06
1.74541e-10
5.59001e-06
1.64746e-10
5.59004e-06
1.48306e-10
5.59006e-06
1.23488e-10
5.59007e-06
9.65911e-11
5.59008e-06
6.6378e-11
5.59009e-06
3.89941e-11
5.59009e-06
1.35822e-11
5.59008e-06
-3.99411e-12
5.59008e-06
-1.61422e-11
5.59007e-06
-1.85548e-11
5.59007e-06
-1.54423e-11
5.59007e-06
-3.95493e-12
5.59007e-06
1.03538e-11
5.59007e-06
2.97907e-11
5.59008e-06
4.87382e-11
5.59009e-06
6.91998e-11
5.59011e-06
8.73446e-11
5.59013e-06
1.04053e-10
5.59015e-06
1.16721e-10
5.59017e-06
1.26942e-10
5.59019e-06
1.3321e-10
5.59021e-06
1.36515e-10
5.59024e-06
1.36578e-10
5.59026e-06
1.33752e-10
5.59028e-06
1.29367e-10
5.5903e-06
1.21122e-10
5.59031e-06
1.31539e-10
5.59033e-06
-1.54255e-10
5.59038e-06
5.13089e-10
1.96259e-10
5.43517e-06
-1.11793e-09
5.43504e-06
-1.13817e-09
5.43496e-06
-5.85716e-10
5.43491e-06
-2.51109e-10
5.43486e-06
-2.19964e-10
5.4348e-06
-2.49032e-10
5.43475e-06
-2.87907e-10
5.43468e-06
-3.17829e-10
5.43462e-06
-3.35659e-10
5.43455e-06
-3.2505e-10
5.43447e-06
-3.50443e-10
5.43442e-06
-1.1707e-10
5.4344e-06
2.00998e-10
5.43437e-06
-2.63786e-11
5.43431e-06
-5.07357e-10
5.43424e-06
-5.16159e-10
5.43417e-06
-3.53921e-10
5.43412e-06
-2.40379e-10
5.43408e-06
-1.7383e-10
5.43404e-06
-1.26001e-10
5.43401e-06
-7.98404e-11
5.43399e-06
-3.66111e-11
5.43398e-06
1.42569e-11
5.43397e-06
6.08869e-11
5.43398e-06
1.16751e-10
5.434e-06
1.58329e-10
5.43402e-06
2.06682e-10
5.43406e-06
2.38824e-10
5.4341e-06
2.6448e-10
5.43414e-06
2.76053e-10
5.43419e-06
2.86312e-10
5.43424e-06
2.8409e-10
5.43429e-06
2.82136e-10
5.43434e-06
2.53051e-10
5.43438e-06
2.75715e-10
5.43443e-06
2.32516e-10
5.43444e-06
3.67744e-11
5.43445e-06
-5.16083e-11
5.43447e-06
-8.30138e-12
5.43449e-06
6.702e-11
5.43452e-06
1.02551e-10
5.43455e-06
1.06824e-10
5.43458e-06
1.02147e-10
5.4346e-06
9.17526e-11
5.43462e-06
7.9229e-11
5.43464e-06
6.85852e-11
5.43465e-06
5.97329e-11
5.43466e-06
5.18289e-11
5.43468e-06
4.31834e-11
5.43469e-06
3.39307e-11
5.43469e-06
2.33055e-11
5.4347e-06
1.62739e-11
5.4347e-06
7.86827e-12
5.4347e-06
3.86343e-12
5.4347e-06
-7.25067e-13
5.4347e-06
1.47739e-13
5.4347e-06
4.47048e-12
5.43471e-06
1.27954e-11
5.43471e-06
2.25875e-11
5.43472e-06
3.41999e-11
5.43473e-06
4.59295e-11
5.43474e-06
5.95016e-11
5.43476e-06
7.3692e-11
5.43478e-06
8.9118e-11
5.4348e-06
1.03056e-10
5.43483e-06
1.18063e-10
5.43486e-06
1.28287e-10
5.43489e-06
1.37502e-10
5.43493e-06
1.42065e-10
5.43496e-06
1.42206e-10
5.43499e-06
1.34859e-10
5.43501e-06
1.21814e-10
5.43504e-06
1.01608e-10
5.43505e-06
8.03996e-11
5.43506e-06
5.57313e-11
5.43507e-06
3.40326e-11
5.43507e-06
1.28581e-11
5.43507e-06
-1.11427e-12
5.43506e-06
-1.18467e-11
5.43506e-06
-1.35839e-11
5.43505e-06
-1.21744e-11
5.43505e-06
-2.4855e-12
5.43505e-06
8.28505e-12
5.43506e-06
2.45052e-11
5.43507e-06
3.95244e-11
5.43508e-06
5.65516e-11
5.4351e-06
7.14405e-11
5.43512e-06
8.54172e-11
5.43514e-06
9.59849e-11
5.43516e-06
1.04502e-10
5.43518e-06
1.10119e-10
5.43521e-06
1.12837e-10
5.43523e-06
1.1338e-10
5.43525e-06
1.11107e-10
5.43527e-06
1.0801e-10
5.43529e-06
1.01896e-10
5.43531e-06
1.15164e-10
5.43532e-06
-1.65214e-10
5.4354e-06
4.33638e-10
2.2786e-10
5.25236e-06
-9.16274e-10
5.25216e-06
-9.34745e-10
5.25205e-06
-4.77846e-10
5.25199e-06
-1.91245e-10
5.25194e-06
-1.68951e-10
5.25188e-06
-1.94769e-10
5.25182e-06
-2.28335e-10
5.25176e-06
-2.5366e-10
5.25169e-06
-2.6753e-10
5.25162e-06
-2.566e-10
5.25155e-06
-2.74506e-10
5.25149e-06
-6.10679e-11
5.25148e-06
2.14503e-10
5.25146e-06
-6.1065e-12
5.25139e-06
-4.40883e-10
5.25132e-06
-4.41474e-10
5.25125e-06
-2.91141e-10
5.2512e-06
-1.88696e-10
5.25116e-06
-1.30833e-10
5.25112e-06
-9.07141e-11
5.2511e-06
-5.32791e-11
5.25108e-06
-1.85356e-11
5.25107e-06
2.13e-11
5.25108e-06
5.85936e-11
5.25109e-06
1.03892e-10
5.25111e-06
1.36358e-10
5.25114e-06
1.75437e-10
5.25118e-06
2.00471e-10
5.25122e-06
2.19752e-10
5.25127e-06
2.27597e-10
5.25133e-06
2.33714e-10
5.25138e-06
2.30764e-10
5.25143e-06
2.28335e-10
5.25148e-06
2.02798e-10
5.25153e-06
2.25337e-10
5.25157e-06
1.91268e-10
5.25159e-06
2.14431e-11
5.25159e-06
-5.44661e-11
5.2516e-06
-1.86165e-11
5.25163e-06
4.39145e-11
5.25165e-06
7.40732e-11
5.25168e-06
7.91838e-11
5.25171e-06
7.74874e-11
5.25173e-06
7.00296e-11
5.25175e-06
6.02934e-11
5.25176e-06
5.1878e-11
5.25178e-06
4.5093e-11
5.25179e-06
3.89365e-11
5.2518e-06
3.25564e-11
5.25181e-06
2.52008e-11
5.25182e-06
1.68082e-11
5.25182e-06
1.17435e-11
5.25182e-06
5.33998e-12
5.25183e-06
2.68649e-12
5.25183e-06
-9.50481e-13
5.25183e-06
-1.42922e-13
5.25183e-06
3.49091e-12
5.25183e-06
1.00989e-11
5.25183e-06
1.80237e-11
5.25184e-06
2.70074e-11
5.25185e-06
3.56507e-11
5.25186e-06
4.62563e-11
5.25188e-06
5.71303e-11
5.2519e-06
6.92758e-11
5.25192e-06
8.00298e-11
5.25195e-06
9.18742e-11
5.25198e-06
9.9598e-11
5.25201e-06
1.06786e-10
5.25204e-06
1.10541e-10
5.25207e-06
1.10864e-10
5.2521e-06
1.05568e-10
5.25213e-06
9.54553e-11
5.25215e-06
7.98599e-11
5.25217e-06
6.35269e-11
5.25218e-06
4.45589e-11
5.25218e-06
2.77378e-11
5.25219e-06
1.13884e-11
5.25218e-06
3.28449e-13
5.25218e-06
-8.1021e-12
5.25218e-06
-9.88946e-12
5.25217e-06
-8.85343e-12
5.25217e-06
-1.74971e-12
5.25217e-06
6.59104e-12
5.25218e-06
1.9021e-11
5.25219e-06
3.07019e-11
5.2522e-06
4.39725e-11
5.25222e-06
5.57519e-11
5.25224e-06
6.68732e-11
5.25226e-06
7.52016e-11
5.25228e-06
8.2157e-11
5.2523e-06
8.65613e-11
5.25233e-06
8.90044e-11
5.25235e-06
8.95164e-11
5.25237e-06
8.7996e-11
5.2524e-06
8.5934e-11
5.25242e-06
8.19582e-11
5.25243e-06
9.75088e-11
5.25243e-06
-1.58246e-10
5.25252e-06
3.37424e-10
1.88319e-10
5.02701e-06
-7.94965e-10
5.02674e-06
-6.62798e-10
5.0266e-06
-3.39405e-10
5.02655e-06
-1.34413e-10
5.0265e-06
-1.22457e-10
5.02645e-06
-1.42678e-10
5.02639e-06
-1.6908e-10
5.02632e-06
-1.88859e-10
5.02626e-06
-1.98572e-10
5.02619e-06
-1.88168e-10
5.02611e-06
-2.00034e-10
5.02606e-06
-1.27502e-11
5.02606e-06
2.14412e-10
5.02605e-06
5.8359e-12
5.02599e-06
-3.73296e-10
5.02591e-06
-3.65587e-10
5.02585e-06
-2.29724e-10
5.0258e-06
-1.3984e-10
5.02576e-06
-9.13528e-11
5.02573e-06
-5.93999e-11
5.02571e-06
-3.11234e-11
5.02569e-06
-5.23632e-12
5.02569e-06
2.32615e-11
5.0257e-06
5.09413e-11
5.02572e-06
8.53067e-11
5.02575e-06
1.08743e-10
5.02578e-06
1.38437e-10
5.02583e-06
1.56645e-10
5.02588e-06
1.69972e-10
5.02593e-06
1.74674e-10
5.02599e-06
1.77285e-10
5.02604e-06
1.74258e-10
5.0261e-06
1.71963e-10
5.02615e-06
1.51168e-10
5.0262e-06
1.74164e-10
5.02624e-06
1.51861e-10
5.02625e-06
1.37931e-11
5.02624e-06
-4.69744e-11
5.02624e-06
-1.99233e-11
5.02626e-06
2.6743e-11
5.02628e-06
4.89851e-11
5.02631e-06
5.34963e-11
5.02633e-06
5.40982e-11
5.02635e-06
4.94204e-11
5.02637e-06
4.25135e-11
5.02639e-06
3.63677e-11
5.0264e-06
3.16397e-11
5.02641e-06
2.71853e-11
5.02642e-06
2.29559e-11
5.02643e-06
1.73841e-11
5.02644e-06
1.10802e-11
5.02644e-06
7.71667e-12
5.02644e-06
3.14319e-12
5.02644e-06
1.63962e-12
5.02644e-06
-1.0802e-12
5.02644e-06
-3.71452e-13
5.02644e-06
2.59666e-12
5.02645e-06
7.5615e-12
5.02645e-06
1.37042e-11
5.02646e-06
1.98453e-11
5.02647e-06
2.63157e-11
5.02648e-06
3.34723e-11
5.0265e-06
4.16471e-11
5.02651e-06
5.03901e-11
5.02654e-06
5.81227e-11
5.02656e-06
6.69091e-11
5.02659e-06
7.22997e-11
5.02662e-06
7.75065e-11
5.02665e-06
8.04124e-11
5.02668e-06
8.07716e-11
5.02671e-06
7.72799e-11
5.02673e-06
7.00516e-11
5.02675e-06
5.81969e-11
5.02677e-06
4.69227e-11
5.02678e-06
3.26316e-11
5.02679e-06
2.12006e-11
5.02679e-06
8.59118e-12
5.02679e-06
1.39015e-12
5.02679e-06
-5.66202e-12
5.02679e-06
-6.04648e-12
5.02678e-06
-6.67055e-12
5.02678e-06
-5.29288e-13
5.02678e-06
4.36225e-12
5.02679e-06
1.41616e-11
5.0268e-06
2.1977e-11
5.02681e-06
3.20346e-11
5.02682e-06
4.04955e-11
5.02684e-06
4.88215e-11
5.02686e-06
5.49498e-11
5.02688e-06
5.99088e-11
5.02691e-06
6.36296e-11
5.02693e-06
6.50947e-11
5.02695e-06
6.6026e-11
5.02698e-06
6.47522e-11
5.027e-06
6.38177e-11
5.02702e-06
6.17623e-11
5.02704e-06
7.73622e-11
5.027e-06
-1.22084e-10
5.02702e-06
3.19921e-10
7.36878e-11
4.73e-06
-1.03848e-09
4.72973e-06
-3.9387e-10
4.72959e-06
-1.9242e-10
4.72955e-06
-9.27863e-11
4.72951e-06
-8.41897e-11
4.72946e-06
-9.45709e-11
4.7294e-06
-1.11458e-10
4.72934e-06
-1.24461e-10
4.72927e-06
-1.29813e-10
4.7292e-06
-1.21271e-10
4.72913e-06
-1.29528e-10
4.7291e-06
1.99579e-11
4.72912e-06
1.88552e-10
4.72913e-06
2.8203e-12
4.72906e-06
-3.0323e-10
4.72898e-06
-2.86816e-10
4.72892e-06
-1.69963e-10
4.72887e-06
-9.51139e-11
4.72884e-06
-5.68753e-11
4.72881e-06
-3.34109e-11
4.7288e-06
-1.44949e-11
4.72879e-06
2.47864e-12
4.72879e-06
1.95917e-11
4.72881e-06
3.76506e-11
4.72883e-06
6.08755e-11
4.72886e-06
7.55748e-11
4.72891e-06
9.58981e-11
4.72896e-06
1.0775e-10
4.72901e-06
1.1573e-10
4.72907e-06
1.18097e-10
4.72913e-06
1.17948e-10
4.72918e-06
1.15609e-10
4.72924e-06
1.14076e-10
4.72929e-06
9.93336e-11
4.72935e-06
1.22696e-10
4.72938e-06
1.15279e-10
4.72938e-06
1.7764e-11
4.72935e-06
-2.34674e-11
4.72934e-06
-6.67315e-12
4.72935e-06
1.99782e-11
4.72937e-06
3.04886e-11
4.72939e-06
3.18314e-11
4.72941e-06
3.31791e-11
4.72943e-06
3.06151e-11
4.72944e-06
2.63164e-11
4.72946e-06
2.23449e-11
4.72947e-06
1.9572e-11
4.72948e-06
1.67275e-11
4.72949e-06
1.45223e-11
4.7295e-06
1.06436e-11
4.7295e-06
6.31175e-12
4.7295e-06
4.38587e-12
4.72951e-06
1.45586e-12
4.72951e-06
8.7422e-13
4.72951e-06
-9.88865e-13
4.72951e-06
-4.50547e-13
4.72951e-06
1.81774e-12
4.72951e-06
5.16823e-12
4.72951e-06
9.60891e-12
4.72952e-06
1.31107e-11
4.72953e-06
1.75211e-11
4.72954e-06
2.14685e-11
4.72956e-06
2.70238e-11
4.72957e-06
3.25272e-11
4.72959e-06
3.7422e-11
4.72962e-06
4.32711e-11
4.72964e-06
4.65296e-11
4.72967e-06
4.98389e-11
4.7297e-06
5.18905e-11
4.72973e-06
5.21809e-11
4.72976e-06
5.03076e-11
4.72978e-06
4.56751e-11
4.7298e-06
3.73527e-11
4.72982e-06
3.06425e-11
4.72983e-06
2.07684e-11
4.72984e-06
1.42491e-11
4.72984e-06
5.31334e-12
4.72984e-06
1.68687e-12
4.72984e-06
-3.7865e-12
4.72983e-06
-2.85561e-12
4.72983e-06
-4.69752e-12
4.72983e-06
4.79868e-13
4.72983e-06
2.38652e-12
4.72984e-06
9.61298e-12
4.72985e-06
1.39006e-11
4.72986e-06
2.08112e-11
4.72987e-06
2.60849e-11
4.72989e-06
3.1635e-11
4.72991e-06
3.55833e-11
4.72993e-06
3.8557e-11
4.72995e-06
4.14535e-11
4.72997e-06
4.19402e-11
4.73e-06
4.30985e-11
4.73002e-06
4.20125e-11
4.73004e-06
4.19895e-11
4.73006e-06
4.15061e-11
4.73009e-06
5.2426e-11
4.73002e-06
-5.67463e-11
4.72965e-06
6.87433e-10
-3.16744e-11
4.2924e-06
-1.93065e-09
4.29228e-06
-2.72428e-10
4.29215e-06
-6.11346e-11
4.29212e-06
-6.51892e-11
4.29209e-06
-4.88262e-11
4.29204e-06
-4.86497e-11
4.29199e-06
-5.55161e-11
4.29192e-06
-6.1348e-11
4.29186e-06
-6.26342e-11
4.29179e-06
-5.81483e-11
4.29173e-06
-6.52763e-11
4.29172e-06
2.56014e-11
4.29179e-06
1.19546e-10
4.29181e-06
-1.77646e-11
4.29172e-06
-2.15644e-10
4.29163e-06
-1.91865e-10
4.29157e-06
-1.06073e-10
4.29152e-06
-5.30484e-11
4.2915e-06
-2.77283e-11
4.29148e-06
-1.33191e-11
4.29147e-06
-4.055e-12
4.29147e-06
4.89189e-12
4.29147e-06
1.01092e-11
4.29149e-06
1.94434e-11
4.29152e-06
3.14173e-11
4.29156e-06
3.79316e-11
4.2916e-06
4.88651e-11
4.29166e-06
5.5158e-11
4.29172e-06
5.82877e-11
4.29178e-06
5.98451e-11
4.29184e-06
5.69176e-11
4.29189e-06
5.65425e-11
4.29195e-06
5.61042e-11
4.292e-06
4.86581e-11
4.29206e-06
6.91821e-11
4.29209e-06
7.752e-11
4.29208e-06
3.08327e-11
4.29204e-06
1.46526e-11
4.29201e-06
2.06271e-11
4.29201e-06
2.44516e-11
4.29202e-06
2.05243e-11
4.29204e-06
1.60579e-11
4.29205e-06
1.61719e-11
4.29207e-06
1.43793e-11
4.29208e-06
1.21785e-11
4.29209e-06
1.00275e-11
4.29211e-06
9.03875e-12
4.29211e-06
7.45785e-12
4.29212e-06
7.37929e-12
4.29213e-06
4.97637e-12
4.29213e-06
2.58747e-12
4.29213e-06
1.84118e-12
4.29213e-06
3.86898e-13
4.29214e-06
4.53235e-13
4.29214e-06
-6.08606e-13
4.29213e-06
-4.26657e-13
4.29214e-06
1.11516e-12
4.29214e-06
2.64449e-12
4.29214e-06
5.64675e-12
4.29215e-06
6.30703e-12
4.29216e-06
9.39424e-12
4.29217e-06
1.00316e-11
4.29218e-06
1.34216e-11
4.2922e-06
1.56869e-11
4.29222e-06
1.79658e-11
4.29224e-06
2.09817e-11
4.29227e-06
2.23725e-11
4.29229e-06
2.38268e-11
4.29232e-06
2.51241e-11
4.29234e-06
2.51188e-11
4.29237e-06
2.4981e-11
4.29239e-06
2.28093e-11
4.29241e-06
1.75495e-11
4.29243e-06
1.53971e-11
4.29244e-06
9.24317e-12
4.29245e-06
7.695e-12
4.29245e-06
1.61415e-12
4.29245e-06
1.8736e-12
4.29245e-06
-2.67839e-12
4.29245e-06
2.9067e-13
4.29244e-06
-3.50466e-12
4.29245e-06
1.64386e-12
4.29245e-06
1.02498e-13
4.29245e-06
5.50711e-12
4.29246e-06
6.16087e-12
4.29247e-06
1.03905e-11
4.29248e-06
1.24847e-11
4.2925e-06
1.53936e-11
4.29252e-06
1.73335e-11
4.29254e-06
1.81559e-11
4.29256e-06
2.06196e-11
4.29258e-06
1.97683e-11
4.2926e-06
2.13994e-11
4.29262e-06
2.01812e-11
4.29264e-06
2.09214e-11
4.29266e-06
2.12875e-11
4.2927e-06
2.13265e-11
4.29264e-06
-2.97129e-12
4.29159e-06
1.73818e-09
4.74978e-11
3.51398e-06
3.5137e-06
3.51364e-06
3.51358e-06
3.51353e-06
3.51348e-06
3.51342e-06
3.51336e-06
3.5133e-06
3.51324e-06
3.51318e-06
3.5132e-06
3.51332e-06
3.5133e-06
3.51309e-06
3.5129e-06
3.51279e-06
3.51274e-06
3.51271e-06
3.5127e-06
3.51269e-06
3.5127e-06
3.51271e-06
3.51273e-06
3.51276e-06
3.5128e-06
3.51285e-06
3.5129e-06
3.51296e-06
3.51302e-06
3.51308e-06
3.51313e-06
3.51319e-06
3.51324e-06
3.51331e-06
3.51338e-06
3.51341e-06
3.51343e-06
3.51345e-06
3.51347e-06
3.5135e-06
3.51351e-06
3.51353e-06
3.51354e-06
3.51355e-06
3.51356e-06
3.51357e-06
3.51358e-06
3.51359e-06
3.51359e-06
3.5136e-06
3.5136e-06
3.5136e-06
3.5136e-06
3.5136e-06
3.5136e-06
3.5136e-06
3.5136e-06
3.51361e-06
3.51361e-06
3.51362e-06
3.51363e-06
3.51365e-06
3.51366e-06
3.51368e-06
3.5137e-06
3.51372e-06
3.51375e-06
3.51377e-06
3.5138e-06
3.51382e-06
3.51384e-06
3.51386e-06
3.51388e-06
3.51389e-06
3.51389e-06
3.5139e-06
3.5139e-06
3.5139e-06
3.5139e-06
3.51389e-06
3.51389e-06
3.51389e-06
3.5139e-06
3.51391e-06
3.51392e-06
3.51393e-06
3.51394e-06
3.51396e-06
3.51398e-06
3.514e-06
3.51402e-06
3.51404e-06
3.51406e-06
3.51408e-06
3.5141e-06
3.51412e-06
3.51412e-06
3.51586e-06
)
;

boundaryField
{
    inlet
    {
        type            cyclic;
        value           nonuniform List<scalar> 
50
(
-5.85458e-06
-5.73325e-06
-5.59786e-06
-5.44305e-06
-5.26008e-06
-5.03351e-06
-4.73319e-06
-4.29209e-06
-3.5332e-06
-5.96531e-06
-6.06774e-06
-6.16341e-06
-6.25334e-06
-6.33811e-06
-6.41805e-06
-6.49326e-06
-6.56369e-06
-6.62915e-06
-6.68933e-06
-6.74376e-06
-6.79175e-06
-6.83234e-06
-6.8643e-06
-6.88635e-06
-6.89743e-06
-6.89686e-06
-6.8847e-06
-6.86163e-06
-6.82878e-06
-6.78743e-06
-6.73878e-06
-6.6838e-06
-6.62315e-06
-6.55729e-06
-6.48655e-06
-6.41109e-06
-6.33097e-06
-6.24608e-06
-6.1561e-06
-6.06041e-06
-5.95797e-06
-5.84723e-06
-5.72583e-06
-5.5903e-06
-5.43537e-06
-5.25256e-06
-5.02713e-06
-4.72976e-06
-4.29151e-06
-3.51591e-06
)
;
    }
    outlet
    {
        type            cyclic;
        value           nonuniform List<scalar> 
50
(
5.85458e-06
5.73325e-06
5.59786e-06
5.44305e-06
5.26008e-06
5.03351e-06
4.73319e-06
4.29209e-06
3.5332e-06
5.96531e-06
6.06774e-06
6.16341e-06
6.25334e-06
6.33811e-06
6.41805e-06
6.49326e-06
6.56369e-06
6.62915e-06
6.68933e-06
6.74376e-06
6.79175e-06
6.83234e-06
6.8643e-06
6.88635e-06
6.89743e-06
6.89686e-06
6.8847e-06
6.86163e-06
6.82878e-06
6.78743e-06
6.73878e-06
6.6838e-06
6.62315e-06
6.55729e-06
6.48655e-06
6.41109e-06
6.33097e-06
6.24608e-06
6.1561e-06
6.06041e-06
5.95797e-06
5.84723e-06
5.72583e-06
5.5903e-06
5.43537e-06
5.25256e-06
5.02713e-06
4.72976e-06
4.29151e-06
3.51591e-06
)
;
    }
    bottomWall
    {
        type            calculated;
        value           uniform 0;
    }
    topWall
    {
        type            calculated;
        value           uniform 0;
    }
    frontAndBack
    {
        type            empty;
    }
}


// ************************************************************************* //
