/*--------------------------------*- C++ -*----------------------------------*\
  =========                 |
  \\      /  F ield         | OpenFOAM: The Open Source CFD Toolbox
   \\    /   O peration     | Website:  https://openfoam.org
    \\  /    A nd           | Version:  11
     \\/     M anipulation  |
\*---------------------------------------------------------------------------*/
FoamFile
{
    format      ascii;
    class       volVectorField;
    location    "200";
    object      U;
}
// * * * * * * * * * * * * * * * * * * * * * * * * * * * * * * * * * * * * * //

dimensions      [0 1 -1 0 0 0 0];

internalField   nonuniform List<vector> 
5000
(
(5.88759 -2.71675e-05 0)
(5.88779 2.30176e-05 0)
(5.88758 3.17149e-05 0)
(5.88741 2.08407e-05 0)
(5.8873 1.09994e-05 0)
(5.8872 4.89999e-06 0)
(5.8871 2.78768e-06 0)
(5.88699 2.50537e-06 0)
(5.88686 2.89779e-06 0)
(5.88675 3.47185e-06 0)
(5.88638 1.30381e-05 0)
(5.88666 -0.000885692 0)
(5.86848 -0.000817045 0)
(5.87587 0.000760861 0)
(5.87774 0.000670478 0)
(5.87767 0.000379411 0)
(5.87757 0.000204961 0)
(5.87751 8.97514e-05 0)
(5.87744 3.37029e-05 0)
(5.87739 1.14018e-05 0)
(5.87735 3.39433e-06 0)
(5.87733 6.82858e-07 0)
(5.87733 -2.21867e-07 0)
(5.87735 -8.01452e-07 0)
(5.87738 -1.07591e-06 0)
(5.87743 -1.50142e-06 0)
(5.87749 -1.75722e-06 0)
(5.87757 -2.08108e-06 0)
(5.87765 -2.21647e-06 0)
(5.87775 -2.39606e-06 0)
(5.87784 -2.34943e-06 0)
(5.87794 -2.50309e-06 0)
(5.87803 -2.49971e-06 0)
(5.87812 -3.77134e-06 0)
(5.87827 -2.19868e-06 0)
(5.87828 1.46981e-05 0)
(5.88338 1.97545e-06 0)
(5.88577 -9.43376e-05 0)
(5.88654 -0.000117159 0)
(5.88682 -0.000102078 0)
(5.88694 -6.60653e-05 0)
(5.887 -3.55076e-05 0)
(5.88703 -1.67436e-05 0)
(5.88705 -7.49932e-06 0)
(5.88707 -3.07816e-06 0)
(5.88708 -1.28815e-06 0)
(5.8871 -5.4504e-07 0)
(5.88711 -3.31885e-07 0)
(5.88712 -2.32034e-07 0)
(5.88713 -2.19332e-07 0)
(5.88713 -2.01475e-07 0)
(5.88715 -2.7013e-07 0)
(5.88716 -2.90121e-07 0)
(5.88718 -3.75196e-07 0)
(5.8872 -3.86821e-07 0)
(5.88721 -4.59864e-07 0)
(5.88724 -4.57162e-07 0)
(5.88726 -4.8143e-07 0)
(5.88728 -4.67459e-07 0)
(5.88729 -4.0451e-07 0)
(5.88731 -3.30322e-07 0)
(5.88732 -2.30207e-07 0)
(5.88732 -1.09853e-07 0)
(5.88733 -1.2449e-08 0)
(5.88732 1.19062e-07 0)
(5.88732 2.04221e-07 0)
(5.8873 3.32531e-07 0)
(5.88729 3.88697e-07 0)
(5.88727 4.74277e-07 0)
(5.88725 4.90594e-07 0)
(5.88723 4.92442e-07 0)
(5.88721 4.86786e-07 0)
(5.88719 4.24121e-07 0)
(5.88717 3.388e-07 0)
(5.88716 2.16123e-07 0)
(5.88716 6.90369e-08 0)
(5.88716 -8.60891e-08 0)
(5.88717 -2.52087e-07 0)
(5.88719 -4.14828e-07 0)
(5.88721 -5.72278e-07 0)
(5.88725 -7.33793e-07 0)
(5.88728 -8.8091e-07 0)
(5.88732 -1.00486e-06 0)
(5.88737 -1.11473e-06 0)
(5.88742 -1.20006e-06 0)
(5.88747 -1.27375e-06 0)
(5.88753 -1.34302e-06 0)
(5.88759 -1.40111e-06 0)
(5.88764 -1.43e-06 0)
(5.8877 -1.45292e-06 0)
(5.88776 -1.449e-06 0)
(5.88782 -1.43853e-06 0)
(5.88788 -1.40975e-06 0)
(5.88793 -1.37129e-06 0)
(5.88798 -1.34435e-06 0)
(5.88803 -1.31345e-06 0)
(5.88808 -1.45415e-06 0)
(5.88812 -1.61222e-06 0)
(5.8881 6.25427e-08 0)
(5.88821 -3.71871e-05 0)
(7.15304 -1.05245e-05 0)
(7.15256 3.20465e-05 0)
(7.15231 2.65574e-05 0)
(7.15219 1.49527e-05 0)
(7.15209 6.48531e-06 0)
(7.15199 3.92742e-06 0)
(7.15188 3.87064e-06 0)
(7.15177 4.58762e-06 0)
(7.15164 5.22524e-06 0)
(7.15154 7.41022e-06 0)
(7.15114 4.9396e-06 0)
(7.15152 -0.000269451 0)
(7.15893 -0.00023457 0)
(7.15451 0.00047615 0)
(7.15397 0.000556497 0)
(7.15448 0.000317163 0)
(7.15437 0.000137745 0)
(7.1542 5.39967e-05 0)
(7.15408 1.94173e-05 0)
(7.154 6.5691e-06 0)
(7.15395 2.17538e-06 0)
(7.15393 4.00792e-07 0)
(7.15392 -2.85541e-07 0)
(7.15393 -1.19422e-06 0)
(7.15396 -1.65643e-06 0)
(7.154 -2.5119e-06 0)
(7.15406 -2.94232e-06 0)
(7.15413 -3.63174e-06 0)
(7.15421 -3.83492e-06 0)
(7.1543 -4.25326e-06 0)
(7.1544 -4.12267e-06 0)
(7.15449 -4.45083e-06 0)
(7.15459 -4.34079e-06 0)
(7.15468 -6.35896e-06 0)
(7.15484 -4.13685e-06 0)
(7.15517 -0.000114638 0)
(7.15297 -0.000255546 0)
(7.15191 -0.000252121 0)
(7.15181 -0.000189725 0)
(7.1518 -0.000121662 0)
(7.15177 -6.36485e-05 0)
(7.15175 -3.0215e-05 0)
(7.15176 -1.32294e-05 0)
(7.15177 -5.59087e-06 0)
(7.15179 -2.37197e-06 0)
(7.1518 -1.15531e-06 0)
(7.15182 -6.26894e-07 0)
(7.15183 -5.05372e-07 0)
(7.15184 -4.3583e-07 0)
(7.15185 -4.34564e-07 0)
(7.15186 -4.45422e-07 0)
(7.15187 -5.59039e-07 0)
(7.15188 -6.30203e-07 0)
(7.1519 -7.70546e-07 0)
(7.15192 -8.174e-07 0)
(7.15194 -9.11723e-07 0)
(7.15196 -9.13029e-07 0)
(7.15198 -9.23705e-07 0)
(7.152 -8.87189e-07 0)
(7.15202 -7.49618e-07 0)
(7.15204 -6.09289e-07 0)
(7.15205 -4.14562e-07 0)
(7.15206 -2.13745e-07 0)
(7.15206 -2.87713e-08 0)
(7.15206 1.96887e-07 0)
(7.15205 3.76726e-07 0)
(7.15204 5.97958e-07 0)
(7.15203 7.4394e-07 0)
(7.15201 8.93584e-07 0)
(7.15199 9.5051e-07 0)
(7.15196 9.47814e-07 0)
(7.15194 9.35564e-07 0)
(7.15192 7.98751e-07 0)
(7.1519 6.27557e-07 0)
(7.15189 3.71434e-07 0)
(7.15188 7.87834e-08 0)
(7.15189 -2.42102e-07 0)
(7.1519 -5.64759e-07 0)
(7.15191 -8.87338e-07 0)
(7.15194 -1.18067e-06 0)
(7.15197 -1.47767e-06 0)
(7.15201 -1.72997e-06 0)
(7.15205 -1.95279e-06 0)
(7.1521 -2.13796e-06 0)
(7.15215 -2.2926e-06 0)
(7.1522 -2.41444e-06 0)
(7.15226 -2.53769e-06 0)
(7.15231 -2.62063e-06 0)
(7.15237 -2.66584e-06 0)
(7.15243 -2.68522e-06 0)
(7.1525 -2.66941e-06 0)
(7.15256 -2.62659e-06 0)
(7.15261 -2.56391e-06 0)
(7.15267 -2.46674e-06 0)
(7.15273 -2.397e-06 0)
(7.15278 -2.27777e-06 0)
(7.15282 -2.43369e-06 0)
(7.15288 -1.94393e-06 0)
(7.15288 -1.82942e-06 0)
(7.15307 -2.48265e-05 0)
(7.88825 1.15455e-05 0)
(7.88773 3.258e-05 0)
(7.88755 2.1759e-05 0)
(7.88752 1.15418e-05 0)
(7.88746 7.23737e-06 0)
(7.88737 6.63552e-06 0)
(7.88726 7.18942e-06 0)
(7.88715 8.12963e-06 0)
(7.88703 8.81052e-06 0)
(7.88692 1.21334e-05 0)
(7.88659 -3.55762e-06 0)
(7.88715 -9.67748e-05 0)
(7.8909 2.30101e-05 0)
(7.88845 0.000367352 0)
(7.88826 0.000352837 0)
(7.88888 0.000205886 0)
(7.88895 9.56009e-05 0)
(7.88884 3.99176e-05 0)
(7.88873 1.61844e-05 0)
(7.88865 6.73106e-06 0)
(7.88859 3.01012e-06 0)
(7.88856 9.95654e-07 0)
(7.88854 -1.33181e-07 0)
(7.88854 -1.67623e-06 0)
(7.88856 -2.57154e-06 0)
(7.8886 -3.98874e-06 0)
(7.88865 -4.76445e-06 0)
(7.88871 -5.89024e-06 0)
(7.88879 -6.30266e-06 0)
(7.88887 -6.98952e-06 0)
(7.88896 -6.88214e-06 0)
(7.88905 -7.36523e-06 0)
(7.88915 -7.16298e-06 0)
(7.88923 -1.00212e-05 0)
(7.88939 -6.09951e-06 0)
(7.88959 -0.000100774 0)
(7.88802 -0.000247196 0)
(7.8871 -0.000255648 0)
(7.88702 -0.000180755 0)
(7.88705 -0.000102112 0)
(7.88703 -4.92384e-05 0)
(7.88702 -2.21224e-05 0)
(7.88703 -9.70284e-06 0)
(7.88705 -4.46976e-06 0)
(7.88707 -2.22254e-06 0)
(7.88708 -1.39459e-06 0)
(7.8871 -9.23777e-07 0)
(7.88711 -8.22284e-07 0)
(7.88712 -7.38386e-07 0)
(7.88713 -7.61345e-07 0)
(7.88714 -7.96838e-07 0)
(7.88716 -9.93105e-07 0)
(7.88717 -1.12048e-06 0)
(7.88719 -1.35907e-06 0)
(7.88721 -1.44516e-06 0)
(7.88724 -1.59991e-06 0)
(7.88726 -1.58977e-06 0)
(7.88728 -1.59984e-06 0)
(7.88731 -1.50571e-06 0)
(7.88733 -1.28099e-06 0)
(7.88734 -1.03774e-06 0)
(7.88736 -7.20616e-07 0)
(7.88737 -3.8875e-07 0)
(7.88737 -7.37805e-08 0)
(7.88737 3.11616e-07 0)
(7.88737 6.20243e-07 0)
(7.88735 1.00104e-06 0)
(7.88734 1.2621e-06 0)
(7.88732 1.53312e-06 0)
(7.8873 1.63961e-06 0)
(7.88727 1.65929e-06 0)
(7.88725 1.62039e-06 0)
(7.88722 1.3858e-06 0)
(7.8872 1.0764e-06 0)
(7.88719 6.30736e-07 0)
(7.88718 1.20183e-07 0)
(7.88719 -4.37878e-07 0)
(7.8872 -9.97823e-07 0)
(7.88721 -1.55486e-06 0)
(7.88724 -2.06153e-06 0)
(7.88727 -2.55888e-06 0)
(7.88731 -2.97901e-06 0)
(7.88736 -3.35207e-06 0)
(7.88741 -3.66138e-06 0)
(7.88746 -3.92247e-06 0)
(7.88752 -4.13055e-06 0)
(7.88758 -4.32686e-06 0)
(7.88764 -4.45847e-06 0)
(7.8877 -4.5279e-06 0)
(7.88776 -4.55756e-06 0)
(7.88783 -4.523e-06 0)
(7.88789 -4.44817e-06 0)
(7.88795 -4.3286e-06 0)
(7.88801 -4.16022e-06 0)
(7.88807 -4.01838e-06 0)
(7.88812 -3.81051e-06 0)
(7.88817 -4.06399e-06 0)
(7.88822 -3.15548e-06 0)
(7.88824 -4.84691e-06 0)
(7.88845 -1.03275e-05 0)
(8.38873 3.19512e-05 0)
(8.38829 3.37982e-05 0)
(8.38821 1.781e-05 0)
(8.38823 9.51965e-06 0)
(8.3882 8.7458e-06 0)
(8.38812 9.71028e-06 0)
(8.38802 1.06588e-05 0)
(8.38791 1.17149e-05 0)
(8.38779 1.2413e-05 0)
(8.38768 1.64079e-05 0)
(8.38743 -8.44526e-06 0)
(8.38789 -5.75552e-06 0)
(8.38865 0.000147647 0)
(8.38726 0.000293522 0)
(8.38736 0.000218151 0)
(8.38787 0.000127887 0)
(8.388 6.59883e-05 0)
(8.38795 3.2001e-05 0)
(8.38786 1.56676e-05 0)
(8.38778 8.06982e-06 0)
(8.38772 4.39125e-06 0)
(8.38767 1.96096e-06 0)
(8.38765 2.96286e-07 0)
(8.38764 -1.85205e-06 0)
(8.38765 -3.232e-06 0)
(8.38768 -5.19408e-06 0)
(8.38772 -6.36499e-06 0)
(8.38777 -7.91748e-06 0)
(8.38784 -8.6068e-06 0)
(8.38791 -9.56113e-06 0)
(8.388 -9.56133e-06 0)
(8.38808 -1.01942e-05 0)
(8.38818 -9.96917e-06 0)
(8.38826 -1.34491e-05 0)
(8.3884 -7.69747e-06 0)
(8.38849 -8.33034e-05 0)
(8.38774 -0.000217094 0)
(8.38739 -0.00023292 0)
(8.3875 -0.000160578 0)
(8.38761 -8.31568e-05 0)
(8.38763 -3.67911e-05 0)
(8.38765 -1.62263e-05 0)
(8.38767 -7.53169e-06 0)
(8.38769 -4.04804e-06 0)
(8.38771 -2.42735e-06 0)
(8.38773 -1.78817e-06 0)
(8.38775 -1.29696e-06 0)
(8.38776 -1.20228e-06 0)
(8.38777 -1.07975e-06 0)
(8.38779 -1.13514e-06 0)
(8.3878 -1.19463e-06 0)
(8.38781 -1.48914e-06 0)
(8.38783 -1.67466e-06 0)
(8.38785 -2.02749e-06 0)
(8.38788 -2.15242e-06 0)
(8.3879 -2.37977e-06 0)
(8.38793 -2.3489e-06 0)
(8.38796 -2.36215e-06 0)
(8.38798 -2.19305e-06 0)
(8.388 -1.88177e-06 0)
(8.38802 -1.5259e-06 0)
(8.38804 -1.0838e-06 0)
(8.38805 -6.07093e-07 0)
(8.38805 -1.57528e-07 0)
(8.38805 4.17609e-07 0)
(8.38805 8.50108e-07 0)
(8.38804 1.42072e-06 0)
(8.38802 1.8113e-06 0)
(8.388 2.23198e-06 0)
(8.38797 2.39617e-06 0)
(8.38795 2.45846e-06 0)
(8.38792 2.38493e-06 0)
(8.38789 2.05152e-06 0)
(8.38787 1.58346e-06 0)
(8.38786 9.3172e-07 0)
(8.38785 1.77023e-07 0)
(8.38786 -6.3706e-07 0)
(8.38787 -1.45972e-06 0)
(8.38789 -2.26557e-06 0)
(8.38791 -3.00618e-06 0)
(8.38795 -3.71021e-06 0)
(8.38799 -4.31224e-06 0)
(8.38804 -4.83888e-06 0)
(8.38809 -5.28194e-06 0)
(8.38815 -5.6511e-06 0)
(8.38821 -5.95257e-06 0)
(8.38827 -6.21819e-06 0)
(8.38833 -6.40151e-06 0)
(8.3884 -6.49345e-06 0)
(8.38846 -6.5339e-06 0)
(8.38853 -6.47668e-06 0)
(8.38859 -6.36782e-06 0)
(8.38865 -6.18316e-06 0)
(8.38871 -5.94035e-06 0)
(8.38877 -5.71528e-06 0)
(8.38883 -5.42042e-06 0)
(8.38888 -5.77762e-06 0)
(8.38893 -4.60258e-06 0)
(8.38896 -8.78011e-06 0)
(8.38917 6.06585e-07 0)
(8.76633 4.98207e-05 0)
(8.76599 3.61459e-05 0)
(8.76597 1.44152e-05 0)
(8.766 8.01912e-06 0)
(8.76597 1.04094e-05 0)
(8.7659 1.26222e-05 0)
(8.7658 1.39386e-05 0)
(8.7657 1.51255e-05 0)
(8.76558 1.58844e-05 0)
(8.76548 2.01983e-05 0)
(8.76528 -9.93326e-06 0)
(8.76554 3.99106e-05 0)
(8.76529 0.000207165 0)
(8.7644 0.000252738 0)
(8.76445 0.000144067 0)
(8.76476 8.15029e-05 0)
(8.76485 4.81677e-05 0)
(8.76481 2.80852e-05 0)
(8.76473 1.6446e-05 0)
(8.76465 9.87022e-06 0)
(8.76459 6.03023e-06 0)
(8.76454 3.16104e-06 0)
(8.7645 9.77345e-07 0)
(8.76449 -1.73107e-06 0)
(8.76449 -3.59724e-06 0)
(8.76451 -6.07294e-06 0)
(8.76454 -7.65394e-06 0)
(8.76458 -9.62201e-06 0)
(8.76464 -1.06271e-05 0)
(8.76471 -1.18514e-05 0)
(8.76478 -1.20134e-05 0)
(8.76486 -1.28003e-05 0)
(8.76495 -1.26126e-05 0)
(8.76503 -1.64815e-05 0)
(8.76515 -9.52973e-06 0)
(8.76519 -7.18431e-05 0)
(8.76492 -0.000192984 0)
(8.7649 -0.000213106 0)
(8.76508 -0.000145272 0)
(8.76522 -7.09759e-05 0)
(8.76528 -2.9211e-05 0)
(8.76532 -1.30486e-05 0)
(8.76535 -6.58858e-06 0)
(8.76537 -4.16905e-06 0)
(8.7654 -2.87007e-06 0)
(8.76542 -2.26972e-06 0)
(8.76544 -1.7243e-06 0)
(8.76545 -1.62208e-06 0)
(8.76546 -1.45621e-06 0)
(8.76548 -1.55075e-06 0)
(8.76549 -1.64064e-06 0)
(8.76551 -2.04218e-06 0)
(8.76553 -2.29259e-06 0)
(8.76555 -2.76561e-06 0)
(8.76558 -2.93123e-06 0)
(8.76561 -3.23079e-06 0)
(8.76564 -3.17366e-06 0)
(8.76567 -3.18446e-06 0)
(8.76569 -2.929e-06 0)
(8.76572 -2.52847e-06 0)
(8.76574 -2.05171e-06 0)
(8.76575 -1.48123e-06 0)
(8.76576 -8.50829e-07 0)
(8.76577 -2.58158e-07 0)
(8.76577 5.17705e-07 0)
(8.76576 1.09889e-06 0)
(8.76575 1.86001e-06 0)
(8.76573 2.39697e-06 0)
(8.76571 2.98126e-06 0)
(8.76568 3.20953e-06 0)
(8.76565 3.31951e-06 0)
(8.76562 3.20166e-06 0)
(8.7656 2.76065e-06 0)
(8.76558 2.1154e-06 0)
(8.76556 1.24063e-06 0)
(8.76556 2.22287e-07 0)
(8.76556 -8.63213e-07 0)
(8.76557 -1.96246e-06 0)
(8.7656 -3.02497e-06 0)
(8.76563 -4.00537e-06 0)
(8.76566 -4.91563e-06 0)
(8.76571 -5.69968e-06 0)
(8.76576 -6.37687e-06 0)
(8.76581 -6.95139e-06 0)
(8.76587 -7.42445e-06 0)
(8.76593 -7.81641e-06 0)
(8.76599 -8.14459e-06 0)
(8.76606 -8.37628e-06 0)
(8.76613 -8.48566e-06 0)
(8.76619 -8.53326e-06 0)
(8.76626 -8.44751e-06 0)
(8.76632 -8.30065e-06 0)
(8.76639 -8.04389e-06 0)
(8.76645 -7.72279e-06 0)
(8.7665 -7.40615e-06 0)
(8.76656 -7.02084e-06 0)
(8.76661 -7.46721e-06 0)
(8.76666 -6.06803e-06 0)
(8.76669 -1.24522e-05 0)
(8.76689 1.01967e-05 0)
(9.0713 6.49237e-05 0)
(9.07104 3.88527e-05 0)
(9.07104 1.1858e-05 0)
(9.07106 7.37531e-06 0)
(9.07103 1.20632e-05 0)
(9.07096 1.5287e-05 0)
(9.07087 1.69883e-05 0)
(9.07078 1.83545e-05 0)
(9.07067 1.92247e-05 0)
(9.07056 2.36768e-05 0)
(9.0704 -9.29377e-06 0)
(9.0705 6.34503e-05 0)
(9.07009 0.000235032 0)
(9.06952 0.000234154 0)
(9.0695 0.00010954 0)
(9.06962 5.76005e-05 0)
(9.06965 3.89951e-05 0)
(9.0696 2.68234e-05 0)
(9.06952 1.7921e-05 0)
(9.06945 1.18705e-05 0)
(9.06938 7.80488e-06 0)
(9.06933 4.51522e-06 0)
(9.06929 1.85683e-06 0)
(9.06927 -1.37094e-06 0)
(9.06926 -3.71066e-06 0)
(9.06927 -6.66951e-06 0)
(9.06929 -8.69244e-06 0)
(9.06933 -1.10259e-05 0)
(9.06937 -1.2378e-05 0)
(9.06943 -1.38739e-05 0)
(9.0695 -1.42335e-05 0)
(9.06957 -1.51801e-05 0)
(9.06965 -1.5073e-05 0)
(9.06973 -1.91924e-05 0)
(9.06983 -1.17347e-05 0)
(9.06987 -6.67405e-05 0)
(9.06981 -0.0001807 0)
(9.06988 -0.000200292 0)
(9.07005 -0.000136574 0)
(9.07017 -6.46692e-05 0)
(9.07025 -2.55523e-05 0)
(9.07029 -1.18338e-05 0)
(9.07033 -6.53776e-06 0)
(9.07036 -4.63393e-06 0)
(9.07038 -3.4309e-06 0)
(9.07041 -2.82035e-06 0)
(9.07042 -2.1891e-06 0)
(9.07044 -2.07048e-06 0)
(9.07045 -1.86643e-06 0)
(9.07047 -2.00754e-06 0)
(9.07048 -2.13925e-06 0)
(9.0705 -2.65496e-06 0)
(9.07053 -2.97997e-06 0)
(9.07055 -3.57466e-06 0)
(9.07058 -3.78359e-06 0)
(9.07061 -4.14862e-06 0)
(9.07064 -4.06024e-06 0)
(9.07067 -4.05696e-06 0)
(9.0707 -3.70556e-06 0)
(9.07073 -3.20809e-06 0)
(9.07075 -2.60241e-06 0)
(9.07076 -1.89585e-06 0)
(9.07077 -1.10266e-06 0)
(9.07078 -3.53263e-07 0)
(9.07078 6.21159e-07 0)
(9.07077 1.38705e-06 0)
(9.07076 2.3488e-06 0)
(9.07074 3.04115e-06 0)
(9.07071 3.79431e-06 0)
(9.07068 4.09002e-06 0)
(9.07065 4.2421e-06 0)
(9.07062 4.06527e-06 0)
(9.07059 3.49984e-06 0)
(9.07057 2.65495e-06 0)
(9.07056 1.53647e-06 0)
(9.07055 2.34572e-07 0)
(9.07056 -1.13731e-06 0)
(9.07057 -2.52463e-06 0)
(9.0706 -3.8483e-06 0)
(9.07063 -5.07028e-06 0)
(9.07067 -6.18221e-06 0)
(9.07071 -7.1445e-06 0)
(9.07077 -7.96496e-06 0)
(9.07082 -8.66494e-06 0)
(9.07088 -9.23448e-06 0)
(9.07094 -9.71046e-06 0)
(9.07101 -1.00933e-05 0)
(9.07107 -1.03671e-05 0)
(9.07114 -1.04884e-05 0)
(9.0712 -1.05364e-05 0)
(9.07127 -1.04171e-05 0)
(9.07133 -1.02257e-05 0)
(9.0714 -9.89173e-06 0)
(9.07146 -9.48677e-06 0)
(9.07151 -9.0727e-06 0)
(9.07157 -8.59134e-06 0)
(9.07161 -9.11127e-06 0)
(9.07167 -7.4911e-06 0)
(9.07169 -1.55841e-05 0)
(9.07187 1.8424e-05 0)
(9.32935 7.75883e-05 0)
(9.32915 4.11971e-05 0)
(9.32915 1.0364e-05 0)
(9.32916 7.54694e-06 0)
(9.32913 1.35875e-05 0)
(9.32907 1.76909e-05 0)
(9.32898 1.97954e-05 0)
(9.32889 2.13862e-05 0)
(9.32879 2.24106e-05 0)
(9.32869 2.68922e-05 0)
(9.32855 -6.35391e-06 0)
(9.32854 7.63732e-05 0)
(9.32822 0.000247857 0)
(9.32789 0.000226865 0)
(9.32784 9.46158e-05 0)
(9.32784 4.68188e-05 0)
(9.32782 3.51759e-05 0)
(9.32776 2.71781e-05 0)
(9.32768 1.97621e-05 0)
(9.32761 1.39466e-05 0)
(9.32754 9.64119e-06 0)
(9.32749 5.96863e-06 0)
(9.32745 2.88342e-06 0)
(9.32742 -8.20447e-07 0)
(9.3274 -3.61276e-06 0)
(9.32741 -7.01923e-06 0)
(9.32742 -9.46734e-06 0)
(9.32745 -1.21733e-05 0)
(9.32749 -1.38666e-05 0)
(9.32754 -1.56255e-05 0)
(9.3276 -1.6208e-05 0)
(9.32766 -1.73164e-05 0)
(9.32773 -1.73222e-05 0)
(9.3278 -2.15943e-05 0)
(9.32789 -1.42012e-05 0)
(9.32794 -6.56579e-05 0)
(9.32794 -0.000175441 0)
(9.32801 -0.000193079 0)
(9.32811 -0.000132554 0)
(9.32821 -6.19824e-05 0)
(9.32829 -2.43387e-05 0)
(9.32834 -1.17804e-05 0)
(9.32837 -7.01163e-06 0)
(9.3284 -5.27132e-06 0)
(9.32843 -4.05839e-06 0)
(9.32845 -3.39617e-06 0)
(9.32847 -2.67123e-06 0)
(9.32848 -2.53438e-06 0)
(9.3285 -2.30216e-06 0)
(9.32851 -2.49839e-06 0)
(9.32853 -2.68487e-06 0)
(9.32855 -3.32114e-06 0)
(9.32858 -3.7302e-06 0)
(9.3286 -4.44558e-06 0)
(9.32864 -4.69902e-06 0)
(9.32867 -5.11992e-06 0)
(9.3287 -4.99455e-06 0)
(9.32873 -4.96367e-06 0)
(9.32876 -4.50726e-06 0)
(9.32879 -3.90424e-06 0)
(9.32881 -3.16107e-06 0)
(9.32882 -2.31045e-06 0)
(9.32883 -1.34512e-06 0)
(9.32884 -4.26559e-07 0)
(9.32884 7.51466e-07 0)
(9.32883 1.7155e-06 0)
(9.32881 2.90227e-06 0)
(9.32879 3.75461e-06 0)
(9.32876 4.67648e-06 0)
(9.32873 5.03842e-06 0)
(9.3287 5.2205e-06 0)
(9.32866 4.9667e-06 0)
(9.32864 4.25581e-06 0)
(9.32861 3.1882e-06 0)
(9.3286 1.80511e-06 0)
(9.3286 2.02755e-07 0)
(9.3286 -1.46753e-06 0)
(9.32862 -3.14861e-06 0)
(9.32865 -4.73367e-06 0)
(9.32868 -6.19225e-06 0)
(9.32872 -7.49756e-06 0)
(9.32877 -8.62813e-06 0)
(9.32882 -9.58134e-06 0)
(9.32888 -1.03961e-05 0)
(9.32894 -1.10522e-05 0)
(9.329 -1.16028e-05 0)
(9.32906 -1.20313e-05 0)
(9.32912 -1.23399e-05 0)
(9.32919 -1.24667e-05 0)
(9.32925 -1.25091e-05 0)
(9.32932 -1.23512e-05 0)
(9.32938 -1.21106e-05 0)
(9.32944 -1.16957e-05 0)
(9.3295 -1.12037e-05 0)
(9.32955 -1.06888e-05 0)
(9.3296 -1.01085e-05 0)
(9.32965 -1.06897e-05 0)
(9.3297 -8.86323e-06 0)
(9.32973 -1.82004e-05 0)
(9.32989 2.53601e-05 0)
(9.55504 8.82554e-05 0)
(9.55488 4.3219e-05 0)
(9.55488 9.62329e-06 0)
(9.55488 7.99041e-06 0)
(9.55485 1.50394e-05 0)
(9.5548 1.98281e-05 0)
(9.55472 2.23354e-05 0)
(9.55464 2.4186e-05 0)
(9.55454 2.53937e-05 0)
(9.55445 2.98435e-05 0)
(9.55432 -2.1817e-06 0)
(9.55426 8.49717e-05 0)
(9.55405 0.00025258 0)
(9.55389 0.00022426 0)
(9.55384 8.90804e-05 0)
(9.55379 4.29272e-05 0)
(9.55374 3.43223e-05 0)
(9.55367 2.8411e-05 0)
(9.5536 2.17538e-05 0)
(9.55353 1.60138e-05 0)
(9.55346 1.14789e-05 0)
(9.55341 7.47521e-06 0)
(9.55337 3.99809e-06 0)
(9.55333 -1.24483e-07 0)
(9.55332 -3.33665e-06 0)
(9.55331 -7.15016e-06 0)
(9.55332 -9.98348e-06 0)
(9.55334 -1.30595e-05 0)
(9.55337 -1.50804e-05 0)
(9.55341 -1.70914e-05 0)
(9.55346 -1.79127e-05 0)
(9.55352 -1.91838e-05 0)
(9.55358 -1.93236e-05 0)
(9.55364 -2.36926e-05 0)
(9.55371 -1.67165e-05 0)
(9.55377 -6.64498e-05 0)
(9.55379 -0.000172805 0)
(9.55381 -0.000189321 0)
(9.55386 -0.000130565 0)
(9.55393 -6.11495e-05 0)
(9.55399 -2.44122e-05 0)
(9.55404 -1.23351e-05 0)
(9.55408 -7.71814e-06 0)
(9.55411 -5.99712e-06 0)
(9.55413 -4.70397e-06 0)
(9.55415 -3.96873e-06 0)
(9.55417 -3.15372e-06 0)
(9.55418 -3.00078e-06 0)
(9.5542 -2.7538e-06 0)
(9.55421 -3.01344e-06 0)
(9.55423 -3.2682e-06 0)
(9.55425 -4.02953e-06 0)
(9.55428 -4.53109e-06 0)
(9.55431 -5.36324e-06 0)
(9.55434 -5.66121e-06 0)
(9.55437 -6.12581e-06 0)
(9.55441 -5.95768e-06 0)
(9.55444 -5.88433e-06 0)
(9.55447 -5.31529e-06 0)
(9.55449 -4.59721e-06 0)
(9.55451 -3.70945e-06 0)
(9.55453 -2.70645e-06 0)
(9.55454 -1.56114e-06 0)
(9.55454 -4.61552e-07 0)
(9.55454 9.28076e-07 0)
(9.55453 2.09539e-06 0)
(9.55451 3.52138e-06 0)
(9.55448 4.54074e-06 0)
(9.55445 5.62576e-06 0)
(9.55442 6.04865e-06 0)
(9.55438 6.24312e-06 0)
(9.55435 5.89231e-06 0)
(9.55432 5.01311e-06 0)
(9.5543 3.70083e-06 0)
(9.55429 2.03454e-06 0)
(9.55429 1.19305e-07 0)
(9.5543 -1.85595e-06 0)
(9.55431 -3.83021e-06 0)
(9.55434 -5.6703e-06 0)
(9.55438 -7.35428e-06 0)
(9.55442 -8.83874e-06 0)
(9.55447 -1.01224e-05 0)
(9.55452 -1.1193e-05 0)
(9.55457 -1.21079e-05 0)
(9.55463 -1.28376e-05 0)
(9.55469 -1.34507e-05 0)
(9.55475 -1.3915e-05 0)
(9.55481 -1.42498e-05 0)
(9.55487 -1.43763e-05 0)
(9.55494 -1.44069e-05 0)
(9.555 -1.42076e-05 0)
(9.55506 -1.39145e-05 0)
(9.55511 -1.34183e-05 0)
(9.55517 -1.28388e-05 0)
(9.55522 -1.22236e-05 0)
(9.55527 -1.15448e-05 0)
(9.55531 -1.21833e-05 0)
(9.55536 -1.01702e-05 0)
(9.55539 -2.05692e-05 0)
(9.55553 3.13862e-05 0)
(9.75729 9.73698e-05 0)
(9.75716 4.48429e-05 0)
(9.75716 9.29759e-06 0)
(9.75716 8.47881e-06 0)
(9.75713 1.63394e-05 0)
(9.75708 2.16687e-05 0)
(9.75702 2.45733e-05 0)
(9.75694 2.67005e-05 0)
(9.75686 2.81041e-05 0)
(9.75677 3.24819e-05 0)
(9.75667 2.39085e-06 0)
(9.75658 9.09699e-05 0)
(9.75645 0.000253354 0)
(9.7564 0.000223203 0)
(9.75638 8.77186e-05 0)
(9.75631 4.23399e-05 0)
(9.75625 3.49221e-05 0)
(9.75618 3.00184e-05 0)
(9.75611 2.37336e-05 0)
(9.75605 1.79962e-05 0)
(9.75599 1.32568e-05 0)
(9.75593 8.97941e-06 0)
(9.75589 5.14916e-06 0)
(9.75586 6.84114e-07 0)
(9.75584 -2.91035e-06 0)
(9.75583 -7.08048e-06 0)
(9.75583 -1.02639e-05 0)
(9.75584 -1.36767e-05 0)
(9.75586 -1.60438e-05 0)
(9.75589 -1.82323e-05 0)
(9.75593 -1.93164e-05 0)
(9.75598 -2.07468e-05 0)
(9.75603 -2.10375e-05 0)
(9.75608 -2.54757e-05 0)
(9.75615 -1.91014e-05 0)
(9.7562 -6.78232e-05 0)
(9.75621 -0.000171115 0)
(9.75619 -0.000186682 0)
(9.75619 -0.00012933 0)
(9.75623 -6.11378e-05 0)
(9.75629 -2.50683e-05 0)
(9.75633 -1.31566e-05 0)
(9.75637 -8.51881e-06 0)
(9.75639 -6.73365e-06 0)
(9.75642 -5.33228e-06 0)
(9.75644 -4.51706e-06 0)
(9.75645 -3.62223e-06 0)
(9.75647 -3.45898e-06 0)
(9.75648 -3.21137e-06 0)
(9.7565 -3.54292e-06 0)
(9.75651 -3.87787e-06 0)
(9.75654 -4.76742e-06 0)
(9.75656 -5.36706e-06 0)
(9.75659 -6.31037e-06 0)
(9.75663 -6.65026e-06 0)
(9.75666 -7.14566e-06 0)
(9.75669 -6.92787e-06 0)
(9.75672 -6.79774e-06 0)
(9.75675 -6.10875e-06 0)
(9.75678 -5.26692e-06 0)
(9.7568 -4.22779e-06 0)
(9.75681 -3.06521e-06 0)
(9.75682 -1.73305e-06 0)
(9.75682 -4.42869e-07 0)
(9.75681 1.16821e-06 0)
(9.7568 2.54458e-06 0)
(9.75678 4.20487e-06 0)
(9.75675 5.39764e-06 0)
(9.75672 6.63568e-06 0)
(9.75669 7.10866e-06 0)
(9.75665 7.29425e-06 0)
(9.75662 6.8245e-06 0)
(9.75659 5.75397e-06 0)
(9.75657 4.17726e-06 0)
(9.75656 2.213e-06 0)
(9.75656 -2.21726e-08 0)
(9.75657 -2.30277e-06 0)
(9.75659 -4.56254e-06 0)
(9.75661 -6.64463e-06 0)
(9.75665 -8.53578e-06 0)
(9.75669 -1.01794e-05 0)
(9.75674 -1.15949e-05 0)
(9.75679 -1.27628e-05 0)
(9.75684 -1.37588e-05 0)
(9.7569 -1.45456e-05 0)
(9.75695 -1.52065e-05 0)
(9.75701 -1.5695e-05 0)
(9.75707 -1.60468e-05 0)
(9.75712 -1.6167e-05 0)
(9.75718 -1.61809e-05 0)
(9.75724 -1.59385e-05 0)
(9.75729 -1.55925e-05 0)
(9.75735 -1.50174e-05 0)
(9.7574 -1.43536e-05 0)
(9.75744 -1.36425e-05 0)
(9.75749 -1.28706e-05 0)
(9.75753 -1.35692e-05 0)
(9.75757 -1.1391e-05 0)
(9.7576 -2.26667e-05 0)
(9.75772 3.66706e-05 0)
(9.94187 0.000105178 0)
(9.94177 4.61064e-05 0)
(9.94177 9.13807e-06 0)
(9.94176 8.92969e-06 0)
(9.94174 1.7411e-05 0)
(9.9417 2.3196e-05 0)
(9.94165 2.64787e-05 0)
(9.94159 2.88774e-05 0)
(9.94151 3.04666e-05 0)
(9.94144 3.47382e-05 0)
(9.94135 6.83321e-06 0)
(9.94125 9.49007e-05 0)
(9.94119 0.000252018 0)
(9.94121 0.000222303 0)
(9.94122 8.80329e-05 0)
(9.94115 4.3145e-05 0)
(9.94109 3.60843e-05 0)
(9.94103 3.16631e-05 0)
(9.94097 2.55715e-05 0)
(9.94091 1.98158e-05 0)
(9.94086 1.49115e-05 0)
(9.94081 1.04181e-05 0)
(9.94077 6.29667e-06 0)
(9.94073 1.55586e-06 0)
(9.94071 -2.36502e-06 0)
(9.9407 -6.83321e-06 0)
(9.94069 -1.03273e-05 0)
(9.9407 -1.40218e-05 0)
(9.94071 -1.67424e-05 0)
(9.94073 -1.90359e-05 0)
(9.94076 -2.03871e-05 0)
(9.94079 -2.19694e-05 0)
(9.94083 -2.24215e-05 0)
(9.94087 -2.69234e-05 0)
(9.94093 -2.12059e-05 0)
(9.94097 -6.90756e-05 0)
(9.94097 -0.000169552 0)
(9.94092 -0.000184379 0)
(9.94089 -0.000128253 0)
(9.94091 -6.14102e-05 0)
(9.94095 -2.59204e-05 0)
(9.94099 -1.40444e-05 0)
(9.94102 -9.30959e-06 0)
(9.94104 -7.4288e-06 0)
(9.94106 -5.9153e-06 0)
(9.94108 -5.02004e-06 0)
(9.9411 -4.06327e-06 0)
(9.94111 -3.89643e-06 0)
(9.94112 -3.66325e-06 0)
(9.94114 -4.07396e-06 0)
(9.94116 -4.49993e-06 0)
(9.94118 -5.51835e-06 0)
(9.94121 -6.21982e-06 0)
(9.94124 -7.26628e-06 0)
(9.94127 -7.64441e-06 0)
(9.9413 -8.15645e-06 0)
(9.94133 -7.88274e-06 0)
(9.94136 -7.68122e-06 0)
(9.94139 -6.86659e-06 0)
(9.94141 -5.89276e-06 0)
(9.94143 -4.69723e-06 0)
(9.94144 -3.36891e-06 0)
(9.94145 -1.84529e-06 0)
(9.94145 -3.57163e-07 0)
(9.94144 1.47948e-06 0)
(9.94143 3.07097e-06 0)
(9.9414 4.95761e-06 0)
(9.94137 6.32149e-06 0)
(9.94134 7.69678e-06 0)
(9.9413 8.20552e-06 0)
(9.94126 8.35787e-06 0)
(9.94123 7.7471e-06 0)
(9.9412 6.46309e-06 0)
(9.94118 4.60545e-06 0)
(9.94117 2.33254e-06 0)
(9.94118 -2.2403e-07 0)
(9.94119 -2.80443e-06 0)
(9.94121 -5.33559e-06 0)
(9.94124 -7.6405e-06 0)
(9.94128 -9.71458e-06 0)
(9.94132 -1.14919e-05 0)
(9.94136 -1.30129e-05 0)
(9.94141 -1.42536e-05 0)
(9.94146 -1.53075e-05 0)
(9.94151 -1.61319e-05 0)
(9.94156 -1.68235e-05 0)
(9.94161 -1.73233e-05 0)
(9.94166 -1.76818e-05 0)
(9.94171 -1.779e-05 0)
(9.94176 -1.77822e-05 0)
(9.94181 -1.74974e-05 0)
(9.94186 -1.71001e-05 0)
(9.94191 -1.64517e-05 0)
(9.94195 -1.57101e-05 0)
(9.942 -1.49115e-05 0)
(9.94203 -1.40566e-05 0)
(9.94207 -1.48203e-05 0)
(9.94211 -1.25022e-05 0)
(9.94213 -2.45215e-05 0)
(9.94224 4.12934e-05 0)
(10.1126 0.000111757 0)
(10.1125 4.70551e-05 0)
(10.1125 9.01752e-06 0)
(10.1125 9.26717e-06 0)
(10.1125 1.82328e-05 0)
(10.1125 2.44109e-05 0)
(10.1125 2.80519e-05 0)
(10.1124 3.06949e-05 0)
(10.1123 3.24311e-05 0)
(10.1123 3.65625e-05 0)
(10.1122 1.08467e-05 0)
(10.1121 9.73208e-05 0)
(10.1121 0.000249265 0)
(10.1122 0.000221005 0)
(10.1122 8.8921e-05 0)
(10.1122 4.43669e-05 0)
(10.1121 3.73031e-05 0)
(10.1121 3.31239e-05 0)
(10.112 2.71609e-05 0)
(10.112 2.13942e-05 0)
(10.1119 1.6372e-05 0)
(10.1119 1.17228e-05 0)
(10.1118 7.38065e-06 0)
(10.1118 2.433e-06 0)
(10.1118 -1.7493e-06 0)
(10.1118 -6.44764e-06 0)
(10.1118 -1.01972e-05 0)
(10.1118 -1.41162e-05 0)
(10.1118 -1.71476e-05 0)
(10.1118 -1.95448e-05 0)
(10.1118 -2.11333e-05 0)
(10.1118 -2.28191e-05 0)
(10.1118 -2.34477e-05 0)
(10.1119 -2.7995e-05 0)
(10.1119 -2.29571e-05 0)
(10.1119 -6.99242e-05 0)
(10.1119 -0.000167719 0)
(10.1119 -0.000182078 0)
(10.1118 -0.000127089 0)
(10.1118 -6.17054e-05 0)
(10.1118 -2.67634e-05 0)
(10.1119 -1.48805e-05 0)
(10.1119 -1.00206e-05 0)
(10.1119 -8.04599e-06 0)
(10.1119 -6.42409e-06 0)
(10.1119 -5.45992e-06 0)
(10.1119 -4.46204e-06 0)
(10.112 -4.29615e-06 0)
(10.112 -4.09183e-06 0)
(10.112 -4.58842e-06 0)
(10.112 -5.11436e-06 0)
(10.112 -6.26107e-06 0)
(10.1121 -7.06609e-06 0)
(10.1121 -8.20735e-06 0)
(10.1121 -8.61903e-06 0)
(10.1121 -9.1344e-06 0)
(10.1122 -8.79919e-06 0)
(10.1122 -8.51274e-06 0)
(10.1122 -7.56853e-06 0)
(10.1122 -6.45628e-06 0)
(10.1123 -5.10086e-06 0)
(10.1123 -3.60282e-06 0)
(10.1123 -1.88543e-06 0)
(10.1123 -1.95291e-07 0)
(10.1123 1.86665e-06 0)
(10.1122 3.67453e-06 0)
(10.1122 5.77861e-06 0)
(10.1122 7.30656e-06 0)
(10.1122 8.80085e-06 0)
(10.1121 9.32883e-06 0)
(10.1121 9.42372e-06 0)
(10.112 8.65113e-06 0)
(10.112 7.13416e-06 0)
(10.112 4.98277e-06 0)
(10.112 2.39489e-06 0)
(10.112 -4.8001e-07 0)
(10.112 -3.35008e-06 0)
(10.112 -6.1341e-06 0)
(10.1121 -8.63863e-06 0)
(10.1121 -1.08677e-05 0)
(10.1121 -1.27501e-05 0)
(10.1122 -1.4347e-05 0)
(10.1122 -1.56336e-05 0)
(10.1123 -1.67199e-05 0)
(10.1123 -1.75604e-05 0)
(10.1124 -1.82641e-05 0)
(10.1124 -1.87616e-05 0)
(10.1124 -1.91164e-05 0)
(10.1125 -1.92067e-05 0)
(10.1125 -1.91726e-05 0)
(10.1126 -1.88473e-05 0)
(10.1126 -1.84025e-05 0)
(10.1127 -1.76887e-05 0)
(10.1127 -1.68786e-05 0)
(10.1127 -1.60038e-05 0)
(10.1128 -1.50803e-05 0)
(10.1128 -1.59099e-05 0)
(10.1128 -1.34869e-05 0)
(10.1128 -2.61489e-05 0)
(10.1129 4.52528e-05 0)
(10.2721 0.000117086 0)
(10.2721 4.7725e-05 0)
(10.2721 8.87396e-06 0)
(10.2721 9.44791e-06 0)
(10.2721 1.87936e-05 0)
(10.272 2.53212e-05 0)
(10.272 2.92859e-05 0)
(10.272 3.21186e-05 0)
(10.2719 3.39172e-05 0)
(10.2719 3.78874e-05 0)
(10.2718 1.42339e-05 0)
(10.2718 9.85276e-05 0)
(10.2718 0.000245404 0)
(10.2719 0.000219147 0)
(10.272 8.98368e-05 0)
(10.2719 4.55038e-05 0)
(10.2719 3.82903e-05 0)
(10.2719 3.42499e-05 0)
(10.2718 2.84155e-05 0)
(10.2718 2.26624e-05 0)
(10.2718 1.75789e-05 0)
(10.2717 1.28394e-05 0)
(10.2717 8.35303e-06 0)
(10.2717 3.27015e-06 0)
(10.2716 -1.0983e-06 0)
(10.2716 -5.95007e-06 0)
(10.2716 -9.88612e-06 0)
(10.2716 -1.39669e-05 0)
(10.2716 -1.72133e-05 0)
(10.2716 -1.97615e-05 0)
(10.2716 -2.15759e-05 0)
(10.2716 -2.32748e-05 0)
(10.2716 -2.41012e-05 0)
(10.2716 -2.86654e-05 0)
(10.2716 -2.4301e-05 0)
(10.2717 -7.02505e-05 0)
(10.2716 -0.000165455 0)
(10.2715 -0.0001796 0)
(10.2715 -0.000125775 0)
(10.2715 -6.18991e-05 0)
(10.2715 -2.74891e-05 0)
(10.2715 -1.55948e-05 0)
(10.2715 -1.06102e-05 0)
(10.2715 -8.55982e-06 0)
(10.2715 -6.83121e-06 0)
(10.2716 -5.83357e-06 0)
(10.2716 -4.79613e-06 0)
(10.2716 -4.64198e-06 0)
(10.2716 -4.48138e-06 0)
(10.2716 -5.0694e-06 0)
(10.2716 -5.70266e-06 0)
(10.2716 -6.97496e-06 0)
(10.2717 -7.88365e-06 0)
(10.2717 -9.1105e-06 0)
(10.2717 -9.55046e-06 0)
(10.2718 -1.00561e-05 0)
(10.2718 -9.65525e-06 0)
(10.2718 -9.26972e-06 0)
(10.2718 -8.1952e-06 0)
(10.2718 -6.93945e-06 0)
(10.2719 -5.42248e-06 0)
(10.2719 -3.75258e-06 0)
(10.2719 -1.84166e-06 0)
(10.2719 5.16114e-08 0)
(10.2718 2.33466e-06 0)
(10.2718 4.35608e-06 0)
(10.2718 6.66504e-06 0)
(10.2718 8.34604e-06 0)
(10.2717 9.93792e-06 0)
(10.2717 1.04668e-05 0)
(10.2717 1.04796e-05 0)
(10.2716 9.52588e-06 0)
(10.2716 7.75907e-06 0)
(10.2716 5.30496e-06 0)
(10.2716 2.40002e-06 0)
(10.2716 -7.85551e-07 0)
(10.2716 -3.93067e-06 0)
(10.2716 -6.94465e-06 0)
(10.2717 -9.62173e-06 0)
(10.2717 -1.19741e-05 0)
(10.2717 -1.39298e-05 0)
(10.2718 -1.55701e-05 0)
(10.2718 -1.68727e-05 0)
(10.2718 -1.79634e-05 0)
(10.2719 -1.87964e-05 0)
(10.2719 -1.94923e-05 0)
(10.272 -1.99717e-05 0)
(10.272 -2.03121e-05 0)
(10.272 -2.03781e-05 0)
(10.2721 -2.03122e-05 0)
(10.2721 -1.99506e-05 0)
(10.2721 -1.94635e-05 0)
(10.2721 -1.86942e-05 0)
(10.2722 -1.78275e-05 0)
(10.2722 -1.68906e-05 0)
(10.2722 -1.59171e-05 0)
(10.2722 -1.68067e-05 0)
(10.2723 -1.43337e-05 0)
(10.2723 -2.75507e-05 0)
(10.2724 4.84928e-05 0)
(10.422 0.000121104 0)
(10.422 4.80841e-05 0)
(10.422 8.68249e-06 0)
(10.422 9.48312e-06 0)
(10.422 1.90876e-05 0)
(10.422 2.58994e-05 0)
(10.422 3.00999e-05 0)
(10.422 3.30196e-05 0)
(10.4219 3.4787e-05 0)
(10.4219 3.85814e-05 0)
(10.4219 1.67803e-05 0)
(10.4219 9.85641e-05 0)
(10.4219 0.000240492 0)
(10.422 0.000216661 0)
(10.4221 9.03977e-05 0)
(10.4221 4.62572e-05 0)
(10.4221 3.88581e-05 0)
(10.4221 3.49239e-05 0)
(10.4221 2.92524e-05 0)
(10.4221 2.35655e-05 0)
(10.422 1.84909e-05 0)
(10.422 1.37435e-05 0)
(10.422 9.19755e-06 0)
(10.422 4.06561e-06 0)
(10.4219 -3.99456e-07 0)
(10.4219 -5.31425e-06 0)
(10.4219 -9.3556e-06 0)
(10.4219 -1.35274e-05 0)
(10.4219 -1.68868e-05 0)
(10.4218 -1.95529e-05 0)
(10.4218 -2.1548e-05 0)
(10.4218 -2.33296e-05 0)
(10.4218 -2.43057e-05 0)
(10.4218 -2.88674e-05 0)
(10.4218 -2.51652e-05 0)
(10.4218 -6.99786e-05 0)
(10.4218 -0.000162672 0)
(10.4217 -0.000176838 0)
(10.4216 -0.000124269 0)
(10.4216 -6.19187e-05 0)
(10.4216 -2.80361e-05 0)
(10.4216 -1.61425e-05 0)
(10.4216 -1.10571e-05 0)
(10.4216 -8.93239e-06 0)
(10.4216 -7.13968e-06 0)
(10.4216 -6.12094e-06 0)
(10.4216 -5.05415e-06 0)
(10.4216 -4.92906e-06 0)
(10.4216 -4.82648e-06 0)
(10.4217 -5.50927e-06 0)
(10.4217 -6.25358e-06 0)
(10.4217 -7.64475e-06 0)
(10.4217 -8.65475e-06 0)
(10.4217 -9.95649e-06 0)
(10.4218 -1.04168e-05 0)
(10.4218 -1.08993e-05 0)
(10.4218 -1.04278e-05 0)
(10.4218 -9.92512e-06 0)
(10.4219 -8.72607e-06 0)
(10.4219 -7.322e-06 0)
(10.4219 -5.64252e-06 0)
(10.4219 -3.8003e-06 0)
(10.4219 -1.69835e-06 0)
(10.4219 3.95394e-07 0)
(10.4219 2.89076e-06 0)
(10.4218 5.11648e-06 0)
(10.4218 7.61166e-06 0)
(10.4218 9.42728e-06 0)
(10.4217 1.10895e-05 0)
(10.4217 1.15957e-05 0)
(10.4217 1.14991e-05 0)
(10.4216 1.03443e-05 0)
(10.4216 8.31264e-06 0)
(10.4216 5.55033e-06 0)
(10.4216 2.33132e-06 0)
(10.4216 -1.15142e-06 0)
(10.4216 -4.55036e-06 0)
(10.4216 -7.76472e-06 0)
(10.4217 -1.05804e-05 0)
(10.4217 -1.30179e-05 0)
(10.4217 -1.50085e-05 0)
(10.4218 -1.66532e-05 0)
(10.4218 -1.79359e-05 0)
(10.4218 -1.89972e-05 0)
(10.4219 -1.97937e-05 0)
(10.4219 -2.04568e-05 0)
(10.4219 -2.0895e-05 0)
(10.4219 -2.12066e-05 0)
(10.422 -2.12424e-05 0)
(10.422 -2.11353e-05 0)
(10.422 -2.07477e-05 0)
(10.422 -2.02241e-05 0)
(10.4221 -1.9411e-05 0)
(10.4221 -1.85024e-05 0)
(10.4221 -1.75208e-05 0)
(10.4221 -1.65221e-05 0)
(10.4221 -1.74638e-05 0)
(10.4221 -1.50268e-05 0)
(10.4222 -2.86862e-05 0)
(10.4222 5.0977e-05 0)
(10.5634 0.000123711 0)
(10.5633 4.80957e-05 0)
(10.5634 8.45824e-06 0)
(10.5634 9.40538e-06 0)
(10.5634 1.91472e-05 0)
(10.5634 2.61146e-05 0)
(10.5634 3.0406e-05 0)
(10.5634 3.32691e-05 0)
(10.5634 3.49083e-05 0)
(10.5634 3.83851e-05 0)
(10.5634 1.83297e-05 0)
(10.5634 9.73986e-05 0)
(10.5634 0.000234533 0)
(10.5636 0.000213451 0)
(10.5637 9.04145e-05 0)
(10.5638 4.64484e-05 0)
(10.5638 3.88747e-05 0)
(10.5638 3.50546e-05 0)
(10.5638 2.95914e-05 0)
(10.5638 2.40545e-05 0)
(10.5638 1.90696e-05 0)
(10.5637 1.441e-05 0)
(10.5637 9.90234e-06 0)
(10.5637 4.82085e-06 0)
(10.5637 3.60638e-07 0)
(10.5636 -4.52511e-06 0)
(10.5636 -8.58663e-06 0)
(10.5636 -1.27734e-05 0)
(10.5636 -1.61421e-05 0)
(10.5635 -1.89369e-05 0)
(10.5635 -2.09711e-05 0)
(10.5635 -2.29358e-05 0)
(10.5635 -2.39817e-05 0)
(10.5634 -2.85819e-05 0)
(10.5634 -2.54802e-05 0)
(10.5634 -6.90746e-05 0)
(10.5634 -0.000159323 0)
(10.5633 -0.000173735 0)
(10.5632 -0.00012252 0)
(10.5631 -6.17119e-05 0)
(10.5631 -2.83676e-05 0)
(10.5631 -1.64876e-05 0)
(10.5631 -1.13275e-05 0)
(10.5631 -9.15796e-06 0)
(10.5631 -7.33178e-06 0)
(10.5631 -6.29817e-06 0)
(10.5631 -5.23131e-06 0)
(10.5631 -5.14765e-06 0)
(10.5631 -5.11633e-06 0)
(10.5632 -5.90017e-06 0)
(10.5632 -6.75724e-06 0)
(10.5632 -8.26272e-06 0)
(10.5632 -9.35396e-06 0)
(10.5632 -1.0722e-05 0)
(10.5633 -1.11936e-05 0)
(10.5633 -1.16393e-05 0)
(10.5633 -1.10913e-05 0)
(10.5633 -1.04564e-05 0)
(10.5633 -9.14655e-06 0)
(10.5633 -7.58497e-06 0)
(10.5633 -5.7437e-06 0)
(10.5633 -3.73139e-06 0)
(10.5633 -1.44452e-06 0)
(10.5633 8.42493e-07 0)
(10.5633 3.53595e-06 0)
(10.5633 5.95061e-06 0)
(10.5632 8.60739e-06 0)
(10.5632 1.05337e-05 0)
(10.5632 1.22352e-05 0)
(10.5631 1.26928e-05 0)
(10.5631 1.24596e-05 0)
(10.5631 1.10861e-05 0)
(10.563 8.7781e-06 0)
(10.563 5.70681e-06 0)
(10.563 2.18181e-06 0)
(10.5631 -1.57931e-06 0)
(10.5631 -5.2058e-06 0)
(10.5631 -8.58614e-06 0)
(10.5631 -1.1502e-05 0)
(10.5632 -1.39821e-05 0)
(10.5632 -1.5965e-05 0)
(10.5632 -1.75711e-05 0)
(10.5632 -1.87937e-05 0)
(10.5633 -1.97877e-05 0)
(10.5633 -2.05143e-05 0)
(10.5633 -2.11148e-05 0)
(10.5633 -2.14864e-05 0)
(10.5633 -2.17586e-05 0)
(10.5633 -2.1749e-05 0)
(10.5634 -2.16078e-05 0)
(10.5634 -2.11937e-05 0)
(10.5634 -2.06339e-05 0)
(10.5634 -1.97898e-05 0)
(10.5634 -1.88564e-05 0)
(10.5634 -1.78502e-05 0)
(10.5634 -1.68533e-05 0)
(10.5634 -1.78484e-05 0)
(10.5634 -1.5557e-05 0)
(10.5634 -2.94926e-05 0)
(10.5635 5.26709e-05 0)
(10.6966 0.000124711 0)
(10.6966 4.78014e-05 0)
(10.6967 8.22833e-06 0)
(10.6967 9.21513e-06 0)
(10.6967 1.89754e-05 0)
(10.6967 2.59654e-05 0)
(10.6967 3.0215e-05 0)
(10.6967 3.28861e-05 0)
(10.6967 3.42879e-05 0)
(10.6968 3.73462e-05 0)
(10.6968 1.89225e-05 0)
(10.6968 9.51112e-05 0)
(10.6969 0.000227659 0)
(10.6971 0.000209556 0)
(10.6973 8.98634e-05 0)
(10.6973 4.6041e-05 0)
(10.6973 3.82967e-05 0)
(10.6974 3.46132e-05 0)
(10.6974 2.93923e-05 0)
(10.6974 2.40972e-05 0)
(10.6974 1.92772e-05 0)
(10.6974 1.47934e-05 0)
(10.6974 1.04191e-05 0)
(10.6974 5.48507e-06 0)
(10.6973 1.1266e-06 0)
(10.6973 -3.64781e-06 0)
(10.6973 -7.65074e-06 0)
(10.6973 -1.17762e-05 0)
(10.6972 -1.5091e-05 0)
(10.6972 -1.79956e-05 0)
(10.6971 -2.00123e-05 0)
(10.6971 -2.20873e-05 0)
(10.6971 -2.32159e-05 0)
(10.697 -2.78015e-05 0)
(10.697 -2.52124e-05 0)
(10.697 -6.7602e-05 0)
(10.6969 -0.000155433 0)
(10.6968 -0.000170266 0)
(10.6967 -0.000120498 0)
(10.6966 -6.12555e-05 0)
(10.6966 -2.84671e-05 0)
(10.6966 -1.66012e-05 0)
(10.6966 -1.14086e-05 0)
(10.6966 -9.20589e-06 0)
(10.6966 -7.37354e-06 0)
(10.6966 -6.3442e-06 0)
(10.6966 -5.30315e-06 0)
(10.6966 -5.28336e-06 0)
(10.6966 -5.31968e-06 0)
(10.6966 -6.20119e-06 0)
(10.6966 -7.18512e-06 0)
(10.6966 -8.78341e-06 0)
(10.6966 -9.96209e-06 0)
(10.6967 -1.13784e-05 0)
(10.6967 -1.18539e-05 0)
(10.6967 -1.2252e-05 0)
(10.6967 -1.16224e-05 0)
(10.6967 -1.08611e-05 0)
(10.6967 -9.44292e-06 0)
(10.6967 -7.71803e-06 0)
(10.6967 -5.71932e-06 0)
(10.6967 -3.54282e-06 0)
(10.6967 -1.08093e-06 0)
(10.6967 1.38815e-06 0)
(10.6967 4.26228e-06 0)
(10.6967 6.84794e-06 0)
(10.6966 9.64124e-06 0)
(10.6966 1.16555e-05 0)
(10.6965 1.33687e-05 0)
(10.6965 1.37571e-05 0)
(10.6965 1.33661e-05 0)
(10.6965 1.17641e-05 0)
(10.6964 9.17495e-06 0)
(10.6964 5.79937e-06 0)
(10.6964 1.98038e-06 0)
(10.6964 -2.03864e-06 0)
(10.6965 -5.86646e-06 0)
(10.6965 -9.38034e-06 0)
(10.6965 -1.23611e-05 0)
(10.6965 -1.48454e-05 0)
(10.6966 -1.67824e-05 0)
(10.6966 -1.83111e-05 0)
(10.6966 -1.94373e-05 0)
(10.6966 -2.03298e-05 0)
(10.6966 -2.09561e-05 0)
(10.6966 -2.14845e-05 0)
(10.6966 -2.17519e-05 0)
(10.6967 -2.19644e-05 0)
(10.6967 -2.19027e-05 0)
(10.6967 -2.17256e-05 0)
(10.6966 -2.12796e-05 0)
(10.6966 -2.06956e-05 0)
(10.6966 -1.98343e-05 0)
(10.6966 -1.88928e-05 0)
(10.6966 -1.78818e-05 0)
(10.6966 -1.69115e-05 0)
(10.6966 -1.79707e-05 0)
(10.6966 -1.59348e-05 0)
(10.6966 -2.99476e-05 0)
(10.6967 5.34811e-05 0)
(10.822 0.000123855 0)
(10.8221 4.72564e-05 0)
(10.8221 7.97455e-06 0)
(10.8221 8.89602e-06 0)
(10.8221 1.85097e-05 0)
(10.8221 2.54466e-05 0)
(10.8221 2.95575e-05 0)
(10.8222 3.19672e-05 0)
(10.8222 3.30908e-05 0)
(10.8223 3.56812e-05 0)
(10.8223 1.8691e-05 0)
(10.8224 9.18503e-05 0)
(10.8225 0.000220049 0)
(10.8227 0.000205067 0)
(10.8229 8.87967e-05 0)
(10.823 4.50959e-05 0)
(10.823 3.71633e-05 0)
(10.8231 3.36285e-05 0)
(10.8231 2.86759e-05 0)
(10.8231 2.36877e-05 0)
(10.8231 1.90911e-05 0)
(10.8231 1.48532e-05 0)
(10.8231 1.06887e-05 0)
(10.8231 5.98076e-06 0)
(10.8231 1.80847e-06 0)
(10.8231 -2.77608e-06 0)
(10.8231 -6.64286e-06 0)
(10.823 -1.06344e-05 0)
(10.823 -1.38636e-05 0)
(10.8229 -1.67735e-05 0)
(10.8229 -1.87633e-05 0)
(10.8228 -2.08558e-05 0)
(10.8228 -2.20564e-05 0)
(10.8227 -2.66055e-05 0)
(10.8227 -2.44123e-05 0)
(10.8227 -6.56163e-05 0)
(10.8226 -0.000151021 0)
(10.8224 -0.000166441 0)
(10.8223 -0.000118207 0)
(10.8222 -6.05416e-05 0)
(10.8222 -2.83264e-05 0)
(10.8222 -1.64669e-05 0)
(10.8222 -1.12811e-05 0)
(10.8222 -9.05087e-06 0)
(10.8222 -7.23457e-06 0)
(10.8222 -6.23057e-06 0)
(10.8222 -5.24314e-06 0)
(10.8222 -5.28648e-06 0)
(10.8222 -5.42144e-06 0)
(10.8222 -6.37671e-06 0)
(10.8222 -7.4812e-06 0)
(10.8222 -9.18161e-06 0)
(10.8222 -1.04417e-05 0)
(10.8222 -1.19056e-05 0)
(10.8222 -1.23723e-05 0)
(10.8222 -1.27157e-05 0)
(10.8222 -1.20085e-05 0)
(10.8223 -1.11396e-05 0)
(10.8223 -9.58888e-06 0)
(10.8223 -7.71648e-06 0)
(10.8222 -5.56904e-06 0)
(10.8222 -3.23735e-06 0)
(10.8222 -6.12921e-07 0)
(10.8222 2.02488e-06 0)
(10.8222 5.06123e-06 0)
(10.8221 7.79995e-06 0)
(10.8221 1.07067e-05 0)
(10.8221 1.27894e-05 0)
(10.822 1.44926e-05 0)
(10.822 1.47978e-05 0)
(10.822 1.42336e-05 0)
(10.8219 1.24026e-05 0)
(10.8219 9.53392e-06 0)
(10.8219 5.86357e-06 0)
(10.8219 1.76512e-06 0)
(10.8219 -2.49111e-06 0)
(10.822 -6.49619e-06 0)
(10.822 -1.01154e-05 0)
(10.822 -1.31316e-05 0)
(10.822 -1.55885e-05 0)
(10.8221 -1.74486e-05 0)
(10.8221 -1.88687e-05 0)
(10.8221 -1.98692e-05 0)
(10.8221 -2.06335e-05 0)
(10.8221 -2.11344e-05 0)
(10.8221 -2.15513e-05 0)
(10.8221 -2.17247e-05 0)
(10.8221 -2.18512e-05 0)
(10.8221 -2.1734e-05 0)
(10.8221 -2.1515e-05 0)
(10.822 -2.10302e-05 0)
(10.822 -2.04386e-05 0)
(10.822 -1.95728e-05 0)
(10.822 -1.86386e-05 0)
(10.822 -1.76412e-05 0)
(10.822 -1.6718e-05 0)
(10.822 -1.78522e-05 0)
(10.822 -1.6178e-05 0)
(10.822 -3.00688e-05 0)
(10.822 5.33317e-05 0)
(10.9394 0.000121131 0)
(10.9395 4.63254e-05 0)
(10.9395 7.64567e-06 0)
(10.9395 8.39635e-06 0)
(10.9396 1.77325e-05 0)
(10.9396 2.45206e-05 0)
(10.9396 2.84138e-05 0)
(10.9397 3.05202e-05 0)
(10.9398 3.1313e-05 0)
(10.9398 3.34561e-05 0)
(10.9399 1.77232e-05 0)
(10.94 8.76747e-05 0)
(10.9401 0.000211827 0)
(10.9403 0.000200016 0)
(10.9405 8.72597e-05 0)
(10.9406 4.36714e-05 0)
(10.9407 3.5518e-05 0)
(10.9408 3.21313e-05 0)
(10.9408 2.74774e-05 0)
(10.9409 2.28331e-05 0)
(10.9409 1.85115e-05 0)
(10.9409 1.45749e-05 0)
(10.9409 1.0686e-05 0)
(10.9409 6.26917e-06 0)
(10.9409 2.35861e-06 0)
(10.9409 -1.95853e-06 0)
(10.9409 -5.61085e-06 0)
(10.9408 -9.39915e-06 0)
(10.9408 -1.25012e-05 0)
(10.9407 -1.53073e-05 0)
(10.9407 -1.72386e-05 0)
(10.9406 -1.93099e-05 0)
(10.9405 -2.05511e-05 0)
(10.9405 -2.50614e-05 0)
(10.9404 -2.31486e-05 0)
(10.9404 -6.31175e-05 0)
(10.9403 -0.000146086 0)
(10.9401 -0.000162252 0)
(10.94 -0.000115633 0)
(10.9399 -5.95634e-05 0)
(10.9399 -2.79316e-05 0)
(10.9398 -1.60769e-05 0)
(10.9398 -1.09248e-05 0)
(10.9398 -8.67787e-06 0)
(10.9398 -6.91499e-06 0)
(10.9398 -5.93411e-06 0)
(10.9398 -5.02542e-06 0)
(10.9398 -5.1271e-06 0)
(10.9397 -5.38112e-06 0)
(10.9397 -6.42594e-06 0)
(10.9397 -7.63778e-06 0)
(10.9398 -9.43771e-06 0)
(10.9398 -1.07708e-05 0)
(10.9398 -1.23002e-05 0)
(10.9398 -1.27274e-05 0)
(10.9398 -1.30194e-05 0)
(10.9398 -1.22481e-05 0)
(10.9398 -1.12678e-05 0)
(10.9398 -9.58049e-06 0)
(10.9398 -7.57653e-06 0)
(10.9398 -5.29143e-06 0)
(10.9398 -2.81573e-06 0)
(10.9398 -4.337e-08 0)
(10.9397 2.74786e-06 0)
(10.9397 5.92649e-06 0)
(10.9397 8.79924e-06 0)
(10.9396 1.17965e-05 0)
(10.9396 1.39293e-05 0)
(10.9396 1.56034e-05 0)
(10.9395 1.58153e-05 0)
(10.9395 1.50683e-05 0)
(10.9395 1.30151e-05 0)
(10.9395 9.87021e-06 0)
(10.9394 5.91846e-06 0)
(10.9395 1.55802e-06 0)
(10.9395 -2.91348e-06 0)
(10.9395 -7.07203e-06 0)
(10.9395 -1.07702e-05 0)
(10.9395 -1.37954e-05 0)
(10.9395 -1.61974e-05 0)
(10.9396 -1.79539e-05 0)
(10.9396 -1.92391e-05 0)
(10.9396 -2.00886e-05 0)
(10.9396 -2.07006e-05 0)
(10.9396 -2.10525e-05 0)
(10.9396 -2.13206e-05 0)
(10.9395 -2.14133e-05 0)
(10.9395 -2.14406e-05 0)
(10.9395 -2.12541e-05 0)
(10.9395 -2.09942e-05 0)
(10.9395 -2.0476e-05 0)
(10.9394 -1.98759e-05 0)
(10.9394 -1.90167e-05 0)
(10.9394 -1.81037e-05 0)
(10.9394 -1.71372e-05 0)
(10.9393 -1.62817e-05 0)
(10.9393 -1.74942e-05 0)
(10.9393 -1.62851e-05 0)
(10.9393 -2.98678e-05 0)
(10.9393 5.22215e-05 0)
(11.0486 0.000116586 0)
(11.0487 4.48067e-05 0)
(11.0487 7.18898e-06 0)
(11.0487 7.70268e-06 0)
(11.0488 1.66204e-05 0)
(11.0488 2.31312e-05 0)
(11.0489 2.67433e-05 0)
(11.0489 2.84973e-05 0)
(11.049 2.89437e-05 0)
(11.0491 3.06748e-05 0)
(11.0492 1.60853e-05 0)
(11.0493 8.27232e-05 0)
(11.0495 0.000202975 0)
(11.0497 0.00019441 0)
(11.0499 8.52909e-05 0)
(11.05 4.18072e-05 0)
(11.0501 3.33912e-05 0)
(11.0502 3.01475e-05 0)
(11.0503 2.58261e-05 0)
(11.0503 2.15495e-05 0)
(11.0504 1.75484e-05 0)
(11.0504 1.396e-05 0)
(11.0504 1.04167e-05 0)
(11.0504 6.34784e-06 0)
(11.0504 2.76802e-06 0)
(11.0504 -1.21081e-06 0)
(11.0504 -4.57546e-06 0)
(11.0503 -8.09421e-06 0)
(11.0503 -1.10008e-05 0)
(11.0502 -1.36435e-05 0)
(11.0501 -1.54716e-05 0)
(11.0501 -1.74788e-05 0)
(11.05 -1.87267e-05 0)
(11.05 -2.31551e-05 0)
(11.0499 -2.14848e-05 0)
(11.0498 -6.0118e-05 0)
(11.0497 -0.000140633 0)
(11.0495 -0.000157672 0)
(11.0494 -0.000112754 0)
(11.0493 -5.83074e-05 0)
(11.0492 -2.72655e-05 0)
(11.0492 -1.5426e-05 0)
(11.0492 -1.03216e-05 0)
(11.0492 -8.0782e-06 0)
(11.0491 -6.38581e-06 0)
(11.0491 -5.46082e-06 0)
(11.0491 -4.63688e-06 0)
(11.0491 -4.81745e-06 0)
(11.0491 -5.16828e-06 0)
(11.0491 -6.33208e-06 0)
(11.0491 -7.64651e-06 0)
(11.0491 -9.5338e-06 0)
(11.0491 -1.09393e-05 0)
(11.0491 -1.25304e-05 0)
(11.0491 -1.29156e-05 0)
(11.0491 -1.31572e-05 0)
(11.0491 -1.23267e-05 0)
(11.0491 -1.12378e-05 0)
(11.0491 -9.42076e-06 0)
(11.0491 -7.29642e-06 0)
(11.049 -4.88609e-06 0)
(11.049 -2.27992e-06 0)
(11.049 6.23665e-07 0)
(11.049 3.55078e-06 0)
(11.0489 6.85001e-06 0)
(11.0489 9.83619e-06 0)
(11.0489 1.29007e-05 0)
(11.0488 1.50657e-05 0)
(11.0488 1.66941e-05 0)
(11.0488 1.68059e-05 0)
(11.0487 1.58812e-05 0)
(11.0487 1.3601e-05 0)
(11.0487 1.01936e-05 0)
(11.0487 5.97846e-06 0)
(11.0487 1.37658e-06 0)
(11.0487 -3.28665e-06 0)
(11.0487 -7.57473e-06 0)
(11.0487 -1.13268e-05 0)
(11.0487 -1.4337e-05 0)
(11.0488 -1.66598e-05 0)
(11.0488 -1.82895e-05 0)
(11.0488 -1.94179e-05 0)
(11.0488 -2.00936e-05 0)
(11.0488 -2.05255e-05 0)
(11.0488 -2.07221e-05 0)
(11.0487 -2.08397e-05 0)
(11.0487 -2.08071e-05 0)
(11.0487 -2.07314e-05 0)
(11.0487 -2.04702e-05 0)
(11.0486 -2.0163e-05 0)
(11.0486 -1.96186e-05 0)
(11.0486 -1.90145e-05 0)
(11.0485 -1.81718e-05 0)
(11.0485 -1.72934e-05 0)
(11.0485 -1.63739e-05 0)
(11.0484 -1.56069e-05 0)
(11.0484 -1.68923e-05 0)
(11.0484 -1.62496e-05 0)
(11.0484 -2.93549e-05 0)
(11.0484 5.01732e-05 0)
(11.1489 0.000110107 0)
(11.1491 4.25563e-05 0)
(11.1491 6.52955e-06 0)
(11.1491 6.7958e-06 0)
(11.1492 1.51438e-05 0)
(11.1492 2.12417e-05 0)
(11.1493 2.45071e-05 0)
(11.1494 2.59099e-05 0)
(11.1495 2.60414e-05 0)
(11.1496 2.74026e-05 0)
(11.1497 1.38767e-05 0)
(11.1498 7.71537e-05 0)
(11.15 0.00019354 0)
(11.1502 0.000188286 0)
(11.1505 8.29347e-05 0)
(11.1506 3.95566e-05 0)
(11.1507 3.08324e-05 0)
(11.1508 2.77242e-05 0)
(11.1509 2.37574e-05 0)
(11.1509 1.98679e-05 0)
(11.151 1.62311e-05 0)
(11.151 1.30127e-05 0)
(11.1511 9.88219e-06 0)
(11.1511 6.21529e-06 0)
(11.1511 3.02752e-06 0)
(11.1511 -5.51548e-07 0)
(11.151 -3.56281e-06 0)
(11.151 -6.75116e-06 0)
(11.151 -9.40045e-06 0)
(11.1509 -1.18243e-05 0)
(11.1508 -1.3499e-05 0)
(11.1508 -1.53996e-05 0)
(11.1507 -1.66153e-05 0)
(11.1506 -2.09067e-05 0)
(11.1505 -1.94412e-05 0)
(11.1505 -5.66498e-05 0)
(11.1503 -0.000134675 0)
(11.1502 -0.000152677 0)
(11.15 -0.000109546 0)
(11.1499 -5.67654e-05 0)
(11.1498 -2.63195e-05 0)
(11.1498 -1.45102e-05 0)
(11.1497 -9.45912e-06 0)
(11.1497 -7.24298e-06 0)
(11.1497 -5.63562e-06 0)
(11.1496 -4.78873e-06 0)
(11.1496 -4.06421e-06 0)
(11.1496 -4.33768e-06 0)
(11.1496 -4.79219e-06 0)
(11.1496 -6.06916e-06 0)
(11.1496 -7.48885e-06 0)
(11.1496 -9.45667e-06 0)
(11.1495 -1.09361e-05 0)
(11.1495 -1.2549e-05 0)
(11.1495 -1.29371e-05 0)
(11.1495 -1.31226e-05 0)
(11.1495 -1.22262e-05 0)
(11.1495 -1.10473e-05 0)
(11.1495 -9.11319e-06 0)
(11.1495 -6.87955e-06 0)
(11.1495 -4.35809e-06 0)
(11.1495 -1.63681e-06 0)
(11.1494 1.37961e-06 0)
(11.1494 4.42383e-06 0)
(11.1494 7.82137e-06 0)
(11.1493 1.09005e-05 0)
(11.1493 1.40103e-05 0)
(11.1493 1.61922e-05 0)
(11.1492 1.77619e-05 0)
(11.1492 1.77707e-05 0)
(11.1492 1.66745e-05 0)
(11.1491 1.41663e-05 0)
(11.1491 1.0521e-05 0)
(11.1491 6.06462e-06 0)
(11.1491 1.2443e-06 0)
(11.1491 -3.58651e-06 0)
(11.1491 -7.98116e-06 0)
(11.1492 -1.17649e-05 0)
(11.1492 -1.474e-05 0)
(11.1492 -1.6964e-05 0)
(11.1492 -1.84496e-05 0)
(11.1492 -1.94041e-05 0)
(11.1492 -1.98873e-05 0)
(11.1492 -2.01296e-05 0)
(11.1491 -2.01485e-05 0)
(11.1491 -2.01026e-05 0)
(11.1491 -1.99344e-05 0)
(11.149 -1.97476e-05 0)
(11.149 -1.94067e-05 0)
(11.149 -1.90479e-05 0)
(11.1489 -1.84803e-05 0)
(11.1489 -1.78768e-05 0)
(11.1488 -1.70598e-05 0)
(11.1488 -1.62274e-05 0)
(11.1488 -1.53692e-05 0)
(11.1487 -1.47102e-05 0)
(11.1487 -1.60619e-05 0)
(11.1487 -1.60784e-05 0)
(11.1487 -2.85451e-05 0)
(11.1486 4.71889e-05 0)
(11.2397 0.000101579 0)
(11.2399 3.94219e-05 0)
(11.2399 5.58549e-06 0)
(11.24 5.67105e-06 0)
(11.24 1.3297e-05 0)
(11.2401 1.88576e-05 0)
(11.2402 2.17321e-05 0)
(11.2403 2.28105e-05 0)
(11.2404 2.26877e-05 0)
(11.2405 2.37402e-05 0)
(11.2406 1.12248e-05 0)
(11.2408 7.11415e-05 0)
(11.2409 0.000183636 0)
(11.2412 0.000181682 0)
(11.2414 8.02195e-05 0)
(11.2416 3.69726e-05 0)
(11.2417 2.79028e-05 0)
(11.2418 2.49175e-05 0)
(11.2419 2.13158e-05 0)
(11.242 1.78284e-05 0)
(11.242 1.46031e-05 0)
(11.2421 1.17667e-05 0)
(11.2421 9.08337e-06 0)
(11.2422 5.87187e-06 0)
(11.2422 3.12793e-06 0)
(11.2422 1.14024e-09 0)
(11.2421 -2.59971e-06 0)
(11.2421 -5.40244e-06 0)
(11.242 -7.73789e-06 0)
(11.242 -9.89129e-06 0)
(11.2419 -1.13623e-05 0)
(11.2418 -1.31127e-05 0)
(11.2418 -1.42553e-05 0)
(11.2417 -1.83646e-05 0)
(11.2416 -1.7054e-05 0)
(11.2415 -5.27626e-05 0)
(11.2414 -0.000128234 0)
(11.2412 -0.000147252 0)
(11.241 -0.000105984 0)
(11.2409 -5.49215e-05 0)
(11.2408 -2.50896e-05 0)
(11.2407 -1.33261e-05 0)
(11.2407 -8.33168e-06 0)
(11.2406 -6.16715e-06 0)
(11.2406 -4.66034e-06 0)
(11.2406 -3.9076e-06 0)
(11.2405 -3.29802e-06 0)
(11.2405 -3.67155e-06 0)
(11.2405 -4.24636e-06 0)
(11.2405 -5.62613e-06 0)
(11.2405 -7.15527e-06 0)
(11.2404 -9.19985e-06 0)
(11.2404 -1.07553e-05 0)
(11.2404 -1.23514e-05 0)
(11.2404 -1.27916e-05 0)
(11.2404 -1.29261e-05 0)
(11.2404 -1.19553e-05 0)
(11.2404 -1.07016e-05 0)
(11.2404 -8.6665e-06 0)
(11.2404 -6.3354e-06 0)
(11.2403 -3.71783e-06 0)
(11.2403 -8.98109e-07 0)
(11.2403 2.21233e-06 0)
(11.2402 5.35453e-06 0)
(11.2402 8.82901e-06 0)
(11.2402 1.19816e-05 0)
(11.2401 1.51177e-05 0)
(11.2401 1.73038e-05 0)
(11.2401 1.88067e-05 0)
(11.24 1.87137e-05 0)
(11.24 1.74438e-05 0)
(11.24 1.4738e-05 0)
(11.24 1.08716e-05 0)
(11.24 6.19837e-06 0)
(11.24 1.18437e-06 0)
(11.24 -3.78983e-06 0)
(11.24 -8.26961e-06 0)
(11.24 -1.20659e-05 0)
(11.24 -1.49902e-05 0)
(11.24 -1.71018e-05 0)
(11.24 -1.84324e-05 0)
(11.24 -1.91956e-05 0)
(11.24 -1.94866e-05 0)
(11.2399 -1.95243e-05 0)
(11.2399 -1.93556e-05 0)
(11.2399 -1.91377e-05 0)
(11.2398 -1.88258e-05 0)
(11.2398 -1.85215e-05 0)
(11.2398 -1.80974e-05 0)
(11.2397 -1.76845e-05 0)
(11.2397 -1.70956e-05 0)
(11.2396 -1.64967e-05 0)
(11.2396 -1.57127e-05 0)
(11.2395 -1.49359e-05 0)
(11.2395 -1.41508e-05 0)
(11.2394 -1.36152e-05 0)
(11.2394 -1.50371e-05 0)
(11.2394 -1.57796e-05 0)
(11.2394 -2.74341e-05 0)
(11.2393 4.323e-05 0)
(11.3197 9.09798e-05 0)
(11.32 3.52164e-05 0)
(11.32 4.29621e-06 0)
(11.3201 4.32469e-06 0)
(11.3201 1.11017e-05 0)
(11.3202 1.60096e-05 0)
(11.3203 1.84578e-05 0)
(11.3205 1.92501e-05 0)
(11.3206 1.8947e-05 0)
(11.3207 1.97683e-05 0)
(11.3208 8.24075e-06 0)
(11.321 6.48491e-05 0)
(11.3212 0.000173389 0)
(11.3214 0.000174606 0)
(11.3217 7.71318e-05 0)
(11.3218 3.40826e-05 0)
(11.322 2.46548e-05 0)
(11.3221 2.17785e-05 0)
(11.3222 1.85456e-05 0)
(11.3223 1.54713e-05 0)
(11.3223 1.26761e-05 0)
(11.3224 1.02747e-05 0)
(11.3225 8.04038e-06 0)
(11.3225 5.33072e-06 0)
(11.3225 3.07257e-06 0)
(11.3225 4.43193e-07 0)
(11.3225 -1.69677e-06 0)
(11.3224 -4.06398e-06 0)
(11.3224 -6.03374e-06 0)
(11.3223 -7.86843e-06 0)
(11.3222 -9.08697e-06 0)
(11.3222 -1.06441e-05 0)
(11.3221 -1.16726e-05 0)
(11.322 -1.55606e-05 0)
(11.3219 -1.43582e-05 0)
(11.3218 -4.85166e-05 0)
(11.3216 -0.000121357 0)
(11.3214 -0.000141383 0)
(11.3212 -0.00010203 0)
(11.3211 -5.27485e-05 0)
(11.321 -2.35662e-05 0)
(11.321 -1.1869e-05 0)
(11.3209 -6.94216e-06 0)
(11.3208 -4.84856e-06 0)
(11.3208 -3.4586e-06 0)
(11.3208 -2.81574e-06 0)
(11.3207 -2.33615e-06 0)
(11.3207 -2.81876e-06 0)
(11.3207 -3.52163e-06 0)
(11.3206 -5.00538e-06 0)
(11.3206 -6.64506e-06 0)
(11.3206 -8.764e-06 0)
(11.3206 -1.03967e-05 0)
(11.3206 -1.19774e-05 0)
(11.3205 -1.24736e-05 0)
(11.3205 -1.25647e-05 0)
(11.3205 -1.15362e-05 0)
(11.3205 -1.0206e-05 0)
(11.3205 -8.09423e-06 0)
(11.3205 -5.67594e-06 0)
(11.3204 -2.97793e-06 0)
(11.3204 -7.69268e-08 0)
(11.3204 3.10866e-06 0)
(11.3203 6.32998e-06 0)
(11.3203 9.8612e-06 0)
(11.3203 1.3069e-05 0)
(11.3202 1.62149e-05 0)
(11.3202 1.83951e-05 0)
(11.3202 1.98267e-05 0)
(11.3201 1.96368e-05 0)
(11.3201 1.82065e-05 0)
(11.3201 1.53226e-05 0)
(11.3201 1.12586e-05 0)
(11.3201 6.39561e-06 0)
(11.3201 1.21448e-06 0)
(11.3201 -3.87865e-06 0)
(11.3201 -8.42298e-06 0)
(11.3201 -1.22154e-05 0)
(11.3201 -1.50765e-05 0)
(11.3201 -1.70666e-05 0)
(11.3201 -1.82365e-05 0)
(11.32 -1.8806e-05 0)
(11.32 -1.88943e-05 0)
(11.32 -1.87244e-05 0)
(11.32 -1.83631e-05 0)
(11.3199 -1.79682e-05 0)
(11.3199 -1.75081e-05 0)
(11.3198 -1.70823e-05 0)
(11.3198 -1.65729e-05 0)
(11.3197 -1.61044e-05 0)
(11.3197 -1.54959e-05 0)
(11.3196 -1.49047e-05 0)
(11.3196 -1.41599e-05 0)
(11.3195 -1.34462e-05 0)
(11.3194 -1.27442e-05 0)
(11.3194 -1.23434e-05 0)
(11.3194 -1.3857e-05 0)
(11.3193 -1.53514e-05 0)
(11.3193 -2.59995e-05 0)
(11.3192 3.82523e-05 0)
(11.3874 7.8196e-05 0)
(11.3877 2.96929e-05 0)
(11.3878 2.6713e-06 0)
(11.3878 2.71974e-06 0)
(11.3879 8.5723e-06 0)
(11.388 1.2724e-05 0)
(11.3881 1.47096e-05 0)
(11.3883 1.52505e-05 0)
(11.3884 1.48409e-05 0)
(11.3885 1.5518e-05 0)
(11.3887 4.99223e-06 0)
(11.3888 5.84094e-05 0)
(11.389 0.000162911 0)
(11.3893 0.000167014 0)
(11.3896 7.3589e-05 0)
(11.3897 3.08605e-05 0)
(11.3899 2.11046e-05 0)
(11.39 1.83364e-05 0)
(11.3901 1.54752e-05 0)
(11.3902 1.28263e-05 0)
(11.3903 1.0474e-05 0)
(11.3903 8.54058e-06 0)
(11.3904 6.79761e-06 0)
(11.3904 4.59672e-06 0)
(11.3904 2.88601e-06 0)
(11.3904 7.90869e-07 0)
(11.3904 -8.41891e-07 0)
(11.3904 -2.72437e-06 0)
(11.3903 -4.28003e-06 0)
(11.3903 -5.74758e-06 0)
(11.3902 -6.66826e-06 0)
(11.3901 -7.98842e-06 0)
(11.39 -8.86526e-06 0)
(11.3899 -1.24951e-05 0)
(11.3898 -1.13779e-05 0)
(11.3897 -4.39624e-05 0)
(11.3896 -0.000114102 0)
(11.3893 -0.000135051 0)
(11.3891 -9.76602e-05 0)
(11.389 -5.02045e-05 0)
(11.3889 -2.17224e-05 0)
(11.3888 -1.01274e-05 0)
(11.3887 -5.28642e-06 0)
(11.3887 -3.28369e-06 0)
(11.3886 -2.02827e-06 0)
(11.3886 -1.51271e-06 0)
(11.3885 -1.17801e-06 0)
(11.3885 -1.78075e-06 0)
(11.3885 -2.61876e-06 0)
(11.3884 -4.20951e-06 0)
(11.3884 -5.95993e-06 0)
(11.3884 -8.15225e-06 0)
(11.3884 -9.86059e-06 0)
(11.3883 -1.14508e-05 0)
(11.3883 -1.19752e-05 0)
(11.3883 -1.2033e-05 0)
(11.3883 -1.09688e-05 0)
(11.3883 -9.571e-06 0)
(11.3882 -7.39995e-06 0)
(11.3882 -4.91025e-06 0)
(11.3882 -2.14798e-06 0)
(11.3881 8.16637e-07 0)
(11.3881 4.05905e-06 0)
(11.3881 7.34059e-06 0)
(11.388 1.09098e-05 0)
(11.388 1.41551e-05 0)
(11.388 1.72965e-05 0)
(11.3879 1.94615e-05 0)
(11.3879 2.08206e-05 0)
(11.3879 2.05397e-05 0)
(11.3878 1.89649e-05 0)
(11.3878 1.59253e-05 0)
(11.3878 1.1691e-05 0)
(11.3878 6.66735e-06 0)
(11.3878 1.34763e-06 0)
(11.3878 -3.83915e-06 0)
(11.3878 -8.42711e-06 0)
(11.3878 -1.22001e-05 0)
(11.3878 -1.49875e-05 0)
(11.3878 -1.68495e-05 0)
(11.3878 -1.78551e-05 0)
(11.3877 -1.82284e-05 0)
(11.3877 -1.81126e-05 0)
(11.3877 -1.77341e-05 0)
(11.3876 -1.7178e-05 0)
(11.3876 -1.66042e-05 0)
(11.3875 -1.59934e-05 0)
(11.3875 -1.5444e-05 0)
(11.3874 -1.48478e-05 0)
(11.3874 -1.43235e-05 0)
(11.3873 -1.36964e-05 0)
(11.3872 -1.31163e-05 0)
(11.3872 -1.24157e-05 0)
(11.3871 -1.17721e-05 0)
(11.3871 -1.11618e-05 0)
(11.387 -1.09047e-05 0)
(11.387 -1.2528e-05 0)
(11.3869 -1.48051e-05 0)
(11.3869 -2.42817e-05 0)
(11.3868 3.21513e-05 0)
(11.4407 6.3159e-05 0)
(11.4411 2.30294e-05 0)
(11.4411 7.54895e-07 0)
(11.4412 8.07742e-07 0)
(11.4413 5.69269e-06 0)
(11.4414 9.01095e-06 0)
(11.4415 1.05086e-05 0)
(11.4417 1.08286e-05 0)
(11.4418 1.03782e-05 0)
(11.442 1.10039e-05 0)
(11.4421 1.52888e-06 0)
(11.4423 5.19859e-05 0)
(11.4425 0.000152317 0)
(11.4428 0.000158869 0)
(11.443 6.94604e-05 0)
(11.4432 2.72395e-05 0)
(11.4433 1.72467e-05 0)
(11.4435 1.46123e-05 0)
(11.4436 1.21344e-05 0)
(11.4437 9.92917e-06 0)
(11.4438 8.04239e-06 0)
(11.4438 6.60465e-06 0)
(11.4439 5.3909e-06 0)
(11.4439 3.75218e-06 0)
(11.444 2.58851e-06 0)
(11.444 1.05939e-06 0)
(11.4439 -2.26958e-08 0)
(11.4439 -1.37302e-06 0)
(11.4439 -2.46774e-06 0)
(11.4438 -3.51985e-06 0)
(11.4437 -4.09938e-06 0)
(11.4436 -5.1393e-06 0)
(11.4435 -5.82895e-06 0)
(11.4434 -9.1716e-06 0)
(11.4433 -8.14394e-06 0)
(11.4432 -3.91319e-05 0)
(11.443 -0.000106544 0)
(11.4428 -0.000128171 0)
(11.4426 -9.28831e-05 0)
(11.4424 -4.72527e-05 0)
(11.4423 -1.95319e-05 0)
(11.4422 -8.09031e-06 0)
(11.4422 -3.35911e-06 0)
(11.4421 -1.46962e-06 0)
(11.442 -3.6789e-07 0)
(11.442 1.60537e-09 0)
(11.4419 1.7665e-07 0)
(11.4419 -5.58619e-07 0)
(11.4418 -1.53822e-06 0)
(11.4418 -3.24038e-06 0)
(11.4418 -5.10149e-06 0)
(11.4417 -7.36705e-06 0)
(11.4417 -9.14762e-06 0)
(11.4417 -1.07577e-05 0)
(11.4417 -1.13051e-05 0)
(11.4416 -1.13396e-05 0)
(11.4416 -1.02534e-05 0)
(11.4416 -8.80306e-06 0)
(11.4416 -6.58809e-06 0)
(11.4415 -4.04415e-06 0)
(11.4415 -1.23412e-06 0)
(11.4415 1.7766e-06 0)
(11.4415 5.05825e-06 0)
(11.4414 8.38153e-06 0)
(11.4414 1.19713e-05 0)
(11.4413 1.52368e-05 0)
(11.4413 1.83617e-05 0)
(11.4413 2.05025e-05 0)
(11.4412 2.17899e-05 0)
(11.4412 2.14232e-05 0)
(11.4412 1.97239e-05 0)
(11.4412 1.65509e-05 0)
(11.4412 1.21748e-05 0)
(11.4411 7.02083e-06 0)
(11.4411 1.59239e-06 0)
(11.4411 -3.66216e-06 0)
(11.4411 -8.27221e-06 0)
(11.4411 -1.20107e-05 0)
(11.4411 -1.4714e-05 0)
(11.4411 -1.64428e-05 0)
(11.4411 -1.72813e-05 0)
(11.441 -1.7459e-05 0)
(11.441 -1.71388e-05 0)
(11.441 -1.65522e-05 0)
(11.4409 -1.58005e-05 0)
(11.4409 -1.50468e-05 0)
(11.4408 -1.42837e-05 0)
(11.4408 -1.36094e-05 0)
(11.4407 -1.29253e-05 0)
(11.4406 -1.23452e-05 0)
(11.4406 -1.17007e-05 0)
(11.4405 -1.11347e-05 0)
(11.4404 -1.04831e-05 0)
(11.4404 -9.91591e-06 0)
(11.4403 -9.40603e-06 0)
(11.4402 -9.30014e-06 0)
(11.4402 -1.10531e-05 0)
(11.4401 -1.41341e-05 0)
(11.4402 -2.27185e-05 0)
(11.44 2.45845e-05 0)
(11.4775 4.80658e-05 0)
(11.4779 1.65855e-05 0)
(11.478 -1.04992e-06 0)
(11.478 -1.0926e-06 0)
(11.4781 2.84757e-06 0)
(11.4782 5.36617e-06 0)
(11.4784 6.40235e-06 0)
(11.4785 6.52984e-06 0)
(11.4787 6.07802e-06 0)
(11.4788 6.70584e-06 0)
(11.479 -1.68612e-06 0)
(11.4791 4.60408e-05 0)
(11.4793 0.000142156 0)
(11.4796 0.000150668 0)
(11.4799 6.51194e-05 0)
(11.4801 2.36369e-05 0)
(11.4802 1.35275e-05 0)
(11.4804 1.10492e-05 0)
(11.4805 8.93887e-06 0)
(11.4806 7.16053e-06 0)
(11.4807 5.71987e-06 0)
(11.4808 4.76101e-06 0)
(11.4808 4.04944e-06 0)
(11.4809 2.94849e-06 0)
(11.4809 2.27781e-06 0)
(11.4809 1.24148e-06 0)
(11.4809 6.83774e-07 0)
(11.4808 -1.58042e-07 0)
(11.4808 -8.02543e-07 0)
(11.4807 -1.43906e-06 0)
(11.4806 -1.67769e-06 0)
(11.4805 -2.42665e-06 0)
(11.4804 -2.92099e-06 0)
(11.4803 -5.96886e-06 0)
(11.4802 -4.99635e-06 0)
(11.4801 -3.4454e-05 0)
(11.4799 -9.91106e-05 0)
(11.4797 -0.000121143 0)
(11.4795 -8.79682e-05 0)
(11.4793 -4.4192e-05 0)
(11.4792 -1.72749e-05 0)
(11.4791 -6.02631e-06 0)
(11.479 -1.41387e-06 0)
(11.4789 3.563e-07 0)
(11.4789 1.3042e-06 0)
(11.4788 1.52709e-06 0)
(11.4788 1.5462e-06 0)
(11.4787 6.80856e-07 0)
(11.4787 -4.32398e-07 0)
(11.4786 -2.24e-06 0)
(11.4786 -4.20192e-06 0)
(11.4786 -6.53406e-06 0)
(11.4785 -8.37739e-06 0)
(11.4785 -1.00099e-05 0)
(11.4785 -1.05814e-05 0)
(11.4785 -1.06022e-05 0)
(11.4784 -9.50465e-06 0)
(11.4784 -8.01854e-06 0)
(11.4784 -5.77502e-06 0)
(11.4783 -3.19575e-06 0)
(11.4783 -3.54314e-07 0)
(11.4783 2.68558e-06 0)
(11.4783 5.99071e-06 0)
(11.4782 9.33911e-06 0)
(11.4782 1.29361e-05 0)
(11.4782 1.62084e-05 0)
(11.4781 1.9311e-05 0)
(11.4781 2.1424e-05 0)
(11.4781 2.26488e-05 0)
(11.478 2.22084e-05 0)
(11.478 2.0413e-05 0)
(11.478 1.7135e-05 0)
(11.478 1.26515e-05 0)
(11.478 7.40155e-06 0)
(11.4779 1.89595e-06 0)
(11.4779 -3.40232e-06 0)
(11.4779 -8.01829e-06 0)
(11.4779 -1.17169e-05 0)
(11.4779 -1.43388e-05 0)
(11.4779 -1.59458e-05 0)
(11.4778 -1.66333e-05 0)
(11.4778 -1.66358e-05 0)
(11.4778 -1.61313e-05 0)
(11.4777 -1.5357e-05 0)
(11.4777 -1.44269e-05 0)
(11.4776 -1.35087e-05 0)
(11.4776 -1.26049e-05 0)
(11.4775 -1.18149e-05 0)
(11.4774 -1.10477e-05 0)
(11.4774 -1.04146e-05 0)
(11.4773 -9.75229e-06 0)
(11.4772 -9.19855e-06 0)
(11.4772 -8.59216e-06 0)
(11.4771 -8.09643e-06 0)
(11.477 -7.6829e-06 0)
(11.477 -7.71562e-06 0)
(11.4769 -9.61614e-06 0)
(11.4769 -1.34146e-05 0)
(11.4769 -2.17198e-05 0)
(11.4767 1.59366e-05 0)
(11.496 2.67427e-05 0)
(11.4963 7.54867e-06 0)
(11.4964 -3.37144e-06 0)
(11.4965 -2.84041e-06 0)
(11.4966 9.83115e-08 0)
(11.4967 1.64481e-06 0)
(11.4969 2.04481e-06 0)
(11.497 1.86026e-06 0)
(11.4972 1.34567e-06 0)
(11.4973 1.7135e-06 0)
(11.4975 -5.60432e-06 0)
(11.4976 4.0678e-05 0)
(11.4978 0.00013289 0)
(11.4982 0.000141741 0)
(11.4984 5.93266e-05 0)
(11.4986 1.89017e-05 0)
(11.4987 9.01827e-06 0)
(11.4989 6.87043e-06 0)
(11.499 5.20141e-06 0)
(11.4991 3.88875e-06 0)
(11.4992 2.91213e-06 0)
(11.4993 2.44426e-06 0)
(11.4993 2.23903e-06 0)
(11.4994 1.69329e-06 0)
(11.4994 1.68217e-06 0)
(11.4994 1.5105e-06 0)
(11.4994 1.65716e-06 0)
(11.4994 1.40136e-06 0)
(11.4993 1.21396e-06 0)
(11.4992 9.93281e-07 0)
(11.4992 1.08589e-06 0)
(11.4991 6.22216e-07 0)
(11.499 3.01255e-07 0)
(11.4989 -2.51583e-06 0)
(11.4987 -1.68572e-06 0)
(11.4986 -2.96079e-05 0)
(11.4984 -9.11779e-05 0)
(11.4982 -0.000113262 0)
(11.498 -8.24603e-05 0)
(11.4978 -4.0789e-05 0)
(11.4977 -1.4758e-05 0)
(11.4976 -3.77026e-06 0)
(11.4975 6.76675e-07 0)
(11.4974 2.28266e-06 0)
(11.4974 3.05042e-06 0)
(11.4973 3.11235e-06 0)
(11.4973 2.9762e-06 0)
(11.4972 1.98519e-06 0)
(11.4972 7.4994e-07 0)
(11.4971 -1.15463e-06 0)
(11.4971 -3.20154e-06 0)
(11.4971 -5.5851e-06 0)
(11.497 -7.47348e-06 0)
(11.497 -9.12227e-06 0)
(11.497 -9.71382e-06 0)
(11.4969 -9.72648e-06 0)
(11.4969 -8.62239e-06 6.82169e-36)
(11.4969 -7.11468e-06 0)
(11.4968 -4.8585e-06 0)
(11.4968 -2.26744e-06 0)
(11.4968 5.81362e-07 0)
(11.4967 3.62794e-06 0)
(11.4967 6.93798e-06 0)
(11.4967 1.02865e-05 0)
(11.4967 1.38683e-05 0)
(11.4966 1.7125e-05 0)
(11.4966 2.01888e-05 0)
(11.4966 2.22586e-05 0)
(11.4965 2.34235e-05 6.57675e-36)
(11.4965 2.29179e-05 6.52549e-36)
(11.4965 2.10487e-05 0)
(11.4965 1.76939e-05 -6.52469e-36)
(11.4965 1.31434e-05 0)
(11.4964 7.84135e-06 -6.66154e-36)
(11.4964 2.30713e-06 0)
(11.4964 -2.98855e-06 6.83065e-36)
(11.4964 -7.56782e-06 0)
(11.4964 -1.11912e-05 0)
(11.4964 -1.37043e-05 0)
(11.4963 -1.51715e-05 7.1648e-36)
(11.4963 -1.56952e-05 0)
(11.4963 -1.55189e-05 0)
(11.4962 -1.48302e-05 0)
(11.4962 -1.38722e-05 0)
(11.4961 -1.27718e-05 0)
(11.4961 -1.16988e-05 0)
(11.496 -1.0663e-05 0)
(11.4959 -9.77289e-06 0)
(11.4959 -8.93873e-06 0)
(11.4958 -8.26966e-06 0)
(11.4957 -7.60835e-06 0)
(11.4957 -7.0864e-06 7.98981e-36)
(11.4956 -6.54368e-06 0)
(11.4955 -6.14181e-06 0)
(11.4955 -5.84088e-06 8.27357e-36)
(11.4954 -6.04684e-06 0)
(11.4953 -8.12032e-06 -1.70368e-35)
(11.4953 -1.30443e-05 0)
(11.4953 -1.55875e-05 0)
(11.4952 9.04077e-06 0)
(11.495 1.14575e-05 0)
(11.4954 1.82471e-06 0)
(11.4955 -5.97944e-06 0)
(11.4956 -5.83169e-06 0)
(11.4957 -3.81179e-06 0)
(11.4958 -3.01522e-06 0)
(11.4959 -3.03639e-06 0)
(11.4961 -3.35524e-06 0)
(11.4962 -3.76635e-06 0)
(11.4964 -3.00905e-06 0)
(11.4965 -9.08731e-06 0)
(11.4967 3.40458e-05 0)
(11.4969 0.00012133 0)
(11.4972 0.00013113 0)
(11.4975 5.32604e-05 0)
(11.4977 1.41654e-05 0)
(11.4978 4.59871e-06 0)
(11.4979 2.79084e-06 0)
(11.4981 1.56464e-06 0)
(11.4982 7.41275e-07 0)
(11.4983 2.72829e-07 0)
(11.4984 3.79235e-07 0)
(11.4984 7.71942e-07 0)
(11.4985 8.94505e-07 0)
(11.4985 1.43035e-06 0)
(11.4985 1.70112e-06 0)
(11.4985 2.31753e-06 0)
(11.4984 2.6743e-06 0)
(11.4984 3.05572e-06 0)
(11.4983 3.36844e-06 0)
(11.4982 3.88174e-06 0)
(11.4981 3.78571e-06 0)
(11.498 3.71276e-06 0)
(11.4979 1.20711e-06 0)
(11.4978 1.75007e-06 0)
(11.4977 -2.50122e-05 0)
(11.4975 -8.39015e-05 0)
(11.4973 -0.000105074 0)
(11.497 -7.53939e-05 0)
(11.4969 -3.56471e-05 0)
(11.4968 -1.10582e-05 0)
(11.4967 -8.07916e-07 0)
(11.4966 3.26443e-06 0)
(11.4965 4.62961e-06 0)
(11.4965 5.18022e-06 0)
(11.4964 5.04226e-06 0)
(11.4963 4.71164e-06 0)
(11.4963 3.55539e-06 0)
(11.4963 2.17514e-06 0)
(11.4962 1.54182e-07 0)
(11.4962 -1.99601e-06 0)
(11.4961 -4.4569e-06 0)
(11.4961 -6.40847e-06 0)
(11.4961 -8.09198e-06 0)
(11.496 -8.71016e-06 0)
(11.496 -8.72888e-06 0)
(11.496 -7.63178e-06 -6.81867e-36)
(11.496 -6.11605e-06 0)
(11.4959 -3.84688e-06 0)
(11.4959 -1.24358e-06 0)
(11.4959 1.61611e-06 0)
(11.4958 4.66618e-06 0)
(11.4958 7.97145e-06 0)
(11.4958 1.13175e-05 0)
(11.4957 1.4885e-05 0)
(11.4957 1.81213e-05 0)
(11.4957 2.11542e-05 0)
(11.4957 2.31803e-05 0)
(11.4956 2.42894e-05 -6.57381e-36)
(11.4956 2.37186e-05 -6.52255e-36)
(11.4956 2.17865e-05 0)
(11.4956 1.83628e-05 6.52169e-36)
(11.4956 1.37476e-05 0)
(11.4955 8.3917e-06 6.65844e-36)
(11.4955 2.82083e-06 0)
(11.4955 -2.48667e-06 -6.82744e-36)
(11.4955 -7.04504e-06 0)
(11.4955 -1.06121e-05 0)
(11.4955 -1.30314e-05 0)
(11.4954 -1.43706e-05 -7.16139e-36)
(11.4954 -1.47384e-05 0)
(11.4954 -1.43836e-05 0)
(11.4953 -1.35025e-05 0)
(11.4953 -1.23487e-05 0)
(11.4952 -1.10547e-05 0)
(11.4952 -9.80208e-06 0)
(11.4951 -8.6081e-06 0)
(11.495 -7.58286e-06 0)
(11.4949 -6.64559e-06 0)
(11.4949 -5.90994e-06 0)
(11.4948 -5.21763e-06 0)
(11.4947 -4.70271e-06 -7.98604e-36)
(11.4947 -4.20388e-06 0)
(11.4946 -3.87691e-06 0)
(11.4945 -3.68574e-06 -8.26967e-36)
(11.4945 -4.03212e-06 0)
(11.4944 -6.29975e-06 1.70287e-35)
(11.4943 -1.18626e-05 0)
(11.4943 -1.88162e-05 0)
(11.4942 -4.01573e-06 0)
(11.4748 -6.0977e-06 0)
(11.4751 -5.79227e-06 0)
(11.4752 -8.54688e-06 0)
(11.4753 -7.94831e-06 0)
(11.4754 -6.76539e-06 0)
(11.4755 -6.79765e-06 0)
(11.4756 -7.33989e-06 0)
(11.4758 -7.89285e-06 0)
(11.4759 -8.2995e-06 0)
(11.4761 -7.50737e-06 0)
(11.4762 -1.26065e-05 0)
(11.4764 2.85648e-05 0)
(11.4766 0.000111917 0)
(11.4769 0.00012196 0)
(11.4772 4.72454e-05 0)
(11.4773 9.60914e-06 0)
(11.4775 4.74367e-07 0)
(11.4776 -9.90935e-07 0)
(11.4777 -1.83937e-06 0)
(11.4778 -2.25074e-06 0)
(11.4779 -2.29387e-06 0)
(11.478 -1.69494e-06 0)
(11.4781 -7.98751e-07 0)
(11.4781 -9.61469e-08 0)
(11.4781 1.03405e-06 0)
(11.4781 1.96933e-06 0)
(11.4781 3.1394e-06 0)
(11.4781 4.04109e-06 0)
(11.478 4.87976e-06 0)
(11.4779 5.62395e-06 0)
(11.4779 6.4585e-06 0)
(11.4778 6.64531e-06 0)
(11.4777 6.73284e-06 0)
(11.4776 4.43415e-06 0)
(11.4775 4.61513e-06 0)
(11.4773 -2.13119e-05 0)
(11.4772 -7.76968e-05 0)
(11.4769 -9.77945e-05 0)
(11.4767 -6.91861e-05 0)
(11.4766 -3.12012e-05 0)
(11.4765 -7.87338e-06 0)
(11.4764 1.68812e-06 0)
(11.4763 5.39762e-06 0)
(11.4762 6.52082e-06 0)
(11.4762 6.87268e-06 0)
(11.4761 6.56637e-06 0)
(11.4761 6.08551e-06 0)
(11.476 4.80846e-06 0)
(11.476 3.33301e-06 0)
(11.4759 1.24142e-06 0)
(11.4759 -9.62046e-07 0)
(11.4759 -3.45698e-06 0)
(11.4758 -5.43326e-06 0)
(11.4758 -7.1293e-06 0)
(11.4758 -7.7605e-06 0)
(11.4757 -7.78665e-06 0)
(11.4757 -6.70387e-06 0)
(11.4757 -5.20173e-06 0)
(11.4757 -2.9445e-06 0)
(11.4756 -3.60185e-07 0)
(11.4756 2.48033e-06 0)
(11.4756 5.50631e-06 0)
(11.4755 8.78205e-06 0)
(11.4755 1.20951e-05 0)
(11.4755 1.56211e-05 0)
(11.4755 1.88109e-05 0)
(11.4754 2.17956e-05 0)
(11.4754 2.37653e-05 0)
(11.4754 2.48283e-05 0)
(11.4754 2.42129e-05 0)
(11.4754 2.2255e-05 0)
(11.4754 1.88139e-05 0)
(11.4753 1.42003e-05 0)
(11.4753 8.8607e-06 0)
(11.4753 3.32418e-06 0)
(11.4753 -1.93275e-06 0)
(11.4753 -6.42015e-06 0)
(11.4753 -9.89755e-06 0)
(11.4752 -1.22076e-05 0)
(11.4752 -1.34214e-05 0)
(11.4752 -1.36488e-05 0)
(11.4751 -1.31458e-05 0)
(11.4751 -1.21101e-05 0)
(11.475 -1.08036e-05 0)
(11.475 -9.36233e-06 0)
(11.4749 -7.97577e-06 0)
(11.4749 -6.66526e-06 0)
(11.4748 -5.5475e-06 0)
(11.4747 -4.54396e-06 0)
(11.4746 -3.77303e-06 0)
(11.4746 -3.07557e-06 0)
(11.4745 -2.58773e-06 0)
(11.4744 -2.14514e-06 0)
(11.4744 -1.90334e-06 0)
(11.4743 -1.8185e-06 0)
(11.4742 -2.31719e-06 0)
(11.4742 -4.73376e-06 0)
(11.4741 -1.12684e-05 0)
(11.4741 -1.59103e-05 0)
(11.474 -1.30832e-05 0)
(11.4363 -2.2242e-05 0)
(11.4366 -1.29963e-05 0)
(11.4367 -1.1002e-05 0)
(11.4368 -9.76712e-06 0)
(11.4369 -9.48725e-06 0)
(11.437 -1.03595e-05 0)
(11.4371 -1.14009e-05 0)
(11.4372 -1.21857e-05 0)
(11.4374 -1.26086e-05 0)
(11.4375 -1.18075e-05 0)
(11.4377 -1.59574e-05 0)
(11.4378 2.36986e-05 0)
(11.438 0.000103464 0)
(11.4383 0.000113181 0)
(11.4386 4.12885e-05 0)
(11.4388 5.09873e-06 0)
(11.4389 -3.47827e-06 0)
(11.439 -4.55241e-06 0)
(11.4391 -5.0253e-06 0)
(11.4392 -5.03359e-06 0)
(11.4393 -4.66001e-06 0)
(11.4394 -3.57317e-06 0)
(11.4395 -2.18744e-06 0)
(11.4395 -9.21661e-07 0)
(11.4395 7.56503e-07 0)
(11.4395 2.27288e-06 0)
(11.4395 3.98537e-06 0)
(11.4394 5.39131e-06 0)
(11.4394 6.65661e-06 0)
(11.4393 7.80511e-06 0)
(11.4392 8.93004e-06 0)
(11.4392 9.37575e-06 0)
(11.4391 9.59731e-06 0)
(11.439 7.47108e-06 0)
(11.4389 7.26034e-06 0)
(11.4387 -1.8036e-05 0)
(11.4386 -7.21989e-05 0)
(11.4384 -9.11939e-05 0)
(11.4382 -6.34548e-05 0)
(11.438 -2.70562e-05 0)
(11.4379 -4.89096e-06 0)
(11.4378 3.99937e-06 0)
(11.4378 7.35736e-06 0)
(11.4377 8.2394e-06 0)
(11.4377 8.3991e-06 0)
(11.4376 7.93346e-06 0)
(11.4376 7.31694e-06 0)
(11.4375 5.93272e-06 0)
(11.4375 4.38017e-06 0)
(11.4375 2.23313e-06 0)
(11.4374 -5.05936e-09 0)
(11.4374 -2.51936e-06 0)
(11.4374 -4.50537e-06 0)
(11.4373 -6.20608e-06 0)
(11.4373 -6.8431e-06 0)
(11.4373 -6.87659e-06 0)
(11.4372 -5.80845e-06 0)
(11.4372 -4.32653e-06 0)
(11.4372 -2.08721e-06 0)
(11.4371 4.68944e-07 0)
(11.4371 3.28267e-06 0)
(11.4371 6.27619e-06 0)
(11.4371 9.515e-06 0)
(11.437 1.27857e-05 0)
(11.437 1.62622e-05 0)
(11.437 1.93963e-05 0)
(11.437 2.23259e-05 0)
(11.437 2.42316e-05 0)
(11.437 2.52488e-05 0)
(11.437 2.45959e-05 0)
(11.4369 2.26217e-05 0)
(11.4369 1.91742e-05 0)
(11.4369 1.45795e-05 0)
(11.4369 9.2744e-06 0)
(11.4369 3.79041e-06 0)
(11.4369 -1.40096e-06 0)
(11.4369 -5.8054e-06 0)
(11.4368 -9.18644e-06 0)
(11.4368 -1.1384e-05 0)
(11.4368 -1.24744e-05 0)
(11.4367 -1.25657e-05 0)
(11.4367 -1.19214e-05 0)
(11.4367 -1.07389e-05 0)
(11.4366 -9.28903e-06 0)
(11.4366 -7.7088e-06 0)
(11.4365 -6.19694e-06 0)
(11.4364 -4.7766e-06 0)
(11.4364 -3.57253e-06 0)
(11.4363 -2.50712e-06 0)
(11.4362 -1.70449e-06 0)
(11.4362 -1.00355e-06 0)
(11.4361 -5.43811e-07 0)
(11.436 -1.56562e-07 0)
(11.4359 9.87358e-10 0)
(11.4359 -1.66239e-08 0)
(11.4358 -6.68178e-07 0)
(11.4358 -3.20975e-06 0)
(11.4357 -1.07356e-05 0)
(11.4357 -1.27352e-05 0)
(11.4356 -2.15595e-05 0)
(11.3815 -3.75789e-05 0)
(11.3818 -1.96996e-05 0)
(11.3819 -1.36611e-05 0)
(11.3819 -1.15263e-05 0)
(11.382 -1.2168e-05 0)
(11.3821 -1.38927e-05 0)
(11.3822 -1.54471e-05 0)
(11.3823 -1.64955e-05 0)
(11.3825 -1.69731e-05 0)
(11.3826 -1.6172e-05 0)
(11.3828 -1.93335e-05 0)
(11.3829 1.91776e-05 0)
(11.3831 9.5414e-05 0)
(11.3834 0.000104239 0)
(11.3836 3.48722e-05 0)
(11.3838 2.15787e-07 0)
(11.3839 -7.62173e-06 0)
(11.3841 -8.20136e-06 0)
(11.3842 -8.25013e-06 0)
(11.3843 -7.82489e-06 0)
(11.3843 -7.01031e-06 0)
(11.3844 -5.41363e-06 0)
(11.3845 -3.52175e-06 0)
(11.3845 -1.67405e-06 0)
(11.3845 5.56639e-07 0)
(11.3845 2.64988e-06 0)
(11.3845 4.89331e-06 0)
(11.3844 6.81181e-06 0)
(11.3844 8.50046e-06 0)
(11.3843 1.00435e-05 0)
(11.3842 1.14427e-05 0)
(11.3842 1.21324e-05 0)
(11.3841 1.24689e-05 0)
(11.384 1.04822e-05 0)
(11.3839 9.85083e-06 0)
(11.3838 -1.48644e-05 0)
(11.3836 -6.69558e-05 0)
(11.3834 -8.47914e-05 0)
(11.3832 -5.78503e-05 0)
(11.3831 -2.30028e-05 0)
(11.383 -1.99098e-06 0)
(11.3829 6.2161e-06 0)
(11.3829 9.21877e-06 0)
(11.3828 9.85437e-06 0)
(11.3828 9.82155e-06 0)
(11.3827 9.19975e-06 0)
(11.3827 8.45731e-06 0)
(11.3827 6.97907e-06 0)
(11.3826 5.36794e-06 0)
(11.3826 3.18376e-06 0)
(11.3826 9.32043e-07 0)
(11.3826 -1.58273e-06 0)
(11.3825 -3.56076e-06 0)
(11.3825 -5.25537e-06 0)
(11.3825 -5.8918e-06 0)
(11.3824 -5.93416e-06 0)
(11.3824 -4.88518e-06 0)
(11.3824 -3.43345e-06 0)
(11.3824 -1.22365e-06 0)
(11.3823 1.28934e-06 0)
(11.3823 4.06115e-06 0)
(11.3823 7.00568e-06 0)
(11.3823 1.01916e-05 0)
(11.3822 1.34021e-05 0)
(11.3822 1.68118e-05 0)
(11.3822 1.9873e-05 0)
(11.3822 2.27304e-05 0)
(11.3822 2.45651e-05 0)
(11.3822 2.55343e-05 0)
(11.3822 2.48598e-05 0)
(11.3822 2.28768e-05 0)
(11.3822 1.94426e-05 0)
(11.3822 1.48948e-05 0)
(11.3822 9.65455e-06 0)
(11.3821 4.25379e-06 0)
(11.3821 -8.44579e-07 0)
(11.3821 -5.14361e-06 0)
(11.3821 -8.41187e-06 0)
(11.3821 -1.04863e-05 0)
(11.382 -1.14481e-05 0)
(11.382 -1.14014e-05 0)
(11.3819 -1.06167e-05 0)
(11.3819 -9.28976e-06 0)
(11.3819 -7.69896e-06 0)
(11.3818 -5.98218e-06 0)
(11.3817 -4.34726e-06 0)
(11.3817 -2.81805e-06 0)
(11.3816 -1.52891e-06 0)
(11.3816 -4.02777e-07 0)
(11.3815 4.29913e-07 0)
(11.3814 1.13269e-06 0)
(11.3813 1.56163e-06 0)
(11.3813 1.8912e-06 0)
(11.3812 1.96048e-06 0)
(11.3812 1.83838e-06 0)
(11.3811 1.02594e-06 0)
(11.3811 -1.63335e-06 0)
(11.381 -1.02306e-05 0)
(11.381 -1.03927e-05 0)
(11.3809 -2.915e-05 0)
(11.3125 -5.04924e-05 0)
(11.3128 -2.5424e-05 0)
(11.3129 -1.58809e-05 0)
(11.3129 -1.30088e-05 0)
(11.3129 -1.45123e-05 0)
(11.313 -1.69968e-05 0)
(11.3131 -1.90362e-05 0)
(11.3133 -2.03756e-05 0)
(11.3134 -2.09639e-05 0)
(11.3135 -2.02013e-05 0)
(11.3136 -2.24264e-05 0)
(11.3138 1.51048e-05 0)
(11.314 8.79321e-05 0)
(11.3142 9.56552e-05 0)
(11.3145 2.85944e-05 0)
(11.3146 -4.47791e-06 0)
(11.3148 -1.15011e-05 0)
(11.3149 -1.15584e-05 0)
(11.315 -1.1185e-05 0)
(11.3151 -1.034e-05 0)
(11.3151 -9.10325e-06 0)
(11.3152 -7.02218e-06 0)
(11.3152 -4.65563e-06 0)
(11.3153 -2.25986e-06 0)
(11.3153 4.84136e-07 0)
(11.3153 3.11072e-06 0)
(11.3152 5.83152e-06 0)
(11.3152 8.21088e-06 0)
(11.3151 1.02707e-05 0)
(11.3151 1.21541e-05 0)
(11.315 1.37753e-05 0)
(11.3149 1.46617e-05 0)
(11.3148 1.50712e-05 0)
(11.3148 1.31777e-05 0)
(11.3147 1.2127e-05 0)
(11.3146 -1.20807e-05 0)
(11.3144 -6.22245e-05 0)
(11.3143 -7.89118e-05 0)
(11.3141 -5.27097e-05 0)
(11.314 -1.93504e-05 0)
(11.3139 5.48782e-07 0)
(11.3138 8.09322e-06 0)
(11.3138 1.07569e-05 0)
(11.3137 1.11623e-05 0)
(11.3137 1.09561e-05 0)
(11.3137 1.01993e-05 0)
(11.3136 9.35514e-06 0)
(11.3136 7.80908e-06 0)
(11.3136 6.16769e-06 0)
(11.3136 3.97426e-06 0)
(11.3135 1.73717e-06 0)
(11.3135 -7.53151e-07 0)
(11.3135 -2.70205e-06 0)
(11.3135 -4.37614e-06 0)
(11.3134 -5.00354e-06 0)
(11.3134 -5.05371e-06 0)
(11.3134 -4.02764e-06 0)
(11.3134 -2.6144e-06 0)
(11.3133 -4.44939e-07 0)
(11.3133 2.012e-06 0)
(11.3133 4.72832e-06 0)
(11.3133 7.60951e-06 0)
(11.3132 1.07277e-05 0)
(11.3132 1.38621e-05 0)
(11.3132 1.7189e-05 0)
(11.3132 2.01624e-05 0)
(11.3132 2.29353e-05 0)
(11.3132 2.46968e-05 0)
(11.3132 2.56179e-05 0)
(11.3132 2.4926e-05 0)
(11.3132 2.2952e-05 0)
(11.3132 1.95563e-05 0)
(11.3132 1.50846e-05 0)
(11.3132 9.94e-06 0)
(11.3132 4.65212e-06 0)
(11.3132 -3.28348e-07 0)
(11.3132 -4.50394e-06 0)
(11.3131 -7.64966e-06 0)
(11.3131 -9.59905e-06 0)
(11.3131 -1.04379e-05 0)
(11.313 -1.0264e-05 0)
(11.313 -9.35401e-06 0)
(11.313 -7.89939e-06 0)
(11.3129 -6.18527e-06 0)
(11.3129 -4.34881e-06 0)
(11.3128 -2.60631e-06 0)
(11.3128 -9.81292e-07 0)
(11.3127 3.82161e-07 0)
(11.3126 1.56086e-06 0)
(11.3126 2.41825e-06 0)
(11.3125 3.12e-06 0)
(11.3124 3.51801e-06 0)
(11.3124 3.79231e-06 0)
(11.3123 3.7778e-06 0)
(11.3123 3.55887e-06 0)
(11.3122 2.59364e-06 0)
(11.3122 -1.67585e-07 0)
(11.3121 -9.83083e-06 0)
(11.3121 -8.3739e-06 0)
(11.312 -3.54288e-05 0)
(11.2314 -6.11621e-05 0)
(11.2316 -3.02364e-05 0)
(11.2317 -1.74396e-05 0)
(11.2317 -1.42501e-05 0)
(11.2317 -1.65332e-05 0)
(11.2318 -1.96691e-05 0)
(11.2319 -2.21603e-05 0)
(11.232 -2.38216e-05 0)
(11.2321 -2.45834e-05 0)
(11.2322 -2.39089e-05 0)
(11.2324 -2.52727e-05 0)
(11.2325 1.13686e-05 0)
(11.2327 8.09146e-05 0)
(11.2329 8.74657e-05 0)
(11.2331 2.26024e-05 0)
(11.2333 -8.88364e-06 0)
(11.2334 -1.50688e-05 0)
(11.2335 -1.46012e-05 0)
(11.2336 -1.38141e-05 0)
(11.2337 -1.25643e-05 0)
(11.2337 -1.09227e-05 0)
(11.2338 -8.38302e-06 0)
(11.2338 -5.57053e-06 0)
(11.2338 -2.66169e-06 0)
(11.2338 5.57454e-07 0)
(11.2338 3.67238e-06 0)
(11.2338 6.82165e-06 0)
(11.2338 9.60823e-06 0)
(11.2337 1.19871e-05 0)
(11.2337 1.41556e-05 0)
(11.2336 1.59478e-05 0)
(11.2335 1.69826e-05 0)
(11.2334 1.7424e-05 0)
(11.2334 1.5578e-05 0)
(11.2333 1.41099e-05 0)
(11.2332 -9.64276e-06 0)
(11.2331 -5.79463e-05 0)
(11.2329 -7.35551e-05 0)
(11.2328 -4.80675e-05 0)
(11.2326 -1.6132e-05 0)
(11.2326 2.70887e-06 0)
(11.2325 9.62733e-06 0)
(11.2325 1.19728e-05 0)
(11.2325 1.21678e-05 0)
(11.2324 1.18077e-05 0)
(11.2324 1.09371e-05 0)
(11.2324 1.00142e-05 0)
(11.2324 8.42595e-06 0)
(11.2324 6.7806e-06 0)
(11.2323 4.6053e-06 0)
(11.2323 2.40971e-06 0)
(11.2323 -3.14846e-08 0)
(11.2323 -1.93129e-06 0)
(11.2323 -3.57033e-06 0)
(11.2322 -4.18087e-06 0)
(11.2322 -4.23695e-06 0)
(11.2322 -3.23764e-06 0)
(11.2322 -1.86991e-06 0)
(11.2321 2.48686e-07 0)
(11.2321 2.63795e-06 0)
(11.2321 5.28614e-06 0)
(11.2321 8.09039e-06 0)
(11.2321 1.11263e-05 0)
(11.2321 1.41689e-05 0)
(11.232 1.73968e-05 0)
(11.232 2.02679e-05 0)
(11.232 2.29463e-05 0)
(11.2321 2.46313e-05 0)
(11.2321 2.54949e-05 0)
(11.2321 2.47794e-05 0)
(11.2321 2.28437e-05 0)
(11.2321 1.95123e-05 0)
(11.2321 1.51444e-05 0)
(11.2321 1.0125e-05 0)
(11.2321 4.97846e-06 0)
(11.2321 1.40449e-07 0)
(11.232 -3.89416e-06 0)
(11.232 -6.90709e-06 0)
(11.232 -8.72948e-06 0)
(11.232 -9.44985e-06 0)
(11.2319 -9.15932e-06 0)
(11.2319 -8.13779e-06 0)
(11.2319 -6.57214e-06 0)
(11.2318 -4.75153e-06 0)
(11.2318 -2.81231e-06 0)
(11.2317 -9.77466e-07 0)
(11.2317 7.29819e-07 0)
(11.2316 2.15643e-06 0)
(11.2315 3.3788e-06 0)
(11.2315 4.25485e-06 0)
(11.2314 4.95206e-06 0)
(11.2314 5.3184e-06 0)
(11.2313 5.53931e-06 0)
(11.2313 5.44521e-06 0)
(11.2312 5.13682e-06 0)
(11.2312 4.02825e-06 0)
(11.2311 1.1825e-06 0)
(11.2311 -9.52473e-06 0)
(11.2311 -6.66009e-06 0)
(11.231 -4.04481e-05 0)
(11.1397 -6.97111e-05 0)
(11.1399 -3.39689e-05 0)
(11.1399 -1.85568e-05 0)
(11.1399 -1.52578e-05 0)
(11.14 -1.82069e-05 0)
(11.1401 -2.18853e-05 0)
(11.1401 -2.47962e-05 0)
(11.1402 -2.68103e-05 0)
(11.1403 -2.78077e-05 0)
(11.1404 -2.72741e-05 0)
(11.1405 -2.78633e-05 0)
(11.1406 7.92673e-06 0)
(11.1408 7.43136e-05 0)
(11.141 7.97322e-05 0)
(11.1412 1.69972e-05 0)
(11.1414 -1.29204e-05 0)
(11.1415 -1.82761e-05 0)
(11.1416 -1.72971e-05 0)
(11.1417 -1.61094e-05 0)
(11.1417 -1.44725e-05 0)
(11.1418 -1.24456e-05 0)
(11.1418 -9.4765e-06 0)
(11.1418 -6.24905e-06 0)
(11.1418 -2.86629e-06 0)
(11.1418 7.86445e-07 0)
(11.1418 4.34037e-06 0)
(11.1418 7.86794e-06 0)
(11.1418 1.10064e-05 0)
(11.1417 1.36522e-05 0)
(11.1416 1.60504e-05 0)
(11.1416 1.79642e-05 0)
(11.1415 1.91004e-05 0)
(11.1414 1.95353e-05 0)
(11.1414 1.76951e-05 0)
(11.1413 1.58237e-05 0)
(11.1412 -7.5081e-06 0)
(11.1411 -5.40615e-05 0)
(11.141 -6.87042e-05 0)
(11.1408 -4.39324e-05 0)
(11.1407 -1.33588e-05 0)
(11.1407 4.48536e-06 0)
(11.1407 1.08222e-05 0)
(11.1406 1.28728e-05 0)
(11.1406 1.28806e-05 0)
(11.1406 1.23856e-05 0)
(11.1406 1.14216e-05 0)
(11.1406 1.04409e-05 0)
(11.1406 8.83451e-06 0)
(11.1405 7.20899e-06 0)
(11.1405 5.07755e-06 0)
(11.1405 2.9482e-06 0)
(11.1405 5.79559e-07 0)
(11.1405 -1.25295e-06 0)
(11.1405 -2.84313e-06 0)
(11.1404 -3.4301e-06 0)
(11.1404 -3.49015e-06 0)
(11.1404 -2.52168e-06 0)
(11.1404 -1.20569e-06 0)
(11.1403 8.51811e-07 0)
(11.1403 3.16291e-06 0)
(11.1403 5.73075e-06 0)
(11.1403 8.44545e-06 0)
(11.1403 1.1385e-05 0)
(11.1403 1.43211e-05 0)
(11.1403 1.74341e-05 0)
(11.1403 2.01891e-05 0)
(11.1403 2.27616e-05 0)
(11.1403 2.43654e-05 0)
(11.1403 2.51728e-05 0)
(11.1403 2.44401e-05 0)
(11.1404 2.25551e-05 0)
(11.1404 1.93115e-05 0)
(11.1404 1.50742e-05 0)
(11.1404 1.02089e-05 0)
(11.1404 5.23093e-06 0)
(11.1404 5.58531e-07 0)
(11.1403 -3.31893e-06 0)
(11.1403 -6.19042e-06 0)
(11.1403 -7.88525e-06 0)
(11.1403 -8.49336e-06 0)
(11.1402 -8.0978e-06 0)
(11.1402 -6.98013e-06 0)
(11.1402 -5.32117e-06 0)
(11.1401 -3.41219e-06 0)
(11.1401 -1.38816e-06 0)
(11.14 5.22883e-07 0)
(11.14 2.29805e-06 0)
(11.1399 3.77608e-06 0)
(11.1399 5.03266e-06 0)
(11.1398 5.92149e-06 0)
(11.1398 6.61054e-06 0)
(11.1397 6.94534e-06 0)
(11.1397 7.11519e-06 0)
(11.1396 6.94707e-06 0)
(11.1396 6.55758e-06 0)
(11.1395 5.31811e-06 0)
(11.1395 2.4117e-06 0)
(11.1395 -9.31521e-06 0)
(11.1395 -5.24786e-06 0)
(11.1394 -4.43988e-05 0)
(11.0386 -7.62308e-05 0)
(11.0387 -3.67453e-05 0)
(11.0387 -1.93212e-05 0)
(11.0388 -1.60154e-05 0)
(11.0388 -1.95079e-05 0)
(11.0388 -2.36159e-05 0)
(11.0389 -2.69034e-05 0)
(11.039 -2.92855e-05 0)
(11.039 -3.05663e-05 0)
(11.0391 -3.02202e-05 0)
(11.0392 -3.01271e-05 0)
(11.0393 4.81247e-06 0)
(11.0395 6.81555e-05 0)
(11.0397 7.2535e-05 0)
(11.0399 1.18809e-05 0)
(11.04 -1.65011e-05 0)
(11.0401 -2.10581e-05 0)
(11.0402 -1.95952e-05 0)
(11.0402 -1.80271e-05 0)
(11.0403 -1.60285e-05 0)
(11.0403 -1.36437e-05 0)
(11.0404 -1.02832e-05 0)
(11.0404 -6.68069e-06 0)
(11.0404 -2.8726e-06 0)
(11.0404 1.16398e-06 0)
(11.0404 5.09967e-06 0)
(11.0403 8.94983e-06 0)
(11.0403 1.23805e-05 0)
(11.0402 1.52389e-05 0)
(11.0402 1.78105e-05 0)
(11.0401 1.97979e-05 0)
(11.0401 2.09906e-05 0)
(11.04 2.13843e-05 0)
(11.0399 1.95142e-05 0)
(11.0399 1.72757e-05 0)
(11.0398 -5.66907e-06 0)
(11.0397 -5.05486e-05 0)
(11.0396 -6.43379e-05 0)
(11.0395 -4.03001e-05 0)
(11.0394 -1.103e-05 0)
(11.0393 5.88051e-06 0)
(11.0393 1.16944e-05 0)
(11.0393 1.34599e-05 0)
(11.0393 1.33121e-05 0)
(11.0393 1.27004e-05 0)
(11.0393 1.16625e-05 0)
(11.0393 1.06437e-05 0)
(11.0393 9.04161e-06 0)
(11.0393 7.45734e-06 0)
(11.0393 5.39345e-06 0)
(11.0392 3.35262e-06 0)
(11.0392 1.07807e-06 0)
(11.0392 -6.7098e-07 0)
(11.0392 -2.19988e-06 0)
(11.0392 -2.75786e-06 0)
(11.0392 -2.82045e-06 0)
(11.0391 -1.88744e-06 0)
(11.0391 -6.29191e-07 0)
(11.0391 1.35699e-06 0)
(11.0391 3.57976e-06 0)
(11.0391 6.05568e-06 0)
(11.0391 8.66858e-06 0)
(11.0391 1.14982e-05 0)
(11.0391 1.43138e-05 0)
(11.0391 1.72967e-05 0)
(11.0391 1.99232e-05 0)
(11.0391 2.23758e-05 0)
(11.0391 2.38971e-05 0)
(11.0391 2.46471e-05 0)
(11.0392 2.39146e-05 0)
(11.0392 2.2091e-05 0)
(11.0392 1.89576e-05 0)
(11.0392 1.48778e-05 0)
(11.0392 1.01951e-05 0)
(11.0392 5.41188e-06 0)
(11.0392 9.27051e-07 0)
(11.0392 -2.77921e-06 0)
(11.0392 -5.5026e-06 0)
(11.0391 -7.07238e-06 0)
(11.0391 -7.57705e-06 0)
(11.0391 -7.0917e-06 0)
(11.039 -5.89609e-06 0)
(11.039 -4.16512e-06 0)
(11.039 -2.18866e-06 0)
(11.0389 -1.00806e-07 0)
(11.0389 1.86789e-06 0)
(11.0388 3.69415e-06 0)
(11.0388 5.21023e-06 0)
(11.0388 6.4906e-06 0)
(11.0387 7.38589e-06 0)
(11.0387 8.06371e-06 0)
(11.0386 8.3678e-06 0)
(11.0386 8.49019e-06 0)
(11.0385 8.25552e-06 0)
(11.0385 7.7954e-06 0)
(11.0385 6.44144e-06 0)
(11.0384 3.49706e-06 0)
(11.0384 -9.21594e-06 0)
(11.0384 -4.15405e-06 0)
(11.0383 -4.75286e-05 0)
(10.9288 -8.09474e-05 0)
(10.9289 -3.86971e-05 0)
(10.9289 -1.98003e-05 0)
(10.9289 -1.65469e-05 0)
(10.9289 -2.04363e-05 0)
(10.929 -2.48551e-05 0)
(10.929 -2.84581e-05 0)
(10.9291 -3.11948e-05 0)
(10.9291 -3.27803e-05 0)
(10.9292 -3.26538e-05 0)
(10.9293 -3.19708e-05 0)
(10.9294 2.08978e-06 0)
(10.9295 6.25089e-05 0)
(10.9297 6.59499e-05 0)
(10.9299 7.34405e-06 0)
(10.93 -1.95463e-05 0)
(10.9301 -2.33517e-05 0)
(10.9301 -2.14446e-05 0)
(10.9302 -1.95251e-05 0)
(10.9302 -1.71992e-05 0)
(10.9302 -1.44932e-05 0)
(10.9302 -1.07897e-05 0)
(10.9302 -6.86258e-06 0)
(10.9302 -2.68879e-06 0)
(10.9302 1.67155e-06 0)
(10.9302 5.92314e-06 0)
(10.9302 1.00331e-05 0)
(10.9301 1.36918e-05 0)
(10.9301 1.67058e-05 0)
(10.93 1.93944e-05 0)
(10.93 2.14085e-05 0)
(10.9299 2.26173e-05 0)
(10.9299 2.29394e-05 0)
(10.9298 2.10093e-05 0)
(10.9298 1.84807e-05 0)
(10.9297 -4.16818e-06 0)
(10.9296 -4.74013e-05 0)
(10.9295 -6.04369e-05 0)
(10.9294 -3.71557e-05 0)
(10.9293 -9.13196e-06 0)
(10.9293 6.90693e-06 0)
(10.9293 1.22706e-05 0)
(10.9293 1.37515e-05 0)
(10.9293 1.34861e-05 0)
(10.9293 1.2769e-05 0)
(10.9293 1.16761e-05 0)
(10.9293 1.06372e-05 0)
(10.9293 9.05983e-06 0)
(10.9293 7.53567e-06 0)
(10.9293 5.56029e-06 0)
(10.9293 3.62739e-06 0)
(10.9293 1.46587e-06 0)
(10.9293 -1.85767e-07 0)
(10.9293 -1.64279e-06 0)
(10.9292 -2.16753e-06 0)
(10.9292 -2.23201e-06 0)
(10.9292 -1.33942e-06 0)
(10.9292 -1.45054e-07 0)
(10.9292 1.75964e-06 0)
(10.9292 3.88426e-06 0)
(10.9292 6.25671e-06 0)
(10.9292 8.75618e-06 0)
(10.9292 1.14629e-05 0)
(10.9292 1.41449e-05 0)
(10.9292 1.69839e-05 0)
(10.9292 1.94706e-05 0)
(10.9292 2.17916e-05 0)
(10.9292 2.32253e-05 0)
(10.9293 2.39219e-05 0)
(10.9293 2.32029e-05 0)
(10.9293 2.14576e-05 0)
(10.9293 1.84575e-05 0)
(10.9293 1.4562e-05 0)
(10.9294 1.00897e-05 0)
(10.9294 5.52659e-06 0)
(10.9294 1.24977e-06 0)
(10.9293 -2.27276e-06 0)
(10.9293 -4.84393e-06 0)
(10.9293 -6.29368e-06 0)
(10.9293 -6.70716e-06 0)
(10.9292 -6.15011e-06 0)
(10.9292 -4.89847e-06 0)
(10.9292 -3.11994e-06 0)
(10.9291 -1.10048e-06 0)
(10.9291 1.02707e-06 0)
(10.9291 3.03152e-06 0)
(10.929 4.88943e-06 0)
(10.929 6.42816e-06 0)
(10.929 7.72074e-06 0)
(10.9289 8.61606e-06 0)
(10.9289 9.27944e-06 0)
(10.9289 9.55446e-06 0)
(10.9288 9.63358e-06 0)
(10.9288 9.34218e-06 0)
(10.9287 8.82381e-06 0)
(10.9287 7.37571e-06 0)
(10.9287 4.41076e-06 0)
(10.9287 -9.24028e-06 0)
(10.9287 -3.40201e-06 0)
(10.9286 -4.97893e-05 0)
(10.8109 -8.39701e-05 0)
(10.8109 -3.99721e-05 0)
(10.8109 -2.00703e-05 0)
(10.8109 -1.68391e-05 0)
(10.8109 -2.10163e-05 0)
(10.811 -2.56397e-05 0)
(10.811 -2.94869e-05 0)
(10.811 -3.25353e-05 0)
(10.811 -3.44146e-05 0)
(10.8111 -3.45161e-05 0)
(10.8112 -3.33282e-05 0)
(10.8112 -2.00948e-07 0)
(10.8113 5.74474e-05 0)
(10.8115 6.003e-05 0)
(10.8117 3.44841e-06 0)
(10.8118 -2.20013e-05 0)
(10.8118 -2.51109e-05 0)
(10.8119 -2.28091e-05 0)
(10.8119 -2.05717e-05 0)
(10.8119 -1.79611e-05 0)
(10.8119 -1.49775e-05 0)
(10.8119 -1.09864e-05 0)
(10.8119 -6.79309e-06 0)
(10.8119 -2.32285e-06 0)
(10.8119 2.29229e-06 0)
(10.8119 6.7869e-06 0)
(10.8118 1.10883e-05 0)
(10.8118 1.4907e-05 0)
(10.8118 1.80175e-05 0)
(10.8117 2.07664e-05 0)
(10.8117 2.2762e-05 0)
(10.8116 2.39497e-05 0)
(10.8116 2.41748e-05 0)
(10.8116 2.21547e-05 0)
(10.8115 1.9372e-05 0)
(10.8115 -2.96323e-06 0)
(10.8114 -4.46162e-05 0)
(10.8113 -5.69382e-05 0)
(10.8112 -3.44871e-05 0)
(10.8112 -7.64269e-06 0)
(10.8111 7.58465e-06 0)
(10.8111 1.25375e-05 0)
(10.8111 1.38003e-05 0)
(10.8111 1.34003e-05 0)
(10.8111 1.26118e-05 0)
(10.8112 1.14838e-05 0)
(10.8112 1.04416e-05 0)
(10.8112 8.90695e-06 0)
(10.8112 7.45873e-06 0)
(10.8112 5.58961e-06 0)
(10.8112 3.78071e-06 0)
(10.8112 1.74814e-06 0)
(10.8112 2.05383e-07 0)
(10.8112 -1.1712e-06 0)
(10.8111 -1.65905e-06 0)
(10.8111 -1.72527e-06 0)
(10.8111 -8.78109e-07 0)
(10.8111 2.46524e-07 0)
(10.8111 2.05987e-06 0)
(10.8111 4.07695e-06 0)
(10.8111 6.33522e-06 0)
(10.8111 8.71028e-06 0)
(10.8111 1.12823e-05 0)
(10.8111 1.38191e-05 0)
(10.8111 1.65016e-05 0)
(10.8111 1.88389e-05 0)
(10.8112 2.10204e-05 0)
(10.8112 2.23631e-05 0)
(10.8112 2.30109e-05 0)
(10.8113 2.2316e-05 0)
(10.8113 2.06647e-05 0)
(10.8113 1.78204e-05 0)
(10.8113 1.41342e-05 0)
(10.8113 9.89839e-06 0)
(10.8113 5.57872e-06 0)
(10.8113 1.52867e-06 0)
(10.8113 -1.79946e-06 0)
(10.8113 -4.21591e-06 0)
(10.8113 -5.55294e-06 0)
(10.8113 -5.88904e-06 0)
(10.8112 -5.28034e-06 0)
(10.8112 -3.99602e-06 0)
(10.8112 -2.19639e-06 0)
(10.8111 -1.60035e-07 0)
(10.8111 1.98086e-06 0)
(10.8111 3.99688e-06 0)
(10.8111 5.86508e-06 0)
(10.811 7.40998e-06 0)
(10.811 8.70282e-06 0)
(10.811 9.59133e-06 0)
(10.8109 1.02375e-05 0)
(10.8109 1.04854e-05 0)
(10.8109 1.05259e-05 0)
(10.8109 1.01898e-05 0)
(10.8108 9.62704e-06 0)
(10.8108 8.10802e-06 0)
(10.8108 5.13576e-06 0)
(10.8108 -9.39592e-06 0)
(10.8108 -2.99562e-06 0)
(10.8108 -5.1056e-05 0)
(10.6851 -8.53905e-05 0)
(10.6851 -4.07182e-05 0)
(10.6851 -2.01704e-05 0)
(10.6851 -1.68964e-05 0)
(10.6851 -2.127e-05 0)
(10.6851 -2.60185e-05 0)
(10.6851 -3.00395e-05 0)
(10.6851 -3.33367e-05 0)
(10.6851 -3.54713e-05 0)
(10.6852 -3.57785e-05 0)
(10.6852 -3.41557e-05 0)
(10.6852 -2.04202e-06 0)
(10.6853 5.30444e-05 0)
(10.6855 5.48092e-05 0)
(10.6856 2.30453e-07 0)
(10.6857 -2.38323e-05 0)
(10.6857 -2.63034e-05 0)
(10.6857 -2.36721e-05 0)
(10.6858 -2.11438e-05 0)
(10.6858 -1.8299e-05 0)
(10.6858 -1.50874e-05 0)
(10.6858 -1.08707e-05 0)
(10.6857 -6.47665e-06 0)
(10.6857 -1.78457e-06 0)
(10.6857 3.01079e-06 0)
(10.6857 7.67082e-06 0)
(10.6857 1.20914e-05 0)
(10.6856 1.59993e-05 0)
(10.6856 1.91456e-05 0)
(10.6856 2.18987e-05 0)
(10.6855 2.3831e-05 0)
(10.6855 2.49562e-05 0)
(10.6855 2.50686e-05 0)
(10.6854 2.29434e-05 0)
(10.6854 1.99464e-05 0)
(10.6854 -2.04729e-06 0)
(10.6853 -4.21915e-05 0)
(10.6853 -5.38227e-05 0)
(10.6852 -3.22489e-05 0)
(10.6851 -6.5363e-06 0)
(10.6851 7.93527e-06 0)
(10.6851 1.24863e-05 0)
(10.6851 1.36128e-05 0)
(10.6851 1.30944e-05 0)
(10.6851 1.2253e-05 0)
(10.6852 1.1108e-05 0)
(10.6852 1.0078e-05 0)
(10.6852 8.60189e-06 0)
(10.6852 7.24275e-06 0)
(10.6852 5.49428e-06 0)
(10.6852 3.82206e-06 0)
(10.6852 1.93113e-06 0)
(10.6852 5.06198e-07 0)
(10.6852 -7.84409e-07 0)
(10.6852 -1.2309e-06 0)
(10.6852 -1.29919e-06 0)
(10.6852 -5.02073e-07 0)
(10.6851 5.47493e-07 0)
(10.6851 2.26054e-06 0)
(10.6851 4.16155e-06 0)
(10.6851 6.29564e-06 0)
(10.6851 8.53649e-06 0)
(10.6851 1.09632e-05 0)
(10.6852 1.33446e-05 0)
(10.6852 1.58604e-05 0)
(10.6852 1.80402e-05 0)
(10.6852 2.00768e-05 0)
(10.6853 2.13256e-05 0)
(10.6853 2.1929e-05 0)
(10.6854 2.12684e-05 0)
(10.6854 1.97252e-05 0)
(10.6854 1.70567e-05 0)
(10.6854 1.3602e-05 0)
(10.6855 9.62574e-06 0)
(10.6855 5.57006e-06 0)
(10.6855 1.763e-06 0)
(10.6855 -1.36168e-06 0)
(10.6854 -3.62266e-06 0)
(10.6854 -4.8552e-06 0)
(10.6854 -5.12863e-06 0)
(10.6854 -4.48833e-06 0)
(10.6853 -3.19532e-06 0)
(10.6853 -1.40117e-06 0)
(10.6853 6.25309e-07 0)
(10.6853 2.75247e-06 0)
(10.6852 4.75479e-06 0)
(10.6852 6.61142e-06 0)
(10.6852 8.1458e-06 0)
(10.6852 9.42658e-06 0)
(10.6852 1.03e-05 0)
(10.6851 1.09224e-05 0)
(10.6851 1.11467e-05 0)
(10.6851 1.11557e-05 0)
(10.6851 1.07923e-05 0)
(10.6851 1.01993e-05 0)
(10.6851 8.63473e-06 0)
(10.6851 5.66686e-06 0)
(10.685 -9.68273e-06 0)
(10.6851 -2.92959e-06 0)
(10.6851 -5.1283e-05 0)
(10.5515 -8.53072e-05 0)
(10.5515 -4.10382e-05 0)
(10.5515 -2.0134e-05 0)
(10.5515 -1.67793e-05 0)
(10.5515 -2.123e-05 0)
(10.5515 -2.6018e-05 0)
(10.5515 -3.01214e-05 0)
(10.5515 -3.35774e-05 0)
(10.5515 -3.58897e-05 0)
(10.5515 -3.63352e-05 0)
(10.5515 -3.43197e-05 0)
(10.5515 -3.28752e-06 0)
(10.5515 4.94136e-05 0)
(10.5517 5.03789e-05 0)
(10.5518 -2.23973e-06 0)
(10.5518 -2.49801e-05 0)
(10.5518 -2.6893e-05 0)
(10.5518 -2.39912e-05 0)
(10.5518 -2.12129e-05 0)
(10.5518 -1.82087e-05 0)
(10.5518 -1.48293e-05 0)
(10.5518 -1.04642e-05 0)
(10.5518 -5.95022e-06 0)
(10.5518 -1.12325e-06 0)
(10.5517 3.76714e-06 0)
(10.5517 8.50486e-06 0)
(10.5517 1.29647e-05 0)
(10.5517 1.68868e-05 0)
(10.5516 2.00065e-05 0)
(10.5516 2.27091e-05 0)
(10.5516 2.45376e-05 0)
(10.5516 2.56127e-05 0)
(10.5516 2.55502e-05 0)
(10.5516 2.33253e-05 0)
(10.5516 2.01606e-05 0)
(10.5516 -1.4513e-06 0)
(10.5515 -4.01215e-05 0)
(10.5514 -5.11004e-05 0)
(10.5514 -3.04182e-05 0)
(10.5513 -5.79153e-06 0)
(10.5513 7.97834e-06 0)
(10.5513 1.21881e-05 0)
(10.5513 1.31977e-05 0)
(10.5514 1.25972e-05 0)
(10.5514 1.17196e-05 0)
(10.5514 1.05755e-05 0)
(10.5514 9.57198e-06 0)
(10.5514 8.1682e-06 0)
(10.5515 6.90862e-06 0)
(10.5515 5.29189e-06 0)
(10.5515 3.76546e-06 0)
(10.5515 2.02547e-06 0)
(10.5515 7.24435e-07 0)
(10.5515 -4.76617e-07 0)
(10.5515 -8.76544e-07 0)
(10.5514 -9.49467e-07 0)
(10.5514 -2.07059e-07 0)
(10.5514 7.62365e-07 0)
(10.5514 2.36664e-06 0)
(10.5514 4.14334e-06 0)
(10.5514 6.14391e-06 0)
(10.5514 8.24122e-06 0)
(10.5514 1.0513e-05 0)
(10.5515 1.273e-05 0)
(10.5515 1.50702e-05 0)
(10.5515 1.7086e-05 0)
(10.5516 1.89738e-05 0)
(10.5516 2.01275e-05 0)
(10.5516 2.06911e-05 0)
(10.5517 2.0075e-05 0)
(10.5517 1.8653e-05 0)
(10.5518 1.61788e-05 0)
(10.5518 1.29756e-05 0)
(10.5518 9.27967e-06 0)
(10.5518 5.50608e-06 0)
(10.5518 1.95623e-06 0)
(10.5518 -9.58001e-07 0)
(10.5518 -3.06334e-06 0)
(10.5518 -4.19945e-06 0)
(10.5517 -4.4251e-06 0)
(10.5517 -3.77573e-06 0)
(10.5517 -2.50054e-06 0)
(10.5517 -7.41814e-07 0)
(10.5517 1.24479e-06 0)
(10.5516 3.32902e-06 0)
(10.5516 5.29264e-06 0)
(10.5516 7.11582e-06 0)
(10.5516 8.62227e-06 0)
(10.5516 9.87739e-06 0)
(10.5516 1.07262e-05 0)
(10.5516 1.13367e-05 0)
(10.5516 1.1537e-05 0)
(10.5516 1.1522e-05 0)
(10.5516 1.11405e-05 0)
(10.5515 1.05291e-05 0)
(10.5515 8.94637e-06 0)
(10.5515 5.99748e-06 0)
(10.5515 -1.00972e-05 0)
(10.5515 -3.21925e-06 0)
(10.5516 -5.04377e-05 0)
(10.41 -8.37988e-05 0)
(10.4099 -4.09341e-05 0)
(10.4099 -1.9976e-05 0)
(10.4099 -1.65111e-05 0)
(10.4099 -2.0923e-05 0)
(10.4099 -2.56347e-05 0)
(10.4099 -2.96863e-05 0)
(10.4099 -3.31716e-05 0)
(10.4098 -3.55431e-05 0)
(10.4098 -3.60341e-05 0)
(10.4098 -3.36441e-05 0)
(10.4098 -3.7334e-06 0)
(10.4098 4.6653e-05 0)
(10.4099 4.68547e-05 0)
(10.41 -3.86509e-06 0)
(10.41 -2.53816e-05 0)
(10.41 -2.68207e-05 0)
(10.41 -2.3738e-05 0)
(10.41 -2.0792e-05 0)
(10.4099 -1.76845e-05 0)
(10.4099 -1.42347e-05 0)
(10.4099 -9.81742e-06 0)
(10.4099 -5.28223e-06 0)
(10.4098 -4.25949e-07 0)
(10.4098 4.458e-06 0)
(10.4098 9.17415e-06 0)
(10.4098 1.35853e-05 0)
(10.4098 1.7443e-05 0)
(10.4098 2.04747e-05 0)
(10.4097 2.30772e-05 0)
(10.4097 2.47725e-05 0)
(10.4097 2.5749e-05 0)
(10.4098 2.55366e-05 0)
(10.4098 2.32403e-05 0)
(10.4098 1.98976e-05 0)
(10.4098 -1.21095e-06 0)
(10.4097 -3.84026e-05 0)
(10.4097 -4.87678e-05 0)
(10.4096 -2.89765e-05 0)
(10.4096 -5.38666e-06 0)
(10.4096 7.73694e-06 0)
(10.4096 1.16838e-05 0)
(10.4096 1.25841e-05 0)
(10.4097 1.19389e-05 0)
(10.4097 1.10473e-05 0)
(10.4097 9.92196e-06 0)
(10.4097 8.95789e-06 0)
(10.4098 7.63739e-06 0)
(10.4098 6.4842e-06 0)
(10.4098 5.00615e-06 0)
(10.4098 3.63049e-06 0)
(10.4098 2.04679e-06 0)
(10.4098 8.72744e-07 0)
(10.4098 -2.33704e-07 0)
(10.4098 -5.88332e-07 0)
(10.4098 -6.67257e-07 0)
(10.4098 1.57957e-08 0)
(10.4098 8.99965e-07 0)
(10.4098 2.38698e-06 0)
(10.4098 4.03116e-06 0)
(10.4098 5.88872e-06 0)
(10.4098 7.83345e-06 0)
(10.4098 9.94111e-06 0)
(10.4098 1.19859e-05 0)
(10.4098 1.41432e-05 0)
(10.4099 1.59899e-05 0)
(10.4099 1.77266e-05 0)
(10.41 1.87855e-05 0)
(10.41 1.9314e-05 0)
(10.4101 1.87523e-05 0)
(10.4101 1.74639e-05 0)
(10.4101 1.52009e-05 0)
(10.4102 1.22676e-05 0)
(10.4102 8.87081e-06 0)
(10.4102 5.39593e-06 0)
(10.4102 2.11608e-06 0)
(10.4102 -5.81657e-07 0)
(10.4102 -2.53171e-06 0)
(10.4102 -3.5788e-06 0)
(10.4101 -3.77286e-06 0)
(10.4101 -3.13966e-06 0)
(10.4101 -1.91301e-06 0)
(10.4101 -2.2389e-07 0)
(10.4101 1.68775e-06 0)
(10.4101 3.69646e-06 0)
(10.4101 5.59479e-06 0)
(10.41 7.36122e-06 0)
(10.41 8.82046e-06 0)
(10.41 1.00346e-05 0)
(10.41 1.08518e-05 0)
(10.41 1.14415e-05 0)
(10.41 1.16169e-05 0)
(10.4101 1.15946e-05 0)
(10.4101 1.12044e-05 0)
(10.4101 1.05948e-05 0)
(10.4101 9.02312e-06 0)
(10.4101 6.11475e-06 0)
(10.4101 -1.0637e-05 0)
(10.4101 -3.90033e-06 0)
(10.4101 -4.85402e-05 0)
(10.26 -8.09021e-05 0)
(10.2599 -4.03628e-05 0)
(10.2599 -1.96493e-05 0)
(10.2599 -1.60559e-05 0)
(10.2599 -2.03384e-05 0)
(10.2598 -2.48686e-05 0)
(10.2598 -2.87369e-05 0)
(10.2598 -3.21111e-05 0)
(10.2597 -3.44216e-05 0)
(10.2597 -3.48825e-05 0)
(10.2596 -3.21387e-05 0)
(10.2596 -3.38517e-06 0)
(10.2596 4.46795e-05 0)
(10.2596 4.42117e-05 0)
(10.2597 -4.65398e-06 0)
(10.2597 -2.505e-05 0)
(10.2597 -2.61157e-05 0)
(10.2597 -2.29167e-05 0)
(10.2596 -1.99189e-05 0)
(10.2596 -1.67889e-05 0)
(10.2596 -1.335e-05 0)
(10.2595 -8.97839e-06 0)
(10.2595 -4.52261e-06 0)
(10.2595 2.54811e-07 0)
(10.2594 5.02984e-06 0)
(10.2594 9.62652e-06 0)
(10.2594 1.39043e-05 0)
(10.2594 1.76235e-05 0)
(10.2594 2.05114e-05 0)
(10.2594 2.29712e-05 0)
(10.2594 2.45139e-05 0)
(10.2595 2.53322e-05 0)
(10.2595 2.50481e-05 0)
(10.2595 2.27129e-05 0)
(10.2595 1.91845e-05 0)
(10.2595 -1.3091e-06 0)
(10.2595 -3.70065e-05 0)
(10.2595 -4.67905e-05 0)
(10.2594 -2.78864e-05 0)
(10.2594 -5.29029e-06 0)
(10.2594 7.24036e-06 0)
(10.2594 1.09848e-05 0)
(10.2595 1.18106e-05 0)
(10.2595 1.11527e-05 0)
(10.2595 1.02694e-05 0)
(10.2595 9.17993e-06 0)
(10.2596 8.26624e-06 0)
(10.2596 7.037e-06 0)
(10.2596 5.99325e-06 0)
(10.2596 4.65666e-06 0)
(10.2596 3.43256e-06 0)
(10.2596 2.00729e-06 0)
(10.2596 9.60971e-07 0)
(10.2596 -4.76698e-08 0)
(10.2596 -3.5917e-07 0)
(10.2596 -4.43901e-07 0)
(10.2596 1.76142e-07 0)
(10.2596 9.71077e-07 0)
(10.2596 2.33339e-06 0)
(10.2596 3.83775e-06 0)
(10.2596 5.54378e-06 0)
(10.2596 7.32807e-06 0)
(10.2597 9.26412e-06 0)
(10.2597 1.1131e-05 0)
(10.2597 1.31002e-05 0)
(10.2598 1.4775e-05 0)
(10.2598 1.63591e-05 0)
(10.2599 1.73243e-05 0)
(10.2599 1.7821e-05 0)
(10.26 1.73214e-05 0)
(10.26 1.61755e-05 0)
(10.2601 1.41363e-05 0)
(10.2601 1.14868e-05 0)
(10.2601 8.40421e-06 0)
(10.2601 5.2415e-06 0)
(10.2601 2.24252e-06 0)
(10.2601 -2.33558e-07 0)
(10.2601 -2.02921e-06 0)
(10.2601 -2.99562e-06 0)
(10.2601 -3.17373e-06 0)
(10.26 -2.58019e-06 0)
(10.26 -1.43057e-06 0)
(10.26 1.56586e-07 0)
(10.26 1.95994e-06 0)
(10.26 3.86052e-06 0)
(10.26 5.66503e-06 0)
(10.26 7.34978e-06 0)
(10.26 8.74193e-06 0)
(10.26 9.90006e-06 0)
(10.26 1.06803e-05 0)
(10.26 1.1229e-05 0)
(10.26 1.13991e-05 0)
(10.2601 1.13736e-05 0)
(10.2601 1.09847e-05 0)
(10.2601 1.03994e-05 0)
(10.2601 8.8676e-06 0)
(10.2601 6.02211e-06 0)
(10.2601 -1.12949e-05 0)
(10.2601 -4.9719e-06 0)
(10.2602 -4.57479e-05 0)
(10.1005 -7.66263e-05 0)
(10.1004 -3.93211e-05 0)
(10.1004 -1.90848e-05 0)
(10.1003 -1.53426e-05 0)
(10.1003 -1.94434e-05 0)
(10.1003 -2.37474e-05 0)
(10.1002 -2.7364e-05 0)
(10.1002 -3.05296e-05 0)
(10.1001 -3.26921e-05 0)
(10.1 -3.30683e-05 0)
(10.1 -2.99988e-05 0)
(10.0999 -2.43045e-06 0)
(10.0999 4.32671e-05 0)
(10.0999 4.22808e-05 0)
(10.1 -4.7047e-06 0)
(10.0999 -2.40961e-05 0)
(10.0999 -2.48843e-05 0)
(10.0999 -2.16078e-05 0)
(10.0998 -1.86759e-05 0)
(10.0998 -1.55708e-05 0)
(10.0997 -1.2213e-05 0)
(10.0997 -7.9704e-06 0)
(10.0996 -3.6792e-06 0)
(10.0996 9.27776e-07 0)
(10.0996 5.50676e-06 0)
(10.0996 9.89991e-06 0)
(10.0996 1.39707e-05 0)
(10.0996 1.7487e-05 0)
(10.0996 2.01825e-05 0)
(10.0996 2.2462e-05 0)
(10.0997 2.3834e-05 0)
(10.0997 2.45189e-05 0)
(10.0997 2.41396e-05 0)
(10.0998 2.18074e-05 0)
(10.0998 1.81431e-05 0)
(10.0998 -1.67891e-06 0)
(10.0998 -3.58615e-05 0)
(10.0998 -4.51128e-05 0)
(10.0997 -2.70989e-05 0)
(10.0997 -5.46556e-06 0)
(10.0997 6.51367e-06 0)
(10.0998 1.01181e-05 0)
(10.0998 1.09013e-05 0)
(10.0998 1.0259e-05 0)
(10.0999 9.40466e-06 0)
(10.0999 8.36648e-06 0)
(10.0999 7.51261e-06 0)
(10.0999 6.38079e-06 0)
(10.1 5.44742e-06 0)
(10.1 4.25255e-06 0)
(10.1 3.17827e-06 0)
(10.1 1.91145e-06 0)
(10.1 9.92298e-07 0)
(10.1 8.2712e-08 0)
(10.1 -1.86613e-07 0)
(10.1 -2.75602e-07 0)
(10.1 2.79875e-07 0)
(10.1 9.84071e-07 0)
(10.1 2.2169e-06 0)
(10.1 3.57677e-06 0)
(10.1 5.12524e-06 0)
(10.1 6.74383e-06 0)
(10.1 8.50342e-06 0)
(10.1001 1.01892e-05 0)
(10.1001 1.19678e-05 0)
(10.1001 1.34702e-05 0)
(10.1002 1.49012e-05 0)
(10.1002 1.57738e-05 0)
(10.1003 1.62401e-05 0)
(10.1004 1.58061e-05 0)
(10.1004 1.48057e-05 0)
(10.1004 1.29964e-05 0)
(10.1005 1.06374e-05 0)
(10.1005 7.87692e-06 0)
(10.1005 5.03415e-06 0)
(10.1005 2.32292e-06 0)
(10.1005 7.22295e-08 0)
(10.1005 -1.56996e-06 0)
(10.1005 -2.46276e-06 0)
(10.1005 -2.63684e-06 0)
(10.1005 -2.09962e-06 0)
(10.1004 -1.04771e-06 0)
(10.1004 4.1341e-07 0)
(10.1004 2.08327e-06 0)
(10.1004 3.84949e-06 0)
(10.1004 5.53511e-06 0)
(10.1004 7.11635e-06 0)
(10.1005 8.42462e-06 0)
(10.1005 9.51495e-06 0)
(10.1005 1.02521e-05 0)
(10.1005 1.07734e-05 0)
(10.1005 1.0934e-05 0)
(10.1005 1.09118e-05 0)
(10.1006 1.05362e-05 0)
(10.1006 9.9852e-06 0)
(10.1006 8.51875e-06 0)
(10.1006 5.75412e-06 0)
(10.1006 -1.20526e-05 0)
(10.1006 -6.40804e-06 0)
(10.1007 -4.24166e-05 0)
(9.92971 -7.11782e-05 0)
(9.92959 -3.7755e-05 0)
(9.92957 -1.81816e-05 0)
(9.92953 -1.43136e-05 0)
(9.92949 -1.82157e-05 0)
(9.92944 -2.22886e-05 0)
(9.92938 -2.56389e-05 0)
(9.92931 -2.85525e-05 0)
(9.92924 -3.05166e-05 0)
(9.92915 -3.07679e-05 0)
(9.92907 -2.74016e-05 0)
(9.92899 -1.04078e-06 0)
(9.92894 4.22487e-05 0)
(9.92897 4.08926e-05 0)
(9.92901 -4.13276e-06 0)
(9.92898 -2.26088e-05 0)
(9.92893 -2.32007e-05 0)
(9.92887 -1.99499e-05 0)
(9.9288 -1.70886e-05 0)
(9.92875 -1.40779e-05 0)
(9.9287 -1.08615e-05 0)
(9.92865 -6.81902e-06 0)
(9.92862 -2.76259e-06 0)
(9.92859 1.59712e-06 0)
(9.92858 5.90754e-06 0)
(9.92857 1.00253e-05 0)
(9.92858 1.38263e-05 0)
(9.92859 1.70835e-05 0)
(9.92862 1.95447e-05 0)
(9.92865 2.16102e-05 0)
(9.92869 2.27939e-05 0)
(9.92873 2.33355e-05 0)
(9.92878 2.28621e-05 0)
(9.92883 2.05517e-05 0)
(9.92888 1.6818e-05 0)
(9.92892 -2.26028e-06 0)
(9.92892 -3.48899e-05 0)
(9.92888 -4.36734e-05 0)
(9.92884 -2.6564e-05 0)
(9.92883 -5.87916e-06 0)
(9.92885 5.57995e-06 0)
(9.92889 9.11239e-06 0)
(9.92892 9.87593e-06 0)
(9.92896 9.27508e-06 0)
(9.92899 8.46873e-06 0)
(9.92902 7.49639e-06 0)
(9.92905 6.71068e-06 0)
(9.92907 5.68154e-06 0)
(9.92909 4.85803e-06 0)
(9.92911 3.8036e-06 0)
(9.92913 2.87533e-06 0)
(9.92913 1.76489e-06 0)
(9.92914 9.70565e-07 0)
(9.92914 1.60224e-07 0)
(9.92913 -6.7944e-08 0)
(9.92913 -1.57353e-07 0)
(9.92913 3.32178e-07 0)
(9.92913 9.47137e-07 0)
(9.92913 2.04821e-06 0)
(9.92914 3.26153e-06 0)
(9.92915 4.64908e-06 0)
(9.92917 6.09901e-06 0)
(9.9292 7.67956e-06 0)
(9.92923 9.18351e-06 0)
(9.92927 1.07709e-05 0)
(9.92931 1.21022e-05 0)
(9.92936 1.33802e-05 0)
(9.92941 1.41614e-05 0)
(9.92947 1.45966e-05 0)
(9.92952 1.42285e-05 0)
(9.92957 1.33721e-05 0)
(9.92962 1.17924e-05 0)
(9.92966 9.72372e-06 0)
(9.92968 7.28704e-06 0)
(9.9297 4.76637e-06 0)
(9.9297 2.34595e-06 0)
(9.9297 3.22521e-07 0)
(9.92969 -1.16606e-06 0)
(9.92967 -1.98921e-06 0)
(9.92966 -2.1661e-06 0)
(9.92964 -1.69595e-06 0)
(9.92963 -7.55163e-07 0)
(9.92963 5.62983e-07 0)
(9.92962 2.08153e-06 0)
(9.92963 3.69408e-06 0)
(9.92964 5.24225e-06 0)
(9.92965 6.70312e-06 0)
(9.92967 7.9147e-06 0)
(9.92969 8.92762e-06 0)
(9.92972 9.61513e-06 0)
(9.92974 1.01056e-05 0)
(9.92977 1.02588e-05 0)
(9.9298 1.02473e-05 0)
(9.92982 9.89852e-06 0)
(9.92984 9.39294e-06 0)
(9.92987 8.015e-06 0)
(9.92988 5.34974e-06 0)
(9.9299 -1.28937e-05 0)
(9.92992 -8.23958e-06 0)
(9.93004 -3.86143e-05 0)
(9.74511 -6.46314e-05 0)
(9.74496 -3.53968e-05 0)
(9.74492 -1.67192e-05 0)
(9.74487 -1.28993e-05 0)
(9.74482 -1.66316e-05 0)
(9.74476 -2.04825e-05 0)
(9.74469 -2.35706e-05 0)
(9.74461 -2.62179e-05 0)
(9.74452 -2.79586e-05 0)
(9.74443 -2.80651e-05 0)
(9.74433 -2.4437e-05 0)
(9.74424 6.71332e-07 0)
(9.74418 4.1521e-05 0)
(9.7442 3.99222e-05 0)
(9.74422 -3.0072e-06 0)
(9.74419 -2.06507e-05 0)
(9.74413 -2.11382e-05 0)
(9.74405 -1.79854e-05 0)
(9.74398 -1.52322e-05 0)
(9.74392 -1.23755e-05 0)
(9.74386 -9.3574e-06 0)
(9.74382 -5.58042e-06 0)
(9.74378 -1.82319e-06 0)
(9.74376 2.22048e-06 0)
(9.74375 6.19779e-06 0)
(9.74375 9.9772e-06 0)
(9.74376 1.34543e-05 0)
(9.74378 1.64058e-05 0)
(9.74382 1.85989e-05 0)
(9.74386 2.0425e-05 0)
(9.74391 2.1409e-05 0)
(9.74397 2.18094e-05 0)
(9.74402 2.12505e-05 0)
(9.74408 1.89743e-05 0)
(9.74414 1.52391e-05 0)
(9.74419 -2.9997e-06 0)
(9.7442 -3.40224e-05 0)
(9.74416 -4.24102e-05 0)
(9.74412 -2.62316e-05 0)
(9.74412 -6.49934e-06 0)
(9.74414 4.48293e-06 0)
(9.74418 7.98299e-06 0)
(9.74421 8.75887e-06 0)
(9.74425 8.22515e-06 0)
(9.74428 7.48511e-06 0)
(9.74432 6.59202e-06 0)
(9.74435 5.8816e-06 0)
(9.74437 4.95875e-06 0)
(9.74439 4.24287e-06 0)
(9.74441 3.32532e-06 0)
(9.74443 2.537e-06 0)
(9.74443 1.57854e-06 0)
(9.74444 9.04841e-07 0)
(9.74444 1.94457e-07 0)
(9.74444 3.1492e-09 0)
(9.74444 -7.9599e-08 0)
(9.74443 3.42266e-07 0)
(9.74444 8.7139e-07 0)
(9.74444 1.84036e-06 0)
(9.74445 2.90669e-06 0)
(9.74446 4.13166e-06 0)
(9.74449 5.41163e-06 0)
(9.74451 6.81223e-06 0)
(9.74454 8.13527e-06 0)
(9.74458 9.53244e-06 0)
(9.74463 1.06952e-05 0)
(9.74468 1.18212e-05 0)
(9.74473 1.25119e-05 0)
(9.74479 1.29142e-05 0)
(9.74484 1.26097e-05 0)
(9.7449 1.18918e-05 0)
(9.74494 1.0537e-05 0)
(9.74498 8.75377e-06 0)
(9.74501 6.63767e-06 0)
(9.74503 4.43755e-06 0)
(9.74503 2.30836e-06 0)
(9.74503 5.13269e-07 0)
(9.74502 -8.20583e-07 0)
(9.74501 -1.57516e-06 0)
(9.745 -1.75813e-06 0)
(9.74498 -1.36144e-06 0)
(9.74498 -5.40812e-07 0)
(9.74497 6.22022e-07 0)
(9.74497 1.97552e-06 0)
(9.74498 3.41913e-06 0)
(9.745 4.8149e-06 0)
(9.74501 6.14126e-06 0)
(9.74504 7.24517e-06 0)
(9.74506 8.17168e-06 0)
(9.74509 8.8034e-06 0)
(9.74512 9.26038e-06 0)
(9.74515 9.40753e-06 0)
(9.74519 9.40977e-06 0)
(9.74522 9.09681e-06 0)
(9.74524 8.64605e-06 0)
(9.74527 7.37708e-06 0)
(9.74529 4.83528e-06 0)
(9.74532 -1.37965e-05 0)
(9.74533 -1.06624e-05 0)
(9.74548 -3.45705e-05 0)
(9.54276 -5.67952e-05 0)
(9.54257 -3.18513e-05 0)
(9.5425 -1.4217e-05 0)
(9.54244 -1.09701e-05 0)
(9.54237 -1.46682e-05 0)
(9.5423 -1.83332e-05 0)
(9.54222 -2.11787e-05 0)
(9.54213 -2.35629e-05 0)
(9.54203 -2.5073e-05 0)
(9.54193 -2.50299e-05 0)
(9.54183 -2.11848e-05 0)
(9.54173 2.5869e-06 0)
(9.54166 4.09586e-05 0)
(9.54167 3.92631e-05 0)
(9.54169 -1.40976e-06 0)
(9.54166 -1.82822e-05 0)
(9.54158 -1.87668e-05 0)
(9.54151 -1.57829e-05 0)
(9.54143 -1.31891e-05 0)
(9.54136 -1.05399e-05 0)
(9.54131 -7.77352e-06 0)
(9.54126 -4.32317e-06 0)
(9.54122 -9.23207e-07 0)
(9.5412 2.74308e-06 0)
(9.54119 6.33173e-06 0)
(9.5412 9.71969e-06 0)
(9.54122 1.28295e-05 0)
(9.54125 1.54391e-05 0)
(9.5413 1.7341e-05 0)
(9.54135 1.89116e-05 0)
(9.54141 1.96945e-05 0)
(9.54147 1.99615e-05 0)
(9.54154 1.93348e-05 0)
(9.54161 1.71141e-05 0)
(9.54168 1.34504e-05 0)
(9.54173 -3.83673e-06 0)
(9.54174 -3.31743e-05 0)
(9.5417 -4.12477e-05 0)
(9.54166 -2.60469e-05 0)
(9.54166 -7.29583e-06 0)
(9.54168 3.2472e-06 0)
(9.54172 6.74864e-06 0)
(9.54176 7.57248e-06 0)
(9.5418 7.13198e-06 0)
(9.54183 6.47586e-06 0)
(9.54186 5.67454e-06 0)
(9.54189 5.04529e-06 0)
(9.54192 4.23106e-06 0)
(9.54194 3.61892e-06 0)
(9.54196 2.83287e-06 0)
(9.54197 2.17642e-06 0)
(9.54198 1.36412e-06 0)
(9.54199 8.0537e-07 0)
(9.54199 1.92742e-07 0)
(9.54199 3.83661e-08 0)
(9.54199 -3.52824e-08 0)
(9.54199 3.22582e-07 0)
(9.54199 7.6935e-07 0)
(9.542 1.60721e-06 0)
(9.54201 2.52738e-06 0)
(9.54202 3.59028e-06 0)
(9.54204 4.70021e-06 0)
(9.54207 5.92166e-06 0)
(9.5421 7.06635e-06 0)
(9.54214 8.27583e-06 0)
(9.54219 9.27396e-06 0)
(9.54224 1.02493e-05 0)
(9.54229 1.08502e-05 0)
(9.54235 1.12165e-05 0)
(9.5424 1.09707e-05 0)
(9.54246 1.03824e-05 0)
(9.5425 9.2434e-06 0)
(9.54254 7.73582e-06 0)
(9.54257 5.9331e-06 0)
(9.54259 4.0485e-06 0)
(9.5426 2.20921e-06 0)
(9.5426 6.42517e-07 0)
(9.54259 -5.33751e-07 0)
(9.54258 -1.21864e-06 0)
(9.54257 -1.40658e-06 0)
(9.54256 -1.08626e-06 0)
(9.54255 -3.89471e-07 0)
(9.54255 6.09434e-07 0)
(9.54256 1.78878e-06 0)
(9.54257 3.05148e-06 0)
(9.54258 4.28328e-06 0)
(9.54261 5.4629e-06 0)
(9.54263 6.44944e-06 0)
(9.54266 7.28148e-06 0)
(9.54269 7.85163e-06 0)
(9.54273 8.27233e-06 0)
(9.54276 8.41299e-06 0)
(9.5428 8.43089e-06 0)
(9.54283 8.15915e-06 0)
(9.54286 7.77036e-06 0)
(9.54289 6.62701e-06 0)
(9.54292 4.2362e-06 0)
(9.54295 -1.47446e-05 0)
(9.54295 -1.41427e-05 0)
(9.54316 -3.10459e-05 0)
(9.31687 -4.70895e-05 0)
(9.31661 -2.5989e-05 0)
(9.31649 -1.01911e-05 0)
(9.31641 -8.34805e-06 0)
(9.31634 -1.23057e-05 0)
(9.31626 -1.58752e-05 0)
(9.31617 -1.85178e-05 0)
(9.31607 -2.06567e-05 0)
(9.31597 -2.19432e-05 0)
(9.31586 -2.17577e-05 0)
(9.31575 -1.7751e-05 0)
(9.31565 4.56974e-06 0)
(9.31558 4.03985e-05 0)
(9.31559 3.87938e-05 0)
(9.31561 5.64835e-07 0)
(9.31557 -1.55629e-05 0)
(9.3155 -1.61572e-05 0)
(9.31542 -1.34219e-05 0)
(9.31534 -1.10395e-05 0)
(9.31527 -8.64557e-06 0)
(9.31521 -6.17762e-06 0)
(9.31516 -3.10671e-06 0)
(9.31513 -1.12149e-07 0)
(9.31511 3.12647e-06 0)
(9.31511 6.28207e-06 0)
(9.31513 9.23784e-06 0)
(9.31515 1.19481e-05 0)
(9.31519 1.41911e-05 0)
(9.31525 1.57884e-05 0)
(9.31531 1.70962e-05 0)
(9.31538 1.76841e-05 0)
(9.31545 1.78298e-05 0)
(9.31553 1.71589e-05 0)
(9.3156 1.50253e-05 0)
(9.31568 1.15054e-05 0)
(9.31573 -4.69947e-06 0)
(9.31574 -3.2244e-05 0)
(9.3157 -4.0078e-05 0)
(9.31565 -2.59694e-05 0)
(9.31565 -8.2448e-06 0)
(9.31567 1.88552e-06 0)
(9.31571 5.42361e-06 0)
(9.31575 6.33283e-06 0)
(9.31579 6.01243e-06 0)
(9.31582 5.45781e-06 0)
(9.31586 4.7603e-06 0)
(9.31588 4.21749e-06 0)
(9.31591 3.51365e-06 0)
(9.31593 3.00057e-06 0)
(9.31595 2.33963e-06 0)
(9.31596 1.80586e-06 0)
(9.31597 1.13266e-06 0)
(9.31598 6.8197e-07 0)
(9.31598 1.65185e-07 0)
(9.31598 4.58608e-08 0)
(9.31598 -1.84535e-08 0)
(9.31598 2.83784e-07 0)
(9.31599 6.52233e-07 0)
(9.31599 1.36152e-06 0)
(9.316 2.13828e-06 0)
(9.31602 3.04099e-06 0)
(9.31604 3.98266e-06 0)
(9.31606 5.02714e-06 0)
(9.3161 5.99753e-06 0)
(9.31613 7.02321e-06 0)
(9.31618 7.86163e-06 0)
(9.31623 8.68826e-06 0)
(9.31628 9.19988e-06 0)
(9.31634 9.52576e-06 0)
(9.31639 9.33187e-06 0)
(9.31645 8.86112e-06 0)
(9.31649 7.92481e-06 0)
(9.31653 6.67902e-06 0)
(9.31657 5.17809e-06 0)
(9.31659 3.60061e-06 0)
(9.3166 2.04731e-06 0)
(9.3166 7.08612e-07 0)
(9.31659 -3.06653e-07 0)
(9.31659 -9.17557e-07 0)
(9.31658 -1.10585e-06 0)
(9.31657 -8.59231e-07 0)
(9.31656 -2.84998e-07 0)
(9.31656 5.47558e-07 0)
(9.31657 1.5485e-06 0)
(9.31658 2.62327e-06 0)
(9.3166 3.68318e-06 0)
(9.31662 4.70693e-06 0)
(9.31665 5.56824e-06 0)
(9.31668 6.29864e-06 0)
(9.31671 6.802e-06 0)
(9.31675 7.18242e-06 0)
(9.31679 7.31497e-06 0)
(9.31683 7.34792e-06 0)
(9.31686 7.11998e-06 0)
(9.3169 6.79691e-06 0)
(9.31693 5.79223e-06 0)
(9.31696 3.58303e-06 0)
(9.31699 -1.56717e-05 0)
(9.31697 -2.01895e-05 0)
(9.31728 -2.94043e-05 0)
(9.05865 -3.35217e-05 0)
(9.05827 -1.48181e-05 0)
(9.05808 -3.795e-06 0)
(9.05798 -4.71372e-06 0)
(9.0579 -9.509e-06 0)
(9.05782 -1.31587e-05 0)
(9.05772 -1.56569e-05 0)
(9.05762 -1.75729e-05 0)
(9.05751 -1.86481e-05 0)
(9.0574 -1.83368e-05 0)
(9.05729 -1.42348e-05 0)
(9.05718 6.47801e-06 0)
(9.05711 3.96668e-05 0)
(9.05713 3.83626e-05 0)
(9.05716 2.86165e-06 0)
(9.05713 -1.25264e-05 0)
(9.05705 -1.33634e-05 0)
(9.05697 -1.09728e-05 0)
(9.05689 -8.85845e-06 0)
(9.05682 -6.76372e-06 0)
(9.05677 -4.6346e-06 0)
(9.05672 -1.9873e-06 0)
(9.0567 5.62006e-07 0)
(9.05669 3.33447e-06 0)
(9.05669 6.02481e-06 0)
(9.05671 8.51925e-06 0)
(9.05675 1.08099e-05 0)
(9.0568 1.26725e-05 0)
(9.05686 1.39613e-05 0)
(9.05693 1.50077e-05 0)
(9.057 1.54122e-05 0)
(9.05709 1.54543e-05 0)
(9.05717 1.47673e-05 0)
(9.05725 1.27614e-05 0)
(9.05733 9.45523e-06 0)
(9.05739 -5.51425e-06 0)
(9.05739 -3.11161e-05 0)
(9.05734 -3.87976e-05 0)
(9.05728 -2.59364e-05 0)
(9.05727 -9.32746e-06 0)
(9.05729 4.01123e-07 0)
(9.05733 4.01546e-06 0)
(9.05737 5.0513e-06 0)
(9.05741 4.88025e-06 0)
(9.05744 4.44552e-06 0)
(9.05747 3.86403e-06 0)
(9.0575 3.41285e-06 0)
(9.05753 2.82094e-06 0)
(9.05755 2.40239e-06 0)
(9.05756 1.85941e-06 0)
(9.05758 1.43801e-06 0)
(9.05759 8.96116e-07 0)
(9.05759 5.44615e-07 0)
(9.0576 1.23147e-07 0)
(9.0576 3.31975e-08 0)
(9.0576 -1.99671e-08 0)
(9.0576 2.34941e-07 0)
(9.0576 5.29966e-07 0)
(9.05761 1.11494e-06 0)
(9.05762 1.75232e-06 0)
(9.05763 2.49829e-06 0)
(9.05765 3.275e-06 0)
(9.05768 4.14585e-06 0)
(9.05771 4.94738e-06 0)
(9.05775 5.79424e-06 0)
(9.05779 6.4791e-06 0)
(9.05784 7.15952e-06 0)
(9.05789 7.58264e-06 0)
(9.05794 7.86358e-06 0)
(9.058 7.71347e-06 0)
(9.05805 7.34658e-06 0)
(9.0581 6.59669e-06 0)
(9.05814 5.59514e-06 0)
(9.05817 4.38076e-06 0)
(9.05819 3.09847e-06 0)
(9.05821 1.82484e-06 0)
(9.05821 7.12298e-07 0)
(9.05821 -1.38262e-07 0)
(9.0582 -6.69083e-07 0)
(9.05819 -8.49648e-07 0)
(9.05819 -6.69815e-07 0)
(9.05818 -2.11478e-07 0)
(9.05818 4.57633e-07 0)
(9.05819 1.2813e-06 0)
(9.0582 2.16576e-06 0)
(9.05822 3.04988e-06 0)
(9.05824 3.91148e-06 0)
(9.05827 4.64181e-06 0)
(9.0583 5.26425e-06 0)
(9.05834 5.69571e-06 0)
(9.05838 6.03078e-06 0)
(9.05842 6.15196e-06 0)
(9.05846 6.19704e-06 0)
(9.05849 6.01269e-06 0)
(9.05853 5.75583e-06 0)
(9.05856 4.89914e-06 0)
(9.05859 2.90905e-06 0)
(9.05863 -1.63608e-05 0)
(9.05857 -3.08728e-05 0)
(9.05903 -3.39981e-05 0)
(8.75402 -1.16946e-05 0)
(8.75348 6.73418e-06 0)
(8.75319 7.48496e-06 0)
(8.75308 6.06096e-07 0)
(8.753 -6.1661e-06 0)
(8.75291 -1.02292e-05 0)
(8.75282 -1.2664e-05 0)
(8.75271 -1.43734e-05 0)
(8.7526 -1.5246e-05 0)
(8.75248 -1.4829e-05 0)
(8.75237 -1.07135e-05 0)
(8.75227 8.21512e-06 0)
(8.75221 3.85369e-05 0)
(8.75225 3.78065e-05 0)
(8.75229 5.46242e-06 0)
(8.75226 -9.16354e-06 0)
(8.75219 -1.04106e-05 0)
(8.75211 -8.49165e-06 0)
(8.75204 -6.71601e-06 0)
(8.75198 -4.9663e-06 0)
(8.75192 -3.21272e-06 0)
(8.75189 -1.02665e-06 0)
(8.75187 1.04764e-06 0)
(8.75186 3.32541e-06 0)
(8.75187 5.52803e-06 0)
(8.7519 7.54424e-06 0)
(8.75195 9.40446e-06 0)
(8.75201 1.0884e-05 0)
(8.75208 1.18704e-05 0)
(8.75216 1.26658e-05 0)
(8.75224 1.29074e-05 0)
(8.75233 1.28696e-05 0)
(8.75242 1.21994e-05 0)
(8.75251 1.03694e-05 0)
(8.75259 7.34769e-06 0)
(8.75264 -6.20921e-06 0)
(8.75263 -2.96612e-05 0)
(8.75256 -3.72911e-05 0)
(8.75249 -2.58639e-05 0)
(8.75246 -1.05297e-05 0)
(8.75248 -1.21351e-06 0)
(8.75251 2.52307e-06 0)
(8.75255 3.73382e-06 0)
(8.75259 3.74661e-06 0)
(8.75262 3.45295e-06 0)
(8.75265 3.00051e-06 0)
(8.75268 2.64636e-06 0)
(8.7527 2.16786e-06 0)
(8.75272 1.83916e-06 0)
(8.75274 1.4067e-06 0)
(8.75275 1.08696e-06 0)
(8.75276 6.67446e-07 0)
(8.75276 4.04803e-07 0)
(8.75277 7.53124e-08 0)
(8.75277 1.18406e-08 0)
(8.75277 -2.78743e-08 0)
(8.75277 1.82548e-07 0)
(8.75277 4.10895e-07 0)
(8.75278 8.76772e-07 0)
(8.75279 1.38008e-06 0)
(8.7528 1.97417e-06 0)
(8.75282 2.5906e-06 0)
(8.75284 3.29232e-06 0)
(8.75287 3.93144e-06 0)
(8.75291 4.60578e-06 0)
(8.75295 5.14414e-06 0)
(8.753 5.68216e-06 0)
(8.75305 6.01822e-06 0)
(8.7531 6.25021e-06 0)
(8.75315 6.1357e-06 0)
(8.7532 5.85823e-06 0)
(8.75325 5.27679e-06 0)
(8.75329 4.49987e-06 0)
(8.75332 3.55354e-06 0)
(8.75335 2.55187e-06 0)
(8.75336 1.54857e-06 0)
(8.75337 6.58718e-07 0)
(8.75337 -2.47545e-08 0)
(8.75336 -4.68565e-07 0)
(8.75336 -6.31881e-07 0)
(8.75335 -5.08408e-07 0)
(8.75335 -1.5574e-07 0)
(8.75335 3.57677e-07 0)
(8.75335 1.00939e-06 0)
(8.75336 1.70559e-06 0)
(8.75338 2.41342e-06 0)
(8.75341 3.10936e-06 0)
(8.75343 3.70488e-06 0)
(8.75347 4.21429e-06 0)
(8.7535 4.56882e-06 0)
(8.75354 4.85276e-06 0)
(8.75358 4.95799e-06 0)
(8.75362 5.01024e-06 0)
(8.75366 4.86689e-06 0)
(8.7537 4.67403e-06 0)
(8.75373 3.97097e-06 0)
(8.75376 2.24111e-06 0)
(8.7538 -1.64855e-05 0)
(8.75367 -5.24609e-05 0)
(8.75429 -5.09317e-05 0)
(8.37848 2.80364e-05 0)
(8.37779 4.8042e-05 0)
(8.37739 2.75079e-05 0)
(8.37728 8.74395e-06 0)
(8.37721 -2.03767e-06 0)
(8.37713 -7.09646e-06 0)
(8.37704 -9.59504e-06 0)
(8.37693 -1.11055e-05 0)
(8.37682 -1.17727e-05 0)
(8.3767 -1.12675e-05 0)
(8.37659 -7.23981e-06 0)
(8.3765 9.71785e-06 0)
(8.37646 3.67759e-05 0)
(8.37653 3.68673e-05 0)
(8.3766 8.3946e-06 0)
(8.37659 -5.39548e-06 0)
(8.37653 -7.26953e-06 0)
(8.37645 -6.00292e-06 0)
(8.37639 -4.66717e-06 0)
(8.37633 -3.32086e-06 0)
(8.37628 -1.98007e-06 0)
(8.37625 -2.91064e-07 0)
(8.37624 1.28994e-06 0)
(8.37625 3.05081e-06 0)
(8.37627 4.75173e-06 0)
(8.37631 6.28345e-06 0)
(8.37636 7.71107e-06 0)
(8.37643 8.81406e-06 0)
(8.37651 9.51536e-06 0)
(8.37659 1.00774e-05 0)
(8.37669 1.01897e-05 0)
(8.37678 1.01009e-05 0)
(8.37688 9.48671e-06 0)
(8.37697 7.88667e-06 0)
(8.37705 5.21802e-06 0)
(8.3771 -6.72765e-06 0)
(8.37707 -2.77468e-05 0)
(8.37697 -3.54033e-05 0)
(8.37686 -2.5658e-05 0)
(8.37681 -1.18443e-05 0)
(8.37681 -2.9782e-06 0)
(8.37684 9.30993e-07 0)
(8.37687 2.37501e-06 0)
(8.37691 2.61593e-06 0)
(8.37694 2.48961e-06 0)
(8.37697 2.18177e-06 0)
(8.37699 1.93059e-06 0)
(8.37701 1.56786e-06 0)
(8.37703 1.32371e-06 0)
(8.37704 9.95133e-07 0)
(8.37706 7.66207e-07 0)
(8.37706 4.59579e-07 0)
(8.37707 2.74742e-07 0)
(8.37707 3.13296e-08 0)
(8.37707 -8.8658e-09 0)
(8.37707 -3.44257e-08 0)
(8.37707 1.32635e-07 0)
(8.37708 3.00775e-07 0)
(8.37708 6.51874e-07 0)
(8.37709 1.02622e-06 0)
(8.3771 1.4762e-06 0)
(8.37712 1.93701e-06 0)
(8.37714 2.47489e-06 0)
(8.37717 2.95847e-06 0)
(8.37721 3.46751e-06 0)
(8.37725 3.86742e-06 0)
(8.37729 4.26825e-06 0)
(8.37734 4.52019e-06 0)
(8.37739 4.70052e-06 0)
(8.37744 4.61528e-06 0)
(8.37749 4.41316e-06 0)
(8.37753 3.98349e-06 0)
(8.37757 3.4103e-06 0)
(8.37761 2.71221e-06 0)
(8.37763 1.97476e-06 0)
(8.37764 1.23027e-06 0)
(8.37765 5.56616e-07 0)
(8.37765 4.1383e-08 0)
(8.37765 -3.1081e-07 0)
(8.37764 -4.46335e-07 0)
(8.37764 -3.69054e-07 0)
(8.37764 -1.08447e-07 0)
(8.37764 2.5873e-07 0)
(8.37764 7.4762e-07 0)
(8.37765 1.26097e-06 0)
(8.37767 1.79545e-06 0)
(8.37769 2.32422e-06 0)
(8.37772 2.78238e-06 0)
(8.37775 3.17672e-06 0)
(8.37779 3.44801e-06 0)
(8.37783 3.67771e-06 0)
(8.37787 3.75972e-06 0)
(8.3779 3.81488e-06 0)
(8.37794 3.70656e-06 0)
(8.37798 3.57506e-06 0)
(8.37802 3.02581e-06 0)
(8.37805 1.59137e-06 0)
(8.37809 -1.55092e-05 0)
(8.37783 -9.77201e-05 0)
(8.37836 -9.13567e-05 0)
(7.88339 9.98198e-05 0)
(7.88272 0.000122526 0)
(7.88225 6.11198e-05 0)
(7.88217 2.12364e-05 0)
(7.88212 3.35166e-06 0)
(7.88205 -3.66267e-06 0)
(7.88196 -6.4564e-06 0)
(7.88186 -7.78414e-06 0)
(7.88174 -8.23222e-06 0)
(7.88162 -7.6539e-06 0)
(7.88152 -3.83891e-06 0)
(7.88145 1.0852e-05 0)
(7.88146 3.41063e-05 0)
(7.88157 3.51591e-05 0)
(7.88169 1.1671e-05 0)
(7.8817 -1.07563e-06 0)
(7.88166 -3.82659e-06 0)
(7.8816 -3.46629e-06 0)
(7.88154 -2.73114e-06 0)
(7.88149 -1.87641e-06 0)
(7.88145 -9.99357e-07 0)
(7.88143 1.58024e-07 0)
(7.88143 1.22624e-06 0)
(7.88144 2.45617e-06 0)
(7.88148 3.6459e-06 0)
(7.88153 4.69533e-06 0)
(7.88159 5.6932e-06 0)
(7.88167 6.43615e-06 0)
(7.88175 6.87743e-06 0)
(7.88185 7.2364e-06 0)
(7.88194 7.25794e-06 0)
(7.88204 7.15768e-06 0)
(7.88214 6.644e-06 0)
(7.88223 5.33459e-06 0)
(7.88231 3.07819e-06 0)
(7.88235 -7.03056e-06 0)
(7.88229 -2.52445e-05 0)
(7.88214 -3.29172e-05 0)
(7.88198 -2.51892e-05 0)
(7.88189 -1.32431e-05 0)
(7.88186 -4.90902e-06 0)
(7.88188 -8.01128e-07 0)
(7.88191 9.55988e-07 0)
(7.88194 1.48129e-06 0)
(7.88197 1.55652e-06 0)
(7.88199 1.4122e-06 0)
(7.88201 1.27223e-06 0)
(7.88203 1.02792e-06 0)
(7.88205 8.6522e-07 0)
(7.88206 6.3422e-07 0)
(7.88207 4.86397e-07 0)
(7.88208 2.82814e-07 0)
(7.88208 1.65297e-07 0)
(7.88208 -1.21404e-09 0)
(7.88208 -2.24993e-08 0)
(7.88208 -3.69593e-08 0)
(7.88208 8.65171e-08 0)
(7.88209 1.97366e-07 0)
(7.88209 4.37177e-07 0)
(7.8821 6.82003e-07 0)
(7.88211 1.00261e-06 0)
(7.88213 1.30828e-06 0)
(7.88215 1.68966e-06 0)
(7.88218 2.02244e-06 0)
(7.88221 2.3741e-06 0)
(7.88225 2.64413e-06 0)
(7.88229 2.91516e-06 0)
(7.88234 3.08762e-06 0)
(7.88238 3.21707e-06 0)
(7.88243 3.15758e-06 0)
(7.88248 3.02171e-06 0)
(7.88252 2.73179e-06 0)
(7.88256 2.34074e-06 0)
(7.88259 1.87442e-06 0)
(7.88261 1.3828e-06 0)
(7.88263 8.8704e-07 0)
(7.88264 4.1583e-07 0)
(7.88264 7.18573e-08 0)
(7.88264 -1.93548e-07 0)
(7.88263 -2.86237e-07 0)
(7.88263 -2.55525e-07 0)
(7.88262 -6.63839e-08 0)
(7.88262 1.57245e-07 0)
(7.88263 4.98492e-07 0)
(7.88264 8.33815e-07 0)
(7.88266 1.20297e-06 0)
(7.88268 1.56321e-06 0)
(7.8827 1.88218e-06 0)
(7.88273 2.16502e-06 0)
(7.88277 2.34326e-06 0)
(7.8828 2.52457e-06 0)
(7.88284 2.57071e-06 0)
(7.88288 2.63071e-06 0)
(7.88292 2.54635e-06 0)
(7.88296 2.4769e-06 0)
(7.88299 2.07368e-06 0)
(7.88302 9.5117e-07 0)
(7.88309 -1.26329e-05 0)
(7.88267 -0.000184701 0)
(7.88215 -0.000171669 0)
(7.15374 0.000219656 0)
(7.15346 0.00024423 0)
(7.15298 0.000108074 0)
(7.15295 3.86178e-05 0)
(7.15291 1.06541e-05 0)
(7.15284 3.14789e-07 0)
(7.15276 -3.26807e-06 0)
(7.15266 -4.51515e-06 0)
(7.15254 -4.75263e-06 0)
(7.15243 -4.13157e-06 0)
(7.15234 -6.96386e-07 0)
(7.1523 1.11906e-05 0)
(7.15238 2.97492e-05 0)
(7.15258 3.1996e-05 0)
(7.15276 1.51276e-05 0)
(7.1528 4.01949e-06 0)
(7.15278 9.43288e-08 0)
(7.15273 -7.94821e-07 0)
(7.15268 -9.00155e-07 0)
(7.15264 -6.64667e-07 0)
(7.15261 -3.13811e-07 0)
(7.1526 2.92332e-07 0)
(7.15261 8.41971e-07 0)
(7.15263 1.55744e-06 0)
(7.15267 2.2471e-06 0)
(7.15273 2.83824e-06 0)
(7.1528 3.42422e-06 0)
(7.15288 3.84146e-06 0)
(7.15298 4.05934e-06 0)
(7.15307 4.261e-06 0)
(7.15317 4.23199e-06 0)
(7.15328 4.16767e-06 0)
(7.15337 3.79756e-06 0)
(7.15346 2.83679e-06 0)
(7.15354 1.02284e-06 0)
(7.15356 -7.05701e-06 0)
(7.15347 -2.19891e-05 0)
(7.15324 -2.93994e-05 0)
(7.15301 -2.42526e-05 0)
(7.15286 -1.4554e-05 0)
(7.1528 -6.95485e-06 0)
(7.15279 -2.63973e-06 0)
(7.15281 -5.01171e-07 0)
(7.15283 3.637e-07 0)
(7.15286 6.76443e-07 0)
(7.15288 7.11761e-07 0)
(7.1529 6.89212e-07 0)
(7.15291 5.62328e-07 0)
(7.15293 4.77868e-07 0)
(7.15294 3.35712e-07 0)
(7.15295 2.5849e-07 0)
(7.15295 1.45888e-07 0)
(7.15295 8.3859e-08 0)
(7.15296 -1.84166e-08 0)
(7.15296 -2.77308e-08 0)
(7.15295 -3.69189e-08 0)
(7.15296 4.00492e-08 0)
(7.15296 9.47444e-08 0)
(7.15296 2.28829e-07 0)
(7.15297 3.47995e-07 0)
(7.15298 5.50334e-07 0)
(7.153 7.12011e-07 0)
(7.15302 9.4617e-07 0)
(7.15304 1.13826e-06 0)
(7.15308 1.34577e-06 0)
(7.15311 1.49933e-06 0)
(7.15315 1.65418e-06 0)
(7.15319 1.75617e-06 0)
(7.15324 1.84085e-06 0)
(7.15328 1.80609e-06 0)
(7.15333 1.73178e-06 0)
(7.15337 1.56799e-06 0)
(7.1534 1.34007e-06 0)
(7.15343 1.08362e-06 0)
(7.15345 8.13441e-07 0)
(7.15347 5.44873e-07 0)
(7.15348 2.57791e-07 0)
(7.15348 7.21441e-08 0)
(7.15348 -1.11936e-07 0)
(7.15347 -1.59695e-07 0)
(7.15347 -1.71408e-07 0)
(7.15347 -4.30683e-08 0)
(7.15347 5.10909e-08 0)
(7.15347 2.57668e-07 0)
(7.15348 4.30697e-07 0)
(7.1535 6.46822e-07 0)
(7.15352 8.47356e-07 0)
(7.15354 1.03201e-06 0)
(7.15357 1.21025e-06 0)
(7.1536 1.298e-06 0)
(7.15364 1.43283e-06 0)
(7.15367 1.44244e-06 0)
(7.15371 1.50401e-06 0)
(7.15375 1.44004e-06 0)
(7.15378 1.42437e-06 0)
(7.15382 1.15794e-06 0)
(7.15384 3.22145e-07 0)
(7.15394 -6.93214e-06 0)
(7.15345 -0.000323125 0)
(7.15087 -0.000317117 0)
(5.85654 0.000488194 0)
(5.85523 0.000378201 0)
(5.85501 0.000162193 0)
(5.85488 7.13342e-05 0)
(5.85482 2.51798e-05 0)
(5.85475 6.71233e-06 0)
(5.85466 1.8475e-07 0)
(5.85456 -1.94474e-06 0)
(5.85445 -2.43135e-06 0)
(5.85435 -2.03191e-06 0)
(5.85427 5.82584e-07 0)
(5.85428 8.71136e-06 0)
(5.85446 2.19374e-05 0)
(5.85477 2.67244e-05 0)
(5.85497 1.77887e-05 0)
(5.85499 9.28335e-06 0)
(5.85493 4.79391e-06 0)
(5.85488 2.16411e-06 0)
(5.85483 8.73526e-07 0)
(5.8548 3.44174e-07 0)
(5.85479 1.8694e-07 0)
(5.85478 3.56078e-07 0)
(5.8548 5.69876e-07 0)
(5.85482 9.53777e-07 0)
(5.85487 1.30765e-06 0)
(5.85493 1.61216e-06 0)
(5.855 1.90881e-06 0)
(5.85509 2.10273e-06 0)
(5.85518 2.18102e-06 0)
(5.85528 2.2844e-06 0)
(5.85538 2.25711e-06 0)
(5.85548 2.23689e-06 0)
(5.85557 1.99227e-06 0)
(5.85566 1.35742e-06 0)
(5.85573 -1.6044e-07 0)
(5.85575 -6.35616e-06 0)
(5.85562 -1.78973e-05 0)
(5.85535 -2.46303e-05 0)
(5.85507 -2.20995e-05 0)
(5.85488 -1.572e-05 0)
(5.8548 -8.74235e-06 0)
(5.85477 -4.15758e-06 0)
(5.85478 -1.64936e-06 0)
(5.8548 -4.69843e-07 0)
(5.85482 5.48689e-08 0)
(5.85484 2.47674e-07 0)
(5.85485 3.15696e-07 0)
(5.85487 2.72479e-07 0)
(5.85488 2.30571e-07 0)
(5.85489 1.47874e-07 0)
(5.8549 1.16936e-07 0)
(5.8549 6.55249e-08 0)
(5.8549 3.73996e-08 0)
(5.8549 -2.48524e-08 0)
(5.8549 -2.95843e-08 0)
(5.8549 -3.51156e-08 0)
(5.8549 2.97682e-09 0)
(5.8549 1.81963e-08 0)
(5.85491 7.27435e-08 0)
(5.85492 1.12262e-07 0)
(5.85493 2.33962e-07 0)
(5.85494 3.19362e-07 0)
(5.85497 4.57206e-07 0)
(5.85499 5.62639e-07 0)
(5.85502 6.80251e-07 0)
(5.85505 7.61332e-07 0)
(5.85509 8.42474e-07 0)
(5.85513 9.00442e-07 0)
(5.85517 9.50911e-07 0)
(5.85521 9.30738e-07 0)
(5.85526 8.88423e-07 0)
(5.85529 8.0459e-07 0)
(5.85533 6.88588e-07 0)
(5.85535 5.69537e-07 0)
(5.85537 4.45634e-07 0)
(5.85539 3.20119e-07 0)
(5.8554 1.61443e-07 0)
(5.8554 6.84952e-08 0)
(5.8554 -5.44093e-08 0)
(5.85539 -8.26129e-08 0)
(5.85539 -1.1356e-07 0)
(5.85539 -4.02787e-08 0)
(5.85539 -1.67694e-08 0)
(5.85539 9.14563e-08 0)
(5.8554 1.67569e-07 0)
(5.85542 2.81188e-07 0)
(5.85544 3.79543e-07 0)
(5.85546 4.72573e-07 0)
(5.85549 5.81304e-07 0)
(5.85552 6.18568e-07 0)
(5.85555 7.14481e-07 0)
(5.85559 7.12629e-07 0)
(5.85562 7.65808e-07 0)
(5.85565 7.24767e-07 0)
(5.85569 7.31974e-07 0)
(5.85572 5.64217e-07 0)
(5.85574 -7.53777e-08 0)
(5.85583 -2.97413e-06 0)
(5.85531 -0.000602874 0)
(5.86245 -0.000501561 0)
)
;

boundaryField
{
    inlet
    {
        type            cyclic;
    }
    outlet
    {
        type            cyclic;
    }
    bottomWall
    {
        type            noSlip;
    }
    topWall
    {
        type            noSlip;
    }
    frontAndBack
    {
        type            empty;
    }
}


// ************************************************************************* //
