{
  "case_id": "differential_heated_cavity",
  "measured_at": "2026-04-21T14:23:07Z",
  "duration_s": 1058.471,
  "solver_success": true,
  "key_quantities": {
    "U_max_approx": 6.59819e-06,
    "nusselt_number": 11.367641129032233,
    "midPlaneT": [
      304.117,
      302.445,
      301.421,
      300.962,
      300.727,
      300.585,
      300.488,
      300.418,
      300.364,
      300.322,
      300.288,
      300.259,
      300.235,
      300.215,
      300.197,
      300.182,
      300.168,
      300.155,
      300.144,
      300.134,
      300.125,
      300.116,
      300.108,
      300.1,
      300.092,
      300.085,
      300.079,
      300.072,
      300.066,
      300.06,
      300.054,
      300.048,
      300.042,
      300.036,
      300.03,
      300.024,
      300.019,
      300.013,
      300.008,
      300.002,
      299.996,
      299.991,
      299.985,
      299.979,
      299.974,
      299.968,
      299.962,
      299.957,
      299.951,
      299.945,
      299.939,
      299.932,
      299.926,
      299.919,
      299.913,
      299.905,
      299.898,
      299.89,
      299.882,
      299.873,
      299.864,
      299.853,
      299.842,
      299.83,
      299.816,
      299.8,
      299.782,
      299.762,
      299.737,
      299.709,
      299.674,
      299.632,
      299.578,
      299.508,
      299.411,
      299.269,
      299.035,
      298.579,
      297.565,
      295.888
    ],
    "midPlaneT_y": [
      0.0063,
      0.0187,
      0.0312,
      0.0437,
      0.0563,
      0.0688,
      0.0813,
      0.0938,
      0.1062,
      0.1187,
      0.1313,
      0.1437,
      0.1562,
      0.1688,
      0.1812,
      0.1938,
      0.2062,
      0.2188,
      0.2313,
      0.2437,
      0.2562,
      0.2687,
      0.2812,
      0.2938,
      0.3063,
      0.3187,
      0.3312,
      0.3438,
      0.3563,
      0.3688,
      0.3812,
      0.3937,
      0.4062,
      0.4188,
      0.4313,
      0.4437,
      0.4562,
      0.4688,
      0.4813,
      0.4938,
      0.5062,
      0.5188,
      0.5312,
      0.5437,
      0.5563,
      0.5687,
      0.5813,
      0.5938,
      0.6062,
      0.6188,
      0.6312,
      0.6438,
      0.6562,
      0.6687,
      0.6813,
      0.6937,
      0.7063,
      0.7188,
      0.7312,
      0.7438,
      0.7562,
      0.7688,
      0.7812,
      0.7937,
      0.8063,
      0.8187,
      0.8313,
      0.8438,
      0.8562,
      0.8688,
      0.8812,
      0.8938,
      0.9062,
      0.9187,
      0.9313,
      0.9437,
      0.9563,
      0.9688,
      0.9812,
      0.9938
    ]
  },
  "comparator_passed": false,
  "comparator_summary": "Quantity: nusselt_number | Tolerance: 10.0% | Failed: 1 deviation(s)",
  "deviations": [
    {
      "quantity": "nusselt_number",
      "actual": 11.367641129032233,
      "expected": 8.8
    }
  ]
}