{
  "alpha_deg": 0.0,
  "success": true,
  "is_mock": false,
  "exit_code": null,
  "execution_time_s": 17.746820375090465,
  "wall_clock_s": 17.750160458032042,
  "residuals": {
    "Ux": 4.08398e-07,
    "Uz": 2.95944e-07,
    "p": 9.95003e-07,
    "omega": 2.10842e-08,
    "k": 6.65773e-07
  },
  "key_quantities": {
    "pressure_coefficient_x": [
      0.001,
      0.004,
      0.005,
      0.007,
      0.01,
      0.011,
      0.012,
      0.015,
      0.016,
      0.02,
      0.021,
      0.022,
      0.026,
      0.031,
      0.032,
      0.037,
      0.038,
      0.041,
      0.042,
      0.043,
      0.044,
      0.047,
      0.048,
      0.049,
      0.05,
      0.051,
      0.052,
      0.053,
      0.054,
      0.055,
      0.056,
      0.057,
      0.059,
      0.06,
      0.062,
      0.063,
      0.064,
      0.065,
      0.067,
      0.068,
      0.069,
      0.07,
      0.072,
      0.074,
      0.076,
      0.079,
      0.081,
      0.083,
      0.084,
      0.085,
      0.086,
      0.088,
      0.089,
      0.091,
      0.092,
      0.093,
      0.094,
      0.095,
      0.096,
      0.097,
      0.098,
      0.099,
      0.1,
      0.102,
      0.103,
      0.104,
      0.106,
      0.107,
      0.11,
      0.111,
      0.114,
      0.118,
      0.119,
      0.121,
      0.122,
      0.123,
      0.125,
      0.126,
      0.127,
      0.129,
      0.13,
      0.131,
      0.132,
      0.134,
      0.135,
      0.137,
      0.138,
      0.14,
      0.142,
      0.143,
      0.144,
      0.145,
      0.146,
      0.147,
      0.148,
      0.15,
      0.151,
      0.153,
      0.154,
      0.156,
      0.159,
      0.162,
      0.165,
      0.166,
      0.167,
      0.168,
      0.169,
      0.171,
      0.173,
      0.174,
      0.175,
      0.177,
      0.178,
      0.179,
      0.181,
      0.182,
      0.184,
      0.186,
      0.188,
      0.189,
      0.191,
      0.193,
      0.194,
      0.195,
      0.196,
      0.197,
      0.198,
      0.199,
      0.2,
      0.202,
      0.204,
      0.206,
      0.208,
      0.21,
      0.212,
      0.214,
      0.216,
      0.217,
      0.219,
      0.22,
      0.222,
      0.224,
      0.225,
      0.227,
      0.228,
      0.23,
      0.231,
      0.233,
      0.234,
      0.235,
      0.237,
      0.238,
      0.239,
      0.24,
      0.241,
      0.244,
      0.245,
      0.246,
      0.247,
      0.248,
      0.249,
      0.25,
      0.251,
      0.252,
      0.257,
      0.258,
      0.259,
      0.26,
      0.261,
      0.262,
      0.263,
      0.269,
      0.27,
      0.271,
      0.272,
      0.273,
      0.282,
      0.283,
      0.284,
      0.294,
      0.295,
      0.312,
      0.335,
      0.359,
      0.382,
      0.405,
      0.429,
      0.452,
      0.476,
      0.499,
      0.522,
      0.546,
      0.569,
      0.593,
      0.616,
      0.639,
      0.663,
      0.686,
      0.709,
      0.733,
      0.756,
      0.779,
      0.802,
      0.826,
      0.849,
      0.872,
      0.896,
      0.919,
      0.942,
      0.965,
      0.988
    ],
    "pressure_coefficient": [
      0.4715347399306972,
      0.5681837399306972,
      0.3445687399306972,
      0.41461873993069726,
      0.23733773993069718,
      0.2430557399306972,
      0.1982017399306972,
      0.14921583993069717,
      0.1674498399306972,
      0.07045003993069719,
      0.035450439930697186,
      -0.05551336006930281,
      -0.02276799006930281,
      -0.19858676006930281,
      -0.08285776006930282,
      -0.1533321600693028,
      -0.11429796006930282,
      -0.2828802600693028,
      -0.22066826006930282,
      -0.18991856006930283,
      -0.1547183600693028,
      -0.2395882600693028,
      -0.2369402600693028,
      -0.2199372600693028,
      -0.2027657600693028,
      -0.1875493600693028,
      -0.3347722600693028,
      -0.28713826006930276,
      -0.26232426006930276,
      -0.2445502600693028,
      -0.2284622600693028,
      -0.2967762600693028,
      -0.29407626006930276,
      -0.27976226006930277,
      -0.3670462600693028,
      -0.24861226006930282,
      -0.3303022600693028,
      -0.30993126006930277,
      -0.29407626006930276,
      -0.3354182600693028,
      -0.2788762600693028,
      -0.3316742600693028,
      -0.3868422600693028,
      -0.3586762600693028,
      -0.3413422600693028,
      -0.36173626006930276,
      -0.35673626006930276,
      -0.3989022600693028,
      -0.29818826006930277,
      -0.3773662600693028,
      -0.33193626006930277,
      -0.3622462600693028,
      -0.37950226006930277,
      -0.3487662600693028,
      -0.3734802600693028,
      -0.40608626006930276,
      -0.3351662600693028,
      -0.3626742600693028,
      -0.3894802600693028,
      -0.32117026006930277,
      -0.3500442600693028,
      -0.3760242600693028,
      -0.3911842600693028,
      -0.3365702600693028,
      -0.3844052600693028,
      -0.4100402600693028,
      -0.3501702600693028,
      -0.3968862600693028,
      -0.3619072600693028,
      -0.39843426006930277,
      -0.4118482600693028,
      -0.4009662600693028,
      -0.35984426006930276,
      -0.4024902600693028,
      -0.38982226006930276,
      -0.3693012600693028,
      -0.4120942600693028,
      -0.3948982600693028,
      -0.35657426006930276,
      -0.4026852600693028,
      -0.3848502600693028,
      -0.3656662600693028,
      -0.40426026006930277,
      -0.3922382600693028,
      -0.4112042600693028,
      -0.3964082600693028,
      -0.38083626006930277,
      -0.4027422600693028,
      -0.38644026006930277,
      -0.4043442600693028,
      -0.3686602600693028,
      -0.39271226006930277,
      -0.40947026006930276,
      -0.37522626006930276,
      -0.3962982600693028,
      -0.38155626006930277,
      -0.4015482600693028,
      -0.3863462600693028,
      -0.4031082600693028,
      -0.40703026006930276,
      -0.3949582600693028,
      -0.3993982600693028,
      -0.4009082600693028,
      -0.3629782600693028,
      -0.40403626006930277,
      -0.3897282600693028,
      -0.3688042600693028,
      -0.3926682600693028,
      -0.3965142600693028,
      -0.37878026006930277,
      -0.3980082600693028,
      -0.38260226006930276,
      -0.40059426006930277,
      -0.3868572600693028,
      -0.3668342600693028,
      -0.3896222600693028,
      -0.3930302600693028,
      -0.3945202600693028,
      -0.39670626006930276,
      -0.3794262600693028,
      -0.38329926006930276,
      -0.38594226006930277,
      -0.36388326006930277,
      -0.3890262600693028,
      -0.3680942600693028,
      -0.3905182600693028,
      -0.3722422600693028,
      -0.3924222600693028,
      -0.3755802600693028,
      -0.37916226006930276,
      -0.38172226006930277,
      -0.38456926006930275,
      -0.3860742600693028,
      -0.3877882600693028,
      -0.37117826006930277,
      -0.3745442600693028,
      -0.37705226006930276,
      -0.3797342600693028,
      -0.3812612600693028,
      -0.3828622600693028,
      -0.3632102600693028,
      -0.3663122600693028,
      -0.3695222600693028,
      -0.37200226006930276,
      -0.3745742600693028,
      -0.3761282600693028,
      -0.37767626006930277,
      -0.35446626006930276,
      -0.35801626006930276,
      -0.3610542600693028,
      -0.3641542600693028,
      -0.36662826006930277,
      -0.3691302600693028,
      -0.3707162600693028,
      -0.3722582600693028,
      -0.3454712600693028,
      -0.3490042600693028,
      -0.3524482600693028,
      -0.3554462600693028,
      -0.35846826006930277,
      -0.3609442600693028,
      -0.36340826006930277,
      -0.3650282600693028,
      -0.36659726006930277,
      -0.3431902600693028,
      -0.3465502600693028,
      -0.34952026006930276,
      -0.3524842600693028,
      -0.3574182600693028,
      -0.35907026006930276,
      -0.3606962600693028,
      -0.33703626006930276,
      -0.34031626006930277,
      -0.3461622600693028,
      -0.35108426006930277,
      -0.35446626006930276,
      -0.3367702600693028,
      -0.34447026006930276,
