{
  "alpha_deg": 8.0,
  "success": true,
  "is_mock": false,
  "exit_code": null,
  "execution_time_s": 1828.1611405410804,
  "wall_clock_s": 1828.1726764170453,
  "residuals": {
    "Ux": 2.12568e-08,
    "Uz": 1.23493e-08,
    "p": 1.00155e-06,
    "ReThetat": 2.31652e-09,
    "gammaInt": 0.0568165,
    "omega": 1.42699e-07,
    "k": 1.71469e-07
  },
  "key_quantities": {
    "pressure_coefficient_x": [
      0.0,
      0.001,
      0.002,
      0.003,
      0.004,
      0.005,
      0.006,
      0.007,
      0.008,
      0.009,
      0.01,
      0.011,
      0.012,
      0.013,
      0.014,
      0.015,
      0.016,
      0.017,
      0.018,
      0.019,
      0.02,
      0.021,
      0.022,
      0.023,
      0.024,
      0.025,
      0.026,
      0.027,
      0.028,
      0.029,
      0.03,
      0.031,
      0.032,
      0.033,
      0.034,
      0.035,
      0.036,
      0.037,
      0.038,
      0.039,
      0.04,
      0.041,
      0.042,
      0.043,
      0.044,
      0.045,
      0.046,
      0.047,
      0.048,
      0.049,
      0.05,
      0.051,
      0.052,
      0.053,
      0.054,
      0.055,
      0.056,
      0.057,
      0.058,
      0.059,
      0.06,
      0.061,
      0.062,
      0.063,
      0.064,
      0.065,
      0.066,
      0.067,
      0.068,
      0.069,
      0.07,
      0.071,
      0.072,
      0.073,
      0.074,
      0.075,
      0.076,
      0.077,
      0.078,
      0.079,
      0.08,
      0.081,
      0.082,
      0.083,
      0.084,
      0.085,
      0.086,
      0.087,
      0.088,
      0.089,
      0.09,
      0.091,
      0.092,
      0.093,
      0.094,
      0.095,
      0.096,
      0.097,
      0.098,
      0.099,
      0.1,
      0.101,
      0.102,
      0.103,
      0.104,
      0.105,
      0.106,
      0.107,
      0.108,
      0.109,
      0.11,
      0.111,
      0.112,
      0.113,
      0.114,
      0.115,
      0.116,
      0.117,
      0.118,
      0.119,
      0.12,
      0.121,
      0.122,
      0.123,
      0.124,
      0.125,
      0.126,
      0.127,
      0.128,
      0.129,
      0.13,
      0.131,
      0.132,
      0.133,
      0.134,
      0.135,
      0.136,
      0.137,
      0.138,
      0.139,
      0.14,
      0.141,
      0.142,
      0.143,
      0.144,
      0.145,
      0.146,
      0.147,
      0.148,
      0.149,
      0.15,
      0.151,
      0.152,
      0.153,
      0.154,
      0.155,
      0.156,
      0.157,
      0.158,
      0.159,
      0.16,
      0.161,
      0.162,
      0.163,
      0.164,
      0.165,
      0.166,
      0.167,
      0.168,
      0.169,
      0.17,
      0.171,
      0.172,
      0.173,
      0.174,
      0.175,
      0.176,
      0.177,
      0.178,
      0.179,
      0.18,
      0.181,
      0.182,
      0.183,
      0.184,
      0.185,
      0.186,
      0.187,
      0.188,
      0.189,
      0.19,
      0.191,
      0.192,
      0.193,
      0.194,
      0.195,
      0.196,
      0.197,
      0.198,
      0.199,
      0.2,
      0.201,
      0.202,
      0.203,
      0.204,
      0.205,
      0.206,
      0.207,
      0.208,
      0.209,
      0.21,
      0.211,
      0.212,
      0.213,
      0.214,
      0.215,
      0.216,
      0.217,
      0.218,
      0.219,
      0.22,
      0.221,
      0.222,
      0.223,
      0.224,
      0.225,
      0.226,
      0.227,
      0.228,
      0.229,
      0.23,
      0.231,
      0.232,
      0.233,
      0.234,
      0.235,
      0.236,
      0.237,
      0.238,
      0.239,
      0.24,
      0.241,
      0.242,
      0.243,
      0.244,
      0.245,
      0.246,
      0.247,
      0.248,
      0.249,
      0.25,
      0.251,
      0.252,
      0.253,
      0.254,
      0.255,
      0.256,
      0.257,
      0.258,
      0.259,
      0.26,
      0.261,
      0.262,
      0.263,
      0.264,
      0.265,
      0.266,
      0.267,
      0.268,
      0.269,
      0.27,
      0.271,
      0.272,
      0.273,
      0.274,
      0.275,
      0.276,
      0.277,
      0.278,
      0.279,
      0.28,
      0.281,
      0.282,
      0.283,
      0.284,
      0.285,
      0.286,
      0.287,
      0.288,
      0.289,
      0.291,
      0.292,
      0.295,
      0.298,
      0.304,
      0.311,
      0.318,
      0.325,
      0.332,
      0.339,
      0.346,
      0.353,
      0.36,
      0.367,
      0.374,
      0.381,
      0.388,
      0.395,
      0.402,
      0.409,
      0.416,
      0.423,
      0.43,
      0.437,
      0.444,
      0.451,
      0.458,
      0.465,
      0.472,
      0.479,
      0.486,
      0.493,
      0.5,
      0.507,
      0.514,
      0.521,
      0.528,
      0.535,
      0.542,
      0.549,
      0.556,
      0.563,
      0.57,
      0.577,
      0.584,
      0.591,
      0.598,
      0.605,
      0.612,
      0.619,
      0.626,
      0.633,
      0.64,
      0.647,
      0.654,
      0.661,
      0.668,
      0.675,
      0.682,
      0.689,
      0.696,
      0.703,
      0.71,
      0.717,
      0.724,
      0.731,
      0.738,
      0.745,
      0.752,
      0.759,
      0.766,
      0.773,
      0.78,
      0.787,
      0.794,
      0.801,
      0.808,
      0.815,
      0.822,
      0.829,
      0.836,
      0.843,
      0.85,
      0.857,
      0.864,
      0.871,
      0.878,
      0.885,
      0.892,
      0.899,
      0.906,
      0.913,
      0.92,
      0.927,
      0.934,
      0.941,
      0.948,
      0.955,
      0.962,
      0.969,
      0.976,
      0.983,
      0.99,
      0.997
    ],