{
  "alpha_deg": 8.0,
  "success": true,
  "is_mock": false,
  "exit_code": null,
  "execution_time_s": 31.209513791836798,
  "wall_clock_s": 31.214738874929026,
  "residuals": {
    "Ux": 4.03881e-07,
    "Uz": 4.09362e-07,
    "p": 9.99938e-07,
    "omega": 3.25343e-08,
    "k": 2.31069e-07
  },
  "key_quantities": {
    "pressure_coefficient_x": [
      0.001,
      0.004,
      0.005,
      0.007,
      0.01,
      0.011,
      0.012,
      0.015,
      0.016,
      0.02,
      0.021,
      0.022,
      0.026,
      0.031,
      0.032,
      0.037,
      0.038,
      0.041,
      0.042,
      0.043,
      0.044,
      0.047,
      0.048,
      0.049,
      0.05,
      0.051,
      0.052,
      0.053,
      0.054,
      0.055,
      0.056,
      0.057,
      0.059,
      0.06,
      0.062,
      0.063,
      0.064,
      0.065,
      0.067,
      0.068,
      0.069,
      0.07,
      0.072,
      0.074,
      0.076,
      0.079,
      0.081,
      0.083,
      0.084,
      0.085,
      0.086,
      0.088,
      0.089,
      0.091,
      0.092,
      0.093,
      0.094,
      0.095,
      0.096,
      0.097,
      0.098,
      0.099,
      0.1,
      0.102,
      0.103,
      0.104,
      0.106,
      0.107,
      0.11,
      0.111,
      0.114,
      0.118,
      0.119,
      0.121,
      0.122,
      0.123,
      0.125,
      0.126,
      0.127,
      0.129,
      0.13,
      0.131,
      0.132,
      0.134,
      0.135,
      0.137,
      0.138,
      0.14,
      0.142,
      0.143,
      0.144,
      0.145,
      0.146,
      0.147,
      0.148,
      0.15,
      0.151,
      0.153,
      0.154,
      0.156,
      0.159,
      0.162,
      0.165,
      0.166,
      0.167,
      0.168,
      0.169,
      0.171,
      0.173,
      0.174,
      0.175,
      0.177,
      0.178,
      0.179,
      0.181,
      0.182,
      0.184,
      0.186,
      0.188,
      0.189,
      0.191,
      0.193,
      0.194,
      0.195,
      0.196,
      0.197,
      0.198,
      0.199,
      0.2,
      0.202,
      0.204,
      0.206,
      0.208,
      0.21,
      0.212,
      0.214,
      0.216,
      0.217,
      0.219,
      0.22,
      0.222,
      0.224,
      0.225,
      0.227,
      0.228,
      0.23,
      0.231,
      0.233,
      0.234,
      0.235,
      0.237,
      0.238,
      0.239,
      0.24,
      0.241,
      0.244,
      0.245,
      0.246,
      0.247,
      0.248,
      0.249,
      0.25,
      0.251,
      0.252,
      0.257,
      0.258,
      0.259,
      0.26,
      0.261,
      0.262,
      0.263,
      0.269,
      0.27,
      0.271,
      0.272,
      0.273,
      0.282,
      0.283,
      0.284,
      0.294,
      0.295,
      0.312,
      0.335,
      0.359,
      0.382,
      0.405,
      0.429,
      0.452,
      0.476,
      0.499,
      0.522,
      0.546,
      0.569,
      0.593,
      0.616,
      0.639,
      0.663,
      0.686,
      0.709,
      0.733,
      0.756,
      0.779,
      0.802,
      0.826,
      0.849,
      0.872,
      0.896,
      0.919,
      0.942,
      0.965,
      0.988
    ],
    "pressure_coefficient": [
      0.15249122176540061,
      -0.02054877823459941,
      0.06700022176540063,
      0.08563022176540061,
      -0.0078007782345993724,
      -0.04843077823459943,
      -0.25555577823459935,
      -0.10746977823459938,
      -0.11933177823459937,
      -0.13266377823459943,
      -0.21052677823459934,
      -0.3549797782345994,
      -0.26062377823459937,
      -0.4075037782345993,
      -0.2719317782345993,
      -0.34557377823459934,
      -0.26596777823459933,
      -0.43201977823459936,
      -0.3772677782345993,
      -0.3403847782345994,
      -0.28474077823459937,
      -0.39061277823459933,
      -0.37384577823459936,
      -0.3476027782345994,
      -0.3218457782345993,
      -0.2977137782345993,
      -0.4410607782345994,
      -0.4063467782345993,
      -0.3774697782345994,
      -0.3524717782345993,
      -0.3287797782345994,
      -0.41143177823459937,
      -0.39708477823459937,
      -0.37599277823459937,
      -0.4429197782345993,
      -0.3323187782345994,
      -0.4179587782345993,
      -0.39533477823459934,
      -0.3744757782345994,
      -0.4194237782345993,
      -0.35384877823459937,
      -0.40695277823459935,
      -0.44052177823459937,
      -0.4210787782345994,
      -0.4028047782345993,
      -0.4212477782345993,
      -0.4101107782345994,
      -0.43614977823459933,
      -0.3485887782345994,
      -0.42031477823459934,
      -0.3790567782345993,
      -0.40493077823459933,
      -0.4200897782345993,
      -0.3893627782345993,
      -0.40984777823459934,
      -0.43076977823459933,
      -0.3731067782345994,
      -0.39665377823459935,
      -0.4175647782345994,
      -0.35623377823459934,
      -0.3820177782345993,
      -0.4041167782345994,
      -0.41726677823459934,
      -0.3663217782345994,
      -0.4075397782345994,
      -0.4247647782345994,
      -0.3749597782345993,
      -0.41349677823459935,
      -0.38184277823459933,
      -0.41325477823459933,
      -0.4183538782345993,
      -0.40846487823459937,
      -0.3740957782345994,
      -0.4083586782345993,
      -0.39726107823459933,
      -0.37958677823459935,
      -0.41168347823459933,
      -0.39887957823459935,
      -0.36569467823459934,
      -0.40277647823459933,
      -0.3880196782345993,
      -0.37138197823459934,
      -0.4027469782345993,
      -0.39216337823459935,
      -0.40487497823459934,
      -0.39334617823459933,
      -0.3802226782345994,
      -0.39661267823459934,
      -0.3828942782345994,
      -0.39660167823459935,
      -0.3673796782345994,
      -0.38642887823459937,
      -0.3980205782345994,
      -0.3711977782345994,
      -0.3873653782345993,
      -0.3749158782345993,
      -0.39017247823459933,
      -0.3772076782345994,
      -0.39015767823459935,
      -0.39113897823459937,
      -0.3810946782345993,
      -0.3835741782345994,
      -0.3835643782345993,
      -0.35318937823459934,
      -0.38428357823459935,
      -0.3738946782345994,
      -0.3568953782345994,
      -0.3746363782345994,
      -0.37687837823459935,
      -0.3628761782345994,
      -0.37691067823459934,
      -0.3648004782345993,
      -0.3774814782345994,
      -0.36731037823459933,
      -0.35084277823459936,
      -0.36804867823459936,
      -0.37010887823459937,
      -0.37021247823459935,
      -0.37069677823459934,
      -0.3582062782345994,
      -0.3605455782345994,
      -0.3613237782345993,
      -0.3444068782345993,
      -0.36324677823459933,
      -0.34704167823459936,
      -0.3634252782345993,
      -0.34960647823459934,
      -0.36386327823459935,
      -0.35139707823459937,
      -0.35360497823459935,
      -0.3544341782345994,
      -0.3562524782345993,
      -0.35651607823459935,
      -0.3569391782345993,
      -0.34441907823459933,
      -0.34653727823459934,
      -0.34742207823459936,
      -0.3491622782345994,
      -0.3495302782345993,
      -0.34998117823459934,
      -0.33556527823459936,
      -0.33733907823459935,
      -0.33940317823459937,
      -0.3403587782345993,
      -0.34205287823459934,
      -0.34253387823459935,
      -0.34305187823459937,
      -0.32609057823459936,
      -0.32842737823459933,
      -0.33022857823459933,
      -0.33226167823459934,
      -0.33330277823459936,
      -0.3349840782345993,
      -0.3355771782345993,
      -0.33619228823459935,
      -0.31652487823459935,
      -0.31894947823459935,
      -0.32127627823459937,
      -0.32312447823459933,
      -0.3251530782345993,
      -0.3262877782345993,
      -0.3279769582345994,
      -0.32867694823459936,
      -0.32941108823459936,
      -0.3117951782345994,
      -0.31413747823459937,
      -0.31604777823459934,
      -0.31809902823459935,
      -0.32105524823459936,
      -0.32185753823459934,
      -0.3227260782345993,
      -0.30456697823459933,
      -0.3069457382345993,
      -0.31103580823459936,
      -0.31415545823459934,
      -0.3160728712345994,
      -0.3018933082345993,
