{
  "alpha_deg": 4.0,
  "success": true,
  "is_mock": false,
  "exit_code": null,
  "execution_time_s": 18.998526874929667,
  "wall_clock_s": 19.001779624959454,
  "residuals": {
    "Ux": 7.39546e-07,
    "Uz": 4.36324e-07,
    "p": 9.89047e-07,
    "omega": 1.68214e-08,
    "k": 1.64907e-07
  },
  "key_quantities": {
    "pressure_coefficient_x": [
      0.001,
      0.004,
      0.005,
      0.007,
      0.01,
      0.011,
      0.012,
      0.015,
      0.016,
      0.02,
      0.021,
      0.022,
      0.026,
      0.031,
      0.032,
      0.037,
      0.038,
      0.041,
      0.042,
      0.043,
      0.044,
      0.047,
      0.048,
      0.049,
      0.05,
      0.051,
      0.052,
      0.053,
      0.054,
      0.055,
      0.056,
      0.057,
      0.059,
      0.06,
      0.062,
      0.063,
      0.064,
      0.065,
      0.067,
      0.068,
      0.069,
      0.07,
      0.072,
      0.074,
      0.076,
      0.079,
      0.081,
      0.083,
      0.084,
      0.085,
      0.086,
      0.088,
      0.089,
      0.091,
      0.092,
      0.093,
      0.094,
      0.095,
      0.096,
      0.097,
      0.098,
      0.099,
      0.1,
      0.102,
      0.103,
      0.104,
      0.106,
      0.107,
      0.11,
      0.111,
      0.114,
      0.118,
      0.119,
      0.121,
      0.122,
      0.123,
      0.125,
      0.126,
      0.127,
      0.129,
      0.13,
      0.131,
      0.132,
      0.134,
      0.135,
      0.137,
      0.138,
      0.14,
      0.142,
      0.143,
      0.144,
      0.145,
      0.146,
      0.147,
      0.148,
      0.15,
      0.151,
      0.153,
      0.154,
      0.156,
      0.159,
      0.162,
      0.165,
      0.166,
      0.167,
      0.168,
      0.169,
      0.171,
      0.173,
      0.174,
      0.175,
      0.177,
      0.178,
      0.179,
      0.181,
      0.182,
      0.184,
      0.186,
      0.188,
      0.189,
      0.191,
      0.193,
      0.194,
      0.195,
      0.196,
      0.197,
      0.198,
      0.199,
      0.2,
      0.202,
      0.204,
      0.206,
      0.208,
      0.21,
      0.212,
      0.214,
      0.216,
      0.217,
      0.219,
      0.22,
      0.222,
      0.224,
      0.225,
      0.227,
      0.228,
      0.23,
      0.231,
      0.233,
      0.234,
      0.235,
      0.237,
      0.238,
      0.239,
      0.24,
      0.241,
      0.244,
      0.245,
      0.246,
      0.247,
      0.248,
      0.249,
      0.25,
      0.251,
      0.252,
      0.257,
      0.258,
      0.259,
      0.26,
      0.261,
      0.262,
      0.263,
      0.269,
      0.27,
      0.271,
      0.272,
      0.273,
      0.282,
      0.283,
      0.284,
      0.294,
      0.295,
      0.312,
      0.335,
      0.359,
      0.382,
      0.405,
      0.429,
      0.452,
      0.476,
      0.499,
      0.522,
      0.546,
      0.569,
      0.593,
      0.616,
      0.639,
      0.663,
      0.686,
      0.709,
      0.733,
      0.756,
      0.779,
      0.802,
      0.826,
      0.849,
      0.872,
      0.896,
      0.919,
      0.942,
      0.965,
      0.988
    ],
    "pressure_coefficient": [
      0.361797498414152,
      0.3581068984141519,
      0.2491832984141519,
      0.2982391984141519,
      0.1524838984141519,
      0.1411028984141519,
      0.03161989841415194,
      0.05979189841415192,
      0.06819789841415194,
      -0.0004171015858480953,
      -0.050344101585848094,
      -0.16221610158584807,
      -0.10605610158584808,
      -0.27243910158584805,
      -0.1508091015858481,
      -0.22313510158584807,
      -0.16985810158584805,
      -0.33872710158584807,
      -0.27917910158584813,
      -0.2463131015858481,
      -0.20364310158584806,
      -0.29718710158584805,
      -0.2895441015858481,
      -0.2691621015858481,
      -0.24884210158584805,
      -0.23032810158584807,
      -0.37815520158584803,
      -0.3343370015858481,
      -0.3080782015858481,
      -0.28762370158584816,
      -0.2686818015858481,
      -0.34328130158584813,
      -0.3363689015858481,
      -0.3195190015858481,
      -0.4008322015858481,
      -0.28356950158584815,
      -0.3678087015858481,
      -0.3465663015858481,
      -0.3287749015858481,
      -0.37229540158584806,
      -0.31144930158584805,
      -0.36536710158584806,
      -0.4134884015858481,
      -0.3882717015858481,
      -0.3704919015858481,
      -0.39078760158584813,
      -0.3835229015858481,
      -0.42024726158584813,
      -0.3227519015858481,
      -0.4007849015858481,
      -0.35607250158584813,
      -0.385424201585848,
      -0.4024541515858481,
      -0.37099230158584806,
      -0.3948198515858481,
      -0.4233718015858481,
      -0.3562166015858481,
      -0.38298165158584807,
      -0.4080961315858481,
      -0.3409629015858481,
      -0.3693853315858481,
      -0.394495791585848,
      -0.40937809158584804,
      -0.35486987158584804,
      -0.40145680158584807,
      -0.4241368015858481,
      -0.36705580158584805,
      -0.4117761015858481,
      -0.3774178115858481,
      -0.41288720158584813,
      -0.423284601585848,
      -0.412875601585848,
      -0.37341630158584804,
      -0.4139575015858481,
      -0.4016057015858481,
      -0.38176980158584806,
      -0.42132440158584805,
      -0.40571210158584803,
      -0.3684371015858481,
      -0.4122174015858481,
      -0.39528870158584806,
      -0.37657430158584804,
      -0.4133285015858481,
      -0.4016464015858481,
      -0.4185842015858481,
      -0.40500310158584807,
      -0.38996490158584807,
      -0.41034590158584805,
      -0.3948016015858481,
      -0.41143700158584806,
      -0.3774312015858481,
      -0.40023050158584805,
      -0.415319401585848,
      -0.3832852015858481,
      -0.40311680158584806,
      -0.3888661015858481,
      -0.40759940158584806,
      -0.3930323015858481,
      -0.40866210158584815,
      -0.41162620158584806,
      -0.40033240158584804,
      -0.404178501585848,
      -0.40521790158584814,
      -0.36913030158584803,
      -0.4075732015858481,
      -0.394453101585848,
      -0.374401601585848,
      -0.39683630158584804,
      -0.4002011015858481,
      -0.38335180158584803,
      -0.40125080158584814,
      -0.3867229015858481,
      -0.40318520158584814,
      -0.39048850158584814,
      -0.37120810158584805,
      -0.3927436015858481,
      -0.3957417015858481,
      -0.39681770158584806,
      -0.3984352015858481,
      -0.382513201585848,
      -0.385961401585848,
      -0.38813410158584805,
      -0.36719290158584805,
      -0.39085510158584813,
      -0.37103890158584807,
      -0.39196980158584804,
      -0.3747708015858481,
      -0.39336740158584815,
      -0.3777490015858481,
      -0.3809558015858481,
      -0.3830813015858481,
      -0.385598601585848,
      -0.38676140158584804,
      -0.38801810158584815,
      -0.3725261015858481,
      -0.37555720158584804,
      -0.37766410158584807,
      -0.38004020158584806,
      -0.38125920158584814,
      -0.38244200158584807,
      -0.36412690158584804,
      -0.36692780158584803,
      -0.369834201585848,
      -0.3719435015858481,
      -0.37422580158584806,
      -0.3755033015858481,
      -0.3766661015858481,
      -0.3550086015858481,
      -0.3582550015858481,
      -0.3610171015858481,
      -0.3638393015858481,
      -0.365967501585848,
      -0.3681945015858481,
      -0.36953270158584806,
      -0.37071690158584814,
      -0.345630601585848,
      -0.34891930158584805,
      -0.3520867015858481,
      -0.35482950158584803,
      -0.3575961015858481,
      -0.35975420158584814,
      -0.36195540158584805,
      -0.3633502015858481,
      -0.3645881015858481,
      -0.3425494015858481,
      -0.3456598015858481,
      -0.3483957015858481,
      -0.35112620158584806,
      -0.3555176015858481,
      -0.3569665015858481,
      -0.3582858015858481,
      -0.33590200158584804,
      -0.3389599015858481,
      -0.34438630158584804,
      -0.34881390158584813,
      -0.3517313015858481,
      -0.33484610158584804,
      -0.3419416015858481,
