/*---------------------------------------------------------------------------*\
  =========                 |
  \\      /  F ield         | OpenFOAM: The Open Source CFD Toolbox
   \\    /   O peration     | Website:  https://openfoam.org
    \\  /    A nd           | Version:  11
     \\/     M anipulation  |
\*---------------------------------------------------------------------------*/
Build  : 11-e1fc8c682ae6
Exec   : foamMultiRun
Date   : Jun 03 2026
Time   : 02:17:45
Host   : "66071438344e"
PID    : 173
I/O    : uncollated
Case   : //case
nProcs : 1
sigFpe : Enabling floating point exception trapping (FOAM_SIGFPE).
fileModificationChecking : Monitoring run-time modified files using timeStampMaster (fileModificationSkew 10)
allowSystemOperations : Allowing user-supplied system call operations

// * * * * * * * * * * * * * * * * * * * * * * * * * * * * * * * * * * * * * //
Create time

Selecting solver solid
Selecting thermodynamics package 
{
    type            heSolidThermo;
    mixture         pureMixture;
    transport       constIsoSolid;
    thermo          eConst;
    equationOfState rhoConst;
    specie          specie;
    energy          sensibleInternalEnergy;
}

Selecting default solid thermophysical transport model isotropic
Selecting solver fluid
Selecting thermodynamics package 
{
    type            heRhoThermo;
    mixture         pureMixture;
    transport       const;
    thermo          hConst;
    equationOfState perfectGas;
    specie          specie;
    energy          sensibleEnthalpy;
}

Selecting turbulence model type laminar
Selecting laminar stress model Stokes
No MRF models present

Selecting thermophysical transport type laminar
Selecting default laminar thermophysical transport model unityLewisFourier
Selecting solver fluid
Selecting thermodynamics package 
{
    type            heRhoThermo;
    mixture         pureMixture;
    transport       const;
    thermo          hConst;
    equationOfState perfectGas;
    specie          specie;
    energy          sensibleEnthalpy;
}

Selecting turbulence model type laminar
Selecting laminar stress model Stokes
No MRF models present

Selecting thermophysical transport type laminar
Selecting default laminar thermophysical transport model unityLewisFourier

PIMPLE: Region region_solid
SIMPLE: No convergence criteria found


PIMPLE: Region region_hot_fluid
SIMPLE: No convergence criteria found


PIMPLE: Region region_cold_fluid
SIMPLE: No convergence criteria found


PIMPLE: Operating solver in steady-state mode with 1 outer corrector
PIMPLE: Operating solver in SIMPLE mode



Starting time loop

                  Time = 1s
                  
region_hot_fluid  DILUPBiCGStab:  Solving for Ux, Initial residual = 1, Final residual = 0.0009809266, No Iterations 1
region_hot_fluid  DILUPBiCGStab:  Solving for Uy, Initial residual = 1, Final residual = 0.0008486435, No Iterations 1
region_cold_fluid DILUPBiCGStab:  Solving for Ux, Initial residual = 1, Final residual = 0.0002041311, No Iterations 1
region_cold_fluid DILUPBiCGStab:  Solving for Uy, Initial residual = 1, Final residual = 0.0006192042, No Iterations 1
region_solid      DICPCG:  Solving for e, Initial residual = 1, Final residual = 0.03037399, No Iterations 1
region_hot_fluid  DILUPBiCGStab:  Solving for h, Initial residual = 1, Final residual = 0.00321435, No Iterations 1
region_cold_fluid DILUPBiCGStab:  Solving for h, Initial residual = 1, Final residual = 1.745809e-05, No Iterations 1
region_hot_fluid  GAMG:  Solving for p_rgh, Initial residual = 0.89105, Final residual = 0.001809993, No Iterations 4
region_hot_fluid  time step continuity errors : sum local = 0.004176465, global = -0.001554242, cumulative = -0.001554242
region_cold_fluid GAMG:  Solving for p_rgh, Initial residual = 0.9183145, Final residual = 0.003338237, No Iterations 4
region_cold_fluid time step continuity errors : sum local = 0.02190616, global = -0.004235205, cumulative = -0.004235205
                  ExecutionTime = 0.33657 s  ClockTime = 1 s
                  
                  Time = 2s
                  
region_hot_fluid  DILUPBiCGStab:  Solving for Ux, Initial residual = 0.3194764, Final residual = 0.0005599132, No Iterations 1
region_hot_fluid  DILUPBiCGStab:  Solving for Uy, Initial residual = 0.2547039, Final residual = 0.0003649354, No Iterations 1
region_cold_fluid DILUPBiCGStab:  Solving for Ux, Initial residual = 0.3429214, Final residual = 0.0003112886, No Iterations 1
region_cold_fluid DILUPBiCGStab:  Solving for Uy, Initial residual = 0.2693759, Final residual = 0.0002680352, No Iterations 1
region_solid      DICPCG:  Solving for e, Initial residual = 0.2855042, Final residual = 0.005575916, No Iterations 1
region_hot_fluid  DILUPBiCGStab:  Solving for h, Initial residual = 0.2222023, Final residual = 0.0007340077, No Iterations 1
region_cold_fluid DILUPBiCGStab:  Solving for h, Initial residual = 0.2230301, Final residual = 1.130507e-05, No Iterations 1
region_hot_fluid  GAMG:  Solving for p_rgh, Initial residual = 0.070098, Final residual = 0.0002584839, No Iterations 3
region_hot_fluid  time step continuity errors : sum local = 0.0006055026, global = 1.373972e-06, cumulative = -0.001552868
region_cold_fluid GAMG:  Solving for p_rgh, Initial residual = 0.1776453, Final residual = 0.001323107, No Iterations 3
region_cold_fluid time step continuity errors : sum local = 0.004287337, global = 3.399473e-05, cumulative = -0.00420121
                  ExecutionTime = 0.340483 s  ClockTime = 1 s
                  
                  Time = 3s
                  
region_hot_fluid  DILUPBiCGStab:  Solving for Ux, Initial residual = 0.1997812, Final residual = 0.0003898943, No Iterations 1
region_hot_fluid  DILUPBiCGStab:  Solving for Uy, Initial residual = 0.7651907, Final residual = 0.0007500113, No Iterations 1
region_cold_fluid DILUPBiCGStab:  Solving for Ux, Initial residual = 0.2318004, Final residual = 0.0003040261, No Iterations 1
region_cold_fluid DILUPBiCGStab:  Solving for Uy, Initial residual = 0.7917799, Final residual = 0.0005635905, No Iterations 1
region_solid      DICPCG:  Solving for e, Initial residual = 0.1488601, Final residual = 0.001947532, No Iterations 1
region_hot_fluid  DILUPBiCGStab:  Solving for h, Initial residual = 0.1232291, Final residual = 0.000418253, No Iterations 1
region_cold_fluid DILUPBiCGStab:  Solving for h, Initial residual = 0.1247199, Final residual = 9.892043e-06, No Iterations 1
region_hot_fluid  GAMG:  Solving for p_rgh, Initial residual = 0.2452552, Final residual = 0.0005793224, No Iterations 4
region_hot_fluid  time step continuity errors : sum local = 0.00118492, global = 0.0004676948, cumulative = -0.001085173
region_cold_fluid GAMG:  Solving for p_rgh, Initial residual = 0.4500687, Final residual = 0.002148711, No Iterations 4
region_cold_fluid time step continuity errors : sum local = 0.004620144, global = -0.0008385259, cumulative = -0.005039736
                  ExecutionTime = 0.343118 s  ClockTime = 1 s
                  
                  Time = 4s
                  
region_hot_fluid  DILUPBiCGStab:  Solving for Ux, Initial residual = 0.1347637, Final residual = 0.0002585149, No Iterations 1
region_hot_fluid  DILUPBiCGStab:  Solving for Uy, Initial residual = 0.5227781, Final residual = 0.000605704, No Iterations 1
region_cold_fluid DILUPBiCGStab:  Solving for Ux, Initial residual = 0.1764616, Final residual = 0.0002221974, No Iterations 1
region_cold_fluid DILUPBiCGStab:  Solving for Uy, Initial residual = 0.5798903, Final residual = 0.0004614302, No Iterations 1
region_solid      DICPCG:  Solving for e, Initial residual = 0.08594974, Final residual = 0.001091396, No Iterations 1
region_hot_fluid  DILUPBiCGStab:  Solving for h, Initial residual = 0.08436843, Final residual = 0.0002940278, No Iterations 1
region_cold_fluid DILUPBiCGStab:  Solving for h, Initial residual = 0.08612176, Final residual = 8.908558e-06, No Iterations 1
region_hot_fluid  GAMG:  Solving for p_rgh, Initial residual = 0.1782361, Final residual = 0.0002488991, No Iterations 4
region_hot_fluid  time step continuity errors : sum local = 0.0003560363, global = 0.0001518279, cumulative = -0.0009333456
region_cold_fluid GAMG:  Solving for p_rgh, Initial residual = 0.3289646, Final residual = 0.003056155, No Iterations 3
region_cold_fluid time step continuity errors : sum local = 0.005310603, global = -0.001505061, cumulative = -0.006544796
                  ExecutionTime = 0.345096 s  ClockTime = 1 s
                  
                  Time = 5s
                  
region_hot_fluid  DILUPBiCGStab:  Solving for Ux, Initial residual = 0.09847241, Final residual = 0.000184266, No Iterations 1
region_hot_fluid  DILUPBiCGStab:  Solving for Uy, Initial residual = 0.277586, Final residual = 0.0005003838, No Iterations 1
region_cold_fluid DILUPBiCGStab:  Solving for Ux, Initial residual = 0.1166098, Final residual = 0.0001630907, No Iterations 1
region_cold_fluid DILUPBiCGStab:  Solving for Uy, Initial residual = 0.3352649, Final residual = 0.0004442565, No Iterations 1
region_solid      DICPCG:  Solving for e, Initial residual = 0.05249243, Final residual = 0.0007216831, No Iterations 1
region_hot_fluid  DILUPBiCGStab:  Solving for h, Initial residual = 0.06383632, Final residual = 0.0002272787, No Iterations 1
region_cold_fluid DILUPBiCGStab:  Solving for h, Initial residual = 0.06544788, Final residual = 8.309195e-06, No Iterations 1
region_hot_fluid  GAMG:  Solving for p_rgh, Initial residual = 0.09052945, Final residual = 9.747086e-05, No Iterations 4
region_hot_fluid  time step continuity errors : sum local = 0.0001348484, global = -5.245382e-05, cumulative = -0.0009857994
region_cold_fluid GAMG:  Solving for p_rgh, Initial residual = 0.14478, Final residual = 0.0001556708, No Iterations 4
region_cold_fluid time step continuity errors : sum local = 0.000330948, global = -0.000108606, cumulative = -0.006653402
                  ExecutionTime = 0.347567 s  ClockTime = 1 s
                  
                  Time = 6s
                  
region_hot_fluid  DILUPBiCGStab:  Solving for Ux, Initial residual = 0.07937342, Final residual = 0.0001475851, No Iterations 1
region_hot_fluid  DILUPBiCGStab:  Solving for Uy, Initial residual = 0.2570226, Final residual = 0.0003896447, No Iterations 1
region_cold_fluid DILUPBiCGStab:  Solving for Ux, Initial residual = 0.08731617, Final residual = 0.0001266511, No Iterations 1
region_cold_fluid DILUPBiCGStab:  Solving for Uy, Initial residual = 0.3409604, Final residual = 0.0003418833, No Iterations 1
region_solid      DICPCG:  Solving for e, Initial residual = 0.03255381, Final residual = 0.0004861228, No Iterations 1
region_hot_fluid  DILUPBiCGStab:  Solving for h, Initial residual = 0.05105313, Final residual = 0.0001853214, No Iterations 1
region_cold_fluid DILUPBiCGStab:  Solving for h, Initial residual = 0.05256543, Final residual = 7.778392e-06, No Iterations 1
region_hot_fluid  GAMG:  Solving for p_rgh, Initial residual = 0.06736094, Final residual = 9.978874e-05, No Iterations 4
region_hot_fluid  time step continuity errors : sum local = 0.0001482335, global = -6.14682e-05, cumulative = -0.001047268
region_cold_fluid GAMG:  Solving for p_rgh, Initial residual = 0.08576425, Final residual = 0.0002247697, No Iterations 4
region_cold_fluid time step continuity errors : sum local = 0.0005333968, global = 0.0001761224, cumulative = -0.00647728
                  ExecutionTime = 0.349642 s  ClockTime = 1 s
                  
                  Time = 7s
                  
region_hot_fluid  DILUPBiCGStab:  Solving for Ux, Initial residual = 0.06715432, Final residual = 0.0001257669, No Iterations 1
region_hot_fluid  DILUPBiCGStab:  Solving for Uy, Initial residual = 0.1029404, Final residual = 0.0002383038, No Iterations 1
region_cold_fluid DILUPBiCGStab:  Solving for Ux, Initial residual = 0.07433861, Final residual = 0.0001059983, No Iterations 1
region_cold_fluid DILUPBiCGStab:  Solving for Uy, Initial residual = 0.1292591, Final residual = 0.000209781, No Iterations 1
region_solid      DICPCG:  Solving for e, Initial residual = 0.01983964, Final residual = 0.0003149354, No Iterations 1
region_hot_fluid  DILUPBiCGStab:  Solving for h, Initial residual = 0.04230577, Final residual = 0.0001563978, No Iterations 1
region_cold_fluid DILUPBiCGStab:  Solving for h, Initial residual = 0.04376622, Final residual = 7.418051e-06, No Iterations 1
region_hot_fluid  GAMG:  Solving for p_rgh, Initial residual = 0.03364257, Final residual = 0.0001110844, No Iterations 3
region_hot_fluid  time step continuity errors : sum local = 0.0001738789, global = 5.14413e-05, cumulative = -0.0009958263
region_cold_fluid GAMG:  Solving for p_rgh, Initial residual = 0.05670902, Final residual = 0.000128818, No Iterations 3
region_cold_fluid time step continuity errors : sum local = 0.0003120693, global = 7.264671e-05, cumulative = -0.006404633
                  ExecutionTime = 0.352107 s  ClockTime = 1 s
                  
                  Time = 8s
                  
region_hot_fluid  DILUPBiCGStab:  Solving for Ux, Initial residual = 0.05753411, Final residual = 0.0001081803, No Iterations 1
region_hot_fluid  DILUPBiCGStab:  Solving for Uy, Initial residual = 0.1191136, Final residual = 0.0002296944, No Iterations 1
region_cold_fluid DILUPBiCGStab:  Solving for Ux, Initial residual = 0.06338335, Final residual = 9.092622e-05, No Iterations 1
region_cold_fluid DILUPBiCGStab:  Solving for Uy, Initial residual = 0.1661925, Final residual = 0.000208098, No Iterations 1
region_solid      DICPCG:  Solving for e, Initial residual = 0.01261761, Final residual = 0.000258543, No Iterations 1
region_hot_fluid  DILUPBiCGStab:  Solving for h, Initial residual = 0.03596845, Final residual = 0.0001352486, No Iterations 1
region_cold_fluid DILUPBiCGStab:  Solving for h, Initial residual = 0.0373363, Final residual = 7.059099e-06, No Iterations 1
region_hot_fluid  GAMG:  Solving for p_rgh, Initial residual = 0.03017461, Final residual = 0.0002569861, No Iterations 3
region_hot_fluid  time step continuity errors : sum local = 0.0004087391, global = 0.0001079694, cumulative = -0.0008878569
region_cold_fluid GAMG:  Solving for p_rgh, Initial residual = 0.04955151, Final residual = 0.0001188272, No Iterations 4
region_cold_fluid time step continuity errors : sum local = 0.0002920283, global = 4.496774e-05, cumulative = -0.006359666
                  ExecutionTime = 0.354434 s  ClockTime = 1 s
                  
                  Time = 9s
                  
region_hot_fluid  DILUPBiCGStab:  Solving for Ux, Initial residual = 0.0497159, Final residual = 9.358985e-05, No Iterations 1
region_hot_fluid  DILUPBiCGStab:  Solving for Uy, Initial residual = 0.07782869, Final residual = 0.000159447, No Iterations 1
region_cold_fluid DILUPBiCGStab:  Solving for Ux, Initial residual = 0.05481141, Final residual = 7.858845e-05, No Iterations 1
region_cold_fluid DILUPBiCGStab:  Solving for Uy, Initial residual = 0.1021257, Final residual = 0.0001378871, No Iterations 1
region_solid      DICPCG:  Solving for e, Initial residual = 0.01096604, Final residual = 0.0002068282, No Iterations 1
region_hot_fluid  DILUPBiCGStab:  Solving for h, Initial residual = 0.03118231, Final residual = 0.0001189525, No Iterations 1
region_cold_fluid DILUPBiCGStab:  Solving for h, Initial residual = 0.0324943, Final residual = 6.778938e-06, No Iterations 1
region_hot_fluid  GAMG:  Solving for p_rgh, Initial residual = 0.02057663, Final residual = 0.0001115045, No Iterations 3
region_hot_fluid  time step continuity errors : sum local = 0.0001799173, global = 5.182462e-05, cumulative = -0.0008360323
region_cold_fluid GAMG:  Solving for p_rgh, Initial residual = 0.0364543, Final residual = 0.0003113465, No Iterations 3
region_cold_fluid time step continuity errors : sum local = 0.0007990332, global = -0.0001447955, cumulative = -0.006504461
                  ExecutionTime = 0.356211 s  ClockTime = 1 s
                  
                  Time = 10s
                  
region_hot_fluid  DILUPBiCGStab:  Solving for Ux, Initial residual = 0.04351323, Final residual = 8.197291e-05, No Iterations 1
region_hot_fluid  DILUPBiCGStab:  Solving for Uy, Initial residual = 0.05686894, Final residual = 0.0001275473, No Iterations 1
region_cold_fluid DILUPBiCGStab:  Solving for Ux, Initial residual = 0.04824553, Final residual = 6.913573e-05, No Iterations 1
region_cold_fluid DILUPBiCGStab:  Solving for Uy, Initial residual = 0.06667104, Final residual = 0.0001018574, No Iterations 1
region_solid      DICPCG:  Solving for e, Initial residual = 0.01041657, Final residual = 0.0002091077, No Iterations 1
region_hot_fluid  DILUPBiCGStab:  Solving for h, Initial residual = 0.02739096, Final residual = 0.0001059664, No Iterations 1
region_cold_fluid DILUPBiCGStab:  Solving for h, Initial residual = 0.02865717, Final residual = 6.50487e-06, No Iterations 1
region_hot_fluid  GAMG:  Solving for p_rgh, Initial residual = 0.01906682, Final residual = 1.810598e-05, No Iterations 3
region_hot_fluid  time step continuity errors : sum local = 2.990261e-05, global = -8.652601e-06, cumulative = -0.0008446849
region_cold_fluid GAMG:  Solving for p_rgh, Initial residual = 0.03173011, Final residual = 0.0001819657, No Iterations 2
region_cold_fluid time step continuity errors : sum local = 0.0004937508, global = -0.000111322, cumulative = -0.006615783
                  ExecutionTime = 0.358261 s  ClockTime = 1 s
                  
                  Time = 11s
                  
region_hot_fluid  DILUPBiCGStab:  Solving for Ux, Initial residual = 0.03864296, Final residual = 7.287816e-05, No Iterations 1
region_hot_fluid  DILUPBiCGStab:  Solving for Uy, Initial residual = 0.05003528, Final residual = 0.0001147597, No Iterations 1
region_cold_fluid DILUPBiCGStab:  Solving for Ux, Initial residual = 0.04311506, Final residual = 6.174246e-05, No Iterations 1
region_cold_fluid DILUPBiCGStab:  Solving for Uy, Initial residual = 0.05865339, Final residual = 9.178463e-05, No Iterations 1
region_solid      DICPCG:  Solving for e, Initial residual = 0.01005943, Final residual = 0.0002052331, No Iterations 1
region_hot_fluid  DILUPBiCGStab:  Solving for h, Initial residual = 0.02430555, Final residual = 9.54298e-05, No Iterations 1
region_cold_fluid DILUPBiCGStab:  Solving for h, Initial residual = 0.02553599, Final residual = 6.201847e-06, No Iterations 1
region_hot_fluid  GAMG:  Solving for p_rgh, Initial residual = 0.01650224, Final residual = 0.0001176419, No Iterations 2
region_hot_fluid  time step continuity errors : sum local = 0.0002001453, global = -3.483299e-05, cumulative = -0.0008795178
region_cold_fluid GAMG:  Solving for p_rgh, Initial residual = 0.02795772, Final residual = 0.0001416685, No Iterations 2
region_cold_fluid time step continuity errors : sum local = 0.0004058691, global = -4.405446e-05, cumulative = -0.006659837
                  ExecutionTime = 0.361151 s  ClockTime = 1 s
                  
                  Time = 12s
                  
region_hot_fluid  DILUPBiCGStab:  Solving for Ux, Initial residual = 0.03469258, Final residual = 6.550884e-05, No Iterations 1
region_hot_fluid  DILUPBiCGStab:  Solving for Uy, Initial residual = 0.04385417, Final residual = 0.0001024407, No Iterations 1
region_cold_fluid DILUPBiCGStab:  Solving for Ux, Initial residual = 0.0389239, Final residual = 5.576157e-05, No Iterations 1
region_cold_fluid DILUPBiCGStab:  Solving for Uy, Initial residual = 0.05062383, Final residual = 8.025828e-05, No Iterations 1
region_solid      DICPCG:  Solving for e, Initial residual = 0.01060296, Final residual = 0.0002004522, No Iterations 1
region_hot_fluid  DILUPBiCGStab:  Solving for h, Initial residual = 0.02179223, Final residual = 8.663621e-05, No Iterations 1
region_cold_fluid DILUPBiCGStab:  Solving for h, Initial residual = 0.02298392, Final residual = 5.988207e-06, No Iterations 1
region_hot_fluid  GAMG:  Solving for p_rgh, Initial residual = 0.01375596, Final residual = 2.349011e-05, No Iterations 3
region_hot_fluid  time step continuity errors : sum local = 4.11105e-05, global = 4.697556e-06, cumulative = -0.0008748203
region_cold_fluid GAMG:  Solving for p_rgh, Initial residual = 0.02396058, Final residual = 0.0002159608, No Iterations 2
region_cold_fluid time step continuity errors : sum local = 0.0006489412, global = 5.279639e-05, cumulative = -0.006607041
                  ExecutionTime = 0.363616 s  ClockTime = 1 s
                  
                  Time = 13s
                  
region_hot_fluid  DILUPBiCGStab:  Solving for Ux, Initial residual = 0.03136909, Final residual = 5.933272e-05, No Iterations 1
region_hot_fluid  DILUPBiCGStab:  Solving for Uy, Initial residual = 0.04115776, Final residual = 9.509113e-05, No Iterations 1
region_cold_fluid DILUPBiCGStab:  Solving for Ux, Initial residual = 0.03534069, Final residual = 5.07352e-05, No Iterations 1
region_cold_fluid DILUPBiCGStab:  Solving for Uy, Initial residual = 0.0476606, Final residual = 7.465323e-05, No Iterations 1
region_solid      DICPCG:  Solving for e, Initial residual = 0.01104999, Final residual = 0.0002002301, No Iterations 1
region_hot_fluid  DILUPBiCGStab:  Solving for h, Initial residual = 0.0196736, Final residual = 7.91405e-05, No Iterations 1
region_cold_fluid DILUPBiCGStab:  Solving for h, Initial residual = 0.02082341, Final residual = 5.766668e-06, No Iterations 1
region_hot_fluid  GAMG:  Solving for p_rgh, Initial residual = 0.01272115, Final residual = 1.933896e-05, No Iterations 3
region_hot_fluid  time step continuity errors : sum local = 3.465912e-05, global = 1.144876e-05, cumulative = -0.0008633715
region_cold_fluid GAMG:  Solving for p_rgh, Initial residual = 0.0219686, Final residual = 5.873281e-05, No Iterations 3
region_cold_fluid time step continuity errors : sum local = 0.000183839, global = 4.23717e-05, cumulative = -0.006564669
                  ExecutionTime = 0.365859 s  ClockTime = 1 s
                  
                  Time = 14s
                  
region_hot_fluid  DILUPBiCGStab:  Solving for Ux, Initial residual = 0.02849028, Final residual = 5.413125e-05, No Iterations 1
region_hot_fluid  DILUPBiCGStab:  Solving for Uy, Initial residual = 0.03721668, Final residual = 8.611683e-05, No Iterations 1
region_cold_fluid DILUPBiCGStab:  Solving for Ux, Initial residual = 0.03220922, Final residual = 4.629911e-05, No Iterations 1
region_cold_fluid DILUPBiCGStab:  Solving for Uy, Initial residual = 0.04280347, Final residual = 6.730887e-05, No Iterations 1
region_solid      DICPCG:  Solving for e, Initial residual = 0.01133802, Final residual = 0.0002004889, No Iterations 1
region_hot_fluid  DILUPBiCGStab:  Solving for h, Initial residual = 0.01786095, Final residual = 7.265519e-05, No Iterations 1
region_cold_fluid DILUPBiCGStab:  Solving for h, Initial residual = 0.01896773, Final residual = 5.537211e-06, No Iterations 1
region_hot_fluid  GAMG:  Solving for p_rgh, Initial residual = 0.01184085, Final residual = 1.532849e-05, No Iterations 3
region_hot_fluid  time step continuity errors : sum local = 2.800724e-05, global = 8.883596e-06, cumulative = -0.0008544879
region_cold_fluid GAMG:  Solving for p_rgh, Initial residual = 0.02012959, Final residual = 6.283122e-05, No Iterations 3
region_cold_fluid time step continuity errors : sum local = 0.0002038171, global = 1.625427e-05, cumulative = -0.006548415
                  ExecutionTime = 0.368719 s  ClockTime = 1 s
                  
                  Time = 15s
                  
region_hot_fluid  DILUPBiCGStab:  Solving for Ux, Initial residual = 0.02599959, Final residual = 4.960845e-05, No Iterations 1
region_hot_fluid  DILUPBiCGStab:  Solving for Uy, Initial residual = 0.03377943, Final residual = 7.94037e-05, No Iterations 1
region_cold_fluid DILUPBiCGStab:  Solving for Ux, Initial residual = 0.02951064, Final residual = 4.245612e-05, No Iterations 1
region_cold_fluid DILUPBiCGStab:  Solving for Uy, Initial residual = 0.03908381, Final residual = 6.221942e-05, No Iterations 1
region_solid      DICPCG:  Solving for e, Initial residual = 0.01150905, Final residual = 0.0002008252, No Iterations 1
region_hot_fluid  DILUPBiCGStab:  Solving for h, Initial residual = 0.01629301, Final residual = 6.710594e-05, No Iterations 1
region_cold_fluid DILUPBiCGStab:  Solving for h, Initial residual = 0.01740532, Final residual = 5.366941e-06, No Iterations 1
region_hot_fluid  GAMG:  Solving for p_rgh, Initial residual = 0.01107294, Final residual = 1.324153e-05, No Iterations 3
region_hot_fluid  time step continuity errors : sum local = 2.464734e-05, global = 9.91378e-06, cumulative = -0.0008445742
region_cold_fluid GAMG:  Solving for p_rgh, Initial residual = 0.01866442, Final residual = 5.739061e-05, No Iterations 3
region_cold_fluid time step continuity errors : sum local = 0.0001926774, global = -2.156944e-05, cumulative = -0.006569985
                  ExecutionTime = 0.371494 s  ClockTime = 1 s
                  
                  Time = 16s
                  
region_hot_fluid  DILUPBiCGStab:  Solving for Ux, Initial residual = 0.02384438, Final residual = 4.5695e-05, No Iterations 1
region_hot_fluid  DILUPBiCGStab:  Solving for Uy, Initial residual = 0.03130578, Final residual = 7.357286e-05, No Iterations 1
region_cold_fluid DILUPBiCGStab:  Solving for Ux, Initial residual = 0.02718269, Final residual = 3.915909e-05, No Iterations 1
region_cold_fluid DILUPBiCGStab:  Solving for Uy, Initial residual = 0.03610097, Final residual = 5.753164e-05, No Iterations 1
region_solid      DICPCG:  Solving for e, Initial residual = 0.01159355, Final residual = 0.0002009767, No Iterations 1
region_hot_fluid  DILUPBiCGStab:  Solving for h, Initial residual = 0.01495202, Final residual = 6.2178e-05, No Iterations 1
region_cold_fluid DILUPBiCGStab:  Solving for h, Initial residual = 0.01602479, Final residual = 5.16732e-06, No Iterations 1
region_hot_fluid  GAMG:  Solving for p_rgh, Initial residual = 0.01029647, Final residual = 1.134882e-05, No Iterations 3
region_hot_fluid  time step continuity errors : sum local = 2.151738e-05, global = 9.131851e-06, cumulative = -0.0008354423
region_cold_fluid GAMG:  Solving for p_rgh, Initial residual = 0.01724661, Final residual = 4.432015e-05, No Iterations 3
region_cold_fluid time step continuity errors : sum local = 0.0001537751, global = -2.553115e-05, cumulative = -0.006595516
                  ExecutionTime = 0.373775 s  ClockTime = 1 s
                  
                  Time = 17s
                  
region_hot_fluid  DILUPBiCGStab:  Solving for Ux, Initial residual = 0.02195659, Final residual = 4.22551e-05, No Iterations 1
region_hot_fluid  DILUPBiCGStab:  Solving for Uy, Initial residual = 0.02915086, Final residual = 6.849243e-05, No Iterations 1
region_cold_fluid DILUPBiCGStab:  Solving for Ux, Initial residual = 0.02515364, Final residual = 3.629292e-05, No Iterations 1
region_cold_fluid DILUPBiCGStab:  Solving for Uy, Initial residual = 0.03373747, Final residual = 5.350386e-05, No Iterations 1
region_solid      DICPCG:  Solving for e, Initial residual = 0.01161382, Final residual = 0.0002009529, No Iterations 1
region_hot_fluid  DILUPBiCGStab:  Solving for h, Initial residual = 0.01376383, Final residual = 5.775256e-05, No Iterations 1
region_cold_fluid DILUPBiCGStab:  Solving for h, Initial residual = 0.01479215, Final residual = 4.951789e-06, No Iterations 1
region_hot_fluid  GAMG:  Solving for p_rgh, Initial residual = 0.009536103, Final residual = 1.049483e-05, No Iterations 3
region_hot_fluid  time step continuity errors : sum local = 2.024098e-05, global = 8.172304e-06, cumulative = -0.00082727
region_cold_fluid GAMG:  Solving for p_rgh, Initial residual = 0.01595227, Final residual = 4.546963e-05, No Iterations 3
region_cold_fluid time step continuity errors : sum local = 0.0001627185, global = -1.705429e-05, cumulative = -0.00661257
                  ExecutionTime = 0.377069 s  ClockTime = 1 s
                  
                  Time = 18s
                  
region_hot_fluid  DILUPBiCGStab:  Solving for Ux, Initial residual = 0.02028244, Final residual = 3.918421e-05, No Iterations 1
region_hot_fluid  DILUPBiCGStab:  Solving for Uy, Initial residual = 0.02718511, Final residual = 6.416742e-05, No Iterations 1
region_cold_fluid DILUPBiCGStab:  Solving for Ux, Initial residual = 0.02336002, Final residual = 3.375785e-05, No Iterations 1
region_cold_fluid DILUPBiCGStab:  Solving for Uy, Initial residual = 0.03176301, Final residual = 5.018854e-05, No Iterations 1
region_solid      DICPCG:  Solving for e, Initial residual = 0.01158648, Final residual = 0.0002007523, No Iterations 1
region_hot_fluid  DILUPBiCGStab:  Solving for h, Initial residual = 0.01270186, Final residual = 5.376465e-05, No Iterations 1
region_cold_fluid DILUPBiCGStab:  Solving for h, Initial residual = 0.01372335, Final residual = 4.813605e-06, No Iterations 1
region_hot_fluid  GAMG:  Solving for p_rgh, Initial residual = 0.008868828, Final residual = 9.653814e-06, No Iterations 3
region_hot_fluid  time step continuity errors : sum local = 1.891023e-05, global = 7.120711e-06, cumulative = -0.0008201493
region_cold_fluid GAMG:  Solving for p_rgh, Initial residual = 0.01481023, Final residual = 4.464664e-05, No Iterations 3
region_cold_fluid time step continuity errors : sum local = 0.0001643947, global = -7.855673e-06, cumulative = -0.006620426
                  ExecutionTime = 0.379616 s  ClockTime = 1 s
                  
                  Time = 19s
                  
region_hot_fluid  DILUPBiCGStab:  Solving for Ux, Initial residual = 0.01878717, Final residual = 3.642207e-05, No Iterations 1
region_hot_fluid  DILUPBiCGStab:  Solving for Uy, Initial residual = 0.02537865, Final residual = 6.005719e-05, No Iterations 1
region_cold_fluid DILUPBiCGStab:  Solving for Ux, Initial residual = 0.02174798, Final residual = 3.146678e-05, No Iterations 1
region_cold_fluid DILUPBiCGStab:  Solving for Uy, Initial residual = 0.02995124, Final residual = 4.71679e-05, No Iterations 1
region_solid      DICPCG:  Solving for e, Initial residual = 0.01153611, Final residual = 0.0002005996, No Iterations 1
region_hot_fluid  DILUPBiCGStab:  Solving for h, Initial residual = 0.01174845, Final residual = 5.01732e-05, No Iterations 1
region_cold_fluid DILUPBiCGStab:  Solving for h, Initial residual = 0.01276147, Final residual = 4.642013e-06, No Iterations 1
region_hot_fluid  GAMG:  Solving for p_rgh, Initial residual = 0.008280832, Final residual = 8.630125e-06, No Iterations 3
region_hot_fluid  time step continuity errors : sum local = 1.714408e-05, global = 6.538177e-06, cumulative = -0.0008136111
region_cold_fluid GAMG:  Solving for p_rgh, Initial residual = 0.01379949, Final residual = 4.025357e-05, No Iterations 3
region_cold_fluid time step continuity errors : sum local = 0.0001521832, global = -6.370979e-06, cumulative = -0.006626797
                  ExecutionTime = 0.382854 s  ClockTime = 1 s
                  
                  Time = 20s
                  
region_hot_fluid  DILUPBiCGStab:  Solving for Ux, Initial residual = 0.01744452, Final residual = 3.392566e-05, No Iterations 1
region_hot_fluid  DILUPBiCGStab:  Solving for Uy, Initial residual = 0.02383425, Final residual = 5.628525e-05, No Iterations 1
region_cold_fluid DILUPBiCGStab:  Solving for Ux, Initial residual = 0.02029091, Final residual = 2.938791e-05, No Iterations 1
region_cold_fluid DILUPBiCGStab:  Solving for Uy, Initial residual = 0.02821501, Final residual = 4.433573e-05, No Iterations 1
region_solid      DICPCG:  Solving for e, Initial residual = 0.01146834, Final residual = 0.0002004257, No Iterations 1
region_hot_fluid  DILUPBiCGStab:  Solving for h, Initial residual = 0.01090784, Final residual = 4.689546e-05, No Iterations 1
region_cold_fluid DILUPBiCGStab:  Solving for h, Initial residual = 0.01188688, Final residual = 4.462336e-06, No Iterations 1
region_hot_fluid  GAMG:  Solving for p_rgh, Initial residual = 0.007729844, Final residual = 7.643657e-06, No Iterations 3
region_hot_fluid  time step continuity errors : sum local = 1.538394e-05, global = 6.009121e-06, cumulative = -0.000807602
region_cold_fluid GAMG:  Solving for p_rgh, Initial residual = 0.01288285, Final residual = 3.522743e-05, No Iterations 3
region_cold_fluid time step continuity errors : sum local = 0.0001365133, global = -1.255482e-05, cumulative = -0.006639351
                  ExecutionTime = 0.385394 s  ClockTime = 1 s
                  
                  Time = 21s
                  
region_hot_fluid  DILUPBiCGStab:  Solving for Ux, Initial residual = 0.01623338, Final residual = 3.16615e-05, No Iterations 1
region_hot_fluid  DILUPBiCGStab:  Solving for Uy, Initial residual = 0.02244312, Final residual = 5.293778e-05, No Iterations 1
region_cold_fluid DILUPBiCGStab:  Solving for Ux, Initial residual = 0.01897277, Final residual = 2.750183e-05, No Iterations 1
region_cold_fluid DILUPBiCGStab:  Solving for Uy, Initial residual = 0.02662877, Final residual = 4.173167e-05, No Iterations 1
region_solid      DICPCG:  Solving for e, Initial residual = 0.0113825, Final residual = 0.0002000191, No Iterations 1
region_hot_fluid  DILUPBiCGStab:  Solving for h, Initial residual = 0.01013583, Final residual = 4.386834e-05, No Iterations 1
region_cold_fluid DILUPBiCGStab:  Solving for h, Initial residual = 0.01109225, Final residual = 4.323762e-06, No Iterations 1
region_hot_fluid  GAMG:  Solving for p_rgh, Initial residual = 0.007215404, Final residual = 6.852197e-06, No Iterations 3
region_hot_fluid  time step continuity errors : sum local = 1.395995e-05, global = 5.396992e-06, cumulative = -0.000802205
region_cold_fluid GAMG:  Solving for p_rgh, Initial residual = 0.01204095, Final residual = 2.884767e-05, No Iterations 3
region_cold_fluid time step continuity errors : sum local = 0.0001144255, global = -1.704757e-05, cumulative = -0.006656399
                  ExecutionTime = 0.388054 s  ClockTime = 1 s
                  
                  Time = 22s
                  
region_hot_fluid  DILUPBiCGStab:  Solving for Ux, Initial residual = 0.01513569, Final residual = 2.960086e-05, No Iterations 1
region_hot_fluid  DILUPBiCGStab:  Solving for Uy, Initial residual = 0.02114924, Final residual = 4.985014e-05, No Iterations 1
region_cold_fluid DILUPBiCGStab:  Solving for Ux, Initial residual = 0.01777949, Final residual = 2.579603e-05, No Iterations 1
region_cold_fluid DILUPBiCGStab:  Solving for Uy, Initial residual = 0.02535739, Final residual = 3.942253e-05, No Iterations 1
region_solid      DICPCG:  Solving for e, Initial residual = 0.01128362, Final residual = 0.0001994612, No Iterations 1
region_hot_fluid  DILUPBiCGStab:  Solving for h, Initial residual = 0.009425236, Final residual = 4.101963e-05, No Iterations 1
region_cold_fluid DILUPBiCGStab:  Solving for h, Initial residual = 0.01038231, Final residual = 4.169352e-06, No Iterations 1
region_hot_fluid  GAMG:  Solving for p_rgh, Initial residual = 0.006756937, Final residual = 6.212279e-06, No Iterations 3
region_hot_fluid  time step continuity errors : sum local = 1.279851e-05, global = 4.772937e-06, cumulative = -0.0007974321
region_cold_fluid GAMG:  Solving for p_rgh, Initial residual = 0.01126685, Final residual = 2.396268e-05, No Iterations 3
region_cold_fluid time step continuity errors : sum local = 9.717137e-05, global = -1.714199e-05, cumulative = -0.006673541
                  ExecutionTime = 0.390855 s  ClockTime = 1 s
                  
                  Time = 23s
                  
region_hot_fluid  DILUPBiCGStab:  Solving for Ux, Initial residual = 0.0141361, Final residual = 2.771187e-05, No Iterations 1
region_hot_fluid  DILUPBiCGStab:  Solving for Uy, Initial residual = 0.01999494, Final residual = 4.710344e-05, No Iterations 1
region_cold_fluid DILUPBiCGStab:  Solving for Ux, Initial residual = 0.01669141, Final residual = 2.423863e-05, No Iterations 1
region_cold_fluid DILUPBiCGStab:  Solving for Uy, Initial residual = 0.02420303, Final residual = 3.740073e-05, No Iterations 1
region_solid      DICPCG:  Solving for e, Initial residual = 0.01117569, Final residual = 0.0001986637, No Iterations 1
region_hot_fluid  DILUPBiCGStab:  Solving for h, Initial residual = 0.008762187, Final residual = 3.83264e-05, No Iterations 1
region_cold_fluid DILUPBiCGStab:  Solving for h, Initial residual = 0.009725382, Final residual = 4.003565e-06, No Iterations 1
region_hot_fluid  GAMG:  Solving for p_rgh, Initial residual = 0.006338398, Final residual = 6.313454e-05, No Iterations 2
region_hot_fluid  time step continuity errors : sum local = 0.0001314411, global = 2.944847e-05, cumulative = -0.0007679836
region_cold_fluid GAMG:  Solving for p_rgh, Initial residual = 0.0105669, Final residual = 0.0001039056, No Iterations 2
region_cold_fluid time step continuity errors : sum local = 0.0004302449, global = -3.842528e-05, cumulative = -0.006711966
                  ExecutionTime = 0.396885 s  ClockTime = 1 s
                  
                  Time = 24s
                  
region_hot_fluid  DILUPBiCGStab:  Solving for Ux, Initial residual = 0.01322264, Final residual = 2.597423e-05, No Iterations 1
region_hot_fluid  DILUPBiCGStab:  Solving for Uy, Initial residual = 0.01897278, Final residual = 4.457587e-05, No Iterations 1
region_cold_fluid DILUPBiCGStab:  Solving for Ux, Initial residual = 0.01568881, Final residual = 2.279602e-05, No Iterations 1
region_cold_fluid DILUPBiCGStab:  Solving for Uy, Initial residual = 0.02322406, Final residual = 3.555538e-05, No Iterations 1
region_solid      DICPCG:  Solving for e, Initial residual = 0.01107776, Final residual = 0.0001978815, No Iterations 1
region_hot_fluid  DILUPBiCGStab:  Solving for h, Initial residual = 0.008147393, Final residual = 3.581983e-05, No Iterations 1
region_cold_fluid DILUPBiCGStab:  Solving for h, Initial residual = 0.009111426, Final residual = 3.886074e-06, No Iterations 1
region_hot_fluid  GAMG:  Solving for p_rgh, Initial residual = 0.005952888, Final residual = 5.637081e-05, No Iterations 2
region_hot_fluid  time step continuity errors : sum local = 0.0001185535, global = 3.187246e-05, cumulative = -0.0007361111
region_cold_fluid GAMG:  Solving for p_rgh, Initial residual = 0.009973083, Final residual = 1.814202e-05, No Iterations 3
region_cold_fluid time step continuity errors : sum local = 7.660552e-05, global = -1.671795e-05, cumulative = -0.006728684
                  ExecutionTime = 0.399532 s  ClockTime = 1 s
                  
                  Time = 25s
                  
region_hot_fluid  DILUPBiCGStab:  Solving for Ux, Initial residual = 0.01238292, Final residual = 2.43685e-05, No Iterations 1
region_hot_fluid  DILUPBiCGStab:  Solving for Uy, Initial residual = 0.01805209, Final residual = 4.216585e-05, No Iterations 1
region_cold_fluid DILUPBiCGStab:  Solving for Ux, Initial residual = 0.01477339, Final residual = 2.148484e-05, No Iterations 1
region_cold_fluid DILUPBiCGStab:  Solving for Uy, Initial residual = 0.0220199, Final residual = 3.366549e-05, No Iterations 1
region_solid      DICPCG:  Solving for e, Initial residual = 0.01098066, Final residual = 0.0001968716, No Iterations 1
region_hot_fluid  DILUPBiCGStab:  Solving for h, Initial residual = 0.007596753, Final residual = 3.350869e-05, No Iterations 1
region_cold_fluid DILUPBiCGStab:  Solving for h, Initial residual = 0.008560591, Final residual = 3.750467e-06, No Iterations 1
region_hot_fluid  GAMG:  Solving for p_rgh, Initial residual = 0.00557958, Final residual = 5.076469e-05, No Iterations 2
region_hot_fluid  time step continuity errors : sum local = 0.0001077606, global = 3.000689e-05, cumulative = -0.0007061042
region_cold_fluid GAMG:  Solving for p_rgh, Initial residual = 0.009326456, Final residual = 8.283473e-05, No Iterations 2
region_cold_fluid time step continuity errors : sum local = 0.0003564437, global = -3.775522e-05, cumulative = -0.006766439
                  ExecutionTime = 0.402864 s  ClockTime = 1 s
                  
                  Time = 26s
                  
region_hot_fluid  DILUPBiCGStab:  Solving for Ux, Initial residual = 0.01160914, Final residual = 2.288059e-05, No Iterations 1
region_hot_fluid  DILUPBiCGStab:  Solving for Uy, Initial residual = 0.01716731, Final residual = 4.007634e-05, No Iterations 1
region_cold_fluid DILUPBiCGStab:  Solving for Ux, Initial residual = 0.01391999, Final residual = 2.025201e-05, No Iterations 1
region_cold_fluid DILUPBiCGStab:  Solving for Uy, Initial residual = 0.02124652, Final residual = 3.212294e-05, No Iterations 1
region_solid      DICPCG:  Solving for e, Initial residual = 0.010881, Final residual = 0.000195589, No Iterations 1
region_hot_fluid  DILUPBiCGStab:  Solving for h, Initial residual = 0.007087314, Final residual = 3.135201e-05, No Iterations 1
region_cold_fluid DILUPBiCGStab:  Solving for h, Initial residual = 0.008051304, Final residual = 3.601705e-06, No Iterations 1
region_hot_fluid  GAMG:  Solving for p_rgh, Initial residual = 0.005232454, Final residual = 4.643835e-05, No Iterations 2
region_hot_fluid  time step continuity errors : sum local = 9.944974e-05, global = 2.744408e-05, cumulative = -0.0006786602
region_cold_fluid GAMG:  Solving for p_rgh, Initial residual = 0.008806581, Final residual = 7.947883e-05, No Iterations 2
region_cold_fluid time step continuity errors : sum local = 0.0003480827, global = -4.328354e-05, cumulative = -0.006809723
                  ExecutionTime = 0.405466 s  ClockTime = 1 s
                  
                  Time = 27s
                  
region_hot_fluid  DILUPBiCGStab:  Solving for Ux, Initial residual = 0.01089484, Final residual = 2.149995e-05, No Iterations 1
region_hot_fluid  DILUPBiCGStab:  Solving for Uy, Initial residual = 0.01637769, Final residual = 3.809331e-05, No Iterations 1
region_cold_fluid DILUPBiCGStab:  Solving for Ux, Initial residual = 0.01313162, Final residual = 1.911175e-05, No Iterations 1
region_cold_fluid DILUPBiCGStab:  Solving for Uy, Initial residual = 0.02043247, Final residual = 3.060931e-05, No Iterations 1
region_solid      DICPCG:  Solving for e, Initial residual = 0.01078034, Final residual = 0.0001940336, No Iterations 1
region_hot_fluid  DILUPBiCGStab:  Solving for h, Initial residual = 0.006614299, Final residual = 2.934955e-05, No Iterations 1
region_cold_fluid DILUPBiCGStab:  Solving for h, Initial residual = 0.007566964, Final residual = 3.473758e-06, No Iterations 1
region_hot_fluid  GAMG:  Solving for p_rgh, Initial residual = 0.004919041, Final residual = 4.267975e-05, No Iterations 2
region_hot_fluid  time step continuity errors : sum local = 9.217091e-05, global = 2.549576e-05, cumulative = -0.0006531644
region_cold_fluid GAMG:  Solving for p_rgh, Initial residual = 0.008290841, Final residual = 7.007644e-05, No Iterations 2
region_cold_fluid time step continuity errors : sum local = 0.0003121391, global = -4.495603e-05, cumulative = -0.006854679
                  ExecutionTime = 0.408125 s  ClockTime = 1 s
                  
                  Time = 28s
                  
region_hot_fluid  DILUPBiCGStab:  Solving for Ux, Initial residual = 0.01023409, Final residual = 2.021623e-05, No Iterations 1
region_hot_fluid  DILUPBiCGStab:  Solving for Uy, Initial residual = 0.01566968, Final residual = 3.620217e-05, No Iterations 1
region_cold_fluid DILUPBiCGStab:  Solving for Ux, Initial residual = 0.01240253, Final residual = 1.805506e-05, No Iterations 1
region_cold_fluid DILUPBiCGStab:  Solving for Uy, Initial residual = 0.01958692, Final residual = 2.9172e-05, No Iterations 1
region_solid      DICPCG:  Solving for e, Initial residual = 0.01068811, Final residual = 0.0001922798, No Iterations 1
region_hot_fluid  DILUPBiCGStab:  Solving for h, Initial residual = 0.006179607, Final residual = 2.748209e-05, No Iterations 1
region_cold_fluid DILUPBiCGStab:  Solving for h, Initial residual = 0.007109208, Final residual = 3.351949e-06, No Iterations 1
region_hot_fluid  GAMG:  Solving for p_rgh, Initial residual = 0.004621367, Final residual = 3.89492e-05, No Iterations 2
region_hot_fluid  time step continuity errors : sum local = 8.478374e-05, global = 2.422875e-05, cumulative = -0.0006289357
region_cold_fluid GAMG:  Solving for p_rgh, Initial residual = 0.007812162, Final residual = 6.101418e-05, No Iterations 2
region_cold_fluid time step continuity errors : sum local = 0.0002762096, global = -4.353694e-05, cumulative = -0.006898216
                  ExecutionTime = 0.410395 s  ClockTime = 1 s
                  
                  Time = 29s
                  
region_hot_fluid  DILUPBiCGStab:  Solving for Ux, Initial residual = 0.009621288, Final residual = 1.90197e-05, No Iterations 1
region_hot_fluid  DILUPBiCGStab:  Solving for Uy, Initial residual = 0.01499984, Final residual = 3.453398e-05, No Iterations 1
region_cold_fluid DILUPBiCGStab:  Solving for Ux, Initial residual = 0.0117241, Final residual = 1.706899e-05, No Iterations 1
region_cold_fluid DILUPBiCGStab:  Solving for Uy, Initial residual = 0.01885183, Final residual = 2.786197e-05, No Iterations 1
region_solid      DICPCG:  Solving for e, Initial residual = 0.01060712, Final residual = 0.0001904476, No Iterations 1
region_hot_fluid  DILUPBiCGStab:  Solving for h, Initial residual = 0.005777234, Final residual = 2.573367e-05, No Iterations 1
region_cold_fluid DILUPBiCGStab:  Solving for h, Initial residual = 0.006690516, Final residual = 3.216083e-06, No Iterations 1
region_hot_fluid  GAMG:  Solving for p_rgh, Initial residual = 0.004339865, Final residual = 3.543866e-05, No Iterations 2
region_hot_fluid  time step continuity errors : sum local = 7.771547e-05, global = 2.306731e-05, cumulative = -0.0006058684
region_cold_fluid GAMG:  Solving for p_rgh, Initial residual = 0.007369083, Final residual = 5.396122e-05, No Iterations 2
region_cold_fluid time step continuity errors : sum local = 0.0002480782, global = -4.104868e-05, cumulative = -0.006939265
                  ExecutionTime = 0.412544 s  ClockTime = 1 s
                  
                  Time = 30s
                  
region_hot_fluid  DILUPBiCGStab:  Solving for Ux, Initial residual = 0.009050867, Final residual = 1.790008e-05, No Iterations 1
region_hot_fluid  DILUPBiCGStab:  Solving for Uy, Initial residual = 0.01434679, Final residual = 3.285167e-05, No Iterations 1
region_cold_fluid DILUPBiCGStab:  Solving for Ux, Initial residual = 0.01108965, Final residual = 1.614379e-05, No Iterations 1
region_cold_fluid DILUPBiCGStab:  Solving for Uy, Initial residual = 0.01820011, Final residual = 2.653883e-05, No Iterations 1
region_solid      DICPCG:  Solving for e, Initial residual = 0.01052694, Final residual = 0.000188419, No Iterations 1
region_hot_fluid  DILUPBiCGStab:  Solving for h, Initial residual = 0.005402629, Final residual = 2.411475e-05, No Iterations 1
region_cold_fluid DILUPBiCGStab:  Solving for h, Initial residual = 0.00629202, Final residual = 3.076339e-06, No Iterations 1
region_hot_fluid  GAMG:  Solving for p_rgh, Initial residual = 0.00406914, Final residual = 3.238544e-05, No Iterations 2
region_hot_fluid  time step continuity errors : sum local = 7.151555e-05, global = 2.169146e-05, cumulative = -0.0005841769
region_cold_fluid GAMG:  Solving for p_rgh, Initial residual = 0.006954623, Final residual = 4.782095e-05, No Iterations 2
region_cold_fluid time step continuity errors : sum local = 0.0002230957, global = -3.889522e-05, cumulative = -0.00697816
                  ExecutionTime = 0.415052 s  ClockTime = 1 s
                  
                  Time = 31s
                  
region_hot_fluid  DILUPBiCGStab:  Solving for Ux, Initial residual = 0.008518838, Final residual = 1.685036e-05, No Iterations 1
region_hot_fluid  DILUPBiCGStab:  Solving for Uy, Initial residual = 0.01375525, Final residual = 3.128257e-05, No Iterations 1
region_cold_fluid DILUPBiCGStab:  Solving for Ux, Initial residual = 0.01049523, Final residual = 1.527342e-05, No Iterations 1
region_cold_fluid DILUPBiCGStab:  Solving for Uy, Initial residual = 0.01757222, Final residual = 2.54516e-05, No Iterations 1
region_solid      DICPCG:  Solving for e, Initial residual = 0.01044813, Final residual = 0.0001861592, No Iterations 1
region_hot_fluid  DILUPBiCGStab:  Solving for h, Initial residual = 0.005056375, Final residual = 2.261392e-05, No Iterations 1
region_cold_fluid DILUPBiCGStab:  Solving for h, Initial residual = 0.005913874, Final residual = 2.964104e-06, No Iterations 1
region_hot_fluid  GAMG:  Solving for p_rgh, Initial residual = 0.003820872, Final residual = 2.977614e-05, No Iterations 2
region_hot_fluid  time step continuity errors : sum local = 6.61847e-05, global = 2.013578e-05, cumulative = -0.0005640411
region_cold_fluid GAMG:  Solving for p_rgh, Initial residual = 0.006567521, Final residual = 4.191868e-05, No Iterations 2
region_cold_fluid time step continuity errors : sum local = 0.0001983134, global = -3.720993e-05, cumulative = -0.00701537
                  ExecutionTime = 0.41704 s  ClockTime = 1 s
                  
                  Time = 32s
                  
region_hot_fluid  DILUPBiCGStab:  Solving for Ux, Initial residual = 0.008022016, Final residual = 1.586522e-05, No Iterations 1
region_hot_fluid  DILUPBiCGStab:  Solving for Uy, Initial residual = 0.01322174, Final residual = 2.989958e-05, No Iterations 1
region_cold_fluid DILUPBiCGStab:  Solving for Ux, Initial residual = 0.009938656, Final residual = 1.445621e-05, No Iterations 1
region_cold_fluid DILUPBiCGStab:  Solving for Uy, Initial residual = 0.01694162, Final residual = 2.428862e-05, No Iterations 1
region_solid      DICPCG:  Solving for e, Initial residual = 0.01037493, Final residual = 0.0001836502, No Iterations 1
region_hot_fluid  DILUPBiCGStab:  Solving for h, Initial residual = 0.004736979, Final residual = 2.120564e-05, No Iterations 1
region_cold_fluid DILUPBiCGStab:  Solving for h, Initial residual = 0.005554163, Final residual = 2.84218e-06, No Iterations 1
region_hot_fluid  GAMG:  Solving for p_rgh, Initial residual = 0.003588381, Final residual = 2.757753e-05, No Iterations 2
region_hot_fluid  time step continuity errors : sum local = 6.167966e-05, global = 1.856174e-05, cumulative = -0.0005454794
region_cold_fluid GAMG:  Solving for p_rgh, Initial residual = 0.00620967, Final residual = 3.628539e-05, No Iterations 2
region_cold_fluid time step continuity errors : sum local = 0.0001739804, global = -3.524268e-05, cumulative = -0.007050612
                  ExecutionTime = 0.418697 s  ClockTime = 1 s
                  
                  Time = 33s
                  
region_hot_fluid  DILUPBiCGStab:  Solving for Ux, Initial residual = 0.007557407, Final residual = 1.493976e-05, No Iterations 1
region_hot_fluid  DILUPBiCGStab:  Solving for Uy, Initial residual = 0.01269916, Final residual = 2.849031e-05, No Iterations 1
region_cold_fluid DILUPBiCGStab:  Solving for Ux, Initial residual = 0.009416835, Final residual = 1.368833e-05, No Iterations 1
region_cold_fluid DILUPBiCGStab:  Solving for Uy, Initial residual = 0.01632894, Final residual = 2.317581e-05, No Iterations 1
region_solid      DICPCG:  Solving for e, Initial residual = 0.01031694, Final residual = 0.0001811262, No Iterations 1
region_hot_fluid  DILUPBiCGStab:  Solving for h, Initial residual = 0.004438566, Final residual = 1.988779e-05, No Iterations 1
region_cold_fluid DILUPBiCGStab:  Solving for h, Initial residual = 0.005231527, Final residual = 2.71645e-06, No Iterations 1
region_hot_fluid  GAMG:  Solving for p_rgh, Initial residual = 0.00336441, Final residual = 2.556233e-05, No Iterations 2
region_hot_fluid  time step continuity errors : sum local = 5.751253e-05, global = 1.708957e-05, cumulative = -0.0005283898
region_cold_fluid GAMG:  Solving for p_rgh, Initial residual = 0.005872178, Final residual = 3.15534e-05, No Iterations 2
region_cold_fluid time step continuity errors : sum local = 0.0001532488, global = -3.282563e-05, cumulative = -0.007083438
                  ExecutionTime = 0.420257 s  ClockTime = 1 s
                  
                  Time = 34s
                  
region_hot_fluid  DILUPBiCGStab:  Solving for Ux, Initial residual = 0.007122172, Final residual = 1.406954e-05, No Iterations 1
region_hot_fluid  DILUPBiCGStab:  Solving for Uy, Initial residual = 0.01219704, Final residual = 2.717535e-05, No Iterations 1
region_cold_fluid DILUPBiCGStab:  Solving for Ux, Initial residual = 0.008926272, Final residual = 1.29643e-05, No Iterations 1
region_cold_fluid DILUPBiCGStab:  Solving for Uy, Initial residual = 0.01577377, Final residual = 2.214616e-05, No Iterations 1
region_solid      DICPCG:  Solving for e, Initial residual = 0.01026071, Final residual = 0.0001785588, No Iterations 1
region_hot_fluid  DILUPBiCGStab:  Solving for h, Initial residual = 0.004160097, Final residual = 1.866847e-05, No Iterations 1
region_cold_fluid DILUPBiCGStab:  Solving for h, Initial residual = 0.004922885, Final residual = 2.589769e-06, No Iterations 1
region_hot_fluid  GAMG:  Solving for p_rgh, Initial residual = 0.003154569, Final residual = 2.367667e-05, No Iterations 2
region_hot_fluid  time step continuity errors : sum local = 5.357415e-05, global = 1.57191e-05, cumulative = -0.0005126707
region_cold_fluid GAMG:  Solving for p_rgh, Initial residual = 0.005556183, Final residual = 2.763934e-05, No Iterations 2
region_cold_fluid time step continuity errors : sum local = 0.0001359055, global = -3.026033e-05, cumulative = -0.007113698
                  ExecutionTime = 0.422339 s  ClockTime = 1 s
                  
                  Time = 35s
                  
region_hot_fluid  DILUPBiCGStab:  Solving for Ux, Initial residual = 0.006713675, Final residual = 1.324927e-05, No Iterations 1
region_hot_fluid  DILUPBiCGStab:  Solving for Uy, Initial residual = 0.01173151, Final residual = 2.586589e-05, No Iterations 1
region_cold_fluid DILUPBiCGStab:  Solving for Ux, Initial residual = 0.008463847, Final residual = 1.22793e-05, No Iterations 1
region_cold_fluid DILUPBiCGStab:  Solving for Uy, Initial residual = 0.01519485, Final residual = 2.102187e-05, No Iterations 1
region_solid      DICPCG:  Solving for e, Initial residual = 0.01020647, Final residual = 0.0001758904, No Iterations 1
region_hot_fluid  DILUPBiCGStab:  Solving for h, Initial residual = 0.003905376, Final residual = 1.751595e-05, No Iterations 1
region_cold_fluid DILUPBiCGStab:  Solving for h, Initial residual = 0.004628563, Final residual = 2.47796e-06, No Iterations 1
region_hot_fluid  GAMG:  Solving for p_rgh, Initial residual = 0.002956829, Final residual = 2.19755e-05, No Iterations 2
region_hot_fluid  time step continuity errors : sum local = 4.999668e-05, global = 1.439094e-05, cumulative = -0.0004982798
region_cold_fluid GAMG:  Solving for p_rgh, Initial residual = 0.005260246, Final residual = 2.433676e-05, No Iterations 2
region_cold_fluid time step continuity errors : sum local = 0.0001210925, global = -2.774772e-05, cumulative = -0.007141446
                  ExecutionTime = 0.424154 s  ClockTime = 1 s
                  
                  Time = 36s
                  
region_hot_fluid  DILUPBiCGStab:  Solving for Ux, Initial residual = 0.006329715, Final residual = 1.247506e-05, No Iterations 1
region_hot_fluid  DILUPBiCGStab:  Solving for Uy, Initial residual = 0.01127886, Final residual = 2.468278e-05, No Iterations 1
region_cold_fluid DILUPBiCGStab:  Solving for Ux, Initial residual = 0.00802738, Final residual = 1.163066e-05, No Iterations 1
region_cold_fluid DILUPBiCGStab:  Solving for Uy, Initial residual = 0.01465914, Final residual = 2.006467e-05, No Iterations 1
region_solid      DICPCG:  Solving for e, Initial residual = 0.01015496, Final residual = 0.0001731108, No Iterations 1
region_hot_fluid  DILUPBiCGStab:  Solving for h, Initial residual = 0.00366729, Final residual = 1.64264e-05, No Iterations 1
region_cold_fluid DILUPBiCGStab:  Solving for h, Initial residual = 0.004352343, Final residual = 2.35597e-06, No Iterations 1
region_hot_fluid  GAMG:  Solving for p_rgh, Initial residual = 0.002776749, Final residual = 2.05276e-05, No Iterations 2
region_hot_fluid  time step continuity errors : sum local = 4.69478e-05, global = 1.306282e-05, cumulative = -0.0004852169
region_cold_fluid GAMG:  Solving for p_rgh, Initial residual = 0.004982749, Final residual = 2.152404e-05, No Iterations 2
region_cold_fluid time step continuity errors : sum local = 0.0001083228, global = -2.529348e-05, cumulative = -0.00716674
                  ExecutionTime = 0.426253 s  ClockTime = 1 s
                  
                  Time = 37s
                  
region_hot_fluid  DILUPBiCGStab:  Solving for Ux, Initial residual = 0.005970173, Final residual = 1.174361e-05, No Iterations 1
region_hot_fluid  DILUPBiCGStab:  Solving for Uy, Initial residual = 0.01081755, Final residual = 2.350536e-05, No Iterations 1
region_cold_fluid DILUPBiCGStab:  Solving for Ux, Initial residual = 0.007620845, Final residual = 1.101796e-05, No Iterations 1
region_cold_fluid DILUPBiCGStab:  Solving for Uy, Initial residual = 0.01411996, Final residual = 1.907698e-05, No Iterations 1
region_solid      DICPCG:  Solving for e, Initial residual = 0.01012022, Final residual = 0.0001701635, No Iterations 1
region_hot_fluid  DILUPBiCGStab:  Solving for h, Initial residual = 0.003443109, Final residual = 1.540331e-05, No Iterations 1
region_cold_fluid DILUPBiCGStab:  Solving for h, Initial residual = 0.004099103, Final residual = 2.227577e-06, No Iterations 1
region_hot_fluid  GAMG:  Solving for p_rgh, Initial residual = 0.002607797, Final residual = 1.920126e-05, No Iterations 2
region_hot_fluid  time step continuity errors : sum local = 4.41371e-05, global = 1.173913e-05, cumulative = -0.0004734778
region_cold_fluid GAMG:  Solving for p_rgh, Initial residual = 0.004721905, Final residual = 1.932121e-05, No Iterations 2
region_cold_fluid time step continuity errors : sum local = 9.830466e-05, global = -2.291002e-05, cumulative = -0.00718965
                  ExecutionTime = 0.42826 s  ClockTime = 1 s
                  
                  Time = 38s
                  
region_hot_fluid  DILUPBiCGStab:  Solving for Ux, Initial residual = 0.005632135, Final residual = 1.105187e-05, No Iterations 1
region_hot_fluid  DILUPBiCGStab:  Solving for Uy, Initial residual = 0.01039815, Final residual = 2.233365e-05, No Iterations 1
region_cold_fluid DILUPBiCGStab:  Solving for Ux, Initial residual = 0.007238363, Final residual = 1.043679e-05, No Iterations 1
region_cold_fluid DILUPBiCGStab:  Solving for Uy, Initial residual = 0.01360563, Final residual = 1.812737e-05, No Iterations 1
region_solid      DICPCG:  Solving for e, Initial residual = 0.01008729, Final residual = 0.0001672534, No Iterations 1
region_hot_fluid  DILUPBiCGStab:  Solving for h, Initial residual = 0.00323447, Final residual = 1.444207e-05, No Iterations 1
region_cold_fluid DILUPBiCGStab:  Solving for h, Initial residual = 0.003872042, Final residual = 2.093024e-06, No Iterations 1
region_hot_fluid  GAMG:  Solving for p_rgh, Initial residual = 0.00244872, Final residual = 1.800108e-05, No Iterations 2
region_hot_fluid  time step continuity errors : sum local = 4.157842e-05, global = 1.054486e-05, cumulative = -0.0004629329
region_cold_fluid GAMG:  Solving for p_rgh, Initial residual = 0.004474828, Final residual = 1.778746e-05, No Iterations 2
region_cold_fluid time step continuity errors : sum local = 9.145628e-05, global = -2.06419e-05, cumulative = -0.007210292
                  ExecutionTime = 0.430611 s  ClockTime = 1 s
                  
                  Time = 39s
                  
region_hot_fluid  DILUPBiCGStab:  Solving for Ux, Initial residual = 0.00531314, Final residual = 1.039708e-05, No Iterations 1
region_hot_fluid  DILUPBiCGStab:  Solving for Uy, Initial residual = 0.009983031, Final residual = 2.129235e-05, No Iterations 1
region_cold_fluid DILUPBiCGStab:  Solving for Ux, Initial residual = 0.006875869, Final residual = 9.88472e-06, No Iterations 1
region_cold_fluid DILUPBiCGStab:  Solving for Uy, Initial residual = 0.01314253, Final residual = 1.726377e-05, No Iterations 1
region_solid      DICPCG:  Solving for e, Initial residual = 0.01005627, Final residual = 0.0001642233, No Iterations 1
region_hot_fluid  DILUPBiCGStab:  Solving for h, Initial residual = 0.00303898, Final residual = 1.353341e-05, No Iterations 1
region_cold_fluid DILUPBiCGStab:  Solving for h, Initial residual = 0.003665771, Final residual = 1.969479e-06, No Iterations 1
region_hot_fluid  GAMG:  Solving for p_rgh, Initial residual = 0.002298014, Final residual = 1.693499e-05, No Iterations 2
region_hot_fluid  time step continuity errors : sum local = 3.929747e-05, global = 9.244429e-06, cumulative = -0.0004536885
region_cold_fluid GAMG:  Solving for p_rgh, Initial residual = 0.00423971, Final residual = 1.6773e-05, No Iterations 2
region_cold_fluid time step continuity errors : sum local = 8.711426e-05, global = -1.855707e-05, cumulative = -0.007228849
                  ExecutionTime = 0.432577 s  ClockTime = 1 s
                  
                  Time = 40s
                  
region_hot_fluid  DILUPBiCGStab:  Solving for Ux, Initial residual = 0.005011844, Final residual = 9.777612e-06, No Iterations 1
region_hot_fluid  DILUPBiCGStab:  Solving for Uy, Initial residual = 0.009577274, Final residual = 2.024321e-05, No Iterations 1
region_cold_fluid DILUPBiCGStab:  Solving for Ux, Initial residual = 0.006531936, Final residual = 9.359743e-06, No Iterations 1
region_cold_fluid DILUPBiCGStab:  Solving for Uy, Initial residual = 0.01265661, Final residual = 1.640962e-05, No Iterations 1
region_solid      DICPCG:  Solving for e, Initial residual = 0.01002723, Final residual = 0.0001611885, No Iterations 1
region_hot_fluid  DILUPBiCGStab:  Solving for h, Initial residual = 0.002853988, Final residual = 1.267398e-05, No Iterations 1
region_cold_fluid DILUPBiCGStab:  Solving for h, Initial residual = 0.003472099, Final residual = 1.84596e-06, No Iterations 1
region_hot_fluid  GAMG:  Solving for p_rgh, Initial residual = 0.002158591, Final residual = 1.592411e-05, No Iterations 2
region_hot_fluid  time step continuity errors : sum local = 3.711783e-05, global = 8.042927e-06, cumulative = -0.0004456456
region_cold_fluid GAMG:  Solving for p_rgh, Initial residual = 0.00402054, Final residual = 1.596892e-05, No Iterations 2
region_cold_fluid time step continuity errors : sum local = 8.374551e-05, global = -1.665394e-05, cumulative = -0.007245503
                  ExecutionTime = 0.434526 s  ClockTime = 1 s
                  
                  Time = 41s
                  
region_hot_fluid  DILUPBiCGStab:  Solving for Ux, Initial residual = 0.004727025, Final residual = 9.191143e-06, No Iterations 1
region_hot_fluid  DILUPBiCGStab:  Solving for Uy, Initial residual = 0.009165406, Final residual = 1.924122e-05, No Iterations 1
region_cold_fluid DILUPBiCGStab:  Solving for Ux, Initial residual = 0.006205324, Final residual = 8.860099e-06, No Iterations 1
region_cold_fluid DILUPBiCGStab:  Solving for Uy, Initial residual = 0.01217756, Final residual = 1.556518e-05, No Iterations 1
region_solid      DICPCG:  Solving for e, Initial residual = 0.01001189, Final residual = 0.0001581743, No Iterations 1
region_hot_fluid  DILUPBiCGStab:  Solving for h, Initial residual = 0.002678573, Final residual = 1.187385e-05, No Iterations 1
region_cold_fluid DILUPBiCGStab:  Solving for h, Initial residual = 0.003299393, Final residual = 1.718656e-06, No Iterations 1
region_hot_fluid  GAMG:  Solving for p_rgh, Initial residual = 0.002031957, Final residual = 1.499835e-05, No Iterations 2
region_hot_fluid  time step continuity errors : sum local = 3.51102e-05, global = 6.893259e-06, cumulative = -0.0004387523
region_cold_fluid GAMG:  Solving for p_rgh, Initial residual = 0.00381221, Final residual = 1.530222e-05, No Iterations 2
region_cold_fluid time step continuity errors : sum local = 8.100375e-05, global = -1.491851e-05, cumulative = -0.007260421
                  ExecutionTime = 0.436959 s  ClockTime = 1 s
                  
                  Time = 42s
                  
region_hot_fluid  DILUPBiCGStab:  Solving for Ux, Initial residual = 0.004457474, Final residual = 8.634972e-06, No Iterations 1
region_hot_fluid  DILUPBiCGStab:  Solving for Uy, Initial residual = 0.008771909, Final residual = 1.828727e-05, No Iterations 1
region_cold_fluid DILUPBiCGStab:  Solving for Ux, Initial residual = 0.005894916, Final residual = 8.384194e-06, No Iterations 1
region_cold_fluid DILUPBiCGStab:  Solving for Uy, Initial residual = 0.01174595, Final residual = 1.475478e-05, No Iterations 1
region_solid      DICPCG:  Solving for e, Initial residual = 0.009999809, Final residual = 0.0001551432, No Iterations 1
region_hot_fluid  DILUPBiCGStab:  Solving for h, Initial residual = 0.002515794, Final residual = 1.112179e-05, No Iterations 1
region_cold_fluid DILUPBiCGStab:  Solving for h, Initial residual = 0.003142364, Final residual = 1.59038e-06, No Iterations 1
region_hot_fluid  GAMG:  Solving for p_rgh, Initial residual = 0.00191259, Final residual = 1.412756e-05, No Iterations 2
region_hot_fluid  time step continuity errors : sum local = 3.321182e-05, global = 5.810818e-06, cumulative = -0.0004329415
region_cold_fluid GAMG:  Solving for p_rgh, Initial residual = 0.003613944, Final residual = 1.479642e-05, No Iterations 2
region_cold_fluid time step continuity errors : sum local = 7.903368e-05, global = -1.334935e-05, cumulative = -0.00727377
                  ExecutionTime = 0.439276 s  ClockTime = 1 s
                  
                  Time = 43s
                  
region_hot_fluid  DILUPBiCGStab:  Solving for Ux, Initial residual = 0.004202192, Final residual = 8.107147e-06, No Iterations 1
region_hot_fluid  DILUPBiCGStab:  Solving for Uy, Initial residual = 0.00839911, Final residual = 1.730539e-05, No Iterations 1
region_cold_fluid DILUPBiCGStab:  Solving for Ux, Initial residual = 0.005599707, Final residual = 7.930555e-06, No Iterations 1
region_cold_fluid DILUPBiCGStab:  Solving for Uy, Initial residual = 0.01129817, Final residual = 1.397904e-05, No Iterations 1
region_solid      DICPCG:  Solving for e, Initial residual = 0.009989305, Final residual = 0.0001521613, No Iterations 1
region_hot_fluid  DILUPBiCGStab:  Solving for h, Initial residual = 0.002361965, Final residual = 1.041132e-05, No Iterations 1
region_cold_fluid DILUPBiCGStab:  Solving for h, Initial residual = 0.002999632, Final residual = 1.468038e-06, No Iterations 1
region_hot_fluid  GAMG:  Solving for p_rgh, Initial residual = 0.001799158, Final residual = 1.328718e-05, No Iterations 2
region_hot_fluid  time step continuity errors : sum local = 3.136585e-05, global = 4.792397e-06, cumulative = -0.0004281491
region_cold_fluid GAMG:  Solving for p_rgh, Initial residual = 0.003424025, Final residual = 1.446899e-05, No Iterations 2
region_cold_fluid time step continuity errors : sum local = 7.795513e-05, global = -1.194046e-05, cumulative = -0.007285711
                  ExecutionTime = 0.441203 s  ClockTime = 1 s
                  
                  Time = 44s
                  
region_hot_fluid  DILUPBiCGStab:  Solving for Ux, Initial residual = 0.003960276, Final residual = 7.6059e-06, No Iterations 1
region_hot_fluid  DILUPBiCGStab:  Solving for Uy, Initial residual = 0.008008295, Final residual = 1.642494e-05, No Iterations 1
region_cold_fluid DILUPBiCGStab:  Solving for Ux, Initial residual = 0.005318834, Final residual = 7.49837e-06, No Iterations 1
region_cold_fluid DILUPBiCGStab:  Solving for Uy, Initial residual = 0.0108446, Final residual = 1.32339e-05, No Iterations 1
region_solid      DICPCG:  Solving for e, Initial residual = 0.009980393, Final residual = 0.0001491401, No Iterations 1
region_hot_fluid  DILUPBiCGStab:  Solving for h, Initial residual = 0.00221552, Final residual = 9.743157e-06, No Iterations 1
region_cold_fluid DILUPBiCGStab:  Solving for h, Initial residual = 0.00286601, Final residual = 1.372652e-06, No Iterations 1
region_hot_fluid  GAMG:  Solving for p_rgh, Initial residual = 0.001691414, Final residual = 1.245865e-05, No Iterations 2
region_hot_fluid  time step continuity errors : sum local = 2.952857e-05, global = 3.831673e-06, cumulative = -0.0004243174
region_cold_fluid GAMG:  Solving for p_rgh, Initial residual = 0.003248212, Final residual = 1.418078e-05, No Iterations 2
region_cold_fluid time step continuity errors : sum local = 7.704051e-05, global = -1.067735e-05, cumulative = -0.007296388
                  ExecutionTime = 0.443324 s  ClockTime = 1 s
                  
                  Time = 45s
                  
region_hot_fluid  DILUPBiCGStab:  Solving for Ux, Initial residual = 0.003730875, Final residual = 7.129795e-06, No Iterations 1
region_hot_fluid  DILUPBiCGStab:  Solving for Uy, Initial residual = 0.007650191, Final residual = 1.557464e-05, No Iterations 1
region_cold_fluid DILUPBiCGStab:  Solving for Ux, Initial residual = 0.005051674, Final residual = 7.087339e-06, No Iterations 1
region_cold_fluid DILUPBiCGStab:  Solving for Uy, Initial residual = 0.01041246, Final residual = 1.253419e-05, No Iterations 1
region_solid      DICPCG:  Solving for e, Initial residual = 0.009982201, Final residual = 0.0001460986, No Iterations 1
region_hot_fluid  DILUPBiCGStab:  Solving for h, Initial residual = 0.002079041, Final residual = 9.124664e-06, No Iterations 1
region_cold_fluid DILUPBiCGStab:  Solving for h, Initial residual = 0.002739146, Final residual = 1.30319e-06, No Iterations 1
region_hot_fluid  GAMG:  Solving for p_rgh, Initial residual = 0.001593734, Final residual = 1.176809e-05, No Iterations 2
region_hot_fluid  time step continuity errors : sum local = 2.800251e-05, global = 3.332178e-06, cumulative = -0.0004209853
region_cold_fluid GAMG:  Solving for p_rgh, Initial residual = 0.003082323, Final residual = 1.391301e-05, No Iterations 2
region_cold_fluid time step continuity errors : sum local = 7.619001e-05, global = -9.55084e-06, cumulative = -0.007305939
                  ExecutionTime = 0.445384 s  ClockTime = 1 s
                  
                  Time = 46s
                  
region_hot_fluid  DILUPBiCGStab:  Solving for Ux, Initial residual = 0.003513309, Final residual = 6.677238e-06, No Iterations 1
region_hot_fluid  DILUPBiCGStab:  Solving for Uy, Initial residual = 0.007312252, Final residual = 1.469984e-05, No Iterations 1
region_cold_fluid DILUPBiCGStab:  Solving for Ux, Initial residual = 0.004797695, Final residual = 6.697408e-06, No Iterations 1
region_cold_fluid DILUPBiCGStab:  Solving for Uy, Initial residual = 0.01001964, Final residual = 1.18189e-05, No Iterations 1
region_solid      DICPCG:  Solving for e, Initial residual = 0.009988076, Final residual = 0.0001431016, No Iterations 1
region_hot_fluid  DILUPBiCGStab:  Solving for h, Initial residual = 0.001952146, Final residual = 8.541851e-06, No Iterations 1
region_cold_fluid DILUPBiCGStab:  Solving for h, Initial residual = 0.002618597, Final residual = 1.246278e-06, No Iterations 1
region_hot_fluid  GAMG:  Solving for p_rgh, Initial residual = 0.001500275, Final residual = 1.111448e-05, No Iterations 2
region_hot_fluid  time step continuity errors : sum local = 2.654788e-05, global = 2.209984e-06, cumulative = -0.0004187753
region_cold_fluid GAMG:  Solving for p_rgh, Initial residual = 0.002922253, Final residual = 1.362345e-05, No Iterations 2
region_cold_fluid time step continuity errors : sum local = 7.517923e-05, global = -8.562612e-06, cumulative = -0.007314502
                  ExecutionTime = 0.447686 s  ClockTime = 1 s
                  
                  Time = 47s
                  
region_hot_fluid  DILUPBiCGStab:  Solving for Ux, Initial residual = 0.003306874, Final residual = 6.247084e-06, No Iterations 1
region_hot_fluid  DILUPBiCGStab:  Solving for Uy, Initial residual = 0.006975468, Final residual = 1.392289e-05, No Iterations 1
region_cold_fluid DILUPBiCGStab:  Solving for Ux, Initial residual = 0.004555987, Final residual = 6.32557e-06, No Iterations 1
region_cold_fluid DILUPBiCGStab:  Solving for Uy, Initial residual = 0.009613571, Final residual = 1.114657e-05, No Iterations 1
region_solid      DICPCG:  Solving for e, Initial residual = 0.009995153, Final residual = 0.000140448, No Iterations 1
region_hot_fluid  DILUPBiCGStab:  Solving for h, Initial residual = 0.001831857, Final residual = 7.992635e-06, No Iterations 1
region_cold_fluid DILUPBiCGStab:  Solving for h, Initial residual = 0.002504004, Final residual = 1.196963e-06, No Iterations 1
region_hot_fluid  GAMG:  Solving for p_rgh, Initial residual = 0.001409004, Final residual = 1.056749e-05, No Iterations 2
region_hot_fluid  time step continuity errors : sum local = 2.533339e-05, global = 1.016534e-06, cumulative = -0.0004177587
region_cold_fluid GAMG:  Solving for p_rgh, Initial residual = 0.00276694, Final residual = 1.324957e-05, No Iterations 2
region_cold_fluid time step continuity errors : sum local = 7.365689e-05, global = -7.682917e-06, cumulative = -0.007322185
                  ExecutionTime = 0.450399 s  ClockTime = 1 s
                  
                  Time = 48s
                  
region_hot_fluid  DILUPBiCGStab:  Solving for Ux, Initial residual = 0.003110993, Final residual = 5.838122e-06, No Iterations 1
region_hot_fluid  DILUPBiCGStab:  Solving for Uy, Initial residual = 0.006649797, Final residual = 1.318466e-05, No Iterations 1
region_cold_fluid DILUPBiCGStab:  Solving for Ux, Initial residual = 0.004325882, Final residual = 5.970582e-06, No Iterations 1
region_cold_fluid DILUPBiCGStab:  Solving for Uy, Initial residual = 0.009194378, Final residual = 1.049763e-05, No Iterations 1
region_solid      DICPCG:  Solving for e, Initial residual = 0.01000342, Final residual = 0.0001380352, No Iterations 1
region_hot_fluid  DILUPBiCGStab:  Solving for h, Initial residual = 0.001718021, Final residual = 7.475499e-06, No Iterations 1
region_cold_fluid DILUPBiCGStab:  Solving for h, Initial residual = 0.002396519, Final residual = 1.161053e-06, No Iterations 1
region_hot_fluid  GAMG:  Solving for p_rgh, Initial residual = 0.001321207, Final residual = 1.013308e-05, No Iterations 2
region_hot_fluid  time step continuity errors : sum local = 2.437709e-05, global = 5.422216e-07, cumulative = -0.0004172165
region_cold_fluid GAMG:  Solving for p_rgh, Initial residual = 0.002615662, Final residual = 1.281948e-05, No Iterations 2
region_cold_fluid time step continuity errors : sum local = 7.177173e-05, global = -6.871329e-06, cumulative = -0.007329056
                  ExecutionTime = 0.453217 s  ClockTime = 1 s
                  
                  Time = 49s
                  
region_hot_fluid  DILUPBiCGStab:  Solving for Ux, Initial residual = 0.002925166, Final residual = 5.449086e-06, No Iterations 1
region_hot_fluid  DILUPBiCGStab:  Solving for Uy, Initial residual = 0.00635579, Final residual = 1.244051e-05, No Iterations 1
region_cold_fluid DILUPBiCGStab:  Solving for Ux, Initial residual = 0.004106876, Final residual = 5.631863e-06, No Iterations 1
region_cold_fluid DILUPBiCGStab:  Solving for Uy, Initial residual = 0.00882472, Final residual = 9.926699e-06, No Iterations 1
region_solid      DICPCG:  Solving for e, Initial residual = 0.01002097, Final residual = 0.0001357919, No Iterations 1
region_hot_fluid  DILUPBiCGStab:  Solving for h, Initial residual = 0.001612587, Final residual = 6.991971e-06, No Iterations 1
region_cold_fluid DILUPBiCGStab:  Solving for h, Initial residual = 0.002298152, Final residual = 1.144852e-06, No Iterations 1
region_hot_fluid  GAMG:  Solving for p_rgh, Initial residual = 0.00124088, Final residual = 9.802743e-06, No Iterations 2
region_hot_fluid  time step continuity errors : sum local = 2.366271e-05, global = -9.497116e-09, cumulative = -0.000417226
region_cold_fluid GAMG:  Solving for p_rgh, Initial residual = 0.002469786, Final residual = 1.23576e-05, No Iterations 2
region_cold_fluid time step continuity errors : sum local = 6.965872e-05, global = -6.130718e-06, cumulative = -0.007335187
                  ExecutionTime = 0.455395 s  ClockTime = 1 s
                  
                  Time = 50s
                  
region_hot_fluid  DILUPBiCGStab:  Solving for Ux, Initial residual = 0.002748965, Final residual = 5.079029e-06, No Iterations 1
region_hot_fluid  DILUPBiCGStab:  Solving for Uy, Initial residual = 0.006061176, Final residual = 1.176097e-05, No Iterations 1
region_cold_fluid DILUPBiCGStab:  Solving for Ux, Initial residual = 0.003898482, Final residual = 5.3083e-06, No Iterations 1
region_cold_fluid DILUPBiCGStab:  Solving for Uy, Initial residual = 0.008455376, Final residual = 9.361252e-06, No Iterations 1
region_solid      DICPCG:  Solving for e, Initial residual = 0.01004203, Final residual = 0.0001337463, No Iterations 1
region_hot_fluid  DILUPBiCGStab:  Solving for h, Initial residual = 0.001514069, Final residual = 6.539084e-06, No Iterations 1
region_cold_fluid DILUPBiCGStab:  Solving for h, Initial residual = 0.002205012, Final residual = 1.129985e-06, No Iterations 1
region_hot_fluid  GAMG:  Solving for p_rgh, Initial residual = 0.001163367, Final residual = 9.602023e-06, No Iterations 2
region_hot_fluid  time step continuity errors : sum local = 2.325522e-05, global = -5.136297e-07, cumulative = -0.0004177396
region_cold_fluid GAMG:  Solving for p_rgh, Initial residual = 0.002327343, Final residual = 1.186411e-05, No Iterations 2
region_cold_fluid time step continuity errors : sum local = 6.731542e-05, global = -5.457202e-06, cumulative = -0.007340644
                  ExecutionTime = 0.458438 s  ClockTime = 1 s
                  
                  Time = 51s
                  
region_hot_fluid  DILUPBiCGStab:  Solving for Ux, Initial residual = 0.002583833, Final residual = 4.728702e-06, No Iterations 1
region_hot_fluid  DILUPBiCGStab:  Solving for Uy, Initial residual = 0.005765091, Final residual = 1.113131e-05, No Iterations 1
region_cold_fluid DILUPBiCGStab:  Solving for Ux, Initial residual = 0.003700144, Final residual = 4.998847e-06, No Iterations 1
region_cold_fluid DILUPBiCGStab:  Solving for Uy, Initial residual = 0.008079211, Final residual = 8.835832e-06, No Iterations 1
region_solid      DICPCG:  Solving for e, Initial residual = 0.0100639, Final residual = 0.0001317969, No Iterations 1
region_hot_fluid  DILUPBiCGStab:  Solving for h, Initial residual = 0.001422073, Final residual = 6.112379e-06, No Iterations 1
region_cold_fluid DILUPBiCGStab:  Solving for h, Initial residual = 0.002116826, Final residual = 1.115199e-06, No Iterations 1
region_hot_fluid  GAMG:  Solving for p_rgh, Initial residual = 0.001086218, Final residual = 9.568534e-06, No Iterations 2
region_hot_fluid  time step continuity errors : sum local = 2.324755e-05, global = -9.201715e-07, cumulative = -0.0004186598
region_cold_fluid GAMG:  Solving for p_rgh, Initial residual = 0.002188345, Final residual = 1.13154e-05, No Iterations 2
region_cold_fluid time step continuity errors : sum local = 6.460433e-05, global = -4.85106e-06, cumulative = -0.007345495
                  ExecutionTime = 0.460766 s  ClockTime = 1 s
                  
                  Time = 52s
                  
region_hot_fluid  DILUPBiCGStab:  Solving for Ux, Initial residual = 0.00242935, Final residual = 4.397161e-06, No Iterations 1
region_hot_fluid  DILUPBiCGStab:  Solving for Uy, Initial residual = 0.005507435, Final residual = 1.052757e-05, No Iterations 1
region_cold_fluid DILUPBiCGStab:  Solving for Ux, Initial residual = 0.003511429, Final residual = 4.703036e-06, No Iterations 1
region_cold_fluid DILUPBiCGStab:  Solving for Uy, Initial residual = 0.007735073, Final residual = 8.376043e-06, No Iterations 1
region_solid      DICPCG:  Solving for e, Initial residual = 0.01008654, Final residual = 0.0001299624, No Iterations 1
region_hot_fluid  DILUPBiCGStab:  Solving for h, Initial residual = 0.001336644, Final residual = 5.714201e-06, No Iterations 1
region_cold_fluid DILUPBiCGStab:  Solving for h, Initial residual = 0.002033344, Final residual = 1.101944e-06, No Iterations 1
region_hot_fluid  GAMG:  Solving for p_rgh, Initial residual = 0.001010887, Final residual = 9.572243e-06, No Iterations 2
region_hot_fluid  time step continuity errors : sum local = 2.33274e-05, global = -1.194154e-06, cumulative = -0.000419854
region_cold_fluid GAMG:  Solving for p_rgh, Initial residual = 0.002052958, Final residual = 1.077787e-05, No Iterations 2
region_cold_fluid time step continuity errors : sum local = 6.190644e-05, global = -4.303415e-06, cumulative = -0.007349798
                  ExecutionTime = 0.464086 s  ClockTime = 1 s
                  
                  Time = 53s
                  
region_hot_fluid  DILUPBiCGStab:  Solving for Ux, Initial residual = 0.002284712, Final residual = 4.082285e-06, No Iterations 1
region_hot_fluid  DILUPBiCGStab:  Solving for Uy, Initial residual = 0.005244047, Final residual = 9.936253e-06, No Iterations 1
region_cold_fluid DILUPBiCGStab:  Solving for Ux, Initial residual = 0.003332011, Final residual = 4.420307e-06, No Iterations 1
region_cold_fluid DILUPBiCGStab:  Solving for Uy, Initial residual = 0.007398912, Final residual = 7.935387e-06, No Iterations 1
region_solid      DICPCG:  Solving for e, Initial residual = 0.01011391, Final residual = 0.0001282999, No Iterations 1
region_hot_fluid  DILUPBiCGStab:  Solving for h, Initial residual = 0.001257749, Final residual = 5.339256e-06, No Iterations 1
region_cold_fluid DILUPBiCGStab:  Solving for h, Initial residual = 0.001954335, Final residual = 1.090588e-06, No Iterations 1
region_hot_fluid  GAMG:  Solving for p_rgh, Initial residual = 0.0009380765, Final residual = 1.722918e-06, No Iterations 3
region_hot_fluid  time step continuity errors : sum local = 4.211167e-06, global = -2.154863e-06, cumulative = -0.0004220088
region_cold_fluid GAMG:  Solving for p_rgh, Initial residual = 0.001921426, Final residual = 1.024187e-05, No Iterations 2
region_cold_fluid time step continuity errors : sum local = 5.916824e-05, global = -3.808896e-06, cumulative = -0.007353607
                  ExecutionTime = 0.466792 s  ClockTime = 1 s
                  
                  Time = 54s
                  
region_hot_fluid  DILUPBiCGStab:  Solving for Ux, Initial residual = 0.002149075, Final residual = 3.79038e-06, No Iterations 1
region_hot_fluid  DILUPBiCGStab:  Solving for Uy, Initial residual = 0.004984539, Final residual = 9.414792e-06, No Iterations 1
region_cold_fluid DILUPBiCGStab:  Solving for Ux, Initial residual = 0.003161293, Final residual = 4.149427e-06, No Iterations 1
region_cold_fluid DILUPBiCGStab:  Solving for Uy, Initial residual = 0.007070968, Final residual = 7.529164e-06, No Iterations 1
region_solid      DICPCG:  Solving for e, Initial residual = 0.01013177, Final residual = 0.0001269861, No Iterations 1
region_hot_fluid  DILUPBiCGStab:  Solving for h, Initial residual = 0.00118307, Final residual = 4.983204e-06, No Iterations 1
region_cold_fluid DILUPBiCGStab:  Solving for h, Initial residual = 0.001879574, Final residual = 1.081859e-06, No Iterations 1
region_hot_fluid  GAMG:  Solving for p_rgh, Initial residual = 0.0008711919, Final residual = 1.659873e-06, No Iterations 3
region_hot_fluid  time step continuity errors : sum local = 4.069097e-06, global = -2.071897e-06, cumulative = -0.0004240807
region_cold_fluid GAMG:  Solving for p_rgh, Initial residual = 0.001795195, Final residual = 9.682484e-06, No Iterations 2
region_cold_fluid time step continuity errors : sum local = 5.624365e-05, global = -3.475414e-06, cumulative = -0.007357083
                  ExecutionTime = 0.468831 s  ClockTime = 1 s
                  
                  Time = 55s
                  
region_hot_fluid  DILUPBiCGStab:  Solving for Ux, Initial residual = 0.002021072, Final residual = 3.544985e-06, No Iterations 1
region_hot_fluid  DILUPBiCGStab:  Solving for Uy, Initial residual = 0.004756733, Final residual = 8.899875e-06, No Iterations 1
region_cold_fluid DILUPBiCGStab:  Solving for Ux, Initial residual = 0.002998872, Final residual = 3.889867e-06, No Iterations 1
region_cold_fluid DILUPBiCGStab:  Solving for Uy, Initial residual = 0.006768839, Final residual = 7.137402e-06, No Iterations 1
region_solid      DICPCG:  Solving for e, Initial residual = 0.01014381, Final residual = 0.0001260668, No Iterations 1
region_hot_fluid  DILUPBiCGStab:  Solving for h, Initial residual = 0.001112479, Final residual = 4.644897e-06, No Iterations 1
region_cold_fluid DILUPBiCGStab:  Solving for h, Initial residual = 0.001808838, Final residual = 1.079576e-06, No Iterations 1
region_hot_fluid  GAMG:  Solving for p_rgh, Initial residual = 0.0008075198, Final residual = 1.556733e-06, No Iterations 3
region_hot_fluid  time step continuity errors : sum local = 3.826929e-06, global = -2.137711e-06, cumulative = -0.0004262184
region_cold_fluid GAMG:  Solving for p_rgh, Initial residual = 0.001673515, Final residual = 9.151869e-06, No Iterations 2
region_cold_fluid time step continuity errors : sum local = 5.344403e-05, global = -3.004727e-06, cumulative = -0.007360087
                  ExecutionTime = 0.471056 s  ClockTime = 1 s
                  
                  Time = 56s
                  
region_hot_fluid  DILUPBiCGStab:  Solving for Ux, Initial residual = 0.001901694, Final residual = 3.320306e-06, No Iterations 1
region_hot_fluid  DILUPBiCGStab:  Solving for Uy, Initial residual = 0.004541646, Final residual = 8.414681e-06, No Iterations 1
region_cold_fluid DILUPBiCGStab:  Solving for Ux, Initial residual = 0.002844511, Final residual = 3.64233e-06, No Iterations 1
region_cold_fluid DILUPBiCGStab:  Solving for Uy, Initial residual = 0.006479579, Final residual = 6.733128e-06, No Iterations 1
region_solid      DICPCG:  Solving for e, Initial residual = 0.01015671, Final residual = 0.0001251387, No Iterations 1
region_hot_fluid  DILUPBiCGStab:  Solving for h, Initial residual = 0.001045877, Final residual = 4.324441e-06, No Iterations 1
region_cold_fluid DILUPBiCGStab:  Solving for h, Initial residual = 0.001741899, Final residual = 1.080689e-06, No Iterations 1
region_hot_fluid  GAMG:  Solving for p_rgh, Initial residual = 0.0007483804, Final residual = 1.433518e-06, No Iterations 3
region_hot_fluid  time step continuity errors : sum local = 3.533405e-06, global = -2.177951e-06, cumulative = -0.0004283964
region_cold_fluid GAMG:  Solving for p_rgh, Initial residual = 0.001556786, Final residual = 8.679529e-06, No Iterations 2
region_cold_fluid time step continuity errors : sum local = 5.094168e-05, global = -2.607324e-06, cumulative = -0.007362695
                  ExecutionTime = 0.473092 s  ClockTime = 1 s
                  
                  Time = 57s
                  
region_hot_fluid  DILUPBiCGStab:  Solving for Ux, Initial residual = 0.001789672, Final residual = 3.106732e-06, No Iterations 1
region_hot_fluid  DILUPBiCGStab:  Solving for Uy, Initial residual = 0.00432711, Final residual = 7.961528e-06, No Iterations 1
region_cold_fluid DILUPBiCGStab:  Solving for Ux, Initial residual = 0.002698083, Final residual = 3.408018e-06, No Iterations 1
region_cold_fluid DILUPBiCGStab:  Solving for Uy, Initial residual = 0.006229218, Final residual = 6.338918e-06, No Iterations 1
region_solid      DICPCG:  Solving for e, Initial residual = 0.01016997, Final residual = 0.0001241734, No Iterations 1
region_hot_fluid  DILUPBiCGStab:  Solving for h, Initial residual = 0.0009828938, Final residual = 4.021596e-06, No Iterations 1
region_cold_fluid DILUPBiCGStab:  Solving for h, Initial residual = 0.001678516, Final residual = 1.081957e-06, No Iterations 1
region_hot_fluid  GAMG:  Solving for p_rgh, Initial residual = 0.0006919674, Final residual = 1.335247e-06, No Iterations 3
region_hot_fluid  time step continuity errors : sum local = 3.299656e-06, global = -2.166925e-06, cumulative = -0.0004305633
region_cold_fluid GAMG:  Solving for p_rgh, Initial residual = 0.001445417, Final residual = 8.214585e-06, No Iterations 2
region_cold_fluid time step continuity errors : sum local = 4.844565e-05, global = -2.435661e-06, cumulative = -0.00736513
                  ExecutionTime = 0.474979 s  ClockTime = 1 s
                  
                  Time = 58s
                  
region_hot_fluid  DILUPBiCGStab:  Solving for Ux, Initial residual = 0.001685353, Final residual = 2.903565e-06, No Iterations 1
region_hot_fluid  DILUPBiCGStab:  Solving for Uy, Initial residual = 0.004128329, Final residual = 7.51909e-06, No Iterations 1
region_cold_fluid DILUPBiCGStab:  Solving for Ux, Initial residual = 0.002558768, Final residual = 3.183662e-06, No Iterations 1
region_cold_fluid DILUPBiCGStab:  Solving for Uy, Initial residual = 0.006006779, Final residual = 5.969106e-06, No Iterations 1
region_solid      DICPCG:  Solving for e, Initial residual = 0.01018115, Final residual = 0.0001232038, No Iterations 1
region_hot_fluid  DILUPBiCGStab:  Solving for h, Initial residual = 0.0009233772, Final residual = 3.745416e-06, No Iterations 1
region_cold_fluid DILUPBiCGStab:  Solving for h, Initial residual = 0.001618443, Final residual = 1.08423e-06, No Iterations 1
region_hot_fluid  GAMG:  Solving for p_rgh, Initial residual = 0.0006375651, Final residual = 1.254416e-06, No Iterations 3
region_hot_fluid  time step continuity errors : sum local = 3.107189e-06, global = -2.092912e-06, cumulative = -0.0004326562
region_cold_fluid GAMG:  Solving for p_rgh, Initial residual = 0.001339828, Final residual = 7.758006e-06, No Iterations 2
region_cold_fluid time step continuity errors : sum local = 4.596625e-05, global = -2.361904e-06, cumulative = -0.007367492
                  ExecutionTime = 0.477025 s  ClockTime = 1 s
                  
                  Time = 59s
                  
region_hot_fluid  DILUPBiCGStab:  Solving for Ux, Initial residual = 0.001588516, Final residual = 2.709051e-06, No Iterations 1
region_hot_fluid  DILUPBiCGStab:  Solving for Uy, Initial residual = 0.003931794, Final residual = 7.091936e-06, No Iterations 1
region_cold_fluid DILUPBiCGStab:  Solving for Ux, Initial residual = 0.002426243, Final residual = 2.969295e-06, No Iterations 1
region_cold_fluid DILUPBiCGStab:  Solving for Uy, Initial residual = 0.005811268, Final residual = 5.65306e-06, No Iterations 1
region_solid      DICPCG:  Solving for e, Initial residual = 0.01019776, Final residual = 0.0001222428, No Iterations 1
region_hot_fluid  DILUPBiCGStab:  Solving for h, Initial residual = 0.0008671037, Final residual = 3.483808e-06, No Iterations 1
region_cold_fluid DILUPBiCGStab:  Solving for h, Initial residual = 0.00156142, Final residual = 1.086091e-06, No Iterations 1
region_hot_fluid  GAMG:  Solving for p_rgh, Initial residual = 0.0005879299, Final residual = 1.204068e-06, No Iterations 3
region_hot_fluid  time step continuity errors : sum local = 2.989954e-06, global = -1.95435e-06, cumulative = -0.0004346106
region_cold_fluid GAMG:  Solving for p_rgh, Initial residual = 0.001244691, Final residual = 7.389331e-06, No Iterations 2
region_cold_fluid time step continuity errors : sum local = 4.397564e-05, global = -2.413602e-06, cumulative = -0.007369906
                  ExecutionTime = 0.479187 s  ClockTime = 1 s
                  
                  Time = 60s
                  
region_hot_fluid  DILUPBiCGStab:  Solving for Ux, Initial residual = 0.001499605, Final residual = 2.523053e-06, No Iterations 1
region_hot_fluid  DILUPBiCGStab:  Solving for Uy, Initial residual = 0.003753587, Final residual = 6.670572e-06, No Iterations 1
region_cold_fluid DILUPBiCGStab:  Solving for Ux, Initial residual = 0.002300187, Final residual = 2.765276e-06, No Iterations 1
region_cold_fluid DILUPBiCGStab:  Solving for Uy, Initial residual = 0.005636995, Final residual = 5.353065e-06, No Iterations 1
region_solid      DICPCG:  Solving for e, Initial residual = 0.01022003, Final residual = 0.0001212896, No Iterations 1
region_hot_fluid  DILUPBiCGStab:  Solving for h, Initial residual = 0.0008140289, Final residual = 3.238857e-06, No Iterations 1
region_cold_fluid DILUPBiCGStab:  Solving for h, Initial residual = 0.001507176, Final residual = 1.087616e-06, No Iterations 1
region_hot_fluid  GAMG:  Solving for p_rgh, Initial residual = 0.0005407167, Final residual = 1.206642e-06, No Iterations 3
region_hot_fluid  time step continuity errors : sum local = 3.004268e-06, global = -1.756751e-06, cumulative = -0.0004363673
region_cold_fluid GAMG:  Solving for p_rgh, Initial residual = 0.001160107, Final residual = 7.042241e-06, No Iterations 2
region_cold_fluid time step continuity errors : sum local = 4.208813e-05, global = -2.450385e-06, cumulative = -0.007372356
                  ExecutionTime = 0.480986 s  ClockTime = 1 s
                  
                  Time = 61s
                  
region_hot_fluid  DILUPBiCGStab:  Solving for Ux, Initial residual = 0.001417107, Final residual = 2.346843e-06, No Iterations 1
region_hot_fluid  DILUPBiCGStab:  Solving for Uy, Initial residual = 0.003578523, Final residual = 6.24575e-06, No Iterations 1
region_cold_fluid DILUPBiCGStab:  Solving for Ux, Initial residual = 0.002180046, Final residual = 2.570365e-06, No Iterations 1
region_cold_fluid DILUPBiCGStab:  Solving for Uy, Initial residual = 0.005483793, Final residual = 5.05035e-06, No Iterations 1
region_solid      DICPCG:  Solving for e, Initial residual = 0.0102491, Final residual = 0.0001203686, No Iterations 1
region_hot_fluid  DILUPBiCGStab:  Solving for h, Initial residual = 0.0007644294, Final residual = 3.005903e-06, No Iterations 1
region_cold_fluid DILUPBiCGStab:  Solving for h, Initial residual = 0.001455437, Final residual = 1.089693e-06, No Iterations 1
region_hot_fluid  GAMG:  Solving for p_rgh, Initial residual = 0.000496317, Final residual = 1.223625e-06, No Iterations 3
region_hot_fluid  time step continuity errors : sum local = 3.052917e-06, global = -1.541738e-06, cumulative = -0.0004379091
region_cold_fluid GAMG:  Solving for p_rgh, Initial residual = 0.001081501, Final residual = 6.804168e-06, No Iterations 2
region_cold_fluid time step continuity errors : sum local = 4.083029e-05, global = -2.595151e-06, cumulative = -0.007374951
                  ExecutionTime = 0.482867 s  ClockTime = 1 s
                  
                  Time = 62s
                  
region_hot_fluid  DILUPBiCGStab:  Solving for Ux, Initial residual = 0.001339819, Final residual = 2.178994e-06, No Iterations 1
region_hot_fluid  DILUPBiCGStab:  Solving for Uy, Initial residual = 0.003424479, Final residual = 5.862763e-06, No Iterations 1
region_cold_fluid DILUPBiCGStab:  Solving for Ux, Initial residual = 0.002065895, Final residual = 2.384527e-06, No Iterations 1
region_cold_fluid DILUPBiCGStab:  Solving for Uy, Initial residual = 0.005345961, Final residual = 4.766058e-06, No Iterations 1
region_solid      DICPCG:  Solving for e, Initial residual = 0.01028561, Final residual = 0.0001195021, No Iterations 1
region_hot_fluid  DILUPBiCGStab:  Solving for h, Initial residual = 0.0007169916, Final residual = 2.783672e-06, No Iterations 1
region_cold_fluid DILUPBiCGStab:  Solving for h, Initial residual = 0.001405867, Final residual = 1.091024e-06, No Iterations 1
region_hot_fluid  GAMG:  Solving for p_rgh, Initial residual = 0.0004579908, Final residual = 1.237906e-06, No Iterations 3
region_hot_fluid  time step continuity errors : sum local = 3.094801e-06, global = -1.376562e-06, cumulative = -0.0004392856
region_cold_fluid GAMG:  Solving for p_rgh, Initial residual = 0.00101358, Final residual = 6.629665e-06, No Iterations 2
region_cold_fluid time step continuity errors : sum local = 3.993781e-05, global = -2.789583e-06, cumulative = -0.007377741
                  ExecutionTime = 0.485161 s  ClockTime = 1 s
                  
                  Time = 63s
                  
region_hot_fluid  DILUPBiCGStab:  Solving for Ux, Initial residual = 0.001265816, Final residual = 2.018433e-06, No Iterations 1
region_hot_fluid  DILUPBiCGStab:  Solving for Uy, Initial residual = 0.003286039, Final residual = 5.521629e-06, No Iterations 1
region_cold_fluid DILUPBiCGStab:  Solving for Ux, Initial residual = 0.001965368, Final residual = 2.208888e-06, No Iterations 1
region_cold_fluid DILUPBiCGStab:  Solving for Uy, Initial residual = 0.005214234, Final residual = 4.514299e-06, No Iterations 1
region_solid      DICPCG:  Solving for e, Initial residual = 0.01032532, Final residual = 0.0001186349, No Iterations 1
region_hot_fluid  DILUPBiCGStab:  Solving for h, Initial residual = 0.0006720916, Final residual = 2.57279e-06, No Iterations 1
region_cold_fluid DILUPBiCGStab:  Solving for h, Initial residual = 0.001358223, Final residual = 1.090133e-06, No Iterations 1
region_hot_fluid  GAMG:  Solving for p_rgh, Initial residual = 0.000422424, Final residual = 1.280374e-06, No Iterations 3
region_hot_fluid  time step continuity errors : sum local = 3.208195e-06, global = -1.30468e-06, cumulative = -0.0004405903
region_cold_fluid GAMG:  Solving for p_rgh, Initial residual = 0.0009491297, Final residual = 6.570526e-06, No Iterations 2
region_cold_fluid time step continuity errors : sum local = 3.972947e-05, global = -3.135915e-06, cumulative = -0.007380877
                  ExecutionTime = 0.487031 s  ClockTime = 1 s
                  
                  Time = 64s
                  
region_hot_fluid  DILUPBiCGStab:  Solving for Ux, Initial residual = 0.001196609, Final residual = 1.865225e-06, No Iterations 1
region_hot_fluid  DILUPBiCGStab:  Solving for Uy, Initial residual = 0.003151517, Final residual = 5.228525e-06, No Iterations 1
region_cold_fluid DILUPBiCGStab:  Solving for Ux, Initial residual = 0.001883172, Final residual = 2.042608e-06, No Iterations 1
region_cold_fluid DILUPBiCGStab:  Solving for Uy, Initial residual = 0.005087002, Final residual = 4.260709e-06, No Iterations 1
region_solid      DICPCG:  Solving for e, Initial residual = 0.01036424, Final residual = 0.0001177975, No Iterations 1
region_hot_fluid  DILUPBiCGStab:  Solving for h, Initial residual = 0.0006316554, Final residual = 2.372291e-06, No Iterations 1
region_cold_fluid DILUPBiCGStab:  Solving for h, Initial residual = 0.001312245, Final residual = 1.086387e-06, No Iterations 1
region_hot_fluid  GAMG:  Solving for p_rgh, Initial residual = 0.0003887077, Final residual = 1.347956e-06, No Iterations 3
region_hot_fluid  time step continuity errors : sum local = 3.384515e-06, global = -1.336805e-06, cumulative = -0.0004419271
region_cold_fluid GAMG:  Solving for p_rgh, Initial residual = 0.0008914492, Final residual = 6.584223e-06, No Iterations 2
region_cold_fluid time step continuity errors : sum local = 3.995435e-05, global = -3.561754e-06, cumulative = -0.007384439
                  ExecutionTime = 0.488805 s  ClockTime = 1 s
                  
                  Time = 65s
                  
region_hot_fluid  DILUPBiCGStab:  Solving for Ux, Initial residual = 0.00113087, Final residual = 1.720589e-06, No Iterations 1
region_hot_fluid  DILUPBiCGStab:  Solving for Uy, Initial residual = 0.003023798, Final residual = 4.957421e-06, No Iterations 1
region_cold_fluid DILUPBiCGStab:  Solving for Ux, Initial residual = 0.001806645, Final residual = 1.884948e-06, No Iterations 1
region_cold_fluid DILUPBiCGStab:  Solving for Uy, Initial residual = 0.004965626, Final residual = 4.013519e-06, No Iterations 1
region_solid      DICPCG:  Solving for e, Initial residual = 0.01040184, Final residual = 0.0001169839, No Iterations 1
region_hot_fluid  DILUPBiCGStab:  Solving for h, Initial residual = 0.0005937579, Final residual = 2.181805e-06, No Iterations 1
region_cold_fluid DILUPBiCGStab:  Solving for h, Initial residual = 0.001267718, Final residual = 1.079629e-06, No Iterations 1
region_hot_fluid  GAMG:  Solving for p_rgh, Initial residual = 0.0003596389, Final residual = 1.441015e-06, No Iterations 3
region_hot_fluid  time step continuity errors : sum local = 3.624412e-06, global = -1.473023e-06, cumulative = -0.0004434001
region_cold_fluid GAMG:  Solving for p_rgh, Initial residual = 0.0008500793, Final residual = 6.644205e-06, No Iterations 2
region_cold_fluid time step continuity errors : sum local = 4.045749e-05, global = -4.065901e-06, cumulative = -0.007388505
                  ExecutionTime = 0.490579 s  ClockTime = 1 s
                  
                  Time = 66s
                  
region_hot_fluid  DILUPBiCGStab:  Solving for Ux, Initial residual = 0.001067891, Final residual = 1.582783e-06, No Iterations 1
region_hot_fluid  DILUPBiCGStab:  Solving for Uy, Initial residual = 0.002904583, Final residual = 4.68775e-06, No Iterations 1
region_cold_fluid DILUPBiCGStab:  Solving for Ux, Initial residual = 0.001732645, Final residual = 1.73651e-06, No Iterations 1
region_cold_fluid DILUPBiCGStab:  Solving for Uy, Initial residual = 0.004848661, Final residual = 3.799269e-06, No Iterations 1
region_solid      DICPCG:  Solving for e, Initial residual = 0.01043728, Final residual = 0.0001161849, No Iterations 1
region_hot_fluid  DILUPBiCGStab:  Solving for h, Initial residual = 0.0005583098, Final residual = 2.001711e-06, No Iterations 1
region_cold_fluid DILUPBiCGStab:  Solving for h, Initial residual = 0.001224412, Final residual = 1.072285e-06, No Iterations 1
region_hot_fluid  GAMG:  Solving for p_rgh, Initial residual = 0.0003327026, Final residual = 1.540931e-06, No Iterations 3
region_hot_fluid  time step continuity errors : sum local = 3.88273e-06, global = -1.69074e-06, cumulative = -0.0004450909
region_cold_fluid GAMG:  Solving for p_rgh, Initial residual = 0.0008135272, Final residual = 6.714154e-06, No Iterations 2
region_cold_fluid time step continuity errors : sum local = 4.101845e-05, global = -4.627608e-06, cumulative = -0.007393132
                  ExecutionTime = 0.493462 s  ClockTime = 1 s
                  
                  Time = 67s
                  
region_hot_fluid  DILUPBiCGStab:  Solving for Ux, Initial residual = 0.001008397, Final residual = 1.453134e-06, No Iterations 1
region_hot_fluid  DILUPBiCGStab:  Solving for Uy, Initial residual = 0.002790581, Final residual = 4.437672e-06, No Iterations 1
region_cold_fluid DILUPBiCGStab:  Solving for Ux, Initial residual = 0.001660692, Final residual = 1.597948e-06, No Iterations 1
region_cold_fluid DILUPBiCGStab:  Solving for Uy, Initial residual = 0.004734719, Final residual = 3.584895e-06, No Iterations 1
region_solid      DICPCG:  Solving for e, Initial residual = 0.01047152, Final residual = 0.0001154113, No Iterations 1
region_hot_fluid  DILUPBiCGStab:  Solving for h, Initial residual = 0.0005240664, Final residual = 1.831666e-06, No Iterations 1
region_cold_fluid DILUPBiCGStab:  Solving for h, Initial residual = 0.001184744, Final residual = 1.061084e-06, No Iterations 1
region_hot_fluid  GAMG:  Solving for p_rgh, Initial residual = 0.0003084082, Final residual = 1.63713e-06, No Iterations 3
region_hot_fluid  time step continuity errors : sum local = 4.133684e-06, global = -1.959673e-06, cumulative = -0.0004470506
region_cold_fluid GAMG:  Solving for p_rgh, Initial residual = 0.0007782607, Final residual = 6.795052e-06, No Iterations 2
region_cold_fluid time step continuity errors : sum local = 4.164392e-05, global = -5.22724e-06, cumulative = -0.007398359
                  ExecutionTime = 0.495668 s  ClockTime = 1 s
                  
                  Time = 68s
                  
region_hot_fluid  DILUPBiCGStab:  Solving for Ux, Initial residual = 0.0009508835, Final residual = 1.339549e-06, No Iterations 1
region_hot_fluid  DILUPBiCGStab:  Solving for Uy, Initial residual = 0.002685248, Final residual = 4.189686e-06, No Iterations 1
region_cold_fluid DILUPBiCGStab:  Solving for Ux, Initial residual = 0.0015905, Final residual = 1.467405e-06, No Iterations 1
region_cold_fluid DILUPBiCGStab:  Solving for Uy, Initial residual = 0.004622279, Final residual = 3.397158e-06, No Iterations 1
region_solid      DICPCG:  Solving for e, Initial residual = 0.01050401, Final residual = 0.0001146568, No Iterations 1
region_hot_fluid  DILUPBiCGStab:  Solving for h, Initial residual = 0.0004911093, Final residual = 1.671458e-06, No Iterations 1
region_cold_fluid DILUPBiCGStab:  Solving for h, Initial residual = 0.001148448, Final residual = 1.046049e-06, No Iterations 1
region_hot_fluid  GAMG:  Solving for p_rgh, Initial residual = 0.0002890523, Final residual = 1.720892e-06, No Iterations 3
region_hot_fluid  time step continuity errors : sum local = 4.353037e-06, global = -2.246636e-06, cumulative = -0.0004492972
region_cold_fluid GAMG:  Solving for p_rgh, Initial residual = 0.0007447025, Final residual = 6.870433e-06, No Iterations 2
region_cold_fluid time step continuity errors : sum local = 4.223403e-05, global = -5.839655e-06, cumulative = -0.007404199
                  ExecutionTime = 0.497811 s  ClockTime = 1 s
                  
                  Time = 69s
                  
region_hot_fluid  DILUPBiCGStab:  Solving for Ux, Initial residual = 0.0008951047, Final residual = 1.23811e-06, No Iterations 1
region_hot_fluid  DILUPBiCGStab:  Solving for Uy, Initial residual = 0.002582678, Final residual = 3.93747e-06, No Iterations 1
region_cold_fluid DILUPBiCGStab:  Solving for Ux, Initial residual = 0.001522181, Final residual = 1.346019e-06, No Iterations 1
region_cold_fluid DILUPBiCGStab:  Solving for Uy, Initial residual = 0.004512621, Final residual = 3.223352e-06, No Iterations 1
region_solid      DICPCG:  Solving for e, Initial residual = 0.01053444, Final residual = 0.0001139178, No Iterations 1
region_hot_fluid  DILUPBiCGStab:  Solving for h, Initial residual = 0.0004592186, Final residual = 1.521603e-06, No Iterations 1
region_cold_fluid DILUPBiCGStab:  Solving for h, Initial residual = 0.001112742, Final residual = 1.027264e-06, No Iterations 1
region_hot_fluid  GAMG:  Solving for p_rgh, Initial residual = 0.0002734104, Final residual = 1.780046e-06, No Iterations 3
region_hot_fluid  time step continuity errors : sum local = 4.510157e-06, global = -2.513945e-06, cumulative = -0.0004518111
region_cold_fluid GAMG:  Solving for p_rgh, Initial residual = 0.0007126339, Final residual = 6.931869e-06, No Iterations 2
region_cold_fluid time step continuity errors : sum local = 4.27365e-05, global = -6.445516e-06, cumulative = -0.007410645
                  ExecutionTime = 0.500259 s  ClockTime = 1 s
                  
                  Time = 70s
                  
region_hot_fluid  DILUPBiCGStab:  Solving for Ux, Initial residual = 0.0008410907, Final residual = 1.142975e-06, No Iterations 1
region_hot_fluid  DILUPBiCGStab:  Solving for Uy, Initial residual = 0.002481917, Final residual = 3.739284e-06, No Iterations 1
region_cold_fluid DILUPBiCGStab:  Solving for Ux, Initial residual = 0.001455829, Final residual = 1.238471e-06, No Iterations 1
region_cold_fluid DILUPBiCGStab:  Solving for Uy, Initial residual = 0.004404035, Final residual = 3.060641e-06, No Iterations 1
region_solid      DICPCG:  Solving for e, Initial residual = 0.01056392, Final residual = 0.0001132104, No Iterations 1
region_hot_fluid  DILUPBiCGStab:  Solving for h, Initial residual = 0.000428222, Final residual = 1.381561e-06, No Iterations 1
region_cold_fluid DILUPBiCGStab:  Solving for h, Initial residual = 0.001077452, Final residual = 1.004984e-06, No Iterations 1
region_hot_fluid  GAMG:  Solving for p_rgh, Initial residual = 0.0002600321, Final residual = 1.810528e-06, No Iterations 3
region_hot_fluid  time step continuity errors : sum local = 4.594507e-06, global = -2.742163e-06, cumulative = -0.0004545533
region_cold_fluid GAMG:  Solving for p_rgh, Initial residual = 0.0006820943, Final residual = 1.112792e-06, No Iterations 3
region_cold_fluid time step continuity errors : sum local = 6.880379e-06, global = -1.807566e-07, cumulative = -0.007410825
                  ExecutionTime = 0.502484 s  ClockTime = 1 s
                  
                  Time = 71s
                  
region_hot_fluid  DILUPBiCGStab:  Solving for Ux, Initial residual = 0.0007897891, Final residual = 1.053103e-06, No Iterations 1
region_hot_fluid  DILUPBiCGStab:  Solving for Uy, Initial residual = 0.002382288, Final residual = 3.538108e-06, No Iterations 1
region_cold_fluid DILUPBiCGStab:  Solving for Ux, Initial residual = 0.00139209, Final residual = 1.144596e-06, No Iterations 1
region_cold_fluid DILUPBiCGStab:  Solving for Uy, Initial residual = 0.004297272, Final residual = 2.918966e-06, No Iterations 1
region_solid      DICPCG:  Solving for e, Initial residual = 0.01059246, Final residual = 0.0001125632, No Iterations 1
region_hot_fluid  DILUPBiCGStab:  Solving for h, Initial residual = 0.0003982311, Final residual = 1.250502e-06, No Iterations 1
region_cold_fluid DILUPBiCGStab:  Solving for h, Initial residual = 0.00104241, Final residual = 9.795456e-07, No Iterations 1
region_hot_fluid  GAMG:  Solving for p_rgh, Initial residual = 0.000248076, Final residual = 1.794657e-06, No Iterations 3
region_hot_fluid  time step continuity errors : sum local = 4.56151e-06, global = -2.852606e-06, cumulative = -0.0004574059
region_cold_fluid GAMG:  Solving for p_rgh, Initial residual = 0.000651425, Final residual = 1.224699e-06, No Iterations 3
region_cold_fluid time step continuity errors : sum local = 7.592264e-06, global = -7.271299e-07, cumulative = -0.007411552
                  ExecutionTime = 0.505015 s  ClockTime = 1 s
                  
                  Time = 72s
                  
region_hot_fluid  DILUPBiCGStab:  Solving for Ux, Initial residual = 0.0007405789, Final residual = 9.691969e-07, No Iterations 1
region_hot_fluid  DILUPBiCGStab:  Solving for Uy, Initial residual = 0.002287345, Final residual = 3.332066e-06, No Iterations 1
region_cold_fluid DILUPBiCGStab:  Solving for Ux, Initial residual = 0.001328562, Final residual = 1.055147e-06, No Iterations 1
region_cold_fluid DILUPBiCGStab:  Solving for Uy, Initial residual = 0.00419301, Final residual = 2.789751e-06, No Iterations 1
region_solid      DICPCG:  Solving for e, Initial residual = 0.01061949, Final residual = 0.0001119337, No Iterations 1
region_hot_fluid  DILUPBiCGStab:  Solving for h, Initial residual = 0.0003694069, Final residual = 1.12841e-06, No Iterations 1
region_cold_fluid DILUPBiCGStab:  Solving for h, Initial residual = 0.001007625, Final residual = 9.514392e-07, No Iterations 1
region_hot_fluid  GAMG:  Solving for p_rgh, Initial residual = 0.0002387013, Final residual = 1.740903e-06, No Iterations 3
region_hot_fluid  time step continuity errors : sum local = 4.43166e-06, global = -2.850256e-06, cumulative = -0.0004602562
region_cold_fluid GAMG:  Solving for p_rgh, Initial residual = 0.0006247897, Final residual = 1.277565e-06, No Iterations 3
region_cold_fluid time step continuity errors : sum local = 7.941116e-06, global = -4.284261e-07, cumulative = -0.007411981
                  ExecutionTime = 0.507774 s  ClockTime = 1 s
                  
                  Time = 73s
                  
region_hot_fluid  DILUPBiCGStab:  Solving for Ux, Initial residual = 0.0006932183, Final residual = 8.895352e-07, No Iterations 1
region_hot_fluid  DILUPBiCGStab:  Solving for Uy, Initial residual = 0.002196741, Final residual = 3.126395e-06, No Iterations 1
region_cold_fluid DILUPBiCGStab:  Solving for Ux, Initial residual = 0.00126705, Final residual = 9.780426e-07, No Iterations 1
region_cold_fluid DILUPBiCGStab:  Solving for Uy, Initial residual = 0.004089637, Final residual = 2.668867e-06, No Iterations 1
region_solid      DICPCG:  Solving for e, Initial residual = 0.01064447, Final residual = 0.0001113163, No Iterations 1
region_hot_fluid  DILUPBiCGStab:  Solving for h, Initial residual = 0.0003416877, Final residual = 1.016697e-06, No Iterations 1
region_cold_fluid DILUPBiCGStab:  Solving for h, Initial residual = 0.000973022, Final residual = 9.21113e-07, No Iterations 1
region_hot_fluid  GAMG:  Solving for p_rgh, Initial residual = 0.0002305237, Final residual = 1.652315e-06, No Iterations 3
region_hot_fluid  time step continuity errors : sum local = 4.211581e-06, global = -2.740861e-06, cumulative = -0.000462997
region_cold_fluid GAMG:  Solving for p_rgh, Initial residual = 0.0005999247, Final residual = 1.308217e-06, No Iterations 3
region_cold_fluid time step continuity errors : sum local = 8.151826e-06, global = -1.86143e-07, cumulative = -0.007412167
                  ExecutionTime = 0.510456 s  ClockTime = 1 s
                  
                  Time = 74s
                  
region_hot_fluid  DILUPBiCGStab:  Solving for Ux, Initial residual = 0.0006478083, Final residual = 8.151208e-07, No Iterations 1
region_hot_fluid  DILUPBiCGStab:  Solving for Uy, Initial residual = 0.002106235, Final residual = 2.926388e-06, No Iterations 1
region_cold_fluid DILUPBiCGStab:  Solving for Ux, Initial residual = 0.00120767, Final residual = 9.074634e-07, No Iterations 1
region_cold_fluid DILUPBiCGStab:  Solving for Uy, Initial residual = 0.003989157, Final residual = 2.552174e-06, No Iterations 1
region_solid      DICPCG:  Solving for e, Initial residual = 0.01066844, Final residual = 0.0001107217, No Iterations 1
region_hot_fluid  DILUPBiCGStab:  Solving for h, Initial residual = 0.0003149731, Final residual = 9.13078e-07, No Iterations 1
region_cold_fluid DILUPBiCGStab:  Solving for h, Initial residual = 0.0009389806, Final residual = 8.89059e-07, No Iterations 1
region_hot_fluid  GAMG:  Solving for p_rgh, Initial residual = 0.0002248163, Final residual = 1.540541e-06, No Iterations 3
region_hot_fluid  time step continuity errors : sum local = 3.932431e-06, global = -2.561009e-06, cumulative = -0.000465558
region_cold_fluid GAMG:  Solving for p_rgh, Initial residual = 0.0005815014, Final residual = 1.342507e-06, No Iterations 3
region_cold_fluid time step continuity errors : sum local = 8.385545e-06, global = -1.486775e-07, cumulative = -0.007412316
                  ExecutionTime = 0.512789 s  ClockTime = 1 s
                  
                  Time = 75s
                  
region_hot_fluid  DILUPBiCGStab:  Solving for Ux, Initial residual = 0.000604476, Final residual = 7.465927e-07, No Iterations 1
region_hot_fluid  DILUPBiCGStab:  Solving for Uy, Initial residual = 0.00201713, Final residual = 2.732796e-06, No Iterations 1
region_cold_fluid DILUPBiCGStab:  Solving for Ux, Initial residual = 0.00115048, Final residual = 8.436711e-07, No Iterations 1
region_cold_fluid DILUPBiCGStab:  Solving for Uy, Initial residual = 0.003891861, Final residual = 2.444262e-06, No Iterations 1
region_solid      DICPCG:  Solving for e, Initial residual = 0.01069106, Final residual = 0.0001101464, No Iterations 1
region_hot_fluid  DILUPBiCGStab:  Solving for h, Initial residual = 0.0002894113, Final residual = 8.173045e-07, No Iterations 1
region_cold_fluid DILUPBiCGStab:  Solving for h, Initial residual = 0.0009056493, Final residual = 8.559052e-07, No Iterations 1
region_hot_fluid  GAMG:  Solving for p_rgh, Initial residual = 0.0002197685, Final residual = 1.406826e-06, No Iterations 3
region_hot_fluid  time step continuity errors : sum local = 3.595731e-06, global = -2.307628e-06, cumulative = -0.0004678657
region_cold_fluid GAMG:  Solving for p_rgh, Initial residual = 0.000566307, Final residual = 1.376363e-06, No Iterations 3
region_cold_fluid time step continuity errors : sum local = 8.616877e-06, global = -1.634361e-07, cumulative = -0.007412479
                  ExecutionTime = 0.515197 s  ClockTime = 1 s
                  
                  Time = 76s
                  
region_hot_fluid  DILUPBiCGStab:  Solving for Ux, Initial residual = 0.000562967, Final residual = 6.826011e-07, No Iterations 1
region_hot_fluid  DILUPBiCGStab:  Solving for Uy, Initial residual = 0.00192723, Final residual = 2.55212e-06, No Iterations 1
region_cold_fluid DILUPBiCGStab:  Solving for Ux, Initial residual = 0.001094962, Final residual = 7.858465e-07, No Iterations 1
region_cold_fluid DILUPBiCGStab:  Solving for Uy, Initial residual = 0.003797784, Final residual = 2.337428e-06, No Iterations 1
region_solid      DICPCG:  Solving for e, Initial residual = 0.01071079, Final residual = 0.0001095744, No Iterations 1
region_hot_fluid  DILUPBiCGStab:  Solving for h, Initial residual = 0.0002650994, Final residual = 7.293683e-07, No Iterations 1
region_cold_fluid DILUPBiCGStab:  Solving for h, Initial residual = 0.0008724229, Final residual = 8.219927e-07, No Iterations 1
region_hot_fluid  GAMG:  Solving for p_rgh, Initial residual = 0.0002161515, Final residual = 1.265159e-06, No Iterations 3
region_hot_fluid  time step continuity errors : sum local = 3.238006e-06, global = -2.02514e-06, cumulative = -0.0004698908
region_cold_fluid GAMG:  Solving for p_rgh, Initial residual = 0.0005514717, Final residual = 1.400387e-06, No Iterations 3
region_cold_fluid time step continuity errors : sum local = 8.788123e-06, global = -1.447719e-07, cumulative = -0.007412624
                  ExecutionTime = 0.517775 s  ClockTime = 1 s
                  
                  Time = 77s
                  
region_hot_fluid  DILUPBiCGStab:  Solving for Ux, Initial residual = 0.0005233171, Final residual = 6.224601e-07, No Iterations 1
region_hot_fluid  DILUPBiCGStab:  Solving for Uy, Initial residual = 0.001838012, Final residual = 2.380148e-06, No Iterations 1
region_cold_fluid DILUPBiCGStab:  Solving for Ux, Initial residual = 0.001041241, Final residual = 7.317775e-07, No Iterations 1
region_cold_fluid DILUPBiCGStab:  Solving for Uy, Initial residual = 0.003704082, Final residual = 2.231707e-06, No Iterations 1
region_solid      DICPCG:  Solving for e, Initial residual = 0.01072945, Final residual = 0.0001090243, No Iterations 1
region_hot_fluid  DILUPBiCGStab:  Solving for h, Initial residual = 0.0002420565, Final residual = 6.504073e-07, No Iterations 1
region_cold_fluid DILUPBiCGStab:  Solving for h, Initial residual = 0.0008394034, Final residual = 7.877096e-07, No Iterations 1
region_hot_fluid  GAMG:  Solving for p_rgh, Initial residual = 0.0002140124, Final residual = 1.126757e-06, No Iterations 3
region_hot_fluid  time step continuity errors : sum local = 2.887278e-06, global = -1.745553e-06, cumulative = -0.0004716363
region_cold_fluid GAMG:  Solving for p_rgh, Initial residual = 0.0005370818, Final residual = 1.414439e-06, No Iterations 3
region_cold_fluid time step continuity errors : sum local = 8.895128e-06, global = -1.115106e-07, cumulative = -0.007412735
                  ExecutionTime = 0.520717 s  ClockTime = 1 s
                  
                  Time = 78s
                  
region_hot_fluid  DILUPBiCGStab:  Solving for Ux, Initial residual = 0.0004857699, Final residual = 5.672437e-07, No Iterations 1
region_hot_fluid  DILUPBiCGStab:  Solving for Uy, Initial residual = 0.001750325, Final residual = 2.21486e-06, No Iterations 1
region_cold_fluid DILUPBiCGStab:  Solving for Ux, Initial residual = 0.0009896582, Final residual = 6.840096e-07, No Iterations 1
region_cold_fluid DILUPBiCGStab:  Solving for Uy, Initial residual = 0.003609627, Final residual = 2.132578e-06, No Iterations 1
region_solid      DICPCG:  Solving for e, Initial residual = 0.01074703, Final residual = 0.0001084958, No Iterations 1
region_hot_fluid  DILUPBiCGStab:  Solving for h, Initial residual = 0.0002201938, Final residual = 5.778934e-07, No Iterations 1
region_cold_fluid DILUPBiCGStab:  Solving for h, Initial residual = 0.0008066968, Final residual = 7.535192e-07, No Iterations 1
region_hot_fluid  GAMG:  Solving for p_rgh, Initial residual = 0.0002112525, Final residual = 1.001646e-06, No Iterations 3
region_hot_fluid  time step continuity errors : sum local = 2.56916e-06, global = -1.496256e-06, cumulative = -0.0004731326
region_cold_fluid GAMG:  Solving for p_rgh, Initial residual = 0.0005234254, Final residual = 1.420541e-06, No Iterations 3
region_cold_fluid time step continuity errors : sum local = 8.951065e-06, global = -9.587635e-08, cumulative = -0.007412831
                  ExecutionTime = 0.523464 s  ClockTime = 1 s
                  
                  Time = 79s
                  
region_hot_fluid  DILUPBiCGStab:  Solving for Ux, Initial residual = 0.0004505814, Final residual = 5.176464e-07, No Iterations 1
region_hot_fluid  DILUPBiCGStab:  Solving for Uy, Initial residual = 0.001667368, Final residual = 2.056768e-06, No Iterations 1
region_cold_fluid DILUPBiCGStab:  Solving for Ux, Initial residual = 0.0009400783, Final residual = 6.392949e-07, No Iterations 1
region_cold_fluid DILUPBiCGStab:  Solving for Uy, Initial residual = 0.003514709, Final residual = 2.037851e-06, No Iterations 1
region_solid      DICPCG:  Solving for e, Initial residual = 0.01076351, Final residual = 0.0001079882, No Iterations 1
region_hot_fluid  DILUPBiCGStab:  Solving for h, Initial residual = 0.0001996589, Final residual = 5.117713e-07, No Iterations 1
region_cold_fluid DILUPBiCGStab:  Solving for h, Initial residual = 0.0007746505, Final residual = 7.195499e-07, No Iterations 1
region_hot_fluid  GAMG:  Solving for p_rgh, Initial residual = 0.0002077194, Final residual = 8.934788e-07, No Iterations 3
region_hot_fluid  time step continuity errors : sum local = 2.293894e-06, global = -1.292734e-06, cumulative = -0.0004744253
region_cold_fluid GAMG:  Solving for p_rgh, Initial residual = 0.0005107969, Final residual = 1.419811e-06, No Iterations 3
region_cold_fluid time step continuity errors : sum local = 8.963815e-06, global = -9.937635e-08, cumulative = -0.007412931
                  ExecutionTime = 0.52562 s  ClockTime = 1 s
                  
                  Time = 80s
                  
region_hot_fluid  DILUPBiCGStab:  Solving for Ux, Initial residual = 0.0004172447, Final residual = 4.712636e-07, No Iterations 1
region_hot_fluid  DILUPBiCGStab:  Solving for Uy, Initial residual = 0.00158489, Final residual = 1.905655e-06, No Iterations 1
region_cold_fluid DILUPBiCGStab:  Solving for Ux, Initial residual = 0.0008936451, Final residual = 6.007847e-07, No Iterations 1
region_cold_fluid DILUPBiCGStab:  Solving for Uy, Initial residual = 0.00342294, Final residual = 1.945712e-06, No Iterations 1
region_solid      DICPCG:  Solving for e, Initial residual = 0.01077888, Final residual = 0.0001075012, No Iterations 1
region_hot_fluid  DILUPBiCGStab:  Solving for h, Initial residual = 0.0001803737, Final residual = 4.524542e-07, No Iterations 1
region_cold_fluid DILUPBiCGStab:  Solving for h, Initial residual = 0.0007434238, Final residual = 6.860754e-07, No Iterations 1
region_hot_fluid  GAMG:  Solving for p_rgh, Initial residual = 0.0002034529, Final residual = 8.040097e-07, No Iterations 3
region_hot_fluid  time step continuity errors : sum local = 2.066568e-06, global = -1.137773e-06, cumulative = -0.0004755631
region_cold_fluid GAMG:  Solving for p_rgh, Initial residual = 0.0004980804, Final residual = 1.413165e-06, No Iterations 3
region_cold_fluid time step continuity errors : sum local = 8.939782e-06, global = -1.13343e-07, cumulative = -0.007413044
                  ExecutionTime = 0.527806 s  ClockTime = 1 s
                  
                  Time = 81s
                  
region_hot_fluid  DILUPBiCGStab:  Solving for Ux, Initial residual = 0.0003858126, Final residual = 4.281086e-07, No Iterations 1
region_hot_fluid  DILUPBiCGStab:  Solving for Uy, Initial residual = 0.001503978, Final residual = 1.765307e-06, No Iterations 1
region_cold_fluid DILUPBiCGStab:  Solving for Ux, Initial residual = 0.0008508331, Final residual = 5.657436e-07, No Iterations 1
region_cold_fluid DILUPBiCGStab:  Solving for Uy, Initial residual = 0.003331986, Final residual = 1.860683e-06, No Iterations 1
region_solid      DICPCG:  Solving for e, Initial residual = 0.01079269, Final residual = 0.0001070295, No Iterations 1
region_hot_fluid  DILUPBiCGStab:  Solving for h, Initial residual = 0.0001625068, Final residual = 3.999036e-07, No Iterations 1
region_cold_fluid DILUPBiCGStab:  Solving for h, Initial residual = 0.0007127695, Final residual = 6.533761e-07, No Iterations 1
region_hot_fluid  GAMG:  Solving for p_rgh, Initial residual = 0.0001987416, Final residual = 7.270369e-07, No Iterations 3
region_hot_fluid  time step continuity errors : sum local = 1.870293e-06, global = -1.024376e-06, cumulative = -0.0004765875
region_cold_fluid GAMG:  Solving for p_rgh, Initial residual = 0.0004852869, Final residual = 1.400892e-06, No Iterations 3
region_cold_fluid time step continuity errors : sum local = 8.878913e-06, global = -1.287486e-07, cumulative = -0.007413173
                  ExecutionTime = 0.529696 s  ClockTime = 1 s
                  
                  Time = 82s
                  
region_hot_fluid  DILUPBiCGStab:  Solving for Ux, Initial residual = 0.0003567719, Final residual = 3.907158e-07, No Iterations 1
region_hot_fluid  DILUPBiCGStab:  Solving for Uy, Initial residual = 0.001424246, Final residual = 1.631147e-06, No Iterations 1
region_cold_fluid DILUPBiCGStab:  Solving for Ux, Initial residual = 0.000811423, Final residual = 5.364441e-07, No Iterations 1
region_cold_fluid DILUPBiCGStab:  Solving for Uy, Initial residual = 0.003242193, Final residual = 1.776357e-06, No Iterations 1
region_solid      DICPCG:  Solving for e, Initial residual = 0.0108053, Final residual = 0.0001065765, No Iterations 1
region_hot_fluid  DILUPBiCGStab:  Solving for h, Initial residual = 0.0001458783, Final residual = 3.519807e-07, No Iterations 1
region_cold_fluid DILUPBiCGStab:  Solving for h, Initial residual = 0.0006827629, Final residual = 6.215871e-07, No Iterations 1
region_hot_fluid  GAMG:  Solving for p_rgh, Initial residual = 0.0001933135, Final residual = 6.551331e-07, No Iterations 3
region_hot_fluid  time step continuity errors : sum local = 1.686262e-06, global = -9.403729e-07, cumulative = -0.0004775279
region_cold_fluid GAMG:  Solving for p_rgh, Initial residual = 0.0004724207, Final residual = 1.387213e-06, No Iterations 3
region_cold_fluid time step continuity errors : sum local = 8.806554e-06, global = -1.478113e-07, cumulative = -0.007413321
                  ExecutionTime = 0.532037 s  ClockTime = 1 s
                  
                  Time = 83s
                  
region_hot_fluid  DILUPBiCGStab:  Solving for Ux, Initial residual = 0.0003295894, Final residual = 3.561695e-07, No Iterations 1
region_hot_fluid  DILUPBiCGStab:  Solving for Uy, Initial residual = 0.001347567, Final residual = 1.505268e-06, No Iterations 1
region_cold_fluid DILUPBiCGStab:  Solving for Ux, Initial residual = 0.0007768326, Final residual = 5.122061e-07, No Iterations 1
region_cold_fluid DILUPBiCGStab:  Solving for Uy, Initial residual = 0.003154841, Final residual = 1.696834e-06, No Iterations 1
region_solid      DICPCG:  Solving for e, Initial residual = 0.01081681, Final residual = 0.0001061425, No Iterations 1
region_hot_fluid  DILUPBiCGStab:  Solving for h, Initial residual = 0.0001305452, Final residual = 3.087211e-07, No Iterations 1
region_cold_fluid DILUPBiCGStab:  Solving for h, Initial residual = 0.0006534701, Final residual = 5.908115e-07, No Iterations 1
region_hot_fluid  GAMG:  Solving for p_rgh, Initial residual = 0.0001872134, Final residual = 5.880362e-07, No Iterations 3
region_hot_fluid  time step continuity errors : sum local = 1.515336e-06, global = -8.739883e-07, cumulative = -0.0004784018
region_cold_fluid GAMG:  Solving for p_rgh, Initial residual = 0.0004596183, Final residual = 1.365161e-06, No Iterations 3
region_cold_fluid time step continuity errors : sum local = 8.681217e-06, global = -1.672228e-07, cumulative = -0.007413488
                  ExecutionTime = 0.534454 s  ClockTime = 1 s
                  
                  Time = 84s
                  
region_hot_fluid  DILUPBiCGStab:  Solving for Ux, Initial residual = 0.0003041026, Final residual = 3.24153e-07, No Iterations 1
region_hot_fluid  DILUPBiCGStab:  Solving for Uy, Initial residual = 0.001272605, Final residual = 1.388936e-06, No Iterations 1
region_cold_fluid DILUPBiCGStab:  Solving for Ux, Initial residual = 0.0007441365, Final residual = 4.924948e-07, No Iterations 1
region_cold_fluid DILUPBiCGStab:  Solving for Uy, Initial residual = 0.003074908, Final residual = 1.621341e-06, No Iterations 1
region_solid      DICPCG:  Solving for e, Initial residual = 0.01082722, Final residual = 0.0001057268, No Iterations 1
region_hot_fluid  DILUPBiCGStab:  Solving for h, Initial residual = 0.0001163584, Final residual = 2.717262e-07, No Iterations 1
region_cold_fluid DILUPBiCGStab:  Solving for h, Initial residual = 0.0006249474, Final residual = 5.611476e-07, No Iterations 1
region_hot_fluid  GAMG:  Solving for p_rgh, Initial residual = 0.0001805247, Final residual = 5.267967e-07, No Iterations 3
region_hot_fluid  time step continuity errors : sum local = 1.358827e-06, global = -8.178416e-07, cumulative = -0.0004792197
region_cold_fluid GAMG:  Solving for p_rgh, Initial residual = 0.0004469997, Final residual = 1.338795e-06, No Iterations 3
region_cold_fluid time step continuity errors : sum local = 8.528382e-06, global = -1.894541e-07, cumulative = -0.007413677
                  ExecutionTime = 0.536614 s  ClockTime = 1 s
                  
                  Time = 85s
                  
region_hot_fluid  DILUPBiCGStab:  Solving for Ux, Initial residual = 0.0002809729, Final residual = 2.960202e-07, No Iterations 1
region_hot_fluid  DILUPBiCGStab:  Solving for Uy, Initial residual = 0.001200679, Final residual = 1.282364e-06, No Iterations 1
region_cold_fluid DILUPBiCGStab:  Solving for Ux, Initial residual = 0.0007123018, Final residual = 4.785961e-07, No Iterations 1
region_cold_fluid DILUPBiCGStab:  Solving for Uy, Initial residual = 0.002996573, Final residual = 1.550273e-06, No Iterations 1
region_solid      DICPCG:  Solving for e, Initial residual = 0.01083656, Final residual = 0.0001053288, No Iterations 1
region_hot_fluid  DILUPBiCGStab:  Solving for h, Initial residual = 0.0001035824, Final residual = 2.390877e-07, No Iterations 1
region_cold_fluid DILUPBiCGStab:  Solving for h, Initial residual = 0.0005972424, Final residual = 5.326627e-07, No Iterations 1
region_hot_fluid  GAMG:  Solving for p_rgh, Initial residual = 0.0001734319, Final residual = 4.734982e-07, No Iterations 3
region_hot_fluid  time step continuity errors : sum local = 1.222003e-06, global = -7.648006e-07, cumulative = -0.0004799845
region_cold_fluid GAMG:  Solving for p_rgh, Initial residual = 0.0004342779, Final residual = 1.308711e-06, No Iterations 3
region_cold_fluid time step continuity errors : sum local = 8.348599e-06, global = -2.113152e-07, cumulative = -0.007413889
                  ExecutionTime = 0.538638 s  ClockTime = 1 s
                  
                  Time = 86s
                  
region_hot_fluid  DILUPBiCGStab:  Solving for Ux, Initial residual = 0.0002594578, Final residual = 2.710339e-07, No Iterations 1
region_hot_fluid  DILUPBiCGStab:  Solving for Uy, Initial residual = 0.001131658, Final residual = 1.182678e-06, No Iterations 1
region_cold_fluid DILUPBiCGStab:  Solving for Ux, Initial residual = 0.0006813639, Final residual = 4.661681e-07, No Iterations 1
region_cold_fluid DILUPBiCGStab:  Solving for Uy, Initial residual = 0.002916542, Final residual = 1.48421e-06, No Iterations 1
region_solid      DICPCG:  Solving for e, Initial residual = 0.01084483, Final residual = 0.0001049477, No Iterations 1
region_hot_fluid  DILUPBiCGStab:  Solving for h, Initial residual = 9.178198e-05, Final residual = 2.095153e-07, No Iterations 1
region_cold_fluid DILUPBiCGStab:  Solving for h, Initial residual = 0.0005703888, Final residual = 5.053971e-07, No Iterations 1
region_hot_fluid  GAMG:  Solving for p_rgh, Initial residual = 0.0001660888, Final residual = 4.282861e-07, No Iterations 3
region_hot_fluid  time step continuity errors : sum local = 1.106232e-06, global = -7.157405e-07, cumulative = -0.0004807002
region_cold_fluid GAMG:  Solving for p_rgh, Initial residual = 0.0004216315, Final residual = 1.275186e-06, No Iterations 3
region_cold_fluid time step continuity errors : sum local = 8.146353e-06, global = -2.309777e-07, cumulative = -0.00741412
                  ExecutionTime = 0.540965 s  ClockTime = 1 s
                  
                  Time = 87s
                  
region_hot_fluid  DILUPBiCGStab:  Solving for Ux, Initial residual = 0.0002394231, Final residual = 2.481742e-07, No Iterations 1
region_hot_fluid  DILUPBiCGStab:  Solving for Uy, Initial residual = 0.001065787, Final residual = 1.089119e-06, No Iterations 1
region_cold_fluid DILUPBiCGStab:  Solving for Ux, Initial residual = 0.000651353, Final residual = 4.560464e-07, No Iterations 1
region_cold_fluid DILUPBiCGStab:  Solving for Uy, Initial residual = 0.002836019, Final residual = 1.419659e-06, No Iterations 1
region_solid      DICPCG:  Solving for e, Initial residual = 0.01085206, Final residual = 0.0001045829, No Iterations 1
region_hot_fluid  DILUPBiCGStab:  Solving for h, Initial residual = 8.115432e-05, Final residual = 1.834464e-07, No Iterations 1
region_cold_fluid DILUPBiCGStab:  Solving for h, Initial residual = 0.0005444136, Final residual = 4.793689e-07, No Iterations 1
region_hot_fluid  GAMG:  Solving for p_rgh, Initial residual = 0.0001584865, Final residual = 3.907889e-07, No Iterations 3
region_hot_fluid  time step continuity errors : sum local = 1.010494e-06, global = -6.672618e-07, cumulative = -0.0004813675
region_cold_fluid GAMG:  Solving for p_rgh, Initial residual = 0.0004089071, Final residual = 1.23882e-06, No Iterations 3
region_cold_fluid time step continuity errors : sum local = 7.925609e-06, global = -2.482773e-07, cumulative = -0.007414368
                  ExecutionTime = 0.543185 s  ClockTime = 1 s
                  
                  Time = 88s
                  
region_hot_fluid  DILUPBiCGStab:  Solving for Ux, Initial residual = 0.0002214673, Final residual = 2.287331e-07, No Iterations 1
region_hot_fluid  DILUPBiCGStab:  Solving for Uy, Initial residual = 0.001002794, Final residual = 1.00383e-06, No Iterations 1
region_cold_fluid DILUPBiCGStab:  Solving for Ux, Initial residual = 0.000622293, Final residual = 4.45363e-07, No Iterations 1
region_cold_fluid DILUPBiCGStab:  Solving for Uy, Initial residual = 0.002755573, Final residual = 1.361638e-06, No Iterations 1
region_solid      DICPCG:  Solving for e, Initial residual = 0.01085828, Final residual = 0.0001042336, No Iterations 1
region_hot_fluid  DILUPBiCGStab:  Solving for h, Initial residual = 7.166071e-05, Final residual = 1.626282e-07, No Iterations 1
region_cold_fluid DILUPBiCGStab:  Solving for h, Initial residual = 0.0005193359, Final residual = 4.545783e-07, No Iterations 1
region_hot_fluid  GAMG:  Solving for p_rgh, Initial residual = 0.0001509581, Final residual = 3.634397e-07, No Iterations 3
region_hot_fluid  time step continuity errors : sum local = 9.404497e-07, global = -6.212817e-07, cumulative = -0.0004819888
region_cold_fluid GAMG:  Solving for p_rgh, Initial residual = 0.000396163, Final residual = 1.20028e-06, No Iterations 3
region_cold_fluid time step continuity errors : sum local = 7.688945e-06, global = -2.620852e-07, cumulative = -0.00741463
                  ExecutionTime = 0.545589 s  ClockTime = 1 s
                  
                  Time = 89s
                  
region_hot_fluid  DILUPBiCGStab:  Solving for Ux, Initial residual = 0.000204851, Final residual = 2.118416e-07, No Iterations 1
region_hot_fluid  DILUPBiCGStab:  Solving for Uy, Initial residual = 0.0009437748, Final residual = 9.259631e-07, No Iterations 1
region_cold_fluid DILUPBiCGStab:  Solving for Ux, Initial residual = 0.0005942015, Final residual = 4.342563e-07, No Iterations 1
region_cold_fluid DILUPBiCGStab:  Solving for Uy, Initial residual = 0.002675665, Final residual = 1.308303e-06, No Iterations 1
region_solid      DICPCG:  Solving for e, Initial residual = 0.01086288, Final residual = 0.0001038931, No Iterations 1
region_hot_fluid  DILUPBiCGStab:  Solving for h, Initial residual = 6.31783e-05, Final residual = 1.441109e-07, No Iterations 1
region_cold_fluid DILUPBiCGStab:  Solving for h, Initial residual = 0.0004951674, Final residual = 4.310175e-07, No Iterations 1
region_hot_fluid  GAMG:  Solving for p_rgh, Initial residual = 0.0001433458, Final residual = 3.415767e-07, No Iterations 3
region_hot_fluid  time step continuity errors : sum local = 8.840225e-07, global = -5.772461e-07, cumulative = -0.000482566
region_cold_fluid GAMG:  Solving for p_rgh, Initial residual = 0.0003834437, Final residual = 1.159702e-06, No Iterations 3
region_cold_fluid time step continuity errors : sum local = 7.438815e-06, global = -2.748304e-07, cumulative = -0.007414905
                  ExecutionTime = 0.548211 s  ClockTime = 1 s
                  
                  Time = 90s
                  
region_hot_fluid  DILUPBiCGStab:  Solving for Ux, Initial residual = 0.0001894706, Final residual = 1.961072e-07, No Iterations 1
region_hot_fluid  DILUPBiCGStab:  Solving for Uy, Initial residual = 0.0008878787, Final residual = 8.538328e-07, No Iterations 1
region_cold_fluid DILUPBiCGStab:  Solving for Ux, Initial residual = 0.0005670896, Final residual = 4.228353e-07, No Iterations 1
region_cold_fluid DILUPBiCGStab:  Solving for Uy, Initial residual = 0.002595774, Final residual = 1.256298e-06, No Iterations 1
region_solid      DICPCG:  Solving for e, Initial residual = 0.01086611, Final residual = 0.0001035627, No Iterations 1
region_hot_fluid  DILUPBiCGStab:  Solving for h, Initial residual = 5.559976e-05, Final residual = 1.275261e-07, No Iterations 1
region_cold_fluid DILUPBiCGStab:  Solving for h, Initial residual = 0.0004719133, Final residual = 4.086739e-07, No Iterations 1
region_hot_fluid  GAMG:  Solving for p_rgh, Initial residual = 0.0001357149, Final residual = 3.230664e-07, No Iterations 3
region_hot_fluid  time step continuity errors : sum local = 8.357412e-07, global = -5.353806e-07, cumulative = -0.0004831014
region_cold_fluid GAMG:  Solving for p_rgh, Initial residual = 0.0003706821, Final residual = 1.117882e-06, No Iterations 3
region_cold_fluid time step continuity errors : sum local = 7.17859e-06, global = -2.827813e-07, cumulative = -0.007415188
                  ExecutionTime = 0.550836 s  ClockTime = 1 s
                  
                  Time = 91s
                  
region_hot_fluid  DILUPBiCGStab:  Solving for Ux, Initial residual = 0.0001754977, Final residual = 1.829714e-07, No Iterations 1
region_hot_fluid  DILUPBiCGStab:  Solving for Uy, Initial residual = 0.000834513, Final residual = 7.881807e-07, No Iterations 1
region_cold_fluid DILUPBiCGStab:  Solving for Ux, Initial residual = 0.0005409638, Final residual = 4.111728e-07, No Iterations 1
region_cold_fluid DILUPBiCGStab:  Solving for Uy, Initial residual = 0.002515639, Final residual = 1.205488e-06, No Iterations 1
region_solid      DICPCG:  Solving for e, Initial residual = 0.01086843, Final residual = 0.0001032457, No Iterations 1
region_hot_fluid  DILUPBiCGStab:  Solving for h, Initial residual = 4.88629e-05, Final residual = 1.142217e-07, No Iterations 1
region_cold_fluid DILUPBiCGStab:  Solving for h, Initial residual = 0.0004495728, Final residual = 3.8749e-07, No Iterations 1
region_hot_fluid  GAMG:  Solving for p_rgh, Initial residual = 0.0001282409, Final residual = 3.054449e-07, No Iterations 3
region_hot_fluid  time step continuity errors : sum local = 7.910229e-07, global = -4.958752e-07, cumulative = -0.0004835973
region_cold_fluid GAMG:  Solving for p_rgh, Initial residual = 0.0003580116, Final residual = 1.07477e-06, No Iterations 3
region_cold_fluid time step continuity errors : sum local = 6.909887e-06, global = -2.878054e-07, cumulative = -0.007415475
                  ExecutionTime = 0.553356 s  ClockTime = 1 s
                  
                  Time = 92s
                  
region_hot_fluid  DILUPBiCGStab:  Solving for Ux, Initial residual = 0.000162539, Final residual = 1.707306e-07, No Iterations 1
region_hot_fluid  DILUPBiCGStab:  Solving for Uy, Initial residual = 0.000784985, Final residual = 7.292377e-07, No Iterations 1
region_cold_fluid DILUPBiCGStab:  Solving for Ux, Initial residual = 0.0005158264, Final residual = 3.994058e-07, No Iterations 1
region_cold_fluid DILUPBiCGStab:  Solving for Uy, Initial residual = 0.002435135, Final residual = 1.158703e-06, No Iterations 1
region_solid      DICPCG:  Solving for e, Initial residual = 0.01086985, Final residual = 0.0001029412, No Iterations 1
region_hot_fluid  DILUPBiCGStab:  Solving for h, Initial residual = 4.311412e-05, Final residual = 1.03723e-07, No Iterations 1
region_cold_fluid DILUPBiCGStab:  Solving for h, Initial residual = 0.00042814, Final residual = 3.674268e-07, No Iterations 1
region_hot_fluid  GAMG:  Solving for p_rgh, Initial residual = 0.0001209797, Final residual = 2.883168e-07, No Iterations 3
region_hot_fluid  time step continuity errors : sum local = 7.465893e-07, global = -4.595923e-07, cumulative = -0.0004840569
region_cold_fluid GAMG:  Solving for p_rgh, Initial residual = 0.0003454638, Final residual = 1.031441e-06, No Iterations 3
region_cold_fluid time step continuity errors : sum local = 6.63917e-06, global = -2.881229e-07, cumulative = -0.007415763
                  ExecutionTime = 0.555911 s  ClockTime = 1 s
                  
                  Time = 93s
                  
region_hot_fluid  DILUPBiCGStab:  Solving for Ux, Initial residual = 0.0001507236, Final residual = 1.596229e-07, No Iterations 1
region_hot_fluid  DILUPBiCGStab:  Solving for Uy, Initial residual = 0.000739427, Final residual = 6.759758e-07, No Iterations 1
region_cold_fluid DILUPBiCGStab:  Solving for Ux, Initial residual = 0.0004916753, Final residual = 3.875839e-07, No Iterations 1
region_cold_fluid DILUPBiCGStab:  Solving for Uy, Initial residual = 0.002354786, Final residual = 1.115025e-06, No Iterations 1
region_solid      DICPCG:  Solving for e, Initial residual = 0.01087041, Final residual = 0.0001026484, No Iterations 1
region_hot_fluid  DILUPBiCGStab:  Solving for h, Initial residual = 3.796528e-05, Final residual = 9.426981e-08, No Iterations 1
region_cold_fluid DILUPBiCGStab:  Solving for h, Initial residual = 0.0004076047, Final residual = 3.484408e-07, No Iterations 1
region_hot_fluid  GAMG:  Solving for p_rgh, Initial residual = 0.0001139045, Final residual = 2.719273e-07, No Iterations 3
region_hot_fluid  time step continuity errors : sum local = 7.045531e-07, global = -4.238369e-07, cumulative = -0.0004844807
region_cold_fluid GAMG:  Solving for p_rgh, Initial residual = 0.0003329791, Final residual = 9.882927e-07, No Iterations 3
region_cold_fluid time step continuity errors : sum local = 6.367697e-06, global = -2.868397e-07, cumulative = -0.00741605
                  ExecutionTime = 0.558321 s  ClockTime = 1 s
                  
                  Time = 94s
                  
region_hot_fluid  DILUPBiCGStab:  Solving for Ux, Initial residual = 0.0001399259, Final residual = 1.503964e-07, No Iterations 1
region_hot_fluid  DILUPBiCGStab:  Solving for Uy, Initial residual = 0.0006973046, Final residual = 6.262894e-07, No Iterations 1
region_cold_fluid DILUPBiCGStab:  Solving for Ux, Initial residual = 0.0004685052, Final residual = 3.757449e-07, No Iterations 1
region_cold_fluid DILUPBiCGStab:  Solving for Uy, Initial residual = 0.002275332, Final residual = 1.074552e-06, No Iterations 1
region_solid      DICPCG:  Solving for e, Initial residual = 0.01086931, Final residual = 0.0001023587, No Iterations 1
region_hot_fluid  DILUPBiCGStab:  Solving for h, Initial residual = 3.356334e-05, Final residual = 8.701125e-08, No Iterations 1
region_cold_fluid DILUPBiCGStab:  Solving for h, Initial residual = 0.0003879526, Final residual = 3.304861e-07, No Iterations 1
region_hot_fluid  GAMG:  Solving for p_rgh, Initial residual = 0.0001069866, Final residual = 2.558329e-07, No Iterations 3
region_hot_fluid  time step continuity errors : sum local = 6.629223e-07, global = -3.922849e-07, cumulative = -0.000484873
region_cold_fluid GAMG:  Solving for p_rgh, Initial residual = 0.0003205923, Final residual = 9.45511e-07, No Iterations 3
region_cold_fluid time step continuity errors : sum local = 6.097707e-06, global = -2.834423e-07, cumulative = -0.007416334
                  ExecutionTime = 0.560223 s  ClockTime = 1 s
                  
                  Time = 95s
                  
region_hot_fluid  DILUPBiCGStab:  Solving for Ux, Initial residual = 0.0001300444, Final residual = 1.422723e-07, No Iterations 1
region_hot_fluid  DILUPBiCGStab:  Solving for Uy, Initial residual = 0.0006583826, Final residual = 5.82279e-07, No Iterations 1
region_cold_fluid DILUPBiCGStab:  Solving for Ux, Initial residual = 0.000446305, Final residual = 3.643878e-07, No Iterations 1
region_cold_fluid DILUPBiCGStab:  Solving for Uy, Initial residual = 0.00219625, Final residual = 1.03569e-06, No Iterations 1
region_solid      DICPCG:  Solving for e, Initial residual = 0.01086731, Final residual = 0.0001020782, No Iterations 1
region_hot_fluid  DILUPBiCGStab:  Solving for h, Initial residual = 3.007519e-05, Final residual = 8.214748e-08, No Iterations 1
region_cold_fluid DILUPBiCGStab:  Solving for h, Initial residual = 0.0003691663, Final residual = 3.135156e-07, No Iterations 1
region_hot_fluid  GAMG:  Solving for p_rgh, Initial residual = 0.0001002982, Final residual = 2.401979e-07, No Iterations 3
region_hot_fluid  time step continuity errors : sum local = 6.225982e-07, global = -3.622471e-07, cumulative = -0.0004852352
region_cold_fluid GAMG:  Solving for p_rgh, Initial residual = 0.0003083454, Final residual = 9.025941e-07, No Iterations 3
region_cold_fluid time step continuity errors : sum local = 5.826686e-06, global = -2.755755e-07, cumulative = -0.007416609
                  ExecutionTime = 0.562232 s  ClockTime = 1 s
                  
                  Time = 96s
                  
region_hot_fluid  DILUPBiCGStab:  Solving for Ux, Initial residual = 0.000121109, Final residual = 1.354407e-07, No Iterations 1
region_hot_fluid  DILUPBiCGStab:  Solving for Uy, Initial residual = 0.0006219186, Final residual = 5.41527e-07, No Iterations 1
region_cold_fluid DILUPBiCGStab:  Solving for Ux, Initial residual = 0.0004250605, Final residual = 3.53196e-07, No Iterations 1
region_cold_fluid DILUPBiCGStab:  Solving for Uy, Initial residual = 0.002117848, Final residual = 9.983502e-07, No Iterations 1
region_solid      DICPCG:  Solving for e, Initial residual = 0.01086455, Final residual = 0.0001018074, No Iterations 1
region_hot_fluid  DILUPBiCGStab:  Solving for h, Initial residual = 2.694954e-05, Final residual = 7.800148e-08, No Iterations 1
region_cold_fluid DILUPBiCGStab:  Solving for h, Initial residual = 0.0003512256, Final residual = 2.974893e-07, No Iterations 1
region_hot_fluid  GAMG:  Solving for p_rgh, Initial residual = 9.387015e-05, Final residual = 2.248953e-07, No Iterations 3
region_hot_fluid  time step continuity errors : sum local = 5.83159e-07, global = -3.348752e-07, cumulative = -0.0004855701
region_cold_fluid GAMG:  Solving for p_rgh, Initial residual = 0.0002962733, Final residual = 8.608048e-07, No Iterations 3
region_cold_fluid time step continuity errors : sum local = 5.561296e-06, global = -2.670739e-07, cumulative = -0.007416876
                  ExecutionTime = 0.564212 s  ClockTime = 1 s
                  
                  Time = 97s
                  
region_hot_fluid  DILUPBiCGStab:  Solving for Ux, Initial residual = 0.0001128197, Final residual = 1.293165e-07, No Iterations 1
region_hot_fluid  DILUPBiCGStab:  Solving for Uy, Initial residual = 0.0005877414, Final residual = 5.045607e-07, No Iterations 1
region_cold_fluid DILUPBiCGStab:  Solving for Ux, Initial residual = 0.0004047461, Final residual = 3.421197e-07, No Iterations 1
region_cold_fluid DILUPBiCGStab:  Solving for Uy, Initial residual = 0.002040397, Final residual = 9.617014e-07, No Iterations 1
region_solid      DICPCG:  Solving for e, Initial residual = 0.01086109, Final residual = 0.0001015455, No Iterations 1
region_hot_fluid  DILUPBiCGStab:  Solving for h, Initial residual = 2.427521e-05, Final residual = 7.429499e-08, No Iterations 1
region_cold_fluid DILUPBiCGStab:  Solving for h, Initial residual = 0.0003341081, Final residual = 2.82351e-07, No Iterations 1
region_hot_fluid  GAMG:  Solving for p_rgh, Initial residual = 8.772555e-05, Final residual = 2.103886e-07, No Iterations 3
region_hot_fluid  time step continuity errors : sum local = 5.455409e-07, global = -3.082311e-07, cumulative = -0.0004858783
region_cold_fluid GAMG:  Solving for p_rgh, Initial residual = 0.0002844107, Final residual = 8.196483e-07, No Iterations 3
region_cold_fluid time step continuity errors : sum local = 5.299422e-06, global = -2.584469e-07, cumulative = -0.007417135
                  ExecutionTime = 0.566165 s  ClockTime = 1 s
                  
                  Time = 98s
                  
region_hot_fluid  DILUPBiCGStab:  Solving for Ux, Initial residual = 0.0001051275, Final residual = 1.234701e-07, No Iterations 1
region_hot_fluid  DILUPBiCGStab:  Solving for Uy, Initial residual = 0.0005555119, Final residual = 4.704604e-07, No Iterations 1
region_cold_fluid DILUPBiCGStab:  Solving for Ux, Initial residual = 0.0003853485, Final residual = 3.311529e-07, No Iterations 1
region_cold_fluid DILUPBiCGStab:  Solving for Uy, Initial residual = 0.00196412, Final residual = 9.267973e-07, No Iterations 1
region_solid      DICPCG:  Solving for e, Initial residual = 0.01085694, Final residual = 0.0001012918, No Iterations 1
region_hot_fluid  DILUPBiCGStab:  Solving for h, Initial residual = 2.209958e-05, Final residual = 7.389475e-08, No Iterations 1
region_cold_fluid DILUPBiCGStab:  Solving for h, Initial residual = 0.0003177895, Final residual = 2.680503e-07, No Iterations 1
region_hot_fluid  GAMG:  Solving for p_rgh, Initial residual = 8.193196e-05, Final residual = 1.962906e-07, No Iterations 3
region_hot_fluid  time step continuity errors : sum local = 5.091504e-07, global = -2.841633e-07, cumulative = -0.0004861625
region_cold_fluid GAMG:  Solving for p_rgh, Initial residual = 0.0002727886, Final residual = 7.798366e-07, No Iterations 3
region_cold_fluid time step continuity errors : sum local = 5.046114e-06, global = -2.476048e-07, cumulative = -0.007417382
                  ExecutionTime = 0.567986 s  ClockTime = 1 s
                  
                  Time = 99s
                  
region_hot_fluid  DILUPBiCGStab:  Solving for Ux, Initial residual = 9.799173e-05, Final residual = 1.181754e-07, No Iterations 1
region_hot_fluid  DILUPBiCGStab:  Solving for Uy, Initial residual = 0.0005264767, Final residual = 4.400833e-07, No Iterations 1
region_cold_fluid DILUPBiCGStab:  Solving for Ux, Initial residual = 0.0003668244, Final residual = 3.203208e-07, No Iterations 1
region_cold_fluid DILUPBiCGStab:  Solving for Uy, Initial residual = 0.001889209, Final residual = 8.92389e-07, No Iterations 1
region_solid      DICPCG:  Solving for e, Initial residual = 0.01085215, Final residual = 0.0001010458, No Iterations 1
region_hot_fluid  DILUPBiCGStab:  Solving for h, Initial residual = 2.042185e-05, Final residual = 7.567068e-08, No Iterations 1
region_cold_fluid DILUPBiCGStab:  Solving for h, Initial residual = 0.0003022442, Final residual = 2.545412e-07, No Iterations 1
region_hot_fluid  GAMG:  Solving for p_rgh, Initial residual = 7.647689e-05, Final residual = 1.832674e-07, No Iterations 3
region_hot_fluid  time step continuity errors : sum local = 4.750827e-07, global = -2.621149e-07, cumulative = -0.0004864246
region_cold_fluid GAMG:  Solving for p_rgh, Initial residual = 0.0002614324, Final residual = 7.409735e-07, No Iterations 3
region_cold_fluid time step continuity errors : sum local = 4.798578e-06, global = -2.369798e-07, cumulative = -0.007417619
                  ExecutionTime = 0.570142 s  ClockTime = 1 s
                  
                  Time = 100s
                  
region_hot_fluid  DILUPBiCGStab:  Solving for Ux, Initial residual = 9.166658e-05, Final residual = 1.133181e-07, No Iterations 1
region_hot_fluid  DILUPBiCGStab:  Solving for Uy, Initial residual = 0.0005006161, Final residual = 4.119928e-07, No Iterations 1
region_cold_fluid DILUPBiCGStab:  Solving for Ux, Initial residual = 0.0003491757, Final residual = 3.097955e-07, No Iterations 1
region_cold_fluid DILUPBiCGStab:  Solving for Uy, Initial residual = 0.001815836, Final residual = 8.585616e-07, No Iterations 1
region_solid      DICPCG:  Solving for e, Initial residual = 0.01084673, Final residual = 0.0001008067, No Iterations 1
region_hot_fluid  DILUPBiCGStab:  Solving for h, Initial residual = 1.945672e-05, Final residual = 7.789615e-08, No Iterations 1
region_cold_fluid DILUPBiCGStab:  Solving for h, Initial residual = 0.0002874455, Final residual = 2.417792e-07, No Iterations 1
region_hot_fluid  GAMG:  Solving for p_rgh, Initial residual = 7.144167e-05, Final residual = 1.705844e-07, No Iterations 3
region_hot_fluid  time step continuity errors : sum local = 4.424786e-07, global = -2.41555e-07, cumulative = -0.0004866662
region_cold_fluid GAMG:  Solving for p_rgh, Initial residual = 0.0002503632, Final residual = 7.033597e-07, No Iterations 3
region_cold_fluid time step continuity errors : sum local = 4.559121e-06, global = -2.252079e-07, cumulative = -0.007417845
                  ExecutionTime = 0.572115 s  ClockTime = 1 s
                  
                  Time = 101s
                  
region_hot_fluid  DILUPBiCGStab:  Solving for Ux, Initial residual = 8.583779e-05, Final residual = 1.087588e-07, No Iterations 1
region_hot_fluid  DILUPBiCGStab:  Solving for Uy, Initial residual = 0.0004759056, Final residual = 3.861367e-07, No Iterations 1
region_cold_fluid DILUPBiCGStab:  Solving for Ux, Initial residual = 0.0003323498, Final residual = 2.994777e-07, No Iterations 1
region_cold_fluid DILUPBiCGStab:  Solving for Uy, Initial residual = 0.001744138, Final residual = 8.253965e-07, No Iterations 1
region_solid      DICPCG:  Solving for e, Initial residual = 0.01084074, Final residual = 0.0001005741, No Iterations 1
region_hot_fluid  DILUPBiCGStab:  Solving for h, Initial residual = 1.876791e-05, Final residual = 7.922416e-08, No Iterations 1
region_cold_fluid DILUPBiCGStab:  Solving for h, Initial residual = 0.0002734064, Final residual = 2.297215e-07, No Iterations 1
region_hot_fluid  GAMG:  Solving for p_rgh, Initial residual = 6.668692e-05, Final residual = 1.587661e-07, No Iterations 3
region_hot_fluid  time step continuity errors : sum local = 4.122529e-07, global = -2.23486e-07, cumulative = -0.0004868897
region_cold_fluid GAMG:  Solving for p_rgh, Initial residual = 0.0002396004, Final residual = 6.673516e-07, No Iterations 3
region_cold_fluid time step continuity errors : sum local = 4.327579e-06, global = -2.128328e-07, cumulative = -0.007418057
                  ExecutionTime = 0.57414 s  ClockTime = 1 s
                  
                  Time = 102s
                  
region_hot_fluid  DILUPBiCGStab:  Solving for Ux, Initial residual = 8.041163e-05, Final residual = 1.043496e-07, No Iterations 1
region_hot_fluid  DILUPBiCGStab:  Solving for Uy, Initial residual = 0.0004523181, Final residual = 3.629372e-07, No Iterations 1
region_cold_fluid DILUPBiCGStab:  Solving for Ux, Initial residual = 0.000316336, Final residual = 2.893151e-07, No Iterations 1
region_cold_fluid DILUPBiCGStab:  Solving for Uy, Initial residual = 0.001674237, Final residual = 7.931863e-07, No Iterations 1
region_solid      DICPCG:  Solving for e, Initial residual = 0.01083418, Final residual = 0.0001003474, No Iterations 1
region_hot_fluid  DILUPBiCGStab:  Solving for h, Initial residual = 1.808314e-05, Final residual = 7.936194e-08, No Iterations 1
region_cold_fluid DILUPBiCGStab:  Solving for h, Initial residual = 0.0002600528, Final residual = 2.18327e-07, No Iterations 1
region_hot_fluid  GAMG:  Solving for p_rgh, Initial residual = 6.249394e-05, Final residual = 1.473087e-07, No Iterations 3
region_hot_fluid  time step continuity errors : sum local = 3.827827e-07, global = -2.057743e-07, cumulative = -0.0004870954
region_cold_fluid GAMG:  Solving for p_rgh, Initial residual = 0.0002291606, Final residual = 6.327242e-07, No Iterations 3
region_cold_fluid time step continuity errors : sum local = 4.104588e-06, global = -2.015869e-07, cumulative = -0.007418259
                  ExecutionTime = 0.576435 s  ClockTime = 1 s
                  
                  Time = 103s
                  
region_hot_fluid  DILUPBiCGStab:  Solving for Ux, Initial residual = 7.535982e-05, Final residual = 1.001392e-07, No Iterations 1
region_hot_fluid  DILUPBiCGStab:  Solving for Uy, Initial residual = 0.0004297665, Final residual = 3.411858e-07, No Iterations 1
region_cold_fluid DILUPBiCGStab:  Solving for Ux, Initial residual = 0.0003011007, Final residual = 2.793273e-07, No Iterations 1
region_cold_fluid DILUPBiCGStab:  Solving for Uy, Initial residual = 0.001606227, Final residual = 7.617691e-07, No Iterations 1
region_solid      DICPCG:  Solving for e, Initial residual = 0.01082711, Final residual = 0.0001001262, No Iterations 1
region_hot_fluid  DILUPBiCGStab:  Solving for h, Initial residual = 1.776032e-05, Final residual = 7.895482e-08, No Iterations 1
region_cold_fluid DILUPBiCGStab:  Solving for h, Initial residual = 0.0002473572, Final residual = 2.075566e-07, No Iterations 1
region_hot_fluid  GAMG:  Solving for p_rgh, Initial residual = 5.88468e-05, Final residual = 1.372397e-07, No Iterations 3
region_hot_fluid  time step continuity errors : sum local = 3.554894e-07, global = -1.899851e-07, cumulative = -0.0004872854
region_cold_fluid GAMG:  Solving for p_rgh, Initial residual = 0.0002191774, Final residual = 5.994381e-07, No Iterations 3
region_cold_fluid time step continuity errors : sum local = 3.891856e-06, global = -1.884001e-07, cumulative = -0.007418447
                  ExecutionTime = 0.578852 s  ClockTime = 1 s
                  
                  Time = 104s
                  
region_hot_fluid  DILUPBiCGStab:  Solving for Ux, Initial residual = 7.065782e-05, Final residual = 9.604319e-08, No Iterations 1
region_hot_fluid  DILUPBiCGStab:  Solving for Uy, Initial residual = 0.0004082308, Final residual = 3.212084e-07, No Iterations 1
region_cold_fluid DILUPBiCGStab:  Solving for Ux, Initial residual = 0.0002865915, Final residual = 2.699869e-07, No Iterations 1
region_cold_fluid DILUPBiCGStab:  Solving for Uy, Initial residual = 0.001540181, Final residual = 7.311467e-07, No Iterations 1
region_solid      DICPCG:  Solving for e, Initial residual = 0.01081953, Final residual = 9.990985e-05, No Iterations 1
region_hot_fluid  DILUPBiCGStab:  Solving for h, Initial residual = 1.742606e-05, Final residual = 7.766914e-08, No Iterations 1
region_cold_fluid DILUPBiCGStab:  Solving for h, Initial residual = 0.0002352917, Final residual = 1.973733e-07, No Iterations 1
region_hot_fluid  GAMG:  Solving for p_rgh, Initial residual = 5.543593e-05, Final residual = 1.273594e-07, No Iterations 3
region_hot_fluid  time step continuity errors : sum local = 3.305567e-07, global = -1.759019e-07, cumulative = -0.0004874613
region_cold_fluid GAMG:  Solving for p_rgh, Initial residual = 0.0002099967, Final residual = 5.676176e-07, No Iterations 3
region_cold_fluid time step continuity errors : sum local = 3.687839e-06, global = -1.778444e-07, cumulative = -0.007418625
                  ExecutionTime = 0.581416 s  ClockTime = 1 s
                  
                  Time = 105s
                  
region_hot_fluid  DILUPBiCGStab:  Solving for Ux, Initial residual = 6.628426e-05, Final residual = 9.207022e-08, No Iterations 1
region_hot_fluid  DILUPBiCGStab:  Solving for Uy, Initial residual = 0.0003876888, Final residual = 3.025971e-07, No Iterations 1
region_cold_fluid DILUPBiCGStab:  Solving for Ux, Initial residual = 0.0002727956, Final residual = 2.610648e-07, No Iterations 1
region_cold_fluid DILUPBiCGStab:  Solving for Uy, Initial residual = 0.001476152, Final residual = 7.013779e-07, No Iterations 1
region_solid      DICPCG:  Solving for e, Initial residual = 0.01081149, Final residual = 9.96981e-05, No Iterations 1
region_hot_fluid  DILUPBiCGStab:  Solving for h, Initial residual = 1.704486e-05, Final residual = 7.58434e-08, No Iterations 1
region_cold_fluid DILUPBiCGStab:  Solving for h, Initial residual = 0.0002238292, Final residual = 1.877418e-07, No Iterations 1
region_hot_fluid  GAMG:  Solving for p_rgh, Initial residual = 5.220338e-05, Final residual = 1.187073e-07, No Iterations 3
region_hot_fluid  time step continuity errors : sum local = 3.07655e-07, global = -1.633162e-07, cumulative = -0.0004876246
region_cold_fluid GAMG:  Solving for p_rgh, Initial residual = 0.0002010793, Final residual = 5.373613e-07, No Iterations 3
region_cold_fluid time step continuity errors : sum local = 3.492877e-06, global = -1.651074e-07, cumulative = -0.00741879
                  ExecutionTime = 0.583973 s  ClockTime = 1 s
                  
                  Time = 106s
                  
region_hot_fluid  DILUPBiCGStab:  Solving for Ux, Initial residual = 6.220802e-05, Final residual = 8.82978e-08, No Iterations 1
region_hot_fluid  DILUPBiCGStab:  Solving for Uy, Initial residual = 0.0003689936, Final residual = 2.853692e-07, No Iterations 1
region_cold_fluid DILUPBiCGStab:  Solving for Ux, Initial residual = 0.0002597035, Final residual = 2.522652e-07, No Iterations 1
region_cold_fluid DILUPBiCGStab:  Solving for Uy, Initial residual = 0.001414177, Final residual = 6.72495e-07, No Iterations 1
region_solid      DICPCG:  Solving for e, Initial residual = 0.01080301, Final residual = 9.949052e-05, No Iterations 1
region_hot_fluid  DILUPBiCGStab:  Solving for h, Initial residual = 1.678383e-05, Final residual = 7.376831e-08, No Iterations 1
region_cold_fluid DILUPBiCGStab:  Solving for h, Initial residual = 0.0002129423, Final residual = 1.786291e-07, No Iterations 1
region_hot_fluid  GAMG:  Solving for p_rgh, Initial residual = 4.914581e-05, Final residual = 1.098324e-07, No Iterations 3
region_hot_fluid  time step continuity errors : sum local = 2.849461e-07, global = -1.508322e-07, cumulative = -0.0004877755
region_cold_fluid GAMG:  Solving for p_rgh, Initial residual = 0.0001924358, Final residual = 5.086312e-07, No Iterations 3
region_cold_fluid time step continuity errors : sum local = 3.307574e-06, global = -1.536852e-07, cumulative = -0.007418944
                  ExecutionTime = 0.586035 s  ClockTime = 1 s
                  
                  Time = 107s
                  
region_hot_fluid  DILUPBiCGStab:  Solving for Ux, Initial residual = 5.840765e-05, Final residual = 8.470282e-08, No Iterations 1
region_hot_fluid  DILUPBiCGStab:  Solving for Uy, Initial residual = 0.000351796, Final residual = 2.699401e-07, No Iterations 1
region_cold_fluid DILUPBiCGStab:  Solving for Ux, Initial residual = 0.0002472857, Final residual = 2.436052e-07, No Iterations 1
region_cold_fluid DILUPBiCGStab:  Solving for Uy, Initial residual = 0.001354275, Final residual = 6.445114e-07, No Iterations 1
region_solid      DICPCG:  Solving for e, Initial residual = 0.01079411, Final residual = 9.928678e-05, No Iterations 1
region_hot_fluid  DILUPBiCGStab:  Solving for h, Initial residual = 1.686277e-05, Final residual = 7.173188e-08, No Iterations 1
region_cold_fluid DILUPBiCGStab:  Solving for h, Initial residual = 0.0002026044, Final residual = 1.70004e-07, No Iterations 1
region_hot_fluid  GAMG:  Solving for p_rgh, Initial residual = 4.629791e-05, Final residual = 1.02147e-07, No Iterations 3
region_hot_fluid  time step continuity errors : sum local = 2.645078e-07, global = -1.399783e-07, cumulative = -0.0004879155
region_cold_fluid GAMG:  Solving for p_rgh, Initial residual = 0.0001840742, Final residual = 4.812481e-07, No Iterations 3
region_cold_fluid time step continuity errors : sum local = 3.130818e-06, global = -1.422502e-07, cumulative = -0.007419086
                  ExecutionTime = 0.587936 s  ClockTime = 1 s
                  
                  Time = 108s
                  
region_hot_fluid  DILUPBiCGStab:  Solving for Ux, Initial residual = 5.486294e-05, Final residual = 8.120136e-08, No Iterations 1
region_hot_fluid  DILUPBiCGStab:  Solving for Uy, Initial residual = 0.0003356093, Final residual = 2.554034e-07, No Iterations 1
region_cold_fluid DILUPBiCGStab:  Solving for Ux, Initial residual = 0.0002354876, Final residual = 2.350918e-07, No Iterations 1
region_cold_fluid DILUPBiCGStab:  Solving for Uy, Initial residual = 0.001296453, Final residual = 6.174405e-07, No Iterations 1
region_solid      DICPCG:  Solving for e, Initial residual = 0.01078482, Final residual = 9.908655e-05, No Iterations 1
region_hot_fluid  DILUPBiCGStab:  Solving for h, Initial residual = 1.684558e-05, Final residual = 6.963694e-08, No Iterations 1
region_cold_fluid DILUPBiCGStab:  Solving for h, Initial residual = 0.0001927896, Final residual = 1.618372e-07, No Iterations 1
region_hot_fluid  GAMG:  Solving for p_rgh, Initial residual = 4.375089e-05, Final residual = 4.370731e-07, No Iterations 2
region_hot_fluid  time step continuity errors : sum local = 1.135584e-06, global = 2.058742e-07, cumulative = -0.0004877096
region_cold_fluid GAMG:  Solving for p_rgh, Initial residual = 0.0001759994, Final residual = 4.552699e-07, No Iterations 3
region_cold_fluid time step continuity errors : sum local = 2.964272e-06, global = -1.328629e-07, cumulative = -0.007419219
                  ExecutionTime = 0.590002 s  ClockTime = 1 s
                  
                  Time = 109s
                  
region_hot_fluid  DILUPBiCGStab:  Solving for Ux, Initial residual = 5.154451e-05, Final residual = 7.773945e-08, No Iterations 1
region_hot_fluid  DILUPBiCGStab:  Solving for Uy, Initial residual = 0.0003200216, Final residual = 2.416833e-07, No Iterations 1
region_cold_fluid DILUPBiCGStab:  Solving for Ux, Initial residual = 0.0002242522, Final residual = 2.26739e-07, No Iterations 1
region_cold_fluid DILUPBiCGStab:  Solving for Uy, Initial residual = 0.001240706, Final residual = 5.912954e-07, No Iterations 1
region_solid      DICPCG:  Solving for e, Initial residual = 0.01077516, Final residual = 9.888955e-05, No Iterations 1
region_hot_fluid  DILUPBiCGStab:  Solving for h, Initial residual = 1.687996e-05, Final residual = 6.792128e-08, No Iterations 1
region_cold_fluid DILUPBiCGStab:  Solving for h, Initial residual = 0.0001834724, Final residual = 1.541013e-07, No Iterations 1
region_hot_fluid  GAMG:  Solving for p_rgh, Initial residual = 4.143615e-05, Final residual = 3.592357e-07, No Iterations 2
region_hot_fluid  time step continuity errors : sum local = 9.335449e-07, global = 1.904172e-07, cumulative = -0.0004875192
region_cold_fluid GAMG:  Solving for p_rgh, Initial residual = 0.0001682155, Final residual = 4.307864e-07, No Iterations 3
region_cold_fluid time step continuity errors : sum local = 2.806401e-06, global = -1.220569e-07, cumulative = -0.007419341
                  ExecutionTime = 0.59224 s  ClockTime = 1 s
                  
                  Time = 110s
                  
region_hot_fluid  DILUPBiCGStab:  Solving for Ux, Initial residual = 4.848056e-05, Final residual = 7.456275e-08, No Iterations 1
region_hot_fluid  DILUPBiCGStab:  Solving for Uy, Initial residual = 0.0003051471, Final residual = 2.287977e-07, No Iterations 1
region_cold_fluid DILUPBiCGStab:  Solving for Ux, Initial residual = 0.0002138189, Final residual = 2.185676e-07, No Iterations 1
region_cold_fluid DILUPBiCGStab:  Solving for Uy, Initial residual = 0.001187016, Final residual = 5.660681e-07, No Iterations 1
region_solid      DICPCG:  Solving for e, Initial residual = 0.01076516, Final residual = 9.869551e-05, No Iterations 1
region_hot_fluid  DILUPBiCGStab:  Solving for h, Initial residual = 1.696772e-05, Final residual = 6.660408e-08, No Iterations 1
region_cold_fluid DILUPBiCGStab:  Solving for h, Initial residual = 0.0001746285, Final residual = 1.467707e-07, No Iterations 1
region_hot_fluid  GAMG:  Solving for p_rgh, Initial residual = 3.914319e-05, Final residual = 3.528615e-07, No Iterations 2
region_hot_fluid  time step continuity errors : sum local = 9.163497e-07, global = 1.714567e-07, cumulative = -0.0004873477
region_cold_fluid GAMG:  Solving for p_rgh, Initial residual = 0.0001607226, Final residual = 4.077503e-07, No Iterations 3
region_cold_fluid time step continuity errors : sum local = 2.656799e-06, global = -1.131352e-07, cumulative = -0.007419454
                  ExecutionTime = 0.594362 s  ClockTime = 1 s
                  
                  Time = 111s
                  
region_hot_fluid  DILUPBiCGStab:  Solving for Ux, Initial residual = 4.560705e-05, Final residual = 7.147124e-08, No Iterations 1
region_hot_fluid  DILUPBiCGStab:  Solving for Uy, Initial residual = 0.000290855, Final residual = 2.166254e-07, No Iterations 1
region_cold_fluid DILUPBiCGStab:  Solving for Ux, Initial residual = 0.0002040684, Final residual = 2.105998e-07, No Iterations 1
region_cold_fluid DILUPBiCGStab:  Solving for Uy, Initial residual = 0.001135358, Final residual = 5.41759e-07, No Iterations 1
region_solid      DICPCG:  Solving for e, Initial residual = 0.01075483, Final residual = 9.85042e-05, No Iterations 1
region_hot_fluid  DILUPBiCGStab:  Solving for h, Initial residual = 1.695998e-05, Final residual = 6.527244e-08, No Iterations 1
region_cold_fluid DILUPBiCGStab:  Solving for h, Initial residual = 0.0001662339, Final residual = 1.398213e-07, No Iterations 1
region_hot_fluid  GAMG:  Solving for p_rgh, Initial residual = 3.702018e-05, Final residual = 3.335704e-07, No Iterations 2
region_hot_fluid  time step continuity errors : sum local = 8.668244e-07, global = 1.502657e-07, cumulative = -0.0004871974
region_cold_fluid GAMG:  Solving for p_rgh, Initial residual = 0.0001535189, Final residual = 3.855879e-07, No Iterations 3
region_cold_fluid time step continuity errors : sum local = 2.513231e-06, global = -1.044712e-07, cumulative = -0.007419559
                  ExecutionTime = 0.596433 s  ClockTime = 1 s
                  
                  Time = 112s
                  
region_hot_fluid  DILUPBiCGStab:  Solving for Ux, Initial residual = 4.291483e-05, Final residual = 6.844577e-08, No Iterations 1
region_hot_fluid  DILUPBiCGStab:  Solving for Uy, Initial residual = 0.0002771427, Final residual = 2.051284e-07, No Iterations 1
region_cold_fluid DILUPBiCGStab:  Solving for Ux, Initial residual = 0.0001947572, Final residual = 2.028779e-07, No Iterations 1
region_cold_fluid DILUPBiCGStab:  Solving for Uy, Initial residual = 0.001085701, Final residual = 5.183545e-07, No Iterations 1
region_solid      DICPCG:  Solving for e, Initial residual = 0.01074421, Final residual = 9.83154e-05, No Iterations 1
region_hot_fluid  DILUPBiCGStab:  Solving for h, Initial residual = 1.687062e-05, Final residual = 6.385716e-08, No Iterations 1
region_cold_fluid DILUPBiCGStab:  Solving for h, Initial residual = 0.000158266, Final residual = 1.332307e-07, No Iterations 1
region_hot_fluid  GAMG:  Solving for p_rgh, Initial residual = 3.501768e-05, Final residual = 3.082838e-07, No Iterations 2
region_hot_fluid  time step continuity errors : sum local = 8.015501e-07, global = 1.32871e-07, cumulative = -0.0004870646
region_cold_fluid GAMG:  Solving for p_rgh, Initial residual = 0.0001466019, Final residual = 3.649456e-07, No Iterations 3
region_cold_fluid time step continuity errors : sum local = 2.379476e-06, global = -9.650601e-08, cumulative = -0.007419655
                  ExecutionTime = 0.598354 s  ClockTime = 1 s
                  
                  Time = 113s
                  
region_hot_fluid  DILUPBiCGStab:  Solving for Ux, Initial residual = 4.039883e-05, Final residual = 6.552104e-08, No Iterations 1
region_hot_fluid  DILUPBiCGStab:  Solving for Uy, Initial residual = 0.0002640158, Final residual = 1.944383e-07, No Iterations 1
region_cold_fluid DILUPBiCGStab:  Solving for Ux, Initial residual = 0.000185868, Final residual = 1.953549e-07, No Iterations 1
region_cold_fluid DILUPBiCGStab:  Solving for Uy, Initial residual = 0.001038004, Final residual = 4.958427e-07, No Iterations 1
region_solid      DICPCG:  Solving for e, Initial residual = 0.01073331, Final residual = 9.812892e-05, No Iterations 1
region_hot_fluid  DILUPBiCGStab:  Solving for h, Initial residual = 1.671194e-05, Final residual = 6.237136e-08, No Iterations 1
region_cold_fluid DILUPBiCGStab:  Solving for h, Initial residual = 0.0001507029, Final residual = 1.26978e-07, No Iterations 1
region_hot_fluid  GAMG:  Solving for p_rgh, Initial residual = 3.311856e-05, Final residual = 2.836634e-07, No Iterations 2
region_hot_fluid  time step continuity errors : sum local = 7.3665e-07, global = 1.190507e-07, cumulative = -0.0004869455
region_cold_fluid GAMG:  Solving for p_rgh, Initial residual = 0.0001399667, Final residual = 3.453223e-07, No Iterations 3
region_cold_fluid time step continuity errors : sum local = 2.25236e-06, global = -8.890892e-08, cumulative = -0.007419744
                  ExecutionTime = 0.600714 s  ClockTime = 1 s
                  
                  Time = 114s
                  
region_hot_fluid  DILUPBiCGStab:  Solving for Ux, Initial residual = 3.805427e-05, Final residual = 6.269704e-08, No Iterations 1
region_hot_fluid  DILUPBiCGStab:  Solving for Uy, Initial residual = 0.0002514609, Final residual = 1.844231e-07, No Iterations 1
region_cold_fluid DILUPBiCGStab:  Solving for Ux, Initial residual = 0.0001773834, Final residual = 1.880321e-07, No Iterations 1
region_cold_fluid DILUPBiCGStab:  Solving for Uy, Initial residual = 0.0009922237, Final residual = 4.742078e-07, No Iterations 1
region_solid      DICPCG:  Solving for e, Initial residual = 0.01072214, Final residual = 9.794458e-05, No Iterations 1
region_hot_fluid  DILUPBiCGStab:  Solving for h, Initial residual = 1.649481e-05, Final residual = 6.082879e-08, No Iterations 1
region_cold_fluid DILUPBiCGStab:  Solving for h, Initial residual = 0.0001435236, Final residual = 1.210435e-07, No Iterations 1
region_hot_fluid  GAMG:  Solving for p_rgh, Initial residual = 3.132203e-05, Final residual = 2.628164e-07, No Iterations 2
region_hot_fluid  time step continuity errors : sum local = 6.829903e-07, global = 1.039694e-07, cumulative = -0.0004868415
region_cold_fluid GAMG:  Solving for p_rgh, Initial residual = 0.0001336081, Final residual = 3.268123e-07, No Iterations 3
region_cold_fluid time step continuity errors : sum local = 2.132568e-06, global = -8.254142e-08, cumulative = -0.007419827
                  ExecutionTime = 0.602838 s  ClockTime = 1 s
                  
                  Time = 115s
                  
region_hot_fluid  DILUPBiCGStab:  Solving for Ux, Initial residual = 3.585973e-05, Final residual = 5.996264e-08, No Iterations 1
region_hot_fluid  DILUPBiCGStab:  Solving for Uy, Initial residual = 0.0002394542, Final residual = 1.749225e-07, No Iterations 1
region_cold_fluid DILUPBiCGStab:  Solving for Ux, Initial residual = 0.0001692863, Final residual = 1.809157e-07, No Iterations 1
region_cold_fluid DILUPBiCGStab:  Solving for Uy, Initial residual = 0.0009483114, Final residual = 4.534316e-07, No Iterations 1
region_solid      DICPCG:  Solving for e, Initial residual = 0.01071073, Final residual = 9.776224e-05, No Iterations 1
region_hot_fluid  DILUPBiCGStab:  Solving for h, Initial residual = 1.622888e-05, Final residual = 5.924314e-08, No Iterations 1
region_cold_fluid DILUPBiCGStab:  Solving for h, Initial residual = 0.0001367081, Final residual = 1.15409e-07, No Iterations 1
region_hot_fluid  GAMG:  Solving for p_rgh, Initial residual = 2.965809e-05, Final residual = 2.44464e-07, No Iterations 2
region_hot_fluid  time step continuity errors : sum local = 6.359901e-07, global = 8.979133e-08, cumulative = -0.0004867518
region_cold_fluid GAMG:  Solving for p_rgh, Initial residual = 0.0001275204, Final residual = 3.093697e-07, No Iterations 3
region_cold_fluid time step continuity errors : sum local = 2.019365e-06, global = -7.683692e-08, cumulative = -0.007419904
                  ExecutionTime = 0.607915 s  ClockTime = 1 s
                  
                  Time = 116s
                  
region_hot_fluid  DILUPBiCGStab:  Solving for Ux, Initial residual = 3.380313e-05, Final residual = 5.731465e-08, No Iterations 1
region_hot_fluid  DILUPBiCGStab:  Solving for Uy, Initial residual = 0.0002279767, Final residual = 1.659486e-07, No Iterations 1
region_cold_fluid DILUPBiCGStab:  Solving for Ux, Initial residual = 0.0001615858, Final residual = 1.740178e-07, No Iterations 1
region_cold_fluid DILUPBiCGStab:  Solving for Uy, Initial residual = 0.0009062159, Final residual = 4.335046e-07, No Iterations 1
region_solid      DICPCG:  Solving for e, Initial residual = 0.01069909, Final residual = 9.758175e-05, No Iterations 1
region_hot_fluid  DILUPBiCGStab:  Solving for h, Initial residual = 1.592271e-05, Final residual = 5.762748e-08, No Iterations 1
region_cold_fluid DILUPBiCGStab:  Solving for h, Initial residual = 0.0001302374, Final residual = 1.100577e-07, No Iterations 1
region_hot_fluid  GAMG:  Solving for p_rgh, Initial residual = 2.811604e-05, Final residual = 2.269482e-07, No Iterations 2
region_hot_fluid  time step continuity errors : sum local = 5.89531e-07, global = 7.996959e-08, cumulative = -0.0004866718
region_cold_fluid GAMG:  Solving for p_rgh, Initial residual = 0.0001216966, Final residual = 2.931309e-07, No Iterations 3
region_cold_fluid time step continuity errors : sum local = 1.913616e-06, global = -7.086793e-08, cumulative = -0.007419975
                  ExecutionTime = 0.611566 s  ClockTime = 1 s
                  
                  Time = 117s
                  
region_hot_fluid  DILUPBiCGStab:  Solving for Ux, Initial residual = 3.187559e-05, Final residual = 5.475525e-08, No Iterations 1
region_hot_fluid  DILUPBiCGStab:  Solving for Uy, Initial residual = 0.0002170256, Final residual = 1.574325e-07, No Iterations 1
region_cold_fluid DILUPBiCGStab:  Solving for Ux, Initial residual = 0.0001542706, Final residual = 1.673284e-07, No Iterations 1
region_cold_fluid DILUPBiCGStab:  Solving for Uy, Initial residual = 0.0008658832, Final residual = 4.143973e-07, No Iterations 1
region_solid      DICPCG:  Solving for e, Initial residual = 0.01068725, Final residual = 9.7403e-05, No Iterations 1
region_hot_fluid  DILUPBiCGStab:  Solving for h, Initial residual = 1.558383e-05, Final residual = 5.599388e-08, No Iterations 1
region_cold_fluid DILUPBiCGStab:  Solving for h, Initial residual = 0.0001240931, Final residual = 1.049733e-07, No Iterations 1
region_hot_fluid  GAMG:  Solving for p_rgh, Initial residual = 2.667068e-05, Final residual = 2.11541e-07, No Iterations 2
region_hot_fluid  time step continuity errors : sum local = 5.491602e-07, global = 6.887886e-08, cumulative = -0.0004866029
region_cold_fluid GAMG:  Solving for p_rgh, Initial residual = 0.0001161277, Final residual = 2.775688e-07, No Iterations 3
region_cold_fluid time step continuity errors : sum local = 1.812507e-06, global = -6.420281e-08, cumulative = -0.007420039
                  ExecutionTime = 0.614376 s  ClockTime = 1 s
                  
                  Time = 118s
                  
region_hot_fluid  DILUPBiCGStab:  Solving for Ux, Initial residual = 3.006766e-05, Final residual = 5.228378e-08, No Iterations 1
region_hot_fluid  DILUPBiCGStab:  Solving for Uy, Initial residual = 0.0002066053, Final residual = 1.494205e-07, No Iterations 1
region_cold_fluid DILUPBiCGStab:  Solving for Ux, Initial residual = 0.0001472873, Final residual = 1.608467e-07, No Iterations 1
region_cold_fluid DILUPBiCGStab:  Solving for Uy, Initial residual = 0.0008272575, Final residual = 3.960823e-07, No Iterations 1
region_solid      DICPCG:  Solving for e, Initial residual = 0.01067521, Final residual = 9.722587e-05, No Iterations 1
region_hot_fluid  DILUPBiCGStab:  Solving for h, Initial residual = 1.521885e-05, Final residual = 5.435303e-08, No Iterations 1
region_cold_fluid DILUPBiCGStab:  Solving for h, Initial residual = 0.0001182582, Final residual = 1.001411e-07, No Iterations 1
region_hot_fluid  GAMG:  Solving for p_rgh, Initial residual = 2.530432e-05, Final residual = 1.967688e-07, No Iterations 2
region_hot_fluid  time step continuity errors : sum local = 5.112518e-07, global = 5.893452e-08, cumulative = -0.000486544
region_cold_fluid GAMG:  Solving for p_rgh, Initial residual = 0.0001108072, Final residual = 1.107152e-06, No Iterations 2
region_cold_fluid time step continuity errors : sum local = 7.231791e-06, global = -1.984464e-06, cumulative = -0.007422023
                  ExecutionTime = 0.616777 s  ClockTime = 1 s
                  
                  Time = 119s
                  
region_hot_fluid  DILUPBiCGStab:  Solving for Ux, Initial residual = 2.837141e-05, Final residual = 4.990124e-08, No Iterations 1
region_hot_fluid  DILUPBiCGStab:  Solving for Uy, Initial residual = 0.0001966841, Final residual = 1.419628e-07, No Iterations 1
region_cold_fluid DILUPBiCGStab:  Solving for Ux, Initial residual = 0.0001404407, Final residual = 1.541177e-07, No Iterations 1
region_cold_fluid DILUPBiCGStab:  Solving for Uy, Initial residual = 0.0007900252, Final residual = 3.782127e-07, No Iterations 1
region_solid      DICPCG:  Solving for e, Initial residual = 0.01066299, Final residual = 9.705028e-05, No Iterations 1
region_hot_fluid  DILUPBiCGStab:  Solving for h, Initial residual = 1.48336e-05, Final residual = 5.271452e-08, No Iterations 1
region_cold_fluid DILUPBiCGStab:  Solving for h, Initial residual = 0.0001127211, Final residual = 9.554935e-08, No Iterations 1
region_hot_fluid  GAMG:  Solving for p_rgh, Initial residual = 2.401179e-05, Final residual = 1.834406e-07, No Iterations 2
region_hot_fluid  time step continuity errors : sum local = 4.768112e-07, global = 5.070208e-08, cumulative = -0.0004864933
region_cold_fluid GAMG:  Solving for p_rgh, Initial residual = 0.000105696, Final residual = 2.327626e-07, No Iterations 3
region_cold_fluid time step continuity errors : sum local = 1.520252e-06, global = 3.448484e-08, cumulative = -0.007421989
                  ExecutionTime = 0.619447 s  ClockTime = 1 s
                  
                  Time = 120s
                  
region_hot_fluid  DILUPBiCGStab:  Solving for Ux, Initial residual = 2.678085e-05, Final residual = 4.760715e-08, No Iterations 1
region_hot_fluid  DILUPBiCGStab:  Solving for Uy, Initial residual = 0.0001872104, Final residual = 1.348813e-07, No Iterations 1
region_cold_fluid DILUPBiCGStab:  Solving for Ux, Initial residual = 0.0001341657, Final residual = 1.484544e-07, No Iterations 1
region_cold_fluid DILUPBiCGStab:  Solving for Uy, Initial residual = 0.0007550805, Final residual = 3.620335e-07, No Iterations 1
region_solid      DICPCG:  Solving for e, Initial residual = 0.01065061, Final residual = 9.687614e-05, No Iterations 1
region_hot_fluid  DILUPBiCGStab:  Solving for h, Initial residual = 1.443313e-05, Final residual = 5.108665e-08, No Iterations 1
region_cold_fluid DILUPBiCGStab:  Solving for h, Initial residual = 0.0001074512, Final residual = 9.11768e-08, No Iterations 1
region_hot_fluid  GAMG:  Solving for p_rgh, Initial residual = 2.278787e-05, Final residual = 1.715885e-07, No Iterations 2
region_hot_fluid  time step continuity errors : sum local = 4.461882e-07, global = 4.280472e-08, cumulative = -0.0004864505
region_cold_fluid GAMG:  Solving for p_rgh, Initial residual = 0.0001004872, Final residual = 9.750246e-07, No Iterations 2
region_cold_fluid time step continuity errors : sum local = 6.372835e-06, global = -1.883855e-06, cumulative = -0.007423873
                  ExecutionTime = 0.622243 s  ClockTime = 1 s
                  
                  Time = 121s
                  
region_hot_fluid  DILUPBiCGStab:  Solving for Ux, Initial residual = 2.529122e-05, Final residual = 4.540005e-08, No Iterations 1
region_hot_fluid  DILUPBiCGStab:  Solving for Uy, Initial residual = 0.0001781654, Final residual = 1.281488e-07, No Iterations 1
region_cold_fluid DILUPBiCGStab:  Solving for Ux, Initial residual = 0.0001278794, Final residual = 1.420788e-07, No Iterations 1
region_cold_fluid DILUPBiCGStab:  Solving for Uy, Initial residual = 0.000720891, Final residual = 3.455887e-07, No Iterations 1
region_solid      DICPCG:  Solving for e, Initial residual = 0.01063808, Final residual = 9.670336e-05, No Iterations 1
region_hot_fluid  DILUPBiCGStab:  Solving for h, Initial residual = 1.402184e-05, Final residual = 4.947657e-08, No Iterations 1
region_cold_fluid DILUPBiCGStab:  Solving for h, Initial residual = 0.0001024532, Final residual = 8.702207e-08, No Iterations 1
region_hot_fluid  GAMG:  Solving for p_rgh, Initial residual = 2.16302e-05, Final residual = 1.601859e-07, No Iterations 2
region_hot_fluid  time step continuity errors : sum local = 4.159665e-07, global = 3.511168e-08, cumulative = -0.0004864154
region_cold_fluid GAMG:  Solving for p_rgh, Initial residual = 9.587959e-05, Final residual = 2.148128e-07, No Iterations 3
region_cold_fluid time step continuity errors : sum local = 1.403873e-06, global = 8.072198e-09, cumulative = -0.007423865
                  ExecutionTime = 0.624393 s  ClockTime = 1 s
                  
                  Time = 122s
                  
region_hot_fluid  DILUPBiCGStab:  Solving for Ux, Initial residual = 2.389083e-05, Final residual = 4.327897e-08, No Iterations 1
region_hot_fluid  DILUPBiCGStab:  Solving for Uy, Initial residual = 0.0001695328, Final residual = 1.217463e-07, No Iterations 1
region_cold_fluid DILUPBiCGStab:  Solving for Ux, Initial residual = 0.0001221256, Final residual = 1.366196e-07, No Iterations 1
region_cold_fluid DILUPBiCGStab:  Solving for Uy, Initial residual = 0.0006887982, Final residual = 3.304939e-07, No Iterations 1
region_solid      DICPCG:  Solving for e, Initial residual = 0.01062541, Final residual = 9.653191e-05, No Iterations 1
region_hot_fluid  DILUPBiCGStab:  Solving for h, Initial residual = 1.360358e-05, Final residual = 4.79156e-08, No Iterations 1
region_cold_fluid DILUPBiCGStab:  Solving for h, Initial residual = 9.76954e-05, Final residual = 8.306442e-08, No Iterations 1
region_hot_fluid  GAMG:  Solving for p_rgh, Initial residual = 2.053332e-05, Final residual = 1.498796e-07, No Iterations 2
region_hot_fluid  time step continuity errors : sum local = 3.898669e-07, global = 2.853837e-08, cumulative = -0.0004863868
region_cold_fluid GAMG:  Solving for p_rgh, Initial residual = 9.137968e-05, Final residual = 8.810102e-07, No Iterations 2
region_cold_fluid time step continuity errors : sum local = 5.760576e-06, global = -1.706957e-06, cumulative = -0.007425571
                  ExecutionTime = 0.627025 s  ClockTime = 1 s
                  
                  Time = 123s
                  
region_hot_fluid  DILUPBiCGStab:  Solving for Ux, Initial residual = 2.257366e-05, Final residual = 4.124204e-08, No Iterations 1
region_hot_fluid  DILUPBiCGStab:  Solving for Uy, Initial residual = 0.0001612947, Final residual = 1.156556e-07, No Iterations 1
region_cold_fluid DILUPBiCGStab:  Solving for Ux, Initial residual = 0.0001164213, Final residual = 1.307066e-07, No Iterations 1
region_cold_fluid DILUPBiCGStab:  Solving for Uy, Initial residual = 0.0006575032, Final residual = 3.152867e-07, No Iterations 1
region_solid      DICPCG:  Solving for e, Initial residual = 0.01061261, Final residual = 9.636168e-05, No Iterations 1
region_hot_fluid  DILUPBiCGStab:  Solving for h, Initial residual = 1.318162e-05, Final residual = 4.637877e-08, No Iterations 1
region_cold_fluid DILUPBiCGStab:  Solving for h, Initial residual = 9.318103e-05, Final residual = 7.930163e-08, No Iterations 1
region_hot_fluid  GAMG:  Solving for p_rgh, Initial residual = 1.949645e-05, Final residual = 1.40246e-07, No Iterations 2
region_hot_fluid  time step continuity errors : sum local = 3.651701e-07, global = 2.337839e-08, cumulative = -0.0004863634
region_cold_fluid GAMG:  Solving for p_rgh, Initial residual = 8.721286e-05, Final residual = 8.676729e-07, No Iterations 2
region_cold_fluid time step continuity errors : sum local = 5.675353e-06, global = -1.452148e-06, cumulative = -0.007427024
                  ExecutionTime = 0.629206 s  ClockTime = 1 s
                  
                  Time = 124s
                  
region_hot_fluid  DILUPBiCGStab:  Solving for Ux, Initial residual = 2.133439e-05, Final residual = 3.92881e-08, No Iterations 1
region_hot_fluid  DILUPBiCGStab:  Solving for Uy, Initial residual = 0.0001534371, Final residual = 1.098632e-07, No Iterations 1
region_cold_fluid DILUPBiCGStab:  Solving for Ux, Initial residual = 0.00011115, Final residual = 1.254394e-07, No Iterations 1
region_cold_fluid DILUPBiCGStab:  Solving for Uy, Initial residual = 0.0006280465, Final residual = 3.011212e-07, No Iterations 1
region_solid      DICPCG:  Solving for e, Initial residual = 0.0105997, Final residual = 9.619267e-05, No Iterations 1
region_hot_fluid  DILUPBiCGStab:  Solving for h, Initial residual = 1.27588e-05, Final residual = 4.48689e-08, No Iterations 1
region_cold_fluid DILUPBiCGStab:  Solving for h, Initial residual = 8.888659e-05, Final residual = 7.57206e-08, No Iterations 1
region_hot_fluid  GAMG:  Solving for p_rgh, Initial residual = 1.851413e-05, Final residual = 1.313098e-07, No Iterations 2
region_hot_fluid  time step continuity errors : sum local = 3.419134e-07, global = 1.759831e-08, cumulative = -0.0004863458
region_cold_fluid GAMG:  Solving for p_rgh, Initial residual = 8.324429e-05, Final residual = 8.049368e-07, No Iterations 2
region_cold_fluid time step continuity errors : sum local = 5.265193e-06, global = -1.309878e-06, cumulative = -0.007428333
                  ExecutionTime = 0.631183 s  ClockTime = 1 s
                  
                  Time = 125s
                  
region_hot_fluid  DILUPBiCGStab:  Solving for Ux, Initial residual = 2.017078e-05, Final residual = 3.742146e-08, No Iterations 1
region_hot_fluid  DILUPBiCGStab:  Solving for Uy, Initial residual = 0.0001459432, Final residual = 1.04384e-07, No Iterations 1
region_cold_fluid DILUPBiCGStab:  Solving for Ux, Initial residual = 0.000106138, Final residual = 1.203973e-07, No Iterations 1
region_cold_fluid DILUPBiCGStab:  Solving for Uy, Initial residual = 0.0005998075, Final residual = 2.875946e-07, No Iterations 1
region_solid      DICPCG:  Solving for e, Initial residual = 0.01058668, Final residual = 9.602482e-05, No Iterations 1
region_hot_fluid  DILUPBiCGStab:  Solving for h, Initial residual = 1.233753e-05, Final residual = 4.339086e-08, No Iterations 1
region_cold_fluid DILUPBiCGStab:  Solving for h, Initial residual = 8.480244e-05, Final residual = 7.230944e-08, No Iterations 1
region_hot_fluid  GAMG:  Solving for p_rgh, Initial residual = 1.75848e-05, Final residual = 1.232537e-07, No Iterations 2
region_hot_fluid  time step continuity errors : sum local = 3.197328e-07, global = 1.375185e-08, cumulative = -0.0004863321
region_cold_fluid GAMG:  Solving for p_rgh, Initial residual = 7.939139e-05, Final residual = 7.644316e-07, No Iterations 2
region_cold_fluid time step continuity errors : sum local = 5.001346e-06, global = -1.290944e-06, cumulative = -0.007429624
                  ExecutionTime = 0.633677 s  ClockTime = 1 s
                  
                  Time = 126s
                  
region_hot_fluid  DILUPBiCGStab:  Solving for Ux, Initial residual = 1.907699e-05, Final residual = 3.5635e-08, No Iterations 1
region_hot_fluid  DILUPBiCGStab:  Solving for Uy, Initial residual = 0.0001387986, Final residual = 9.91924e-08, No Iterations 1
region_cold_fluid DILUPBiCGStab:  Solving for Ux, Initial residual = 0.000101326, Final residual = 1.154381e-07, No Iterations 1
region_cold_fluid DILUPBiCGStab:  Solving for Uy, Initial residual = 0.0005727212, Final residual = 2.745535e-07, No Iterations 1
region_solid      DICPCG:  Solving for e, Initial residual = 0.01057358, Final residual = 9.585809e-05, No Iterations 1
region_hot_fluid  DILUPBiCGStab:  Solving for h, Initial residual = 1.191986e-05, Final residual = 4.194819e-08, No Iterations 1
region_cold_fluid DILUPBiCGStab:  Solving for h, Initial residual = 8.091861e-05, Final residual = 6.906063e-08, No Iterations 1
region_hot_fluid  GAMG:  Solving for p_rgh, Initial residual = 1.670528e-05, Final residual = 1.156981e-07, No Iterations 2
region_hot_fluid  time step continuity errors : sum local = 3.003381e-07, global = 8.030959e-09, cumulative = -0.0004863241
region_cold_fluid GAMG:  Solving for p_rgh, Initial residual = 7.574493e-05, Final residual = 7.331629e-07, No Iterations 2
region_cold_fluid time step continuity errors : sum local = 4.79762e-06, global = -1.25655e-06, cumulative = -0.007430881
                  ExecutionTime = 0.635993 s  ClockTime = 1 s
                  
                  Time = 127s
                  
region_hot_fluid  DILUPBiCGStab:  Solving for Ux, Initial residual = 1.804581e-05, Final residual = 3.392333e-08, No Iterations 1
region_hot_fluid  DILUPBiCGStab:  Solving for Uy, Initial residual = 0.0001319884, Final residual = 9.425839e-08, No Iterations 1
region_cold_fluid DILUPBiCGStab:  Solving for Ux, Initial residual = 9.673423e-05, Final residual = 1.106366e-07, No Iterations 1
region_cold_fluid DILUPBiCGStab:  Solving for Uy, Initial residual = 0.0005468452, Final residual = 2.620702e-07, No Iterations 1
region_solid      DICPCG:  Solving for e, Initial residual = 0.01056038, Final residual = 9.569244e-05, No Iterations 1
region_hot_fluid  DILUPBiCGStab:  Solving for h, Initial residual = 1.150751e-05, Final residual = 4.054364e-08, No Iterations 1
region_cold_fluid DILUPBiCGStab:  Solving for h, Initial residual = 7.722456e-05, Final residual = 6.596587e-08, No Iterations 1
region_hot_fluid  GAMG:  Solving for p_rgh, Initial residual = 1.587215e-05, Final residual = 1.086784e-07, No Iterations 2
region_hot_fluid  time step continuity errors : sum local = 2.828596e-07, global = 4.498511e-09, cumulative = -0.0004863196
region_cold_fluid GAMG:  Solving for p_rgh, Initial residual = 7.22886e-05, Final residual = 6.983623e-07, No Iterations 2
region_cold_fluid time step continuity errors : sum local = 4.570749e-06, global = -1.192989e-06, cumulative = -0.007432074
                  ExecutionTime = 0.637848 s  ClockTime = 1 s
                  
                  Time = 128s
                  
region_hot_fluid  DILUPBiCGStab:  Solving for Ux, Initial residual = 1.707358e-05, Final residual = 3.228527e-08, No Iterations 1
region_hot_fluid  DILUPBiCGStab:  Solving for Uy, Initial residual = 0.0001254994, Final residual = 8.956846e-08, No Iterations 1
region_cold_fluid DILUPBiCGStab:  Solving for Ux, Initial residual = 9.236845e-05, Final residual = 1.060419e-07, No Iterations 1
region_cold_fluid DILUPBiCGStab:  Solving for Uy, Initial residual = 0.0005221506, Final residual = 2.501605e-07, No Iterations 1
region_solid      DICPCG:  Solving for e, Initial residual = 0.01054668, Final residual = 9.552394e-05, No Iterations 1
region_hot_fluid  DILUPBiCGStab:  Solving for h, Initial residual = 1.110193e-05, Final residual = 3.917941e-08, No Iterations 1
region_cold_fluid DILUPBiCGStab:  Solving for h, Initial residual = 7.371028e-05, Final residual = 6.301712e-08, No Iterations 1
region_hot_fluid  GAMG:  Solving for p_rgh, Initial residual = 1.508376e-05, Final residual = 1.01979e-07, No Iterations 2
region_hot_fluid  time step continuity errors : sum local = 2.654086e-07, global = 1.805262e-09, cumulative = -0.0004863178
region_cold_fluid GAMG:  Solving for p_rgh, Initial residual = 6.899874e-05, Final residual = 6.618094e-07, No Iterations 2
region_cold_fluid time step continuity errors : sum local = 4.332114e-06, global = -1.130401e-06, cumulative = -0.007433204
                  ExecutionTime = 0.640746 s  ClockTime = 1 s
                  
                  Time = 129s
                  
region_hot_fluid  DILUPBiCGStab:  Solving for Ux, Initial residual = 1.615665e-05, Final residual = 3.071898e-08, No Iterations 1
region_hot_fluid  DILUPBiCGStab:  Solving for Uy, Initial residual = 0.0001193179, Final residual = 8.510393e-08, No Iterations 1
region_cold_fluid DILUPBiCGStab:  Solving for Ux, Initial residual = 8.821069e-05, Final residual = 1.01639e-07, No Iterations 1
region_cold_fluid DILUPBiCGStab:  Solving for Uy, Initial residual = 0.0004985648, Final residual = 2.388168e-07, No Iterations 1
region_solid      DICPCG:  Solving for e, Initial residual = 0.0105329, Final residual = 9.53563e-05, No Iterations 1
region_hot_fluid  DILUPBiCGStab:  Solving for h, Initial residual = 1.07043e-05, Final residual = 3.785714e-08, No Iterations 1
region_cold_fluid DILUPBiCGStab:  Solving for h, Initial residual = 7.036646e-05, Final residual = 6.020691e-08, No Iterations 1
region_hot_fluid  GAMG:  Solving for p_rgh, Initial residual = 1.433667e-05, Final residual = 9.587769e-08, No Iterations 2
region_hot_fluid  time step continuity errors : sum local = 2.487918e-07, global = -1.291593e-09, cumulative = -0.000486319
region_cold_fluid GAMG:  Solving for p_rgh, Initial residual = 6.586201e-05, Final residual = 6.281336e-07, No Iterations 2
region_cold_fluid time step continuity errors : sum local = 4.112252e-06, global = -1.078604e-06, cumulative = -0.007434283
                  ExecutionTime = 0.642786 s  ClockTime = 1 s
                  
                  Time = 130s
                  
region_hot_fluid  DILUPBiCGStab:  Solving for Ux, Initial residual = 1.529154e-05, Final residual = 2.922136e-08, No Iterations 1
region_hot_fluid  DILUPBiCGStab:  Solving for Uy, Initial residual = 0.0001134286, Final residual = 8.085538e-08, No Iterations 1
region_cold_fluid DILUPBiCGStab:  Solving for Ux, Initial residual = 8.424349e-05, Final residual = 9.740549e-08, No Iterations 1
region_cold_fluid DILUPBiCGStab:  Solving for Uy, Initial residual = 0.00047603, Final residual = 2.280087e-07, No Iterations 1
region_solid      DICPCG:  Solving for e, Initial residual = 0.01051906, Final residual = 9.518973e-05, No Iterations 1
region_hot_fluid  DILUPBiCGStab:  Solving for h, Initial residual = 1.031557e-05, Final residual = 3.65779e-08, No Iterations 1
region_cold_fluid DILUPBiCGStab:  Solving for h, Initial residual = 6.718429e-05, Final residual = 5.752822e-08, No Iterations 1
region_hot_fluid  GAMG:  Solving for p_rgh, Initial residual = 1.363029e-05, Final residual = 9.043556e-08, No Iterations 2
region_hot_fluid  time step continuity errors : sum local = 2.345216e-07, global = -3.369946e-09, cumulative = -0.0004863224
region_cold_fluid GAMG:  Solving for p_rgh, Initial residual = 6.287261e-05, Final residual = 5.976438e-07, No Iterations 2
region_cold_fluid time step continuity errors : sum local = 3.914003e-06, global = -1.031179e-06, cumulative = -0.007435314
                  ExecutionTime = 0.644567 s  ClockTime = 1 s
                  
                  Time = 131s
                  
region_hot_fluid  DILUPBiCGStab:  Solving for Ux, Initial residual = 1.447505e-05, Final residual = 2.779022e-08, No Iterations 1
region_hot_fluid  DILUPBiCGStab:  Solving for Uy, Initial residual = 0.0001078198, Final residual = 7.688284e-08, No Iterations 1
region_cold_fluid DILUPBiCGStab:  Solving for Ux, Initial residual = 8.045698e-05, Final residual = 9.333473e-08, No Iterations 1
region_cold_fluid DILUPBiCGStab:  Solving for Uy, Initial residual = 0.0004545052, Final residual = 2.177097e-07, No Iterations 1
region_solid      DICPCG:  Solving for e, Initial residual = 0.01050518, Final residual = 9.502421e-05, No Iterations 1
region_hot_fluid  DILUPBiCGStab:  Solving for h, Initial residual = 9.936534e-06, Final residual = 3.534234e-08, No Iterations 1
region_cold_fluid DILUPBiCGStab:  Solving for h, Initial residual = 6.415541e-05, Final residual = 5.497442e-08, No Iterations 1
region_hot_fluid  GAMG:  Solving for p_rgh, Initial residual = 1.296008e-05, Final residual = 8.521635e-08, No Iterations 2
region_hot_fluid  time step continuity errors : sum local = 2.21287e-07, global = -6.788994e-09, cumulative = -0.0004863292
region_cold_fluid GAMG:  Solving for p_rgh, Initial residual = 6.002429e-05, Final residual = 5.688979e-07, No Iterations 2
region_cold_fluid time step continuity errors : sum local = 3.725545e-06, global = -9.823552e-07, cumulative = -0.007436297
                  ExecutionTime = 0.647175 s  ClockTime = 1 s
                  
                  Time = 132s
                  
region_hot_fluid  DILUPBiCGStab:  Solving for Ux, Initial residual = 1.370409e-05, Final residual = 2.642399e-08, No Iterations 1
region_hot_fluid  DILUPBiCGStab:  Solving for Uy, Initial residual = 0.0001024802, Final residual = 7.309762e-08, No Iterations 1
region_cold_fluid DILUPBiCGStab:  Solving for Ux, Initial residual = 7.684382e-05, Final residual = 8.942594e-08, No Iterations 1
region_cold_fluid DILUPBiCGStab:  Solving for Uy, Initial residual = 0.0004339514, Final residual = 2.078983e-07, No Iterations 1
region_solid      DICPCG:  Solving for e, Initial residual = 0.01049126, Final residual = 9.485972e-05, No Iterations 1
region_hot_fluid  DILUPBiCGStab:  Solving for h, Initial residual = 9.567778e-06, Final residual = 3.415078e-08, No Iterations 1
region_cold_fluid DILUPBiCGStab:  Solving for h, Initial residual = 6.127189e-05, Final residual = 5.253922e-08, No Iterations 1
region_hot_fluid  GAMG:  Solving for p_rgh, Initial residual = 1.232596e-05, Final residual = 8.010727e-08, No Iterations 2
region_hot_fluid  time step continuity errors : sum local = 2.084475e-07, global = -9.14012e-09, cumulative = -0.0004863383
region_cold_fluid GAMG:  Solving for p_rgh, Initial residual = 5.730952e-05, Final residual = 5.411802e-07, No Iterations 2
region_cold_fluid time step continuity errors : sum local = 3.543596e-06, global = -9.36238e-07, cumulative = -0.007437233
                  ExecutionTime = 0.64912 s  ClockTime = 1 s
                  
                  Time = 133s
                  
region_hot_fluid  DILUPBiCGStab:  Solving for Ux, Initial residual = 1.297611e-05, Final residual = 2.512021e-08, No Iterations 1
region_hot_fluid  DILUPBiCGStab:  Solving for Uy, Initial residual = 9.739589e-05, Final residual = 6.949068e-08, No Iterations 1
region_cold_fluid DILUPBiCGStab:  Solving for Ux, Initial residual = 7.339562e-05, Final residual = 8.567465e-08, No Iterations 1
region_cold_fluid DILUPBiCGStab:  Solving for Uy, Initial residual = 0.0004143282, Final residual = 1.985515e-07, No Iterations 1
region_solid      DICPCG:  Solving for e, Initial residual = 0.01047731, Final residual = 9.469626e-05, No Iterations 1
region_hot_fluid  DILUPBiCGStab:  Solving for h, Initial residual = 9.209762e-06, Final residual = 3.300319e-08, No Iterations 1
region_cold_fluid DILUPBiCGStab:  Solving for h, Initial residual = 5.852626e-05, Final residual = 5.02167e-08, No Iterations 1
region_hot_fluid  GAMG:  Solving for p_rgh, Initial residual = 1.172812e-05, Final residual = 7.542742e-08, No Iterations 2
region_hot_fluid  time step continuity errors : sum local = 1.962465e-07, global = -9.883613e-09, cumulative = -0.0004863482
region_cold_fluid GAMG:  Solving for p_rgh, Initial residual = 5.47216e-05, Final residual = 5.147205e-07, No Iterations 2
region_cold_fluid time step continuity errors : sum local = 3.371412e-06, global = -8.91437e-07, cumulative = -0.007438124
                  ExecutionTime = 0.650884 s  ClockTime = 1 s
                  
                  Time = 134s
                  
region_hot_fluid  DILUPBiCGStab:  Solving for Ux, Initial residual = 1.229128e-05, Final residual = 2.387648e-08, No Iterations 1
region_hot_fluid  DILUPBiCGStab:  Solving for Uy, Initial residual = 9.255555e-05, Final residual = 6.605901e-08, No Iterations 1
region_cold_fluid DILUPBiCGStab:  Solving for Ux, Initial residual = 7.010414e-05, Final residual = 8.207439e-08, No Iterations 1
region_cold_fluid DILUPBiCGStab:  Solving for Uy, Initial residual = 0.0003955953, Final residual = 1.896453e-07, No Iterations 1
region_solid      DICPCG:  Solving for e, Initial residual = 0.01046334, Final residual = 9.45338e-05, No Iterations 1
region_hot_fluid  DILUPBiCGStab:  Solving for h, Initial residual = 8.862818e-06, Final residual = 3.189935e-08, No Iterations 1
region_cold_fluid DILUPBiCGStab:  Solving for h, Initial residual = 5.591148e-05, Final residual = 4.800127e-08, No Iterations 1
region_hot_fluid  GAMG:  Solving for p_rgh, Initial residual = 1.1161e-05, Final residual = 7.119257e-08, No Iterations 2
region_hot_fluid  time step continuity errors : sum local = 1.849899e-07, global = -1.178406e-08, cumulative = -0.00048636
region_cold_fluid GAMG:  Solving for p_rgh, Initial residual = 5.225483e-05, Final residual = 4.898544e-07, No Iterations 2
region_cold_fluid time step continuity errors : sum local = 3.208615e-06, global = -8.493642e-07, cumulative = -0.007438974
                  ExecutionTime = 0.653429 s  ClockTime = 1 s
                  
                  Time = 135s
                  
region_hot_fluid  DILUPBiCGStab:  Solving for Ux, Initial residual = 1.164508e-05, Final residual = 2.268981e-08, No Iterations 1
region_hot_fluid  DILUPBiCGStab:  Solving for Uy, Initial residual = 8.794854e-05, Final residual = 6.279347e-08, No Iterations 1
region_cold_fluid DILUPBiCGStab:  Solving for Ux, Initial residual = 6.696191e-05, Final residual = 7.861898e-08, No Iterations 1
region_cold_fluid DILUPBiCGStab:  Solving for Uy, Initial residual = 0.0003777144, Final residual = 1.81155e-07, No Iterations 1
region_solid      DICPCG:  Solving for e, Initial residual = 0.01044935, Final residual = 9.437235e-05, No Iterations 1
region_hot_fluid  DILUPBiCGStab:  Solving for h, Initial residual = 8.527159e-06, Final residual = 3.083874e-08, No Iterations 1
region_cold_fluid DILUPBiCGStab:  Solving for h, Initial residual = 5.342087e-05, Final residual = 4.588766e-08, No Iterations 1
region_hot_fluid  GAMG:  Solving for p_rgh, Initial residual = 1.062484e-05, Final residual = 6.729923e-08, No Iterations 2
region_hot_fluid  time step continuity errors : sum local = 1.751192e-07, global = -1.293907e-08, cumulative = -0.000486373
region_cold_fluid GAMG:  Solving for p_rgh, Initial residual = 4.990292e-05, Final residual = 4.662004e-07, No Iterations 2
region_cold_fluid time step continuity errors : sum local = 3.054634e-06, global = -8.08058e-07, cumulative = -0.007439782
                  ExecutionTime = 0.655616 s  ClockTime = 1 s
                  
                  Time = 136s
                  
region_hot_fluid  DILUPBiCGStab:  Solving for Ux, Initial residual = 1.103472e-05, Final residual = 2.155838e-08, No Iterations 1
region_hot_fluid  DILUPBiCGStab:  Solving for Uy, Initial residual = 8.356485e-05, Final residual = 5.968632e-08, No Iterations 1
region_cold_fluid DILUPBiCGStab:  Solving for Ux, Initial residual = 6.39623e-05, Final residual = 7.53033e-08, No Iterations 1
region_cold_fluid DILUPBiCGStab:  Solving for Uy, Initial residual = 0.0003606481, Final residual = 1.730563e-07, No Iterations 1
region_solid      DICPCG:  Solving for e, Initial residual = 0.01043531, Final residual = 9.421155e-05, No Iterations 1
region_hot_fluid  DILUPBiCGStab:  Solving for h, Initial residual = 8.202912e-06, Final residual = 2.982074e-08, No Iterations 1
region_cold_fluid DILUPBiCGStab:  Solving for h, Initial residual = 5.104815e-05, Final residual = 4.387092e-08, No Iterations 1
region_hot_fluid  GAMG:  Solving for p_rgh, Initial residual = 1.01165e-05, Final residual = 6.406088e-08, No Iterations 2
region_hot_fluid  time step continuity errors : sum local = 1.659321e-07, global = -1.446222e-08, cumulative = -0.0004863874
region_cold_fluid GAMG:  Solving for p_rgh, Initial residual = 4.766071e-05, Final residual = 4.437836e-07, No Iterations 2
region_cold_fluid time step continuity errors : sum local = 2.907216e-06, global = -7.691074e-07, cumulative = -0.007440551
                  ExecutionTime = 0.657554 s  ClockTime = 1 s
                  
                  Time = 137s
                  
region_hot_fluid  DILUPBiCGStab:  Solving for Ux, Initial residual = 1.045953e-05, Final residual = 2.048e-08, No Iterations 1
region_hot_fluid  DILUPBiCGStab:  Solving for Uy, Initial residual = 7.939357e-05, Final residual = 5.67293e-08, No Iterations 1
region_cold_fluid DILUPBiCGStab:  Solving for Ux, Initial residual = 6.109874e-05, Final residual = 7.212179e-08, No Iterations 1
region_cold_fluid DILUPBiCGStab:  Solving for Uy, Initial residual = 0.0003443611, Final residual = 1.653283e-07, No Iterations 1
region_solid      DICPCG:  Solving for e, Initial residual = 0.01042067, Final residual = 9.404639e-05, No Iterations 1
region_hot_fluid  DILUPBiCGStab:  Solving for h, Initial residual = 7.890115e-06, Final residual = 2.884452e-08, No Iterations 1
region_cold_fluid DILUPBiCGStab:  Solving for h, Initial residual = 4.878736e-05, Final residual = 4.194637e-08, No Iterations 1
region_hot_fluid  GAMG:  Solving for p_rgh, Initial residual = 9.634326e-06, Final residual = 6.035664e-08, No Iterations 2
region_hot_fluid  time step continuity errors : sum local = 1.571495e-07, global = -1.532498e-08, cumulative = -0.0004864027
region_cold_fluid GAMG:  Solving for p_rgh, Initial residual = 4.552338e-05, Final residual = 4.22555e-07, No Iterations 2
region_cold_fluid time step continuity errors : sum local = 2.769072e-06, global = -7.327442e-07, cumulative = -0.007441283
                  ExecutionTime = 0.659225 s  ClockTime = 1 s
                  
                  Time = 138s
                  
region_hot_fluid  DILUPBiCGStab:  Solving for Ux, Initial residual = 9.915017e-06, Final residual = 1.945327e-08, No Iterations 1
region_hot_fluid  DILUPBiCGStab:  Solving for Uy, Initial residual = 7.54243e-05, Final residual = 5.391496e-08, No Iterations 1
region_cold_fluid DILUPBiCGStab:  Solving for Ux, Initial residual = 5.83651e-05, Final residual = 6.907881e-08, No Iterations 1
region_cold_fluid DILUPBiCGStab:  Solving for Uy, Initial residual = 0.0003288183, Final residual = 1.57951e-07, No Iterations 1
region_solid      DICPCG:  Solving for e, Initial residual = 0.01040601, Final residual = 9.388197e-05, No Iterations 1
region_hot_fluid  DILUPBiCGStab:  Solving for h, Initial residual = 7.588745e-06, Final residual = 2.790918e-08, No Iterations 1
region_cold_fluid DILUPBiCGStab:  Solving for h, Initial residual = 4.663291e-05, Final residual = 4.010959e-08, No Iterations 1
region_hot_fluid  GAMG:  Solving for p_rgh, Initial residual = 9.17689e-06, Final residual = 5.754522e-08, No Iterations 2
region_hot_fluid  time step continuity errors : sum local = 1.499044e-07, global = -1.686144e-08, cumulative = -0.0004864196
region_cold_fluid GAMG:  Solving for p_rgh, Initial residual = 4.348557e-05, Final residual = 4.02268e-07, No Iterations 2
region_cold_fluid time step continuity errors : sum local = 2.637416e-06, global = -6.968951e-07, cumulative = -0.00744198
                  ExecutionTime = 0.661491 s  ClockTime = 1 s
                  
                  Time = 139s
                  
region_hot_fluid  DILUPBiCGStab:  Solving for Ux, Initial residual = 9.399364e-06, Final residual = 1.847554e-08, No Iterations 1
region_hot_fluid  DILUPBiCGStab:  Solving for Uy, Initial residual = 7.164839e-05, Final residual = 5.12363e-08, No Iterations 1
region_cold_fluid DILUPBiCGStab:  Solving for Ux, Initial residual = 5.575569e-05, Final residual = 6.616158e-08, No Iterations 1
region_cold_fluid DILUPBiCGStab:  Solving for Uy, Initial residual = 0.0003139869, Final residual = 1.509066e-07, No Iterations 1
region_solid      DICPCG:  Solving for e, Initial residual = 0.01039135, Final residual = 9.37186e-05, No Iterations 1
region_hot_fluid  DILUPBiCGStab:  Solving for h, Initial residual = 7.298713e-06, Final residual = 2.701369e-08, No Iterations 1
region_cold_fluid DILUPBiCGStab:  Solving for h, Initial residual = 4.457949e-05, Final residual = 3.835641e-08, No Iterations 1
region_hot_fluid  GAMG:  Solving for p_rgh, Initial residual = 8.744265e-06, Final residual = 5.465528e-08, No Iterations 2
region_hot_fluid  time step continuity errors : sum local = 1.417794e-07, global = -1.716856e-08, cumulative = -0.0004864368
region_cold_fluid GAMG:  Solving for p_rgh, Initial residual = 4.154332e-05, Final residual = 3.832535e-07, No Iterations 2
region_cold_fluid time step continuity errors : sum local = 2.511886e-06, global = -6.641253e-07, cumulative = -0.007442644
                  ExecutionTime = 0.663344 s  ClockTime = 1 s
                  
                  Time = 140s
                  
region_hot_fluid  DILUPBiCGStab:  Solving for Ux, Initial residual = 8.911105e-06, Final residual = 1.754568e-08, No Iterations 1
region_hot_fluid  DILUPBiCGStab:  Solving for Uy, Initial residual = 6.805688e-05, Final residual = 4.868763e-08, No Iterations 1
region_cold_fluid DILUPBiCGStab:  Solving for Ux, Initial residual = 5.326473e-05, Final residual = 6.336175e-08, No Iterations 1
region_cold_fluid DILUPBiCGStab:  Solving for Uy, Initial residual = 0.0002998335, Final residual = 1.44178e-07, No Iterations 1
region_solid      DICPCG:  Solving for e, Initial residual = 0.01037671, Final residual = 9.355627e-05, No Iterations 1
region_hot_fluid  DILUPBiCGStab:  Solving for h, Initial residual = 7.019888e-06, Final residual = 2.616313e-08, No Iterations 1
region_cold_fluid DILUPBiCGStab:  Solving for h, Initial residual = 4.262209e-05, Final residual = 3.668287e-08, No Iterations 1
region_hot_fluid  GAMG:  Solving for p_rgh, Initial residual = 8.333348e-06, Final residual = 5.192835e-08, No Iterations 2
region_hot_fluid  time step continuity errors : sum local = 1.346976e-07, global = -1.786145e-08, cumulative = -0.0004864546
region_cold_fluid GAMG:  Solving for p_rgh, Initial residual = 3.969104e-05, Final residual = 3.651711e-07, No Iterations 2
region_cold_fluid time step continuity errors : sum local = 2.392677e-06, global = -6.314504e-07, cumulative = -0.007443276
                  ExecutionTime = 0.665142 s  ClockTime = 1 s
                  
                  Time = 141s
                  
region_hot_fluid  DILUPBiCGStab:  Solving for Ux, Initial residual = 8.448794e-06, Final residual = 1.666027e-08, No Iterations 1
region_hot_fluid  DILUPBiCGStab:  Solving for Uy, Initial residual = 6.464177e-05, Final residual = 4.626302e-08, No Iterations 1
region_cold_fluid DILUPBiCGStab:  Solving for Ux, Initial residual = 5.088984e-05, Final residual = 6.06764e-08, No Iterations 1
region_cold_fluid DILUPBiCGStab:  Solving for Uy, Initial residual = 0.0002863263, Final residual = 1.377519e-07, No Iterations 1
region_solid      DICPCG:  Solving for e, Initial residual = 0.01036209, Final residual = 9.339498e-05, No Iterations 1
region_hot_fluid  DILUPBiCGStab:  Solving for h, Initial residual = 6.752089e-06, Final residual = 2.535329e-08, No Iterations 1
region_cold_fluid DILUPBiCGStab:  Solving for h, Initial residual = 4.075598e-05, Final residual = 3.508467e-08, No Iterations 1
region_hot_fluid  GAMG:  Solving for p_rgh, Initial residual = 7.94969e-06, Final residual = 4.93705e-08, No Iterations 2
region_hot_fluid  time step continuity errors : sum local = 1.283086e-07, global = -1.843574e-08, cumulative = -0.0004864731
region_cold_fluid GAMG:  Solving for p_rgh, Initial residual = 3.792714e-05, Final residual = 3.478968e-07, No Iterations 2
region_cold_fluid time step continuity errors : sum local = 2.280677e-06, global = -6.024809e-07, cumulative = -0.007443878
                  ExecutionTime = 0.667665 s  ClockTime = 1 s
                  
                  Time = 142s
                  
region_hot_fluid  DILUPBiCGStab:  Solving for Ux, Initial residual = 8.010816e-06, Final residual = 1.581753e-08, No Iterations 1
region_hot_fluid  DILUPBiCGStab:  Solving for Uy, Initial residual = 6.139486e-05, Final residual = 4.395708e-08, No Iterations 1
region_cold_fluid DILUPBiCGStab:  Solving for Ux, Initial residual = 4.862387e-05, Final residual = 5.810038e-08, No Iterations 1
region_cold_fluid DILUPBiCGStab:  Solving for Uy, Initial residual = 0.0002734371, Final residual = 1.316144e-07, No Iterations 1
region_solid      DICPCG:  Solving for e, Initial residual = 0.0103475, Final residual = 9.323472e-05, No Iterations 1
region_hot_fluid  DILUPBiCGStab:  Solving for h, Initial residual = 6.495109e-06, Final residual = 2.457999e-08, No Iterations 1
region_cold_fluid DILUPBiCGStab:  Solving for h, Initial residual = 3.897702e-05, Final residual = 3.355916e-08, No Iterations 1
region_hot_fluid  GAMG:  Solving for p_rgh, Initial residual = 7.58653e-06, Final residual = 4.706342e-08, No Iterations 2
region_hot_fluid  time step continuity errors : sum local = 1.224754e-07, global = -1.796283e-08, cumulative = -0.000486491
region_cold_fluid GAMG:  Solving for p_rgh, Initial residual = 3.624702e-05, Final residual = 3.314599e-07, No Iterations 2
region_cold_fluid time step continuity errors : sum local = 2.172824e-06, global = -5.730925e-07, cumulative = -0.007444452
                  ExecutionTime = 0.669978 s  ClockTime = 1 s
                  
                  Time = 143s
                  
region_hot_fluid  DILUPBiCGStab:  Solving for Ux, Initial residual = 7.595865e-06, Final residual = 1.50156e-08, No Iterations 1
region_hot_fluid  DILUPBiCGStab:  Solving for Uy, Initial residual = 5.830716e-05, Final residual = 4.17635e-08, No Iterations 1
region_cold_fluid DILUPBiCGStab:  Solving for Ux, Initial residual = 4.646077e-05, Final residual = 5.563377e-08, No Iterations 1
region_cold_fluid DILUPBiCGStab:  Solving for Uy, Initial residual = 0.0002611365, Final residual = 1.257516e-07, No Iterations 1
region_solid      DICPCG:  Solving for e, Initial residual = 0.01033293, Final residual = 9.307549e-05, No Iterations 1
region_hot_fluid  DILUPBiCGStab:  Solving for h, Initial residual = 6.248713e-06, Final residual = 2.384202e-08, No Iterations 1
region_cold_fluid DILUPBiCGStab:  Solving for h, Initial residual = 3.72808e-05, Final residual = 3.210308e-08, No Iterations 1
region_hot_fluid  GAMG:  Solving for p_rgh, Initial residual = 7.242139e-06, Final residual = 4.528824e-08, No Iterations 2
region_hot_fluid  time step continuity errors : sum local = 1.176226e-07, global = -1.883123e-08, cumulative = -0.0004865099
region_cold_fluid GAMG:  Solving for p_rgh, Initial residual = 3.464638e-05, Final residual = 3.15983e-07, No Iterations 2
region_cold_fluid time step continuity errors : sum local = 2.071972e-06, global = -5.462689e-07, cumulative = -0.007444998
                  ExecutionTime = 0.672075 s  ClockTime = 1 s
                  
                  Time = 144s
                  
region_hot_fluid  DILUPBiCGStab:  Solving for Ux, Initial residual = 7.202703e-06, Final residual = 1.42527e-08, No Iterations 1
region_hot_fluid  DILUPBiCGStab:  Solving for Uy, Initial residual = 5.53717e-05, Final residual = 3.96782e-08, No Iterations 1
region_cold_fluid DILUPBiCGStab:  Solving for Ux, Initial residual = 4.439543e-05, Final residual = 5.326812e-08, No Iterations 1
region_cold_fluid DILUPBiCGStab:  Solving for Uy, Initial residual = 0.0002493974, Final residual = 1.20151e-07, No Iterations 1
region_solid      DICPCG:  Solving for e, Initial residual = 0.01031839, Final residual = 9.291728e-05, No Iterations 1
region_hot_fluid  DILUPBiCGStab:  Solving for h, Initial residual = 6.012634e-06, Final residual = 2.313809e-08, No Iterations 1
region_cold_fluid DILUPBiCGStab:  Solving for h, Initial residual = 3.566313e-05, Final residual = 3.07128e-08, No Iterations 1
region_hot_fluid  GAMG:  Solving for p_rgh, Initial residual = 6.915124e-06, Final residual = 4.294641e-08, No Iterations 2
region_hot_fluid  time step continuity errors : sum local = 1.114738e-07, global = -1.871674e-08, cumulative = -0.0004865286
region_cold_fluid GAMG:  Solving for p_rgh, Initial residual = 3.312088e-05, Final residual = 3.012681e-07, No Iterations 2
region_cold_fluid time step continuity errors : sum local = 1.974382e-06, global = -5.189126e-07, cumulative = -0.007445517
                  ExecutionTime = 0.674278 s  ClockTime = 1 s
                  
                  Time = 145s
                  
region_hot_fluid  DILUPBiCGStab:  Solving for Ux, Initial residual = 6.830415e-06, Final residual = 1.352748e-08, No Iterations 1
region_hot_fluid  DILUPBiCGStab:  Solving for Uy, Initial residual = 5.258053e-05, Final residual = 3.769512e-08, No Iterations 1
region_cold_fluid DILUPBiCGStab:  Solving for Ux, Initial residual = 4.242378e-05, Final residual = 5.099997e-08, No Iterations 1
region_cold_fluid DILUPBiCGStab:  Solving for Uy, Initial residual = 0.0002381953, Final residual = 1.148023e-07, No Iterations 1
region_solid      DICPCG:  Solving for e, Initial residual = 0.01030389, Final residual = 9.27601e-05, No Iterations 1
region_hot_fluid  DILUPBiCGStab:  Solving for h, Initial residual = 5.786601e-06, Final residual = 2.246701e-08, No Iterations 1
region_cold_fluid DILUPBiCGStab:  Solving for h, Initial residual = 3.412023e-05, Final residual = 2.938524e-08, No Iterations 1
region_hot_fluid  GAMG:  Solving for p_rgh, Initial residual = 6.6042e-06, Final residual = 4.107619e-08, No Iterations 2
region_hot_fluid  time step continuity errors : sum local = 1.072531e-07, global = -1.902807e-08, cumulative = -0.0004865476
region_cold_fluid GAMG:  Solving for p_rgh, Initial residual = 3.166474e-05, Final residual = 2.871927e-07, No Iterations 2
region_cold_fluid time step continuity errors : sum local = 1.882969e-06, global = -4.946996e-07, cumulative = -0.007446011
                  ExecutionTime = 0.67604 s  ClockTime = 1 s
                  
                  Time = 146s
                  
region_hot_fluid  DILUPBiCGStab:  Solving for Ux, Initial residual = 6.47752e-06, Final residual = 1.283772e-08, No Iterations 1
region_hot_fluid  DILUPBiCGStab:  Solving for Uy, Initial residual = 4.992676e-05, Final residual = 3.58123e-08, No Iterations 1
region_cold_fluid DILUPBiCGStab:  Solving for Ux, Initial residual = 4.05409e-05, Final residual = 4.88246e-08, No Iterations 1
region_cold_fluid DILUPBiCGStab:  Solving for Uy, Initial residual = 0.0002275037, Final residual = 1.096926e-07, No Iterations 1
region_solid      DICPCG:  Solving for e, Initial residual = 0.01028942, Final residual = 9.260392e-05, No Iterations 1
region_hot_fluid  DILUPBiCGStab:  Solving for h, Initial residual = 5.570319e-06, Final residual = 2.182751e-08, No Iterations 1
region_cold_fluid DILUPBiCGStab:  Solving for h, Initial residual = 3.264854e-05, Final residual = 2.811749e-08, No Iterations 1
region_hot_fluid  GAMG:  Solving for p_rgh, Initial residual = 6.309683e-06, Final residual = 3.940244e-08, No Iterations 2
region_hot_fluid  time step continuity errors : sum local = 1.024975e-07, global = -1.924041e-08, cumulative = -0.0004865668
region_cold_fluid GAMG:  Solving for p_rgh, Initial residual = 3.027546e-05, Final residual = 2.737959e-07, No Iterations 2
region_cold_fluid time step continuity errors : sum local = 1.795782e-06, global = -4.712055e-07, cumulative = -0.007446483
                  ExecutionTime = 0.677971 s  ClockTime = 1 s
                  
                  Time = 147s
                  
region_hot_fluid  DILUPBiCGStab:  Solving for Ux, Initial residual = 6.14307e-06, Final residual = 1.218296e-08, No Iterations 1
region_hot_fluid  DILUPBiCGStab:  Solving for Uy, Initial residual = 4.740431e-05, Final residual = 3.402542e-08, No Iterations 1
region_cold_fluid DILUPBiCGStab:  Solving for Ux, Initial residual = 3.8743e-05, Final residual = 4.673933e-08, No Iterations 1
region_cold_fluid DILUPBiCGStab:  Solving for Uy, Initial residual = 0.0002173, Final residual = 1.048127e-07, No Iterations 1
region_solid      DICPCG:  Solving for e, Initial residual = 0.01027499, Final residual = 9.244876e-05, No Iterations 1
region_hot_fluid  DILUPBiCGStab:  Solving for h, Initial residual = 5.363494e-06, Final residual = 2.12184e-08, No Iterations 1
region_cold_fluid DILUPBiCGStab:  Solving for h, Initial residual = 3.124459e-05, Final residual = 2.690677e-08, No Iterations 1
region_hot_fluid  GAMG:  Solving for p_rgh, Initial residual = 6.029428e-06, Final residual = 3.797952e-08, No Iterations 2
region_hot_fluid  time step continuity errors : sum local = 9.868828e-08, global = -1.898177e-08, cumulative = -0.0004865858
region_cold_fluid GAMG:  Solving for p_rgh, Initial residual = 2.895398e-05, Final residual = 2.611709e-07, No Iterations 2
region_cold_fluid time step continuity errors : sum local = 1.712873e-06, global = -4.48611e-07, cumulative = -0.007446931
                  ExecutionTime = 0.67993 s  ClockTime = 1 s
                  
                  Time = 148s
                  
region_hot_fluid  DILUPBiCGStab:  Solving for Ux, Initial residual = 5.826109e-06, Final residual = 1.156145e-08, No Iterations 1
region_hot_fluid  DILUPBiCGStab:  Solving for Uy, Initial residual = 4.500623e-05, Final residual = 3.232708e-08, No Iterations 1
region_cold_fluid DILUPBiCGStab:  Solving for Ux, Initial residual = 3.702596e-05, Final residual = 4.474056e-08, No Iterations 1
region_cold_fluid DILUPBiCGStab:  Solving for Uy, Initial residual = 0.0002075609, Final residual = 1.001519e-07, No Iterations 1
region_solid      DICPCG:  Solving for e, Initial residual = 0.01026061, Final residual = 9.22946e-05, No Iterations 1
region_hot_fluid  DILUPBiCGStab:  Solving for h, Initial residual = 5.165817e-06, Final residual = 2.063844e-08, No Iterations 1
region_cold_fluid DILUPBiCGStab:  Solving for h, Initial residual = 2.990515e-05, Final residual = 2.575044e-08, No Iterations 1
region_hot_fluid  GAMG:  Solving for p_rgh, Initial residual = 5.763751e-06, Final residual = 3.630666e-08, No Iterations 2
region_hot_fluid  time step continuity errors : sum local = 9.524623e-08, global = -1.939454e-08, cumulative = -0.0004866052
region_cold_fluid GAMG:  Solving for p_rgh, Initial residual = 2.769364e-05, Final residual = 2.490582e-07, No Iterations 2
region_cold_fluid time step continuity errors : sum local = 1.632234e-06, global = -4.270253e-07, cumulative = -0.007447358
                  ExecutionTime = 0.682304 s  ClockTime = 1 s
                  
                  Time = 149s
                  
region_hot_fluid  DILUPBiCGStab:  Solving for Ux, Initial residual = 5.525692e-06, Final residual = 1.097061e-08, No Iterations 1
region_hot_fluid  DILUPBiCGStab:  Solving for Uy, Initial residual = 4.272648e-05, Final residual = 3.071314e-08, No Iterations 1
region_cold_fluid DILUPBiCGStab:  Solving for Ux, Initial residual = 3.538614e-05, Final residual = 4.282536e-08, No Iterations 1
region_cold_fluid DILUPBiCGStab:  Solving for Uy, Initial residual = 0.0001982651, Final residual = 9.57013e-08, No Iterations 1
region_solid      DICPCG:  Solving for e, Initial residual = 0.01024627, Final residual = 9.214144e-05, No Iterations 1
region_hot_fluid  DILUPBiCGStab:  Solving for h, Initial residual = 4.976974e-06, Final residual = 2.008644e-08, No Iterations 1
region_cold_fluid DILUPBiCGStab:  Solving for h, Initial residual = 2.862714e-05, Final residual = 2.4646e-08, No Iterations 1
region_hot_fluid  GAMG:  Solving for p_rgh, Initial residual = 5.511048e-06, Final residual = 3.491183e-08, No Iterations 2
region_hot_fluid  time step continuity errors : sum local = 9.048105e-08, global = -1.818867e-08, cumulative = -0.0004866234
region_cold_fluid GAMG:  Solving for p_rgh, Initial residual = 2.649075e-05, Final residual = 2.373927e-07, No Iterations 2
region_cold_fluid time step continuity errors : sum local = 1.558556e-06, global = -4.072551e-07, cumulative = -0.007447765
                  ExecutionTime = 0.684281 s  ClockTime = 1 s
                  
                  Time = 150s
                  
region_hot_fluid  DILUPBiCGStab:  Solving for Ux, Initial residual = 5.241192e-06, Final residual = 1.040933e-08, No Iterations 1
region_hot_fluid  DILUPBiCGStab:  Solving for Uy, Initial residual = 4.056034e-05, Final residual = 2.917951e-08, No Iterations 1
region_cold_fluid DILUPBiCGStab:  Solving for Ux, Initial residual = 3.381974e-05, Final residual = 4.09899e-08, No Iterations 1
region_cold_fluid DILUPBiCGStab:  Solving for Uy, Initial residual = 0.0001893919, Final residual = 9.145157e-08, No Iterations 1
region_solid      DICPCG:  Solving for e, Initial residual = 0.01023197, Final residual = 9.198928e-05, No Iterations 1
region_hot_fluid  DILUPBiCGStab:  Solving for h, Initial residual = 4.796664e-06, Final residual = 1.956126e-08, No Iterations 1
region_cold_fluid DILUPBiCGStab:  Solving for h, Initial residual = 2.740764e-05, Final residual = 2.359105e-08, No Iterations 1
region_hot_fluid  GAMG:  Solving for p_rgh, Initial residual = 5.271613e-06, Final residual = 3.343194e-08, No Iterations 2
region_hot_fluid  time step continuity errors : sum local = 8.707238e-08, global = -1.879557e-08, cumulative = -0.0004866422
region_cold_fluid GAMG:  Solving for p_rgh, Initial residual = 2.534305e-05, Final residual = 2.265972e-07, No Iterations 2
region_cold_fluid time step continuity errors : sum local = 1.486348e-06, global = -3.869529e-07, cumulative = -0.007448152
                  ExecutionTime = 0.686086 s  ClockTime = 1 s
                  
                  Time = 151s
                  
region_hot_fluid  DILUPBiCGStab:  Solving for Ux, Initial residual = 4.971323e-06, Final residual = 9.875557e-09, No Iterations 1
region_hot_fluid  DILUPBiCGStab:  Solving for Uy, Initial residual = 3.850189e-05, Final residual = 2.772358e-08, No Iterations 1
region_cold_fluid DILUPBiCGStab:  Solving for Ux, Initial residual = 3.23237e-05, Final residual = 3.92318e-08, No Iterations 1
region_cold_fluid DILUPBiCGStab:  Solving for Uy, Initial residual = 0.0001809223, Final residual = 8.739415e-08, No Iterations 1
region_solid      DICPCG:  Solving for e, Initial residual = 0.01021766, Final residual = 9.183745e-05, No Iterations 1
region_hot_fluid  DILUPBiCGStab:  Solving for h, Initial residual = 4.624564e-06, Final residual = 1.906169e-08, No Iterations 1
region_cold_fluid DILUPBiCGStab:  Solving for h, Initial residual = 2.624387e-05, Final residual = 2.258334e-08, No Iterations 1
region_hot_fluid  GAMG:  Solving for p_rgh, Initial residual = 5.047117e-06, Final residual = 3.198291e-08, No Iterations 2
region_hot_fluid  time step continuity errors : sum local = 8.321011e-08, global = -1.888279e-08, cumulative = -0.0004866611
region_cold_fluid GAMG:  Solving for p_rgh, Initial residual = 2.424841e-05, Final residual = 2.159973e-07, No Iterations 2
region_cold_fluid time step continuity errors : sum local = 1.417406e-06, global = -3.682494e-07, cumulative = -0.007448521
                  ExecutionTime = 0.689102 s  ClockTime = 1 s
                  
                  Time = 152s
                  
region_hot_fluid  DILUPBiCGStab:  Solving for Ux, Initial residual = 4.715495e-06, Final residual = 9.368468e-09, No Iterations 1
region_hot_fluid  DILUPBiCGStab:  Solving for Uy, Initial residual = 3.654711e-05, Final residual = 2.633984e-08, No Iterations 1
region_cold_fluid DILUPBiCGStab:  Solving for Ux, Initial residual = 3.089455e-05, Final residual = 3.754747e-08, No Iterations 1
region_cold_fluid DILUPBiCGStab:  Solving for Uy, Initial residual = 0.0001728369, Final residual = 8.352011e-08, No Iterations 1
region_solid      DICPCG:  Solving for e, Initial residual = 0.01020327, Final residual = 9.168552e-05, No Iterations 1
region_hot_fluid  DILUPBiCGStab:  Solving for h, Initial residual = 4.460372e-06, Final residual = 1.858664e-08, No Iterations 1
region_cold_fluid DILUPBiCGStab:  Solving for h, Initial residual = 2.513321e-05, Final residual = 2.162069e-08, No Iterations 1
region_hot_fluid  GAMG:  Solving for p_rgh, Initial residual = 4.836631e-06, Final residual = 3.092095e-08, No Iterations 2
region_hot_fluid  time step continuity errors : sum local = 8.081657e-08, global = -1.896207e-08, cumulative = -0.00048668
region_cold_fluid GAMG:  Solving for p_rgh, Initial residual = 2.320385e-05, Final residual = 2.061548e-07, No Iterations 2
region_cold_fluid time step continuity errors : sum local = 1.352307e-06, global = -3.494311e-07, cumulative = -0.00744887
                  ExecutionTime = 0.691461 s  ClockTime = 1 s
                  
                  Time = 153s
                  
region_hot_fluid  DILUPBiCGStab:  Solving for Ux, Initial residual = 4.473149e-06, Final residual = 8.887091e-09, No Iterations 1
region_hot_fluid  DILUPBiCGStab:  Solving for Uy, Initial residual = 3.469131e-05, Final residual = 2.50254e-08, No Iterations 1
region_cold_fluid DILUPBiCGStab:  Solving for Ux, Initial residual = 2.952946e-05, Final residual = 3.593437e-08, No Iterations 1
region_cold_fluid DILUPBiCGStab:  Solving for Uy, Initial residual = 0.0001651187, Final residual = 7.982146e-08, No Iterations 1
region_solid      DICPCG:  Solving for e, Initial residual = 0.01018894, Final residual = 9.153461e-05, No Iterations 1
region_hot_fluid  DILUPBiCGStab:  Solving for h, Initial residual = 4.30378e-06, Final residual = 1.813502e-08, No Iterations 1
region_cold_fluid DILUPBiCGStab:  Solving for h, Initial residual = 2.407315e-05, Final residual = 2.070105e-08, No Iterations 1
region_hot_fluid  GAMG:  Solving for p_rgh, Initial residual = 4.637748e-06, Final residual = 2.996554e-08, No Iterations 2
region_hot_fluid  time step continuity errors : sum local = 7.77339e-08, global = -1.882502e-08, cumulative = -0.0004866989
region_cold_fluid GAMG:  Solving for p_rgh, Initial residual = 2.220716e-05, Final residual = 1.967749e-07, No Iterations 2
region_cold_fluid time step continuity errors : sum local = 1.291922e-06, global = -3.340697e-07, cumulative = -0.007449204
                  ExecutionTime = 0.693236 s  ClockTime = 1 s
                  
                  Time = 154s
                  
region_hot_fluid  DILUPBiCGStab:  Solving for Ux, Initial residual = 4.243472e-06, Final residual = 8.430644e-09, No Iterations 1
region_hot_fluid  DILUPBiCGStab:  Solving for Uy, Initial residual = 3.292889e-05, Final residual = 2.377755e-08, No Iterations 1
region_cold_fluid DILUPBiCGStab:  Solving for Ux, Initial residual = 2.822533e-05, Final residual = 3.438926e-08, No Iterations 1
region_cold_fluid DILUPBiCGStab:  Solving for Uy, Initial residual = 0.0001577505, Final residual = 7.628979e-08, No Iterations 1
region_solid      DICPCG:  Solving for e, Initial residual = 0.01017466, Final residual = 9.138471e-05, No Iterations 1
region_hot_fluid  DILUPBiCGStab:  Solving for h, Initial residual = 4.154493e-06, Final residual = 1.770579e-08, No Iterations 1
region_cold_fluid DILUPBiCGStab:  Solving for h, Initial residual = 2.30613e-05, Final residual = 1.982245e-08, No Iterations 1
region_hot_fluid  GAMG:  Solving for p_rgh, Initial residual = 4.448316e-06, Final residual = 2.878668e-08, No Iterations 2
region_hot_fluid  time step continuity errors : sum local = 7.461026e-08, global = -1.787726e-08, cumulative = -0.0004867168
region_cold_fluid GAMG:  Solving for p_rgh, Initial residual = 2.125671e-05, Final residual = 1.879882e-07, No Iterations 2
region_cold_fluid time step continuity errors : sum local = 1.233174e-06, global = -3.174575e-07, cumulative = -0.007449522
                  ExecutionTime = 0.695531 s  ClockTime = 1 s
                  
                  Time = 155s
                  
region_hot_fluid  DILUPBiCGStab:  Solving for Ux, Initial residual = 4.025639e-06, Final residual = 7.997579e-09, No Iterations 1
region_hot_fluid  DILUPBiCGStab:  Solving for Uy, Initial residual = 3.125334e-05, Final residual = 2.259273e-08, No Iterations 1
region_cold_fluid DILUPBiCGStab:  Solving for Ux, Initial residual = 2.697974e-05, Final residual = 3.290993e-08, No Iterations 1
region_cold_fluid DILUPBiCGStab:  Solving for Uy, Initial residual = 0.0001507161, Final residual = 7.291772e-08, No Iterations 1
region_solid      DICPCG:  Solving for e, Initial residual = 0.01016045, Final residual = 9.123582e-05, No Iterations 1
region_hot_fluid  DILUPBiCGStab:  Solving for h, Initial residual = 4.01221e-06, Final residual = 1.729786e-08, No Iterations 1
region_cold_fluid DILUPBiCGStab:  Solving for h, Initial residual = 2.20954e-05, Final residual = 1.898302e-08, No Iterations 1
region_hot_fluid  GAMG:  Solving for p_rgh, Initial residual = 4.271729e-06, Final residual = 2.79417e-08, No Iterations 2
region_hot_fluid  time step continuity errors : sum local = 7.254792e-08, global = -1.717343e-08, cumulative = -0.0004867339
region_cold_fluid GAMG:  Solving for p_rgh, Initial residual = 2.03519e-05, Final residual = 1.792411e-07, No Iterations 2
region_cold_fluid time step continuity errors : sum local = 1.175694e-06, global = -3.005397e-07, cumulative = -0.007449822
                  ExecutionTime = 0.697685 s  ClockTime = 1 s
                  
                  Time = 156s
                  
region_hot_fluid  DILUPBiCGStab:  Solving for Ux, Initial residual = 3.819081e-06, Final residual = 7.587196e-09, No Iterations 1
region_hot_fluid  DILUPBiCGStab:  Solving for Uy, Initial residual = 2.966134e-05, Final residual = 2.146795e-08, No Iterations 1
region_cold_fluid DILUPBiCGStab:  Solving for Ux, Initial residual = 2.579002e-05, Final residual = 3.149373e-08, No Iterations 1
region_cold_fluid DILUPBiCGStab:  Solving for Uy, Initial residual = 0.0001440011, Final residual = 6.969758e-08, No Iterations 1
region_solid      DICPCG:  Solving for e, Initial residual = 0.01014629, Final residual = 9.108792e-05, No Iterations 1
region_hot_fluid  DILUPBiCGStab:  Solving for h, Initial residual = 3.876643e-06, Final residual = 1.691025e-08, No Iterations 1
region_cold_fluid DILUPBiCGStab:  Solving for h, Initial residual = 2.117331e-05, Final residual = 1.818099e-08, No Iterations 1
region_hot_fluid  GAMG:  Solving for p_rgh, Initial residual = 4.105922e-06, Final residual = 2.694322e-08, No Iterations 2
region_hot_fluid  time step continuity errors : sum local = 7.027163e-08, global = -1.751965e-08, cumulative = -0.0004867514
region_cold_fluid GAMG:  Solving for p_rgh, Initial residual = 1.948875e-05, Final residual = 1.711932e-07, No Iterations 2
region_cold_fluid time step continuity errors : sum local = 1.123013e-06, global = -2.861548e-07, cumulative = -0.007450108
                  ExecutionTime = 0.699304 s  ClockTime = 1 s
                  
                  Time = 157s
                  
region_hot_fluid  DILUPBiCGStab:  Solving for Ux, Initial residual = 3.623217e-06, Final residual = 7.197169e-09, No Iterations 1
region_hot_fluid  DILUPBiCGStab:  Solving for Uy, Initial residual = 2.814963e-05, Final residual = 2.040025e-08, No Iterations 1
region_cold_fluid DILUPBiCGStab:  Solving for Ux, Initial residual = 2.465558e-05, Final residual = 3.013743e-08, No Iterations 1
region_cold_fluid DILUPBiCGStab:  Solving for Uy, Initial residual = 0.0001375902, Final residual = 6.662687e-08, No Iterations 1
region_solid      DICPCG:  Solving for e, Initial residual = 0.0101322, Final residual = 9.094103e-05, No Iterations 1
region_hot_fluid  DILUPBiCGStab:  Solving for h, Initial residual = 3.747512e-06, Final residual = 1.654198e-08, No Iterations 1
region_cold_fluid DILUPBiCGStab:  Solving for h, Initial residual = 2.029297e-05, Final residual = 1.741465e-08, No Iterations 1
region_hot_fluid  GAMG:  Solving for p_rgh, Initial residual = 3.947195e-06, Final residual = 2.599292e-08, No Iterations 2
region_hot_fluid  time step continuity errors : sum local = 6.875152e-08, global = -1.789994e-08, cumulative = -0.0004867693
region_cold_fluid GAMG:  Solving for p_rgh, Initial residual = 1.866465e-05, Final residual = 1.632647e-07, No Iterations 2
region_cold_fluid time step continuity errors : sum local = 1.071364e-06, global = -2.727038e-07, cumulative = -0.007450381
                  ExecutionTime = 0.701215 s  ClockTime = 1 s
                  
                  Time = 158s
                  
region_hot_fluid  DILUPBiCGStab:  Solving for Ux, Initial residual = 3.437634e-06, Final residual = 6.826912e-09, No Iterations 1
region_hot_fluid  DILUPBiCGStab:  Solving for Uy, Initial residual = 2.671341e-05, Final residual = 1.938644e-08, No Iterations 1
region_cold_fluid DILUPBiCGStab:  Solving for Ux, Initial residual = 2.357176e-05, Final residual = 2.883893e-08, No Iterations 1
region_cold_fluid DILUPBiCGStab:  Solving for Uy, Initial residual = 0.0001314698, Final residual = 6.369568e-08, No Iterations 1
region_solid      DICPCG:  Solving for e, Initial residual = 0.01011817, Final residual = 9.079512e-05, No Iterations 1
region_hot_fluid  DILUPBiCGStab:  Solving for h, Initial residual = 3.624542e-06, Final residual = 1.619211e-08, No Iterations 1
region_cold_fluid DILUPBiCGStab:  Solving for h, Initial residual = 1.945247e-05, Final residual = 1.668239e-08, No Iterations 1
region_hot_fluid  GAMG:  Solving for p_rgh, Initial residual = 3.797193e-06, Final residual = 2.533422e-08, No Iterations 2
region_hot_fluid  time step continuity errors : sum local = 6.569941e-08, global = -1.697378e-08, cumulative = -0.0004867863
region_cold_fluid GAMG:  Solving for p_rgh, Initial residual = 1.787819e-05, Final residual = 1.559477e-07, No Iterations 2
region_cold_fluid time step continuity errors : sum local = 1.023126e-06, global = -2.576515e-07, cumulative = -0.007450639
                  ExecutionTime = 0.703741 s  ClockTime = 1 s
                  
                  Time = 159s
                  
region_hot_fluid  DILUPBiCGStab:  Solving for Ux, Initial residual = 3.261791e-06, Final residual = 6.475775e-09, No Iterations 1
region_hot_fluid  DILUPBiCGStab:  Solving for Uy, Initial residual = 2.534897e-05, Final residual = 1.842665e-08, No Iterations 1
region_cold_fluid DILUPBiCGStab:  Solving for Ux, Initial residual = 2.253644e-05, Final residual = 2.759626e-08, No Iterations 1
region_cold_fluid DILUPBiCGStab:  Solving for Uy, Initial residual = 0.0001256262, Final residual = 6.089532e-08, No Iterations 1
region_solid      DICPCG:  Solving for e, Initial residual = 0.01010421, Final residual = 9.06502e-05, No Iterations 1
region_hot_fluid  DILUPBiCGStab:  Solving for h, Initial residual = 3.507471e-06, Final residual = 1.585975e-08, No Iterations 1
region_cold_fluid DILUPBiCGStab:  Solving for h, Initial residual = 1.864993e-05, Final residual = 1.598265e-08, No Iterations 1
region_hot_fluid  GAMG:  Solving for p_rgh, Initial residual = 3.654453e-06, Final residual = 2.450566e-08, No Iterations 2
region_hot_fluid  time step continuity errors : sum local = 6.34467e-08, global = -1.667451e-08, cumulative = -0.000486803
region_cold_fluid GAMG:  Solving for p_rgh, Initial residual = 1.712781e-05, Final residual = 1.488478e-07, No Iterations 2
region_cold_fluid time step continuity errors : sum local = 9.771501e-07, global = -2.449517e-07, cumulative = -0.007450884
                  ExecutionTime = 0.706292 s  ClockTime = 1 s
                  
                  Time = 160s
                  
region_hot_fluid  DILUPBiCGStab:  Solving for Ux, Initial residual = 3.095006e-06, Final residual = 6.142554e-09, No Iterations 1
region_hot_fluid  DILUPBiCGStab:  Solving for Uy, Initial residual = 2.405206e-05, Final residual = 1.75154e-08, No Iterations 1
region_cold_fluid DILUPBiCGStab:  Solving for Ux, Initial residual = 2.154721e-05, Final residual = 2.640672e-08, No Iterations 1
region_cold_fluid DILUPBiCGStab:  Solving for Uy, Initial residual = 0.0001200477, Final residual = 5.822014e-08, No Iterations 1
region_solid      DICPCG:  Solving for e, Initial residual = 0.01009031, Final residual = 9.050626e-05, No Iterations 1
region_hot_fluid  DILUPBiCGStab:  Solving for h, Initial residual = 3.396033e-06, Final residual = 1.554398e-08, No Iterations 1
region_cold_fluid DILUPBiCGStab:  Solving for h, Initial residual = 1.788361e-05, Final residual = 1.531399e-08, No Iterations 1
region_hot_fluid  GAMG:  Solving for p_rgh, Initial residual = 3.519093e-06, Final residual = 2.408893e-08, No Iterations 2
region_hot_fluid  time step continuity errors : sum local = 6.210252e-08, global = -1.788899e-08, cumulative = -0.0004868209
region_cold_fluid GAMG:  Solving for p_rgh, Initial residual = 1.641101e-05, Final residual = 1.421402e-07, No Iterations 2
region_cold_fluid time step continuity errors : sum local = 9.325454e-07, global = -2.328276e-07, cumulative = -0.007451116
                  ExecutionTime = 0.708555 s  ClockTime = 1 s
                  
                  Time = 161s
                  
region_hot_fluid  DILUPBiCGStab:  Solving for Ux, Initial residual = 2.936792e-06, Final residual = 5.826317e-09, No Iterations 1
region_hot_fluid  DILUPBiCGStab:  Solving for Uy, Initial residual = 2.282048e-05, Final residual = 1.665018e-08, No Iterations 1
region_cold_fluid DILUPBiCGStab:  Solving for Ux, Initial residual = 2.060217e-05, Final residual = 2.526814e-08, No Iterations 1
region_cold_fluid DILUPBiCGStab:  Solving for Uy, Initial residual = 0.0001147217, Final residual = 5.566419e-08, No Iterations 1
region_solid      DICPCG:  Solving for e, Initial residual = 0.01007647, Final residual = 9.03633e-05, No Iterations 1
region_hot_fluid  DILUPBiCGStab:  Solving for h, Initial residual = 3.289981e-06, Final residual = 1.524395e-08, No Iterations 1
region_cold_fluid DILUPBiCGStab:  Solving for h, Initial residual = 1.715184e-05, Final residual = 1.467498e-08, No Iterations 1
region_hot_fluid  GAMG:  Solving for p_rgh, Initial residual = 3.390824e-06, Final residual = 2.336242e-08, No Iterations 2
region_hot_fluid  time step continuity errors : sum local = 6.063351e-08, global = -1.647023e-08, cumulative = -0.0004868374
region_cold_fluid GAMG:  Solving for p_rgh, Initial residual = 1.572749e-05, Final residual = 1.356688e-07, No Iterations 2
region_cold_fluid time step continuity errors : sum local = 8.916649e-07, global = -2.223121e-07, cumulative = -0.007451339
                  ExecutionTime = 0.710876 s  ClockTime = 1 s
                  
                  Time = 162s
                  
region_hot_fluid  DILUPBiCGStab:  Solving for Ux, Initial residual = 2.787036e-06, Final residual = 5.526708e-09, No Iterations 1
region_hot_fluid  DILUPBiCGStab:  Solving for Uy, Initial residual = 2.165303e-05, Final residual = 1.582952e-08, No Iterations 1
region_cold_fluid DILUPBiCGStab:  Solving for Ux, Initial residual = 1.969927e-05, Final residual = 2.417827e-08, No Iterations 1
region_cold_fluid DILUPBiCGStab:  Solving for Uy, Initial residual = 0.0001096362, Final residual = 5.322136e-08, No Iterations 1
region_solid      DICPCG:  Solving for e, Initial residual = 0.01006271, Final residual = 9.02213e-05, No Iterations 1
region_hot_fluid  DILUPBiCGStab:  Solving for h, Initial residual = 3.189081e-06, Final residual = 1.495888e-08, No Iterations 1
region_cold_fluid DILUPBiCGStab:  Solving for h, Initial residual = 1.645303e-05, Final residual = 1.40643e-08, No Iterations 1
region_hot_fluid  GAMG:  Solving for p_rgh, Initial residual = 3.268637e-06, Final residual = 2.281178e-08, No Iterations 2
region_hot_fluid  time step continuity errors : sum local = 5.867567e-08, global = -1.686989e-08, cumulative = -0.0004868542
region_cold_fluid GAMG:  Solving for p_rgh, Initial residual = 1.507482e-05, Final residual = 1.298256e-07, No Iterations 2
region_cold_fluid time step continuity errors : sum local = 8.51515e-07, global = -2.114634e-07, cumulative = -0.00745155
                  ExecutionTime = 0.712974 s  ClockTime = 1 s
                  
                  Time = 163s
                  
region_hot_fluid  DILUPBiCGStab:  Solving for Ux, Initial residual = 2.644971e-06, Final residual = 5.24265e-09, No Iterations 1
region_hot_fluid  DILUPBiCGStab:  Solving for Uy, Initial residual = 2.054443e-05, Final residual = 1.504937e-08, No Iterations 1
region_cold_fluid DILUPBiCGStab:  Solving for Ux, Initial residual = 1.883676e-05, Final residual = 2.313566e-08, No Iterations 1
region_cold_fluid DILUPBiCGStab:  Solving for Uy, Initial residual = 0.0001047815, Final residual = 5.088696e-08, No Iterations 1
region_solid      DICPCG:  Solving for e, Initial residual = 0.01004901, Final residual = 9.008027e-05, No Iterations 1
region_hot_fluid  DILUPBiCGStab:  Solving for h, Initial residual = 3.093091e-06, Final residual = 1.468795e-08, No Iterations 1
region_cold_fluid DILUPBiCGStab:  Solving for h, Initial residual = 1.578566e-05, Final residual = 1.348067e-08, No Iterations 1
region_hot_fluid  GAMG:  Solving for p_rgh, Initial residual = 3.152695e-06, Final residual = 2.221791e-08, No Iterations 2
region_hot_fluid  time step continuity errors : sum local = 5.749878e-08, global = -1.625204e-08, cumulative = -0.0004868705
region_cold_fluid GAMG:  Solving for p_rgh, Initial residual = 1.445159e-05, Final residual = 1.238582e-07, No Iterations 2
region_cold_fluid time step continuity errors : sum local = 8.128873e-07, global = -1.998517e-07, cumulative = -0.00745175
                  ExecutionTime = 0.715126 s  ClockTime = 1 s
                  
                  Time = 164s
                  
region_hot_fluid  DILUPBiCGStab:  Solving for Ux, Initial residual = 2.51047e-06, Final residual = 4.974185e-09, No Iterations 1
region_hot_fluid  DILUPBiCGStab:  Solving for Uy, Initial residual = 1.949206e-05, Final residual = 1.430961e-08, No Iterations 1
region_cold_fluid DILUPBiCGStab:  Solving for Ux, Initial residual = 1.801271e-05, Final residual = 2.213803e-08, No Iterations 1
region_cold_fluid DILUPBiCGStab:  Solving for Uy, Initial residual = 0.0001001459, Final residual = 4.865611e-08, No Iterations 1
region_solid      DICPCG:  Solving for e, Initial residual = 0.01003537, Final residual = 8.99402e-05, No Iterations 1
region_hot_fluid  DILUPBiCGStab:  Solving for h, Initial residual = 3.001793e-06, Final residual = 1.443041e-08, No Iterations 1
region_cold_fluid DILUPBiCGStab:  Solving for h, Initial residual = 1.514829e-05, Final residual = 1.292287e-08, No Iterations 1
region_hot_fluid  GAMG:  Solving for p_rgh, Initial residual = 3.042693e-06, Final residual = 2.15193e-08, No Iterations 2
region_hot_fluid  time step continuity errors : sum local = 5.668703e-08, global = -1.642334e-08, cumulative = -0.0004868869
region_cold_fluid GAMG:  Solving for p_rgh, Initial residual = 1.385679e-05, Final residual = 1.183668e-07, No Iterations 2
region_cold_fluid time step continuity errors : sum local = 7.777503e-07, global = -1.914557e-07, cumulative = -0.007451942
                  ExecutionTime = 0.717989 s  ClockTime = 1 s
                  
                  Time = 165s
                  
region_hot_fluid  DILUPBiCGStab:  Solving for Ux, Initial residual = 2.382875e-06, Final residual = 4.719159e-09, No Iterations 1
region_hot_fluid  DILUPBiCGStab:  Solving for Uy, Initial residual = 1.849251e-05, Final residual = 1.360643e-08, No Iterations 1
region_cold_fluid DILUPBiCGStab:  Solving for Ux, Initial residual = 1.722518e-05, Final residual = 2.118306e-08, No Iterations 1
region_cold_fluid DILUPBiCGStab:  Solving for Uy, Initial residual = 9.571987e-05, Final residual = 4.652407e-08, No Iterations 1
region_solid      DICPCG:  Solving for e, Initial residual = 0.01002181, Final residual = 8.980108e-05, No Iterations 1
region_hot_fluid  DILUPBiCGStab:  Solving for h, Initial residual = 2.914965e-06, Final residual = 1.418552e-08, No Iterations 1
region_cold_fluid DILUPBiCGStab:  Solving for h, Initial residual = 1.453956e-05, Final residual = 1.238975e-08, No Iterations 1
region_hot_fluid  GAMG:  Solving for p_rgh, Initial residual = 2.939307e-06, Final residual = 2.122898e-08, No Iterations 2
region_hot_fluid  time step continuity errors : sum local = 5.524755e-08, global = -1.473227e-08, cumulative = -0.0004869016
region_cold_fluid GAMG:  Solving for p_rgh, Initial residual = 1.328872e-05, Final residual = 1.131158e-07, No Iterations 2
region_cold_fluid time step continuity errors : sum local = 7.424355e-07, global = -1.803467e-07, cumulative = -0.007452122
                  ExecutionTime = 0.720388 s  ClockTime = 1 s
                  
                  Time = 166s
                  
region_hot_fluid  DILUPBiCGStab:  Solving for Ux, Initial residual = 2.26195e-06, Final residual = 4.477706e-09, No Iterations 1
region_hot_fluid  DILUPBiCGStab:  Solving for Uy, Initial residual = 1.754447e-05, Final residual = 1.29393e-08, No Iterations 1
region_cold_fluid DILUPBiCGStab:  Solving for Ux, Initial residual = 1.647296e-05, Final residual = 2.026987e-08, No Iterations 1
region_cold_fluid DILUPBiCGStab:  Solving for Uy, Initial residual = 9.149368e-05, Final residual = 4.448619e-08, No Iterations 1
region_solid      DICPCG:  Solving for e, Initial residual = 0.01000832, Final residual = 8.96629e-05, No Iterations 1
region_hot_fluid  DILUPBiCGStab:  Solving for h, Initial residual = 2.832407e-06, Final residual = 1.395261e-08, No Iterations 1
region_cold_fluid DILUPBiCGStab:  Solving for h, Initial residual = 1.395813e-05, Final residual = 1.18802e-08, No Iterations 1
region_hot_fluid  GAMG:  Solving for p_rgh, Initial residual = 2.843008e-06, Final residual = 2.102444e-08, No Iterations 2
region_hot_fluid  time step continuity errors : sum local = 5.418086e-08, global = -1.663318e-08, cumulative = -0.0004869183
region_cold_fluid GAMG:  Solving for p_rgh, Initial residual = 1.274667e-05, Final residual = 1.079409e-07, No Iterations 2
region_cold_fluid time step continuity errors : sum local = 7.087815e-07, global = -1.719564e-07, cumulative = -0.007452294
                  ExecutionTime = 0.723197 s  ClockTime = 1 s
                  
                  Time = 167s
                  
region_hot_fluid  DILUPBiCGStab:  Solving for Ux, Initial residual = 2.147057e-06, Final residual = 4.248302e-09, No Iterations 1
region_hot_fluid  DILUPBiCGStab:  Solving for Uy, Initial residual = 1.664288e-05, Final residual = 1.230582e-08, No Iterations 1
region_cold_fluid DILUPBiCGStab:  Solving for Ux, Initial residual = 1.57541e-05, Final residual = 1.939589e-08, No Iterations 1
region_cold_fluid DILUPBiCGStab:  Solving for Uy, Initial residual = 8.745839e-05, Final residual = 4.253883e-08, No Iterations 1
region_solid      DICPCG:  Solving for e, Initial residual = 0.009994898, Final residual = 8.952567e-05, No Iterations 1
region_hot_fluid  DILUPBiCGStab:  Solving for h, Initial residual = 2.753909e-06, Final residual = 1.373097e-08, No Iterations 1
region_cold_fluid DILUPBiCGStab:  Solving for h, Initial residual = 1.340279e-05, Final residual = 1.139316e-08, No Iterations 1
region_hot_fluid  GAMG:  Solving for p_rgh, Initial residual = 2.752618e-06, Final residual = 2.044605e-08, No Iterations 2
region_hot_fluid  time step continuity errors : sum local = 5.364778e-08, global = -1.535625e-08, cumulative = -0.0004869336
region_cold_fluid GAMG:  Solving for p_rgh, Initial residual = 1.222893e-05, Final residual = 1.033282e-07, No Iterations 2
region_cold_fluid time step continuity errors : sum local = 6.77952e-07, global = -1.633704e-07, cumulative = -0.007452457
                  ExecutionTime = 0.725476 s  ClockTime = 1 s
                  
                  Time = 168s
                  
region_hot_fluid  DILUPBiCGStab:  Solving for Ux, Initial residual = 2.038246e-06, Final residual = 4.031006e-09, No Iterations 1
region_hot_fluid  DILUPBiCGStab:  Solving for Uy, Initial residual = 1.578903e-05, Final residual = 1.170594e-08, No Iterations 1
region_cold_fluid DILUPBiCGStab:  Solving for Ux, Initial residual = 1.506728e-05, Final residual = 1.855985e-08, No Iterations 1
region_cold_fluid DILUPBiCGStab:  Solving for Uy, Initial residual = 8.360513e-05, Final residual = 4.067789e-08, No Iterations 1
region_solid      DICPCG:  Solving for e, Initial residual = 0.009981545, Final residual = 8.938937e-05, No Iterations 1
region_hot_fluid  DILUPBiCGStab:  Solving for h, Initial residual = 2.679292e-06, Final residual = 1.352002e-08, No Iterations 1
region_cold_fluid DILUPBiCGStab:  Solving for h, Initial residual = 1.287233e-05, Final residual = 1.092766e-08, No Iterations 1
region_hot_fluid  GAMG:  Solving for p_rgh, Initial residual = 2.665235e-06, Final residual = 2.04551e-08, No Iterations 2
region_hot_fluid  time step continuity errors : sum local = 5.262938e-08, global = -1.482485e-08, cumulative = -0.0004869484
region_cold_fluid GAMG:  Solving for p_rgh, Initial residual = 1.173501e-05, Final residual = 9.856134e-08, No Iterations 2
region_cold_fluid time step continuity errors : sum local = 6.468718e-07, global = -1.540745e-07, cumulative = -0.007452611
                  ExecutionTime = 0.727614 s  ClockTime = 1 s
                  
                  Time = 169s
                  
region_hot_fluid  DILUPBiCGStab:  Solving for Ux, Initial residual = 1.935139e-06, Final residual = 3.824807e-09, No Iterations 1
region_hot_fluid  DILUPBiCGStab:  Solving for Uy, Initial residual = 1.497734e-05, Final residual = 1.113645e-08, No Iterations 1
region_cold_fluid DILUPBiCGStab:  Solving for Ux, Initial residual = 1.441117e-05, Final residual = 1.776045e-08, No Iterations 1
region_cold_fluid DILUPBiCGStab:  Solving for Uy, Initial residual = 7.992583e-05, Final residual = 3.889985e-08, No Iterations 1
region_solid      DICPCG:  Solving for e, Initial residual = 0.009968263, Final residual = 8.9254e-05, No Iterations 1
region_hot_fluid  DILUPBiCGStab:  Solving for h, Initial residual = 2.608365e-06, Final residual = 1.33191e-08, No Iterations 1
region_cold_fluid DILUPBiCGStab:  Solving for h, Initial residual = 1.236562e-05, Final residual = 1.048433e-08, No Iterations 1
region_hot_fluid  GAMG:  Solving for p_rgh, Initial residual = 2.583891e-06, Final residual = 1.995341e-08, No Iterations 2
region_hot_fluid  time step continuity errors : sum local = 5.170087e-08, global = -1.488154e-08, cumulative = -0.0004869633
region_cold_fluid GAMG:  Solving for p_rgh, Initial residual = 1.126268e-05, Final residual = 9.417209e-08, No Iterations 2
region_cold_fluid time step continuity errors : sum local = 6.192376e-07, global = -1.465563e-07, cumulative = -0.007452758
                  ExecutionTime = 0.73134 s  ClockTime = 1 s
                  
                  Time = 170s
                  
region_hot_fluid  DILUPBiCGStab:  Solving for Ux, Initial residual = 1.837672e-06, Final residual = 3.629191e-09, No Iterations 1
region_hot_fluid  DILUPBiCGStab:  Solving for Uy, Initial residual = 1.420616e-05, Final residual = 1.059542e-08, No Iterations 1
region_cold_fluid DILUPBiCGStab:  Solving for Ux, Initial residual = 1.378412e-05, Final residual = 1.699531e-08, No Iterations 1
region_cold_fluid DILUPBiCGStab:  Solving for Uy, Initial residual = 7.641227e-05, Final residual = 3.720088e-08, No Iterations 1
region_solid      DICPCG:  Solving for e, Initial residual = 0.009955052, Final residual = 8.911955e-05, No Iterations 1
region_hot_fluid  DILUPBiCGStab:  Solving for h, Initial residual = 2.541013e-06, Final residual = 1.312769e-08, No Iterations 1
region_cold_fluid DILUPBiCGStab:  Solving for h, Initial residual = 1.188159e-05, Final residual = 1.006057e-08, No Iterations 1
region_hot_fluid  GAMG:  Solving for p_rgh, Initial residual = 2.505543e-06, Final residual = 1.945795e-08, No Iterations 2
region_hot_fluid  time step continuity errors : sum local = 5.108244e-08, global = -1.481562e-08, cumulative = -0.0004869781
region_cold_fluid GAMG:  Solving for p_rgh, Initial residual = 1.081224e-05, Final residual = 9.027908e-08, No Iterations 2
region_cold_fluid time step continuity errors : sum local = 5.917252e-07, global = -1.395695e-07, cumulative = -0.007452897
                  ExecutionTime = 0.733903 s  ClockTime = 1 s
                  
                  Time = 171s
                  
region_hot_fluid  DILUPBiCGStab:  Solving for Ux, Initial residual = 1.745236e-06, Final residual = 3.44468e-09, No Iterations 1
region_hot_fluid  DILUPBiCGStab:  Solving for Uy, Initial residual = 1.347435e-05, Final residual = 1.008511e-08, No Iterations 1
region_cold_fluid DILUPBiCGStab:  Solving for Ux, Initial residual = 1.318509e-05, Final residual = 1.626363e-08, No Iterations 1
region_cold_fluid DILUPBiCGStab:  Solving for Uy, Initial residual = 7.305718e-05, Final residual = 3.557778e-08, No Iterations 1
region_solid      DICPCG:  Solving for e, Initial residual = 0.009941913, Final residual = 8.898601e-05, No Iterations 1
region_hot_fluid  DILUPBiCGStab:  Solving for h, Initial residual = 2.477044e-06, Final residual = 1.294518e-08, No Iterations 1
region_cold_fluid DILUPBiCGStab:  Solving for h, Initial residual = 1.14192e-05, Final residual = 9.655505e-09, No Iterations 1
region_hot_fluid  GAMG:  Solving for p_rgh, Initial residual = 2.431437e-06, Final residual = 1.94944e-08, No Iterations 2
region_hot_fluid  time step continuity errors : sum local = 5.0585e-08, global = -1.570467e-08, cumulative = -0.0004869938
region_cold_fluid GAMG:  Solving for p_rgh, Initial residual = 1.038225e-05, Final residual = 8.617147e-08, No Iterations 2
region_cold_fluid time step continuity errors : sum local = 5.650509e-07, global = -1.315906e-07, cumulative = -0.007453029
                  ExecutionTime = 0.736029 s  ClockTime = 1 s
                  
                  Time = 172s
                  
region_hot_fluid  DILUPBiCGStab:  Solving for Ux, Initial residual = 1.657502e-06, Final residual = 3.270741e-09, No Iterations 1
region_hot_fluid  DILUPBiCGStab:  Solving for Uy, Initial residual = 1.278078e-05, Final residual = 9.601639e-09, No Iterations 1
region_cold_fluid DILUPBiCGStab:  Solving for Ux, Initial residual = 1.261276e-05, Final residual = 1.556383e-08, No Iterations 1
region_cold_fluid DILUPBiCGStab:  Solving for Uy, Initial residual = 6.985247e-05, Final residual = 3.402657e-08, No Iterations 1
region_solid      DICPCG:  Solving for e, Initial residual = 0.009928845, Final residual = 8.885339e-05, No Iterations 1
region_hot_fluid  DILUPBiCGStab:  Solving for h, Initial residual = 2.416255e-06, Final residual = 1.277108e-08, No Iterations 1
region_cold_fluid DILUPBiCGStab:  Solving for h, Initial residual = 1.097762e-05, Final residual = 9.268281e-09, No Iterations 1
region_hot_fluid  GAMG:  Solving for p_rgh, Initial residual = 2.361645e-06, Final residual = 1.880986e-08, No Iterations 2
region_hot_fluid  time step continuity errors : sum local = 4.902715e-08, global = -1.487635e-08, cumulative = -0.0004870087
region_cold_fluid GAMG:  Solving for p_rgh, Initial residual = 9.971131e-06, Final residual = 8.240347e-08, No Iterations 2
region_cold_fluid time step continuity errors : sum local = 5.408408e-07, global = -1.25231e-07, cumulative = -0.007453154
                  ExecutionTime = 0.7385 s  ClockTime = 1 s
                  
                  Time = 173s
                  
region_hot_fluid  DILUPBiCGStab:  Solving for Ux, Initial residual = 1.574485e-06, Final residual = 3.106265e-09, No Iterations 1
region_hot_fluid  DILUPBiCGStab:  Solving for Uy, Initial residual = 1.212365e-05, Final residual = 9.142815e-09, No Iterations 1
region_cold_fluid DILUPBiCGStab:  Solving for Ux, Initial residual = 1.206588e-05, Final residual = 1.489446e-08, No Iterations 1
region_cold_fluid DILUPBiCGStab:  Solving for Uy, Initial residual = 6.679215e-05, Final residual = 3.254457e-08, No Iterations 1
region_solid      DICPCG:  Solving for e, Initial residual = 0.009915848, Final residual = 8.872167e-05, No Iterations 1
region_hot_fluid  DILUPBiCGStab:  Solving for h, Initial residual = 2.358503e-06, Final residual = 1.260494e-08, No Iterations 1
region_cold_fluid DILUPBiCGStab:  Solving for h, Initial residual = 1.055588e-05, Final residual = 8.89812e-09, No Iterations 1
region_hot_fluid  GAMG:  Solving for p_rgh, Initial residual = 2.294303e-06, Final residual = 1.851857e-08, No Iterations 2
region_hot_fluid  time step continuity errors : sum local = 4.845591e-08, global = -1.408647e-08, cumulative = -0.0004870228
region_cold_fluid GAMG:  Solving for p_rgh, Initial residual = 9.578554e-06, Final residual = 7.879429e-08, No Iterations 2
region_cold_fluid time step continuity errors : sum local = 5.181453e-07, global = -1.193172e-07, cumulative = -0.007453274
                  ExecutionTime = 0.740905 s  ClockTime = 1 s
                  
                  Time = 174s
                  
region_hot_fluid  DILUPBiCGStab:  Solving for Ux, Initial residual = 1.495929e-06, Final residual = 2.950226e-09, No Iterations 1
region_hot_fluid  DILUPBiCGStab:  Solving for Uy, Initial residual = 1.149902e-05, Final residual = 8.706996e-09, No Iterations 1
region_cold_fluid DILUPBiCGStab:  Solving for Ux, Initial residual = 1.154325e-05, Final residual = 1.425406e-08, No Iterations 1
region_cold_fluid DILUPBiCGStab:  Solving for Uy, Initial residual = 6.386968e-05, Final residual = 3.112892e-08, No Iterations 1
region_solid      DICPCG:  Solving for e, Initial residual = 0.009902923, Final residual = 8.859084e-05, No Iterations 1
region_hot_fluid  DILUPBiCGStab:  Solving for h, Initial residual = 2.303628e-06, Final residual = 1.244625e-08, No Iterations 1
region_cold_fluid DILUPBiCGStab:  Solving for h, Initial residual = 1.015297e-05, Final residual = 8.544258e-09, No Iterations 1
region_hot_fluid  GAMG:  Solving for p_rgh, Initial residual = 2.230966e-06, Final residual = 1.835708e-08, No Iterations 2
region_hot_fluid  time step continuity errors : sum local = 4.814706e-08, global = -1.445064e-08, cumulative = -0.0004870373
region_cold_fluid GAMG:  Solving for p_rgh, Initial residual = 9.204011e-06, Final residual = 7.536605e-08, No Iterations 2
region_cold_fluid time step continuity errors : sum local = 4.948212e-07, global = -1.125191e-07, cumulative = -0.007453386
                  ExecutionTime = 0.753089 s  ClockTime = 1 s
                  
                  Time = 175s
                  
region_hot_fluid  DILUPBiCGStab:  Solving for Ux, Initial residual = 1.421547e-06, Final residual = 2.802354e-09, No Iterations 1
region_hot_fluid  DILUPBiCGStab:  Solving for Uy, Initial residual = 1.090604e-05, Final residual = 8.293692e-09, No Iterations 1
region_cold_fluid DILUPBiCGStab:  Solving for Ux, Initial residual = 1.104406e-05, Final residual = 1.364204e-08, No Iterations 1
region_cold_fluid DILUPBiCGStab:  Solving for Uy, Initial residual = 6.10785e-05, Final residual = 2.977616e-08, No Iterations 1
region_solid      DICPCG:  Solving for e, Initial residual = 0.00989007, Final residual = 8.84609e-05, No Iterations 1
region_hot_fluid  DILUPBiCGStab:  Solving for h, Initial residual = 2.251493e-06, Final residual = 1.229458e-08, No Iterations 1
region_cold_fluid DILUPBiCGStab:  Solving for h, Initial residual = 9.768027e-06, Final residual = 8.205962e-09, No Iterations 1
region_hot_fluid  GAMG:  Solving for p_rgh, Initial residual = 2.171283e-06, Final residual = 1.826579e-08, No Iterations 2
region_hot_fluid  time step continuity errors : sum local = 4.715037e-08, global = -1.334831e-08, cumulative = -0.0004870506
region_cold_fluid GAMG:  Solving for p_rgh, Initial residual = 8.846008e-06, Final residual = 7.199237e-08, No Iterations 2
region_cold_fluid time step continuity errors : sum local = 4.727807e-07, global = -1.063012e-07, cumulative = -0.007453492
                  ExecutionTime = 0.761752 s  ClockTime = 1 s
                  
                  Time = 176s
                  
region_hot_fluid  DILUPBiCGStab:  Solving for Ux, Initial residual = 1.351133e-06, Final residual = 2.662252e-09, No Iterations 1
region_hot_fluid  DILUPBiCGStab:  Solving for Uy, Initial residual = 1.034397e-05, Final residual = 7.901266e-09, No Iterations 1
region_cold_fluid DILUPBiCGStab:  Solving for Ux, Initial residual = 1.056689e-05, Final residual = 1.305634e-08, No Iterations 1
region_cold_fluid DILUPBiCGStab:  Solving for Uy, Initial residual = 5.841272e-05, Final residual = 2.848387e-08, No Iterations 1
region_solid      DICPCG:  Solving for e, Initial residual = 0.009877288, Final residual = 8.833185e-05, No Iterations 1
region_hot_fluid  DILUPBiCGStab:  Solving for h, Initial residual = 2.20197e-06, Final residual = 1.214955e-08, No Iterations 1
region_cold_fluid DILUPBiCGStab:  Solving for h, Initial residual = 9.400245e-06, Final residual = 7.882548e-09, No Iterations 1
region_hot_fluid  GAMG:  Solving for p_rgh, Initial residual = 2.113485e-06, Final residual = 1.841378e-08, No Iterations 2
region_hot_fluid  time step continuity errors : sum local = 4.776689e-08, global = -1.415471e-08, cumulative = -0.0004870648
region_cold_fluid GAMG:  Solving for p_rgh, Initial residual = 8.505599e-06, Final residual = 6.888402e-08, No Iterations 2
region_cold_fluid time step continuity errors : sum local = 4.523136e-07, global = -1.014091e-07, cumulative = -0.007453594
                  ExecutionTime = 0.767053 s  ClockTime = 1 s
                  
                  Time = 177s
                  
region_hot_fluid  DILUPBiCGStab:  Solving for Ux, Initial residual = 1.284142e-06, Final residual = 2.529e-09, No Iterations 1
region_hot_fluid  DILUPBiCGStab:  Solving for Uy, Initial residual = 9.809779e-06, Final residual = 7.528738e-09, No Iterations 1
region_cold_fluid DILUPBiCGStab:  Solving for Ux, Initial residual = 1.011095e-05, Final residual = 1.249627e-08, No Iterations 1
region_cold_fluid DILUPBiCGStab:  Solving for Uy, Initial residual = 5.586657e-05, Final residual = 2.72494e-08, No Iterations 1
region_solid      DICPCG:  Solving for e, Initial residual = 0.009864578, Final residual = 8.820367e-05, No Iterations 1
region_hot_fluid  DILUPBiCGStab:  Solving for h, Initial residual = 2.154921e-06, Final residual = 1.201074e-08, No Iterations 1
region_cold_fluid DILUPBiCGStab:  Solving for h, Initial residual = 9.048843e-06, Final residual = 7.573342e-09, No Iterations 1
region_hot_fluid  GAMG:  Solving for p_rgh, Initial residual = 2.062692e-06, Final residual = 1.794937e-08, No Iterations 2
region_hot_fluid  time step continuity errors : sum local = 4.608215e-08, global = -1.336781e-08, cumulative = -0.0004870781
region_cold_fluid GAMG:  Solving for p_rgh, Initial residual = 8.18189e-06, Final residual = 6.593527e-08, No Iterations 2
region_cold_fluid time step continuity errors : sum local = 4.331712e-07, global = -9.659442e-08, cumulative = -0.00745369
                  ExecutionTime = 0.774362 s  ClockTime = 1 s
                  
                  Time = 178s
                  
region_hot_fluid  DILUPBiCGStab:  Solving for Ux, Initial residual = 1.221055e-06, Final residual = 2.403136e-09, No Iterations 1
region_hot_fluid  DILUPBiCGStab:  Solving for Uy, Initial residual = 9.304719e-06, Final residual = 7.17566e-09, No Iterations 1
region_cold_fluid DILUPBiCGStab:  Solving for Ux, Initial residual = 9.675308e-06, Final residual = 1.19607e-08, No Iterations 1
region_cold_fluid DILUPBiCGStab:  Solving for Uy, Initial residual = 5.343433e-05, Final residual = 2.606975e-08, No Iterations 1
region_solid      DICPCG:  Solving for e, Initial residual = 0.00985194, Final residual = 8.807636e-05, No Iterations 1
region_hot_fluid  DILUPBiCGStab:  Solving for h, Initial residual = 2.110238e-06, Final residual = 1.187787e-08, No Iterations 1
region_cold_fluid DILUPBiCGStab:  Solving for h, Initial residual = 8.71309e-06, Final residual = 7.277717e-09, No Iterations 1
region_hot_fluid  GAMG:  Solving for p_rgh, Initial residual = 2.01445e-06, Final residual = 1.808237e-08, No Iterations 2
region_hot_fluid  time step continuity errors : sum local = 4.731916e-08, global = -1.358909e-08, cumulative = -0.0004870917
region_cold_fluid GAMG:  Solving for p_rgh, Initial residual = 7.872681e-06, Final residual = 6.295929e-08, No Iterations 2
region_cold_fluid time step continuity errors : sum local = 4.142304e-07, global = -9.063325e-08, cumulative = -0.007453781
                  ExecutionTime = 0.77671 s  ClockTime = 1 s
                  
                  Time = 179s
                  
region_hot_fluid  DILUPBiCGStab:  Solving for Ux, Initial residual = 1.161277e-06, Final residual = 2.284989e-09, No Iterations 1
region_hot_fluid  DILUPBiCGStab:  Solving for Uy, Initial residual = 8.823834e-06, Final residual = 6.841404e-09, No Iterations 1
region_cold_fluid DILUPBiCGStab:  Solving for Ux, Initial residual = 9.259145e-06, Final residual = 1.144883e-08, No Iterations 1
region_cold_fluid DILUPBiCGStab:  Solving for Uy, Initial residual = 5.111183e-05, Final residual = 2.494292e-08, No Iterations 1
region_solid      DICPCG:  Solving for e, Initial residual = 0.009839374, Final residual = 8.794991e-05, No Iterations 1
region_hot_fluid  DILUPBiCGStab:  Solving for h, Initial residual = 2.067791e-06, Final residual = 1.175054e-08, No Iterations 1
region_cold_fluid DILUPBiCGStab:  Solving for h, Initial residual = 8.392277e-06, Final residual = 6.995067e-09, No Iterations 1
region_hot_fluid  GAMG:  Solving for p_rgh, Initial residual = 1.968311e-06, Final residual = 1.7687e-08, No Iterations 2
region_hot_fluid  time step continuity errors : sum local = 4.59049e-08, global = -1.376112e-08, cumulative = -0.0004871055
region_cold_fluid GAMG:  Solving for p_rgh, Initial residual = 7.577709e-06, Final residual = 6.033822e-08, No Iterations 2
region_cold_fluid time step continuity errors : sum local = 3.961596e-07, global = -8.606918e-08, cumulative = -0.007453867
                  ExecutionTime = 0.779348 s  ClockTime = 1 s
                  
                  Time = 180s
                  
region_hot_fluid  DILUPBiCGStab:  Solving for Ux, Initial residual = 1.104603e-06, Final residual = 2.173947e-09, No Iterations 1
region_hot_fluid  DILUPBiCGStab:  Solving for Uy, Initial residual = 8.36788e-06, Final residual = 6.523524e-09, No Iterations 1
region_cold_fluid DILUPBiCGStab:  Solving for Ux, Initial residual = 8.861296e-06, Final residual = 1.095895e-08, No Iterations 1
region_cold_fluid DILUPBiCGStab:  Solving for Uy, Initial residual = 4.889313e-05, Final residual = 2.386593e-08, No Iterations 1
region_solid      DICPCG:  Solving for e, Initial residual = 0.009826879, Final residual = 8.782433e-05, No Iterations 1
region_hot_fluid  DILUPBiCGStab:  Solving for h, Initial residual = 2.027478e-06, Final residual = 1.162849e-08, No Iterations 1
region_cold_fluid DILUPBiCGStab:  Solving for h, Initial residual = 8.085737e-06, Final residual = 6.724814e-09, No Iterations 1
region_hot_fluid  GAMG:  Solving for p_rgh, Initial residual = 1.925103e-06, Final residual = 1.786386e-08, No Iterations 2
region_hot_fluid  time step continuity errors : sum local = 4.597586e-08, global = -1.394336e-08, cumulative = -0.0004871194
region_cold_fluid GAMG:  Solving for p_rgh, Initial residual = 7.295551e-06, Final residual = 5.764923e-08, No Iterations 2
region_cold_fluid time step continuity errors : sum local = 3.791626e-07, global = -8.163061e-08, cumulative = -0.007453949
                  ExecutionTime = 0.782438 s  ClockTime = 1 s
                  
                  Time = 181s
                  
region_hot_fluid  DILUPBiCGStab:  Solving for Ux, Initial residual = 1.051044e-06, Final residual = 2.068569e-09, No Iterations 1
region_hot_fluid  DILUPBiCGStab:  Solving for Uy, Initial residual = 7.93535e-06, Final residual = 6.221846e-09, No Iterations 1
region_cold_fluid DILUPBiCGStab:  Solving for Ux, Initial residual = 8.481129e-06, Final residual = 1.049054e-08, No Iterations 1
region_cold_fluid DILUPBiCGStab:  Solving for Uy, Initial residual = 4.677379e-05, Final residual = 2.283688e-08, No Iterations 1
region_solid      DICPCG:  Solving for e, Initial residual = 0.009814456, Final residual = 8.769959e-05, No Iterations 1
region_hot_fluid  DILUPBiCGStab:  Solving for h, Initial residual = 1.989192e-06, Final residual = 1.151143e-08, No Iterations 1
region_cold_fluid DILUPBiCGStab:  Solving for h, Initial residual = 7.792826e-06, Final residual = 6.4664e-09, No Iterations 1
region_hot_fluid  GAMG:  Solving for p_rgh, Initial residual = 1.883481e-06, Final residual = 1.758602e-08, No Iterations 2
region_hot_fluid  time step continuity errors : sum local = 4.554035e-08, global = -1.349021e-08, cumulative = -0.0004871329
region_cold_fluid GAMG:  Solving for p_rgh, Initial residual = 7.02606e-06, Final residual = 5.512023e-08, No Iterations 2
region_cold_fluid time step continuity errors : sum local = 3.627329e-07, global = -7.707298e-08, cumulative = -0.007454026
                  ExecutionTime = 0.78479 s  ClockTime = 1 s
                  
                  Time = 182s
                  
region_hot_fluid  DILUPBiCGStab:  Solving for Ux, Initial residual = 1.000478e-06, Final residual = 1.968772e-09, No Iterations 1
region_hot_fluid  DILUPBiCGStab:  Solving for Uy, Initial residual = 7.525383e-06, Final residual = 5.936214e-09, No Iterations 1
region_cold_fluid DILUPBiCGStab:  Solving for Ux, Initial residual = 8.117955e-06, Final residual = 1.004289e-08, No Iterations 1
region_cold_fluid DILUPBiCGStab:  Solving for Uy, Initial residual = 4.474951e-05, Final residual = 2.185393e-08, No Iterations 1
region_solid      DICPCG:  Solving for e, Initial residual = 0.009802104, Final residual = 8.757569e-05, No Iterations 1
region_hot_fluid  DILUPBiCGStab:  Solving for h, Initial residual = 1.952831e-06, Final residual = 1.139911e-08, No Iterations 1
region_cold_fluid DILUPBiCGStab:  Solving for h, Initial residual = 7.512931e-06, Final residual = 6.219302e-09, No Iterations 1
region_hot_fluid  GAMG:  Solving for p_rgh, Initial residual = 1.844068e-06, Final residual = 1.750001e-08, No Iterations 2
region_hot_fluid  time step continuity errors : sum local = 4.494726e-08, global = -1.310235e-08, cumulative = -0.000487146
region_cold_fluid GAMG:  Solving for p_rgh, Initial residual = 6.768867e-06, Final residual = 5.2789e-08, No Iterations 2
region_cold_fluid time step continuity errors : sum local = 3.463516e-07, global = -7.203765e-08, cumulative = -0.007454098
                  ExecutionTime = 0.787479 s  ClockTime = 1 s
                  
                  Time = 183s
                  
region_hot_fluid  DILUPBiCGStab:  Solving for Ux, Initial residual = 9.529078e-07, Final residual = 1.874087e-09, No Iterations 1
region_hot_fluid  DILUPBiCGStab:  Solving for Uy, Initial residual = 7.136987e-06, Final residual = 5.666768e-09, No Iterations 1
region_cold_fluid DILUPBiCGStab:  Solving for Ux, Initial residual = 7.770842e-06, Final residual = 9.614705e-09, No Iterations 1
region_cold_fluid DILUPBiCGStab:  Solving for Uy, Initial residual = 4.281586e-05, Final residual = 2.091445e-08, No Iterations 1
region_solid      DICPCG:  Solving for e, Initial residual = 0.009789824, Final residual = 8.745263e-05, No Iterations 1
region_hot_fluid  DILUPBiCGStab:  Solving for h, Initial residual = 1.918299e-06, Final residual = 1.129128e-08, No Iterations 1
region_cold_fluid DILUPBiCGStab:  Solving for h, Initial residual = 7.245474e-06, Final residual = 5.983017e-09, No Iterations 1
region_hot_fluid  GAMG:  Solving for p_rgh, Initial residual = 1.807149e-06, Final residual = 1.745017e-08, No Iterations 2
region_hot_fluid  time step continuity errors : sum local = 4.502146e-08, global = -1.280774e-08, cumulative = -0.0004871588
region_cold_fluid GAMG:  Solving for p_rgh, Initial residual = 6.523252e-06, Final residual = 5.051646e-08, No Iterations 2
region_cold_fluid time step continuity errors : sum local = 3.322687e-07, global = -6.878229e-08, cumulative = -0.007454167
                  ExecutionTime = 0.789883 s  ClockTime = 1 s
                  
                  Time = 184s
                  
region_hot_fluid  DILUPBiCGStab:  Solving for Ux, Initial residual = 9.079924e-07, Final residual = 1.784488e-09, No Iterations 1
region_hot_fluid  DILUPBiCGStab:  Solving for Uy, Initial residual = 6.768384e-06, Final residual = 5.411288e-09, No Iterations 1
region_cold_fluid DILUPBiCGStab:  Solving for Ux, Initial residual = 7.439063e-06, Final residual = 9.205123e-09, No Iterations 1
region_cold_fluid DILUPBiCGStab:  Solving for Uy, Initial residual = 4.096886e-05, Final residual = 2.00169e-08, No Iterations 1
region_solid      DICPCG:  Solving for e, Initial residual = 0.009777614, Final residual = 8.73304e-05, No Iterations 1
region_hot_fluid  DILUPBiCGStab:  Solving for h, Initial residual = 1.885506e-06, Final residual = 1.118772e-08, No Iterations 1
region_cold_fluid DILUPBiCGStab:  Solving for h, Initial residual = 6.989894e-06, Final residual = 5.757058e-09, No Iterations 1
region_hot_fluid  GAMG:  Solving for p_rgh, Initial residual = 1.771417e-06, Final residual = 1.76725e-08, No Iterations 2
region_hot_fluid  time step continuity errors : sum local = 4.577241e-08, global = -1.216266e-08, cumulative = -0.000487171
region_cold_fluid GAMG:  Solving for p_rgh, Initial residual = 6.291366e-06, Final residual = 4.834913e-08, No Iterations 2
region_cold_fluid time step continuity errors : sum local = 3.175409e-07, global = -6.484502e-08, cumulative = -0.007454231
                  ExecutionTime = 0.791806 s  ClockTime = 1 s
                  
                  Time = 185s
                  
region_hot_fluid  DILUPBiCGStab:  Solving for Ux, Initial residual = 8.653235e-07, Final residual = 1.699556e-09, No Iterations 1
region_hot_fluid  DILUPBiCGStab:  Solving for Uy, Initial residual = 6.418855e-06, Final residual = 5.168733e-09, No Iterations 1
region_cold_fluid DILUPBiCGStab:  Solving for Ux, Initial residual = 7.122099e-06, Final residual = 8.813686e-09, No Iterations 1
region_cold_fluid DILUPBiCGStab:  Solving for Uy, Initial residual = 3.920452e-05, Final residual = 1.915914e-08, No Iterations 1
region_solid      DICPCG:  Solving for e, Initial residual = 0.009765475, Final residual = 8.7209e-05, No Iterations 1
region_hot_fluid  DILUPBiCGStab:  Solving for h, Initial residual = 1.854361e-06, Final residual = 1.108822e-08, No Iterations 1
region_cold_fluid DILUPBiCGStab:  Solving for h, Initial residual = 6.745657e-06, Final residual = 5.540967e-09, No Iterations 1
region_hot_fluid  GAMG:  Solving for p_rgh, Initial residual = 1.73807e-06, Final residual = 1.74364e-08, No Iterations 2
region_hot_fluid  time step continuity errors : sum local = 4.523551e-08, global = -1.211721e-08, cumulative = -0.0004871831
region_cold_fluid GAMG:  Solving for p_rgh, Initial residual = 6.069949e-06, Final residual = 4.619152e-08, No Iterations 2
region_cold_fluid time step continuity errors : sum local = 3.04425e-07, global = -6.183793e-08, cumulative = -0.007454293
                  ExecutionTime = 0.794255 s  ClockTime = 1 s
                  
                  Time = 186s
                  
region_hot_fluid  DILUPBiCGStab:  Solving for Ux, Initial residual = 8.250726e-07, Final residual = 1.619301e-09, No Iterations 1
region_hot_fluid  DILUPBiCGStab:  Solving for Uy, Initial residual = 6.087833e-06, Final residual = 4.939349e-09, No Iterations 1
region_cold_fluid DILUPBiCGStab:  Solving for Ux, Initial residual = 6.819157e-06, Final residual = 8.439475e-09, No Iterations 1
region_cold_fluid DILUPBiCGStab:  Solving for Uy, Initial residual = 3.751886e-05, Final residual = 1.833932e-08, No Iterations 1
region_solid      DICPCG:  Solving for e, Initial residual = 0.009753407, Final residual = 8.708841e-05, No Iterations 1
region_hot_fluid  DILUPBiCGStab:  Solving for h, Initial residual = 1.824787e-06, Final residual = 1.09926e-08, No Iterations 1
region_cold_fluid DILUPBiCGStab:  Solving for h, Initial residual = 6.51226e-06, Final residual = 5.334304e-09, No Iterations 1
region_hot_fluid  GAMG:  Solving for p_rgh, Initial residual = 1.706486e-06, Final residual = 1.728494e-08, No Iterations 2
region_hot_fluid  time step continuity errors : sum local = 4.593801e-08, global = -1.218147e-08, cumulative = -0.0004871953
region_cold_fluid GAMG:  Solving for p_rgh, Initial residual = 5.858131e-06, Final residual = 4.430678e-08, No Iterations 2
region_cold_fluid time step continuity errors : sum local = 2.908494e-07, global = -5.81233e-08, cumulative = -0.007454351
                  ExecutionTime = 0.796434 s  ClockTime = 1 s
                  
                  Time = 187s
                  
region_hot_fluid  DILUPBiCGStab:  Solving for Ux, Initial residual = 7.869266e-07, Final residual = 1.544569e-09, No Iterations 1
region_hot_fluid  DILUPBiCGStab:  Solving for Uy, Initial residual = 5.77351e-06, Final residual = 4.722382e-09, No Iterations 1
region_cold_fluid DILUPBiCGStab:  Solving for Ux, Initial residual = 6.529768e-06, Final residual = 8.082078e-09, No Iterations 1
region_cold_fluid DILUPBiCGStab:  Solving for Uy, Initial residual = 3.590898e-05, Final residual = 1.755623e-08, No Iterations 1
region_solid      DICPCG:  Solving for e, Initial residual = 0.009741409, Final residual = 8.696863e-05, No Iterations 1
region_hot_fluid  DILUPBiCGStab:  Solving for h, Initial residual = 1.796702e-06, Final residual = 1.09007e-08, No Iterations 1
region_cold_fluid DILUPBiCGStab:  Solving for h, Initial residual = 6.289213e-06, Final residual = 5.136647e-09, No Iterations 1
region_hot_fluid  GAMG:  Solving for p_rgh, Initial residual = 1.675787e-06, Final residual = 1.726898e-08, No Iterations 2
region_hot_fluid  time step continuity errors : sum local = 4.524785e-08, global = -1.241225e-08, cumulative = -0.0004872077
region_cold_fluid GAMG:  Solving for p_rgh, Initial residual = 5.655879e-06, Final residual = 4.227178e-08, No Iterations 2
region_cold_fluid time step continuity errors : sum local = 2.776474e-07, global = -5.52535e-08, cumulative = -0.007454407
                  ExecutionTime = 0.798661 s  ClockTime = 1 s
                  
                  Time = 188s
                  
region_hot_fluid  DILUPBiCGStab:  Solving for Ux, Initial residual = 7.508247e-07, Final residual = 1.474121e-09, No Iterations 1
region_hot_fluid  DILUPBiCGStab:  Solving for Uy, Initial residual = 5.475185e-06, Final residual = 4.516822e-09, No Iterations 1
region_cold_fluid DILUPBiCGStab:  Solving for Ux, Initial residual = 6.253125e-06, Final residual = 7.740151e-09, No Iterations 1
region_cold_fluid DILUPBiCGStab:  Solving for Uy, Initial residual = 3.437112e-05, Final residual = 1.680812e-08, No Iterations 1
region_solid      DICPCG:  Solving for e, Initial residual = 0.009729482, Final residual = 8.684965e-05, No Iterations 1
region_hot_fluid  DILUPBiCGStab:  Solving for h, Initial residual = 1.770035e-06, Final residual = 1.081238e-08, No Iterations 1
region_cold_fluid DILUPBiCGStab:  Solving for h, Initial residual = 6.076061e-06, Final residual = 4.947598e-09, No Iterations 1
region_hot_fluid  GAMG:  Solving for p_rgh, Initial residual = 1.651937e-06, Final residual = 1.721213e-08, No Iterations 2
region_hot_fluid  time step continuity errors : sum local = 4.568014e-08, global = -1.196674e-08, cumulative = -0.0004872197
region_cold_fluid GAMG:  Solving for p_rgh, Initial residual = 5.463283e-06, Final residual = 4.04016e-08, No Iterations 2
region_cold_fluid time step continuity errors : sum local = 2.659466e-07, global = -5.168791e-08, cumulative = -0.007454458
                  ExecutionTime = 0.800884 s  ClockTime = 1 s
                  
                  Time = 189s
                  
region_hot_fluid  DILUPBiCGStab:  Solving for Ux, Initial residual = 7.166484e-07, Final residual = 1.40723e-09, No Iterations 1
region_hot_fluid  DILUPBiCGStab:  Solving for Uy, Initial residual = 5.192042e-06, Final residual = 4.321734e-09, No Iterations 1
region_cold_fluid DILUPBiCGStab:  Solving for Ux, Initial residual = 5.988848e-06, Final residual = 7.413309e-09, No Iterations 1
region_cold_fluid DILUPBiCGStab:  Solving for Uy, Initial residual = 3.290146e-05, Final residual = 1.609279e-08, No Iterations 1
region_solid      DICPCG:  Solving for e, Initial residual = 0.009717624, Final residual = 8.673147e-05, No Iterations 1
region_hot_fluid  DILUPBiCGStab:  Solving for h, Initial residual = 1.744709e-06, Final residual = 1.072746e-08, No Iterations 1
region_cold_fluid DILUPBiCGStab:  Solving for h, Initial residual = 5.872353e-06, Final residual = 4.766764e-09, No Iterations 1
region_hot_fluid  GAMG:  Solving for p_rgh, Initial residual = 1.629283e-06, Final residual = 1.757176e-08, No Iterations 2
region_hot_fluid  time step continuity errors : sum local = 4.632056e-08, global = -1.224062e-08, cumulative = -0.0004872319
region_cold_fluid GAMG:  Solving for p_rgh, Initial residual = 5.281469e-06, Final residual = 3.881568e-08, No Iterations 2
region_cold_fluid time step continuity errors : sum local = 2.553147e-07, global = -4.871729e-08, cumulative = -0.007454507
                  ExecutionTime = 0.803057 s  ClockTime = 1 s
                  
                  Time = 190s
                  
region_hot_fluid  DILUPBiCGStab:  Solving for Ux, Initial residual = 6.842311e-07, Final residual = 1.343698e-09, No Iterations 1
region_hot_fluid  DILUPBiCGStab:  Solving for Uy, Initial residual = 4.924026e-06, Final residual = 4.138534e-09, No Iterations 1
region_cold_fluid DILUPBiCGStab:  Solving for Ux, Initial residual = 5.736314e-06, Final residual = 7.100707e-09, No Iterations 1
region_cold_fluid DILUPBiCGStab:  Solving for Uy, Initial residual = 3.149815e-05, Final residual = 1.540966e-08, No Iterations 1
region_solid      DICPCG:  Solving for e, Initial residual = 0.009705835, Final residual = 8.661408e-05, No Iterations 1
region_hot_fluid  DILUPBiCGStab:  Solving for h, Initial residual = 1.720661e-06, Final residual = 1.064582e-08, No Iterations 1
region_cold_fluid DILUPBiCGStab:  Solving for h, Initial residual = 5.677677e-06, Final residual = 4.593788e-09, No Iterations 1
region_hot_fluid  GAMG:  Solving for p_rgh, Initial residual = 1.607537e-06, Final residual = 1.717679e-08, No Iterations 2
region_hot_fluid  time step continuity errors : sum local = 4.467046e-08, global = -1.146497e-08, cumulative = -0.0004872434
region_cold_fluid GAMG:  Solving for p_rgh, Initial residual = 5.10813e-06, Final residual = 3.71903e-08, No Iterations 2
region_cold_fluid time step continuity errors : sum local = 2.446105e-07, global = -4.612862e-08, cumulative = -0.007454553
                  ExecutionTime = 0.805273 s  ClockTime = 1 s
                  
                  Time = 191s
                  
region_hot_fluid  DILUPBiCGStab:  Solving for Ux, Initial residual = 6.536455e-07, Final residual = 1.283687e-09, No Iterations 1
region_hot_fluid  DILUPBiCGStab:  Solving for Uy, Initial residual = 4.670831e-06, Final residual = 3.964762e-09, No Iterations 1
region_cold_fluid DILUPBiCGStab:  Solving for Ux, Initial residual = 5.4951e-06, Final residual = 6.801937e-09, No Iterations 1
region_cold_fluid DILUPBiCGStab:  Solving for Uy, Initial residual = 3.015671e-05, Final residual = 1.475651e-08, No Iterations 1
region_solid      DICPCG:  Solving for e, Initial residual = 0.009694116, Final residual = 8.649747e-05, No Iterations 1
region_hot_fluid  DILUPBiCGStab:  Solving for h, Initial residual = 1.697827e-06, Final residual = 1.056733e-08, No Iterations 1
region_cold_fluid DILUPBiCGStab:  Solving for h, Initial residual = 5.491619e-06, Final residual = 4.428308e-09, No Iterations 1
region_hot_fluid  GAMG:  Solving for p_rgh, Initial residual = 1.587407e-06, Final residual = 1.748745e-08, No Iterations 2
region_hot_fluid  time step continuity errors : sum local = 4.560056e-08, global = -1.172222e-08, cumulative = -0.0004872551
region_cold_fluid GAMG:  Solving for p_rgh, Initial residual = 4.946079e-06, Final residual = 3.569031e-08, No Iterations 2
region_cold_fluid time step continuity errors : sum local = 2.337888e-07, global = -4.337957e-08, cumulative = -0.007454597
                  ExecutionTime = 0.807182 s  ClockTime = 1 s
                  
                  Time = 192s
                  
region_hot_fluid  DILUPBiCGStab:  Solving for Ux, Initial residual = 6.245331e-07, Final residual = 1.22659e-09, No Iterations 1
region_hot_fluid  DILUPBiCGStab:  Solving for Uy, Initial residual = 4.42918e-06, Final residual = 3.799177e-09, No Iterations 1
region_cold_fluid DILUPBiCGStab:  Solving for Ux, Initial residual = 5.26455e-06, Final residual = 6.516235e-09, No Iterations 1
region_cold_fluid DILUPBiCGStab:  Solving for Uy, Initial residual = 2.887589e-05, Final residual = 1.413288e-08, No Iterations 1
region_solid      DICPCG:  Solving for e, Initial residual = 0.009682466, Final residual = 8.638164e-05, No Iterations 1
region_hot_fluid  DILUPBiCGStab:  Solving for h, Initial residual = 1.676141e-06, Final residual = 1.049185e-08, No Iterations 1
region_cold_fluid DILUPBiCGStab:  Solving for h, Initial residual = 5.313804e-06, Final residual = 4.27e-09, No Iterations 1
region_hot_fluid  GAMG:  Solving for p_rgh, Initial residual = 1.568343e-06, Final residual = 1.774757e-08, No Iterations 2
region_hot_fluid  time step continuity errors : sum local = 4.597285e-08, global = -1.230469e-08, cumulative = -0.0004872674
region_cold_fluid GAMG:  Solving for p_rgh, Initial residual = 4.7908e-06, Final residual = 3.420201e-08, No Iterations 2
region_cold_fluid time step continuity errors : sum local = 2.247838e-07, global = -4.090721e-08, cumulative = -0.007454637
                  ExecutionTime = 0.810042 s  ClockTime = 1 s
                  
                  Time = 193s
                  
region_hot_fluid  DILUPBiCGStab:  Solving for Ux, Initial residual = 5.968414e-07, Final residual = 1.17228e-09, No Iterations 1
region_hot_fluid  DILUPBiCGStab:  Solving for Uy, Initial residual = 4.200821e-06, Final residual = 3.642802e-09, No Iterations 1
region_cold_fluid DILUPBiCGStab:  Solving for Ux, Initial residual = 5.044273e-06, Final residual = 6.243279e-09, No Iterations 1
region_cold_fluid DILUPBiCGStab:  Solving for Uy, Initial residual = 2.765196e-05, Final residual = 1.353689e-08, No Iterations 1
region_solid      DICPCG:  Solving for e, Initial residual = 0.009670884, Final residual = 8.626658e-05, No Iterations 1
region_hot_fluid  DILUPBiCGStab:  Solving for h, Initial residual = 1.655548e-06, Final residual = 1.041928e-08, No Iterations 1
region_cold_fluid DILUPBiCGStab:  Solving for h, Initial residual = 5.143861e-06, Final residual = 4.118538e-09, No Iterations 1
region_hot_fluid  GAMG:  Solving for p_rgh, Initial residual = 1.549889e-06, Final residual = 1.716459e-08, No Iterations 2
region_hot_fluid  time step continuity errors : sum local = 4.450519e-08, global = -1.086252e-08, cumulative = -0.0004872783
region_cold_fluid GAMG:  Solving for p_rgh, Initial residual = 4.643167e-06, Final residual = 3.296568e-08, No Iterations 2
region_cold_fluid time step continuity errors : sum local = 2.15624e-07, global = -3.852745e-08, cumulative = -0.007454676
                  ExecutionTime = 0.812254 s  ClockTime = 1 s
                  
                  Time = 194s
                  
region_hot_fluid  DILUPBiCGStab:  Solving for Ux, Initial residual = 5.709921e-07, Final residual = 1.121705e-09, No Iterations 1
region_hot_fluid  DILUPBiCGStab:  Solving for Uy, Initial residual = 3.98626e-06, Final residual = 3.49575e-09, No Iterations 1
region_cold_fluid DILUPBiCGStab:  Solving for Ux, Initial residual = 4.833783e-06, Final residual = 5.982426e-09, No Iterations 1
region_cold_fluid DILUPBiCGStab:  Solving for Uy, Initial residual = 2.64826e-05, Final residual = 1.296725e-08, No Iterations 1
region_solid      DICPCG:  Solving for e, Initial residual = 0.009659371, Final residual = 8.615229e-05, No Iterations 1
region_hot_fluid  DILUPBiCGStab:  Solving for h, Initial residual = 1.635997e-06, Final residual = 1.034954e-08, No Iterations 1
region_cold_fluid DILUPBiCGStab:  Solving for h, Initial residual = 4.981439e-06, Final residual = 3.973618e-09, No Iterations 1
region_hot_fluid  GAMG:  Solving for p_rgh, Initial residual = 1.532712e-06, Final residual = 1.794676e-08, No Iterations 2
region_hot_fluid  time step continuity errors : sum local = 4.6536e-08, global = -1.178166e-08, cumulative = -0.00048729
region_cold_fluid GAMG:  Solving for p_rgh, Initial residual = 4.501771e-06, Final residual = 3.150751e-08, No Iterations 2
region_cold_fluid time step continuity errors : sum local = 2.067615e-07, global = -3.646315e-08, cumulative = -0.007454712
                  ExecutionTime = 0.814407 s  ClockTime = 1 s
                  
                  Time = 195s
                  
region_hot_fluid  DILUPBiCGStab:  Solving for Ux, Initial residual = 5.462796e-07, Final residual = 1.074371e-09, No Iterations 1
region_hot_fluid  DILUPBiCGStab:  Solving for Uy, Initial residual = 3.781078e-06, Final residual = 3.358225e-09, No Iterations 1
region_cold_fluid DILUPBiCGStab:  Solving for Ux, Initial residual = 4.632509e-06, Final residual = 5.732793e-09, No Iterations 1
region_cold_fluid DILUPBiCGStab:  Solving for Uy, Initial residual = 2.536562e-05, Final residual = 1.242282e-08, No Iterations 1
region_solid      DICPCG:  Solving for e, Initial residual = 0.009647926, Final residual = 8.603875e-05, No Iterations 1
region_hot_fluid  DILUPBiCGStab:  Solving for h, Initial residual = 1.617424e-06, Final residual = 1.028248e-08, No Iterations 1
region_cold_fluid DILUPBiCGStab:  Solving for h, Initial residual = 4.826204e-06, Final residual = 3.834944e-09, No Iterations 1
region_hot_fluid  GAMG:  Solving for p_rgh, Initial residual = 1.515604e-06, Final residual = 1.73091e-08, No Iterations 2
region_hot_fluid  time step continuity errors : sum local = 4.507511e-08, global = -1.034785e-08, cumulative = -0.0004873004
region_cold_fluid GAMG:  Solving for p_rgh, Initial residual = 4.366306e-06, Final residual = 3.028739e-08, No Iterations 2
region_cold_fluid time step continuity errors : sum local = 1.986397e-07, global = -3.383786e-08, cumulative = -0.007454746
                  ExecutionTime = 0.816631 s  ClockTime = 1 s
                  
                  Time = 196s
                  
region_hot_fluid  DILUPBiCGStab:  Solving for Ux, Initial residual = 5.231308e-07, Final residual = 1.029683e-09, No Iterations 1
region_hot_fluid  DILUPBiCGStab:  Solving for Uy, Initial residual = 3.588579e-06, Final residual = 3.228418e-09, No Iterations 1
region_cold_fluid DILUPBiCGStab:  Solving for Ux, Initial residual = 4.440245e-06, Final residual = 5.494483e-09, No Iterations 1
region_cold_fluid DILUPBiCGStab:  Solving for Uy, Initial residual = 2.429828e-05, Final residual = 1.190255e-08, No Iterations 1
region_solid      DICPCG:  Solving for e, Initial residual = 0.009636548, Final residual = 8.592596e-05, No Iterations 1
region_hot_fluid  DILUPBiCGStab:  Solving for h, Initial residual = 1.599798e-06, Final residual = 1.021808e-08, No Iterations 1
region_cold_fluid DILUPBiCGStab:  Solving for h, Initial residual = 4.677837e-06, Final residual = 3.702862e-09, No Iterations 1
region_hot_fluid  GAMG:  Solving for p_rgh, Initial residual = 1.500306e-06, Final residual = 1.78514e-08, No Iterations 2
region_hot_fluid  time step continuity errors : sum local = 4.578784e-08, global = -1.092468e-08, cumulative = -0.0004873113
region_cold_fluid GAMG:  Solving for p_rgh, Initial residual = 4.237395e-06, Final residual = 2.875835e-08, No Iterations 2
region_cold_fluid time step continuity errors : sum local = 1.893555e-07, global = -3.255098e-08, cumulative = -0.007454779
                  ExecutionTime = 0.818988 s  ClockTime = 1 s
                  
                  Time = 197s
                  
region_hot_fluid  DILUPBiCGStab:  Solving for Ux, Initial residual = 5.009984e-07, Final residual = 9.870415e-10, No Iterations 1
region_hot_fluid  DILUPBiCGStab:  Solving for Uy, Initial residual = 3.405101e-06, Final residual = 3.10569e-09, No Iterations 1
region_cold_fluid DILUPBiCGStab:  Solving for Ux, Initial residual = 4.256528e-06, Final residual = 5.266796e-09, No Iterations 1
region_cold_fluid DILUPBiCGStab:  Solving for Uy, Initial residual = 2.327879e-05, Final residual = 1.140572e-08, No Iterations 1
region_solid      DICPCG:  Solving for e, Initial residual = 0.009625237, Final residual = 8.581392e-05, No Iterations 1
region_hot_fluid  DILUPBiCGStab:  Solving for h, Initial residual = 1.58309e-06, Final residual = 1.015616e-08, No Iterations 1
region_cold_fluid DILUPBiCGStab:  Solving for h, Initial residual = 4.536032e-06, Final residual = 3.577107e-09, No Iterations 1
region_hot_fluid  GAMG:  Solving for p_rgh, Initial residual = 1.485618e-06, Final residual = 1.744745e-08, No Iterations 2
region_hot_fluid  time step continuity errors : sum local = 4.559371e-08, global = -1.021999e-08, cumulative = -0.0004873215
region_cold_fluid GAMG:  Solving for p_rgh, Initial residual = 4.113929e-06, Final residual = 2.775008e-08, No Iterations 2
region_cold_fluid time step continuity errors : sum local = 1.825918e-07, global = -2.98632e-08, cumulative = -0.007454809
                  ExecutionTime = 0.821622 s  ClockTime = 1 s
                  
                  Time = 198s
                  
region_hot_fluid  DILUPBiCGStab:  Solving for Ux, Initial residual = 4.801788e-07, Final residual = 9.468785e-10, No Iterations 1
region_hot_fluid  DILUPBiCGStab:  Solving for Uy, Initial residual = 3.23141e-06, Final residual = 2.989018e-09, No Iterations 1
region_cold_fluid DILUPBiCGStab:  Solving for Ux, Initial residual = 4.080841e-06, Final residual = 5.048839e-09, No Iterations 1
region_cold_fluid DILUPBiCGStab:  Solving for Uy, Initial residual = 2.230447e-05, Final residual = 1.093089e-08, No Iterations 1
region_solid      DICPCG:  Solving for e, Initial residual = 0.009613994, Final residual = 8.570262e-05, No Iterations 1
region_hot_fluid  DILUPBiCGStab:  Solving for h, Initial residual = 1.567224e-06, Final residual = 1.00967e-08, No Iterations 1
region_cold_fluid DILUPBiCGStab:  Solving for h, Initial residual = 4.400493e-06, Final residual = 3.456747e-09, No Iterations 1
region_hot_fluid  GAMG:  Solving for p_rgh, Initial residual = 1.471771e-06, Final residual = 1.747752e-08, No Iterations 2
region_hot_fluid  time step continuity errors : sum local = 4.578949e-08, global = -9.805302e-09, cumulative = -0.0004873313
region_cold_fluid GAMG:  Solving for p_rgh, Initial residual = 3.996137e-06, Final residual = 2.666418e-08, No Iterations 2
region_cold_fluid time step continuity errors : sum local = 1.753625e-07, global = -2.986744e-08, cumulative = -0.007454839
                  ExecutionTime = 0.824626 s  ClockTime = 1 s
                  
                  Time = 199s
                  
region_hot_fluid  DILUPBiCGStab:  Solving for Ux, Initial residual = 4.604657e-07, Final residual = 9.089757e-10, No Iterations 1
region_hot_fluid  DILUPBiCGStab:  Solving for Uy, Initial residual = 3.065761e-06, Final residual = 2.878372e-09, No Iterations 1
region_cold_fluid DILUPBiCGStab:  Solving for Ux, Initial residual = 3.91288e-06, Final residual = 4.840522e-09, No Iterations 1
region_cold_fluid DILUPBiCGStab:  Solving for Uy, Initial residual = 2.137313e-05, Final residual = 1.047661e-08, No Iterations 1
region_solid      DICPCG:  Solving for e, Initial residual = 0.009602816, Final residual = 8.559204e-05, No Iterations 1
region_hot_fluid  DILUPBiCGStab:  Solving for h, Initial residual = 1.552154e-06, Final residual = 1.003958e-08, No Iterations 1
region_cold_fluid DILUPBiCGStab:  Solving for h, Initial residual = 4.270947e-06, Final residual = 3.341541e-09, No Iterations 1
region_hot_fluid  GAMG:  Solving for p_rgh, Initial residual = 1.458096e-06, Final residual = 1.781402e-08, No Iterations 2
region_hot_fluid  time step continuity errors : sum local = 4.641174e-08, global = -1.011412e-08, cumulative = -0.0004873415
region_cold_fluid GAMG:  Solving for p_rgh, Initial residual = 3.883868e-06, Final residual = 2.561763e-08, No Iterations 2
region_cold_fluid time step continuity errors : sum local = 1.687446e-07, global = -2.746404e-08, cumulative = -0.007454866
                  ExecutionTime = 0.827098 s  ClockTime = 1 s
                  
                  Time = 200s
                  
region_hot_fluid  DILUPBiCGStab:  Solving for Ux, Initial residual = 4.417086e-07, Final residual = 8.729431e-10, No Iterations 1
region_hot_fluid  DILUPBiCGStab:  Solving for Uy, Initial residual = 2.90883e-06, Final residual = 2.77411e-09, No Iterations 1
region_cold_fluid DILUPBiCGStab:  Solving for Ux, Initial residual = 3.752607e-06, Final residual = 4.642084e-09, No Iterations 1
region_cold_fluid DILUPBiCGStab:  Solving for Uy, Initial residual = 2.048452e-05, Final residual = 1.004337e-08, No Iterations 1
region_solid      DICPCG:  Solving for e, Initial residual = 0.009591705, Final residual = 8.54822e-05, No Iterations 1
region_hot_fluid  DILUPBiCGStab:  Solving for h, Initial residual = 1.537844e-06, Final residual = 9.98475e-09, No Iterations 1
region_cold_fluid DILUPBiCGStab:  Solving for h, Initial residual = 4.147128e-06, Final residual = 3.231259e-09, No Iterations 1
region_hot_fluid  GAMG:  Solving for p_rgh, Initial residual = 1.445729e-06, Final residual = 1.79281e-08, No Iterations 2
region_hot_fluid  time step continuity errors : sum local = 4.664897e-08, global = -1.007862e-08, cumulative = -0.0004873515
region_cold_fluid GAMG:  Solving for p_rgh, Initial residual = 3.776118e-06, Final residual = 2.455892e-08, No Iterations 2
region_cold_fluid time step continuity errors : sum local = 1.62273e-07, global = -2.523548e-08, cumulative = -0.007454891
                  ExecutionTime = 0.840227 s  ClockTime = 1 s
                  
                  End
                  
