/*--------------------------------*- C++ -*----------------------------------*\
  =========                 |
  \\      /  F ield         | OpenFOAM: The Open Source CFD Toolbox
   \\    /   O peration     | Website:  https://openfoam.org
    \\  /    A nd           | Version:  11
     \\/     M anipulation  |
\*---------------------------------------------------------------------------*/
FoamFile
{
    format      ascii;
    class       vectorField;
    location    "constant/polyMesh";
    object      points;
}
// * * * * * * * * * * * * * * * * * * * * * * * * * * * * * * * * * * * * * //


10302
(
(0 -0.015 0)
(0.02 -0.015 0)
(0.04 -0.015 0)
(0.06 -0.015 0)
(0.08 -0.015 0)
(0.1 -0.015 0)
(0.12 -0.015 0)
(0.14 -0.015 0)
(0.16 -0.015 0)
(0.18 -0.015 0)
(0.2 -0.015 0)
(0.22 -0.015 0)
(0.24 -0.015 0)
(0.26 -0.015 0)
(0.28 -0.015 0)
(0.3 -0.015 0)
(0.32 -0.015 0)
(0.34 -0.015 0)
(0.36 -0.015 0)
(0.38 -0.015 0)
(0.4 -0.015 0)
(0.42 -0.015 0)
(0.44 -0.015 0)
(0.46 -0.015 0)
(0.48 -0.015 0)
(0.5 -0.015 0)
(0.52 -0.015 0)
(0.54 -0.015 0)
(0.56 -0.015 0)
(0.58 -0.015 0)
(0.6 -0.015 0)
(0.62 -0.015 0)
(0.64 -0.015 0)
(0.66 -0.015 0)
(0.68 -0.015 0)
(0.7 -0.015 0)
(0.72 -0.015 0)
(0.74 -0.015 0)
(0.76 -0.015 0)
(0.78 -0.015 0)
(0.8 -0.015 0)
(0.82 -0.015 0)
(0.84 -0.015 0)
(0.86 -0.015 0)
(0.88 -0.015 0)
(0.9 -0.015 0)
(0.92 -0.015 0)
(0.94 -0.015 0)
(0.96 -0.015 0)
(0.98 -0.015 0)
(1 -0.015 0)
(1.02 -0.015 0)
(1.04 -0.015 0)
(1.06 -0.015 0)
(1.08 -0.015 0)
(1.1 -0.015 0)
(1.12 -0.015 0)
(1.14 -0.015 0)
(1.16 -0.015 0)
(1.18 -0.015 0)
(1.2 -0.015 0)
(1.22 -0.015 0)
(1.24 -0.015 0)
(1.26 -0.015 0)
(1.28 -0.015 0)
(1.3 -0.015 0)
(1.32 -0.015 0)
(1.34 -0.015 0)
(1.36 -0.015 0)
(1.38 -0.015 0)
(1.4 -0.015 0)
(1.42 -0.015 0)
(1.44 -0.015 0)
(1.46 -0.015 0)
(1.48 -0.015 0)
(1.5 -0.015 0)
(1.52 -0.015 0)
(1.54 -0.015 0)
(1.56 -0.015 0)
(1.58 -0.015 0)
(1.6 -0.015 0)
(1.62 -0.015 0)
(1.64 -0.015 0)
(1.66 -0.015 0)
(1.68 -0.015 0)
(1.7 -0.015 0)
(1.72 -0.015 0)
(1.74 -0.015 0)
(1.76 -0.015 0)
(1.78 -0.015 0)
(1.8 -0.015 0)
(1.82 -0.015 0)
(1.84 -0.015 0)
(1.86 -0.015 0)
(1.88 -0.015 0)
(1.9 -0.015 0)
(1.92 -0.015 0)
(1.94 -0.015 0)
(1.96 -0.015 0)
(1.98 -0.015 0)
(2 -0.015 0)
(0 -0.0144 0)
(0.02 -0.0144 0)
(0.04 -0.0144 0)
(0.06 -0.0144 0)
(0.08 -0.0144 0)
(0.1 -0.0144 0)
(0.12 -0.0144 0)
(0.14 -0.0144 0)
(0.16 -0.0144 0)
(0.18 -0.0144 0)
(0.2 -0.0144 0)
(0.22 -0.0144 0)
(0.24 -0.0144 0)
(0.26 -0.0144 0)
(0.28 -0.0144 0)
(0.3 -0.0144 0)
(0.32 -0.0144 0)
(0.34 -0.0144 0)
(0.36 -0.0144 0)
(0.38 -0.0144 0)
(0.4 -0.0144 0)
(0.42 -0.0144 0)
(0.44 -0.0144 0)
(0.46 -0.0144 0)
(0.48 -0.0144 0)
(0.5 -0.0144 0)
(0.52 -0.0144 0)
(0.54 -0.0144 0)
(0.56 -0.0144 0)
(0.58 -0.0144 0)
(0.6 -0.0144 0)
(0.62 -0.0144 0)
(0.64 -0.0144 0)
(0.66 -0.0144 0)
(0.68 -0.0144 0)
(0.7 -0.0144 0)
(0.72 -0.0144 0)
(0.74 -0.0144 0)
(0.76 -0.0144 0)
(0.78 -0.0144 0)
(0.8 -0.0144 0)
(0.82 -0.0144 0)
(0.84 -0.0144 0)
(0.86 -0.0144 0)
(0.88 -0.0144 0)
(0.9 -0.0144 0)
(0.92 -0.0144 0)
(0.94 -0.0144 0)
(0.96 -0.0144 0)
(0.98 -0.0144 0)
(1 -0.0144 0)
(1.02 -0.0144 0)
(1.04 -0.0144 0)
(1.06 -0.0144 0)
(1.08 -0.0144 0)
(1.1 -0.0144 0)
(1.12 -0.0144 0)
(1.14 -0.0144 0)
(1.16 -0.0144 0)
(1.18 -0.0144 0)
(1.2 -0.0144 0)
(1.22 -0.0144 0)
(1.24 -0.0144 0)
(1.26 -0.0144 0)
(1.28 -0.0144 0)
(1.3 -0.0144 0)
(1.32 -0.0144 0)
(1.34 -0.0144 0)
(1.36 -0.0144 0)
(1.38 -0.0144 0)
(1.4 -0.0144 0)
(1.42 -0.0144 0)
(1.44 -0.0144 0)
(1.46 -0.0144 0)
(1.48 -0.0144 0)
(1.5 -0.0144 0)
(1.52 -0.0144 0)
(1.54 -0.0144 0)
(1.56 -0.0144 0)
(1.58 -0.0144 0)
(1.6 -0.0144 0)
(1.62 -0.0144 0)
(1.64 -0.0144 0)
(1.66 -0.0144 0)
(1.68 -0.0144 0)
(1.7 -0.0144 0)
(1.72 -0.0144 0)
(1.74 -0.0144 0)
(1.76 -0.0144 0)
(1.78 -0.0144 0)
(1.8 -0.0144 0)
(1.82 -0.0144 0)
(1.84 -0.0144 0)
(1.86 -0.0144 0)
(1.88 -0.0144 0)
(1.9 -0.0144 0)
(1.92 -0.0144 0)
(1.94 -0.0144 0)
(1.96 -0.0144 0)
(1.98 -0.0144 0)
(2 -0.0144 0)
(0 -0.0138 0)
(0.02 -0.0138 0)
(0.04 -0.0138 0)
(0.06 -0.0138 0)
(0.08 -0.0138 0)
(0.1 -0.0138 0)
(0.12 -0.0138 0)
(0.14 -0.0138 0)
(0.16 -0.0138 0)
(0.18 -0.0138 0)
(0.2 -0.0138 0)
(0.22 -0.0138 0)
(0.24 -0.0138 0)
(0.26 -0.0138 0)
(0.28 -0.0138 0)
(0.3 -0.0138 0)
(0.32 -0.0138 0)
(0.34 -0.0138 0)
(0.36 -0.0138 0)
(0.38 -0.0138 0)
(0.4 -0.0138 0)
(0.42 -0.0138 0)
(0.44 -0.0138 0)
(0.46 -0.0138 0)
(0.48 -0.0138 0)
(0.5 -0.0138 0)
(0.52 -0.0138 0)
(0.54 -0.0138 0)
(0.56 -0.0138 0)
(0.58 -0.0138 0)
(0.6 -0.0138 0)
(0.62 -0.0138 0)
(0.64 -0.0138 0)
(0.66 -0.0138 0)
(0.68 -0.0138 0)
(0.7 -0.0138 0)
(0.72 -0.0138 0)
(0.74 -0.0138 0)
(0.76 -0.0138 0)
(0.78 -0.0138 0)
(0.8 -0.0138 0)
(0.82 -0.0138 0)
(0.84 -0.0138 0)
(0.86 -0.0138 0)
(0.88 -0.0138 0)
(0.9 -0.0138 0)
(0.92 -0.0138 0)
(0.94 -0.0138 0)
(0.96 -0.0138 0)
(0.98 -0.0138 0)
(1 -0.0138 0)
(1.02 -0.0138 0)
(1.04 -0.0138 0)
(1.06 -0.0138 0)
(1.08 -0.0138 0)
(1.1 -0.0138 0)
(1.12 -0.0138 0)
(1.14 -0.0138 0)
(1.16 -0.0138 0)
(1.18 -0.0138 0)
(1.2 -0.0138 0)
(1.22 -0.0138 0)
(1.24 -0.0138 0)
(1.26 -0.0138 0)
(1.28 -0.0138 0)
(1.3 -0.0138 0)
(1.32 -0.0138 0)
(1.34 -0.0138 0)
(1.36 -0.0138 0)
(1.38 -0.0138 0)
(1.4 -0.0138 0)
(1.42 -0.0138 0)
(1.44 -0.0138 0)
(1.46 -0.0138 0)
(1.48 -0.0138 0)
(1.5 -0.0138 0)
(1.52 -0.0138 0)
(1.54 -0.0138 0)
(1.56 -0.0138 0)
(1.58 -0.0138 0)
(1.6 -0.0138 0)
(1.62 -0.0138 0)
(1.64 -0.0138 0)
(1.66 -0.0138 0)
(1.68 -0.0138 0)
(1.7 -0.0138 0)
(1.72 -0.0138 0)
(1.74 -0.0138 0)
(1.76 -0.0138 0)
(1.78 -0.0138 0)
(1.8 -0.0138 0)
(1.82 -0.0138 0)
(1.84 -0.0138 0)
(1.86 -0.0138 0)
(1.88 -0.0138 0)
(1.9 -0.0138 0)
(1.92 -0.0138 0)
(1.94 -0.0138 0)
(1.96 -0.0138 0)
(1.98 -0.0138 0)
(2 -0.0138 0)
(0 -0.0132 0)
(0.02 -0.0132 0)
(0.04 -0.0132 0)
(0.06 -0.0132 0)
(0.08 -0.0132 0)
(0.1 -0.0132 0)
(0.12 -0.0132 0)
(0.14 -0.0132 0)
(0.16 -0.0132 0)
(0.18 -0.0132 0)
(0.2 -0.0132 0)
(0.22 -0.0132 0)
(0.24 -0.0132 0)
(0.26 -0.0132 0)
(0.28 -0.0132 0)
(0.3 -0.0132 0)
(0.32 -0.0132 0)
(0.34 -0.0132 0)
(0.36 -0.0132 0)
(0.38 -0.0132 0)
(0.4 -0.0132 0)
(0.42 -0.0132 0)
(0.44 -0.0132 0)
(0.46 -0.0132 0)
(0.48 -0.0132 0)
(0.5 -0.0132 0)
(0.52 -0.0132 0)
(0.54 -0.0132 0)
(0.56 -0.0132 0)
(0.58 -0.0132 0)
(0.6 -0.0132 0)
(0.62 -0.0132 0)
(0.64 -0.0132 0)
(0.66 -0.0132 0)
(0.68 -0.0132 0)
(0.7 -0.0132 0)
(0.72 -0.0132 0)
(0.74 -0.0132 0)
(0.76 -0.0132 0)
(0.78 -0.0132 0)
(0.8 -0.0132 0)
(0.82 -0.0132 0)
(0.84 -0.0132 0)
(0.86 -0.0132 0)
(0.88 -0.0132 0)
(0.9 -0.0132 0)
(0.92 -0.0132 0)
(0.94 -0.0132 0)
(0.96 -0.0132 0)
(0.98 -0.0132 0)
(1 -0.0132 0)
(1.02 -0.0132 0)
(1.04 -0.0132 0)
(1.06 -0.0132 0)
(1.08 -0.0132 0)
(1.1 -0.0132 0)
(1.12 -0.0132 0)
(1.14 -0.0132 0)
(1.16 -0.0132 0)
(1.18 -0.0132 0)
(1.2 -0.0132 0)
(1.22 -0.0132 0)
(1.24 -0.0132 0)
(1.26 -0.0132 0)
(1.28 -0.0132 0)
(1.3 -0.0132 0)
(1.32 -0.0132 0)
(1.34 -0.0132 0)
(1.36 -0.0132 0)
(1.38 -0.0132 0)
(1.4 -0.0132 0)
(1.42 -0.0132 0)
(1.44 -0.0132 0)
(1.46 -0.0132 0)
(1.48 -0.0132 0)
(1.5 -0.0132 0)
(1.52 -0.0132 0)
(1.54 -0.0132 0)
(1.56 -0.0132 0)
(1.58 -0.0132 0)
(1.6 -0.0132 0)
(1.62 -0.0132 0)
(1.64 -0.0132 0)
(1.66 -0.0132 0)
(1.68 -0.0132 0)
(1.7 -0.0132 0)
(1.72 -0.0132 0)
(1.74 -0.0132 0)
(1.76 -0.0132 0)
(1.78 -0.0132 0)
(1.8 -0.0132 0)
(1.82 -0.0132 0)
(1.84 -0.0132 0)
(1.86 -0.0132 0)
(1.88 -0.0132 0)
(1.9 -0.0132 0)
(1.92 -0.0132 0)
(1.94 -0.0132 0)
(1.96 -0.0132 0)
(1.98 -0.0132 0)
(2 -0.0132 0)
(0 -0.0126 0)
(0.02 -0.0126 0)
(0.04 -0.0126 0)
(0.06 -0.0126 0)
(0.08 -0.0126 0)
(0.1 -0.0126 0)
(0.12 -0.0126 0)
(0.14 -0.0126 0)
(0.16 -0.0126 0)
(0.18 -0.0126 0)
(0.2 -0.0126 0)
(0.22 -0.0126 0)
(0.24 -0.0126 0)
(0.26 -0.0126 0)
(0.28 -0.0126 0)
(0.3 -0.0126 0)
(0.32 -0.0126 0)
(0.34 -0.0126 0)
(0.36 -0.0126 0)
(0.38 -0.0126 0)
(0.4 -0.0126 0)
(0.42 -0.0126 0)
(0.44 -0.0126 0)
(0.46 -0.0126 0)
(0.48 -0.0126 0)
(0.5 -0.0126 0)
(0.52 -0.0126 0)
(0.54 -0.0126 0)
(0.56 -0.0126 0)
(0.58 -0.0126 0)
(0.6 -0.0126 0)
(0.62 -0.0126 0)
(0.64 -0.0126 0)
(0.66 -0.0126 0)
(0.68 -0.0126 0)
(0.7 -0.0126 0)
(0.72 -0.0126 0)
(0.74 -0.0126 0)
(0.76 -0.0126 0)
(0.78 -0.0126 0)
(0.8 -0.0126 0)
(0.82 -0.0126 0)
(0.84 -0.0126 0)
(0.86 -0.0126 0)
(0.88 -0.0126 0)
(0.9 -0.0126 0)
(0.92 -0.0126 0)
(0.94 -0.0126 0)
(0.96 -0.0126 0)
(0.98 -0.0126 0)
(1 -0.0126 0)
(1.02 -0.0126 0)
(1.04 -0.0126 0)
(1.06 -0.0126 0)
(1.08 -0.0126 0)
(1.1 -0.0126 0)
(1.12 -0.0126 0)
(1.14 -0.0126 0)
(1.16 -0.0126 0)
(1.18 -0.0126 0)
(1.2 -0.0126 0)
(1.22 -0.0126 0)
(1.24 -0.0126 0)
(1.26 -0.0126 0)
(1.28 -0.0126 0)
(1.3 -0.0126 0)
(1.32 -0.0126 0)
(1.34 -0.0126 0)
(1.36 -0.0126 0)
(1.38 -0.0126 0)
(1.4 -0.0126 0)
(1.42 -0.0126 0)
(1.44 -0.0126 0)
(1.46 -0.0126 0)
(1.48 -0.0126 0)
(1.5 -0.0126 0)
(1.52 -0.0126 0)
(1.54 -0.0126 0)
(1.56 -0.0126 0)
(1.58 -0.0126 0)
(1.6 -0.0126 0)
(1.62 -0.0126 0)
(1.64 -0.0126 0)
(1.66 -0.0126 0)
(1.68 -0.0126 0)
(1.7 -0.0126 0)
(1.72 -0.0126 0)
(1.74 -0.0126 0)
(1.76 -0.0126 0)
(1.78 -0.0126 0)
(1.8 -0.0126 0)
(1.82 -0.0126 0)
(1.84 -0.0126 0)
(1.86 -0.0126 0)
(1.88 -0.0126 0)
(1.9 -0.0126 0)
(1.92 -0.0126 0)
(1.94 -0.0126 0)
(1.96 -0.0126 0)
(1.98 -0.0126 0)
(2 -0.0126 0)
(0 -0.012 0)
(0.02 -0.012 0)
(0.04 -0.012 0)
(0.06 -0.012 0)
(0.08 -0.012 0)
(0.1 -0.012 0)
(0.12 -0.012 0)
(0.14 -0.012 0)
(0.16 -0.012 0)
(0.18 -0.012 0)
(0.2 -0.012 0)
(0.22 -0.012 0)
(0.24 -0.012 0)
(0.26 -0.012 0)
(0.28 -0.012 0)
(0.3 -0.012 0)
(0.32 -0.012 0)
(0.34 -0.012 0)
(0.36 -0.012 0)
(0.38 -0.012 0)
(0.4 -0.012 0)
(0.42 -0.012 0)
(0.44 -0.012 0)
(0.46 -0.012 0)
(0.48 -0.012 0)
(0.5 -0.012 0)
(0.52 -0.012 0)
(0.54 -0.012 0)
(0.56 -0.012 0)
(0.58 -0.012 0)
(0.6 -0.012 0)
(0.62 -0.012 0)
(0.64 -0.012 0)
(0.66 -0.012 0)
(0.68 -0.012 0)
(0.7 -0.012 0)
(0.72 -0.012 0)
(0.74 -0.012 0)
(0.76 -0.012 0)
(0.78 -0.012 0)
(0.8 -0.012 0)
(0.82 -0.012 0)
(0.84 -0.012 0)
(0.86 -0.012 0)
(0.88 -0.012 0)
(0.9 -0.012 0)
(0.92 -0.012 0)
(0.94 -0.012 0)
(0.96 -0.012 0)
(0.98 -0.012 0)
(1 -0.012 0)
(1.02 -0.012 0)
(1.04 -0.012 0)
(1.06 -0.012 0)
(1.08 -0.012 0)
(1.1 -0.012 0)
(1.12 -0.012 0)
(1.14 -0.012 0)
(1.16 -0.012 0)
(1.18 -0.012 0)
(1.2 -0.012 0)
(1.22 -0.012 0)
(1.24 -0.012 0)
(1.26 -0.012 0)
(1.28 -0.012 0)
(1.3 -0.012 0)
(1.32 -0.012 0)
(1.34 -0.012 0)
(1.36 -0.012 0)
(1.38 -0.012 0)
(1.4 -0.012 0)
(1.42 -0.012 0)
(1.44 -0.012 0)
(1.46 -0.012 0)
(1.48 -0.012 0)
(1.5 -0.012 0)
(1.52 -0.012 0)
(1.54 -0.012 0)
(1.56 -0.012 0)
(1.58 -0.012 0)
(1.6 -0.012 0)
(1.62 -0.012 0)
(1.64 -0.012 0)
(1.66 -0.012 0)
(1.68 -0.012 0)
(1.7 -0.012 0)
(1.72 -0.012 0)
(1.74 -0.012 0)
(1.76 -0.012 0)
(1.78 -0.012 0)
(1.8 -0.012 0)
(1.82 -0.012 0)
(1.84 -0.012 0)
(1.86 -0.012 0)
(1.88 -0.012 0)
(1.9 -0.012 0)
(1.92 -0.012 0)
(1.94 -0.012 0)
(1.96 -0.012 0)
(1.98 -0.012 0)
(2 -0.012 0)
(0 -0.0114 0)
(0.02 -0.0114 0)
(0.04 -0.0114 0)
(0.06 -0.0114 0)
(0.08 -0.0114 0)
(0.1 -0.0114 0)
(0.12 -0.0114 0)
(0.14 -0.0114 0)
(0.16 -0.0114 0)
(0.18 -0.0114 0)
(0.2 -0.0114 0)
(0.22 -0.0114 0)
(0.24 -0.0114 0)
(0.26 -0.0114 0)
(0.28 -0.0114 0)
(0.3 -0.0114 0)
(0.32 -0.0114 0)
(0.34 -0.0114 0)
(0.36 -0.0114 0)
(0.38 -0.0114 0)
(0.4 -0.0114 0)
(0.42 -0.0114 0)
(0.44 -0.0114 0)
(0.46 -0.0114 0)
(0.48 -0.0114 0)
(0.5 -0.0114 0)
(0.52 -0.0114 0)
(0.54 -0.0114 0)
(0.56 -0.0114 0)
(0.58 -0.0114 0)
(0.6 -0.0114 0)
(0.62 -0.0114 0)
(0.64 -0.0114 0)
(0.66 -0.0114 0)
(0.68 -0.0114 0)
(0.7 -0.0114 0)
(0.72 -0.0114 0)
(0.74 -0.0114 0)
(0.76 -0.0114 0)
(0.78 -0.0114 0)
(0.8 -0.0114 0)
(0.82 -0.0114 0)
(0.84 -0.0114 0)
(0.86 -0.0114 0)
(0.88 -0.0114 0)
(0.9 -0.0114 0)
(0.92 -0.0114 0)
(0.94 -0.0114 0)
(0.96 -0.0114 0)
(0.98 -0.0114 0)
(1 -0.0114 0)
(1.02 -0.0114 0)
(1.04 -0.0114 0)
(1.06 -0.0114 0)
(1.08 -0.0114 0)
(1.1 -0.0114 0)
(1.12 -0.0114 0)
(1.14 -0.0114 0)
(1.16 -0.0114 0)
(1.18 -0.0114 0)
(1.2 -0.0114 0)
(1.22 -0.0114 0)
(1.24 -0.0114 0)
(1.26 -0.0114 0)
(1.28 -0.0114 0)
(1.3 -0.0114 0)
(1.32 -0.0114 0)
(1.34 -0.0114 0)
(1.36 -0.0114 0)
(1.38 -0.0114 0)
(1.4 -0.0114 0)
(1.42 -0.0114 0)
(1.44 -0.0114 0)
(1.46 -0.0114 0)
(1.48 -0.0114 0)
(1.5 -0.0114 0)
(1.52 -0.0114 0)
(1.54 -0.0114 0)
(1.56 -0.0114 0)
(1.58 -0.0114 0)
(1.6 -0.0114 0)
(1.62 -0.0114 0)
(1.64 -0.0114 0)
(1.66 -0.0114 0)
(1.68 -0.0114 0)
(1.7 -0.0114 0)
(1.72 -0.0114 0)
(1.74 -0.0114 0)
(1.76 -0.0114 0)
(1.78 -0.0114 0)
(1.8 -0.0114 0)
(1.82 -0.0114 0)
(1.84 -0.0114 0)
(1.86 -0.0114 0)
(1.88 -0.0114 0)
(1.9 -0.0114 0)
(1.92 -0.0114 0)
(1.94 -0.0114 0)
(1.96 -0.0114 0)
(1.98 -0.0114 0)
(2 -0.0114 0)
(0 -0.0108 0)
(0.02 -0.0108 0)
(0.04 -0.0108 0)
(0.06 -0.0108 0)
(0.08 -0.0108 0)
(0.1 -0.0108 0)
(0.12 -0.0108 0)
(0.14 -0.0108 0)
(0.16 -0.0108 0)
(0.18 -0.0108 0)
(0.2 -0.0108 0)
(0.22 -0.0108 0)
(0.24 -0.0108 0)
(0.26 -0.0108 0)
(0.28 -0.0108 0)
(0.3 -0.0108 0)
(0.32 -0.0108 0)
(0.34 -0.0108 0)
(0.36 -0.0108 0)
(0.38 -0.0108 0)
(0.4 -0.0108 0)
(0.42 -0.0108 0)
(0.44 -0.0108 0)
(0.46 -0.0108 0)
(0.48 -0.0108 0)
(0.5 -0.0108 0)
(0.52 -0.0108 0)
(0.54 -0.0108 0)
(0.56 -0.0108 0)
(0.58 -0.0108 0)
(0.6 -0.0108 0)
(0.62 -0.0108 0)
(0.64 -0.0108 0)
(0.66 -0.0108 0)
(0.68 -0.0108 0)
(0.7 -0.0108 0)
(0.72 -0.0108 0)
(0.74 -0.0108 0)
(0.76 -0.0108 0)
(0.78 -0.0108 0)
(0.8 -0.0108 0)
(0.82 -0.0108 0)
(0.84 -0.0108 0)
(0.86 -0.0108 0)
(0.88 -0.0108 0)
(0.9 -0.0108 0)
(0.92 -0.0108 0)
(0.94 -0.0108 0)
(0.96 -0.0108 0)
(0.98 -0.0108 0)
(1 -0.0108 0)
(1.02 -0.0108 0)
(1.04 -0.0108 0)
(1.06 -0.0108 0)
(1.08 -0.0108 0)
(1.1 -0.0108 0)
(1.12 -0.0108 0)
(1.14 -0.0108 0)
(1.16 -0.0108 0)
(1.18 -0.0108 0)
(1.2 -0.0108 0)
(1.22 -0.0108 0)
(1.24 -0.0108 0)
(1.26 -0.0108 0)
(1.28 -0.0108 0)
(1.3 -0.0108 0)
(1.32 -0.0108 0)
(1.34 -0.0108 0)
(1.36 -0.0108 0)
(1.38 -0.0108 0)
(1.4 -0.0108 0)
(1.42 -0.0108 0)
(1.44 -0.0108 0)
(1.46 -0.0108 0)
(1.48 -0.0108 0)
(1.5 -0.0108 0)
(1.52 -0.0108 0)
(1.54 -0.0108 0)
(1.56 -0.0108 0)
(1.58 -0.0108 0)
(1.6 -0.0108 0)
(1.62 -0.0108 0)
(1.64 -0.0108 0)
(1.66 -0.0108 0)
(1.68 -0.0108 0)
(1.7 -0.0108 0)
(1.72 -0.0108 0)
(1.74 -0.0108 0)
(1.76 -0.0108 0)
(1.78 -0.0108 0)
(1.8 -0.0108 0)
(1.82 -0.0108 0)
(1.84 -0.0108 0)
(1.86 -0.0108 0)
(1.88 -0.0108 0)
(1.9 -0.0108 0)
(1.92 -0.0108 0)
(1.94 -0.0108 0)
(1.96 -0.0108 0)
(1.98 -0.0108 0)
(2 -0.0108 0)
(0 -0.0102 0)
(0.02 -0.0102 0)
(0.04 -0.0102 0)
(0.06 -0.0102 0)
(0.08 -0.0102 0)
(0.1 -0.0102 0)
(0.12 -0.0102 0)
(0.14 -0.0102 0)
(0.16 -0.0102 0)
(0.18 -0.0102 0)
(0.2 -0.0102 0)
(0.22 -0.0102 0)
(0.24 -0.0102 0)
(0.26 -0.0102 0)
(0.28 -0.0102 0)
(0.3 -0.0102 0)
(0.32 -0.0102 0)
(0.34 -0.0102 0)
(0.36 -0.0102 0)
(0.38 -0.0102 0)
(0.4 -0.0102 0)
(0.42 -0.0102 0)
(0.44 -0.0102 0)
(0.46 -0.0102 0)
(0.48 -0.0102 0)
(0.5 -0.0102 0)
(0.52 -0.0102 0)
(0.54 -0.0102 0)
(0.56 -0.0102 0)
(0.58 -0.0102 0)
(0.6 -0.0102 0)
(0.62 -0.0102 0)
(0.64 -0.0102 0)
(0.66 -0.0102 0)
(0.68 -0.0102 0)
(0.7 -0.0102 0)
(0.72 -0.0102 0)
(0.74 -0.0102 0)
(0.76 -0.0102 0)
(0.78 -0.0102 0)
(0.8 -0.0102 0)
(0.82 -0.0102 0)
(0.84 -0.0102 0)
(0.86 -0.0102 0)
(0.88 -0.0102 0)
(0.9 -0.0102 0)
(0.92 -0.0102 0)
(0.94 -0.0102 0)
(0.96 -0.0102 0)
(0.98 -0.0102 0)
(1 -0.0102 0)
(1.02 -0.0102 0)
(1.04 -0.0102 0)
(1.06 -0.0102 0)
(1.08 -0.0102 0)
(1.1 -0.0102 0)
(1.12 -0.0102 0)
(1.14 -0.0102 0)
(1.16 -0.0102 0)
(1.18 -0.0102 0)
(1.2 -0.0102 0)
(1.22 -0.0102 0)
(1.24 -0.0102 0)
(1.26 -0.0102 0)
(1.28 -0.0102 0)
(1.3 -0.0102 0)
(1.32 -0.0102 0)
(1.34 -0.0102 0)
(1.36 -0.0102 0)
(1.38 -0.0102 0)
(1.4 -0.0102 0)
(1.42 -0.0102 0)
(1.44 -0.0102 0)
(1.46 -0.0102 0)
(1.48 -0.0102 0)
(1.5 -0.0102 0)
(1.52 -0.0102 0)
(1.54 -0.0102 0)
(1.56 -0.0102 0)
(1.58 -0.0102 0)
(1.6 -0.0102 0)
(1.62 -0.0102 0)
(1.64 -0.0102 0)
(1.66 -0.0102 0)
(1.68 -0.0102 0)
(1.7 -0.0102 0)
(1.72 -0.0102 0)
(1.74 -0.0102 0)
(1.76 -0.0102 0)
(1.78 -0.0102 0)
(1.8 -0.0102 0)
(1.82 -0.0102 0)
(1.84 -0.0102 0)
(1.86 -0.0102 0)
(1.88 -0.0102 0)
(1.9 -0.0102 0)
(1.92 -0.0102 0)
(1.94 -0.0102 0)
(1.96 -0.0102 0)
(1.98 -0.0102 0)
(2 -0.0102 0)
(0 -0.0096 0)
(0.02 -0.0096 0)
(0.04 -0.0096 0)
(0.06 -0.0096 0)
(0.08 -0.0096 0)
(0.1 -0.0096 0)
(0.12 -0.0096 0)
(0.14 -0.0096 0)
(0.16 -0.0096 0)
(0.18 -0.0096 0)
(0.2 -0.0096 0)
(0.22 -0.0096 0)
(0.24 -0.0096 0)
(0.26 -0.0096 0)
(0.28 -0.0096 0)
(0.3 -0.0096 0)
(0.32 -0.0096 0)
(0.34 -0.0096 0)
(0.36 -0.0096 0)
(0.38 -0.0096 0)
(0.4 -0.0096 0)
(0.42 -0.0096 0)
(0.44 -0.0096 0)
(0.46 -0.0096 0)
(0.48 -0.0096 0)
(0.5 -0.0096 0)
(0.52 -0.0096 0)
(0.54 -0.0096 0)
(0.56 -0.0096 0)
(0.58 -0.0096 0)
(0.6 -0.0096 0)
(0.62 -0.0096 0)
(0.64 -0.0096 0)
(0.66 -0.0096 0)
(0.68 -0.0096 0)
(0.7 -0.0096 0)
(0.72 -0.0096 0)
(0.74 -0.0096 0)
(0.76 -0.0096 0)
(0.78 -0.0096 0)
(0.8 -0.0096 0)
(0.82 -0.0096 0)
(0.84 -0.0096 0)
(0.86 -0.0096 0)
(0.88 -0.0096 0)
(0.9 -0.0096 0)
(0.92 -0.0096 0)
(0.94 -0.0096 0)
(0.96 -0.0096 0)
(0.98 -0.0096 0)
(1 -0.0096 0)
(1.02 -0.0096 0)
(1.04 -0.0096 0)
(1.06 -0.0096 0)
(1.08 -0.0096 0)
(1.1 -0.0096 0)
(1.12 -0.0096 0)
(1.14 -0.0096 0)
(1.16 -0.0096 0)
(1.18 -0.0096 0)
(1.2 -0.0096 0)
(1.22 -0.0096 0)
(1.24 -0.0096 0)
(1.26 -0.0096 0)
(1.28 -0.0096 0)
(1.3 -0.0096 0)
(1.32 -0.0096 0)
(1.34 -0.0096 0)
(1.36 -0.0096 0)
(1.38 -0.0096 0)
(1.4 -0.0096 0)
(1.42 -0.0096 0)
(1.44 -0.0096 0)
(1.46 -0.0096 0)
(1.48 -0.0096 0)
(1.5 -0.0096 0)
(1.52 -0.0096 0)
(1.54 -0.0096 0)
(1.56 -0.0096 0)
(1.58 -0.0096 0)
(1.6 -0.0096 0)
(1.62 -0.0096 0)
(1.64 -0.0096 0)
(1.66 -0.0096 0)
(1.68 -0.0096 0)
(1.7 -0.0096 0)
(1.72 -0.0096 0)
(1.74 -0.0096 0)
(1.76 -0.0096 0)
(1.78 -0.0096 0)
(1.8 -0.0096 0)
(1.82 -0.0096 0)
(1.84 -0.0096 0)
(1.86 -0.0096 0)
(1.88 -0.0096 0)
(1.9 -0.0096 0)
(1.92 -0.0096 0)
(1.94 -0.0096 0)
(1.96 -0.0096 0)
(1.98 -0.0096 0)
(2 -0.0096 0)
(0 -0.009 0)
(0.02 -0.009 0)
(0.04 -0.009 0)
(0.06 -0.009 0)
(0.08 -0.009 0)
(0.1 -0.009 0)
(0.12 -0.009 0)
(0.14 -0.009 0)
(0.16 -0.009 0)
(0.18 -0.009 0)
(0.2 -0.009 0)
(0.22 -0.009 0)
(0.24 -0.009 0)
(0.26 -0.009 0)
(0.28 -0.009 0)
(0.3 -0.009 0)
(0.32 -0.009 0)
(0.34 -0.009 0)
(0.36 -0.009 0)
(0.38 -0.009 0)
(0.4 -0.009 0)
(0.42 -0.009 0)
(0.44 -0.009 0)
(0.46 -0.009 0)
(0.48 -0.009 0)
(0.5 -0.009 0)
(0.52 -0.009 0)
(0.54 -0.009 0)
(0.56 -0.009 0)
(0.58 -0.009 0)
(0.6 -0.009 0)
(0.62 -0.009 0)
(0.64 -0.009 0)
(0.66 -0.009 0)
(0.68 -0.009 0)
(0.7 -0.009 0)
(0.72 -0.009 0)
(0.74 -0.009 0)
(0.76 -0.009 0)
(0.78 -0.009 0)
(0.8 -0.009 0)
(0.82 -0.009 0)
(0.84 -0.009 0)
(0.86 -0.009 0)
(0.88 -0.009 0)
(0.9 -0.009 0)
(0.92 -0.009 0)
(0.94 -0.009 0)
(0.96 -0.009 0)
(0.98 -0.009 0)
(1 -0.009 0)
(1.02 -0.009 0)
(1.04 -0.009 0)
(1.06 -0.009 0)
(1.08 -0.009 0)
(1.1 -0.009 0)
(1.12 -0.009 0)
(1.14 -0.009 0)
(1.16 -0.009 0)
(1.18 -0.009 0)
(1.2 -0.009 0)
(1.22 -0.009 0)
(1.24 -0.009 0)
(1.26 -0.009 0)
(1.28 -0.009 0)
(1.3 -0.009 0)
(1.32 -0.009 0)
(1.34 -0.009 0)
(1.36 -0.009 0)
(1.38 -0.009 0)
(1.4 -0.009 0)
(1.42 -0.009 0)
(1.44 -0.009 0)
(1.46 -0.009 0)
(1.48 -0.009 0)
(1.5 -0.009 0)
(1.52 -0.009 0)
(1.54 -0.009 0)
(1.56 -0.009 0)
(1.58 -0.009 0)
(1.6 -0.009 0)
(1.62 -0.009 0)
(1.64 -0.009 0)
(1.66 -0.009 0)
(1.68 -0.009 0)
(1.7 -0.009 0)
(1.72 -0.009 0)
(1.74 -0.009 0)
(1.76 -0.009 0)
(1.78 -0.009 0)
(1.8 -0.009 0)
(1.82 -0.009 0)
(1.84 -0.009 0)
(1.86 -0.009 0)
(1.88 -0.009 0)
(1.9 -0.009 0)
(1.92 -0.009 0)
(1.94 -0.009 0)
(1.96 -0.009 0)
(1.98 -0.009 0)
(2 -0.009 0)
(0 -0.0084 0)
(0.02 -0.0084 0)
(0.04 -0.0084 0)
(0.06 -0.0084 0)
(0.08 -0.0084 0)
(0.1 -0.0084 0)
(0.12 -0.0084 0)
(0.14 -0.0084 0)
(0.16 -0.0084 0)
(0.18 -0.0084 0)
(0.2 -0.0084 0)
(0.22 -0.0084 0)
(0.24 -0.0084 0)
(0.26 -0.0084 0)
(0.28 -0.0084 0)
(0.3 -0.0084 0)
(0.32 -0.0084 0)
(0.34 -0.0084 0)
(0.36 -0.0084 0)
(0.38 -0.0084 0)
(0.4 -0.0084 0)
(0.42 -0.0084 0)
(0.44 -0.0084 0)
(0.46 -0.0084 0)
(0.48 -0.0084 0)
(0.5 -0.0084 0)
(0.52 -0.0084 0)
(0.54 -0.0084 0)
(0.56 -0.0084 0)
(0.58 -0.0084 0)
(0.6 -0.0084 0)
(0.62 -0.0084 0)
(0.64 -0.0084 0)
(0.66 -0.0084 0)
(0.68 -0.0084 0)
(0.7 -0.0084 0)
(0.72 -0.0084 0)
(0.74 -0.0084 0)
(0.76 -0.0084 0)
(0.78 -0.0084 0)
(0.8 -0.0084 0)
(0.82 -0.0084 0)
(0.84 -0.0084 0)
(0.86 -0.0084 0)
(0.88 -0.0084 0)
(0.9 -0.0084 0)
(0.92 -0.0084 0)
(0.94 -0.0084 0)
(0.96 -0.0084 0)
(0.98 -0.0084 0)
(1 -0.0084 0)
(1.02 -0.0084 0)
(1.04 -0.0084 0)
(1.06 -0.0084 0)
(1.08 -0.0084 0)
(1.1 -0.0084 0)
(1.12 -0.0084 0)
(1.14 -0.0084 0)
(1.16 -0.0084 0)
(1.18 -0.0084 0)
(1.2 -0.0084 0)
(1.22 -0.0084 0)
(1.24 -0.0084 0)
(1.26 -0.0084 0)
(1.28 -0.0084 0)
(1.3 -0.0084 0)
(1.32 -0.0084 0)
(1.34 -0.0084 0)
(1.36 -0.0084 0)
(1.38 -0.0084 0)
(1.4 -0.0084 0)
(1.42 -0.0084 0)
(1.44 -0.0084 0)
(1.46 -0.0084 0)
(1.48 -0.0084 0)
(1.5 -0.0084 0)
(1.52 -0.0084 0)
(1.54 -0.0084 0)
(1.56 -0.0084 0)
(1.58 -0.0084 0)
(1.6 -0.0084 0)
(1.62 -0.0084 0)
(1.64 -0.0084 0)
(1.66 -0.0084 0)
(1.68 -0.0084 0)
(1.7 -0.0084 0)
(1.72 -0.0084 0)
(1.74 -0.0084 0)
(1.76 -0.0084 0)
(1.78 -0.0084 0)
(1.8 -0.0084 0)
(1.82 -0.0084 0)
(1.84 -0.0084 0)
(1.86 -0.0084 0)
(1.88 -0.0084 0)
(1.9 -0.0084 0)
(1.92 -0.0084 0)
(1.94 -0.0084 0)
(1.96 -0.0084 0)
(1.98 -0.0084 0)
(2 -0.0084 0)
(0 -0.0078 0)
(0.02 -0.0078 0)
(0.04 -0.0078 0)
(0.06 -0.0078 0)
(0.08 -0.0078 0)
(0.1 -0.0078 0)
(0.12 -0.0078 0)
(0.14 -0.0078 0)
(0.16 -0.0078 0)
(0.18 -0.0078 0)
(0.2 -0.0078 0)
(0.22 -0.0078 0)
(0.24 -0.0078 0)
(0.26 -0.0078 0)
(0.28 -0.0078 0)
(0.3 -0.0078 0)
(0.32 -0.0078 0)
(0.34 -0.0078 0)
(0.36 -0.0078 0)
(0.38 -0.0078 0)
(0.4 -0.0078 0)
(0.42 -0.0078 0)
(0.44 -0.0078 0)
(0.46 -0.0078 0)
(0.48 -0.0078 0)
(0.5 -0.0078 0)
(0.52 -0.0078 0)
(0.54 -0.0078 0)
(0.56 -0.0078 0)
(0.58 -0.0078 0)
(0.6 -0.0078 0)
(0.62 -0.0078 0)
(0.64 -0.0078 0)
(0.66 -0.0078 0)
(0.68 -0.0078 0)
(0.7 -0.0078 0)
(0.72 -0.0078 0)
(0.74 -0.0078 0)
(0.76 -0.0078 0)
(0.78 -0.0078 0)
(0.8 -0.0078 0)
(0.82 -0.0078 0)
(0.84 -0.0078 0)
(0.86 -0.0078 0)
(0.88 -0.0078 0)
(0.9 -0.0078 0)
(0.92 -0.0078 0)
(0.94 -0.0078 0)
(0.96 -0.0078 0)
(0.98 -0.0078 0)
(1 -0.0078 0)
(1.02 -0.0078 0)
(1.04 -0.0078 0)
(1.06 -0.0078 0)
(1.08 -0.0078 0)
(1.1 -0.0078 0)
(1.12 -0.0078 0)
(1.14 -0.0078 0)
(1.16 -0.0078 0)
(1.18 -0.0078 0)
(1.2 -0.0078 0)
(1.22 -0.0078 0)
(1.24 -0.0078 0)
(1.26 -0.0078 0)
(1.28 -0.0078 0)
(1.3 -0.0078 0)
(1.32 -0.0078 0)
(1.34 -0.0078 0)
(1.36 -0.0078 0)
(1.38 -0.0078 0)
(1.4 -0.0078 0)
(1.42 -0.0078 0)
(1.44 -0.0078 0)
(1.46 -0.0078 0)
(1.48 -0.0078 0)
(1.5 -0.0078 0)
(1.52 -0.0078 0)
(1.54 -0.0078 0)
(1.56 -0.0078 0)
(1.58 -0.0078 0)
(1.6 -0.0078 0)
(1.62 -0.0078 0)
(1.64 -0.0078 0)
(1.66 -0.0078 0)
(1.68 -0.0078 0)
(1.7 -0.0078 0)
(1.72 -0.0078 0)
(1.74 -0.0078 0)
(1.76 -0.0078 0)
(1.78 -0.0078 0)
(1.8 -0.0078 0)
(1.82 -0.0078 0)
(1.84 -0.0078 0)
(1.86 -0.0078 0)
(1.88 -0.0078 0)
(1.9 -0.0078 0)
(1.92 -0.0078 0)
(1.94 -0.0078 0)
(1.96 -0.0078 0)
(1.98 -0.0078 0)
(2 -0.0078 0)
(0 -0.0072 0)
(0.02 -0.0072 0)
(0.04 -0.0072 0)
(0.06 -0.0072 0)
(0.08 -0.0072 0)
(0.1 -0.0072 0)
(0.12 -0.0072 0)
(0.14 -0.0072 0)
(0.16 -0.0072 0)
(0.18 -0.0072 0)
(0.2 -0.0072 0)
(0.22 -0.0072 0)
(0.24 -0.0072 0)
(0.26 -0.0072 0)
(0.28 -0.0072 0)
(0.3 -0.0072 0)
(0.32 -0.0072 0)
(0.34 -0.0072 0)
(0.36 -0.0072 0)
(0.38 -0.0072 0)
(0.4 -0.0072 0)
(0.42 -0.0072 0)
(0.44 -0.0072 0)
(0.46 -0.0072 0)
(0.48 -0.0072 0)
(0.5 -0.0072 0)
(0.52 -0.0072 0)
(0.54 -0.0072 0)
(0.56 -0.0072 0)
(0.58 -0.0072 0)
(0.6 -0.0072 0)
(0.62 -0.0072 0)
(0.64 -0.0072 0)
(0.66 -0.0072 0)
(0.68 -0.0072 0)
(0.7 -0.0072 0)
(0.72 -0.0072 0)
(0.74 -0.0072 0)
(0.76 -0.0072 0)
(0.78 -0.0072 0)
(0.8 -0.0072 0)
(0.82 -0.0072 0)
(0.84 -0.0072 0)
(0.86 -0.0072 0)
(0.88 -0.0072 0)
(0.9 -0.0072 0)
(0.92 -0.0072 0)
(0.94 -0.0072 0)
(0.96 -0.0072 0)
(0.98 -0.0072 0)
(1 -0.0072 0)
(1.02 -0.0072 0)
(1.04 -0.0072 0)
(1.06 -0.0072 0)
(1.08 -0.0072 0)
(1.1 -0.0072 0)
(1.12 -0.0072 0)
(1.14 -0.0072 0)
(1.16 -0.0072 0)
(1.18 -0.0072 0)
(1.2 -0.0072 0)
(1.22 -0.0072 0)
(1.24 -0.0072 0)
(1.26 -0.0072 0)
(1.28 -0.0072 0)
(1.3 -0.0072 0)
(1.32 -0.0072 0)
(1.34 -0.0072 0)
(1.36 -0.0072 0)
(1.38 -0.0072 0)
(1.4 -0.0072 0)
(1.42 -0.0072 0)
(1.44 -0.0072 0)
(1.46 -0.0072 0)
(1.48 -0.0072 0)
(1.5 -0.0072 0)
(1.52 -0.0072 0)
(1.54 -0.0072 0)
(1.56 -0.0072 0)
(1.58 -0.0072 0)
(1.6 -0.0072 0)
(1.62 -0.0072 0)
(1.64 -0.0072 0)
(1.66 -0.0072 0)
(1.68 -0.0072 0)
(1.7 -0.0072 0)
(1.72 -0.0072 0)
(1.74 -0.0072 0)
(1.76 -0.0072 0)
(1.78 -0.0072 0)
(1.8 -0.0072 0)
(1.82 -0.0072 0)
(1.84 -0.0072 0)
(1.86 -0.0072 0)
(1.88 -0.0072 0)
(1.9 -0.0072 0)
(1.92 -0.0072 0)
(1.94 -0.0072 0)
(1.96 -0.0072 0)
(1.98 -0.0072 0)
(2 -0.0072 0)
(0 -0.0066 0)
(0.02 -0.0066 0)
(0.04 -0.0066 0)
(0.06 -0.0066 0)
(0.08 -0.0066 0)
(0.1 -0.0066 0)
(0.12 -0.0066 0)
(0.14 -0.0066 0)
(0.16 -0.0066 0)
(0.18 -0.0066 0)
(0.2 -0.0066 0)
(0.22 -0.0066 0)
(0.24 -0.0066 0)
(0.26 -0.0066 0)
(0.28 -0.0066 0)
(0.3 -0.0066 0)
(0.32 -0.0066 0)
(0.34 -0.0066 0)
(0.36 -0.0066 0)
(0.38 -0.0066 0)
(0.4 -0.0066 0)
(0.42 -0.0066 0)
(0.44 -0.0066 0)
(0.46 -0.0066 0)
(0.48 -0.0066 0)
(0.5 -0.0066 0)
(0.52 -0.0066 0)
(0.54 -0.0066 0)
(0.56 -0.0066 0)
(0.58 -0.0066 0)
(0.6 -0.0066 0)
(0.62 -0.0066 0)
(0.64 -0.0066 0)
(0.66 -0.0066 0)
(0.68 -0.0066 0)
(0.7 -0.0066 0)
(0.72 -0.0066 0)
(0.74 -0.0066 0)
(0.76 -0.0066 0)
(0.78 -0.0066 0)
(0.8 -0.0066 0)
(0.82 -0.0066 0)
(0.84 -0.0066 0)
(0.86 -0.0066 0)
(0.88 -0.0066 0)
(0.9 -0.0066 0)
(0.92 -0.0066 0)
(0.94 -0.0066 0)
(0.96 -0.0066 0)
(0.98 -0.0066 0)
(1 -0.0066 0)
(1.02 -0.0066 0)
(1.04 -0.0066 0)
(1.06 -0.0066 0)
(1.08 -0.0066 0)
(1.1 -0.0066 0)
(1.12 -0.0066 0)
(1.14 -0.0066 0)
(1.16 -0.0066 0)
(1.18 -0.0066 0)
(1.2 -0.0066 0)
(1.22 -0.0066 0)
(1.24 -0.0066 0)
(1.26 -0.0066 0)
(1.28 -0.0066 0)
(1.3 -0.0066 0)
(1.32 -0.0066 0)
(1.34 -0.0066 0)
(1.36 -0.0066 0)
(1.38 -0.0066 0)
(1.4 -0.0066 0)
(1.42 -0.0066 0)
(1.44 -0.0066 0)
(1.46 -0.0066 0)
(1.48 -0.0066 0)
(1.5 -0.0066 0)
(1.52 -0.0066 0)
(1.54 -0.0066 0)
(1.56 -0.0066 0)
(1.58 -0.0066 0)
(1.6 -0.0066 0)
(1.62 -0.0066 0)
(1.64 -0.0066 0)
(1.66 -0.0066 0)
(1.68 -0.0066 0)
(1.7 -0.0066 0)
(1.72 -0.0066 0)
(1.74 -0.0066 0)
(1.76 -0.0066 0)
(1.78 -0.0066 0)
(1.8 -0.0066 0)
(1.82 -0.0066 0)
(1.84 -0.0066 0)
(1.86 -0.0066 0)
(1.88 -0.0066 0)
(1.9 -0.0066 0)
(1.92 -0.0066 0)
(1.94 -0.0066 0)
(1.96 -0.0066 0)
(1.98 -0.0066 0)
(2 -0.0066 0)
(0 -0.006 0)
(0.02 -0.006 0)
(0.04 -0.006 0)
(0.06 -0.006 0)
(0.08 -0.006 0)
(0.1 -0.006 0)
(0.12 -0.006 0)
(0.14 -0.006 0)
(0.16 -0.006 0)
(0.18 -0.006 0)
(0.2 -0.006 0)
(0.22 -0.006 0)
(0.24 -0.006 0)
(0.26 -0.006 0)
(0.28 -0.006 0)
(0.3 -0.006 0)
(0.32 -0.006 0)
(0.34 -0.006 0)
(0.36 -0.006 0)
(0.38 -0.006 0)
(0.4 -0.006 0)
(0.42 -0.006 0)
(0.44 -0.006 0)
(0.46 -0.006 0)
(0.48 -0.006 0)
(0.5 -0.006 0)
(0.52 -0.006 0)
(0.54 -0.006 0)
(0.56 -0.006 0)
(0.58 -0.006 0)
(0.6 -0.006 0)
(0.62 -0.006 0)
(0.64 -0.006 0)
(0.66 -0.006 0)
(0.68 -0.006 0)
(0.7 -0.006 0)
(0.72 -0.006 0)
(0.74 -0.006 0)
(0.76 -0.006 0)
(0.78 -0.006 0)
(0.8 -0.006 0)
(0.82 -0.006 0)
(0.84 -0.006 0)
(0.86 -0.006 0)
(0.88 -0.006 0)
(0.9 -0.006 0)
(0.92 -0.006 0)
(0.94 -0.006 0)
(0.96 -0.006 0)
(0.98 -0.006 0)
(1 -0.006 0)
(1.02 -0.006 0)
(1.04 -0.006 0)
(1.06 -0.006 0)
(1.08 -0.006 0)
(1.1 -0.006 0)
(1.12 -0.006 0)
(1.14 -0.006 0)
(1.16 -0.006 0)
(1.18 -0.006 0)
(1.2 -0.006 0)
(1.22 -0.006 0)
(1.24 -0.006 0)
(1.26 -0.006 0)
(1.28 -0.006 0)
(1.3 -0.006 0)
(1.32 -0.006 0)
(1.34 -0.006 0)
(1.36 -0.006 0)
(1.38 -0.006 0)
(1.4 -0.006 0)
(1.42 -0.006 0)
(1.44 -0.006 0)
(1.46 -0.006 0)
(1.48 -0.006 0)
(1.5 -0.006 0)
(1.52 -0.006 0)
(1.54 -0.006 0)
(1.56 -0.006 0)
(1.58 -0.006 0)
(1.6 -0.006 0)
(1.62 -0.006 0)
(1.64 -0.006 0)
(1.66 -0.006 0)
(1.68 -0.006 0)
(1.7 -0.006 0)
(1.72 -0.006 0)
(1.74 -0.006 0)
(1.76 -0.006 0)
(1.78 -0.006 0)
(1.8 -0.006 0)
(1.82 -0.006 0)
(1.84 -0.006 0)
(1.86 -0.006 0)
(1.88 -0.006 0)
(1.9 -0.006 0)
(1.92 -0.006 0)
(1.94 -0.006 0)
(1.96 -0.006 0)
(1.98 -0.006 0)
(2 -0.006 0)
(0 -0.0054 0)
(0.02 -0.0054 0)
(0.04 -0.0054 0)
(0.06 -0.0054 0)
(0.08 -0.0054 0)
(0.1 -0.0054 0)
(0.12 -0.0054 0)
(0.14 -0.0054 0)
(0.16 -0.0054 0)
(0.18 -0.0054 0)
(0.2 -0.0054 0)
(0.22 -0.0054 0)
(0.24 -0.0054 0)
(0.26 -0.0054 0)
(0.28 -0.0054 0)
(0.3 -0.0054 0)
(0.32 -0.0054 0)
(0.34 -0.0054 0)
(0.36 -0.0054 0)
(0.38 -0.0054 0)
(0.4 -0.0054 0)
(0.42 -0.0054 0)
(0.44 -0.0054 0)
(0.46 -0.0054 0)
(0.48 -0.0054 0)
(0.5 -0.0054 0)
(0.52 -0.0054 0)
(0.54 -0.0054 0)
(0.56 -0.0054 0)
(0.58 -0.0054 0)
(0.6 -0.0054 0)
(0.62 -0.0054 0)
(0.64 -0.0054 0)
(0.66 -0.0054 0)
(0.68 -0.0054 0)
(0.7 -0.0054 0)
(0.72 -0.0054 0)
(0.74 -0.0054 0)
(0.76 -0.0054 0)
(0.78 -0.0054 0)
(0.8 -0.0054 0)
(0.82 -0.0054 0)
(0.84 -0.0054 0)
(0.86 -0.0054 0)
(0.88 -0.0054 0)
(0.9 -0.0054 0)
(0.92 -0.0054 0)
(0.94 -0.0054 0)
(0.96 -0.0054 0)
(0.98 -0.0054 0)
(1 -0.0054 0)
(1.02 -0.0054 0)
(1.04 -0.0054 0)
(1.06 -0.0054 0)
(1.08 -0.0054 0)
(1.1 -0.0054 0)
(1.12 -0.0054 0)
(1.14 -0.0054 0)
(1.16 -0.0054 0)
(1.18 -0.0054 0)
(1.2 -0.0054 0)
(1.22 -0.0054 0)
(1.24 -0.0054 0)
(1.26 -0.0054 0)
(1.28 -0.0054 0)
(1.3 -0.0054 0)
(1.32 -0.0054 0)
(1.34 -0.0054 0)
(1.36 -0.0054 0)
(1.38 -0.0054 0)
(1.4 -0.0054 0)
(1.42 -0.0054 0)
(1.44 -0.0054 0)
(1.46 -0.0054 0)
(1.48 -0.0054 0)
(1.5 -0.0054 0)
(1.52 -0.0054 0)
(1.54 -0.0054 0)
(1.56 -0.0054 0)
(1.58 -0.0054 0)
(1.6 -0.0054 0)
(1.62 -0.0054 0)
(1.64 -0.0054 0)
(1.66 -0.0054 0)
(1.68 -0.0054 0)
(1.7 -0.0054 0)
(1.72 -0.0054 0)
(1.74 -0.0054 0)
(1.76 -0.0054 0)
(1.78 -0.0054 0)
(1.8 -0.0054 0)
(1.82 -0.0054 0)
(1.84 -0.0054 0)
(1.86 -0.0054 0)
(1.88 -0.0054 0)
(1.9 -0.0054 0)
(1.92 -0.0054 0)
(1.94 -0.0054 0)
(1.96 -0.0054 0)
(1.98 -0.0054 0)
(2 -0.0054 0)
(0 -0.0048 0)
(0.02 -0.0048 0)
(0.04 -0.0048 0)
(0.06 -0.0048 0)
(0.08 -0.0048 0)
(0.1 -0.0048 0)
(0.12 -0.0048 0)
(0.14 -0.0048 0)
(0.16 -0.0048 0)
(0.18 -0.0048 0)
(0.2 -0.0048 0)
(0.22 -0.0048 0)
(0.24 -0.0048 0)
(0.26 -0.0048 0)
(0.28 -0.0048 0)
(0.3 -0.0048 0)
(0.32 -0.0048 0)
(0.34 -0.0048 0)
(0.36 -0.0048 0)
(0.38 -0.0048 0)
(0.4 -0.0048 0)
(0.42 -0.0048 0)
(0.44 -0.0048 0)
(0.46 -0.0048 0)
(0.48 -0.0048 0)
(0.5 -0.0048 0)
(0.52 -0.0048 0)
(0.54 -0.0048 0)
(0.56 -0.0048 0)
(0.58 -0.0048 0)
(0.6 -0.0048 0)
(0.62 -0.0048 0)
(0.64 -0.0048 0)
(0.66 -0.0048 0)
(0.68 -0.0048 0)
(0.7 -0.0048 0)
(0.72 -0.0048 0)
(0.74 -0.0048 0)
(0.76 -0.0048 0)
(0.78 -0.0048 0)
(0.8 -0.0048 0)
(0.82 -0.0048 0)
(0.84 -0.0048 0)
(0.86 -0.0048 0)
(0.88 -0.0048 0)
(0.9 -0.0048 0)
(0.92 -0.0048 0)
(0.94 -0.0048 0)
(0.96 -0.0048 0)
(0.98 -0.0048 0)
(1 -0.0048 0)
(1.02 -0.0048 0)
(1.04 -0.0048 0)
(1.06 -0.0048 0)
(1.08 -0.0048 0)
(1.1 -0.0048 0)
(1.12 -0.0048 0)
(1.14 -0.0048 0)
(1.16 -0.0048 0)
(1.18 -0.0048 0)
(1.2 -0.0048 0)
(1.22 -0.0048 0)
(1.24 -0.0048 0)
(1.26 -0.0048 0)
(1.28 -0.0048 0)
(1.3 -0.0048 0)
(1.32 -0.0048 0)
(1.34 -0.0048 0)
(1.36 -0.0048 0)
(1.38 -0.0048 0)
(1.4 -0.0048 0)
(1.42 -0.0048 0)
(1.44 -0.0048 0)
(1.46 -0.0048 0)
(1.48 -0.0048 0)
(1.5 -0.0048 0)
(1.52 -0.0048 0)
(1.54 -0.0048 0)
(1.56 -0.0048 0)
(1.58 -0.0048 0)
(1.6 -0.0048 0)
(1.62 -0.0048 0)
(1.64 -0.0048 0)
(1.66 -0.0048 0)
(1.68 -0.0048 0)
(1.7 -0.0048 0)
(1.72 -0.0048 0)
(1.74 -0.0048 0)
(1.76 -0.0048 0)
(1.78 -0.0048 0)
(1.8 -0.0048 0)
(1.82 -0.0048 0)
(1.84 -0.0048 0)
(1.86 -0.0048 0)
(1.88 -0.0048 0)
(1.9 -0.0048 0)
(1.92 -0.0048 0)
(1.94 -0.0048 0)
(1.96 -0.0048 0)
(1.98 -0.0048 0)
(2 -0.0048 0)
(0 -0.0042 0)
(0.02 -0.0042 0)
(0.04 -0.0042 0)
(0.06 -0.0042 0)
(0.08 -0.0042 0)
(0.1 -0.0042 0)
(0.12 -0.0042 0)
(0.14 -0.0042 0)
(0.16 -0.0042 0)
(0.18 -0.0042 0)
(0.2 -0.0042 0)
(0.22 -0.0042 0)
(0.24 -0.0042 0)
(0.26 -0.0042 0)
(0.28 -0.0042 0)
(0.3 -0.0042 0)
(0.32 -0.0042 0)
(0.34 -0.0042 0)
(0.36 -0.0042 0)
(0.38 -0.0042 0)
(0.4 -0.0042 0)
(0.42 -0.0042 0)
(0.44 -0.0042 0)
(0.46 -0.0042 0)
(0.48 -0.0042 0)
(0.5 -0.0042 0)
(0.52 -0.0042 0)
(0.54 -0.0042 0)
(0.56 -0.0042 0)
(0.58 -0.0042 0)
(0.6 -0.0042 0)
(0.62 -0.0042 0)
(0.64 -0.0042 0)
(0.66 -0.0042 0)
(0.68 -0.0042 0)
(0.7 -0.0042 0)
(0.72 -0.0042 0)
(0.74 -0.0042 0)
(0.76 -0.0042 0)
(0.78 -0.0042 0)
(0.8 -0.0042 0)
(0.82 -0.0042 0)
(0.84 -0.0042 0)
(0.86 -0.0042 0)
(0.88 -0.0042 0)
(0.9 -0.0042 0)
(0.92 -0.0042 0)
(0.94 -0.0042 0)
(0.96 -0.0042 0)
(0.98 -0.0042 0)
(1 -0.0042 0)
(1.02 -0.0042 0)
(1.04 -0.0042 0)
(1.06 -0.0042 0)
(1.08 -0.0042 0)
(1.1 -0.0042 0)
(1.12 -0.0042 0)
(1.14 -0.0042 0)
(1.16 -0.0042 0)
(1.18 -0.0042 0)
(1.2 -0.0042 0)
(1.22 -0.0042 0)
(1.24 -0.0042 0)
(1.26 -0.0042 0)
(1.28 -0.0042 0)
(1.3 -0.0042 0)
(1.32 -0.0042 0)
(1.34 -0.0042 0)
(1.36 -0.0042 0)
(1.38 -0.0042 0)
(1.4 -0.0042 0)
(1.42 -0.0042 0)
(1.44 -0.0042 0)
(1.46 -0.0042 0)
(1.48 -0.0042 0)
(1.5 -0.0042 0)
(1.52 -0.0042 0)
(1.54 -0.0042 0)
(1.56 -0.0042 0)
(1.58 -0.0042 0)
(1.6 -0.0042 0)
(1.62 -0.0042 0)
(1.64 -0.0042 0)
(1.66 -0.0042 0)
(1.68 -0.0042 0)
(1.7 -0.0042 0)
(1.72 -0.0042 0)
(1.74 -0.0042 0)
(1.76 -0.0042 0)
(1.78 -0.0042 0)
(1.8 -0.0042 0)
(1.82 -0.0042 0)
(1.84 -0.0042 0)
(1.86 -0.0042 0)
(1.88 -0.0042 0)
(1.9 -0.0042 0)
(1.92 -0.0042 0)
(1.94 -0.0042 0)
(1.96 -0.0042 0)
(1.98 -0.0042 0)
(2 -0.0042 0)
(0 -0.0036 0)
(0.02 -0.0036 0)
(0.04 -0.0036 0)
(0.06 -0.0036 0)
(0.08 -0.0036 0)
(0.1 -0.0036 0)
(0.12 -0.0036 0)
(0.14 -0.0036 0)
(0.16 -0.0036 0)
(0.18 -0.0036 0)
(0.2 -0.0036 0)
(0.22 -0.0036 0)
(0.24 -0.0036 0)
(0.26 -0.0036 0)
(0.28 -0.0036 0)
(0.3 -0.0036 0)
(0.32 -0.0036 0)
(0.34 -0.0036 0)
(0.36 -0.0036 0)
(0.38 -0.0036 0)
(0.4 -0.0036 0)
(0.42 -0.0036 0)
(0.44 -0.0036 0)
(0.46 -0.0036 0)
(0.48 -0.0036 0)
(0.5 -0.0036 0)
(0.52 -0.0036 0)
(0.54 -0.0036 0)
(0.56 -0.0036 0)
(0.58 -0.0036 0)
(0.6 -0.0036 0)
(0.62 -0.0036 0)
(0.64 -0.0036 0)
(0.66 -0.0036 0)
(0.68 -0.0036 0)
(0.7 -0.0036 0)
(0.72 -0.0036 0)
(0.74 -0.0036 0)
(0.76 -0.0036 0)
(0.78 -0.0036 0)
(0.8 -0.0036 0)
(0.82 -0.0036 0)
(0.84 -0.0036 0)
(0.86 -0.0036 0)
(0.88 -0.0036 0)
(0.9 -0.0036 0)
(0.92 -0.0036 0)
(0.94 -0.0036 0)
(0.96 -0.0036 0)
(0.98 -0.0036 0)
(1 -0.0036 0)
(1.02 -0.0036 0)
(1.04 -0.0036 0)
(1.06 -0.0036 0)
(1.08 -0.0036 0)
(1.1 -0.0036 0)
(1.12 -0.0036 0)
(1.14 -0.0036 0)
(1.16 -0.0036 0)
(1.18 -0.0036 0)
(1.2 -0.0036 0)
(1.22 -0.0036 0)
(1.24 -0.0036 0)
(1.26 -0.0036 0)
(1.28 -0.0036 0)
(1.3 -0.0036 0)
(1.32 -0.0036 0)
(1.34 -0.0036 0)
(1.36 -0.0036 0)
(1.38 -0.0036 0)
(1.4 -0.0036 0)
(1.42 -0.0036 0)
(1.44 -0.0036 0)
(1.46 -0.0036 0)
(1.48 -0.0036 0)
(1.5 -0.0036 0)
(1.52 -0.0036 0)
(1.54 -0.0036 0)
(1.56 -0.0036 0)
(1.58 -0.0036 0)
(1.6 -0.0036 0)
(1.62 -0.0036 0)
(1.64 -0.0036 0)
(1.66 -0.0036 0)
(1.68 -0.0036 0)
(1.7 -0.0036 0)
(1.72 -0.0036 0)
(1.74 -0.0036 0)
(1.76 -0.0036 0)
(1.78 -0.0036 0)
(1.8 -0.0036 0)
(1.82 -0.0036 0)
(1.84 -0.0036 0)
(1.86 -0.0036 0)
(1.88 -0.0036 0)
(1.9 -0.0036 0)
(1.92 -0.0036 0)
(1.94 -0.0036 0)
(1.96 -0.0036 0)
(1.98 -0.0036 0)
(2 -0.0036 0)
(0 -0.003 0)
(0.02 -0.003 0)
(0.04 -0.003 0)
(0.06 -0.003 0)
(0.08 -0.003 0)
(0.1 -0.003 0)
(0.12 -0.003 0)
(0.14 -0.003 0)
(0.16 -0.003 0)
(0.18 -0.003 0)
(0.2 -0.003 0)
(0.22 -0.003 0)
(0.24 -0.003 0)
(0.26 -0.003 0)
(0.28 -0.003 0)
(0.3 -0.003 0)
(0.32 -0.003 0)
(0.34 -0.003 0)
(0.36 -0.003 0)
(0.38 -0.003 0)
(0.4 -0.003 0)
(0.42 -0.003 0)
(0.44 -0.003 0)
(0.46 -0.003 0)
(0.48 -0.003 0)
(0.5 -0.003 0)
(0.52 -0.003 0)
(0.54 -0.003 0)
(0.56 -0.003 0)
(0.58 -0.003 0)
(0.6 -0.003 0)
(0.62 -0.003 0)
(0.64 -0.003 0)
(0.66 -0.003 0)
(0.68 -0.003 0)
(0.7 -0.003 0)
(0.72 -0.003 0)
(0.74 -0.003 0)
(0.76 -0.003 0)
(0.78 -0.003 0)
(0.8 -0.003 0)
(0.82 -0.003 0)
(0.84 -0.003 0)
(0.86 -0.003 0)
(0.88 -0.003 0)
(0.9 -0.003 0)
(0.92 -0.003 0)
(0.94 -0.003 0)
(0.96 -0.003 0)
(0.98 -0.003 0)
(1 -0.003 0)
(1.02 -0.003 0)
(1.04 -0.003 0)
(1.06 -0.003 0)
(1.08 -0.003 0)
(1.1 -0.003 0)
(1.12 -0.003 0)
(1.14 -0.003 0)
(1.16 -0.003 0)
(1.18 -0.003 0)
(1.2 -0.003 0)
(1.22 -0.003 0)
(1.24 -0.003 0)
(1.26 -0.003 0)
(1.28 -0.003 0)
(1.3 -0.003 0)
(1.32 -0.003 0)
(1.34 -0.003 0)
(1.36 -0.003 0)
(1.38 -0.003 0)
(1.4 -0.003 0)
(1.42 -0.003 0)
(1.44 -0.003 0)
(1.46 -0.003 0)
(1.48 -0.003 0)
(1.5 -0.003 0)
(1.52 -0.003 0)
(1.54 -0.003 0)
(1.56 -0.003 0)
(1.58 -0.003 0)
(1.6 -0.003 0)
(1.62 -0.003 0)
(1.64 -0.003 0)
(1.66 -0.003 0)
(1.68 -0.003 0)
(1.7 -0.003 0)
(1.72 -0.003 0)
(1.74 -0.003 0)
(1.76 -0.003 0)
(1.78 -0.003 0)
(1.8 -0.003 0)
(1.82 -0.003 0)
(1.84 -0.003 0)
(1.86 -0.003 0)
(1.88 -0.003 0)
(1.9 -0.003 0)
(1.92 -0.003 0)
(1.94 -0.003 0)
(1.96 -0.003 0)
(1.98 -0.003 0)
(2 -0.003 0)
(0 -0.0024 0)
(0.02 -0.0024 0)
(0.04 -0.0024 0)
(0.06 -0.0024 0)
(0.08 -0.0024 0)
(0.1 -0.0024 0)
(0.12 -0.0024 0)
(0.14 -0.0024 0)
(0.16 -0.0024 0)
(0.18 -0.0024 0)
(0.2 -0.0024 0)
(0.22 -0.0024 0)
(0.24 -0.0024 0)
(0.26 -0.0024 0)
(0.28 -0.0024 0)
(0.3 -0.0024 0)
(0.32 -0.0024 0)
(0.34 -0.0024 0)
(0.36 -0.0024 0)
(0.38 -0.0024 0)
(0.4 -0.0024 0)
(0.42 -0.0024 0)
(0.44 -0.0024 0)
(0.46 -0.0024 0)
(0.48 -0.0024 0)
(0.5 -0.0024 0)
(0.52 -0.0024 0)
(0.54 -0.0024 0)
(0.56 -0.0024 0)
(0.58 -0.0024 0)
(0.6 -0.0024 0)
(0.62 -0.0024 0)
(0.64 -0.0024 0)
(0.66 -0.0024 0)
(0.68 -0.0024 0)
(0.7 -0.0024 0)
(0.72 -0.0024 0)
(0.74 -0.0024 0)
(0.76 -0.0024 0)
(0.78 -0.0024 0)
(0.8 -0.0024 0)
(0.82 -0.0024 0)
(0.84 -0.0024 0)
(0.86 -0.0024 0)
(0.88 -0.0024 0)
(0.9 -0.0024 0)
(0.92 -0.0024 0)
(0.94 -0.0024 0)
(0.96 -0.0024 0)
(0.98 -0.0024 0)
(1 -0.0024 0)
(1.02 -0.0024 0)
(1.04 -0.0024 0)
(1.06 -0.0024 0)
(1.08 -0.0024 0)
(1.1 -0.0024 0)
(1.12 -0.0024 0)
(1.14 -0.0024 0)
(1.16 -0.0024 0)
(1.18 -0.0024 0)
(1.2 -0.0024 0)
(1.22 -0.0024 0)
(1.24 -0.0024 0)
(1.26 -0.0024 0)
(1.28 -0.0024 0)
(1.3 -0.0024 0)
(1.32 -0.0024 0)
(1.34 -0.0024 0)
(1.36 -0.0024 0)
(1.38 -0.0024 0)
(1.4 -0.0024 0)
(1.42 -0.0024 0)
(1.44 -0.0024 0)
(1.46 -0.0024 0)
(1.48 -0.0024 0)
(1.5 -0.0024 0)
(1.52 -0.0024 0)
(1.54 -0.0024 0)
(1.56 -0.0024 0)
(1.58 -0.0024 0)
(1.6 -0.0024 0)
(1.62 -0.0024 0)
(1.64 -0.0024 0)
(1.66 -0.0024 0)
(1.68 -0.0024 0)
(1.7 -0.0024 0)
(1.72 -0.0024 0)
(1.74 -0.0024 0)
(1.76 -0.0024 0)
(1.78 -0.0024 0)
(1.8 -0.0024 0)
(1.82 -0.0024 0)
(1.84 -0.0024 0)
(1.86 -0.0024 0)
(1.88 -0.0024 0)
(1.9 -0.0024 0)
(1.92 -0.0024 0)
(1.94 -0.0024 0)
(1.96 -0.0024 0)
(1.98 -0.0024 0)
(2 -0.0024 0)
(0 -0.0018 0)
(0.02 -0.0018 0)
(0.04 -0.0018 0)
(0.06 -0.0018 0)
(0.08 -0.0018 0)
(0.1 -0.0018 0)
(0.12 -0.0018 0)
(0.14 -0.0018 0)
(0.16 -0.0018 0)
(0.18 -0.0018 0)
(0.2 -0.0018 0)
(0.22 -0.0018 0)
(0.24 -0.0018 0)
(0.26 -0.0018 0)
(0.28 -0.0018 0)
(0.3 -0.0018 0)
(0.32 -0.0018 0)
(0.34 -0.0018 0)
(0.36 -0.0018 0)
(0.38 -0.0018 0)
(0.4 -0.0018 0)
(0.42 -0.0018 0)
(0.44 -0.0018 0)
(0.46 -0.0018 0)
(0.48 -0.0018 0)
(0.5 -0.0018 0)
(0.52 -0.0018 0)
(0.54 -0.0018 0)
(0.56 -0.0018 0)
(0.58 -0.0018 0)
(0.6 -0.0018 0)
(0.62 -0.0018 0)
(0.64 -0.0018 0)
(0.66 -0.0018 0)
(0.68 -0.0018 0)
(0.7 -0.0018 0)
(0.72 -0.0018 0)
(0.74 -0.0018 0)
(0.76 -0.0018 0)
(0.78 -0.0018 0)
(0.8 -0.0018 0)
(0.82 -0.0018 0)
(0.84 -0.0018 0)
(0.86 -0.0018 0)
(0.88 -0.0018 0)
(0.9 -0.0018 0)
(0.92 -0.0018 0)
(0.94 -0.0018 0)
(0.96 -0.0018 0)
(0.98 -0.0018 0)
(1 -0.0018 0)
(1.02 -0.0018 0)
(1.04 -0.0018 0)
(1.06 -0.0018 0)
(1.08 -0.0018 0)
(1.1 -0.0018 0)
(1.12 -0.0018 0)
(1.14 -0.0018 0)
(1.16 -0.0018 0)
(1.18 -0.0018 0)
(1.2 -0.0018 0)
(1.22 -0.0018 0)
(1.24 -0.0018 0)
(1.26 -0.0018 0)
(1.28 -0.0018 0)
(1.3 -0.0018 0)
(1.32 -0.0018 0)
(1.34 -0.0018 0)
(1.36 -0.0018 0)
(1.38 -0.0018 0)
(1.4 -0.0018 0)
(1.42 -0.0018 0)
(1.44 -0.0018 0)
(1.46 -0.0018 0)
(1.48 -0.0018 0)
(1.5 -0.0018 0)
(1.52 -0.0018 0)
(1.54 -0.0018 0)
(1.56 -0.0018 0)
(1.58 -0.0018 0)
(1.6 -0.0018 0)
(1.62 -0.0018 0)
(1.64 -0.0018 0)
(1.66 -0.0018 0)
(1.68 -0.0018 0)
(1.7 -0.0018 0)
(1.72 -0.0018 0)
(1.74 -0.0018 0)
(1.76 -0.0018 0)
(1.78 -0.0018 0)
(1.8 -0.0018 0)
(1.82 -0.0018 0)
(1.84 -0.0018 0)
(1.86 -0.0018 0)
(1.88 -0.0018 0)
(1.9 -0.0018 0)
(1.92 -0.0018 0)
(1.94 -0.0018 0)
(1.96 -0.0018 0)
(1.98 -0.0018 0)
(2 -0.0018 0)
(0 -0.0012 0)
(0.02 -0.0012 0)
(0.04 -0.0012 0)
(0.06 -0.0012 0)
(0.08 -0.0012 0)
(0.1 -0.0012 0)
(0.12 -0.0012 0)
(0.14 -0.0012 0)
(0.16 -0.0012 0)
(0.18 -0.0012 0)
(0.2 -0.0012 0)
(0.22 -0.0012 0)
(0.24 -0.0012 0)
(0.26 -0.0012 0)
(0.28 -0.0012 0)
(0.3 -0.0012 0)
(0.32 -0.0012 0)
(0.34 -0.0012 0)
(0.36 -0.0012 0)
(0.38 -0.0012 0)
(0.4 -0.0012 0)
(0.42 -0.0012 0)
(0.44 -0.0012 0)
(0.46 -0.0012 0)
(0.48 -0.0012 0)
(0.5 -0.0012 0)
(0.52 -0.0012 0)
(0.54 -0.0012 0)
(0.56 -0.0012 0)
(0.58 -0.0012 0)
(0.6 -0.0012 0)
(0.62 -0.0012 0)
(0.64 -0.0012 0)
(0.66 -0.0012 0)
(0.68 -0.0012 0)
(0.7 -0.0012 0)
(0.72 -0.0012 0)
(0.74 -0.0012 0)
(0.76 -0.0012 0)
(0.78 -0.0012 0)
(0.8 -0.0012 0)
(0.82 -0.0012 0)
(0.84 -0.0012 0)
(0.86 -0.0012 0)
(0.88 -0.0012 0)
(0.9 -0.0012 0)
(0.92 -0.0012 0)
(0.94 -0.0012 0)
(0.96 -0.0012 0)
(0.98 -0.0012 0)
(1 -0.0012 0)
(1.02 -0.0012 0)
(1.04 -0.0012 0)
(1.06 -0.0012 0)
(1.08 -0.0012 0)
(1.1 -0.0012 0)
(1.12 -0.0012 0)
(1.14 -0.0012 0)
(1.16 -0.0012 0)
(1.18 -0.0012 0)
(1.2 -0.0012 0)
(1.22 -0.0012 0)
(1.24 -0.0012 0)
(1.26 -0.0012 0)
(1.28 -0.0012 0)
(1.3 -0.0012 0)
(1.32 -0.0012 0)
(1.34 -0.0012 0)
(1.36 -0.0012 0)
(1.38 -0.0012 0)
(1.4 -0.0012 0)
(1.42 -0.0012 0)
(1.44 -0.0012 0)
(1.46 -0.0012 0)
(1.48 -0.0012 0)
(1.5 -0.0012 0)
(1.52 -0.0012 0)
(1.54 -0.0012 0)
(1.56 -0.0012 0)
(1.58 -0.0012 0)
(1.6 -0.0012 0)
(1.62 -0.0012 0)
(1.64 -0.0012 0)
(1.66 -0.0012 0)
(1.68 -0.0012 0)
(1.7 -0.0012 0)
(1.72 -0.0012 0)
(1.74 -0.0012 0)
(1.76 -0.0012 0)
(1.78 -0.0012 0)
(1.8 -0.0012 0)
(1.82 -0.0012 0)
(1.84 -0.0012 0)
(1.86 -0.0012 0)
(1.88 -0.0012 0)
(1.9 -0.0012 0)
(1.92 -0.0012 0)
(1.94 -0.0012 0)
(1.96 -0.0012 0)
(1.98 -0.0012 0)
(2 -0.0012 0)
(0 -0.0006 0)
(0.02 -0.0006 0)
(0.04 -0.0006 0)
(0.06 -0.0006 0)
(0.08 -0.0006 0)
(0.1 -0.0006 0)
(0.12 -0.0006 0)
(0.14 -0.0006 0)
(0.16 -0.0006 0)
(0.18 -0.0006 0)
(0.2 -0.0006 0)
(0.22 -0.0006 0)
(0.24 -0.0006 0)
(0.26 -0.0006 0)
(0.28 -0.0006 0)
(0.3 -0.0006 0)
(0.32 -0.0006 0)
(0.34 -0.0006 0)
(0.36 -0.0006 0)
(0.38 -0.0006 0)
(0.4 -0.0006 0)
(0.42 -0.0006 0)
(0.44 -0.0006 0)
(0.46 -0.0006 0)
(0.48 -0.0006 0)
(0.5 -0.0006 0)
(0.52 -0.0006 0)
(0.54 -0.0006 0)
(0.56 -0.0006 0)
(0.58 -0.0006 0)
(0.6 -0.0006 0)
(0.62 -0.0006 0)
(0.64 -0.0006 0)
(0.66 -0.0006 0)
(0.68 -0.0006 0)
(0.7 -0.0006 0)
(0.72 -0.0006 0)
(0.74 -0.0006 0)
(0.76 -0.0006 0)
(0.78 -0.0006 0)
(0.8 -0.0006 0)
(0.82 -0.0006 0)
(0.84 -0.0006 0)
(0.86 -0.0006 0)
(0.88 -0.0006 0)
(0.9 -0.0006 0)
(0.92 -0.0006 0)
(0.94 -0.0006 0)
(0.96 -0.0006 0)
(0.98 -0.0006 0)
(1 -0.0006 0)
(1.02 -0.0006 0)
(1.04 -0.0006 0)
(1.06 -0.0006 0)
(1.08 -0.0006 0)
(1.1 -0.0006 0)
(1.12 -0.0006 0)
(1.14 -0.0006 0)
(1.16 -0.0006 0)
(1.18 -0.0006 0)
(1.2 -0.0006 0)
(1.22 -0.0006 0)
(1.24 -0.0006 0)
(1.26 -0.0006 0)
(1.28 -0.0006 0)
(1.3 -0.0006 0)
(1.32 -0.0006 0)
(1.34 -0.0006 0)
(1.36 -0.0006 0)
(1.38 -0.0006 0)
(1.4 -0.0006 0)
(1.42 -0.0006 0)
(1.44 -0.0006 0)
(1.46 -0.0006 0)
(1.48 -0.0006 0)
(1.5 -0.0006 0)
(1.52 -0.0006 0)
(1.54 -0.0006 0)
(1.56 -0.0006 0)
(1.58 -0.0006 0)
(1.6 -0.0006 0)
(1.62 -0.0006 0)
(1.64 -0.0006 0)
(1.66 -0.0006 0)
(1.68 -0.0006 0)
(1.7 -0.0006 0)
(1.72 -0.0006 0)
(1.74 -0.0006 0)
(1.76 -0.0006 0)
(1.78 -0.0006 0)
(1.8 -0.0006 0)
(1.82 -0.0006 0)
(1.84 -0.0006 0)
(1.86 -0.0006 0)
(1.88 -0.0006 0)
(1.9 -0.0006 0)
(1.92 -0.0006 0)
(1.94 -0.0006 0)
(1.96 -0.0006 0)
(1.98 -0.0006 0)
(2 -0.0006 0)
(0 0 0)
(0.02 0 0)
(0.04 0 0)
(0.06 0 0)
(0.08 0 0)
(0.1 0 0)
(0.12 0 0)
(0.14 0 0)
(0.16 0 0)
(0.18 0 0)
(0.2 0 0)
(0.22 0 0)
(0.24 0 0)
(0.26 0 0)
(0.28 2.891205793e-19 0)
(0.3 0 0)
(0.32 0 0)
(0.34 0 0)
(0.36 0 0)
(0.38 0 0)
(0.4 0 0)
(0.42 0 0)
(0.44 2.891205793e-19 0)
(0.46 0 0)
(0.48 0 0)
(0.5 0 0)
(0.52 0 0)
(0.54 0 0)
(0.56 0 0)
(0.58 0 0)
(0.6 0 0)
(0.62 0 0)
(0.64 -2.891205793e-19 0)
(0.66 -2.891205793e-19 0)
(0.68 0 0)
(0.7 0 0)
(0.72 -2.891205793e-19 0)
(0.74 0 0)
(0.76 0 0)
(0.78 2.891205793e-19 0)
(0.8 0 0)
(0.82 0 0)
(0.84 2.891205793e-19 0)
(0.86 2.891205793e-19 0)
(0.88 0 0)
(0.9 0 0)
(0.92 0 0)
(0.94 0 0)
(0.96 0 0)
(0.98 0 0)
(1 0 0)
(1.02 0 0)
(1.04 0 0)
(1.06 0 0)
(1.08 -1.445602897e-19 0)
(1.1 0 0)
(1.12 1.445602897e-19 0)
(1.14 0 0)
(1.16 0 0)
(1.18 -1.445602897e-19 0)
(1.2 0 0)
(1.22 1.445602897e-19 0)
(1.24 0 0)
(1.26 0 0)
(1.28 -1.445602897e-19 0)
(1.3 0 0)
(1.32 1.445602897e-19 0)
(1.34 0 0)
(1.36 0 0)
(1.38 -1.445602897e-19 0)
(1.4 0 0)
(1.42 1.445602897e-19 0)
(1.44 0 0)
(1.46 0 0)
(1.48 -1.445602897e-19 0)
(1.5 0 0)
(1.52 1.445602897e-19 0)
(1.54 -7.228014483e-20 0)
(1.56 7.228014483e-20 0)
(1.58 -1.445602897e-19 0)
(1.6 0 0)
(1.62 1.445602897e-19 0)
(1.64 -7.228014483e-20 0)
(1.66 7.228014483e-20 0)
(1.68 -1.445602897e-19 0)
(1.7 0 0)
(1.72 1.445602897e-19 0)
(1.74 -7.228014483e-20 0)
(1.76 7.228014483e-20 0)
(1.78 -1.084202172e-19 0)
(1.8 0 0)
(1.82 1.084202172e-19 0)
(1.84 -3.614007242e-20 0)
(1.86 7.228014483e-20 0)
(1.88 -1.264902535e-19 0)
(1.9 0 0)
(1.92 1.084202172e-19 0)
(1.94 -6.324512673e-20 0)
(1.96 5.421010862e-20 0)
(1.98 -1.174552354e-19 0)
(2 0 0)
(0 0.0006 0)
(0.02 0.0006 0)
(0.04 0.0006 0)
(0.06 0.0006 0)
(0.08 0.0006 0)
(0.1 0.0006 0)
(0.12 0.0006 0)
(0.14 0.0006 0)
(0.16 0.0006 0)
(0.18 0.0006 0)
(0.2 0.0006 0)
(0.22 0.0006 0)
(0.24 0.0006 0)
(0.26 0.0006 0)
(0.28 0.0006 0)
(0.3 0.0006 0)
(0.32 0.0006 0)
(0.34 0.0006 0)
(0.36 0.0006 0)
(0.38 0.0006 0)
(0.4 0.0006 0)
(0.42 0.0006 0)
(0.44 0.0006 0)
(0.46 0.0006 0)
(0.48 0.0006 0)
(0.5 0.0006 0)
(0.52 0.0006 0)
(0.54 0.0006 0)
(0.56 0.0006 0)
(0.58 0.0006 0)
(0.6 0.0006 0)
(0.62 0.0006 0)
(0.64 0.0006 0)
(0.66 0.0006 0)
(0.68 0.0006 0)
(0.7 0.0006 0)
(0.72 0.0006 0)
(0.74 0.0006 0)
(0.76 0.0006 0)
(0.78 0.0006 0)
(0.8 0.0006 0)
(0.82 0.0006 0)
(0.84 0.0006 0)
(0.86 0.0006 0)
(0.88 0.0006 0)
(0.9 0.0006 0)
(0.92 0.0006 0)
(0.94 0.0006 0)
(0.96 0.0006 0)
(0.98 0.0006 0)
(1 0.0006 0)
(1.02 0.0006 0)
(1.04 0.0006 0)
(1.06 0.0006 0)
(1.08 0.0006 0)
(1.1 0.0006 0)
(1.12 0.0006 0)
(1.14 0.0006 0)
(1.16 0.0006 0)
(1.18 0.0006 0)
(1.2 0.0006 0)
(1.22 0.0006 0)
(1.24 0.0006 0)
(1.26 0.0006 0)
(1.28 0.0006 0)
(1.3 0.0006 0)
(1.32 0.0006 0)
(1.34 0.0006 0)
(1.36 0.0006 0)
(1.38 0.0006 0)
(1.4 0.0006 0)
(1.42 0.0006 0)
(1.44 0.0006 0)
(1.46 0.0006 0)
(1.48 0.0006 0)
(1.5 0.0006 0)
(1.52 0.0006 0)
(1.54 0.0006 0)
(1.56 0.0006 0)
(1.58 0.0006 0)
(1.6 0.0006 0)
(1.62 0.0006 0)
(1.64 0.0006 0)
(1.66 0.0006 0)
(1.68 0.0006 0)
(1.7 0.0006 0)
(1.72 0.0006 0)
(1.74 0.0006 0)
(1.76 0.0006 0)
(1.78 0.0006 0)
(1.8 0.0006 0)
(1.82 0.0006 0)
(1.84 0.0006 0)
(1.86 0.0006 0)
(1.88 0.0006 0)
(1.9 0.0006 0)
(1.92 0.0006 0)
(1.94 0.0006 0)
(1.96 0.0006 0)
(1.98 0.0006 0)
(2 0.0006 0)
(0 0.0012 0)
(0.02 0.0012 0)
(0.04 0.0012 0)
(0.06 0.0012 0)
(0.08 0.0012 0)
(0.1 0.0012 0)
(0.12 0.0012 0)
(0.14 0.0012 0)
(0.16 0.0012 0)
(0.18 0.0012 0)
(0.2 0.0012 0)
(0.22 0.0012 0)
(0.24 0.0012 0)
(0.26 0.0012 0)
(0.28 0.0012 0)
(0.3 0.0012 0)
(0.32 0.0012 0)
(0.34 0.0012 0)
(0.36 0.0012 0)
(0.38 0.0012 0)
(0.4 0.0012 0)
(0.42 0.0012 0)
(0.44 0.0012 0)
(0.46 0.0012 0)
(0.48 0.0012 0)
(0.5 0.0012 0)
(0.52 0.0012 0)
(0.54 0.0012 0)
(0.56 0.0012 0)
(0.58 0.0012 0)
(0.6 0.0012 0)
(0.62 0.0012 0)
(0.64 0.0012 0)
(0.66 0.0012 0)
(0.68 0.0012 0)
(0.7 0.0012 0)
(0.72 0.0012 0)
(0.74 0.0012 0)
(0.76 0.0012 0)
(0.78 0.0012 0)
(0.8 0.0012 0)
(0.82 0.0012 0)
(0.84 0.0012 0)
(0.86 0.0012 0)
(0.88 0.0012 0)
(0.9 0.0012 0)
(0.92 0.0012 0)
(0.94 0.0012 0)
(0.96 0.0012 0)
(0.98 0.0012 0)
(1 0.0012 0)
(1.02 0.0012 0)
(1.04 0.0012 0)
(1.06 0.0012 0)
(1.08 0.0012 0)
(1.1 0.0012 0)
(1.12 0.0012 0)
(1.14 0.0012 0)
(1.16 0.0012 0)
(1.18 0.0012 0)
(1.2 0.0012 0)
(1.22 0.0012 0)
(1.24 0.0012 0)
(1.26 0.0012 0)
(1.28 0.0012 0)
(1.3 0.0012 0)
(1.32 0.0012 0)
(1.34 0.0012 0)
(1.36 0.0012 0)
(1.38 0.0012 0)
(1.4 0.0012 0)
(1.42 0.0012 0)
(1.44 0.0012 0)
(1.46 0.0012 0)
(1.48 0.0012 0)
(1.5 0.0012 0)
(1.52 0.0012 0)
(1.54 0.0012 0)
(1.56 0.0012 0)
(1.58 0.0012 0)
(1.6 0.0012 0)
(1.62 0.0012 0)
(1.64 0.0012 0)
(1.66 0.0012 0)
(1.68 0.0012 0)
(1.7 0.0012 0)
(1.72 0.0012 0)
(1.74 0.0012 0)
(1.76 0.0012 0)
(1.78 0.0012 0)
(1.8 0.0012 0)
(1.82 0.0012 0)
(1.84 0.0012 0)
(1.86 0.0012 0)
(1.88 0.0012 0)
(1.9 0.0012 0)
(1.92 0.0012 0)
(1.94 0.0012 0)
(1.96 0.0012 0)
(1.98 0.0012 0)
(2 0.0012 0)
(0 0.0018 0)
(0.02 0.0018 0)
(0.04 0.0018 0)
(0.06 0.0018 0)
(0.08 0.0018 0)
(0.1 0.0018 0)
(0.12 0.0018 0)
(0.14 0.0018 0)
(0.16 0.0018 0)
(0.18 0.0018 0)
(0.2 0.0018 0)
(0.22 0.0018 0)
(0.24 0.0018 0)
(0.26 0.0018 0)
(0.28 0.0018 0)
(0.3 0.0018 0)
(0.32 0.0018 0)
(0.34 0.0018 0)
(0.36 0.0018 0)
(0.38 0.0018 0)
(0.4 0.0018 0)
(0.42 0.0018 0)
(0.44 0.0018 0)
(0.46 0.0018 0)
(0.48 0.0018 0)
(0.5 0.0018 0)
(0.52 0.0018 0)
(0.54 0.0018 0)
(0.56 0.0018 0)
(0.58 0.0018 0)
(0.6 0.0018 0)
(0.62 0.0018 0)
(0.64 0.0018 0)
(0.66 0.0018 0)
(0.68 0.0018 0)
(0.7 0.0018 0)
(0.72 0.0018 0)
(0.74 0.0018 0)
(0.76 0.0018 0)
(0.78 0.0018 0)
(0.8 0.0018 0)
(0.82 0.0018 0)
(0.84 0.0018 0)
(0.86 0.0018 0)
(0.88 0.0018 0)
(0.9 0.0018 0)
(0.92 0.0018 0)
(0.94 0.0018 0)
(0.96 0.0018 0)
(0.98 0.0018 0)
(1 0.0018 0)
(1.02 0.0018 0)
(1.04 0.0018 0)
(1.06 0.0018 0)
(1.08 0.0018 0)
(1.1 0.0018 0)
(1.12 0.0018 0)
(1.14 0.0018 0)
(1.16 0.0018 0)
(1.18 0.0018 0)
(1.2 0.0018 0)
(1.22 0.0018 0)
(1.24 0.0018 0)
(1.26 0.0018 0)
(1.28 0.0018 0)
(1.3 0.0018 0)
(1.32 0.0018 0)
(1.34 0.0018 0)
(1.36 0.0018 0)
(1.38 0.0018 0)
(1.4 0.0018 0)
(1.42 0.0018 0)
(1.44 0.0018 0)
(1.46 0.0018 0)
(1.48 0.0018 0)
(1.5 0.0018 0)
(1.52 0.0018 0)
(1.54 0.0018 0)
(1.56 0.0018 0)
(1.58 0.0018 0)
(1.6 0.0018 0)
(1.62 0.0018 0)
(1.64 0.0018 0)
(1.66 0.0018 0)
(1.68 0.0018 0)
(1.7 0.0018 0)
(1.72 0.0018 0)
(1.74 0.0018 0)
(1.76 0.0018 0)
(1.78 0.0018 0)
(1.8 0.0018 0)
(1.82 0.0018 0)
(1.84 0.0018 0)
(1.86 0.0018 0)
(1.88 0.0018 0)
(1.9 0.0018 0)
(1.92 0.0018 0)
(1.94 0.0018 0)
(1.96 0.0018 0)
(1.98 0.0018 0)
(2 0.0018 0)
(0 0.0024 0)
(0.02 0.0024 0)
(0.04 0.0024 0)
(0.06 0.0024 0)
(0.08 0.0024 0)
(0.1 0.0024 0)
(0.12 0.0024 0)
(0.14 0.0024 0)
(0.16 0.0024 0)
(0.18 0.0024 0)
(0.2 0.0024 0)
(0.22 0.0024 0)
(0.24 0.0024 0)
(0.26 0.0024 0)
(0.28 0.0024 0)
(0.3 0.0024 0)
(0.32 0.0024 0)
(0.34 0.0024 0)
(0.36 0.0024 0)
(0.38 0.0024 0)
(0.4 0.0024 0)
(0.42 0.0024 0)
(0.44 0.0024 0)
(0.46 0.0024 0)
(0.48 0.0024 0)
(0.5 0.0024 0)
(0.52 0.0024 0)
(0.54 0.0024 0)
(0.56 0.0024 0)
(0.58 0.0024 0)
(0.6 0.0024 0)
(0.62 0.0024 0)
(0.64 0.0024 0)
(0.66 0.0024 0)
(0.68 0.0024 0)
(0.7 0.0024 0)
(0.72 0.0024 0)
(0.74 0.0024 0)
(0.76 0.0024 0)
(0.78 0.0024 0)
(0.8 0.0024 0)
(0.82 0.0024 0)
(0.84 0.0024 0)
(0.86 0.0024 0)
(0.88 0.0024 0)
(0.9 0.0024 0)
(0.92 0.0024 0)
(0.94 0.0024 0)
(0.96 0.0024 0)
(0.98 0.0024 0)
(1 0.0024 0)
(1.02 0.0024 0)
(1.04 0.0024 0)
(1.06 0.0024 0)
(1.08 0.0024 0)
(1.1 0.0024 0)
(1.12 0.0024 0)
(1.14 0.0024 0)
(1.16 0.0024 0)
(1.18 0.0024 0)
(1.2 0.0024 0)
(1.22 0.0024 0)
(1.24 0.0024 0)
(1.26 0.0024 0)
(1.28 0.0024 0)
(1.3 0.0024 0)
(1.32 0.0024 0)
(1.34 0.0024 0)
(1.36 0.0024 0)
(1.38 0.0024 0)
(1.4 0.0024 0)
(1.42 0.0024 0)
(1.44 0.0024 0)
(1.46 0.0024 0)
(1.48 0.0024 0)
(1.5 0.0024 0)
(1.52 0.0024 0)
(1.54 0.0024 0)
(1.56 0.0024 0)
(1.58 0.0024 0)
(1.6 0.0024 0)
(1.62 0.0024 0)
(1.64 0.0024 0)
(1.66 0.0024 0)
(1.68 0.0024 0)
(1.7 0.0024 0)
(1.72 0.0024 0)
(1.74 0.0024 0)
(1.76 0.0024 0)
(1.78 0.0024 0)
(1.8 0.0024 0)
(1.82 0.0024 0)
(1.84 0.0024 0)
(1.86 0.0024 0)
(1.88 0.0024 0)
(1.9 0.0024 0)
(1.92 0.0024 0)
(1.94 0.0024 0)
(1.96 0.0024 0)
(1.98 0.0024 0)
(2 0.0024 0)
(0 0.003 0)
(0.02 0.003 0)
(0.04 0.003 0)
(0.06 0.003 0)
(0.08 0.003 0)
(0.1 0.003 0)
(0.12 0.003 0)
(0.14 0.003 0)
(0.16 0.003 0)
(0.18 0.003 0)
(0.2 0.003 0)
(0.22 0.003 0)
(0.24 0.003 0)
(0.26 0.003 0)
(0.28 0.003 0)
(0.3 0.003 0)
(0.32 0.003 0)
(0.34 0.003 0)
(0.36 0.003 0)
(0.38 0.003 0)
(0.4 0.003 0)
(0.42 0.003 0)
(0.44 0.003 0)
(0.46 0.003 0)
(0.48 0.003 0)
(0.5 0.003 0)
(0.52 0.003 0)
(0.54 0.003 0)
(0.56 0.003 0)
(0.58 0.003 0)
(0.6 0.003 0)
(0.62 0.003 0)
(0.64 0.003 0)
(0.66 0.003 0)
(0.68 0.003 0)
(0.7 0.003 0)
(0.72 0.003 0)
(0.74 0.003 0)
(0.76 0.003 0)
(0.78 0.003 0)
(0.8 0.003 0)
(0.82 0.003 0)
(0.84 0.003 0)
(0.86 0.003 0)
(0.88 0.003 0)
(0.9 0.003 0)
(0.92 0.003 0)
(0.94 0.003 0)
(0.96 0.003 0)
(0.98 0.003 0)
(1 0.003 0)
(1.02 0.003 0)
(1.04 0.003 0)
(1.06 0.003 0)
(1.08 0.003 0)
(1.1 0.003 0)
(1.12 0.003 0)
(1.14 0.003 0)
(1.16 0.003 0)
(1.18 0.003 0)
(1.2 0.003 0)
(1.22 0.003 0)
(1.24 0.003 0)
(1.26 0.003 0)
(1.28 0.003 0)
(1.3 0.003 0)
(1.32 0.003 0)
(1.34 0.003 0)
(1.36 0.003 0)
(1.38 0.003 0)
(1.4 0.003 0)
(1.42 0.003 0)
(1.44 0.003 0)
(1.46 0.003 0)
(1.48 0.003 0)
(1.5 0.003 0)
(1.52 0.003 0)
(1.54 0.003 0)
(1.56 0.003 0)
(1.58 0.003 0)
(1.6 0.003 0)
(1.62 0.003 0)
(1.64 0.003 0)
(1.66 0.003 0)
(1.68 0.003 0)
(1.7 0.003 0)
(1.72 0.003 0)
(1.74 0.003 0)
(1.76 0.003 0)
(1.78 0.003 0)
(1.8 0.003 0)
(1.82 0.003 0)
(1.84 0.003 0)
(1.86 0.003 0)
(1.88 0.003 0)
(1.9 0.003 0)
(1.92 0.003 0)
(1.94 0.003 0)
(1.96 0.003 0)
(1.98 0.003 0)
(2 0.003 0)
(0 0.0036 0)
(0.02 0.0036 0)
(0.04 0.0036 0)
(0.06 0.0036 0)
(0.08 0.0036 0)
(0.1 0.0036 0)
(0.12 0.0036 0)
(0.14 0.0036 0)
(0.16 0.0036 0)
(0.18 0.0036 0)
(0.2 0.0036 0)
(0.22 0.0036 0)
(0.24 0.0036 0)
(0.26 0.0036 0)
(0.28 0.0036 0)
(0.3 0.0036 0)
(0.32 0.0036 0)
(0.34 0.0036 0)
(0.36 0.0036 0)
(0.38 0.0036 0)
(0.4 0.0036 0)
(0.42 0.0036 0)
(0.44 0.0036 0)
(0.46 0.0036 0)
(0.48 0.0036 0)
(0.5 0.0036 0)
(0.52 0.0036 0)
(0.54 0.0036 0)
(0.56 0.0036 0)
(0.58 0.0036 0)
(0.6 0.0036 0)
(0.62 0.0036 0)
(0.64 0.0036 0)
(0.66 0.0036 0)
(0.68 0.0036 0)
(0.7 0.0036 0)
(0.72 0.0036 0)
(0.74 0.0036 0)
(0.76 0.0036 0)
(0.78 0.0036 0)
(0.8 0.0036 0)
(0.82 0.0036 0)
(0.84 0.0036 0)
(0.86 0.0036 0)
(0.88 0.0036 0)
(0.9 0.0036 0)
(0.92 0.0036 0)
(0.94 0.0036 0)
(0.96 0.0036 0)
(0.98 0.0036 0)
(1 0.0036 0)
(1.02 0.0036 0)
(1.04 0.0036 0)
(1.06 0.0036 0)
(1.08 0.0036 0)
(1.1 0.0036 0)
(1.12 0.0036 0)
(1.14 0.0036 0)
(1.16 0.0036 0)
(1.18 0.0036 0)
(1.2 0.0036 0)
(1.22 0.0036 0)
(1.24 0.0036 0)
(1.26 0.0036 0)
(1.28 0.0036 0)
(1.3 0.0036 0)
(1.32 0.0036 0)
(1.34 0.0036 0)
(1.36 0.0036 0)
(1.38 0.0036 0)
(1.4 0.0036 0)
(1.42 0.0036 0)
(1.44 0.0036 0)
(1.46 0.0036 0)
(1.48 0.0036 0)
(1.5 0.0036 0)
(1.52 0.0036 0)
(1.54 0.0036 0)
(1.56 0.0036 0)
(1.58 0.0036 0)
(1.6 0.0036 0)
(1.62 0.0036 0)
(1.64 0.0036 0)
(1.66 0.0036 0)
(1.68 0.0036 0)
(1.7 0.0036 0)
(1.72 0.0036 0)
(1.74 0.0036 0)
(1.76 0.0036 0)
(1.78 0.0036 0)
(1.8 0.0036 0)
(1.82 0.0036 0)
(1.84 0.0036 0)
(1.86 0.0036 0)
(1.88 0.0036 0)
(1.9 0.0036 0)
(1.92 0.0036 0)
(1.94 0.0036 0)
(1.96 0.0036 0)
(1.98 0.0036 0)
(2 0.0036 0)
(0 0.0042 0)
(0.02 0.0042 0)
(0.04 0.0042 0)
(0.06 0.0042 0)
(0.08 0.0042 0)
(0.1 0.0042 0)
(0.12 0.0042 0)
(0.14 0.0042 0)
(0.16 0.0042 0)
(0.18 0.0042 0)
(0.2 0.0042 0)
(0.22 0.0042 0)
(0.24 0.0042 0)
(0.26 0.0042 0)
(0.28 0.0042 0)
(0.3 0.0042 0)
(0.32 0.0042 0)
(0.34 0.0042 0)
(0.36 0.0042 0)
(0.38 0.0042 0)
(0.4 0.0042 0)
(0.42 0.0042 0)
(0.44 0.0042 0)
(0.46 0.0042 0)
(0.48 0.0042 0)
(0.5 0.0042 0)
(0.52 0.0042 0)
(0.54 0.0042 0)
(0.56 0.0042 0)
(0.58 0.0042 0)
(0.6 0.0042 0)
(0.62 0.0042 0)
(0.64 0.0042 0)
(0.66 0.0042 0)
(0.68 0.0042 0)
(0.7 0.0042 0)
(0.72 0.0042 0)
(0.74 0.0042 0)
(0.76 0.0042 0)
(0.78 0.0042 0)
(0.8 0.0042 0)
(0.82 0.0042 0)
(0.84 0.0042 0)
(0.86 0.0042 0)
(0.88 0.0042 0)
(0.9 0.0042 0)
(0.92 0.0042 0)
(0.94 0.0042 0)
(0.96 0.0042 0)
(0.98 0.0042 0)
(1 0.0042 0)
(1.02 0.0042 0)
(1.04 0.0042 0)
(1.06 0.0042 0)
(1.08 0.0042 0)
(1.1 0.0042 0)
(1.12 0.0042 0)
(1.14 0.0042 0)
(1.16 0.0042 0)
(1.18 0.0042 0)
(1.2 0.0042 0)
(1.22 0.0042 0)
(1.24 0.0042 0)
(1.26 0.0042 0)
(1.28 0.0042 0)
(1.3 0.0042 0)
(1.32 0.0042 0)
(1.34 0.0042 0)
(1.36 0.0042 0)
(1.38 0.0042 0)
(1.4 0.0042 0)
(1.42 0.0042 0)
(1.44 0.0042 0)
(1.46 0.0042 0)
(1.48 0.0042 0)
(1.5 0.0042 0)
(1.52 0.0042 0)
(1.54 0.0042 0)
(1.56 0.0042 0)
(1.58 0.0042 0)
(1.6 0.0042 0)
(1.62 0.0042 0)
(1.64 0.0042 0)
(1.66 0.0042 0)
(1.68 0.0042 0)
(1.7 0.0042 0)
(1.72 0.0042 0)
(1.74 0.0042 0)
(1.76 0.0042 0)
(1.78 0.0042 0)
(1.8 0.0042 0)
(1.82 0.0042 0)
(1.84 0.0042 0)
(1.86 0.0042 0)
(1.88 0.0042 0)
(1.9 0.0042 0)
(1.92 0.0042 0)
(1.94 0.0042 0)
(1.96 0.0042 0)
(1.98 0.0042 0)
(2 0.0042 0)
(0 0.0048 0)
(0.02 0.0048 0)
(0.04 0.0048 0)
(0.06 0.0048 0)
(0.08 0.0048 0)
(0.1 0.0048 0)
(0.12 0.0048 0)
(0.14 0.0048 0)
(0.16 0.0048 0)
(0.18 0.0048 0)
(0.2 0.0048 0)
(0.22 0.0048 0)
(0.24 0.0048 0)
(0.26 0.0048 0)
(0.28 0.0048 0)
(0.3 0.0048 0)
(0.32 0.0048 0)
(0.34 0.0048 0)
(0.36 0.0048 0)
(0.38 0.0048 0)
(0.4 0.0048 0)
(0.42 0.0048 0)
(0.44 0.0048 0)
(0.46 0.0048 0)
(0.48 0.0048 0)
(0.5 0.0048 0)
(0.52 0.0048 0)
(0.54 0.0048 0)
(0.56 0.0048 0)
(0.58 0.0048 0)
(0.6 0.0048 0)
(0.62 0.0048 0)
(0.64 0.0048 0)
(0.66 0.0048 0)
(0.68 0.0048 0)
(0.7 0.0048 0)
(0.72 0.0048 0)
(0.74 0.0048 0)
(0.76 0.0048 0)
(0.78 0.0048 0)
(0.8 0.0048 0)
(0.82 0.0048 0)
(0.84 0.0048 0)
(0.86 0.0048 0)
(0.88 0.0048 0)
(0.9 0.0048 0)
(0.92 0.0048 0)
(0.94 0.0048 0)
(0.96 0.0048 0)
(0.98 0.0048 0)
(1 0.0048 0)
(1.02 0.0048 0)
(1.04 0.0048 0)
(1.06 0.0048 0)
(1.08 0.0048 0)
(1.1 0.0048 0)
(1.12 0.0048 0)
(1.14 0.0048 0)
(1.16 0.0048 0)
(1.18 0.0048 0)
(1.2 0.0048 0)
(1.22 0.0048 0)
(1.24 0.0048 0)
(1.26 0.0048 0)
(1.28 0.0048 0)
(1.3 0.0048 0)
(1.32 0.0048 0)
(1.34 0.0048 0)
(1.36 0.0048 0)
(1.38 0.0048 0)
(1.4 0.0048 0)
(1.42 0.0048 0)
(1.44 0.0048 0)
(1.46 0.0048 0)
(1.48 0.0048 0)
(1.5 0.0048 0)
(1.52 0.0048 0)
(1.54 0.0048 0)
(1.56 0.0048 0)
(1.58 0.0048 0)
(1.6 0.0048 0)
(1.62 0.0048 0)
(1.64 0.0048 0)
(1.66 0.0048 0)
(1.68 0.0048 0)
(1.7 0.0048 0)
(1.72 0.0048 0)
(1.74 0.0048 0)
(1.76 0.0048 0)
(1.78 0.0048 0)
(1.8 0.0048 0)
(1.82 0.0048 0)
(1.84 0.0048 0)
(1.86 0.0048 0)
(1.88 0.0048 0)
(1.9 0.0048 0)
(1.92 0.0048 0)
(1.94 0.0048 0)
(1.96 0.0048 0)
(1.98 0.0048 0)
(2 0.0048 0)
(0 0.0054 0)
(0.02 0.0054 0)
(0.04 0.0054 0)
(0.06 0.0054 0)
(0.08 0.0054 0)
(0.1 0.0054 0)
(0.12 0.0054 0)
(0.14 0.0054 0)
(0.16 0.0054 0)
(0.18 0.0054 0)
(0.2 0.0054 0)
(0.22 0.0054 0)
(0.24 0.0054 0)
(0.26 0.0054 0)
(0.28 0.0054 0)
(0.3 0.0054 0)
(0.32 0.0054 0)
(0.34 0.0054 0)
(0.36 0.0054 0)
(0.38 0.0054 0)
(0.4 0.0054 0)
(0.42 0.0054 0)
(0.44 0.0054 0)
(0.46 0.0054 0)
(0.48 0.0054 0)
(0.5 0.0054 0)
(0.52 0.0054 0)
(0.54 0.0054 0)
(0.56 0.0054 0)
(0.58 0.0054 0)
(0.6 0.0054 0)
(0.62 0.0054 0)
(0.64 0.0054 0)
(0.66 0.0054 0)
(0.68 0.0054 0)
(0.7 0.0054 0)
(0.72 0.0054 0)
(0.74 0.0054 0)
(0.76 0.0054 0)
(0.78 0.0054 0)
(0.8 0.0054 0)
(0.82 0.0054 0)
(0.84 0.0054 0)
(0.86 0.0054 0)
(0.88 0.0054 0)
(0.9 0.0054 0)
(0.92 0.0054 0)
(0.94 0.0054 0)
(0.96 0.0054 0)
(0.98 0.0054 0)
(1 0.0054 0)
(1.02 0.0054 0)
(1.04 0.0054 0)
(1.06 0.0054 0)
(1.08 0.0054 0)
(1.1 0.0054 0)
(1.12 0.0054 0)
(1.14 0.0054 0)
(1.16 0.0054 0)
(1.18 0.0054 0)
(1.2 0.0054 0)
(1.22 0.0054 0)
(1.24 0.0054 0)
(1.26 0.0054 0)
(1.28 0.0054 0)
(1.3 0.0054 0)
(1.32 0.0054 0)
(1.34 0.0054 0)
(1.36 0.0054 0)
(1.38 0.0054 0)
(1.4 0.0054 0)
(1.42 0.0054 0)
(1.44 0.0054 0)
(1.46 0.0054 0)
(1.48 0.0054 0)
(1.5 0.0054 0)
(1.52 0.0054 0)
(1.54 0.0054 0)
(1.56 0.0054 0)
(1.58 0.0054 0)
(1.6 0.0054 0)
(1.62 0.0054 0)
(1.64 0.0054 0)
(1.66 0.0054 0)
(1.68 0.0054 0)
(1.7 0.0054 0)
(1.72 0.0054 0)
(1.74 0.0054 0)
(1.76 0.0054 0)
(1.78 0.0054 0)
(1.8 0.0054 0)
(1.82 0.0054 0)
(1.84 0.0054 0)
(1.86 0.0054 0)
(1.88 0.0054 0)
(1.9 0.0054 0)
(1.92 0.0054 0)
(1.94 0.0054 0)
(1.96 0.0054 0)
(1.98 0.0054 0)
(2 0.0054 0)
(0 0.006 0)
(0.02 0.006 0)
(0.04 0.006 0)
(0.06 0.006 0)
(0.08 0.006 0)
(0.1 0.006 0)
(0.12 0.006 0)
(0.14 0.006 0)
(0.16 0.006 0)
(0.18 0.006 0)
(0.2 0.006 0)
(0.22 0.006 0)
(0.24 0.006 0)
(0.26 0.006 0)
(0.28 0.006 0)
(0.3 0.006 0)
(0.32 0.006 0)
(0.34 0.006 0)
(0.36 0.006 0)
(0.38 0.006 0)
(0.4 0.006 0)
(0.42 0.006 0)
(0.44 0.006 0)
(0.46 0.006 0)
(0.48 0.006 0)
(0.5 0.006 0)
(0.52 0.006 0)
(0.54 0.006 0)
(0.56 0.006 0)
(0.58 0.006 0)
(0.6 0.006 0)
(0.62 0.006 0)
(0.64 0.006 0)
(0.66 0.006 0)
(0.68 0.006 0)
(0.7 0.006 0)
(0.72 0.006 0)
(0.74 0.006 0)
(0.76 0.006 0)
(0.78 0.006 0)
(0.8 0.006 0)
(0.82 0.006 0)
(0.84 0.006 0)
(0.86 0.006 0)
(0.88 0.006 0)
(0.9 0.006 0)
(0.92 0.006 0)
(0.94 0.006 0)
(0.96 0.006 0)
(0.98 0.006 0)
(1 0.006 0)
(1.02 0.006 0)
(1.04 0.006 0)
(1.06 0.006 0)
(1.08 0.006 0)
(1.1 0.006 0)
(1.12 0.006 0)
(1.14 0.006 0)
(1.16 0.006 0)
(1.18 0.006 0)
(1.2 0.006 0)
(1.22 0.006 0)
(1.24 0.006 0)
(1.26 0.006 0)
(1.28 0.006 0)
(1.3 0.006 0)
(1.32 0.006 0)
(1.34 0.006 0)
(1.36 0.006 0)
(1.38 0.006 0)
(1.4 0.006 0)
(1.42 0.006 0)
(1.44 0.006 0)
(1.46 0.006 0)
(1.48 0.006 0)
(1.5 0.006 0)
(1.52 0.006 0)
(1.54 0.006 0)
(1.56 0.006 0)
(1.58 0.006 0)
(1.6 0.006 0)
(1.62 0.006 0)
(1.64 0.006 0)
(1.66 0.006 0)
(1.68 0.006 0)
(1.7 0.006 0)
(1.72 0.006 0)
(1.74 0.006 0)
(1.76 0.006 0)
(1.78 0.006 0)
(1.8 0.006 0)
(1.82 0.006 0)
(1.84 0.006 0)
(1.86 0.006 0)
(1.88 0.006 0)
(1.9 0.006 0)
(1.92 0.006 0)
(1.94 0.006 0)
(1.96 0.006 0)
(1.98 0.006 0)
(2 0.006 0)
(0 0.0066 0)
(0.02 0.0066 0)
(0.04 0.0066 0)
(0.06 0.0066 0)
(0.08 0.0066 0)
(0.1 0.0066 0)
(0.12 0.0066 0)
(0.14 0.0066 0)
(0.16 0.0066 0)
(0.18 0.0066 0)
(0.2 0.0066 0)
(0.22 0.0066 0)
(0.24 0.0066 0)
(0.26 0.0066 0)
(0.28 0.0066 0)
(0.3 0.0066 0)
(0.32 0.0066 0)
(0.34 0.0066 0)
(0.36 0.0066 0)
(0.38 0.0066 0)
(0.4 0.0066 0)
(0.42 0.0066 0)
(0.44 0.0066 0)
(0.46 0.0066 0)
(0.48 0.0066 0)
(0.5 0.0066 0)
(0.52 0.0066 0)
(0.54 0.0066 0)
(0.56 0.0066 0)
(0.58 0.0066 0)
(0.6 0.0066 0)
(0.62 0.0066 0)
(0.64 0.0066 0)
(0.66 0.0066 0)
(0.68 0.0066 0)
(0.7 0.0066 0)
(0.72 0.0066 0)
(0.74 0.0066 0)
(0.76 0.0066 0)
(0.78 0.0066 0)
(0.8 0.0066 0)
(0.82 0.0066 0)
(0.84 0.0066 0)
(0.86 0.0066 0)
(0.88 0.0066 0)
(0.9 0.0066 0)
(0.92 0.0066 0)
(0.94 0.0066 0)
(0.96 0.0066 0)
(0.98 0.0066 0)
(1 0.0066 0)
(1.02 0.0066 0)
(1.04 0.0066 0)
(1.06 0.0066 0)
(1.08 0.0066 0)
(1.1 0.0066 0)
(1.12 0.0066 0)
(1.14 0.0066 0)
(1.16 0.0066 0)
(1.18 0.0066 0)
(1.2 0.0066 0)
(1.22 0.0066 0)
(1.24 0.0066 0)
(1.26 0.0066 0)
(1.28 0.0066 0)
(1.3 0.0066 0)
(1.32 0.0066 0)
(1.34 0.0066 0)
(1.36 0.0066 0)
(1.38 0.0066 0)
(1.4 0.0066 0)
(1.42 0.0066 0)
(1.44 0.0066 0)
(1.46 0.0066 0)
(1.48 0.0066 0)
(1.5 0.0066 0)
(1.52 0.0066 0)
(1.54 0.0066 0)
(1.56 0.0066 0)
(1.58 0.0066 0)
(1.6 0.0066 0)
(1.62 0.0066 0)
(1.64 0.0066 0)
(1.66 0.0066 0)
(1.68 0.0066 0)
(1.7 0.0066 0)
(1.72 0.0066 0)
(1.74 0.0066 0)
(1.76 0.0066 0)
(1.78 0.0066 0)
(1.8 0.0066 0)
(1.82 0.0066 0)
(1.84 0.0066 0)
(1.86 0.0066 0)
(1.88 0.0066 0)
(1.9 0.0066 0)
(1.92 0.0066 0)
(1.94 0.0066 0)
(1.96 0.0066 0)
(1.98 0.0066 0)
(2 0.0066 0)
(0 0.0072 0)
(0.02 0.0072 0)
(0.04 0.0072 0)
(0.06 0.0072 0)
(0.08 0.0072 0)
(0.1 0.0072 0)
(0.12 0.0072 0)
(0.14 0.0072 0)
(0.16 0.0072 0)
(0.18 0.0072 0)
(0.2 0.0072 0)
(0.22 0.0072 0)
(0.24 0.0072 0)
(0.26 0.0072 0)
(0.28 0.0072 0)
(0.3 0.0072 0)
(0.32 0.0072 0)
(0.34 0.0072 0)
(0.36 0.0072 0)
(0.38 0.0072 0)
(0.4 0.0072 0)
(0.42 0.0072 0)
(0.44 0.0072 0)
(0.46 0.0072 0)
(0.48 0.0072 0)
(0.5 0.0072 0)
(0.52 0.0072 0)
(0.54 0.0072 0)
(0.56 0.0072 0)
(0.58 0.0072 0)
(0.6 0.0072 0)
(0.62 0.0072 0)
(0.64 0.0072 0)
(0.66 0.0072 0)
(0.68 0.0072 0)
(0.7 0.0072 0)
(0.72 0.0072 0)
(0.74 0.0072 0)
(0.76 0.0072 0)
(0.78 0.0072 0)
(0.8 0.0072 0)
(0.82 0.0072 0)
(0.84 0.0072 0)
(0.86 0.0072 0)
(0.88 0.0072 0)
(0.9 0.0072 0)
(0.92 0.0072 0)
(0.94 0.0072 0)
(0.96 0.0072 0)
(0.98 0.0072 0)
(1 0.0072 0)
(1.02 0.0072 0)
(1.04 0.0072 0)
(1.06 0.0072 0)
(1.08 0.0072 0)
(1.1 0.0072 0)
(1.12 0.0072 0)
(1.14 0.0072 0)
(1.16 0.0072 0)
(1.18 0.0072 0)
(1.2 0.0072 0)
(1.22 0.0072 0)
(1.24 0.0072 0)
(1.26 0.0072 0)
(1.28 0.0072 0)
(1.3 0.0072 0)
(1.32 0.0072 0)
(1.34 0.0072 0)
(1.36 0.0072 0)
(1.38 0.0072 0)
(1.4 0.0072 0)
(1.42 0.0072 0)
(1.44 0.0072 0)
(1.46 0.0072 0)
(1.48 0.0072 0)
(1.5 0.0072 0)
(1.52 0.0072 0)
(1.54 0.0072 0)
(1.56 0.0072 0)
(1.58 0.0072 0)
(1.6 0.0072 0)
(1.62 0.0072 0)
(1.64 0.0072 0)
(1.66 0.0072 0)
(1.68 0.0072 0)
(1.7 0.0072 0)
(1.72 0.0072 0)
(1.74 0.0072 0)
(1.76 0.0072 0)
(1.78 0.0072 0)
(1.8 0.0072 0)
(1.82 0.0072 0)
(1.84 0.0072 0)
(1.86 0.0072 0)
(1.88 0.0072 0)
(1.9 0.0072 0)
(1.92 0.0072 0)
(1.94 0.0072 0)
(1.96 0.0072 0)
(1.98 0.0072 0)
(2 0.0072 0)
(0 0.0078 0)
(0.02 0.0078 0)
(0.04 0.0078 0)
(0.06 0.0078 0)
(0.08 0.0078 0)
(0.1 0.0078 0)
(0.12 0.0078 0)
(0.14 0.0078 0)
(0.16 0.0078 0)
(0.18 0.0078 0)
(0.2 0.0078 0)
(0.22 0.0078 0)
(0.24 0.0078 0)
(0.26 0.0078 0)
(0.28 0.0078 0)
(0.3 0.0078 0)
(0.32 0.0078 0)
(0.34 0.0078 0)
(0.36 0.0078 0)
(0.38 0.0078 0)
(0.4 0.0078 0)
(0.42 0.0078 0)
(0.44 0.0078 0)
(0.46 0.0078 0)
(0.48 0.0078 0)
(0.5 0.0078 0)
(0.52 0.0078 0)
(0.54 0.0078 0)
(0.56 0.0078 0)
(0.58 0.0078 0)
(0.6 0.0078 0)
(0.62 0.0078 0)
(0.64 0.0078 0)
(0.66 0.0078 0)
(0.68 0.0078 0)
(0.7 0.0078 0)
(0.72 0.0078 0)
(0.74 0.0078 0)
(0.76 0.0078 0)
(0.78 0.0078 0)
(0.8 0.0078 0)
(0.82 0.0078 0)
(0.84 0.0078 0)
(0.86 0.0078 0)
(0.88 0.0078 0)
(0.9 0.0078 0)
(0.92 0.0078 0)
(0.94 0.0078 0)
(0.96 0.0078 0)
(0.98 0.0078 0)
(1 0.0078 0)
(1.02 0.0078 0)
(1.04 0.0078 0)
(1.06 0.0078 0)
(1.08 0.0078 0)
(1.1 0.0078 0)
(1.12 0.0078 0)
(1.14 0.0078 0)
(1.16 0.0078 0)
(1.18 0.0078 0)
(1.2 0.0078 0)
(1.22 0.0078 0)
(1.24 0.0078 0)
(1.26 0.0078 0)
(1.28 0.0078 0)
(1.3 0.0078 0)
(1.32 0.0078 0)
(1.34 0.0078 0)
(1.36 0.0078 0)
(1.38 0.0078 0)
(1.4 0.0078 0)
(1.42 0.0078 0)
(1.44 0.0078 0)
(1.46 0.0078 0)
(1.48 0.0078 0)
(1.5 0.0078 0)
(1.52 0.0078 0)
(1.54 0.0078 0)
(1.56 0.0078 0)
(1.58 0.0078 0)
(1.6 0.0078 0)
(1.62 0.0078 0)
(1.64 0.0078 0)
(1.66 0.0078 0)
(1.68 0.0078 0)
(1.7 0.0078 0)
(1.72 0.0078 0)
(1.74 0.0078 0)
(1.76 0.0078 0)
(1.78 0.0078 0)
(1.8 0.0078 0)
(1.82 0.0078 0)
(1.84 0.0078 0)
(1.86 0.0078 0)
(1.88 0.0078 0)
(1.9 0.0078 0)
(1.92 0.0078 0)
(1.94 0.0078 0)
(1.96 0.0078 0)
(1.98 0.0078 0)
(2 0.0078 0)
(0 0.0084 0)
(0.02 0.0084 0)
(0.04 0.0084 0)
(0.06 0.0084 0)
(0.08 0.0084 0)
(0.1 0.0084 0)
(0.12 0.0084 0)
(0.14 0.0084 0)
(0.16 0.0084 0)
(0.18 0.0084 0)
(0.2 0.0084 0)
(0.22 0.0084 0)
(0.24 0.0084 0)
(0.26 0.0084 0)
(0.28 0.0084 0)
(0.3 0.0084 0)
(0.32 0.0084 0)
(0.34 0.0084 0)
(0.36 0.0084 0)
(0.38 0.0084 0)
(0.4 0.0084 0)
(0.42 0.0084 0)
(0.44 0.0084 0)
(0.46 0.0084 0)
(0.48 0.0084 0)
(0.5 0.0084 0)
(0.52 0.0084 0)
(0.54 0.0084 0)
(0.56 0.0084 0)
(0.58 0.0084 0)
(0.6 0.0084 0)
(0.62 0.0084 0)
(0.64 0.0084 0)
(0.66 0.0084 0)
(0.68 0.0084 0)
(0.7 0.0084 0)
(0.72 0.0084 0)
(0.74 0.0084 0)
(0.76 0.0084 0)
(0.78 0.0084 0)
(0.8 0.0084 0)
(0.82 0.0084 0)
(0.84 0.0084 0)
(0.86 0.0084 0)
(0.88 0.0084 0)
(0.9 0.0084 0)
(0.92 0.0084 0)
(0.94 0.0084 0)
(0.96 0.0084 0)
(0.98 0.0084 0)
(1 0.0084 0)
(1.02 0.0084 0)
(1.04 0.0084 0)
(1.06 0.0084 0)
(1.08 0.0084 0)
(1.1 0.0084 0)
(1.12 0.0084 0)
(1.14 0.0084 0)
(1.16 0.0084 0)
(1.18 0.0084 0)
(1.2 0.0084 0)
(1.22 0.0084 0)
(1.24 0.0084 0)
(1.26 0.0084 0)
(1.28 0.0084 0)
(1.3 0.0084 0)
(1.32 0.0084 0)
(1.34 0.0084 0)
(1.36 0.0084 0)
(1.38 0.0084 0)
(1.4 0.0084 0)
(1.42 0.0084 0)
(1.44 0.0084 0)
(1.46 0.0084 0)
(1.48 0.0084 0)
(1.5 0.0084 0)
(1.52 0.0084 0)
(1.54 0.0084 0)
(1.56 0.0084 0)
(1.58 0.0084 0)
(1.6 0.0084 0)
(1.62 0.0084 0)
(1.64 0.0084 0)
(1.66 0.0084 0)
(1.68 0.0084 0)
(1.7 0.0084 0)
(1.72 0.0084 0)
(1.74 0.0084 0)
(1.76 0.0084 0)
(1.78 0.0084 0)
(1.8 0.0084 0)
(1.82 0.0084 0)
(1.84 0.0084 0)
(1.86 0.0084 0)
(1.88 0.0084 0)
(1.9 0.0084 0)
(1.92 0.0084 0)
(1.94 0.0084 0)
(1.96 0.0084 0)
(1.98 0.0084 0)
(2 0.0084 0)
(0 0.009 0)
(0.02 0.009 0)
(0.04 0.009 0)
(0.06 0.009 0)
(0.08 0.009 0)
(0.1 0.009 0)
(0.12 0.009 0)
(0.14 0.009 0)
(0.16 0.009 0)
(0.18 0.009 0)
(0.2 0.009 0)
(0.22 0.009 0)
(0.24 0.009 0)
(0.26 0.009 0)
(0.28 0.009 0)
(0.3 0.009 0)
(0.32 0.009 0)
(0.34 0.009 0)
(0.36 0.009 0)
(0.38 0.009 0)
(0.4 0.009 0)
(0.42 0.009 0)
(0.44 0.009 0)
(0.46 0.009 0)
(0.48 0.009 0)
(0.5 0.009 0)
(0.52 0.009 0)
(0.54 0.009 0)
(0.56 0.009 0)
(0.58 0.009 0)
(0.6 0.009 0)
(0.62 0.009 0)
(0.64 0.009 0)
(0.66 0.009 0)
(0.68 0.009 0)
(0.7 0.009 0)
(0.72 0.009 0)
(0.74 0.009 0)
(0.76 0.009 0)
(0.78 0.009 0)
(0.8 0.009 0)
(0.82 0.009 0)
(0.84 0.009 0)
(0.86 0.009 0)
(0.88 0.009 0)
(0.9 0.009 0)
(0.92 0.009 0)
(0.94 0.009 0)
(0.96 0.009 0)
(0.98 0.009 0)
(1 0.009 0)
(1.02 0.009 0)
(1.04 0.009 0)
(1.06 0.009 0)
(1.08 0.009 0)
(1.1 0.009 0)
(1.12 0.009 0)
(1.14 0.009 0)
(1.16 0.009 0)
(1.18 0.009 0)
(1.2 0.009 0)
(1.22 0.009 0)
(1.24 0.009 0)
(1.26 0.009 0)
(1.28 0.009 0)
(1.3 0.009 0)
(1.32 0.009 0)
(1.34 0.009 0)
(1.36 0.009 0)
(1.38 0.009 0)
(1.4 0.009 0)
(1.42 0.009 0)
(1.44 0.009 0)
(1.46 0.009 0)
(1.48 0.009 0)
(1.5 0.009 0)
(1.52 0.009 0)
(1.54 0.009 0)
(1.56 0.009 0)
(1.58 0.009 0)
(1.6 0.009 0)
(1.62 0.009 0)
(1.64 0.009 0)
(1.66 0.009 0)
(1.68 0.009 0)
(1.7 0.009 0)
(1.72 0.009 0)
(1.74 0.009 0)
(1.76 0.009 0)
(1.78 0.009 0)
(1.8 0.009 0)
(1.82 0.009 0)
(1.84 0.009 0)
(1.86 0.009 0)
(1.88 0.009 0)
(1.9 0.009 0)
(1.92 0.009 0)
(1.94 0.009 0)
(1.96 0.009 0)
(1.98 0.009 0)
(2 0.009 0)
(0 0.0096 0)
(0.02 0.0096 0)
(0.04 0.0096 0)
(0.06 0.0096 0)
(0.08 0.0096 0)
(0.1 0.0096 0)
(0.12 0.0096 0)
(0.14 0.0096 0)
(0.16 0.0096 0)
(0.18 0.0096 0)
(0.2 0.0096 0)
(0.22 0.0096 0)
(0.24 0.0096 0)
(0.26 0.0096 0)
(0.28 0.0096 0)
(0.3 0.0096 0)
(0.32 0.0096 0)
(0.34 0.0096 0)
(0.36 0.0096 0)
(0.38 0.0096 0)
(0.4 0.0096 0)
(0.42 0.0096 0)
(0.44 0.0096 0)
(0.46 0.0096 0)
(0.48 0.0096 0)
(0.5 0.0096 0)
(0.52 0.0096 0)
(0.54 0.0096 0)
(0.56 0.0096 0)
(0.58 0.0096 0)
(0.6 0.0096 0)
(0.62 0.0096 0)
(0.64 0.0096 0)
(0.66 0.0096 0)
(0.68 0.0096 0)
(0.7 0.0096 0)
(0.72 0.0096 0)
(0.74 0.0096 0)
(0.76 0.0096 0)
(0.78 0.0096 0)
(0.8 0.0096 0)
(0.82 0.0096 0)
(0.84 0.0096 0)
(0.86 0.0096 0)
(0.88 0.0096 0)
(0.9 0.0096 0)
(0.92 0.0096 0)
(0.94 0.0096 0)
(0.96 0.0096 0)
(0.98 0.0096 0)
(1 0.0096 0)
(1.02 0.0096 0)
(1.04 0.0096 0)
(1.06 0.0096 0)
(1.08 0.0096 0)
(1.1 0.0096 0)
(1.12 0.0096 0)
(1.14 0.0096 0)
(1.16 0.0096 0)
(1.18 0.0096 0)
(1.2 0.0096 0)
(1.22 0.0096 0)
(1.24 0.0096 0)
(1.26 0.0096 0)
(1.28 0.0096 0)
(1.3 0.0096 0)
(1.32 0.0096 0)
(1.34 0.0096 0)
(1.36 0.0096 0)
(1.38 0.0096 0)
(1.4 0.0096 0)
(1.42 0.0096 0)
(1.44 0.0096 0)
(1.46 0.0096 0)
(1.48 0.0096 0)
(1.5 0.0096 0)
(1.52 0.0096 0)
(1.54 0.0096 0)
(1.56 0.0096 0)
(1.58 0.0096 0)
(1.6 0.0096 0)
(1.62 0.0096 0)
(1.64 0.0096 0)
(1.66 0.0096 0)
(1.68 0.0096 0)
(1.7 0.0096 0)
(1.72 0.0096 0)
(1.74 0.0096 0)
(1.76 0.0096 0)
(1.78 0.0096 0)
(1.8 0.0096 0)
(1.82 0.0096 0)
(1.84 0.0096 0)
(1.86 0.0096 0)
(1.88 0.0096 0)
(1.9 0.0096 0)
(1.92 0.0096 0)
(1.94 0.0096 0)
(1.96 0.0096 0)
(1.98 0.0096 0)
(2 0.0096 0)
(0 0.0102 0)
(0.02 0.0102 0)
(0.04 0.0102 0)
(0.06 0.0102 0)
(0.08 0.0102 0)
(0.1 0.0102 0)
(0.12 0.0102 0)
(0.14 0.0102 0)
(0.16 0.0102 0)
(0.18 0.0102 0)
(0.2 0.0102 0)
(0.22 0.0102 0)
(0.24 0.0102 0)
(0.26 0.0102 0)
(0.28 0.0102 0)
(0.3 0.0102 0)
(0.32 0.0102 0)
(0.34 0.0102 0)
(0.36 0.0102 0)
(0.38 0.0102 0)
(0.4 0.0102 0)
(0.42 0.0102 0)
(0.44 0.0102 0)
(0.46 0.0102 0)
(0.48 0.0102 0)
(0.5 0.0102 0)
(0.52 0.0102 0)
(0.54 0.0102 0)
(0.56 0.0102 0)
(0.58 0.0102 0)
(0.6 0.0102 0)
(0.62 0.0102 0)
(0.64 0.0102 0)
(0.66 0.0102 0)
(0.68 0.0102 0)
(0.7 0.0102 0)
(0.72 0.0102 0)
(0.74 0.0102 0)
(0.76 0.0102 0)
(0.78 0.0102 0)
(0.8 0.0102 0)
(0.82 0.0102 0)
(0.84 0.0102 0)
(0.86 0.0102 0)
(0.88 0.0102 0)
(0.9 0.0102 0)
(0.92 0.0102 0)
(0.94 0.0102 0)
(0.96 0.0102 0)
(0.98 0.0102 0)
(1 0.0102 0)
(1.02 0.0102 0)
(1.04 0.0102 0)
(1.06 0.0102 0)
(1.08 0.0102 0)
(1.1 0.0102 0)
(1.12 0.0102 0)
(1.14 0.0102 0)
(1.16 0.0102 0)
(1.18 0.0102 0)
(1.2 0.0102 0)
(1.22 0.0102 0)
(1.24 0.0102 0)
(1.26 0.0102 0)
(1.28 0.0102 0)
(1.3 0.0102 0)
(1.32 0.0102 0)
(1.34 0.0102 0)
(1.36 0.0102 0)
(1.38 0.0102 0)
(1.4 0.0102 0)
(1.42 0.0102 0)
(1.44 0.0102 0)
(1.46 0.0102 0)
(1.48 0.0102 0)
(1.5 0.0102 0)
(1.52 0.0102 0)
(1.54 0.0102 0)
(1.56 0.0102 0)
(1.58 0.0102 0)
(1.6 0.0102 0)
(1.62 0.0102 0)
(1.64 0.0102 0)
(1.66 0.0102 0)
(1.68 0.0102 0)
(1.7 0.0102 0)
(1.72 0.0102 0)
(1.74 0.0102 0)
(1.76 0.0102 0)
(1.78 0.0102 0)
(1.8 0.0102 0)
(1.82 0.0102 0)
(1.84 0.0102 0)
(1.86 0.0102 0)
(1.88 0.0102 0)
(1.9 0.0102 0)
(1.92 0.0102 0)
(1.94 0.0102 0)
(1.96 0.0102 0)
(1.98 0.0102 0)
(2 0.0102 0)
(0 0.0108 0)
(0.02 0.0108 0)
(0.04 0.0108 0)
(0.06 0.0108 0)
(0.08 0.0108 0)
(0.1 0.0108 0)
(0.12 0.0108 0)
(0.14 0.0108 0)
(0.16 0.0108 0)
(0.18 0.0108 0)
(0.2 0.0108 0)
(0.22 0.0108 0)
(0.24 0.0108 0)
(0.26 0.0108 0)
(0.28 0.0108 0)
(0.3 0.0108 0)
(0.32 0.0108 0)
(0.34 0.0108 0)
(0.36 0.0108 0)
(0.38 0.0108 0)
(0.4 0.0108 0)
(0.42 0.0108 0)
(0.44 0.0108 0)
(0.46 0.0108 0)
(0.48 0.0108 0)
(0.5 0.0108 0)
(0.52 0.0108 0)
(0.54 0.0108 0)
(0.56 0.0108 0)
(0.58 0.0108 0)
(0.6 0.0108 0)
(0.62 0.0108 0)
(0.64 0.0108 0)
(0.66 0.0108 0)
(0.68 0.0108 0)
(0.7 0.0108 0)
(0.72 0.0108 0)
(0.74 0.0108 0)
(0.76 0.0108 0)
(0.78 0.0108 0)
(0.8 0.0108 0)
(0.82 0.0108 0)
(0.84 0.0108 0)
(0.86 0.0108 0)
(0.88 0.0108 0)
(0.9 0.0108 0)
(0.92 0.0108 0)
(0.94 0.0108 0)
(0.96 0.0108 0)
(0.98 0.0108 0)
(1 0.0108 0)
(1.02 0.0108 0)
(1.04 0.0108 0)
(1.06 0.0108 0)
(1.08 0.0108 0)
(1.1 0.0108 0)
(1.12 0.0108 0)
(1.14 0.0108 0)
(1.16 0.0108 0)
(1.18 0.0108 0)
(1.2 0.0108 0)
(1.22 0.0108 0)
(1.24 0.0108 0)
(1.26 0.0108 0)
(1.28 0.0108 0)
(1.3 0.0108 0)
(1.32 0.0108 0)
(1.34 0.0108 0)
(1.36 0.0108 0)
(1.38 0.0108 0)
(1.4 0.0108 0)
(1.42 0.0108 0)
(1.44 0.0108 0)
(1.46 0.0108 0)
(1.48 0.0108 0)
(1.5 0.0108 0)
(1.52 0.0108 0)
(1.54 0.0108 0)
(1.56 0.0108 0)
(1.58 0.0108 0)
(1.6 0.0108 0)
(1.62 0.0108 0)
(1.64 0.0108 0)
(1.66 0.0108 0)
(1.68 0.0108 0)
(1.7 0.0108 0)
(1.72 0.0108 0)
(1.74 0.0108 0)
(1.76 0.0108 0)
(1.78 0.0108 0)
(1.8 0.0108 0)
(1.82 0.0108 0)
(1.84 0.0108 0)
(1.86 0.0108 0)
(1.88 0.0108 0)
(1.9 0.0108 0)
(1.92 0.0108 0)
(1.94 0.0108 0)
(1.96 0.0108 0)
(1.98 0.0108 0)
(2 0.0108 0)
(0 0.0114 0)
(0.02 0.0114 0)
(0.04 0.0114 0)
(0.06 0.0114 0)
(0.08 0.0114 0)
(0.1 0.0114 0)
(0.12 0.0114 0)
(0.14 0.0114 0)
(0.16 0.0114 0)
(0.18 0.0114 0)
(0.2 0.0114 0)
(0.22 0.0114 0)
(0.24 0.0114 0)
(0.26 0.0114 0)
(0.28 0.0114 0)
(0.3 0.0114 0)
(0.32 0.0114 0)
(0.34 0.0114 0)
(0.36 0.0114 0)
(0.38 0.0114 0)
(0.4 0.0114 0)
(0.42 0.0114 0)
(0.44 0.0114 0)
(0.46 0.0114 0)
(0.48 0.0114 0)
(0.5 0.0114 0)
(0.52 0.0114 0)
(0.54 0.0114 0)
(0.56 0.0114 0)
(0.58 0.0114 0)
(0.6 0.0114 0)
(0.62 0.0114 0)
(0.64 0.0114 0)
(0.66 0.0114 0)
(0.68 0.0114 0)
(0.7 0.0114 0)
(0.72 0.0114 0)
(0.74 0.0114 0)
(0.76 0.0114 0)
(0.78 0.0114 0)
(0.8 0.0114 0)
(0.82 0.0114 0)
(0.84 0.0114 0)
(0.86 0.0114 0)
(0.88 0.0114 0)
(0.9 0.0114 0)
(0.92 0.0114 0)
(0.94 0.0114 0)
(0.96 0.0114 0)
(0.98 0.0114 0)
(1 0.0114 0)
(1.02 0.0114 0)
(1.04 0.0114 0)
(1.06 0.0114 0)
(1.08 0.0114 0)
(1.1 0.0114 0)
(1.12 0.0114 0)
(1.14 0.0114 0)
(1.16 0.0114 0)
(1.18 0.0114 0)
(1.2 0.0114 0)
(1.22 0.0114 0)
(1.24 0.0114 0)
(1.26 0.0114 0)
(1.28 0.0114 0)
(1.3 0.0114 0)
(1.32 0.0114 0)
(1.34 0.0114 0)
(1.36 0.0114 0)
(1.38 0.0114 0)
(1.4 0.0114 0)
(1.42 0.0114 0)
(1.44 0.0114 0)
(1.46 0.0114 0)
(1.48 0.0114 0)
(1.5 0.0114 0)
(1.52 0.0114 0)
(1.54 0.0114 0)
(1.56 0.0114 0)
(1.58 0.0114 0)
(1.6 0.0114 0)
(1.62 0.0114 0)
(1.64 0.0114 0)
(1.66 0.0114 0)
(1.68 0.0114 0)
(1.7 0.0114 0)
(1.72 0.0114 0)
(1.74 0.0114 0)
(1.76 0.0114 0)
(1.78 0.0114 0)
(1.8 0.0114 0)
(1.82 0.0114 0)
(1.84 0.0114 0)
(1.86 0.0114 0)
(1.88 0.0114 0)
(1.9 0.0114 0)
(1.92 0.0114 0)
(1.94 0.0114 0)
(1.96 0.0114 0)
(1.98 0.0114 0)
(2 0.0114 0)
(0 0.012 0)
(0.02 0.012 0)
(0.04 0.012 0)
(0.06 0.012 0)
(0.08 0.012 0)
(0.1 0.012 0)
(0.12 0.012 0)
(0.14 0.012 0)
(0.16 0.012 0)
(0.18 0.012 0)
(0.2 0.012 0)
(0.22 0.012 0)
(0.24 0.012 0)
(0.26 0.012 0)
(0.28 0.012 0)
(0.3 0.012 0)
(0.32 0.012 0)
(0.34 0.012 0)
(0.36 0.012 0)
(0.38 0.012 0)
(0.4 0.012 0)
(0.42 0.012 0)
(0.44 0.012 0)
(0.46 0.012 0)
(0.48 0.012 0)
(0.5 0.012 0)
(0.52 0.012 0)
(0.54 0.012 0)
(0.56 0.012 0)
(0.58 0.012 0)
(0.6 0.012 0)
(0.62 0.012 0)
(0.64 0.012 0)
(0.66 0.012 0)
(0.68 0.012 0)
(0.7 0.012 0)
(0.72 0.012 0)
(0.74 0.012 0)
(0.76 0.012 0)
(0.78 0.012 0)
(0.8 0.012 0)
(0.82 0.012 0)
(0.84 0.012 0)
(0.86 0.012 0)
(0.88 0.012 0)
(0.9 0.012 0)
(0.92 0.012 0)
(0.94 0.012 0)
(0.96 0.012 0)
(0.98 0.012 0)
(1 0.012 0)
(1.02 0.012 0)
(1.04 0.012 0)
(1.06 0.012 0)
(1.08 0.012 0)
(1.1 0.012 0)
(1.12 0.012 0)
(1.14 0.012 0)
(1.16 0.012 0)
(1.18 0.012 0)
(1.2 0.012 0)
(1.22 0.012 0)
(1.24 0.012 0)
(1.26 0.012 0)
(1.28 0.012 0)
(1.3 0.012 0)
(1.32 0.012 0)
(1.34 0.012 0)
(1.36 0.012 0)
(1.38 0.012 0)
(1.4 0.012 0)
(1.42 0.012 0)
(1.44 0.012 0)
(1.46 0.012 0)
(1.48 0.012 0)
(1.5 0.012 0)
(1.52 0.012 0)
(1.54 0.012 0)
(1.56 0.012 0)
(1.58 0.012 0)
(1.6 0.012 0)
(1.62 0.012 0)
(1.64 0.012 0)
(1.66 0.012 0)
(1.68 0.012 0)
(1.7 0.012 0)
(1.72 0.012 0)
(1.74 0.012 0)
(1.76 0.012 0)
(1.78 0.012 0)
(1.8 0.012 0)
(1.82 0.012 0)
(1.84 0.012 0)
(1.86 0.012 0)
(1.88 0.012 0)
(1.9 0.012 0)
(1.92 0.012 0)
(1.94 0.012 0)
(1.96 0.012 0)
(1.98 0.012 0)
(2 0.012 0)
(0 0.0126 0)
(0.02 0.0126 0)
(0.04 0.0126 0)
(0.06 0.0126 0)
(0.08 0.0126 0)
(0.1 0.0126 0)
(0.12 0.0126 0)
(0.14 0.0126 0)
(0.16 0.0126 0)
(0.18 0.0126 0)
(0.2 0.0126 0)
(0.22 0.0126 0)
(0.24 0.0126 0)
(0.26 0.0126 0)
(0.28 0.0126 0)
(0.3 0.0126 0)
(0.32 0.0126 0)
(0.34 0.0126 0)
(0.36 0.0126 0)
(0.38 0.0126 0)
(0.4 0.0126 0)
(0.42 0.0126 0)
(0.44 0.0126 0)
(0.46 0.0126 0)
(0.48 0.0126 0)
(0.5 0.0126 0)
(0.52 0.0126 0)
(0.54 0.0126 0)
(0.56 0.0126 0)
(0.58 0.0126 0)
(0.6 0.0126 0)
(0.62 0.0126 0)
(0.64 0.0126 0)
(0.66 0.0126 0)
(0.68 0.0126 0)
(0.7 0.0126 0)
(0.72 0.0126 0)
(0.74 0.0126 0)
(0.76 0.0126 0)
(0.78 0.0126 0)
(0.8 0.0126 0)
(0.82 0.0126 0)
(0.84 0.0126 0)
(0.86 0.0126 0)
(0.88 0.0126 0)
(0.9 0.0126 0)
(0.92 0.0126 0)
(0.94 0.0126 0)
(0.96 0.0126 0)
(0.98 0.0126 0)
(1 0.0126 0)
(1.02 0.0126 0)
(1.04 0.0126 0)
(1.06 0.0126 0)
(1.08 0.0126 0)
(1.1 0.0126 0)
(1.12 0.0126 0)
(1.14 0.0126 0)
(1.16 0.0126 0)
(1.18 0.0126 0)
(1.2 0.0126 0)
(1.22 0.0126 0)
(1.24 0.0126 0)
(1.26 0.0126 0)
(1.28 0.0126 0)
(1.3 0.0126 0)
(1.32 0.0126 0)
(1.34 0.0126 0)
(1.36 0.0126 0)
(1.38 0.0126 0)
(1.4 0.0126 0)
(1.42 0.0126 0)
(1.44 0.0126 0)
(1.46 0.0126 0)
(1.48 0.0126 0)
(1.5 0.0126 0)
(1.52 0.0126 0)
(1.54 0.0126 0)
(1.56 0.0126 0)
(1.58 0.0126 0)
(1.6 0.0126 0)
(1.62 0.0126 0)
(1.64 0.0126 0)
(1.66 0.0126 0)
(1.68 0.0126 0)
(1.7 0.0126 0)
(1.72 0.0126 0)
(1.74 0.0126 0)
(1.76 0.0126 0)
(1.78 0.0126 0)
(1.8 0.0126 0)
(1.82 0.0126 0)
(1.84 0.0126 0)
(1.86 0.0126 0)
(1.88 0.0126 0)
(1.9 0.0126 0)
(1.92 0.0126 0)
(1.94 0.0126 0)
(1.96 0.0126 0)
(1.98 0.0126 0)
(2 0.0126 0)
(0 0.0132 0)
(0.02 0.0132 0)
(0.04 0.0132 0)
(0.06 0.0132 0)
(0.08 0.0132 0)
(0.1 0.0132 0)
(0.12 0.0132 0)
(0.14 0.0132 0)
(0.16 0.0132 0)
(0.18 0.0132 0)
(0.2 0.0132 0)
(0.22 0.0132 0)
(0.24 0.0132 0)
(0.26 0.0132 0)
(0.28 0.0132 0)
(0.3 0.0132 0)
(0.32 0.0132 0)
(0.34 0.0132 0)
(0.36 0.0132 0)
(0.38 0.0132 0)
(0.4 0.0132 0)
(0.42 0.0132 0)
(0.44 0.0132 0)
(0.46 0.0132 0)
(0.48 0.0132 0)
(0.5 0.0132 0)
(0.52 0.0132 0)
(0.54 0.0132 0)
(0.56 0.0132 0)
(0.58 0.0132 0)
(0.6 0.0132 0)
(0.62 0.0132 0)
(0.64 0.0132 0)
(0.66 0.0132 0)
(0.68 0.0132 0)
(0.7 0.0132 0)
(0.72 0.0132 0)
(0.74 0.0132 0)
(0.76 0.0132 0)
(0.78 0.0132 0)
(0.8 0.0132 0)
(0.82 0.0132 0)
(0.84 0.0132 0)
(0.86 0.0132 0)
(0.88 0.0132 0)
(0.9 0.0132 0)
(0.92 0.0132 0)
(0.94 0.0132 0)
(0.96 0.0132 0)
(0.98 0.0132 0)
(1 0.0132 0)
(1.02 0.0132 0)
(1.04 0.0132 0)
(1.06 0.0132 0)
(1.08 0.0132 0)
(1.1 0.0132 0)
(1.12 0.0132 0)
(1.14 0.0132 0)
(1.16 0.0132 0)
(1.18 0.0132 0)
(1.2 0.0132 0)
(1.22 0.0132 0)
(1.24 0.0132 0)
(1.26 0.0132 0)
(1.28 0.0132 0)
(1.3 0.0132 0)
(1.32 0.0132 0)
(1.34 0.0132 0)
(1.36 0.0132 0)
(1.38 0.0132 0)
(1.4 0.0132 0)
(1.42 0.0132 0)
(1.44 0.0132 0)
(1.46 0.0132 0)
(1.48 0.0132 0)
(1.5 0.0132 0)
(1.52 0.0132 0)
(1.54 0.0132 0)
(1.56 0.0132 0)
(1.58 0.0132 0)
(1.6 0.0132 0)
(1.62 0.0132 0)
(1.64 0.0132 0)
(1.66 0.0132 0)
(1.68 0.0132 0)
(1.7 0.0132 0)
(1.72 0.0132 0)
(1.74 0.0132 0)
(1.76 0.0132 0)
(1.78 0.0132 0)
(1.8 0.0132 0)
(1.82 0.0132 0)
(1.84 0.0132 0)
(1.86 0.0132 0)
(1.88 0.0132 0)
(1.9 0.0132 0)
(1.92 0.0132 0)
(1.94 0.0132 0)
(1.96 0.0132 0)
(1.98 0.0132 0)
(2 0.0132 0)
(0 0.0138 0)
(0.02 0.0138 0)
(0.04 0.0138 0)
(0.06 0.0138 0)
(0.08 0.0138 0)
(0.1 0.0138 0)
(0.12 0.0138 0)
(0.14 0.0138 0)
(0.16 0.0138 0)
(0.18 0.0138 0)
(0.2 0.0138 0)
(0.22 0.0138 0)
(0.24 0.0138 0)
(0.26 0.0138 0)
(0.28 0.0138 0)
(0.3 0.0138 0)
(0.32 0.0138 0)
(0.34 0.0138 0)
(0.36 0.0138 0)
(0.38 0.0138 0)
(0.4 0.0138 0)
(0.42 0.0138 0)
(0.44 0.0138 0)
(0.46 0.0138 0)
(0.48 0.0138 0)
(0.5 0.0138 0)
(0.52 0.0138 0)
(0.54 0.0138 0)
(0.56 0.0138 0)
(0.58 0.0138 0)
(0.6 0.0138 0)
(0.62 0.0138 0)
(0.64 0.0138 0)
(0.66 0.0138 0)
(0.68 0.0138 0)
(0.7 0.0138 0)
(0.72 0.0138 0)
(0.74 0.0138 0)
(0.76 0.0138 0)
(0.78 0.0138 0)
(0.8 0.0138 0)
(0.82 0.0138 0)
(0.84 0.0138 0)
(0.86 0.0138 0)
(0.88 0.0138 0)
(0.9 0.0138 0)
(0.92 0.0138 0)
(0.94 0.0138 0)
(0.96 0.0138 0)
(0.98 0.0138 0)
(1 0.0138 0)
(1.02 0.0138 0)
(1.04 0.0138 0)
(1.06 0.0138 0)
(1.08 0.0138 0)
(1.1 0.0138 0)
(1.12 0.0138 0)
(1.14 0.0138 0)
(1.16 0.0138 0)
(1.18 0.0138 0)
(1.2 0.0138 0)
(1.22 0.0138 0)
(1.24 0.0138 0)
(1.26 0.0138 0)
(1.28 0.0138 0)
(1.3 0.0138 0)
(1.32 0.0138 0)
(1.34 0.0138 0)
(1.36 0.0138 0)
(1.38 0.0138 0)
(1.4 0.0138 0)
(1.42 0.0138 0)
(1.44 0.0138 0)
(1.46 0.0138 0)
(1.48 0.0138 0)
(1.5 0.0138 0)
(1.52 0.0138 0)
(1.54 0.0138 0)
(1.56 0.0138 0)
(1.58 0.0138 0)
(1.6 0.0138 0)
(1.62 0.0138 0)
(1.64 0.0138 0)
(1.66 0.0138 0)
(1.68 0.0138 0)
(1.7 0.0138 0)
(1.72 0.0138 0)
(1.74 0.0138 0)
(1.76 0.0138 0)
(1.78 0.0138 0)
(1.8 0.0138 0)
(1.82 0.0138 0)
(1.84 0.0138 0)
(1.86 0.0138 0)
(1.88 0.0138 0)
(1.9 0.0138 0)
(1.92 0.0138 0)
(1.94 0.0138 0)
(1.96 0.0138 0)
(1.98 0.0138 0)
(2 0.0138 0)
(0 0.0144 0)
(0.02 0.0144 0)
(0.04 0.0144 0)
(0.06 0.0144 0)
(0.08 0.0144 0)
(0.1 0.0144 0)
(0.12 0.0144 0)
(0.14 0.0144 0)
(0.16 0.0144 0)
(0.18 0.0144 0)
(0.2 0.0144 0)
(0.22 0.0144 0)
(0.24 0.0144 0)
(0.26 0.0144 0)
(0.28 0.0144 0)
(0.3 0.0144 0)
(0.32 0.0144 0)
(0.34 0.0144 0)
(0.36 0.0144 0)
(0.38 0.0144 0)
(0.4 0.0144 0)
(0.42 0.0144 0)
(0.44 0.0144 0)
(0.46 0.0144 0)
(0.48 0.0144 0)
(0.5 0.0144 0)
(0.52 0.0144 0)
(0.54 0.0144 0)
(0.56 0.0144 0)
(0.58 0.0144 0)
(0.6 0.0144 0)
(0.62 0.0144 0)
(0.64 0.0144 0)
(0.66 0.0144 0)
(0.68 0.0144 0)
(0.7 0.0144 0)
(0.72 0.0144 0)
(0.74 0.0144 0)
(0.76 0.0144 0)
(0.78 0.0144 0)
(0.8 0.0144 0)
(0.82 0.0144 0)
(0.84 0.0144 0)
(0.86 0.0144 0)
(0.88 0.0144 0)
(0.9 0.0144 0)
(0.92 0.0144 0)
(0.94 0.0144 0)
(0.96 0.0144 0)
(0.98 0.0144 0)
(1 0.0144 0)
(1.02 0.0144 0)
(1.04 0.0144 0)
(1.06 0.0144 0)
(1.08 0.0144 0)
(1.1 0.0144 0)
(1.12 0.0144 0)
(1.14 0.0144 0)
(1.16 0.0144 0)
(1.18 0.0144 0)
(1.2 0.0144 0)
(1.22 0.0144 0)
(1.24 0.0144 0)
(1.26 0.0144 0)
(1.28 0.0144 0)
(1.3 0.0144 0)
(1.32 0.0144 0)
(1.34 0.0144 0)
(1.36 0.0144 0)
(1.38 0.0144 0)
(1.4 0.0144 0)
(1.42 0.0144 0)
(1.44 0.0144 0)
(1.46 0.0144 0)
(1.48 0.0144 0)
(1.5 0.0144 0)
(1.52 0.0144 0)
(1.54 0.0144 0)
(1.56 0.0144 0)
(1.58 0.0144 0)
(1.6 0.0144 0)
(1.62 0.0144 0)
(1.64 0.0144 0)
(1.66 0.0144 0)
(1.68 0.0144 0)
(1.7 0.0144 0)
(1.72 0.0144 0)
(1.74 0.0144 0)
(1.76 0.0144 0)
(1.78 0.0144 0)
(1.8 0.0144 0)
(1.82 0.0144 0)
(1.84 0.0144 0)
(1.86 0.0144 0)
(1.88 0.0144 0)
(1.9 0.0144 0)
(1.92 0.0144 0)
(1.94 0.0144 0)
(1.96 0.0144 0)
(1.98 0.0144 0)
(2 0.0144 0)
(0 0.015 0)
(0.02 0.015 0)
(0.04 0.015 0)
(0.06 0.015 0)
(0.08 0.015 0)
(0.1 0.015 0)
(0.12 0.015 0)
(0.14 0.015 0)
(0.16 0.015 0)
(0.18 0.015 0)
(0.2 0.015 0)
(0.22 0.015 0)
(0.24 0.015 0)
(0.26 0.015 0)
(0.28 0.015 0)
(0.3 0.015 0)
(0.32 0.015 0)
(0.34 0.015 0)
(0.36 0.015 0)
(0.38 0.015 0)
(0.4 0.015 0)
(0.42 0.015 0)
(0.44 0.015 0)
(0.46 0.015 0)
(0.48 0.015 0)
(0.5 0.015 0)
(0.52 0.015 0)
(0.54 0.015 0)
(0.56 0.015 0)
(0.58 0.015 0)
(0.6 0.015 0)
(0.62 0.015 0)
(0.64 0.015 0)
(0.66 0.015 0)
(0.68 0.015 0)
(0.7 0.015 0)
(0.72 0.015 0)
(0.74 0.015 0)
(0.76 0.015 0)
(0.78 0.015 0)
(0.8 0.015 0)
(0.82 0.015 0)
(0.84 0.015 0)
(0.86 0.015 0)
(0.88 0.015 0)
(0.9 0.015 0)
(0.92 0.015 0)
(0.94 0.015 0)
(0.96 0.015 0)
(0.98 0.015 0)
(1 0.015 0)
(1.02 0.015 0)
(1.04 0.015 0)
(1.06 0.015 0)
(1.08 0.015 0)
(1.1 0.015 0)
(1.12 0.015 0)
(1.14 0.015 0)
(1.16 0.015 0)
(1.18 0.015 0)
(1.2 0.015 0)
(1.22 0.015 0)
(1.24 0.015 0)
(1.26 0.015 0)
(1.28 0.015 0)
(1.3 0.015 0)
(1.32 0.015 0)
(1.34 0.015 0)
(1.36 0.015 0)
(1.38 0.015 0)
(1.4 0.015 0)
(1.42 0.015 0)
(1.44 0.015 0)
(1.46 0.015 0)
(1.48 0.015 0)
(1.5 0.015 0)
(1.52 0.015 0)
(1.54 0.015 0)
(1.56 0.015 0)
(1.58 0.015 0)
(1.6 0.015 0)
(1.62 0.015 0)
(1.64 0.015 0)
(1.66 0.015 0)
(1.68 0.015 0)
(1.7 0.015 0)
(1.72 0.015 0)
(1.74 0.015 0)
(1.76 0.015 0)
(1.78 0.015 0)
(1.8 0.015 0)
(1.82 0.015 0)
(1.84 0.015 0)
(1.86 0.015 0)
(1.88 0.015 0)
(1.9 0.015 0)
(1.92 0.015 0)
(1.94 0.015 0)
(1.96 0.015 0)
(1.98 0.015 0)
(2 0.015 0)
(0 -0.015 0.001)
(0.02 -0.015 0.001)
(0.04 -0.015 0.001)
(0.06 -0.015 0.001)
(0.08 -0.015 0.001)
(0.1 -0.015 0.001)
(0.12 -0.015 0.001)
(0.14 -0.015 0.001)
(0.16 -0.015 0.001)
(0.18 -0.015 0.001)
(0.2 -0.015 0.001)
(0.22 -0.015 0.001)
(0.24 -0.015 0.001)
(0.26 -0.015 0.001)
(0.28 -0.015 0.001)
(0.3 -0.015 0.001)
(0.32 -0.015 0.001)
(0.34 -0.015 0.001)
(0.36 -0.015 0.001)
(0.38 -0.015 0.001)
(0.4 -0.015 0.001)
(0.42 -0.015 0.001)
(0.44 -0.015 0.001)
(0.46 -0.015 0.001)
(0.48 -0.015 0.001)
(0.5 -0.015 0.001)
(0.52 -0.015 0.001)
(0.54 -0.015 0.001)
(0.56 -0.015 0.001)
(0.58 -0.015 0.001)
(0.6 -0.015 0.001)
(0.62 -0.015 0.001)
(0.64 -0.015 0.001)
(0.66 -0.015 0.001)
(0.68 -0.015 0.001)
(0.7 -0.015 0.001)
(0.72 -0.015 0.001)
(0.74 -0.015 0.001)
(0.76 -0.015 0.001)
(0.78 -0.015 0.001)
(0.8 -0.015 0.001)
(0.82 -0.015 0.001)
(0.84 -0.015 0.001)
(0.86 -0.015 0.001)
(0.88 -0.015 0.001)
(0.9 -0.015 0.001)
(0.92 -0.015 0.001)
(0.94 -0.015 0.001)
(0.96 -0.015 0.001)
(0.98 -0.015 0.001)
(1 -0.015 0.001)
(1.02 -0.015 0.001)
(1.04 -0.015 0.001)
(1.06 -0.015 0.001)
(1.08 -0.015 0.001)
(1.1 -0.015 0.001)
(1.12 -0.015 0.001)
(1.14 -0.015 0.001)
(1.16 -0.015 0.001)
(1.18 -0.015 0.001)
(1.2 -0.015 0.001)
(1.22 -0.015 0.001)
(1.24 -0.015 0.001)
(1.26 -0.015 0.001)
(1.28 -0.015 0.001)
(1.3 -0.015 0.001)
(1.32 -0.015 0.001)
(1.34 -0.015 0.001)
(1.36 -0.015 0.001)
(1.38 -0.015 0.001)
(1.4 -0.015 0.001)
(1.42 -0.015 0.001)
(1.44 -0.015 0.001)
(1.46 -0.015 0.001)
(1.48 -0.015 0.001)
(1.5 -0.015 0.001)
(1.52 -0.015 0.001)
(1.54 -0.015 0.001)
(1.56 -0.015 0.001)
(1.58 -0.015 0.001)
(1.6 -0.015 0.001)
(1.62 -0.015 0.001)
(1.64 -0.015 0.001)
(1.66 -0.015 0.001)
(1.68 -0.015 0.001)
(1.7 -0.015 0.001)
(1.72 -0.015 0.001)
(1.74 -0.015 0.001)
(1.76 -0.015 0.001)
(1.78 -0.015 0.001)
(1.8 -0.015 0.001)
(1.82 -0.015 0.001)
(1.84 -0.015 0.001)
(1.86 -0.015 0.001)
(1.88 -0.015 0.001)
(1.9 -0.015 0.001)
(1.92 -0.015 0.001)
(1.94 -0.015 0.001)
(1.96 -0.015 0.001)
(1.98 -0.015 0.001)
(2 -0.015 0.001)
(0 -0.0144 0.001)
(0.02 -0.0144 0.001)
(0.04 -0.0144 0.001)
(0.06 -0.0144 0.001)
(0.08 -0.0144 0.001)
(0.1 -0.0144 0.001)
(0.12 -0.0144 0.001)
(0.14 -0.0144 0.001)
(0.16 -0.0144 0.001)
(0.18 -0.0144 0.001)
(0.2 -0.0144 0.001)
(0.22 -0.0144 0.001)
(0.24 -0.0144 0.001)
(0.26 -0.0144 0.001)
(0.28 -0.0144 0.001)
(0.3 -0.0144 0.001)
(0.32 -0.0144 0.001)
(0.34 -0.0144 0.001)
(0.36 -0.0144 0.001)
(0.38 -0.0144 0.001)
(0.4 -0.0144 0.001)
(0.42 -0.0144 0.001)
(0.44 -0.0144 0.001)
(0.46 -0.0144 0.001)
(0.48 -0.0144 0.001)
(0.5 -0.0144 0.001)
(0.52 -0.0144 0.001)
(0.54 -0.0144 0.001)
(0.56 -0.0144 0.001)
(0.58 -0.0144 0.001)
(0.6 -0.0144 0.001)
(0.62 -0.0144 0.001)
(0.64 -0.0144 0.001)
(0.66 -0.0144 0.001)
(0.68 -0.0144 0.001)
(0.7 -0.0144 0.001)
(0.72 -0.0144 0.001)
(0.74 -0.0144 0.001)
(0.76 -0.0144 0.001)
(0.78 -0.0144 0.001)
(0.8 -0.0144 0.001)
(0.82 -0.0144 0.001)
(0.84 -0.0144 0.001)
(0.86 -0.0144 0.001)
(0.88 -0.0144 0.001)
(0.9 -0.0144 0.001)
(0.92 -0.0144 0.001)
(0.94 -0.0144 0.001)
(0.96 -0.0144 0.001)
(0.98 -0.0144 0.001)
(1 -0.0144 0.001)
(1.02 -0.0144 0.001)
(1.04 -0.0144 0.001)
(1.06 -0.0144 0.001)
(1.08 -0.0144 0.001)
(1.1 -0.0144 0.001)
(1.12 -0.0144 0.001)
(1.14 -0.0144 0.001)
(1.16 -0.0144 0.001)
(1.18 -0.0144 0.001)
(1.2 -0.0144 0.001)
(1.22 -0.0144 0.001)
(1.24 -0.0144 0.001)
(1.26 -0.0144 0.001)
(1.28 -0.0144 0.001)
(1.3 -0.0144 0.001)
(1.32 -0.0144 0.001)
(1.34 -0.0144 0.001)
(1.36 -0.0144 0.001)
(1.38 -0.0144 0.001)
(1.4 -0.0144 0.001)
(1.42 -0.0144 0.001)
(1.44 -0.0144 0.001)
(1.46 -0.0144 0.001)
(1.48 -0.0144 0.001)
(1.5 -0.0144 0.001)
(1.52 -0.0144 0.001)
(1.54 -0.0144 0.001)
(1.56 -0.0144 0.001)
(1.58 -0.0144 0.001)
(1.6 -0.0144 0.001)
(1.62 -0.0144 0.001)
(1.64 -0.0144 0.001)
(1.66 -0.0144 0.001)
(1.68 -0.0144 0.001)
(1.7 -0.0144 0.001)
(1.72 -0.0144 0.001)
(1.74 -0.0144 0.001)
(1.76 -0.0144 0.001)
(1.78 -0.0144 0.001)
(1.8 -0.0144 0.001)
(1.82 -0.0144 0.001)
(1.84 -0.0144 0.001)
(1.86 -0.0144 0.001)
(1.88 -0.0144 0.001)
(1.9 -0.0144 0.001)
(1.92 -0.0144 0.001)
(1.94 -0.0144 0.001)
(1.96 -0.0144 0.001)
(1.98 -0.0144 0.001)
(2 -0.0144 0.001)
(0 -0.0138 0.001)
(0.02 -0.0138 0.001)
(0.04 -0.0138 0.001)
(0.06 -0.0138 0.001)
(0.08 -0.0138 0.001)
(0.1 -0.0138 0.001)
(0.12 -0.0138 0.001)
(0.14 -0.0138 0.001)
(0.16 -0.0138 0.001)
(0.18 -0.0138 0.001)
(0.2 -0.0138 0.001)
(0.22 -0.0138 0.001)
(0.24 -0.0138 0.001)
(0.26 -0.0138 0.001)
(0.28 -0.0138 0.001)
(0.3 -0.0138 0.001)
(0.32 -0.0138 0.001)
(0.34 -0.0138 0.001)
(0.36 -0.0138 0.001)
(0.38 -0.0138 0.001)
(0.4 -0.0138 0.001)
(0.42 -0.0138 0.001)
(0.44 -0.0138 0.001)
(0.46 -0.0138 0.001)
(0.48 -0.0138 0.001)
(0.5 -0.0138 0.001)
(0.52 -0.0138 0.001)
(0.54 -0.0138 0.001)
(0.56 -0.0138 0.001)
(0.58 -0.0138 0.001)
(0.6 -0.0138 0.001)
(0.62 -0.0138 0.001)
(0.64 -0.0138 0.001)
(0.66 -0.0138 0.001)
(0.68 -0.0138 0.001)
(0.7 -0.0138 0.001)
(0.72 -0.0138 0.001)
(0.74 -0.0138 0.001)
(0.76 -0.0138 0.001)
(0.78 -0.0138 0.001)
(0.8 -0.0138 0.001)
(0.82 -0.0138 0.001)
(0.84 -0.0138 0.001)
(0.86 -0.0138 0.001)
(0.88 -0.0138 0.001)
(0.9 -0.0138 0.001)
(0.92 -0.0138 0.001)
(0.94 -0.0138 0.001)
(0.96 -0.0138 0.001)
(0.98 -0.0138 0.001)
(1 -0.0138 0.001)
(1.02 -0.0138 0.001)
(1.04 -0.0138 0.001)
(1.06 -0.0138 0.001)
(1.08 -0.0138 0.001)
(1.1 -0.0138 0.001)
(1.12 -0.0138 0.001)
(1.14 -0.0138 0.001)
(1.16 -0.0138 0.001)
(1.18 -0.0138 0.001)
(1.2 -0.0138 0.001)
(1.22 -0.0138 0.001)
(1.24 -0.0138 0.001)
(1.26 -0.0138 0.001)
(1.28 -0.0138 0.001)
(1.3 -0.0138 0.001)
(1.32 -0.0138 0.001)
(1.34 -0.0138 0.001)
(1.36 -0.0138 0.001)
(1.38 -0.0138 0.001)
(1.4 -0.0138 0.001)
(1.42 -0.0138 0.001)
(1.44 -0.0138 0.001)
(1.46 -0.0138 0.001)
(1.48 -0.0138 0.001)
(1.5 -0.0138 0.001)
(1.52 -0.0138 0.001)
(1.54 -0.0138 0.001)
(1.56 -0.0138 0.001)
(1.58 -0.0138 0.001)
(1.6 -0.0138 0.001)
(1.62 -0.0138 0.001)
(1.64 -0.0138 0.001)
(1.66 -0.0138 0.001)
(1.68 -0.0138 0.001)
(1.7 -0.0138 0.001)
(1.72 -0.0138 0.001)
(1.74 -0.0138 0.001)
(1.76 -0.0138 0.001)
(1.78 -0.0138 0.001)
(1.8 -0.0138 0.001)
(1.82 -0.0138 0.001)
(1.84 -0.0138 0.001)
(1.86 -0.0138 0.001)
(1.88 -0.0138 0.001)
(1.9 -0.0138 0.001)
(1.92 -0.0138 0.001)
(1.94 -0.0138 0.001)
(1.96 -0.0138 0.001)
(1.98 -0.0138 0.001)
(2 -0.0138 0.001)
(0 -0.0132 0.001)
(0.02 -0.0132 0.001)
(0.04 -0.0132 0.001)
(0.06 -0.0132 0.001)
(0.08 -0.0132 0.001)
(0.1 -0.0132 0.001)
(0.12 -0.0132 0.001)
(0.14 -0.0132 0.001)
(0.16 -0.0132 0.001)
(0.18 -0.0132 0.001)
(0.2 -0.0132 0.001)
(0.22 -0.0132 0.001)
(0.24 -0.0132 0.001)
(0.26 -0.0132 0.001)
(0.28 -0.0132 0.001)
(0.3 -0.0132 0.001)
(0.32 -0.0132 0.001)
(0.34 -0.0132 0.001)
(0.36 -0.0132 0.001)
(0.38 -0.0132 0.001)
(0.4 -0.0132 0.001)
(0.42 -0.0132 0.001)
(0.44 -0.0132 0.001)
(0.46 -0.0132 0.001)
(0.48 -0.0132 0.001)
(0.5 -0.0132 0.001)
(0.52 -0.0132 0.001)
(0.54 -0.0132 0.001)
(0.56 -0.0132 0.001)
(0.58 -0.0132 0.001)
(0.6 -0.0132 0.001)
(0.62 -0.0132 0.001)
(0.64 -0.0132 0.001)
(0.66 -0.0132 0.001)
(0.68 -0.0132 0.001)
(0.7 -0.0132 0.001)
(0.72 -0.0132 0.001)
(0.74 -0.0132 0.001)
(0.76 -0.0132 0.001)
(0.78 -0.0132 0.001)
(0.8 -0.0132 0.001)
(0.82 -0.0132 0.001)
(0.84 -0.0132 0.001)
(0.86 -0.0132 0.001)
(0.88 -0.0132 0.001)
(0.9 -0.0132 0.001)
(0.92 -0.0132 0.001)
(0.94 -0.0132 0.001)
(0.96 -0.0132 0.001)
(0.98 -0.0132 0.001)
(1 -0.0132 0.001)
(1.02 -0.0132 0.001)
(1.04 -0.0132 0.001)
(1.06 -0.0132 0.001)
(1.08 -0.0132 0.001)
(1.1 -0.0132 0.001)
(1.12 -0.0132 0.001)
(1.14 -0.0132 0.001)
(1.16 -0.0132 0.001)
(1.18 -0.0132 0.001)
(1.2 -0.0132 0.001)
(1.22 -0.0132 0.001)
(1.24 -0.0132 0.001)
(1.26 -0.0132 0.001)
(1.28 -0.0132 0.001)
(1.3 -0.0132 0.001)
(1.32 -0.0132 0.001)
(1.34 -0.0132 0.001)
(1.36 -0.0132 0.001)
(1.38 -0.0132 0.001)
(1.4 -0.0132 0.001)
(1.42 -0.0132 0.001)
(1.44 -0.0132 0.001)
(1.46 -0.0132 0.001)
(1.48 -0.0132 0.001)
(1.5 -0.0132 0.001)
(1.52 -0.0132 0.001)
(1.54 -0.0132 0.001)
(1.56 -0.0132 0.001)
(1.58 -0.0132 0.001)
(1.6 -0.0132 0.001)
(1.62 -0.0132 0.001)
(1.64 -0.0132 0.001)
(1.66 -0.0132 0.001)
(1.68 -0.0132 0.001)
(1.7 -0.0132 0.001)
(1.72 -0.0132 0.001)
(1.74 -0.0132 0.001)
(1.76 -0.0132 0.001)
(1.78 -0.0132 0.001)
(1.8 -0.0132 0.001)
(1.82 -0.0132 0.001)
(1.84 -0.0132 0.001)
(1.86 -0.0132 0.001)
(1.88 -0.0132 0.001)
(1.9 -0.0132 0.001)
(1.92 -0.0132 0.001)
(1.94 -0.0132 0.001)
(1.96 -0.0132 0.001)
(1.98 -0.0132 0.001)
(2 -0.0132 0.001)
(0 -0.0126 0.001)
(0.02 -0.0126 0.001)
(0.04 -0.0126 0.001)
(0.06 -0.0126 0.001)
(0.08 -0.0126 0.001)
(0.1 -0.0126 0.001)
(0.12 -0.0126 0.001)
(0.14 -0.0126 0.001)
(0.16 -0.0126 0.001)
(0.18 -0.0126 0.001)
(0.2 -0.0126 0.001)
(0.22 -0.0126 0.001)
(0.24 -0.0126 0.001)
(0.26 -0.0126 0.001)
(0.28 -0.0126 0.001)
(0.3 -0.0126 0.001)
(0.32 -0.0126 0.001)
(0.34 -0.0126 0.001)
(0.36 -0.0126 0.001)
(0.38 -0.0126 0.001)
(0.4 -0.0126 0.001)
(0.42 -0.0126 0.001)
(0.44 -0.0126 0.001)
(0.46 -0.0126 0.001)
(0.48 -0.0126 0.001)
(0.5 -0.0126 0.001)
(0.52 -0.0126 0.001)
(0.54 -0.0126 0.001)
(0.56 -0.0126 0.001)
(0.58 -0.0126 0.001)
(0.6 -0.0126 0.001)
(0.62 -0.0126 0.001)
(0.64 -0.0126 0.001)
(0.66 -0.0126 0.001)
(0.68 -0.0126 0.001)
(0.7 -0.0126 0.001)
(0.72 -0.0126 0.001)
(0.74 -0.0126 0.001)
(0.76 -0.0126 0.001)
(0.78 -0.0126 0.001)
(0.8 -0.0126 0.001)
(0.82 -0.0126 0.001)
(0.84 -0.0126 0.001)
(0.86 -0.0126 0.001)
(0.88 -0.0126 0.001)
(0.9 -0.0126 0.001)
(0.92 -0.0126 0.001)
(0.94 -0.0126 0.001)
(0.96 -0.0126 0.001)
(0.98 -0.0126 0.001)
(1 -0.0126 0.001)
(1.02 -0.0126 0.001)
(1.04 -0.0126 0.001)
(1.06 -0.0126 0.001)
(1.08 -0.0126 0.001)
(1.1 -0.0126 0.001)
(1.12 -0.0126 0.001)
(1.14 -0.0126 0.001)
(1.16 -0.0126 0.001)
(1.18 -0.0126 0.001)
(1.2 -0.0126 0.001)
(1.22 -0.0126 0.001)
(1.24 -0.0126 0.001)
(1.26 -0.0126 0.001)
(1.28 -0.0126 0.001)
(1.3 -0.0126 0.001)
(1.32 -0.0126 0.001)
(1.34 -0.0126 0.001)
(1.36 -0.0126 0.001)
(1.38 -0.0126 0.001)
(1.4 -0.0126 0.001)
(1.42 -0.0126 0.001)
(1.44 -0.0126 0.001)
(1.46 -0.0126 0.001)
(1.48 -0.0126 0.001)
(1.5 -0.0126 0.001)
(1.52 -0.0126 0.001)
(1.54 -0.0126 0.001)
(1.56 -0.0126 0.001)
(1.58 -0.0126 0.001)
(1.6 -0.0126 0.001)
(1.62 -0.0126 0.001)
(1.64 -0.0126 0.001)
(1.66 -0.0126 0.001)
(1.68 -0.0126 0.001)
(1.7 -0.0126 0.001)
(1.72 -0.0126 0.001)
(1.74 -0.0126 0.001)
(1.76 -0.0126 0.001)
(1.78 -0.0126 0.001)
(1.8 -0.0126 0.001)
(1.82 -0.0126 0.001)
(1.84 -0.0126 0.001)
(1.86 -0.0126 0.001)
(1.88 -0.0126 0.001)
(1.9 -0.0126 0.001)
(1.92 -0.0126 0.001)
(1.94 -0.0126 0.001)
(1.96 -0.0126 0.001)
(1.98 -0.0126 0.001)
(2 -0.0126 0.001)
(0 -0.012 0.001)
(0.02 -0.012 0.001)
(0.04 -0.012 0.001)
(0.06 -0.012 0.001)
(0.08 -0.012 0.001)
(0.1 -0.012 0.001)
(0.12 -0.012 0.001)
(0.14 -0.012 0.001)
(0.16 -0.012 0.001)
(0.18 -0.012 0.001)
(0.2 -0.012 0.001)
(0.22 -0.012 0.001)
(0.24 -0.012 0.001)
(0.26 -0.012 0.001)
(0.28 -0.012 0.001)
(0.3 -0.012 0.001)
(0.32 -0.012 0.001)
(0.34 -0.012 0.001)
(0.36 -0.012 0.001)
(0.38 -0.012 0.001)
(0.4 -0.012 0.001)
(0.42 -0.012 0.001)
(0.44 -0.012 0.001)
(0.46 -0.012 0.001)
(0.48 -0.012 0.001)
(0.5 -0.012 0.001)
(0.52 -0.012 0.001)
(0.54 -0.012 0.001)
(0.56 -0.012 0.001)
(0.58 -0.012 0.001)
(0.6 -0.012 0.001)
(0.62 -0.012 0.001)
(0.64 -0.012 0.001)
(0.66 -0.012 0.001)
(0.68 -0.012 0.001)
(0.7 -0.012 0.001)
(0.72 -0.012 0.001)
(0.74 -0.012 0.001)
(0.76 -0.012 0.001)
(0.78 -0.012 0.001)
(0.8 -0.012 0.001)
(0.82 -0.012 0.001)
(0.84 -0.012 0.001)
(0.86 -0.012 0.001)
(0.88 -0.012 0.001)
(0.9 -0.012 0.001)
(0.92 -0.012 0.001)
(0.94 -0.012 0.001)
(0.96 -0.012 0.001)
(0.98 -0.012 0.001)
(1 -0.012 0.001)
(1.02 -0.012 0.001)
(1.04 -0.012 0.001)
(1.06 -0.012 0.001)
(1.08 -0.012 0.001)
(1.1 -0.012 0.001)
(1.12 -0.012 0.001)
(1.14 -0.012 0.001)
(1.16 -0.012 0.001)
(1.18 -0.012 0.001)
(1.2 -0.012 0.001)
(1.22 -0.012 0.001)
(1.24 -0.012 0.001)
(1.26 -0.012 0.001)
(1.28 -0.012 0.001)
(1.3 -0.012 0.001)
(1.32 -0.012 0.001)
(1.34 -0.012 0.001)
(1.36 -0.012 0.001)
(1.38 -0.012 0.001)
(1.4 -0.012 0.001)
(1.42 -0.012 0.001)
(1.44 -0.012 0.001)
(1.46 -0.012 0.001)
(1.48 -0.012 0.001)
(1.5 -0.012 0.001)
(1.52 -0.012 0.001)
(1.54 -0.012 0.001)
(1.56 -0.012 0.001)
(1.58 -0.012 0.001)
(1.6 -0.012 0.001)
(1.62 -0.012 0.001)
(1.64 -0.012 0.001)
(1.66 -0.012 0.001)
(1.68 -0.012 0.001)
(1.7 -0.012 0.001)
(1.72 -0.012 0.001)
(1.74 -0.012 0.001)
(1.76 -0.012 0.001)
(1.78 -0.012 0.001)
(1.8 -0.012 0.001)
(1.82 -0.012 0.001)
(1.84 -0.012 0.001)
(1.86 -0.012 0.001)
(1.88 -0.012 0.001)
(1.9 -0.012 0.001)
(1.92 -0.012 0.001)
(1.94 -0.012 0.001)
(1.96 -0.012 0.001)
(1.98 -0.012 0.001)
(2 -0.012 0.001)
(0 -0.0114 0.001)
(0.02 -0.0114 0.001)
(0.04 -0.0114 0.001)
(0.06 -0.0114 0.001)
(0.08 -0.0114 0.001)
(0.1 -0.0114 0.001)
(0.12 -0.0114 0.001)
(0.14 -0.0114 0.001)
(0.16 -0.0114 0.001)
(0.18 -0.0114 0.001)
(0.2 -0.0114 0.001)
(0.22 -0.0114 0.001)
(0.24 -0.0114 0.001)
(0.26 -0.0114 0.001)
(0.28 -0.0114 0.001)
(0.3 -0.0114 0.001)
(0.32 -0.0114 0.001)
(0.34 -0.0114 0.001)
(0.36 -0.0114 0.001)
(0.38 -0.0114 0.001)
(0.4 -0.0114 0.001)
(0.42 -0.0114 0.001)
(0.44 -0.0114 0.001)
(0.46 -0.0114 0.001)
(0.48 -0.0114 0.001)
(0.5 -0.0114 0.001)
(0.52 -0.0114 0.001)
(0.54 -0.0114 0.001)
(0.56 -0.0114 0.001)
(0.58 -0.0114 0.001)
(0.6 -0.0114 0.001)
(0.62 -0.0114 0.001)
(0.64 -0.0114 0.001)
(0.66 -0.0114 0.001)
(0.68 -0.0114 0.001)
(0.7 -0.0114 0.001)
(0.72 -0.0114 0.001)
(0.74 -0.0114 0.001)
(0.76 -0.0114 0.001)
(0.78 -0.0114 0.001)
(0.8 -0.0114 0.001)
(0.82 -0.0114 0.001)
(0.84 -0.0114 0.001)
(0.86 -0.0114 0.001)
(0.88 -0.0114 0.001)
(0.9 -0.0114 0.001)
(0.92 -0.0114 0.001)
(0.94 -0.0114 0.001)
(0.96 -0.0114 0.001)
(0.98 -0.0114 0.001)
(1 -0.0114 0.001)
(1.02 -0.0114 0.001)
(1.04 -0.0114 0.001)
(1.06 -0.0114 0.001)
(1.08 -0.0114 0.001)
(1.1 -0.0114 0.001)
(1.12 -0.0114 0.001)
(1.14 -0.0114 0.001)
(1.16 -0.0114 0.001)
(1.18 -0.0114 0.001)
(1.2 -0.0114 0.001)
(1.22 -0.0114 0.001)
(1.24 -0.0114 0.001)
(1.26 -0.0114 0.001)
(1.28 -0.0114 0.001)
(1.3 -0.0114 0.001)
(1.32 -0.0114 0.001)
(1.34 -0.0114 0.001)
(1.36 -0.0114 0.001)
(1.38 -0.0114 0.001)
(1.4 -0.0114 0.001)
(1.42 -0.0114 0.001)
(1.44 -0.0114 0.001)
(1.46 -0.0114 0.001)
(1.48 -0.0114 0.001)
(1.5 -0.0114 0.001)
(1.52 -0.0114 0.001)
(1.54 -0.0114 0.001)
(1.56 -0.0114 0.001)
(1.58 -0.0114 0.001)
(1.6 -0.0114 0.001)
(1.62 -0.0114 0.001)
(1.64 -0.0114 0.001)
(1.66 -0.0114 0.001)
(1.68 -0.0114 0.001)
(1.7 -0.0114 0.001)
(1.72 -0.0114 0.001)
(1.74 -0.0114 0.001)
(1.76 -0.0114 0.001)
(1.78 -0.0114 0.001)
(1.8 -0.0114 0.001)
(1.82 -0.0114 0.001)
(1.84 -0.0114 0.001)
(1.86 -0.0114 0.001)
(1.88 -0.0114 0.001)
(1.9 -0.0114 0.001)
(1.92 -0.0114 0.001)
(1.94 -0.0114 0.001)
(1.96 -0.0114 0.001)
(1.98 -0.0114 0.001)
(2 -0.0114 0.001)
(0 -0.0108 0.001)
(0.02 -0.0108 0.001)
(0.04 -0.0108 0.001)
(0.06 -0.0108 0.001)
(0.08 -0.0108 0.001)
(0.1 -0.0108 0.001)
(0.12 -0.0108 0.001)
(0.14 -0.0108 0.001)
(0.16 -0.0108 0.001)
(0.18 -0.0108 0.001)
(0.2 -0.0108 0.001)
(0.22 -0.0108 0.001)
(0.24 -0.0108 0.001)
(0.26 -0.0108 0.001)
(0.28 -0.0108 0.001)
(0.3 -0.0108 0.001)
(0.32 -0.0108 0.001)
(0.34 -0.0108 0.001)
(0.36 -0.0108 0.001)
(0.38 -0.0108 0.001)
(0.4 -0.0108 0.001)
(0.42 -0.0108 0.001)
(0.44 -0.0108 0.001)
(0.46 -0.0108 0.001)
(0.48 -0.0108 0.001)
(0.5 -0.0108 0.001)
(0.52 -0.0108 0.001)
(0.54 -0.0108 0.001)
(0.56 -0.0108 0.001)
(0.58 -0.0108 0.001)
(0.6 -0.0108 0.001)
(0.62 -0.0108 0.001)
(0.64 -0.0108 0.001)
(0.66 -0.0108 0.001)
(0.68 -0.0108 0.001)
(0.7 -0.0108 0.001)
(0.72 -0.0108 0.001)
(0.74 -0.0108 0.001)
(0.76 -0.0108 0.001)
(0.78 -0.0108 0.001)
(0.8 -0.0108 0.001)
(0.82 -0.0108 0.001)
(0.84 -0.0108 0.001)
(0.86 -0.0108 0.001)
(0.88 -0.0108 0.001)
(0.9 -0.0108 0.001)
(0.92 -0.0108 0.001)
(0.94 -0.0108 0.001)
(0.96 -0.0108 0.001)
(0.98 -0.0108 0.001)
(1 -0.0108 0.001)
(1.02 -0.0108 0.001)
(1.04 -0.0108 0.001)
(1.06 -0.0108 0.001)
(1.08 -0.0108 0.001)
(1.1 -0.0108 0.001)
(1.12 -0.0108 0.001)
(1.14 -0.0108 0.001)
(1.16 -0.0108 0.001)
(1.18 -0.0108 0.001)
(1.2 -0.0108 0.001)
(1.22 -0.0108 0.001)
(1.24 -0.0108 0.001)
(1.26 -0.0108 0.001)
(1.28 -0.0108 0.001)
(1.3 -0.0108 0.001)
(1.32 -0.0108 0.001)
(1.34 -0.0108 0.001)
(1.36 -0.0108 0.001)
(1.38 -0.0108 0.001)
(1.4 -0.0108 0.001)
(1.42 -0.0108 0.001)
(1.44 -0.0108 0.001)
(1.46 -0.0108 0.001)
(1.48 -0.0108 0.001)
(1.5 -0.0108 0.001)
(1.52 -0.0108 0.001)
(1.54 -0.0108 0.001)
(1.56 -0.0108 0.001)
(1.58 -0.0108 0.001)
(1.6 -0.0108 0.001)
(1.62 -0.0108 0.001)
(1.64 -0.0108 0.001)
(1.66 -0.0108 0.001)
(1.68 -0.0108 0.001)
(1.7 -0.0108 0.001)
(1.72 -0.0108 0.001)
(1.74 -0.0108 0.001)
(1.76 -0.0108 0.001)
(1.78 -0.0108 0.001)
(1.8 -0.0108 0.001)
(1.82 -0.0108 0.001)
(1.84 -0.0108 0.001)
(1.86 -0.0108 0.001)
(1.88 -0.0108 0.001)
(1.9 -0.0108 0.001)
(1.92 -0.0108 0.001)
(1.94 -0.0108 0.001)
(1.96 -0.0108 0.001)
(1.98 -0.0108 0.001)
(2 -0.0108 0.001)
(0 -0.0102 0.001)
(0.02 -0.0102 0.001)
(0.04 -0.0102 0.001)
(0.06 -0.0102 0.001)
(0.08 -0.0102 0.001)
(0.1 -0.0102 0.001)
(0.12 -0.0102 0.001)
(0.14 -0.0102 0.001)
(0.16 -0.0102 0.001)
(0.18 -0.0102 0.001)
(0.2 -0.0102 0.001)
(0.22 -0.0102 0.001)
(0.24 -0.0102 0.001)
(0.26 -0.0102 0.001)
(0.28 -0.0102 0.001)
(0.3 -0.0102 0.001)
(0.32 -0.0102 0.001)
(0.34 -0.0102 0.001)
(0.36 -0.0102 0.001)
(0.38 -0.0102 0.001)
(0.4 -0.0102 0.001)
(0.42 -0.0102 0.001)
(0.44 -0.0102 0.001)
(0.46 -0.0102 0.001)
(0.48 -0.0102 0.001)
(0.5 -0.0102 0.001)
(0.52 -0.0102 0.001)
(0.54 -0.0102 0.001)
(0.56 -0.0102 0.001)
(0.58 -0.0102 0.001)
(0.6 -0.0102 0.001)
(0.62 -0.0102 0.001)
(0.64 -0.0102 0.001)
(0.66 -0.0102 0.001)
(0.68 -0.0102 0.001)
(0.7 -0.0102 0.001)
(0.72 -0.0102 0.001)
(0.74 -0.0102 0.001)
(0.76 -0.0102 0.001)
(0.78 -0.0102 0.001)
(0.8 -0.0102 0.001)
(0.82 -0.0102 0.001)
(0.84 -0.0102 0.001)
(0.86 -0.0102 0.001)
(0.88 -0.0102 0.001)
(0.9 -0.0102 0.001)
(0.92 -0.0102 0.001)
(0.94 -0.0102 0.001)
(0.96 -0.0102 0.001)
(0.98 -0.0102 0.001)
(1 -0.0102 0.001)
(1.02 -0.0102 0.001)
(1.04 -0.0102 0.001)
(1.06 -0.0102 0.001)
(1.08 -0.0102 0.001)
(1.1 -0.0102 0.001)
(1.12 -0.0102 0.001)
(1.14 -0.0102 0.001)
(1.16 -0.0102 0.001)
(1.18 -0.0102 0.001)
(1.2 -0.0102 0.001)
(1.22 -0.0102 0.001)
(1.24 -0.0102 0.001)
(1.26 -0.0102 0.001)
(1.28 -0.0102 0.001)
(1.3 -0.0102 0.001)
(1.32 -0.0102 0.001)
(1.34 -0.0102 0.001)
(1.36 -0.0102 0.001)
(1.38 -0.0102 0.001)
(1.4 -0.0102 0.001)
(1.42 -0.0102 0.001)
(1.44 -0.0102 0.001)
(1.46 -0.0102 0.001)
(1.48 -0.0102 0.001)
(1.5 -0.0102 0.001)
(1.52 -0.0102 0.001)
(1.54 -0.0102 0.001)
(1.56 -0.0102 0.001)
(1.58 -0.0102 0.001)
(1.6 -0.0102 0.001)
(1.62 -0.0102 0.001)
(1.64 -0.0102 0.001)
(1.66 -0.0102 0.001)
(1.68 -0.0102 0.001)
(1.7 -0.0102 0.001)
(1.72 -0.0102 0.001)
(1.74 -0.0102 0.001)
(1.76 -0.0102 0.001)
(1.78 -0.0102 0.001)
(1.8 -0.0102 0.001)
(1.82 -0.0102 0.001)
(1.84 -0.0102 0.001)
(1.86 -0.0102 0.001)
(1.88 -0.0102 0.001)
(1.9 -0.0102 0.001)
(1.92 -0.0102 0.001)
(1.94 -0.0102 0.001)
(1.96 -0.0102 0.001)
(1.98 -0.0102 0.001)
(2 -0.0102 0.001)
(0 -0.0096 0.001)
(0.02 -0.0096 0.001)
(0.04 -0.0096 0.001)
(0.06 -0.0096 0.001)
(0.08 -0.0096 0.001)
(0.1 -0.0096 0.001)
(0.12 -0.0096 0.001)
(0.14 -0.0096 0.001)
(0.16 -0.0096 0.001)
(0.18 -0.0096 0.001)
(0.2 -0.0096 0.001)
(0.22 -0.0096 0.001)
(0.24 -0.0096 0.001)
(0.26 -0.0096 0.001)
(0.28 -0.0096 0.001)
(0.3 -0.0096 0.001)
(0.32 -0.0096 0.001)
(0.34 -0.0096 0.001)
(0.36 -0.0096 0.001)
(0.38 -0.0096 0.001)
(0.4 -0.0096 0.001)
(0.42 -0.0096 0.001)
(0.44 -0.0096 0.001)
(0.46 -0.0096 0.001)
(0.48 -0.0096 0.001)
(0.5 -0.0096 0.001)
(0.52 -0.0096 0.001)
(0.54 -0.0096 0.001)
(0.56 -0.0096 0.001)
(0.58 -0.0096 0.001)
(0.6 -0.0096 0.001)
(0.62 -0.0096 0.001)
(0.64 -0.0096 0.001)
(0.66 -0.0096 0.001)
(0.68 -0.0096 0.001)
(0.7 -0.0096 0.001)
(0.72 -0.0096 0.001)
(0.74 -0.0096 0.001)
(0.76 -0.0096 0.001)
(0.78 -0.0096 0.001)
(0.8 -0.0096 0.001)
(0.82 -0.0096 0.001)
(0.84 -0.0096 0.001)
(0.86 -0.0096 0.001)
(0.88 -0.0096 0.001)
(0.9 -0.0096 0.001)
(0.92 -0.0096 0.001)
(0.94 -0.0096 0.001)
(0.96 -0.0096 0.001)
(0.98 -0.0096 0.001)
(1 -0.0096 0.001)
(1.02 -0.0096 0.001)
(1.04 -0.0096 0.001)
(1.06 -0.0096 0.001)
(1.08 -0.0096 0.001)
(1.1 -0.0096 0.001)
(1.12 -0.0096 0.001)
(1.14 -0.0096 0.001)
(1.16 -0.0096 0.001)
(1.18 -0.0096 0.001)
(1.2 -0.0096 0.001)
(1.22 -0.0096 0.001)
(1.24 -0.0096 0.001)
(1.26 -0.0096 0.001)
(1.28 -0.0096 0.001)
(1.3 -0.0096 0.001)
(1.32 -0.0096 0.001)
(1.34 -0.0096 0.001)
(1.36 -0.0096 0.001)
(1.38 -0.0096 0.001)
(1.4 -0.0096 0.001)
(1.42 -0.0096 0.001)
(1.44 -0.0096 0.001)
(1.46 -0.0096 0.001)
(1.48 -0.0096 0.001)
(1.5 -0.0096 0.001)
(1.52 -0.0096 0.001)
(1.54 -0.0096 0.001)
(1.56 -0.0096 0.001)
(1.58 -0.0096 0.001)
(1.6 -0.0096 0.001)
(1.62 -0.0096 0.001)
(1.64 -0.0096 0.001)
(1.66 -0.0096 0.001)
(1.68 -0.0096 0.001)
(1.7 -0.0096 0.001)
(1.72 -0.0096 0.001)
(1.74 -0.0096 0.001)
(1.76 -0.0096 0.001)
(1.78 -0.0096 0.001)
(1.8 -0.0096 0.001)
(1.82 -0.0096 0.001)
(1.84 -0.0096 0.001)
(1.86 -0.0096 0.001)
(1.88 -0.0096 0.001)
(1.9 -0.0096 0.001)
(1.92 -0.0096 0.001)
(1.94 -0.0096 0.001)
(1.96 -0.0096 0.001)
(1.98 -0.0096 0.001)
(2 -0.0096 0.001)
(0 -0.009 0.001)
(0.02 -0.009 0.001)
(0.04 -0.009 0.001)
(0.06 -0.009 0.001)
(0.08 -0.009 0.001)
(0.1 -0.009 0.001)
(0.12 -0.009 0.001)
(0.14 -0.009 0.001)
(0.16 -0.009 0.001)
(0.18 -0.009 0.001)
(0.2 -0.009 0.001)
(0.22 -0.009 0.001)
(0.24 -0.009 0.001)
(0.26 -0.009 0.001)
(0.28 -0.009 0.001)
(0.3 -0.009 0.001)
(0.32 -0.009 0.001)
(0.34 -0.009 0.001)
(0.36 -0.009 0.001)
(0.38 -0.009 0.001)
(0.4 -0.009 0.001)
(0.42 -0.009 0.001)
(0.44 -0.009 0.001)
(0.46 -0.009 0.001)
(0.48 -0.009 0.001)
(0.5 -0.009 0.001)
(0.52 -0.009 0.001)
(0.54 -0.009 0.001)
(0.56 -0.009 0.001)
(0.58 -0.009 0.001)
(0.6 -0.009 0.001)
(0.62 -0.009 0.001)
(0.64 -0.009 0.001)
(0.66 -0.009 0.001)
(0.68 -0.009 0.001)
(0.7 -0.009 0.001)
(0.72 -0.009 0.001)
(0.74 -0.009 0.001)
(0.76 -0.009 0.001)
(0.78 -0.009 0.001)
(0.8 -0.009 0.001)
(0.82 -0.009 0.001)
(0.84 -0.009 0.001)
(0.86 -0.009 0.001)
(0.88 -0.009 0.001)
(0.9 -0.009 0.001)
(0.92 -0.009 0.001)
(0.94 -0.009 0.001)
(0.96 -0.009 0.001)
(0.98 -0.009 0.001)
(1 -0.009 0.001)
(1.02 -0.009 0.001)
(1.04 -0.009 0.001)
(1.06 -0.009 0.001)
(1.08 -0.009 0.001)
(1.1 -0.009 0.001)
(1.12 -0.009 0.001)
(1.14 -0.009 0.001)
(1.16 -0.009 0.001)
(1.18 -0.009 0.001)
(1.2 -0.009 0.001)
(1.22 -0.009 0.001)
(1.24 -0.009 0.001)
(1.26 -0.009 0.001)
(1.28 -0.009 0.001)
(1.3 -0.009 0.001)
(1.32 -0.009 0.001)
(1.34 -0.009 0.001)
(1.36 -0.009 0.001)
(1.38 -0.009 0.001)
(1.4 -0.009 0.001)
(1.42 -0.009 0.001)
(1.44 -0.009 0.001)
(1.46 -0.009 0.001)
(1.48 -0.009 0.001)
(1.5 -0.009 0.001)
(1.52 -0.009 0.001)
(1.54 -0.009 0.001)
(1.56 -0.009 0.001)
(1.58 -0.009 0.001)
(1.6 -0.009 0.001)
(1.62 -0.009 0.001)
(1.64 -0.009 0.001)
(1.66 -0.009 0.001)
(1.68 -0.009 0.001)
(1.7 -0.009 0.001)
(1.72 -0.009 0.001)
(1.74 -0.009 0.001)
(1.76 -0.009 0.001)
(1.78 -0.009 0.001)
(1.8 -0.009 0.001)
(1.82 -0.009 0.001)
(1.84 -0.009 0.001)
(1.86 -0.009 0.001)
(1.88 -0.009 0.001)
(1.9 -0.009 0.001)
(1.92 -0.009 0.001)
(1.94 -0.009 0.001)
(1.96 -0.009 0.001)
(1.98 -0.009 0.001)
(2 -0.009 0.001)
(0 -0.0084 0.001)
(0.02 -0.0084 0.001)
(0.04 -0.0084 0.001)
(0.06 -0.0084 0.001)
(0.08 -0.0084 0.001)
(0.1 -0.0084 0.001)
(0.12 -0.0084 0.001)
(0.14 -0.0084 0.001)
(0.16 -0.0084 0.001)
(0.18 -0.0084 0.001)
(0.2 -0.0084 0.001)
(0.22 -0.0084 0.001)
(0.24 -0.0084 0.001)
(0.26 -0.0084 0.001)
(0.28 -0.0084 0.001)
(0.3 -0.0084 0.001)
(0.32 -0.0084 0.001)
(0.34 -0.0084 0.001)
(0.36 -0.0084 0.001)
(0.38 -0.0084 0.001)
(0.4 -0.0084 0.001)
(0.42 -0.0084 0.001)
(0.44 -0.0084 0.001)
(0.46 -0.0084 0.001)
(0.48 -0.0084 0.001)
(0.5 -0.0084 0.001)
(0.52 -0.0084 0.001)
(0.54 -0.0084 0.001)
(0.56 -0.0084 0.001)
(0.58 -0.0084 0.001)
(0.6 -0.0084 0.001)
(0.62 -0.0084 0.001)
(0.64 -0.0084 0.001)
(0.66 -0.0084 0.001)
(0.68 -0.0084 0.001)
(0.7 -0.0084 0.001)
(0.72 -0.0084 0.001)
(0.74 -0.0084 0.001)
(0.76 -0.0084 0.001)
(0.78 -0.0084 0.001)
(0.8 -0.0084 0.001)
(0.82 -0.0084 0.001)
(0.84 -0.0084 0.001)
(0.86 -0.0084 0.001)
(0.88 -0.0084 0.001)
(0.9 -0.0084 0.001)
(0.92 -0.0084 0.001)
(0.94 -0.0084 0.001)
(0.96 -0.0084 0.001)
(0.98 -0.0084 0.001)
(1 -0.0084 0.001)
(1.02 -0.0084 0.001)
(1.04 -0.0084 0.001)
(1.06 -0.0084 0.001)
(1.08 -0.0084 0.001)
(1.1 -0.0084 0.001)
(1.12 -0.0084 0.001)
(1.14 -0.0084 0.001)
(1.16 -0.0084 0.001)
(1.18 -0.0084 0.001)
(1.2 -0.0084 0.001)
(1.22 -0.0084 0.001)
(1.24 -0.0084 0.001)
(1.26 -0.0084 0.001)
(1.28 -0.0084 0.001)
(1.3 -0.0084 0.001)
(1.32 -0.0084 0.001)
(1.34 -0.0084 0.001)
(1.36 -0.0084 0.001)
(1.38 -0.0084 0.001)
(1.4 -0.0084 0.001)
(1.42 -0.0084 0.001)
(1.44 -0.0084 0.001)
(1.46 -0.0084 0.001)
(1.48 -0.0084 0.001)
(1.5 -0.0084 0.001)
(1.52 -0.0084 0.001)
(1.54 -0.0084 0.001)
(1.56 -0.0084 0.001)
(1.58 -0.0084 0.001)
(1.6 -0.0084 0.001)
(1.62 -0.0084 0.001)
(1.64 -0.0084 0.001)
(1.66 -0.0084 0.001)
(1.68 -0.0084 0.001)
(1.7 -0.0084 0.001)
(1.72 -0.0084 0.001)
(1.74 -0.0084 0.001)
(1.76 -0.0084 0.001)
(1.78 -0.0084 0.001)
(1.8 -0.0084 0.001)
(1.82 -0.0084 0.001)
(1.84 -0.0084 0.001)
(1.86 -0.0084 0.001)
(1.88 -0.0084 0.001)
(1.9 -0.0084 0.001)
(1.92 -0.0084 0.001)
(1.94 -0.0084 0.001)
(1.96 -0.0084 0.001)
(1.98 -0.0084 0.001)
(2 -0.0084 0.001)
(0 -0.0078 0.001)
(0.02 -0.0078 0.001)
(0.04 -0.0078 0.001)
(0.06 -0.0078 0.001)
(0.08 -0.0078 0.001)
(0.1 -0.0078 0.001)
(0.12 -0.0078 0.001)
(0.14 -0.0078 0.001)
(0.16 -0.0078 0.001)
(0.18 -0.0078 0.001)
(0.2 -0.0078 0.001)
(0.22 -0.0078 0.001)
(0.24 -0.0078 0.001)
(0.26 -0.0078 0.001)
(0.28 -0.0078 0.001)
(0.3 -0.0078 0.001)
(0.32 -0.0078 0.001)
(0.34 -0.0078 0.001)
(0.36 -0.0078 0.001)
(0.38 -0.0078 0.001)
(0.4 -0.0078 0.001)
(0.42 -0.0078 0.001)
(0.44 -0.0078 0.001)
(0.46 -0.0078 0.001)
(0.48 -0.0078 0.001)
(0.5 -0.0078 0.001)
(0.52 -0.0078 0.001)
(0.54 -0.0078 0.001)
(0.56 -0.0078 0.001)
(0.58 -0.0078 0.001)
(0.6 -0.0078 0.001)
(0.62 -0.0078 0.001)
(0.64 -0.0078 0.001)
(0.66 -0.0078 0.001)
(0.68 -0.0078 0.001)
(0.7 -0.0078 0.001)
(0.72 -0.0078 0.001)
(0.74 -0.0078 0.001)
(0.76 -0.0078 0.001)
(0.78 -0.0078 0.001)
(0.8 -0.0078 0.001)
(0.82 -0.0078 0.001)
(0.84 -0.0078 0.001)
(0.86 -0.0078 0.001)
(0.88 -0.0078 0.001)
(0.9 -0.0078 0.001)
(0.92 -0.0078 0.001)
(0.94 -0.0078 0.001)
(0.96 -0.0078 0.001)
(0.98 -0.0078 0.001)
(1 -0.0078 0.001)
(1.02 -0.0078 0.001)
(1.04 -0.0078 0.001)
(1.06 -0.0078 0.001)
(1.08 -0.0078 0.001)
(1.1 -0.0078 0.001)
(1.12 -0.0078 0.001)
(1.14 -0.0078 0.001)
(1.16 -0.0078 0.001)
(1.18 -0.0078 0.001)
(1.2 -0.0078 0.001)
(1.22 -0.0078 0.001)
(1.24 -0.0078 0.001)
(1.26 -0.0078 0.001)
(1.28 -0.0078 0.001)
(1.3 -0.0078 0.001)
(1.32 -0.0078 0.001)
(1.34 -0.0078 0.001)
(1.36 -0.0078 0.001)
(1.38 -0.0078 0.001)
(1.4 -0.0078 0.001)
(1.42 -0.0078 0.001)
(1.44 -0.0078 0.001)
(1.46 -0.0078 0.001)
(1.48 -0.0078 0.001)
(1.5 -0.0078 0.001)
(1.52 -0.0078 0.001)
(1.54 -0.0078 0.001)
(1.56 -0.0078 0.001)
(1.58 -0.0078 0.001)
(1.6 -0.0078 0.001)
(1.62 -0.0078 0.001)
(1.64 -0.0078 0.001)
(1.66 -0.0078 0.001)
(1.68 -0.0078 0.001)
(1.7 -0.0078 0.001)
(1.72 -0.0078 0.001)
(1.74 -0.0078 0.001)
(1.76 -0.0078 0.001)
(1.78 -0.0078 0.001)
(1.8 -0.0078 0.001)
(1.82 -0.0078 0.001)
(1.84 -0.0078 0.001)
(1.86 -0.0078 0.001)
(1.88 -0.0078 0.001)
(1.9 -0.0078 0.001)
(1.92 -0.0078 0.001)
(1.94 -0.0078 0.001)
(1.96 -0.0078 0.001)
(1.98 -0.0078 0.001)
(2 -0.0078 0.001)
(0 -0.0072 0.001)
(0.02 -0.0072 0.001)
(0.04 -0.0072 0.001)
(0.06 -0.0072 0.001)
(0.08 -0.0072 0.001)
(0.1 -0.0072 0.001)
(0.12 -0.0072 0.001)
(0.14 -0.0072 0.001)
(0.16 -0.0072 0.001)
(0.18 -0.0072 0.001)
(0.2 -0.0072 0.001)
(0.22 -0.0072 0.001)
(0.24 -0.0072 0.001)
(0.26 -0.0072 0.001)
(0.28 -0.0072 0.001)
(0.3 -0.0072 0.001)
(0.32 -0.0072 0.001)
(0.34 -0.0072 0.001)
(0.36 -0.0072 0.001)
(0.38 -0.0072 0.001)
(0.4 -0.0072 0.001)
(0.42 -0.0072 0.001)
(0.44 -0.0072 0.001)
(0.46 -0.0072 0.001)
(0.48 -0.0072 0.001)
(0.5 -0.0072 0.001)
(0.52 -0.0072 0.001)
(0.54 -0.0072 0.001)
(0.56 -0.0072 0.001)
(0.58 -0.0072 0.001)
(0.6 -0.0072 0.001)
(0.62 -0.0072 0.001)
(0.64 -0.0072 0.001)
(0.66 -0.0072 0.001)
(0.68 -0.0072 0.001)
(0.7 -0.0072 0.001)
(0.72 -0.0072 0.001)
(0.74 -0.0072 0.001)
(0.76 -0.0072 0.001)
(0.78 -0.0072 0.001)
(0.8 -0.0072 0.001)
(0.82 -0.0072 0.001)
(0.84 -0.0072 0.001)
(0.86 -0.0072 0.001)
(0.88 -0.0072 0.001)
(0.9 -0.0072 0.001)
(0.92 -0.0072 0.001)
(0.94 -0.0072 0.001)
(0.96 -0.0072 0.001)
(0.98 -0.0072 0.001)
(1 -0.0072 0.001)
(1.02 -0.0072 0.001)
(1.04 -0.0072 0.001)
(1.06 -0.0072 0.001)
(1.08 -0.0072 0.001)
(1.1 -0.0072 0.001)
(1.12 -0.0072 0.001)
(1.14 -0.0072 0.001)
(1.16 -0.0072 0.001)
(1.18 -0.0072 0.001)
(1.2 -0.0072 0.001)
(1.22 -0.0072 0.001)
(1.24 -0.0072 0.001)
(1.26 -0.0072 0.001)
(1.28 -0.0072 0.001)
(1.3 -0.0072 0.001)
(1.32 -0.0072 0.001)
(1.34 -0.0072 0.001)
(1.36 -0.0072 0.001)
(1.38 -0.0072 0.001)
(1.4 -0.0072 0.001)
(1.42 -0.0072 0.001)
(1.44 -0.0072 0.001)
(1.46 -0.0072 0.001)
(1.48 -0.0072 0.001)
(1.5 -0.0072 0.001)
(1.52 -0.0072 0.001)
(1.54 -0.0072 0.001)
(1.56 -0.0072 0.001)
(1.58 -0.0072 0.001)
(1.6 -0.0072 0.001)
(1.62 -0.0072 0.001)
(1.64 -0.0072 0.001)
(1.66 -0.0072 0.001)
(1.68 -0.0072 0.001)
(1.7 -0.0072 0.001)
(1.72 -0.0072 0.001)
(1.74 -0.0072 0.001)
(1.76 -0.0072 0.001)
(1.78 -0.0072 0.001)
(1.8 -0.0072 0.001)
(1.82 -0.0072 0.001)
(1.84 -0.0072 0.001)
(1.86 -0.0072 0.001)
(1.88 -0.0072 0.001)
(1.9 -0.0072 0.001)
(1.92 -0.0072 0.001)
(1.94 -0.0072 0.001)
(1.96 -0.0072 0.001)
(1.98 -0.0072 0.001)
(2 -0.0072 0.001)
(0 -0.0066 0.001)
(0.02 -0.0066 0.001)
(0.04 -0.0066 0.001)
(0.06 -0.0066 0.001)
(0.08 -0.0066 0.001)
(0.1 -0.0066 0.001)
(0.12 -0.0066 0.001)
(0.14 -0.0066 0.001)
(0.16 -0.0066 0.001)
(0.18 -0.0066 0.001)
(0.2 -0.0066 0.001)
(0.22 -0.0066 0.001)
(0.24 -0.0066 0.001)
(0.26 -0.0066 0.001)
(0.28 -0.0066 0.001)
(0.3 -0.0066 0.001)
(0.32 -0.0066 0.001)
(0.34 -0.0066 0.001)
(0.36 -0.0066 0.001)
(0.38 -0.0066 0.001)
(0.4 -0.0066 0.001)
(0.42 -0.0066 0.001)
(0.44 -0.0066 0.001)
(0.46 -0.0066 0.001)
(0.48 -0.0066 0.001)
(0.5 -0.0066 0.001)
(0.52 -0.0066 0.001)
(0.54 -0.0066 0.001)
(0.56 -0.0066 0.001)
(0.58 -0.0066 0.001)
(0.6 -0.0066 0.001)
(0.62 -0.0066 0.001)
(0.64 -0.0066 0.001)
(0.66 -0.0066 0.001)
(0.68 -0.0066 0.001)
(0.7 -0.0066 0.001)
(0.72 -0.0066 0.001)
(0.74 -0.0066 0.001)
(0.76 -0.0066 0.001)
(0.78 -0.0066 0.001)
(0.8 -0.0066 0.001)
(0.82 -0.0066 0.001)
(0.84 -0.0066 0.001)
(0.86 -0.0066 0.001)
(0.88 -0.0066 0.001)
(0.9 -0.0066 0.001)
(0.92 -0.0066 0.001)
(0.94 -0.0066 0.001)
(0.96 -0.0066 0.001)
(0.98 -0.0066 0.001)
(1 -0.0066 0.001)
(1.02 -0.0066 0.001)
(1.04 -0.0066 0.001)
(1.06 -0.0066 0.001)
(1.08 -0.0066 0.001)
(1.1 -0.0066 0.001)
(1.12 -0.0066 0.001)
(1.14 -0.0066 0.001)
(1.16 -0.0066 0.001)
(1.18 -0.0066 0.001)
(1.2 -0.0066 0.001)
(1.22 -0.0066 0.001)
(1.24 -0.0066 0.001)
(1.26 -0.0066 0.001)
(1.28 -0.0066 0.001)
(1.3 -0.0066 0.001)
(1.32 -0.0066 0.001)
(1.34 -0.0066 0.001)
(1.36 -0.0066 0.001)
(1.38 -0.0066 0.001)
(1.4 -0.0066 0.001)
(1.42 -0.0066 0.001)
(1.44 -0.0066 0.001)
(1.46 -0.0066 0.001)
(1.48 -0.0066 0.001)
(1.5 -0.0066 0.001)
(1.52 -0.0066 0.001)
(1.54 -0.0066 0.001)
(1.56 -0.0066 0.001)
(1.58 -0.0066 0.001)
(1.6 -0.0066 0.001)
(1.62 -0.0066 0.001)
(1.64 -0.0066 0.001)
(1.66 -0.0066 0.001)
(1.68 -0.0066 0.001)
(1.7 -0.0066 0.001)
(1.72 -0.0066 0.001)
(1.74 -0.0066 0.001)
(1.76 -0.0066 0.001)
(1.78 -0.0066 0.001)
(1.8 -0.0066 0.001)
(1.82 -0.0066 0.001)
(1.84 -0.0066 0.001)
(1.86 -0.0066 0.001)
(1.88 -0.0066 0.001)
(1.9 -0.0066 0.001)
(1.92 -0.0066 0.001)
(1.94 -0.0066 0.001)
(1.96 -0.0066 0.001)
(1.98 -0.0066 0.001)
(2 -0.0066 0.001)
(0 -0.006 0.001)
(0.02 -0.006 0.001)
(0.04 -0.006 0.001)
(0.06 -0.006 0.001)
(0.08 -0.006 0.001)
(0.1 -0.006 0.001)
(0.12 -0.006 0.001)
(0.14 -0.006 0.001)
(0.16 -0.006 0.001)
(0.18 -0.006 0.001)
(0.2 -0.006 0.001)
(0.22 -0.006 0.001)
(0.24 -0.006 0.001)
(0.26 -0.006 0.001)
(0.28 -0.006 0.001)
(0.3 -0.006 0.001)
(0.32 -0.006 0.001)
(0.34 -0.006 0.001)
(0.36 -0.006 0.001)
(0.38 -0.006 0.001)
(0.4 -0.006 0.001)
(0.42 -0.006 0.001)
(0.44 -0.006 0.001)
(0.46 -0.006 0.001)
(0.48 -0.006 0.001)
(0.5 -0.006 0.001)
(0.52 -0.006 0.001)
(0.54 -0.006 0.001)
(0.56 -0.006 0.001)
(0.58 -0.006 0.001)
(0.6 -0.006 0.001)
(0.62 -0.006 0.001)
(0.64 -0.006 0.001)
(0.66 -0.006 0.001)
(0.68 -0.006 0.001)
(0.7 -0.006 0.001)
(0.72 -0.006 0.001)
(0.74 -0.006 0.001)
(0.76 -0.006 0.001)
(0.78 -0.006 0.001)
(0.8 -0.006 0.001)
(0.82 -0.006 0.001)
(0.84 -0.006 0.001)
(0.86 -0.006 0.001)
(0.88 -0.006 0.001)
(0.9 -0.006 0.001)
(0.92 -0.006 0.001)
(0.94 -0.006 0.001)
(0.96 -0.006 0.001)
(0.98 -0.006 0.001)
(1 -0.006 0.001)
(1.02 -0.006 0.001)
(1.04 -0.006 0.001)
(1.06 -0.006 0.001)
(1.08 -0.006 0.001)
(1.1 -0.006 0.001)
(1.12 -0.006 0.001)
(1.14 -0.006 0.001)
(1.16 -0.006 0.001)
(1.18 -0.006 0.001)
(1.2 -0.006 0.001)
(1.22 -0.006 0.001)
(1.24 -0.006 0.001)
(1.26 -0.006 0.001)
(1.28 -0.006 0.001)
(1.3 -0.006 0.001)
(1.32 -0.006 0.001)
(1.34 -0.006 0.001)
(1.36 -0.006 0.001)
(1.38 -0.006 0.001)
(1.4 -0.006 0.001)
(1.42 -0.006 0.001)
(1.44 -0.006 0.001)
(1.46 -0.006 0.001)
(1.48 -0.006 0.001)
(1.5 -0.006 0.001)
(1.52 -0.006 0.001)
(1.54 -0.006 0.001)
(1.56 -0.006 0.001)
(1.58 -0.006 0.001)
(1.6 -0.006 0.001)
(1.62 -0.006 0.001)
(1.64 -0.006 0.001)
(1.66 -0.006 0.001)
(1.68 -0.006 0.001)
(1.7 -0.006 0.001)
(1.72 -0.006 0.001)
(1.74 -0.006 0.001)
(1.76 -0.006 0.001)
(1.78 -0.006 0.001)
(1.8 -0.006 0.001)
(1.82 -0.006 0.001)
(1.84 -0.006 0.001)
(1.86 -0.006 0.001)
(1.88 -0.006 0.001)
(1.9 -0.006 0.001)
(1.92 -0.006 0.001)
(1.94 -0.006 0.001)
(1.96 -0.006 0.001)
(1.98 -0.006 0.001)
(2 -0.006 0.001)
(0 -0.0054 0.001)
(0.02 -0.0054 0.001)
(0.04 -0.0054 0.001)
(0.06 -0.0054 0.001)
(0.08 -0.0054 0.001)
(0.1 -0.0054 0.001)
(0.12 -0.0054 0.001)
(0.14 -0.0054 0.001)
(0.16 -0.0054 0.001)
(0.18 -0.0054 0.001)
(0.2 -0.0054 0.001)
(0.22 -0.0054 0.001)
(0.24 -0.0054 0.001)
(0.26 -0.0054 0.001)
(0.28 -0.0054 0.001)
(0.3 -0.0054 0.001)
(0.32 -0.0054 0.001)
(0.34 -0.0054 0.001)
(0.36 -0.0054 0.001)
(0.38 -0.0054 0.001)
(0.4 -0.0054 0.001)
(0.42 -0.0054 0.001)
(0.44 -0.0054 0.001)
(0.46 -0.0054 0.001)
(0.48 -0.0054 0.001)
(0.5 -0.0054 0.001)
(0.52 -0.0054 0.001)
(0.54 -0.0054 0.001)
(0.56 -0.0054 0.001)
(0.58 -0.0054 0.001)
(0.6 -0.0054 0.001)
(0.62 -0.0054 0.001)
(0.64 -0.0054 0.001)
(0.66 -0.0054 0.001)
(0.68 -0.0054 0.001)
(0.7 -0.0054 0.001)
(0.72 -0.0054 0.001)
(0.74 -0.0054 0.001)
(0.76 -0.0054 0.001)
(0.78 -0.0054 0.001)
(0.8 -0.0054 0.001)
(0.82 -0.0054 0.001)
(0.84 -0.0054 0.001)
(0.86 -0.0054 0.001)
(0.88 -0.0054 0.001)
(0.9 -0.0054 0.001)
(0.92 -0.0054 0.001)
(0.94 -0.0054 0.001)
(0.96 -0.0054 0.001)
(0.98 -0.0054 0.001)
(1 -0.0054 0.001)
(1.02 -0.0054 0.001)
(1.04 -0.0054 0.001)
(1.06 -0.0054 0.001)
(1.08 -0.0054 0.001)
(1.1 -0.0054 0.001)
(1.12 -0.0054 0.001)
(1.14 -0.0054 0.001)
(1.16 -0.0054 0.001)
(1.18 -0.0054 0.001)
(1.2 -0.0054 0.001)
(1.22 -0.0054 0.001)
(1.24 -0.0054 0.001)
(1.26 -0.0054 0.001)
(1.28 -0.0054 0.001)
(1.3 -0.0054 0.001)
(1.32 -0.0054 0.001)
(1.34 -0.0054 0.001)
(1.36 -0.0054 0.001)
(1.38 -0.0054 0.001)
(1.4 -0.0054 0.001)
(1.42 -0.0054 0.001)
(1.44 -0.0054 0.001)
(1.46 -0.0054 0.001)
(1.48 -0.0054 0.001)
(1.5 -0.0054 0.001)
(1.52 -0.0054 0.001)
(1.54 -0.0054 0.001)
(1.56 -0.0054 0.001)
(1.58 -0.0054 0.001)
(1.6 -0.0054 0.001)
(1.62 -0.0054 0.001)
(1.64 -0.0054 0.001)
(1.66 -0.0054 0.001)
(1.68 -0.0054 0.001)
(1.7 -0.0054 0.001)
(1.72 -0.0054 0.001)
(1.74 -0.0054 0.001)
(1.76 -0.0054 0.001)
(1.78 -0.0054 0.001)
(1.8 -0.0054 0.001)
(1.82 -0.0054 0.001)
(1.84 -0.0054 0.001)
(1.86 -0.0054 0.001)
(1.88 -0.0054 0.001)
(1.9 -0.0054 0.001)
(1.92 -0.0054 0.001)
(1.94 -0.0054 0.001)
(1.96 -0.0054 0.001)
(1.98 -0.0054 0.001)
(2 -0.0054 0.001)
(0 -0.0048 0.001)
(0.02 -0.0048 0.001)
(0.04 -0.0048 0.001)
(0.06 -0.0048 0.001)
(0.08 -0.0048 0.001)
(0.1 -0.0048 0.001)
(0.12 -0.0048 0.001)
(0.14 -0.0048 0.001)
(0.16 -0.0048 0.001)
(0.18 -0.0048 0.001)
(0.2 -0.0048 0.001)
(0.22 -0.0048 0.001)
(0.24 -0.0048 0.001)
(0.26 -0.0048 0.001)
(0.28 -0.0048 0.001)
(0.3 -0.0048 0.001)
(0.32 -0.0048 0.001)
(0.34 -0.0048 0.001)
(0.36 -0.0048 0.001)
(0.38 -0.0048 0.001)
(0.4 -0.0048 0.001)
(0.42 -0.0048 0.001)
(0.44 -0.0048 0.001)
(0.46 -0.0048 0.001)
(0.48 -0.0048 0.001)
(0.5 -0.0048 0.001)
(0.52 -0.0048 0.001)
(0.54 -0.0048 0.001)
(0.56 -0.0048 0.001)
(0.58 -0.0048 0.001)
(0.6 -0.0048 0.001)
(0.62 -0.0048 0.001)
(0.64 -0.0048 0.001)
(0.66 -0.0048 0.001)
(0.68 -0.0048 0.001)
(0.7 -0.0048 0.001)
(0.72 -0.0048 0.001)
(0.74 -0.0048 0.001)
(0.76 -0.0048 0.001)
(0.78 -0.0048 0.001)
(0.8 -0.0048 0.001)
(0.82 -0.0048 0.001)
(0.84 -0.0048 0.001)
(0.86 -0.0048 0.001)
(0.88 -0.0048 0.001)
(0.9 -0.0048 0.001)
(0.92 -0.0048 0.001)
(0.94 -0.0048 0.001)
(0.96 -0.0048 0.001)
(0.98 -0.0048 0.001)
(1 -0.0048 0.001)
(1.02 -0.0048 0.001)
(1.04 -0.0048 0.001)
(1.06 -0.0048 0.001)
(1.08 -0.0048 0.001)
(1.1 -0.0048 0.001)
(1.12 -0.0048 0.001)
(1.14 -0.0048 0.001)
(1.16 -0.0048 0.001)
(1.18 -0.0048 0.001)
(1.2 -0.0048 0.001)
(1.22 -0.0048 0.001)
(1.24 -0.0048 0.001)
(1.26 -0.0048 0.001)
(1.28 -0.0048 0.001)
(1.3 -0.0048 0.001)
(1.32 -0.0048 0.001)
(1.34 -0.0048 0.001)
(1.36 -0.0048 0.001)
(1.38 -0.0048 0.001)
(1.4 -0.0048 0.001)
(1.42 -0.0048 0.001)
(1.44 -0.0048 0.001)
(1.46 -0.0048 0.001)
(1.48 -0.0048 0.001)
(1.5 -0.0048 0.001)
(1.52 -0.0048 0.001)
(1.54 -0.0048 0.001)
(1.56 -0.0048 0.001)
(1.58 -0.0048 0.001)
(1.6 -0.0048 0.001)
(1.62 -0.0048 0.001)
(1.64 -0.0048 0.001)
(1.66 -0.0048 0.001)
(1.68 -0.0048 0.001)
(1.7 -0.0048 0.001)
(1.72 -0.0048 0.001)
(1.74 -0.0048 0.001)
(1.76 -0.0048 0.001)
(1.78 -0.0048 0.001)
(1.8 -0.0048 0.001)
(1.82 -0.0048 0.001)
(1.84 -0.0048 0.001)
(1.86 -0.0048 0.001)
(1.88 -0.0048 0.001)
(1.9 -0.0048 0.001)
(1.92 -0.0048 0.001)
(1.94 -0.0048 0.001)
(1.96 -0.0048 0.001)
(1.98 -0.0048 0.001)
(2 -0.0048 0.001)
(0 -0.0042 0.001)
(0.02 -0.0042 0.001)
(0.04 -0.0042 0.001)
(0.06 -0.0042 0.001)
(0.08 -0.0042 0.001)
(0.1 -0.0042 0.001)
(0.12 -0.0042 0.001)
(0.14 -0.0042 0.001)
(0.16 -0.0042 0.001)
(0.18 -0.0042 0.001)
(0.2 -0.0042 0.001)
(0.22 -0.0042 0.001)
(0.24 -0.0042 0.001)
(0.26 -0.0042 0.001)
(0.28 -0.0042 0.001)
(0.3 -0.0042 0.001)
(0.32 -0.0042 0.001)
(0.34 -0.0042 0.001)
(0.36 -0.0042 0.001)
(0.38 -0.0042 0.001)
(0.4 -0.0042 0.001)
(0.42 -0.0042 0.001)
(0.44 -0.0042 0.001)
(0.46 -0.0042 0.001)
(0.48 -0.0042 0.001)
(0.5 -0.0042 0.001)
(0.52 -0.0042 0.001)
(0.54 -0.0042 0.001)
(0.56 -0.0042 0.001)
(0.58 -0.0042 0.001)
(0.6 -0.0042 0.001)
(0.62 -0.0042 0.001)
(0.64 -0.0042 0.001)
(0.66 -0.0042 0.001)
(0.68 -0.0042 0.001)
(0.7 -0.0042 0.001)
(0.72 -0.0042 0.001)
(0.74 -0.0042 0.001)
(0.76 -0.0042 0.001)
(0.78 -0.0042 0.001)
(0.8 -0.0042 0.001)
(0.82 -0.0042 0.001)
(0.84 -0.0042 0.001)
(0.86 -0.0042 0.001)
(0.88 -0.0042 0.001)
(0.9 -0.0042 0.001)
(0.92 -0.0042 0.001)
(0.94 -0.0042 0.001)
(0.96 -0.0042 0.001)
(0.98 -0.0042 0.001)
(1 -0.0042 0.001)
(1.02 -0.0042 0.001)
(1.04 -0.0042 0.001)
(1.06 -0.0042 0.001)
(1.08 -0.0042 0.001)
(1.1 -0.0042 0.001)
(1.12 -0.0042 0.001)
(1.14 -0.0042 0.001)
(1.16 -0.0042 0.001)
(1.18 -0.0042 0.001)
(1.2 -0.0042 0.001)
(1.22 -0.0042 0.001)
(1.24 -0.0042 0.001)
(1.26 -0.0042 0.001)
(1.28 -0.0042 0.001)
(1.3 -0.0042 0.001)
(1.32 -0.0042 0.001)
(1.34 -0.0042 0.001)
(1.36 -0.0042 0.001)
(1.38 -0.0042 0.001)
(1.4 -0.0042 0.001)
(1.42 -0.0042 0.001)
(1.44 -0.0042 0.001)
(1.46 -0.0042 0.001)
(1.48 -0.0042 0.001)
(1.5 -0.0042 0.001)
(1.52 -0.0042 0.001)
(1.54 -0.0042 0.001)
(1.56 -0.0042 0.001)
(1.58 -0.0042 0.001)
(1.6 -0.0042 0.001)
(1.62 -0.0042 0.001)
(1.64 -0.0042 0.001)
(1.66 -0.0042 0.001)
(1.68 -0.0042 0.001)
(1.7 -0.0042 0.001)
(1.72 -0.0042 0.001)
(1.74 -0.0042 0.001)
(1.76 -0.0042 0.001)
(1.78 -0.0042 0.001)
(1.8 -0.0042 0.001)
(1.82 -0.0042 0.001)
(1.84 -0.0042 0.001)
(1.86 -0.0042 0.001)
(1.88 -0.0042 0.001)
(1.9 -0.0042 0.001)
(1.92 -0.0042 0.001)
(1.94 -0.0042 0.001)
(1.96 -0.0042 0.001)
(1.98 -0.0042 0.001)
(2 -0.0042 0.001)
(0 -0.0036 0.001)
(0.02 -0.0036 0.001)
(0.04 -0.0036 0.001)
(0.06 -0.0036 0.001)
(0.08 -0.0036 0.001)
(0.1 -0.0036 0.001)
(0.12 -0.0036 0.001)
(0.14 -0.0036 0.001)
(0.16 -0.0036 0.001)
(0.18 -0.0036 0.001)
(0.2 -0.0036 0.001)
(0.22 -0.0036 0.001)
(0.24 -0.0036 0.001)
(0.26 -0.0036 0.001)
(0.28 -0.0036 0.001)
(0.3 -0.0036 0.001)
(0.32 -0.0036 0.001)
(0.34 -0.0036 0.001)
(0.36 -0.0036 0.001)
(0.38 -0.0036 0.001)
(0.4 -0.0036 0.001)
(0.42 -0.0036 0.001)
(0.44 -0.0036 0.001)
(0.46 -0.0036 0.001)
(0.48 -0.0036 0.001)
(0.5 -0.0036 0.001)
(0.52 -0.0036 0.001)
(0.54 -0.0036 0.001)
(0.56 -0.0036 0.001)
(0.58 -0.0036 0.001)
(0.6 -0.0036 0.001)
(0.62 -0.0036 0.001)
(0.64 -0.0036 0.001)
(0.66 -0.0036 0.001)
(0.68 -0.0036 0.001)
(0.7 -0.0036 0.001)
(0.72 -0.0036 0.001)
(0.74 -0.0036 0.001)
(0.76 -0.0036 0.001)
(0.78 -0.0036 0.001)
(0.8 -0.0036 0.001)
(0.82 -0.0036 0.001)
(0.84 -0.0036 0.001)
(0.86 -0.0036 0.001)
(0.88 -0.0036 0.001)
(0.9 -0.0036 0.001)
(0.92 -0.0036 0.001)
(0.94 -0.0036 0.001)
(0.96 -0.0036 0.001)
(0.98 -0.0036 0.001)
(1 -0.0036 0.001)
(1.02 -0.0036 0.001)
(1.04 -0.0036 0.001)
(1.06 -0.0036 0.001)
(1.08 -0.0036 0.001)
(1.1 -0.0036 0.001)
(1.12 -0.0036 0.001)
(1.14 -0.0036 0.001)
(1.16 -0.0036 0.001)
(1.18 -0.0036 0.001)
(1.2 -0.0036 0.001)
(1.22 -0.0036 0.001)
(1.24 -0.0036 0.001)
(1.26 -0.0036 0.001)
(1.28 -0.0036 0.001)
(1.3 -0.0036 0.001)
(1.32 -0.0036 0.001)
(1.34 -0.0036 0.001)
(1.36 -0.0036 0.001)
(1.38 -0.0036 0.001)
(1.4 -0.0036 0.001)
(1.42 -0.0036 0.001)
(1.44 -0.0036 0.001)
(1.46 -0.0036 0.001)
(1.48 -0.0036 0.001)
(1.5 -0.0036 0.001)
(1.52 -0.0036 0.001)
(1.54 -0.0036 0.001)
(1.56 -0.0036 0.001)
(1.58 -0.0036 0.001)
(1.6 -0.0036 0.001)
(1.62 -0.0036 0.001)
(1.64 -0.0036 0.001)
(1.66 -0.0036 0.001)
(1.68 -0.0036 0.001)
(1.7 -0.0036 0.001)
(1.72 -0.0036 0.001)
(1.74 -0.0036 0.001)
(1.76 -0.0036 0.001)
(1.78 -0.0036 0.001)
(1.8 -0.0036 0.001)
(1.82 -0.0036 0.001)
(1.84 -0.0036 0.001)
(1.86 -0.0036 0.001)
(1.88 -0.0036 0.001)
(1.9 -0.0036 0.001)
(1.92 -0.0036 0.001)
(1.94 -0.0036 0.001)
(1.96 -0.0036 0.001)
(1.98 -0.0036 0.001)
(2 -0.0036 0.001)
(0 -0.003 0.001)
(0.02 -0.003 0.001)
(0.04 -0.003 0.001)
(0.06 -0.003 0.001)
(0.08 -0.003 0.001)
(0.1 -0.003 0.001)
(0.12 -0.003 0.001)
(0.14 -0.003 0.001)
(0.16 -0.003 0.001)
(0.18 -0.003 0.001)
(0.2 -0.003 0.001)
(0.22 -0.003 0.001)
(0.24 -0.003 0.001)
(0.26 -0.003 0.001)
(0.28 -0.003 0.001)
(0.3 -0.003 0.001)
(0.32 -0.003 0.001)
(0.34 -0.003 0.001)
(0.36 -0.003 0.001)
(0.38 -0.003 0.001)
(0.4 -0.003 0.001)
(0.42 -0.003 0.001)
(0.44 -0.003 0.001)
(0.46 -0.003 0.001)
(0.48 -0.003 0.001)
(0.5 -0.003 0.001)
(0.52 -0.003 0.001)
(0.54 -0.003 0.001)
(0.56 -0.003 0.001)
(0.58 -0.003 0.001)
(0.6 -0.003 0.001)
(0.62 -0.003 0.001)
(0.64 -0.003 0.001)
(0.66 -0.003 0.001)
(0.68 -0.003 0.001)
(0.7 -0.003 0.001)
(0.72 -0.003 0.001)
(0.74 -0.003 0.001)
(0.76 -0.003 0.001)
(0.78 -0.003 0.001)
(0.8 -0.003 0.001)
(0.82 -0.003 0.001)
(0.84 -0.003 0.001)
(0.86 -0.003 0.001)
(0.88 -0.003 0.001)
(0.9 -0.003 0.001)
(0.92 -0.003 0.001)
(0.94 -0.003 0.001)
(0.96 -0.003 0.001)
(0.98 -0.003 0.001)
(1 -0.003 0.001)
(1.02 -0.003 0.001)
(1.04 -0.003 0.001)
(1.06 -0.003 0.001)
(1.08 -0.003 0.001)
(1.1 -0.003 0.001)
(1.12 -0.003 0.001)
(1.14 -0.003 0.001)
(1.16 -0.003 0.001)
(1.18 -0.003 0.001)
(1.2 -0.003 0.001)
(1.22 -0.003 0.001)
(1.24 -0.003 0.001)
(1.26 -0.003 0.001)
(1.28 -0.003 0.001)
(1.3 -0.003 0.001)
(1.32 -0.003 0.001)
(1.34 -0.003 0.001)
(1.36 -0.003 0.001)
(1.38 -0.003 0.001)
(1.4 -0.003 0.001)
(1.42 -0.003 0.001)
(1.44 -0.003 0.001)
(1.46 -0.003 0.001)
(1.48 -0.003 0.001)
(1.5 -0.003 0.001)
(1.52 -0.003 0.001)
(1.54 -0.003 0.001)
(1.56 -0.003 0.001)
(1.58 -0.003 0.001)
(1.6 -0.003 0.001)
(1.62 -0.003 0.001)
(1.64 -0.003 0.001)
(1.66 -0.003 0.001)
(1.68 -0.003 0.001)
(1.7 -0.003 0.001)
(1.72 -0.003 0.001)
(1.74 -0.003 0.001)
(1.76 -0.003 0.001)
(1.78 -0.003 0.001)
(1.8 -0.003 0.001)
(1.82 -0.003 0.001)
(1.84 -0.003 0.001)
(1.86 -0.003 0.001)
(1.88 -0.003 0.001)
(1.9 -0.003 0.001)
(1.92 -0.003 0.001)
(1.94 -0.003 0.001)
(1.96 -0.003 0.001)
(1.98 -0.003 0.001)
(2 -0.003 0.001)
(0 -0.0024 0.001)
(0.02 -0.0024 0.001)
(0.04 -0.0024 0.001)
(0.06 -0.0024 0.001)
(0.08 -0.0024 0.001)
(0.1 -0.0024 0.001)
(0.12 -0.0024 0.001)
(0.14 -0.0024 0.001)
(0.16 -0.0024 0.001)
(0.18 -0.0024 0.001)
(0.2 -0.0024 0.001)
(0.22 -0.0024 0.001)
(0.24 -0.0024 0.001)
(0.26 -0.0024 0.001)
(0.28 -0.0024 0.001)
(0.3 -0.0024 0.001)
(0.32 -0.0024 0.001)
(0.34 -0.0024 0.001)
(0.36 -0.0024 0.001)
(0.38 -0.0024 0.001)
(0.4 -0.0024 0.001)
(0.42 -0.0024 0.001)
(0.44 -0.0024 0.001)
(0.46 -0.0024 0.001)
(0.48 -0.0024 0.001)
(0.5 -0.0024 0.001)
(0.52 -0.0024 0.001)
(0.54 -0.0024 0.001)
(0.56 -0.0024 0.001)
(0.58 -0.0024 0.001)
(0.6 -0.0024 0.001)
(0.62 -0.0024 0.001)
(0.64 -0.0024 0.001)
(0.66 -0.0024 0.001)
(0.68 -0.0024 0.001)
(0.7 -0.0024 0.001)
(0.72 -0.0024 0.001)
(0.74 -0.0024 0.001)
(0.76 -0.0024 0.001)
(0.78 -0.0024 0.001)
(0.8 -0.0024 0.001)
(0.82 -0.0024 0.001)
(0.84 -0.0024 0.001)
(0.86 -0.0024 0.001)
(0.88 -0.0024 0.001)
(0.9 -0.0024 0.001)
(0.92 -0.0024 0.001)
(0.94 -0.0024 0.001)
(0.96 -0.0024 0.001)
(0.98 -0.0024 0.001)
(1 -0.0024 0.001)
(1.02 -0.0024 0.001)
(1.04 -0.0024 0.001)
(1.06 -0.0024 0.001)
(1.08 -0.0024 0.001)
(1.1 -0.0024 0.001)
(1.12 -0.0024 0.001)
(1.14 -0.0024 0.001)
(1.16 -0.0024 0.001)
(1.18 -0.0024 0.001)
(1.2 -0.0024 0.001)
(1.22 -0.0024 0.001)
(1.24 -0.0024 0.001)
(1.26 -0.0024 0.001)
(1.28 -0.0024 0.001)
(1.3 -0.0024 0.001)
(1.32 -0.0024 0.001)
(1.34 -0.0024 0.001)
(1.36 -0.0024 0.001)
(1.38 -0.0024 0.001)
(1.4 -0.0024 0.001)
(1.42 -0.0024 0.001)
(1.44 -0.0024 0.001)
(1.46 -0.0024 0.001)
(1.48 -0.0024 0.001)
(1.5 -0.0024 0.001)
(1.52 -0.0024 0.001)
(1.54 -0.0024 0.001)
(1.56 -0.0024 0.001)
(1.58 -0.0024 0.001)
(1.6 -0.0024 0.001)
(1.62 -0.0024 0.001)
(1.64 -0.0024 0.001)
(1.66 -0.0024 0.001)
(1.68 -0.0024 0.001)
(1.7 -0.0024 0.001)
(1.72 -0.0024 0.001)
(1.74 -0.0024 0.001)
(1.76 -0.0024 0.001)
(1.78 -0.0024 0.001)
(1.8 -0.0024 0.001)
(1.82 -0.0024 0.001)
(1.84 -0.0024 0.001)
(1.86 -0.0024 0.001)
(1.88 -0.0024 0.001)
(1.9 -0.0024 0.001)
(1.92 -0.0024 0.001)
(1.94 -0.0024 0.001)
(1.96 -0.0024 0.001)
(1.98 -0.0024 0.001)
(2 -0.0024 0.001)
(0 -0.0018 0.001)
(0.02 -0.0018 0.001)
(0.04 -0.0018 0.001)
(0.06 -0.0018 0.001)
(0.08 -0.0018 0.001)
(0.1 -0.0018 0.001)
(0.12 -0.0018 0.001)
(0.14 -0.0018 0.001)
(0.16 -0.0018 0.001)
(0.18 -0.0018 0.001)
(0.2 -0.0018 0.001)
(0.22 -0.0018 0.001)
(0.24 -0.0018 0.001)
(0.26 -0.0018 0.001)
(0.28 -0.0018 0.001)
(0.3 -0.0018 0.001)
(0.32 -0.0018 0.001)
(0.34 -0.0018 0.001)
(0.36 -0.0018 0.001)
(0.38 -0.0018 0.001)
(0.4 -0.0018 0.001)
(0.42 -0.0018 0.001)
(0.44 -0.0018 0.001)
(0.46 -0.0018 0.001)
(0.48 -0.0018 0.001)
(0.5 -0.0018 0.001)
(0.52 -0.0018 0.001)
(0.54 -0.0018 0.001)
(0.56 -0.0018 0.001)
(0.58 -0.0018 0.001)
(0.6 -0.0018 0.001)
(0.62 -0.0018 0.001)
(0.64 -0.0018 0.001)
(0.66 -0.0018 0.001)
(0.68 -0.0018 0.001)
(0.7 -0.0018 0.001)
(0.72 -0.0018 0.001)
(0.74 -0.0018 0.001)
(0.76 -0.0018 0.001)
(0.78 -0.0018 0.001)
(0.8 -0.0018 0.001)
(0.82 -0.0018 0.001)
(0.84 -0.0018 0.001)
(0.86 -0.0018 0.001)
(0.88 -0.0018 0.001)
(0.9 -0.0018 0.001)
(0.92 -0.0018 0.001)
(0.94 -0.0018 0.001)
(0.96 -0.0018 0.001)
(0.98 -0.0018 0.001)
(1 -0.0018 0.001)
(1.02 -0.0018 0.001)
(1.04 -0.0018 0.001)
(1.06 -0.0018 0.001)
(1.08 -0.0018 0.001)
(1.1 -0.0018 0.001)
(1.12 -0.0018 0.001)
(1.14 -0.0018 0.001)
(1.16 -0.0018 0.001)
(1.18 -0.0018 0.001)
(1.2 -0.0018 0.001)
(1.22 -0.0018 0.001)
(1.24 -0.0018 0.001)
(1.26 -0.0018 0.001)
(1.28 -0.0018 0.001)
(1.3 -0.0018 0.001)
(1.32 -0.0018 0.001)
(1.34 -0.0018 0.001)
(1.36 -0.0018 0.001)
(1.38 -0.0018 0.001)
(1.4 -0.0018 0.001)
(1.42 -0.0018 0.001)
(1.44 -0.0018 0.001)
(1.46 -0.0018 0.001)
(1.48 -0.0018 0.001)
(1.5 -0.0018 0.001)
(1.52 -0.0018 0.001)
(1.54 -0.0018 0.001)
(1.56 -0.0018 0.001)
(1.58 -0.0018 0.001)
(1.6 -0.0018 0.001)
(1.62 -0.0018 0.001)
(1.64 -0.0018 0.001)
(1.66 -0.0018 0.001)
(1.68 -0.0018 0.001)
(1.7 -0.0018 0.001)
(1.72 -0.0018 0.001)
(1.74 -0.0018 0.001)
(1.76 -0.0018 0.001)
(1.78 -0.0018 0.001)
(1.8 -0.0018 0.001)
(1.82 -0.0018 0.001)
(1.84 -0.0018 0.001)
(1.86 -0.0018 0.001)
(1.88 -0.0018 0.001)
(1.9 -0.0018 0.001)
(1.92 -0.0018 0.001)
(1.94 -0.0018 0.001)
(1.96 -0.0018 0.001)
(1.98 -0.0018 0.001)
(2 -0.0018 0.001)
(0 -0.0012 0.001)
(0.02 -0.0012 0.001)
(0.04 -0.0012 0.001)
(0.06 -0.0012 0.001)
(0.08 -0.0012 0.001)
(0.1 -0.0012 0.001)
(0.12 -0.0012 0.001)
(0.14 -0.0012 0.001)
(0.16 -0.0012 0.001)
(0.18 -0.0012 0.001)
(0.2 -0.0012 0.001)
(0.22 -0.0012 0.001)
(0.24 -0.0012 0.001)
(0.26 -0.0012 0.001)
(0.28 -0.0012 0.001)
(0.3 -0.0012 0.001)
(0.32 -0.0012 0.001)
(0.34 -0.0012 0.001)
(0.36 -0.0012 0.001)
(0.38 -0.0012 0.001)
(0.4 -0.0012 0.001)
(0.42 -0.0012 0.001)
(0.44 -0.0012 0.001)
(0.46 -0.0012 0.001)
(0.48 -0.0012 0.001)
(0.5 -0.0012 0.001)
(0.52 -0.0012 0.001)
(0.54 -0.0012 0.001)
(0.56 -0.0012 0.001)
(0.58 -0.0012 0.001)
(0.6 -0.0012 0.001)
(0.62 -0.0012 0.001)
(0.64 -0.0012 0.001)
(0.66 -0.0012 0.001)
(0.68 -0.0012 0.001)
(0.7 -0.0012 0.001)
(0.72 -0.0012 0.001)
(0.74 -0.0012 0.001)
(0.76 -0.0012 0.001)
(0.78 -0.0012 0.001)
(0.8 -0.0012 0.001)
(0.82 -0.0012 0.001)
(0.84 -0.0012 0.001)
(0.86 -0.0012 0.001)
(0.88 -0.0012 0.001)
(0.9 -0.0012 0.001)
(0.92 -0.0012 0.001)
(0.94 -0.0012 0.001)
(0.96 -0.0012 0.001)
(0.98 -0.0012 0.001)
(1 -0.0012 0.001)
(1.02 -0.0012 0.001)
(1.04 -0.0012 0.001)
(1.06 -0.0012 0.001)
(1.08 -0.0012 0.001)
(1.1 -0.0012 0.001)
(1.12 -0.0012 0.001)
(1.14 -0.0012 0.001)
(1.16 -0.0012 0.001)
(1.18 -0.0012 0.001)
(1.2 -0.0012 0.001)
(1.22 -0.0012 0.001)
(1.24 -0.0012 0.001)
(1.26 -0.0012 0.001)
(1.28 -0.0012 0.001)
(1.3 -0.0012 0.001)
(1.32 -0.0012 0.001)
(1.34 -0.0012 0.001)
(1.36 -0.0012 0.001)
(1.38 -0.0012 0.001)
(1.4 -0.0012 0.001)
(1.42 -0.0012 0.001)
(1.44 -0.0012 0.001)
(1.46 -0.0012 0.001)
(1.48 -0.0012 0.001)
(1.5 -0.0012 0.001)
(1.52 -0.0012 0.001)
(1.54 -0.0012 0.001)
(1.56 -0.0012 0.001)
(1.58 -0.0012 0.001)
(1.6 -0.0012 0.001)
(1.62 -0.0012 0.001)
(1.64 -0.0012 0.001)
(1.66 -0.0012 0.001)
(1.68 -0.0012 0.001)
(1.7 -0.0012 0.001)
(1.72 -0.0012 0.001)
(1.74 -0.0012 0.001)
(1.76 -0.0012 0.001)
(1.78 -0.0012 0.001)
(1.8 -0.0012 0.001)
(1.82 -0.0012 0.001)
(1.84 -0.0012 0.001)
(1.86 -0.0012 0.001)
(1.88 -0.0012 0.001)
(1.9 -0.0012 0.001)
(1.92 -0.0012 0.001)
(1.94 -0.0012 0.001)
(1.96 -0.0012 0.001)
(1.98 -0.0012 0.001)
(2 -0.0012 0.001)
(0 -0.0006 0.001)
(0.02 -0.0006 0.001)
(0.04 -0.0006 0.001)
(0.06 -0.0006 0.001)
(0.08 -0.0006 0.001)
(0.1 -0.0006 0.001)
(0.12 -0.0006 0.001)
(0.14 -0.0006 0.001)
(0.16 -0.0006 0.001)
(0.18 -0.0006 0.001)
(0.2 -0.0006 0.001)
(0.22 -0.0006 0.001)
(0.24 -0.0006 0.001)
(0.26 -0.0006 0.001)
(0.28 -0.0006 0.001)
(0.3 -0.0006 0.001)
(0.32 -0.0006 0.001)
(0.34 -0.0006 0.001)
(0.36 -0.0006 0.001)
(0.38 -0.0006 0.001)
(0.4 -0.0006 0.001)
(0.42 -0.0006 0.001)
(0.44 -0.0006 0.001)
(0.46 -0.0006 0.001)
(0.48 -0.0006 0.001)
(0.5 -0.0006 0.001)
(0.52 -0.0006 0.001)
(0.54 -0.0006 0.001)
(0.56 -0.0006 0.001)
(0.58 -0.0006 0.001)
(0.6 -0.0006 0.001)
(0.62 -0.0006 0.001)
(0.64 -0.0006 0.001)
(0.66 -0.0006 0.001)
(0.68 -0.0006 0.001)
(0.7 -0.0006 0.001)
(0.72 -0.0006 0.001)
(0.74 -0.0006 0.001)
(0.76 -0.0006 0.001)
(0.78 -0.0006 0.001)
(0.8 -0.0006 0.001)
(0.82 -0.0006 0.001)
(0.84 -0.0006 0.001)
(0.86 -0.0006 0.001)
(0.88 -0.0006 0.001)
(0.9 -0.0006 0.001)
(0.92 -0.0006 0.001)
(0.94 -0.0006 0.001)
(0.96 -0.0006 0.001)
(0.98 -0.0006 0.001)
(1 -0.0006 0.001)
(1.02 -0.0006 0.001)
(1.04 -0.0006 0.001)
(1.06 -0.0006 0.001)
(1.08 -0.0006 0.001)
(1.1 -0.0006 0.001)
(1.12 -0.0006 0.001)
(1.14 -0.0006 0.001)
(1.16 -0.0006 0.001)
(1.18 -0.0006 0.001)
(1.2 -0.0006 0.001)
(1.22 -0.0006 0.001)
(1.24 -0.0006 0.001)
(1.26 -0.0006 0.001)
(1.28 -0.0006 0.001)
(1.3 -0.0006 0.001)
(1.32 -0.0006 0.001)
(1.34 -0.0006 0.001)
(1.36 -0.0006 0.001)
(1.38 -0.0006 0.001)
(1.4 -0.0006 0.001)
(1.42 -0.0006 0.001)
(1.44 -0.0006 0.001)
(1.46 -0.0006 0.001)
(1.48 -0.0006 0.001)
(1.5 -0.0006 0.001)
(1.52 -0.0006 0.001)
(1.54 -0.0006 0.001)
(1.56 -0.0006 0.001)
(1.58 -0.0006 0.001)
(1.6 -0.0006 0.001)
(1.62 -0.0006 0.001)
(1.64 -0.0006 0.001)
(1.66 -0.0006 0.001)
(1.68 -0.0006 0.001)
(1.7 -0.0006 0.001)
(1.72 -0.0006 0.001)
(1.74 -0.0006 0.001)
(1.76 -0.0006 0.001)
(1.78 -0.0006 0.001)
(1.8 -0.0006 0.001)
(1.82 -0.0006 0.001)
(1.84 -0.0006 0.001)
(1.86 -0.0006 0.001)
(1.88 -0.0006 0.001)
(1.9 -0.0006 0.001)
(1.92 -0.0006 0.001)
(1.94 -0.0006 0.001)
(1.96 -0.0006 0.001)
(1.98 -0.0006 0.001)
(2 -0.0006 0.001)
(0 0 0.001)
(0.02 0 0.001)
(0.04 0 0.001)
(0.06 0 0.001)
(0.08 0 0.001)
(0.1 0 0.001)
(0.12 0 0.001)
(0.14 0 0.001)
(0.16 0 0.001)
(0.18 0 0.001)
(0.2 0 0.001)
(0.22 0 0.001)
(0.24 0 0.001)
(0.26 0 0.001)
(0.28 2.891205793e-19 0.001)
(0.3 0 0.001)
(0.32 0 0.001)
(0.34 0 0.001)
(0.36 0 0.001)
(0.38 0 0.001)
(0.4 0 0.001)
(0.42 0 0.001)
(0.44 2.891205793e-19 0.001)
(0.46 0 0.001)
(0.48 0 0.001)
(0.5 0 0.001)
(0.52 0 0.001)
(0.54 0 0.001)
(0.56 0 0.001)
(0.58 0 0.001)
(0.6 0 0.001)
(0.62 0 0.001)
(0.64 -2.891205793e-19 0.001)
(0.66 -2.891205793e-19 0.001)
(0.68 0 0.001)
(0.7 0 0.001)
(0.72 -2.891205793e-19 0.001)
(0.74 0 0.001)
(0.76 0 0.001)
(0.78 2.891205793e-19 0.001)
(0.8 0 0.001)
(0.82 0 0.001)
(0.84 2.891205793e-19 0.001)
(0.86 2.891205793e-19 0.001)
(0.88 0 0.001)
(0.9 0 0.001)
(0.92 0 0.001)
(0.94 0 0.001)
(0.96 0 0.001)
(0.98 0 0.001)
(1 0 0.001)
(1.02 0 0.001)
(1.04 0 0.001)
(1.06 0 0.001)
(1.08 -1.445602897e-19 0.001)
(1.1 0 0.001)
(1.12 1.445602897e-19 0.001)
(1.14 0 0.001)
(1.16 0 0.001)
(1.18 -1.445602897e-19 0.001)
(1.2 0 0.001)
(1.22 1.445602897e-19 0.001)
(1.24 0 0.001)
(1.26 0 0.001)
(1.28 -1.445602897e-19 0.001)
(1.3 0 0.001)
(1.32 1.445602897e-19 0.001)
(1.34 0 0.001)
(1.36 0 0.001)
(1.38 -1.445602897e-19 0.001)
(1.4 0 0.001)
(1.42 1.445602897e-19 0.001)
(1.44 0 0.001)
(1.46 0 0.001)
(1.48 -1.445602897e-19 0.001)
(1.5 0 0.001)
(1.52 1.445602897e-19 0.001)
(1.54 -7.228014483e-20 0.001)
(1.56 7.228014483e-20 0.001)
(1.58 -1.445602897e-19 0.001)
(1.6 0 0.001)
(1.62 1.445602897e-19 0.001)
(1.64 -7.228014483e-20 0.001)
(1.66 7.228014483e-20 0.001)
(1.68 -1.445602897e-19 0.001)
(1.7 0 0.001)
(1.72 1.445602897e-19 0.001)
(1.74 -7.228014483e-20 0.001)
(1.76 7.228014483e-20 0.001)
(1.78 -1.084202172e-19 0.001)
(1.8 0 0.001)
(1.82 1.084202172e-19 0.001)
(1.84 -3.614007242e-20 0.001)
(1.86 7.228014483e-20 0.001)
(1.88 -1.264902535e-19 0.001)
(1.9 0 0.001)
(1.92 1.084202172e-19 0.001)
(1.94 -6.324512673e-20 0.001)
(1.96 5.421010862e-20 0.001)
(1.98 -1.174552354e-19 0.001)
(2 0 0.001)
(0 0.0006 0.001)
(0.02 0.0006 0.001)
(0.04 0.0006 0.001)
(0.06 0.0006 0.001)
(0.08 0.0006 0.001)
(0.1 0.0006 0.001)
(0.12 0.0006 0.001)
(0.14 0.0006 0.001)
(0.16 0.0006 0.001)
(0.18 0.0006 0.001)
(0.2 0.0006 0.001)
(0.22 0.0006 0.001)
(0.24 0.0006 0.001)
(0.26 0.0006 0.001)
(0.28 0.0006 0.001)
(0.3 0.0006 0.001)
(0.32 0.0006 0.001)
(0.34 0.0006 0.001)
(0.36 0.0006 0.001)
(0.38 0.0006 0.001)
(0.4 0.0006 0.001)
(0.42 0.0006 0.001)
(0.44 0.0006 0.001)
(0.46 0.0006 0.001)
(0.48 0.0006 0.001)
(0.5 0.0006 0.001)
(0.52 0.0006 0.001)
(0.54 0.0006 0.001)
(0.56 0.0006 0.001)
(0.58 0.0006 0.001)
(0.6 0.0006 0.001)
(0.62 0.0006 0.001)
(0.64 0.0006 0.001)
(0.66 0.0006 0.001)
(0.68 0.0006 0.001)
(0.7 0.0006 0.001)
(0.72 0.0006 0.001)
(0.74 0.0006 0.001)
(0.76 0.0006 0.001)
(0.78 0.0006 0.001)
(0.8 0.0006 0.001)
(0.82 0.0006 0.001)
(0.84 0.0006 0.001)
(0.86 0.0006 0.001)
(0.88 0.0006 0.001)
(0.9 0.0006 0.001)
(0.92 0.0006 0.001)
(0.94 0.0006 0.001)
(0.96 0.0006 0.001)
(0.98 0.0006 0.001)
(1 0.0006 0.001)
(1.02 0.0006 0.001)
(1.04 0.0006 0.001)
(1.06 0.0006 0.001)
(1.08 0.0006 0.001)
(1.1 0.0006 0.001)
(1.12 0.0006 0.001)
(1.14 0.0006 0.001)
(1.16 0.0006 0.001)
(1.18 0.0006 0.001)
(1.2 0.0006 0.001)
(1.22 0.0006 0.001)
(1.24 0.0006 0.001)
(1.26 0.0006 0.001)
(1.28 0.0006 0.001)
(1.3 0.0006 0.001)
(1.32 0.0006 0.001)
(1.34 0.0006 0.001)
(1.36 0.0006 0.001)
(1.38 0.0006 0.001)
(1.4 0.0006 0.001)
(1.42 0.0006 0.001)
(1.44 0.0006 0.001)
(1.46 0.0006 0.001)
(1.48 0.0006 0.001)
(1.5 0.0006 0.001)
(1.52 0.0006 0.001)
(1.54 0.0006 0.001)
(1.56 0.0006 0.001)
(1.58 0.0006 0.001)
(1.6 0.0006 0.001)
(1.62 0.0006 0.001)
(1.64 0.0006 0.001)
(1.66 0.0006 0.001)
(1.68 0.0006 0.001)
(1.7 0.0006 0.001)
(1.72 0.0006 0.001)
(1.74 0.0006 0.001)
(1.76 0.0006 0.001)
(1.78 0.0006 0.001)
(1.8 0.0006 0.001)
(1.82 0.0006 0.001)
(1.84 0.0006 0.001)
(1.86 0.0006 0.001)
(1.88 0.0006 0.001)
(1.9 0.0006 0.001)
(1.92 0.0006 0.001)
(1.94 0.0006 0.001)
(1.96 0.0006 0.001)
(1.98 0.0006 0.001)
(2 0.0006 0.001)
(0 0.0012 0.001)
(0.02 0.0012 0.001)
(0.04 0.0012 0.001)
(0.06 0.0012 0.001)
(0.08 0.0012 0.001)
(0.1 0.0012 0.001)
(0.12 0.0012 0.001)
(0.14 0.0012 0.001)
(0.16 0.0012 0.001)
(0.18 0.0012 0.001)
(0.2 0.0012 0.001)
(0.22 0.0012 0.001)
(0.24 0.0012 0.001)
(0.26 0.0012 0.001)
(0.28 0.0012 0.001)
(0.3 0.0012 0.001)
(0.32 0.0012 0.001)
(0.34 0.0012 0.001)
(0.36 0.0012 0.001)
(0.38 0.0012 0.001)
(0.4 0.0012 0.001)
(0.42 0.0012 0.001)
(0.44 0.0012 0.001)
(0.46 0.0012 0.001)
(0.48 0.0012 0.001)
(0.5 0.0012 0.001)
(0.52 0.0012 0.001)
(0.54 0.0012 0.001)
(0.56 0.0012 0.001)
(0.58 0.0012 0.001)
(0.6 0.0012 0.001)
(0.62 0.0012 0.001)
(0.64 0.0012 0.001)
(0.66 0.0012 0.001)
(0.68 0.0012 0.001)
(0.7 0.0012 0.001)
(0.72 0.0012 0.001)
(0.74 0.0012 0.001)
(0.76 0.0012 0.001)
(0.78 0.0012 0.001)
(0.8 0.0012 0.001)
(0.82 0.0012 0.001)
(0.84 0.0012 0.001)
(0.86 0.0012 0.001)
(0.88 0.0012 0.001)
(0.9 0.0012 0.001)
(0.92 0.0012 0.001)
(0.94 0.0012 0.001)
(0.96 0.0012 0.001)
(0.98 0.0012 0.001)
(1 0.0012 0.001)
(1.02 0.0012 0.001)
(1.04 0.0012 0.001)
(1.06 0.0012 0.001)
(1.08 0.0012 0.001)
(1.1 0.0012 0.001)
(1.12 0.0012 0.001)
(1.14 0.0012 0.001)
(1.16 0.0012 0.001)
(1.18 0.0012 0.001)
(1.2 0.0012 0.001)
(1.22 0.0012 0.001)
(1.24 0.0012 0.001)
(1.26 0.0012 0.001)
(1.28 0.0012 0.001)
(1.3 0.0012 0.001)
(1.32 0.0012 0.001)
(1.34 0.0012 0.001)
(1.36 0.0012 0.001)
(1.38 0.0012 0.001)
(1.4 0.0012 0.001)
(1.42 0.0012 0.001)
(1.44 0.0012 0.001)
(1.46 0.0012 0.001)
(1.48 0.0012 0.001)
(1.5 0.0012 0.001)
(1.52 0.0012 0.001)
(1.54 0.0012 0.001)
(1.56 0.0012 0.001)
(1.58 0.0012 0.001)
(1.6 0.0012 0.001)
(1.62 0.0012 0.001)
(1.64 0.0012 0.001)
(1.66 0.0012 0.001)
(1.68 0.0012 0.001)
(1.7 0.0012 0.001)
(1.72 0.0012 0.001)
(1.74 0.0012 0.001)
(1.76 0.0012 0.001)
(1.78 0.0012 0.001)
(1.8 0.0012 0.001)
(1.82 0.0012 0.001)
(1.84 0.0012 0.001)
(1.86 0.0012 0.001)
(1.88 0.0012 0.001)
(1.9 0.0012 0.001)
(1.92 0.0012 0.001)
(1.94 0.0012 0.001)
(1.96 0.0012 0.001)
(1.98 0.0012 0.001)
(2 0.0012 0.001)
(0 0.0018 0.001)
(0.02 0.0018 0.001)
(0.04 0.0018 0.001)
(0.06 0.0018 0.001)
(0.08 0.0018 0.001)
(0.1 0.0018 0.001)
(0.12 0.0018 0.001)
(0.14 0.0018 0.001)
(0.16 0.0018 0.001)
(0.18 0.0018 0.001)
(0.2 0.0018 0.001)
(0.22 0.0018 0.001)
(0.24 0.0018 0.001)
(0.26 0.0018 0.001)
(0.28 0.0018 0.001)
(0.3 0.0018 0.001)
(0.32 0.0018 0.001)
(0.34 0.0018 0.001)
(0.36 0.0018 0.001)
(0.38 0.0018 0.001)
(0.4 0.0018 0.001)
(0.42 0.0018 0.001)
(0.44 0.0018 0.001)
(0.46 0.0018 0.001)
(0.48 0.0018 0.001)
(0.5 0.0018 0.001)
(0.52 0.0018 0.001)
(0.54 0.0018 0.001)
(0.56 0.0018 0.001)
(0.58 0.0018 0.001)
(0.6 0.0018 0.001)
(0.62 0.0018 0.001)
(0.64 0.0018 0.001)
(0.66 0.0018 0.001)
(0.68 0.0018 0.001)
(0.7 0.0018 0.001)
(0.72 0.0018 0.001)
(0.74 0.0018 0.001)
(0.76 0.0018 0.001)
(0.78 0.0018 0.001)
(0.8 0.0018 0.001)
(0.82 0.0018 0.001)
(0.84 0.0018 0.001)
(0.86 0.0018 0.001)
(0.88 0.0018 0.001)
(0.9 0.0018 0.001)
(0.92 0.0018 0.001)
(0.94 0.0018 0.001)
(0.96 0.0018 0.001)
(0.98 0.0018 0.001)
(1 0.0018 0.001)
(1.02 0.0018 0.001)
(1.04 0.0018 0.001)
(1.06 0.0018 0.001)
(1.08 0.0018 0.001)
(1.1 0.0018 0.001)
(1.12 0.0018 0.001)
(1.14 0.0018 0.001)
(1.16 0.0018 0.001)
(1.18 0.0018 0.001)
(1.2 0.0018 0.001)
(1.22 0.0018 0.001)
(1.24 0.0018 0.001)
(1.26 0.0018 0.001)
(1.28 0.0018 0.001)
(1.3 0.0018 0.001)
(1.32 0.0018 0.001)
(1.34 0.0018 0.001)
(1.36 0.0018 0.001)
(1.38 0.0018 0.001)
(1.4 0.0018 0.001)
(1.42 0.0018 0.001)
(1.44 0.0018 0.001)
(1.46 0.0018 0.001)
(1.48 0.0018 0.001)
(1.5 0.0018 0.001)
(1.52 0.0018 0.001)
(1.54 0.0018 0.001)
(1.56 0.0018 0.001)
(1.58 0.0018 0.001)
(1.6 0.0018 0.001)
(1.62 0.0018 0.001)
(1.64 0.0018 0.001)
(1.66 0.0018 0.001)
(1.68 0.0018 0.001)
(1.7 0.0018 0.001)
(1.72 0.0018 0.001)
(1.74 0.0018 0.001)
(1.76 0.0018 0.001)
(1.78 0.0018 0.001)
(1.8 0.0018 0.001)
(1.82 0.0018 0.001)
(1.84 0.0018 0.001)
(1.86 0.0018 0.001)
(1.88 0.0018 0.001)
(1.9 0.0018 0.001)
(1.92 0.0018 0.001)
(1.94 0.0018 0.001)
(1.96 0.0018 0.001)
(1.98 0.0018 0.001)
(2 0.0018 0.001)
(0 0.0024 0.001)
(0.02 0.0024 0.001)
(0.04 0.0024 0.001)
(0.06 0.0024 0.001)
(0.08 0.0024 0.001)
(0.1 0.0024 0.001)
(0.12 0.0024 0.001)
(0.14 0.0024 0.001)
(0.16 0.0024 0.001)
(0.18 0.0024 0.001)
(0.2 0.0024 0.001)
(0.22 0.0024 0.001)
(0.24 0.0024 0.001)
(0.26 0.0024 0.001)
(0.28 0.0024 0.001)
(0.3 0.0024 0.001)
(0.32 0.0024 0.001)
(0.34 0.0024 0.001)
(0.36 0.0024 0.001)
(0.38 0.0024 0.001)
(0.4 0.0024 0.001)
(0.42 0.0024 0.001)
(0.44 0.0024 0.001)
(0.46 0.0024 0.001)
(0.48 0.0024 0.001)
(0.5 0.0024 0.001)
(0.52 0.0024 0.001)
(0.54 0.0024 0.001)
(0.56 0.0024 0.001)
(0.58 0.0024 0.001)
(0.6 0.0024 0.001)
(0.62 0.0024 0.001)
(0.64 0.0024 0.001)
(0.66 0.0024 0.001)
(0.68 0.0024 0.001)
(0.7 0.0024 0.001)
(0.72 0.0024 0.001)
(0.74 0.0024 0.001)
(0.76 0.0024 0.001)
(0.78 0.0024 0.001)
(0.8 0.0024 0.001)
(0.82 0.0024 0.001)
(0.84 0.0024 0.001)
(0.86 0.0024 0.001)
(0.88 0.0024 0.001)
(0.9 0.0024 0.001)
(0.92 0.0024 0.001)
(0.94 0.0024 0.001)
(0.96 0.0024 0.001)
(0.98 0.0024 0.001)
(1 0.0024 0.001)
(1.02 0.0024 0.001)
(1.04 0.0024 0.001)
(1.06 0.0024 0.001)
(1.08 0.0024 0.001)
(1.1 0.0024 0.001)
(1.12 0.0024 0.001)
(1.14 0.0024 0.001)
(1.16 0.0024 0.001)
(1.18 0.0024 0.001)
(1.2 0.0024 0.001)
(1.22 0.0024 0.001)
(1.24 0.0024 0.001)
(1.26 0.0024 0.001)
(1.28 0.0024 0.001)
(1.3 0.0024 0.001)
(1.32 0.0024 0.001)
(1.34 0.0024 0.001)
(1.36 0.0024 0.001)
(1.38 0.0024 0.001)
(1.4 0.0024 0.001)
(1.42 0.0024 0.001)
(1.44 0.0024 0.001)
(1.46 0.0024 0.001)
(1.48 0.0024 0.001)
(1.5 0.0024 0.001)
(1.52 0.0024 0.001)
(1.54 0.0024 0.001)
(1.56 0.0024 0.001)
(1.58 0.0024 0.001)
(1.6 0.0024 0.001)
(1.62 0.0024 0.001)
(1.64 0.0024 0.001)
(1.66 0.0024 0.001)
(1.68 0.0024 0.001)
(1.7 0.0024 0.001)
(1.72 0.0024 0.001)
(1.74 0.0024 0.001)
(1.76 0.0024 0.001)
(1.78 0.0024 0.001)
(1.8 0.0024 0.001)
(1.82 0.0024 0.001)
(1.84 0.0024 0.001)
(1.86 0.0024 0.001)
(1.88 0.0024 0.001)
(1.9 0.0024 0.001)
(1.92 0.0024 0.001)
(1.94 0.0024 0.001)
(1.96 0.0024 0.001)
(1.98 0.0024 0.001)
(2 0.0024 0.001)
(0 0.003 0.001)
(0.02 0.003 0.001)
(0.04 0.003 0.001)
(0.06 0.003 0.001)
(0.08 0.003 0.001)
(0.1 0.003 0.001)
(0.12 0.003 0.001)
(0.14 0.003 0.001)
(0.16 0.003 0.001)
(0.18 0.003 0.001)
(0.2 0.003 0.001)
(0.22 0.003 0.001)
(0.24 0.003 0.001)
(0.26 0.003 0.001)
(0.28 0.003 0.001)
(0.3 0.003 0.001)
(0.32 0.003 0.001)
(0.34 0.003 0.001)
(0.36 0.003 0.001)
(0.38 0.003 0.001)
(0.4 0.003 0.001)
(0.42 0.003 0.001)
(0.44 0.003 0.001)
(0.46 0.003 0.001)
(0.48 0.003 0.001)
(0.5 0.003 0.001)
(0.52 0.003 0.001)
(0.54 0.003 0.001)
(0.56 0.003 0.001)
(0.58 0.003 0.001)
(0.6 0.003 0.001)
(0.62 0.003 0.001)
(0.64 0.003 0.001)
(0.66 0.003 0.001)
(0.68 0.003 0.001)
(0.7 0.003 0.001)
(0.72 0.003 0.001)
(0.74 0.003 0.001)
(0.76 0.003 0.001)
(0.78 0.003 0.001)
(0.8 0.003 0.001)
(0.82 0.003 0.001)
(0.84 0.003 0.001)
(0.86 0.003 0.001)
(0.88 0.003 0.001)
(0.9 0.003 0.001)
(0.92 0.003 0.001)
(0.94 0.003 0.001)
(0.96 0.003 0.001)
(0.98 0.003 0.001)
(1 0.003 0.001)
(1.02 0.003 0.001)
(1.04 0.003 0.001)
(1.06 0.003 0.001)
(1.08 0.003 0.001)
(1.1 0.003 0.001)
(1.12 0.003 0.001)
(1.14 0.003 0.001)
(1.16 0.003 0.001)
(1.18 0.003 0.001)
(1.2 0.003 0.001)
(1.22 0.003 0.001)
(1.24 0.003 0.001)
(1.26 0.003 0.001)
(1.28 0.003 0.001)
(1.3 0.003 0.001)
(1.32 0.003 0.001)
(1.34 0.003 0.001)
(1.36 0.003 0.001)
(1.38 0.003 0.001)
(1.4 0.003 0.001)
(1.42 0.003 0.001)
(1.44 0.003 0.001)
(1.46 0.003 0.001)
(1.48 0.003 0.001)
(1.5 0.003 0.001)
(1.52 0.003 0.001)
(1.54 0.003 0.001)
(1.56 0.003 0.001)
(1.58 0.003 0.001)
(1.6 0.003 0.001)
(1.62 0.003 0.001)
(1.64 0.003 0.001)
(1.66 0.003 0.001)
(1.68 0.003 0.001)
(1.7 0.003 0.001)
(1.72 0.003 0.001)
(1.74 0.003 0.001)
(1.76 0.003 0.001)
(1.78 0.003 0.001)
(1.8 0.003 0.001)
(1.82 0.003 0.001)
(1.84 0.003 0.001)
(1.86 0.003 0.001)
(1.88 0.003 0.001)
(1.9 0.003 0.001)
(1.92 0.003 0.001)
(1.94 0.003 0.001)
(1.96 0.003 0.001)
(1.98 0.003 0.001)
(2 0.003 0.001)
(0 0.0036 0.001)
(0.02 0.0036 0.001)
(0.04 0.0036 0.001)
(0.06 0.0036 0.001)
(0.08 0.0036 0.001)
(0.1 0.0036 0.001)
(0.12 0.0036 0.001)
(0.14 0.0036 0.001)
(0.16 0.0036 0.001)
(0.18 0.0036 0.001)
(0.2 0.0036 0.001)
(0.22 0.0036 0.001)
(0.24 0.0036 0.001)
(0.26 0.0036 0.001)
(0.28 0.0036 0.001)
(0.3 0.0036 0.001)
(0.32 0.0036 0.001)
(0.34 0.0036 0.001)
(0.36 0.0036 0.001)
(0.38 0.0036 0.001)
(0.4 0.0036 0.001)
(0.42 0.0036 0.001)
(0.44 0.0036 0.001)
(0.46 0.0036 0.001)
(0.48 0.0036 0.001)
(0.5 0.0036 0.001)
(0.52 0.0036 0.001)
(0.54 0.0036 0.001)
(0.56 0.0036 0.001)
(0.58 0.0036 0.001)
(0.6 0.0036 0.001)
(0.62 0.0036 0.001)
(0.64 0.0036 0.001)
(0.66 0.0036 0.001)
(0.68 0.0036 0.001)
(0.7 0.0036 0.001)
(0.72 0.0036 0.001)
(0.74 0.0036 0.001)
(0.76 0.0036 0.001)
(0.78 0.0036 0.001)
(0.8 0.0036 0.001)
(0.82 0.0036 0.001)
(0.84 0.0036 0.001)
(0.86 0.0036 0.001)
(0.88 0.0036 0.001)
(0.9 0.0036 0.001)
(0.92 0.0036 0.001)
(0.94 0.0036 0.001)
(0.96 0.0036 0.001)
(0.98 0.0036 0.001)
(1 0.0036 0.001)
(1.02 0.0036 0.001)
(1.04 0.0036 0.001)
(1.06 0.0036 0.001)
(1.08 0.0036 0.001)
(1.1 0.0036 0.001)
(1.12 0.0036 0.001)
(1.14 0.0036 0.001)
(1.16 0.0036 0.001)
(1.18 0.0036 0.001)
(1.2 0.0036 0.001)
(1.22 0.0036 0.001)
(1.24 0.0036 0.001)
(1.26 0.0036 0.001)
(1.28 0.0036 0.001)
(1.3 0.0036 0.001)
(1.32 0.0036 0.001)
(1.34 0.0036 0.001)
(1.36 0.0036 0.001)
(1.38 0.0036 0.001)
(1.4 0.0036 0.001)
(1.42 0.0036 0.001)
(1.44 0.0036 0.001)
(1.46 0.0036 0.001)
(1.48 0.0036 0.001)
(1.5 0.0036 0.001)
(1.52 0.0036 0.001)
(1.54 0.0036 0.001)
(1.56 0.0036 0.001)
(1.58 0.0036 0.001)
(1.6 0.0036 0.001)
(1.62 0.0036 0.001)
(1.64 0.0036 0.001)
(1.66 0.0036 0.001)
(1.68 0.0036 0.001)
(1.7 0.0036 0.001)
(1.72 0.0036 0.001)
(1.74 0.0036 0.001)
(1.76 0.0036 0.001)
(1.78 0.0036 0.001)
(1.8 0.0036 0.001)
(1.82 0.0036 0.001)
(1.84 0.0036 0.001)
(1.86 0.0036 0.001)
(1.88 0.0036 0.001)
(1.9 0.0036 0.001)
(1.92 0.0036 0.001)
(1.94 0.0036 0.001)
(1.96 0.0036 0.001)
(1.98 0.0036 0.001)
(2 0.0036 0.001)
(0 0.0042 0.001)
(0.02 0.0042 0.001)
(0.04 0.0042 0.001)
(0.06 0.0042 0.001)
(0.08 0.0042 0.001)
(0.1 0.0042 0.001)
(0.12 0.0042 0.001)
(0.14 0.0042 0.001)
(0.16 0.0042 0.001)
(0.18 0.0042 0.001)
(0.2 0.0042 0.001)
(0.22 0.0042 0.001)
(0.24 0.0042 0.001)
(0.26 0.0042 0.001)
(0.28 0.0042 0.001)
(0.3 0.0042 0.001)
(0.32 0.0042 0.001)
(0.34 0.0042 0.001)
(0.36 0.0042 0.001)
(0.38 0.0042 0.001)
(0.4 0.0042 0.001)
(0.42 0.0042 0.001)
(0.44 0.0042 0.001)
(0.46 0.0042 0.001)
(0.48 0.0042 0.001)
(0.5 0.0042 0.001)
(0.52 0.0042 0.001)
(0.54 0.0042 0.001)
(0.56 0.0042 0.001)
(0.58 0.0042 0.001)
(0.6 0.0042 0.001)
(0.62 0.0042 0.001)
(0.64 0.0042 0.001)
(0.66 0.0042 0.001)
(0.68 0.0042 0.001)
(0.7 0.0042 0.001)
(0.72 0.0042 0.001)
(0.74 0.0042 0.001)
(0.76 0.0042 0.001)
(0.78 0.0042 0.001)
(0.8 0.0042 0.001)
(0.82 0.0042 0.001)
(0.84 0.0042 0.001)
(0.86 0.0042 0.001)
(0.88 0.0042 0.001)
(0.9 0.0042 0.001)
(0.92 0.0042 0.001)
(0.94 0.0042 0.001)
(0.96 0.0042 0.001)
(0.98 0.0042 0.001)
(1 0.0042 0.001)
(1.02 0.0042 0.001)
(1.04 0.0042 0.001)
(1.06 0.0042 0.001)
(1.08 0.0042 0.001)
(1.1 0.0042 0.001)
(1.12 0.0042 0.001)
(1.14 0.0042 0.001)
(1.16 0.0042 0.001)
(1.18 0.0042 0.001)
(1.2 0.0042 0.001)
(1.22 0.0042 0.001)
(1.24 0.0042 0.001)
(1.26 0.0042 0.001)
(1.28 0.0042 0.001)
(1.3 0.0042 0.001)
(1.32 0.0042 0.001)
(1.34 0.0042 0.001)
(1.36 0.0042 0.001)
(1.38 0.0042 0.001)
(1.4 0.0042 0.001)
(1.42 0.0042 0.001)
(1.44 0.0042 0.001)
(1.46 0.0042 0.001)
(1.48 0.0042 0.001)
(1.5 0.0042 0.001)
(1.52 0.0042 0.001)
(1.54 0.0042 0.001)
(1.56 0.0042 0.001)
(1.58 0.0042 0.001)
(1.6 0.0042 0.001)
(1.62 0.0042 0.001)
(1.64 0.0042 0.001)
(1.66 0.0042 0.001)
(1.68 0.0042 0.001)
(1.7 0.0042 0.001)
(1.72 0.0042 0.001)
(1.74 0.0042 0.001)
(1.76 0.0042 0.001)
(1.78 0.0042 0.001)
(1.8 0.0042 0.001)
(1.82 0.0042 0.001)
(1.84 0.0042 0.001)
(1.86 0.0042 0.001)
(1.88 0.0042 0.001)
(1.9 0.0042 0.001)
(1.92 0.0042 0.001)
(1.94 0.0042 0.001)
(1.96 0.0042 0.001)
(1.98 0.0042 0.001)
(2 0.0042 0.001)
(0 0.0048 0.001)
(0.02 0.0048 0.001)
(0.04 0.0048 0.001)
(0.06 0.0048 0.001)
(0.08 0.0048 0.001)
(0.1 0.0048 0.001)
(0.12 0.0048 0.001)
(0.14 0.0048 0.001)
(0.16 0.0048 0.001)
(0.18 0.0048 0.001)
(0.2 0.0048 0.001)
(0.22 0.0048 0.001)
(0.24 0.0048 0.001)
(0.26 0.0048 0.001)
(0.28 0.0048 0.001)
(0.3 0.0048 0.001)
(0.32 0.0048 0.001)
(0.34 0.0048 0.001)
(0.36 0.0048 0.001)
(0.38 0.0048 0.001)
(0.4 0.0048 0.001)
(0.42 0.0048 0.001)
(0.44 0.0048 0.001)
(0.46 0.0048 0.001)
(0.48 0.0048 0.001)
(0.5 0.0048 0.001)
(0.52 0.0048 0.001)
(0.54 0.0048 0.001)
(0.56 0.0048 0.001)
(0.58 0.0048 0.001)
(0.6 0.0048 0.001)
(0.62 0.0048 0.001)
(0.64 0.0048 0.001)
(0.66 0.0048 0.001)
(0.68 0.0048 0.001)
(0.7 0.0048 0.001)
(0.72 0.0048 0.001)
(0.74 0.0048 0.001)
(0.76 0.0048 0.001)
(0.78 0.0048 0.001)
(0.8 0.0048 0.001)
(0.82 0.0048 0.001)
(0.84 0.0048 0.001)
(0.86 0.0048 0.001)
(0.88 0.0048 0.001)
(0.9 0.0048 0.001)
(0.92 0.0048 0.001)
(0.94 0.0048 0.001)
(0.96 0.0048 0.001)
(0.98 0.0048 0.001)
(1 0.0048 0.001)
(1.02 0.0048 0.001)
(1.04 0.0048 0.001)
(1.06 0.0048 0.001)
(1.08 0.0048 0.001)
(1.1 0.0048 0.001)
(1.12 0.0048 0.001)
(1.14 0.0048 0.001)
(1.16 0.0048 0.001)
(1.18 0.0048 0.001)
(1.2 0.0048 0.001)
(1.22 0.0048 0.001)
(1.24 0.0048 0.001)
(1.26 0.0048 0.001)
(1.28 0.0048 0.001)
(1.3 0.0048 0.001)
(1.32 0.0048 0.001)
(1.34 0.0048 0.001)
(1.36 0.0048 0.001)
(1.38 0.0048 0.001)
(1.4 0.0048 0.001)
(1.42 0.0048 0.001)
(1.44 0.0048 0.001)
(1.46 0.0048 0.001)
(1.48 0.0048 0.001)
(1.5 0.0048 0.001)
(1.52 0.0048 0.001)
(1.54 0.0048 0.001)
(1.56 0.0048 0.001)
(1.58 0.0048 0.001)
(1.6 0.0048 0.001)
(1.62 0.0048 0.001)
(1.64 0.0048 0.001)
(1.66 0.0048 0.001)
(1.68 0.0048 0.001)
(1.7 0.0048 0.001)
(1.72 0.0048 0.001)
(1.74 0.0048 0.001)
(1.76 0.0048 0.001)
(1.78 0.0048 0.001)
(1.8 0.0048 0.001)
(1.82 0.0048 0.001)
(1.84 0.0048 0.001)
(1.86 0.0048 0.001)
(1.88 0.0048 0.001)
(1.9 0.0048 0.001)
(1.92 0.0048 0.001)
(1.94 0.0048 0.001)
(1.96 0.0048 0.001)
(1.98 0.0048 0.001)
(2 0.0048 0.001)
(0 0.0054 0.001)
(0.02 0.0054 0.001)
(0.04 0.0054 0.001)
(0.06 0.0054 0.001)
(0.08 0.0054 0.001)
(0.1 0.0054 0.001)
(0.12 0.0054 0.001)
(0.14 0.0054 0.001)
(0.16 0.0054 0.001)
(0.18 0.0054 0.001)
(0.2 0.0054 0.001)
(0.22 0.0054 0.001)
(0.24 0.0054 0.001)
(0.26 0.0054 0.001)
(0.28 0.0054 0.001)
(0.3 0.0054 0.001)
(0.32 0.0054 0.001)
(0.34 0.0054 0.001)
(0.36 0.0054 0.001)
(0.38 0.0054 0.001)
(0.4 0.0054 0.001)
(0.42 0.0054 0.001)
(0.44 0.0054 0.001)
(0.46 0.0054 0.001)
(0.48 0.0054 0.001)
(0.5 0.0054 0.001)
(0.52 0.0054 0.001)
(0.54 0.0054 0.001)
(0.56 0.0054 0.001)
(0.58 0.0054 0.001)
(0.6 0.0054 0.001)
(0.62 0.0054 0.001)
(0.64 0.0054 0.001)
(0.66 0.0054 0.001)
(0.68 0.0054 0.001)
(0.7 0.0054 0.001)
(0.72 0.0054 0.001)
(0.74 0.0054 0.001)
(0.76 0.0054 0.001)
(0.78 0.0054 0.001)
(0.8 0.0054 0.001)
(0.82 0.0054 0.001)
(0.84 0.0054 0.001)
(0.86 0.0054 0.001)
(0.88 0.0054 0.001)
(0.9 0.0054 0.001)
(0.92 0.0054 0.001)
(0.94 0.0054 0.001)
(0.96 0.0054 0.001)
(0.98 0.0054 0.001)
(1 0.0054 0.001)
(1.02 0.0054 0.001)
(1.04 0.0054 0.001)
(1.06 0.0054 0.001)
(1.08 0.0054 0.001)
(1.1 0.0054 0.001)
(1.12 0.0054 0.001)
(1.14 0.0054 0.001)
(1.16 0.0054 0.001)
(1.18 0.0054 0.001)
(1.2 0.0054 0.001)
(1.22 0.0054 0.001)
(1.24 0.0054 0.001)
(1.26 0.0054 0.001)
(1.28 0.0054 0.001)
(1.3 0.0054 0.001)
(1.32 0.0054 0.001)
(1.34 0.0054 0.001)
(1.36 0.0054 0.001)
(1.38 0.0054 0.001)
(1.4 0.0054 0.001)
(1.42 0.0054 0.001)
(1.44 0.0054 0.001)
(1.46 0.0054 0.001)
(1.48 0.0054 0.001)
(1.5 0.0054 0.001)
(1.52 0.0054 0.001)
(1.54 0.0054 0.001)
(1.56 0.0054 0.001)
(1.58 0.0054 0.001)
(1.6 0.0054 0.001)
(1.62 0.0054 0.001)
(1.64 0.0054 0.001)
(1.66 0.0054 0.001)
(1.68 0.0054 0.001)
(1.7 0.0054 0.001)
(1.72 0.0054 0.001)
(1.74 0.0054 0.001)
(1.76 0.0054 0.001)
(1.78 0.0054 0.001)
(1.8 0.0054 0.001)
(1.82 0.0054 0.001)
(1.84 0.0054 0.001)
(1.86 0.0054 0.001)
(1.88 0.0054 0.001)
(1.9 0.0054 0.001)
(1.92 0.0054 0.001)
(1.94 0.0054 0.001)
(1.96 0.0054 0.001)
(1.98 0.0054 0.001)
(2 0.0054 0.001)
(0 0.006 0.001)
(0.02 0.006 0.001)
(0.04 0.006 0.001)
(0.06 0.006 0.001)
(0.08 0.006 0.001)
(0.1 0.006 0.001)
(0.12 0.006 0.001)
(0.14 0.006 0.001)
(0.16 0.006 0.001)
(0.18 0.006 0.001)
(0.2 0.006 0.001)
(0.22 0.006 0.001)
(0.24 0.006 0.001)
(0.26 0.006 0.001)
(0.28 0.006 0.001)
(0.3 0.006 0.001)
(0.32 0.006 0.001)
(0.34 0.006 0.001)
(0.36 0.006 0.001)
(0.38 0.006 0.001)
(0.4 0.006 0.001)
(0.42 0.006 0.001)
(0.44 0.006 0.001)
(0.46 0.006 0.001)
(0.48 0.006 0.001)
(0.5 0.006 0.001)
(0.52 0.006 0.001)
(0.54 0.006 0.001)
(0.56 0.006 0.001)
(0.58 0.006 0.001)
(0.6 0.006 0.001)
(0.62 0.006 0.001)
(0.64 0.006 0.001)
(0.66 0.006 0.001)
(0.68 0.006 0.001)
(0.7 0.006 0.001)
(0.72 0.006 0.001)
(0.74 0.006 0.001)
(0.76 0.006 0.001)
(0.78 0.006 0.001)
(0.8 0.006 0.001)
(0.82 0.006 0.001)
(0.84 0.006 0.001)
(0.86 0.006 0.001)
(0.88 0.006 0.001)
(0.9 0.006 0.001)
(0.92 0.006 0.001)
(0.94 0.006 0.001)
(0.96 0.006 0.001)
(0.98 0.006 0.001)
(1 0.006 0.001)
(1.02 0.006 0.001)
(1.04 0.006 0.001)
(1.06 0.006 0.001)
(1.08 0.006 0.001)
(1.1 0.006 0.001)
(1.12 0.006 0.001)
(1.14 0.006 0.001)
(1.16 0.006 0.001)
(1.18 0.006 0.001)
(1.2 0.006 0.001)
(1.22 0.006 0.001)
(1.24 0.006 0.001)
(1.26 0.006 0.001)
(1.28 0.006 0.001)
(1.3 0.006 0.001)
(1.32 0.006 0.001)
(1.34 0.006 0.001)
(1.36 0.006 0.001)
(1.38 0.006 0.001)
(1.4 0.006 0.001)
(1.42 0.006 0.001)
(1.44 0.006 0.001)
(1.46 0.006 0.001)
(1.48 0.006 0.001)
(1.5 0.006 0.001)
(1.52 0.006 0.001)
(1.54 0.006 0.001)
(1.56 0.006 0.001)
(1.58 0.006 0.001)
(1.6 0.006 0.001)
(1.62 0.006 0.001)
(1.64 0.006 0.001)
(1.66 0.006 0.001)
(1.68 0.006 0.001)
(1.7 0.006 0.001)
(1.72 0.006 0.001)
(1.74 0.006 0.001)
(1.76 0.006 0.001)
(1.78 0.006 0.001)
(1.8 0.006 0.001)
(1.82 0.006 0.001)
(1.84 0.006 0.001)
(1.86 0.006 0.001)
(1.88 0.006 0.001)
(1.9 0.006 0.001)
(1.92 0.006 0.001)
(1.94 0.006 0.001)
(1.96 0.006 0.001)
(1.98 0.006 0.001)
(2 0.006 0.001)
(0 0.0066 0.001)
(0.02 0.0066 0.001)
(0.04 0.0066 0.001)
(0.06 0.0066 0.001)
(0.08 0.0066 0.001)
(0.1 0.0066 0.001)
(0.12 0.0066 0.001)
(0.14 0.0066 0.001)
(0.16 0.0066 0.001)
(0.18 0.0066 0.001)
(0.2 0.0066 0.001)
(0.22 0.0066 0.001)
(0.24 0.0066 0.001)
(0.26 0.0066 0.001)
(0.28 0.0066 0.001)
(0.3 0.0066 0.001)
(0.32 0.0066 0.001)
(0.34 0.0066 0.001)
(0.36 0.0066 0.001)
(0.38 0.0066 0.001)
(0.4 0.0066 0.001)
(0.42 0.0066 0.001)
(0.44 0.0066 0.001)
(0.46 0.0066 0.001)
(0.48 0.0066 0.001)
(0.5 0.0066 0.001)
(0.52 0.0066 0.001)
(0.54 0.0066 0.001)
(0.56 0.0066 0.001)
(0.58 0.0066 0.001)
(0.6 0.0066 0.001)
(0.62 0.0066 0.001)
(0.64 0.0066 0.001)
(0.66 0.0066 0.001)
(0.68 0.0066 0.001)
(0.7 0.0066 0.001)
(0.72 0.0066 0.001)
(0.74 0.0066 0.001)
(0.76 0.0066 0.001)
(0.78 0.0066 0.001)
(0.8 0.0066 0.001)
(0.82 0.0066 0.001)
(0.84 0.0066 0.001)
(0.86 0.0066 0.001)
(0.88 0.0066 0.001)
(0.9 0.0066 0.001)
(0.92 0.0066 0.001)
(0.94 0.0066 0.001)
(0.96 0.0066 0.001)
(0.98 0.0066 0.001)
(1 0.0066 0.001)
(1.02 0.0066 0.001)
(1.04 0.0066 0.001)
(1.06 0.0066 0.001)
(1.08 0.0066 0.001)
(1.1 0.0066 0.001)
(1.12 0.0066 0.001)
(1.14 0.0066 0.001)
(1.16 0.0066 0.001)
(1.18 0.0066 0.001)
(1.2 0.0066 0.001)
(1.22 0.0066 0.001)
(1.24 0.0066 0.001)
(1.26 0.0066 0.001)
(1.28 0.0066 0.001)
(1.3 0.0066 0.001)
(1.32 0.0066 0.001)
(1.34 0.0066 0.001)
(1.36 0.0066 0.001)
(1.38 0.0066 0.001)
(1.4 0.0066 0.001)
(1.42 0.0066 0.001)
(1.44 0.0066 0.001)
(1.46 0.0066 0.001)
(1.48 0.0066 0.001)
(1.5 0.0066 0.001)
(1.52 0.0066 0.001)
(1.54 0.0066 0.001)
(1.56 0.0066 0.001)
(1.58 0.0066 0.001)
(1.6 0.0066 0.001)
(1.62 0.0066 0.001)
(1.64 0.0066 0.001)
(1.66 0.0066 0.001)
(1.68 0.0066 0.001)
(1.7 0.0066 0.001)
(1.72 0.0066 0.001)
(1.74 0.0066 0.001)
(1.76 0.0066 0.001)
(1.78 0.0066 0.001)
(1.8 0.0066 0.001)
(1.82 0.0066 0.001)
(1.84 0.0066 0.001)
(1.86 0.0066 0.001)
(1.88 0.0066 0.001)
(1.9 0.0066 0.001)
(1.92 0.0066 0.001)
(1.94 0.0066 0.001)
(1.96 0.0066 0.001)
(1.98 0.0066 0.001)
(2 0.0066 0.001)
(0 0.0072 0.001)
(0.02 0.0072 0.001)
(0.04 0.0072 0.001)
(0.06 0.0072 0.001)
(0.08 0.0072 0.001)
(0.1 0.0072 0.001)
(0.12 0.0072 0.001)
(0.14 0.0072 0.001)
(0.16 0.0072 0.001)
(0.18 0.0072 0.001)
(0.2 0.0072 0.001)
(0.22 0.0072 0.001)
(0.24 0.0072 0.001)
(0.26 0.0072 0.001)
(0.28 0.0072 0.001)
(0.3 0.0072 0.001)
(0.32 0.0072 0.001)
(0.34 0.0072 0.001)
(0.36 0.0072 0.001)
(0.38 0.0072 0.001)
(0.4 0.0072 0.001)
(0.42 0.0072 0.001)
(0.44 0.0072 0.001)
(0.46 0.0072 0.001)
(0.48 0.0072 0.001)
(0.5 0.0072 0.001)
(0.52 0.0072 0.001)
(0.54 0.0072 0.001)
(0.56 0.0072 0.001)
(0.58 0.0072 0.001)
(0.6 0.0072 0.001)
(0.62 0.0072 0.001)
(0.64 0.0072 0.001)
(0.66 0.0072 0.001)
(0.68 0.0072 0.001)
(0.7 0.0072 0.001)
(0.72 0.0072 0.001)
(0.74 0.0072 0.001)
(0.76 0.0072 0.001)
(0.78 0.0072 0.001)
(0.8 0.0072 0.001)
(0.82 0.0072 0.001)
(0.84 0.0072 0.001)
(0.86 0.0072 0.001)
(0.88 0.0072 0.001)
(0.9 0.0072 0.001)
(0.92 0.0072 0.001)
(0.94 0.0072 0.001)
(0.96 0.0072 0.001)
(0.98 0.0072 0.001)
(1 0.0072 0.001)
(1.02 0.0072 0.001)
(1.04 0.0072 0.001)
(1.06 0.0072 0.001)
(1.08 0.0072 0.001)
(1.1 0.0072 0.001)
(1.12 0.0072 0.001)
(1.14 0.0072 0.001)
(1.16 0.0072 0.001)
(1.18 0.0072 0.001)
(1.2 0.0072 0.001)
(1.22 0.0072 0.001)
(1.24 0.0072 0.001)
(1.26 0.0072 0.001)
(1.28 0.0072 0.001)
(1.3 0.0072 0.001)
(1.32 0.0072 0.001)
(1.34 0.0072 0.001)
(1.36 0.0072 0.001)
(1.38 0.0072 0.001)
(1.4 0.0072 0.001)
(1.42 0.0072 0.001)
(1.44 0.0072 0.001)
(1.46 0.0072 0.001)
(1.48 0.0072 0.001)
(1.5 0.0072 0.001)
(1.52 0.0072 0.001)
(1.54 0.0072 0.001)
(1.56 0.0072 0.001)
(1.58 0.0072 0.001)
(1.6 0.0072 0.001)
(1.62 0.0072 0.001)
(1.64 0.0072 0.001)
(1.66 0.0072 0.001)
(1.68 0.0072 0.001)
(1.7 0.0072 0.001)
(1.72 0.0072 0.001)
(1.74 0.0072 0.001)
(1.76 0.0072 0.001)
(1.78 0.0072 0.001)
(1.8 0.0072 0.001)
(1.82 0.0072 0.001)
(1.84 0.0072 0.001)
(1.86 0.0072 0.001)
(1.88 0.0072 0.001)
(1.9 0.0072 0.001)
(1.92 0.0072 0.001)
(1.94 0.0072 0.001)
(1.96 0.0072 0.001)
(1.98 0.0072 0.001)
(2 0.0072 0.001)
(0 0.0078 0.001)
(0.02 0.0078 0.001)
(0.04 0.0078 0.001)
(0.06 0.0078 0.001)
(0.08 0.0078 0.001)
(0.1 0.0078 0.001)
(0.12 0.0078 0.001)
(0.14 0.0078 0.001)
(0.16 0.0078 0.001)
(0.18 0.0078 0.001)
(0.2 0.0078 0.001)
(0.22 0.0078 0.001)
(0.24 0.0078 0.001)
(0.26 0.0078 0.001)
(0.28 0.0078 0.001)
(0.3 0.0078 0.001)
(0.32 0.0078 0.001)
(0.34 0.0078 0.001)
(0.36 0.0078 0.001)
(0.38 0.0078 0.001)
(0.4 0.0078 0.001)
(0.42 0.0078 0.001)
(0.44 0.0078 0.001)
(0.46 0.0078 0.001)
(0.48 0.0078 0.001)
(0.5 0.0078 0.001)
(0.52 0.0078 0.001)
(0.54 0.0078 0.001)
(0.56 0.0078 0.001)
(0.58 0.0078 0.001)
(0.6 0.0078 0.001)
(0.62 0.0078 0.001)
(0.64 0.0078 0.001)
(0.66 0.0078 0.001)
(0.68 0.0078 0.001)
(0.7 0.0078 0.001)
(0.72 0.0078 0.001)
(0.74 0.0078 0.001)
(0.76 0.0078 0.001)
(0.78 0.0078 0.001)
(0.8 0.0078 0.001)
(0.82 0.0078 0.001)
(0.84 0.0078 0.001)
(0.86 0.0078 0.001)
(0.88 0.0078 0.001)
(0.9 0.0078 0.001)
(0.92 0.0078 0.001)
(0.94 0.0078 0.001)
(0.96 0.0078 0.001)
(0.98 0.0078 0.001)
(1 0.0078 0.001)
(1.02 0.0078 0.001)
(1.04 0.0078 0.001)
(1.06 0.0078 0.001)
(1.08 0.0078 0.001)
(1.1 0.0078 0.001)
(1.12 0.0078 0.001)
(1.14 0.0078 0.001)
(1.16 0.0078 0.001)
(1.18 0.0078 0.001)
(1.2 0.0078 0.001)
(1.22 0.0078 0.001)
(1.24 0.0078 0.001)
(1.26 0.0078 0.001)
(1.28 0.0078 0.001)
(1.3 0.0078 0.001)
(1.32 0.0078 0.001)
(1.34 0.0078 0.001)
(1.36 0.0078 0.001)
(1.38 0.0078 0.001)
(1.4 0.0078 0.001)
(1.42 0.0078 0.001)
(1.44 0.0078 0.001)
(1.46 0.0078 0.001)
(1.48 0.0078 0.001)
(1.5 0.0078 0.001)
(1.52 0.0078 0.001)
(1.54 0.0078 0.001)
(1.56 0.0078 0.001)
(1.58 0.0078 0.001)
(1.6 0.0078 0.001)
(1.62 0.0078 0.001)
(1.64 0.0078 0.001)
(1.66 0.0078 0.001)
(1.68 0.0078 0.001)
(1.7 0.0078 0.001)
(1.72 0.0078 0.001)
(1.74 0.0078 0.001)
(1.76 0.0078 0.001)
(1.78 0.0078 0.001)
(1.8 0.0078 0.001)
(1.82 0.0078 0.001)
(1.84 0.0078 0.001)
(1.86 0.0078 0.001)
(1.88 0.0078 0.001)
(1.9 0.0078 0.001)
(1.92 0.0078 0.001)
(1.94 0.0078 0.001)
(1.96 0.0078 0.001)
(1.98 0.0078 0.001)
(2 0.0078 0.001)
(0 0.0084 0.001)
(0.02 0.0084 0.001)
(0.04 0.0084 0.001)
(0.06 0.0084 0.001)
(0.08 0.0084 0.001)
(0.1 0.0084 0.001)
(0.12 0.0084 0.001)
(0.14 0.0084 0.001)
(0.16 0.0084 0.001)
(0.18 0.0084 0.001)
(0.2 0.0084 0.001)
(0.22 0.0084 0.001)
(0.24 0.0084 0.001)
(0.26 0.0084 0.001)
(0.28 0.0084 0.001)
(0.3 0.0084 0.001)
(0.32 0.0084 0.001)
(0.34 0.0084 0.001)
(0.36 0.0084 0.001)
(0.38 0.0084 0.001)
(0.4 0.0084 0.001)
(0.42 0.0084 0.001)
(0.44 0.0084 0.001)
(0.46 0.0084 0.001)
(0.48 0.0084 0.001)
(0.5 0.0084 0.001)
(0.52 0.0084 0.001)
(0.54 0.0084 0.001)
(0.56 0.0084 0.001)
(0.58 0.0084 0.001)
(0.6 0.0084 0.001)
(0.62 0.0084 0.001)
(0.64 0.0084 0.001)
(0.66 0.0084 0.001)
(0.68 0.0084 0.001)
(0.7 0.0084 0.001)
(0.72 0.0084 0.001)
(0.74 0.0084 0.001)
(0.76 0.0084 0.001)
(0.78 0.0084 0.001)
(0.8 0.0084 0.001)
(0.82 0.0084 0.001)
(0.84 0.0084 0.001)
(0.86 0.0084 0.001)
(0.88 0.0084 0.001)
(0.9 0.0084 0.001)
(0.92 0.0084 0.001)
(0.94 0.0084 0.001)
(0.96 0.0084 0.001)
(0.98 0.0084 0.001)
(1 0.0084 0.001)
(1.02 0.0084 0.001)
(1.04 0.0084 0.001)
(1.06 0.0084 0.001)
(1.08 0.0084 0.001)
(1.1 0.0084 0.001)
(1.12 0.0084 0.001)
(1.14 0.0084 0.001)
(1.16 0.0084 0.001)
(1.18 0.0084 0.001)
(1.2 0.0084 0.001)
(1.22 0.0084 0.001)
(1.24 0.0084 0.001)
(1.26 0.0084 0.001)
(1.28 0.0084 0.001)
(1.3 0.0084 0.001)
(1.32 0.0084 0.001)
(1.34 0.0084 0.001)
(1.36 0.0084 0.001)
(1.38 0.0084 0.001)
(1.4 0.0084 0.001)
(1.42 0.0084 0.001)
(1.44 0.0084 0.001)
(1.46 0.0084 0.001)
(1.48 0.0084 0.001)
(1.5 0.0084 0.001)
(1.52 0.0084 0.001)
(1.54 0.0084 0.001)
(1.56 0.0084 0.001)
(1.58 0.0084 0.001)
(1.6 0.0084 0.001)
(1.62 0.0084 0.001)
(1.64 0.0084 0.001)
(1.66 0.0084 0.001)
(1.68 0.0084 0.001)
(1.7 0.0084 0.001)
(1.72 0.0084 0.001)
(1.74 0.0084 0.001)
(1.76 0.0084 0.001)
(1.78 0.0084 0.001)
(1.8 0.0084 0.001)
(1.82 0.0084 0.001)
(1.84 0.0084 0.001)
(1.86 0.0084 0.001)
(1.88 0.0084 0.001)
(1.9 0.0084 0.001)
(1.92 0.0084 0.001)
(1.94 0.0084 0.001)
(1.96 0.0084 0.001)
(1.98 0.0084 0.001)
(2 0.0084 0.001)
(0 0.009 0.001)
(0.02 0.009 0.001)
(0.04 0.009 0.001)
(0.06 0.009 0.001)
(0.08 0.009 0.001)
(0.1 0.009 0.001)
(0.12 0.009 0.001)
(0.14 0.009 0.001)
(0.16 0.009 0.001)
(0.18 0.009 0.001)
(0.2 0.009 0.001)
(0.22 0.009 0.001)
(0.24 0.009 0.001)
(0.26 0.009 0.001)
(0.28 0.009 0.001)
(0.3 0.009 0.001)
(0.32 0.009 0.001)
(0.34 0.009 0.001)
(0.36 0.009 0.001)
(0.38 0.009 0.001)
(0.4 0.009 0.001)
(0.42 0.009 0.001)
(0.44 0.009 0.001)
(0.46 0.009 0.001)
(0.48 0.009 0.001)
(0.5 0.009 0.001)
(0.52 0.009 0.001)
(0.54 0.009 0.001)
(0.56 0.009 0.001)
(0.58 0.009 0.001)
(0.6 0.009 0.001)
(0.62 0.009 0.001)
(0.64 0.009 0.001)
(0.66 0.009 0.001)
(0.68 0.009 0.001)
(0.7 0.009 0.001)
(0.72 0.009 0.001)
(0.74 0.009 0.001)
(0.76 0.009 0.001)
(0.78 0.009 0.001)
(0.8 0.009 0.001)
(0.82 0.009 0.001)
(0.84 0.009 0.001)
(0.86 0.009 0.001)
(0.88 0.009 0.001)
(0.9 0.009 0.001)
(0.92 0.009 0.001)
(0.94 0.009 0.001)
(0.96 0.009 0.001)
(0.98 0.009 0.001)
(1 0.009 0.001)
(1.02 0.009 0.001)
(1.04 0.009 0.001)
(1.06 0.009 0.001)
(1.08 0.009 0.001)
(1.1 0.009 0.001)
(1.12 0.009 0.001)
(1.14 0.009 0.001)
(1.16 0.009 0.001)
(1.18 0.009 0.001)
(1.2 0.009 0.001)
(1.22 0.009 0.001)
(1.24 0.009 0.001)
(1.26 0.009 0.001)
(1.28 0.009 0.001)
(1.3 0.009 0.001)
(1.32 0.009 0.001)
(1.34 0.009 0.001)
(1.36 0.009 0.001)
(1.38 0.009 0.001)
(1.4 0.009 0.001)
(1.42 0.009 0.001)
(1.44 0.009 0.001)
(1.46 0.009 0.001)
(1.48 0.009 0.001)
(1.5 0.009 0.001)
(1.52 0.009 0.001)
(1.54 0.009 0.001)
(1.56 0.009 0.001)
(1.58 0.009 0.001)
(1.6 0.009 0.001)
(1.62 0.009 0.001)
(1.64 0.009 0.001)
(1.66 0.009 0.001)
(1.68 0.009 0.001)
(1.7 0.009 0.001)
(1.72 0.009 0.001)
(1.74 0.009 0.001)
(1.76 0.009 0.001)
(1.78 0.009 0.001)
(1.8 0.009 0.001)
(1.82 0.009 0.001)
(1.84 0.009 0.001)
(1.86 0.009 0.001)
(1.88 0.009 0.001)
(1.9 0.009 0.001)
(1.92 0.009 0.001)
(1.94 0.009 0.001)
(1.96 0.009 0.001)
(1.98 0.009 0.001)
(2 0.009 0.001)
(0 0.0096 0.001)
(0.02 0.0096 0.001)
(0.04 0.0096 0.001)
(0.06 0.0096 0.001)
(0.08 0.0096 0.001)
(0.1 0.0096 0.001)
(0.12 0.0096 0.001)
(0.14 0.0096 0.001)
(0.16 0.0096 0.001)
(0.18 0.0096 0.001)
(0.2 0.0096 0.001)
(0.22 0.0096 0.001)
(0.24 0.0096 0.001)
(0.26 0.0096 0.001)
(0.28 0.0096 0.001)
(0.3 0.0096 0.001)
(0.32 0.0096 0.001)
(0.34 0.0096 0.001)
(0.36 0.0096 0.001)
(0.38 0.0096 0.001)
(0.4 0.0096 0.001)
(0.42 0.0096 0.001)
(0.44 0.0096 0.001)
(0.46 0.0096 0.001)
(0.48 0.0096 0.001)
(0.5 0.0096 0.001)
(0.52 0.0096 0.001)
(0.54 0.0096 0.001)
(0.56 0.0096 0.001)
(0.58 0.0096 0.001)
(0.6 0.0096 0.001)
(0.62 0.0096 0.001)
(0.64 0.0096 0.001)
(0.66 0.0096 0.001)
(0.68 0.0096 0.001)
(0.7 0.0096 0.001)
(0.72 0.0096 0.001)
(0.74 0.0096 0.001)
(0.76 0.0096 0.001)
(0.78 0.0096 0.001)
(0.8 0.0096 0.001)
(0.82 0.0096 0.001)
(0.84 0.0096 0.001)
(0.86 0.0096 0.001)
(0.88 0.0096 0.001)
(0.9 0.0096 0.001)
(0.92 0.0096 0.001)
(0.94 0.0096 0.001)
(0.96 0.0096 0.001)
(0.98 0.0096 0.001)
(1 0.0096 0.001)
(1.02 0.0096 0.001)
(1.04 0.0096 0.001)
(1.06 0.0096 0.001)
(1.08 0.0096 0.001)
(1.1 0.0096 0.001)
(1.12 0.0096 0.001)
(1.14 0.0096 0.001)
(1.16 0.0096 0.001)
(1.18 0.0096 0.001)
(1.2 0.0096 0.001)
(1.22 0.0096 0.001)
(1.24 0.0096 0.001)
(1.26 0.0096 0.001)
(1.28 0.0096 0.001)
(1.3 0.0096 0.001)
(1.32 0.0096 0.001)
(1.34 0.0096 0.001)
(1.36 0.0096 0.001)
(1.38 0.0096 0.001)
(1.4 0.0096 0.001)
(1.42 0.0096 0.001)
(1.44 0.0096 0.001)
(1.46 0.0096 0.001)
(1.48 0.0096 0.001)
(1.5 0.0096 0.001)
(1.52 0.0096 0.001)
(1.54 0.0096 0.001)
(1.56 0.0096 0.001)
(1.58 0.0096 0.001)
(1.6 0.0096 0.001)
(1.62 0.0096 0.001)
(1.64 0.0096 0.001)
(1.66 0.0096 0.001)
(1.68 0.0096 0.001)
(1.7 0.0096 0.001)
(1.72 0.0096 0.001)
(1.74 0.0096 0.001)
(1.76 0.0096 0.001)
(1.78 0.0096 0.001)
(1.8 0.0096 0.001)
(1.82 0.0096 0.001)
(1.84 0.0096 0.001)
(1.86 0.0096 0.001)
(1.88 0.0096 0.001)
(1.9 0.0096 0.001)
(1.92 0.0096 0.001)
(1.94 0.0096 0.001)
(1.96 0.0096 0.001)
(1.98 0.0096 0.001)
(2 0.0096 0.001)
(0 0.0102 0.001)
(0.02 0.0102 0.001)
(0.04 0.0102 0.001)
(0.06 0.0102 0.001)
(0.08 0.0102 0.001)
(0.1 0.0102 0.001)
(0.12 0.0102 0.001)
(0.14 0.0102 0.001)
(0.16 0.0102 0.001)
(0.18 0.0102 0.001)
(0.2 0.0102 0.001)
(0.22 0.0102 0.001)
(0.24 0.0102 0.001)
(0.26 0.0102 0.001)
(0.28 0.0102 0.001)
(0.3 0.0102 0.001)
(0.32 0.0102 0.001)
(0.34 0.0102 0.001)
(0.36 0.0102 0.001)
(0.38 0.0102 0.001)
(0.4 0.0102 0.001)
(0.42 0.0102 0.001)
(0.44 0.0102 0.001)
(0.46 0.0102 0.001)
(0.48 0.0102 0.001)
(0.5 0.0102 0.001)
(0.52 0.0102 0.001)
(0.54 0.0102 0.001)
(0.56 0.0102 0.001)
(0.58 0.0102 0.001)
(0.6 0.0102 0.001)
(0.62 0.0102 0.001)
(0.64 0.0102 0.001)
(0.66 0.0102 0.001)
(0.68 0.0102 0.001)
(0.7 0.0102 0.001)
(0.72 0.0102 0.001)
(0.74 0.0102 0.001)
(0.76 0.0102 0.001)
(0.78 0.0102 0.001)
(0.8 0.0102 0.001)
(0.82 0.0102 0.001)
(0.84 0.0102 0.001)
(0.86 0.0102 0.001)
(0.88 0.0102 0.001)
(0.9 0.0102 0.001)
(0.92 0.0102 0.001)
(0.94 0.0102 0.001)
(0.96 0.0102 0.001)
(0.98 0.0102 0.001)
(1 0.0102 0.001)
(1.02 0.0102 0.001)
(1.04 0.0102 0.001)
(1.06 0.0102 0.001)
(1.08 0.0102 0.001)
(1.1 0.0102 0.001)
(1.12 0.0102 0.001)
(1.14 0.0102 0.001)
(1.16 0.0102 0.001)
(1.18 0.0102 0.001)
(1.2 0.0102 0.001)
(1.22 0.0102 0.001)
(1.24 0.0102 0.001)
(1.26 0.0102 0.001)
(1.28 0.0102 0.001)
(1.3 0.0102 0.001)
(1.32 0.0102 0.001)
(1.34 0.0102 0.001)
(1.36 0.0102 0.001)
(1.38 0.0102 0.001)
(1.4 0.0102 0.001)
(1.42 0.0102 0.001)
(1.44 0.0102 0.001)
(1.46 0.0102 0.001)
(1.48 0.0102 0.001)
(1.5 0.0102 0.001)
(1.52 0.0102 0.001)
(1.54 0.0102 0.001)
(1.56 0.0102 0.001)
(1.58 0.0102 0.001)
(1.6 0.0102 0.001)
(1.62 0.0102 0.001)
(1.64 0.0102 0.001)
(1.66 0.0102 0.001)
(1.68 0.0102 0.001)
(1.7 0.0102 0.001)
(1.72 0.0102 0.001)
(1.74 0.0102 0.001)
(1.76 0.0102 0.001)
(1.78 0.0102 0.001)
(1.8 0.0102 0.001)
(1.82 0.0102 0.001)
(1.84 0.0102 0.001)
(1.86 0.0102 0.001)
(1.88 0.0102 0.001)
(1.9 0.0102 0.001)
(1.92 0.0102 0.001)
(1.94 0.0102 0.001)
(1.96 0.0102 0.001)
(1.98 0.0102 0.001)
(2 0.0102 0.001)
(0 0.0108 0.001)
(0.02 0.0108 0.001)
(0.04 0.0108 0.001)
(0.06 0.0108 0.001)
(0.08 0.0108 0.001)
(0.1 0.0108 0.001)
(0.12 0.0108 0.001)
(0.14 0.0108 0.001)
(0.16 0.0108 0.001)
(0.18 0.0108 0.001)
(0.2 0.0108 0.001)
(0.22 0.0108 0.001)
(0.24 0.0108 0.001)
(0.26 0.0108 0.001)
(0.28 0.0108 0.001)
(0.3 0.0108 0.001)
(0.32 0.0108 0.001)
(0.34 0.0108 0.001)
(0.36 0.0108 0.001)
(0.38 0.0108 0.001)
(0.4 0.0108 0.001)
(0.42 0.0108 0.001)
(0.44 0.0108 0.001)
(0.46 0.0108 0.001)
(0.48 0.0108 0.001)
(0.5 0.0108 0.001)
(0.52 0.0108 0.001)
(0.54 0.0108 0.001)
(0.56 0.0108 0.001)
(0.58 0.0108 0.001)
(0.6 0.0108 0.001)
(0.62 0.0108 0.001)
(0.64 0.0108 0.001)
(0.66 0.0108 0.001)
(0.68 0.0108 0.001)
(0.7 0.0108 0.001)
(0.72 0.0108 0.001)
(0.74 0.0108 0.001)
(0.76 0.0108 0.001)
(0.78 0.0108 0.001)
(0.8 0.0108 0.001)
(0.82 0.0108 0.001)
(0.84 0.0108 0.001)
(0.86 0.0108 0.001)
(0.88 0.0108 0.001)
(0.9 0.0108 0.001)
(0.92 0.0108 0.001)
(0.94 0.0108 0.001)
(0.96 0.0108 0.001)
(0.98 0.0108 0.001)
(1 0.0108 0.001)
(1.02 0.0108 0.001)
(1.04 0.0108 0.001)
(1.06 0.0108 0.001)
(1.08 0.0108 0.001)
(1.1 0.0108 0.001)
(1.12 0.0108 0.001)
(1.14 0.0108 0.001)
(1.16 0.0108 0.001)
(1.18 0.0108 0.001)
(1.2 0.0108 0.001)
(1.22 0.0108 0.001)
(1.24 0.0108 0.001)
(1.26 0.0108 0.001)
(1.28 0.0108 0.001)
(1.3 0.0108 0.001)
(1.32 0.0108 0.001)
(1.34 0.0108 0.001)
(1.36 0.0108 0.001)
(1.38 0.0108 0.001)
(1.4 0.0108 0.001)
(1.42 0.0108 0.001)
(1.44 0.0108 0.001)
(1.46 0.0108 0.001)
(1.48 0.0108 0.001)
(1.5 0.0108 0.001)
(1.52 0.0108 0.001)
(1.54 0.0108 0.001)
(1.56 0.0108 0.001)
(1.58 0.0108 0.001)
(1.6 0.0108 0.001)
(1.62 0.0108 0.001)
(1.64 0.0108 0.001)
(1.66 0.0108 0.001)
(1.68 0.0108 0.001)
(1.7 0.0108 0.001)
(1.72 0.0108 0.001)
(1.74 0.0108 0.001)
(1.76 0.0108 0.001)
(1.78 0.0108 0.001)
(1.8 0.0108 0.001)
(1.82 0.0108 0.001)
(1.84 0.0108 0.001)
(1.86 0.0108 0.001)
(1.88 0.0108 0.001)
(1.9 0.0108 0.001)
(1.92 0.0108 0.001)
(1.94 0.0108 0.001)
(1.96 0.0108 0.001)
(1.98 0.0108 0.001)
(2 0.0108 0.001)
(0 0.0114 0.001)
(0.02 0.0114 0.001)
(0.04 0.0114 0.001)
(0.06 0.0114 0.001)
(0.08 0.0114 0.001)
(0.1 0.0114 0.001)
(0.12 0.0114 0.001)
(0.14 0.0114 0.001)
(0.16 0.0114 0.001)
(0.18 0.0114 0.001)
(0.2 0.0114 0.001)
(0.22 0.0114 0.001)
(0.24 0.0114 0.001)
(0.26 0.0114 0.001)
(0.28 0.0114 0.001)
(0.3 0.0114 0.001)
(0.32 0.0114 0.001)
(0.34 0.0114 0.001)
(0.36 0.0114 0.001)
(0.38 0.0114 0.001)
(0.4 0.0114 0.001)
(0.42 0.0114 0.001)
(0.44 0.0114 0.001)
(0.46 0.0114 0.001)
(0.48 0.0114 0.001)
(0.5 0.0114 0.001)
(0.52 0.0114 0.001)
(0.54 0.0114 0.001)
(0.56 0.0114 0.001)
(0.58 0.0114 0.001)
(0.6 0.0114 0.001)
(0.62 0.0114 0.001)
(0.64 0.0114 0.001)
(0.66 0.0114 0.001)
(0.68 0.0114 0.001)
(0.7 0.0114 0.001)
(0.72 0.0114 0.001)
(0.74 0.0114 0.001)
(0.76 0.0114 0.001)
(0.78 0.0114 0.001)
(0.8 0.0114 0.001)
(0.82 0.0114 0.001)
(0.84 0.0114 0.001)
(0.86 0.0114 0.001)
(0.88 0.0114 0.001)
(0.9 0.0114 0.001)
(0.92 0.0114 0.001)
(0.94 0.0114 0.001)
(0.96 0.0114 0.001)
(0.98 0.0114 0.001)
(1 0.0114 0.001)
(1.02 0.0114 0.001)
(1.04 0.0114 0.001)
(1.06 0.0114 0.001)
(1.08 0.0114 0.001)
(1.1 0.0114 0.001)
(1.12 0.0114 0.001)
(1.14 0.0114 0.001)
(1.16 0.0114 0.001)
(1.18 0.0114 0.001)
(1.2 0.0114 0.001)
(1.22 0.0114 0.001)
(1.24 0.0114 0.001)
(1.26 0.0114 0.001)
(1.28 0.0114 0.001)
(1.3 0.0114 0.001)
(1.32 0.0114 0.001)
(1.34 0.0114 0.001)
(1.36 0.0114 0.001)
(1.38 0.0114 0.001)
(1.4 0.0114 0.001)
(1.42 0.0114 0.001)
(1.44 0.0114 0.001)
(1.46 0.0114 0.001)
(1.48 0.0114 0.001)
(1.5 0.0114 0.001)
(1.52 0.0114 0.001)
(1.54 0.0114 0.001)
(1.56 0.0114 0.001)
(1.58 0.0114 0.001)
(1.6 0.0114 0.001)
(1.62 0.0114 0.001)
(1.64 0.0114 0.001)
(1.66 0.0114 0.001)
(1.68 0.0114 0.001)
(1.7 0.0114 0.001)
(1.72 0.0114 0.001)
(1.74 0.0114 0.001)
(1.76 0.0114 0.001)
(1.78 0.0114 0.001)
(1.8 0.0114 0.001)
(1.82 0.0114 0.001)
(1.84 0.0114 0.001)
(1.86 0.0114 0.001)
(1.88 0.0114 0.001)
(1.9 0.0114 0.001)
(1.92 0.0114 0.001)
(1.94 0.0114 0.001)
(1.96 0.0114 0.001)
(1.98 0.0114 0.001)
(2 0.0114 0.001)
(0 0.012 0.001)
(0.02 0.012 0.001)
(0.04 0.012 0.001)
(0.06 0.012 0.001)
(0.08 0.012 0.001)
(0.1 0.012 0.001)
(0.12 0.012 0.001)
(0.14 0.012 0.001)
(0.16 0.012 0.001)
(0.18 0.012 0.001)
(0.2 0.012 0.001)
(0.22 0.012 0.001)
(0.24 0.012 0.001)
(0.26 0.012 0.001)
(0.28 0.012 0.001)
(0.3 0.012 0.001)
(0.32 0.012 0.001)
(0.34 0.012 0.001)
(0.36 0.012 0.001)
(0.38 0.012 0.001)
(0.4 0.012 0.001)
(0.42 0.012 0.001)
(0.44 0.012 0.001)
(0.46 0.012 0.001)
(0.48 0.012 0.001)
(0.5 0.012 0.001)
(0.52 0.012 0.001)
(0.54 0.012 0.001)
(0.56 0.012 0.001)
(0.58 0.012 0.001)
(0.6 0.012 0.001)
(0.62 0.012 0.001)
(0.64 0.012 0.001)
(0.66 0.012 0.001)
(0.68 0.012 0.001)
(0.7 0.012 0.001)
(0.72 0.012 0.001)
(0.74 0.012 0.001)
(0.76 0.012 0.001)
(0.78 0.012 0.001)
(0.8 0.012 0.001)
(0.82 0.012 0.001)
(0.84 0.012 0.001)
(0.86 0.012 0.001)
(0.88 0.012 0.001)
(0.9 0.012 0.001)
(0.92 0.012 0.001)
(0.94 0.012 0.001)
(0.96 0.012 0.001)
(0.98 0.012 0.001)
(1 0.012 0.001)
(1.02 0.012 0.001)
(1.04 0.012 0.001)
(1.06 0.012 0.001)
(1.08 0.012 0.001)
(1.1 0.012 0.001)
(1.12 0.012 0.001)
(1.14 0.012 0.001)
(1.16 0.012 0.001)
(1.18 0.012 0.001)
(1.2 0.012 0.001)
(1.22 0.012 0.001)
(1.24 0.012 0.001)
(1.26 0.012 0.001)
(1.28 0.012 0.001)
(1.3 0.012 0.001)
(1.32 0.012 0.001)
(1.34 0.012 0.001)
(1.36 0.012 0.001)
(1.38 0.012 0.001)
(1.4 0.012 0.001)
(1.42 0.012 0.001)
(1.44 0.012 0.001)
(1.46 0.012 0.001)
(1.48 0.012 0.001)
(1.5 0.012 0.001)
(1.52 0.012 0.001)
(1.54 0.012 0.001)
(1.56 0.012 0.001)
(1.58 0.012 0.001)
(1.6 0.012 0.001)
(1.62 0.012 0.001)
(1.64 0.012 0.001)
(1.66 0.012 0.001)
(1.68 0.012 0.001)
(1.7 0.012 0.001)
(1.72 0.012 0.001)
(1.74 0.012 0.001)
(1.76 0.012 0.001)
(1.78 0.012 0.001)
(1.8 0.012 0.001)
(1.82 0.012 0.001)
(1.84 0.012 0.001)
(1.86 0.012 0.001)
(1.88 0.012 0.001)
(1.9 0.012 0.001)
(1.92 0.012 0.001)
(1.94 0.012 0.001)
(1.96 0.012 0.001)
(1.98 0.012 0.001)
(2 0.012 0.001)
(0 0.0126 0.001)
(0.02 0.0126 0.001)
(0.04 0.0126 0.001)
(0.06 0.0126 0.001)
(0.08 0.0126 0.001)
(0.1 0.0126 0.001)
(0.12 0.0126 0.001)
(0.14 0.0126 0.001)
(0.16 0.0126 0.001)
(0.18 0.0126 0.001)
(0.2 0.0126 0.001)
(0.22 0.0126 0.001)
(0.24 0.0126 0.001)
(0.26 0.0126 0.001)
(0.28 0.0126 0.001)
(0.3 0.0126 0.001)
(0.32 0.0126 0.001)
(0.34 0.0126 0.001)
(0.36 0.0126 0.001)
(0.38 0.0126 0.001)
(0.4 0.0126 0.001)
(0.42 0.0126 0.001)
(0.44 0.0126 0.001)
(0.46 0.0126 0.001)
(0.48 0.0126 0.001)
(0.5 0.0126 0.001)
(0.52 0.0126 0.001)
(0.54 0.0126 0.001)
(0.56 0.0126 0.001)
(0.58 0.0126 0.001)
(0.6 0.0126 0.001)
(0.62 0.0126 0.001)
(0.64 0.0126 0.001)
(0.66 0.0126 0.001)
(0.68 0.0126 0.001)
(0.7 0.0126 0.001)
(0.72 0.0126 0.001)
(0.74 0.0126 0.001)
(0.76 0.0126 0.001)
(0.78 0.0126 0.001)
(0.8 0.0126 0.001)
(0.82 0.0126 0.001)
(0.84 0.0126 0.001)
(0.86 0.0126 0.001)
(0.88 0.0126 0.001)
(0.9 0.0126 0.001)
(0.92 0.0126 0.001)
(0.94 0.0126 0.001)
(0.96 0.0126 0.001)
(0.98 0.0126 0.001)
(1 0.0126 0.001)
(1.02 0.0126 0.001)
(1.04 0.0126 0.001)
(1.06 0.0126 0.001)
(1.08 0.0126 0.001)
(1.1 0.0126 0.001)
(1.12 0.0126 0.001)
(1.14 0.0126 0.001)
(1.16 0.0126 0.001)
(1.18 0.0126 0.001)
(1.2 0.0126 0.001)
(1.22 0.0126 0.001)
(1.24 0.0126 0.001)
(1.26 0.0126 0.001)
(1.28 0.0126 0.001)
(1.3 0.0126 0.001)
(1.32 0.0126 0.001)
(1.34 0.0126 0.001)
(1.36 0.0126 0.001)
(1.38 0.0126 0.001)
(1.4 0.0126 0.001)
(1.42 0.0126 0.001)
(1.44 0.0126 0.001)
(1.46 0.0126 0.001)
(1.48 0.0126 0.001)
(1.5 0.0126 0.001)
(1.52 0.0126 0.001)
(1.54 0.0126 0.001)
(1.56 0.0126 0.001)
(1.58 0.0126 0.001)
(1.6 0.0126 0.001)
(1.62 0.0126 0.001)
(1.64 0.0126 0.001)
(1.66 0.0126 0.001)
(1.68 0.0126 0.001)
(1.7 0.0126 0.001)
(1.72 0.0126 0.001)
(1.74 0.0126 0.001)
(1.76 0.0126 0.001)
(1.78 0.0126 0.001)
(1.8 0.0126 0.001)
(1.82 0.0126 0.001)
(1.84 0.0126 0.001)
(1.86 0.0126 0.001)
(1.88 0.0126 0.001)
(1.9 0.0126 0.001)
(1.92 0.0126 0.001)
(1.94 0.0126 0.001)
(1.96 0.0126 0.001)
(1.98 0.0126 0.001)
(2 0.0126 0.001)
(0 0.0132 0.001)
(0.02 0.0132 0.001)
(0.04 0.0132 0.001)
(0.06 0.0132 0.001)
(0.08 0.0132 0.001)
(0.1 0.0132 0.001)
(0.12 0.0132 0.001)
(0.14 0.0132 0.001)
(0.16 0.0132 0.001)
(0.18 0.0132 0.001)
(0.2 0.0132 0.001)
(0.22 0.0132 0.001)
(0.24 0.0132 0.001)
(0.26 0.0132 0.001)
(0.28 0.0132 0.001)
(0.3 0.0132 0.001)
(0.32 0.0132 0.001)
(0.34 0.0132 0.001)
(0.36 0.0132 0.001)
(0.38 0.0132 0.001)
(0.4 0.0132 0.001)
(0.42 0.0132 0.001)
(0.44 0.0132 0.001)
(0.46 0.0132 0.001)
(0.48 0.0132 0.001)
(0.5 0.0132 0.001)
(0.52 0.0132 0.001)
(0.54 0.0132 0.001)
(0.56 0.0132 0.001)
(0.58 0.0132 0.001)
(0.6 0.0132 0.001)
(0.62 0.0132 0.001)
(0.64 0.0132 0.001)
(0.66 0.0132 0.001)
(0.68 0.0132 0.001)
(0.7 0.0132 0.001)
(0.72 0.0132 0.001)
(0.74 0.0132 0.001)
(0.76 0.0132 0.001)
(0.78 0.0132 0.001)
(0.8 0.0132 0.001)
(0.82 0.0132 0.001)
(0.84 0.0132 0.001)
(0.86 0.0132 0.001)
(0.88 0.0132 0.001)
(0.9 0.0132 0.001)
(0.92 0.0132 0.001)
(0.94 0.0132 0.001)
(0.96 0.0132 0.001)
(0.98 0.0132 0.001)
(1 0.0132 0.001)
(1.02 0.0132 0.001)
(1.04 0.0132 0.001)
(1.06 0.0132 0.001)
(1.08 0.0132 0.001)
(1.1 0.0132 0.001)
(1.12 0.0132 0.001)
(1.14 0.0132 0.001)
(1.16 0.0132 0.001)
(1.18 0.0132 0.001)
(1.2 0.0132 0.001)
(1.22 0.0132 0.001)
(1.24 0.0132 0.001)
(1.26 0.0132 0.001)
(1.28 0.0132 0.001)
(1.3 0.0132 0.001)
(1.32 0.0132 0.001)
(1.34 0.0132 0.001)
(1.36 0.0132 0.001)
(1.38 0.0132 0.001)
(1.4 0.0132 0.001)
(1.42 0.0132 0.001)
(1.44 0.0132 0.001)
(1.46 0.0132 0.001)
(1.48 0.0132 0.001)
(1.5 0.0132 0.001)
(1.52 0.0132 0.001)
(1.54 0.0132 0.001)
(1.56 0.0132 0.001)
(1.58 0.0132 0.001)
(1.6 0.0132 0.001)
(1.62 0.0132 0.001)
(1.64 0.0132 0.001)
(1.66 0.0132 0.001)
(1.68 0.0132 0.001)
(1.7 0.0132 0.001)
(1.72 0.0132 0.001)
(1.74 0.0132 0.001)
(1.76 0.0132 0.001)
(1.78 0.0132 0.001)
(1.8 0.0132 0.001)
(1.82 0.0132 0.001)
(1.84 0.0132 0.001)
(1.86 0.0132 0.001)
(1.88 0.0132 0.001)
(1.9 0.0132 0.001)
(1.92 0.0132 0.001)
(1.94 0.0132 0.001)
(1.96 0.0132 0.001)
(1.98 0.0132 0.001)
(2 0.0132 0.001)
(0 0.0138 0.001)
(0.02 0.0138 0.001)
(0.04 0.0138 0.001)
(0.06 0.0138 0.001)
(0.08 0.0138 0.001)
(0.1 0.0138 0.001)
(0.12 0.0138 0.001)
(0.14 0.0138 0.001)
(0.16 0.0138 0.001)
(0.18 0.0138 0.001)
(0.2 0.0138 0.001)
(0.22 0.0138 0.001)
(0.24 0.0138 0.001)
(0.26 0.0138 0.001)
(0.28 0.0138 0.001)
(0.3 0.0138 0.001)
(0.32 0.0138 0.001)
(0.34 0.0138 0.001)
(0.36 0.0138 0.001)
(0.38 0.0138 0.001)
(0.4 0.0138 0.001)
(0.42 0.0138 0.001)
(0.44 0.0138 0.001)
(0.46 0.0138 0.001)
(0.48 0.0138 0.001)
(0.5 0.0138 0.001)
(0.52 0.0138 0.001)
(0.54 0.0138 0.001)
(0.56 0.0138 0.001)
(0.58 0.0138 0.001)
(0.6 0.0138 0.001)
(0.62 0.0138 0.001)
(0.64 0.0138 0.001)
(0.66 0.0138 0.001)
(0.68 0.0138 0.001)
(0.7 0.0138 0.001)
(0.72 0.0138 0.001)
(0.74 0.0138 0.001)
(0.76 0.0138 0.001)
(0.78 0.0138 0.001)
(0.8 0.0138 0.001)
(0.82 0.0138 0.001)
(0.84 0.0138 0.001)
(0.86 0.0138 0.001)
(0.88 0.0138 0.001)
(0.9 0.0138 0.001)
(0.92 0.0138 0.001)
(0.94 0.0138 0.001)
(0.96 0.0138 0.001)
(0.98 0.0138 0.001)
(1 0.0138 0.001)
(1.02 0.0138 0.001)
(1.04 0.0138 0.001)
(1.06 0.0138 0.001)
(1.08 0.0138 0.001)
(1.1 0.0138 0.001)
(1.12 0.0138 0.001)
(1.14 0.0138 0.001)
(1.16 0.0138 0.001)
(1.18 0.0138 0.001)
(1.2 0.0138 0.001)
(1.22 0.0138 0.001)
(1.24 0.0138 0.001)
(1.26 0.0138 0.001)
(1.28 0.0138 0.001)
(1.3 0.0138 0.001)
(1.32 0.0138 0.001)
(1.34 0.0138 0.001)
(1.36 0.0138 0.001)
(1.38 0.0138 0.001)
(1.4 0.0138 0.001)
(1.42 0.0138 0.001)
(1.44 0.0138 0.001)
(1.46 0.0138 0.001)
(1.48 0.0138 0.001)
(1.5 0.0138 0.001)
(1.52 0.0138 0.001)
(1.54 0.0138 0.001)
(1.56 0.0138 0.001)
(1.58 0.0138 0.001)
(1.6 0.0138 0.001)
(1.62 0.0138 0.001)
(1.64 0.0138 0.001)
(1.66 0.0138 0.001)
(1.68 0.0138 0.001)
(1.7 0.0138 0.001)
(1.72 0.0138 0.001)
(1.74 0.0138 0.001)
(1.76 0.0138 0.001)
(1.78 0.0138 0.001)
(1.8 0.0138 0.001)
(1.82 0.0138 0.001)
(1.84 0.0138 0.001)
(1.86 0.0138 0.001)
(1.88 0.0138 0.001)
(1.9 0.0138 0.001)
(1.92 0.0138 0.001)
(1.94 0.0138 0.001)
(1.96 0.0138 0.001)
(1.98 0.0138 0.001)
(2 0.0138 0.001)
(0 0.0144 0.001)
(0.02 0.0144 0.001)
(0.04 0.0144 0.001)
(0.06 0.0144 0.001)
(0.08 0.0144 0.001)
(0.1 0.0144 0.001)
(0.12 0.0144 0.001)
(0.14 0.0144 0.001)
(0.16 0.0144 0.001)
(0.18 0.0144 0.001)
(0.2 0.0144 0.001)
(0.22 0.0144 0.001)
(0.24 0.0144 0.001)
(0.26 0.0144 0.001)
(0.28 0.0144 0.001)
(0.3 0.0144 0.001)
(0.32 0.0144 0.001)
(0.34 0.0144 0.001)
(0.36 0.0144 0.001)
(0.38 0.0144 0.001)
(0.4 0.0144 0.001)
(0.42 0.0144 0.001)
(0.44 0.0144 0.001)
(0.46 0.0144 0.001)
(0.48 0.0144 0.001)
(0.5 0.0144 0.001)
(0.52 0.0144 0.001)
(0.54 0.0144 0.001)
(0.56 0.0144 0.001)
(0.58 0.0144 0.001)
(0.6 0.0144 0.001)
(0.62 0.0144 0.001)
(0.64 0.0144 0.001)
(0.66 0.0144 0.001)
(0.68 0.0144 0.001)
(0.7 0.0144 0.001)
(0.72 0.0144 0.001)
(0.74 0.0144 0.001)
(0.76 0.0144 0.001)
(0.78 0.0144 0.001)
(0.8 0.0144 0.001)
(0.82 0.0144 0.001)
(0.84 0.0144 0.001)
(0.86 0.0144 0.001)
(0.88 0.0144 0.001)
(0.9 0.0144 0.001)
(0.92 0.0144 0.001)
(0.94 0.0144 0.001)
(0.96 0.0144 0.001)
(0.98 0.0144 0.001)
(1 0.0144 0.001)
(1.02 0.0144 0.001)
(1.04 0.0144 0.001)
(1.06 0.0144 0.001)
(1.08 0.0144 0.001)
(1.1 0.0144 0.001)
(1.12 0.0144 0.001)
(1.14 0.0144 0.001)
(1.16 0.0144 0.001)
(1.18 0.0144 0.001)
(1.2 0.0144 0.001)
(1.22 0.0144 0.001)
(1.24 0.0144 0.001)
(1.26 0.0144 0.001)
(1.28 0.0144 0.001)
(1.3 0.0144 0.001)
(1.32 0.0144 0.001)
(1.34 0.0144 0.001)
(1.36 0.0144 0.001)
(1.38 0.0144 0.001)
(1.4 0.0144 0.001)
(1.42 0.0144 0.001)
(1.44 0.0144 0.001)
(1.46 0.0144 0.001)
(1.48 0.0144 0.001)
(1.5 0.0144 0.001)
(1.52 0.0144 0.001)
(1.54 0.0144 0.001)
(1.56 0.0144 0.001)
(1.58 0.0144 0.001)
(1.6 0.0144 0.001)
(1.62 0.0144 0.001)
(1.64 0.0144 0.001)
(1.66 0.0144 0.001)
(1.68 0.0144 0.001)
(1.7 0.0144 0.001)
(1.72 0.0144 0.001)
(1.74 0.0144 0.001)
(1.76 0.0144 0.001)
(1.78 0.0144 0.001)
(1.8 0.0144 0.001)
(1.82 0.0144 0.001)
(1.84 0.0144 0.001)
(1.86 0.0144 0.001)
(1.88 0.0144 0.001)
(1.9 0.0144 0.001)
(1.92 0.0144 0.001)
(1.94 0.0144 0.001)
(1.96 0.0144 0.001)
(1.98 0.0144 0.001)
(2 0.0144 0.001)
(0 0.015 0.001)
(0.02 0.015 0.001)
(0.04 0.015 0.001)
(0.06 0.015 0.001)
(0.08 0.015 0.001)
(0.1 0.015 0.001)
(0.12 0.015 0.001)
(0.14 0.015 0.001)
(0.16 0.015 0.001)
(0.18 0.015 0.001)
(0.2 0.015 0.001)
(0.22 0.015 0.001)
(0.24 0.015 0.001)
(0.26 0.015 0.001)
(0.28 0.015 0.001)
(0.3 0.015 0.001)
(0.32 0.015 0.001)
(0.34 0.015 0.001)
(0.36 0.015 0.001)
(0.38 0.015 0.001)
(0.4 0.015 0.001)
(0.42 0.015 0.001)
(0.44 0.015 0.001)
(0.46 0.015 0.001)
(0.48 0.015 0.001)
(0.5 0.015 0.001)
(0.52 0.015 0.001)
(0.54 0.015 0.001)
(0.56 0.015 0.001)
(0.58 0.015 0.001)
(0.6 0.015 0.001)
(0.62 0.015 0.001)
(0.64 0.015 0.001)
(0.66 0.015 0.001)
(0.68 0.015 0.001)
(0.7 0.015 0.001)
(0.72 0.015 0.001)
(0.74 0.015 0.001)
(0.76 0.015 0.001)
(0.78 0.015 0.001)
(0.8 0.015 0.001)
(0.82 0.015 0.001)
(0.84 0.015 0.001)
(0.86 0.015 0.001)
(0.88 0.015 0.001)
(0.9 0.015 0.001)
(0.92 0.015 0.001)
(0.94 0.015 0.001)
(0.96 0.015 0.001)
(0.98 0.015 0.001)
(1 0.015 0.001)
(1.02 0.015 0.001)
(1.04 0.015 0.001)
(1.06 0.015 0.001)
(1.08 0.015 0.001)
(1.1 0.015 0.001)
(1.12 0.015 0.001)
(1.14 0.015 0.001)
(1.16 0.015 0.001)
(1.18 0.015 0.001)
(1.2 0.015 0.001)
(1.22 0.015 0.001)
(1.24 0.015 0.001)
(1.26 0.015 0.001)
(1.28 0.015 0.001)
(1.3 0.015 0.001)
(1.32 0.015 0.001)
(1.34 0.015 0.001)
(1.36 0.015 0.001)
(1.38 0.015 0.001)
(1.4 0.015 0.001)
(1.42 0.015 0.001)
(1.44 0.015 0.001)
(1.46 0.015 0.001)
(1.48 0.015 0.001)
(1.5 0.015 0.001)
(1.52 0.015 0.001)
(1.54 0.015 0.001)
(1.56 0.015 0.001)
(1.58 0.015 0.001)
(1.6 0.015 0.001)
(1.62 0.015 0.001)
(1.64 0.015 0.001)
(1.66 0.015 0.001)
(1.68 0.015 0.001)
(1.7 0.015 0.001)
(1.72 0.015 0.001)
(1.74 0.015 0.001)
(1.76 0.015 0.001)
(1.78 0.015 0.001)
(1.8 0.015 0.001)
(1.82 0.015 0.001)
(1.84 0.015 0.001)
(1.86 0.015 0.001)
(1.88 0.015 0.001)
(1.9 0.015 0.001)
(1.92 0.015 0.001)
(1.94 0.015 0.001)
(1.96 0.015 0.001)
(1.98 0.015 0.001)
(2 0.015 0.001)
)


// ************************************************************************* //
