/*--------------------------------*- C++ -*----------------------------------*\
  =========                 |
  \\      /  F ield         | OpenFOAM: The Open Source CFD Toolbox
   \\    /   O peration     | Website:  https://openfoam.org
    \\  /    A nd           | Version:  11
     \\/     M anipulation  |
\*---------------------------------------------------------------------------*/
FoamFile
{
    format      ascii;
    class       surfaceScalarField;
    location    "100";
    object      phi;
}
// * * * * * * * * * * * * * * * * * * * * * * * * * * * * * * * * * * * * * //

dimensions      [0 3 -1 0 0 0 0];

internalField   nonuniform List<scalar> 
9850
(
3.1885e-06
4.62846e-10
3.18806e-06
4.31813e-10
3.18775e-06
3.1589e-10
3.18746e-06
2.9262e-10
3.18714e-06
3.14072e-10
3.18681e-06
3.36375e-10
3.18646e-06
3.47825e-10
3.18611e-06
3.4424e-10
3.18579e-06
3.21944e-10
3.18551e-06
2.83059e-10
3.18528e-06
2.28635e-10
3.18511e-06
1.64997e-10
3.18502e-06
9.51023e-11
3.18499e-06
2.74117e-11
3.18503e-06
-3.50215e-11
3.18511e-06
-8.80868e-11
3.18525e-06
-1.31214e-10
3.18541e-06
-1.62242e-10
3.18559e-06
-1.82487e-10
3.18578e-06
-1.92231e-10
3.18598e-06
-1.94247e-10
3.18617e-06
-1.89635e-10
3.18635e-06
-1.81917e-10
3.18652e-06
-1.71946e-10
3.18668e-06
-1.62123e-10
3.18684e-06
-1.52425e-10
3.18698e-06
-1.43327e-10
3.18711e-06
-1.3424e-10
3.18724e-06
-1.24774e-10
3.18735e-06
-1.14926e-10
3.18746e-06
-1.04813e-10
3.18755e-06
-9.51588e-11
3.18764e-06
-8.61147e-11
3.18772e-06
-7.80405e-11
3.18779e-06
-7.02959e-11
3.18785e-06
-6.26676e-11
3.1879e-06
-5.43864e-11
3.18795e-06
-4.56775e-11
3.18799e-06
-3.69315e-11
3.18802e-06
-2.90125e-11
3.18804e-06
-2.38622e-11
3.18806e-06
-2.19289e-11
3.18809e-06
-2.5555e-11
3.18812e-06
-3.3963e-11
3.18817e-06
-4.82548e-11
3.18824e-06
-6.57646e-11
3.18832e-06
-8.65769e-11
3.18843e-06
-1.06261e-10
3.18855e-06
-1.24941e-10
3.18869e-06
-1.3885e-10
3.18884e-06
-1.47815e-10
3.18899e-06
-1.50194e-10
3.18914e-06
-1.46635e-10
3.18927e-06
-1.37868e-10
3.1894e-06
-1.23968e-10
3.18951e-06
-1.07872e-10
3.1896e-06
-8.86255e-11
3.18967e-06
-7.01845e-11
3.18972e-06
-5.04164e-11
3.18975e-06
-3.26022e-11
3.18976e-06
-1.54946e-11
3.18976e-06
-5.52208e-13
3.18975e-06
1.2363e-11
3.18973e-06
2.2199e-11
3.1897e-06
3.07316e-11
3.18966e-06
3.5969e-11
3.18962e-06
4.05966e-11
3.18958e-06
4.22694e-11
3.18954e-06
4.3619e-11
3.18949e-06
4.26675e-11
3.18945e-06
4.15564e-11
3.18941e-06
3.91783e-11
3.18938e-06
3.65449e-11
3.18934e-06
3.33828e-11
3.18931e-06
3.01183e-11
3.18929e-06
2.66937e-11
3.18926e-06
2.34342e-11
3.18924e-06
2.02276e-11
3.18923e-06
1.73297e-11
3.18921e-06
1.45861e-11
3.1892e-06
1.22139e-11
3.18919e-06
1.00234e-11
3.18918e-06
8.20975e-12
3.18917e-06
6.56203e-12
3.18917e-06
5.25868e-12
3.18916e-06
4.08237e-12
3.18916e-06
3.19952e-12
3.18916e-06
2.39479e-12
3.18916e-06
1.83763e-12
3.18916e-06
1.31282e-12
3.18915e-06
9.8297e-13
3.18915e-06
6.65067e-13
3.18915e-06
4.49263e-13
3.18915e-06
3.55906e-13
3.18915e-06
9.89374e-15
3.18915e-06
5.58665e-13
3.18915e-06
-1.39611e-12
3.18915e-06
5.48466e-12
3.18914e-06
3.46347e-12
1.85908e-10
3.92282e-06
9.16621e-10
3.92239e-06
8.66585e-10
3.92206e-06
6.40522e-10
3.92176e-06
5.90677e-10
3.92145e-06
6.27508e-10
3.92111e-06
6.72593e-10
3.92076e-06
6.97724e-10
3.92042e-06
6.92328e-10
3.92009e-06
6.49953e-10
3.9198e-06
5.74108e-10
3.91956e-06
4.67104e-10
3.91938e-06
3.40611e-10
3.91928e-06
2.01536e-10
3.91924e-06
6.54584e-11
3.91926e-06
-6.07403e-11
3.91934e-06
-1.68548e-10
3.91947e-06
-2.56347e-10
3.91963e-06
-3.20319e-10
3.91981e-06
-3.62548e-10
3.92e-06
-3.83737e-10
3.92019e-06
-3.88975e-10
3.92039e-06
-3.80825e-10
3.92057e-06
-3.65893e-10
3.92074e-06
-3.46418e-10
3.92091e-06
-3.26973e-10
3.92106e-06
-3.07845e-10
3.92121e-06
-2.89829e-10
3.92135e-06
-2.71733e-10
3.92148e-06
-2.52725e-10
3.92159e-06
-2.32777e-10
3.9217e-06
-2.12296e-10
3.9218e-06
-1.9277e-10
3.92189e-06
-1.747e-10
3.92197e-06
-1.58671e-10
3.92204e-06
-1.43382e-10
3.92211e-06
-1.28068e-10
3.92216e-06
-1.11111e-10
3.92221e-06
-9.27521e-11
3.92225e-06
-7.38413e-11
3.92227e-06
-5.63689e-11
3.92229e-06
-4.42095e-11
3.92231e-06
-3.89102e-11
3.92233e-06
-4.49032e-11
3.92236e-06
-6.13393e-11
3.9224e-06
-9.00146e-11
3.92246e-06
-1.26208e-10
3.92254e-06
-1.69284e-10
3.92265e-06
-2.11067e-10
3.92277e-06
-2.50677e-10
3.92292e-06
-2.80949e-10
3.92307e-06
-3.00892e-10
3.92323e-06
-3.07444e-10
3.92338e-06
-3.01577e-10
3.92353e-06
-2.84623e-10
3.92366e-06
-2.57177e-10
3.92378e-06
-2.24478e-10
3.92388e-06
-1.85566e-10
3.92395e-06
-1.47348e-10
3.92401e-06
-1.06847e-10
3.92405e-06
-6.98049e-11
3.92406e-06
-3.45642e-11
3.92407e-06
-3.80136e-12
3.92406e-06
2.29206e-11
3.92404e-06
4.37496e-11
3.92401e-06
6.15029e-11
3.92397e-06
7.29758e-11
3.92393e-06
8.25703e-11
3.92388e-06
8.65556e-11
3.92384e-06
8.93301e-11
3.92379e-06
8.77739e-11
3.92375e-06
8.54707e-11
3.92371e-06
8.07016e-11
3.92367e-06
7.52472e-11
3.92363e-06
6.87466e-11
3.9236e-06
6.19838e-11
3.92357e-06
5.49344e-11
3.92355e-06
4.81731e-11
3.92353e-06
4.1566e-11
3.92351e-06
3.55508e-11
3.92349e-06
2.99061e-11
3.92348e-06
2.49851e-11
3.92347e-06
2.04927e-11
3.92346e-06
1.67343e-11
3.92345e-06
1.33684e-11
3.92345e-06
1.06702e-11
3.92344e-06
8.27897e-12
3.92344e-06
6.45456e-12
3.92344e-06
4.83162e-12
3.92344e-06
3.67827e-12
3.92343e-06
2.62819e-12
3.92343e-06
1.94774e-12
3.92343e-06
1.30837e-12
3.92343e-06
8.93631e-13
3.92343e-06
6.57534e-13
3.92343e-06
3.17606e-14
3.92343e-06
1.18312e-12
3.92343e-06
-3.58621e-12
3.92342e-06
1.45025e-11
3.92344e-06
-9.32009e-12
3.48935e-10
4.35515e-06
1.3535e-09
4.35477e-06
1.24653e-09
4.35448e-06
9.39217e-10
4.35419e-06
8.78745e-10
4.35388e-06
9.34323e-10
4.35355e-06
1.00287e-09
4.3532e-06
1.04314e-09
4.35286e-06
1.03879e-09
4.35253e-06
9.80821e-10
4.35223e-06
8.73368e-10
4.35198e-06
7.19628e-10
4.35178e-06
5.35453e-10
4.35165e-06
3.31394e-10
4.35159e-06
1.2892e-10
4.35159e-06
-6.10687e-11
4.35164e-06
-2.25467e-10
4.35175e-06
-3.60878e-10
4.35189e-06
-4.61657e-10
4.35206e-06
-5.29987e-10
4.35224e-06
-5.66745e-10
4.35243e-06
-5.7883e-10
4.35262e-06
-5.70344e-10
4.3528e-06
-5.50719e-10
4.35298e-06
-5.23869e-10
4.35315e-06
-4.96396e-10
4.35331e-06
-4.69033e-10
4.35347e-06
-4.4277e-10
4.35361e-06
-4.15852e-10
4.35374e-06
-3.8708e-10
4.35387e-06
-3.56539e-10
4.35398e-06
-3.25105e-10
4.35408e-06
-2.95073e-10
4.35418e-06
-2.67301e-10
4.35426e-06
-2.42428e-10
4.35433e-06
-2.18431e-10
4.3544e-06
-1.9391e-10
4.35446e-06
-1.66585e-10
4.3545e-06
-1.36916e-10
4.35453e-06
-1.06547e-10
4.35456e-06
-7.89085e-11
4.35457e-06
-5.98898e-11
4.35458e-06
-5.23826e-11
4.3546e-06
-6.26115e-11
4.35463e-06
-8.97446e-11
4.35468e-06
-1.3575e-10
4.35474e-06
-1.93849e-10
4.35484e-06
-2.61971e-10
4.35495e-06
-3.28324e-10
4.35509e-06
-3.90288e-10
4.35525e-06
-4.37521e-10
4.35542e-06
-4.6797e-10
4.35559e-06
-4.77437e-10
4.35575e-06
-4.67298e-10
4.35591e-06
-4.39693e-10
4.35605e-06
-3.96156e-10
4.35617e-06
-3.4412e-10
4.35626e-06
-2.83206e-10
4.35634e-06
-2.22851e-10
4.35639e-06
-1.59944e-10
4.35643e-06
-1.02217e-10
4.35644e-06
-4.79598e-11
4.35644e-06
-7.34712e-13
4.35642e-06
4.00133e-11
4.35639e-06
7.19585e-11
4.35635e-06
9.86084e-11
4.35631e-06
1.16034e-10
4.35626e-06
1.29914e-10
4.35621e-06
1.35677e-10
4.35616e-06
1.39067e-10
4.35612e-06
1.36296e-10
4.35607e-06
1.32053e-10
4.35603e-06
1.24297e-10
4.35599e-06
1.15432e-10
4.35595e-06
1.05114e-10
4.35592e-06
9.44394e-11
4.35589e-06
8.34449e-11
4.35586e-06
7.29261e-11
4.35584e-06
6.27359e-11
4.35582e-06
5.34717e-11
4.35581e-06
4.48472e-11
4.3558e-06
3.73317e-11
4.35579e-06
3.05269e-11
4.35578e-06
2.48281e-11
4.35577e-06
1.97736e-11
4.35577e-06
1.57077e-11
4.35576e-06
1.2149e-11
4.35576e-06
9.41593e-12
4.35576e-06
7.0253e-12
4.35576e-06
5.30559e-12
4.35576e-06
3.77462e-12
4.35575e-06
2.7683e-12
4.35575e-06
1.83876e-12
4.35575e-06
1.2512e-12
4.35575e-06
8.78749e-13
4.35575e-06
8.76151e-15
4.35575e-06
1.7951e-12
4.35576e-06
-6.05643e-12
4.35575e-06
2.44353e-11
4.35577e-06
-2.96884e-11
5.24092e-10
4.65577e-06
1.76185e-09
4.65544e-06
1.57434e-09
4.65517e-06
1.21023e-09
4.65489e-06
1.15448e-09
4.65459e-06
1.23258e-09
4.65427e-06
1.32395e-09
4.65394e-06
1.37863e-09
4.6536e-06
1.3762e-09
4.65327e-06
1.30566e-09
4.65298e-06
1.17131e-09
4.65272e-06
9.76773e-10
4.65251e-06
7.41065e-10
4.65237e-06
4.77692e-10
4.65228e-06
2.12858e-10
4.65226e-06
-3.87898e-11
4.6523e-06
-2.59548e-10
4.65238e-06
-4.4378e-10
4.6525e-06
-5.83737e-10
4.65265e-06
-6.81176e-10
4.65282e-06
-7.36833e-10
4.653e-06
-7.59021e-10
4.65319e-06
-7.53311e-10
4.65337e-06
-7.3175e-10
4.65354e-06
-7.00003e-10
4.65371e-06
-6.66538e-10
4.65388e-06
-6.32527e-10
4.65403e-06
-5.99033e-10
4.65418e-06
-5.63759e-10
4.65432e-06
-5.25231e-10
4.65445e-06
-4.83782e-10
4.65456e-06
-4.40905e-10
4.65467e-06
-3.99718e-10
4.65476e-06
-3.61426e-10
4.65484e-06
-3.26616e-10
4.65492e-06
-2.92569e-10
4.65498e-06
-2.57319e-10
4.65503e-06
-2.18195e-10
4.65507e-06
-1.76138e-10
4.6551e-06
-1.33876e-10
4.65512e-06
-9.64614e-11
4.65513e-06
-7.17936e-11
4.65514e-06
-6.41247e-11
4.65516e-06
-8.11758e-11
4.65519e-06
-1.22001e-10
4.65524e-06
-1.88309e-10
4.65532e-06
-2.7108e-10
4.65543e-06
-3.66332e-10
4.65556e-06
-4.5862e-10
4.65571e-06
-5.43207e-10
4.65588e-06
-6.06735e-10
4.65606e-06
-6.46095e-10
4.65624e-06
-6.56235e-10
4.65641e-06
-6.39144e-10
4.65657e-06
-5.98016e-10
4.65671e-06
-5.35664e-10
4.65682e-06
-4.61735e-10
4.65692e-06
-3.76767e-10
4.65699e-06
-2.92523e-10
4.65703e-06
-2.06092e-10
4.65706e-06
-1.26964e-10
4.65706e-06
-5.34054e-11
4.65705e-06
1.02103e-11
4.65703e-06
6.46489e-11
4.65699e-06
1.07185e-10
4.65695e-06
1.41962e-10
4.6569e-06
1.64578e-10
4.65685e-06
1.81791e-10
4.6568e-06
1.88502e-10
4.65674e-06
1.91596e-10
4.65669e-06
1.86874e-10
4.65664e-06
1.79959e-10
4.6566e-06
1.68638e-10
4.65656e-06
1.55861e-10
4.65652e-06
1.41347e-10
4.65649e-06
1.26465e-10
4.65646e-06
1.11333e-10
4.65644e-06
9.69178e-11
4.65642e-06
8.30885e-11
4.6564e-06
7.05448e-11
4.65639e-06
5.89708e-11
4.65638e-06
4.88932e-11
4.65637e-06
3.98504e-11
4.65636e-06
3.22729e-11
4.65635e-06
2.56158e-11
4.65635e-06
2.02508e-11
4.65635e-06
1.5604e-11
4.65634e-06
1.20247e-11
4.65634e-06
8.9328e-12
4.65634e-06
6.69563e-12
4.65634e-06
4.7353e-12
4.65634e-06
3.43776e-12
4.65634e-06
2.25478e-12
4.65634e-06
1.52068e-12
4.65634e-06
1.02793e-12
4.65634e-06
-5.57409e-14
4.65634e-06
2.36342e-12
4.65634e-06
-8.58516e-12
4.65633e-06
3.43333e-11
4.65635e-06
-5.29736e-11
7.01615e-10
4.88971e-06
2.12423e-09
4.88942e-06
1.86273e-09
4.88916e-06
1.46538e-09
4.88889e-06
1.42341e-09
4.8886e-06
1.52369e-09
4.88829e-06
1.63427e-09
4.88797e-06
1.69985e-09
4.88765e-06
1.69766e-09
4.88734e-06
1.61538e-09
4.88705e-06
1.45723e-09
4.8868e-06
1.22697e-09
4.8866e-06
9.45826e-10
4.88645e-06
6.29559e-10
4.88635e-06
3.07939e-10
4.88632e-06
-1.12135e-12
4.88633e-06
-2.75708e-10
4.8864e-06
-5.07664e-10
4.8865e-06
-6.87027e-10
4.88663e-06
-8.14719e-10
4.88679e-06
-8.91135e-10
4.88695e-06
-9.25636e-10
4.88713e-06
-9.25178e-10
4.8873e-06
-9.04146e-10
4.88747e-06
-8.69937e-10
4.88763e-06
-8.32635e-10
4.88779e-06
-7.93771e-10
4.88795e-06
-7.54323e-10
4.8881e-06
-7.11446e-10
4.88824e-06
-6.63451e-10
4.88836e-06
-6.11022e-10
4.88848e-06
-5.56373e-10
4.88858e-06
-5.03479e-10
4.88867e-06
-4.53905e-10
4.88876e-06
-4.08171e-10
4.88883e-06
-3.62955e-10
4.88889e-06
-3.15862e-10
4.88893e-06
-2.64081e-10
4.88896e-06
-2.09238e-10
4.88899e-06
-1.55316e-10
4.889e-06
-1.09056e-10
4.88901e-06
-8.02726e-11
4.88902e-06
-7.45323e-11
4.88904e-06
-1.00753e-10
4.88907e-06
-1.57777e-10
4.88913e-06
-2.46667e-10
4.88922e-06
-3.56073e-10
4.88933e-06
-4.79684e-10
4.88947e-06
-5.98481e-10
4.88963e-06
-7.05299e-10
4.88981e-06
-7.84021e-10
4.88999e-06
-8.30498e-10
4.89018e-06
-8.39125e-10
4.89035e-06
-8.12698e-10
4.89051e-06
-7.55675e-10
4.89064e-06
-6.72419e-10
4.89076e-06
-5.74758e-10
4.89084e-06
-4.64435e-10
4.89091e-06
-3.5529e-10
4.89095e-06
-2.44912e-10
4.89096e-06
-1.44214e-10
4.89096e-06
-5.16028e-11
4.89094e-06
2.80028e-11
4.89091e-06
9.54543e-11
4.89087e-06
1.47872e-10
4.89082e-06
1.89873e-10
4.89077e-06
2.1687e-10
4.89072e-06
2.36492e-10
4.89066e-06
2.43404e-10
4.89061e-06
2.45413e-10
4.89056e-06
2.38154e-10
4.89051e-06
2.27997e-10
4.89047e-06
2.12705e-10
4.89043e-06
1.95679e-10
4.89039e-06
1.76744e-10
4.89036e-06
1.57505e-10
4.89033e-06
1.38161e-10
4.89031e-06
1.19827e-10
4.89029e-06
1.02381e-10
4.89027e-06
8.66133e-11
4.89026e-06
7.21644e-11
4.89025e-06
5.96155e-11
4.89024e-06
4.84287e-11
4.89023e-06
3.90685e-11
4.89023e-06
3.09027e-11
4.89023e-06
2.43227e-11
4.89022e-06
1.86705e-11
4.89022e-06
1.43104e-11
4.89022e-06
1.05833e-11
4.89022e-06
7.87587e-12
4.89022e-06
5.53509e-12
4.89022e-06
3.97835e-12
4.89022e-06
2.5749e-12
4.89022e-06
1.71651e-12
4.89022e-06
1.1196e-12
4.89022e-06
-1.51213e-13
4.89021e-06
2.87857e-12
4.89022e-06
-1.10589e-11
4.89021e-06
4.37219e-11
4.89023e-06
-7.57759e-11
8.62637e-10
5.08576e-06
2.42342e-09
5.08549e-06
2.1341e-09
5.08524e-06
1.72133e-09
5.08497e-06
1.69283e-09
5.08468e-06
1.80937e-09
5.08438e-06
1.93201e-09
5.08408e-06
2.00227e-09
5.08378e-06
1.99624e-09
5.0835e-06
1.90094e-09
5.08323e-06
1.72056e-09
5.083e-06
1.45867e-09
5.08281e-06
1.13798e-09
5.08266e-06
7.7572e-10
5.08257e-06
4.04217e-10
5.08252e-06
4.38623e-11
5.08253e-06
-2.7974e-10
5.08257e-06
-5.56004e-10
5.08266e-06
-7.7275e-10
5.08278e-06
-9.29902e-10
5.08291e-06
-1.02734e-09
5.08306e-06
-1.07522e-09
5.08322e-06
-1.0817e-09
5.08338e-06
-1.06325e-09
5.08354e-06
-1.02882e-09
5.08369e-06
-9.89855e-10
5.08385e-06
-9.4807e-10
5.084e-06
-9.04181e-10
5.08414e-06
-8.54741e-10
5.08427e-06
-7.97857e-10
5.0844e-06
-7.34629e-10
5.08451e-06
-6.68082e-10
5.08461e-06
-6.03095e-10
5.0847e-06
-5.41663e-10
5.08477e-06
-4.84291e-10
5.08484e-06
-4.27182e-10
5.08489e-06
-3.6765e-10
5.08493e-06
-3.02915e-10
5.08495e-06
-2.35398e-10
5.08497e-06
-1.70388e-10
5.08498e-06
-1.16288e-10
5.08498e-06
-8.47255e-11
5.08499e-06
-8.25048e-11
5.08501e-06
-1.19578e-10
5.08504e-06
-1.94474e-10
5.08511e-06
-3.07423e-10
5.08519e-06
-4.44629e-10
5.08531e-06
-5.97275e-10
5.08546e-06
-7.42738e-10
5.08562e-06
-8.71338e-10
5.0858e-06
-9.64316e-10
5.08599e-06
-1.01659e-09
5.08617e-06
-1.02217e-09
5.08634e-06
-9.84846e-10
5.0865e-06
-9.10468e-10
5.08663e-06
-8.05104e-10
5.08674e-06
-6.8278e-10
5.08682e-06
-5.46535e-10
5.08688e-06
-4.12191e-10
5.08691e-06
-2.779e-10
5.08692e-06
-1.55896e-10
5.08692e-06
-4.46608e-11
5.08689e-06
5.03429e-11
5.08686e-06
1.30169e-10
5.08681e-06
1.91763e-10
5.08676e-06
2.40259e-10
5.08671e-06
2.70964e-10
5.08665e-06
2.92321e-10
5.0866e-06
2.98874e-10
5.08655e-06
2.9928e-10
5.08649e-06
2.89092e-10
5.08645e-06
2.75362e-10
5.0864e-06
2.55871e-10
5.08636e-06
2.34437e-10
5.08633e-06
2.10996e-10
5.0863e-06
1.87366e-10
5.08628e-06
1.6383e-10
5.08625e-06
1.41621e-10
5.08624e-06
1.20639e-10
5.08622e-06
1.0173e-10
5.08621e-06
8.45131e-11
5.0862e-06
6.95855e-11
5.08619e-06
5.63627e-11
5.08618e-06
4.53071e-11
5.08618e-06
3.57255e-11
5.08618e-06
2.80046e-11
5.08617e-06
2.14193e-11
5.08617e-06
1.63363e-11
5.08617e-06
1.20273e-11
5.08617e-06
8.8911e-12
5.08617e-06
6.20748e-12
5.08617e-06
4.41866e-12
5.08617e-06
2.82042e-12
5.08617e-06
1.85554e-12
5.08617e-06
1.16665e-12
5.08617e-06
-2.68194e-13
5.08617e-06
3.34043e-12
5.08617e-06
-1.34395e-11
5.08616e-06
5.24605e-11
5.08618e-06
-9.64418e-11
9.8032e-10
5.25956e-06
2.68057e-09
5.25932e-06
2.37774e-09
5.25908e-06
1.95777e-09
5.25883e-06
1.9407e-09
5.25858e-06
2.06737e-09
5.25831e-06
2.19503e-09
5.25805e-06
2.26421e-09
5.2578e-06
2.25141e-09
5.25755e-06
2.14393e-09
5.25733e-06
1.94587e-09
5.25713e-06
1.66029e-09
5.25695e-06
1.31026e-09
5.25682e-06
9.13419e-10
5.25672e-06
5.03237e-10
5.25666e-06
1.01504e-10
5.25664e-06
-2.63476e-10
5.25667e-06
-5.78818e-10
5.25672e-06
-8.30124e-10
5.25681e-06
-1.01593e-09
5.25692e-06
-1.13528e-09
5.25704e-06
-1.19863e-09
5.25717e-06
-1.21501e-09
5.25731e-06
-1.2025e-09
5.25746e-06
-1.17135e-09
5.2576e-06
-1.134e-09
5.25774e-06
-1.09216e-09
5.25789e-06
-1.04607e-09
5.25802e-06
-9.91608e-10
5.25815e-06
-9.26679e-10
5.25827e-06
-8.52861e-10
5.25838e-06
-7.74102e-10
5.25847e-06
-6.96323e-10
5.25855e-06
-6.22141e-10
5.25862e-06
-5.52248e-10
5.25867e-06
-4.82621e-10
5.25872e-06
-4.10439e-10
5.25875e-06
-3.33068e-10
5.25876e-06
-2.53669e-10
5.25877e-06
-1.78714e-10
5.25877e-06
-1.18091e-10
5.25878e-06
-8.5051e-11
5.25878e-06
-8.75831e-11
5.2588e-06
-1.36543e-10
5.25883e-06
-2.30192e-10
5.25889e-06
-3.67791e-10
5.25898e-06
-5.33154e-10
5.2591e-06
-7.1476e-10
5.25924e-06
-8.86515e-10
5.25941e-06
-1.03608e-09
5.25959e-06
-1.14229e-09
5.25977e-06
-1.19916e-09
5.25995e-06
-1.20056e-09
5.26011e-06
-1.15134e-09
5.26026e-06
-1.05886e-09
5.26039e-06
-9.30999e-10
5.26049e-06
-7.83884e-10
5.26056e-06
-6.2197e-10
5.26061e-06
-4.62826e-10
5.26064e-06
-3.05318e-10
5.26065e-06
-1.62733e-10
5.26064e-06
-3.37514e-11
5.26061e-06
7.58256e-11
5.26058e-06
1.67132e-10
5.26053e-06
2.3713e-10
5.26048e-06
2.91329e-10
5.26043e-06
3.25121e-10
5.26037e-06
3.47605e-10
5.26032e-06
3.53383e-10
5.26026e-06
3.51794e-10
5.26021e-06
3.38461e-10
5.26017e-06
3.20972e-10
5.26013e-06
2.97219e-10
5.26009e-06
2.71359e-10
5.26006e-06
2.43464e-10
5.26003e-06
2.15531e-10
5.26e-06
1.87924e-10
5.25998e-06
1.6198e-10
5.25997e-06
1.37609e-10
5.25995e-06
1.15712e-10
5.25994e-06
9.58726e-11
5.25993e-06
7.87094e-11
5.25993e-06
6.35772e-11
5.25992e-06
5.09448e-11
5.25992e-06
4.00508e-11
5.25991e-06
3.12783e-11
5.25991e-06
2.38399e-11
5.25991e-06
1.80966e-11
5.25991e-06
1.3264e-11
5.25991e-06
9.74051e-12
5.25991e-06
6.75441e-12
5.25991e-06
4.75967e-12
5.25991e-06
2.99284e-12
5.25991e-06
1.93833e-12
5.25991e-06
1.16788e-12
5.25991e-06
-3.95461e-13
5.2599e-06
3.70079e-12
5.25991e-06
-1.55448e-11
5.2599e-06
6.00758e-11
5.25992e-06
-1.14579e-10
1.07806e-09
5.42109e-06
2.92616e-09
5.42088e-06
2.58497e-09
5.42069e-06
2.15141e-09
5.42049e-06
2.14037e-09
5.42029e-06
2.27087e-09
5.42009e-06
2.39729e-09
5.41989e-06
2.46106e-09
5.4197e-06
2.44067e-09
5.41952e-06
2.32457e-09
5.41935e-06
2.11692e-09
5.41919e-06
1.81964e-09
5.41904e-06
1.45498e-09
5.41892e-06
1.03948e-09
5.41881e-06
6.06227e-10
5.41874e-06
1.76909e-10
5.41869e-06
-2.18688e-10
5.41868e-06
-5.65855e-10
5.4187e-06
-8.4786e-10
5.41874e-06
-1.06142e-09
5.41881e-06
-1.20413e-09
5.4189e-06
-1.28609e-09
5.419e-06
-1.31658e-09
5.41912e-06
-1.31472e-09
5.41924e-06
-1.29163e-09
5.41936e-06
-1.26035e-09
5.41949e-06
-1.2223e-09
5.41962e-06
-1.17706e-09
5.41975e-06
-1.11972e-09
5.41987e-06
-1.04795e-09
5.41998e-06
-9.63866e-10
5.42008e-06
-8.72501e-10
5.42017e-06
-7.81052e-10
5.42024e-06
-6.93087e-10
5.42029e-06
-6.09837e-10
5.42034e-06
-5.27351e-10
5.42037e-06
-4.42835e-10
5.42039e-06
-3.53757e-10
5.4204e-06
-2.63797e-10
5.4204e-06
-1.80286e-10
5.4204e-06
-1.14297e-10
5.4204e-06
-8.04975e-11
5.4204e-06
-8.80306e-11
5.42041e-06
-1.48727e-10
5.42044e-06
-2.60703e-10
5.42049e-06
-4.22374e-10
5.42058e-06
-6.15239e-10
5.42069e-06
-8.25107e-10
5.42082e-06
-1.02244e-09
5.42098e-06
-1.19228e-09
5.42115e-06
-1.31113e-09
5.42132e-06
-1.37218e-09
5.42149e-06
-1.36922e-09
5.42165e-06
-1.30827e-09
5.42179e-06
-1.19817e-09
5.4219e-06
-1.0486e-09
5.422e-06
-8.777e-10
5.42207e-06
-6.91289e-10
5.42211e-06
-5.08581e-10
5.42214e-06
-3.29086e-10
5.42214e-06
-1.67103e-10
5.42213e-06
-2.14271e-11
5.4221e-06
1.0174e-10
5.42206e-06
2.03711e-10
5.42202e-06
2.81399e-10
5.42197e-06
3.40739e-10
5.42192e-06
3.77191e-10
5.42187e-06
4.00486e-10
5.42181e-06
4.05294e-10
5.42176e-06
4.0161e-10
5.42172e-06
3.85124e-10
5.42167e-06
3.63935e-10
5.42164e-06
3.36036e-10
5.4216e-06
3.05906e-10
5.42157e-06
2.73744e-10
5.42155e-06
2.41707e-10
5.42152e-06
2.10242e-10
5.4215e-06
1.80766e-10
5.42149e-06
1.53214e-10
5.42148e-06
1.28511e-10
5.42147e-06
1.0623e-10
5.42146e-06
8.69823e-11
5.42145e-06
7.00879e-11
5.42145e-06
5.59957e-11
5.42144e-06
4.38994e-11
5.42144e-06
3.41626e-11
5.42144e-06
2.59483e-11
5.42144e-06
1.96068e-11
5.42143e-06
1.43031e-11
5.42143e-06
1.04339e-11
5.42143e-06
7.18e-12
5.42143e-06
5.00542e-12
5.42143e-06
3.09282e-12
5.42143e-06
1.96588e-12
5.42143e-06
1.11851e-12
5.42143e-06
-5.21942e-13
5.42143e-06
3.90851e-12
5.42143e-06
-1.72147e-11
5.42143e-06
6.62209e-11
5.42144e-06
-1.30905e-10
1.18468e-09
5.57632e-06
3.15938e-09
5.57613e-06
2.77243e-09
5.57597e-06
2.30977e-09
5.57582e-06
2.29e-09
5.57568e-06
2.41338e-09
5.57555e-06
2.53067e-09
5.57542e-06
2.58433e-09
5.57531e-06
2.55543e-09
5.5752e-06
2.43399e-09
5.57509e-06
2.22413e-09
5.57498e-06
1.9264e-09
5.57488e-06
1.56124e-09
5.57477e-06
1.143e-09
5.57468e-06
7.02947e-10
5.57459e-06
2.61374e-10
5.57453e-06
-1.51896e-10
5.57448e-06
-5.21047e-10
5.57446e-06
-8.27385e-10
5.57447e-06
-1.06555e-09
5.57449e-06
-1.23128e-09
5.57454e-06
-1.33363e-09
5.5746e-06
-1.38152e-09
5.57468e-06
-1.39444e-09
5.57478e-06
-1.38388e-09
5.57488e-06
-1.36304e-09
5.57499e-06
-1.33278e-09
5.5751e-06
-1.29176e-09
5.57522e-06
-1.23414e-09
5.57533e-06
-1.15727e-09
5.57543e-06
-1.06381e-09
5.57552e-06
-9.60016e-10
5.57559e-06
-8.54619e-10
5.57565e-06
-7.52507e-10
5.57569e-06
-6.55788e-10
5.57573e-06
-5.60845e-10
5.57575e-06
-4.64919e-10
5.57576e-06
-3.65408e-10
5.57576e-06
-2.6613e-10
5.57576e-06
-1.74884e-10
5.57575e-06
-1.03625e-10
5.57574e-06
-6.82982e-11
5.57573e-06
-7.93464e-11
5.57573e-06
-1.49769e-10
5.57575e-06
-2.77952e-10
5.57579e-06
-4.61707e-10
5.57585e-06
-6.80572e-10
5.57594e-06
-9.17711e-10
5.57606e-06
-1.14035e-09
5.5762e-06
-1.33077e-09
5.57635e-06
-1.46321e-09
5.57651e-06
-1.52991e-09
5.57666e-06
-1.52452e-09
5.57681e-06
-1.45407e-09
5.57694e-06
-1.32877e-09
5.57705e-06
-1.15998e-09
5.57714e-06
-9.67665e-10
5.57721e-06
-7.58987e-10
5.57726e-06
-5.54566e-10
5.57728e-06
-3.54691e-10
5.57729e-06
-1.74478e-10
5.57728e-06
-1.30208e-11
5.57726e-06
1.23201e-10
5.57723e-06
2.35484e-10
5.57719e-06
3.20803e-10
5.57714e-06
3.85322e-10
5.5771e-06
4.24676e-10
5.57705e-06
4.49031e-10
5.577e-06
4.53252e-10
5.57695e-06
4.47805e-10
5.57691e-06
4.28577e-10
5.57687e-06
4.04034e-10
5.57683e-06
3.72356e-10
5.5768e-06
3.38277e-10
5.57677e-06
3.02152e-10
5.57675e-06
2.66283e-10
5.57673e-06
2.31203e-10
5.57671e-06
1.98411e-10
5.57669e-06
1.67861e-10
5.57668e-06
1.40516e-10
5.57667e-06
1.15928e-10
5.57667e-06
9.47138e-11
5.57666e-06
7.61516e-11
5.57665e-06
6.06824e-11
5.57665e-06
4.74506e-11
5.57665e-06
3.68039e-11
5.57665e-06
2.78612e-11
5.57665e-06
2.09555e-11
5.57664e-06
1.52137e-11
5.57664e-06
1.10198e-11
5.57664e-06
7.52105e-12
5.57664e-06
5.17919e-12
5.57664e-06
3.13635e-12
5.57664e-06
1.94607e-12
5.57664e-06
1.02331e-12
5.57664e-06
-6.4702e-13
5.57664e-06
3.95801e-12
5.57664e-06
-1.8451e-11
5.57664e-06
7.09461e-11
5.57665e-06
-1.45736e-10
1.28909e-09
5.72837e-06
3.36241e-09
5.7282e-06
2.94316e-09
5.72806e-06
2.44183e-09
5.72796e-06
2.39548e-09
5.72787e-06
2.49763e-09
5.72781e-06
2.59671e-09
5.72776e-06
2.63545e-09
5.72772e-06
2.59681e-09
5.72768e-06
2.47207e-09
5.72764e-06
2.26526e-09
5.72759e-06
1.97543e-09
5.72753e-06
1.621e-09
5.72746e-06
1.21346e-09
5.72738e-06
7.81353e-10
5.7273e-06
3.42445e-10
5.72722e-06
-7.46416e-11
5.72715e-06
-4.54084e-10
5.7271e-06
-7.7587e-10
5.72707e-06
-1.0328e-09
5.72706e-06
-1.21859e-09
5.72706e-06
-1.3408e-09
5.72709e-06
-1.40742e-09
5.72713e-06
-1.43771e-09
5.72719e-06
-1.44302e-09
5.72727e-06
-1.43625e-09
5.72735e-06
-1.41742e-09
5.72744e-06
-1.384e-09
5.72754e-06
-1.32906e-09
5.72763e-06
-1.24944e-09
5.72771e-06
-1.1483e-09
5.72779e-06
-1.03315e-09
5.72785e-06
-9.14466e-10
5.72789e-06
-7.98756e-10
5.72793e-06
-6.89288e-10
5.72795e-06
-5.82937e-10
5.72796e-06
-4.76928e-10
5.72796e-06
-3.68315e-10
5.72796e-06
-2.60654e-10
5.72794e-06
-1.618e-10
5.72793e-06
-8.43272e-11
5.7279e-06
-4.53964e-11
5.72788e-06
-5.69387e-11
5.72786e-06
-1.33514e-10
5.72786e-06
-2.74263e-10
5.72788e-06
-4.76915e-10
5.72791e-06
-7.1944e-10
5.72798e-06
-9.82661e-10
5.72807e-06
-1.23066e-09
5.72818e-06
-1.44297e-09
5.72831e-06
-1.59139e-09
5.72845e-06
-1.66702e-09
5.72859e-06
-1.66309e-09
5.72872e-06
-1.58739e-09
5.72884e-06
-1.45119e-09
5.72895e-06
-1.2673e-09
5.72904e-06
-1.05729e-09
5.72911e-06
-8.29518e-10
5.72916e-06
-6.05944e-10
5.72919e-06
-3.87557e-10
5.72921e-06
-1.90367e-10
5.72921e-06
-1.37592e-11
5.7292e-06
1.35329e-10
5.72917e-06
2.58178e-10
5.72914e-06
3.51631e-10
5.72911e-06
4.22059e-10
5.72907e-06
4.65149e-10
5.72902e-06
4.91458e-10
5.72898e-06
4.95963e-10
5.72894e-06
4.89588e-10
5.7289e-06
4.68371e-10
5.72886e-06
4.41155e-10
5.72883e-06
4.06279e-10
5.7288e-06
3.68748e-10
5.72877e-06
3.2907e-10
5.72875e-06
2.897e-10
5.72873e-06
2.51275e-10
5.72871e-06
2.15371e-10
5.7287e-06
1.81992e-10
5.72869e-06
1.52124e-10
5.72868e-06
1.25328e-10
5.72867e-06
1.02211e-10
5.72866e-06
8.2038e-11
5.72866e-06
6.52242e-11
5.72865e-06
5.08866e-11
5.72865e-06
3.93473e-11
5.72865e-06
2.96906e-11
5.72865e-06
2.22309e-11
5.72865e-06
1.60586e-11
5.72865e-06
1.15465e-11
5.72865e-06
7.8079e-12
5.72865e-06
5.30324e-12
5.72865e-06
3.13504e-12
5.72865e-06
1.88618e-12
5.72865e-06
8.83668e-13
5.72865e-06
-7.72483e-13
5.72865e-06
3.84881e-12
5.72865e-06
-1.92622e-11
5.72865e-06
7.41415e-11
5.72866e-06
-1.57789e-10
1.37683e-09
5.87906e-06
3.51411e-09
5.87892e-06
3.08391e-09
5.87882e-06
2.54475e-09
5.87875e-06
2.45841e-09
5.87872e-06
2.52706e-09
5.87872e-06
2.6006e-09
5.87873e-06
2.6211e-09
5.87876e-06
2.57197e-09
5.87879e-06
2.44505e-09
5.87881e-06
2.24422e-09
5.87881e-06
1.96751e-09
5.8788e-06
1.63145e-09
5.87877e-06
1.24472e-09
5.87872e-06
8.32584e-10
5.87865e-06
4.09629e-10
5.87858e-06
2.09149e-12
5.8785e-06
-3.75218e-10
5.87842e-06
-7.01954e-10
5.87836e-06
-9.69581e-10
5.87831e-06
-1.17003e-09
5.87828e-06
-1.30915e-09
5.87827e-06
-1.39369e-09
5.87827e-06
-1.4421e-09
5.87829e-06
-1.46516e-09
5.87833e-06
-1.47504e-09
5.87839e-06
-1.47062e-09
5.87845e-06
-1.44798e-09
5.87852e-06
-1.39883e-09
5.87859e-06
-1.31935e-09
5.87865e-06
-1.213e-09
5.87871e-06
-1.08852e-09
5.87875e-06
-9.58173e-10
5.87878e-06
-8.3027e-10
5.8788e-06
-7.0945e-10
5.87882e-06
-5.93214e-10
5.87882e-06
-4.78691e-10
5.87881e-06
-3.62356e-10
5.8788e-06
-2.47098e-10
5.87878e-06
-1.40452e-10
5.87875e-06
-5.53477e-11
5.87871e-06
-1.0067e-11
5.87867e-06
-1.8237e-11
5.87864e-06
-9.63245e-11
5.87861e-06
-2.44865e-10
5.87859e-06
-4.62059e-10
5.8786e-06
-7.24971e-10
5.87863e-06
-1.01239e-09
5.87868e-06
-1.28563e-09
5.87876e-06
-1.52133e-09
5.87886e-06
-1.68885e-09
5.87897e-06
-1.77775e-09
5.87909e-06
-1.78051e-09
5.8792e-06
-1.70527e-09
5.87932e-06
-1.56396e-09
5.87942e-06
-1.37052e-09
5.87951e-06
-1.14777e-09
5.87959e-06
-9.05194e-10
5.87965e-06
-6.65796e-10
5.87969e-06
-4.31397e-10
5.87972e-06
-2.18756e-10
5.87973e-06
-2.77903e-11
5.87973e-06
1.34139e-10
5.87972e-06
2.68e-10
5.8797e-06
3.7051e-10
5.87968e-06
4.47972e-10
5.87965e-06
4.96143e-10
5.87961e-06
5.25728e-10
5.87958e-06
5.31879e-10
5.87954e-06
5.2578e-10
5.87951e-06
5.03722e-10
5.87947e-06
4.74784e-10
5.87944e-06
4.3755e-10
5.87941e-06
3.9724e-10
5.87939e-06
3.54561e-10
5.87936e-06
3.12119e-10
5.87935e-06
2.70675e-10
5.87933e-06
2.31904e-10
5.87931e-06
1.95866e-10
5.8793e-06
1.63596e-10
5.87929e-06
1.34666e-10
5.87929e-06
1.09696e-10
5.87928e-06
8.79329e-11
5.87928e-06
6.97857e-11
5.87927e-06
5.43413e-11
5.87927e-06
4.19025e-11
5.87927e-06
3.15251e-11
5.87927e-06
2.34993e-11
5.87927e-06
1.68904e-11
5.87927e-06
1.20494e-11
5.87927e-06
8.06805e-12
5.87927e-06
5.39329e-12
5.87927e-06
3.09994e-12
5.87927e-06
1.78955e-12
5.87927e-06
7.03057e-13
5.87927e-06
-9.03425e-13
5.87927e-06
3.57886e-12
5.87927e-06
-1.96239e-11
5.87926e-06
7.55403e-11
5.87927e-06
-1.65434e-10
1.43885e-09
6.02949e-06
3.59523e-09
6.0294e-06
3.17272e-09
6.02934e-06
2.60456e-09
6.02932e-06
2.47362e-09
6.02934e-06
2.50355e-09
6.0294e-06
2.5493e-09
6.02947e-06
2.55122e-09
6.02955e-06
2.49182e-09
6.02963e-06
2.36314e-09
6.0297e-06
2.16934e-09
6.02976e-06
1.90813e-09
6.0298e-06
1.59483e-09
6.02981e-06
1.2356e-09
6.02979e-06
8.52406e-10
6.02974e-06
4.56219e-10
6.02967e-06
7.01127e-11
6.02959e-06
-2.93158e-10
6.0295e-06
-6.13813e-10
6.02942e-06
-8.82796e-10
6.02934e-06
-1.09069e-09
6.02927e-06
-1.24179e-09
6.02922e-06
-1.34144e-09
6.02918e-06
-1.40694e-09
6.02917e-06
-1.44809e-09
6.02917e-06
-1.476e-09
6.02918e-06
-1.48814e-09
6.02922e-06
-1.47896e-09
6.02925e-06
-1.43867e-09
6.0293e-06
-1.36255e-09
6.02934e-06
-1.2541e-09
6.02937e-06
-1.12308e-09
6.0294e-06
-9.83483e-10
6.02941e-06
-8.45479e-10
6.02942e-06
-7.15216e-10
6.02942e-06
-5.90935e-10
6.02941e-06
-4.69669e-10
6.02939e-06
-3.47123e-10
6.02937e-06
-2.25214e-10
6.02934e-06
-1.10796e-10
6.0293e-06
-1.68408e-11
6.02926e-06
3.7416e-11
6.0292e-06
3.66048e-11
6.02914e-06
-3.79837e-11
6.02909e-06
-1.88795e-10
6.02904e-06
-4.15207e-10
6.02901e-06
-6.94041e-10
6.029e-06
-1.00267e-09
6.02901e-06
-1.29997e-09
6.02905e-06
-1.55992e-09
6.02911e-06
-1.7493e-09
6.02919e-06
-1.85588e-09
6.02928e-06
-1.87099e-09
6.02938e-06
-1.80264e-09
6.02948e-06
-1.66294e-09
6.02957e-06
-1.46657e-09
6.02966e-06
-1.23723e-09
6.02974e-06
-9.85208e-10
6.02981e-06
-7.34426e-10
6.02987e-06
-4.87371e-10
6.02991e-06
-2.61612e-10
6.02994e-06
-5.75703e-11
6.02996e-06
1.16759e-10
6.02996e-06
2.61977e-10
6.02996e-06
3.74402e-10
6.02995e-06
4.60185e-10
6.02993e-06
5.14947e-10
6.02991e-06
5.49454e-10
6.02988e-06
5.58882e-10
6.02985e-06
5.54635e-10
6.02982e-06
5.33163e-10
6.02979e-06
5.03787e-10
6.02976e-06
4.65289e-10
6.02974e-06
4.23121e-10
6.02971e-06
3.78182e-10
6.02969e-06
3.33254e-10
6.02967e-06
2.89245e-10
6.02966e-06
2.47937e-10
6.02964e-06
2.09484e-10
6.02963e-06
1.74971e-10
6.02962e-06
1.44016e-10
6.02962e-06
1.17249e-10
6.02961e-06
9.39291e-11
6.02961e-06
7.44511e-11
6.0296e-06
5.78956e-11
6.0296e-06
4.45409e-11
6.0296e-06
3.34237e-11
6.0296e-06
2.48122e-11
6.0296e-06
1.77471e-11
6.02959e-06
1.2561e-11
6.02959e-06
8.32232e-12
6.02959e-06
5.4666e-12
6.02959e-06
3.04053e-12
6.02959e-06
1.66292e-12
6.02959e-06
4.84121e-13
6.02959e-06
-1.04091e-12
6.0296e-06
3.14556e-12
6.0296e-06
-1.94984e-11
6.0296e-06
7.48679e-11
6.0296e-06
-1.67477e-10
1.47016e-09
6.18008e-06
3.58884e-09
6.18007e-06
3.18562e-09
6.18007e-06
2.60402e-09
6.18011e-06
2.43533e-09
6.18018e-06
2.43125e-09
6.18028e-06
2.453e-09
6.18039e-06
2.43865e-09
6.18051e-06
2.3696e-09
6.18063e-06
2.23872e-09
6.18075e-06
2.05134e-09
6.18086e-06
1.80585e-09
6.18093e-06
1.51698e-09
6.18098e-06
1.18896e-09
6.18099e-06
8.40562e-10
6.18097e-06
4.79144e-10
6.18091e-06
1.24029e-10
6.18084e-06
-2.14759e-10
6.18074e-06
-5.1892e-10
6.18064e-06
-7.79624e-10
6.18053e-06
-9.86823e-10
6.18044e-06
-1.14357e-09
6.18035e-06
-1.25394e-09
6.18028e-06
-1.33386e-09
6.18022e-06
-1.39197e-09
6.18018e-06
-1.43797e-09
6.18016e-06
-1.4678e-09
6.18016e-06
-1.47409e-09
6.18016e-06
-1.44539e-09
6.18018e-06
-1.37583e-09
6.18019e-06
-1.26869e-09
6.1802e-06
-1.13445e-09
6.18021e-06
-9.88587e-10
6.1802e-06
-8.4309e-10
6.1802e-06
-7.05658e-10
6.18018e-06
-5.754e-10
6.18016e-06
-4.49296e-10
6.18013e-06
-3.22243e-10
6.1801e-06
-1.94968e-10
6.18007e-06
-7.33559e-11
6.18002e-06
2.99391e-11
6.17996e-06
9.50599e-11
6.17989e-06
1.04949e-10
6.17982e-06
3.8559e-11
6.17974e-06
-1.08918e-10
6.17966e-06
-3.38578e-10
6.17959e-06
-6.2783e-10
6.17955e-06
-9.53239e-10
6.17952e-06
-1.27193e-09
6.17951e-06
-1.55544e-09
6.17953e-06
-1.76816e-09
6.17957e-06
-1.89584e-09
6.17963e-06
-1.92836e-09
6.1797e-06
-1.87314e-09
6.17978e-06
-1.742e-09
6.17986e-06
-1.54985e-09
6.17995e-06
-1.32083e-09
6.18003e-06
-1.06576e-09
6.1801e-06
-8.09071e-10
6.18017e-06
-5.53901e-10
6.18022e-06
-3.18382e-10
6.18027e-06
-1.03583e-10
6.1803e-06
8.19538e-11
6.18033e-06
2.38185e-10
6.18034e-06
3.61002e-10
6.18035e-06
4.56089e-10
6.18034e-06
5.18892e-10
6.18033e-06
5.59948e-10
6.18032e-06
5.74459e-10
6.1803e-06
5.73802e-10
6.18028e-06
5.54634e-10
6.18025e-06
5.26347e-10
6.18023e-06
4.87971e-10
6.18021e-06
4.4512e-10
6.18019e-06
3.98918e-10
6.18017e-06
3.5231e-10
6.18015e-06
3.06374e-10
6.18014e-06
2.63025e-10
6.18012e-06
2.22523e-10
6.18011e-06
1.86035e-10
6.1801e-06
1.53236e-10
6.1801e-06
1.24793e-10
6.18009e-06
9.99852e-11
6.18008e-06
7.92146e-11
6.18008e-06
6.15587e-11
6.18008e-06
4.72832e-11
6.18008e-06
3.54144e-11
6.18007e-06
2.6196e-11
6.18007e-06
1.86572e-11
6.18007e-06
1.31035e-11
6.18007e-06
8.59289e-12
6.18007e-06
5.53827e-12
6.18007e-06
2.97071e-12
6.18007e-06
1.51367e-12
6.18007e-06
2.36702e-13
6.18007e-06
-1.18848e-12
6.18007e-06
2.56222e-12
6.18007e-06
-1.8873e-11
6.18008e-06
7.19401e-11
6.18007e-06
-1.63151e-10
1.46751e-09
6.33044e-06
3.48158e-09
6.33052e-06
3.10447e-09
6.33059e-06
2.53449e-09
6.33068e-06
2.34745e-09
6.33079e-06
2.32218e-09
6.33091e-06
2.32652e-09
6.33105e-06
2.29791e-09
6.3312e-06
2.21857e-09
6.33136e-06
2.08375e-09
6.33151e-06
1.90103e-09
6.33165e-06
1.67013e-09
6.33176e-06
1.40563e-09
6.33184e-06
1.11019e-09
6.33188e-06
7.99737e-10
6.33188e-06
4.78108e-10
6.33184e-06
1.60809e-10
6.33177e-06
-1.45355e-10
6.33168e-06
-4.24152e-10
6.33156e-06
-6.67717e-10
6.33144e-06
-8.66032e-10
6.33132e-06
-1.02146e-09
6.3312e-06
-1.13705e-09
6.3311e-06
-1.22747e-09
6.33101e-06
-1.30004e-09
6.33093e-06
-1.36297e-09
6.33087e-06
-1.41048e-09
6.33083e-06
-1.43332e-09
6.33081e-06
-1.41825e-09
6.33079e-06
-1.3581e-09
6.33078e-06
-1.25559e-09
6.33076e-06
-1.12158e-09
6.33075e-06
-9.72757e-10
6.33073e-06
-8.22698e-10
6.3307e-06
-6.80622e-10
6.33067e-06
-5.46582e-10
6.33064e-06
-4.17623e-10
6.33061e-06
-2.87887e-10
6.33057e-06
-1.56877e-10
6.33052e-06
-2.92951e-11
6.33047e-06
8.29102e-11
6.33041e-06
1.59645e-10
6.33033e-06
1.82423e-10
6.33024e-06
1.27883e-10
6.33014e-06
-1.12747e-11
6.33004e-06
-2.38313e-10
6.32995e-06
-5.31848e-10
6.32986e-06
-8.68439e-10
6.32979e-06
-1.20413e-09
6.32975e-06
-1.50864e-09
6.32972e-06
-1.74418e-09
6.32972e-06
-1.89455e-09
6.32974e-06
-1.94799e-09
6.32978e-06
-1.91096e-09
6.32983e-06
-1.79457e-09
6.3299e-06
-1.61352e-09
6.32997e-06
-1.39191e-09
6.33004e-06
-1.14067e-09
6.33012e-06
-8.84457e-10
6.33019e-06
-6.26701e-10
6.33026e-06
-3.86002e-10
6.33032e-06
-1.63897e-10
6.33037e-06
3.04505e-11
6.33041e-06
1.96403e-10
6.33044e-06
3.29186e-10
6.33046e-06
4.3395e-10
6.33048e-06
5.05725e-10
6.33048e-06
5.54711e-10
6.33048e-06
5.75933e-10
6.33047e-06
5.80644e-10
6.33046e-06
5.6556e-10
6.33045e-06
5.40105e-10
6.33043e-06
5.03451e-10
6.33042e-06
4.61365e-10
6.3304e-06
4.15154e-10
6.33039e-06
3.67932e-10
6.33037e-06
3.20956e-10
6.33036e-06
2.76274e-10
6.33035e-06
2.34287e-10
6.33034e-06
1.96248e-10
6.33033e-06
1.61927e-10
6.33032e-06
1.32033e-10
6.33031e-06
1.059e-10
6.33031e-06
8.39361e-11
6.33031e-06
6.52448e-11
6.3303e-06
5.00804e-11
6.3303e-06
3.74721e-11
6.3303e-06
2.76464e-11
6.3303e-06
1.96238e-11
6.3303e-06
1.36903e-11
6.3303e-06
8.89215e-12
6.3303e-06
5.62473e-12
6.3303e-06
2.90369e-12
6.3303e-06
1.35493e-12
6.3303e-06
-2.74353e-14
6.3303e-06
-1.34622e-12
6.3303e-06
1.86606e-12
6.3303e-06
-1.78058e-11
6.3303e-06
6.67777e-11
6.33029e-06
-1.51981e-10
1.42839e-09
6.47906e-06
3.2714e-09
6.47923e-06
2.93234e-09
6.47936e-06
2.41018e-09
6.47948e-06
2.23062e-09
6.4796e-06
2.19643e-09
6.47974e-06
2.1859e-09
6.4799e-06
2.14103e-09
6.48007e-06
2.04834e-09
6.48025e-06
1.90699e-09
6.48042e-06
1.72707e-09
6.48058e-06
1.50958e-09
6.48072e-06
1.26881e-09
6.48082e-06
1.00608e-09
6.48089e-06
7.34599e-10
6.48091e-06
4.55137e-10
6.48089e-06
1.79523e-10
6.48083e-06
-8.86216e-11
6.48075e-06
-3.3555e-10
6.48063e-06
-5.54789e-10
6.4805e-06
-7.37008e-10
6.48037e-06
-8.84366e-10
6.48023e-06
-9.99386e-10
6.4801e-06
-1.09558e-09
6.47998e-06
-1.17916e-09
6.47987e-06
-1.25674e-09
6.47978e-06
-1.32088e-09
6.47971e-06
-1.36033e-09
6.47965e-06
-1.36006e-09
6.4796e-06
-1.31141e-09
6.47956e-06
-1.21636e-09
6.47953e-06
-1.08581e-09
6.47949e-06
-9.37263e-10
6.47945e-06
-7.85652e-10
6.47942e-06
-6.4155e-10
6.47937e-06
-5.05966e-10
6.47933e-06
-3.76107e-10
6.47929e-06
-2.45529e-10
6.47925e-06
-1.12593e-10
6.4792e-06
1.92835e-11
6.47914e-06
1.39166e-10
6.47907e-06
2.27104e-10
6.47899e-06
2.63507e-10
6.4789e-06
2.23016e-10
6.47879e-06
9.58263e-11
6.47868e-06
-1.23561e-10
6.47856e-06
-4.15465e-10
6.47845e-06
-7.57016e-10
6.47835e-06
-1.1041e-09
6.47826e-06
-1.42515e-09
6.4782e-06
-1.68082e-09
6.47816e-06
-1.85309e-09
6.47814e-06
-1.92873e-09
6.47814e-06
-1.91287e-09
6.47816e-06
-1.81577e-09
6.4782e-06
-1.65148e-09
6.47825e-06
-1.44361e-09
6.47832e-06
-1.2029e-09
6.47839e-06
-9.5368e-10
6.47846e-06
-6.99536e-10
6.47853e-06
-4.59095e-10
6.4786e-06
-2.34325e-10
6.47867e-06
-3.47383e-11
6.47872e-06
1.38342e-10
6.47877e-06
2.79577e-10
6.47881e-06
3.93336e-10
6.47885e-06
4.74234e-10
6.47887e-06
5.31844e-10
6.47888e-06
5.61006e-10
6.47889e-06
5.72555e-10
6.47889e-06
5.63261e-10
6.47889e-06
5.42362e-10
6.47889e-06
5.09164e-10
6.47888e-06
4.69464e-10
6.47887e-06
4.24738e-10
6.47886e-06
3.78227e-10
6.47885e-06
3.31356e-10
6.47884e-06
2.86311e-10
6.47883e-06
2.43637e-10
6.47882e-06
2.04695e-10
6.47881e-06
1.69359e-10
6.47881e-06
1.3841e-10
6.4788e-06
1.11242e-10
6.4788e-06
8.83025e-11
6.47879e-06
6.87264e-11
6.47879e-06
5.27753e-11
6.47879e-06
3.9495e-11
6.47879e-06
2.90985e-11
6.47879e-06
2.06144e-11
6.47879e-06
1.43049e-11
6.47879e-06
9.22083e-12
6.47879e-06
5.73165e-12
6.47879e-06
2.85238e-12
6.47879e-06
1.19859e-12
6.47879e-06
-2.89588e-13
6.47879e-06
-1.51665e-12
6.47879e-06
1.12691e-12
6.47879e-06
-1.64743e-11
6.47879e-06
5.98494e-11
6.47877e-06
-1.34371e-10
1.35095e-09
6.6233e-06
2.98522e-09
6.62352e-06
2.71443e-09
6.62365e-06
2.27398e-09
6.62377e-06
2.11539e-09
6.6239e-06
2.07127e-09
6.62404e-06
2.03907e-09
6.62421e-06
1.97149e-09
6.6244e-06
1.86156e-09
6.62459e-06
1.71218e-09
6.62479e-06
1.53498e-09
6.62496e-06
1.33124e-09
6.62512e-06
1.11443e-09
6.62524e-06
8.843e-10
6.62532e-06
6.51675e-10
6.62536e-06
4.14656e-10
6.62536e-06
1.81958e-10
6.62532e-06
-4.57153e-11
6.62524e-06
-2.57058e-10
6.62513e-06
-4.47254e-10
6.625e-06
-6.08027e-10
6.62486e-06
-7.41823e-10
6.62471e-06
-8.51029e-10
6.62456e-06
-9.48405e-10
6.62442e-06
-1.03921e-09
6.6243e-06
-1.12864e-09
6.62418e-06
-1.20759e-09
6.62409e-06
-1.26289e-09
6.624e-06
-1.27767e-09
6.62393e-06
-1.24175e-09
6.62387e-06
-1.15617e-09
6.62382e-06
-1.03166e-09
6.62377e-06
-8.86228e-10
6.62372e-06
-7.35843e-10
6.62367e-06
-5.92218e-10
6.62362e-06
-4.57233e-10
6.62357e-06
-3.28328e-10
6.62353e-06
-1.98641e-10
6.62348e-06
-6.55585e-11
6.62343e-06
6.8801e-11
6.62337e-06
1.94658e-10
6.62331e-06
2.92456e-10
6.62323e-06
3.41917e-10
6.62314e-06
3.16066e-10
6.62303e-06
2.02873e-10
6.62291e-06
-5.29656e-12
6.62279e-06
-2.90489e-10
6.62266e-06
-6.30988e-10
6.62254e-06
-9.83209e-10
6.62243e-06
-1.31511e-09
6.62234e-06
-1.58629e-09
6.62226e-06
-1.77735e-09
6.6222e-06
-1.87385e-09
6.62217e-06
-1.8796e-09
6.62216e-06
-1.80393e-09
6.62217e-06
-1.65999e-09
6.6222e-06
-1.47061e-09
6.62224e-06
-1.24596e-09
6.62229e-06
-1.00976e-09
6.62236e-06
-7.65299e-10
6.62243e-06
-5.30999e-10
6.62251e-06
-3.08895e-10
6.62258e-06
-1.08747e-10
6.62265e-06
6.7717e-11
6.62272e-06
2.14565e-10
6.62277e-06
3.35471e-10
6.62282e-06
4.24487e-10
6.62287e-06
4.90524e-10
6.6229e-06
5.28045e-10
6.62292e-06
5.47384e-10
6.62294e-06
5.4517e-10
6.62295e-06
5.30383e-10
6.62296e-06
5.02299e-10
6.62296e-06
4.66681e-10
6.62296e-06
4.2508e-10
6.62296e-06
3.80817e-10
6.62296e-06
3.3545e-10
6.62295e-06
2.91275e-10
6.62295e-06
2.48984e-10
6.62294e-06
2.10038e-10
6.62294e-06
1.74437e-10
6.62293e-06
1.43032e-10
6.62293e-06
1.15315e-10
6.62292e-06
9.17699e-11
6.62292e-06
7.15953e-11
6.62292e-06
5.50674e-11
6.62292e-06
4.12668e-11
6.62291e-06
3.04063e-11
6.62291e-06
2.15305e-11
6.62291e-06
1.48915e-11
6.62291e-06
9.54656e-12
6.62291e-06
5.84954e-12
6.62291e-06
2.81719e-12
6.62291e-06
1.05535e-12
6.62291e-06
-5.35464e-13
6.62291e-06
-1.69457e-12
6.62291e-06
4.25956e-13
6.62291e-06
-1.51669e-11
6.62292e-06
5.23741e-11
6.6229e-06
-1.13559e-10
1.2359e-09
6.75965e-06
2.69878e-09
6.75983e-06
2.53363e-09
6.75993e-06
2.17274e-09
6.76003e-06
2.01641e-09
6.76016e-06
1.94407e-09
6.76032e-06
1.87796e-09
6.76051e-06
1.7822e-09
6.76071e-06
1.65474e-09
6.76093e-06
1.49999e-09
6.76113e-06
1.32905e-09
6.76132e-06
1.1422e-09
6.76148e-06
9.51219e-10
6.76161e-06
7.54265e-10
6.76171e-06
5.5994e-10
6.76176e-06
3.64305e-10
6.76176e-06
1.73547e-10
6.76173e-06
-1.38818e-11
6.76166e-06
-1.88892e-10
6.76156e-06
-3.48216e-10
6.76144e-06
-4.84828e-10
6.7613e-06
-6.01694e-10
6.76115e-06
-7.01475e-10
6.761e-06
-7.96463e-10
6.76085e-06
-8.91299e-10
6.76071e-06
-9.89913e-10
6.76059e-06
-1.0817e-09
6.76048e-06
-1.15162e-09
6.76038e-06
-1.18102e-09
6.7603e-06
-1.1582e-09
6.76022e-06
-1.08322e-09
6.76016e-06
-9.66469e-10
6.7601e-06
-8.26261e-10
6.76004e-06
-6.79342e-10
6.75999e-06
-5.38323e-10
6.75994e-06
-4.05827e-10
6.75989e-06
-2.79515e-10
6.75984e-06
-1.52252e-10
6.7598e-06
-2.05742e-11
6.75975e-06
1.14596e-10
6.7597e-06
2.44599e-10
6.75964e-06
3.50425e-10
6.75957e-06
4.11422e-10
6.75949e-06
3.9951e-10
6.75939e-06
3.00753e-10
6.75928e-06
1.05928e-10
6.75916e-06
-1.68657e-10
6.75903e-06
-5.02849e-10
6.7589e-06
-8.54272e-10
6.75878e-06
-1.19079e-09
6.75866e-06
-1.47166e-09
6.75856e-06
-1.67657e-09
6.75848e-06
-1.79032e-09
6.75841e-06
-1.81559e-09
6.75837e-06
-1.76089e-09
6.75835e-06
-1.63846e-09
6.75835e-06
-1.47011e-09
6.75837e-06
-1.26533e-09
6.75841e-06
-1.04683e-09
6.75846e-06
-8.17403e-10
6.75852e-06
-5.94818e-10
6.75859e-06
-3.80994e-10
6.75867e-06
-1.85524e-10
6.75875e-06
-1.04216e-11
6.75882e-06
1.38126e-10
6.7589e-06
2.63072e-10
6.75896e-06
3.58049e-10
6.75902e-06
4.3116e-10
6.75907e-06
4.76535e-10
6.75912e-06
5.03778e-10
6.75915e-06
5.09361e-10
6.75918e-06
5.0178e-10
6.7592e-06
4.80226e-10
6.75922e-06
4.50265e-10
6.75923e-06
4.13449e-10
6.75924e-06
3.73083e-10
6.75925e-06
3.30798e-10
6.75925e-06
2.88961e-10
6.75925e-06
2.48372e-10
6.75925e-06
2.10588e-10
6.75925e-06
1.75721e-10
6.75924e-06
1.44711e-10
6.75924e-06
1.17142e-10
6.75924e-06
9.35606e-11
6.75924e-06
7.32384e-11
6.75924e-06
5.64861e-11
6.75924e-06
4.24362e-11
6.75924e-06
3.13115e-11
6.75924e-06
2.21934e-11
6.75923e-06
1.53264e-11
6.75923e-06
9.79411e-12
6.75923e-06
5.933e-12
6.75923e-06
2.7787e-12
6.75923e-06
9.20289e-13
6.75923e-06
-7.5695e-13
6.75923e-06
-1.87277e-12
6.75924e-06
-1.80211e-13
6.75923e-06
-1.41517e-11
6.75924e-06
4.60948e-11
6.75922e-06
-9.74514e-11
1.09937e-09
6.8846e-06
2.50684e-09
6.88469e-06
2.43888e-09
6.88476e-06
2.10518e-09
6.88486e-06
1.91223e-09
6.88501e-06
1.79222e-09
6.88521e-06
1.68649e-09
6.88542e-06
1.56511e-09
6.88565e-06
1.4267e-09
6.88588e-06
1.27422e-09
6.88609e-06
1.11648e-09
6.88628e-06
9.51714e-10
6.88644e-06
7.89684e-10
6.88657e-06
6.26876e-10
6.88666e-06
4.70084e-10
6.88671e-06
3.13837e-10
6.88672e-06
1.62525e-10
6.88669e-06
1.29648e-11
6.88663e-06
-1.27449e-10
6.88654e-06
-2.56773e-10
6.88642e-06
-3.69115e-10
6.88629e-06
-4.68079e-10
6.88615e-06
-5.56794e-10
6.886e-06
-6.47388e-10
6.88585e-06
-7.44108e-10
6.88571e-06
-8.49851e-10
6.88558e-06
-9.52675e-10
6.88546e-06
-1.03581e-09
6.88536e-06
-1.07894e-09
6.88527e-06
-1.06892e-09
6.8852e-06
-1.00482e-09
6.88513e-06
-8.96667e-10
6.88506e-06
-7.62959e-10
6.885e-06
-6.21039e-10
6.88495e-06
-4.84218e-10
6.8849e-06
-3.55706e-10
6.88485e-06
-2.3334e-10
6.88481e-06
-1.0975e-10
6.88477e-06
1.92927e-11
6.88473e-06
1.53924e-10
6.88469e-06
2.86473e-10
6.88464e-06
3.9851e-10
6.88458e-06
4.69251e-10
6.88451e-06
4.69871e-10
6.88443e-06
3.8498e-10
6.88433e-06
2.04259e-10
6.88422e-06
-5.73813e-11
6.8841e-06
-3.81642e-10
6.88397e-06
-7.27462e-10
6.88384e-06
-1.06298e-09
6.88372e-06
-1.34756e-09
6.8836e-06
-1.56059e-09
6.8835e-06
-1.68658e-09
6.88341e-06
-1.72749e-09
6.88334e-06
-1.69122e-09
6.88329e-06
-1.5892e-09
6.88327e-06
-1.44228e-09
6.88326e-06
-1.25913e-09
6.88327e-06
-1.06132e-09
6.88331e-06
-8.50896e-10
6.88336e-06
-6.44748e-10
6.88342e-06
-4.44289e-10
6.88349e-06
-2.58755e-10
6.88357e-06
-9.00491e-11
6.88366e-06
5.55447e-11
6.88374e-06
1.80573e-10
6.88382e-06
2.78292e-10
6.88389e-06
3.56118e-10
6.88396e-06
4.07775e-10
6.88402e-06
4.4215e-10
6.88408e-06
4.55408e-10
6.88412e-06
4.55509e-10
6.88416e-06
4.41391e-10
6.88419e-06
4.18332e-10
6.88422e-06
3.87753e-10
6.88424e-06
3.52849e-10
6.88426e-06
3.15245e-10
6.88427e-06
2.773e-10
6.88428e-06
2.39885e-10
6.88428e-06
2.04606e-10
6.88429e-06
1.71682e-10
6.88429e-06
1.42114e-10
6.88429e-06
1.15598e-10
6.88429e-06
9.27351e-11
6.88429e-06
7.28918e-11
6.88429e-06
5.64204e-11
6.88429e-06
4.25227e-11
6.88429e-06
3.14482e-11
6.88429e-06
2.23259e-11
6.88429e-06
1.54115e-11
6.88429e-06
9.82123e-12
6.88429e-06
5.88971e-12
6.88429e-06
2.67681e-12
6.88429e-06
7.62332e-13
6.88429e-06
-9.71871e-13
6.88429e-06
-2.04388e-12
6.88429e-06
-7.03107e-13
6.88429e-06
-1.34381e-11
6.8843e-06
4.17873e-11
6.88429e-06
-9.3238e-11
9.86977e-10
6.99649e-06
2.44026e-09
6.99656e-06
2.36822e-09
6.99666e-06
2.00715e-09
6.99681e-06
1.76282e-09
6.997e-06
1.59667e-09
6.99723e-06
1.46023e-09
6.99747e-06
1.32476e-09
6.99771e-06
1.18665e-09
6.99794e-06
1.046e-09
6.99815e-06
9.08632e-10
6.99833e-06
7.70708e-10
6.99848e-06
6.39968e-10
6.99859e-06
5.11579e-10
6.99867e-06
3.90834e-10
6.99871e-06
2.71304e-10
6.99872e-06
1.56065e-10
6.99869e-06
4.09317e-11
6.99863e-06
-6.79833e-11
6.99855e-06
-1.69671e-10
6.99844e-06
-2.59228e-10
6.99831e-06
-3.40821e-10
6.99817e-06
-4.18192e-10
6.99803e-06
-5.03429e-10
6.99788e-06
-6.00643e-10
6.99775e-06
-7.11872e-10
6.99762e-06
-8.24059e-10
6.9975e-06
-9.18898e-10
6.9974e-06
-9.74538e-10
6.9973e-06
-9.76499e-10
6.99722e-06
-9.22958e-10
6.99715e-06
-8.23576e-10
6.99708e-06
-6.96973e-10
6.99702e-06
-5.60978e-10
6.99697e-06
-4.29448e-10
6.99692e-06
-3.06047e-10
6.99687e-06
-1.88691e-10
6.99683e-06
-6.97546e-11
6.9968e-06
5.57452e-11
6.99676e-06
1.88885e-10
6.99673e-06
3.22857e-10
6.99668e-06
4.39784e-10
6.99663e-06
5.18814e-10
6.99657e-06
5.3065e-10
6.9965e-06
4.58799e-10
6.99641e-06
2.91789e-10
6.99631e-06
4.31023e-11
6.9962e-06
-2.69881e-10
6.99608e-06
-6.072e-10
6.99595e-06
-9.37521e-10
6.99583e-06
-1.22088e-09
6.9957e-06
-1.4368e-09
6.99559e-06
-1.56999e-09
6.99548e-06
-1.62207e-09
6.99539e-06
-1.60063e-09
6.99532e-06
-1.51655e-09
6.99527e-06
-1.38979e-09
6.99524e-06
-1.22829e-09
6.99523e-06
-1.05237e-09
6.99524e-06
-8.63322e-10
6.99527e-06
-6.76859e-10
6.99532e-06
-4.93796e-10
6.99538e-06
-3.22628e-10
6.99546e-06
-1.65023e-10
6.99554e-06
-2.69528e-11
6.99563e-06
9.38718e-11
6.99572e-06
1.90619e-10
6.9958e-06
2.70046e-10
6.99588e-06
3.25634e-10
6.99596e-06
3.65469e-10
6.99603e-06
3.85468e-10
6.99609e-06
3.9291e-10
6.99615e-06
3.8645e-10
6.9962e-06
3.7094e-10
6.99624e-06
3.47582e-10
6.99627e-06
3.19357e-10
6.9963e-06
2.87783e-10
6.99632e-06
2.55142e-10
6.99634e-06
2.22303e-10
6.99635e-06
1.90879e-10
6.99636e-06
1.61146e-10
6.99637e-06
1.34161e-10
6.99637e-06
1.09701e-10
6.99638e-06
8.84337e-11
6.99638e-06
6.98116e-11
6.99638e-06
5.42431e-11
6.99639e-06
4.1009e-11
6.99639e-06
3.0395e-11
6.99639e-06
2.15968e-11
6.99639e-06
1.48866e-11
6.99639e-06
9.43368e-12
6.99639e-06
5.57385e-12
6.99639e-06
2.40933e-12
6.99639e-06
5.10198e-13
6.99639e-06
-1.22524e-12
6.99639e-06
-2.22661e-12
6.99639e-06
-1.21163e-12
6.99639e-06
-1.27144e-11
6.99639e-06
3.78468e-11
6.9964e-06
-9.66164e-11
9.60039e-10
7.09925e-06
2.33973e-09
7.0994e-06
2.21525e-09
7.09958e-06
1.83072e-09
7.09978e-06
1.55749e-09
7.10001e-06
1.36668e-09
7.10026e-06
1.21714e-09
7.1005e-06
1.08134e-09
7.10073e-06
9.53696e-10
7.10095e-06
8.31761e-10
7.10114e-06
7.18947e-10
7.1013e-06
6.09736e-10
7.10143e-06
5.10307e-10
7.10152e-06
4.14801e-10
7.10159e-06
3.27419e-10
7.10162e-06
2.41112e-10
7.10162e-06
1.58085e-10
7.10158e-06
7.35391e-11
7.10152e-06
-7.27489e-12
7.10144e-06
-8.40209e-11
7.10133e-06
-1.52558e-10
7.10121e-06
-2.17565e-10
7.10107e-06
-2.83421e-10
7.10093e-06
-3.62328e-10
7.10079e-06
-4.58428e-10
7.10065e-06
-5.7315e-10
7.10052e-06
-6.9255e-10
7.1004e-06
-7.97014e-10
7.10028e-06
-8.63365e-10
7.10018e-06
-8.75935e-10
7.10009e-06
-8.32076e-10
7.10001e-06
-7.41109e-10
7.09994e-06
-6.21726e-10
7.09987e-06
-4.92143e-10
7.0998e-06
-3.66637e-10
7.09975e-06
-2.49196e-10
7.0997e-06
-1.37719e-10
7.09965e-06
-2.42382e-11
7.09961e-06
9.70023e-11
7.09957e-06
2.27987e-10
7.09953e-06
3.62706e-10
7.09949e-06
4.83799e-10
7.09943e-06
5.70374e-10
7.09937e-06
5.92719e-10
7.0993e-06
5.33495e-10
7.09921e-06
3.7983e-10
7.09911e-06
1.43725e-10
7.099e-06
-1.5769e-10
7.09888e-06
-4.85147e-10
7.09875e-06
-8.08089e-10
7.09861e-06
-1.08745e-09
7.09848e-06
-1.30317e-09
7.09835e-06
-1.44048e-09
7.09823e-06
-1.5009e-09
7.09812e-06
-1.49197e-09
7.09803e-06
-1.42412e-09
7.09795e-06
-1.31658e-09
7.0979e-06
-1.17659e-09
7.09787e-06
-1.02327e-09
7.09787e-06
-8.57046e-10
7.09788e-06
-6.92466e-10
7.09792e-06
-5.29526e-10
7.09797e-06
-3.75935e-10
7.09804e-06
-2.32854e-10
7.09812e-06
-1.05875e-10
7.0982e-06
7.3222e-12
7.0983e-06
9.99236e-11
7.09839e-06
1.78209e-10
7.09848e-06
2.35434e-10
7.09856e-06
2.78984e-10
7.09864e-06
3.04482e-10
7.09872e-06
3.18552e-10
7.09879e-06
3.19478e-10
7.09885e-06
3.11649e-10
7.0989e-06
2.9596e-10
7.09894e-06
2.75103e-10
7.09898e-06
2.50426e-10
7.09901e-06
2.24057e-10
7.09904e-06
1.96816e-10
7.09906e-06
1.70263e-10
7.09907e-06
1.44712e-10
7.09909e-06
1.21227e-10
7.0991e-06
9.96691e-11
7.0991e-06
8.07451e-11
7.09911e-06
6.40029e-11
7.09911e-06
4.98996e-11
7.09912e-06
3.78031e-11
7.09912e-06
2.8043e-11
7.09912e-06
1.9887e-11
7.09912e-06
1.36381e-11
7.09912e-06
8.52257e-12
7.09912e-06
4.89027e-12
7.09912e-06
1.89234e-12
7.09912e-06
9.35217e-14
7.09912e-06
-1.57558e-12
7.09912e-06
-2.46416e-12
7.09913e-06
-1.77331e-12
7.09912e-06
-1.17584e-11
7.09913e-06
3.26321e-11
7.09913e-06
-9.70135e-11
9.42531e-10
7.19685e-06
2.05248e-09
7.19715e-06
1.91546e-09
7.19742e-06
1.56036e-09
7.19767e-06
1.30084e-09
7.19792e-06
1.11668e-09
7.19817e-06
9.75096e-10
7.1984e-06
8.52544e-10
7.19861e-06
7.43659e-10
7.19879e-06
6.44986e-10
7.19895e-06
5.58473e-10
7.19908e-06
4.77744e-10
7.19919e-06
4.07815e-10
7.19926e-06
3.42257e-10
7.1993e-06
2.84414e-10
7.19932e-06
2.27012e-10
7.1993e-06
1.71628e-10
7.19926e-06
1.13268e-10
7.1992e-06
5.65925e-11
7.19911e-06
1.5817e-12
7.19901e-06
-4.82326e-11
7.19889e-06
-9.78762e-11
7.19876e-06
-1.52405e-10
7.19862e-06
-2.24162e-10
7.19848e-06
-3.17539e-10
7.19834e-06
-4.33543e-10
7.19821e-06
-5.57624e-10
7.19808e-06
-6.69119e-10
7.19796e-06
-7.4377e-10
7.19785e-06
-7.64915e-10
7.19774e-06
-7.29198e-10
7.19765e-06
-6.45644e-10
7.19756e-06
-5.32984e-10
7.19748e-06
-4.09751e-10
7.1974e-06
-2.90528e-10
7.19733e-06
-1.79526e-10
7.19727e-06
-7.45114e-11
7.19721e-06
3.29033e-11
7.19716e-06
1.49302e-10
7.19711e-06
2.77556e-10
7.19706e-06
4.1245e-10
7.19701e-06
5.3716e-10
7.19695e-06
6.30735e-10
7.19688e-06
6.63139e-10
7.19679e-06
6.16176e-10
7.1967e-06
4.75867e-10
7.19659e-06
2.52714e-10
7.19647e-06
-3.65702e-11
7.19634e-06
-3.53457e-10
7.19619e-06
-6.67925e-10
7.19605e-06
-9.419e-10
7.1959e-06
-1.15583e-09
7.19576e-06
-1.2956e-09
7.19562e-06
-1.36282e-09
7.19549e-06
-1.36509e-09
7.19538e-06
-1.31257e-09
7.19529e-06
-1.22375e-09
7.19522e-06
-1.10532e-09
7.19517e-06
-9.75126e-10
7.19514e-06
-8.32835e-10
7.19514e-06
-6.91682e-10
7.19516e-06
-5.5092e-10
7.19521e-06
-4.17248e-10
7.19526e-06
-2.91357e-10
7.19534e-06
-1.78224e-10
7.19542e-06
-7.55016e-11
7.19551e-06
1.02536e-11
7.1956e-06
8.48697e-11
7.1957e-06
1.41561e-10
7.19579e-06
1.86967e-10
7.19588e-06
2.16542e-10
7.19596e-06
2.36182e-10
7.19603e-06
2.43849e-10
7.1961e-06
2.43391e-10
7.19616e-06
2.35372e-10
7.19622e-06
2.22139e-10
7.19626e-06
2.04808e-10
7.1963e-06
1.85311e-10
7.19633e-06
1.64357e-10
7.19636e-06
1.43421e-10
7.19638e-06
1.22802e-10
7.1964e-06
1.0356e-10
7.19641e-06
8.56018e-11
7.19642e-06
6.96717e-11
7.19643e-06
5.53918e-11
7.19644e-06
4.32702e-11
7.19645e-06
3.27601e-11
7.19645e-06
2.4234e-11
7.19645e-06
1.70424e-11
7.19645e-06
1.15164e-11
7.19646e-06
6.95456e-12
7.19646e-06
3.71829e-12
7.19646e-06
1.02416e-12
7.19646e-06
-5.75462e-13
7.19646e-06
-2.09052e-12
7.19646e-06
-2.81914e-12
7.19646e-06
-2.43304e-12
7.19646e-06
-1.05385e-11
7.19647e-06
2.56827e-11
7.19646e-06
-8.8135e-11
8.38527e-10
7.28819e-06
1.59448e-09
7.28864e-06
1.46737e-09
7.289e-06
1.19573e-09
7.28931e-06
9.95003e-10
7.28957e-06
8.50309e-10
7.28981e-06
7.38537e-10
7.29002e-06
6.43168e-10
7.2902e-06
5.61445e-10
7.29036e-06
4.90451e-10
7.29048e-06
4.31805e-10
7.29058e-06
3.79014e-10
7.29065e-06
3.36507e-10
7.2907e-06
2.97619e-10
7.29072e-06
2.6518e-10
7.29071e-06
2.31937e-10
7.29068e-06
1.99135e-10
7.29064e-06
1.61834e-10
7.29057e-06
1.24453e-10
7.29048e-06
8.68716e-11
7.29038e-06
5.22714e-11
7.29027e-06
1.54498e-11
7.29015e-06
-2.92089e-11
7.29002e-06
-9.4193e-11
7.28988e-06
-1.84199e-10
7.28975e-06
-2.99994e-10
7.28962e-06
-4.26635e-10
7.28949e-06
-5.42678e-10
7.28937e-06
-6.23052e-10
7.28926e-06
-6.50332e-10
7.28915e-06
-6.20632e-10
7.28904e-06
-5.42782e-10
7.28895e-06
-4.35584e-10
7.28886e-06
-3.17861e-10
7.28877e-06
-2.04447e-10
7.28869e-06
-9.97095e-11
7.28862e-06
-1.19508e-12
7.28855e-06
9.99796e-11
7.28849e-06
2.1122e-10
7.28843e-06
3.3628e-10
7.28837e-06
4.70742e-10
7.28831e-06
5.98336e-10
7.28824e-06
6.98106e-10
7.28817e-06
7.39748e-10
7.28808e-06
7.04303e-10
7.28798e-06
5.76925e-10
7.28786e-06
3.66853e-10
7.28773e-06
9.0158e-11
7.2876e-06
-2.15416e-10
7.28745e-06
-5.20288e-10
7.28729e-06
-7.87284e-10
7.28714e-06
-9.9745e-10
7.28698e-06
-1.13748e-09
7.28682e-06
-1.20924e-09
7.28668e-06
-1.22058e-09
7.28655e-06
-1.18153e-09
7.28644e-06
-1.11e-09
7.28634e-06
-1.01221e-09
7.28627e-06
-9.04844e-10
7.28623e-06
-7.86803e-10
7.2862e-06
-6.70079e-10
7.28621e-06
-5.53069e-10
7.28623e-06
-4.41497e-10
7.28627e-06
-3.35375e-10
7.28634e-06
-2.39053e-10
7.28641e-06
-1.49937e-10
7.28649e-06
-7.42437e-11
7.28659e-06
-6.38764e-12
7.28668e-06
4.69008e-11
7.28678e-06
9.16503e-11
7.28687e-06
1.2318e-10
7.28696e-06
1.46731e-10
7.28704e-06
1.59914e-10
7.28712e-06
1.66044e-10
7.28719e-06
1.653e-10
7.28725e-06
1.59636e-10
7.28731e-06
1.49887e-10
7.28735e-06
1.37711e-10
7.2874e-06
1.23665e-10
7.28743e-06
1.09067e-10
7.28746e-06
9.41711e-11
7.28748e-06
7.99733e-11
7.2875e-06
6.64107e-11
7.28752e-06
5.42231e-11
7.28753e-06
4.31059e-11
7.28754e-06
3.35961e-11
7.28755e-06
2.52317e-11
7.28755e-06
1.8426e-11
7.28756e-06
1.2613e-11
7.28756e-06
8.1593e-12
7.28756e-06
4.4385e-12
7.28756e-06
1.83194e-12
7.28757e-06
-3.69183e-13
7.28757e-06
-1.62772e-12
7.28757e-06
-2.86428e-12
7.28757e-06
-3.36415e-12
7.28757e-06
-3.22133e-12
7.28757e-06
-9.10044e-12
7.28758e-06
1.69343e-11
7.28756e-06
-6.9303e-11
6.65166e-10
7.36967e-06
1.01186e-09
7.37021e-06
9.30137e-10
7.37063e-06
7.81544e-10
7.37095e-06
6.66934e-10
7.37122e-06
5.8162e-10
7.37145e-06
5.13712e-10
7.37164e-06
4.5509e-10
7.37179e-06
4.06443e-10
7.37191e-06
3.66155e-10
7.37201e-06
3.36141e-10
7.37208e-06
3.10435e-10
7.37212e-06
2.93176e-10
7.37214e-06
2.77828e-10
7.37214e-06
2.66848e-10
7.37212e-06
2.53276e-10
7.37208e-06
2.38136e-10
7.37203e-06
2.16812e-10
7.37196e-06
1.93644e-10
7.37187e-06
1.68723e-10
7.37178e-06
1.45088e-10
7.37168e-06
1.17639e-10
7.37157e-06
8.03403e-11
7.37145e-06
2.07248e-11
7.37134e-06
-6.62691e-11
7.37122e-06
-1.81193e-10
7.3711e-06
-3.08909e-10
7.37099e-06
-4.27413e-10
7.37087e-06
-5.11095e-10
7.37076e-06
-5.42011e-10
7.37066e-06
-5.15932e-10
7.37056e-06
-4.4162e-10
7.37046e-06
-3.38004e-10
7.37037e-06
-2.24223e-10
7.37028e-06
-1.15354e-10
7.37019e-06
-1.58939e-11
7.37012e-06
7.68825e-11
7.37004e-06
1.72326e-10
7.36998e-06
2.78645e-10
7.36991e-06
4.00459e-10
7.36985e-06
5.34156e-10
7.36978e-06
6.64068e-10
7.36971e-06
7.69266e-10
7.36963e-06
8.1933e-10
7.36954e-06
7.94596e-10
7.36944e-06
6.79615e-10
7.36932e-06
4.82544e-10
7.3692e-06
2.18894e-10
7.36905e-06
-7.46009e-11
7.3689e-06
-3.68687e-10
7.36874e-06
-6.27105e-10
7.36858e-06
-8.31473e-10
7.36841e-06
-9.69431e-10
7.36824e-06
-1.04322e-09
7.36808e-06
-1.06111e-09
7.36794e-06
-1.03319e-09
7.3678e-06
-9.76876e-10
7.36769e-06
-8.98163e-10
7.3676e-06
-8.12539e-10
7.36753e-06
-7.18379e-10
7.36748e-06
-6.26336e-10
7.36746e-06
-5.34101e-10
7.36747e-06
-4.46235e-10
7.3675e-06
-3.62144e-10
7.36754e-06
-2.85295e-10
7.36761e-06
-2.12837e-10
7.36768e-06
-1.50397e-10
7.36777e-06
-9.25787e-11
7.36786e-06
-4.5809e-11
7.36796e-06
-4.62692e-12
7.36805e-06
2.63461e-11
7.36815e-06
5.16812e-11
7.36824e-06
6.87342e-11
7.36833e-06
8.02467e-11
7.3684e-06
8.60137e-11
7.36848e-06
8.7549e-11
7.36854e-06
8.5348e-11
7.3686e-06
8.07483e-11
7.36865e-06
7.40779e-11
7.36869e-06
6.64555e-11
7.36873e-06
5.80149e-11
7.36876e-06
4.96604e-11
7.36878e-06
4.13003e-11
7.3688e-06
3.36554e-11
7.36882e-06
2.64554e-11
7.36883e-06
2.02573e-11
7.36884e-06
1.46723e-11
7.36885e-06
1.01459e-11
7.36886e-06
6.20066e-12
7.36886e-06
3.23284e-12
7.36887e-06
7.04704e-13
7.36887e-06
-9.86221e-13
7.36887e-06
-2.45632e-12
7.36887e-06
-3.19362e-12
7.36887e-06
-3.98875e-12
7.36887e-06
-4.18269e-12
7.36888e-06
-4.12663e-12
7.36887e-06
-7.72913e-12
7.36888e-06
7.37301e-12
7.36886e-06
-4.4e-11
4.31818e-10
7.43425e-06
4.41706e-10
7.43475e-06
4.29813e-10
7.43513e-06
3.94255e-10
7.43545e-06
3.54728e-10
7.4357e-06
3.25379e-10
7.43591e-06
3.02384e-10
7.43609e-06
2.82764e-10
7.43622e-06
2.68953e-10
7.43633e-06
2.60072e-10
7.43641e-06
2.58376e-10
7.43646e-06
2.58556e-10
7.43649e-06
2.64653e-10
7.4365e-06
2.7032e-10
7.43648e-06
2.77775e-10
7.43646e-06
2.80398e-10
7.43642e-06
2.79107e-10
7.43636e-06
2.69665e-10
7.4363e-06
2.56492e-10
7.43623e-06
2.40023e-10
7.43615e-06
2.2338e-10
7.43607e-06
2.01774e-10
7.43598e-06
1.68993e-10
7.43589e-06
1.12781e-10
7.43579e-06
2.78148e-11
7.4357e-06
-8.62894e-11
7.4356e-06
-2.1428e-10
7.43551e-06
-3.33816e-10
7.43542e-06
-4.18984e-10
7.43533e-06
-4.51538e-10
7.43524e-06
-4.27052e-10
7.43515e-06
-3.54301e-10
7.43507e-06
-2.52374e-10
7.43498e-06
-1.40728e-10
7.4349e-06
-3.46978e-11
7.43482e-06
6.10972e-11
7.43475e-06
1.49599e-10
7.43468e-06
2.40543e-10
7.43462e-06
3.42881e-10
7.43456e-06
4.62064e-10
7.4345e-06
5.9527e-10
7.43443e-06
7.27463e-10
7.43436e-06
8.3783e-10
7.43429e-06
8.95938e-10
7.4342e-06
8.81574e-10
7.4341e-06
7.78821e-10
7.43399e-06
5.94956e-10
7.43386e-06
3.45016e-10
7.43372e-06
6.46705e-11
7.43357e-06
-2.17317e-10
7.43341e-06
-4.65544e-10
7.43324e-06
-6.62267e-10
7.43307e-06
-7.96102e-10
7.43289e-06
-8.69735e-10
7.43273e-06
-8.91907e-10
7.43257e-06
-8.72896e-10
7.43242e-06
-8.29748e-10
7.43229e-06
-7.6831e-10
7.43218e-06
-7.03047e-10
7.43209e-06
-6.31839e-10
7.43203e-06
-5.64153e-10
7.43199e-06
-4.96919e-10
7.43198e-06
-4.33659e-10
7.43199e-06
-3.7301e-10
7.43202e-06
-3.17608e-10
7.43207e-06
-2.6415e-10
7.43214e-06
-2.17609e-10
7.43222e-06
-1.72596e-10
7.43231e-06
-1.35134e-10
7.43241e-06
-1.00167e-10
7.43251e-06
-7.21919e-11
7.4326e-06
-4.7179e-11
7.4327e-06
-2.80078e-11
7.43279e-06
-1.24596e-11
7.43288e-06
-1.13931e-12
7.43296e-06
7.00964e-12
7.43303e-06
1.2115e-11
7.4331e-06
1.51293e-11
7.43316e-06
1.61195e-11
7.43321e-06
1.59286e-11
7.43325e-06
1.45443e-11
7.43329e-06
1.27053e-11
7.43332e-06
1.02766e-11
7.43335e-06
7.90079e-12
7.43337e-06
5.33518e-12
7.43338e-06
3.12287e-12
7.4334e-06
9.39977e-13
7.43341e-06
-7.45705e-13
7.43342e-06
-2.3278e-12
7.43342e-06
-3.37868e-12
7.43343e-06
-4.34811e-12
7.43343e-06
-4.81775e-12
7.43344e-06
-5.30217e-12
7.43344e-06
-5.32208e-12
7.43344e-06
-5.49588e-12
7.43344e-06
-5.30932e-12
7.43344e-06
-5.06591e-12
7.43344e-06
-6.93412e-12
7.43345e-06
-7.07816e-13
7.43343e-06
-2.45116e-11
1.84083e-10
7.47157e-06
2.56528e-11
7.47193e-06
6.73094e-11
7.47224e-06
7.97949e-11
7.47252e-06
7.75629e-11
7.47276e-06
8.69349e-11
7.47296e-06
1.0048e-10
7.47313e-06
1.15411e-10
7.47326e-06
1.34028e-10
7.47337e-06
1.55095e-10
7.47344e-06
1.80489e-10
7.4735e-06
2.05366e-10
7.47353e-06
2.33495e-10
7.47354e-06
2.58746e-10
7.47354e-06
2.83012e-10
7.47352e-06
3.0009e-10
7.47348e-06
3.1075e-10
7.47344e-06
3.11196e-10
7.47339e-06
3.05884e-10
7.47334e-06
2.95685e-10
7.47328e-06
2.83848e-10
7.47321e-06
2.66066e-10
7.47315e-06
2.36076e-10
7.47308e-06
1.82045e-10
7.47301e-06
9.8524e-11
7.47293e-06
-1.46566e-11
7.47286e-06
-1.42358e-10
7.47279e-06
-2.62082e-10
7.47272e-06
-3.47808e-10
7.47265e-06
-3.81111e-10
7.47258e-06
-3.57418e-10
7.47251e-06
-2.85496e-10
7.47244e-06
-1.84507e-10
7.47238e-06
-7.41375e-11
7.47231e-06
3.01007e-11
7.47225e-06
1.23388e-10
7.47219e-06
2.0879e-10
7.47213e-06
2.96369e-10
7.47208e-06
3.95748e-10
7.47203e-06
5.13113e-10
7.47198e-06
6.46386e-10
7.47193e-06
7.81186e-10
7.47187e-06
8.96889e-10
7.4718e-06
9.63228e-10
7.47172e-06
9.59532e-10
7.47163e-06
8.69582e-10
7.47153e-06
6.99775e-10
7.47141e-06
4.64746e-10
7.47127e-06
1.99111e-10
7.47112e-06
-6.90138e-11
7.47096e-06
-3.05462e-10
7.47079e-06
-4.93062e-10
7.47062e-06
-6.21373e-10
7.47044e-06
-6.93459e-10
7.47027e-06
-7.1851e-10
7.4701e-06
-7.06977e-10
7.46995e-06
-6.75542e-10
7.46981e-06
-6.30019e-10
7.46969e-06
-5.83851e-10
7.46959e-06
-5.34604e-10
7.46952e-06
-4.90508e-10
7.46947e-06
-4.47938e-10
7.46945e-06
-4.09264e-10
7.46945e-06
-3.72505e-10
7.46947e-06
-3.39331e-10
7.46951e-06
-3.06055e-10
7.46957e-06
-2.76846e-10
7.46964e-06
-2.4632e-10
7.46973e-06
-2.19921e-10
7.46982e-06
-1.9298e-10
7.46992e-06
-1.69721e-10
7.47002e-06
-1.46648e-10
7.47012e-06
-1.26756e-10
7.47021e-06
-1.0835e-10
7.4703e-06
-9.23953e-11
7.47039e-06
-7.8303e-11
7.47047e-06
-6.63264e-11
7.47054e-06
-5.59045e-11
7.4706e-06
-4.7275e-11
7.47066e-06
-3.98849e-11
7.47071e-06
-3.39471e-11
7.47075e-06
-2.89005e-11
7.47078e-06
-2.49769e-11
7.47081e-06
-2.16186e-11
7.47084e-06
-1.90809e-11
7.47086e-06
-1.68431e-11
7.47087e-06
-1.51817e-11
7.47089e-06
-1.36198e-11
7.4709e-06
-1.2469e-11
7.4709e-06
-1.12797e-11
7.47091e-06
-1.04064e-11
7.47091e-06
-9.41815e-12
7.47092e-06
-8.7126e-12
7.47092e-06
-7.8605e-12
7.47092e-06
-7.25949e-12
7.47092e-06
-6.65572e-12
7.47092e-06
-5.88566e-12
7.47093e-06
-7.27028e-12
7.47093e-06
-5.68036e-12
7.47094e-06
-3.13046e-11
-2.83553e-11
7.47395e-06
-3.67688e-10
7.47431e-06
-2.88181e-10
7.47461e-06
-2.27718e-10
7.47488e-06
-1.92631e-10
7.47512e-06
-1.47073e-10
7.47532e-06
-9.96033e-11
7.47548e-06
-5.22394e-11
7.47562e-06
-2.70294e-12
7.47573e-06
4.72138e-11
7.47581e-06
9.88757e-11
7.47587e-06
1.47762e-10
7.4759e-06
1.97381e-10
7.47592e-06
2.41733e-10
7.47592e-06
2.82441e-10
7.47591e-06
3.13693e-10
7.47588e-06
3.36175e-10
7.47585e-06
3.46478e-10
7.4758e-06
3.49117e-10
7.47575e-06
3.45331e-10
7.4757e-06
3.38512e-10
7.47564e-06
3.24821e-10
7.47558e-06
2.98019e-10
7.47551e-06
2.46705e-10
7.47545e-06
1.65336e-10
7.47538e-06
5.39251e-11
7.47531e-06
-7.25843e-11
7.47524e-06
-1.91759e-10
7.47517e-06
-2.77632e-10
7.4751e-06
-3.11703e-10
7.47503e-06
-2.89253e-10
7.47497e-06
-2.18945e-10
7.4749e-06
-1.19866e-10
7.47484e-06
-1.17756e-11
7.47478e-06
8.96988e-11
7.47472e-06
1.79587e-10
7.47467e-06
2.61092e-10
7.47462e-06
3.44557e-10
7.47458e-06
4.40207e-10
7.47454e-06
5.54942e-10
7.47449e-06
6.87465e-10
7.47445e-06
8.24155e-10
7.4744e-06
9.4476e-10
7.47435e-06
1.01934e-09
7.47428e-06
1.02693e-09
7.4742e-06
9.51052e-10
7.4741e-06
7.97194e-10
7.47399e-06
5.79364e-10
7.47385e-06
3.30936e-10
7.47371e-06
7.91912e-11
7.47354e-06
-1.43071e-10
7.47337e-06
-3.19541e-10
7.47319e-06
-4.40752e-10
7.47301e-06
-5.10157e-10
7.47283e-06
-5.37331e-10
7.47265e-06
-5.3281e-10
7.47249e-06
-5.12852e-10
7.47234e-06
-4.83118e-10
7.47221e-06
-4.56038e-10
7.47211e-06
-4.28755e-10
7.47203e-06
-4.08337e-10
7.47197e-06
-3.90496e-10
7.47194e-06
-3.76574e-10
7.47193e-06
-3.63848e-10
7.47194e-06
-3.532e-10
7.47198e-06
-3.40474e-10
7.47203e-06
-3.29087e-10
7.4721e-06
-3.1358e-10
7.47217e-06
-2.9886e-10
7.47226e-06
-2.80564e-10
7.47235e-06
-2.62685e-10
7.47245e-06
-2.42184e-10
7.47255e-06
-2.22203e-10
7.47264e-06
-2.0152e-10
7.47273e-06
-1.8147e-10
7.47281e-06
-1.61916e-10
7.47289e-06
-1.4348e-10
7.47296e-06
-1.26007e-10
7.47302e-06
-1.10022e-10
7.47308e-06
-9.52853e-11
7.47313e-06
-8.21934e-11
7.47317e-06
-7.03932e-11
7.4732e-06
-6.01955e-11
7.47323e-06
-5.1158e-11
7.47326e-06
-4.3537e-11
7.47328e-06
-3.68528e-11
7.47329e-06
-3.13358e-11
7.4733e-06
-2.65049e-11
7.47331e-06
-2.25968e-11
7.47332e-06
-1.91388e-11
7.47333e-06
-1.63975e-11
7.47333e-06
-1.3927e-11
7.47334e-06
-1.20108e-11
7.47334e-06
-1.02728e-11
7.47334e-06
-8.88205e-12
7.47334e-06
-7.86109e-12
7.47334e-06
-6.53944e-12
7.47334e-06
-7.63293e-12
7.47335e-06
-1.05911e-11
7.47336e-06
-4.20655e-11
-2.26247e-10
7.43929e-06
-9.44578e-10
7.43981e-06
-8.07982e-10
7.4402e-06
-6.16328e-10
7.4405e-06
-4.94858e-10
7.44075e-06
-3.93274e-10
7.44095e-06
-3.04495e-10
7.44112e-06
-2.21878e-10
7.44126e-06
-1.40626e-10
7.44137e-06
-6.1828e-11
7.44145e-06
1.6026e-11
7.44151e-06
8.89928e-11
7.44155e-06
1.60328e-10
7.44157e-06
2.24292e-10
7.44157e-06
2.82268e-10
7.44155e-06
3.28888e-10
7.44152e-06
3.64737e-10
7.44148e-06
3.86806e-10
7.44143e-06
3.99556e-10
7.44137e-06
4.04524e-10
7.44131e-06
4.05132e-10
7.44123e-06
3.97946e-10
7.44115e-06
3.76681e-10
7.44107e-06
3.30351e-10
7.44098e-06
2.53177e-10
7.44089e-06
1.45147e-10
7.4408e-06
2.08395e-11
7.4407e-06
-9.74743e-11
7.44061e-06
-1.84046e-10
7.44052e-06
-2.20329e-10
7.44043e-06
-2.01324e-10
7.44035e-06
-1.35347e-10
7.44027e-06
-4.11493e-11
7.44019e-06
6.15946e-11
7.44013e-06
1.57303e-10
7.44007e-06
2.40938e-10
7.44001e-06
3.15763e-10
7.43996e-06
3.9231e-10
7.43992e-06
4.81396e-10
7.43989e-06
5.90725e-10
7.43985e-06
7.19994e-10
7.43982e-06
8.56648e-10
7.43978e-06
9.81119e-10
7.43974e-06
1.06409e-09
7.43968e-06
1.08439e-09
7.43961e-06
1.0252e-09
7.43951e-06
8.90809e-10
7.4394e-06
6.94186e-10
7.43926e-06
4.66927e-10
7.43911e-06
2.34998e-10
7.43894e-06
2.95873e-11
7.43875e-06
-1.33857e-10
7.43856e-06
-2.46983e-10
7.43836e-06
-3.13618e-10
7.43817e-06
-3.4357e-10
7.43798e-06
-3.4727e-10
7.43781e-06
-3.40302e-10
7.43765e-06
-3.2799e-10
7.43752e-06
-3.21542e-10
7.43741e-06
-3.17626e-10
7.43732e-06
-3.2199e-10
7.43726e-06
-3.29716e-10
7.43722e-06
-3.40997e-10
7.43721e-06
-3.52497e-10
7.43722e-06
-3.64204e-10
7.43726e-06
-3.71619e-10
7.4373e-06
-3.77415e-10
7.43737e-06
-3.76186e-10
7.43744e-06
-3.72343e-10
7.43752e-06
-3.61923e-10
7.43761e-06
-3.48714e-10
7.43769e-06
-3.30222e-10
7.43778e-06
-3.09724e-10
7.43787e-06
-2.86524e-10
7.43795e-06
-2.62306e-10
7.43802e-06
-2.37379e-10
7.43809e-06
-2.12725e-10
7.43816e-06
-1.88559e-10
7.43821e-06
-1.65684e-10
7.43826e-06
-1.44126e-10
7.4383e-06
-1.24462e-10
7.43834e-06
-1.06499e-10
7.43837e-06
-9.06285e-11
7.43839e-06
-7.64864e-11
7.43841e-06
-6.43341e-11
7.43843e-06
-5.37124e-11
7.43845e-06
-4.48046e-11
7.43846e-06
-3.71213e-11
7.43846e-06
-3.08219e-11
7.43847e-06
-2.54152e-11
7.43848e-06
-2.108e-11
7.43848e-06
-1.73591e-11
7.43848e-06
-1.44313e-11
7.43848e-06
-1.19608e-11
7.43848e-06
-9.93412e-12
7.43848e-06
-8.541e-12
7.43848e-06
-7.01732e-12
7.43848e-06
-6.41828e-12
7.43849e-06
-1.80679e-11
7.43847e-06
-2.34948e-11
-4.67853e-10
7.37316e-06
-1.59913e-09
7.37376e-06
-1.40591e-09
7.37419e-06
-1.05388e-09
7.37452e-06
-8.24733e-10
7.37479e-06
-6.56694e-10
7.375e-06
-5.23099e-10
7.37519e-06
-4.0491e-10
7.37534e-06
-2.92463e-10
7.37546e-06
-1.85094e-10
7.37556e-06
-8.07407e-11
7.37563e-06
1.72369e-11
7.37568e-06
1.11894e-10
7.37571e-06
1.9763e-10
7.37571e-06
2.75616e-10
7.3757e-06
3.40822e-10
7.37567e-06
3.93727e-10
7.37563e-06
4.31553e-10
7.37557e-06
4.58598e-10
7.3755e-06
4.76455e-10
7.37541e-06
4.88402e-10
7.37532e-06
4.91197e-10
7.37522e-06
4.78421e-10
7.37511e-06
4.3936e-10
7.37499e-06
3.6798e-10
7.37488e-06
2.64143e-10
7.37475e-06
1.41966e-10
7.37463e-06
2.35059e-11
7.37451e-06
-6.56147e-11
7.3744e-06
-1.06692e-10
7.37429e-06
-9.42666e-11
7.37419e-06
-3.60781e-11
7.3741e-06
4.96616e-11
7.37402e-06
1.43608e-10
7.37395e-06
2.30372e-10
7.37389e-06
3.04872e-10
7.37383e-06
3.70396e-10
7.37379e-06
4.37621e-10
7.37375e-06
5.17914e-10
7.37372e-06
6.19829e-10
7.3737e-06
7.4417e-10
7.37367e-06
8.79616e-10
7.37365e-06
1.0075e-09
7.37361e-06
1.09925e-09
7.37356e-06
1.13359e-09
7.37349e-06
1.0932e-09
7.3734e-06
9.80973e-10
7.37329e-06
8.08388e-10
7.37315e-06
6.04915e-10
7.37299e-06
3.94785e-10
7.37281e-06
2.0729e-10
7.37262e-06
5.68224e-11
7.37243e-06
-4.9192e-11
7.37223e-06
-1.14796e-10
7.37203e-06
-1.49777e-10
7.37185e-06
-1.64169e-10
7.37168e-06
-1.72647e-10
7.37153e-06
-1.79896e-10
7.37141e-06
-1.95807e-10
7.37131e-06
-2.16359e-10
7.37123e-06
-2.46018e-10
7.37118e-06
-2.79096e-10
7.37115e-06
-3.14808e-10
7.37115e-06
-3.49132e-10
7.37117e-06
-3.81385e-10
7.3712e-06
-4.06737e-10
7.37125e-06
-4.27346e-10
7.37131e-06
-4.37919e-10
7.37138e-06
-4.42592e-10
7.37146e-06
-4.37834e-10
7.37154e-06
-4.274e-10
7.37162e-06
-4.09334e-10
7.3717e-06
-3.87139e-10
7.37177e-06
-3.60614e-10
7.37184e-06
-3.31797e-10
7.3719e-06
-3.01405e-10
7.37196e-06
-2.70732e-10
7.37201e-06
-2.40319e-10
7.37206e-06
-2.11179e-10
7.3721e-06
-1.83569e-10
7.37213e-06
-1.58176e-10
7.37216e-06
-1.34945e-10
7.37218e-06
-1.14292e-10
7.3722e-06
-9.59189e-11
7.37222e-06
-8.00561e-11
7.37223e-06
-6.62579e-11
7.37224e-06
-5.46492e-11
7.37225e-06
-4.47248e-11
7.37226e-06
-3.6572e-11
7.37226e-06
-2.96762e-11
7.37226e-06
-2.41411e-11
7.37226e-06
-1.94954e-11
7.37227e-06
-1.58309e-11
7.37227e-06
-1.28416e-11
7.37227e-06
-1.03776e-11
7.37227e-06
-8.69231e-12
7.37227e-06
-7.29725e-12
7.37227e-06
-4.23632e-12
7.37228e-06
-2.7698e-11
7.37224e-06
6.95909e-12
-7.25965e-10
7.28794e-06
-2.14216e-09
7.28846e-06
-1.92546e-09
7.28886e-06
-1.45622e-09
7.28918e-06
-1.14895e-09
7.28946e-06
-9.31787e-10
7.2897e-06
-7.63355e-10
7.28991e-06
-6.15461e-10
7.29009e-06
-4.74893e-10
7.29025e-06
-3.39778e-10
7.29037e-06
-2.07994e-10
7.29047e-06
-8.27869e-11
7.29055e-06
3.83352e-11
7.29059e-06
1.49742e-10
7.29062e-06
2.52206e-10
7.29062e-06
3.40886e-10
7.2906e-06
4.15986e-10
7.29055e-06
4.74772e-10
7.29049e-06
5.21113e-10
7.29041e-06
5.56422e-10
7.29031e-06
5.83594e-10
7.29021e-06
5.99402e-10
7.29009e-06
5.9719e-10
7.28996e-06
5.66518e-10
7.28983e-06
5.01132e-10
7.28969e-06
4.0088e-10
7.28955e-06
2.79508e-10
7.28942e-06
1.5892e-10
7.28929e-06
6.47567e-11
7.28916e-06
1.60881e-11
7.28905e-06
1.90108e-11
7.28895e-06
6.65206e-11
7.28886e-06
1.41136e-10
7.28878e-06
2.23981e-10
7.28871e-06
2.99884e-10
7.28865e-06
3.63686e-10
7.2886e-06
4.18644e-10
7.28856e-06
4.75509e-10
7.28853e-06
5.46158e-10
7.28851e-06
6.3997e-10
7.2885e-06
7.58895e-10
7.28849e-06
8.92915e-10
7.28847e-06
1.02435e-09
7.28844e-06
1.12543e-09
7.2884e-06
1.17474e-09
7.28834e-06
1.15442e-09
7.28826e-06
1.06574e-09
7.28815e-06
9.18445e-10
7.28801e-06
7.39604e-10
7.28785e-06
5.5152e-10
7.28768e-06
3.81409e-10
7.28749e-06
2.42526e-10
7.2873e-06
1.41473e-10
7.28712e-06
7.42458e-11
7.28693e-06
3.13852e-11
7.28677e-06
3.53799e-12
7.28662e-06
-2.27939e-11
7.28649e-06
-5.14556e-11
7.28638e-06
-9.08715e-11
7.2863e-06
-1.36283e-10
7.28625e-06
-1.90793e-10
7.28622e-06
-2.48043e-10
7.28621e-06
-3.0625e-10
7.28622e-06
-3.60918e-10
7.28625e-06
-4.10732e-10
7.28629e-06
-4.50766e-10
7.28635e-06
-4.82795e-10
7.28641e-06
-5.0183e-10
7.28648e-06
-5.1187e-10
7.28655e-06
-5.09935e-10
7.28663e-06
-4.99842e-10
7.2867e-06
-4.80242e-10
7.28677e-06
-4.54866e-10
7.28683e-06
-4.24015e-10
7.28689e-06
-3.9004e-10
7.28694e-06
-3.54017e-10
7.28699e-06
-3.17499e-10
7.28703e-06
-2.81276e-10
7.28706e-06
-2.46525e-10
7.28709e-06
-2.13652e-10
7.28712e-06
-1.83418e-10
7.28714e-06
-1.55833e-10
7.28716e-06
-1.31326e-10
7.28717e-06
-1.09609e-10
7.28718e-06
-9.08785e-11
7.28719e-06
-7.4673e-11
7.28719e-06
-6.10571e-11
7.2872e-06
-4.95033e-11
7.2872e-06
-4.0028e-11
7.28721e-06
-3.2097e-11
7.28721e-06
-2.57441e-11
7.28721e-06
-2.04889e-11
7.28721e-06
-1.63498e-11
7.28721e-06
-1.30425e-11
7.28721e-06
-1.03245e-11
7.28721e-06
-8.43493e-12
7.28721e-06
-7.36874e-12
7.28721e-06
-1.78507e-12
7.28722e-06
-3.67087e-11
7.28719e-06
3.25949e-11
-9.30249e-10
7.19277e-06
-2.50978e-09
7.19313e-06
-2.28807e-09
7.19344e-06
-1.7652e-09
7.19373e-06
-1.43394e-09
7.194e-06
-1.20346e-09
7.19426e-06
-1.02142e-09
7.1945e-06
-8.55759e-10
7.19472e-06
-6.93071e-10
7.19491e-06
-5.32218e-10
7.19507e-06
-3.72251e-10
7.19521e-06
-2.1728e-10
7.19531e-06
-6.59415e-11
7.19538e-06
7.56653e-11
7.19543e-06
2.07735e-10
7.19544e-06
3.25318e-10
7.19543e-06
4.28142e-10
7.19539e-06
5.13185e-10
7.19533e-06
5.83644e-10
7.19525e-06
6.40456e-10
7.19515e-06
6.85955e-10
7.19503e-06
7.16779e-10
7.1949e-06
7.2607e-10
7.19476e-06
7.03706e-10
7.19462e-06
6.43423e-10
7.19448e-06
5.45228e-10
7.19433e-06
4.22729e-10
7.19419e-06
2.97818e-10
7.19406e-06
1.96275e-10
7.19394e-06
1.37674e-10
7.19383e-06
1.28905e-10
7.19373e-06
1.6385e-10
7.19365e-06
2.25855e-10
7.19358e-06
2.96531e-10
7.19351e-06
3.60871e-10
7.19346e-06
4.13571e-10
7.19343e-06
4.57753e-10
7.1934e-06
5.04165e-10
7.19338e-06
5.65115e-10
7.19337e-06
6.50793e-10
7.19336e-06
7.64298e-10
7.19336e-06
8.96945e-10
7.19335e-06
1.03211e-09
7.19333e-06
1.14284e-09
7.1933e-06
1.20761e-09
7.19325e-06
1.20789e-09
7.19317e-06
1.14329e-09
7.19307e-06
1.02157e-09
7.19294e-06
8.67269e-10
7.19279e-06
7.00567e-10
7.19262e-06
5.46608e-10
7.19245e-06
4.17499e-10
7.19227e-06
3.19161e-10
7.1921e-06
2.47792e-10
7.19193e-06
1.94535e-10
7.19179e-06
1.50994e-10
7.19166e-06
1.05023e-10
7.19155e-06
5.38312e-11
7.19147e-06
-9.50718e-12
7.19142e-06
-7.93625e-11
7.19138e-06
-1.57582e-10
7.19137e-06
-2.37083e-10
7.19138e-06
-3.15321e-10
7.19141e-06
-3.87324e-10
7.19145e-06
-4.51422e-10
7.1915e-06
-5.02659e-10
7.19156e-06
-5.42669e-10
7.19162e-06
-5.66848e-10
7.19169e-06
-5.79262e-10
7.19176e-06
-5.77507e-10
7.19182e-06
-5.65593e-10
7.19189e-06
-5.42754e-10
7.19195e-06
-5.12994e-10
7.192e-06
-4.77061e-10
7.19205e-06
-4.37592e-10
7.19209e-06
-3.95956e-10
7.19212e-06
-3.53902e-10
7.19216e-06
-3.12411e-10
7.19218e-06
-2.7275e-10
7.1922e-06
-2.35427e-10
7.19222e-06
-2.01215e-10
7.19224e-06
-1.70164e-10
7.19225e-06
-1.42662e-10
7.19226e-06
-1.18424e-10
7.19226e-06
-9.75814e-11
7.19227e-06
-7.96548e-11
7.19227e-06
-6.46415e-11
7.19227e-06
-5.19875e-11
7.19228e-06
-4.16466e-11
7.19228e-06
-3.30626e-11
7.19228e-06
-2.62131e-11
7.19228e-06
-2.06078e-11
7.19228e-06
-1.62086e-11
7.19228e-06
-1.27453e-11
7.19228e-06
-9.91875e-12
7.19228e-06
-7.90306e-12
7.19228e-06
-7.24488e-12
7.19227e-06
4.76858e-13
7.19228e-06
-4.35229e-11
7.19227e-06
4.72881e-11
-1.06792e-09
7.09192e-06
-2.7093e-09
7.09212e-06
-2.48848e-09
7.09232e-06
-1.96986e-09
7.09256e-06
-1.66758e-09
7.09281e-06
-1.46061e-09
7.09308e-06
-1.28812e-09
7.09334e-06
-1.11856e-09
7.09359e-06
-9.41301e-10
7.09382e-06
-7.57877e-10
7.09401e-06
-5.69914e-10
7.09418e-06
-3.8332e-10
7.09431e-06
-1.98529e-10
7.09441e-06
-2.25639e-11
7.09448e-06
1.43855e-10
7.09451e-06
2.95399e-10
7.0945e-06
4.30979e-10
7.09447e-06
5.46956e-10
7.09441e-06
6.45525e-10
7.09432e-06
7.26908e-10
7.09421e-06
7.92723e-10
7.09409e-06
8.39438e-10
7.09396e-06
8.60076e-10
7.09382e-06
8.4503e-10
7.09367e-06
7.88251e-10
7.09353e-06
6.90172e-10
7.09338e-06
5.64476e-10
7.09325e-06
4.33214e-10
7.09312e-06
3.22408e-10
7.09301e-06
2.52211e-10
7.09291e-06
2.30398e-10
7.09282e-06
2.51815e-10
7.09274e-06
3.00659e-10
7.09268e-06
3.58994e-10
7.09263e-06
4.11902e-10
7.09259e-06
4.53815e-10
7.09256e-06
4.87601e-10
7.09254e-06
5.23896e-10
7.09253e-06
5.75375e-10
7.09253e-06
6.53012e-10
7.09253e-06
7.61079e-10
7.09254e-06
8.92279e-10
7.09254e-06
1.0311e-09
7.09253e-06
1.15148e-09
7.0925e-06
1.23177e-09
7.09246e-06
1.25276e-09
7.09239e-06
1.21224e-09
7.0923e-06
1.11591e-09
7.09218e-06
9.85623e-10
7.09204e-06
8.39372e-10
7.09189e-06
7.00198e-10
7.09172e-06
5.79152e-10
7.09156e-06
4.81619e-10
7.0914e-06
4.04168e-10
7.09126e-06
3.3876e-10
7.09113e-06
2.78122e-10
7.09103e-06
2.11622e-10
7.09094e-06
1.37621e-10
7.09088e-06
5.0759e-11
7.09085e-06
-4.24807e-11
7.09083e-06
-1.42678e-10
7.09084e-06
-2.42186e-10
7.09086e-06
-3.37727e-10
7.0909e-06
-4.24087e-10
7.09094e-06
-4.99294e-10
7.091e-06
-5.58576e-10
7.09106e-06
-6.03533e-10
7.09112e-06
-6.30083e-10
7.09119e-06
-6.4244e-10
7.09125e-06
-6.38844e-10
7.09131e-06
-6.23525e-10
7.09136e-06
-5.96319e-10
7.09141e-06
-5.61464e-10
7.09145e-06
-5.20129e-10
7.09149e-06
-4.75176e-10
7.09152e-06
-4.28209e-10
7.09155e-06
-3.81121e-10
7.09157e-06
-3.35011e-10
7.09159e-06
-2.91199e-10
7.0916e-06
-2.5023e-10
7.09162e-06
-2.12871e-10
7.09162e-06
-1.79156e-10
7.09163e-06
-1.49433e-10
7.09164e-06
-1.2338e-10
7.09164e-06
-1.01074e-10
7.09164e-06
-8.1997e-11
7.09164e-06
-6.60859e-11
7.09164e-06
-5.27594e-11
7.09164e-06
-4.19138e-11
7.09164e-06
-3.29774e-11
7.09164e-06
-2.58775e-11
7.09164e-06
-2.01198e-11
7.09164e-06
-1.56208e-11
7.09164e-06
-1.21195e-11
7.09164e-06
-9.28895e-12
7.09164e-06
-7.20974e-12
7.09164e-06
-6.97521e-12
7.09164e-06
2.40458e-12
7.09164e-06
-4.79723e-11
7.09164e-06
5.1193e-11
-1.14707e-09
6.98708e-06
-2.75834e-09
6.98716e-06
-2.56847e-09
6.98729e-06
-2.09862e-09
6.98748e-06
-1.85921e-09
6.98772e-06
-1.7004e-09
6.98799e-06
-1.55484e-09
6.98827e-06
-1.39307e-09
6.98853e-06
-1.20845e-09
6.98878e-06
-1.00624e-09
6.989e-06
-7.9151e-10
6.98919e-06
-5.72655e-10
6.98935e-06
-3.52295e-10
6.98946e-06
-1.38833e-10
6.98954e-06
6.57485e-11
6.98958e-06
2.55349e-10
6.98958e-06
4.27722e-10
6.98955e-06
5.78196e-10
6.98949e-06
7.07679e-10
6.9894e-06
8.15441e-10
6.98929e-06
9.02321e-10
6.98917e-06
9.64654e-10
6.98903e-06
9.9554e-10
6.98889e-06
9.86106e-10
6.98875e-06
9.30833e-10
6.98861e-06
8.308e-10
6.98847e-06
6.99987e-10
6.98834e-06
5.60708e-10
6.98823e-06
4.393e-10
6.98812e-06
3.56521e-10
6.98803e-06
3.21055e-10
6.98795e-06
3.28728e-10
6.98789e-06
3.64566e-10
6.98784e-06
4.11028e-10
6.9878e-06
4.53173e-10
6.98777e-06
4.8504e-10
6.98774e-06
5.09096e-10
6.98773e-06
5.3576e-10
6.98773e-06
5.78006e-10
6.98774e-06
6.47586e-10
6.98775e-06
7.49992e-10
6.98776e-06
8.79389e-10
6.98777e-06
1.02148e-09
6.98777e-06
1.15115e-09
6.98775e-06
1.24667e-09
6.98772e-06
1.28809e-09
6.98766e-06
1.27138e-09
6.98758e-06
1.19999e-09
6.98747e-06
1.09306e-09
6.98734e-06
9.6631e-10
6.9872e-06
8.4075e-10
6.98705e-06
7.26435e-10
6.98691e-06
6.28382e-10
6.98677e-06
5.43664e-10
6.98664e-06
4.65208e-10
6.98653e-06
3.86994e-10
6.98644e-06
2.99966e-10
6.98638e-06
2.03722e-10
6.98633e-06
9.44217e-11
6.98631e-06
-2.05696e-11
6.98631e-06
-1.40694e-10
6.98633e-06
-2.5775e-10
6.98636e-06
-3.67959e-10
6.9864e-06
-4.65877e-10
6.98645e-06
-5.49465e-10
6.9865e-06
-6.14168e-10
6.98656e-06
-6.61712e-10
6.98662e-06
-6.88557e-10
6.98668e-06
-6.99178e-10
6.98673e-06
-6.92428e-10
6.98678e-06
-6.72806e-10
6.98682e-06
-6.4069e-10
6.98686e-06
-6.00549e-10
6.9869e-06
-5.53899e-10
6.98693e-06
-5.0379e-10
6.98695e-06
-4.52004e-10
6.98697e-06
-4.00519e-10
6.98698e-06
-3.50515e-10
6.987e-06
-3.03312e-10
6.98701e-06
-2.59472e-10
6.98701e-06
-2.19709e-10
6.98702e-06
-1.84042e-10
6.98702e-06
-1.52744e-10
6.98702e-06
-1.25469e-10
6.98702e-06
-1.02216e-10
6.98702e-06
-8.24407e-11
6.98702e-06
-6.60182e-11
6.98702e-06
-5.2343e-11
6.98702e-06
-4.1263e-11
6.98702e-06
-3.21925e-11
6.98702e-06
-2.50205e-11
6.98702e-06
-1.9249e-11
6.98702e-06
-1.47614e-11
6.98702e-06
-1.13031e-11
6.98702e-06
-8.53775e-12
6.98702e-06
-6.43675e-12
6.98702e-06
-6.62528e-12
6.98702e-06
4.07886e-12
6.98702e-06
-5.08417e-11
6.98702e-06
4.73369e-11
-1.15926e-09
6.87468e-06
-2.84276e-09
6.87475e-06
-2.64104e-09
6.87484e-06
-2.1881e-09
6.87499e-06
-2.00329e-09
6.87519e-06
-1.89988e-09
6.87542e-06
-1.79417e-09
6.87569e-06
-1.65341e-09
6.87595e-06
-1.47272e-09
6.8762e-06
-1.26032e-09
6.87644e-06
-1.02453e-09
6.87664e-06
-7.76333e-10
6.87681e-06
-5.20892e-10
6.87694e-06
-2.68439e-10
6.87703e-06
-2.28824e-11
6.87707e-06
2.08293e-10
6.87708e-06
4.21111e-10
6.87705e-06
6.09376e-10
6.87698e-06
7.72294e-10
6.87689e-06
9.07962e-10
6.87678e-06
1.01637e-09
6.87665e-06
1.09381e-09
6.87651e-06
1.13368e-09
6.87637e-06
1.12815e-09
6.87623e-06
1.07248e-09
6.87609e-06
9.68675e-10
6.87596e-06
8.31169e-10
6.87584e-06
6.82637e-10
6.87573e-06
5.49762e-10
6.87563e-06
4.53913e-10
6.87554e-06
4.04685e-10
6.87547e-06
3.98871e-10
6.87542e-06
4.22301e-10
6.87537e-06
4.57754e-10
6.87533e-06
4.90147e-10
6.87531e-06
5.12996e-10
6.87529e-06
5.28254e-10
6.87528e-06
5.46065e-10
6.87527e-06
5.79715e-10
6.87528e-06
6.41795e-10
6.87529e-06
7.39093e-10
6.8753e-06
8.67298e-10
6.87531e-06
1.01332e-09
6.87531e-06
1.15291e-09
6.87529e-06
1.2641e-09
6.87525e-06
1.32602e-09
6.87519e-06
1.33259e-09
6.87511e-06
1.28492e-09
6.875e-06
1.19936e-09
6.87488e-06
1.08951e-09
6.87474e-06
9.74524e-10
6.87461e-06
8.63746e-10
6.87447e-06
7.62106e-10
6.87435e-06
6.67439e-10
6.87424e-06
5.73865e-10
6.87415e-06
4.76773e-10
6.87408e-06
3.68802e-10
6.87404e-06
2.50817e-10
6.87401e-06
1.20494e-10
6.874e-06
-1.40562e-11
6.87401e-06
-1.5123e-10
6.87404e-06
-2.82542e-10
6.87407e-06
-4.03827e-10
6.87412e-06
-5.09725e-10
6.87417e-06
-5.98214e-10
6.87422e-06
-6.65189e-10
6.87427e-06
-7.12585e-10
6.87432e-06
-7.37515e-10
6.87436e-06
-7.44726e-10
6.8744e-06
-7.33699e-10
6.87444e-06
-7.0916e-10
6.87447e-06
-6.71992e-10
6.8745e-06
-6.26802e-10
6.87452e-06
-5.75394e-10
6.87454e-06
-5.20918e-10
6.87455e-06
-4.65259e-10
6.87456e-06
-4.10424e-10
6.87457e-06
-3.57605e-10
6.87457e-06
-3.08093e-10
6.87457e-06
-2.62409e-10
6.87458e-06
-2.21213e-10
6.87458e-06
-1.84469e-10
6.87458e-06
-1.52388e-10
6.87458e-06
-1.24573e-10
6.87457e-06
-1.00969e-10
6.87457e-06
-8.0997e-11
6.87457e-06
-6.44824e-11
6.87457e-06
-5.08028e-11
6.87457e-06
-3.97669e-11
6.87457e-06
-3.0785e-11
6.87457e-06
-2.3715e-11
6.87456e-06
-1.80644e-11
6.87456e-06
-1.36916e-11
6.87456e-06
-1.035e-11
6.87456e-06
-7.70861e-12
6.87456e-06
-5.62479e-12
6.87456e-06
-6.24655e-12
6.87456e-06
5.6986e-12
6.87456e-06
-5.39542e-11
6.87456e-06
4.90069e-11
-1.19465e-09
6.74999e-06
-3.10149e-09
6.75015e-06
-2.80391e-09
6.75025e-06
-2.28464e-09
6.75036e-06
-2.11115e-09
6.75051e-06
-2.04966e-09
6.7507e-06
-1.98679e-09
6.75092e-06
-1.8774e-09
6.75116e-06
-1.71325e-09
6.7514e-06
-1.50246e-09
6.75163e-06
-1.25489e-09
6.75184e-06
-9.83441e-10
6.75202e-06
-6.95791e-10
6.75215e-06
-4.04484e-10
6.75225e-06
-1.1617e-10
6.75229e-06
1.59331e-10
6.7523e-06
4.15592e-10
6.75227e-06
6.44242e-10
6.7522e-06
8.42368e-10
6.7521e-06
1.00666e-09
6.75198e-06
1.13626e-09
6.75184e-06
1.2276e-09
6.7517e-06
1.27467e-09
6.75156e-06
1.27098e-09
6.75142e-06
1.21295e-09
6.75128e-06
1.10371e-09
6.75116e-06
9.5831e-10
6.75104e-06
7.99818e-10
6.75093e-06
6.55245e-10
6.75084e-06
5.46522e-10
6.75076e-06
4.84099e-10
6.7507e-06
4.65693e-10
6.75064e-06
4.77871e-10
6.75059e-06
5.03641e-10
6.75056e-06
5.27668e-10
6.75053e-06
5.42842e-10
6.7505e-06
5.50556e-10
6.75049e-06
5.60706e-10
6.75048e-06
5.86979e-10
6.75048e-06
6.42919e-10
6.75048e-06
7.3668e-10
6.75049e-06
8.65429e-10
6.75048e-06
1.01712e-09
6.75047e-06
1.16806e-09
6.75043e-06
1.29573e-09
6.75038e-06
1.37796e-09
6.75031e-06
1.4064e-09
6.75021e-06
1.37971e-09
6.7501e-06
1.31165e-09
6.74998e-06
1.21392e-09
6.74985e-06
1.10426e-09
6.74972e-06
9.91765e-10
6.7496e-06
8.81701e-10
6.74949e-06
7.73024e-10
6.74941e-06
6.61327e-10
6.74934e-06
5.43614e-10
6.74929e-06
4.14297e-10
6.74927e-06
2.75535e-10
6.74926e-06
1.26388e-10
6.74927e-06
-2.44236e-11
6.7493e-06
-1.74568e-10
6.74933e-06
-3.15509e-10
6.74937e-06
-4.4312e-10
6.74941e-06
-5.52293e-10
6.74946e-06
-6.41379e-10
6.7495e-06
-7.06838e-10
6.74954e-06
-7.50993e-10
6.74957e-06
-7.71638e-10
6.7496e-06
-7.73838e-10
6.74962e-06
-7.57634e-10
6.74964e-06
-7.27935e-10
6.74966e-06
-6.86005e-10
6.74967e-06
-6.36504e-10
6.74967e-06
-5.81399e-10
6.74967e-06
-5.23846e-10
6.74967e-06
-4.65739e-10
6.74967e-06
-4.09029e-10
6.74967e-06
-3.54865e-10
6.74967e-06
-3.04444e-10
6.74966e-06
-2.58232e-10
6.74966e-06
-2.1679e-10
6.74965e-06
-1.80035e-10
6.74965e-06
-1.48093e-10
6.74965e-06
-1.20539e-10
6.74964e-06
-9.72544e-11
6.74964e-06
-7.76437e-11
6.74964e-06
-6.14935e-11
6.74963e-06
-4.8177e-11
6.74963e-06
-3.74777e-11
6.74963e-06
-2.88116e-11
6.74963e-06
-2.20197e-11
6.74963e-06
-1.66213e-11
6.74962e-06
-1.24619e-11
6.74962e-06
-9.30687e-12
6.74962e-06
-6.8428e-12
6.74962e-06
-4.80169e-12
6.74962e-06
-5.91145e-12
6.74962e-06
7.5114e-12
6.74962e-06
-5.89425e-11
6.74961e-06
6.59965e-11
-1.31627e-09
6.6135e-06
-3.40346e-09
6.61372e-06
-3.02498e-09
6.61385e-06
-2.41636e-09
6.61396e-06
-2.22405e-09
6.6141e-06
-2.1817e-09
6.61426e-06
-2.15032e-09
6.61445e-06
-2.07043e-09
6.61467e-06
-1.92674e-09
6.61489e-06
-1.72391e-09
6.6151e-06
-1.47088e-09
6.6153e-06
-1.18098e-09
6.61547e-06
-8.63888e-10
6.6156e-06
-5.34528e-10
6.61568e-06
-2.02927e-10
6.61573e-06
1.17888e-10
6.61572e-06
4.18301e-10
6.61568e-06
6.87289e-10
6.6156e-06
9.19527e-10
6.6155e-06
1.11029e-09
6.61538e-06
1.25807e-09
6.61525e-06
1.35977e-09
6.61511e-06
1.41039e-09
6.61498e-06
1.40526e-09
6.61485e-06
1.34225e-09
6.61472e-06
1.22583e-09
6.61461e-06
1.07171e-09
6.61451e-06
9.03322e-10
6.61441e-06
7.47832e-10
6.61433e-06
6.27555e-10
6.61426e-06
5.53617e-10
6.61421e-06
5.24496e-10
6.61416e-06
5.27371e-10
6.61411e-06
5.45371e-10
6.61408e-06
5.62826e-10
6.61405e-06
5.71956e-10
6.61403e-06
5.73603e-10
6.61401e-06
5.77472e-10
6.614e-06
5.97726e-10
6.61399e-06
6.48901e-10
6.61399e-06
7.40469e-10
6.61398e-06
8.70919e-10
6.61397e-06
1.029e-09
6.61395e-06
1.19133e-09
6.61391e-06
1.33453e-09
6.61385e-06
1.43504e-09
6.61378e-06
1.48224e-09
6.61368e-06
1.47253e-09
6.61358e-06
1.41734e-09
6.61347e-06
1.32692e-09
6.61335e-06
1.21799e-09
6.61324e-06
1.09977e-09
6.61315e-06
9.78184e-10
6.61307e-06
8.53524e-10
6.61301e-06
7.2301e-10
6.61296e-06
5.8529e-10
6.61294e-06
4.3652e-10
6.61294e-06
2.80001e-10
6.61295e-06
1.15984e-10
6.61297e-06
-4.65019e-11
6.613e-06
-2.04656e-10
6.61303e-06
-3.50282e-10
6.61307e-06
-4.79466e-10
6.61311e-06
-5.87688e-10
6.61314e-06
-6.73739e-10
6.61317e-06
-7.34814e-10
6.61319e-06
-7.73632e-10
6.61321e-06
-7.88683e-10
6.61322e-06
-7.85264e-10
6.61322e-06
-7.63907e-10
6.61323e-06
-7.2958e-10
6.61322e-06
-6.83831e-10
6.61322e-06
-6.3124e-10
6.61321e-06
-5.73849e-10
6.6132e-06
-5.14718e-10
6.61319e-06
-4.55675e-10
6.61318e-06
-3.98565e-10
6.61317e-06
-3.44438e-10
6.61316e-06
-2.94384e-10
6.61315e-06
-2.48779e-10
6.61314e-06
-2.08096e-10
6.61313e-06
-1.72186e-10
6.61313e-06
-1.41119e-10
6.61312e-06
-1.14429e-10
6.61312e-06
-9.19643e-11
6.61311e-06
-7.31165e-11
6.61311e-06
-5.76509e-11
6.6131e-06
-4.49474e-11
6.6131e-06
-3.47766e-11
6.6131e-06
-2.65717e-11
6.6131e-06
-2.01647e-11
6.6131e-06
-1.50959e-11
6.61309e-06
-1.12055e-11
6.61309e-06
-8.27071e-12
6.61309e-06
-6.01406e-12
6.61309e-06
-4.00898e-12
6.61309e-06
-5.70451e-12
6.61309e-06
9.6106e-12
6.6131e-06
-6.54894e-11
6.61307e-06
9.04138e-11
-1.43949e-09
6.46858e-06
-3.6399e-09
6.46877e-06
-3.21547e-09
6.4689e-06
-2.54951e-09
6.46902e-06
-2.34428e-09
6.46915e-06
-2.31163e-09
6.4693e-06
-2.30012e-09
6.46948e-06
-2.24198e-09
6.46966e-06
-2.1157e-09
6.46986e-06
-1.92114e-09
6.47006e-06
-1.66456e-09
6.47023e-06
-1.35839e-09
6.47038e-06
-1.01357e-09
6.4705e-06
-6.47335e-10
6.47057e-06
-2.73372e-10
6.47059e-06
9.14467e-11
6.47058e-06
4.3383e-10
6.47052e-06
7.39873e-10
6.47044e-06
1.00188e-09
6.47034e-06
1.21393e-09
6.47022e-06
1.37429e-09
6.4701e-06
1.48082e-09
6.46998e-06
1.53004e-09
6.46987e-06
1.5195e-09
6.46976e-06
1.44882e-09
6.46966e-06
1.32392e-09
6.46957e-06
1.16114e-09
6.46949e-06
9.84009e-10
6.46942e-06
8.19588e-10
6.46936e-06
6.90241e-10
6.4693e-06
6.07473e-10
6.46926e-06
5.70296e-10
6.46922e-06
5.66346e-10
6.46919e-06
5.78798e-10
6.46916e-06
5.91639e-10
6.46913e-06
5.96456e-10
6.46911e-06
5.93587e-10
6.4691e-06
5.92592e-10
6.46909e-06
6.08096e-10
6.46908e-06
6.55526e-10
6.46908e-06
7.45482e-10
6.46907e-06
8.7753e-10
6.46906e-06
1.041e-09
6.46904e-06
1.21265e-09
6.469e-06
1.3683e-09
6.46895e-06
1.48315e-09
6.46889e-06
1.54461e-09
6.46882e-06
1.54724e-09
6.46873e-06
1.50057e-09
6.46865e-06
1.41373e-09
6.46856e-06
1.30277e-09
6.46848e-06
1.17719e-09
6.46842e-06
1.04371e-09
6.46837e-06
9.03985e-10
6.46833e-06
7.56822e-10
6.46832e-06
6.02403e-10
6.46832e-06
4.38406e-10
6.46833e-06
2.69047e-10
6.46835e-06
9.54428e-11
6.46837e-06
-7.33368e-11
6.4684e-06
-2.34369e-10
6.46843e-06
-3.79962e-10
6.46846e-06
-5.06707e-10
6.46848e-06
-6.10678e-10
6.4685e-06
-6.91268e-10
6.46851e-06
-7.46332e-10
6.46852e-06
-7.78976e-10
6.46852e-06
-7.88268e-10
6.46851e-06
-7.79648e-10
6.4685e-06
-7.53994e-10
6.46849e-06
-7.16234e-10
6.46847e-06
-6.68059e-10
6.46846e-06
-6.13895e-10
6.46844e-06
-5.55753e-10
6.46842e-06
-4.96546e-10
6.4684e-06
-4.37987e-10
6.46838e-06
-3.81771e-10
6.46837e-06
-3.28846e-10
6.46835e-06
-2.80171e-10
6.46834e-06
-2.36047e-10
6.46833e-06
-1.96852e-10
6.46832e-06
-1.62399e-10
6.46831e-06
-1.32695e-10
6.46831e-06
-1.07269e-10
6.4683e-06
-8.59314e-11
6.46829e-06
-6.80867e-11
6.46829e-06
-5.34865e-11
6.46829e-06
-4.15297e-11
6.46828e-06
-3.19851e-11
6.46828e-06
-2.43084e-11
6.46828e-06
-1.83332e-11
6.46828e-06
-1.36225e-11
6.46828e-06
-1.00194e-11
6.46828e-06
-7.31122e-12
6.46828e-06
-5.27222e-12
6.46827e-06
-3.27777e-12
6.46827e-06
-5.62973e-12
6.46827e-06
1.17753e-11
6.46828e-06
-7.19574e-11
6.46826e-06
1.12586e-10
-1.5267e-09
6.31909e-06
-3.77381e-09
6.31919e-06
-3.31949e-09
6.31928e-06
-2.6372e-09
6.31938e-06
-2.44432e-09
6.31949e-06
-2.4288e-09
6.31963e-06
-2.43458e-09
6.31978e-06
-2.39281e-09
6.31994e-06
-2.27937e-09
6.32011e-06
-2.09038e-09
6.32028e-06
-1.82922e-09
6.32043e-06
-1.50695e-09
6.32055e-06
-1.13546e-09
6.32063e-06
-7.34226e-10
6.32068e-06
-3.20726e-10
6.32069e-06
8.4095e-11
6.32066e-06
4.63128e-10
6.3206e-06
7.99743e-10
6.32052e-06
1.08422e-09
6.32042e-06
1.30995e-09
6.32032e-06
1.47554e-09
6.32022e-06
1.58036e-09
6.32013e-06
1.62292e-09
6.32004e-06
1.60331e-09
6.31997e-06
1.52306e-09
6.3199e-06
1.38952e-09
6.31985e-06
1.2194e-09
6.31979e-06
1.03598e-09
6.31975e-06
8.65771e-10
6.31971e-06
7.30758e-10
6.31967e-06
6.4248e-10
6.31964e-06
6.00255e-10
6.31962e-06
5.92082e-10
6.31959e-06
6.01199e-10
6.31957e-06
6.11331e-10
6.31956e-06
6.1353e-10
6.31954e-06
6.07688e-10
6.31953e-06
6.03178e-10
6.31953e-06
6.14935e-10
6.31952e-06
6.59029e-10
6.31952e-06
7.4689e-10
6.31952e-06
8.78904e-10
6.31952e-06
1.04487e-09
6.31951e-06
1.22181e-09
6.31949e-06
1.38506e-09
6.31946e-06
1.50901e-09
6.31943e-06
1.57971e-09
6.31939e-06
1.59031e-09
6.31934e-06
1.54887e-09
6.31929e-06
1.46367e-09
6.31924e-06
1.35016e-09
6.3192e-06
1.21814e-09
6.31917e-06
1.07505e-09
6.31915e-06
9.23781e-10
6.31914e-06
7.64525e-10
6.31914e-06
5.98736e-10
6.31916e-06
4.25327e-10
6.31918e-06
2.49104e-10
6.3192e-06
7.17461e-11
6.31923e-06
-9.79463e-11
6.31925e-06
-2.57127e-10
6.31927e-06
-3.98819e-10
6.31928e-06
-5.20102e-10
6.31929e-06
-6.17764e-10
6.31929e-06
-6.91659e-10
6.31928e-06
-7.40282e-10
6.31927e-06
-7.6698e-10
6.31925e-06
-7.71288e-10
6.31923e-06
-7.58623e-10
6.31921e-06
-7.30097e-10
6.31918e-06
-6.9047e-10
6.31916e-06
-6.41493e-10
6.31913e-06
-5.87342e-10
6.3191e-06
-5.29956e-10
6.31908e-06
-4.7205e-10
6.31906e-06
-4.15197e-10
6.31904e-06
-3.60946e-10
6.31902e-06
-3.10125e-10
6.319e-06
-2.63591e-10
6.31899e-06
-2.21562e-10
6.31897e-06
-1.84356e-10
6.31896e-06
-1.51745e-10
6.31895e-06
-1.23709e-10
6.31895e-06
-9.97658e-11
6.31894e-06
-7.97244e-11
6.31893e-06
-6.29987e-11
6.31893e-06
-4.93451e-11
6.31893e-06
-3.8187e-11
6.31892e-06
-2.92996e-11
6.31892e-06
-2.21677e-11
6.31892e-06
-1.66301e-11
6.31892e-06
-1.22755e-11
6.31892e-06
-8.95594e-12
6.31892e-06
-6.46175e-12
6.31892e-06
-4.63754e-12
6.31892e-06
-2.63154e-12
6.31892e-06
-5.63289e-12
6.31891e-06
1.36813e-11
6.31892e-06
-7.69682e-11
6.3189e-06
1.2843e-10
-1.57493e-09
6.16796e-06
-3.80653e-09
6.16797e-06
-3.32701e-09
6.16799e-06
-2.65695e-09
6.16805e-06
-2.49882e-09
6.16813e-06
-2.51303e-09
6.16823e-06
-2.54023e-09
6.16836e-06
-2.51397e-09
6.16849e-06
-2.41062e-09
6.16862e-06
-2.22444e-09
6.16875e-06
-1.95695e-09
6.16886e-06
-1.61831e-09
6.16895e-06
-1.22157e-09
6.169e-06
-7.88635e-10
6.16902e-06
-3.40775e-10
6.16901e-06
9.71161e-11
6.16897e-06
5.04436e-10
6.1689e-06
8.62307e-10
6.16883e-06
1.15967e-09
6.16875e-06
1.38994e-09
6.16867e-06
1.55267e-09
6.1686e-06
1.64923e-09
6.16855e-06
1.6805e-09
6.1685e-06
1.64924e-09
6.16846e-06
1.5589e-09
6.16843e-06
1.418e-09
6.16841e-06
1.24322e-09
6.16839e-06
1.05709e-09
6.16837e-06
8.85037e-10
6.16835e-06
7.48213e-10
6.16834e-06
6.57875e-10
6.16832e-06
6.13503e-10
6.16831e-06
6.03478e-10
6.1683e-06
6.11232e-10
6.16829e-06
6.2039e-10
6.16829e-06
6.21585e-10
6.16828e-06
6.14247e-10
6.16828e-06
6.07409e-10
6.16827e-06
6.1601e-10
6.16828e-06
6.56394e-10
6.16828e-06
7.40492e-10
6.16829e-06
8.69354e-10
6.1683e-06
1.03335e-09
6.16832e-06
1.21013e-09
6.16833e-06
1.37513e-09
6.16833e-06
1.50263e-09
6.16833e-06
1.57791e-09
6.16833e-06
1.59322e-09
6.16832e-06
1.55536e-09
6.16832e-06
1.47186e-09
6.16831e-06
1.3575e-09
6.16831e-06
1.2222e-09
6.16831e-06
1.07391e-09
6.16831e-06
9.16463e-10
6.16833e-06
7.51163e-10
6.16835e-06
5.80406e-10
6.16837e-06
4.0399e-10
6.16839e-06
2.27018e-10
6.16841e-06
5.14235e-11
6.16843e-06
-1.14448e-10
6.16844e-06
-2.68018e-10
6.16844e-06
-4.02989e-10
6.16844e-06
-5.17018e-10
6.16843e-06
-6.0742e-10
6.16841e-06
-6.74511e-10
6.16839e-06
-7.17209e-10
6.16836e-06
-7.38995e-10
6.16833e-06
-7.39685e-10
6.16829e-06
-7.24571e-10
6.16826e-06
-6.94851e-10
6.16822e-06
-6.55048e-10
6.16819e-06
-6.06872e-10
6.16815e-06
-5.54227e-10
6.16812e-06
-4.98923e-10
6.1681e-06
-4.43475e-10
6.16807e-06
-3.89314e-10
6.16805e-06
-3.37838e-10
6.16803e-06
-2.89788e-10
6.16801e-06
-2.45912e-10
6.16799e-06
-2.06387e-10
6.16798e-06
-1.71469e-10
6.16797e-06
-1.40926e-10
6.16796e-06
-1.14709e-10
6.16795e-06
-9.23592e-11
6.16795e-06
-7.36758e-11
6.16794e-06
-5.81064e-11
6.16794e-06
-4.54144e-11
6.16793e-06
-3.50557e-11
6.16793e-06
-2.6818e-11
6.16793e-06
-2.02162e-11
6.16793e-06
-1.51001e-11
6.16793e-06
-1.10832e-11
6.16793e-06
-8.03046e-12
6.16793e-06
-5.73198e-12
6.16793e-06
-4.11019e-12
6.16793e-06
-2.08278e-12
6.16793e-06
-5.64649e-12
6.16792e-06
1.51028e-11
6.16793e-06
-7.99038e-11
6.16792e-06
1.37481e-10
-1.58793e-09
6.01684e-06
-3.75229e-09
6.01677e-06
-3.25452e-09
6.01673e-06
-2.61249e-09
6.01673e-06
-2.49839e-09
6.01676e-06
-2.54872e-09
6.01682e-06
-2.60106e-09
6.0169e-06
-2.59152e-09
6.01699e-06
-2.49766e-09
6.01708e-06
-2.31302e-09
6.01716e-06
-2.03853e-09
6.01722e-06
-1.6844e-09
6.01727e-06
-1.26548e-09
6.01729e-06
-8.06387e-10
6.01728e-06
-3.32078e-10
6.01725e-06
1.29099e-10
6.0172e-06
5.53731e-10
6.01714e-06
9.21512e-10
6.01708e-06
1.22092e-09
6.01702e-06
1.44613e-09
6.01697e-06
1.59824e-09
6.01694e-06
1.68094e-09
6.01692e-06
1.69763e-09
6.01692e-06
1.65369e-09
6.01692e-06
1.55426e-09
6.01693e-06
1.40863e-09
6.01694e-06
1.23295e-09
6.01695e-06
1.04838e-09
6.01696e-06
8.78701e-10
6.01696e-06
7.43847e-10
6.01697e-06
6.54563e-10
6.01697e-06
6.10476e-10
6.01697e-06
6.00496e-10
6.01698e-06
6.08478e-10
6.01698e-06
6.18156e-10
6.01698e-06
6.19824e-10
6.01698e-06
6.12353e-10
6.01699e-06
6.04145e-10
6.01699e-06
6.09725e-10
6.017e-06
6.45293e-10
6.01702e-06
7.22997e-10
6.01704e-06
8.44539e-10
6.01708e-06
1.00118e-09
6.01712e-06
1.17179e-09
6.01716e-06
1.33263e-09
6.0172e-06
1.45865e-09
6.01724e-06
1.53488e-09
6.01729e-06
1.55305e-09
6.01732e-06
1.51879e-09
6.01735e-06
1.43882e-09
6.01739e-06
1.32699e-09
6.01741e-06
1.19308e-09
6.01744e-06
1.04522e-09
6.01747e-06
8.87875e-10
6.0175e-06
7.23093e-10
6.01753e-06
5.53877e-10
6.01755e-06
3.80604e-10
6.01757e-06
2.08401e-10
6.01758e-06
3.9251e-11
6.01759e-06
-1.19111e-10
6.01758e-06
-2.64388e-10
6.01757e-06
-3.90989e-10
6.01755e-06
-4.96972e-10
6.01752e-06
-5.80158e-10
6.01749e-06
-6.41077e-10
6.01745e-06
-6.78981e-10
6.01741e-06
-6.97301e-10
6.01737e-06
-6.96016e-10
6.01732e-06
-6.80157e-10
6.01728e-06
-6.5092e-10
6.01723e-06
-6.1252e-10
6.01719e-06
-5.6659e-10
6.01716e-06
-5.16716e-10
6.01712e-06
-4.64586e-10
6.01709e-06
-4.12503e-10
6.01706e-06
-3.61766e-10
6.01704e-06
-3.13654e-10
6.01702e-06
-2.68816e-10
6.017e-06
-2.27939e-10
6.01699e-06
-1.91154e-10
6.01697e-06
-1.58694e-10
6.01696e-06
-1.30321e-10
6.01695e-06
-1.0599e-10
6.01695e-06
-8.52568e-11
6.01694e-06
-6.79404e-11
6.01694e-06
-5.3516e-11
6.01693e-06
-4.17666e-11
6.01693e-06
-3.21821e-11
6.01693e-06
-2.45668e-11
6.01693e-06
-1.84681e-11
6.01692e-06
-1.37478e-11
6.01692e-06
-1.0044e-11
6.01692e-06
-7.23835e-12
6.01692e-06
-5.11374e-12
6.01692e-06
-3.67796e-12
6.01692e-06
-1.63406e-12
6.01692e-06
-5.62432e-12
6.01692e-06
1.59615e-11
6.01692e-06
-8.07091e-11
6.01692e-06
1.40391e-10
-1.56884e-09
5.86617e-06
-3.6282e-09
5.86604e-06
-3.12681e-09
5.86595e-06
-2.51977e-09
5.86589e-06
-2.44527e-09
5.86587e-06
-2.52771e-09
5.86587e-06
-2.60399e-09
5.86589e-06
-2.61143e-09
5.86592e-06
-2.52746e-09
5.86596e-06
-2.34493e-09
5.86598e-06
-2.06492e-09
5.866e-06
-1.69866e-09
5.86599e-06
-1.26337e-09
5.86598e-06
-7.86576e-10
5.86594e-06
-2.96598e-10
5.86589e-06
1.75539e-10
5.86584e-06
6.04638e-10
5.86579e-06
9.69974e-10
5.86575e-06
1.2605e-09
5.86573e-06
1.47181e-09
5.86572e-06
1.60689e-09
5.86573e-06
1.67181e-09
5.86575e-06
1.67248e-09
5.86579e-06
1.61653e-09
5.86584e-06
1.51045e-09
5.86588e-06
1.36377e-09
5.86592e-06
1.19152e-09
5.86596e-06
1.01293e-09
5.86599e-06
8.49679e-10
5.86601e-06
7.20125e-10
5.86603e-06
6.34392e-10
5.86605e-06
5.92358e-10
5.86606e-06
5.83714e-10
5.86608e-06
5.93035e-10
5.86609e-06
6.04389e-10
5.86611e-06
6.07788e-10
5.86612e-06
6.01371e-10
5.86613e-06
5.92546e-10
5.86614e-06
5.9495e-10
5.86616e-06
6.24223e-10
5.86619e-06
6.92514e-10
5.86624e-06
8.02289e-10
5.86629e-06
9.46158e-10
5.86636e-06
1.10486e-09
5.86644e-06
1.2563e-09
5.86652e-06
1.37672e-09
5.8666e-06
1.45143e-09
5.86668e-06
1.47184e-09
5.86676e-06
1.44239e-09
5.86683e-06
1.36877e-09
5.86689e-06
1.26368e-09
5.86695e-06
1.13638e-09
5.867e-06
9.94859e-10
5.86704e-06
8.43836e-10
5.86708e-06
6.85793e-10
5.86711e-06
5.2403e-10
5.86713e-06
3.5923e-10
5.86714e-06
1.9636e-10
5.86715e-06
3.72893e-11
5.86714e-06
-1.10889e-10
5.86712e-06
-2.46188e-10
5.86709e-06
-3.63562e-10
5.86706e-06
-4.61457e-10
5.86701e-06
-5.37947e-10
5.86697e-06
-5.93731e-10
5.86692e-06
-6.28175e-10
5.86686e-06
-6.44563e-10
5.86681e-06
-6.42888e-10
5.86676e-06
-6.27863e-10
5.86671e-06
-6.00585e-10
5.86666e-06
-5.64939e-10
5.86662e-06
-5.22429e-10
5.86658e-06
-4.7634e-10
5.86654e-06
-4.28217e-10
5.86651e-06
-3.80174e-10
5.86648e-06
-3.33393e-10
5.86645e-06
-2.89042e-10
5.86643e-06
-2.47718e-10
5.86641e-06
-2.10042e-10
5.8664e-06
-1.7614e-10
5.86639e-06
-1.46218e-10
5.86638e-06
-1.20063e-10
5.86637e-06
-9.76275e-11
5.86636e-06
-7.85092e-11
5.86636e-06
-6.25372e-11
5.86635e-06
-4.92317e-11
5.86635e-06
-3.83936e-11
5.86635e-06
-2.95512e-11
5.86634e-06
-2.25279e-11
5.86634e-06
-1.69027e-11
5.86634e-06
-1.25526e-11
5.86634e-06
-9.1384e-12
5.86634e-06
-6.56019e-12
5.86634e-06
-4.59246e-12
5.86634e-06
-3.32393e-12
5.86634e-06
-1.2794e-12
5.86634e-06
-5.53828e-12
5.86634e-06
1.62703e-11
5.86634e-06
-7.95696e-11
5.86634e-06
1.38018e-10
-1.52027e-09
5.71547e-06
-3.45237e-09
5.71531e-06
-2.96626e-09
5.71519e-06
-2.39245e-09
5.71508e-06
-2.3428e-09
5.715e-06
-2.44549e-09
5.71494e-06
-2.53977e-09
5.71489e-06
-2.56244e-09
5.71485e-06
-2.48894e-09
5.71482e-06
-2.31079e-09
5.71478e-06
-2.02946e-09
5.71474e-06
-1.65767e-09
5.71469e-06
-1.21529e-09
5.71464e-06
-7.32552e-10
5.71458e-06
-2.4047e-10
5.71453e-06
2.2835e-10
5.71449e-06
6.48157e-10
5.71446e-06
9.98906e-10
5.71445e-06
1.2708e-09
5.71446e-06
1.46124e-09
5.71449e-06
1.5751e-09
5.71454e-06
1.62065e-09
5.71461e-06
1.60592e-09
5.71468e-06
1.54027e-09
5.71476e-06
1.43109e-09
5.71484e-06
1.2876e-09
5.71491e-06
1.12323e-09
5.71496e-06
9.54842e-10
5.71501e-06
8.016e-10
5.71505e-06
6.80066e-10
5.71509e-06
5.997e-10
5.71512e-06
5.60783e-10
5.71515e-06
5.54085e-10
5.71518e-06
5.6525e-10
5.7152e-06
5.78943e-10
5.71522e-06
5.84974e-10
5.71525e-06
5.8059e-10
5.71527e-06
5.71845e-10
5.71529e-06
5.71024e-10
5.71532e-06
5.92793e-10
5.71536e-06
6.49111e-10
5.71542e-06
7.43328e-10
5.7155e-06
8.69828e-10
5.71559e-06
1.01186e-09
5.7157e-06
1.14963e-09
5.71582e-06
1.26126e-09
5.71593e-06
1.33272e-09
5.71605e-06
1.35526e-09
5.71616e-06
1.33208e-09
5.71626e-06
1.26771e-09
5.71635e-06
1.17336e-09
5.71643e-06
1.05749e-09
5.7165e-06
9.27593e-10
5.71655e-06
7.88332e-10
5.7166e-06
6.42321e-10
5.71663e-06
4.92905e-10
5.71665e-06
3.4088e-10
5.71665e-06
1.90906e-10
5.71664e-06
4.4656e-11
5.71663e-06
-9.14438e-11
5.71659e-06
-2.15642e-10
5.71655e-06
-3.23409e-10
5.71651e-06
-4.13372e-10
5.71645e-06
-4.83838e-10
5.71639e-06
-5.35442e-10
5.71633e-06
-5.67612e-10
5.71627e-06
-5.83351e-10
5.71621e-06
-5.82596e-10
5.71615e-06
-5.69659e-10
5.7161e-06
-5.45501e-10
5.71605e-06
-5.13645e-10
5.716e-06
-4.75458e-10
5.71596e-06
-4.3391e-10
5.71592e-06
-3.90418e-10
5.71589e-06
-3.4691e-10
5.71586e-06
-3.04467e-10
5.71583e-06
-2.6417e-10
5.71581e-06
-2.26564e-10
5.71579e-06
-1.9224e-10
5.71578e-06
-1.6131e-10
5.71577e-06
-1.33989e-10
5.71576e-06
-1.10073e-10
5.71575e-06
-8.95458e-11
5.71574e-06
-7.20301e-11
5.71574e-06
-5.73901e-11
5.71573e-06
-4.51808e-11
5.71573e-06
-3.52311e-11
5.71573e-06
-2.71067e-11
5.71573e-06
-2.0652e-11
5.71572e-06
-1.54791e-11
5.71572e-06
-1.14798e-11
5.71572e-06
-8.33735e-12
5.71572e-06
-5.97266e-12
5.71572e-06
-4.14738e-12
5.71572e-06
-3.0292e-12
5.71572e-06
-1.00957e-12
5.71572e-06
-5.37392e-12
5.71572e-06
1.60715e-11
5.71572e-06
-7.67388e-11
5.71572e-06
1.31466e-10
-1.44606e-09
5.56364e-06
-3.24347e-09
5.56346e-06
-2.78451e-09
5.5633e-06
-2.23228e-09
5.56314e-06
-2.18868e-09
5.563e-06
-2.29812e-09
5.56286e-06
-2.40286e-09
5.56273e-06
-2.43782e-09
5.56262e-06
-2.37539e-09
5.56252e-06
-2.20548e-09
5.56242e-06
-1.92987e-09
5.56232e-06
-1.56278e-09
5.56223e-06
-1.12625e-09
5.56215e-06
-6.52493e-10
5.56209e-06
-1.741e-10
5.56204e-06
2.76124e-10
5.56201e-06
6.73196e-10
5.56201e-06
9.98678e-10
5.56204e-06
1.24451e-09
5.56209e-06
1.40985e-09
5.56216e-06
1.50118e-09
5.56226e-06
1.52834e-09
5.56236e-06
1.50092e-09
5.56247e-06
1.42928e-09
5.56258e-06
1.32122e-09
5.56268e-06
1.18527e-09
5.56278e-06
1.03294e-09
5.56285e-06
8.78447e-10
5.56292e-06
7.38234e-10
5.56297e-06
6.26878e-10
5.56301e-06
5.53121e-10
5.56306e-06
5.17757e-10
5.5631e-06
5.12919e-10
5.56314e-06
5.25693e-10
5.56318e-06
5.41691e-10
5.56321e-06
5.50713e-10
5.56324e-06
5.49083e-10
5.56327e-06
5.41243e-10
5.56331e-06
5.37713e-10
5.56335e-06
5.51773e-10
5.5634e-06
5.94916e-10
5.56347e-06
6.71358e-10
5.56356e-06
7.7749e-10
5.56368e-06
8.99485e-10
5.56381e-06
1.02036e-09
5.56395e-06
1.12058e-09
5.56409e-06
1.18718e-09
5.56424e-06
1.21143e-09
5.56437e-06
1.19534e-09
5.5645e-06
1.14215e-09
5.56461e-06
1.06142e-09
5.56471e-06
9.60534e-10
5.56479e-06
8.46237e-10
5.56485e-06
7.22842e-10
5.5649e-06
5.92859e-10
5.56494e-06
4.5949e-10
5.56496e-06
3.2348e-10
5.56496e-06
1.89093e-10
5.56494e-06
5.77443e-11
5.56492e-06
-6.47884e-11
5.56488e-06
-1.76985e-10
5.56483e-06
-2.74694e-10
5.56477e-06
-3.56746e-10
5.56471e-06
-4.2148e-10
5.56464e-06
-4.69485e-10
5.56458e-06
-5.00099e-10
5.56451e-06
-5.16003e-10
5.56444e-06
-5.16996e-10
5.56438e-06
-5.06971e-10
5.56432e-06
-4.86698e-10
5.56427e-06
-4.59335e-10
5.56422e-06
-4.26083e-10
5.56417e-06
-3.89612e-10
5.56414e-06
-3.51195e-10
5.5641e-06
-3.12592e-10
5.56407e-06
-2.74789e-10
5.56405e-06
-2.38779e-10
5.56402e-06
-2.0508e-10
5.56401e-06
-1.74242e-10
5.56399e-06
-1.46394e-10
5.56398e-06
-1.2174e-10
5.56397e-06
-1.00123e-10
5.56396e-06
-8.15313e-11
5.56396e-06
-6.56443e-11
5.56395e-06
-5.23431e-11
5.56395e-06
-4.1235e-11
5.56394e-06
-3.21716e-11
5.56394e-06
-2.47605e-11
5.56394e-06
-1.88681e-11
5.56394e-06
-1.41394e-11
5.56394e-06
-1.04834e-11
5.56394e-06
-7.60458e-12
5.56394e-06
-5.44546e-12
5.56394e-06
-3.75774e-12
5.56393e-06
-2.77453e-12
5.56393e-06
-8.14238e-13
5.56393e-06
-5.11251e-12
5.56394e-06
1.53787e-11
5.56393e-06
-7.23817e-11
5.56394e-06
1.22062e-10
-1.35405e-09
5.40879e-06
-3.015e-09
5.40858e-06
-2.57491e-09
5.40838e-06
-2.02885e-09
5.40817e-06
-1.97784e-09
5.40795e-06
-2.08473e-09
5.40774e-06
-2.19361e-09
5.40754e-06
-2.23769e-09
5.40736e-06
-2.1871e-09
5.40718e-06
-2.03055e-09
5.40702e-06
-1.7701e-09
5.40688e-06
-1.42082e-09
5.40676e-06
-1.00593e-09
5.40666e-06
-5.5819e-10
5.4066e-06
-1.10244e-10
5.40657e-06
3.06508e-10
5.40657e-06
6.69026e-10
5.40661e-06
9.61085e-10
5.40668e-06
1.17641e-09
5.40677e-06
1.31554e-09
5.40689e-06
1.38589e-09
5.40702e-06
1.39804e-09
5.40716e-06
1.36225e-09
5.4073e-06
1.28922e-09
5.40743e-06
1.18666e-09
5.40756e-06
1.06219e-09
5.40766e-06
9.25383e-10
5.40775e-06
7.87797e-10
5.40783e-06
6.63063e-10
5.40789e-06
5.63634e-10
5.40795e-06
4.9739e-10
5.408e-06
4.6562e-10
5.40805e-06
4.61995e-10
5.4081e-06
4.75398e-10
5.40815e-06
4.9283e-10
5.4082e-06
5.04464e-10
5.40824e-06
5.05896e-10
5.40828e-06
4.99904e-10
5.40832e-06
4.94964e-10
5.40837e-06
5.02551e-10
5.40844e-06
5.33286e-10
5.40851e-06
5.91957e-10
5.40862e-06
6.76858e-10
5.40874e-06
7.77191e-10
5.40888e-06
8.79053e-10
5.40903e-06
9.65667e-10
5.4092e-06
1.02546e-09
5.40936e-06
1.05008e-09
5.40951e-06
1.04054e-09
5.40966e-06
9.98825e-10
5.40978e-06
9.32817e-10
5.4099e-06
8.48655e-10
5.40999e-06
7.52138e-10
5.41007e-06
6.47031e-10
5.41012e-06
5.35561e-10
5.41016e-06
4.20629e-10
5.41018e-06
3.02826e-10
5.41019e-06
1.85944e-10
5.41017e-06
7.11149e-11
5.41014e-06
-3.6552e-11
5.4101e-06
-1.35726e-10
5.41005e-06
-2.22685e-10
5.40999e-06
-2.96319e-10
5.40992e-06
-3.55098e-10
5.40985e-06
-3.99402e-10
5.40978e-06
-4.28521e-10
5.40971e-06
-4.4475e-10
5.40964e-06
-4.47737e-10
5.40958e-06
-4.40913e-10
5.40951e-06
-4.24842e-10
5.40946e-06
-4.02299e-10
5.4094e-06
-3.74312e-10
5.40936e-06
-3.4323e-10
5.40932e-06
-3.10191e-10
5.40928e-06
-2.76767e-10
5.40925e-06
-2.43845e-10
5.40922e-06
-2.12348e-10
5.4092e-06
-1.82743e-10
5.40918e-06
-1.55567e-10
5.40917e-06
-1.30936e-10
5.40916e-06
-1.09079e-10
5.40914e-06
-8.98515e-11
5.40914e-06
-7.32862e-11
5.40913e-06
-5.90876e-11
5.40912e-06
-4.71828e-11
5.40912e-06
-3.72154e-11
5.40912e-06
-2.90712e-11
5.40912e-06
-2.23968e-11
5.40911e-06
-1.7084e-11
5.40911e-06
-1.28117e-11
5.40911e-06
-9.50699e-12
5.40911e-06
-6.89622e-12
5.40911e-06
-4.94643e-12
5.40911e-06
-3.39667e-12
5.40911e-06
-2.53921e-12
5.40911e-06
-6.82261e-13
5.40911e-06
-4.73453e-12
5.40911e-06
1.41634e-11
5.4091e-06
-6.64425e-11
5.40912e-06
1.10544e-10
-1.25744e-09
5.24773e-06
-2.76221e-09
5.24747e-06
-2.31742e-09
5.24722e-06
-1.77513e-09
5.24695e-06
-1.71491e-09
5.24668e-06
-1.81524e-09
5.24641e-06
-1.92318e-09
5.24615e-06
-1.97288e-09
5.2459e-06
-1.93434e-09
5.24566e-06
-1.79616e-09
5.24545e-06
-1.56065e-09
5.24527e-06
-1.24285e-09
5.24513e-06
-8.65548e-10
5.24504e-06
-4.60446e-10
5.24498e-06
-5.84268e-11
5.24498e-06
3.12081e-10
5.24502e-06
6.30867e-10
5.24509e-06
8.84116e-10
5.2452e-06
1.06708e-09
5.24534e-06
1.18116e-09
5.24549e-06
1.23386e-09
5.24565e-06
1.23561e-09
5.24582e-06
1.19641e-09
5.24598e-06
1.1266e-09
5.24613e-06
1.03343e-09
5.24627e-06
9.23547e-10
5.24639e-06
8.04779e-10
5.24649e-06
6.86228e-10
5.24658e-06
5.78813e-10
5.24665e-06
4.92761e-10
5.24671e-06
4.34865e-10
5.24677e-06
4.06715e-10
5.24683e-06
4.03505e-10
5.24689e-06
4.16157e-10
5.24695e-06
4.3351e-10
5.24701e-06
4.46632e-10
5.24706e-06
4.50822e-10
5.24711e-06
4.47406e-10
5.24717e-06
4.42747e-10
5.24722e-06
4.46205e-10
5.24729e-06
4.67036e-10
5.24737e-06
5.10072e-10
5.24747e-06
5.75067e-10
5.24759e-06
6.54007e-10
5.24774e-06
7.36085e-10
5.2479e-06
8.0749e-10
5.24806e-06
8.58444e-10
5.24823e-06
8.81331e-10
5.2484e-06
8.76529e-10
5.24855e-06
8.44997e-10
5.24869e-06
7.93002e-10
5.24881e-06
7.25417e-10
5.24892e-06
6.47004e-10
5.249e-06
5.60861e-10
5.24907e-06
4.68815e-10
5.24912e-06
3.73362e-10
5.24915e-06
2.74863e-10
5.24916e-06
1.76599e-10
5.24915e-06
7.93869e-11
5.24912e-06
-1.23276e-11
5.24908e-06
-9.74498e-11
5.24903e-06
-1.72629e-10
5.24898e-06
-2.36962e-10
5.24891e-06
-2.88931e-10
5.24884e-06
-3.28846e-10
5.24877e-06
-3.55879e-10
5.24869e-06
-3.71967e-10
5.24862e-06
-3.76593e-10
5.24855e-06
-3.72731e-10
5.24849e-06
-3.60723e-10
5.24843e-06
-3.4295e-10
5.24838e-06
-3.20248e-10
5.24833e-06
-2.94643e-10
5.24828e-06
-2.67107e-10
5.24825e-06
-2.39022e-10
5.24821e-06
-2.1117e-10
5.24819e-06
-1.84372e-10
5.24816e-06
-1.59061e-10
5.24814e-06
-1.35726e-10
5.24813e-06
-1.14497e-10
5.24811e-06
-9.55909e-11
5.2481e-06
-7.89082e-11
5.24809e-06
-6.44899e-11
5.24809e-06
-5.20989e-11
5.24808e-06
-4.1681e-11
5.24808e-06
-3.29361e-11
5.24807e-06
-2.57753e-11
5.24807e-06
-1.98909e-11
5.24807e-06
-1.51996e-11
5.24807e-06
-1.14162e-11
5.24807e-06
-8.48782e-12
5.24807e-06
-6.16394e-12
5.24806e-06
-4.43594e-12
5.24806e-06
-3.03744e-12
5.24806e-06
-2.30125e-12
5.24806e-06
-5.96981e-13
5.24806e-06
-4.2253e-12
5.24807e-06
1.24038e-11
5.24806e-06
-5.8691e-11
5.24807e-06
9.59047e-11
-1.16542e-09
5.07438e-06
-2.45164e-09
5.07408e-06
-2.02372e-09
5.07381e-06
-1.49897e-09
5.07352e-06
-1.43047e-09
5.07323e-06
-1.51928e-09
5.07292e-06
-1.61951e-09
5.07262e-06
-1.66913e-09
5.07232e-06
-1.64008e-09
5.07205e-06
-1.5218e-09
5.07181e-06
-1.31684e-09
5.0716e-06
-1.03945e-09
5.07145e-06
-7.10794e-10
5.07135e-06
-3.60041e-10
5.0713e-06
-1.48796e-11
5.07131e-06
3.00401e-10
5.07138e-06
5.6897e-10
5.07148e-06
7.79562e-10
5.07162e-06
9.28797e-10
5.07178e-06
1.01856e-09
5.07196e-06
1.05594e-09
5.07215e-06
1.05053e-09
5.07233e-06
1.01141e-09
5.07251e-06
9.48008e-10
5.07268e-06
8.66793e-10
5.07283e-06
7.73441e-10
5.07296e-06
6.74163e-10
5.07307e-06
5.7587e-10
5.07316e-06
4.86924e-10
5.07324e-06
4.15313e-10
5.0733e-06
3.6657e-10
5.07337e-06
3.42343e-10
5.07343e-06
3.39209e-10
5.0735e-06
3.5018e-10
5.07357e-06
3.66197e-10
5.07363e-06
3.79636e-10
5.0737e-06
3.85943e-10
5.07376e-06
3.85317e-10
5.07382e-06
3.82144e-10
5.07388e-06
3.83558e-10
5.07395e-06
3.97121e-10
5.07404e-06
4.27232e-10
5.07414e-06
4.746e-10
5.07426e-06
5.33618e-10
5.0744e-06
5.96376e-10
5.07455e-06
6.52069e-10
5.07472e-06
6.92915e-10
5.07489e-06
7.12367e-10
5.07505e-06
7.10459e-10
5.07521e-06
6.87403e-10
5.07536e-06
6.47983e-10
5.07548e-06
5.95877e-10
5.0756e-06
5.34802e-10
5.07569e-06
4.67155e-10
5.07577e-06
3.9432e-10
5.07582e-06
3.18334e-10
5.07586e-06
2.3931e-10
5.07587e-06
1.59982e-10
5.07587e-06
8.08671e-11
5.07585e-06
5.70451e-12
5.07582e-06
-6.46173e-11
5.07577e-06
-1.27238e-10
5.07572e-06
-1.81365e-10
5.07566e-06
-2.25688e-10
5.07559e-06
-2.60337e-10
5.07552e-06
-2.84492e-10
5.07544e-06
-2.9972e-10
5.07537e-06
-3.05375e-10
5.0753e-06
-3.03965e-10
5.07524e-06
-2.95624e-10
5.07518e-06
-2.82325e-10
5.07512e-06
-2.64718e-10
5.07507e-06
-2.44478e-10
5.07503e-06
-2.22417e-10
5.07499e-06
-1.997e-10
5.07495e-06
-1.76983e-10
5.07492e-06
-1.54995e-10
5.0749e-06
-1.34096e-10
5.07488e-06
-1.14747e-10
5.07486e-06
-9.70527e-11
5.07485e-06
-8.12447e-11
5.07484e-06
-6.72285e-11
5.07483e-06
-5.50872e-11
5.07482e-06
-4.46048e-11
5.07481e-06
-3.57751e-11
5.07481e-06
-2.83335e-11
5.0748e-06
-2.22279e-11
5.0748e-06
-1.71918e-11
5.0748e-06
-1.31701e-11
5.0748e-06
-9.91445e-12
5.0748e-06
-7.39295e-12
5.0748e-06
-5.37931e-12
5.0748e-06
-3.89217e-12
5.0748e-06
-2.65793e-12
5.0748e-06
-2.04661e-12
5.07479e-06
-5.32012e-13
5.07479e-06
-3.62611e-12
5.0748e-06
1.02879e-11
5.07479e-06
-4.94903e-11
5.07481e-06
7.73677e-11
-1.04556e-09
4.87874e-06
-2.06061e-09
4.87842e-06
-1.70883e-09
4.87815e-06
-1.22552e-09
4.87787e-06
-1.14986e-09
4.87757e-06
-1.22091e-09
4.87726e-06
-1.30568e-09
4.87694e-06
-1.34858e-09
4.87662e-06
-1.32486e-09
4.87632e-06
-1.22542e-09
4.87606e-06
-1.05302e-09
4.87584e-06
-8.20637e-10
4.87568e-06
-5.46909e-10
4.87557e-06
-2.57417e-10
4.87554e-06
2.438e-11
4.87556e-06
2.78992e-10
4.87563e-06
4.93277e-10
4.87575e-06
6.58634e-10
4.87591e-06
7.73027e-10
4.87609e-06
8.38668e-10
4.87628e-06
8.61957e-10
4.87648e-06
8.51253e-10
4.87668e-06
8.14326e-10
4.87687e-06
7.59278e-10
4.87704e-06
6.91558e-10
4.8772e-06
6.15772e-10
4.87734e-06
5.36632e-10
4.87746e-06
4.59068e-10
4.87755e-06
3.8909e-10
4.87764e-06
3.32535e-10
4.87771e-06
2.93601e-10
4.87778e-06
2.73806e-10
4.87785e-06
2.70894e-10
4.87792e-06
2.79845e-10
4.87799e-06
2.93762e-10
4.87806e-06
3.06554e-10
4.87813e-06
3.14156e-10
4.8782e-06
3.16003e-10
4.87827e-06
3.14774e-10
4.87834e-06
3.15476e-10
4.87841e-06
3.23862e-10
4.87849e-06
3.43589e-10
4.87859e-06
3.75894e-10
4.87871e-06
4.17148e-10
4.87884e-06
4.62015e-10
4.87899e-06
5.02553e-10
4.87915e-06
5.33005e-10
4.87932e-06
5.48068e-10
4.87948e-06
5.47664e-10
4.87964e-06
5.31486e-10
4.87978e-06
5.0303e-10
4.87991e-06
4.64881e-10
4.88003e-06
4.19781e-10
4.88013e-06
3.69453e-10
4.88021e-06
3.14853e-10
4.88027e-06
2.5756e-10
4.88031e-06
1.97452e-10
4.88033e-06
1.36718e-10
4.88034e-06
7.55741e-11
4.88032e-06
1.70534e-11
4.8803e-06
-3.82044e-11
4.88026e-06
-8.7762e-11
4.88021e-06
-1.31116e-10
4.88015e-06
-1.67037e-10
4.88009e-06
-1.95671e-10
4.88002e-06
-2.16165e-10
4.87995e-06
-2.29768e-10
4.87988e-06
-2.35741e-10
4.87981e-06
-2.36146e-10
4.87974e-06
-2.3092e-10
4.87968e-06
-2.21644e-10
4.87963e-06
-2.08768e-10
4.87958e-06
-1.9363e-10
4.87953e-06
-1.76856e-10
4.87949e-06
-1.59394e-10
4.87946e-06
-1.4177e-10
4.87943e-06
-1.24582e-10
4.8794e-06
-1.0814e-10
4.87938e-06
-9.28294e-11
4.87936e-06
-7.87591e-11
4.87934e-06
-6.61281e-11
4.87933e-06
-5.48835e-11
4.87932e-06
-4.51011e-11
4.87931e-06
-3.66255e-11
4.87931e-06
-2.9459e-11
4.8793e-06
-2.33971e-11
4.8793e-06
-1.84092e-11
4.8793e-06
-1.42781e-11
4.87929e-06
-1.09722e-11
4.87929e-06
-8.2836e-12
4.87929e-06
-6.20013e-12
4.87929e-06
-4.52343e-12
4.87929e-06
-3.29461e-12
4.87929e-06
-2.24528e-12
4.87929e-06
-1.76327e-12
4.87929e-06
-4.63851e-13
4.87929e-06
-2.97616e-12
4.87929e-06
8.02946e-12
4.87928e-06
-3.93846e-11
4.8793e-06
5.55429e-11
-8.7098e-10
4.64525e-06
-1.60339e-09
4.64489e-06
-1.34929e-09
4.64461e-06
-9.40004e-10
4.64432e-06
-8.68077e-10
4.64402e-06
-9.20022e-10
4.6437e-06
-9.84606e-10
4.64337e-06
-1.01665e-09
4.64304e-06
-9.96397e-10
4.64273e-06
-9.1668e-10
4.64246e-06
-7.80299e-10
4.64224e-06
-5.98238e-10
4.64208e-06
-3.85675e-10
4.64198e-06
-1.63426e-10
4.64196e-06
5.01852e-11
4.642e-06
2.40891e-10
4.64209e-06
3.99268e-10
4.64223e-06
5.19251e-10
4.6424e-06
5.99909e-10
4.6426e-06
6.43489e-10
4.6428e-06
6.55342e-10
4.64301e-06
6.42215e-10
4.64322e-06
6.10191e-10
4.64341e-06
5.657e-10
4.64359e-06
5.12959e-10
4.64375e-06
4.55467e-10
4.64389e-06
3.96599e-10
4.64401e-06
3.39624e-10
4.64411e-06
2.88527e-10
4.6442e-06
2.47198e-10
4.64427e-06
2.185e-10
4.64434e-06
2.03613e-10
4.64441e-06
2.01152e-10
4.64448e-06
2.07816e-10
4.64456e-06
2.188e-10
4.64463e-06
2.29705e-10
4.64471e-06
2.37316e-10
4.64479e-06
2.40762e-10
4.64486e-06
2.41435e-10
4.64493e-06
2.42476e-10
4.64501e-06
2.47823e-10
4.64509e-06
2.60128e-10
4.64519e-06
2.80667e-10
4.6453e-06
3.07251e-10
4.64542e-06
3.36622e-10
4.64556e-06
3.63406e-10
4.64571e-06
3.83776e-10
4.64587e-06
3.93794e-10
4.64602e-06
3.9348e-10
4.64617e-06
3.82297e-10
4.64631e-06
3.62677e-10
4.64644e-06
3.36298e-10
4.64655e-06
3.0504e-10
4.64665e-06
2.70037e-10
4.64673e-06
2.31876e-10
4.6468e-06
1.91706e-10
4.64685e-06
1.49231e-10
4.64688e-06
1.06098e-10
4.64689e-06
6.22557e-11
4.64689e-06
2.00129e-11
4.64687e-06
-2.01937e-11
4.64684e-06
-5.65038e-11
4.6468e-06
-8.85248e-11
4.64675e-06
-1.15411e-10
4.64669e-06
-1.37154e-10
4.64662e-06
-1.53064e-10
4.64656e-06
-1.64076e-10
4.64649e-06
-1.6944e-10
4.64643e-06
-1.70775e-10
4.64636e-06
-1.67874e-10
4.6463e-06
-1.61925e-10
4.64625e-06
-1.53201e-10
4.6462e-06
-1.42696e-10
4.64615e-06
-1.3086e-10
4.64611e-06
-1.18398e-10
4.64607e-06
-1.05689e-10
4.64604e-06
-9.32162e-11
4.64602e-06
-8.11821e-11
4.64599e-06
-6.99339e-11
4.64597e-06
-5.95188e-11
4.64596e-06
-5.01475e-11
4.64595e-06
-4.17419e-11
4.64593e-06
-3.44225e-11
4.64593e-06
-2.80322e-11
4.64592e-06
-2.26261e-11
4.64591e-06
-1.80238e-11
4.64591e-06
-1.42314e-11
4.64591e-06
-1.10717e-11
4.6459e-06
-8.54e-12
4.6459e-06
-6.46866e-12
4.6459e-06
-4.86434e-12
4.6459e-06
-3.55862e-12
4.6459e-06
-2.61606e-12
4.6459e-06
-1.77336e-12
4.6459e-06
-1.43125e-12
4.6459e-06
-3.78429e-13
4.6459e-06
-2.2731e-12
4.6459e-06
5.67536e-12
4.64589e-06
-2.84887e-11
4.64591e-06
3.19714e-11
-6.67426e-10
4.3451e-06
-1.09658e-09
4.34469e-06
-9.33009e-10
4.34438e-06
-6.32859e-10
4.34409e-06
-5.81087e-10
4.34379e-06
-6.15894e-10
4.34346e-06
-6.5826e-10
4.34312e-06
-6.78029e-10
4.34279e-06
-6.61961e-10
4.34248e-06
-6.05041e-10
4.34221e-06
-5.09633e-10
4.34199e-06
-3.83898e-10
4.34185e-06
-2.38542e-10
4.34177e-06
-8.83734e-11
4.34177e-06
5.41326e-11
4.34183e-06
1.79971e-10
4.34194e-06
2.8321e-10
4.3421e-06
3.60009e-10
4.34229e-06
4.10126e-10
4.3425e-06
4.35425e-10
4.34272e-06
4.39791e-10
4.34293e-06
4.27982e-10
4.34314e-06
4.04096e-10
4.34333e-06
3.72601e-10
4.34351e-06
3.36317e-10
4.34366e-06
2.97622e-10
4.3438e-06
2.58734e-10
4.34392e-06
2.21628e-10
4.34402e-06
1.88681e-10
4.34411e-06
1.62166e-10
4.34418e-06
1.43727e-10
4.34425e-06
1.34063e-10
4.34432e-06
1.3234e-10
4.34439e-06
1.36618e-10
4.34446e-06
1.43969e-10
4.34454e-06
1.51698e-10
4.34462e-06
1.57714e-10
4.3447e-06
1.61307e-10
4.34478e-06
1.63108e-10
4.34486e-06
1.64809e-10
4.34494e-06
1.6871e-10
4.34502e-06
1.76339e-10
4.34511e-06
1.88596e-10
4.34522e-06
2.04177e-10
4.34533e-06
2.21292e-10
4.34546e-06
2.36698e-10
4.34559e-06
2.48238e-10
4.34573e-06
2.53367e-10
4.34587e-06
2.52297e-10
4.34601e-06
2.44553e-10
4.34614e-06
2.31716e-10
4.34626e-06
2.14781e-10
4.34638e-06
1.94918e-10
4.34647e-06
1.72792e-10
4.34656e-06
1.48718e-10
4.34662e-06
1.23474e-10
4.34668e-06
9.67022e-11
4.34671e-06
6.95236e-11
4.34673e-06
4.16908e-11
4.34674e-06
1.47629e-11
4.34673e-06
-1.09681e-11
4.34671e-06
-3.4249e-11
4.34667e-06
-5.48325e-11
4.34663e-06
-7.22743e-11
4.34658e-06
-8.64818e-11
4.34652e-06
-9.69989e-11
4.34646e-06
-1.04482e-10
4.3464e-06
-1.08273e-10
4.34634e-06
-1.09556e-10
4.34628e-06
-1.08054e-10
4.34622e-06
-1.04575e-10
4.34617e-06
-9.92514e-11
4.34612e-06
-9.27331e-11
4.34607e-06
-8.53054e-11
4.34603e-06
-7.74225e-11
4.346e-06
-6.93122e-11
4.34597e-06
-6.13256e-11
4.34594e-06
-5.35554e-11
4.34591e-06
-4.6283e-11
4.34589e-06
-3.94952e-11
4.34588e-06
-3.33882e-11
4.34586e-06
-2.78621e-11
4.34585e-06
-2.30583e-11
4.34584e-06
-1.88244e-11
4.34584e-06
-1.52493e-11
4.34583e-06
-1.21819e-11
4.34583e-06
-9.65464e-12
4.34582e-06
-7.53359e-12
4.34582e-06
-5.83449e-12
4.34582e-06
-4.43379e-12
4.34582e-06
-3.35222e-12
4.34581e-06
-2.4576e-12
4.34581e-06
-1.82866e-12
4.34581e-06
-1.22589e-12
4.34581e-06
-1.02984e-12
4.34581e-06
-2.62798e-13
4.34581e-06
-1.51878e-12
4.34581e-06
3.34635e-12
4.3458e-06
-1.72855e-11
4.34582e-06
1.0311e-11
-4.53263e-10
3.91317e-06
-5.56497e-10
3.9127e-06
-4.64968e-10
3.91237e-06
-3.06875e-10
3.91208e-06
-2.8905e-10
3.91178e-06
-3.08817e-10
3.91145e-06
-3.29063e-10
3.91111e-06
-3.37702e-10
3.91077e-06
-3.28679e-10
3.91047e-06
-2.99098e-10
3.91021e-06
-2.50279e-10
3.91001e-06
-1.86579e-10
3.90989e-06
-1.13405e-10
3.90984e-06
-3.83824e-11
3.90986e-06
3.22505e-11
3.90994e-06
9.44011e-11
3.91008e-06
1.45192e-10
3.91026e-06
1.82649e-10
3.91046e-06
2.06716e-10
3.91068e-06
2.18424e-10
3.9109e-06
2.19773e-10
3.91111e-06
2.13216e-10
3.91132e-06
2.00696e-10
3.9115e-06
1.84535e-10
3.91168e-06
1.66053e-10
3.91183e-06
1.46505e-10
3.91196e-06
1.27062e-10
3.91207e-06
1.08716e-10
3.91217e-06
9.2646e-11
3.91225e-06
7.99018e-11
3.91232e-06
7.1168e-11
3.91239e-06
6.66666e-11
3.91246e-06
6.59018e-11
3.91252e-06
6.79228e-11
3.9126e-06
7.13464e-11
3.91267e-06
7.49842e-11
3.91275e-06
7.79464e-11
3.91283e-06
7.99769e-11
3.91292e-06
8.14261e-11
3.913e-06
8.30428e-11
3.91308e-06
8.58402e-11
3.91317e-06
9.03738e-11
3.91326e-06
9.69593e-11
3.91336e-06
1.04828e-10
3.91347e-06
1.13068e-10
3.91358e-06
1.20109e-10
3.91371e-06
1.25043e-10
3.91383e-06
1.26631e-10
3.91396e-06
1.25167e-10
3.91408e-06
1.20453e-10
3.9142e-06
1.13309e-10
3.91431e-06
1.04264e-10
3.91441e-06
9.39078e-11
3.9145e-06
8.25662e-11
3.91458e-06
7.03877e-11
3.91465e-06
5.78284e-11
3.9147e-06
4.46324e-11
3.91474e-06
3.14064e-11
3.91476e-06
1.7863e-11
3.91477e-06
4.73352e-12
3.91477e-06
-7.66865e-12
3.91475e-06
-1.88365e-11
3.91473e-06
-2.8498e-11
3.91469e-06
-3.67671e-11
3.91465e-06
-4.33524e-11
3.9146e-06
-4.81791e-11
3.91455e-06
-5.16039e-11
3.91449e-06
-5.31942e-11
3.91444e-06
-5.36642e-11
3.91438e-06
-5.27944e-11
3.91433e-06
-5.09914e-11
3.91428e-06
-4.83393e-11
3.91423e-06
-4.51129e-11
3.91418e-06
-4.1485e-11
3.91414e-06
-3.7653e-11
3.91411e-06
-3.36971e-11
3.91408e-06
-2.98442e-11
3.91405e-06
-2.60558e-11
3.91403e-06
-2.25573e-11
3.91401e-06
-1.92446e-11
3.91399e-06
-1.63125e-11
3.91397e-06
-1.36045e-11
3.91396e-06
-1.12994e-11
3.91395e-06
-9.21793e-12
3.91395e-06
-7.49534e-12
3.91394e-06
-5.99173e-12
3.91393e-06
-4.76525e-12
3.91393e-06
-3.72286e-12
3.91393e-06
-2.89387e-12
3.91393e-06
-2.20291e-12
3.91392e-06
-1.6758e-12
3.91392e-06
-1.22613e-12
3.91392e-06
-9.30888e-13
3.91392e-06
-6.02619e-13
3.91392e-06
-5.46597e-13
3.91392e-06
-1.13907e-13
3.91392e-06
-7.4193e-13
3.91392e-06
1.28576e-12
3.91391e-06
-6.82903e-12
3.91393e-06
-4.0112e-12
-2.36655e-10
3.17889e-06
3.17843e-06
3.17812e-06
3.17783e-06
3.17752e-06
3.17719e-06
3.17686e-06
3.17653e-06
3.17623e-06
3.17598e-06
3.17579e-06
3.17568e-06
3.17564e-06
3.17567e-06
3.17577e-06
3.17591e-06
3.1761e-06
3.1763e-06
3.17652e-06
3.17674e-06
3.17695e-06
3.17715e-06
3.17734e-06
3.1775e-06
3.17765e-06
3.17778e-06
3.17789e-06
3.17798e-06
3.17806e-06
3.17813e-06
3.1782e-06
3.17826e-06
3.17833e-06
3.1784e-06
3.17848e-06
3.17856e-06
3.17864e-06
3.17872e-06
3.1788e-06
3.17889e-06
3.17898e-06
3.17907e-06
3.17918e-06
3.17929e-06
3.17941e-06
3.17954e-06
3.17966e-06
3.17979e-06
3.17991e-06
3.18002e-06
3.18013e-06
3.18022e-06
3.1803e-06
3.18037e-06
3.18043e-06
3.18048e-06
3.18051e-06
3.18052e-06
3.18053e-06
3.18052e-06
3.1805e-06
3.18047e-06
3.18044e-06
3.18039e-06
3.18035e-06
3.18029e-06
3.18024e-06
3.18019e-06
3.18013e-06
3.18008e-06
3.18004e-06
3.17999e-06
3.17995e-06
3.17991e-06
3.17988e-06
3.17985e-06
3.17982e-06
3.1798e-06
3.17978e-06
3.17976e-06
3.17975e-06
3.17974e-06
3.17973e-06
3.17972e-06
3.17972e-06
3.17971e-06
3.17971e-06
3.1797e-06
3.1797e-06
3.1797e-06
3.1797e-06
3.1797e-06
3.1797e-06
3.1797e-06
3.1797e-06
3.1797e-06
3.1797e-06
3.17969e-06
3.17969e-06
)
;

boundaryField
{
    inlet
    {
        type            cyclic;
        value           nonuniform List<scalar> 
50
(
-5.57655e-06
-5.42134e-06
-5.25982e-06
-5.08606e-06
-4.89007e-06
-4.65617e-06
-4.35559e-06
-3.92327e-06
-3.18896e-06
-5.72857e-06
-5.87921e-06
-6.02957e-06
-6.18007e-06
-6.33033e-06
-6.47885e-06
-6.62301e-06
-6.75936e-06
-6.8844e-06
-6.99642e-06
-7.09915e-06
-7.19656e-06
-7.28773e-06
-7.36909e-06
-7.43368e-06
-7.47115e-06
-7.47356e-06
-7.43871e-06
-7.3725e-06
-7.28739e-06
-7.1924e-06
-7.09172e-06
-6.98703e-06
-6.8746e-06
-6.74973e-06
-6.6132e-06
-6.46834e-06
-6.31895e-06
-6.16793e-06
-6.0169e-06
-5.86629e-06
-5.71565e-06
-5.56385e-06
-5.40902e-06
-5.24798e-06
-5.07469e-06
-4.87913e-06
-4.64571e-06
-4.34561e-06
-3.91371e-06
-3.17945e-06
)
;
    }
    outlet
    {
        type            cyclic;
        value           nonuniform List<scalar> 
50
(
5.57655e-06
5.42134e-06
5.25982e-06
5.08606e-06
4.89007e-06
4.65617e-06
4.35559e-06
3.92327e-06
3.18896e-06
5.72857e-06
5.87921e-06
6.02957e-06
6.18007e-06
6.33033e-06
6.47885e-06
6.62301e-06
6.75936e-06
6.8844e-06
6.99642e-06
7.09915e-06
7.19656e-06
7.28773e-06
7.36909e-06
7.43368e-06
7.47115e-06
7.47356e-06
7.43871e-06
7.3725e-06
7.28739e-06
7.1924e-06
7.09172e-06
6.98703e-06
6.8746e-06
6.74973e-06
6.6132e-06
6.46834e-06
6.31895e-06
6.16793e-06
6.0169e-06
5.86629e-06
5.71565e-06
5.56385e-06
5.40902e-06
5.24798e-06
5.07469e-06
4.87913e-06
4.64571e-06
4.34561e-06
3.91371e-06
3.17945e-06
)
;
    }
    bottomWall
    {
        type            calculated;
        value           uniform 0;
    }
    topWall
    {
        type            calculated;
        value           uniform 0;
    }
    frontAndBack
    {
        type            empty;
    }
}


// ************************************************************************* //
