/*--------------------------------*- C++ -*----------------------------------*\
  =========                 |
  \\      /  F ield         | OpenFOAM: The Open Source CFD Toolbox
   \\    /   O peration     | Website:  https://openfoam.org
    \\  /    A nd           | Version:  11
     \\/     M anipulation  |
\*---------------------------------------------------------------------------*/
FoamFile
{
    format      ascii;
    class       volVectorField;
    location    "100";
    object      U;
}
// * * * * * * * * * * * * * * * * * * * * * * * * * * * * * * * * * * * * * //

dimensions      [0 1 -1 0 0 0 0];

internalField   nonuniform List<vector> 
5000
(
(5.31459 1.83664e-05 0)
(5.31384 2.06877e-05 0)
(5.31325 1.53754e-05 0)
(5.31276 1.28659e-05 0)
(5.31226 1.30845e-05 0)
(5.31171 1.39022e-05 0)
(5.31114 1.43163e-05 0)
(5.31055 1.41135e-05 0)
(5.30999 1.3138e-05 0)
(5.30947 1.14417e-05 0)
(5.30904 9.08629e-06 0)
(5.30871 6.35739e-06 0)
(5.30849 3.39976e-06 0)
(5.30839 6.18799e-07 0)
(5.3084 -1.84594e-06 0)
(5.30851 -3.96183e-06 0)
(5.3087 -5.63715e-06 0)
(5.30895 -6.88175e-06 0)
(5.30924 -7.6748e-06 0)
(5.30956 -8.03481e-06 0)
(5.30988 -8.08064e-06 0)
(5.3102 -7.85819e-06 0)
(5.31052 -7.50047e-06 0)
(5.31081 -7.0476e-06 0)
(5.31109 -6.59354e-06 0)
(5.31135 -6.15832e-06 0)
(5.3116 -5.76748e-06 0)
(5.31183 -5.40833e-06 0)
(5.31205 -5.05398e-06 0)
(5.31225 -4.68839e-06 0)
(5.31243 -4.29566e-06 0)
(5.3126 -3.89893e-06 0)
(5.31275 -3.51274e-06 0)
(5.31289 -3.17403e-06 0)
(5.31301 -2.88145e-06 0)
(5.31312 -2.64092e-06 0)
(5.31322 -2.41701e-06 0)
(5.3133 -2.17863e-06 0)
(5.31337 -1.90643e-06 0)
(5.31342 -1.61319e-06 0)
(5.31346 -1.36349e-06 0)
(5.3135 -1.16709e-06 0)
(5.31353 -1.12829e-06 0)
(5.31358 -1.20884e-06 0)
(5.31364 -1.51022e-06 0)
(5.31374 -1.95662e-06 0)
(5.31386 -2.59355e-06 0)
(5.31403 -3.25678e-06 0)
(5.31422 -3.97466e-06 0)
(5.31444 -4.60758e-06 0)
(5.31469 -5.11497e-06 0)
(5.31494 -5.43546e-06 0)
(5.31519 -5.54705e-06 0)
(5.31544 -5.46963e-06 0)
(5.31566 -5.16728e-06 0)
(5.31585 -4.75519e-06 0)
(5.31602 -4.17165e-06 0)
(5.31615 -3.56105e-06 0)
(5.31626 -2.82165e-06 0)
(5.31632 -2.13261e-06 0)
(5.31636 -1.52131e-06 0)
(5.31638 -8.72208e-07 0)
(5.31636 -2.96365e-07 0)
(5.31633 1.69217e-07 0)
(5.31629 5.78067e-07 0)
(5.31623 8.87288e-07 0)
(5.31617 1.16751e-06 0)
(5.31609 1.33673e-06 0)
(5.31602 1.48455e-06 0)
(5.31595 1.5402e-06 0)
(5.31588 1.57028e-06 0)
(5.31581 1.54687e-06 0)
(5.31574 1.49629e-06 0)
(5.31568 1.41602e-06 0)
(5.31563 1.31851e-06 0)
(5.31558 1.205e-06 0)
(5.31554 1.08708e-06 0)
(5.3155 9.63705e-07 0)
(5.31547 8.44111e-07 0)
(5.31545 7.27727e-07 0)
(5.31543 6.22118e-07 0)
(5.31541 5.23015e-07 0)
(5.31539 4.3686e-07 0)
(5.31538 3.58067e-07 0)
(5.31537 2.92365e-07 0)
(5.31536 2.33423e-07 0)
(5.31536 1.86213e-07 0)
(5.31535 1.44026e-07 0)
(5.31535 1.12216e-07 0)
(5.31535 8.40159e-08 0)
(5.31534 6.42988e-08 0)
(5.31534 4.70023e-08 0)
(5.31534 3.38983e-08 0)
(5.31534 2.59562e-08 0)
(5.31534 9.56498e-09 0)
(5.31534 2.63696e-08 0)
(5.31534 -3.1934e-08 0)
(5.31535 1.58794e-07 0)
(5.3153 5.60927e-07 0)
(5.31542 6.3614e-06 0)
(6.53846 3.42534e-05 0)
(6.53767 3.28247e-05 0)
(6.53707 2.41037e-05 0)
(6.53657 2.17615e-05 0)
(6.53607 2.30865e-05 0)
(6.53553 2.47584e-05 0)
(6.53495 2.56921e-05 0)
(6.53436 2.55584e-05 0)
(6.53379 2.40549e-05 0)
(6.53326 2.12935e-05 0)
(6.53281 1.73669e-05 0)
(6.53247 1.27288e-05 0)
(6.53223 7.60997e-06 0)
(6.53211 2.59131e-06 0)
(6.5321 -2.06619e-06 0)
(6.5322 -6.0693e-06 0)
(6.53237 -9.32023e-06 0)
(6.53261 -1.17043e-05 0)
(6.5329 -1.33037e-05 0)
(6.53321 -1.41295e-05 0)
(6.53354 -1.43686e-05 0)
(6.53386 -1.40995e-05 0)
(6.53418 -1.35701e-05 0)
(6.53448 -1.28575e-05 0)
(6.53476 -1.21361e-05 0)
(6.53503 -1.14274e-05 0)
(6.53528 -1.07641e-05 0)
(6.53552 -1.011e-05 0)
(6.53574 -9.42633e-06 0)
(6.53594 -8.70611e-06 0)
(6.53613 -7.95144e-06 0)
(6.5363 -7.21974e-06 0)
(6.53646 -6.53166e-06 0)
(6.5366 -5.92377e-06 0)
(6.53673 -5.35715e-06 0)
(6.53684 -4.81336e-06 0)
(6.53694 -4.22516e-06 0)
(6.53703 -3.59647e-06 0)
(6.5371 -2.9356e-06 0)
(6.53715 -2.29379e-06 0)
(6.53719 -1.81217e-06 0)
(6.53722 -1.53278e-06 0)
(6.53724 -1.65263e-06 0)
(6.53728 -2.12735e-06 0)
(6.53733 -3.07073e-06 0)
(6.53742 -4.29448e-06 0)
(6.53754 -5.82076e-06 0)
(6.53769 -7.31992e-06 0)
(6.53789 -8.80095e-06 0)
(6.53811 -9.98502e-06 0)
(6.53836 -1.08139e-05 0)
(6.53863 -1.11872e-05 0)
(6.53889 -1.10996e-05 0)
(6.53915 -1.06132e-05 0)
(6.53938 -9.70924e-06 0)
(6.53959 -8.60912e-06 0)
(6.53977 -7.23915e-06 0)
(6.53992 -5.9038e-06 0)
(6.54003 -4.42999e-06 0)
(6.54011 -3.07115e-06 0)
(6.54015 -1.743e-06 0)
(6.54017 -5.7892e-07 0)
(6.54016 4.48276e-07 0)
(6.54014 1.26603e-06 0)
(6.54009 1.97269e-06 0)
(6.54003 2.4448e-06 0)
(6.53997 2.85467e-06 0)
(6.53989 3.05314e-06 0)
(6.53982 3.20671e-06 0)
(6.53974 3.19291e-06 0)
(6.53966 3.14286e-06 0)
(6.53959 3.00154e-06 0)
(6.53952 2.82384e-06 0)
(6.53946 2.60455e-06 0)
(6.53941 2.36793e-06 0)
(6.53936 2.116e-06 0)
(6.53931 1.86942e-06 0)
(6.53927 1.62593e-06 0)
(6.53924 1.401e-06 0)
(6.53921 1.18828e-06 0)
(6.53919 1.00004e-06 0)
(6.53917 8.27236e-07 0)
(6.53915 6.80456e-07 0)
(6.53914 5.48518e-07 0)
(6.53913 4.41086e-07 0)
(6.53912 3.45824e-07 0)
(6.53912 2.71609e-07 0)
(6.53911 2.05744e-07 0)
(6.53911 1.57843e-07 0)
(6.53911 1.14517e-07 0)
(6.53911 8.57693e-08 0)
(6.5391 5.9263e-08 0)
(6.5391 4.06406e-08 0)
(6.5391 3.1839e-08 0)
(6.5391 3.39244e-09 0)
(6.5391 4.94149e-08 0)
(6.5391 -1.3561e-07 0)
(6.53911 5.09512e-07 0)
(6.53906 -1.96497e-07 0)
(6.5392 1.30188e-05 0)
(7.25896 5.67286e-05 0)
(7.25826 5.31664e-05 0)
(7.25773 3.98188e-05 0)
(7.25726 3.66092e-05 0)
(7.25677 3.87542e-05 0)
(7.25623 4.15513e-05 0)
(7.25566 4.31785e-05 0)
(7.25508 4.29628e-05 0)
(7.25451 4.04705e-05 0)
(7.25398 3.58945e-05 0)
(7.25351 2.9398e-05 0)
(7.25313 2.16795e-05 0)
(7.25286 1.31729e-05 0)
(7.2527 4.79094e-06 0)
(7.25265 -3.03081e-06 0)
(7.2527 -9.75332e-06 0)
(7.25284 -1.52672e-05 0)
(7.25305 -1.93473e-05 0)
(7.25331 -2.20994e-05 0)
(7.25361 -2.35553e-05 0)
(7.25392 -2.40095e-05 0)
(7.25424 -2.36135e-05 0)
(7.25456 -2.27667e-05 0)
(7.25486 -2.16191e-05 0)
(7.25515 -2.0451e-05 0)
(7.25542 -1.92989e-05 0)
(7.25569 -1.82059e-05 0)
(7.25593 -1.71038e-05 0)
(7.25617 -1.59334e-05 0)
(7.25638 -1.46929e-05 0)
(7.25658 -1.34071e-05 0)
(7.25676 -1.21766e-05 0)
(7.25692 -1.10391e-05 0)
(7.25707 -1.00339e-05 0)
(7.2572 -9.08092e-06 0)
(7.25732 -8.1256e-06 0)
(7.25742 -7.05756e-06 0)
(7.2575 -5.88409e-06 0)
(7.25757 -4.65404e-06 0)
(7.25761 -3.49372e-06 0)
(7.25764 -2.65065e-06 0)
(7.25766 -2.2292e-06 0)
(7.25768 -2.52933e-06 0)
(7.25772 -3.48918e-06 0)
(7.25778 -5.24919e-06 0)
(7.25787 -7.51044e-06 0)
(7.258 -1.02442e-05 0)
(7.25818 -1.29259e-05 0)
(7.2584 -1.55013e-05 0)
(7.25865 -1.75223e-05 0)
(7.25892 -1.88781e-05 0)
(7.2592 -1.94174e-05 0)
(7.25949 -1.91433e-05 0)
(7.25976 -1.81632e-05 0)
(7.26001 -1.64918e-05 0)
(7.26022 -1.44707e-05 0)
(7.26041 -1.20315e-05 0)
(7.26055 -9.62306e-06 0)
(7.26066 -7.05079e-06 0)
(7.26073 -4.69321e-06 0)
(7.26077 -2.44075e-06 0)
(7.26077 -4.7332e-07 0)
(7.26076 1.24489e-06 0)
(7.26072 2.60338e-06 0)
(7.26066 3.76194e-06 0)
(7.26059 4.52993e-06 0)
(7.26052 5.16087e-06 0)
(7.26043 5.44941e-06 0)
(7.26035 5.64149e-06 0)
(7.26027 5.56893e-06 0)
(7.26019 5.42846e-06 0)
(7.26011 5.14173e-06 0)
(7.26004 4.79761e-06 0)
(7.25998 4.39096e-06 0)
(7.25992 3.96175e-06 0)
(7.25987 3.5151e-06 0)
(7.25983 3.08297e-06 0)
(7.25979 2.66227e-06 0)
(7.25975 2.27646e-06 0)
(7.25973 1.91644e-06 0)
(7.2597 1.60012e-06 0)
(7.25969 1.31342e-06 0)
(7.25967 1.07138e-06 0)
(7.25966 8.56558e-07 0)
(7.25965 6.82529e-07 0)
(7.25964 5.30156e-07 0)
(7.25964 4.12152e-07 0)
(7.25963 3.08885e-07 0)
(7.25963 2.34186e-07 0)
(7.25963 1.67536e-07 0)
(7.25963 1.23713e-07 0)
(7.25962 8.31968e-08 0)
(7.25962 5.68969e-08 0)
(7.25962 4.16849e-08 0)
(7.25962 9.46635e-10 0)
(7.25962 7.68436e-08 0)
(7.25962 -2.45656e-07 0)
(7.25963 9.78064e-07 0)
(7.25958 -9.9225e-07 0)
(7.25973 2.18213e-05 0)
(7.75993 7.8567e-05 0)
(7.75933 7.11458e-05 0)
(7.75887 5.42055e-05 0)
(7.75842 5.08906e-05 0)
(7.75794 5.41195e-05 0)
(7.75742 5.81232e-05 0)
(7.75687 6.05132e-05 0)
(7.7563 6.03588e-05 0)
(7.75575 5.7123e-05 0)
(7.75522 5.10308e-05 0)
(7.75475 4.22786e-05 0)
(7.75436 3.17546e-05 0)
(7.75407 2.00652e-05 0)
(7.75388 8.40263e-06 0)
(7.75379 -2.60322e-06 0)
(7.7538 -1.21843e-05 0)
(7.7539 -2.01315e-05 0)
(7.75408 -2.61242e-05 0)
(7.75431 -3.02612e-05 0)
(7.75458 -3.25741e-05 0)
(7.75488 -3.34424e-05 0)
(7.75518 -3.30919e-05 0)
(7.75549 -3.20662e-05 0)
(7.75579 -3.05982e-05 0)
(7.75608 -2.90709e-05 0)
(7.75635 -2.75381e-05 0)
(7.75662 -2.60502e-05 0)
(7.75687 -2.45075e-05 0)
(7.75711 -2.28364e-05 0)
(7.75734 -2.10452e-05 0)
(7.75754 -1.91904e-05 0)
(7.75772 -1.74147e-05 0)
(7.75789 -1.57729e-05 0)
(7.75804 -1.43007e-05 0)
(7.75817 -1.28776e-05 0)
(7.75828 -1.14158e-05 0)
(7.75838 -9.77673e-06 0)
(7.75845 -7.98823e-06 0)
(7.75851 -6.15105e-06 0)
(7.75854 -4.47426e-06 0)
(7.75857 -3.30887e-06 0)
(7.75858 -2.835e-06 0)
(7.7586 -3.43148e-06 0)
(7.75864 -5.03396e-06 0)
(7.75871 -7.77511e-06 0)
(7.75882 -1.12432e-05 0)
(7.75897 -1.53229e-05 0)
(7.75917 -1.92997e-05 0)
(7.7594 -2.30233e-05 0)
(7.75968 -2.58866e-05 0)
(7.75997 -2.77211e-05 0)
(7.76027 -2.83342e-05 0)
(7.76057 -2.77523e-05 0)
(7.76085 -2.61329e-05 0)
(7.7611 -2.35525e-05 0)
(7.76131 -2.04635e-05 0)
(7.76149 -1.6837e-05 0)
(7.76163 -1.32442e-05 0)
(7.76172 -9.49438e-06 0)
(7.76178 -6.0627e-06 0)
(7.7618 -2.83341e-06 0)
(7.7618 -3.2315e-08 0)
(7.76177 2.38767e-06 0)
(7.76172 4.29027e-06 0)
(7.76165 5.87557e-06 0)
(7.76157 6.91777e-06 0)
(7.76149 7.7337e-06 0)
(7.7614 8.08079e-06 0)
(7.76131 8.2721e-06 0)
(7.76122 8.10835e-06 0)
(7.76114 7.84306e-06 0)
(7.76106 7.3816e-06 0)
(7.76099 6.84494e-06 0)
(7.76093 6.22906e-06 0)
(7.76087 5.58929e-06 0)
(7.76082 4.934e-06 0)
(7.76078 4.3055e-06 0)
(7.76074 3.70003e-06 0)
(7.76071 3.14806e-06 0)
(7.76068 2.63752e-06 0)
(7.76066 2.19096e-06 0)
(7.76065 1.78961e-06 0)
(7.76063 1.45194e-06 0)
(7.76062 1.15479e-06 0)
(7.76061 9.14641e-07 0)
(7.76061 7.06277e-07 0)
(7.7606 5.45246e-07 0)
(7.7606 4.05831e-07 0)
(7.76059 3.05003e-07 0)
(7.76059 2.16078e-07 0)
(7.76059 1.57737e-07 0)
(7.76059 1.03933e-07 0)
(7.76059 7.04716e-08 0)
(7.76059 4.92203e-08 0)
(7.76059 -2.61914e-09 0)
(7.76059 1.04622e-07 0)
(7.76059 -3.69963e-07 0)
(7.7606 1.4862e-06 0)
(7.76055 -2.10168e-06 0)
(7.7607 3.10895e-05 0)
(8.14978 9.81676e-05 0)
(8.14927 8.66454e-05 0)
(8.14885 6.73254e-05 0)
(8.14841 6.45524e-05 0)
(8.14795 6.89667e-05 0)
(8.14744 7.40699e-05 0)
(8.14691 7.71182e-05 0)
(8.14637 7.70223e-05 0)
(8.14584 7.31718e-05 0)
(8.14534 6.57965e-05 0)
(8.14489 5.5101e-05 0)
(8.1445 4.21117e-05 0)
(8.1442 2.75694e-05 0)
(8.144 1.28831e-05 0)
(8.14389 -1.13562e-06 0)
(8.14387 -1.35019e-05 0)
(8.14394 -2.38859e-05 0)
(8.14409 -3.18586e-05 0)
(8.14429 -3.74883e-05 0)
(8.14453 -4.07936e-05 0)
(8.1448 -4.22183e-05 0)
(8.14509 -4.20586e-05 0)
(8.14537 -4.09898e-05 0)
(8.14566 -3.93291e-05 0)
(8.14594 -3.75509e-05 0)
(8.14622 -3.57248e-05 0)
(8.14648 -3.39021e-05 0)
(8.14673 -3.19529e-05 0)
(8.14697 -2.97936e-05 0)
(8.14719 -2.74479e-05 0)
(8.1474 -2.50094e-05 0)
(8.14758 -2.26621e-05 0)
(8.14774 -2.04776e-05 0)
(8.14789 -1.84842e-05 0)
(8.14801 -1.65258e-05 0)
(8.14812 -1.44885e-05 0)
(8.14821 -1.22207e-05 0)
(8.14827 -9.7837e-06 0)
(8.14832 -7.34353e-06 0)
(8.14835 -5.19162e-06 0)
(8.14836 -3.78054e-06 0)
(8.14837 -3.36662e-06 0)
(8.14839 -4.38343e-06 0)
(8.14844 -6.76512e-06 0)
(8.14851 -1.06122e-05 0)
(8.14863 -1.53968e-05 0)
(8.1488 -2.08932e-05 0)
(8.14901 -2.62025e-05 0)
(8.14926 -3.10594e-05 0)
(8.14955 -3.47119e-05 0)
(8.14986 -3.69344e-05 0)
(8.15017 -3.75078e-05 0)
(8.15047 -3.64931e-05 0)
(8.15075 -3.41071e-05 0)
(8.15099 -3.05048e-05 0)
(8.1512 -2.62461e-05 0)
(8.15137 -2.13599e-05 0)
(8.1515 -1.65243e-05 0)
(8.15158 -1.15705e-05 0)
(8.15163 -7.05211e-06 0)
(8.15164 -2.85473e-06 0)
(8.15162 7.61913e-07 0)
(8.15158 3.85301e-06 0)
(8.15152 6.26599e-06 0)
(8.15144 8.23238e-06 0)
(8.15136 9.50766e-06 0)
(8.15127 1.04606e-05 0)
(8.15117 1.08274e-05 0)
(8.15108 1.09768e-05 0)
(8.15099 1.06911e-05 0)
(8.15091 1.02711e-05 0)
(8.15083 9.61308e-06 0)
(8.15076 8.86614e-06 0)
(8.1507 8.02884e-06 0)
(8.15065 7.17033e-06 0)
(8.1506 6.30222e-06 0)
(8.15056 5.47569e-06 0)
(8.15052 4.68647e-06 0)
(8.15049 3.97068e-06 0)
(8.15047 3.31349e-06 0)
(8.15045 2.74087e-06 0)
(8.15043 2.22976e-06 0)
(8.15042 1.80099e-06 0)
(8.15041 1.42633e-06 0)
(8.1504 1.12409e-06 0)
(8.1504 8.63833e-07 0)
(8.15039 6.62979e-07 0)
(8.15039 4.90629e-07 0)
(8.15039 3.65946e-07 0)
(8.15038 2.57122e-07 0)
(8.15038 1.85755e-07 0)
(8.15038 1.20279e-07 0)
(8.15038 8.0717e-08 0)
(8.15038 5.40725e-08 0)
(8.15038 -7.51427e-09 0)
(8.15038 1.30773e-07 0)
(8.15038 -4.95882e-07 0)
(8.15039 1.96672e-06 0)
(8.15034 -3.27869e-06 0)
(8.15049 3.97027e-05 0)
(8.47652 0.000114284 0)
(8.47606 0.000100986 0)
(8.47563 8.044e-05 0)
(8.4752 7.83636e-05 0)
(8.47473 8.37512e-05 0)
(8.47424 8.96376e-05 0)
(8.47374 9.30553e-05 0)
(8.47324 9.28325e-05 0)
(8.47274 8.83112e-05 0)
(8.47228 7.97212e-05 0)
(8.47187 6.7265e-05 0)
(8.47151 5.20694e-05 0)
(8.47123 3.49769e-05 0)
(8.47102 1.75574e-05 0)
(8.47091 7.74534e-07 0)
(8.47087 -1.41912e-05 0)
(8.47092 -2.6888e-05 0)
(8.47103 -3.67777e-05 0)
(8.47121 -4.38863e-05 0)
(8.47142 -4.82136e-05 0)
(8.47166 -5.02547e-05 0)
(8.47192 -5.03714e-05 0)
(8.47218 -4.93565e-05 0)
(8.47245 -4.76089e-05 0)
(8.47271 -4.56789e-05 0)
(8.47297 -4.36468e-05 0)
(8.47323 -4.15565e-05 0)
(8.47347 -3.92467e-05 0)
(8.4737 -3.66257e-05 0)
(8.47392 -3.37362e-05 0)
(8.47412 -3.07114e-05 0)
(8.47429 -2.77763e-05 0)
(8.47445 -2.50189e-05 0)
(8.47458 -2.24607e-05 0)
(8.4747 -1.99161e-05 0)
(8.4748 -1.72538e-05 0)
(8.47487 -1.43229e-05 0)
(8.47493 -1.12284e-05 0)
(8.47496 -8.21032e-06 0)
(8.47498 -5.63481e-06 0)
(8.47499 -4.06201e-06 0)
(8.47499 -3.80938e-06 0)
(8.47501 -5.35399e-06 0)
(8.47505 -8.62643e-06 0)
(8.47513 -1.36765e-05 0)
(8.47526 -1.9855e-05 0)
(8.47543 -2.68116e-05 0)
(8.47565 -3.34666e-05 0)
(8.47591 -3.94288e-05 0)
(8.4762 -4.38121e-05 0)
(8.47651 -4.63383e-05 0)
(8.47682 -4.67742e-05 0)
(8.47712 -4.5224e-05 0)
(8.4774 -4.1974e-05 0)
(8.47764 -3.72662e-05 0)
(8.47784 -3.1769e-05 0)
(8.478 -2.55775e-05 0)
(8.47812 -1.94693e-05 0)
(8.47819 -1.33045e-05 0)
(8.47823 -7.70465e-06 0)
(8.47823 -2.5593e-06 0)
(8.4782 1.84508e-06 0)
(8.47815 5.57147e-06 0)
(8.47809 8.45747e-06 0)
(8.47801 1.07615e-05 0)
(8.47792 1.22313e-05 0)
(8.47783 1.32796e-05 0)
(8.47773 1.36331e-05 0)
(8.47764 1.37071e-05 0)
(8.47755 1.32755e-05 0)
(8.47747 1.26781e-05 0)
(8.4774 1.18086e-05 0)
(8.47733 1.08395e-05 0)
(8.47727 9.77403e-06 0)
(8.47721 8.69296e-06 0)
(8.47717 7.61161e-06 0)
(8.47713 6.58824e-06 0)
(8.47709 5.61864e-06 0)
(8.47707 4.743e-06 0)
(8.47704 3.94429e-06 0)
(8.47702 3.25054e-06 0)
(8.47701 2.63515e-06 0)
(8.477 2.12005e-06 0)
(8.47699 1.67278e-06 0)
(8.47698 1.31246e-06 0)
(8.47698 1.00431e-06 0)
(8.47697 7.66692e-07 0)
(8.47697 5.64436e-07 0)
(8.47697 4.18015e-07 0)
(8.47697 2.91489e-07 0)
(8.47697 2.08433e-07 0)
(8.47697 1.32805e-07 0)
(8.47697 8.79572e-08 0)
(8.47696 5.66464e-08 0)
(8.47697 -1.34689e-08 0)
(8.47697 1.54824e-07 0)
(8.47696 -6.18816e-07 0)
(8.47697 2.42663e-06 0)
(8.47693 -4.37651e-06 0)
(8.47706 4.62471e-05 0)
(8.76615 0.000128347 0)
(8.76575 0.000113236 0)
(8.76536 9.24715e-05 0)
(8.76495 9.12262e-05 0)
(8.76453 9.73642e-05 0)
(8.7641 0.00010372 0)
(8.76366 0.00010724 0)
(8.76322 0.000106755 0)
(8.7628 0.000101608 0)
(8.76241 9.20268e-05 0)
(8.76205 7.81924e-05 0)
(8.76174 6.12765e-05 0)
(8.76148 4.21682e-05 0)
(8.76128 2.25277e-05 0)
(8.76115 3.41761e-06 0)
(8.76109 -1.38227e-05 0)
(8.76109 -2.86231e-05 0)
(8.76116 -4.03306e-05 0)
(8.76129 -4.89086e-05 0)
(8.76145 -5.43226e-05 0)
(8.76165 -5.70958e-05 0)
(8.76186 -5.76422e-05 0)
(8.76209 -5.68466e-05 0)
(8.76233 -5.51834e-05 0)
(8.76257 -5.32576e-05 0)
(8.76281 -5.11538e-05 0)
(8.76305 -4.88982e-05 0)
(8.76328 -4.62975e-05 0)
(8.7635 -4.32516e-05 0)
(8.76371 -3.98262e-05 0)
(8.7639 -3.61976e-05 0)
(8.76406 -3.26366e-05 0)
(8.76421 -2.92549e-05 0)
(8.76433 -2.60766e-05 0)
(8.76443 -2.29004e-05 0)
(8.76452 -1.95887e-05 0)
(8.76458 -1.60007e-05 0)
(8.76462 -1.22871e-05 0)
(8.76464 -8.75622e-06 0)
(8.76464 -5.83773e-06 0)
(8.76464 -4.19757e-06 0)
(8.76464 -4.21886e-06 0)
(8.76466 -6.33886e-06 0)
(8.7647 -1.05801e-05 0)
(8.76478 -1.68821e-05 0)
(8.7649 -2.44801e-05 0)
(8.76507 -3.28923e-05 0)
(8.76529 -4.08627e-05 0)
(8.76555 -4.78706e-05 0)
(8.76584 -5.29064e-05 0)
(8.76615 -5.56472e-05 0)
(8.76645 -5.58571e-05 0)
(8.76674 -5.36909e-05 0)
(8.76701 -4.95126e-05 0)
(8.76724 -4.3655e-05 0)
(8.76743 -3.68945e-05 0)
(8.76758 -2.93952e-05 0)
(8.76768 -2.20266e-05 0)
(8.76775 -1.46801e-05 0)
(8.76777 -8.03584e-06 0)
(8.76777 -1.98793e-06 0)
(8.76774 3.15583e-06 0)
(8.76768 7.46634e-06 0)
(8.76761 1.07771e-05 0)
(8.76753 1.33706e-05 0)
(8.76744 1.49945e-05 0)
(8.76735 1.60995e-05 0)
(8.76726 1.64112e-05 0)
(8.76717 1.63838e-05 0)
(8.76708 1.579e-05 0)
(8.767 1.50015e-05 0)
(8.76693 1.39139e-05 0)
(8.76686 1.27193e-05 0)
(8.76681 1.14266e-05 0)
(8.76676 1.01262e-05 0)
(8.76671 8.83726e-06 0)
(8.76668 7.62364e-06 0)
(8.76665 6.48145e-06 0)
(8.76662 5.45365e-06 0)
(8.7666 4.52149e-06 0)
(8.76658 3.71396e-06 0)
(8.76657 3.00151e-06 0)
(8.76656 2.40627e-06 0)
(8.76655 1.89229e-06 0)
(8.76654 1.47864e-06 0)
(8.76654 1.12708e-06 0)
(8.76654 8.56118e-07 0)
(8.76653 6.2716e-07 0)
(8.76653 4.61277e-07 0)
(8.76653 3.19276e-07 0)
(8.76653 2.25913e-07 0)
(8.76653 1.41636e-07 0)
(8.76653 9.23299e-08 0)
(8.76653 5.69362e-08 0)
(8.76653 -1.98909e-08 0)
(8.76653 1.74277e-07 0)
(8.76653 -7.29011e-07 0)
(8.76654 2.82979e-06 0)
(8.7665 -5.3146e-06 0)
(8.76661 5.21138e-05 0)
(9.03534 0.000140798 0)
(9.03499 0.000124771 0)
(9.03467 0.000103426 0)
(9.03434 0.000102616 0)
(9.034 0.000109112 0)
(9.03366 0.000115557 0)
(9.03333 0.000118912 0)
(9.03301 0.000118031 0)
(9.0327 0.000112344 0)
(9.0324 0.000102058 0)
(9.03213 8.73115e-05 0)
(9.03187 6.92641e-05 0)
(9.03164 4.87913e-05 0)
(9.03145 2.75725e-05 0)
(9.0313 6.70552e-06 0)
(9.0312 -1.23614e-05 0)
(9.03115 -2.8953e-05 0)
(9.03116 -4.2301e-05 0)
(9.03121 -5.22901e-05 0)
(9.03131 -5.88317e-05 0)
(9.03144 -6.24497e-05 0)
(9.0316 -6.35912e-05 0)
(9.03178 -6.32006e-05 0)
(9.03197 -6.18157e-05 0)
(9.03218 -6.00728e-05 0)
(9.0324 -5.80546e-05 0)
(9.03261 -5.57577e-05 0)
(9.03283 -5.29529e-05 0)
(9.03304 -4.95295e-05 0)
(9.03324 -4.5579e-05 0)
(9.03341 -4.13272e-05 0)
(9.03356 -3.71018e-05 0)
(9.03369 -3.3052e-05 0)
(9.0338 -2.922e-05 0)
(9.03389 -2.54015e-05 0)
(9.03395 -2.14591e-05 0)
(9.03399 -1.72607e-05 0)
(9.03402 -1.2992e-05 0)
(9.03403 -9.0125e-06 0)
(9.03402 -5.80055e-06 0)
(9.03401 -4.16203e-06 0)
(9.03401 -4.44414e-06 0)
(9.03402 -7.18413e-06 0)
(9.03405 -1.2368e-05 0)
(9.03412 -1.99016e-05 0)
(9.03423 -2.88937e-05 0)
(9.03439 -3.87288e-05 0)
(9.0346 -4.79812e-05 0)
(9.03484 -5.59968e-05 0)
(9.03512 -6.16494e-05 0)
(9.03541 -6.45779e-05 0)
(9.0357 -6.45458e-05 0)
(9.03597 -6.17606e-05 0)
(9.03622 -5.66664e-05 0)
(9.03644 -4.96851e-05 0)
(9.03661 -4.1698e-05 0)
(9.03675 -3.29366e-05 0)
(9.03685 -2.43567e-05 0)
(9.0369 -1.58806e-05 0)
(9.03693 -8.24164e-06 0)
(9.03692 -1.33915e-06 0)
(9.03688 4.50082e-06 0)
(9.03683 9.35717e-06 0)
(9.03676 1.30617e-05 0)
(9.03668 1.59175e-05 0)
(9.0366 1.76767e-05 0)
(9.03651 1.88227e-05 0)
(9.03642 1.90844e-05 0)
(9.03634 1.89492e-05 0)
(9.03625 1.81936e-05 0)
(9.03618 1.72151e-05 0)
(9.03611 1.59149e-05 0)
(9.03605 1.45009e-05 0)
(9.03599 1.29889e-05 0)
(9.03595 1.14776e-05 0)
(9.03591 9.99015e-06 0)
(9.03587 8.59486e-06 0)
(9.03584 7.28873e-06 0)
(9.03582 6.11649e-06 0)
(9.0358 5.05834e-06 0)
(9.03579 4.14336e-06 0)
(9.03577 3.33982e-06 0)
(9.03577 2.66927e-06 0)
(9.03576 2.09306e-06 0)
(9.03575 1.62957e-06 0)
(9.03575 1.2378e-06 0)
(9.03575 9.35847e-07 0)
(9.03574 6.82396e-07 0)
(9.03574 4.98545e-07 0)
(9.03574 3.42564e-07 0)
(9.03574 2.39756e-07 0)
(9.03574 1.47854e-07 0)
(9.03574 9.46061e-08 0)
(9.03574 5.53433e-08 0)
(9.03574 -2.62744e-08 0)
(9.03574 1.88044e-07 0)
(9.03574 -8.23631e-07 0)
(9.03575 3.17728e-06 0)
(9.03572 -6.18487e-06 0)
(9.03582 5.69787e-05 0)
(9.29404 0.000152756 0)
(9.29371 0.000134902 0)
(9.29343 0.000112316 0)
(9.29318 0.000111418 0)
(9.29293 0.000117839 0)
(9.2927 0.00012399 0)
(9.29249 0.000126941 0)
(9.29229 0.000125668 0)
(9.2921 0.000119658 0)
(9.29193 0.000109097 0)
(9.29175 9.40627e-05 0)
(9.29157 7.5645e-05 0)
(9.29139 5.46367e-05 0)
(9.29122 3.26608e-05 0)
(9.29107 1.07771e-05 0)
(9.29094 -9.52602e-06 0)
(9.29085 -2.74929e-05 0)
(9.29079 -4.22426e-05 0)
(9.29078 -5.35612e-05 0)
(9.29081 -6.12788e-05 0)
(9.29087 -6.58842e-05 0)
(9.29097 -6.78242e-05 0)
(9.29109 -6.80785e-05 0)
(9.29123 -6.7214e-05 0)
(9.2914 -6.58783e-05 0)
(9.29157 -6.41431e-05 0)
(9.29176 -6.19639e-05 0)
(9.29196 -5.90703e-05 0)
(9.29215 -5.53371e-05 0)
(9.29232 -5.08845e-05 0)
(9.29248 -4.59961e-05 0)
(9.29261 -4.10708e-05 0)
(9.29272 -3.63146e-05 0)
(9.29281 -3.18059e-05 0)
(9.29288 -2.73518e-05 0)
(9.29292 -2.28179e-05 0)
(9.29295 -1.80733e-05 0)
(9.29296 -1.33211e-05 0)
(9.29296 -8.94928e-06 0)
(9.29294 -5.48722e-06 0)
(9.29292 -3.83109e-06 0)
(9.2929 -4.33031e-06 0)
(9.29289 -7.65262e-06 0)
(9.2929 -1.37064e-05 0)
(9.29295 -2.2401e-05 0)
(9.29304 -3.2726e-05 0)
(9.29317 -4.39349e-05 0)
(9.29334 -5.444e-05 0)
(9.29356 -6.34488e-05 0)
(9.29381 -6.97226e-05 0)
(9.29407 -7.28674e-05 0)
(9.29433 -7.26397e-05 0)
(9.29459 -6.92985e-05 0)
(9.29482 -6.33657e-05 0)
(9.29502 -5.53472e-05 0)
(9.29519 -4.62223e-05 0)
(9.29532 -3.62871e-05 0)
(9.29542 -2.65764e-05 0)
(9.29548 -1.70436e-05 0)
(9.2955 -8.47071e-06 0)
(9.2955 -7.6418e-07 0)
(9.29548 5.73284e-06 0)
(9.29543 1.11056e-05 0)
(9.29537 1.51852e-05 0)
(9.2953 1.82908e-05 0)
(9.29522 2.01822e-05 0)
(9.29514 2.13694e-05 0)
(9.29506 2.15877e-05 0)
(9.29498 2.13519e-05 0)
(9.2949 2.04465e-05 0)
(9.29483 1.92893e-05 0)
(9.29477 1.77901e-05 0)
(9.29471 1.61694e-05 0)
(9.29466 1.44515e-05 0)
(9.29462 1.27415e-05 0)
(9.29458 1.10675e-05 0)
(9.29455 9.50117e-06 0)
(9.29452 8.04103e-06 0)
(9.2945 6.73291e-06 0)
(9.29448 5.55656e-06 0)
(9.29447 4.54065e-06 0)
(9.29446 3.65186e-06 0)
(9.29445 2.91069e-06 0)
(9.29444 2.27647e-06 0)
(9.29444 1.76634e-06 0)
(9.29443 1.33729e-06 0)
(9.29443 1.00647e-06 0)
(9.29443 7.30505e-07 0)
(9.29443 5.30016e-07 0)
(9.29443 3.61383e-07 0)
(9.29442 2.49903e-07 0)
(9.29442 1.51284e-07 0)
(9.29442 9.46091e-08 0)
(9.29442 5.14794e-08 0)
(9.29443 -3.23692e-08 0)
(9.29442 1.9398e-07 0)
(9.29442 -8.96101e-07 0)
(9.29443 3.45243e-06 0)
(9.29441 -6.97226e-06 0)
(9.29449 6.21951e-05 0)
(9.54744 0.000163753 0)
(9.54714 0.000144101 0)
(9.54689 0.00011962 0)
(9.54669 0.000117762 0)
(9.54654 0.000123465 0)
(9.54641 0.000128869 0)
(9.54632 0.000131349 0)
(9.54624 0.000129504 0)
(9.54618 0.000123302 0)
(9.54612 0.000112807 0)
(9.54604 9.80058e-05 0)
(9.54595 7.98831e-05 0)
(9.54584 5.91025e-05 0)
(9.54572 3.7171e-05 0)
(9.54558 1.50471e-05 0)
(9.54545 -5.80983e-06 0)
(9.54532 -2.46085e-05 0)
(9.54522 -4.03804e-05 0)
(9.54515 -5.28108e-05 0)
(9.54511 -6.1632e-05 0)
(9.54511 -6.72681e-05 0)
(9.54514 -7.01295e-05 0)
(9.5452 -7.12126e-05 0)
(9.54528 -7.10371e-05 0)
(9.54539 -7.03485e-05 0)
(9.54553 -6.9092e-05 0)
(9.54568 -6.72017e-05 0)
(9.54584 -6.43597e-05 0)
(9.54599 -6.04178e-05 0)
(9.54614 -5.55258e-05 0)
(9.54628 -5.00306e-05 0)
(9.54639 -4.44146e-05 0)
(9.54647 -3.89566e-05 0)
(9.54654 -3.37876e-05 0)
(9.54659 -2.87352e-05 0)
(9.54661 -2.36663e-05 0)
(9.54663 -1.84397e-05 0)
(9.54662 -1.32551e-05 0)
(9.54661 -8.51147e-06 0)
(9.54658 -4.79751e-06 0)
(9.54654 -3.0049e-06 0)
(9.5465 -3.63239e-06 0)
(9.54647 -7.38232e-06 0)
(9.54645 -1.4169e-05 0)
(9.54645 -2.38991e-05 0)
(9.5465 -3.54643e-05 0)
(9.54658 -4.79966e-05 0)
(9.54671 -5.97543e-05 0)
(9.54689 -6.97981e-05 0)
(9.54709 -7.67769e-05 0)
(9.54731 -8.02664e-05 0)
(9.54755 -7.99892e-05 0)
(9.54778 -7.62553e-05 0)
(9.54799 -6.96539e-05 0)
(9.54819 -6.07636e-05 0)
(9.54835 -5.06529e-05 0)
(9.54849 -3.96773e-05 0)
(9.54859 -2.89446e-05 0)
(9.54866 -1.84398e-05 0)
(9.5487 -8.99177e-06 0)
(9.54871 -5.18173e-07 0)
(9.5487 6.61882e-06 0)
(9.54867 1.25062e-05 0)
(9.54862 1.69727e-05 0)
(9.54857 2.03473e-05 0)
(9.5485 2.23983e-05 0)
(9.54843 2.36563e-05 0)
(9.54836 2.38621e-05 0)
(9.54829 2.35544e-05 0)
(9.54822 2.25285e-05 0)
(9.54816 2.12179e-05 0)
(9.5481 1.95436e-05 0)
(9.54804 1.77365e-05 0)
(9.54799 1.58306e-05 0)
(9.54795 1.3937e-05 0)
(9.54792 1.20893e-05 0)
(9.54788 1.03623e-05 0)
(9.54786 8.75701e-06 0)
(9.54784 7.31997e-06 0)
(9.54782 6.0313e-06 0)
(9.54781 4.91895e-06 0)
(9.5478 3.94872e-06 0)
(9.54779 3.13974e-06 0)
(9.54778 2.44993e-06 0)
(9.54778 1.89488e-06 0)
(9.54777 1.43012e-06 0)
(9.54777 1.07145e-06 0)
(9.54777 7.74018e-07 0)
(9.54777 5.57484e-07 0)
(9.54777 3.76929e-07 0)
(9.54777 2.57126e-07 0)
(9.54777 1.52316e-07 0)
(9.54777 9.25112e-08 0)
(9.54777 4.53453e-08 0)
(9.54777 -3.83232e-08 0)
(9.54777 1.92034e-07 0)
(9.54777 -9.45907e-07 0)
(9.54777 3.6492e-06 0)
(9.54775 -7.64711e-06 0)
(9.54782 6.70813e-05 0)
(9.79857 0.000172658 0)
(9.79833 0.000152205 0)
(9.79812 0.000125636 0)
(9.79798 0.000122014 0)
(9.7979 0.000126214 0)
(9.79788 0.000130499 0)
(9.79789 0.000132094 0)
(9.79793 0.00012982 0)
(9.79797 0.000123477 0)
(9.79802 0.000113247 0)
(9.79804 9.90218e-05 0)
(9.79804 8.16723e-05 0)
(9.79801 6.17173e-05 0)
(9.79794 4.05107e-05 0)
(9.79784 1.88655e-05 0)
(9.79771 -1.84928e-06 0)
(9.79758 -2.0862e-05 0)
(9.79745 -3.71604e-05 0)
(9.79734 -5.0348e-05 0)
(9.79724 -6.00606e-05 0)
(9.79717 -6.66399e-05 0)
(9.79714 -7.044e-05 0)
(9.79713 -7.24309e-05 0)
(9.79715 -7.314e-05 0)
(9.7972 -7.31965e-05 0)
(9.79728 -7.25613e-05 0)
(9.79738 -7.11495e-05 0)
(9.79749 -6.8518e-05 0)
(9.79761 -6.45011e-05 0)
(9.79773 -5.9277e-05 0)
(9.79783 -5.32558e-05 0)
(9.79791 -4.70099e-05 0)
(9.79797 -4.09021e-05 0)
(9.79802 -3.51276e-05 0)
(9.79804 -2.95408e-05 0)
(9.79805 -2.40063e-05 0)
(9.79805 -1.83594e-05 0)
(9.79803 -1.27767e-05 0)
(9.798 -7.65065e-06 0)
(9.79796 -3.61199e-06 0)
(9.7979 -1.57144e-06 0)
(9.79784 -2.13864e-06 0)
(9.79777 -6.10508e-06 0)
(9.79772 -1.34184e-05 0)
(9.79768 -2.40019e-05 0)
(9.79767 -3.66758e-05 0)
(9.79769 -5.04657e-05 0)
(9.79777 -6.34872e-05 0)
(9.79788 -7.46434e-05 0)
(9.79803 -8.24721e-05 0)
(9.7982 -8.65192e-05 0)
(9.7984 -8.64193e-05 0)
(9.7986 -8.25455e-05 0)
(9.79879 -7.55316e-05 0)
(9.79897 -6.60109e-05 0)
(9.79914 -5.51298e-05 0)
(9.79928 -4.32959e-05 0)
(9.79939 -3.16836e-05 0)
(9.79948 -2.03099e-05 0)
(9.79954 -1.00506e-05 0)
(9.79957 -8.40061e-07 0)
(9.79958 6.9361e-06 0)
(9.79957 1.3359e-05 0)
(9.79955 1.82506e-05 0)
(9.79951 2.19416e-05 0)
(9.79946 2.42087e-05 0)
(9.79941 2.55951e-05 0)
(9.79935 2.58426e-05 0)
(9.79929 2.55133e-05 0)
(9.79923 2.44145e-05 0)
(9.79917 2.29905e-05 0)
(9.79911 2.1176e-05 0)
(9.79906 1.92109e-05 0)
(9.79902 1.71404e-05 0)
(9.79898 1.50815e-05 0)
(9.79894 1.30744e-05 0)
(9.79891 1.11976e-05 0)
(9.79889 9.45519e-06 0)
(9.79887 7.89485e-06 0)
(9.79885 6.49797e-06 0)
(9.79884 5.29175e-06 0)
(9.79883 4.24191e-06 0)
(9.79882 3.36603e-06 0)
(9.79881 2.62132e-06 0)
(9.79881 2.02148e-06 0)
(9.7988 1.52119e-06 0)
(9.7988 1.13454e-06 0)
(9.7988 8.157e-07 0)
(9.7988 5.82929e-07 0)
(9.7988 3.90555e-07 0)
(9.7988 2.62301e-07 0)
(9.7988 1.51446e-07 0)
(9.7988 8.8523e-08 0)
(9.7988 3.70632e-08 0)
(9.7988 -4.44009e-08 0)
(9.7988 1.82099e-07 0)
(9.7988 -9.72081e-07 0)
(9.7988 3.75542e-06 0)
(9.79879 -8.12605e-06 0)
(9.79884 7.08617e-05 0)
(10.0492 0.000178863 0)
(10.0491 0.000158065 0)
(10.049 0.000129908 0)
(10.0489 0.000124031 0)
(10.0489 0.00012622 0)
(10.049 0.000129156 0)
(10.0491 0.000129719 0)
(10.0492 0.000127008 0)
(10.0493 0.000120624 0)
(10.0495 0.000110759 0)
(10.0496 9.72883e-05 0)
(10.0497 8.10055e-05 0)
(10.0497 6.22937e-05 0)
(10.0497 4.23394e-05 0)
(10.0496 2.17832e-05 0)
(10.0495 1.85431e-06 0)
(10.0494 -1.67494e-05 0)
(10.0493 -3.30222e-05 0)
(10.0491 -4.65202e-05 0)
(10.049 -5.68007e-05 0)
(10.0489 -6.41209e-05 0)
(10.0488 -6.87717e-05 0)
(10.0487 -7.16577e-05 0)
(10.0486 -7.32934e-05 0)
(10.0486 -7.42576e-05 0)
(10.0486 -7.43872e-05 0)
(10.0487 -7.35713e-05 0)
(10.0487 -7.12807e-05 0)
(10.0488 -6.73419e-05 0)
(10.0489 -6.19302e-05 0)
(10.049 -5.55083e-05 0)
(10.049 -4.87378e-05 0)
(10.049 -4.20713e-05 0)
(10.0491 -3.57758e-05 0)
(10.0491 -2.97388e-05 0)
(10.049 -2.38196e-05 0)
(10.049 -1.782e-05 0)
(10.049 -1.18751e-05 0)
(10.049 -6.35293e-06 0)
(10.0489 -1.90506e-06 0)
(10.0488 5.18927e-07 0)
(10.0487 2.14823e-07 0)
(10.0486 -3.71858e-06 0)
(10.0485 -1.12993e-05 0)
(10.0485 -2.24971e-05 0)
(10.0484 -3.6093e-05 0)
(10.0483 -5.10293e-05 0)
(10.0484 -6.52948e-05 0)
(10.0484 -7.76289e-05 0)
(10.0485 -8.64621e-05 0)
(10.0486 -9.13335e-05 0)
(10.0487 -9.16642e-05 0)
(10.0489 -8.79683e-05 0)
(10.0491 -8.08645e-05 0)
(10.0492 -7.10203e-05 0)
(10.0494 -5.96464e-05 0)
(10.0495 -4.71923e-05 0)
(10.0497 -3.489e-05 0)
(10.0498 -2.27871e-05 0)
(10.0498 -1.18061e-05 0)
(10.0499 -1.90351e-06 0)
(10.0499 6.50703e-06 0)
(10.05 1.34904e-05 0)
(10.05 1.88557e-05 0)
(10.05 2.29252e-05 0)
(10.0499 2.54836e-05 0)
(10.0499 2.70782e-05 0)
(10.0498 2.74382e-05 0)
(10.0498 2.71576e-05 0)
(10.0497 2.60511e-05 0)
(10.0497 2.45689e-05 0)
(10.0496 2.26621e-05 0)
(10.0496 2.05778e-05 0)
(10.0496 1.83742e-05 0)
(10.0495 1.61743e-05 0)
(10.0495 1.40267e-05 0)
(10.0495 1.20134e-05 0)
(10.0494 1.01437e-05 0)
(10.0494 8.46636e-06 0)
(10.0494 6.96538e-06 0)
(10.0494 5.66743e-06 0)
(10.0494 4.53905e-06 0)
(10.0494 3.5963e-06 0)
(10.0494 2.79636e-06 0)
(10.0494 2.15096e-06 0)
(10.0494 1.6144e-06 0)
(10.0493 1.19883e-06 0)
(10.0493 8.57911e-07 0)
(10.0493 6.0812e-07 0)
(10.0493 4.03494e-07 0)
(10.0493 2.66263e-07 0)
(10.0493 1.49194e-07 0)
(10.0493 8.28885e-08 0)
(10.0493 2.68663e-08 0)
(10.0493 -5.08167e-08 0)
(10.0493 1.63796e-07 0)
(10.0493 -9.74395e-07 0)
(10.0493 3.76496e-06 0)
(10.0493 -8.341e-06 0)
(10.0494 7.31172e-05 0)
(10.3001 0.000181561 0)
(10.3002 0.000160456 0)
(10.3001 0.000131584 0)
(10.3002 0.000123179 0)
(10.3002 0.000123566 0)
(10.3004 0.000125257 0)
(10.3006 0.000125001 0)
(10.3008 0.000121817 0)
(10.301 0.000115354 0)
(10.3012 0.000105849 0)
(10.3014 9.31854e-05 0)
(10.3015 7.8109e-05 0)
(10.3016 6.0893e-05 0)
(10.3017 4.2559e-05 0)
(10.3017 2.35657e-05 0)
(10.3016 4.96709e-06 0)
(10.3015 -1.26575e-05 0)
(10.3013 -2.83569e-05 0)
(10.3012 -4.168e-05 0)
(10.301 -5.21359e-05 0)
(10.3008 -5.99093e-05 0)
(10.3007 -6.52247e-05 0)
(10.3005 -6.89148e-05 0)
(10.3004 -7.14202e-05 0)
(10.3003 -7.32906e-05 0)
(10.3003 -7.43841e-05 0)
(10.3003 -7.41659e-05 0)
(10.3003 -7.24475e-05 0)
(10.3003 -6.87454e-05 0)
(10.3003 -6.3313e-05 0)
(10.3004 -5.6648e-05 0)
(10.3004 -4.94921e-05 0)
(10.3004 -4.23872e-05 0)
(10.3004 -3.5677e-05 0)
(10.3003 -2.9288e-05 0)
(10.3003 -2.30759e-05 0)
(10.3003 -1.68022e-05 0)
(10.3002 -1.05479e-05 0)
(10.3002 -4.64009e-06 0)
(10.3001 2.71247e-07 0)
(10.3 3.19743e-06 0)
(10.2999 3.34962e-06 0)
(10.2998 -2.96659e-07 0)
(10.2997 -7.85809e-06 0)
(10.2995 -1.9383e-05 0)
(10.2994 -3.36514e-05 0)
(10.2993 -4.95527e-05 0)
(10.2992 -6.49719e-05 0)
(10.2992 -7.84919e-05 0)
(10.2992 -8.84599e-05 0)
(10.2993 -9.43863e-05 0)
(10.2994 -9.5356e-05 0)
(10.2995 -9.22214e-05 0)
(10.2996 -8.53881e-05 0)
(10.2997 -7.55711e-05 0)
(10.2999 -6.40352e-05 0)
(10.3 -5.12559e-05 0)
(10.3001 -3.85099e-05 0)
(10.3003 -2.58711e-05 0)
(10.3004 -1.43048e-05 0)
(10.3004 -3.79323e-06 0)
(10.3005 5.21801e-06 0)
(10.3006 1.27687e-05 0)
(10.3006 1.86456e-05 0)
(10.3006 2.31534e-05 0)
(10.3006 2.6083e-05 0)
(10.3006 2.79748e-05 0)
(10.3006 2.85221e-05 0)
(10.3005 2.83838e-05 0)
(10.3005 2.73517e-05 0)
(10.3005 2.58812e-05 0)
(10.3004 2.39437e-05 0)
(10.3004 2.17918e-05 0)
(10.3004 1.94979e-05 0)
(10.3003 1.7191e-05 0)
(10.3003 1.4929e-05 0)
(10.3003 1.2799e-05 0)
(10.3002 1.08163e-05 0)
(10.3002 9.03179e-06 0)
(10.3002 7.43321e-06 0)
(10.3002 6.04727e-06 0)
(10.3002 4.84235e-06 0)
(10.3002 3.83326e-06 0)
(10.3002 2.9779e-06 0)
(10.3002 2.28606e-06 0)
(10.3002 1.71225e-06 0)
(10.3001 1.26652e-06 0)
(10.3001 9.0248e-07 0)
(10.3001 6.34559e-07 0)
(10.3001 4.16886e-07 0)
(10.3001 2.69864e-07 0)
(10.3001 1.46162e-07 0)
(10.3001 7.59646e-08 0)
(10.3001 1.51352e-08 0)
(10.3001 -5.77314e-08 0)
(10.3001 1.37362e-07 0)
(10.3001 -9.52016e-07 0)
(10.3001 3.66711e-06 0)
(10.3002 -8.25655e-06 0)
(10.3001 7.36546e-05 0)
(10.5507 0.000179093 0)
(10.5508 0.000158631 0)
(10.5509 0.000129586 0)
(10.5511 0.000119673 0)
(10.5512 0.000118731 0)
(10.5514 0.000119452 0)
(10.5517 0.000118502 0)
(10.5519 0.000114894 0)
(10.5522 0.000108307 0)
(10.5524 9.9086e-05 0)
(10.5527 8.71873e-05 0)
(10.5529 7.33414e-05 0)
(10.553 5.77369e-05 0)
(10.5531 4.1241e-05 0)
(10.5532 2.41345e-05 0)
(10.5531 7.27887e-06 0)
(10.553 -8.89545e-06 0)
(10.5529 -2.35301e-05 0)
(10.5527 -3.62058e-05 0)
(10.5525 -4.64197e-05 0)
(10.5523 -5.43059e-05 0)
(10.5521 -6.00299e-05 0)
(10.5519 -6.43537e-05 0)
(10.5518 -6.76682e-05 0)
(10.5516 -7.04007e-05 0)
(10.5515 -7.23182e-05 0)
(10.5514 -7.29979e-05 0)
(10.5514 -7.18765e-05 0)
(10.5514 -6.85905e-05 0)
(10.5513 -6.33148e-05 0)
(10.5513 -5.65815e-05 0)
(10.5513 -4.92011e-05 0)
(10.5513 -4.17984e-05 0)
(10.5512 -3.47945e-05 0)
(10.5512 -2.81611e-05 0)
(10.5511 -2.17544e-05 0)
(10.5511 -1.52964e-05 0)
(10.551 -8.80727e-06 0)
(10.5509 -2.55992e-06 0)
(10.5509 2.82104e-06 0)
(10.5508 6.32052e-06 0)
(10.5506 7.07592e-06 0)
(10.5505 3.93834e-06 0)
(10.5503 -3.3253e-06 0)
(10.5502 -1.4869e-05 0)
(10.55 -2.95107e-05 0)
(10.5499 -4.61228e-05 0)
(10.5497 -6.25184e-05 0)
(10.5496 -7.71562e-05 0)
(10.5496 -8.82842e-05 0)
(10.5496 -9.55993e-05 0)
(10.5496 -9.7151e-05 0)
(10.5496 -9.50441e-05 0)
(10.5497 -8.87728e-05 0)
(10.5498 -7.93387e-05 0)
(10.5499 -6.80009e-05 0)
(10.55 -5.5235e-05 0)
(10.5502 -4.23444e-05 0)
(10.5503 -2.94211e-05 0)
(10.5504 -1.74646e-05 0)
(10.5505 -6.48262e-06 0)
(10.5506 3.04612e-06 0)
(10.5507 1.11302e-05 0)
(10.5507 1.75266e-05 0)
(10.5508 2.25128e-05 0)
(10.5508 2.58778e-05 0)
(10.5508 2.81829e-05 0)
(10.5508 2.89762e-05 0)
(10.5508 2.90751e-05 0)
(10.5508 2.82032e-05 0)
(10.5508 2.68255e-05 0)
(10.5508 2.49319e-05 0)
(10.5507 2.27777e-05 0)
(10.5507 2.04489e-05 0)
(10.5507 1.80808e-05 0)
(10.5507 1.57417e-05 0)
(10.5506 1.35238e-05 0)
(10.5506 1.14501e-05 0)
(10.5506 9.57459e-06 0)
(10.5506 7.88989e-06 0)
(10.5506 6.42363e-06 0)
(10.5506 5.14708e-06 0)
(10.5505 4.07435e-06 0)
(10.5505 3.16486e-06 0)
(10.5505 2.42673e-06 0)
(10.5505 1.81529e-06 0)
(10.5505 1.33851e-06 0)
(10.5505 9.50435e-07 0)
(10.5505 6.63301e-07 0)
(10.5505 4.31689e-07 0)
(10.5505 2.73955e-07 0)
(10.5505 1.43042e-07 0)
(10.5505 6.82669e-08 0)
(10.5505 2.4143e-09 0)
(10.5505 -6.53075e-08 0)
(10.5505 1.04253e-07 0)
(10.5505 -9.05024e-07 0)
(10.5505 3.44837e-06 0)
(10.5505 -7.82295e-06 0)
(10.5505 7.22989e-05 0)
(10.7983 0.00017024 0)
(10.7986 0.00015223 0)
(10.7989 0.000124357 0)
(10.7991 0.000114239 0)
(10.7993 0.000112636 0)
(10.7995 0.00011264 0)
(10.7997 0.000111003 0)
(10.8 0.000106856 0)
(10.8003 0.000100016 0)
(10.8006 9.09644e-05 0)
(10.8009 7.97474e-05 0)
(10.8011 6.70939e-05 0)
(10.8013 5.31224e-05 0)
(10.8015 3.85578e-05 0)
(10.8015 2.3517e-05 0)
(10.8015 8.67028e-06 0)
(10.8015 -5.71212e-06 0)
(10.8014 -1.88896e-05 0)
(10.8012 -3.05057e-05 0)
(10.801 -4.00804e-05 0)
(10.8008 -4.7725e-05 0)
(10.8005 -5.3564e-05 0)
(10.8003 -5.82951e-05 0)
(10.8001 -6.2251e-05 0)
(10.7999 -6.57735e-05 0)
(10.7997 -6.85721e-05 0)
(10.7996 -7.00761e-05 0)
(10.7995 -6.96527e-05 0)
(10.7994 -6.68945e-05 0)
(10.7993 -6.19331e-05 0)
(10.7993 -5.5304e-05 0)
(10.7992 -4.78667e-05 0)
(10.7991 -4.03171e-05 0)
(10.7991 -3.3149e-05 0)
(10.799 -2.63821e-05 0)
(10.7989 -1.98803e-05 0)
(10.7989 -1.33327e-05 0)
(10.7988 -6.69946e-06 0)
(10.7987 -1.89679e-07 0)
(10.7986 5.61756e-06 0)
(10.7985 9.69926e-06 0)
(10.7984 1.11345e-05 0)
(10.7983 8.66054e-06 0)
(10.7981 1.92379e-06 0)
(10.7979 -9.35021e-06 0)
(10.7977 -2.40502e-05 0)
(10.7975 -4.10677e-05 0)
(10.7973 -5.81849e-05 0)
(10.7972 -7.37963e-05 0)
(10.7971 -8.60032e-05 0)
(10.797 -9.44677e-05 0)
(10.7969 -9.71914e-05 0)
(10.7969 -9.60625e-05 0)
(10.7969 -9.06952e-05 0)
(10.797 -8.19788e-05 0)
(10.7971 -7.1189e-05 0)
(10.7972 -5.87861e-05 0)
(10.7973 -4.60797e-05 0)
(10.7974 -3.31678e-05 0)
(10.7975 -2.10712e-05 0)
(10.7976 -9.81754e-06 0)
(10.7978 8.53131e-08 0)
(10.7979 8.61178e-06 0)
(10.7979 1.5488e-05 0)
(10.798 2.09577e-05 0)
(10.7981 2.4788e-05 0)
(10.7981 2.75013e-05 0)
(10.7982 2.87093e-05 0)
(10.7982 2.90613e-05 0)
(10.7982 2.84864e-05 0)
(10.7982 2.72785e-05 0)
(10.7982 2.55121e-05 0)
(10.7982 2.34322e-05 0)
(10.7981 2.11367e-05 0)
(10.7981 1.87662e-05 0)
(10.7981 1.63993e-05 0)
(10.7981 1.41342e-05 0)
(10.7981 1.20021e-05 0)
(10.7981 1.00608e-05 0)
(10.7981 8.3092e-06 0)
(10.798 6.77679e-06 0)
(10.798 5.4388e-06 0)
(10.798 4.30933e-06 0)
(10.798 3.35023e-06 0)
(10.798 2.56846e-06 0)
(10.798 1.92079e-06 0)
(10.798 1.41341e-06 0)
(10.798 1.00125e-06 0)
(10.798 6.94413e-07 0)
(10.798 4.483e-07 0)
(10.798 2.79137e-07 0)
(10.798 1.4048e-07 0)
(10.798 6.04114e-08 0)
(10.798 -1.06058e-08 0)
(10.798 -7.37161e-08 0)
(10.798 6.7533e-08 0)
(10.798 -8.41136e-07 0)
(10.798 3.12577e-06 0)
(10.798 -7.01817e-06 0)
(10.7979 6.87545e-05 0)
(11.0386 0.000155653 0)
(11.0391 0.000142483 0)
(11.0394 0.00011783 0)
(11.0395 0.000108388 0)
(11.0397 0.000106355 0)
(11.04 0.000105472 0)
(11.0402 0.000102878 0)
(11.0405 9.79716e-05 0)
(11.0409 9.0747e-05 0)
(11.0412 8.17918e-05 0)
(11.0415 7.12151e-05 0)
(11.0418 5.97277e-05 0)
(11.042 4.73789e-05 0)
(11.0422 3.47613e-05 0)
(11.0423 2.18484e-05 0)
(11.0423 9.1372e-06 0)
(11.0423 -3.25409e-06 0)
(11.0422 -1.47113e-05 0)
(11.042 -2.49588e-05 0)
(11.0418 -3.35663e-05 0)
(11.0416 -4.06481e-05 0)
(11.0413 -4.63116e-05 0)
(11.0411 -5.12039e-05 0)
(11.0408 -5.56068e-05 0)
(11.0406 -5.97846e-05 0)
(11.0404 -6.33533e-05 0)
(11.0402 -6.56771e-05 0)
(11.0401 -6.60032e-05 0)
(11.04 -6.38602e-05 0)
(11.0399 -5.9338e-05 0)
(11.0398 -5.29626e-05 0)
(11.0397 -4.56246e-05 0)
(11.0396 -3.80758e-05 0)
(11.0395 -3.08728e-05 0)
(11.0394 -2.40825e-05 0)
(11.0394 -1.75813e-05 0)
(11.0393 -1.10363e-05 0)
(11.0392 -4.35311e-06 0)
(11.0391 2.32631e-06 0)
(11.039 8.48031e-06 0)
(11.0389 1.30959e-05 0)
(11.0388 1.52123e-05 0)
(11.0387 1.34723e-05 0)
(11.0385 7.41037e-06 0)
(11.0383 -3.36365e-06 0)
(11.0381 -1.78297e-05 0)
(11.0379 -3.49329e-05 0)
(11.0377 -5.24634e-05 0)
(11.0375 -6.88069e-05 0)
(11.0373 -8.19559e-05 0)
(11.0372 -9.11709e-05 0)
(11.0371 -9.54561e-05 0)
(11.037 -9.52212e-05 0)
(11.037 -9.09559e-05 0)
(11.037 -8.32214e-05 0)
(11.037 -7.32682e-05 0)
(11.0371 -6.1544e-05 0)
(11.0371 -4.93433e-05 0)
(11.0372 -3.67559e-05 0)
(11.0374 -2.48056e-05 0)
(11.0375 -1.35313e-05 0)
(11.0376 -3.45899e-06 0)
(11.0377 5.35337e-06 0)
(11.0378 1.26055e-05 0)
(11.0379 1.85054e-05 0)
(11.038 2.27824e-05 0)
(11.0381 2.58942e-05 0)
(11.0382 2.75522e-05 0)
(11.0382 2.83026e-05 0)
(11.0383 2.80188e-05 0)
(11.0383 2.7093e-05 0)
(11.0383 2.55426e-05 0)
(11.0383 2.36213e-05 0)
(11.0383 2.14376e-05 0)
(11.0383 1.9136e-05 0)
(11.0383 1.68043e-05 0)
(11.0383 1.45463e-05 0)
(11.0383 1.24014e-05 0)
(11.0383 1.04321e-05 0)
(11.0383 8.64401e-06 0)
(11.0382 7.06941e-06 0)
(11.0382 5.68841e-06 0)
(11.0382 4.51611e-06 0)
(11.0382 3.5176e-06 0)
(11.0382 2.69943e-06 0)
(11.0382 2.02049e-06 0)
(11.0382 1.48573e-06 0)
(11.0382 1.05144e-06 0)
(11.0382 7.25958e-07 0)
(11.0382 4.65788e-07 0)
(11.0382 2.85228e-07 0)
(11.0382 1.38711e-07 0)
(11.0382 5.2907e-08 0)
(11.0382 -2.32153e-08 0)
(11.0382 -8.29078e-08 0)
(11.0382 3.11974e-08 0)
(11.0382 -7.74242e-07 0)
(11.0382 2.75401e-06 0)
(11.0382 -5.97122e-06 0)
(11.0382 6.29464e-05 0)
(11.2659 0.000140305 0)
(11.2663 0.000132637 0)
(11.2665 0.000112304 0)
(11.2666 0.000103228 0)
(11.2668 0.000100059 0)
(11.2671 9.76782e-05 0)
(11.2674 9.37765e-05 0)
(11.2677 8.80065e-05 0)
(11.2681 8.04499e-05 0)
(11.2684 7.17051e-05 0)
(11.2687 6.18777e-05 0)
(11.269 5.16281e-05 0)
(11.2693 4.09301e-05 0)
(11.2695 3.02555e-05 0)
(11.2696 1.94584e-05 0)
(11.2696 8.89214e-06 0)
(11.2696 -1.45276e-06 0)
(11.2695 -1.10794e-05 0)
(11.2694 -1.97953e-05 0)
(11.2692 -2.72322e-05 0)
(11.269 -3.35262e-05 0)
(11.2687 -3.87894e-05 0)
(11.2685 -4.36366e-05 0)
(11.2682 -4.83106e-05 0)
(11.268 -5.30064e-05 0)
(11.2678 -5.72573e-05 0)
(11.2676 -6.03443e-05 0)
(11.2674 -6.14183e-05 0)
(11.2673 -5.99323e-05 0)
(11.2671 -5.59287e-05 0)
(11.267 -4.99161e-05 0)
(11.2669 -4.28028e-05 0)
(11.2668 -3.53827e-05 0)
(11.2667 -2.82628e-05 0)
(11.2666 -2.15511e-05 0)
(11.2665 -1.51392e-05 0)
(11.2665 -8.68081e-06 0)
(11.2664 -2.03468e-06 0)
(11.2663 4.72111e-06 0)
(11.2662 1.11245e-05 0)
(11.2661 1.61853e-05 0)
(11.266 1.89212e-05 0)
(11.2659 1.79051e-05 0)
(11.2658 1.25762e-05 0)
(11.2656 2.45598e-06 0)
(11.2654 -1.15303e-05 0)
(11.2652 -2.84179e-05 0)
(11.265 -4.60326e-05 0)
(11.2648 -6.27787e-05 0)
(11.2646 -7.65983e-05 0)
(11.2644 -8.65856e-05 0)
(11.2642 -9.19274e-05 0)
(11.2641 -9.27349e-05 0)
(11.264 -8.95565e-05 0)
(11.264 -8.29094e-05 0)
(11.2639 -7.39806e-05 0)
(11.264 -6.31791e-05 0)
(11.264 -5.17634e-05 0)
(11.2641 -3.98006e-05 0)
(11.2642 -2.82978e-05 0)
(11.2643 -1.72914e-05 0)
(11.2644 -7.31112e-06 0)
(11.2645 1.56443e-06 0)
(11.2647 9.01401e-06 0)
(11.2648 1.52128e-05 0)
(11.2649 1.98533e-05 0)
(11.265 2.33621e-05 0)
(11.2651 2.54511e-05 0)
(11.2652 2.66026e-05 0)
(11.2653 2.66865e-05 0)
(11.2653 2.60979e-05 0)
(11.2654 2.48434e-05 0)
(11.2654 2.31668e-05 0)
(11.2654 2.11815e-05 0)
(11.2654 1.90328e-05 0)
(11.2654 1.68146e-05 0)
(11.2654 1.46346e-05 0)
(11.2654 1.25398e-05 0)
(11.2654 1.05966e-05 0)
(11.2654 8.81777e-06 0)
(11.2654 7.23895e-06 0)
(11.2654 5.84579e-06 0)
(11.2654 4.65529e-06 0)
(11.2654 3.63656e-06 0)
(11.2654 2.79674e-06 0)
(11.2654 2.09754e-06 0)
(11.2654 1.54346e-06 0)
(11.2654 1.09275e-06 0)
(11.2654 7.52572e-07 0)
(11.2654 4.80882e-07 0)
(11.2654 2.905e-07 0)
(11.2654 1.37049e-07 0)
(11.2654 4.58059e-08 0)
(11.2654 -3.49451e-08 0)
(11.2654 -9.23421e-08 0)
(11.2654 -1.6184e-09 0)
(11.2654 -7.17836e-07 0)
(11.2654 2.41228e-06 0)
(11.2654 -5.03571e-06 0)
(11.2654 5.63978e-05 0)
(11.4742 0.000132437 0)
(11.4745 0.000125994 0)
(11.4746 0.00010814 0)
(11.4747 9.79353e-05 0)
(11.4749 9.26234e-05 0)
(11.4752 8.82795e-05 0)
(11.4755 8.30511e-05 0)
(11.4759 7.66701e-05 0)
(11.4763 6.91451e-05 0)
(11.4767 6.0965e-05 0)
(11.477 5.21656e-05 0)
(11.4773 4.33294e-05 0)
(11.4775 3.4357e-05 0)
(11.4777 2.56158e-05 0)
(11.4778 1.68693e-05 0)
(11.4779 8.36049e-06 0)
(11.4779 -1.37867e-08 0)
(11.4778 -7.85221e-06 0)
(11.4777 -1.50332e-05 0)
(11.4775 -2.12502e-05 0)
(11.4773 -2.6669e-05 0)
(11.4771 -3.14221e-05 0)
(11.4768 -3.61061e-05 0)
(11.4766 -4.09376e-05 0)
(11.4763 -4.60502e-05 0)
(11.4761 -5.09051e-05 0)
(11.4759 -5.46949e-05 0)
(11.4757 -5.64862e-05 0)
(11.4756 -5.56578e-05 0)
(11.4754 -5.22051e-05 0)
(11.4753 -4.66172e-05 0)
(11.4752 -3.98125e-05 0)
(11.4751 -3.26168e-05 0)
(11.475 -2.56751e-05 0)
(11.4749 -1.91289e-05 0)
(11.4748 -1.28827e-05 0)
(11.4747 -6.58195e-06 0)
(11.4747 -4.54817e-08 0)
(11.4746 6.70363e-06 0)
(11.4745 1.32587e-05 0)
(11.4745 1.86575e-05 0)
(11.4744 2.19121e-05 0)
(11.4743 2.15503e-05 0)
(11.4742 1.69382e-05 0)
(11.474 7.54697e-06 0)
(11.4738 -5.78591e-06 0)
(11.4736 -2.22114e-05 0)
(11.4734 -3.9607e-05 0)
(11.4732 -5.64037e-05 0)
(11.473 -7.05387e-05 0)
(11.4728 -8.10119e-05 0)
(11.4726 -8.71017e-05 0)
(11.4724 -8.87985e-05 0)
(11.4723 -8.66153e-05 0)
(11.4722 -8.10371e-05 0)
(11.4722 -7.32006e-05 0)
(11.4721 -6.34665e-05 0)
(11.4721 -5.30421e-05 0)
(11.4722 -4.1958e-05 0)
(11.4722 -3.11857e-05 0)
(11.4723 -2.07437e-05 0)
(11.4725 -1.11476e-05 0)
(11.4726 -2.48009e-06 0)
(11.4727 4.92824e-06 0)
(11.4729 1.12259e-05 0)
(11.473 1.60813e-05 0)
(11.4731 1.9882e-05 0)
(11.4732 2.23364e-05 0)
(11.4734 2.38753e-05 0)
(11.4735 2.43541e-05 0)
(11.4735 2.41462e-05 0)
(11.4736 2.3252e-05 0)
(11.4737 2.18989e-05 0)
(11.4737 2.0199e-05 0)
(11.4737 1.82931e-05 0)
(11.4738 1.62772e-05 0)
(11.4738 1.42597e-05 0)
(11.4738 1.22928e-05 0)
(11.4738 1.04458e-05 0)
(11.4738 8.73783e-06 0)
(11.4738 7.20765e-06 0)
(11.4738 5.84687e-06 0)
(11.4738 4.67499e-06 0)
(11.4738 3.666e-06 0)
(11.4738 2.82839e-06 0)
(11.4738 2.12761e-06 0)
(11.4738 1.56853e-06 0)
(11.4738 1.11217e-06 0)
(11.4738 7.65189e-07 0)
(11.4738 4.87623e-07 0)
(11.4738 2.91261e-07 0)
(11.4738 1.33494e-07 0)
(11.4738 3.83038e-08 0)
(11.4738 -4.58748e-08 0)
(11.4738 -1.01158e-07 0)
(11.4738 -3.02673e-08 0)
(11.4739 -6.74979e-07 0)
(11.4738 2.14855e-06 0)
(11.4739 -4.58583e-06 0)
(11.4738 5.24955e-05 0)
(11.6608 0.000130874 0)
(11.6609 0.000122572 0)
(11.661 0.000103896 0)
(11.6612 9.12661e-05 0)
(11.6615 8.35512e-05 0)
(11.6619 7.74057e-05 0)
(11.6623 7.12174e-05 0)
(11.6627 6.46786e-05 0)
(11.6631 5.7629e-05 0)
(11.6634 5.03751e-05 0)
(11.6638 4.28466e-05 0)
(11.664 3.55415e-05 0)
(11.6643 2.8301e-05 0)
(11.6644 2.14096e-05 0)
(11.6645 1.45686e-05 0)
(11.6646 7.94034e-06 0)
(11.6646 1.35973e-06 0)
(11.6645 -4.84364e-06 0)
(11.6644 -1.06013e-05 0)
(11.6642 -1.56608e-05 0)
(11.664 -2.02183e-05 0)
(11.6638 -2.44338e-05 0)
(11.6635 -2.88955e-05 0)
(11.6633 -3.38056e-05 0)
(11.663 -3.92444e-05 0)
(11.6628 -4.46138e-05 0)
(11.6626 -4.90245e-05 0)
(11.6624 -5.14691e-05 0)
(11.6623 -5.12595e-05 0)
(11.6621 -4.83478e-05 0)
(11.662 -4.32041e-05 0)
(11.6619 -3.67523e-05 0)
(11.6618 -2.98414e-05 0)
(11.6617 -2.31445e-05 0)
(11.6616 -1.68275e-05 0)
(11.6615 -1.08035e-05 0)
(11.6614 -4.70992e-06 0)
(11.6614 1.66918e-06 0)
(11.6613 8.35566e-06 0)
(11.6613 1.49918e-05 0)
(11.6612 2.06416e-05 0)
(11.6611 2.43211e-05 0)
(11.661 2.45289e-05 0)
(11.6609 2.05832e-05 0)
(11.6608 1.19043e-05 0)
(11.6606 -7.44126e-07 0)
(11.6605 -1.65915e-05 0)
(11.6603 -3.35705e-05 0)
(11.6601 -5.01491e-05 0)
(11.6598 -6.42984e-05 0)
(11.6596 -7.49824e-05 0)
(11.6594 -8.15211e-05 0)
(11.6592 -8.38699e-05 0)
(11.6591 -8.25133e-05 0)
(11.6589 -7.78976e-05 0)
(11.6588 -7.11174e-05 0)
(11.6588 -6.24842e-05 0)
(11.6587 -5.31489e-05 0)
(11.6587 -4.30969e-05 0)
(11.6588 -3.32516e-05 0)
(11.6589 -2.36023e-05 0)
(11.6589 -1.46341e-05 0)
(11.6591 -6.42049e-06 0)
(11.6592 7.138e-07 0)
(11.6593 6.90005e-06 0)
(11.6595 1.17955e-05 0)
(11.6596 1.57506e-05 0)
(11.6598 1.84664e-05 0)
(11.6599 2.03275e-05 0)
(11.66 2.11765e-05 0)
(11.6601 2.1352e-05 0)
(11.6602 2.08459e-05 0)
(11.6603 1.9863e-05 0)
(11.6604 1.85093e-05 0)
(11.6605 1.69156e-05 0)
(11.6605 1.51756e-05 0)
(11.6605 1.33948e-05 0)
(11.6606 1.16277e-05 0)
(11.6606 9.94407e-06 0)
(11.6606 8.36804e-06 0)
(11.6606 6.94077e-06 0)
(11.6607 5.65967e-06 0)
(11.6607 4.54667e-06 0)
(11.6607 3.58119e-06 0)
(11.6607 2.77346e-06 0)
(11.6607 2.09351e-06 0)
(11.6607 1.5471e-06 0)
(11.6607 1.09895e-06 0)
(11.6607 7.55585e-07 0)
(11.6607 4.80075e-07 0)
(11.6607 2.83335e-07 0)
(11.6607 1.25335e-07 0)
(11.6607 2.8765e-08 0)
(11.6607 -5.6818e-08 0)
(11.6607 -1.08993e-07 0)
(11.6607 -5.6551e-08 0)
(11.6607 -6.37174e-07 0)
(11.6607 1.93655e-06 0)
(11.6607 -4.62313e-06 0)
(11.6607 5.18891e-05 0)
(11.832 0.000123412 0)
(11.8322 0.00011806 0)
(11.8325 9.79692e-05 0)
(11.8328 8.31433e-05 0)
(11.8332 7.36023e-05 0)
(11.8336 6.61613e-05 0)
(11.834 5.9408e-05 0)
(11.8344 5.30264e-05 0)
(11.8348 4.67002e-05 0)
(11.8351 4.05422e-05 0)
(11.8354 3.43669e-05 0)
(11.8356 2.85861e-05 0)
(11.8358 2.29972e-05 0)
(11.836 1.78189e-05 0)
(11.836 1.27136e-05 0)
(11.8361 7.78289e-06 0)
(11.836 2.82129e-06 0)
(11.836 -1.89527e-06 0)
(11.8358 -6.33546e-06 0)
(11.8357 -1.02934e-05 0)
(11.8355 -1.39926e-05 0)
(11.8353 -1.76264e-05 0)
(11.835 -2.17817e-05 0)
(11.8348 -2.66591e-05 0)
(11.8346 -3.22962e-05 0)
(11.8343 -3.80508e-05 0)
(11.8341 -4.29642e-05 0)
(11.8339 -4.59672e-05 0)
(11.8338 -4.63113e-05 0)
(11.8336 -4.39079e-05 0)
(11.8334 -3.92062e-05 0)
(11.8333 -3.31301e-05 0)
(11.8332 -2.65445e-05 0)
(11.8331 -2.01418e-05 0)
(11.833 -1.41051e-05 0)
(11.8329 -8.34927e-06 0)
(11.8328 -2.50166e-06 0)
(11.8327 3.68829e-06 0)
(11.8327 1.02818e-05 0)
(11.8326 1.69671e-05 0)
(11.8325 2.28316e-05 0)
(11.8325 2.68977e-05 0)
(11.8324 2.76407e-05 0)
(11.8323 2.43408e-05 0)
(11.8321 1.63485e-05 0)
(11.832 4.36574e-06 0)
(11.8318 -1.08719e-05 0)
(11.8316 -2.73563e-05 0)
(11.8314 -4.35954e-05 0)
(11.8312 -5.76123e-05 0)
(11.8309 -6.83694e-05 0)
(11.8307 -7.52166e-05 0)
(11.8305 -7.80955e-05 0)
(11.8303 -7.74801e-05 0)
(11.8301 -7.37769e-05 0)
(11.83 -6.80418e-05 0)
(11.8299 -6.05376e-05 0)
(11.8298 -5.23568e-05 0)
(11.8298 -4.34369e-05 0)
(11.8298 -3.46464e-05 0)
(11.8299 -2.59399e-05 0)
(11.8299 -1.77632e-05 0)
(11.83 -1.01739e-05 0)
(11.8302 -3.47892e-06 0)
(11.8303 2.44143e-06 0)
(11.8305 7.24253e-06 0)
(11.8306 1.12397e-05 0)
(11.8308 1.41296e-05 0)
(11.8309 1.62496e-05 0)
(11.831 1.74336e-05 0)
(11.8312 1.79782e-05 0)
(11.8313 1.78662e-05 0)
(11.8314 1.72748e-05 0)
(11.8315 1.63008e-05 0)
(11.8316 1.50613e-05 0)
(11.8316 1.36449e-05 0)
(11.8317 1.21506e-05 0)
(11.8317 1.06335e-05 0)
(11.8318 9.16134e-06 0)
(11.8318 7.76233e-06 0)
(11.8318 6.47874e-06 0)
(11.8318 5.31364e-06 0)
(11.8319 4.29094e-06 0)
(11.8319 3.39593e-06 0)
(11.8319 2.64053e-06 0)
(11.8319 2.00007e-06 0)
(11.8319 1.48122e-06 0)
(11.8319 1.05331e-06 0)
(11.8319 7.22769e-07 0)
(11.8319 4.56597e-07 0)
(11.8319 2.64725e-07 0)
(11.8319 1.10534e-07 0)
(11.8319 1.51741e-08 0)
(11.8319 -6.95909e-08 0)
(11.8319 -1.17808e-07 0)
(11.8319 -8.26666e-08 0)
(11.8319 -5.96008e-07 0)
(11.8319 1.71847e-06 0)
(11.8319 -4.73614e-06 0)
(11.8319 4.75297e-05 0)
(11.9945 0.000110349 0)
(11.9951 0.000108142 0)
(11.9955 8.75964e-05 0)
(11.9959 7.18986e-05 0)
(11.9964 6.19887e-05 0)
(11.9968 5.43919e-05 0)
(11.9972 4.78114e-05 0)
(11.9975 4.20364e-05 0)
(11.9979 3.67081e-05 0)
(11.9982 3.18034e-05 0)
(11.9984 2.70442e-05 0)
(11.9986 2.27645e-05 0)
(11.9988 1.8734e-05 0)
(11.9988 1.51229e-05 0)
(11.9989 1.15765e-05 0)
(11.9989 8.15254e-06 0)
(11.9988 4.62343e-06 0)
(11.9988 1.22528e-06 0)
(11.9986 -2.03449e-06 0)
(11.9985 -4.98688e-06 0)
(11.9983 -7.8768e-06 0)
(11.9981 -1.0932e-05 0)
(11.9979 -1.474e-05 0)
(11.9976 -1.95092e-05 0)
(11.9974 -2.52435e-05 0)
(11.9972 -3.12706e-05 0)
(11.9969 -3.6575e-05 0)
(11.9967 -4.00381e-05 0)
(11.9965 -4.08604e-05 0)
(11.9964 -3.89163e-05 0)
(11.9962 -3.4634e-05 0)
(11.996 -2.89341e-05 0)
(11.9959 -2.26927e-05 0)
(11.9958 -1.66156e-05 0)
(11.9956 -1.08973e-05 0)
(11.9955 -5.44839e-06 0)
(11.9954 1.18136e-07 0)
(11.9953 6.08873e-06 0)
(11.9953 1.25596e-05 0)
(11.9952 1.92635e-05 0)
(11.9951 2.5308e-05 0)
(11.995 2.97234e-05 0)
(11.9949 3.09632e-05 0)
(11.9948 2.82814e-05 0)
(11.9946 2.09417e-05 0)
(11.9944 9.58361e-06 0)
(11.9942 -5.04801e-06 0)
(11.994 -2.09936e-05 0)
(11.9938 -3.68037e-05 0)
(11.9936 -5.05646e-05 0)
(11.9933 -6.12565e-05 0)
(11.9931 -6.82657e-05 0)
(11.9928 -7.15306e-05 0)
(11.9926 -7.15325e-05 0)
(11.9924 -6.86444e-05 0)
(11.9923 -6.38911e-05 0)
(11.9921 -5.74913e-05 0)
(11.992 -5.04804e-05 0)
(11.992 -4.27497e-05 0)
(11.9919 -3.51076e-05 0)
(11.992 -2.74712e-05 0)
(11.992 -2.02389e-05 0)
(11.9921 -1.34468e-05 0)
(11.9922 -7.3733e-06 0)
(11.9923 -1.90128e-06 0)
(11.9925 2.63438e-06 0)
(11.9926 6.51874e-06 0)
(11.9928 9.45157e-06 0)
(11.9929 1.17233e-05 0)
(11.9931 1.31647e-05 0)
(11.9932 1.40268e-05 0)
(11.9934 1.4283e-05 0)
(11.9935 1.40787e-05 0)
(11.9936 1.34987e-05 0)
(11.9937 1.26424e-05 0)
(11.9938 1.15895e-05 0)
(11.9938 1.04289e-05 0)
(11.9939 9.21306e-06 0)
(11.9939 8.00483e-06 0)
(11.994 6.83439e-06 0)
(11.994 5.74319e-06 0)
(11.994 4.73911e-06 0)
(11.9941 3.84707e-06 0)
(11.9941 3.05823e-06 0)
(11.9941 2.38586e-06 0)
(11.9941 1.81104e-06 0)
(11.9941 1.34141e-06 0)
(11.9941 9.51635e-07 0)
(11.9941 6.48185e-07 0)
(11.9941 4.02811e-07 0)
(11.9941 2.24536e-07 0)
(11.9941 8.10497e-08 0)
(11.9941 -8.32903e-09 0)
(11.9941 -8.82013e-08 0)
(11.9941 -1.30453e-07 0)
(11.9941 -1.11689e-07 0)
(11.9941 -5.40488e-07 0)
(11.9941 1.41835e-06 0)
(11.9942 -4.44502e-06 0)
(11.9941 4.28145e-05 0)
(12.1466 9.01033e-05 0)
(12.1474 8.91594e-05 0)
(12.1481 7.19152e-05 0)
(12.1486 5.79364e-05 0)
(12.1491 4.934e-05 0)
(12.1495 4.28029e-05 0)
(12.1499 3.71848e-05 0)
(12.1502 3.2448e-05 0)
(12.1505 2.83147e-05 0)
(12.1507 2.47253e-05 0)
(12.1509 2.13601e-05 0)
(12.1511 1.84865e-05 0)
(12.1512 1.58563e-05 0)
(12.1512 1.36027e-05 0)
(12.1512 1.13742e-05 0)
(12.1512 9.202e-06 0)
(12.1511 6.8577e-06 0)
(12.151 4.55088e-06 0)
(12.1509 2.27713e-06 0)
(12.1508 1.79006e-07 0)
(12.1506 -2.00174e-06 0)
(12.1504 -4.52441e-06 0)
(12.1502 -7.97615e-06 0)
(12.15 -1.2579e-05 0)
(12.1497 -1.83115e-05 0)
(12.1495 -2.44869e-05 0)
(12.1493 -3.00465e-05 0)
(12.1491 -3.38367e-05 0)
(12.1489 -3.50213e-05 0)
(12.1487 -3.34448e-05 0)
(12.1485 -2.95168e-05 0)
(12.1484 -2.41525e-05 0)
(12.1482 -1.82362e-05 0)
(12.1481 -1.24829e-05 0)
(12.1479 -7.09479e-06 0)
(12.1478 -1.97162e-06 0)
(12.1477 3.2912e-06 0)
(12.1476 9.01671e-06 0)
(12.1475 1.53339e-05 0)
(12.1474 2.20189e-05 0)
(12.1473 2.82012e-05 0)
(12.1472 3.292e-05 0)
(12.147 3.46125e-05 0)
(12.1469 3.25089e-05 0)
(12.1468 2.58153e-05 0)
(12.1466 1.51083e-05 0)
(12.1464 1.11716e-06 0)
(12.1461 -1.42501e-05 0)
(12.1459 -2.95732e-05 0)
(12.1457 -4.29988e-05 0)
(12.1454 -5.35317e-05 0)
(12.1451 -6.06008e-05 0)
(12.1449 -6.4147e-05 0)
(12.1446 -6.46683e-05 0)
(12.1444 -6.2513e-05 0)
(12.1442 -5.86804e-05 0)
(12.144 -5.33532e-05 0)
(12.1439 -4.75109e-05 0)
(12.1438 -4.1003e-05 0)
(12.1437 -3.45722e-05 0)
(12.1437 -2.80969e-05 0)
(12.1437 -2.19228e-05 0)
(12.1438 -1.60627e-05 0)
(12.1439 -1.07602e-05 0)
(12.144 -5.89451e-06 0)
(12.1441 -1.78039e-06 0)
(12.1443 1.84145e-06 0)
(12.1444 4.68222e-06 0)
(12.1446 6.98761e-06 0)
(12.1447 8.59017e-06 0)
(12.1449 9.69541e-06 0)
(12.145 1.02683e-05 0)
(12.1452 1.04201e-05 0)
(12.1453 1.02219e-05 0)
(12.1454 9.75266e-06 0)
(12.1455 9.08016e-06 0)
(12.1456 8.28028e-06 0)
(12.1457 7.39981e-06 0)
(12.1457 6.49396e-06 0)
(12.1458 5.59252e-06 0)
(12.1458 4.73412e-06 0)
(12.1459 3.93002e-06 0)
(12.1459 3.20504e-06 0)
(12.1459 2.5556e-06 0)
(12.1459 1.99587e-06 0)
(12.1459 1.51267e-06 0)
(12.146 1.1145e-06 0)
(12.146 7.81696e-07 0)
(12.146 5.20946e-07 0)
(12.146 3.09169e-07 0)
(12.146 1.5469e-07 0)
(12.146 3.01438e-08 0)
(12.146 -4.72528e-08 0)
(12.146 -1.16926e-07 0)
(12.146 -1.5063e-07 0)
(12.146 -1.44921e-07 0)
(12.146 -4.73608e-07 0)
(12.146 1.03522e-06 0)
(12.146 -3.67415e-06 0)
(12.1459 3.37481e-05 0)
(12.2823 6.11608e-05 0)
(12.2833 6.28682e-05 0)
(12.2841 5.20231e-05 0)
(12.2847 4.19883e-05 0)
(12.2852 3.59859e-05 0)
(12.2856 3.14579e-05 0)
(12.286 2.75254e-05 0)
(12.2862 2.4271e-05 0)
(12.2865 2.15348e-05 0)
(12.2867 1.93136e-05 0)
(12.2868 1.73155e-05 0)
(12.2869 1.57638e-05 0)
(12.2869 1.43925e-05 0)
(12.287 1.33007e-05 0)
(12.2869 1.21532e-05 0)
(12.2869 1.09708e-05 0)
(12.2868 9.54335e-06 0)
(12.2867 8.07162e-06 0)
(12.2866 6.54937e-06 0)
(12.2864 5.10337e-06 0)
(12.2863 3.4739e-06 0)
(12.2861 1.37911e-06 0)
(12.2859 -1.7644e-06 0)
(12.2857 -6.19399e-06 0)
(12.2855 -1.18681e-05 0)
(12.2853 -1.80981e-05 0)
(12.2851 -2.3795e-05 0)
(12.2849 -2.77804e-05 0)
(12.2847 -2.91977e-05 0)
(12.2846 -2.78723e-05 0)
(12.2844 -2.4199e-05 0)
(12.2842 -1.90886e-05 0)
(12.2841 -1.34345e-05 0)
(12.2839 -7.96018e-06 0)
(12.2838 -2.87362e-06 0)
(12.2836 1.93866e-06 0)
(12.2835 6.90014e-06 0)
(12.2834 1.23713e-05 0)
(12.2833 1.85147e-05 0)
(12.2832 2.51493e-05 0)
(12.2831 3.14306e-05 0)
(12.283 3.64086e-05 0)
(12.2828 3.8512e-05 0)
(12.2827 3.69483e-05 0)
(12.2825 3.08875e-05 0)
(12.2823 2.08504e-05 0)
(12.2821 7.5411e-06 0)
(12.2819 -7.19291e-06 0)
(12.2817 -2.19572e-05 0)
(12.2814 -3.49574e-05 0)
(12.2811 -4.52249e-05 0)
(12.2809 -5.22353e-05 0)
(12.2806 -5.59401e-05 0)
(12.2803 -5.68595e-05 0)
(12.2801 -5.53293e-05 0)
(12.2798 -5.23294e-05 0)
(12.2796 -4.80207e-05 0)
(12.2794 -4.33269e-05 0)
(12.2793 -3.80612e-05 0)
(12.2792 -3.28922e-05 0)
(12.2792 -2.7657e-05 0)
(12.2792 -2.26464e-05 0)
(12.2792 -1.78511e-05 0)
(12.2792 -1.34751e-05 0)
(12.2793 -9.38618e-06 0)
(12.2794 -5.86819e-06 0)
(12.2796 -2.67977e-06 0)
(12.2797 -9.13509e-08 0)
(12.2799 2.10406e-06 0)
(12.2801 3.7447e-06 0)
(12.2802 4.99449e-06 0)
(12.2804 5.80939e-06 0)
(12.2805 6.26739e-06 0)
(12.2807 6.42273e-06 0)
(12.2808 6.3324e-06 0)
(12.2809 6.04874e-06 0)
(12.281 5.63146e-06 0)
(12.2811 5.11832e-06 0)
(12.2812 4.55392e-06 0)
(12.2812 3.96454e-06 0)
(12.2813 3.38374e-06 0)
(12.2813 2.82398e-06 0)
(12.2814 2.30867e-06 0)
(12.2814 1.83827e-06 0)
(12.2814 1.42734e-06 0)
(12.2814 1.06789e-06 0)
(12.2815 7.69331e-07 0)
(12.2815 5.1758e-07 0)
(12.2815 3.19945e-07 0)
(12.2815 1.58665e-07 0)
(12.2815 4.18248e-08 0)
(12.2815 -5.26059e-08 0)
(12.2815 -1.09504e-07 0)
(12.2815 -1.61587e-07 0)
(12.2815 -1.82938e-07 0)
(12.2815 -1.82475e-07 0)
(12.2815 -4.06199e-07 0)
(12.2815 6.0943e-07 0)
(12.2815 -2.56358e-06 0)
(12.2814 2.20275e-05 0)
(12.39 3.18163e-05 0)
(12.3909 3.47061e-05 0)
(12.3917 3.0975e-05 0)
(12.3922 2.61408e-05 0)
(12.3927 2.31909e-05 0)
(12.3931 2.08855e-05 0)
(12.3934 1.88878e-05 0)
(12.3936 1.73127e-05 0)
(12.3939 1.60406e-05 0)
(12.394 1.51523e-05 0)
(12.3941 1.4437e-05 0)
(12.3942 1.40971e-05 0)
(12.3942 1.38464e-05 0)
(12.3942 1.37431e-05 0)
(12.3942 1.3463e-05 0)
(12.3941 1.30274e-05 0)
(12.394 1.2257e-05 0)
(12.3939 1.13629e-05 0)
(12.3938 1.03481e-05 0)
(12.3937 9.33224e-06 0)
(12.3936 8.06437e-06 0)
(12.3934 6.25095e-06 0)
(12.3933 3.31989e-06 0)
(12.3931 -9.78317e-07 0)
(12.393 -6.58647e-06 0)
(12.3928 -1.28178e-05 0)
(12.3926 -1.85703e-05 0)
(12.3925 -2.2644e-05 0)
(12.3923 -2.41732e-05 0)
(12.3922 -2.2979e-05 0)
(12.392 -1.94453e-05 0)
(12.3919 -1.44806e-05 0)
(12.3918 -8.98936e-06 0)
(12.3916 -3.70491e-06 0)
(12.3915 1.1584e-06 0)
(12.3914 5.72566e-06 0)
(12.3912 1.04372e-05 0)
(12.3911 1.56875e-05 0)
(12.391 2.16732e-05 0)
(12.3909 2.82557e-05 0)
(12.3908 3.46215e-05 0)
(12.3907 3.98311e-05 0)
(12.3906 4.23139e-05 0)
(12.3905 4.12537e-05 0)
(12.3903 3.57986e-05 0)
(12.3901 2.64213e-05 0)
(12.3899 1.38043e-05 0)
(12.3897 -2.6918e-07 0)
(12.3895 -1.44302e-05 0)
(12.3892 -2.69429e-05 0)
(12.3889 -3.68677e-05 0)
(12.3886 -4.37242e-05 0)
(12.3883 -4.748e-05 0)
(12.3881 -4.86765e-05 0)
(12.3878 -4.76493e-05 0)
(12.3875 -4.53626e-05 0)
(12.3873 -4.19719e-05 0)
(12.3871 -3.83446e-05 0)
(12.3869 -3.42609e-05 0)
(12.3868 -3.03056e-05 0)
(12.3867 -2.62781e-05 0)
(12.3867 -2.24293e-05 0)
(12.3867 -1.87396e-05 0)
(12.3867 -1.53709e-05 0)
(12.3868 -1.21677e-05 0)
(12.3869 -9.37295e-06 0)
(12.387 -6.75449e-06 0)
(12.3872 -4.55863e-06 0)
(12.3873 -2.60883e-06 0)
(12.3875 -1.05822e-06 0)
(12.3876 2.23468e-07 0)
(12.3878 1.18389e-06 0)
(12.388 1.87176e-06 0)
(12.3881 2.32315e-06 0)
(12.3883 2.57308e-06 0)
(12.3884 2.65647e-06 0)
(12.3885 2.61508e-06 0)
(12.3886 2.47479e-06 0)
(12.3887 2.26753e-06 0)
(12.3888 2.01301e-06 0)
(12.3888 1.73781e-06 0)
(12.3889 1.453e-06 0)
(12.3889 1.17923e-06 0)
(12.389 9.19134e-07 0)
(12.389 6.87104e-07 0)
(12.389 4.79144e-07 0)
(12.3891 3.05525e-07 0)
(12.3891 1.57088e-07 0)
(12.3891 4.21078e-08 0)
(12.3891 -5.21697e-08 0)
(12.3891 -1.17416e-07 0)
(12.3891 -1.70261e-07 0)
(12.3891 -1.97639e-07 0)
(12.3891 -2.23994e-07 0)
(12.3891 -2.29317e-07 0)
(12.3891 -2.23197e-07 0)
(12.3891 -3.52799e-07 0)
(12.3891 1.82445e-07 0)
(12.3892 -1.51436e-06 0)
(12.389 1.11202e-05 0)
(12.4523 1.17427e-05 0)
(12.453 1.36398e-05 0)
(12.4535 1.31386e-05 0)
(12.454 1.18061e-05 0)
(12.4545 1.10572e-05 0)
(12.4548 1.05617e-05 0)
(12.4551 1.03701e-05 0)
(12.4554 1.04595e-05 0)
(12.4556 1.06488e-05 0)
(12.4557 1.10826e-05 0)
(12.4558 1.16378e-05 0)
(12.4559 1.2496e-05 0)
(12.4559 1.33514e-05 0)
(12.4559 1.42176e-05 0)
(12.4559 1.47416e-05 0)
(12.4559 1.49306e-05 0)
(12.4558 1.4654e-05 0)
(12.4557 1.41531e-05 0)
(12.4557 1.34557e-05 0)
(12.4556 1.26844e-05 0)
(12.4555 1.16051e-05 0)
(12.4553 9.92294e-06 0)
(12.4552 7.08377e-06 0)
(12.4551 2.83597e-06 0)
(12.455 -2.7535e-06 0)
(12.4549 -8.99151e-06 0)
(12.4548 -1.47794e-05 0)
(12.4546 -1.88935e-05 0)
(12.4545 -2.04605e-05 0)
(12.4544 -1.93068e-05 0)
(12.4543 -1.58106e-05 0)
(12.4542 -1.08823e-05 0)
(12.4541 -5.44121e-06 0)
(12.454 -2.32565e-07 0)
(12.4538 4.51887e-06 0)
(12.4537 8.94853e-06 0)
(12.4537 1.35165e-05 0)
(12.4536 1.86485e-05 0)
(12.4535 2.45709e-05 0)
(12.4534 3.11791e-05 0)
(12.4533 3.76904e-05 0)
(12.4532 4.31698e-05 0)
(12.4531 4.60508e-05 0)
(12.453 4.54883e-05 0)
(12.4528 4.06147e-05 0)
(12.4527 3.18604e-05 0)
(12.4525 1.98995e-05 0)
(12.4523 6.4602e-06 0)
(12.452 -7.11558e-06 0)
(12.4518 -1.91502e-05 0)
(12.4515 -2.87303e-05 0)
(12.4512 -3.54098e-05 0)
(12.4509 -3.9172e-05 0)
(12.4506 -4.0574e-05 0)
(12.4504 -3.99606e-05 0)
(12.4501 -3.82813e-05 0)
(12.4498 -3.5698e-05 -8.80318e-35)
(12.4496 -3.30199e-05 0)
(12.4495 -2.99916e-05 0)
(12.4493 -2.71078e-05 0)
(12.4492 -2.41509e-05 0)
(12.4491 -2.13968e-05 0)
(12.4491 -1.88508e-05 0)
(12.4491 -1.65929e-05 0)
(12.4492 -1.44e-05 0)
(12.4493 -1.24646e-05 0)
(12.4494 -1.05586e-05 0)
(12.4495 -8.90173e-06 0)
(12.4497 -7.33807e-06 -6.9958e-35)
(12.4498 -6.00987e-06 -6.64084e-35)
(12.45 -4.81108e-06 0)
(12.4502 -3.80197e-06 5.94344e-35)
(12.4503 -2.9584e-06 0)
(12.4505 -2.26402e-06 5.2878e-35)
(12.4506 -1.70604e-06 0)
(12.4508 -1.2693e-06 -4.69261e-35)
(12.4509 -9.3189e-07 0)
(12.451 -6.83108e-07 0)
(12.4511 -5.0595e-07 0)
(12.4512 -3.90593e-07 -3.69697e-35)
(12.4513 -3.19633e-07 0)
(12.4513 -2.86318e-07 0)
(12.4514 -2.74348e-07 0)
(12.4514 -2.81077e-07 0)
(12.4515 -2.93048e-07 0)
(12.4515 -3.11645e-07 0)
(12.4515 -3.25805e-07 0)
(12.4515 -3.40576e-07 0)
(12.4516 -3.46238e-07 0)
(12.4516 -3.50894e-07 0)
(12.4516 -3.45283e-07 0)
(12.4516 -3.4063e-07 -1.6741e-35)
(12.4516 -3.25675e-07 0)
(12.4516 -3.14864e-07 0)
(12.4516 -2.9894e-07 -1.25161e-35)
(12.4516 -2.71388e-07 0)
(12.4516 -3.45158e-07 1.94943e-35)
(12.4516 -4.79993e-08 0)
(12.4516 -1.35982e-06 0)
(12.4516 3.45824e-06 0)
(12.4563 -9.3589e-06 0)
(12.457 -6.84648e-06 0)
(12.4575 -4.72881e-06 0)
(12.458 -2.42721e-06 0)
(12.4584 -8.38262e-07 0)
(12.4588 4.96352e-07 0)
(12.4591 2.05462e-06 0)
(12.4593 3.72353e-06 0)
(12.4595 5.29257e-06 0)
(12.4597 6.98323e-06 0)
(12.4598 8.75724e-06 0)
(12.4599 1.07755e-05 0)
(12.4599 1.26197e-05 0)
(12.4599 1.41906e-05 0)
(12.4599 1.52849e-05 0)
(12.4599 1.60363e-05 0)
(12.4598 1.62971e-05 0)
(12.4598 1.62536e-05 0)
(12.4597 1.59355e-05 0)
(12.4596 1.54657e-05 0)
(12.4595 1.46298e-05 0)
(12.4594 1.31366e-05 0)
(12.4593 1.04533e-05 0)
(12.4592 6.33189e-06 0)
(12.4591 8.43837e-07 0)
(12.459 -5.31045e-06 0)
(12.4588 -1.1055e-05 0)
(12.4587 -1.51512e-05 0)
(12.4586 -1.67289e-05 0)
(12.4585 -1.5617e-05 0)
(12.4584 -1.21848e-05 0)
(12.4583 -7.33529e-06 0)
(12.4582 -1.99111e-06 0)
(12.4581 3.09744e-06 0)
(12.458 7.69606e-06 0)
(12.4579 1.19445e-05 0)
(12.4578 1.6316e-05 0)
(12.4577 2.12617e-05 0)
(12.4576 2.70372e-05 0)
(12.4576 3.35722e-05 0)
(12.4575 4.01275e-05 0)
(12.4574 4.57887e-05 0)
(12.4573 4.90199e-05 0)
(12.4572 4.89616e-05 0)
(12.4571 4.47458e-05 0)
(12.457 3.67592e-05 0)
(12.4568 2.56622e-05 0)
(12.4566 1.31177e-05 0)
(12.4564 4.25126e-07 0)
(12.4561 -1.08137e-05 0)
(12.4558 -1.97357e-05 0)
(12.4555 -2.59432e-05 0)
(12.4552 -2.94489e-05 0)
(12.4549 -3.08285e-05 0)
(12.4546 -3.04465e-05 0)
(12.4543 -2.92338e-05 0)
(12.4541 -2.73615e-05 8.9067e-35)
(12.4538 -2.55781e-05 0)
(12.4536 -2.35994e-05 0)
(12.4535 -2.18516e-05 0)
(12.4534 -2.01707e-05 0)
(12.4533 -1.90103e-05 0)
(12.4533 -1.8218e-05 0)
(12.4533 -1.74309e-05 0)
(12.4533 -1.6396e-05 0)
(12.4534 -1.54122e-05 0)
(12.4535 -1.42891e-05 0)
(12.4536 -1.32319e-05 0)
(12.4537 -1.21041e-05 7.07774e-35)
(12.4539 -1.10416e-05 6.71863e-35)
(12.4541 -9.95927e-06 0)
(12.4542 -8.92849e-06 -6.01308e-35)
(12.4544 -7.94726e-06 0)
(12.4545 -7.0215e-06 -5.34978e-35)
(12.4547 -6.1609e-06 0)
(12.4548 -5.37155e-06 4.74763e-35)
(12.4549 -4.65168e-06 0)
(12.455 -4.00698e-06 0)
(12.4551 -3.43531e-06 0)
(12.4552 -2.93789e-06 3.74034e-35)
(12.4553 -2.50657e-06 0)
(12.4554 -2.14014e-06 0)
(12.4554 -1.82676e-06 0)
(12.4555 -1.56492e-06 0)
(12.4555 -1.34205e-06 0)
(12.4555 -1.15772e-06 0)
(12.4555 -9.9989e-07 0)
(12.4556 -8.70104e-07 0)
(12.4556 -7.56825e-07 0)
(12.4556 -6.63811e-07 0)
(12.4556 -5.80713e-07 0)
(12.4556 -5.12739e-07 1.69374e-35)
(12.4556 -4.52034e-07 0)
(12.4556 -3.9874e-07 0)
(12.4556 -3.6469e-07 1.26629e-35)
(12.4556 -3.02958e-07 0)
(12.4556 -4.39969e-07 -1.97229e-35)
(12.4556 -3.61485e-07 0)
(12.4556 -3.47008e-06 0)
(12.4557 -8.44699e-06 0)
(12.3984 -2.82742e-05 0)
(12.3994 -2.8074e-05 0)
(12.4001 -2.2535e-05 0)
(12.4007 -1.69789e-05 0)
(12.4011 -1.36638e-05 0)
(12.4015 -1.06396e-05 0)
(12.4018 -7.25169e-06 0)
(12.402 -3.91606e-06 0)
(12.4022 -8.83479e-07 0)
(12.4024 2.15636e-06 0)
(12.4025 5.22887e-06 0)
(12.4026 8.44465e-06 0)
(12.4026 1.14091e-05 0)
(12.4027 1.40574e-05 0)
(12.4026 1.608e-05 0)
(12.4026 1.75065e-05 0)
(12.4026 1.82715e-05 0)
(12.4025 1.8623e-05 0)
(12.4024 1.86274e-05 0)
(12.4023 1.84162e-05 0)
(12.4022 1.77957e-05 0)
(12.402 1.64783e-05 0)
(12.4019 1.39463e-05 0)
(12.4018 9.94937e-06 0)
(12.4016 4.55877e-06 0)
(12.4015 -1.5406e-06 0)
(12.4013 -7.26908e-06 0)
(12.4011 -1.1387e-05 0)
(12.401 -1.3032e-05 0)
(12.4008 -1.20137e-05 0)
(12.4007 -8.69492e-06 0)
(12.4006 -3.97578e-06 0)
(12.4004 1.21371e-06 0)
(12.4003 6.11838e-06 0)
(12.4002 1.0499e-05 0)
(12.4001 1.45029e-05 0)
(12.4 1.86192e-05 0)
(12.3999 2.33364e-05 0)
(12.3999 2.89573e-05 0)
(12.3998 3.54511e-05 0)
(12.3998 4.21207e-05 0)
(12.3997 4.80621e-05 0)
(12.3997 5.17623e-05 0)
(12.3996 5.23314e-05 0)
(12.3995 4.88903e-05 0)
(12.3993 4.17669e-05 0)
(12.3991 3.15954e-05 0)
(12.3989 1.99663e-05 0)
(12.3987 8.13075e-06 0)
(12.3984 -2.38699e-06 0)
(12.3981 -1.077e-05 0)
(12.3978 -1.66568e-05 0)
(12.3975 -2.00853e-05 0)
(12.3972 -2.16321e-05 0)
(12.3968 -2.16742e-05 0)
(12.3965 -2.11038e-05 0)
(12.3963 -2.00942e-05 0)
(12.396 -1.93365e-05 0)
(12.3958 -1.85508e-05 0)
(12.3957 -1.81004e-05 0)
(12.3955 -1.77089e-05 0)
(12.3954 -1.75357e-05 0)
(12.3954 -1.75123e-05 0)
(12.3954 -1.76242e-05 0)
(12.3954 -1.76009e-05 0)
(12.3955 -1.75542e-05 0)
(12.3956 -1.7248e-05 0)
(12.3957 -1.68512e-05 0)
(12.3958 -1.62313e-05 0)
(12.396 -1.55147e-05 0)
(12.3961 -1.4628e-05 0)
(12.3963 -1.36539e-05 0)
(12.3964 -1.26078e-05 0)
(12.3966 -1.15175e-05 0)
(12.3967 -1.04138e-05 0)
(12.3968 -9.32372e-06 0)
(12.3969 -8.26526e-06 0)
(12.397 -7.26115e-06 0)
(12.3971 -6.32394e-06 0)
(12.3972 -5.4669e-06 0)
(12.3973 -4.69146e-06 0)
(12.3973 -4.00326e-06 0)
(12.3974 -3.39542e-06 0)
(12.3974 -2.86893e-06 0)
(12.3974 -2.41244e-06 0)
(12.3974 -2.02498e-06 0)
(12.3975 -1.69347e-06 0)
(12.3975 -1.417e-06 0)
(12.3975 -1.18196e-06 0)
(12.3975 -9.88847e-07 0)
(12.3975 -8.25237e-07 0)
(12.3975 -6.924e-07 0)
(12.3975 -5.82297e-07 0)
(12.3975 -4.88195e-07 0)
(12.3975 -4.27736e-07 0)
(12.3975 -3.45994e-07 0)
(12.3975 -3.43102e-07 0)
(12.3975 -6.00775e-07 0)
(12.3976 -1.63759e-06 0)
(12.3975 -1.27452e-05 0)
(12.288 -5.86037e-05 0)
(12.2892 -5.82724e-05 0)
(12.2901 -4.44975e-05 0)
(12.2907 -3.31908e-05 0)
(12.2912 -2.65064e-05 0)
(12.2916 -2.09429e-05 0)
(12.2919 -1.555e-05 0)
(12.2922 -1.06423e-05 0)
(12.2924 -6.26398e-06 0)
(12.2926 -1.96698e-06 0)
(12.2927 2.30459e-06 0)
(12.2928 6.60966e-06 0)
(12.2929 1.05166e-05 0)
(12.2929 1.39609e-05 0)
(12.2929 1.67137e-05 0)
(12.2929 1.88389e-05 0)
(12.2928 2.02653e-05 0)
(12.2927 2.12147e-05 0)
(12.2926 2.17549e-05 0)
(12.2925 2.20144e-05 0)
(12.2923 2.18133e-05 0)
(12.2922 2.08621e-05 0)
(12.292 1.865e-05 0)
(12.2918 1.49149e-05 0)
(12.2916 9.7173e-06 0)
(12.2914 3.71894e-06 0)
(12.2912 -1.97755e-06 0)
(12.291 -6.1707e-06 0)
(12.2908 -7.99052e-06 0)
(12.2906 -7.20351e-06 0)
(12.2904 -4.16123e-06 0)
(12.2903 2.47189e-07 0)
(12.2901 5.09616e-06 0)
(12.29 9.63642e-06 0)
(12.2899 1.36279e-05 0)
(12.2898 1.72197e-05 0)
(12.2897 2.09128e-05 0)
(12.2897 2.52285e-05 0)
(12.2896 3.05196e-05 0)
(12.2896 3.68006e-05 0)
(12.2895 4.34324e-05 0)
(12.2895 4.95381e-05 0)
(12.2894 5.36463e-05 0)
(12.2894 5.4845e-05 0)
(12.2893 5.2248e-05 0)
(12.2891 4.61141e-05 0)
(12.289 3.70305e-05 0)
(12.2887 2.64913e-05 0)
(12.2885 1.56775e-05 0)
(12.2882 6.03285e-06 0)
(12.2879 -1.67988e-06 0)
(12.2876 -7.13982e-06 0)
(12.2873 -1.04167e-05 0)
(12.2869 -1.20841e-05 0)
(12.2866 -1.25281e-05 0)
(12.2863 -1.25929e-05 0)
(12.2861 -1.24427e-05 0)
(12.2858 -1.26995e-05 0)
(12.2856 -1.30913e-05 0)
(12.2855 -1.39357e-05 0)
(12.2854 -1.4915e-05 0)
(12.2853 -1.6054e-05 0)
(12.2853 -1.71948e-05 0)
(12.2853 -1.83203e-05 0)
(12.2854 -1.91865e-05 0)
(12.2854 -1.98897e-05 0)
(12.2855 -2.01935e-05 0)
(12.2856 -2.02533e-05 0)
(12.2857 -1.99485e-05 0)
(12.2859 -1.94074e-05 0)
(12.286 -1.85714e-05 0)
(12.2861 -1.75412e-05 0)
(12.2863 -1.63492e-05 0)
(12.2864 -1.50461e-05 0)
(12.2865 -1.3681e-05 0)
(12.2866 -1.22994e-05 0)
(12.2867 -1.09339e-05 0)
(12.2868 -9.62003e-06 0)
(12.2868 -8.37982e-06 0)
(12.2869 -7.23455e-06 0)
(12.287 -6.19085e-06 0)
(12.287 -5.25825e-06 0)
(12.287 -4.43173e-06 0)
(12.2871 -3.71306e-06 0)
(12.2871 -3.09026e-06 0)
(12.2871 -2.56122e-06 0)
(12.2871 -2.1109e-06 0)
(12.2871 -1.7362e-06 0)
(12.2871 -1.42115e-06 0)
(12.2871 -1.16371e-06 0)
(12.2872 -9.49596e-07 0)
(12.2872 -7.76688e-07 0)
(12.2872 -6.37811e-07 0)
(12.2872 -5.19227e-07 0)
(12.2872 -4.44378e-07 0)
(12.2872 -3.6065e-07 0)
(12.2872 -2.75265e-07 0)
(12.2871 -1.04233e-06 0)
(12.2872 -5.94218e-07 0)
(12.287 -2.33999e-05 0)
(12.1461 -9.18551e-05 0)
(12.1471 -8.8616e-05 0)
(12.1478 -6.63905e-05 0)
(12.1484 -5.01448e-05 0)
(12.1489 -4.01611e-05 0)
(12.1493 -3.21557e-05 0)
(12.1497 -2.50306e-05 0)
(12.15 -1.87255e-05 0)
(12.1503 -1.29906e-05 0)
(12.1506 -7.32026e-06 0)
(12.1508 -1.71754e-06 0)
(12.1509 3.81029e-06 0)
(12.151 8.83479e-06 0)
(12.1511 1.33203e-05 0)
(12.1511 1.70799e-05 0)
(12.1511 2.01752e-05 0)
(12.151 2.25227e-05 0)
(12.1509 2.43199e-05 0)
(12.1508 2.56296e-05 0)
(12.1506 2.65703e-05 0)
(12.1505 2.69682e-05 0)
(12.1503 2.65254e-05 0)
(12.1501 2.47318e-05 0)
(12.1499 2.1311e-05 0)
(12.1496 1.63071e-05 0)
(12.1494 1.03762e-05 0)
(12.1492 4.61417e-06 0)
(12.149 2.0802e-07 0)
(12.1487 -1.93431e-06 0)
(12.1485 -1.5394e-06 0)
(12.1484 1.05561e-06 0)
(12.1482 4.98303e-06 0)
(12.1481 9.33125e-06 0)
(12.1479 1.33607e-05 0)
(12.1478 1.68315e-05 0)
(12.1477 1.98965e-05 0)
(12.1477 2.30719e-05 0)
(12.1476 2.69106e-05 0)
(12.1476 3.18156e-05 0)
(12.1475 3.78512e-05 0)
(12.1475 4.4445e-05 0)
(12.1475 5.07524e-05 0)
(12.1475 5.53456e-05 0)
(12.1474 5.72853e-05 0)
(12.1473 5.56695e-05 0)
(12.1472 5.06731e-05 0)
(12.147 4.28132e-05 0)
(12.1468 3.34678e-05 0)
(12.1466 2.37316e-05 0)
(12.1463 1.49617e-05 0)
(12.146 7.86428e-06 0)
(12.1457 2.72795e-06 0)
(12.1454 -5.42781e-07 0)
(12.1451 -2.50366e-06 0)
(12.1448 -3.53536e-06 0)
(12.1445 -4.41782e-06 0)
(12.1443 -5.28841e-06 0)
(12.1441 -6.6847e-06 0)
(12.1439 -8.32121e-06 0)
(12.1438 -1.04538e-05 0)
(12.1438 -1.27345e-05 0)
(12.1437 -1.51173e-05 0)
(12.1437 -1.73904e-05 0)
(12.1438 -1.95047e-05 0)
(12.1438 -2.12086e-05 0)
(12.1439 -2.25859e-05 0)
(12.144 -2.34069e-05 0)
(12.1441 -2.38256e-05 0)
(12.1442 -2.37356e-05 0)
(12.1444 -2.32752e-05 0)
(12.1445 -2.24031e-05 0)
(12.1446 -2.12436e-05 0)
(12.1447 -1.98466e-05 0)
(12.1448 -1.82875e-05 0)
(12.1449 -1.66327e-05 0)
(12.145 -1.49447e-05 0)
(12.1451 -1.32688e-05 0)
(12.1451 -1.16517e-05 0)
(12.1452 -1.01226e-05 0)
(12.1452 -8.70905e-06 0)
(12.1453 -7.42079e-06 0)
(12.1453 -6.26997e-06 0)
(12.1453 -5.25167e-06 0)
(12.1453 -4.36772e-06 0)
(12.1453 -3.60428e-06 0)
(12.1454 -2.95782e-06 0)
(12.1454 -2.4106e-06 0)
(12.1454 -1.95746e-06 0)
(12.1454 -1.57965e-06 0)
(12.1454 -1.27298e-06 0)
(12.1454 -1.02096e-06 0)
(12.1454 -8.19013e-07 0)
(12.1454 -6.59632e-07 0)
(12.1454 -5.25009e-07 0)
(12.1454 -4.36875e-07 0)
(12.1454 -3.68643e-07 0)
(12.1454 -1.67038e-07 0)
(12.1454 -1.58078e-06 0)
(12.1454 8.48324e-07 0)
(12.1453 -3.63687e-05 0)
(11.9876 -0.00011689 0)
(11.9883 -0.000110886 0)
(11.9889 -8.38129e-05 0)
(11.9893 -6.54124e-05 0)
(11.9898 -5.36221e-05 0)
(11.9903 -4.41997e-05 0)
(11.9907 -3.5987e-05 0)
(11.9911 -2.85472e-05 0)
(11.9914 -2.14794e-05 0)
(11.9917 -1.43688e-05 0)
(11.9919 -7.33914e-06 0)
(11.9921 -4.53802e-07 0)
(11.9923 5.88279e-06 0)
(11.9924 1.16618e-05 0)
(11.9924 1.67081e-05 0)
(11.9924 2.10552e-05 0)
(11.9924 2.45942e-05 0)
(11.9923 2.74887e-05 0)
(11.9922 2.97853e-05 0)
(11.992 3.15824e-05 0)
(11.9919 3.2705e-05 0)
(11.9916 3.28435e-05 0)
(11.9914 3.14897e-05 0)
(11.9912 2.83592e-05 0)
(11.9909 2.34876e-05 0)
(11.9907 1.75315e-05 0)
(11.9905 1.15716e-05 0)
(11.9902 6.82147e-06 0)
(11.99 4.22743e-06 0)
(11.9898 4.09631e-06 0)
(11.9897 6.11787e-06 0)
(11.9895 9.45665e-06 0)
(11.9894 1.32209e-05 0)
(11.9893 1.66795e-05 0)
(11.9892 1.95888e-05 0)
(11.9891 2.21008e-05 0)
(11.9891 2.47415e-05 0)
(11.989 2.80884e-05 0)
(11.989 3.25938e-05 0)
(11.989 3.8375e-05 0)
(11.989 4.49299e-05 0)
(11.989 5.145e-05 0)
(11.9889 5.65519e-05 0)
(11.9889 5.92682e-05 0)
(11.9888 5.86767e-05 0)
(11.9887 5.48597e-05 0)
(11.9886 4.82478e-05 0)
(11.9884 4.00934e-05 0)
(11.9881 3.14004e-05 0)
(11.9879 2.34386e-05 0)
(11.9876 1.68555e-05 0)
(11.9873 1.19142e-05 0)
(11.987 8.50498e-06 0)
(11.9867 6.10437e-06 0)
(11.9865 4.35043e-06 0)
(11.9862 2.53875e-06 0)
(11.986 5.69632e-07 0)
(11.9859 -2.0067e-06 0)
(11.9858 -4.87693e-06 0)
(11.9857 -8.22735e-06 0)
(11.9857 -1.16815e-05 0)
(11.9857 -1.51444e-05 0)
(11.9857 -1.83708e-05 0)
(11.9857 -2.12867e-05 0)
(11.9858 -2.36373e-05 0)
(11.9859 -2.55004e-05 0)
(11.986 -2.6658e-05 0)
(11.9861 -2.72702e-05 0)
(11.9862 -2.7249e-05 0)
(11.9864 -2.67475e-05 0)
(11.9865 -2.57439e-05 0)
(11.9866 -2.43873e-05 0)
(11.9867 -2.27437e-05 0)
(11.9867 -2.09106e-05 0)
(11.9868 -1.89683e-05 0)
(11.9869 -1.69924e-05 0)
(11.9869 -1.50373e-05 0)
(11.987 -1.31573e-05 0)
(11.987 -1.13856e-05 0)
(11.9871 -9.75331e-06 0)
(11.9871 -8.27093e-06 0)
(11.9871 -6.95138e-06 0)
(11.9871 -5.78839e-06 0)
(11.9871 -4.78283e-06 0)
(11.9871 -3.91831e-06 0)
(11.9872 -3.18967e-06 0)
(11.9872 -2.57626e-06 0)
(11.9872 -2.0711e-06 0)
(11.9872 -1.65281e-06 0)
(11.9872 -1.31556e-06 0)
(11.9872 -1.04087e-06 0)
(11.9872 -8.22411e-07 0)
(11.9872 -6.52041e-07 0)
(11.9872 -5.09794e-07 0)
(11.9872 -4.13422e-07 0)
(11.9872 -3.60792e-07 0)
(11.9872 -5.04631e-08 0)
(11.9872 -1.97561e-06 0)
(11.9872 1.91538e-06 0)
(11.9871 -4.73642e-05 0)
(11.8197 -0.000133751 0)
(11.8201 -0.000122191 0)
(11.8204 -9.58066e-05 0)
(11.8208 -7.85551e-05 0)
(11.8212 -6.68555e-05 0)
(11.8216 -5.72564e-05 0)
(11.8221 -4.86055e-05 0)
(11.8225 -4.02696e-05 0)
(11.8229 -3.19092e-05 0)
(11.8232 -2.33137e-05 0)
(11.8235 -1.47484e-05 0)
(11.8238 -6.32493e-06 0)
(11.824 1.56931e-06 0)
(11.8241 8.92561e-06 0)
(11.8242 1.55513e-05 0)
(11.8242 2.14315e-05 0)
(11.8242 2.64196e-05 0)
(11.8241 3.06341e-05 0)
(11.824 3.40941e-05 0)
(11.8238 3.68701e-05 0)
(11.8236 3.87819e-05 0)
(11.8234 3.95114e-05 0)
(11.8232 3.85606e-05 0)
(11.8229 3.5649e-05 0)
(11.8227 3.08171e-05 0)
(11.8225 2.47251e-05 0)
(11.8222 1.84598e-05 0)
(11.822 1.32643e-05 0)
(11.8218 1.01167e-05 0)
(11.8216 9.36402e-06 0)
(11.8215 1.07356e-05 0)
(11.8213 1.34338e-05 0)
(11.8212 1.65858e-05 0)
(11.8211 1.94648e-05 0)
(11.821 2.1818e-05 0)
(11.821 2.37897e-05 0)
(11.8209 2.59079e-05 0)
(11.8209 2.87709e-05 0)
(11.8209 3.28772e-05 0)
(11.8209 3.83997e-05 0)
(11.8209 4.49084e-05 0)
(11.8209 5.16379e-05 0)
(11.8209 5.72519e-05 0)
(11.8209 6.07603e-05 0)
(11.8208 6.12165e-05 0)
(11.8207 5.86024e-05 0)
(11.8206 5.32506e-05 0)
(11.8204 4.62818e-05 0)
(11.8202 3.86043e-05 0)
(11.82 3.13961e-05 0)
(11.8197 2.52471e-05 0)
(11.8194 2.03973e-05 0)
(11.8192 1.67336e-05 0)
(11.8189 1.37766e-05 0)
(11.8187 1.11988e-05 0)
(11.8185 8.37914e-06 0)
(11.8183 5.26351e-06 0)
(11.8182 1.49012e-06 0)
(11.8181 -2.59223e-06 0)
(11.8181 -7.09733e-06 0)
(11.8181 -1.16207e-05 0)
(11.8181 -1.60275e-05 0)
(11.8182 -2.005e-05 0)
(11.8182 -2.35998e-05 0)
(11.8183 -2.64279e-05 0)
(11.8184 -2.86108e-05 0)
(11.8185 -2.99473e-05 0)
(11.8186 -3.06103e-05 0)
(11.8187 -3.05345e-05 0)
(11.8188 -2.98906e-05 0)
(11.8189 -2.86791e-05 0)
(11.819 -2.70725e-05 0)
(11.8191 -2.51522e-05 0)
(11.8192 -2.30342e-05 0)
(11.8192 -2.08097e-05 0)
(11.8193 -1.85642e-05 0)
(11.8193 -1.63579e-05 0)
(11.8193 -1.42497e-05 0)
(11.8194 -1.22744e-05 0)
(11.8194 -1.04644e-05 0)
(11.8194 -8.82919e-06 0)
(11.8194 -7.38087e-06 0)
(11.8194 -6.11084e-06 0)
(11.8194 -5.01816e-06 0)
(11.8194 -4.08362e-06 0)
(11.8194 -3.30005e-06 0)
(11.8194 -2.6441e-06 0)
(11.8194 -2.10698e-06 0)
(11.8194 -1.66505e-06 0)
(11.8194 -1.3111e-06 0)
(11.8194 -1.02501e-06 0)
(11.8194 -7.99178e-07 0)
(11.8194 -6.24721e-07 0)
(11.8194 -4.80804e-07 0)
(11.8194 -3.80335e-07 0)
(11.8194 -3.4528e-07 0)
(11.8194 5.72445e-08 0)
(11.8194 -2.23886e-06 0)
(11.8195 2.37641e-06 0)
(11.8194 -5.38844e-05 0)
(11.6451 -0.000136228 0)
(11.6452 -0.00012785 0)
(11.6454 -0.000104292 0)
(11.6457 -8.96134e-05 0)
(11.646 -7.94905e-05 0)
(11.6465 -7.07803e-05 0)
(11.6469 -6.22228e-05 0)
(11.6474 -5.32222e-05 0)
(11.6478 -4.36747e-05 0)
(11.6482 -3.3624e-05 0)
(11.6485 -2.3469e-05 0)
(11.6488 -1.33732e-05 0)
(11.649 -3.73305e-06 0)
(11.6492 5.41093e-06 0)
(11.6493 1.38247e-05 0)
(11.6493 2.14317e-05 0)
(11.6493 2.80372e-05 0)
(11.6492 3.3704e-05 0)
(11.6491 3.84149e-05 0)
(11.6489 4.22074e-05 0)
(11.6487 4.48973e-05 0)
(11.6485 4.61646e-05 0)
(11.6483 4.55345e-05 0)
(11.6481 4.27442e-05 0)
(11.6478 3.78522e-05 0)
(11.6476 3.15314e-05 0)
(11.6474 2.48841e-05 0)
(11.6472 1.91774e-05 0)
(11.647 1.54197e-05 0)
(11.6468 1.40036e-05 0)
(11.6467 1.47031e-05 0)
(11.6466 1.67594e-05 0)
(11.6465 1.93167e-05 0)
(11.6464 2.16476e-05 0)
(11.6463 2.3483e-05 0)
(11.6463 2.49508e-05 0)
(11.6463 2.65729e-05 0)
(11.6462 2.89629e-05 0)
(11.6462 3.26625e-05 0)
(11.6463 3.79032e-05 0)
(11.6463 4.43312e-05 0)
(11.6463 5.12339e-05 0)
(11.6463 5.7328e-05 0)
(11.6463 6.16092e-05 0)
(11.6463 6.31019e-05 0)
(11.6462 6.16847e-05 0)
(11.6461 5.75855e-05 0)
(11.6459 5.17886e-05 0)
(11.6457 4.51019e-05 0)
(11.6455 3.86065e-05 0)
(11.6452 3.28383e-05 0)
(11.645 2.80178e-05 0)
(11.6448 2.404e-05 0)
(11.6445 2.04757e-05 0)
(11.6443 1.70435e-05 0)
(11.6442 1.32071e-05 0)
(11.644 8.96332e-06 0)
(11.644 4.03636e-06 0)
(11.6439 -1.18653e-06 0)
(11.6439 -6.74941e-06 0)
(11.6439 -1.22223e-05 0)
(11.6439 -1.74367e-05 0)
(11.644 -2.21093e-05 0)
(11.6441 -2.61457e-05 0)
(11.6442 -2.93107e-05 0)
(11.6443 -3.16811e-05 0)
(11.6444 -3.30751e-05 0)
(11.6444 -3.3686e-05 0)
(11.6445 -3.34733e-05 0)
(11.6446 -3.26251e-05 0)
(11.6447 -3.11659e-05 0)
(11.6448 -2.92879e-05 0)
(11.6448 -2.70871e-05 0)
(11.6449 -2.46943e-05 0)
(11.6449 -2.22087e-05 0)
(11.645 -1.97225e-05 0)
(11.645 -1.72995e-05 0)
(11.645 -1.50007e-05 0)
(11.645 -1.28608e-05 0)
(11.645 -1.09118e-05 0)
(11.6451 -9.16097e-06 0)
(11.6451 -7.6186e-06 0)
(11.6451 -6.27331e-06 0)
(11.6451 -5.12179e-06 0)
(11.6451 -4.14211e-06 0)
(11.6451 -3.32494e-06 0)
(11.6451 -2.64459e-06 0)
(11.6451 -2.09053e-06 0)
(11.6451 -1.63739e-06 0)
(11.6451 -1.2767e-06 0)
(11.6451 -9.87217e-07 0)
(11.6451 -7.60262e-07 0)
(11.6451 -5.86387e-07 0)
(11.6451 -4.44736e-07 0)
(11.6451 -3.42398e-07 0)
(11.6451 -3.28196e-07 0)
(11.6451 1.50179e-07 0)
(11.6451 -2.41893e-06 0)
(11.6451 2.3347e-06 0)
(11.6451 -5.52844e-05 0)
(11.4577 -0.000140154 0)
(11.4579 -0.000131492 0)
(11.458 -0.000109417 0)
(11.4582 -9.75668e-05 0)
(11.4585 -9.00928e-05 0)
(11.4589 -8.32627e-05 0)
(11.4593 -7.55312e-05 0)
(11.4597 -6.64301e-05 0)
(11.4602 -5.6123e-05 0)
(11.4606 -4.48898e-05 0)
(11.4609 -3.32519e-05 0)
(11.4612 -2.14482e-05 0)
(11.4615 -9.92822e-06 0)
(11.4617 1.19119e-06 0)
(11.4618 1.16048e-05 0)
(11.4618 2.11534e-05 0)
(11.4618 2.95745e-05 0)
(11.4617 3.68574e-05 0)
(11.4616 4.29348e-05 0)
(11.4614 4.78053e-05 0)
(11.4612 5.12809e-05 0)
(11.461 5.30489e-05 0)
(11.4608 5.26723e-05 0)
(11.4605 4.99203e-05 0)
(11.4603 4.48829e-05 0)
(11.4601 3.82554e-05 0)
(11.4599 3.11589e-05 0)
(11.4597 2.48831e-05 0)
(11.4595 2.04691e-05 0)
(11.4593 1.83575e-05 0)
(11.4592 1.83708e-05 0)
(11.4591 1.97906e-05 0)
(11.459 2.17769e-05 0)
(11.4589 2.35961e-05 0)
(11.4589 2.49543e-05 0)
(11.4589 2.5956e-05 0)
(11.4588 2.71107e-05 0)
(11.4588 2.90479e-05 0)
(11.4588 3.23547e-05 0)
(11.4588 3.73283e-05 0)
(11.4589 4.36965e-05 0)
(11.4589 5.08042e-05 0)
(11.4589 5.74197e-05 0)
(11.4589 6.25209e-05 0)
(11.4588 6.50843e-05 0)
(11.4587 6.48783e-05 0)
(11.4586 6.20129e-05 0)
(11.4585 5.73308e-05 0)
(11.4583 5.15382e-05 0)
(11.458 4.56237e-05 0)
(11.4578 4.00814e-05 0)
(11.4576 3.51262e-05 0)
(11.4574 3.0679e-05 0)
(11.4572 2.6373e-05 0)
(11.457 2.19874e-05 0)
(11.4569 1.7076e-05 0)
(11.4568 1.16933e-05 0)
(11.4567 5.64824e-06 0)
(11.4567 -6.33609e-07 0)
(11.4567 -7.13416e-06 0)
(11.4567 -1.34068e-05 0)
(11.4568 -1.92589e-05 0)
(11.4569 -2.44029e-05 0)
(11.4569 -2.87487e-05 0)
(11.457 -3.20872e-05 0)
(11.4571 -3.44968e-05 0)
(11.4572 -3.58158e-05 0)
(11.4573 -3.62744e-05 0)
(11.4573 -3.58524e-05 0)
(11.4574 -3.47532e-05 0)
(11.4575 -3.30254e-05 0)
(11.4575 -3.08762e-05 0)
(11.4575 -2.84135e-05 0)
(11.4576 -2.57777e-05 0)
(11.4576 -2.30729e-05 0)
(11.4576 -2.03941e-05 0)
(11.4576 -1.78059e-05 0)
(11.4576 -1.53688e-05 0)
(11.4577 -1.31158e-05 0)
(11.4577 -1.10763e-05 0)
(11.4577 -9.255e-06 0)
(11.4577 -7.65919e-06 0)
(11.4577 -6.27465e-06 0)
(11.4577 -5.0955e-06 0)
(11.4577 -4.09741e-06 0)
(11.4576 -3.26899e-06 0)
(11.4576 -2.58281e-06 0)
(11.4576 -2.02685e-06 0)
(11.4576 -1.57466e-06 0)
(11.4576 -1.21674e-06 0)
(11.4576 -9.31297e-07 0)
(11.4576 -7.0888e-07 0)
(11.4576 -5.39746e-07 0)
(11.4576 -4.03689e-07 0)
(11.4576 -3.01395e-07 0)
(11.4576 -3.11672e-07 0)
(11.4576 2.34587e-07 0)
(11.4576 -2.57046e-06 0)
(11.4576 2.25647e-06 0)
(11.4576 -5.81899e-05 0)
(11.2498 -0.000145943 0)
(11.2502 -0.000138092 0)
(11.2504 -0.000114205 0)
(11.2505 -0.000103919 0)
(11.2507 -9.90813e-05 0)
(11.251 -9.44868e-05 0)
(11.2514 -8.80719e-05 0)
(11.2518 -7.93976e-05 0)
(11.2522 -6.87932e-05 0)
(11.2526 -5.66998e-05 0)
(11.2529 -4.37359e-05 0)
(11.2533 -3.02349e-05 0)
(11.2535 -1.67391e-05 0)
(11.2537 -3.48437e-06 0)
(11.2538 9.11909e-06 0)
(11.2539 2.0801e-05 0)
(11.2538 3.12062e-05 0)
(11.2538 4.02312e-05 0)
(11.2536 4.77449e-05 0)
(11.2534 5.37061e-05 0)
(11.2532 5.79274e-05 0)
(11.253 6.01178e-05 0)
(11.2527 5.98956e-05 0)
(11.2525 5.70788e-05 0)
(11.2523 5.18041e-05 0)
(11.2521 4.47971e-05 0)
(11.2519 3.71998e-05 0)
(11.2517 3.03233e-05 0)
(11.2515 2.52394e-05 0)
(11.2514 2.2436e-05 0)
(11.2512 2.17836e-05 0)
(11.2511 2.26025e-05 0)
(11.2511 2.4065e-05 0)
(11.251 2.54256e-05 0)
(11.2509 2.63584e-05 0)
(11.2509 2.69399e-05 0)
(11.2509 2.76647e-05 0)
(11.2508 2.91815e-05 0)
(11.2508 3.21264e-05 0)
(11.2508 3.68674e-05 0)
(11.2508 4.32154e-05 0)
(11.2508 5.05706e-05 0)
(11.2508 5.77463e-05 0)
(11.2508 6.36917e-05 0)
(11.2507 6.73171e-05 0)
(11.2506 6.82836e-05 0)
(11.2505 6.65717e-05 0)
(11.2503 6.28869e-05 0)
(11.2501 5.78407e-05 0)
(11.2499 5.23393e-05 0)
(11.2497 4.68499e-05 0)
(11.2495 4.15957e-05 0)
(11.2493 3.65389e-05 0)
(11.2491 3.13858e-05 0)
(11.249 2.5987e-05 0)
(11.2489 1.99895e-05 0)
(11.2488 1.35088e-05 0)
(11.2488 6.43444e-06 0)
(11.2488 -7.75506e-07 0)
(11.2488 -8.05195e-06 0)
(11.2489 -1.49431e-05 0)
(11.2489 -2.12442e-05 0)
(11.249 -2.66746e-05 0)
(11.2491 -3.11568e-05 0)
(11.2492 -3.45203e-05 0)
(11.2492 -3.68433e-05 0)
(11.2493 -3.7979e-05 0)
(11.2493 -3.82307e-05 0)
(11.2494 -3.75619e-05 0)
(11.2494 -3.61977e-05 0)
(11.2494 -3.42105e-05 0)
(11.2495 -3.18165e-05 0)
(11.2495 -2.9132e-05 0)
(11.2495 -2.63023e-05 0)
(11.2495 -2.34328e-05 0)
(11.2495 -2.06183e-05 0)
(11.2495 -1.79217e-05 0)
(11.2495 -1.54012e-05 0)
(11.2495 -1.30863e-05 0)
(11.2495 -1.10033e-05 0)
(11.2495 -9.15338e-06 0)
(11.2494 -7.54084e-06 0)
(11.2494 -6.14877e-06 0)
(11.2494 -4.96876e-06 0)
(11.2494 -3.97466e-06 0)
(11.2494 -3.1533e-06 0)
(11.2494 -2.47617e-06 0)
(11.2494 -1.93008e-06 0)
(11.2494 -1.48813e-06 0)
(11.2494 -1.1401e-06 0)
(11.2494 -8.64138e-07 0)
(11.2494 -6.5027e-07 0)
(11.2494 -4.88759e-07 0)
(11.2494 -3.60518e-07 0)
(11.2494 -2.59492e-07 0)
(11.2494 -2.95204e-07 0)
(11.2494 3.20791e-07 0)
(11.2494 -2.76674e-06 0)
(11.2494 2.68355e-06 0)
(11.2493 -6.0696e-05 0)
(11.0223 -0.000161208 0)
(11.0228 -0.000147743 0)
(11.023 -0.000119261 0)
(11.0232 -0.00010894 0)
(11.0234 -0.000105955 0)
(11.0236 -0.000103444 0)
(11.0239 -9.86512e-05 0)
(11.0243 -9.09336e-05 0)
(11.0247 -8.05873e-05 0)
(11.025 -6.80876e-05 0)
(11.0254 -5.40977e-05 0)
(11.0257 -3.90475e-05 0)
(11.0259 -2.36001e-05 0)
(11.0261 -8.15311e-06 0)
(11.0262 6.73578e-06 0)
(11.0263 2.06509e-05 0)
(11.0262 3.31157e-05 0)
(11.0261 4.39143e-05 0)
(11.026 5.28424e-05 0)
(11.0258 5.98245e-05 0)
(11.0255 6.46821e-05 0)
(11.0253 6.71652e-05 0)
(11.0251 6.69653e-05 0)
(11.0249 6.39673e-05 0)
(11.0247 5.83679e-05 0)
(11.0245 5.09292e-05 0)
(11.0243 4.28141e-05 0)
(11.0241 3.53513e-05 0)
(11.024 2.96385e-05 0)
(11.0239 2.62046e-05 0)
(11.0237 2.49617e-05 0)
(11.0237 2.52634e-05 0)
(11.0236 2.62888e-05 0)
(11.0235 2.7275e-05 0)
(11.0235 2.78609e-05 0)
(11.0234 2.80955e-05 0)
(11.0234 2.84609e-05 0)
(11.0234 2.96341e-05 0)
(11.0234 3.23022e-05 0)
(11.0233 3.69037e-05 0)
(11.0233 4.33244e-05 0)
(11.0233 5.10054e-05 0)
(11.0233 5.87878e-05 0)
(11.0232 6.55695e-05 0)
(11.0232 7.01793e-05 0)
(11.0231 7.21845e-05 0)
(11.0229 7.142e-05 0)
(11.0227 6.84828e-05 0)
(11.0226 6.39085e-05 0)
(11.0224 5.85421e-05 0)
(11.0222 5.28466e-05 0)
(11.022 4.70726e-05 0)
(11.0219 4.12401e-05 0)
(11.0217 3.51383e-05 0)
(11.0217 2.86967e-05 0)
(11.0216 2.16556e-05 0)
(11.0216 1.41885e-05 0)
(11.0216 6.2559e-06 0)
(11.0216 -1.66426e-06 0)
(11.0217 -9.46907e-06 0)
(11.0217 -1.67178e-05 0)
(11.0218 -2.32108e-05 0)
(11.0218 -2.86883e-05 0)
(11.0219 -3.30944e-05 0)
(11.022 -3.63106e-05 0)
(11.022 -3.84233e-05 0)
(11.022 -3.92819e-05 0)
(11.0221 -3.9271e-05 0)
(11.0221 -3.83265e-05 0)
(11.0221 -3.67069e-05 0)
(11.0221 -3.44973e-05 0)
(11.0221 -3.19143e-05 0)
(11.0221 -2.90769e-05 0)
(11.022 -2.61298e-05 0)
(11.022 -2.31754e-05 0)
(11.022 -2.03045e-05 0)
(11.022 -1.75761e-05 0)
(11.022 -1.50434e-05 0)
(11.022 -1.27318e-05 0)
(11.0219 -1.06634e-05 0)
(11.0219 -8.83577e-06 0)
(11.0219 -7.25018e-06 0)
(11.0219 -5.88749e-06 0)
(11.0219 -4.73729e-06 0)
(11.0219 -3.77231e-06 0)
(11.0219 -2.97825e-06 0)
(11.0219 -2.32624e-06 0)
(11.0219 -1.80255e-06 0)
(11.0219 -1.3805e-06 0)
(11.0219 -1.04964e-06 0)
(11.0219 -7.8853e-07 0)
(11.0219 -5.87113e-07 0)
(11.0219 -4.35883e-07 0)
(11.0218 -3.175e-07 0)
(11.0218 -2.18525e-07 0)
(11.0218 -2.80956e-07 0)
(11.0218 4.1615e-07 0)
(11.0218 -3.04265e-06 0)
(11.0219 3.70128e-06 0)
(11.0218 -6.70617e-05 0)
(10.7808 -0.000177389 0)
(10.7812 -0.000157852 0)
(10.7814 -0.000125441 0)
(10.7816 -0.0001144 0)
(10.7818 -0.000112266 0)
(10.7821 -0.000111149 0)
(10.7823 -0.000107718 0)
(10.7826 -0.000101007 0)
(10.783 -9.11237e-05 0)
(10.7833 -7.84513e-05 0)
(10.7836 -6.36256e-05 0)
(10.7839 -4.71488e-05 0)
(10.7841 -2.98091e-05 0)
(10.7843 -1.21904e-05 0)
(10.7843 4.96633e-06 0)
(10.7843 2.1072e-05 0)
(10.7843 3.55087e-05 0)
(10.7842 4.79407e-05 0)
(10.784 5.80932e-05 0)
(10.7838 6.58745e-05 0)
(10.7836 7.11338e-05 0)
(10.7834 7.36869e-05 0)
(10.7832 7.3318e-05 0)
(10.783 6.9998e-05 0)
(10.7829 6.3991e-05 0)
(10.7827 5.60964e-05 0)
(10.7826 4.74916e-05 0)
(10.7824 3.95125e-05 0)
(10.7823 3.32704e-05 0)
(10.7822 2.93229e-05 0)
(10.7822 2.76123e-05 0)
(10.7821 2.75169e-05 0)
(10.782 2.82172e-05 0)
(10.782 2.8929e-05 0)
(10.7819 2.92558e-05 0)
(10.7819 2.92239e-05 0)
(10.7819 2.93036e-05 0)
(10.7818 3.0211e-05 0)
(10.7818 3.2676e-05 0)
(10.7818 3.72028e-05 0)
(10.7818 4.37396e-05 0)
(10.7818 5.17532e-05 0)
(10.7818 6.00982e-05 0)
(10.7817 6.76038e-05 0)
(10.7817 7.30304e-05 0)
(10.7816 7.58785e-05 0)
(10.7814 7.58009e-05 0)
(10.7813 7.33598e-05 0)
(10.7812 6.90173e-05 0)
(10.781 6.35769e-05 0)
(10.7809 5.75141e-05 0)
(10.7808 5.11195e-05 0)
(10.7807 4.44774e-05 0)
(10.7806 3.74628e-05 0)
(10.7806 3.0081e-05 0)
(10.7805 2.2159e-05 0)
(10.7806 1.39179e-05 0)
(10.7806 5.37434e-06 0)
(10.7806 -2.98929e-06 0)
(10.7807 -1.10533e-05 0)
(10.7807 -1.84022e-05 0)
(10.7808 -2.48549e-05 0)
(10.7808 -3.01831e-05 0)
(10.7809 -3.43591e-05 0)
(10.7809 -3.73043e-05 0)
(10.7809 -3.91334e-05 0)
(10.7809 -3.96365e-05 0)
(10.7809 -3.93988e-05 0)
(10.7809 -3.81963e-05 0)
(10.7809 -3.63694e-05 0)
(10.7808 -3.40005e-05 0)
(10.7808 -3.13016e-05 0)
(10.7808 -2.83896e-05 0)
(10.7807 -2.54045e-05 0)
(10.7807 -2.24424e-05 0)
(10.7807 -1.95881e-05 0)
(10.7807 -1.68946e-05 0)
(10.7806 -1.44098e-05 0)
(10.7806 -1.21541e-05 0)
(10.7806 -1.01455e-05 0)
(10.7806 -8.37865e-06 0)
(10.7806 -6.85197e-06 0)
(10.7805 -5.54483e-06 0)
(10.7805 -4.44556e-06 0)
(10.7805 -3.52642e-06 0)
(10.7805 -2.7727e-06 0)
(10.7805 -2.1558e-06 0)
(10.7805 -1.66206e-06 0)
(10.7805 -1.26545e-06 0)
(10.7805 -9.55746e-07 0)
(10.7805 -7.12234e-07 0)
(10.7805 -5.25167e-07 0)
(10.7805 -3.85267e-07 0)
(10.7805 -2.77769e-07 0)
(10.7805 -1.79888e-07 0)
(10.7805 -2.72505e-07 0)
(10.7805 5.21477e-07 0)
(10.7805 -3.37301e-06 0)
(10.7805 4.94518e-06 0)
(10.7804 -7.34159e-05 0)
(10.5317 -0.000187998 0)
(10.5319 -0.000165146 0)
(10.5321 -0.000131042 0)
(10.5322 -0.000119983 0)
(10.5324 -0.00011848 0)
(10.5326 -0.000118285 0)
(10.5329 -0.000115802 0)
(10.5331 -0.000109853 0)
(10.5334 -0.000100339 0)
(10.5337 -8.74904e-05 0)
(10.534 -7.18674e-05 0)
(10.5342 -5.40219e-05 0)
(10.5344 -3.48617e-05 0)
(10.5345 -1.51655e-05 0)
(10.5345 4.12241e-06 0)
(10.5345 2.22258e-05 0)
(10.5344 3.83821e-05 0)
(10.5343 5.21445e-05 0)
(10.5341 6.31883e-05 0)
(10.534 7.14268e-05 0)
(10.5338 7.67724e-05 0)
(10.5336 7.91217e-05 0)
(10.5335 7.83803e-05 0)
(10.5334 7.46164e-05 0)
(10.5332 6.81596e-05 0)
(10.5331 5.98404e-05 0)
(10.5331 5.08359e-05 0)
(10.533 4.24707e-05 0)
(10.5329 3.58506e-05 0)
(10.5328 3.15459e-05 0)
(10.5328 2.95146e-05 0)
(10.5327 2.91539e-05 0)
(10.5327 2.96445e-05 0)
(10.5327 3.01797e-05 0)
(10.5326 3.03328e-05 0)
(10.5326 3.01122e-05 0)
(10.5326 2.99724e-05 0)
(10.5326 3.06795e-05 0)
(10.5326 3.29803e-05 0)
(10.5326 3.74389e-05 0)
(10.5326 4.40517e-05 0)
(10.5326 5.23007e-05 0)
(10.5325 6.10521e-05 0)
(10.5325 6.90655e-05 0)
(10.5325 7.50744e-05 0)
(10.5324 7.85409e-05 0)
(10.5324 7.88749e-05 0)
(10.5323 7.67524e-05 0)
(10.5322 7.24975e-05 0)
(10.5321 6.68973e-05 0)
(10.5321 6.04495e-05 0)
(10.532 5.34854e-05 0)
(10.532 4.61508e-05 0)
(10.5319 3.84001e-05 0)
(10.5319 3.03042e-05 0)
(10.5319 2.17628e-05 0)
(10.532 1.30307e-05 0)
(10.532 4.16325e-06 0)
(10.5321 -4.36769e-06 0)
(10.5321 -1.24395e-05 0)
(10.5321 -1.96707e-05 0)
(10.5322 -2.5906e-05 0)
(10.5322 -3.09552e-05 0)
(10.5322 -3.48166e-05 0)
(10.5322 -3.74266e-05 0)
(10.5322 -3.89114e-05 0)
(10.5321 -3.92075e-05 0)
(10.5321 -3.86733e-05 0)
(10.5321 -3.73045e-05 0)
(10.532 -3.53459e-05 0)
(10.532 -3.28959e-05 0)
(10.5319 -3.01605e-05 0)
(10.5319 -2.72512e-05 0)
(10.5318 -2.43006e-05 0)
(10.5318 -2.1397e-05 0)
(10.5318 -1.86182e-05 0)
(10.5317 -1.60111e-05 0)
(10.5317 -1.3618e-05 0)
(10.5317 -1.14551e-05 0)
(10.5317 -9.53666e-06 0)
(10.5316 -7.85483e-06 0)
(10.5316 -6.4064e-06 0)
(10.5316 -5.16983e-06 0)
(10.5316 -4.13295e-06 0)
(10.5316 -3.26819e-06 0)
(10.5316 -2.56103e-06 0)
(10.5316 -1.98361e-06 0)
(10.5316 -1.52282e-06 0)
(10.5316 -1.15355e-06 0)
(10.5316 -8.66174e-07 0)
(10.5316 -6.408e-07 0)
(10.5316 -4.6834e-07 0)
(10.5316 -3.39546e-07 0)
(10.5316 -2.43109e-07 0)
(10.5316 -1.44505e-07 0)
(10.5316 -2.71766e-07 0)
(10.5316 6.26164e-07 0)
(10.5315 -3.68055e-06 0)
(10.5316 5.99733e-06 0)
(10.5315 -7.75295e-05 0)
(10.2799 -0.000192028 0)
(10.28 -0.000167839 0)
(10.28 -0.00013386 0)
(10.28 -0.000124097 0)
(10.2802 -0.000123745 0)
(10.2803 -0.000124488 0)
(10.2805 -0.000122758 0)
(10.2807 -0.00011734 0)
(10.2809 -0.000108022 0)
(10.2812 -9.48922e-05 0)
(10.2814 -7.84417e-05 0)
(10.2815 -5.92723e-05 0)
(10.2817 -3.84121e-05 0)
(10.2817 -1.68351e-05 0)
(10.2817 4.31027e-06 0)
(10.2817 2.40655e-05 0)
(10.2816 4.15387e-05 0)
(10.2815 5.61981e-05 0)
(10.2813 6.77046e-05 0)
(10.2812 7.59918e-05 0)
(10.2811 8.10715e-05 0)
(10.281 8.29331e-05 0)
(10.2809 8.16928e-05 0)
(10.2808 7.74281e-05 0)
(10.2808 7.05482e-05 0)
(10.2807 6.19073e-05 0)
(10.2807 5.26583e-05 0)
(10.2807 4.40887e-05 0)
(10.2806 3.72763e-05 0)
(10.2806 3.27876e-05 0)
(10.2806 3.05835e-05 0)
(10.2806 3.0081e-05 0)
(10.2805 3.04658e-05 0)
(10.2805 3.09197e-05 0)
(10.2805 3.09783e-05 0)
(10.2805 3.06456e-05 0)
(10.2805 3.0352e-05 0)
(10.2805 3.09019e-05 0)
(10.2805 3.30351e-05 0)
(10.2805 3.73685e-05 0)
(10.2805 4.39314e-05 0)
(10.2805 5.22221e-05 0)
(10.2805 6.11277e-05 0)
(10.2806 6.93741e-05 0)
(10.2806 7.56952e-05 0)
(10.2806 7.95714e-05 0)
(10.2806 8.00012e-05 0)
(10.2806 7.81958e-05 0)
(10.2806 7.39538e-05 0)
(10.2805 6.82294e-05 0)
(10.2805 6.15101e-05 0)
(10.2805 5.4156e-05 0)
(10.2805 4.63642e-05 0)
(10.2806 3.81551e-05 0)
(10.2806 2.96504e-05 0)
(10.2806 2.08052e-05 0)
(10.2807 1.18922e-05 0)
(10.2807 2.98951e-06 0)
(10.2807 -5.45403e-06 0)
(10.2807 -1.3322e-05 0)
(10.2808 -2.02706e-05 0)
(10.2808 -2.61723e-05 0)
(10.2807 -3.08729e-05 0)
(10.2807 -3.43921e-05 0)
(10.2807 -3.66764e-05 0)
(10.2806 -3.78775e-05 0)
(10.2806 -3.79793e-05 0)
(10.2805 -3.72633e-05 0)
(10.2805 -3.57902e-05 0)
(10.2804 -3.37818e-05 0)
(10.2804 -3.1333e-05 0)
(10.2803 -2.86388e-05 0)
(10.2803 -2.5803e-05 0)
(10.2802 -2.29498e-05 0)
(10.2802 -2.01591e-05 0)
(10.2801 -1.75018e-05 0)
(10.2801 -1.50191e-05 0)
(10.2801 -1.27487e-05 0)
(10.28 -1.07028e-05 0)
(10.28 -8.89334e-06 0)
(10.28 -7.3108e-06 0)
(10.28 -5.95106e-06 0)
(10.28 -4.79247e-06 0)
(10.2799 -3.82301e-06 0)
(10.2799 -3.01584e-06 0)
(10.2799 -2.35712e-06 0)
(10.2799 -1.82008e-06 0)
(10.2799 -1.39248e-06 0)
(10.2799 -1.05033e-06 0)
(10.2799 -7.8479e-07 0)
(10.2799 -5.76876e-07 0)
(10.2799 -4.18358e-07 0)
(10.2799 -2.99809e-07 0)
(10.2799 -2.13999e-07 0)
(10.2799 -1.13755e-07 0)
(10.2799 -2.7439e-07 0)
(10.2799 7.13726e-07 0)
(10.2799 -3.89969e-06 0)
(10.2799 6.67758e-06 0)
(10.2799 -7.93567e-05 0)
(10.0281 -0.000190547 0)
(10.028 -0.000166241 0)
(10.0279 -0.000133104 0)
(10.0279 -0.00012569 0)
(10.0279 -0.000127014 0)
(10.028 -0.000128865 0)
(10.0281 -0.000127917 0)
(10.0283 -0.000122966 0)
(10.0284 -0.000113728 0)
(10.0286 -0.00010023 0)
(10.0287 -8.29455e-05 0)
(10.0288 -6.25512e-05 0)
(10.0288 -4.02065e-05 0)
(10.0288 -1.70755e-05 0)
(10.0288 5.50637e-06 0)
(10.0287 2.64231e-05 0)
(10.0286 4.4687e-05 0)
(10.0285 5.97209e-05 0)
(10.0284 7.12105e-05 0)
(10.0283 7.91187e-05 0)
(10.0283 8.37834e-05 0)
(10.0282 8.4818e-05 0)
(10.0282 8.30365e-05 0)
(10.0282 7.82373e-05 0)
(10.0282 7.10296e-05 0)
(10.0283 6.22353e-05 0)
(10.0283 5.29453e-05 0)
(10.0283 4.43815e-05 0)
(10.0283 3.75716e-05 0)
(10.0283 3.3063e-05 0)
(10.0283 3.08209e-05 0)
(10.0283 3.02815e-05 0)
(10.0283 3.06516e-05 0)
(10.0283 3.11041e-05 0)
(10.0283 3.11443e-05 0)
(10.0283 3.07761e-05 0)
(10.0283 3.03875e-05 0)
(10.0283 3.07897e-05 0)
(10.0283 3.2707e-05 0)
(10.0284 3.68032e-05 0)
(10.0284 4.31209e-05 0)
(10.0285 5.1193e-05 0)
(10.0285 5.99481e-05 0)
(10.0286 6.81418e-05 0)
(10.0287 7.44936e-05 0)
(10.0287 7.84118e-05 0)
(10.0288 7.91683e-05 0)
(10.0289 7.73913e-05 0)
(10.0289 7.32803e-05 0)
(10.029 6.75823e-05 0)
(10.029 6.08021e-05 0)
(10.0291 5.33228e-05 0)
(10.0291 4.53782e-05 0)
(10.0292 3.70376e-05 0)
(10.0292 2.84562e-05 0)
(10.0293 1.96278e-05 0)
(10.0293 1.08289e-05 0)
(10.0293 2.14666e-06 0)
(10.0293 -6.00062e-06 0)
(10.0293 -1.35075e-05 0)
(10.0293 -2.00669e-05 0)
(10.0293 -2.55768e-05 0)
(10.0293 -2.99116e-05 0)
(10.0292 -3.31053e-05 0)
(10.0291 -3.51133e-05 0)
(10.0291 -3.6102e-05 0)
(10.029 -3.60724e-05 0)
(10.0289 -3.5275e-05 0)
(10.0289 -3.37845e-05 0)
(10.0288 -3.18093e-05 0)
(10.0287 -2.9439e-05 0)
(10.0286 -2.68551e-05 0)
(10.0286 -2.41531e-05 0)
(10.0285 -2.14482e-05 0)
(10.0285 -1.88125e-05 0)
(10.0284 -1.63107e-05 0)
(10.0284 -1.39792e-05 0)
(10.0284 -1.18517e-05 0)
(10.0283 -9.93805e-06 0)
(10.0283 -8.24833e-06 0)
(10.0283 -6.77243e-06 0)
(10.0283 -5.50606e-06 0)
(10.0283 -4.42811e-06 0)
(10.0283 -3.52726e-06 0)
(10.0283 -2.77786e-06 0)
(10.0282 -2.16707e-06 0)
(10.0282 -1.66948e-06 0)
(10.0282 -1.2739e-06 0)
(10.0282 -9.57625e-07 0)
(10.0282 -7.12688e-07 0)
(10.0282 -5.21037e-07 0)
(10.0282 -3.75427e-07 0)
(10.0282 -2.66055e-07 0)
(10.0282 -1.9009e-07 0)
(10.0282 -8.87896e-08 0)
(10.0282 -2.75926e-07 0)
(10.0282 7.74567e-07 0)
(10.0282 -4.0053e-06 0)
(10.0282 6.99189e-06 0)
(10.0282 -7.93252e-05 0)
(9.77707 -0.000185385 0)
(9.77685 -0.00016115 0)
(9.77666 -0.000129275 0)
(9.77654 -0.000124469 0)
(9.77648 -0.000127595 0)
(9.77647 -0.000130768 0)
(9.77649 -0.00013058 0)
(9.77653 -0.000126136 0)
(9.77659 -0.000116892 0)
(9.77664 -0.000103023 0)
(9.77667 -8.49966e-05 0)
(9.77669 -6.35908e-05 0)
(9.77667 -4.01097e-05 0)
(9.77662 -1.58955e-05 0)
(9.77655 7.56243e-06 0)
(9.77647 2.90337e-05 0)
(9.77638 4.74825e-05 0)
(9.7763 6.23334e-05 0)
(9.77625 7.33292e-05 0)
(9.77622 8.05022e-05 0)
(9.77622 8.44235e-05 0)
(9.77625 8.4618e-05 0)
(9.7763 8.2213e-05 0)
(9.77637 7.70106e-05 0)
(9.77645 6.96536e-05 0)
(9.77652 6.09161e-05 0)
(9.77659 5.18087e-05 0)
(9.77664 4.34623e-05 0)
(9.77669 3.68347e-05 0)
(9.77672 3.24463e-05 0)
(9.77675 3.02738e-05 0)
(9.77678 2.97818e-05 0)
(9.77681 3.02017e-05 0)
(9.77683 3.07148e-05 0)
(9.77685 3.08199e-05 0)
(9.77687 3.04676e-05 0)
(9.77689 3.00311e-05 0)
(9.77691 3.02584e-05 0)
(9.77694 3.19069e-05 0)
(9.77698 3.56033e-05 0)
(9.77704 4.14439e-05 0)
(9.77712 4.90136e-05 0)
(9.77722 5.73124e-05 0)
(9.77734 6.51723e-05 0)
(9.77748 7.13462e-05 0)
(9.77762 7.51729e-05 0)
(9.77776 7.61045e-05 0)
(9.77789 7.4502e-05 0)
(9.77801 7.06342e-05 0)
(9.77812 6.51655e-05 0)
(9.77822 5.85857e-05 0)
(9.77831 5.12816e-05 0)
(9.77839 4.35065e-05 0)
(9.77846 3.53608e-05 0)
(9.77852 2.70179e-05 0)
(9.77856 1.84949e-05 0)
(9.77859 1.00615e-05 0)
(9.7786 1.8043e-06 0)
(9.7786 -5.89229e-06 0)
(9.77857 -1.29351e-05 0)
(9.77854 -1.90495e-05 0)
(9.77848 -2.41535e-05 0)
(9.77842 -2.81419e-05 0)
(9.77834 -3.10557e-05 0)
(9.77826 -3.28568e-05 0)
(9.77817 -3.37123e-05 0)
(9.77808 -3.36292e-05 0)
(9.77799 -3.28373e-05 0)
(9.77791 -3.14104e-05 0)
(9.77783 -2.95425e-05 0)
(9.77775 -2.73164e-05 0)
(9.77768 -2.48994e-05 0)
(9.77761 -2.23789e-05 0)
(9.77756 -1.9861e-05 0)
(9.77751 -1.74112e-05 0)
(9.77746 -1.50887e-05 0)
(9.77742 -1.2926e-05 0)
(9.77739 -1.09542e-05 0)
(9.77736 -9.1815e-06 0)
(9.77734 -7.61707e-06 0)
(9.77732 -6.25098e-06 0)
(9.77731 -5.07933e-06 0)
(9.77729 -4.08216e-06 0)
(9.77728 -3.24919e-06 0)
(9.77728 -2.55632e-06 0)
(9.77727 -1.99192e-06 0)
(9.77727 -1.53214e-06 0)
(9.77726 -1.16697e-06 0)
(9.77726 -8.7503e-07 0)
(9.77726 -6.4928e-07 0)
(9.77725 -4.72622e-07 0)
(9.77725 -3.38851e-07 0)
(9.77725 -2.37651e-07 0)
(9.77725 -1.706e-07 0)
(9.77725 -6.86561e-08 0)
(9.77725 -2.74741e-07 0)
(9.77725 8.0633e-07 0)
(9.77725 -4.00657e-06 0)
(9.77725 7.01764e-06 0)
(9.77727 -7.76836e-05 0)
(9.52594 -0.000177746 0)
(9.52567 -0.000153603 0)
(9.52543 -0.000123659 0)
(9.52524 -0.00012045 0)
(9.52508 -0.000125133 0)
(9.52496 -0.000129379 0)
(9.52487 -0.000130042 0)
(9.5248 -0.000126072 0)
(9.52474 -0.000116953 0)
(9.52468 -0.000102851 0)
(9.52462 -8.43221e-05 0)
(9.52455 -6.22784e-05 0)
(9.52446 -3.81684e-05 0)
(9.52437 -1.34876e-05 0)
(9.52427 1.01684e-05 0)
(9.52419 3.15133e-05 0)
(9.52413 4.95185e-05 0)
(9.5241 6.36556e-05 0)
(9.5241 7.37508e-05 0)
(9.52413 7.99553e-05 0)
(9.5242 8.27844e-05 0)
(9.5243 8.23535e-05 0)
(9.52442 7.93064e-05 0)
(9.52456 7.38888e-05 0)
(9.52469 6.65905e-05 0)
(9.52481 5.81363e-05 0)
(9.52492 4.94323e-05 0)
(9.525 4.1496e-05 0)
(9.52508 3.52032e-05 0)
(9.52514 3.10417e-05 0)
(9.52519 2.90122e-05 0)
(9.52524 2.86203e-05 0)
(9.52529 2.91315e-05 0)
(9.52534 2.9751e-05 0)
(9.52538 2.99709e-05 0)
(9.52541 2.96891e-05 0)
(9.52545 2.92335e-05 0)
(9.52548 2.92745e-05 0)
(9.52552 3.0563e-05 0)
(9.52559 3.3709e-05 0)
(9.52567 3.88528e-05 0)
(9.52578 4.56603e-05 0)
(9.52592 5.32361e-05 0)
(9.52609 6.05192e-05 0)
(9.52628 6.63439e-05 0)
(9.52647 7.00274e-05 0)
(9.52667 7.10975e-05 0)
(9.52686 6.97669e-05 0)
(9.52704 6.62949e-05 0)
(9.5272 6.1273e-05 0)
(9.52734 5.51555e-05 0)
(9.52747 4.83145e-05 0)
(9.52757 4.10061e-05 0)
(9.52765 3.33455e-05 0)
(9.52771 2.55113e-05 0)
(9.52776 1.7532e-05 0)
(9.52778 9.66311e-06 0)
(9.52778 1.9847e-06 0)
(9.52775 -5.15326e-06 0)
(9.52771 -1.16685e-05 0)
(9.52765 -1.7314e-05 0)
(9.52758 -2.20208e-05 0)
(9.52749 -2.5697e-05 0)
(9.5274 -2.83841e-05 0)
(9.5273 -3.00462e-05 0)
(9.52719 -3.08418e-05 0)
(9.52709 -3.07771e-05 0)
(9.52699 -3.00631e-05 0)
(9.5269 -2.87664e-05 0)
(9.52681 -2.70653e-05 0)
(9.52673 -2.5035e-05 0)
(9.52665 -2.28284e-05 0)
(9.52658 -2.0525e-05 0)
(9.52652 -1.82226e-05 0)
(9.52647 -1.59807e-05 0)
(9.52643 -1.38539e-05 0)
(9.52639 -1.1872e-05 0)
(9.52636 -1.00641e-05 0)
(9.52633 -8.43766e-06 0)
(9.52631 -7.00155e-06 0)
(9.52629 -5.74665e-06 0)
(9.52627 -4.66992e-06 0)
(9.52626 -3.75291e-06 0)
(9.52625 -2.98669e-06 0)
(9.52625 -2.34896e-06 0)
(9.52624 -1.82942e-06 0)
(9.52623 -1.40596e-06 0)
(9.52623 -1.06973e-06 0)
(9.52623 -8.00796e-07 0)
(9.52623 -5.93032e-07 0)
(9.52623 -4.30299e-07 0)
(9.52622 -3.07487e-07 0)
(9.52622 -2.13652e-07 0)
(9.52622 -1.54633e-07 0)
(9.52622 -5.3005e-08 0)
(9.52622 -2.69978e-07 0)
(9.52622 8.11683e-07 0)
(9.52622 -3.91681e-06 0)
(9.52621 6.81151e-06 0)
(9.52626 -7.4587e-05 0)
(9.2729 -0.000168057 0)
(9.27259 -0.000144781 0)
(9.27232 -0.000116421 0)
(9.27205 -0.000114046 0)
(9.2718 -0.00011945 0)
(9.27156 -0.000124394 0)
(9.27134 -0.000125798 0)
(9.27114 -0.000122295 0)
(9.27096 -0.000113502 0)
(9.27079 -9.94614e-05 0)
(9.27063 -8.08579e-05 0)
(9.27048 -5.87415e-05 0)
(9.27033 -3.46822e-05 0)
(9.27021 -1.02847e-05 0)
(9.27011 1.28123e-05 0)
(9.27005 3.33334e-05 0)
(9.27003 5.03113e-05 0)
(9.27005 6.32964e-05 0)
(9.27012 7.2207e-05 0)
(9.27022 7.73184e-05 0)
(9.27036 7.91481e-05 0)
(9.27053 7.80472e-05 0)
(9.27071 7.45711e-05 0)
(9.2709 6.91043e-05 0)
(9.27108 6.20814e-05 0)
(9.27124 5.41304e-05 0)
(9.27138 4.603e-05 0)
(9.2715 3.86694e-05 0)
(9.27159 3.28326e-05 0)
(9.27167 2.89751e-05 0)
(9.27175 2.71239e-05 0)
(9.27182 2.68442e-05 0)
(9.27188 2.74555e-05 0)
(9.27195 2.82004e-05 0)
(9.27201 2.85648e-05 0)
(9.27206 2.83926e-05 0)
(9.27211 2.79468e-05 0)
(9.27217 2.78093e-05 0)
(9.27222 2.86881e-05 0)
(9.2723 3.11773e-05 0)
(9.2724 3.54648e-05 0)
(9.27254 4.13159e-05 0)
(9.27271 4.79668e-05 0)
(9.27291 5.44868e-05 0)
(9.27314 5.98263e-05 0)
(9.27338 6.33078e-05 0)
(9.27363 6.45013e-05 0)
(9.27386 6.3525e-05 0)
(9.27408 6.05828e-05 0)
(9.27428 5.61897e-05 0)
(9.27446 5.07514e-05 0)
(9.27461 4.46099e-05 0)
(9.27473 3.80087e-05 0)
(9.27483 3.1065e-05 0)
(9.2749 2.39521e-05 0)
(9.27494 1.67014e-05 0)
(9.27495 9.54872e-06 0)
(9.27494 2.564e-06 0)
(9.27491 -3.93621e-06 0)
(9.27486 -9.87879e-06 0)
(9.27478 -1.50394e-05 0)
(9.27469 -1.93577e-05 0)
(9.27459 -2.27486e-05 0)
(9.27449 -2.52497e-05 0)
(9.27437 -2.68227e-05 0)
(9.27426 -2.76123e-05 0)
(9.27415 -2.76197e-05 0)
(9.27404 -2.70356e-05 0)
(9.27394 -2.59174e-05 0)
(9.27384 -2.4426e-05 0)
(9.27376 -2.26289e-05 0)
(9.27368 -2.06642e-05 0)
(9.27361 -1.8604e-05 0)
(9.27355 -1.65381e-05 0)
(9.27349 -1.45205e-05 0)
(9.27345 -1.26021e-05 0)
(9.27341 -1.08104e-05 0)
(9.27338 -9.17322e-06 0)
(9.27335 -7.69761e-06 0)
(9.27333 -6.39282e-06 0)
(9.27331 -5.25089e-06 0)
(9.27329 -4.26989e-06 0)
(9.27328 -3.43326e-06 0)
(9.27327 -2.73352e-06 0)
(9.27327 -2.15042e-06 0)
(9.27326 -1.67503e-06 0)
(9.27326 -1.28712e-06 0)
(9.27325 -9.79032e-07 0)
(9.27325 -7.32343e-07 0)
(9.27325 -5.41847e-07 0)
(9.27325 -3.92376e-07 0)
(9.27325 -2.79961e-07 0)
(9.27324 -1.92998e-07 0)
(9.27324 -1.41289e-07 0)
(9.27324 -4.1337e-08 0)
(9.27324 -2.60479e-07 0)
(9.27324 7.91896e-07 0)
(9.27325 -3.74215e-06 0)
(9.27323 6.41823e-06 0)
(9.27329 -7.03676e-05 0)
(9.01484 -0.000157166 0)
(9.01449 -0.000134724 0)
(9.01416 -0.00010722 0)
(9.01381 -0.000104827 0)
(9.01345 -0.000110332 0)
(9.0131 -0.000115725 0)
(9.01275 -0.000117662 0)
(9.01243 -0.000114717 0)
(9.01213 -0.000106434 0)
(9.01185 -9.28908e-05 0)
(9.01159 -7.48328e-05 0)
(9.01137 -5.33969e-05 0)
(9.01119 -3.02194e-05 0)
(9.01106 -6.94578e-06 0)
(9.01098 1.48199e-05 0)
(9.01096 3.38764e-05 0)
(9.01099 4.93565e-05 0)
(9.01108 6.08999e-05 0)
(9.01122 6.85025e-05 0)
(9.0114 7.25271e-05 0)
(9.0116 7.34897e-05 0)
(9.01183 7.18798e-05 0)
(9.01207 6.82272e-05 0)
(9.0123 6.29372e-05 0)
(9.01252 5.64019e-05 0)
(9.01271 4.91487e-05 0)
(9.01287 4.18217e-05 0)
(9.01301 3.51735e-05 0)
(9.01313 2.98883e-05 0)
(9.01322 2.6385e-05 0)
(9.01331 2.47186e-05 0)
(9.0134 2.45265e-05 0)
(9.01348 2.52045e-05 0)
(9.01356 2.6052e-05 0)
(9.01364 2.65614e-05 0)
(9.01372 2.65267e-05 0)
(9.01379 2.61352e-05 0)
(9.01386 2.58675e-05 0)
(9.01393 2.63604e-05 0)
(9.01402 2.81787e-05 0)
(9.01413 3.15509e-05 0)
(9.01428 3.63467e-05 0)
(9.01447 4.19476e-05 0)
(9.01469 4.75708e-05 0)
(9.01494 5.23039e-05 0)
(9.01521 5.55077e-05 0)
(9.01548 5.67782e-05 0)
(9.01574 5.61687e-05 0)
(9.016 5.38177e-05 0)
(9.01622 5.0157e-05 0)
(9.01642 4.55336e-05 0)
(9.0166 4.02471e-05 0)
(9.01674 3.45169e-05 0)
(9.01685 2.84514e-05 0)
(9.01693 2.22111e-05 0)
(9.01698 1.58232e-05 0)
(9.017 9.5002e-06 0)
(9.01699 3.29958e-06 0)
(9.01696 -2.49479e-06 0)
(9.0169 -7.81807e-06 0)
(9.01682 -1.24665e-05 0)
(9.01673 -1.63851e-05 0)
(9.01662 -1.94929e-05 0)
(9.0165 -2.182e-05 0)
(9.01638 -2.33242e-05 0)
(9.01626 -2.41327e-05 0)
(9.01615 -2.42389e-05 0)
(9.01603 -2.38125e-05 0)
(9.01593 -2.28999e-05 0)
(9.01583 -2.16441e-05 0)
(9.01574 -2.01036e-05 0)
(9.01565 -1.8402e-05 0)
(9.01558 -1.66037e-05 0)
(9.01552 -1.47903e-05 0)
(9.01546 -1.30107e-05 0)
(9.01541 -1.13121e-05 0)
(9.01537 -9.7201e-06 0)
(9.01534 -8.2612e-06 0)
(9.01531 -6.9426e-06 0)
(9.01529 -5.77397e-06 0)
(9.01527 -4.74875e-06 0)
(9.01525 -3.86637e-06 0)
(9.01524 -3.11223e-06 0)
(9.01523 -2.48052e-06 0)
(9.01522 -1.9531e-06 0)
(9.01522 -1.52257e-06 0)
(9.01521 -1.17063e-06 0)
(9.01521 -8.90907e-07 0)
(9.01521 -6.66527e-07 0)
(9.01521 -4.93267e-07 0)
(9.0152 -3.56927e-07 0)
(9.0152 -2.54783e-07 0)
(9.0152 -1.74565e-07 0)
(9.0152 -1.29603e-07 0)
(9.0152 -3.32339e-08 0)
(9.0152 -2.44965e-07 0)
(9.0152 7.44778e-07 0)
(9.01521 -3.4848e-06 0)
(9.01518 5.89036e-06 0)
(9.01526 -6.57383e-05 0)
(8.74644 -0.000145271 0)
(8.74602 -0.000122757 0)
(8.7456 -9.55501e-05 0)
(8.74516 -9.2735e-05 0)
(8.74472 -9.80149e-05 0)
(8.74427 -0.000103507 0)
(8.74382 -0.000105832 0)
(8.74338 -0.000103534 0)
(8.74297 -9.60657e-05 0)
(8.7426 -8.35509e-05 0)
(8.74228 -6.67562e-05 0)
(8.74201 -4.68361e-05 0)
(8.74181 -2.5415e-05 0)
(8.74168 -4.09016e-06 0)
(8.74163 1.56504e-05 0)
(8.74166 3.27271e-05 0)
(8.74176 4.63892e-05 0)
(8.74192 5.63568e-05 0)
(8.74213 6.26791e-05 0)
(8.74237 6.5747e-05 0)
(8.74263 6.6082e-05 0)
(8.74291 6.41964e-05 0)
(8.74319 6.06064e-05 0)
(8.74345 5.57041e-05 0)
(8.7437 4.98352e-05 0)
(8.74391 4.34323e-05 0)
(8.7441 3.70094e-05 0)
(8.74425 3.11807e-05 0)
(8.74438 2.65226e-05 0)
(8.74449 2.34084e-05 0)
(8.74459 2.19163e-05 0)
(8.74469 2.17637e-05 0)
(8.74478 2.24418e-05 0)
(8.74488 2.33307e-05 0)
(8.74498 2.39528e-05 0)
(8.74508 2.4069e-05 0)
(8.74517 2.37884e-05 0)
(8.74525 2.34824e-05 0)
(8.74534 2.36911e-05 0)
(8.74544 2.49266e-05 0)
(8.74556 2.74364e-05 0)
(8.74571 3.1181e-05 0)
(8.7459 3.5688e-05 0)
(8.74612 4.03306e-05 0)
(8.74637 4.43474e-05 0)
(8.74665 4.71692e-05 0)
(8.74693 4.84223e-05 0)
(8.74721 4.81163e-05 0)
(8.74748 4.63299e-05 0)
(8.74772 4.34111e-05 0)
(8.74794 3.96427e-05 0)
(8.74814 3.52749e-05 0)
(8.7483 3.04948e-05 0)
(8.74842 2.53942e-05 0)
(8.74852 2.01147e-05 0)
(8.74858 1.46743e-05 0)
(8.74861 9.25981e-06 0)
(8.74861 3.91421e-06 0)
(8.74859 -1.1114e-06 0)
(8.74853 -5.76136e-06 0)
(8.74846 -9.85253e-06 0)
(8.74837 -1.33355e-05 0)
(8.74826 -1.61326e-05 0)
(8.74815 -1.82658e-05 0)
(8.74803 -1.96888e-05 0)
(8.7479 -2.05097e-05 0)
(8.74778 -2.07134e-05 0)
(8.74767 -2.04475e-05 0)
(8.74756 -1.97467e-05 0)
(8.74745 -1.87346e-05 0)
(8.74736 -1.74611e-05 0)
(8.74727 -1.60336e-05 0)
(8.74719 -1.45089e-05 0)
(8.74713 -1.29596e-05 0)
(8.74707 -1.14293e-05 0)
(8.74702 -9.96111e-06 0)
(8.74698 -8.5786e-06 0)
(8.74694 -7.30686e-06 0)
(8.74691 -6.15315e-06 0)
(8.74688 -5.12755e-06 0)
(8.74686 -4.22497e-06 0)
(8.74685 -3.44618e-06 0)
(8.74683 -2.77868e-06 0)
(8.74682 -2.21837e-06 0)
(8.74682 -1.74936e-06 0)
(8.74681 -1.36582e-06 0)
(8.74681 -1.05152e-06 0)
(8.7468 -8.01367e-07 0)
(8.7468 -6.00216e-07 0)
(8.7468 -4.44827e-07 0)
(8.7468 -3.22057e-07 0)
(8.74679 -2.30469e-07 0)
(8.74679 -1.57268e-07 0)
(8.74679 -1.18584e-07 0)
(8.74679 -2.81834e-08 0)
(8.74679 -2.22975e-07 0)
(8.74679 6.6974e-07 0)
(8.7468 -3.14128e-06 0)
(8.74676 5.22726e-06 0)
(8.74687 -6.131e-05 0)
(8.45755 -0.000131133 0)
(8.45706 -0.000109665 0)
(8.4566 -8.25623e-05 0)
(8.45613 -7.90671e-05 0)
(8.45565 -8.38096e-05 0)
(8.45514 -8.90568e-05 0)
(8.45463 -9.15214e-05 0)
(8.45413 -8.97707e-05 0)
(8.45365 -8.32588e-05 0)
(8.45322 -7.21274e-05 0)
(8.45284 -5.71258e-05 0)
(8.45254 -3.93619e-05 0)
(8.45232 -2.03728e-05 0)
(8.4522 -1.62832e-06 0)
(8.45218 1.55616e-05 0)
(8.45224 3.02714e-05 0)
(8.45239 4.18781e-05 0)
(8.45259 5.01752e-05 0)
(8.45285 5.52486e-05 0)
(8.45313 5.74757e-05 0)
(8.45344 5.73588e-05 0)
(8.45375 5.53824e-05 0)
(8.45406 5.2031e-05 0)
(8.45435 4.76662e-05 0)
(8.45461 4.25862e-05 0)
(8.45485 3.7135e-05 0)
(8.45505 3.17052e-05 0)
(8.45522 2.67735e-05 0)
(8.45535 2.28028e-05 0)
(8.45547 2.01103e-05 0)
(8.45558 1.87898e-05 0)
(8.45569 1.86396e-05 0)
(8.4558 1.92589e-05 0)
(8.45591 2.01281e-05 0)
(8.45602 2.08222e-05 0)
(8.45613 2.1089e-05 0)
(8.45624 2.09649e-05 0)
(8.45634 2.071e-05 0)
(8.45644 2.07512e-05 0)
(8.45655 2.15254e-05 0)
(8.45667 2.32753e-05 0)
(8.45682 2.60322e-05 0)
(8.45701 2.94609e-05 0)
(8.45722 3.30919e-05 0)
(8.45747 3.63206e-05 0)
(8.45774 3.86708e-05 0)
(8.45802 3.98103e-05 0)
(8.4583 3.97216e-05 0)
(8.45858 3.84336e-05 0)
(8.45883 3.62142e-05 0)
(8.45906 3.32819e-05 0)
(8.45926 2.98342e-05 0)
(8.45944 2.6022e-05 0)
(8.45958 2.19151e-05 0)
(8.45968 1.76332e-05 0)
(8.45976 1.31819e-05 0)
(8.4598 8.72059e-06 0)
(8.45982 4.27684e-06 0)
(8.4598 6.79169e-08 0)
(8.45976 -3.86115e-06 0)
(8.45969 -7.34947e-06 0)
(8.45961 -1.03545e-05 0)
(8.45951 -1.28024e-05 0)
(8.45939 -1.47079e-05 0)
(8.45928 -1.60217e-05 0)
(8.45916 -1.68326e-05 0)
(8.45904 -1.71168e-05 0)
(8.45892 -1.69996e-05 0)
(8.45881 -1.65033e-05 0)
(8.4587 -1.5732e-05 0)
(8.4586 -1.47258e-05 0)
(8.45851 -1.35755e-05 0)
(8.45844 -1.23297e-05 0)
(8.45837 -1.10511e-05 0)
(8.4583 -9.77766e-06 0)
(8.45825 -8.5479e-06 0)
(8.45821 -7.3829e-06 0)
(8.45817 -6.30605e-06 0)
(8.45814 -5.32453e-06 0)
(8.45811 -4.4486e-06 0)
(8.45809 -3.67465e-06 0)
(8.45807 -3.00468e-06 0)
(8.45806 -2.42836e-06 0)
(8.45805 -1.94323e-06 0)
(8.45804 -1.53583e-06 0)
(8.45803 -1.20183e-06 0)
(8.45803 -9.27249e-07 0)
(8.45802 -7.08272e-07 0)
(8.45802 -5.31609e-07 0)
(8.45802 -3.95017e-07 0)
(8.45802 -2.86519e-07 0)
(8.45801 -2.05978e-07 0)
(8.45801 -1.40255e-07 0)
(8.45801 -1.07579e-07 0)
(8.45801 -2.50721e-08 0)
(8.45801 -1.96259e-07 0)
(8.45801 5.74824e-07 0)
(8.45802 -2.72679e-06 0)
(8.45798 4.43912e-06 0)
(8.4581 -5.55537e-05 0)
(8.13152 -0.000114075 0)
(8.13096 -9.40162e-05 0)
(8.1305 -6.84163e-05 0)
(8.13004 -6.45397e-05 0)
(8.12956 -6.85657e-05 0)
(8.12905 -7.3252e-05 0)
(8.12852 -7.55777e-05 0)
(8.12798 -7.42404e-05 0)
(8.12746 -6.8754e-05 0)
(8.12699 -5.92704e-05 0)
(8.12658 -4.64841e-05 0)
(8.12626 -3.13942e-05 0)
(8.12604 -1.53754e-05 0)
(8.12592 3.00781e-07 0)
(8.12591 1.45509e-05 0)
(8.12599 2.66263e-05 0)
(8.12616 3.60329e-05 0)
(8.12639 4.26275e-05 0)
(8.12668 4.65153e-05 0)
(8.12699 4.80323e-05 0)
(8.12733 4.76316e-05 0)
(8.12766 4.57374e-05 0)
(8.12798 4.27768e-05 0)
(8.12829 3.90665e-05 0)
(8.12857 3.48562e-05 0)
(8.12881 3.0413e-05 0)
(8.12903 2.60235e-05 0)
(8.1292 2.2038e-05 0)
(8.12935 1.8806e-05 0)
(8.12948 1.65787e-05 0)
(8.1296 1.54498e-05 0)
(8.12971 1.52877e-05 0)
(8.12982 1.57988e-05 0)
(8.12994 1.65766e-05 0)
(8.13007 1.72704e-05 0)
(8.13019 1.76419e-05 0)
(8.1303 1.76749e-05 0)
(8.13042 1.75306e-05 0)
(8.13053 1.75189e-05 0)
(8.13064 1.79842e-05 0)
(8.13077 1.91378e-05 0)
(8.13092 2.10512e-05 0)
(8.1311 2.35034e-05 0)
(8.13131 2.61689e-05 0)
(8.13155 2.85955e-05 0)
(8.13181 3.04132e-05 0)
(8.13208 3.13451e-05 0)
(8.13236 3.13643e-05 0)
(8.13262 3.04658e-05 0)
(8.13288 2.8847e-05 0)
(8.13311 2.66671e-05 0)
(8.13331 2.40731e-05 0)
(8.13349 2.11784e-05 0)
(8.13364 1.80303e-05 0)
(8.13376 1.47247e-05 0)
(8.13384 1.12544e-05 0)
(8.1339 7.75029e-06 0)
(8.13392 4.22427e-06 0)
(8.13392 8.58944e-07 0)
(8.13389 -2.31232e-06 0)
(8.13383 -5.15337e-06 0)
(8.13375 -7.63125e-06 0)
(8.13366 -9.67846e-06 0)
(8.13356 -1.13047e-05 0)
(8.13345 -1.24605e-05 0)
(8.13333 -1.32165e-05 0)
(8.13321 -1.35424e-05 0)
(8.1331 -1.35407e-05 0)
(8.13299 -1.32227e-05 0)
(8.13288 -1.2672e-05 0)
(8.13278 -1.1919e-05 0)
(8.13269 -1.10371e-05 0)
(8.13261 -1.00662e-05 0)
(8.13254 -9.05789e-06 0)
(8.13248 -8.0441e-06 0)
(8.13242 -7.05748e-06 0)
(8.13238 -6.11627e-06 0)
(8.13234 -5.24135e-06 0)
(8.1323 -4.43957e-06 0)
(8.13228 -3.72075e-06 0)
(8.13225 -3.08269e-06 0)
(8.13223 -2.52821e-06 0)
(8.13222 -2.04921e-06 0)
(8.13221 -1.64465e-06 0)
(8.1322 -1.30358e-06 0)
(8.13219 -1.0231e-06 0)
(8.13219 -7.91627e-07 0)
(8.13218 -6.06547e-07 0)
(8.13218 -4.56619e-07 0)
(8.13218 -3.40562e-07 0)
(8.13218 -2.47747e-07 0)
(8.13217 -1.79278e-07 0)
(8.13217 -1.21979e-07 0)
(8.13217 -9.53051e-08 0)
(8.13217 -2.27805e-08 0)
(8.13217 -1.65368e-07 0)
(8.13217 4.63413e-07 0)
(8.13218 -2.23767e-06 0)
(8.13213 3.41323e-06 0)
(8.13228 -4.86515e-05 0)
(7.74244 -9.25307e-05 0)
(7.74177 -7.70473e-05 0)
(7.74127 -5.44618e-05 0)
(7.74081 -5.04082e-05 0)
(7.74033 -5.34579e-05 0)
(7.73981 -5.72216e-05 0)
(7.73926 -5.90909e-05 0)
(7.7387 -5.797e-05 0)
(7.73816 -5.34556e-05 0)
(7.73767 -4.57039e-05 0)
(7.73725 -3.53314e-05 0)
(7.73693 -2.3188e-05 0)
(7.73671 -1.0432e-05 0)
(7.73661 1.91131e-06 0)
(7.73663 1.30082e-05 0)
(7.73674 2.22996e-05 0)
(7.73694 2.94211e-05 0)
(7.73721 3.42901e-05 0)
(7.73752 3.70218e-05 0)
(7.73786 3.79028e-05 0)
(7.73821 3.73162e-05 0)
(7.73855 3.56096e-05 0)
(7.73889 3.31333e-05 0)
(7.7392 3.01461e-05 0)
(7.73948 2.68452e-05 0)
(7.73974 2.34268e-05 0)
(7.73995 2.00854e-05 0)
(7.74013 1.70588e-05 0)
(7.74029 1.45912e-05 0)
(7.74042 1.28642e-05 0)
(7.74054 1.19603e-05 0)
(7.74065 1.18019e-05 0)
(7.74077 1.21924e-05 0)
(7.74089 1.28373e-05 0)
(7.74102 1.34695e-05 0)
(7.74115 1.38854e-05 0)
(7.74128 1.4038e-05 0)
(7.7414 1.40093e-05 0)
(7.74152 1.40024e-05 0)
(7.74164 1.42668e-05 0)
(7.74177 1.49672e-05 0)
(7.74192 1.61909e-05 0)
(7.74209 1.78057e-05 0)
(7.74228 1.96089e-05 0)
(7.74251 2.12866e-05 0)
(7.74275 2.25756e-05 0)
(7.743 2.32602e-05 0)
(7.74326 2.33156e-05 0)
(7.74352 2.27168e-05 0)
(7.74376 2.16011e-05 0)
(7.74399 2.00768e-05 0)
(7.74419 1.82448e-05 0)
(7.74437 1.61849e-05 0)
(7.74452 1.39234e-05 0)
(7.74465 1.15341e-05 0)
(7.74474 8.99847e-06 0)
(7.74481 6.41879e-06 0)
(7.74485 3.79168e-06 0)
(7.74486 1.26486e-06 0)
(7.74484 -1.14032e-06 0)
(7.7448 -3.31503e-06 0)
(7.74473 -5.2355e-06 0)
(7.74465 -6.84494e-06 0)
(7.74456 -8.14869e-06 0)
(7.74446 -9.10189e-06 0)
(7.74435 -9.7581e-06 0)
(7.74424 -1.00834e-05 0)
(7.74413 -1.01585e-05 0)
(7.74402 -9.98521e-06 0)
(7.74392 -9.62637e-06 0)
(7.74382 -9.10357e-06 0)
(7.74373 -8.47226e-06 0)
(7.74365 -7.76368e-06 0)
(7.74358 -7.01738e-06 0)
(7.74351 -6.25856e-06 0)
(7.74346 -5.51357e-06 0)
(7.74341 -4.79689e-06 0)
(7.74337 -4.12647e-06 0)
(7.74333 -3.5081e-06 0)
(7.7433 -2.95093e-06 0)
(7.74328 -2.45355e-06 0)
(7.74326 -2.01954e-06 0)
(7.74324 -1.64258e-06 0)
(7.74323 -1.32305e-06 0)
(7.74322 -1.05235e-06 0)
(7.74321 -8.28983e-07 0)
(7.74321 -6.43736e-07 0)
(7.7432 -4.95185e-07 0)
(7.7432 -3.74191e-07 0)
(7.7432 -2.80459e-07 0)
(7.74319 -2.0479e-07 0)
(7.74319 -1.49509e-07 0)
(7.74319 -1.01626e-07 0)
(7.74319 -8.12547e-08 0)
(7.74319 -1.99801e-08 0)
(7.74319 -1.32464e-07 0)
(7.74319 3.47011e-07 0)
(7.7432 -1.71677e-06 0)
(7.74315 2.24977e-06 0)
(7.74331 -3.90485e-05 0)
(7.24226 -6.76396e-05 0)
(7.24147 -5.73108e-05 0)
(7.24091 -3.95144e-05 0)
(7.24043 -3.5999e-05 0)
(7.23995 -3.80875e-05 0)
(7.23942 -4.07556e-05 0)
(7.23886 -4.2037e-05 0)
(7.23829 -4.11301e-05 0)
(7.23774 -3.77259e-05 0)
(7.23725 -3.1959e-05 0)
(7.23684 -2.4324e-05 0)
(7.23653 -1.54678e-05 0)
(7.23635 -6.26747e-06 0)
(7.23628 2.53513e-06 0)
(7.23634 1.03659e-05 0)
(7.23649 1.68506e-05 0)
(7.23672 2.17414e-05 0)
(7.23702 2.49994e-05 0)
(7.23736 2.67292e-05 0)
(7.23771 2.71511e-05 0)
(7.23807 2.65549e-05 0)
(7.23843 2.51943e-05 0)
(7.23876 2.33277e-05 0)
(7.23907 2.11449e-05 0)
(7.23935 1.87892e-05 0)
(7.2396 1.63949e-05 0)
(7.23981 1.40829e-05 0)
(7.23999 1.19979e-05 0)
(7.24014 1.02916e-05 0)
(7.24028 9.07902e-06 0)
(7.24039 8.42062e-06 0)
(7.24051 8.27689e-06 0)
(7.24062 8.53234e-06 0)
(7.24074 8.99839e-06 0)
(7.24087 9.4973e-06 0)
(7.241 9.87865e-06 0)
(7.24114 1.00893e-05 0)
(7.24127 1.0157e-05 0)
(7.2414 1.01947e-05 0)
(7.24153 1.03601e-05 0)
(7.24166 1.076e-05 0)
(7.24181 1.14721e-05 0)
(7.24197 1.24251e-05 0)
(7.24215 1.35108e-05 0)
(7.24235 1.45346e-05 0)
(7.24257 1.53324e-05 0)
(7.2428 1.5754e-05 0)
(7.24304 1.5785e-05 0)
(7.24327 1.53954e-05 0)
(7.2435 1.46743e-05 0)
(7.24371 1.36892e-05 0)
(7.24391 1.25026e-05 0)
(7.24408 1.11663e-05 0)
(7.24423 9.69026e-06 0)
(7.24436 8.12811e-06 0)
(7.24446 6.45393e-06 0)
(7.24454 4.74e-06 0)
(7.24458 2.97109e-06 0)
(7.24461 1.2571e-06 0)
(7.2446 -3.89841e-07 0)
(7.24457 -1.89428e-06 0)
(7.24453 -3.23528e-06 0)
(7.24446 -4.3759e-06 0)
(7.24438 -5.31508e-06 0)
(7.24429 -6.01945e-06 0)
(7.2442 -6.52669e-06 0)
(7.24409 -6.80366e-06 0)
(7.24399 -6.90967e-06 0)
(7.24389 -6.83985e-06 0)
(7.24379 -6.6367e-06 0)
(7.2437 -6.31361e-06 0)
(7.24361 -5.90834e-06 0)
(7.24353 -5.44304e-06 0)
(7.24346 -4.94529e-06 0)
(7.24339 -4.43191e-06 0)
(7.24334 -3.9236e-06 0)
(7.24329 -3.42893e-06 0)
(7.24324 -2.96355e-06 0)
(7.24321 -2.53034e-06 0)
(7.24318 -2.13841e-06 0)
(7.24315 -1.7855e-06 0)
(7.24313 -1.47667e-06 0)
(7.24311 -1.20606e-06 0)
(7.2431 -9.76165e-07 0)
(7.24309 -7.79831e-07 0)
(7.24308 -6.17419e-07 0)
(7.24307 -4.81691e-07 0)
(7.24307 -3.72589e-07 0)
(7.24306 -2.82914e-07 0)
(7.24306 -2.13569e-07 0)
(7.24306 -1.56645e-07 0)
(7.24306 -1.15877e-07 0)
(7.24306 -7.85784e-08 0)
(7.24306 -6.49036e-08 0)
(7.24306 -1.6192e-08 0)
(7.24306 -9.77091e-08 0)
(7.24305 2.30623e-07 0)
(7.24306 -1.15172e-06 0)
(7.24301 1.10092e-06 0)
(7.24317 -2.81359e-05 0)
(6.52243 -4.12112e-05 0)
(6.52153 -3.5185e-05 0)
(6.52092 -2.35218e-05 0)
(6.52043 -2.13394e-05 0)
(6.51994 -2.26599e-05 0)
(6.51941 -2.42497e-05 0)
(6.51884 -2.49905e-05 0)
(6.51827 -2.44446e-05 0)
(6.51773 -2.23995e-05 0)
(6.51725 -1.89229e-05 0)
(6.51686 -1.43291e-05 0)
(6.51659 -9.00613e-06 0)
(6.51645 -3.49588e-06 0)
(6.51643 1.74784e-06 0)
(6.51652 6.41659e-06 0)
(6.51671 1.02528e-05 0)
(6.51698 1.31373e-05 0)
(6.5173 1.50444e-05 0)
(6.51766 1.60377e-05 0)
(6.51803 1.62505e-05 0)
(6.51839 1.58598e-05 0)
(6.51874 1.50156e-05 0)
(6.51907 1.38744e-05 0)
(6.51937 1.25521e-05 0)
(6.51964 1.11395e-05 0)
(6.51988 9.72051e-06 0)
(6.52008 8.36396e-06 0)
(6.52025 7.14684e-06 0)
(6.5204 6.14814e-06 0)
(6.52053 5.42545e-06 0)
(6.52064 5.01107e-06 0)
(6.52075 4.88673e-06 0)
(6.52086 4.99751e-06 0)
(6.52098 5.24657e-06 0)
(6.52111 5.54273e-06 0)
(6.52124 5.80153e-06 0)
(6.52137 5.987e-06 0)
(6.52151 6.10124e-06 0)
(6.52164 6.19189e-06 0)
(6.52178 6.33509e-06 0)
(6.52192 6.57723e-06 0)
(6.52206 6.96725e-06 0)
(6.52222 7.46746e-06 0)
(6.52239 8.02839e-06 0)
(6.52258 8.55049e-06 0)
(6.52278 8.95052e-06 0)
(6.52299 9.14259e-06 0)
(6.5232 9.12515e-06 0)
(6.52342 8.87708e-06 0)
(6.52362 8.44994e-06 0)
(6.52381 7.88303e-06 0)
(6.52399 7.21077e-06 0)
(6.52415 6.46261e-06 0)
(6.52429 5.64036e-06 0)
(6.52441 4.77982e-06 0)
(6.52451 3.85511e-06 0)
(6.52459 2.90566e-06 0)
(6.52464 1.90422e-06 0)
(6.52467 9.25311e-07 0)
(6.52468 -1.87068e-08 0)
(6.52466 -8.91872e-07 0)
(6.52463 -1.67058e-06 0)
(6.52457 -2.33974e-06 0)
(6.52451 -2.89938e-06 0)
(6.52443 -3.32901e-06 0)
(6.52434 -3.65189e-06 0)
(6.52425 -3.84122e-06 0)
(6.52416 -3.93529e-06 0)
(6.52406 -3.92672e-06 0)
(6.52397 -3.83862e-06 0)
(6.52388 -3.67766e-06 0)
(6.5238 -3.4648e-06 0)
(6.52372 -3.21326e-06 0)
(6.52365 -2.93941e-06 0)
(6.52359 -2.65105e-06 0)
(6.52354 -2.36333e-06 0)
(6.52349 -2.07823e-06 0)
(6.52344 -1.80879e-06 0)
(6.52341 -1.55442e-06 0)
(6.52338 -1.32352e-06 0)
(6.52335 -1.11232e-06 0)
(6.52333 -9.27152e-07 0)
(6.52331 -7.6225e-07 0)
(6.5233 -6.21958e-07 0)
(6.52329 -5.00367e-07 0)
(6.52328 -3.99529e-07 0)
(6.52327 -3.14118e-07 0)
(6.52326 -2.45247e-07 0)
(6.52326 -1.87696e-07 0)
(6.52326 -1.43366e-07 0)
(6.52325 -1.05887e-07 0)
(6.52325 -7.9946e-08 0)
(6.52325 -5.40237e-08 0)
(6.52325 -4.69907e-08 0)
(6.52325 -1.22178e-08 0)
(6.52325 -6.32294e-08 0)
(6.52325 1.26197e-07 0)
(6.52326 -6.15817e-07 0)
(6.5232 2.33831e-07 0)
(6.52335 -1.70502e-05 0)
(5.29865 -2.29148e-05 0)
(5.29777 -2.2908e-05 0)
(5.29721 -1.44715e-05 0)
(5.29671 -1.22447e-05 0)
(5.29622 -1.27516e-05 0)
(5.29569 -1.35488e-05 0)
(5.29513 -1.38324e-05 0)
(5.29456 -1.33898e-05 0)
(5.29403 -1.21103e-05 0)
(5.29356 -1.00183e-05 0)
(5.29319 -7.30587e-06 0)
(5.29294 -4.21244e-06 0)
(5.29281 -1.13743e-06 0)
(5.29281 1.659e-06 0)
(5.29292 4.14368e-06 0)
(5.29313 6.14982e-06 0)
(5.29341 7.68367e-06 0)
(5.29374 8.65179e-06 0)
(5.2941 9.10178e-06 0)
(5.29447 9.12063e-06 0)
(5.29483 8.81472e-06 0)
(5.29518 8.27088e-06 0)
(5.2955 7.57942e-06 0)
(5.29579 6.80981e-06 0)
(5.29605 6.01959e-06 0)
(5.29628 5.25792e-06 0)
(5.29648 4.55511e-06 0)
(5.29665 3.93491e-06 0)
(5.29679 3.41866e-06 0)
(5.29691 3.01984e-06 0)
(5.29703 2.75086e-06 0)
(5.29713 2.6142e-06 0)
(5.29725 2.60537e-06 0)
(5.29736 2.70115e-06 0)
(5.29748 2.875e-06 0)
(5.29761 3.08795e-06 0)
(5.29774 3.30806e-06 0)
(5.29788 3.50719e-06 0)
(5.29801 3.67166e-06 0)
(5.29815 3.80834e-06 0)
(5.2983 3.92772e-06 0)
(5.29845 4.04982e-06 0)
(5.29862 4.17249e-06 0)
(5.2988 4.29845e-06 0)
(5.29899 4.40763e-06 0)
(5.2992 4.47873e-06 0)
(5.29941 4.4787e-06 0)
(5.29962 4.41096e-06 0)
(5.29983 4.26127e-06 0)
(5.30002 4.04949e-06 0)
(5.30021 3.79366e-06 0)
(5.30038 3.50625e-06 0)
(5.30053 3.19929e-06 0)
(5.30066 2.86861e-06 0)
(5.30077 2.53269e-06 0)
(5.30085 2.15971e-06 0)
(5.30092 1.73301e-06 0)
(5.30096 1.26803e-06 0)
(5.30098 8.48458e-07 0)
(5.30098 3.91196e-07 0)
(5.30096 -3.93403e-08 0)
(5.30091 -4.23555e-07 0)
(5.30086 -7.75866e-07 0)
(5.30079 -1.09106e-06 0)
(5.30071 -1.34963e-06 0)
(5.30063 -1.56543e-06 0)
(5.30054 -1.71893e-06 0)
(5.30045 -1.82736e-06 0)
(5.30036 -1.8845e-06 0)
(5.30027 -1.8977e-06 0)
(5.30019 -1.86826e-06 0)
(5.30011 -1.80411e-06 0)
(5.30003 -1.71229e-06 0)
(5.29997 -1.60186e-06 0)
(5.29991 -1.4751e-06 0)
(5.29985 -1.34267e-06 0)
(5.29981 -1.20365e-06 0)
(5.29977 -1.06743e-06 0)
(5.29973 -9.31446e-07 0)
(5.2997 -8.05426e-07 0)
(5.29968 -6.86693e-07 0)
(5.29966 -5.81054e-07 0)
(5.29964 -4.84441e-07 0)
(5.29963 -4.01115e-07 0)
(5.29962 -3.27252e-07 0)
(5.29961 -2.6513e-07 0)
(5.2996 -2.11535e-07 0)
(5.2996 -1.67643e-07 0)
(5.29959 -1.30263e-07 0)
(5.29959 -1.01074e-07 0)
(5.29959 -7.59106e-08 0)
(5.29958 -5.84058e-08 0)
(5.29958 -4.16352e-08 0)
(5.29958 -3.50996e-08 0)
(5.29958 -1.49487e-08 0)
(5.29958 -3.49715e-08 0)
(5.29958 2.32396e-08 0)
(5.29959 -2.09332e-07 0)
(5.29954 -6.89715e-07 0)
(5.29966 -8.04235e-06 0)
)
;

boundaryField
{
    inlet
    {
        type            cyclic;
    }
    outlet
    {
        type            cyclic;
    }
    bottomWall
    {
        type            noSlip;
    }
    topWall
    {
        type            noSlip;
    }
    frontAndBack
    {
        type            empty;
    }
}


// ************************************************************************* //
