# Region type : patch farfield
# Faces         : 1280
# Area          : 4.29356266e-01
# Scale factor  : 1.00000000e+00
# Time          	areaAverage(p)	areaAverage(T)	areaAverage(U)
1               	3.85380663e+04	2.88150000e+02	(2.49413885e+02 -7.54463565e-16 1.21535699e+01)
2               	3.85374643e+04	2.88150000e+02	(2.49394081e+02 -7.54418020e-16 1.21290453e+01)
3               	3.85370171e+04	2.88158127e+02	(2.49457105e+02 -7.54447032e-16 1.21172579e+01)
4               	3.85369225e+04	2.88166486e+02	(2.49530400e+02 -7.54478160e-16 1.21138461e+01)
5               	3.85371197e+04	2.88162175e+02	(2.49543866e+02 -7.54481944e-16 1.21165905e+01)
6               	3.85374704e+04	2.88147759e+02	(2.49520599e+02 -7.54476505e-16 1.21171853e+01)
7               	3.85378542e+04	2.88138049e+02	(2.49497258e+02 -7.54474630e-16 1.21134140e+01)
8               	3.85382141e+04	2.88138981e+02	(2.49486204e+02 -7.54472971e-16 1.21075655e+01)
9               	3.85385142e+04	2.88144755e+02	(2.49482752e+02 -7.54470340e-16 1.21000244e+01)
10              	3.85387463e+04	2.88149644e+02	(2.49482427e+02 -7.54470326e-16 1.20915808e+01)
11              	3.85389208e+04	2.88152777e+02	(2.49483905e+02 -7.54471393e-16 1.20831371e+01)
12              	3.85390576e+04	2.88155350e+02	(2.49486654e+02 -7.54474287e-16 1.20753831e+01)
13              	3.85391772e+04	2.88157694e+02	(2.49489751e+02 -7.54478845e-16 1.20687843e+01)
14              	3.85392989e+04	2.88159292e+02	(2.49492342e+02 -7.54484143e-16 1.20633535e+01)
15              	3.85394441e+04	2.88159731e+02	(2.49493824e+02 -7.54490875e-16 1.20589052e+01)
16              	3.85396302e+04	2.88158984e+02	(2.49493964e+02 -7.54499281e-16 1.20548942e+01)
17              	3.85398746e+04	2.88157007e+02	(2.49492690e+02 -7.54509011e-16 1.20513172e+01)
18              	3.85401959e+04	2.88153791e+02	(2.49490183e+02 -7.54520896e-16 1.20480488e+01)
19              	3.85406114e+04	2.88149481e+02	(2.49486813e+02 -7.54535673e-16 1.20447808e+01)
20              	3.85411376e+04	2.88144579e+02	(2.49483276e+02 -7.54553099e-16 1.20411689e+01)
21              	3.85417977e+04	2.88139878e+02	(2.49480432e+02 -7.54575208e-16 1.20370330e+01)
22              	3.85426135e+04	2.88136348e+02	(2.49479172e+02 -7.54600976e-16 1.20324742e+01)
23              	3.85436123e+04	2.88134720e+02	(2.49480051e+02 -7.54631201e-16 1.20276485e+01)
24              	3.85448232e+04	2.88135439e+02	(2.49483496e+02 -7.54666351e-16 1.20229335e+01)
25              	3.85462764e+04	2.88138640e+02	(2.49489557e+02 -7.54706375e-16 1.20186679e+01)
26              	3.85480027e+04	2.88144119e+02	(2.49498071e+02 -7.54751262e-16 1.20151756e+01)
27              	3.85500352e+04	2.88151170e+02	(2.49508495e+02 -7.54802027e-16 1.20127434e+01)
28              	3.85524055e+04	2.88159207e+02	(2.49520393e+02 -7.54858286e-16 1.20114327e+01)
29              	3.85551437e+04	2.88167513e+02	(2.49533291e+02 -7.54919311e-16 1.20112057e+01)
30              	3.85582774e+04	2.88175424e+02	(2.49546878e+02 -7.54984578e-16 1.20119128e+01)
31              	3.85618296e+04	2.88182431e+02	(2.49560976e+02 -7.55053194e-16 1.20133846e+01)
32              	3.85658178e+04	2.88188310e+02	(2.49575659e+02 -7.55123978e-16 1.20154211e+01)
33              	3.85702550e+04	2.88192895e+02	(2.49591001e+02 -7.55197310e-16 1.20178549e+01)
34              	3.85751442e+04	2.88196312e+02	(2.49607257e+02 -7.55270580e-16 1.20206076e+01)
35              	3.85804837e+04	2.88198707e+02	(2.49624649e+02 -7.55341232e-16 1.20236392e+01)
36              	3.85862646e+04	2.88200182e+02	(2.49643335e+02 -7.55405263e-16 1.20269398e+01)
37              	3.85924690e+04	2.88200850e+02	(2.49663428e+02 -7.55463878e-16 1.20304955e+01)
38              	3.85990665e+04	2.88200741e+02	(2.49684988e+02 -7.55510768e-16 1.20342570e+01)
39              	3.86060187e+04	2.88199934e+02	(2.49708017e+02 -7.55540254e-16 1.20381343e+01)
40              	3.86132755e+04	2.88198437e+02	(2.49732483e+02 -7.55551138e-16 1.20419716e+01)
41              	3.86207805e+04	2.88196226e+02	(2.49758274e+02 -7.55566885e-16 1.20456013e+01)
42              	3.86284696e+04	2.88193258e+02	(2.49785269e+02 -7.55575485e-16 1.20488245e+01)
43              	3.86362716e+04	2.88189562e+02	(2.49813343e+02 -7.55566281e-16 1.20514108e+01)
44              	3.86441089e+04	2.88185212e+02	(2.49842373e+02 -7.55537733e-16 1.20531276e+01)
45              	3.86518990e+04	2.88180246e+02	(2.49872171e+02 -7.55489159e-16 1.20537360e+01)
46              	3.86595568e+04	2.88174706e+02	(2.49902540e+02 -7.55425633e-16 1.20530025e+01)
47              	3.86669975e+04	2.88168734e+02	(2.49933303e+02 -7.55347601e-16 1.20507175e+01)
48              	3.86741383e+04	2.88162487e+02	(2.49964267e+02 -7.55254467e-16 1.20466944e+01)
49              	3.86809010e+04	2.88156136e+02	(2.49995228e+02 -7.55145277e-16 1.20408397e+01)
50              	3.86872182e+04	2.88149809e+02	(2.50026143e+02 -7.55014541e-16 1.20328922e+01)
51              	3.86930122e+04	2.88144100e+02	(2.50056473e+02 -7.54871980e-16 1.20233753e+01)
52              	3.86982254e+04	2.88137948e+02	(2.50085713e+02 -7.54728416e-16 1.20120005e+01)
53              	3.87027990e+04	2.88131588e+02	(2.50113515e+02 -7.54560567e-16 1.19996745e+01)
54              	3.87066905e+04	2.88125403e+02	(2.50139734e+02 -7.54382566e-16 1.19858928e+01)
55              	3.87098667e+04	2.88119320e+02	(2.50164119e+02 -7.54184442e-16 1.19715092e+01)
56              	3.87123039e+04	2.88113229e+02	(2.50186286e+02 -7.53984104e-16 1.19567767e+01)
57              	3.87139885e+04	2.88106914e+02	(2.50205925e+02 -7.53771686e-16 1.19419274e+01)
58              	3.87149168e+04	2.88100541e+02	(2.50222947e+02 -7.53542695e-16 1.19271771e+01)
59              	3.87150968e+04	2.88094247e+02	(2.50237269e+02 -7.53313875e-16 1.19127826e+01)
60              	3.87145442e+04	2.88088378e+02	(2.50248860e+02 -7.53097610e-16 1.18987257e+01)
61              	3.87132803e+04	2.88082512e+02	(2.50257549e+02 -7.52884462e-16 1.18853423e+01)
62              	3.87113406e+04	2.88076852e+02	(2.50263341e+02 -7.52691802e-16 1.18726728e+01)
63              	3.87087639e+04	2.88071186e+02	(2.50266255e+02 -7.52513886e-16 1.18608287e+01)
64              	3.87055966e+04	2.88065916e+02	(2.50266398e+02 -7.52360473e-16 1.18497363e+01)
65              	3.87018844e+04	2.88060842e+02	(2.50263885e+02 -7.52216725e-16 1.18394780e+01)
66              	3.86976786e+04	2.88056333e+02	(2.50258797e+02 -7.52097221e-16 1.18299445e+01)
67              	3.86930285e+04	2.88052099e+02	(2.50251275e+02 -7.51986459e-16 1.18212472e+01)
68              	3.86879874e+04	2.88048553e+02	(2.50241434e+02 -7.51891326e-16 1.18132053e+01)
69              	3.86826040e+04	2.88045336e+02	(2.50229409e+02 -7.51805665e-16 1.18059769e+01)
70              	3.86769302e+04	2.88042921e+02	(2.50215346e+02 -7.51742441e-16 1.17993269e+01)
71              	3.86710129e+04	2.88040905e+02	(2.50199395e+02 -7.51700201e-16 1.17934491e+01)
72              	3.86648983e+04	2.88039739e+02	(2.50181691e+02 -7.51677250e-16 1.17881111e+01)
73              	3.86586288e+04	2.88039007e+02	(2.50162351e+02 -7.51672494e-16 1.17835227e+01)
74              	3.86522448e+04	2.88039131e+02	(2.50141517e+02 -7.51677643e-16 1.17794418e+01)
75              	3.86457814e+04	2.88039676e+02	(2.50119269e+02 -7.51691653e-16 1.17760370e+01)
76              	3.86392709e+04	2.88041038e+02	(2.50095769e+02 -7.51713574e-16 1.17731180e+01)
77              	3.86327433e+04	2.88042838e+02	(2.50071057e+02 -7.51740846e-16 1.17708026e+01)
78              	3.86262202e+04	2.88045353e+02	(2.50045304e+02 -7.51771795e-16 1.17689590e+01)
79              	3.86197246e+04	2.88048286e+02	(2.50018483e+02 -7.51809385e-16 1.17676335e+01)
80              	3.86132698e+04	2.88051813e+02	(2.49990749e+02 -7.51855877e-16 1.17667457e+01)
81              	3.86068715e+04	2.88055702e+02	(2.49962041e+02 -7.51908198e-16 1.17662722e+01)
82              	3.86005365e+04	2.88059992e+02	(2.49932521e+02 -7.51968031e-16 1.17661790e+01)
83              	3.85942770e+04	2.88064593e+02	(2.49902171e+02 -7.52037339e-16 1.17663542e+01)
84              	3.85880972e+04	2.88069479e+02	(2.49871201e+02 -7.52119986e-16 1.17668412e+01)
85              	3.85820045e+04	2.88074602e+02	(2.49839563e+02 -7.52214623e-16 1.17674825e+01)
86              	3.85759965e+04	2.88079877e+02	(2.49807436e+02 -7.52314701e-16 1.17683519e+01)
87              	3.85700784e+04	2.88085399e+02	(2.49774741e+02 -7.52416481e-16 1.17692419e+01)
88              	3.85642520e+04	2.88091039e+02	(2.49741655e+02 -7.52517873e-16 1.17701854e+01)
89              	3.85585229e+04	2.88096747e+02	(2.49708224e+02 -7.52615477e-16 1.17711998e+01)
90              	3.85528714e+04	2.88102574e+02	(2.49674605e+02 -7.52709078e-16 1.17720243e+01)
91              	3.85473025e+04	2.88108584e+02	(2.49641047e+02 -7.52794059e-16 1.17728190e+01)
92              	3.85418255e+04	2.88114838e+02	(2.49607443e+02 -7.52887055e-16 1.17733545e+01)
93              	3.85364416e+04	2.88120995e+02	(2.49573851e+02 -7.52973683e-16 1.17736727e+01)
94              	3.85311549e+04	2.88127056e+02	(2.49540148e+02 -7.53070922e-16 1.17737834e+01)
95              	3.85259571e+04	2.88133136e+02	(2.49506330e+02 -7.53159630e-16 1.17735273e+01)
96              	3.85208552e+04	2.88139198e+02	(2.49472585e+02 -7.53243958e-16 1.17730185e+01)
97              	3.85158584e+04	2.88145254e+02	(2.49438849e+02 -7.53312342e-16 1.17721360e+01)
98              	3.85109679e+04	2.88151080e+02	(2.49405282e+02 -7.53375663e-16 1.17709482e+01)
99              	3.85061861e+04	2.88156710e+02	(2.49371778e+02 -7.53432944e-16 1.17694616e+01)
100             	3.85014989e+04	2.88162172e+02	(2.49338547e+02 -7.53478896e-16 1.17676466e+01)
101             	3.84969119e+04	2.88167580e+02	(2.49305759e+02 -7.53492851e-16 1.17656182e+01)
102             	3.84924308e+04	2.88172783e+02	(2.49273236e+02 -7.53486884e-16 1.17634161e+01)
103             	3.84880566e+04	2.88177636e+02	(2.49241290e+02 -7.53503167e-16 1.17610343e+01)
104             	3.84837990e+04	2.88182475e+02	(2.49210020e+02 -7.53517774e-16 1.17584904e+01)
105             	3.84796575e+04	2.88187094e+02	(2.49179210e+02 -7.53515411e-16 1.17558441e+01)
106             	3.84756231e+04	2.88191422e+02	(2.49149000e+02 -7.53537266e-16 1.17531069e+01)
107             	3.84717024e+04	2.88195519e+02	(2.49119420e+02 -7.53589946e-16 1.17502926e+01)
108             	3.84679045e+04	2.88199400e+02	(2.49090549e+02 -7.53652796e-16 1.17474239e+01)
109             	3.84642337e+04	2.88203067e+02	(2.49062428e+02 -7.53706008e-16 1.17445375e+01)
110             	3.84606942e+04	2.88206520e+02	(2.49035091e+02 -7.53752272e-16 1.17416774e+01)
111             	3.84572882e+04	2.88209762e+02	(2.49008566e+02 -7.53797939e-16 1.17388846e+01)
112             	3.84540166e+04	2.88212802e+02	(2.48982887e+02 -7.53845173e-16 1.17361919e+01)
113             	3.84508781e+04	2.88215648e+02	(2.48958089e+02 -7.53898937e-16 1.17336208e+01)
114             	3.84478699e+04	2.88218310e+02	(2.48934196e+02 -7.53956009e-16 1.17311982e+01)
115             	3.84449899e+04	2.88220804e+02	(2.48911240e+02 -7.53989847e-16 1.17289447e+01)
116             	3.84422374e+04	2.88223141e+02	(2.48889252e+02 -7.54009371e-16 1.17268839e+01)
117             	3.84396119e+04	2.88225335e+02	(2.48868245e+02 -7.54029094e-16 1.17250294e+01)
118             	3.84371133e+04	2.88227397e+02	(2.48848235e+02 -7.54047845e-16 1.17233902e+01)
119             	3.84347421e+04	2.88229332e+02	(2.48829244e+02 -7.54068771e-16 1.17219742e+01)
120             	3.84325011e+04	2.88231145e+02	(2.48811296e+02 -7.54091377e-16 1.17207858e+01)
121             	3.84303934e+04	2.88232852e+02	(2.48794429e+02 -7.54112614e-16 1.17198248e+01)
122             	3.84284226e+04	2.88234455e+02	(2.48778674e+02 -7.54130470e-16 1.17190875e+01)
123             	3.84265929e+04	2.88235957e+02	(2.48764060e+02 -7.54144545e-16 1.17185655e+01)
124             	3.84249095e+04	2.88237361e+02	(2.48750626e+02 -7.54158530e-16 1.17182463e+01)
125             	3.84233824e+04	2.88238679e+02	(2.48738423e+02 -7.54172896e-16 1.17181174e+01)
126             	3.84220245e+04	2.88239932e+02	(2.48727539e+02 -7.54186305e-16 1.17181556e+01)
127             	3.84208373e+04	2.88241139e+02	(2.48717960e+02 -7.54203603e-16 1.17182901e+01)
128             	3.84198418e+04	2.88242111e+02	(2.48709932e+02 -7.54218053e-16 1.17186290e+01)
129             	3.84190415e+04	2.88243267e+02	(2.48703429e+02 -7.54231131e-16 1.17189914e+01)
130             	3.84184299e+04	2.88244500e+02	(2.48698517e+02 -7.54247581e-16 1.17193427e+01)
131             	3.84180351e+04	2.88245497e+02	(2.48695302e+02 -7.54271439e-16 1.17198110e+01)
132             	3.84178345e+04	2.88246613e+02	(2.48693525e+02 -7.54308025e-16 1.17202565e+01)
133             	3.84177840e+04	2.88247784e+02	(2.48693134e+02 -7.54343537e-16 1.17207205e+01)
134             	3.84179138e+04	2.88248800e+02	(2.48694170e+02 -7.54368563e-16 1.17214069e+01)
135             	3.84182445e+04	2.88249918e+02	(2.48696452e+02 -7.54384841e-16 1.17222347e+01)
136             	3.84188139e+04	2.88251034e+02	(2.48700418e+02 -7.54397161e-16 1.17232260e+01)
137             	3.84196552e+04	2.88252148e+02	(2.48705855e+02 -7.54414437e-16 1.17242151e+01)
138             	3.84207887e+04	2.88253244e+02	(2.48712988e+02 -7.54428145e-16 1.17251402e+01)
139             	3.84222153e+04	2.88254271e+02	(2.48721639e+02 -7.54437589e-16 1.17258812e+01)
140             	3.84239168e+04	2.88255225e+02	(2.48731958e+02 -7.54448606e-16 1.17263891e+01)
141             	3.84259307e+04	2.88256139e+02	(2.48744040e+02 -7.54458138e-16 1.17266701e+01)
142             	3.84282475e+04	2.88257016e+02	(2.48757677e+02 -7.54471997e-16 1.17267268e+01)
143             	3.84308375e+04	2.88257805e+02	(2.48773114e+02 -7.54488800e-16 1.17265719e+01)
144             	3.84337551e+04	2.88258600e+02	(2.48790453e+02 -7.54514252e-16 1.17262242e+01)
145             	3.84370001e+04	2.88259340e+02	(2.48809535e+02 -7.54542533e-16 1.17257076e+01)
146             	3.84405472e+04	2.88260082e+02	(2.48830630e+02 -7.54580139e-16 1.17250397e+01)
147             	3.84444057e+04	2.88260618e+02	(2.48853545e+02 -7.54629020e-16 1.17242418e+01)
148             	3.84485714e+04	2.88261210e+02	(2.48878458e+02 -7.54691012e-16 1.17233055e+01)
149             	3.84530437e+04	2.88261591e+02	(2.48905112e+02 -7.54761401e-16 1.17222703e+01)
150             	3.84578087e+04	2.88261982e+02	(2.48933499e+02 -7.54838689e-16 1.17211300e+01)
151             	3.84628629e+04	2.88262157e+02	(2.48963261e+02 -7.54918622e-16 1.17199105e+01)
152             	3.84681771e+04	2.88262188e+02	(2.48994454e+02 -7.54996120e-16 1.17186116e+01)
153             	3.84737698e+04	2.88262277e+02	(2.49026968e+02 -7.55084847e-16 1.17172274e+01)
154             	3.84796413e+04	2.88262152e+02	(2.49060580e+02 -7.55170893e-16 1.17157960e+01)
155             	3.84857450e+04	2.88261972e+02	(2.49095467e+02 -7.55251932e-16 1.17143091e+01)
156             	3.84920847e+04	2.88261550e+02	(2.49131589e+02 -7.55319386e-16 1.17128309e+01)
157             	3.84986375e+04	2.88261135e+02	(2.49169249e+02 -7.55385595e-16 1.17113374e+01)
158             	3.85053944e+04	2.88260446e+02	(2.49208272e+02 -7.55442605e-16 1.17099048e+01)
159             	3.85123213e+04	2.88259744e+02	(2.49248697e+02 -7.55495441e-16 1.17085328e+01)
160             	3.85193983e+04	2.88258805e+02	(2.49290266e+02 -7.55538716e-16 1.17073152e+01)
161             	3.85265917e+04	2.88257719e+02	(2.49333004e+02 -7.55562959e-16 1.17062699e+01)
162             	3.85338979e+04	2.88256677e+02	(2.49376734e+02 -7.55581673e-16 1.17053504e+01)
163             	3.85413027e+04	2.88255354e+02	(2.49421222e+02 -7.55574630e-16 1.17046262e+01)
164             	3.85487553e+04	2.88253947e+02	(2.49466488e+02 -7.55551283e-16 1.17040401e+01)
165             	3.85562493e+04	2.88252287e+02	(2.49512343e+02 -7.55521266e-16 1.17036769e+01)
166             	3.85637581e+04	2.88250574e+02	(2.49558723e+02 -7.55496247e-16 1.17034853e+01)
167             	3.85712679e+04	2.88248500e+02	(2.49605446e+02 -7.55463475e-16 1.17035666e+01)
168             	3.85787340e+04	2.88246300e+02	(2.49652394e+02 -7.55420581e-16 1.17038157e+01)
169             	3.85861434e+04	2.88243761e+02	(2.49699364e+02 -7.55364243e-16 1.17043381e+01)
170             	3.85934550e+04	2.88241075e+02	(2.49746188e+02 -7.55309446e-16 1.17050871e+01)
171             	3.86006485e+04	2.88238065e+02	(2.49792686e+02 -7.55268890e-16 1.17061719e+01)
172             	3.86076973e+04	2.88234947e+02	(2.49838748e+02 -7.55220084e-16 1.17074821e+01)
173             	3.86146009e+04	2.88231537e+02	(2.49884348e+02 -7.55191665e-16 1.17090627e+01)
174             	3.86213181e+04	2.88227950e+02	(2.49929358e+02 -7.55115812e-16 1.17109527e+01)
175             	3.86278531e+04	2.88224338e+02	(2.49973702e+02 -7.55085095e-16 1.17130413e+01)
176             	3.86341700e+04	2.88220316e+02	(2.50017157e+02 -7.55001710e-16 1.17153643e+01)
177             	3.86402212e+04	2.88216065e+02	(2.50059477e+02 -7.54889140e-16 1.17177468e+01)
178             	3.86459885e+04	2.88211544e+02	(2.50100545e+02 -7.54809690e-16 1.17202177e+01)
179             	3.86514630e+04	2.88206811e+02	(2.50140133e+02 -7.54773547e-16 1.17227323e+01)
180             	3.86566158e+04	2.88201908e+02	(2.50177902e+02 -7.54746526e-16 1.17251765e+01)
181             	3.86614372e+04	2.88196668e+02	(2.50213878e+02 -7.54719645e-16 1.17276507e+01)
182             	3.86659510e+04	2.88191338e+02	(2.50248032e+02 -7.54681077e-16 1.17301665e+01)
183             	3.86701592e+04	2.88186068e+02	(2.50280090e+02 -7.54629223e-16 1.17326644e+01)
184             	3.86740776e+04	2.88180443e+02	(2.50310116e+02 -7.54562171e-16 1.17352864e+01)
185             	3.86777024e+04	2.88174560e+02	(2.50337772e+02 -7.54472781e-16 1.17379974e+01)
186             	3.86810477e+04	2.88168652e+02	(2.50363154e+02 -7.54356595e-16 1.17409343e+01)
187             	3.86841225e+04	2.88162754e+02	(2.50386177e+02 -7.54243899e-16 1.17440852e+01)
188             	3.86868973e+04	2.88156841e+02	(2.50406666e+02 -7.54159763e-16 1.17473138e+01)
189             	3.86893660e+04	2.88150985e+02	(2.50424773e+02 -7.54075241e-16 1.17505877e+01)
190             	3.86915595e+04	2.88145385e+02	(2.50440676e+02 -7.53982518e-16 1.17537555e+01)
191             	3.86934556e+04	2.88140158e+02	(2.50454422e+02 -7.53883171e-16 1.17566015e+01)
192             	3.86950462e+04	2.88135047e+02	(2.50466272e+02 -7.53776248e-16 1.17591464e+01)
193             	3.86963222e+04	2.88130106e+02	(2.50476156e+02 -7.53678116e-16 1.17612963e+01)
194             	3.86972830e+04	2.88125542e+02	(2.50484339e+02 -7.53583570e-16 1.17631732e+01)
195             	3.86979385e+04	2.88121318e+02	(2.50490792e+02 -7.53491033e-16 1.17647964e+01)
196             	3.86982958e+04	2.88117367e+02	(2.50495534e+02 -7.53399184e-16 1.17661795e+01)
197             	3.86983650e+04	2.88113643e+02	(2.50498571e+02 -7.53312764e-16 1.17673380e+01)
198             	3.86981595e+04	2.88110122e+02	(2.50499936e+02 -7.53232643e-16 1.17682876e+01)
199             	3.86976902e+04	2.88106786e+02	(2.50499624e+02 -7.53157476e-16 1.17690347e+01)
200             	3.86969666e+04	2.88103589e+02	(2.50497637e+02 -7.53084845e-16 1.17695717e+01)
201             	3.86959968e+04	2.88100501e+02	(2.50493942e+02 -7.53009579e-16 1.17698708e+01)
202             	3.86947865e+04	2.88097505e+02	(2.50488529e+02 -7.52939097e-16 1.17699121e+01)
203             	3.86933413e+04	2.88094601e+02	(2.50481387e+02 -7.52871762e-16 1.17696758e+01)
204             	3.86916665e+04	2.88091793e+02	(2.50472517e+02 -7.52806407e-16 1.17691431e+01)
205             	3.86897662e+04	2.88089082e+02	(2.50461939e+02 -7.52742218e-16 1.17683026e+01)
206             	3.86876459e+04	2.88086473e+02	(2.50449694e+02 -7.52680523e-16 1.17671543e+01)
207             	3.86853108e+04	2.88083968e+02	(2.50435824e+02 -7.52624123e-16 1.17656985e+01)
208             	3.86827656e+04	2.88081578e+02	(2.50420399e+02 -7.52577312e-16 1.17639398e+01)
209             	3.86800150e+04	2.88079302e+02	(2.50403507e+02 -7.52537378e-16 1.17618858e+01)
210             	3.86770683e+04	2.88077146e+02	(2.50385266e+02 -7.52499164e-16 1.17595813e+01)
211             	3.86739174e+04	2.88074976e+02	(2.50365636e+02 -7.52462470e-16 1.17569517e+01)
212             	3.86705842e+04	2.88073055e+02	(2.50344929e+02 -7.52432687e-16 1.17540737e+01)
213             	3.86670997e+04	2.88071373e+02	(2.50322950e+02 -7.52414353e-16 1.17509943e+01)
214             	3.86634199e+04	2.88069781e+02	(2.50299703e+02 -7.52395376e-16 1.17476347e+01)
215             	3.86595617e+04	2.88068420e+02	(2.50275543e+02 -7.52387788e-16 1.17440638e+01)
216             	3.86555587e+04	2.88067419e+02	(2.50250199e+02 -7.52387562e-16 1.17403293e+01)
217             	3.86513591e+04	2.88066540e+02	(2.50223650e+02 -7.52378489e-16 1.17363829e+01)
218             	3.86469710e+04	2.88065911e+02	(2.50196273e+02 -7.52373520e-16 1.17323353e+01)
219             	3.86424241e+04	2.88065467e+02	(2.50167765e+02 -7.52372267e-16 1.17281413e+01)
220             	3.86377229e+04	2.88065409e+02	(2.50138383e+02 -7.52373938e-16 1.17238374e+01)
221             	3.86328748e+04	2.88065553e+02	(2.50108027e+02 -7.52379521e-16 1.17194641e+01)
222             	3.86278801e+04	2.88065766e+02	(2.50076615e+02 -7.52381172e-16 1.17149792e+01)
223             	3.86227568e+04	2.88066373e+02	(2.50044378e+02 -7.52389491e-16 1.17103970e+01)
224             	3.86175317e+04	2.88067256e+02	(2.50011077e+02 -7.52406852e-16 1.17057326e+01)
225             	3.86121733e+04	2.88068097e+02	(2.49976684e+02 -7.52419180e-16 1.17009739e+01)
226             	3.86066981e+04	2.88069274e+02	(2.49941500e+02 -7.52442161e-16 1.16961178e+01)
227             	3.86011485e+04	2.88070785e+02	(2.49905239e+02 -7.52474405e-16 1.16911707e+01)
228             	3.85954871e+04	2.88072156e+02	(2.49867918e+02 -7.52496636e-16 1.16861561e+01)
229             	3.85897145e+04	2.88073788e+02	(2.49829883e+02 -7.52531713e-16 1.16810758e+01)
230             	3.85838754e+04	2.88075563e+02	(2.49790873e+02 -7.52570746e-16 1.16759780e+01)
231             	3.85779652e+04	2.88077546e+02	(2.49751042e+02 -7.52612767e-16 1.16708240e+01)
232             	3.85719967e+04	2.88079420e+02	(2.49710373e+02 -7.52646405e-16 1.16656965e+01)
233             	3.85659922e+04	2.88081621e+02	(2.49669210e+02 -7.52679727e-16 1.16605613e+01)
234             	3.85599736e+04	2.88084007e+02	(2.49627507e+02 -7.52718316e-16 1.16554552e+01)
235             	3.85539214e+04	2.88086147e+02	(2.49585380e+02 -7.52746771e-16 1.16505111e+01)
236             	3.85478621e+04	2.88088598e+02	(2.49543129e+02 -7.52783824e-16 1.16456422e+01)
237             	3.85418260e+04	2.88091311e+02	(2.49500614e+02 -7.52838826e-16 1.16408346e+01)
238             	3.85357916e+04	2.88093800e+02	(2.49458087e+02 -7.52883882e-16 1.16362134e+01)
239             	3.85297616e+04	2.88096623e+02	(2.49415943e+02 -7.52936339e-16 1.16316622e+01)
240             	3.85237753e+04	2.88099492e+02	(2.49374069e+02 -7.52990586e-16 1.16272925e+01)
241             	3.85178385e+04	2.88102574e+02	(2.49332441e+02 -7.53044250e-16 1.16229929e+01)
242             	3.85119586e+04	2.88105797e+02	(2.49291124e+02 -7.53102661e-16 1.16187586e+01)
243             	3.85061566e+04	2.88108929e+02	(2.49250240e+02 -7.53166490e-16 1.16147319e+01)
244             	3.85004553e+04	2.88112416e+02	(2.49209949e+02 -7.53227791e-16 1.16107675e+01)
245             	3.84948655e+04	2.88116112e+02	(2.49170133e+02 -7.53293093e-16 1.16068569e+01)
246             	3.84893885e+04	2.88119614e+02	(2.49131174e+02 -7.53323295e-16 1.16031900e+01)
247             	3.84840424e+04	2.88123536e+02	(2.49093136e+02 -7.53350575e-16 1.15995999e+01)
248             	3.84788412e+04	2.88127688e+02	(2.49055972e+02 -7.53376007e-16 1.15960797e+01)
249             	3.84737812e+04	2.88131552e+02	(2.49019934e+02 -7.53355399e-16 1.15928589e+01)
250             	3.84688714e+04	2.88135791e+02	(2.48985091e+02 -7.53323047e-16 1.15897174e+01)
251             	3.84641486e+04	2.88140162e+02	(2.48951635e+02 -7.53301156e-16 1.15867968e+01)
252             	3.84596194e+04	2.88144684e+02	(2.48919620e+02 -7.53270846e-16 1.15839325e+01)
253             	3.84552551e+04	2.88149224e+02	(2.48888895e+02 -7.53261500e-16 1.15811205e+01)
254             	3.84510624e+04	2.88153609e+02	(2.48859624e+02 -7.53290874e-16 1.15785481e+01)
255             	3.84470700e+04	2.88158181e+02	(2.48831940e+02 -7.53340557e-16 1.15760261e+01)
256             	3.84432716e+04	2.88162780e+02	(2.48805745e+02 -7.53394466e-16 1.15735457e+01)
257             	3.84396825e+04	2.88167098e+02	(2.48781222e+02 -7.53426958e-16 1.15713149e+01)
258             	3.84363146e+04	2.88171618e+02	(2.48758311e+02 -7.53465327e-16 1.15691716e+01)
259             	3.84331647e+04	2.88176131e+02	(2.48736899e+02 -7.53519368e-16 1.15670946e+01)
260             	3.84302560e+04	2.88180275e+02	(2.48717159e+02 -7.53577056e-16 1.15652943e+01)
261             	3.84275974e+04	2.88184588e+02	(2.48699030e+02 -7.53648726e-16 1.15635963e+01)
262             	3.84251774e+04	2.88188857e+02	(2.48682446e+02 -7.53712358e-16 1.15619518e+01)
263             	3.84230242e+04	2.88192760e+02	(2.48667583e+02 -7.53734321e-16 1.15605561e+01)
264             	3.84211430e+04	2.88196793e+02	(2.48654364e+02 -7.53753854e-16 1.15592463e+01)
265             	3.84195124e+04	2.88200763e+02	(2.48642845e+02 -7.53776620e-16 1.15579652e+01)
266             	3.84181657e+04	2.88204414e+02	(2.48633213e+02 -7.53795891e-16 1.15568937e+01)
267             	3.84170964e+04	2.88208155e+02	(2.48625296e+02 -7.53823684e-16 1.15558692e+01)
268             	3.84162748e+04	2.88211814e+02	(2.48619268e+02 -7.53864236e-16 1.15548464e+01)
269             	3.84157438e+04	2.88215209e+02	(2.48615277e+02 -7.53904796e-16 1.15540169e+01)
270             	3.84154999e+04	2.88218685e+02	(2.48613097e+02 -7.53949033e-16 1.15532460e+01)
271             	3.84155356e+04	2.88222199e+02	(2.48613036e+02 -7.53995623e-16 1.15526635e+01)
272             	3.84158142e+04	2.88225514e+02	(2.48614665e+02 -7.54054271e-16 1.15522045e+01)
273             	3.84162924e+04	2.88228725e+02	(2.48617898e+02 -7.54098647e-16 1.15519322e+01)
274             	3.84170002e+04	2.88231946e+02	(2.48622915e+02 -7.54126633e-16 1.15520574e+01)
275             	3.84179466e+04	2.88235077e+02	(2.48629533e+02 -7.54149446e-16 1.15524903e+01)
276             	3.84191230e+04	2.88238075e+02	(2.48637957e+02 -7.54166664e-16 1.15531547e+01)
277             	3.84205733e+04	2.88240988e+02	(2.48648246e+02 -7.54176010e-16 1.15541078e+01)
278             	3.84222789e+04	2.88243829e+02	(2.48660095e+02 -7.54189972e-16 1.15551701e+01)
279             	3.84242186e+04	2.88246674e+02	(2.48673872e+02 -7.54204095e-16 1.15564229e+01)
280             	3.84263821e+04	2.88249232e+02	(2.48689273e+02 -7.54219191e-16 1.15577990e+01)
281             	3.84287512e+04	2.88251676e+02	(2.48706379e+02 -7.54231903e-16 1.15592994e+01)
282             	3.84313389e+04	2.88254147e+02	(2.48725168e+02 -7.54247586e-16 1.15610499e+01)
283             	3.84341303e+04	2.88256360e+02	(2.48745243e+02 -7.54264642e-16 1.15629539e+01)
284             	3.84371132e+04	2.88258588e+02	(2.48766824e+02 -7.54283183e-16 1.15650984e+01)
285             	3.84402809e+04	2.88260509e+02	(2.48789436e+02 -7.54302339e-16 1.15674439e+01)
286             	3.84436188e+04	2.88262258e+02	(2.48813186e+02 -7.54323259e-16 1.15699587e+01)
287             	3.84471454e+04	2.88264016e+02	(2.48838067e+02 -7.54351958e-16 1.15726999e+01)
288             	3.84508480e+04	2.88265473e+02	(2.48863724e+02 -7.54376585e-16 1.15755816e+01)
289             	3.84547064e+04	2.88266884e+02	(2.48890503e+02 -7.54409823e-16 1.15786613e+01)
290             	3.84587205e+04	2.88267892e+02	(2.48918109e+02 -7.54444683e-16 1.15818845e+01)
291             	3.84628748e+04	2.88268937e+02	(2.48946797e+02 -7.54483045e-16 1.15852877e+01)
292             	3.84671630e+04	2.88269619e+02	(2.48976342e+02 -7.54515650e-16 1.15888475e+01)
293             	3.84715675e+04	2.88270356e+02	(2.49007002e+02 -7.54557745e-16 1.15926102e+01)
294             	3.84760799e+04	2.88270791e+02	(2.49038528e+02 -7.54594698e-16 1.15965917e+01)
295             	3.84806809e+04	2.88271033e+02	(2.49071187e+02 -7.54631375e-16 1.16007558e+01)
296             	3.84853841e+04	2.88271372e+02	(2.49105056e+02 -7.54675191e-16 1.16050917e+01)
297             	3.84901867e+04	2.88271420e+02	(2.49139700e+02 -7.54712160e-16 1.16095853e+01)
298             	3.84950522e+04	2.88271441e+02	(2.49175353e+02 -7.54751820e-16 1.16142324e+01)
299             	3.84999917e+04	2.88271089e+02	(2.49211704e+02 -7.54781232e-16 1.16190496e+01)
300             	3.85049852e+04	2.88270832e+02	(2.49248746e+02 -7.54817703e-16 1.16239951e+01)
301             	3.85100285e+04	2.88270186e+02	(2.49286144e+02 -7.54836578e-16 1.16290748e+01)
302             	3.85150961e+04	2.88269551e+02	(2.49323983e+02 -7.54849011e-16 1.16342178e+01)
303             	3.85201798e+04	2.88268614e+02	(2.49362018e+02 -7.54837271e-16 1.16394678e+01)
304             	3.85252654e+04	2.88267544e+02	(2.49400326e+02 -7.54815745e-16 1.16447917e+01)
305             	3.85303614e+04	2.88266627e+02	(2.49438753e+02 -7.54803190e-16 1.16500769e+01)
306             	3.85354777e+04	2.88265383e+02	(2.49477062e+02 -7.54778245e-16 1.16553861e+01)
307             	3.85405924e+04	2.88264152e+02	(2.49515376e+02 -7.54753961e-16 1.16606501e+01)
308             	3.85457003e+04	2.88262638e+02	(2.49553523e+02 -7.54737844e-16 1.16659087e+01)
309             	3.85507901e+04	2.88260985e+02	(2.49591445e+02 -7.54727052e-16 1.16710996e+01)
310             	3.85558479e+04	2.88259440e+02	(2.49628998e+02 -7.54726599e-16 1.16761058e+01)
311             	3.85608590e+04	2.88257520e+02	(2.49666040e+02 -7.54725746e-16 1.16810564e+01)
312             	3.85658157e+04	2.88255339e+02	(2.49702685e+02 -7.54711690e-16 1.16859466e+01)
313             	3.85707182e+04	2.88253299e+02	(2.49738754e+02 -7.54700478e-16 1.16906154e+01)
314             	3.85755696e+04	2.88250877e+02	(2.49774132e+02 -7.54665053e-16 1.16951928e+01)
315             	3.85803407e+04	2.88248309e+02	(2.49808824e+02 -7.54645725e-16 1.16995247e+01)
316             	3.85850245e+04	2.88245453e+02	(2.49842737e+02 -7.54621929e-16 1.17037237e+01)
317             	3.85896156e+04	2.88242463e+02	(2.49875815e+02 -7.54613489e-16 1.17077647e+01)
318             	3.85940968e+04	2.88239511e+02	(2.49907962e+02 -7.54636714e-16 1.17114504e+01)
319             	3.85984645e+04	2.88236218e+02	(2.49939187e+02 -7.54653761e-16 1.17149302e+01)
320             	3.86027291e+04	2.88232708e+02	(2.49969552e+02 -7.54669606e-16 1.17181613e+01)
321             	3.86068746e+04	2.88229276e+02	(2.49998867e+02 -7.54694035e-16 1.17210047e+01)
322             	3.86108965e+04	2.88225458e+02	(2.50027126e+02 -7.54715165e-16 1.17236164e+01)
323             	3.86147875e+04	2.88221387e+02	(2.50054263e+02 -7.54703501e-16 1.17259921e+01)
324             	3.86185204e+04	2.88217440e+02	(2.50080103e+02 -7.54670488e-16 1.17279497e+01)
325             	3.86220827e+04	2.88213199e+02	(2.50104624e+02 -7.54623082e-16 1.17296858e+01)
326             	3.86254504e+04	2.88208789e+02	(2.50127651e+02 -7.54580331e-16 1.17310615e+01)
327             	3.86286211e+04	2.88204272e+02	(2.50149220e+02 -7.54525733e-16 1.17322200e+01)
328             	3.86316117e+04	2.88199660e+02	(2.50169269e+02 -7.54457487e-16 1.17331878e+01)
329             	3.86344138e+04	2.88194989e+02	(2.50187717e+02 -7.54421213e-16 1.17337892e+01)
330             	3.86370361e+04	2.88190201e+02	(2.50204618e+02 -7.54375083e-16 1.17341871e+01)
331             	3.86394851e+04	2.88185405e+02	(2.50219896e+02 -7.54311692e-16 1.17344979e+01)
332             	3.86417384e+04	2.88180716e+02	(2.50233404e+02 -7.54251997e-16 1.17345291e+01)
333             	3.86438075e+04	2.88175927e+02	(2.50245288e+02 -7.54191882e-16 1.17344384e+01)
334             	3.86456884e+04	2.88171090e+02	(2.50255418e+02 -7.54130602e-16 1.17340358e+01)
335             	3.86473795e+04	2.88166483e+02	(2.50263983e+02 -7.54057204e-16 1.17334184e+01)
336             	3.86488912e+04	2.88162025e+02	(2.50270924e+02 -7.53996384e-16 1.17326060e+01)
337             	3.86502041e+04	2.88157635e+02	(2.50276162e+02 -7.53947599e-16 1.17314237e+01)
338             	3.86513232e+04	2.88153346e+02	(2.50279858e+02 -7.53899566e-16 1.17300442e+01)
339             	3.86522645e+04	2.88149208e+02	(2.50281942e+02 -7.53850715e-16 1.17285203e+01)
340             	3.86529993e+04	2.88145238e+02	(2.50282415e+02 -7.53805837e-16 1.17266922e+01)
341             	3.86535375e+04	2.88141304e+02	(2.50281576e+02 -7.53756449e-16 1.17247436e+01)
342             	3.86538778e+04	2.88137384e+02	(2.50279239e+02 -7.53705094e-16 1.17225347e+01)
343             	3.86540192e+04	2.88133755e+02	(2.50275725e+02 -7.53655750e-16 1.17201801e+01)
344             	3.86539692e+04	2.88130309e+02	(2.50271049e+02 -7.53605405e-16 1.17177093e+01)
345             	3.86537124e+04	2.88126920e+02	(2.50265241e+02 -7.53558020e-16 1.17149987e+01)
346             	3.86532589e+04	2.88123768e+02	(2.50258595e+02 -7.53509322e-16 1.17121842e+01)
347             	3.86526086e+04	2.88120695e+02	(2.50250938e+02 -7.53463623e-16 1.17091636e+01)
348             	3.86517639e+04	2.88117972e+02	(2.50242469e+02 -7.53418368e-16 1.17060128e+01)
349             	3.86507393e+04	2.88115445e+02	(2.50233059e+02 -7.53376009e-16 1.17027696e+01)
350             	3.86495149e+04	2.88112926e+02	(2.50222643e+02 -7.53327870e-16 1.16993286e+01)
351             	3.86481046e+04	2.88110618e+02	(2.50211451e+02 -7.53277955e-16 1.16958032e+01)
352             	3.86465137e+04	2.88108329e+02	(2.50199196e+02 -7.53225339e-16 1.16921118e+01)
353             	3.86447477e+04	2.88106337e+02	(2.50186098e+02 -7.53175387e-16 1.16883243e+01)
354             	3.86428190e+04	2.88104474e+02	(2.50171975e+02 -7.53124968e-16 1.16844821e+01)
355             	3.86407099e+04	2.88102549e+02	(2.50156785e+02 -7.53066419e-16 1.16805001e+01)
356             	3.86384331e+04	2.88100842e+02	(2.50140803e+02 -7.53013757e-16 1.16764775e+01)
357             	3.86359984e+04	2.88099085e+02	(2.50123760e+02 -7.52961689e-16 1.16723550e+01)
358             	3.86334070e+04	2.88097591e+02	(2.50105912e+02 -7.52918539e-16 1.16681924e+01)
359             	3.86306665e+04	2.88095956e+02	(2.50087048e+02 -7.52876482e-16 1.16639317e+01)
360             	3.86277845e+04	2.88094578e+02	(2.50067396e+02 -7.52843128e-16 1.16596208e+01)
361             	3.86247677e+04	2.88093076e+02	(2.50046727e+02 -7.52808729e-16 1.16552151e+01)
362             	3.86216157e+04	2.88091833e+02	(2.50025296e+02 -7.52787267e-16 1.16507550e+01)
363             	3.86183384e+04	2.88090457e+02	(2.50002864e+02 -7.52768554e-16 1.16462036e+01)
364             	3.86149360e+04	2.88089388e+02	(2.49979635e+02 -7.52764656e-16 1.16415851e+01)
365             	3.86114193e+04	2.88088199e+02	(2.49955431e+02 -7.52760310e-16 1.16368871e+01)
366             	3.86077902e+04	2.88087326e+02	(2.49930483e+02 -7.52768522e-16 1.16321204e+01)
367             	3.86040638e+04	2.88086365e+02	(2.49904611e+02 -7.52772993e-16 1.16272841e+01)
368             	3.86002420e+04	2.88085770e+02	(2.49878043e+02 -7.52784677e-16 1.16223817e+01)
369             	3.85963403e+04	2.88085117e+02	(2.49850628e+02 -7.52789400e-16 1.16174327e+01)
370             	3.85923608e+04	2.88084863e+02	(2.49822597e+02 -7.52804412e-16 1.16124364e+01)
371             	3.85883195e+04	2.88084587e+02	(2.49793832e+02 -7.52810306e-16 1.16074389e+01)
372             	3.85842192e+04	2.88084709e+02	(2.49764548e+02 -7.52832541e-16 1.16024219e+01)
373             	3.85800774e+04	2.88084797e+02	(2.49734693e+02 -7.52846701e-16 1.15974456e+01)
374             	3.85758918e+04	2.88085278e+02	(2.49704461e+02 -7.52873108e-16 1.15924933e+01)
375             	3.85716795e+04	2.88085770e+02	(2.49673801e+02 -7.52896175e-16 1.15876458e+01)
376             	3.85674368e+04	2.88086621e+02	(2.49642882e+02 -7.52931934e-16 1.15828583e+01)
377             	3.85631827e+04	2.88087500e+02	(2.49611723e+02 -7.52964199e-16 1.15782123e+01)
378             	3.85589150e+04	2.88088763e+02	(2.49580509e+02 -7.52999729e-16 1.15736384e+01)
379             	3.85546555e+04	2.88090071e+02	(2.49549320e+02 -7.53029170e-16 1.15692327e+01)
380             	3.85504083e+04	2.88091679e+02	(2.49518466e+02 -7.53068090e-16 1.15649280e+01)
381             	3.85461850e+04	2.88093467e+02	(2.49487762e+02 -7.53110949e-16 1.15607547e+01)
382             	3.85419840e+04	2.88095104e+02	(2.49457312e+02 -7.53145583e-16 1.15568329e+01)
383             	3.85378217e+04	2.88097059e+02	(2.49427392e+02 -7.53181290e-16 1.15530242e+01)
384             	3.85337123e+04	2.88099260e+02	(2.49397865e+02 -7.53220647e-16 1.15493224e+01)
385             	3.85296529e+04	2.88101280e+02	(2.49368815e+02 -7.53249791e-16 1.15458590e+01)
386             	3.85256447e+04	2.88103574e+02	(2.49340293e+02 -7.53291667e-16 1.15425038e+01)
387             	3.85217132e+04	2.88105965e+02	(2.49312281e+02 -7.53326412e-16 1.15393704e+01)
388             	3.85178623e+04	2.88108501e+02	(2.49284885e+02 -7.53368088e-16 1.15363431e+01)
389             	3.85140871e+04	2.88111086e+02	(2.49258133e+02 -7.53408777e-16 1.15334346e+01)
390             	3.85103937e+04	2.88113627e+02	(2.49232148e+02 -7.53428747e-16 1.15308019e+01)
391             	3.85067855e+04	2.88116430e+02	(2.49207035e+02 -7.53440903e-16 1.15283247e+01)
392             	3.85032567e+04	2.88119356e+02	(2.49182676e+02 -7.53444053e-16 1.15260045e+01)
393             	3.84997993e+04	2.88122128e+02	(2.49159181e+02 -7.53414690e-16 1.15240504e+01)
394             	3.84964235e+04	2.88125157e+02	(2.49136589e+02 -7.53380948e-16 1.15223109e+01)
395             	3.84931366e+04	2.88128346e+02	(2.49114820e+02 -7.53373149e-16 1.15207465e+01)
396             	3.84899502e+04	2.88131380e+02	(2.49093948e+02 -7.53367612e-16 1.15195463e+01)
397             	3.84868796e+04	2.88134634e+02	(2.49074083e+02 -7.53352429e-16 1.15185519e+01)
398             	3.84839234e+04	2.88137979e+02	(2.49055107e+02 -7.53327657e-16 1.15176947e+01)
399             	3.84810873e+04	2.88141135e+02	(2.49037028e+02 -7.53308962e-16 1.15171765e+01)
400             	3.84783613e+04	2.88144462e+02	(2.49019788e+02 -7.53329371e-16 1.15167674e+01)
401             	3.84757690e+04	2.88147841e+02	(2.49003533e+02 -7.53353134e-16 1.15165906e+01)
402             	3.84733147e+04	2.88151202e+02	(2.48988213e+02 -7.53384035e-16 1.15165042e+01)
403             	3.84710041e+04	2.88154535e+02	(2.48973906e+02 -7.53419293e-16 1.15165449e+01)
404             	3.84688416e+04	2.88157818e+02	(2.48960581e+02 -7.53455722e-16 1.15167410e+01)
405             	3.84668321e+04	2.88161054e+02	(2.48948269e+02 -7.53495336e-16 1.15171128e+01)
406             	3.84649789e+04	2.88164245e+02	(2.48936988e+02 -7.53542890e-16 1.15176692e+01)
407             	3.84632831e+04	2.88167385e+02	(2.48926773e+02 -7.53582708e-16 1.15184204e+01)
408             	3.84617442e+04	2.88170473e+02	(2.48917645e+02 -7.53605389e-16 1.15193806e+01)
409             	3.84603608e+04	2.88173522e+02	(2.48909629e+02 -7.53632573e-16 1.15205532e+01)
410             	3.84591332e+04	2.88176527e+02	(2.48902744e+02 -7.53671695e-16 1.15219350e+01)
411             	3.84580645e+04	2.88179488e+02	(2.48897007e+02 -7.53706784e-16 1.15235154e+01)
412             	3.84571533e+04	2.88182407e+02	(2.48892450e+02 -7.53738891e-16 1.15252403e+01)
413             	3.84564229e+04	2.88185362e+02	(2.48889186e+02 -7.53772648e-16 1.15272149e+01)
414             	3.84558618e+04	2.88188252e+02	(2.48887044e+02 -7.53814285e-16 1.15293088e+01)
415             	3.84554434e+04	2.88191054e+02	(2.48886077e+02 -7.53853191e-16 1.15314785e+01)
416             	3.84551831e+04	2.88193793e+02	(2.48886308e+02 -7.53881004e-16 1.15338689e+01)
417             	3.84550573e+04	2.88196541e+02	(2.48887491e+02 -7.53900216e-16 1.15363883e+01)
418             	3.84550614e+04	2.88199325e+02	(2.48889832e+02 -7.53913051e-16 1.15391602e+01)
419             	3.84552092e+04	2.88201892e+02	(2.48893243e+02 -7.53924363e-16 1.15421294e+01)
420             	3.84555045e+04	2.88204385e+02	(2.48897777e+02 -7.53940729e-16 1.15452302e+01)
421             	3.84559671e+04	2.88206935e+02	(2.48903470e+02 -7.53959815e-16 1.15485202e+01)
422             	3.84565875e+04	2.88209325e+02	(2.48910114e+02 -7.53973640e-16 1.15518755e+01)
423             	3.84573457e+04	2.88211616e+02	(2.48917824e+02 -7.53992847e-16 1.15552384e+01)
424             	3.84582638e+04	2.88213942e+02	(2.48926568e+02 -7.54019523e-16 1.15586765e+01)
425             	3.84593288e+04	2.88216168e+02	(2.48936030e+02 -7.54046974e-16 1.15620960e+01)
426             	3.84605328e+04	2.88218428e+02	(2.48946425e+02 -7.54076402e-16 1.15655697e+01)
427             	3.84618750e+04	2.88220437e+02	(2.48957558e+02 -7.54108592e-16 1.15690384e+01)
428             	3.84633545e+04	2.88222613e+02	(2.48969580e+02 -7.54140461e-16 1.15725711e+01)
429             	3.84649628e+04	2.88224568e+02	(2.48982308e+02 -7.54163624e-16 1.15760979e+01)
430             	3.84666984e+04	2.88226578e+02	(2.48995924e+02 -7.54191491e-16 1.15796648e+01)
431             	3.84685625e+04	2.88228322e+02	(2.49010229e+02 -7.54212443e-16 1.15832219e+01)
432             	3.84705467e+04	2.88230162e+02	(2.49025402e+02 -7.54237376e-16 1.15868164e+01)
433             	3.84726476e+04	2.88231695e+02	(2.49041251e+02 -7.54257087e-16 1.15904061e+01)
434             	3.84748601e+04	2.88233265e+02	(2.49057911e+02 -7.54282245e-16 1.15940409e+01)
435             	3.84771827e+04	2.88234521e+02	(2.49075211e+02 -7.54298150e-16 1.15976912e+01)
436             	3.84796067e+04	2.88235799e+02	(2.49093317e+02 -7.54318405e-16 1.16013706e+01)
437             	3.84821315e+04	2.88236764e+02	(2.49112076e+02 -7.54334198e-16 1.16050596e+01)
438             	3.84847482e+04	2.88237821e+02	(2.49131670e+02 -7.54351668e-16 1.16087750e+01)
439             	3.84874568e+04	2.88238595e+02	(2.49151968e+02 -7.54361388e-16 1.16125036e+01)
440             	3.84902441e+04	2.88239422e+02	(2.49173041e+02 -7.54380014e-16 1.16162299e+01)
441             	3.84931100e+04	2.88239968e+02	(2.49194682e+02 -7.54390948e-16 1.16199453e+01)
442             	3.84960407e+04	2.88240615e+02	(2.49216993e+02 -7.54407978e-16 1.16236255e+01)
443             	3.84990385e+04	2.88240982e+02	(2.49239765e+02 -7.54416858e-16 1.16272803e+01)
444             	3.85020882e+04	2.88241421e+02	(2.49262984e+02 -7.54432853e-16 1.16308688e+01)
445             	3.85051959e+04	2.88241558e+02	(2.49286473e+02 -7.54438732e-16 1.16344007e+01)
446             	3.85083476e+04	2.88241770e+02	(2.49310303e+02 -7.54448232e-16 1.16378281e+01)
447             	3.85115488e+04	2.88241706e+02	(2.49334322e+02 -7.54450788e-16 1.16411884e+01)
448             	3.85147914e+04	2.88241727e+02	(2.49358570e+02 -7.54458803e-16 1.16444266e+01)
449             	3.85180820e+04	2.88241477e+02	(2.49382891e+02 -7.54468888e-16 1.16475868e+01)
450             	3.85214018e+04	2.88241300e+02	(2.49407292e+02 -7.54484858e-16 1.16505659e+01)
451             	3.85247508e+04	2.88240860e+02	(2.49431632e+02 -7.54491669e-16 1.16534349e+01)
452             	3.85281136e+04	2.88240505e+02	(2.49455941e+02 -7.54500731e-16 1.16561208e+01)
453             	3.85314848e+04	2.88239924e+02	(2.49480078e+02 -7.54505493e-16 1.16587129e+01)
454             	3.85348594e+04	2.88239223e+02	(2.49504114e+02 -7.54506676e-16 1.16612104e+01)
455             	3.85382388e+04	2.88238614e+02	(2.49527959e+02 -7.54515013e-16 1.16635043e+01)
456             	3.85416247e+04	2.88237756e+02	(2.49551535e+02 -7.54523379e-16 1.16656989e+01)
457             	3.85449999e+04	2.88236885e+02	(2.49574912e+02 -7.54533765e-16 1.16676915e+01)
458             	3.85483713e+04	2.88235777e+02	(2.49598041e+02 -7.54537280e-16 1.16695722e+01)
459             	3.85517297e+04	2.88234664e+02	(2.49620889e+02 -7.54537476e-16 1.16712233e+01)
460             	3.85550763e+04	2.88233263e+02	(2.49643465e+02 -7.54522787e-16 1.16727387e+01)
461             	3.85583961e+04	2.88231840e+02	(2.49665752e+02 -7.54509086e-16 1.16739906e+01)
462             	3.85616831e+04	2.88230188e+02	(2.49687683e+02 -7.54498799e-16 1.16750767e+01)
463             	3.85649373e+04	2.88228376e+02	(2.49709320e+02 -7.54488633e-16 1.16760071e+01)
464             	3.85681446e+04	2.88226575e+02	(2.49730552e+02 -7.54486454e-16 1.16766374e+01)
465             	3.85713018e+04	2.88224512e+02	(2.49751323e+02 -7.54490225e-16 1.16771189e+01)
466             	3.85743881e+04	2.88222338e+02	(2.49771614e+02 -7.54514486e-16 1.16773774e+01)
467             	3.85774081e+04	2.88219965e+02	(2.49791434e+02 -7.54526470e-16 1.16775089e+01)
468             	3.85803616e+04	2.88217441e+02	(2.49810667e+02 -7.54532373e-16 1.16775270e+01)
469             	3.85832337e+04	2.88214856e+02	(2.49829189e+02 -7.54539102e-16 1.16773048e+01)
470             	3.85860321e+04	2.88212041e+02	(2.49846981e+02 -7.54542830e-16 1.16769851e+01)
471             	3.85887351e+04	2.88209088e+02	(2.49863915e+02 -7.54551327e-16 1.16764551e+01)
472             	3.85913409e+04	2.88206034e+02	(2.49880025e+02 -7.54569816e-16 1.16758214e+01)
473             	3.85938564e+04	2.88202902e+02	(2.49895311e+02 -7.54573322e-16 1.16751241e+01)
474             	3.85962612e+04	2.88199723e+02	(2.49909671e+02 -7.54565615e-16 1.16742397e+01)
475             	3.85985491e+04	2.88196409e+02	(2.49923078e+02 -7.54531040e-16 1.16733177e+01)
476             	3.86007027e+04	2.88193001e+02	(2.49935436e+02 -7.54484785e-16 1.16722339e+01)
477             	3.86027180e+04	2.88189651e+02	(2.49946789e+02 -7.54433013e-16 1.16710615e+01)
478             	3.86046089e+04	2.88186333e+02	(2.49957127e+02 -7.54372161e-16 1.16697981e+01)
479             	3.86063673e+04	2.88183022e+02	(2.49966399e+02 -7.54310729e-16 1.16683094e+01)
480             	3.86080034e+04	2.88179704e+02	(2.49974707e+02 -7.54260445e-16 1.16667522e+01)
481             	3.86095178e+04	2.88176350e+02	(2.49982016e+02 -7.54225385e-16 1.16650147e+01)
482             	3.86109157e+04	2.88173152e+02	(2.49988466e+02 -7.54182388e-16 1.16632081e+01)
483             	3.86122068e+04	2.88170018e+02	(2.49994067e+02 -7.54144209e-16 1.16613740e+01)
484             	3.86133698e+04	2.88166884e+02	(2.49998800e+02 -7.54104954e-16 1.16594253e+01)
485             	3.86144052e+04	2.88163797e+02	(2.50002794e+02 -7.54057399e-16 1.16574810e+01)
486             	3.86153085e+04	2.88160687e+02	(2.50005975e+02 -7.54012302e-16 1.16554272e+01)
487             	3.86160814e+04	2.88157744e+02	(2.50008467e+02 -7.53966503e-16 1.16533401e+01)
488             	3.86167316e+04	2.88154870e+02	(2.50010220e+02 -7.53918515e-16 1.16512431e+01)
489             	3.86172484e+04	2.88151973e+02	(2.50011191e+02 -7.53871457e-16 1.16490373e+01)
490             	3.86176391e+04	2.88149178e+02	(2.50011482e+02 -7.53826149e-16 1.16468294e+01)
491             	3.86179005e+04	2.88146362e+02	(2.50010948e+02 -7.53779432e-16 1.16445350e+01)
492             	3.86180356e+04	2.88143740e+02	(2.50009695e+02 -7.53736678e-16 1.16422559e+01)
493             	3.86180420e+04	2.88141068e+02	(2.50007587e+02 -7.53689286e-16 1.16399095e+01)
494             	3.86179242e+04	2.88138596e+02	(2.50004723e+02 -7.53646688e-16 1.16375732e+01)
495             	3.86176775e+04	2.88136101e+02	(2.50000980e+02 -7.53603463e-16 1.16351672e+01)
496             	3.86173029e+04	2.88133802e+02	(2.49996486e+02 -7.53564230e-16 1.16327658e+01)
497             	3.86168000e+04	2.88131442e+02	(2.49991125e+02 -7.53524833e-16 1.16302978e+01)
498             	3.86161713e+04	2.88129319e+02	(2.49985043e+02 -7.53489110e-16 1.16278303e+01)
499             	3.86154145e+04	2.88127177e+02	(2.49978145e+02 -7.53450437e-16 1.16253031e+01)
500             	3.86145340e+04	2.88125277e+02	(2.49970588e+02 -7.53415622e-16 1.16227817e+01)
501             	3.86135306e+04	2.88123340e+02	(2.49962238e+02 -7.53377281e-16 1.16202140e+01)
502             	3.86124073e+04	2.88121651e+02	(2.49953295e+02 -7.53345297e-16 1.16176593e+01)
503             	3.86111649e+04	2.88119933e+02	(2.49943633e+02 -7.53308041e-16 1.16150718e+01)
504             	3.86098059e+04	2.88118486e+02	(2.49933424e+02 -7.53278186e-16 1.16125030e+01)
505             	3.86083328e+04	2.88117013e+02	(2.49922516e+02 -7.53242307e-16 1.16099210e+01)
506             	3.86067480e+04	2.88115776e+02	(2.49911052e+02 -7.53213447e-16 1.16073613e+01)
507             	3.86050552e+04	2.88114481e+02	(2.49898885e+02 -7.53178297e-16 1.16047947e+01)
508             	3.86032571e+04	2.88113403e+02	(2.49886182e+02 -7.53150467e-16 1.16022496e+01)
509             	3.86013578e+04	2.88112255e+02	(2.49872810e+02 -7.53115237e-16 1.15997090e+01)
510             	3.85993602e+04	2.88111307e+02	(2.49858906e+02 -7.53089873e-16 1.15971858e+01)
511             	3.85972720e+04	2.88110276e+02	(2.49844370e+02 -7.53061865e-16 1.15946709e+01)
512             	3.85950944e+04	2.88109435e+02	(2.49829345e+02 -7.53047026e-16 1.15921764e+01)
513             	3.85928337e+04	2.88108499e+02	(2.49813705e+02 -7.53027344e-16 1.15896979e+01)
514             	3.85904879e+04	2.88107787e+02	(2.49797582e+02 -7.53016930e-16 1.15872253e+01)
515             	3.85880687e+04	2.88107011e+02	(2.49780905e+02 -7.53006344e-16 1.15847702e+01)
516             	3.85855783e+04	2.88106468e+02	(2.49763814e+02 -7.53007922e-16 1.15823300e+01)
517             	3.85830290e+04	2.88105879e+02	(2.49746221e+02 -7.53009402e-16 1.15799417e+01)
518             	3.85804195e+04	2.88105561e+02	(2.49728262e+02 -7.53022448e-16 1.15775920e+01)
519             	3.85777613e+04	2.88105181e+02	(2.49709860e+02 -7.53033869e-16 1.15753217e+01)
520             	3.85750514e+04	2.88105038e+02	(2.49691149e+02 -7.53054428e-16 1.15731098e+01)
521             	3.85723035e+04	2.88104846e+02	(2.49672066e+02 -7.53073126e-16 1.15709969e+01)
522             	3.85695235e+04	2.88104893e+02	(2.49652746e+02 -7.53098430e-16 1.15689276e+01)
523             	3.85667195e+04	2.88105102e+02	(2.49633116e+02 -7.53124672e-16 1.15669186e+01)
524             	3.85638874e+04	2.88105306e+02	(2.49613250e+02 -7.53147726e-16 1.15650408e+01)
525             	3.85610373e+04	2.88105775e+02	(2.49593295e+02 -7.53173096e-16 1.15632216e+01)
526             	3.85581819e+04	2.88106469e+02	(2.49573231e+02 -7.53209079e-16 1.15614652e+01)
527             	3.85553152e+04	2.88107122e+02	(2.49553260e+02 -7.53236946e-16 1.15598661e+01)
528             	3.85524370e+04	2.88108002e+02	(2.49533449e+02 -7.53271774e-16 1.15583483e+01)
529             	3.85495670e+04	2.88108946e+02	(2.49513707e+02 -7.53304319e-16 1.15569791e+01)
530             	3.85467069e+04	2.88110072e+02	(2.49494122e+02 -7.53341697e-16 1.15556893e+01)
531             	3.85438559e+04	2.88111307e+02	(2.49474663e+02 -7.53378636e-16 1.15544760e+01)
532             	3.85410164e+04	2.88112533e+02	(2.49455398e+02 -7.53413105e-16 1.15534209e+01)
533             	3.85381944e+04	2.88113988e+02	(2.49436426e+02 -7.53449097e-16 1.15524328e+01)
534             	3.85353913e+04	2.88115590e+02	(2.49417660e+02 -7.53491027e-16 1.15515189e+01)
535             	3.85326051e+04	2.88117103e+02	(2.49399191e+02 -7.53515423e-16 1.15508000e+01)
536             	3.85298418e+04	2.88118786e+02	(2.49381140e+02 -7.53535178e-16 1.15501786e+01)
537             	3.85271071e+04	2.88120600e+02	(2.49363395e+02 -7.53547182e-16 1.15496404e+01)
538             	3.85243996e+04	2.88122318e+02	(2.49345996e+02 -7.53553287e-16 1.15493141e+01)
539             	3.85217188e+04	2.88124218e+02	(2.49328950e+02 -7.53548163e-16 1.15490886e+01)
540             	3.85190784e+04	2.88126191e+02	(2.49312257e+02 -7.53524281e-16 1.15490554e+01)
541             	3.85164851e+04	2.88128272e+02	(2.49295945e+02 -7.53509843e-16 1.15491048e+01)
542             	3.85139371e+04	2.88130422e+02	(2.49280041e+02 -7.53507214e-16 1.15492400e+01)
543             	3.85114455e+04	2.88132581e+02	(2.49264562e+02 -7.53497562e-16 1.15495763e+01)
544             	3.85090152e+04	2.88134861e+02	(2.49249548e+02 -7.53502356e-16 1.15499890e+01)
545             	3.85066441e+04	2.88137171e+02	(2.49234942e+02 -7.53514457e-16 1.15504528e+01)
546             	3.85043406e+04	2.88139398e+02	(2.49220825e+02 -7.53519854e-16 1.15510757e+01)
547             	3.85021112e+04	2.88141743e+02	(2.49207216e+02 -7.53500234e-16 1.15517411e+01)
548             	3.84999601e+04	2.88144133e+02	(2.49194115e+02 -7.53487528e-16 1.15524318e+01)
549             	3.84978916e+04	2.88146427e+02	(2.49181570e+02 -7.53498499e-16 1.15532707e+01)
550             	3.84959023e+04	2.88148827e+02	(2.49169537e+02 -7.53519600e-16 1.15541413e+01)
551             	3.84939989e+04	2.88151246e+02	(2.49158049e+02 -7.53545469e-16 1.15550220e+01)
552             	3.84921966e+04	2.88153572e+02	(2.49147213e+02 -7.53558633e-16 1.15560411e+01)
553             	3.84904944e+04	2.88155997e+02	(2.49137005e+02 -7.53579645e-16 1.15570541e+01)
554             	3.84888993e+04	2.88158475e+02	(2.49127479e+02 -7.53609890e-16 1.15581722e+01)
555             	3.84874109e+04	2.88160903e+02	(2.49118595e+02 -7.53639241e-16 1.15593250e+01)
556             	3.84860271e+04	2.88163319e+02	(2.49110399e+02 -7.53673917e-16 1.15605092e+01)
557             	3.84847561e+04	2.88165762e+02	(2.49102937e+02 -7.53707202e-16 1.15618343e+01)
558             	3.84835933e+04	2.88168186e+02	(2.49096152e+02 -7.53737112e-16 1.15632028e+01)
559             	3.84825306e+04	2.88170561e+02	(2.49090083e+02 -7.53768596e-16 1.15645890e+01)
560             	3.84815798e+04	2.88172905e+02	(2.49084783e+02 -7.53794320e-16 1.15660897e+01)
561             	3.84807390e+04	2.88175275e+02	(2.49080189e+02 -7.53817954e-16 1.15676368e+01)
562             	3.84799982e+04	2.88177588e+02	(2.49076342e+02 -7.53843112e-16 1.15691947e+01)
563             	3.84793745e+04	2.88179859e+02	(2.49073302e+02 -7.53869586e-16 1.15708513e+01)
564             	3.84788644e+04	2.88182135e+02	(2.49070954e+02 -7.53890780e-16 1.15725159e+01)
565             	3.84784654e+04	2.88184454e+02	(2.49069391e+02 -7.53908204e-16 1.15742481e+01)
566             	3.84781736e+04	2.88186636e+02	(2.49068537e+02 -7.53923360e-16 1.15760012e+01)
567             	3.84779833e+04	2.88188783e+02	(2.49068405e+02 -7.53943838e-16 1.15777602e+01)
568             	3.84779085e+04	2.88190986e+02	(2.49069054e+02 -7.53967814e-16 1.15796073e+01)
569             	3.84779491e+04	2.88193094e+02	(2.49070392e+02 -7.53987884e-16 1.15814759e+01)
570             	3.84780957e+04	2.88195116e+02	(2.49072516e+02 -7.54010823e-16 1.15833310e+01)
571             	3.84783635e+04	2.88197142e+02	(2.49075457e+02 -7.54035685e-16 1.15852292e+01)
572             	3.84787446e+04	2.88199123e+02	(2.49079102e+02 -7.54055217e-16 1.15871015e+01)
573             	3.84792345e+04	2.88201116e+02	(2.49083585e+02 -7.54075717e-16 1.15889958e+01)
574             	3.84798323e+04	2.88202902e+02	(2.49088791e+02 -7.54093607e-16 1.15908780e+01)
575             	3.84805324e+04	2.88204616e+02	(2.49094770e+02 -7.54111122e-16 1.15927299e+01)
576             	3.84813419e+04	2.88206396e+02	(2.49101524e+02 -7.54128347e-16 1.15946000e+01)
577             	3.84822549e+04	2.88208038e+02	(2.49108870e+02 -7.54140949e-16 1.15964309e+01)
578             	3.84832681e+04	2.88209690e+02	(2.49116929e+02 -7.54157612e-16 1.15982643e+01)
579             	3.84843806e+04	2.88211126e+02	(2.49125525e+02 -7.54173574e-16 1.16000600e+01)
580             	3.84855883e+04	2.88212620e+02	(2.49134735e+02 -7.54192891e-16 1.16018499e+01)
581             	3.84868884e+04	2.88213908e+02	(2.49144438e+02 -7.54209792e-16 1.16036096e+01)
582             	3.84882772e+04	2.88215227e+02	(2.49154745e+02 -7.54228837e-16 1.16053652e+01)
583             	3.84897540e+04	2.88216335e+02	(2.49165537e+02 -7.54245777e-16 1.16070991e+01)
584             	3.84913123e+04	2.88217492e+02	(2.49176928e+02 -7.54263084e-16 1.16088291e+01)
585             	3.84929525e+04	2.88218442e+02	(2.49188789e+02 -7.54274715e-16 1.16105385e+01)
586             	3.84946680e+04	2.88219447e+02	(2.49201228e+02 -7.54288244e-16 1.16122378e+01)
587             	3.84964582e+04	2.88220261e+02	(2.49214147e+02 -7.54298571e-16 1.16139249e+01)
588             	3.84983173e+04	2.88221131e+02	(2.49227670e+02 -7.54308827e-16 1.16156078e+01)
589             	3.85002521e+04	2.88221801e+02	(2.49241690e+02 -7.54318401e-16 1.16173084e+01)
590             	3.85022507e+04	2.88222514e+02	(2.49256289e+02 -7.54331716e-16 1.16190009e+01)
591             	3.85043122e+04	2.88222975e+02	(2.49271266e+02 -7.54339187e-16 1.16206791e+01)
592             	3.85064254e+04	2.88223440e+02	(2.49286668e+02 -7.54352761e-16 1.16223301e+01)
593             	3.85085938e+04	2.88223689e+02	(2.49302376e+02 -7.54362405e-16 1.16239812e+01)
594             	3.85108091e+04	2.88223980e+02	(2.49318456e+02 -7.54377635e-16 1.16256164e+01)
595             	3.85130752e+04	2.88224066e+02	(2.49334764e+02 -7.54387854e-16 1.16272568e+01)
596             	3.85153832e+04	2.88224183e+02	(2.49351339e+02 -7.54400804e-16 1.16288572e+01)
597             	3.85177346e+04	2.88224099e+02	(2.49368063e+02 -7.54407913e-16 1.16304446e+01)
598             	3.85201201e+04	2.88224057e+02	(2.49384979e+02 -7.54416949e-16 1.16319629e+01)
599             	3.85225403e+04	2.88223843e+02	(2.49401984e+02 -7.54423446e-16 1.16334480e+01)
600             	3.85249843e+04	2.88223675e+02	(2.49419099e+02 -7.54431020e-16 1.16348453e+01)
601             	3.85274536e+04	2.88223315e+02	(2.49436234e+02 -7.54437235e-16 1.16362037e+01)
602             	3.85299387e+04	2.88222965e+02	(2.49453420e+02 -7.54443728e-16 1.16374643e+01)
603             	3.85324419e+04	2.88222449e+02	(2.49470590e+02 -7.54450148e-16 1.16386817e+01)
604             	3.85349540e+04	2.88221957e+02	(2.49487764e+02 -7.54456683e-16 1.16397896e+01)
605             	3.85374787e+04	2.88221271e+02	(2.49504866e+02 -7.54459057e-16 1.16408497e+01)
606             	3.85400066e+04	2.88220572e+02	(2.49521911e+02 -7.54460049e-16 1.16417900e+01)
607             	3.85425333e+04	2.88219680e+02	(2.49538851e+02 -7.54453784e-16 1.16426653e+01)
608             	3.85450560e+04	2.88218683e+02	(2.49555730e+02 -7.54434552e-16 1.16434741e+01)
609             	3.85475694e+04	2.88217723e+02	(2.49572474e+02 -7.54417949e-16 1.16441253e+01)
610             	3.85500743e+04	2.88216563e+02	(2.49589036e+02 -7.54401012e-16 1.16447151e+01)
611             	3.85525553e+04	2.88215309e+02	(2.49605415e+02 -7.54385852e-16 1.16451728e+01)
612             	3.85550109e+04	2.88213905e+02	(2.49621574e+02 -7.54376838e-16 1.16455734e+01)
613             	3.85574416e+04	2.88212411e+02	(2.49637516e+02 -7.54370834e-16 1.16459285e+01)
614             	3.85598365e+04	2.88210888e+02	(2.49653171e+02 -7.54361622e-16 1.16461499e+01)
615             	3.85621928e+04	2.88209159e+02	(2.49668496e+02 -7.54361743e-16 1.16463470e+01)
616             	3.85645017e+04	2.88207338e+02	(2.49683436e+02 -7.54371561e-16 1.16464324e+01)
617             	3.85667670e+04	2.88205402e+02	(2.49697998e+02 -7.54377357e-16 1.16464937e+01)
618             	3.85689784e+04	2.88203407e+02	(2.49712091e+02 -7.54382346e-16 1.16464496e+01)
619             	3.85711412e+04	2.88201307e+02	(2.49725745e+02 -7.54383412e-16 1.16463903e+01)
620             	3.85732436e+04	2.88199145e+02	(2.49738876e+02 -7.54385164e-16 1.16462243e+01)
621             	3.85752801e+04	2.88196911e+02	(2.49751444e+02 -7.54384271e-16 1.16460249e+01)
622             	3.85772511e+04	2.88194630e+02	(2.49763426e+02 -7.54388074e-16 1.16457982e+01)
623             	3.85791487e+04	2.88192356e+02	(2.49774748e+02 -7.54404515e-16 1.16454508e+01)
624             	3.85809753e+04	2.88189998e+02	(2.49785439e+02 -7.54420497e-16 1.16450891e+01)
625             	3.85827220e+04	2.88187592e+02	(2.49795460e+02 -7.54428711e-16 1.16446268e+01)
626             	3.85843851e+04	2.88185205e+02	(2.49804850e+02 -7.54418246e-16 1.16441378e+01)
627             	3.85859651e+04	2.88182808e+02	(2.49813604e+02 -7.54386883e-16 1.16436337e+01)
628             	3.85874510e+04	2.88180397e+02	(2.49821693e+02 -7.54337214e-16 1.16430179e+01)
629             	3.85888455e+04	2.88177951e+02	(2.49829183e+02 -7.54287396e-16 1.16423875e+01)
630             	3.85901432e+04	2.88175470e+02	(2.49836040e+02 -7.54248174e-16 1.16416648e+01)
631             	3.85913427e+04	2.88173071e+02	(2.49842329e+02 -7.54218840e-16 1.16409236e+01)
632             	3.85924492e+04	2.88170704e+02	(2.49848029e+02 -7.54192623e-16 1.16401888e+01)
633             	3.85934550e+04	2.88168334e+02	(2.49853108e+02 -7.54170050e-16 1.16393754e+01)
634             	3.85943646e+04	2.88165972e+02	(2.49857641e+02 -7.54151329e-16 1.16385689e+01)
635             	3.85951760e+04	2.88163591e+02	(2.49861578e+02 -7.54129208e-16 1.16376895e+01)
636             	3.85958918e+04	2.88161311e+02	(2.49864987e+02 -7.54096727e-16 1.16368277e+01)
637             	3.85965079e+04	2.88158991e+02	(2.49867784e+02 -7.54052941e-16 1.16359155e+01)
638             	3.85970285e+04	2.88156773e+02	(2.49870036e+02 -7.54006958e-16 1.16350245e+01)
639             	3.85974516e+04	2.88154550e+02	(2.49871657e+02 -7.53956224e-16 1.16340753e+01)
640             	3.85977802e+04	2.88152450e+02	(2.49872716e+02 -7.53901147e-16 1.16331378e+01)
641             	3.85980086e+04	2.88150323e+02	(2.49873108e+02 -7.53845850e-16 1.16321484e+01)
642             	3.85981379e+04	2.88148332e+02	(2.49872905e+02 -7.53800442e-16 1.16311702e+01)
643             	3.85981661e+04	2.88146323e+02	(2.49871997e+02 -7.53761150e-16 1.16301367e+01)
644             	3.85980970e+04	2.88144443e+02	(2.49870461e+02 -7.53729211e-16 1.16291060e+01)
645             	3.85979292e+04	2.88142521e+02	(2.49868216e+02 -7.53698520e-16 1.16280195e+01)
646             	3.85976655e+04	2.88140749e+02	(2.49865368e+02 -7.53671264e-16 1.16269295e+01)
647             	3.85973054e+04	2.88138948e+02	(2.49861838e+02 -7.53642273e-16 1.16257937e+01)
648             	3.85968509e+04	2.88137316e+02	(2.49857733e+02 -7.53616390e-16 1.16246633e+01)
649             	3.85963006e+04	2.88135653e+02	(2.49852971e+02 -7.53588735e-16 1.16234981e+01)
650             	3.85956568e+04	2.88134164e+02	(2.49847678e+02 -7.53564790e-16 1.16223451e+01)
651             	3.85949194e+04	2.88132655e+02	(2.49841763e+02 -7.53540736e-16 1.16211676e+01)
652             	3.85940909e+04	2.88131329e+02	(2.49835377e+02 -7.53521606e-16 1.16200010e+01)
653             	3.85931713e+04	2.88129985e+02	(2.49828446e+02 -7.53499427e-16 1.16188134e+01)
654             	3.85921623e+04	2.88128832e+02	(2.49821094e+02 -7.53481985e-16 1.16176364e+01)
655             	3.85910637e+04	2.88127666e+02	(2.49813211e+02 -7.53460064e-16 1.16164429e+01)
656             	3.85898761e+04	2.88126677e+02	(2.49804912e+02 -7.53443362e-16 1.16152544e+01)
657             	3.85886034e+04	2.88125667e+02	(2.49796089e+02 -7.53422462e-16 1.16140480e+01)
658             	3.85872470e+04	2.88124834e+02	(2.49786843e+02 -7.53409282e-16 1.16128378e+01)
659             	3.85858085e+04	2.88123972e+02	(2.49777063e+02 -7.53393007e-16 1.16116054e+01)
660             	3.85842940e+04	2.88123278e+02	(2.49766870e+02 -7.53383564e-16 1.16103628e+01)
661             	3.85827114e+04	2.88122542e+02	(2.49756181e+02 -7.53371138e-16 1.16091145e+01)
662             	3.85810634e+04	2.88121957e+02	(2.49745115e+02 -7.53364641e-16 1.16078719e+01)
663             	3.85793555e+04	2.88121324e+02	(2.49733584e+02 -7.53356651e-16 1.16066444e+01)
664             	3.85775853e+04	2.88120860e+02	(2.49721692e+02 -7.53355152e-16 1.16054303e+01)
665             	3.85757600e+04	2.88120376e+02	(2.49709355e+02 -7.53350327e-16 1.16042384e+01)
666             	3.85738805e+04	2.88120090e+02	(2.49696682e+02 -7.53350139e-16 1.16030469e+01)
667             	3.85719556e+04	2.88119783e+02	(2.49683616e+02 -7.53348663e-16 1.16018736e+01)
668             	3.85699832e+04	2.88119644e+02	(2.49670265e+02 -7.53352138e-16 1.16007046e+01)
669             	3.85679727e+04	2.88119471e+02	(2.49656567e+02 -7.53354375e-16 1.15995649e+01)
670             	3.85659219e+04	2.88119475e+02	(2.49642625e+02 -7.53362623e-16 1.15984307e+01)
671             	3.85638398e+04	2.88119475e+02	(2.49628401e+02 -7.53374301e-16 1.15973321e+01)
672             	3.85617297e+04	2.88119669e+02	(2.49614030e+02 -7.53393865e-16 1.15962323e+01)
673             	3.85595980e+04	2.88119986e+02	(2.49599363e+02 -7.53416775e-16 1.15951424e+01)
674             	3.85574420e+04	2.88120268e+02	(2.49584418e+02 -7.53438267e-16 1.15941055e+01)
675             	3.85552701e+04	2.88120733e+02	(2.49569383e+02 -7.53459782e-16 1.15930806e+01)
676             	3.85530914e+04	2.88121363e+02	(2.49554328e+02 -7.53486805e-16 1.15920805e+01)
677             	3.85509012e+04	2.88121972e+02	(2.49539286e+02 -7.53509074e-16 1.15911632e+01)
678             	3.85487069e+04	2.88122743e+02	(2.49524335e+02 -7.53537077e-16 1.15902770e+01)
679             	3.85465194e+04	2.88123648e+02	(2.49509368e+02 -7.53570041e-16 1.15894221e+01)
680             	3.85443332e+04	2.88124466e+02	(2.49494433e+02 -7.53596996e-16 1.15886672e+01)
681             	3.85421550e+04	2.88125427e+02	(2.49479638e+02 -7.53616075e-16 1.15879548e+01)
682             	3.85399918e+04	2.88126530e+02	(2.49464919e+02 -7.53632215e-16 1.15872820e+01)
683             	3.85378399e+04	2.88127578e+02	(2.49450337e+02 -7.53633752e-16 1.15867253e+01)
684             	3.85357023e+04	2.88128771e+02	(2.49435998e+02 -7.53639247e-16 1.15862261e+01)
685             	3.85335826e+04	2.88130076e+02	(2.49421824e+02 -7.53647756e-16 1.15857828e+01)
686             	3.85314746e+04	2.88131304e+02	(2.49407861e+02 -7.53646664e-16 1.15854839e+01)
687             	3.85293846e+04	2.88132673e+02	(2.49394196e+02 -7.53641258e-16 1.15852461e+01)
688             	3.85273176e+04	2.88134150e+02	(2.49380746e+02 -7.53639702e-16 1.15850519e+01)
689             	3.85252751e+04	2.88135546e+02	(2.49367581e+02 -7.53628666e-16 1.15849985e+01)
690             	3.85232620e+04	2.88137071e+02	(2.49354751e+02 -7.53623396e-16 1.15850083e+01)
691             	3.85212801e+04	2.88138666e+02	(2.49342203e+02 -7.53621255e-16 1.15850546e+01)
692             	3.85193327e+04	2.88140187e+02	(2.49329978e+02 -7.53617109e-16 1.15852161e+01)
693             	3.85174195e+04	2.88141832e+02	(2.49318063e+02 -7.53619405e-16 1.15853876e+01)
694             	3.85155527e+04	2.88143524e+02	(2.49306463e+02 -7.53626394e-16 1.15856390e+01)
695             	3.85137354e+04	2.88145257e+02	(2.49295191e+02 -7.53641812e-16 1.15859002e+01)
696             	3.85119716e+04	2.88147018e+02	(2.49284310e+02 -7.53644009e-16 1.15861859e+01)
697             	3.85102675e+04	2.88148810e+02	(2.49273815e+02 -7.53628596e-16 1.15865007e+01)
698             	3.85086274e+04	2.88150624e+02	(2.49263713e+02 -7.53624849e-16 1.15868457e+01)
699             	3.85070516e+04	2.88152451e+02	(2.49253998e+02 -7.53641260e-16 1.15872179e+01)
700             	3.85055412e+04	2.88154286e+02	(2.49244688e+02 -7.53661820e-16 1.15876112e+01)
701             	3.85041025e+04	2.88156135e+02	(2.49235819e+02 -7.53679584e-16 1.15880269e+01)
702             	3.85027375e+04	2.88157998e+02	(2.49227412e+02 -7.53695997e-16 1.15884784e+01)
703             	3.85014487e+04	2.88159876e+02	(2.49219490e+02 -7.53712674e-16 1.15889741e+01)
704             	3.85002419e+04	2.88161759e+02	(2.49212078e+02 -7.53734605e-16 1.15895164e+01)
705             	3.84991219e+04	2.88163650e+02	(2.49205196e+02 -7.53756927e-16 1.15901064e+01)
706             	3.84980902e+04	2.88165541e+02	(2.49198860e+02 -7.53780200e-16 1.15907447e+01)
707             	3.84971456e+04	2.88167427e+02	(2.49193073e+02 -7.53803959e-16 1.15914284e+01)
708             	3.84962873e+04	2.88169304e+02	(2.49187840e+02 -7.53828045e-16 1.15921599e+01)
709             	3.84955149e+04	2.88171169e+02	(2.49183164e+02 -7.53849727e-16 1.15929429e+01)
710             	3.84948277e+04	2.88173017e+02	(2.49179061e+02 -7.53867638e-16 1.15937798e+01)
711             	3.84942257e+04	2.88174838e+02	(2.49175539e+02 -7.53884864e-16 1.15946736e+01)
712             	3.84937089e+04	2.88176630e+02	(2.49172605e+02 -7.53900700e-16 1.15956220e+01)
713             	3.84932741e+04	2.88178393e+02	(2.49170253e+02 -7.53915080e-16 1.15966043e+01)
714             	3.84929282e+04	2.88180186e+02	(2.49168522e+02 -7.53927516e-16 1.15976704e+01)
715             	3.84926694e+04	2.88181914e+02	(2.49167346e+02 -7.53938966e-16 1.15987687e+01)
716             	3.84924904e+04	2.88183576e+02	(2.49166766e+02 -7.53953556e-16 1.15998818e+01)
717             	3.84924028e+04	2.88185221e+02	(2.49166806e+02 -7.53970707e-16 1.16010640e+01)
718             	3.84924019e+04	2.88186859e+02	(2.49167374e+02 -7.53985810e-16 1.16022617e+01)
719             	3.84924890e+04	2.88188533e+02	(2.49168573e+02 -7.54003546e-16 1.16035129e+01)
720             	3.84926643e+04	2.88190067e+02	(2.49170313e+02 -7.54019816e-16 1.16047717e+01)
721             	3.84929224e+04	2.88191537e+02	(2.49172629e+02 -7.54036972e-16 1.16060167e+01)
722             	3.84932708e+04	2.88193034e+02	(2.49175555e+02 -7.54054277e-16 1.16072889e+01)
723             	3.84937040e+04	2.88194426e+02	(2.49178992e+02 -7.54067343e-16 1.16085514e+01)
724             	3.84942103e+04	2.88195719e+02	(2.49183020e+02 -7.54079410e-16 1.16097907e+01)
725             	3.84948008e+04	2.88196990e+02	(2.49187633e+02 -7.54092660e-16 1.16110460e+01)
726             	3.84954704e+04	2.88198197e+02	(2.49192710e+02 -7.54102634e-16 1.16122943e+01)
727             	3.84962178e+04	2.88199419e+02	(2.49198389e+02 -7.54112622e-16 1.16135763e+01)
728             	3.84970450e+04	2.88200466e+02	(2.49204566e+02 -7.54120269e-16 1.16148547e+01)
729             	3.84979511e+04	2.88201535e+02	(2.49211298e+02 -7.54130697e-16 1.16161532e+01)
730             	3.84989326e+04	2.88202461e+02	(2.49218512e+02 -7.54139586e-16 1.16174462e+01)
731             	3.84999864e+04	2.88203416e+02	(2.49226283e+02 -7.54150571e-16 1.16187538e+01)
732             	3.85011078e+04	2.88204220e+02	(2.49234473e+02 -7.54159025e-16 1.16200683e+01)
733             	3.85022890e+04	2.88204948e+02	(2.49243138e+02 -7.54167460e-16 1.16213862e+01)
734             	3.85035378e+04	2.88205708e+02	(2.49252254e+02 -7.54179223e-16 1.16227225e+01)
735             	3.85048518e+04	2.88206365e+02	(2.49261686e+02 -7.54189856e-16 1.16240761e+01)
736             	3.85062224e+04	2.88207037e+02	(2.49271561e+02 -7.54201347e-16 1.16254554e+01)
737             	3.85076512e+04	2.88207558e+02	(2.49281788e+02 -7.54212064e-16 1.16268508e+01)
738             	3.85091332e+04	2.88208109e+02	(2.49292407e+02 -7.54224421e-16 1.16282551e+01)
739             	3.85106678e+04	2.88208476e+02	(2.49303326e+02 -7.54235026e-16 1.16296709e+01)
740             	3.85122501e+04	2.88208842e+02	(2.49314643e+02 -7.54247007e-16 1.16310901e+01)
741             	3.85138763e+04	2.88209062e+02	(2.49326236e+02 -7.54256625e-16 1.16325261e+01)
742             	3.85155388e+04	2.88209200e+02	(2.49338171e+02 -7.54264903e-16 1.16339728e+01)
743             	3.85172418e+04	2.88209353e+02	(2.49350413e+02 -7.54276660e-16 1.16354039e+01)
744             	3.85189847e+04	2.88209372e+02	(2.49362837e+02 -7.54285466e-16 1.16368429e+01)
745             	3.85207560e+04	2.88209387e+02	(2.49375538e+02 -7.54296641e-16 1.16382674e+01)
746             	3.85225594e+04	2.88209256e+02	(2.49388423e+02 -7.54303707e-16 1.16396914e+01)
747             	3.85243875e+04	2.88209150e+02	(2.49401492e+02 -7.54314845e-16 1.16410836e+01)
748             	3.85262407e+04	2.88208893e+02	(2.49414669e+02 -7.54320980e-16 1.16424684e+01)
749             	3.85281106e+04	2.88208659e+02	(2.49427973e+02 -7.54331132e-16 1.16438074e+01)
750             	3.85299948e+04	2.88208307e+02	(2.49441309e+02 -7.54337196e-16 1.16451314e+01)
751             	3.85318886e+04	2.88207892e+02	(2.49454727e+02 -7.54339906e-16 1.16464361e+01)
752             	3.85337932e+04	2.88207537e+02	(2.49468180e+02 -7.54344282e-16 1.16476674e+01)
753             	3.85357090e+04	2.88207051e+02	(2.49481583e+02 -7.54343524e-16 1.16488754e+01)
754             	3.85376249e+04	2.88206541e+02	(2.49494954e+02 -7.54341436e-16 1.16500161e+01)
755             	3.85395432e+04	2.88205914e+02	(2.49508272e+02 -7.54331009e-16 1.16511280e+01)
756             	3.85414568e+04	2.88205304e+02	(2.49521501e+02 -7.54317701e-16 1.16521590e+01)
757             	3.85433665e+04	2.88204547e+02	(2.49534614e+02 -7.54304608e-16 1.16531602e+01)
758             	3.85452657e+04	2.88203768e+02	(2.49547585e+02 -7.54294517e-16 1.16540694e+01)
759             	3.85471517e+04	2.88202861e+02	(2.49560374e+02 -7.54285239e-16 1.16549380e+01)
760             	3.85490239e+04	2.88201870e+02	(2.49572986e+02 -7.54277913e-16 1.16557649e+01)
761             	3.85508784e+04	2.88200898e+02	(2.49585400e+02 -7.54279616e-16 1.16564834e+01)
762             	3.85527159e+04	2.88199775e+02	(2.49597567e+02 -7.54277929e-16 1.16571605e+01)
763             	3.85545224e+04	2.88198608e+02	(2.49609484e+02 -7.54272450e-16 1.16577450e+01)
764             	3.85562989e+04	2.88197340e+02	(2.49621140e+02 -7.54276831e-16 1.16583011e+01)
765             	3.85580414e+04	2.88196038e+02	(2.49632498e+02 -7.54281490e-16 1.16587617e+01)
766             	3.85597514e+04	2.88194627e+02	(2.49643559e+02 -7.54285564e-16 1.16591966e+01)
767             	3.85614200e+04	2.88193190e+02	(2.49654264e+02 -7.54283310e-16 1.16595402e+01)
768             	3.85630473e+04	2.88191689e+02	(2.49664611e+02 -7.54286022e-16 1.16598532e+01)
769             	3.85646342e+04	2.88190152e+02	(2.49674587e+02 -7.54288842e-16 1.16601433e+01)
770             	3.85661723e+04	2.88188619e+02	(2.49684106e+02 -7.54294066e-16 1.16603365e+01)
771             	3.85676633e+04	2.88186995e+02	(2.49693169e+02 -7.54300698e-16 1.16605047e+01)
772             	3.85690999e+04	2.88185325e+02	(2.49701737e+02 -7.54314257e-16 1.16605775e+01)
773             	3.85704817e+04	2.88183635e+02	(2.49709866e+02 -7.54324740e-16 1.16606225e+01)
774             	3.85718022e+04	2.88181925e+02	(2.49717496e+02 -7.54330431e-16 1.16605676e+01)
775             	3.85730577e+04	2.88180183e+02	(2.49724653e+02 -7.54335604e-16 1.16604652e+01)
776             	3.85742506e+04	2.88178432e+02	(2.49731350e+02 -7.54330595e-16 1.16603266e+01)
777             	3.85753751e+04	2.88176701e+02	(2.49737572e+02 -7.54316916e-16 1.16600913e+01)
778             	3.85764348e+04	2.88174918e+02	(2.49743367e+02 -7.54300389e-16 1.16598429e+01)
779             	3.85774243e+04	2.88173101e+02	(2.49748695e+02 -7.54282747e-16 1.16595248e+01)
780             	3.85783435e+04	2.88171328e+02	(2.49753606e+02 -7.54263838e-16 1.16591925e+01)
781             	3.85791959e+04	2.88169578e+02	(2.49758093e+02 -7.54242611e-16 1.16588482e+01)
782             	3.85799751e+04	2.88167844e+02	(2.49762132e+02 -7.54226702e-16 1.16584223e+01)
783             	3.85806838e+04	2.88166127e+02	(2.49765777e+02 -7.54215393e-16 1.16579854e+01)
784             	3.85813170e+04	2.88164395e+02	(2.49768964e+02 -7.54205556e-16 1.16574715e+01)
785             	3.85818765e+04	2.88162731e+02	(2.49771764e+02 -7.54197013e-16 1.16569500e+01)
786             	3.85823594e+04	2.88161049e+02	(2.49774102e+02 -7.54182518e-16 1.16563633e+01)
787             	3.85827684e+04	2.88159434e+02	(2.49776022e+02 -7.54164918e-16 1.16557707e+01)
788             	3.85830991e+04	2.88157806e+02	(2.49777451e+02 -7.54143164e-16 1.16551225e+01)
789             	3.85833527e+04	2.88156253e+02	(2.49778435e+02 -7.54121307e-16 1.16544564e+01)
790             	3.85835345e+04	2.88154754e+02	(2.49778931e+02 -7.54095977e-16 1.16537838e+01)
791             	3.85836364e+04	2.88153274e+02	(2.49778909e+02 -7.54066550e-16 1.16530542e+01)
792             	3.85836619e+04	2.88151840e+02	(2.49778414e+02 -7.54035322e-16 1.16523210e+01)
793             	3.85836108e+04	2.88150392e+02	(2.49777352e+02 -7.54000038e-16 1.16515398e+01)
794             	3.85834848e+04	2.88149043e+02	(2.49775797e+02 -7.53963544e-16 1.16507577e+01)
795             	3.85832831e+04	2.88147646e+02	(2.49773695e+02 -7.53925041e-16 1.16499373e+01)
796             	3.85830093e+04	2.88146348e+02	(2.49771130e+02 -7.53889505e-16 1.16491170e+01)
797             	3.85826615e+04	2.88145033e+02	(2.49768045e+02 -7.53852331e-16 1.16482626e+01)
798             	3.85822417e+04	2.88143829e+02	(2.49764529e+02 -7.53819514e-16 1.16474073e+01)
799             	3.85817507e+04	2.88142597e+02	(2.49760515e+02 -7.53790648e-16 1.16465182e+01)
800             	3.85811913e+04	2.88141502e+02	(2.49756100e+02 -7.53766777e-16 1.16456237e+01)
801             	3.85805629e+04	2.88140401e+02	(2.49751245e+02 -7.53745553e-16 1.16446956e+01)
802             	3.85798678e+04	2.88139437e+02	(2.49746040e+02 -7.53729876e-16 1.16437606e+01)
803             	3.85791070e+04	2.88138461e+02	(2.49740394e+02 -7.53715651e-16 1.16427955e+01)
804             	3.85782824e+04	2.88137629e+02	(2.49734417e+02 -7.53707497e-16 1.16418245e+01)
805             	3.85773945e+04	2.88136797e+02	(2.49728018e+02 -7.53698716e-16 1.16408297e+01)
806             	3.85764431e+04	2.88136108e+02	(2.49721287e+02 -7.53693570e-16 1.16398293e+01)
807             	3.85754316e+04	2.88135406e+02	(2.49714151e+02 -7.53685086e-16 1.16388084e+01)
808             	3.85743623e+04	2.88134840e+02	(2.49706701e+02 -7.53680078e-16 1.16377814e+01)
809             	3.85732400e+04	2.88134262e+02	(2.49698872e+02 -7.53672704e-16 1.16367473e+01)
810             	3.85720663e+04	2.88133808e+02	(2.49690751e+02 -7.53670110e-16 1.16357192e+01)
811             	3.85708445e+04	2.88133309e+02	(2.49682281e+02 -7.53666265e-16 1.16346965e+01)
812             	3.85695753e+04	2.88132932e+02	(2.49673547e+02 -7.53667575e-16 1.16336824e+01)
813             	3.85682635e+04	2.88132542e+02	(2.49664488e+02 -7.53668332e-16 1.16326754e+01)
814             	3.85669090e+04	2.88132307e+02	(2.49655189e+02 -7.53673380e-16 1.16316722e+01)
815             	3.85655173e+04	2.88132072e+02	(2.49645604e+02 -7.53677220e-16 1.16306811e+01)
816             	3.85640876e+04	2.88131984e+02	(2.49635824e+02 -7.53686064e-16 1.16296944e+01)
817             	3.85626265e+04	2.88131887e+02	(2.49625796e+02 -7.53692060e-16 1.16287299e+01)
818             	3.85611332e+04	2.88131911e+02	(2.49615586e+02 -7.53700907e-16 1.16277737e+01)
819             	3.85596145e+04	2.88131917e+02	(2.49605152e+02 -7.53707512e-16 1.16268439e+01)
820             	3.85580727e+04	2.88132047e+02	(2.49594579e+02 -7.53718809e-16 1.16259180e+01)
821             	3.85565123e+04	2.88132256e+02	(2.49583813e+02 -7.53730843e-16 1.16250031e+01)
822             	3.85549310e+04	2.88132443e+02	(2.49572855e+02 -7.53739638e-16 1.16241305e+01)
823             	3.85533350e+04	2.88132755e+02	(2.49561771e+02 -7.53750137e-16 1.16232618e+01)
824             	3.85517302e+04	2.88133165e+02	(2.49550505e+02 -7.53763225e-16 1.16223970e+01)
825             	3.85501125e+04	2.88133545e+02	(2.49539221e+02 -7.53768333e-16 1.16215918e+01)
826             	3.85484804e+04	2.88134045e+02	(2.49527990e+02 -7.53772687e-16 1.16208138e+01)
827             	3.85468453e+04	2.88134576e+02	(2.49516744e+02 -7.53770383e-16 1.16201007e+01)
828             	3.85452082e+04	2.88135196e+02	(2.49505531e+02 -7.53768498e-16 1.16194215e+01)
829             	3.85435700e+04	2.88135862e+02	(2.49494338e+02 -7.53768275e-16 1.16187816e+01)
830             	3.85419351e+04	2.88136517e+02	(2.49483201e+02 -7.53767702e-16 1.16182299e+01)
831             	3.85403087e+04	2.88137297e+02	(2.49472190e+02 -7.53769627e-16 1.16177197e+01)
832             	3.85386925e+04	2.88138151e+02	(2.49461250e+02 -7.53772912e-16 1.16172483e+01)
833             	3.85370882e+04	2.88138951e+02	(2.49450451e+02 -7.53769193e-16 1.16168720e+01)
834             	3.85354988e+04	2.88139857e+02	(2.49439852e+02 -7.53769904e-16 1.16165457e+01)
835             	3.85339256e+04	2.88140838e+02	(2.49429408e+02 -7.53768180e-16 1.16162696e+01)
836             	3.85323675e+04	2.88141760e+02	(2.49419167e+02 -7.53762293e-16 1.16160980e+01)
837             	3.85308284e+04	2.88142781e+02	(2.49409161e+02 -7.53753475e-16 1.16159754e+01)
838             	3.85293092e+04	2.88143869e+02	(2.49399353e+02 -7.53749059e-16 1.16158850e+01)
839             	3.85278122e+04	2.88144895e+02	(2.49389763e+02 -7.53743629e-16 1.16158900e+01)
840             	3.85263416e+04	2.88146004e+02	(2.49380433e+02 -7.53742643e-16 1.16159275e+01)
841             	3.85248999e+04	2.88147172e+02	(2.49371305e+02 -7.53747365e-16 1.16159835e+01)
842             	3.85234896e+04	2.88148288e+02	(2.49362420e+02 -7.53750514e-16 1.16161180e+01)
843             	3.85221107e+04	2.88149482e+02	(2.49353788e+02 -7.53755963e-16 1.16162639e+01)
844             	3.85207720e+04	2.88150714e+02	(2.49345427e+02 -7.53771425e-16 1.16164679e+01)
845             	3.85194752e+04	2.88151971e+02	(2.49337339e+02 -7.53775609e-16 1.16166774e+01)
846             	3.85182239e+04	2.88153246e+02	(2.49329578e+02 -7.53767492e-16 1.16169040e+01)
847             	3.85170211e+04	2.88154538e+02	(2.49322129e+02 -7.53756497e-16 1.16171598e+01)
848             	3.85158676e+04	2.88155852e+02	(2.49314996e+02 -7.53760188e-16 1.16174500e+01)
849             	3.85147646e+04	2.88157186e+02	(2.49308178e+02 -7.53770357e-16 1.16177733e+01)
850             	3.85137132e+04	2.88158541e+02	(2.49301695e+02 -7.53778573e-16 1.16181317e+01)
851             	3.85127170e+04	2.88159917e+02	(2.49295572e+02 -7.53784214e-16 1.16185265e+01)
852             	3.85117788e+04	2.88161310e+02	(2.49289828e+02 -7.53796678e-16 1.16189619e+01)
853             	3.85109001e+04	2.88162717e+02	(2.49284468e+02 -7.53808257e-16 1.16194410e+01)
854             	3.85100825e+04	2.88164126e+02	(2.49279498e+02 -7.53820830e-16 1.16199676e+01)
855             	3.85093274e+04	2.88165536e+02	(2.49274927e+02 -7.53839795e-16 1.16205417e+01)
856             	3.85086371e+04	2.88166939e+02	(2.49270769e+02 -7.53859650e-16 1.16211565e+01)
857             	3.85080124e+04	2.88168335e+02	(2.49267034e+02 -7.53877857e-16 1.16218145e+01)
858             	3.85074537e+04	2.88169720e+02	(2.49263722e+02 -7.53892873e-16 1.16225171e+01)
859             	3.85069609e+04	2.88171090e+02	(2.49260839e+02 -7.53906955e-16 1.16232644e+01)
860             	3.85065337e+04	2.88172431e+02	(2.49258386e+02 -7.53919591e-16 1.16240537e+01)
861             	3.85061708e+04	2.88173742e+02	(2.49256364e+02 -7.53932683e-16 1.16248823e+01)
862             	3.85058718e+04	2.88175020e+02	(2.49254775e+02 -7.53944761e-16 1.16257487e+01)
863             	3.85056344e+04	2.88176269e+02	(2.49253616e+02 -7.53956649e-16 1.16266375e+01)
864             	3.85054637e+04	2.88177539e+02	(2.49252911e+02 -7.53968011e-16 1.16275854e+01)
865             	3.85053564e+04	2.88178759e+02	(2.49252605e+02 -7.53977767e-16 1.16285531e+01)
866             	3.85053063e+04	2.88179935e+02	(2.49252742e+02 -7.53989920e-16 1.16295269e+01)
867             	3.85053250e+04	2.88181108e+02	(2.49253345e+02 -7.54001758e-16 1.16305407e+01)
868             	3.85054077e+04	2.88182274e+02	(2.49254334e+02 -7.54011532e-16 1.16315518e+01)
869             	3.85055537e+04	2.88183462e+02	(2.49255786e+02 -7.54022713e-16 1.16325905e+01)
870             	3.85057628e+04	2.88184543e+02	(2.49257636e+02 -7.54033233e-16 1.16336327e+01)
871             	3.85060308e+04	2.88185581e+02	(2.49259902e+02 -7.54043294e-16 1.16346696e+01)
872             	3.85063624e+04	2.88186641e+02	(2.49262602e+02 -7.54054164e-16 1.16357313e+01)
873             	3.85067540e+04	2.88187604e+02	(2.49265664e+02 -7.54063779e-16 1.16367997e+01)
874             	3.85071991e+04	2.88188499e+02	(2.49269139e+02 -7.54072999e-16 1.16378657e+01)
875             	3.85077065e+04	2.88189395e+02	(2.49273031e+02 -7.54083333e-16 1.16389534e+01)
876             	3.85082732e+04	2.88190226e+02	(2.49277248e+02 -7.54090737e-16 1.16400394e+01)
877             	3.85088957e+04	2.88191055e+02	(2.49281887e+02 -7.54099826e-16 1.16411448e+01)
878             	3.85095743e+04	2.88191764e+02	(2.49286884e+02 -7.54106980e-16 1.16422500e+01)
879             	3.85103071e+04	2.88192504e+02	(2.49292270e+02 -7.54115460e-16 1.16433682e+01)
880             	3.85110916e+04	2.88193128e+02	(2.49297978e+02 -7.54123356e-16 1.16444852e+01)
881             	3.85119264e+04	2.88193767e+02	(2.49304071e+02 -7.54132616e-16 1.16456154e+01)
882             	3.85128091e+04	2.88194304e+02	(2.49310449e+02 -7.54140376e-16 1.16467531e+01)
883             	3.85137344e+04	2.88194786e+02	(2.49317157e+02 -7.54147710e-16 1.16478906e+01)
884             	3.85147083e+04	2.88195287e+02	(2.49324192e+02 -7.54156730e-16 1.16490287e+01)
885             	3.85157281e+04	2.88195707e+02	(2.49331445e+02 -7.54163876e-16 1.16501650e+01)
886             	3.85167873e+04	2.88196144e+02	(2.49339008e+02 -7.54172318e-16 1.16513030e+01)
887             	3.85178875e+04	2.88196460e+02	(2.49346806e+02 -7.54179542e-16 1.16524416e+01)
888             	3.85190244e+04	2.88196790e+02	(2.49354867e+02 -7.54187610e-16 1.16535785e+01)
889             	3.85201964e+04	2.88196992e+02	(2.49363135e+02 -7.54193826e-16 1.16547183e+01)
890             	3.85214000e+04	2.88197206e+02	(2.49371660e+02 -7.54200675e-16 1.16558541e+01)
891             	3.85226318e+04	2.88197302e+02	(2.49380343e+02 -7.54207116e-16 1.16569969e+01)
892             	3.85238876e+04	2.88197330e+02	(2.49389244e+02 -7.54213006e-16 1.16581410e+01)
893             	3.85251706e+04	2.88197386e+02	(2.49398341e+02 -7.54222349e-16 1.16592631e+01)
894             	3.85264799e+04	2.88197341e+02	(2.49407531e+02 -7.54228485e-16 1.16603816e+01)
895             	3.85278071e+04	2.88197289e+02	(2.49416882e+02 -7.54235473e-16 1.16614791e+01)
896             	3.85291541e+04	2.88197132e+02	(2.49426340e+02 -7.54238968e-16 1.16625683e+01)
897             	3.85305158e+04	2.88197000e+02	(2.49435893e+02 -7.54243968e-16 1.16636258e+01)
898             	3.85318926e+04	2.88196762e+02	(2.49445506e+02 -7.54243654e-16 1.16646719e+01)
899             	3.85332785e+04	2.88196539e+02	(2.49455177e+02 -7.54245239e-16 1.16656767e+01)
900             	3.85346763e+04	2.88196227e+02	(2.49464867e+02 -7.54239176e-16 1.16666628e+01)
901             	3.85360791e+04	2.88195939e+02	(2.49474564e+02 -7.54235247e-16 1.16675999e+01)
902             	3.85374894e+04	2.88195559e+02	(2.49484255e+02 -7.54226462e-16 1.16685159e+01)
903             	3.85389011e+04	2.88195202e+02	(2.49493913e+02 -7.54222124e-16 1.16693738e+01)
904             	3.85403154e+04	2.88194751e+02	(2.49503523e+02 -7.54215179e-16 1.16702088e+01)
905             	3.85417256e+04	2.88194305e+02	(2.49513062e+02 -7.54211639e-16 1.16709799e+01)
906             	3.85431326e+04	2.88193763e+02	(2.49522514e+02 -7.54207473e-16 1.16717266e+01)
907             	3.85445307e+04	2.88193219e+02	(2.49531842e+02 -7.54209699e-16 1.16724066e+01)
908             	3.85459212e+04	2.88192572e+02	(2.49541044e+02 -7.54211420e-16 1.16730591e+01)
909             	3.85472984e+04	2.88191918e+02	(2.49550088e+02 -7.54211969e-16 1.16736451e+01)
910             	3.85486626e+04	2.88191179e+02	(2.49558974e+02 -7.54210403e-16 1.16742093e+01)
911             	3.85500064e+04	2.88190433e+02	(2.49567657e+02 -7.54219675e-16 1.16747051e+01)
912             	3.85513330e+04	2.88189603e+02	(2.49576164e+02 -7.54225301e-16 1.16751769e+01)
913             	3.85526372e+04	2.88188753e+02	(2.49584447e+02 -7.54236235e-16 1.16755765e+01)
914             	3.85539175e+04	2.88187826e+02	(2.49592529e+02 -7.54235914e-16 1.16759454e+01)
915             	3.85551722e+04	2.88186853e+02	(2.49600391e+02 -7.54237932e-16 1.16762843e+01)
916             	3.85563990e+04	2.88185896e+02	(2.49608042e+02 -7.54243523e-16 1.16765346e+01)
917             	3.85575983e+04	2.88184854e+02	(2.49615465e+02 -7.54251536e-16 1.16767564e+01)
918             	3.85587619e+04	2.88183787e+02	(2.49622626e+02 -7.54254583e-16 1.16769036e+01)
919             	3.85598876e+04	2.88182674e+02	(2.49629542e+02 -7.54259287e-16 1.16770181e+01)
920             	3.85609770e+04	2.88181528e+02	(2.49636195e+02 -7.54261860e-16 1.16771038e+01)
921             	3.85620230e+04	2.88180375e+02	(2.49642550e+02 -7.54267341e-16 1.16771046e+01)
922             	3.85630250e+04	2.88179171e+02	(2.49648623e+02 -7.54270840e-16 1.16770731e+01)
923             	3.85639856e+04	2.88177951e+02	(2.49654408e+02 -7.54268019e-16 1.16770197e+01)
924             	3.85648996e+04	2.88176758e+02	(2.49659876e+02 -7.54261907e-16 1.16768858e+01)
925             	3.85657698e+04	2.88175514e+02	(2.49665050e+02 -7.54255565e-16 1.16767288e+01)
926             	3.85665926e+04	2.88174241e+02	(2.49669883e+02 -7.54250722e-16 1.16765012e+01)
927             	3.85673677e+04	2.88172968e+02	(2.49674403e+02 -7.54251252e-16 1.16762471e+01)
928             	3.85680972e+04	2.88171701e+02	(2.49678612e+02 -7.54250570e-16 1.16759751e+01)
929             	3.85687750e+04	2.88170436e+02	(2.49682489e+02 -7.54249667e-16 1.16756362e+01)
930             	3.85694014e+04	2.88169186e+02	(2.49686057e+02 -7.54249377e-16 1.16752761e+01)
931             	3.85699793e+04	2.88167968e+02	(2.49689304e+02 -7.54247434e-16 1.16749056e+01)
932             	3.85705023e+04	2.88166783e+02	(2.49692200e+02 -7.54244499e-16 1.16744764e+01)
933             	3.85709730e+04	2.88165585e+02	(2.49694776e+02 -7.54235714e-16 1.16740365e+01)
934             	3.85713891e+04	2.88164377e+02	(2.49696998e+02 -7.54221495e-16 1.16735422e+01)
935             	3.85717510e+04	2.88163224e+02	(2.49698896e+02 -7.54207027e-16 1.16730310e+01)
936             	3.85720611e+04	2.88162094e+02	(2.49700443e+02 -7.54192482e-16 1.16725144e+01)
937             	3.85723141e+04	2.88160957e+02	(2.49701619e+02 -7.54177111e-16 1.16719501e+01)
938             	3.85725118e+04	2.88159848e+02	(2.49702462e+02 -7.54160257e-16 1.16713792e+01)
939             	3.85726529e+04	2.88158727e+02	(2.49702910e+02 -7.54142481e-16 1.16707639e+01)
940             	3.85727388e+04	2.88157674e+02	(2.49703006e+02 -7.54127495e-16 1.16701419e+01)
941             	3.85727674e+04	2.88156609e+02	(2.49702713e+02 -7.54114513e-16 1.16694802e+01)
942             	3.85727413e+04	2.88155605e+02	(2.49702063e+02 -7.54103092e-16 1.16688119e+01)
943             	3.85726587e+04	2.88154578e+02	(2.49701007e+02 -7.54090264e-16 1.16681079e+01)
944             	3.85725207e+04	2.88153617e+02	(2.49699597e+02 -7.54079802e-16 1.16674015e+01)
945             	3.85723271e+04	2.88152618e+02	(2.49697793e+02 -7.54067952e-16 1.16666656e+01)
946             	3.85720803e+04	2.88151686e+02	(2.49695654e+02 -7.54055875e-16 1.16659334e+01)
947             	3.85717789e+04	2.88150720e+02	(2.49693137e+02 -7.54040587e-16 1.16651813e+01)
948             	3.85714246e+04	2.88149837e+02	(2.49690311e+02 -7.54026319e-16 1.16644305e+01)
949             	3.85710178e+04	2.88148933e+02	(2.49687128e+02 -7.54011271e-16 1.16636593e+01)
950             	3.85705599e+04	2.88148128e+02	(2.49683650e+02 -7.53997261e-16 1.16628909e+01)
951             	3.85700523e+04	2.88147313e+02	(2.49679825e+02 -7.53982178e-16 1.16621072e+01)
952             	3.85694964e+04	2.88146598e+02	(2.49675726e+02 -7.53969809e-16 1.16613260e+01)
953             	3.85688937e+04	2.88145872e+02	(2.49671308e+02 -7.53957994e-16 1.16605397e+01)
954             	3.85682433e+04	2.88145259e+02	(2.49666643e+02 -7.53949849e-16 1.16597666e+01)
955             	3.85675481e+04	2.88144649e+02	(2.49661677e+02 -7.53941552e-16 1.16589912e+01)
956             	3.85668093e+04	2.88144150e+02	(2.49656487e+02 -7.53936315e-16 1.16582215e+01)
957             	3.85660298e+04	2.88143651e+02	(2.49651023e+02 -7.53929801e-16 1.16574513e+01)
958             	3.85652106e+04	2.88143260e+02	(2.49645350e+02 -7.53926137e-16 1.16566863e+01)
959             	3.85643538e+04	2.88142850e+02	(2.49639423e+02 -7.53921004e-16 1.16559219e+01)
960             	3.85634607e+04	2.88142530e+02	(2.49633299e+02 -7.53918888e-16 1.16551588e+01)
961             	3.85625355e+04	2.88142214e+02	(2.49626928e+02 -7.53915157e-16 1.16543972e+01)
962             	3.85615794e+04	2.88142022e+02	(2.49620373e+02 -7.53914573e-16 1.16536363e+01)
963             	3.85605957e+04	2.88141832e+02	(2.49613597e+02 -7.53912118e-16 1.16528831e+01)
964             	3.85595838e+04	2.88141742e+02	(2.49606664e+02 -7.53912665e-16 1.16521370e+01)
965             	3.85585476e+04	2.88141642e+02	(2.49599537e+02 -7.53911293e-16 1.16514114e+01)
966             	3.85574867e+04	2.88141631e+02	(2.49592270e+02 -7.53911004e-16 1.16506981e+01)
967             	3.85564048e+04	2.88141603e+02	(2.49584823e+02 -7.53908564e-16 1.16500100e+01)
968             	3.85553008e+04	2.88141665e+02	(2.49577263e+02 -7.53906452e-16 1.16493351e+01)
969             	3.85541792e+04	2.88141721e+02	(2.49569561e+02 -7.53899380e-16 1.16486909e+01)
970             	3.85530422e+04	2.88141879e+02	(2.49561776e+02 -7.53895431e-16 1.16480584e+01)
971             	3.85518924e+04	2.88142101e+02	(2.49553863e+02 -7.53893379e-16 1.16474390e+01)
972             	3.85507282e+04	2.88142301e+02	(2.49545851e+02 -7.53890847e-16 1.16468562e+01)
973             	3.85495504e+04	2.88142590e+02	(2.49537820e+02 -7.53889018e-16 1.16462872e+01)
974             	3.85483651e+04	2.88142903e+02	(2.49529751e+02 -7.53886751e-16 1.16457603e+01)
975             	3.85471741e+04	2.88143288e+02	(2.49521696e+02 -7.53885393e-16 1.16452502e+01)
976             	3.85459781e+04	2.88143704e+02	(2.49513618e+02 -7.53885737e-16 1.16447652e+01)
977             	3.85447804e+04	2.88144086e+02	(2.49505531e+02 -7.53883666e-16 1.16443383e+01)
978             	3.85435844e+04	2.88144546e+02	(2.49497487e+02 -7.53881851e-16 1.16439371e+01)
979             	3.85423927e+04	2.88145062e+02	(2.49489457e+02 -7.53879149e-16 1.16435613e+01)
980             	3.85412049e+04	2.88145550e+02	(2.49481485e+02 -7.53876203e-16 1.16432463e+01)
981             	3.85400247e+04	2.88146125e+02	(2.49473615e+02 -7.53872721e-16 1.16429541e+01)
982             	3.85388542e+04	2.88146768e+02	(2.49465828e+02 -7.53868890e-16 1.16426800e+01)
983             	3.85376943e+04	2.88147383e+02	(2.49458163e+02 -7.53861788e-16 1.16424694e+01)
984             	3.85365466e+04	2.88148073e+02	(2.49450658e+02 -7.53855549e-16 1.16422879e+01)
985             	3.85354129e+04	2.88148813e+02	(2.49443273e+02 -7.53851595e-16 1.16421322e+01)
986             	3.85342926e+04	2.88149511e+02	(2.49436035e+02 -7.53847724e-16 1.16420456e+01)
987             	3.85331886e+04	2.88150274e+02	(2.49428974e+02 -7.53844107e-16 1.16419872e+01)
988             	3.85321014e+04	2.88151079e+02	(2.49422059e+02 -7.53843492e-16 1.16419530e+01)
989             	3.85310335e+04	2.88151846e+02	(2.49415308e+02 -7.53843790e-16 1.16419905e+01)
990             	3.85299840e+04	2.88152669e+02	(2.49408731e+02 -7.53848637e-16 1.16420468e+01)
991             	3.85289596e+04	2.88153510e+02	(2.49402326e+02 -7.53854215e-16 1.16421581e+01)
992             	3.85279614e+04	2.88154381e+02	(2.49396082e+02 -7.53859725e-16 1.16422874e+01)
993             	3.85269887e+04	2.88155261e+02	(2.49390008e+02 -7.53867160e-16 1.16424294e+01)
994             	3.85260463e+04	2.88156132e+02	(2.49384128e+02 -7.53867942e-16 1.16426275e+01)
995             	3.85251367e+04	2.88157043e+02	(2.49378455e+02 -7.53867035e-16 1.16428392e+01)
996             	3.85242592e+04	2.88157971e+02	(2.49372989e+02 -7.53866088e-16 1.16430563e+01)
997             	3.85234197e+04	2.88158882e+02	(2.49367768e+02 -7.53862188e-16 1.16433262e+01)
998             	3.85226189e+04	2.88159839e+02	(2.49362791e+02 -7.53860132e-16 1.16436074e+01)
999             	3.85218531e+04	2.88160811e+02	(2.49358042e+02 -7.53865615e-16 1.16438955e+01)
1000            	3.85211282e+04	2.88161767e+02	(2.49353571e+02 -7.53870453e-16 1.16442412e+01)
1001            	3.85204441e+04	2.88162772e+02	(2.49349366e+02 -7.53871238e-16 1.16446022e+01)
1002            	3.85198001e+04	2.88163797e+02	(2.49345434e+02 -7.53871040e-16 1.16449745e+01)
1003            	3.85192016e+04	2.88164809e+02	(2.49341799e+02 -7.53870717e-16 1.16453994e+01)
1004            	3.85186479e+04	2.88165849e+02	(2.49338456e+02 -7.53879800e-16 1.16458295e+01)
1005            	3.85181428e+04	2.88166912e+02	(2.49335431e+02 -7.53894464e-16 1.16463104e+01)
1006            	3.85176839e+04	2.88167948e+02	(2.49332693e+02 -7.53906448e-16 1.16468047e+01)
1007            	3.85172700e+04	2.88168972e+02	(2.49330282e+02 -7.53919436e-16 1.16473084e+01)
1008            	3.85169053e+04	2.88169999e+02	(2.49328198e+02 -7.53931180e-16 1.16478639e+01)
1009            	3.85165880e+04	2.88171004e+02	(2.49326418e+02 -7.53944002e-16 1.16484332e+01)
1010            	3.85163148e+04	2.88171973e+02	(2.49324968e+02 -7.53957856e-16 1.16490074e+01)
1011            	3.85160916e+04	2.88172919e+02	(2.49323855e+02 -7.53970650e-16 1.16496276e+01)
1012            	3.85159160e+04	2.88173850e+02	(2.49323031e+02 -7.53981716e-16 1.16502666e+01)
1013            	3.85157836e+04	2.88174745e+02	(2.49322533e+02 -7.53992727e-16 1.16509161e+01)
1014            	3.85157026e+04	2.88175630e+02	(2.49322372e+02 -7.54001816e-16 1.16516067e+01)
1015            	3.85156695e+04	2.88176507e+02	(2.49322483e+02 -7.54009537e-16 1.16522986e+01)
1016            	3.85156819e+04	2.88177399e+02	(2.49322927e+02 -7.54018125e-16 1.16530169e+01)
1017            	3.85157403e+04	2.88178226e+02	(2.49323661e+02 -7.54025833e-16 1.16537400e+01)
1018            	3.85158421e+04	2.88179026e+02	(2.49324694e+02 -7.54034037e-16 1.16544599e+01)
1019            	3.85159907e+04	2.88179848e+02	(2.49326046e+02 -7.54042275e-16 1.16552027e+01)
1020            	3.85161840e+04	2.88180615e+02	(2.49327661e+02 -7.54049555e-16 1.16559507e+01)
1021            	3.85164175e+04	2.88181337e+02	(2.49329580e+02 -7.54056337e-16 1.16566956e+01)
1022            	3.85166975e+04	2.88182059e+02	(2.49331805e+02 -7.54065016e-16 1.16574572e+01)
1023            	3.85170211e+04	2.88182735e+02	(2.49334269e+02 -7.54072039e-16 1.16582153e+01)
1024            	3.85173865e+04	2.88183413e+02	(2.49337042e+02 -7.54080106e-16 1.16589891e+01)
1025            	3.85177942e+04	2.88183999e+02	(2.49340063e+02 -7.54087393e-16 1.16597597e+01)
1026            	3.85182432e+04	2.88184602e+02	(2.49343370e+02 -7.54095123e-16 1.16605424e+01)
1027            	3.85187318e+04	2.88185119e+02	(2.49346909e+02 -7.54102012e-16 1.16613217e+01)
1028            	3.85192597e+04	2.88185647e+02	(2.49350731e+02 -7.54110222e-16 1.16621096e+01)
1029            	3.85198247e+04	2.88186089e+02	(2.49354760e+02 -7.54117371e-16 1.16628996e+01)
1030            	3.85204232e+04	2.88186487e+02	(2.49359040e+02 -7.54124193e-16 1.16636864e+01)
1031            	3.85210599e+04	2.88186901e+02	(2.49363574e+02 -7.54133131e-16 1.16644749e+01)
1032            	3.85217327e+04	2.88187256e+02	(2.49368280e+02 -7.54139873e-16 1.16652604e+01)
1033            	3.85224377e+04	2.88187618e+02	(2.49373224e+02 -7.54147547e-16 1.16660473e+01)
1034            	3.85231751e+04	2.88187894e+02	(2.49378332e+02 -7.54153837e-16 1.16668305e+01)
1035            	3.85239426e+04	2.88188193e+02	(2.49383635e+02 -7.54160836e-16 1.16676116e+01)
1036            	3.85247390e+04	2.88188407e+02	(2.49389078e+02 -7.54165608e-16 1.16683904e+01)
1037            	3.85255621e+04	2.88188637e+02	(2.49394715e+02 -7.54171229e-16 1.16691630e+01)
1038            	3.85264122e+04	2.88188785e+02	(2.49400477e+02 -7.54175215e-16 1.16699316e+01)
1039            	3.85272852e+04	2.88188952e+02	(2.49406417e+02 -7.54179207e-16 1.16706914e+01)
1040            	3.85281813e+04	2.88189037e+02	(2.49412480e+02 -7.54181134e-16 1.16714466e+01)
1041            	3.85290977e+04	2.88189139e+02	(2.49418693e+02 -7.54182772e-16 1.16721895e+01)
1042            	3.85300343e+04	2.88189146e+02	(2.49424998e+02 -7.54181328e-16 1.16729276e+01)
1043            	3.85309874e+04	2.88189151e+02	(2.49431424e+02 -7.54180205e-16 1.16736481e+01)
1044            	3.85319574e+04	2.88189069e+02	(2.49437926e+02 -7.54177274e-16 1.16743621e+01)
1045            	3.85329403e+04	2.88189003e+02	(2.49444522e+02 -7.54175995e-16 1.16750545e+01)
1046            	3.85339369e+04	2.88188864e+02	(2.49451180e+02 -7.54174333e-16 1.16757388e+01)
1047            	3.85349430e+04	2.88188736e+02	(2.49457902e+02 -7.54175054e-16 1.16763966e+01)
1048            	3.85359594e+04	2.88188537e+02	(2.49464659e+02 -7.54174622e-16 1.16770466e+01)
1049            	3.85369818e+04	2.88188357e+02	(2.49471453e+02 -7.54175067e-16 1.16776654e+01)
1050            	3.85380109e+04	2.88188112e+02	(2.49478265e+02 -7.54175358e-16 1.16782766e+01)
1051            	3.85390429e+04	2.88187885e+02	(2.49485085e+02 -7.54178490e-16 1.16788543e+01)
1052            	3.85400789e+04	2.88187588e+02	(2.49491898e+02 -7.54183062e-16 1.16794207e+01)
1053            	3.85411136e+04	2.88187299e+02	(2.49498691e+02 -7.54185012e-16 1.16799504e+01)
1054            	3.85421475e+04	2.88186942e+02	(2.49505458e+02 -7.54181940e-16 1.16804695e+01)
1055            	3.85431768e+04	2.88186593e+02	(2.49512183e+02 -7.54180282e-16 1.16809447e+01)
1056            	3.85442003e+04	2.88186177e+02	(2.49518857e+02 -7.54182816e-16 1.16814013e+01)
1057            	3.85452166e+04	2.88185721e+02	(2.49525472e+02 -7.54189752e-16 1.16818375e+01)
1058            	3.85462228e+04	2.88185289e+02	(2.49532013e+02 -7.54196113e-16 1.16822189e+01)
1059            	3.85472205e+04	2.88184787e+02	(2.49538472e+02 -7.54201394e-16 1.16825810e+01)
1060            	3.85482041e+04	2.88184268e+02	(2.49544830e+02 -7.54205787e-16 1.16828907e+01)
1061            	3.85491737e+04	2.88183692e+02	(2.49551097e+02 -7.54203535e-16 1.16831747e+01)
1062            	3.85501284e+04	2.88183081e+02	(2.49557257e+02 -7.54203291e-16 1.16834349e+01)
1063            	3.85510663e+04	2.88182482e+02	(2.49563306e+02 -7.54205740e-16 1.16836341e+01)
1064            	3.85519855e+04	2.88181821e+02	(2.49569220e+02 -7.54210773e-16 1.16838079e+01)
1065            	3.85528845e+04	2.88181119e+02	(2.49575000e+02 -7.54213300e-16 1.16839625e+01)
1066            	3.85537604e+04	2.88180434e+02	(2.49580621e+02 -7.54214301e-16 1.16840564e+01)
1067            	3.85546141e+04	2.88179693e+02	(2.49586086e+02 -7.54217114e-16 1.16841321e+01)
1068            	3.85554403e+04	2.88178928e+02	(2.49591362e+02 -7.54220064e-16 1.16841525e+01)
1069            	3.85562390e+04	2.88178128e+02	(2.49596461e+02 -7.54220862e-16 1.16841480e+01)
1070            	3.85570113e+04	2.88177312e+02	(2.49601369e+02 -7.54221134e-16 1.16841224e+01)
1071            	3.85577521e+04	2.88176495e+02	(2.49606058e+02 -7.54221265e-16 1.16840357e+01)
1072            	3.85584613e+04	2.88175643e+02	(2.49610543e+02 -7.54220367e-16 1.16839267e+01)
1073            	3.85591409e+04	2.88174775e+02	(2.49614811e+02 -7.54217236e-16 1.16838038e+01)
1074            	3.85597863e+04	2.88173920e+02	(2.49618838e+02 -7.54214046e-16 1.16836265e+01)
1075            	3.85603990e+04	2.88173038e+02	(2.49622640e+02 -7.54210093e-16 1.16834376e+01)
1076            	3.85609761e+04	2.88172139e+02	(2.49626181e+02 -7.54208769e-16 1.16832036e+01)
1077            	3.85615169e+04	2.88171248e+02	(2.49629476e+02 -7.54209143e-16 1.16829539e+01)
1078            	3.85620232e+04	2.88170366e+02	(2.49632521e+02 -7.54207840e-16 1.16826927e+01)
1079            	3.85624909e+04	2.88169484e+02	(2.49635297e+02 -7.54206147e-16 1.16823811e+01)
1080            	3.85629200e+04	2.88168604e+02	(2.49637815e+02 -7.54203782e-16 1.16820507e+01)
1081            	3.85633130e+04	2.88167740e+02	(2.49640066e+02 -7.54200860e-16 1.16817102e+01)
1082            	3.85636651e+04	2.88166891e+02	(2.49642034e+02 -7.54199552e-16 1.16813237e+01)
1083            	3.85639782e+04	2.88166033e+02	(2.49643750e+02 -7.54199067e-16 1.16809276e+01)
1084            	3.85642514e+04	2.88165165e+02	(2.49645183e+02 -7.54197760e-16 1.16804923e+01)
1085            	3.85644848e+04	2.88164342e+02	(2.49646359e+02 -7.54196246e-16 1.16800453e+01)
1086            	3.85646799e+04	2.88163535e+02	(2.49647271e+02 -7.54191231e-16 1.16795958e+01)
1087            	3.85648330e+04	2.88162724e+02	(2.49647901e+02 -7.54181752e-16 1.16791134e+01)
1088            	3.85649454e+04	2.88161942e+02	(2.49648289e+02 -7.54170074e-16 1.16786277e+01)
1089            	3.85650162e+04	2.88161149e+02	(2.49648393e+02 -7.54156119e-16 1.16781136e+01)
1090            	3.85650462e+04	2.88160403e+02	(2.49648245e+02 -7.54141613e-16 1.16775965e+01)
1091            	3.85650344e+04	2.88159643e+02	(2.49647813e+02 -7.54127599e-16 1.16770539e+01)
1092            	3.85649822e+04	2.88158925e+02	(2.49647128e+02 -7.54115842e-16 1.16765100e+01)
1093            	3.85648890e+04	2.88158192e+02	(2.49646158e+02 -7.54104351e-16 1.16759448e+01)
1094            	3.85647561e+04	2.88157499e+02	(2.49644942e+02 -7.54094894e-16 1.16753749e+01)
1095            	3.85645864e+04	2.88156820e+02	(2.49643463e+02 -7.54085910e-16 1.16748060e+01)
1096            	3.85643762e+04	2.88156122e+02	(2.49641712e+02 -7.54077238e-16 1.16742166e+01)
1097            	3.85641280e+04	2.88155450e+02	(2.49639754e+02 -7.54070876e-16 1.16736309e+01)
1098            	3.85638422e+04	2.88154761e+02	(2.49637527e+02 -7.54064535e-16 1.16730393e+01)
1099            	3.85635177e+04	2.88154148e+02	(2.49635078e+02 -7.54059954e-16 1.16724573e+01)
1100            	3.85631560e+04	2.88153515e+02	(2.49632380e+02 -7.54056309e-16 1.16718689e+01)
1101            	3.85627588e+04	2.88152958e+02	(2.49629476e+02 -7.54051834e-16 1.16712829e+01)
1102            	3.85623261e+04	2.88152407e+02	(2.49626343e+02 -7.54045425e-16 1.16706887e+01)
1103            	3.85618586e+04	2.88151943e+02	(2.49623034e+02 -7.54039115e-16 1.16700980e+01)
1104            	3.85613581e+04	2.88151481e+02	(2.49619520e+02 -7.54031930e-16 1.16695053e+01)
1105            	3.85608256e+04	2.88151108e+02	(2.49615844e+02 -7.54025887e-16 1.16689183e+01)
1106            	3.85602620e+04	2.88150741e+02	(2.49611977e+02 -7.54018891e-16 1.16683338e+01)
1107            	3.85596680e+04	2.88150457e+02	(2.49607960e+02 -7.54013431e-16 1.16677557e+01)
1108            	3.85590457e+04	2.88150186e+02	(2.49603758e+02 -7.54007163e-16 1.16671791e+01)
1109            	3.85583966e+04	2.88150008e+02	(2.49599412e+02 -7.54002816e-16 1.16666058e+01)
1110            	3.85577231e+04	2.88149836e+02	(2.49594884e+02 -7.53998268e-16 1.16660367e+01)
1111            	3.85570259e+04	2.88149733e+02	(2.49590215e+02 -7.53994608e-16 1.16654719e+01)
1112            	3.85563071e+04	2.88149622e+02	(2.49585378e+02 -7.53990417e-16 1.16649190e+01)
1113            	3.85555678e+04	2.88149570e+02	(2.49580409e+02 -7.53987377e-16 1.16643746e+01)
1114            	3.85548089e+04	2.88149497e+02	(2.49575281e+02 -7.53984188e-16 1.16638456e+01)
1115            	3.85540312e+04	2.88149475e+02	(2.49570049e+02 -7.53981722e-16 1.16633239e+01)
1116            	3.85532371e+04	2.88149435e+02	(2.49564685e+02 -7.53977960e-16 1.16628217e+01)
1117            	3.85524276e+04	2.88149456e+02	(2.49559230e+02 -7.53974368e-16 1.16623266e+01)
1118            	3.85516047e+04	2.88149474e+02	(2.49553663e+02 -7.53971942e-16 1.16618501e+01)
1119            	3.85507687e+04	2.88149562e+02	(2.49548031e+02 -7.53968807e-16 1.16613789e+01)
1120            	3.85499224e+04	2.88149648e+02	(2.49542318e+02 -7.53966493e-16 1.16609287e+01)
1121            	3.85490683e+04	2.88149807e+02	(2.49536577e+02 -7.53964097e-16 1.16604832e+01)
1122            	3.85482074e+04	2.88150009e+02	(2.49530787e+02 -7.53962455e-16 1.16600458e+01)
1123            	3.85473402e+04	2.88150196e+02	(2.49524970e+02 -7.53957646e-16 1.16596381e+01)
1124            	3.85464661e+04	2.88150447e+02	(2.49519163e+02 -7.53954068e-16 1.16592399e+01)
1125            	3.85455904e+04	2.88150713e+02	(2.49513345e+02 -7.53949290e-16 1.16588733e+01)
1126            	3.85447135e+04	2.88151035e+02	(2.49507547e+02 -7.53946405e-16 1.16585188e+01)
1127            	3.85438361e+04	2.88151388e+02	(2.49501752e+02 -7.53942060e-16 1.16581793e+01)
1128            	3.85429604e+04	2.88151728e+02	(2.49495979e+02 -7.53936031e-16 1.16578803e+01)
1129            	3.85420890e+04	2.88152126e+02	(2.49490249e+02 -7.53930092e-16 1.16575963e+01)
1130            	3.85412231e+04	2.88152562e+02	(2.49484549e+02 -7.53925853e-16 1.16573257e+01)
1131            	3.85403639e+04	2.88152974e+02	(2.49478905e+02 -7.53920056e-16 1.16570990e+01)
1132            	3.85395135e+04	2.88153450e+02	(2.49473358e+02 -7.53916102e-16 1.16568897e+01)
1133            	3.85386731e+04	2.88153966e+02	(2.49467884e+02 -7.53913743e-16 1.16566995e+01)
1134            	3.85378423e+04	2.88154454e+02	(2.49462498e+02 -7.53912376e-16 1.16565618e+01)
1135            	3.85370196e+04	2.88154994e+02	(2.49457222e+02 -7.53910599e-16 1.16564411e+01)
1136            	3.85362092e+04	2.88155557e+02	(2.49452054e+02 -7.53908984e-16 1.16563657e+01)
1137            	3.85354118e+04	2.88156155e+02	(2.49446998e+02 -7.53908560e-16 1.16563090e+01)
1138            	3.85346278e+04	2.88156764e+02	(2.49442056e+02 -7.53912034e-16 1.16562748e+01)
1139            	3.85338587e+04	2.88157380e+02	(2.49437227e+02 -7.53916113e-16 1.16562672e+01)
1140            	3.85331063e+04	2.88158004e+02	(2.49432514e+02 -7.53920622e-16 1.16562849e+01)
1141            	3.85323726e+04	2.88158636e+02	(2.49427920e+02 -7.53924684e-16 1.16563248e+01)
1142            	3.85316588e+04	2.88159276e+02	(2.49423455e+02 -7.53928072e-16 1.16563859e+01)
1143            	3.85309667e+04	2.88159926e+02	(2.49419124e+02 -7.53928390e-16 1.16564665e+01)
1144            	3.85302973e+04	2.88160584e+02	(2.49414937e+02 -7.53929240e-16 1.16565664e+01)
1145            	3.85296519e+04	2.88161254e+02	(2.49410905e+02 -7.53926561e-16 1.16566859e+01)
1146            	3.85290319e+04	2.88161938e+02	(2.49407036e+02 -7.53922785e-16 1.16568233e+01)
1147            	3.85284388e+04	2.88162634e+02	(2.49403342e+02 -7.53920248e-16 1.16569785e+01)
1148            	3.85278748e+04	2.88163342e+02	(2.49399838e+02 -7.53920015e-16 1.16571510e+01)
1149            	3.85273403e+04	2.88164061e+02	(2.49396525e+02 -7.53921292e-16 1.16573414e+01)
1150            	3.85268354e+04	2.88164788e+02	(2.49393404e+02 -7.53923467e-16 1.16575531e+01)
1151            	3.85263601e+04	2.88165518e+02	(2.49390481e+02 -7.53926664e-16 1.16577859e+01)
1152            	3.85259162e+04	2.88166249e+02	(2.49387773e+02 -7.53929201e-16 1.16580409e+01)
1153            	3.85255035e+04	2.88166983e+02	(2.49385275e+02 -7.53932774e-16 1.16583147e+01)
1154            	3.85251233e+04	2.88167718e+02	(2.49383005e+02 -7.53936351e-16 1.16586078e+01)
1155            	3.85247761e+04	2.88168454e+02	(2.49380952e+02 -7.53938911e-16 1.16589174e+01)
1156            	3.85244629e+04	2.88169193e+02	(2.49379135e+02 -7.53942805e-16 1.16592449e+01)
1157            	3.85241839e+04	2.88169935e+02	(2.49377550e+02 -7.53947572e-16 1.16595906e+01)
1158            	3.85239405e+04	2.88170673e+02	(2.49376205e+02 -7.53955698e-16 1.16599546e+01)
1159            	3.85237326e+04	2.88171400e+02	(2.49375099e+02 -7.53965107e-16 1.16603355e+01)
1160            	3.85235586e+04	2.88172111e+02	(2.49374227e+02 -7.53972521e-16 1.16607236e+01)
1161            	3.85234208e+04	2.88172825e+02	(2.49373602e+02 -7.53980456e-16 1.16611401e+01)
1162            	3.85233181e+04	2.88173500e+02	(2.49373189e+02 -7.53987679e-16 1.16615654e+01)
1163            	3.85232478e+04	2.88174146e+02	(2.49373008e+02 -7.53994650e-16 1.16619940e+01)
1164            	3.85232149e+04	2.88174789e+02	(2.49373062e+02 -7.54001281e-16 1.16624463e+01)
1165            	3.85232169e+04	2.88175415e+02	(2.49373309e+02 -7.54005911e-16 1.16629019e+01)
1166            	3.85232537e+04	2.88176047e+02	(2.49373793e+02 -7.54011155e-16 1.16633795e+01)
1167            	3.85233252e+04	2.88176632e+02	(2.49374474e+02 -7.54014453e-16 1.16638618e+01)
1168            	3.85234292e+04	2.88177196e+02	(2.49375373e+02 -7.54018296e-16 1.16643426e+01)
1169            	3.85235683e+04	2.88177771e+02	(2.49376501e+02 -7.54022521e-16 1.16648388e+01)
1170            	3.85237397e+04	2.88178302e+02	(2.49377814e+02 -7.54026878e-16 1.16653402e+01)
1171            	3.85239402e+04	2.88178795e+02	(2.49379344e+02 -7.54031747e-16 1.16658404e+01)
1172            	3.85241748e+04	2.88179288e+02	(2.49381103e+02 -7.54037424e-16 1.16663510e+01)
1173            	3.85244413e+04	2.88179752e+02	(2.49383032e+02 -7.54042822e-16 1.16668600e+01)
1174            	3.85247382e+04	2.88180216e+02	(2.49385183e+02 -7.54048337e-16 1.16673780e+01)
1175            	3.85250654e+04	2.88180610e+02	(2.49387513e+02 -7.54053288e-16 1.16678923e+01)
1176            	3.85254225e+04	2.88181017e+02	(2.49390050e+02 -7.54058993e-16 1.16684122e+01)
1177            	3.85258079e+04	2.88181370e+02	(2.49392759e+02 -7.54063880e-16 1.16689289e+01)
1178            	3.85262216e+04	2.88181733e+02	(2.49395671e+02 -7.54070118e-16 1.16694493e+01)
1179            	3.85266631e+04	2.88182036e+02	(2.49398730e+02 -7.54075241e-16 1.16699667e+01)
1180            	3.85271305e+04	2.88182353e+02	(2.49401974e+02 -7.54081119e-16 1.16704869e+01)
1181            	3.85276234e+04	2.88182608e+02	(2.49405349e+02 -7.54085934e-16 1.16710037e+01)
1182            	3.85281408e+04	2.88182873e+02	(2.49408887e+02 -7.54091358e-16 1.16715201e+01)
1183            	3.85286825e+04	2.88183075e+02	(2.49412540e+02 -7.54095469e-16 1.16720348e+01)
1184            	3.85292467e+04	2.88183285e+02	(2.49416346e+02 -7.54100152e-16 1.16725486e+01)
1185            	3.85298330e+04	2.88183433e+02	(2.49420258e+02 -7.54103689e-16 1.16730600e+01)
1186            	3.85304394e+04	2.88183592e+02	(2.49424312e+02 -7.54107911e-16 1.16735675e+01)
1187            	3.85310654e+04	2.88183690e+02	(2.49428465e+02 -7.54110679e-16 1.16740721e+01)
1188            	3.85317089e+04	2.88183794e+02	(2.49432744e+02 -7.54114220e-16 1.16745701e+01)
1189            	3.85323693e+04	2.88183830e+02	(2.49437112e+02 -7.54116555e-16 1.16750662e+01)
1190            	3.85330442e+04	2.88183870e+02	(2.49441591e+02 -7.54120091e-16 1.16755550e+01)
1191            	3.85337340e+04	2.88183846e+02	(2.49446141e+02 -7.54122974e-16 1.16760417e+01)
1192            	3.85344361e+04	2.88183824e+02	(2.49450783e+02 -7.54129586e-16 1.16765176e+01)
1193            	3.85351508e+04	2.88183747e+02	(2.49455480e+02 -7.54134620e-16 1.16769932e+01)
1194            	3.85358750e+04	2.88183683e+02	(2.49460243e+02 -7.54137524e-16 1.16774558e+01)
1195            	3.85366094e+04	2.88183564e+02	(2.49465039e+02 -7.54137500e-16 1.16779154e+01)
1196            	3.85373507e+04	2.88183455e+02	(2.49469883e+02 -7.54137779e-16 1.16783579e+01)
1197            	3.85380999e+04	2.88183301e+02	(2.49474754e+02 -7.54136612e-16 1.16787961e+01)
1198            	3.85388534e+04	2.88183160e+02	(2.49479655e+02 -7.54136078e-16 1.16792126e+01)
1199            	3.85396102e+04	2.88182970e+02	(2.49484562e+02 -7.54136334e-16 1.16796221e+01)
1200            	3.85403693e+04	2.88182756e+02	(2.49489489e+02 -7.54140021e-16 1.16800218e+01)
1201            	3.85411306e+04	2.88182570e+02	(2.49494429e+02 -7.54144069e-16 1.16803904e+01)
1202            	3.85418945e+04	2.88182339e+02	(2.49499355e+02 -7.54150156e-16 1.16807495e+01)
1203            	3.85426551e+04	2.88182104e+02	(2.49504270e+02 -7.54157519e-16 1.16810787e+01)
1204            	3.85434119e+04	2.88181823e+02	(2.49509163e+02 -7.54161150e-16 1.16813962e+01)
1205            	3.85441650e+04	2.88181519e+02	(2.49514035e+02 -7.54162008e-16 1.16817001e+01)
1206            	3.85449122e+04	2.88181231e+02	(2.49518876e+02 -7.54163452e-16 1.16819654e+01)
1207            	3.85456519e+04	2.88180894e+02	(2.49523669e+02 -7.54165052e-16 1.16822160e+01)
1208            	3.85463834e+04	2.88180522e+02	(2.49528421e+02 -7.54163809e-16 1.16824546e+01)
1209            	3.85471059e+04	2.88180169e+02	(2.49533113e+02 -7.54167856e-16 1.16826531e+01)
1210            	3.85478205e+04	2.88179765e+02	(2.49537739e+02 -7.54171125e-16 1.16828392e+01)
1211            	3.85485218e+04	2.88179344e+02	(2.49542274e+02 -7.54174637e-16 1.16829871e+01)
1212            	3.85492097e+04	2.88178887e+02	(2.49546730e+02 -7.54174338e-16 1.16831193e+01)
1213            	3.85498841e+04	2.88178408e+02	(2.49551090e+02 -7.54173987e-16 1.16832356e+01)
1214            	3.85505419e+04	2.88177932e+02	(2.49555343e+02 -7.54173701e-16 1.16833077e+01)
1215            	3.85511826e+04	2.88177418e+02	(2.49559485e+02 -7.54175507e-16 1.16833609e+01)
1216            	3.85518065e+04	2.88176881e+02	(2.49563515e+02 -7.54177494e-16 1.16833987e+01)
1217            	3.85524104e+04	2.88176355e+02	(2.49567408e+02 -7.54178934e-16 1.16833921e+01)
1218            	3.85529940e+04	2.88175793e+02	(2.49571167e+02 -7.54180587e-16 1.16833678e+01)
1219            	3.85535581e+04	2.88175211e+02	(2.49574786e+02 -7.54182225e-16 1.16833294e+01)
1220            	3.85540998e+04	2.88174642e+02	(2.49578247e+02 -7.54184141e-16 1.16832478e+01)
1221            	3.85546202e+04	2.88174040e+02	(2.49581556e+02 -7.54186083e-16 1.16831553e+01)
1222            	3.85551168e+04	2.88173424e+02	(2.49584687e+02 -7.54186735e-16 1.16830261e+01)
1223            	3.85555893e+04	2.88172805e+02	(2.49587653e+02 -7.54185727e-16 1.16828836e+01)
1224            	3.85560389e+04	2.88172185e+02	(2.49590444e+02 -7.54183730e-16 1.16827324e+01)
1225            	3.85564619e+04	2.88171564e+02	(2.49593045e+02 -7.54180727e-16 1.16825413e+01)
1226            	3.85568578e+04	2.88170937e+02	(2.49595463e+02 -7.54177045e-16 1.16823355e+01)
1227            	3.85572286e+04	2.88170313e+02	(2.49597695e+02 -7.54175039e-16 1.16821206e+01)
1228            	3.85575703e+04	2.88169699e+02	(2.49599725e+02 -7.54173780e-16 1.16818693e+01)
1229            	3.85578831e+04	2.88169076e+02	(2.49601564e+02 -7.54172827e-16 1.16816036e+01)
1230            	3.85581691e+04	2.88168459e+02	(2.49603206e+02 -7.54170572e-16 1.16813302e+01)
1231            	3.85584247e+04	2.88167857e+02	(2.49604637e+02 -7.54169483e-16 1.16810230e+01)
1232            	3.85586511e+04	2.88167247e+02	(2.49605878e+02 -7.54167549e-16 1.16807094e+01)
1233            	3.85588475e+04	2.88166632e+02	(2.49606905e+02 -7.54164529e-16 1.16803672e+01)
1234            	3.85590146e+04	2.88166044e+02	(2.49607738e+02 -7.54162721e-16 1.16800160e+01)
1235            	3.85591534e+04	2.88165467e+02	(2.49608371e+02 -7.54160591e-16 1.16796607e+01)
1236            	3.85592621e+04	2.88164885e+02	(2.49608796e+02 -7.54159608e-16 1.16792804e+01)
1237            	3.85593416e+04	2.88164324e+02	(2.49609036e+02 -7.54158266e-16 1.16788914e+01)
1238            	3.85593937e+04	2.88163785e+02	(2.49609083e+02 -7.54155596e-16 1.16784998e+01)
1239            	3.85594149e+04	2.88163254e+02	(2.49608930e+02 -7.54151058e-16 1.16780872e+01)
1240            	3.85594064e+04	2.88162735e+02	(2.49608614e+02 -7.54145381e-16 1.16776718e+01)
1241            	3.85593688e+04	2.88162208e+02	(2.49608097e+02 -7.54138075e-16 1.16772384e+01)
1242            	3.85593021e+04	2.88161719e+02	(2.49607420e+02 -7.54130738e-16 1.16768088e+01)
1243            	3.85592053e+04	2.88161216e+02	(2.49606553e+02 -7.54121578e-16 1.16763684e+01)
1244            	3.85590792e+04	2.88160746e+02	(2.49605531e+02 -7.54113581e-16 1.16759336e+01)
1245            	3.85589233e+04	2.88160261e+02	(2.49604310e+02 -7.54105078e-16 1.16754850e+01)
1246            	3.85587384e+04	2.88159813e+02	(2.49602935e+02 -7.54097627e-16 1.16750293e+01)
1247            	3.85585265e+04	2.88159384e+02	(2.49601375e+02 -7.54090226e-16 1.16745713e+01)
1248            	3.85582848e+04	2.88158946e+02	(2.49599628e+02 -7.54083085e-16 1.16741020e+01)
1249            	3.85580153e+04	2.88158536e+02	(2.49597741e+02 -7.54077637e-16 1.16736336e+01)
1250            	3.85577194e+04	2.88158120e+02	(2.49595669e+02 -7.54072079e-16 1.16731591e+01)
1251            	3.85573978e+04	2.88157761e+02	(2.49593446e+02 -7.54067082e-16 1.16726874e+01)
1252            	3.85570509e+04	2.88157395e+02	(2.49591064e+02 -7.54061248e-16 1.16722141e+01)
1253            	3.85566800e+04	2.88157091e+02	(2.49588549e+02 -7.54056440e-16 1.16717441e+01)
1254            	3.85562856e+04	2.88156795e+02	(2.49585879e+02 -7.54050965e-16 1.16712735e+01)
1255            	3.85558681e+04	2.88156562e+02	(2.49583094e+02 -7.54046424e-16 1.16708063e+01)
1256            	3.85554294e+04	2.88156329e+02	(2.49580166e+02 -7.54041710e-16 1.16703415e+01)
1257            	3.85549702e+04	2.88156158e+02	(2.49577123e+02 -7.54037316e-16 1.16698797e+01)
1258            	3.85544916e+04	2.88155988e+02	(2.49573950e+02 -7.54032689e-16 1.16694198e+01)
1259            	3.85539943e+04	2.88155870e+02	(2.49570676e+02 -7.54029198e-16 1.16689613e+01)
1260            	3.85534804e+04	2.88155747e+02	(2.49567276e+02 -7.54025139e-16 1.16685076e+01)
1261            	3.85529501e+04	2.88155672e+02	(2.49563777e+02 -7.54021274e-16 1.16680567e+01)
1262            	3.85524048e+04	2.88155586e+02	(2.49560160e+02 -7.54017396e-16 1.16676125e+01)
1263            	3.85518448e+04	2.88155544e+02	(2.49556458e+02 -7.54013713e-16 1.16671711e+01)
1264            	3.85512718e+04	2.88155489e+02	(2.49552654e+02 -7.54009638e-16 1.16667401e+01)
1265            	3.85506863e+04	2.88155478e+02	(2.49548774e+02 -7.54005604e-16 1.16663129e+01)
1266            	3.85500898e+04	2.88155463e+02	(2.49544808e+02 -7.54002232e-16 1.16658979e+01)
1267            	3.85494823e+04	2.88155497e+02	(2.49540783e+02 -7.53998502e-16 1.16654865e+01)
1268            	3.85488659e+04	2.88155525e+02	(2.49536690e+02 -7.53995341e-16 1.16650899e+01)
1269            	3.85482409e+04	2.88155600e+02	(2.49532555e+02 -7.53991369e-16 1.16646987e+01)
1270            	3.85476092e+04	2.88155672e+02	(2.49528374e+02 -7.53987076e-16 1.16643249e+01)
1271            	3.85469708e+04	2.88155795e+02	(2.49524169e+02 -7.53982533e-16 1.16639575e+01)
1272            	3.85463280e+04	2.88155919e+02	(2.49519933e+02 -7.53978090e-16 1.16636109e+01)
1273            	3.85456821e+04	2.88156093e+02	(2.49515692e+02 -7.53973249e-16 1.16632718e+01)
1274            	3.85450341e+04	2.88156297e+02	(2.49511435e+02 -7.53969962e-16 1.16629426e+01)
1275            	3.85443849e+04	2.88156488e+02	(2.49507174e+02 -7.53964550e-16 1.16626427e+01)
1276            	3.85437363e+04	2.88156726e+02	(2.49502939e+02 -7.53961450e-16 1.16623541e+01)
1277            	3.85430905e+04	2.88157002e+02	(2.49498708e+02 -7.53958468e-16 1.16620761e+01)
1278            	3.85424469e+04	2.88157261e+02	(2.49494496e+02 -7.53955084e-16 1.16618282e+01)
1279            	3.85418057e+04	2.88157565e+02	(2.49490325e+02 -7.53951821e-16 1.16615892e+01)
1280            	3.85411702e+04	2.88157884e+02	(2.49486194e+02 -7.53950285e-16 1.16613785e+01)
1281            	3.85405413e+04	2.88158239e+02	(2.49482118e+02 -7.53949005e-16 1.16611782e+01)
1282            	3.85399192e+04	2.88158608e+02	(2.49478107e+02 -7.53947583e-16 1.16609932e+01)
1283            	3.85393044e+04	2.88158987e+02	(2.49474155e+02 -7.53945941e-16 1.16608258e+01)
1284            	3.85386979e+04	2.88159358e+02	(2.49470275e+02 -7.53945333e-16 1.16606968e+01)
1285            	3.85381008e+04	2.88159767e+02	(2.49466483e+02 -7.53944729e-16 1.16605831e+01)
1286            	3.85375133e+04	2.88160197e+02	(2.49462760e+02 -7.53947182e-16 1.16604812e+01)
1287            	3.85369368e+04	2.88160608e+02	(2.49459123e+02 -7.53948897e-16 1.16604171e+01)
1288            	3.85363707e+04	2.88161051e+02	(2.49455572e+02 -7.53951827e-16 1.16603648e+01)
1289            	3.85358191e+04	2.88161504e+02	(2.49452117e+02 -7.53954688e-16 1.16603464e+01)
1290            	3.85352822e+04	2.88161974e+02	(2.49448747e+02 -7.53957451e-16 1.16603402e+01)
1291            	3.85347608e+04	2.88162450e+02	(2.49445477e+02 -7.53959180e-16 1.16603489e+01)
1292            	3.85342558e+04	2.88162935e+02	(2.49442306e+02 -7.53958859e-16 1.16603753e+01)
1293            	3.85337686e+04	2.88163429e+02	(2.49439245e+02 -7.53959659e-16 1.16604193e+01)
1294            	3.85332994e+04	2.88163934e+02	(2.49436303e+02 -7.53960392e-16 1.16604799e+01)
1295            	3.85328495e+04	2.88164448e+02	(2.49433486e+02 -7.53958938e-16 1.16605556e+01)
1296            	3.85324196e+04	2.88164969e+02	(2.49430801e+02 -7.53958612e-16 1.16606452e+01)
1297            	3.85320100e+04	2.88165496e+02	(2.49428254e+02 -7.53957707e-16 1.16607483e+01)
1298            	3.85316209e+04	2.88166027e+02	(2.49425848e+02 -7.53957548e-16 1.16608643e+01)
1299            	3.85312532e+04	2.88166560e+02	(2.49423589e+02 -7.53958012e-16 1.16609922e+01)
1300            	3.85309080e+04	2.88167098e+02	(2.49421483e+02 -7.53962829e-16 1.16611335e+01)
1301            	3.85305860e+04	2.88167637e+02	(2.49419534e+02 -7.53969751e-16 1.16612908e+01)
1302            	3.85302876e+04	2.88168176e+02	(2.49417740e+02 -7.53975527e-16 1.16614647e+01)
1303            	3.85300130e+04	2.88168715e+02	(2.49416100e+02 -7.53978678e-16 1.16616540e+01)
1304            	3.85297628e+04	2.88169252e+02	(2.49414624e+02 -7.53981372e-16 1.16618583e+01)
1305            	3.85295373e+04	2.88169789e+02	(2.49413314e+02 -7.53984372e-16 1.16620755e+01)
1306            	3.85293373e+04	2.88170327e+02	(2.49412172e+02 -7.53986956e-16 1.16623046e+01)
1307            	3.85291630e+04	2.88170862e+02	(2.49411198e+02 -7.53990085e-16 1.16625447e+01)
1308            	3.85290144e+04	2.88171389e+02	(2.49410396e+02 -7.53994001e-16 1.16627960e+01)
1309            	3.85288907e+04	2.88171907e+02	(2.49409763e+02 -7.53997515e-16 1.16630538e+01)
1310            	3.85287940e+04	2.88172434e+02	(2.49409308e+02 -7.54001032e-16 1.16633329e+01)
1311            	3.85287230e+04	2.88172926e+02	(2.49409011e+02 -7.54002883e-16 1.16636141e+01)
1312            	3.85286781e+04	2.88173411e+02	(2.49408890e+02 -7.54005019e-16 1.16639119e+01)
1313            	3.85286592e+04	2.88173859e+02	(2.49408923e+02 -7.54006684e-16 1.16642143e+01)
1314            	3.85286651e+04	2.88174289e+02	(2.49409116e+02 -7.54008881e-16 1.16645166e+01)
1315            	3.85286980e+04	2.88174722e+02	(2.49409482e+02 -7.54011094e-16 1.16648328e+01)
1316            	3.85287568e+04	2.88175130e+02	(2.49409984e+02 -7.54013537e-16 1.16651473e+01)
1317            	3.85288414e+04	2.88175545e+02	(2.49410659e+02 -7.54017401e-16 1.16654707e+01)
1318            	3.85289507e+04	2.88175928e+02	(2.49411478e+02 -7.54021284e-16 1.16657901e+01)
1319            	3.85290845e+04	2.88176322e+02	(2.49412465e+02 -7.54026173e-16 1.16661166e+01)
1320            	3.85292417e+04	2.88176677e+02	(2.49413593e+02 -7.54030850e-16 1.16664396e+01)
1321            	3.85294226e+04	2.88177037e+02	(2.49414890e+02 -7.54034918e-16 1.16667699e+01)
1322            	3.85296265e+04	2.88177358e+02	(2.49416320e+02 -7.54038369e-16 1.16671027e+01)
1323            	3.85298514e+04	2.88177657e+02	(2.49417907e+02 -7.54041723e-16 1.16674346e+01)
1324            	3.85301001e+04	2.88177961e+02	(2.49419656e+02 -7.54045623e-16 1.16677723e+01)
1325            	3.85303711e+04	2.88178237e+02	(2.49421519e+02 -7.54048639e-16 1.16681091e+01)
1326            	3.85306629e+04	2.88178517e+02	(2.49423541e+02 -7.54051969e-16 1.16684512e+01)
1327            	3.85309755e+04	2.88178752e+02	(2.49425678e+02 -7.54055024e-16 1.16687918e+01)
1328            	3.85313078e+04	2.88178997e+02	(2.49427950e+02 -7.54058342e-16 1.16691358e+01)
1329            	3.85316593e+04	2.88179198e+02	(2.49430325e+02 -7.54061118e-16 1.16694800e+01)
1330            	3.85320291e+04	2.88179403e+02	(2.49432832e+02 -7.54064694e-16 1.16698257e+01)
1331            	3.85324172e+04	2.88179562e+02	(2.49435429e+02 -7.54067512e-16 1.16701698e+01)
1332            	3.85328220e+04	2.88179728e+02	(2.49438148e+02 -7.54070748e-16 1.16705133e+01)
1333            	3.85332434e+04	2.88179846e+02	(2.49440954e+02 -7.54073356e-16 1.16708542e+01)
1334            	3.85336800e+04	2.88179968e+02	(2.49443867e+02 -7.54076010e-16 1.16711924e+01)
1335            	3.85341316e+04	2.88180042e+02	(2.49446855e+02 -7.54077321e-16 1.16715295e+01)
1336            	3.85345965e+04	2.88180115e+02	(2.49449937e+02 -7.54079341e-16 1.16718629e+01)
1337            	3.85350747e+04	2.88180139e+02	(2.49453083e+02 -7.54081562e-16 1.16721953e+01)
1338            	3.85355643e+04	2.88180168e+02	(2.49456310e+02 -7.54085894e-16 1.16725214e+01)
1339            	3.85360653e+04	2.88180152e+02	(2.49459588e+02 -7.54089224e-16 1.16728463e+01)
1340            	3.85365759e+04	2.88180143e+02	(2.49462934e+02 -7.54093024e-16 1.16731630e+01)
1341            	3.85370951e+04	2.88180094e+02	(2.49466317e+02 -7.54096417e-16 1.16734792e+01)
1342            	3.85376219e+04	2.88180025e+02	(2.49469756e+02 -7.54099570e-16 1.16737928e+01)
1343            	3.85381569e+04	2.88179977e+02	(2.49473243e+02 -7.54103472e-16 1.16740930e+01)
1344            	3.85387001e+04	2.88179895e+02	(2.49476750e+02 -7.54107029e-16 1.16743909e+01)
1345            	3.85392482e+04	2.88179813e+02	(2.49480293e+02 -7.54111314e-16 1.16746753e+01)
1346            	3.85398007e+04	2.88179695e+02	(2.49483856e+02 -7.54116157e-16 1.16749564e+01)
1347            	3.85403566e+04	2.88179562e+02	(2.49487443e+02 -7.54119774e-16 1.16752324e+01)
1348            	3.85409147e+04	2.88179447e+02	(2.49491049e+02 -7.54122411e-16 1.16754881e+01)
1349            	3.85414738e+04	2.88179296e+02	(2.49494652e+02 -7.54123164e-16 1.16757379e+01)
1350            	3.85420325e+04	2.88179120e+02	(2.49498268e+02 -7.54123972e-16 1.16759816e+01)
1351            	3.85425908e+04	2.88178965e+02	(2.49501885e+02 -7.54126703e-16 1.16762022e+01)
1352            	3.85431492e+04	2.88178774e+02	(2.49505487e+02 -7.54128747e-16 1.16764170e+01)
1353            	3.85437042e+04	2.88178579e+02	(2.49509076e+02 -7.54130420e-16 1.16766104e+01)
1354            	3.85442556e+04	2.88178352e+02	(2.49512646e+02 -7.54133971e-16 1.16767967e+01)
1355            	3.85448035e+04	2.88178110e+02	(2.49516191e+02 -7.54136860e-16 1.16769747e+01)
1356            	3.85453453e+04	2.88177878e+02	(2.49519701e+02 -7.54138450e-16 1.16771255e+01)
1357            	3.85458801e+04	2.88177610e+02	(2.49523162e+02 -7.54138974e-16 1.16772655e+01)
1358            	3.85464076e+04	2.88177319e+02	(2.49526577e+02 -7.54138684e-16 1.16773952e+01)
1359            	3.85469259e+04	2.88177043e+02	(2.49529931e+02 -7.54138136e-16 1.16774941e+01)
1360            	3.85474344e+04	2.88176732e+02	(2.49533219e+02 -7.54138295e-16 1.16775804e+01)
1361            	3.85479332e+04	2.88176398e+02	(2.49536442e+02 -7.54138630e-16 1.16776564e+01)
1362            	3.85484207e+04	2.88176078e+02	(2.49539583e+02 -7.54140188e-16 1.16777000e+01)
1363            	3.85488978e+04	2.88175726e+02	(2.49542647e+02 -7.54142678e-16 1.16777356e+01)
1364            	3.85493617e+04	2.88175363e+02	(2.49545616e+02 -7.54146092e-16 1.16777431e+01)
1365            	3.85498126e+04	2.88174979e+02	(2.49548496e+02 -7.54148133e-16 1.16777389e+01)
1366            	3.85502495e+04	2.88174583e+02	(2.49551275e+02 -7.54150172e-16 1.16777210e+01)
1367            	3.85506717e+04	2.88174179e+02	(2.49553954e+02 -7.54152778e-16 1.16776862e+01)
1368            	3.85510783e+04	2.88173769e+02	(2.49556525e+02 -7.54156323e-16 1.16776325e+01)
1369            	3.85514688e+04	2.88173350e+02	(2.49558980e+02 -7.54160067e-16 1.16775605e+01)
1370            	3.85518426e+04	2.88172924e+02	(2.49561318e+02 -7.54162657e-16 1.16774708e+01)
1371            	3.85521991e+04	2.88172495e+02	(2.49563534e+02 -7.54162918e-16 1.16773630e+01)
1372            	3.85525378e+04	2.88172064e+02	(2.49565624e+02 -7.54161721e-16 1.16772380e+01)
1373            	3.85528581e+04	2.88171630e+02	(2.49567585e+02 -7.54159156e-16 1.16770959e+01)
1374            	3.85531597e+04	2.88171194e+02	(2.49569410e+02 -7.54157112e-16 1.16769376e+01)
1375            	3.85534420e+04	2.88170757e+02	(2.49571097e+02 -7.54154131e-16 1.16767618e+01)
1376            	3.85537044e+04	2.88170320e+02	(2.49572645e+02 -7.54149672e-16 1.16765704e+01)
1377            	3.85539463e+04	2.88169884e+02	(2.49574051e+02 -7.54145884e-16 1.16763631e+01)
1378            	3.85541677e+04	2.88169448e+02	(2.49575311e+02 -7.54143848e-16 1.16761407e+01)
1379            	3.85543680e+04	2.88169012e+02	(2.49576429e+02 -7.54142571e-16 1.16759044e+01)
1380            	3.85545470e+04	2.88168580e+02	(2.49577397e+02 -7.54141425e-16 1.16756542e+01)
1381            	3.85547042e+04	2.88168151e+02	(2.49578222e+02 -7.54140145e-16 1.16753897e+01)
1382            	3.85548396e+04	2.88167728e+02	(2.49578902e+02 -7.54138032e-16 1.16751116e+01)
1383            	3.85549538e+04	2.88167313e+02	(2.49579443e+02 -7.54135379e-16 1.16748264e+01)
1384            	3.85550452e+04	2.88166893e+02	(2.49579834e+02 -7.54132689e-16 1.16745211e+01)
1385            	3.85551148e+04	2.88166491e+02	(2.49580097e+02 -7.54129567e-16 1.16742092e+01)
1386            	3.85551642e+04	2.88166105e+02	(2.49580219e+02 -7.54126522e-16 1.16738947e+01)
1387            	3.85551909e+04	2.88165720e+02	(2.49580199e+02 -7.54123404e-16 1.16735645e+01)
1388            	3.85551958e+04	2.88165346e+02	(2.49580061e+02 -7.54120717e-16 1.16732327e+01)
1389            	3.85551784e+04	2.88164967e+02	(2.49579782e+02 -7.54118077e-16 1.16728891e+01)
1390            	3.85551394e+04	2.88164617e+02	(2.49579384e+02 -7.54115542e-16 1.16725462e+01)
1391            	3.85550778e+04	2.88164259e+02	(2.49578853e+02 -7.54112980e-16 1.16721917e+01)
1392            	3.85549950e+04	2.88163926e+02	(2.49578209e+02 -7.54110343e-16 1.16718310e+01)
1393            	3.85548920e+04	2.88163608e+02	(2.49577433e+02 -7.54107164e-16 1.16714694e+01)
1394            	3.85547667e+04	2.88163282e+02	(2.49576526e+02 -7.54103082e-16 1.16710986e+01)
1395            	3.85546203e+04	2.88162974e+02	(2.49575516e+02 -7.54099466e-16 1.16707275e+01)
1396            	3.85544532e+04	2.88162660e+02	(2.49574363e+02 -7.54094898e-16 1.16703493e+01)
1397            	3.85542665e+04	2.88162378e+02	(2.49573096e+02 -7.54090866e-16 1.16699720e+01)
1398            	3.85540600e+04	2.88162080e+02	(2.49571694e+02 -7.54085704e-16 1.16695903e+01)
1399            	3.85538352e+04	2.88161816e+02	(2.49570180e+02 -7.54081102e-16 1.16692097e+01)
1400            	3.85535920e+04	2.88161543e+02	(2.49568534e+02 -7.54075779e-16 1.16688264e+01)
1401            	3.85533309e+04	2.88161303e+02	(2.49566789e+02 -7.54070918e-16 1.16684447e+01)
1402            	3.85530525e+04	2.88161055e+02	(2.49564919e+02 -7.54065039e-16 1.16680610e+01)
1403            	3.85527577e+04	2.88160850e+02	(2.49562961e+02 -7.54059750e-16 1.16676781e+01)
1404            	3.85524467e+04	2.88160642e+02	(2.49560893e+02 -7.54054289e-16 1.16672947e+01)
1405            	3.85521198e+04	2.88160478e+02	(2.49558750e+02 -7.54049905e-16 1.16669129e+01)
1406            	3.85517782e+04	2.88160314e+02	(2.49556509e+02 -7.54044882e-16 1.16665315e+01)
1407            	3.85514226e+04	2.88160195e+02	(2.49554197e+02 -7.54040811e-16 1.16661513e+01)
1408            	3.85510537e+04	2.88160072e+02	(2.49551793e+02 -7.54036415e-16 1.16657734e+01)
1409            	3.85506716e+04	2.88159988e+02	(2.49549320e+02 -7.54032597e-16 1.16653960e+01)
1410            	3.85502777e+04	2.88159899e+02	(2.49546766e+02 -7.54027690e-16 1.16650241e+01)
1411            	3.85498735e+04	2.88159841e+02	(2.49544140e+02 -7.54023562e-16 1.16646551e+01)
1412            	3.85494588e+04	2.88159772e+02	(2.49541434e+02 -7.54019209e-16 1.16642941e+01)
1413            	3.85490342e+04	2.88159731e+02	(2.49538668e+02 -7.54015440e-16 1.16639354e+01)
1414            	3.85486004e+04	2.88159684e+02	(2.49535837e+02 -7.54010783e-16 1.16635875e+01)
1415            	3.85481597e+04	2.88159668e+02	(2.49532946e+02 -7.54007410e-16 1.16632442e+01)
1416            	3.85477112e+04	2.88159649e+02	(2.49529997e+02 -7.54003338e-16 1.16629136e+01)
1417            	3.85472555e+04	2.88159663e+02	(2.49527010e+02 -7.53999958e-16 1.16625875e+01)
1418            	3.85467938e+04	2.88159679e+02	(2.49523983e+02 -7.53995820e-16 1.16622762e+01)
1419            	3.85463276e+04	2.88159734e+02	(2.49520924e+02 -7.53993020e-16 1.16619707e+01)
1420            	3.85458571e+04	2.88159793e+02	(2.49517837e+02 -7.53989648e-16 1.16616813e+01)
1421            	3.85453825e+04	2.88159893e+02	(2.49514739e+02 -7.53987326e-16 1.16613976e+01)
1422            	3.85449059e+04	2.88159999e+02	(2.49511625e+02 -7.53984621e-16 1.16611314e+01)
1423            	3.85444277e+04	2.88160144e+02	(2.49508509e+02 -7.53982739e-16 1.16608714e+01)
1424            	3.85439497e+04	2.88160295e+02	(2.49505394e+02 -7.53980141e-16 1.16606301e+01)
1425            	3.85434728e+04	2.88160481e+02	(2.49502292e+02 -7.53977604e-16 1.16603960e+01)
1426            	3.85429975e+04	2.88160691e+02	(2.49499198e+02 -7.53976016e-16 1.16601701e+01)
1427            	3.85425246e+04	2.88160893e+02	(2.49496120e+02 -7.53974200e-16 1.16599666e+01)
1428            	3.85420552e+04	2.88161129e+02	(2.49493077e+02 -7.53972397e-16 1.16597710e+01)
1429            	3.85415898e+04	2.88161391e+02	(2.49490061e+02 -7.53971148e-16 1.16595827e+01)
1430            	3.85411291e+04	2.88161641e+02	(2.49487080e+02 -7.53969720e-16 1.16594191e+01)
1431            	3.85406725e+04	2.88161918e+02	(2.49484152e+02 -7.53969485e-16 1.16592634e+01)
1432            	3.85402228e+04	2.88162203e+02	(2.49481275e+02 -7.53969168e-16 1.16591316e+01)
1433            	3.85397796e+04	2.88162508e+02	(2.49478453e+02 -7.53969132e-16 1.16590100e+01)
1434            	3.85393434e+04	2.88162824e+02	(2.49475690e+02 -7.53970734e-16 1.16589026e+01)
1435            	3.85389148e+04	2.88163147e+02	(2.49472985e+02 -7.53973494e-16 1.16588128e+01)
1436            	3.85384948e+04	2.88163479e+02	(2.49470344e+02 -7.53975833e-16 1.16587418e+01)
1437            	3.85380840e+04	2.88163821e+02	(2.49467771e+02 -7.53978810e-16 1.16586894e+01)
1438            	3.85376837e+04	2.88164174e+02	(2.49465268e+02 -7.53980574e-16 1.16586543e+01)
1439            	3.85372944e+04	2.88164537e+02	(2.49462840e+02 -7.53982342e-16 1.16586355e+01)
1440            	3.85369170e+04	2.88164907e+02	(2.49460489e+02 -7.53983399e-16 1.16586320e+01)
1441            	3.85365521e+04	2.88165284e+02	(2.49458220e+02 -7.53983227e-16 1.16586426e+01)
1442            	3.85362005e+04	2.88165667e+02	(2.49456037e+02 -7.53984496e-16 1.16586659e+01)
1443            	3.85358627e+04	2.88166054e+02	(2.49453944e+02 -7.53985595e-16 1.16587007e+01)
1444            	3.85355392e+04	2.88166443e+02	(2.49451943e+02 -7.53986357e-16 1.16587457e+01)
1445            	3.85352304e+04	2.88166834e+02	(2.49450040e+02 -7.53986488e-16 1.16588004e+01)
1446            	3.85349370e+04	2.88167226e+02	(2.49448236e+02 -7.53986952e-16 1.16588650e+01)
1447            	3.85346593e+04	2.88167619e+02	(2.49446536e+02 -7.53987623e-16 1.16589393e+01)
1448            	3.85343980e+04	2.88168011e+02	(2.49444940e+02 -7.53988593e-16 1.16590222e+01)
1449            	3.85341536e+04	2.88168402e+02	(2.49443451e+02 -7.53990138e-16 1.16591146e+01)
1450            	3.85339264e+04	2.88168791e+02	(2.49442071e+02 -7.53992098e-16 1.16592173e+01)
1451            	3.85337167e+04	2.88169176e+02	(2.49440802e+02 -7.53994546e-16 1.16593304e+01)
1452            	3.85335249e+04	2.88169558e+02	(2.49439645e+02 -7.53997056e-16 1.16594536e+01)
1453            	3.85333513e+04	2.88169936e+02	(2.49438606e+02 -7.54000730e-16 1.16595866e+01)
1454            	3.85331967e+04	2.88170312e+02	(2.49437688e+02 -7.54005796e-16 1.16597292e+01)
1455            	3.85330612e+04	2.88170684e+02	(2.49436888e+02 -7.54011273e-16 1.16598803e+01)
1456            	3.85329436e+04	2.88171054e+02	(2.49436211e+02 -7.54015982e-16 1.16600361e+01)
1457            	3.85328452e+04	2.88171432e+02	(2.49435662e+02 -7.54019181e-16 1.16602081e+01)
1458            	3.85327655e+04	2.88171801e+02	(2.49435230e+02 -7.54021003e-16 1.16603844e+01)
1459            	3.85327035e+04	2.88172156e+02	(2.49434930e+02 -7.54022753e-16 1.16605618e+01)
1460            	3.85326613e+04	2.88172508e+02	(2.49434761e+02 -7.54025264e-16 1.16607526e+01)
1461            	3.85326382e+04	2.88172850e+02	(2.49434703e+02 -7.54027002e-16 1.16609434e+01)
1462            	3.85326345e+04	2.88173195e+02	(2.49434780e+02 -7.54029117e-16 1.16611433e+01)
1463            	3.85326498e+04	2.88173512e+02	(2.49434967e+02 -7.54030334e-16 1.16613415e+01)
1464            	3.85326843e+04	2.88173836e+02	(2.49435285e+02 -7.54031348e-16 1.16615484e+01)
1465            	3.85327373e+04	2.88174134e+02	(2.49435710e+02 -7.54032803e-16 1.16617535e+01)
1466            	3.85328093e+04	2.88174435e+02	(2.49436261e+02 -7.54033868e-16 1.16619643e+01)
1467            	3.85328996e+04	2.88174705e+02	(2.49436917e+02 -7.54035655e-16 1.16621757e+01)
1468            	3.85330067e+04	2.88174960e+02	(2.49437690e+02 -7.54037810e-16 1.16623846e+01)
1469            	3.85331326e+04	2.88175217e+02	(2.49438587e+02 -7.54040681e-16 1.16625988e+01)
1470            	3.85332762e+04	2.88175454e+02	(2.49439575e+02 -7.54042608e-16 1.16628112e+01)
1471            	3.85334366e+04	2.88175694e+02	(2.49440691e+02 -7.54045203e-16 1.16630286e+01)
1472            	3.85336140e+04	2.88175903e+02	(2.49441904e+02 -7.54047202e-16 1.16632451e+01)
1473            	3.85338078e+04	2.88176119e+02	(2.49443230e+02 -7.54049684e-16 1.16634669e+01)
1474            	3.85340175e+04	2.88176307e+02	(2.49444648e+02 -7.54051706e-16 1.16636893e+01)
1475            	3.85342424e+04	2.88176501e+02	(2.49446181e+02 -7.54054402e-16 1.16639159e+01)
1476            	3.85344819e+04	2.88176667e+02	(2.49447796e+02 -7.54056754e-16 1.16641453e+01)
1477            	3.85347345e+04	2.88176819e+02	(2.49449511e+02 -7.54059076e-16 1.16643751e+01)
1478            	3.85350020e+04	2.88176978e+02	(2.49451323e+02 -7.54062171e-16 1.16646060e+01)
1479            	3.85352835e+04	2.88177110e+02	(2.49453199e+02 -7.54064645e-16 1.16648368e+01)
1480            	3.85355774e+04	2.88177241e+02	(2.49455167e+02 -7.54067877e-16 1.16650675e+01)
1481            	3.85358837e+04	2.88177331e+02	(2.49457201e+02 -7.54070458e-16 1.16652972e+01)
1482            	3.85362015e+04	2.88177422e+02	(2.49459311e+02 -7.54073379e-16 1.16655250e+01)
1483            	3.85365304e+04	2.88177471e+02	(2.49461473e+02 -7.54075742e-16 1.16657521e+01)
1484            	3.85368692e+04	2.88177521e+02	(2.49463708e+02 -7.54078493e-16 1.16659767e+01)
1485            	3.85372173e+04	2.88177538e+02	(2.49465985e+02 -7.54081012e-16 1.16662022e+01)
1486            	3.85375735e+04	2.88177537e+02	(2.49468322e+02 -7.54082934e-16 1.16664266e+01)
1487            	3.85379387e+04	2.88177546e+02	(2.49470715e+02 -7.54085831e-16 1.16666447e+01)
1488            	3.85383124e+04	2.88177529e+02	(2.49473137e+02 -7.54088130e-16 1.16668622e+01)
1489            	3.85386923e+04	2.88177514e+02	(2.49475607e+02 -7.54090399e-16 1.16670741e+01)
1490            	3.85390780e+04	2.88177471e+02	(2.49478107e+02 -7.54092174e-16 1.16672856e+01)
1491            	3.85394693e+04	2.88177416e+02	(2.49480641e+02 -7.54093532e-16 1.16674943e+01)
1492            	3.85398657e+04	2.88177373e+02	(2.49483207e+02 -7.54095795e-16 1.16676923e+01)
1493            	3.85402660e+04	2.88177301e+02	(2.49485784e+02 -7.54097665e-16 1.16678880e+01)
1494            	3.85406689e+04	2.88177211e+02	(2.49488386e+02 -7.54099000e-16 1.16680805e+01)
1495            	3.85410750e+04	2.88177137e+02	(2.49491007e+02 -7.54100834e-16 1.16682591e+01)
1496            	3.85414832e+04	2.88177039e+02	(2.49493627e+02 -7.54101789e-16 1.16684336e+01)
1497            	3.85418917e+04	2.88176917e+02	(2.49496261e+02 -7.54103800e-16 1.16686040e+01)
1498            	3.85423012e+04	2.88176812e+02	(2.49498900e+02 -7.54107307e-16 1.16687576e+01)
1499            	3.85427102e+04	2.88176685e+02	(2.49501530e+02 -7.54109893e-16 1.16689070e+01)
1500            	3.85431177e+04	2.88176536e+02	(2.49504161e+02 -7.54111093e-16 1.16690521e+01)
1501            	3.85435234e+04	2.88176402e+02	(2.49506783e+02 -7.54112562e-16 1.16691792e+01)
1502            	3.85439278e+04	2.88176244e+02	(2.49509385e+02 -7.54113081e-16 1.16693025e+01)
1503            	3.85443283e+04	2.88176081e+02	(2.49511967e+02 -7.54113841e-16 1.16694095e+01)
1504            	3.85447246e+04	2.88175896e+02	(2.49514525e+02 -7.54113934e-16 1.16695108e+01)
1505            	3.85451165e+04	2.88175698e+02	(2.49517051e+02 -7.54113671e-16 1.16696037e+01)
1506            	3.85455031e+04	2.88175493e+02	(2.49519543e+02 -7.54113848e-16 1.16696861e+01)
1507            	3.85458841e+04	2.88175280e+02	(2.49521995e+02 -7.54113687e-16 1.16697559e+01)
1508            	3.85462586e+04	2.88175057e+02	(2.49524401e+02 -7.54113771e-16 1.16698132e+01)
1509            	3.85466259e+04	2.88174824e+02	(2.49526755e+02 -7.54115213e-16 1.16698571e+01)
1510            	3.85469854e+04	2.88174581e+02	(2.49529054e+02 -7.54117953e-16 1.16698878e+01)
1511            	3.85473366e+04	2.88174329e+02	(2.49531292e+02 -7.54120814e-16 1.16699045e+01)
1512            	3.85476788e+04	2.88174069e+02	(2.49533466e+02 -7.54123860e-16 1.16699075e+01)
1513            	3.85480114e+04	2.88173800e+02	(2.49535571e+02 -7.54126410e-16 1.16698969e+01)
1514            	3.85483338e+04	2.88173524e+02	(2.49537605e+02 -7.54128256e-16 1.16698726e+01)
1515            	3.85486456e+04	2.88173242e+02	(2.49539564e+02 -7.54130750e-16 1.16698348e+01)
1516            	3.85489460e+04	2.88172954e+02	(2.49541443e+02 -7.54133366e-16 1.16697830e+01)
1517            	3.85492347e+04	2.88172662e+02	(2.49543239e+02 -7.54136280e-16 1.16697169e+01)
1518            	3.85495111e+04	2.88172365e+02	(2.49544952e+02 -7.54138810e-16 1.16696372e+01)
1519            	3.85497750e+04	2.88172067e+02	(2.49546575e+02 -7.54140251e-16 1.16695441e+01)
1520            	3.85500258e+04	2.88171768e+02	(2.49548107e+02 -7.54140072e-16 1.16694377e+01)
1521            	3.85502632e+04	2.88171468e+02	(2.49549545e+02 -7.54138742e-16 1.16693183e+01)
1522            	3.85504872e+04	2.88171166e+02	(2.49550886e+02 -7.54136790e-16 1.16691860e+01)
1523            	3.85506972e+04	2.88170863e+02	(2.49552128e+02 -7.54133792e-16 1.16690418e+01)
1524            	3.85508929e+04	2.88170560e+02	(2.49553274e+02 -7.54130730e-16 1.16688866e+01)
1525            	3.85510740e+04	2.88170258e+02	(2.49554319e+02 -7.54127737e-16 1.16687198e+01)
1526            	3.85512403e+04	2.88169954e+02	(2.49555265e+02 -7.54124922e-16 1.16685416e+01)
1527            	3.85513911e+04	2.88169650e+02	(2.49556110e+02 -7.54121954e-16 1.16683527e+01)
1528            	3.85515266e+04	2.88169347e+02	(2.49556854e+02 -7.54118919e-16 1.16681529e+01)
1529            	3.85516462e+04	2.88169044e+02	(2.49557499e+02 -7.54115577e-16 1.16679428e+01)
1530            	3.85517499e+04	2.88168745e+02	(2.49558042e+02 -7.54112572e-16 1.16677217e+01)
1531            	3.85518374e+04	2.88168449e+02	(2.49558487e+02 -7.54109772e-16 1.16674905e+01)
1532            	3.85519088e+04	2.88168157e+02	(2.49558828e+02 -7.54107277e-16 1.16672504e+01)
1533            	3.85519638e+04	2.88167867e+02	(2.49559070e+02 -7.54105195e-16 1.16670025e+01)
1534            	3.85520026e+04	2.88167583e+02	(2.49559208e+02 -7.54103106e-16 1.16667463e+01)
1535            	3.85520253e+04	2.88167304e+02	(2.49559250e+02 -7.54100736e-16 1.16664858e+01)
1536            	3.85520313e+04	2.88167017e+02	(2.49559184e+02 -7.54098328e-16 1.16662130e+01)
1537            	3.85520212e+04	2.88166746e+02	(2.49559030e+02 -7.54095731e-16 1.16659355e+01)
1538            	3.85519959e+04	2.88166487e+02	(2.49558779e+02 -7.54093176e-16 1.16656571e+01)
1539            	3.85519540e+04	2.88166226e+02	(2.49558424e+02 -7.54090271e-16 1.16653687e+01)
1540            	3.85518959e+04	2.88165976e+02	(2.49557989e+02 -7.54087543e-16 1.16650783e+01)
1541            	3.85518222e+04	2.88165723e+02	(2.49557453e+02 -7.54084763e-16 1.16647795e+01)
1542            	3.85517329e+04	2.88165493e+02	(2.49556833e+02 -7.54082025e-16 1.16644771e+01)
1543            	3.85516287e+04	2.88165273e+02	(2.49556122e+02 -7.54079079e-16 1.16641739e+01)
1544            	3.85515095e+04	2.88165043e+02	(2.49555314e+02 -7.54075870e-16 1.16638637e+01)
1545            	3.85513759e+04	2.88164834e+02	(2.49554432e+02 -7.54072945e-16 1.16635509e+01)
1546            	3.85512295e+04	2.88164639e+02	(2.49553457e+02 -7.54070252e-16 1.16632392e+01)
1547            	3.85510684e+04	2.88164437e+02	(2.49552386e+02 -7.54066892e-16 1.16629242e+01)
1548            	3.85508936e+04	2.88164249e+02	(2.49551243e+02 -7.54064132e-16 1.16626088e+01)
1549            	3.85507057e+04	2.88164054e+02	(2.49550006e+02 -7.54060891e-16 1.16622905e+01)
1550            	3.85505049e+04	2.88163884e+02	(2.49548694e+02 -7.54058054e-16 1.16619723e+01)
1551            	3.85502919e+04	2.88163703e+02	(2.49547292e+02 -7.54054604e-16 1.16616537e+01)
1552            	3.85500669e+04	2.88163549e+02	(2.49545824e+02 -7.54051553e-16 1.16613357e+01)
1553            	3.85498306e+04	2.88163388e+02	(2.49544276e+02 -7.54047888e-16 1.16610189e+01)
1554            	3.85495834e+04	2.88163256e+02	(2.49542667e+02 -7.54044849e-16 1.16607035e+01)
1555            	3.85493258e+04	2.88163119e+02	(2.49540984e+02 -7.54041327e-16 1.16603911e+01)
1556            	3.85490579e+04	2.88163013e+02	(2.49539247e+02 -7.54038223e-16 1.16600803e+01)
1557            	3.85487804e+04	2.88162906e+02	(2.49537448e+02 -7.54034258e-16 1.16597745e+01)
1558            	3.85484953e+04	2.88162828e+02	(2.49535593e+02 -7.54031289e-16 1.16594722e+01)
1559            	3.85482012e+04	2.88162751e+02	(2.49533678e+02 -7.54028008e-16 1.16591771e+01)
1560            	3.85478993e+04	2.88162697e+02	(2.49531718e+02 -7.54025230e-16 1.16588852e+01)
1561            	3.85475896e+04	2.88162645e+02	(2.49529710e+02 -7.54021197e-16 1.16586029e+01)
1562            	3.85472749e+04	2.88162616e+02	(2.49527652e+02 -7.54018487e-16 1.16583263e+01)
1563            	3.85469532e+04	2.88162589e+02	(2.49525548e+02 -7.54015294e-16 1.16580608e+01)
1564            	3.85466258e+04	2.88162587e+02	(2.49523414e+02 -7.54012874e-16 1.16578004e+01)
1565            	3.85462931e+04	2.88162588e+02	(2.49521247e+02 -7.54009351e-16 1.16575524e+01)
1566            	3.85459570e+04	2.88162616e+02	(2.49519050e+02 -7.54007012e-16 1.16573106e+01)
1567            	3.85456169e+04	2.88162645e+02	(2.49516826e+02 -7.54004264e-16 1.16570818e+01)
1568            	3.85452733e+04	2.88162702e+02	(2.49514589e+02 -7.54002388e-16 1.16568584e+01)
1569            	3.85449270e+04	2.88162763e+02	(2.49512339e+02 -7.54000015e-16 1.16566489e+01)
1570            	3.85445792e+04	2.88162854e+02	(2.49510080e+02 -7.53998455e-16 1.16564447e+01)
1571            	3.85442302e+04	2.88162946e+02	(2.49507815e+02 -7.53996611e-16 1.16562541e+01)
1572            	3.85438800e+04	2.88163066e+02	(2.49505552e+02 -7.53995295e-16 1.16560675e+01)
1573            	3.85435299e+04	2.88163190e+02	(2.49503292e+02 -7.53993610e-16 1.16558947e+01)
1574            	3.85431803e+04	2.88163338e+02	(2.49501041e+02 -7.53992267e-16 1.16557259e+01)
1575            	3.85428324e+04	2.88163488e+02	(2.49498800e+02 -7.53991931e-16 1.16555707e+01)
1576            	3.85424867e+04	2.88163660e+02	(2.49496578e+02 -7.53991131e-16 1.16554200e+01)
1577            	3.85421431e+04	2.88163846e+02	(2.49494370e+02 -7.53991314e-16 1.16552741e+01)
1578            	3.85418030e+04	2.88164026e+02	(2.49492185e+02 -7.53991269e-16 1.16551452e+01)
1579            	3.85414668e+04	2.88164227e+02	(2.49490035e+02 -7.53991212e-16 1.16550229e+01)
1580            	3.85411351e+04	2.88164443e+02	(2.49487913e+02 -7.53992536e-16 1.16549076e+01)
1581            	3.85408081e+04	2.88164651e+02	(2.49485830e+02 -7.53994164e-16 1.16548130e+01)
1582            	3.85404864e+04	2.88164878e+02	(2.49483794e+02 -7.53996146e-16 1.16547279e+01)
1583            	3.85401697e+04	2.88165121e+02	(2.49481800e+02 -7.53998786e-16 1.16546514e+01)
1584            	3.85398595e+04	2.88165357e+02	(2.49479856e+02 -7.54000365e-16 1.16545973e+01)
1585            	3.85395551e+04	2.88165611e+02	(2.49477961e+02 -7.54001956e-16 1.16545505e+01)
1586            	3.85392586e+04	2.88165872e+02	(2.49476124e+02 -7.54002893e-16 1.16545224e+01)
1587            	3.85389702e+04	2.88166143e+02	(2.49474331e+02 -7.54004017e-16 1.16545011e+01)
1588            	3.85386903e+04	2.88166416e+02	(2.49472595e+02 -7.54004058e-16 1.16544876e+01)
1589            	3.85384195e+04	2.88166692e+02	(2.49470915e+02 -7.54003635e-16 1.16544832e+01)
1590            	3.85381584e+04	2.88166972e+02	(2.49469295e+02 -7.54004097e-16 1.16544878e+01)
1591            	3.85379074e+04	2.88167255e+02	(2.49467738e+02 -7.54005008e-16 1.16545006e+01)
1592            	3.85376672e+04	2.88167540e+02	(2.49466248e+02 -7.54005712e-16 1.16545209e+01)
1593            	3.85374378e+04	2.88167825e+02	(2.49464827e+02 -7.54006215e-16 1.16545484e+01)
1594            	3.85372199e+04	2.88168111e+02	(2.49463480e+02 -7.54006374e-16 1.16545830e+01)
1595            	3.85370138e+04	2.88168396e+02	(2.49462206e+02 -7.54006937e-16 1.16546245e+01)
1596            	3.85368199e+04	2.88168682e+02	(2.49461009e+02 -7.54006992e-16 1.16546736e+01)
1597            	3.85366386e+04	2.88168967e+02	(2.49459893e+02 -7.54007863e-16 1.16547304e+01)
1598            	3.85364701e+04	2.88169251e+02	(2.49458859e+02 -7.54008824e-16 1.16547952e+01)
1599            	3.85363147e+04	2.88169535e+02	(2.49457908e+02 -7.54010342e-16 1.16548671e+01)
1600            	3.85361726e+04	2.88169817e+02	(2.49457043e+02 -7.54011682e-16 1.16549453e+01)
1601            	3.85360441e+04	2.88170097e+02	(2.49456261e+02 -7.54013833e-16 1.16550292e+01)
1602            	3.85359293e+04	2.88170376e+02	(2.49455564e+02 -7.54015648e-16 1.16551189e+01)
1603            	3.85358278e+04	2.88170652e+02	(2.49454954e+02 -7.54018114e-16 1.16552149e+01)
1604            	3.85357402e+04	2.88170924e+02	(2.49454431e+02 -7.54020334e-16 1.16553172e+01)
1605            	3.85356664e+04	2.88171193e+02	(2.49453996e+02 -7.54022451e-16 1.16554247e+01)
1606            	3.85356064e+04	2.88171455e+02	(2.49453653e+02 -7.54024411e-16 1.16555368e+01)
1607            	3.85355598e+04	2.88171712e+02	(2.49453398e+02 -7.54027100e-16 1.16556500e+01)
1608            	3.85355274e+04	2.88171972e+02	(2.49453243e+02 -7.54029419e-16 1.16557721e+01)
1609            	3.85355089e+04	2.88172220e+02	(2.49453174e+02 -7.54032113e-16 1.16558958e+01)
1610            	3.85355032e+04	2.88172460e+02	(2.49453203e+02 -7.54034767e-16 1.16560185e+01)
1611            	3.85355122e+04	2.88172701e+02	(2.49453329e+02 -7.54037318e-16 1.16561480e+01)
1612            	3.85355352e+04	2.88172932e+02	(2.49453535e+02 -7.54039221e-16 1.16562770e+01)
1613            	3.85355718e+04	2.88173165e+02	(2.49453841e+02 -7.54041517e-16 1.16564117e+01)
1614            	3.85356223e+04	2.88173376e+02	(2.49454226e+02 -7.54042927e-16 1.16565480e+01)
1615            	3.85356858e+04	2.88173576e+02	(2.49454699e+02 -7.54044517e-16 1.16566837e+01)
1616            	3.85357634e+04	2.88173780e+02	(2.49455263e+02 -7.54045945e-16 1.16568252e+01)
1617            	3.85358540e+04	2.88173966e+02	(2.49455901e+02 -7.54047673e-16 1.16569694e+01)
1618            	3.85359567e+04	2.88174137e+02	(2.49456626e+02 -7.54048923e-16 1.16571134e+01)
1619            	3.85360729e+04	2.88174311e+02	(2.49457442e+02 -7.54050784e-16 1.16572616e+01)
1620            	3.85362020e+04	2.88174472e+02	(2.49458325e+02 -7.54052170e-16 1.16574101e+01)
1621            	3.85363433e+04	2.88174636e+02	(2.49459299e+02 -7.54054021e-16 1.16575620e+01)
1622            	3.85364965e+04	2.88174776e+02	(2.49460343e+02 -7.54055491e-16 1.16577144e+01)
1623            	3.85366613e+04	2.88174923e+02	(2.49461467e+02 -7.54057456e-16 1.16578706e+01)
1624            	3.85368372e+04	2.88175047e+02	(2.49462652e+02 -7.54059011e-16 1.16580277e+01)
1625            	3.85370237e+04	2.88175172e+02	(2.49463913e+02 -7.54061005e-16 1.16581871e+01)
1626            	3.85372201e+04	2.88175272e+02	(2.49465226e+02 -7.54062560e-16 1.16583488e+01)
1627            	3.85374256e+04	2.88175356e+02	(2.49466603e+02 -7.54064182e-16 1.16585109e+01)
1628            	3.85376411e+04	2.88175443e+02	(2.49468044e+02 -7.54066139e-16 1.16586727e+01)
1629            	3.85378660e+04	2.88175507e+02	(2.49469523e+02 -7.54067754e-16 1.16588345e+01)
1630            	3.85380991e+04	2.88175568e+02	(2.49471061e+02 -7.54069555e-16 1.16589955e+01)
1631            	3.85383407e+04	2.88175602e+02	(2.49472643e+02 -7.54071173e-16 1.16591561e+01)
1632            	3.85385898e+04	2.88175641e+02	(2.49474274e+02 -7.54072938e-16 1.16593147e+01)
1633            	3.85388455e+04	2.88175657e+02	(2.49475939e+02 -7.54074396e-16 1.16594739e+01)
1634            	3.85391073e+04	2.88175658e+02	(2.49477649e+02 -7.54075544e-16 1.16596318e+01)
1635            	3.85393756e+04	2.88175669e+02	(2.49479399e+02 -7.54077189e-16 1.16597846e+01)
1636            	3.85396491e+04	2.88175662e+02	(2.49481173e+02 -7.54078986e-16 1.16599371e+01)
1637            	3.85399267e+04	2.88175639e+02	(2.49482982e+02 -7.54080603e-16 1.16600880e+01)
1638            	3.85402093e+04	2.88175626e+02	(2.49484824e+02 -7.54082493e-16 1.16602317e+01)
1639            	3.85404967e+04	2.88175596e+02	(2.49486678e+02 -7.54083976e-16 1.16603742e+01)
1640            	3.85407870e+04	2.88175564e+02	(2.49488558e+02 -7.54085621e-16 1.16605105e+01)
1641            	3.85410802e+04	2.88175509e+02	(2.49490451e+02 -7.54087026e-16 1.16606457e+01)
1642            	3.85413758e+04	2.88175444e+02	(2.49492357e+02 -7.54088193e-16 1.16607780e+01)
1643            	3.85416736e+04	2.88175372e+02	(2.49494278e+02 -7.54089158e-16 1.16609064e+01)
1644            	3.85419729e+04	2.88175308e+02	(2.49496206e+02 -7.54090534e-16 1.16610235e+01)
1645            	3.85422727e+04	2.88175221e+02	(2.49498129e+02 -7.54091642e-16 1.16611378e+01)
1646            	3.85425724e+04	2.88175119e+02	(2.49500058e+02 -7.54092263e-16 1.16612488e+01)
1647            	3.85428717e+04	2.88175027e+02	(2.49501983e+02 -7.54092772e-16 1.16613474e+01)
1648            	3.85431700e+04	2.88174918e+02	(2.49503896e+02 -7.54092517e-16 1.16614424e+01)
1649            	3.85434667e+04	2.88174792e+02	(2.49505802e+02 -7.54092019e-16 1.16615337e+01)
1650            	3.85437614e+04	2.88174677e+02	(2.49507694e+02 -7.54092044e-16 1.16616112e+01)
1651            	3.85440534e+04	2.88174544e+02	(2.49509566e+02 -7.54092402e-16 1.16616852e+01)
1652            	3.85443425e+04	2.88174396e+02	(2.49511422e+02 -7.54092883e-16 1.16617557e+01)
1653            	3.85446280e+04	2.88174258e+02	(2.49513253e+02 -7.54094001e-16 1.16618112e+01)
1654            	3.85449096e+04	2.88174103e+02	(2.49515054e+02 -7.54095076e-16 1.16618616e+01)
1655            	3.85451871e+04	2.88173937e+02	(2.49516829e+02 -7.54095784e-16 1.16619071e+01)
1656            	3.85454594e+04	2.88173780e+02	(2.49518569e+02 -7.54097357e-16 1.16619356e+01)
1657            	3.85457262e+04	2.88173610e+02	(2.49520270e+02 -7.54099389e-16 1.16619580e+01)
1658            	3.85459876e+04	2.88173429e+02	(2.49521932e+02 -7.54102029e-16 1.16619755e+01)
1659            	3.85462424e+04	2.88173258e+02	(2.49523549e+02 -7.54104630e-16 1.16619760e+01)
1660            	3.85464906e+04	2.88173074e+02	(2.49525118e+02 -7.54106857e-16 1.16619702e+01)
1661            	3.85467321e+04	2.88172882e+02	(2.49526640e+02 -7.54108577e-16 1.16619593e+01)
1662            	3.85469658e+04	2.88172696e+02	(2.49528108e+02 -7.54110424e-16 1.16619312e+01)
1663            	3.85471915e+04	2.88172499e+02	(2.49529520e+02 -7.54112316e-16 1.16618963e+01)
1664            	3.85474096e+04	2.88172295e+02	(2.49530878e+02 -7.54114123e-16 1.16618561e+01)
1665            	3.85476187e+04	2.88172097e+02	(2.49532172e+02 -7.54116405e-16 1.16617977e+01)
1666            	3.85478187e+04	2.88171889e+02	(2.49533407e+02 -7.54118072e-16 1.16617322e+01)
1667            	3.85480101e+04	2.88171676e+02	(2.49534578e+02 -7.54119396e-16 1.16616617e+01)
1668            	3.85481914e+04	2.88171467e+02	(2.49535683e+02 -7.54120096e-16 1.16615745e+01)
1669            	3.85483628e+04	2.88171251e+02	(2.49536722e+02 -7.54120300e-16 1.16614811e+01)
1670            	3.85485250e+04	2.88171034e+02	(2.49537693e+02 -7.54119143e-16 1.16613834e+01)
1671            	3.85486763e+04	2.88170820e+02	(2.49538590e+02 -7.54117253e-16 1.16612692e+01)
1672            	3.85488170e+04	2.88170600e+02	(2.49539421e+02 -7.54114737e-16 1.16611491e+01)
1673            	3.85489477e+04	2.88170380e+02	(2.49540182e+02 -7.54112304e-16 1.16610252e+01)
1674            	3.85490670e+04	2.88170162e+02	(2.49540868e+02 -7.54109418e-16 1.16608862e+01)
1675            	3.85491755e+04	2.88169942e+02	(2.49541485e+02 -7.54106652e-16 1.16607439e+01)
1676            	3.85492724e+04	2.88169718e+02	(2.49542028e+02 -7.54104292e-16 1.16605897e+01)
1677            	3.85493580e+04	2.88169501e+02	(2.49542500e+02 -7.54101606e-16 1.16604297e+01)
1678            	3.85494321e+04	2.88169286e+02	(2.49542897e+02 -7.54099063e-16 1.16602633e+01)
1679            	3.85494944e+04	2.88169073e+02	(2.49543223e+02 -7.54096702e-16 1.16600895e+01)
1680            	3.85495449e+04	2.88168862e+02	(2.49543473e+02 -7.54093937e-16 1.16599081e+01)
1681            	3.85495833e+04	2.88168654e+02	(2.49543653e+02 -7.54091622e-16 1.16597201e+01)
1682            	3.85496099e+04	2.88168448e+02	(2.49543756e+02 -7.54089123e-16 1.16595257e+01)
1683            	3.85496245e+04	2.88168244e+02	(2.49543789e+02 -7.54086725e-16 1.16593252e+01)
1684            	3.85496274e+04	2.88168044e+02	(2.49543747e+02 -7.54084231e-16 1.16591207e+01)
1685            	3.85496181e+04	2.88167838e+02	(2.49543630e+02 -7.54081425e-16 1.16589061e+01)
1686            	3.85495971e+04	2.88167644e+02	(2.49543449e+02 -7.54078846e-16 1.16586893e+01)
1687            	3.85495644e+04	2.88167445e+02	(2.49543191e+02 -7.54076208e-16 1.16584645e+01)
1688            	3.85495199e+04	2.88167260e+02	(2.49542870e+02 -7.54073758e-16 1.16582375e+01)
1689            	3.85494637e+04	2.88167069e+02	(2.49542475e+02 -7.54071218e-16 1.16580042e+01)
1690            	3.85493964e+04	2.88166893e+02	(2.49542017e+02 -7.54068703e-16 1.16577692e+01)
1691            	3.85493178e+04	2.88166712e+02	(2.49541488e+02 -7.54066188e-16 1.16575288e+01)
1692            	3.85492283e+04	2.88166547e+02	(2.49540899e+02 -7.54064000e-16 1.16572875e+01)
1693            	3.85491282e+04	2.88166377e+02	(2.49540240e+02 -7.54061592e-16 1.16570424e+01)
1694            	3.85490176e+04	2.88166224e+02	(2.49539521e+02 -7.54059029e-16 1.16567969e+01)
1695            	3.85488970e+04	2.88166065e+02	(2.49538733e+02 -7.54056379e-16 1.16565485e+01)
1696            	3.85487665e+04	2.88165926e+02	(2.49537890e+02 -7.54054052e-16 1.16563005e+01)
1697            	3.85486265e+04	2.88165781e+02	(2.49536979e+02 -7.54051724e-16 1.16560519e+01)
1698            	3.85484772e+04	2.88165654e+02	(2.49536015e+02 -7.54049481e-16 1.16558048e+01)
1699            	3.85483190e+04	2.88165519e+02	(2.49534987e+02 -7.54047045e-16 1.16555590e+01)
1700            	3.85481519e+04	2.88165405e+02	(2.49533908e+02 -7.54044801e-16 1.16553156e+01)
1701            	3.85479766e+04	2.88165283e+02	(2.49532767e+02 -7.54042625e-16 1.16550754e+01)
1702            	3.85477932e+04	2.88165182e+02	(2.49531579e+02 -7.54040541e-16 1.16548379e+01)
1703            	3.85476022e+04	2.88165075e+02	(2.49530334e+02 -7.54038377e-16 1.16546035e+01)
1704            	3.85474037e+04	2.88164991e+02	(2.49529048e+02 -7.54036250e-16 1.16543722e+01)
1705            	3.85471985e+04	2.88164902e+02	(2.49527710e+02 -7.54034201e-16 1.16541458e+01)
1706            	3.85469865e+04	2.88164838e+02	(2.49526333e+02 -7.54032193e-16 1.16539231e+01)
1707            	3.85467686e+04	2.88164771e+02	(2.49524912e+02 -7.54030465e-16 1.16537066e+01)
1708            	3.85465448e+04	2.88164730e+02	(2.49523459e+02 -7.54028627e-16 1.16534944e+01)
1709            	3.85463159e+04	2.88164689e+02	(2.49521969e+02 -7.54026859e-16 1.16532904e+01)
1710            	3.85460826e+04	2.88164674e+02	(2.49520450e+02 -7.54024907e-16 1.16530910e+01)
1711            	3.85458449e+04	2.88164660e+02	(2.49518898e+02 -7.54023315e-16 1.16529003e+01)
1712            	3.85456029e+04	2.88164670e+02	(2.49517327e+02 -7.54021514e-16 1.16527141e+01)
1713            	3.85453575e+04	2.88164681e+02	(2.49515734e+02 -7.54019417e-16 1.16525374e+01)
1714            	3.85451094e+04	2.88164715e+02	(2.49514121e+02 -7.54017445e-16 1.16523652e+01)
1715            	3.85448586e+04	2.88164750e+02	(2.49512489e+02 -7.54016042e-16 1.16522029e+01)
1716            	3.85446054e+04	2.88164806e+02	(2.49510850e+02 -7.54014974e-16 1.16520447e+01)
1717            	3.85443504e+04	2.88164862e+02	(2.49509202e+02 -7.54013880e-16 1.16518966e+01)
1718            	3.85440946e+04	2.88164938e+02	(2.49507547e+02 -7.54012631e-16 1.16517519e+01)
1719            	3.85438379e+04	2.88165013e+02	(2.49505884e+02 -7.54011607e-16 1.16516172e+01)
1720            	3.85435806e+04	2.88165106e+02	(2.49504224e+02 -7.54010832e-16 1.16514855e+01)
1721            	3.85433234e+04	2.88165199e+02	(2.49502568e+02 -7.54010669e-16 1.16513645e+01)
1722            	3.85430672e+04	2.88165310e+02	(2.49500916e+02 -7.54010432e-16 1.16512463e+01)
1723            	3.85428122e+04	2.88165421e+02	(2.49499273e+02 -7.54010561e-16 1.16511396e+01)
1724            	3.85425590e+04	2.88165548e+02	(2.49497644e+02 -7.54010830e-16 1.16510371e+01)
1725            	3.85423076e+04	2.88165684e+02	(2.49496028e+02 -7.54012168e-16 1.16509393e+01)
1726            	3.85420591e+04	2.88165816e+02	(2.49494429e+02 -7.54013091e-16 1.16508548e+01)
1727            	3.85418136e+04	2.88165962e+02	(2.49492855e+02 -7.54014048e-16 1.16507754e+01)
1728            	3.85415713e+04	2.88166119e+02	(2.49491303e+02 -7.54015321e-16 1.16507006e+01)
1729            	3.85413328e+04	2.88166271e+02	(2.49489780e+02 -7.54016958e-16 1.16506402e+01)
1730            	3.85410983e+04	2.88166437e+02	(2.49488290e+02 -7.54017962e-16 1.16505858e+01)
1731            	3.85408678e+04	2.88166612e+02	(2.49486832e+02 -7.54019112e-16 1.16505364e+01)
1732            	3.85406422e+04	2.88166783e+02	(2.49485413e+02 -7.54019505e-16 1.16505023e+01)
1733            	3.85404219e+04	2.88166966e+02	(2.49484028e+02 -7.54019902e-16 1.16504739e+01)
1734            	3.85402068e+04	2.88167156e+02	(2.49482683e+02 -7.54020050e-16 1.16504498e+01)
1735            	3.85399980e+04	2.88167343e+02	(2.49481380e+02 -7.54020077e-16 1.16504397e+01)
1736            	3.85397951e+04	2.88167539e+02	(2.49480112e+02 -7.54019178e-16 1.16504321e+01)
1737            	3.85395993e+04	2.88167738e+02	(2.49478896e+02 -7.54019034e-16 1.16504366e+01)
1738            	3.85394109e+04	2.88167942e+02	(2.49477719e+02 -7.54019143e-16 1.16504449e+01)
1739            	3.85392299e+04	2.88168148e+02	(2.49476591e+02 -7.54019366e-16 1.16504576e+01)
1740            	3.85390569e+04	2.88168354e+02	(2.49475513e+02 -7.54019619e-16 1.16504761e+01)
1741            	3.85388921e+04	2.88168561e+02	(2.49474488e+02 -7.54019763e-16 1.16505007e+01)
1742            	3.85387359e+04	2.88168771e+02	(2.49473518e+02 -7.54019736e-16 1.16505310e+01)
1743            	3.85385884e+04	2.88168981e+02	(2.49472606e+02 -7.54020208e-16 1.16505669e+01)
1744            	3.85384500e+04	2.88169192e+02	(2.49471751e+02 -7.54020351e-16 1.16506083e+01)
1745            	3.85383206e+04	2.88169403e+02	(2.49470955e+02 -7.54020733e-16 1.16506553e+01)
1746            	3.85382008e+04	2.88169613e+02	(2.49470219e+02 -7.54020755e-16 1.16507078e+01)
1747            	3.85380904e+04	2.88169824e+02	(2.49469546e+02 -7.54021224e-16 1.16507653e+01)
1748            	3.85379900e+04	2.88170033e+02	(2.49468931e+02 -7.54021747e-16 1.16508277e+01)
1749            	3.85378994e+04	2.88170242e+02	(2.49468378e+02 -7.54022991e-16 1.16508945e+01)
1750            	3.85378190e+04	2.88170449e+02	(2.49467889e+02 -7.54024041e-16 1.16509652e+01)
1751            	3.85377486e+04	2.88170653e+02	(2.49467464e+02 -7.54025506e-16 1.16510392e+01)
1752            	3.85376885e+04	2.88170855e+02	(2.49467103e+02 -7.54026657e-16 1.16511158e+01)
1753            	3.85376385e+04	2.88171053e+02	(2.49466807e+02 -7.54028403e-16 1.16511948e+01)
1754            	3.85375988e+04	2.88171247e+02	(2.49466579e+02 -7.54029901e-16 1.16512763e+01)
1755            	3.85375693e+04	2.88171437e+02	(2.49466417e+02 -7.54031530e-16 1.16513600e+01)
1756            	3.85375498e+04	2.88171622e+02	(2.49466321e+02 -7.54033089e-16 1.16514459e+01)
1757            	3.85375405e+04	2.88171800e+02	(2.49466290e+02 -7.54034845e-16 1.16515342e+01)
1758            	3.85375413e+04	2.88171972e+02	(2.49466328e+02 -7.54036184e-16 1.16516253e+01)
1759            	3.85375524e+04	2.88172138e+02	(2.49466436e+02 -7.54037951e-16 1.16517190e+01)
1760            	3.85375735e+04	2.88172301e+02	(2.49466610e+02 -7.54039375e-16 1.16518130e+01)
1761            	3.85376050e+04	2.88172467e+02	(2.49466857e+02 -7.54041226e-16 1.16519116e+01)
1762            	3.85376464e+04	2.88172621e+02	(2.49467165e+02 -7.54042543e-16 1.16520119e+01)
1763            	3.85376968e+04	2.88172765e+02	(2.49467543e+02 -7.54044134e-16 1.16521121e+01)
1764            	3.85377575e+04	2.88172911e+02	(2.49467992e+02 -7.54045577e-16 1.16522164e+01)
1765            	3.85378280e+04	2.88173047e+02	(2.49468495e+02 -7.54047061e-16 1.16523219e+01)
1766            	3.85379081e+04	2.88173186e+02	(2.49469068e+02 -7.54048491e-16 1.16524315e+01)
1767            	3.85379974e+04	2.88173308e+02	(2.49469695e+02 -7.54049939e-16 1.16525441e+01)
1768            	3.85380956e+04	2.88173423e+02	(2.49470381e+02 -7.54051210e-16 1.16526578e+01)
1769            	3.85382029e+04	2.88173542e+02	(2.49471127e+02 -7.54052924e-16 1.16527752e+01)
1770            	3.85383187e+04	2.88173645e+02	(2.49471918e+02 -7.54054194e-16 1.16528954e+01)
1771            	3.85384421e+04	2.88173735e+02	(2.49472761e+02 -7.54055549e-16 1.16530163e+01)
1772            	3.85385740e+04	2.88173827e+02	(2.49473661e+02 -7.54057028e-16 1.16531389e+01)
1773            	3.85387135e+04	2.88173904e+02	(2.49474595e+02 -7.54058361e-16 1.16532641e+01)
1774            	3.85388597e+04	2.88173966e+02	(2.49475577e+02 -7.54059454e-16 1.16533898e+01)
1775            	3.85390135e+04	2.88174029e+02	(2.49476609e+02 -7.54061048e-16 1.16535156e+01)
1776            	3.85391748e+04	2.88174079e+02	(2.49477669e+02 -7.54062138e-16 1.16536420e+01)
1777            	3.85393422e+04	2.88174128e+02	(2.49478776e+02 -7.54063556e-16 1.16537683e+01)
1778            	3.85395157e+04	2.88174158e+02	(2.49479916e+02 -7.54064602e-16 1.16538959e+01)
1779            	3.85396950e+04	2.88174182e+02	(2.49481092e+02 -7.54065638e-16 1.16540228e+01)
1780            	3.85398796e+04	2.88174211e+02	(2.49482306e+02 -7.54066798e-16 1.16541477e+01)
1781            	3.85400691e+04	2.88174224e+02	(2.49483543e+02 -7.54067749e-16 1.16542727e+01)
1782            	3.85402626e+04	2.88174225e+02	(2.49484812e+02 -7.54068473e-16 1.16543964e+01)
1783            	3.85404605e+04	2.88174232e+02	(2.49486109e+02 -7.54069596e-16 1.16545155e+01)
1784            	3.85406620e+04	2.88174223e+02	(2.49487421e+02 -7.54070326e-16 1.16546343e+01)
1785            	3.85408663e+04	2.88174201e+02	(2.49488757e+02 -7.54070987e-16 1.16547513e+01)
1786            	3.85410738e+04	2.88174184e+02	(2.49490115e+02 -7.54072141e-16 1.16548624e+01)
1787            	3.85412838e+04	2.88174153e+02	(2.49491479e+02 -7.54073183e-16 1.16549724e+01)
1788            	3.85414955e+04	2.88174108e+02	(2.49492860e+02 -7.54074051e-16 1.16550807e+01)
1789            	3.85417093e+04	2.88174071e+02	(2.49494253e+02 -7.54074984e-16 1.16551820e+01)
1790            	3.85419253e+04	2.88174021e+02	(2.49495648e+02 -7.54075366e-16 1.16552817e+01)
1791            	3.85421422e+04	2.88173968e+02	(2.49497050e+02 -7.54075768e-16 1.16553751e+01)
1792            	3.85423597e+04	2.88173900e+02	(2.49498454e+02 -7.54076020e-16 1.16554665e+01)
1793            	3.85425776e+04	2.88173827e+02	(2.49499857e+02 -7.54076257e-16 1.16555547e+01)
1794            	3.85427956e+04	2.88173749e+02	(2.49501259e+02 -7.54076820e-16 1.16556391e+01)
1795            	3.85430131e+04	2.88173665e+02	(2.49502658e+02 -7.54077503e-16 1.16557187e+01)
1796            	3.85432298e+04	2.88173577e+02	(2.49504050e+02 -7.54078286e-16 1.16557934e+01)
1797            	3.85434452e+04	2.88173484e+02	(2.49505433e+02 -7.54079117e-16 1.16558625e+01)
1798            	3.85436589e+04	2.88173385e+02	(2.49506804e+02 -7.54079796e-16 1.16559263e+01)
1799            	3.85438704e+04	2.88173282e+02	(2.49508161e+02 -7.54080678e-16 1.16559847e+01)
1800            	3.85440794e+04	2.88173174e+02	(2.49509500e+02 -7.54081629e-16 1.16560377e+01)
1801            	3.85442855e+04	2.88173061e+02	(2.49510819e+02 -7.54082910e-16 1.16560851e+01)
1802            	3.85444885e+04	2.88172944e+02	(2.49512115e+02 -7.54084347e-16 1.16561265e+01)
1803            	3.85446881e+04	2.88172823e+02	(2.49513386e+02 -7.54086071e-16 1.16561620e+01)
1804            	3.85448838e+04	2.88172697e+02	(2.49514630e+02 -7.54088126e-16 1.16561914e+01)
1805            	3.85450755e+04	2.88172568e+02	(2.49515843e+02 -7.54090225e-16 1.16562137e+01)
1806            	3.85452628e+04	2.88172434e+02	(2.49517026e+02 -7.54092205e-16 1.16562291e+01)
1807            	3.85454452e+04	2.88172298e+02	(2.49518175e+02 -7.54093882e-16 1.16562375e+01)
1808            	3.85456225e+04	2.88172159e+02	(2.49519289e+02 -7.54095291e-16 1.16562387e+01)
1809            	3.85457943e+04	2.88172017e+02	(2.49520366e+02 -7.54096419e-16 1.16562325e+01)
1810            	3.85459605e+04	2.88171873e+02	(2.49521405e+02 -7.54097567e-16 1.16562188e+01)
1811            	3.85461207e+04	2.88171728e+02	(2.49522404e+02 -7.54098839e-16 1.16561975e+01)
1812            	3.85462747e+04	2.88171581e+02	(2.49523361e+02 -7.54100002e-16 1.16561681e+01)
1813            	3.85464224e+04	2.88171432e+02	(2.49524273e+02 -7.54101006e-16 1.16561307e+01)
1814            	3.85465633e+04	2.88171282e+02	(2.49525141e+02 -7.54102640e-16 1.16560855e+01)
1815            	3.85466972e+04	2.88171131e+02	(2.49525962e+02 -7.54103923e-16 1.16560328e+01)
1816            	3.85468240e+04	2.88170977e+02	(2.49526734e+02 -7.54104515e-16 1.16559729e+01)
1817            	3.85469437e+04	2.88170822e+02	(2.49527456e+02 -7.54104698e-16 1.16559059e+01)
1818            	3.85470557e+04	2.88170665e+02	(2.49528130e+02 -7.54104659e-16 1.16558324e+01)
1819            	3.85471600e+04	2.88170507e+02	(2.49528753e+02 -7.54104015e-16 1.16557521e+01)
1820            	3.85472563e+04	2.88170349e+02	(2.49529324e+02 -7.54102631e-16 1.16556650e+01)
1821            	3.85473447e+04	2.88170190e+02	(2.49529842e+02 -7.54101003e-16 1.16555712e+01)
1822            	3.85474249e+04	2.88170031e+02	(2.49530310e+02 -7.54099105e-16 1.16554712e+01)
1823            	3.85474968e+04	2.88169872e+02	(2.49530724e+02 -7.54096936e-16 1.16553653e+01)
1824            	3.85475605e+04	2.88169714e+02	(2.49531083e+02 -7.54094548e-16 1.16552536e+01)
1825            	3.85476156e+04	2.88169557e+02	(2.49531391e+02 -7.54092239e-16 1.16551365e+01)
1826            	3.85476622e+04	2.88169401e+02	(2.49531643e+02 -7.54089826e-16 1.16550138e+01)
1827            	3.85477000e+04	2.88169246e+02	(2.49531843e+02 -7.54087505e-16 1.16548856e+01)
1828            	3.85477291e+04	2.88169093e+02	(2.49531989e+02 -7.54085174e-16 1.16547524e+01)
1829            	3.85477494e+04	2.88168941e+02	(2.49532081e+02 -7.54082754e-16 1.16546144e+01)
1830            	3.85477611e+04	2.88168791e+02	(2.49532119e+02 -7.54080489e-16 1.16544719e+01)
1831            	3.85477640e+04	2.88168644e+02	(2.49532104e+02 -7.54078488e-16 1.16543253e+01)
1832            	3.85477581e+04	2.88168498e+02	(2.49532035e+02 -7.54076423e-16 1.16541746e+01)
1833            	3.85477435e+04	2.88168354e+02	(2.49531914e+02 -7.54074398e-16 1.16540200e+01)
1834            	3.85477203e+04	2.88168213e+02	(2.49531739e+02 -7.54072199e-16 1.16538615e+01)
1835            	3.85476886e+04	2.88168075e+02	(2.49531513e+02 -7.54070065e-16 1.16536993e+01)
1836            	3.85476484e+04	2.88167940e+02	(2.49531236e+02 -7.54067835e-16 1.16535337e+01)
1837            	3.85476000e+04	2.88167808e+02	(2.49530908e+02 -7.54065685e-16 1.16533665e+01)
1838            	3.85475433e+04	2.88167668e+02	(2.49530526e+02 -7.54063481e-16 1.16531955e+01)
1839            	3.85474784e+04	2.88167541e+02	(2.49530099e+02 -7.54061715e-16 1.16530239e+01)
1840            	3.85474059e+04	2.88167409e+02	(2.49529620e+02 -7.54059535e-16 1.16528500e+01)
1841            	3.85473257e+04	2.88167291e+02	(2.49529097e+02 -7.54057796e-16 1.16526745e+01)
1842            	3.85472382e+04	2.88167179e+02	(2.49528526e+02 -7.54055965e-16 1.16524999e+01)
1843            	3.85471434e+04	2.88167060e+02	(2.49527904e+02 -7.54054216e-16 1.16523244e+01)
1844            	3.85470412e+04	2.88166955e+02	(2.49527242e+02 -7.54052541e-16 1.16521498e+01)
1845            	3.85469322e+04	2.88166844e+02	(2.49526532e+02 -7.54050892e-16 1.16519759e+01)
1846            	3.85468167e+04	2.88166751e+02	(2.49525783e+02 -7.54049171e-16 1.16518021e+01)
1847            	3.85466948e+04	2.88166666e+02	(2.49524991e+02 -7.54047651e-16 1.16516310e+01)
1848            	3.85465667e+04	2.88166575e+02	(2.49524156e+02 -7.54045782e-16 1.16514623e+01)
1849            	3.85464326e+04	2.88166501e+02	(2.49523288e+02 -7.54044331e-16 1.16512952e+01)
1850            	3.85462932e+04	2.88166439e+02	(2.49522382e+02 -7.54042803e-16 1.16511315e+01)
1851            	3.85461483e+04	2.88166372e+02	(2.49521436e+02 -7.54041197e-16 1.16509724e+01)
1852            	3.85459983e+04	2.88166320e+02	(2.49520465e+02 -7.54039597e-16 1.16508160e+01)
1853            	3.85458438e+04	2.88166281e+02	(2.49519460e+02 -7.54038362e-16 1.16506634e+01)
1854            	3.85456847e+04	2.88166239e+02	(2.49518422e+02 -7.54036555e-16 1.16505169e+01)
1855            	3.85455206e+04	2.88166210e+02	(2.49517363e+02 -7.54035201e-16 1.16503741e+01)
1856            	3.85453530e+04	2.88166182e+02	(2.49516274e+02 -7.54033733e-16 1.16502373e+01)
1857            	3.85451818e+04	2.88166172e+02	(2.49515164e+02 -7.54032815e-16 1.16501039e+01)
1858            	3.85450070e+04	2.88166172e+02	(2.49514033e+02 -7.54031734e-16 1.16499748e+01)
1859            	3.85448293e+04	2.88166169e+02	(2.49512881e+02 -7.54030885e-16 1.16498527e+01)
1860            	3.85446491e+04	2.88166183e+02	(2.49511716e+02 -7.54030033e-16 1.16497338e+01)
1861            	3.85444666e+04	2.88166209e+02	(2.49510536e+02 -7.54029527e-16 1.16496188e+01)
1862            	3.85442823e+04	2.88166231e+02	(2.49509343e+02 -7.54028610e-16 1.16495120e+01)
1863            	3.85440964e+04	2.88166269e+02	(2.49508145e+02 -7.54028382e-16 1.16494089e+01)
1864            	3.85439095e+04	2.88166320e+02	(2.49506938e+02 -7.54028179e-16 1.16493099e+01)
1865            	3.85437218e+04	2.88166367e+02	(2.49505725e+02 -7.54028307e-16 1.16492200e+01)
1866            	3.85435337e+04	2.88166428e+02	(2.49504512e+02 -7.54028452e-16 1.16491336e+01)
1867            	3.85433456e+04	2.88166501e+02	(2.49503298e+02 -7.54028843e-16 1.16490508e+01)
1868            	3.85431579e+04	2.88166569e+02	(2.49502085e+02 -7.54028813e-16 1.16489773e+01)
1869            	3.85429706e+04	2.88166649e+02	(2.49500880e+02 -7.54029151e-16 1.16489073e+01)
1870            	3.85427842e+04	2.88166739e+02	(2.49499680e+02 -7.54029388e-16 1.16488406e+01)
1871            	3.85425991e+04	2.88166825e+02	(2.49498489e+02 -7.54029916e-16 1.16487838e+01)
1872            	3.85424155e+04	2.88166921e+02	(2.49497311e+02 -7.54030688e-16 1.16487304e+01)
1873            	3.85422336e+04	2.88167026e+02	(2.49496146e+02 -7.54031628e-16 1.16486803e+01)
1874            	3.85420541e+04	2.88167128e+02	(2.49494998e+02 -7.54031614e-16 1.16486406e+01)
1875            	3.85418769e+04	2.88167239e+02	(2.49493868e+02 -7.54032019e-16 1.16486043e+01)
1876            	3.85417023e+04	2.88167359e+02	(2.49492757e+02 -7.54032114e-16 1.16485712e+01)
1877            	3.85415309e+04	2.88167475e+02	(2.49491670e+02 -7.54032577e-16 1.16485485e+01)
1878            	3.85413627e+04	2.88167599e+02	(2.49490606e+02 -7.54032254e-16 1.16485298e+01)
1879            	3.85411978e+04	2.88167730e+02	(2.49489567e+02 -7.54032331e-16 1.16485141e+01)
1880            	3.85410371e+04	2.88167858e+02	(2.49488557e+02 -7.54031871e-16 1.16485090e+01)
1881            	3.85408799e+04	2.88167992e+02	(2.49487572e+02 -7.54031697e-16 1.16485060e+01)
1882            	3.85407278e+04	2.88168129e+02	(2.49486619e+02 -7.54030814e-16 1.16485117e+01)
1883            	3.85405802e+04	2.88168270e+02	(2.49485695e+02 -7.54030374e-16 1.16485206e+01)
1884            	3.85404376e+04	2.88168413e+02	(2.49484804e+02 -7.54030169e-16 1.16485334e+01)
1885            	3.85403005e+04	2.88168558e+02	(2.49483945e+02 -7.54030483e-16 1.16485508e+01)
1886            	3.85401688e+04	2.88168704e+02	(2.49483122e+02 -7.54030119e-16 1.16485732e+01)
1887            	3.85400425e+04	2.88168852e+02	(2.49482332e+02 -7.54030430e-16 1.16485987e+01)
1888            	3.85399226e+04	2.88168999e+02	(2.49481585e+02 -7.54030415e-16 1.16486332e+01)
1889            	3.85398087e+04	2.88169148e+02	(2.49480872e+02 -7.54030369e-16 1.16486684e+01)
1890            	3.85397015e+04	2.88169298e+02	(2.49480207e+02 -7.54030213e-16 1.16487105e+01)
1891            	3.85396007e+04	2.88169448e+02	(2.49479578e+02 -7.54030520e-16 1.16487528e+01)
1892            	3.85395071e+04	2.88169598e+02	(2.49478996e+02 -7.54030458e-16 1.16488014e+01)
1893            	3.85394200e+04	2.88169746e+02	(2.49478454e+02 -7.54030701e-16 1.16488500e+01)
1894            	3.85393405e+04	2.88169896e+02	(2.49477961e+02 -7.54030758e-16 1.16489045e+01)
1895            	3.85392677e+04	2.88170044e+02	(2.49477508e+02 -7.54031010e-16 1.16489585e+01)
1896            	3.85392026e+04	2.88170192e+02	(2.49477106e+02 -7.54031139e-16 1.16490179e+01)
1897            	3.85391445e+04	2.88170338e+02	(2.49476747e+02 -7.54031500e-16 1.16490771e+01)
1898            	3.85390942e+04	2.88170483e+02	(2.49476438e+02 -7.54031793e-16 1.16491413e+01)
1899            	3.85390511e+04	2.88170624e+02	(2.49476173e+02 -7.54032529e-16 1.16492053e+01)
1900            	3.85390157e+04	2.88170766e+02	(2.49475962e+02 -7.54033026e-16 1.16492743e+01)
1901            	3.85389876e+04	2.88170902e+02	(2.49475796e+02 -7.54033820e-16 1.16493434e+01)
1902            	3.85389674e+04	2.88171038e+02	(2.49475683e+02 -7.54034854e-16 1.16494169e+01)
1903            	3.85389544e+04	2.88171168e+02	(2.49475620e+02 -7.54035791e-16 1.16494901e+01)
1904            	3.85389493e+04	2.88171300e+02	(2.49475609e+02 -7.54036818e-16 1.16495672e+01)
1905            	3.85389513e+04	2.88171424e+02	(2.49475648e+02 -7.54037967e-16 1.16496437e+01)
1906            	3.85389610e+04	2.88171552e+02	(2.49475738e+02 -7.54038907e-16 1.16497239e+01)
1907            	3.85389781e+04	2.88171670e+02	(2.49475876e+02 -7.54040140e-16 1.16498059e+01)
1908            	3.85390023e+04	2.88171784e+02	(2.49476064e+02 -7.54041241e-16 1.16498880e+01)
1909            	3.85390339e+04	2.88171899e+02	(2.49476302e+02 -7.54042624e-16 1.16499746e+01)
1910            	3.85390727e+04	2.88172006e+02	(2.49476583e+02 -7.54043687e-16 1.16500638e+01)
1911            	3.85391181e+04	2.88172107e+02	(2.49476910e+02 -7.54045028e-16 1.16501533e+01)
1912            	3.85391708e+04	2.88172209e+02	(2.49477285e+02 -7.54046202e-16 1.16502466e+01)
1913            	3.85392304e+04	2.88172303e+02	(2.49477697e+02 -7.54047446e-16 1.16503425e+01)
1914            	3.85392962e+04	2.88172389e+02	(2.49478153e+02 -7.54048465e-16 1.16504387e+01)
1915            	3.85393689e+04	2.88172476e+02	(2.49478653e+02 -7.54049816e-16 1.16505377e+01)
1916            	3.85394481e+04	2.88172553e+02	(2.49479186e+02 -7.54050707e-16 1.16506387e+01)
1917            	3.85395328e+04	2.88172620e+02	(2.49479760e+02 -7.54051804e-16 1.16507401e+01)
1918            	3.85396240e+04	2.88172688e+02	(2.49480375e+02 -7.54052895e-16 1.16508435e+01)
1919            	3.85397210e+04	2.88172745e+02	(2.49481019e+02 -7.54053943e-16 1.16509492e+01)
1920            	3.85398231e+04	2.88172793e+02	(2.49481700e+02 -7.54054770e-16 1.16510552e+01)
1921            	3.85399309e+04	2.88172843e+02	(2.49482420e+02 -7.54055984e-16 1.16511618e+01)
1922            	3.85400439e+04	2.88172884e+02	(2.49483163e+02 -7.54056742e-16 1.16512703e+01)
1923            	3.85401613e+04	2.88172915e+02	(2.49483941e+02 -7.54057600e-16 1.16513790e+01)
1924            	3.85402836e+04	2.88172950e+02	(2.49484753e+02 -7.54058492e-16 1.16514872e+01)
1925            	3.85404109e+04	2.88172975e+02	(2.49485585e+02 -7.54059262e-16 1.16515956e+01)
1926            	3.85405421e+04	2.88172999e+02	(2.49486447e+02 -7.54059912e-16 1.16517031e+01)
1927            	3.85406771e+04	2.88173010e+02	(2.49487333e+02 -7.54060632e-16 1.16518114e+01)
1928            	3.85408157e+04	2.88173014e+02	(2.49488241e+02 -7.54061187e-16 1.16519198e+01)
1929            	3.85409575e+04	2.88173015e+02	(2.49489170e+02 -7.54061806e-16 1.16520279e+01)
1930            	3.85411023e+04	2.88173010e+02	(2.49490117e+02 -7.54062380e-16 1.16521352e+01)
1931            	3.85412497e+04	2.88173000e+02	(2.49491083e+02 -7.54063174e-16 1.16522413e+01)
1932            	3.85413996e+04	2.88172986e+02	(2.49492063e+02 -7.54063691e-16 1.16523458e+01)
1933            	3.85415514e+04	2.88172966e+02	(2.49493057e+02 -7.54064366e-16 1.16524483e+01)
1934            	3.85417051e+04	2.88172941e+02	(2.49494061e+02 -7.54065075e-16 1.16525482e+01)
1935            	3.85418602e+04	2.88172912e+02	(2.49495076e+02 -7.54065799e-16 1.16526461e+01)
1936            	3.85420166e+04	2.88172878e+02	(2.49496096e+02 -7.54066495e-16 1.16527413e+01)
1937            	3.85421740e+04	2.88172838e+02	(2.49497122e+02 -7.54067175e-16 1.16528338e+01)
1938            	3.85423320e+04	2.88172794e+02	(2.49498149e+02 -7.54067748e-16 1.16529232e+01)
1939            	3.85424905e+04	2.88172744e+02	(2.49499178e+02 -7.54068368e-16 1.16530095e+01)
1940            	3.85426491e+04	2.88172691e+02	(2.49500206e+02 -7.54068900e-16 1.16530926e+01)
1941            	3.85428076e+04	2.88172633e+02	(2.49501231e+02 -7.54069528e-16 1.16531722e+01)
1942            	3.85429657e+04	2.88172570e+02	(2.49502252e+02 -7.54070336e-16 1.16532480e+01)
1943            	3.85431231e+04	2.88172503e+02	(2.49503265e+02 -7.54071326e-16 1.16533198e+01)
1944            	3.85432796e+04	2.88172432e+02	(2.49504271e+02 -7.54072324e-16 1.16533876e+01)
1945            	3.85434347e+04	2.88172358e+02	(2.49505267e+02 -7.54073561e-16 1.16534514e+01)
1946            	3.85435882e+04	2.88172279e+02	(2.49506252e+02 -7.54074819e-16 1.16535107e+01)
1947            	3.85437399e+04	2.88172198e+02	(2.49507223e+02 -7.54076189e-16 1.16535654e+01)
1948            	3.85438895e+04	2.88172112e+02	(2.49508178e+02 -7.54077479e-16 1.16536154e+01)
1949            	3.85440366e+04	2.88172024e+02	(2.49509118e+02 -7.54078943e-16 1.16536604e+01)
1950            	3.85441812e+04	2.88171932e+02	(2.49510038e+02 -7.54080440e-16 1.16537002e+01)
1951            	3.85443228e+04	2.88171838e+02	(2.49510939e+02 -7.54081929e-16 1.16537349e+01)
1952            	3.85444612e+04	2.88171741e+02	(2.49511820e+02 -7.54083255e-16 1.16537643e+01)
1953            	3.85445962e+04	2.88171642e+02	(2.49512677e+02 -7.54084435e-16 1.16537882e+01)
1954            	3.85447276e+04	2.88171541e+02	(2.49513510e+02 -7.54085499e-16 1.16538067e+01)
1955            	3.85448553e+04	2.88171437e+02	(2.49514315e+02 -7.54086364e-16 1.16538197e+01)
1956            	3.85449788e+04	2.88171332e+02	(2.49515095e+02 -7.54087164e-16 1.16538273e+01)
1957            	3.85450980e+04	2.88171225e+02	(2.49515847e+02 -7.54087783e-16 1.16538296e+01)
1958            	3.85452130e+04	2.88171117e+02	(2.49516569e+02 -7.54088458e-16 1.16538263e+01)
1959            	3.85453232e+04	2.88171007e+02	(2.49517260e+02 -7.54089220e-16 1.16538170e+01)
1960            	3.85454288e+04	2.88170895e+02	(2.49517918e+02 -7.54090102e-16 1.16538019e+01)
1961            	3.85455293e+04	2.88170782e+02	(2.49518544e+02 -7.54090871e-16 1.16537809e+01)
1962            	3.85456247e+04	2.88170669e+02	(2.49519137e+02 -7.54091688e-16 1.16537543e+01)
1963            	3.85457148e+04	2.88170555e+02	(2.49519693e+02 -7.54092580e-16 1.16537221e+01)
1964            	3.85457996e+04	2.88170440e+02	(2.49520211e+02 -7.54093176e-16 1.16536843e+01)
1965            	3.85458787e+04	2.88170325e+02	(2.49520695e+02 -7.54093509e-16 1.16536411e+01)
1966            	3.85459522e+04	2.88170210e+02	(2.49521140e+02 -7.54093352e-16 1.16535927e+01)
1967            	3.85460198e+04	2.88170094e+02	(2.49521547e+02 -7.54092949e-16 1.16535396e+01)
1968            	3.85460816e+04	2.88169977e+02	(2.49521915e+02 -7.54092504e-16 1.16534817e+01)
1969            	3.85461375e+04	2.88169861e+02	(2.49522243e+02 -7.54091798e-16 1.16534194e+01)
1970            	3.85461872e+04	2.88169744e+02	(2.49522533e+02 -7.54090901e-16 1.16533525e+01)
1971            	3.85462308e+04	2.88169628e+02	(2.49522785e+02 -7.54089912e-16 1.16532817e+01)
1972            	3.85462682e+04	2.88169512e+02	(2.49522996e+02 -7.54088673e-16 1.16532070e+01)
1973            	3.85462993e+04	2.88169397e+02	(2.49523166e+02 -7.54087324e-16 1.16531286e+01)
1974            	3.85463241e+04	2.88169282e+02	(2.49523298e+02 -7.54085675e-16 1.16530466e+01)
1975            	3.85463425e+04	2.88169169e+02	(2.49523390e+02 -7.54084049e-16 1.16529613e+01)
1976            	3.85463546e+04	2.88169058e+02	(2.49523441e+02 -7.54082256e-16 1.16528727e+01)
1977            	3.85463603e+04	2.88168948e+02	(2.49523454e+02 -7.54080527e-16 1.16527808e+01)
1978            	3.85463597e+04	2.88168839e+02	(2.49523426e+02 -7.54078692e-16 1.16526860e+01)
1979            	3.85463528e+04	2.88168733e+02	(2.49523359e+02 -7.54077021e-16 1.16525883e+01)
1980            	3.85463395e+04	2.88168629e+02	(2.49523253e+02 -7.54075256e-16 1.16524879e+01)
1981            	3.85463200e+04	2.88168526e+02	(2.49523109e+02 -7.54073540e-16 1.16523849e+01)
1982            	3.85462943e+04	2.88168426e+02	(2.49522925e+02 -7.54071723e-16 1.16522796e+01)
1983            	3.85462624e+04	2.88168329e+02	(2.49522704e+02 -7.54070074e-16 1.16521721e+01)
1984            	3.85462246e+04	2.88168234e+02	(2.49522446e+02 -7.54068376e-16 1.16520629e+01)
1985            	3.85461809e+04	2.88168142e+02	(2.49522151e+02 -7.54066846e-16 1.16519524e+01)
1986            	3.85461314e+04	2.88168053e+02	(2.49521820e+02 -7.54065174e-16 1.16518412e+01)
1987            	3.85460760e+04	2.88167967e+02	(2.49521453e+02 -7.54063626e-16 1.16517292e+01)
1988            	3.85460151e+04	2.88167884e+02	(2.49521052e+02 -7.54062042e-16 1.16516168e+01)
1989            	3.85459487e+04	2.88167805e+02	(2.49520617e+02 -7.54060630e-16 1.16515041e+01)
1990            	3.85458769e+04	2.88167730e+02	(2.49520148e+02 -7.54059096e-16 1.16513912e+01)
1991            	3.85457999e+04	2.88167658e+02	(2.49519647e+02 -7.54057782e-16 1.16512789e+01)
1992            	3.85457180e+04	2.88167590e+02	(2.49519114e+02 -7.54056378e-16 1.16511674e+01)
1993            	3.85456311e+04	2.88167526e+02	(2.49518550e+02 -7.54055178e-16 1.16510570e+01)
1994            	3.85455396e+04	2.88167466e+02	(2.49517956e+02 -7.54053931e-16 1.16509482e+01)
1995            	3.85454437e+04	2.88167411e+02	(2.49517334e+02 -7.54052908e-16 1.16508410e+01)
1996            	3.85453434e+04	2.88167361e+02	(2.49516683e+02 -7.54051787e-16 1.16507358e+01)
1997            	3.85452390e+04	2.88167316e+02	(2.49516008e+02 -7.54050971e-16 1.16506331e+01)
1998            	3.85451308e+04	2.88167277e+02	(2.49515307e+02 -7.54050057e-16 1.16505328e+01)
1999            	3.85450188e+04	2.88167243e+02	(2.49514582e+02 -7.54049359e-16 1.16504351e+01)
2000            	3.85449034e+04	2.88167214e+02	(2.49513835e+02 -7.54048483e-16 1.16503402e+01)
2001            	3.85447847e+04	2.88167191e+02	(2.49513068e+02 -7.54047810e-16 1.16502484e+01)
2002            	3.85446630e+04	2.88167174e+02	(2.49512281e+02 -7.54046984e-16 1.16501595e+01)
2003            	3.85445385e+04	2.88167163e+02	(2.49511477e+02 -7.54046472e-16 1.16500740e+01)
2004            	3.85444114e+04	2.88167158e+02	(2.49510656e+02 -7.54045768e-16 1.16499921e+01)
2005            	3.85442820e+04	2.88167158e+02	(2.49509820e+02 -7.54045356e-16 1.16499137e+01)
2006            	3.85441506e+04	2.88167165e+02	(2.49508971e+02 -7.54044743e-16 1.16498390e+01)
2007            	3.85440174e+04	2.88167178e+02	(2.49508111e+02 -7.54044483e-16 1.16497683e+01)
2008            	3.85438827e+04	2.88167197e+02	(2.49507243e+02 -7.54044096e-16 1.16497016e+01)
2009            	3.85437468e+04	2.88167221e+02	(2.49506366e+02 -7.54044034e-16 1.16496387e+01)
2010            	3.85436099e+04	2.88167251e+02	(2.49505485e+02 -7.54043891e-16 1.16495798e+01)
2011            	3.85434723e+04	2.88167286e+02	(2.49504600e+02 -7.54043938e-16 1.16495250e+01)
2012            	3.85433343e+04	2.88167327e+02	(2.49503712e+02 -7.54043910e-16 1.16494741e+01)
2013            	3.85431961e+04	2.88167373e+02	(2.49502825e+02 -7.54043852e-16 1.16494273e+01)
2014            	3.85430581e+04	2.88167424e+02	(2.49501940e+02 -7.54043524e-16 1.16493846e+01)
2015            	3.85429203e+04	2.88167480e+02	(2.49501057e+02 -7.54043557e-16 1.16493459e+01)
2016            	3.85427831e+04	2.88167540e+02	(2.49500179e+02 -7.54043299e-16 1.16493114e+01)
2017            	3.85426467e+04	2.88167604e+02	(2.49499307e+02 -7.54043373e-16 1.16492810e+01)
2018            	3.85425114e+04	2.88167672e+02	(2.49498442e+02 -7.54043089e-16 1.16492548e+01)
2019            	3.85423772e+04	2.88167745e+02	(2.49497588e+02 -7.54043289e-16 1.16492330e+01)
2020            	3.85422447e+04	2.88167821e+02	(2.49496743e+02 -7.54043030e-16 1.16492155e+01)
2021            	3.85421139e+04	2.88167900e+02	(2.49495911e+02 -7.54042850e-16 1.16492022e+01)
2022            	3.85419850e+04	2.88167982e+02	(2.49495092e+02 -7.54042283e-16 1.16491934e+01)
2023            	3.85418583e+04	2.88168067e+02	(2.49494290e+02 -7.54042101e-16 1.16491890e+01)
2024            	3.85417341e+04	2.88168154e+02	(2.49493501e+02 -7.54041720e-16 1.16491888e+01)
2025            	3.85416123e+04	2.88168243e+02	(2.49492733e+02 -7.54041687e-16 1.16491930e+01)
2026            	3.85414936e+04	2.88168334e+02	(2.49491983e+02 -7.54041061e-16 1.16492012e+01)
2027            	3.85413779e+04	2.88168428e+02	(2.49491254e+02 -7.54040522e-16 1.16492134e+01)
2028            	3.85412654e+04	2.88168523e+02	(2.49490548e+02 -7.54039812e-16 1.16492295e+01)
2029            	3.85411563e+04	2.88168620e+02	(2.49489862e+02 -7.54039716e-16 1.16492496e+01)
2030            	3.85410510e+04	2.88168719e+02	(2.49489199e+02 -7.54039695e-16 1.16492737e+01)
2031            	3.85409495e+04	2.88168819e+02	(2.49488561e+02 -7.54039758e-16 1.16493015e+01)
2032            	3.85408520e+04	2.88168920e+02	(2.49487949e+02 -7.54039419e-16 1.16493331e+01)
2033            	3.85407585e+04	2.88169022e+02	(2.49487364e+02 -7.54039457e-16 1.16493679e+01)
2034            	3.85406696e+04	2.88169125e+02	(2.49486804e+02 -7.54039392e-16 1.16494057e+01)
2035            	3.85405851e+04	2.88169228e+02	(2.49486273e+02 -7.54039622e-16 1.16494466e+01)
2036            	3.85405053e+04	2.88169332e+02	(2.49485771e+02 -7.54039307e-16 1.16494903e+01)
2037            	3.85404302e+04	2.88169436e+02	(2.49485300e+02 -7.54039352e-16 1.16495368e+01)
2038            	3.85403602e+04	2.88169541e+02	(2.49484860e+02 -7.54039293e-16 1.16495860e+01)
2039            	3.85402951e+04	2.88169646e+02	(2.49484454e+02 -7.54039588e-16 1.16496380e+01)
2040            	3.85402352e+04	2.88169751e+02	(2.49484080e+02 -7.54039474e-16 1.16496927e+01)
2041            	3.85401805e+04	2.88169856e+02	(2.49483739e+02 -7.54039513e-16 1.16497497e+01)
2042            	3.85401312e+04	2.88169960e+02	(2.49483432e+02 -7.54039377e-16 1.16498086e+01)
2043            	3.85400871e+04	2.88170064e+02	(2.49483162e+02 -7.54039650e-16 1.16498697e+01)
2044            	3.85400485e+04	2.88170168e+02	(2.49482927e+02 -7.54039667e-16 1.16499333e+01)
2045            	3.85400153e+04	2.88170270e+02	(2.49482726e+02 -7.54039861e-16 1.16499993e+01)
2046            	3.85399877e+04	2.88170371e+02	(2.49482561e+02 -7.54039905e-16 1.16500674e+01)
2047            	3.85399654e+04	2.88170471e+02	(2.49482433e+02 -7.54040301e-16 1.16501377e+01)
2048            	3.85399490e+04	2.88170569e+02	(2.49482341e+02 -7.54040524e-16 1.16502100e+01)
2049            	3.85399378e+04	2.88170666e+02	(2.49482285e+02 -7.54040958e-16 1.16502840e+01)
2050            	3.85399323e+04	2.88170760e+02	(2.49482265e+02 -7.54041226e-16 1.16503597e+01)
2051            	3.85399322e+04	2.88170851e+02	(2.49482281e+02 -7.54041843e-16 1.16504371e+01)
2052            	3.85399377e+04	2.88170941e+02	(2.49482333e+02 -7.54042303e-16 1.16505162e+01)
2053            	3.85399486e+04	2.88171028e+02	(2.49482420e+02 -7.54042980e-16 1.16505971e+01)
2054            	3.85399649e+04	2.88171111e+02	(2.49482541e+02 -7.54043411e-16 1.16506796e+01)
2055            	3.85399865e+04	2.88171192e+02	(2.49482697e+02 -7.54044150e-16 1.16507634e+01)
2056            	3.85400134e+04	2.88171270e+02	(2.49482886e+02 -7.54044670e-16 1.16508486e+01)
2057            	3.85400455e+04	2.88171345e+02	(2.49483109e+02 -7.54045535e-16 1.16509353e+01)
2058            	3.85400829e+04	2.88171416e+02	(2.49483365e+02 -7.54046230e-16 1.16510233e+01)
2059            	3.85401251e+04	2.88171484e+02	(2.49483652e+02 -7.54047156e-16 1.16511127e+01)
2060            	3.85401725e+04	2.88171546e+02	(2.49483972e+02 -7.54047894e-16 1.16512034e+01)
2061            	3.85402246e+04	2.88171605e+02	(2.49484321e+02 -7.54048820e-16 1.16512953e+01)
2062            	3.85402815e+04	2.88171660e+02	(2.49484701e+02 -7.54049515e-16 1.16513886e+01)
2063            	3.85403430e+04	2.88171710e+02	(2.49485110e+02 -7.54050416e-16 1.16514832e+01)
2064            	3.85404090e+04	2.88171758e+02	(2.49485548e+02 -7.54051078e-16 1.16515789e+01)
2065            	3.85404792e+04	2.88171801e+02	(2.49486013e+02 -7.54051929e-16 1.16516758e+01)
2066            	3.85405538e+04	2.88171841e+02	(2.49486506e+02 -7.54052608e-16 1.16517739e+01)
2067            	3.85406322e+04	2.88171877e+02	(2.49487023e+02 -7.54053428e-16 1.16518726e+01)
2068            	3.85407145e+04	2.88171909e+02	(2.49487565e+02 -7.54054063e-16 1.16519720e+01)
2069            	3.85408003e+04	2.88171936e+02	(2.49488130e+02 -7.54054877e-16 1.16520719e+01)
2070            	3.85408897e+04	2.88171959e+02	(2.49488717e+02 -7.54055485e-16 1.16521721e+01)
2071            	3.85409821e+04	2.88171977e+02	(2.49489326e+02 -7.54056236e-16 1.16522726e+01)
2072            	3.85410778e+04	2.88171991e+02	(2.49489955e+02 -7.54056870e-16 1.16523731e+01)
2073            	3.85411763e+04	2.88172001e+02	(2.49490601e+02 -7.54057637e-16 1.16524733e+01)
2074            	3.85412775e+04	2.88172007e+02	(2.49491265e+02 -7.54058265e-16 1.16525732e+01)
2075            	3.85413812e+04	2.88172008e+02	(2.49491943e+02 -7.54059051e-16 1.16526725e+01)
2076            	3.85414872e+04	2.88172005e+02	(2.49492636e+02 -7.54059664e-16 1.16527709e+01)
2077            	3.85415951e+04	2.88171999e+02	(2.49493343e+02 -7.54060398e-16 1.16528683e+01)
2078            	3.85417049e+04	2.88171988e+02	(2.49494060e+02 -7.54061021e-16 1.16529644e+01)
2079            	3.85418163e+04	2.88171974e+02	(2.49494789e+02 -7.54061799e-16 1.16530592e+01)
2080            	3.85419291e+04	2.88171956e+02	(2.49495525e+02 -7.54062403e-16 1.16531523e+01)
2081            	3.85420431e+04	2.88171933e+02	(2.49496268e+02 -7.54063132e-16 1.16532438e+01)
2082            	3.85421580e+04	2.88171908e+02	(2.49497015e+02 -7.54063811e-16 1.16533332e+01)
2083            	3.85422736e+04	2.88171878e+02	(2.49497767e+02 -7.54064671e-16 1.16534206e+01)
2084            	3.85423898e+04	2.88171846e+02	(2.49498521e+02 -7.54065381e-16 1.16535059e+01)
2085            	3.85425062e+04	2.88171810e+02	(2.49499276e+02 -7.54066225e-16 1.16535886e+01)
2086            	3.85426228e+04	2.88171770e+02	(2.49500030e+02 -7.54067094e-16 1.16536683e+01)
2087            	3.85427392e+04	2.88171728e+02	(2.49500783e+02 -7.54068155e-16 1.16537453e+01)
2088            	3.85428554e+04	2.88171682e+02	(2.49501532e+02 -7.54069100e-16 1.16538192e+01)
2089            	3.85429710e+04	2.88171633e+02	(2.49502277e+02 -7.54070059e-16 1.16538900e+01)
2090            	3.85430860e+04	2.88171582e+02	(2.49503015e+02 -7.54070875e-16 1.16539574e+01)
2091            	3.85432000e+04	2.88171528e+02	(2.49503749e+02 -7.54071928e-16 1.16540214e+01)
2092            	3.85433129e+04	2.88171471e+02	(2.49504474e+02 -7.54072951e-16 1.16540817e+01)
2093            	3.85434244e+04	2.88171412e+02	(2.49505190e+02 -7.54074125e-16 1.16541385e+01)
2094            	3.85435344e+04	2.88171350e+02	(2.49505895e+02 -7.54075121e-16 1.16541917e+01)
2095            	3.85436426e+04	2.88171286e+02	(2.49506588e+02 -7.54076181e-16 1.16542413e+01)
2096            	3.85437489e+04	2.88171220e+02	(2.49507267e+02 -7.54077115e-16 1.16542873e+01)
2097            	3.85438531e+04	2.88171151e+02	(2.49507931e+02 -7.54078063e-16 1.16543296e+01)
2098            	3.85439550e+04	2.88171081e+02	(2.49508582e+02 -7.54078893e-16 1.16543682e+01)
2099            	3.85440543e+04	2.88171008e+02	(2.49509216e+02 -7.54079779e-16 1.16544029e+01)
2100            	3.85441511e+04	2.88170933e+02	(2.49509831e+02 -7.54080508e-16 1.16544334e+01)
2101            	3.85442449e+04	2.88170856e+02	(2.49510428e+02 -7.54081109e-16 1.16544601e+01)
2102            	3.85443359e+04	2.88170777e+02	(2.49511004e+02 -7.54081628e-16 1.16544826e+01)
2103            	3.85444237e+04	2.88170696e+02	(2.49511561e+02 -7.54082047e-16 1.16545009e+01)
2104            	3.85445081e+04	2.88170615e+02	(2.49512097e+02 -7.54082401e-16 1.16545149e+01)
2105            	3.85445893e+04	2.88170532e+02	(2.49512609e+02 -7.54083000e-16 1.16545244e+01)
2106            	3.85446669e+04	2.88170448e+02	(2.49513097e+02 -7.54083426e-16 1.16545294e+01)
2107            	3.85447408e+04	2.88170363e+02	(2.49513562e+02 -7.54083942e-16 1.16545298e+01)
2108            	3.85448109e+04	2.88170278e+02	(2.49514001e+02 -7.54084483e-16 1.16545257e+01)
2109            	3.85448771e+04	2.88170192e+02	(2.49514413e+02 -7.54084921e-16 1.16545173e+01)
2110            	3.85449394e+04	2.88170106e+02	(2.49514799e+02 -7.54085161e-16 1.16545047e+01)
2111            	3.85449974e+04	2.88170020e+02	(2.49515159e+02 -7.54085583e-16 1.16544882e+01)
2112            	3.85450514e+04	2.88169934e+02	(2.49515488e+02 -7.54085939e-16 1.16544677e+01)
2113            	3.85451011e+04	2.88169847e+02	(2.49515791e+02 -7.54086261e-16 1.16544430e+01)
2114            	3.85451464e+04	2.88169761e+02	(2.49516066e+02 -7.54086241e-16 1.16544146e+01)
2115            	3.85451873e+04	2.88169676e+02	(2.49516312e+02 -7.54086231e-16 1.16543826e+01)
2116            	3.85452240e+04	2.88169590e+02	(2.49516528e+02 -7.54085955e-16 1.16543471e+01)
2117            	3.85452559e+04	2.88169505e+02	(2.49516716e+02 -7.54085607e-16 1.16543082e+01)
2118            	3.85452834e+04	2.88169421e+02	(2.49516876e+02 -7.54085185e-16 1.16542664e+01)
2119            	3.85453061e+04	2.88169338e+02	(2.49517005e+02 -7.54084776e-16 1.16542221e+01)
2120            	3.85453242e+04	2.88169255e+02	(2.49517105e+02 -7.54084216e-16 1.16541754e+01)
2121            	3.85453378e+04	2.88169174e+02	(2.49517175e+02 -7.54083552e-16 1.16541264e+01)
2122            	3.85453466e+04	2.88169093e+02	(2.49517216e+02 -7.54082647e-16 1.16540751e+01)
2123            	3.85453508e+04	2.88169013e+02	(2.49517227e+02 -7.54081791e-16 1.16540220e+01)
2124            	3.85453503e+04	2.88168935e+02	(2.49517208e+02 -7.54080774e-16 1.16539666e+01)
2125            	3.85453451e+04	2.88168857e+02	(2.49517160e+02 -7.54079844e-16 1.16539093e+01)
2126            	3.85453355e+04	2.88168781e+02	(2.49517082e+02 -7.54078785e-16 1.16538500e+01)
2127            	3.85453213e+04	2.88168707e+02	(2.49516976e+02 -7.54077793e-16 1.16537889e+01)
2128            	3.85453025e+04	2.88168635e+02	(2.49516841e+02 -7.54076681e-16 1.16537262e+01)
2129            	3.85452793e+04	2.88168564e+02	(2.49516679e+02 -7.54075686e-16 1.16536620e+01)
2130            	3.85452517e+04	2.88168496e+02	(2.49516489e+02 -7.54074625e-16 1.16535967e+01)
2131            	3.85452197e+04	2.88168430e+02	(2.49516272e+02 -7.54073664e-16 1.16535301e+01)
2132            	3.85451835e+04	2.88168366e+02	(2.49516029e+02 -7.54072618e-16 1.16534626e+01)
2133            	3.85451429e+04	2.88168304e+02	(2.49515759e+02 -7.54071593e-16 1.16533944e+01)
2134            	3.85450982e+04	2.88168244e+02	(2.49515465e+02 -7.54070546e-16 1.16533259e+01)
2135            	3.85450495e+04	2.88168187e+02	(2.49515145e+02 -7.54069609e-16 1.16532572e+01)
2136            	3.85449968e+04	2.88168133e+02	(2.49514800e+02 -7.54068508e-16 1.16531882e+01)
2137            	3.85449405e+04	2.88168082e+02	(2.49514433e+02 -7.54067556e-16 1.16531195e+01)
2138            	3.85448804e+04	2.88168033e+02	(2.49514043e+02 -7.54066513e-16 1.16530513e+01)
2139            	3.85448168e+04	2.88167988e+02	(2.49513631e+02 -7.54065607e-16 1.16529835e+01)
2140            	3.85447497e+04	2.88167946e+02	(2.49513195e+02 -7.54064608e-16 1.16529164e+01)
2141            	3.85446794e+04	2.88167907e+02	(2.49512741e+02 -7.54063820e-16 1.16528505e+01)
2142            	3.85446060e+04	2.88167872e+02	(2.49512266e+02 -7.54062953e-16 1.16527859e+01)
2143            	3.85445295e+04	2.88167840e+02	(2.49511771e+02 -7.54062221e-16 1.16527227e+01)
2144            	3.85444501e+04	2.88167812e+02	(2.49511259e+02 -7.54061449e-16 1.16526613e+01)
2145            	3.85443681e+04	2.88167788e+02	(2.49510730e+02 -7.54060789e-16 1.16526019e+01)
2146            	3.85442836e+04	2.88167768e+02	(2.49510185e+02 -7.54059990e-16 1.16525445e+01)
2147            	3.85441966e+04	2.88167752e+02	(2.49509623e+02 -7.54059313e-16 1.16524891e+01)
2148            	3.85441076e+04	2.88167740e+02	(2.49509050e+02 -7.54058584e-16 1.16524364e+01)
2149            	3.85440165e+04	2.88167732e+02	(2.49508461e+02 -7.54058018e-16 1.16523857e+01)
2150            	3.85439235e+04	2.88167729e+02	(2.49507862e+02 -7.54057361e-16 1.16523377e+01)
2151            	3.85438289e+04	2.88167729e+02	(2.49507253e+02 -7.54056865e-16 1.16522921e+01)
2152            	3.85437329e+04	2.88167733e+02	(2.49506634e+02 -7.54056270e-16 1.16522494e+01)
2153            	3.85436354e+04	2.88167742e+02	(2.49506008e+02 -7.54055947e-16 1.16522094e+01)
2154            	3.85435369e+04	2.88167755e+02	(2.49505374e+02 -7.54055541e-16 1.16521722e+01)
2155            	3.85434375e+04	2.88167772e+02	(2.49504734e+02 -7.54055294e-16 1.16521377e+01)
2156            	3.85433374e+04	2.88167793e+02	(2.49504090e+02 -7.54054788e-16 1.16521063e+01)
2157            	3.85432367e+04	2.88167818e+02	(2.49503444e+02 -7.54054558e-16 1.16520777e+01)
2158            	3.85431358e+04	2.88167846e+02	(2.49502795e+02 -7.54054130e-16 1.16520521e+01)
2159            	3.85430346e+04	2.88167878e+02	(2.49502145e+02 -7.54053946e-16 1.16520295e+01)
2160            	3.85429335e+04	2.88167914e+02	(2.49501497e+02 -7.54053464e-16 1.16520099e+01)
2161            	3.85428327e+04	2.88167953e+02	(2.49500850e+02 -7.54053152e-16 1.16519933e+01)
2162            	3.85427322e+04	2.88167996e+02	(2.49500206e+02 -7.54052608e-16 1.16519801e+01)
2163            	3.85426323e+04	2.88168042e+02	(2.49499568e+02 -7.54052289e-16 1.16519701e+01)
2164            	3.85425332e+04	2.88168090e+02	(2.49498936e+02 -7.54051754e-16 1.16519636e+01)
2165            	3.85424350e+04	2.88168142e+02	(2.49498309e+02 -7.54051402e-16 1.16519603e+01)
2166            	3.85423379e+04	2.88168196e+02	(2.49497690e+02 -7.54050966e-16 1.16519604e+01)
2167            	3.85422422e+04	2.88168253e+02	(2.49497080e+02 -7.54050833e-16 1.16519640e+01)
2168            	3.85421479e+04	2.88168312e+02	(2.49496480e+02 -7.54050513e-16 1.16519710e+01)
2169            	3.85420552e+04	2.88168373e+02	(2.49495891e+02 -7.54050204e-16 1.16519815e+01)
2170            	3.85419644e+04	2.88168436e+02	(2.49495316e+02 -7.54049625e-16 1.16519956e+01)
2171            	3.85418755e+04	2.88168501e+02	(2.49494752e+02 -7.54049248e-16 1.16520129e+01)
2172            	3.85417887e+04	2.88168567e+02	(2.49494202e+02 -7.54048643e-16 1.16520336e+01)
2173            	3.85417042e+04	2.88168634e+02	(2.49493667e+02 -7.54048383e-16 1.16520572e+01)
2174            	3.85416221e+04	2.88168703e+02	(2.49493147e+02 -7.54048128e-16 1.16520837e+01)
2175            	3.85415425e+04	2.88168772e+02	(2.49492644e+02 -7.54048266e-16 1.16521130e+01)
2176            	3.85414656e+04	2.88168843e+02	(2.49492160e+02 -7.54048063e-16 1.16521455e+01)
2177            	3.85413915e+04	2.88168915e+02	(2.49491692e+02 -7.54048068e-16 1.16521808e+01)
2178            	3.85413203e+04	2.88168987e+02	(2.49491242e+02 -7.54047758e-16 1.16522189e+01)
2179            	3.85412522e+04	2.88169060e+02	(2.49490812e+02 -7.54047787e-16 1.16522596e+01)
2180            	3.85411874e+04	2.88169134e+02	(2.49490402e+02 -7.54047722e-16 1.16523028e+01)
2181            	3.85411258e+04	2.88169209e+02	(2.49490014e+02 -7.54047931e-16 1.16523485e+01)
2182            	3.85410677e+04	2.88169284e+02	(2.49489649e+02 -7.54047823e-16 1.16523968e+01)
2183            	3.85410131e+04	2.88169359e+02	(2.49489305e+02 -7.54047789e-16 1.16524475e+01)
2184            	3.85409620e+04	2.88169435e+02	(2.49488984e+02 -7.54047537e-16 1.16525005e+01)
2185            	3.85409147e+04	2.88169511e+02	(2.49488687e+02 -7.54047634e-16 1.16525555e+01)
2186            	3.85408710e+04	2.88169587e+02	(2.49488416e+02 -7.54047563e-16 1.16526126e+01)
2187            	3.85408311e+04	2.88169663e+02	(2.49488169e+02 -7.54047787e-16 1.16526717e+01)
2188            	3.85407952e+04	2.88169738e+02	(2.49487946e+02 -7.54047733e-16 1.16527326e+01)
2189            	3.85407632e+04	2.88169814e+02	(2.49487750e+02 -7.54047840e-16 1.16527953e+01)
2190            	3.85407352e+04	2.88169888e+02	(2.49487579e+02 -7.54047704e-16 1.16528599e+01)
2191            	3.85407109e+04	2.88169963e+02	(2.49487435e+02 -7.54047818e-16 1.16529263e+01)
2192            	3.85406908e+04	2.88170036e+02	(2.49487316e+02 -7.54047811e-16 1.16529946e+01)
2193            	3.85406746e+04	2.88170109e+02	(2.49487222e+02 -7.54048055e-16 1.16530642e+01)
2194            	3.85406626e+04	2.88170181e+02	(2.49487155e+02 -7.54048124e-16 1.16531352e+01)
2195            	3.85406545e+04	2.88170251e+02	(2.49487114e+02 -7.54048471e-16 1.16532074e+01)
2196            	3.85406505e+04	2.88170319e+02	(2.49487098e+02 -7.54048572e-16 1.16532810e+01)
2197            	3.85406505e+04	2.88170386e+02	(2.49487108e+02 -7.54048884e-16 1.16533559e+01)
2198            	3.85406544e+04	2.88170450e+02	(2.49487143e+02 -7.54049003e-16 1.16534322e+01)
2199            	3.85406623e+04	2.88170513e+02	(2.49487203e+02 -7.54049492e-16 1.16535100e+01)
2200            	3.85406741e+04	2.88170572e+02	(2.49487289e+02 -7.54049851e-16 1.16535889e+01)
2201            	3.85406899e+04	2.88170630e+02	(2.49487399e+02 -7.54050399e-16 1.16536689e+01)
2202            	3.85407096e+04	2.88170684e+02	(2.49487534e+02 -7.54050755e-16 1.16537500e+01)
2203            	3.85407331e+04	2.88170737e+02	(2.49487693e+02 -7.54051277e-16 1.16538321e+01)
2204            	3.85407606e+04	2.88170786e+02	(2.49487877e+02 -7.54051653e-16 1.16539151e+01)
2205            	3.85407917e+04	2.88170833e+02	(2.49488084e+02 -7.54052160e-16 1.16539990e+01)
2206            	3.85408264e+04	2.88170878e+02	(2.49488313e+02 -7.54052495e-16 1.16540839e+01)
2207            	3.85408647e+04	2.88170920e+02	(2.49488566e+02 -7.54053048e-16 1.16541697e+01)
2208            	3.85409066e+04	2.88170959e+02	(2.49488843e+02 -7.54053483e-16 1.16542561e+01)
2209            	3.85409518e+04	2.88170997e+02	(2.49489141e+02 -7.54054073e-16 1.16543432e+01)
2210            	3.85410002e+04	2.88171031e+02	(2.49489459e+02 -7.54054512e-16 1.16544310e+01)
2211            	3.85410519e+04	2.88171063e+02	(2.49489800e+02 -7.54055182e-16 1.16545196e+01)
2212            	3.85411067e+04	2.88171092e+02	(2.49490158e+02 -7.54055660e-16 1.16546085e+01)
2213            	3.85411643e+04	2.88171118e+02	(2.49490536e+02 -7.54056337e-16 1.16546980e+01)
2214            	3.85412247e+04	2.88171140e+02	(2.49490932e+02 -7.54056873e-16 1.16547881e+01)
2215            	3.85412878e+04	2.88171159e+02	(2.49491346e+02 -7.54057596e-16 1.16548786e+01)
2216            	3.85413536e+04	2.88171175e+02	(2.49491777e+02 -7.54058194e-16 1.16549691e+01)
2217            	3.85414219e+04	2.88171188e+02	(2.49492223e+02 -7.54058930e-16 1.16550597e+01)
2218            	3.85414924e+04	2.88171197e+02	(2.49492683e+02 -7.54059494e-16 1.16551502e+01)
2219            	3.85415651e+04	2.88171204e+02	(2.49493157e+02 -7.54060169e-16 1.16552404e+01)
2220            	3.85416396e+04	2.88171207e+02	(2.49493644e+02 -7.54060691e-16 1.16553302e+01)
2221            	3.85417160e+04	2.88171207e+02	(2.49494143e+02 -7.54061361e-16 1.16554192e+01)
2222            	3.85417940e+04	2.88171205e+02	(2.49494652e+02 -7.54061915e-16 1.16555073e+01)
2223            	3.85418736e+04	2.88171199e+02	(2.49495173e+02 -7.54062670e-16 1.16555945e+01)
2224            	3.85419545e+04	2.88171191e+02	(2.49495701e+02 -7.54063272e-16 1.16556806e+01)
2225            	3.85420366e+04	2.88171179e+02	(2.49496236e+02 -7.54064041e-16 1.16557656e+01)
2226            	3.85421197e+04	2.88171165e+02	(2.49496776e+02 -7.54064695e-16 1.16558490e+01)
2227            	3.85422037e+04	2.88171148e+02	(2.49497322e+02 -7.54065457e-16 1.16559309e+01)
2228            	3.85422884e+04	2.88171128e+02	(2.49497871e+02 -7.54066067e-16 1.16560110e+01)
2229            	3.85423735e+04	2.88171106e+02	(2.49498423e+02 -7.54066836e-16 1.16560891e+01)
2230            	3.85424591e+04	2.88171080e+02	(2.49498977e+02 -7.54067445e-16 1.16561653e+01)
2231            	3.85425448e+04	2.88171053e+02	(2.49499532e+02 -7.54068188e-16 1.16562394e+01)
2232            	3.85426306e+04	2.88171023e+02	(2.49500087e+02 -7.54068865e-16 1.16563112e+01)
2233            	3.85427164e+04	2.88170992e+02	(2.49500641e+02 -7.54069683e-16 1.16563807e+01)
2234            	3.85428020e+04	2.88170958e+02	(2.49501192e+02 -7.54070412e-16 1.16564478e+01)
2235            	3.85428872e+04	2.88170921e+02	(2.49501741e+02 -7.54071220e-16 1.16565125e+01)
2236            	3.85429719e+04	2.88170883e+02	(2.49502285e+02 -7.54071898e-16 1.16565746e+01)
2237            	3.85430559e+04	2.88170843e+02	(2.49502824e+02 -7.54072699e-16 1.16566341e+01)
2238            	3.85431391e+04	2.88170801e+02	(2.49503358e+02 -7.54073384e-16 1.16566909e+01)
2239            	3.85432213e+04	2.88170757e+02	(2.49503885e+02 -7.54074139e-16 1.16567450e+01)
2240            	3.85433024e+04	2.88170712e+02	(2.49504404e+02 -7.54074833e-16 1.16567963e+01)
2241            	3.85433823e+04	2.88170664e+02	(2.49504915e+02 -7.54075622e-16 1.16568448e+01)
2242            	3.85434609e+04	2.88170615e+02	(2.49505414e+02 -7.54076241e-16 1.16568902e+01)
2243            	3.85435377e+04	2.88170565e+02	(2.49505906e+02 -7.54076951e-16 1.16569326e+01)
2244            	3.85436129e+04	2.88170513e+02	(2.49506387e+02 -7.54077550e-16 1.16569719e+01)
2245            	3.85436862e+04	2.88170459e+02	(2.49506856e+02 -7.54078189e-16 1.16570082e+01)
2246            	3.85437577e+04	2.88170404e+02	(2.49507311e+02 -7.54078592e-16 1.16570414e+01)
2247            	3.85438270e+04	2.88170348e+02	(2.49507753e+02 -7.54079035e-16 1.16570714e+01)
2248            	3.85438941e+04	2.88170290e+02	(2.49508180e+02 -7.54079348e-16 1.16570982e+01)
2249            	3.85439589e+04	2.88170232e+02	(2.49508594e+02 -7.54079672e-16 1.16571216e+01)
2250            	3.85440212e+04	2.88170173e+02	(2.49508992e+02 -7.54079855e-16 1.16571418e+01)
2251            	3.85440810e+04	2.88170113e+02	(2.49509373e+02 -7.54080291e-16 1.16571586e+01)
2252            	3.85441383e+04	2.88170053e+02	(2.49509735e+02 -7.54080608e-16 1.16571721e+01)
2253            	3.85441929e+04	2.88169991e+02	(2.49510082e+02 -7.54080957e-16 1.16571820e+01)
2254            	3.85442447e+04	2.88169929e+02	(2.49510410e+02 -7.54081230e-16 1.16571885e+01)
2255            	3.85442938e+04	2.88169867e+02	(2.49510717e+02 -7.54081654e-16 1.16571914e+01)
2256            	3.85443398e+04	2.88169804e+02	(2.49511007e+02 -7.54081900e-16 1.16571909e+01)
2257            	3.85443828e+04	2.88169742e+02	(2.49511278e+02 -7.54082151e-16 1.16571873e+01)
2258            	3.85444228e+04	2.88169679e+02	(2.49511527e+02 -7.54082259e-16 1.16571807e+01)
2259            	3.85444598e+04	2.88169617e+02	(2.49511755e+02 -7.54082452e-16 1.16571711e+01)
2260            	3.85444935e+04	2.88169554e+02	(2.49511963e+02 -7.54082500e-16 1.16571587e+01)
2261            	3.85445240e+04	2.88169492e+02	(2.49512150e+02 -7.54082656e-16 1.16571439e+01)
2262            	3.85445513e+04	2.88169430e+02	(2.49512315e+02 -7.54082729e-16 1.16571268e+01)
2263            	3.85445755e+04	2.88169368e+02	(2.49512457e+02 -7.54082820e-16 1.16571072e+01)
2264            	3.85445962e+04	2.88169306e+02	(2.49512580e+02 -7.54082653e-16 1.16570852e+01)
2265            	3.85446135e+04	2.88169245e+02	(2.49512680e+02 -7.54082469e-16 1.16570613e+01)
2266            	3.85446275e+04	2.88169185e+02	(2.49512759e+02 -7.54082097e-16 1.16570355e+01)
2267            	3.85446379e+04	2.88169125e+02	(2.49512815e+02 -7.54081813e-16 1.16570081e+01)
2268            	3.85446452e+04	2.88169065e+02	(2.49512850e+02 -7.54081451e-16 1.16569790e+01)
2269            	3.85446489e+04	2.88169007e+02	(2.49512862e+02 -7.54081141e-16 1.16569481e+01)
2270            	3.85446491e+04	2.88168949e+02	(2.49512853e+02 -7.54080693e-16 1.16569158e+01)
2271            	3.85446458e+04	2.88168892e+02	(2.49512823e+02 -7.54080311e-16 1.16568823e+01)
2272            	3.85446392e+04	2.88168837e+02	(2.49512770e+02 -7.54079792e-16 1.16568474e+01)
2273            	3.85446292e+04	2.88168782e+02	(2.49512696e+02 -7.54079370e-16 1.16568107e+01)
2274            	3.85446159e+04	2.88168729e+02	(2.49512601e+02 -7.54078844e-16 1.16567727e+01)
2275            	3.85445992e+04	2.88168678e+02	(2.49512485e+02 -7.54078396e-16 1.16567336e+01)
2276            	3.85445793e+04	2.88168628e+02	(2.49512348e+02 -7.54077773e-16 1.16566935e+01)
2277            	3.85445562e+04	2.88168579e+02	(2.49512191e+02 -7.54077197e-16 1.16566526e+01)
2278            	3.85445299e+04	2.88168532e+02	(2.49512014e+02 -7.54076471e-16 1.16566111e+01)
2279            	3.85445006e+04	2.88168488e+02	(2.49511819e+02 -7.54075839e-16 1.16565693e+01)
2280            	3.85444683e+04	2.88168445e+02	(2.49511604e+02 -7.54075095e-16 1.16565269e+01)
2281            	3.85444331e+04	2.88168404e+02	(2.49511371e+02 -7.54074469e-16 1.16564840e+01)
2282            	3.85443950e+04	2.88168364e+02	(2.49511118e+02 -7.54073711e-16 1.16564408e+01)
2283            	3.85443542e+04	2.88168327e+02	(2.49510850e+02 -7.54073092e-16 1.16563980e+01)
2284            	3.85443107e+04	2.88168292e+02	(2.49510565e+02 -7.54072343e-16 1.16563552e+01)
2285            	3.85442645e+04	2.88168259e+02	(2.49510261e+02 -7.54071739e-16 1.16563128e+01)
2286            	3.85442159e+04	2.88168229e+02	(2.49509944e+02 -7.54071003e-16 1.16562712e+01)
2287            	3.85441650e+04	2.88168201e+02	(2.49509612e+02 -7.54070439e-16 1.16562303e+01)
2288            	3.85441117e+04	2.88168176e+02	(2.49509263e+02 -7.54069726e-16 1.16561901e+01)
2289            	3.85440563e+04	2.88168153e+02	(2.49508903e+02 -7.54069184e-16 1.16561511e+01)
2290            	3.85439988e+04	2.88168133e+02	(2.49508529e+02 -7.54068524e-16 1.16561134e+01)
2291            	3.85439394e+04	2.88168117e+02	(2.49508144e+02 -7.54068014e-16 1.16560768e+01)
2292            	3.85438781e+04	2.88168103e+02	(2.49507745e+02 -7.54067316e-16 1.16560414e+01)
2293            	3.85438150e+04	2.88168091e+02	(2.49507337e+02 -7.54066837e-16 1.16560076e+01)
2294            	3.85437504e+04	2.88168083e+02	(2.49506920e+02 -7.54066206e-16 1.16559754e+01)
2295            	3.85436842e+04	2.88168078e+02	(2.49506493e+02 -7.54065752e-16 1.16559449e+01)
2296            	3.85436168e+04	2.88168075e+02	(2.49506057e+02 -7.54065146e-16 1.16559162e+01)
2297            	3.85435481e+04	2.88168075e+02	(2.49505614e+02 -7.54064697e-16 1.16558892e+01)
2298            	3.85434784e+04	2.88168078e+02	(2.49505165e+02 -7.54064016e-16 1.16558644e+01)
2299            	3.85434076e+04	2.88168084e+02	(2.49504710e+02 -7.54063533e-16 1.16558415e+01)
2300            	3.85433361e+04	2.88168093e+02	(2.49504249e+02 -7.54062890e-16 1.16558206e+01)
2301            	3.85432638e+04	2.88168105e+02	(2.49503785e+02 -7.54062508e-16 1.16558018e+01)
2302            	3.85431911e+04	2.88168119e+02	(2.49503320e+02 -7.54062016e-16 1.16557852e+01)
2303            	3.85431180e+04	2.88168136e+02	(2.49502848e+02 -7.54061702e-16 1.16557704e+01)
2304            	3.85430446e+04	2.88168156e+02	(2.49502380e+02 -7.54061246e-16 1.16557581e+01)
2305            	3.85429711e+04	2.88168178e+02	(2.49501906e+02 -7.54060914e-16 1.16557478e+01)
2306            	3.85428977e+04	2.88168203e+02	(2.49501438e+02 -7.54060453e-16 1.16557400e+01)
2307            	3.85428245e+04	2.88168231e+02	(2.49500966e+02 -7.54060099e-16 1.16557343e+01)
2308            	3.85427515e+04	2.88168261e+02	(2.49500501e+02 -7.54059646e-16 1.16557312e+01)
2309            	3.85426789e+04	2.88168293e+02	(2.49500037e+02 -7.54059397e-16 1.16557305e+01)
2310            	3.85426070e+04	2.88168327e+02	(2.49499576e+02 -7.54059054e-16 1.16557323e+01)
2311            	3.85425358e+04	2.88168364e+02	(2.49499120e+02 -7.54058831e-16 1.16557366e+01)
2312            	3.85424655e+04	2.88168403e+02	(2.49498670e+02 -7.54058337e-16 1.16557434e+01)
2313            	3.85423960e+04	2.88168444e+02	(2.49498227e+02 -7.54057996e-16 1.16557528e+01)
2314            	3.85423276e+04	2.88168486e+02	(2.49497791e+02 -7.54057491e-16 1.16557648e+01)
2315            	3.85422604e+04	2.88168530e+02	(2.49497362e+02 -7.54057215e-16 1.16557792e+01)
2316            	3.85421946e+04	2.88168575e+02	(2.49496942e+02 -7.54056795e-16 1.16557962e+01)
2317            	3.85421301e+04	2.88168621e+02	(2.49496534e+02 -7.54056559e-16 1.16558158e+01)
2318            	3.85420672e+04	2.88168669e+02	(2.49496133e+02 -7.54056170e-16 1.16558378e+01)
2319            	3.85420059e+04	2.88168718e+02	(2.49495742e+02 -7.54056057e-16 1.16558620e+01)
2320            	3.85419464e+04	2.88168767e+02	(2.49495363e+02 -7.54055874e-16 1.16558885e+01)
2321            	3.85418887e+04	2.88168818e+02	(2.49494997e+02 -7.54055915e-16 1.16559173e+01)
2322            	3.85418329e+04	2.88168869e+02	(2.49494641e+02 -7.54055706e-16 1.16559483e+01)
2323            	3.85417791e+04	2.88168921e+02	(2.49494301e+02 -7.54055655e-16 1.16559819e+01)
2324            	3.85417274e+04	2.88168974e+02	(2.49493971e+02 -7.54055478e-16 1.16560178e+01)
2325            	3.85416779e+04	2.88169027e+02	(2.49493656e+02 -7.54055507e-16 1.16560559e+01)
2326            	3.85416307e+04	2.88169081e+02	(2.49493355e+02 -7.54055407e-16 1.16560961e+01)
2327            	3.85415859e+04	2.88169135e+02	(2.49493069e+02 -7.54055556e-16 1.16561380e+01)
2328            	3.85415435e+04	2.88169190e+02	(2.49492800e+02 -7.54055528e-16 1.16561819e+01)
2329            	3.85415035e+04	2.88169245e+02	(2.49492548e+02 -7.54055672e-16 1.16562278e+01)
2330            	3.85414662e+04	2.88169300e+02	(2.49492310e+02 -7.54055571e-16 1.16562753e+01)
2331            	3.85414315e+04	2.88169354e+02	(2.49492089e+02 -7.54055564e-16 1.16563242e+01)
2332            	3.85413996e+04	2.88169409e+02	(2.49491887e+02 -7.54055244e-16 1.16563746e+01)
2333            	3.85413702e+04	2.88169464e+02	(2.49491704e+02 -7.54055206e-16 1.16564266e+01)
2334            	3.85413437e+04	2.88169519e+02	(2.49491538e+02 -7.54055085e-16 1.16564799e+01)
2335            	3.85413199e+04	2.88169574e+02	(2.49491391e+02 -7.54055267e-16 1.16565345e+01)
2336            	3.85412991e+04	2.88169629e+02	(2.49491262e+02 -7.54055283e-16 1.16565904e+01)
2337            	3.85412810e+04	2.88169683e+02	(2.49491153e+02 -7.54055468e-16 1.16566478e+01)
2338            	3.85412659e+04	2.88169737e+02	(2.49491062e+02 -7.54055490e-16 1.16567065e+01)
2339            	3.85412538e+04	2.88169790e+02	(2.49490990e+02 -7.54055692e-16 1.16567663e+01)
2340            	3.85412447e+04	2.88169842e+02	(2.49490937e+02 -7.54055679e-16 1.16568272e+01)
2341            	3.85412386e+04	2.88169893e+02	(2.49490902e+02 -7.54055888e-16 1.16568893e+01)
2342            	3.85412356e+04	2.88169942e+02	(2.49490886e+02 -7.54055934e-16 1.16569526e+01)
2343            	3.85412355e+04	2.88169989e+02	(2.49490888e+02 -7.54056194e-16 1.16570172e+01)
2344            	3.85412384e+04	2.88170035e+02	(2.49490910e+02 -7.54056308e-16 1.16570830e+01)
2345            	3.85412443e+04	2.88170080e+02	(2.49490949e+02 -7.54056652e-16 1.16571499e+01)
2346            	3.85412533e+04	2.88170123e+02	(2.49491008e+02 -7.54056838e-16 1.16572176e+01)
2347            	3.85412651e+04	2.88170164e+02	(2.49491086e+02 -7.54057200e-16 1.16572862e+01)
2348            	3.85412797e+04	2.88170204e+02	(2.49491180e+02 -7.54057428e-16 1.16573557e+01)
2349            	3.85412972e+04	2.88170243e+02	(2.49491296e+02 -7.54057791e-16 1.16574264e+01)
2350            	3.85413175e+04	2.88170280e+02	(2.49491427e+02 -7.54058053e-16 1.16574977e+01)
2351            	3.85413405e+04	2.88170315e+02	(2.49491579e+02 -7.54058450e-16 1.16575701e+01)
2352            	3.85413662e+04	2.88170349e+02	(2.49491746e+02 -7.54058751e-16 1.16576428e+01)
2353            	3.85413945e+04	2.88170380e+02	(2.49491931e+02 -7.54059224e-16 1.16577161e+01)
2354            	3.85414253e+04	2.88170410e+02	(2.49492132e+02 -7.54059531e-16 1.16577898e+01)
2355            	3.85414585e+04	2.88170437e+02	(2.49492349e+02 -7.54060011e-16 1.16578639e+01)
2356            	3.85414942e+04	2.88170462e+02	(2.49492584e+02 -7.54060333e-16 1.16579383e+01)
2357            	3.85415320e+04	2.88170485e+02	(2.49492832e+02 -7.54060850e-16 1.16580125e+01)
2358            	3.85415721e+04	2.88170506e+02	(2.49493094e+02 -7.54061182e-16 1.16580868e+01)
2359            	3.85416143e+04	2.88170524e+02	(2.49493371e+02 -7.54061701e-16 1.16581611e+01)
2360            	3.85416586e+04	2.88170540e+02	(2.49493661e+02 -7.54062074e-16 1.16582352e+01)
2361            	3.85417048e+04	2.88170554e+02	(2.49493964e+02 -7.54062604e-16 1.16583092e+01)
2362            	3.85417528e+04	2.88170566e+02	(2.49494281e+02 -7.54062983e-16 1.16583832e+01)
2363            	3.85418026e+04	2.88170576e+02	(2.49494606e+02 -7.54063547e-16 1.16584567e+01)
2364            	3.85418539e+04	2.88170583e+02	(2.49494942e+02 -7.54063942e-16 1.16585299e+01)
2365            	3.85419068e+04	2.88170588e+02	(2.49495288e+02 -7.54064524e-16 1.16586027e+01)
2366            	3.85419611e+04	2.88170591e+02	(2.49495644e+02 -7.54064965e-16 1.16586751e+01)
2367            	3.85420167e+04	2.88170592e+02	(2.49496007e+02 -7.54065579e-16 1.16587469e+01)
2368            	3.85420736e+04	2.88170591e+02	(2.49496378e+02 -7.54066021e-16 1.16588180e+01)
2369            	3.85421315e+04	2.88170588e+02	(2.49496757e+02 -7.54066632e-16 1.16588884e+01)
2370            	3.85421905e+04	2.88170582e+02	(2.49497140e+02 -7.54067105e-16 1.16589579e+01)
2371            	3.85422503e+04	2.88170574e+02	(2.49497528e+02 -7.54067697e-16 1.16590265e+01)
2372            	3.85423108e+04	2.88170564e+02	(2.49497921e+02 -7.54068118e-16 1.16590940e+01)
2373            	3.85423720e+04	2.88170553e+02	(2.49498317e+02 -7.54068694e-16 1.16591601e+01)
2374            	3.85424337e+04	2.88170539e+02	(2.49498717e+02 -7.54069162e-16 1.16592248e+01)
2375            	3.85424957e+04	2.88170524e+02	(2.49499120e+02 -7.54069798e-16 1.16592883e+01)
2376            	3.85425581e+04	2.88170507e+02	(2.49499523e+02 -7.54070336e-16 1.16593501e+01)
2377            	3.85426206e+04	2.88170488e+02	(2.49499924e+02 -7.54070989e-16 1.16594103e+01)
2378            	3.85426833e+04	2.88170467e+02	(2.49500328e+02 -7.54071504e-16 1.16594688e+01)
2379            	3.85427458e+04	2.88170445e+02	(2.49500732e+02 -7.54072108e-16 1.16595256e+01)
2380            	3.85428082e+04	2.88170421e+02	(2.49501134e+02 -7.54072559e-16 1.16595807e+01)
2381            	3.85428703e+04	2.88170395e+02	(2.49501535e+02 -7.54073125e-16 1.16596340e+01)
2382            	3.85429320e+04	2.88170367e+02	(2.49501932e+02 -7.54073627e-16 1.16596853e+01)
2383            	3.85429932e+04	2.88170338e+02	(2.49502326e+02 -7.54074242e-16 1.16597345e+01)
2384            	3.85430538e+04	2.88170307e+02	(2.49502716e+02 -7.54074697e-16 1.16597815e+01)
2385            	3.85431137e+04	2.88170275e+02	(2.49503101e+02 -7.54075258e-16 1.16598263e+01)
2386            	3.85431728e+04	2.88170242e+02	(2.49503481e+02 -7.54075681e-16 1.16598687e+01)
2387            	3.85432310e+04	2.88170207e+02	(2.49503855e+02 -7.54076224e-16 1.16599088e+01)
2388            	3.85432882e+04	2.88170171e+02	(2.49504222e+02 -7.54076680e-16 1.16599462e+01)
2389            	3.85433443e+04	2.88170135e+02	(2.49504582e+02 -7.54077161e-16 1.16599812e+01)
2390            	3.85433991e+04	2.88170097e+02	(2.49504936e+02 -7.54077444e-16 1.16600137e+01)
2391            	3.85434527e+04	2.88170059e+02	(2.49505278e+02 -7.54077849e-16 1.16600436e+01)
2392            	3.85435050e+04	2.88170020e+02	(2.49505615e+02 -7.54078107e-16 1.16600711e+01)
2393            	3.85435558e+04	2.88169981e+02	(2.49505958e+02 -7.54078199e-16 1.16600962e+01)
2394            	3.85436055e+04	2.88169941e+02	(2.49506288e+02 -7.54078450e-16 1.16601165e+01)
2395            	3.85436533e+04	2.88169901e+02	(2.49506599e+02 -7.54078793e-16 1.16601353e+01)
2396            	3.85436993e+04	2.88169860e+02	(2.49506894e+02 -7.54079052e-16 1.16601519e+01)
2397            	3.85437433e+04	2.88169818e+02	(2.49507178e+02 -7.54079368e-16 1.16601661e+01)
2398            	3.85437854e+04	2.88169775e+02	(2.49507449e+02 -7.54079621e-16 1.16601781e+01)
2399            	3.85438255e+04	2.88169731e+02	(2.49507707e+02 -7.54079916e-16 1.16601882e+01)
2400            	3.85438637e+04	2.88169687e+02	(2.49507950e+02 -7.54080089e-16 1.16601964e+01)
2401            	3.85438999e+04	2.88169642e+02	(2.49508178e+02 -7.54080414e-16 1.16602025e+01)
2402            	3.85439340e+04	2.88169596e+02	(2.49508394e+02 -7.54080552e-16 1.16602066e+01)
2403            	3.85439658e+04	2.88169551e+02	(2.49508595e+02 -7.54080765e-16 1.16602089e+01)
2404            	3.85439956e+04	2.88169505e+02	(2.49508780e+02 -7.54080907e-16 1.16602090e+01)
2405            	3.85440230e+04	2.88169459e+02	(2.49508951e+02 -7.54081055e-16 1.16602068e+01)
2406            	3.85440483e+04	2.88169413e+02	(2.49509105e+02 -7.54081086e-16 1.16602022e+01)
2407            	3.85440714e+04	2.88169368e+02	(2.49509254e+02 -7.54081029e-16 1.16601953e+01)
2408            	3.85440922e+04	2.88169321e+02	(2.49509387e+02 -7.54080979e-16 1.16601847e+01)
2409            	3.85441106e+04	2.88169277e+02	(2.49509498e+02 -7.54081097e-16 1.16601724e+01)
2410            	3.85441267e+04	2.88169234e+02	(2.49509600e+02 -7.54080997e-16 1.16601587e+01)
2411            	3.85441401e+04	2.88169189e+02	(2.49509686e+02 -7.54081047e-16 1.16601415e+01)
2412            	3.85441511e+04	2.88169147e+02	(2.49509751e+02 -7.54080919e-16 1.16601228e+01)
2413            	3.85441597e+04	2.88169105e+02	(2.49509804e+02 -7.54080858e-16 1.16601033e+01)
2414            	3.85441655e+04	2.88169062e+02	(2.49509841e+02 -7.54080637e-16 1.16600810e+01)
2415            	3.85441689e+04	2.88169021e+02	(2.49509857e+02 -7.54080560e-16 1.16600578e+01)
2416            	3.85441700e+04	2.88168981e+02	(2.49509860e+02 -7.54080161e-16 1.16600347e+01)
2417            	3.85441685e+04	2.88168938e+02	(2.49509847e+02 -7.54079933e-16 1.16600091e+01)
2418            	3.85441646e+04	2.88168899e+02	(2.49509814e+02 -7.54079629e-16 1.16599830e+01)
2419            	3.85441581e+04	2.88168861e+02	(2.49509766e+02 -7.54079395e-16 1.16599573e+01)
2420            	3.85441492e+04	2.88168823e+02	(2.49509702e+02 -7.54078970e-16 1.16599313e+01)
2421            	3.85441376e+04	2.88168786e+02	(2.49509622e+02 -7.54078644e-16 1.16599046e+01)
2422            	3.85441237e+04	2.88168750e+02	(2.49509527e+02 -7.54078192e-16 1.16598772e+01)
2423            	3.85441077e+04	2.88168716e+02	(2.49509416e+02 -7.54077868e-16 1.16598492e+01)
2424            	3.85440897e+04	2.88168680e+02	(2.49509290e+02 -7.54077320e-16 1.16598200e+01)
2425            	3.85440695e+04	2.88168648e+02	(2.49509151e+02 -7.54077034e-16 1.16597905e+01)
2426            	3.85440476e+04	2.88168618e+02	(2.49508996e+02 -7.54076603e-16 1.16597616e+01)
2427            	3.85440235e+04	2.88168586e+02	(2.49508827e+02 -7.54076229e-16 1.16597325e+01)
2428            	3.85439983e+04	2.88168558e+02	(2.49508647e+02 -7.54075776e-16 1.16597029e+01)
2429            	3.85439713e+04	2.88168532e+02	(2.49508457e+02 -7.54075493e-16 1.16596736e+01)
2430            	3.85439428e+04	2.88168506e+02	(2.49508255e+02 -7.54075018e-16 1.16596443e+01)
2431            	3.85439126e+04	2.88168478e+02	(2.49508043e+02 -7.54074669e-16 1.16596147e+01)
2432            	3.85438811e+04	2.88168457e+02	(2.49507821e+02 -7.54074204e-16 1.16595845e+01)
2433            	3.85438483e+04	2.88168438e+02	(2.49507589e+02 -7.54073945e-16 1.16595541e+01)
2434            	3.85438142e+04	2.88168420e+02	(2.49507352e+02 -7.54073415e-16 1.16595244e+01)
2435            	3.85437786e+04	2.88168405e+02	(2.49507105e+02 -7.54073072e-16 1.16594953e+01)
2436            	3.85437417e+04	2.88168392e+02	(2.49506850e+02 -7.54072566e-16 1.16594668e+01)
2437            	3.85437035e+04	2.88168381e+02	(2.49506585e+02 -7.54072292e-16 1.16594390e+01)
2438            	3.85436640e+04	2.88168371e+02	(2.49506317e+02 -7.54071787e-16 1.16594122e+01)
2439            	3.85436231e+04	2.88168364e+02	(2.49506041e+02 -7.54071472e-16 1.16593862e+01)
2440            	3.85435811e+04	2.88168358e+02	(2.49505758e+02 -7.54071007e-16 1.16593610e+01)
2441            	3.85435378e+04	2.88168353e+02	(2.49505469e+02 -7.54070716e-16 1.16593368e+01)
2442            	3.85434937e+04	2.88168349e+02	(2.49505171e+02 -7.54070323e-16 1.16593136e+01)
2443            	3.85434487e+04	2.88168348e+02	(2.49504872e+02 -7.54070022e-16 1.16592918e+01)
2444            	3.85434027e+04	2.88168347e+02	(2.49504566e+02 -7.54069605e-16 1.16592715e+01)
2445            	3.85433560e+04	2.88168348e+02	(2.49504256e+02 -7.54069365e-16 1.16592525e+01)
2446            	3.85433086e+04	2.88168350e+02	(2.49503940e+02 -7.54068934e-16 1.16592351e+01)
2447            	3.85432606e+04	2.88168353e+02	(2.49503621e+02 -7.54068711e-16 1.16592191e+01)
2448            	3.85432121e+04	2.88168357e+02	(2.49503298e+02 -7.54068269e-16 1.16592046e+01)
2449            	3.85431631e+04	2.88168363e+02	(2.49502972e+02 -7.54068024e-16 1.16591917e+01)
2450            	3.85431139e+04	2.88168370e+02	(2.49502643e+02 -7.54067599e-16 1.16591803e+01)
2451            	3.85430647e+04	2.88168379e+02	(2.49502311e+02 -7.54067444e-16 1.16591703e+01)
2452            	3.85430151e+04	2.88168389e+02	(2.49501984e+02 -7.54067038e-16 1.16591622e+01)
2453            	3.85429657e+04	2.88168402e+02	(2.49501651e+02 -7.54066930e-16 1.16591554e+01)
2454            	3.85429164e+04	2.88168416e+02	(2.49501322e+02 -7.54066563e-16 1.16591501e+01)
2455            	3.85428672e+04	2.88168432e+02	(2.49500995e+02 -7.54066391e-16 1.16591463e+01)
2456            	3.85428182e+04	2.88168450e+02	(2.49500669e+02 -7.54065993e-16 1.16591440e+01)
2457            	3.85427695e+04	2.88168471e+02	(2.49500346e+02 -7.54065726e-16 1.16591432e+01)
2458            	3.85427210e+04	2.88168493e+02	(2.49500029e+02 -7.54065286e-16 1.16591441e+01)
2459            	3.85426730e+04	2.88168518e+02	(2.49499710e+02 -7.54065097e-16 1.16591463e+01)
2460            	3.85426254e+04	2.88168545e+02	(2.49499400e+02 -7.54064622e-16 1.16591503e+01)
2461            	3.85425783e+04	2.88168573e+02	(2.49499092e+02 -7.54064425e-16 1.16591560e+01)
2462            	3.85425320e+04	2.88168604e+02	(2.49498789e+02 -7.54064058e-16 1.16591635e+01)
2463            	3.85424863e+04	2.88168635e+02	(2.49498492e+02 -7.54063918e-16 1.16591729e+01)
2464            	3.85424415e+04	2.88168668e+02	(2.49498201e+02 -7.54063641e-16 1.16591842e+01)
2465            	3.85423976e+04	2.88168702e+02	(2.49497916e+02 -7.54063519e-16 1.16591975e+01)
2466            	3.85423547e+04	2.88168738e+02	(2.49497638e+02 -7.54063234e-16 1.16592129e+01)
2467            	3.85423127e+04	2.88168774e+02	(2.49497370e+02 -7.54063092e-16 1.16592305e+01)
2468            	3.85422719e+04	2.88168811e+02	(2.49497107e+02 -7.54062908e-16 1.16592501e+01)
2469            	3.85422323e+04	2.88168848e+02	(2.49496852e+02 -7.54062904e-16 1.16592715e+01)
2470            	3.85421940e+04	2.88168886e+02	(2.49496605e+02 -7.54062767e-16 1.16592947e+01)
2471            	3.85421571e+04	2.88168925e+02	(2.49496367e+02 -7.54062795e-16 1.16593196e+01)
2472            	3.85421216e+04	2.88168964e+02	(2.49496139e+02 -7.54062655e-16 1.16593461e+01)
2473            	3.85420873e+04	2.88169004e+02	(2.49495922e+02 -7.54062640e-16 1.16593744e+01)
2474            	3.85420546e+04	2.88169044e+02	(2.49495714e+02 -7.54062535e-16 1.16594042e+01)
2475            	3.85420235e+04	2.88169084e+02	(2.49495516e+02 -7.54062608e-16 1.16594353e+01)
2476            	3.85419940e+04	2.88169125e+02	(2.49495330e+02 -7.54062546e-16 1.16594677e+01)
2477            	3.85419662e+04	2.88169167e+02	(2.49495155e+02 -7.54062628e-16 1.16595013e+01)
2478            	3.85419400e+04	2.88169209e+02	(2.49494993e+02 -7.54062566e-16 1.16595361e+01)
2479            	3.85419156e+04	2.88169251e+02	(2.49494842e+02 -7.54062755e-16 1.16595722e+01)
2480            	3.85418932e+04	2.88169293e+02	(2.49494703e+02 -7.54062760e-16 1.16596092e+01)
2481            	3.85418725e+04	2.88169335e+02	(2.49494579e+02 -7.54062890e-16 1.16596473e+01)
2482            	3.85418538e+04	2.88169377e+02	(2.49494466e+02 -7.54062893e-16 1.16596864e+01)
2483            	3.85418370e+04	2.88169418e+02	(2.49494367e+02 -7.54063055e-16 1.16597263e+01)
2484            	3.85418223e+04	2.88169459e+02	(2.49494281e+02 -7.54063052e-16 1.16597671e+01)
2485            	3.85418095e+04	2.88169499e+02	(2.49494208e+02 -7.54063150e-16 1.16598088e+01)
2486            	3.85417987e+04	2.88169539e+02	(2.49494148e+02 -7.54063091e-16 1.16598511e+01)
2487            	3.85417900e+04	2.88169577e+02	(2.49494100e+02 -7.54063186e-16 1.16598942e+01)
2488            	3.85417833e+04	2.88169615e+02	(2.49494066e+02 -7.54063088e-16 1.16599376e+01)
2489            	3.85417786e+04	2.88169651e+02	(2.49494045e+02 -7.54063239e-16 1.16599815e+01)
2490            	3.85417760e+04	2.88169687e+02	(2.49494037e+02 -7.54063312e-16 1.16600258e+01)
2491            	3.85417753e+04	2.88169722e+02	(2.49494042e+02 -7.54063483e-16 1.16600707e+01)
2492            	3.85417766e+04	2.88169756e+02	(2.49494060e+02 -7.54063570e-16 1.16601159e+01)
2493            	3.85417798e+04	2.88169789e+02	(2.49494091e+02 -7.54063844e-16 1.16601614e+01)
2494            	3.85417849e+04	2.88169821e+02	(2.49494134e+02 -7.54063974e-16 1.16602071e+01)
2495            	3.85417918e+04	2.88169853e+02	(2.49494189e+02 -7.54064260e-16 1.16602530e+01)
2496            	3.85418005e+04	2.88169883e+02	(2.49494256e+02 -7.54064399e-16 1.16602989e+01)
2497            	3.85418110e+04	2.88169912e+02	(2.49494336e+02 -7.54064695e-16 1.16603449e+01)
2498            	3.85418233e+04	2.88169940e+02	(2.49494427e+02 -7.54064835e-16 1.16603909e+01)
2499            	3.85418373e+04	2.88169966e+02	(2.49494529e+02 -7.54065131e-16 1.16604368e+01)
2500            	3.85418530e+04	2.88169992e+02	(2.49494643e+02 -7.54065286e-16 1.16604826e+01)
2501            	3.85418704e+04	2.88170016e+02	(2.49494768e+02 -7.54065586e-16 1.16605283e+01)
2502            	3.85418894e+04	2.88170040e+02	(2.49494903e+02 -7.54065747e-16 1.16605739e+01)
2503            	3.85419100e+04	2.88170062e+02	(2.49495049e+02 -7.54066053e-16 1.16606195e+01)
2504            	3.85419321e+04	2.88170083e+02	(2.49495206e+02 -7.54066218e-16 1.16606650e+01)
2505            	3.85419555e+04	2.88170102e+02	(2.49495374e+02 -7.54066419e-16 1.16607105e+01)
2506            	3.85419803e+04	2.88170121e+02	(2.49495549e+02 -7.54066634e-16 1.16607558e+01)
2507            	3.85420065e+04	2.88170137e+02	(2.49495734e+02 -7.54066976e-16 1.16608010e+01)
2508            	3.85420342e+04	2.88170153e+02	(2.49495927e+02 -7.54067173e-16 1.16608460e+01)
2509            	3.85420631e+04	2.88170168e+02	(2.49496130e+02 -7.54067514e-16 1.16608909e+01)
2510            	3.85420934e+04	2.88170181e+02	(2.49496340e+02 -7.54067715e-16 1.16609354e+01)
2511            	3.85421245e+04	2.88170192e+02	(2.49496560e+02 -7.54067930e-16 1.16609796e+01)
2512            	3.85421568e+04	2.88170202e+02	(2.49496784e+02 -7.54068181e-16 1.16610232e+01)
2513            	3.85421903e+04	2.88170211e+02	(2.49497015e+02 -7.54068541e-16 1.16610663e+01)
2514            	3.85422248e+04	2.88170218e+02	(2.49497252e+02 -7.54068774e-16 1.16611089e+01)
2515            	3.85422603e+04	2.88170224e+02	(2.49497496e+02 -7.54069136e-16 1.16611510e+01)
2516            	3.85422968e+04	2.88170228e+02	(2.49497746e+02 -7.54069393e-16 1.16611925e+01)
2517            	3.85423338e+04	2.88170231e+02	(2.49498004e+02 -7.54069636e-16 1.16612335e+01)
2518            	3.85423716e+04	2.88170232e+02	(2.49498262e+02 -7.54069903e-16 1.16612736e+01)
2519            	3.85424102e+04	2.88170232e+02	(2.49498526e+02 -7.54070279e-16 1.16613129e+01)
2520            	3.85424494e+04	2.88170230e+02	(2.49498795e+02 -7.54070543e-16 1.16613514e+01)
2521            	3.85424893e+04	2.88170226e+02	(2.49499066e+02 -7.54070917e-16 1.16613890e+01)
2522            	3.85425297e+04	2.88170222e+02	(2.49499340e+02 -7.54071189e-16 1.16614256e+01)
2523            	3.85425706e+04	2.88170215e+02	(2.49499617e+02 -7.54071578e-16 1.16614613e+01)
2524            	3.85426116e+04	2.88170207e+02	(2.49499898e+02 -7.54071755e-16 1.16614960e+01)
2525            	3.85426532e+04	2.88170198e+02	(2.49500174e+02 -7.54072260e-16 1.16615294e+01)
2526            	3.85426948e+04	2.88170186e+02	(2.49500458e+02 -7.54072397e-16 1.16615618e+01)
2527            	3.85427366e+04	2.88170174e+02	(2.49500739e+02 -7.54072813e-16 1.16615930e+01)
2528            	3.85427785e+04	2.88170161e+02	(2.49501019e+02 -7.54073080e-16 1.16616229e+01)
2529            	3.85428205e+04	2.88170145e+02	(2.49501300e+02 -7.54073437e-16 1.16616518e+01)
2530            	3.85428624e+04	2.88170129e+02	(2.49501580e+02 -7.54073695e-16 1.16616794e+01)
2531            	3.85429043e+04	2.88170111e+02	(2.49501859e+02 -7.54074073e-16 1.16617059e+01)
2532            	3.85429460e+04	2.88170092e+02	(2.49502136e+02 -7.54074341e-16 1.16617312e+01)
2533            	3.85429875e+04	2.88170072e+02	(2.49502411e+02 -7.54074723e-16 1.16617554e+01)
2534            	3.85430288e+04	2.88170050e+02	(2.49502683e+02 -7.54074943e-16 1.16617784e+01)
2535            	3.85430696e+04	2.88170027e+02	(2.49502951e+02 -7.54075242e-16 1.16618001e+01)
2536            	3.85431101e+04	2.88170003e+02	(2.49503216e+02 -7.54075445e-16 1.16618207e+01)
2537            	3.85431502e+04	2.88169978e+02	(2.49503475e+02 -7.54075827e-16 1.16618398e+01)
2538            	3.85431896e+04	2.88169952e+02	(2.49503735e+02 -7.54075944e-16 1.16618578e+01)
2539            	3.85432286e+04	2.88169925e+02	(2.49503984e+02 -7.54076246e-16 1.16618744e+01)
2540            	3.85432669e+04	2.88169896e+02	(2.49504232e+02 -7.54076345e-16 1.16618897e+01)
2541            	3.85433044e+04	2.88169867e+02	(2.49504473e+02 -7.54076559e-16 1.16619037e+01)
2542            	3.85433411e+04	2.88169838e+02	(2.49504709e+02 -7.54076683e-16 1.16619164e+01)
2543            	3.85433769e+04	2.88169807e+02	(2.49504938e+02 -7.54076885e-16 1.16619278e+01)
2544            	3.85434118e+04	2.88169776e+02	(2.49505161e+02 -7.54076982e-16 1.16619379e+01)
2545            	3.85434458e+04	2.88169744e+02	(2.49505374e+02 -7.54077247e-16 1.16619466e+01)
2546            	3.85434788e+04	2.88169712e+02	(2.49505583e+02 -7.54077368e-16 1.16619538e+01)
2547            	3.85435107e+04	2.88169679e+02	(2.49505784e+02 -7.54077644e-16 1.16619599e+01)
2548            	3.85435413e+04	2.88169646e+02	(2.49505977e+02 -7.54077801e-16 1.16619649e+01)
2549            	3.85435708e+04	2.88169612e+02	(2.49506160e+02 -7.54078068e-16 1.16619686e+01)
2550            	3.85435991e+04	2.88169578e+02	(2.49506337e+02 -7.54078163e-16 1.16619712e+01)
2551            	3.85436260e+04	2.88169544e+02	(2.49506504e+02 -7.54078383e-16 1.16619729e+01)
2552            	3.85436515e+04	2.88169509e+02	(2.49506663e+02 -7.54078471e-16 1.16619737e+01)
2553            	3.85436756e+04	2.88169474e+02	(2.49506810e+02 -7.54078666e-16 1.16619735e+01)
2554            	3.85436982e+04	2.88169439e+02	(2.49506950e+02 -7.54078699e-16 1.16619724e+01)
2555            	3.85437193e+04	2.88169405e+02	(2.49507080e+02 -7.54078822e-16 1.16619707e+01)
2556            	3.85437388e+04	2.88169370e+02	(2.49507200e+02 -7.54078834e-16 1.16619682e+01)
2557            	3.85437569e+04	2.88169335e+02	(2.49507309e+02 -7.54078933e-16 1.16619654e+01)
2558            	3.85437734e+04	2.88169301e+02	(2.49507407e+02 -7.54078896e-16 1.16619618e+01)
2559            	3.85437883e+04	2.88169267e+02	(2.49507495e+02 -7.54078936e-16 1.16619575e+01)
2560            	3.85438017e+04	2.88169232e+02	(2.49507572e+02 -7.54078877e-16 1.16619523e+01)
2561            	3.85438135e+04	2.88169198e+02	(2.49507639e+02 -7.54078884e-16 1.16619466e+01)
2562            	3.85438237e+04	2.88169165e+02	(2.49507695e+02 -7.54078811e-16 1.16619403e+01)
2563            	3.85438323e+04	2.88169131e+02	(2.49507740e+02 -7.54078815e-16 1.16619336e+01)
2564            	3.85438391e+04	2.88169098e+02	(2.49507774e+02 -7.54078632e-16 1.16619264e+01)
2565            	3.85438447e+04	2.88169065e+02	(2.49507796e+02 -7.54078735e-16 1.16619185e+01)
2566            	3.85438484e+04	2.88169033e+02	(2.49507809e+02 -7.54078489e-16 1.16619103e+01)
2567            	3.85438507e+04	2.88169002e+02	(2.49507810e+02 -7.54078544e-16 1.16619016e+01)
2568            	3.85438515e+04	2.88168971e+02	(2.49507801e+02 -7.54078393e-16 1.16618925e+01)
2569            	3.85438508e+04	2.88168941e+02	(2.49507781e+02 -7.54078326e-16 1.16618831e+01)
2570            	3.85438487e+04	2.88168912e+02	(2.49507752e+02 -7.54078174e-16 1.16618734e+01)
2571            	3.85438452e+04	2.88168883e+02	(2.49507712e+02 -7.54078082e-16 1.16618633e+01)
2572            	3.85438402e+04	2.88168855e+02	(2.49507663e+02 -7.54077857e-16 1.16618527e+01)
2573            	3.85438338e+04	2.88168828e+02	(2.49507604e+02 -7.54077754e-16 1.16618418e+01)
2574            	3.85438259e+04	2.88168801e+02	(2.49507535e+02 -7.54077523e-16 1.16618307e+01)
2575            	3.85438166e+04	2.88168776e+02	(2.49507457e+02 -7.54077414e-16 1.16618192e+01)
2576            	3.85438059e+04	2.88168752e+02	(2.49507371e+02 -7.54077167e-16 1.16618076e+01)
2577            	3.85437940e+04	2.88168729e+02	(2.49507274e+02 -7.54077129e-16 1.16617957e+01)
2578            	3.85437806e+04	2.88168706e+02	(2.49507172e+02 -7.54076731e-16 1.16617839e+01)
2579            	3.85437660e+04	2.88168685e+02	(2.49507056e+02 -7.54076683e-16 1.16617717e+01)
2580            	3.85437499e+04	2.88168665e+02	(2.49506935e+02 -7.54076358e-16 1.16617595e+01)
2581            	3.85437325e+04	2.88168646e+02	(2.49506806e+02 -7.54076191e-16 1.16617472e+01)
2582            	3.85437138e+04	2.88168629e+02	(2.49506668e+02 -7.54075883e-16 1.16617350e+01)
2583            	3.85436938e+04	2.88168612e+02	(2.49506522e+02 -7.54075704e-16 1.16617228e+01)
2584            	3.85436726e+04	2.88168597e+02	(2.49506368e+02 -7.54075392e-16 1.16617107e+01)
2585            	3.85436502e+04	2.88168582e+02	(2.49506207e+02 -7.54075214e-16 1.16616986e+01)
2586            	3.85436267e+04	2.88168569e+02	(2.49506038e+02 -7.54074906e-16 1.16616865e+01)
2587            	3.85436021e+04	2.88168557e+02	(2.49505863e+02 -7.54074736e-16 1.16616746e+01)
2588            	3.85435766e+04	2.88168547e+02	(2.49505679e+02 -7.54074531e-16 1.16616625e+01)
2589            	3.85435502e+04	2.88168538e+02	(2.49505492e+02 -7.54074339e-16 1.16616506e+01)
2590            	3.85435227e+04	2.88168530e+02	(2.49505299e+02 -7.54074023e-16 1.16616389e+01)
2591            	3.85434943e+04	2.88168523e+02	(2.49505099e+02 -7.54073861e-16 1.16616274e+01)
2592            	3.85434651e+04	2.88168518e+02	(2.49504894e+02 -7.54073536e-16 1.16616160e+01)
2593            	3.85434353e+04	2.88168514e+02	(2.49504681e+02 -7.54073461e-16 1.16616045e+01)
2594            	3.85434047e+04	2.88168512e+02	(2.49504467e+02 -7.54073111e-16 1.16615933e+01)
2595            	3.85433733e+04	2.88168511e+02	(2.49504249e+02 -7.54072925e-16 1.16615823e+01)
2596            	3.85433413e+04	2.88168512e+02	(2.49504027e+02 -7.54072611e-16 1.16615717e+01)
2597            	3.85433087e+04	2.88168514e+02	(2.49503801e+02 -7.54072462e-16 1.16615612e+01)
2598            	3.85432756e+04	2.88168518e+02	(2.49503572e+02 -7.54072163e-16 1.16615511e+01)
2599            	3.85432420e+04	2.88168523e+02	(2.49503340e+02 -7.54072028e-16 1.16615412e+01)
2600            	3.85432082e+04	2.88168530e+02	(2.49503104e+02 -7.54071832e-16 1.16615315e+01)
2601            	3.85431740e+04	2.88168538e+02	(2.49502870e+02 -7.54071678e-16 1.16615223e+01)
2602            	3.85431396e+04	2.88168548e+02	(2.49502634e+02 -7.54071390e-16 1.16615135e+01)
2603            	3.85431048e+04	2.88168559e+02	(2.49502397e+02 -7.54071234e-16 1.16615053e+01)
2604            	3.85430699e+04	2.88168572e+02	(2.49502160e+02 -7.54070953e-16 1.16614975e+01)
2605            	3.85430349e+04	2.88168586e+02	(2.49501922e+02 -7.54070792e-16 1.16614903e+01)
2606            	3.85429999e+04	2.88168601e+02	(2.49501686e+02 -7.54070480e-16 1.16614837e+01)
2607            	3.85429648e+04	2.88168618e+02	(2.49501450e+02 -7.54070289e-16 1.16614775e+01)
2608            	3.85429299e+04	2.88168636e+02	(2.49501215e+02 -7.54069979e-16 1.16614720e+01)
2609            	3.85428951e+04	2.88168655e+02	(2.49500982e+02 -7.54069846e-16 1.16614670e+01)
2610            	3.85428605e+04	2.88168675e+02	(2.49500751e+02 -7.54069566e-16 1.16614625e+01)
2611            	3.85428262e+04	2.88168697e+02	(2.49500522e+02 -7.54069436e-16 1.16614586e+01)
2612            	3.85427924e+04	2.88168719e+02	(2.49500296e+02 -7.54069183e-16 1.16614551e+01)
2613            	3.85427588e+04	2.88168742e+02	(2.49500074e+02 -7.54069051e-16 1.16614522e+01)
2614            	3.85427257e+04	2.88168767e+02	(2.49499856e+02 -7.54068809e-16 1.16614498e+01)
2615            	3.85426931e+04	2.88168792e+02	(2.49499641e+02 -7.54068724e-16 1.16614480e+01)
2616            	3.85426609e+04	2.88168818e+02	(2.49499433e+02 -7.54068443e-16 1.16614468e+01)
2617            	3.85426293e+04	2.88168844e+02	(2.49499227e+02 -7.54068399e-16 1.16614459e+01)
2618            	3.85425985e+04	2.88168872e+02	(2.49499027e+02 -7.54068240e-16 1.16614455e+01)
2619            	3.85425685e+04	2.88168900e+02	(2.49498832e+02 -7.54068219e-16 1.16614453e+01)
2620            	3.85425392e+04	2.88168929e+02	(2.49498643e+02 -7.54068048e-16 1.16614454e+01)
2621            	3.85425109e+04	2.88168958e+02	(2.49498460e+02 -7.54068016e-16 1.16614459e+01)
2622            	3.85424833e+04	2.88168988e+02	(2.49498285e+02 -7.54067803e-16 1.16614469e+01)
2623            	3.85424567e+04	2.88169018e+02	(2.49498115e+02 -7.54067789e-16 1.16614482e+01)
2624            	3.85424313e+04	2.88169049e+02	(2.49497952e+02 -7.54067660e-16 1.16614497e+01)
2625            	3.85424069e+04	2.88169080e+02	(2.49497796e+02 -7.54067662e-16 1.16614514e+01)
2626            	3.85423836e+04	2.88169111e+02	(2.49497648e+02 -7.54067580e-16 1.16614532e+01)
2627            	3.85423614e+04	2.88169143e+02	(2.49497509e+02 -7.54067585e-16 1.16614555e+01)
