/*--------------------------------*- C++ -*----------------------------------*\
  =========                 |
  \\      /  F ield         | OpenFOAM: The Open Source CFD Toolbox
   \\    /   O peration     | Website:  https://openfoam.org
    \\  /    A nd           | Version:  11
     \\/     M anipulation  |
\*---------------------------------------------------------------------------*/
FoamFile
{
    format      ascii;
    class       surfaceScalarField;
    location    "300";
    object      phi;
}
// * * * * * * * * * * * * * * * * * * * * * * * * * * * * * * * * * * * * * //

dimensions      [0 3 -1 0 0 0 0];

internalField   nonuniform List<scalar> 
9850
(
3.61841e-06
-1.03123e-09
3.61237e-06
6.04125e-09
3.61086e-06
1.42519e-09
3.61219e-06
-1.2441e-09
3.61273e-06
-5.92846e-10
3.61145e-06
1.33765e-09
3.6109e-06
5.42519e-10
3.6107e-06
2.13525e-10
3.61063e-06
9.27564e-11
3.61059e-06
2.48134e-11
3.61059e-06
2.32411e-11
3.61359e-06
-3.01018e-09
3.62026e-06
-6.5708e-09
3.62658e-06
-6.41183e-09
3.63083e-06
-4.16684e-09
3.62384e-06
6.89497e-09
3.61259e-06
1.12547e-08
3.60862e-06
3.9552e-09
3.60731e-06
1.27786e-09
3.6069e-06
4.28657e-10
3.60673e-06
1.27884e-10
3.60671e-06
5.71654e-11
3.60667e-06
5.9644e-13
3.6067e-06
1.07496e-11
3.60668e-06
-1.31464e-11
3.60672e-06
1.95039e-12
3.60669e-06
-1.83086e-11
3.60673e-06
1.48966e-12
3.6067e-06
-2.37155e-11
3.60675e-06
8.23952e-13
3.60674e-06
-2.52468e-11
3.60678e-06
-3.20172e-12
3.60677e-06
-2.64892e-11
3.60681e-06
-9.36459e-13
3.60674e-06
4.43648e-11
3.60729e-06
-5.14191e-10
3.61012e-06
-2.85528e-09
3.61185e-06
-1.70016e-09
3.61108e-06
7.80173e-10
3.61077e-06
3.01894e-10
3.61069e-06
9.46835e-11
3.61067e-06
9.83386e-12
3.61068e-06
-5.95807e-12
3.61069e-06
-2.14375e-11
3.61072e-06
-1.39445e-11
3.61073e-06
-2.11091e-11
3.61076e-06
-9.71257e-12
3.61076e-06
-1.81795e-11
3.61078e-06
-6.43575e-12
3.61078e-06
-1.28897e-11
3.61079e-06
-2.29954e-12
3.61079e-06
-9.45732e-12
3.6108e-06
6.30195e-13
3.6108e-06
-7.93663e-12
3.61081e-06
2.48055e-12
3.6108e-06
-7.05123e-12
3.61081e-06
3.08793e-12
3.6108e-06
-7.35075e-12
3.61081e-06
4.86608e-13
3.61081e-06
-5.25902e-12
3.61081e-06
8.62507e-13
3.61081e-06
-1.60618e-12
3.61081e-06
3.69833e-12
3.61081e-06
-1.27764e-12
3.61081e-06
5.97076e-12
3.6108e-06
-2.02766e-12
3.61081e-06
6.89814e-12
3.6108e-06
-2.67873e-12
3.61081e-06
6.70536e-12
3.6108e-06
-4.05409e-12
3.6108e-06
3.82169e-12
3.61079e-06
-2.31743e-12
3.61079e-06
2.40592e-12
3.61079e-06
-1.19951e-12
3.61079e-06
2.03642e-12
3.61079e-06
-1.7767e-12
3.61079e-06
1.52809e-12
3.61079e-06
-2.06079e-12
3.61079e-06
1.50834e-12
3.61079e-06
-1.85914e-12
3.61079e-06
1.76227e-12
3.61079e-06
-1.40906e-12
3.61079e-06
2.47928e-12
3.61079e-06
-4.92587e-13
3.61079e-06
4.32916e-12
3.61078e-06
1.49786e-12
3.61078e-06
6.02284e-12
3.61077e-06
3.05701e-12
3.61077e-06
7.21204e-12
3.61076e-06
4.26529e-12
3.61076e-06
7.77635e-12
3.61075e-06
4.61309e-12
3.61075e-06
7.76879e-12
3.61074e-06
3.37449e-12
3.61074e-06
7.57288e-12
3.61073e-06
-1.03434e-12
3.61076e-06
-2.15055e-11
3.61078e-06
-3.12749e-11
3.6112e-06
-4.15238e-10
-6.23478e-09
4.40591e-06
-1.75879e-09
4.40897e-06
2.9834e-09
4.40899e-06
1.34995e-09
4.40778e-06
2.34115e-11
4.40708e-06
7.65043e-11
4.40738e-06
1.06974e-09
4.40722e-06
6.94951e-10
4.4071e-06
3.43275e-10
4.40704e-06
1.67904e-10
4.40699e-06
6.50774e-11
4.40704e-06
-6.94066e-12
4.40592e-06
-1.90078e-09
4.40375e-06
-4.34022e-09
4.40171e-06
-4.42816e-09
4.40054e-06
-2.94638e-09
4.40426e-06
3.11885e-09
4.40894e-06
6.57925e-09
4.40956e-06
3.31662e-09
4.40948e-06
1.34551e-09
4.40939e-06
5.30618e-10
4.40932e-06
1.69489e-10
4.40931e-06
8.49678e-11
4.40929e-06
-2.26163e-12
4.40931e-06
1.63427e-11
4.40931e-06
-2.4335e-11
4.40933e-06
7.7549e-13
4.40932e-06
-3.43891e-11
4.40934e-06
-1.33901e-12
4.40934e-06
-4.32449e-11
4.40937e-06
-1.9555e-12
4.40937e-06
-4.67729e-11
4.4094e-06
-1.05039e-11
4.4094e-06
-4.97508e-11
4.40943e-06
-6.686e-12
4.4095e-06
-4.60169e-11
4.40921e-06
-1.97553e-10
4.40764e-06
-1.30786e-09
4.40685e-06
-8.93784e-10
4.40722e-06
4.20809e-10
4.40717e-06
3.51702e-10
4.40712e-06
1.53482e-10
4.4071e-06
2.04283e-11
4.40711e-06
-1.29649e-11
4.40713e-06
-4.22875e-11
4.40715e-06
-3.0367e-11
4.40716e-06
-4.19561e-11
4.40719e-06
-2.2351e-11
4.40719e-06
-3.55897e-11
4.40721e-06
-1.49722e-11
4.40721e-06
-2.49699e-11
4.40723e-06
-6.75166e-12
4.40723e-06
-1.83892e-11
4.40724e-06
-1.09804e-12
4.40724e-06
-1.49677e-11
4.40725e-06
2.84352e-12
4.40724e-06
-1.29004e-11
4.40725e-06
4.03389e-12
4.40725e-06
-1.32114e-11
4.40725e-06
3.39936e-13
4.40725e-06
-9.08812e-12
4.40725e-06
1.08189e-12
4.40725e-06
-3.13423e-12
4.40725e-06
5.97776e-12
4.40725e-06
-2.306e-12
4.40725e-06
1.00486e-11
4.40725e-06
-3.09284e-12
4.40725e-06
1.20523e-11
4.40724e-06
-3.88753e-12
4.40725e-06
1.17009e-11
4.40724e-06
-6.14335e-12
4.40724e-06
7.19728e-12
4.40724e-06
-3.09743e-12
4.40724e-06
4.73357e-12
4.40723e-06
-1.62785e-12
4.40723e-06
3.68424e-12
4.40723e-06
-2.97912e-12
4.40723e-06
2.45385e-12
4.40723e-06
-3.74942e-12
4.40724e-06
2.20159e-12
4.40723e-06
-3.56609e-12
4.40724e-06
2.75175e-12
4.40723e-06
-2.44578e-12
4.40724e-06
4.46079e-12
4.40723e-06
-2.68532e-13
4.40723e-06
7.98339e-12
4.40723e-06
3.4545e-12
4.40722e-06
1.13994e-11
4.40722e-06
6.72701e-12
4.40721e-06
1.41281e-11
4.40721e-06
9.32333e-12
4.4072e-06
1.55842e-11
4.40719e-06
1.02236e-11
4.40719e-06
1.55879e-11
4.40718e-06
8.3626e-12
4.40718e-06
1.40621e-11
4.40717e-06
1.46264e-12
4.40717e-06
-1.8409e-11
4.40724e-06
-1.00285e-10
4.40727e-06
-4.47701e-10
-4.15032e-09
4.85459e-06
-1.29816e-09
4.8556e-06
1.97112e-09
4.85547e-06
1.45093e-09
4.85531e-06
2.1735e-10
4.85577e-06
-4.07299e-10
4.8564e-06
4.71478e-10
4.85651e-06
5.77774e-10
4.85649e-06
3.70734e-10
4.85645e-06
2.10889e-10
4.85641e-06
1.00715e-10
4.85644e-06
-2.25453e-11
4.85575e-06
-1.22145e-09
4.85418e-06
-2.71956e-09
4.85239e-06
-2.67689e-09
4.85112e-06
-1.64304e-09
4.85268e-06
1.51364e-09
4.85541e-06
3.85687e-09
4.85625e-06
2.46737e-09
4.8564e-06
1.18501e-09
4.8564e-06
5.30574e-10
4.85638e-06
1.77626e-10
4.85638e-06
9.97188e-11
4.85637e-06
-5.6501e-12
4.85638e-06
2.0089e-11
4.85638e-06
-3.32471e-11
4.85639e-06
-8.44761e-13
4.85639e-06
-4.7356e-11
4.85641e-06
-4.81141e-12
4.8564e-06
-5.92117e-11
4.85643e-06
-5.88406e-12
4.85643e-06
-6.51288e-11
4.85645e-06
-1.88166e-11
4.85646e-06
-7.05847e-11
4.85649e-06
-1.7225e-11
4.85655e-06
-1.23715e-10
4.85626e-06
1.07213e-10
4.85563e-06
-6.9036e-10
4.85579e-06
-1.03179e-09
4.85633e-06
-1.17266e-10
4.85648e-06
1.97287e-10
4.85651e-06
1.32449e-10
4.85651e-06
8.39799e-12
4.85653e-06
-2.66354e-11
4.85655e-06
-6.3616e-11
4.85657e-06
-4.78834e-11
4.85659e-06
-6.22762e-11
4.85661e-06
-3.61831e-11
4.85662e-06
-5.23642e-11
4.85663e-06
-2.47315e-11
4.85664e-06
-3.69443e-11
4.85665e-06
-1.27885e-11
4.85665e-06
-2.74557e-11
4.85666e-06
-4.43592e-12
4.85666e-06
-2.1941e-11
4.85667e-06
1.63211e-12
4.85667e-06
-1.84947e-11
4.85668e-06
3.60501e-12
4.85668e-06
-1.84705e-11
4.85668e-06
-6.87473e-13
4.85668e-06
-1.25609e-11
4.85668e-06
3.05081e-13
4.85668e-06
-4.88202e-12
4.85668e-06
6.98297e-12
4.85668e-06
-3.43387e-12
4.85669e-06
1.28611e-11
4.85668e-06
-3.84748e-12
4.85668e-06
1.60805e-11
4.85668e-06
-4.38545e-12
4.85668e-06
1.58688e-11
4.85667e-06
-7.03457e-12
4.85667e-06
1.02694e-11
4.85667e-06
-3.05419e-12
4.85667e-06
6.71198e-12
4.85667e-06
-1.68463e-12
4.85667e-06
4.71232e-12
4.85667e-06
-3.94704e-12
4.85667e-06
2.65872e-12
4.85667e-06
-5.32609e-12
4.85667e-06
2.09965e-12
4.85667e-06
-5.23234e-12
4.85667e-06
2.98652e-12
4.85667e-06
-3.33482e-12
4.85667e-06
5.79859e-12
4.85667e-06
2.83693e-13
4.85667e-06
1.10107e-11
4.85666e-06
5.8342e-12
4.85666e-06
1.63269e-11
4.85665e-06
1.10069e-11
4.85665e-06
2.08407e-11
4.85664e-06
1.5139e-11
4.85664e-06
2.34064e-11
4.85663e-06
1.67339e-11
4.85662e-06
2.34925e-11
4.85661e-06
1.4382e-11
4.85661e-06
2.0334e-11
4.8566e-06
6.07522e-12
4.8566e-06
-1.34505e-11
4.85665e-06
-1.53961e-10
4.85659e-06
-3.82081e-10
-2.62005e-09
5.1597e-06
-8.45201e-10
5.15982e-06
1.8543e-09
5.15961e-06
1.63692e-09
5.15967e-06
1.83073e-10
5.16015e-06
-9.04039e-10
5.16063e-06
9.27648e-12
5.16079e-06
4.19259e-10
5.16081e-06
3.56348e-10
5.16079e-06
2.33799e-10
5.16076e-06
1.28328e-10
5.16078e-06
-3.31138e-11
5.1605e-06
-9.45507e-10
5.15975e-06
-1.94241e-09
5.1588e-06
-1.75352e-09
5.15808e-06
-8.99381e-10
5.15851e-06
1.05843e-09
5.15959e-06
2.77794e-09
5.16004e-06
2.00919e-09
5.16015e-06
1.06674e-09
5.16016e-06
5.20295e-10
5.16015e-06
1.81162e-10
5.16015e-06
1.11023e-10
5.16014e-06
-6.39521e-12
5.16015e-06
2.36603e-11
5.16014e-06
-3.88096e-11
5.16015e-06
-2.09423e-12
5.16015e-06
-5.67082e-11
5.16016e-06
-8.02496e-12
5.16016e-06
-7.10995e-11
5.16018e-06
-1.01341e-11
5.16018e-06
-7.97781e-11
5.16021e-06
-2.71492e-11
5.16021e-06
-8.80711e-11
5.16024e-06
-3.00955e-11
5.16027e-06
-1.69297e-10
5.16011e-06
2.77451e-10
5.15991e-06
-4.9857e-10
5.16019e-06
-1.29532e-09
5.16059e-06
-5.18401e-10
5.16077e-06
2.07483e-11
5.16082e-06
8.00745e-11
5.16084e-06
-1.63163e-11
5.16087e-06
-4.42671e-11
5.16088e-06
-8.42803e-11
5.1609e-06
-6.52178e-11
5.16092e-06
-8.12445e-11
5.16094e-06
-5.03485e-11
5.16095e-06
-6.81482e-11
5.16096e-06
-3.5223e-11
5.16097e-06
-4.86644e-11
5.16098e-06
-2.01081e-11
5.16099e-06
-3.64611e-11
5.161e-06
-9.19187e-12
5.161e-06
-2.87968e-11
5.16101e-06
-1.03619e-12
5.16101e-06
-2.3994e-11
5.16101e-06
1.735e-12
5.16101e-06
-2.35788e-11
5.16102e-06
-2.67734e-12
5.16102e-06
-1.63608e-11
5.16102e-06
-1.29916e-12
5.16102e-06
-7.25415e-12
5.16103e-06
6.99338e-12
5.16103e-06
-4.73359e-12
5.16103e-06
1.46203e-11
5.16102e-06
-4.25816e-12
5.16103e-06
1.91523e-11
5.16102e-06
-4.30368e-12
5.16102e-06
1.92141e-11
5.16102e-06
-7.12945e-12
5.16102e-06
1.29639e-11
5.16101e-06
-2.70626e-12
5.16101e-06
8.38324e-12
5.16101e-06
-1.8431e-12
5.16101e-06
5.32417e-12
5.16101e-06
-5.17022e-12
5.16101e-06
2.33504e-12
5.16101e-06
-7.21921e-12
5.16102e-06
1.38957e-12
5.16102e-06
-7.16309e-12
5.16102e-06
2.70699e-12
5.16102e-06
-4.38856e-12
5.16102e-06
6.77781e-12
5.16102e-06
8.0372e-13
5.16102e-06
1.38259e-11
5.16101e-06
8.32485e-12
5.16101e-06
2.12445e-11
5.161e-06
1.56098e-11
5.161e-06
2.77376e-11
5.16099e-06
2.14748e-11
5.16098e-06
3.15879e-11
5.16097e-06
2.38649e-11
5.16097e-06
3.17931e-11
5.16096e-06
2.09942e-11
5.16095e-06
2.6811e-11
5.16095e-06
1.16129e-11
5.16094e-06
-9.95281e-12
5.16097e-06
-1.82949e-10
5.1609e-06
-3.14737e-10
-1.87489e-09
5.38834e-06
-6.0389e-10
5.38831e-06
1.88262e-09
5.38815e-06
1.76992e-09
5.38817e-06
1.86086e-10
5.38839e-06
-1.13606e-09
5.38866e-06
-2.40943e-10
5.38877e-06
3.07661e-10
5.38879e-06
3.38854e-10
5.38878e-06
2.48752e-10
5.38875e-06
1.4915e-10
5.38877e-06
-4.04163e-11
5.38865e-06
-8.30208e-10
5.3883e-06
-1.57245e-09
5.38785e-06
-1.32481e-09
5.38753e-06
-5.5492e-10
5.38763e-06
9.33804e-10
5.38805e-06
2.35863e-09
5.38826e-06
1.797e-09
5.38831e-06
1.00541e-09
5.38832e-06
5.17793e-10
5.3883e-06
1.87114e-10
5.3883e-06
1.22184e-10
5.38829e-06
-4.15321e-12
5.38829e-06
2.80633e-11
5.38829e-06
-4.13058e-11
5.3883e-06
-2.14973e-12
5.38829e-06
-6.27068e-11
5.3883e-06
-1.03585e-11
5.3883e-06
-7.96548e-11
5.38832e-06
-1.37933e-11
5.38832e-06
-9.09067e-11
5.38833e-06
-3.43695e-11
5.38834e-06
-1.0211e-10
5.38836e-06
-4.24684e-11
5.38838e-06
-1.90938e-10
5.38832e-06
3.43093e-10
5.38825e-06
-4.33528e-10
5.38839e-06
-1.4299e-09
5.38862e-06
-7.43634e-10
5.38875e-06
-1.09021e-10
5.3888e-06
2.88568e-11
5.38882e-06
-4.30462e-11
5.38885e-06
-6.24224e-11
5.38886e-06
-1.03195e-10
5.38888e-06
-8.14605e-11
5.3889e-06
-9.84199e-11
5.38891e-06
-6.4023e-11
5.38892e-06
-8.27631e-11
5.38894e-06
-4.59573e-11
5.38895e-06
-6.0045e-11
5.38896e-06
-2.81732e-11
5.38896e-06
-4.54481e-11
5.38897e-06
-1.48747e-11
5.38898e-06
-3.5705e-11
5.38898e-06
-4.78025e-12
5.38899e-06
-2.95705e-11
5.38899e-06
-1.25111e-12
5.38899e-06
-2.87995e-11
5.389e-06
-5.77474e-12
5.389e-06
-2.04595e-11
5.389e-06
-3.98313e-12
5.389e-06
-9.98602e-12
5.38901e-06
6.03749e-12
5.38901e-06
-6.1606e-12
5.38901e-06
1.55978e-11
5.38901e-06
-4.52591e-12
5.38901e-06
2.1528e-11
5.389e-06
-3.84683e-12
5.389e-06
2.19991e-11
5.389e-06
-6.72671e-12
5.389e-06
1.51731e-11
5.389e-06
-2.17581e-12
5.389e-06
9.46567e-12
5.389e-06
-2.0695e-12
5.389e-06
5.17499e-12
5.389e-06
-6.54845e-12
5.389e-06
1.18392e-12
5.389e-06
-9.33049e-12
5.389e-06
-1.16251e-13
5.389e-06
-9.26082e-12
5.38901e-06
1.73456e-12
5.38901e-06
-5.46503e-12
5.38901e-06
7.20585e-12
5.38901e-06
1.49272e-12
5.389e-06
1.62358e-11
5.389e-06
1.12051e-11
5.389e-06
2.59821e-11
5.38899e-06
2.08114e-11
5.38898e-06
3.46761e-11
5.38898e-06
2.85484e-11
5.38897e-06
3.99409e-11
5.38896e-06
3.17706e-11
5.38895e-06
4.02202e-11
5.38894e-06
2.82579e-11
5.38894e-06
3.32785e-11
5.38893e-06
1.76401e-11
5.38893e-06
-7.5774e-12
5.38894e-06
-1.93531e-10
5.38891e-06
-2.82182e-10
-1.54619e-09
5.57007e-06
-4.9137e-10
5.57006e-06
1.8922e-09
5.56998e-06
1.83161e-09
5.56996e-06
2.26791e-10
5.57e-06
-1.18741e-09
5.57011e-06
-3.47163e-10
5.57018e-06
2.4557e-10
5.57019e-06
3.28492e-10
5.57018e-06
2.60636e-10
5.57016e-06
1.65039e-10
5.57017e-06
-4.42019e-11
5.57011e-06
-7.69311e-10
5.56993e-06
-1.37344e-09
5.56971e-06
-1.12615e-09
5.56958e-06
-4.0942e-10
5.56961e-06
8.85557e-10
5.5698e-06
2.17088e-09
5.5699e-06
1.69394e-09
5.56992e-06
9.75208e-10
5.56992e-06
5.21091e-10
5.56991e-06
1.95382e-10
5.5699e-06
1.33565e-10
5.56989e-06
4.1909e-13
5.56989e-06
3.33851e-11
5.56989e-06
-4.11002e-11
5.56989e-06
-8.94981e-13
5.56989e-06
-6.5812e-11
5.5699e-06
-1.12988e-11
5.56989e-06
-8.49281e-11
5.5699e-06
-1.61399e-11
5.5699e-06
-9.87174e-11
5.56992e-06
-3.99255e-11
5.56992e-06
-1.127e-10
5.56994e-06
-5.30164e-11
5.56994e-06
-1.98857e-10
5.56994e-06
3.51527e-10
5.56992e-06
-4.16055e-10
5.56996e-06
-1.4668e-09
5.57008e-06
-8.53248e-10
5.57016e-06
-1.93091e-10
5.5702e-06
-1.2723e-11
5.57022e-06
-6.75531e-11
5.57024e-06
-7.93257e-11
5.57026e-06
-1.19965e-10
5.57027e-06
-9.6078e-11
5.57029e-06
-1.13662e-10
5.5703e-06
-7.68033e-11
5.57031e-06
-9.61447e-11
5.57033e-06
-5.64765e-11
5.57033e-06
-7.09354e-11
5.57035e-06
-3.65956e-11
5.57035e-06
-5.42329e-11
5.57036e-06
-2.11683e-11
5.57037e-06
-4.25608e-11
5.57037e-06
-9.32612e-12
5.57038e-06
-3.53154e-11
5.57038e-06
-5.23302e-12
5.57038e-06
-3.4358e-11
5.57039e-06
-9.69299e-12
5.57039e-06
-2.5171e-11
5.5704e-06
-7.26984e-12
5.5704e-06
-1.33015e-11
5.5704e-06
4.53875e-12
5.5704e-06
-7.76409e-12
5.57041e-06
1.60409e-11
5.5704e-06
-4.66558e-12
5.5704e-06
2.34049e-11
5.5704e-06
-3.20608e-12
5.5704e-06
2.42633e-11
5.5704e-06
-6.16525e-12
5.5704e-06
1.69874e-11
5.57039e-06
-1.83664e-12
5.57039e-06
1.01487e-11
5.57039e-06
-2.75045e-12
5.5704e-06
4.55879e-12
5.5704e-06
-8.49317e-12
5.5704e-06
-4.92063e-13
5.5704e-06
-1.19918e-11
5.5704e-06
-2.13636e-12
5.57041e-06
-1.17766e-11
5.57041e-06
4.02836e-13
5.57041e-06
-6.80793e-12
5.57041e-06
7.47213e-12
5.57041e-06
2.08617e-12
5.57041e-06
1.87074e-11
5.5704e-06
1.41852e-11
5.5704e-06
3.0993e-11
5.57039e-06
2.63191e-11
5.57039e-06
4.2044e-11
5.57038e-06
3.60726e-11
5.57037e-06
4.87862e-11
5.57036e-06
4.00987e-11
5.57035e-06
4.90375e-11
5.57034e-06
3.57426e-11
5.57034e-06
3.98998e-11
5.57033e-06
2.35331e-11
5.57033e-06
-5.52383e-12
5.57033e-06
-1.94608e-10
5.57033e-06
-2.8028e-10
-1.40004e-09
5.72024e-06
-4.30428e-10
5.72026e-06
1.87398e-09
5.72023e-06
1.84958e-09
5.7202e-06
2.7486e-10
5.72016e-06
-1.15495e-09
5.7202e-06
-3.79783e-10
5.72023e-06
2.14113e-10
5.72024e-06
3.23521e-10
5.72023e-06
2.70094e-10
5.72022e-06
1.76707e-10
5.72022e-06
-4.60654e-11
5.72018e-06
-7.29081e-10
5.72007e-06
-1.25145e-09
5.71996e-06
-1.02637e-09
5.71991e-06
-3.50935e-10
5.71993e-06
8.54483e-10
5.72004e-06
2.06303e-09
5.72009e-06
1.63413e-09
5.72011e-06
9.58552e-10
5.7201e-06
5.26071e-10
5.72009e-06
2.04603e-10
5.72008e-06
1.44313e-10
5.72007e-06
6.73909e-12
5.72007e-06
3.91737e-11
5.72006e-06
-3.86053e-11
5.72007e-06
1.48129e-12
5.72006e-06
-6.6141e-11
5.72007e-06
-1.11319e-11
5.72006e-06
-8.72478e-11
5.72007e-06
-1.73052e-11
5.72007e-06
-1.03148e-10
5.72008e-06
-4.37313e-11
5.72008e-06
-1.19674e-10
5.72009e-06
-6.13489e-11
5.72009e-06
-1.99201e-10
5.72011e-06
3.34247e-10
5.72011e-06
-4.18466e-10
5.72011e-06
-1.45749e-09
5.72016e-06
-9.02105e-10
5.72021e-06
-2.47165e-10
5.72025e-06
-4.55801e-11
5.72027e-06
-8.87377e-11
5.72028e-06
-9.45588e-11
5.72029e-06
-1.34405e-10
5.72031e-06
-1.09049e-10
5.72032e-06
-1.26824e-10
5.72034e-06
-8.84848e-11
5.72034e-06
-1.08065e-10
5.72036e-06
-6.66163e-11
5.72037e-06
-8.10979e-11
5.72038e-06
-4.50999e-11
5.72038e-06
-6.26437e-11
5.72039e-06
-2.78078e-11
5.7204e-06
-4.92512e-11
5.7204e-06
-1.44921e-11
5.72041e-06
-4.10716e-11
5.72041e-06
-1.00172e-11
5.72042e-06
-4.00694e-11
5.72042e-06
-1.44842e-11
5.72043e-06
-3.00965e-11
5.72043e-06
-1.13505e-11
5.72043e-06
-1.67697e-11
5.72044e-06
2.41789e-12
5.72044e-06
-9.36032e-12
5.72044e-06
1.60086e-11
5.72044e-06
-4.67382e-12
5.72044e-06
2.47984e-11
5.72044e-06
-2.34347e-12
5.72044e-06
2.60479e-11
5.72043e-06
-5.40536e-12
5.72043e-06
1.82588e-11
5.72043e-06
-1.561e-12
5.72043e-06
1.01499e-11
5.72043e-06
-3.69162e-12
5.72043e-06
3.12044e-12
5.72044e-06
-1.07419e-11
5.72044e-06
-3.00073e-12
5.72044e-06
-1.49458e-11
5.72044e-06
-4.87163e-12
5.72045e-06
-1.44635e-11
5.72045e-06
-1.4917e-12
5.72045e-06
-8.13775e-12
5.72045e-06
7.34999e-12
5.72045e-06
2.91146e-12
5.72045e-06
2.09701e-11
5.72044e-06
1.76234e-11
5.72044e-06
3.59969e-11
5.72043e-06
3.24568e-11
5.72042e-06
4.95649e-11
5.72042e-06
4.42857e-11
5.72041e-06
5.7798e-11
5.7204e-06
4.90292e-11
5.72039e-06
5.78465e-11
5.72038e-06
4.35809e-11
5.72038e-06
4.62879e-11
5.72037e-06
2.93614e-11
5.72037e-06
-3.61508e-12
5.72036e-06
-1.92e-10
5.72038e-06
-2.9588e-10
-1.32586e-09
5.84776e-06
-3.85458e-10
5.84779e-06
1.84484e-09
5.84779e-06
1.8408e-09
5.84776e-06
3.19729e-10
5.84769e-06
-1.09296e-09
5.8477e-06
-3.79557e-10
5.84771e-06
1.98227e-10
5.84772e-06
3.2076e-10
5.84771e-06
2.76853e-10
5.8477e-06
1.8453e-10
5.84771e-06
-4.74812e-11
5.84768e-06
-6.98211e-10
5.8476e-06
-1.16624e-09
5.84754e-06
-9.69903e-10
5.84752e-06
-3.27377e-10
5.84754e-06
8.25358e-10
5.84762e-06
1.983e-09
5.84766e-06
1.58951e-09
5.84767e-06
9.45485e-10
5.84767e-06
5.30184e-10
5.84765e-06
2.13125e-10
5.84765e-06
1.54222e-10
5.84764e-06
1.36393e-11
5.84764e-06
4.53958e-11
5.84763e-06
-3.45833e-11
5.84763e-06
4.97859e-12
5.84762e-06
-6.45223e-11
5.84762e-06
-9.44684e-12
5.84762e-06
-8.70563e-11
5.84762e-06
-1.66551e-11
5.84762e-06
-1.04836e-10
5.84763e-06
-4.53731e-11
5.84763e-06
-1.23591e-10
5.84764e-06
-6.70521e-11
5.84763e-06
-1.95526e-10
5.84766e-06
3.08868e-10
5.84767e-06
-4.27967e-10
5.84764e-06
-1.42869e-09
5.84766e-06
-9.20817e-10
5.8477e-06
-2.83615e-10
5.84773e-06
-7.18602e-11
5.84774e-06
-1.06958e-10
5.84776e-06
-1.07831e-10
5.84777e-06
-1.46715e-10
5.84778e-06
-1.20142e-10
5.84779e-06
-1.38059e-10
5.8478e-06
-9.88195e-11
5.84781e-06
-1.1864e-10
5.84782e-06
-7.59641e-11
5.84783e-06
-9.04754e-11
5.84784e-06
-5.32894e-11
5.84785e-06
-7.05609e-11
5.84786e-06
-3.44279e-11
5.84786e-06
-5.5707e-11
5.84787e-06
-1.99267e-11
5.84787e-06
-4.6921e-11
5.84788e-06
-1.53501e-11
5.84788e-06
-4.60872e-11
5.84789e-06
-1.97262e-11
5.84789e-06
-3.5463e-11
5.8479e-06
-1.56583e-11
5.8479e-06
-2.05677e-11
5.8479e-06
1.52324e-13
5.8479e-06
-1.10047e-11
5.84791e-06
1.57853e-11
5.84791e-06
-4.60772e-12
5.84791e-06
2.59466e-11
5.8479e-06
-1.48634e-12
5.8479e-06
2.74603e-11
5.8479e-06
-4.78254e-12
5.8479e-06
1.91514e-11
5.8479e-06
-1.69069e-12
5.8479e-06
9.72792e-12
5.8479e-06
-5.22178e-12
5.8479e-06
1.22776e-12
5.84791e-06
-1.36343e-11
5.84791e-06
-5.95268e-12
5.84791e-06
-1.84537e-11
5.84792e-06
-7.97037e-12
5.84792e-06
-1.75276e-11
5.84792e-06
-3.56324e-12
5.84792e-06
-9.67213e-12
5.84792e-06
7.25668e-12
5.84792e-06
3.70818e-12
5.84792e-06
2.34829e-11
5.84792e-06
2.12059e-11
5.84791e-06
4.14181e-11
5.8479e-06
3.88846e-11
5.8479e-06
5.7579e-11
5.84789e-06
5.28365e-11
5.84788e-06
6.72504e-11
5.84787e-06
5.81585e-11
5.84786e-06
6.68933e-11
5.84785e-06
5.13376e-11
5.84785e-06
5.26183e-11
5.84784e-06
3.47179e-11
5.84784e-06
-1.74377e-12
5.84784e-06
-1.89089e-10
5.84786e-06
-3.19385e-10
-1.27697e-09
5.9582e-06
-3.41388e-10
5.95823e-06
1.8126e-09
5.95824e-06
1.82308e-09
5.95822e-06
3.54324e-10
5.95814e-06
-1.02511e-09
5.95814e-06
-3.68783e-10
5.95815e-06
1.88101e-10
5.95815e-06
3.17162e-10
5.95815e-06
2.80117e-10
5.95815e-06
1.88523e-10
5.95815e-06
-5.03798e-11
5.95813e-06
-6.73884e-10
5.95808e-06
-1.10371e-09
5.95803e-06
-9.32124e-10
5.95803e-06
-3.19704e-10
5.95805e-06
7.98383e-10
5.95812e-06
1.91387e-09
5.95815e-06
1.5504e-09
5.95816e-06
9.33022e-10
5.95816e-06
5.32008e-10
5.95815e-06
2.20636e-10
5.95814e-06
1.62269e-10
5.95813e-06
2.10414e-11
5.95813e-06
5.12262e-11
5.95812e-06
-2.91859e-11
5.95812e-06
8.97116e-12
5.95812e-06
-6.08384e-11
5.95812e-06
-7.02517e-12
5.95811e-06
-8.44082e-11
5.95811e-06
-1.49911e-11
5.95811e-06
-1.03517e-10
5.95811e-06
-4.53741e-11
5.95811e-06
-1.24152e-10
5.95812e-06
-7.06163e-11
5.95811e-06
-1.88806e-10
5.95814e-06
2.82647e-10
5.95814e-06
-4.37312e-10
5.95811e-06
-1.39324e-09
5.95812e-06
-9.25248e-10
5.95814e-06
-3.09477e-10
5.95817e-06
-9.34863e-11
5.95818e-06
-1.22164e-10
5.95819e-06
-1.19298e-10
5.9582e-06
-1.56748e-10
5.95821e-06
-1.29557e-10
5.95822e-06
-1.47194e-10
5.95823e-06
-1.07839e-10
5.95824e-06
-1.27544e-10
5.95825e-06
-8.45336e-11
5.95825e-06
-9.87452e-11
5.95826e-06
-6.10632e-11
5.95827e-06
-7.76996e-11
5.95828e-06
-4.09265e-11
5.95828e-06
-6.1662e-11
5.95829e-06
-2.55819e-11
5.95829e-06
-5.25108e-11
5.9583e-06
-2.11193e-11
5.9583e-06
-5.19827e-11
5.95831e-06
-2.54567e-11
5.95831e-06
-4.07202e-11
5.95832e-06
-2.03841e-11
5.95832e-06
-2.42193e-11
5.95833e-06
-2.42786e-12
5.95833e-06
-1.24572e-11
5.95833e-06
1.52883e-11
5.95833e-06
-4.34871e-12
5.95833e-06
2.67158e-11
5.95833e-06
-4.46451e-13
5.95833e-06
2.84192e-11
5.95832e-06
-4.0581e-12
5.95832e-06
1.949e-11
5.95832e-06
-1.95672e-12
5.95833e-06
8.62023e-12
5.95833e-06
-7.04262e-12
5.95833e-06
-1.44336e-12
5.95833e-06
-1.68063e-11
5.95834e-06
-9.63414e-12
5.95834e-06
-2.21692e-11
5.95834e-06
-1.16291e-11
5.95835e-06
-2.06448e-11
5.95835e-06
-6.03031e-12
5.95835e-06
-1.10766e-11
5.95835e-06
6.93331e-12
5.95835e-06
4.83214e-12
5.95835e-06
2.5914e-11
5.95834e-06
2.52907e-11
5.95834e-06
4.68936e-11
5.95833e-06
4.59082e-11
5.95832e-06
6.57145e-11
5.95831e-06
6.1945e-11
5.9583e-06
7.67366e-11
5.95829e-06
6.76731e-11
5.95829e-06
7.57301e-11
5.95828e-06
5.91936e-11
5.95827e-06
5.84945e-11
5.95827e-06
3.98227e-11
5.95827e-06
-1.82896e-13
5.95826e-06
-1.86923e-10
5.95829e-06
-3.44948e-10
-1.23539e-09
6.05526e-06
-2.96814e-10
6.05529e-06
1.78306e-09
6.0553e-06
1.7978e-09
6.05528e-06
3.82611e-10
6.05522e-06
-9.60983e-10
6.05521e-06
-3.55056e-10
6.05522e-06
1.79422e-10
6.05522e-06
3.11697e-10
6.05523e-06
2.79939e-10
6.05522e-06
1.88743e-10
6.05523e-06
-5.50677e-11
6.05521e-06
-6.54079e-10
6.05517e-06
-1.05299e-09
6.05514e-06
-9.0481e-10
6.05514e-06
-3.17972e-10
6.05516e-06
7.69851e-10
6.05522e-06
1.84917e-09
6.05526e-06
1.51221e-09
6.05527e-06
9.18748e-10
6.05527e-06
5.31388e-10
6.05526e-06
2.26051e-10
6.05526e-06
1.68995e-10
6.05525e-06
2.77616e-11
6.05525e-06
5.70464e-11
6.05524e-06
-2.33752e-11
6.05524e-06
1.36865e-11
6.05523e-06
-5.62314e-11
6.05523e-06
-3.29546e-12
6.05522e-06
-8.01753e-11
6.05522e-06
-1.14681e-11
6.05521e-06
-1.0026e-10
6.05522e-06
-4.31679e-11
6.05521e-06
-1.22371e-10
6.05521e-06
-7.15088e-11
6.0552e-06
-1.80199e-10
6.05523e-06
2.59575e-10
6.05524e-06
-4.4431e-10
6.0552e-06
-1.3545e-09
6.0552e-06
-9.21519e-10
6.05522e-06
-3.28419e-10
6.05523e-06
-1.11029e-10
6.05525e-06
-1.34803e-10
6.05526e-06
-1.28606e-10
6.05526e-06
-1.64738e-10
6.05527e-06
-1.36952e-10
6.05528e-06
-1.54461e-10
6.05529e-06
-1.1521e-10
6.05529e-06
-1.35023e-10
6.0553e-06
-9.18509e-11
6.05531e-06
-1.05964e-10
6.05532e-06
-6.79549e-11
6.05532e-06
-8.40588e-11
6.05533e-06
-4.68522e-11
6.05533e-06
-6.71565e-11
6.05534e-06
-3.09927e-11
6.05534e-06
-5.79976e-11
6.05535e-06
-2.69312e-11
6.05535e-06
-5.79752e-11
6.05536e-06
-3.11795e-11
6.05537e-06
-4.61263e-11
6.05537e-06
-2.49316e-11
6.05537e-06
-2.79176e-11
6.05538e-06
-4.79707e-12
6.05538e-06
-1.38281e-11
6.05538e-06
1.48747e-11
6.05538e-06
-4.04818e-12
6.05538e-06
2.7438e-11
6.05538e-06
4.60813e-13
6.05538e-06
2.91473e-11
6.05538e-06
-3.64618e-12
6.05538e-06
1.95198e-11
6.05538e-06
-2.71623e-12
6.05538e-06
7.15727e-12
6.05538e-06
-9.4481e-12
6.05538e-06
-4.45008e-12
6.05539e-06
-2.05553e-11
6.05539e-06
-1.35796e-11
6.05539e-06
-2.6324e-11
6.0554e-06
-1.54404e-11
6.0554e-06
-2.40208e-11
6.0554e-06
-8.47183e-12
6.05541e-06
-1.2586e-11
6.05541e-06
6.80836e-12
6.0554e-06
5.9852e-12
6.0554e-06
2.87084e-11
6.0554e-06
2.95129e-11
6.05539e-06
5.28228e-11
6.05538e-06
5.3127e-11
6.05538e-06
7.42862e-11
6.05537e-06
7.12024e-11
6.05536e-06
8.65218e-11
6.05535e-06
7.71375e-11
6.05534e-06
8.46316e-11
6.05533e-06
6.67226e-11
6.05533e-06
6.41671e-11
6.05532e-06
4.43101e-11
6.05532e-06
1.0919e-12
6.05532e-06
-1.86061e-10
6.05534e-06
-3.70144e-10
-1.19566e-09
6.14148e-06
-2.51671e-10
6.14151e-06
1.75505e-09
6.14153e-06
1.77343e-09
6.14152e-06
4.02415e-10
6.14145e-06
-9.0264e-10
6.14145e-06
-3.43715e-10
6.14146e-06
1.69572e-10
6.14147e-06
3.03262e-10
6.14147e-06
2.75941e-10
6.14147e-06
1.85319e-10
6.14148e-06
-6.25507e-11
6.14147e-06
-6.38646e-10
6.14143e-06
-1.01295e-09
6.14141e-06
-8.82106e-10
6.14141e-06
-3.20972e-10
6.14143e-06
7.42888e-10
6.1415e-06
1.78726e-09
6.14153e-06
1.47462e-09
6.14154e-06
9.03385e-10
6.14155e-06
5.28111e-10
6.14154e-06
2.29976e-10
6.14154e-06
1.73512e-10
6.14153e-06
3.42467e-11
6.14153e-06
6.19339e-11
6.14152e-06
-1.70066e-11
6.14152e-06
1.83131e-11
6.14151e-06
-5.03465e-11
6.14151e-06
7.07542e-13
6.1415e-06
-7.41843e-11
6.1415e-06
-7.28727e-12
6.14149e-06
-9.46161e-11
6.14149e-06
-3.96293e-11
6.14148e-06
-1.17779e-10
6.14148e-06
-7.05373e-11
6.14147e-06
-1.69389e-10
6.14149e-06
2.39857e-10
6.14149e-06
-4.47282e-10
6.14146e-06
-1.31523e-09
6.14145e-06
-9.13271e-10
6.14146e-06
-3.41994e-10
6.14148e-06
-1.25165e-10
6.14149e-06
-1.44481e-10
6.14149e-06
-1.35881e-10
6.1415e-06
-1.70379e-10
6.14151e-06
-1.42545e-10
6.14151e-06
-1.5958e-10
6.14152e-06
-1.2105e-10
6.14152e-06
-1.40649e-10
6.14153e-06
-9.80271e-11
6.14153e-06
-1.11752e-10
6.14154e-06
-7.3986e-11
6.14155e-06
-8.92952e-11
6.14155e-06
-5.22239e-11
6.14156e-06
-7.18376e-11
6.14156e-06
-3.62074e-11
6.14157e-06
-6.29156e-11
6.14157e-06
-3.27428e-11
6.14158e-06
-6.35046e-11
6.14158e-06
-3.6952e-11
6.14159e-06
-5.1077e-11
6.14159e-06
-2.952e-11
6.1416e-06
-3.11979e-11
6.1416e-06
-7.20864e-12
6.1416e-06
-1.48663e-11
6.1416e-06
1.43571e-11
6.1416e-06
-3.52145e-12
6.1416e-06
2.7882e-11
6.1416e-06
1.52079e-12
6.1416e-06
2.949e-11
6.1416e-06
-3.17496e-12
6.1416e-06
1.90574e-11
6.1416e-06
-3.60289e-12
6.1416e-06
5.10548e-12
6.1416e-06
-1.20723e-11
6.14161e-06
-8.08277e-12
6.14161e-06
-2.44598e-11
6.14161e-06
-1.80585e-11
6.14162e-06
-3.05309e-11
6.14162e-06
-1.96034e-11
6.14163e-06
-2.73026e-11
6.14163e-06
-1.11262e-11
6.14163e-06
-1.38548e-11
6.14163e-06
6.59051e-12
6.14163e-06
7.51318e-12
6.14163e-06
3.14853e-11
6.14162e-06
3.42031e-11
6.14162e-06
5.87835e-11
6.14161e-06
6.08161e-11
6.1416e-06
8.28645e-11
6.14159e-06
8.08134e-11
6.14158e-06
9.61653e-11
6.14157e-06
8.67528e-11
6.14156e-06
9.31482e-11
6.14155e-06
7.41536e-11
6.14155e-06
6.92709e-11
6.14154e-06
4.84676e-11
6.14154e-06
1.85588e-12
6.14154e-06
-1.86159e-10
6.14157e-06
-3.93583e-10
-1.15708e-09
6.21869e-06
-2.10069e-10
6.21872e-06
1.72946e-09
6.21874e-06
1.74573e-09
6.21873e-06
4.18728e-10
6.21867e-06
-8.51038e-10
6.21867e-06
-3.34222e-10
6.21868e-06
1.58138e-10
6.21869e-06
2.92186e-10
6.2187e-06
2.68651e-10
6.21871e-06
1.78412e-10
6.21872e-06
-7.22556e-11
6.21871e-06
-6.26536e-10
6.21868e-06
-9.78197e-10
6.21865e-06
-8.63927e-10
6.21866e-06
-3.25222e-10
6.21868e-06
7.14134e-10
6.21874e-06
1.72698e-09
6.21878e-06
1.43645e-09
6.2188e-06
8.85949e-10
6.2188e-06
5.22688e-10
6.2188e-06
2.31663e-10
6.2188e-06
1.7674e-10
6.21879e-06
3.9466e-11
6.21879e-06
6.64866e-11
6.21878e-06
-1.09941e-11
6.21878e-06
2.31971e-11
6.21877e-06
-4.43473e-11
6.21876e-06
5.60027e-12
6.21875e-06
-6.73983e-11
6.21875e-06
-1.54782e-12
6.21874e-06
-8.77746e-11
6.21874e-06
-3.41729e-11
6.21873e-06
-1.11494e-10
6.21873e-06
-6.71142e-11
6.21872e-06
-1.57142e-10
6.21873e-06
2.24498e-10
6.21873e-06
-4.46879e-10
6.21869e-06
-1.27465e-09
6.21868e-06
-9.00954e-10
6.21869e-06
-3.51078e-10
6.2187e-06
-1.35656e-10
6.21871e-06
-1.51491e-10
6.21872e-06
-1.40671e-10
6.21872e-06
-1.73844e-10
6.21872e-06
-1.45919e-10
6.21873e-06
-1.62754e-10
6.21873e-06
-1.24985e-10
6.21873e-06
-1.44693e-10
6.21874e-06
-1.0258e-10
6.21874e-06
-1.16206e-10
6.21875e-06
-7.86972e-11
6.21875e-06
-9.34603e-11
6.21876e-06
-5.65914e-11
6.21876e-06
-7.57872e-11
6.21876e-06
-4.07455e-11
6.21877e-06
-6.74395e-11
6.21877e-06
-3.81376e-11
6.21878e-06
-6.88186e-11
6.21878e-06
-4.22902e-11
6.21879e-06
-5.58544e-11
6.21879e-06
-3.35865e-11
6.2188e-06
-3.427e-11
6.2188e-06
-9.15613e-12
6.2188e-06
-1.57069e-11
6.2188e-06
1.40926e-11
6.2188e-06
-2.94881e-12
6.2188e-06
2.83974e-11
6.2188e-06
2.40739e-12
6.2188e-06
2.97039e-11
6.2188e-06
-3.06284e-12
6.2188e-06
1.83805e-11
6.2188e-06
-4.94767e-12
6.2188e-06
2.82667e-12
6.2188e-06
-1.51643e-11
6.21881e-06
-1.18705e-11
6.21881e-06
-2.87743e-11
6.21882e-06
-2.25843e-11
6.21882e-06
-3.49945e-11
6.21883e-06
-2.37064e-11
6.21883e-06
-3.06906e-11
6.21883e-06
-1.3584e-11
6.21883e-06
-1.51252e-11
6.21883e-06
6.67946e-12
6.21883e-06
9.09975e-12
6.21883e-06
3.46478e-11
6.21882e-06
3.89721e-11
6.21882e-06
6.5131e-11
6.21881e-06
6.8553e-11
6.2188e-06
9.17309e-11
6.21879e-06
9.03605e-11
6.21878e-06
1.05921e-10
6.21877e-06
9.61005e-11
6.21876e-06
1.01574e-10
6.21876e-06
8.1108e-11
6.21875e-06
7.41068e-11
6.21875e-06
5.1981e-11
6.21875e-06
2.25203e-12
6.21875e-06
-1.87239e-10
6.21877e-06
-4.15085e-10
-1.12079e-09
6.28819e-06
-1.73428e-10
6.28821e-06
1.70329e-09
6.28823e-06
1.7205e-09
6.28823e-06
4.28889e-10
6.28818e-06
-8.05069e-10
6.28818e-06
-3.28652e-10
6.28819e-06
1.4441e-10
6.2882e-06
2.78039e-10
6.28822e-06
2.57898e-10
6.28823e-06
1.6831e-10
6.28824e-06
-8.47786e-11
6.28823e-06
-6.17926e-10
6.28821e-06
-9.50601e-10
6.28819e-06
-8.47513e-10
6.2882e-06
-3.3214e-10
6.28822e-06
6.87148e-10
6.28828e-06
1.66848e-09
6.28832e-06
1.39865e-09
6.28833e-06
8.67796e-10
6.28834e-06
5.15151e-10
6.28834e-06
2.3209e-10
6.28834e-06
1.7785e-10
6.28833e-06
4.41728e-11
6.28833e-06
6.97831e-11
6.28832e-06
-4.97892e-12
6.28832e-06
2.74938e-11
6.28831e-06
-3.76998e-11
6.28831e-06
1.02755e-11
6.2883e-06
-5.94803e-11
6.28829e-06
4.37013e-12
6.28828e-06
-7.91481e-11
6.28828e-06
-2.78183e-11
6.28827e-06
-1.0292e-10
6.28827e-06
-6.21763e-11
6.28825e-06
-1.42948e-10
6.28826e-06
2.12402e-10
6.28826e-06
-4.42501e-10
6.28822e-06
-1.23403e-09
6.28821e-06
-8.85824e-10
6.28821e-06
-3.55902e-10
6.28822e-06
-1.42858e-10
6.28822e-06
-1.55314e-10
6.28822e-06
-1.43106e-10
6.28822e-06
-1.74754e-10
6.28823e-06
-1.47291e-10
6.28823e-06
-1.63643e-10
6.28823e-06
-1.27168e-10
6.28823e-06
-1.4667e-10
6.28823e-06
-1.05681e-10
6.28824e-06
-1.18938e-10
6.28824e-06
-8.21972e-11
6.28824e-06
-9.62028e-11
6.28825e-06
-6.00583e-11
6.28825e-06
-7.86254e-11
6.28825e-06
-4.47227e-11
6.28826e-06
-7.10667e-11
6.28826e-06
-4.313e-11
6.28827e-06
-7.33146e-11
6.28827e-06
-4.72846e-11
6.28828e-06
-5.9862e-11
6.28828e-06
-3.73892e-11
6.28828e-06
-3.67125e-11
6.28828e-06
-1.09595e-11
6.28828e-06
-1.61166e-11
6.28829e-06
1.38289e-11
6.28828e-06
-2.11807e-12
6.28828e-06
2.87019e-11
6.28828e-06
3.4555e-12
6.28828e-06
2.96026e-11
6.28828e-06
-2.8608e-12
6.28828e-06
1.73139e-11
6.28828e-06
-6.32954e-12
6.28829e-06
1.13848e-13
6.28829e-06
-1.83263e-11
6.28829e-06
-1.60786e-11
6.2883e-06
-3.30586e-11
6.2883e-06
-2.74196e-11
6.28831e-06
-3.93237e-11
6.28831e-06
-2.79561e-11
6.28832e-06
-3.38354e-11
6.28832e-06
-1.61016e-11
6.28832e-06
-1.60677e-11
6.28832e-06
6.75718e-12
6.28832e-06
1.10643e-11
6.28831e-06
3.77847e-11
6.28831e-06
4.41162e-11
6.2883e-06
7.14089e-11
6.28829e-06
7.65842e-11
6.28829e-06
1.00432e-10
6.28828e-06
1.00039e-10
6.28827e-06
1.15346e-10
6.28826e-06
1.05398e-10
6.28825e-06
1.09481e-10
6.28824e-06
8.78524e-11
6.28824e-06
7.83507e-11
6.28823e-06
5.51825e-11
6.28824e-06
2.16348e-12
6.28824e-06
-1.8882e-10
6.28826e-06
-4.3425e-10
-1.08818e-09
6.35092e-06
-1.45644e-10
6.35095e-06
1.6767e-09
6.35097e-06
1.69188e-09
6.35097e-06
4.37079e-10
6.35092e-06
-7.64955e-10
6.35092e-06
-3.25075e-10
6.35094e-06
1.28816e-10
6.35096e-06
2.61534e-10
6.35097e-06
2.44388e-10
6.35098e-06
1.55229e-10
6.351e-06
-9.91909e-11
6.35099e-06
-6.11942e-10
6.35098e-06
-9.25917e-10
6.35096e-06
-8.34306e-10
6.35097e-06
-3.39075e-10
6.35099e-06
6.58452e-10
6.35105e-06
1.61124e-09
6.35108e-06
1.36037e-09
6.3511e-06
8.48037e-10
6.35111e-06
5.061e-10
6.35111e-06
2.30542e-10
6.35111e-06
1.77954e-10
6.35111e-06
4.73977e-11
6.35111e-06
7.25999e-11
6.3511e-06
1.77486e-13
6.3511e-06
3.1693e-11
6.35109e-06
-3.15515e-11
6.35109e-06
1.54382e-11
6.35108e-06
-5.14329e-11
6.35107e-06
1.14805e-11
6.35106e-06
-6.99718e-11
6.35105e-06
-1.98974e-11
6.35104e-06
-9.32224e-11
6.35104e-06
-5.50479e-11
6.35102e-06
-1.27561e-10
6.35103e-06
2.04237e-10
6.35102e-06
-4.35196e-10
6.35098e-06
-1.19199e-09
6.35097e-06
-8.67298e-10
6.35097e-06
-3.56795e-10
6.35097e-06
-1.46383e-10
6.35097e-06
-1.56273e-10
6.35097e-06
-1.42733e-10
6.35097e-06
-1.7329e-10
6.35097e-06
-1.46213e-10
6.35097e-06
-1.6245e-10
6.35097e-06
-1.27206e-10
6.35097e-06
-1.4689e-10
6.35097e-06
-1.06857e-10
6.35097e-06
-1.20099e-10
6.35097e-06
-8.40467e-11
6.35097e-06
-9.76373e-11
6.35098e-06
-6.21893e-11
6.35098e-06
-8.04921e-11
6.35098e-06
-4.76628e-11
6.35098e-06
-7.40176e-11
6.35099e-06
-4.73107e-11
6.35099e-06
-7.73005e-11
6.35099e-06
-5.14959e-11
6.351e-06
-6.34316e-11
6.351e-06
-4.04127e-11
6.351e-06
-3.87633e-11
6.351e-06
-1.2134e-11
6.351e-06
-1.62545e-11
6.35101e-06
1.39227e-11
6.351e-06
-1.23766e-12
6.351e-06
2.91628e-11
6.351e-06
4.32577e-12
6.351e-06
2.94717e-11
6.351e-06
-2.99905e-12
6.351e-06
1.61532e-11
6.35101e-06
-8.0698e-12
6.35101e-06
-2.65719e-12
6.35101e-06
-2.17835e-11
6.35102e-06
-2.02286e-11
6.35102e-06
-3.75477e-11
6.35102e-06
-3.20752e-11
6.35103e-06
-4.3715e-11
6.35103e-06
-3.19515e-11
6.35104e-06
-3.69446e-11
6.35104e-06
-1.82882e-11
6.35104e-06
-1.69391e-11
6.35104e-06
7.19226e-12
6.35104e-06
1.30729e-11
6.35103e-06
4.12664e-11
6.35103e-06
4.92332e-11
6.35102e-06
7.79443e-11
6.35101e-06
8.44808e-11
6.35101e-06
1.09235e-10
6.351e-06
1.09438e-10
6.35099e-06
1.24699e-10
6.35098e-06
1.14252e-10
6.35097e-06
1.1719e-10
6.35096e-06
9.40519e-11
6.35096e-06
8.23434e-11
6.35096e-06
5.78007e-11
6.35096e-06
1.822e-12
6.35096e-06
-1.90942e-10
6.35098e-06
-4.51239e-10
-1.06065e-09
6.40758e-06
-1.27485e-10
6.4076e-06
1.64685e-09
6.40763e-06
1.66506e-09
6.40763e-06
4.40076e-10
6.40759e-06
-7.29533e-10
6.40759e-06
-3.25198e-10
6.40761e-06
1.10983e-10
6.40763e-06
2.4234e-10
6.40765e-06
2.27954e-10
6.40767e-06
1.39505e-10
6.40768e-06
-1.15994e-10
6.40768e-06
-6.08798e-10
6.40766e-06
-9.06761e-10
6.40765e-06
-8.22035e-10
6.40766e-06
-3.47845e-10
6.40768e-06
6.31688e-10
6.40774e-06
1.55561e-09
6.40778e-06
1.32268e-09
6.40779e-06
8.28046e-10
6.4078e-06
4.95551e-10
6.40781e-06
2.28093e-10
6.40781e-06
1.76221e-10
6.4078e-06
5.00457e-11
6.4078e-06
7.40508e-11
6.4078e-06
4.97747e-12
6.4078e-06
3.4989e-11
6.40779e-06
-2.52361e-11
6.40778e-06
2.00152e-11
6.40777e-06
-4.27959e-11
6.40777e-06
1.83618e-11
6.40776e-06
-5.95464e-11
6.40775e-06
-1.14501e-11
6.40774e-06
-8.17149e-11
6.40773e-06
-4.66988e-11
6.40771e-06
-1.10451e-10
6.40772e-06
1.98792e-10
6.40771e-06
-4.24402e-10
6.40767e-06
-1.14964e-09
6.40765e-06
-8.46262e-10
6.40764e-06
-3.53779e-10
6.40764e-06
-1.46594e-10
6.40764e-06
-1.53878e-10
6.40764e-06
-1.39744e-10
6.40763e-06
-1.69083e-10
6.40763e-06
-1.42929e-10
6.40763e-06
-1.58831e-10
6.40763e-06
-1.25286e-10
6.40762e-06
-1.44869e-10
6.40762e-06
-1.06339e-10
6.40762e-06
-1.19331e-10
6.40762e-06
-8.44293e-11
6.40762e-06
-9.74433e-11
6.40762e-06
-6.31594e-11
6.40762e-06
-8.10238e-11
6.40763e-06
-4.97417e-11
6.40763e-06
-7.58083e-11
6.40763e-06
-5.0752e-11
6.40763e-06
-8.01882e-11
6.40764e-06
-5.50582e-11
6.40764e-06
-6.60071e-11
6.40764e-06
-4.2959e-11
6.40764e-06
-4.0056e-11
6.40765e-06
-1.305e-11
6.40765e-06
-1.59184e-11
6.40765e-06
1.40809e-11
6.40764e-06
-9.02228e-14
6.40764e-06
2.9473e-11
6.40764e-06
5.37051e-12
6.40764e-06
2.91133e-11
6.40764e-06
-2.99108e-12
6.40764e-06
1.47328e-11
6.40765e-06
-9.72491e-12
6.40765e-06
-5.67782e-12
6.40765e-06
-2.51336e-11
6.40766e-06
-2.45749e-11
6.40766e-06
-4.18086e-11
6.40767e-06
-3.68181e-11
6.40767e-06
-4.77951e-11
6.40767e-06
-3.59111e-11
6.40768e-06
-3.96884e-11
6.40768e-06
-2.04167e-11
6.40768e-06
-1.74367e-11
6.40768e-06
7.64844e-12
6.40768e-06
1.54164e-11
6.40767e-06
4.46645e-11
6.40767e-06
5.45918e-11
6.40766e-06
8.42688e-11
6.40765e-06
9.24684e-11
6.40764e-06
1.17685e-10
6.40764e-06
1.1875e-10
6.40763e-06
1.33553e-10
6.40762e-06
1.22894e-10
6.40761e-06
1.24301e-10
6.4076e-06
9.99958e-11
6.4076e-06
8.57942e-11
6.4076e-06
6.0192e-11
6.4076e-06
1.16588e-12
6.4076e-06
-1.93183e-10
6.40762e-06
-4.65753e-10
-1.03921e-09
6.45864e-06
-1.21976e-10
6.45867e-06
1.61404e-09
6.4587e-06
1.63391e-09
6.4587e-06
4.41444e-10
6.45867e-06
-6.9917e-10
6.45867e-06
-3.27018e-10
6.45869e-06
9.14588e-11
6.45872e-06
2.21215e-10
6.45874e-06
2.09316e-10
6.45875e-06
1.21359e-10
6.45877e-06
-1.34172e-10
6.45877e-06
-6.07621e-10
6.45876e-06
-8.89239e-10
6.45875e-06
-8.12296e-10
6.45876e-06
-3.56064e-10
6.45878e-06
6.03377e-10
6.45884e-06
1.50111e-09
6.45887e-06
1.28469e-09
6.45889e-06
8.06858e-10
6.4589e-06
4.84e-10
6.45891e-06
2.24023e-10
6.45891e-06
1.73782e-10
6.45891e-06
5.12166e-11
6.45891e-06
7.49724e-11
6.4589e-06
8.66536e-12
6.4589e-06
3.79492e-11
6.45889e-06
-1.97967e-11
6.45889e-06
2.47445e-11
6.45888e-06
-3.44877e-11
6.45887e-06
2.60855e-11
6.45886e-06
-4.90424e-11
6.45885e-06
-1.78211e-12
6.45884e-06
-6.94928e-11
6.45883e-06
-3.64355e-11
6.45881e-06
-9.23295e-11
6.45882e-06
1.96768e-10
6.4588e-06
-4.11105e-10
6.45876e-06
-1.10559e-09
6.45874e-06
-8.22003e-10
6.45873e-06
-3.47106e-10
6.45873e-06
-1.43157e-10
6.45872e-06
-1.48525e-10
6.45872e-06
-1.33758e-10
6.45871e-06
-1.62349e-10
6.4587e-06
-1.37031e-10
6.4587e-06
-1.53004e-10
6.45869e-06
-1.21054e-10
6.45869e-06
-1.40958e-10
6.45869e-06
-1.03707e-10
6.45868e-06
-1.16832e-10
6.45868e-06
-8.29688e-11
6.45868e-06
-9.5787e-11
6.45868e-06
-6.25931e-11
6.45868e-06
-8.04066e-11
6.45868e-06
-5.05397e-11
6.45868e-06
-7.66964e-11
6.45868e-06
-5.31064e-11
6.45869e-06
-8.23362e-11
6.45869e-06
-5.76043e-11
6.45869e-06
-6.79648e-11
6.45869e-06
-4.45735e-11
6.45869e-06
-4.08535e-11
6.45869e-06
-1.32598e-11
6.45869e-06
-1.52784e-11
6.45869e-06
1.46366e-11
6.45869e-06
1.11128e-12
6.45869e-06
2.99862e-11
6.45869e-06
6.26203e-12
6.45869e-06
2.88047e-11
6.45869e-06
-3.25927e-12
6.45869e-06
1.33416e-11
6.45869e-06
-1.1604e-11
6.4587e-06
-8.58161e-12
6.4587e-06
-2.85889e-11
6.4587e-06
-2.86556e-11
6.45871e-06
-4.60684e-11
6.45871e-06
-4.11783e-11
6.45872e-06
-5.17589e-11
6.45872e-06
-3.94607e-11
6.45872e-06
-4.22803e-11
6.45872e-06
-2.21271e-11
6.45872e-06
-1.78248e-11
6.45872e-06
8.46147e-12
6.45872e-06
1.77559e-11
6.45872e-06
4.83196e-11
6.45871e-06
5.97921e-11
6.45871e-06
9.06889e-11
6.4587e-06
1.0013e-10
6.45869e-06
1.2604e-10
6.45868e-06
1.27587e-10
6.45867e-06
1.42169e-10
6.45866e-06
1.30963e-10
6.45866e-06
1.31144e-10
6.45865e-06
1.05387e-10
6.45865e-06
8.90584e-11
6.45865e-06
6.212e-11
6.45865e-06
4.53794e-13
6.45865e-06
-1.9563e-10
6.45866e-06
-4.77938e-10
-1.02476e-09
6.50444e-06
-1.29133e-10
6.50448e-06
1.57597e-09
6.50451e-06
1.60363e-09
6.50451e-06
4.37946e-10
6.50449e-06
-6.72892e-10
6.50449e-06
-3.32236e-10
6.50451e-06
6.98909e-11
6.50454e-06
1.97796e-10
6.50456e-06
1.88262e-10
6.50458e-06
1.01116e-10
6.5046e-06
-1.54228e-10
6.5046e-06
-6.08641e-10
6.50459e-06
-8.76104e-10
6.50458e-06
-8.02946e-10
6.50459e-06
-3.65561e-10
6.50461e-06
5.77098e-10
6.50467e-06
1.44808e-09
6.5047e-06
1.2474e-09
6.50472e-06
7.85753e-10
6.50474e-06
4.71409e-10
6.50474e-06
2.19379e-10
6.50474e-06
1.69796e-10
6.50474e-06
5.18663e-11
6.50474e-06
7.45386e-11
6.50474e-06
1.18284e-11
6.50474e-06
3.98505e-11
6.50473e-06
-1.44784e-11
6.50473e-06
2.8651e-11
6.50472e-06
-2.59632e-11
6.50471e-06
3.32764e-11
6.5047e-06
-3.76827e-11
6.50469e-06
8.1188e-12
6.50468e-06
-5.58256e-11
6.50467e-06
-2.52003e-11
6.50465e-06
-7.26825e-11
6.50465e-06
1.97014e-10
6.50463e-06
-3.9471e-10
6.50459e-06
-1.06099e-09
6.50456e-06
-7.95381e-10
6.50455e-06
-3.36812e-10
6.50455e-06
-1.36503e-10
6.50454e-06
-1.39818e-10
6.50453e-06
-1.25055e-10
6.50452e-06
-1.52792e-10
6.50451e-06
-1.28815e-10
6.5045e-06
-1.44682e-10
6.5045e-06
-1.1475e-10
6.50449e-06
-1.3472e-10
6.50448e-06
-9.92567e-11
6.50448e-06
-1.12315e-10
6.50448e-06
-7.99207e-11
6.50447e-06
-9.24128e-11
6.50447e-06
-6.07328e-11
6.50447e-06
-7.83342e-11
6.50447e-06
-5.02942e-11
6.50447e-06
-7.62578e-11
6.50447e-06
-5.45054e-11
6.50447e-06
-8.32105e-11
6.50447e-06
-5.93149e-11
6.50447e-06
-6.88058e-11
6.50447e-06
-4.56036e-11
6.50447e-06
-4.08479e-11
6.50447e-06
-1.31745e-11
6.50447e-06
-1.41716e-11
6.50447e-06
1.52749e-11
6.50447e-06
2.57124e-12
6.50447e-06
3.03862e-11
6.50447e-06
7.34465e-12
6.50447e-06
2.83471e-11
6.50447e-06
-3.31212e-12
6.50447e-06
1.18212e-11
6.50447e-06
-1.32672e-11
6.50448e-06
-1.15563e-11
6.50448e-06
-3.17627e-11
6.50448e-06
-3.27278e-11
6.50449e-06
-4.99187e-11
6.50449e-06
-4.54366e-11
6.5045e-06
-5.52644e-11
6.5045e-06
-4.28328e-11
6.5045e-06
-4.44192e-11
6.5045e-06
-2.3707e-11
6.5045e-06
-1.78289e-11
6.5045e-06
9.28488e-12
6.5045e-06
2.03567e-11
6.5045e-06
5.17983e-11
6.50449e-06
6.50808e-11
6.50448e-06
9.67371e-11
6.50448e-06
1.07678e-10
6.50447e-06
1.33855e-10
6.50446e-06
1.36139e-10
6.50445e-06
1.50139e-10
6.50444e-06
1.38697e-10
6.50444e-06
1.37345e-10
6.50443e-06
1.10521e-10
6.50443e-06
9.18646e-11
6.50443e-06
6.39444e-11
6.50443e-06
-3.64406e-13
6.50443e-06
-1.97909e-10
6.50444e-06
-4.87487e-10
-1.01783e-09
6.54518e-06
-1.51142e-10
6.54522e-06
1.53341e-09
6.54526e-06
1.56836e-09
6.54527e-06
4.32876e-10
6.54524e-06
-6.51115e-10
6.54525e-06
-3.38909e-10
6.54527e-06
4.68479e-11
6.5453e-06
1.72831e-10
6.54532e-06
1.65497e-10
6.54535e-06
7.89858e-11
6.54537e-06
-1.75125e-10
6.54537e-06
-6.10988e-10
6.54536e-06
-8.63644e-10
6.54535e-06
-7.95545e-10
6.54536e-06
-3.7413e-10
6.54539e-06
5.4941e-10
6.54544e-06
1.39603e-09
6.54547e-06
1.20985e-09
6.54549e-06
7.63687e-10
6.54551e-06
4.58153e-10
6.54551e-06
2.13408e-10
6.54552e-06
1.65366e-10
6.54552e-06
5.11406e-11
6.54552e-06
7.36167e-11
6.54552e-06
1.38103e-11
6.54552e-06
4.13221e-11
6.54551e-06
-1.02117e-11
6.54551e-06
3.25134e-11
6.5455e-06
-1.80399e-11
6.54549e-06
4.10645e-11
6.54548e-06
-2.65549e-11
6.54547e-06
1.89731e-11
6.54545e-06
-4.17354e-11
6.54544e-06
-1.22945e-11
6.54542e-06
-5.21815e-11
6.54542e-06
2.00271e-10
6.5454e-06
-3.7613e-10
6.54536e-06
-1.01453e-09
6.54533e-06
-7.65713e-10
6.54531e-06
-3.23164e-10
6.5453e-06
-1.26388e-10
6.54529e-06
-1.28243e-10
6.54528e-06
-1.13365e-10
6.54527e-06
-1.40701e-10
6.54526e-06
-1.17959e-10
6.54525e-06
-1.34136e-10
6.54524e-06
-1.06099e-10
6.54523e-06
-1.26567e-10
6.54522e-06
-9.26513e-11
6.54522e-06
-1.06041e-10
6.54521e-06
-7.49917e-11
6.54521e-06
-8.75508e-11
6.5452e-06
-5.7281e-11
6.5452e-06
-7.50545e-11
6.5452e-06
-4.86644e-11
6.5452e-06
-7.48045e-11
6.5452e-06
-5.46799e-11
6.5452e-06
-8.32313e-11
6.5452e-06
-5.9907e-11
6.5452e-06
-6.89557e-11
6.5452e-06
-4.56544e-11
6.5452e-06
-4.03293e-11
6.5452e-06
-1.23822e-11
6.5452e-06
-1.27766e-11
6.5452e-06
1.63011e-11
6.54519e-06
4.07214e-12
6.54519e-06
3.10058e-11
6.54519e-06
8.29708e-12
6.54519e-06
2.79997e-11
6.54519e-06
-3.57205e-12
6.54519e-06
1.04382e-11
6.5452e-06
-1.50244e-11
6.5452e-06
-1.42577e-11
6.5452e-06
-3.48701e-11
6.5452e-06
-3.63574e-11
6.54521e-06
-5.35926e-11
6.54521e-06
-4.91491e-11
6.54522e-06
-5.85128e-11
6.54522e-06
-4.56843e-11
6.54522e-06
-4.63286e-11
6.54522e-06
-2.48268e-11
6.54522e-06
-1.77201e-11
6.54522e-06
1.04276e-11
6.54522e-06
2.28785e-11
6.54521e-06
5.54217e-11
6.54521e-06
7.00669e-11
6.5452e-06
1.0271e-10
6.5452e-06
1.14716e-10
6.54519e-06
1.41389e-10
6.54518e-06
1.44044e-10
6.54517e-06
1.57727e-10
6.54517e-06
1.45761e-10
6.54516e-06
1.43236e-10
6.54516e-06
1.15122e-10
6.54515e-06
9.45663e-11
6.54515e-06
6.5446e-11
6.54515e-06
-1.03775e-12
6.54515e-06
-2.00128e-10
6.54516e-06
-4.94533e-10
-1.01891e-09
6.58097e-06
-1.87263e-10
6.58102e-06
1.48474e-09
6.58105e-06
1.53361e-09
6.58106e-06
4.23315e-10
6.58105e-06
-6.32944e-10
6.58106e-06
-3.48671e-10
6.58108e-06
2.19885e-11
6.58111e-06
1.45947e-10
6.58113e-06
1.40788e-10
6.58116e-06
5.5283e-11
6.58118e-06
-1.97382e-10
6.58118e-06
-6.14927e-10
6.58118e-06
-8.5461e-10
6.58117e-06
-7.88094e-10
6.58118e-06
-3.83523e-10
6.5812e-06
5.23796e-10
6.58125e-06
1.3453e-09
6.58129e-06
1.17301e-09
6.58131e-06
7.41853e-10
6.58132e-06
4.44155e-10
6.58133e-06
2.07088e-10
6.58133e-06
1.59632e-10
6.58134e-06
5.00071e-11
6.58134e-06
7.14516e-11
6.58134e-06
1.52476e-11
6.58134e-06
4.17364e-11
6.58133e-06
-6.1839e-12
6.58133e-06
3.54801e-11
6.58132e-06
-1.0117e-11
6.58131e-06
4.81431e-11
6.5813e-06
-1.48253e-11
6.58129e-06
2.98676e-11
6.58128e-06
-2.64868e-11
6.58126e-06
1.37769e-12
6.58124e-06
-3.03663e-11
6.58124e-06
2.05425e-10
6.58122e-06
-3.54792e-10
6.58117e-06
-9.67431e-10
6.58114e-06
-7.33904e-10
6.58112e-06
-3.06271e-10
6.58111e-06
-1.13323e-10
6.58109e-06
-1.13523e-10
6.58108e-06
-9.90741e-11
6.58106e-06
-1.25899e-10
6.58105e-06
-1.04845e-10
6.58104e-06
-1.21181e-10
6.58103e-06
-9.54199e-11
6.58102e-06
-1.16151e-10
6.58101e-06
-8.42678e-11
6.581e-06
-9.78171e-11
6.58099e-06
-6.85156e-11
6.58099e-06
-8.10329e-11
6.58098e-06
-5.25517e-11
6.58098e-06
-7.03413e-11
6.58098e-06
-4.5954e-11
6.58097e-06
-7.20002e-11
6.58097e-06
-5.38221e-11
6.58097e-06
-8.19364e-11
6.58097e-06
-5.96123e-11
6.58097e-06
-6.79808e-11
6.58097e-06
-4.51206e-11
6.58097e-06
-3.90469e-11
6.58097e-06
-1.13288e-11
6.58096e-06
-1.09729e-11
6.58096e-06
1.73858e-11
6.58096e-06
5.79437e-12
6.58096e-06
3.1525e-11
6.58096e-06
9.43913e-12
6.58096e-06
2.75646e-11
6.58096e-06
-3.56058e-12
6.58096e-06
9.03106e-12
6.58096e-06
-1.64575e-11
6.58097e-06
-1.68807e-11
6.58097e-06
-3.75526e-11
6.58097e-06
-3.98152e-11
6.58097e-06
-5.67162e-11
6.58098e-06
-5.2618e-11
6.58098e-06
-6.12002e-11
6.58098e-06
-4.82642e-11
6.58098e-06
-4.77389e-11
6.58099e-06
-2.57892e-11
6.58099e-06
-1.72524e-11
6.58098e-06
1.15372e-11
6.58098e-06
2.55654e-11
6.58098e-06
5.87567e-11
6.58097e-06
7.49826e-11
6.58097e-06
1.08149e-10
6.58096e-06
1.21448e-10
6.58095e-06
1.48209e-10
6.58095e-06
1.51491e-10
6.58094e-06
1.64545e-10
6.58093e-06
1.52391e-10
6.58093e-06
1.48455e-10
6.58092e-06
1.19479e-10
6.58092e-06
9.68947e-11
6.58092e-06
6.69674e-11
6.58092e-06
-1.63399e-12
6.58092e-06
-2.01939e-10
6.58093e-06
-4.98817e-10
-1.02813e-09
6.61183e-06
-2.38736e-10
6.61188e-06
1.4314e-09
6.61192e-06
1.49404e-09
6.61194e-06
4.12479e-10
6.61192e-06
-6.1871e-10
6.61193e-06
-3.59602e-10
6.61196e-06
-4.0549e-12
6.61199e-06
1.17917e-10
6.61202e-06
1.14852e-10
6.61204e-06
3.0219e-11
6.61206e-06
-2.19957e-10
6.61207e-06
-6.19586e-10
6.61206e-06
-8.45509e-10
6.61206e-06
-7.82079e-10
6.61206e-06
-3.91757e-10
6.61209e-06
4.96891e-10
6.61214e-06
1.2954e-09
6.61217e-06
1.1359e-09
6.61219e-06
7.19171e-10
6.61221e-06
4.29677e-10
6.61221e-06
1.99659e-10
6.61222e-06
1.5366e-10
6.61222e-06
4.76444e-11
6.61223e-06
6.89062e-11
6.61223e-06
1.55847e-11
6.61223e-06
4.17572e-11
6.61222e-06
-3.20565e-12
6.61222e-06
3.83363e-11
6.61221e-06
-2.89656e-12
6.6122e-06
5.56827e-11
6.61219e-06
-3.51398e-12
6.61218e-06
4.15053e-11
6.61217e-06
-1.10301e-11
6.61215e-06
1.64708e-11
6.61213e-06
-7.87843e-12
6.61212e-06
2.132e-10
6.6121e-06
-3.31601e-10
6.61205e-06
-9.18539e-10
6.61202e-06
-6.99359e-10
6.612e-06
-2.86451e-10
6.61198e-06
-9.71867e-11
6.61196e-06
-9.62565e-11
6.61195e-06
-8.20521e-11
6.61193e-06
-1.08779e-10
6.61192e-06
-8.92854e-11
6.6119e-06
-1.06175e-10
6.61189e-06
-8.25579e-11
6.61187e-06
-1.0398e-10
6.61186e-06
-7.38774e-11
6.61185e-06
-8.79843e-11
6.61185e-06
-6.0303e-11
6.61184e-06
-7.316e-11
6.61183e-06
-4.63453e-11
6.61183e-06
-6.45082e-11
6.61182e-06
-4.1919e-11
6.61182e-06
-6.82137e-11
6.61182e-06
-5.17591e-11
6.61181e-06
-7.98085e-11
6.61181e-06
-5.82268e-11
6.61181e-06
-6.63563e-11
6.61181e-06
-4.3667e-11
6.61181e-06
-3.73182e-11
6.61181e-06
-9.6406e-12
6.6118e-06
-8.94684e-12
6.6118e-06
1.88e-11
6.6118e-06
7.51828e-12
6.6118e-06
3.22447e-11
6.6118e-06
1.04587e-11
6.6118e-06
2.7268e-11
6.6118e-06
-3.70546e-12
6.6118e-06
7.8383e-12
6.6118e-06
-1.78854e-11
6.6118e-06
-1.91139e-11
6.61181e-06
-4.00377e-11
6.61181e-06
-4.27033e-11
6.61181e-06
-5.95392e-11
6.61182e-06
-5.54332e-11
6.61182e-06
-6.35409e-11
6.61182e-06
-5.02646e-11
6.61182e-06
-4.88872e-11
6.61182e-06
-2.62957e-11
6.61182e-06
-1.67038e-11
6.61182e-06
1.28978e-11
6.61182e-06
2.80779e-11
6.61181e-06
6.21089e-11
6.61181e-06
7.9448e-11
6.6118e-06
1.13343e-10
6.6118e-06
1.27496e-10
6.61179e-06
1.54574e-10
6.61179e-06
1.58137e-10
6.61178e-06
1.70855e-10
6.61177e-06
1.58269e-10
6.61177e-06
1.53328e-10
6.61176e-06
1.23324e-10
6.61176e-06
9.91845e-11
6.61176e-06
6.82873e-11
6.61176e-06
-1.93634e-12
6.61176e-06
-2.03454e-10
6.61176e-06
-5.00531e-10
-1.04566e-09
6.63773e-06
-3.03814e-10
6.63779e-06
1.37267e-09
6.63783e-06
1.45557e-09
6.63784e-06
3.97886e-10
6.63783e-06
-6.07526e-10
6.63785e-06
-3.7319e-10
6.63787e-06
-3.15541e-11
6.6379e-06
8.8423e-11
6.63793e-06
8.74818e-11
6.63796e-06
4.11564e-12
6.63798e-06
-2.4336e-10
6.63799e-06
-6.25277e-10
6.63798e-06
-8.39053e-10
6.63798e-06
-7.75717e-10
6.63798e-06
-4.00476e-10
6.63801e-06
4.72046e-10
6.63806e-06
1.24672e-09
6.63809e-06
1.09946e-09
6.63811e-06
6.96767e-10
6.63813e-06
4.1464e-10
6.63814e-06
1.92029e-10
6.63814e-06
1.46611e-10
6.63814e-06
4.49993e-11
6.63815e-06
6.53027e-11
6.63815e-06
1.5476e-11
6.63815e-06
4.08521e-11
6.63815e-06
-4.39471e-13
6.63814e-06
4.03547e-11
6.63814e-06
4.23953e-12
6.63813e-06
6.24579e-11
6.63812e-06
8.21261e-12
6.63811e-06
5.30358e-11
6.63809e-06
5.31873e-12
6.63808e-06
3.2098e-11
6.63805e-06
1.56375e-11
6.63804e-06
2.22481e-10
6.63802e-06
-3.06091e-10
6.63797e-06
-8.69151e-10
6.63793e-06
-6.63068e-10
6.63791e-06
-2.63931e-10
6.63789e-06
-7.85947e-11
6.63787e-06
-7.63214e-11
6.63785e-06
-6.28201e-11
6.63783e-06
-8.93252e-11
6.63782e-06
-7.178e-11
6.6378e-06
-8.9079e-11
6.63779e-06
-6.79339e-11
6.63777e-06
-8.98307e-11
6.63776e-06
-6.19537e-11
6.63775e-06
-7.64675e-11
6.63774e-06
-5.07736e-11
6.63773e-06
-6.38693e-11
6.63772e-06
-3.90498e-11
6.63771e-06
-5.74265e-11
6.63771e-06
-3.69295e-11
6.6377e-06
-6.32093e-11
6.6377e-06
-4.87447e-11
6.6377e-06
-7.64684e-11
6.6377e-06
-5.60276e-11
6.63769e-06
-6.37154e-11
6.63769e-06
-4.17308e-11
6.63769e-06
-3.49455e-11
6.63769e-06
-7.79218e-12
6.63768e-06
-6.62267e-12
6.63768e-06
2.02046e-11
6.63768e-06
9.39246e-12
6.63768e-06
3.28436e-11
6.63768e-06
1.16394e-11
6.63768e-06
2.69128e-11
6.63768e-06
-3.55867e-12
6.63768e-06
6.69386e-12
6.63768e-06
-1.89226e-11
6.63768e-06
-2.11682e-11
6.63769e-06
-4.20033e-11
6.63769e-06
-4.53113e-11
6.63769e-06
-6.17275e-11
6.63769e-06
-5.79218e-11
6.63769e-06
-6.52731e-11
6.6377e-06
-5.19529e-11
6.6377e-06
-4.95385e-11
6.6377e-06
-2.66619e-11
6.6377e-06
-1.58564e-11
6.6377e-06
1.41532e-11
6.63769e-06
3.0641e-11
6.63769e-06
6.50491e-11
6.63769e-06
8.36838e-11
6.63768e-06
1.17845e-10
6.63768e-06
1.33059e-10
6.63767e-06
1.60068e-10
6.63766e-06
1.64169e-10
6.63766e-06
1.76281e-10
6.63765e-06
1.63622e-10
6.63765e-06
1.57494e-10
6.63765e-06
1.26923e-10
6.63764e-06
1.01157e-10
6.63764e-06
6.97144e-11
6.63764e-06
-2.0515e-12
6.63764e-06
-2.04334e-10
6.63764e-06
-4.9954e-10
-1.07127e-09
6.65859e-06
-3.82405e-10
6.65865e-06
1.31098e-09
6.6587e-06
1.41345e-09
6.65871e-06
3.82663e-10
6.6587e-06
-5.99574e-10
6.65872e-06
-3.87505e-10
6.65875e-06
-5.9761e-11
6.65878e-06
5.8315e-11
6.65881e-06
5.94451e-11
6.65884e-06
-2.27599e-11
6.65886e-06
-2.66547e-10
6.65887e-06
-6.31126e-10
6.65886e-06
-8.32029e-10
6.65885e-06
-7.70449e-10
6.65886e-06
-4.07934e-10
6.65889e-06
4.46068e-10
6.65893e-06
1.19878e-09
6.65897e-06
1.06274e-09
6.65899e-06
6.73576e-10
6.659e-06
3.99227e-10
6.65901e-06
1.83461e-10
6.65902e-06
1.39474e-10
6.65902e-06
4.13327e-11
6.65903e-06
6.14849e-11
6.65903e-06
1.44558e-11
6.65903e-06
3.96952e-11
6.65903e-06
1.40909e-12
6.65903e-06
4.23042e-11
6.65902e-06
1.06825e-11
6.65901e-06
6.95967e-11
6.659e-06
1.94175e-11
6.65899e-06
6.51007e-11
6.65897e-06
2.16425e-11
6.65896e-06
4.88189e-11
6.65893e-06
3.95258e-11
6.65892e-06
2.33882e-10
6.65889e-06
-2.79203e-10
6.65885e-06
-8.18349e-10
6.65881e-06
-6.24587e-10
6.65878e-06
-2.39121e-10
6.65876e-06
-5.75859e-11
6.65874e-06
-5.44457e-11
6.65872e-06
-4.14304e-11
6.6587e-06
-6.80695e-11
6.65868e-06
-5.2313e-11
6.65866e-06
-7.03689e-11
6.65864e-06
-5.15465e-11
6.65863e-06
-7.43095e-11
6.65861e-06
-4.84079e-11
6.6586e-06
-6.36974e-11
6.65859e-06
-3.98545e-11
6.65858e-06
-5.35387e-11
6.65857e-06
-3.05712e-11
6.65856e-06
-4.94779e-11
6.65856e-06
-3.08434e-11
6.65855e-06
-5.74119e-11
6.65855e-06
-4.47023e-11
6.65854e-06
-7.24457e-11
6.65854e-06
-5.29015e-11
6.65854e-06
-6.05798e-11
6.65853e-06
-3.90334e-11
6.65853e-06
-3.22712e-11
6.65853e-06
-5.44822e-12
6.65853e-06
-4.19209e-12
6.65853e-06
2.18338e-11
6.65852e-06
1.11958e-11
6.65852e-06
3.35861e-11
6.65852e-06
1.26755e-11
6.65852e-06
2.66867e-11
6.65852e-06
-3.54441e-12
6.65852e-06
5.78964e-12
6.65852e-06
-1.99016e-11
6.65853e-06
-2.27731e-11
6.65853e-06
-4.36991e-11
6.65853e-06
-4.72849e-11
6.65853e-06
-6.35532e-11
6.65853e-06
-5.97144e-11
6.65853e-06
-6.66286e-11
6.65853e-06
-5.30606e-11
6.65854e-06
-4.99456e-11
6.65854e-06
-2.66224e-11
6.65853e-06
-1.49964e-11
6.65853e-06
1.5561e-11
6.65853e-06
3.29143e-11
6.65853e-06
6.78657e-11
6.65852e-06
8.7319e-11
6.65852e-06
1.21936e-10
6.65852e-06
1.37776e-10
6.65851e-06
1.64943e-10
6.65851e-06
1.69261e-10
6.6585e-06
1.81074e-10
6.6585e-06
1.68137e-10
6.65849e-06
1.6126e-10
6.65849e-06
1.30003e-10
6.65849e-06
1.03113e-10
6.65849e-06
7.10092e-11
6.65849e-06
-1.81899e-12
6.65849e-06
-2.0467e-10
6.65848e-06
-4.96192e-10
-1.10472e-09
6.67432e-06
-4.7129e-10
6.67438e-06
1.24669e-09
6.67442e-06
1.37389e-09
6.67444e-06
3.64713e-10
6.67443e-06
-5.93951e-10
6.67445e-06
-4.03842e-10
6.67448e-06
-8.88299e-11
6.67451e-06
2.73781e-11
6.67454e-06
3.06019e-11
6.67457e-06
-5.00627e-11
6.67459e-06
-2.89993e-10
6.6746e-06
-6.37482e-10
6.67459e-06
-8.27138e-10
6.67459e-06
-7.64757e-10
6.6746e-06
-4.15653e-10
6.67462e-06
4.22196e-10
6.67466e-06
1.15205e-09
6.6747e-06
1.0267e-09
6.67472e-06
6.50688e-10
6.67474e-06
3.83391e-10
6.67475e-06
1.74807e-10
6.67475e-06
1.31452e-10
6.67476e-06
3.75665e-11
6.67476e-06
5.68515e-11
6.67476e-06
1.31773e-11
6.67477e-06
3.78341e-11
6.67476e-06
3.17231e-12
6.67476e-06
4.35568e-11
6.67475e-06
1.70286e-11
6.67475e-06
7.59298e-11
6.67474e-06
3.08859e-11
6.67473e-06
7.6875e-11
6.67471e-06
3.85225e-11
6.67469e-06
6.57321e-11
6.67467e-06
6.40089e-11
6.67466e-06
2.46237e-10
6.67463e-06
-2.50672e-10
6.67458e-06
-7.6758e-10
6.67454e-06
-5.85036e-10
6.67451e-06
-2.12399e-10
6.67449e-06
-3.4901e-11
6.67447e-06
-3.06847e-11
6.67444e-06
-1.85581e-11
6.67442e-06
-4.51786e-11
6.6744e-06
-3.15247e-11
6.67438e-06
-5.01765e-11
6.67436e-06
-3.3937e-11
6.67434e-06
-5.73399e-11
6.67433e-06
-3.38174e-11
6.67432e-06
-4.97258e-11
6.6743e-06
-2.80515e-11
6.67429e-06
-4.22125e-11
6.67428e-06
-2.13684e-11
6.67427e-06
-4.06303e-11
6.67427e-06
-2.40915e-11
6.67426e-06
-5.06823e-11
6.67426e-06
-3.99373e-11
6.67425e-06
-6.74427e-11
6.67425e-06
-4.91658e-11
6.67424e-06
-5.66405e-11
6.67424e-06
-3.60463e-11
6.67424e-06
-2.91414e-11
6.67424e-06
-3.10472e-12
6.67423e-06
-1.61998e-12
6.67423e-06
2.3343e-11
6.67423e-06
1.30445e-11
6.67423e-06
3.41513e-11
6.67423e-06
1.38112e-11
6.67423e-06
2.63931e-11
6.67423e-06
-3.25201e-12
6.67423e-06
4.95141e-12
6.67423e-06
-2.04733e-11
6.67423e-06
-2.41577e-11
6.67423e-06
-4.48422e-11
6.67423e-06
-4.89354e-11
6.67423e-06
-6.47215e-11
6.67424e-06
-6.11633e-11
6.67424e-06
-6.73864e-11
6.67424e-06
-5.38727e-11
6.67424e-06
-4.99064e-11
6.67424e-06
-2.65043e-11
6.67424e-06
-1.39312e-11
6.67423e-06
1.67624e-11
6.67423e-06
3.51065e-11
6.67423e-06
7.01345e-11
6.67423e-06
9.05649e-11
6.67422e-06
1.25179e-10
6.67422e-06
1.41838e-10
6.67422e-06
1.68793e-10
6.67421e-06
1.73591e-10
6.67421e-06
1.84868e-10
6.6742e-06
1.72025e-10
6.6742e-06
1.6426e-10
6.6742e-06
1.32797e-10
6.6742e-06
1.04756e-10
6.6742e-06
7.24336e-11
6.67419e-06
-1.40603e-12
6.67419e-06
-2.04103e-10
6.67419e-06
-4.90592e-10
-1.14539e-09
6.6848e-06
-5.68575e-10
6.68487e-06
1.18317e-09
6.68491e-06
1.33241e-09
6.68492e-06
3.47095e-10
6.68492e-06
-5.9066e-10
6.68494e-06
-4.20215e-10
6.68497e-06
-1.17871e-10
6.685e-06
-3.43431e-12
6.68503e-06
1.78053e-12
6.68506e-06
-7.74942e-11
6.68508e-06
-3.12643e-10
6.68509e-06
-6.43469e-10
6.68508e-06
-8.21451e-10
6.68508e-06
-7.60055e-10
6.68508e-06
-4.22087e-10
6.68511e-06
3.97408e-10
6.68515e-06
1.10614e-09
6.68519e-06
9.90451e-10
6.68521e-06
6.27074e-10
6.68522e-06
3.67258e-10
6.68523e-06
1.65366e-10
6.68524e-06
1.23499e-10
6.68525e-06
3.30131e-11
6.68525e-06
5.22246e-11
6.68525e-06
1.12474e-11
6.68526e-06
3.59371e-11
6.68525e-06
4.22076e-12
6.68525e-06
4.48319e-11
6.68525e-06
2.27246e-11
6.68524e-06
8.25385e-11
6.68523e-06
4.16946e-11
6.68522e-06
8.89023e-11
6.6852e-06
5.50384e-11
6.68518e-06
8.32986e-11
6.68516e-06
8.84518e-11
6.68515e-06
2.60046e-10
6.68512e-06
-2.2162e-10
6.68507e-06
-7.16254e-10
6.68503e-06
-5.44162e-10
6.685e-06
-1.84272e-10
6.68497e-06
-1.07256e-11
6.68495e-06
-5.89444e-12
6.68492e-06
5.57449e-12
6.6849e-06
-2.13261e-11
6.68488e-06
-9.5714e-12
6.68486e-06
-2.90996e-11
6.68484e-06
-1.52557e-11
6.68482e-06
-3.96354e-11
6.68481e-06
-1.82203e-11
6.68479e-06
-3.50683e-11
6.68478e-06
-1.53978e-11
6.68477e-06
-3.03355e-11
6.68476e-06
-1.14406e-11
6.68475e-06
-3.13231e-11
6.68474e-06
-1.66206e-11
6.68473e-06
-4.3487e-11
6.68473e-06
-3.44535e-11
6.68472e-06
-6.20308e-11
6.68472e-06
-4.47739e-11
6.68471e-06
-5.24552e-11
6.68471e-06
-3.25343e-11
6.68471e-06
-2.59148e-11
6.6847e-06
-4.55864e-13
6.6847e-06
8.9997e-13
6.6847e-06
2.49366e-11
6.6847e-06
1.4718e-11
6.6847e-06
3.47701e-11
6.6847e-06
1.47486e-11
6.6847e-06
2.61826e-11
6.6847e-06
-3.11108e-12
6.6847e-06
4.33448e-12
6.6847e-06
-2.0986e-11
6.6847e-06
-2.50905e-11
6.6847e-06
-4.57052e-11
6.6847e-06
-4.995e-11
6.6847e-06
-6.5528e-11
6.6847e-06
-6.1936e-11
6.6847e-06
-6.77957e-11
6.6847e-06
-5.41553e-11
6.6847e-06
-4.9688e-11
6.6847e-06
-2.60694e-11
6.6847e-06
-1.29528e-11
6.6847e-06
1.79945e-11
6.6847e-06
3.68765e-11
6.6847e-06
7.21312e-11
6.68469e-06
9.30587e-11
6.68469e-06
1.27849e-10
6.68469e-06
1.44897e-10
6.68469e-06
1.71865e-10
6.68468e-06
1.76839e-10
6.68468e-06
1.87897e-10
6.68468e-06
1.7497e-10
6.68467e-06
1.66774e-10
6.68467e-06
1.35013e-10
6.68467e-06
1.0635e-10
6.68467e-06
7.37165e-11
6.68467e-06
-7.34782e-13
6.68467e-06
-2.0266e-10
6.68466e-06
-4.83381e-10
-1.19257e-09
6.68997e-06
-6.6913e-10
6.69003e-06
1.12123e-09
6.69007e-06
1.29483e-09
6.69008e-06
3.28185e-10
6.69008e-06
-5.88643e-10
6.6901e-06
-4.37671e-10
6.69013e-06
-1.46933e-10
6.69016e-06
-3.42573e-11
6.69019e-06
-2.71337e-11
6.69022e-06
-1.04784e-10
6.69024e-06
-3.35028e-10
6.69025e-06
-6.49487e-10
6.69024e-06
-8.1749e-10
6.69024e-06
-7.54895e-10
6.69024e-06
-4.28589e-10
6.69027e-06
3.74736e-10
6.69031e-06
1.06158e-09
6.69035e-06
9.5498e-10
6.69037e-06
6.03797e-10
6.69038e-06
3.5082e-10
6.69039e-06
1.55926e-10
6.6904e-06
1.14871e-10
6.69041e-06
2.85479e-11
6.69041e-06
4.70768e-11
6.69041e-06
9.30296e-12
6.69042e-06
3.36146e-11
6.69041e-06
5.3552e-12
6.69041e-06
4.55793e-11
6.69041e-06
2.83082e-11
6.6904e-06
8.82981e-11
6.69039e-06
5.25431e-11
6.69038e-06
1.00368e-10
6.69036e-06
7.16481e-11
6.69035e-06
1.00661e-10
6.69032e-06
1.13104e-10
6.69031e-06
2.7415e-10
6.69028e-06
-1.92185e-10
6.69023e-06
-6.66174e-10
6.69019e-06
-5.03269e-10
6.69016e-06
-1.55216e-10
6.69013e-06
1.41567e-11
6.69011e-06
1.97568e-11
6.69008e-06
3.01944e-11
6.69006e-06
3.17585e-12
6.69004e-06
1.28013e-11
6.69002e-06
-7.41034e-12
6.69e-06
3.86553e-12
6.68998e-06
-2.1244e-11
6.68996e-06
-2.27086e-12
6.68995e-06
-1.98838e-11
6.68993e-06
-2.46014e-12
6.68992e-06
-1.8035e-11
6.68991e-06
-1.29129e-12
6.6899e-06
-2.15996e-11
6.68989e-06
-8.89806e-12
6.68989e-06
-3.57612e-11
6.68988e-06
-2.8582e-11
6.68987e-06
-5.59763e-11
6.68987e-06
-4.00625e-11
6.68986e-06
-4.77591e-11
6.68986e-06
-2.89868e-11
6.68986e-06
-2.24639e-11
6.68986e-06
1.99364e-12
6.68985e-06
3.37332e-12
6.68985e-06
2.62765e-11
6.68985e-06
1.63051e-11
6.68985e-06
3.51287e-11
6.68985e-06
1.5696e-11
6.68985e-06
2.58653e-11
6.68985e-06
-2.75039e-12
6.68985e-06
3.7608e-12
6.68985e-06
-2.11253e-11
6.68985e-06
-2.58158e-11
6.68985e-06
-4.60365e-11
6.68985e-06
-5.06555e-11
6.68985e-06
-6.57097e-11
6.68985e-06
-6.24023e-11
6.68985e-06
-6.7668e-11
6.68985e-06
-5.42047e-11
6.68985e-06
-4.91115e-11
6.68985e-06
-2.56474e-11
6.68985e-06
-1.18849e-11
6.68985e-06
1.8904e-11
6.68985e-06
3.84241e-11
6.68985e-06
7.3443e-11
6.68984e-06
9.50097e-11
6.68984e-06
1.29522e-10
6.68984e-06
1.47143e-10
6.68984e-06
1.73765e-10
6.68984e-06
1.79177e-10
6.68983e-06
1.898e-10
6.68983e-06
1.77168e-10
6.68983e-06
1.68428e-10
6.68983e-06
1.36846e-10
6.68983e-06
1.07585e-10
6.68983e-06
7.50709e-11
6.68982e-06
-8.39251e-14
6.68982e-06
-1.99917e-10
6.68981e-06
-4.7504e-10
-1.24505e-09
6.68976e-06
-7.72014e-10
6.68982e-06
1.06219e-09
6.68986e-06
1.25703e-09
6.68988e-06
3.10964e-10
6.68988e-06
-5.87495e-10
6.68989e-06
-4.54031e-10
6.68992e-06
-1.74991e-10
6.68995e-06
-6.4104e-11
6.68998e-06
-5.52555e-11
6.69001e-06
-1.31496e-10
6.69003e-06
-3.56293e-10
6.69004e-06
-6.54955e-10
6.69003e-06
-8.12383e-10
6.69003e-06
-7.50272e-10
6.69003e-06
-4.33807e-10
6.69005e-06
3.51229e-10
6.6901e-06
1.01775e-09
6.69013e-06
9.19372e-10
6.69015e-06
5.79955e-10
6.69017e-06
3.34232e-10
6.69018e-06
1.45915e-10
6.69019e-06
1.06492e-10
6.69019e-06
2.36104e-11
6.6902e-06
4.21923e-11
6.6902e-06
6.9904e-12
6.6902e-06
3.14638e-11
6.6902e-06
5.96262e-12
6.6902e-06
4.64109e-11
6.6902e-06
3.32613e-11
6.69019e-06
9.41688e-11
6.69018e-06
6.25637e-11
6.69017e-06
1.11717e-10
6.69015e-06
8.7447e-11
6.69014e-06
1.18015e-10
6.69011e-06
1.36971e-10
6.6901e-06
2.88901e-10
6.69007e-06
-1.62892e-10
6.69002e-06
-6.16391e-10
6.68998e-06
-4.62199e-10
6.68995e-06
-1.25939e-10
6.68993e-06
3.93772e-11
6.6899e-06
4.53416e-11
6.68987e-06
5.49761e-11
6.68985e-06
2.76034e-11
6.68983e-06
3.53355e-11
6.68981e-06
1.42274e-11
6.68979e-06
2.31627e-11
6.68977e-06
-2.93126e-12
6.68975e-06
1.38937e-11
6.68974e-06
-4.72511e-12
6.68972e-06
1.06547e-11
6.68971e-06
-5.79399e-12
6.6897e-06
9.01035e-12
6.68969e-06
-1.19282e-11
6.68968e-06
-9.38867e-13
6.68968e-06
-2.79987e-11
6.68967e-06
-2.23995e-11
6.68966e-06
-4.98627e-11
6.68966e-06
-3.5045e-11
6.68965e-06
-4.31086e-11
6.68965e-06
-2.51836e-11
6.68965e-06
-1.91599e-11
6.68964e-06
4.53256e-12
6.68964e-06
5.62092e-12
6.68964e-06
2.75387e-11
6.68964e-06
1.75926e-11
6.68964e-06
3.54251e-11
6.68964e-06
1.63613e-11
6.68964e-06
2.55456e-11
6.68964e-06
-2.58924e-12
6.68964e-06
3.34051e-12
6.68964e-06
-2.12488e-11
6.68964e-06
-2.61398e-11
6.68964e-06
-4.61348e-11
6.68964e-06
-5.078e-11
6.68964e-06
-6.55865e-11
6.68964e-06
-6.22594e-11
6.68964e-06
-6.72627e-11
6.68964e-06
-5.38122e-11
6.68964e-06
-4.84464e-11
6.68964e-06
-2.50146e-11
6.68964e-06
-1.10141e-11
6.68964e-06
1.97197e-11
6.68964e-06
3.94257e-11
6.68963e-06
7.43466e-11
6.68963e-06
9.60723e-11
6.68963e-06
1.3048e-10
6.68963e-06
1.48246e-10
6.68963e-06
1.74748e-10
6.68963e-06
1.80301e-10
6.68963e-06
1.9081e-10
6.68963e-06
1.78303e-10
6.68963e-06
1.6948e-10
6.68962e-06
1.38006e-10
6.68962e-06
1.08662e-10
6.68962e-06
7.62057e-11
6.68962e-06
8.59172e-13
6.68962e-06
-1.96691e-10
6.68961e-06
-4.65121e-10
-1.29873e-09
6.6842e-06
-8.73843e-10
6.68426e-06
1.00483e-09
6.68429e-06
1.22499e-09
6.68431e-06
2.93958e-10
6.68431e-06
-5.86062e-10
6.68432e-06
-4.70055e-10
6.68435e-06
-2.02001e-10
6.68438e-06
-9.30831e-11
6.68441e-06
-8.26337e-11
6.68443e-06
-1.57257e-10
6.68445e-06
-3.77035e-10
6.68446e-06
-6.60546e-10
6.68446e-06
-8.08418e-10
6.68445e-06
-7.44703e-10
6.68445e-06
-4.38912e-10
6.68448e-06
3.29638e-10
6.68452e-06
9.7501e-10
6.68455e-06
8.84522e-10
6.68458e-06
5.56643e-10
6.68459e-06
3.1761e-10
6.6846e-06
1.36153e-10
6.68461e-06
9.77516e-11
6.68461e-06
1.90329e-11
6.68462e-06
3.70958e-11
6.68462e-06
4.88976e-12
6.68462e-06
2.91e-11
6.68462e-06
6.7605e-12
6.68462e-06
4.68251e-11
6.68462e-06
3.80653e-11
6.68461e-06
9.90979e-11
6.6846e-06
7.23543e-11
6.68459e-06
1.22171e-10
6.68458e-06
1.02808e-10
6.68456e-06
1.3434e-10
6.68454e-06
1.59785e-10
6.68452e-06
3.03071e-10
6.68449e-06
-1.33355e-10
6.68445e-06
-5.68049e-10
6.68441e-06
-4.22147e-10
6.68438e-06
-9.70767e-11
6.68435e-06
6.40651e-11
6.68433e-06
7.06077e-11
6.6843e-06
7.91493e-11
6.68428e-06
5.16087e-11
6.68426e-06
5.72755e-11
6.68424e-06
3.54767e-11
6.68422e-06
4.19764e-11
6.6842e-06
1.51885e-11
6.68418e-06
2.96216e-11
6.68417e-06
1.02137e-11
6.68416e-06
2.3371e-11
6.68414e-06
6.21728e-12
6.68413e-06
1.89513e-11
6.68413e-06
-2.38864e-12
6.68412e-06
6.78512e-12
6.68411e-06
-2.01895e-11
6.6841e-06
-1.62454e-11
6.6841e-06
-4.3501e-11
6.68409e-06
-3.00373e-11
6.68409e-06
-3.823e-11
6.68408e-06
-2.15997e-11
6.68408e-06
-1.58903e-11
6.68408e-06
6.66411e-12
6.68408e-06
7.63378e-12
6.68408e-06
2.83934e-11
6.68407e-06
1.86516e-11
6.68407e-06
3.53572e-11
6.68407e-06
1.69125e-11
6.68407e-06
2.5034e-11
6.68407e-06
-2.29482e-12
6.68407e-06
2.91056e-12
6.68407e-06
-2.1062e-11
6.68407e-06
-2.6314e-11
6.68407e-06
-4.57731e-11
6.68407e-06
-5.06606e-11
6.68407e-06
-6.4915e-11
6.68407e-06
-6.18813e-11
6.68407e-06
-6.64065e-11
6.68407e-06
-5.32689e-11
6.68407e-06
-4.75182e-11
6.68407e-06
-2.44872e-11
6.68407e-06
-1.01622e-11
6.68407e-06
2.01076e-11
6.68407e-06
4.0097e-11
6.68407e-06
7.44541e-11
6.68407e-06
9.64677e-11
6.68407e-06
1.30323e-10
6.68407e-06
1.4841e-10
6.68407e-06
1.74444e-10
6.68407e-06
1.80385e-10
6.68407e-06
1.90581e-10
6.68407e-06
1.78567e-10
6.68407e-06
1.69558e-10
6.68407e-06
1.38681e-10
6.68407e-06
1.09234e-10
6.68407e-06
7.73125e-11
6.68406e-06
2.07103e-12
6.68406e-06
-1.93348e-10
6.68405e-06
-4.52927e-10
-1.34957e-09
6.67333e-06
-9.71638e-10
6.67338e-06
9.52712e-10
6.67341e-06
1.19425e-09
6.67343e-06
2.79939e-10
6.67342e-06
-5.84091e-10
6.67344e-06
-4.83874e-10
6.67346e-06
-2.27061e-10
6.67349e-06
-1.20262e-10
6.67352e-06
-1.08478e-10
6.67354e-06
-1.81771e-10
6.67356e-06
-3.96352e-10
6.67357e-06
-6.65386e-10
6.67357e-06
-8.02974e-10
6.67356e-06
-7.3924e-10
6.67356e-06
-4.42725e-10
6.67358e-06
3.07273e-10
6.67363e-06
9.32921e-10
6.67366e-06
8.49632e-10
6.67368e-06
5.32933e-10
6.6737e-06
3.00982e-10
6.67371e-06
1.26023e-10
6.67372e-06
8.94234e-11
6.67372e-06
1.42848e-11
6.67373e-06
3.25084e-11
6.67373e-06
2.6977e-12
6.67373e-06
2.71172e-11
6.67373e-06
7.22633e-12
6.67373e-06
4.7399e-11
6.67372e-06
4.22691e-11
6.67372e-06
1.03974e-10
6.67371e-06
8.11599e-11
6.6737e-06
1.32143e-10
6.67369e-06
1.16908e-10
6.67367e-06
1.50013e-10
6.67365e-06
1.81119e-10
6.67364e-06
3.17064e-10
6.67361e-06
-1.0473e-10
6.67356e-06
-5.20914e-10
6.67352e-06
-3.83024e-10
6.67349e-06
-6.91122e-11
6.67347e-06
8.79899e-11
6.67345e-06
9.47445e-11
6.67342e-06
1.02403e-10
6.6734e-06
7.45097e-11
6.67338e-06
7.83723e-11
6.67336e-06
5.57328e-11
6.67334e-06
6.00625e-11
6.67332e-06
3.24089e-11
6.67331e-06
4.47666e-11
6.67329e-06
2.44117e-11
6.67328e-06
3.55922e-11
6.67327e-06
1.7562e-11
6.67326e-06
2.84753e-11
6.67325e-06
6.58848e-12
6.67325e-06
1.42643e-11
6.67324e-06
-1.27704e-11
6.67323e-06
-1.01851e-11
6.67323e-06
-3.74258e-11
6.67322e-06
-2.50659e-11
6.67322e-06
-3.36807e-11
6.67321e-06
-1.8015e-11
6.67321e-06
-1.29925e-11
6.67321e-06
8.688e-12
6.67321e-06
9.26342e-12
6.67321e-06
2.90243e-11
6.6732e-06
1.92991e-11
6.67321e-06
3.51189e-11
6.67321e-06
1.71011e-11
6.67321e-06
2.4433e-11
6.67321e-06
-2.2546e-12
6.67321e-06
2.55203e-12
6.67321e-06
-2.09201e-11
6.67321e-06
-2.61555e-11
6.6732e-06
-4.52445e-11
6.6732e-06
-5.00327e-11
6.6732e-06
-6.40111e-11
6.6732e-06
-6.097e-11
6.6732e-06
-6.53482e-11
6.6732e-06
-5.23689e-11
6.6732e-06
-4.65825e-11
6.6732e-06
-2.38371e-11
6.6732e-06
-9.59391e-12
6.6732e-06
2.03085e-11
6.6732e-06
4.01334e-11
6.6732e-06
7.40576e-11
6.6732e-06
9.58808e-11
6.6732e-06
1.29351e-10
6.6732e-06
1.47332e-10
6.6732e-06
1.73118e-10
6.6732e-06
1.79151e-10
6.6732e-06
1.89346e-10
6.67321e-06
1.77653e-10
6.67321e-06
1.68913e-10
6.67321e-06
1.38565e-10
6.67321e-06
1.09513e-10
6.67321e-06
7.80834e-11
6.6732e-06
3.51073e-12
6.6732e-06
-1.89927e-10
6.67319e-06
-4.39268e-10
-1.3965e-09
6.65724e-06
-1.06132e-09
6.65729e-06
9.06361e-10
6.65731e-06
1.17063e-09
6.65733e-06
2.67491e-10
6.65732e-06
-5.80851e-10
6.65734e-06
-4.96505e-10
6.65736e-06
-2.50315e-10
6.65739e-06
-1.45837e-10
6.65741e-06
-1.32934e-10
6.65743e-06
-2.04804e-10
6.65745e-06
-4.14656e-10
6.65746e-06
-6.69901e-10
6.65745e-06
-7.98353e-10
6.65745e-06
-7.32841e-10
6.65745e-06
-4.46271e-10
6.65747e-06
2.86872e-10
6.65751e-06
8.9209e-10
6.65754e-06
8.15653e-10
6.65757e-06
5.09835e-10
6.65758e-06
2.84458e-10
6.65759e-06
1.16239e-10
6.6576e-06
8.09086e-11
6.6576e-06
1.0077e-11
6.65761e-06
2.79702e-11
6.65761e-06
9.46085e-13
6.65761e-06
2.51803e-11
6.65761e-06
8.05769e-12
6.65761e-06
4.77335e-11
6.65761e-06
4.63424e-11
6.6576e-06
1.07866e-10
6.65759e-06
8.95568e-11
6.65758e-06
1.40964e-10
6.65757e-06
1.3013e-10
6.65756e-06
1.64253e-10
6.65754e-06
2.01003e-10
6.65753e-06
3.29824e-10
6.6575e-06
-7.70585e-11
6.65745e-06
-4.76405e-10
6.65742e-06
-3.45943e-10
6.65739e-06
-4.25113e-11
6.65737e-06
1.10445e-10
6.65735e-06
1.17577e-10
6.65732e-06
1.24073e-10
6.6573e-06
9.60174e-11
6.65728e-06
9.79685e-11
6.65726e-06
7.47211e-11
6.65725e-06
7.68608e-11
6.65723e-06
4.86608e-11
6.65722e-06
5.87614e-11
6.6572e-06
3.77111e-11
6.65719e-06
4.68139e-11
6.65718e-06
2.81137e-11
6.65717e-06
3.7141e-11
6.65716e-06
1.49581e-11
6.65716e-06
2.1091e-11
6.65715e-06
-5.70888e-12
6.65714e-06
-4.49967e-12
6.65714e-06
-3.14403e-11
6.65713e-06
-2.03972e-11
6.65713e-06
-2.91749e-11
6.65713e-06
-1.48795e-11
6.65712e-06
-1.03177e-11
6.65712e-06
1.01455e-11
6.65712e-06
1.05143e-11
6.65712e-06
2.91481e-11
6.65712e-06
1.96177e-11
6.65712e-06
3.44495e-11
6.65712e-06
1.70957e-11
6.65712e-06
2.35923e-11
6.65712e-06
-2.1499e-12
6.65712e-06
2.12654e-12
6.65712e-06
-2.05346e-11
6.65712e-06
-2.59073e-11
6.65712e-06
-4.43199e-11
6.65712e-06
-4.92247e-11
6.65712e-06
-6.26271e-11
6.65712e-06
-5.98924e-11
6.65712e-06
-6.39117e-11
6.65711e-06
-5.13847e-11
6.65711e-06
-4.5452e-11
6.65711e-06
-2.33539e-11
6.65711e-06
-9.10696e-12
6.65711e-06
2.00259e-11
6.65711e-06
3.97798e-11
6.65711e-06
7.28107e-11
6.65712e-06
9.45724e-11
6.65712e-06
1.27209e-10
6.65712e-06
1.45254e-10
6.65712e-06
1.70442e-10
6.65713e-06
1.76805e-10
6.65713e-06
1.86794e-10
6.65713e-06
1.75778e-10
6.65713e-06
1.67194e-10
6.65713e-06
1.3784e-10
6.65713e-06
1.09175e-10
6.65713e-06
7.8688e-11
6.65713e-06
4.90425e-12
6.65713e-06
-1.86141e-10
6.65711e-06
-4.24492e-10
-1.43863e-09
6.63605e-06
-1.1417e-09
6.63608e-06
8.69047e-10
6.6361e-06
1.14995e-09
6.63611e-06
2.5884e-10
6.63611e-06
-5.76315e-10
6.63612e-06
-5.06356e-10
6.63614e-06
-2.70995e-10
6.63616e-06
-1.68987e-10
6.63619e-06
-1.55266e-10
6.63621e-06
-2.26009e-10
6.63623e-06
-4.31012e-10
6.63623e-06
-6.73188e-10
6.63622e-06
-7.92138e-10
6.63622e-06
-7.26466e-10
6.63622e-06
-4.48549e-10
6.63624e-06
2.65962e-10
6.63628e-06
8.52039e-10
6.63631e-06
7.8179e-10
6.63633e-06
4.86484e-10
6.63635e-06
2.68036e-10
6.63636e-06
1.06243e-10
6.63637e-06
7.29064e-11
6.63637e-06
5.90733e-12
6.63638e-06
2.41089e-11
6.63638e-06
-6.63596e-13
6.63638e-06
2.38126e-11
6.63638e-06
8.76639e-12
6.63638e-06
4.83245e-11
6.63637e-06
4.99044e-11
6.63637e-06
1.11629e-10
6.63636e-06
9.68916e-11
6.63635e-06
1.49047e-10
6.63634e-06
1.4179e-10
6.63633e-06
1.77399e-10
6.63631e-06
2.18989e-10
6.6363e-06
3.4172e-10
6.63627e-06
-5.11202e-11
6.63623e-06
-4.33953e-10
6.6362e-06
-3.1062e-10
6.63617e-06
-1.76291e-11
6.63615e-06
1.31267e-10
6.63613e-06
1.38429e-10
6.63611e-06
1.43951e-10
6.63609e-06
1.15598e-10
6.63607e-06
1.15915e-10
6.63606e-06
9.19715e-11
6.63604e-06
9.22078e-11
6.63603e-06
6.33549e-11
6.63601e-06
7.1528e-11
6.636e-06
4.96946e-11
6.63599e-06
5.6999e-11
6.63598e-06
3.7521e-11
6.63597e-06
4.49375e-11
6.63597e-06
2.23652e-11
6.63596e-06
2.72874e-11
6.63595e-06
6.29034e-13
6.63595e-06
7.63152e-13
6.63594e-06
-2.60194e-11
6.63594e-06
-1.604e-11
6.63594e-06
-2.52313e-11
6.63593e-06
-1.1938e-11
6.63593e-06
-8.1714e-12
6.63593e-06
1.13651e-11
6.63593e-06
1.12848e-11
6.63593e-06
2.8958e-11
6.63593e-06
1.94656e-11
6.63593e-06
3.35439e-11
6.63593e-06
1.66914e-11
6.63593e-06
2.26075e-11
6.63593e-06
-2.33283e-12
6.63593e-06
1.70701e-12
6.63593e-06
-2.02478e-11
6.63593e-06
-2.53892e-11
6.63593e-06
-4.32935e-11
6.63593e-06
-4.79765e-11
6.63593e-06
-6.10805e-11
6.63593e-06
-5.83468e-11
6.63592e-06
-6.23326e-11
6.63592e-06
-5.01025e-11
6.63592e-06
-4.43642e-11
6.63592e-06
-2.27929e-11
6.63592e-06
-8.93926e-12
6.63592e-06
1.95251e-11
6.63592e-06
3.87641e-11
6.63592e-06
7.10391e-11
6.63593e-06
9.22638e-11
6.63593e-06
1.24236e-10
6.63593e-06
1.41917e-10
6.63594e-06
1.6672e-10
6.63594e-06
1.73107e-10
6.63594e-06
1.83187e-10
6.63595e-06
1.72663e-10
6.63595e-06
1.64669e-10
6.63595e-06
1.36221e-10
6.63595e-06
1.08429e-10
6.63595e-06
7.88322e-11
6.63595e-06
6.27891e-12
6.63595e-06
-1.82136e-10
6.63593e-06
-4.09099e-10
-1.47542e-09
6.60984e-06
-1.21045e-09
6.60987e-06
8.40214e-10
6.60989e-06
1.1378e-09
6.60989e-06
2.52565e-10
6.60989e-06
-5.69969e-10
6.60989e-06
-5.14521e-10
6.60991e-06
-2.89386e-10
6.60993e-06
-1.90024e-10
6.60995e-06
-1.75694e-10
6.60997e-06
-2.4522e-10
6.60999e-06
-4.45822e-10
6.60999e-06
-6.75657e-10
6.60999e-06
-7.86361e-10
6.60998e-06
-7.19084e-10
6.60998e-06
-4.50393e-10
6.61e-06
2.47065e-10
6.61004e-06
8.13346e-10
6.61007e-06
7.48943e-10
6.61009e-06
4.6386e-10
6.61011e-06
2.51878e-10
6.61012e-06
9.6706e-11
6.61012e-06
6.48734e-11
6.61013e-06
2.37736e-12
6.61013e-06
2.04611e-11
6.61013e-06
-1.68317e-12
6.61013e-06
2.26713e-11
6.61013e-06
9.97857e-12
6.61013e-06
4.88294e-11
6.61013e-06
5.33943e-11
6.61012e-06
1.1445e-10
6.61012e-06
1.03703e-10
6.61011e-06
1.55831e-10
6.6101e-06
1.52291e-10
6.61009e-06
1.88776e-10
6.61007e-06
2.35091e-10
6.61006e-06
3.51838e-10
6.61004e-06
-2.68027e-11
6.61e-06
-3.94667e-10
6.60997e-06
-2.77961e-10
6.60995e-06
5.18222e-12
6.60993e-06
1.49903e-10
6.60991e-06
1.57244e-10
6.60989e-06
1.61552e-10
6.60987e-06
1.33097e-10
6.60986e-06
1.31717e-10
6.60984e-06
1.07322e-10
6.60983e-06
1.05683e-10
6.60982e-06
7.65097e-11
6.6098e-06
8.26343e-11
6.60979e-06
6.02895e-11
6.60979e-06
6.57486e-11
6.60978e-06
4.57282e-11
6.60977e-06
5.15156e-11
6.60976e-06
2.88222e-11
6.60976e-06
3.25259e-11
6.60975e-06
6.3062e-12
6.60975e-06
5.38664e-12
6.60974e-06
-2.09456e-11
6.60974e-06
-1.21901e-11
6.60974e-06
-2.1514e-11
6.60973e-06
-9.59631e-12
6.60973e-06
-6.36197e-12
6.60973e-06
1.19317e-11
6.60973e-06
1.16043e-11
6.60973e-06
2.82189e-11
6.60973e-06
1.89425e-11
6.60973e-06
3.21841e-11
6.60973e-06
1.60557e-11
6.60974e-06
2.13618e-11
6.60974e-06
-2.49601e-12
6.60974e-06
1.19028e-12
6.60974e-06
-1.97661e-11
6.60973e-06
-2.48339e-11
6.60973e-06
-4.19288e-11
6.60973e-06
-4.66085e-11
6.60973e-06
-5.91114e-11
6.60973e-06
-5.66908e-11
6.60973e-06
-6.04244e-11
6.60973e-06
-4.87743e-11
6.60972e-06
-4.31102e-11
6.60972e-06
-2.24143e-11
6.60972e-06
-8.85715e-12
6.60972e-06
1.85487e-11
6.60973e-06
3.73764e-11
6.60973e-06
6.84425e-11
6.60973e-06
8.92677e-11
6.60974e-06
1.20127e-10
6.60974e-06
1.37616e-10
6.60974e-06
1.61676e-10
6.60975e-06
1.68314e-10
6.60975e-06
1.78261e-10
6.60976e-06
1.68564e-10
6.60976e-06
1.61022e-10
6.60976e-06
1.3392e-10
6.60977e-06
1.06969e-10
6.60977e-06
7.8698e-11
6.60976e-06
7.40289e-12
6.60976e-06
-1.77726e-10
6.60974e-06
-3.93187e-10
-1.50653e-09
6.57872e-06
-1.26788e-09
6.57873e-06
8.22297e-10
6.57874e-06
1.12966e-09
6.57874e-06
2.50515e-10
6.57873e-06
-5.61894e-10
6.57874e-06
-5.19622e-10
6.57876e-06
-3.04863e-10
6.57878e-06
-2.08245e-10
6.57879e-06
-1.93558e-10
6.57881e-06
-2.62099e-10
6.57882e-06
-4.5821e-10
6.57883e-06
-6.76378e-10
6.57882e-06
-7.78646e-10
6.57881e-06
-7.11419e-10
6.57881e-06
-4.50884e-10
6.57883e-06
2.27879e-10
6.57887e-06
7.75459e-10
6.5789e-06
7.16337e-10
6.57892e-06
4.41151e-10
6.57893e-06
2.35949e-10
6.57894e-06
8.7102e-11
6.57895e-06
5.74041e-11
6.57895e-06
-9.7954e-13
6.57896e-06
1.75634e-11
6.57896e-06
-2.42978e-12
6.57896e-06
2.22016e-11
6.57896e-06
1.12089e-11
6.57896e-06
4.96532e-11
6.57895e-06
5.64627e-11
6.57895e-06
1.17105e-10
6.57894e-06
1.09448e-10
6.57894e-06
1.61729e-10
6.57893e-06
1.61062e-10
6.57892e-06
1.98755e-10
6.57891e-06
2.48987e-10
6.5789e-06
3.60586e-10
6.57888e-06
-4.66493e-12
6.57884e-06
-3.57854e-10
6.57881e-06
-2.47561e-10
6.57879e-06
2.57205e-11
6.57877e-06
1.66317e-10
6.57876e-06
1.73526e-10
6.57874e-06
1.76799e-10
6.57873e-06
1.4815e-10
6.57871e-06
1.45353e-10
6.5787e-06
1.20461e-10
6.57869e-06
1.17236e-10
6.57868e-06
8.76843e-11
6.57867e-06
9.20863e-11
6.57866e-06
6.9199e-11
6.57865e-06
7.3112e-11
6.57865e-06
5.24882e-11
6.57864e-06
5.69347e-11
6.57863e-06
3.40637e-11
6.57863e-06
3.6881e-11
6.57863e-06
1.1039e-11
6.57862e-06
9.36228e-12
6.57862e-06
-1.66155e-11
6.57861e-06
-8.83428e-12
6.57861e-06
-1.84983e-11
6.57861e-06
-7.55183e-12
6.57861e-06
-5.15391e-12
6.57861e-06
1.22138e-11
6.57861e-06
1.14237e-11
6.57861e-06
2.71467e-11
6.57861e-06
1.795e-11
6.57861e-06
3.05772e-11
6.57861e-06
1.50303e-11
6.57861e-06
1.99549e-11
6.57861e-06
-2.94913e-12
6.57861e-06
6.37441e-13
6.57861e-06
-1.94203e-11
6.57861e-06
-2.40589e-11
6.57861e-06
-4.05201e-11
6.57861e-06
-4.4859e-11
6.57861e-06
-5.70386e-11
6.57861e-06
-5.46147e-11
6.5786e-06
-5.84114e-11
6.5786e-06
-4.71751e-11
6.5786e-06
-4.19097e-11
6.5786e-06
-2.1953e-11
6.5786e-06
-9.07236e-12
6.5786e-06
1.73917e-11
6.5786e-06
3.53773e-11
6.57861e-06
6.5388e-11
6.57861e-06
8.53461e-11
6.57862e-06
1.15272e-10
6.57862e-06
1.32139e-10
6.57863e-06
1.55664e-10
6.57863e-06
1.62233e-10
6.57864e-06
1.7232e-10
6.57864e-06
1.63239e-10
6.57865e-06
1.56554e-10
6.57865e-06
1.30676e-10
6.57865e-06
1.05021e-10
6.57866e-06
7.80089e-11
6.57865e-06
8.33944e-12
6.57865e-06
-1.73117e-10
6.57863e-06
-3.77013e-10
-1.5319e-09
6.5427e-06
-1.31307e-09
6.5427e-06
8.13571e-10
6.5427e-06
1.13066e-09
6.5427e-06
2.51204e-10
6.54269e-06
-5.51774e-10
6.5427e-06
-5.22786e-10
6.54271e-06
-3.17804e-10
6.54273e-06
-2.2403e-10
6.54274e-06
-2.09122e-10
6.54276e-06
-2.76524e-10
6.54277e-06
-4.6855e-10
6.54277e-06
-6.7572e-10
6.54276e-06
-7.70761e-10
6.54275e-06
-7.02441e-10
6.54275e-06
-4.50642e-10
6.54277e-06
2.10754e-10
6.5428e-06
7.38955e-10
6.54283e-06
6.84839e-10
6.54285e-06
4.19306e-10
6.54287e-06
2.20456e-10
6.54288e-06
7.80598e-11
6.54288e-06
4.99989e-11
6.54289e-06
-3.65428e-12
6.54289e-06
1.49482e-11
6.54289e-06
-2.54771e-12
6.54289e-06
2.20381e-11
6.54289e-06
1.29882e-11
6.54289e-06
5.04782e-11
6.54288e-06
5.94874e-11
6.54288e-06
1.18851e-10
6.54288e-06
1.14623e-10
6.54287e-06
1.66258e-10
6.54287e-06
1.68496e-10
6.54286e-06
2.0676e-10
6.54285e-06
2.60712e-10
6.54284e-06
3.67182e-10
6.54282e-06
1.5464e-11
6.54279e-06
-3.24429e-10
6.54276e-06
-2.20164e-10
6.54274e-06
4.37447e-11
6.54273e-06
1.80105e-10
6.54272e-06
1.87333e-10
6.5427e-06
1.89365e-10
6.54269e-06
1.60726e-10
6.54268e-06
1.56483e-10
6.54267e-06
1.31337e-10
6.54266e-06
1.26585e-10
6.54265e-06
9.69914e-11
6.54264e-06
9.95848e-11
6.54263e-06
7.64408e-11
6.54263e-06
7.88043e-11
6.54262e-06
5.78259e-11
6.54262e-06
6.09481e-11
6.54262e-06
3.8167e-11
6.54261e-06
4.01118e-11
6.54261e-06
1.49316e-11
6.54261e-06
1.2546e-11
6.5426e-06
-1.27828e-11
6.5426e-06
-6.09942e-12
6.5426e-06
-1.57902e-11
6.54259e-06
-6.16685e-12
6.54259e-06
-4.30275e-12
6.54259e-06
1.18413e-11
6.54259e-06
1.08021e-11
6.5426e-06
2.55589e-11
6.5426e-06
1.66085e-11
6.5426e-06
2.85514e-11
6.5426e-06
1.37856e-11
6.5426e-06
1.83052e-11
6.5426e-06
-3.39269e-12
6.5426e-06
-2.54788e-14
6.5426e-06
-1.89099e-11
6.5426e-06
-2.32897e-11
6.5426e-06
-3.88192e-11
6.5426e-06
-4.30447e-11
6.5426e-06
-5.45859e-11
6.54259e-06
-5.24736e-11
6.54259e-06
-5.60957e-11
6.54259e-06
-4.55418e-11
6.54259e-06
-4.05321e-11
6.54259e-06
-2.16457e-11
6.54259e-06
-9.31915e-12
6.54259e-06
1.583e-11
6.54259e-06
3.31039e-11
6.5426e-06
6.16156e-11
6.5426e-06
8.08683e-11
6.54261e-06
1.09412e-10
6.54261e-06
1.25839e-10
6.54262e-06
1.4846e-10
6.54263e-06
1.55175e-10
6.54263e-06
1.65151e-10
6.54264e-06
1.56994e-10
6.54265e-06
1.50983e-10
6.54265e-06
1.26736e-10
6.54265e-06
1.02299e-10
6.54265e-06
7.69638e-11
6.54265e-06
8.88115e-12
6.54265e-06
-1.68172e-10
6.54263e-06
-3.60501e-10
-1.55165e-09
6.50176e-06
-1.34738e-09
6.50176e-06
8.15957e-10
6.50175e-06
1.13581e-09
6.50175e-06
2.55994e-10
6.50174e-06
-5.39809e-10
6.50174e-06
-5.22849e-10
6.50175e-06
-3.27678e-10
6.50176e-06
-2.36747e-10
6.50177e-06
-2.2177e-10
6.50179e-06
-2.88172e-10
6.50179e-06
-4.75986e-10
6.50179e-06
-6.7274e-10
6.50178e-06
-7.6045e-10
6.50177e-06
-6.92658e-10
6.50177e-06
-4.48817e-10
6.50179e-06
1.9362e-10
6.50182e-06
7.03332e-10
6.50185e-06
6.53742e-10
6.50187e-06
3.976e-10
6.50189e-06
2.05362e-10
6.50189e-06
6.91161e-11
6.5019e-06
4.32027e-11
6.5019e-06
-6.1059e-12
6.50191e-06
1.30543e-11
6.50191e-06
-2.37225e-12
6.50191e-06
2.2525e-11
6.5019e-06
1.4824e-11
6.5019e-06
5.15971e-11
6.5019e-06
6.21278e-11
6.5019e-06
1.20392e-10
6.50189e-06
1.18719e-10
6.50189e-06
1.69787e-10
6.50188e-06
1.74104e-10
6.50188e-06
2.13148e-10
6.50187e-06
2.70036e-10
6.50186e-06
3.72039e-10
6.50185e-06
3.31441e-11
6.50182e-06
-2.93675e-10
6.50179e-06
-1.95303e-10
6.50178e-06
5.91647e-11
6.50177e-06
1.91318e-10
6.50176e-06
1.98302e-10
6.50174e-06
1.99276e-10
6.50173e-06
1.70596e-10
6.50173e-06
1.65183e-10
6.50172e-06
1.39773e-10
6.50171e-06
1.33775e-10
6.5017e-06
1.04117e-10
6.5017e-06
1.05225e-10
6.50169e-06
8.18347e-11
6.50169e-06
8.29536e-11
6.50168e-06
6.15999e-11
6.50168e-06
6.36825e-11
6.50168e-06
4.09588e-11
6.50168e-06
4.23433e-11
6.50167e-06
1.77896e-11
6.50167e-06
1.4972e-11
6.50167e-06
-9.7682e-12
6.50167e-06
-3.933e-12
6.50166e-06
-1.38267e-11
6.50166e-06
-5.08224e-12
6.50166e-06
-4.03724e-12
6.50166e-06
1.12251e-11
6.50166e-06
9.74193e-12
6.50167e-06
2.36891e-11
6.50167e-06
1.48651e-11
6.50167e-06
2.63219e-11
6.50167e-06
1.22107e-11
6.50167e-06
1.65167e-11
6.50168e-06
-4.09741e-12
6.50168e-06
-7.33976e-13
6.50167e-06
-1.85549e-11
6.50167e-06
-2.23375e-11
6.50167e-06
-3.71264e-11
6.50167e-06
-4.08984e-11
6.50167e-06
-5.20837e-11
6.50167e-06
-4.9946e-11
6.50166e-06
-5.36978e-11
6.50166e-06
-4.36399e-11
6.50166e-06
-3.91891e-11
6.50166e-06
-2.12086e-11
6.50166e-06
-9.79332e-12
6.50166e-06
1.41872e-11
6.50166e-06
3.03372e-11
6.50167e-06
5.75346e-11
6.50167e-06
7.56254e-11
6.50168e-06
1.02989e-10
6.50169e-06
1.18545e-10
6.50169e-06
1.4047e-10
6.5017e-06
1.46991e-10
6.50171e-06
1.57105e-10
6.50172e-06
1.49618e-10
6.50172e-06
1.44649e-10
6.50173e-06
1.2186e-10
6.50173e-06
9.90552e-11
6.50173e-06
7.52999e-11
6.50173e-06
9.12296e-12
6.50173e-06
-1.6312e-10
6.50171e-06
-3.43734e-10
-1.56612e-09
6.4558e-06
-1.37089e-09
6.45579e-06
8.26767e-10
6.45578e-06
1.14983e-09
6.45577e-06
2.63278e-10
6.45576e-06
-5.25867e-10
6.45576e-06
-5.2093e-10
6.45576e-06
-3.34873e-10
6.45577e-06
-2.46773e-10
6.45578e-06
-2.31759e-10
6.45579e-06
-2.96951e-10
6.4558e-06
-4.80831e-10
6.45579e-06
-6.67758e-10
6.45578e-06
-7.49257e-10
6.45577e-06
-6.81054e-10
6.45577e-06
-4.45812e-10
6.45578e-06
1.78664e-10
6.45581e-06
6.69213e-10
6.45584e-06
6.23896e-10
6.45586e-06
3.76965e-10
6.45588e-06
1.90938e-10
6.45589e-06
6.0885e-11
6.45589e-06
3.65985e-11
6.45589e-06
-7.92129e-12
6.4559e-06
1.14104e-11
6.4559e-06
-1.63514e-12
6.4559e-06
2.32582e-11
6.45589e-06
1.71443e-11
6.45589e-06
5.27039e-11
6.45589e-06
6.46839e-11
6.45589e-06
1.21046e-10
6.45588e-06
1.22129e-10
6.45588e-06
1.71871e-10
6.45588e-06
1.78239e-10
6.45587e-06
2.17401e-10
6.45587e-06
2.76969e-10
6.45586e-06
3.74467e-10
6.45585e-06
4.85361e-11
6.45582e-06
-2.66381e-10
6.4558e-06
-1.73611e-10
6.45579e-06
7.1805e-11
6.45578e-06
1.99651e-10
6.45577e-06
2.06553e-10
6.45577e-06
2.06327e-10
6.45576e-06
1.77815e-10
6.45575e-06
1.71228e-10
6.45575e-06
1.45799e-10
6.45574e-06
1.38635e-10
6.45574e-06
1.09241e-10
6.45573e-06
1.08831e-10
6.45573e-06
8.5478e-11
6.45573e-06
8.53761e-11
6.45572e-06
6.3908e-11
6.45572e-06
6.4983e-11
6.45572e-06
4.25807e-11
6.45572e-06
4.34182e-11
6.45572e-06
1.97573e-11
6.45572e-06
1.65667e-11
6.45571e-06
-7.30074e-12
6.45571e-06
-2.38641e-12
6.45571e-06
-1.21517e-11
6.45571e-06
-4.62623e-12
6.45571e-06
-4.05887e-12
6.45571e-06
1.00311e-11
6.45571e-06
8.32861e-12
6.45572e-06
2.1401e-11
6.45572e-06
1.28608e-11
6.45572e-06
2.37585e-11
6.45572e-06
1.0476e-11
6.45572e-06
1.45408e-11
6.45572e-06
-4.77605e-12
6.45572e-06
-1.52646e-12
6.45572e-06
-1.80438e-11
6.45572e-06
-2.14254e-11
6.45572e-06
-3.51788e-11
6.45572e-06
-3.87401e-11
6.45572e-06
-4.92376e-11
6.45571e-06
-4.73936e-11
6.45571e-06
-5.10096e-11
6.45571e-06
-4.17002e-11
6.45571e-06
-3.76308e-11
6.45571e-06
-2.08658e-11
6.45571e-06
-1.02007e-11
6.45571e-06
1.22597e-11
6.45571e-06
2.74573e-11
6.45572e-06
5.29119e-11
6.45572e-06
7.004e-11
6.45573e-06
9.57797e-11
6.45574e-06
1.10666e-10
6.45575e-06
1.3151e-10
6.45576e-06
1.38047e-10
6.45576e-06
1.48007e-10
6.45577e-06
1.41469e-10
6.45578e-06
1.37298e-10
6.45579e-06
1.16334e-10
6.45579e-06
9.50206e-11
6.45579e-06
7.32344e-11
6.45579e-06
8.87119e-12
6.45579e-06
-1.57849e-10
6.45577e-06
-3.26521e-10
-1.57587e-09
6.40462e-06
-1.38582e-09
6.4046e-06
8.47652e-10
6.40458e-06
1.16727e-09
6.40457e-06
2.74001e-10
6.40455e-06
-5.10251e-10
6.40455e-06
-5.15958e-10
6.40455e-06
-3.38852e-10
6.40456e-06
-2.53445e-10
6.40457e-06
-2.3844e-10
6.40457e-06
-3.02455e-10
6.40457e-06
-4.82244e-10
6.40457e-06
-6.59786e-10
6.40455e-06
-7.34997e-10
6.40454e-06
-6.6797e-10
6.40453e-06
-4.40846e-10
6.40455e-06
1.64044e-10
6.40458e-06
6.36021e-10
6.40461e-06
5.9462e-10
6.40463e-06
3.56732e-10
6.40464e-06
1.77134e-10
6.40465e-06
5.29539e-11
6.40465e-06
3.06326e-11
6.40466e-06
-9.47014e-12
6.40466e-06
1.03955e-11
6.40466e-06
-6.97828e-13
6.40466e-06
2.45033e-11
6.40465e-06
1.94213e-11
6.40465e-06
5.39543e-11
6.40465e-06
6.67854e-11
6.40465e-06
1.21353e-10
6.40465e-06
1.24428e-10
6.40465e-06
1.72825e-10
6.40464e-06
1.80449e-10
6.40464e-06
2.19853e-10
6.40464e-06
2.8135e-10
6.40464e-06
3.74829e-10
6.40463e-06
6.13194e-11
6.4046e-06
-2.41817e-10
6.40458e-06
-1.54586e-10
6.40457e-06
8.16511e-11
6.40457e-06
2.05204e-10
6.40456e-06
2.11828e-10
6.40456e-06
2.10587e-10
6.40455e-06
1.82245e-10
6.40455e-06
1.74764e-10
6.40455e-06
1.49342e-10
6.40454e-06
1.41283e-10
6.40454e-06
1.12169e-10
6.40454e-06
1.1054e-10
6.40454e-06
8.72847e-11
6.40454e-06
8.62708e-11
6.40454e-06
6.46958e-11
6.40454e-06
6.50396e-11
6.40454e-06
4.29384e-11
6.40454e-06
4.35153e-11
6.40453e-06
2.07235e-11
6.40453e-06
1.74053e-11
6.40453e-06
-5.62004e-12
6.40453e-06
-1.39798e-12
6.40453e-06
-1.1177e-11
6.40453e-06
-4.38622e-12
6.40453e-06
-4.56947e-12
6.40453e-06
8.71373e-12
6.40453e-06
6.60852e-12
6.40454e-06
1.8948e-11
6.40454e-06
1.05784e-11
6.40454e-06
2.1088e-11
6.40454e-06
8.51423e-12
6.40454e-06
1.2486e-11
6.40455e-06
-5.65347e-12
6.40455e-06
-2.36118e-12
6.40455e-06
-1.76948e-11
6.40454e-06
-2.0356e-11
6.40454e-06
-3.32871e-11
6.40454e-06
-3.62948e-11
6.40454e-06
-4.63942e-11
6.40453e-06
-4.4483e-11
6.40453e-06
-4.82555e-11
6.40453e-06
-3.94809e-11
6.40453e-06
-3.6071e-11
6.40453e-06
-2.03197e-11
6.40453e-06
-1.07333e-11
6.40453e-06
1.03937e-11
6.40453e-06
2.42525e-11
6.40454e-06
4.81917e-11
6.40454e-06
6.39185e-11
6.40455e-06
8.82693e-11
6.40456e-06
1.02056e-10
6.40457e-06
1.22037e-10
6.40458e-06
1.28223e-10
6.40459e-06
1.38256e-10
6.4046e-06
1.32362e-10
6.40461e-06
1.2931e-10
6.40461e-06
1.09935e-10
6.40462e-06
9.04778e-11
6.40462e-06
7.05142e-11
6.40462e-06
8.2491e-12
6.40461e-06
-1.52599e-10
6.4046e-06
-3.08811e-10
-1.58161e-09
6.34787e-06
-1.39312e-09
6.34784e-06
8.75177e-10
6.34782e-06
1.19259e-09
6.34781e-06
2.86506e-10
6.34779e-06
-4.92947e-10
6.34778e-06
-5.0894e-10
6.34779e-06
-3.39915e-10
6.34779e-06
-2.57039e-10
6.34779e-06
-2.41996e-10
6.3478e-06
-3.04562e-10
6.3478e-06
-4.80477e-10
6.34778e-06
-6.49084e-10
6.34777e-06
-7.18985e-10
6.34775e-06
-6.52419e-10
6.34775e-06
-4.34151e-10
6.34776e-06
1.51772e-10
6.34779e-06
6.04344e-10
6.34782e-06
5.66699e-10
6.34784e-06
3.37779e-10
6.34785e-06
1.64256e-10
6.34785e-06
4.59181e-11
6.34786e-06
2.4955e-11
6.34786e-06
-1.03822e-11
6.34786e-06
9.55879e-12
6.34786e-06
6.28812e-13
6.34786e-06
2.58312e-11
6.34786e-06
2.19713e-11
6.34785e-06
5.50243e-11
6.34785e-06
6.86371e-11
6.34785e-06
1.20646e-10
6.34785e-06
1.25931e-10
6.34785e-06
1.72225e-10
6.34785e-06
1.8102e-10
6.34785e-06
2.20023e-10
6.34785e-06
2.83159e-10
6.34785e-06
3.72496e-10
6.34784e-06
7.16453e-11
6.34782e-06
-2.20658e-10
6.34781e-06
-1.38764e-10
6.3478e-06
8.857e-11
6.3478e-06
2.07741e-10
6.34779e-06
2.14278e-10
6.34779e-06
2.11926e-10
6.34779e-06
1.83992e-10
6.34779e-06
1.7565e-10
6.34779e-06
1.50486e-10
6.34779e-06
1.41635e-10
6.34779e-06
1.13132e-10
6.34779e-06
1.10269e-10
6.34779e-06
8.74105e-11
6.34779e-06
8.55406e-11
6.34779e-06
6.41212e-11
6.34779e-06
6.37827e-11
6.34779e-06
4.22262e-11
6.34779e-06
4.25558e-11
6.34779e-06
2.08699e-11
6.34779e-06
1.74767e-11
6.34779e-06
-4.43326e-12
6.34779e-06
-9.6539e-13
6.34779e-06
-1.03951e-11
6.34779e-06
-4.66833e-12
6.34779e-06
-5.22425e-12
6.34779e-06
6.9674e-12
6.34779e-06
4.68743e-12
6.3478e-06
1.62373e-11
6.3478e-06
8.17225e-12
6.3478e-06
1.82189e-11
6.3478e-06
6.4966e-12
6.34781e-06
1.03315e-11
6.34781e-06
-6.45348e-12
6.34781e-06
-3.25584e-12
6.34781e-06
-1.71881e-11
6.34781e-06
-1.93516e-11
6.3478e-06
-3.11733e-11
6.3478e-06
-3.38889e-11
6.3478e-06
-4.32421e-11
6.3478e-06
-4.15887e-11
6.34779e-06
-4.52224e-11
6.34779e-06
-3.72147e-11
6.34779e-06
-3.42487e-11
6.34779e-06
-1.97924e-11
6.34779e-06
-1.10784e-11
6.34779e-06
8.3928e-12
6.34779e-06
2.11341e-11
6.3478e-06
4.31522e-11
6.34781e-06
5.77244e-11
6.34781e-06
8.02523e-11
6.34782e-06
9.31693e-11
6.34783e-06
1.1189e-10
6.34784e-06
1.17934e-10
6.34785e-06
1.27706e-10
6.34786e-06
1.22702e-10
6.34787e-06
1.20458e-10
6.34788e-06
1.02987e-10
6.34788e-06
8.51735e-11
6.34789e-06
6.73766e-11
6.34789e-06
7.07307e-12
6.34788e-06
-1.47273e-10
6.34786e-06
-2.90321e-10
-1.58436e-09
6.28509e-06
-1.39576e-09
6.28505e-06
9.11007e-10
6.28502e-06
1.22011e-09
6.28501e-06
3.01381e-10
6.28499e-06
-4.74239e-10
6.28498e-06
-4.98871e-10
6.28498e-06
-3.37463e-10
6.28498e-06
-2.56876e-10
6.28498e-06
-2.41792e-10
6.28498e-06
-3.02937e-10
6.28497e-06
-4.74707e-10
6.28496e-06
-6.34717e-10
6.28494e-06
-6.99221e-10
6.28492e-06
-6.34584e-10
6.28491e-06
-4.2495e-10
6.28492e-06
1.40185e-10
6.28495e-06
5.73733e-10
6.28498e-06
5.39516e-10
6.285e-06
3.19525e-10
6.28501e-06
1.52307e-10
6.28501e-06
3.94711e-11
6.28502e-06
2.00718e-11
6.28502e-06
-1.10552e-11
6.28502e-06
9.19541e-12
6.28502e-06
1.99043e-12
6.28502e-06
2.73959e-11
6.28501e-06
2.42718e-11
6.28501e-06
5.60033e-11
6.28501e-06
6.9863e-11
6.28501e-06
1.19432e-10
6.28501e-06
1.26123e-10
6.28501e-06
1.70303e-10
6.28502e-06
1.79533e-10
6.28502e-06
2.18173e-10
6.28502e-06
2.82221e-10
6.28502e-06
3.67801e-10
6.28502e-06
7.9201e-11
6.285e-06
-2.02222e-10
6.28499e-06
-1.25656e-10
6.28498e-06
9.25795e-11
6.28498e-06
2.07378e-10
6.28498e-06
2.13695e-10
6.28498e-06
2.10472e-10
6.28499e-06
1.82988e-10
6.28499e-06
1.74068e-10
6.28499e-06
1.49221e-10
6.28499e-06
1.39849e-10
6.28499e-06
1.11999e-10
6.28499e-06
1.08234e-10
6.28499e-06
8.58489e-11
6.285e-06
8.34229e-11
6.285e-06
6.22079e-11
6.285e-06
6.14428e-11
6.285e-06
4.04331e-11
6.28501e-06
4.07544e-11
6.28501e-06
2.0152e-11
6.28501e-06
1.68973e-11
6.28501e-06
-3.92064e-12
6.28501e-06
-9.65921e-13
6.28501e-06
-1.01885e-11
6.28501e-06
-5.01499e-12
6.28501e-06
-6.20857e-12
6.28501e-06
5.26749e-12
6.28501e-06
2.64151e-12
6.28501e-06
1.35187e-11
6.28502e-06
5.65946e-12
6.28502e-06
1.53721e-11
6.28502e-06
4.38266e-12
6.28502e-06
8.19066e-12
6.28502e-06
-7.37278e-12
6.28502e-06
-4.13424e-12
6.28502e-06
-1.6824e-11
6.28502e-06
-1.82049e-11
6.28502e-06
-2.91551e-11
6.28502e-06
-3.12405e-11
6.28502e-06
-4.01454e-11
6.28501e-06
-3.83682e-11
6.28501e-06
-4.21415e-11
6.28501e-06
-3.4661e-11
6.285e-06
-3.23865e-11
6.285e-06
-1.89848e-11
6.285e-06
-1.1435e-11
6.28501e-06
6.61098e-12
6.28501e-06
1.78833e-11
6.28501e-06
3.82562e-11
6.28502e-06
5.12631e-11
6.28503e-06
7.22437e-11
6.28504e-06
8.38729e-11
6.28505e-06
1.01563e-10
6.28506e-06
1.07081e-10
6.28507e-06
1.16795e-10
6.28508e-06
1.12326e-10
6.28509e-06
1.1116e-10
6.2851e-06
9.52879e-11
6.2851e-06
7.9423e-11
6.28511e-06
6.35859e-11
6.28511e-06
5.49768e-12
6.2851e-06
-1.421e-10
6.28508e-06
-2.7087e-10
-1.58525e-09
6.21557e-06
-1.39561e-09
6.21552e-06
9.51149e-10
6.21549e-06
1.25418e-09
6.21548e-06
3.17091e-10
6.21546e-06
-4.54073e-10
6.21544e-06
-4.86511e-10
6.21544e-06
-3.31617e-10
6.21544e-06
-2.53074e-10
6.21543e-06
-2.37913e-10
6.21543e-06
-2.974e-10
6.21542e-06
-4.65169e-10
6.2154e-06
-6.169e-10
6.21538e-06
-6.76825e-10
6.21536e-06
-6.13518e-10
6.21534e-06
-4.13387e-10
6.21535e-06
1.31105e-10
6.21538e-06
5.44599e-10
6.21541e-06
5.13708e-10
6.21542e-06
3.02733e-10
6.21543e-06
1.41566e-10
6.21544e-06
3.41696e-11
6.21544e-06
1.5651e-11
6.21544e-06
-1.10959e-11
6.21544e-06
8.9024e-12
6.21544e-06
3.5176e-12
6.21544e-06
2.87722e-11
6.21544e-06
2.65351e-11
6.21544e-06
5.65208e-11
6.21544e-06
7.05733e-11
6.21544e-06
1.17001e-10
6.21544e-06
1.25295e-10
6.21544e-06
1.66654e-10
6.21545e-06
1.76221e-10
6.21545e-06
2.13868e-10
6.21546e-06
2.78517e-10
6.21546e-06
3.60156e-10
6.21546e-06
8.41763e-11
6.21544e-06
-1.87049e-10
6.21543e-06
-1.15687e-10
6.21543e-06
9.35956e-11
6.21544e-06
2.03935e-10
6.21544e-06
2.10261e-10
6.21544e-06
2.06136e-10
6.21545e-06
1.79371e-10
6.21545e-06
1.69939e-10
6.21546e-06
1.45679e-10
6.21546e-06
1.35908e-10
6.21546e-06
1.0905e-10
6.21547e-06
1.044e-10
6.21547e-06
8.2798e-11
6.21547e-06
7.98956e-11
6.21548e-06
5.91569e-11
6.21548e-06
5.80221e-11
6.21548e-06
3.77906e-11
6.21548e-06
3.81022e-11
6.21549e-06
1.87899e-11
6.21549e-06
1.57065e-11
6.21549e-06
-3.76781e-12
6.21549e-06
-1.374e-12
6.21549e-06
-1.00185e-11
6.21549e-06
-5.71752e-12
6.21549e-06
-7.14892e-12
6.21549e-06
3.33239e-12
6.21549e-06
5.89388e-13
6.2155e-06
1.07356e-11
6.2155e-06
3.19909e-12
6.2155e-06
1.24894e-11
6.2155e-06
2.34778e-12
6.21551e-06
6.06343e-12
6.21551e-06
-8.13864e-12
6.21551e-06
-5.01405e-12
6.21551e-06
-1.62805e-11
6.2155e-06
-1.71334e-11
6.2155e-06
-2.69436e-11
6.2155e-06
-2.86777e-11
6.2155e-06
-3.67827e-11
6.21549e-06
-3.52066e-11
6.21549e-06
-3.8803e-11
6.21549e-06
-3.20593e-11
6.21549e-06
-3.02256e-11
6.21548e-06
-1.81265e-11
6.21548e-06
-1.14905e-11
6.21549e-06
4.84643e-12
6.21549e-06
1.49198e-11
6.21549e-06
3.32789e-11
6.2155e-06
4.5013e-11
6.21551e-06
6.40412e-11
6.21552e-06
7.46415e-11
6.21553e-06
9.09084e-11
6.21554e-06
9.61075e-11
6.21555e-06
1.05404e-10
6.21556e-06
1.0168e-10
6.21557e-06
1.01217e-10
6.21558e-06
8.72e-11
6.21559e-06
7.29986e-11
6.21559e-06
5.9402e-11
6.21559e-06
3.35713e-12
6.21559e-06
-1.36983e-10
6.21557e-06
-2.50062e-10
-1.58578e-09
6.13836e-06
-1.39646e-09
6.13832e-06
9.97205e-10
6.13828e-06
1.2891e-09
6.13826e-06
3.34162e-10
6.13824e-06
-4.3251e-10
6.13823e-06
-4.70729e-10
6.13822e-06
-3.21638e-10
6.13821e-06
-2.44907e-10
6.1382e-06
-2.29749e-10
6.13819e-06
-2.87695e-10
6.13818e-06
-4.51119e-10
6.13816e-06
-5.9479e-10
6.13813e-06
-6.49967e-10
6.13811e-06
-5.89316e-10
6.13809e-06
-3.98705e-10
6.1381e-06
1.22957e-10
6.13813e-06
5.16455e-10
6.13815e-06
4.886e-10
6.13817e-06
2.8681e-10
6.13818e-06
1.32028e-10
6.13818e-06
2.9761e-11
6.13818e-06
1.22178e-11
6.13818e-06
-1.08872e-11
6.13818e-06
8.93402e-12
6.13818e-06
4.87551e-12
6.13818e-06
3.00451e-11
6.13818e-06
2.82451e-11
6.13818e-06
5.66146e-11
6.13818e-06
7.03804e-11
6.13818e-06
1.13807e-10
6.13818e-06
1.2289e-10
6.13819e-06
1.61445e-10
6.13819e-06
1.70692e-10
6.1382e-06
2.07327e-10
6.13821e-06
2.7187e-10
6.13822e-06
3.49871e-10
6.13822e-06
8.63145e-11
6.1382e-06
-1.74432e-10
6.1382e-06
-1.08328e-10
6.1382e-06
9.16843e-11
6.13821e-06
1.97552e-10
6.13821e-06
2.03816e-10
6.13822e-06
1.99086e-10
6.13823e-06
1.73125e-10
6.13823e-06
1.63472e-10
6.13824e-06
1.39897e-10
6.13824e-06
1.30005e-10
6.13825e-06
1.04209e-10
6.13825e-06
9.90342e-11
6.13826e-06
7.83112e-11
6.13826e-06
7.52247e-11
6.13827e-06
5.50489e-11
6.13827e-06
5.3783e-11
6.13828e-06
3.43527e-11
6.13828e-06
3.48467e-11
6.13828e-06
1.67946e-11
6.13828e-06
1.40567e-11
6.13828e-06
-4.10276e-12
6.13828e-06
-2.02967e-12
6.13828e-06
-1.02478e-11
6.13828e-06
-6.2927e-12
6.13828e-06
-8.22361e-12
6.13829e-06
1.64432e-12
6.13829e-06
-1.37766e-12
6.13829e-06
8.12978e-12
6.13829e-06
8.28731e-13
6.1383e-06
9.78474e-12
6.1383e-06
3.70023e-13
6.1383e-06
4.06708e-12
6.1383e-06
-8.92047e-12
6.1383e-06
-5.799e-12
6.1383e-06
-1.58403e-11
6.1383e-06
-1.59194e-11
6.1383e-06
-2.48572e-11
6.13829e-06
-2.5914e-11
6.13829e-06
-3.35301e-11
6.13829e-06
-3.176e-11
6.13828e-06
-3.54481e-11
6.13828e-06
-2.91793e-11
6.13828e-06
-2.80056e-11
6.13828e-06
-1.69308e-11
6.13828e-06
-1.14622e-11
6.13828e-06
3.44132e-12
6.13828e-06
1.20037e-11
6.13829e-06
2.86768e-11
6.13829e-06
3.87634e-11
6.1383e-06
5.61619e-11
6.13831e-06
6.53378e-11
6.13832e-06
8.0432e-11
6.13833e-06
8.49259e-11
6.13834e-06
9.39913e-11
6.13835e-06
9.06176e-11
6.13836e-06
9.10817e-11
6.13837e-06
7.85483e-11
6.13838e-06
6.62511e-11
6.13839e-06
5.46171e-11
6.13839e-06
8.40824e-13
6.13838e-06
-1.32126e-10
6.13836e-06
-2.27533e-10
-1.58751e-09
6.05216e-06
-1.40083e-09
6.05211e-06
1.04439e-09
6.05207e-06
1.32924e-09
6.05206e-06
3.51359e-10
6.05203e-06
-4.09208e-10
6.05201e-06
-4.51885e-10
6.052e-06
-3.07425e-10
6.05199e-06
-2.32388e-10
6.05198e-06
-2.17381e-10
6.05196e-06
-2.73726e-10
6.05195e-06
-4.32834e-10
6.05192e-06
-5.68634e-10
6.05189e-06
-6.19611e-10
6.05186e-06
-5.61127e-10
6.05184e-06
-3.80965e-10
6.05185e-06
1.17223e-10
6.05187e-06
4.89482e-10
6.0519e-06
4.64567e-10
6.05191e-06
2.72298e-10
6.05192e-06
1.23889e-10
6.05192e-06
2.67183e-11
6.05192e-06
9.49993e-12
6.05192e-06
-1.00701e-11
6.05192e-06
8.94887e-12
6.05192e-06
6.16411e-12
6.05192e-06
3.08134e-11
6.05192e-06
2.95396e-11
6.05192e-06
5.59215e-11
6.05192e-06
6.9322e-11
6.05192e-06
1.09182e-10
6.05193e-06
1.19121e-10
6.05194e-06
1.54306e-10
6.05194e-06
1.63129e-10
6.05195e-06
1.98174e-10
6.05196e-06
2.6225e-10
6.05198e-06
3.36444e-10
6.05198e-06
8.58533e-11
6.05197e-06
-1.64696e-10
6.05196e-06
-1.03825e-10
6.05197e-06
8.6839e-11
6.05198e-06
1.88118e-10
6.05199e-06
1.94557e-10
6.052e-06
1.89288e-10
6.05201e-06
1.64413e-10
6.05202e-06
1.54648e-10
6.05202e-06
1.32036e-10
6.05203e-06
1.2218e-10
6.05204e-06
9.77756e-11
6.05204e-06
9.21622e-11
6.05205e-06
7.26147e-11
6.05206e-06
6.94451e-11
6.05206e-06
5.01137e-11
6.05207e-06
4.87833e-11
6.05207e-06
3.03785e-11
6.05207e-06
3.10375e-11
6.05208e-06
1.44086e-11
6.05208e-06
1.20331e-11
6.05208e-06
-4.61055e-12
6.05208e-06
-2.87255e-12
6.05208e-06
-1.03001e-11
6.05208e-06
-7.04884e-12
6.05208e-06
-9.03224e-12
6.05208e-06
-8.4251e-14
6.05208e-06
-3.14425e-12
6.05209e-06
5.66674e-12
6.05209e-06
-1.29773e-12
6.05209e-06
7.22355e-12
6.05209e-06
-1.38572e-12
6.0521e-06
2.21943e-12
6.0521e-06
-9.46577e-12
6.0521e-06
-6.48624e-12
6.0521e-06
-1.51669e-11
6.05209e-06
-1.47828e-11
6.05209e-06
-2.25802e-11
6.05209e-06
-2.32905e-11
6.05209e-06
-3.004e-11
6.05208e-06
-2.84418e-11
6.05208e-06
-3.18644e-11
6.05208e-06
-2.62839e-11
6.05207e-06
-2.54701e-11
6.05207e-06
-1.56576e-11
6.05207e-06
-1.1042e-11
6.05207e-06
2.15869e-12
6.05208e-06
9.55634e-12
6.05208e-06
2.41854e-11
6.05209e-06
3.29994e-11
6.05209e-06
4.83662e-11
6.0521e-06
5.64467e-11
6.05211e-06
6.99681e-11
6.05212e-06
7.40014e-11
6.05214e-06
8.2438e-11
6.05215e-06
7.96294e-11
6.05216e-06
8.05669e-11
6.05217e-06
6.97452e-11
6.05217e-06
5.89728e-11
6.05218e-06
4.95315e-11
6.05218e-06
-2.19833e-12
6.05218e-06
-1.27413e-10
6.05215e-06
-2.02729e-10
-1.59217e-09
5.95515e-06
-1.41198e-09
5.95509e-06
1.09454e-09
5.95506e-06
1.36784e-09
5.95504e-06
3.68799e-10
5.95501e-06
-3.83909e-10
5.95499e-06
-4.28691e-10
5.95497e-06
-2.88185e-10
5.95495e-06
-2.14862e-10
5.95494e-06
-2.00353e-10
5.95492e-06
-2.55342e-10
5.9549e-06
-4.09841e-10
5.95487e-06
-5.3779e-10
5.95483e-06
-5.84266e-10
5.9548e-06
-5.28967e-10
5.95478e-06
-3.59615e-10
5.95478e-06
1.12521e-10
5.95481e-06
4.62862e-10
5.95483e-06
4.40729e-10
5.95484e-06
2.58478e-10
5.95485e-06
1.16961e-10
5.95485e-06
2.4766e-11
5.95485e-06
7.83696e-12
5.95485e-06
-8.87123e-12
5.95485e-06
9.17311e-12
5.95485e-06
7.10099e-12
5.95485e-06
3.11425e-11
5.95485e-06
2.99479e-11
5.95485e-06
5.43643e-11
5.95485e-06
6.70266e-11
5.95486e-06
1.0337e-10
5.95487e-06
1.13586e-10
5.95487e-06
1.45349e-10
5.95488e-06
1.53216e-10
5.9549e-06
1.86603e-10
5.95491e-06
2.49577e-10
5.95493e-06
3.20113e-10
5.95493e-06
8.27831e-11
5.95492e-06
-1.57009e-10
5.95492e-06
-1.01527e-10
5.95493e-06
7.92462e-11
5.95494e-06
1.75816e-10
5.95495e-06
1.82427e-10
5.95496e-06
1.76902e-10
5.95498e-06
1.53279e-10
5.95499e-06
1.43693e-10
5.955e-06
1.22202e-10
5.95501e-06
1.12649e-10
5.95501e-06
8.97723e-11
5.95502e-06
8.40342e-11
5.95503e-06
6.58148e-11
5.95504e-06
6.28398e-11
5.95504e-06
4.44763e-11
5.95505e-06
4.32991e-11
5.95505e-06
2.59662e-11
5.95506e-06
2.69378e-11
5.95506e-06
1.17117e-11
5.95506e-06
9.80395e-12
5.95506e-06
-5.33845e-12
5.95506e-06
-3.7735e-12
5.95506e-06
-1.05707e-11
5.95506e-06
-7.45555e-12
5.95506e-06
-9.78923e-12
5.95506e-06
-1.35359e-12
5.95507e-06
-4.61455e-12
5.95507e-06
3.56253e-12
5.95507e-06
-3.13639e-12
5.95507e-06
4.99727e-12
5.95507e-06
-2.90809e-12
5.95508e-06
6.25043e-13
5.95508e-06
-9.88276e-12
5.95508e-06
-7.01446e-12
5.95508e-06
-1.4547e-11
5.95507e-06
-1.34739e-11
5.95507e-06
-2.04541e-11
5.95507e-06
-2.04877e-11
5.95507e-06
-2.67306e-11
5.95506e-06
-2.48752e-11
5.95506e-06
-2.83244e-11
5.95506e-06
-2.3141e-11
5.95505e-06
-2.29039e-11
5.95505e-06
-1.40274e-11
5.95505e-06
-1.05047e-11
5.95505e-06
1.33172e-12
5.95505e-06
7.26664e-12
5.95506e-06
2.02587e-11
5.95506e-06
2.7435e-11
5.95507e-06
4.11774e-11
5.95508e-06
4.77731e-11
5.95509e-06
6.00319e-11
5.9551e-06
6.32089e-11
5.95511e-06
7.12302e-11
5.95512e-06
6.85505e-11
5.95513e-06
7.01767e-11
5.95514e-06
6.0619e-11
5.95515e-06
5.15801e-11
5.95515e-06
4.39597e-11
5.95516e-06
-5.5007e-12
5.95515e-06
-1.23038e-10
5.95513e-06
-1.75086e-10
-1.60058e-09
5.84475e-06
-1.42885e-09
5.8447e-06
1.14122e-09
5.84467e-06
1.40744e-09
5.84465e-06
3.83911e-10
5.84463e-06
-3.56367e-10
5.8446e-06
-4.01247e-10
5.84457e-06
-2.63832e-10
5.84455e-06
-1.92539e-10
5.84453e-06
-1.79011e-10
5.84451e-06
-2.32758e-10
5.84448e-06
-3.82589e-10
5.84445e-06
-5.02653e-10
5.84441e-06
-5.44824e-10
5.84437e-06
-4.92134e-10
5.84434e-06
-3.34659e-10
5.84435e-06
1.09825e-10
5.84437e-06
4.36368e-10
5.8444e-06
4.16976e-10
5.84441e-06
2.45483e-10
5.84441e-06
1.1122e-10
5.84441e-06
2.41882e-11
5.84441e-06
6.97561e-12
5.84441e-06
-7.0302e-12
5.84441e-06
9.31945e-12
5.84441e-06
7.77994e-12
5.84441e-06
3.06817e-11
5.84441e-06
2.95769e-11
5.84442e-06
5.16434e-11
5.84442e-06
6.3502e-11
5.84442e-06
9.58168e-11
5.84443e-06
1.06416e-10
5.84444e-06
1.34263e-10
5.84446e-06
1.41117e-10
5.84447e-06
1.72316e-10
5.84449e-06
2.33816e-10
5.84451e-06
3.0051e-10
5.84451e-06
7.74961e-11
5.84451e-06
-1.51269e-10
5.84451e-06
-1.01315e-10
5.84452e-06
6.90776e-11
5.84453e-06
1.60651e-10
5.84455e-06
1.67653e-10
5.84456e-06
1.61974e-10
5.84458e-06
1.3992e-10
5.84459e-06
1.30654e-10
5.8446e-06
1.10588e-10
5.84461e-06
1.01512e-10
5.84462e-06
8.05081e-11
5.84463e-06
7.47457e-11
5.84464e-06
5.81614e-11
5.84465e-06
5.54877e-11
5.84465e-06
3.83825e-11
5.84466e-06
3.7426e-11
5.84466e-06
2.13886e-11
5.84467e-06
2.2639e-11
5.84467e-06
8.95213e-12
5.84467e-06
7.48933e-12
5.84467e-06
-5.98677e-12
5.84467e-06
-4.63534e-12
5.84467e-06
-1.03916e-11
5.84467e-06
-7.91662e-12
5.84467e-06
-1.0038e-11
5.84467e-06
-2.52535e-12
5.84468e-06
-5.69637e-12
5.84468e-06
1.78517e-12
5.84468e-06
-4.5534e-12
5.84468e-06
3.07881e-12
5.84468e-06
-4.05831e-12
5.84468e-06
-6.90878e-13
5.84468e-06
-9.9526e-12
5.84468e-06
-7.35322e-12
5.84468e-06
-1.3594e-11
5.84468e-06
-1.22459e-11
5.84468e-06
-1.80852e-11
5.84468e-06
-1.79031e-11
5.84467e-06
-2.31679e-11
5.84467e-06
-2.15586e-11
5.84467e-06
-2.45804e-11
5.84466e-06
-2.00749e-11
5.84466e-06
-2.0024e-11
5.84466e-06
-1.2378e-11
5.84466e-06
-9.52006e-12
5.84466e-06
6.29091e-13
5.84466e-06
5.58902e-12
5.84466e-06
1.65157e-11
5.84467e-06
2.25919e-11
5.84467e-06
3.42318e-11
5.84468e-06
3.98294e-11
5.84469e-06
5.03594e-11
5.8447e-06
5.30506e-11
5.84471e-06
6.01808e-11
5.84472e-06
5.79416e-11
5.84473e-06
5.96769e-11
5.84474e-06
5.16716e-11
5.84475e-06
4.38425e-11
5.84476e-06
3.82828e-11
5.84476e-06
-9.21203e-12
5.84476e-06
-1.18925e-10
5.84473e-06
-1.44109e-10
-1.61176e-09
5.71729e-06
-1.44397e-09
5.71724e-06
1.1877e-09
5.71721e-06
1.43309e-09
5.71721e-06
3.91722e-10
5.71718e-06
-3.27535e-10
5.71714e-06
-3.68658e-10
5.71711e-06
-2.34035e-10
5.71709e-06
-1.65392e-10
5.71706e-06
-1.53501e-10
5.71704e-06
-2.06343e-10
5.71701e-06
-3.50963e-10
5.71697e-06
-4.6293e-10
5.71692e-06
-5.00176e-10
5.71688e-06
-4.50666e-10
5.71685e-06
-3.05617e-10
5.71685e-06
1.07592e-10
5.71688e-06
4.08767e-10
5.7169e-06
3.9194e-10
5.71692e-06
2.32218e-10
5.71692e-06
1.06186e-10
5.71692e-06
2.45535e-11
5.71692e-06
7.1491e-12
5.71692e-06
-4.85671e-12
5.71692e-06
9.55091e-12
5.71692e-06
7.98159e-12
5.71692e-06
2.94796e-11
5.71692e-06
2.80553e-11
5.71692e-06
4.7733e-11
5.71693e-06
5.84524e-11
5.71694e-06
8.68013e-11
5.71695e-06
9.72056e-11
5.71696e-06
1.21154e-10
5.71697e-06
1.26601e-10
5.71699e-06
1.55494e-10
5.71701e-06
2.14876e-10
5.71703e-06
2.77892e-10
5.71704e-06
7.02847e-11
5.71704e-06
-1.46178e-10
5.71704e-06
-1.02112e-10
5.71705e-06
5.67918e-11
5.71707e-06
1.4293e-10
5.71709e-06
1.50271e-10
5.7171e-06
1.44737e-10
5.71712e-06
1.24452e-10
5.71713e-06
1.15791e-10
5.71715e-06
9.73506e-11
5.71716e-06
8.90206e-11
5.71717e-06
7.00596e-11
5.71718e-06
6.46017e-11
5.71719e-06
4.98107e-11
5.7172e-06
4.76725e-11
5.7172e-06
3.19887e-11
5.71721e-06
3.14335e-11
5.71721e-06
1.678e-11
5.71722e-06
1.83991e-11
5.71722e-06
6.23465e-12
5.71722e-06
5.27054e-12
5.71722e-06
-6.56902e-12
5.71722e-06
-5.30354e-12
5.71722e-06
-1.02865e-11
5.71722e-06
-7.77632e-12
5.71722e-06
-1.01119e-11
5.71722e-06
-3.04152e-12
5.71722e-06
-6.31675e-12
5.71722e-06
4.97857e-13
5.71723e-06
-5.51665e-12
5.71723e-06
1.6163e-12
5.71723e-06
-4.83547e-12
5.71723e-06
-1.64123e-12
5.71723e-06
-9.77009e-12
5.71723e-06
-7.41846e-12
5.71723e-06
-1.2642e-11
5.71723e-06
-1.07671e-11
5.71722e-06
-1.59032e-11
5.71722e-06
-1.51111e-11
5.71722e-06
-1.98908e-11
5.71721e-06
-1.79941e-11
5.71721e-06
-2.09816e-11
5.71721e-06
-1.68026e-11
5.7172e-06
-1.72165e-11
5.7172e-06
-1.03919e-11
5.7172e-06
-8.49035e-12
5.7172e-06
4.18467e-13
5.7172e-06
4.04561e-12
5.71721e-06
1.34625e-11
5.71721e-06
1.80001e-11
5.71722e-06
2.8113e-11
5.71722e-06
3.2262e-11
5.71723e-06
4.1515e-11
5.71724e-06
4.32728e-11
5.71725e-06
4.98335e-11
5.71726e-06
4.7526e-11
5.71727e-06
4.9673e-11
5.71728e-06
4.26587e-11
5.71729e-06
3.63018e-11
5.7173e-06
3.22928e-11
5.7173e-06
-1.29302e-11
5.7173e-06
-1.15404e-10
5.71726e-06
-1.10074e-10
-1.61942e-09
5.56717e-06
-1.43462e-09
5.56713e-06
1.22857e-09
5.56713e-06
1.43628e-09
5.56714e-06
3.79768e-10
5.56711e-06
-3.0011e-10
5.56708e-06
-3.31543e-10
5.56704e-06
-1.99512e-10
5.56701e-06
-1.34408e-10
5.56698e-06
-1.24807e-10
5.56695e-06
-1.76603e-10
5.56692e-06
-3.15772e-10
5.56688e-06
-4.19125e-10
5.56683e-06
-4.51178e-10
5.56678e-06
-4.04012e-10
5.56675e-06
-2.72744e-10
5.56675e-06
1.06285e-10
5.56678e-06
3.78522e-10
5.5668e-06
3.64463e-10
5.56682e-06
2.17955e-10
5.56682e-06
1.01115e-10
5.56682e-06
2.56595e-11
5.56682e-06
7.62961e-12
5.56682e-06
-1.94629e-12
5.56682e-06
9.64816e-12
5.56682e-06
7.77732e-12
5.56682e-06
2.73381e-11
5.56682e-06
2.54579e-11
5.56683e-06
4.22359e-11
5.56683e-06
5.18725e-11
5.56684e-06
7.55894e-11
5.56685e-06
8.64429e-11
5.56687e-06
1.05829e-10
5.56689e-06
1.09876e-10
5.56691e-06
1.35965e-10
5.56693e-06
1.92851e-10
5.56695e-06
2.5186e-10
5.56696e-06
6.21874e-11
5.56696e-06
-1.4063e-10
5.56696e-06
-1.0292e-10
5.56697e-06
4.30864e-11
5.56699e-06
1.22928e-10
5.56701e-06
1.30692e-10
5.56703e-06
1.25241e-10
5.56705e-06
1.07147e-10
5.56707e-06
9.92521e-11
5.56708e-06
8.27992e-11
5.56709e-06
7.5352e-11
5.56711e-06
5.88516e-11
5.56712e-06
5.3642e-11
5.56713e-06
4.1037e-11
5.56713e-06
3.95395e-11
5.56714e-06
2.55432e-11
5.56715e-06
2.54483e-11
5.56715e-06
1.23787e-11
5.56715e-06
1.43334e-11
5.56716e-06
3.8335e-12
5.56716e-06
3.25675e-12
5.56716e-06
-6.76474e-12
5.56716e-06
-5.79505e-12
5.56716e-06
-9.48694e-12
5.56716e-06
-7.59676e-12
5.56716e-06
-9.48507e-12
5.56716e-06
-3.37565e-12
5.56716e-06
-6.417e-12
5.56716e-06
-3.37023e-13
5.56716e-06
-5.9447e-12
5.56716e-06
5.77709e-13
5.56716e-06
-5.10106e-12
5.56716e-06
-2.22977e-12
5.56716e-06
-9.10873e-12
5.56716e-06
-7.29278e-12
5.56716e-06
-1.12591e-11
5.56716e-06
-9.35152e-12
5.56716e-06
-1.34027e-11
5.56715e-06
-1.2597e-11
5.56715e-06
-1.63318e-11
5.56715e-06
-1.48043e-11
5.56714e-06
-1.72187e-11
5.56714e-06
-1.37316e-11
5.56714e-06
-1.4149e-11
5.56713e-06
-8.51506e-12
5.56713e-06
-7.04458e-12
5.56713e-06
2.31947e-13
5.56713e-06
3.14461e-12
5.56714e-06
1.05419e-11
5.56714e-06
1.42349e-11
5.56715e-06
2.22588e-11
5.56715e-06
2.56104e-11
5.56716e-06
3.30649e-11
5.56717e-06
3.44047e-11
5.56718e-06
3.98672e-11
5.56719e-06
3.79341e-11
5.5672e-06
3.98196e-11
5.56721e-06
3.41799e-11
5.56722e-06
2.86574e-11
5.56722e-06
2.64689e-11
5.56723e-06
-1.67649e-11
5.56722e-06
-1.12619e-10
5.56719e-06
-7.62639e-11
-1.61198e-09
5.38557e-06
-1.37321e-09
5.38551e-06
1.28682e-09
5.38555e-06
1.3962e-09
5.3856e-06
3.33598e-10
5.38558e-06
-2.76601e-10
5.38553e-06
-2.8909e-10
5.3855e-06
-1.61171e-10
5.38546e-06
-1.01241e-10
5.38543e-06
-9.45034e-11
5.3854e-06
-1.45096e-10
5.38536e-06
-2.77082e-10
5.38532e-06
-3.71317e-10
5.38526e-06
-3.97186e-10
5.38521e-06
-3.52213e-10
5.38517e-06
-2.35178e-10
5.38518e-06
1.03694e-10
5.38521e-06
3.44011e-10
5.38524e-06
3.32186e-10
5.38526e-06
2.00838e-10
5.38526e-06
9.51509e-11
5.38526e-06
2.68093e-11
5.38526e-06
8.8063e-12
5.38526e-06
7.65017e-13
5.38526e-06
9.54163e-12
5.38526e-06
7.03582e-12
5.38526e-06
2.41705e-11
5.38526e-06
2.16505e-11
5.38527e-06
3.55247e-11
5.38528e-06
4.36977e-11
5.38529e-06
6.30163e-11
5.3853e-06
7.32953e-11
5.38532e-06
8.84218e-11
5.38534e-06
9.08387e-11
5.38536e-06
1.13773e-10
5.38539e-06
1.67182e-10
5.38542e-06
2.22557e-10
5.38543e-06
5.36741e-11
5.38542e-06
-1.32226e-10
5.38542e-06
-1.01566e-10
5.38543e-06
2.90557e-11
5.38545e-06
1.01262e-10
5.38548e-06
1.09053e-10
5.3855e-06
1.04008e-10
5.38552e-06
8.82563e-11
5.38553e-06
8.13621e-11
5.38555e-06
6.71094e-11
5.38556e-06
6.0816e-11
5.38558e-06
4.69265e-11
5.38559e-06
4.24131e-11
5.3856e-06
3.20694e-11
5.3856e-06
3.13213e-11
5.38561e-06
1.9238e-11
5.38562e-06
1.96805e-11
5.38562e-06
8.37681e-12
5.38562e-06
1.06388e-11
5.38563e-06
1.79646e-12
5.38563e-06
1.63555e-12
5.38563e-06
-6.63424e-12
5.38563e-06
-5.77029e-12
5.38563e-06
-8.66657e-12
5.38563e-06
-6.56895e-12
5.38563e-06
-8.65561e-12
5.38562e-06
-2.94126e-12
5.38562e-06
-5.98971e-12
5.38562e-06
-6.7996e-13
5.38562e-06
-5.82596e-12
5.38563e-06
8.35066e-15
5.38563e-06
-4.9468e-12
5.38563e-06
-2.39852e-12
5.38562e-06
-8.13397e-12
5.38562e-06
-6.71402e-12
5.38562e-06
-9.81694e-12
5.38562e-06
-7.5719e-12
5.38562e-06
-1.11276e-11
5.38562e-06
-9.7951e-12
5.38561e-06
-1.31823e-11
5.38561e-06
-1.13229e-11
5.38561e-06
-1.3725e-11
5.3856e-06
-1.05021e-11
5.3856e-06
-1.13198e-11
5.3856e-06
-6.37193e-12
5.3856e-06
-5.73606e-12
5.3856e-06
4.87981e-13
5.3856e-06
2.19764e-12
5.3856e-06
8.33378e-12
5.3856e-06
1.05833e-11
5.38561e-06
1.73301e-11
5.38561e-06
1.93051e-11
5.38562e-06
2.56166e-11
5.38563e-06
2.60074e-11
5.38564e-06
3.08639e-11
5.38565e-06
2.87125e-11
5.38566e-06
3.08139e-11
5.38566e-06
2.58583e-11
5.38567e-06
2.15815e-11
5.38568e-06
2.05445e-11
5.38568e-06
-1.99904e-11
5.38568e-06
-1.11123e-10
5.38566e-06
-5.37595e-11
-1.58826e-09
5.1573e-06
-1.30018e-09
5.15714e-06
1.4465e-09
5.15715e-06
1.38629e-09
5.15722e-06
2.68079e-10
5.15719e-06
-2.47968e-10
5.15714e-06
-2.36598e-10
5.1571e-06
-1.20141e-10
5.15707e-06
-6.85057e-11
5.15704e-06
-6.48484e-11
5.15701e-06
-1.12922e-10
5.15696e-06
-2.35141e-10
5.15691e-06
-3.19272e-10
5.15685e-06
-3.38307e-10
5.15679e-06
-2.94603e-10
5.15675e-06
-1.92684e-10
5.15676e-06
9.89421e-11
5.1568e-06
3.01883e-10
5.15684e-06
2.91902e-10
5.15686e-06
1.78554e-10
5.15687e-06
8.65839e-11
5.15687e-06
2.70991e-11
5.15686e-06
9.7467e-12
5.15686e-06
3.27348e-12
5.15686e-06
8.97578e-12
5.15686e-06
5.80108e-12
5.15687e-06
1.98602e-11
5.15687e-06
1.67529e-11
5.15688e-06
2.74402e-11
5.15689e-06
3.40205e-11
5.1569e-06
4.87389e-11
5.15692e-06
5.81976e-11
5.15694e-06
6.89638e-11
5.15696e-06
6.97637e-11
5.15699e-06
8.87629e-11
5.15702e-06
1.3736e-10
5.15705e-06
1.88873e-10
5.15706e-06
4.59232e-11
5.15704e-06
-1.18045e-10
5.15704e-06
-9.52274e-11
5.15705e-06
1.63627e-11
5.15707e-06
7.86629e-11
5.1571e-06
8.59113e-11
5.15712e-06
8.12895e-11
5.15714e-06
6.81794e-11
5.15716e-06
6.24322e-11
5.15717e-06
5.06963e-11
5.15719e-06
4.57145e-11
5.1572e-06
3.47328e-11
5.15721e-06
3.10863e-11
5.15722e-06
2.3218e-11
5.15723e-06
2.31998e-11
5.15724e-06
1.3321e-11
5.15724e-06
1.42487e-11
5.15725e-06
4.97756e-12
5.15725e-06
7.40495e-12
5.15725e-06
3.24844e-13
5.15725e-06
4.85174e-13
5.15725e-06
-5.96013e-12
5.15725e-06
-5.22414e-12
5.15725e-06
-6.70522e-12
5.15725e-06
-5.70093e-12
5.15725e-06
-6.85595e-12
5.15724e-06
-2.56938e-12
5.15724e-06
-5.05668e-12
5.15724e-06
-6.20178e-13
5.15724e-06
-5.14766e-12
5.15724e-06
-1.68793e-13
5.15724e-06
-4.32115e-12
5.15724e-06
-2.19242e-12
5.15724e-06
-6.72975e-12
5.15724e-06
-5.74491e-12
5.15724e-06
-7.69905e-12
5.15724e-06
-5.95713e-12
5.15723e-06
-8.26744e-12
5.15723e-06
-7.47692e-12
5.15723e-06
-9.49722e-12
5.15722e-06
-8.53063e-12
5.15722e-06
-9.97948e-12
5.15722e-06
-7.73436e-12
5.15722e-06
-8.18658e-12
5.15721e-06
-4.65273e-12
5.15721e-06
-3.97691e-12
5.15721e-06
4.16531e-13
5.15721e-06
1.98103e-12
5.15721e-06
5.8848e-12
5.15722e-06
7.90874e-12
5.15722e-06
1.23069e-11
5.15723e-06
1.40849e-11
5.15723e-06
1.83421e-11
5.15724e-06
1.87731e-11
5.15725e-06
2.21595e-11
5.15726e-06
2.07094e-11
5.15727e-06
2.19649e-11
5.15727e-06
1.85334e-11
5.15728e-06
1.44864e-11
5.15729e-06
1.51932e-11
5.15729e-06
-2.24585e-11
5.15729e-06
-1.10374e-10
5.1573e-06
-6.97223e-11
-1.66034e-09
4.85311e-06
-1.5445e-09
4.85241e-06
2.13886e-09
4.85206e-06
1.73785e-09
4.85204e-06
2.94787e-10
4.85197e-06
-1.79577e-10
4.8519e-06
-1.6297e-10
4.85185e-06
-7.77968e-11
4.85182e-06
-3.98658e-11
4.8518e-06
-3.86596e-11
4.85177e-06
-8.09249e-11
4.85172e-06
-1.8799e-10
4.85166e-06
-2.59925e-10
4.8516e-06
-2.71893e-10
4.85153e-06
-2.29251e-10
4.85148e-06
-1.43718e-10
4.85149e-06
8.98032e-11
4.85154e-06
2.46883e-10
4.8516e-06
2.38309e-10
4.85163e-06
1.47321e-10
4.85164e-06
7.30159e-11
4.85164e-06
2.51669e-11
4.85164e-06
9.62687e-12
4.85164e-06
5.17611e-12
4.85164e-06
7.75753e-12
4.85164e-06
4.07137e-12
4.85165e-06
1.44302e-11
4.85165e-06
1.08775e-11
4.85166e-06
1.80901e-11
4.85167e-06
2.29951e-11
4.85169e-06
3.29064e-11
4.85171e-06
4.13734e-11
4.85173e-06
4.76991e-11
4.85175e-06
4.69497e-11
4.85178e-06
6.08164e-11
4.85182e-06
1.01894e-10
4.85186e-06
1.47913e-10
4.85186e-06
3.87677e-11
4.85184e-06
-9.4477e-11
4.85183e-06
-8.01233e-11
4.85184e-06
6.86369e-12
4.85186e-06
5.57363e-11
4.85188e-06
6.15507e-11
4.85191e-06
5.73211e-11
4.85193e-06
4.72802e-11
4.85195e-06
4.28472e-11
4.85196e-06
3.4009e-11
4.85198e-06
3.04355e-11
4.85199e-06
2.26677e-11
4.852e-06
1.99623e-11
4.85201e-06
1.47846e-11
4.85202e-06
1.53854e-11
4.85202e-06
8.01306e-12
4.85203e-06
9.27201e-12
4.85203e-06
2.32719e-12
4.85203e-06
4.70385e-12
4.85203e-06
-4.71418e-13
4.85204e-06
-1.52272e-13
4.85203e-06
-4.67443e-12
4.85203e-06
-4.17288e-12
4.85203e-06
-4.31968e-12
4.85203e-06
-4.3435e-12
4.85203e-06
-4.6118e-12
4.85203e-06
-1.8318e-12
4.85202e-06
-3.6561e-12
4.85202e-06
-2.51899e-13
4.85202e-06
-3.94955e-12
4.85202e-06
-3.50803e-14
4.85202e-06
-3.24677e-12
4.85202e-06
-1.67512e-12
4.85202e-06
-4.91596e-12
4.85202e-06
-4.43518e-12
4.85202e-06
-5.28122e-12
4.85201e-06
-4.15829e-12
4.85201e-06
-5.32643e-12
4.85201e-06
-5.13973e-12
4.85201e-06
-5.90403e-12
4.852e-06
-5.8275e-12
4.852e-06
-6.36721e-12
4.852e-06
-5.11569e-12
4.85199e-06
-5.19637e-12
4.85199e-06
-3.05738e-12
4.85199e-06
-2.30029e-12
4.85199e-06
3.32325e-13
4.85199e-06
1.8008e-12
4.85199e-06
3.64429e-12
4.852e-06
5.47714e-12
4.852e-06
7.69584e-12
4.852e-06
9.34122e-12
4.85201e-06
1.16716e-11
4.85202e-06
1.22144e-11
4.85203e-06
1.41633e-11
4.85203e-06
1.3437e-11
4.85204e-06
1.3819e-11
4.85205e-06
1.18169e-11
4.85205e-06
7.99566e-12
4.85206e-06
1.01364e-11
4.85206e-06
-2.24627e-11
4.85206e-06
-1.07042e-10
4.85215e-06
-1.65238e-10
-2.37259e-09
4.40556e-06
-2.39113e-09
4.40361e-06
4.06677e-09
4.40265e-06
2.7134e-09
4.40248e-06
4.73805e-10
4.40236e-06
-6.39737e-11
4.40227e-06
-7.0938e-11
4.40223e-06
-4.06164e-11
4.40221e-06
-1.9764e-11
4.40219e-06
-1.83321e-11
4.40216e-06
-4.69792e-11
4.4021e-06
-1.26788e-10
4.40202e-06
-1.79488e-10
4.40193e-06
-1.85485e-10
4.40185e-06
-1.47139e-10
4.40179e-06
-8.41207e-11
4.40181e-06
7.26972e-11
4.40188e-06
1.67365e-10
4.40196e-06
1.61061e-10
4.40201e-06
1.00475e-10
4.40203e-06
5.02585e-11
4.40203e-06
1.90676e-11
4.40203e-06
6.46858e-12
4.40203e-06
6.77181e-12
4.40204e-06
5.67308e-12
4.40204e-06
2.08561e-12
4.40205e-06
8.11574e-12
4.40205e-06
4.48539e-12
4.40206e-06
7.3418e-12
4.40207e-06
1.09609e-11
4.40209e-06
1.48173e-11
4.40211e-06
2.40496e-11
4.40213e-06
2.48913e-11
4.40215e-06
2.32044e-11
4.40219e-06
3.00898e-11
4.40223e-06
5.80894e-11
4.40229e-06
9.12138e-11
4.4023e-06
2.7928e-11
4.40226e-06
-5.96481e-11
4.40224e-06
-5.33874e-11
4.40224e-06
8.47321e-13
4.40227e-06
3.11958e-11
4.4023e-06
3.51172e-11
4.40232e-06
3.11488e-11
4.40234e-06
2.54563e-11
4.40236e-06
2.26652e-11
4.40238e-06
1.75504e-11
4.4024e-06
1.52939e-11
4.40241e-06
1.14041e-11
4.40242e-06
8.9496e-12
4.40243e-06
7.0302e-12
4.40243e-06
7.96194e-12
4.40244e-06
3.51713e-12
4.40244e-06
4.73139e-12
4.40244e-06
5.01793e-13
4.40245e-06
2.44731e-12
4.40245e-06
-4.11436e-13
4.40245e-06
-3.85852e-13
4.40244e-06
-2.56533e-12
4.40244e-06
-3.04087e-12
4.40244e-06
-1.26834e-12
4.40244e-06
-3.11443e-12
4.40244e-06
-1.7113e-12
4.40243e-06
-1.25524e-12
4.40243e-06
-1.85774e-12
4.40243e-06
2.30574e-13
4.40243e-06
-2.27172e-12
4.40243e-06
2.36546e-13
4.40243e-06
-1.61196e-12
4.40243e-06
-9.85821e-13
4.40243e-06
-2.51465e-12
4.40242e-06
-3.16805e-12
4.40242e-06
-2.40803e-12
4.40242e-06
-2.51053e-12
4.40242e-06
-1.99869e-12
4.40241e-06
-3.16742e-12
4.40241e-06
-2.012e-12
4.40241e-06
-3.66637e-12
4.40241e-06
-2.66338e-12
4.4024e-06
-2.93662e-12
4.4024e-06
-2.10009e-12
4.4024e-06
-1.9283e-12
4.4024e-06
-4.91695e-13
4.4024e-06
-2.00427e-13
4.4024e-06
1.87439e-12
4.4024e-06
1.0959e-12
4.4024e-06
3.56346e-12
4.40241e-06
2.93335e-12
4.40241e-06
5.27543e-12
4.40242e-06
5.08612e-12
4.40242e-06
6.51674e-12
4.40243e-06
6.42736e-12
4.40244e-06
7.16683e-12
4.40244e-06
5.98669e-12
4.40245e-06
6.07249e-12
4.40246e-06
2.07119e-12
4.40246e-06
5.55488e-12
4.40246e-06
-1.76923e-11
4.40244e-06
-8.85745e-11
4.40259e-06
-3.16696e-10
-4.494e-09
3.61166e-06
3.61573e-06
3.61844e-06
3.61892e-06
3.61885e-06
3.61878e-06
3.61874e-06
3.61872e-06
3.6187e-06
3.61866e-06
3.61853e-06
3.61835e-06
3.61816e-06
3.61802e-06
3.61793e-06
3.61801e-06
3.61817e-06
3.61833e-06
3.61844e-06
3.61849e-06
3.6185e-06
3.61851e-06
3.61852e-06
3.61852e-06
3.61853e-06
3.61853e-06
3.61854e-06
3.61855e-06
3.61856e-06
3.61857e-06
3.6186e-06
3.61862e-06
3.61864e-06
3.61867e-06
3.61873e-06
3.61882e-06
3.61885e-06
3.61879e-06
3.61874e-06
3.61874e-06
3.61877e-06
3.6188e-06
3.61884e-06
3.61886e-06
3.61888e-06
3.6189e-06
3.61892e-06
3.61893e-06
3.61894e-06
3.61894e-06
3.61895e-06
3.61896e-06
3.61896e-06
3.61896e-06
3.61896e-06
3.61896e-06
3.61896e-06
3.61896e-06
3.61896e-06
3.61896e-06
3.61895e-06
3.61895e-06
3.61895e-06
3.61895e-06
3.61895e-06
3.61895e-06
3.61895e-06
3.61894e-06
3.61894e-06
3.61894e-06
3.61894e-06
3.61894e-06
3.61893e-06
3.61893e-06
3.61893e-06
3.61893e-06
3.61892e-06
3.61892e-06
3.61892e-06
3.61891e-06
3.61891e-06
3.61891e-06
3.61891e-06
3.61891e-06
3.61891e-06
3.61892e-06
3.61892e-06
3.61893e-06
3.61893e-06
3.61894e-06
3.61894e-06
3.61895e-06
3.61896e-06
3.61896e-06
3.61897e-06
3.61897e-06
3.61895e-06
3.61886e-06
3.61855e-06
)
;

boundaryField
{
    inlet
    {
        type            cyclic;
        value           nonuniform List<scalar> 
50
(
-5.95825e-06
-5.84781e-06
-5.72031e-06
-5.57018e-06
-5.38858e-06
-5.16016e-06
-4.85505e-06
-4.40518e-06
-3.61743e-06
-6.0553e-06
-6.14153e-06
-6.21873e-06
-6.28822e-06
-6.35095e-06
-6.40759e-06
-6.45865e-06
-6.50443e-06
-6.54516e-06
-6.58094e-06
-6.61178e-06
-6.63767e-06
-6.65852e-06
-6.67423e-06
-6.68471e-06
-6.68987e-06
-6.68966e-06
-6.6841e-06
-6.67323e-06
-6.65715e-06
-6.63597e-06
-6.60978e-06
-6.57866e-06
-6.54265e-06
-6.50173e-06
-6.45578e-06
-6.4046e-06
-6.34787e-06
-6.28508e-06
-6.21557e-06
-6.13836e-06
-6.05216e-06
-5.95513e-06
-5.84474e-06
-5.71727e-06
-5.56718e-06
-5.38563e-06
-5.15738e-06
-4.85286e-06
-4.40471e-06
-3.61405e-06
)
;
    }
    outlet
    {
        type            cyclic;
        value           nonuniform List<scalar> 
50
(
5.95825e-06
5.84781e-06
5.72031e-06
5.57018e-06
5.38858e-06
5.16016e-06
4.85505e-06
4.40518e-06
3.61743e-06
6.0553e-06
6.14153e-06
6.21873e-06
6.28822e-06
6.35095e-06
6.40759e-06
6.45865e-06
6.50443e-06
6.54516e-06
6.58094e-06
6.61178e-06
6.63767e-06
6.65852e-06
6.67423e-06
6.68471e-06
6.68987e-06
6.68966e-06
6.6841e-06
6.67323e-06
6.65715e-06
6.63597e-06
6.60978e-06
6.57866e-06
6.54265e-06
6.50173e-06
6.45578e-06
6.4046e-06
6.34787e-06
6.28508e-06
6.21557e-06
6.13836e-06
6.05216e-06
5.95513e-06
5.84474e-06
5.71727e-06
5.56718e-06
5.38563e-06
5.15738e-06
4.85286e-06
4.40471e-06
3.61405e-06
)
;
    }
    bottomWall
    {
        type            calculated;
        value           uniform 0;
    }
    topWall
    {
        type            calculated;
        value           uniform 0;
    }
    frontAndBack
    {
        type            empty;
    }
}


// ************************************************************************* //
