/*--------------------------------*- C++ -*----------------------------------*\
  =========                 |
  \\      /  F ield         | OpenFOAM: The Open Source CFD Toolbox
   \\    /   O peration     | Website:  https://openfoam.org
    \\  /    A nd           | Version:  11
     \\/     M anipulation  |
\*---------------------------------------------------------------------------*/
FoamFile
{
    format      ascii;
    class       volVectorField;
    location    "300";
    object      U;
}
// * * * * * * * * * * * * * * * * * * * * * * * * * * * * * * * * * * * * * //

dimensions      [0 1 -1 0 0 0 0];

internalField   nonuniform List<vector> 
5000
(
(6.03925 -0.000424015 0)
(6.02123 -0.00155079 0)
(6.01622 -0.000680108 0)
(6.0145 0.000625036 0)
(6.02121 0.000969417 0)
(6.01905 0.000254265 0)
(6.01802 0.000185428 0)
(6.01762 9.69368e-05 0)
(6.01745 4.3955e-05 0)
(6.01736 1.95868e-05 0)
(6.01725 1.14503e-05 0)
(6.017 0.000375513 0)
(6.02808 0.000920394 0)
(6.04115 0.000755584 0)
(6.05011 0.000402323 0)
(6.05465 -0.00124558 0)
(6.02579 -0.00193095 0)
(6.0154 -0.000706736 0)
(6.012 -0.000249657 0)
(6.01089 -8.73111e-05 0)
(6.01052 -3.03546e-05 0)
(6.01041 -1.07145e-05 0)
(6.01037 -3.777e-06 0)
(6.01036 -1.61723e-06 0)
(6.01036 -7.58644e-07 0)
(6.01037 -6.1788e-07 0)
(6.01038 -4.85647e-07 0)
(6.0104 -6.6882e-07 0)
(6.01042 -5.07574e-07 0)
(6.01045 -6.86951e-07 0)
(6.01047 -5.55218e-07 0)
(6.01049 -7.87294e-07 0)
(6.01052 -6.80305e-07 0)
(6.01054 -1.47192e-06 0)
(6.01053 1.7646e-06 0)
(6.01069 -0.000149687 0)
(6.01159 0.000753542 0)
(6.02004 0.0008948 0)
(6.01867 0.000143331 0)
(6.01791 0.000103892 0)
(6.01764 4.51674e-05 0)
(6.01756 1.3486e-05 0)
(6.01755 1.18715e-06 0)
(6.01757 -2.40277e-06 0)
(6.0176 -2.58928e-06 0)
(6.01763 -2.07015e-06 0)
(6.01766 -1.42451e-06 0)
(6.01768 -1.01498e-06 0)
(6.0177 -6.778e-07 0)
(6.01772 -4.94853e-07 0)
(6.01773 -2.93036e-07 0)
(6.01774 -2.59064e-07 0)
(6.01775 -1.65064e-07 0)
(6.01775 -1.61088e-07 0)
(6.01776 -5.91196e-08 0)
(6.01776 -8.26885e-08 0)
(6.01776 -4.92343e-08 0)
(6.01777 -9.02825e-08 0)
(6.01777 -2.91881e-08 0)
(6.01777 -4.58757e-08 0)
(6.01778 5.48779e-08 0)
(6.01778 3.07271e-08 0)
(6.01778 6.43512e-08 0)
(6.01777 2.85695e-08 0)
(6.01777 6.66906e-08 0)
(6.01777 2.85539e-08 0)
(6.01777 9.84404e-08 0)
(6.01776 5.906e-08 0)
(6.01776 7.90998e-08 0)
(6.01776 1.52698e-08 0)
(6.01775 8.1413e-08 0)
(6.01775 5.98319e-08 0)
(6.01775 1.11036e-07 0)
(6.01775 5.79656e-08 0)
(6.01775 7.24072e-08 0)
(6.01775 1.08536e-08 0)
(6.01775 2.57033e-08 0)
(6.01775 -1.85187e-08 0)
(6.01775 7.58799e-09 0)
(6.01775 -2.68101e-08 0)
(6.01775 2.41146e-08 0)
(6.01775 1.02785e-08 0)
(6.01775 5.95986e-08 0)
(6.01775 4.02546e-08 0)
(6.01774 1.11191e-07 0)
(6.01774 9.28646e-08 0)
(6.01773 1.68886e-07 0)
(6.01772 1.6387e-07 0)
(6.01772 2.29082e-07 0)
(6.01771 2.17132e-07 0)
(6.0177 2.5204e-07 0)
(6.01768 2.28878e-07 0)
(6.01767 2.4905e-07 0)
(6.01766 2.19239e-07 0)
(6.01765 3.38926e-07 0)
(6.01765 3.82401e-07 0)
(6.01765 1.123e-06 0)
(6.01757 5.13661e-06 0)
(6.01767 -5.42089e-05 0)
(6.01843 0.000459608 0)
(7.33876 -0.000155699 0)
(7.34707 -0.000568849 0)
(7.34744 -0.000427907 0)
(7.34621 0.00017113 0)
(7.34366 0.000481433 0)
(7.34537 0.000267005 0)
(7.34528 0.000135567 0)
(7.34507 6.4233e-05 0)
(7.34493 2.84895e-05 0)
(7.34485 1.39913e-05 0)
(7.34473 9.91236e-06 0)
(7.34482 0.000117188 0)
(7.34148 0.000276856 0)
(7.33861 0.000153673 0)
(7.33523 7.36893e-06 0)
(7.33429 -0.000288852 0)
(7.34709 -0.000450365 0)
(7.34898 -0.000246229 0)
(7.34885 -0.000105546 0)
(7.3486 -4.19855e-05 0)
(7.34848 -1.62585e-05 0)
(7.34843 -6.73351e-06 0)
(7.34841 -2.75502e-06 0)
(7.34841 -1.63053e-06 0)
(7.34841 -9.158e-07 0)
(7.34842 -9.18652e-07 0)
(7.34843 -7.13466e-07 0)
(7.34845 -1.05051e-06 0)
(7.34847 -7.94728e-07 0)
(7.34849 -1.20788e-06 0)
(7.34851 -9.69899e-07 0)
(7.34854 -1.38738e-06 0)
(7.34856 -1.21971e-06 0)
(7.34859 -2.24138e-06 0)
(7.34859 -1.30048e-06 0)
(7.34905 -0.000123826 0)
(7.34722 0.000134017 0)
(7.34377 0.000349093 0)
(7.34529 0.000152659 0)
(7.34525 6.14405e-05 0)
(7.34511 1.92598e-05 0)
(7.34504 1.37398e-06 0)
(7.34504 -3.96727e-06 0)
(7.34506 -4.64816e-06 0)
(7.34509 -3.63106e-06 0)
(7.34513 -2.7247e-06 0)
(7.34515 -1.87805e-06 0)
(7.34518 -1.45297e-06 0)
(7.3452 -9.87211e-07 0)
(7.34522 -8.03794e-07 0)
(7.34523 -5.22313e-07 0)
(7.34524 -4.79651e-07 0)
(7.34525 -3.21621e-07 0)
(7.34526 -3.14453e-07 0)
(7.34526 -1.49924e-07 0)
(7.34527 -1.72601e-07 0)
(7.34527 -9.46325e-08 0)
(7.34528 -1.50574e-07 0)
(7.34528 -5.23954e-08 0)
(7.34528 -1.01673e-07 0)
(7.34528 5.9828e-08 0)
(7.34529 1.58189e-09 0)
(7.34529 7.12064e-08 0)
(7.34528 1.82242e-08 0)
(7.34528 1.00309e-07 0)
(7.34528 4.28387e-08 0)
(7.34528 1.61282e-07 0)
(7.34527 1.07467e-07 0)
(7.34527 1.63258e-07 0)
(7.34527 7.04989e-08 0)
(7.34527 1.80532e-07 0)
(7.34526 1.11589e-07 0)
(7.34526 1.88539e-07 0)
(7.34526 8.24744e-08 0)
(7.34526 1.05378e-07 0)
(7.34526 -2.05362e-09 0)
(7.34526 2.99019e-08 0)
(7.34526 -5.09779e-08 0)
(7.34526 1.87171e-09 0)
(7.34526 -5.5586e-08 0)
(7.34526 3.48587e-08 0)
(7.34526 4.18313e-09 0)
(7.34526 9.64291e-08 0)
(7.34526 6.68265e-08 0)
(7.34525 2.01918e-07 0)
(7.34525 1.80057e-07 0)
(7.34524 3.21303e-07 0)
(7.34524 3.09044e-07 0)
(7.34523 4.26461e-07 0)
(7.34522 4.06202e-07 0)
(7.34521 4.76644e-07 0)
(7.3452 4.38609e-07 0)
(7.34518 4.80382e-07 0)
(7.34517 4.20474e-07 0)
(7.34516 5.93603e-07 0)
(7.34516 6.86656e-07 0)
(7.34515 1.43584e-06 0)
(7.34506 3.77895e-06 0)
(7.34533 -6.61528e-05 0)
(7.34491 1.5285e-05 0)
(8.08952 1.38226e-05 0)
(8.09205 -0.000210716 0)
(8.09187 -0.000254769 0)
(8.09095 -3.62006e-05 0)
(8.09151 0.000162895 0)
(8.09352 0.000137011 0)
(8.09403 8.04697e-05 0)
(8.09406 4.04526e-05 0)
(8.094 1.93105e-05 0)
(8.09394 1.17009e-05 0)
(8.09383 9.64479e-06 0)
(8.0939 8.14021e-05 0)
(8.09189 0.00017771 0)
(8.08937 0.000102886 0)
(8.08631 -1.78167e-05 0)
(8.08482 -8.97409e-05 0)
(8.09114 -0.000119689 0)
(8.09329 -7.83395e-05 0)
(8.0937 -3.89931e-05 0)
(8.09372 -1.79531e-05 0)
(8.09368 -7.81572e-06 0)
(8.09366 -4.03934e-06 0)
(8.09365 -1.8669e-06 0)
(8.09365 -1.64893e-06 0)
(8.09365 -1.04647e-06 0)
(8.09366 -1.29389e-06 0)
(8.09367 -1.02129e-06 0)
(8.09369 -1.56949e-06 0)
(8.09371 -1.19864e-06 0)
(8.09372 -1.93437e-06 0)
(8.09374 -1.58842e-06 0)
(8.09377 -2.2828e-06 0)
(8.09379 -2.08299e-06 0)
(8.09381 -3.52483e-06 0)
(8.09383 -5.12954e-06 0)
(8.09418 -6.72845e-05 0)
(8.0926 -3.33648e-05 0)
(8.09203 6.94578e-05 0)
(8.09359 4.26298e-05 0)
(8.09403 1.56993e-05 0)
(8.09409 -1.60201e-07 0)
(8.09409 -6.84606e-06 0)
(8.09411 -7.56737e-06 0)
(8.09414 -6.48817e-06 0)
(8.09417 -4.75757e-06 0)
(8.0942 -3.61364e-06 0)
(8.09423 -2.60878e-06 0)
(8.09426 -2.09056e-06 0)
(8.09428 -1.51519e-06 0)
(8.09429 -1.27858e-06 0)
(8.09431 -9.05823e-07 0)
(8.09432 -8.15332e-07 0)
(8.09433 -5.82779e-07 0)
(8.09434 -5.34167e-07 0)
(8.09435 -3.07143e-07 0)
(8.09435 -3.02403e-07 0)
(8.09436 -1.90294e-07 0)
(8.09436 -2.33586e-07 0)
(8.09437 -1.0758e-07 0)
(8.09437 -1.7542e-07 0)
(8.09437 2.92547e-08 0)
(8.09438 -5.19972e-08 0)
(8.09438 6.76775e-08 0)
(8.09438 4.55777e-09 0)
(8.09438 1.37124e-07 0)
(8.09438 8.58137e-08 0)
(8.09437 2.46804e-07 0)
(8.09437 1.9831e-07 0)
(8.09437 2.76089e-07 0)
(8.09436 1.79057e-07 0)
(8.09436 3.07944e-07 0)
(8.09436 1.98912e-07 0)
(8.09435 2.78141e-07 0)
(8.09435 1.17632e-07 0)
(8.09435 1.32701e-07 0)
(8.09435 -1.75282e-08 0)
(8.09435 1.83252e-08 0)
(8.09435 -9.31926e-08 0)
(8.09436 -2.24479e-08 0)
(8.09436 -9.46784e-08 0)
(8.09436 3.87927e-08 0)
(8.09436 -2.97813e-09 0)
(8.09436 1.41241e-07 0)
(8.09436 1.24653e-07 0)
(8.09435 3.3012e-07 0)
(8.09435 3.27204e-07 0)
(8.09434 5.42354e-07 0)
(8.09434 5.45634e-07 0)
(8.09433 7.23976e-07 0)
(8.09432 7.12975e-07 0)
(8.0943 8.2185e-07 0)
(8.09429 7.76448e-07 0)
(8.09428 8.31434e-07 0)
(8.09427 7.39692e-07 0)
(8.09426 9.19187e-07 0)
(8.09425 1.12922e-06 0)
(8.09424 1.69457e-06 0)
(8.09418 1.86009e-06 0)
(8.09438 -2.65887e-05 0)
(8.09379 4.50559e-05 0)
(8.59925 4.72766e-05 0)
(8.59942 -9.87508e-05 0)
(8.59886 -0.000171473 0)
(8.59822 -7.78248e-05 0)
(8.5992 5.17413e-05 0)
(8.60061 7.40963e-05 0)
(8.60115 5.29409e-05 0)
(8.60126 2.96013e-05 0)
(8.60124 1.58636e-05 0)
(8.6012 1.15801e-05 0)
(8.60111 9.06116e-06 0)
(8.60118 5.97839e-05 0)
(8.60045 0.000133386 0)
(8.59925 7.9854e-05 0)
(8.59758 -2.85579e-05 0)
(8.5966 -5.12646e-05 0)
(8.5987 -3.79009e-05 0)
(8.59974 -2.29306e-05 0)
(8.60001 -1.23907e-05 0)
(8.60004 -6.90655e-06 0)
(8.60003 -3.35505e-06 0)
(8.60001 -2.4538e-06 0)
(8.6 -1.19175e-06 0)
(8.6 -1.66447e-06 0)
(8.6 -1.09923e-06 0)
(8.60001 -1.5992e-06 0)
(8.60001 -1.25265e-06 0)
(8.60003 -2.01712e-06 0)
(8.60004 -1.5334e-06 0)
(8.60005 -2.59269e-06 0)
(8.60007 -2.13437e-06 0)
(8.60009 -3.10976e-06 0)
(8.60011 -2.8953e-06 0)
(8.60013 -4.81571e-06 0)
(8.60016 -7.71375e-06 0)
(8.60037 -3.37402e-05 0)
(8.59943 -4.0146e-05 0)
(8.59966 -1.63558e-06 0)
(8.6007 1.50941e-06 0)
(8.60116 -2.22694e-06 0)
(8.60129 -7.06404e-06 0)
(8.60133 -9.51623e-06 0)
(8.60135 -8.81111e-06 0)
(8.60138 -7.36618e-06 0)
(8.60141 -5.53242e-06 0)
(8.60144 -4.37482e-06 0)
(8.60147 -3.32003e-06 0)
(8.6015 -2.73184e-06 0)
(8.60152 -2.08032e-06 0)
(8.60154 -1.78108e-06 0)
(8.60155 -1.33972e-06 0)
(8.60157 -1.18576e-06 0)
(8.60158 -8.93881e-07 0)
(8.60159 -7.84035e-07 0)
(8.6016 -5.11368e-07 0)
(8.6016 -4.60274e-07 0)
(8.60161 -3.29949e-07 0)
(8.60161 -3.41687e-07 0)
(8.60162 -2.04445e-07 0)
(8.60162 -2.74575e-07 0)
(8.60163 -4.59724e-08 0)
(8.60163 -1.37556e-07 0)
(8.60163 2.85248e-08 0)
(8.60164 -2.73848e-08 0)
(8.60164 1.45613e-07 0)
(8.60163 1.26938e-07 0)
(8.60163 3.12623e-07 0)
(8.60163 2.923e-07 0)
(8.60163 3.80156e-07 0)
(8.60162 2.98405e-07 0)
(8.60162 4.31501e-07 0)
(8.60162 2.93195e-07 0)
(8.60162 3.57522e-07 0)
(8.60161 1.4861e-07 0)
(8.60161 1.42837e-07 0)
(8.60161 -4.18745e-08 0)
(8.60162 -1.2575e-08 0)
(8.60162 -1.52994e-07 0)
(8.60162 -7.14745e-08 0)
(8.60162 -1.50841e-07 0)
(8.60162 1.26882e-08 0)
(8.60162 -2.13173e-08 0)
(8.60163 1.69766e-07 0)
(8.60162 1.81412e-07 0)
(8.60162 4.45643e-07 0)
(8.60162 4.78747e-07 0)
(8.60161 7.62883e-07 0)
(8.6016 7.97969e-07 0)
(8.60159 1.03583e-06 0)
(8.60158 1.04779e-06 0)
(8.60157 1.19453e-06 0)
(8.60156 1.15038e-06 0)
(8.60154 1.2135e-06 0)
(8.60153 1.09583e-06 0)
(8.60152 1.25702e-06 0)
(8.60151 1.59938e-06 0)
(8.6015 1.90916e-06 0)
(8.60145 7.74797e-07 0)
(8.60156 6.35579e-06 0)
(8.60111 6.42555e-05 0)
(8.98053 4.49277e-05 0)
(8.98029 -6.19822e-05 0)
(8.9798 -0.000132155 0)
(8.97938 -8.33268e-05 0)
(8.97996 1.22868e-05 0)
(8.98076 4.54208e-05 0)
(8.98113 3.99316e-05 0)
(8.98123 2.5067e-05 0)
(8.98123 1.50636e-05 0)
(8.9812 1.23044e-05 0)
(8.98113 8.86102e-06 0)
(8.98118 5.07283e-05 0)
(8.98096 0.000111295 0)
(8.98048 6.1801e-05 0)
(8.9797 -3.98286e-05 0)
(8.97918 -4.74695e-05 0)
(8.9798 -1.83726e-05 0)
(8.98021 -5.17644e-06 0)
(8.98033 -1.85726e-06 0)
(8.98034 -1.65827e-06 0)
(8.98032 -7.69672e-07 0)
(8.9803 -1.36462e-06 0)
(8.98029 -5.85372e-07 0)
(8.98028 -1.5915e-06 0)
(8.98028 -1.06003e-06 0)
(8.98028 -1.79392e-06 0)
(8.98029 -1.37881e-06 0)
(8.9803 -2.35058e-06 0)
(8.98031 -1.77435e-06 0)
(8.98032 -3.12999e-06 0)
(8.98033 -2.57022e-06 0)
(8.98035 -3.80659e-06 0)
(8.98036 -3.59542e-06 0)
(8.98038 -5.94071e-06 0)
(8.98041 -8.99863e-06 0)
(8.98052 -1.57896e-05 0)
(8.98005 -2.51728e-05 0)
(8.98025 -1.49335e-05 0)
(8.98083 -1.08478e-05 0)
(8.98114 -7.72175e-06 0)
(8.98126 -8.60042e-06 0)
(8.9813 -9.86161e-06 0)
(8.98133 -9.04991e-06 0)
(8.98136 -7.80627e-06 0)
(8.98139 -6.1128e-06 0)
(8.98142 -5.04152e-06 0)
(8.98144 -3.98737e-06 0)
(8.98147 -3.35146e-06 0)
(8.98149 -2.64594e-06 0)
(8.98151 -2.29159e-06 0)
(8.98152 -1.79499e-06 0)
(8.98154 -1.57849e-06 0)
(8.98155 -1.23309e-06 0)
(8.98156 -1.06071e-06 0)
(8.98157 -7.48564e-07 0)
(8.98158 -6.51132e-07 0)
(8.98158 -5.07384e-07 0)
(8.98159 -4.855e-07 0)
(8.9816 -3.45797e-07 0)
(8.9816 -4.12089e-07 0)
(8.98161 -1.65335e-07 0)
(8.98161 -2.5597e-07 0)
(8.98162 -4.85784e-08 0)
(8.98162 -7.65667e-08 0)
(8.98162 1.33671e-07 0)
(8.98162 1.57631e-07 0)
(8.98162 3.65596e-07 0)
(8.98161 3.80215e-07 0)
(8.98161 4.7619e-07 0)
(8.98161 4.12261e-07 0)
(8.98161 5.43258e-07 0)
(8.9816 3.77769e-07 0)
(8.9816 4.18384e-07 0)
(8.9816 1.65089e-07 0)
(8.9816 1.33009e-07 0)
(8.9816 -8.75838e-08 0)
(8.9816 -6.95721e-08 0)
(8.98161 -2.33958e-07 0)
(8.98161 -1.46685e-07 0)
(8.98161 -2.28011e-07 0)
(8.98162 -4.20132e-08 0)
(8.98162 -5.33712e-08 0)
(8.98162 1.85765e-07 0)
(8.98162 2.30187e-07 0)
(8.98161 5.52131e-07 0)
(8.98161 6.31098e-07 0)
(8.9816 9.83562e-07 0)
(8.9816 1.06135e-06 0)
(8.98158 1.35962e-06 0)
(8.98157 1.40286e-06 0)
(8.98156 1.58742e-06 0)
(8.98155 1.54817e-06 0)
(8.98153 1.61537e-06 0)
(8.98152 1.47091e-06 0)
(8.98151 1.60217e-06 0)
(8.9815 2.04902e-06 0)
(8.98148 2.11257e-06 0)
(8.98145 3.8049e-07 0)
(8.98149 2.6842e-05 0)
(8.98125 7.57705e-05 0)
(9.28342 3.90628e-05 0)
(9.28319 -5.05658e-05 0)
(9.28285 -0.000113595 0)
(9.2826 -8.03935e-05 0)
(9.28287 -8.76761e-07 0)
(9.28329 3.36712e-05 0)
(9.28351 3.43209e-05 0)
(9.28358 2.35549e-05 0)
(9.28358 1.54005e-05 0)
(9.28355 1.3264e-05 0)
(9.2835 9.44319e-06 0)
(9.28353 4.8015e-05 0)
(9.28349 9.97882e-05 0)
(9.28332 4.88748e-05 0)
(9.28298 -5.0318e-05 0)
(9.2827 -5.15815e-05 0)
(9.28286 -1.58371e-05 0)
(9.28301 -1.7129e-07 0)
(9.28305 2.28067e-06 0)
(9.28305 1.0079e-06 0)
(9.28303 9.03694e-07 0)
(9.28301 -5.17169e-07 0)
(9.28299 -2.27938e-08 0)
(9.28298 -1.41806e-06 0)
(9.28298 -9.37406e-07 0)
(9.28298 -1.87197e-06 0)
(9.28298 -1.41016e-06 0)
(9.28298 -2.56484e-06 0)
(9.28299 -1.92306e-06 0)
(9.283 -3.52938e-06 0)
(9.283 -2.8917e-06 0)
(9.28302 -4.35818e-06 0)
(9.28303 -4.16747e-06 0)
(9.28304 -6.86246e-06 0)
(9.28306 -9.50256e-06 0)
(9.28313 -7.30633e-06 0)
(9.28292 -1.31906e-05 0)
(9.28303 -1.29564e-05 0)
(9.28332 -1.2444e-05 0)
(9.28351 -8.17982e-06 0)
(9.2836 -8.14437e-06 0)
(9.28364 -9.42818e-06 0)
(9.28367 -8.95704e-06 0)
(9.2837 -8.08658e-06 0)
(9.28372 -6.5915e-06 0)
(9.28375 -5.65054e-06 0)
(9.28377 -4.61002e-06 0)
(9.28379 -3.94439e-06 0)
(9.28381 -3.19916e-06 0)
(9.28383 -2.80175e-06 0)
(9.28385 -2.25808e-06 0)
(9.28386 -1.98554e-06 0)
(9.28387 -1.5888e-06 0)
(9.28388 -1.35969e-06 0)
(9.28389 -1.01035e-06 0)
(9.2839 -8.7447e-07 0)
(9.28391 -7.17992e-07 0)
(9.28392 -6.69048e-07 0)
(9.28393 -5.29447e-07 0)
(9.28393 -5.89513e-07 0)
(9.28394 -3.23289e-07 0)
(9.28394 -4.02794e-07 0)
(9.28395 -1.5167e-07 0)
(9.28395 -1.42237e-07 0)
(9.28395 1.1271e-07 0)
(9.28395 1.74023e-07 0)
(9.28395 4.11764e-07 0)
(9.28395 4.60183e-07 0)
(9.28395 5.65614e-07 0)
(9.28394 5.1506e-07 0)
(9.28394 6.40826e-07 0)
(9.28394 4.4559e-07 0)
(9.28394 4.57062e-07 0)
(9.28394 1.61865e-07 0)
(9.28394 1.00148e-07 0)
(9.28394 -1.6029e-07 0)
(9.28394 -1.54533e-07 0)
(9.28395 -3.40827e-07 0)
(9.28395 -2.48113e-07 0)
(9.28396 -3.27846e-07 0)
(9.28396 -1.16017e-07 0)
(9.28396 -1.00334e-07 0)
(9.28396 1.90232e-07 0)
(9.28396 2.73483e-07 0)
(9.28396 6.56704e-07 0)
(9.28395 7.88678e-07 0)
(9.28395 1.21234e-06 0)
(9.28394 1.34077e-06 0)
(9.28393 1.70243e-06 0)
(9.28392 1.78123e-06 0)
(9.2839 2.00431e-06 0)
(9.28389 1.96904e-06 0)
(9.28387 2.03627e-06 0)
(9.28386 1.85961e-06 0)
(9.28385 1.9519e-06 0)
(9.28384 2.47364e-06 0)
(9.28382 2.33165e-06 0)
(9.2838 6.14747e-07 0)
(9.28381 3.79064e-05 0)
(9.28372 8.11525e-05 0)
(9.5337 3.66916e-05 0)
(9.53352 -4.77202e-05 0)
(9.53329 -0.00010489 0)
(9.53313 -7.67493e-05 0)
(9.53326 -5.04454e-06 0)
(9.53348 2.89731e-05 0)
(9.53362 3.20393e-05 0)
(9.53366 2.32931e-05 0)
(9.53366 1.6095e-05 0)
(9.53364 1.41707e-05 0)
(9.5336 1.05231e-05 0)
(9.53362 4.78934e-05 0)
(9.53364 9.41283e-05 0)
(9.5336 3.99547e-05 0)
(9.53344 -5.91206e-05 0)
(9.53328 -5.58163e-05 0)
(9.53331 -1.7444e-05 0)
(9.53336 6.6626e-07 0)
(9.53338 3.88562e-06 0)
(9.53336 2.50129e-06 0)
(9.53334 2.09304e-06 0)
(9.53332 2.06921e-07 0)
(9.53331 5.05367e-07 0)
(9.5333 -1.16705e-06 0)
(9.53329 -7.43443e-07 0)
(9.53329 -1.84201e-06 0)
(9.53328 -1.36831e-06 0)
(9.53329 -2.66408e-06 0)
(9.53329 -1.98928e-06 0)
(9.53329 -3.78905e-06 0)
(9.5333 -3.09372e-06 0)
(9.5333 -4.76626e-06 0)
(9.53331 -4.59311e-06 0)
(9.53332 -7.57672e-06 0)
(9.53334 -9.59524e-06 0)
(9.53338 -3.64318e-06 0)
(9.53329 -6.74144e-06 0)
(9.53335 -8.03385e-06 0)
(9.5335 -1.11162e-05 0)
(9.53362 -7.14359e-06 0)
(9.53368 -7.22882e-06 0)
(9.53372 -8.88451e-06 0)
(9.53374 -8.82069e-06 0)
(9.53377 -8.32104e-06 0)
(9.53379 -7.01572e-06 0)
(9.53381 -6.20089e-06 0)
(9.53383 -5.18151e-06 0)
(9.53385 -4.50076e-06 0)
(9.53387 -3.72766e-06 0)
(9.53389 -3.29934e-06 0)
(9.5339 -2.71583e-06 0)
(9.53392 -2.39525e-06 0)
(9.53393 -1.94981e-06 0)
(9.53394 -1.67241e-06 0)
(9.53395 -1.28877e-06 0)
(9.53396 -1.12443e-06 0)
(9.53397 -9.56487e-07 0)
(9.53398 -8.90115e-07 0)
(9.53398 -7.49876e-07 0)
(9.53399 -8.01387e-07 0)
(9.534 -5.12787e-07 0)
(9.53401 -5.70056e-07 0)
(9.53401 -2.7203e-07 0)
(9.53401 -2.2064e-07 0)
(9.53402 8.51079e-08 0)
(9.53402 1.80789e-07 0)
(9.53402 4.53784e-07 0)
(9.53401 5.31546e-07 0)
(9.53401 6.47554e-07 0)
(9.53401 6.03744e-07 0)
(9.53401 7.2138e-07 0)
(9.534 4.93209e-07 0)
(9.534 4.72119e-07 0)
(9.53401 1.32548e-07 0)
(9.53401 4.13007e-08 0)
(9.53401 -2.59989e-07 0)
(9.53401 -2.68552e-07 0)
(9.53402 -4.74072e-07 0)
(9.53402 -3.75324e-07 0)
(9.53403 -4.48593e-07 0)
(9.53403 -2.07754e-07 0)
(9.53404 -1.58541e-07 0)
(9.53404 1.84979e-07 0)
(9.53404 3.14632e-07 0)
(9.53403 7.64957e-07 0)
(9.53403 9.54622e-07 0)
(9.53402 1.45245e-06 0)
(9.53401 1.63916e-06 0)
(9.534 2.06606e-06 0)
(9.53399 2.18366e-06 0)
(9.53397 2.44373e-06 0)
(9.53396 2.41054e-06 0)
(9.53394 2.47168e-06 0)
(9.53393 2.25628e-06 0)
(9.53392 2.30061e-06 0)
(9.53391 2.87099e-06 0)
(9.53389 2.56308e-06 0)
(9.53387 1.38987e-06 0)
(9.53387 4.30538e-05 0)
(9.53387 8.39635e-05 0)
(9.74623 3.71545e-05 0)
(9.74607 -4.68848e-05 0)
(9.74591 -0.000100802 0)
(9.74581 -7.43281e-05 0)
(9.74587 -6.34113e-06 0)
(9.74601 2.68169e-05 0)
(9.7461 3.10644e-05 0)
(9.74614 2.34025e-05 0)
(9.74614 1.67738e-05 0)
(9.74612 1.48992e-05 0)
(9.74609 1.16711e-05 0)
(9.74611 4.88241e-05 0)
(9.74615 9.11168e-05 0)
(9.74616 3.38526e-05 0)
(9.74608 -6.52085e-05 0)
(9.74598 -5.89335e-05 0)
(9.74597 -1.96218e-05 0)
(9.74599 2.40838e-07 0)
(9.746 4.45531e-06 0)
(9.74598 3.41488e-06 0)
(9.74596 2.95893e-06 0)
(9.74595 8.61879e-07 0)
(9.74593 1.00524e-06 0)
(9.74592 -8.67301e-07 0)
(9.74591 -4.98718e-07 0)
(9.74591 -1.72062e-06 0)
(9.7459 -1.25339e-06 0)
(9.7459 -2.6527e-06 0)
(9.7459 -1.98627e-06 0)
(9.7459 -3.90005e-06 0)
(9.7459 -3.19469e-06 0)
(9.7459 -5.02241e-06 0)
(9.74591 -4.88155e-06 0)
(9.74591 -8.09116e-06 0)
(9.74592 -9.45091e-06 0)
(9.74595 -2.28566e-06 0)
(9.74592 -3.69774e-06 0)
(9.74595 -4.62462e-06 0)
(9.74603 -9.33276e-06 0)
(9.74611 -5.97577e-06 0)
(9.74616 -6.42523e-06 0)
(9.74619 -8.47385e-06 0)
(9.74621 -8.74182e-06 0)
(9.74623 -8.54689e-06 0)
(9.74625 -7.39844e-06 0)
(9.74627 -6.68633e-06 0)
(9.74628 -5.6967e-06 0)
(9.7463 -5.01147e-06 0)
(9.74632 -4.2194e-06 0)
(9.74633 -3.77248e-06 0)
(9.74635 -3.15533e-06 0)
(9.74636 -2.79593e-06 0)
(9.74637 -2.30474e-06 0)
(9.74639 -1.98967e-06 0)
(9.7464 -1.57488e-06 0)
(9.7464 -1.39387e-06 0)
(9.74641 -1.21566e-06 0)
(9.74642 -1.14279e-06 0)
(9.74643 -9.98747e-07 0)
(9.74644 -1.03967e-06 0)
(9.74645 -7.25112e-07 0)
(9.74646 -7.50658e-07 0)
(9.74646 -4.04224e-07 0)
(9.74646 -3.06465e-07 0)
(9.74647 5.29514e-08 0)
(9.74647 1.81713e-07 0)
(9.74647 4.93214e-07 0)
(9.74646 5.93127e-07 0)
(9.74646 7.20831e-07 0)
(9.74646 6.76052e-07 0)
(9.74646 7.82551e-07 0)
(9.74646 5.19218e-07 0)
(9.74646 4.62184e-07 0)
(9.74646 7.55012e-08 0)
(9.74646 -4.51296e-08 0)
(9.74647 -3.86614e-07 0)
(9.74647 -4.10381e-07 0)
(9.74648 -6.32835e-07 0)
(9.74648 -5.2552e-07 0)
(9.74649 -5.87928e-07 0)
(9.74649 -3.13777e-07 0)
(9.74649 -2.25106e-07 0)
(9.7465 1.7388e-07 0)
(9.7465 3.56856e-07 0)
(9.74649 8.80323e-07 0)
(9.74649 1.133e-06 0)
(9.74648 1.70645e-06 0)
(9.74647 1.95698e-06 0)
(9.74646 2.45065e-06 0)
(9.74644 2.608e-06 0)
(9.74643 2.90286e-06 0)
(9.74641 2.86786e-06 0)
(9.7464 2.9164e-06 0)
(9.74638 2.65461e-06 0)
(9.74637 2.64285e-06 0)
(9.74636 3.24017e-06 0)
(9.74635 2.79201e-06 0)
(9.74633 2.33405e-06 0)
(9.74633 4.54171e-05 0)
(9.74636 8.58064e-05 0)
(9.93029 3.9561e-05 0)
(9.93014 -4.61688e-05 0)
(9.93001 -9.89579e-05 0)
(9.92996 -7.30885e-05 0)
(9.93 -7.11423e-06 0)
(9.9301 2.54558e-05 0)
(9.93017 3.04756e-05 0)
(9.9302 2.34727e-05 0)
(9.93021 1.72775e-05 0)
(9.9302 1.54492e-05 0)
(9.93018 1.26562e-05 0)
(9.93019 5.00065e-05 0)
(9.93024 8.87512e-05 0)
(9.93028 2.96896e-05 0)
(9.93023 -6.86192e-05 0)
(9.93015 -6.08569e-05 0)
(9.93014 -2.14938e-05 0)
(9.93015 -4.98211e-07 0)
(9.93016 4.57447e-06 0)
(9.93015 4.00053e-06 0)
(9.93013 3.60243e-06 0)
(9.93012 1.4311e-06 0)
(9.9301 1.46858e-06 0)
(9.93009 -5.41208e-07 0)
(9.93008 -2.22356e-07 0)
(9.93008 -1.52748e-06 0)
(9.93007 -1.06807e-06 0)
(9.93006 -2.54065e-06 0)
(9.93006 -1.89557e-06 0)
(9.93006 -3.89682e-06 0)
(9.93005 -3.19925e-06 0)
(9.93005 -5.12536e-06 0)
(9.93005 -5.03895e-06 0)
(9.93006 -8.41997e-06 0)
(9.93006 -9.15633e-06 0)
(9.93008 -1.93039e-06 0)
(9.93007 -2.69089e-06 0)
(9.93008 -2.99511e-06 0)
(9.93013 -7.90202e-06 0)
(9.93019 -5.11664e-06 0)
(9.93023 -5.89321e-06 0)
(9.93025 -8.23644e-06 0)
(9.93027 -8.73264e-06 0)
(9.93029 -8.76519e-06 0)
(9.9303 -7.73733e-06 0)
(9.93032 -7.10599e-06 0)
(9.93033 -6.14923e-06 0)
(9.93035 -5.46716e-06 0)
(9.93036 -4.66447e-06 0)
(9.93038 -4.20953e-06 0)
(9.93039 -3.56565e-06 0)
(9.9304 -3.17574e-06 0)
(9.93041 -2.64372e-06 0)
(9.93042 -2.30135e-06 0)
(9.93043 -1.86025e-06 0)
(9.93044 -1.67384e-06 0)
(9.93045 -1.48776e-06 0)
(9.93046 -1.41742e-06 0)
(9.93047 -1.26691e-06 0)
(9.93048 -1.29465e-06 0)
(9.93049 -9.50881e-07 0)
(9.9305 -9.38878e-07 0)
(9.9305 -5.40403e-07 0)
(9.93051 -3.93735e-07 0)
(9.93051 1.99064e-08 0)
(9.93051 1.80165e-07 0)
(9.93051 5.30951e-07 0)
(9.9305 6.45234e-07 0)
(9.9305 7.83928e-07 0)
(9.9305 7.32354e-07 0)
(9.9305 8.23348e-07 0)
(9.9305 5.24655e-07 0)
(9.9305 4.27689e-07 0)
(9.9305 -7.41647e-09 0)
(9.93051 -1.59817e-07 0)
(9.93051 -5.38948e-07 0)
(9.93052 -5.7816e-07 0)
(9.93052 -8.1409e-07 0)
(9.93053 -6.95529e-07 0)
(9.93054 -7.41976e-07 0)
(9.93054 -4.30651e-07 0)
(9.93054 -2.96375e-07 0)
(9.93055 1.578e-07 0)
(9.93054 4.0603e-07 0)
(9.93054 1.0046e-06 0)
(9.93054 1.3253e-06 0)
(9.93053 1.97627e-06 0)
(9.93052 2.29406e-06 0)
(9.93051 2.85436e-06 0)
(9.93049 3.05155e-06 0)
(9.93048 3.37726e-06 0)
(9.93046 3.33621e-06 0)
(9.93044 3.36453e-06 0)
(9.93043 3.04939e-06 0)
(9.93042 2.97291e-06 0)
(9.93041 3.58496e-06 0)
(9.9304 2.99547e-06 0)
(9.93038 3.26213e-06 0)
(9.93038 4.65065e-05 0)
(9.93042 8.74685e-05 0)
(10.092 4.31395e-05 0)
(10.0919 -4.51115e-05 0)
(10.0918 -9.80722e-05 0)
(10.0918 -7.2756e-05 0)
(10.0918 -8.08697e-06 0)
(10.0919 2.42214e-05 0)
(10.092 2.98303e-05 0)
(10.092 2.33698e-05 0)
(10.092 1.75615e-05 0)
(10.092 1.5796e-05 0)
(10.092 1.34312e-05 0)
(10.092 5.10291e-05 0)
(10.0921 8.63712e-05 0)
(10.0921 2.674e-05 0)
(10.0921 -7.02725e-05 0)
(10.092 -6.18289e-05 0)
(10.092 -2.2941e-05 0)
(10.092 -1.27419e-06 0)
(10.092 4.47526e-06 0)
(10.092 4.37164e-06 0)
(10.092 4.07097e-06 0)
(10.092 1.91134e-06 0)
(10.092 1.88006e-06 0)
(10.092 -2.08859e-07 0)
(10.0919 6.95205e-08 0)
(10.0919 -1.28272e-06 0)
(10.0919 -8.2955e-07 0)
(10.0919 -2.35308e-06 0)
(10.0919 -1.72507e-06 0)
(10.0919 -3.8017e-06 0)
(10.0919 -3.10325e-06 0)
(10.0919 -5.09433e-06 0)
(10.0919 -5.07677e-06 0)
(10.0919 -8.5726e-06 0)
(10.0919 -8.74342e-06 0)
(10.0919 -1.96042e-06 0)
(10.0919 -2.62887e-06 0)
(10.0919 -2.41648e-06 0)
(10.0919 -7.00111e-06 0)
(10.092 -4.59006e-06 0)
(10.092 -5.60728e-06 0)
(10.092 -8.13383e-06 0)
(10.092 -8.76862e-06 0)
(10.0921 -8.96246e-06 0)
(10.0921 -8.02321e-06 0)
(10.0921 -7.45904e-06 0)
(10.0921 -6.52605e-06 0)
(10.0921 -5.85867e-06 0)
(10.0921 -5.05268e-06 0)
(10.0921 -4.59863e-06 0)
(10.0921 -3.93641e-06 0)
(10.0922 -3.52267e-06 0)
(10.0922 -2.95699e-06 0)
(10.0922 -2.59778e-06 0)
(10.0922 -2.13576e-06 0)
(10.0922 -1.95537e-06 0)
(10.0922 -1.76363e-06 0)
(10.0922 -1.70387e-06 0)
(10.0922 -1.54396e-06 0)
(10.0922 -1.55669e-06 0)
(10.0922 -1.17952e-06 0)
(10.0922 -1.12703e-06 0)
(10.0923 -6.73837e-07 0)
(10.0923 -4.77552e-07 0)
(10.0923 -1.00194e-08 0)
(10.0923 1.78882e-07 0)
(10.0923 5.68146e-07 0)
(10.0923 6.88302e-07 0)
(10.0923 8.37912e-07 0)
(10.0923 7.73388e-07 0)
(10.0923 8.45243e-07 0)
(10.0923 5.06063e-07 0)
(10.0923 3.6967e-07 0)
(10.0923 -1.14836e-07 0)
(10.0923 -3.00248e-07 0)
(10.0923 -7.15086e-07 0)
(10.0923 -7.68236e-07 0)
(10.0923 -1.01418e-06 0)
(10.0923 -8.80849e-07 0)
(10.0923 -9.06874e-07 0)
(10.0923 -5.53744e-07 0)
(10.0923 -3.69505e-07 0)
(10.0923 1.40487e-07 0)
(10.0923 4.63165e-07 0)
(10.0923 1.14234e-06 0)
(10.0923 1.53206e-06 0)
(10.0923 2.26222e-06 0)
(10.0923 2.64866e-06 0)
(10.0923 3.27474e-06 0)
(10.0922 3.51019e-06 0)
(10.0922 3.86249e-06 0)
(10.0922 3.81013e-06 0)
(10.0922 3.8111e-06 0)
(10.0922 3.43568e-06 0)
(10.0922 3.28636e-06 0)
(10.0922 3.89572e-06 0)
(10.0922 3.16935e-06 0)
(10.0921 4.09519e-06 0)
(10.0921 4.69783e-05 0)
(10.0922 8.92459e-05 0)
(10.2358 4.73566e-05 0)
(10.2356 -4.36582e-05 0)
(10.2355 -9.7646e-05 0)
(10.2355 -7.3009e-05 0)
(10.2355 -9.4124e-06 0)
(10.2356 2.28522e-05 0)
(10.2357 2.89742e-05 0)
(10.2357 2.30714e-05 0)
(10.2357 1.75919e-05 0)
(10.2357 1.58887e-05 0)
(10.2357 1.39823e-05 0)
(10.2358 5.17268e-05 0)
(10.2358 8.38908e-05 0)
(10.2359 2.44984e-05 0)
(10.2358 -7.08042e-05 0)
(10.2358 -6.21189e-05 0)
(10.2358 -2.40485e-05 0)
(10.2358 -2.02705e-06 0)
(10.2358 4.25368e-06 0)
(10.2358 4.58398e-06 0)
(10.2358 4.39137e-06 0)
(10.2358 2.29674e-06 0)
(10.2358 2.23441e-06 0)
(10.2358 1.12563e-07 0)
(10.2358 3.63945e-07 0)
(10.2357 -1.00555e-06 0)
(10.2357 -5.62184e-07 0)
(10.2357 -2.10318e-06 0)
(10.2357 -1.50623e-06 0)
(10.2357 -3.61879e-06 0)
(10.2357 -2.91343e-06 0)
(10.2357 -4.94255e-06 0)
(10.2357 -5.00613e-06 0)
(10.2357 -8.56564e-06 0)
(10.2357 -8.22645e-06 0)
(10.2357 -2.08418e-06 0)
(10.2357 -2.97682e-06 0)
(10.2357 -2.34899e-06 0)
(10.2357 -6.45883e-06 0)
(10.2357 -4.30532e-06 0)
(10.2358 -5.47793e-06 0)
(10.2358 -8.10355e-06 0)
(10.2358 -8.81575e-06 0)
(10.2358 -9.11919e-06 0)
(10.2358 -8.24362e-06 0)
(10.2358 -7.73497e-06 0)
(10.2358 -6.82141e-06 0)
(10.2358 -6.17829e-06 0)
(10.2358 -5.37747e-06 0)
(10.2358 -4.93169e-06 0)
(10.2359 -4.25973e-06 0)
(10.2359 -3.82622e-06 0)
(10.2359 -3.23753e-06 0)
(10.2359 -2.86859e-06 0)
(10.2359 -2.39296e-06 0)
(10.2359 -2.22857e-06 0)
(10.2359 -2.03404e-06 0)
(10.2359 -1.99111e-06 0)
(10.2359 -1.81965e-06 0)
(10.2359 -1.81592e-06 0)
(10.2359 -1.40243e-06 0)
(10.236 -1.31087e-06 0)
(10.236 -7.98175e-07 0)
(10.236 -5.53595e-07 0)
(10.236 -3.39032e-08 0)
(10.236 1.80622e-07 0)
(10.236 6.05035e-07 0)
(10.236 7.23802e-07 0)
(10.236 8.83631e-07 0)
(10.236 7.99326e-07 0)
(10.236 8.47853e-07 0)
(10.236 4.6463e-07 0)
(10.236 2.89183e-07 0)
(10.236 -2.44054e-07 0)
(10.236 -4.62983e-07 0)
(10.236 -9.11177e-07 0)
(10.236 -9.76497e-07 0)
(10.236 -1.22831e-06 0)
(10.236 -1.07708e-06 0)
(10.236 -1.07782e-06 0)
(10.236 -6.79026e-07 0)
(10.236 -4.42247e-07 0)
(10.236 1.27701e-07 0)
(10.236 5.26594e-07 0)
(10.236 1.28925e-06 0)
(10.236 1.7581e-06 0)
(10.236 2.56315e-06 0)
(10.236 3.01835e-06 0)
(10.236 3.70803e-06 0)
(10.236 3.97953e-06 0)
(10.2359 4.35332e-06 0)
(10.2359 4.2845e-06 0)
(10.2359 4.25132e-06 0)
(10.2359 3.80875e-06 0)
(10.2359 3.5799e-06 0)
(10.2359 4.171e-06 0)
(10.2359 3.31229e-06 0)
(10.2359 4.80665e-06 0)
(10.2359 4.71127e-05 0)
(10.2359 9.11537e-05 0)
(10.3644 5.18327e-05 0)
(10.3643 -4.18616e-05 0)
(10.3642 -9.74093e-05 0)
(10.3642 -7.36154e-05 0)
(10.3643 -1.10629e-05 0)
(10.3643 2.12874e-05 0)
(10.3644 2.79175e-05 0)
(10.3644 2.25575e-05 0)
(10.3644 1.73891e-05 0)
(10.3645 1.57239e-05 0)
(10.3645 1.43228e-05 0)
(10.3645 5.20453e-05 0)
(10.3645 8.1357e-05 0)
(10.3646 2.26329e-05 0)
(10.3646 -7.0634e-05 0)
(10.3645 -6.19605e-05 0)
(10.3645 -2.4914e-05 0)
(10.3645 -2.75373e-06 0)
(10.3646 3.94747e-06 0)
(10.3646 4.6695e-06 0)
(10.3646 4.58229e-06 0)
(10.3646 2.58639e-06 0)
(10.3645 2.53292e-06 0)
(10.3645 4.13922e-07 0)
(10.3645 6.47203e-07 0)
(10.3645 -7.13056e-07 0)
(10.3645 -2.799e-07 0)
(10.3645 -1.80796e-06 0)
(10.3645 -1.25162e-06 0)
(10.3645 -3.35302e-06 0)
(10.3645 -2.64415e-06 0)
(10.3645 -4.68212e-06 0)
(10.3644 -4.83731e-06 0)
(10.3644 -8.41374e-06 0)
(10.3644 -7.61637e-06 0)
(10.3644 -2.16916e-06 0)
(10.3644 -3.42664e-06 0)
(10.3644 -2.48857e-06 0)
(10.3644 -6.10168e-06 0)
(10.3645 -4.14402e-06 0)
(10.3645 -5.42691e-06 0)
(10.3645 -8.09034e-06 0)
(10.3645 -8.83895e-06 0)
(10.3645 -9.21422e-06 0)
(10.3645 -8.38357e-06 0)
(10.3645 -7.92576e-06 0)
(10.3645 -7.02934e-06 0)
(10.3645 -6.42262e-06 0)
(10.3645 -5.63237e-06 0)
(10.3645 -5.20503e-06 0)
(10.3645 -4.52346e-06 0)
(10.3645 -4.08285e-06 0)
(10.3646 -3.47421e-06 0)
(10.3646 -3.1031e-06 0)
(10.3646 -2.62381e-06 0)
(10.3646 -2.48387e-06 0)
(10.3646 -2.28942e-06 0)
(10.3646 -2.26864e-06 0)
(10.3646 -2.08394e-06 0)
(10.3646 -2.06319e-06 0)
(10.3646 -1.61505e-06 0)
(10.3646 -1.48515e-06 0)
(10.3646 -9.04809e-07 0)
(10.3646 -6.17976e-07 0)
(10.3646 -4.86689e-08 0)
(10.3646 1.87102e-07 0)
(10.3646 6.42805e-07 0)
(10.3646 7.52944e-07 0)
(10.3646 9.20709e-07 0)
(10.3646 8.10996e-07 0)
(10.3646 8.3366e-07 0)
(10.3646 4.03641e-07 0)
(10.3646 1.88603e-07 0)
(10.3646 -3.91823e-07 0)
(10.3646 -6.43738e-07 0)
(10.3646 -1.12273e-06 0)
(10.3647 -1.1979e-06 0)
(10.3647 -1.45144e-06 0)
(10.3647 -1.27949e-06 0)
(10.3647 -1.24928e-06 0)
(10.3647 -8.03501e-07 0)
(10.3647 -5.13733e-07 0)
(10.3647 1.2399e-07 0)
(10.3647 5.98938e-07 0)
(10.3647 1.44464e-06 0)
(10.3647 1.99427e-06 0)
(10.3647 2.87997e-06 0)
(10.3647 3.39939e-06 0)
(10.3646 4.15006e-06 0)
(10.3646 4.45457e-06 0)
(10.3646 4.84469e-06 0)
(10.3646 4.7543e-06 0)
(10.3646 4.68109e-06 0)
(10.3646 4.16434e-06 0)
(10.3646 3.85151e-06 0)
(10.3645 4.41144e-06 0)
(10.3645 3.42161e-06 0)
(10.3645 5.39706e-06 0)
(10.3645 4.70281e-05 0)
(10.3646 9.30822e-05 0)
(10.4802 5.62984e-05 0)
(10.4801 -3.9813e-05 0)
(10.4801 -9.72373e-05 0)
(10.4801 -7.44439e-05 0)
(10.4801 -1.2979e-05 0)
(10.4802 1.95278e-05 0)
(10.4802 2.66703e-05 0)
(10.4803 2.18314e-05 0)
(10.4803 1.69875e-05 0)
(10.4803 1.53567e-05 0)
(10.4803 1.44479e-05 0)
(10.4804 5.19832e-05 0)
(10.4804 7.87739e-05 0)
(10.4805 2.09807e-05 0)
(10.4805 -7.00107e-05 0)
(10.4804 -6.15371e-05 0)
(10.4804 -2.56128e-05 0)
(10.4804 -3.46171e-06 0)
(10.4805 3.5718e-06 0)
(10.4805 4.64787e-06 0)
(10.4805 4.66261e-06 0)
(10.4805 2.79644e-06 0)
(10.4805 2.76459e-06 0)
(10.4804 6.87348e-07 0)
(10.4804 9.06924e-07 0)
(10.4804 -4.20019e-07 0)
(10.4804 6.21453e-09 0)
(10.4804 -1.48341e-06 0)
(10.4804 -9.653e-07 0)
(10.4804 -3.02083e-06 0)
(10.4804 -2.30904e-06 0)
(10.4804 -4.32881e-06 0)
(10.4803 -4.57953e-06 0)
(10.4803 -8.13157e-06 0)
(10.4803 -6.92197e-06 0)
(10.4803 -2.15664e-06 0)
(10.4803 -3.80636e-06 0)
(10.4803 -2.65857e-06 0)
(10.4803 -5.81053e-06 0)
(10.4803 -4.02321e-06 0)
(10.4803 -5.37898e-06 0)
(10.4803 -8.04429e-06 0)
(10.4803 -8.80774e-06 0)
(10.4803 -9.22923e-06 0)
(10.4803 -8.4332e-06 0)
(10.4803 -8.0227e-06 0)
(10.4803 -7.14409e-06 0)
(10.4804 -6.58486e-06 0)
(10.4804 -5.80991e-06 0)
(10.4804 -5.40777e-06 0)
(10.4804 -4.72029e-06 0)
(10.4804 -4.2839e-06 0)
(10.4804 -3.65659e-06 0)
(10.4804 -3.29602e-06 0)
(10.4804 -2.82259e-06 0)
(10.4804 -2.71164e-06 0)
(10.4804 -2.52074e-06 0)
(10.4804 -2.52617e-06 0)
(10.4804 -2.3279e-06 0)
(10.4804 -2.28871e-06 0)
(10.4804 -1.8112e-06 0)
(10.4804 -1.63762e-06 0)
(10.4804 -9.9029e-07 0)
(10.4804 -6.6863e-07 0)
(10.4804 -5.06697e-08 0)
(10.4804 1.99599e-07 0)
(10.4804 6.81732e-07 0)
(10.4804 7.77701e-07 0)
(10.4804 9.49897e-07 0)
(10.4804 8.09687e-07 0)
(10.4804 8.04957e-07 0)
(10.4804 3.26598e-07 0)
(10.4804 7.11976e-08 0)
(10.4804 -5.53708e-07 0)
(10.4805 -8.37994e-07 0)
(10.4805 -1.3446e-06 0)
(10.4805 -1.42731e-06 0)
(10.4805 -1.67818e-06 0)
(10.4805 -1.48362e-06 0)
(10.4805 -1.41602e-06 0)
(10.4805 -9.26482e-07 0)
(10.4805 -5.80449e-07 0)
(10.4805 1.32682e-07 0)
(10.4805 6.80871e-07 0)
(10.4805 1.60922e-06 0)
(10.4805 2.23746e-06 0)
(10.4805 3.21015e-06 0)
(10.4805 3.78756e-06 0)
(10.4805 4.59606e-06 0)
(10.4804 4.93028e-06 0)
(10.4804 5.33134e-06 0)
(10.4804 5.21503e-06 0)
(10.4804 5.09644e-06 0)
(10.4804 4.50052e-06 0)
(10.4804 4.10044e-06 0)
(10.4804 4.61913e-06 0)
(10.4804 3.49266e-06 0)
(10.4803 5.87629e-06 0)
(10.4804 4.67846e-05 0)
(10.4804 9.48878e-05 0)
(10.5848 6.05628e-05 0)
(10.5847 -3.76279e-05 0)
(10.5846 -9.70836e-05 0)
(10.5846 -7.54275e-05 0)
(10.5847 -1.51121e-05 0)
(10.5848 1.75915e-05 0)
(10.5848 2.52488e-05 0)
(10.5849 2.09137e-05 0)
(10.5849 1.63945e-05 0)
(10.5849 1.4804e-05 0)
(10.5849 1.43663e-05 0)
(10.585 5.1565e-05 0)
(10.585 7.61349e-05 0)
(10.5851 1.94518e-05 0)
(10.5851 -6.90799e-05 0)
(10.585 -6.09593e-05 0)
(10.585 -2.61974e-05 0)
(10.5851 -4.16151e-06 0)
(10.5851 3.13791e-06 0)
(10.5851 4.53471e-06 0)
(10.5851 4.65171e-06 0)
(10.5851 2.93216e-06 0)
(10.5851 2.92828e-06 0)
(10.5851 9.24734e-07 0)
(10.5851 1.13534e-06 0)
(10.5851 -1.3858e-07 0)
(10.5851 2.84745e-07 0)
(10.585 -1.14318e-06 0)
(10.585 -6.57649e-07 0)
(10.585 -2.63764e-06 0)
(10.585 -1.92269e-06 0)
(10.585 -3.90213e-06 0)
(10.585 -4.24163e-06 0)
(10.585 -7.73257e-06 0)
(10.5849 -6.15048e-06 0)
(10.5849 -2.01962e-06 0)
(10.5849 -4.05901e-06 0)
(10.5849 -2.75283e-06 0)
(10.5849 -5.50318e-06 0)
(10.5849 -3.8745e-06 0)
(10.5849 -5.28026e-06 0)
(10.5849 -7.93062e-06 0)
(10.5849 -8.69865e-06 0)
(10.5849 -9.15004e-06 0)
(10.5849 -8.38224e-06 0)
(10.5849 -8.01632e-06 0)
(10.5849 -7.15973e-06 0)
(10.5849 -6.65505e-06 0)
(10.5849 -5.90094e-06 0)
(10.5849 -5.53111e-06 0)
(10.5849 -4.8426e-06 0)
(10.5849 -4.41925e-06 0)
(10.5849 -3.78023e-06 0)
(10.5849 -3.44323e-06 0)
(10.5849 -2.97924e-06 0)
(10.5849 -2.90276e-06 0)
(10.5849 -2.71955e-06 0)
(10.5849 -2.75447e-06 0)
(10.585 -2.54319e-06 0)
(10.585 -2.48361e-06 0)
(10.585 -1.9815e-06 0)
(10.585 -1.7621e-06 0)
(10.585 -1.05479e-06 0)
(10.585 -7.03092e-07 0)
(10.585 -3.72012e-08 0)
(10.585 2.19136e-07 0)
(10.585 7.21821e-07 0)
(10.585 7.99471e-07 0)
(10.585 9.72988e-07 0)
(10.585 7.96662e-07 0)
(10.585 7.64148e-07 0)
(10.585 2.37105e-07 0)
(10.585 -5.89259e-08 0)
(10.585 -7.24703e-07 0)
(10.585 -1.04055e-06 0)
(10.585 -1.57149e-06 0)
(10.585 -1.65927e-06 0)
(10.585 -1.90337e-06 0)
(10.585 -1.685e-06 0)
(10.585 -1.57578e-06 0)
(10.585 -1.04453e-06 0)
(10.585 -6.36421e-07 0)
(10.585 1.5341e-07 0)
(10.585 7.71434e-07 0)
(10.585 1.78445e-06 0)
(10.585 2.48772e-06 0)
(10.585 3.54151e-06 0)
(10.585 4.18201e-06 0)
(10.585 5.04138e-06 0)
(10.585 5.40145e-06 0)
(10.585 5.80842e-06 0)
(10.5849 5.66261e-06 0)
(10.5849 5.49362e-06 0)
(10.5849 4.81696e-06 0)
(10.5849 4.32627e-06 0)
(10.5849 4.79682e-06 0)
(10.5849 3.52795e-06 0)
(10.5849 6.25348e-06 0)
(10.5849 4.64203e-05 0)
(10.5849 9.64606e-05 0)
(10.6792 6.44885e-05 0)
(10.6791 -3.54387e-05 0)
(10.6791 -9.69206e-05 0)
(10.6791 -7.65378e-05 0)
(10.6791 -1.74298e-05 0)
(10.6792 1.54954e-05 0)
(10.6793 2.36681e-05 0)
(10.6793 1.98255e-05 0)
(10.6794 1.56291e-05 0)
(10.6794 1.40889e-05 0)
(10.6794 1.40912e-05 0)
(10.6794 5.08268e-05 0)
(10.6795 7.3431e-05 0)
(10.6796 1.79813e-05 0)
(10.6796 -6.79401e-05 0)
(10.6795 -6.02809e-05 0)
(10.6795 -2.67026e-05 0)
(10.6795 -4.85857e-06 0)
(10.6796 2.65675e-06 0)
(10.6796 4.34418e-06 0)
(10.6796 4.56725e-06 0)
(10.6796 2.99753e-06 0)
(10.6796 3.02623e-06 0)
(10.6796 1.11994e-06 0)
(10.6796 1.32598e-06 0)
(10.6796 1.20697e-07 0)
(10.6796 5.46427e-07 0)
(10.6795 -7.99171e-07 0)
(10.6795 -3.38636e-07 0)
(10.6795 -2.2187e-06 0)
(10.6795 -1.50166e-06 0)
(10.6795 -3.41496e-06 0)
(10.6795 -3.8321e-06 0)
(10.6795 -7.2331e-06 0)
(10.6794 -5.30468e-06 0)
(10.6794 -1.75193e-06 0)
(10.6794 -4.15391e-06 0)
(10.6794 -2.72093e-06 0)
(10.6794 -5.13012e-06 0)
(10.6794 -3.65278e-06 0)
(10.6794 -5.09569e-06 0)
(10.6794 -7.72183e-06 0)
(10.6794 -8.4918e-06 0)
(10.6794 -8.96324e-06 0)
(10.6794 -8.2288e-06 0)
(10.6794 -7.89256e-06 0)
(10.6793 -7.07695e-06 0)
(10.6793 -6.62043e-06 0)
(10.6793 -5.89631e-06 0)
(10.6793 -5.56573e-06 0)
(10.6793 -4.87853e-06 0)
(10.6793 -4.48187e-06 0)
(10.6793 -3.83707e-06 0)
(10.6793 -3.53499e-06 0)
(10.6793 -3.08542e-06 0)
(10.6793 -3.04829e-06 0)
(10.6794 -2.87824e-06 0)
(10.6794 -2.94504e-06 0)
(10.6794 -2.72155e-06 0)
(10.6794 -2.64317e-06 0)
(10.6794 -2.11911e-06 0)
(10.6794 -1.85844e-06 0)
(10.6794 -1.09734e-06 0)
(10.6794 -7.16399e-07 0)
(10.6794 -1.06247e-08 0)
(10.6794 2.46347e-07 0)
(10.6794 7.63369e-07 0)
(10.6794 8.19598e-07 0)
(10.6794 9.91596e-07 0)
(10.6794 7.74703e-07 0)
(10.6794 7.1386e-07 0)
(10.6794 1.39148e-07 0)
(10.6794 -1.9724e-07 0)
(10.6794 -9.00679e-07 0)
(10.6794 -1.24564e-06 0)
(10.6794 -1.79801e-06 0)
(10.6794 -1.88853e-06 0)
(10.6794 -2.12223e-06 0)
(10.6794 -1.87914e-06 0)
(10.6794 -1.72637e-06 0)
(10.6794 -1.15107e-06 0)
(10.6794 -6.81817e-07 0)
(10.6794 1.8523e-07 0)
(10.6794 8.71794e-07 0)
(10.6794 1.96633e-06 0)
(10.6794 2.7444e-06 0)
(10.6794 3.86989e-06 0)
(10.6794 4.57529e-06 0)
(10.6794 5.48071e-06 0)
(10.6794 5.86307e-06 0)
(10.6794 6.27118e-06 0)
(10.6793 6.09354e-06 0)
(10.6793 5.86866e-06 0)
(10.6793 5.11416e-06 0)
(10.6793 4.5297e-06 0)
(10.6793 4.9478e-06 0)
(10.6793 3.5383e-06 0)
(10.6793 6.53362e-06 0)
(10.6793 4.59656e-05 0)
(10.6793 9.77312e-05 0)
(10.7643 6.79765e-05 0)
(10.7642 -3.33641e-05 0)
(10.7642 -9.6739e-05 0)
(10.7642 -7.77701e-05 0)
(10.7643 -1.99135e-05 0)
(10.7643 1.32523e-05 0)
(10.7644 2.19419e-05 0)
(10.7645 1.85839e-05 0)
(10.7645 1.47087e-05 0)
(10.7645 1.32326e-05 0)
(10.7646 1.36401e-05 0)
(10.7646 4.98095e-05 0)
(10.7647 7.06281e-05 0)
(10.7647 1.65631e-05 0)
(10.7647 -6.66635e-05 0)
(10.7647 -5.95317e-05 0)
(10.7647 -2.71463e-05 0)
(10.7647 -5.55318e-06 0)
(10.7647 2.13819e-06 0)
(10.7647 4.08944e-06 0)
(10.7647 4.42675e-06 0)
(10.7647 2.99479e-06 0)
(10.7647 3.06307e-06 0)
(10.7647 1.26887e-06 0)
(10.7647 1.47375e-06 0)
(10.7647 3.49668e-07 0)
(10.7647 7.84468e-07 0)
(10.7647 -4.61379e-07 0)
(10.7647 -1.68911e-08 0)
(10.7647 -1.77727e-06 0)
(10.7647 -1.05508e-06 0)
(10.7647 -2.87607e-06 0)
(10.7646 -3.36021e-06 0)
(10.7646 -6.64125e-06 0)
(10.7646 -4.39322e-06 0)
(10.7646 -1.35644e-06 0)
(10.7646 -4.08002e-06 0)
(10.7645 -2.54089e-06 0)
(10.7645 -4.663e-06 0)
(10.7645 -3.33037e-06 0)
(10.7645 -4.80271e-06 0)
(10.7645 -7.39987e-06 0)
(10.7645 -8.17207e-06 0)
(10.7645 -8.65938e-06 0)
(10.7645 -7.96484e-06 0)
(10.7645 -7.6534e-06 0)
(10.7645 -6.88169e-06 0)
(10.7645 -6.48911e-06 0)
(10.7644 -5.79683e-06 0)
(10.7644 -5.50352e-06 0)
(10.7644 -4.82887e-06 0)
(10.7644 -4.45887e-06 0)
(10.7644 -3.82032e-06 0)
(10.7644 -3.5603e-06 0)
(10.7644 -3.13193e-06 0)
(10.7644 -3.14844e-06 0)
(10.7644 -2.98895e-06 0)
(10.7644 -3.08989e-06 0)
(10.7644 -2.85541e-06 0)
(10.7645 -2.76484e-06 0)
(10.7645 -2.22068e-06 0)
(10.7645 -1.92387e-06 0)
(10.7645 -1.11492e-06 0)
(10.7645 -7.09973e-07 0)
(10.7645 2.83426e-08 0)
(10.7645 2.81659e-07 0)
(10.7645 8.06835e-07 0)
(10.7645 8.39526e-07 0)
(10.7645 1.00623e-06 0)
(10.7645 7.47382e-07 0)
(10.7645 6.5683e-07 0)
(10.7645 3.6825e-08 0)
(10.7645 -3.39111e-07 0)
(10.7645 -1.07811e-06 0)
(10.7645 -1.4478e-06 0)
(10.7645 -2.01893e-06 0)
(10.7645 -2.11003e-06 0)
(10.7645 -2.33042e-06 0)
(10.7645 -2.06126e-06 0)
(10.7645 -1.8648e-06 0)
(10.7645 -1.24354e-06 0)
(10.7645 -7.16618e-07 0)
(10.7645 2.26999e-07 0)
(10.7645 9.81828e-07 0)
(10.7645 2.15158e-06 0)
(10.7645 3.00322e-06 0)
(10.7645 4.19616e-06 0)
(10.7645 4.96112e-06 0)
(10.7645 5.90893e-06 0)
(10.7644 6.31028e-06 0)
(10.7644 6.71528e-06 0)
(10.7644 6.5048e-06 0)
(10.7644 6.22044e-06 0)
(10.7644 5.39276e-06 0)
(10.7644 4.71266e-06 0)
(10.7644 5.07593e-06 0)
(10.7644 3.53697e-06 0)
(10.7644 6.72556e-06 0)
(10.7644 4.5445e-05 0)
(10.7644 9.86603e-05 0)
(10.8406 7.09339e-05 0)
(10.8406 -3.14236e-05 0)
(10.8405 -9.66067e-05 0)
(10.8406 -7.91432e-05 0)
(10.8406 -2.25475e-05 0)
(10.8407 1.08689e-05 0)
(10.8408 2.0082e-05 0)
(10.8408 1.7204e-05 0)
(10.8409 1.3649e-05 0)
(10.8409 1.22531e-05 0)
(10.8409 1.30334e-05 0)
(10.841 4.85557e-05 0)
(10.841 6.77476e-05 0)
(10.8411 1.51926e-05 0)
(10.8411 -6.53087e-05 0)
(10.8411 -5.87237e-05 0)
(10.8411 -2.75357e-05 0)
(10.8411 -6.24296e-06 0)
(10.8411 1.5911e-06 0)
(10.8411 3.78219e-06 0)
(10.8411 4.23163e-06 0)
(10.8411 2.94378e-06 0)
(10.8411 3.04347e-06 0)
(10.8411 1.36699e-06 0)
(10.8411 1.57677e-06 0)
(10.8411 5.43182e-07 0)
(10.8411 9.93927e-07 0)
(10.8411 -1.37755e-07 0)
(10.8411 3.00464e-07 0)
(10.8411 -1.32397e-06 0)
(10.8411 -5.86185e-07 0)
(10.8411 -2.29663e-06 0)
(10.841 -2.83291e-06 0)
(10.841 -5.96774e-06 0)
(10.841 -3.42163e-06 0)
(10.841 -8.38152e-07 0)
(10.841 -3.8391e-06 0)
(10.8409 -2.20615e-06 0)
(10.8409 -4.08696e-06 0)
(10.8409 -2.8918e-06 0)
(10.8409 -4.38694e-06 0)
(10.8409 -6.95429e-06 0)
(10.8409 -7.73094e-06 0)
(10.8408 -8.23093e-06 0)
(10.8408 -7.58376e-06 0)
(10.8408 -7.30794e-06 0)
(10.8408 -6.5707e-06 0)
(10.8408 -6.26106e-06 0)
(10.8408 -5.60536e-06 0)
(10.8408 -5.34754e-06 0)
(10.8408 -4.69063e-06 0)
(10.8408 -4.35416e-06 0)
(10.8408 -3.73191e-06 0)
(10.8408 -3.51514e-06 0)
(10.8408 -3.11523e-06 0)
(10.8408 -3.19495e-06 0)
(10.8408 -3.04942e-06 0)
(10.8408 -3.19032e-06 0)
(10.8408 -2.93998e-06 0)
(10.8408 -2.84563e-06 0)
(10.8408 -2.28436e-06 0)
(10.8408 -1.95526e-06 0)
(10.8408 -1.10853e-06 0)
(10.8408 -6.84139e-07 0)
(10.8408 7.93825e-08 0)
(10.8408 3.25282e-07 0)
(10.8408 8.52716e-07 0)
(10.8408 8.59614e-07 0)
(10.8408 1.01788e-06 0)
(10.8408 7.17763e-07 0)
(10.8408 5.95762e-07 0)
(10.8408 -6.6216e-08 0)
(10.8408 -4.80242e-07 0)
(10.8408 -1.25243e-06 0)
(10.8408 -1.64225e-06 0)
(10.8408 -2.22936e-06 0)
(10.8408 -2.31917e-06 0)
(10.8408 -2.52401e-06 0)
(10.8408 -2.22689e-06 0)
(10.8408 -1.99038e-06 0)
(10.8408 -1.32212e-06 0)
(10.8408 -7.38082e-07 0)
(10.8408 2.77743e-07 0)
(10.8408 1.0989e-06 0)
(10.8408 2.33847e-06 0)
(10.8408 3.26018e-06 0)
(10.8408 4.51625e-06 0)
(10.8408 5.33563e-06 0)
(10.8408 6.32117e-06 0)
(10.8407 6.73843e-06 0)
(10.8407 7.13675e-06 0)
(10.8407 6.89372e-06 0)
(10.8407 6.55206e-06 0)
(10.8407 5.65247e-06 0)
(10.8407 4.87772e-06 0)
(10.8407 5.1855e-06 0)
(10.8407 3.53248e-06 0)
(10.8407 6.84757e-06 0)
(10.8407 4.48811e-05 0)
(10.8407 9.9242e-05 0)
(10.9085 7.32756e-05 0)
(10.9085 -2.96685e-05 0)
(10.9084 -9.65608e-05 0)
(10.9085 -8.06716e-05 0)
(10.9085 -2.53035e-05 0)
(10.9086 8.33502e-06 0)
(10.9087 1.8099e-05 0)
(10.9088 1.57005e-05 0)
(10.9088 1.24653e-05 0)
(10.9089 1.11659e-05 0)
(10.9089 1.22935e-05 0)
(10.9089 4.71077e-05 0)
(10.909 6.48154e-05 0)
(10.909 1.38671e-05 0)
(10.909 -6.39249e-05 0)
(10.909 -5.78816e-05 0)
(10.909 -2.78683e-05 0)
(10.909 -6.92453e-06 0)
(10.9091 1.02336e-06 0)
(10.9091 3.43228e-06 0)
(10.9091 3.98674e-06 0)
(10.9091 2.8463e-06 0)
(10.9091 2.97845e-06 0)
(10.9091 1.41717e-06 0)
(10.9091 1.63339e-06 0)
(10.9091 6.98317e-07 0)
(10.9091 1.17194e-06 0)
(10.9091 1.65025e-07 0)
(10.9091 6.08373e-07 0)
(10.9091 -8.66804e-07 0)
(10.909 -1.01962e-07 0)
(10.909 -1.68518e-06 0)
(10.909 -2.256e-06 0)
(10.909 -5.22165e-06 0)
(10.909 -2.39482e-06 0)
(10.9089 -2.03301e-07 0)
(10.9089 -3.43905e-06 0)
(10.9089 -1.71912e-06 0)
(10.9089 -3.39593e-06 0)
(10.9088 -2.32999e-06 0)
(10.9088 -3.84273e-06 0)
(10.9088 -6.37774e-06 0)
(10.9088 -7.16101e-06 0)
(10.9088 -7.67549e-06 0)
(10.9087 -7.08318e-06 0)
(10.9087 -6.85151e-06 0)
(10.9087 -6.15318e-06 0)
(10.9087 -5.92524e-06 0)
(10.9087 -5.31515e-06 0)
(10.9087 -5.10805e-06 0)
(10.9087 -4.46786e-06 0)
(10.9087 -4.17291e-06 0)
(10.9086 -3.5709e-06 0)
(10.9086 -3.40814e-06 0)
(10.9086 -3.03947e-06 0)
(10.9086 -3.17422e-06 0)
(10.9086 -3.06273e-06 0)
(10.9086 -3.23752e-06 0)
(10.9086 -2.97908e-06 0)
(10.9086 -2.88332e-06 0)
(10.9086 -2.30757e-06 0)
(10.9086 -1.95148e-06 0)
(10.9086 -1.07854e-06 0)
(10.9086 -6.39442e-07 0)
(10.9086 1.42161e-07 0)
(10.9086 3.77108e-07 0)
(10.9086 9.01681e-07 0)
(10.9086 8.80693e-07 0)
(10.9086 1.02763e-06 0)
(10.9086 6.88158e-07 0)
(10.9086 5.33199e-07 0)
(10.9086 -1.62347e-07 0)
(10.9086 -6.1982e-07 0)
(10.9086 -1.4201e-06 0)
(10.9086 -1.82416e-06 0)
(10.9086 -2.42462e-06 0)
(10.9087 -2.51184e-06 0)
(10.9087 -2.69949e-06 0)
(10.9087 -2.37492e-06 0)
(10.9087 -2.10403e-06 0)
(10.9087 -1.38265e-06 0)
(10.9087 -7.44029e-07 0)
(10.9087 3.34983e-07 0)
(10.9087 1.22063e-06 0)
(10.9087 2.52444e-06 0)
(10.9087 3.5116e-06 0)
(10.9086 4.8252e-06 0)
(10.9086 5.69418e-06 0)
(10.9086 6.71251e-06 0)
(10.9086 7.14297e-06 0)
(10.9086 7.53213e-06 0)
(10.9086 7.25728e-06 0)
(10.9086 6.86564e-06 0)
(10.9086 5.88852e-06 0)
(10.9086 5.02733e-06 0)
(10.9086 5.28042e-06 0)
(10.9086 3.52837e-06 0)
(10.9085 6.91888e-06 0)
(10.9086 4.42991e-05 0)
(10.9086 9.94899e-05 0)
(10.9682 7.49594e-05 0)
(10.9681 -2.81427e-05 0)
(10.9681 -9.66463e-05 0)
(10.9681 -8.23475e-05 0)
(10.9682 -2.81815e-05 0)
(10.9683 5.66795e-06 0)
(10.9684 1.60058e-05 0)
(10.9684 1.40873e-05 0)
(10.9685 1.11733e-05 0)
(10.9685 9.98629e-06 0)
(10.9686 1.14455e-05 0)
(10.9686 4.55055e-05 0)
(10.9687 6.18607e-05 0)
(10.9687 1.25806e-05 0)
(10.9687 -6.25428e-05 0)
(10.9687 -5.70136e-05 0)
(10.9687 -2.81567e-05 0)
(10.9687 -7.59479e-06 0)
(10.9688 4.41839e-07 0)
(10.9688 3.04848e-06 0)
(10.9688 3.69878e-06 0)
(10.9688 2.70565e-06 0)
(10.9688 2.86985e-06 0)
(10.9688 1.42305e-06 0)
(10.9688 1.6465e-06 0)
(10.9688 8.13842e-07 0)
(10.9688 1.31688e-06 0)
(10.9688 4.43109e-07 0)
(10.9688 9.04107e-07 0)
(10.9688 -4.11759e-07 0)
(10.9687 3.92362e-07 0)
(10.9687 -1.04942e-06 0)
(10.9687 -1.63498e-06 0)
(10.9687 -4.41123e-06 0)
(10.9687 -1.31773e-06 0)
(10.9686 5.39914e-07 0)
(10.9686 -2.89032e-06 0)
(10.9686 -1.08779e-06 0)
(10.9685 -2.59071e-06 0)
(10.9685 -1.64498e-06 0)
(10.9685 -3.1695e-06 0)
(10.9685 -5.67041e-06 0)
(10.9684 -6.46174e-06 0)
(10.9684 -6.99422e-06 0)
(10.9684 -6.45786e-06 0)
(10.9684 -6.28252e-06 0)
(10.9684 -5.63093e-06 0)
(10.9683 -5.48115e-06 0)
(10.9683 -4.92331e-06 0)
(10.9683 -4.77415e-06 0)
(10.9683 -4.1622e-06 0)
(10.9683 -3.91625e-06 0)
(10.9683 -3.33957e-06 0)
(10.9683 -3.2362e-06 0)
(10.9683 -2.90527e-06 0)
(10.9683 -3.09257e-06 0)
(10.9683 -3.01435e-06 0)
(10.9683 -3.22455e-06 0)
(10.9683 -2.9743e-06 0)
(10.9683 -2.87691e-06 0)
(10.9682 -2.28825e-06 0)
(10.9682 -1.91374e-06 0)
(10.9682 -1.02482e-06 0)
(10.9682 -5.76693e-07 0)
(10.9682 2.15597e-07 0)
(10.9682 4.36673e-07 0)
(10.9682 9.5363e-07 0)
(10.9682 9.03642e-07 0)
(10.9682 1.03665e-06 0)
(10.9682 6.60557e-07 0)
(10.9682 4.71746e-07 0)
(10.9682 -2.50237e-07 0)
(10.9682 -7.47963e-07 0)
(10.9682 -1.57936e-06 0)
(10.9683 -1.99226e-06 0)
(10.9683 -2.6003e-06 0)
(10.9683 -2.68447e-06 0)
(10.9683 -2.85388e-06 0)
(10.9683 -2.5055e-06 0)
(10.9683 -2.1973e-06 0)
(10.9683 -1.42641e-06 0)
(10.9683 -7.36771e-07 0)
(10.9683 3.98939e-07 0)
(10.9683 1.34471e-06 0)
(10.9683 2.70665e-06 0)
(10.9683 3.75376e-06 0)
(10.9683 5.1187e-06 0)
(10.9682 6.03238e-06 0)
(10.9682 7.07842e-06 0)
(10.9682 7.51922e-06 0)
(10.9682 7.89829e-06 0)
(10.9682 7.59231e-06 0)
(10.9682 7.15455e-06 0)
(10.9682 6.10254e-06 0)
(10.9682 5.16406e-06 0)
(10.9682 5.36401e-06 0)
(10.9682 3.52783e-06 0)
(10.9682 6.95529e-06 0)
(10.9682 4.37237e-05 0)
(10.9682 9.94062e-05 0)
(11.0196 7.59744e-05 0)
(11.0195 -2.6887e-05 0)
(11.0196 -9.68896e-05 0)
(11.0196 -8.4165e-05 0)
(11.0197 -3.11845e-05 0)
(11.0198 2.89714e-06 0)
(11.0198 1.38183e-05 0)
(11.0199 1.23791e-05 0)
(11.02 9.78908e-06 0)
(11.02 8.73105e-06 0)
(11.02 1.05191e-05 0)
(11.0201 4.37871e-05 0)
(11.0202 5.89114e-05 0)
(11.0202 1.13266e-05 0)
(11.0202 -6.11797e-05 0)
(11.0202 -5.61211e-05 0)
(11.0202 -2.84074e-05 0)
(11.0202 -8.24978e-06 0)
(11.0202 -1.47363e-07 0)
(11.0202 2.63814e-06 0)
(11.0203 3.37527e-06 0)
(11.0203 2.52565e-06 0)
(11.0203 2.72166e-06 0)
(11.0203 1.38652e-06 0)
(11.0203 1.62102e-06 0)
(11.0203 8.90113e-07 0)
(11.0203 1.42816e-06 0)
(11.0203 6.9621e-07 0)
(11.0203 1.18642e-06 0)
(11.0203 3.6834e-08 0)
(11.0202 8.92645e-07 0)
(11.0202 -3.98698e-07 0)
(11.0202 -9.74493e-07 0)
(11.0202 -3.5449e-06 0)
(11.0201 -1.95524e-07 0)
(11.0201 1.38135e-06 0)
(11.0201 -2.20526e-06 0)
(11.02 -3.25055e-07 0)
(11.02 -1.67853e-06 0)
(11.02 -8.43819e-07 0)
(11.02 -2.37326e-06 0)
(11.0199 -4.83759e-06 0)
(11.0199 -5.63775e-06 0)
(11.0199 -6.19194e-06 0)
(11.0198 -5.71319e-06 0)
(11.0198 -5.60234e-06 0)
(11.0198 -5.00754e-06 0)
(11.0198 -4.93606e-06 0)
(11.0198 -4.43627e-06 0)
(11.0197 -4.34705e-06 0)
(11.0197 -3.77388e-06 0)
(11.0197 -3.5816e-06 0)
(11.0197 -3.04013e-06 0)
(11.0197 -2.99712e-06 0)
(11.0197 -2.71143e-06 0)
(11.0197 -2.95587e-06 0)
(11.0197 -2.90499e-06 0)
(11.0197 -3.15492e-06 0)
(11.0197 -2.92495e-06 0)
(11.0197 -2.82487e-06 0)
(11.0197 -2.22872e-06 0)
(11.0197 -1.84433e-06 0)
(11.0196 -9.48582e-07 0)
(11.0196 -4.97686e-07 0)
(11.0196 2.98242e-07 0)
(11.0196 5.02937e-07 0)
(11.0196 1.00771e-06 0)
(11.0196 9.28878e-07 0)
(11.0196 1.04556e-06 0)
(11.0196 6.36657e-07 0)
(11.0196 4.13973e-07 0)
(11.0196 -3.3015e-07 0)
(11.0196 -8.6076e-07 0)
(11.0196 -1.72244e-06 0)
(11.0197 -2.14559e-06 0)
(11.0197 -2.7545e-06 0)
(11.0197 -2.83428e-06 0)
(11.0197 -2.98404e-06 0)
(11.0197 -2.61207e-06 0)
(11.0197 -2.27231e-06 0)
(11.0197 -1.45441e-06 0)
(11.0197 -7.17793e-07 0)
(11.0197 4.68152e-07 0)
(11.0197 1.46864e-06 0)
(11.0197 2.88191e-06 0)
(11.0197 3.98291e-06 0)
(11.0196 5.39236e-06 0)
(11.0196 6.34586e-06 0)
(11.0196 7.41766e-06 0)
(11.0196 7.86216e-06 0)
(11.0196 8.23213e-06 0)
(11.0196 7.89682e-06 0)
(11.0196 7.41682e-06 0)
(11.0196 6.29763e-06 0)
(11.0196 5.28998e-06 0)
(11.0196 5.43939e-06 0)
(11.0196 3.53373e-06 0)
(11.0196 6.97097e-06 0)
(11.0196 4.31797e-05 0)
(11.0196 9.90081e-05 0)
(11.0627 7.63323e-05 0)
(11.0627 -2.59354e-05 0)
(11.0627 -9.73053e-05 0)
(11.0628 -8.61048e-05 0)
(11.0629 -3.4317e-05 0)
(11.063 4.49834e-08 0)
(11.063 1.15532e-05 0)
(11.0631 1.05908e-05 0)
(11.0632 8.32818e-06 0)
(11.0632 7.41762e-06 0)
(11.0632 9.55336e-06 0)
(11.0633 4.19825e-05 0)
(11.0634 5.59927e-05 0)
(11.0634 1.00983e-05 0)
(11.0634 -5.9845e-05 0)
(11.0634 -5.52169e-05 0)
(11.0634 -2.86261e-05 0)
(11.0634 -8.88493e-06 0)
(11.0634 -7.39598e-07 0)
(11.0634 2.2069e-06 0)
(11.0635 3.02299e-06 0)
(11.0635 2.31084e-06 0)
(11.0635 2.53943e-06 0)
(11.0635 1.31374e-06 0)
(11.0635 1.55983e-06 0)
(11.0635 9.2825e-07 0)
(11.0635 1.50632e-06 0)
(11.0635 9.24355e-07 0)
(11.0635 1.4552e-06 0)
(11.0635 4.76883e-07 0)
(11.0634 1.39598e-06 0)
(11.0634 2.6227e-07 0)
(11.0634 -2.76549e-07 0)
(11.0634 -2.62997e-06 0)
(11.0633 9.66558e-07 0)
(11.0633 2.31098e-06 0)
(11.0633 -1.39698e-06 0)
(11.0632 5.53639e-07 0)
(11.0632 -6.71582e-07 0)
(11.0632 6.09808e-08 0)
(11.0631 -1.46581e-06 0)
(11.0631 -3.88926e-06 0)
(11.0631 -4.69743e-06 0)
(11.063 -5.27688e-06 0)
(11.063 -4.85985e-06 0)
(11.063 -4.81851e-06 0)
(11.063 -4.28852e-06 0)
(11.0629 -4.29665e-06 0)
(11.0629 -3.86087e-06 0)
(11.0629 -3.83569e-06 0)
(11.0629 -3.31038e-06 0)
(11.0629 -3.17504e-06 0)
(11.0628 -2.67769e-06 0)
(11.0628 -2.69694e-06 0)
(11.0628 -2.46142e-06 0)
(11.0628 -2.7643e-06 0)
(11.0628 -2.7436e-06 0)
(11.0628 -3.03697e-06 0)
(11.0628 -2.82782e-06 0)
(11.0628 -2.73114e-06 0)
(11.0628 -2.13388e-06 0)
(11.0628 -1.74664e-06 0)
(11.0628 -8.52264e-07 0)
(11.0628 -4.04722e-07 0)
(11.0628 3.88121e-07 0)
(11.0628 5.74363e-07 0)
(11.0628 1.06293e-06 0)
(11.0628 9.56328e-07 0)
(11.0628 1.05482e-06 0)
(11.0628 6.17092e-07 0)
(11.0628 3.62216e-07 0)
(11.0628 -4.00547e-07 0)
(11.0628 -9.58833e-07 0)
(11.0628 -1.84379e-06 0)
(11.0628 -2.27872e-06 0)
(11.0628 -2.88825e-06 0)
(11.0628 -2.95916e-06 0)
(11.0628 -3.08892e-06 0)
(11.0628 -2.69793e-06 0)
(11.0628 -2.32848e-06 0)
(11.0628 -1.46749e-06 0)
(11.0628 -6.88807e-07 0)
(11.0628 5.40708e-07 0)
(11.0628 1.58964e-06 0)
(11.0628 3.04691e-06 0)
(11.0628 4.19519e-06 0)
(11.0628 5.64204e-06 0)
(11.0628 6.63015e-06 0)
(11.0628 7.72655e-06 0)
(11.0627 8.16956e-06 0)
(11.0627 8.5307e-06 0)
(11.0627 8.1697e-06 0)
(11.0627 7.65163e-06 0)
(11.0627 6.47536e-06 0)
(11.0627 5.40659e-06 0)
(11.0627 5.50946e-06 0)
(11.0627 3.54907e-06 0)
(11.0627 6.97908e-06 0)
(11.0627 4.26932e-05 0)
(11.0627 9.83301e-05 0)
(11.0975 7.60529e-05 0)
(11.0975 -2.53004e-05 0)
(11.0975 -9.79033e-05 0)
(11.0976 -8.82175e-05 0)
(11.0976 -3.75209e-05 0)
(11.0977 -2.86941e-06 0)
(11.0978 9.22212e-06 0)
(11.0979 8.73136e-06 0)
(11.098 6.79968e-06 0)
(11.098 6.05982e-06 0)
(11.098 8.58008e-06 0)
(11.0981 4.01147e-05 0)
(11.0982 5.3124e-05 0)
(11.0982 8.88864e-06 0)
(11.0982 -5.85554e-05 0)
(11.0982 -5.43159e-05 0)
(11.0982 -2.88167e-05 0)
(11.0982 -9.49736e-06 0)
(11.0982 -1.33277e-06 0)
(11.0982 1.75681e-06 0)
(11.0983 2.64641e-06 0)
(11.0983 2.06602e-06 0)
(11.0983 2.32813e-06 0)
(11.0983 1.20596e-06 0)
(11.0983 1.46971e-06 0)
(11.0983 9.2903e-07 0)
(11.0983 1.55499e-06 0)
(11.0983 1.12608e-06 0)
(11.0983 1.7124e-06 0)
(11.0983 9.08062e-07 0)
(11.0982 1.90186e-06 0)
(11.0982 9.37161e-07 0)
(11.0982 4.55775e-07 0)
(11.0982 -1.66981e-06 0)
(11.0981 2.16903e-06 0)
(11.0981 3.32286e-06 0)
(11.0981 -4.72438e-07 0)
(11.098 1.5362e-06 0)
(11.098 4.19365e-07 0)
(11.098 1.05739e-06 0)
(11.0979 -4.56617e-07 0)
(11.0979 -2.83291e-06 0)
(11.0979 -3.64623e-06 0)
(11.0978 -4.25415e-06 0)
(11.0978 -3.90304e-06 0)
(11.0977 -3.93506e-06 0)
(11.0977 -3.47669e-06 0)
(11.0977 -3.56649e-06 0)
(11.0977 -3.20073e-06 0)
(11.0976 -3.24421e-06 0)
(11.0976 -2.77548e-06 0)
(11.0976 -2.7015e-06 0)
(11.0976 -2.25571e-06 0)
(11.0976 -2.33903e-06 0)
(11.0976 -2.15786e-06 0)
(11.0976 -2.51847e-06 0)
(11.0976 -2.53426e-06 0)
(11.0975 -2.86975e-06 0)
(11.0975 -2.68477e-06 0)
(11.0975 -2.59891e-06 0)
(11.0975 -2.00705e-06 0)
(11.0975 -1.62379e-06 0)
(11.0975 -7.38424e-07 0)
(11.0975 -2.99959e-07 0)
(11.0975 4.83302e-07 0)
(11.0975 6.49461e-07 0)
(11.0975 1.11828e-06 0)
(11.0975 9.85708e-07 0)
(11.0975 1.06481e-06 0)
(11.0975 6.01834e-07 0)
(11.0975 3.17483e-07 0)
(11.0975 -4.60192e-07 0)
(11.0975 -1.04377e-06 0)
(11.0975 -1.94215e-06 0)
(11.0975 -2.38725e-06 0)
(11.0975 -2.99926e-06 0)
(11.0975 -3.05884e-06 0)
(11.0975 -3.16961e-06 0)
(11.0975 -2.76221e-06 0)
(11.0975 -2.3655e-06 0)
(11.0975 -1.46669e-06 0)
(11.0975 -6.51351e-07 0)
(11.0975 6.14734e-07 0)
(11.0975 1.70537e-06 0)
(11.0975 3.19883e-06 0)
(11.0975 4.38749e-06 0)
(11.0975 5.86452e-06 0)
(11.0975 6.88195e-06 0)
(11.0975 8.00078e-06 0)
(11.0975 8.4397e-06 0)
(11.0975 8.7921e-06 0)
(11.0975 8.41014e-06 0)
(11.0975 7.85855e-06 0)
(11.0975 6.63624e-06 0)
(11.0974 5.51512e-06 0)
(11.0974 5.5767e-06 0)
(11.0974 3.57734e-06 0)
(11.0974 6.98965e-06 0)
(11.0975 4.22689e-05 0)
(11.0974 9.73885e-05 0)
(11.1237 7.52469e-05 0)
(11.1237 -2.49414e-05 0)
(11.1237 -9.86736e-05 0)
(11.1238 -9.04935e-05 0)
(11.1239 -4.07675e-05 0)
(11.124 -5.8312e-06 0)
(11.124 6.83972e-06 0)
(11.1241 6.80738e-06 0)
(11.1242 5.21171e-06 0)
(11.1242 4.67874e-06 0)
(11.1243 7.59201e-06 0)
(11.1243 3.82382e-05 0)
(11.1244 5.0321e-05 0)
(11.1244 7.69814e-06 0)
(11.1244 -5.73226e-05 0)
(11.1244 -5.34276e-05 0)
(11.1244 -2.89774e-05 0)
(11.1244 -1.00841e-05 0)
(11.1244 -1.92514e-06 0)
(11.1245 1.28875e-06 0)
(11.1245 2.24599e-06 0)
(11.1245 1.79553e-06 0)
(11.1245 2.08855e-06 0)
(11.1245 1.06756e-06 0)
(11.1245 1.3524e-06 0)
(11.1245 9.0528e-07 0)
(11.1245 1.57854e-06 0)
(11.1245 1.302e-06 0)
(11.1245 1.95518e-06 0)
(11.1245 1.32732e-06 0)
(11.1245 2.40685e-06 0)
(11.1245 1.62123e-06 0)
(11.1244 1.21776e-06 0)
(11.1244 -6.71307e-07 0)
(11.1244 3.41167e-06 0)
(11.1243 4.40865e-06 0)
(11.1243 5.50744e-07 0)
(11.1242 2.60963e-06 0)
(11.1242 1.58192e-06 0)
(11.1242 2.13056e-06 0)
(11.1241 6.43362e-07 0)
(11.1241 -1.67521e-06 0)
(11.1241 -2.48839e-06 0)
(11.124 -3.12782e-06 0)
(11.124 -2.84562e-06 0)
(11.1239 -2.95406e-06 0)
(11.1239 -2.57298e-06 0)
(11.1239 -2.74698e-06 0)
(11.1239 -2.45726e-06 0)
(11.1238 -2.57461e-06 0)
(11.1238 -2.1708e-06 0)
(11.1238 -2.16302e-06 0)
(11.1238 -1.77553e-06 0)
(11.1238 -1.92518e-06 0)
(11.1238 -1.80213e-06 0)
(11.1237 -2.22083e-06 0)
(11.1237 -2.27616e-06 0)
(11.1237 -2.65315e-06 0)
(11.1237 -2.49617e-06 0)
(11.1237 -2.43157e-06 0)
(11.1237 -1.8505e-06 0)
(11.1237 -1.47809e-06 0)
(11.1237 -6.08988e-07 0)
(11.1237 -1.84397e-07 0)
(11.1237 5.82908e-07 0)
(11.1237 7.26247e-07 0)
(11.1237 1.17272e-06 0)
(11.1237 1.01673e-06 0)
(11.1237 1.07574e-06 0)
(11.1237 5.91138e-07 0)
(11.1237 2.78617e-07 0)
(11.1237 -5.09965e-07 0)
(11.1237 -1.11326e-06 0)
(11.1237 -2.01927e-06 0)
(11.1237 -2.47213e-06 0)
(11.1237 -3.0841e-06 0)
(11.1237 -3.1327e-06 0)
(11.1237 -3.22533e-06 0)
(11.1237 -2.80485e-06 0)
(11.1237 -2.38367e-06 0)
(11.1237 -1.4535e-06 0)
(11.1237 -6.07171e-07 0)
(11.1237 6.8845e-07 0)
(11.1237 1.81368e-06 0)
(11.1237 3.33545e-06 0)
(11.1237 4.55734e-06 0)
(11.1237 6.05764e-06 0)
(11.1237 7.09906e-06 0)
(11.1237 8.23237e-06 0)
(11.1237 8.67325e-06 0)
(11.1237 9.01544e-06 0)
(11.1236 8.61707e-06 0)
(11.1236 8.03782e-06 0)
(11.1236 6.77958e-06 0)
(11.1236 5.61644e-06 0)
(11.1236 5.64261e-06 0)
(11.1236 3.62044e-06 0)
(11.1236 7.00839e-06 0)
(11.1236 4.18173e-05 0)
(11.1236 9.61161e-05 0)
(11.1412 7.44459e-05 0)
(11.1412 -2.44311e-05 0)
(11.1412 -9.93071e-05 0)
(11.1413 -9.27623e-05 0)
(11.1413 -4.38829e-05 0)
(11.1414 -8.67302e-06 0)
(11.1415 4.56767e-06 0)
(11.1416 4.97158e-06 0)
(11.1417 3.72107e-06 0)
(11.1417 3.43076e-06 0)
(11.1417 6.7833e-06 0)
(11.1418 3.64916e-05 0)
(11.1419 4.76638e-05 0)
(11.1419 6.59848e-06 0)
(11.1419 -5.60453e-05 0)
(11.1419 -5.24939e-05 0)
(11.1419 -2.90112e-05 0)
(11.1419 -1.05665e-05 0)
(11.1419 -2.45105e-06 0)
(11.1419 8.55902e-07 0)
(11.142 1.87824e-06 0)
(11.142 1.53014e-06 0)
(11.142 1.86379e-06 0)
(11.142 9.25385e-07 0)
(11.142 1.23522e-06 0)
(11.142 8.75831e-07 0)
(11.142 1.59354e-06 0)
(11.142 1.44351e-06 0)
(11.142 2.16498e-06 0)
(11.142 1.68874e-06 0)
(11.142 2.8518e-06 0)
(11.1419 2.23843e-06 0)
(11.1419 1.9172e-06 0)
(11.1419 2.59279e-07 0)
(11.1419 4.56923e-06 0)
(11.1418 5.40692e-06 0)
(11.1418 1.48236e-06 0)
(11.1417 3.58074e-06 0)
(11.1417 2.6297e-06 0)
(11.1417 3.09954e-06 0)
(11.1416 1.66363e-06 0)
(11.1416 -5.77657e-07 0)
(11.1415 -1.37766e-06 0)
(11.1415 -2.04133e-06 0)
(11.1415 -1.82087e-06 0)
(11.1414 -1.99832e-06 0)
(11.1414 -1.6901e-06 0)
(11.1414 -1.94188e-06 0)
(11.1413 -1.72563e-06 0)
(11.1413 -1.91377e-06 0)
(11.1413 -1.57449e-06 0)
(11.1413 -1.62985e-06 0)
(11.1412 -1.29956e-06 0)
(11.1412 -1.51103e-06 0)
(11.1412 -1.44343e-06 0)
(11.1412 -1.91487e-06 0)
(11.1412 -2.00734e-06 0)
(11.1412 -2.42289e-06 0)
(11.1412 -2.29454e-06 0)
(11.1412 -2.25426e-06 0)
(11.1412 -1.68973e-06 0)
(11.1411 -1.33064e-06 0)
(11.1411 -4.82016e-07 0)
(11.1411 -7.19974e-08 0)
(11.1411 6.76965e-07 0)
(11.1411 7.97329e-07 0)
(11.1411 1.22143e-06 0)
(11.1411 1.04662e-06 0)
(11.1411 1.08633e-06 0)
(11.1411 5.84923e-07 0)
(11.1411 2.46939e-07 0)
(11.1411 -5.48927e-07 0)
(11.1411 -1.16396e-06 0)
(11.1411 -2.07261e-06 0)
(11.1411 -2.53225e-06 0)
(11.1411 -3.13989e-06 0)
(11.1411 -3.18063e-06 0)
(11.1411 -3.25743e-06 0)
(11.1411 -2.82921e-06 0)
(11.1411 -2.38633e-06 0)
(11.1411 -1.4352e-06 0)
(11.1411 -5.64283e-07 0)
(11.1411 7.52156e-07 0)
(11.1411 1.90323e-06 0)
(11.1411 3.4443e-06 0)
(11.1411 4.69106e-06 0)
(11.1411 6.20716e-06 0)
(11.1411 7.26669e-06 0)
(11.1411 8.40638e-06 0)
(11.1411 8.85304e-06 0)
(11.1411 9.18631e-06 0)
(11.1411 8.77758e-06 0)
(11.1411 8.17748e-06 0)
(11.1411 6.89534e-06 0)
(11.1411 5.70255e-06 0)
(11.1411 5.70236e-06 0)
(11.1411 3.67869e-06 0)
(11.1411 7.06335e-06 0)
(11.1411 4.1141e-05 0)
(11.1411 9.464e-05 0)
(11.1498 7.30197e-05 0)
(11.1498 -2.41452e-05 0)
(11.1498 -0.000100417 0)
(11.1499 -9.53887e-05 0)
(11.1499 -4.71945e-05 0)
(11.15 -1.16545e-05 0)
(11.1501 2.1606e-06 0)
(11.1502 3.03103e-06 0)
(11.1503 2.16014e-06 0)
(11.1503 2.17117e-06 0)
(11.1503 5.87535e-06 0)
(11.1504 3.46243e-05 0)
(11.1505 4.48551e-05 0)
(11.1505 5.17271e-06 0)
(11.1505 -5.50552e-05 0)
(11.1505 -5.17849e-05 0)
(11.1505 -2.92947e-05 0)
(11.1505 -1.12395e-05 0)
(11.1505 -3.12949e-06 0)
(11.1505 3.15143e-07 0)
(11.1506 1.4305e-06 0)
(11.1506 1.20204e-06 0)
(11.1506 1.57936e-06 0)
(11.1506 7.26295e-07 0)
(11.1506 1.05233e-06 0)
(11.1506 7.86533e-07 0)
(11.1506 1.59675e-06 0)
(11.1506 1.61414e-06 0)
(11.1506 2.42747e-06 0)
(11.1506 2.11999e-06 0)
(11.1506 3.36733e-06 0)
(11.1505 2.93847e-06 0)
(11.1505 2.71476e-06 0)
(11.1505 1.30356e-06 0)
(11.1505 5.98261e-06 0)
(11.1504 6.97087e-06 0)
(11.1504 3.01551e-06 0)
(11.1503 4.80311e-06 0)
(11.1503 3.76188e-06 0)
(11.1503 4.17072e-06 0)
(11.1502 2.79064e-06 0)
(11.1502 6.21542e-07 0)
(11.1501 -1.81751e-07 0)
(11.1501 -8.87816e-07 0)
(11.15 -7.44045e-07 0)
(11.15 -9.97345e-07 0)
(11.15 -7.65202e-07 0)
(11.1499 -1.09434e-06 0)
(11.1499 -9.55528e-07 0)
(11.1499 -1.2225e-06 0)
(11.1499 -9.56874e-07 0)
(11.1498 -1.07806e-06 0)
(11.1498 -8.07609e-07 0)
(11.1498 -1.07998e-06 0)
(11.1498 -1.06893e-06 0)
(11.1498 -1.58884e-06 0)
(11.1498 -1.71287e-06 -9.54596e-35)
(11.1498 -2.16272e-06 0)
(11.1498 -2.06265e-06 0)
(11.1497 -2.05701e-06 0)
(11.1497 -1.52454e-06 0)
(11.1497 -1.18379e-06 0)
(11.1497 -3.60609e-07 0)
(11.1497 2.48563e-08 0)
(11.1497 7.4956e-07 0)
(11.1497 8.54716e-07 0)
(11.1497 1.25231e-06 0)
(11.1497 1.06061e-06 0)
(11.1497 1.09153e-06 -7.07026e-35)
(11.1497 5.8288e-07 -6.86499e-35)
(11.1497 2.31014e-07 0)
(11.1497 -5.71047e-07 6.45548e-35)
(11.1497 -1.19355e-06 0)
(11.1497 -2.10219e-06 6.04131e-35)
(11.1497 -2.56806e-06 0)
(11.1497 -3.17028e-06 -5.62376e-35)
(11.1497 -3.20326e-06 0)
(11.1497 -3.26509e-06 0)
(11.1497 -2.82588e-06 0)
(11.1497 -2.36674e-06 -4.78647e-35)
(11.1497 -1.40192e-06 0)
(11.1497 -5.14728e-07 0)
(11.1497 8.15186e-07 0)
(11.1497 1.98156e-06 0)
(11.1497 3.52857e-06 0)
(11.1497 4.79315e-06 0)
(11.1497 6.31423e-06 0)
(11.1497 7.38651e-06 0)
(11.1497 8.52487e-06 0)
(11.1497 8.97614e-06 0)
(11.1497 9.30315e-06 0)
(11.1497 8.88752e-06 -2.26422e-35)
(11.1497 8.27816e-06 0)
(11.1497 6.98017e-06 0)
(11.1497 5.76584e-06 -1.6312e-35)
(11.1497 5.77544e-06 0)
(11.1497 3.86441e-06 2.41024e-35)
(11.1497 7.11202e-06 0)
(11.1497 4.14771e-05 0)
(11.1497 9.37193e-05 0)
(11.1494 7.19957e-05 0)
(11.1494 -2.44088e-05 0)
(11.1494 -0.000101944 0)
(11.1495 -9.81901e-05 0)
(11.1496 -5.05206e-05 0)
(11.1497 -1.46309e-05 0)
(11.1498 -2.6292e-07 0)
(11.1499 1.062e-06 0)
(11.1499 4.4442e-07 0)
(11.15 4.69451e-07 0)
(11.15 4.52845e-06 0)
(11.1501 3.25489e-05 0)
(11.1501 4.20124e-05 0)
(11.1502 3.68702e-06 0)
(11.1502 -5.43561e-05 0)
(11.1501 -5.12093e-05 0)
(11.1501 -2.95111e-05 0)
(11.1502 -1.18189e-05 0)
(11.1502 -3.69751e-06 0)
(11.1502 -1.44635e-07 0)
(11.1502 1.02538e-06 0)
(11.1502 8.89715e-07 0)
(11.1502 1.30741e-06 0)
(11.1502 5.54918e-07 0)
(11.1502 9.19418e-07 0)
(11.1502 7.50215e-07 0)
(11.1502 1.61028e-06 0)
(11.1502 1.71982e-06 0)
(11.1502 2.61567e-06 0)
(11.1502 2.50246e-06 0)
(11.1502 3.83638e-06 0)
(11.1502 3.59568e-06 0)
(11.1502 3.49415e-06 0)
(11.1501 2.32675e-06 0)
(11.1501 7.10573e-06 0)
(11.1501 7.9149e-06 0)
(11.15 4.27357e-06 0)
(11.15 6.50782e-06 0)
(11.1499 5.72525e-06 0)
(11.1499 5.95114e-06 0)
(11.1499 4.43478e-06 0)
(11.1498 2.1967e-06 0)
(11.1498 1.32244e-06 0)
(11.1497 5.4089e-07 0)
(11.1497 5.8571e-07 0)
(11.1497 2.3208e-07 0)
(11.1496 3.59554e-07 0)
(11.1496 -6.90666e-08 0)
(11.1496 -2.14059e-08 0)
(11.1495 -3.70045e-07 0)
(11.1495 -1.87619e-07 0)
(11.1495 -3.91289e-07 0)
(11.1495 -1.97543e-07 0)
(11.1495 -5.41379e-07 0)
(11.1494 -5.9396e-07 0)
(11.1494 -1.17272e-06 0)
(11.1494 -1.34919e-06 9.5441e-35)
(11.1494 -1.84207e-06 0)
(11.1494 -1.77737e-06 0)
(11.1494 -1.80126e-06 0)
(11.1494 -1.2962e-06 0)
(11.1494 -9.84442e-07 0)
(11.1494 -1.98278e-07 0)
(11.1494 1.5964e-07 0)
(11.1494 8.54708e-07 0)
(11.1494 9.27704e-07 0)
(11.1494 1.30148e-06 0)
(11.1494 1.09278e-06 0)
(11.1494 1.10279e-06 7.06888e-35)
(11.1494 5.82456e-07 6.86366e-35)
(11.1494 2.14237e-07 0)
(11.1494 -5.98629e-07 -6.45422e-35)
(11.1494 -1.22511e-06 0)
(11.1494 -2.12659e-06 -6.04013e-35)
(11.1494 -2.59431e-06 0)
(11.1494 -3.18424e-06 5.62267e-35)
(11.1494 -3.21269e-06 0)
(11.1494 -3.26482e-06 0)
(11.1494 -2.81947e-06 0)
(11.1494 -2.34788e-06 4.78554e-35)
(11.1494 -1.3752e-06 0)
(11.1494 -4.71479e-07 0)
(11.1494 8.67429e-07 0)
(11.1494 2.04985e-06 0)
(11.1494 3.60647e-06 0)
(11.1494 4.88196e-06 0)
(11.1494 6.40911e-06 0)
(11.1494 7.49112e-06 0)
(11.1494 8.62897e-06 0)
(11.1494 9.08975e-06 0)
(11.1494 9.41107e-06 0)
(11.1493 9.0025e-06 2.26378e-35)
(11.1493 8.37873e-06 0)
(11.1493 7.07418e-06 0)
(11.1493 5.8528e-06 1.63087e-35)
(11.1493 5.82188e-06 0)
(11.1493 3.81451e-06 -2.40977e-35)
(11.1493 7.17359e-06 0)
(11.1494 4.06012e-05 0)
(11.1493 9.1851e-05 0)
(11.1401 7.08777e-05 0)
(11.1401 -2.46647e-05 0)
(11.1402 -0.000103432 0)
(11.1402 -0.000100833 0)
(11.1403 -5.35339e-05 0)
(11.1404 -1.72824e-05 0)
(11.1405 -2.38964e-06 0)
(11.1406 -7.06086e-07 0)
(11.1406 -1.05578e-06 0)
(11.1407 -9.59046e-07 0)
(11.1407 3.45652e-06 0)
(11.1408 3.0866e-05 0)
(11.1408 3.9641e-05 0)
(11.1409 2.46935e-06 0)
(11.1409 -5.3471e-05 0)
(11.1408 -5.04642e-05 0)
(11.1408 -2.9593e-05 0)
(11.1409 -1.22946e-05 0)
(11.1409 -4.21193e-06 0)
(11.1409 -5.77408e-07 0)
(11.1409 6.34607e-07 0)
(11.1409 5.85825e-07 0)
(11.1409 1.03645e-06 0)
(11.1409 3.74102e-07 0)
(11.1409 7.59754e-07 0)
(11.1409 6.70852e-07 0)
(11.1409 1.59759e-06 0)
(11.1409 1.82383e-06 0)
(11.1409 2.7837e-06 0)
(11.1409 2.86756e-06 0)
(11.1409 4.26402e-06 0)
(11.1409 4.19287e-06 0)
(11.1409 4.20239e-06 0)
(11.1408 3.2668e-06 0)
(11.1408 8.16387e-06 0)
(11.1408 8.80038e-06 0)
(11.1407 5.21525e-06 0)
(11.1407 7.62864e-06 0)
(11.1407 7.10049e-06 0)
(11.1406 7.31874e-06 0)
(11.1406 5.7726e-06 0)
(11.1405 3.51574e-06 0)
(11.1405 2.59098e-06 0)
(11.1405 1.74398e-06 0)
(11.1404 1.70406e-06 0)
(11.1404 1.26851e-06 0)
(11.1403 1.3094e-06 0)
(11.1403 7.98244e-07 0)
(11.1403 7.66626e-07 0)
(11.1403 3.45487e-07 0)
(11.1402 4.53689e-07 0)
(11.1402 1.80282e-07 0)
(11.1402 3.08606e-07 0)
(11.1402 -9.28077e-08 0)
(11.1402 -1.95781e-07 0)
(11.1402 -8.16097e-07 0)
(11.1401 -1.03071e-06 0)
(11.1401 -1.55531e-06 0)
(11.1401 -1.52408e-06 0)
(11.1401 -1.57939e-06 0)
(11.1401 -1.11223e-06 0)
(11.1401 -8.28038e-07 0)
(11.1401 -7.80976e-08 0)
(11.1401 2.49116e-07 0)
(11.1401 9.16675e-07 0)
(11.1401 9.65722e-07 0)
(11.1401 1.31895e-06 0)
(11.1401 1.09661e-06 0)
(11.1401 1.10416e-06 0)
(11.1401 5.78392e-07 0)
(11.1401 2.05986e-07 0)
(11.1401 -6.0667e-07 0)
(11.1401 -1.22999e-06 0)
(11.1401 -2.11814e-06 0)
(11.1401 -2.58425e-06 0)
(11.1401 -3.15899e-06 0)
(11.1401 -3.18848e-06 0)
(11.1401 -3.23342e-06 0)
(11.1401 -2.78185e-06 0)
(11.1401 -2.30863e-06 0)
(11.1401 -1.34029e-06 0)
(11.1401 -4.35088e-07 0)
(11.1401 8.98149e-07 0)
(11.1401 2.07943e-06 0)
(11.1401 3.62731e-06 0)
(11.1401 4.90044e-06 0)
(11.1401 6.41788e-06 0)
(11.1401 7.49911e-06 0)
(11.1401 8.628e-06 0)
(11.1401 9.09529e-06 0)
(11.1401 9.41982e-06 0)
(11.1401 9.01528e-06 0)
(11.1401 8.39849e-06 0)
(11.1401 7.10397e-06 0)
(11.1401 5.89579e-06 0)
(11.1401 5.85556e-06 0)
(11.1401 3.87511e-06 0)
(11.1401 7.2737e-06 0)
(11.1401 4.07378e-05 0)
(11.14 9.12793e-05 0)
(11.122 7.01248e-05 0)
(11.122 -2.4864e-05 0)
(11.122 -0.00010486 0)
(11.1221 -0.000103362 0)
(11.1222 -5.6359e-05 0)
(11.1223 -1.97578e-05 0)
(11.1224 -4.40461e-06 0)
(11.1224 -2.3712e-06 0)
(11.1225 -2.46998e-06 0)
(11.1225 -2.26144e-06 0)
(11.1226 2.5404e-06 0)
(11.1226 2.93698e-05 0)
(11.1227 3.75538e-05 0)
(11.1227 1.47434e-06 0)
(11.1227 -5.24964e-05 0)
(11.1227 -4.96492e-05 0)
(11.1227 -2.9558e-05 0)
(11.1227 -1.26517e-05 0)
(11.1227 -4.6526e-06 0)
(11.1227 -9.74461e-07 0)
(11.1227 2.72008e-07 0)
(11.1228 2.99856e-07 0)
(11.1228 7.8413e-07 0)
(11.1228 2.10749e-07 0)
(11.1228 6.19003e-07 0)
(11.1228 6.06144e-07 0)
(11.1228 1.5912e-06 0)
(11.1228 1.92702e-06 0)
(11.1228 2.93073e-06 0)
(11.1228 3.19099e-06 0)
(11.1228 4.65909e-06 0)
(11.1227 4.74454e-06 0)
(11.1227 4.86234e-06 0)
(11.1227 4.14794e-06 0)
(11.1227 9.12972e-06 0)
(11.1226 9.53279e-06 0)
(11.1226 5.92672e-06 0)
(11.1226 8.45441e-06 0)
(11.1225 8.20243e-06 0)
(11.1225 8.47736e-06 0)
(11.1224 6.96591e-06 0)
(11.1224 4.72768e-06 0)
(11.1224 3.77279e-06 0)
(11.1223 2.87185e-06 0)
(11.1223 2.75732e-06 0)
(11.1223 2.2485e-06 0)
(11.1222 2.20876e-06 0)
(11.1222 1.62113e-06 0)
(11.1222 1.51348e-06 0)
(11.1221 1.02352e-06 0)
(11.1221 1.0604e-06 0)
(11.1221 7.21454e-07 0)
(11.1221 7.86596e-07 0)
(11.1221 3.31709e-07 0)
(11.122 1.81019e-07 0)
(11.122 -4.7589e-07 0)
(11.122 -7.2424e-07 0)
(11.122 -1.27993e-06 0)
(11.122 -1.28187e-06 0)
(11.122 -1.36822e-06 0)
(11.122 -9.39276e-07 0)
(11.122 -6.83786e-07 0)
(11.122 3.00998e-08 0)
(11.122 3.27825e-07 0)
(11.122 9.65927e-07 0)
(11.122 9.95641e-07 0)
(11.122 1.32715e-06 0)
(11.122 1.09424e-06 0)
(11.122 1.0981e-06 0)
(11.122 5.66999e-07 0)
(11.122 1.94287e-07 0)
(11.122 -6.13567e-07 0)
(11.122 -1.23006e-06 0)
(11.122 -2.1018e-06 0)
(11.122 -2.56333e-06 0)
(11.122 -3.12371e-06 0)
(11.122 -3.15291e-06 0)
(11.122 -3.19353e-06 0)
(11.122 -2.73997e-06 0)
(11.122 -2.26653e-06 0)
(11.122 -1.30663e-06 0)
(11.122 -4.04772e-07 0)
(11.122 9.17561e-07 0)
(11.122 2.09259e-06 0)
(11.122 3.62651e-06 0)
(11.122 4.89243e-06 0)
(11.122 6.39583e-06 0)
(11.122 7.47235e-06 0)
(11.122 8.59172e-06 0)
(11.122 9.06379e-06 0)
(11.122 9.38733e-06 0)
(11.122 8.99088e-06 0)
(11.122 8.38843e-06 0)
(11.122 7.11163e-06 0)
(11.122 5.92315e-06 0)
(11.122 5.88116e-06 0)
(11.122 3.94779e-06 0)
(11.122 7.36629e-06 0)
(11.122 4.07047e-05 0)
(11.1219 9.08596e-05 0)
(11.0952 6.96883e-05 0)
(11.0952 -2.50575e-05 0)
(11.0952 -0.000106455 0)
(11.0953 -0.000105972 0)
(11.0954 -5.91734e-05 0)
(11.0954 -2.22035e-05 0)
(11.0955 -6.41474e-06 0)
(11.0956 -4.03742e-06 0)
(11.0956 -3.89679e-06 0)
(11.0957 -3.56865e-06 0)
(11.0957 1.5945e-06 0)
(11.0958 2.78333e-05 0)
(11.0958 3.54894e-05 0)
(11.0958 4.62408e-07 0)
(11.0958 -5.16393e-05 0)
(11.0958 -4.89429e-05 0)
(11.0958 -2.95791e-05 0)
(11.0958 -1.30335e-05 0)
(11.0959 -5.12021e-06 0)
(11.0959 -1.4017e-06 0)
(11.0959 -1.09282e-07 0)
(11.0959 3.72035e-09 0)
(11.0959 5.24925e-07 0)
(11.0959 4.36675e-08 0)
(11.0959 4.80595e-07 0)
(11.0959 5.44908e-07 0)
(11.0959 1.58352e-06 0)
(11.0959 2.03386e-06 0)
(11.0959 3.08065e-06 0)
(11.0959 3.48928e-06 0)
(11.0959 5.04861e-06 0)
(11.0959 5.2871e-06 0)
(11.0959 5.5202e-06 0)
(11.0958 5.03111e-06 0)
(11.0958 1.01186e-05 0)
(11.0958 1.03638e-05 0)
(11.0957 6.78005e-06 0)
(11.0957 9.35473e-06 0)
(11.0957 9.32818e-06 0)
(11.0956 9.64894e-06 0)
(11.0956 8.18039e-06 0)
(11.0956 5.96631e-06 0)
(11.0955 4.98175e-06 0)
(11.0955 4.02497e-06 0)
(11.0955 3.83265e-06 0)
(11.0954 3.24888e-06 0)
(11.0954 3.12701e-06 0)
(11.0954 2.46311e-06 0)
(11.0953 2.27768e-06 0)
(11.0953 1.7159e-06 0)
(11.0953 1.67725e-06 0)
(11.0953 1.2709e-06 0)
(11.0953 1.27068e-06 0)
(11.0952 7.6342e-07 0)
(11.0952 5.64735e-07 0)
(11.0952 -1.26032e-07 0)
(11.0952 -4.0535e-07 0)
(11.0952 -9.89722e-07 0)
(11.0952 -1.02731e-06 0)
(11.0952 -1.14826e-06 0)
(11.0952 -7.63782e-07 0)
(11.0952 -5.43256e-07 0)
(11.0952 1.30521e-07 0)
(11.0952 3.95319e-07 0)
(11.0952 1.00231e-06 0)
(11.0952 1.01267e-06 0)
(11.0952 1.32158e-06 0)
(11.0952 1.08118e-06 0)
(11.0952 1.08179e-06 0)
(11.0952 5.49156e-07 0)
(11.0952 1.8247e-07 0)
(11.0952 -6.14516e-07 0)
(11.0952 -1.21946e-06 0)
(11.0952 -2.07071e-06 0)
(11.0952 -2.52406e-06 0)
(11.0952 -3.06884e-06 0)
(11.0952 -3.09898e-06 0)
(11.0952 -3.13796e-06 0)
(11.0952 -2.68605e-06 0)
(11.0952 -2.21788e-06 0)
(11.0952 -1.27286e-06 0)
(11.0952 -3.81844e-07 0)
(11.0952 9.21573e-07 0)
(11.0952 2.08195e-06 0)
(11.0952 3.59278e-06 0)
(11.0952 4.84326e-06 0)
(11.0952 6.32525e-06 0)
(11.0952 7.39126e-06 0)
(11.0952 8.49815e-06 0)
(11.0952 8.97387e-06 0)
(11.0952 9.30251e-06 0)
(11.0952 8.91585e-06 0)
(11.0952 8.33644e-06 0)
(11.0952 7.08883e-06 0)
(11.0952 5.93073e-06 0)
(11.0952 5.90195e-06 0)
(11.0952 4.03033e-06 0)
(11.0952 7.4397e-06 0)
(11.0952 4.06281e-05 0)
(11.0952 9.06892e-05 0)
(11.0599 6.98985e-05 0)
(11.0598 -2.49271e-05 0)
(11.0599 -0.000107969 0)
(11.0599 -0.000108479 0)
(11.06 -6.18279e-05 0)
(11.0601 -2.44817e-05 0)
(11.0602 -8.28077e-06 0)
(11.0602 -5.5797e-06 0)
(11.0603 -5.2139e-06 0)
(11.0603 -4.76807e-06 0)
(11.0603 7.22611e-07 0)
(11.0604 2.63606e-05 0)
(11.0604 3.35247e-05 0)
(11.0605 -4.9486e-07 0)
(11.0605 -5.08085e-05 0)
(11.0604 -4.82545e-05 0)
(11.0604 -2.9581e-05 0)
(11.0605 -1.33872e-05 0)
(11.0605 -5.56618e-06 0)
(11.0605 -1.81596e-06 0)
(11.0605 -4.78057e-07 0)
(11.0605 -2.71652e-07 0)
(11.0605 2.84741e-07 0)
(11.0605 -1.05098e-07 0)
(11.0605 3.64781e-07 0)
(11.0605 4.99679e-07 0)
(11.0605 1.58314e-06 0)
(11.0605 2.13673e-06 0)
(11.0605 3.21974e-06 0)
(11.0605 3.7489e-06 0)
(11.0605 5.38932e-06 0)
(11.0605 5.76865e-06 0)
(11.0605 6.11202e-06 0)
(11.0605 5.83492e-06 0)
(11.0604 1.10156e-05 0)
(11.0604 1.11373e-05 0)
(11.0604 7.5806e-06 0)
(11.0603 1.01801e-05 0)
(11.0603 1.03358e-05 0)
(11.0603 1.06965e-05 0)
(11.0602 9.27593e-06 0)
(11.0602 7.09187e-06 0)
(11.0602 6.08241e-06 0)
(11.0601 5.07428e-06 0)
(11.0601 4.80879e-06 0)
(11.0601 4.15681e-06 0)
(11.06 3.95918e-06 0)
(11.06 3.22703e-06 0)
(11.06 2.96987e-06 0)
(11.06 2.34156e-06 0)
(11.06 2.23112e-06 0)
(11.0599 1.76302e-06 0)
(11.0599 1.70187e-06 0)
(11.0599 1.14971e-06 0)
(11.0599 9.06321e-07 0)
(11.0599 1.92747e-07 0)
(11.0599 -1.06878e-07 0)
(11.0599 -7.24214e-07 0)
(11.0599 -7.91652e-07 0)
(11.0599 -9.46604e-07 0)
(11.0599 -6.08233e-07 0)
(11.0599 -4.24783e-07 0)
(11.0599 2.07976e-07 0)
(11.0598 4.40282e-07 0)
(11.0598 1.01401e-06 0)
(11.0598 1.00977e-06 0)
(11.0599 1.29849e-06 0)
(11.0599 1.05291e-06 0)
(11.0599 1.05411e-06 0)
(11.0599 5.25418e-07 0)
(11.0599 1.69878e-07 0)
(11.0599 -6.10683e-07 0)
(11.0599 -1.19949e-06 0)
(11.0599 -2.02628e-06 0)
(11.0599 -2.46904e-06 0)
(11.0598 -2.99797e-06 0)
(11.0598 -3.02909e-06 0)
(11.0598 -3.06889e-06 0)
(11.0598 -2.62329e-06 0)
(11.0598 -2.16605e-06 0)
(11.0598 -1.24261e-06 0)
(11.0598 -3.7003e-07 0)
(11.0598 9.06223e-07 0)
(11.0598 2.04338e-06 0)
(11.0598 3.52221e-06 0)
(11.0598 4.74888e-06 0)
(11.0598 6.20194e-06 0)
(11.0599 7.25143e-06 0)
(11.0599 8.34093e-06 0)
(11.0599 8.81926e-06 0)
(11.0599 9.1564e-06 0)
(11.0599 8.78647e-06 0)
(11.0599 8.23525e-06 0)
(11.0599 7.02709e-06 0)
(11.0599 5.91036e-06 0)
(11.0599 5.90534e-06 0)
(11.0599 4.1142e-06 0)
(11.0599 7.51346e-06 0)
(11.0599 4.05049e-05 0)
(11.0599 9.10003e-05 0)
(11.0162 7.0826e-05 0)
(11.0162 -2.4376e-05 0)
(11.0162 -0.000109337 0)
(11.0162 -0.000110864 0)
(11.0163 -6.43284e-05 0)
(11.0164 -2.66015e-05 0)
(11.0164 -1.00189e-05 0)
(11.0165 -6.99268e-06 0)
(11.0165 -6.42464e-06 0)
(11.0166 -5.86507e-06 0)
(11.0166 -8.4699e-08 0)
(11.0167 2.49505e-05 0)
(11.0167 3.16593e-05 0)
(11.0167 -1.38666e-06 0)
(11.0167 -4.99824e-05 0)
(11.0167 -4.75707e-05 0)
(11.0167 -2.95624e-05 0)
(11.0167 -1.37175e-05 0)
(11.0167 -5.99483e-06 0)
(11.0167 -2.21956e-06 0)
(11.0168 -8.36608e-07 0)
(11.0168 -5.29638e-07 0)
(11.0168 6.21709e-08 0)
(11.0168 -2.34592e-07 0)
(11.0168 2.72672e-07 0)
(11.0168 4.71319e-07 0)
(11.0168 1.59406e-06 0)
(11.0168 2.23807e-06 0)
(11.0168 3.35022e-06 0)
(11.0168 3.97883e-06 0)
(11.0168 5.68594e-06 0)
(11.0168 6.19238e-06 0)
(11.0167 6.63995e-06 0)
(11.0167 6.56304e-06 0)
(11.0167 1.18162e-05 0)
(11.0167 1.18418e-05 0)
(11.0167 8.32262e-06 0)
(11.0166 1.09198e-05 0)
(11.0166 1.12261e-05 0)
(11.0166 1.16218e-05 0)
(11.0165 1.02511e-05 0)
(11.0165 8.10066e-06 0)
(11.0165 7.0702e-06 0)
(11.0164 6.01434e-06 0)
(11.0164 5.68066e-06 0)
(11.0164 4.96711e-06 0)
(11.0164 4.70001e-06 0)
(11.0163 3.90742e-06 0)
(11.0163 3.58492e-06 0)
(11.0163 2.89563e-06 0)
(11.0163 2.71758e-06 0)
(11.0163 2.19381e-06 0)
(11.0163 2.07593e-06 0)
(11.0162 1.48647e-06 0)
(11.0162 1.20237e-06 0)
(11.0162 4.79958e-07 0)
(11.0162 1.60109e-07 0)
(11.0162 -4.87785e-07 0)
(11.0162 -5.77576e-07 0)
(11.0162 -7.65608e-07 0)
(11.0162 -4.74334e-07 0)
(11.0162 -3.29323e-07 0)
(11.0162 2.61847e-07 0)
(11.0162 4.62851e-07 0)
(11.0162 1.00049e-06 0)
(11.0162 9.86368e-07 0)
(11.0162 1.25748e-06 0)
(11.0162 1.00881e-06 0)
(11.0162 1.01432e-06 0)
(11.0162 4.94925e-07 0)
(11.0162 1.55395e-07 0)
(11.0162 -6.03642e-07 0)
(11.0162 -1.17192e-06 0)
(11.0162 -1.9704e-06 0)
(11.0162 -2.40041e-06 0)
(11.0162 -2.91334e-06 0)
(11.0162 -2.9451e-06 0)
(11.0162 -2.98738e-06 0)
(11.0162 -2.55222e-06 0)
(11.0162 -2.11112e-06 0)
(11.0162 -1.21553e-06 0)
(11.0162 -3.68434e-07 0)
(11.0162 8.72853e-07 0)
(11.0162 1.97865e-06 0)
(11.0162 3.41705e-06 0)
(11.0162 4.61186e-06 0)
(11.0162 6.02859e-06 0)
(11.0162 7.0556e-06 0)
(11.0162 8.12307e-06 0)
(11.0162 8.60264e-06 0)
(11.0162 8.94841e-06 0)
(11.0162 8.60174e-06 0)
(11.0162 8.08496e-06 0)
(11.0162 6.92538e-06 0)
(11.0162 5.86026e-06 0)
(11.0162 5.88777e-06 0)
(11.0162 4.19189e-06 0)
(11.0162 7.58579e-06 0)
(11.0163 4.03103e-05 0)
(11.0162 9.16878e-05 0)
(10.9643 7.24719e-05 0)
(10.9643 -2.33095e-05 0)
(10.9643 -0.000110506 0)
(10.9643 -0.000113108 0)
(10.9644 -6.66867e-05 0)
(10.9645 -2.85751e-05 0)
(10.9645 -1.16264e-05 0)
(10.9646 -8.28774e-06 0)
(10.9646 -7.52975e-06 0)
(10.9646 -6.86177e-06 0)
(10.9647 -8.30102e-07 0)
(10.9647 2.35982e-05 0)
(10.9648 2.9891e-05 0)
(10.9648 -2.19878e-06 0)
(10.9648 -4.9138e-05 0)
(10.9648 -4.68741e-05 0)
(10.9648 -2.9517e-05 0)
(10.9648 -1.40239e-05 0)
(10.9648 -6.40652e-06 0)
(10.9648 -2.61251e-06 0)
(10.9648 -1.18296e-06 0)
(10.9648 -7.70964e-07 0)
(10.9648 -1.42705e-07 0)
(10.9648 -3.43911e-07 0)
(10.9648 2.01975e-07 0)
(10.9648 4.65641e-07 0)
(10.9648 1.62052e-06 0)
(10.9648 2.34002e-06 0)
(10.9648 3.47381e-06 0)
(10.9648 4.19249e-06 0)
(10.9648 5.93182e-06 0)
(10.9648 6.55529e-06 0)
(10.9648 7.10195e-06 0)
(10.9648 7.21487e-06 0)
(10.9648 1.25165e-05 0)
(10.9647 1.24678e-05 0)
(10.9647 8.99313e-06 0)
(10.9647 1.15655e-05 0)
(10.9647 1.19936e-05 0)
(10.9646 1.24204e-05 0)
(10.9646 1.11e-05 0)
(10.9646 8.98659e-06 0)
(10.9646 7.93834e-06 0)
(10.9645 6.83914e-06 0)
(10.9645 6.44242e-06 0)
(10.9645 5.67415e-06 0)
(10.9645 5.34363e-06 0)
(10.9644 4.49882e-06 0)
(10.9644 4.1173e-06 0)
(10.9644 3.37313e-06 0)
(10.9644 3.13225e-06 0)
(10.9644 2.55943e-06 0)
(10.9644 2.3863e-06 0)
(10.9644 1.76873e-06 0)
(10.9644 1.45552e-06 0)
(10.9643 7.27082e-07 0)
(10.9643 3.91124e-07 0)
(10.9643 -2.81208e-07 0)
(10.9643 -3.86044e-07 0)
(10.9643 -6.07117e-07 0)
(10.9643 -3.63495e-07 0)
(10.9643 -2.57297e-07 0)
(10.9643 2.92235e-07 0)
(10.9643 4.63088e-07 0)
(10.9643 9.64357e-07 0)
(10.9643 9.42281e-07 0)
(10.9643 1.19876e-06 0)
(10.9643 9.4956e-07 0)
(10.9643 9.62253e-07 0)
(10.9643 4.57057e-07 0)
(10.9643 1.38155e-07 0)
(10.9643 -5.94518e-07 0)
(10.9643 -1.1381e-06 0)
(10.9643 -1.90469e-06 0)
(10.9643 -2.31966e-06 0)
(10.9643 -2.81658e-06 0)
(10.9643 -2.84766e-06 0)
(10.9643 -2.89453e-06 0)
(10.9643 -2.47342e-06 0)
(10.9643 -2.0532e-06 0)
(10.9643 -1.19124e-06 0)
(10.9643 -3.76244e-07 0)
(10.9643 8.22759e-07 0)
(10.9643 1.88949e-06 0)
(10.9643 3.27942e-06 0)
(10.9643 4.43462e-06 0)
(10.9643 5.80776e-06 0)
(10.9643 6.80634e-06 0)
(10.9643 7.84824e-06 0)
(10.9644 8.32628e-06 0)
(10.9644 8.68096e-06 0)
(10.9644 8.36189e-06 0)
(10.9644 7.88581e-06 0)
(10.9644 6.78312e-06 0)
(10.9644 5.77887e-06 0)
(10.9644 5.84658e-06 0)
(10.9644 4.25659e-06 0)
(10.9644 7.65384e-06 0)
(10.9644 4.00087e-05 0)
(10.9644 9.27102e-05 0)
(10.9043 7.48625e-05 0)
(10.9042 -2.167e-05 0)
(10.9042 -0.000111432 0)
(10.9043 -0.000115185 0)
(10.9043 -6.8915e-05 0)
(10.9044 -3.04125e-05 0)
(10.9044 -1.3111e-05 0)
(10.9045 -9.46573e-06 0)
(10.9045 -8.52437e-06 0)
(10.9045 -7.75271e-06 0)
(10.9046 -1.50905e-06 0)
(10.9046 2.23031e-05 0)
(10.9047 2.82203e-05 0)
(10.9047 -2.91533e-06 0)
(10.9047 -4.82478e-05 0)
(10.9047 -4.61455e-05 0)
(10.9047 -2.94332e-05 0)
(10.9047 -1.43017e-05 0)
(10.9047 -6.7981e-06 0)
(10.9047 -2.99168e-06 0)
(10.9047 -1.51424e-06 0)
(10.9047 -9.9338e-07 0)
(10.9047 -3.29031e-07 0)
(10.9047 -4.3378e-07 0)
(10.9047 1.61178e-07 0)
(10.9047 4.82864e-07 0)
(10.9047 1.66268e-06 0)
(10.9047 2.44639e-06 0)
(10.9047 3.59084e-06 0)
(10.9047 4.38659e-06 0)
(10.9047 6.1357e-06 0)
(10.9047 6.85902e-06 0)
(10.9047 7.4893e-06 0)
(10.9047 7.78174e-06 0)
(10.9047 1.311e-05 0)
(10.9046 1.30063e-05 0)
(10.9046 9.57817e-06 0)
(10.9046 1.21058e-05 0)
(10.9046 1.26267e-05 0)
(10.9045 1.3081e-05 0)
(10.9045 1.18112e-05 0)
(10.9045 9.73845e-06 0)
(10.9045 8.67625e-06 0)
(10.9045 7.53941e-06 0)
(10.9044 7.08531e-06 0)
(10.9044 6.2695e-06 0)
(10.9044 5.88243e-06 0)
(10.9044 4.99388e-06 0)
(10.9044 4.55902e-06 0)
(10.9044 3.76732e-06 0)
(10.9044 3.46795e-06 0)
(10.9043 2.85403e-06 0)
(10.9043 2.63022e-06 0)
(10.9043 1.99619e-06 0)
(10.9043 1.66334e-06 0)
(10.9043 9.27369e-07 0)
(10.9043 5.83074e-07 0)
(10.9043 -1.037e-07 0)
(10.9043 -2.2104e-07 0)
(10.9043 -4.73427e-07 0)
(10.9043 -2.77e-07 0)
(10.9043 -2.08824e-07 0)
(10.9043 2.99264e-07 0)
(10.9043 4.40645e-07 0)
(10.9043 9.07509e-07 0)
(10.9043 8.77858e-07 0)
(10.9043 1.12202e-06 0)
(10.9043 8.76396e-07 0)
(10.9043 8.98456e-07 0)
(10.9043 4.11647e-07 0)
(10.9043 1.17773e-07 0)
(10.9043 -5.84152e-07 0)
(10.9043 -1.09915e-06 0)
(10.9043 -1.83048e-06 0)
(10.9043 -2.22806e-06 0)
(10.9043 -2.70746e-06 0)
(10.9043 -2.73815e-06 0)
(10.9043 -2.79127e-06 0)
(10.9043 -2.38734e-06 0)
(10.9043 -1.99202e-06 0)
(10.9043 -1.1691e-06 0)
(10.9043 -3.92184e-07 0)
(10.9043 7.57628e-07 0)
(10.9043 1.77811e-06 0)
(10.9043 3.11198e-06 0)
(10.9043 4.22024e-06 0)
(10.9043 5.54269e-06 0)
(10.9043 6.507e-06 0)
(10.9043 7.51952e-06 0)
(10.9043 7.9932e-06 0)
(10.9044 8.35679e-06 0)
(10.9044 8.06821e-06 0)
(10.9044 7.63826e-06 0)
(10.9044 6.59988e-06 0)
(10.9044 5.6647e-06 0)
(10.9044 5.77937e-06 0)
(10.9044 4.30245e-06 0)
(10.9044 7.71451e-06 0)
(10.9044 3.95699e-05 0)
(10.9044 9.4052e-05 0)
(10.8361 7.80409e-05 0)
(10.836 -1.94338e-05 0)
(10.836 -0.000112076 0)
(10.836 -0.000117086 0)
(10.8361 -7.1031e-05 0)
(10.8361 -3.21255e-05 0)
(10.8362 -1.44838e-05 0)
(10.8362 -1.05273e-05 0)
(10.8362 -9.40366e-06 0)
(10.8363 -8.53099e-06 0)
(10.8363 -2.11582e-06 0)
(10.8363 2.10666e-05 0)
(10.8364 2.66495e-05 0)
(10.8364 -3.5209e-06 0)
(10.8364 -4.72841e-05 0)
(10.8364 -4.53649e-05 0)
(10.8363 -2.92981e-05 0)
(10.8364 -1.45434e-05 0)
(10.8364 -7.16416e-06 0)
(10.8364 -3.35289e-06 0)
(10.8364 -1.82686e-06 0)
(10.8364 -1.19516e-06 0)
(10.8364 -4.9503e-07 0)
(10.8364 -5.0108e-07 0)
(10.8364 1.47829e-07 0)
(10.8364 5.20227e-07 0)
(10.8364 1.72105e-06 0)
(10.8364 2.55759e-06 0)
(10.8364 3.70114e-06 0)
(10.8364 4.55709e-06 0)
(10.8364 6.30071e-06 0)
(10.8364 7.11022e-06 0)
(10.8364 7.79779e-06 0)
(10.8364 8.25688e-06 0)
(10.8364 1.35907e-05 0)
(10.8363 1.34503e-05 0)
(10.8363 1.00681e-05 0)
(10.8363 1.25299e-05 0)
(10.8363 1.31138e-05 0)
(10.8363 1.35928e-05 0)
(10.8363 1.23749e-05 0)
(10.8362 1.03465e-05 0)
(10.8362 9.27544e-06 0)
(10.8362 8.1077e-06 0)
(10.8362 7.60249e-06 0)
(10.8362 6.74692e-06 0)
(10.8362 6.31163e-06 0)
(10.8361 5.38463e-06 0)
(10.8361 4.90729e-06 0)
(10.8361 4.07358e-06 0)
(10.8361 3.72169e-06 0)
(10.8361 3.0746e-06 0)
(10.8361 2.81413e-06 0)
(10.8361 2.16445e-06 0)
(10.8361 1.81692e-06 0)
(10.8361 1.07709e-06 0)
(10.8361 7.35297e-07 0)
(10.8361 4.0777e-08 0)
(10.8361 -8.52108e-08 0)
(10.8361 -3.65849e-07 0)
(10.8361 -2.15189e-07 0)
(10.8361 -1.83469e-07 0)
(10.8361 2.83513e-07 0)
(10.8361 3.96116e-07 0)
(10.8361 8.32107e-07 0)
(10.8361 7.94394e-07 0)
(10.8361 1.02838e-06 0)
(10.8361 7.90002e-07 0)
(10.8361 8.23834e-07 0)
(10.8361 3.592e-07 0)
(10.8361 9.41071e-08 0)
(10.8361 -5.73222e-07 0)
(10.8361 -1.05604e-06 0)
(10.8361 -1.74911e-06 0)
(10.8361 -2.12678e-06 0)
(10.8361 -2.58709e-06 0)
(10.8361 -2.61755e-06 0)
(10.8361 -2.67843e-06 0)
(10.8361 -2.29428e-06 0)
(10.8361 -1.92712e-06 0)
(10.8361 -1.1479e-06 0)
(10.8361 -4.14474e-07 0)
(10.8361 6.79962e-07 0)
(10.8361 1.64762e-06 0)
(10.8361 2.91841e-06 0)
(10.8361 3.97286e-06 0)
(10.8361 5.23786e-06 0)
(10.8361 6.16215e-06 0)
(10.8361 7.1412e-06 0)
(10.8361 7.60735e-06 0)
(10.8361 7.97958e-06 0)
(10.8362 7.72315e-06 0)
(10.8362 7.34371e-06 0)
(10.8362 6.37591e-06 0)
(10.8362 5.51675e-06 0)
(10.8362 5.684e-06 0)
(10.8362 4.32442e-06 0)
(10.8362 7.76356e-06 0)
(10.8362 3.89705e-05 0)
(10.8362 9.5679e-05 0)
(10.7595 8.20426e-05 0)
(10.7594 -1.65996e-05 0)
(10.7593 -0.00011241 0)
(10.7594 -0.000118809 0)
(10.7594 -7.30534e-05 0)
(10.7595 -3.3735e-05 0)
(10.7595 -1.5753e-05 0)
(10.7596 -1.14735e-05 0)
(10.7596 -1.01635e-05 0)
(10.7596 -9.18991e-06 0)
(10.7596 -2.64389e-06 0)
(10.7597 1.98904e-05 0)
(10.7597 2.5182e-05 0)
(10.7597 -4.00158e-06 0)
(10.7597 -4.62164e-05 0)
(10.7597 -4.45129e-05 0)
(10.7597 -2.90968e-05 0)
(10.7597 -1.47396e-05 0)
(10.7597 -7.49795e-06 0)
(10.7597 -3.69074e-06 0)
(10.7597 -2.11619e-06 0)
(10.7597 -1.37425e-06 0)
(10.7597 -6.42569e-07 0)
(10.7597 -5.4907e-07 0)
(10.7597 1.54432e-07 0)
(10.7597 5.77586e-07 0)
(10.7597 1.79409e-06 0)
(10.7597 2.67235e-06 0)
(10.7597 3.80382e-06 0)
(10.7597 4.70256e-06 0)
(10.7597 6.42446e-06 0)
(10.7597 7.29634e-06 0)
(10.7597 8.03193e-06 0)
(10.7597 8.63642e-06 0)
(10.7597 1.39532e-05 0)
(10.7597 1.37947e-05 0)
(10.7597 1.04552e-05 0)
(10.7596 1.28296e-05 0)
(10.7596 1.34456e-05 0)
(10.7596 1.39465e-05 0)
(10.7596 1.27822e-05 0)
(10.7596 1.08036e-05 0)
(10.7596 9.72984e-06 0)
(10.7596 8.5386e-06 0)
(10.7596 7.98979e-06 0)
(10.7595 7.10287e-06 0)
(10.7595 6.62753e-06 0)
(10.7595 5.66873e-06 0)
(10.7595 5.1645e-06 0)
(10.7595 4.28577e-06 0)
(10.7595 3.89869e-06 0)
(10.7595 3.22005e-06 0)
(10.7595 2.93585e-06 0)
(10.7595 2.26685e-06 0)
(10.7595 1.91038e-06 0)
(10.7595 1.17879e-06 0)
(10.7595 8.46071e-07 0)
(10.7595 1.50716e-07 0)
(10.7595 1.98784e-08 0)
(10.7595 -2.84486e-07 0)
(10.7595 -1.77242e-07 0)
(10.7595 -1.79895e-07 0)
(10.7595 2.46472e-07 0)
(10.7595 3.31583e-07 0)
(10.7595 7.38873e-07 0)
(10.7595 6.94849e-07 0)
(10.7595 9.20565e-07 0)
(10.7595 6.92094e-07 0)
(10.7595 7.39605e-07 0)
(10.7595 3.00651e-07 0)
(10.7595 6.75108e-08 0)
(10.7595 -5.622e-07 0)
(10.7595 -1.00956e-06 0)
(10.7595 -1.66165e-06 0)
(10.7595 -2.01709e-06 0)
(10.7595 -2.45662e-06 0)
(10.7595 -2.48672e-06 0)
(10.7595 -2.55531e-06 0)
(10.7595 -2.19443e-06 0)
(10.7595 -1.85757e-06 0)
(10.7595 -1.12605e-06 0)
(10.7595 -4.4071e-07 0)
(10.7595 5.92844e-07 0)
(10.7595 1.50189e-06 0)
(10.7595 2.70326e-06 0)
(10.7595 3.69768e-06 0)
(10.7595 4.8989e-06 0)
(10.7595 5.77763e-06 0)
(10.7595 6.7188e-06 0)
(10.7596 7.17403e-06 0)
(10.7596 7.5538e-06 0)
(10.7596 7.33039e-06 0)
(10.7596 7.00441e-06 0)
(10.7596 6.11214e-06 0)
(10.7596 5.33466e-06 0)
(10.7596 5.55869e-06 0)
(10.7596 4.31844e-06 0)
(10.7596 7.79606e-06 0)
(10.7596 3.81949e-05 0)
(10.7596 9.75358e-05 0)
(10.6742 8.6921e-05 0)
(10.674 -1.3227e-05 0)
(10.674 -0.000112406 0)
(10.674 -0.000120366 0)
(10.6741 -7.5011e-05 0)
(10.6741 -3.52675e-05 0)
(10.6742 -1.69252e-05 0)
(10.6742 -1.23056e-05 0)
(10.6742 -1.07999e-05 0)
(10.6742 -9.7223e-06 0)
(10.6743 -3.08668e-06 0)
(10.6743 1.87772e-05 0)
(10.6743 2.38204e-05 0)
(10.6743 -4.34049e-06 0)
(10.6743 -4.50163e-05 0)
(10.6743 -4.3567e-05 0)
(10.6743 -2.88138e-05 0)
(10.6743 -1.48793e-05 0)
(10.6743 -7.79085e-06 0)
(10.6743 -3.99878e-06 0)
(10.6743 -2.37716e-06 0)
(10.6743 -1.5312e-06 0)
(10.6743 -7.78747e-07 0)
(10.6743 -5.76716e-07 0)
(10.6743 1.79176e-07 0)
(10.6743 6.5219e-07 0)
(10.6743 1.87924e-06 0)
(10.6743 2.78764e-06 0)
(10.6743 3.89692e-06 0)
(10.6743 4.82114e-06 0)
(10.6743 6.50341e-06 0)
(10.6743 7.40734e-06 0)
(10.6743 8.188e-06 0)
(10.6743 8.91702e-06 0)
(10.6743 1.4194e-05 0)
(10.6743 1.40339e-05 0)
(10.6743 1.0734e-05 0)
(10.6743 1.29977e-05 0)
(10.6743 1.36133e-05 0)
(10.6743 1.41339e-05 0)
(10.6743 1.30261e-05 0)
(10.6742 1.11039e-05 0)
(10.6742 1.00351e-05 0)
(10.6742 8.82931e-06 0)
(10.6742 8.24315e-06 0)
(10.6742 7.33619e-06 0)
(10.6742 6.82687e-06 0)
(10.6742 5.85554e-06 0)
(10.6742 5.31224e-06 0)
(10.6742 4.41078e-06 0)
(10.6742 3.99964e-06 0)
(10.6742 3.29084e-06 0)
(10.6742 2.98233e-06 0)
(10.6742 2.30607e-06 0)
(10.6742 1.94897e-06 0)
(10.6742 1.23409e-06 0)
(10.6742 9.1515e-07 0)
(10.6742 2.26258e-07 0)
(10.6742 9.60452e-08 0)
(10.6742 -2.26796e-07 0)
(10.6742 -1.61167e-07 0)
(10.6742 -1.95559e-07 0)
(10.6742 1.90863e-07 0)
(10.6742 2.50575e-07 0)
(10.6742 6.3069e-07 0)
(10.6742 5.82601e-07 0)
(10.6742 8.01284e-07 0)
(10.6742 5.85155e-07 0)
(10.6742 6.4718e-07 0)
(10.6742 2.37386e-07 0)
(10.6742 3.84358e-08 0)
(10.6742 -5.51454e-07 0)
(10.6742 -9.60394e-07 0)
(10.6742 -1.56926e-06 0)
(10.6742 -1.90015e-06 0)
(10.6742 -2.31721e-06 0)
(10.6742 -2.34648e-06 0)
(10.6742 -2.42225e-06 0)
(10.6742 -2.08692e-06 0)
(10.6742 -1.78238e-06 0)
(10.6742 -1.10171e-06 0)
(10.6742 -4.68216e-07 0)
(10.6742 4.9986e-07 0)
(10.6742 1.34539e-06 0)
(10.6742 2.47175e-06 0)
(10.6742 3.40067e-06 0)
(10.6742 4.5323e-06 0)
(10.6742 5.36021e-06 0)
(10.6742 6.25893e-06 0)
(10.6743 6.69958e-06 0)
(10.6743 7.08478e-06 0)
(10.6743 6.89443e-06 0)
(10.6743 6.62345e-06 0)
(10.6743 5.81026e-06 0)
(10.6743 5.11851e-06 0)
(10.6743 5.40227e-06 0)
(10.6743 4.28119e-06 0)
(10.6743 7.80642e-06 0)
(10.6744 3.72367e-05 0)
(10.6743 9.95565e-05 0)
(10.5796 9.25956e-05 0)
(10.5794 -9.29742e-06 0)
(10.5794 -0.000112036 0)
(10.5794 -0.000121775 0)
(10.5795 -7.69323e-05 0)
(10.5795 -3.67464e-05 0)
(10.5796 -1.80095e-05 0)
(10.5796 -1.30247e-05 0)
(10.5796 -1.13085e-05 0)
(10.5796 -1.01209e-05 0)
(10.5796 -3.43737e-06 0)
(10.5797 1.77294e-05 0)
(10.5797 2.25669e-05 0)
(10.5797 -4.5209e-06 0)
(10.5797 -4.3655e-05 0)
(10.5796 -4.2503e-05 0)
(10.5796 -2.84321e-05 0)
(10.5796 -1.495e-05 0)
(10.5796 -8.03302e-06 0)
(10.5796 -4.26932e-06 0)
(10.5797 -2.60527e-06 0)
(10.5797 -1.66983e-06 0)
(10.5797 -8.97879e-07 0)
(10.5797 -5.80707e-07 0)
(10.5797 2.18506e-07 0)
(10.5797 7.39785e-07 0)
(10.5797 1.97168e-06 0)
(10.5797 2.8992e-06 0)
(10.5797 3.97712e-06 0)
(10.5797 4.91015e-06 0)
(10.5797 6.53302e-06 0)
(10.5796 7.4484e-06 0)
(10.5796 8.26252e-06 0)
(10.5796 9.097e-06 0)
(10.5797 1.43101e-05 0)
(10.5797 1.41622e-05 0)
(10.5796 1.08989e-05 0)
(10.5796 1.30277e-05 0)
(10.5796 1.36087e-05 0)
(10.5796 1.4147e-05 0)
(10.5796 1.31002e-05 0)
(10.5796 1.12426e-05 0)
(10.5796 1.01884e-05 0)
(10.5796 8.97898e-06 0)
(10.5796 8.36651e-06 0)
(10.5796 7.45051e-06 0)
(10.5796 6.9121e-06 0)
(10.5796 5.93176e-06 0)
(10.5796 5.36533e-06 0)
(10.5796 4.45364e-06 0)
(10.5796 4.01143e-06 0)
(10.5796 3.2871e-06 0)
(10.5796 2.96256e-06 0)
(10.5796 2.28738e-06 0)
(10.5796 1.9359e-06 0)
(10.5796 1.24468e-06 0)
(10.5796 9.44022e-07 0)
(10.5796 2.69868e-07 0)
(10.5796 1.47244e-07 0)
(10.5796 -1.93627e-07 0)
(10.5796 -1.64175e-07 0)
(10.5796 -2.26459e-07 0)
(10.5796 1.20249e-07 0)
(10.5796 1.57193e-07 0)
(10.5796 5.1172e-07 0)
(10.5796 4.61172e-07 0)
(10.5796 6.7376e-07 0)
(10.5796 4.72064e-07 0)
(10.5796 5.48549e-07 0)
(10.5796 1.70745e-07 0)
(10.5796 7.54662e-09 0)
(10.5796 -5.41432e-07 0)
(10.5796 -9.08777e-07 0)
(10.5796 -1.47288e-06 0)
(10.5796 -1.77701e-06 0)
(10.5796 -2.16999e-06 0)
(10.5796 -2.1977e-06 0)
(10.5796 -2.28009e-06 0)
(10.5796 -1.97134e-06 0)
(10.5796 -1.70036e-06 0)
(10.5796 -1.07293e-06 0)
(10.5796 -4.94029e-07 0)
(10.5796 4.04842e-07 0)
(10.5796 1.18292e-06 0)
(10.5796 2.22965e-06 0)
(10.5796 3.08838e-06 0)
(10.5796 4.14528e-06 0)
(10.5797 4.91756e-06 0)
(10.5797 5.76914e-06 0)
(10.5797 6.19139e-06 0)
(10.5797 6.5788e-06 0)
(10.5797 6.42059e-06 0)
(10.5797 6.20466e-06 0)
(10.5798 5.47255e-06 0)
(10.5798 4.86875e-06 0)
(10.5798 5.21396e-06 0)
(10.5798 4.21017e-06 0)
(10.5798 7.78848e-06 0)
(10.5798 3.60987e-05 0)
(10.5798 0.000101656 0)
(10.4749 9.89087e-05 0)
(10.4748 -4.7135e-06 0)
(10.4747 -0.00011127 0)
(10.4748 -0.000123059 0)
(10.4748 -7.88443e-05 0)
(10.4749 -3.81993e-05 0)
(10.4749 -1.90159e-05 0)
(10.4749 -1.36326e-05 0)
(10.4749 -1.16851e-05 0)
(10.4749 -1.038e-05 0)
(10.4749 -3.68982e-06 0)
(10.4749 1.67501e-05 0)
(10.475 2.14225e-05 0)
(10.475 -4.52722e-06 0)
(10.4749 -4.21049e-05 0)
(10.4749 -4.12922e-05 0)
(10.4749 -2.79328e-05 0)
(10.4749 -1.49384e-05 0)
(10.4749 -8.21307e-06 0)
(10.4749 -4.49353e-06 0)
(10.4749 -2.79508e-06 0)
(10.4749 -1.78659e-06 0)
(10.4749 -9.84237e-07 0)
(10.4749 -5.72513e-07 0)
(10.4749 2.68325e-07 0)
(10.4749 8.34607e-07 0)
(10.4749 2.06509e-06 0)
(10.4749 3.00107e-06 0)
(10.4749 4.03975e-06 0)
(10.4749 4.96552e-06 0)
(10.4749 6.50817e-06 0)
(10.4749 7.42025e-06 0)
(10.4749 8.25065e-06 0)
(10.4749 9.16221e-06 0)
(10.4749 1.42978e-05 0)
(10.4749 1.41741e-05 0)
(10.4749 1.09456e-05 0)
(10.4749 1.29124e-05 0)
(10.4749 1.34232e-05 0)
(10.4749 1.39776e-05 0)
(10.4749 1.29975e-05 0)
(10.4749 1.1217e-05 0)
(10.4749 1.01867e-05 0)
(10.4749 8.98826e-06 0)
(10.4749 8.35789e-06 0)
(10.4749 7.4384e-06 0)
(10.4749 6.88369e-06 0)
(10.475 5.90418e-06 0)
(10.475 5.32915e-06 0)
(10.475 4.41099e-06 0)
(10.475 3.9464e-06 0)
(10.475 3.21633e-06 0)
(10.475 2.88148e-06 0)
(10.475 2.21571e-06 0)
(10.475 1.87505e-06 0)
(10.475 1.2135e-06 0)
(10.475 9.35418e-07 0)
(10.475 2.86477e-07 0)
(10.475 1.71243e-07 0)
(10.475 -1.81858e-07 0)
(10.475 -1.82468e-07 0)
(10.475 -2.68664e-07 0)
(10.475 3.92743e-08 0)
(10.475 5.55749e-08 0)
(10.475 3.86403e-07 0)
(10.475 3.34672e-07 0)
(10.475 5.41525e-07 0)
(10.475 3.56035e-07 0)
(10.475 4.46291e-07 0)
(10.475 1.02566e-07 0)
(10.475 -2.42606e-08 0)
(10.475 -5.31799e-07 0)
(10.475 -8.5551e-07 0)
(10.475 -1.37336e-06 0)
(10.475 -1.64879e-06 0)
(10.475 -2.01623e-06 0)
(10.475 -2.04133e-06 0)
(10.475 -2.12942e-06 0)
(10.475 -1.84745e-06 0)
(10.475 -1.61051e-06 0)
(10.475 -1.03776e-06 0)
(10.475 -5.15218e-07 0)
(10.475 3.11774e-07 0)
(10.475 1.01955e-06 0)
(10.475 1.98294e-06 0)
(10.475 2.7678e-06 0)
(10.475 3.7455e-06 0)
(10.475 4.45787e-06 0)
(10.475 5.25767e-06 0)
(10.4751 5.65751e-06 0)
(10.4751 6.04314e-06 0)
(10.4751 5.91501e-06 0)
(10.4751 5.75266e-06 0)
(10.4751 5.10215e-06 0)
(10.4751 4.58648e-06 0)
(10.4751 4.99321e-06 0)
(10.4751 4.10324e-06 0)
(10.4752 7.73565e-06 0)
(10.4752 3.47853e-05 0)
(10.4752 0.000103736 0)
(10.3591 0.000105885 0)
(10.3589 5.65747e-07 0)
(10.3588 -0.000110084 0)
(10.3589 -0.00012424 0)
(10.3589 -8.07837e-05 0)
(10.359 -3.96535e-05 0)
(10.359 -1.99576e-05 0)
(10.359 -1.41327e-05 0)
(10.359 -1.19266e-05 0)
(10.359 -1.04979e-05 0)
(10.359 -3.83814e-06 0)
(10.359 1.58398e-05 0)
(10.359 2.03894e-05 0)
(10.359 -4.34456e-06 0)
(10.359 -4.03347e-05 0)
(10.359 -3.99083e-05 0)
(10.359 -2.72936e-05 0)
(10.359 -1.48312e-05 0)
(10.359 -8.31943e-06 0)
(10.359 -4.6614e-06 0)
(10.359 -2.94002e-06 0)
(10.359 -1.86658e-06 0)
(10.359 -1.04992e-06 0)
(10.359 -5.56092e-07 0)
(10.359 3.24401e-07 0)
(10.359 9.2963e-07 0)
(10.359 2.15126e-06 0)
(10.359 3.08618e-06 0)
(10.359 4.07825e-06 0)
(10.359 4.98197e-06 0)
(10.359 6.42337e-06 0)
(10.359 7.31866e-06 0)
(10.359 8.14515e-06 0)
(10.359 9.11026e-06 0)
(10.359 1.41527e-05 0)
(10.359 1.40648e-05 0)
(10.359 1.08684e-05 0)
(10.359 1.26451e-05 0)
(10.359 1.30484e-05 0)
(10.359 1.36177e-05 0)
(10.359 1.27115e-05 0)
(10.359 1.10217e-05 0)
(10.359 1.00285e-05 0)
(10.359 8.85813e-06 0)
(10.359 8.21954e-06 0)
(10.3591 7.30203e-06 0)
(10.3591 6.74492e-06 0)
(10.3591 5.77869e-06 0)
(10.3591 5.20482e-06 0)
(10.3591 4.28882e-06 0)
(10.3591 3.81072e-06 0)
(10.3591 3.08472e-06 0)
(10.3591 2.74521e-06 0)
(10.3591 2.09632e-06 0)
(10.3591 1.77174e-06 0)
(10.3591 1.14495e-06 0)
(10.3591 8.93272e-07 0)
(10.3591 2.79044e-07 0)
(10.3591 1.70401e-07 0)
(10.3591 -1.84736e-07 0)
(10.3591 -2.11512e-07 0)
(10.3591 -3.1796e-07 0)
(10.3591 -4.68399e-08 0)
(10.3591 -4.89137e-08 0)
(10.3591 2.60053e-07 0)
(10.3591 2.07566e-07 0)
(10.3591 4.08625e-07 0)
(10.3591 2.40471e-07 0)
(10.3591 3.43605e-07 0)
(10.3591 3.49484e-08 0)
(10.3591 -5.598e-08 0)
(10.3591 -5.21766e-07 0)
(10.3591 -8.01417e-07 0)
(10.3591 -1.2713e-06 0)
(10.3591 -1.51667e-06 0)
(10.3591 -1.85725e-06 0)
(10.3591 -1.8783e-06 0)
(10.3591 -1.97087e-06 0)
(10.3591 -1.71512e-06 0)
(10.3591 -1.512e-06 0)
(10.3591 -9.94338e-07 0)
(10.3591 -5.29041e-07 0)
(10.3591 2.24602e-07 0)
(10.3591 8.60252e-07 0)
(10.3591 1.7377e-06 0)
(10.3591 2.44595e-06 0)
(10.3591 3.34098e-06 0)
(10.3592 3.98967e-06 0)
(10.3592 4.73333e-06 0)
(10.3592 5.10651e-06 0)
(10.3592 5.48594e-06 0)
(10.3592 5.38457e-06 0)
(10.3592 5.27295e-06 0)
(10.3593 4.70287e-06 0)
(10.3593 4.2739e-06 0)
(10.3593 4.73995e-06 0)
(10.3593 3.95851e-06 0)
(10.3593 7.64148e-06 0)
(10.3593 3.32974e-05 0)
(10.3593 0.000105519 0)
(10.2304 0.000113291 0)
(10.2302 6.53903e-06 0)
(10.2301 -0.000108457 0)
(10.2302 -0.000125348 0)
(10.2302 -8.27957e-05 0)
(10.2303 -4.11385e-05 0)
(10.2303 -2.08549e-05 0)
(10.2303 -1.45328e-05 0)
(10.2303 -1.20345e-05 0)
(10.2303 -1.04749e-05 0)
(10.2303 -3.88027e-06 0)
(10.2303 1.49966e-05 0)
(10.2303 1.9466e-05 0)
(10.2303 -3.95839e-06 0)
(10.2303 -3.83091e-05 0)
(10.2302 -3.83173e-05 0)
(10.2302 -2.64943e-05 0)
(10.2302 -1.46152e-05 0)
(10.2302 -8.34007e-06 0)
(10.2302 -4.76235e-06 0)
(10.2302 -3.03053e-06 0)
(10.2302 -1.9141e-06 0)
(10.2302 -1.09476e-06 0)
(10.2302 -5.32606e-07 0)
(10.2302 3.81355e-07 0)
(10.2302 1.01736e-06 0)
(10.2302 2.22161e-06 0)
(10.2302 3.1458e-06 0)
(10.2302 4.08455e-06 0)
(10.2302 4.95264e-06 0)
(10.2302 6.2731e-06 0)
(10.2302 7.13606e-06 0)
(10.2302 7.94755e-06 0)
(10.2302 8.94523e-06 0)
(10.2302 1.38675e-05 0)
(10.2302 1.38297e-05 0)
(10.2302 1.06619e-05 0)
(10.2303 1.22174e-05 0)
(10.2303 1.24751e-05 0)
(10.2303 1.30583e-05 0)
(10.2303 1.22355e-05 0)
(10.2303 1.06533e-05 0)
(10.2303 9.71144e-06 0)
(10.2303 8.58808e-06 0)
(10.2303 7.95651e-06 0)
(10.2304 7.05444e-06 0)
(10.2304 6.50113e-06 0)
(10.2304 5.55911e-06 0)
(10.2304 4.99641e-06 0)
(10.2304 4.0969e-06 0)
(10.2304 3.60968e-06 0)
(10.2304 2.89883e-06 0)
(10.2304 2.56165e-06 0)
(10.2304 1.93525e-06 0)
(10.2304 1.63204e-06 0)
(10.2304 1.04476e-06 0)
(10.2304 8.22768e-07 0)
(10.2304 2.50634e-07 0)
(10.2304 1.50487e-07 0)
(10.2304 -1.97602e-07 0)
(10.2304 -2.46628e-07 0)
(10.2304 -3.69685e-07 0)
(10.2304 -1.32683e-07 0)
(10.2304 -1.48697e-07 0)
(10.2304 1.36715e-07 0)
(10.2305 8.45725e-08 0)
(10.2305 2.79279e-07 0)
(10.2305 1.29142e-07 0)
(10.2305 2.43783e-07 0)
(10.2305 -2.93352e-08 0)
(10.2305 -8.64557e-08 0)
(10.2305 -5.10244e-07 0)
(10.2305 -7.45181e-07 0)
(10.2305 -1.16746e-06 0)
(10.2305 -1.38205e-06 0)
(10.2305 -1.6943e-06 0)
(10.2304 -1.7098e-06 0)
(10.2304 -1.80515e-06 0)
(10.2304 -1.57456e-06 0)
(10.2304 -1.40424e-06 0)
(10.2304 -9.41274e-07 0)
(10.2304 -5.33013e-07 0)
(10.2304 1.46818e-07 0)
(10.2304 7.09762e-07 0)
(10.2304 1.49973e-06 0)
(10.2304 2.12979e-06 0)
(10.2305 2.93953e-06 0)
(10.2305 3.52156e-06 0)
(10.2305 4.20508e-06 0)
(10.2305 4.54741e-06 0)
(10.2305 4.91578e-06 0)
(10.2305 4.83693e-06 0)
(10.2306 4.77176e-06 0)
(10.2306 4.27937e-06 0)
(10.2306 3.93402e-06 0)
(10.2306 4.45513e-06 0)
(10.2306 3.77439e-06 0)
(10.2306 7.50052e-06 0)
(10.2307 3.16432e-05 0)
(10.2306 0.00010702 0)
(10.0867 0.000121008 0)
(10.0865 1.31918e-05 0)
(10.0864 -0.000106391 0)
(10.0865 -0.000126431 0)
(10.0866 -8.49364e-05 0)
(10.0866 -4.26919e-05 0)
(10.0866 -2.17386e-05 0)
(10.0866 -1.48482e-05 0)
(10.0866 -1.20168e-05 0)
(10.0866 -1.03144e-05 0)
(10.0866 -3.82097e-06 0)
(10.0866 1.42123e-05 0)
(10.0866 1.86451e-05 0)
(10.0866 -3.35519e-06 0)
(10.0865 -3.59894e-05 0)
(10.0865 -3.64754e-05 0)
(10.0865 -2.5514e-05 0)
(10.0864 -1.42762e-05 0)
(10.0864 -8.26348e-06 0)
(10.0864 -4.78616e-06 0)
(10.0864 -3.06251e-06 0)
(10.0864 -1.9213e-06 0)
(10.0864 -1.11874e-06 0)
(10.0864 -5.03928e-07 0)
(10.0864 4.32986e-07 0)
(10.0864 1.08973e-06 0)
(10.0864 2.26671e-06 0)
(10.0864 3.17045e-06 0)
(10.0864 4.04935e-06 0)
(10.0864 4.87004e-06 0)
(10.0864 6.05097e-06 0)
(10.0864 6.86671e-06 0)
(10.0864 7.64846e-06 0)
(10.0865 8.66208e-06 0)
(10.0865 1.34359e-05 0)
(10.0865 1.34639e-05 0)
(10.0865 1.03186e-05 0)
(10.0865 1.16208e-05 0)
(10.0865 1.16945e-05 0)
(10.0866 1.22901e-05 0)
(10.0866 1.15622e-05 0)
(10.0866 1.01064e-05 0)
(10.0866 9.23438e-06 0)
(10.0866 8.17779e-06 0)
(10.0866 7.56619e-06 0)
(10.0867 6.6962e-06 0)
(10.0867 6.15781e-06 0)
(10.0867 5.25121e-06 0)
(10.0867 4.70993e-06 0)
(10.0867 3.83873e-06 0)
(10.0867 3.35569e-06 0)
(10.0867 2.666e-06 0)
(10.0867 2.33873e-06 0)
(10.0867 1.74065e-06 0)
(10.0867 1.46225e-06 0)
(10.0868 9.19479e-07 0)
(10.0868 7.30151e-07 0)
(10.0868 2.05995e-07 0)
(10.0868 1.1709e-07 0)
(10.0868 -2.16887e-07 0)
(10.0868 -2.82999e-07 0)
(10.0868 -4.18826e-07 0)
(10.0868 -2.11253e-07 0)
(10.0868 -2.39821e-07 0)
(10.0868 2.11501e-08 0)
(10.0868 -2.95184e-08 0)
(10.0868 1.5803e-07 0)
(10.0868 2.5973e-08 0)
(10.0868 1.50236e-07 0)
(10.0868 -8.75413e-08 0)
(10.0868 -1.14653e-07 0)
(10.0868 -4.9417e-07 0)
(10.0868 -6.86591e-07 0)
(10.0868 -1.06472e-06 0)
(10.0868 -1.2462e-06 0)
(10.0868 -1.52866e-06 0)
(10.0868 -1.53713e-06 0)
(10.0868 -1.63324e-06 0)
(10.0868 -1.42626e-06 0)
(10.0868 -1.287e-06 0)
(10.0868 -8.77601e-07 0)
(10.0867 -5.25199e-07 0)
(10.0868 8.13536e-08 0)
(10.0868 5.72166e-07 0)
(10.0868 1.27434e-06 0)
(10.0868 1.82573e-06 0)
(10.0868 2.54868e-06 0)
(10.0868 3.06192e-06 0)
(10.0868 3.68187e-06 0)
(10.0868 3.98938e-06 0)
(10.0868 4.34162e-06 0)
(10.0869 4.28033e-06 0)
(10.0869 4.25607e-06 0)
(10.0869 3.83711e-06 0)
(10.0869 3.57051e-06 0)
(10.0869 4.14035e-06 0)
(10.0869 3.54891e-06 0)
(10.0869 7.30914e-06 0)
(10.087 2.98869e-05 0)
(10.087 0.000108201 0)
(9.92496 0.000129006 0)
(9.92475 2.05118e-05 0)
(9.92472 -0.000103939 0)
(9.92478 -0.000127614 0)
(9.92484 -8.72837e-05 0)
(9.92488 -4.43728e-05 0)
(9.92489 -2.26536e-05 0)
(9.92488 -1.51065e-05 0)
(9.92486 -1.189e-05 0)
(9.92484 -1.00268e-05 0)
(9.92482 -3.67466e-06 0)
(9.92481 1.34714e-05 0)
(9.92481 1.79144e-05 0)
(9.92479 -2.5224e-06 0)
(9.92475 -3.33369e-05 0)
(9.9247 -3.43344e-05 0)
(9.92468 -2.43233e-05 0)
(9.92466 -1.37959e-05 0)
(9.92465 -8.07803e-06 0)
(9.92464 -4.72418e-06 0)
(9.92464 -3.02794e-06 0)
(9.92463 -1.88647e-06 0)
(9.92463 -1.11918e-06 0)
(9.92463 -4.71359e-07 0)
(9.92462 4.7382e-07 0)
(9.92462 1.13862e-06 0)
(9.92462 2.27692e-06 0)
(9.92462 3.1497e-06 0)
(9.92463 3.96267e-06 0)
(9.92463 4.72422e-06 0)
(9.92464 5.7514e-06 0)
(9.92465 6.50649e-06 0)
(9.92467 7.24477e-06 0)
(9.92469 8.25757e-06 0)
(9.92471 1.28547e-05 0)
(9.92474 1.29611e-05 0)
(9.92475 9.83044e-06 0)
(9.92477 1.08445e-05 0)
(9.92479 1.06991e-05 0)
(9.92482 1.13026e-05 0)
(9.92485 1.06817e-05 0)
(9.92487 9.3749e-06 0)
(9.92489 8.59521e-06 0)
(9.92491 7.62857e-06 0)
(9.92493 7.05393e-06 0)
(9.92495 6.232e-06 0)
(9.92496 5.72097e-06 0)
(9.92498 4.86269e-06 0)
(9.92499 4.35257e-06 0)
(9.925 3.52106e-06 0)
(9.92501 3.05387e-06 0)
(9.92502 2.39616e-06 0)
(9.92503 2.08478e-06 0)
(9.92504 1.52481e-06 0)
(9.92505 1.27011e-06 0)
(9.92505 7.76576e-07 0)
(9.92506 6.22137e-07 0)
(9.92506 1.50755e-07 0)
(9.92506 7.61523e-08 0)
(9.92506 -2.3816e-07 0)
(9.92506 -3.15884e-07 0)
(9.92506 -4.60335e-07 0)
(9.92507 -2.77488e-07 0)
(9.92507 -3.17878e-07 0)
(9.92507 -8.18198e-08 0)
(9.92507 -1.29816e-07 0)
(9.92508 4.93265e-08 0)
(9.92508 -6.5404e-08 0)
(9.92508 6.66251e-08 0)
(9.92509 -1.36428e-07 0)
(9.92509 -1.38439e-07 0)
(9.92509 -4.70603e-07 0)
(9.92508 -6.31464e-07 0)
(9.92508 -9.60968e-07 0)
(9.92508 -1.10992e-06 0)
(9.92507 -1.3617e-06 0)
(9.92507 -1.36175e-06 0)
(9.92506 -1.4564e-06 0)
(9.92505 -1.27117e-06 0)
(9.92505 -1.1606e-06 0)
(9.92505 -8.03004e-07 0)
(9.92504 -5.04418e-07 0)
(9.92504 3.0306e-08 0)
(9.92505 4.50696e-07 0)
(9.92505 1.06603e-06 0)
(9.92506 1.53934e-06 0)
(9.92507 2.1752e-06 0)
(9.92508 2.61844e-06 0)
(9.9251 3.17223e-06 0)
(9.92512 3.44133e-06 0)
(9.92514 3.77247e-06 0)
(9.92515 3.72335e-06 0)
(9.92517 3.73357e-06 0)
(9.92519 3.38239e-06 0)
(9.9252 3.18795e-06 0)
(9.92522 3.79528e-06 0)
(9.92522 3.28542e-06 0)
(9.92523 7.06133e-06 0)
(9.92527 2.81339e-05 0)
(9.92527 0.000109041 0)
(9.74095 0.000137588 0)
(9.74072 2.8418e-05 0)
(9.74071 -0.000101337 0)
(9.74079 -0.000129207 0)
(9.74085 -9.002e-05 0)
(9.74089 -4.63043e-05 0)
(9.74089 -2.37694e-05 0)
(9.74088 -1.53409e-05 0)
(9.74085 -1.17073e-05 0)
(9.74082 -9.63324e-06 0)
(9.74079 -3.46598e-06 0)
(9.74079 1.27485e-05 0)
(9.74078 1.72606e-05 0)
(9.74075 -1.45212e-06 0)
(9.7407 -3.03109e-05 0)
(9.74065 -3.18506e-05 0)
(9.74062 -2.28873e-05 0)
(9.7406 -1.31536e-05 0)
(9.74058 -7.77329e-06 0)
(9.74057 -4.56971e-06 0)
(9.74056 -2.92186e-06 0)
(9.74056 -1.80469e-06 0)
(9.74055 -1.09301e-06 0)
(9.74055 -4.35545e-07 0)
(9.74055 4.98436e-07 0)
(9.74055 1.15669e-06 0)
(9.74055 2.24262e-06 0)
(9.74055 3.07345e-06 0)
(9.74056 3.8137e-06 0)
(9.74057 4.5045e-06 0)
(9.74058 5.36888e-06 0)
(9.74059 6.05117e-06 0)
(9.74061 6.73388e-06 0)
(9.74064 7.72987e-06 0)
(9.74067 1.21208e-05 0)
(9.74069 1.2315e-05 0)
(9.74071 9.18621e-06 0)
(9.74073 9.87718e-06 0)
(9.74077 9.48912e-06 0)
(9.7408 1.00851e-05 0)
(9.74083 9.5828e-06 0)
(9.74086 8.45174e-06 0)
(9.74088 7.79184e-06 0)
(9.74091 6.94148e-06 0)
(9.74093 6.42306e-06 0)
(9.74095 5.66703e-06 0)
(9.74097 5.19728e-06 0)
(9.74098 4.40159e-06 0)
(9.741 3.93292e-06 0)
(9.74101 3.15348e-06 0)
(9.74103 2.71243e-06 0)
(9.74104 2.09781e-06 0)
(9.74105 1.8096e-06 0)
(9.74106 1.29418e-06 0)
(9.74106 1.06687e-06 0)
(9.74107 6.25054e-07 0)
(9.74107 5.0598e-07 0)
(9.74108 9.11256e-08 0)
(9.74108 3.34801e-08 0)
(9.74108 -2.57964e-07 0)
(9.74108 -3.40307e-07 0)
(9.74108 -4.8907e-07 0)
(9.74108 -3.26867e-07 0)
(9.74108 -3.78886e-07 0)
(9.74108 -1.67144e-07 0)
(9.74109 -2.1163e-07 0)
(9.74109 -4.24239e-08 0)
(9.74109 -1.41155e-07 0)
(9.74109 -3.60981e-09 0)
(9.7411 -1.7342e-07 0)
(9.7411 -1.55175e-07 0)
(9.7411 -4.41804e-07 0)
(9.74109 -5.74896e-07 0)
(9.74109 -8.56445e-07 0)
(9.74109 -9.74261e-07 0)
(9.74108 -1.19439e-06 0)
(9.74108 -1.18558e-06 0)
(9.74107 -1.27594e-06 0)
(9.74106 -1.11087e-06 0)
(9.74106 -1.02563e-06 0)
(9.74106 -7.18183e-07 0)
(9.74105 -4.70097e-07 0)
(9.74105 -5.56455e-09 0)
(9.74105 3.47452e-07 0)
(9.74106 8.78028e-07 0)
(9.74107 1.27512e-06 0)
(9.74108 1.82466e-06 0)
(9.74109 2.19799e-06 0)
(9.7411 2.68369e-06 0)
(9.74112 2.9119e-06 0)
(9.74114 3.2168e-06 0)
(9.74116 3.17493e-06 0)
(9.74117 3.21214e-06 0)
(9.74119 2.92222e-06 0)
(9.7412 2.79191e-06 0)
(9.74122 3.42239e-06 0)
(9.74122 2.98384e-06 0)
(9.74123 6.756e-06 0)
(9.74128 2.62776e-05 0)
(9.74128 0.000110025 0)
(9.52846 0.000147912 0)
(9.52821 3.65191e-05 0)
(9.52823 -9.94637e-05 0)
(9.52834 -0.00013193 0)
(9.52842 -9.35606e-05 0)
(9.52845 -4.87363e-05 0)
(9.52845 -2.52118e-05 0)
(9.52843 -1.57523e-05 0)
(9.5284 -1.15463e-05 0)
(9.52836 -9.19097e-06 0)
(9.52833 -3.23479e-06 0)
(9.52832 1.20076e-05 0)
(9.52831 1.66667e-05 0)
(9.52828 -1.41532e-07 0)
(9.52823 -2.68686e-05 0)
(9.52817 -2.89789e-05 0)
(9.52813 -2.1172e-05 0)
(9.52811 -1.23282e-05 0)
(9.52809 -7.34065e-06 0)
(9.52807 -4.3192e-06 0)
(9.52806 -2.74328e-06 0)
(9.52805 -1.67238e-06 0)
(9.52805 -1.03843e-06 0)
(9.52804 -3.96823e-07 0)
(9.52804 5.02851e-07 0)
(9.52804 1.13739e-06 0)
(9.52805 2.15538e-06 0)
(9.52805 2.93243e-06 0)
(9.52806 3.59178e-06 0)
(9.52807 4.20069e-06 0)
(9.52808 4.89952e-06 0)
(9.5281 5.49627e-06 0)
(9.52812 6.11398e-06 0)
(9.52815 7.08519e-06 0)
(9.52819 1.12298e-05 0)
(9.52822 1.15175e-05 0)
(9.52824 8.37937e-06 0)
(9.52827 8.65232e-06 0)
(9.52831 8.09351e-06 0)
(9.52835 8.62608e-06 0)
(9.52838 8.25173e-06 0)
(9.52842 7.32806e-06 0)
(9.52844 6.82281e-06 0)
(9.52847 6.11526e-06 0)
(9.52849 5.67664e-06 0)
(9.52852 5.00724e-06 0)
(9.52854 4.59424e-06 0)
(9.52856 3.87672e-06 0)
(9.52858 3.46034e-06 0)
(9.52859 2.74602e-06 0)
(9.5286 2.3415e-06 0)
(9.52862 1.7806e-06 0)
(9.52863 1.52303e-06 0)
(9.52863 1.05769e-06 0)
(9.52864 8.60716e-07 0)
(9.52865 4.73148e-07 0)
(9.52865 3.8928e-07 0)
(9.52865 3.30634e-08 0)
(9.52866 -4.84078e-09 0)
(9.52866 -2.68771e-07 0)
(9.52866 -3.53181e-07 0)
(9.52866 -5.00954e-07 0)
(9.52866 -3.55912e-07 0)
(9.52866 -4.18557e-07 0)
(9.52866 -2.2922e-07 0)
(9.52866 -2.70593e-07 0)
(9.52866 -1.1342e-07 0)
(9.52866 -1.97509e-07 0)
(9.52867 -5.71418e-08 0)
(9.52867 -1.96582e-07 0)
(9.52867 -1.62392e-07 0)
(9.52867 -4.08358e-07 0)
(9.52866 -5.1517e-07 0)
(9.52866 -7.51193e-07 0)
(9.52866 -8.39605e-07 0)
(9.52865 -1.02821e-06 0)
(9.52865 -1.01008e-06 0)
(9.52864 -1.09398e-06 0)
(9.52863 -9.47029e-07 0)
(9.52863 -8.83965e-07 0)
(9.52863 -6.24137e-07 0)
(9.52862 -4.23207e-07 0)
(9.52862 -2.62187e-08 0)
(9.52862 2.63113e-07 0)
(9.52863 7.12215e-07 0)
(9.52863 1.03597e-06 0)
(9.52864 1.50124e-06 0)
(9.52865 1.80565e-06 0)
(9.52867 2.22276e-06 0)
(9.52868 2.40817e-06 0)
(9.5287 2.68286e-06 0)
(9.52872 2.64339e-06 0)
(9.52874 2.7003e-06 0)
(9.52875 2.46446e-06 0)
(9.52877 2.38885e-06 0)
(9.52878 3.03267e-06 0)
(9.52878 2.6425e-06 0)
(9.5288 6.41406e-06 0)
(9.52885 2.43211e-05 0)
(9.52886 0.000112285 0)
(9.27823 0.000162935 0)
(9.27792 4.42717e-05 0)
(9.278 -0.000100603 0)
(9.27819 -0.000137603 0)
(9.27829 -9.88458e-05 0)
(9.27833 -5.23203e-05 0)
(9.27832 -2.72563e-05 0)
(9.2783 -1.65252e-05 0)
(9.27826 -1.15268e-05 0)
(9.27822 -8.77266e-06 0)
(9.27819 -3.03522e-06 0)
(9.27818 1.12e-05 0)
(9.27816 1.609e-05 0)
(9.27813 1.40863e-06 0)
(9.27807 -2.29647e-05 0)
(9.278 -2.5663e-05 0)
(9.27796 -1.91396e-05 0)
(9.27793 -1.13044e-05 0)
(9.27791 -6.77655e-06 0)
(9.27789 -3.97505e-06 0)
(9.27788 -2.49563e-06 0)
(9.27787 -1.49218e-06 0)
(9.27786 -9.54077e-07 0)
(9.27786 -3.5547e-07 0)
(9.27785 4.83747e-07 0)
(9.27786 1.07647e-06 0)
(9.27786 2.0078e-06 0)
(9.27787 2.71838e-06 0)
(9.27788 3.28746e-06 0)
(9.27789 3.80548e-06 0)
(9.27791 4.34173e-06 0)
(9.27793 4.84003e-06 0)
(9.27796 5.38512e-06 0)
(9.27799 6.32716e-06 0)
(9.27803 1.01856e-05 0)
(9.27807 1.05565e-05 0)
(9.2781 7.41025e-06 0)
(9.27813 7.16047e-06 0)
(9.27817 6.47624e-06 0)
(9.27821 6.90661e-06 0)
(9.27825 6.67315e-06 0)
(9.27829 5.99372e-06 0)
(9.27832 5.68206e-06 0)
(9.27835 5.14719e-06 0)
(9.27838 4.81845e-06 0)
(9.2784 4.25985e-06 0)
(9.27843 3.92069e-06 0)
(9.27845 3.29834e-06 0)
(9.27847 2.94465e-06 0)
(9.27848 2.30935e-06 0)
(9.2785 1.9517e-06 0)
(9.27851 1.45466e-06 0)
(9.27852 1.23496e-06 0)
(9.27853 8.25796e-07 0)
(9.27853 6.61759e-07 0)
(9.27854 3.29857e-07 0)
(9.27854 2.79889e-07 0)
(9.27854 -1.79208e-08 0)
(9.27855 -3.38238e-08 0)
(9.27855 -2.65661e-07 0)
(9.27854 -3.50979e-07 0)
(9.27854 -4.92685e-07 0)
(9.27854 -3.62858e-07 0)
(9.27854 -4.30651e-07 0)
(9.27854 -2.64262e-07 0)
(9.27854 -3.03428e-07 0)
(9.27855 -1.60537e-07 0)
(9.27855 -2.31439e-07 0)
(9.27855 -9.15666e-08 0)
(9.27855 -2.04279e-07 0)
(9.27855 -1.58388e-07 0)
(9.27855 -3.6861e-07 0)
(9.27854 -4.50499e-07 0)
(9.27854 -6.44932e-07 0)
(9.27854 -7.06456e-07 0)
(9.27853 -8.64178e-07 0)
(9.27853 -8.37019e-07 0)
(9.27852 -9.12765e-07 0)
(9.27851 -7.81906e-07 0)
(9.27851 -7.37714e-07 0)
(9.27851 -5.22932e-07 0)
(9.2785 -3.65549e-07 0)
(9.2785 -3.32211e-08 0)
(9.2785 1.96872e-07 0)
(9.27851 5.68566e-07 0)
(9.27851 8.23257e-07 0)
(9.27852 1.20711e-06 0)
(9.27853 1.44491e-06 0)
(9.27854 1.79403e-06 0)
(9.27856 1.93594e-06 0)
(9.27857 2.17746e-06 0)
(9.27859 2.13651e-06 0)
(9.27861 2.20611e-06 0)
(9.27862 2.01736e-06 0)
(9.27863 1.986e-06 0)
(9.27865 2.62982e-06 0)
(9.27865 2.26994e-06 0)
(9.27867 6.00174e-06 0)
(9.27873 2.23382e-05 0)
(9.27876 0.000118452 0)
(8.97553 0.000190827 0)
(8.9751 5.04657e-05 0)
(8.97525 -0.000110949 0)
(8.97555 -0.000150439 0)
(8.9757 -0.000107934 0)
(8.97574 -5.83301e-05 0)
(8.97573 -3.05023e-05 0)
(8.97571 -1.79725e-05 0)
(8.97567 -1.18333e-05 0)
(8.97563 -8.48223e-06 0)
(8.97559 -2.93416e-06 0)
(8.97558 1.02664e-05 0)
(8.97557 1.54923e-05 0)
(8.97554 3.19578e-06 0)
(8.97547 -1.85709e-05 0)
(8.9754 -2.18363e-05 0)
(8.97535 -1.67578e-05 0)
(8.97531 -1.00617e-05 0)
(8.97529 -6.07843e-06 0)
(8.97527 -3.54505e-06 0)
(8.97526 -2.18839e-06 0)
(8.97524 -1.27545e-06 0)
(8.97523 -8.43019e-07 0)
(8.97523 -3.13539e-07 0)
(8.97523 4.38795e-07 0)
(8.97523 9.70896e-07 0)
(8.97524 1.79464e-06 0)
(8.97525 2.42339e-06 0)
(8.97526 2.89628e-06 0)
(8.97528 3.31477e-06 0)
(8.9753 3.69512e-06 0)
(8.97532 4.08441e-06 0)
(8.97535 4.54986e-06 0)
(8.97539 5.45747e-06 0)
(8.97544 8.98298e-06 0)
(8.97548 9.41562e-06 0)
(8.97551 6.27696e-06 0)
(8.97554 5.39909e-06 0)
(8.97558 4.60003e-06 0)
(8.97563 4.90548e-06 0)
(8.97568 4.83214e-06 0)
(8.97572 4.43824e-06 0)
(8.97575 4.36014e-06 0)
(8.97578 4.04019e-06 0)
(8.97581 3.85385e-06 0)
(8.97584 3.43357e-06 0)
(8.97587 3.18711e-06 0)
(8.97589 2.67811e-06 0)
(8.97591 2.39752e-06 0)
(8.97592 1.8553e-06 0)
(8.97594 1.55394e-06 0)
(8.97595 1.13069e-06 0)
(8.97596 9.55142e-07 0)
(8.97597 6.08227e-07 0)
(8.97597 4.79154e-07 0)
(8.97598 2.03991e-07 0)
(8.97598 1.85398e-07 0)
(8.97598 -5.43994e-08 0)
(8.97599 -5.04906e-08 0)
(8.97598 -2.47744e-07 0)
(8.97598 -3.29182e-07 0)
(8.97598 -4.625e-07 0)
(8.97598 -3.454e-07 0)
(8.97598 -4.13613e-07 0)
(8.97598 -2.70129e-07 0)
(8.97598 -3.08971e-07 0)
(8.97598 -1.8231e-07 0)
(8.97598 -2.40963e-07 0)
(8.97598 -1.05647e-07 0)
(8.97598 -1.93556e-07 0)
(8.97598 -1.42496e-07 0)
(8.97598 -3.19472e-07 0)
(8.97597 -3.80648e-07 0)
(8.97597 -5.37421e-07 0)
(8.97597 -5.75089e-07 0)
(8.97596 -7.03437e-07 0)
(8.97596 -6.67811e-07 0)
(8.97595 -7.34834e-07 0)
(8.97594 -6.18129e-07 0)
(8.97594 -5.89602e-07 0)
(8.97594 -4.17296e-07 0)
(8.97593 -2.99981e-07 0)
(8.97593 -2.93119e-08 0)
(8.97593 1.46248e-07 0)
(8.97593 4.45307e-07 0)
(8.97594 6.36027e-07 0)
(8.97595 9.42628e-07 0)
(8.97596 1.11693e-06 0)
(8.97597 1.39992e-06 0)
(8.97598 1.49887e-06 0)
(8.97599 1.70555e-06 0)
(8.97601 1.66051e-06 0)
(8.97603 1.73693e-06 0)
(8.97604 1.58896e-06 0)
(8.97605 1.59126e-06 0)
(8.97607 2.21504e-06 0)
(8.97607 1.87407e-06 0)
(8.97609 5.47866e-06 0)
(8.97617 2.03336e-05 0)
(8.97626 0.000134282 0)
(8.59508 0.00025001 0)
(8.59438 5.06557e-05 0)
(8.59444 -0.000145514 0)
(8.59482 -0.000178353 0)
(8.59501 -0.000124298 0)
(8.59505 -6.82798e-05 0)
(8.59505 -3.59823e-05 0)
(8.59503 -2.05278e-05 0)
(8.59499 -1.26844e-05 0)
(8.59495 -8.46945e-06 0)
(8.59492 -2.9726e-06 0)
(8.59492 9.15033e-06 0)
(8.59491 1.48037e-05 0)
(8.59488 5.18778e-06 0)
(8.5948 -1.36478e-05 0)
(8.59472 -1.74255e-05 0)
(8.59466 -1.39473e-05 0)
(8.59462 -8.57782e-06 0)
(8.5946 -5.24158e-06 0)
(8.59458 -3.03407e-06 0)
(8.59456 -1.83521e-06 0)
(8.59455 -1.03575e-06 0)
(8.59454 -7.12147e-07 0)
(8.59453 -2.74159e-07 0)
(8.59453 3.65099e-07 0)
(8.59454 8.17835e-07 0)
(8.59455 1.51129e-06 0)
(8.59456 2.0432e-06 0)
(8.59457 2.41188e-06 0)
(8.59459 2.7243e-06 0)
(8.59462 2.95805e-06 0)
(8.59464 3.23292e-06 0)
(8.59468 3.61021e-06 0)
(8.59472 4.47259e-06 0)
(8.59477 7.59021e-06 0)
(8.59482 8.06457e-06 0)
(8.59486 4.95115e-06 0)
(8.59489 3.39115e-06 0)
(8.59493 2.39889e-06 0)
(8.59498 2.60313e-06 0)
(8.59503 2.71666e-06 0)
(8.59507 2.6542e-06 0)
(8.59511 2.85676e-06 0)
(8.59514 2.79801e-06 0)
(8.59517 2.79024e-06 0)
(8.5952 2.53851e-06 0)
(8.59523 2.40531e-06 0)
(8.59525 2.02821e-06 0)
(8.59527 1.83169e-06 0)
(8.59529 1.39582e-06 0)
(8.5953 1.15935e-06 0)
(8.59531 8.19192e-07 0)
(8.59532 6.92959e-07 0)
(8.59533 4.13941e-07 0)
(8.59533 3.2112e-07 0)
(8.59534 1.03413e-07 0)
(8.59534 1.1236e-07 0)
(8.59534 -7.09585e-08 0)
(8.59534 -5.06742e-08 0)
(8.59534 -2.12256e-07 0)
(8.59534 -2.85208e-07 0)
(8.59534 -4.08461e-07 0)
(8.59533 -3.03718e-07 0)
(8.59533 -3.66734e-07 0)
(8.59533 -2.47096e-07 0)
(8.59533 -2.85762e-07 0)
(8.59533 -1.77414e-07 0)
(8.59533 -2.25146e-07 0)
(8.59533 -9.88131e-08 0)
(8.59533 -1.64145e-07 0)
(8.59533 -1.13422e-07 0)
(8.59532 -2.59117e-07 0)
(8.59532 -3.05738e-07 0)
(8.59532 -4.257e-07 0)
(8.59531 -4.4729e-07 0)
(8.59531 -5.44508e-07 0)
(8.5953 -5.05376e-07 0)
(8.5953 -5.60305e-07 0)
(8.59529 -4.60355e-07 0)
(8.59529 -4.40088e-07 0)
(8.59528 -3.12964e-07 0)
(8.59528 -2.28408e-07 0)
(8.59528 -2.06136e-08 0)
(8.59528 1.06954e-07 0)
(8.59528 3.37766e-07 0)
(8.59529 4.71006e-07 0)
(8.59529 7.04593e-07 0)
(8.5953 8.21032e-07 0)
(8.59531 1.03822e-06 0)
(8.59532 1.09945e-06 0)
(8.59534 1.26668e-06 0)
(8.59535 1.22036e-06 0)
(8.59536 1.29578e-06 0)
(8.59538 1.1852e-06 0)
(8.59539 1.21198e-06 0)
(8.59541 1.79285e-06 0)
(8.59541 1.46523e-06 0)
(8.59542 4.79342e-06 0)
(8.59553 1.80655e-05 0)
(8.59579 0.000174728 0)
(8.08831 0.000370891 0)
(8.08671 2.66821e-05 0)
(8.08588 -0.000230302 0)
(8.08608 -0.000235659 0)
(8.08625 -0.000151873 0)
(8.08625 -8.36398e-05 0)
(8.08626 -4.42582e-05 0)
(8.08626 -2.44646e-05 0)
(8.08624 -1.41942e-05 0)
(8.0862 -8.79806e-06 0)
(8.08617 -3.15323e-06 0)
(8.08618 7.82562e-06 0)
(8.08619 1.39293e-05 0)
(8.08616 7.36104e-06 0)
(8.08607 -8.23606e-06 0)
(8.08597 -1.23623e-05 0)
(8.0859 -1.06105e-05 0)
(8.08586 -6.76345e-06 0)
(8.08583 -4.21332e-06 0)
(8.08581 -2.42433e-06 0)
(8.08579 -1.43307e-06 0)
(8.08578 -7.82177e-07 0)
(8.08577 -5.66549e-07 0)
(8.08576 -2.39945e-07 0)
(8.08576 2.60654e-07 0)
(8.08577 6.15864e-07 0)
(8.08578 1.15303e-06 0)
(8.08579 1.56859e-06 0)
(8.08581 1.82531e-06 0)
(8.08584 2.02602e-06 0)
(8.08586 2.12732e-06 0)
(8.08589 2.28572e-06 0)
(8.08593 2.5656e-06 0)
(8.08597 3.35637e-06 0)
(8.08603 5.95125e-06 0)
(8.08609 6.42798e-06 0)
(8.08614 3.34992e-06 0)
(8.08617 1.08893e-06 0)
(8.08621 -1.52146e-07 0)
(8.08626 -5.77239e-09 0)
(8.08631 3.29296e-07 0)
(8.08636 6.52407e-07 0)
(8.0864 1.18342e-06 0)
(8.08644 1.43404e-06 0)
(8.08647 1.64028e-06 0)
(8.0865 1.58875e-06 0)
(8.08652 1.58841e-06 0)
(8.08655 1.36243e-06 0)
(8.08657 1.25777e-06 0)
(8.08658 9.42315e-07 0)
(8.08659 7.77873e-07 0)
(8.0866 5.29949e-07 0)
(8.08661 4.56147e-07 0)
(8.08662 2.50608e-07 0)
(8.08662 1.93917e-07 0)
(8.08663 3.51633e-08 0)
(8.08663 6.52354e-08 0)
(8.08663 -6.28237e-08 0)
(8.08663 -3.38355e-08 0)
(8.08663 -1.62038e-07 0)
(8.08662 -2.17977e-07 0)
(8.08662 -3.25958e-07 0)
(8.08662 -2.42052e-07 0)
(8.08661 -2.9105e-07 0)
(8.08661 -1.97802e-07 0)
(8.08661 -2.31408e-07 0)
(8.08661 -1.45701e-07 0)
(8.08661 -1.83092e-07 0)
(8.08661 -7.14214e-08 0)
(8.08661 -1.16928e-07 0)
(8.0866 -7.25643e-08 0)
(8.0866 -1.83971e-07 0)
(8.0866 -2.27823e-07 0)
(8.08659 -3.03244e-07 0)
(8.08659 -3.26621e-07 0)
(8.08659 -3.81777e-07 0)
(8.08658 -3.54793e-07 0)
(8.08657 -3.85321e-07 0)
(8.08657 -3.15796e-07 0)
(8.08656 -2.86932e-07 0)
(8.08656 -2.19353e-07 0)
(8.08656 -1.51696e-07 0)
(8.08656 -1.75e-08 0)
(8.08656 7.25029e-08 0)
(8.08656 2.36405e-07 0)
(8.08656 3.21802e-07 0)
(8.08657 4.83822e-07 0)
(8.08658 5.54192e-07 0)
(8.08659 6.99589e-07 0)
(8.0866 7.38563e-07 0)
(8.08661 8.52427e-07 0)
(8.08662 8.19016e-07 0)
(8.08663 8.78717e-07 0)
(8.08665 8.07915e-07 0)
(8.08666 8.53072e-07 0)
(8.08667 1.36699e-06 0)
(8.08667 1.06667e-06 0)
(8.08669 3.89521e-06 0)
(8.08682 1.50657e-05 0)
(8.08742 0.000276083 0)
(7.34326 0.00061252 0)
(7.33904 -0.000127928 0)
(7.33671 -0.000428744 0)
(7.33659 -0.00035029 0)
(7.33675 -0.000194968 0)
(7.33676 -0.000104004 0)
(7.33681 -5.50122e-05 0)
(7.33685 -2.95173e-05 0)
(7.33684 -1.62179e-05 0)
(7.33682 -9.29821e-06 0)
(7.33679 -3.34744e-06 0)
(7.3368 6.52349e-06 0)
(7.33682 1.28858e-05 0)
(7.33679 9.38852e-06 0)
(7.33669 -2.22642e-06 0)
(7.33656 -6.82277e-06 0)
(7.33646 -6.74549e-06 0)
(7.33641 -4.59044e-06 0)
(7.33638 -2.96231e-06 0)
(7.33635 -1.70326e-06 0)
(7.33633 -9.71644e-07 0)
(7.33632 -5.15842e-07 0)
(7.33631 -4.04465e-07 0)
(7.3363 -2.02047e-07 0)
(7.3363 1.47499e-07 0)
(7.33631 3.89646e-07 0)
(7.33632 7.49192e-07 0)
(7.33634 1.02862e-06 0)
(7.33636 1.16722e-06 0)
(7.33638 1.25413e-06 0)
(7.33641 1.24804e-06 0)
(7.33644 1.29622e-06 0)
(7.33648 1.47926e-06 0)
(7.33653 2.13477e-06 0)
(7.3366 4.09218e-06 0)
(7.33668 4.36896e-06 0)
(7.33674 1.20287e-06 0)
(7.33679 -1.64897e-06 0)
(7.33684 -3.00006e-06 0)
(7.3369 -2.81629e-06 0)
(7.33696 -2.20561e-06 0)
(7.33701 -1.43724e-06 0)
(7.33706 -5.59631e-07 0)
(7.33709 3.40524e-08 0)
(7.33712 4.75795e-07 0)
(7.33715 6.48236e-07 0)
(7.33718 7.88781e-07 0)
(7.3372 7.26154e-07 0)
(7.33722 7.07961e-07 0)
(7.33724 5.22067e-07 0)
(7.33725 4.29299e-07 0)
(7.33726 2.80438e-07 0)
(7.33726 2.5538e-07 0)
(7.33727 1.27279e-07 0)
(7.33727 1.01259e-07 0)
(7.33727 3.32991e-09 0)
(7.33727 4.30669e-08 0)
(7.33727 -3.07593e-08 0)
(7.33727 -9.02224e-09 0)
(7.33727 -1.08854e-07 0)
(7.33727 -1.41684e-07 0)
(7.33726 -2.27261e-07 0)
(7.33726 -1.6879e-07 0)
(7.33726 -1.94916e-07 0)
(7.33725 -1.25929e-07 0)
(7.33725 -1.55726e-07 0)
(7.33725 -9.31183e-08 0)
(7.33725 -1.17978e-07 0)
(7.33725 -3.24056e-08 0)
(7.33724 -5.32395e-08 0)
(7.33724 -2.85404e-08 0)
(7.33724 -1.03569e-07 0)
(7.33724 -1.52372e-07 0)
(7.33723 -1.81037e-07 0)
(7.33723 -2.1512e-07 0)
(7.33722 -2.24879e-07 0)
(7.33722 -2.18993e-07 0)
(7.33721 -2.19295e-07 0)
(7.33721 -1.88954e-07 0)
(7.3372 -1.44117e-07 0)
(7.3372 -1.3868e-07 0)
(7.3372 -8.09205e-08 0)
(7.3372 -2.20822e-08 0)
(7.3372 3.5299e-08 0)
(7.3372 1.35496e-07 0)
(7.3372 1.84462e-07 0)
(7.33721 2.78417e-07 0)
(7.33722 3.15835e-07 0)
(7.33723 3.88528e-07 0)
(7.33724 4.18478e-07 0)
(7.33725 4.73217e-07 0)
(7.33726 4.63618e-07 0)
(7.33727 4.98909e-07 0)
(7.33728 4.70364e-07 0)
(7.33729 5.3093e-07 0)
(7.33731 9.48611e-07 0)
(7.33731 7.43218e-07 0)
(7.33731 2.92526e-06 0)
(7.33746 1.05955e-05 0)
(7.33843 0.000570228 0)
(6.0141 0.00105309 0)
(6.01944 -0.000778386 0)
(6.02767 -0.000810916 0)
(6.02986 -0.000447775 0)
(6.03038 -0.000230682 0)
(6.03064 -0.000122869 0)
(6.0308 -6.2232e-05 0)
(6.03088 -3.18596e-05 0)
(6.0309 -1.67705e-05 0)
(6.03088 -9.00935e-06 0)
(6.03083 -2.65405e-06 0)
(6.0308 6.13222e-06 0)
(6.03077 1.21359e-05 0)
(6.03069 1.11531e-05 0)
(6.03053 3.31603e-06 0)
(6.03036 -1.45265e-06 0)
(6.03025 -2.94705e-06 0)
(6.0302 -2.21594e-06 0)
(6.03017 -1.07285e-06 0)
(6.03015 -2.19626e-07 0)
(6.03014 -6.79085e-08 0)
(6.03012 -4.26227e-08 0)
(6.03011 -1.22957e-07 0)
(6.03011 -8.92206e-08 0)
(6.03011 1.18862e-07 0)
(6.03011 2.72363e-07 0)
(6.03012 4.9555e-07 0)
(6.03014 6.5498e-07 0)
(6.03016 6.91484e-07 0)
(6.03019 6.94796e-07 0)
(6.03022 6.52376e-07 0)
(6.03025 6.6442e-07 0)
(6.03029 8.08716e-07 0)
(6.03034 1.26362e-06 0)
(6.03042 2.26322e-06 0)
(6.03054 1.30326e-06 0)
(6.03065 -2.4086e-06 0)
(6.03075 -4.6451e-06 0)
(6.03084 -5.65135e-06 0)
(6.03093 -6.01258e-06 0)
(6.03101 -5.20571e-06 0)
(6.03109 -3.61655e-06 0)
(6.03114 -2.14851e-06 0)
(6.03118 -1.10227e-06 0)
(6.03122 -4.04545e-07 0)
(6.03125 -6.4983e-09 0)
(6.03127 2.55345e-07 0)
(6.03129 3.25215e-07 0)
(6.03131 3.4993e-07 0)
(6.03133 2.5133e-07 0)
(6.03134 2.03423e-07 0)
(6.03135 1.36875e-07 0)
(6.03135 1.35044e-07 0)
(6.03136 6.46485e-08 0)
(6.03136 4.58274e-08 0)
(6.03136 -2.08771e-09 0)
(6.03136 2.50636e-08 0)
(6.03136 -1.82884e-08 0)
(6.03136 -2.96937e-08 0)
(6.03136 -9.96807e-08 0)
(6.03135 -1.17522e-07 0)
(6.03135 -1.63229e-07 0)
(6.03135 -1.34112e-07 0)
(6.03134 -1.21392e-07 0)
(6.03134 -6.73264e-08 0)
(6.03134 -8.10571e-08 0)
(6.03133 -4.53891e-08 0)
(6.03133 -5.4007e-08 0)
(6.03133 3.53746e-09 0)
(6.03133 -1.10622e-08 0)
(6.03133 -2.32458e-08 0)
(6.03132 -7.00988e-08 0)
(6.03132 -1.16695e-07 0)
(6.03132 -1.17655e-07 0)
(6.03131 -1.50029e-07 0)
(6.03131 -1.33001e-07 0)
(6.0313 -1.36085e-07 0)
(6.0313 -1.15178e-07 0)
(6.03129 -1.10224e-07 0)
(6.03129 -5.57338e-08 0)
(6.03129 -8.22296e-08 0)
(6.03129 -3.60972e-08 0)
(6.03128 -2.49868e-08 0)
(6.03128 2.93138e-09 0)
(6.03129 6.12401e-08 0)
(6.03129 9.3796e-08 0)
(6.0313 1.40625e-07 0)
(6.0313 1.62477e-07 0)
(6.03131 1.82759e-07 0)
(6.03132 2.11647e-07 0)
(6.03133 2.24861e-07 0)
(6.03134 2.34865e-07 0)
(6.03136 2.5247e-07 0)
(6.03137 2.55874e-07 0)
(6.03138 3.30183e-07 0)
(6.03139 6.1481e-07 0)
(6.03139 5.55888e-07 0)
(6.03137 2.74189e-06 0)
(6.03148 5.95167e-06 0)
(6.03151 0.00133737 0)
)
;

boundaryField
{
    inlet
    {
        type            cyclic;
    }
    outlet
    {
        type            cyclic;
    }
    bottomWall
    {
        type            noSlip;
    }
    topWall
    {
        type            noSlip;
    }
    frontAndBack
    {
        type            empty;
    }
}


// ************************************************************************* //
