
simpleFoam has been superseded and replaced by the more general
incompressibleFluid solver module executed by the foamRun application:

    foamRun -solver incompressibleFluid

/*---------------------------------------------------------------------------*\
  =========                 |
  \\      /  F ield         | OpenFOAM: The Open Source CFD Toolbox
   \\    /   O peration     | Website:  https://openfoam.org
    \\  /    A nd           | Version:  11
     \\/     M anipulation  |
\*---------------------------------------------------------------------------*/
Build  : 11-e1fc8c682ae6
Exec   : foamRun -solver incompressibleFluid
Date   : May 21 2026
Time   : 07:39:37
Host   : "9b908da21f7f"
PID    : 1
I/O    : uncollated
Case   : //case
nProcs : 1
sigFpe : Enabling floating point exception trapping (FOAM_SIGFPE).
fileModificationChecking : Monitoring run-time modified files using timeStampMaster (fileModificationSkew 10)
allowSystemOperations : Allowing user-supplied system call operations

// * * * * * * * * * * * * * * * * * * * * * * * * * * * * * * * * * * * * * //
Create time

Create mesh for time = 0

Selecting solver incompressibleFluid
Selecting viscosity model Newtonian
Selecting turbulence model type RAS
Selecting RAS turbulence model kOmegaSST
Selecting patchDistMethod meshWave
RAS
{
    RASModel        kOmegaSST;
    turbulence      on;
    printCoeffs     on;
    alphaK1         0.85;
    alphaK2         1;
    alphaOmega1     0.5;
    alphaOmega2     0.856;
    gamma1          0.555556;
    gamma2          0.44;
    beta1           0.075;
    beta2           0.0828;
    betaStar        0.09;
    a1              0.31;
    b1              1;
    c1              10;
    F3              false;
}

No MRF models present

--> FOAM Warning : Creating fvConstraints from "system/fvOptions"

Selecting finite volume constraint type meanVelocityForce
    Name: momentumSource
    - selecting all cells
    - selected 5000 cell(s) with volume 6e-05
    Initial pressure gradient = 0

--> FOAM Warning : Creating fvModels from "system/fvOptions" rather than constant/fvModels

SIMPLE: Convergence criteria found
        Ux: tolerance 1e-05
        k: tolerance 1e-05
        omega: tolerance 1e-05


SIMPLE: Operating solver in steady-state mode with 1 outer corrector
SIMPLE: Operating solver in SIMPLE mode



Starting time loop

wallShearStress wallShearStress:
    processing wall patches: 
        bottomWall
        topWall

yPlus yPlus write:
    writing object yPlus
    patch bottomWall y+ : min = 1.34164, max = 1.34164, average = 1.34164
    patch topWall y+ : min = 1.34164, max = 1.34164, average = 1.34164

wallShearStress wallShearStress write:
    writing object wallShearStress
    min/max(bottomWall) = (-0.5 0 0), (-0.5 0 0)
    min/max(topWall) = (-0.5 0 0), (-0.5 0 0)

Time = 1s

smoothSolver:  Solving for Ux, Initial residual = 1, Final residual = 0.0626429, No Iterations 2
smoothSolver:  Solving for Uy, Initial residual = 0.0768439, Final residual = 0.00197037, No Iterations 2
Pressure gradient source: uncorrected Ubar = 9.95089, pressure gradient = 117.318
GAMG:  Solving for p, Initial residual = 1, Final residual = 0.00996853, No Iterations 66
time step continuity errors : sum local = 1.82758e-05, global = -3.63948e-16, cumulative = -3.63948e-16
Pressure gradient source: uncorrected Ubar = 9.98408, pressure gradient = 38.0247
smoothSolver:  Solving for omega, Initial residual = 0.0348334, Final residual = 0.00166459, No Iterations 1
smoothSolver:  Solving for k, Initial residual = 1, Final residual = 0.0359542, No Iterations 1
ExecutionTime = 0.412041 s  ClockTime = 0 s

Time = 2s

smoothSolver:  Solving for Ux, Initial residual = 0.41846, Final residual = 0.0177474, No Iterations 2
smoothSolver:  Solving for Uy, Initial residual = 0.574536, Final residual = 0.0366032, No Iterations 2
Pressure gradient source: uncorrected Ubar = 9.96775, pressure gradient = 102.74
GAMG:  Solving for p, Initial residual = 0.0869634, Final residual = 0.000846004, No Iterations 93
time step continuity errors : sum local = 3.69563e-05, global = 5.3724e-17, cumulative = -3.10224e-16
Pressure gradient source: uncorrected Ubar = 9.9908, pressure gradient = 56.4764
smoothSolver:  Solving for omega, Initial residual = 0.0111577, Final residual = 0.000355221, No Iterations 1
smoothSolver:  Solving for k, Initial residual = 0.254579, Final residual = 0.00201041, No Iterations 1
ExecutionTime = 0.468295 s  ClockTime = 0 s

Time = 3s

smoothSolver:  Solving for Ux, Initial residual = 0.231453, Final residual = 0.0126049, No Iterations 2
smoothSolver:  Solving for Uy, Initial residual = 0.376077, Final residual = 0.0220979, No Iterations 2
Pressure gradient source: uncorrected Ubar = 10.0058, pressure gradient = 45.1107
GAMG:  Solving for p, Initial residual = 0.0970236, Final residual = 0.000921027, No Iterations 70
time step continuity errors : sum local = 5.86996e-05, global = -4.58141e-16, cumulative = -7.68365e-16
Pressure gradient source: uncorrected Ubar = 10.0032, pressure gradient = 50.1639
smoothSolver:  Solving for omega, Initial residual = 0.022417, Final residual = 0.000563556, No Iterations 1
smoothSolver:  Solving for k, Initial residual = 0.311828, Final residual = 0.0018703, No Iterations 1
ExecutionTime = 0.512551 s  ClockTime = 0 s

Time = 4s

smoothSolver:  Solving for Ux, Initial residual = 0.144417, Final residual = 0.00821583, No Iterations 2
smoothSolver:  Solving for Uy, Initial residual = 0.238842, Final residual = 0.0137166, No Iterations 2
Pressure gradient source: uncorrected Ubar = 10.0072, pressure gradient = 36.4268
GAMG:  Solving for p, Initial residual = 0.203795, Final residual = 0.0019036, No Iterations 68
time step continuity errors : sum local = 5.6485e-05, global = -2.75563e-16, cumulative = -1.04393e-15
Pressure gradient source: uncorrected Ubar = 10.0035, pressure gradient = 43.5477
smoothSolver:  Solving for omega, Initial residual = 0.0375973, Final residual = 0.000713081, No Iterations 1
smoothSolver:  Solving for k, Initial residual = 0.278023, Final residual = 0.00131237, No Iterations 1
ExecutionTime = 0.555536 s  ClockTime = 0 s

Time = 5s

smoothSolver:  Solving for Ux, Initial residual = 0.100554, Final residual = 0.00585582, No Iterations 2
smoothSolver:  Solving for Uy, Initial residual = 0.106333, Final residual = 0.00570261, No Iterations 2
Pressure gradient source: uncorrected Ubar = 10.0065, pressure gradient = 31.4567
GAMG:  Solving for p, Initial residual = 0.0935076, Final residual = 0.000921775, No Iterations 64
time step continuity errors : sum local = 7.17601e-05, global = -6.11674e-17, cumulative = -1.1051e-15
Pressure gradient source: uncorrected Ubar = 10.0031, pressure gradient = 37.8963
smoothSolver:  Solving for omega, Initial residual = 0.0361664, Final residual = 0.000600948, No Iterations 1
smoothSolver:  Solving for k, Initial residual = 0.200725, Final residual = 0.000856841, No Iterations 1
ExecutionTime = 0.595866 s  ClockTime = 0 s

Time = 6s

smoothSolver:  Solving for Ux, Initial residual = 0.0753765, Final residual = 0.00443971, No Iterations 2
smoothSolver:  Solving for Uy, Initial residual = 0.13573, Final residual = 0.00721213, No Iterations 2
Pressure gradient source: uncorrected Ubar = 10.0051, pressure gradient = 28.536
GAMG:  Solving for p, Initial residual = 0.222219, Final residual = 0.00217823, No Iterations 66
time step continuity errors : sum local = 0.000131941, global = -1.72366e-16, cumulative = -1.27746e-15
Pressure gradient source: uncorrected Ubar = 10.0024, pressure gradient = 33.5344
smoothSolver:  Solving for omega, Initial residual = 0.0199047, Final residual = 0.000433265, No Iterations 1
smoothSolver:  Solving for k, Initial residual = 0.185242, Final residual = 0.00081293, No Iterations 1
ExecutionTime = 0.637608 s  ClockTime = 0 s

Time = 7s

smoothSolver:  Solving for Ux, Initial residual = 0.0658116, Final residual = 0.00358712, No Iterations 2
smoothSolver:  Solving for Uy, Initial residual = 0.235291, Final residual = 0.0124951, No Iterations 2
Pressure gradient source: uncorrected Ubar = 9.99811, pressure gradient = 36.9728
GAMG:  Solving for p, Initial residual = 0.269507, Final residual = 0.0025417, No Iterations 56
time step continuity errors : sum local = 0.000188763, global = -2.19228e-16, cumulative = -1.49669e-15
Pressure gradient source: uncorrected Ubar = 9.99991, pressure gradient = 33.7056
smoothSolver:  Solving for omega, Initial residual = 0.0147338, Final residual = 0.000342119, No Iterations 1
smoothSolver:  Solving for k, Initial residual = 0.143955, Final residual = 0.000596642, No Iterations 1
ExecutionTime = 0.675921 s  ClockTime = 0 s

Time = 8s

smoothSolver:  Solving for Ux, Initial residual = 0.0533764, Final residual = 0.00320868, No Iterations 2
smoothSolver:  Solving for Uy, Initial residual = 0.272658, Final residual = 0.0127835, No Iterations 2
Pressure gradient source: uncorrected Ubar = 10.0053, pressure gradient = 24.2697
GAMG:  Solving for p, Initial residual = 0.220234, Final residual = 0.00210716, No Iterations 64
time step continuity errors : sum local = 0.000330738, global = 1.71769e-16, cumulative = -1.32492e-15
Pressure gradient source: uncorrected Ubar = 10.0022, pressure gradient = 29.7271
smoothSolver:  Solving for omega, Initial residual = 0.018575, Final residual = 0.00035303, No Iterations 1
smoothSolver:  Solving for k, Initial residual = 0.132452, Final residual = 0.000761467, No Iterations 1
ExecutionTime = 0.71432 s  ClockTime = 0 s

Time = 9s

smoothSolver:  Solving for Ux, Initial residual = 0.0485504, Final residual = 0.00268361, No Iterations 2
smoothSolver:  Solving for Uy, Initial residual = 0.261121, Final residual = 0.0112323, No Iterations 2
Pressure gradient source: uncorrected Ubar = 9.99692, pressure gradient = 35.2399
GAMG:  Solving for p, Initial residual = 0.156441, Final residual = 0.00148725, No Iterations 87
time step continuity errors : sum local = 0.000114532, global = -2.66096e-16, cumulative = -1.59102e-15
Pressure gradient source: uncorrected Ubar = 9.99936, pressure gradient = 30.8778
smoothSolver:  Solving for omega, Initial residual = 0.0101118, Final residual = 0.000264245, No Iterations 1
smoothSolver:  Solving for k, Initial residual = 0.132874, Final residual = 0.000655299, No Iterations 1
ExecutionTime = 0.764265 s  ClockTime = 1 s

Time = 10s

smoothSolver:  Solving for Ux, Initial residual = 0.0409891, Final residual = 0.00250074, No Iterations 2
smoothSolver:  Solving for Uy, Initial residual = 0.140271, Final residual = 0.0050566, No Iterations 2
Pressure gradient source: uncorrected Ubar = 10.0054, pressure gradient = 21.2731
GAMG:  Solving for p, Initial residual = 0.747835, Final residual = 0.00747515, No Iterations 54
time step continuity errors : sum local = 0.000221172, global = -1.96645e-16, cumulative = -1.78766e-15
Pressure gradient source: uncorrected Ubar = 10.0021, pressure gradient = 27.0841
smoothSolver:  Solving for omega, Initial residual = 0.0176301, Final residual = 0.000347637, No Iterations 1
smoothSolver:  Solving for k, Initial residual = 0.0944563, Final residual = 0.000730537, No Iterations 1
ExecutionTime = 0.800505 s  ClockTime = 1 s

Time = 11s

smoothSolver:  Solving for Ux, Initial residual = 0.0385624, Final residual = 0.00214507, No Iterations 2
smoothSolver:  Solving for Uy, Initial residual = 0.146563, Final residual = 0.00679824, No Iterations 2
Pressure gradient source: uncorrected Ubar = 9.99861, pressure gradient = 29.5541
GAMG:  Solving for p, Initial residual = 0.20971, Final residual = 0.00206413, No Iterations 82
time step continuity errors : sum local = 0.000126645, global = -4.62063e-16, cumulative = -2.24972e-15
Pressure gradient source: uncorrected Ubar = 9.99981, pressure gradient = 27.4284
smoothSolver:  Solving for omega, Initial residual = 0.00892208, Final residual = 0.000246962, No Iterations 1
smoothSolver:  Solving for k, Initial residual = 0.111064, Final residual = 0.000724991, No Iterations 1
ExecutionTime = 0.849099 s  ClockTime = 1 s

Time = 12s

smoothSolver:  Solving for Ux, Initial residual = 0.0328278, Final residual = 0.00198473, No Iterations 2
smoothSolver:  Solving for Uy, Initial residual = 0.184797, Final residual = 0.00792159, No Iterations 2
Pressure gradient source: uncorrected Ubar = 10.0027, pressure gradient = 22.6679
GAMG:  Solving for p, Initial residual = 0.407634, Final residual = 0.00403862, No Iterations 83
time step continuity errors : sum local = 0.000114377, global = -1.80239e-16, cumulative = -2.42996e-15
Pressure gradient source: uncorrected Ubar = 10.0012, pressure gradient = 25.4008
smoothSolver:  Solving for omega, Initial residual = 0.0160129, Final residual = 0.000352415, No Iterations 1
smoothSolver:  Solving for k, Initial residual = 0.0691649, Final residual = 0.000720295, No Iterations 1
ExecutionTime = 0.898937 s  ClockTime = 1 s

Time = 13s

smoothSolver:  Solving for Ux, Initial residual = 0.0320369, Final residual = 0.00178375, No Iterations 2
smoothSolver:  Solving for Uy, Initial residual = 0.211705, Final residual = 0.0097017, No Iterations 2
Pressure gradient source: uncorrected Ubar = 10.0007, pressure gradient = 24.2121
GAMG:  Solving for p, Initial residual = 0.260331, Final residual = 0.00256654, No Iterations 60
time step continuity errors : sum local = 0.000127736, global = 1.47941e-16, cumulative = -2.28202e-15
Pressure gradient source: uncorrected Ubar = 10.0004, pressure gradient = 24.6553
smoothSolver:  Solving for omega, Initial residual = 0.00990832, Final residual = 0.00027565, No Iterations 1
smoothSolver:  Solving for k, Initial residual = 0.0843178, Final residual = 0.00071967, No Iterations 1
ExecutionTime = 0.938261 s  ClockTime = 1 s

Time = 14s

smoothSolver:  Solving for Ux, Initial residual = 0.0268795, Final residual = 0.00164344, No Iterations 2
smoothSolver:  Solving for Uy, Initial residual = 0.223962, Final residual = 0.00956377, No Iterations 2
Pressure gradient source: uncorrected Ubar = 10.0001, pressure gradient = 24.5103
GAMG:  Solving for p, Initial residual = 0.363244, Final residual = 0.00334836, No Iterations 58
time step continuity errors : sum local = 0.000191314, global = 4.99059e-16, cumulative = -1.78296e-15
Pressure gradient source: uncorrected Ubar = 10.0002, pressure gradient = 24.2649
smoothSolver:  Solving for omega, Initial residual = 0.0124301, Final residual = 0.000333876, No Iterations 1
smoothSolver:  Solving for k, Initial residual = 0.0522141, Final residual = 0.000720588, No Iterations 1
ExecutionTime = 0.975935 s  ClockTime = 1 s

Time = 15s

smoothSolver:  Solving for Ux, Initial residual = 0.0271335, Final residual = 0.00154863, No Iterations 2
smoothSolver:  Solving for Uy, Initial residual = 0.170277, Final residual = 0.00616284, No Iterations 2
Pressure gradient source: uncorrected Ubar = 10.0008, pressure gradient = 22.9038
GAMG:  Solving for p, Initial residual = 0.305501, Final residual = 0.00300103, No Iterations 74
time step continuity errors : sum local = 8.46587e-05, global = 2.9505e-16, cumulative = -1.48791e-15
Pressure gradient source: uncorrected Ubar = 10.0004, pressure gradient = 23.5327
smoothSolver:  Solving for omega, Initial residual = 0.011207, Final residual = 0.000326988, No Iterations 1
smoothSolver:  Solving for k, Initial residual = 0.0407296, Final residual = 0.000674243, No Iterations 1
ExecutionTime = 1.02237 s  ClockTime = 1 s

Time = 16s

smoothSolver:  Solving for Ux, Initial residual = 0.0261311, Final residual = 0.00146364, No Iterations 2
smoothSolver:  Solving for Uy, Initial residual = 0.163127, Final residual = 0.00716766, No Iterations 2
Pressure gradient source: uncorrected Ubar = 10.0002, pressure gradient = 23.0991
GAMG:  Solving for p, Initial residual = 0.43875, Final residual = 0.00429692, No Iterations 44
time step continuity errors : sum local = 0.000158721, global = 4.52396e-17, cumulative = -1.44267e-15
Pressure gradient source: uncorrected Ubar = 10.0002, pressure gradient = 23.1532
smoothSolver:  Solving for omega, Initial residual = 0.00886188, Final residual = 0.00029525, No Iterations 1
smoothSolver:  Solving for k, Initial residual = 0.0522124, Final residual = 0.000623737, No Iterations 1
ExecutionTime = 1.05345 s  ClockTime = 1 s

Time = 17s

smoothSolver:  Solving for Ux, Initial residual = 0.023539, Final residual = 0.0013691, No Iterations 2
smoothSolver:  Solving for Uy, Initial residual = 0.15454, Final residual = 0.00729031, No Iterations 2
Pressure gradient source: uncorrected Ubar = 9.99946, pressure gradient = 24.1282
GAMG:  Solving for p, Initial residual = 0.45438, Final residual = 0.00425305, No Iterations 76
time step continuity errors : sum local = 0.000212765, global = -2.36521e-16, cumulative = -1.67919e-15
Pressure gradient source: uncorrected Ubar = 9.99996, pressure gradient = 23.2266
smoothSolver:  Solving for omega, Initial residual = 0.00871432, Final residual = 0.000278071, No Iterations 1
smoothSolver:  Solving for k, Initial residual = 0.0510689, Final residual = 0.000861428, No Iterations 1
ExecutionTime = 1.10031 s  ClockTime = 1 s

Time = 18s

smoothSolver:  Solving for Ux, Initial residual = 0.0220081, Final residual = 0.00129897, No Iterations 2
smoothSolver:  Solving for Uy, Initial residual = 0.214593, Final residual = 0.0105584, No Iterations 2
Pressure gradient source: uncorrected Ubar = 10.0006, pressure gradient = 22.198
GAMG:  Solving for p, Initial residual = 0.249325, Final residual = 0.00239995, No Iterations 82
time step continuity errors : sum local = 0.000130903, global = -2.13982e-16, cumulative = -1.89318e-15
Pressure gradient source: uncorrected Ubar = 10.0003, pressure gradient = 22.6718
smoothSolver:  Solving for omega, Initial residual = 0.00993032, Final residual = 0.000338446, No Iterations 1
smoothSolver:  Solving for k, Initial residual = 0.0247876, Final residual = 0.000613959, No Iterations 1
ExecutionTime = 1.15077 s  ClockTime = 1 s

Time = 19s

smoothSolver:  Solving for Ux, Initial residual = 0.020755, Final residual = 0.00122975, No Iterations 2
smoothSolver:  Solving for Uy, Initial residual = 0.216646, Final residual = 0.0103904, No Iterations 2
Pressure gradient source: uncorrected Ubar = 10.0004, pressure gradient = 21.9194
GAMG:  Solving for p, Initial residual = 0.237424, Final residual = 0.00227326, No Iterations 58
time step continuity errors : sum local = 0.000165293, global = -5.30432e-16, cumulative = -2.42361e-15
Pressure gradient source: uncorrected Ubar = 10.0002, pressure gradient = 22.2391
smoothSolver:  Solving for omega, Initial residual = 0.00886717, Final residual = 0.000325842, No Iterations 1
smoothSolver:  Solving for k, Initial residual = 0.0203821, Final residual = 0.000610365, No Iterations 1
ExecutionTime = 1.18828 s  ClockTime = 1 s

Time = 20s

smoothSolver:  Solving for Ux, Initial residual = 0.0197318, Final residual = 0.00117715, No Iterations 2
smoothSolver:  Solving for Uy, Initial residual = 0.145044, Final residual = 0.00706823, No Iterations 2
Pressure gradient source: uncorrected Ubar = 10.0002, pressure gradient = 21.8403
GAMG:  Solving for p, Initial residual = 0.36205, Final residual = 0.0034967, No Iterations 80
time step continuity errors : sum local = 0.000154012, global = 1.93645e-16, cumulative = -2.22996e-15
Pressure gradient source: uncorrected Ubar = 10.0002, pressure gradient = 21.947
smoothSolver:  Solving for omega, Initial residual = 0.00829392, Final residual = 0.000318072, No Iterations 1
smoothSolver:  Solving for k, Initial residual = 0.0160387, Final residual = 0.000588321, No Iterations 1
ExecutionTime = 1.23684 s  ClockTime = 1 s

Time = 21s

smoothSolver:  Solving for Ux, Initial residual = 0.0186084, Final residual = 0.0011212, No Iterations 2
smoothSolver:  Solving for Uy, Initial residual = 0.112066, Final residual = 0.00572701, No Iterations 2
Pressure gradient source: uncorrected Ubar = 10, pressure gradient = 21.8877
GAMG:  Solving for p, Initial residual = 0.298463, Final residual = 0.00289813, No Iterations 80
time step continuity errors : sum local = 0.000101008, global = -3.08146e-16, cumulative = -2.53811e-15
Pressure gradient source: uncorrected Ubar = 10.0001, pressure gradient = 21.7759
smoothSolver:  Solving for omega, Initial residual = 0.00782227, Final residual = 0.000314834, No Iterations 1
smoothSolver:  Solving for k, Initial residual = 0.0136484, Final residual = 0.000559952, No Iterations 1
ExecutionTime = 1.28697 s  ClockTime = 1 s

Time = 22s

smoothSolver:  Solving for Ux, Initial residual = 0.0173956, Final residual = 0.00106206, No Iterations 2
smoothSolver:  Solving for Uy, Initial residual = 0.11494, Final residual = 0.00570814, No Iterations 2
Pressure gradient source: uncorrected Ubar = 10.0001, pressure gradient = 21.6441
GAMG:  Solving for p, Initial residual = 0.15191, Final residual = 0.00137789, No Iterations 60
time step continuity errors : sum local = 6.7272e-05, global = -3.64042e-16, cumulative = -2.90215e-15
Pressure gradient source: uncorrected Ubar = 10.0001, pressure gradient = 21.5852
smoothSolver:  Solving for omega, Initial residual = 0.00733997, Final residual = 0.000311073, No Iterations 1
smoothSolver:  Solving for k, Initial residual = 0.0131027, Final residual = 0.000546839, No Iterations 1
ExecutionTime = 1.32623 s  ClockTime = 1 s

Time = 23s

smoothSolver:  Solving for Ux, Initial residual = 0.016353, Final residual = 0.0010103, No Iterations 2
smoothSolver:  Solving for Uy, Initial residual = 0.128421, Final residual = 0.00587088, No Iterations 2
Pressure gradient source: uncorrected Ubar = 10.0001, pressure gradient = 21.3262
GAMG:  Solving for p, Initial residual = 0.220656, Final residual = 0.00210927, No Iterations 76
time step continuity errors : sum local = 7.47237e-05, global = -7.83967e-17, cumulative = -2.98055e-15
Pressure gradient source: uncorrected Ubar = 10.0001, pressure gradient = 21.3578
smoothSolver:  Solving for omega, Initial residual = 0.00702939, Final residual = 0.00031137, No Iterations 1
smoothSolver:  Solving for k, Initial residual = 0.0131551, Final residual = 0.000555277, No Iterations 1
ExecutionTime = 1.37511 s  ClockTime = 1 s

Time = 24s

smoothSolver:  Solving for Ux, Initial residual = 0.0155501, Final residual = 0.000966287, No Iterations 2
smoothSolver:  Solving for Uy, Initial residual = 0.149189, Final residual = 0.00668243, No Iterations 2
Pressure gradient source: uncorrected Ubar = 10.0001, pressure gradient = 21.1854
GAMG:  Solving for p, Initial residual = 0.450775, Final residual = 0.00445651, No Iterations 72
time step continuity errors : sum local = 7.54672e-05, global = -3.04493e-16, cumulative = -3.28504e-15
Pressure gradient source: uncorrected Ubar = 10.0001, pressure gradient = 21.1625
smoothSolver:  Solving for omega, Initial residual = 0.00676826, Final residual = 0.000309235, No Iterations 1
smoothSolver:  Solving for k, Initial residual = 0.0134359, Final residual = 0.000559335, No Iterations 1
ExecutionTime = 1.42088 s  ClockTime = 1 s

Time = 25s

smoothSolver:  Solving for Ux, Initial residual = 0.014835, Final residual = 0.000923555, No Iterations 2
smoothSolver:  Solving for Uy, Initial residual = 0.1443, Final residual = 0.00682491, No Iterations 2
Pressure gradient source: uncorrected Ubar = 10.0002, pressure gradient = 20.8449
GAMG:  Solving for p, Initial residual = 0.41346, Final residual = 0.0038212, No Iterations 63
time step continuity errors : sum local = 6.53381e-05, global = 1.50459e-16, cumulative = -3.13458e-15
Pressure gradient source: uncorrected Ubar = 10.0001, pressure gradient = 20.9249
smoothSolver:  Solving for omega, Initial residual = 0.00651772, Final residual = 0.000309001, No Iterations 1
smoothSolver:  Solving for k, Initial residual = 0.013068, Final residual = 0.000559605, No Iterations 1
ExecutionTime = 1.46318 s  ClockTime = 1 s

Time = 26s

smoothSolver:  Solving for Ux, Initial residual = 0.0140701, Final residual = 0.000879516, No Iterations 2
smoothSolver:  Solving for Uy, Initial residual = 0.120305, Final residual = 0.00601204, No Iterations 2
Pressure gradient source: uncorrected Ubar = 10.0002, pressure gradient = 20.4656
GAMG:  Solving for p, Initial residual = 0.537425, Final residual = 0.00500359, No Iterations 69
time step continuity errors : sum local = 5.91242e-05, global = -2.16959e-16, cumulative = -3.35154e-15
Pressure gradient source: uncorrected Ubar = 10.0001, pressure gradient = 20.6491
smoothSolver:  Solving for omega, Initial residual = 0.00621523, Final residual = 0.000307805, No Iterations 1
smoothSolver:  Solving for k, Initial residual = 0.0124445, Final residual = 0.000562991, No Iterations 1
ExecutionTime = 1.50662 s  ClockTime = 1 s

Time = 27s

smoothSolver:  Solving for Ux, Initial residual = 0.0133802, Final residual = 0.000845071, No Iterations 2
smoothSolver:  Solving for Uy, Initial residual = 0.100201, Final residual = 0.00510425, No Iterations 2
Pressure gradient source: uncorrected Ubar = 10.0002, pressure gradient = 20.2104
GAMG:  Solving for p, Initial residual = 0.259526, Final residual = 0.00251247, No Iterations 58
time step continuity errors : sum local = 5.33935e-05, global = -5.07689e-16, cumulative = -3.85923e-15
Pressure gradient source: uncorrected Ubar = 10.0001, pressure gradient = 20.3893
smoothSolver:  Solving for omega, Initial residual = 0.00599962, Final residual = 0.000304871, No Iterations 1
smoothSolver:  Solving for k, Initial residual = 0.0117222, Final residual = 0.000563532, No Iterations 1
ExecutionTime = 1.54497 s  ClockTime = 1 s

Time = 28s

smoothSolver:  Solving for Ux, Initial residual = 0.0128775, Final residual = 0.000812282, No Iterations 2
smoothSolver:  Solving for Uy, Initial residual = 0.0950389, Final residual = 0.00467271, No Iterations 2
Pressure gradient source: uncorrected Ubar = 10.0002, pressure gradient = 20.0011
GAMG:  Solving for p, Initial residual = 0.188141, Final residual = 0.00184934, No Iterations 62
time step continuity errors : sum local = 4.25415e-05, global = 2.50109e-16, cumulative = -3.60912e-15
Pressure gradient source: uncorrected Ubar = 10.0001, pressure gradient = 20.1542
smoothSolver:  Solving for omega, Initial residual = 0.00579958, Final residual = 0.000301631, No Iterations 1
smoothSolver:  Solving for k, Initial residual = 0.0109662, Final residual = 0.000557371, No Iterations 1
ExecutionTime = 1.58505 s  ClockTime = 1 s

Time = 29s

smoothSolver:  Solving for Ux, Initial residual = 0.0123792, Final residual = 0.000779141, No Iterations 2
smoothSolver:  Solving for Uy, Initial residual = 0.101587, Final residual = 0.00483005, No Iterations 2
Pressure gradient source: uncorrected Ubar = 10.0002, pressure gradient = 19.732
GAMG:  Solving for p, Initial residual = 0.206625, Final residual = 0.00194399, No Iterations 68
time step continuity errors : sum local = 3.35299e-05, global = 3.49813e-16, cumulative = -3.25931e-15
Pressure gradient source: uncorrected Ubar = 10.0001, pressure gradient = 19.9164
smoothSolver:  Solving for omega, Initial residual = 0.00559759, Final residual = 0.000299485, No Iterations 1
smoothSolver:  Solving for k, Initial residual = 0.0103126, Final residual = 0.000553041, No Iterations 1
ExecutionTime = 1.62719 s  ClockTime = 1 s

Time = 30s

smoothSolver:  Solving for Ux, Initial residual = 0.0118473, Final residual = 0.000746284, No Iterations 2
smoothSolver:  Solving for Uy, Initial residual = 0.108702, Final residual = 0.00515061, No Iterations 2
Pressure gradient source: uncorrected Ubar = 10.0002, pressure gradient = 19.4685
GAMG:  Solving for p, Initial residual = 0.301794, Final residual = 0.00297661, No Iterations 61
time step continuity errors : sum local = 3.4029e-05, global = 1.21178e-16, cumulative = -3.13813e-15
Pressure gradient source: uncorrected Ubar = 10.0001, pressure gradient = 19.6792
smoothSolver:  Solving for omega, Initial residual = 0.00540355, Final residual = 0.000298924, No Iterations 1
smoothSolver:  Solving for k, Initial residual = 0.00983239, Final residual = 0.000555083, No Iterations 1
ExecutionTime = 1.667 s  ClockTime = 1 s

Time = 31s

smoothSolver:  Solving for Ux, Initial residual = 0.0113864, Final residual = 0.000723488, No Iterations 2
smoothSolver:  Solving for Uy, Initial residual = 0.103591, Final residual = 0.0049878, No Iterations 2
Pressure gradient source: uncorrected Ubar = 10.0002, pressure gradient = 19.3102
GAMG:  Solving for p, Initial residual = 0.314518, Final residual = 0.00303238, No Iterations 67
time step continuity errors : sum local = 3.0725e-05, global = 3.51324e-16, cumulative = -2.78681e-15
Pressure gradient source: uncorrected Ubar = 10.0001, pressure gradient = 19.4756
smoothSolver:  Solving for omega, Initial residual = 0.00524116, Final residual = 0.000294133, No Iterations 1
smoothSolver:  Solving for k, Initial residual = 0.00941966, Final residual = 0.00055469, No Iterations 1
ExecutionTime = 1.70956 s  ClockTime = 1 s

Time = 32s

smoothSolver:  Solving for Ux, Initial residual = 0.0110036, Final residual = 0.000700208, No Iterations 2
smoothSolver:  Solving for Uy, Initial residual = 0.0864196, Final residual = 0.00441024, No Iterations 2
Pressure gradient source: uncorrected Ubar = 10.0002, pressure gradient = 19.1202
GAMG:  Solving for p, Initial residual = 0.254069, Final residual = 0.00248396, No Iterations 65
time step continuity errors : sum local = 2.93548e-05, global = 1.90987e-16, cumulative = -2.59582e-15
Pressure gradient source: uncorrected Ubar = 10.0001, pressure gradient = 19.2828
smoothSolver:  Solving for omega, Initial residual = 0.00510379, Final residual = 0.000290368, No Iterations 1
smoothSolver:  Solving for k, Initial residual = 0.00905765, Final residual = 0.000552461, No Iterations 1
ExecutionTime = 1.7505 s  ClockTime = 1 s

Time = 33s

smoothSolver:  Solving for Ux, Initial residual = 0.0106004, Final residual = 0.000675046, No Iterations 2
smoothSolver:  Solving for Uy, Initial residual = 0.0729164, Final residual = 0.00395128, No Iterations 2
Pressure gradient source: uncorrected Ubar = 10.0002, pressure gradient = 18.9222
GAMG:  Solving for p, Initial residual = 0.191648, Final residual = 0.00180097, No Iterations 61
time step continuity errors : sum local = 2.56326e-05, global = 2.42023e-16, cumulative = -2.3538e-15
Pressure gradient source: uncorrected Ubar = 10.0001, pressure gradient = 19.0952
smoothSolver:  Solving for omega, Initial residual = 0.00493091, Final residual = 0.000287439, No Iterations 1
smoothSolver:  Solving for k, Initial residual = 0.008782, Final residual = 0.000549904, No Iterations 1
ExecutionTime = 1.78862 s  ClockTime = 2 s

Time = 34s

smoothSolver:  Solving for Ux, Initial residual = 0.0101743, Final residual = 0.000649615, No Iterations 2
smoothSolver:  Solving for Uy, Initial residual = 0.0710637, Final residual = 0.00376034, No Iterations 2
Pressure gradient source: uncorrected Ubar = 10.0002, pressure gradient = 18.7643
GAMG:  Solving for p, Initial residual = 0.158822, Final residual = 0.00151876, No Iterations 64
time step continuity errors : sum local = 2.31586e-05, global = 8.08629e-16, cumulative = -1.54517e-15
Pressure gradient source: uncorrected Ubar = 10.0001, pressure gradient = 18.9241
smoothSolver:  Solving for omega, Initial residual = 0.00477298, Final residual = 0.000285764, No Iterations 1
smoothSolver:  Solving for k, Initial residual = 0.00859059, Final residual = 0.000549587, No Iterations 1
ExecutionTime = 1.82706 s  ClockTime = 2 s

Time = 35s

smoothSolver:  Solving for Ux, Initial residual = 0.00979177, Final residual = 0.000630447, No Iterations 2
smoothSolver:  Solving for Uy, Initial residual = 0.0772292, Final residual = 0.00400334, No Iterations 2
Pressure gradient source: uncorrected Ubar = 10.0001, pressure gradient = 18.6424
GAMG:  Solving for p, Initial residual = 0.152183, Final residual = 0.00141762, No Iterations 68
time step continuity errors : sum local = 1.97078e-05, global = -1.12816e-16, cumulative = -1.65798e-15
Pressure gradient source: uncorrected Ubar = 10.0001, pressure gradient = 18.7741
smoothSolver:  Solving for omega, Initial residual = 0.0046297, Final residual = 0.000281619, No Iterations 1
smoothSolver:  Solving for k, Initial residual = 0.00843153, Final residual = 0.000549265, No Iterations 1
ExecutionTime = 1.86987 s  ClockTime = 2 s

Time = 36s

smoothSolver:  Solving for Ux, Initial residual = 0.00945842, Final residual = 0.000611074, No Iterations 2
smoothSolver:  Solving for Uy, Initial residual = 0.0808353, Final residual = 0.00415876, No Iterations 2
Pressure gradient source: uncorrected Ubar = 10.0002, pressure gradient = 18.4816
GAMG:  Solving for p, Initial residual = 0.187823, Final residual = 0.00172907, No Iterations 57
time step continuity errors : sum local = 1.99234e-05, global = 2.87156e-17, cumulative = -1.62927e-15
Pressure gradient source: uncorrected Ubar = 10.0001, pressure gradient = 18.6249
smoothSolver:  Solving for omega, Initial residual = 0.00452945, Final residual = 0.000277631, No Iterations 1
smoothSolver:  Solving for k, Initial residual = 0.00828485, Final residual = 0.000549417, No Iterations 1
ExecutionTime = 1.90796 s  ClockTime = 2 s

Time = 37s

smoothSolver:  Solving for Ux, Initial residual = 0.00913142, Final residual = 0.000590485, No Iterations 2
smoothSolver:  Solving for Uy, Initial residual = 0.0754447, Final residual = 0.00395459, No Iterations 2
Pressure gradient source: uncorrected Ubar = 10.0002, pressure gradient = 18.3162
GAMG:  Solving for p, Initial residual = 0.197802, Final residual = 0.00188769, No Iterations 63
time step continuity errors : sum local = 1.96386e-05, global = -1.66733e-17, cumulative = -1.64594e-15
Pressure gradient source: uncorrected Ubar = 10.0001, pressure gradient = 18.4752
smoothSolver:  Solving for omega, Initial residual = 0.0044168, Final residual = 0.000275274, No Iterations 1
smoothSolver:  Solving for k, Initial residual = 0.00815582, Final residual = 0.000551222, No Iterations 1
ExecutionTime = 1.94812 s  ClockTime = 2 s

Time = 38s

smoothSolver:  Solving for Ux, Initial residual = 0.00883136, Final residual = 0.000571706, No Iterations 2
smoothSolver:  Solving for Uy, Initial residual = 0.0655273, Final residual = 0.00353842, No Iterations 2
Pressure gradient source: uncorrected Ubar = 10.0001, pressure gradient = 18.1909
GAMG:  Solving for p, Initial residual = 0.161207, Final residual = 0.00151652, No Iterations 63
time step continuity errors : sum local = 1.73558e-05, global = -5.56149e-16, cumulative = -2.20209e-15
Pressure gradient source: uncorrected Ubar = 10.0001, pressure gradient = 18.3385
smoothSolver:  Solving for omega, Initial residual = 0.0042917, Final residual = 0.000272058, No Iterations 1
smoothSolver:  Solving for k, Initial residual = 0.00800327, Final residual = 0.000550321, No Iterations 1
ExecutionTime = 1.98769 s  ClockTime = 2 s

Time = 39s

smoothSolver:  Solving for Ux, Initial residual = 0.00853436, Final residual = 0.000555824, No Iterations 2
smoothSolver:  Solving for Uy, Initial residual = 0.0596993, Final residual = 0.00330614, No Iterations 2
Pressure gradient source: uncorrected Ubar = 10.0001, pressure gradient = 18.0824
GAMG:  Solving for p, Initial residual = 0.133439, Final residual = 0.00125745, No Iterations 55
time step continuity errors : sum local = 1.56907e-05, global = -2.09088e-16, cumulative = -2.41118e-15
Pressure gradient source: uncorrected Ubar = 10.0001, pressure gradient = 18.2149
smoothSolver:  Solving for omega, Initial residual = 0.00416973, Final residual = 0.000268555, No Iterations 1
smoothSolver:  Solving for k, Initial residual = 0.00786016, Final residual = 0.000548929, No Iterations 1
ExecutionTime = 2.02389 s  ClockTime = 2 s

Time = 40s

smoothSolver:  Solving for Ux, Initial residual = 0.00827459, Final residual = 0.000540553, No Iterations 2
smoothSolver:  Solving for Uy, Initial residual = 0.0585557, Final residual = 0.00326836, No Iterations 2
Pressure gradient source: uncorrected Ubar = 10.0001, pressure gradient = 17.9495
GAMG:  Solving for p, Initial residual = 0.121602, Final residual = 0.00113186, No Iterations 70
time step continuity errors : sum local = 1.35524e-05, global = 4.18246e-16, cumulative = -1.99293e-15
Pressure gradient source: uncorrected Ubar = 10.0001, pressure gradient = 18.092
smoothSolver:  Solving for omega, Initial residual = 0.00406748, Final residual = 0.000265877, No Iterations 1
smoothSolver:  Solving for k, Initial residual = 0.00774652, Final residual = 0.000549565, No Iterations 1
ExecutionTime = 2.06886 s  ClockTime = 2 s

Time = 41s

smoothSolver:  Solving for Ux, Initial residual = 0.00804034, Final residual = 0.000524433, No Iterations 2
smoothSolver:  Solving for Uy, Initial residual = 0.0619704, Final residual = 0.0034448, No Iterations 2
Pressure gradient source: uncorrected Ubar = 10.0001, pressure gradient = 17.8208
GAMG:  Solving for p, Initial residual = 0.119228, Final residual = 0.00117775, No Iterations 74
time step continuity errors : sum local = 1.36007e-05, global = 1.03232e-16, cumulative = -1.8897e-15
Pressure gradient source: uncorrected Ubar = 10.0001, pressure gradient = 17.971
smoothSolver:  Solving for omega, Initial residual = 0.00399259, Final residual = 0.000263585, No Iterations 1
smoothSolver:  Solving for k, Initial residual = 0.00765759, Final residual = 0.000551719, No Iterations 1
ExecutionTime = 2.11412 s  ClockTime = 2 s

Time = 42s

smoothSolver:  Solving for Ux, Initial residual = 0.00782249, Final residual = 0.000509182, No Iterations 2
smoothSolver:  Solving for Uy, Initial residual = 0.0620137, Final residual = 0.00339414, No Iterations 2
Pressure gradient source: uncorrected Ubar = 10.0001, pressure gradient = 17.7186
GAMG:  Solving for p, Initial residual = 0.121055, Final residual = 0.00118833, No Iterations 68
time step continuity errors : sum local = 1.33451e-05, global = -2.30687e-16, cumulative = -2.12039e-15
Pressure gradient source: uncorrected Ubar = 10.0001, pressure gradient = 17.8598
smoothSolver:  Solving for omega, Initial residual = 0.00391173, Final residual = 0.000260221, No Iterations 1
smoothSolver:  Solving for k, Initial residual = 0.00757417, Final residual = 0.000553327, No Iterations 1
ExecutionTime = 2.15661 s  ClockTime = 2 s

Time = 43s

smoothSolver:  Solving for Ux, Initial residual = 0.00758648, Final residual = 0.000494439, No Iterations 2
smoothSolver:  Solving for Uy, Initial residual = 0.0582513, Final residual = 0.00325286, No Iterations 2
Pressure gradient source: uncorrected Ubar = 10.0001, pressure gradient = 17.6296
GAMG:  Solving for p, Initial residual = 0.126169, Final residual = 0.00122877, No Iterations 60
time step continuity errors : sum local = 1.31771e-05, global = -2.08594e-16, cumulative = -2.32898e-15
Pressure gradient source: uncorrected Ubar = 10.0001, pressure gradient = 17.7592
smoothSolver:  Solving for omega, Initial residual = 0.00382071, Final residual = 0.00025626, No Iterations 1
smoothSolver:  Solving for k, Initial residual = 0.00748518, Final residual = 0.000553221, No Iterations 1
ExecutionTime = 2.19515 s  ClockTime = 2 s

Time = 44s

smoothSolver:  Solving for Ux, Initial residual = 0.00734466, Final residual = 0.000481431, No Iterations 2
smoothSolver:  Solving for Uy, Initial residual = 0.0535176, Final residual = 0.00308087, No Iterations 2
Pressure gradient source: uncorrected Ubar = 10.0001, pressure gradient = 17.5266
GAMG:  Solving for p, Initial residual = 0.12056, Final residual = 0.00112397, No Iterations 59
time step continuity errors : sum local = 1.16179e-05, global = -7.10602e-16, cumulative = -3.03958e-15
Pressure gradient source: uncorrected Ubar = 10, pressure gradient = 17.6608
smoothSolver:  Solving for omega, Initial residual = 0.00372415, Final residual = 0.000253558, No Iterations 1
smoothSolver:  Solving for k, Initial residual = 0.00741193, Final residual = 0.000553448, No Iterations 1
ExecutionTime = 2.23352 s  ClockTime = 2 s

Time = 45s

smoothSolver:  Solving for Ux, Initial residual = 0.00715081, Final residual = 0.000468179, No Iterations 2
smoothSolver:  Solving for Uy, Initial residual = 0.0513323, Final residual = 0.00298947, No Iterations 2
Pressure gradient source: uncorrected Ubar = 10.0001, pressure gradient = 17.4268
GAMG:  Solving for p, Initial residual = 0.101301, Final residual = 0.000964456, No Iterations 65
time step continuity errors : sum local = 1.0086e-05, global = 2.24495e-16, cumulative = -2.81509e-15
Pressure gradient source: uncorrected Ubar = 10, pressure gradient = 17.565
smoothSolver:  Solving for omega, Initial residual = 0.00364226, Final residual = 0.000251772, No Iterations 1
smoothSolver:  Solving for k, Initial residual = 0.00736506, Final residual = 0.00055515, No Iterations 1
ExecutionTime = 2.27528 s  ClockTime = 2 s

Time = 46s

smoothSolver:  Solving for Ux, Initial residual = 0.00696554, Final residual = 0.000455752, No Iterations 2
smoothSolver:  Solving for Uy, Initial residual = 0.0518183, Final residual = 0.00298856, No Iterations 2
Pressure gradient source: uncorrected Ubar = 10.0001, pressure gradient = 17.3418
GAMG:  Solving for p, Initial residual = 0.0889648, Final residual = 0.00086245, No Iterations 64
time step continuity errors : sum local = 9.36219e-06, global = 3.71061e-17, cumulative = -2.77798e-15
Pressure gradient source: uncorrected Ubar = 10, pressure gradient = 17.4756
smoothSolver:  Solving for omega, Initial residual = 0.00357389, Final residual = 0.000249161, No Iterations 1
smoothSolver:  Solving for k, Initial residual = 0.00732361, Final residual = 0.000556614, No Iterations 1
ExecutionTime = 2.31618 s  ClockTime = 2 s

Time = 47s

smoothSolver:  Solving for Ux, Initial residual = 0.00677844, Final residual = 0.000443783, No Iterations 2
smoothSolver:  Solving for Uy, Initial residual = 0.0521967, Final residual = 0.00300799, No Iterations 2
Pressure gradient source: uncorrected Ubar = 10.0001, pressure gradient = 17.2684
GAMG:  Solving for p, Initial residual = 0.0969768, Final residual = 0.000933092, No Iterations 66
time step continuity errors : sum local = 9.92501e-06, global = -1.65151e-16, cumulative = -2.94313e-15
Pressure gradient source: uncorrected Ubar = 10, pressure gradient = 17.3941
smoothSolver:  Solving for omega, Initial residual = 0.00351311, Final residual = 0.00024581, No Iterations 1
smoothSolver:  Solving for k, Initial residual = 0.00727733, Final residual = 0.000557113, No Iterations 1
ExecutionTime = 2.35785 s  ClockTime = 2 s

Time = 48s

smoothSolver:  Solving for Ux, Initial residual = 0.00655634, Final residual = 0.000431328, No Iterations 2
smoothSolver:  Solving for Uy, Initial residual = 0.0508318, Final residual = 0.00296791, No Iterations 2
Pressure gradient source: uncorrected Ubar = 10.0001, pressure gradient = 17.1906
GAMG:  Solving for p, Initial residual = 0.104079, Final residual = 0.00100557, No Iterations 66
time step continuity errors : sum local = 9.97637e-06, global = 2.55236e-16, cumulative = -2.6879e-15
Pressure gradient source: uncorrected Ubar = 10, pressure gradient = 17.3161
smoothSolver:  Solving for omega, Initial residual = 0.00344367, Final residual = 0.000242706, No Iterations 1
smoothSolver:  Solving for k, Initial residual = 0.00723015, Final residual = 0.000557574, No Iterations 1
ExecutionTime = 2.39942 s  ClockTime = 2 s

Time = 49s

smoothSolver:  Solving for Ux, Initial residual = 0.00637458, Final residual = 0.000420507, No Iterations 2
smoothSolver:  Solving for Uy, Initial residual = 0.0483146, Final residual = 0.00286227, No Iterations 2
Pressure gradient source: uncorrected Ubar = 10.0001, pressure gradient = 17.1185
GAMG:  Solving for p, Initial residual = 0.0993453, Final residual = 0.000985462, No Iterations 62
time step continuity errors : sum local = 9.32817e-06, global = -1.11574e-16, cumulative = -2.79947e-15
Pressure gradient source: uncorrected Ubar = 10, pressure gradient = 17.2425
smoothSolver:  Solving for omega, Initial residual = 0.00337329, Final residual = 0.000239907, No Iterations 1
smoothSolver:  Solving for k, Initial residual = 0.00717707, Final residual = 0.000557683, No Iterations 1
ExecutionTime = 2.43819 s  ClockTime = 2 s

Time = 50s

smoothSolver:  Solving for Ux, Initial residual = 0.00621678, Final residual = 0.000409917, No Iterations 2
smoothSolver:  Solving for Uy, Initial residual = 0.047318, Final residual = 0.00280981, No Iterations 2
Pressure gradient source: uncorrected Ubar = 10.0001, pressure gradient = 17.054
GAMG:  Solving for p, Initial residual = 0.0901977, Final residual = 0.0008718, No Iterations 58
time step continuity errors : sum local = 8.27887e-06, global = -9.8606e-17, cumulative = -2.89808e-15
Pressure gradient source: uncorrected Ubar = 10, pressure gradient = 17.1742
smoothSolver:  Solving for omega, Initial residual = 0.00330391, Final residual = 0.000237473, No Iterations 1
smoothSolver:  Solving for k, Initial residual = 0.00713158, Final residual = 0.000558292, No Iterations 1
ExecutionTime = 2.47669 s  ClockTime = 2 s

Time = 51s

smoothSolver:  Solving for Ux, Initial residual = 0.0060611, Final residual = 0.000399565, No Iterations 2
smoothSolver:  Solving for Uy, Initial residual = 0.0473718, Final residual = 0.00282446, No Iterations 2
Pressure gradient source: uncorrected Ubar = 10.0001, pressure gradient = 16.9926
GAMG:  Solving for p, Initial residual = 0.0891816, Final residual = 0.000828092, No Iterations 60
time step continuity errors : sum local = 7.76652e-06, global = -8.86388e-17, cumulative = -2.98672e-15
Pressure gradient source: uncorrected Ubar = 10, pressure gradient = 17.1102
smoothSolver:  Solving for omega, Initial residual = 0.00324736, Final residual = 0.000234849, No Iterations 1
smoothSolver:  Solving for k, Initial residual = 0.00710023, Final residual = 0.000559757, No Iterations 1
ExecutionTime = 2.51918 s  ClockTime = 2 s

Time = 52s

smoothSolver:  Solving for Ux, Initial residual = 0.00588501, Final residual = 0.00038867, No Iterations 2
smoothSolver:  Solving for Uy, Initial residual = 0.0475005, Final residual = 0.00285825, No Iterations 2
Pressure gradient source: uncorrected Ubar = 10.0001, pressure gradient = 16.9338
GAMG:  Solving for p, Initial residual = 0.0892286, Final residual = 0.000872723, No Iterations 66
time step continuity errors : sum local = 7.88792e-06, global = -2.37835e-16, cumulative = -3.22455e-15
Pressure gradient source: uncorrected Ubar = 10, pressure gradient = 17.0497
smoothSolver:  Solving for omega, Initial residual = 0.00318589, Final residual = 0.000231932, No Iterations 1
smoothSolver:  Solving for k, Initial residual = 0.00707202, Final residual = 0.00056126, No Iterations 1
ExecutionTime = 2.5623 s  ClockTime = 2 s

Time = 53s

smoothSolver:  Solving for Ux, Initial residual = 0.005701, Final residual = 0.000377708, No Iterations 2
smoothSolver:  Solving for Uy, Initial residual = 0.0466193, Final residual = 0.00283403, No Iterations 2
Pressure gradient source: uncorrected Ubar = 10.0001, pressure gradient = 16.8744
GAMG:  Solving for p, Initial residual = 0.0845611, Final residual = 0.000844232, No Iterations 68
time step continuity errors : sum local = 7.43406e-06, global = 9.88194e-17, cumulative = -3.12573e-15
Pressure gradient source: uncorrected Ubar = 10, pressure gradient = 16.9914
smoothSolver:  Solving for omega, Initial residual = 0.00312906, Final residual = 0.000229657, No Iterations 1
smoothSolver:  Solving for k, Initial residual = 0.00705192, Final residual = 0.000563281, No Iterations 1
ExecutionTime = 2.60594 s  ClockTime = 2 s

Time = 54s

smoothSolver:  Solving for Ux, Initial residual = 0.00557649, Final residual = 0.000368961, No Iterations 2
smoothSolver:  Solving for Uy, Initial residual = 0.0455605, Final residual = 0.00277094, No Iterations 2
Pressure gradient source: uncorrected Ubar = 10.0001, pressure gradient = 16.8198
GAMG:  Solving for p, Initial residual = 0.0814039, Final residual = 0.000814032, No Iterations 66
time step continuity errors : sum local = 7.13996e-06, global = 4.42961e-16, cumulative = -2.68277e-15
Pressure gradient source: uncorrected Ubar = 10, pressure gradient = 16.9359
smoothSolver:  Solving for omega, Initial residual = 0.00306808, Final residual = 0.000226937, No Iterations 1
smoothSolver:  Solving for k, Initial residual = 0.00702643, Final residual = 0.000564498, No Iterations 1
ExecutionTime = 2.64783 s  ClockTime = 2 s

Time = 55s

smoothSolver:  Solving for Ux, Initial residual = 0.0054538, Final residual = 0.000360208, No Iterations 2
smoothSolver:  Solving for Uy, Initial residual = 0.0440864, Final residual = 0.00269391, No Iterations 2
Pressure gradient source: uncorrected Ubar = 10.0001, pressure gradient = 16.7682
GAMG:  Solving for p, Initial residual = 0.0817019, Final residual = 0.000810252, No Iterations 62
time step continuity errors : sum local = 7.08793e-06, global = -1.46514e-16, cumulative = -2.82928e-15
Pressure gradient source: uncorrected Ubar = 10, pressure gradient = 16.8835
smoothSolver:  Solving for omega, Initial residual = 0.00300969, Final residual = 0.000224176, No Iterations 1
smoothSolver:  Solving for k, Initial residual = 0.0070044, Final residual = 0.000565747, No Iterations 1
ExecutionTime = 2.68761 s  ClockTime = 2 s

Time = 56s

smoothSolver:  Solving for Ux, Initial residual = 0.00532516, Final residual = 0.000351521, No Iterations 2
smoothSolver:  Solving for Uy, Initial residual = 0.0433211, Final residual = 0.00268019, No Iterations 2
Pressure gradient source: uncorrected Ubar = 10.0001, pressure gradient = 16.7198
GAMG:  Solving for p, Initial residual = 0.0800011, Final residual = 0.00079973, No Iterations 63
time step continuity errors : sum local = 6.82014e-06, global = 1.08072e-16, cumulative = -2.72121e-15
Pressure gradient source: uncorrected Ubar = 10, pressure gradient = 16.834
smoothSolver:  Solving for omega, Initial residual = 0.00295204, Final residual = 0.000220908, No Iterations 1
smoothSolver:  Solving for k, Initial residual = 0.00698183, Final residual = 0.000566759, No Iterations 1
ExecutionTime = 2.7274 s  ClockTime = 2 s

Time = 57s

smoothSolver:  Solving for Ux, Initial residual = 0.00517392, Final residual = 0.00034219, No Iterations 2
smoothSolver:  Solving for Uy, Initial residual = 0.0434637, Final residual = 0.00270145, No Iterations 2
Pressure gradient source: uncorrected Ubar = 10.0001, pressure gradient = 16.6744
GAMG:  Solving for p, Initial residual = 0.0771235, Final residual = 0.000744364, No Iterations 66
time step continuity errors : sum local = 6.09265e-06, global = -3.34906e-16, cumulative = -3.05612e-15
Pressure gradient source: uncorrected Ubar = 10, pressure gradient = 16.7873
smoothSolver:  Solving for omega, Initial residual = 0.00290336, Final residual = 0.000218358, No Iterations 1
smoothSolver:  Solving for k, Initial residual = 0.00696969, Final residual = 0.000568691, No Iterations 1
ExecutionTime = 2.76992 s  ClockTime = 3 s

Time = 58s

smoothSolver:  Solving for Ux, Initial residual = 0.00502378, Final residual = 0.000332878, No Iterations 2
smoothSolver:  Solving for Uy, Initial residual = 0.0437744, Final residual = 0.00273336, No Iterations 2
Pressure gradient source: uncorrected Ubar = 10.0001, pressure gradient = 16.6306
GAMG:  Solving for p, Initial residual = 0.0733084, Final residual = 0.000716413, No Iterations 66
time step continuity errors : sum local = 5.76391e-06, global = -1.6496e-16, cumulative = -3.22108e-15
Pressure gradient source: uncorrected Ubar = 10, pressure gradient = 16.743
smoothSolver:  Solving for omega, Initial residual = 0.00285407, Final residual = 0.000215923, No Iterations 1
smoothSolver:  Solving for k, Initial residual = 0.00695886, Final residual = 0.000570556, No Iterations 1
ExecutionTime = 2.8136 s  ClockTime = 3 s

Time = 59s

smoothSolver:  Solving for Ux, Initial residual = 0.00491074, Final residual = 0.000325275, No Iterations 2
smoothSolver:  Solving for Uy, Initial residual = 0.0428638, Final residual = 0.00266668, No Iterations 2
Pressure gradient source: uncorrected Ubar = 10.0001, pressure gradient = 16.5897
GAMG:  Solving for p, Initial residual = 0.0735892, Final residual = 0.000721127, No Iterations 67
time step continuity errors : sum local = 5.83074e-06, global = 3.78133e-16, cumulative = -2.84295e-15
Pressure gradient source: uncorrected Ubar = 10, pressure gradient = 16.7012
smoothSolver:  Solving for omega, Initial residual = 0.0028087, Final residual = 0.000213623, No Iterations 1
smoothSolver:  Solving for k, Initial residual = 0.00695246, Final residual = 0.000572648, No Iterations 1
ExecutionTime = 2.85648 s  ClockTime = 3 s

Time = 60s

smoothSolver:  Solving for Ux, Initial residual = 0.00480404, Final residual = 0.000317735, No Iterations 2
smoothSolver:  Solving for Uy, Initial residual = 0.0420677, Final residual = 0.00263491, No Iterations 2
Pressure gradient source: uncorrected Ubar = 10.0001, pressure gradient = 16.5507
GAMG:  Solving for p, Initial residual = 0.0793107, Final residual = 0.000786183, No Iterations 64
time step continuity errors : sum local = 6.30023e-06, global = -3.72019e-16, cumulative = -3.21496e-15
Pressure gradient source: uncorrected Ubar = 10, pressure gradient = 16.6617
smoothSolver:  Solving for omega, Initial residual = 0.0027593, Final residual = 0.000211047, No Iterations 1
smoothSolver:  Solving for k, Initial residual = 0.00694208, Final residual = 0.00057429, No Iterations 1
ExecutionTime = 2.89685 s  ClockTime = 3 s

Time = 61s

smoothSolver:  Solving for Ux, Initial residual = 0.0046876, Final residual = 0.000309931, No Iterations 2
smoothSolver:  Solving for Uy, Initial residual = 0.0413837, Final residual = 0.00261582, No Iterations 2
Pressure gradient source: uncorrected Ubar = 10.0001, pressure gradient = 16.5149
GAMG:  Solving for p, Initial residual = 0.0784107, Final residual = 0.000758458, No Iterations 64
time step continuity errors : sum local = 5.92597e-06, global = 1.5847e-16, cumulative = -3.05649e-15
Pressure gradient source: uncorrected Ubar = 10, pressure gradient = 16.6247
smoothSolver:  Solving for omega, Initial residual = 0.00271101, Final residual = 0.000208645, No Iterations 1
smoothSolver:  Solving for k, Initial residual = 0.00693484, Final residual = 0.000576137, No Iterations 1
ExecutionTime = 2.93859 s  ClockTime = 3 s

Time = 62s

smoothSolver:  Solving for Ux, Initial residual = 0.00456339, Final residual = 0.000301857, No Iterations 2
smoothSolver:  Solving for Uy, Initial residual = 0.0410836, Final residual = 0.00260101, No Iterations 2
Pressure gradient source: uncorrected Ubar = 10.0001, pressure gradient = 16.4814
GAMG:  Solving for p, Initial residual = 0.0705441, Final residual = 0.000681748, No Iterations 63
time step continuity errors : sum local = 5.14362e-06, global = 8.75592e-17, cumulative = -2.96894e-15
Pressure gradient source: uncorrected Ubar = 10, pressure gradient = 16.5901
smoothSolver:  Solving for omega, Initial residual = 0.00266214, Final residual = 0.000206126, No Iterations 1
smoothSolver:  Solving for k, Initial residual = 0.00693227, Final residual = 0.000578351, No Iterations 1
ExecutionTime = 2.97964 s  ClockTime = 3 s

Time = 63s

smoothSolver:  Solving for Ux, Initial residual = 0.00443288, Final residual = 0.000293615, No Iterations 2
smoothSolver:  Solving for Uy, Initial residual = 0.0410039, Final residual = 0.00261697, No Iterations 2
Pressure gradient source: uncorrected Ubar = 10.0001, pressure gradient = 16.4503
GAMG:  Solving for p, Initial residual = 0.0656732, Final residual = 0.000645226, No Iterations 60
time step continuity errors : sum local = 4.7672e-06, global = -3.2654e-17, cumulative = -3.00159e-15
Pressure gradient source: uncorrected Ubar = 10, pressure gradient = 16.5579
smoothSolver:  Solving for omega, Initial residual = 0.00261487, Final residual = 0.000203641, No Iterations 1
smoothSolver:  Solving for k, Initial residual = 0.00693778, Final residual = 0.000581197, No Iterations 1
ExecutionTime = 3.01882 s  ClockTime = 3 s

Time = 64s

smoothSolver:  Solving for Ux, Initial residual = 0.0043179, Final residual = 0.000286019, No Iterations 2
smoothSolver:  Solving for Uy, Initial residual = 0.040483, Final residual = 0.00258409, No Iterations 2
Pressure gradient source: uncorrected Ubar = 10.0001, pressure gradient = 16.4213
GAMG:  Solving for p, Initial residual = 0.0686367, Final residual = 0.000680309, No Iterations 60
time step continuity errors : sum local = 5.04916e-06, global = 1.15219e-16, cumulative = -2.88637e-15
Pressure gradient source: uncorrected Ubar = 10, pressure gradient = 16.5278
smoothSolver:  Solving for omega, Initial residual = 0.00257018, Final residual = 0.000201011, No Iterations 1
smoothSolver:  Solving for k, Initial residual = 0.00694579, Final residual = 0.000584227, No Iterations 1
ExecutionTime = 3.05704 s  ClockTime = 3 s

Time = 65s

smoothSolver:  Solving for Ux, Initial residual = 0.00422752, Final residual = 0.000279807, No Iterations 2
smoothSolver:  Solving for Uy, Initial residual = 0.0400302, Final residual = 0.0025819, No Iterations 2
Pressure gradient source: uncorrected Ubar = 10.0001, pressure gradient = 16.3939
GAMG:  Solving for p, Initial residual = 0.0732507, Final residual = 0.000731434, No Iterations 60
time step continuity errors : sum local = 5.41515e-06, global = 1.46739e-16, cumulative = -2.73963e-15
Pressure gradient source: uncorrected Ubar = 10, pressure gradient = 16.4997
smoothSolver:  Solving for omega, Initial residual = 0.00253076, Final residual = 0.000198379, No Iterations 1
smoothSolver:  Solving for k, Initial residual = 0.00695242, Final residual = 0.00058702, No Iterations 1
ExecutionTime = 3.09439 s  ClockTime = 3 s

Time = 66s

smoothSolver:  Solving for Ux, Initial residual = 0.00413131, Final residual = 0.000273447, No Iterations 2
smoothSolver:  Solving for Uy, Initial residual = 0.0396648, Final residual = 0.00255997, No Iterations 2
Pressure gradient source: uncorrected Ubar = 10.0001, pressure gradient = 16.3687
GAMG:  Solving for p, Initial residual = 0.0738546, Final residual = 0.000726146, No Iterations 60
time step continuity errors : sum local = 5.19473e-06, global = -4.56025e-16, cumulative = -3.19566e-15
Pressure gradient source: uncorrected Ubar = 10, pressure gradient = 16.4737
smoothSolver:  Solving for omega, Initial residual = 0.00249311, Final residual = 0.000195909, No Iterations 1
smoothSolver:  Solving for k, Initial residual = 0.00695754, Final residual = 0.000589641, No Iterations 1
ExecutionTime = 3.13486 s  ClockTime = 3 s

Time = 67s

smoothSolver:  Solving for Ux, Initial residual = 0.00403225, Final residual = 0.000266794, No Iterations 2
smoothSolver:  Solving for Uy, Initial residual = 0.0393896, Final residual = 0.0025475, No Iterations 2
Pressure gradient source: uncorrected Ubar = 10.0001, pressure gradient = 16.3461
GAMG:  Solving for p, Initial residual = 0.0692043, Final residual = 0.000688329, No Iterations 58
time step continuity errors : sum local = 4.74557e-06, global = -3.06018e-16, cumulative = -3.50167e-15
Pressure gradient source: uncorrected Ubar = 10, pressure gradient = 16.4498
smoothSolver:  Solving for omega, Initial residual = 0.00245491, Final residual = 0.00019368, No Iterations 1
smoothSolver:  Solving for k, Initial residual = 0.00695718, Final residual = 0.000591707, No Iterations 1
ExecutionTime = 3.17327 s  ClockTime = 3 s

Time = 68s

smoothSolver:  Solving for Ux, Initial residual = 0.00392691, Final residual = 0.000259847, No Iterations 2
smoothSolver:  Solving for Uy, Initial residual = 0.0387885, Final residual = 0.00252081, No Iterations 2
Pressure gradient source: uncorrected Ubar = 10.0001, pressure gradient = 16.3271
GAMG:  Solving for p, Initial residual = 0.0677863, Final residual = 0.000669086, No Iterations 58
time step continuity errors : sum local = 4.51997e-06, global = 2.10026e-16, cumulative = -3.29165e-15
Pressure gradient source: uncorrected Ubar = 10, pressure gradient = 16.4286
smoothSolver:  Solving for omega, Initial residual = 0.00242099, Final residual = 0.000191734, No Iterations 1
smoothSolver:  Solving for k, Initial residual = 0.00695803, Final residual = 0.000593939, No Iterations 1
ExecutionTime = 3.21096 s  ClockTime = 3 s

Time = 69s

smoothSolver:  Solving for Ux, Initial residual = 0.00381565, Final residual = 0.000252717, No Iterations 2
smoothSolver:  Solving for Uy, Initial residual = 0.0385697, Final residual = 0.00253187, No Iterations 2
Pressure gradient source: uncorrected Ubar = 10.0001, pressure gradient = 16.3097
GAMG:  Solving for p, Initial residual = 0.0715712, Final residual = 0.000705372, No Iterations 60
time step continuity errors : sum local = 4.73228e-06, global = -4.50609e-16, cumulative = -3.74226e-15
Pressure gradient source: uncorrected Ubar = 10, pressure gradient = 16.4096
smoothSolver:  Solving for omega, Initial residual = 0.00238421, Final residual = 0.000189523, No Iterations 1
smoothSolver:  Solving for k, Initial residual = 0.00695971, Final residual = 0.000596247, No Iterations 1
ExecutionTime = 3.25113 s  ClockTime = 3 s

Time = 70s

smoothSolver:  Solving for Ux, Initial residual = 0.00373078, Final residual = 0.000246103, No Iterations 2
smoothSolver:  Solving for Uy, Initial residual = 0.038584, Final residual = 0.00254893, No Iterations 2
Pressure gradient source: uncorrected Ubar = 10.0001, pressure gradient = 16.2944
GAMG:  Solving for p, Initial residual = 0.0704368, Final residual = 0.000703187, No Iterations 62
time step continuity errors : sum local = 4.58691e-06, global = -1.47202e-16, cumulative = -3.88946e-15
Pressure gradient source: uncorrected Ubar = 10, pressure gradient = 16.3928
smoothSolver:  Solving for omega, Initial residual = 0.00234924, Final residual = 0.000187432, No Iterations 1
smoothSolver:  Solving for k, Initial residual = 0.00696962, Final residual = 0.000599256, No Iterations 1
ExecutionTime = 3.29216 s  ClockTime = 3 s

Time = 71s

smoothSolver:  Solving for Ux, Initial residual = 0.00364562, Final residual = 0.00023995, No Iterations 2
smoothSolver:  Solving for Uy, Initial residual = 0.0383738, Final residual = 0.00254283, No Iterations 2
Pressure gradient source: uncorrected Ubar = 10.0001, pressure gradient = 16.2802
GAMG:  Solving for p, Initial residual = 0.0669519, Final residual = 0.000620839, No Iterations 64
time step continuity errors : sum local = 3.85978e-06, global = -2.31526e-16, cumulative = -4.12099e-15
Pressure gradient source: uncorrected Ubar = 10, pressure gradient = 16.3777
smoothSolver:  Solving for omega, Initial residual = 0.00231324, Final residual = 0.000185276, No Iterations 1
smoothSolver:  Solving for k, Initial residual = 0.00697935, Final residual = 0.000602148, No Iterations 1
ExecutionTime = 3.3348 s  ClockTime = 3 s

Time = 72s

smoothSolver:  Solving for Ux, Initial residual = 0.00355272, Final residual = 0.00023351, No Iterations 2
smoothSolver:  Solving for Uy, Initial residual = 0.0378831, Final residual = 0.00250287, No Iterations 2
Pressure gradient source: uncorrected Ubar = 10, pressure gradient = 16.2688
GAMG:  Solving for p, Initial residual = 0.0641717, Final residual = 0.00060666, No Iterations 62
time step continuity errors : sum local = 3.64261e-06, global = -7.97833e-17, cumulative = -4.20077e-15
Pressure gradient source: uncorrected Ubar = 10, pressure gradient = 16.3647
smoothSolver:  Solving for omega, Initial residual = 0.00227744, Final residual = 0.000183173, No Iterations 1
smoothSolver:  Solving for k, Initial residual = 0.00699285, Final residual = 0.000605328, No Iterations 1
ExecutionTime = 3.37484 s  ClockTime = 3 s

Time = 73s

smoothSolver:  Solving for Ux, Initial residual = 0.00345361, Final residual = 0.000227065, No Iterations 2
smoothSolver:  Solving for Uy, Initial residual = 0.037401, Final residual = 0.00249578, No Iterations 2
Pressure gradient source: uncorrected Ubar = 10, pressure gradient = 16.2586
GAMG:  Solving for p, Initial residual = 0.071569, Final residual = 0.000674632, No Iterations 62
time step continuity errors : sum local = 4.00702e-06, global = -1.71483e-16, cumulative = -4.37225e-15
Pressure gradient source: uncorrected Ubar = 10, pressure gradient = 16.3536
smoothSolver:  Solving for omega, Initial residual = 0.00224695, Final residual = 0.000181164, No Iterations 1
smoothSolver:  Solving for k, Initial residual = 0.00700809, Final residual = 0.000608535, No Iterations 1
ExecutionTime = 3.41222 s  ClockTime = 3 s

Time = 74s

smoothSolver:  Solving for Ux, Initial residual = 0.00334972, Final residual = 0.000220922, No Iterations 2
smoothSolver:  Solving for Uy, Initial residual = 0.0368067, Final residual = 0.00246698, No Iterations 2
Pressure gradient source: uncorrected Ubar = 10, pressure gradient = 16.252
GAMG:  Solving for p, Initial residual = 0.0701056, Final residual = 0.000653585, No Iterations 64
time step continuity errors : sum local = 3.83915e-06, global = -2.29942e-16, cumulative = -4.60219e-15
Pressure gradient source: uncorrected Ubar = 10, pressure gradient = 16.3448
smoothSolver:  Solving for omega, Initial residual = 0.00221757, Final residual = 0.000179068, No Iterations 1
smoothSolver:  Solving for k, Initial residual = 0.00702471, Final residual = 0.00061177, No Iterations 1
ExecutionTime = 3.45389 s  ClockTime = 3 s

Time = 75s

smoothSolver:  Solving for Ux, Initial residual = 0.00324648, Final residual = 0.00021466, No Iterations 2
smoothSolver:  Solving for Uy, Initial residual = 0.0365531, Final residual = 0.00244845, No Iterations 2
Pressure gradient source: uncorrected Ubar = 10, pressure gradient = 16.2498
GAMG:  Solving for p, Initial residual = 0.0664321, Final residual = 0.000600299, No Iterations 66
time step continuity errors : sum local = 3.34467e-06, global = -3.17008e-17, cumulative = -4.6339e-15
Pressure gradient source: uncorrected Ubar = 10, pressure gradient = 16.3391
smoothSolver:  Solving for omega, Initial residual = 0.0021873, Final residual = 0.000176928, No Iterations 1
smoothSolver:  Solving for k, Initial residual = 0.00704422, Final residual = 0.000615216, No Iterations 1
ExecutionTime = 3.49668 s  ClockTime = 3 s

Time = 76s

smoothSolver:  Solving for Ux, Initial residual = 0.00316897, Final residual = 0.000208528, No Iterations 2
smoothSolver:  Solving for Uy, Initial residual = 0.0363792, Final residual = 0.00244986, No Iterations 2
Pressure gradient source: uncorrected Ubar = 10, pressure gradient = 16.2517
GAMG:  Solving for p, Initial residual = 0.0674276, Final residual = 0.00060704, No Iterations 66
time step continuity errors : sum local = 3.12928e-06, global = -2.82633e-17, cumulative = -4.66216e-15
Pressure gradient source: uncorrected Ubar = 10, pressure gradient = 16.3367
smoothSolver:  Solving for omega, Initial residual = 0.00215925, Final residual = 0.000175052, No Iterations 1
smoothSolver:  Solving for k, Initial residual = 0.00707077, Final residual = 0.000619274, No Iterations 1
ExecutionTime = 3.53966 s  ClockTime = 3 s

Time = 77s

smoothSolver:  Solving for Ux, Initial residual = 0.00309197, Final residual = 0.00020296, No Iterations 2
smoothSolver:  Solving for Uy, Initial residual = 0.0361342, Final residual = 0.00245135, No Iterations 2
Pressure gradient source: uncorrected Ubar = 10, pressure gradient = 16.2576
GAMG:  Solving for p, Initial residual = 0.0676891, Final residual = 0.000664579, No Iterations 66
time step continuity errors : sum local = 3.15722e-06, global = -1.29628e-16, cumulative = -4.79179e-15
Pressure gradient source: uncorrected Ubar = 10, pressure gradient = 16.3379
smoothSolver:  Solving for omega, Initial residual = 0.00213089, Final residual = 0.00017332, No Iterations 1
smoothSolver:  Solving for k, Initial residual = 0.00710153, Final residual = 0.000623681, No Iterations 1
ExecutionTime = 3.57975 s  ClockTime = 3 s

Time = 78s

smoothSolver:  Solving for Ux, Initial residual = 0.00300942, Final residual = 0.000197244, No Iterations 2
smoothSolver:  Solving for Uy, Initial residual = 0.0358759, Final residual = 0.00244665, No Iterations 2
Pressure gradient source: uncorrected Ubar = 10, pressure gradient = 16.2672
GAMG:  Solving for p, Initial residual = 0.072555, Final residual = 0.000709372, No Iterations 64
time step continuity errors : sum local = 3.12614e-06, global = 4.78605e-16, cumulative = -4.31318e-15
Pressure gradient source: uncorrected Ubar = 10, pressure gradient = 16.3427
smoothSolver:  Solving for omega, Initial residual = 0.00210113, Final residual = 0.000171476, No Iterations 1
smoothSolver:  Solving for k, Initial residual = 0.0071303, Final residual = 0.000627837, No Iterations 1
ExecutionTime = 3.62232 s  ClockTime = 3 s

Time = 79s

smoothSolver:  Solving for Ux, Initial residual = 0.0029215, Final residual = 0.000191358, No Iterations 2
smoothSolver:  Solving for Uy, Initial residual = 0.0355462, Final residual = 0.00242443, No Iterations 2
Pressure gradient source: uncorrected Ubar = 10, pressure gradient = 16.2833
GAMG:  Solving for p, Initial residual = 0.07929, Final residual = 0.000774812, No Iterations 66
time step continuity errors : sum local = 3.14924e-06, global = 1.36329e-16, cumulative = -4.17685e-15
Pressure gradient source: uncorrected Ubar = 10, pressure gradient = 16.3519
smoothSolver:  Solving for omega, Initial residual = 0.00206957, Final residual = 0.000169494, No Iterations 1
smoothSolver:  Solving for k, Initial residual = 0.00715835, Final residual = 0.000631905, No Iterations 1
ExecutionTime = 3.6625 s  ClockTime = 3 s

Time = 80s

smoothSolver:  Solving for Ux, Initial residual = 0.00282913, Final residual = 0.000185318, No Iterations 2
smoothSolver:  Solving for Uy, Initial residual = 0.0350717, Final residual = 0.00240936, No Iterations 2
Pressure gradient source: uncorrected Ubar = 10, pressure gradient = 16.3049
GAMG:  Solving for p, Initial residual = 0.094077, Final residual = 0.000880643, No Iterations 66
time step continuity errors : sum local = 3.16272e-06, global = 1.39605e-16, cumulative = -4.03725e-15
Pressure gradient source: uncorrected Ubar = 9.99999, pressure gradient = 16.3659
smoothSolver:  Solving for omega, Initial residual = 0.0020392, Final residual = 0.000167581, No Iterations 1
smoothSolver:  Solving for k, Initial residual = 0.00718621, Final residual = 0.00063589, No Iterations 1
ExecutionTime = 3.70349 s  ClockTime = 3 s

Time = 81s

smoothSolver:  Solving for Ux, Initial residual = 0.0027329, Final residual = 0.000179188, No Iterations 2
smoothSolver:  Solving for Uy, Initial residual = 0.0347601, Final residual = 0.00239626, No Iterations 2
Pressure gradient source: uncorrected Ubar = 10, pressure gradient = 16.334
GAMG:  Solving for p, Initial residual = 0.108624, Final residual = 0.00106796, No Iterations 66
time step continuity errors : sum local = 3.1733e-06, global = 4.10362e-16, cumulative = -3.62689e-15
Pressure gradient source: uncorrected Ubar = 9.99999, pressure gradient = 16.3854
smoothSolver:  Solving for omega, Initial residual = 0.00201197, Final residual = 0.000165656, No Iterations 1
smoothSolver:  Solving for k, Initial residual = 0.00721505, Final residual = 0.00063996, No Iterations 1
ExecutionTime = 3.74562 s  ClockTime = 3 s

Time = 82s

smoothSolver:  Solving for Ux, Initial residual = 0.00264745, Final residual = 0.000173531, No Iterations 2
smoothSolver:  Solving for Uy, Initial residual = 0.0344668, Final residual = 0.00238918, No Iterations 2
Pressure gradient source: uncorrected Ubar = 10, pressure gradient = 16.3705
GAMG:  Solving for p, Initial residual = 0.124189, Final residual = 0.00120995, No Iterations 68
time step continuity errors : sum local = 2.76524e-06, global = 2.22466e-16, cumulative = -3.40442e-15
Pressure gradient source: uncorrected Ubar = 9.99999, pressure gradient = 16.411
smoothSolver:  Solving for omega, Initial residual = 0.00198462, Final residual = 0.000163646, No Iterations 1
smoothSolver:  Solving for k, Initial residual = 0.00724515, Final residual = 0.000644137, No Iterations 1
ExecutionTime = 3.7873 s  ClockTime = 4 s

Time = 83s

smoothSolver:  Solving for Ux, Initial residual = 0.00256779, Final residual = 0.000168253, No Iterations 2
smoothSolver:  Solving for Uy, Initial residual = 0.0341446, Final residual = 0.00237758, No Iterations 2
Pressure gradient source: uncorrected Ubar = 10, pressure gradient = 16.4146
GAMG:  Solving for p, Initial residual = 0.134495, Final residual = 0.00130217, No Iterations 70
time step continuity errors : sum local = 2.49894e-06, global = -1.84939e-16, cumulative = -3.58936e-15
Pressure gradient source: uncorrected Ubar = 9.99999, pressure gradient = 16.4429
smoothSolver:  Solving for omega, Initial residual = 0.0019584, Final residual = 0.000161501, No Iterations 1
smoothSolver:  Solving for k, Initial residual = 0.00727597, Final residual = 0.000648371, No Iterations 1
ExecutionTime = 3.83089 s  ClockTime = 4 s

Time = 84s

smoothSolver:  Solving for Ux, Initial residual = 0.00248701, Final residual = 0.000163255, No Iterations 2
smoothSolver:  Solving for Uy, Initial residual = 0.0337545, Final residual = 0.00236431, No Iterations 2
Pressure gradient source: uncorrected Ubar = 9.99999, pressure gradient = 16.4663
GAMG:  Solving for p, Initial residual = 0.101293, Final residual = 0.00100692, No Iterations 70
time step continuity errors : sum local = 2.53972e-06, global = 4.59016e-16, cumulative = -3.13034e-15
Pressure gradient source: uncorrected Ubar = 9.99998, pressure gradient = 16.4814
smoothSolver:  Solving for omega, Initial residual = 0.00193104, Final residual = 0.00015929, No Iterations 1
smoothSolver:  Solving for k, Initial residual = 0.00730557, Final residual = 0.000652481, No Iterations 1
ExecutionTime = 3.87454 s  ClockTime = 4 s

Time = 85s

smoothSolver:  Solving for Ux, Initial residual = 0.00240624, Final residual = 0.000158187, No Iterations 2
smoothSolver:  Solving for Uy, Initial residual = 0.0332909, Final residual = 0.00233968, No Iterations 2
Pressure gradient source: uncorrected Ubar = 9.99998, pressure gradient = 16.525
GAMG:  Solving for p, Initial residual = 0.0832889, Final residual = 0.000781092, No Iterations 72
time step continuity errors : sum local = 2.44187e-06, global = 1.51141e-17, cumulative = -3.11523e-15
Pressure gradient source: uncorrected Ubar = 9.99998, pressure gradient = 16.5263
smoothSolver:  Solving for omega, Initial residual = 0.00190229, Final residual = 0.00015698, No Iterations 1
smoothSolver:  Solving for k, Initial residual = 0.00733323, Final residual = 0.000656366, No Iterations 1
ExecutionTime = 3.92049 s  ClockTime = 4 s

Time = 86s

smoothSolver:  Solving for Ux, Initial residual = 0.00232376, Final residual = 0.000153024, No Iterations 2
smoothSolver:  Solving for Uy, Initial residual = 0.0326637, Final residual = 0.00230363, No Iterations 2
Pressure gradient source: uncorrected Ubar = 9.99997, pressure gradient = 16.5922
GAMG:  Solving for p, Initial residual = 0.0681595, Final residual = 0.00066735, No Iterations 72
time step continuity errors : sum local = 2.52777e-06, global = 2.39347e-16, cumulative = -2.87588e-15
Pressure gradient source: uncorrected Ubar = 9.99998, pressure gradient = 16.5781
smoothSolver:  Solving for omega, Initial residual = 0.00187129, Final residual = 0.000154574, No Iterations 1
smoothSolver:  Solving for k, Initial residual = 0.00735963, Final residual = 0.000660111, No Iterations 1
ExecutionTime = 3.96587 s  ClockTime = 4 s

Time = 87s

smoothSolver:  Solving for Ux, Initial residual = 0.00223859, Final residual = 0.000147797, No Iterations 2
smoothSolver:  Solving for Uy, Initial residual = 0.0321379, Final residual = 0.00226635, No Iterations 2
Pressure gradient source: uncorrected Ubar = 9.99996, pressure gradient = 16.6661
GAMG:  Solving for p, Initial residual = 0.0566067, Final residual = 0.000518295, No Iterations 74
time step continuity errors : sum local = 2.29668e-06, global = -2.59804e-16, cumulative = -3.13569e-15
Pressure gradient source: uncorrected Ubar = 9.99998, pressure gradient = 16.6364
smoothSolver:  Solving for omega, Initial residual = 0.00183839, Final residual = 0.000152217, No Iterations 1
smoothSolver:  Solving for k, Initial residual = 0.00738343, Final residual = 0.000663569, No Iterations 1
ExecutionTime = 4.01186 s  ClockTime = 4 s

Time = 88s

smoothSolver:  Solving for Ux, Initial residual = 0.002155, Final residual = 0.000142546, No Iterations 2
smoothSolver:  Solving for Uy, Initial residual = 0.0315511, Final residual = 0.00223227, No Iterations 2
Pressure gradient source: uncorrected Ubar = 9.99995, pressure gradient = 16.7488
GAMG:  Solving for p, Initial residual = 0.0464873, Final residual = 0.000453095, No Iterations 74
time step continuity errors : sum local = 2.29677e-06, global = 5.88963e-17, cumulative = -3.07679e-15
Pressure gradient source: uncorrected Ubar = 9.99997, pressure gradient = 16.7016
smoothSolver:  Solving for omega, Initial residual = 0.00180355, Final residual = 0.000149667, No Iterations 1
smoothSolver:  Solving for k, Initial residual = 0.00740828, Final residual = 0.000667106, No Iterations 1
ExecutionTime = 4.05792 s  ClockTime = 4 s

Time = 89s

smoothSolver:  Solving for Ux, Initial residual = 0.00207782, Final residual = 0.000137966, No Iterations 2
smoothSolver:  Solving for Uy, Initial residual = 0.0311328, Final residual = 0.00221107, No Iterations 2
Pressure gradient source: uncorrected Ubar = 9.99994, pressure gradient = 16.8385
GAMG:  Solving for p, Initial residual = 0.0394693, Final residual = 0.000385973, No Iterations 74
time step continuity errors : sum local = 2.20518e-06, global = -3.05202e-16, cumulative = -3.38199e-15
Pressure gradient source: uncorrected Ubar = 9.99997, pressure gradient = 16.7734
smoothSolver:  Solving for omega, Initial residual = 0.00176605, Final residual = 0.000146875, No Iterations 1
smoothSolver:  Solving for k, Initial residual = 0.00743329, Final residual = 0.000670646, No Iterations 1
ExecutionTime = 4.10318 s  ClockTime = 4 s

Time = 90s

smoothSolver:  Solving for Ux, Initial residual = 0.00200384, Final residual = 0.000133802, No Iterations 2
smoothSolver:  Solving for Uy, Initial residual = 0.0305918, Final residual = 0.00218873, No Iterations 2
Pressure gradient source: uncorrected Ubar = 9.99993, pressure gradient = 16.9349
GAMG:  Solving for p, Initial residual = 0.0347936, Final residual = 0.000327851, No Iterations 74
time step continuity errors : sum local = 2.0795e-06, global = -1.0092e-16, cumulative = -3.48291e-15
Pressure gradient source: uncorrected Ubar = 9.99997, pressure gradient = 16.8515
smoothSolver:  Solving for omega, Initial residual = 0.00172517, Final residual = 0.000143827, No Iterations 1
smoothSolver:  Solving for k, Initial residual = 0.00745692, Final residual = 0.000674062, No Iterations 1
ExecutionTime = 4.14885 s  ClockTime = 4 s

Time = 91s

smoothSolver:  Solving for Ux, Initial residual = 0.00193142, Final residual = 0.000129776, No Iterations 2
smoothSolver:  Solving for Uy, Initial residual = 0.0301547, Final residual = 0.00217039, No Iterations 2
Pressure gradient source: uncorrected Ubar = 9.99993, pressure gradient = 17.0359
GAMG:  Solving for p, Initial residual = 0.0330344, Final residual = 0.000325372, No Iterations 70
time step continuity errors : sum local = 2.24167e-06, global = -3.22027e-16, cumulative = -3.80494e-15
Pressure gradient source: uncorrected Ubar = 9.99997, pressure gradient = 16.935
smoothSolver:  Solving for omega, Initial residual = 0.00168163, Final residual = 0.000140511, No Iterations 1
smoothSolver:  Solving for k, Initial residual = 0.00747776, Final residual = 0.000677216, No Iterations 1
ExecutionTime = 4.19465 s  ClockTime = 4 s

Time = 92s

smoothSolver:  Solving for Ux, Initial residual = 0.0018635, Final residual = 0.000125928, No Iterations 2
smoothSolver:  Solving for Uy, Initial residual = 0.0295682, Final residual = 0.00213108, No Iterations 2
Pressure gradient source: uncorrected Ubar = 9.99992, pressure gradient = 17.1392
GAMG:  Solving for p, Initial residual = 0.0308102, Final residual = 0.000300943, No Iterations 68
time step continuity errors : sum local = 2.19267e-06, global = 2.13457e-16, cumulative = -3.59148e-15
Pressure gradient source: uncorrected Ubar = 9.99997, pressure gradient = 17.0227
smoothSolver:  Solving for omega, Initial residual = 0.00163652, Final residual = 0.000136939, No Iterations 1
smoothSolver:  Solving for k, Initial residual = 0.00749496, Final residual = 0.000680009, No Iterations 1
ExecutionTime = 4.23783 s  ClockTime = 4 s

Time = 93s

smoothSolver:  Solving for Ux, Initial residual = 0.00179668, Final residual = 0.000122102, No Iterations 2
smoothSolver:  Solving for Uy, Initial residual = 0.028923, Final residual = 0.00208999, No Iterations 2
Pressure gradient source: uncorrected Ubar = 9.99991, pressure gradient = 17.2448
GAMG:  Solving for p, Initial residual = 0.0289577, Final residual = 0.000276965, No Iterations 66
time step continuity errors : sum local = 2.09434e-06, global = -6.88018e-17, cumulative = -3.66028e-15
Pressure gradient source: uncorrected Ubar = 9.99996, pressure gradient = 17.1136
smoothSolver:  Solving for omega, Initial residual = 0.00158774, Final residual = 0.000133132, No Iterations 1
smoothSolver:  Solving for k, Initial residual = 0.00750938, Final residual = 0.000682545, No Iterations 1
ExecutionTime = 4.27972 s  ClockTime = 4 s

Time = 94s

smoothSolver:  Solving for Ux, Initial residual = 0.0017344, Final residual = 0.000118443, No Iterations 2
smoothSolver:  Solving for Uy, Initial residual = 0.0280517, Final residual = 0.00202952, No Iterations 2
Pressure gradient source: uncorrected Ubar = 9.99991, pressure gradient = 17.35
GAMG:  Solving for p, Initial residual = 0.026973, Final residual = 0.00024979, No Iterations 66
time step continuity errors : sum local = 1.92041e-06, global = 3.20938e-16, cumulative = -3.33935e-15
Pressure gradient source: uncorrected Ubar = 9.99996, pressure gradient = 17.2063
smoothSolver:  Solving for omega, Initial residual = 0.00153868, Final residual = 0.000129115, No Iterations 1
smoothSolver:  Solving for k, Initial residual = 0.00751951, Final residual = 0.000684649, No Iterations 1
ExecutionTime = 4.32217 s  ClockTime = 4 s

Time = 95s

smoothSolver:  Solving for Ux, Initial residual = 0.00167987, Final residual = 0.000115907, No Iterations 2
smoothSolver:  Solving for Uy, Initial residual = 0.0271151, Final residual = 0.00197175, No Iterations 2
Pressure gradient source: uncorrected Ubar = 9.9999, pressure gradient = 17.4557
GAMG:  Solving for p, Initial residual = 0.0245624, Final residual = 0.000227204, No Iterations 66
time step continuity errors : sum local = 1.75381e-06, global = -7.3916e-16, cumulative = -4.07851e-15
Pressure gradient source: uncorrected Ubar = 9.99996, pressure gradient = 17.3003
smoothSolver:  Solving for omega, Initial residual = 0.00148742, Final residual = 0.000124903, No Iterations 1
smoothSolver:  Solving for k, Initial residual = 0.00752752, Final residual = 0.000686544, No Iterations 1
ExecutionTime = 4.36554 s  ClockTime = 4 s

Time = 96s

smoothSolver:  Solving for Ux, Initial residual = 0.00163177, Final residual = 0.000113706, No Iterations 2
smoothSolver:  Solving for Uy, Initial residual = 0.0263351, Final residual = 0.00192566, No Iterations 2
Pressure gradient source: uncorrected Ubar = 9.9999, pressure gradient = 17.5597
GAMG:  Solving for p, Initial residual = 0.0223928, Final residual = 0.000211772, No Iterations 66
time step continuity errors : sum local = 1.62919e-06, global = 3.01163e-16, cumulative = -3.77734e-15
Pressure gradient source: uncorrected Ubar = 9.99996, pressure gradient = 17.3946
smoothSolver:  Solving for omega, Initial residual = 0.00143383, Final residual = 0.00012052, No Iterations 1
smoothSolver:  Solving for k, Initial residual = 0.0075331, Final residual = 0.000688199, No Iterations 1
ExecutionTime = 4.40933 s  ClockTime = 4 s

Time = 97s

smoothSolver:  Solving for Ux, Initial residual = 0.00158841, Final residual = 0.000111874, No Iterations 2
smoothSolver:  Solving for Uy, Initial residual = 0.0256864, Final residual = 0.00188776, No Iterations 2
Pressure gradient source: uncorrected Ubar = 9.9999, pressure gradient = 17.6608
GAMG:  Solving for p, Initial residual = 0.0212315, Final residual = 0.000197199, No Iterations 68
time step continuity errors : sum local = 1.49467e-06, global = -1.91798e-17, cumulative = -3.79652e-15
Pressure gradient source: uncorrected Ubar = 9.99996, pressure gradient = 17.4881
smoothSolver:  Solving for omega, Initial residual = 0.0013783, Final residual = 0.000116096, No Iterations 1
smoothSolver:  Solving for k, Initial residual = 0.00753587, Final residual = 0.000689579, No Iterations 1
ExecutionTime = 4.45261 s  ClockTime = 4 s

Time = 98s

smoothSolver:  Solving for Ux, Initial residual = 0.00155498, Final residual = 0.000110515, No Iterations 2
smoothSolver:  Solving for Uy, Initial residual = 0.025114, Final residual = 0.00185147, No Iterations 2
Pressure gradient source: uncorrected Ubar = 9.9999, pressure gradient = 17.7577
GAMG:  Solving for p, Initial residual = 0.0209002, Final residual = 0.000195613, No Iterations 70
time step continuity errors : sum local = 1.43453e-06, global = -3.15469e-16, cumulative = -4.11199e-15
Pressure gradient source: uncorrected Ubar = 9.99997, pressure gradient = 17.5798
smoothSolver:  Solving for omega, Initial residual = 0.00132133, Final residual = 0.000111756, No Iterations 1
smoothSolver:  Solving for k, Initial residual = 0.0075353, Final residual = 0.000690632, No Iterations 1
ExecutionTime = 4.49742 s  ClockTime = 4 s

Time = 99s

smoothSolver:  Solving for Ux, Initial residual = 0.00154038, Final residual = 0.00010994, No Iterations 2
smoothSolver:  Solving for Uy, Initial residual = 0.024646, Final residual = 0.00181981, No Iterations 2
Pressure gradient source: uncorrected Ubar = 9.9999, pressure gradient = 17.848
GAMG:  Solving for p, Initial residual = 0.0226984, Final residual = 0.000223485, No Iterations 70
time step continuity errors : sum local = 1.55188e-06, global = 3.92094e-16, cumulative = -3.7199e-15
Pressure gradient source: uncorrected Ubar = 9.99997, pressure gradient = 17.6682
smoothSolver:  Solving for omega, Initial residual = 0.00126329, Final residual = 0.00010736, No Iterations 1
smoothSolver:  Solving for k, Initial residual = 0.00752905, Final residual = 0.000691115, No Iterations 1
ExecutionTime = 4.54101 s  ClockTime = 4 s

Time = 100s

smoothSolver:  Solving for Ux, Initial residual = 0.00153115, Final residual = 0.000111212, No Iterations 2
smoothSolver:  Solving for Uy, Initial residual = 0.0239462, Final residual = 0.0017686, No Iterations 2
Pressure gradient source: uncorrected Ubar = 9.9999, pressure gradient = 17.9337
GAMG:  Solving for p, Initial residual = 0.0233217, Final residual = 0.000217239, No Iterations 72
time step continuity errors : sum local = 1.39749e-06, global = -4.87634e-16, cumulative = -4.20753e-15
Pressure gradient source: uncorrected Ubar = 9.99997, pressure gradient = 17.7532
smoothSolver:  Solving for omega, Initial residual = 0.00120489, Final residual = 0.000102923, No Iterations 1
smoothSolver:  Solving for k, Initial residual = 0.00751854, Final residual = 0.000691186, No Iterations 1
ExecutionTime = 4.60854 s  ClockTime = 4 s

yPlus yPlus write:
    writing object yPlus
    patch bottomWall y+ : min = 10.7633, max = 10.7741, average = 10.77
    patch topWall y+ : min = 10.7398, max = 10.7511, average = 10.7467

wallShearStress wallShearStress write:
    writing object wallShearStress
    min/max(bottomWall) = (-0.265819 -1.51748e-06 0), (-0.26542 6.05673e-07 0)
    min/max(topWall) = (-0.265049 -6.84066e-07 0), (-0.264641 1.72384e-06 0)

Time = 101s

smoothSolver:  Solving for Ux, Initial residual = 0.00154414, Final residual = 0.000112934, No Iterations 2
smoothSolver:  Solving for Uy, Initial residual = 0.0233084, Final residual = 0.00172617, No Iterations 2
Pressure gradient source: uncorrected Ubar = 9.9999, pressure gradient = 18.0124
GAMG:  Solving for p, Initial residual = 0.0258223, Final residual = 0.000236832, No Iterations 72
time step continuity errors : sum local = 1.39917e-06, global = -5.3887e-16, cumulative = -4.7464e-15
Pressure gradient source: uncorrected Ubar = 9.99997, pressure gradient = 17.8337
smoothSolver:  Solving for omega, Initial residual = 0.00114681, Final residual = 9.84926e-05, No Iterations 1
smoothSolver:  Solving for k, Initial residual = 0.00750237, Final residual = 0.000690699, No Iterations 1
ExecutionTime = 4.65392 s  ClockTime = 4 s

Time = 102s

smoothSolver:  Solving for Ux, Initial residual = 0.00156345, Final residual = 0.000114658, No Iterations 2
smoothSolver:  Solving for Uy, Initial residual = 0.0226169, Final residual = 0.00167927, No Iterations 2
Pressure gradient source: uncorrected Ubar = 9.99991, pressure gradient = 18.0852
GAMG:  Solving for p, Initial residual = 0.0268443, Final residual = 0.000250453, No Iterations 72
time step continuity errors : sum local = 1.33669e-06, global = 1.60988e-16, cumulative = -4.58541e-15
Pressure gradient source: uncorrected Ubar = 9.99997, pressure gradient = 17.9095
smoothSolver:  Solving for omega, Initial residual = 0.00108932, Final residual = 9.41114e-05, No Iterations 1
smoothSolver:  Solving for k, Initial residual = 0.00748072, Final residual = 0.000689687, No Iterations 1
ExecutionTime = 4.69914 s  ClockTime = 4 s

Time = 103s

smoothSolver:  Solving for Ux, Initial residual = 0.0015884, Final residual = 0.000116378, No Iterations 2
smoothSolver:  Solving for Uy, Initial residual = 0.0220968, Final residual = 0.00164706, No Iterations 2
Pressure gradient source: uncorrected Ubar = 9.99991, pressure gradient = 18.1528
GAMG:  Solving for p, Initial residual = 0.0268856, Final residual = 0.000264699, No Iterations 73
time step continuity errors : sum local = 1.27134e-06, global = -3.42636e-16, cumulative = -4.92805e-15
Pressure gradient source: uncorrected Ubar = 9.99997, pressure gradient = 17.9808
smoothSolver:  Solving for omega, Initial residual = 0.00103496, Final residual = 8.98058e-05, No Iterations 1
smoothSolver:  Solving for k, Initial residual = 0.00745476, Final residual = 0.000688267, No Iterations 1
ExecutionTime = 4.74342 s  ClockTime = 5 s

Time = 104s

smoothSolver:  Solving for Ux, Initial residual = 0.00161591, Final residual = 0.000118095, No Iterations 2
smoothSolver:  Solving for Uy, Initial residual = 0.021781, Final residual = 0.00162772, No Iterations 2
Pressure gradient source: uncorrected Ubar = 9.99992, pressure gradient = 18.2149
GAMG:  Solving for p, Initial residual = 0.0272509, Final residual = 0.000265739, No Iterations 74
time step continuity errors : sum local = 1.14681e-06, global = -9.26817e-18, cumulative = -4.93732e-15
Pressure gradient source: uncorrected Ubar = 9.99998, pressure gradient = 18.0475
smoothSolver:  Solving for omega, Initial residual = 0.000983672, Final residual = 8.56154e-05, No Iterations 1
smoothSolver:  Solving for k, Initial residual = 0.00742441, Final residual = 0.00068643, No Iterations 1
ExecutionTime = 4.79027 s  ClockTime = 5 s

Time = 105s

smoothSolver:  Solving for Ux, Initial residual = 0.00164254, Final residual = 0.000120115, No Iterations 2
smoothSolver:  Solving for Uy, Initial residual = 0.0214827, Final residual = 0.00161032, No Iterations 2
Pressure gradient source: uncorrected Ubar = 9.99992, pressure gradient = 18.2716
GAMG:  Solving for p, Initial residual = 0.0284289, Final residual = 0.000269214, No Iterations 76
time step continuity errors : sum local = 1.03227e-06, global = 1.50913e-16, cumulative = -4.7864e-15
Pressure gradient source: uncorrected Ubar = 9.99998, pressure gradient = 18.1095
smoothSolver:  Solving for omega, Initial residual = 0.000935449, Final residual = 8.15517e-05, No Iterations 1
smoothSolver:  Solving for k, Initial residual = 0.00738907, Final residual = 0.00068412, No Iterations 1
ExecutionTime = 4.8453 s  ClockTime = 5 s

Time = 106s

smoothSolver:  Solving for Ux, Initial residual = 0.00166834, Final residual = 0.000122571, No Iterations 2
smoothSolver:  Solving for Uy, Initial residual = 0.0211961, Final residual = 0.00159249, No Iterations 2
Pressure gradient source: uncorrected Ubar = 9.99992, pressure gradient = 18.3234
GAMG:  Solving for p, Initial residual = 0.0302535, Final residual = 0.00030223, No Iterations 76
time step continuity errors : sum local = 1.01294e-06, global = -6.88767e-16, cumulative = -5.47517e-15
Pressure gradient source: uncorrected Ubar = 9.99998, pressure gradient = 18.1671
smoothSolver:  Solving for omega, Initial residual = 0.000889058, Final residual = 7.76418e-05, No Iterations 1
smoothSolver:  Solving for k, Initial residual = 0.00734912, Final residual = 0.000681366, No Iterations 1
ExecutionTime = 4.89144 s  ClockTime = 5 s

Time = 107s

smoothSolver:  Solving for Ux, Initial residual = 0.00169336, Final residual = 0.00012499, No Iterations 2
smoothSolver:  Solving for Uy, Initial residual = 0.0208469, Final residual = 0.00156862, No Iterations 2
Pressure gradient source: uncorrected Ubar = 9.99993, pressure gradient = 18.3706
GAMG:  Solving for p, Initial residual = 0.0328812, Final residual = 0.000309018, No Iterations 78
time step continuity errors : sum local = 8.89143e-07, global = -2.05368e-16, cumulative = -5.68054e-15
Pressure gradient source: uncorrected Ubar = 9.99998, pressure gradient = 18.2205
smoothSolver:  Solving for omega, Initial residual = 0.000844618, Final residual = 7.4138e-05, No Iterations 1
smoothSolver:  Solving for k, Initial residual = 0.00730453, Final residual = 0.000678163, No Iterations 1
ExecutionTime = 4.93896 s  ClockTime = 5 s

Time = 108s

smoothSolver:  Solving for Ux, Initial residual = 0.0017203, Final residual = 0.000127374, No Iterations 2
smoothSolver:  Solving for Uy, Initial residual = 0.0204746, Final residual = 0.00154369, No Iterations 2
Pressure gradient source: uncorrected Ubar = 9.99993, pressure gradient = 18.4135
GAMG:  Solving for p, Initial residual = 0.0364922, Final residual = 0.000352021, No Iterations 78
time step continuity errors : sum local = 8.55472e-07, global = 5.13927e-16, cumulative = -5.16661e-15
Pressure gradient source: uncorrected Ubar = 9.99998, pressure gradient = 18.2697
smoothSolver:  Solving for omega, Initial residual = 0.000802193, Final residual = 7.08673e-05, No Iterations 1
smoothSolver:  Solving for k, Initial residual = 0.00725544, Final residual = 0.000674523, No Iterations 1
ExecutionTime = 4.98572 s  ClockTime = 5 s

Time = 109s

smoothSolver:  Solving for Ux, Initial residual = 0.00175196, Final residual = 0.000129721, No Iterations 2
smoothSolver:  Solving for Uy, Initial residual = 0.0201512, Final residual = 0.00152195, No Iterations 2
Pressure gradient source: uncorrected Ubar = 9.99994, pressure gradient = 18.4526
GAMG:  Solving for p, Initial residual = 0.0416873, Final residual = 0.000408226, No Iterations 78
time step continuity errors : sum local = 8.26233e-07, global = 2.47088e-16, cumulative = -4.91952e-15
Pressure gradient source: uncorrected Ubar = 9.99998, pressure gradient = 18.3151
smoothSolver:  Solving for omega, Initial residual = 0.000761816, Final residual = 6.77378e-05, No Iterations 1
smoothSolver:  Solving for k, Initial residual = 0.00720206, Final residual = 0.000670459, No Iterations 1
ExecutionTime = 5.03283 s  ClockTime = 5 s

Time = 110s

smoothSolver:  Solving for Ux, Initial residual = 0.00178351, Final residual = 0.000132035, No Iterations 2
smoothSolver:  Solving for Uy, Initial residual = 0.0198375, Final residual = 0.0015017, No Iterations 2
Pressure gradient source: uncorrected Ubar = 9.99994, pressure gradient = 18.4882
GAMG:  Solving for p, Initial residual = 0.0501519, Final residual = 0.000486325, No Iterations 78
time step continuity errors : sum local = 8.0668e-07, global = 3.58451e-17, cumulative = -4.88368e-15
Pressure gradient source: uncorrected Ubar = 9.99999, pressure gradient = 18.357
smoothSolver:  Solving for omega, Initial residual = 0.000725288, Final residual = 6.4757e-05, No Iterations 1
smoothSolver:  Solving for k, Initial residual = 0.00714445, Final residual = 0.000665975, No Iterations 1
ExecutionTime = 5.07885 s  ClockTime = 5 s

Time = 111s

smoothSolver:  Solving for Ux, Initial residual = 0.00181405, Final residual = 0.000134798, No Iterations 2
smoothSolver:  Solving for Uy, Initial residual = 0.0195117, Final residual = 0.00148001, No Iterations 2
Pressure gradient source: uncorrected Ubar = 9.99994, pressure gradient = 18.5206
GAMG:  Solving for p, Initial residual = 0.063533, Final residual = 0.000635273, No Iterations 77
time step continuity errors : sum local = 8.41075e-07, global = 8.99219e-17, cumulative = -4.79376e-15
Pressure gradient source: uncorrected Ubar = 9.99999, pressure gradient = 18.3955
smoothSolver:  Solving for omega, Initial residual = 0.000692197, Final residual = 6.19235e-05, No Iterations 1
smoothSolver:  Solving for k, Initial residual = 0.00708303, Final residual = 0.000661104, No Iterations 1
ExecutionTime = 5.12433 s  ClockTime = 5 s

Time = 112s

smoothSolver:  Solving for Ux, Initial residual = 0.00184367, Final residual = 0.000137606, No Iterations 2
smoothSolver:  Solving for Uy, Initial residual = 0.0193121, Final residual = 0.00146665, No Iterations 2
Pressure gradient source: uncorrected Ubar = 9.99995, pressure gradient = 18.5498
GAMG:  Solving for p, Initial residual = 0.0747023, Final residual = 0.000733548, No Iterations 76
time step continuity errors : sum local = 8.56932e-07, global = -2.72728e-16, cumulative = -5.06649e-15
Pressure gradient source: uncorrected Ubar = 9.99999, pressure gradient = 18.4309
smoothSolver:  Solving for omega, Initial residual = 0.000663709, Final residual = 5.94168e-05, No Iterations 1
smoothSolver:  Solving for k, Initial residual = 0.00701782, Final residual = 0.000655841, No Iterations 1
ExecutionTime = 5.17007 s  ClockTime = 5 s

Time = 113s

smoothSolver:  Solving for Ux, Initial residual = 0.00187236, Final residual = 0.000140342, No Iterations 2
smoothSolver:  Solving for Uy, Initial residual = 0.0191514, Final residual = 0.00145236, No Iterations 2
Pressure gradient source: uncorrected Ubar = 9.99995, pressure gradient = 18.5767
GAMG:  Solving for p, Initial residual = 0.0640052, Final residual = 0.000633698, No Iterations 74
time step continuity errors : sum local = 9.21791e-07, global = -1.79618e-16, cumulative = -5.2461e-15
Pressure gradient source: uncorrected Ubar = 9.99999, pressure gradient = 18.4635
smoothSolver:  Solving for omega, Initial residual = 0.000638932, Final residual = 5.7341e-05, No Iterations 1
smoothSolver:  Solving for k, Initial residual = 0.00694937, Final residual = 0.000650242, No Iterations 1
ExecutionTime = 5.21433 s  ClockTime = 5 s

Time = 114s

smoothSolver:  Solving for Ux, Initial residual = 0.00190165, Final residual = 0.000143006, No Iterations 2
smoothSolver:  Solving for Uy, Initial residual = 0.0188046, Final residual = 0.00143158, No Iterations 2
Pressure gradient source: uncorrected Ubar = 9.99995, pressure gradient = 18.6015
GAMG:  Solving for p, Initial residual = 0.0553123, Final residual = 0.000525885, No Iterations 74
time step continuity errors : sum local = 8.97411e-07, global = 4.28106e-16, cumulative = -4.818e-15
Pressure gradient source: uncorrected Ubar = 9.99999, pressure gradient = 18.4937
smoothSolver:  Solving for omega, Initial residual = 0.000618837, Final residual = 5.5787e-05, No Iterations 1
smoothSolver:  Solving for k, Initial residual = 0.00687749, Final residual = 0.000644285, No Iterations 1
ExecutionTime = 5.25985 s  ClockTime = 5 s

Time = 115s

smoothSolver:  Solving for Ux, Initial residual = 0.00193459, Final residual = 0.000145598, No Iterations 2
smoothSolver:  Solving for Uy, Initial residual = 0.0185349, Final residual = 0.00141376, No Iterations 2
Pressure gradient source: uncorrected Ubar = 9.99996, pressure gradient = 18.6244
GAMG:  Solving for p, Initial residual = 0.0467184, Final residual = 0.000464335, No Iterations 74
time step continuity errors : sum local = 8.85101e-07, global = 4.26116e-16, cumulative = -4.39188e-15
Pressure gradient source: uncorrected Ubar = 9.99999, pressure gradient = 18.5216
smoothSolver:  Solving for omega, Initial residual = 0.00060512, Final residual = 5.47825e-05, No Iterations 1
smoothSolver:  Solving for k, Initial residual = 0.00680247, Final residual = 0.000638001, No Iterations 1
ExecutionTime = 5.30513 s  ClockTime = 5 s

Time = 116s

smoothSolver:  Solving for Ux, Initial residual = 0.00196737, Final residual = 0.000148114, No Iterations 2
smoothSolver:  Solving for Uy, Initial residual = 0.01836, Final residual = 0.00140245, No Iterations 2
Pressure gradient source: uncorrected Ubar = 9.99996, pressure gradient = 18.6455
GAMG:  Solving for p, Initial residual = 0.0405539, Final residual = 0.000390941, No Iterations 76
time step continuity errors : sum local = 8.08768e-07, global = 2.95019e-17, cumulative = -4.36238e-15
Pressure gradient source: uncorrected Ubar = 9.99999, pressure gradient = 18.5476
smoothSolver:  Solving for omega, Initial residual = 0.000597568, Final residual = 5.42423e-05, No Iterations 1
smoothSolver:  Solving for k, Initial residual = 0.00672428, Final residual = 0.000631391, No Iterations 1
ExecutionTime = 5.35027 s  ClockTime = 5 s

Time = 117s

smoothSolver:  Solving for Ux, Initial residual = 0.001999, Final residual = 0.000150638, No Iterations 2
smoothSolver:  Solving for Uy, Initial residual = 0.0182788, Final residual = 0.00139891, No Iterations 2
Pressure gradient source: uncorrected Ubar = 9.99996, pressure gradient = 18.6648
GAMG:  Solving for p, Initial residual = 0.0362322, Final residual = 0.000355986, No Iterations 76
time step continuity errors : sum local = 7.86951e-07, global = -3.47169e-16, cumulative = -4.70955e-15
Pressure gradient source: uncorrected Ubar = 9.99999, pressure gradient = 18.5716
smoothSolver:  Solving for omega, Initial residual = 0.000592969, Final residual = 5.39432e-05, No Iterations 1
smoothSolver:  Solving for k, Initial residual = 0.00664348, Final residual = 0.000624501, No Iterations 1
ExecutionTime = 5.39519 s  ClockTime = 5 s

Time = 118s

smoothSolver:  Solving for Ux, Initial residual = 0.00202949, Final residual = 0.000153396, No Iterations 2
smoothSolver:  Solving for Uy, Initial residual = 0.0181858, Final residual = 0.00139167, No Iterations 2
Pressure gradient source: uncorrected Ubar = 9.99996, pressure gradient = 18.6825
GAMG:  Solving for p, Initial residual = 0.0322195, Final residual = 0.000317207, No Iterations 76
time step continuity errors : sum local = 7.49862e-07, global = 1.00831e-16, cumulative = -4.60872e-15
Pressure gradient source: uncorrected Ubar = 9.99999, pressure gradient = 18.5938
smoothSolver:  Solving for omega, Initial residual = 0.000591611, Final residual = 5.39524e-05, No Iterations 1
smoothSolver:  Solving for k, Initial residual = 0.00656059, Final residual = 0.000617379, No Iterations 1
ExecutionTime = 5.44001 s  ClockTime = 5 s

Time = 119s

smoothSolver:  Solving for Ux, Initial residual = 0.00205883, Final residual = 0.000156084, No Iterations 2
smoothSolver:  Solving for Uy, Initial residual = 0.0178783, Final residual = 0.00137013, No Iterations 2
Pressure gradient source: uncorrected Ubar = 9.99997, pressure gradient = 18.6988
GAMG:  Solving for p, Initial residual = 0.0282451, Final residual = 0.000279875, No Iterations 76
time step continuity errors : sum local = 7.05231e-07, global = -3.26267e-16, cumulative = -4.93498e-15
Pressure gradient source: uncorrected Ubar = 9.99999, pressure gradient = 18.6144
smoothSolver:  Solving for omega, Initial residual = 0.000594358, Final residual = 5.42506e-05, No Iterations 1
smoothSolver:  Solving for k, Initial residual = 0.00647591, Final residual = 0.000610047, No Iterations 1
ExecutionTime = 5.48494 s  ClockTime = 5 s

Time = 120s

smoothSolver:  Solving for Ux, Initial residual = 0.00208703, Final residual = 0.000158673, No Iterations 2
smoothSolver:  Solving for Uy, Initial residual = 0.0174836, Final residual = 0.00134316, No Iterations 2
Pressure gradient source: uncorrected Ubar = 9.99997, pressure gradient = 18.7137
GAMG:  Solving for p, Initial residual = 0.0245799, Final residual = 0.000234804, No Iterations 78
time step continuity errors : sum local = 6.25022e-07, global = 1.91711e-16, cumulative = -4.74327e-15
Pressure gradient source: uncorrected Ubar = 9.99999, pressure gradient = 18.6335
smoothSolver:  Solving for omega, Initial residual = 0.000598282, Final residual = 5.46471e-05, No Iterations 1
smoothSolver:  Solving for k, Initial residual = 0.0063896, Final residual = 0.000602518, No Iterations 1
ExecutionTime = 5.52993 s  ClockTime = 5 s

Time = 121s

smoothSolver:  Solving for Ux, Initial residual = 0.00211412, Final residual = 0.000161161, No Iterations 2
smoothSolver:  Solving for Uy, Initial residual = 0.0171255, Final residual = 0.00131869, No Iterations 2
Pressure gradient source: uncorrected Ubar = 9.99997, pressure gradient = 18.7273
GAMG:  Solving for p, Initial residual = 0.0216531, Final residual = 0.00020977, No Iterations 79
time step continuity errors : sum local = 5.82725e-07, global = -6.21987e-16, cumulative = -5.36526e-15
Pressure gradient source: uncorrected Ubar = 9.99999, pressure gradient = 18.6512
smoothSolver:  Solving for omega, Initial residual = 0.000602893, Final residual = 5.52124e-05, No Iterations 1
smoothSolver:  Solving for k, Initial residual = 0.0063018, Final residual = 0.000594802, No Iterations 1
ExecutionTime = 5.57532 s  ClockTime = 5 s

Time = 122s

smoothSolver:  Solving for Ux, Initial residual = 0.00214032, Final residual = 0.000163552, No Iterations 2
smoothSolver:  Solving for Uy, Initial residual = 0.0168868, Final residual = 0.00130314, No Iterations 2
Pressure gradient source: uncorrected Ubar = 9.99997, pressure gradient = 18.7398
GAMG:  Solving for p, Initial residual = 0.0192595, Final residual = 0.000186029, No Iterations 80
time step continuity errors : sum local = 5.3455e-07, global = -2.73034e-16, cumulative = -5.63829e-15
Pressure gradient source: uncorrected Ubar = 9.99999, pressure gradient = 18.6675
smoothSolver:  Solving for omega, Initial residual = 0.000608906, Final residual = 5.59033e-05, No Iterations 1
smoothSolver:  Solving for k, Initial residual = 0.00621263, Final residual = 0.00058691, No Iterations 1
ExecutionTime = 5.62201 s  ClockTime = 5 s

Time = 123s

smoothSolver:  Solving for Ux, Initial residual = 0.00216808, Final residual = 0.000165846, No Iterations 2
smoothSolver:  Solving for Uy, Initial residual = 0.0167436, Final residual = 0.00129287, No Iterations 2
Pressure gradient source: uncorrected Ubar = 9.99997, pressure gradient = 18.751
GAMG:  Solving for p, Initial residual = 0.0172386, Final residual = 0.000169281, No Iterations 80
time step continuity errors : sum local = 5.01515e-07, global = -5.03684e-16, cumulative = -6.14198e-15
Pressure gradient source: uncorrected Ubar = 10, pressure gradient = 18.6825
smoothSolver:  Solving for omega, Initial residual = 0.000615214, Final residual = 5.66257e-05, No Iterations 1
smoothSolver:  Solving for k, Initial residual = 0.0061222, Final residual = 0.000578852, No Iterations 1
ExecutionTime = 5.66807 s  ClockTime = 5 s

Time = 124s

smoothSolver:  Solving for Ux, Initial residual = 0.00219588, Final residual = 0.000168044, No Iterations 2
smoothSolver:  Solving for Uy, Initial residual = 0.0165727, Final residual = 0.00128102, No Iterations 2
Pressure gradient source: uncorrected Ubar = 9.99998, pressure gradient = 18.7612
GAMG:  Solving for p, Initial residual = 0.0157889, Final residual = 0.000156557, No Iterations 80
time step continuity errors : sum local = 4.77798e-07, global = 3.29603e-16, cumulative = -5.81238e-15
Pressure gradient source: uncorrected Ubar = 10, pressure gradient = 18.6963
smoothSolver:  Solving for omega, Initial residual = 0.000621727, Final residual = 5.73624e-05, No Iterations 1
smoothSolver:  Solving for k, Initial residual = 0.00603062, Final residual = 0.000570638, No Iterations 1
ExecutionTime = 5.71391 s  ClockTime = 5 s

Time = 125s

smoothSolver:  Solving for Ux, Initial residual = 0.00222235, Final residual = 0.000170145, No Iterations 2
smoothSolver:  Solving for Uy, Initial residual = 0.0163146, Final residual = 0.00126347, No Iterations 2
Pressure gradient source: uncorrected Ubar = 9.99998, pressure gradient = 18.7704
GAMG:  Solving for p, Initial residual = 0.0146701, Final residual = 0.000143669, No Iterations 80
time step continuity errors : sum local = 4.51596e-07, global = -5.14296e-17, cumulative = -5.86381e-15
Pressure gradient source: uncorrected Ubar = 10, pressure gradient = 18.709
smoothSolver:  Solving for omega, Initial residual = 0.000628392, Final residual = 5.81153e-05, No Iterations 1
smoothSolver:  Solving for k, Initial residual = 0.00593798, Final residual = 0.00056228, No Iterations 1
ExecutionTime = 5.75979 s  ClockTime = 6 s

Time = 126s

smoothSolver:  Solving for Ux, Initial residual = 0.0022475, Final residual = 0.000172151, No Iterations 2
smoothSolver:  Solving for Uy, Initial residual = 0.016031, Final residual = 0.00124224, No Iterations 2
Pressure gradient source: uncorrected Ubar = 9.99998, pressure gradient = 18.7786
GAMG:  Solving for p, Initial residual = 0.0137608, Final residual = 0.000129716, No Iterations 80
time step continuity errors : sum local = 4.19312e-07, global = 4.45377e-16, cumulative = -5.41843e-15
Pressure gradient source: uncorrected Ubar = 10, pressure gradient = 18.7206
smoothSolver:  Solving for omega, Initial residual = 0.000635212, Final residual = 5.89111e-05, No Iterations 1
smoothSolver:  Solving for k, Initial residual = 0.00584438, Final residual = 0.000553788, No Iterations 1
ExecutionTime = 5.82108 s  ClockTime = 6 s

Time = 127s

smoothSolver:  Solving for Ux, Initial residual = 0.00227136, Final residual = 0.000174063, No Iterations 2
smoothSolver:  Solving for Uy, Initial residual = 0.0157636, Final residual = 0.00122388, No Iterations 2
Pressure gradient source: uncorrected Ubar = 9.99998, pressure gradient = 18.7859
GAMG:  Solving for p, Initial residual = 0.0128223, Final residual = 0.000120376, No Iterations 80
time step continuity errors : sum local = 3.98837e-07, global = 1.03162e-16, cumulative = -5.31527e-15
Pressure gradient source: uncorrected Ubar = 10, pressure gradient = 18.7311
smoothSolver:  Solving for omega, Initial residual = 0.000642677, Final residual = 5.97922e-05, No Iterations 1
smoothSolver:  Solving for k, Initial residual = 0.00574993, Final residual = 0.000545173, No Iterations 1
ExecutionTime = 5.88345 s  ClockTime = 6 s

Time = 128s

smoothSolver:  Solving for Ux, Initial residual = 0.00229394, Final residual = 0.000175882, No Iterations 2
smoothSolver:  Solving for Uy, Initial residual = 0.0155527, Final residual = 0.0012096, No Iterations 2
Pressure gradient source: uncorrected Ubar = 9.99998, pressure gradient = 18.7923
GAMG:  Solving for p, Initial residual = 0.0121239, Final residual = 0.00011118, No Iterations 80
time step continuity errors : sum local = 3.76393e-07, global = -2.64694e-16, cumulative = -5.57996e-15
Pressure gradient source: uncorrected Ubar = 10, pressure gradient = 18.7407
smoothSolver:  Solving for omega, Initial residual = 0.000650138, Final residual = 6.06706e-05, No Iterations 1
smoothSolver:  Solving for k, Initial residual = 0.00565471, Final residual = 0.000536446, No Iterations 1
ExecutionTime = 5.93969 s  ClockTime = 6 s

Time = 129s

smoothSolver:  Solving for Ux, Initial residual = 0.00231529, Final residual = 0.000177625, No Iterations 2
smoothSolver:  Solving for Uy, Initial residual = 0.0153918, Final residual = 0.00119709, No Iterations 2
Pressure gradient source: uncorrected Ubar = 9.99998, pressure gradient = 18.7979
GAMG:  Solving for p, Initial residual = 0.0115199, Final residual = 0.000109148, No Iterations 76
time step continuity errors : sum local = 3.76955e-07, global = 3.00508e-16, cumulative = -5.27945e-15
Pressure gradient source: uncorrected Ubar = 10, pressure gradient = 18.7494
smoothSolver:  Solving for omega, Initial residual = 0.000657529, Final residual = 6.15398e-05, No Iterations 1
smoothSolver:  Solving for k, Initial residual = 0.00555884, Final residual = 0.000527619, No Iterations 1
ExecutionTime = 5.98277 s  ClockTime = 6 s

Time = 130s

smoothSolver:  Solving for Ux, Initial residual = 0.00233542, Final residual = 0.000179343, No Iterations 2
smoothSolver:  Solving for Uy, Initial residual = 0.0152097, Final residual = 0.00118419, No Iterations 2
Pressure gradient source: uncorrected Ubar = 9.99998, pressure gradient = 18.8027
GAMG:  Solving for p, Initial residual = 0.0109604, Final residual = 0.000101999, No Iterations 76
time step continuity errors : sum local = 3.59653e-07, global = 1.26554e-16, cumulative = -5.1529e-15
Pressure gradient source: uncorrected Ubar = 10, pressure gradient = 18.7572
smoothSolver:  Solving for omega, Initial residual = 0.00066482, Final residual = 6.23965e-05, No Iterations 1
smoothSolver:  Solving for k, Initial residual = 0.00546239, Final residual = 0.000518704, No Iterations 1
ExecutionTime = 6.02731 s  ClockTime = 6 s

Time = 131s

smoothSolver:  Solving for Ux, Initial residual = 0.00235437, Final residual = 0.000180974, No Iterations 2
smoothSolver:  Solving for Uy, Initial residual = 0.0150079, Final residual = 0.00116969, No Iterations 2
Pressure gradient source: uncorrected Ubar = 9.99999, pressure gradient = 18.8068
GAMG:  Solving for p, Initial residual = 0.010595, Final residual = 0.000102928, No Iterations 74
time step continuity errors : sum local = 3.69282e-07, global = 5.15103e-18, cumulative = -5.14775e-15
Pressure gradient source: uncorrected Ubar = 10, pressure gradient = 18.7642
smoothSolver:  Solving for omega, Initial residual = 0.000671987, Final residual = 6.32385e-05, No Iterations 1
smoothSolver:  Solving for k, Initial residual = 0.00536549, Final residual = 0.00050971, No Iterations 1
ExecutionTime = 6.07009 s  ClockTime = 6 s

Time = 132s

smoothSolver:  Solving for Ux, Initial residual = 0.00237215, Final residual = 0.000182518, No Iterations 2
smoothSolver:  Solving for Uy, Initial residual = 0.0148579, Final residual = 0.00115397, No Iterations 2
Pressure gradient source: uncorrected Ubar = 9.99999, pressure gradient = 18.8102
GAMG:  Solving for p, Initial residual = 0.0115657, Final residual = 0.000107336, No Iterations 72
time step continuity errors : sum local = 3.8977e-07, global = 4.18672e-16, cumulative = -4.72908e-15
Pressure gradient source: uncorrected Ubar = 10, pressure gradient = 18.7703
smoothSolver:  Solving for omega, Initial residual = 0.000679174, Final residual = 6.40661e-05, No Iterations 1
smoothSolver:  Solving for k, Initial residual = 0.0052682, Final residual = 0.000500647, No Iterations 1
ExecutionTime = 6.11163 s  ClockTime = 6 s

Time = 133s

smoothSolver:  Solving for Ux, Initial residual = 0.00238882, Final residual = 0.000184005, No Iterations 2
smoothSolver:  Solving for Uy, Initial residual = 0.0147299, Final residual = 0.00114304, No Iterations 2
Pressure gradient source: uncorrected Ubar = 9.99999, pressure gradient = 18.8129
GAMG:  Solving for p, Initial residual = 0.013464, Final residual = 0.00012733, No Iterations 68
time step continuity errors : sum local = 4.67303e-07, global = 4.60864e-16, cumulative = -4.26821e-15
Pressure gradient source: uncorrected Ubar = 10, pressure gradient = 18.7758
smoothSolver:  Solving for omega, Initial residual = 0.000686715, Final residual = 6.48754e-05, No Iterations 1
smoothSolver:  Solving for k, Initial residual = 0.00517053, Final residual = 0.000491515, No Iterations 1
ExecutionTime = 6.14982 s  ClockTime = 6 s

Time = 134s

smoothSolver:  Solving for Ux, Initial residual = 0.00240447, Final residual = 0.00018542, No Iterations 2
smoothSolver:  Solving for Uy, Initial residual = 0.0146461, Final residual = 0.00113827, No Iterations 2
Pressure gradient source: uncorrected Ubar = 9.99999, pressure gradient = 18.8152
GAMG:  Solving for p, Initial residual = 0.014544, Final residual = 0.000141405, No Iterations 64
time step continuity errors : sum local = 5.25119e-07, global = -9.59375e-17, cumulative = -4.36415e-15
Pressure gradient source: uncorrected Ubar = 10, pressure gradient = 18.7806
smoothSolver:  Solving for omega, Initial residual = 0.000694188, Final residual = 6.5665e-05, No Iterations 1
smoothSolver:  Solving for k, Initial residual = 0.00507224, Final residual = 0.000482288, No Iterations 1
ExecutionTime = 6.18831 s  ClockTime = 6 s

Time = 135s

smoothSolver:  Solving for Ux, Initial residual = 0.00241912, Final residual = 0.000186751, No Iterations 2
smoothSolver:  Solving for Uy, Initial residual = 0.0144431, Final residual = 0.00112463, No Iterations 2
Pressure gradient source: uncorrected Ubar = 9.99999, pressure gradient = 18.8169
GAMG:  Solving for p, Initial residual = 0.0143042, Final residual = 0.000138495, No Iterations 64
time step continuity errors : sum local = 5.2043e-07, global = -1.49442e-16, cumulative = -4.51359e-15
Pressure gradient source: uncorrected Ubar = 10, pressure gradient = 18.7847
smoothSolver:  Solving for omega, Initial residual = 0.00070154, Final residual = 6.64465e-05, No Iterations 1
smoothSolver:  Solving for k, Initial residual = 0.00497354, Final residual = 0.00047299, No Iterations 1
ExecutionTime = 6.22594 s  ClockTime = 6 s

Time = 136s

smoothSolver:  Solving for Ux, Initial residual = 0.00243276, Final residual = 0.000187998, No Iterations 2
smoothSolver:  Solving for Uy, Initial residual = 0.0141316, Final residual = 0.00110076, No Iterations 2
Pressure gradient source: uncorrected Ubar = 9.99999, pressure gradient = 18.8181
GAMG:  Solving for p, Initial residual = 0.0125104, Final residual = 0.000118442, No Iterations 66
time step continuity errors : sum local = 4.51672e-07, global = 1.00861e-16, cumulative = -4.41273e-15
Pressure gradient source: uncorrected Ubar = 10, pressure gradient = 18.7883
smoothSolver:  Solving for omega, Initial residual = 0.000708657, Final residual = 6.7248e-05, No Iterations 1
smoothSolver:  Solving for k, Initial residual = 0.00487479, Final residual = 0.00046366, No Iterations 1
ExecutionTime = 6.26598 s  ClockTime = 6 s

Time = 137s

smoothSolver:  Solving for Ux, Initial residual = 0.00244541, Final residual = 0.000189161, No Iterations 2
smoothSolver:  Solving for Uy, Initial residual = 0.0138816, Final residual = 0.00108352, No Iterations 2
Pressure gradient source: uncorrected Ubar = 9.99999, pressure gradient = 18.8188
GAMG:  Solving for p, Initial residual = 0.0107503, Final residual = 0.00010055, No Iterations 68
time step continuity errors : sum local = 3.89651e-07, global = -2.89792e-17, cumulative = -4.44171e-15
Pressure gradient source: uncorrected Ubar = 10, pressure gradient = 18.7913
smoothSolver:  Solving for omega, Initial residual = 0.000715549, Final residual = 6.80891e-05, No Iterations 1
smoothSolver:  Solving for k, Initial residual = 0.00477622, Final residual = 0.000454322, No Iterations 1
ExecutionTime = 6.3066 s  ClockTime = 6 s

Time = 138s

smoothSolver:  Solving for Ux, Initial residual = 0.00245708, Final residual = 0.000190243, No Iterations 2
smoothSolver:  Solving for Uy, Initial residual = 0.0137887, Final residual = 0.00107844, No Iterations 2
Pressure gradient source: uncorrected Ubar = 9.99999, pressure gradient = 18.8191
GAMG:  Solving for p, Initial residual = 0.00931846, Final residual = 8.49357e-05, No Iterations 70
time step continuity errors : sum local = 3.34327e-07, global = 1.42003e-16, cumulative = -4.29971e-15
Pressure gradient source: uncorrected Ubar = 10, pressure gradient = 18.7938
smoothSolver:  Solving for omega, Initial residual = 0.00072228, Final residual = 6.89151e-05, No Iterations 1
smoothSolver:  Solving for k, Initial residual = 0.0046779, Final residual = 0.000444986, No Iterations 1
ExecutionTime = 6.34809 s  ClockTime = 6 s

Time = 139s

smoothSolver:  Solving for Ux, Initial residual = 0.00246781, Final residual = 0.000191246, No Iterations 2
smoothSolver:  Solving for Uy, Initial residual = 0.0137411, Final residual = 0.00107508, No Iterations 2
Pressure gradient source: uncorrected Ubar = 9.99999, pressure gradient = 18.8191
GAMG:  Solving for p, Initial residual = 0.00839898, Final residual = 7.98725e-05, No Iterations 70
time step continuity errors : sum local = 3.1828e-07, global = -1.17006e-16, cumulative = -4.41671e-15
Pressure gradient source: uncorrected Ubar = 10, pressure gradient = 18.7959
smoothSolver:  Solving for omega, Initial residual = 0.000728739, Final residual = 6.97131e-05, No Iterations 1
smoothSolver:  Solving for k, Initial residual = 0.00457989, Final residual = 0.000435657, No Iterations 1
ExecutionTime = 6.39017 s  ClockTime = 6 s

Time = 140s

smoothSolver:  Solving for Ux, Initial residual = 0.00247762, Final residual = 0.000192172, No Iterations 2
smoothSolver:  Solving for Uy, Initial residual = 0.0136025, Final residual = 0.00106486, No Iterations 2
Pressure gradient source: uncorrected Ubar = 9.99999, pressure gradient = 18.8187
GAMG:  Solving for p, Initial residual = 0.00796002, Final residual = 7.69866e-05, No Iterations 70
time step continuity errors : sum local = 3.09541e-07, global = -5.70174e-16, cumulative = -4.98689e-15
Pressure gradient source: uncorrected Ubar = 10, pressure gradient = 18.7975
smoothSolver:  Solving for omega, Initial residual = 0.000734905, Final residual = 7.04829e-05, No Iterations 1
smoothSolver:  Solving for k, Initial residual = 0.00448228, Final residual = 0.000426345, No Iterations 1
ExecutionTime = 6.4318 s  ClockTime = 6 s

Time = 141s

smoothSolver:  Solving for Ux, Initial residual = 0.00248655, Final residual = 0.000193023, No Iterations 2
smoothSolver:  Solving for Uy, Initial residual = 0.0134224, Final residual = 0.00105182, No Iterations 2
Pressure gradient source: uncorrected Ubar = 9.99999, pressure gradient = 18.818
GAMG:  Solving for p, Initial residual = 0.00773719, Final residual = 7.46985e-05, No Iterations 70
time step continuity errors : sum local = 3.02256e-07, global = 1.86224e-16, cumulative = -4.80066e-15
Pressure gradient source: uncorrected Ubar = 10, pressure gradient = 18.7987
smoothSolver:  Solving for omega, Initial residual = 0.000740779, Final residual = 7.12255e-05, No Iterations 1
smoothSolver:  Solving for k, Initial residual = 0.00438514, Final residual = 0.000417058, No Iterations 1
ExecutionTime = 6.4737 s  ClockTime = 6 s

Time = 142s

smoothSolver:  Solving for Ux, Initial residual = 0.0024946, Final residual = 0.000193802, No Iterations 2
smoothSolver:  Solving for Uy, Initial residual = 0.0132811, Final residual = 0.0010422, No Iterations 2
Pressure gradient source: uncorrected Ubar = 9.99999, pressure gradient = 18.8171
GAMG:  Solving for p, Initial residual = 0.00744713, Final residual = 7.24303e-05, No Iterations 70
time step continuity errors : sum local = 2.94863e-07, global = -2.84286e-16, cumulative = -5.08495e-15
Pressure gradient source: uncorrected Ubar = 10, pressure gradient = 18.7996
smoothSolver:  Solving for omega, Initial residual = 0.00074636, Final residual = 7.20007e-05, No Iterations 1
smoothSolver:  Solving for k, Initial residual = 0.00428853, Final residual = 0.000407804, No Iterations 1
ExecutionTime = 6.51546 s  ClockTime = 6 s

Time = 143s

smoothSolver:  Solving for Ux, Initial residual = 0.00250181, Final residual = 0.00019451, No Iterations 2
smoothSolver:  Solving for Uy, Initial residual = 0.0131937, Final residual = 0.00103708, No Iterations 2
Pressure gradient source: uncorrected Ubar = 10, pressure gradient = 18.8159
GAMG:  Solving for p, Initial residual = 0.00717003, Final residual = 6.92212e-05, No Iterations 70
time step continuity errors : sum local = 2.83284e-07, global = 1.58066e-18, cumulative = -5.08337e-15
Pressure gradient source: uncorrected Ubar = 10, pressure gradient = 18.8002
smoothSolver:  Solving for omega, Initial residual = 0.00075165, Final residual = 7.27611e-05, No Iterations 1
smoothSolver:  Solving for k, Initial residual = 0.00419252, Final residual = 0.00039859, No Iterations 1
ExecutionTime = 6.55616 s  ClockTime = 6 s

Time = 144s

smoothSolver:  Solving for Ux, Initial residual = 0.00250821, Final residual = 0.00019515, No Iterations 2
smoothSolver:  Solving for Uy, Initial residual = 0.0131213, Final residual = 0.00103234, No Iterations 2
Pressure gradient source: uncorrected Ubar = 10, pressure gradient = 18.8145
GAMG:  Solving for p, Initial residual = 0.00737518, Final residual = 7.3142e-05, No Iterations 68
time step continuity errors : sum local = 3.00347e-07, global = 3.9035e-16, cumulative = -4.69302e-15
Pressure gradient source: uncorrected Ubar = 10, pressure gradient = 18.8005
smoothSolver:  Solving for omega, Initial residual = 0.000757097, Final residual = 7.34929e-05, No Iterations 1
smoothSolver:  Solving for k, Initial residual = 0.00409718, Final residual = 0.000389422, No Iterations 1
ExecutionTime = 6.59693 s  ClockTime = 6 s

Time = 145s

smoothSolver:  Solving for Ux, Initial residual = 0.00251382, Final residual = 0.000195725, No Iterations 2
smoothSolver:  Solving for Uy, Initial residual = 0.0130253, Final residual = 0.00102393, No Iterations 2
Pressure gradient source: uncorrected Ubar = 10, pressure gradient = 18.813
GAMG:  Solving for p, Initial residual = 0.00826724, Final residual = 8.22132e-05, No Iterations 66
time step continuity errors : sum local = 3.37227e-07, global = 4.99115e-17, cumulative = -4.64311e-15
Pressure gradient source: uncorrected Ubar = 10, pressure gradient = 18.8005
smoothSolver:  Solving for omega, Initial residual = 0.000763026, Final residual = 7.41959e-05, No Iterations 1
smoothSolver:  Solving for k, Initial residual = 0.00400221, Final residual = 0.000380275, No Iterations 1
ExecutionTime = 6.6361 s  ClockTime = 6 s

Time = 146s

smoothSolver:  Solving for Ux, Initial residual = 0.00251867, Final residual = 0.000196236, No Iterations 2
smoothSolver:  Solving for Uy, Initial residual = 0.0129855, Final residual = 0.00102238, No Iterations 2
Pressure gradient source: uncorrected Ubar = 10, pressure gradient = 18.8114
GAMG:  Solving for p, Initial residual = 0.0092347, Final residual = 8.63424e-05, No Iterations 66
time step continuity errors : sum local = 3.51332e-07, global = 6.56686e-20, cumulative = -4.64304e-15
Pressure gradient source: uncorrected Ubar = 10, pressure gradient = 18.8004
smoothSolver:  Solving for omega, Initial residual = 0.000768952, Final residual = 7.48698e-05, No Iterations 1
smoothSolver:  Solving for k, Initial residual = 0.00390766, Final residual = 0.000371153, No Iterations 1
ExecutionTime = 6.67637 s  ClockTime = 6 s

Time = 147s

smoothSolver:  Solving for Ux, Initial residual = 0.00252279, Final residual = 0.000196686, No Iterations 2
smoothSolver:  Solving for Uy, Initial residual = 0.0129755, Final residual = 0.00102383, No Iterations 2
Pressure gradient source: uncorrected Ubar = 10, pressure gradient = 18.8099
GAMG:  Solving for p, Initial residual = 0.00940689, Final residual = 9.21232e-05, No Iterations 66
time step continuity errors : sum local = 3.74564e-07, global = 1.42115e-16, cumulative = -4.50093e-15
Pressure gradient source: uncorrected Ubar = 10, pressure gradient = 18.8001
smoothSolver:  Solving for omega, Initial residual = 0.000774557, Final residual = 7.55142e-05, No Iterations 1
smoothSolver:  Solving for k, Initial residual = 0.00381336, Final residual = 0.000362043, No Iterations 1
ExecutionTime = 6.71816 s  ClockTime = 6 s

Time = 148s

smoothSolver:  Solving for Ux, Initial residual = 0.0025262, Final residual = 0.000197077, No Iterations 2
smoothSolver:  Solving for Uy, Initial residual = 0.0129988, Final residual = 0.00102731, No Iterations 2
Pressure gradient source: uncorrected Ubar = 10, pressure gradient = 18.8082
GAMG:  Solving for p, Initial residual = 0.00864038, Final residual = 8.29692e-05, No Iterations 66
time step continuity errors : sum local = 3.40193e-07, global = -1.68872e-16, cumulative = -4.6698e-15
Pressure gradient source: uncorrected Ubar = 10, pressure gradient = 18.7998
smoothSolver:  Solving for omega, Initial residual = 0.000779838, Final residual = 7.6129e-05, No Iterations 1
smoothSolver:  Solving for k, Initial residual = 0.00371989, Final residual = 0.000353007, No Iterations 1
ExecutionTime = 6.75917 s  ClockTime = 7 s

Time = 149s

smoothSolver:  Solving for Ux, Initial residual = 0.00252891, Final residual = 0.000197411, No Iterations 2
smoothSolver:  Solving for Uy, Initial residual = 0.0129301, Final residual = 0.00102382, No Iterations 2
Pressure gradient source: uncorrected Ubar = 10, pressure gradient = 18.8065
GAMG:  Solving for p, Initial residual = 0.00769233, Final residual = 7.50704e-05, No Iterations 66
time step continuity errors : sum local = 3.10382e-07, global = 2.47985e-16, cumulative = -4.42181e-15
Pressure gradient source: uncorrected Ubar = 10, pressure gradient = 18.7993
smoothSolver:  Solving for omega, Initial residual = 0.000784807, Final residual = 7.67145e-05, No Iterations 1
smoothSolver:  Solving for k, Initial residual = 0.00362744, Final residual = 0.000344062, No Iterations 1
ExecutionTime = 6.80006 s  ClockTime = 7 s

Time = 150s

smoothSolver:  Solving for Ux, Initial residual = 0.00253095, Final residual = 0.00019769, No Iterations 2
smoothSolver:  Solving for Uy, Initial residual = 0.012793, Final residual = 0.00101504, No Iterations 2
Pressure gradient source: uncorrected Ubar = 10, pressure gradient = 18.8047
GAMG:  Solving for p, Initial residual = 0.00701083, Final residual = 6.8607e-05, No Iterations 66
time step continuity errors : sum local = 2.85212e-07, global = 3.39462e-17, cumulative = -4.38787e-15
Pressure gradient source: uncorrected Ubar = 10, pressure gradient = 18.7987
smoothSolver:  Solving for omega, Initial residual = 0.000789448, Final residual = 7.72683e-05, No Iterations 1
smoothSolver:  Solving for k, Initial residual = 0.00353601, Final residual = 0.00033521, No Iterations 1
ExecutionTime = 6.84121 s  ClockTime = 7 s

Time = 151s

smoothSolver:  Solving for Ux, Initial residual = 0.00253233, Final residual = 0.000197914, No Iterations 2
smoothSolver:  Solving for Uy, Initial residual = 0.0126658, Final residual = 0.00100689, No Iterations 2
Pressure gradient source: uncorrected Ubar = 10, pressure gradient = 18.8028
GAMG:  Solving for p, Initial residual = 0.00667549, Final residual = 6.08732e-05, No Iterations 68
time step continuity errors : sum local = 2.53026e-07, global = 1.50341e-16, cumulative = -4.23753e-15
Pressure gradient source: uncorrected Ubar = 10, pressure gradient = 18.798
smoothSolver:  Solving for omega, Initial residual = 0.000793793, Final residual = 7.77926e-05, No Iterations 1
smoothSolver:  Solving for k, Initial residual = 0.00344567, Final residual = 0.000326455, No Iterations 1
ExecutionTime = 6.88242 s  ClockTime = 7 s

Time = 152s

smoothSolver:  Solving for Ux, Initial residual = 0.00253309, Final residual = 0.000198086, No Iterations 2
smoothSolver:  Solving for Uy, Initial residual = 0.0126018, Final residual = 0.0010021, No Iterations 2
Pressure gradient source: uncorrected Ubar = 10, pressure gradient = 18.8008
GAMG:  Solving for p, Initial residual = 0.00648212, Final residual = 6.08368e-05, No Iterations 68
time step continuity errors : sum local = 2.52149e-07, global = 4.94402e-17, cumulative = -4.18808e-15
Pressure gradient source: uncorrected Ubar = 10, pressure gradient = 18.7972
smoothSolver:  Solving for omega, Initial residual = 0.000797876, Final residual = 7.829e-05, No Iterations 1
smoothSolver:  Solving for k, Initial residual = 0.00335649, Final residual = 0.000317803, No Iterations 1
ExecutionTime = 6.92398 s  ClockTime = 7 s

Time = 153s

smoothSolver:  Solving for Ux, Initial residual = 0.00253323, Final residual = 0.000198208, No Iterations 2
smoothSolver:  Solving for Uy, Initial residual = 0.0125887, Final residual = 0.00100241, No Iterations 2
Pressure gradient source: uncorrected Ubar = 10, pressure gradient = 18.7988
GAMG:  Solving for p, Initial residual = 0.00640103, Final residual = 6.06774e-05, No Iterations 68
time step continuity errors : sum local = 2.50981e-07, global = -2.44461e-16, cumulative = -4.43255e-15
Pressure gradient source: uncorrected Ubar = 10, pressure gradient = 18.7964
smoothSolver:  Solving for omega, Initial residual = 0.000801687, Final residual = 7.87593e-05, No Iterations 1
smoothSolver:  Solving for k, Initial residual = 0.00326848, Final residual = 0.000309255, No Iterations 1
ExecutionTime = 6.96575 s  ClockTime = 7 s

Time = 154s

smoothSolver:  Solving for Ux, Initial residual = 0.00253278, Final residual = 0.00019828, No Iterations 2
smoothSolver:  Solving for Uy, Initial residual = 0.0125763, Final residual = 0.00100306, No Iterations 2
Pressure gradient source: uncorrected Ubar = 10, pressure gradient = 18.7968
GAMG:  Solving for p, Initial residual = 0.00621799, Final residual = 6.07912e-05, No Iterations 68
time step continuity errors : sum local = 2.51116e-07, global = -9.48252e-17, cumulative = -4.52737e-15
Pressure gradient source: uncorrected Ubar = 10, pressure gradient = 18.7954
smoothSolver:  Solving for omega, Initial residual = 0.000805203, Final residual = 7.9198e-05, No Iterations 1
smoothSolver:  Solving for k, Initial residual = 0.00318166, Final residual = 0.000300812, No Iterations 1
ExecutionTime = 7.00698 s  ClockTime = 7 s

Time = 155s

smoothSolver:  Solving for Ux, Initial residual = 0.00253176, Final residual = 0.000198304, No Iterations 2
smoothSolver:  Solving for Uy, Initial residual = 0.0125359, Final residual = 0.00100118, No Iterations 2
Pressure gradient source: uncorrected Ubar = 10, pressure gradient = 18.7947
GAMG:  Solving for p, Initial residual = 0.00601862, Final residual = 5.9148e-05, No Iterations 68
time step continuity errors : sum local = 2.44493e-07, global = 2.2449e-16, cumulative = -4.30288e-15
Pressure gradient source: uncorrected Ubar = 10, pressure gradient = 18.7943
smoothSolver:  Solving for omega, Initial residual = 0.000808474, Final residual = 7.96109e-05, No Iterations 1
smoothSolver:  Solving for k, Initial residual = 0.00309607, Final residual = 0.000292479, No Iterations 1
ExecutionTime = 7.04846 s  ClockTime = 7 s

Time = 156s

smoothSolver:  Solving for Ux, Initial residual = 0.00253018, Final residual = 0.000198281, No Iterations 2
smoothSolver:  Solving for Uy, Initial residual = 0.0124639, Final residual = 0.000996128, No Iterations 2
Pressure gradient source: uncorrected Ubar = 10, pressure gradient = 18.7926
GAMG:  Solving for p, Initial residual = 0.00587446, Final residual = 5.64489e-05, No Iterations 68
time step continuity errors : sum local = 2.33526e-07, global = -2.28463e-16, cumulative = -4.53135e-15
Pressure gradient source: uncorrected Ubar = 10, pressure gradient = 18.7932
smoothSolver:  Solving for omega, Initial residual = 0.000811506, Final residual = 7.99986e-05, No Iterations 1
smoothSolver:  Solving for k, Initial residual = 0.00301174, Final residual = 0.000284258, No Iterations 1
ExecutionTime = 7.08937 s  ClockTime = 7 s

Time = 157s

smoothSolver:  Solving for Ux, Initial residual = 0.00252806, Final residual = 0.000198214, No Iterations 2
smoothSolver:  Solving for Uy, Initial residual = 0.0123979, Final residual = 0.000991687, No Iterations 2
Pressure gradient source: uncorrected Ubar = 10, pressure gradient = 18.7904
GAMG:  Solving for p, Initial residual = 0.00578757, Final residual = 5.45618e-05, No Iterations 68
time step continuity errors : sum local = 2.25697e-07, global = 3.00221e-16, cumulative = -4.23112e-15
Pressure gradient source: uncorrected Ubar = 10, pressure gradient = 18.792
smoothSolver:  Solving for omega, Initial residual = 0.000814265, Final residual = 8.03578e-05, No Iterations 1
smoothSolver:  Solving for k, Initial residual = 0.00292864, Final residual = 0.000276148, No Iterations 1
ExecutionTime = 7.12958 s  ClockTime = 7 s

Time = 158s

smoothSolver:  Solving for Ux, Initial residual = 0.00252541, Final residual = 0.000198103, No Iterations 2
smoothSolver:  Solving for Uy, Initial residual = 0.0123997, Final residual = 0.000991078, No Iterations 2
Pressure gradient source: uncorrected Ubar = 10, pressure gradient = 18.7883
GAMG:  Solving for p, Initial residual = 0.00672427, Final residual = 6.45774e-05, No Iterations 64
time step continuity errors : sum local = 2.63603e-07, global = 3.0014e-16, cumulative = -3.93098e-15
Pressure gradient source: uncorrected Ubar = 10, pressure gradient = 18.7908
smoothSolver:  Solving for omega, Initial residual = 0.000816678, Final residual = 8.06818e-05, No Iterations 1
smoothSolver:  Solving for k, Initial residual = 0.00284668, Final residual = 0.000268142, No Iterations 1
ExecutionTime = 7.17969 s  ClockTime = 7 s

Time = 159s

smoothSolver:  Solving for Ux, Initial residual = 0.00252239, Final residual = 0.00019795, No Iterations 2
smoothSolver:  Solving for Uy, Initial residual = 0.0124322, Final residual = 0.000988585, No Iterations 2
Pressure gradient source: uncorrected Ubar = 10, pressure gradient = 18.7864
GAMG:  Solving for p, Initial residual = 0.00910556, Final residual = 8.56934e-05, No Iterations 58
time step continuity errors : sum local = 3.45618e-07, global = 5.28872e-16, cumulative = -3.40211e-15
Pressure gradient source: uncorrected Ubar = 10, pressure gradient = 18.7896
smoothSolver:  Solving for omega, Initial residual = 0.000818879, Final residual = 8.0983e-05, No Iterations 1
smoothSolver:  Solving for k, Initial residual = 0.00276519, Final residual = 0.000260164, No Iterations 1
ExecutionTime = 7.24728 s  ClockTime = 7 s

Time = 160s

smoothSolver:  Solving for Ux, Initial residual = 0.00251905, Final residual = 0.000197758, No Iterations 2
smoothSolver:  Solving for Uy, Initial residual = 0.0124729, Final residual = 0.000989154, No Iterations 2
Pressure gradient source: uncorrected Ubar = 10, pressure gradient = 18.7845
GAMG:  Solving for p, Initial residual = 0.0114992, Final residual = 0.000107881, No Iterations 54
time step continuity errors : sum local = 4.35217e-07, global = -1.28742e-16, cumulative = -3.53086e-15
Pressure gradient source: uncorrected Ubar = 10, pressure gradient = 18.7885
smoothSolver:  Solving for omega, Initial residual = 0.000820831, Final residual = 8.12579e-05, No Iterations 1
smoothSolver:  Solving for k, Initial residual = 0.00268407, Final residual = 0.000252207, No Iterations 1
ExecutionTime = 7.30978 s  ClockTime = 7 s

Time = 161s

smoothSolver:  Solving for Ux, Initial residual = 0.00251548, Final residual = 0.000197529, No Iterations 2
smoothSolver:  Solving for Uy, Initial residual = 0.012379, Final residual = 0.000987034, No Iterations 2
Pressure gradient source: uncorrected Ubar = 10, pressure gradient = 18.7829
GAMG:  Solving for p, Initial residual = 0.0108399, Final residual = 0.000104578, No Iterations 56
time step continuity errors : sum local = 4.21013e-07, global = 1.22866e-16, cumulative = -3.40799e-15
Pressure gradient source: uncorrected Ubar = 10, pressure gradient = 18.7874
smoothSolver:  Solving for omega, Initial residual = 0.000822481, Final residual = 8.1501e-05, No Iterations 1
smoothSolver:  Solving for k, Initial residual = 0.00260295, Final residual = 0.000244237, No Iterations 1
ExecutionTime = 7.38004 s  ClockTime = 7 s

Time = 162s

smoothSolver:  Solving for Ux, Initial residual = 0.00251149, Final residual = 0.000197264, No Iterations 2
smoothSolver:  Solving for Uy, Initial residual = 0.0123977, Final residual = 0.000991039, No Iterations 2
Pressure gradient source: uncorrected Ubar = 10, pressure gradient = 18.7813
GAMG:  Solving for p, Initial residual = 0.00949353, Final residual = 8.75071e-05, No Iterations 60
time step continuity errors : sum local = 3.50601e-07, global = 3.60071e-16, cumulative = -3.04792e-15
Pressure gradient source: uncorrected Ubar = 10, pressure gradient = 18.7864
smoothSolver:  Solving for omega, Initial residual = 0.000823901, Final residual = 8.17197e-05, No Iterations 1
smoothSolver:  Solving for k, Initial residual = 0.00252349, Final residual = 0.000236428, No Iterations 1
ExecutionTime = 7.42383 s  ClockTime = 7 s

Time = 163s

smoothSolver:  Solving for Ux, Initial residual = 0.00250709, Final residual = 0.000196964, No Iterations 2
smoothSolver:  Solving for Uy, Initial residual = 0.0123578, Final residual = 0.000990683, No Iterations 2
Pressure gradient source: uncorrected Ubar = 10, pressure gradient = 18.7798
GAMG:  Solving for p, Initial residual = 0.00878956, Final residual = 8.6317e-05, No Iterations 58
time step continuity errors : sum local = 3.44437e-07, global = 2.44361e-16, cumulative = -2.80356e-15
Pressure gradient source: uncorrected Ubar = 10, pressure gradient = 18.7856
smoothSolver:  Solving for omega, Initial residual = 0.000825086, Final residual = 8.19137e-05, No Iterations 1
smoothSolver:  Solving for k, Initial residual = 0.00244562, Final residual = 0.000228773, No Iterations 1
ExecutionTime = 7.46332 s  ClockTime = 7 s

Time = 164s

smoothSolver:  Solving for Ux, Initial residual = 0.00250216, Final residual = 0.000196615, No Iterations 2
smoothSolver:  Solving for Uy, Initial residual = 0.0122318, Final residual = 0.000982853, No Iterations 2
Pressure gradient source: uncorrected Ubar = 10, pressure gradient = 18.7786
GAMG:  Solving for p, Initial residual = 0.00927441, Final residual = 9.26729e-05, No Iterations 56
time step continuity errors : sum local = 3.64648e-07, global = 2.29141e-17, cumulative = -2.78064e-15
Pressure gradient source: uncorrected Ubar = 10, pressure gradient = 18.7848
smoothSolver:  Solving for omega, Initial residual = 0.000826035, Final residual = 8.20831e-05, No Iterations 1
smoothSolver:  Solving for k, Initial residual = 0.00236888, Final residual = 0.000221224, No Iterations 1
ExecutionTime = 7.50819 s  ClockTime = 7 s

Time = 165s

smoothSolver:  Solving for Ux, Initial residual = 0.00249664, Final residual = 0.000196215, No Iterations 2
smoothSolver:  Solving for Uy, Initial residual = 0.0121794, Final residual = 0.000978235, No Iterations 2
Pressure gradient source: uncorrected Ubar = 10, pressure gradient = 18.7778
GAMG:  Solving for p, Initial residual = 0.00990666, Final residual = 9.73961e-05, No Iterations 56
time step continuity errors : sum local = 3.77994e-07, global = -1.01955e-16, cumulative = -2.8826e-15
Pressure gradient source: uncorrected Ubar = 10, pressure gradient = 18.7843
smoothSolver:  Solving for omega, Initial residual = 0.000826745, Final residual = 8.22278e-05, No Iterations 1
smoothSolver:  Solving for k, Initial residual = 0.00229277, Final residual = 0.000213733, No Iterations 1
ExecutionTime = 7.54752 s  ClockTime = 7 s

Time = 166s

smoothSolver:  Solving for Ux, Initial residual = 0.00249066, Final residual = 0.000195775, No Iterations 2
smoothSolver:  Solving for Uy, Initial residual = 0.0122607, Final residual = 0.000986597, No Iterations 2
Pressure gradient source: uncorrected Ubar = 10, pressure gradient = 18.7773
GAMG:  Solving for p, Initial residual = 0.00913714, Final residual = 8.61482e-05, No Iterations 60
time step continuity errors : sum local = 3.34363e-07, global = 2.9622e-16, cumulative = -2.58638e-15
Pressure gradient source: uncorrected Ubar = 10, pressure gradient = 18.784
smoothSolver:  Solving for omega, Initial residual = 0.000827205, Final residual = 8.23475e-05, No Iterations 1
smoothSolver:  Solving for k, Initial residual = 0.00221767, Final residual = 0.000206342, No Iterations 1
ExecutionTime = 7.58765 s  ClockTime = 7 s

Time = 167s

smoothSolver:  Solving for Ux, Initial residual = 0.00248428, Final residual = 0.000195303, No Iterations 2
smoothSolver:  Solving for Uy, Initial residual = 0.0123671, Final residual = 0.000996991, No Iterations 2
Pressure gradient source: uncorrected Ubar = 10, pressure gradient = 18.7769
GAMG:  Solving for p, Initial residual = 0.0078926, Final residual = 7.46863e-05, No Iterations 62
time step continuity errors : sum local = 2.9209e-07, global = -2.46563e-17, cumulative = -2.61103e-15
Pressure gradient source: uncorrected Ubar = 10, pressure gradient = 18.7839
smoothSolver:  Solving for omega, Initial residual = 0.000827409, Final residual = 8.24419e-05, No Iterations 1
smoothSolver:  Solving for k, Initial residual = 0.00214411, Final residual = 0.000199105, No Iterations 1
ExecutionTime = 7.62711 s  ClockTime = 7 s

Time = 168s

smoothSolver:  Solving for Ux, Initial residual = 0.00247737, Final residual = 0.000194788, No Iterations 2
smoothSolver:  Solving for Uy, Initial residual = 0.0123289, Final residual = 0.000996226, No Iterations 2
Pressure gradient source: uncorrected Ubar = 10, pressure gradient = 18.7767
GAMG:  Solving for p, Initial residual = 0.0069505, Final residual = 6.54544e-05, No Iterations 62
time step continuity errors : sum local = 2.57223e-07, global = -1.13119e-16, cumulative = -2.72415e-15
Pressure gradient source: uncorrected Ubar = 10, pressure gradient = 18.784
smoothSolver:  Solving for omega, Initial residual = 0.000827362, Final residual = 8.25115e-05, No Iterations 1
smoothSolver:  Solving for k, Initial residual = 0.00207208, Final residual = 0.00019202, No Iterations 1
ExecutionTime = 7.66749 s  ClockTime = 7 s

Time = 169s

smoothSolver:  Solving for Ux, Initial residual = 0.00246988, Final residual = 0.000194227, No Iterations 2
smoothSolver:  Solving for Uy, Initial residual = 0.0122007, Final residual = 0.00098702, No Iterations 2
Pressure gradient source: uncorrected Ubar = 10, pressure gradient = 18.7768
GAMG:  Solving for p, Initial residual = 0.00633949, Final residual = 6.01058e-05, No Iterations 62
time step continuity errors : sum local = 2.35741e-07, global = -1.89434e-16, cumulative = -2.91359e-15
Pressure gradient source: uncorrected Ubar = 10, pressure gradient = 18.7843
smoothSolver:  Solving for omega, Initial residual = 0.000827081, Final residual = 8.25571e-05, No Iterations 1
smoothSolver:  Solving for k, Initial residual = 0.00200155, Final residual = 0.000185086, No Iterations 1
ExecutionTime = 7.70611 s  ClockTime = 7 s

Time = 170s

smoothSolver:  Solving for Ux, Initial residual = 0.00246191, Final residual = 0.000193628, No Iterations 2
smoothSolver:  Solving for Uy, Initial residual = 0.0121343, Final residual = 0.000981426, No Iterations 2
Pressure gradient source: uncorrected Ubar = 10, pressure gradient = 18.7771
GAMG:  Solving for p, Initial residual = 0.00676908, Final residual = 6.32437e-05, No Iterations 60
time step continuity errors : sum local = 2.43473e-07, global = -5.02952e-16, cumulative = -3.41654e-15
Pressure gradient source: uncorrected Ubar = 10, pressure gradient = 18.7848
smoothSolver:  Solving for omega, Initial residual = 0.00082658, Final residual = 8.25797e-05, No Iterations 1
smoothSolver:  Solving for k, Initial residual = 0.0019325, Final residual = 0.000178298, No Iterations 1
ExecutionTime = 7.74424 s  ClockTime = 8 s

Time = 171s

smoothSolver:  Solving for Ux, Initial residual = 0.00245368, Final residual = 0.000192989, No Iterations 2
smoothSolver:  Solving for Uy, Initial residual = 0.0122232, Final residual = 0.000979395, No Iterations 2
Pressure gradient source: uncorrected Ubar = 10, pressure gradient = 18.7776
GAMG:  Solving for p, Initial residual = 0.0102277, Final residual = 0.000102008, No Iterations 50
time step continuity errors : sum local = 3.82841e-07, global = 4.52235e-16, cumulative = -2.9643e-15
Pressure gradient source: uncorrected Ubar = 10, pressure gradient = 18.7855
smoothSolver:  Solving for omega, Initial residual = 0.000825889, Final residual = 8.25814e-05, No Iterations 1
smoothSolver:  Solving for k, Initial residual = 0.00186417, Final residual = 0.000171573, No Iterations 1
ExecutionTime = 7.77633 s  ClockTime = 8 s

Time = 172s

smoothSolver:  Solving for Ux, Initial residual = 0.00244532, Final residual = 0.000192297, No Iterations 2
smoothSolver:  Solving for Uy, Initial residual = 0.0123174, Final residual = 0.00098201, No Iterations 2
Pressure gradient source: uncorrected Ubar = 10, pressure gradient = 18.7783
GAMG:  Solving for p, Initial residual = 0.0131822, Final residual = 0.000121243, No Iterations 50
time step continuity errors : sum local = 4.52135e-07, global = 9.81171e-17, cumulative = -2.86619e-15
Pressure gradient source: uncorrected Ubar = 10, pressure gradient = 18.7864
smoothSolver:  Solving for omega, Initial residual = 0.000825043, Final residual = 8.33679e-06, No Iterations 2
smoothSolver:  Solving for k, Initial residual = 0.00180338, Final residual = 0.0001656, No Iterations 1
ExecutionTime = 7.80967 s  ClockTime = 8 s

Time = 173s

smoothSolver:  Solving for Ux, Initial residual = 0.0024365, Final residual = 0.000191545, No Iterations 2
smoothSolver:  Solving for Uy, Initial residual = 0.0125015, Final residual = 0.000999388, No Iterations 2
Pressure gradient source: uncorrected Ubar = 10, pressure gradient = 18.7771
GAMG:  Solving for p, Initial residual = 0.0125166, Final residual = 0.000122168, No Iterations 52
time step continuity errors : sum local = 4.58674e-07, global = 9.0321e-17, cumulative = -2.77587e-15
Pressure gradient source: uncorrected Ubar = 10, pressure gradient = 18.7868
smoothSolver:  Solving for omega, Initial residual = 0.000820488, Final residual = 8.30511e-06, No Iterations 2
smoothSolver:  Solving for k, Initial residual = 0.00175171, Final residual = 0.000159904, No Iterations 1
ExecutionTime = 7.84372 s  ClockTime = 8 s

Time = 174s

smoothSolver:  Solving for Ux, Initial residual = 0.00242744, Final residual = 0.000190772, No Iterations 2
smoothSolver:  Solving for Uy, Initial residual = 0.0125177, Final residual = 0.00100385, No Iterations 2
Pressure gradient source: uncorrected Ubar = 10, pressure gradient = 18.7769
GAMG:  Solving for p, Initial residual = 0.0122706, Final residual = 0.000113746, No Iterations 52
time step continuity errors : sum local = 4.34622e-07, global = 4.66676e-16, cumulative = -2.30919e-15
Pressure gradient source: uncorrected Ubar = 10, pressure gradient = 18.7871
smoothSolver:  Solving for omega, Initial residual = 0.000816117, Final residual = 8.27359e-06, No Iterations 2
smoothSolver:  Solving for k, Initial residual = 0.00171065, Final residual = 0.000155192, No Iterations 1
ExecutionTime = 7.87672 s  ClockTime = 8 s

Time = 175s

smoothSolver:  Solving for Ux, Initial residual = 0.00241812, Final residual = 0.000189978, No Iterations 2
smoothSolver:  Solving for Uy, Initial residual = 0.0123031, Final residual = 0.000998373, No Iterations 2
Pressure gradient source: uncorrected Ubar = 10, pressure gradient = 18.7769
GAMG:  Solving for p, Initial residual = 0.0114606, Final residual = 0.000104777, No Iterations 52
time step continuity errors : sum local = 4.05626e-07, global = -2.43817e-16, cumulative = -2.55301e-15
Pressure gradient source: uncorrected Ubar = 10, pressure gradient = 18.7874
smoothSolver:  Solving for omega, Initial residual = 0.000811835, Final residual = 8.24195e-06, No Iterations 2
smoothSolver:  Solving for k, Initial residual = 0.00167829, Final residual = 0.000151555, No Iterations 1
ExecutionTime = 7.91069 s  ClockTime = 8 s

Time = 176s

smoothSolver:  Solving for Ux, Initial residual = 0.00240846, Final residual = 0.000189163, No Iterations 2
smoothSolver:  Solving for Uy, Initial residual = 0.0122069, Final residual = 0.000991314, No Iterations 2
Pressure gradient source: uncorrected Ubar = 10, pressure gradient = 18.777
GAMG:  Solving for p, Initial residual = 0.00968152, Final residual = 9.65818e-05, No Iterations 52
time step continuity errors : sum local = 3.74419e-07, global = -1.95916e-16, cumulative = -2.74892e-15
Pressure gradient source: uncorrected Ubar = 10, pressure gradient = 18.7879
smoothSolver:  Solving for omega, Initial residual = 0.000807585, Final residual = 8.20996e-06, No Iterations 2
smoothSolver:  Solving for k, Initial residual = 0.00165072, Final residual = 0.000148541, No Iterations 1
ExecutionTime = 7.94412 s  ClockTime = 8 s

Time = 177s

smoothSolver:  Solving for Ux, Initial residual = 0.00239844, Final residual = 0.00018834, No Iterations 2
smoothSolver:  Solving for Uy, Initial residual = 0.0122143, Final residual = 0.000985992, No Iterations 2
Pressure gradient source: uncorrected Ubar = 10, pressure gradient = 18.7773
GAMG:  Solving for p, Initial residual = 0.00949079, Final residual = 8.71064e-05, No Iterations 54
time step continuity errors : sum local = 3.32705e-07, global = 2.05612e-16, cumulative = -2.54331e-15
Pressure gradient source: uncorrected Ubar = 10, pressure gradient = 18.7884
smoothSolver:  Solving for omega, Initial residual = 0.000803332, Final residual = 8.17751e-06, No Iterations 2
smoothSolver:  Solving for k, Initial residual = 0.00162758, Final residual = 0.000146032, No Iterations 1
ExecutionTime = 7.97858 s  ClockTime = 8 s

Time = 178s

smoothSolver:  Solving for Ux, Initial residual = 0.00238808, Final residual = 0.000187512, No Iterations 2
smoothSolver:  Solving for Uy, Initial residual = 0.0122351, Final residual = 0.000987467, No Iterations 2
Pressure gradient source: uncorrected Ubar = 10, pressure gradient = 18.778
GAMG:  Solving for p, Initial residual = 0.0107979, Final residual = 0.00010239, No Iterations 52
time step continuity errors : sum local = 3.78476e-07, global = 8.59632e-17, cumulative = -2.45735e-15
Pressure gradient source: uncorrected Ubar = 10, pressure gradient = 18.7892
smoothSolver:  Solving for omega, Initial residual = 0.000799058, Final residual = 8.14451e-06, No Iterations 2
smoothSolver:  Solving for k, Initial residual = 0.00160723, Final residual = 0.000143821, No Iterations 1
ExecutionTime = 8.01247 s  ClockTime = 8 s

Time = 179s

smoothSolver:  Solving for Ux, Initial residual = 0.0023774, Final residual = 0.000186662, No Iterations 2
smoothSolver:  Solving for Uy, Initial residual = 0.0123425, Final residual = 0.00100105, No Iterations 2
Pressure gradient source: uncorrected Ubar = 10, pressure gradient = 18.7789
GAMG:  Solving for p, Initial residual = 0.0106483, Final residual = 0.00010195, No Iterations 54
time step continuity errors : sum local = 3.67037e-07, global = -9.66266e-17, cumulative = -2.55398e-15
Pressure gradient source: uncorrected Ubar = 10, pressure gradient = 18.7902
smoothSolver:  Solving for omega, Initial residual = 0.000794745, Final residual = 8.11085e-06, No Iterations 2
smoothSolver:  Solving for k, Initial residual = 0.00158718, Final residual = 0.000141828, No Iterations 1
ExecutionTime = 8.04604 s  ClockTime = 8 s

Time = 180s

smoothSolver:  Solving for Ux, Initial residual = 0.00236642, Final residual = 0.000185793, No Iterations 2
smoothSolver:  Solving for Uy, Initial residual = 0.0125039, Final residual = 0.00101472, No Iterations 2
Pressure gradient source: uncorrected Ubar = 10, pressure gradient = 18.7801
GAMG:  Solving for p, Initial residual = 0.00991605, Final residual = 9.30945e-05, No Iterations 56
time step continuity errors : sum local = 3.29498e-07, global = 3.93156e-16, cumulative = -2.16082e-15
Pressure gradient source: uncorrected Ubar = 10, pressure gradient = 18.7914
smoothSolver:  Solving for omega, Initial residual = 0.000790372, Final residual = 8.07642e-06, No Iterations 2
smoothSolver:  Solving for k, Initial residual = 0.00157156, Final residual = 0.000140207, No Iterations 1
ExecutionTime = 8.0829 s  ClockTime = 8 s

Time = 181s

smoothSolver:  Solving for Ux, Initial residual = 0.00235526, Final residual = 0.000184855, No Iterations 2
smoothSolver:  Solving for Uy, Initial residual = 0.0125186, Final residual = 0.00100725, No Iterations 2
Pressure gradient source: uncorrected Ubar = 10, pressure gradient = 18.7815
GAMG:  Solving for p, Initial residual = 0.011585, Final residual = 0.000115242, No Iterations 50
time step continuity errors : sum local = 4.01884e-07, global = -3.67051e-16, cumulative = -2.52787e-15
Pressure gradient source: uncorrected Ubar = 10, pressure gradient = 18.7929
smoothSolver:  Solving for omega, Initial residual = 0.000785948, Final residual = 8.04123e-06, No Iterations 2
smoothSolver:  Solving for k, Initial residual = 0.00155588, Final residual = 0.000138739, No Iterations 1
ExecutionTime = 8.11398 s  ClockTime = 8 s

Time = 182s

smoothSolver:  Solving for Ux, Initial residual = 0.00234409, Final residual = 0.000183855, No Iterations 2
smoothSolver:  Solving for Uy, Initial residual = 0.0124357, Final residual = 0.000996031, No Iterations 2
Pressure gradient source: uncorrected Ubar = 10, pressure gradient = 18.7832
GAMG:  Solving for p, Initial residual = 0.0131277, Final residual = 0.00012575, No Iterations 48
time step continuity errors : sum local = 4.31345e-07, global = -2.247e-16, cumulative = -2.75257e-15
Pressure gradient source: uncorrected Ubar = 10, pressure gradient = 18.7945
smoothSolver:  Solving for omega, Initial residual = 0.000781479, Final residual = 8.00524e-06, No Iterations 2
smoothSolver:  Solving for k, Initial residual = 0.00153719, Final residual = 0.000137235, No Iterations 1
ExecutionTime = 8.14508 s  ClockTime = 8 s

Time = 183s

smoothSolver:  Solving for Ux, Initial residual = 0.00233275, Final residual = 0.00018283, No Iterations 2
smoothSolver:  Solving for Uy, Initial residual = 0.0124773, Final residual = 0.00101109, No Iterations 2
Pressure gradient source: uncorrected Ubar = 10, pressure gradient = 18.7851
GAMG:  Solving for p, Initial residual = 0.0114114, Final residual = 0.000108156, No Iterations 52
time step continuity errors : sum local = 3.63539e-07, global = 5.11261e-16, cumulative = -2.24131e-15
Pressure gradient source: uncorrected Ubar = 10, pressure gradient = 18.7964
smoothSolver:  Solving for omega, Initial residual = 0.000776952, Final residual = 7.9684e-06, No Iterations 2
smoothSolver:  Solving for k, Initial residual = 0.00151824, Final residual = 0.000135746, No Iterations 1
ExecutionTime = 8.17891 s  ClockTime = 8 s

Time = 184s

smoothSolver:  Solving for Ux, Initial residual = 0.00232093, Final residual = 0.000181795, No Iterations 2
smoothSolver:  Solving for Uy, Initial residual = 0.0126104, Final residual = 0.00102508, No Iterations 2
Pressure gradient source: uncorrected Ubar = 10, pressure gradient = 18.7872
GAMG:  Solving for p, Initial residual = 0.0101808, Final residual = 9.93873e-05, No Iterations 54
time step continuity errors : sum local = 3.26719e-07, global = 1.07787e-17, cumulative = -2.23053e-15
Pressure gradient source: uncorrected Ubar = 10, pressure gradient = 18.7985
smoothSolver:  Solving for omega, Initial residual = 0.000772182, Final residual = 7.92904e-06, No Iterations 2
smoothSolver:  Solving for k, Initial residual = 0.00150149, Final residual = 0.000134575, No Iterations 1
ExecutionTime = 8.21258 s  ClockTime = 8 s

Time = 185s

smoothSolver:  Solving for Ux, Initial residual = 0.00230854, Final residual = 0.000180749, No Iterations 2
smoothSolver:  Solving for Uy, Initial residual = 0.0125614, Final residual = 0.00102345, No Iterations 2
Pressure gradient source: uncorrected Ubar = 10, pressure gradient = 18.7896
GAMG:  Solving for p, Initial residual = 0.00925225, Final residual = 8.94208e-05, No Iterations 56
time step continuity errors : sum local = 2.88132e-07, global = 3.98902e-16, cumulative = -1.83163e-15
Pressure gradient source: uncorrected Ubar = 10, pressure gradient = 18.8008
smoothSolver:  Solving for omega, Initial residual = 0.000767296, Final residual = 7.88829e-06, No Iterations 2
smoothSolver:  Solving for k, Initial residual = 0.00148897, Final residual = 0.000133517, No Iterations 1
ExecutionTime = 8.24831 s  ClockTime = 8 s

Time = 186s

smoothSolver:  Solving for Ux, Initial residual = 0.00229569, Final residual = 0.000179691, No Iterations 2
smoothSolver:  Solving for Uy, Initial residual = 0.0124192, Final residual = 0.0010122, No Iterations 2
Pressure gradient source: uncorrected Ubar = 10, pressure gradient = 18.7922
GAMG:  Solving for p, Initial residual = 0.00806832, Final residual = 8.00363e-05, No Iterations 58
time step continuity errors : sum local = 2.53305e-07, global = -2.16617e-16, cumulative = -2.04825e-15
Pressure gradient source: uncorrected Ubar = 10, pressure gradient = 18.8033
smoothSolver:  Solving for omega, Initial residual = 0.000762181, Final residual = 7.84509e-06, No Iterations 2
smoothSolver:  Solving for k, Initial residual = 0.00147834, Final residual = 0.000132542, No Iterations 1
ExecutionTime = 8.2844 s  ClockTime = 8 s

Time = 187s

smoothSolver:  Solving for Ux, Initial residual = 0.00228246, Final residual = 0.000178621, No Iterations 2
smoothSolver:  Solving for Uy, Initial residual = 0.012317, Final residual = 0.00100445, No Iterations 2
Pressure gradient source: uncorrected Ubar = 10, pressure gradient = 18.7951
GAMG:  Solving for p, Initial residual = 0.00727683, Final residual = 6.69492e-05, No Iterations 62
time step continuity errors : sum local = 2.08172e-07, global = -4.32885e-16, cumulative = -2.48113e-15
Pressure gradient source: uncorrected Ubar = 10, pressure gradient = 18.8061
smoothSolver:  Solving for omega, Initial residual = 0.000756989, Final residual = 7.80082e-06, No Iterations 2
smoothSolver:  Solving for k, Initial residual = 0.00146831, Final residual = 0.000131828, No Iterations 1
ExecutionTime = 8.32188 s  ClockTime = 8 s

Time = 188s

smoothSolver:  Solving for Ux, Initial residual = 0.00226898, Final residual = 0.000177503, No Iterations 2
smoothSolver:  Solving for Uy, Initial residual = 0.0123822, Final residual = 0.00100257, No Iterations 2
Pressure gradient source: uncorrected Ubar = 10, pressure gradient = 18.7983
GAMG:  Solving for p, Initial residual = 0.0100353, Final residual = 9.80545e-05, No Iterations 54
time step continuity errors : sum local = 2.98071e-07, global = -1.74324e-16, cumulative = -2.65545e-15
Pressure gradient source: uncorrected Ubar = 10, pressure gradient = 18.8091
smoothSolver:  Solving for omega, Initial residual = 0.000751764, Final residual = 7.75584e-06, No Iterations 2
smoothSolver:  Solving for k, Initial residual = 0.00145826, Final residual = 0.000131244, No Iterations 1
ExecutionTime = 8.35651 s  ClockTime = 8 s

Time = 189s

smoothSolver:  Solving for Ux, Initial residual = 0.00225516, Final residual = 0.00017621, No Iterations 2
smoothSolver:  Solving for Uy, Initial residual = 0.0123834, Final residual = 0.000999406, No Iterations 2
Pressure gradient source: uncorrected Ubar = 10, pressure gradient = 18.8017
GAMG:  Solving for p, Initial residual = 0.0144807, Final residual = 0.000142058, No Iterations 48
time step continuity errors : sum local = 4.20087e-07, global = -3.01101e-17, cumulative = -2.68556e-15
Pressure gradient source: uncorrected Ubar = 10, pressure gradient = 18.8124
smoothSolver:  Solving for omega, Initial residual = 0.000746536, Final residual = 7.71031e-06, No Iterations 2
smoothSolver:  Solving for k, Initial residual = 0.00144655, Final residual = 0.000130667, No Iterations 1
ExecutionTime = 8.38663 s  ClockTime = 8 s

Time = 190s

smoothSolver:  Solving for Ux, Initial residual = 0.00223991, Final residual = 0.000174898, No Iterations 2
smoothSolver:  Solving for Uy, Initial residual = 0.0127595, Final residual = 0.00104184, No Iterations 2
Pressure gradient source: uncorrected Ubar = 10, pressure gradient = 18.8054
GAMG:  Solving for p, Initial residual = 0.0137539, Final residual = 0.000132812, No Iterations 52
time step continuity errors : sum local = 3.84017e-07, global = 4.83205e-17, cumulative = -2.63724e-15
Pressure gradient source: uncorrected Ubar = 10, pressure gradient = 18.8159
smoothSolver:  Solving for omega, Initial residual = 0.000741291, Final residual = 7.66414e-06, No Iterations 2
smoothSolver:  Solving for k, Initial residual = 0.00143824, Final residual = 0.000130224, No Iterations 1
ExecutionTime = 8.41971 s  ClockTime = 8 s

Time = 191s

smoothSolver:  Solving for Ux, Initial residual = 0.00222339, Final residual = 0.000173628, No Iterations 2
smoothSolver:  Solving for Uy, Initial residual = 0.013144, Final residual = 0.00107361, No Iterations 2
Pressure gradient source: uncorrected Ubar = 10, pressure gradient = 18.8094
GAMG:  Solving for p, Initial residual = 0.0116347, Final residual = 0.000111729, No Iterations 56
time step continuity errors : sum local = 3.17329e-07, global = -4.08007e-17, cumulative = -2.67805e-15
Pressure gradient source: uncorrected Ubar = 10, pressure gradient = 18.8197
smoothSolver:  Solving for omega, Initial residual = 0.000736002, Final residual = 7.61727e-06, No Iterations 2
smoothSolver:  Solving for k, Initial residual = 0.00143161, Final residual = 0.000129841, No Iterations 1
ExecutionTime = 8.45479 s  ClockTime = 8 s

Time = 192s

smoothSolver:  Solving for Ux, Initial residual = 0.00220653, Final residual = 0.000172357, No Iterations 2
smoothSolver:  Solving for Uy, Initial residual = 0.0129948, Final residual = 0.00106226, No Iterations 2
Pressure gradient source: uncorrected Ubar = 10, pressure gradient = 18.8137
GAMG:  Solving for p, Initial residual = 0.0100268, Final residual = 9.35824e-05, No Iterations 58
time step continuity errors : sum local = 2.62052e-07, global = -1.53168e-16, cumulative = -2.83121e-15
Pressure gradient source: uncorrected Ubar = 10, pressure gradient = 18.8237
smoothSolver:  Solving for omega, Initial residual = 0.000730664, Final residual = 7.56968e-06, No Iterations 2
smoothSolver:  Solving for k, Initial residual = 0.00142602, Final residual = 0.000129556, No Iterations 1
ExecutionTime = 8.49099 s  ClockTime = 8 s

Time = 193s

smoothSolver:  Solving for Ux, Initial residual = 0.00218902, Final residual = 0.000171068, No Iterations 2
smoothSolver:  Solving for Uy, Initial residual = 0.0126407, Final residual = 0.00103053, No Iterations 2
Pressure gradient source: uncorrected Ubar = 10, pressure gradient = 18.8183
GAMG:  Solving for p, Initial residual = 0.0102588, Final residual = 9.41732e-05, No Iterations 56
time step continuity errors : sum local = 2.59787e-07, global = -1.40488e-16, cumulative = -2.9717e-15
Pressure gradient source: uncorrected Ubar = 10, pressure gradient = 18.828
smoothSolver:  Solving for omega, Initial residual = 0.000725277, Final residual = 7.52138e-06, No Iterations 2
smoothSolver:  Solving for k, Initial residual = 0.00142271, Final residual = 0.000129355, No Iterations 1
ExecutionTime = 8.5261 s  ClockTime = 8 s

Time = 194s

smoothSolver:  Solving for Ux, Initial residual = 0.0021639, Final residual = 0.000169549, No Iterations 2
smoothSolver:  Solving for Uy, Initial residual = 0.0124026, Final residual = 0.000996838, No Iterations 2
Pressure gradient source: uncorrected Ubar = 10, pressure gradient = 18.823
GAMG:  Solving for p, Initial residual = 0.0138215, Final residual = 0.000128281, No Iterations 50
time step continuity errors : sum local = 3.45163e-07, global = 1.09253e-16, cumulative = -2.86245e-15
Pressure gradient source: uncorrected Ubar = 10, pressure gradient = 18.8325
smoothSolver:  Solving for omega, Initial residual = 0.000719867, Final residual = 7.47246e-06, No Iterations 2
smoothSolver:  Solving for k, Initial residual = 0.00142157, Final residual = 0.000129489, No Iterations 1
ExecutionTime = 8.55801 s  ClockTime = 8 s

Time = 195s

smoothSolver:  Solving for Ux, Initial residual = 0.00213889, Final residual = 0.000167933, No Iterations 2
smoothSolver:  Solving for Uy, Initial residual = 0.0127556, Final residual = 0.00104279, No Iterations 2
Pressure gradient source: uncorrected Ubar = 10, pressure gradient = 18.8325
GAMG:  Solving for p, Initial residual = 0.0134083, Final residual = 0.000133731, No Iterations 90
time step continuity errors : sum local = 3.27017e-07, global = 3.50701e-16, cumulative = -2.51175e-15
Pressure gradient source: uncorrected Ubar = 10, pressure gradient = 18.8388
smoothSolver:  Solving for omega, Initial residual = 0.00155229, Final residual = 7.60901e-05, No Iterations 1
smoothSolver:  Solving for k, Initial residual = 0.00587849, Final residual = 0.000145138, No Iterations 1
ExecutionTime = 8.61011 s  ClockTime = 8 s

Time = 196s

smoothSolver:  Solving for Ux, Initial residual = 0.00256164, Final residual = 0.000174352, No Iterations 2
smoothSolver:  Solving for Uy, Initial residual = 0.0557839, Final residual = 0.00252321, No Iterations 2
Pressure gradient source: uncorrected Ubar = 9.99954, pressure gradient = 20.8715
GAMG:  Solving for p, Initial residual = 0.78899, Final residual = 0.00768549, No Iterations 104
time step continuity errors : sum local = 7.33865e-05, global = -4.68798e-16, cumulative = -2.98055e-15
Pressure gradient source: uncorrected Ubar = 9.99986, pressure gradient = 19.4623
smoothSolver:  Solving for omega, Initial residual = 0.00158456, Final residual = 7.71989e-05, No Iterations 1
smoothSolver:  Solving for k, Initial residual = 0.00332954, Final residual = 0.000145973, No Iterations 1
ExecutionTime = 8.67138 s  ClockTime = 8 s

Time = 197s

smoothSolver:  Solving for Ux, Initial residual = 0.00229411, Final residual = 0.000170352, No Iterations 2
smoothSolver:  Solving for Uy, Initial residual = 0.288739, Final residual = 0.021179, No Iterations 2
Pressure gradient source: uncorrected Ubar = 10.0002, pressure gradient = 18.3965
GAMG:  Solving for p, Initial residual = 0.0728037, Final residual = 0.000710165, No Iterations 113
time step continuity errors : sum local = 6.01072e-05, global = -2.77545e-16, cumulative = -3.25809e-15
Pressure gradient source: uncorrected Ubar = 10.0001, pressure gradient = 19.05
smoothSolver:  Solving for omega, Initial residual = 0.0010693, Final residual = 7.82979e-05, No Iterations 1
smoothSolver:  Solving for k, Initial residual = 0.00298163, Final residual = 0.000148146, No Iterations 1
ExecutionTime = 8.7381 s  ClockTime = 9 s

Time = 198s

smoothSolver:  Solving for Ux, Initial residual = 0.0021518, Final residual = 0.000163803, No Iterations 2
smoothSolver:  Solving for Uy, Initial residual = 0.13182, Final residual = 0.00896847, No Iterations 2
Pressure gradient source: uncorrected Ubar = 10.0002, pressure gradient = 18.2569
GAMG:  Solving for p, Initial residual = 0.392327, Final residual = 0.00391479, No Iterations 102
time step continuity errors : sum local = 7.61692e-05, global = 2.15838e-16, cumulative = -3.04225e-15
Pressure gradient source: uncorrected Ubar = 10.0001, pressure gradient = 18.7805
smoothSolver:  Solving for omega, Initial residual = 0.00189515, Final residual = 0.000119086, No Iterations 1
smoothSolver:  Solving for k, Initial residual = 0.00880099, Final residual = 0.000270438, No Iterations 1
ExecutionTime = 8.79661 s  ClockTime = 9 s

Time = 199s

smoothSolver:  Solving for Ux, Initial residual = 0.00268643, Final residual = 0.000169399, No Iterations 2
smoothSolver:  Solving for Uy, Initial residual = 0.357775, Final residual = 0.0262894, No Iterations 2
Pressure gradient source: uncorrected Ubar = 9.99953, pressure gradient = 20.8615
GAMG:  Solving for p, Initial residual = 0.0884748, Final residual = 0.000881286, No Iterations 76
time step continuity errors : sum local = 7.24235e-05, global = -1.99377e-16, cumulative = -3.24163e-15
Pressure gradient source: uncorrected Ubar = 9.99984, pressure gradient = 19.5005
smoothSolver:  Solving for omega, Initial residual = 0.00157655, Final residual = 0.000105389, No Iterations 1
smoothSolver:  Solving for k, Initial residual = 0.00343571, Final residual = 0.000180451, No Iterations 1
ExecutionTime = 8.84108 s  ClockTime = 9 s

Time = 200s

smoothSolver:  Solving for Ux, Initial residual = 0.00215736, Final residual = 0.000161236, No Iterations 2
smoothSolver:  Solving for Uy, Initial residual = 0.238075, Final residual = 0.017454, No Iterations 2
Pressure gradient source: uncorrected Ubar = 10.0005, pressure gradient = 17.1741
GAMG:  Solving for p, Initial residual = 0.080652, Final residual = 0.000780595, No Iterations 109
time step continuity errors : sum local = 5.56622e-05, global = 3.83326e-16, cumulative = -2.8583e-15
Pressure gradient source: uncorrected Ubar = 10.0002, pressure gradient = 18.6995
smoothSolver:  Solving for omega, Initial residual = 0.000944862, Final residual = 8.3183e-05, No Iterations 1
smoothSolver:  Solving for k, Initial residual = 0.00418792, Final residual = 0.000188868, No Iterations 1
ExecutionTime = 8.92451 s  ClockTime = 9 s

yPlus yPlus write:
    writing object yPlus
    patch bottomWall y+ : min = 11.1669, max = 11.4515, average = 11.4268
    patch topWall y+ : min = 11.1122, max = 11.2387, average = 11.1174

wallShearStress wallShearStress write:
    writing object wallShearStress
    min/max(bottomWall) = (-0.29441 -4.98153e-05 0), (-0.293424 5.73095e-05 0)
    min/max(topWall) = (-0.293122 -3.18263e-05 0), (-0.292714 3.95308e-05 0)

Time = 201s

smoothSolver:  Solving for Ux, Initial residual = 0.00210771, Final residual = 0.000156243, No Iterations 2
smoothSolver:  Solving for Uy, Initial residual = 0.224927, Final residual = 0.0158106, No Iterations 2
Pressure gradient source: uncorrected Ubar = 10.0001, pressure gradient = 18.2764
GAMG:  Solving for p, Initial residual = 0.278751, Final residual = 0.0027056, No Iterations 111
time step continuity errors : sum local = 3.26196e-05, global = -2.32516e-16, cumulative = -3.09082e-15
Pressure gradient source: uncorrected Ubar = 10, pressure gradient = 18.5798
smoothSolver:  Solving for omega, Initial residual = 0.000800023, Final residual = 7.63968e-05, No Iterations 1
smoothSolver:  Solving for k, Initial residual = 0.00365402, Final residual = 0.000187966, No Iterations 1
ExecutionTime = 8.98902 s  ClockTime = 9 s

Time = 202s

smoothSolver:  Solving for Ux, Initial residual = 0.0020445, Final residual = 0.000153192, No Iterations 2
smoothSolver:  Solving for Uy, Initial residual = 0.225268, Final residual = 0.0174194, No Iterations 2
Pressure gradient source: uncorrected Ubar = 10, pressure gradient = 18.4089
GAMG:  Solving for p, Initial residual = 0.0645947, Final residual = 0.000615137, No Iterations 88
time step continuity errors : sum local = 2.53904e-05, global = 2.24553e-16, cumulative = -2.86627e-15
Pressure gradient source: uncorrected Ubar = 10, pressure gradient = 18.5501
smoothSolver:  Solving for omega, Initial residual = 0.000757306, Final residual = 7.32162e-05, No Iterations 1
smoothSolver:  Solving for k, Initial residual = 0.00322283, Final residual = 0.000185141, No Iterations 1
ExecutionTime = 9.04094 s  ClockTime = 9 s

Time = 203s

smoothSolver:  Solving for Ux, Initial residual = 0.00197262, Final residual = 0.00015028, No Iterations 2
smoothSolver:  Solving for Uy, Initial residual = 0.20641, Final residual = 0.0150572, No Iterations 2
Pressure gradient source: uncorrected Ubar = 9.99998, pressure gradient = 18.6477
GAMG:  Solving for p, Initial residual = 0.0690614, Final residual = 0.000668007, No Iterations 112
time step continuity errors : sum local = 2.45611e-05, global = 3.2423e-16, cumulative = -2.54204e-15
Pressure gradient source: uncorrected Ubar = 9.99999, pressure gradient = 18.6115
smoothSolver:  Solving for omega, Initial residual = 0.00157335, Final residual = 7.61646e-05, No Iterations 1
smoothSolver:  Solving for k, Initial residual = 0.00704129, Final residual = 0.000190251, No Iterations 1
ExecutionTime = 9.10518 s  ClockTime = 9 s

Time = 204s

smoothSolver:  Solving for Ux, Initial residual = 0.00233913, Final residual = 0.00015631, No Iterations 2
smoothSolver:  Solving for Uy, Initial residual = 0.256073, Final residual = 0.0157751, No Iterations 2
Pressure gradient source: uncorrected Ubar = 9.99954, pressure gradient = 20.6869
GAMG:  Solving for p, Initial residual = 0.491413, Final residual = 0.00489158, No Iterations 91
time step continuity errors : sum local = 8.98194e-05, global = 1.13993e-16, cumulative = -2.42805e-15
Pressure gradient source: uncorrected Ubar = 9.99985, pressure gradient = 19.2668
smoothSolver:  Solving for omega, Initial residual = 0.00161712, Final residual = 7.59485e-05, No Iterations 1
smoothSolver:  Solving for k, Initial residual = 0.00401836, Final residual = 0.000186369, No Iterations 1
ExecutionTime = 9.15834 s  ClockTime = 9 s

Time = 205s

smoothSolver:  Solving for Ux, Initial residual = 0.00207515, Final residual = 0.000152616, No Iterations 2
smoothSolver:  Solving for Uy, Initial residual = 0.269751, Final residual = 0.0177324, No Iterations 2
Pressure gradient source: uncorrected Ubar = 10.0002, pressure gradient = 18.27
GAMG:  Solving for p, Initial residual = 0.10453, Final residual = 0.00103581, No Iterations 109
time step continuity errors : sum local = 7.23772e-05, global = -3.22999e-16, cumulative = -2.75104e-15
Pressure gradient source: uncorrected Ubar = 10.0001, pressure gradient = 18.8909
smoothSolver:  Solving for omega, Initial residual = 0.00108714, Final residual = 7.62499e-05, No Iterations 1
smoothSolver:  Solving for k, Initial residual = 0.00364913, Final residual = 0.000184776, No Iterations 1
ExecutionTime = 9.22279 s  ClockTime = 9 s

Time = 206s

smoothSolver:  Solving for Ux, Initial residual = 0.00193212, Final residual = 0.000145934, No Iterations 2
smoothSolver:  Solving for Uy, Initial residual = 0.180847, Final residual = 0.0117235, No Iterations 2
Pressure gradient source: uncorrected Ubar = 10.0001, pressure gradient = 18.3154
GAMG:  Solving for p, Initial residual = 0.235381, Final residual = 0.00232273, No Iterations 92
time step continuity errors : sum local = 8.55637e-05, global = -1.72808e-16, cumulative = -2.92385e-15
Pressure gradient source: uncorrected Ubar = 10, pressure gradient = 18.7083
smoothSolver:  Solving for omega, Initial residual = 0.00188378, Final residual = 0.000116671, No Iterations 1
smoothSolver:  Solving for k, Initial residual = 0.00899416, Final residual = 0.0002853, No Iterations 1
ExecutionTime = 9.27612 s  ClockTime = 9 s

Time = 207s

smoothSolver:  Solving for Ux, Initial residual = 0.00243899, Final residual = 0.000151611, No Iterations 2
smoothSolver:  Solving for Uy, Initial residual = 0.329169, Final residual = 0.0229002, No Iterations 2
Pressure gradient source: uncorrected Ubar = 9.99954, pressure gradient = 20.7999
GAMG:  Solving for p, Initial residual = 0.0906308, Final residual = 0.000876376, No Iterations 88
time step continuity errors : sum local = 7.26864e-05, global = 3.09454e-16, cumulative = -2.6144e-15
Pressure gradient source: uncorrected Ubar = 9.99984, pressure gradient = 19.4415
smoothSolver:  Solving for omega, Initial residual = 0.00157195, Final residual = 0.000101998, No Iterations 1
smoothSolver:  Solving for k, Initial residual = 0.00338571, Final residual = 0.000194121, No Iterations 1
ExecutionTime = 9.32636 s  ClockTime = 9 s

Time = 208s

smoothSolver:  Solving for Ux, Initial residual = 0.00194798, Final residual = 0.000144333, No Iterations 2
smoothSolver:  Solving for Uy, Initial residual = 0.26684, Final residual = 0.0183404, No Iterations 2
Pressure gradient source: uncorrected Ubar = 10.0005, pressure gradient = 17.1815
GAMG:  Solving for p, Initial residual = 0.101635, Final residual = 0.000964584, No Iterations 106
time step continuity errors : sum local = 5.87632e-05, global = -2.00156e-16, cumulative = -2.81455e-15
Pressure gradient source: uncorrected Ubar = 10.0002, pressure gradient = 18.6701
smoothSolver:  Solving for omega, Initial residual = 0.000927974, Final residual = 7.98891e-05, No Iterations 1
smoothSolver:  Solving for k, Initial residual = 0.00436925, Final residual = 0.000208002, No Iterations 1
ExecutionTime = 9.38592 s  ClockTime = 9 s

Time = 209s

smoothSolver:  Solving for Ux, Initial residual = 0.00190217, Final residual = 0.000139575, No Iterations 2
smoothSolver:  Solving for Uy, Initial residual = 0.267569, Final residual = 0.0182166, No Iterations 2
Pressure gradient source: uncorrected Ubar = 10.0001, pressure gradient = 18.2905
GAMG:  Solving for p, Initial residual = 0.388694, Final residual = 0.00383912, No Iterations 101
time step continuity errors : sum local = 3.86058e-05, global = -3.18555e-16, cumulative = -3.13311e-15
Pressure gradient source: uncorrected Ubar = 10, pressure gradient = 18.571
smoothSolver:  Solving for omega, Initial residual = 0.000777624, Final residual = 7.28604e-05, No Iterations 1
smoothSolver:  Solving for k, Initial residual = 0.00380814, Final residual = 0.000205622, No Iterations 1
ExecutionTime = 9.4435 s  ClockTime = 9 s

Time = 210s

smoothSolver:  Solving for Ux, Initial residual = 0.00183586, Final residual = 0.000136601, No Iterations 2
smoothSolver:  Solving for Uy, Initial residual = 0.249122, Final residual = 0.0177365, No Iterations 2
Pressure gradient source: uncorrected Ubar = 10, pressure gradient = 18.5888
GAMG:  Solving for p, Initial residual = 0.0723199, Final residual = 0.000707179, No Iterations 86
time step continuity errors : sum local = 3.09272e-05, global = 2.2173e-16, cumulative = -2.91138e-15
Pressure gradient source: uncorrected Ubar = 9.99999, pressure gradient = 18.6097
smoothSolver:  Solving for omega, Initial residual = 0.00153592, Final residual = 7.33996e-05, No Iterations 1
smoothSolver:  Solving for k, Initial residual = 0.00734285, Final residual = 0.000209008, No Iterations 1
ExecutionTime = 9.49481 s  ClockTime = 9 s

Time = 211s

smoothSolver:  Solving for Ux, Initial residual = 0.00217515, Final residual = 0.000142568, No Iterations 2
smoothSolver:  Solving for Uy, Initial residual = 0.283108, Final residual = 0.0176224, No Iterations 2
Pressure gradient source: uncorrected Ubar = 9.99956, pressure gradient = 20.6302
GAMG:  Solving for p, Initial residual = 0.210774, Final residual = 0.00200976, No Iterations 85
time step continuity errors : sum local = 9.67243e-05, global = 3.38653e-17, cumulative = -2.87751e-15
Pressure gradient source: uncorrected Ubar = 9.99986, pressure gradient = 19.2523
smoothSolver:  Solving for omega, Initial residual = 0.00157902, Final residual = 7.26222e-05, No Iterations 1
smoothSolver:  Solving for k, Initial residual = 0.00421016, Final residual = 0.000203694, No Iterations 1
ExecutionTime = 9.5448 s  ClockTime = 9 s

Time = 212s

smoothSolver:  Solving for Ux, Initial residual = 0.00192094, Final residual = 0.000139098, No Iterations 2
smoothSolver:  Solving for Uy, Initial residual = 0.344673, Final residual = 0.0234061, No Iterations 2
Pressure gradient source: uncorrected Ubar = 10.0002, pressure gradient = 18.2604
GAMG:  Solving for p, Initial residual = 0.0883086, Final residual = 0.000835605, No Iterations 114
time step continuity errors : sum local = 7.36674e-05, global = 3.92062e-17, cumulative = -2.83831e-15
Pressure gradient source: uncorrected Ubar = 10.0001, pressure gradient = 18.8828
smoothSolver:  Solving for omega, Initial residual = 0.00105672, Final residual = 7.27561e-05, No Iterations 1
smoothSolver:  Solving for k, Initial residual = 0.00389976, Final residual = 0.00020065, No Iterations 1
ExecutionTime = 9.60835 s  ClockTime = 9 s

Time = 213s

smoothSolver:  Solving for Ux, Initial residual = 0.00178042, Final residual = 0.000132346, No Iterations 2
smoothSolver:  Solving for Uy, Initial residual = 0.238437, Final residual = 0.0162456, No Iterations 2
Pressure gradient source: uncorrected Ubar = 10.0001, pressure gradient = 18.3494
GAMG:  Solving for p, Initial residual = 0.229438, Final residual = 0.00212221, No Iterations 96
time step continuity errors : sum local = 8.53711e-05, global = -3.27009e-17, cumulative = -2.87101e-15
Pressure gradient source: uncorrected Ubar = 10, pressure gradient = 18.7193
smoothSolver:  Solving for omega, Initial residual = 0.00184036, Final residual = 0.000112643, No Iterations 1
smoothSolver:  Solving for k, Initial residual = 0.00896435, Final residual = 0.000291736, No Iterations 1
ExecutionTime = 9.66359 s  ClockTime = 9 s

Time = 214s

smoothSolver:  Solving for Ux, Initial residual = 0.00225225, Final residual = 0.000137974, No Iterations 2
smoothSolver:  Solving for Uy, Initial residual = 0.385345, Final residual = 0.0271413, No Iterations 2
Pressure gradient source: uncorrected Ubar = 9.99954, pressure gradient = 20.8048
GAMG:  Solving for p, Initial residual = 0.0778224, Final residual = 0.000768376, No Iterations 94
time step continuity errors : sum local = 7.40467e-05, global = -6.61164e-16, cumulative = -3.53217e-15
Pressure gradient source: uncorrected Ubar = 9.99984, pressure gradient = 19.4551
smoothSolver:  Solving for omega, Initial residual = 0.0015325, Final residual = 9.80029e-05, No Iterations 1
smoothSolver:  Solving for k, Initial residual = 0.00334977, Final residual = 0.000200295, No Iterations 1
ExecutionTime = 9.71841 s  ClockTime = 10 s

Time = 215s

smoothSolver:  Solving for Ux, Initial residual = 0.00178945, Final residual = 0.000131039, No Iterations 2
smoothSolver:  Solving for Uy, Initial residual = 0.305349, Final residual = 0.0213514, No Iterations 2
Pressure gradient source: uncorrected Ubar = 10.0005, pressure gradient = 17.2358
GAMG:  Solving for p, Initial residual = 0.0919539, Final residual = 0.000902541, No Iterations 110
time step continuity errors : sum local = 6.2161e-05, global = -1.97412e-16, cumulative = -3.72958e-15
Pressure gradient source: uncorrected Ubar = 10.0002, pressure gradient = 18.7008
smoothSolver:  Solving for omega, Initial residual = 0.000895097, Final residual = 7.60426e-05, No Iterations 1
smoothSolver:  Solving for k, Initial residual = 0.00447075, Final residual = 0.000217366, No Iterations 1
ExecutionTime = 9.77995 s  ClockTime = 10 s

Time = 216s

smoothSolver:  Solving for Ux, Initial residual = 0.0017445, Final residual = 0.000126317, No Iterations 2
smoothSolver:  Solving for Uy, Initial residual = 0.310279, Final residual = 0.0219235, No Iterations 2
Pressure gradient source: uncorrected Ubar = 10.0001, pressure gradient = 18.3666
GAMG:  Solving for p, Initial residual = 0.305059, Final residual = 0.00300823, No Iterations 104
time step continuity errors : sum local = 4.04849e-05, global = -5.4666e-17, cumulative = -3.78425e-15
Pressure gradient source: uncorrected Ubar = 10, pressure gradient = 18.6198
smoothSolver:  Solving for omega, Initial residual = 0.00151653, Final residual = 7.26583e-05, No Iterations 1
smoothSolver:  Solving for k, Initial residual = 0.00750626, Final residual = 0.00021872, No Iterations 1
ExecutionTime = 9.83897 s  ClockTime = 10 s

Time = 217s

smoothSolver:  Solving for Ux, Initial residual = 0.00204525, Final residual = 0.000131692, No Iterations 2
smoothSolver:  Solving for Uy, Initial residual = 0.322408, Final residual = 0.0211345, No Iterations 2
Pressure gradient source: uncorrected Ubar = 9.99958, pressure gradient = 20.5499
GAMG:  Solving for p, Initial residual = 0.21717, Final residual = 0.0021002, No Iterations 84
time step continuity errors : sum local = 0.000131922, global = -1.55511e-16, cumulative = -3.93976e-15
Pressure gradient source: uncorrected Ubar = 9.99987, pressure gradient = 19.2389
smoothSolver:  Solving for omega, Initial residual = 0.00152273, Final residual = 6.98997e-05, No Iterations 1
smoothSolver:  Solving for k, Initial residual = 0.00444799, Final residual = 0.000214057, No Iterations 1
ExecutionTime = 9.88858 s  ClockTime = 10 s

Time = 218s

smoothSolver:  Solving for Ux, Initial residual = 0.00180939, Final residual = 0.000128518, No Iterations 2
smoothSolver:  Solving for Uy, Initial residual = 0.456402, Final residual = 0.0327801, No Iterations 2
Pressure gradient source: uncorrected Ubar = 10.0002, pressure gradient = 18.2892
GAMG:  Solving for p, Initial residual = 0.0813069, Final residual = 0.000763526, No Iterations 112
time step continuity errors : sum local = 0.000101139, global = 3.48021e-16, cumulative = -3.59174e-15
Pressure gradient source: uncorrected Ubar = 10.0001, pressure gradient = 18.8885
smoothSolver:  Solving for omega, Initial residual = 0.00101634, Final residual = 6.72389e-05, No Iterations 1
smoothSolver:  Solving for k, Initial residual = 0.00417755, Final residual = 0.000207945, No Iterations 1
ExecutionTime = 9.95401 s  ClockTime = 10 s

Time = 219s

smoothSolver:  Solving for Ux, Initial residual = 0.00167799, Final residual = 0.000122129, No Iterations 2
smoothSolver:  Solving for Uy, Initial residual = 0.284602, Final residual = 0.0189974, No Iterations 2
Pressure gradient source: uncorrected Ubar = 10.0001, pressure gradient = 18.2065
GAMG:  Solving for p, Initial residual = 0.519087, Final residual = 0.00491815, No Iterations 108
time step continuity errors : sum local = 7.83921e-05, global = 2.11036e-18, cumulative = -3.58963e-15
Pressure gradient source: uncorrected Ubar = 10, pressure gradient = 18.6749
smoothSolver:  Solving for omega, Initial residual = 0.00175998, Final residual = 0.00010841, No Iterations 1
smoothSolver:  Solving for k, Initial residual = 0.00871312, Final residual = 0.000293124, No Iterations 1
ExecutionTime = 10.0135 s  ClockTime = 10 s

Time = 220s

smoothSolver:  Solving for Ux, Initial residual = 0.00209207, Final residual = 0.000127004, No Iterations 2
smoothSolver:  Solving for Uy, Initial residual = 0.434337, Final residual = 0.0317254, No Iterations 2
Pressure gradient source: uncorrected Ubar = 9.99952, pressure gradient = 20.8772
GAMG:  Solving for p, Initial residual = 0.109422, Final residual = 0.00105781, No Iterations 74
time step continuity errors : sum local = 0.000127974, global = -4.82118e-16, cumulative = -4.07175e-15
Pressure gradient source: uncorrected Ubar = 9.99983, pressure gradient = 19.4578
smoothSolver:  Solving for omega, Initial residual = 0.00149568, Final residual = 9.44129e-05, No Iterations 1
smoothSolver:  Solving for k, Initial residual = 0.00345895, Final residual = 0.000202322, No Iterations 1
ExecutionTime = 10.0591 s  ClockTime = 10 s

Time = 221s

smoothSolver:  Solving for Ux, Initial residual = 0.00167866, Final residual = 0.000120552, No Iterations 2
smoothSolver:  Solving for Uy, Initial residual = 0.445998, Final residual = 0.0330134, No Iterations 2
Pressure gradient source: uncorrected Ubar = 10.0005, pressure gradient = 17.3706
GAMG:  Solving for p, Initial residual = 0.0900784, Final residual = 0.000866085, No Iterations 107
time step continuity errors : sum local = 8.14887e-05, global = -3.91684e-16, cumulative = -4.46343e-15
Pressure gradient source: uncorrected Ubar = 10.0002, pressure gradient = 18.7518
smoothSolver:  Solving for omega, Initial residual = 0.00087422, Final residual = 7.30112e-05, No Iterations 1
smoothSolver:  Solving for k, Initial residual = 0.00453671, Final residual = 0.000223154, No Iterations 1
ExecutionTime = 10.1223 s  ClockTime = 10 s

Time = 222s

smoothSolver:  Solving for Ux, Initial residual = 0.00162347, Final residual = 0.000115727, No Iterations 2
smoothSolver:  Solving for Uy, Initial residual = 0.262601, Final residual = 0.0181198, No Iterations 2
Pressure gradient source: uncorrected Ubar = 10.0001, pressure gradient = 18.5104
GAMG:  Solving for p, Initial residual = 0.403319, Final residual = 0.0038915, No Iterations 105
time step continuity errors : sum local = 6.05412e-05, global = 4.13188e-17, cumulative = -4.42211e-15
Pressure gradient source: uncorrected Ubar = 10, pressure gradient = 18.7036
smoothSolver:  Solving for omega, Initial residual = 0.00149717, Final residual = 6.9553e-05, No Iterations 1
smoothSolver:  Solving for k, Initial residual = 0.00759741, Final residual = 0.000223723, No Iterations 1
ExecutionTime = 10.1828 s  ClockTime = 10 s

Time = 223s

smoothSolver:  Solving for Ux, Initial residual = 0.00192616, Final residual = 0.000121342, No Iterations 2
smoothSolver:  Solving for Uy, Initial residual = 0.450144, Final residual = 0.0313544, No Iterations 2
Pressure gradient source: uncorrected Ubar = 9.9996, pressure gradient = 20.5682
GAMG:  Solving for p, Initial residual = 0.210309, Final residual = 0.00204257, No Iterations 86
time step continuity errors : sum local = 0.000147719, global = 2.01937e-16, cumulative = -4.22018e-15
Pressure gradient source: uncorrected Ubar = 9.99987, pressure gradient = 19.2997
smoothSolver:  Solving for omega, Initial residual = 0.00150145, Final residual = 6.64268e-05, No Iterations 1
smoothSolver:  Solving for k, Initial residual = 0.00450205, Final residual = 0.000217522, No Iterations 1
ExecutionTime = 10.233 s  ClockTime = 10 s

Time = 224s

smoothSolver:  Solving for Ux, Initial residual = 0.00168974, Final residual = 0.000118331, No Iterations 2
smoothSolver:  Solving for Uy, Initial residual = 0.486057, Final residual = 0.0356375, No Iterations 2
Pressure gradient source: uncorrected Ubar = 10.0002, pressure gradient = 18.3116
GAMG:  Solving for p, Initial residual = 0.0736056, Final residual = 0.000730012, No Iterations 113
time step continuity errors : sum local = 0.000106808, global = -2.02307e-16, cumulative = -4.42248e-15
Pressure gradient source: uncorrected Ubar = 10.0001, pressure gradient = 18.9369
smoothSolver:  Solving for omega, Initial residual = 0.000987621, Final residual = 6.36634e-05, No Iterations 1
smoothSolver:  Solving for k, Initial residual = 0.00420658, Final residual = 0.000210566, No Iterations 1
ExecutionTime = 10.2963 s  ClockTime = 10 s

Time = 225s

smoothSolver:  Solving for Ux, Initial residual = 0.00155559, Final residual = 0.000111502, No Iterations 2
smoothSolver:  Solving for Uy, Initial residual = 0.27016, Final residual = 0.0181162, No Iterations 2
Pressure gradient source: uncorrected Ubar = 10.0001, pressure gradient = 18.4063
GAMG:  Solving for p, Initial residual = 0.73206, Final residual = 0.00720723, No Iterations 109
time step continuity errors : sum local = 8.33979e-05, global = 1.88392e-16, cumulative = -4.23409e-15
Pressure gradient source: uncorrected Ubar = 10, pressure gradient = 18.7776
smoothSolver:  Solving for omega, Initial residual = 0.00173997, Final residual = 0.000105389, No Iterations 1
smoothSolver:  Solving for k, Initial residual = 0.00873149, Final residual = 0.000294206, No Iterations 1
ExecutionTime = 10.3589 s  ClockTime = 10 s

Time = 226s

smoothSolver:  Solving for Ux, Initial residual = 0.00196981, Final residual = 0.000117061, No Iterations 2
smoothSolver:  Solving for Uy, Initial residual = 0.51204, Final residual = 0.0379815, No Iterations 2
Pressure gradient source: uncorrected Ubar = 9.99955, pressure gradient = 20.85
GAMG:  Solving for p, Initial residual = 0.110679, Final residual = 0.00103724, No Iterations 76
time step continuity errors : sum local = 0.00012595, global = 9.1436e-17, cumulative = -4.14265e-15
Pressure gradient source: uncorrected Ubar = 9.99984, pressure gradient = 19.5158
smoothSolver:  Solving for omega, Initial residual = 0.00146808, Final residual = 9.08348e-05, No Iterations 1
smoothSolver:  Solving for k, Initial residual = 0.00344353, Final residual = 0.000202193, No Iterations 1
ExecutionTime = 10.4046 s  ClockTime = 10 s

Time = 227s

smoothSolver:  Solving for Ux, Initial residual = 0.00156125, Final residual = 0.000110607, No Iterations 2
smoothSolver:  Solving for Uy, Initial residual = 0.498562, Final residual = 0.03715, No Iterations 2
Pressure gradient source: uncorrected Ubar = 10.0004, pressure gradient = 17.4195
GAMG:  Solving for p, Initial residual = 0.0826952, Final residual = 0.000818897, No Iterations 111
time step continuity errors : sum local = 8.00874e-05, global = -4.01494e-16, cumulative = -4.54415e-15
Pressure gradient source: uncorrected Ubar = 10.0002, pressure gradient = 18.8074
smoothSolver:  Solving for omega, Initial residual = 0.000840879, Final residual = 6.92741e-05, No Iterations 1
smoothSolver:  Solving for k, Initial residual = 0.00451892, Final residual = 0.000222989, No Iterations 1
ExecutionTime = 10.4691 s  ClockTime = 10 s

Time = 228s

smoothSolver:  Solving for Ux, Initial residual = 0.00150287, Final residual = 0.000105642, No Iterations 2
smoothSolver:  Solving for Uy, Initial residual = 0.269695, Final residual = 0.0188651, No Iterations 2
Pressure gradient source: uncorrected Ubar = 10, pressure gradient = 18.6883
GAMG:  Solving for p, Initial residual = 0.377603, Final residual = 0.00375395, No Iterations 109
time step continuity errors : sum local = 6.24866e-05, global = 1.17945e-16, cumulative = -4.4262e-15
Pressure gradient source: uncorrected Ubar = 10, pressure gradient = 18.8014
smoothSolver:  Solving for omega, Initial residual = 0.00147353, Final residual = 6.61097e-05, No Iterations 1
smoothSolver:  Solving for k, Initial residual = 0.00758343, Final residual = 0.000223282, No Iterations 1
ExecutionTime = 10.5324 s  ClockTime = 10 s

Time = 229s

smoothSolver:  Solving for Ux, Initial residual = 0.00180955, Final residual = 0.000111647, No Iterations 2
smoothSolver:  Solving for Uy, Initial residual = 0.517117, Final residual = 0.0373971, No Iterations 2
Pressure gradient source: uncorrected Ubar = 9.99961, pressure gradient = 20.6106
GAMG:  Solving for p, Initial residual = 0.194563, Final residual = 0.00185775, No Iterations 84
time step continuity errors : sum local = 0.00014705, global = 1.71866e-17, cumulative = -4.40902e-15
Pressure gradient source: uncorrected Ubar = 9.99988, pressure gradient = 19.3771
smoothSolver:  Solving for omega, Initial residual = 0.00147508, Final residual = 6.28008e-05, No Iterations 1
smoothSolver:  Solving for k, Initial residual = 0.00447681, Final residual = 0.000216768, No Iterations 1
ExecutionTime = 10.5799 s  ClockTime = 10 s

Time = 230s

smoothSolver:  Solving for Ux, Initial residual = 0.00157587, Final residual = 0.000108683, No Iterations 2
smoothSolver:  Solving for Uy, Initial residual = 0.507095, Final residual = 0.0376091, No Iterations 2
Pressure gradient source: uncorrected Ubar = 10.0002, pressure gradient = 18.3483
GAMG:  Solving for p, Initial residual = 0.0730563, Final residual = 0.00069634, No Iterations 114
time step continuity errors : sum local = 0.000103566, global = 1.98485e-16, cumulative = -4.21053e-15
Pressure gradient source: uncorrected Ubar = 10.0001, pressure gradient = 19
smoothSolver:  Solving for omega, Initial residual = 0.000954686, Final residual = 5.9861e-05, No Iterations 1
smoothSolver:  Solving for k, Initial residual = 0.00417734, Final residual = 0.000209137, No Iterations 1
ExecutionTime = 10.6435 s  ClockTime = 10 s

Time = 231s

smoothSolver:  Solving for Ux, Initial residual = 0.00143726, Final residual = 0.000101495, No Iterations 2
smoothSolver:  Solving for Uy, Initial residual = 0.281358, Final residual = 0.0191627, No Iterations 2
Pressure gradient source: uncorrected Ubar = 10.0001, pressure gradient = 18.609
GAMG:  Solving for p, Initial residual = 0.718793, Final residual = 0.00715878, No Iterations 109
time step continuity errors : sum local = 8.42387e-05, global = -5.25687e-17, cumulative = -4.2631e-15
Pressure gradient source: uncorrected Ubar = 10, pressure gradient = 18.8902
smoothSolver:  Solving for omega, Initial residual = 0.0017181, Final residual = 0.000102333, No Iterations 1
smoothSolver:  Solving for k, Initial residual = 0.00871033, Final residual = 0.000292606, No Iterations 1
ExecutionTime = 10.7051 s  ClockTime = 10 s

Time = 232s

smoothSolver:  Solving for Ux, Initial residual = 0.00185642, Final residual = 0.000107826, No Iterations 2
smoothSolver:  Solving for Uy, Initial residual = 0.551771, Final residual = 0.0416014, No Iterations 2
Pressure gradient source: uncorrected Ubar = 9.99958, pressure gradient = 20.8398
GAMG:  Solving for p, Initial residual = 0.107966, Final residual = 0.00103557, No Iterations 78
time step continuity errors : sum local = 0.000129407, global = -4.32553e-16, cumulative = -4.69565e-15
Pressure gradient source: uncorrected Ubar = 9.99985, pressure gradient = 19.5853
smoothSolver:  Solving for omega, Initial residual = 0.00143878, Final residual = 8.72815e-05, No Iterations 1
smoothSolver:  Solving for k, Initial residual = 0.00340436, Final residual = 0.000200085, No Iterations 1
ExecutionTime = 10.7534 s  ClockTime = 11 s

Time = 233s

smoothSolver:  Solving for Ux, Initial residual = 0.00145109, Final residual = 0.000101324, No Iterations 2
smoothSolver:  Solving for Uy, Initial residual = 0.50524, Final residual = 0.03779, No Iterations 2
Pressure gradient source: uncorrected Ubar = 10.0004, pressure gradient = 17.4677
GAMG:  Solving for p, Initial residual = 0.0821543, Final residual = 0.000792165, No Iterations 113
time step continuity errors : sum local = 7.84107e-05, global = 1.50037e-16, cumulative = -4.54562e-15
Pressure gradient source: uncorrected Ubar = 10.0002, pressure gradient = 18.8697
smoothSolver:  Solving for omega, Initial residual = 0.000807114, Final residual = 6.55367e-05, No Iterations 1
smoothSolver:  Solving for k, Initial residual = 0.00447987, Final residual = 0.000220109, No Iterations 1
ExecutionTime = 10.8189 s  ClockTime = 11 s

Time = 234s

smoothSolver:  Solving for Ux, Initial residual = 0.00139003, Final residual = 9.62541e-05, No Iterations 2
smoothSolver:  Solving for Uy, Initial residual = 0.277166, Final residual = 0.0196494, No Iterations 2
Pressure gradient source: uncorrected Ubar = 10, pressure gradient = 18.8548
GAMG:  Solving for p, Initial residual = 0.426552, Final residual = 0.0041874, No Iterations 111
time step continuity errors : sum local = 6.16781e-05, global = 4.76032e-16, cumulative = -4.06959e-15
Pressure gradient source: uncorrected Ubar = 9.99999, pressure gradient = 18.8994
smoothSolver:  Solving for omega, Initial residual = 0.00144754, Final residual = 6.26405e-05, No Iterations 1
smoothSolver:  Solving for k, Initial residual = 0.00753873, Final residual = 0.000219916, No Iterations 1
ExecutionTime = 10.8833 s  ClockTime = 11 s

Time = 235s

smoothSolver:  Solving for Ux, Initial residual = 0.00170038, Final residual = 0.000102671, No Iterations 2
smoothSolver:  Solving for Uy, Initial residual = 0.544089, Final residual = 0.0398269, No Iterations 2
Pressure gradient source: uncorrected Ubar = 9.99963, pressure gradient = 20.6584
GAMG:  Solving for p, Initial residual = 0.18015, Final residual = 0.00166876, No Iterations 82
time step continuity errors : sum local = 0.000143549, global = 1.92634e-17, cumulative = -4.05032e-15
Pressure gradient source: uncorrected Ubar = 9.99988, pressure gradient = 19.4564
smoothSolver:  Solving for omega, Initial residual = 0.00144649, Final residual = 5.91531e-05, No Iterations 1
smoothSolver:  Solving for k, Initial residual = 0.0044317, Final residual = 0.000213277, No Iterations 1
ExecutionTime = 10.9341 s  ClockTime = 11 s

Time = 236s

smoothSolver:  Solving for Ux, Initial residual = 0.00147109, Final residual = 9.97001e-05, No Iterations 2
smoothSolver:  Solving for Uy, Initial residual = 0.510192, Final residual = 0.037865, No Iterations 2
Pressure gradient source: uncorrected Ubar = 10.0002, pressure gradient = 18.3897
GAMG:  Solving for p, Initial residual = 0.0729576, Final residual = 0.000721751, No Iterations 114
time step continuity errors : sum local = 0.000108168, global = 2.70396e-16, cumulative = -3.77993e-15
Pressure gradient source: uncorrected Ubar = 10.0001, pressure gradient = 19.0658
smoothSolver:  Solving for omega, Initial residual = 0.000920583, Final residual = 5.60511e-05, No Iterations 1
smoothSolver:  Solving for k, Initial residual = 0.00412998, Final residual = 0.000205171, No Iterations 1
ExecutionTime = 10.9981 s  ClockTime = 11 s

Time = 237s

smoothSolver:  Solving for Ux, Initial residual = 0.00132765, Final residual = 9.22928e-05, No Iterations 2
smoothSolver:  Solving for Uy, Initial residual = 0.29359, Final residual = 0.0202948, No Iterations 2
Pressure gradient source: uncorrected Ubar = 10.0001, pressure gradient = 18.7963
GAMG:  Solving for p, Initial residual = 0.527156, Final residual = 0.00520673, No Iterations 109
time step continuity errors : sum local = 8.3708e-05, global = 3.73709e-16, cumulative = -3.40622e-15
Pressure gradient source: uncorrected Ubar = 10, pressure gradient = 18.9989
smoothSolver:  Solving for omega, Initial residual = 0.00169394, Final residual = 9.92134e-05, No Iterations 1
smoothSolver:  Solving for k, Initial residual = 0.00865357, Final residual = 0.000288276, No Iterations 1
ExecutionTime = 11.0626 s  ClockTime = 11 s

Time = 238s

smoothSolver:  Solving for Ux, Initial residual = 0.00175129, Final residual = 9.93461e-05, No Iterations 2
smoothSolver:  Solving for Uy, Initial residual = 0.578951, Final residual = 0.043848, No Iterations 2
Pressure gradient source: uncorrected Ubar = 9.99961, pressure gradient = 20.8399
GAMG:  Solving for p, Initial residual = 0.105124, Final residual = 0.00102055, No Iterations 80
time step continuity errors : sum local = 0.000131077, global = 3.61827e-17, cumulative = -3.37003e-15
Pressure gradient source: uncorrected Ubar = 9.99986, pressure gradient = 19.6558
smoothSolver:  Solving for omega, Initial residual = 0.00140849, Final residual = 8.37108e-05, No Iterations 1
smoothSolver:  Solving for k, Initial residual = 0.00335027, Final residual = 0.000195901, No Iterations 1
ExecutionTime = 11.112 s  ClockTime = 11 s

Time = 239s

smoothSolver:  Solving for Ux, Initial residual = 0.00134749, Final residual = 9.2679e-05, No Iterations 2
smoothSolver:  Solving for Uy, Initial residual = 0.503837, Final residual = 0.037701, No Iterations 2
Pressure gradient source: uncorrected Ubar = 10.0004, pressure gradient = 17.5765
GAMG:  Solving for p, Initial residual = 0.0823627, Final residual = 0.00080465, No Iterations 114
time step continuity errors : sum local = 7.98006e-05, global = -1.23821e-16, cumulative = -3.49386e-15
Pressure gradient source: uncorrected Ubar = 10.0001, pressure gradient = 18.953
smoothSolver:  Solving for omega, Initial residual = 0.00151541, Final residual = 6.57868e-05, No Iterations 1
smoothSolver:  Solving for k, Initial residual = 0.00758347, Final residual = 0.00021848, No Iterations 1
ExecutionTime = 11.1791 s  ClockTime = 11 s

Time = 240s

smoothSolver:  Solving for Ux, Initial residual = 0.00159775, Final residual = 9.58331e-05, No Iterations 2
smoothSolver:  Solving for Uy, Initial residual = 0.307205, Final residual = 0.0210784, No Iterations 2
Pressure gradient source: uncorrected Ubar = 9.99965, pressure gradient = 20.5883
GAMG:  Solving for p, Initial residual = 0.944215, Final residual = 0.00935333, No Iterations 102
time step continuity errors : sum local = 0.000156614, global = -2.53489e-16, cumulative = -3.74734e-15
Pressure gradient source: uncorrected Ubar = 9.99989, pressure gradient = 19.4722
smoothSolver:  Solving for omega, Initial residual = 0.00141301, Final residual = 5.8974e-05, No Iterations 1
smoothSolver:  Solving for k, Initial residual = 0.00472917, Final residual = 0.000214482, No Iterations 1
ExecutionTime = 11.2372 s  ClockTime = 11 s

Time = 241s

smoothSolver:  Solving for Ux, Initial residual = 0.0014049, Final residual = 9.30655e-05, No Iterations 2
smoothSolver:  Solving for Uy, Initial residual = 0.662897, Final residual = 0.051494, No Iterations 2
Pressure gradient source: uncorrected Ubar = 10.0002, pressure gradient = 18.3895
GAMG:  Solving for p, Initial residual = 0.0705017, Final residual = 0.00067545, No Iterations 106
time step continuity errors : sum local = 0.000102403, global = 4.84811e-17, cumulative = -3.69886e-15
Pressure gradient source: uncorrected Ubar = 10.0001, pressure gradient = 19.0807
smoothSolver:  Solving for omega, Initial residual = 0.000886437, Final residual = 5.39206e-05, No Iterations 1
smoothSolver:  Solving for k, Initial residual = 0.00450305, Final residual = 0.000207485, No Iterations 1
ExecutionTime = 11.2995 s  ClockTime = 11 s

Time = 242s

smoothSolver:  Solving for Ux, Initial residual = 0.00130035, Final residual = 8.70279e-05, No Iterations 2
smoothSolver:  Solving for Uy, Initial residual = 0.405612, Final residual = 0.0286223, No Iterations 2
Pressure gradient source: uncorrected Ubar = 10.0001, pressure gradient = 18.4238
GAMG:  Solving for p, Initial residual = 0.140972, Final residual = 0.00139864, No Iterations 115
time step continuity errors : sum local = 9.12632e-05, global = 2.94161e-17, cumulative = -3.66945e-15
Pressure gradient source: uncorrected Ubar = 10, pressure gradient = 18.8797
smoothSolver:  Solving for omega, Initial residual = 0.00160044, Final residual = 9.3171e-05, No Iterations 1
smoothSolver:  Solving for k, Initial residual = 0.00823681, Final residual = 0.000276202, No Iterations 1
ExecutionTime = 11.3647 s  ClockTime = 11 s

Time = 243s

smoothSolver:  Solving for Ux, Initial residual = 0.00163754, Final residual = 9.23917e-05, No Iterations 2
smoothSolver:  Solving for Uy, Initial residual = 0.433106, Final residual = 0.0328281, No Iterations 2
Pressure gradient source: uncorrected Ubar = 9.99955, pressure gradient = 21.03
GAMG:  Solving for p, Initial residual = 0.152321, Final residual = 0.00146671, No Iterations 68
time step continuity errors : sum local = 0.000135517, global = -2.15458e-17, cumulative = -3.69099e-15
Pressure gradient source: uncorrected Ubar = 9.99984, pressure gradient = 19.6508
smoothSolver:  Solving for omega, Initial residual = 0.00132759, Final residual = 7.9148e-05, No Iterations 1
smoothSolver:  Solving for k, Initial residual = 0.00354038, Final residual = 0.000190674, No Iterations 1
ExecutionTime = 11.4077 s  ClockTime = 11 s

Time = 244s

smoothSolver:  Solving for Ux, Initial residual = 0.00127159, Final residual = 8.58281e-05, No Iterations 2
smoothSolver:  Solving for Uy, Initial residual = 0.626631, Final residual = 0.0486574, No Iterations 2
Pressure gradient source: uncorrected Ubar = 10.0004, pressure gradient = 17.6964
GAMG:  Solving for p, Initial residual = 0.0565013, Final residual = 0.000547215, No Iterations 113
time step continuity errors : sum local = 5.85562e-05, global = -2.17774e-16, cumulative = -3.90877e-15
Pressure gradient source: uncorrected Ubar = 10.0001, pressure gradient = 18.9938
smoothSolver:  Solving for omega, Initial residual = 0.00148556, Final residual = 6.23507e-05, No Iterations 1
smoothSolver:  Solving for k, Initial residual = 0.00766774, Final residual = 0.000217647, No Iterations 1
ExecutionTime = 11.4727 s  ClockTime = 11 s

Time = 245s

smoothSolver:  Solving for Ux, Initial residual = 0.00152671, Final residual = 8.92843e-05, No Iterations 2
smoothSolver:  Solving for Uy, Initial residual = 0.312642, Final residual = 0.0220195, No Iterations 2
Pressure gradient source: uncorrected Ubar = 9.99965, pressure gradient = 20.6408
GAMG:  Solving for p, Initial residual = 0.371035, Final residual = 0.00353308, No Iterations 103
time step continuity errors : sum local = 0.000159521, global = 1.73513e-17, cumulative = -3.89142e-15
Pressure gradient source: uncorrected Ubar = 9.99989, pressure gradient = 19.5182
smoothSolver:  Solving for omega, Initial residual = 0.00139097, Final residual = 5.60492e-05, No Iterations 1
smoothSolver:  Solving for k, Initial residual = 0.0047455, Final residual = 0.000212532, No Iterations 1
ExecutionTime = 11.5335 s  ClockTime = 11 s

Time = 246s

smoothSolver:  Solving for Ux, Initial residual = 0.00133446, Final residual = 8.65055e-05, No Iterations 2
smoothSolver:  Solving for Uy, Initial residual = 0.668653, Final residual = 0.0528571, No Iterations 2
Pressure gradient source: uncorrected Ubar = 10.0002, pressure gradient = 18.4006
GAMG:  Solving for p, Initial residual = 0.088561, Final residual = 0.000841091, No Iterations 98
time step continuity errors : sum local = 0.00011188, global = -8.73487e-18, cumulative = -3.90015e-15
Pressure gradient source: uncorrected Ubar = 10.0001, pressure gradient = 19.1158
smoothSolver:  Solving for omega, Initial residual = 0.00086192, Final residual = 5.08836e-05, No Iterations 1
smoothSolver:  Solving for k, Initial residual = 0.00450152, Final residual = 0.000205261, No Iterations 1
ExecutionTime = 11.5908 s  ClockTime = 11 s

Time = 247s

smoothSolver:  Solving for Ux, Initial residual = 0.00123076, Final residual = 8.05814e-05, No Iterations 2
smoothSolver:  Solving for Uy, Initial residual = 0.514633, Final residual = 0.0380439, No Iterations 2
Pressure gradient source: uncorrected Ubar = 10.0001, pressure gradient = 18.5285
GAMG:  Solving for p, Initial residual = 0.126017, Final residual = 0.00117966, No Iterations 114
time step continuity errors : sum local = 8.05237e-05, global = 4.83515e-16, cumulative = -3.41664e-15
Pressure gradient source: uncorrected Ubar = 10, pressure gradient = 18.9405
smoothSolver:  Solving for omega, Initial residual = 0.00157909, Final residual = 9.06768e-05, No Iterations 1
smoothSolver:  Solving for k, Initial residual = 0.00818965, Final residual = 0.000271803, No Iterations 1
ExecutionTime = 11.6546 s  ClockTime = 11 s

Time = 248s

smoothSolver:  Solving for Ux, Initial residual = 0.00155679, Final residual = 8.61667e-05, No Iterations 2
smoothSolver:  Solving for Uy, Initial residual = 0.33756, Final residual = 0.024424, No Iterations 2
Pressure gradient source: uncorrected Ubar = 9.99956, pressure gradient = 21.0339
GAMG:  Solving for p, Initial residual = 0.181752, Final residual = 0.00175944, No Iterations 73
time step continuity errors : sum local = 0.000130841, global = -2.02254e-16, cumulative = -3.61889e-15
Pressure gradient source: uncorrected Ubar = 9.99984, pressure gradient = 19.6926
smoothSolver:  Solving for omega, Initial residual = 0.00130443, Final residual = 7.61255e-05, No Iterations 1
smoothSolver:  Solving for k, Initial residual = 0.00350592, Final residual = 0.000185432, No Iterations 1
ExecutionTime = 11.7004 s  ClockTime = 11 s

Time = 249s

smoothSolver:  Solving for Ux, Initial residual = 0.001197, Final residual = 7.95904e-05, No Iterations 2
smoothSolver:  Solving for Uy, Initial residual = 0.650025, Final residual = 0.0517108, No Iterations 2
Pressure gradient source: uncorrected Ubar = 10.0004, pressure gradient = 17.8054
GAMG:  Solving for p, Initial residual = 0.0586814, Final residual = 0.000580705, No Iterations 110
time step continuity errors : sum local = 5.46314e-05, global = 7.54897e-17, cumulative = -3.5434e-15
Pressure gradient source: uncorrected Ubar = 10.0001, pressure gradient = 19.059
smoothSolver:  Solving for omega, Initial residual = 0.00146348, Final residual = 5.9701e-05, No Iterations 1
smoothSolver:  Solving for k, Initial residual = 0.00761386, Final residual = 0.000212725, No Iterations 1
ExecutionTime = 11.7633 s  ClockTime = 12 s

Time = 250s

smoothSolver:  Solving for Ux, Initial residual = 0.00145309, Final residual = 8.31255e-05, No Iterations 2
smoothSolver:  Solving for Uy, Initial residual = 0.386708, Final residual = 0.0275905, No Iterations 2
Pressure gradient source: uncorrected Ubar = 9.99966, pressure gradient = 20.674
GAMG:  Solving for p, Initial residual = 0.384209, Final residual = 0.0038302, No Iterations 102
time step continuity errors : sum local = 0.000160005, global = 3.88439e-16, cumulative = -3.15496e-15
Pressure gradient source: uncorrected Ubar = 9.99989, pressure gradient = 19.5719
smoothSolver:  Solving for omega, Initial residual = 0.00136868, Final residual = 5.32439e-05, No Iterations 1
smoothSolver:  Solving for k, Initial residual = 0.00469104, Final residual = 0.000207472, No Iterations 1
ExecutionTime = 11.8222 s  ClockTime = 12 s

Time = 251s

smoothSolver:  Solving for Ux, Initial residual = 0.00126313, Final residual = 8.03578e-05, No Iterations 2
smoothSolver:  Solving for Uy, Initial residual = 0.637048, Final residual = 0.0495605, No Iterations 2
Pressure gradient source: uncorrected Ubar = 10.0002, pressure gradient = 18.4325
GAMG:  Solving for p, Initial residual = 0.0908322, Final residual = 0.000884997, No Iterations 98
time step continuity errors : sum local = 0.000111151, global = 2.0191e-16, cumulative = -2.95305e-15
Pressure gradient source: uncorrected Ubar = 10.0001, pressure gradient = 19.1621
smoothSolver:  Solving for omega, Initial residual = 0.000838294, Final residual = 4.80515e-05, No Iterations 1
smoothSolver:  Solving for k, Initial residual = 0.00444017, Final residual = 0.000200207, No Iterations 1
ExecutionTime = 11.8805 s  ClockTime = 12 s

Time = 252s

smoothSolver:  Solving for Ux, Initial residual = 0.00115908, Final residual = 7.4451e-05, No Iterations 2
smoothSolver:  Solving for Uy, Initial residual = 0.543373, Final residual = 0.0400962, No Iterations 2
Pressure gradient source: uncorrected Ubar = 10.0001, pressure gradient = 18.6606
GAMG:  Solving for p, Initial residual = 0.138082, Final residual = 0.00135172, No Iterations 112
time step continuity errors : sum local = 8.14052e-05, global = 4.00605e-16, cumulative = -2.55244e-15
Pressure gradient source: uncorrected Ubar = 10, pressure gradient = 19.0174
smoothSolver:  Solving for omega, Initial residual = 0.00155959, Final residual = 8.83059e-05, No Iterations 1
smoothSolver:  Solving for k, Initial residual = 0.0081343, Final residual = 0.000266498, No Iterations 1
ExecutionTime = 11.9448 s  ClockTime = 12 s

Time = 253s

smoothSolver:  Solving for Ux, Initial residual = 0.00148415, Final residual = 8.04519e-05, No Iterations 2
smoothSolver:  Solving for Uy, Initial residual = 0.348311, Final residual = 0.0253063, No Iterations 2
Pressure gradient source: uncorrected Ubar = 9.99958, pressure gradient = 21.0342
GAMG:  Solving for p, Initial residual = 0.177017, Final residual = 0.00170411, No Iterations 68
time step continuity errors : sum local = 0.000129033, global = 5.18478e-17, cumulative = -2.5006e-15
Pressure gradient source: uncorrected Ubar = 9.99985, pressure gradient = 19.7428
smoothSolver:  Solving for omega, Initial residual = 0.00128164, Final residual = 7.34212e-05, No Iterations 1
smoothSolver:  Solving for k, Initial residual = 0.00343694, Final residual = 0.000179488, No Iterations 1
ExecutionTime = 11.9883 s  ClockTime = 12 s

Time = 254s

smoothSolver:  Solving for Ux, Initial residual = 0.00112581, Final residual = 7.38145e-05, No Iterations 2
smoothSolver:  Solving for Uy, Initial residual = 0.630177, Final residual = 0.050155, No Iterations 2
Pressure gradient source: uncorrected Ubar = 10.0004, pressure gradient = 17.9064
GAMG:  Solving for p, Initial residual = 0.0605303, Final residual = 0.000573136, No Iterations 112
time step continuity errors : sum local = 5.16251e-05, global = 1.41435e-16, cumulative = -2.35916e-15
Pressure gradient source: uncorrected Ubar = 10.0001, pressure gradient = 19.1265
smoothSolver:  Solving for omega, Initial residual = 0.00144265, Final residual = 5.71854e-05, No Iterations 1
smoothSolver:  Solving for k, Initial residual = 0.00754325, Final residual = 0.000206727, No Iterations 1
ExecutionTime = 12.0513 s  ClockTime = 12 s

Time = 255s

smoothSolver:  Solving for Ux, Initial residual = 0.00138326, Final residual = 7.73919e-05, No Iterations 2
smoothSolver:  Solving for Uy, Initial residual = 0.389546, Final residual = 0.0276998, No Iterations 2
Pressure gradient source: uncorrected Ubar = 9.99967, pressure gradient = 20.7085
GAMG:  Solving for p, Initial residual = 0.45964, Final residual = 0.00433592, No Iterations 101
time step continuity errors : sum local = 0.000151363, global = 1.06164e-16, cumulative = -2.253e-15
Pressure gradient source: uncorrected Ubar = 9.9999, pressure gradient = 19.6273
smoothSolver:  Solving for omega, Initial residual = 0.00134658, Final residual = 5.0616e-05, No Iterations 1
smoothSolver:  Solving for k, Initial residual = 0.00461935, Final residual = 0.000201272, No Iterations 1
ExecutionTime = 12.1105 s  ClockTime = 12 s

Time = 256s

smoothSolver:  Solving for Ux, Initial residual = 0.00119566, Final residual = 7.46796e-05, No Iterations 2
smoothSolver:  Solving for Uy, Initial residual = 0.632338, Final residual = 0.0490065, No Iterations 2
Pressure gradient source: uncorrected Ubar = 10.0002, pressure gradient = 18.4671
GAMG:  Solving for p, Initial residual = 0.0899588, Final residual = 0.000861506, No Iterations 100
time step continuity errors : sum local = 0.000109093, global = 5.08318e-16, cumulative = -1.74468e-15
Pressure gradient source: uncorrected Ubar = 10.0001, pressure gradient = 19.2102
smoothSolver:  Solving for omega, Initial residual = 0.000814768, Final residual = 4.53935e-05, No Iterations 1
smoothSolver:  Solving for k, Initial residual = 0.00436708, Final residual = 0.000194024, No Iterations 1
ExecutionTime = 12.169 s  ClockTime = 12 s

Time = 257s

smoothSolver:  Solving for Ux, Initial residual = 0.00109124, Final residual = 6.87828e-05, No Iterations 2
smoothSolver:  Solving for Uy, Initial residual = 0.537837, Final residual = 0.0394731, No Iterations 2
Pressure gradient source: uncorrected Ubar = 10.0001, pressure gradient = 18.7817
GAMG:  Solving for p, Initial residual = 0.147557, Final residual = 0.00143329, No Iterations 112
time step continuity errors : sum local = 8.04598e-05, global = 3.38684e-16, cumulative = -1.406e-15
Pressure gradient source: uncorrected Ubar = 10, pressure gradient = 19.0913
smoothSolver:  Solving for omega, Initial residual = 0.00153969, Final residual = 8.59828e-05, No Iterations 1
smoothSolver:  Solving for k, Initial residual = 0.00806216, Final residual = 0.000260278, No Iterations 1
ExecutionTime = 12.2335 s  ClockTime = 12 s

Time = 258s

smoothSolver:  Solving for Ux, Initial residual = 0.00141635, Final residual = 7.51211e-05, No Iterations 2
smoothSolver:  Solving for Uy, Initial residual = 0.358482, Final residual = 0.0261863, No Iterations 2
Pressure gradient source: uncorrected Ubar = 9.99959, pressure gradient = 21.0408
GAMG:  Solving for p, Initial residual = 0.168752, Final residual = 0.00161427, No Iterations 64
time step continuity errors : sum local = 0.000128861, global = -1.18244e-16, cumulative = -1.52424e-15
Pressure gradient source: uncorrected Ubar = 9.99985, pressure gradient = 19.7931
smoothSolver:  Solving for omega, Initial residual = 0.00125879, Final residual = 7.08557e-05, No Iterations 1
smoothSolver:  Solving for k, Initial residual = 0.00336307, Final residual = 0.0001731, No Iterations 1
ExecutionTime = 12.2756 s  ClockTime = 12 s

Time = 259s

smoothSolver:  Solving for Ux, Initial residual = 0.00105964, Final residual = 6.85165e-05, No Iterations 2
smoothSolver:  Solving for Uy, Initial residual = 0.621038, Final residual = 0.049486, No Iterations 2
Pressure gradient source: uncorrected Ubar = 10.0004, pressure gradient = 18.0004
GAMG:  Solving for p, Initial residual = 0.0606028, Final residual = 0.000569233, No Iterations 114
time step continuity errors : sum local = 5.14095e-05, global = 2.96181e-16, cumulative = -1.22806e-15
Pressure gradient source: uncorrected Ubar = 10.0001, pressure gradient = 19.1915
smoothSolver:  Solving for omega, Initial residual = 0.00142224, Final residual = 5.47944e-05, No Iterations 1
smoothSolver:  Solving for k, Initial residual = 0.0074655, Final residual = 0.000200236, No Iterations 1
ExecutionTime = 12.3468 s  ClockTime = 12 s

Time = 260s

smoothSolver:  Solving for Ux, Initial residual = 0.00131798, Final residual = 7.20301e-05, No Iterations 2
smoothSolver:  Solving for Uy, Initial residual = 0.378212, Final residual = 0.0266397, No Iterations 2
Pressure gradient source: uncorrected Ubar = 9.99968, pressure gradient = 20.7434
GAMG:  Solving for p, Initial residual = 0.528531, Final residual = 0.00526036, No Iterations 100
time step continuity errors : sum local = 0.000160092, global = -8.20844e-17, cumulative = -1.31014e-15
Pressure gradient source: uncorrected Ubar = 9.9999, pressure gradient = 19.6812
smoothSolver:  Solving for omega, Initial residual = 0.00132485, Final residual = 4.81301e-05, No Iterations 1
smoothSolver:  Solving for k, Initial residual = 0.00454343, Final residual = 0.000194675, No Iterations 1
ExecutionTime = 12.4124 s  ClockTime = 12 s

Time = 261s

smoothSolver:  Solving for Ux, Initial residual = 0.00113246, Final residual = 6.94092e-05, No Iterations 2
smoothSolver:  Solving for Uy, Initial residual = 0.64544, Final residual = 0.0501227, No Iterations 2
Pressure gradient source: uncorrected Ubar = 10.0002, pressure gradient = 18.5022
GAMG:  Solving for p, Initial residual = 0.0885329, Final residual = 0.000880847, No Iterations 101
time step continuity errors : sum local = 0.000113349, global = 1.65125e-16, cumulative = -1.14502e-15
Pressure gradient source: uncorrected Ubar = 10.0001, pressure gradient = 19.2573
smoothSolver:  Solving for omega, Initial residual = 0.000792034, Final residual = 4.28871e-05, No Iterations 1
smoothSolver:  Solving for k, Initial residual = 0.00429062, Final residual = 0.000187448, No Iterations 1
ExecutionTime = 12.4719 s  ClockTime = 12 s

Time = 262s

smoothSolver:  Solving for Ux, Initial residual = 0.00102908, Final residual = 6.36284e-05, No Iterations 2
smoothSolver:  Solving for Uy, Initial residual = 0.532479, Final residual = 0.0389721, No Iterations 2
Pressure gradient source: uncorrected Ubar = 10.0001, pressure gradient = 18.8929
GAMG:  Solving for p, Initial residual = 0.153126, Final residual = 0.00149115, No Iterations 112
time step continuity errors : sum local = 8.11338e-05, global = 5.39141e-16, cumulative = -6.05878e-16
Pressure gradient source: uncorrected Ubar = 10, pressure gradient = 19.1612
smoothSolver:  Solving for omega, Initial residual = 0.00152021, Final residual = 8.3758e-05, No Iterations 1
smoothSolver:  Solving for k, Initial residual = 0.0079823, Final residual = 0.000253706, No Iterations 1
ExecutionTime = 12.5328 s  ClockTime = 12 s

Time = 263s

smoothSolver:  Solving for Ux, Initial residual = 0.00135309, Final residual = 7.01418e-05, No Iterations 2
smoothSolver:  Solving for Uy, Initial residual = 0.365615, Final residual = 0.0267565, No Iterations 2
Pressure gradient source: uncorrected Ubar = 9.99961, pressure gradient = 21.0508
GAMG:  Solving for p, Initial residual = 0.163198, Final residual = 0.00157935, No Iterations 62
time step continuity errors : sum local = 0.000131023, global = -1.00287e-16, cumulative = -7.06165e-16
Pressure gradient source: uncorrected Ubar = 9.99986, pressure gradient = 19.8419
smoothSolver:  Solving for omega, Initial residual = 0.00123671, Final residual = 6.8422e-05, No Iterations 1
smoothSolver:  Solving for k, Initial residual = 0.00328768, Final residual = 0.0001666, No Iterations 1
ExecutionTime = 12.5722 s  ClockTime = 12 s

Time = 264s

smoothSolver:  Solving for Ux, Initial residual = 0.00099884, Final residual = 6.36127e-05, No Iterations 2
smoothSolver:  Solving for Uy, Initial residual = 0.622898, Final residual = 0.0496507, No Iterations 2
Pressure gradient source: uncorrected Ubar = 10.0004, pressure gradient = 18.0882
GAMG:  Solving for p, Initial residual = 0.0602853, Final residual = 0.000597763, No Iterations 114
time step continuity errors : sum local = 5.458e-05, global = 3.51137e-16, cumulative = -3.55028e-16
Pressure gradient source: uncorrected Ubar = 10.0001, pressure gradient = 19.2535
smoothSolver:  Solving for omega, Initial residual = 0.00140249, Final residual = 5.2534e-05, No Iterations 1
smoothSolver:  Solving for k, Initial residual = 0.00738431, Final residual = 0.000193662, No Iterations 1
ExecutionTime = 12.6355 s  ClockTime = 12 s

Time = 265s

smoothSolver:  Solving for Ux, Initial residual = 0.00125692, Final residual = 6.70285e-05, No Iterations 2
smoothSolver:  Solving for Uy, Initial residual = 0.373438, Final residual = 0.0262651, No Iterations 2
Pressure gradient source: uncorrected Ubar = 9.99969, pressure gradient = 20.7781
GAMG:  Solving for p, Initial residual = 0.589132, Final residual = 0.00583732, No Iterations 99
time step continuity errors : sum local = 0.000159879, global = 3.75217e-16, cumulative = 2.01888e-17
Pressure gradient source: uncorrected Ubar = 9.9999, pressure gradient = 19.733
smoothSolver:  Solving for omega, Initial residual = 0.00130391, Final residual = 4.57859e-05, No Iterations 1
smoothSolver:  Solving for k, Initial residual = 0.00446594, Final residual = 0.000188001, No Iterations 1
ExecutionTime = 12.6948 s  ClockTime = 12 s

Time = 266s

smoothSolver:  Solving for Ux, Initial residual = 0.00107339, Final residual = 6.45044e-05, No Iterations 2
smoothSolver:  Solving for Uy, Initial residual = 0.658834, Final residual = 0.0511939, No Iterations 2
Pressure gradient source: uncorrected Ubar = 10.0002, pressure gradient = 18.5367
GAMG:  Solving for p, Initial residual = 0.0877891, Final residual = 0.000837136, No Iterations 102
time step continuity errors : sum local = 0.000109341, global = 3.51426e-16, cumulative = 3.71615e-16
Pressure gradient source: uncorrected Ubar = 10.0001, pressure gradient = 19.3029
smoothSolver:  Solving for omega, Initial residual = 0.000770399, Final residual = 4.05283e-05, No Iterations 1
smoothSolver:  Solving for k, Initial residual = 0.00421287, Final residual = 0.000180766, No Iterations 1
ExecutionTime = 12.7546 s  ClockTime = 13 s

Time = 267s

smoothSolver:  Solving for Ux, Initial residual = 0.000971378, Final residual = 5.88894e-05, No Iterations 2
smoothSolver:  Solving for Uy, Initial residual = 0.53042, Final residual = 0.0387743, No Iterations 2
Pressure gradient source: uncorrected Ubar = 10.0001, pressure gradient = 18.9962
GAMG:  Solving for p, Initial residual = 0.156048, Final residual = 0.00153567, No Iterations 112
time step continuity errors : sum local = 8.21219e-05, global = 2.3732e-16, cumulative = 6.08935e-16
Pressure gradient source: uncorrected Ubar = 10, pressure gradient = 19.2272
smoothSolver:  Solving for omega, Initial residual = 0.00150147, Final residual = 8.16484e-05, No Iterations 1
smoothSolver:  Solving for k, Initial residual = 0.00789923, Final residual = 0.000246986, No Iterations 1
ExecutionTime = 12.8194 s  ClockTime = 13 s

Time = 268s

smoothSolver:  Solving for Ux, Initial residual = 0.00129407, Final residual = 6.55019e-05, No Iterations 2
smoothSolver:  Solving for Uy, Initial residual = 0.372146, Final residual = 0.0272799, No Iterations 2
Pressure gradient source: uncorrected Ubar = 9.99962, pressure gradient = 21.0627
GAMG:  Solving for p, Initial residual = 0.15992, Final residual = 0.00156547, No Iterations 61
time step continuity errors : sum local = 0.000132961, global = -6.23453e-17, cumulative = 5.4659e-16
Pressure gradient source: uncorrected Ubar = 9.99986, pressure gradient = 19.8888
smoothSolver:  Solving for omega, Initial residual = 0.00121563, Final residual = 6.61241e-05, No Iterations 1
smoothSolver:  Solving for k, Initial residual = 0.00321189, Final residual = 0.00016, No Iterations 1
ExecutionTime = 12.8582 s  ClockTime = 13 s

Time = 269s

smoothSolver:  Solving for Ux, Initial residual = 0.000943057, Final residual = 5.90469e-05, No Iterations 2
smoothSolver:  Solving for Uy, Initial residual = 0.627099, Final residual = 0.0499805, No Iterations 2
Pressure gradient source: uncorrected Ubar = 10.0004, pressure gradient = 18.1704
GAMG:  Solving for p, Initial residual = 0.0601199, Final residual = 0.00056921, No Iterations 116
time step continuity errors : sum local = 5.22978e-05, global = -1.90292e-16, cumulative = 3.56298e-16
Pressure gradient source: uncorrected Ubar = 10.0001, pressure gradient = 19.3123
smoothSolver:  Solving for omega, Initial residual = 0.00138356, Final residual = 5.04059e-05, No Iterations 1
smoothSolver:  Solving for k, Initial residual = 0.00730173, Final residual = 0.000186974, No Iterations 1
ExecutionTime = 12.923 s  ClockTime = 13 s

Time = 270s

smoothSolver:  Solving for Ux, Initial residual = 0.00120004, Final residual = 6.24052e-05, No Iterations 2
smoothSolver:  Solving for Uy, Initial residual = 0.373241, Final residual = 0.0263292, No Iterations 2
Pressure gradient source: uncorrected Ubar = 9.99969, pressure gradient = 20.812
GAMG:  Solving for p, Initial residual = 0.644275, Final residual = 0.00633774, No Iterations 99
time step continuity errors : sum local = 0.000159003, global = 1.81634e-16, cumulative = 5.37932e-16
Pressure gradient source: uncorrected Ubar = 9.9999, pressure gradient = 19.7826
smoothSolver:  Solving for omega, Initial residual = 0.0012839, Final residual = 4.35826e-05, No Iterations 1
smoothSolver:  Solving for k, Initial residual = 0.00438823, Final residual = 0.000181227, No Iterations 1
ExecutionTime = 12.9808 s  ClockTime = 13 s

Time = 271s

smoothSolver:  Solving for Ux, Initial residual = 0.00101849, Final residual = 5.99839e-05, No Iterations 2
smoothSolver:  Solving for Uy, Initial residual = 0.66759, Final residual = 0.0519847, No Iterations 2
Pressure gradient source: uncorrected Ubar = 10.0002, pressure gradient = 18.5703
GAMG:  Solving for p, Initial residual = 0.0873235, Final residual = 0.000850874, No Iterations 102
time step continuity errors : sum local = 0.000111945, global = -4.04899e-16, cumulative = 1.33034e-16
Pressure gradient source: uncorrected Ubar = 10.0001, pressure gradient = 19.3467
smoothSolver:  Solving for omega, Initial residual = 0.000749952, Final residual = 3.8314e-05, No Iterations 1
smoothSolver:  Solving for k, Initial residual = 0.00413534, Final residual = 0.000173992, No Iterations 1
ExecutionTime = 13.0387 s  ClockTime = 13 s

Time = 272s

smoothSolver:  Solving for Ux, Initial residual = 0.000917687, Final residual = 5.46083e-05, No Iterations 2
smoothSolver:  Solving for Uy, Initial residual = 0.528832, Final residual = 0.0386297, No Iterations 2
Pressure gradient source: uncorrected Ubar = 10.0001, pressure gradient = 19.0924
GAMG:  Solving for p, Initial residual = 0.159801, Final residual = 0.00149002, No Iterations 114
time step continuity errors : sum local = 7.79666e-05, global = 4.97558e-16, cumulative = 6.30592e-16
Pressure gradient source: uncorrected Ubar = 10, pressure gradient = 19.2895
smoothSolver:  Solving for omega, Initial residual = 0.00148356, Final residual = 7.96564e-05, No Iterations 1
smoothSolver:  Solving for k, Initial residual = 0.00781581, Final residual = 0.000240172, No Iterations 1
ExecutionTime = 13.102 s  ClockTime = 13 s

Time = 273s

smoothSolver:  Solving for Ux, Initial residual = 0.00123959, Final residual = 6.121e-05, No Iterations 2
smoothSolver:  Solving for Uy, Initial residual = 0.378849, Final residual = 0.0278994, No Iterations 2
Pressure gradient source: uncorrected Ubar = 9.99963, pressure gradient = 21.0756
GAMG:  Solving for p, Initial residual = 0.157122, Final residual = 0.00150654, No Iterations 60
time step continuity errors : sum local = 0.000130647, global = 2.10406e-16, cumulative = 8.40998e-16
Pressure gradient source: uncorrected Ubar = 9.99987, pressure gradient = 19.9336
smoothSolver:  Solving for omega, Initial residual = 0.00119562, Final residual = 6.39627e-05, No Iterations 1
smoothSolver:  Solving for k, Initial residual = 0.00313745, Final residual = 0.000153352, No Iterations 1
ExecutionTime = 13.1411 s  ClockTime = 13 s

Time = 274s

smoothSolver:  Solving for Ux, Initial residual = 0.000891101, Final residual = 5.48184e-05, No Iterations 2
smoothSolver:  Solving for Uy, Initial residual = 0.631181, Final residual = 0.050319, No Iterations 2
Pressure gradient source: uncorrected Ubar = 10.0003, pressure gradient = 18.2472
GAMG:  Solving for p, Initial residual = 0.0598849, Final residual = 0.000589243, No Iterations 116
time step continuity errors : sum local = 5.45333e-05, global = 6.15564e-16, cumulative = 1.45656e-15
Pressure gradient source: uncorrected Ubar = 10.0001, pressure gradient = 19.368
smoothSolver:  Solving for omega, Initial residual = 0.0013655, Final residual = 4.84072e-05, No Iterations 1
smoothSolver:  Solving for k, Initial residual = 0.00722022, Final residual = 0.000180259, No Iterations 1
ExecutionTime = 13.206 s  ClockTime = 13 s

Time = 275s

smoothSolver:  Solving for Ux, Initial residual = 0.00114717, Final residual = 5.81182e-05, No Iterations 2
smoothSolver:  Solving for Uy, Initial residual = 0.373703, Final residual = 0.0264194, No Iterations 2
Pressure gradient source: uncorrected Ubar = 9.9997, pressure gradient = 20.8448
GAMG:  Solving for p, Initial residual = 0.715443, Final residual = 0.00696428, No Iterations 99
time step continuity errors : sum local = 0.000157621, global = 4.48303e-16, cumulative = 1.90486e-15
Pressure gradient source: uncorrected Ubar = 9.99991, pressure gradient = 19.8297
smoothSolver:  Solving for omega, Initial residual = 0.00126489, Final residual = 4.15162e-05, No Iterations 1
smoothSolver:  Solving for k, Initial residual = 0.00431244, Final residual = 0.000174447, No Iterations 1
ExecutionTime = 13.2655 s  ClockTime = 13 s

Time = 276s

smoothSolver:  Solving for Ux, Initial residual = 0.00096766, Final residual = 5.58183e-05, No Iterations 2
smoothSolver:  Solving for Uy, Initial residual = 0.67518, Final residual = 0.0526892, No Iterations 2
Pressure gradient source: uncorrected Ubar = 10.0003, pressure gradient = 18.6028
GAMG:  Solving for p, Initial residual = 0.0866156, Final residual = 0.000861306, No Iterations 102
time step continuity errors : sum local = 0.000114438, global = -3.60417e-17, cumulative = 1.86882e-15
Pressure gradient source: uncorrected Ubar = 10.0001, pressure gradient = 19.3886
smoothSolver:  Solving for omega, Initial residual = 0.000730696, Final residual = 3.62403e-05, No Iterations 1
smoothSolver:  Solving for k, Initial residual = 0.00405984, Final residual = 0.000167229, No Iterations 1
ExecutionTime = 13.3246 s  ClockTime = 13 s

Time = 277s

smoothSolver:  Solving for Ux, Initial residual = 0.000867833, Final residual = 5.07403e-05, No Iterations 2
smoothSolver:  Solving for Uy, Initial residual = 0.527399, Final residual = 0.0384744, No Iterations 2
Pressure gradient source: uncorrected Ubar = 10, pressure gradient = 19.1819
GAMG:  Solving for p, Initial residual = 0.162987, Final residual = 0.00151853, No Iterations 114
time step continuity errors : sum local = 7.8024e-05, global = -1.42183e-16, cumulative = 1.72664e-15
Pressure gradient source: uncorrected Ubar = 10, pressure gradient = 19.3482
smoothSolver:  Solving for omega, Initial residual = 0.0014665, Final residual = 7.77794e-05, No Iterations 1
smoothSolver:  Solving for k, Initial residual = 0.00773379, Final residual = 0.000233373, No Iterations 1
ExecutionTime = 13.389 s  ClockTime = 13 s

Time = 278s

smoothSolver:  Solving for Ux, Initial residual = 0.00118953, Final residual = 5.72994e-05, No Iterations 2
smoothSolver:  Solving for Uy, Initial residual = 0.385986, Final residual = 0.0285242, No Iterations 2
Pressure gradient source: uncorrected Ubar = 9.99964, pressure gradient = 21.0891
GAMG:  Solving for p, Initial residual = 0.154429, Final residual = 0.00149501, No Iterations 59
time step continuity errors : sum local = 0.000132344, global = -4.56458e-16, cumulative = 1.27018e-15
Pressure gradient source: uncorrected Ubar = 9.99987, pressure gradient = 19.9764
smoothSolver:  Solving for omega, Initial residual = 0.0011767, Final residual = 6.19459e-05, No Iterations 1
smoothSolver:  Solving for k, Initial residual = 0.00306505, Final residual = 0.000146741, No Iterations 1
ExecutionTime = 13.4268 s  ClockTime = 13 s

Time = 279s

smoothSolver:  Solving for Ux, Initial residual = 0.000842795, Final residual = 5.09326e-05, No Iterations 2
smoothSolver:  Solving for Uy, Initial residual = 0.636077, Final residual = 0.0507278, No Iterations 2
Pressure gradient source: uncorrected Ubar = 10.0003, pressure gradient = 18.319
GAMG:  Solving for p, Initial residual = 0.0597988, Final residual = 0.000561003, No Iterations 118
time step continuity errors : sum local = 5.21283e-05, global = -1.73686e-16, cumulative = 1.09649e-15
Pressure gradient source: uncorrected Ubar = 10.0001, pressure gradient = 19.4205
smoothSolver:  Solving for omega, Initial residual = 0.00134834, Final residual = 4.65328e-05, No Iterations 1
smoothSolver:  Solving for k, Initial residual = 0.00714034, Final residual = 0.000173601, No Iterations 1
ExecutionTime = 13.492 s  ClockTime = 13 s

Time = 280s

smoothSolver:  Solving for Ux, Initial residual = 0.00109808, Final residual = 5.41625e-05, No Iterations 2
smoothSolver:  Solving for Uy, Initial residual = 0.373248, Final residual = 0.0264353, No Iterations 2
Pressure gradient source: uncorrected Ubar = 9.9997, pressure gradient = 20.8764
GAMG:  Solving for p, Initial residual = 0.786976, Final residual = 0.00760858, No Iterations 99
time step continuity errors : sum local = 0.00015684, global = -6.7192e-17, cumulative = 1.0293e-15
Pressure gradient source: uncorrected Ubar = 9.99991, pressure gradient = 19.8743
smoothSolver:  Solving for omega, Initial residual = 0.00124691, Final residual = 3.95811e-05, No Iterations 1
smoothSolver:  Solving for k, Initial residual = 0.00423864, Final residual = 0.000167741, No Iterations 1
ExecutionTime = 13.5512 s  ClockTime = 13 s

Time = 281s

smoothSolver:  Solving for Ux, Initial residual = 0.000921033, Final residual = 5.19707e-05, No Iterations 2
smoothSolver:  Solving for Uy, Initial residual = 0.681918, Final residual = 0.0532895, No Iterations 2
Pressure gradient source: uncorrected Ubar = 10.0003, pressure gradient = 18.634
GAMG:  Solving for p, Initial residual = 0.0862446, Final residual = 0.000808031, No Iterations 104
time step continuity errors : sum local = 0.000108, global = 2.36402e-16, cumulative = 1.2657e-15
Pressure gradient source: uncorrected Ubar = 10.0001, pressure gradient = 19.4284
smoothSolver:  Solving for omega, Initial residual = 0.000712635, Final residual = 3.43014e-05, No Iterations 1
smoothSolver:  Solving for k, Initial residual = 0.00398659, Final residual = 0.000160554, No Iterations 1
ExecutionTime = 13.6118 s  ClockTime = 13 s

Time = 282s

smoothSolver:  Solving for Ux, Initial residual = 0.00082164, Final residual = 4.7239e-05, No Iterations 2
smoothSolver:  Solving for Uy, Initial residual = 0.5263, Final residual = 0.0383665, No Iterations 2
Pressure gradient source: uncorrected Ubar = 10, pressure gradient = 19.2651
GAMG:  Solving for p, Initial residual = 0.166913, Final residual = 0.00166307, No Iterations 113
time step continuity errors : sum local = 8.38835e-05, global = -1.85579e-16, cumulative = 1.08013e-15
Pressure gradient source: uncorrected Ubar = 10, pressure gradient = 19.4034
smoothSolver:  Solving for omega, Initial residual = 0.00145029, Final residual = 7.60135e-05, No Iterations 1
smoothSolver:  Solving for k, Initial residual = 0.00765395, Final residual = 0.000226665, No Iterations 1
ExecutionTime = 13.6744 s  ClockTime = 13 s

Time = 283s

smoothSolver:  Solving for Ux, Initial residual = 0.00114308, Final residual = 5.36756e-05, No Iterations 2
smoothSolver:  Solving for Uy, Initial residual = 0.39359, Final residual = 0.029168, No Iterations 2
Pressure gradient source: uncorrected Ubar = 9.99965, pressure gradient = 21.1029
GAMG:  Solving for p, Initial residual = 0.152261, Final residual = 0.00144999, No Iterations 58
time step continuity errors : sum local = 0.00013061, global = -1.57408e-17, cumulative = 1.06439e-15
Pressure gradient source: uncorrected Ubar = 9.99987, pressure gradient = 20.0169
smoothSolver:  Solving for omega, Initial residual = 0.00115897, Final residual = 6.00535e-05, No Iterations 1
smoothSolver:  Solving for k, Initial residual = 0.00299533, Final residual = 0.000140234, No Iterations 1
ExecutionTime = 13.7126 s  ClockTime = 14 s

Time = 284s

smoothSolver:  Solving for Ux, Initial residual = 0.000797928, Final residual = 4.74042e-05, No Iterations 2
smoothSolver:  Solving for Uy, Initial residual = 0.641506, Final residual = 0.0511727, No Iterations 2
Pressure gradient source: uncorrected Ubar = 10.0003, pressure gradient = 18.3858
GAMG:  Solving for p, Initial residual = 0.059648, Final residual = 0.000576538, No Iterations 118
time step continuity errors : sum local = 5.39012e-05, global = -1.19286e-16, cumulative = 9.45099e-16
Pressure gradient source: uncorrected Ubar = 10.0001, pressure gradient = 19.4698
smoothSolver:  Solving for omega, Initial residual = 0.00133206, Final residual = 4.47827e-05, No Iterations 1
smoothSolver:  Solving for k, Initial residual = 0.00706277, Final residual = 0.000167063, No Iterations 1
ExecutionTime = 13.778 s  ClockTime = 14 s

Time = 285s

smoothSolver:  Solving for Ux, Initial residual = 0.00105253, Final residual = 5.05535e-05, No Iterations 2
smoothSolver:  Solving for Uy, Initial residual = 0.37237, Final residual = 0.0264206, No Iterations 2
Pressure gradient source: uncorrected Ubar = 9.99971, pressure gradient = 20.9067
GAMG:  Solving for p, Initial residual = 0.87943, Final residual = 0.00842134, No Iterations 99
time step continuity errors : sum local = 0.000155628, global = -4.28297e-17, cumulative = 9.02269e-16
Pressure gradient source: uncorrected Ubar = 9.99991, pressure gradient = 19.9166
smoothSolver:  Solving for omega, Initial residual = 0.00123, Final residual = 3.77708e-05, No Iterations 1
smoothSolver:  Solving for k, Initial residual = 0.00416724, Final residual = 0.000161169, No Iterations 1
ExecutionTime = 13.8377 s  ClockTime = 14 s

Time = 286s

smoothSolver:  Solving for Ux, Initial residual = 0.000878118, Final residual = 4.84163e-05, No Iterations 2
smoothSolver:  Solving for Uy, Initial residual = 0.686843, Final residual = 0.0537296, No Iterations 2
Pressure gradient source: uncorrected Ubar = 10.0003, pressure gradient = 18.6638
GAMG:  Solving for p, Initial residual = 0.0856402, Final residual = 0.000820798, No Iterations 104
time step continuity errors : sum local = 0.000110616, global = 1.43903e-16, cumulative = 1.04617e-15
Pressure gradient source: uncorrected Ubar = 10.0001, pressure gradient = 19.4662
smoothSolver:  Solving for omega, Initial residual = 0.000695673, Final residual = 3.24888e-05, No Iterations 1
smoothSolver:  Solving for k, Initial residual = 0.00391564, Final residual = 0.000154036, No Iterations 1
ExecutionTime = 13.8987 s  ClockTime = 14 s

Time = 287s

smoothSolver:  Solving for Ux, Initial residual = 0.000778811, Final residual = 4.39941e-05, No Iterations 2
smoothSolver:  Solving for Uy, Initial residual = 0.526488, Final residual = 0.0383321, No Iterations 2
Pressure gradient source: uncorrected Ubar = 10, pressure gradient = 19.3425
GAMG:  Solving for p, Initial residual = 0.169623, Final residual = 0.00159256, No Iterations 114
time step continuity errors : sum local = 7.88879e-05, global = 2.18237e-16, cumulative = 1.26441e-15
Pressure gradient source: uncorrected Ubar = 10, pressure gradient = 19.4552
smoothSolver:  Solving for omega, Initial residual = 0.00143493, Final residual = 7.43538e-05, No Iterations 1
smoothSolver:  Solving for k, Initial residual = 0.00757609, Final residual = 0.000220138, No Iterations 1
ExecutionTime = 13.9618 s  ClockTime = 14 s

Time = 288s

smoothSolver:  Solving for Ux, Initial residual = 0.0011, Final residual = 5.03293e-05, No Iterations 2
smoothSolver:  Solving for Uy, Initial residual = 0.401428, Final residual = 0.029819, No Iterations 2
Pressure gradient source: uncorrected Ubar = 9.99966, pressure gradient = 21.1168
GAMG:  Solving for p, Initial residual = 0.150073, Final residual = 0.00149862, No Iterations 56
time step continuity errors : sum local = 0.000137223, global = -3.21895e-16, cumulative = 9.42515e-16
Pressure gradient source: uncorrected Ubar = 9.99988, pressure gradient = 20.0553
smoothSolver:  Solving for omega, Initial residual = 0.00114229, Final residual = 5.82791e-05, No Iterations 1
smoothSolver:  Solving for k, Initial residual = 0.00292765, Final residual = 0.000133935, No Iterations 1
ExecutionTime = 13.9977 s  ClockTime = 14 s

Time = 289s

smoothSolver:  Solving for Ux, Initial residual = 0.000756366, Final residual = 4.41457e-05, No Iterations 2
smoothSolver:  Solving for Uy, Initial residual = 0.646438, Final residual = 0.0515782, No Iterations 2
Pressure gradient source: uncorrected Ubar = 10.0003, pressure gradient = 18.448
GAMG:  Solving for p, Initial residual = 0.059436, Final residual = 0.000590346, No Iterations 118
time step continuity errors : sum local = 5.55598e-05, global = 3.4838e-16, cumulative = 1.2909e-15
Pressure gradient source: uncorrected Ubar = 10.0001, pressure gradient = 19.5162
smoothSolver:  Solving for omega, Initial residual = 0.00131666, Final residual = 4.31529e-05, No Iterations 1
smoothSolver:  Solving for k, Initial residual = 0.00698709, Final residual = 0.000160769, No Iterations 1
ExecutionTime = 14.0648 s  ClockTime = 14 s

Time = 290s

smoothSolver:  Solving for Ux, Initial residual = 0.00101032, Final residual = 4.72484e-05, No Iterations 2
smoothSolver:  Solving for Uy, Initial residual = 0.371357, Final residual = 0.0263939, No Iterations 2
Pressure gradient source: uncorrected Ubar = 9.99971, pressure gradient = 20.9357
GAMG:  Solving for p, Initial residual = 0.962932, Final residual = 0.00914481, No Iterations 99
time step continuity errors : sum local = 0.000154636, global = 4.1432e-16, cumulative = 1.70522e-15
Pressure gradient source: uncorrected Ubar = 9.99991, pressure gradient = 19.9564
smoothSolver:  Solving for omega, Initial residual = 0.00121402, Final residual = 3.60809e-05, No Iterations 1
smoothSolver:  Solving for k, Initial residual = 0.00409783, Final residual = 0.000154869, No Iterations 1
ExecutionTime = 14.1231 s  ClockTime = 14 s

Time = 291s

smoothSolver:  Solving for Ux, Initial residual = 0.000838714, Final residual = 4.51334e-05, No Iterations 2
smoothSolver:  Solving for Uy, Initial residual = 0.689657, Final residual = 0.0539946, No Iterations 2
Pressure gradient source: uncorrected Ubar = 10.0003, pressure gradient = 18.6923
GAMG:  Solving for p, Initial residual = 0.0852372, Final residual = 0.000829232, No Iterations 104
time step continuity errors : sum local = 0.000112468, global = -4.99959e-16, cumulative = 1.20526e-15
Pressure gradient source: uncorrected Ubar = 10.0001, pressure gradient = 19.5019
smoothSolver:  Solving for omega, Initial residual = 0.000679758, Final residual = 3.0795e-05, No Iterations 1
smoothSolver:  Solving for k, Initial residual = 0.00384676, Final residual = 0.00014781, No Iterations 1
ExecutionTime = 14.1836 s  ClockTime = 14 s

Time = 292s

smoothSolver:  Solving for Ux, Initial residual = 0.000739148, Final residual = 4.09944e-05, No Iterations 2
smoothSolver:  Solving for Uy, Initial residual = 0.526672, Final residual = 0.0383059, No Iterations 2
Pressure gradient source: uncorrected Ubar = 10, pressure gradient = 19.4143
GAMG:  Solving for p, Initial residual = 0.172221, Final residual = 0.00162282, No Iterations 114
time step continuity errors : sum local = 7.93032e-05, global = 1.11837e-16, cumulative = 1.31709e-15
Pressure gradient source: uncorrected Ubar = 10, pressure gradient = 19.5037
smoothSolver:  Solving for omega, Initial residual = 0.0014204, Final residual = 7.27949e-05, No Iterations 1
smoothSolver:  Solving for k, Initial residual = 0.00750017, Final residual = 0.000213891, No Iterations 1
ExecutionTime = 14.2489 s  ClockTime = 14 s

Time = 293s

smoothSolver:  Solving for Ux, Initial residual = 0.00106069, Final residual = 4.72318e-05, No Iterations 2
smoothSolver:  Solving for Uy, Initial residual = 0.409217, Final residual = 0.0304531, No Iterations 2
Pressure gradient source: uncorrected Ubar = 9.99967, pressure gradient = 21.1306
GAMG:  Solving for p, Initial residual = 0.148431, Final residual = 0.00142953, No Iterations 56
time step continuity errors : sum local = 0.000132709, global = -8.81252e-18, cumulative = 1.30828e-15
Pressure gradient source: uncorrected Ubar = 9.99988, pressure gradient = 20.0915
smoothSolver:  Solving for omega, Initial residual = 0.00113573, Final residual = 5.81339e-05, No Iterations 1
smoothSolver:  Solving for k, Initial residual = 0.00289525, Final residual = 0.000130078, No Iterations 1
ExecutionTime = 14.2861 s  ClockTime = 14 s

Time = 294s

smoothSolver:  Solving for Ux, Initial residual = 0.000720354, Final residual = 4.11636e-05, No Iterations 2
smoothSolver:  Solving for Uy, Initial residual = 0.655373, Final residual = 0.0513603, No Iterations 2
Pressure gradient source: uncorrected Ubar = 10.0003, pressure gradient = 18.5235
GAMG:  Solving for p, Initial residual = 0.0830745, Final residual = 0.000830288, No Iterations 109
time step continuity errors : sum local = 7.96129e-05, global = -9.49037e-17, cumulative = 1.21338e-15
Pressure gradient source: uncorrected Ubar = 10.0001, pressure gradient = 19.5646
smoothSolver:  Solving for omega, Initial residual = 0.00130011, Final residual = 4.04433e-05, No Iterations 1
smoothSolver:  Solving for k, Initial residual = 0.00686968, Final residual = 0.000150648, No Iterations 1
ExecutionTime = 14.3518 s  ClockTime = 14 s

Time = 295s

smoothSolver:  Solving for Ux, Initial residual = 0.000966981, Final residual = 4.41529e-05, No Iterations 2
smoothSolver:  Solving for Uy, Initial residual = 0.379507, Final residual = 0.0270062, No Iterations 2
Pressure gradient source: uncorrected Ubar = 9.99972, pressure gradient = 20.9323
GAMG:  Solving for p, Initial residual = 0.822092, Final residual = 0.00809065, No Iterations 99
time step continuity errors : sum local = 0.000168794, global = -2.55795e-17, cumulative = 1.1878e-15
Pressure gradient source: uncorrected Ubar = 9.99991, pressure gradient = 19.9873
smoothSolver:  Solving for omega, Initial residual = 0.00119033, Final residual = 3.35054e-05, No Iterations 1
smoothSolver:  Solving for k, Initial residual = 0.004045, Final residual = 0.000150008, No Iterations 1
ExecutionTime = 14.4184 s  ClockTime = 14 s

Time = 296s

smoothSolver:  Solving for Ux, Initial residual = 0.00080243, Final residual = 4.20506e-05, No Iterations 2
smoothSolver:  Solving for Uy, Initial residual = 0.688504, Final residual = 0.053691, No Iterations 2
Pressure gradient source: uncorrected Ubar = 10.0003, pressure gradient = 18.7265
GAMG:  Solving for p, Initial residual = 0.0903164, Final residual = 0.000884137, No Iterations 102
time step continuity errors : sum local = 0.00012103, global = -2.92995e-17, cumulative = 1.1585e-15
Pressure gradient source: uncorrected Ubar = 10.0001, pressure gradient = 19.5342
smoothSolver:  Solving for omega, Initial residual = 0.000663121, Final residual = 2.89245e-05, No Iterations 1
smoothSolver:  Solving for k, Initial residual = 0.00377416, Final residual = 0.000141544, No Iterations 1
ExecutionTime = 14.5065 s  ClockTime = 14 s

Time = 297s

smoothSolver:  Solving for Ux, Initial residual = 0.000701769, Final residual = 3.81869e-05, No Iterations 2
smoothSolver:  Solving for Uy, Initial residual = 0.523902, Final residual = 0.0395284, No Iterations 2
Pressure gradient source: uncorrected Ubar = 10, pressure gradient = 19.4816
GAMG:  Solving for p, Initial residual = 0.175833, Final residual = 0.00172297, No Iterations 114
time step continuity errors : sum local = 8.18403e-05, global = -6.98806e-16, cumulative = 4.59693e-16
Pressure gradient source: uncorrected Ubar = 10, pressure gradient = 19.5485
smoothSolver:  Solving for omega, Initial residual = 0.00140591, Final residual = 7.12341e-05, No Iterations 1
smoothSolver:  Solving for k, Initial residual = 0.00742054, Final residual = 0.000207581, No Iterations 1
ExecutionTime = 14.5918 s  ClockTime = 14 s

Time = 298s

smoothSolver:  Solving for Ux, Initial residual = 0.0010239, Final residual = 4.43678e-05, No Iterations 2
smoothSolver:  Solving for Uy, Initial residual = 0.369008, Final residual = 0.0274412, No Iterations 2
Pressure gradient source: uncorrected Ubar = 9.99967, pressure gradient = 21.1609
GAMG:  Solving for p, Initial residual = 0.148877, Final residual = 0.00140142, No Iterations 55
time step continuity errors : sum local = 0.000127235, global = -2.70929e-16, cumulative = 1.88764e-16
Pressure gradient source: uncorrected Ubar = 9.99988, pressure gradient = 20.1312
smoothSolver:  Solving for omega, Initial residual = 0.00172172, Final residual = 5.83848e-05, No Iterations 1
smoothSolver:  Solving for k, Initial residual = 0.00514094, Final residual = 0.00012444, No Iterations 1
ExecutionTime = 14.6469 s  ClockTime = 14 s

Time = 299s

smoothSolver:  Solving for Ux, Initial residual = 0.000895697, Final residual = 4.33751e-05, No Iterations 2
smoothSolver:  Solving for Uy, Initial residual = 0.695248, Final residual = 0.0537213, No Iterations 2
Pressure gradient source: uncorrected Ubar = 10, pressure gradient = 19.9452
GAMG:  Solving for p, Initial residual = 0.15433, Final residual = 0.00146939, No Iterations 106
time step continuity errors : sum local = 0.00014729, global = -3.72144e-17, cumulative = 1.5155e-16
Pressure gradient source: uncorrected Ubar = 10, pressure gradient = 20.0084
smoothSolver:  Solving for omega, Initial residual = 0.00125053, Final residual = 3.90422e-05, No Iterations 1
smoothSolver:  Solving for k, Initial residual = 0.00460292, Final residual = 0.000148109, No Iterations 1
ExecutionTime = 14.7266 s  ClockTime = 15 s

Time = 300s

smoothSolver:  Solving for Ux, Initial residual = 0.000775133, Final residual = 3.96863e-05, No Iterations 2
smoothSolver:  Solving for Uy, Initial residual = 0.486669, Final residual = 0.0346418, No Iterations 2
Pressure gradient source: uncorrected Ubar = 10.0002, pressure gradient = 18.8525
GAMG:  Solving for p, Initial residual = 0.160391, Final residual = 0.00152369, No Iterations 68
time step continuity errors : sum local = 0.000140848, global = -5.93185e-18, cumulative = 1.45618e-16
Pressure gradient source: uncorrected Ubar = 10.0001, pressure gradient = 19.5917
smoothSolver:  Solving for omega, Initial residual = 0.000697227, Final residual = 3.1173e-05, No Iterations 1
smoothSolver:  Solving for k, Initial residual = 0.00412045, Final residual = 0.000143512, No Iterations 1
ExecutionTime = 14.8121 s  ClockTime = 15 s

yPlus yPlus write:
    writing object yPlus
    patch bottomWall y+ : min = 11.138, max = 11.6463, average = 11.3172
    patch topWall y+ : min = 11.1682, max = 11.5297, average = 11.5205

wallShearStress wallShearStress write:
    writing object wallShearStress
    min/max(bottomWall) = (-0.304456 -6.41772e-05 0), (-0.300518 0.000124851 0)
    min/max(topWall) = (-0.301576 -8.74589e-05 0), (-0.300705 5.30399e-05 0)

Time = 301s

smoothSolver:  Solving for Ux, Initial residual = 0.000720971, Final residual = 3.69582e-05, No Iterations 2
smoothSolver:  Solving for Uy, Initial residual = 0.593323, Final residual = 0.0419774, No Iterations 2
Pressure gradient source: uncorrected Ubar = 10.0002, pressure gradient = 18.7124
GAMG:  Solving for p, Initial residual = 0.203166, Final residual = 0.00201033, No Iterations 94
time step continuity errors : sum local = 0.000115931, global = -2.55239e-16, cumulative = -1.09621e-16
Pressure gradient source: uncorrected Ubar = 10.0001, pressure gradient = 19.3162
smoothSolver:  Solving for omega, Initial residual = 0.000426837, Final residual = 2.62804e-05, No Iterations 1
smoothSolver:  Solving for k, Initial residual = 0.00377155, Final residual = 0.000138109, No Iterations 1
ExecutionTime = 14.8867 s  ClockTime = 15 s

Time = 302s

smoothSolver:  Solving for Ux, Initial residual = 0.000698767, Final residual = 3.72257e-05, No Iterations 2
smoothSolver:  Solving for Uy, Initial residual = 0.533711, Final residual = 0.0369043, No Iterations 2
Pressure gradient source: uncorrected Ubar = 9.9999, pressure gradient = 19.8169
GAMG:  Solving for p, Initial residual = 0.173049, Final residual = 0.00165791, No Iterations 83
time step continuity errors : sum local = 9.66305e-05, global = -2.23612e-16, cumulative = -3.33233e-16
Pressure gradient source: uncorrected Ubar = 9.99996, pressure gradient = 19.5386
smoothSolver:  Solving for omega, Initial residual = 0.00134564, Final residual = 7.04203e-05, No Iterations 1
smoothSolver:  Solving for k, Initial residual = 0.00713672, Final residual = 0.000207006, No Iterations 1
ExecutionTime = 14.9498 s  ClockTime = 15 s

Time = 303s

smoothSolver:  Solving for Ux, Initial residual = 0.000974408, Final residual = 4.21567e-05, No Iterations 2
smoothSolver:  Solving for Uy, Initial residual = 0.435634, Final residual = 0.0307053, No Iterations 2
Pressure gradient source: uncorrected Ubar = 9.99954, pressure gradient = 21.8132
GAMG:  Solving for p, Initial residual = 0.161557, Final residual = 0.00152646, No Iterations 80
time step continuity errors : sum local = 0.000152373, global = 7.34092e-17, cumulative = -2.59824e-16
Pressure gradient source: uncorrected Ubar = 9.99984, pressure gradient = 20.3489
smoothSolver:  Solving for omega, Initial residual = 0.00178559, Final residual = 5.66457e-05, No Iterations 1
smoothSolver:  Solving for k, Initial residual = 0.00546215, Final residual = 0.000116225, No Iterations 1
ExecutionTime = 15.0076 s  ClockTime = 15 s

Time = 304s

smoothSolver:  Solving for Ux, Initial residual = 0.000892759, Final residual = 4.18562e-05, No Iterations 2
smoothSolver:  Solving for Uy, Initial residual = 0.497331, Final residual = 0.0355381, No Iterations 2
Pressure gradient source: uncorrected Ubar = 10.0001, pressure gradient = 19.9177
GAMG:  Solving for p, Initial residual = 0.851409, Final residual = 0.0084378, No Iterations 94
time step continuity errors : sum local = 0.000179745, global = -2.53021e-17, cumulative = -2.85126e-16
Pressure gradient source: uncorrected Ubar = 10, pressure gradient = 20.1291
smoothSolver:  Solving for omega, Initial residual = 0.00130087, Final residual = 3.68444e-05, No Iterations 1
smoothSolver:  Solving for k, Initial residual = 0.00441522, Final residual = 0.000143207, No Iterations 1
ExecutionTime = 15.0782 s  ClockTime = 15 s

Time = 305s

smoothSolver:  Solving for Ux, Initial residual = 0.000749667, Final residual = 3.75298e-05, No Iterations 2
smoothSolver:  Solving for Uy, Initial residual = 0.503092, Final residual = 0.0356352, No Iterations 2
Pressure gradient source: uncorrected Ubar = 10.0003, pressure gradient = 18.7249
GAMG:  Solving for p, Initial residual = 0.109593, Final residual = 0.00104642, No Iterations 94
time step continuity errors : sum local = 0.000150358, global = 2.48038e-16, cumulative = -3.70883e-17
Pressure gradient source: uncorrected Ubar = 10.0001, pressure gradient = 19.6228
smoothSolver:  Solving for omega, Initial residual = 0.000689604, Final residual = 2.93659e-05, No Iterations 1
smoothSolver:  Solving for k, Initial residual = 0.00392044, Final residual = 0.000135971, No Iterations 1
ExecutionTime = 15.1375 s  ClockTime = 15 s

Time = 306s

smoothSolver:  Solving for Ux, Initial residual = 0.000678904, Final residual = 3.411e-05, No Iterations 2
smoothSolver:  Solving for Uy, Initial residual = 0.590337, Final residual = 0.0433941, No Iterations 2
Pressure gradient source: uncorrected Ubar = 10.0002, pressure gradient = 18.7249
GAMG:  Solving for p, Initial residual = 0.230155, Final residual = 0.00212622, No Iterations 102
time step continuity errors : sum local = 0.000100212, global = -1.16276e-16, cumulative = -1.53365e-16
Pressure gradient source: uncorrected Ubar = 10.0001, pressure gradient = 19.3416
smoothSolver:  Solving for omega, Initial residual = 0.000618206, Final residual = 3.41099e-05, No Iterations 1
smoothSolver:  Solving for k, Initial residual = 0.00434532, Final residual = 0.000141797, No Iterations 1
ExecutionTime = 15.2011 s  ClockTime = 15 s

Time = 307s

smoothSolver:  Solving for Ux, Initial residual = 0.000721229, Final residual = 3.62761e-05, No Iterations 2
smoothSolver:  Solving for Uy, Initial residual = 0.502387, Final residual = 0.0346319, No Iterations 2
Pressure gradient source: uncorrected Ubar = 9.9998, pressure gradient = 20.319
GAMG:  Solving for p, Initial residual = 0.266015, Final residual = 0.0026378, No Iterations 61
time step continuity errors : sum local = 0.000316095, global = -2.81252e-16, cumulative = -4.34616e-16
Pressure gradient source: uncorrected Ubar = 9.99992, pressure gradient = 19.7236
smoothSolver:  Solving for omega, Initial residual = 0.00183804, Final residual = 6.55935e-05, No Iterations 1
smoothSolver:  Solving for k, Initial residual = 0.00839309, Final residual = 0.00017878, No Iterations 1
ExecutionTime = 15.2419 s  ClockTime = 15 s

Time = 308s

smoothSolver:  Solving for Ux, Initial residual = 0.0010634, Final residual = 4.18705e-05, No Iterations 2
smoothSolver:  Solving for Uy, Initial residual = 0.563126, Final residual = 0.0395491, No Iterations 2
Pressure gradient source: uncorrected Ubar = 9.99944, pressure gradient = 22.5007
GAMG:  Solving for p, Initial residual = 0.184655, Final residual = 0.00181011, No Iterations 94
time step continuity errors : sum local = 0.000302729, global = -7.56294e-16, cumulative = -1.19091e-15
Pressure gradient source: uncorrected Ubar = 9.99982, pressure gradient = 20.6321
smoothSolver:  Solving for omega, Initial residual = 0.00163965, Final residual = 5.10122e-05, No Iterations 1
smoothSolver:  Solving for k, Initial residual = 0.00353397, Final residual = 0.00012015, No Iterations 1
ExecutionTime = 15.3035 s  ClockTime = 15 s

Time = 309s

smoothSolver:  Solving for Ux, Initial residual = 0.00073432, Final residual = 3.87533e-05, No Iterations 2
smoothSolver:  Solving for Uy, Initial residual = 0.653115, Final residual = 0.0439776, No Iterations 2
Pressure gradient source: uncorrected Ubar = 10.0005, pressure gradient = 18.0913
GAMG:  Solving for p, Initial residual = 0.186556, Final residual = 0.00172012, No Iterations 56
time step continuity errors : sum local = 0.000220104, global = -3.7335e-17, cumulative = -1.22825e-15
Pressure gradient source: uncorrected Ubar = 10.0002, pressure gradient = 19.7189
smoothSolver:  Solving for omega, Initial residual = 0.000791019, Final residual = 3.31595e-05, No Iterations 1
smoothSolver:  Solving for k, Initial residual = 0.0044004, Final residual = 0.000136641, No Iterations 1
ExecutionTime = 15.3479 s  ClockTime = 15 s

Time = 310s

smoothSolver:  Solving for Ux, Initial residual = 0.000677507, Final residual = 3.30569e-05, No Iterations 2
smoothSolver:  Solving for Uy, Initial residual = 0.530105, Final residual = 0.0367867, No Iterations 2
Pressure gradient source: uncorrected Ubar = 10.0002, pressure gradient = 18.7129
GAMG:  Solving for p, Initial residual = 0.127431, Final residual = 0.00117678, No Iterations 92
time step continuity errors : sum local = 0.000156674, global = -3.89522e-17, cumulative = -1.2672e-15
Pressure gradient source: uncorrected Ubar = 10.0001, pressure gradient = 19.396
smoothSolver:  Solving for omega, Initial residual = 0.000454102, Final residual = 2.61946e-05, No Iterations 1
smoothSolver:  Solving for k, Initial residual = 0.00389148, Final residual = 0.00013239, No Iterations 1
ExecutionTime = 15.4239 s  ClockTime = 15 s

Time = 311s

smoothSolver:  Solving for Ux, Initial residual = 0.000672704, Final residual = 3.34245e-05, No Iterations 2
smoothSolver:  Solving for Uy, Initial residual = 0.371606, Final residual = 0.0272555, No Iterations 2
Pressure gradient source: uncorrected Ubar = 10, pressure gradient = 19.2547
GAMG:  Solving for p, Initial residual = 0.581223, Final residual = 0.00575827, No Iterations 90
time step continuity errors : sum local = 0.000139273, global = 5.08549e-17, cumulative = -1.21634e-15
Pressure gradient source: uncorrected Ubar = 10, pressure gradient = 19.3928
smoothSolver:  Solving for omega, Initial residual = 0.00176505, Final residual = 6.52465e-05, No Iterations 1
smoothSolver:  Solving for k, Initial residual = 0.00865826, Final residual = 0.000185184, No Iterations 1
ExecutionTime = 15.4909 s  ClockTime = 15 s

Time = 312s

smoothSolver:  Solving for Ux, Initial residual = 0.00105626, Final residual = 4.05319e-05, No Iterations 2
smoothSolver:  Solving for Uy, Initial residual = 0.431984, Final residual = 0.029459, No Iterations 2
Pressure gradient source: uncorrected Ubar = 9.99919, pressure gradient = 23.3805
GAMG:  Solving for p, Initial residual = 0.17525, Final residual = 0.00171429, No Iterations 84
time step continuity errors : sum local = 0.0002452, global = 9.9352e-17, cumulative = -1.11699e-15
Pressure gradient source: uncorrected Ubar = 9.99973, pressure gradient = 20.7358
smoothSolver:  Solving for omega, Initial residual = 0.00168796, Final residual = 5.31309e-05, No Iterations 1
smoothSolver:  Solving for k, Initial residual = 0.00353032, Final residual = 0.000112268, No Iterations 1
ExecutionTime = 15.5569 s  ClockTime = 15 s

Time = 313s

smoothSolver:  Solving for Ux, Initial residual = 0.000717966, Final residual = 3.75686e-05, No Iterations 2
smoothSolver:  Solving for Uy, Initial residual = 0.755892, Final residual = 0.053766, No Iterations 2
Pressure gradient source: uncorrected Ubar = 10.0005, pressure gradient = 18.0169
GAMG:  Solving for p, Initial residual = 0.411256, Final residual = 0.00395989, No Iterations 58
time step continuity errors : sum local = 0.000200169, global = -5.15299e-16, cumulative = -1.63229e-15
Pressure gradient source: uncorrected Ubar = 10.0002, pressure gradient = 19.7581
smoothSolver:  Solving for omega, Initial residual = 0.000812521, Final residual = 3.35732e-05, No Iterations 1
smoothSolver:  Solving for k, Initial residual = 0.00450317, Final residual = 0.000137057, No Iterations 1
ExecutionTime = 15.6238 s  ClockTime = 15 s

Time = 314s

smoothSolver:  Solving for Ux, Initial residual = 0.000661447, Final residual = 3.11705e-05, No Iterations 2
smoothSolver:  Solving for Uy, Initial residual = 0.423136, Final residual = 0.0271768, No Iterations 2
Pressure gradient source: uncorrected Ubar = 10.0002, pressure gradient = 18.7282
GAMG:  Solving for p, Initial residual = 0.346159, Final residual = 0.00316954, No Iterations 70
time step continuity errors : sum local = 0.000153498, global = -1.96417e-16, cumulative = -1.82871e-15
Pressure gradient source: uncorrected Ubar = 10.0001, pressure gradient = 19.4256
smoothSolver:  Solving for omega, Initial residual = 0.000460964, Final residual = 2.56218e-05, No Iterations 1
smoothSolver:  Solving for k, Initial residual = 0.00398309, Final residual = 0.000132569, No Iterations 1
ExecutionTime = 15.6745 s  ClockTime = 16 s

Time = 315s

smoothSolver:  Solving for Ux, Initial residual = 0.000669732, Final residual = 3.22707e-05, No Iterations 2
smoothSolver:  Solving for Uy, Initial residual = 0.528875, Final residual = 0.0370501, No Iterations 2
Pressure gradient source: uncorrected Ubar = 10.0001, pressure gradient = 19.0839
GAMG:  Solving for p, Initial residual = 0.274326, Final residual = 0.0024825, No Iterations 56
time step continuity errors : sum local = 0.000145717, global = 3.18188e-16, cumulative = -1.51052e-15
Pressure gradient source: uncorrected Ubar = 10, pressure gradient = 19.3528
smoothSolver:  Solving for omega, Initial residual = 0.00113137, Final residual = 3.5662e-05, No Iterations 1
smoothSolver:  Solving for k, Initial residual = 0.00615449, Final residual = 0.0001386, No Iterations 1
ExecutionTime = 15.7168 s  ClockTime = 16 s

Time = 316s

smoothSolver:  Solving for Ux, Initial residual = 0.000831291, Final residual = 3.5426e-05, No Iterations 2
smoothSolver:  Solving for Uy, Initial residual = 0.563013, Final residual = 0.0397671, No Iterations 2
Pressure gradient source: uncorrected Ubar = 9.99943, pressure gradient = 22.1819
GAMG:  Solving for p, Initial residual = 0.33079, Final residual = 0.0032457, No Iterations 70
time step continuity errors : sum local = 0.000347943, global = -3.35839e-16, cumulative = -1.84636e-15
Pressure gradient source: uncorrected Ubar = 9.99981, pressure gradient = 20.3083
smoothSolver:  Solving for omega, Initial residual = 0.00185069, Final residual = 6.30349e-05, No Iterations 1
smoothSolver:  Solving for k, Initial residual = 0.00658029, Final residual = 0.000168759, No Iterations 1
ExecutionTime = 15.7751 s  ClockTime = 16 s

Time = 317s

smoothSolver:  Solving for Ux, Initial residual = 0.000889633, Final residual = 3.68048e-05, No Iterations 2
smoothSolver:  Solving for Uy, Initial residual = 0.67554, Final residual = 0.0490619, No Iterations 2
Pressure gradient source: uncorrected Ubar = 9.99996, pressure gradient = 20.4842
GAMG:  Solving for p, Initial residual = 0.41987, Final residual = 0.00402682, No Iterations 52
time step continuity errors : sum local = 0.000307526, global = 2.48176e-16, cumulative = -1.59818e-15
Pressure gradient source: uncorrected Ubar = 9.99999, pressure gradient = 20.3387
smoothSolver:  Solving for omega, Initial residual = 0.00123744, Final residual = 4.69524e-05, No Iterations 1
smoothSolver:  Solving for k, Initial residual = 0.0034781, Final residual = 0.00011047, No Iterations 1
ExecutionTime = 15.8199 s  ClockTime = 16 s

Time = 318s

smoothSolver:  Solving for Ux, Initial residual = 0.000630995, Final residual = 3.09029e-05, No Iterations 2
smoothSolver:  Solving for Uy, Initial residual = 0.522976, Final residual = 0.0329641, No Iterations 2
Pressure gradient source: uncorrected Ubar = 10.0005, pressure gradient = 18.0024
GAMG:  Solving for p, Initial residual = 0.228326, Final residual = 0.00224463, No Iterations 68
time step continuity errors : sum local = 0.000242697, global = -3.65752e-16, cumulative = -1.96394e-15
Pressure gradient source: uncorrected Ubar = 10.0002, pressure gradient = 19.536
smoothSolver:  Solving for omega, Initial residual = 0.000580549, Final residual = 2.97259e-05, No Iterations 1
smoothSolver:  Solving for k, Initial residual = 0.00423914, Final residual = 0.000129752, No Iterations 1
ExecutionTime = 15.8722 s  ClockTime = 16 s

Time = 319s

smoothSolver:  Solving for Ux, Initial residual = 0.000642358, Final residual = 2.98732e-05, No Iterations 2
smoothSolver:  Solving for Uy, Initial residual = 0.615292, Final residual = 0.0451588, No Iterations 2
Pressure gradient source: uncorrected Ubar = 10.0001, pressure gradient = 19.0615
GAMG:  Solving for p, Initial residual = 0.651969, Final residual = 0.00610089, No Iterations 64
time step continuity errors : sum local = 0.00018025, global = 5.44772e-17, cumulative = -1.90946e-15
Pressure gradient source: uncorrected Ubar = 10, pressure gradient = 19.4117
smoothSolver:  Solving for omega, Initial residual = 0.00109333, Final residual = 3.2402e-05, No Iterations 1
smoothSolver:  Solving for k, Initial residual = 0.00600093, Final residual = 0.000130253, No Iterations 1
ExecutionTime = 15.9174 s  ClockTime = 16 s

Time = 320s

smoothSolver:  Solving for Ux, Initial residual = 0.000802793, Final residual = 3.30133e-05, No Iterations 2
smoothSolver:  Solving for Uy, Initial residual = 0.421727, Final residual = 0.0300303, No Iterations 2
Pressure gradient source: uncorrected Ubar = 9.99959, pressure gradient = 21.447
GAMG:  Solving for p, Initial residual = 0.293093, Final residual = 0.00277441, No Iterations 71
time step continuity errors : sum local = 0.000317196, global = -4.29989e-17, cumulative = -1.95246e-15
Pressure gradient source: uncorrected Ubar = 9.99986, pressure gradient = 20.0901
smoothSolver:  Solving for omega, Initial residual = 0.00175592, Final residual = 5.99833e-05, No Iterations 1
smoothSolver:  Solving for k, Initial residual = 0.00635128, Final residual = 0.000164225, No Iterations 1
ExecutionTime = 15.9666 s  ClockTime = 16 s

Time = 321s

smoothSolver:  Solving for Ux, Initial residual = 0.00084025, Final residual = 3.43641e-05, No Iterations 2
smoothSolver:  Solving for Uy, Initial residual = 0.624502, Final residual = 0.0468168, No Iterations 2
Pressure gradient source: uncorrected Ubar = 9.99983, pressure gradient = 20.9337
GAMG:  Solving for p, Initial residual = 0.758786, Final residual = 0.00727461, No Iterations 52
time step continuity errors : sum local = 0.000284403, global = 3.77789e-16, cumulative = -1.57467e-15
Pressure gradient source: uncorrected Ubar = 9.99995, pressure gradient = 20.3613
smoothSolver:  Solving for omega, Initial residual = 0.0012333, Final residual = 4.69312e-05, No Iterations 1
smoothSolver:  Solving for k, Initial residual = 0.00366626, Final residual = 0.00010779, No Iterations 1
ExecutionTime = 16.0067 s  ClockTime = 16 s

Time = 322s

smoothSolver:  Solving for Ux, Initial residual = 0.000619847, Final residual = 2.94595e-05, No Iterations 2
smoothSolver:  Solving for Uy, Initial residual = 0.592609, Final residual = 0.0403862, No Iterations 2
Pressure gradient source: uncorrected Ubar = 10.0005, pressure gradient = 18.0873
GAMG:  Solving for p, Initial residual = 0.359931, Final residual = 0.00354442, No Iterations 69
time step continuity errors : sum local = 0.000238494, global = 6.51176e-17, cumulative = -1.50955e-15
Pressure gradient source: uncorrected Ubar = 10.0002, pressure gradient = 19.5789
smoothSolver:  Solving for omega, Initial residual = 0.000607767, Final residual = 3.0024e-05, No Iterations 1
smoothSolver:  Solving for k, Initial residual = 0.00431004, Final residual = 0.00012904, No Iterations 1
ExecutionTime = 16.0791 s  ClockTime = 16 s

Time = 323s

smoothSolver:  Solving for Ux, Initial residual = 0.000631232, Final residual = 2.86639e-05, No Iterations 2
smoothSolver:  Solving for Uy, Initial residual = 0.481994, Final residual = 0.0324212, No Iterations 2
Pressure gradient source: uncorrected Ubar = 10.0001, pressure gradient = 19.0926
GAMG:  Solving for p, Initial residual = 0.554394, Final residual = 0.00506657, No Iterations 60
time step continuity errors : sum local = 0.000196941, global = 1.00114e-16, cumulative = -1.40944e-15
Pressure gradient source: uncorrected Ubar = 10, pressure gradient = 19.4483
smoothSolver:  Solving for omega, Initial residual = 0.00106779, Final residual = 3.07729e-05, No Iterations 1
smoothSolver:  Solving for k, Initial residual = 0.00592468, Final residual = 0.000127995, No Iterations 1
ExecutionTime = 16.1375 s  ClockTime = 16 s

Time = 324s

smoothSolver:  Solving for Ux, Initial residual = 0.000785453, Final residual = 3.15902e-05, No Iterations 2
smoothSolver:  Solving for Uy, Initial residual = 0.477713, Final residual = 0.0348682, No Iterations 2
Pressure gradient source: uncorrected Ubar = 9.99964, pressure gradient = 21.2442
GAMG:  Solving for p, Initial residual = 0.279606, Final residual = 0.0027473, No Iterations 75
time step continuity errors : sum local = 0.000294678, global = -7.98977e-16, cumulative = -2.20841e-15
Pressure gradient source: uncorrected Ubar = 9.99988, pressure gradient = 20.0439
smoothSolver:  Solving for omega, Initial residual = 0.00170874, Final residual = 5.71906e-05, No Iterations 1
smoothSolver:  Solving for k, Initial residual = 0.00626783, Final residual = 0.000158724, No Iterations 1
ExecutionTime = 16.214 s  ClockTime = 16 s

Time = 325s

smoothSolver:  Solving for Ux, Initial residual = 0.000810741, Final residual = 3.23627e-05, No Iterations 2
smoothSolver:  Solving for Uy, Initial residual = 0.635709, Final residual = 0.0462886, No Iterations 2
Pressure gradient source: uncorrected Ubar = 9.99981, pressure gradient = 20.9998
GAMG:  Solving for p, Initial residual = 0.458067, Final residual = 0.00444986, No Iterations 56
time step continuity errors : sum local = 0.000326363, global = 3.52423e-16, cumulative = -1.85599e-15
Pressure gradient source: uncorrected Ubar = 9.99994, pressure gradient = 20.356
smoothSolver:  Solving for omega, Initial residual = 0.00123367, Final residual = 4.62946e-05, No Iterations 1
smoothSolver:  Solving for k, Initial residual = 0.00374443, Final residual = 0.000106818, No Iterations 1
ExecutionTime = 16.2711 s  ClockTime = 16 s

Time = 326s

smoothSolver:  Solving for Ux, Initial residual = 0.000608122, Final residual = 2.81062e-05, No Iterations 2
smoothSolver:  Solving for Uy, Initial residual = 0.606621, Final residual = 0.0386378, No Iterations 2
Pressure gradient source: uncorrected Ubar = 10.0004, pressure gradient = 18.202
GAMG:  Solving for p, Initial residual = 0.272113, Final residual = 0.00260081, No Iterations 73
time step continuity errors : sum local = 0.000254872, global = 5.61795e-16, cumulative = -1.2942e-15
Pressure gradient source: uncorrected Ubar = 10.0001, pressure gradient = 19.6156
smoothSolver:  Solving for omega, Initial residual = 0.000616536, Final residual = 2.96891e-05, No Iterations 1
smoothSolver:  Solving for k, Initial residual = 0.00425207, Final residual = 0.000125522, No Iterations 1
ExecutionTime = 16.3247 s  ClockTime = 16 s

Time = 327s

smoothSolver:  Solving for Ux, Initial residual = 0.000610556, Final residual = 2.72671e-05, No Iterations 2
smoothSolver:  Solving for Uy, Initial residual = 0.479923, Final residual = 0.0318594, No Iterations 2
Pressure gradient source: uncorrected Ubar = 10.0001, pressure gradient = 19.0994
GAMG:  Solving for p, Initial residual = 0.504374, Final residual = 0.00473721, No Iterations 68
time step continuity errors : sum local = 0.000209722, global = -6.05411e-16, cumulative = -1.89961e-15
Pressure gradient source: uncorrected Ubar = 10, pressure gradient = 19.4751
smoothSolver:  Solving for omega, Initial residual = 0.00105811, Final residual = 3.0099e-05, No Iterations 1
smoothSolver:  Solving for k, Initial residual = 0.00589993, Final residual = 0.00012537, No Iterations 1
ExecutionTime = 16.3835 s  ClockTime = 16 s

Time = 328s

smoothSolver:  Solving for Ux, Initial residual = 0.000770353, Final residual = 3.03365e-05, No Iterations 2
smoothSolver:  Solving for Uy, Initial residual = 0.514794, Final residual = 0.0361794, No Iterations 2
Pressure gradient source: uncorrected Ubar = 9.99965, pressure gradient = 21.2262
GAMG:  Solving for p, Initial residual = 0.232516, Final residual = 0.00222621, No Iterations 81
time step continuity errors : sum local = 0.000280428, global = 1.39795e-16, cumulative = -1.75981e-15
Pressure gradient source: uncorrected Ubar = 9.99988, pressure gradient = 20.0544
smoothSolver:  Solving for omega, Initial residual = 0.00169501, Final residual = 5.62164e-05, No Iterations 1
smoothSolver:  Solving for k, Initial residual = 0.00623697, Final residual = 0.00015593, No Iterations 1
ExecutionTime = 16.4511 s  ClockTime = 16 s

Time = 329s

smoothSolver:  Solving for Ux, Initial residual = 0.00078945, Final residual = 3.08182e-05, No Iterations 2
smoothSolver:  Solving for Uy, Initial residual = 0.642256, Final residual = 0.046852, No Iterations 2
Pressure gradient source: uncorrected Ubar = 9.99981, pressure gradient = 21.0002
GAMG:  Solving for p, Initial residual = 0.605604, Final residual = 0.00563956, No Iterations 62
time step continuity errors : sum local = 0.000321216, global = 3.42806e-16, cumulative = -1.41701e-15
Pressure gradient source: uncorrected Ubar = 9.99994, pressure gradient = 20.3633
smoothSolver:  Solving for omega, Initial residual = 0.00122151, Final residual = 4.55487e-05, No Iterations 1
smoothSolver:  Solving for k, Initial residual = 0.00369089, Final residual = 0.00010348, No Iterations 1
ExecutionTime = 16.5045 s  ClockTime = 16 s

Time = 330s

smoothSolver:  Solving for Ux, Initial residual = 0.000588741, Final residual = 2.66368e-05, No Iterations 2
smoothSolver:  Solving for Uy, Initial residual = 0.661738, Final residual = 0.0437377, No Iterations 2
Pressure gradient source: uncorrected Ubar = 10.0004, pressure gradient = 18.2315
GAMG:  Solving for p, Initial residual = 0.254379, Final residual = 0.00244264, No Iterations 73
time step continuity errors : sum local = 0.000244827, global = -5.07001e-16, cumulative = -1.92401e-15
Pressure gradient source: uncorrected Ubar = 10.0001, pressure gradient = 19.632
smoothSolver:  Solving for omega, Initial residual = 0.000618092, Final residual = 2.90848e-05, No Iterations 1
smoothSolver:  Solving for k, Initial residual = 0.00424853, Final residual = 0.000121663, No Iterations 1
ExecutionTime = 16.554 s  ClockTime = 16 s

Time = 331s

smoothSolver:  Solving for Ux, Initial residual = 0.000595384, Final residual = 2.59967e-05, No Iterations 2
smoothSolver:  Solving for Uy, Initial residual = 0.486751, Final residual = 0.0330797, No Iterations 2
Pressure gradient source: uncorrected Ubar = 10.0001, pressure gradient = 19.1533
GAMG:  Solving for p, Initial residual = 0.791631, Final residual = 0.00774756, No Iterations 68
time step continuity errors : sum local = 0.00023371, global = -2.45619e-16, cumulative = -2.16963e-15
Pressure gradient source: uncorrected Ubar = 10, pressure gradient = 19.5036
smoothSolver:  Solving for omega, Initial residual = 0.00106616, Final residual = 2.95666e-05, No Iterations 1
smoothSolver:  Solving for k, Initial residual = 0.00589532, Final residual = 0.000122872, No Iterations 1
ExecutionTime = 16.6113 s  ClockTime = 16 s

Time = 332s

smoothSolver:  Solving for Ux, Initial residual = 0.000755942, Final residual = 2.90294e-05, No Iterations 2
smoothSolver:  Solving for Uy, Initial residual = 0.560053, Final residual = 0.0395704, No Iterations 2
Pressure gradient source: uncorrected Ubar = 9.99965, pressure gradient = 21.2493
GAMG:  Solving for p, Initial residual = 0.263338, Final residual = 0.00257165, No Iterations 75
time step continuity errors : sum local = 0.000315605, global = 5.74867e-17, cumulative = -2.11214e-15
Pressure gradient source: uncorrected Ubar = 9.99988, pressure gradient = 20.0805
smoothSolver:  Solving for omega, Initial residual = 0.0016612, Final residual = 5.50493e-05, No Iterations 1
smoothSolver:  Solving for k, Initial residual = 0.00607163, Final residual = 0.000151515, No Iterations 1
ExecutionTime = 16.6593 s  ClockTime = 17 s

Time = 333s

smoothSolver:  Solving for Ux, Initial residual = 0.000759777, Final residual = 2.91992e-05, No Iterations 2
smoothSolver:  Solving for Uy, Initial residual = 0.68332, Final residual = 0.0505923, No Iterations 2
Pressure gradient source: uncorrected Ubar = 9.99983, pressure gradient = 20.9119
GAMG:  Solving for p, Initial residual = 0.712258, Final residual = 0.00687811, No Iterations 64
time step continuity errors : sum local = 0.000307534, global = 1.50177e-16, cumulative = -1.96196e-15
Pressure gradient source: uncorrected Ubar = 9.99995, pressure gradient = 20.3516
smoothSolver:  Solving for omega, Initial residual = 0.00120723, Final residual = 4.42547e-05, No Iterations 1
smoothSolver:  Solving for k, Initial residual = 0.00375482, Final residual = 0.000100348, No Iterations 1
ExecutionTime = 16.707 s  ClockTime = 17 s

Time = 334s

smoothSolver:  Solving for Ux, Initial residual = 0.000576521, Final residual = 2.52097e-05, No Iterations 2
smoothSolver:  Solving for Uy, Initial residual = 0.624613, Final residual = 0.0411197, No Iterations 2
Pressure gradient source: uncorrected Ubar = 10.0004, pressure gradient = 18.3369
GAMG:  Solving for p, Initial residual = 0.276744, Final residual = 0.002717, No Iterations 66
time step continuity errors : sum local = 0.000296149, global = 1.78515e-16, cumulative = -1.78345e-15
Pressure gradient source: uncorrected Ubar = 10.0001, pressure gradient = 19.66
smoothSolver:  Solving for omega, Initial residual = 0.000637972, Final residual = 2.92887e-05, No Iterations 1
smoothSolver:  Solving for k, Initial residual = 0.00423886, Final residual = 0.000119692, No Iterations 1
ExecutionTime = 16.7547 s  ClockTime = 17 s

Time = 335s

smoothSolver:  Solving for Ux, Initial residual = 0.000582904, Final residual = 2.48556e-05, No Iterations 2
smoothSolver:  Solving for Uy, Initial residual = 0.548611, Final residual = 0.0378912, No Iterations 2
Pressure gradient source: uncorrected Ubar = 10.0001, pressure gradient = 19.1989
GAMG:  Solving for p, Initial residual = 0.884327, Final residual = 0.0083282, No Iterations 68
time step continuity errors : sum local = 0.000248077, global = 2.51193e-16, cumulative = -1.53225e-15
Pressure gradient source: uncorrected Ubar = 10, pressure gradient = 19.5375
smoothSolver:  Solving for omega, Initial residual = 0.0010734, Final residual = 2.94416e-05, No Iterations 1
smoothSolver:  Solving for k, Initial residual = 0.00584617, Final residual = 0.000118921, No Iterations 1
ExecutionTime = 16.8091 s  ClockTime = 17 s

Time = 336s

smoothSolver:  Solving for Ux, Initial residual = 0.000738085, Final residual = 2.7758e-05, No Iterations 2
smoothSolver:  Solving for Uy, Initial residual = 0.574433, Final residual = 0.0404583, No Iterations 2
Pressure gradient source: uncorrected Ubar = 9.99966, pressure gradient = 21.2511
GAMG:  Solving for p, Initial residual = 0.258128, Final residual = 0.00250971, No Iterations 76
time step continuity errors : sum local = 0.000319024, global = 5.8932e-17, cumulative = -1.47332e-15
Pressure gradient source: uncorrected Ubar = 9.99989, pressure gradient = 20.1027
smoothSolver:  Solving for omega, Initial residual = 0.00164878, Final residual = 5.37325e-05, No Iterations 1
smoothSolver:  Solving for k, Initial residual = 0.00602835, Final residual = 0.000147461, No Iterations 1
ExecutionTime = 16.8617 s  ClockTime = 17 s

Time = 337s

smoothSolver:  Solving for Ux, Initial residual = 0.000741956, Final residual = 2.78668e-05, No Iterations 2
smoothSolver:  Solving for Uy, Initial residual = 0.691399, Final residual = 0.0508368, No Iterations 2
Pressure gradient source: uncorrected Ubar = 9.99985, pressure gradient = 20.8729
GAMG:  Solving for p, Initial residual = 0.822298, Final residual = 0.00789151, No Iterations 64
time step continuity errors : sum local = 0.000320009, global = -2.9617e-16, cumulative = -1.76949e-15
Pressure gradient source: uncorrected Ubar = 9.99995, pressure gradient = 20.3518
smoothSolver:  Solving for omega, Initial residual = 0.00119056, Final residual = 4.3329e-05, No Iterations 1
smoothSolver:  Solving for k, Initial residual = 0.00371393, Final residual = 9.80544e-05, No Iterations 1
ExecutionTime = 16.9095 s  ClockTime = 17 s

Time = 338s

smoothSolver:  Solving for Ux, Initial residual = 0.000559504, Final residual = 2.39115e-05, No Iterations 2
smoothSolver:  Solving for Uy, Initial residual = 0.608259, Final residual = 0.0405412, No Iterations 2
Pressure gradient source: uncorrected Ubar = 10.0004, pressure gradient = 18.3607
GAMG:  Solving for p, Initial residual = 0.274104, Final residual = 0.00272399, No Iterations 66
time step continuity errors : sum local = 0.000295392, global = 6.82799e-16, cumulative = -1.08669e-15
Pressure gradient source: uncorrected Ubar = 10.0001, pressure gradient = 19.6696
smoothSolver:  Solving for omega, Initial residual = 0.000635327, Final residual = 2.86122e-05, No Iterations 1
smoothSolver:  Solving for k, Initial residual = 0.00422903, Final residual = 0.000116024, No Iterations 1
ExecutionTime = 16.9588 s  ClockTime = 17 s

Time = 339s

smoothSolver:  Solving for Ux, Initial residual = 0.000568775, Final residual = 2.37628e-05, No Iterations 2
smoothSolver:  Solving for Uy, Initial residual = 0.584446, Final residual = 0.0403558, No Iterations 2
Pressure gradient source: uncorrected Ubar = 10.0001, pressure gradient = 19.2546
GAMG:  Solving for p, Initial residual = 0.726974, Final residual = 0.00717638, No Iterations 68
time step continuity errors : sum local = 0.000268066, global = -2.29473e-18, cumulative = -1.08899e-15
Pressure gradient source: uncorrected Ubar = 10, pressure gradient = 19.5623
smoothSolver:  Solving for omega, Initial residual = 0.00107989, Final residual = 2.91658e-05, No Iterations 1
smoothSolver:  Solving for k, Initial residual = 0.00583961, Final residual = 0.00011667, No Iterations 1
ExecutionTime = 17.0071 s  ClockTime = 17 s

Time = 340s

smoothSolver:  Solving for Ux, Initial residual = 0.000725061, Final residual = 2.66327e-05, No Iterations 2
smoothSolver:  Solving for Uy, Initial residual = 0.576156, Final residual = 0.040572, No Iterations 2
Pressure gradient source: uncorrected Ubar = 9.99966, pressure gradient = 21.2769
GAMG:  Solving for p, Initial residual = 0.267633, Final residual = 0.00259645, No Iterations 72
time step continuity errors : sum local = 0.000325929, global = -1.13527e-16, cumulative = -1.20251e-15
Pressure gradient source: uncorrected Ubar = 9.99989, pressure gradient = 20.1275
smoothSolver:  Solving for omega, Initial residual = 0.00164071, Final residual = 5.29373e-05, No Iterations 1
smoothSolver:  Solving for k, Initial residual = 0.00596519, Final residual = 0.000143804, No Iterations 1
ExecutionTime = 17.0563 s  ClockTime = 17 s

Time = 341s

smoothSolver:  Solving for Ux, Initial residual = 0.000724311, Final residual = 2.6596e-05, No Iterations 2
smoothSolver:  Solving for Uy, Initial residual = 0.680728, Final residual = 0.0499824, No Iterations 2
Pressure gradient source: uncorrected Ubar = 9.99986, pressure gradient = 20.8368
GAMG:  Solving for p, Initial residual = 0.914005, Final residual = 0.00876138, No Iterations 64
time step continuity errors : sum local = 0.000310343, global = -2.09143e-16, cumulative = -1.41166e-15
Pressure gradient source: uncorrected Ubar = 9.99995, pressure gradient = 20.3553
smoothSolver:  Solving for omega, Initial residual = 0.00118541, Final residual = 4.27688e-05, No Iterations 1
smoothSolver:  Solving for k, Initial residual = 0.00372259, Final residual = 9.56124e-05, No Iterations 1
ExecutionTime = 17.0995 s  ClockTime = 17 s

Time = 342s

smoothSolver:  Solving for Ux, Initial residual = 0.00054725, Final residual = 2.27526e-05, No Iterations 2
smoothSolver:  Solving for Uy, Initial residual = 0.601937, Final residual = 0.0413325, No Iterations 2
Pressure gradient source: uncorrected Ubar = 10.0004, pressure gradient = 18.3941
GAMG:  Solving for p, Initial residual = 0.278191, Final residual = 0.00265479, No Iterations 64
time step continuity errors : sum local = 0.000288111, global = 1.27099e-16, cumulative = -1.28456e-15
Pressure gradient source: uncorrected Ubar = 10.0001, pressure gradient = 19.6837
smoothSolver:  Solving for omega, Initial residual = 0.000631162, Final residual = 2.80163e-05, No Iterations 1
smoothSolver:  Solving for k, Initial residual = 0.00418079, Final residual = 0.000112698, No Iterations 1
ExecutionTime = 17.1397 s  ClockTime = 17 s

Time = 343s

smoothSolver:  Solving for Ux, Initial residual = 0.00055364, Final residual = 2.27153e-05, No Iterations 2
smoothSolver:  Solving for Uy, Initial residual = 0.627093, Final residual = 0.0434486, No Iterations 2
Pressure gradient source: uncorrected Ubar = 10.0001, pressure gradient = 19.2664
GAMG:  Solving for p, Initial residual = 0.651286, Final residual = 0.00622289, No Iterations 66
time step continuity errors : sum local = 0.000252449, global = 3.02731e-16, cumulative = -9.81827e-16
Pressure gradient source: uncorrected Ubar = 10, pressure gradient = 19.5757
smoothSolver:  Solving for omega, Initial residual = 0.00107211, Final residual = 2.85108e-05, No Iterations 1
smoothSolver:  Solving for k, Initial residual = 0.00581027, Final residual = 0.000113829, No Iterations 1
ExecutionTime = 17.1794 s  ClockTime = 17 s

Time = 344s

smoothSolver:  Solving for Ux, Initial residual = 0.000710766, Final residual = 2.55535e-05, No Iterations 2
smoothSolver:  Solving for Uy, Initial residual = 0.603849, Final residual = 0.0424463, No Iterations 2
Pressure gradient source: uncorrected Ubar = 9.99965, pressure gradient = 21.2992
GAMG:  Solving for p, Initial residual = 0.276708, Final residual = 0.0027011, No Iterations 72
time step continuity errors : sum local = 0.000325261, global = 3.20591e-16, cumulative = -6.61236e-16
Pressure gradient source: uncorrected Ubar = 9.99989, pressure gradient = 20.1441
smoothSolver:  Solving for omega, Initial residual = 0.0016335, Final residual = 5.22613e-05, No Iterations 1
smoothSolver:  Solving for k, Initial residual = 0.00593996, Final residual = 0.000141014, No Iterations 1
ExecutionTime = 17.2274 s  ClockTime = 17 s

Time = 345s

smoothSolver:  Solving for Ux, Initial residual = 0.000710387, Final residual = 2.54225e-05, No Iterations 2
smoothSolver:  Solving for Uy, Initial residual = 0.686719, Final residual = 0.050386, No Iterations 2
Pressure gradient source: uncorrected Ubar = 9.99986, pressure gradient = 20.8352
GAMG:  Solving for p, Initial residual = 0.855443, Final residual = 0.00839856, No Iterations 62
time step continuity errors : sum local = 0.000319416, global = -4.14175e-16, cumulative = -1.07541e-15
Pressure gradient source: uncorrected Ubar = 9.99996, pressure gradient = 20.3657
smoothSolver:  Solving for omega, Initial residual = 0.00117709, Final residual = 4.20559e-05, No Iterations 1
smoothSolver:  Solving for k, Initial residual = 0.00368667, Final residual = 9.2585e-05, No Iterations 1
ExecutionTime = 17.2966 s  ClockTime = 17 s

Time = 346s

smoothSolver:  Solving for Ux, Initial residual = 0.000532907, Final residual = 2.16594e-05, No Iterations 2
smoothSolver:  Solving for Uy, Initial residual = 0.614872, Final residual = 0.0428268, No Iterations 2
Pressure gradient source: uncorrected Ubar = 10.0004, pressure gradient = 18.4076
GAMG:  Solving for p, Initial residual = 0.277602, Final residual = 0.00259508, No Iterations 66
time step continuity errors : sum local = 0.000280243, global = -5.27371e-16, cumulative = -1.60278e-15
Pressure gradient source: uncorrected Ubar = 10.0001, pressure gradient = 19.6954
smoothSolver:  Solving for omega, Initial residual = 0.000624301, Final residual = 2.73452e-05, No Iterations 1
smoothSolver:  Solving for k, Initial residual = 0.00415034, Final residual = 0.000109821, No Iterations 1
ExecutionTime = 17.3729 s  ClockTime = 17 s

Time = 347s

smoothSolver:  Solving for Ux, Initial residual = 0.000539866, Final residual = 2.17294e-05, No Iterations 2
smoothSolver:  Solving for Uy, Initial residual = 0.596027, Final residual = 0.0412858, No Iterations 2
Pressure gradient source: uncorrected Ubar = 10.0001, pressure gradient = 19.2866
GAMG:  Solving for p, Initial residual = 0.67289, Final residual = 0.00651839, No Iterations 66
time step continuity errors : sum local = 0.000253836, global = 2.19023e-16, cumulative = -1.38376e-15
Pressure gradient source: uncorrected Ubar = 10, pressure gradient = 19.5903
smoothSolver:  Solving for omega, Initial residual = 0.00106569, Final residual = 2.78847e-05, No Iterations 1
smoothSolver:  Solving for k, Initial residual = 0.00577641, Final residual = 0.000111047, No Iterations 1
ExecutionTime = 17.4509 s  ClockTime = 17 s

Time = 348s

smoothSolver:  Solving for Ux, Initial residual = 0.000698061, Final residual = 2.45745e-05, No Iterations 2
smoothSolver:  Solving for Uy, Initial residual = 0.626255, Final residual = 0.0437311, No Iterations 2
Pressure gradient source: uncorrected Ubar = 9.99965, pressure gradient = 21.3192
GAMG:  Solving for p, Initial residual = 0.275462, Final residual = 0.00273599, No Iterations 72
time step continuity errors : sum local = 0.000329883, global = -2.16842e-16, cumulative = -1.6006e-15
Pressure gradient source: uncorrected Ubar = 9.99989, pressure gradient = 20.1606
smoothSolver:  Solving for omega, Initial residual = 0.00162684, Final residual = 5.16387e-05, No Iterations 1
smoothSolver:  Solving for k, Initial residual = 0.00590762, Final residual = 0.000138206, No Iterations 1
ExecutionTime = 17.5316 s  ClockTime = 17 s

Time = 349s

smoothSolver:  Solving for Ux, Initial residual = 0.000696895, Final residual = 2.4338e-05, No Iterations 2
smoothSolver:  Solving for Uy, Initial residual = 0.725907, Final residual = 0.0534345, No Iterations 2
Pressure gradient source: uncorrected Ubar = 9.99986, pressure gradient = 20.8414
GAMG:  Solving for p, Initial residual = 0.834171, Final residual = 0.00764537, No Iterations 64
time step continuity errors : sum local = 0.000299261, global = -5.54992e-17, cumulative = -1.6561e-15
Pressure gradient source: uncorrected Ubar = 9.99996, pressure gradient = 20.3785
smoothSolver:  Solving for omega, Initial residual = 0.0011706, Final residual = 4.14221e-05, No Iterations 1
smoothSolver:  Solving for k, Initial residual = 0.00365499, Final residual = 8.97161e-05, No Iterations 1
ExecutionTime = 17.6045 s  ClockTime = 17 s

Time = 350s

smoothSolver:  Solving for Ux, Initial residual = 0.00052004, Final residual = 2.06461e-05, No Iterations 2
smoothSolver:  Solving for Uy, Initial residual = 0.624289, Final residual = 0.0431083, No Iterations 2
Pressure gradient source: uncorrected Ubar = 10.0004, pressure gradient = 18.419
GAMG:  Solving for p, Initial residual = 0.273627, Final residual = 0.00252461, No Iterations 66
time step continuity errors : sum local = 0.000275782, global = 1.16303e-16, cumulative = -1.5398e-15
Pressure gradient source: uncorrected Ubar = 10.0001, pressure gradient = 19.7077
smoothSolver:  Solving for omega, Initial residual = 0.000618579, Final residual = 2.67301e-05, No Iterations 1
smoothSolver:  Solving for k, Initial residual = 0.00411796, Final residual = 0.000106958, No Iterations 1
ExecutionTime = 17.6802 s  ClockTime = 18 s

Time = 351s

smoothSolver:  Solving for Ux, Initial residual = 0.000526951, Final residual = 2.081e-05, No Iterations 2
smoothSolver:  Solving for Uy, Initial residual = 0.59793, Final residual = 0.0414988, No Iterations 2
Pressure gradient source: uncorrected Ubar = 10.0001, pressure gradient = 19.3049
GAMG:  Solving for p, Initial residual = 0.670795, Final residual = 0.00663898, No Iterations 66
time step continuity errors : sum local = 0.000258777, global = -1.9109e-16, cumulative = -1.73089e-15
Pressure gradient source: uncorrected Ubar = 10, pressure gradient = 19.6048
smoothSolver:  Solving for omega, Initial residual = 0.00105985, Final residual = 2.72996e-05, No Iterations 1
smoothSolver:  Solving for k, Initial residual = 0.00574204, Final residual = 0.0001083, No Iterations 1
ExecutionTime = 17.746 s  ClockTime = 18 s

Time = 352s

smoothSolver:  Solving for Ux, Initial residual = 0.000686129, Final residual = 2.36644e-05, No Iterations 2
smoothSolver:  Solving for Uy, Initial residual = 0.632113, Final residual = 0.0442107, No Iterations 2
Pressure gradient source: uncorrected Ubar = 9.99965, pressure gradient = 21.3376
GAMG:  Solving for p, Initial residual = 0.274823, Final residual = 0.00271081, No Iterations 72
time step continuity errors : sum local = 0.000327892, global = -2.68343e-16, cumulative = -1.99923e-15
Pressure gradient source: uncorrected Ubar = 9.99989, pressure gradient = 20.1764
smoothSolver:  Solving for omega, Initial residual = 0.00162061, Final residual = 5.10492e-05, No Iterations 1
smoothSolver:  Solving for k, Initial residual = 0.00587448, Final residual = 0.000135477, No Iterations 1
ExecutionTime = 17.8172 s  ClockTime = 18 s

Time = 353s

smoothSolver:  Solving for Ux, Initial residual = 0.000684192, Final residual = 2.33232e-05, No Iterations 2
smoothSolver:  Solving for Uy, Initial residual = 0.747188, Final residual = 0.0551586, No Iterations 2
Pressure gradient source: uncorrected Ubar = 9.99987, pressure gradient = 20.8484
GAMG:  Solving for p, Initial residual = 0.839844, Final residual = 0.00768697, No Iterations 64
time step continuity errors : sum local = 0.00029875, global = 1.11549e-16, cumulative = -1.88768e-15
Pressure gradient source: uncorrected Ubar = 9.99996, pressure gradient = 20.3912
smoothSolver:  Solving for omega, Initial residual = 0.00116449, Final residual = 4.08209e-05, No Iterations 1
smoothSolver:  Solving for k, Initial residual = 0.00362414, Final residual = 8.69461e-05, No Iterations 1
ExecutionTime = 17.9086 s  ClockTime = 18 s

Time = 354s

smoothSolver:  Solving for Ux, Initial residual = 0.00050792, Final residual = 1.9686e-05, No Iterations 2
smoothSolver:  Solving for Uy, Initial residual = 0.640136, Final residual = 0.0441057, No Iterations 2
Pressure gradient source: uncorrected Ubar = 10.0004, pressure gradient = 18.4294
GAMG:  Solving for p, Initial residual = 0.274062, Final residual = 0.00253659, No Iterations 66
time step continuity errors : sum local = 0.000276807, global = -5.06062e-16, cumulative = -2.39374e-15
Pressure gradient source: uncorrected Ubar = 10.0001, pressure gradient = 19.7196
smoothSolver:  Solving for omega, Initial residual = 0.000613078, Final residual = 2.61468e-05, No Iterations 1
smoothSolver:  Solving for k, Initial residual = 0.00408618, Final residual = 0.000104201, No Iterations 1
ExecutionTime = 17.9798 s  ClockTime = 18 s

Time = 355s

smoothSolver:  Solving for Ux, Initial residual = 0.000514951, Final residual = 1.99549e-05, No Iterations 2
smoothSolver:  Solving for Uy, Initial residual = 0.612769, Final residual = 0.0425892, No Iterations 2
Pressure gradient source: uncorrected Ubar = 10.0001, pressure gradient = 19.3221
GAMG:  Solving for p, Initial residual = 0.672636, Final residual = 0.00657914, No Iterations 66
time step continuity errors : sum local = 0.000255829, global = 5.72428e-16, cumulative = -1.82132e-15
Pressure gradient source: uncorrected Ubar = 10, pressure gradient = 19.6185
smoothSolver:  Solving for omega, Initial residual = 0.00105426, Final residual = 2.67462e-05, No Iterations 1
smoothSolver:  Solving for k, Initial residual = 0.00570856, Final residual = 0.00010566, No Iterations 1
ExecutionTime = 18.0377 s  ClockTime = 18 s

Time = 356s

smoothSolver:  Solving for Ux, Initial residual = 0.000675415, Final residual = 2.28578e-05, No Iterations 2
smoothSolver:  Solving for Uy, Initial residual = 0.643226, Final residual = 0.0449707, No Iterations 2
Pressure gradient source: uncorrected Ubar = 9.99965, pressure gradient = 21.3545
GAMG:  Solving for p, Initial residual = 0.275428, Final residual = 0.00270908, No Iterations 72
time step continuity errors : sum local = 0.000326847, global = -1.73454e-16, cumulative = -1.99477e-15
Pressure gradient source: uncorrected Ubar = 9.99989, pressure gradient = 20.1912
smoothSolver:  Solving for omega, Initial residual = 0.00161464, Final residual = 5.04895e-05, No Iterations 1
smoothSolver:  Solving for k, Initial residual = 0.00584195, Final residual = 0.000132857, No Iterations 1
ExecutionTime = 18.1266 s  ClockTime = 18 s

Time = 357s

smoothSolver:  Solving for Ux, Initial residual = 0.000672151, Final residual = 2.23796e-05, No Iterations 2
smoothSolver:  Solving for Uy, Initial residual = 0.760935, Final residual = 0.0561768, No Iterations 2
Pressure gradient source: uncorrected Ubar = 9.99987, pressure gradient = 20.8552
GAMG:  Solving for p, Initial residual = 0.830986, Final residual = 0.00829136, No Iterations 62
time step continuity errors : sum local = 0.000325813, global = 1.73122e-16, cumulative = -1.82165e-15
Pressure gradient source: uncorrected Ubar = 9.99996, pressure gradient = 20.4031
smoothSolver:  Solving for omega, Initial residual = 0.00115862, Final residual = 4.02496e-05, No Iterations 1
smoothSolver:  Solving for k, Initial residual = 0.00359418, Final residual = 8.43125e-05, No Iterations 1
ExecutionTime = 18.1975 s  ClockTime = 18 s

Time = 358s

smoothSolver:  Solving for Ux, Initial residual = 0.000496713, Final residual = 1.87849e-05, No Iterations 2
smoothSolver:  Solving for Uy, Initial residual = 0.652286, Final residual = 0.044903, No Iterations 2
Pressure gradient source: uncorrected Ubar = 10.0004, pressure gradient = 18.4393
GAMG:  Solving for p, Initial residual = 0.274651, Final residual = 0.00254898, No Iterations 66
time step continuity errors : sum local = 0.000277548, global = 2.79205e-16, cumulative = -1.54244e-15
Pressure gradient source: uncorrected Ubar = 10.0001, pressure gradient = 19.7308
smoothSolver:  Solving for omega, Initial residual = 0.000607782, Final residual = 2.55921e-05, No Iterations 1
smoothSolver:  Solving for k, Initial residual = 0.00405552, Final residual = 0.000101592, No Iterations 1
ExecutionTime = 18.2824 s  ClockTime = 18 s

Time = 359s

smoothSolver:  Solving for Ux, Initial residual = 0.000503757, Final residual = 1.91658e-05, No Iterations 2
smoothSolver:  Solving for Uy, Initial residual = 0.622833, Final residual = 0.043226, No Iterations 2
Pressure gradient source: uncorrected Ubar = 10.0001, pressure gradient = 19.3382
GAMG:  Solving for p, Initial residual = 0.68032, Final residual = 0.00663757, No Iterations 66
time step continuity errors : sum local = 0.000255231, global = 2.48849e-16, cumulative = -1.29359e-15
Pressure gradient source: uncorrected Ubar = 10, pressure gradient = 19.6314
smoothSolver:  Solving for omega, Initial residual = 0.00104888, Final residual = 2.62202e-05, No Iterations 1
smoothSolver:  Solving for k, Initial residual = 0.00567629, Final residual = 0.000103156, No Iterations 1
ExecutionTime = 18.346 s  ClockTime = 18 s

Time = 360s

smoothSolver:  Solving for Ux, Initial residual = 0.000665589, Final residual = 2.2165e-05, No Iterations 2
smoothSolver:  Solving for Uy, Initial residual = 0.65214, Final residual = 0.0456396, No Iterations 2
Pressure gradient source: uncorrected Ubar = 9.99965, pressure gradient = 21.3703
GAMG:  Solving for p, Initial residual = 0.275552, Final residual = 0.00271891, No Iterations 72
time step continuity errors : sum local = 0.000327928, global = -3.40397e-16, cumulative = -1.63399e-15
Pressure gradient source: uncorrected Ubar = 9.99989, pressure gradient = 20.2051
smoothSolver:  Solving for omega, Initial residual = 0.00160893, Final residual = 4.99582e-05, No Iterations 1
smoothSolver:  Solving for k, Initial residual = 0.0058104, Final residual = 0.000130355, No Iterations 1
ExecutionTime = 18.4273 s  ClockTime = 18 s

Time = 361s

smoothSolver:  Solving for Ux, Initial residual = 0.000660989, Final residual = 2.14985e-05, No Iterations 2
smoothSolver:  Solving for Uy, Initial residual = 0.76245, Final residual = 0.0562974, No Iterations 2
Pressure gradient source: uncorrected Ubar = 9.99987, pressure gradient = 20.8617
GAMG:  Solving for p, Initial residual = 0.823013, Final residual = 0.00818483, No Iterations 62
time step continuity errors : sum local = 0.000324842, global = -3.06415e-16, cumulative = -1.94041e-15
Pressure gradient source: uncorrected Ubar = 9.99996, pressure gradient = 20.4143
smoothSolver:  Solving for omega, Initial residual = 0.001153, Final residual = 3.97072e-05, No Iterations 1
smoothSolver:  Solving for k, Initial residual = 0.00356534, Final residual = 8.18055e-05, No Iterations 1
ExecutionTime = 18.4687 s  ClockTime = 18 s

Time = 362s

smoothSolver:  Solving for Ux, Initial residual = 0.000486222, Final residual = 1.7957e-05, No Iterations 2
smoothSolver:  Solving for Uy, Initial residual = 0.662747, Final residual = 0.0455994, No Iterations 2
Pressure gradient source: uncorrected Ubar = 10.0004, pressure gradient = 18.4486
GAMG:  Solving for p, Initial residual = 0.274347, Final residual = 0.00254839, No Iterations 66
time step continuity errors : sum local = 0.000277928, global = 1.45644e-16, cumulative = -1.79476e-15
Pressure gradient source: uncorrected Ubar = 10.0001, pressure gradient = 19.7414
smoothSolver:  Solving for omega, Initial residual = 0.000602723, Final residual = 2.5065e-05, No Iterations 1
smoothSolver:  Solving for k, Initial residual = 0.00402608, Final residual = 9.91055e-05, No Iterations 1
ExecutionTime = 18.5098 s  ClockTime = 18 s

Time = 363s

smoothSolver:  Solving for Ux, Initial residual = 0.000493332, Final residual = 1.84513e-05, No Iterations 2
smoothSolver:  Solving for Uy, Initial residual = 0.633426, Final residual = 0.0439887, No Iterations 2
Pressure gradient source: uncorrected Ubar = 10.0001, pressure gradient = 19.3532
GAMG:  Solving for p, Initial residual = 0.68542, Final residual = 0.00668789, No Iterations 66
time step continuity errors : sum local = 0.000255315, global = -9.99707e-16, cumulative = -2.79447e-15
Pressure gradient source: uncorrected Ubar = 10, pressure gradient = 19.6435
smoothSolver:  Solving for omega, Initial residual = 0.00104374, Final residual = 2.57205e-05, No Iterations 1
smoothSolver:  Solving for k, Initial residual = 0.00564528, Final residual = 0.000100767, No Iterations 1
ExecutionTime = 18.5508 s  ClockTime = 18 s

Time = 364s

smoothSolver:  Solving for Ux, Initial residual = 0.000656933, Final residual = 2.15529e-05, No Iterations 2
smoothSolver:  Solving for Uy, Initial residual = 0.651918, Final residual = 0.04565, No Iterations 2
Pressure gradient source: uncorrected Ubar = 9.99965, pressure gradient = 21.385
GAMG:  Solving for p, Initial residual = 0.275292, Final residual = 0.00271096, No Iterations 72
time step continuity errors : sum local = 0.000327337, global = 6.44904e-17, cumulative = -2.72998e-15
Pressure gradient source: uncorrected Ubar = 9.99989, pressure gradient = 20.218
smoothSolver:  Solving for omega, Initial residual = 0.00160348, Final residual = 4.94538e-05, No Iterations 1
smoothSolver:  Solving for k, Initial residual = 0.00578003, Final residual = 0.000127964, No Iterations 1
ExecutionTime = 18.6052 s  ClockTime = 18 s

Time = 365s

smoothSolver:  Solving for Ux, Initial residual = 0.000650678, Final residual = 2.06746e-05, No Iterations 2
smoothSolver:  Solving for Uy, Initial residual = 0.760593, Final residual = 0.0561687, No Iterations 2
Pressure gradient source: uncorrected Ubar = 9.99987, pressure gradient = 20.8678
GAMG:  Solving for p, Initial residual = 0.819721, Final residual = 0.00817247, No Iterations 62
time step continuity errors : sum local = 0.000325688, global = 2.46056e-16, cumulative = -2.48392e-15
Pressure gradient source: uncorrected Ubar = 9.99996, pressure gradient = 20.4249
smoothSolver:  Solving for omega, Initial residual = 0.00114763, Final residual = 3.91919e-05, No Iterations 1
smoothSolver:  Solving for k, Initial residual = 0.00353778, Final residual = 7.9415e-05, No Iterations 1
ExecutionTime = 18.6555 s  ClockTime = 19 s

Time = 366s

smoothSolver:  Solving for Ux, Initial residual = 0.000476417, Final residual = 1.71997e-05, No Iterations 2
smoothSolver:  Solving for Uy, Initial residual = 0.667915, Final residual = 0.0459601, No Iterations 2
Pressure gradient source: uncorrected Ubar = 10.0004, pressure gradient = 18.4574
GAMG:  Solving for p, Initial residual = 0.274187, Final residual = 0.00254992, No Iterations 66
time step continuity errors : sum local = 0.000278311, global = -2.26042e-16, cumulative = -2.70996e-15
Pressure gradient source: uncorrected Ubar = 10.0001, pressure gradient = 19.7513
smoothSolver:  Solving for omega, Initial residual = 0.000597906, Final residual = 2.45644e-05, No Iterations 1
smoothSolver:  Solving for k, Initial residual = 0.00399806, Final residual = 9.67328e-05, No Iterations 1
ExecutionTime = 18.7093 s  ClockTime = 19 s

Time = 367s

smoothSolver:  Solving for Ux, Initial residual = 0.000483695, Final residual = 1.78002e-05, No Iterations 2
smoothSolver:  Solving for Uy, Initial residual = 0.645013, Final residual = 0.0448121, No Iterations 2
Pressure gradient source: uncorrected Ubar = 10.0001, pressure gradient = 19.3672
GAMG:  Solving for p, Initial residual = 0.688966, Final residual = 0.0067185, No Iterations 66
time step continuity errors : sum local = 0.00025521, global = 1.58943e-17, cumulative = -2.69407e-15
Pressure gradient source: uncorrected Ubar = 10, pressure gradient = 19.6548
smoothSolver:  Solving for omega, Initial residual = 0.00103885, Final residual = 2.5246e-05, No Iterations 1
smoothSolver:  Solving for k, Initial residual = 0.00561575, Final residual = 9.84845e-05, No Iterations 1
ExecutionTime = 18.762 s  ClockTime = 19 s

Time = 368s

smoothSolver:  Solving for Ux, Initial residual = 0.000649361, Final residual = 2.1011e-05, No Iterations 2
smoothSolver:  Solving for Uy, Initial residual = 0.651216, Final residual = 0.0456262, No Iterations 2
Pressure gradient source: uncorrected Ubar = 9.99965, pressure gradient = 21.3988
GAMG:  Solving for p, Initial residual = 0.275304, Final residual = 0.00270428, No Iterations 72
time step continuity errors : sum local = 0.000326608, global = 1.47226e-16, cumulative = -2.54684e-15
Pressure gradient source: uncorrected Ubar = 9.99989, pressure gradient = 20.2302
smoothSolver:  Solving for omega, Initial residual = 0.00159827, Final residual = 4.89744e-05, No Iterations 1
smoothSolver:  Solving for k, Initial residual = 0.00575109, Final residual = 0.000125676, No Iterations 1
ExecutionTime = 18.8231 s  ClockTime = 19 s

Time = 369s

smoothSolver:  Solving for Ux, Initial residual = 0.000641049, Final residual = 1.99061e-05, No Iterations 2
smoothSolver:  Solving for Uy, Initial residual = 0.754207, Final residual = 0.0556806, No Iterations 2
Pressure gradient source: uncorrected Ubar = 9.99987, pressure gradient = 20.8737
GAMG:  Solving for p, Initial residual = 0.816034, Final residual = 0.00813043, No Iterations 62
time step continuity errors : sum local = 0.000325534, global = -3.72696e-16, cumulative = -2.91954e-15
Pressure gradient source: uncorrected Ubar = 9.99996, pressure gradient = 20.4348
smoothSolver:  Solving for omega, Initial residual = 0.00114252, Final residual = 3.87025e-05, No Iterations 1
smoothSolver:  Solving for k, Initial residual = 0.00351163, Final residual = 7.71373e-05, No Iterations 1
ExecutionTime = 18.875 s  ClockTime = 19 s

Time = 370s

smoothSolver:  Solving for Ux, Initial residual = 0.000467282, Final residual = 1.65015e-05, No Iterations 2
smoothSolver:  Solving for Uy, Initial residual = 0.669625, Final residual = 0.0460669, No Iterations 2
Pressure gradient source: uncorrected Ubar = 10.0004, pressure gradient = 18.4656
GAMG:  Solving for p, Initial residual = 0.274162, Final residual = 0.00254078, No Iterations 66
time step continuity errors : sum local = 0.000277468, global = -1.57159e-16, cumulative = -3.0767e-15
Pressure gradient source: uncorrected Ubar = 10.0001, pressure gradient = 19.7606
smoothSolver:  Solving for omega, Initial residual = 0.000593326, Final residual = 2.40891e-05, No Iterations 1
smoothSolver:  Solving for k, Initial residual = 0.00397144, Final residual = 9.44724e-05, No Iterations 1
ExecutionTime = 18.929 s  ClockTime = 19 s

Time = 371s

smoothSolver:  Solving for Ux, Initial residual = 0.00047476, Final residual = 1.72038e-05, No Iterations 2
smoothSolver:  Solving for Uy, Initial residual = 0.652658, Final residual = 0.045353, No Iterations 2
Pressure gradient source: uncorrected Ubar = 10.0001, pressure gradient = 19.3803
GAMG:  Solving for p, Initial residual = 0.693116, Final residual = 0.00675288, No Iterations 66
time step continuity errors : sum local = 0.000255018, global = -6.10816e-16, cumulative = -3.68752e-15
Pressure gradient source: uncorrected Ubar = 10, pressure gradient = 19.6654
smoothSolver:  Solving for omega, Initial residual = 0.00103418, Final residual = 2.47955e-05, No Iterations 1
smoothSolver:  Solving for k, Initial residual = 0.00558764, Final residual = 9.63155e-05, No Iterations 1
ExecutionTime = 18.9914 s  ClockTime = 19 s

Time = 372s

smoothSolver:  Solving for Ux, Initial residual = 0.000642665, Final residual = 2.05393e-05, No Iterations 2
smoothSolver:  Solving for Uy, Initial residual = 0.654413, Final residual = 0.0458611, No Iterations 2
Pressure gradient source: uncorrected Ubar = 9.99965, pressure gradient = 21.4117
GAMG:  Solving for p, Initial residual = 0.275235, Final residual = 0.0027099, No Iterations 72
time step continuity errors : sum local = 0.00032743, global = -2.28123e-16, cumulative = -3.91564e-15
Pressure gradient source: uncorrected Ubar = 9.99989, pressure gradient = 20.2415
smoothSolver:  Solving for omega, Initial residual = 0.00159331, Final residual = 4.85187e-05, No Iterations 1
smoothSolver:  Solving for k, Initial residual = 0.00572355, Final residual = 0.000123507, No Iterations 1
ExecutionTime = 19.0445 s  ClockTime = 19 s

Time = 373s

smoothSolver:  Solving for Ux, Initial residual = 0.000632051, Final residual = 1.9188e-05, No Iterations 2
smoothSolver:  Solving for Uy, Initial residual = 0.74938, Final residual = 0.0553295, No Iterations 2
Pressure gradient source: uncorrected Ubar = 9.99987, pressure gradient = 20.8792
GAMG:  Solving for p, Initial residual = 0.812439, Final residual = 0.00807833, No Iterations 62
time step continuity errors : sum local = 0.000324935, global = -2.47898e-16, cumulative = -4.16354e-15
Pressure gradient source: uncorrected Ubar = 9.99996, pressure gradient = 20.444
smoothSolver:  Solving for omega, Initial residual = 0.00113765, Final residual = 3.82374e-05, No Iterations 1
smoothSolver:  Solving for k, Initial residual = 0.0034869, Final residual = 7.49871e-05, No Iterations 1
ExecutionTime = 19.0931 s  ClockTime = 19 s

Time = 374s

smoothSolver:  Solving for Ux, Initial residual = 0.00045894, Final residual = 1.58526e-05, No Iterations 2
smoothSolver:  Solving for Uy, Initial residual = 0.668271, Final residual = 0.0459772, No Iterations 2
Pressure gradient source: uncorrected Ubar = 10.0004, pressure gradient = 18.4733
GAMG:  Solving for p, Initial residual = 0.274079, Final residual = 0.00254304, No Iterations 66
time step continuity errors : sum local = 0.000277874, global = 4.01083e-17, cumulative = -4.12343e-15
Pressure gradient source: uncorrected Ubar = 10.0001, pressure gradient = 19.7693
smoothSolver:  Solving for omega, Initial residual = 0.000588973, Final residual = 2.3638e-05, No Iterations 1
smoothSolver:  Solving for k, Initial residual = 0.0039463, Final residual = 9.23411e-05, No Iterations 1
ExecutionTime = 19.1404 s  ClockTime = 19 s

Time = 375s

smoothSolver:  Solving for Ux, Initial residual = 0.0004665, Final residual = 1.66534e-05, No Iterations 2
smoothSolver:  Solving for Uy, Initial residual = 0.65711, Final residual = 0.0456817, No Iterations 2
Pressure gradient source: uncorrected Ubar = 10.0001, pressure gradient = 19.3925
GAMG:  Solving for p, Initial residual = 0.696842, Final residual = 0.00678754, No Iterations 66
time step continuity errors : sum local = 0.000254987, global = -1.63549e-17, cumulative = -4.13978e-15
Pressure gradient source: uncorrected Ubar = 10, pressure gradient = 19.6753
smoothSolver:  Solving for omega, Initial residual = 0.00102974, Final residual = 2.43678e-05, No Iterations 1
smoothSolver:  Solving for k, Initial residual = 0.00556094, Final residual = 9.42643e-05, No Iterations 1
ExecutionTime = 19.1917 s  ClockTime = 19 s

Time = 376s

smoothSolver:  Solving for Ux, Initial residual = 0.000637003, Final residual = 2.01152e-05, No Iterations 2
smoothSolver:  Solving for Uy, Initial residual = 0.658201, Final residual = 0.046147, No Iterations 2
Pressure gradient source: uncorrected Ubar = 9.99965, pressure gradient = 21.4237
GAMG:  Solving for p, Initial residual = 0.275157, Final residual = 0.00270201, No Iterations 72
time step continuity errors : sum local = 0.000326664, global = 1.29803e-16, cumulative = -4.00998e-15
Pressure gradient source: uncorrected Ubar = 9.99989, pressure gradient = 20.2521
smoothSolver:  Solving for omega, Initial residual = 0.00158858, Final residual = 4.80855e-05, No Iterations 1
smoothSolver:  Solving for k, Initial residual = 0.00569728, Final residual = 0.000121448, No Iterations 1
ExecutionTime = 19.2452 s  ClockTime = 19 s

Time = 377s

smoothSolver:  Solving for Ux, Initial residual = 0.000623737, Final residual = 1.85181e-05, No Iterations 2
smoothSolver:  Solving for Uy, Initial residual = 0.747175, Final residual = 0.0551738, No Iterations 2
Pressure gradient source: uncorrected Ubar = 9.99987, pressure gradient = 20.8844
GAMG:  Solving for p, Initial residual = 0.809409, Final residual = 0.00805906, No Iterations 62
time step continuity errors : sum local = 0.000325383, global = 1.42276e-17, cumulative = -3.99575e-15
Pressure gradient source: uncorrected Ubar = 9.99996, pressure gradient = 20.4527
smoothSolver:  Solving for omega, Initial residual = 0.00113302, Final residual = 3.77955e-05, No Iterations 1
smoothSolver:  Solving for k, Initial residual = 0.00346336, Final residual = 7.2946e-05, No Iterations 1
ExecutionTime = 19.2858 s  ClockTime = 19 s

Time = 378s

smoothSolver:  Solving for Ux, Initial residual = 0.000451295, Final residual = 1.52484e-05, No Iterations 2
smoothSolver:  Solving for Uy, Initial residual = 0.665448, Final residual = 0.0457847, No Iterations 2
Pressure gradient source: uncorrected Ubar = 10.0004, pressure gradient = 18.4806
GAMG:  Solving for p, Initial residual = 0.274001, Final residual = 0.00254689, No Iterations 66
time step continuity errors : sum local = 0.000278428, global = 4.36318e-16, cumulative = -3.55943e-15
Pressure gradient source: uncorrected Ubar = 10.0001, pressure gradient = 19.7774
smoothSolver:  Solving for omega, Initial residual = 0.000584835, Final residual = 2.32097e-05, No Iterations 1
smoothSolver:  Solving for k, Initial residual = 0.0039223, Final residual = 9.03148e-05, No Iterations 1
ExecutionTime = 19.3319 s  ClockTime = 19 s

Time = 379s

smoothSolver:  Solving for Ux, Initial residual = 0.000458869, Final residual = 1.61511e-05, No Iterations 2
smoothSolver:  Solving for Uy, Initial residual = 0.65915, Final residual = 0.0458308, No Iterations 2
Pressure gradient source: uncorrected Ubar = 10.0001, pressure gradient = 19.4039
GAMG:  Solving for p, Initial residual = 0.70043, Final residual = 0.00681868, No Iterations 66
time step continuity errors : sum local = 0.000254876, global = -3.40396e-17, cumulative = -3.59347e-15
Pressure gradient source: uncorrected Ubar = 10, pressure gradient = 19.6846
smoothSolver:  Solving for omega, Initial residual = 0.0010255, Final residual = 2.39618e-05, No Iterations 1
smoothSolver:  Solving for k, Initial residual = 0.00553542, Final residual = 9.23132e-05, No Iterations 1
ExecutionTime = 19.3874 s  ClockTime = 19 s

Time = 380s

smoothSolver:  Solving for Ux, Initial residual = 0.000631891, Final residual = 1.97269e-05, No Iterations 2
smoothSolver:  Solving for Uy, Initial residual = 0.663244, Final residual = 0.0465193, No Iterations 2
Pressure gradient source: uncorrected Ubar = 9.99965, pressure gradient = 21.4349
GAMG:  Solving for p, Initial residual = 0.275099, Final residual = 0.00269413, No Iterations 72
time step continuity errors : sum local = 0.000325849, global = -4.90003e-16, cumulative = -4.08348e-15
Pressure gradient source: uncorrected Ubar = 9.99989, pressure gradient = 20.2621
smoothSolver:  Solving for omega, Initial residual = 0.00158408, Final residual = 4.76738e-05, No Iterations 1
smoothSolver:  Solving for k, Initial residual = 0.00567214, Final residual = 0.00011949, No Iterations 1
ExecutionTime = 19.4583 s  ClockTime = 19 s

Time = 381s

smoothSolver:  Solving for Ux, Initial residual = 0.000616014, Final residual = 1.78963e-05, No Iterations 2
smoothSolver:  Solving for Uy, Initial residual = 0.746909, Final residual = 0.0551695, No Iterations 2
Pressure gradient source: uncorrected Ubar = 9.99987, pressure gradient = 20.8894
GAMG:  Solving for p, Initial residual = 0.806289, Final residual = 0.00802874, No Iterations 62
time step continuity errors : sum local = 0.000325456, global = -9.61595e-17, cumulative = -4.17964e-15
Pressure gradient source: uncorrected Ubar = 9.99996, pressure gradient = 20.4608
smoothSolver:  Solving for omega, Initial residual = 0.00112862, Final residual = 3.73755e-05, No Iterations 1
smoothSolver:  Solving for k, Initial residual = 0.00344091, Final residual = 7.10102e-05, No Iterations 1
ExecutionTime = 19.5238 s  ClockTime = 19 s

Time = 382s

smoothSolver:  Solving for Ux, Initial residual = 0.000444244, Final residual = 1.47021e-05, No Iterations 2
smoothSolver:  Solving for Uy, Initial residual = 0.661829, Final residual = 0.0455342, No Iterations 2
Pressure gradient source: uncorrected Ubar = 10.0004, pressure gradient = 18.4873
GAMG:  Solving for p, Initial residual = 0.273921, Final residual = 0.00254778, No Iterations 66
time step continuity errors : sum local = 0.000278672, global = -5.98168e-17, cumulative = -4.23945e-15
Pressure gradient source: uncorrected Ubar = 10.0001, pressure gradient = 19.7851
smoothSolver:  Solving for omega, Initial residual = 0.000580899, Final residual = 2.28031e-05, No Iterations 1
smoothSolver:  Solving for k, Initial residual = 0.00389941, Final residual = 8.83949e-05, No Iterations 1
ExecutionTime = 19.5859 s  ClockTime = 19 s

Time = 383s

smoothSolver:  Solving for Ux, Initial residual = 0.000451887, Final residual = 1.56894e-05, No Iterations 2
smoothSolver:  Solving for Uy, Initial residual = 0.6607, Final residual = 0.0459501, No Iterations 2
Pressure gradient source: uncorrected Ubar = 10.0001, pressure gradient = 19.4145
GAMG:  Solving for p, Initial residual = 0.703732, Final residual = 0.0068489, No Iterations 66
time step continuity errors : sum local = 0.000254827, global = 2.51917e-16, cumulative = -3.98754e-15
Pressure gradient source: uncorrected Ubar = 10, pressure gradient = 19.6933
smoothSolver:  Solving for omega, Initial residual = 0.00102148, Final residual = 2.35763e-05, No Iterations 1
smoothSolver:  Solving for k, Initial residual = 0.00551102, Final residual = 9.0471e-05, No Iterations 1
ExecutionTime = 19.654 s  ClockTime = 20 s

Time = 384s

smoothSolver:  Solving for Ux, Initial residual = 0.000627197, Final residual = 1.93705e-05, No Iterations 2
smoothSolver:  Solving for Uy, Initial residual = 0.668709, Final residual = 0.0469132, No Iterations 2
Pressure gradient source: uncorrected Ubar = 9.99965, pressure gradient = 21.4454
GAMG:  Solving for p, Initial residual = 0.275002, Final residual = 0.00269704, No Iterations 72
time step continuity errors : sum local = 0.000326376, global = 2.22034e-16, cumulative = -3.7655e-15
Pressure gradient source: uncorrected Ubar = 9.99988, pressure gradient = 20.2713
smoothSolver:  Solving for omega, Initial residual = 0.00157979, Final residual = 4.72824e-05, No Iterations 1
smoothSolver:  Solving for k, Initial residual = 0.00564807, Final residual = 0.000117639, No Iterations 1
ExecutionTime = 19.7089 s  ClockTime = 20 s

Time = 385s

smoothSolver:  Solving for Ux, Initial residual = 0.000608842, Final residual = 1.73237e-05, No Iterations 2
smoothSolver:  Solving for Uy, Initial residual = 0.748553, Final residual = 0.0553025, No Iterations 2
Pressure gradient source: uncorrected Ubar = 9.99988, pressure gradient = 20.894
GAMG:  Solving for p, Initial residual = 0.803846, Final residual = 0.00800492, No Iterations 62
time step continuity errors : sum local = 0.000325528, global = 2.91217e-17, cumulative = -3.73638e-15
Pressure gradient source: uncorrected Ubar = 9.99996, pressure gradient = 20.4685
smoothSolver:  Solving for omega, Initial residual = 0.00112444, Final residual = 3.69765e-05, No Iterations 1
smoothSolver:  Solving for k, Initial residual = 0.00341947, Final residual = 6.91876e-05, No Iterations 1
ExecutionTime = 19.7575 s  ClockTime = 20 s

Time = 386s

smoothSolver:  Solving for Ux, Initial residual = 0.000437673, Final residual = 1.42101e-05, No Iterations 2
smoothSolver:  Solving for Uy, Initial residual = 0.658582, Final residual = 0.0453083, No Iterations 2
Pressure gradient source: uncorrected Ubar = 10.0004, pressure gradient = 18.4936
GAMG:  Solving for p, Initial residual = 0.27385, Final residual = 0.00255051, No Iterations 66
time step continuity errors : sum local = 0.000279098, global = -4.16286e-16, cumulative = -4.15267e-15
Pressure gradient source: uncorrected Ubar = 10.0001, pressure gradient = 19.7922
smoothSolver:  Solving for omega, Initial residual = 0.000577156, Final residual = 2.24171e-05, No Iterations 1
smoothSolver:  Solving for k, Initial residual = 0.00387755, Final residual = 8.65858e-05, No Iterations 1
ExecutionTime = 19.8254 s  ClockTime = 20 s

Time = 387s

smoothSolver:  Solving for Ux, Initial residual = 0.000445485, Final residual = 1.52732e-05, No Iterations 2
smoothSolver:  Solving for Uy, Initial residual = 0.662461, Final residual = 0.0460952, No Iterations 2
Pressure gradient source: uncorrected Ubar = 10.0001, pressure gradient = 19.4243
GAMG:  Solving for p, Initial residual = 0.70683, Final residual = 0.00687786, No Iterations 66
time step continuity errors : sum local = 0.000254818, global = 4.74087e-17, cumulative = -4.10526e-15
Pressure gradient source: uncorrected Ubar = 10, pressure gradient = 19.7013
smoothSolver:  Solving for omega, Initial residual = 0.00101764, Final residual = 2.32104e-05, No Iterations 1
smoothSolver:  Solving for k, Initial residual = 0.00548768, Final residual = 8.87504e-05, No Iterations 1
ExecutionTime = 19.8727 s  ClockTime = 20 s

Time = 388s

smoothSolver:  Solving for Ux, Initial residual = 0.000622864, Final residual = 1.90435e-05, No Iterations 2
smoothSolver:  Solving for Uy, Initial residual = 0.673561, Final residual = 0.0472611, No Iterations 2
Pressure gradient source: uncorrected Ubar = 9.99965, pressure gradient = 21.4552
GAMG:  Solving for p, Initial residual = 0.274932, Final residual = 0.00269075, No Iterations 72
time step continuity errors : sum local = 0.000325772, global = 4.02997e-16, cumulative = -3.70226e-15
Pressure gradient source: uncorrected Ubar = 9.99988, pressure gradient = 20.28
smoothSolver:  Solving for omega, Initial residual = 0.00157569, Final residual = 4.69105e-05, No Iterations 1
smoothSolver:  Solving for k, Initial residual = 0.00562503, Final residual = 0.000115886, No Iterations 1
ExecutionTime = 19.9259 s  ClockTime = 20 s

Time = 389s

smoothSolver:  Solving for Ux, Initial residual = 0.000602182, Final residual = 1.68074e-05, No Iterations 2
smoothSolver:  Solving for Uy, Initial residual = 0.750942, Final residual = 0.0554881, No Iterations 2
Pressure gradient source: uncorrected Ubar = 9.99988, pressure gradient = 20.8984
GAMG:  Solving for p, Initial residual = 0.801452, Final residual = 0.00798243, No Iterations 62
time step continuity errors : sum local = 0.00032563, global = -1.10897e-16, cumulative = -3.81316e-15
Pressure gradient source: uncorrected Ubar = 9.99996, pressure gradient = 20.4756
smoothSolver:  Solving for omega, Initial residual = 0.00112045, Final residual = 3.65972e-05, No Iterations 1
smoothSolver:  Solving for k, Initial residual = 0.00339902, Final residual = 6.74586e-05, No Iterations 1
ExecutionTime = 19.985 s  ClockTime = 20 s

Time = 390s

smoothSolver:  Solving for Ux, Initial residual = 0.000431716, Final residual = 1.37539e-05, No Iterations 2
smoothSolver:  Solving for Uy, Initial residual = 0.656212, Final residual = 0.0451479, No Iterations 2
Pressure gradient source: uncorrected Ubar = 10.0004, pressure gradient = 18.4994
GAMG:  Solving for p, Initial residual = 0.273789, Final residual = 0.0025515, No Iterations 66
time step continuity errors : sum local = 0.000279303, global = 6.47585e-16, cumulative = -3.16557e-15
Pressure gradient source: uncorrected Ubar = 10.0001, pressure gradient = 19.7989
smoothSolver:  Solving for omega, Initial residual = 0.000573596, Final residual = 2.20505e-05, No Iterations 1
smoothSolver:  Solving for k, Initial residual = 0.00385671, Final residual = 8.48684e-05, No Iterations 1
ExecutionTime = 20.0379 s  ClockTime = 20 s

Time = 391s

smoothSolver:  Solving for Ux, Initial residual = 0.000439666, Final residual = 1.49018e-05, No Iterations 2
smoothSolver:  Solving for Uy, Initial residual = 0.664323, Final residual = 0.0462488, No Iterations 2
Pressure gradient source: uncorrected Ubar = 10.0001, pressure gradient = 19.4335
GAMG:  Solving for p, Initial residual = 0.709716, Final residual = 0.0069027, No Iterations 66
time step continuity errors : sum local = 0.000254716, global = -1.6949e-16, cumulative = -3.33506e-15
Pressure gradient source: uncorrected Ubar = 10, pressure gradient = 19.7089
smoothSolver:  Solving for omega, Initial residual = 0.00101399, Final residual = 2.2863e-05, No Iterations 1
smoothSolver:  Solving for k, Initial residual = 0.00546549, Final residual = 8.71201e-05, No Iterations 1
ExecutionTime = 20.1004 s  ClockTime = 20 s

Time = 392s

smoothSolver:  Solving for Ux, Initial residual = 0.000618853, Final residual = 1.87434e-05, No Iterations 2
smoothSolver:  Solving for Uy, Initial residual = 0.6772, Final residual = 0.0475198, No Iterations 2
Pressure gradient source: uncorrected Ubar = 9.99965, pressure gradient = 21.4644
GAMG:  Solving for p, Initial residual = 0.274855, Final residual = 0.00268757, No Iterations 72
time step continuity errors : sum local = 0.000325548, global = -2.91037e-17, cumulative = -3.36417e-15
Pressure gradient source: uncorrected Ubar = 9.99988, pressure gradient = 20.2881
smoothSolver:  Solving for omega, Initial residual = 0.00157179, Final residual = 4.6557e-05, No Iterations 1
smoothSolver:  Solving for k, Initial residual = 0.0056031, Final residual = 0.000114226, No Iterations 1
ExecutionTime = 20.168 s  ClockTime = 20 s

Time = 393s

smoothSolver:  Solving for Ux, Initial residual = 0.000596038, Final residual = 1.6334e-05, No Iterations 2
smoothSolver:  Solving for Uy, Initial residual = 0.752206, Final residual = 0.0555862, No Iterations 2
Pressure gradient source: uncorrected Ubar = 9.99988, pressure gradient = 20.9025
GAMG:  Solving for p, Initial residual = 0.799313, Final residual = 0.00796069, No Iterations 62
time step continuity errors : sum local = 0.000325658, global = -4.32627e-18, cumulative = -3.36849e-15
Pressure gradient source: uncorrected Ubar = 9.99996, pressure gradient = 20.4822
smoothSolver:  Solving for omega, Initial residual = 0.00111666, Final residual = 3.62368e-05, No Iterations 1
smoothSolver:  Solving for k, Initial residual = 0.00337966, Final residual = 6.58227e-05, No Iterations 1
ExecutionTime = 20.2186 s  ClockTime = 20 s

Time = 394s

smoothSolver:  Solving for Ux, Initial residual = 0.000426283, Final residual = 1.33335e-05, No Iterations 2
smoothSolver:  Solving for Uy, Initial residual = 0.655745, Final residual = 0.045121, No Iterations 2
Pressure gradient source: uncorrected Ubar = 10.0004, pressure gradient = 18.5049
GAMG:  Solving for p, Initial residual = 0.273727, Final residual = 0.00255579, No Iterations 66
time step continuity errors : sum local = 0.000279848, global = -2.35952e-16, cumulative = -3.60445e-15
Pressure gradient source: uncorrected Ubar = 10.0001, pressure gradient = 19.8051
smoothSolver:  Solving for omega, Initial residual = 0.000570211, Final residual = 2.17024e-05, No Iterations 1
smoothSolver:  Solving for k, Initial residual = 0.00383703, Final residual = 8.3247e-05, No Iterations 1
ExecutionTime = 20.2659 s  ClockTime = 20 s

Time = 395s

smoothSolver:  Solving for Ux, Initial residual = 0.000434355, Final residual = 1.45694e-05, No Iterations 2
smoothSolver:  Solving for Uy, Initial residual = 0.666836, Final residual = 0.0464368, No Iterations 2
Pressure gradient source: uncorrected Ubar = 10.0001, pressure gradient = 19.4421
GAMG:  Solving for p, Initial residual = 0.712762, Final residual = 0.00692443, No Iterations 66
time step continuity errors : sum local = 0.000254451, global = -4.27528e-16, cumulative = -4.03197e-15
Pressure gradient source: uncorrected Ubar = 10, pressure gradient = 19.7159
smoothSolver:  Solving for omega, Initial residual = 0.00101051, Final residual = 2.25333e-05, No Iterations 1
smoothSolver:  Solving for k, Initial residual = 0.0054446, Final residual = 8.55833e-05, No Iterations 1
ExecutionTime = 20.3103 s  ClockTime = 20 s

Time = 396s

smoothSolver:  Solving for Ux, Initial residual = 0.00061515, Final residual = 1.84684e-05, No Iterations 2
smoothSolver:  Solving for Uy, Initial residual = 0.679203, Final residual = 0.0476636, No Iterations 2
Pressure gradient source: uncorrected Ubar = 9.99965, pressure gradient = 21.473
GAMG:  Solving for p, Initial residual = 0.274779, Final residual = 0.00269106, No Iterations 72
time step continuity errors : sum local = 0.000326099, global = -1.91144e-17, cumulative = -4.05109e-15
Pressure gradient source: uncorrected Ubar = 9.99988, pressure gradient = 20.2956
smoothSolver:  Solving for omega, Initial residual = 0.00156806, Final residual = 4.62211e-05, No Iterations 1
smoothSolver:  Solving for k, Initial residual = 0.00558229, Final residual = 0.000112662, No Iterations 1
ExecutionTime = 20.3676 s  ClockTime = 20 s

Time = 397s

smoothSolver:  Solving for Ux, Initial residual = 0.000590446, Final residual = 1.58962e-05, No Iterations 2
smoothSolver:  Solving for Uy, Initial residual = 0.752295, Final residual = 0.0556018, No Iterations 2
Pressure gradient source: uncorrected Ubar = 9.99988, pressure gradient = 20.9064
GAMG:  Solving for p, Initial residual = 0.797447, Final residual = 0.00794414, No Iterations 62
time step continuity errors : sum local = 0.000325775, global = -2.47242e-16, cumulative = -4.29833e-15
Pressure gradient source: uncorrected Ubar = 9.99996, pressure gradient = 20.4885
smoothSolver:  Solving for omega, Initial residual = 0.00111305, Final residual = 3.58943e-05, No Iterations 1
smoothSolver:  Solving for k, Initial residual = 0.00336135, Final residual = 6.42832e-05, No Iterations 1
ExecutionTime = 20.452 s  ClockTime = 20 s

Time = 398s

smoothSolver:  Solving for Ux, Initial residual = 0.000421354, Final residual = 1.29665e-05, No Iterations 2
smoothSolver:  Solving for Uy, Initial residual = 0.657286, Final residual = 0.0452386, No Iterations 2
Pressure gradient source: uncorrected Ubar = 10.0004, pressure gradient = 18.51
GAMG:  Solving for p, Initial residual = 0.273645, Final residual = 0.00256477, No Iterations 66
time step continuity errors : sum local = 0.000280796, global = 4.3343e-17, cumulative = -4.25499e-15
Pressure gradient source: uncorrected Ubar = 10.0001, pressure gradient = 19.8109
smoothSolver:  Solving for omega, Initial residual = 0.000566992, Final residual = 2.13719e-05, No Iterations 1
smoothSolver:  Solving for k, Initial residual = 0.0038184, Final residual = 8.17181e-05, No Iterations 1
ExecutionTime = 20.5127 s  ClockTime = 20 s

Time = 399s

smoothSolver:  Solving for Ux, Initial residual = 0.000429498, Final residual = 1.42794e-05, No Iterations 2
smoothSolver:  Solving for Uy, Initial residual = 0.670034, Final residual = 0.0466729, No Iterations 2
Pressure gradient source: uncorrected Ubar = 10.0001, pressure gradient = 19.4501
GAMG:  Solving for p, Initial residual = 0.715847, Final residual = 0.00696051, No Iterations 66
time step continuity errors : sum local = 0.000254671, global = -1.73923e-16, cumulative = -4.42891e-15
Pressure gradient source: uncorrected Ubar = 10, pressure gradient = 19.7225
smoothSolver:  Solving for omega, Initial residual = 0.0010072, Final residual = 2.22213e-05, No Iterations 1
smoothSolver:  Solving for k, Initial residual = 0.00542482, Final residual = 8.41351e-05, No Iterations 1
ExecutionTime = 20.5674 s  ClockTime = 20 s

Time = 400s

smoothSolver:  Solving for Ux, Initial residual = 0.000611722, Final residual = 1.82142e-05, No Iterations 2
smoothSolver:  Solving for Uy, Initial residual = 0.678645, Final residual = 0.0476181, No Iterations 2
Pressure gradient source: uncorrected Ubar = 9.99965, pressure gradient = 21.481
GAMG:  Solving for p, Initial residual = 0.274705, Final residual = 0.00273305, No Iterations 72
time step continuity errors : sum local = 0.000331299, global = -1.94226e-16, cumulative = -4.62314e-15
Pressure gradient source: uncorrected Ubar = 9.99988, pressure gradient = 20.3026
smoothSolver:  Solving for omega, Initial residual = 0.00156451, Final residual = 4.5902e-05, No Iterations 1
smoothSolver:  Solving for k, Initial residual = 0.00556261, Final residual = 0.000111187, No Iterations 1
ExecutionTime = 20.6842 s  ClockTime = 21 s

yPlus yPlus write:
    writing object yPlus
    patch bottomWall y+ : min = 11.1018, max = 11.5672, average = 11.1924
    patch topWall y+ : min = 11.1021, max = 11.5632, average = 11.1693

wallShearStress wallShearStress write:
    writing object wallShearStress
    min/max(bottomWall) = (-0.303322 -0.000121104 0), (-0.301412 0.000130653 0)
    min/max(topWall) = (-0.303234 -0.000128534 0), (-0.301377 5.75881e-05 0)

Time = 401s

smoothSolver:  Solving for Ux, Initial residual = 0.000585275, Final residual = 1.5492e-05, No Iterations 2
smoothSolver:  Solving for Uy, Initial residual = 0.751323, Final residual = 0.0555361, No Iterations 2
Pressure gradient source: uncorrected Ubar = 9.99988, pressure gradient = 20.91
GAMG:  Solving for p, Initial residual = 0.796895, Final residual = 0.00792905, No Iterations 62
time step continuity errors : sum local = 0.000325431, global = -1.64422e-17, cumulative = -4.63958e-15
Pressure gradient source: uncorrected Ubar = 9.99996, pressure gradient = 20.4943
smoothSolver:  Solving for omega, Initial residual = 0.00110961, Final residual = 3.55689e-05, No Iterations 1
smoothSolver:  Solving for k, Initial residual = 0.00334403, Final residual = 6.28359e-05, No Iterations 1
ExecutionTime = 20.7278 s  ClockTime = 21 s

Time = 402s

smoothSolver:  Solving for Ux, Initial residual = 0.000416836, Final residual = 1.2633e-05, No Iterations 2
smoothSolver:  Solving for Uy, Initial residual = 0.660671, Final residual = 0.045495, No Iterations 2
Pressure gradient source: uncorrected Ubar = 10.0004, pressure gradient = 18.5148
GAMG:  Solving for p, Initial residual = 0.273583, Final residual = 0.00255708, No Iterations 66
time step continuity errors : sum local = 0.00028027, global = 4.24741e-17, cumulative = -4.5971e-15
Pressure gradient source: uncorrected Ubar = 10.0001, pressure gradient = 19.8164
smoothSolver:  Solving for omega, Initial residual = 0.000563933, Final residual = 2.10581e-05, No Iterations 1
smoothSolver:  Solving for k, Initial residual = 0.00380075, Final residual = 8.02842e-05, No Iterations 1
ExecutionTime = 20.775 s  ClockTime = 21 s

Time = 403s

smoothSolver:  Solving for Ux, Initial residual = 0.000425152, Final residual = 1.40313e-05, No Iterations 2
smoothSolver:  Solving for Uy, Initial residual = 0.673463, Final residual = 0.0469259, No Iterations 2
Pressure gradient source: uncorrected Ubar = 10.0001, pressure gradient = 19.4575
GAMG:  Solving for p, Initial residual = 0.716139, Final residual = 0.0069664, No Iterations 66
time step continuity errors : sum local = 0.000254813, global = 3.36113e-17, cumulative = -4.56349e-15
Pressure gradient source: uncorrected Ubar = 10, pressure gradient = 19.7286
smoothSolver:  Solving for omega, Initial residual = 0.00100405, Final residual = 2.19248e-05, No Iterations 1
smoothSolver:  Solving for k, Initial residual = 0.005406, Final residual = 8.27776e-05, No Iterations 1
ExecutionTime = 20.8536 s  ClockTime = 21 s

Time = 404s

smoothSolver:  Solving for Ux, Initial residual = 0.000608549, Final residual = 1.79788e-05, No Iterations 2
smoothSolver:  Solving for Uy, Initial residual = 0.675406, Final residual = 0.0473778, No Iterations 2
Pressure gradient source: uncorrected Ubar = 9.99965, pressure gradient = 21.4885
GAMG:  Solving for p, Initial residual = 0.274704, Final residual = 0.00272554, No Iterations 72
time step continuity errors : sum local = 0.000330487, global = 3.37248e-16, cumulative = -4.22624e-15
Pressure gradient source: uncorrected Ubar = 9.99988, pressure gradient = 20.3092
smoothSolver:  Solving for omega, Initial residual = 0.00156113, Final residual = 4.55988e-05, No Iterations 1
smoothSolver:  Solving for k, Initial residual = 0.00554393, Final residual = 0.000109803, No Iterations 1
ExecutionTime = 20.9268 s  ClockTime = 21 s

Time = 405s

smoothSolver:  Solving for Ux, Initial residual = 0.000580488, Final residual = 1.51185e-05, No Iterations 2
smoothSolver:  Solving for Uy, Initial residual = 0.749724, Final residual = 0.0554229, No Iterations 2
Pressure gradient source: uncorrected Ubar = 9.99988, pressure gradient = 20.9134
GAMG:  Solving for p, Initial residual = 0.796048, Final residual = 0.00791825, No Iterations 62
time step continuity errors : sum local = 0.000325376, global = -1.39785e-16, cumulative = -4.36603e-15
Pressure gradient source: uncorrected Ubar = 9.99996, pressure gradient = 20.4997
smoothSolver:  Solving for omega, Initial residual = 0.00110633, Final residual = 3.52595e-05, No Iterations 1
smoothSolver:  Solving for k, Initial residual = 0.00332758, Final residual = 6.14789e-05, No Iterations 1
ExecutionTime = 20.9856 s  ClockTime = 21 s

Time = 406s

smoothSolver:  Solving for Ux, Initial residual = 0.000412817, Final residual = 1.2328e-05, No Iterations 2
smoothSolver:  Solving for Uy, Initial residual = 0.665304, Final residual = 0.0458304, No Iterations 2
Pressure gradient source: uncorrected Ubar = 10.0004, pressure gradient = 18.5192
GAMG:  Solving for p, Initial residual = 0.273675, Final residual = 0.00256077, No Iterations 66
time step continuity errors : sum local = 0.0002806, global = 4.69792e-17, cumulative = -4.31905e-15
Pressure gradient source: uncorrected Ubar = 10.0001, pressure gradient = 19.8214
smoothSolver:  Solving for omega, Initial residual = 0.000561023, Final residual = 2.076e-05, No Iterations 1
smoothSolver:  Solving for k, Initial residual = 0.003784, Final residual = 7.89378e-05, No Iterations 1
ExecutionTime = 21.068 s  ClockTime = 21 s

Time = 407s

smoothSolver:  Solving for Ux, Initial residual = 0.000421318, Final residual = 1.38132e-05, No Iterations 2
smoothSolver:  Solving for Uy, Initial residual = 0.676809, Final residual = 0.0471654, No Iterations 2
Pressure gradient source: uncorrected Ubar = 10.0001, pressure gradient = 19.4644
GAMG:  Solving for p, Initial residual = 0.718841, Final residual = 0.00699175, No Iterations 66
time step continuity errors : sum local = 0.000254808, global = 2.8631e-16, cumulative = -4.03274e-15
Pressure gradient source: uncorrected Ubar = 10, pressure gradient = 19.7343
smoothSolver:  Solving for omega, Initial residual = 0.00100105, Final residual = 2.16431e-05, No Iterations 1
smoothSolver:  Solving for k, Initial residual = 0.00538816, Final residual = 8.14989e-05, No Iterations 1
ExecutionTime = 21.1332 s  ClockTime = 21 s

Time = 408s

smoothSolver:  Solving for Ux, Initial residual = 0.000605616, Final residual = 1.77598e-05, No Iterations 2
smoothSolver:  Solving for Uy, Initial residual = 0.671071, Final residual = 0.0470581, No Iterations 2
Pressure gradient source: uncorrected Ubar = 9.99965, pressure gradient = 21.4955
GAMG:  Solving for p, Initial residual = 0.274694, Final residual = 0.00269279, No Iterations 72
time step continuity errors : sum local = 0.000326527, global = 2.56283e-16, cumulative = -3.77646e-15
Pressure gradient source: uncorrected Ubar = 9.99988, pressure gradient = 20.3154
smoothSolver:  Solving for omega, Initial residual = 0.0015579, Final residual = 4.53115e-05, No Iterations 1
smoothSolver:  Solving for k, Initial residual = 0.00552633, Final residual = 0.000108494, No Iterations 1
ExecutionTime = 21.1957 s  ClockTime = 21 s

Time = 409s

smoothSolver:  Solving for Ux, Initial residual = 0.000576152, Final residual = 1.47752e-05, No Iterations 2
smoothSolver:  Solving for Uy, Initial residual = 0.748393, Final residual = 0.0553269, No Iterations 2
Pressure gradient source: uncorrected Ubar = 9.99988, pressure gradient = 20.9166
GAMG:  Solving for p, Initial residual = 0.791901, Final residual = 0.00787349, No Iterations 62
time step continuity errors : sum local = 0.000325242, global = 4.64143e-17, cumulative = -3.73004e-15
Pressure gradient source: uncorrected Ubar = 9.99996, pressure gradient = 20.5048
smoothSolver:  Solving for omega, Initial residual = 0.00110321, Final residual = 3.49656e-05, No Iterations 1
smoothSolver:  Solving for k, Initial residual = 0.00331209, Final residual = 6.01939e-05, No Iterations 1
ExecutionTime = 21.2421 s  ClockTime = 21 s

Time = 410s

smoothSolver:  Solving for Ux, Initial residual = 0.000409259, Final residual = 1.20725e-05, No Iterations 2
smoothSolver:  Solving for Uy, Initial residual = 0.670523, Final residual = 0.0462027, No Iterations 2
Pressure gradient source: uncorrected Ubar = 10.0004, pressure gradient = 18.5233
GAMG:  Solving for p, Initial residual = 0.27359, Final residual = 0.00256616, No Iterations 66
time step continuity errors : sum local = 0.000281246, global = -1.00995e-16, cumulative = -3.83104e-15
Pressure gradient source: uncorrected Ubar = 10.0001, pressure gradient = 19.8262
smoothSolver:  Solving for omega, Initial residual = 0.000558257, Final residual = 2.04769e-05, No Iterations 1
smoothSolver:  Solving for k, Initial residual = 0.00376823, Final residual = 7.76616e-05, No Iterations 1
ExecutionTime = 21.2923 s  ClockTime = 21 s

Time = 411s

smoothSolver:  Solving for Ux, Initial residual = 0.000418149, Final residual = 1.36177e-05, No Iterations 2
smoothSolver:  Solving for Uy, Initial residual = 0.679488, Final residual = 0.0473559, No Iterations 2
Pressure gradient source: uncorrected Ubar = 10.0001, pressure gradient = 19.4709
GAMG:  Solving for p, Initial residual = 0.722783, Final residual = 0.00703067, No Iterations 66
time step continuity errors : sum local = 0.000254831, global = 1.89755e-16, cumulative = -3.64128e-15
Pressure gradient source: uncorrected Ubar = 10, pressure gradient = 19.7396
smoothSolver:  Solving for omega, Initial residual = 0.00099819, Final residual = 2.13755e-05, No Iterations 1
smoothSolver:  Solving for k, Initial residual = 0.00537132, Final residual = 8.02828e-05, No Iterations 1
ExecutionTime = 21.3428 s  ClockTime = 21 s

Time = 412s

smoothSolver:  Solving for Ux, Initial residual = 0.00060291, Final residual = 1.75577e-05, No Iterations 2
smoothSolver:  Solving for Uy, Initial residual = 0.666536, Final residual = 0.0467243, No Iterations 2
Pressure gradient source: uncorrected Ubar = 9.99965, pressure gradient = 21.502
GAMG:  Solving for p, Initial residual = 0.274467, Final residual = 0.00272603, No Iterations 72
time step continuity errors : sum local = 0.000330853, global = -1.5006e-16, cumulative = -3.79134e-15
Pressure gradient source: uncorrected Ubar = 9.99988, pressure gradient = 20.3211
smoothSolver:  Solving for omega, Initial residual = 0.00155482, Final residual = 4.50386e-05, No Iterations 1
smoothSolver:  Solving for k, Initial residual = 0.0055097, Final residual = 0.000107249, No Iterations 1
ExecutionTime = 21.4089 s  ClockTime = 21 s

Time = 413s

smoothSolver:  Solving for Ux, Initial residual = 0.000572154, Final residual = 1.44651e-05, No Iterations 2
smoothSolver:  Solving for Uy, Initial residual = 0.747988, Final residual = 0.0552943, No Iterations 2
Pressure gradient source: uncorrected Ubar = 9.99988, pressure gradient = 20.9196
GAMG:  Solving for p, Initial residual = 0.791844, Final residual = 0.00788003, No Iterations 62
time step continuity errors : sum local = 0.000325569, global = -2.5192e-17, cumulative = -3.81653e-15
Pressure gradient source: uncorrected Ubar = 9.99996, pressure gradient = 20.5095
smoothSolver:  Solving for omega, Initial residual = 0.00110024, Final residual = 3.46864e-05, No Iterations 1
smoothSolver:  Solving for k, Initial residual = 0.00329743, Final residual = 5.89716e-05, No Iterations 1
ExecutionTime = 21.4525 s  ClockTime = 21 s

Time = 414s

smoothSolver:  Solving for Ux, Initial residual = 0.000406069, Final residual = 1.18445e-05, No Iterations 2
smoothSolver:  Solving for Uy, Initial residual = 0.675638, Final residual = 0.0465649, No Iterations 2
Pressure gradient source: uncorrected Ubar = 10.0004, pressure gradient = 18.5272
GAMG:  Solving for p, Initial residual = 0.273428, Final residual = 0.0025691, No Iterations 66
time step continuity errors : sum local = 0.000281761, global = -6.86943e-17, cumulative = -3.88523e-15
Pressure gradient source: uncorrected Ubar = 10.0001, pressure gradient = 19.8306
smoothSolver:  Solving for omega, Initial residual = 0.000555627, Final residual = 2.02081e-05, No Iterations 1
smoothSolver:  Solving for k, Initial residual = 0.00375327, Final residual = 7.64524e-05, No Iterations 1
ExecutionTime = 21.4989 s  ClockTime = 21 s

Time = 415s

smoothSolver:  Solving for Ux, Initial residual = 0.000415336, Final residual = 1.34513e-05, No Iterations 2
smoothSolver:  Solving for Uy, Initial residual = 0.680965, Final residual = 0.0474586, No Iterations 2
Pressure gradient source: uncorrected Ubar = 10.0001, pressure gradient = 19.4769
GAMG:  Solving for p, Initial residual = 0.722311, Final residual = 0.00701249, No Iterations 66
time step continuity errors : sum local = 0.000254381, global = -3.14781e-16, cumulative = -4.20001e-15
Pressure gradient source: uncorrected Ubar = 10, pressure gradient = 19.7446
smoothSolver:  Solving for omega, Initial residual = 0.000995468, Final residual = 2.11212e-05, No Iterations 1
smoothSolver:  Solving for k, Initial residual = 0.00535528, Final residual = 7.91235e-05, No Iterations 1
ExecutionTime = 21.5433 s  ClockTime = 21 s

Time = 416s

smoothSolver:  Solving for Ux, Initial residual = 0.000600397, Final residual = 1.73698e-05, No Iterations 2
smoothSolver:  Solving for Uy, Initial residual = 0.662627, Final residual = 0.0464376, No Iterations 2
Pressure gradient source: uncorrected Ubar = 9.99965, pressure gradient = 21.5081
GAMG:  Solving for p, Initial residual = 0.274478, Final residual = 0.00272263, No Iterations 72
time step continuity errors : sum local = 0.000330518, global = -4.70674e-17, cumulative = -4.24708e-15
Pressure gradient source: uncorrected Ubar = 9.99988, pressure gradient = 20.3265
smoothSolver:  Solving for omega, Initial residual = 0.00155189, Final residual = 4.47792e-05, No Iterations 1
smoothSolver:  Solving for k, Initial residual = 0.00549393, Final residual = 0.00010606, No Iterations 1
ExecutionTime = 21.5959 s  ClockTime = 22 s

Time = 417s

smoothSolver:  Solving for Ux, Initial residual = 0.00056846, Final residual = 1.41914e-05, No Iterations 2
smoothSolver:  Solving for Uy, Initial residual = 0.748567, Final residual = 0.0553389, No Iterations 2
Pressure gradient source: uncorrected Ubar = 9.99988, pressure gradient = 20.9223
GAMG:  Solving for p, Initial residual = 0.79171, Final residual = 0.00788196, No Iterations 62
time step continuity errors : sum local = 0.000325741, global = 2.71916e-16, cumulative = -3.97516e-15
Pressure gradient source: uncorrected Ubar = 9.99996, pressure gradient = 20.514
smoothSolver:  Solving for omega, Initial residual = 0.00109741, Final residual = 3.4421e-05, No Iterations 1
smoothSolver:  Solving for k, Initial residual = 0.00328348, Final residual = 5.78061e-05, No Iterations 1
ExecutionTime = 21.6601 s  ClockTime = 22 s

Time = 418s

smoothSolver:  Solving for Ux, Initial residual = 0.000403361, Final residual = 1.16605e-05, No Iterations 2
smoothSolver:  Solving for Uy, Initial residual = 0.680024, Final residual = 0.046874, No Iterations 2
Pressure gradient source: uncorrected Ubar = 10.0004, pressure gradient = 18.5308
GAMG:  Solving for p, Initial residual = 0.273559, Final residual = 0.00257122, No Iterations 66
time step continuity errors : sum local = 0.000281921, global = -2.81167e-16, cumulative = -4.25633e-15
Pressure gradient source: uncorrected Ubar = 10.0001, pressure gradient = 19.8347
smoothSolver:  Solving for omega, Initial residual = 0.000553126, Final residual = 1.99527e-05, No Iterations 1
smoothSolver:  Solving for k, Initial residual = 0.00373903, Final residual = 7.52985e-05, No Iterations 1
ExecutionTime = 21.7289 s  ClockTime = 22 s

Time = 419s

smoothSolver:  Solving for Ux, Initial residual = 0.000412996, Final residual = 1.3319e-05, No Iterations 2
smoothSolver:  Solving for Uy, Initial residual = 0.680848, Final residual = 0.047459, No Iterations 2
Pressure gradient source: uncorrected Ubar = 10.0001, pressure gradient = 19.4825
GAMG:  Solving for p, Initial residual = 0.724644, Final residual = 0.0070485, No Iterations 66
time step continuity errors : sum local = 0.000254871, global = -1.27178e-17, cumulative = -4.26905e-15
Pressure gradient source: uncorrected Ubar = 10, pressure gradient = 19.7492
smoothSolver:  Solving for omega, Initial residual = 0.000992876, Final residual = 2.08796e-05, No Iterations 1
smoothSolver:  Solving for k, Initial residual = 0.00533998, Final residual = 7.80162e-05, No Iterations 1
ExecutionTime = 21.804 s  ClockTime = 22 s

Time = 420s

smoothSolver:  Solving for Ux, Initial residual = 0.000598061, Final residual = 1.71962e-05, No Iterations 2
smoothSolver:  Solving for Uy, Initial residual = 0.659774, Final residual = 0.0462299, No Iterations 2
Pressure gradient source: uncorrected Ubar = 9.99965, pressure gradient = 21.5139
GAMG:  Solving for p, Initial residual = 0.274508, Final residual = 0.00273954, No Iterations 72
time step continuity errors : sum local = 0.000332503, global = -1.00987e-16, cumulative = -4.37003e-15
Pressure gradient source: uncorrected Ubar = 9.99988, pressure gradient = 20.3315
smoothSolver:  Solving for omega, Initial residual = 0.00154909, Final residual = 4.45326e-05, No Iterations 1
smoothSolver:  Solving for k, Initial residual = 0.00547892, Final residual = 0.000104925, No Iterations 1
ExecutionTime = 21.8828 s  ClockTime = 22 s

Time = 421s

smoothSolver:  Solving for Ux, Initial residual = 0.000565125, Final residual = 1.39414e-05, No Iterations 2
smoothSolver:  Solving for Uy, Initial residual = 0.749944, Final residual = 0.0554455, No Iterations 2
Pressure gradient source: uncorrected Ubar = 9.99988, pressure gradient = 20.9249
GAMG:  Solving for p, Initial residual = 0.789325, Final residual = 0.0078634, No Iterations 62
time step continuity errors : sum local = 0.000325978, global = 1.5386e-16, cumulative = -4.21617e-15
Pressure gradient source: uncorrected Ubar = 9.99996, pressure gradient = 20.5181
smoothSolver:  Solving for omega, Initial residual = 0.00109472, Final residual = 3.41689e-05, No Iterations 1
smoothSolver:  Solving for k, Initial residual = 0.00327021, Final residual = 5.66931e-05, No Iterations 1
ExecutionTime = 21.9529 s  ClockTime = 22 s

Time = 422s

smoothSolver:  Solving for Ux, Initial residual = 0.000401031, Final residual = 1.15104e-05, No Iterations 2
smoothSolver:  Solving for Uy, Initial residual = 0.683103, Final residual = 0.0470935, No Iterations 2
Pressure gradient source: uncorrected Ubar = 10.0004, pressure gradient = 18.5341
GAMG:  Solving for p, Initial residual = 0.273473, Final residual = 0.00257178, No Iterations 66
time step continuity errors : sum local = 0.000282071, global = -1.53921e-16, cumulative = -4.37009e-15
Pressure gradient source: uncorrected Ubar = 10.0001, pressure gradient = 19.8386
smoothSolver:  Solving for omega, Initial residual = 0.000550748, Final residual = 1.97101e-05, No Iterations 1
smoothSolver:  Solving for k, Initial residual = 0.00372545, Final residual = 7.41965e-05, No Iterations 1
ExecutionTime = 22.0093 s  ClockTime = 22 s

Time = 423s

smoothSolver:  Solving for Ux, Initial residual = 0.00041107, Final residual = 1.31992e-05, No Iterations 2
smoothSolver:  Solving for Uy, Initial residual = 0.679503, Final residual = 0.0473715, No Iterations 2
Pressure gradient source: uncorrected Ubar = 10.0001, pressure gradient = 19.4877
GAMG:  Solving for p, Initial residual = 0.726662, Final residual = 0.00706341, No Iterations 66
time step continuity errors : sum local = 0.000254706, global = 2.03845e-17, cumulative = -4.34971e-15
Pressure gradient source: uncorrected Ubar = 10, pressure gradient = 19.7536
smoothSolver:  Solving for omega, Initial residual = 0.000990408, Final residual = 2.065e-05, No Iterations 1
smoothSolver:  Solving for k, Initial residual = 0.00532535, Final residual = 7.69581e-05, No Iterations 1
ExecutionTime = 22.0605 s  ClockTime = 22 s

Time = 424s

smoothSolver:  Solving for Ux, Initial residual = 0.000595892, Final residual = 1.70368e-05, No Iterations 2
smoothSolver:  Solving for Uy, Initial residual = 0.657757, Final residual = 0.0460882, No Iterations 2
Pressure gradient source: uncorrected Ubar = 9.99965, pressure gradient = 21.5193
GAMG:  Solving for p, Initial residual = 0.274344, Final residual = 0.00273747, No Iterations 72
time step continuity errors : sum local = 0.000332484, global = 8.38154e-17, cumulative = -4.26589e-15
Pressure gradient source: uncorrected Ubar = 9.99988, pressure gradient = 20.3361
smoothSolver:  Solving for omega, Initial residual = 0.00154643, Final residual = 4.42982e-05, No Iterations 1
smoothSolver:  Solving for k, Initial residual = 0.00546457, Final residual = 0.00010384, No Iterations 1
ExecutionTime = 22.1088 s  ClockTime = 22 s

Time = 425s

smoothSolver:  Solving for Ux, Initial residual = 0.000562082, Final residual = 1.37105e-05, No Iterations 2
smoothSolver:  Solving for Uy, Initial residual = 0.751853, Final residual = 0.055594, No Iterations 2
Pressure gradient source: uncorrected Ubar = 9.99988, pressure gradient = 20.9274
GAMG:  Solving for p, Initial residual = 0.788605, Final residual = 0.00785656, No Iterations 62
time step continuity errors : sum local = 0.000326018, global = 4.31285e-16, cumulative = -3.83461e-15
Pressure gradient source: uncorrected Ubar = 9.99996, pressure gradient = 20.522
smoothSolver:  Solving for omega, Initial residual = 0.00109216, Final residual = 3.39293e-05, No Iterations 1
smoothSolver:  Solving for k, Initial residual = 0.0032576, Final residual = 5.56307e-05, No Iterations 1
ExecutionTime = 22.1651 s  ClockTime = 22 s

Time = 426s

smoothSolver:  Solving for Ux, Initial residual = 0.000399197, Final residual = 1.14138e-05, No Iterations 2
smoothSolver:  Solving for Uy, Initial residual = 0.685107, Final residual = 0.0472349, No Iterations 2
Pressure gradient source: uncorrected Ubar = 10.0004, pressure gradient = 18.5372
GAMG:  Solving for p, Initial residual = 0.273416, Final residual = 0.00257493, No Iterations 66
time step continuity errors : sum local = 0.000282543, global = 5.21622e-16, cumulative = -3.31299e-15
Pressure gradient source: uncorrected Ubar = 10.0001, pressure gradient = 19.8422
smoothSolver:  Solving for omega, Initial residual = 0.000548487, Final residual = 1.94797e-05, No Iterations 1
smoothSolver:  Solving for k, Initial residual = 0.00371248, Final residual = 7.31446e-05, No Iterations 1
ExecutionTime = 22.2123 s  ClockTime = 22 s

Time = 427s

smoothSolver:  Solving for Ux, Initial residual = 0.000409344, Final residual = 1.30897e-05, No Iterations 2
smoothSolver:  Solving for Uy, Initial residual = 0.677087, Final residual = 0.047215, No Iterations 2
Pressure gradient source: uncorrected Ubar = 10.0001, pressure gradient = 19.4925
GAMG:  Solving for p, Initial residual = 0.728115, Final residual = 0.00708181, No Iterations 66
time step continuity errors : sum local = 0.00025489, global = -3.79651e-16, cumulative = -3.69264e-15
Pressure gradient source: uncorrected Ubar = 10, pressure gradient = 19.7576
smoothSolver:  Solving for omega, Initial residual = 0.000988059, Final residual = 2.04318e-05, No Iterations 1
smoothSolver:  Solving for k, Initial residual = 0.00531136, Final residual = 7.59478e-05, No Iterations 1
ExecutionTime = 22.2582 s  ClockTime = 22 s

Time = 428s

smoothSolver:  Solving for Ux, Initial residual = 0.000593871, Final residual = 1.68896e-05, No Iterations 2
smoothSolver:  Solving for Uy, Initial residual = 0.656739, Final residual = 0.0460195, No Iterations 2
Pressure gradient source: uncorrected Ubar = 9.99965, pressure gradient = 21.5243
GAMG:  Solving for p, Initial residual = 0.274336, Final residual = 0.002739, No Iterations 72
time step continuity errors : sum local = 0.000332714, global = -8.14426e-17, cumulative = -3.77408e-15
Pressure gradient source: uncorrected Ubar = 9.99988, pressure gradient = 20.3405
smoothSolver:  Solving for omega, Initial residual = 0.00154389, Final residual = 4.40754e-05, No Iterations 1
smoothSolver:  Solving for k, Initial residual = 0.00545084, Final residual = 0.000102803, No Iterations 1
ExecutionTime = 22.3281 s  ClockTime = 22 s

Time = 429s

smoothSolver:  Solving for Ux, Initial residual = 0.000559265, Final residual = 1.34984e-05, No Iterations 2
smoothSolver:  Solving for Uy, Initial residual = 0.754231, Final residual = 0.055774, No Iterations 2
Pressure gradient source: uncorrected Ubar = 9.99988, pressure gradient = 20.9296
GAMG:  Solving for p, Initial residual = 0.787298, Final residual = 0.00784432, No Iterations 62
time step continuity errors : sum local = 0.000326077, global = -3.15992e-16, cumulative = -4.09007e-15
Pressure gradient source: uncorrected Ubar = 9.99996, pressure gradient = 20.5256
smoothSolver:  Solving for omega, Initial residual = 0.00108972, Final residual = 3.37017e-05, No Iterations 1
smoothSolver:  Solving for k, Initial residual = 0.0032456, Final residual = 5.46171e-05, No Iterations 1
ExecutionTime = 22.3895 s  ClockTime = 22 s

Time = 430s

smoothSolver:  Solving for Ux, Initial residual = 0.000397963, Final residual = 1.13591e-05, No Iterations 2
smoothSolver:  Solving for Uy, Initial residual = 0.686137, Final residual = 0.0473066, No Iterations 2
Pressure gradient source: uncorrected Ubar = 10.0004, pressure gradient = 18.5401
GAMG:  Solving for p, Initial residual = 0.273392, Final residual = 0.0025736, No Iterations 66
time step continuity errors : sum local = 0.000282408, global = 2.26704e-17, cumulative = -4.0674e-15
Pressure gradient source: uncorrected Ubar = 10.0001, pressure gradient = 19.8455
smoothSolver:  Solving for omega, Initial residual = 0.000546336, Final residual = 1.92609e-05, No Iterations 1
smoothSolver:  Solving for k, Initial residual = 0.0037001, Final residual = 7.21409e-05, No Iterations 1
ExecutionTime = 22.4519 s  ClockTime = 22 s

Time = 431s

smoothSolver:  Solving for Ux, Initial residual = 0.000407762, Final residual = 1.29893e-05, No Iterations 2
smoothSolver:  Solving for Uy, Initial residual = 0.674508, Final residual = 0.0470465, No Iterations 2
Pressure gradient source: uncorrected Ubar = 10.0001, pressure gradient = 19.497
GAMG:  Solving for p, Initial residual = 0.729576, Final residual = 0.00709152, No Iterations 66
time step continuity errors : sum local = 0.00025473, global = -5.43475e-16, cumulative = -4.61088e-15
Pressure gradient source: uncorrected Ubar = 10, pressure gradient = 19.7613
smoothSolver:  Solving for omega, Initial residual = 0.000985824, Final residual = 2.02246e-05, No Iterations 1
smoothSolver:  Solving for k, Initial residual = 0.00529798, Final residual = 7.49835e-05, No Iterations 1
ExecutionTime = 22.5026 s  ClockTime = 22 s

Time = 432s

smoothSolver:  Solving for Ux, Initial residual = 0.000591991, Final residual = 1.67534e-05, No Iterations 2
smoothSolver:  Solving for Uy, Initial residual = 0.656253, Final residual = 0.0459941, No Iterations 2
Pressure gradient source: uncorrected Ubar = 9.99965, pressure gradient = 21.529
GAMG:  Solving for p, Initial residual = 0.274253, Final residual = 0.00273815, No Iterations 72
time step continuity errors : sum local = 0.000332735, global = 9.00649e-17, cumulative = -4.52081e-15
Pressure gradient source: uncorrected Ubar = 9.99988, pressure gradient = 20.3446
smoothSolver:  Solving for omega, Initial residual = 0.00154147, Final residual = 4.38635e-05, No Iterations 1
smoothSolver:  Solving for k, Initial residual = 0.00543771, Final residual = 0.000101814, No Iterations 1
ExecutionTime = 22.6057 s  ClockTime = 23 s

Time = 433s

smoothSolver:  Solving for Ux, Initial residual = 0.000556713, Final residual = 1.33036e-05, No Iterations 2
smoothSolver:  Solving for Uy, Initial residual = 0.756729, Final residual = 0.0559614, No Iterations 2
Pressure gradient source: uncorrected Ubar = 9.99988, pressure gradient = 20.9318
GAMG:  Solving for p, Initial residual = 0.786451, Final residual = 0.00783573, No Iterations 62
time step continuity errors : sum local = 0.000326091, global = 1.79721e-16, cumulative = -4.34109e-15
Pressure gradient source: uncorrected Ubar = 9.99996, pressure gradient = 20.529
smoothSolver:  Solving for omega, Initial residual = 0.0010874, Final residual = 3.34854e-05, No Iterations 1
smoothSolver:  Solving for k, Initial residual = 0.00323415, Final residual = 5.36505e-05, No Iterations 1
ExecutionTime = 22.6652 s  ClockTime = 23 s

Time = 434s

smoothSolver:  Solving for Ux, Initial residual = 0.000397212, Final residual = 1.13165e-05, No Iterations 2
smoothSolver:  Solving for Uy, Initial residual = 0.686407, Final residual = 0.0473257, No Iterations 2
Pressure gradient source: uncorrected Ubar = 10.0004, pressure gradient = 18.5427
GAMG:  Solving for p, Initial residual = 0.273359, Final residual = 0.00257433, No Iterations 66
time step continuity errors : sum local = 0.000282544, global = 1.9163e-16, cumulative = -4.14946e-15
Pressure gradient source: uncorrected Ubar = 10.0001, pressure gradient = 19.8486
smoothSolver:  Solving for omega, Initial residual = 0.00054429, Final residual = 1.9053e-05, No Iterations 1
smoothSolver:  Solving for k, Initial residual = 0.00368828, Final residual = 7.11836e-05, No Iterations 1
ExecutionTime = 22.7108 s  ClockTime = 23 s

Time = 435s

smoothSolver:  Solving for Ux, Initial residual = 0.000406308, Final residual = 1.2897e-05, No Iterations 2
smoothSolver:  Solving for Uy, Initial residual = 0.672143, Final residual = 0.0468908, No Iterations 2
Pressure gradient source: uncorrected Ubar = 10.0001, pressure gradient = 19.5012
GAMG:  Solving for p, Initial residual = 0.730885, Final residual = 0.00710386, No Iterations 66
time step continuity errors : sum local = 0.000254725, global = 8.50795e-16, cumulative = -3.29867e-15
Pressure gradient source: uncorrected Ubar = 10, pressure gradient = 19.7648
smoothSolver:  Solving for omega, Initial residual = 0.000983696, Final residual = 2.00276e-05, No Iterations 1
smoothSolver:  Solving for k, Initial residual = 0.0052852, Final residual = 7.40633e-05, No Iterations 1
ExecutionTime = 22.7862 s  ClockTime = 23 s

Time = 436s

smoothSolver:  Solving for Ux, Initial residual = 0.000590236, Final residual = 1.66272e-05, No Iterations 2
smoothSolver:  Solving for Uy, Initial residual = 0.656381, Final residual = 0.0460135, No Iterations 2
Pressure gradient source: uncorrected Ubar = 9.99965, pressure gradient = 21.5334
GAMG:  Solving for p, Initial residual = 0.274215, Final residual = 0.00273793, No Iterations 72
time step continuity errors : sum local = 0.000332782, global = -1.93907e-17, cumulative = -3.31806e-15
Pressure gradient source: uncorrected Ubar = 9.99988, pressure gradient = 20.3484
smoothSolver:  Solving for omega, Initial residual = 0.00153917, Final residual = 4.36622e-05, No Iterations 1
smoothSolver:  Solving for k, Initial residual = 0.00542515, Final residual = 0.000100871, No Iterations 1
ExecutionTime = 22.848 s  ClockTime = 23 s

Time = 437s

smoothSolver:  Solving for Ux, Initial residual = 0.000554361, Final residual = 1.31357e-05, No Iterations 2
smoothSolver:  Solving for Uy, Initial residual = 0.759008, Final residual = 0.0561304, No Iterations 2
Pressure gradient source: uncorrected Ubar = 9.99988, pressure gradient = 20.9337
GAMG:  Solving for p, Initial residual = 0.785446, Final residual = 0.00782676, No Iterations 62
time step continuity errors : sum local = 0.000326153, global = -1.30875e-16, cumulative = -3.44893e-15
Pressure gradient source: uncorrected Ubar = 9.99996, pressure gradient = 20.5321
smoothSolver:  Solving for omega, Initial residual = 0.00108519, Final residual = 3.32799e-05, No Iterations 1
smoothSolver:  Solving for k, Initial residual = 0.00322324, Final residual = 5.27291e-05, No Iterations 1
ExecutionTime = 22.8876 s  ClockTime = 23 s

Time = 438s

smoothSolver:  Solving for Ux, Initial residual = 0.000396589, Final residual = 1.12832e-05, No Iterations 2
smoothSolver:  Solving for Uy, Initial residual = 0.686269, Final residual = 0.0473154, No Iterations 2
Pressure gradient source: uncorrected Ubar = 10.0004, pressure gradient = 18.5452
GAMG:  Solving for p, Initial residual = 0.273332, Final residual = 0.00257533, No Iterations 66
time step continuity errors : sum local = 0.000282704, global = -3.79844e-16, cumulative = -3.82878e-15
Pressure gradient source: uncorrected Ubar = 10.0001, pressure gradient = 19.8516
smoothSolver:  Solving for omega, Initial residual = 0.000542345, Final residual = 1.88556e-05, No Iterations 1
smoothSolver:  Solving for k, Initial residual = 0.00367699, Final residual = 7.0271e-05, No Iterations 1
ExecutionTime = 22.9395 s  ClockTime = 23 s

Time = 439s

smoothSolver:  Solving for Ux, Initial residual = 0.000404956, Final residual = 1.28116e-05, No Iterations 2
smoothSolver:  Solving for Uy, Initial residual = 0.670238, Final residual = 0.0467657, No Iterations 2
Pressure gradient source: uncorrected Ubar = 10.0001, pressure gradient = 19.5052
GAMG:  Solving for p, Initial residual = 0.732306, Final residual = 0.00711756, No Iterations 66
time step continuity errors : sum local = 0.000254733, global = -1.73056e-16, cumulative = -4.00183e-15
Pressure gradient source: uncorrected Ubar = 10, pressure gradient = 19.7681
smoothSolver:  Solving for omega, Initial residual = 0.00098167, Final residual = 1.98405e-05, No Iterations 1
smoothSolver:  Solving for k, Initial residual = 0.00527299, Final residual = 7.31858e-05, No Iterations 1
ExecutionTime = 22.9924 s  ClockTime = 23 s

Time = 440s

smoothSolver:  Solving for Ux, Initial residual = 0.000588602, Final residual = 1.65105e-05, No Iterations 2
smoothSolver:  Solving for Uy, Initial residual = 0.656785, Final residual = 0.0460526, No Iterations 2
Pressure gradient source: uncorrected Ubar = 9.99965, pressure gradient = 21.5376
GAMG:  Solving for p, Initial residual = 0.274161, Final residual = 0.00273835, No Iterations 72
time step continuity errors : sum local = 0.000332918, global = -2.43259e-16, cumulative = -4.24509e-15
Pressure gradient source: uncorrected Ubar = 9.99988, pressure gradient = 20.352
smoothSolver:  Solving for omega, Initial residual = 0.00153698, Final residual = 4.34707e-05, No Iterations 1
smoothSolver:  Solving for k, Initial residual = 0.00541315, Final residual = 9.99715e-05, No Iterations 1
ExecutionTime = 23.0703 s  ClockTime = 23 s

Time = 441s

smoothSolver:  Solving for Ux, Initial residual = 0.000552212, Final residual = 1.29829e-05, No Iterations 2
smoothSolver:  Solving for Uy, Initial residual = 0.760927, Final residual = 0.0562719, No Iterations 2
Pressure gradient source: uncorrected Ubar = 9.99988, pressure gradient = 20.9356
GAMG:  Solving for p, Initial residual = 0.784507, Final residual = 0.00781743, No Iterations 62
time step continuity errors : sum local = 0.000326174, global = 1.39966e-16, cumulative = -4.10512e-15
Pressure gradient source: uncorrected Ubar = 9.99996, pressure gradient = 20.5351
smoothSolver:  Solving for omega, Initial residual = 0.00108309, Final residual = 3.30845e-05, No Iterations 1
smoothSolver:  Solving for k, Initial residual = 0.00321283, Final residual = 5.1851e-05, No Iterations 1
ExecutionTime = 23.1423 s  ClockTime = 23 s

Time = 442s

smoothSolver:  Solving for Ux, Initial residual = 0.000396066, Final residual = 1.12568e-05, No Iterations 2
smoothSolver:  Solving for Uy, Initial residual = 0.686006, Final residual = 0.0472972, No Iterations 2
Pressure gradient source: uncorrected Ubar = 10.0004, pressure gradient = 18.5475
GAMG:  Solving for p, Initial residual = 0.273295, Final residual = 0.00257659, No Iterations 66
time step continuity errors : sum local = 0.000282905, global = -8.76696e-17, cumulative = -4.19279e-15
Pressure gradient source: uncorrected Ubar = 10.0001, pressure gradient = 19.8543
smoothSolver:  Solving for omega, Initial residual = 0.000540495, Final residual = 1.8668e-05, No Iterations 1
smoothSolver:  Solving for k, Initial residual = 0.00366623, Final residual = 6.94013e-05, No Iterations 1
ExecutionTime = 23.1931 s  ClockTime = 23 s

Time = 443s

smoothSolver:  Solving for Ux, Initial residual = 0.000403702, Final residual = 1.27324e-05, No Iterations 2
smoothSolver:  Solving for Uy, Initial residual = 0.669021, Final residual = 0.0466858, No Iterations 2
Pressure gradient source: uncorrected Ubar = 10.0001, pressure gradient = 19.5088
GAMG:  Solving for p, Initial residual = 0.733482, Final residual = 0.00712389, No Iterations 66
time step continuity errors : sum local = 0.000254596, global = -2.80802e-16, cumulative = -4.4736e-15
Pressure gradient source: uncorrected Ubar = 10, pressure gradient = 19.7712
smoothSolver:  Solving for omega, Initial residual = 0.000979743, Final residual = 1.96627e-05, No Iterations 1
smoothSolver:  Solving for k, Initial residual = 0.00526132, Final residual = 7.23499e-05, No Iterations 1
ExecutionTime = 23.2666 s  ClockTime = 23 s

Time = 444s

smoothSolver:  Solving for Ux, Initial residual = 0.000587076, Final residual = 1.64028e-05, No Iterations 2
smoothSolver:  Solving for Uy, Initial residual = 0.657156, Final residual = 0.0460861, No Iterations 2
Pressure gradient source: uncorrected Ubar = 9.99965, pressure gradient = 21.5415
GAMG:  Solving for p, Initial residual = 0.274136, Final residual = 0.00274028, No Iterations 72
time step continuity errors : sum local = 0.000333208, global = -3.61329e-17, cumulative = -4.50973e-15
Pressure gradient source: uncorrected Ubar = 9.99988, pressure gradient = 20.3553
smoothSolver:  Solving for omega, Initial residual = 0.00153489, Final residual = 4.32887e-05, No Iterations 1
smoothSolver:  Solving for k, Initial residual = 0.00540168, Final residual = 9.91219e-05, No Iterations 1
ExecutionTime = 23.3443 s  ClockTime = 23 s

Time = 445s

smoothSolver:  Solving for Ux, Initial residual = 0.000550289, Final residual = 1.28419e-05, No Iterations 2
smoothSolver:  Solving for Uy, Initial residual = 0.76225, Final residual = 0.0563682, No Iterations 2
Pressure gradient source: uncorrected Ubar = 9.99988, pressure gradient = 20.9373
GAMG:  Solving for p, Initial residual = 0.783639, Final residual = 0.00781171, No Iterations 62
time step continuity errors : sum local = 0.000326328, global = -3.59303e-17, cumulative = -4.54566e-15
Pressure gradient source: uncorrected Ubar = 9.99996, pressure gradient = 20.5378
smoothSolver:  Solving for omega, Initial residual = 0.00108109, Final residual = 3.28989e-05, No Iterations 1
smoothSolver:  Solving for k, Initial residual = 0.0032029, Final residual = 5.10146e-05, No Iterations 1
ExecutionTime = 23.4123 s  ClockTime = 23 s

Time = 446s

smoothSolver:  Solving for Ux, Initial residual = 0.000395622, Final residual = 1.12369e-05, No Iterations 2
smoothSolver:  Solving for Uy, Initial residual = 0.685814, Final residual = 0.0472832, No Iterations 2
Pressure gradient source: uncorrected Ubar = 10.0004, pressure gradient = 18.5497
GAMG:  Solving for p, Initial residual = 0.273268, Final residual = 0.00257726, No Iterations 66
time step continuity errors : sum local = 0.000283027, global = -2.57004e-16, cumulative = -4.80266e-15
Pressure gradient source: uncorrected Ubar = 10.0001, pressure gradient = 19.8568
smoothSolver:  Solving for omega, Initial residual = 0.000538736, Final residual = 1.84898e-05, No Iterations 1
smoothSolver:  Solving for k, Initial residual = 0.00365596, Final residual = 6.85729e-05, No Iterations 1
ExecutionTime = 23.486 s  ClockTime = 23 s

Time = 447s

smoothSolver:  Solving for Ux, Initial residual = 0.000402534, Final residual = 1.26591e-05, No Iterations 2
smoothSolver:  Solving for Uy, Initial residual = 0.668384, Final residual = 0.046646, No Iterations 2
Pressure gradient source: uncorrected Ubar = 10.0001, pressure gradient = 19.5123
GAMG:  Solving for p, Initial residual = 0.734712, Final residual = 0.00714048, No Iterations 66
time step continuity errors : sum local = 0.000254741, global = -5.67448e-16, cumulative = -5.37011e-15
Pressure gradient source: uncorrected Ubar = 10, pressure gradient = 19.774
smoothSolver:  Solving for omega, Initial residual = 0.00097791, Final residual = 1.94937e-05, No Iterations 1
smoothSolver:  Solving for k, Initial residual = 0.00525019, Final residual = 7.15538e-05, No Iterations 1
ExecutionTime = 23.5507 s  ClockTime = 24 s

Time = 448s

smoothSolver:  Solving for Ux, Initial residual = 0.000585659, Final residual = 1.63039e-05, No Iterations 2
smoothSolver:  Solving for Uy, Initial residual = 0.65751, Final residual = 0.0461175, No Iterations 2
Pressure gradient source: uncorrected Ubar = 9.99965, pressure gradient = 21.5451
GAMG:  Solving for p, Initial residual = 0.274066, Final residual = 0.00273806, No Iterations 72
time step continuity errors : sum local = 0.00033304, global = 1.84553e-16, cumulative = -5.18556e-15
Pressure gradient source: uncorrected Ubar = 9.99988, pressure gradient = 20.3584
smoothSolver:  Solving for omega, Initial residual = 0.00153291, Final residual = 4.31157e-05, No Iterations 1
smoothSolver:  Solving for k, Initial residual = 0.00539073, Final residual = 9.83152e-05, No Iterations 1
ExecutionTime = 23.6083 s  ClockTime = 24 s

Time = 449s

smoothSolver:  Solving for Ux, Initial residual = 0.00054853, Final residual = 1.27125e-05, No Iterations 2
smoothSolver:  Solving for Uy, Initial residual = 0.762981, Final residual = 0.0564211, No Iterations 2
Pressure gradient source: uncorrected Ubar = 9.99988, pressure gradient = 20.9389
GAMG:  Solving for p, Initial residual = 0.782873, Final residual = 0.00780233, No Iterations 62
time step continuity errors : sum local = 0.000326258, global = -2.23657e-16, cumulative = -5.40921e-15
Pressure gradient source: uncorrected Ubar = 9.99996, pressure gradient = 20.5404
smoothSolver:  Solving for omega, Initial residual = 0.00107918, Final residual = 3.27225e-05, No Iterations 1
smoothSolver:  Solving for k, Initial residual = 0.00319344, Final residual = 5.02182e-05, No Iterations 1
ExecutionTime = 23.6694 s  ClockTime = 24 s

Time = 450s

smoothSolver:  Solving for Ux, Initial residual = 0.000395247, Final residual = 1.12223e-05, No Iterations 2
smoothSolver:  Solving for Uy, Initial residual = 0.68558, Final residual = 0.0472678, No Iterations 2
Pressure gradient source: uncorrected Ubar = 10.0004, pressure gradient = 18.5517
GAMG:  Solving for p, Initial residual = 0.273232, Final residual = 0.00257802, No Iterations 66
time step continuity errors : sum local = 0.000283164, global = 1.13792e-16, cumulative = -5.29542e-15
Pressure gradient source: uncorrected Ubar = 10.0001, pressure gradient = 19.8592
smoothSolver:  Solving for omega, Initial residual = 0.000537064, Final residual = 1.83206e-05, No Iterations 1
smoothSolver:  Solving for k, Initial residual = 0.00364618, Final residual = 6.77842e-05, No Iterations 1
ExecutionTime = 23.723 s  ClockTime = 24 s

Time = 451s

smoothSolver:  Solving for Ux, Initial residual = 0.000401451, Final residual = 1.25911e-05, No Iterations 2
smoothSolver:  Solving for Uy, Initial residual = 0.668139, Final residual = 0.0466332, No Iterations 2
Pressure gradient source: uncorrected Ubar = 10.0001, pressure gradient = 19.5155
GAMG:  Solving for p, Initial residual = 0.735773, Final residual = 0.00717076, No Iterations 66
time step continuity errors : sum local = 0.000255489, global = -3.46968e-16, cumulative = -5.64239e-15
Pressure gradient source: uncorrected Ubar = 10, pressure gradient = 19.7767
smoothSolver:  Solving for omega, Initial residual = 0.000976165, Final residual = 1.93332e-05, No Iterations 1
smoothSolver:  Solving for k, Initial residual = 0.00523957, Final residual = 7.07953e-05, No Iterations 1
ExecutionTime = 23.7702 s  ClockTime = 24 s

Time = 452s

smoothSolver:  Solving for Ux, Initial residual = 0.000584333, Final residual = 1.62121e-05, No Iterations 2
smoothSolver:  Solving for Uy, Initial residual = 0.6578, Final residual = 0.0461406, No Iterations 2
Pressure gradient source: uncorrected Ubar = 9.99965, pressure gradient = 21.5486
GAMG:  Solving for p, Initial residual = 0.274051, Final residual = 0.0027403, No Iterations 72
time step continuity errors : sum local = 0.00033335, global = -2.94179e-16, cumulative = -5.93657e-15
Pressure gradient source: uncorrected Ubar = 9.99988, pressure gradient = 20.3613
smoothSolver:  Solving for omega, Initial residual = 0.00153101, Final residual = 4.29513e-05, No Iterations 1
smoothSolver:  Solving for k, Initial residual = 0.00538028, Final residual = 9.75473e-05, No Iterations 1
ExecutionTime = 23.8198 s  ClockTime = 24 s

Time = 453s

smoothSolver:  Solving for Ux, Initial residual = 0.000546962, Final residual = 1.26031e-05, No Iterations 2
smoothSolver:  Solving for Uy, Initial residual = 0.763051, Final residual = 0.0564279, No Iterations 2
Pressure gradient source: uncorrected Ubar = 9.99989, pressure gradient = 20.9404
GAMG:  Solving for p, Initial residual = 0.782124, Final residual = 0.00779819, No Iterations 62
time step continuity errors : sum local = 0.000326422, global = -4.35305e-16, cumulative = -6.37187e-15
Pressure gradient source: uncorrected Ubar = 9.99996, pressure gradient = 20.5428
smoothSolver:  Solving for omega, Initial residual = 0.00107737, Final residual = 3.25549e-05, No Iterations 1
smoothSolver:  Solving for k, Initial residual = 0.00318442, Final residual = 4.94602e-05, No Iterations 1
ExecutionTime = 23.8723 s  ClockTime = 24 s

Time = 454s

smoothSolver:  Solving for Ux, Initial residual = 0.000394924, Final residual = 1.12109e-05, No Iterations 2
smoothSolver:  Solving for Uy, Initial residual = 0.685375, Final residual = 0.0472556, No Iterations 2
Pressure gradient source: uncorrected Ubar = 10.0004, pressure gradient = 18.5536
GAMG:  Solving for p, Initial residual = 0.273221, Final residual = 0.00257993, No Iterations 66
time step continuity errors : sum local = 0.000283429, global = 4.52241e-16, cumulative = -5.91963e-15
Pressure gradient source: uncorrected Ubar = 10.0001, pressure gradient = 19.8614
smoothSolver:  Solving for omega, Initial residual = 0.000535475, Final residual = 1.81597e-05, No Iterations 1
smoothSolver:  Solving for k, Initial residual = 0.00363685, Final residual = 6.70335e-05, No Iterations 1
ExecutionTime = 23.9183 s  ClockTime = 24 s

Time = 455s

smoothSolver:  Solving for Ux, Initial residual = 0.000400451, Final residual = 1.25282e-05, No Iterations 2
smoothSolver:  Solving for Uy, Initial residual = 0.668283, Final residual = 0.0466497, No Iterations 2
Pressure gradient source: uncorrected Ubar = 10.0001, pressure gradient = 19.5185
GAMG:  Solving for p, Initial residual = 0.737548, Final residual = 0.00719004, No Iterations 66
time step continuity errors : sum local = 0.000255576, global = 1.265e-16, cumulative = -5.79313e-15
Pressure gradient source: uncorrected Ubar = 10, pressure gradient = 19.7792
smoothSolver:  Solving for omega, Initial residual = 0.000974506, Final residual = 1.91806e-05, No Iterations 1
smoothSolver:  Solving for k, Initial residual = 0.00522943, Final residual = 7.00731e-05, No Iterations 1
ExecutionTime = 23.9623 s  ClockTime = 24 s

Time = 456s

smoothSolver:  Solving for Ux, Initial residual = 0.000583104, Final residual = 1.61274e-05, No Iterations 2
smoothSolver:  Solving for Uy, Initial residual = 0.658114, Final residual = 0.0461664, No Iterations 2
Pressure gradient source: uncorrected Ubar = 9.99965, pressure gradient = 21.5518
GAMG:  Solving for p, Initial residual = 0.274014, Final residual = 0.00253423, No Iterations 74
time step continuity errors : sum local = 0.000308407, global = 1.79677e-16, cumulative = -5.61346e-15
Pressure gradient source: uncorrected Ubar = 9.99988, pressure gradient = 20.3641
smoothSolver:  Solving for omega, Initial residual = 0.00152921, Final residual = 4.27952e-05, No Iterations 1
smoothSolver:  Solving for k, Initial residual = 0.00537031, Final residual = 9.68167e-05, No Iterations 1
ExecutionTime = 24.0137 s  ClockTime = 24 s

Time = 457s

smoothSolver:  Solving for Ux, Initial residual = 0.000545628, Final residual = 1.25142e-05, No Iterations 2
smoothSolver:  Solving for Uy, Initial residual = 0.761921, Final residual = 0.0563716, No Iterations 2
Pressure gradient source: uncorrected Ubar = 9.99989, pressure gradient = 20.9417
GAMG:  Solving for p, Initial residual = 0.77681, Final residual = 0.00773966, No Iterations 62
time step continuity errors : sum local = 0.000326141, global = 2.32816e-16, cumulative = -5.38064e-15
Pressure gradient source: uncorrected Ubar = 9.99996, pressure gradient = 20.5451
smoothSolver:  Solving for omega, Initial residual = 0.00107565, Final residual = 3.23957e-05, No Iterations 1
smoothSolver:  Solving for k, Initial residual = 0.00317582, Final residual = 4.8739e-05, No Iterations 1
ExecutionTime = 24.0562 s  ClockTime = 24 s

Time = 458s

smoothSolver:  Solving for Ux, Initial residual = 0.000394664, Final residual = 1.12039e-05, No Iterations 2
smoothSolver:  Solving for Uy, Initial residual = 0.6853, Final residual = 0.0472606, No Iterations 2
Pressure gradient source: uncorrected Ubar = 10.0004, pressure gradient = 18.5553
GAMG:  Solving for p, Initial residual = 0.273189, Final residual = 0.00259041, No Iterations 66
time step continuity errors : sum local = 0.000284567, global = 1.12768e-16, cumulative = -5.26787e-15
Pressure gradient source: uncorrected Ubar = 10.0001, pressure gradient = 19.8635
smoothSolver:  Solving for omega, Initial residual = 0.000533964, Final residual = 1.8007e-05, No Iterations 1
smoothSolver:  Solving for k, Initial residual = 0.00362797, Final residual = 6.63191e-05, No Iterations 1
ExecutionTime = 24.1136 s  ClockTime = 24 s

Time = 459s

smoothSolver:  Solving for Ux, Initial residual = 0.000399571, Final residual = 1.24734e-05, No Iterations 2
smoothSolver:  Solving for Uy, Initial residual = 0.668533, Final residual = 0.0466736, No Iterations 2
Pressure gradient source: uncorrected Ubar = 10.0001, pressure gradient = 19.5213
GAMG:  Solving for p, Initial residual = 0.741884, Final residual = 0.00722599, No Iterations 66
time step continuity errors : sum local = 0.000255384, global = -5.79801e-16, cumulative = -5.84767e-15
Pressure gradient source: uncorrected Ubar = 10, pressure gradient = 19.7815
smoothSolver:  Solving for omega, Initial residual = 0.000972931, Final residual = 1.90357e-05, No Iterations 1
smoothSolver:  Solving for k, Initial residual = 0.00521977, Final residual = 6.93858e-05, No Iterations 1
ExecutionTime = 24.172 s  ClockTime = 24 s

Time = 460s

smoothSolver:  Solving for Ux, Initial residual = 0.000581998, Final residual = 1.60508e-05, No Iterations 2
smoothSolver:  Solving for Uy, Initial residual = 0.657807, Final residual = 0.0461557, No Iterations 2
Pressure gradient source: uncorrected Ubar = 9.99965, pressure gradient = 21.5548
GAMG:  Solving for p, Initial residual = 0.273607, Final residual = 0.00253399, No Iterations 74
time step continuity errors : sum local = 0.000308842, global = -6.13966e-16, cumulative = -6.46164e-15
Pressure gradient source: uncorrected Ubar = 9.99988, pressure gradient = 20.3666
smoothSolver:  Solving for omega, Initial residual = 0.0015275, Final residual = 4.26468e-05, No Iterations 1
smoothSolver:  Solving for k, Initial residual = 0.00536079, Final residual = 9.6121e-05, No Iterations 1
ExecutionTime = 24.245 s  ClockTime = 24 s

Time = 461s

smoothSolver:  Solving for Ux, Initial residual = 0.000544367, Final residual = 1.24257e-05, No Iterations 2
smoothSolver:  Solving for Uy, Initial residual = 0.761233, Final residual = 0.0563151, No Iterations 2
Pressure gradient source: uncorrected Ubar = 9.99989, pressure gradient = 20.943
GAMG:  Solving for p, Initial residual = 0.776696, Final residual = 0.00773937, No Iterations 62
time step continuity errors : sum local = 0.000326202, global = -2.34439e-16, cumulative = -6.69608e-15
Pressure gradient source: uncorrected Ubar = 9.99996, pressure gradient = 20.5472
smoothSolver:  Solving for omega, Initial residual = 0.001074, Final residual = 3.22444e-05, No Iterations 1
smoothSolver:  Solving for k, Initial residual = 0.00316763, Final residual = 4.80531e-05, No Iterations 1
ExecutionTime = 24.3148 s  ClockTime = 24 s

Time = 462s

smoothSolver:  Solving for Ux, Initial residual = 0.000394472, Final residual = 1.1201e-05, No Iterations 2
smoothSolver:  Solving for Uy, Initial residual = 0.684824, Final residual = 0.0472245, No Iterations 2
Pressure gradient source: uncorrected Ubar = 10.0004, pressure gradient = 18.557
GAMG:  Solving for p, Initial residual = 0.272966, Final residual = 0.00258925, No Iterations 66
time step continuity errors : sum local = 0.000284692, global = -9.2108e-17, cumulative = -6.78818e-15
Pressure gradient source: uncorrected Ubar = 10.0001, pressure gradient = 19.8654
smoothSolver:  Solving for omega, Initial residual = 0.000532528, Final residual = 1.78618e-05, No Iterations 1
smoothSolver:  Solving for k, Initial residual = 0.0036195, Final residual = 6.56395e-05, No Iterations 1
ExecutionTime = 24.3615 s  ClockTime = 24 s

Time = 463s

smoothSolver:  Solving for Ux, Initial residual = 0.000398675, Final residual = 1.24168e-05, No Iterations 2
smoothSolver:  Solving for Uy, Initial residual = 0.668849, Final residual = 0.0467059, No Iterations 2
Pressure gradient source: uncorrected Ubar = 10.0001, pressure gradient = 19.5239
GAMG:  Solving for p, Initial residual = 0.740979, Final residual = 0.00722214, No Iterations 66
time step continuity errors : sum local = 0.000255561, global = -4.33382e-16, cumulative = -7.22157e-15
Pressure gradient source: uncorrected Ubar = 10, pressure gradient = 19.7837
smoothSolver:  Solving for omega, Initial residual = 0.00097143, Final residual = 1.8898e-05, No Iterations 1
smoothSolver:  Solving for k, Initial residual = 0.00521055, Final residual = 6.87322e-05, No Iterations 1
ExecutionTime = 24.418 s  ClockTime = 24 s

Time = 464s

smoothSolver:  Solving for Ux, Initial residual = 0.000580933, Final residual = 1.59779e-05, No Iterations 2
smoothSolver:  Solving for Uy, Initial residual = 0.658333, Final residual = 0.0461939, No Iterations 2
Pressure gradient source: uncorrected Ubar = 9.99965, pressure gradient = 21.5577
GAMG:  Solving for p, Initial residual = 0.273612, Final residual = 0.00253248, No Iterations 74
time step continuity errors : sum local = 0.000308676, global = 1.62957e-16, cumulative = -7.05861e-15
Pressure gradient source: uncorrected Ubar = 9.99988, pressure gradient = 20.3691
smoothSolver:  Solving for omega, Initial residual = 0.00152586, Final residual = 4.25059e-05, No Iterations 1
smoothSolver:  Solving for k, Initial residual = 0.00535171, Final residual = 9.54591e-05, No Iterations 1
ExecutionTime = 24.4829 s  ClockTime = 24 s

Time = 465s

smoothSolver:  Solving for Ux, Initial residual = 0.000543227, Final residual = 1.23497e-05, No Iterations 2
smoothSolver:  Solving for Uy, Initial residual = 0.760435, Final residual = 0.0562669, No Iterations 2
Pressure gradient source: uncorrected Ubar = 9.99989, pressure gradient = 20.9443
GAMG:  Solving for p, Initial residual = 0.77691, Final residual = 0.00774279, No Iterations 62
time step continuity errors : sum local = 0.000326265, global = -1.73206e-16, cumulative = -7.23182e-15
Pressure gradient source: uncorrected Ubar = 9.99996, pressure gradient = 20.5492
smoothSolver:  Solving for omega, Initial residual = 0.00107244, Final residual = 3.21008e-05, No Iterations 1
smoothSolver:  Solving for k, Initial residual = 0.00315984, Final residual = 4.74011e-05, No Iterations 1
ExecutionTime = 24.5342 s  ClockTime = 25 s

Time = 466s

smoothSolver:  Solving for Ux, Initial residual = 0.000394306, Final residual = 1.11999e-05, No Iterations 2
smoothSolver:  Solving for Uy, Initial residual = 0.684057, Final residual = 0.0471784, No Iterations 2
Pressure gradient source: uncorrected Ubar = 10.0004, pressure gradient = 18.5585
GAMG:  Solving for p, Initial residual = 0.273069, Final residual = 0.00258929, No Iterations 66
time step continuity errors : sum local = 0.00028461, global = 8.86381e-17, cumulative = -7.14318e-15
Pressure gradient source: uncorrected Ubar = 10.0001, pressure gradient = 19.8672
smoothSolver:  Solving for omega, Initial residual = 0.000531162, Final residual = 1.77239e-05, No Iterations 1
smoothSolver:  Solving for k, Initial residual = 0.00361145, Final residual = 6.49934e-05, No Iterations 1
ExecutionTime = 24.6006 s  ClockTime = 25 s

Time = 467s

smoothSolver:  Solving for Ux, Initial residual = 0.000397867, Final residual = 1.23662e-05, No Iterations 2
smoothSolver:  Solving for Uy, Initial residual = 0.669388, Final residual = 0.046744, No Iterations 2
Pressure gradient source: uncorrected Ubar = 10.0001, pressure gradient = 19.5264
GAMG:  Solving for p, Initial residual = 0.742109, Final residual = 0.00723226, No Iterations 66
time step continuity errors : sum local = 0.000255541, global = 2.77861e-16, cumulative = -6.86532e-15
Pressure gradient source: uncorrected Ubar = 10, pressure gradient = 19.7857
smoothSolver:  Solving for omega, Initial residual = 0.000970004, Final residual = 1.87671e-05, No Iterations 1
smoothSolver:  Solving for k, Initial residual = 0.00520177, Final residual = 6.81105e-05, No Iterations 1
ExecutionTime = 24.6648 s  ClockTime = 25 s

Time = 468s

smoothSolver:  Solving for Ux, Initial residual = 0.000579938, Final residual = 1.59102e-05, No Iterations 2
smoothSolver:  Solving for Uy, Initial residual = 0.658995, Final residual = 0.0462412, No Iterations 2
Pressure gradient source: uncorrected Ubar = 9.99965, pressure gradient = 21.5604
GAMG:  Solving for p, Initial residual = 0.27363, Final residual = 0.00253339, No Iterations 74
time step continuity errors : sum local = 0.000308777, global = 1.81628e-16, cumulative = -6.68369e-15
Pressure gradient source: uncorrected Ubar = 9.99988, pressure gradient = 20.3713
smoothSolver:  Solving for omega, Initial residual = 0.00152431, Final residual = 4.23719e-05, No Iterations 1
smoothSolver:  Solving for k, Initial residual = 0.00534306, Final residual = 9.48294e-05, No Iterations 1
ExecutionTime = 24.7424 s  ClockTime = 25 s

Time = 469s

smoothSolver:  Solving for Ux, Initial residual = 0.000542244, Final residual = 1.22896e-05, No Iterations 2
smoothSolver:  Solving for Uy, Initial residual = 0.759657, Final residual = 0.0562154, No Iterations 2
Pressure gradient source: uncorrected Ubar = 9.99989, pressure gradient = 20.9454
GAMG:  Solving for p, Initial residual = 0.77581, Final residual = 0.00773222, No Iterations 62
time step continuity errors : sum local = 0.000326295, global = -3.47529e-16, cumulative = -7.03122e-15
Pressure gradient source: uncorrected Ubar = 9.99996, pressure gradient = 20.551
smoothSolver:  Solving for omega, Initial residual = 0.00107096, Final residual = 3.19644e-05, No Iterations 1
smoothSolver:  Solving for k, Initial residual = 0.00315242, Final residual = 4.67815e-05, No Iterations 1
ExecutionTime = 24.8044 s  ClockTime = 25 s

Time = 470s

smoothSolver:  Solving for Ux, Initial residual = 0.000394178, Final residual = 1.12014e-05, No Iterations 2
smoothSolver:  Solving for Uy, Initial residual = 0.683213, Final residual = 0.0471264, No Iterations 2
Pressure gradient source: uncorrected Ubar = 10.0004, pressure gradient = 18.5599
GAMG:  Solving for p, Initial residual = 0.273024, Final residual = 0.00259076, No Iterations 66
time step continuity errors : sum local = 0.000284829, global = -3.30494e-16, cumulative = -7.36171e-15
Pressure gradient source: uncorrected Ubar = 10.0001, pressure gradient = 19.8689
smoothSolver:  Solving for omega, Initial residual = 0.000529865, Final residual = 1.75929e-05, No Iterations 1
smoothSolver:  Solving for k, Initial residual = 0.00360378, Final residual = 6.43792e-05, No Iterations 1
ExecutionTime = 24.8678 s  ClockTime = 25 s

Time = 471s

smoothSolver:  Solving for Ux, Initial residual = 0.00039711, Final residual = 1.23192e-05, No Iterations 2
smoothSolver:  Solving for Uy, Initial residual = 0.669914, Final residual = 0.0467803, No Iterations 2
Pressure gradient source: uncorrected Ubar = 10.0001, pressure gradient = 19.5287
GAMG:  Solving for p, Initial residual = 0.74322, Final residual = 0.00724336, No Iterations 66
time step continuity errors : sum local = 0.000255559, global = -2.28348e-16, cumulative = -7.59006e-15
Pressure gradient source: uncorrected Ubar = 10, pressure gradient = 19.7876
smoothSolver:  Solving for omega, Initial residual = 0.000968648, Final residual = 1.86428e-05, No Iterations 1
smoothSolver:  Solving for k, Initial residual = 0.0051934, Final residual = 6.75194e-05, No Iterations 1
ExecutionTime = 24.9523 s  ClockTime = 25 s

Time = 472s

smoothSolver:  Solving for Ux, Initial residual = 0.000579021, Final residual = 1.58478e-05, No Iterations 2
smoothSolver:  Solving for Uy, Initial residual = 0.659752, Final residual = 0.0462951, No Iterations 2
Pressure gradient source: uncorrected Ubar = 9.99965, pressure gradient = 21.5629
GAMG:  Solving for p, Initial residual = 0.273561, Final residual = 0.00253333, No Iterations 74
time step continuity errors : sum local = 0.000308861, global = 1.6644e-16, cumulative = -7.42362e-15
Pressure gradient source: uncorrected Ubar = 9.99988, pressure gradient = 20.3734
smoothSolver:  Solving for omega, Initial residual = 0.00152283, Final residual = 4.22445e-05, No Iterations 1
smoothSolver:  Solving for k, Initial residual = 0.00533482, Final residual = 9.42305e-05, No Iterations 1
ExecutionTime = 25.0139 s  ClockTime = 25 s

Time = 473s

smoothSolver:  Solving for Ux, Initial residual = 0.000541397, Final residual = 1.22354e-05, No Iterations 2
smoothSolver:  Solving for Uy, Initial residual = 0.759095, Final residual = 0.0561802, No Iterations 2
Pressure gradient source: uncorrected Ubar = 9.99989, pressure gradient = 20.9464
GAMG:  Solving for p, Initial residual = 0.775332, Final residual = 0.00773546, No Iterations 62
time step continuity errors : sum local = 0.000326639, global = 2.16137e-16, cumulative = -7.20748e-15
Pressure gradient source: uncorrected Ubar = 9.99996, pressure gradient = 20.5528
smoothSolver:  Solving for omega, Initial residual = 0.00106954, Final residual = 3.18348e-05, No Iterations 1
smoothSolver:  Solving for k, Initial residual = 0.00314535, Final residual = 4.61929e-05, No Iterations 1
ExecutionTime = 25.0895 s  ClockTime = 25 s

Time = 474s

smoothSolver:  Solving for Ux, Initial residual = 0.000394078, Final residual = 1.1204e-05, No Iterations 2
smoothSolver:  Solving for Uy, Initial residual = 0.682458, Final residual = 0.0470784, No Iterations 2
Pressure gradient source: uncorrected Ubar = 10.0004, pressure gradient = 18.5612
GAMG:  Solving for p, Initial residual = 0.27298, Final residual = 0.00259077, No Iterations 66
time step continuity errors : sum local = 0.000284888, global = 5.63789e-16, cumulative = -6.64369e-15
Pressure gradient source: uncorrected Ubar = 10.0001, pressure gradient = 19.8705
smoothSolver:  Solving for omega, Initial residual = 0.000528631, Final residual = 1.74684e-05, No Iterations 1
smoothSolver:  Solving for k, Initial residual = 0.00359648, Final residual = 6.37956e-05, No Iterations 1
ExecutionTime = 25.1419 s  ClockTime = 25 s

Time = 475s

smoothSolver:  Solving for Ux, Initial residual = 0.000396396, Final residual = 1.22748e-05, No Iterations 2
smoothSolver:  Solving for Uy, Initial residual = 0.670409, Final residual = 0.0468139, No Iterations 2
Pressure gradient source: uncorrected Ubar = 10.0001, pressure gradient = 19.5309
GAMG:  Solving for p, Initial residual = 0.743834, Final residual = 0.00725055, No Iterations 66
time step continuity errors : sum local = 0.00025561, global = -4.3344e-18, cumulative = -6.64803e-15
Pressure gradient source: uncorrected Ubar = 10, pressure gradient = 19.7894
smoothSolver:  Solving for omega, Initial residual = 0.000967358, Final residual = 1.85246e-05, No Iterations 1
smoothSolver:  Solving for k, Initial residual = 0.00518543, Final residual = 6.69579e-05, No Iterations 1
ExecutionTime = 25.1982 s  ClockTime = 25 s

Time = 476s

smoothSolver:  Solving for Ux, Initial residual = 0.000578162, Final residual = 1.57899e-05, No Iterations 2
smoothSolver:  Solving for Uy, Initial residual = 0.660631, Final residual = 0.046357, No Iterations 2
Pressure gradient source: uncorrected Ubar = 9.99965, pressure gradient = 21.5653
GAMG:  Solving for p, Initial residual = 0.273535, Final residual = 0.00253333, No Iterations 74
time step continuity errors : sum local = 0.000308903, global = -9.4529e-17, cumulative = -6.74256e-15
Pressure gradient source: uncorrected Ubar = 9.99988, pressure gradient = 20.3754
smoothSolver:  Solving for omega, Initial residual = 0.00152142, Final residual = 4.21234e-05, No Iterations 1
smoothSolver:  Solving for k, Initial residual = 0.00532696, Final residual = 9.36612e-05, No Iterations 1
ExecutionTime = 25.2499 s  ClockTime = 25 s

Time = 477s

smoothSolver:  Solving for Ux, Initial residual = 0.000540687, Final residual = 1.21976e-05, No Iterations 2
smoothSolver:  Solving for Uy, Initial residual = 0.758724, Final residual = 0.056158, No Iterations 2
Pressure gradient source: uncorrected Ubar = 9.99989, pressure gradient = 20.9474
GAMG:  Solving for p, Initial residual = 0.774877, Final residual = 0.00772354, No Iterations 62
time step continuity errors : sum local = 0.000326343, global = -1.01507e-16, cumulative = -6.84406e-15
Pressure gradient source: uncorrected Ubar = 9.99996, pressure gradient = 20.5544
smoothSolver:  Solving for omega, Initial residual = 0.0010682, Final residual = 3.17116e-05, No Iterations 1
smoothSolver:  Solving for k, Initial residual = 0.00313863, Final residual = 4.56338e-05, No Iterations 1
ExecutionTime = 25.3029 s  ClockTime = 25 s

Time = 478s

smoothSolver:  Solving for Ux, Initial residual = 0.000394004, Final residual = 1.12074e-05, No Iterations 2
smoothSolver:  Solving for Uy, Initial residual = 0.681847, Final residual = 0.0470398, No Iterations 2
Pressure gradient source: uncorrected Ubar = 10.0004, pressure gradient = 18.5624
GAMG:  Solving for p, Initial residual = 0.272971, Final residual = 0.00259131, No Iterations 66
time step continuity errors : sum local = 0.000284969, global = 3.54362e-16, cumulative = -6.4897e-15
Pressure gradient source: uncorrected Ubar = 10.0001, pressure gradient = 19.872
smoothSolver:  Solving for omega, Initial residual = 0.000527458, Final residual = 1.73501e-05, No Iterations 1
smoothSolver:  Solving for k, Initial residual = 0.00358954, Final residual = 6.32412e-05, No Iterations 1
ExecutionTime = 25.3623 s  ClockTime = 25 s

Time = 479s

smoothSolver:  Solving for Ux, Initial residual = 0.000395728, Final residual = 1.22336e-05, No Iterations 2
smoothSolver:  Solving for Uy, Initial residual = 0.670971, Final residual = 0.0468527, No Iterations 2
Pressure gradient source: uncorrected Ubar = 10.0001, pressure gradient = 19.5329
GAMG:  Solving for p, Initial residual = 0.744658, Final residual = 0.00725854, No Iterations 66
time step continuity errors : sum local = 0.000255617, global = 2.79304e-16, cumulative = -6.2104e-15
Pressure gradient source: uncorrected Ubar = 10, pressure gradient = 19.7911
smoothSolver:  Solving for omega, Initial residual = 0.000966132, Final residual = 1.84124e-05, No Iterations 1
smoothSolver:  Solving for k, Initial residual = 0.00517784, Final residual = 6.64279e-05, No Iterations 1
ExecutionTime = 25.4118 s  ClockTime = 25 s

Time = 480s

smoothSolver:  Solving for Ux, Initial residual = 0.000577363, Final residual = 1.57364e-05, No Iterations 2
smoothSolver:  Solving for Uy, Initial residual = 0.661496, Final residual = 0.046418, No Iterations 2
Pressure gradient source: uncorrected Ubar = 9.99965, pressure gradient = 21.5675
GAMG:  Solving for p, Initial residual = 0.273506, Final residual = 0.00253349, No Iterations 74
time step continuity errors : sum local = 0.000308966, global = -4.13038e-16, cumulative = -6.62343e-15
Pressure gradient source: uncorrected Ubar = 9.99988, pressure gradient = 20.3773
smoothSolver:  Solving for omega, Initial residual = 0.00152008, Final residual = 4.20083e-05, No Iterations 1
smoothSolver:  Solving for k, Initial residual = 0.00531952, Final residual = 9.31202e-05, No Iterations 1
ExecutionTime = 25.4644 s  ClockTime = 25 s

Time = 481s

smoothSolver:  Solving for Ux, Initial residual = 0.000540111, Final residual = 1.2169e-05, No Iterations 2
smoothSolver:  Solving for Uy, Initial residual = 0.758502, Final residual = 0.0561453, No Iterations 2
Pressure gradient source: uncorrected Ubar = 9.99989, pressure gradient = 20.9483
GAMG:  Solving for p, Initial residual = 0.774317, Final residual = 0.0077204, No Iterations 62
time step continuity errors : sum local = 0.000326457, global = -2.16373e-16, cumulative = -6.83981e-15
Pressure gradient source: uncorrected Ubar = 9.99996, pressure gradient = 20.5559
smoothSolver:  Solving for omega, Initial residual = 0.00106692, Final residual = 3.15945e-05, No Iterations 1
smoothSolver:  Solving for k, Initial residual = 0.00313224, Final residual = 4.51032e-05, No Iterations 1
ExecutionTime = 25.5061 s  ClockTime = 25 s

Time = 482s

smoothSolver:  Solving for Ux, Initial residual = 0.000393947, Final residual = 1.12118e-05, No Iterations 2
smoothSolver:  Solving for Uy, Initial residual = 0.681478, Final residual = 0.0470166, No Iterations 2
Pressure gradient source: uncorrected Ubar = 10.0004, pressure gradient = 18.5636
GAMG:  Solving for p, Initial residual = 0.27294, Final residual = 0.00259186, No Iterations 66
time step continuity errors : sum local = 0.000285072, global = -4.86105e-16, cumulative = -7.32591e-15
Pressure gradient source: uncorrected Ubar = 10.0001, pressure gradient = 19.8734
smoothSolver:  Solving for omega, Initial residual = 0.000526343, Final residual = 1.72378e-05, No Iterations 1
smoothSolver:  Solving for k, Initial residual = 0.00358294, Final residual = 6.27149e-05, No Iterations 1
ExecutionTime = 25.5518 s  ClockTime = 26 s

Time = 483s

smoothSolver:  Solving for Ux, Initial residual = 0.000395104, Final residual = 1.21951e-05, No Iterations 2
smoothSolver:  Solving for Uy, Initial residual = 0.671578, Final residual = 0.046895, No Iterations 2
Pressure gradient source: uncorrected Ubar = 10.0001, pressure gradient = 19.5349
GAMG:  Solving for p, Initial residual = 0.745384, Final residual = 0.0072673, No Iterations 66
time step continuity errors : sum local = 0.000255684, global = -2.83848e-16, cumulative = -7.60976e-15
Pressure gradient source: uncorrected Ubar = 10, pressure gradient = 19.7927
smoothSolver:  Solving for omega, Initial residual = 0.000964965, Final residual = 1.83057e-05, No Iterations 1
smoothSolver:  Solving for k, Initial residual = 0.00517061, Final residual = 6.59278e-05, No Iterations 1
ExecutionTime = 25.5929 s  ClockTime = 26 s

Time = 484s

smoothSolver:  Solving for Ux, Initial residual = 0.000576627, Final residual = 1.56873e-05, No Iterations 2
smoothSolver:  Solving for Uy, Initial residual = 0.662371, Final residual = 0.0464799, No Iterations 2
Pressure gradient source: uncorrected Ubar = 9.99965, pressure gradient = 21.5696
GAMG:  Solving for p, Initial residual = 0.27347, Final residual = 0.00253343, No Iterations 74
time step continuity errors : sum local = 0.000309011, global = 9.23031e-17, cumulative = -7.51746e-15
Pressure gradient source: uncorrected Ubar = 9.99988, pressure gradient = 20.3791
smoothSolver:  Solving for omega, Initial residual = 0.00151881, Final residual = 4.18988e-05, No Iterations 1
smoothSolver:  Solving for k, Initial residual = 0.00531246, Final residual = 9.26063e-05, No Iterations 1
ExecutionTime = 25.6417 s  ClockTime = 26 s

Time = 485s

smoothSolver:  Solving for Ux, Initial residual = 0.000539694, Final residual = 1.21579e-05, No Iterations 2
smoothSolver:  Solving for Uy, Initial residual = 0.758541, Final residual = 0.0561508, No Iterations 2
Pressure gradient source: uncorrected Ubar = 9.99989, pressure gradient = 20.9492
GAMG:  Solving for p, Initial residual = 0.773883, Final residual = 0.00771558, No Iterations 62
time step continuity errors : sum local = 0.000326446, global = 1.57398e-16, cumulative = -7.36006e-15
Pressure gradient source: uncorrected Ubar = 9.99996, pressure gradient = 20.5574
smoothSolver:  Solving for omega, Initial residual = 0.00106571, Final residual = 3.14831e-05, No Iterations 1
smoothSolver:  Solving for k, Initial residual = 0.00312616, Final residual = 4.45996e-05, No Iterations 1
ExecutionTime = 25.6859 s  ClockTime = 26 s

Time = 486s

smoothSolver:  Solving for Ux, Initial residual = 0.000393907, Final residual = 1.12166e-05, No Iterations 2
smoothSolver:  Solving for Uy, Initial residual = 0.681313, Final residual = 0.0470063, No Iterations 2
Pressure gradient source: uncorrected Ubar = 10.0004, pressure gradient = 18.5647
GAMG:  Solving for p, Initial residual = 0.272919, Final residual = 0.00259229, No Iterations 66
time step continuity errors : sum local = 0.000285153, global = 1.63684e-16, cumulative = -7.19638e-15
Pressure gradient source: uncorrected Ubar = 10.0001, pressure gradient = 19.8747
smoothSolver:  Solving for omega, Initial residual = 0.000525284, Final residual = 1.7131e-05, No Iterations 1
smoothSolver:  Solving for k, Initial residual = 0.00357667, Final residual = 6.22155e-05, No Iterations 1
ExecutionTime = 25.7317 s  ClockTime = 26 s

Time = 487s

smoothSolver:  Solving for Ux, Initial residual = 0.000394518, Final residual = 1.21591e-05, No Iterations 2
smoothSolver:  Solving for Uy, Initial residual = 0.672315, Final residual = 0.0469484, No Iterations 2
Pressure gradient source: uncorrected Ubar = 10.0001, pressure gradient = 19.5367
GAMG:  Solving for p, Initial residual = 0.746053, Final residual = 0.00727446, No Iterations 66
time step continuity errors : sum local = 0.000255714, global = 2.88789e-17, cumulative = -7.1675e-15
Pressure gradient source: uncorrected Ubar = 10, pressure gradient = 19.7942
smoothSolver:  Solving for omega, Initial residual = 0.000963856, Final residual = 1.82043e-05, No Iterations 1
smoothSolver:  Solving for k, Initial residual = 0.00516374, Final residual = 6.54529e-05, No Iterations 1
ExecutionTime = 25.786 s  ClockTime = 26 s

Time = 488s

smoothSolver:  Solving for Ux, Initial residual = 0.000575951, Final residual = 1.56419e-05, No Iterations 2
smoothSolver:  Solving for Uy, Initial residual = 0.663179, Final residual = 0.0465382, No Iterations 2
Pressure gradient source: uncorrected Ubar = 9.99965, pressure gradient = 21.5716
GAMG:  Solving for p, Initial residual = 0.273445, Final residual = 0.0025336, No Iterations 74
time step continuity errors : sum local = 0.000309071, global = -8.56101e-17, cumulative = -7.25311e-15
Pressure gradient source: uncorrected Ubar = 9.99988, pressure gradient = 20.3807
smoothSolver:  Solving for omega, Initial residual = 0.00151759, Final residual = 4.17948e-05, No Iterations 1
smoothSolver:  Solving for k, Initial residual = 0.00530574, Final residual = 9.21185e-05, No Iterations 1
ExecutionTime = 25.8437 s  ClockTime = 26 s

Time = 489s

smoothSolver:  Solving for Ux, Initial residual = 0.000539477, Final residual = 1.21644e-05, No Iterations 2
smoothSolver:  Solving for Uy, Initial residual = 0.75863, Final residual = 0.0561595, No Iterations 2
Pressure gradient source: uncorrected Ubar = 9.99989, pressure gradient = 20.95
GAMG:  Solving for p, Initial residual = 0.773424, Final residual = 0.00771954, No Iterations 62
time step continuity errors : sum local = 0.000326814, global = -1.55299e-16, cumulative = -7.40841e-15
Pressure gradient source: uncorrected Ubar = 9.99996, pressure gradient = 20.5587
smoothSolver:  Solving for omega, Initial residual = 0.00106455, Final residual = 3.13773e-05, No Iterations 1
smoothSolver:  Solving for k, Initial residual = 0.00312038, Final residual = 4.41217e-05, No Iterations 1
ExecutionTime = 25.8886 s  ClockTime = 26 s

Time = 490s

smoothSolver:  Solving for Ux, Initial residual = 0.000393878, Final residual = 1.12217e-05, No Iterations 2
smoothSolver:  Solving for Uy, Initial residual = 0.681386, Final residual = 0.0470123, No Iterations 2
Pressure gradient source: uncorrected Ubar = 10.0004, pressure gradient = 18.5657
GAMG:  Solving for p, Initial residual = 0.272897, Final residual = 0.00259255, No Iterations 66
time step continuity errors : sum local = 0.000285213, global = 8.41509e-17, cumulative = -7.32425e-15
Pressure gradient source: uncorrected Ubar = 10.0001, pressure gradient = 19.8759
smoothSolver:  Solving for omega, Initial residual = 0.000524276, Final residual = 1.70296e-05, No Iterations 1
smoothSolver:  Solving for k, Initial residual = 0.00357071, Final residual = 6.17416e-05, No Iterations 1
ExecutionTime = 25.9355 s  ClockTime = 26 s

Time = 491s

smoothSolver:  Solving for Ux, Initial residual = 0.00039397, Final residual = 1.21257e-05, No Iterations 2
smoothSolver:  Solving for Uy, Initial residual = 0.67304, Final residual = 0.0470031, No Iterations 2
Pressure gradient source: uncorrected Ubar = 10.0001, pressure gradient = 19.5384
GAMG:  Solving for p, Initial residual = 0.74671, Final residual = 0.00727768, No Iterations 66
time step continuity errors : sum local = 0.000255603, global = -2.75418e-16, cumulative = -7.59967e-15
Pressure gradient source: uncorrected Ubar = 10, pressure gradient = 19.7956
smoothSolver:  Solving for omega, Initial residual = 0.000962802, Final residual = 1.8108e-05, No Iterations 1
smoothSolver:  Solving for k, Initial residual = 0.0051572, Final residual = 6.50022e-05, No Iterations 1
ExecutionTime = 25.9821 s  ClockTime = 26 s

Time = 492s

smoothSolver:  Solving for Ux, Initial residual = 0.00057532, Final residual = 1.55996e-05, No Iterations 2
smoothSolver:  Solving for Uy, Initial residual = 0.663841, Final residual = 0.0465874, No Iterations 2
Pressure gradient source: uncorrected Ubar = 9.99965, pressure gradient = 21.5735
GAMG:  Solving for p, Initial residual = 0.273414, Final residual = 0.00253373, No Iterations 74
time step continuity errors : sum local = 0.000309131, global = 3.09689e-17, cumulative = -7.5687e-15
Pressure gradient source: uncorrected Ubar = 9.99988, pressure gradient = 20.3823
smoothSolver:  Solving for omega, Initial residual = 0.00151644, Final residual = 4.1696e-05, No Iterations 1
smoothSolver:  Solving for k, Initial residual = 0.00529935, Final residual = 9.16561e-05, No Iterations 1
ExecutionTime = 26.0361 s  ClockTime = 26 s

Time = 493s

smoothSolver:  Solving for Ux, Initial residual = 0.000539474, Final residual = 1.21732e-05, No Iterations 2
smoothSolver:  Solving for Uy, Initial residual = 0.758762, Final residual = 0.0561711, No Iterations 2
Pressure gradient source: uncorrected Ubar = 9.99989, pressure gradient = 20.9508
GAMG:  Solving for p, Initial residual = 0.772991, Final residual = 0.00771585, No Iterations 62
time step continuity errors : sum local = 0.00032685, global = 1.27166e-16, cumulative = -7.44154e-15
Pressure gradient source: uncorrected Ubar = 9.99996, pressure gradient = 20.56
smoothSolver:  Solving for omega, Initial residual = 0.00106345, Final residual = 3.12767e-05, No Iterations 1
smoothSolver:  Solving for k, Initial residual = 0.0031149, Final residual = 4.36684e-05, No Iterations 1
ExecutionTime = 26.0861 s  ClockTime = 26 s

Time = 494s

smoothSolver:  Solving for Ux, Initial residual = 0.00039386, Final residual = 1.12275e-05, No Iterations 2
smoothSolver:  Solving for Uy, Initial residual = 0.681572, Final residual = 0.0470266, No Iterations 2
Pressure gradient source: uncorrected Ubar = 10.0004, pressure gradient = 18.5666
GAMG:  Solving for p, Initial residual = 0.272875, Final residual = 0.00259303, No Iterations 66
time step continuity errors : sum local = 0.000285299, global = 1.57806e-16, cumulative = -7.28373e-15
Pressure gradient source: uncorrected Ubar = 10.0001, pressure gradient = 19.8771
smoothSolver:  Solving for omega, Initial residual = 0.000523319, Final residual = 1.69332e-05, No Iterations 1
smoothSolver:  Solving for k, Initial residual = 0.00356505, Final residual = 6.1292e-05, No Iterations 1
ExecutionTime = 26.1616 s  ClockTime = 26 s

Time = 495s

smoothSolver:  Solving for Ux, Initial residual = 0.000393456, Final residual = 1.20943e-05, No Iterations 2
smoothSolver:  Solving for Uy, Initial residual = 0.673802, Final residual = 0.0470612, No Iterations 2
Pressure gradient source: uncorrected Ubar = 10.0001, pressure gradient = 19.54
GAMG:  Solving for p, Initial residual = 0.747336, Final residual = 0.00728411, No Iterations 66
time step continuity errors : sum local = 0.000255621, global = 1.02378e-16, cumulative = -7.18135e-15
Pressure gradient source: uncorrected Ubar = 10, pressure gradient = 19.7969
smoothSolver:  Solving for omega, Initial residual = 0.000961799, Final residual = 1.80165e-05, No Iterations 1
smoothSolver:  Solving for k, Initial residual = 0.00515097, Final residual = 6.45743e-05, No Iterations 1
ExecutionTime = 26.2364 s  ClockTime = 26 s

Time = 496s

smoothSolver:  Solving for Ux, Initial residual = 0.000574731, Final residual = 1.55601e-05, No Iterations 2
smoothSolver:  Solving for Uy, Initial residual = 0.664455, Final residual = 0.0466327, No Iterations 2
Pressure gradient source: uncorrected Ubar = 9.99965, pressure gradient = 21.5753
GAMG:  Solving for p, Initial residual = 0.273386, Final residual = 0.00253383, No Iterations 74
time step continuity errors : sum local = 0.000309185, global = -2.62581e-16, cumulative = -7.44394e-15
Pressure gradient source: uncorrected Ubar = 9.99988, pressure gradient = 20.3838
smoothSolver:  Solving for omega, Initial residual = 0.00151534, Final residual = 4.1602e-05, No Iterations 1
smoothSolver:  Solving for k, Initial residual = 0.00529326, Final residual = 9.12179e-05, No Iterations 1
ExecutionTime = 26.3013 s  ClockTime = 26 s

Time = 497s

smoothSolver:  Solving for Ux, Initial residual = 0.000539503, Final residual = 1.21826e-05, No Iterations 2
smoothSolver:  Solving for Uy, Initial residual = 0.758947, Final residual = 0.0561861, No Iterations 2
Pressure gradient source: uncorrected Ubar = 9.99989, pressure gradient = 20.9515
GAMG:  Solving for p, Initial residual = 0.772583, Final residual = 0.00771253, No Iterations 62
time step continuity errors : sum local = 0.000326891, global = -2.67663e-16, cumulative = -7.7116e-15
Pressure gradient source: uncorrected Ubar = 9.99996, pressure gradient = 20.5612
smoothSolver:  Solving for omega, Initial residual = 0.00106241, Final residual = 3.11811e-05, No Iterations 1
smoothSolver:  Solving for k, Initial residual = 0.0031097, Final residual = 4.32386e-05, No Iterations 1
ExecutionTime = 26.3541 s  ClockTime = 26 s

Time = 498s

smoothSolver:  Solving for Ux, Initial residual = 0.00039385, Final residual = 1.12338e-05, No Iterations 2
smoothSolver:  Solving for Uy, Initial residual = 0.681855, Final residual = 0.0470475, No Iterations 2
Pressure gradient source: uncorrected Ubar = 10.0004, pressure gradient = 18.5675
GAMG:  Solving for p, Initial residual = 0.272854, Final residual = 0.00259334, No Iterations 66
time step continuity errors : sum local = 0.000285364, global = -9.29185e-17, cumulative = -7.80452e-15
Pressure gradient source: uncorrected Ubar = 10.0001, pressure gradient = 19.8782
smoothSolver:  Solving for omega, Initial residual = 0.000522409, Final residual = 1.68416e-05, No Iterations 1
smoothSolver:  Solving for k, Initial residual = 0.00355968, Final residual = 6.08655e-05, No Iterations 1
ExecutionTime = 26.4197 s  ClockTime = 26 s

Time = 499s

smoothSolver:  Solving for Ux, Initial residual = 0.000392978, Final residual = 1.20651e-05, No Iterations 2
smoothSolver:  Solving for Uy, Initial residual = 0.67457, Final residual = 0.04712, No Iterations 2
Pressure gradient source: uncorrected Ubar = 10.0001, pressure gradient = 19.5415
GAMG:  Solving for p, Initial residual = 0.747927, Final residual = 0.00729098, No Iterations 66
time step continuity errors : sum local = 0.000255666, global = -7.92333e-16, cumulative = -8.59685e-15
Pressure gradient source: uncorrected Ubar = 10, pressure gradient = 19.7981
smoothSolver:  Solving for omega, Initial residual = 0.000960845, Final residual = 1.79295e-05, No Iterations 1
smoothSolver:  Solving for k, Initial residual = 0.00514506, Final residual = 6.41682e-05, No Iterations 1
ExecutionTime = 26.4719 s  ClockTime = 26 s

Time = 500s

smoothSolver:  Solving for Ux, Initial residual = 0.000574181, Final residual = 1.55236e-05, No Iterations 2
smoothSolver:  Solving for Uy, Initial residual = 0.664929, Final residual = 0.0466679, No Iterations 2
Pressure gradient source: uncorrected Ubar = 9.99965, pressure gradient = 21.577
GAMG:  Solving for p, Initial residual = 0.273361, Final residual = 0.00253388, No Iterations 74
time step continuity errors : sum local = 0.000309228, global = 4.49188e-17, cumulative = -8.55193e-15
Pressure gradient source: uncorrected Ubar = 9.99988, pressure gradient = 20.3852
smoothSolver:  Solving for omega, Initial residual = 0.0015143, Final residual = 4.15126e-05, No Iterations 1
smoothSolver:  Solving for k, Initial residual = 0.00528747, Final residual = 9.08021e-05, No Iterations 1
ExecutionTime = 26.5541 s  ClockTime = 27 s

yPlus yPlus write:
    writing object yPlus
    patch bottomWall y+ : min = 11.1066, max = 11.5729, average = 11.1972
    patch topWall y+ : min = 11.1081, max = 11.5701, average = 11.1755

wallShearStress wallShearStress write:
    writing object wallShearStress
    min/max(bottomWall) = (-0.303599 -0.000121322 0), (-0.301552 0.0001308 0)
    min/max(topWall) = (-0.303527 -0.000128779 0), (-0.301573 5.76997e-05 0)

Time = 501s

smoothSolver:  Solving for Ux, Initial residual = 0.000539542, Final residual = 1.21925e-05, No Iterations 2
smoothSolver:  Solving for Uy, Initial residual = 0.759104, Final residual = 0.0561986, No Iterations 2
Pressure gradient source: uncorrected Ubar = 9.99989, pressure gradient = 20.9522
GAMG:  Solving for p, Initial residual = 0.7722, Final residual = 0.00770928, No Iterations 62
time step continuity errors : sum local = 0.000326924, global = -2.45349e-16, cumulative = -8.79728e-15
Pressure gradient source: uncorrected Ubar = 9.99996, pressure gradient = 20.5623
smoothSolver:  Solving for omega, Initial residual = 0.00106141, Final residual = 3.10903e-05, No Iterations 1
smoothSolver:  Solving for k, Initial residual = 0.00310478, Final residual = 4.28311e-05, No Iterations 1
ExecutionTime = 26.6367 s  ClockTime = 27 s

Time = 502s

smoothSolver:  Solving for Ux, Initial residual = 0.000393849, Final residual = 1.12406e-05, No Iterations 2
smoothSolver:  Solving for Uy, Initial residual = 0.682118, Final residual = 0.0470671, No Iterations 2
Pressure gradient source: uncorrected Ubar = 10.0004, pressure gradient = 18.5683
GAMG:  Solving for p, Initial residual = 0.272835, Final residual = 0.0025936, No Iterations 66
time step continuity errors : sum local = 0.000285422, global = -1.7371e-17, cumulative = -8.81465e-15
Pressure gradient source: uncorrected Ubar = 10.0001, pressure gradient = 19.8792
smoothSolver:  Solving for omega, Initial residual = 0.000521543, Final residual = 1.67546e-05, No Iterations 1
smoothSolver:  Solving for k, Initial residual = 0.00355457, Final residual = 6.04612e-05, No Iterations 1
ExecutionTime = 26.7074 s  ClockTime = 27 s

Time = 503s

smoothSolver:  Solving for Ux, Initial residual = 0.000392537, Final residual = 1.20378e-05, No Iterations 2
smoothSolver:  Solving for Uy, Initial residual = 0.675231, Final residual = 0.0471711, No Iterations 2
Pressure gradient source: uncorrected Ubar = 10.0001, pressure gradient = 19.543
GAMG:  Solving for p, Initial residual = 0.748502, Final residual = 0.00729688, No Iterations 66
time step continuity errors : sum local = 0.000255682, global = 9.06608e-18, cumulative = -8.80559e-15
Pressure gradient source: uncorrected Ubar = 10, pressure gradient = 19.7993
smoothSolver:  Solving for omega, Initial residual = 0.000959939, Final residual = 1.78469e-05, No Iterations 1
smoothSolver:  Solving for k, Initial residual = 0.00513943, Final residual = 6.37829e-05, No Iterations 1
ExecutionTime = 26.8067 s  ClockTime = 27 s

Time = 504s

smoothSolver:  Solving for Ux, Initial residual = 0.000573665, Final residual = 1.54901e-05, No Iterations 2
smoothSolver:  Solving for Uy, Initial residual = 0.66538, Final residual = 0.0467013, No Iterations 2
Pressure gradient source: uncorrected Ubar = 9.99965, pressure gradient = 21.5786
GAMG:  Solving for p, Initial residual = 0.273337, Final residual = 0.00253404, No Iterations 74
time step continuity errors : sum local = 0.000309283, global = 2.55535e-16, cumulative = -8.55005e-15
Pressure gradient source: uncorrected Ubar = 9.99988, pressure gradient = 20.3865
smoothSolver:  Solving for omega, Initial residual = 0.0015133, Final residual = 4.14277e-05, No Iterations 1
smoothSolver:  Solving for k, Initial residual = 0.00528197, Final residual = 9.04076e-05, No Iterations 1
ExecutionTime = 26.9138 s  ClockTime = 27 s

Time = 505s

smoothSolver:  Solving for Ux, Initial residual = 0.000539584, Final residual = 1.22026e-05, No Iterations 2
smoothSolver:  Solving for Uy, Initial residual = 0.759301, Final residual = 0.0562141, No Iterations 2
Pressure gradient source: uncorrected Ubar = 9.99989, pressure gradient = 20.9528
GAMG:  Solving for p, Initial residual = 0.771824, Final residual = 0.00769719, No Iterations 62
time step continuity errors : sum local = 0.000326575, global = 1.23966e-16, cumulative = -8.42608e-15
Pressure gradient source: uncorrected Ubar = 9.99996, pressure gradient = 20.5634
smoothSolver:  Solving for omega, Initial residual = 0.00106047, Final residual = 3.10039e-05, No Iterations 1
smoothSolver:  Solving for k, Initial residual = 0.00310012, Final residual = 4.24449e-05, No Iterations 1
ExecutionTime = 26.9731 s  ClockTime = 27 s

Time = 506s

smoothSolver:  Solving for Ux, Initial residual = 0.000393851, Final residual = 1.12475e-05, No Iterations 2
smoothSolver:  Solving for Uy, Initial residual = 0.682377, Final residual = 0.0470861, No Iterations 2
Pressure gradient source: uncorrected Ubar = 10.0004, pressure gradient = 18.5691
GAMG:  Solving for p, Initial residual = 0.27282, Final residual = 0.00259415, No Iterations 66
time step continuity errors : sum local = 0.000285508, global = -1.46163e-16, cumulative = -8.57225e-15
Pressure gradient source: uncorrected Ubar = 10.0001, pressure gradient = 19.8802
smoothSolver:  Solving for omega, Initial residual = 0.000520721, Final residual = 1.66719e-05, No Iterations 1
smoothSolver:  Solving for k, Initial residual = 0.00354972, Final residual = 6.00778e-05, No Iterations 1
ExecutionTime = 27.0366 s  ClockTime = 27 s

Time = 507s

smoothSolver:  Solving for Ux, Initial residual = 0.000392126, Final residual = 1.20124e-05, No Iterations 2
smoothSolver:  Solving for Uy, Initial residual = 0.675845, Final residual = 0.0472184, No Iterations 2
Pressure gradient source: uncorrected Ubar = 10.0001, pressure gradient = 19.5444
GAMG:  Solving for p, Initial residual = 0.749073, Final residual = 0.00730214, No Iterations 66
time step continuity errors : sum local = 0.000255677, global = 3.80354e-16, cumulative = -8.19189e-15
Pressure gradient source: uncorrected Ubar = 10, pressure gradient = 19.8004
smoothSolver:  Solving for omega, Initial residual = 0.000959077, Final residual = 1.77684e-05, No Iterations 1
smoothSolver:  Solving for k, Initial residual = 0.00513408, Final residual = 6.34175e-05, No Iterations 1
ExecutionTime = 27.0982 s  ClockTime = 27 s

Time = 508s

smoothSolver:  Solving for Ux, Initial residual = 0.000573183, Final residual = 1.54587e-05, No Iterations 2
smoothSolver:  Solving for Uy, Initial residual = 0.665806, Final residual = 0.0467325, No Iterations 2
Pressure gradient source: uncorrected Ubar = 9.99965, pressure gradient = 21.5801
GAMG:  Solving for p, Initial residual = 0.27331, Final residual = 0.00253405, No Iterations 74
time step continuity errors : sum local = 0.000309323, global = -7.2851e-17, cumulative = -8.26474e-15
Pressure gradient source: uncorrected Ubar = 9.99988, pressure gradient = 20.3878
smoothSolver:  Solving for omega, Initial residual = 0.00151236, Final residual = 4.1347e-05, No Iterations 1
smoothSolver:  Solving for k, Initial residual = 0.00527673, Final residual = 9.00333e-05, No Iterations 1
ExecutionTime = 27.1486 s  ClockTime = 27 s

Time = 509s

smoothSolver:  Solving for Ux, Initial residual = 0.000539631, Final residual = 1.22132e-05, No Iterations 2
smoothSolver:  Solving for Uy, Initial residual = 0.759449, Final residual = 0.056226, No Iterations 2
Pressure gradient source: uncorrected Ubar = 9.99989, pressure gradient = 20.9534
GAMG:  Solving for p, Initial residual = 0.771473, Final residual = 0.00770281, No Iterations 62
time step continuity errors : sum local = 0.000326971, global = -7.32817e-17, cumulative = -8.33803e-15
Pressure gradient source: uncorrected Ubar = 9.99996, pressure gradient = 20.5644
smoothSolver:  Solving for omega, Initial residual = 0.00105957, Final residual = 3.09218e-05, No Iterations 1
smoothSolver:  Solving for k, Initial residual = 0.00309572, Final residual = 4.20789e-05, No Iterations 1
ExecutionTime = 27.2018 s  ClockTime = 27 s

Time = 510s

smoothSolver:  Solving for Ux, Initial residual = 0.000393852, Final residual = 1.12543e-05, No Iterations 2
smoothSolver:  Solving for Uy, Initial residual = 0.682612, Final residual = 0.0471037, No Iterations 2
Pressure gradient source: uncorrected Ubar = 10.0004, pressure gradient = 18.5699
GAMG:  Solving for p, Initial residual = 0.272798, Final residual = 0.00259984, No Iterations 66
time step continuity errors : sum local = 0.000286188, global = 3.65343e-16, cumulative = -7.97268e-15
Pressure gradient source: uncorrected Ubar = 10.0001, pressure gradient = 19.8811
smoothSolver:  Solving for omega, Initial residual = 0.000519939, Final residual = 1.65933e-05, No Iterations 1
smoothSolver:  Solving for k, Initial residual = 0.00354512, Final residual = 5.97144e-05, No Iterations 1
ExecutionTime = 27.2429 s  ClockTime = 27 s

Time = 511s

smoothSolver:  Solving for Ux, Initial residual = 0.000391745, Final residual = 1.19887e-05, No Iterations 2
smoothSolver:  Solving for Uy, Initial residual = 0.676407, Final residual = 0.0472615, No Iterations 2
Pressure gradient source: uncorrected Ubar = 10.0001, pressure gradient = 19.5457
GAMG:  Solving for p, Initial residual = 0.749973, Final residual = 0.00731422, No Iterations 66
time step continuity errors : sum local = 0.000255803, global = -1.62627e-16, cumulative = -8.13531e-15
Pressure gradient source: uncorrected Ubar = 10, pressure gradient = 19.8015
smoothSolver:  Solving for omega, Initial residual = 0.000958257, Final residual = 1.76938e-05, No Iterations 1
smoothSolver:  Solving for k, Initial residual = 0.005129, Final residual = 6.30711e-05, No Iterations 1
ExecutionTime = 27.292 s  ClockTime = 27 s

Time = 512s

smoothSolver:  Solving for Ux, Initial residual = 0.000572732, Final residual = 1.54294e-05, No Iterations 2
smoothSolver:  Solving for Uy, Initial residual = 0.666236, Final residual = 0.0467636, No Iterations 2
Pressure gradient source: uncorrected Ubar = 9.99965, pressure gradient = 21.5815
GAMG:  Solving for p, Initial residual = 0.273301, Final residual = 0.00253547, No Iterations 74
time step continuity errors : sum local = 0.000309514, global = -8.89651e-17, cumulative = -8.22428e-15
Pressure gradient source: uncorrected Ubar = 9.99988, pressure gradient = 20.3889
smoothSolver:  Solving for omega, Initial residual = 0.00151146, Final residual = 4.12703e-05, No Iterations 1
smoothSolver:  Solving for k, Initial residual = 0.00527175, Final residual = 8.96785e-05, No Iterations 1
ExecutionTime = 27.361 s  ClockTime = 27 s

Time = 513s

smoothSolver:  Solving for Ux, Initial residual = 0.000539682, Final residual = 1.22238e-05, No Iterations 2
smoothSolver:  Solving for Uy, Initial residual = 0.759687, Final residual = 0.0562446, No Iterations 2
Pressure gradient source: uncorrected Ubar = 9.99989, pressure gradient = 20.9539
GAMG:  Solving for p, Initial residual = 0.770832, Final residual = 0.00769583, No Iterations 62
time step continuity errors : sum local = 0.000326956, global = 1.00911e-16, cumulative = -8.12337e-15
Pressure gradient source: uncorrected Ubar = 9.99997, pressure gradient = 20.5654
smoothSolver:  Solving for omega, Initial residual = 0.00105871, Final residual = 3.08438e-05, No Iterations 1
smoothSolver:  Solving for k, Initial residual = 0.00309155, Final residual = 4.17323e-05, No Iterations 1
ExecutionTime = 27.4226 s  ClockTime = 27 s

Time = 514s

smoothSolver:  Solving for Ux, Initial residual = 0.000393857, Final residual = 1.12611e-05, No Iterations 2
smoothSolver:  Solving for Uy, Initial residual = 0.682774, Final residual = 0.0471165, No Iterations 2
Pressure gradient source: uncorrected Ubar = 10.0004, pressure gradient = 18.5706
GAMG:  Solving for p, Initial residual = 0.272755, Final residual = 0.00259467, No Iterations 66
time step continuity errors : sum local = 0.000285648, global = 2.36639e-17, cumulative = -8.0997e-15
Pressure gradient source: uncorrected Ubar = 10.0001, pressure gradient = 19.882
smoothSolver:  Solving for omega, Initial residual = 0.000519196, Final residual = 1.65186e-05, No Iterations 1
smoothSolver:  Solving for k, Initial residual = 0.00354075, Final residual = 5.93702e-05, No Iterations 1
ExecutionTime = 27.4811 s  ClockTime = 28 s

Time = 515s

smoothSolver:  Solving for Ux, Initial residual = 0.000391381, Final residual = 1.19664e-05, No Iterations 2
smoothSolver:  Solving for Uy, Initial residual = 0.67688, Final residual = 0.0472967, No Iterations 2
Pressure gradient source: uncorrected Ubar = 10.0001, pressure gradient = 19.5469
GAMG:  Solving for p, Initial residual = 0.750128, Final residual = 0.0073139, No Iterations 66
time step continuity errors : sum local = 0.00025574, global = 1.13371e-16, cumulative = -7.98633e-15
Pressure gradient source: uncorrected Ubar = 10, pressure gradient = 19.8025
smoothSolver:  Solving for omega, Initial residual = 0.000957478, Final residual = 1.76229e-05, No Iterations 1
smoothSolver:  Solving for k, Initial residual = 0.00512418, Final residual = 6.27428e-05, No Iterations 1
ExecutionTime = 27.5497 s  ClockTime = 28 s

Time = 516s

smoothSolver:  Solving for Ux, Initial residual = 0.00057231, Final residual = 1.54018e-05, No Iterations 2
smoothSolver:  Solving for Uy, Initial residual = 0.666621, Final residual = 0.046791, No Iterations 2
Pressure gradient source: uncorrected Ubar = 9.99965, pressure gradient = 21.5829
GAMG:  Solving for p, Initial residual = 0.273247, Final residual = 0.00253409, No Iterations 74
time step continuity errors : sum local = 0.000309414, global = -2.50404e-16, cumulative = -8.23673e-15
Pressure gradient source: uncorrected Ubar = 9.99988, pressure gradient = 20.3901
smoothSolver:  Solving for omega, Initial residual = 0.00151061, Final residual = 4.11974e-05, No Iterations 1
smoothSolver:  Solving for k, Initial residual = 0.00526702, Final residual = 8.93428e-05, No Iterations 1
ExecutionTime = 27.6211 s  ClockTime = 28 s

Time = 517s

smoothSolver:  Solving for Ux, Initial residual = 0.000539731, Final residual = 1.22339e-05, No Iterations 2
smoothSolver:  Solving for Uy, Initial residual = 0.759941, Final residual = 0.0562649, No Iterations 2
Pressure gradient source: uncorrected Ubar = 9.99989, pressure gradient = 20.9544
GAMG:  Solving for p, Initial residual = 0.77091, Final residual = 0.00769591, No Iterations 62
time step continuity errors : sum local = 0.000326928, global = -2.81265e-16, cumulative = -8.518e-15
Pressure gradient source: uncorrected Ubar = 9.99997, pressure gradient = 20.5663
smoothSolver:  Solving for omega, Initial residual = 0.0010579, Final residual = 3.07696e-05, No Iterations 1
smoothSolver:  Solving for k, Initial residual = 0.00308758, Final residual = 4.14043e-05, No Iterations 1
ExecutionTime = 27.6984 s  ClockTime = 28 s

Time = 518s

smoothSolver:  Solving for Ux, Initial residual = 0.000393865, Final residual = 1.12678e-05, No Iterations 2
smoothSolver:  Solving for Uy, Initial residual = 0.68294, Final residual = 0.0471298, No Iterations 2
Pressure gradient source: uncorrected Ubar = 10.0004, pressure gradient = 18.5712
GAMG:  Solving for p, Initial residual = 0.272762, Final residual = 0.00260294, No Iterations 66
time step continuity errors : sum local = 0.00028658, global = 6.27803e-16, cumulative = -7.8902e-15
Pressure gradient source: uncorrected Ubar = 10.0001, pressure gradient = 19.8828
smoothSolver:  Solving for omega, Initial residual = 0.00051849, Final residual = 1.64476e-05, No Iterations 1
smoothSolver:  Solving for k, Initial residual = 0.0035366, Final residual = 5.90442e-05, No Iterations 1
ExecutionTime = 27.7444 s  ClockTime = 28 s

Time = 519s

smoothSolver:  Solving for Ux, Initial residual = 0.000391044, Final residual = 1.19456e-05, No Iterations 2
smoothSolver:  Solving for Uy, Initial residual = 0.677368, Final residual = 0.0473327, No Iterations 2
Pressure gradient source: uncorrected Ubar = 10.0001, pressure gradient = 19.5481
GAMG:  Solving for p, Initial residual = 0.750828, Final residual = 0.00732728, No Iterations 66
time step continuity errors : sum local = 0.000255982, global = 3.88713e-17, cumulative = -7.85132e-15
Pressure gradient source: uncorrected Ubar = 10, pressure gradient = 19.8034
smoothSolver:  Solving for omega, Initial residual = 0.000956737, Final residual = 1.75555e-05, No Iterations 1
smoothSolver:  Solving for k, Initial residual = 0.00511961, Final residual = 6.24315e-05, No Iterations 1
ExecutionTime = 27.8015 s  ClockTime = 28 s

Time = 520s

smoothSolver:  Solving for Ux, Initial residual = 0.000571919, Final residual = 1.53763e-05, No Iterations 2
smoothSolver:  Solving for Uy, Initial residual = 0.667077, Final residual = 0.0468234, No Iterations 2
Pressure gradient source: uncorrected Ubar = 9.99965, pressure gradient = 21.5842
GAMG:  Solving for p, Initial residual = 0.273272, Final residual = 0.00253559, No Iterations 74
time step continuity errors : sum local = 0.000309579, global = -4.16127e-16, cumulative = -8.26745e-15
Pressure gradient source: uncorrected Ubar = 9.99988, pressure gradient = 20.3911
smoothSolver:  Solving for omega, Initial residual = 0.0015098, Final residual = 4.11281e-05, No Iterations 1
smoothSolver:  Solving for k, Initial residual = 0.00526252, Final residual = 8.90271e-05, No Iterations 1
ExecutionTime = 27.872 s  ClockTime = 28 s

Time = 521s

smoothSolver:  Solving for Ux, Initial residual = 0.000539789, Final residual = 1.22444e-05, No Iterations 2
smoothSolver:  Solving for Uy, Initial residual = 0.760226, Final residual = 0.0562872, No Iterations 2
Pressure gradient source: uncorrected Ubar = 9.99989, pressure gradient = 20.9549
GAMG:  Solving for p, Initial residual = 0.770205, Final residual = 0.00767981, No Iterations 62
time step continuity errors : sum local = 0.000326545, global = 8.5576e-17, cumulative = -8.18188e-15
Pressure gradient source: uncorrected Ubar = 9.99997, pressure gradient = 20.5672
smoothSolver:  Solving for omega, Initial residual = 0.00105713, Final residual = 3.06991e-05, No Iterations 1
smoothSolver:  Solving for k, Initial residual = 0.00308382, Final residual = 4.10937e-05, No Iterations 1
ExecutionTime = 27.9315 s  ClockTime = 28 s

Time = 522s

smoothSolver:  Solving for Ux, Initial residual = 0.000393873, Final residual = 1.12743e-05, No Iterations 2
smoothSolver:  Solving for Uy, Initial residual = 0.683082, Final residual = 0.047141, No Iterations 2
Pressure gradient source: uncorrected Ubar = 10.0004, pressure gradient = 18.5718
GAMG:  Solving for p, Initial residual = 0.272735, Final residual = 0.00260228, No Iterations 66
time step continuity errors : sum local = 0.000286543, global = -3.04377e-17, cumulative = -8.21231e-15
Pressure gradient source: uncorrected Ubar = 10.0001, pressure gradient = 19.8835
smoothSolver:  Solving for omega, Initial residual = 0.000517818, Final residual = 1.63802e-05, No Iterations 1
smoothSolver:  Solving for k, Initial residual = 0.00353266, Final residual = 5.87355e-05, No Iterations 1
ExecutionTime = 27.9731 s  ClockTime = 28 s

Time = 523s

smoothSolver:  Solving for Ux, Initial residual = 0.000390726, Final residual = 1.19261e-05, No Iterations 2
smoothSolver:  Solving for Uy, Initial residual = 0.677789, Final residual = 0.0473647, No Iterations 2
Pressure gradient source: uncorrected Ubar = 10.0001, pressure gradient = 19.5492
GAMG:  Solving for p, Initial residual = 0.751571, Final residual = 0.0073263, No Iterations 66
time step continuity errors : sum local = 0.00025569, global = 3.18128e-18, cumulative = -8.20913e-15
Pressure gradient source: uncorrected Ubar = 10, pressure gradient = 19.8043
smoothSolver:  Solving for omega, Initial residual = 0.000956033, Final residual = 1.74915e-05, No Iterations 1
smoothSolver:  Solving for k, Initial residual = 0.00511529, Final residual = 6.21367e-05, No Iterations 1
ExecutionTime = 28.0222 s  ClockTime = 28 s

Time = 524s

smoothSolver:  Solving for Ux, Initial residual = 0.000571556, Final residual = 1.53526e-05, No Iterations 2
smoothSolver:  Solving for Uy, Initial residual = 0.6675, Final residual = 0.0468539, No Iterations 2
Pressure gradient source: uncorrected Ubar = 9.99965, pressure gradient = 21.5854
GAMG:  Solving for p, Initial residual = 0.27321, Final residual = 0.00253564, No Iterations 74
time step continuity errors : sum local = 0.000309656, global = 1.6394e-16, cumulative = -8.04519e-15
Pressure gradient source: uncorrected Ubar = 9.99988, pressure gradient = 20.3921
smoothSolver:  Solving for omega, Initial residual = 0.00150903, Final residual = 4.10622e-05, No Iterations 1
smoothSolver:  Solving for k, Initial residual = 0.00525825, Final residual = 8.87285e-05, No Iterations 1
ExecutionTime = 28.0752 s  ClockTime = 28 s

Time = 525s

smoothSolver:  Solving for Ux, Initial residual = 0.000539847, Final residual = 1.22542e-05, No Iterations 2
smoothSolver:  Solving for Uy, Initial residual = 0.760571, Final residual = 0.0563144, No Iterations 2
Pressure gradient source: uncorrected Ubar = 9.99989, pressure gradient = 20.9554
GAMG:  Solving for p, Initial residual = 0.769974, Final residual = 0.00767799, No Iterations 62
time step continuity errors : sum local = 0.000326569, global = 1.34377e-16, cumulative = -7.91082e-15
Pressure gradient source: uncorrected Ubar = 9.99997, pressure gradient = 20.568
smoothSolver:  Solving for omega, Initial residual = 0.00105639, Final residual = 3.0632e-05, No Iterations 1
smoothSolver:  Solving for k, Initial residual = 0.00308025, Final residual = 4.07997e-05, No Iterations 1
ExecutionTime = 28.1211 s  ClockTime = 28 s

Time = 526s

smoothSolver:  Solving for Ux, Initial residual = 0.000393886, Final residual = 1.1281e-05, No Iterations 2
smoothSolver:  Solving for Uy, Initial residual = 0.683237, Final residual = 0.047154, No Iterations 2
Pressure gradient source: uncorrected Ubar = 10.0004, pressure gradient = 18.5724
GAMG:  Solving for p, Initial residual = 0.272702, Final residual = 0.00260084, No Iterations 66
time step continuity errors : sum local = 0.000286418, global = -5.31957e-17, cumulative = -7.96401e-15
Pressure gradient source: uncorrected Ubar = 10.0001, pressure gradient = 19.8843
smoothSolver:  Solving for omega, Initial residual = 0.00051718, Final residual = 1.6316e-05, No Iterations 1
smoothSolver:  Solving for k, Initial residual = 0.00352893, Final residual = 5.84432e-05, No Iterations 1
ExecutionTime = 28.1634 s  ClockTime = 28 s

Time = 527s

smoothSolver:  Solving for Ux, Initial residual = 0.000390425, Final residual = 1.19077e-05, No Iterations 2
smoothSolver:  Solving for Uy, Initial residual = 0.678199, Final residual = 0.0473946, No Iterations 2
Pressure gradient source: uncorrected Ubar = 10.0001, pressure gradient = 19.5502
GAMG:  Solving for p, Initial residual = 0.751886, Final residual = 0.00733473, No Iterations 66
time step continuity errors : sum local = 0.000255881, global = 2.58972e-16, cumulative = -7.70504e-15
Pressure gradient source: uncorrected Ubar = 10, pressure gradient = 19.8052
smoothSolver:  Solving for omega, Initial residual = 0.000955364, Final residual = 1.74307e-05, No Iterations 1
smoothSolver:  Solving for k, Initial residual = 0.00511119, Final residual = 6.18574e-05, No Iterations 1
ExecutionTime = 28.2049 s  ClockTime = 28 s

Time = 528s

smoothSolver:  Solving for Ux, Initial residual = 0.00057122, Final residual = 1.53303e-05, No Iterations 2
smoothSolver:  Solving for Uy, Initial residual = 0.667916, Final residual = 0.0468831, No Iterations 2
Pressure gradient source: uncorrected Ubar = 9.99965, pressure gradient = 21.5866
GAMG:  Solving for p, Initial residual = 0.273204, Final residual = 0.0025351, No Iterations 74
time step continuity errors : sum local = 0.000309606, global = -5.70791e-16, cumulative = -8.27583e-15
Pressure gradient source: uncorrected Ubar = 9.99988, pressure gradient = 20.3931
smoothSolver:  Solving for omega, Initial residual = 0.00150829, Final residual = 4.09998e-05, No Iterations 1
smoothSolver:  Solving for k, Initial residual = 0.00525419, Final residual = 8.84457e-05, No Iterations 1
ExecutionTime = 28.2588 s  ClockTime = 28 s

Time = 529s

smoothSolver:  Solving for Ux, Initial residual = 0.000539906, Final residual = 1.22638e-05, No Iterations 2
smoothSolver:  Solving for Uy, Initial residual = 0.760869, Final residual = 0.0563381, No Iterations 2
Pressure gradient source: uncorrected Ubar = 9.99989, pressure gradient = 20.9558
GAMG:  Solving for p, Initial residual = 0.769713, Final residual = 0.00768393, No Iterations 62
time step continuity errors : sum local = 0.000326933, global = -7.68671e-16, cumulative = -9.0445e-15
Pressure gradient source: uncorrected Ubar = 9.99997, pressure gradient = 20.5687
smoothSolver:  Solving for omega, Initial residual = 0.00105569, Final residual = 3.05683e-05, No Iterations 1
smoothSolver:  Solving for k, Initial residual = 0.00307686, Final residual = 4.05216e-05, No Iterations 1
ExecutionTime = 28.3074 s  ClockTime = 28 s

Time = 530s

smoothSolver:  Solving for Ux, Initial residual = 0.000393898, Final residual = 1.12873e-05, No Iterations 2
smoothSolver:  Solving for Uy, Initial residual = 0.683433, Final residual = 0.047169, No Iterations 2
Pressure gradient source: uncorrected Ubar = 10.0004, pressure gradient = 18.573
GAMG:  Solving for p, Initial residual = 0.272694, Final residual = 0.00259551, No Iterations 66
time step continuity errors : sum local = 0.000285829, global = -7.04444e-17, cumulative = -9.11494e-15
Pressure gradient source: uncorrected Ubar = 10.0001, pressure gradient = 19.885
smoothSolver:  Solving for omega, Initial residual = 0.000516573, Final residual = 1.62551e-05, No Iterations 1
smoothSolver:  Solving for k, Initial residual = 0.00352539, Final residual = 5.81666e-05, No Iterations 1
ExecutionTime = 28.3601 s  ClockTime = 28 s

Time = 531s

smoothSolver:  Solving for Ux, Initial residual = 0.000390143, Final residual = 1.18906e-05, No Iterations 2
smoothSolver:  Solving for Uy, Initial residual = 0.678633, Final residual = 0.0474266, No Iterations 2
Pressure gradient source: uncorrected Ubar = 10.0001, pressure gradient = 19.5513
GAMG:  Solving for p, Initial residual = 0.751855, Final residual = 0.00733389, No Iterations 66
time step continuity errors : sum local = 0.000255866, global = -6.57732e-19, cumulative = -9.1156e-15
Pressure gradient source: uncorrected Ubar = 10, pressure gradient = 19.806
smoothSolver:  Solving for omega, Initial residual = 0.000954727, Final residual = 1.73729e-05, No Iterations 1
smoothSolver:  Solving for k, Initial residual = 0.00510729, Final residual = 6.15928e-05, No Iterations 1
ExecutionTime = 28.4124 s  ClockTime = 28 s

Time = 532s

smoothSolver:  Solving for Ux, Initial residual = 0.000570907, Final residual = 1.53096e-05, No Iterations 2
smoothSolver:  Solving for Uy, Initial residual = 0.668266, Final residual = 0.046908, No Iterations 2
Pressure gradient source: uncorrected Ubar = 9.99965, pressure gradient = 21.5877
GAMG:  Solving for p, Initial residual = 0.273179, Final residual = 0.00253433, No Iterations 74
time step continuity errors : sum local = 0.000309546, global = -5.59387e-17, cumulative = -9.17154e-15
Pressure gradient source: uncorrected Ubar = 9.99988, pressure gradient = 20.394
smoothSolver:  Solving for omega, Initial residual = 0.0015076, Final residual = 4.09404e-05, No Iterations 1
smoothSolver:  Solving for k, Initial residual = 0.00525033, Final residual = 8.81779e-05, No Iterations 1
ExecutionTime = 28.4661 s  ClockTime = 29 s

Time = 533s

smoothSolver:  Solving for Ux, Initial residual = 0.000539964, Final residual = 1.2273e-05, No Iterations 2
smoothSolver:  Solving for Uy, Initial residual = 0.761183, Final residual = 0.0563623, No Iterations 2
Pressure gradient source: uncorrected Ubar = 9.99989, pressure gradient = 20.9562
GAMG:  Solving for p, Initial residual = 0.769729, Final residual = 0.00768796, No Iterations 62
time step continuity errors : sum local = 0.000327095, global = -7.31587e-17, cumulative = -9.2447e-15
Pressure gradient source: uncorrected Ubar = 9.99997, pressure gradient = 20.5695
smoothSolver:  Solving for omega, Initial residual = 0.00105503, Final residual = 3.05077e-05, No Iterations 1
smoothSolver:  Solving for k, Initial residual = 0.00307365, Final residual = 4.02585e-05, No Iterations 1
ExecutionTime = 28.5116 s  ClockTime = 29 s

Time = 534s

smoothSolver:  Solving for Ux, Initial residual = 0.000393912, Final residual = 1.12938e-05, No Iterations 2
smoothSolver:  Solving for Uy, Initial residual = 0.683649, Final residual = 0.0471854, No Iterations 2
Pressure gradient source: uncorrected Ubar = 10.0004, pressure gradient = 18.5735
GAMG:  Solving for p, Initial residual = 0.272711, Final residual = 0.00260404, No Iterations 66
time step continuity errors : sum local = 0.000286782, global = -5.22315e-16, cumulative = -9.76701e-15
Pressure gradient source: uncorrected Ubar = 10.0001, pressure gradient = 19.8856
smoothSolver:  Solving for omega, Initial residual = 0.000515996, Final residual = 1.61972e-05, No Iterations 1
smoothSolver:  Solving for k, Initial residual = 0.00352203, Final residual = 5.79047e-05, No Iterations 1
ExecutionTime = 28.5584 s  ClockTime = 29 s

Time = 535s

smoothSolver:  Solving for Ux, Initial residual = 0.000389882, Final residual = 1.18747e-05, No Iterations 2
smoothSolver:  Solving for Uy, Initial residual = 0.679095, Final residual = 0.0474609, No Iterations 2
Pressure gradient source: uncorrected Ubar = 10.0001, pressure gradient = 19.5522
GAMG:  Solving for p, Initial residual = 0.75256, Final residual = 0.0073418, No Iterations 66
time step continuity errors : sum local = 0.00025591, global = 2.47357e-16, cumulative = -9.51966e-15
Pressure gradient source: uncorrected Ubar = 10, pressure gradient = 19.8067
smoothSolver:  Solving for omega, Initial residual = 0.000954122, Final residual = 1.73179e-05, No Iterations 1
smoothSolver:  Solving for k, Initial residual = 0.00510359, Final residual = 6.13423e-05, No Iterations 1
ExecutionTime = 28.6058 s  ClockTime = 29 s

Time = 536s

smoothSolver:  Solving for Ux, Initial residual = 0.000570615, Final residual = 1.52905e-05, No Iterations 2
smoothSolver:  Solving for Uy, Initial residual = 0.668568, Final residual = 0.0469302, No Iterations 2
Pressure gradient source: uncorrected Ubar = 9.99965, pressure gradient = 21.5888
GAMG:  Solving for p, Initial residual = 0.273195, Final residual = 0.00253606, No Iterations 74
time step continuity errors : sum local = 0.000309746, global = -1.32619e-16, cumulative = -9.65228e-15
Pressure gradient source: uncorrected Ubar = 9.99988, pressure gradient = 20.3949
smoothSolver:  Solving for omega, Initial residual = 0.00150693, Final residual = 4.08841e-05, No Iterations 1
smoothSolver:  Solving for k, Initial residual = 0.00524668, Final residual = 8.79243e-05, No Iterations 1
ExecutionTime = 28.6551 s  ClockTime = 29 s

Time = 537s

smoothSolver:  Solving for Ux, Initial residual = 0.000540022, Final residual = 1.22821e-05, No Iterations 2
smoothSolver:  Solving for Uy, Initial residual = 0.761475, Final residual = 0.0563847, No Iterations 2
Pressure gradient source: uncorrected Ubar = 9.99989, pressure gradient = 20.9566
GAMG:  Solving for p, Initial residual = 0.76907, Final residual = 0.00768763, No Iterations 62
time step continuity errors : sum local = 0.000327369, global = -3.44969e-16, cumulative = -9.99725e-15
Pressure gradient source: uncorrected Ubar = 9.99997, pressure gradient = 20.5702
smoothSolver:  Solving for omega, Initial residual = 0.00105439, Final residual = 3.04501e-05, No Iterations 1
smoothSolver:  Solving for k, Initial residual = 0.00307061, Final residual = 4.00097e-05, No Iterations 1
ExecutionTime = 28.6983 s  ClockTime = 29 s

Time = 538s

smoothSolver:  Solving for Ux, Initial residual = 0.000393923, Final residual = 1.13e-05, No Iterations 2
smoothSolver:  Solving for Uy, Initial residual = 0.683881, Final residual = 0.047202, No Iterations 2
Pressure gradient source: uncorrected Ubar = 10.0004, pressure gradient = 18.574
GAMG:  Solving for p, Initial residual = 0.272672, Final residual = 0.002604, No Iterations 66
time step continuity errors : sum local = 0.000286831, global = 2.63119e-16, cumulative = -9.73413e-15
Pressure gradient source: uncorrected Ubar = 10.0001, pressure gradient = 19.8862
smoothSolver:  Solving for omega, Initial residual = 0.000515447, Final residual = 1.61421e-05, No Iterations 1
smoothSolver:  Solving for k, Initial residual = 0.00351885, Final residual = 5.76569e-05, No Iterations 1
ExecutionTime = 28.7422 s  ClockTime = 29 s

Time = 539s

smoothSolver:  Solving for Ux, Initial residual = 0.000389634, Final residual = 1.18597e-05, No Iterations 2
smoothSolver:  Solving for Uy, Initial residual = 0.679523, Final residual = 0.0474933, No Iterations 2
Pressure gradient source: uncorrected Ubar = 10.0001, pressure gradient = 19.5531
GAMG:  Solving for p, Initial residual = 0.753228, Final residual = 0.00734556, No Iterations 66
time step continuity errors : sum local = 0.000255817, global = -4.77558e-17, cumulative = -9.78188e-15
Pressure gradient source: uncorrected Ubar = 10, pressure gradient = 19.8075
smoothSolver:  Solving for omega, Initial residual = 0.000953547, Final residual = 1.72657e-05, No Iterations 1
smoothSolver:  Solving for k, Initial residual = 0.00510008, Final residual = 6.11052e-05, No Iterations 1
ExecutionTime = 28.7865 s  ClockTime = 29 s

Time = 540s

smoothSolver:  Solving for Ux, Initial residual = 0.000570338, Final residual = 1.52724e-05, No Iterations 2
smoothSolver:  Solving for Uy, Initial residual = 0.668777, Final residual = 0.0469459, No Iterations 2
Pressure gradient source: uncorrected Ubar = 9.99965, pressure gradient = 21.5898
GAMG:  Solving for p, Initial residual = 0.273143, Final residual = 0.00253602, No Iterations 74
time step continuity errors : sum local = 0.000309803, global = -7.95711e-16, cumulative = -1.05776e-14
Pressure gradient source: uncorrected Ubar = 9.99988, pressure gradient = 20.3957
smoothSolver:  Solving for omega, Initial residual = 0.0015063, Final residual = 4.08305e-05, No Iterations 1
smoothSolver:  Solving for k, Initial residual = 0.00524321, Final residual = 8.76842e-05, No Iterations 1
ExecutionTime = 28.8352 s  ClockTime = 29 s

Time = 541s

smoothSolver:  Solving for Ux, Initial residual = 0.000540077, Final residual = 1.22907e-05, No Iterations 2
smoothSolver:  Solving for Uy, Initial residual = 0.761727, Final residual = 0.0564039, No Iterations 2
Pressure gradient source: uncorrected Ubar = 9.99989, pressure gradient = 20.957
GAMG:  Solving for p, Initial residual = 0.768884, Final residual = 0.00767963, No Iterations 62
time step continuity errors : sum local = 0.000327114, global = -5.38234e-16, cumulative = -1.11158e-14
Pressure gradient source: uncorrected Ubar = 9.99997, pressure gradient = 20.5708
smoothSolver:  Solving for omega, Initial residual = 0.00105379, Final residual = 3.03954e-05, No Iterations 1
smoothSolver:  Solving for k, Initial residual = 0.00306772, Final residual = 3.97749e-05, No Iterations 1
ExecutionTime = 28.8807 s  ClockTime = 29 s

Time = 542s

smoothSolver:  Solving for Ux, Initial residual = 0.000393937, Final residual = 1.13063e-05, No Iterations 2
smoothSolver:  Solving for Uy, Initial residual = 0.684102, Final residual = 0.0472183, No Iterations 2
Pressure gradient source: uncorrected Ubar = 10.0004, pressure gradient = 18.5744
GAMG:  Solving for p, Initial residual = 0.272646, Final residual = 0.00260415, No Iterations 66
time step continuity errors : sum local = 0.000286878, global = -1.18817e-16, cumulative = -1.12346e-14
Pressure gradient source: uncorrected Ubar = 10.0001, pressure gradient = 19.8868
smoothSolver:  Solving for omega, Initial residual = 0.000514926, Final residual = 1.60898e-05, No Iterations 1
smoothSolver:  Solving for k, Initial residual = 0.00351584, Final residual = 5.74226e-05, No Iterations 1
ExecutionTime = 28.9269 s  ClockTime = 29 s

Time = 543s

smoothSolver:  Solving for Ux, Initial residual = 0.000389401, Final residual = 1.18457e-05, No Iterations 2
smoothSolver:  Solving for Uy, Initial residual = 0.679933, Final residual = 0.0475241, No Iterations 2
Pressure gradient source: uncorrected Ubar = 10.0001, pressure gradient = 19.554
GAMG:  Solving for p, Initial residual = 0.7535, Final residual = 0.00735215, No Iterations 66
time step continuity errors : sum local = 0.000255961, global = -1.39216e-16, cumulative = -1.13739e-14
Pressure gradient source: uncorrected Ubar = 10, pressure gradient = 19.8081
smoothSolver:  Solving for omega, Initial residual = 0.000953, Final residual = 1.72161e-05, No Iterations 1
smoothSolver:  Solving for k, Initial residual = 0.00509675, Final residual = 6.0881e-05, No Iterations 1
ExecutionTime = 28.9716 s  ClockTime = 29 s

Time = 544s

smoothSolver:  Solving for Ux, Initial residual = 0.000570076, Final residual = 1.52555e-05, No Iterations 2
smoothSolver:  Solving for Uy, Initial residual = 0.668917, Final residual = 0.0469565, No Iterations 2
Pressure gradient source: uncorrected Ubar = 9.99965, pressure gradient = 21.5908
GAMG:  Solving for p, Initial residual = 0.273134, Final residual = 0.00253589, No Iterations 74
time step continuity errors : sum local = 0.000309804, global = -2.74587e-16, cumulative = -1.16484e-14
Pressure gradient source: uncorrected Ubar = 9.99988, pressure gradient = 20.3965
smoothSolver:  Solving for omega, Initial residual = 0.0015057, Final residual = 4.07795e-05, No Iterations 1
smoothSolver:  Solving for k, Initial residual = 0.00523992, Final residual = 8.74569e-05, No Iterations 1
ExecutionTime = 29.0173 s  ClockTime = 29 s

Time = 545s

smoothSolver:  Solving for Ux, Initial residual = 0.000540132, Final residual = 1.22992e-05, No Iterations 2
smoothSolver:  Solving for Uy, Initial residual = 0.76194, Final residual = 0.0564203, No Iterations 2
Pressure gradient source: uncorrected Ubar = 9.99989, pressure gradient = 20.9573
GAMG:  Solving for p, Initial residual = 0.768683, Final residual = 0.00768669, No Iterations 62
time step continuity errors : sum local = 0.000327507, global = 3.33884e-17, cumulative = -1.16151e-14
Pressure gradient source: uncorrected Ubar = 9.99997, pressure gradient = 20.5715
smoothSolver:  Solving for omega, Initial residual = 0.00105322, Final residual = 3.03433e-05, No Iterations 1
smoothSolver:  Solving for k, Initial residual = 0.00306499, Final residual = 3.95543e-05, No Iterations 1
ExecutionTime = 29.0676 s  ClockTime = 29 s

Time = 546s

smoothSolver:  Solving for Ux, Initial residual = 0.000393947, Final residual = 1.13122e-05, No Iterations 2
smoothSolver:  Solving for Uy, Initial residual = 0.684343, Final residual = 0.0472353, No Iterations 2
Pressure gradient source: uncorrected Ubar = 10.0004, pressure gradient = 18.5749
GAMG:  Solving for p, Initial residual = 0.27264, Final residual = 0.00260482, No Iterations 66
time step continuity errors : sum local = 0.000286961, global = 4.10711e-16, cumulative = -1.12043e-14
Pressure gradient source: uncorrected Ubar = 10.0001, pressure gradient = 19.8874
smoothSolver:  Solving for omega, Initial residual = 0.00051443, Final residual = 1.604e-05, No Iterations 1
smoothSolver:  Solving for k, Initial residual = 0.00351298, Final residual = 5.7201e-05, No Iterations 1
ExecutionTime = 29.1276 s  ClockTime = 29 s

Time = 547s

smoothSolver:  Solving for Ux, Initial residual = 0.000389184, Final residual = 1.18328e-05, No Iterations 2
smoothSolver:  Solving for Uy, Initial residual = 0.680293, Final residual = 0.0475514, No Iterations 2
Pressure gradient source: uncorrected Ubar = 10.0001, pressure gradient = 19.5549
GAMG:  Solving for p, Initial residual = 0.753856, Final residual = 0.00735045, No Iterations 66
time step continuity errors : sum local = 0.000255777, global = 6.43587e-16, cumulative = -1.05608e-14
Pressure gradient source: uncorrected Ubar = 10, pressure gradient = 19.8088
smoothSolver:  Solving for omega, Initial residual = 0.000952481, Final residual = 1.71689e-05, No Iterations 1
smoothSolver:  Solving for k, Initial residual = 0.0050936, Final residual = 6.0669e-05, No Iterations 1
ExecutionTime = 29.1694 s  ClockTime = 29 s

Time = 548s

smoothSolver:  Solving for Ux, Initial residual = 0.000569828, Final residual = 1.52397e-05, No Iterations 2
smoothSolver:  Solving for Uy, Initial residual = 0.668993, Final residual = 0.0469629, No Iterations 2
Pressure gradient source: uncorrected Ubar = 9.99965, pressure gradient = 21.5917
GAMG:  Solving for p, Initial residual = 0.273115, Final residual = 0.00253593, No Iterations 74
time step continuity errors : sum local = 0.000309833, global = -2.12706e-16, cumulative = -1.07735e-14
Pressure gradient source: uncorrected Ubar = 9.99988, pressure gradient = 20.3972
smoothSolver:  Solving for omega, Initial residual = 0.00150513, Final residual = 4.07311e-05, No Iterations 1
smoothSolver:  Solving for k, Initial residual = 0.0052368, Final residual = 8.72418e-05, No Iterations 1
ExecutionTime = 29.2224 s  ClockTime = 29 s

Time = 549s

smoothSolver:  Solving for Ux, Initial residual = 0.000540183, Final residual = 1.23073e-05, No Iterations 2
smoothSolver:  Solving for Uy, Initial residual = 0.762164, Final residual = 0.0564371, No Iterations 2
Pressure gradient source: uncorrected Ubar = 9.99989, pressure gradient = 20.9576
GAMG:  Solving for p, Initial residual = 0.76846, Final residual = 0.00767646, No Iterations 62
time step continuity errors : sum local = 0.000327172, global = 1.54579e-17, cumulative = -1.0758e-14
Pressure gradient source: uncorrected Ubar = 9.99997, pressure gradient = 20.5721
smoothSolver:  Solving for omega, Initial residual = 0.00105268, Final residual = 3.02938e-05, No Iterations 1
smoothSolver:  Solving for k, Initial residual = 0.0030624, Final residual = 3.93459e-05, No Iterations 1
ExecutionTime = 29.2687 s  ClockTime = 29 s

Time = 550s

smoothSolver:  Solving for Ux, Initial residual = 0.00039396, Final residual = 1.13181e-05, No Iterations 2
smoothSolver:  Solving for Uy, Initial residual = 0.684582, Final residual = 0.0472521, No Iterations 2
Pressure gradient source: uncorrected Ubar = 10.0004, pressure gradient = 18.5753
GAMG:  Solving for p, Initial residual = 0.272632, Final residual = 0.00260567, No Iterations 66
time step continuity errors : sum local = 0.000287077, global = -8.49842e-18, cumulative = -1.07665e-14
Pressure gradient source: uncorrected Ubar = 10.0001, pressure gradient = 19.8879
smoothSolver:  Solving for omega, Initial residual = 0.000513959, Final residual = 1.59928e-05, No Iterations 1
smoothSolver:  Solving for k, Initial residual = 0.00351027, Final residual = 5.69914e-05, No Iterations 1
ExecutionTime = 29.3205 s  ClockTime = 29 s

Time = 551s

smoothSolver:  Solving for Ux, Initial residual = 0.000388979, Final residual = 1.18206e-05, No Iterations 2
smoothSolver:  Solving for Uy, Initial residual = 0.680632, Final residual = 0.0475776, No Iterations 2
Pressure gradient source: uncorrected Ubar = 10.0001, pressure gradient = 19.5557
GAMG:  Solving for p, Initial residual = 0.754015, Final residual = 0.00735151, No Iterations 66
time step continuity errors : sum local = 0.000255763, global = 3.26123e-16, cumulative = -1.04404e-14
Pressure gradient source: uncorrected Ubar = 10, pressure gradient = 19.8094
smoothSolver:  Solving for omega, Initial residual = 0.000951986, Final residual = 1.71241e-05, No Iterations 1
smoothSolver:  Solving for k, Initial residual = 0.0050906, Final residual = 6.04686e-05, No Iterations 1
ExecutionTime = 29.369 s  ClockTime = 29 s

Time = 552s

smoothSolver:  Solving for Ux, Initial residual = 0.000569593, Final residual = 1.5225e-05, No Iterations 2
smoothSolver:  Solving for Uy, Initial residual = 0.66905, Final residual = 0.0469678, No Iterations 2
Pressure gradient source: uncorrected Ubar = 9.99965, pressure gradient = 21.5926
GAMG:  Solving for p, Initial residual = 0.273099, Final residual = 0.00253575, No Iterations 74
time step continuity errors : sum local = 0.000309837, global = -2.83656e-16, cumulative = -1.0724e-14
Pressure gradient source: uncorrected Ubar = 9.99988, pressure gradient = 20.398
smoothSolver:  Solving for omega, Initial residual = 0.00150459, Final residual = 4.0685e-05, No Iterations 1
smoothSolver:  Solving for k, Initial residual = 0.00523384, Final residual = 8.70384e-05, No Iterations 1
ExecutionTime = 29.4202 s  ClockTime = 29 s

Time = 553s

smoothSolver:  Solving for Ux, Initial residual = 0.000540232, Final residual = 1.23152e-05, No Iterations 2
smoothSolver:  Solving for Uy, Initial residual = 0.762368, Final residual = 0.0564528, No Iterations 2
Pressure gradient source: uncorrected Ubar = 9.99989, pressure gradient = 20.958
GAMG:  Solving for p, Initial residual = 0.768366, Final residual = 0.00767451, No Iterations 62
time step continuity errors : sum local = 0.000327132, global = -2.50646e-16, cumulative = -1.09747e-14
Pressure gradient source: uncorrected Ubar = 9.99997, pressure gradient = 20.5726
smoothSolver:  Solving for omega, Initial residual = 0.00105216, Final residual = 3.02467e-05, No Iterations 1
smoothSolver:  Solving for k, Initial residual = 0.00305994, Final residual = 3.91491e-05, No Iterations 1
ExecutionTime = 29.4634 s  ClockTime = 30 s

Time = 554s

smoothSolver:  Solving for Ux, Initial residual = 0.000393972, Final residual = 1.13237e-05, No Iterations 2
smoothSolver:  Solving for Uy, Initial residual = 0.684852, Final residual = 0.0472718, No Iterations 2
Pressure gradient source: uncorrected Ubar = 10.0004, pressure gradient = 18.5757
GAMG:  Solving for p, Initial residual = 0.272635, Final residual = 0.00260329, No Iterations 66
time step continuity errors : sum local = 0.000286801, global = 7.8033e-17, cumulative = -1.08967e-14
Pressure gradient source: uncorrected Ubar = 10.0001, pressure gradient = 19.8885
smoothSolver:  Solving for omega, Initial residual = 0.000513511, Final residual = 1.59478e-05, No Iterations 1
smoothSolver:  Solving for k, Initial residual = 0.0035077, Final residual = 5.67934e-05, No Iterations 1
ExecutionTime = 29.5084 s  ClockTime = 30 s

Time = 555s

smoothSolver:  Solving for Ux, Initial residual = 0.000388787, Final residual = 1.18094e-05, No Iterations 2
smoothSolver:  Solving for Uy, Initial residual = 0.680904, Final residual = 0.0475987, No Iterations 2
Pressure gradient source: uncorrected Ubar = 10.0001, pressure gradient = 19.5565
GAMG:  Solving for p, Initial residual = 0.754577, Final residual = 0.00736141, No Iterations 66
time step continuity errors : sum local = 0.000255922, global = -1.73515e-16, cumulative = -1.10702e-14
Pressure gradient source: uncorrected Ubar = 10, pressure gradient = 19.81
smoothSolver:  Solving for omega, Initial residual = 0.000951516, Final residual = 1.70814e-05, No Iterations 1
smoothSolver:  Solving for k, Initial residual = 0.00508776, Final residual = 6.02791e-05, No Iterations 1
ExecutionTime = 29.5511 s  ClockTime = 30 s

Time = 556s

smoothSolver:  Solving for Ux, Initial residual = 0.000569368, Final residual = 1.52111e-05, No Iterations 2
smoothSolver:  Solving for Uy, Initial residual = 0.669074, Final residual = 0.0469704, No Iterations 2
Pressure gradient source: uncorrected Ubar = 9.99965, pressure gradient = 21.5934
GAMG:  Solving for p, Initial residual = 0.273094, Final residual = 0.00253564, No Iterations 74
time step continuity errors : sum local = 0.000309831, global = -8.79432e-17, cumulative = -1.11581e-14
Pressure gradient source: uncorrected Ubar = 9.99988, pressure gradient = 20.3987
smoothSolver:  Solving for omega, Initial residual = 0.00150407, Final residual = 4.06412e-05, No Iterations 1
smoothSolver:  Solving for k, Initial residual = 0.00523104, Final residual = 8.68461e-05, No Iterations 1
ExecutionTime = 29.6002 s  ClockTime = 30 s

Time = 557s

smoothSolver:  Solving for Ux, Initial residual = 0.00054028, Final residual = 1.23229e-05, No Iterations 2
smoothSolver:  Solving for Uy, Initial residual = 0.762576, Final residual = 0.0564687, No Iterations 2
Pressure gradient source: uncorrected Ubar = 9.99989, pressure gradient = 20.9582
GAMG:  Solving for p, Initial residual = 0.768005, Final residual = 0.00767218, No Iterations 62
time step continuity errors : sum local = 0.000327193, global = -7.81434e-17, cumulative = -1.12363e-14
Pressure gradient source: uncorrected Ubar = 9.99997, pressure gradient = 20.5732
smoothSolver:  Solving for omega, Initial residual = 0.00105167, Final residual = 3.0202e-05, No Iterations 1
smoothSolver:  Solving for k, Initial residual = 0.00305761, Final residual = 3.8963e-05, No Iterations 1
ExecutionTime = 29.644 s  ClockTime = 30 s

Time = 558s

smoothSolver:  Solving for Ux, Initial residual = 0.000393984, Final residual = 1.13292e-05, No Iterations 2
smoothSolver:  Solving for Uy, Initial residual = 0.685119, Final residual = 0.0472907, No Iterations 2
Pressure gradient source: uncorrected Ubar = 10.0004, pressure gradient = 18.5761
GAMG:  Solving for p, Initial residual = 0.272613, Final residual = 0.00260399, No Iterations 66
time step continuity errors : sum local = 0.000286877, global = -9.9531e-17, cumulative = -1.13358e-14
Pressure gradient source: uncorrected Ubar = 10.0001, pressure gradient = 19.8889
smoothSolver:  Solving for omega, Initial residual = 0.000513085, Final residual = 1.5905e-05, No Iterations 1
smoothSolver:  Solving for k, Initial residual = 0.00350527, Final residual = 5.66062e-05, No Iterations 1
ExecutionTime = 29.6963 s  ClockTime = 30 s

Time = 559s

smoothSolver:  Solving for Ux, Initial residual = 0.000388605, Final residual = 1.17987e-05, No Iterations 2
smoothSolver:  Solving for Uy, Initial residual = 0.681168, Final residual = 0.0476186, No Iterations 2
Pressure gradient source: uncorrected Ubar = 10.0001, pressure gradient = 19.5572
GAMG:  Solving for p, Initial residual = 0.754973, Final residual = 0.0073663, No Iterations 66
time step continuity errors : sum local = 0.000255959, global = 1.41226e-16, cumulative = -1.11946e-14
Pressure gradient source: uncorrected Ubar = 10, pressure gradient = 19.8106
smoothSolver:  Solving for omega, Initial residual = 0.00095107, Final residual = 1.70409e-05, No Iterations 1
smoothSolver:  Solving for k, Initial residual = 0.00508507, Final residual = 6.01e-05, No Iterations 1
ExecutionTime = 29.7418 s  ClockTime = 30 s

Time = 560s

smoothSolver:  Solving for Ux, Initial residual = 0.000569157, Final residual = 1.51981e-05, No Iterations 2
smoothSolver:  Solving for Uy, Initial residual = 0.669071, Final residual = 0.0469709, No Iterations 2
Pressure gradient source: uncorrected Ubar = 9.99965, pressure gradient = 21.5942
GAMG:  Solving for p, Initial residual = 0.273072, Final residual = 0.00253556, No Iterations 74
time step continuity errors : sum local = 0.00030985, global = 7.27874e-16, cumulative = -1.04667e-14
Pressure gradient source: uncorrected Ubar = 9.99988, pressure gradient = 20.3993
smoothSolver:  Solving for omega, Initial residual = 0.00150358, Final residual = 4.05996e-05, No Iterations 1
smoothSolver:  Solving for k, Initial residual = 0.00522839, Final residual = 8.66654e-05, No Iterations 1
ExecutionTime = 29.8017 s  ClockTime = 30 s

Time = 561s

smoothSolver:  Solving for Ux, Initial residual = 0.000540324, Final residual = 1.23302e-05, No Iterations 2
smoothSolver:  Solving for Uy, Initial residual = 0.762772, Final residual = 0.0564837, No Iterations 2
Pressure gradient source: uncorrected Ubar = 9.99989, pressure gradient = 20.9585
GAMG:  Solving for p, Initial residual = 0.767815, Final residual = 0.00766853, No Iterations 62
time step continuity errors : sum local = 0.000327118, global = -3.67728e-17, cumulative = -1.05035e-14
Pressure gradient source: uncorrected Ubar = 9.99997, pressure gradient = 20.5737
smoothSolver:  Solving for omega, Initial residual = 0.0010512, Final residual = 3.01594e-05, No Iterations 1
smoothSolver:  Solving for k, Initial residual = 0.00305541, Final residual = 3.87872e-05, No Iterations 1
ExecutionTime = 29.8461 s  ClockTime = 30 s

Time = 562s

smoothSolver:  Solving for Ux, Initial residual = 0.000393997, Final residual = 1.13345e-05, No Iterations 2
smoothSolver:  Solving for Uy, Initial residual = 0.685388, Final residual = 0.0473102, No Iterations 2
Pressure gradient source: uncorrected Ubar = 10.0004, pressure gradient = 18.5765
GAMG:  Solving for p, Initial residual = 0.272599, Final residual = 0.00260432, No Iterations 66
time step continuity errors : sum local = 0.00028697, global = -1.85936e-16, cumulative = -1.06894e-14
Pressure gradient source: uncorrected Ubar = 10.0001, pressure gradient = 19.8894
smoothSolver:  Solving for omega, Initial residual = 0.00051268, Final residual = 1.58644e-05, No Iterations 1
smoothSolver:  Solving for k, Initial residual = 0.00350297, Final residual = 5.64293e-05, No Iterations 1
ExecutionTime = 29.8909 s  ClockTime = 30 s

Time = 563s

smoothSolver:  Solving for Ux, Initial residual = 0.000388434, Final residual = 1.17887e-05, No Iterations 2
smoothSolver:  Solving for Uy, Initial residual = 0.681381, Final residual = 0.0476352, No Iterations 2
Pressure gradient source: uncorrected Ubar = 10.0001, pressure gradient = 19.5579
GAMG:  Solving for p, Initial residual = 0.755137, Final residual = 0.00737096, No Iterations 66
time step continuity errors : sum local = 0.000256072, global = -7.68751e-17, cumulative = -1.07663e-14
Pressure gradient source: uncorrected Ubar = 10, pressure gradient = 19.8112
smoothSolver:  Solving for omega, Initial residual = 0.000950645, Final residual = 1.70024e-05, No Iterations 1
smoothSolver:  Solving for k, Initial residual = 0.00508252, Final residual = 5.99308e-05, No Iterations 1
ExecutionTime = 29.9315 s  ClockTime = 30 s

Time = 564s

smoothSolver:  Solving for Ux, Initial residual = 0.000568956, Final residual = 1.51856e-05, No Iterations 2
smoothSolver:  Solving for Uy, Initial residual = 0.669056, Final residual = 0.0469704, No Iterations 2
Pressure gradient source: uncorrected Ubar = 9.99965, pressure gradient = 21.595
GAMG:  Solving for p, Initial residual = 0.273063, Final residual = 0.00253574, No Iterations 74
time step continuity errors : sum local = 0.000309888, global = 2.68912e-16, cumulative = -1.04974e-14
Pressure gradient source: uncorrected Ubar = 9.99988, pressure gradient = 20.3999
smoothSolver:  Solving for omega, Initial residual = 0.00150312, Final residual = 4.05601e-05, No Iterations 1
smoothSolver:  Solving for k, Initial residual = 0.0052259, Final residual = 8.64953e-05, No Iterations 1
ExecutionTime = 29.98 s  ClockTime = 30 s

Time = 565s

smoothSolver:  Solving for Ux, Initial residual = 0.000540368, Final residual = 1.23373e-05, No Iterations 2
smoothSolver:  Solving for Uy, Initial residual = 0.762958, Final residual = 0.0564979, No Iterations 2
Pressure gradient source: uncorrected Ubar = 9.99989, pressure gradient = 20.9588
GAMG:  Solving for p, Initial residual = 0.767693, Final residual = 0.00766972, No Iterations 62
time step continuity errors : sum local = 0.000327239, global = 1.06978e-16, cumulative = -1.03904e-14
Pressure gradient source: uncorrected Ubar = 9.99997, pressure gradient = 20.5742
smoothSolver:  Solving for omega, Initial residual = 0.00105076, Final residual = 3.0119e-05, No Iterations 1
smoothSolver:  Solving for k, Initial residual = 0.00305332, Final residual = 3.86213e-05, No Iterations 1
ExecutionTime = 30.0303 s  ClockTime = 30 s

Time = 566s

smoothSolver:  Solving for Ux, Initial residual = 0.00039401, Final residual = 1.13395e-05, No Iterations 2
smoothSolver:  Solving for Uy, Initial residual = 0.685629, Final residual = 0.0473277, No Iterations 2
Pressure gradient source: uncorrected Ubar = 10.0004, pressure gradient = 18.5768
GAMG:  Solving for p, Initial residual = 0.272602, Final residual = 0.00260586, No Iterations 66
time step continuity errors : sum local = 0.000287147, global = 4.31053e-16, cumulative = -9.95933e-15
Pressure gradient source: uncorrected Ubar = 10.0001, pressure gradient = 19.8899
smoothSolver:  Solving for omega, Initial residual = 0.000512294, Final residual = 1.58257e-05, No Iterations 1
smoothSolver:  Solving for k, Initial residual = 0.00350079, Final residual = 5.62621e-05, No Iterations 1
ExecutionTime = 30.0731 s  ClockTime = 30 s

Time = 567s

smoothSolver:  Solving for Ux, Initial residual = 0.000388272, Final residual = 1.17793e-05, No Iterations 2
smoothSolver:  Solving for Uy, Initial residual = 0.681594, Final residual = 0.0476507, No Iterations 2
Pressure gradient source: uncorrected Ubar = 10.0001, pressure gradient = 19.5586
GAMG:  Solving for p, Initial residual = 0.755498, Final residual = 0.00736805, No Iterations 66
time step continuity errors : sum local = 0.000255846, global = 4.07665e-16, cumulative = -9.55166e-15
Pressure gradient source: uncorrected Ubar = 10, pressure gradient = 19.8117
smoothSolver:  Solving for omega, Initial residual = 0.000950241, Final residual = 1.69658e-05, No Iterations 1
smoothSolver:  Solving for k, Initial residual = 0.0050801, Final residual = 5.97711e-05, No Iterations 1
ExecutionTime = 30.1186 s  ClockTime = 30 s

Time = 568s

smoothSolver:  Solving for Ux, Initial residual = 0.000568766, Final residual = 1.51739e-05, No Iterations 2
smoothSolver:  Solving for Uy, Initial residual = 0.669019, Final residual = 0.0469687, No Iterations 2
Pressure gradient source: uncorrected Ubar = 9.99965, pressure gradient = 21.5958
GAMG:  Solving for p, Initial residual = 0.273048, Final residual = 0.00253615, No Iterations 74
time step continuity errors : sum local = 0.000309958, global = 2.16642e-16, cumulative = -9.33502e-15
Pressure gradient source: uncorrected Ubar = 9.99988, pressure gradient = 20.4005
smoothSolver:  Solving for omega, Initial residual = 0.00150267, Final residual = 4.05224e-05, No Iterations 1
smoothSolver:  Solving for k, Initial residual = 0.00522354, Final residual = 8.63348e-05, No Iterations 1
ExecutionTime = 30.1668 s  ClockTime = 30 s

Time = 569s

smoothSolver:  Solving for Ux, Initial residual = 0.00054041, Final residual = 1.23441e-05, No Iterations 2
smoothSolver:  Solving for Uy, Initial residual = 0.763183, Final residual = 0.0565149, No Iterations 2
Pressure gradient source: uncorrected Ubar = 9.99989, pressure gradient = 20.959
GAMG:  Solving for p, Initial residual = 0.767457, Final residual = 0.00766577, No Iterations 62
time step continuity errors : sum local = 0.000327167, global = -5.33342e-17, cumulative = -9.38835e-15
Pressure gradient source: uncorrected Ubar = 9.99997, pressure gradient = 20.5747
smoothSolver:  Solving for omega, Initial residual = 0.00105034, Final residual = 3.00805e-05, No Iterations 1
smoothSolver:  Solving for k, Initial residual = 0.00305134, Final residual = 3.84648e-05, No Iterations 1
ExecutionTime = 30.2116 s  ClockTime = 30 s

Time = 570s

smoothSolver:  Solving for Ux, Initial residual = 0.000394025, Final residual = 1.13445e-05, No Iterations 2
smoothSolver:  Solving for Uy, Initial residual = 0.685839, Final residual = 0.0473429, No Iterations 2
Pressure gradient source: uncorrected Ubar = 10.0004, pressure gradient = 18.5771
GAMG:  Solving for p, Initial residual = 0.272589, Final residual = 0.00260641, No Iterations 66
time step continuity errors : sum local = 0.000287224, global = -2.80593e-16, cumulative = -9.66895e-15
Pressure gradient source: uncorrected Ubar = 10.0001, pressure gradient = 19.8903
smoothSolver:  Solving for omega, Initial residual = 0.000511928, Final residual = 1.5789e-05, No Iterations 1
smoothSolver:  Solving for k, Initial residual = 0.00349873, Final residual = 5.61043e-05, No Iterations 1
ExecutionTime = 30.2552 s  ClockTime = 30 s

Time = 571s

smoothSolver:  Solving for Ux, Initial residual = 0.000388118, Final residual = 1.17704e-05, No Iterations 2
smoothSolver:  Solving for Uy, Initial residual = 0.681745, Final residual = 0.0476627, No Iterations 2
Pressure gradient source: uncorrected Ubar = 10.0001, pressure gradient = 19.5593
GAMG:  Solving for p, Initial residual = 0.755634, Final residual = 0.00736891, No Iterations 66
time step continuity errors : sum local = 0.00025583, global = 1.70124e-16, cumulative = -9.49882e-15
Pressure gradient source: uncorrected Ubar = 10, pressure gradient = 19.8122
smoothSolver:  Solving for omega, Initial residual = 0.000949857, Final residual = 1.69311e-05, No Iterations 1
smoothSolver:  Solving for k, Initial residual = 0.00507781, Final residual = 5.96202e-05, No Iterations 1
ExecutionTime = 30.3005 s  ClockTime = 30 s

Time = 572s

smoothSolver:  Solving for Ux, Initial residual = 0.000568585, Final residual = 1.51626e-05, No Iterations 2
smoothSolver:  Solving for Uy, Initial residual = 0.668997, Final residual = 0.0469674, No Iterations 2
Pressure gradient source: uncorrected Ubar = 9.99965, pressure gradient = 21.5965
GAMG:  Solving for p, Initial residual = 0.273036, Final residual = 0.00253589, No Iterations 74
time step continuity errors : sum local = 0.000309945, global = -4.42213e-16, cumulative = -9.94103e-15
Pressure gradient source: uncorrected Ubar = 9.99988, pressure gradient = 20.4011
smoothSolver:  Solving for omega, Initial residual = 0.00150225, Final residual = 4.04867e-05, No Iterations 1
smoothSolver:  Solving for k, Initial residual = 0.00522131, Final residual = 8.61838e-05, No Iterations 1
ExecutionTime = 30.3493 s  ClockTime = 30 s

Time = 573s

smoothSolver:  Solving for Ux, Initial residual = 0.00054045, Final residual = 1.23507e-05, No Iterations 2
smoothSolver:  Solving for Uy, Initial residual = 0.763414, Final residual = 0.056533, No Iterations 2
Pressure gradient source: uncorrected Ubar = 9.99989, pressure gradient = 20.9593
GAMG:  Solving for p, Initial residual = 0.767391, Final residual = 0.00766651, No Iterations 62
time step continuity errors : sum local = 0.000327234, global = -2.90671e-17, cumulative = -9.9701e-15
Pressure gradient source: uncorrected Ubar = 9.99997, pressure gradient = 20.5751
smoothSolver:  Solving for omega, Initial residual = 0.00104993, Final residual = 3.00439e-05, No Iterations 1
smoothSolver:  Solving for k, Initial residual = 0.00304947, Final residual = 3.83172e-05, No Iterations 1
ExecutionTime = 30.3997 s  ClockTime = 30 s

Time = 574s

smoothSolver:  Solving for Ux, Initial residual = 0.000394039, Final residual = 1.13492e-05, No Iterations 2
smoothSolver:  Solving for Uy, Initial residual = 0.686045, Final residual = 0.0473585, No Iterations 2
Pressure gradient source: uncorrected Ubar = 10.0004, pressure gradient = 18.5775
GAMG:  Solving for p, Initial residual = 0.272593, Final residual = 0.00260536, No Iterations 66
time step continuity errors : sum local = 0.00028707, global = -3.0838e-16, cumulative = -1.02785e-14
Pressure gradient source: uncorrected Ubar = 10.0001, pressure gradient = 19.8907
smoothSolver:  Solving for omega, Initial residual = 0.00051158, Final residual = 1.5754e-05, No Iterations 1
smoothSolver:  Solving for k, Initial residual = 0.00349678, Final residual = 5.59553e-05, No Iterations 1
ExecutionTime = 30.4487 s  ClockTime = 31 s

Time = 575s

smoothSolver:  Solving for Ux, Initial residual = 0.000387973, Final residual = 1.17621e-05, No Iterations 2
smoothSolver:  Solving for Uy, Initial residual = 0.681891, Final residual = 0.0476739, No Iterations 2
Pressure gradient source: uncorrected Ubar = 10.0001, pressure gradient = 19.5599
GAMG:  Solving for p, Initial residual = 0.756175, Final residual = 0.0073752, No Iterations 66
time step continuity errors : sum local = 0.000255866, global = -5.59487e-16, cumulative = -1.0838e-14
Pressure gradient source: uncorrected Ubar = 10, pressure gradient = 19.8127
smoothSolver:  Solving for omega, Initial residual = 0.000949492, Final residual = 1.68981e-05, No Iterations 1
smoothSolver:  Solving for k, Initial residual = 0.00507563, Final residual = 5.94778e-05, No Iterations 1
ExecutionTime = 30.4953 s  ClockTime = 31 s

Time = 576s

smoothSolver:  Solving for Ux, Initial residual = 0.000568413, Final residual = 1.51519e-05, No Iterations 2
smoothSolver:  Solving for Uy, Initial residual = 0.668987, Final residual = 0.0469672, No Iterations 2
Pressure gradient source: uncorrected Ubar = 9.99965, pressure gradient = 21.5972
GAMG:  Solving for p, Initial residual = 0.273027, Final residual = 0.00253565, No Iterations 74
time step continuity errors : sum local = 0.000309927, global = -2.04891e-16, cumulative = -1.10429e-14
Pressure gradient source: uncorrected Ubar = 9.99988, pressure gradient = 20.4017
smoothSolver:  Solving for omega, Initial residual = 0.00150185, Final residual = 4.04526e-05, No Iterations 1
smoothSolver:  Solving for k, Initial residual = 0.00521919, Final residual = 8.60421e-05, No Iterations 1
ExecutionTime = 30.5438 s  ClockTime = 31 s

Time = 577s

smoothSolver:  Solving for Ux, Initial residual = 0.00054049, Final residual = 1.23573e-05, No Iterations 2
smoothSolver:  Solving for Uy, Initial residual = 0.763651, Final residual = 0.0565515, No Iterations 2
Pressure gradient source: uncorrected Ubar = 9.99989, pressure gradient = 20.9595
GAMG:  Solving for p, Initial residual = 0.767075, Final residual = 0.00702879, No Iterations 64
time step continuity errors : sum local = 0.000300114, global = 3.02051e-17, cumulative = -1.10127e-14
Pressure gradient source: uncorrected Ubar = 9.99997, pressure gradient = 20.5756
smoothSolver:  Solving for omega, Initial residual = 0.00104955, Final residual = 3.00092e-05, No Iterations 1
smoothSolver:  Solving for k, Initial residual = 0.0030477, Final residual = 3.81778e-05, No Iterations 1
ExecutionTime = 30.5883 s  ClockTime = 31 s

Time = 578s

smoothSolver:  Solving for Ux, Initial residual = 0.000394129, Final residual = 1.13595e-05, No Iterations 2
smoothSolver:  Solving for Uy, Initial residual = 0.685664, Final residual = 0.0473645, No Iterations 2
Pressure gradient source: uncorrected Ubar = 10.0004, pressure gradient = 18.5778
GAMG:  Solving for p, Initial residual = 0.272023, Final residual = 0.00259967, No Iterations 66
time step continuity errors : sum local = 0.000287038, global = 9.21284e-16, cumulative = -1.00914e-14
Pressure gradient source: uncorrected Ubar = 10.0001, pressure gradient = 19.8911
smoothSolver:  Solving for omega, Initial residual = 0.00051125, Final residual = 1.57208e-05, No Iterations 1
smoothSolver:  Solving for k, Initial residual = 0.00349494, Final residual = 5.58147e-05, No Iterations 1
ExecutionTime = 30.6342 s  ClockTime = 31 s

Time = 579s

smoothSolver:  Solving for Ux, Initial residual = 0.000387833, Final residual = 1.1754e-05, No Iterations 2
smoothSolver:  Solving for Uy, Initial residual = 0.6831, Final residual = 0.0477542, No Iterations 2
Pressure gradient source: uncorrected Ubar = 10.0001, pressure gradient = 19.5605
GAMG:  Solving for p, Initial residual = 0.756945, Final residual = 0.00740763, No Iterations 66
time step continuity errors : sum local = 0.000256705, global = 6.0363e-16, cumulative = -9.48774e-15
Pressure gradient source: uncorrected Ubar = 10, pressure gradient = 19.8132
smoothSolver:  Solving for omega, Initial residual = 0.000949145, Final residual = 1.68667e-05, No Iterations 1
smoothSolver:  Solving for k, Initial residual = 0.00507358, Final residual = 5.93435e-05, No Iterations 1
ExecutionTime = 30.6766 s  ClockTime = 31 s

Time = 580s

smoothSolver:  Solving for Ux, Initial residual = 0.000568314, Final residual = 1.51465e-05, No Iterations 2
smoothSolver:  Solving for Uy, Initial residual = 0.66889, Final residual = 0.0469596, No Iterations 2
Pressure gradient source: uncorrected Ubar = 9.99965, pressure gradient = 21.5978
GAMG:  Solving for p, Initial residual = 0.272662, Final residual = 0.00253278, No Iterations 74
time step continuity errors : sum local = 0.000310003, global = 2.18585e-16, cumulative = -9.26916e-15
Pressure gradient source: uncorrected Ubar = 9.99988, pressure gradient = 20.4022
smoothSolver:  Solving for omega, Initial residual = 0.00150147, Final residual = 4.04204e-05, No Iterations 1
smoothSolver:  Solving for k, Initial residual = 0.00521718, Final residual = 8.59087e-05, No Iterations 1
ExecutionTime = 30.725 s  ClockTime = 31 s

Time = 581s

smoothSolver:  Solving for Ux, Initial residual = 0.000540578, Final residual = 1.23673e-05, No Iterations 2
smoothSolver:  Solving for Uy, Initial residual = 0.763913, Final residual = 0.0565555, No Iterations 2
Pressure gradient source: uncorrected Ubar = 9.99989, pressure gradient = 20.9597
GAMG:  Solving for p, Initial residual = 0.769027, Final residual = 0.00705487, No Iterations 64
time step continuity errors : sum local = 0.000300442, global = 2.83344e-17, cumulative = -9.24082e-15
Pressure gradient source: uncorrected Ubar = 9.99997, pressure gradient = 20.576
smoothSolver:  Solving for omega, Initial residual = 0.00104919, Final residual = 2.9976e-05, No Iterations 1
smoothSolver:  Solving for k, Initial residual = 0.00304602, Final residual = 3.8046e-05, No Iterations 1
ExecutionTime = 30.7695 s  ClockTime = 31 s

Time = 582s

smoothSolver:  Solving for Ux, Initial residual = 0.000394143, Final residual = 1.13637e-05, No Iterations 2
smoothSolver:  Solving for Uy, Initial residual = 0.686079, Final residual = 0.0473773, No Iterations 2
Pressure gradient source: uncorrected Ubar = 10.0004, pressure gradient = 18.5781
GAMG:  Solving for p, Initial residual = 0.272021, Final residual = 0.00259923, No Iterations 66
time step continuity errors : sum local = 0.000286973, global = -3.6075e-16, cumulative = -9.60157e-15
Pressure gradient source: uncorrected Ubar = 10.0001, pressure gradient = 19.8915
smoothSolver:  Solving for omega, Initial residual = 0.000510935, Final residual = 1.56892e-05, No Iterations 1
smoothSolver:  Solving for k, Initial residual = 0.00349319, Final residual = 5.56819e-05, No Iterations 1
ExecutionTime = 30.8135 s  ClockTime = 31 s

Time = 583s

smoothSolver:  Solving for Ux, Initial residual = 0.000387723, Final residual = 1.17481e-05, No Iterations 2
smoothSolver:  Solving for Uy, Initial residual = 0.682896, Final residual = 0.0477441, No Iterations 2
Pressure gradient source: uncorrected Ubar = 10.0001, pressure gradient = 19.5611
GAMG:  Solving for p, Initial residual = 0.755412, Final residual = 0.00738849, No Iterations 66
time step continuity errors : sum local = 0.00025657, global = -1.24046e-16, cumulative = -9.72562e-15
Pressure gradient source: uncorrected Ubar = 10, pressure gradient = 19.8136
smoothSolver:  Solving for omega, Initial residual = 0.000948815, Final residual = 1.68369e-05, No Iterations 1
smoothSolver:  Solving for k, Initial residual = 0.00507163, Final residual = 5.92175e-05, No Iterations 1
ExecutionTime = 30.8575 s  ClockTime = 31 s

Time = 584s

smoothSolver:  Solving for Ux, Initial residual = 0.00056813, Final residual = 1.51345e-05, No Iterations 2
smoothSolver:  Solving for Uy, Initial residual = 0.668965, Final residual = 0.0469707, No Iterations 2
Pressure gradient source: uncorrected Ubar = 9.99965, pressure gradient = 21.5985
GAMG:  Solving for p, Initial residual = 0.272809, Final residual = 0.00253407, No Iterations 74
time step continuity errors : sum local = 0.000309995, global = -2.3901e-16, cumulative = -9.96463e-15
Pressure gradient source: uncorrected Ubar = 9.99988, pressure gradient = 20.4027
smoothSolver:  Solving for omega, Initial residual = 0.00150111, Final residual = 4.03896e-05, No Iterations 1
smoothSolver:  Solving for k, Initial residual = 0.00521528, Final residual = 8.57831e-05, No Iterations 1
ExecutionTime = 30.9059 s  ClockTime = 31 s

Time = 585s

smoothSolver:  Solving for Ux, Initial residual = 0.000540608, Final residual = 1.23729e-05, No Iterations 2
smoothSolver:  Solving for Uy, Initial residual = 0.764043, Final residual = 0.0565656, No Iterations 2
Pressure gradient source: uncorrected Ubar = 9.99989, pressure gradient = 20.9599
GAMG:  Solving for p, Initial residual = 0.768816, Final residual = 0.00707317, No Iterations 64
time step continuity errors : sum local = 0.0003013, global = -1.28304e-16, cumulative = -1.00929e-14
Pressure gradient source: uncorrected Ubar = 9.99997, pressure gradient = 20.5764
smoothSolver:  Solving for omega, Initial residual = 0.00104884, Final residual = 2.99445e-05, No Iterations 1
smoothSolver:  Solving for k, Initial residual = 0.00304444, Final residual = 3.79219e-05, No Iterations 1
ExecutionTime = 30.9506 s  ClockTime = 31 s

Time = 586s

smoothSolver:  Solving for Ux, Initial residual = 0.000394146, Final residual = 1.13669e-05, No Iterations 2
smoothSolver:  Solving for Uy, Initial residual = 0.68629, Final residual = 0.0473983, No Iterations 2
Pressure gradient source: uncorrected Ubar = 10.0004, pressure gradient = 18.5783
GAMG:  Solving for p, Initial residual = 0.272101, Final residual = 0.0026005, No Iterations 66
time step continuity errors : sum local = 0.000287064, global = -1.99306e-16, cumulative = -1.02922e-14
Pressure gradient source: uncorrected Ubar = 10.0001, pressure gradient = 19.8918
smoothSolver:  Solving for omega, Initial residual = 0.000510635, Final residual = 1.56591e-05, No Iterations 1
smoothSolver:  Solving for k, Initial residual = 0.00349154, Final residual = 5.55566e-05, No Iterations 1
ExecutionTime = 30.9951 s  ClockTime = 31 s

Time = 587s

smoothSolver:  Solving for Ux, Initial residual = 0.000387588, Final residual = 1.17401e-05, No Iterations 2
smoothSolver:  Solving for Uy, Initial residual = 0.682899, Final residual = 0.0477453, No Iterations 2
Pressure gradient source: uncorrected Ubar = 10.0001, pressure gradient = 19.5616
GAMG:  Solving for p, Initial residual = 0.756386, Final residual = 0.00738331, No Iterations 66
time step continuity errors : sum local = 0.00025605, global = -3.32587e-16, cumulative = -1.06248e-14
Pressure gradient source: uncorrected Ubar = 10, pressure gradient = 19.814
smoothSolver:  Solving for omega, Initial residual = 0.000948501, Final residual = 1.68085e-05, No Iterations 1
smoothSolver:  Solving for k, Initial residual = 0.00506979, Final residual = 5.90992e-05, No Iterations 1
ExecutionTime = 31.0391 s  ClockTime = 31 s

Time = 588s

smoothSolver:  Solving for Ux, Initial residual = 0.000567992, Final residual = 1.51259e-05, No Iterations 2
smoothSolver:  Solving for Uy, Initial residual = 0.668975, Final residual = 0.0469724, No Iterations 2
Pressure gradient source: uncorrected Ubar = 9.99965, pressure gradient = 21.5991
GAMG:  Solving for p, Initial residual = 0.272768, Final residual = 0.00253398, No Iterations 74
time step continuity errors : sum local = 0.000310031, global = -2.20094e-17, cumulative = -1.06468e-14
Pressure gradient source: uncorrected Ubar = 9.99988, pressure gradient = 20.4032
smoothSolver:  Solving for omega, Initial residual = 0.00150076, Final residual = 4.03604e-05, No Iterations 1
smoothSolver:  Solving for k, Initial residual = 0.00521348, Final residual = 8.56646e-05, No Iterations 1
ExecutionTime = 31.0872 s  ClockTime = 31 s

Time = 589s

smoothSolver:  Solving for Ux, Initial residual = 0.000540642, Final residual = 1.23786e-05, No Iterations 2
smoothSolver:  Solving for Uy, Initial residual = 0.76431, Final residual = 0.0565876, No Iterations 2
Pressure gradient source: uncorrected Ubar = 9.99989, pressure gradient = 20.9601
GAMG:  Solving for p, Initial residual = 0.768401, Final residual = 0.00703769, No Iterations 64
time step continuity errors : sum local = 0.00029997, global = -2.3134e-16, cumulative = -1.08782e-14
Pressure gradient source: uncorrected Ubar = 9.99997, pressure gradient = 20.5768
smoothSolver:  Solving for omega, Initial residual = 0.00104851, Final residual = 2.99146e-05, No Iterations 1
smoothSolver:  Solving for k, Initial residual = 0.00304294, Final residual = 3.78048e-05, No Iterations 1
ExecutionTime = 31.1273 s  ClockTime = 31 s

Time = 590s

smoothSolver:  Solving for Ux, Initial residual = 0.000394174, Final residual = 1.13716e-05, No Iterations 2
smoothSolver:  Solving for Uy, Initial residual = 0.686367, Final residual = 0.0474039, No Iterations 2
Pressure gradient source: uncorrected Ubar = 10.0004, pressure gradient = 18.5786
GAMG:  Solving for p, Initial residual = 0.272062, Final residual = 0.00260173, No Iterations 66
time step continuity errors : sum local = 0.000287243, global = 2.48206e-16, cumulative = -1.063e-14
Pressure gradient source: uncorrected Ubar = 10.0001, pressure gradient = 19.8922
smoothSolver:  Solving for omega, Initial residual = 0.00051035, Final residual = 1.56305e-05, No Iterations 1
smoothSolver:  Solving for k, Initial residual = 0.00348997, Final residual = 5.54385e-05, No Iterations 1
ExecutionTime = 31.1686 s  ClockTime = 31 s

Time = 591s

smoothSolver:  Solving for Ux, Initial residual = 0.000387475, Final residual = 1.17335e-05, No Iterations 2
smoothSolver:  Solving for Uy, Initial residual = 0.68309, Final residual = 0.0477594, No Iterations 2
Pressure gradient source: uncorrected Ubar = 10.0001, pressure gradient = 19.5622
GAMG:  Solving for p, Initial residual = 0.756585, Final residual = 0.00740459, No Iterations 66
time step continuity errors : sum local = 0.000256736, global = 1.28035e-16, cumulative = -1.05019e-14
Pressure gradient source: uncorrected Ubar = 10, pressure gradient = 19.8145
smoothSolver:  Solving for omega, Initial residual = 0.000948203, Final residual = 1.67816e-05, No Iterations 1
smoothSolver:  Solving for k, Initial residual = 0.00506804, Final residual = 5.89875e-05, No Iterations 1
ExecutionTime = 31.2169 s  ClockTime = 31 s

Time = 592s

smoothSolver:  Solving for Ux, Initial residual = 0.000567855, Final residual = 1.51171e-05, No Iterations 2
smoothSolver:  Solving for Uy, Initial residual = 0.668989, Final residual = 0.0469716, No Iterations 2
Pressure gradient source: uncorrected Ubar = 9.99965, pressure gradient = 21.5996
GAMG:  Solving for p, Initial residual = 0.272762, Final residual = 0.00253428, No Iterations 74
time step continuity errors : sum local = 0.000310081, global = -1.56574e-16, cumulative = -1.06585e-14
Pressure gradient source: uncorrected Ubar = 9.99988, pressure gradient = 20.4037
smoothSolver:  Solving for omega, Initial residual = 0.00150043, Final residual = 4.03325e-05, No Iterations 1
smoothSolver:  Solving for k, Initial residual = 0.00521177, Final residual = 8.5553e-05, No Iterations 1
ExecutionTime = 31.2707 s  ClockTime = 31 s

Time = 593s

smoothSolver:  Solving for Ux, Initial residual = 0.000540683, Final residual = 1.23847e-05, No Iterations 2
smoothSolver:  Solving for Uy, Initial residual = 0.764499, Final residual = 0.0566019, No Iterations 2
Pressure gradient source: uncorrected Ubar = 9.99989, pressure gradient = 20.9603
GAMG:  Solving for p, Initial residual = 0.768379, Final residual = 0.00707229, No Iterations 64
time step continuity errors : sum local = 0.000301441, global = -3.54521e-16, cumulative = -1.1013e-14
Pressure gradient source: uncorrected Ubar = 9.99997, pressure gradient = 20.5772
smoothSolver:  Solving for omega, Initial residual = 0.0010482, Final residual = 2.98861e-05, No Iterations 1
smoothSolver:  Solving for k, Initial residual = 0.00304153, Final residual = 3.76945e-05, No Iterations 1
ExecutionTime = 31.3198 s  ClockTime = 31 s

Time = 594s

smoothSolver:  Solving for Ux, Initial residual = 0.000394189, Final residual = 1.13752e-05, No Iterations 2
smoothSolver:  Solving for Uy, Initial residual = 0.686521, Final residual = 0.0474151, No Iterations 2
Pressure gradient source: uncorrected Ubar = 10.0004, pressure gradient = 18.5789
GAMG:  Solving for p, Initial residual = 0.272054, Final residual = 0.00260095, No Iterations 66
time step continuity errors : sum local = 0.000287158, global = -1.1366e-16, cumulative = -1.11267e-14
Pressure gradient source: uncorrected Ubar = 10.0001, pressure gradient = 19.8925
smoothSolver:  Solving for omega, Initial residual = 0.000510079, Final residual = 1.56033e-05, No Iterations 1
smoothSolver:  Solving for k, Initial residual = 0.0034885, Final residual = 5.53272e-05, No Iterations 1
ExecutionTime = 31.3678 s  ClockTime = 31 s

Time = 595s

smoothSolver:  Solving for Ux, Initial residual = 0.000387363, Final residual = 1.17271e-05, No Iterations 2
smoothSolver:  Solving for Uy, Initial residual = 0.683139, Final residual = 0.047764, No Iterations 2
Pressure gradient source: uncorrected Ubar = 10.0001, pressure gradient = 19.5627
GAMG:  Solving for p, Initial residual = 0.756932, Final residual = 0.00739965, No Iterations 66
time step continuity errors : sum local = 0.000256453, global = 1.79309e-16, cumulative = -1.09474e-14
Pressure gradient source: uncorrected Ubar = 10, pressure gradient = 19.8149
smoothSolver:  Solving for omega, Initial residual = 0.000947919, Final residual = 1.67559e-05, No Iterations 1
smoothSolver:  Solving for k, Initial residual = 0.00506639, Final residual = 5.88824e-05, No Iterations 1
ExecutionTime = 31.4157 s  ClockTime = 31 s

Time = 596s

smoothSolver:  Solving for Ux, Initial residual = 0.000567721, Final residual = 1.51086e-05, No Iterations 2
smoothSolver:  Solving for Uy, Initial residual = 0.668995, Final residual = 0.0469728, No Iterations 2
Pressure gradient source: uncorrected Ubar = 9.99965, pressure gradient = 21.6002
GAMG:  Solving for p, Initial residual = 0.272752, Final residual = 0.0025337, No Iterations 74
time step continuity errors : sum local = 0.000310023, global = 7.57931e-18, cumulative = -1.09398e-14
Pressure gradient source: uncorrected Ubar = 9.99988, pressure gradient = 20.4041
smoothSolver:  Solving for omega, Initial residual = 0.00150012, Final residual = 4.03061e-05, No Iterations 1
smoothSolver:  Solving for k, Initial residual = 0.00521016, Final residual = 8.54481e-05, No Iterations 1
ExecutionTime = 31.4776 s  ClockTime = 32 s

Time = 597s

smoothSolver:  Solving for Ux, Initial residual = 0.000540717, Final residual = 1.239e-05, No Iterations 2
smoothSolver:  Solving for Uy, Initial residual = 0.764666, Final residual = 0.0566147, No Iterations 2
Pressure gradient source: uncorrected Ubar = 9.99989, pressure gradient = 20.9605
GAMG:  Solving for p, Initial residual = 0.768184, Final residual = 0.00703846, No Iterations 64
time step continuity errors : sum local = 0.00030009, global = 8.27581e-17, cumulative = -1.0857e-14
Pressure gradient source: uncorrected Ubar = 9.99997, pressure gradient = 20.5775
smoothSolver:  Solving for omega, Initial residual = 0.0010479, Final residual = 2.9859e-05, No Iterations 1
smoothSolver:  Solving for k, Initial residual = 0.00304019, Final residual = 3.7591e-05, No Iterations 1
ExecutionTime = 31.5264 s  ClockTime = 32 s

Time = 598s

smoothSolver:  Solving for Ux, Initial residual = 0.000394213, Final residual = 1.1379e-05, No Iterations 2
smoothSolver:  Solving for Uy, Initial residual = 0.686649, Final residual = 0.0474249, No Iterations 2
Pressure gradient source: uncorrected Ubar = 10.0004, pressure gradient = 18.5791
GAMG:  Solving for p, Initial residual = 0.272061, Final residual = 0.0026019, No Iterations 66
time step continuity errors : sum local = 0.000287272, global = -2.6042e-16, cumulative = -1.11175e-14
Pressure gradient source: uncorrected Ubar = 10.0001, pressure gradient = 19.8928
smoothSolver:  Solving for omega, Initial residual = 0.000509821, Final residual = 1.55774e-05, No Iterations 1
smoothSolver:  Solving for k, Initial residual = 0.00348711, Final residual = 5.52225e-05, No Iterations 1
ExecutionTime = 31.5738 s  ClockTime = 32 s

Time = 599s

smoothSolver:  Solving for Ux, Initial residual = 0.000387257, Final residual = 1.17208e-05, No Iterations 2
smoothSolver:  Solving for Uy, Initial residual = 0.683232, Final residual = 0.0477715, No Iterations 2
Pressure gradient source: uncorrected Ubar = 10.0001, pressure gradient = 19.5632
GAMG:  Solving for p, Initial residual = 0.75703, Final residual = 0.00740631, No Iterations 66
time step continuity errors : sum local = 0.000256649, global = 4.23203e-16, cumulative = -1.06943e-14
Pressure gradient source: uncorrected Ubar = 10, pressure gradient = 19.8152
smoothSolver:  Solving for omega, Initial residual = 0.000947649, Final residual = 1.67316e-05, No Iterations 1
smoothSolver:  Solving for k, Initial residual = 0.00506483, Final residual = 5.87835e-05, No Iterations 1
ExecutionTime = 31.6316 s  ClockTime = 32 s

Time = 600s

smoothSolver:  Solving for Ux, Initial residual = 0.000567595, Final residual = 1.51007e-05, No Iterations 2
smoothSolver:  Solving for Uy, Initial residual = 0.669009, Final residual = 0.0469741, No Iterations 2
Pressure gradient source: uncorrected Ubar = 9.99965, pressure gradient = 21.6007
GAMG:  Solving for p, Initial residual = 0.272753, Final residual = 0.00253467, No Iterations 74
time step continuity errors : sum local = 0.000310145, global = 1.66869e-17, cumulative = -1.06776e-14
Pressure gradient source: uncorrected Ubar = 9.99988, pressure gradient = 20.4046
smoothSolver:  Solving for omega, Initial residual = 0.00149982, Final residual = 4.02809e-05, No Iterations 1
smoothSolver:  Solving for k, Initial residual = 0.00520864, Final residual = 8.53494e-05, No Iterations 1
ExecutionTime = 31.7174 s  ClockTime = 32 s

yPlus yPlus write:
    writing object yPlus
    patch bottomWall y+ : min = 11.108, max = 11.5745, average = 11.1986
    patch topWall y+ : min = 11.11, max = 11.5721, average = 11.1773

wallShearStress wallShearStress write:
    writing object wallShearStress
    min/max(bottomWall) = (-0.303679 -0.000121379 0), (-0.301598 0.000130849 0)
    min/max(topWall) = (-0.303627 -0.000128831 0), (-0.301633 5.77448e-05 0)

Time = 601s

smoothSolver:  Solving for Ux, Initial residual = 0.000540753, Final residual = 1.23953e-05, No Iterations 2
smoothSolver:  Solving for Uy, Initial residual = 0.764831, Final residual = 0.0566277, No Iterations 2
Pressure gradient source: uncorrected Ubar = 9.99989, pressure gradient = 20.9607
GAMG:  Solving for p, Initial residual = 0.768076, Final residual = 0.0070375, No Iterations 64
time step continuity errors : sum local = 0.000300088, global = 5.91775e-16, cumulative = -1.00858e-14
Pressure gradient source: uncorrected Ubar = 9.99997, pressure gradient = 20.5779
smoothSolver:  Solving for omega, Initial residual = 0.00104762, Final residual = 2.98332e-05, No Iterations 1
smoothSolver:  Solving for k, Initial residual = 0.00303893, Final residual = 3.74943e-05, No Iterations 1
ExecutionTime = 31.7678 s  ClockTime = 32 s

Time = 602s

smoothSolver:  Solving for Ux, Initial residual = 0.000394235, Final residual = 1.13825e-05, No Iterations 2
smoothSolver:  Solving for Uy, Initial residual = 0.686781, Final residual = 0.0474352, No Iterations 2
Pressure gradient source: uncorrected Ubar = 10.0004, pressure gradient = 18.5793
GAMG:  Solving for p, Initial residual = 0.272065, Final residual = 0.00260172, No Iterations 66
time step continuity errors : sum local = 0.000287252, global = -1.19336e-16, cumulative = -1.02051e-14
Pressure gradient source: uncorrected Ubar = 10.0001, pressure gradient = 19.8931
smoothSolver:  Solving for omega, Initial residual = 0.000509576, Final residual = 1.55528e-05, No Iterations 1
smoothSolver:  Solving for k, Initial residual = 0.00348579, Final residual = 5.51241e-05, No Iterations 1
ExecutionTime = 31.8171 s  ClockTime = 32 s

Time = 603s

smoothSolver:  Solving for Ux, Initial residual = 0.000387156, Final residual = 1.1715e-05, No Iterations 2
smoothSolver:  Solving for Uy, Initial residual = 0.683301, Final residual = 0.0477772, No Iterations 2
Pressure gradient source: uncorrected Ubar = 10.0001, pressure gradient = 19.5637
GAMG:  Solving for p, Initial residual = 0.757276, Final residual = 0.00740916, No Iterations 66
time step continuity errors : sum local = 0.000256666, global = 2.59331e-16, cumulative = -9.9458e-15
Pressure gradient source: uncorrected Ubar = 10, pressure gradient = 19.8156
smoothSolver:  Solving for omega, Initial residual = 0.000947392, Final residual = 1.67084e-05, No Iterations 1
smoothSolver:  Solving for k, Initial residual = 0.00506336, Final residual = 5.86905e-05, No Iterations 1
ExecutionTime = 31.8666 s  ClockTime = 32 s

Time = 604s

smoothSolver:  Solving for Ux, Initial residual = 0.000567473, Final residual = 1.50931e-05, No Iterations 2
smoothSolver:  Solving for Uy, Initial residual = 0.669, Final residual = 0.0469736, No Iterations 2
Pressure gradient source: uncorrected Ubar = 9.99965, pressure gradient = 21.6013
GAMG:  Solving for p, Initial residual = 0.272741, Final residual = 0.00253403, No Iterations 74
time step continuity errors : sum local = 0.000310083, global = 7.73991e-16, cumulative = -9.17181e-15
Pressure gradient source: uncorrected Ubar = 9.99988, pressure gradient = 20.405
smoothSolver:  Solving for omega, Initial residual = 0.00149954, Final residual = 4.0257e-05, No Iterations 1
smoothSolver:  Solving for k, Initial residual = 0.0052072, Final residual = 8.52567e-05, No Iterations 1
ExecutionTime = 31.9181 s  ClockTime = 32 s

Time = 605s

smoothSolver:  Solving for Ux, Initial residual = 0.000540789, Final residual = 1.24004e-05, No Iterations 2
smoothSolver:  Solving for Uy, Initial residual = 0.76498, Final residual = 0.0566391, No Iterations 2
Pressure gradient source: uncorrected Ubar = 9.99989, pressure gradient = 20.9608
GAMG:  Solving for p, Initial residual = 0.767955, Final residual = 0.00767944, No Iterations 62
time step continuity errors : sum local = 0.000327552, global = -2.28433e-16, cumulative = -9.40025e-15
Pressure gradient source: uncorrected Ubar = 9.99997, pressure gradient = 20.5782
smoothSolver:  Solving for omega, Initial residual = 0.00104735, Final residual = 2.98087e-05, No Iterations 1
smoothSolver:  Solving for k, Initial residual = 0.00303774, Final residual = 3.74036e-05, No Iterations 1
ExecutionTime = 31.9619 s  ClockTime = 32 s

Time = 606s

smoothSolver:  Solving for Ux, Initial residual = 0.000394185, Final residual = 1.13804e-05, No Iterations 2
smoothSolver:  Solving for Uy, Initial residual = 0.687496, Final residual = 0.0474535, No Iterations 2
Pressure gradient source: uncorrected Ubar = 10.0004, pressure gradient = 18.5796
GAMG:  Solving for p, Initial residual = 0.272605, Final residual = 0.00260831, No Iterations 66
time step continuity errors : sum local = 0.000287445, global = 9.81415e-17, cumulative = -9.3021e-15
Pressure gradient source: uncorrected Ubar = 10.0001, pressure gradient = 19.8934
smoothSolver:  Solving for omega, Initial residual = 0.000509342, Final residual = 1.55292e-05, No Iterations 1
smoothSolver:  Solving for k, Initial residual = 0.00348455, Final residual = 5.50315e-05, No Iterations 1
ExecutionTime = 32.0192 s  ClockTime = 32 s

Time = 607s

smoothSolver:  Solving for Ux, Initial residual = 0.000387063, Final residual = 1.17097e-05, No Iterations 2
smoothSolver:  Solving for Uy, Initial residual = 0.68224, Final residual = 0.0477092, No Iterations 2
Pressure gradient source: uncorrected Ubar = 10.0001, pressure gradient = 19.5642
GAMG:  Solving for p, Initial residual = 0.757006, Final residual = 0.00738466, No Iterations 66
time step continuity errors : sum local = 0.000255941, global = -3.13355e-16, cumulative = -9.61546e-15
Pressure gradient source: uncorrected Ubar = 10, pressure gradient = 19.816
smoothSolver:  Solving for omega, Initial residual = 0.000947148, Final residual = 1.66863e-05, No Iterations 1
smoothSolver:  Solving for k, Initial residual = 0.00506197, Final residual = 5.86031e-05, No Iterations 1
ExecutionTime = 32.0796 s  ClockTime = 32 s

Time = 608s

smoothSolver:  Solving for Ux, Initial residual = 0.000567295, Final residual = 1.50812e-05, No Iterations 2
smoothSolver:  Solving for Uy, Initial residual = 0.669087, Final residual = 0.0469805, No Iterations 2
Pressure gradient source: uncorrected Ubar = 9.99965, pressure gradient = 21.6018
GAMG:  Solving for p, Initial residual = 0.273092, Final residual = 0.00253734, No Iterations 74
time step continuity errors : sum local = 0.000310084, global = -3.66552e-16, cumulative = -9.98201e-15
Pressure gradient source: uncorrected Ubar = 9.99988, pressure gradient = 20.4054
smoothSolver:  Solving for omega, Initial residual = 0.00149927, Final residual = 4.02341e-05, No Iterations 1
smoothSolver:  Solving for k, Initial residual = 0.00520584, Final residual = 8.51696e-05, No Iterations 1
ExecutionTime = 32.141 s  ClockTime = 32 s

Time = 609s

smoothSolver:  Solving for Ux, Initial residual = 0.000540774, Final residual = 1.24016e-05, No Iterations 2
smoothSolver:  Solving for Uy, Initial residual = 0.765088, Final residual = 0.0566633, No Iterations 2
Pressure gradient source: uncorrected Ubar = 9.99989, pressure gradient = 20.961
GAMG:  Solving for p, Initial residual = 0.765711, Final residual = 0.00764037, No Iterations 62
time step continuity errors : sum local = 0.00032687, global = 2.13067e-16, cumulative = -9.76894e-15
Pressure gradient source: uncorrected Ubar = 9.99997, pressure gradient = 20.5785
smoothSolver:  Solving for omega, Initial residual = 0.00104709, Final residual = 2.97854e-05, No Iterations 1
smoothSolver:  Solving for k, Initial residual = 0.00303663, Final residual = 3.73189e-05, No Iterations 1
ExecutionTime = 32.1842 s  ClockTime = 32 s

Time = 610s

smoothSolver:  Solving for Ux, Initial residual = 0.00039421, Final residual = 1.13839e-05, No Iterations 2
smoothSolver:  Solving for Uy, Initial residual = 0.687383, Final residual = 0.0474629, No Iterations 2
Pressure gradient source: uncorrected Ubar = 10.0004, pressure gradient = 18.5798
GAMG:  Solving for p, Initial residual = 0.272612, Final residual = 0.00260818, No Iterations 66
time step continuity errors : sum local = 0.000287405, global = 2.01787e-16, cumulative = -9.56716e-15
Pressure gradient source: uncorrected Ubar = 10.0001, pressure gradient = 19.8937
smoothSolver:  Solving for omega, Initial residual = 0.00050912, Final residual = 1.5507e-05, No Iterations 1
smoothSolver:  Solving for k, Initial residual = 0.00348339, Final residual = 5.49448e-05, No Iterations 1
ExecutionTime = 32.2259 s  ClockTime = 32 s

Time = 611s

smoothSolver:  Solving for Ux, Initial residual = 0.000386948, Final residual = 1.17028e-05, No Iterations 2
smoothSolver:  Solving for Uy, Initial residual = 0.682611, Final residual = 0.0477329, No Iterations 2
Pressure gradient source: uncorrected Ubar = 10.0001, pressure gradient = 19.5646
GAMG:  Solving for p, Initial residual = 0.759094, Final residual = 0.00740195, No Iterations 66
time step continuity errors : sum local = 0.000255828, global = -5.45311e-16, cumulative = -1.01125e-14
Pressure gradient source: uncorrected Ubar = 10, pressure gradient = 19.8163
smoothSolver:  Solving for omega, Initial residual = 0.000946916, Final residual = 1.66654e-05, No Iterations 1
smoothSolver:  Solving for k, Initial residual = 0.00506067, Final residual = 5.85213e-05, No Iterations 1
ExecutionTime = 32.3068 s  ClockTime = 32 s

Time = 612s

smoothSolver:  Solving for Ux, Initial residual = 0.000567213, Final residual = 1.50765e-05, No Iterations 2
smoothSolver:  Solving for Uy, Initial residual = 0.668974, Final residual = 0.0469672, No Iterations 2
Pressure gradient source: uncorrected Ubar = 9.99965, pressure gradient = 21.6022
GAMG:  Solving for p, Initial residual = 0.27293, Final residual = 0.00253584, No Iterations 74
time step continuity errors : sum local = 0.000310089, global = -1.101e-16, cumulative = -1.02226e-14
Pressure gradient source: uncorrected Ubar = 9.99988, pressure gradient = 20.4058
smoothSolver:  Solving for omega, Initial residual = 0.00149901, Final residual = 4.02125e-05, No Iterations 1
smoothSolver:  Solving for k, Initial residual = 0.00520457, Final residual = 8.50879e-05, No Iterations 1
ExecutionTime = 32.3661 s  ClockTime = 33 s

Time = 613s

smoothSolver:  Solving for Ux, Initial residual = 0.000540813, Final residual = 1.24067e-05, No Iterations 2
smoothSolver:  Solving for Uy, Initial residual = 0.765355, Final residual = 0.0566841, No Iterations 2
Pressure gradient source: uncorrected Ubar = 9.99989, pressure gradient = 20.9612
GAMG:  Solving for p, Initial residual = 0.765558, Final residual = 0.00702433, No Iterations 64
time step continuity errors : sum local = 0.000300512, global = -1.30716e-17, cumulative = -1.02356e-14
Pressure gradient source: uncorrected Ubar = 9.99997, pressure gradient = 20.5788
smoothSolver:  Solving for omega, Initial residual = 0.00104685, Final residual = 2.97632e-05, No Iterations 1
smoothSolver:  Solving for k, Initial residual = 0.00303559, Final residual = 3.72394e-05, No Iterations 1
ExecutionTime = 32.419 s  ClockTime = 33 s

Time = 614s

smoothSolver:  Solving for Ux, Initial residual = 0.000394317, Final residual = 1.13939e-05, No Iterations 2
smoothSolver:  Solving for Uy, Initial residual = 0.686882, Final residual = 0.0474557, No Iterations 2
Pressure gradient source: uncorrected Ubar = 10.0004, pressure gradient = 18.58
GAMG:  Solving for p, Initial residual = 0.27193, Final residual = 0.00259949, No Iterations 66
time step continuity errors : sum local = 0.000287149, global = 5.68238e-17, cumulative = -1.01788e-14
Pressure gradient source: uncorrected Ubar = 10.0001, pressure gradient = 19.894
smoothSolver:  Solving for omega, Initial residual = 0.00050891, Final residual = 1.54858e-05, No Iterations 1
smoothSolver:  Solving for k, Initial residual = 0.00348231, Final residual = 5.48636e-05, No Iterations 1
ExecutionTime = 32.4726 s  ClockTime = 33 s

Time = 615s

smoothSolver:  Solving for Ux, Initial residual = 0.000386869, Final residual = 1.16985e-05, No Iterations 2
smoothSolver:  Solving for Uy, Initial residual = 0.683889, Final residual = 0.0478185, No Iterations 2
Pressure gradient source: uncorrected Ubar = 10.0001, pressure gradient = 19.5651
GAMG:  Solving for p, Initial residual = 0.758983, Final residual = 0.00738804, No Iterations 66
time step continuity errors : sum local = 0.000255343, global = -4.58464e-16, cumulative = -1.06373e-14
Pressure gradient source: uncorrected Ubar = 10, pressure gradient = 19.8166
smoothSolver:  Solving for omega, Initial residual = 0.000946695, Final residual = 1.66454e-05, No Iterations 1
smoothSolver:  Solving for k, Initial residual = 0.00505944, Final residual = 5.84449e-05, No Iterations 1
ExecutionTime = 32.5239 s  ClockTime = 33 s

Time = 616s

smoothSolver:  Solving for Ux, Initial residual = 0.000567166, Final residual = 1.50745e-05, No Iterations 2
smoothSolver:  Solving for Uy, Initial residual = 0.66886, Final residual = 0.046959, No Iterations 2
Pressure gradient source: uncorrected Ubar = 9.99965, pressure gradient = 21.6027
GAMG:  Solving for p, Initial residual = 0.27256, Final residual = 0.00253297, No Iterations 74
time step continuity errors : sum local = 0.000310164, global = 2.16928e-16, cumulative = -1.04204e-14
Pressure gradient source: uncorrected Ubar = 9.99988, pressure gradient = 20.4062
smoothSolver:  Solving for omega, Initial residual = 0.00149877, Final residual = 4.0192e-05, No Iterations 1
smoothSolver:  Solving for k, Initial residual = 0.00520337, Final residual = 8.50117e-05, No Iterations 1
ExecutionTime = 32.5759 s  ClockTime = 33 s

Time = 617s

smoothSolver:  Solving for Ux, Initial residual = 0.0005409, Final residual = 1.24152e-05, No Iterations 2
smoothSolver:  Solving for Uy, Initial residual = 0.765487, Final residual = 0.0566767, No Iterations 2
Pressure gradient source: uncorrected Ubar = 9.99989, pressure gradient = 20.9613
GAMG:  Solving for p, Initial residual = 0.767904, Final residual = 0.00703975, No Iterations 64
time step continuity errors : sum local = 0.00030026, global = 1.07793e-16, cumulative = -1.03126e-14
Pressure gradient source: uncorrected Ubar = 9.99997, pressure gradient = 20.5791
smoothSolver:  Solving for omega, Initial residual = 0.00104662, Final residual = 2.9742e-05, No Iterations 1
smoothSolver:  Solving for k, Initial residual = 0.00303461, Final residual = 3.71653e-05, No Iterations 1
ExecutionTime = 32.6415 s  ClockTime = 33 s

Time = 618s

smoothSolver:  Solving for Ux, Initial residual = 0.000394332, Final residual = 1.13964e-05, No Iterations 2
smoothSolver:  Solving for Uy, Initial residual = 0.687282, Final residual = 0.0474676, No Iterations 2
Pressure gradient source: uncorrected Ubar = 10.0004, pressure gradient = 18.5802
GAMG:  Solving for p, Initial residual = 0.27197, Final residual = 0.0026011, No Iterations 66
time step continuity errors : sum local = 0.000287266, global = -2.58781e-16, cumulative = -1.05713e-14
Pressure gradient source: uncorrected Ubar = 10.0001, pressure gradient = 19.8942
smoothSolver:  Solving for omega, Initial residual = 0.000508709, Final residual = 1.54656e-05, No Iterations 1
smoothSolver:  Solving for k, Initial residual = 0.00348129, Final residual = 5.47881e-05, No Iterations 1
ExecutionTime = 32.6845 s  ClockTime = 33 s

Time = 619s

smoothSolver:  Solving for Ux, Initial residual = 0.000386804, Final residual = 1.16951e-05, No Iterations 2
smoothSolver:  Solving for Uy, Initial residual = 0.683564, Final residual = 0.0477992, No Iterations 2
Pressure gradient source: uncorrected Ubar = 10.0001, pressure gradient = 19.5655
GAMG:  Solving for p, Initial residual = 0.757434, Final residual = 0.00740876, No Iterations 66
time step continuity errors : sum local = 0.000256603, global = -3.10951e-16, cumulative = -1.08823e-14
Pressure gradient source: uncorrected Ubar = 10, pressure gradient = 19.817
smoothSolver:  Solving for omega, Initial residual = 0.000946484, Final residual = 1.66264e-05, No Iterations 1
smoothSolver:  Solving for k, Initial residual = 0.00505829, Final residual = 5.83742e-05, No Iterations 1
ExecutionTime = 32.7317 s  ClockTime = 33 s

Time = 620s

smoothSolver:  Solving for Ux, Initial residual = 0.00056703, Final residual = 1.50655e-05, No Iterations 2
smoothSolver:  Solving for Uy, Initial residual = 0.66896, Final residual = 0.0469723, No Iterations 2
Pressure gradient source: uncorrected Ubar = 9.99965, pressure gradient = 21.6031
GAMG:  Solving for p, Initial residual = 0.27274, Final residual = 0.00253423, No Iterations 74
time step continuity errors : sum local = 0.000310118, global = -2.30992e-16, cumulative = -1.11133e-14
Pressure gradient source: uncorrected Ubar = 9.99988, pressure gradient = 20.4065
smoothSolver:  Solving for omega, Initial residual = 0.00149854, Final residual = 4.01724e-05, No Iterations 1
smoothSolver:  Solving for k, Initial residual = 0.00520224, Final residual = 8.49412e-05, No Iterations 1
ExecutionTime = 32.7882 s  ClockTime = 33 s

Time = 621s

smoothSolver:  Solving for Ux, Initial residual = 0.000540923, Final residual = 1.24189e-05, No Iterations 2
smoothSolver:  Solving for Uy, Initial residual = 0.765498, Final residual = 0.0566782, No Iterations 2
Pressure gradient source: uncorrected Ubar = 9.99989, pressure gradient = 20.9614
GAMG:  Solving for p, Initial residual = 0.767661, Final residual = 0.00767566, No Iterations 62
time step continuity errors : sum local = 0.000327525, global = -6.22628e-17, cumulative = -1.11755e-14
Pressure gradient source: uncorrected Ubar = 9.99997, pressure gradient = 20.5794
smoothSolver:  Solving for omega, Initial residual = 0.0010464, Final residual = 2.97218e-05, No Iterations 1
smoothSolver:  Solving for k, Initial residual = 0.0030337, Final residual = 3.70971e-05, No Iterations 1
ExecutionTime = 32.8363 s  ClockTime = 33 s

Time = 622s

smoothSolver:  Solving for Ux, Initial residual = 0.00039427, Final residual = 1.13928e-05, No Iterations 2
smoothSolver:  Solving for Uy, Initial residual = 0.688058, Final residual = 0.0474962, No Iterations 2
Pressure gradient source: uncorrected Ubar = 10.0004, pressure gradient = 18.5804
GAMG:  Solving for p, Initial residual = 0.272634, Final residual = 0.00260964, No Iterations 66
time step continuity errors : sum local = 0.000287567, global = -1.15161e-17, cumulative = -1.11871e-14
Pressure gradient source: uncorrected Ubar = 10.0001, pressure gradient = 19.8945
smoothSolver:  Solving for omega, Initial residual = 0.000508516, Final residual = 1.54463e-05, No Iterations 1
smoothSolver:  Solving for k, Initial residual = 0.00348033, Final residual = 5.47184e-05, No Iterations 1
ExecutionTime = 32.8838 s  ClockTime = 33 s

Time = 623s

smoothSolver:  Solving for Ux, Initial residual = 0.000386714, Final residual = 1.16899e-05, No Iterations 2
smoothSolver:  Solving for Uy, Initial residual = 0.682383, Final residual = 0.047723, No Iterations 2
Pressure gradient source: uncorrected Ubar = 10.0001, pressure gradient = 19.5659
GAMG:  Solving for p, Initial residual = 0.757994, Final residual = 0.00739167, No Iterations 66
time step continuity errors : sum local = 0.000255857, global = 1.79283e-16, cumulative = -1.10078e-14
Pressure gradient source: uncorrected Ubar = 10, pressure gradient = 19.8173
smoothSolver:  Solving for omega, Initial residual = 0.000946284, Final residual = 1.66083e-05, No Iterations 1
smoothSolver:  Solving for k, Initial residual = 0.00505721, Final residual = 5.83089e-05, No Iterations 1
ExecutionTime = 32.9278 s  ClockTime = 33 s

Time = 624s

smoothSolver:  Solving for Ux, Initial residual = 0.000566875, Final residual = 1.50552e-05, No Iterations 2
smoothSolver:  Solving for Uy, Initial residual = 0.669031, Final residual = 0.0469787, No Iterations 2
Pressure gradient source: uncorrected Ubar = 9.99965, pressure gradient = 21.6036
GAMG:  Solving for p, Initial residual = 0.273085, Final residual = 0.00253745, No Iterations 74
time step continuity errors : sum local = 0.000310115, global = 1.93653e-16, cumulative = -1.08141e-14
Pressure gradient source: uncorrected Ubar = 9.99988, pressure gradient = 20.4069
smoothSolver:  Solving for omega, Initial residual = 0.00149832, Final residual = 4.01536e-05, No Iterations 1
smoothSolver:  Solving for k, Initial residual = 0.00520119, Final residual = 8.48762e-05, No Iterations 1
ExecutionTime = 32.9884 s  ClockTime = 33 s

Time = 625s

smoothSolver:  Solving for Ux, Initial residual = 0.000540901, Final residual = 1.24191e-05, No Iterations 2
smoothSolver:  Solving for Uy, Initial residual = 0.765696, Final residual = 0.0567103, No Iterations 2
Pressure gradient source: uncorrected Ubar = 9.99989, pressure gradient = 20.9616
GAMG:  Solving for p, Initial residual = 0.765023, Final residual = 0.00763261, No Iterations 62
time step continuity errors : sum local = 0.000326836, global = 2.69136e-17, cumulative = -1.07872e-14
Pressure gradient source: uncorrected Ubar = 9.99997, pressure gradient = 20.5797
smoothSolver:  Solving for omega, Initial residual = 0.00104619, Final residual = 2.97028e-05, No Iterations 1
smoothSolver:  Solving for k, Initial residual = 0.00303285, Final residual = 3.70342e-05, No Iterations 1
ExecutionTime = 33.0466 s  ClockTime = 33 s

Time = 626s

smoothSolver:  Solving for Ux, Initial residual = 0.000394303, Final residual = 1.13965e-05, No Iterations 2
smoothSolver:  Solving for Uy, Initial residual = 0.68787, Final residual = 0.0474988, No Iterations 2
Pressure gradient source: uncorrected Ubar = 10.0004, pressure gradient = 18.5806
GAMG:  Solving for p, Initial residual = 0.272586, Final residual = 0.00260833, No Iterations 66
time step continuity errors : sum local = 0.00028747, global = 2.1497e-16, cumulative = -1.05722e-14
Pressure gradient source: uncorrected Ubar = 10.0001, pressure gradient = 19.8947
smoothSolver:  Solving for omega, Initial residual = 0.000508335, Final residual = 1.5428e-05, No Iterations 1
smoothSolver:  Solving for k, Initial residual = 0.00347943, Final residual = 5.46539e-05, No Iterations 1
ExecutionTime = 33.1039 s  ClockTime = 33 s

Time = 627s

smoothSolver:  Solving for Ux, Initial residual = 0.000386618, Final residual = 1.16841e-05, No Iterations 2
smoothSolver:  Solving for Uy, Initial residual = 0.682836, Final residual = 0.047753, No Iterations 2
Pressure gradient source: uncorrected Ubar = 10.0001, pressure gradient = 19.5663
GAMG:  Solving for p, Initial residual = 0.760158, Final residual = 0.00741213, No Iterations 66
time step continuity errors : sum local = 0.000255824, global = -3.82105e-16, cumulative = -1.09543e-14
Pressure gradient source: uncorrected Ubar = 10, pressure gradient = 19.8176
smoothSolver:  Solving for omega, Initial residual = 0.000946094, Final residual = 1.65911e-05, No Iterations 1
smoothSolver:  Solving for k, Initial residual = 0.0050562, Final residual = 5.82483e-05, No Iterations 1
ExecutionTime = 33.1506 s  ClockTime = 33 s

Time = 628s

smoothSolver:  Solving for Ux, Initial residual = 0.000566813, Final residual = 1.5052e-05, No Iterations 2
smoothSolver:  Solving for Uy, Initial residual = 0.668936, Final residual = 0.0469649, No Iterations 2
Pressure gradient source: uncorrected Ubar = 9.99965, pressure gradient = 21.604
GAMG:  Solving for p, Initial residual = 0.272892, Final residual = 0.00253587, No Iterations 74
time step continuity errors : sum local = 0.000310145, global = -2.26655e-16, cumulative = -1.1181e-14
Pressure gradient source: uncorrected Ubar = 9.99988, pressure gradient = 20.4072
smoothSolver:  Solving for omega, Initial residual = 0.00149811, Final residual = 4.01359e-05, No Iterations 1
smoothSolver:  Solving for k, Initial residual = 0.00520019, Final residual = 8.48154e-05, No Iterations 1
ExecutionTime = 33.1974 s  ClockTime = 33 s

Time = 629s

smoothSolver:  Solving for Ux, Initial residual = 0.000540942, Final residual = 1.2424e-05, No Iterations 2
smoothSolver:  Solving for Uy, Initial residual = 0.766007, Final residual = 0.056734, No Iterations 2
Pressure gradient source: uncorrected Ubar = 9.99989, pressure gradient = 20.9617
GAMG:  Solving for p, Initial residual = 0.765063, Final residual = 0.00764205, No Iterations 62
time step continuity errors : sum local = 0.000327206, global = -1.71851e-16, cumulative = -1.13529e-14
Pressure gradient source: uncorrected Ubar = 9.99997, pressure gradient = 20.5799
smoothSolver:  Solving for omega, Initial residual = 0.00104599, Final residual = 2.96845e-05, No Iterations 1
smoothSolver:  Solving for k, Initial residual = 0.00303204, Final residual = 3.69752e-05, No Iterations 1
ExecutionTime = 33.2634 s  ClockTime = 33 s

Time = 630s

smoothSolver:  Solving for Ux, Initial residual = 0.000394337, Final residual = 1.14003e-05, No Iterations 2
smoothSolver:  Solving for Uy, Initial residual = 0.687919, Final residual = 0.0474967, No Iterations 2
Pressure gradient source: uncorrected Ubar = 10.0004, pressure gradient = 18.5808
GAMG:  Solving for p, Initial residual = 0.272459, Final residual = 0.00260754, No Iterations 66
time step continuity errors : sum local = 0.000287519, global = -6.37888e-18, cumulative = -1.13592e-14
Pressure gradient source: uncorrected Ubar = 10.0001, pressure gradient = 19.8949
smoothSolver:  Solving for omega, Initial residual = 0.000508162, Final residual = 1.54106e-05, No Iterations 1
smoothSolver:  Solving for k, Initial residual = 0.00347859, Final residual = 5.45936e-05, No Iterations 1
ExecutionTime = 33.342 s  ClockTime = 33 s

Time = 631s

smoothSolver:  Solving for Ux, Initial residual = 0.000386557, Final residual = 1.16809e-05, No Iterations 2
smoothSolver:  Solving for Uy, Initial residual = 0.682943, Final residual = 0.0477613, No Iterations 2
Pressure gradient source: uncorrected Ubar = 10.0001, pressure gradient = 19.5667
GAMG:  Solving for p, Initial residual = 0.759291, Final residual = 0.0074099, No Iterations 66
time step continuity errors : sum local = 0.000256042, global = 4.14555e-16, cumulative = -1.09447e-14
Pressure gradient source: uncorrected Ubar = 10, pressure gradient = 19.8179
smoothSolver:  Solving for omega, Initial residual = 0.000945913, Final residual = 1.65748e-05, No Iterations 1
smoothSolver:  Solving for k, Initial residual = 0.00505525, Final residual = 5.81918e-05, No Iterations 1
ExecutionTime = 33.4015 s  ClockTime = 34 s

Time = 632s

smoothSolver:  Solving for Ux, Initial residual = 0.000566716, Final residual = 1.50461e-05, No Iterations 2
smoothSolver:  Solving for Uy, Initial residual = 0.668977, Final residual = 0.0469675, No Iterations 2
Pressure gradient source: uncorrected Ubar = 9.99965, pressure gradient = 21.6044
GAMG:  Solving for p, Initial residual = 0.272907, Final residual = 0.00253609, No Iterations 74
time step continuity errors : sum local = 0.000310157, global = -2.38976e-16, cumulative = -1.11837e-14
Pressure gradient source: uncorrected Ubar = 9.99988, pressure gradient = 20.4075
smoothSolver:  Solving for omega, Initial residual = 0.00149791, Final residual = 4.01191e-05, No Iterations 1
smoothSolver:  Solving for k, Initial residual = 0.00519926, Final residual = 8.4759e-05, No Iterations 1
ExecutionTime = 33.4565 s  ClockTime = 34 s

Time = 633s

smoothSolver:  Solving for Ux, Initial residual = 0.000540974, Final residual = 1.24281e-05, No Iterations 2
smoothSolver:  Solving for Uy, Initial residual = 0.766092, Final residual = 0.056739, No Iterations 2
Pressure gradient source: uncorrected Ubar = 9.99989, pressure gradient = 20.9618
GAMG:  Solving for p, Initial residual = 0.765413, Final residual = 0.00702708, No Iterations 64
time step continuity errors : sum local = 0.000300669, global = 8.82867e-17, cumulative = -1.10954e-14
Pressure gradient source: uncorrected Ubar = 9.99997, pressure gradient = 20.5802
smoothSolver:  Solving for omega, Initial residual = 0.0010458, Final residual = 2.96672e-05, No Iterations 1
smoothSolver:  Solving for k, Initial residual = 0.00303129, Final residual = 3.69207e-05, No Iterations 1
ExecutionTime = 33.4973 s  ClockTime = 34 s

Time = 634s

smoothSolver:  Solving for Ux, Initial residual = 0.000394424, Final residual = 1.14081e-05, No Iterations 2
smoothSolver:  Solving for Uy, Initial residual = 0.687504, Final residual = 0.0475014, No Iterations 2
Pressure gradient source: uncorrected Ubar = 10.0004, pressure gradient = 18.5809
GAMG:  Solving for p, Initial residual = 0.271967, Final residual = 0.00260041, No Iterations 66
time step continuity errors : sum local = 0.00028722, global = -3.74343e-17, cumulative = -1.11328e-14
Pressure gradient source: uncorrected Ubar = 10.0001, pressure gradient = 19.8952
smoothSolver:  Solving for omega, Initial residual = 0.000507998, Final residual = 1.5394e-05, No Iterations 1
smoothSolver:  Solving for k, Initial residual = 0.00347782, Final residual = 5.45377e-05, No Iterations 1
ExecutionTime = 33.5471 s  ClockTime = 34 s

Time = 635s

smoothSolver:  Solving for Ux, Initial residual = 0.000386478, Final residual = 1.16763e-05, No Iterations 2
smoothSolver:  Solving for Uy, Initial residual = 0.683986, Final residual = 0.0478296, No Iterations 2
Pressure gradient source: uncorrected Ubar = 10.0001, pressure gradient = 19.5671
GAMG:  Solving for p, Initial residual = 0.760042, Final residual = 0.00739004, No Iterations 66
time step continuity errors : sum local = 0.000255068, global = -2.0268e-16, cumulative = -1.13355e-14
Pressure gradient source: uncorrected Ubar = 10, pressure gradient = 19.8181
smoothSolver:  Solving for omega, Initial residual = 0.00094574, Final residual = 1.65592e-05, No Iterations 1
smoothSolver:  Solving for k, Initial residual = 0.00505436, Final residual = 5.81395e-05, No Iterations 1
ExecutionTime = 33.6069 s  ClockTime = 34 s

Time = 636s

smoothSolver:  Solving for Ux, Initial residual = 0.00056669, Final residual = 1.50459e-05, No Iterations 2
smoothSolver:  Solving for Uy, Initial residual = 0.668892, Final residual = 0.0469644, No Iterations 2
Pressure gradient source: uncorrected Ubar = 9.99965, pressure gradient = 21.6048
GAMG:  Solving for p, Initial residual = 0.272569, Final residual = 0.00253358, No Iterations 74
time step continuity errors : sum local = 0.000310242, global = 3.53454e-16, cumulative = -1.0982e-14
Pressure gradient source: uncorrected Ubar = 9.99988, pressure gradient = 20.4079
smoothSolver:  Solving for omega, Initial residual = 0.00149772, Final residual = 4.01031e-05, No Iterations 1
smoothSolver:  Solving for k, Initial residual = 0.00519839, Final residual = 8.47068e-05, No Iterations 1
ExecutionTime = 33.6633 s  ClockTime = 34 s

Time = 637s

smoothSolver:  Solving for Ux, Initial residual = 0.000541049, Final residual = 1.24352e-05, No Iterations 2
smoothSolver:  Solving for Uy, Initial residual = 0.766305, Final residual = 0.0567397, No Iterations 2
Pressure gradient source: uncorrected Ubar = 9.99989, pressure gradient = 20.9619
GAMG:  Solving for p, Initial residual = 0.767066, Final residual = 0.00703126, No Iterations 64
time step continuity errors : sum local = 0.000300238, global = -2.32216e-17, cumulative = -1.10053e-14
Pressure gradient source: uncorrected Ubar = 9.99997, pressure gradient = 20.5804
smoothSolver:  Solving for omega, Initial residual = 0.00104562, Final residual = 2.96506e-05, No Iterations 1
smoothSolver:  Solving for k, Initial residual = 0.00303059, Final residual = 3.68701e-05, No Iterations 1
ExecutionTime = 33.7306 s  ClockTime = 34 s

Time = 638s

smoothSolver:  Solving for Ux, Initial residual = 0.000394448, Final residual = 1.14109e-05, No Iterations 2
smoothSolver:  Solving for Uy, Initial residual = 0.687783, Final residual = 0.0475052, No Iterations 2
Pressure gradient source: uncorrected Ubar = 10.0004, pressure gradient = 18.5811
GAMG:  Solving for p, Initial residual = 0.271944, Final residual = 0.00260264, No Iterations 66
time step continuity errors : sum local = 0.000287501, global = 5.91838e-16, cumulative = -1.04134e-14
Pressure gradient source: uncorrected Ubar = 10.0001, pressure gradient = 19.8954
smoothSolver:  Solving for omega, Initial residual = 0.00050784, Final residual = 1.53782e-05, No Iterations 1
smoothSolver:  Solving for k, Initial residual = 0.00347708, Final residual = 5.44859e-05, No Iterations 1
ExecutionTime = 33.797 s  ClockTime = 34 s

Time = 639s

smoothSolver:  Solving for Ux, Initial residual = 0.000386433, Final residual = 1.16742e-05, No Iterations 2
smoothSolver:  Solving for Uy, Initial residual = 0.683755, Final residual = 0.0478167, No Iterations 2
Pressure gradient source: uncorrected Ubar = 10.0001, pressure gradient = 19.5674
GAMG:  Solving for p, Initial residual = 0.758548, Final residual = 0.00742405, No Iterations 66
time step continuity errors : sum local = 0.000256755, global = 2.80609e-16, cumulative = -1.01328e-14
Pressure gradient source: uncorrected Ubar = 10, pressure gradient = 19.8184
smoothSolver:  Solving for omega, Initial residual = 0.000945576, Final residual = 1.65444e-05, No Iterations 1
smoothSolver:  Solving for k, Initial residual = 0.00505352, Final residual = 5.80912e-05, No Iterations 1
ExecutionTime = 33.8454 s  ClockTime = 34 s

Time = 640s

smoothSolver:  Solving for Ux, Initial residual = 0.000566579, Final residual = 1.50388e-05, No Iterations 2
smoothSolver:  Solving for Uy, Initial residual = 0.669083, Final residual = 0.0469815, No Iterations 2
Pressure gradient source: uncorrected Ubar = 9.99965, pressure gradient = 21.6051
GAMG:  Solving for p, Initial residual = 0.272694, Final residual = 0.00253453, No Iterations 74
time step continuity errors : sum local = 0.000310217, global = -6.89764e-17, cumulative = -1.02018e-14
Pressure gradient source: uncorrected Ubar = 9.99988, pressure gradient = 20.4082
smoothSolver:  Solving for omega, Initial residual = 0.00149754, Final residual = 4.00878e-05, No Iterations 1
smoothSolver:  Solving for k, Initial residual = 0.00519756, Final residual = 8.46587e-05, No Iterations 1
ExecutionTime = 33.9026 s  ClockTime = 34 s

Time = 641s

smoothSolver:  Solving for Ux, Initial residual = 0.000541076, Final residual = 1.24388e-05, No Iterations 2
smoothSolver:  Solving for Uy, Initial residual = 0.76634, Final residual = 0.056743, No Iterations 2
Pressure gradient source: uncorrected Ubar = 9.99989, pressure gradient = 20.9621
GAMG:  Solving for p, Initial residual = 0.767186, Final residual = 0.00702825, No Iterations 64
time step continuity errors : sum local = 0.000300063, global = 2.43115e-16, cumulative = -9.95867e-15
Pressure gradient source: uncorrected Ubar = 9.99997, pressure gradient = 20.5807
smoothSolver:  Solving for omega, Initial residual = 0.00104544, Final residual = 2.96349e-05, No Iterations 1
smoothSolver:  Solving for k, Initial residual = 0.00302993, Final residual = 3.68236e-05, No Iterations 1
ExecutionTime = 33.9455 s  ClockTime = 34 s

Time = 642s

smoothSolver:  Solving for Ux, Initial residual = 0.000394455, Final residual = 1.14123e-05, No Iterations 2
smoothSolver:  Solving for Uy, Initial residual = 0.687892, Final residual = 0.0475174, No Iterations 2
Pressure gradient source: uncorrected Ubar = 10.0004, pressure gradient = 18.5813
GAMG:  Solving for p, Initial residual = 0.272072, Final residual = 0.00260377, No Iterations 66
time step continuity errors : sum local = 0.000287496, global = -2.07059e-16, cumulative = -1.01657e-14
Pressure gradient source: uncorrected Ubar = 10.0001, pressure gradient = 19.8956
smoothSolver:  Solving for omega, Initial residual = 0.000507691, Final residual = 1.53632e-05, No Iterations 1
smoothSolver:  Solving for k, Initial residual = 0.00347639, Final residual = 5.4438e-05, No Iterations 1
ExecutionTime = 34.0117 s  ClockTime = 34 s

Time = 643s

smoothSolver:  Solving for Ux, Initial residual = 0.000386355, Final residual = 1.16695e-05, No Iterations 2
smoothSolver:  Solving for Uy, Initial residual = 0.683672, Final residual = 0.0478119, No Iterations 2
Pressure gradient source: uncorrected Ubar = 10.0001, pressure gradient = 19.5678
GAMG:  Solving for p, Initial residual = 0.759333, Final residual = 0.00742613, No Iterations 66
time step continuity errors : sum local = 0.000256572, global = -2.0762e-16, cumulative = -1.03733e-14
Pressure gradient source: uncorrected Ubar = 10, pressure gradient = 19.8187
smoothSolver:  Solving for omega, Initial residual = 0.00094542, Final residual = 1.65303e-05, No Iterations 1
smoothSolver:  Solving for k, Initial residual = 0.00505273, Final residual = 5.80464e-05, No Iterations 1
ExecutionTime = 34.07 s  ClockTime = 34 s

Time = 644s

smoothSolver:  Solving for Ux, Initial residual = 0.000566502, Final residual = 1.50344e-05, No Iterations 2
smoothSolver:  Solving for Uy, Initial residual = 0.669123, Final residual = 0.0469855, No Iterations 2
Pressure gradient source: uncorrected Ubar = 9.99965, pressure gradient = 21.6055
GAMG:  Solving for p, Initial residual = 0.272706, Final residual = 0.0025347, No Iterations 74
time step continuity errors : sum local = 0.000310228, global = 1.42321e-16, cumulative = -1.0231e-14
Pressure gradient source: uncorrected Ubar = 9.99988, pressure gradient = 20.4085
smoothSolver:  Solving for omega, Initial residual = 0.00149737, Final residual = 4.00732e-05, No Iterations 1
smoothSolver:  Solving for k, Initial residual = 0.00519679, Final residual = 8.46139e-05, No Iterations 1
ExecutionTime = 34.1243 s  ClockTime = 34 s

Time = 645s

smoothSolver:  Solving for Ux, Initial residual = 0.000541097, Final residual = 1.24417e-05, No Iterations 2
smoothSolver:  Solving for Uy, Initial residual = 0.766564, Final residual = 0.0567613, No Iterations 2
Pressure gradient source: uncorrected Ubar = 9.99989, pressure gradient = 20.9622
GAMG:  Solving for p, Initial residual = 0.76663, Final residual = 0.00766602, No Iterations 62
time step continuity errors : sum local = 0.000327558, global = -1.16269e-16, cumulative = -1.03473e-14
Pressure gradient source: uncorrected Ubar = 9.99997, pressure gradient = 20.5809
smoothSolver:  Solving for omega, Initial residual = 0.00104528, Final residual = 2.96199e-05, No Iterations 1
smoothSolver:  Solving for k, Initial residual = 0.00302932, Final residual = 3.67801e-05, No Iterations 1
ExecutionTime = 34.1733 s  ClockTime = 34 s

Time = 646s

smoothSolver:  Solving for Ux, Initial residual = 0.000394412, Final residual = 1.141e-05, No Iterations 2
smoothSolver:  Solving for Uy, Initial residual = 0.688421, Final residual = 0.047522, No Iterations 2
Pressure gradient source: uncorrected Ubar = 10.0004, pressure gradient = 18.5814
GAMG:  Solving for p, Initial residual = 0.272569, Final residual = 0.0026098, No Iterations 66
time step continuity errors : sum local = 0.000287671, global = 1.30227e-16, cumulative = -1.02171e-14
Pressure gradient source: uncorrected Ubar = 10.0001, pressure gradient = 19.8958
smoothSolver:  Solving for omega, Initial residual = 0.000507547, Final residual = 1.53488e-05, No Iterations 1
smoothSolver:  Solving for k, Initial residual = 0.00347573, Final residual = 5.43932e-05, No Iterations 1
ExecutionTime = 34.2232 s  ClockTime = 34 s

Time = 647s

smoothSolver:  Solving for Ux, Initial residual = 0.000386299, Final residual = 1.16664e-05, No Iterations 2
smoothSolver:  Solving for Uy, Initial residual = 0.682678, Final residual = 0.0477488, No Iterations 2
Pressure gradient source: uncorrected Ubar = 10.0001, pressure gradient = 19.5681
GAMG:  Solving for p, Initial residual = 0.759073, Final residual = 0.00740342, No Iterations 66
time step continuity errors : sum local = 0.000255901, global = 1.50348e-16, cumulative = -1.00667e-14
Pressure gradient source: uncorrected Ubar = 10, pressure gradient = 19.8189
smoothSolver:  Solving for omega, Initial residual = 0.000945271, Final residual = 1.65169e-05, No Iterations 1
smoothSolver:  Solving for k, Initial residual = 0.00505199, Final residual = 5.80046e-05, No Iterations 1
ExecutionTime = 34.2755 s  ClockTime = 34 s

Time = 648s

smoothSolver:  Solving for Ux, Initial residual = 0.000566364, Final residual = 1.50251e-05, No Iterations 2
smoothSolver:  Solving for Uy, Initial residual = 0.669334, Final residual = 0.0469996, No Iterations 2
Pressure gradient source: uncorrected Ubar = 9.99965, pressure gradient = 21.6059
GAMG:  Solving for p, Initial residual = 0.273025, Final residual = 0.00253759, No Iterations 74
time step continuity errors : sum local = 0.000310213, global = -2.24884e-16, cumulative = -1.02916e-14
Pressure gradient source: uncorrected Ubar = 9.99988, pressure gradient = 20.4087
smoothSolver:  Solving for omega, Initial residual = 0.0014972, Final residual = 4.00593e-05, No Iterations 1
smoothSolver:  Solving for k, Initial residual = 0.00519606, Final residual = 8.45725e-05, No Iterations 1
ExecutionTime = 34.3323 s  ClockTime = 34 s

Time = 649s

smoothSolver:  Solving for Ux, Initial residual = 0.000541082, Final residual = 1.24419e-05, No Iterations 2
smoothSolver:  Solving for Uy, Initial residual = 0.766698, Final residual = 0.0567873, No Iterations 2
Pressure gradient source: uncorrected Ubar = 9.99989, pressure gradient = 20.9623
GAMG:  Solving for p, Initial residual = 0.76461, Final residual = 0.00763893, No Iterations 62
time step continuity errors : sum local = 0.00032728, global = -1.25854e-16, cumulative = -1.04175e-14
Pressure gradient source: uncorrected Ubar = 9.99997, pressure gradient = 20.5811
smoothSolver:  Solving for omega, Initial residual = 0.00104512, Final residual = 2.96057e-05, No Iterations 1
smoothSolver:  Solving for k, Initial residual = 0.00302874, Final residual = 3.67398e-05, No Iterations 1
ExecutionTime = 34.3878 s  ClockTime = 35 s

Time = 650s

smoothSolver:  Solving for Ux, Initial residual = 0.000394433, Final residual = 1.14125e-05, No Iterations 2
smoothSolver:  Solving for Uy, Initial residual = 0.68819, Final residual = 0.0475224, No Iterations 2
Pressure gradient source: uncorrected Ubar = 10.0004, pressure gradient = 18.5816
GAMG:  Solving for p, Initial residual = 0.27257, Final residual = 0.00260857, No Iterations 66
time step continuity errors : sum local = 0.00028753, global = 1.93822e-16, cumulative = -1.02236e-14
Pressure gradient source: uncorrected Ubar = 10.0001, pressure gradient = 19.896
smoothSolver:  Solving for omega, Initial residual = 0.000507412, Final residual = 1.53352e-05, No Iterations 1
smoothSolver:  Solving for k, Initial residual = 0.00347513, Final residual = 5.43516e-05, No Iterations 1
ExecutionTime = 34.4501 s  ClockTime = 35 s

Time = 651s

smoothSolver:  Solving for Ux, Initial residual = 0.000386218, Final residual = 1.16614e-05, No Iterations 2
smoothSolver:  Solving for Uy, Initial residual = 0.683037, Final residual = 0.0477711, No Iterations 2
Pressure gradient source: uncorrected Ubar = 10.0001, pressure gradient = 19.5685
GAMG:  Solving for p, Initial residual = 0.760943, Final residual = 0.00741793, No Iterations 66
time step continuity errors : sum local = 0.000255769, global = 4.52854e-17, cumulative = -1.01783e-14
Pressure gradient source: uncorrected Ubar = 10, pressure gradient = 19.8192
smoothSolver:  Solving for omega, Initial residual = 0.00094513, Final residual = 1.65041e-05, No Iterations 1
smoothSolver:  Solving for k, Initial residual = 0.00505129, Final residual = 5.79659e-05, No Iterations 1
ExecutionTime = 34.511 s  ClockTime = 35 s

Time = 652s

smoothSolver:  Solving for Ux, Initial residual = 0.000566319, Final residual = 1.50232e-05, No Iterations 2
smoothSolver:  Solving for Uy, Initial residual = 0.669362, Final residual = 0.0469965, No Iterations 2
Pressure gradient source: uncorrected Ubar = 9.99965, pressure gradient = 21.6062
GAMG:  Solving for p, Initial residual = 0.272879, Final residual = 0.00253644, No Iterations 74
time step continuity errors : sum local = 0.000310241, global = 3.47747e-16, cumulative = -9.8306e-15
Pressure gradient source: uncorrected Ubar = 9.99988, pressure gradient = 20.409
smoothSolver:  Solving for omega, Initial residual = 0.00149704, Final residual = 4.00462e-05, No Iterations 1
smoothSolver:  Solving for k, Initial residual = 0.00519537, Final residual = 8.45341e-05, No Iterations 1
ExecutionTime = 34.5607 s  ClockTime = 35 s

Time = 653s

smoothSolver:  Solving for Ux, Initial residual = 0.000541114, Final residual = 1.24455e-05, No Iterations 2
smoothSolver:  Solving for Uy, Initial residual = 0.766922, Final residual = 0.0568046, No Iterations 2
Pressure gradient source: uncorrected Ubar = 9.99989, pressure gradient = 20.9624
GAMG:  Solving for p, Initial residual = 0.764469, Final residual = 0.00763532, No Iterations 62
time step continuity errors : sum local = 0.000327185, global = -1.97247e-16, cumulative = -1.00278e-14
Pressure gradient source: uncorrected Ubar = 9.99997, pressure gradient = 20.5813
smoothSolver:  Solving for omega, Initial residual = 0.00104497, Final residual = 2.95921e-05, No Iterations 1
smoothSolver:  Solving for k, Initial residual = 0.0030282, Final residual = 3.6702e-05, No Iterations 1
ExecutionTime = 34.5994 s  ClockTime = 35 s

Time = 654s

smoothSolver:  Solving for Ux, Initial residual = 0.000394467, Final residual = 1.1416e-05, No Iterations 2
smoothSolver:  Solving for Uy, Initial residual = 0.688142, Final residual = 0.047515, No Iterations 2
Pressure gradient source: uncorrected Ubar = 10.0004, pressure gradient = 18.5817
GAMG:  Solving for p, Initial residual = 0.272455, Final residual = 0.0026083, No Iterations 66
time step continuity errors : sum local = 0.000287621, global = 2.35526e-16, cumulative = -9.79232e-15
Pressure gradient source: uncorrected Ubar = 10.0001, pressure gradient = 19.8962
smoothSolver:  Solving for omega, Initial residual = 0.000507284, Final residual = 1.53222e-05, No Iterations 1
smoothSolver:  Solving for k, Initial residual = 0.00347456, Final residual = 5.43128e-05, No Iterations 1
ExecutionTime = 34.6452 s  ClockTime = 35 s

Time = 655s

smoothSolver:  Solving for Ux, Initial residual = 0.000386172, Final residual = 1.1659e-05, No Iterations 2
smoothSolver:  Solving for Uy, Initial residual = 0.683221, Final residual = 0.0477849, No Iterations 2
Pressure gradient source: uncorrected Ubar = 10.0001, pressure gradient = 19.5688
GAMG:  Solving for p, Initial residual = 0.760457, Final residual = 0.00741876, No Iterations 66
time step continuity errors : sum local = 0.000255954, global = -3.55156e-17, cumulative = -9.82784e-15
Pressure gradient source: uncorrected Ubar = 10, pressure gradient = 19.8194
smoothSolver:  Solving for omega, Initial residual = 0.000944995, Final residual = 1.6492e-05, No Iterations 1
smoothSolver:  Solving for k, Initial residual = 0.00505064, Final residual = 5.79299e-05, No Iterations 1
ExecutionTime = 34.7013 s  ClockTime = 35 s

Time = 656s

smoothSolver:  Solving for Ux, Initial residual = 0.000566244, Final residual = 1.50188e-05, No Iterations 2
smoothSolver:  Solving for Uy, Initial residual = 0.669517, Final residual = 0.0470073, No Iterations 2
Pressure gradient source: uncorrected Ubar = 9.99965, pressure gradient = 21.6065
GAMG:  Solving for p, Initial residual = 0.272875, Final residual = 0.00253621, No Iterations 74
time step continuity errors : sum local = 0.000310219, global = -1.55612e-16, cumulative = -9.98345e-15
Pressure gradient source: uncorrected Ubar = 9.99988, pressure gradient = 20.4093
smoothSolver:  Solving for omega, Initial residual = 0.0014969, Final residual = 4.00336e-05, No Iterations 1
smoothSolver:  Solving for k, Initial residual = 0.00519473, Final residual = 8.44987e-05, No Iterations 1
ExecutionTime = 34.766 s  ClockTime = 35 s

Time = 657s

smoothSolver:  Solving for Ux, Initial residual = 0.000541145, Final residual = 1.2449e-05, No Iterations 2
smoothSolver:  Solving for Uy, Initial residual = 0.76697, Final residual = 0.0568074, No Iterations 2
Pressure gradient source: uncorrected Ubar = 9.99989, pressure gradient = 20.9625
GAMG:  Solving for p, Initial residual = 0.764793, Final residual = 0.00763754, No Iterations 62
time step continuity errors : sum local = 0.000327144, global = 2.68233e-16, cumulative = -9.71522e-15
Pressure gradient source: uncorrected Ubar = 9.99997, pressure gradient = 20.5815
smoothSolver:  Solving for omega, Initial residual = 0.00104483, Final residual = 2.95792e-05, No Iterations 1
smoothSolver:  Solving for k, Initial residual = 0.00302769, Final residual = 3.66671e-05, No Iterations 1
ExecutionTime = 34.8225 s  ClockTime = 35 s

Time = 658s

smoothSolver:  Solving for Ux, Initial residual = 0.000394479, Final residual = 1.14177e-05, No Iterations 2
smoothSolver:  Solving for Uy, Initial residual = 0.688194, Final residual = 0.0475194, No Iterations 2
Pressure gradient source: uncorrected Ubar = 10.0004, pressure gradient = 18.5819
GAMG:  Solving for p, Initial residual = 0.272508, Final residual = 0.00260927, No Iterations 66
time step continuity errors : sum local = 0.000287695, global = 4.65207e-17, cumulative = -9.6687e-15
Pressure gradient source: uncorrected Ubar = 10.0001, pressure gradient = 19.8964
smoothSolver:  Solving for omega, Initial residual = 0.00050716, Final residual = 1.53098e-05, No Iterations 1
smoothSolver:  Solving for k, Initial residual = 0.00347402, Final residual = 5.42768e-05, No Iterations 1
ExecutionTime = 34.8731 s  ClockTime = 35 s

Time = 659s

smoothSolver:  Solving for Ux, Initial residual = 0.000386114, Final residual = 1.16556e-05, No Iterations 2
smoothSolver:  Solving for Uy, Initial residual = 0.683239, Final residual = 0.0477862, No Iterations 2
Pressure gradient source: uncorrected Ubar = 10.0001, pressure gradient = 19.5691
GAMG:  Solving for p, Initial residual = 0.7605, Final residual = 0.00741555, No Iterations 66
time step continuity errors : sum local = 0.000255832, global = -3.19861e-16, cumulative = -9.98856e-15
Pressure gradient source: uncorrected Ubar = 10, pressure gradient = 19.8196
smoothSolver:  Solving for omega, Initial residual = 0.000944867, Final residual = 1.64804e-05, No Iterations 1
smoothSolver:  Solving for k, Initial residual = 0.00505003, Final residual = 5.78967e-05, No Iterations 1
ExecutionTime = 34.9307 s  ClockTime = 35 s

Time = 660s

smoothSolver:  Solving for Ux, Initial residual = 0.000566172, Final residual = 1.50147e-05, No Iterations 2
smoothSolver:  Solving for Uy, Initial residual = 0.669653, Final residual = 0.0470183, No Iterations 2
Pressure gradient source: uncorrected Ubar = 9.99965, pressure gradient = 21.6068
GAMG:  Solving for p, Initial residual = 0.272905, Final residual = 0.00253684, No Iterations 74
time step continuity errors : sum local = 0.000310266, global = -2.16159e-16, cumulative = -1.02047e-14
Pressure gradient source: uncorrected Ubar = 9.99988, pressure gradient = 20.4095
smoothSolver:  Solving for omega, Initial residual = 0.00149675, Final residual = 4.00217e-05, No Iterations 1
smoothSolver:  Solving for k, Initial residual = 0.00519413, Final residual = 8.44659e-05, No Iterations 1
ExecutionTime = 34.9826 s  ClockTime = 35 s

Time = 661s

smoothSolver:  Solving for Ux, Initial residual = 0.000541168, Final residual = 1.24518e-05, No Iterations 2
smoothSolver:  Solving for Uy, Initial residual = 0.767048, Final residual = 0.0568139, No Iterations 2
Pressure gradient source: uncorrected Ubar = 9.99989, pressure gradient = 20.9626
GAMG:  Solving for p, Initial residual = 0.764522, Final residual = 0.00763462, No Iterations 62
time step continuity errors : sum local = 0.000327144, global = -2.86893e-16, cumulative = -1.04916e-14
Pressure gradient source: uncorrected Ubar = 9.99997, pressure gradient = 20.5817
smoothSolver:  Solving for omega, Initial residual = 0.00104469, Final residual = 2.95668e-05, No Iterations 1
smoothSolver:  Solving for k, Initial residual = 0.00302722, Final residual = 3.66348e-05, No Iterations 1
ExecutionTime = 35.0312 s  ClockTime = 35 s

Time = 662s

smoothSolver:  Solving for Ux, Initial residual = 0.0003945, Final residual = 1.14201e-05, No Iterations 2
smoothSolver:  Solving for Uy, Initial residual = 0.68819, Final residual = 0.0475202, No Iterations 2
Pressure gradient source: uncorrected Ubar = 10.0004, pressure gradient = 18.582
GAMG:  Solving for p, Initial residual = 0.272505, Final residual = 0.00260843, No Iterations 66
time step continuity errors : sum local = 0.000287596, global = -1.42432e-16, cumulative = -1.0634e-14
Pressure gradient source: uncorrected Ubar = 10.0001, pressure gradient = 19.8965
smoothSolver:  Solving for omega, Initial residual = 0.000507043, Final residual = 1.5298e-05, No Iterations 1
smoothSolver:  Solving for k, Initial residual = 0.00347352, Final residual = 5.42435e-05, No Iterations 1
ExecutionTime = 35.0853 s  ClockTime = 35 s

Time = 663s

smoothSolver:  Solving for Ux, Initial residual = 0.000386061, Final residual = 1.16526e-05, No Iterations 2
smoothSolver:  Solving for Uy, Initial residual = 0.683369, Final residual = 0.0477964, No Iterations 2
Pressure gradient source: uncorrected Ubar = 10.0001, pressure gradient = 19.5694
GAMG:  Solving for p, Initial residual = 0.760851, Final residual = 0.00742032, No Iterations 66
time step continuity errors : sum local = 0.00025588, global = 1.55647e-16, cumulative = -1.04784e-14
Pressure gradient source: uncorrected Ubar = 10, pressure gradient = 19.8198
smoothSolver:  Solving for omega, Initial residual = 0.000944745, Final residual = 1.64694e-05, No Iterations 1
smoothSolver:  Solving for k, Initial residual = 0.00504945, Final residual = 5.78659e-05, No Iterations 1
ExecutionTime = 35.1423 s  ClockTime = 35 s

Time = 664s

smoothSolver:  Solving for Ux, Initial residual = 0.000566107, Final residual = 1.50111e-05, No Iterations 2
smoothSolver:  Solving for Uy, Initial residual = 0.669764, Final residual = 0.0470259, No Iterations 2
Pressure gradient source: uncorrected Ubar = 9.99965, pressure gradient = 21.6071
GAMG:  Solving for p, Initial residual = 0.272877, Final residual = 0.00253663, No Iterations 74
time step continuity errors : sum local = 0.000310273, global = 4.10543e-16, cumulative = -1.00679e-14
Pressure gradient source: uncorrected Ubar = 9.99988, pressure gradient = 20.4098
smoothSolver:  Solving for omega, Initial residual = 0.00149662, Final residual = 4.00103e-05, No Iterations 1
smoothSolver:  Solving for k, Initial residual = 0.00519356, Final residual = 8.44354e-05, No Iterations 1
ExecutionTime = 35.1999 s  ClockTime = 35 s

Time = 665s

smoothSolver:  Solving for Ux, Initial residual = 0.000541194, Final residual = 1.24549e-05, No Iterations 2
smoothSolver:  Solving for Uy, Initial residual = 0.767164, Final residual = 0.0568232, No Iterations 2
Pressure gradient source: uncorrected Ubar = 9.99989, pressure gradient = 20.9627
GAMG:  Solving for p, Initial residual = 0.764479, Final residual = 0.00763558, No Iterations 62
time step continuity errors : sum local = 0.000327199, global = -2.39121e-16, cumulative = -1.0307e-14
Pressure gradient source: uncorrected Ubar = 9.99997, pressure gradient = 20.5819
smoothSolver:  Solving for omega, Initial residual = 0.00104457, Final residual = 2.95551e-05, No Iterations 1
smoothSolver:  Solving for k, Initial residual = 0.00302677, Final residual = 3.66047e-05, No Iterations 1
ExecutionTime = 35.2435 s  ClockTime = 35 s

Time = 666s

smoothSolver:  Solving for Ux, Initial residual = 0.000394519, Final residual = 1.14224e-05, No Iterations 2
smoothSolver:  Solving for Uy, Initial residual = 0.688189, Final residual = 0.0475199, No Iterations 2
Pressure gradient source: uncorrected Ubar = 10.0004, pressure gradient = 18.5822
GAMG:  Solving for p, Initial residual = 0.272487, Final residual = 0.00260865, No Iterations 66
time step continuity errors : sum local = 0.000287632, global = -6.0361e-16, cumulative = -1.09106e-14
Pressure gradient source: uncorrected Ubar = 10.0001, pressure gradient = 19.8967
smoothSolver:  Solving for omega, Initial residual = 0.000506932, Final residual = 1.52868e-05, No Iterations 1
smoothSolver:  Solving for k, Initial residual = 0.00347305, Final residual = 5.42123e-05, No Iterations 1
ExecutionTime = 35.29 s  ClockTime = 35 s

Time = 667s

smoothSolver:  Solving for Ux, Initial residual = 0.000386011, Final residual = 1.16497e-05, No Iterations 2
smoothSolver:  Solving for Uy, Initial residual = 0.683513, Final residual = 0.047807, No Iterations 2
Pressure gradient source: uncorrected Ubar = 10.0001, pressure gradient = 19.5697
GAMG:  Solving for p, Initial residual = 0.760945, Final residual = 0.0074215, No Iterations 66
time step continuity errors : sum local = 0.000255888, global = -2.59331e-16, cumulative = -1.11699e-14
Pressure gradient source: uncorrected Ubar = 10, pressure gradient = 19.82
smoothSolver:  Solving for omega, Initial residual = 0.000944629, Final residual = 1.64589e-05, No Iterations 1
smoothSolver:  Solving for k, Initial residual = 0.0050489, Final residual = 5.78371e-05, No Iterations 1
ExecutionTime = 35.3362 s  ClockTime = 35 s

Time = 668s

smoothSolver:  Solving for Ux, Initial residual = 0.000566044, Final residual = 1.50074e-05, No Iterations 2
smoothSolver:  Solving for Uy, Initial residual = 0.669887, Final residual = 0.0470345, No Iterations 2
Pressure gradient source: uncorrected Ubar = 9.99965, pressure gradient = 21.6074
GAMG:  Solving for p, Initial residual = 0.272883, Final residual = 0.00253632, No Iterations 74
time step continuity errors : sum local = 0.000310228, global = 1.89401e-16, cumulative = -1.09805e-14
Pressure gradient source: uncorrected Ubar = 9.99988, pressure gradient = 20.41
smoothSolver:  Solving for omega, Initial residual = 0.00149649, Final residual = 3.99995e-05, No Iterations 1
smoothSolver:  Solving for k, Initial residual = 0.00519303, Final residual = 8.44068e-05, No Iterations 1
ExecutionTime = 35.3886 s  ClockTime = 36 s

Time = 669s

smoothSolver:  Solving for Ux, Initial residual = 0.00054122, Final residual = 1.24578e-05, No Iterations 2
smoothSolver:  Solving for Uy, Initial residual = 0.767226, Final residual = 0.0568281, No Iterations 2
Pressure gradient source: uncorrected Ubar = 9.99989, pressure gradient = 20.9628
GAMG:  Solving for p, Initial residual = 0.764403, Final residual = 0.00763194, No Iterations 62
time step continuity errors : sum local = 0.000327072, global = 3.62288e-16, cumulative = -1.06182e-14
Pressure gradient source: uncorrected Ubar = 9.99997, pressure gradient = 20.5821
smoothSolver:  Solving for omega, Initial residual = 0.00104444, Final residual = 2.95439e-05, No Iterations 1
smoothSolver:  Solving for k, Initial residual = 0.00302636, Final residual = 3.65765e-05, No Iterations 1
ExecutionTime = 35.4342 s  ClockTime = 36 s

Time = 670s

smoothSolver:  Solving for Ux, Initial residual = 0.000394537, Final residual = 1.14245e-05, No Iterations 2
smoothSolver:  Solving for Uy, Initial residual = 0.688208, Final residual = 0.0475217, No Iterations 2
Pressure gradient source: uncorrected Ubar = 10.0004, pressure gradient = 18.5823
GAMG:  Solving for p, Initial residual = 0.2725, Final residual = 0.00260938, No Iterations 66
time step continuity errors : sum local = 0.000287721, global = 2.26156e-16, cumulative = -1.03921e-14
Pressure gradient source: uncorrected Ubar = 10.0001, pressure gradient = 19.8969
smoothSolver:  Solving for omega, Initial residual = 0.000506826, Final residual = 1.52761e-05, No Iterations 1
smoothSolver:  Solving for k, Initial residual = 0.0034726, Final residual = 5.4183e-05, No Iterations 1
ExecutionTime = 35.4755 s  ClockTime = 36 s

Time = 671s

smoothSolver:  Solving for Ux, Initial residual = 0.000385962, Final residual = 1.16469e-05, No Iterations 2
smoothSolver:  Solving for Uy, Initial residual = 0.683657, Final residual = 0.0478173, No Iterations 2
Pressure gradient source: uncorrected Ubar = 10.0001, pressure gradient = 19.5699
GAMG:  Solving for p, Initial residual = 0.76104, Final residual = 0.00742065, No Iterations 66
time step continuity errors : sum local = 0.000255828, global = 9.93833e-17, cumulative = -1.02927e-14
Pressure gradient source: uncorrected Ubar = 10, pressure gradient = 19.8202
smoothSolver:  Solving for omega, Initial residual = 0.000944518, Final residual = 1.64489e-05, No Iterations 1
smoothSolver:  Solving for k, Initial residual = 0.00504838, Final residual = 5.78102e-05, No Iterations 1
ExecutionTime = 35.5199 s  ClockTime = 36 s

Time = 672s

smoothSolver:  Solving for Ux, Initial residual = 0.000565983, Final residual = 1.50039e-05, No Iterations 2
smoothSolver:  Solving for Uy, Initial residual = 0.669993, Final residual = 0.0470423, No Iterations 2
Pressure gradient source: uncorrected Ubar = 9.99965, pressure gradient = 21.6077
GAMG:  Solving for p, Initial residual = 0.272884, Final residual = 0.00253709, No Iterations 74
time step continuity errors : sum local = 0.000310325, global = 6.45615e-16, cumulative = -9.64707e-15
Pressure gradient source: uncorrected Ubar = 9.99988, pressure gradient = 20.4102
smoothSolver:  Solving for omega, Initial residual = 0.00149637, Final residual = 3.99892e-05, No Iterations 1
smoothSolver:  Solving for k, Initial residual = 0.00519252, Final residual = 8.43801e-05, No Iterations 1
ExecutionTime = 35.5716 s  ClockTime = 36 s

Time = 673s

smoothSolver:  Solving for Ux, Initial residual = 0.000541244, Final residual = 1.24605e-05, No Iterations 2
smoothSolver:  Solving for Uy, Initial residual = 0.76729, Final residual = 0.0568329, No Iterations 2
Pressure gradient source: uncorrected Ubar = 9.99989, pressure gradient = 20.9628
GAMG:  Solving for p, Initial residual = 0.764285, Final residual = 0.00763415, No Iterations 62
time step continuity errors : sum local = 0.000327214, global = -4.78306e-16, cumulative = -1.01254e-14
Pressure gradient source: uncorrected Ubar = 9.99997, pressure gradient = 20.5823
smoothSolver:  Solving for omega, Initial residual = 0.00104433, Final residual = 2.95333e-05, No Iterations 1
smoothSolver:  Solving for k, Initial residual = 0.00302596, Final residual = 3.65501e-05, No Iterations 1
ExecutionTime = 35.6178 s  ClockTime = 36 s

Time = 674s

smoothSolver:  Solving for Ux, Initial residual = 0.000394554, Final residual = 1.14266e-05, No Iterations 2
smoothSolver:  Solving for Uy, Initial residual = 0.688233, Final residual = 0.0475236, No Iterations 2
Pressure gradient source: uncorrected Ubar = 10.0004, pressure gradient = 18.5824
GAMG:  Solving for p, Initial residual = 0.272489, Final residual = 0.00260948, No Iterations 66
time step continuity errors : sum local = 0.000287726, global = -3.71267e-16, cumulative = -1.04966e-14
Pressure gradient source: uncorrected Ubar = 10.0001, pressure gradient = 19.897
smoothSolver:  Solving for omega, Initial residual = 0.000506725, Final residual = 1.52659e-05, No Iterations 1
smoothSolver:  Solving for k, Initial residual = 0.00347218, Final residual = 5.41557e-05, No Iterations 1
ExecutionTime = 35.6755 s  ClockTime = 36 s

Time = 675s

smoothSolver:  Solving for Ux, Initial residual = 0.000385916, Final residual = 1.16442e-05, No Iterations 2
smoothSolver:  Solving for Uy, Initial residual = 0.683804, Final residual = 0.0478283, No Iterations 2
Pressure gradient source: uncorrected Ubar = 10.0001, pressure gradient = 19.5702
GAMG:  Solving for p, Initial residual = 0.761274, Final residual = 0.00742365, No Iterations 66
time step continuity errors : sum local = 0.000255854, global = 1.98987e-16, cumulative = -1.02977e-14
Pressure gradient source: uncorrected Ubar = 10, pressure gradient = 19.8204
smoothSolver:  Solving for omega, Initial residual = 0.000944413, Final residual = 1.64394e-05, No Iterations 1
smoothSolver:  Solving for k, Initial residual = 0.0050479, Final residual = 5.77853e-05, No Iterations 1
ExecutionTime = 35.7281 s  ClockTime = 36 s

Time = 676s

smoothSolver:  Solving for Ux, Initial residual = 0.000565923, Final residual = 1.50005e-05, No Iterations 2
smoothSolver:  Solving for Uy, Initial residual = 0.670094, Final residual = 0.0470496, No Iterations 2
Pressure gradient source: uncorrected Ubar = 9.99965, pressure gradient = 21.608
GAMG:  Solving for p, Initial residual = 0.272871, Final residual = 0.00253646, No Iterations 74
time step continuity errors : sum local = 0.000310264, global = -7.467e-17, cumulative = -1.03723e-14
Pressure gradient source: uncorrected Ubar = 9.99988, pressure gradient = 20.4105
smoothSolver:  Solving for omega, Initial residual = 0.00149625, Final residual = 3.99794e-05, No Iterations 1
smoothSolver:  Solving for k, Initial residual = 0.00519205, Final residual = 8.43552e-05, No Iterations 1
ExecutionTime = 35.791 s  ClockTime = 36 s

Time = 677s

smoothSolver:  Solving for Ux, Initial residual = 0.000541269, Final residual = 1.24633e-05, No Iterations 2
smoothSolver:  Solving for Uy, Initial residual = 0.767342, Final residual = 0.0568373, No Iterations 2
Pressure gradient source: uncorrected Ubar = 9.99989, pressure gradient = 20.9629
GAMG:  Solving for p, Initial residual = 0.764244, Final residual = 0.00763099, No Iterations 62
time step continuity errors : sum local = 0.000327103, global = 2.45253e-16, cumulative = -1.01271e-14
Pressure gradient source: uncorrected Ubar = 9.99997, pressure gradient = 20.5825
smoothSolver:  Solving for omega, Initial residual = 0.00104421, Final residual = 2.95231e-05, No Iterations 1
smoothSolver:  Solving for k, Initial residual = 0.00302559, Final residual = 3.65255e-05, No Iterations 1
ExecutionTime = 35.8412 s  ClockTime = 36 s

Time = 678s

smoothSolver:  Solving for Ux, Initial residual = 0.000394571, Final residual = 1.14286e-05, No Iterations 2
smoothSolver:  Solving for Uy, Initial residual = 0.688275, Final residual = 0.0475268, No Iterations 2
Pressure gradient source: uncorrected Ubar = 10.0004, pressure gradient = 18.5825
GAMG:  Solving for p, Initial residual = 0.272488, Final residual = 0.00260967, No Iterations 66
time step continuity errors : sum local = 0.00028775, global = 6.33194e-17, cumulative = -1.00638e-14
Pressure gradient source: uncorrected Ubar = 10.0001, pressure gradient = 19.8972
smoothSolver:  Solving for omega, Initial residual = 0.000506628, Final residual = 1.52561e-05, No Iterations 1
smoothSolver:  Solving for k, Initial residual = 0.00347179, Final residual = 5.41302e-05, No Iterations 1
ExecutionTime = 35.8964 s  ClockTime = 36 s

Time = 679s

smoothSolver:  Solving for Ux, Initial residual = 0.000385872, Final residual = 1.16417e-05, No Iterations 2
smoothSolver:  Solving for Uy, Initial residual = 0.683963, Final residual = 0.0478401, No Iterations 2
Pressure gradient source: uncorrected Ubar = 10.0001, pressure gradient = 19.5705
GAMG:  Solving for p, Initial residual = 0.761363, Final residual = 0.00742434, No Iterations 66
time step continuity errors : sum local = 0.000255848, global = 1.77509e-17, cumulative = -1.0046e-14
Pressure gradient source: uncorrected Ubar = 10, pressure gradient = 19.8206
smoothSolver:  Solving for omega, Initial residual = 0.000944312, Final residual = 1.64303e-05, No Iterations 1
smoothSolver:  Solving for k, Initial residual = 0.00504744, Final residual = 5.77621e-05, No Iterations 1
ExecutionTime = 35.9519 s  ClockTime = 36 s

Time = 680s

smoothSolver:  Solving for Ux, Initial residual = 0.000565867, Final residual = 1.49973e-05, No Iterations 2
smoothSolver:  Solving for Uy, Initial residual = 0.670177, Final residual = 0.0470555, No Iterations 2
Pressure gradient source: uncorrected Ubar = 9.99965, pressure gradient = 21.6082
GAMG:  Solving for p, Initial residual = 0.272872, Final residual = 0.00253655, No Iterations 74
time step continuity errors : sum local = 0.000310274, global = -2.40998e-16, cumulative = -1.0287e-14
Pressure gradient source: uncorrected Ubar = 9.99988, pressure gradient = 20.4107
smoothSolver:  Solving for omega, Initial residual = 0.00149614, Final residual = 3.99701e-05, No Iterations 1
smoothSolver:  Solving for k, Initial residual = 0.0051916, Final residual = 8.43319e-05, No Iterations 1
ExecutionTime = 36.0156 s  ClockTime = 36 s

Time = 681s

smoothSolver:  Solving for Ux, Initial residual = 0.000541293, Final residual = 1.24659e-05, No Iterations 2
smoothSolver:  Solving for Uy, Initial residual = 0.767385, Final residual = 0.0568406, No Iterations 2
Pressure gradient source: uncorrected Ubar = 9.99989, pressure gradient = 20.963
GAMG:  Solving for p, Initial residual = 0.764162, Final residual = 0.00763155, No Iterations 62
time step continuity errors : sum local = 0.000327158, global = -2.40667e-17, cumulative = -1.03111e-14
Pressure gradient source: uncorrected Ubar = 9.99997, pressure gradient = 20.5826
smoothSolver:  Solving for omega, Initial residual = 0.00104411, Final residual = 2.95134e-05, No Iterations 1
smoothSolver:  Solving for k, Initial residual = 0.00302524, Final residual = 3.65025e-05, No Iterations 1
ExecutionTime = 36.0708 s  ClockTime = 36 s

Time = 682s

smoothSolver:  Solving for Ux, Initial residual = 0.000394588, Final residual = 1.14305e-05, No Iterations 2
smoothSolver:  Solving for Uy, Initial residual = 0.688326, Final residual = 0.0475304, No Iterations 2
Pressure gradient source: uncorrected Ubar = 10.0004, pressure gradient = 18.5826
GAMG:  Solving for p, Initial residual = 0.272487, Final residual = 0.00260965, No Iterations 66
time step continuity errors : sum local = 0.000287751, global = -5.76643e-17, cumulative = -1.03687e-14
Pressure gradient source: uncorrected Ubar = 10.0001, pressure gradient = 19.8973
smoothSolver:  Solving for omega, Initial residual = 0.000506537, Final residual = 1.52469e-05, No Iterations 1
smoothSolver:  Solving for k, Initial residual = 0.00347142, Final residual = 5.41065e-05, No Iterations 1
ExecutionTime = 36.1167 s  ClockTime = 36 s

Time = 683s

smoothSolver:  Solving for Ux, Initial residual = 0.000385829, Final residual = 1.16392e-05, No Iterations 2
smoothSolver:  Solving for Uy, Initial residual = 0.684118, Final residual = 0.0478516, No Iterations 2
Pressure gradient source: uncorrected Ubar = 10.0001, pressure gradient = 19.5707
GAMG:  Solving for p, Initial residual = 0.761509, Final residual = 0.00742562, No Iterations 66
time step continuity errors : sum local = 0.000255844, global = -3.1665e-16, cumulative = -1.06854e-14
Pressure gradient source: uncorrected Ubar = 10, pressure gradient = 19.8208
smoothSolver:  Solving for omega, Initial residual = 0.000944216, Final residual = 1.64217e-05, No Iterations 1
smoothSolver:  Solving for k, Initial residual = 0.00504702, Final residual = 5.77406e-05, No Iterations 1
ExecutionTime = 36.1727 s  ClockTime = 36 s

Time = 684s

smoothSolver:  Solving for Ux, Initial residual = 0.000565812, Final residual = 1.49942e-05, No Iterations 2
smoothSolver:  Solving for Uy, Initial residual = 0.670256, Final residual = 0.0470613, No Iterations 2
Pressure gradient source: uncorrected Ubar = 9.99965, pressure gradient = 21.6085
GAMG:  Solving for p, Initial residual = 0.272868, Final residual = 0.00253684, No Iterations 74
time step continuity errors : sum local = 0.000310316, global = -3.89557e-16, cumulative = -1.10749e-14
Pressure gradient source: uncorrected Ubar = 9.99988, pressure gradient = 20.4109
smoothSolver:  Solving for omega, Initial residual = 0.00149604, Final residual = 3.99612e-05, No Iterations 1
smoothSolver:  Solving for k, Initial residual = 0.00519118, Final residual = 8.43104e-05, No Iterations 1
ExecutionTime = 36.2289 s  ClockTime = 36 s

Time = 685s

smoothSolver:  Solving for Ux, Initial residual = 0.000541315, Final residual = 1.24684e-05, No Iterations 2
smoothSolver:  Solving for Uy, Initial residual = 0.76742, Final residual = 0.0568435, No Iterations 2
Pressure gradient source: uncorrected Ubar = 9.99989, pressure gradient = 20.9631
GAMG:  Solving for p, Initial residual = 0.764094, Final residual = 0.00763042, No Iterations 62
time step continuity errors : sum local = 0.000327139, global = -9.36255e-17, cumulative = -1.11686e-14
Pressure gradient source: uncorrected Ubar = 9.99997, pressure gradient = 20.5828
smoothSolver:  Solving for omega, Initial residual = 0.00104401, Final residual = 2.95042e-05, No Iterations 1
smoothSolver:  Solving for k, Initial residual = 0.00302491, Final residual = 3.64812e-05, No Iterations 1
ExecutionTime = 36.2792 s  ClockTime = 36 s

Time = 686s

smoothSolver:  Solving for Ux, Initial residual = 0.000394604, Final residual = 1.14324e-05, No Iterations 2
smoothSolver:  Solving for Uy, Initial residual = 0.688384, Final residual = 0.0475345, No Iterations 2
Pressure gradient source: uncorrected Ubar = 10.0004, pressure gradient = 18.5828
GAMG:  Solving for p, Initial residual = 0.272486, Final residual = 0.00260966, No Iterations 66
time step continuity errors : sum local = 0.000287755, global = 1.74502e-16, cumulative = -1.09941e-14
Pressure gradient source: uncorrected Ubar = 10.0001, pressure gradient = 19.8975
smoothSolver:  Solving for omega, Initial residual = 0.000506449, Final residual = 1.5238e-05, No Iterations 1
smoothSolver:  Solving for k, Initial residual = 0.00347107, Final residual = 5.40843e-05, No Iterations 1
ExecutionTime = 36.3324 s  ClockTime = 37 s

Time = 687s

smoothSolver:  Solving for Ux, Initial residual = 0.000385787, Final residual = 1.16368e-05, No Iterations 2
smoothSolver:  Solving for Uy, Initial residual = 0.68427, Final residual = 0.0478627, No Iterations 2
Pressure gradient source: uncorrected Ubar = 10.0001, pressure gradient = 19.571
GAMG:  Solving for p, Initial residual = 0.761629, Final residual = 0.0074265, No Iterations 66
time step continuity errors : sum local = 0.000255833, global = -1.13852e-16, cumulative = -1.11079e-14
Pressure gradient source: uncorrected Ubar = 10, pressure gradient = 19.821
smoothSolver:  Solving for omega, Initial residual = 0.000944125, Final residual = 1.64134e-05, No Iterations 1
smoothSolver:  Solving for k, Initial residual = 0.00504662, Final residual = 5.77209e-05, No Iterations 1
ExecutionTime = 36.387 s  ClockTime = 37 s

Time = 688s

smoothSolver:  Solving for Ux, Initial residual = 0.00056576, Final residual = 1.49912e-05, No Iterations 2
smoothSolver:  Solving for Uy, Initial residual = 0.670316, Final residual = 0.0470657, No Iterations 2
Pressure gradient source: uncorrected Ubar = 9.99965, pressure gradient = 21.6087
GAMG:  Solving for p, Initial residual = 0.272866, Final residual = 0.00253659, No Iterations 74
time step continuity errors : sum local = 0.000310289, global = -3.41881e-16, cumulative = -1.14498e-14
Pressure gradient source: uncorrected Ubar = 9.99988, pressure gradient = 20.4111
smoothSolver:  Solving for omega, Initial residual = 0.00149593, Final residual = 3.99528e-05, No Iterations 1
smoothSolver:  Solving for k, Initial residual = 0.00519078, Final residual = 8.42902e-05, No Iterations 1
ExecutionTime = 36.4423 s  ClockTime = 37 s

Time = 689s

smoothSolver:  Solving for Ux, Initial residual = 0.000541338, Final residual = 1.24709e-05, No Iterations 2
smoothSolver:  Solving for Uy, Initial residual = 0.767455, Final residual = 0.0568463, No Iterations 2
Pressure gradient source: uncorrected Ubar = 9.99989, pressure gradient = 20.9632
GAMG:  Solving for p, Initial residual = 0.764018, Final residual = 0.00762942, No Iterations 62
time step continuity errors : sum local = 0.000327132, global = -7.80628e-17, cumulative = -1.15279e-14
Pressure gradient source: uncorrected Ubar = 9.99997, pressure gradient = 20.5829
smoothSolver:  Solving for omega, Initial residual = 0.00104391, Final residual = 2.94954e-05, No Iterations 1
smoothSolver:  Solving for k, Initial residual = 0.0030246, Final residual = 3.64613e-05, No Iterations 1
ExecutionTime = 36.5026 s  ClockTime = 37 s

Time = 690s

smoothSolver:  Solving for Ux, Initial residual = 0.00039462, Final residual = 1.14343e-05, No Iterations 2
smoothSolver:  Solving for Uy, Initial residual = 0.688456, Final residual = 0.0475398, No Iterations 2
Pressure gradient source: uncorrected Ubar = 10.0004, pressure gradient = 18.5829
GAMG:  Solving for p, Initial residual = 0.272485, Final residual = 0.00260979, No Iterations 66
time step continuity errors : sum local = 0.000287772, global = -3.30587e-16, cumulative = -1.18584e-14
Pressure gradient source: uncorrected Ubar = 10.0001, pressure gradient = 19.8976
smoothSolver:  Solving for omega, Initial residual = 0.000506366, Final residual = 1.52296e-05, No Iterations 1
smoothSolver:  Solving for k, Initial residual = 0.00347074, Final residual = 5.40637e-05, No Iterations 1
ExecutionTime = 36.5605 s  ClockTime = 37 s

Time = 691s

smoothSolver:  Solving for Ux, Initial residual = 0.000385748, Final residual = 1.16345e-05, No Iterations 2
smoothSolver:  Solving for Uy, Initial residual = 0.684422, Final residual = 0.0478739, No Iterations 2
Pressure gradient source: uncorrected Ubar = 10.0001, pressure gradient = 19.5712
GAMG:  Solving for p, Initial residual = 0.761761, Final residual = 0.0074279, No Iterations 66
time step continuity errors : sum local = 0.000255839, global = -2.71278e-16, cumulative = -1.21297e-14
Pressure gradient source: uncorrected Ubar = 10, pressure gradient = 19.8212
smoothSolver:  Solving for omega, Initial residual = 0.000944039, Final residual = 1.64056e-05, No Iterations 1
smoothSolver:  Solving for k, Initial residual = 0.00504624, Final residual = 5.77025e-05, No Iterations 1
ExecutionTime = 36.6022 s  ClockTime = 37 s

Time = 692s

smoothSolver:  Solving for Ux, Initial residual = 0.000565709, Final residual = 1.49883e-05, No Iterations 2
smoothSolver:  Solving for Uy, Initial residual = 0.670357, Final residual = 0.0470687, No Iterations 2
Pressure gradient source: uncorrected Ubar = 9.99965, pressure gradient = 21.609
GAMG:  Solving for p, Initial residual = 0.272863, Final residual = 0.00253681, No Iterations 74
time step continuity errors : sum local = 0.00031032, global = 1.24633e-16, cumulative = -1.20051e-14
Pressure gradient source: uncorrected Ubar = 9.99988, pressure gradient = 20.4113
smoothSolver:  Solving for omega, Initial residual = 0.00149584, Final residual = 3.99448e-05, No Iterations 1
smoothSolver:  Solving for k, Initial residual = 0.0051904, Final residual = 8.42713e-05, No Iterations 1
ExecutionTime = 36.6573 s  ClockTime = 37 s

Time = 693s

smoothSolver:  Solving for Ux, Initial residual = 0.00054136, Final residual = 1.24732e-05, No Iterations 2
smoothSolver:  Solving for Uy, Initial residual = 0.767479, Final residual = 0.0568483, No Iterations 2
Pressure gradient source: uncorrected Ubar = 9.99989, pressure gradient = 20.9632
GAMG:  Solving for p, Initial residual = 0.763959, Final residual = 0.00701859, No Iterations 64
time step continuity errors : sum local = 0.000300948, global = -2.95206e-16, cumulative = -1.23003e-14
Pressure gradient source: uncorrected Ubar = 9.99997, pressure gradient = 20.5831
smoothSolver:  Solving for omega, Initial residual = 0.00104382, Final residual = 2.94871e-05, No Iterations 1
smoothSolver:  Solving for k, Initial residual = 0.00302431, Final residual = 3.64427e-05, No Iterations 1
ExecutionTime = 36.7093 s  ClockTime = 37 s

Time = 694s

smoothSolver:  Solving for Ux, Initial residual = 0.000394708, Final residual = 1.14415e-05, No Iterations 2
smoothSolver:  Solving for Uy, Initial residual = 0.688012, Final residual = 0.0475407, No Iterations 2
Pressure gradient source: uncorrected Ubar = 10.0004, pressure gradient = 18.583
GAMG:  Solving for p, Initial residual = 0.271926, Final residual = 0.00260289, No Iterations 66
time step continuity errors : sum local = 0.000287562, global = -1.67347e-16, cumulative = -1.24676e-14
Pressure gradient source: uncorrected Ubar = 10.0001, pressure gradient = 19.8978
smoothSolver:  Solving for omega, Initial residual = 0.000506288, Final residual = 1.52217e-05, No Iterations 1
smoothSolver:  Solving for k, Initial residual = 0.00347044, Final residual = 5.40444e-05, No Iterations 1
ExecutionTime = 36.762 s  ClockTime = 37 s

Time = 695s

smoothSolver:  Solving for Ux, Initial residual = 0.000385706, Final residual = 1.1632e-05, No Iterations 2
smoothSolver:  Solving for Uy, Initial residual = 0.685694, Final residual = 0.047958, No Iterations 2
Pressure gradient source: uncorrected Ubar = 10.0001, pressure gradient = 19.5714
GAMG:  Solving for p, Initial residual = 0.762487, Final residual = 0.00741029, No Iterations 66
time step continuity errors : sum local = 0.000254962, global = 1.14455e-17, cumulative = -1.24562e-14
Pressure gradient source: uncorrected Ubar = 10, pressure gradient = 19.8213
smoothSolver:  Solving for omega, Initial residual = 0.000943956, Final residual = 1.63982e-05, No Iterations 1
smoothSolver:  Solving for k, Initial residual = 0.00504588, Final residual = 5.76854e-05, No Iterations 1
ExecutionTime = 36.811 s  ClockTime = 37 s

Time = 696s

smoothSolver:  Solving for Ux, Initial residual = 0.000565722, Final residual = 1.49906e-05, No Iterations 2
smoothSolver:  Solving for Uy, Initial residual = 0.670222, Final residual = 0.0470596, No Iterations 2
Pressure gradient source: uncorrected Ubar = 9.99965, pressure gradient = 21.6092
GAMG:  Solving for p, Initial residual = 0.272491, Final residual = 0.00253343, No Iterations 74
time step continuity errors : sum local = 0.000310337, global = 1.38141e-16, cumulative = -1.23181e-14
Pressure gradient source: uncorrected Ubar = 9.99988, pressure gradient = 20.4115
smoothSolver:  Solving for omega, Initial residual = 0.00149575, Final residual = 3.99372e-05, No Iterations 1
smoothSolver:  Solving for k, Initial residual = 0.00519005, Final residual = 8.42535e-05, No Iterations 1
ExecutionTime = 36.8616 s  ClockTime = 37 s

Time = 697s

smoothSolver:  Solving for Ux, Initial residual = 0.00054143, Final residual = 1.24791e-05, No Iterations 2
smoothSolver:  Solving for Uy, Initial residual = 0.767487, Final residual = 0.0568334, No Iterations 2
Pressure gradient source: uncorrected Ubar = 9.99989, pressure gradient = 20.9633
GAMG:  Solving for p, Initial residual = 0.765937, Final residual = 0.00702303, No Iterations 64
time step continuity errors : sum local = 0.000300335, global = 3.62382e-18, cumulative = -1.23144e-14
Pressure gradient source: uncorrected Ubar = 9.99997, pressure gradient = 20.5832
smoothSolver:  Solving for omega, Initial residual = 0.00104373, Final residual = 2.9479e-05, No Iterations 1
smoothSolver:  Solving for k, Initial residual = 0.00302403, Final residual = 3.64249e-05, No Iterations 1
ExecutionTime = 36.9077 s  ClockTime = 37 s

Time = 698s

smoothSolver:  Solving for Ux, Initial residual = 0.000394722, Final residual = 1.14431e-05, No Iterations 2
smoothSolver:  Solving for Uy, Initial residual = 0.688322, Final residual = 0.0475457, No Iterations 2
Pressure gradient source: uncorrected Ubar = 10.0004, pressure gradient = 18.5831
GAMG:  Solving for p, Initial residual = 0.271913, Final residual = 0.00260394, No Iterations 66
time step continuity errors : sum local = 0.000287704, global = 1.15827e-16, cumulative = -1.21986e-14
Pressure gradient source: uncorrected Ubar = 10.0001, pressure gradient = 19.8979
smoothSolver:  Solving for omega, Initial residual = 0.000506211, Final residual = 1.5214e-05, No Iterations 1
smoothSolver:  Solving for k, Initial residual = 0.00347014, Final residual = 5.4026e-05, No Iterations 1
ExecutionTime = 36.9592 s  ClockTime = 37 s

Time = 699s

smoothSolver:  Solving for Ux, Initial residual = 0.000385692, Final residual = 1.16316e-05, No Iterations 2
smoothSolver:  Solving for Uy, Initial residual = 0.685539, Final residual = 0.0479505, No Iterations 2
Pressure gradient source: uncorrected Ubar = 10.0001, pressure gradient = 19.5717
GAMG:  Solving for p, Initial residual = 0.760482, Final residual = 0.00744144, No Iterations 66
time step continuity errors : sum local = 0.000256712, global = -9.55332e-18, cumulative = -1.22082e-14
Pressure gradient source: uncorrected Ubar = 10, pressure gradient = 19.8215
smoothSolver:  Solving for omega, Initial residual = 0.000943877, Final residual = 1.6391e-05, No Iterations 1
smoothSolver:  Solving for k, Initial residual = 0.00504554, Final residual = 5.76695e-05, No Iterations 1
ExecutionTime = 37.0178 s  ClockTime = 37 s

Time = 700s

smoothSolver:  Solving for Ux, Initial residual = 0.000565646, Final residual = 1.49854e-05, No Iterations 2
smoothSolver:  Solving for Uy, Initial residual = 0.670379, Final residual = 0.0470751, No Iterations 2
Pressure gradient source: uncorrected Ubar = 9.99965, pressure gradient = 21.6094
GAMG:  Solving for p, Initial residual = 0.272655, Final residual = 0.002535, No Iterations 74
time step continuity errors : sum local = 0.000310343, global = -5.92597e-18, cumulative = -1.22141e-14
Pressure gradient source: uncorrected Ubar = 9.99988, pressure gradient = 20.4117
smoothSolver:  Solving for omega, Initial residual = 0.00149566, Final residual = 3.99299e-05, No Iterations 1
smoothSolver:  Solving for k, Initial residual = 0.00518971, Final residual = 8.42371e-05, No Iterations 1
ExecutionTime = 37.0944 s  ClockTime = 37 s

yPlus yPlus write:
    writing object yPlus
    patch bottomWall y+ : min = 11.1087, max = 11.5752, average = 11.1993
    patch topWall y+ : min = 11.1108, max = 11.5729, average = 11.178

wallShearStress wallShearStress write:
    writing object wallShearStress
    min/max(bottomWall) = (-0.303719 -0.000121404 0), (-0.301621 0.00013087 0)
    min/max(topWall) = (-0.30367 -0.000128855 0), (-0.30166 5.77581e-05 0)

Time = 701s

smoothSolver:  Solving for Ux, Initial residual = 0.000541446, Final residual = 1.2481e-05, No Iterations 2
smoothSolver:  Solving for Uy, Initial residual = 0.767368, Final residual = 0.0568244, No Iterations 2
Pressure gradient source: uncorrected Ubar = 9.99989, pressure gradient = 20.9634
GAMG:  Solving for p, Initial residual = 0.766029, Final residual = 0.0076582, No Iterations 62
time step continuity errors : sum local = 0.000327501, global = -1.38165e-16, cumulative = -1.23522e-14
Pressure gradient source: uncorrected Ubar = 9.99997, pressure gradient = 20.5834
smoothSolver:  Solving for omega, Initial residual = 0.00104365, Final residual = 2.94714e-05, No Iterations 1
smoothSolver:  Solving for k, Initial residual = 0.00302377, Final residual = 3.64083e-05, No Iterations 1
ExecutionTime = 37.1376 s  ClockTime = 37 s

Time = 702s

smoothSolver:  Solving for Ux, Initial residual = 0.00039465, Final residual = 1.14382e-05, No Iterations 2
smoothSolver:  Solving for Uy, Initial residual = 0.689004, Final residual = 0.0475667, No Iterations 2
Pressure gradient source: uncorrected Ubar = 10.0004, pressure gradient = 18.5832
GAMG:  Solving for p, Initial residual = 0.272604, Final residual = 0.0026117, No Iterations 66
time step continuity errors : sum local = 0.000287849, global = -1.51455e-16, cumulative = -1.25037e-14
Pressure gradient source: uncorrected Ubar = 10.0001, pressure gradient = 19.898
smoothSolver:  Solving for omega, Initial residual = 0.000506138, Final residual = 1.52066e-05, No Iterations 1
smoothSolver:  Solving for k, Initial residual = 0.00346986, Final residual = 5.40088e-05, No Iterations 1
ExecutionTime = 37.1862 s  ClockTime = 37 s

Time = 703s

smoothSolver:  Solving for Ux, Initial residual = 0.000385645, Final residual = 1.16287e-05, No Iterations 2
smoothSolver:  Solving for Uy, Initial residual = 0.684398, Final residual = 0.0478763, No Iterations 2
Pressure gradient source: uncorrected Ubar = 10.0001, pressure gradient = 19.5719
GAMG:  Solving for p, Initial residual = 0.76103, Final residual = 0.00741722, No Iterations 66
time step continuity errors : sum local = 0.000255726, global = -7.67215e-17, cumulative = -1.25804e-14
Pressure gradient source: uncorrected Ubar = 10, pressure gradient = 19.8217
smoothSolver:  Solving for omega, Initial residual = 0.000943802, Final residual = 1.63843e-05, No Iterations 1
smoothSolver:  Solving for k, Initial residual = 0.00504522, Final residual = 5.76546e-05, No Iterations 1
ExecutionTime = 37.2369 s  ClockTime = 37 s

Time = 704s

smoothSolver:  Solving for Ux, Initial residual = 0.000565542, Final residual = 1.49781e-05, No Iterations 2
smoothSolver:  Solving for Uy, Initial residual = 0.670503, Final residual = 0.0470861, No Iterations 2
Pressure gradient source: uncorrected Ubar = 9.99965, pressure gradient = 21.6096
GAMG:  Solving for p, Initial residual = 0.273013, Final residual = 0.00253781, No Iterations 74
time step continuity errors : sum local = 0.000310274, global = -4.53039e-16, cumulative = -1.30335e-14
Pressure gradient source: uncorrected Ubar = 9.99988, pressure gradient = 20.4118
smoothSolver:  Solving for omega, Initial residual = 0.00149558, Final residual = 3.99229e-05, No Iterations 1
smoothSolver:  Solving for k, Initial residual = 0.00518939, Final residual = 8.42219e-05, No Iterations 1
ExecutionTime = 37.2971 s  ClockTime = 37 s

Time = 705s

smoothSolver:  Solving for Ux, Initial residual = 0.000541409, Final residual = 1.2479e-05, No Iterations 2
smoothSolver:  Solving for Uy, Initial residual = 0.767505, Final residual = 0.0568519, No Iterations 2
Pressure gradient source: uncorrected Ubar = 9.99989, pressure gradient = 20.9634
GAMG:  Solving for p, Initial residual = 0.76336, Final residual = 0.00761304, No Iterations 62
time step continuity errors : sum local = 0.000326727, global = -4.85089e-16, cumulative = -1.35186e-14
Pressure gradient source: uncorrected Ubar = 9.99997, pressure gradient = 20.5835
smoothSolver:  Solving for omega, Initial residual = 0.00104357, Final residual = 2.94642e-05, No Iterations 1
smoothSolver:  Solving for k, Initial residual = 0.00302353, Final residual = 3.63931e-05, No Iterations 1
ExecutionTime = 37.3495 s  ClockTime = 38 s

Time = 706s

smoothSolver:  Solving for Ux, Initial residual = 0.000394673, Final residual = 1.14405e-05, No Iterations 2
smoothSolver:  Solving for Uy, Initial residual = 0.688801, Final residual = 0.0475685, No Iterations 2
Pressure gradient source: uncorrected Ubar = 10.0004, pressure gradient = 18.5833
GAMG:  Solving for p, Initial residual = 0.272553, Final residual = 0.00261001, No Iterations 66
time step continuity errors : sum local = 0.000287728, global = 1.09057e-16, cumulative = -1.34095e-14
Pressure gradient source: uncorrected Ubar = 10.0001, pressure gradient = 19.8981
smoothSolver:  Solving for omega, Initial residual = 0.00050607, Final residual = 1.51997e-05, No Iterations 1
smoothSolver:  Solving for k, Initial residual = 0.0034696, Final residual = 5.39929e-05, No Iterations 1
ExecutionTime = 37.4001 s  ClockTime = 38 s

Time = 707s

smoothSolver:  Solving for Ux, Initial residual = 0.000385593, Final residual = 1.16253e-05, No Iterations 2
smoothSolver:  Solving for Uy, Initial residual = 0.684914, Final residual = 0.0479104, No Iterations 2
Pressure gradient source: uncorrected Ubar = 10.0001, pressure gradient = 19.5721
GAMG:  Solving for p, Initial residual = 0.763136, Final residual = 0.00743938, No Iterations 66
time step continuity errors : sum local = 0.000255778, global = 1.20433e-16, cumulative = -1.32891e-14
Pressure gradient source: uncorrected Ubar = 10, pressure gradient = 19.8218
smoothSolver:  Solving for omega, Initial residual = 0.00094373, Final residual = 1.63778e-05, No Iterations 1
smoothSolver:  Solving for k, Initial residual = 0.00504492, Final residual = 5.76408e-05, No Iterations 1
ExecutionTime = 37.4479 s  ClockTime = 38 s

Time = 708s

smoothSolver:  Solving for Ux, Initial residual = 0.000565531, Final residual = 1.49783e-05, No Iterations 2
smoothSolver:  Solving for Uy, Initial residual = 0.670408, Final residual = 0.0470718, No Iterations 2
Pressure gradient source: uncorrected Ubar = 9.99965, pressure gradient = 21.6098
GAMG:  Solving for p, Initial residual = 0.272824, Final residual = 0.0025364, No Iterations 74
time step continuity errors : sum local = 0.000310318, global = 2.43214e-16, cumulative = -1.30458e-14
Pressure gradient source: uncorrected Ubar = 9.99988, pressure gradient = 20.412
smoothSolver:  Solving for omega, Initial residual = 0.0014955, Final residual = 3.99163e-05, No Iterations 1
smoothSolver:  Solving for k, Initial residual = 0.00518909, Final residual = 8.42075e-05, No Iterations 1
ExecutionTime = 37.4995 s  ClockTime = 38 s

Time = 709s

smoothSolver:  Solving for Ux, Initial residual = 0.000541441, Final residual = 1.24819e-05, No Iterations 2
smoothSolver:  Solving for Uy, Initial residual = 0.767622, Final residual = 0.0568609, No Iterations 2
Pressure gradient source: uncorrected Ubar = 9.99989, pressure gradient = 20.9635
GAMG:  Solving for p, Initial residual = 0.763432, Final residual = 0.00762314, No Iterations 62
time step continuity errors : sum local = 0.000327125, global = -7.22697e-17, cumulative = -1.31181e-14
Pressure gradient source: uncorrected Ubar = 9.99997, pressure gradient = 20.5836
smoothSolver:  Solving for omega, Initial residual = 0.00104349, Final residual = 2.94573e-05, No Iterations 1
smoothSolver:  Solving for k, Initial residual = 0.00302329, Final residual = 3.63785e-05, No Iterations 1
ExecutionTime = 37.5506 s  ClockTime = 38 s

Time = 710s

smoothSolver:  Solving for Ux, Initial residual = 0.000394699, Final residual = 1.1443e-05, No Iterations 2
smoothSolver:  Solving for Uy, Initial residual = 0.688855, Final residual = 0.0475666, No Iterations 2
Pressure gradient source: uncorrected Ubar = 10.0004, pressure gradient = 18.5834
GAMG:  Solving for p, Initial residual = 0.272425, Final residual = 0.00260902, No Iterations 66
time step continuity errors : sum local = 0.000287763, global = -3.03297e-17, cumulative = -1.31484e-14
Pressure gradient source: uncorrected Ubar = 10.0001, pressure gradient = 19.8983
smoothSolver:  Solving for omega, Initial residual = 0.000506004, Final residual = 1.51931e-05, No Iterations 1
smoothSolver:  Solving for k, Initial residual = 0.00346935, Final residual = 5.39778e-05, No Iterations 1
ExecutionTime = 37.6001 s  ClockTime = 38 s

Time = 711s

smoothSolver:  Solving for Ux, Initial residual = 0.000385572, Final residual = 1.16244e-05, No Iterations 2
smoothSolver:  Solving for Uy, Initial residual = 0.685094, Final residual = 0.0479234, No Iterations 2
Pressure gradient source: uncorrected Ubar = 10.0001, pressure gradient = 19.5723
GAMG:  Solving for p, Initial residual = 0.762035, Final residual = 0.00743355, No Iterations 66
time step continuity errors : sum local = 0.000255945, global = 4.62568e-16, cumulative = -1.26859e-14
Pressure gradient source: uncorrected Ubar = 10, pressure gradient = 19.822
smoothSolver:  Solving for omega, Initial residual = 0.000943662, Final residual = 1.63717e-05, No Iterations 1
smoothSolver:  Solving for k, Initial residual = 0.00504464, Final residual = 5.76279e-05, No Iterations 1
ExecutionTime = 37.6468 s  ClockTime = 38 s

Time = 712s

smoothSolver:  Solving for Ux, Initial residual = 0.000565483, Final residual = 1.49754e-05, No Iterations 2
smoothSolver:  Solving for Uy, Initial residual = 0.670418, Final residual = 0.0470722, No Iterations 2
Pressure gradient source: uncorrected Ubar = 9.99965, pressure gradient = 21.61
GAMG:  Solving for p, Initial residual = 0.272827, Final residual = 0.00253636, No Iterations 74
time step continuity errors : sum local = 0.000310313, global = -1.27833e-16, cumulative = -1.28137e-14
Pressure gradient source: uncorrected Ubar = 9.99988, pressure gradient = 20.4122
smoothSolver:  Solving for omega, Initial residual = 0.00149542, Final residual = 3.991e-05, No Iterations 1
smoothSolver:  Solving for k, Initial residual = 0.00518881, Final residual = 8.41941e-05, No Iterations 1
ExecutionTime = 37.6952 s  ClockTime = 38 s

Time = 713s

smoothSolver:  Solving for Ux, Initial residual = 0.000541461, Final residual = 1.24841e-05, No Iterations 2
smoothSolver:  Solving for Uy, Initial residual = 0.767572, Final residual = 0.0568555, No Iterations 2
Pressure gradient source: uncorrected Ubar = 9.99989, pressure gradient = 20.9635
GAMG:  Solving for p, Initial residual = 0.763938, Final residual = 0.00762529, No Iterations 62
time step continuity errors : sum local = 0.000327005, global = 2.28611e-17, cumulative = -1.27909e-14
Pressure gradient source: uncorrected Ubar = 9.99997, pressure gradient = 20.5838
smoothSolver:  Solving for omega, Initial residual = 0.00104342, Final residual = 2.94506e-05, No Iterations 1
smoothSolver:  Solving for k, Initial residual = 0.00302307, Final residual = 3.63649e-05, No Iterations 1
ExecutionTime = 37.7398 s  ClockTime = 38 s

Time = 714s

smoothSolver:  Solving for Ux, Initial residual = 0.000394705, Final residual = 1.1444e-05, No Iterations 2
smoothSolver:  Solving for Uy, Initial residual = 0.689007, Final residual = 0.0475784, No Iterations 2
Pressure gradient source: uncorrected Ubar = 10.0004, pressure gradient = 18.5835
GAMG:  Solving for p, Initial residual = 0.272499, Final residual = 0.00261042, No Iterations 66
time step continuity errors : sum local = 0.000287835, global = -3.67167e-16, cumulative = -1.3158e-14
Pressure gradient source: uncorrected Ubar = 10.0001, pressure gradient = 19.8984
smoothSolver:  Solving for omega, Initial residual = 0.000505942, Final residual = 1.51868e-05, No Iterations 1
smoothSolver:  Solving for k, Initial residual = 0.00346912, Final residual = 5.39637e-05, No Iterations 1
ExecutionTime = 37.7886 s  ClockTime = 38 s

Time = 715s

smoothSolver:  Solving for Ux, Initial residual = 0.000385537, Final residual = 1.16223e-05, No Iterations 2
smoothSolver:  Solving for Uy, Initial residual = 0.685099, Final residual = 0.0479236, No Iterations 2
Pressure gradient source: uncorrected Ubar = 10.0001, pressure gradient = 19.5725
GAMG:  Solving for p, Initial residual = 0.762326, Final residual = 0.00743247, No Iterations 66
time step continuity errors : sum local = 0.000255811, global = -3.38925e-16, cumulative = -1.34969e-14
Pressure gradient source: uncorrected Ubar = 10, pressure gradient = 19.8221
smoothSolver:  Solving for omega, Initial residual = 0.000943597, Final residual = 1.63658e-05, No Iterations 1
smoothSolver:  Solving for k, Initial residual = 0.00504437, Final residual = 5.7616e-05, No Iterations 1
ExecutionTime = 37.8367 s  ClockTime = 38 s

Time = 716s

smoothSolver:  Solving for Ux, Initial residual = 0.000565439, Final residual = 1.49728e-05, No Iterations 2
smoothSolver:  Solving for Uy, Initial residual = 0.67041, Final residual = 0.0470735, No Iterations 2
Pressure gradient source: uncorrected Ubar = 9.99965, pressure gradient = 21.6102
GAMG:  Solving for p, Initial residual = 0.272871, Final residual = 0.00253698, No Iterations 74
time step continuity errors : sum local = 0.000310339, global = -4.39496e-16, cumulative = -1.39364e-14
Pressure gradient source: uncorrected Ubar = 9.99988, pressure gradient = 20.4123
smoothSolver:  Solving for omega, Initial residual = 0.00149535, Final residual = 3.9904e-05, No Iterations 1
smoothSolver:  Solving for k, Initial residual = 0.00518854, Final residual = 8.41818e-05, No Iterations 1
ExecutionTime = 37.8908 s  ClockTime = 38 s

Time = 717s

smoothSolver:  Solving for Ux, Initial residual = 0.000541477, Final residual = 1.24859e-05, No Iterations 2
smoothSolver:  Solving for Uy, Initial residual = 0.767558, Final residual = 0.0568552, No Iterations 2
Pressure gradient source: uncorrected Ubar = 9.99989, pressure gradient = 20.9636
GAMG:  Solving for p, Initial residual = 0.763536, Final residual = 0.00762208, No Iterations 62
time step continuity errors : sum local = 0.000327042, global = -3.27309e-16, cumulative = -1.42638e-14
Pressure gradient source: uncorrected Ubar = 9.99997, pressure gradient = 20.5839
smoothSolver:  Solving for omega, Initial residual = 0.00104335, Final residual = 2.94444e-05, No Iterations 1
smoothSolver:  Solving for k, Initial residual = 0.00302286, Final residual = 3.6352e-05, No Iterations 1
ExecutionTime = 37.9473 s  ClockTime = 38 s

Time = 718s

smoothSolver:  Solving for Ux, Initial residual = 0.00039472, Final residual = 1.14456e-05, No Iterations 2
smoothSolver:  Solving for Uy, Initial residual = 0.689118, Final residual = 0.047587, No Iterations 2
Pressure gradient source: uncorrected Ubar = 10.0004, pressure gradient = 18.5835
GAMG:  Solving for p, Initial residual = 0.27249, Final residual = 0.00260971, No Iterations 66
time step continuity errors : sum local = 0.000287767, global = 6.49878e-16, cumulative = -1.36139e-14
Pressure gradient source: uncorrected Ubar = 10.0001, pressure gradient = 19.8985
smoothSolver:  Solving for omega, Initial residual = 0.000505882, Final residual = 1.51807e-05, No Iterations 1
smoothSolver:  Solving for k, Initial residual = 0.0034689, Final residual = 5.39505e-05, No Iterations 1
ExecutionTime = 37.9895 s  ClockTime = 38 s

Time = 719s

smoothSolver:  Solving for Ux, Initial residual = 0.000385507, Final residual = 1.16206e-05, No Iterations 2
smoothSolver:  Solving for Uy, Initial residual = 0.685188, Final residual = 0.0479306, No Iterations 2
Pressure gradient source: uncorrected Ubar = 10.0001, pressure gradient = 19.5727
GAMG:  Solving for p, Initial residual = 0.762649, Final residual = 0.00743764, No Iterations 66
time step continuity errors : sum local = 0.000255882, global = -3.16861e-17, cumulative = -1.36456e-14
Pressure gradient source: uncorrected Ubar = 10, pressure gradient = 19.8222
smoothSolver:  Solving for omega, Initial residual = 0.000943535, Final residual = 1.63602e-05, No Iterations 1
smoothSolver:  Solving for k, Initial residual = 0.00504412, Final residual = 5.76048e-05, No Iterations 1
ExecutionTime = 38.0343 s  ClockTime = 38 s

Time = 720s

smoothSolver:  Solving for Ux, Initial residual = 0.000565402, Final residual = 1.49708e-05, No Iterations 2
smoothSolver:  Solving for Uy, Initial residual = 0.670369, Final residual = 0.0470702, No Iterations 2
Pressure gradient source: uncorrected Ubar = 9.99965, pressure gradient = 21.6104
GAMG:  Solving for p, Initial residual = 0.27284, Final residual = 0.00253679, No Iterations 74
time step continuity errors : sum local = 0.000310353, global = 3.38235e-16, cumulative = -1.33073e-14
Pressure gradient source: uncorrected Ubar = 9.99988, pressure gradient = 20.4125
smoothSolver:  Solving for omega, Initial residual = 0.00149528, Final residual = 3.98983e-05, No Iterations 1
smoothSolver:  Solving for k, Initial residual = 0.00518829, Final residual = 8.41702e-05, No Iterations 1
ExecutionTime = 38.0836 s  ClockTime = 38 s

Time = 721s

smoothSolver:  Solving for Ux, Initial residual = 0.000541496, Final residual = 1.24878e-05, No Iterations 2
smoothSolver:  Solving for Uy, Initial residual = 0.767606, Final residual = 0.056859, No Iterations 2
Pressure gradient source: uncorrected Ubar = 9.99989, pressure gradient = 20.9637
GAMG:  Solving for p, Initial residual = 0.763522, Final residual = 0.00762359, No Iterations 62
time step continuity errors : sum local = 0.000327105, global = 6.06074e-17, cumulative = -1.32467e-14
Pressure gradient source: uncorrected Ubar = 9.99997, pressure gradient = 20.584
smoothSolver:  Solving for omega, Initial residual = 0.00104328, Final residual = 2.94383e-05, No Iterations 1
smoothSolver:  Solving for k, Initial residual = 0.00302267, Final residual = 3.634e-05, No Iterations 1
ExecutionTime = 38.1255 s  ClockTime = 38 s

Time = 722s

smoothSolver:  Solving for Ux, Initial residual = 0.000394734, Final residual = 1.14471e-05, No Iterations 2
smoothSolver:  Solving for Uy, Initial residual = 0.689206, Final residual = 0.0475926, No Iterations 2
Pressure gradient source: uncorrected Ubar = 10.0004, pressure gradient = 18.5836
GAMG:  Solving for p, Initial residual = 0.272469, Final residual = 0.00261024, No Iterations 66
time step continuity errors : sum local = 0.000287848, global = 2.13745e-16, cumulative = -1.3033e-14
Pressure gradient source: uncorrected Ubar = 10.0001, pressure gradient = 19.8986
smoothSolver:  Solving for omega, Initial residual = 0.000505825, Final residual = 1.5175e-05, No Iterations 1
smoothSolver:  Solving for k, Initial residual = 0.0034687, Final residual = 5.3938e-05, No Iterations 1
ExecutionTime = 38.1717 s  ClockTime = 38 s

Time = 723s

smoothSolver:  Solving for Ux, Initial residual = 0.000385478, Final residual = 1.16189e-05, No Iterations 2
smoothSolver:  Solving for Uy, Initial residual = 0.685265, Final residual = 0.047936, No Iterations 2
Pressure gradient source: uncorrected Ubar = 10.0001, pressure gradient = 19.5729
GAMG:  Solving for p, Initial residual = 0.762566, Final residual = 0.00743683, No Iterations 66
time step continuity errors : sum local = 0.000255883, global = 4.35099e-16, cumulative = -1.25979e-14
Pressure gradient source: uncorrected Ubar = 10, pressure gradient = 19.8224
smoothSolver:  Solving for omega, Initial residual = 0.000943476, Final residual = 1.63549e-05, No Iterations 1
smoothSolver:  Solving for k, Initial residual = 0.00504388, Final residual = 5.75943e-05, No Iterations 1
ExecutionTime = 38.2173 s  ClockTime = 38 s

Time = 724s

smoothSolver:  Solving for Ux, Initial residual = 0.000565364, Final residual = 1.49686e-05, No Iterations 2
smoothSolver:  Solving for Uy, Initial residual = 0.670341, Final residual = 0.047068, No Iterations 2
Pressure gradient source: uncorrected Ubar = 9.99965, pressure gradient = 21.6106
GAMG:  Solving for p, Initial residual = 0.272844, Final residual = 0.00253658, No Iterations 74
time step continuity errors : sum local = 0.000310324, global = -8.01353e-18, cumulative = -1.26059e-14
Pressure gradient source: uncorrected Ubar = 9.99988, pressure gradient = 20.4126
smoothSolver:  Solving for omega, Initial residual = 0.00149522, Final residual = 3.98928e-05, No Iterations 1
smoothSolver:  Solving for k, Initial residual = 0.00518805, Final residual = 8.41594e-05, No Iterations 1
ExecutionTime = 38.267 s  ClockTime = 38 s

Time = 725s

smoothSolver:  Solving for Ux, Initial residual = 0.000541513, Final residual = 1.24896e-05, No Iterations 2
smoothSolver:  Solving for Uy, Initial residual = 0.767627, Final residual = 0.0568607, No Iterations 2
Pressure gradient source: uncorrected Ubar = 9.99989, pressure gradient = 20.9637
GAMG:  Solving for p, Initial residual = 0.763528, Final residual = 0.00762209, No Iterations 62
time step continuity errors : sum local = 0.000327049, global = -1.88715e-16, cumulative = -1.27946e-14
Pressure gradient source: uncorrected Ubar = 9.99997, pressure gradient = 20.5841
smoothSolver:  Solving for omega, Initial residual = 0.00104322, Final residual = 2.94326e-05, No Iterations 1
smoothSolver:  Solving for k, Initial residual = 0.00302248, Final residual = 3.63287e-05, No Iterations 1
ExecutionTime = 38.3108 s  ClockTime = 39 s

Time = 726s

smoothSolver:  Solving for Ux, Initial residual = 0.000394746, Final residual = 1.14484e-05, No Iterations 2
smoothSolver:  Solving for Uy, Initial residual = 0.6893, Final residual = 0.0475995, No Iterations 2
Pressure gradient source: uncorrected Ubar = 10.0004, pressure gradient = 18.5837
GAMG:  Solving for p, Initial residual = 0.272483, Final residual = 0.00261062, No Iterations 66
time step continuity errors : sum local = 0.000287883, global = -5.62395e-16, cumulative = -1.3357e-14
Pressure gradient source: uncorrected Ubar = 10.0001, pressure gradient = 19.8987
smoothSolver:  Solving for omega, Initial residual = 0.000505771, Final residual = 1.51695e-05, No Iterations 1
smoothSolver:  Solving for k, Initial residual = 0.0034685, Final residual = 5.39263e-05, No Iterations 1
ExecutionTime = 38.3557 s  ClockTime = 39 s

Time = 727s

smoothSolver:  Solving for Ux, Initial residual = 0.000385449, Final residual = 1.16173e-05, No Iterations 2
smoothSolver:  Solving for Uy, Initial residual = 0.685304, Final residual = 0.0479391, No Iterations 2
Pressure gradient source: uncorrected Ubar = 10.0001, pressure gradient = 19.573
GAMG:  Solving for p, Initial residual = 0.762681, Final residual = 0.007437, No Iterations 66
time step continuity errors : sum local = 0.000255848, global = 2.58086e-16, cumulative = -1.30989e-14
Pressure gradient source: uncorrected Ubar = 10, pressure gradient = 19.8225
smoothSolver:  Solving for omega, Initial residual = 0.00094342, Final residual = 1.63498e-05, No Iterations 1
smoothSolver:  Solving for k, Initial residual = 0.00504365, Final residual = 5.75846e-05, No Iterations 1
ExecutionTime = 38.4017 s  ClockTime = 39 s

Time = 728s

smoothSolver:  Solving for Ux, Initial residual = 0.000565327, Final residual = 1.49665e-05, No Iterations 2
smoothSolver:  Solving for Uy, Initial residual = 0.670313, Final residual = 0.0470662, No Iterations 2
Pressure gradient source: uncorrected Ubar = 9.99965, pressure gradient = 21.6108
GAMG:  Solving for p, Initial residual = 0.272849, Final residual = 0.00253652, No Iterations 74
time step continuity errors : sum local = 0.000310312, global = 1.08661e-17, cumulative = -1.3088e-14
Pressure gradient source: uncorrected Ubar = 9.99988, pressure gradient = 20.4128
smoothSolver:  Solving for omega, Initial residual = 0.00149515, Final residual = 3.98876e-05, No Iterations 1
smoothSolver:  Solving for k, Initial residual = 0.00518782, Final residual = 8.41493e-05, No Iterations 1
ExecutionTime = 38.4472 s  ClockTime = 39 s

Time = 729s

smoothSolver:  Solving for Ux, Initial residual = 0.00054153, Final residual = 1.24914e-05, No Iterations 2
smoothSolver:  Solving for Uy, Initial residual = 0.767657, Final residual = 0.0568631, No Iterations 2
Pressure gradient source: uncorrected Ubar = 9.99989, pressure gradient = 20.9638
GAMG:  Solving for p, Initial residual = 0.763452, Final residual = 0.00762351, No Iterations 62
time step continuity errors : sum local = 0.000327137, global = 1.87262e-16, cumulative = -1.29008e-14
Pressure gradient source: uncorrected Ubar = 9.99997, pressure gradient = 20.5842
smoothSolver:  Solving for omega, Initial residual = 0.00104316, Final residual = 2.94271e-05, No Iterations 1
smoothSolver:  Solving for k, Initial residual = 0.0030223, Final residual = 3.63179e-05, No Iterations 1
ExecutionTime = 38.4901 s  ClockTime = 39 s

Time = 730s

smoothSolver:  Solving for Ux, Initial residual = 0.000394757, Final residual = 1.14498e-05, No Iterations 2
smoothSolver:  Solving for Uy, Initial residual = 0.689385, Final residual = 0.0476057, No Iterations 2
Pressure gradient source: uncorrected Ubar = 10.0004, pressure gradient = 18.5838
GAMG:  Solving for p, Initial residual = 0.272481, Final residual = 0.00261049, No Iterations 66
time step continuity errors : sum local = 0.000287873, global = 4.467e-16, cumulative = -1.24541e-14
Pressure gradient source: uncorrected Ubar = 10.0001, pressure gradient = 19.8988
smoothSolver:  Solving for omega, Initial residual = 0.000505719, Final residual = 1.51643e-05, No Iterations 1
smoothSolver:  Solving for k, Initial residual = 0.00346831, Final residual = 5.39151e-05, No Iterations 1
ExecutionTime = 38.5376 s  ClockTime = 39 s

Time = 731s

smoothSolver:  Solving for Ux, Initial residual = 0.000385421, Final residual = 1.16157e-05, No Iterations 2
smoothSolver:  Solving for Uy, Initial residual = 0.685345, Final residual = 0.0479422, No Iterations 2
Pressure gradient source: uncorrected Ubar = 10.0001, pressure gradient = 19.5732
GAMG:  Solving for p, Initial residual = 0.762796, Final residual = 0.00743772, No Iterations 66
time step continuity errors : sum local = 0.000255835, global = 3.30248e-16, cumulative = -1.21238e-14
Pressure gradient source: uncorrected Ubar = 10, pressure gradient = 19.8226
smoothSolver:  Solving for omega, Initial residual = 0.000943366, Final residual = 1.6345e-05, No Iterations 1
smoothSolver:  Solving for k, Initial residual = 0.00504344, Final residual = 5.75755e-05, No Iterations 1
ExecutionTime = 38.5883 s  ClockTime = 39 s

Time = 732s

smoothSolver:  Solving for Ux, Initial residual = 0.000565291, Final residual = 1.49645e-05, No Iterations 2
smoothSolver:  Solving for Uy, Initial residual = 0.670287, Final residual = 0.0470645, No Iterations 2
Pressure gradient source: uncorrected Ubar = 9.99965, pressure gradient = 21.6109
GAMG:  Solving for p, Initial residual = 0.272843, Final residual = 0.00253676, No Iterations 74
time step continuity errors : sum local = 0.000310349, global = 1.02256e-16, cumulative = -1.20216e-14
Pressure gradient source: uncorrected Ubar = 9.99988, pressure gradient = 20.4129
smoothSolver:  Solving for omega, Initial residual = 0.0014951, Final residual = 3.98827e-05, No Iterations 1
smoothSolver:  Solving for k, Initial residual = 0.0051876, Final residual = 8.41399e-05, No Iterations 1
ExecutionTime = 38.6413 s  ClockTime = 39 s

Time = 733s

smoothSolver:  Solving for Ux, Initial residual = 0.000541546, Final residual = 1.24931e-05, No Iterations 2
smoothSolver:  Solving for Uy, Initial residual = 0.767694, Final residual = 0.056866, No Iterations 2
Pressure gradient source: uncorrected Ubar = 9.99989, pressure gradient = 20.9638
GAMG:  Solving for p, Initial residual = 0.763427, Final residual = 0.00761939, No Iterations 62
time step continuity errors : sum local = 0.000326973, global = 1.30823e-16, cumulative = -1.18908e-14
Pressure gradient source: uncorrected Ubar = 9.99997, pressure gradient = 20.5843
smoothSolver:  Solving for omega, Initial residual = 0.0010431, Final residual = 2.94219e-05, No Iterations 1
smoothSolver:  Solving for k, Initial residual = 0.00302213, Final residual = 3.63077e-05, No Iterations 1
ExecutionTime = 38.685 s  ClockTime = 39 s

Time = 734s

smoothSolver:  Solving for Ux, Initial residual = 0.00039477, Final residual = 1.14511e-05, No Iterations 2
smoothSolver:  Solving for Uy, Initial residual = 0.689452, Final residual = 0.0476103, No Iterations 2
Pressure gradient source: uncorrected Ubar = 10.0004, pressure gradient = 18.5839
GAMG:  Solving for p, Initial residual = 0.272484, Final residual = 0.00261072, No Iterations 66
time step continuity errors : sum local = 0.000287895, global = -4.04539e-16, cumulative = -1.22953e-14
Pressure gradient source: uncorrected Ubar = 10.0001, pressure gradient = 19.8989
smoothSolver:  Solving for omega, Initial residual = 0.00050567, Final residual = 1.51593e-05, No Iterations 1
smoothSolver:  Solving for k, Initial residual = 0.00346814, Final residual = 5.39046e-05, No Iterations 1
ExecutionTime = 38.7297 s  ClockTime = 39 s

Time = 735s

smoothSolver:  Solving for Ux, Initial residual = 0.000385394, Final residual = 1.16141e-05, No Iterations 2
smoothSolver:  Solving for Uy, Initial residual = 0.685384, Final residual = 0.0479453, No Iterations 2
Pressure gradient source: uncorrected Ubar = 10.0001, pressure gradient = 19.5734
GAMG:  Solving for p, Initial residual = 0.762894, Final residual = 0.00743892, No Iterations 66
time step continuity errors : sum local = 0.000255842, global = -4.24821e-16, cumulative = -1.27201e-14
Pressure gradient source: uncorrected Ubar = 10, pressure gradient = 19.8228
smoothSolver:  Solving for omega, Initial residual = 0.000943315, Final residual = 1.63404e-05, No Iterations 1
smoothSolver:  Solving for k, Initial residual = 0.00504324, Final residual = 5.7567e-05, No Iterations 1
ExecutionTime = 38.7742 s  ClockTime = 39 s

Time = 736s

smoothSolver:  Solving for Ux, Initial residual = 0.000565257, Final residual = 1.49625e-05, No Iterations 2
smoothSolver:  Solving for Uy, Initial residual = 0.670271, Final residual = 0.0470633, No Iterations 2
Pressure gradient source: uncorrected Ubar = 9.99965, pressure gradient = 21.6111
GAMG:  Solving for p, Initial residual = 0.272846, Final residual = 0.00253663, No Iterations 74
time step continuity errors : sum local = 0.00031033, global = 3.23495e-16, cumulative = -1.23966e-14
Pressure gradient source: uncorrected Ubar = 9.99988, pressure gradient = 20.4131
smoothSolver:  Solving for omega, Initial residual = 0.00149504, Final residual = 3.9878e-05, No Iterations 1
smoothSolver:  Solving for k, Initial residual = 0.0051874, Final residual = 8.41311e-05, No Iterations 1
ExecutionTime = 38.8286 s  ClockTime = 39 s

Time = 737s

smoothSolver:  Solving for Ux, Initial residual = 0.000541562, Final residual = 1.24948e-05, No Iterations 2
smoothSolver:  Solving for Uy, Initial residual = 0.767731, Final residual = 0.056869, No Iterations 2
Pressure gradient source: uncorrected Ubar = 9.99989, pressure gradient = 20.9639
GAMG:  Solving for p, Initial residual = 0.763341, Final residual = 0.00761857, No Iterations 62
time step continuity errors : sum local = 0.000326977, global = 3.65574e-17, cumulative = -1.23601e-14
Pressure gradient source: uncorrected Ubar = 9.99997, pressure gradient = 20.5845
smoothSolver:  Solving for omega, Initial residual = 0.00104305, Final residual = 2.94169e-05, No Iterations 1
smoothSolver:  Solving for k, Initial residual = 0.00302197, Final residual = 3.6298e-05, No Iterations 1
ExecutionTime = 38.8785 s  ClockTime = 39 s

Time = 738s

smoothSolver:  Solving for Ux, Initial residual = 0.000394781, Final residual = 1.14524e-05, No Iterations 2
smoothSolver:  Solving for Uy, Initial residual = 0.689511, Final residual = 0.0476146, No Iterations 2
Pressure gradient source: uncorrected Ubar = 10.0004, pressure gradient = 18.5839
GAMG:  Solving for p, Initial residual = 0.272481, Final residual = 0.00261007, No Iterations 66
time step continuity errors : sum local = 0.000287817, global = 3.53514e-17, cumulative = -1.23247e-14
Pressure gradient source: uncorrected Ubar = 10.0001, pressure gradient = 19.899
smoothSolver:  Solving for omega, Initial residual = 0.000505623, Final residual = 1.51545e-05, No Iterations 1
smoothSolver:  Solving for k, Initial residual = 0.00346797, Final residual = 5.38946e-05, No Iterations 1
ExecutionTime = 38.9385 s  ClockTime = 39 s

Time = 739s

smoothSolver:  Solving for Ux, Initial residual = 0.000385369, Final residual = 1.16127e-05, No Iterations 2
smoothSolver:  Solving for Uy, Initial residual = 0.685412, Final residual = 0.0479475, No Iterations 2
Pressure gradient source: uncorrected Ubar = 10.0001, pressure gradient = 19.5735
GAMG:  Solving for p, Initial residual = 0.763108, Final residual = 0.00744108, No Iterations 66
time step continuity errors : sum local = 0.000255845, global = 2.30908e-17, cumulative = -1.23016e-14
Pressure gradient source: uncorrected Ubar = 10, pressure gradient = 19.8229
smoothSolver:  Solving for omega, Initial residual = 0.000943266, Final residual = 1.6336e-05, No Iterations 1
smoothSolver:  Solving for k, Initial residual = 0.00504305, Final residual = 5.75591e-05, No Iterations 1
ExecutionTime = 39.0134 s  ClockTime = 39 s

Time = 740s

smoothSolver:  Solving for Ux, Initial residual = 0.000565225, Final residual = 1.49606e-05, No Iterations 2
smoothSolver:  Solving for Uy, Initial residual = 0.670258, Final residual = 0.0470625, No Iterations 2
Pressure gradient source: uncorrected Ubar = 9.99965, pressure gradient = 21.6112
GAMG:  Solving for p, Initial residual = 0.272841, Final residual = 0.00253636, No Iterations 74
time step continuity errors : sum local = 0.000310302, global = -8.74126e-16, cumulative = -1.31757e-14
Pressure gradient source: uncorrected Ubar = 9.99988, pressure gradient = 20.4132
smoothSolver:  Solving for omega, Initial residual = 0.00149498, Final residual = 3.98735e-05, No Iterations 1
smoothSolver:  Solving for k, Initial residual = 0.0051872, Final residual = 8.41229e-05, No Iterations 1
ExecutionTime = 39.0613 s  ClockTime = 39 s

Time = 741s

smoothSolver:  Solving for Ux, Initial residual = 0.000541578, Final residual = 1.24964e-05, No Iterations 2
smoothSolver:  Solving for Uy, Initial residual = 0.767769, Final residual = 0.056872, No Iterations 2
Pressure gradient source: uncorrected Ubar = 9.99989, pressure gradient = 20.9639
GAMG:  Solving for p, Initial residual = 0.763271, Final residual = 0.00762104, No Iterations 62
time step continuity errors : sum local = 0.000327108, global = 6.15295e-16, cumulative = -1.25605e-14
Pressure gradient source: uncorrected Ubar = 9.99997, pressure gradient = 20.5846
smoothSolver:  Solving for omega, Initial residual = 0.001043, Final residual = 2.94122e-05, No Iterations 1
smoothSolver:  Solving for k, Initial residual = 0.00302182, Final residual = 3.62889e-05, No Iterations 1
ExecutionTime = 39.1064 s  ClockTime = 39 s

Time = 742s

smoothSolver:  Solving for Ux, Initial residual = 0.000394792, Final residual = 1.14536e-05, No Iterations 2
smoothSolver:  Solving for Uy, Initial residual = 0.68956, Final residual = 0.0476182, No Iterations 2
Pressure gradient source: uncorrected Ubar = 10.0004, pressure gradient = 18.584
GAMG:  Solving for p, Initial residual = 0.272474, Final residual = 0.00261043, No Iterations 66
time step continuity errors : sum local = 0.00028787, global = 5.91672e-16, cumulative = -1.19688e-14
Pressure gradient source: uncorrected Ubar = 10.0001, pressure gradient = 19.8991
smoothSolver:  Solving for omega, Initial residual = 0.000505578, Final residual = 1.51499e-05, No Iterations 1
smoothSolver:  Solving for k, Initial residual = 0.00346781, Final residual = 5.38852e-05, No Iterations 1
ExecutionTime = 39.1573 s  ClockTime = 39 s

Time = 743s

smoothSolver:  Solving for Ux, Initial residual = 0.000385345, Final residual = 1.16113e-05, No Iterations 2
smoothSolver:  Solving for Uy, Initial residual = 0.685432, Final residual = 0.0479492, No Iterations 2
Pressure gradient source: uncorrected Ubar = 10.0001, pressure gradient = 19.5737
GAMG:  Solving for p, Initial residual = 0.76308, Final residual = 0.00744013, No Iterations 66
time step continuity errors : sum local = 0.000255825, global = 6.3755e-16, cumulative = -1.13312e-14
Pressure gradient source: uncorrected Ubar = 10, pressure gradient = 19.823
smoothSolver:  Solving for omega, Initial residual = 0.00094322, Final residual = 1.63318e-05, No Iterations 1
smoothSolver:  Solving for k, Initial residual = 0.00504287, Final residual = 5.75517e-05, No Iterations 1
ExecutionTime = 39.2005 s  ClockTime = 39 s

Time = 744s

smoothSolver:  Solving for Ux, Initial residual = 0.000565193, Final residual = 1.49589e-05, No Iterations 2
smoothSolver:  Solving for Uy, Initial residual = 0.67025, Final residual = 0.0470619, No Iterations 2
Pressure gradient source: uncorrected Ubar = 9.99965, pressure gradient = 21.6114
GAMG:  Solving for p, Initial residual = 0.272834, Final residual = 0.00253769, No Iterations 74
time step continuity errors : sum local = 0.000310474, global = -3.07382e-17, cumulative = -1.1362e-14
Pressure gradient source: uncorrected Ubar = 9.99988, pressure gradient = 20.4133
smoothSolver:  Solving for omega, Initial residual = 0.00149493, Final residual = 3.98692e-05, No Iterations 1
smoothSolver:  Solving for k, Initial residual = 0.00518702, Final residual = 8.41151e-05, No Iterations 1
ExecutionTime = 39.2514 s  ClockTime = 39 s

Time = 745s

smoothSolver:  Solving for Ux, Initial residual = 0.000541591, Final residual = 1.24977e-05, No Iterations 2
smoothSolver:  Solving for Uy, Initial residual = 0.76782, Final residual = 0.0568756, No Iterations 2
Pressure gradient source: uncorrected Ubar = 9.99989, pressure gradient = 20.964
GAMG:  Solving for p, Initial residual = 0.763348, Final residual = 0.00761989, No Iterations 62
time step continuity errors : sum local = 0.000327033, global = -2.76122e-16, cumulative = -1.16381e-14
Pressure gradient source: uncorrected Ubar = 9.99997, pressure gradient = 20.5846
smoothSolver:  Solving for omega, Initial residual = 0.00104295, Final residual = 2.94076e-05, No Iterations 1
smoothSolver:  Solving for k, Initial residual = 0.00302168, Final residual = 3.62802e-05, No Iterations 1
ExecutionTime = 39.2964 s  ClockTime = 39 s

Time = 746s

smoothSolver:  Solving for Ux, Initial residual = 0.000394803, Final residual = 1.14549e-05, No Iterations 2
smoothSolver:  Solving for Uy, Initial residual = 0.68958, Final residual = 0.0476196, No Iterations 2
Pressure gradient source: uncorrected Ubar = 10.0004, pressure gradient = 18.5841
GAMG:  Solving for p, Initial residual = 0.272478, Final residual = 0.00261047, No Iterations 66
time step continuity errors : sum local = 0.000287873, global = -2.16229e-16, cumulative = -1.18543e-14
Pressure gradient source: uncorrected Ubar = 10.0001, pressure gradient = 19.8992
smoothSolver:  Solving for omega, Initial residual = 0.000505536, Final residual = 1.51456e-05, No Iterations 1
smoothSolver:  Solving for k, Initial residual = 0.00346766, Final residual = 5.38764e-05, No Iterations 1
ExecutionTime = 39.3559 s  ClockTime = 40 s

Time = 747s

smoothSolver:  Solving for Ux, Initial residual = 0.00038532, Final residual = 1.16099e-05, No Iterations 2
smoothSolver:  Solving for Uy, Initial residual = 0.685451, Final residual = 0.0479507, No Iterations 2
Pressure gradient source: uncorrected Ubar = 10.0001, pressure gradient = 19.5739
GAMG:  Solving for p, Initial residual = 0.763028, Final residual = 0.00744089, No Iterations 66
time step continuity errors : sum local = 0.000255872, global = -3.00483e-16, cumulative = -1.21548e-14
Pressure gradient source: uncorrected Ubar = 10, pressure gradient = 19.8231
smoothSolver:  Solving for omega, Initial residual = 0.000943175, Final residual = 1.63278e-05, No Iterations 1
smoothSolver:  Solving for k, Initial residual = 0.0050427, Final residual = 5.75449e-05, No Iterations 1
ExecutionTime = 39.4111 s  ClockTime = 40 s

Time = 748s

smoothSolver:  Solving for Ux, Initial residual = 0.000565162, Final residual = 1.4957e-05, No Iterations 2
smoothSolver:  Solving for Uy, Initial residual = 0.670273, Final residual = 0.0470633, No Iterations 2
Pressure gradient source: uncorrected Ubar = 9.99965, pressure gradient = 21.6115
GAMG:  Solving for p, Initial residual = 0.272845, Final residual = 0.00253672, No Iterations 74
time step continuity errors : sum local = 0.000310346, global = -2.42526e-16, cumulative = -1.23973e-14
Pressure gradient source: uncorrected Ubar = 9.99988, pressure gradient = 20.4134
smoothSolver:  Solving for omega, Initial residual = 0.00149488, Final residual = 3.98652e-05, No Iterations 1
smoothSolver:  Solving for k, Initial residual = 0.00518685, Final residual = 8.41078e-05, No Iterations 1
ExecutionTime = 39.4822 s  ClockTime = 40 s

Time = 749s

smoothSolver:  Solving for Ux, Initial residual = 0.000541608, Final residual = 1.24994e-05, No Iterations 2
smoothSolver:  Solving for Uy, Initial residual = 0.767845, Final residual = 0.0568782, No Iterations 2
Pressure gradient source: uncorrected Ubar = 9.99989, pressure gradient = 20.964
GAMG:  Solving for p, Initial residual = 0.763214, Final residual = 0.00761974, No Iterations 62
time step continuity errors : sum local = 0.000327074, global = 1.96254e-16, cumulative = -1.22011e-14
Pressure gradient source: uncorrected Ubar = 9.99997, pressure gradient = 20.5847
smoothSolver:  Solving for omega, Initial residual = 0.0010429, Final residual = 2.94033e-05, No Iterations 1
smoothSolver:  Solving for k, Initial residual = 0.00302154, Final residual = 3.6272e-05, No Iterations 1
ExecutionTime = 39.5495 s  ClockTime = 40 s

Time = 750s

smoothSolver:  Solving for Ux, Initial residual = 0.000394813, Final residual = 1.1456e-05, No Iterations 2
smoothSolver:  Solving for Uy, Initial residual = 0.689625, Final residual = 0.047623, No Iterations 2
Pressure gradient source: uncorrected Ubar = 10.0004, pressure gradient = 18.5841
GAMG:  Solving for p, Initial residual = 0.27248, Final residual = 0.00261058, No Iterations 66
time step continuity errors : sum local = 0.000287883, global = 2.03082e-16, cumulative = -1.1998e-14
Pressure gradient source: uncorrected Ubar = 10.0001, pressure gradient = 19.8992
smoothSolver:  Solving for omega, Initial residual = 0.000505495, Final residual = 1.51414e-05, No Iterations 1
smoothSolver:  Solving for k, Initial residual = 0.00346752, Final residual = 5.3868e-05, No Iterations 1
ExecutionTime = 39.6008 s  ClockTime = 40 s

Time = 751s

smoothSolver:  Solving for Ux, Initial residual = 0.000385299, Final residual = 1.16088e-05, No Iterations 2
smoothSolver:  Solving for Uy, Initial residual = 0.685479, Final residual = 0.0479528, No Iterations 2
Pressure gradient source: uncorrected Ubar = 10.0001, pressure gradient = 19.574
GAMG:  Solving for p, Initial residual = 0.763241, Final residual = 0.00744328, No Iterations 66
time step continuity errors : sum local = 0.000255884, global = 2.27566e-16, cumulative = -1.17704e-14
Pressure gradient source: uncorrected Ubar = 10, pressure gradient = 19.8232
smoothSolver:  Solving for omega, Initial residual = 0.000943133, Final residual = 1.6324e-05, No Iterations 1
smoothSolver:  Solving for k, Initial residual = 0.00504254, Final residual = 5.75385e-05, No Iterations 1
ExecutionTime = 39.6604 s  ClockTime = 40 s

Time = 752s

smoothSolver:  Solving for Ux, Initial residual = 0.000565133, Final residual = 1.49554e-05, No Iterations 2
smoothSolver:  Solving for Uy, Initial residual = 0.670266, Final residual = 0.047063, No Iterations 2
Pressure gradient source: uncorrected Ubar = 9.99965, pressure gradient = 21.6117
GAMG:  Solving for p, Initial residual = 0.272835, Final residual = 0.00253663, No Iterations 74
time step continuity errors : sum local = 0.000310346, global = 3.2847e-16, cumulative = -1.1442e-14
Pressure gradient source: uncorrected Ubar = 9.99988, pressure gradient = 20.4136
smoothSolver:  Solving for omega, Initial residual = 0.00149484, Final residual = 3.98613e-05, No Iterations 1
smoothSolver:  Solving for k, Initial residual = 0.00518668, Final residual = 8.41009e-05, No Iterations 1
ExecutionTime = 39.7139 s  ClockTime = 40 s

Time = 753s

smoothSolver:  Solving for Ux, Initial residual = 0.000541622, Final residual = 1.2501e-05, No Iterations 2
smoothSolver:  Solving for Uy, Initial residual = 0.767878, Final residual = 0.0568806, No Iterations 2
Pressure gradient source: uncorrected Ubar = 9.99989, pressure gradient = 20.964
GAMG:  Solving for p, Initial residual = 0.763187, Final residual = 0.00761911, No Iterations 62
time step continuity errors : sum local = 0.000327067, global = 1.06669e-16, cumulative = -1.13353e-14
Pressure gradient source: uncorrected Ubar = 9.99997, pressure gradient = 20.5848
smoothSolver:  Solving for omega, Initial residual = 0.00104285, Final residual = 2.93992e-05, No Iterations 1
smoothSolver:  Solving for k, Initial residual = 0.00302141, Final residual = 3.62643e-05, No Iterations 1
ExecutionTime = 39.7655 s  ClockTime = 40 s

Time = 754s

smoothSolver:  Solving for Ux, Initial residual = 0.000394824, Final residual = 1.14572e-05, No Iterations 2
smoothSolver:  Solving for Uy, Initial residual = 0.689648, Final residual = 0.0476246, No Iterations 2
Pressure gradient source: uncorrected Ubar = 10.0004, pressure gradient = 18.5842
GAMG:  Solving for p, Initial residual = 0.272476, Final residual = 0.00261074, No Iterations 66
time step continuity errors : sum local = 0.000287904, global = 1.50238e-16, cumulative = -1.1185e-14
Pressure gradient source: uncorrected Ubar = 10.0001, pressure gradient = 19.8993
smoothSolver:  Solving for omega, Initial residual = 0.000505456, Final residual = 1.51375e-05, No Iterations 1
smoothSolver:  Solving for k, Initial residual = 0.00346738, Final residual = 5.38601e-05, No Iterations 1
ExecutionTime = 39.8131 s  ClockTime = 40 s

Time = 755s

smoothSolver:  Solving for Ux, Initial residual = 0.000385276, Final residual = 1.16075e-05, No Iterations 2
smoothSolver:  Solving for Uy, Initial residual = 0.685502, Final residual = 0.0479547, No Iterations 2
Pressure gradient source: uncorrected Ubar = 10.0001, pressure gradient = 19.5741
GAMG:  Solving for p, Initial residual = 0.763291, Final residual = 0.00744366, No Iterations 66
time step continuity errors : sum local = 0.000255879, global = -3.64939e-16, cumulative = -1.155e-14
Pressure gradient source: uncorrected Ubar = 10, pressure gradient = 19.8233
smoothSolver:  Solving for omega, Initial residual = 0.000943092, Final residual = 1.63204e-05, No Iterations 1
smoothSolver:  Solving for k, Initial residual = 0.00504239, Final residual = 5.75326e-05, No Iterations 1
ExecutionTime = 39.8618 s  ClockTime = 40 s

Time = 756s

smoothSolver:  Solving for Ux, Initial residual = 0.000565105, Final residual = 1.49537e-05, No Iterations 2
smoothSolver:  Solving for Uy, Initial residual = 0.670277, Final residual = 0.0470638, No Iterations 2
Pressure gradient source: uncorrected Ubar = 9.99965, pressure gradient = 21.6118
GAMG:  Solving for p, Initial residual = 0.272834, Final residual = 0.0025369, No Iterations 74
time step continuity errors : sum local = 0.000310381, global = -2.25643e-16, cumulative = -1.17756e-14
Pressure gradient source: uncorrected Ubar = 9.99988, pressure gradient = 20.4137
smoothSolver:  Solving for omega, Initial residual = 0.00149479, Final residual = 3.98576e-05, No Iterations 1
smoothSolver:  Solving for k, Initial residual = 0.00518653, Final residual = 8.40944e-05, No Iterations 1
ExecutionTime = 39.9167 s  ClockTime = 40 s

Time = 757s

smoothSolver:  Solving for Ux, Initial residual = 0.000541635, Final residual = 1.25023e-05, No Iterations 2
smoothSolver:  Solving for Uy, Initial residual = 0.767916, Final residual = 0.0568836, No Iterations 2
Pressure gradient source: uncorrected Ubar = 9.99989, pressure gradient = 20.9641
GAMG:  Solving for p, Initial residual = 0.763152, Final residual = 0.00761751, No Iterations 62
time step continuity errors : sum local = 0.000327015, global = 3.2278e-16, cumulative = -1.14529e-14
Pressure gradient source: uncorrected Ubar = 9.99997, pressure gradient = 20.5849
smoothSolver:  Solving for omega, Initial residual = 0.00104281, Final residual = 2.93953e-05, No Iterations 1
smoothSolver:  Solving for k, Initial residual = 0.00302129, Final residual = 3.62569e-05, No Iterations 1
ExecutionTime = 39.9667 s  ClockTime = 40 s

Time = 758s

smoothSolver:  Solving for Ux, Initial residual = 0.000394834, Final residual = 1.14583e-05, No Iterations 2
smoothSolver:  Solving for Uy, Initial residual = 0.689664, Final residual = 0.0476257, No Iterations 2
Pressure gradient source: uncorrected Ubar = 10.0004, pressure gradient = 18.5843
GAMG:  Solving for p, Initial residual = 0.272476, Final residual = 0.00261072, No Iterations 66
time step continuity errors : sum local = 0.00028791, global = -1.44177e-16, cumulative = -1.1597e-14
Pressure gradient source: uncorrected Ubar = 10.0001, pressure gradient = 19.8994
smoothSolver:  Solving for omega, Initial residual = 0.000505419, Final residual = 1.51337e-05, No Iterations 1
smoothSolver:  Solving for k, Initial residual = 0.00346726, Final residual = 5.38527e-05, No Iterations 1
ExecutionTime = 40.0196 s  ClockTime = 40 s

Time = 759s

smoothSolver:  Solving for Ux, Initial residual = 0.000385254, Final residual = 1.16063e-05, No Iterations 2
smoothSolver:  Solving for Uy, Initial residual = 0.685523, Final residual = 0.0479565, No Iterations 2
Pressure gradient source: uncorrected Ubar = 10.0001, pressure gradient = 19.5743
GAMG:  Solving for p, Initial residual = 0.763313, Final residual = 0.00744447, No Iterations 66
time step continuity errors : sum local = 0.000255899, global = 1.96166e-16, cumulative = -1.14009e-14
Pressure gradient source: uncorrected Ubar = 10, pressure gradient = 19.8234
smoothSolver:  Solving for omega, Initial residual = 0.000943054, Final residual = 1.63169e-05, No Iterations 1
smoothSolver:  Solving for k, Initial residual = 0.00504225, Final residual = 5.75271e-05, No Iterations 1
ExecutionTime = 40.0765 s  ClockTime = 40 s

Time = 760s

smoothSolver:  Solving for Ux, Initial residual = 0.000565077, Final residual = 1.49522e-05, No Iterations 2
smoothSolver:  Solving for Uy, Initial residual = 0.670302, Final residual = 0.0470654, No Iterations 2
Pressure gradient source: uncorrected Ubar = 9.99965, pressure gradient = 21.6119
GAMG:  Solving for p, Initial residual = 0.272836, Final residual = 0.00253684, No Iterations 74
time step continuity errors : sum local = 0.000310373, global = -6.09614e-16, cumulative = -1.20105e-14
Pressure gradient source: uncorrected Ubar = 9.99988, pressure gradient = 20.4138
smoothSolver:  Solving for omega, Initial residual = 0.00149475, Final residual = 3.9854e-05, No Iterations 1
smoothSolver:  Solving for k, Initial residual = 0.00518638, Final residual = 8.40882e-05, No Iterations 1
ExecutionTime = 40.1286 s  ClockTime = 40 s

Time = 761s

smoothSolver:  Solving for Ux, Initial residual = 0.000541649, Final residual = 1.25037e-05, No Iterations 2
smoothSolver:  Solving for Uy, Initial residual = 0.767946, Final residual = 0.0568861, No Iterations 2
Pressure gradient source: uncorrected Ubar = 9.99989, pressure gradient = 20.9641
GAMG:  Solving for p, Initial residual = 0.763127, Final residual = 0.00761927, No Iterations 62
time step continuity errors : sum local = 0.000327093, global = 2.89245e-16, cumulative = -1.17212e-14
Pressure gradient source: uncorrected Ubar = 9.99997, pressure gradient = 20.585
smoothSolver:  Solving for omega, Initial residual = 0.00104277, Final residual = 2.93915e-05, No Iterations 1
smoothSolver:  Solving for k, Initial residual = 0.00302117, Final residual = 3.62499e-05, No Iterations 1
ExecutionTime = 40.1741 s  ClockTime = 40 s

Time = 762s

smoothSolver:  Solving for Ux, Initial residual = 0.000394843, Final residual = 1.14593e-05, No Iterations 2
smoothSolver:  Solving for Uy, Initial residual = 0.689678, Final residual = 0.0476271, No Iterations 2
Pressure gradient source: uncorrected Ubar = 10.0004, pressure gradient = 18.5843
GAMG:  Solving for p, Initial residual = 0.272477, Final residual = 0.00261075, No Iterations 66
time step continuity errors : sum local = 0.000287906, global = -8.35526e-17, cumulative = -1.18048e-14
Pressure gradient source: uncorrected Ubar = 10.0001, pressure gradient = 19.8995
smoothSolver:  Solving for omega, Initial residual = 0.000505384, Final residual = 1.51301e-05, No Iterations 1
smoothSolver:  Solving for k, Initial residual = 0.00346713, Final residual = 5.38456e-05, No Iterations 1
ExecutionTime = 40.2221 s  ClockTime = 40 s

Time = 763s

smoothSolver:  Solving for Ux, Initial residual = 0.000385234, Final residual = 1.16053e-05, No Iterations 2
smoothSolver:  Solving for Uy, Initial residual = 0.685548, Final residual = 0.0479584, No Iterations 2
Pressure gradient source: uncorrected Ubar = 10.0001, pressure gradient = 19.5744
GAMG:  Solving for p, Initial residual = 0.763425, Final residual = 0.0074446, No Iterations 66
time step continuity errors : sum local = 0.000255868, global = 2.41858e-16, cumulative = -1.15629e-14
Pressure gradient source: uncorrected Ubar = 10, pressure gradient = 19.8235
smoothSolver:  Solving for omega, Initial residual = 0.000943017, Final residual = 1.63136e-05, No Iterations 1
smoothSolver:  Solving for k, Initial residual = 0.00504212, Final residual = 5.75221e-05, No Iterations 1
ExecutionTime = 40.2648 s  ClockTime = 40 s

Time = 764s

smoothSolver:  Solving for Ux, Initial residual = 0.00056505, Final residual = 1.49506e-05, No Iterations 2
smoothSolver:  Solving for Uy, Initial residual = 0.670319, Final residual = 0.0470668, No Iterations 2
Pressure gradient source: uncorrected Ubar = 9.99965, pressure gradient = 21.6121
GAMG:  Solving for p, Initial residual = 0.272835, Final residual = 0.00253771, No Iterations 74
time step continuity errors : sum local = 0.000310478, global = 2.21167e-16, cumulative = -1.13418e-14
Pressure gradient source: uncorrected Ubar = 9.99988, pressure gradient = 20.4139
smoothSolver:  Solving for omega, Initial residual = 0.00149471, Final residual = 3.98507e-05, No Iterations 1
smoothSolver:  Solving for k, Initial residual = 0.00518624, Final residual = 8.40824e-05, No Iterations 1
ExecutionTime = 40.329 s  ClockTime = 41 s

Time = 765s

smoothSolver:  Solving for Ux, Initial residual = 0.00054166, Final residual = 1.25048e-05, No Iterations 2
smoothSolver:  Solving for Uy, Initial residual = 0.767991, Final residual = 0.0568893, No Iterations 2
Pressure gradient source: uncorrected Ubar = 9.99989, pressure gradient = 20.9642
GAMG:  Solving for p, Initial residual = 0.763128, Final residual = 0.00761775, No Iterations 62
time step continuity errors : sum local = 0.000327034, global = 3.1417e-16, cumulative = -1.10276e-14
Pressure gradient source: uncorrected Ubar = 9.99997, pressure gradient = 20.5851
smoothSolver:  Solving for omega, Initial residual = 0.00104273, Final residual = 2.93879e-05, No Iterations 1
smoothSolver:  Solving for k, Initial residual = 0.00302106, Final residual = 3.62432e-05, No Iterations 1
ExecutionTime = 40.3676 s  ClockTime = 41 s

Time = 766s

smoothSolver:  Solving for Ux, Initial residual = 0.000394853, Final residual = 1.14604e-05, No Iterations 2
smoothSolver:  Solving for Uy, Initial residual = 0.689679, Final residual = 0.0476271, No Iterations 2
Pressure gradient source: uncorrected Ubar = 10.0004, pressure gradient = 18.5844
GAMG:  Solving for p, Initial residual = 0.272476, Final residual = 0.00260989, No Iterations 66
time step continuity errors : sum local = 0.000287816, global = 3.9e-16, cumulative = -1.06376e-14
Pressure gradient source: uncorrected Ubar = 10.0001, pressure gradient = 19.8996
smoothSolver:  Solving for omega, Initial residual = 0.00050535, Final residual = 1.51266e-05, No Iterations 1
smoothSolver:  Solving for k, Initial residual = 0.00346702, Final residual = 5.38389e-05, No Iterations 1
ExecutionTime = 40.4077 s  ClockTime = 41 s

Time = 767s

smoothSolver:  Solving for Ux, Initial residual = 0.000385213, Final residual = 1.16041e-05, No Iterations 2
smoothSolver:  Solving for Uy, Initial residual = 0.68556, Final residual = 0.0479596, No Iterations 2
Pressure gradient source: uncorrected Ubar = 10.0001, pressure gradient = 19.5745
GAMG:  Solving for p, Initial residual = 0.763474, Final residual = 0.00744409, No Iterations 66
time step continuity errors : sum local = 0.000255829, global = 1.05523e-16, cumulative = -1.05321e-14
Pressure gradient source: uncorrected Ubar = 10, pressure gradient = 19.8236
smoothSolver:  Solving for omega, Initial residual = 0.000942982, Final residual = 1.63105e-05, No Iterations 1
smoothSolver:  Solving for k, Initial residual = 0.00504199, Final residual = 5.75174e-05, No Iterations 1
ExecutionTime = 40.4626 s  ClockTime = 41 s

Time = 768s

smoothSolver:  Solving for Ux, Initial residual = 0.000565024, Final residual = 1.49491e-05, No Iterations 2
smoothSolver:  Solving for Uy, Initial residual = 0.670363, Final residual = 0.0470698, No Iterations 2
Pressure gradient source: uncorrected Ubar = 9.99965, pressure gradient = 21.6122
GAMG:  Solving for p, Initial residual = 0.272843, Final residual = 0.00253778, No Iterations 74
time step continuity errors : sum local = 0.000310478, global = 3.68773e-16, cumulative = -1.01633e-14
Pressure gradient source: uncorrected Ubar = 9.99988, pressure gradient = 20.414
smoothSolver:  Solving for omega, Initial residual = 0.00149467, Final residual = 3.98474e-05, No Iterations 1
smoothSolver:  Solving for k, Initial residual = 0.0051861, Final residual = 8.40769e-05, No Iterations 1
ExecutionTime = 40.5575 s  ClockTime = 41 s

Time = 769s

smoothSolver:  Solving for Ux, Initial residual = 0.000541672, Final residual = 1.25061e-05, No Iterations 2
smoothSolver:  Solving for Uy, Initial residual = 0.768025, Final residual = 0.0568923, No Iterations 2
Pressure gradient source: uncorrected Ubar = 9.99989, pressure gradient = 20.9642
GAMG:  Solving for p, Initial residual = 0.763067, Final residual = 0.00761647, No Iterations 62
time step continuity errors : sum local = 0.000327005, global = -3.0418e-16, cumulative = -1.04675e-14
Pressure gradient source: uncorrected Ubar = 9.99997, pressure gradient = 20.5852
smoothSolver:  Solving for omega, Initial residual = 0.00104269, Final residual = 2.93845e-05, No Iterations 1
smoothSolver:  Solving for k, Initial residual = 0.00302095, Final residual = 3.62368e-05, No Iterations 1
ExecutionTime = 40.6103 s  ClockTime = 41 s

Time = 770s

smoothSolver:  Solving for Ux, Initial residual = 0.000394861, Final residual = 1.14613e-05, No Iterations 2
smoothSolver:  Solving for Uy, Initial residual = 0.689692, Final residual = 0.0476283, No Iterations 2
Pressure gradient source: uncorrected Ubar = 10.0004, pressure gradient = 18.5845
GAMG:  Solving for p, Initial residual = 0.272479, Final residual = 0.00261083, No Iterations 66
time step continuity errors : sum local = 0.000287917, global = 4.66233e-16, cumulative = -1.00012e-14
Pressure gradient source: uncorrected Ubar = 10.0001, pressure gradient = 19.8996
smoothSolver:  Solving for omega, Initial residual = 0.000505318, Final residual = 1.51234e-05, No Iterations 1
smoothSolver:  Solving for k, Initial residual = 0.00346691, Final residual = 5.38324e-05, No Iterations 1
ExecutionTime = 40.6584 s  ClockTime = 41 s

Time = 771s

smoothSolver:  Solving for Ux, Initial residual = 0.000385194, Final residual = 1.16031e-05, No Iterations 2
smoothSolver:  Solving for Uy, Initial residual = 0.685592, Final residual = 0.0479618, No Iterations 2
Pressure gradient source: uncorrected Ubar = 10.0001, pressure gradient = 19.5747
GAMG:  Solving for p, Initial residual = 0.763566, Final residual = 0.00744561, No Iterations 66
time step continuity errors : sum local = 0.000255857, global = -3.56724e-16, cumulative = -1.0358e-14
Pressure gradient source: uncorrected Ubar = 10, pressure gradient = 19.8237
smoothSolver:  Solving for omega, Initial residual = 0.000942949, Final residual = 1.63075e-05, No Iterations 1
smoothSolver:  Solving for k, Initial residual = 0.00504187, Final residual = 5.7513e-05, No Iterations 1
ExecutionTime = 40.7017 s  ClockTime = 41 s

Time = 772s

smoothSolver:  Solving for Ux, Initial residual = 0.000565, Final residual = 1.49477e-05, No Iterations 2
smoothSolver:  Solving for Uy, Initial residual = 0.670384, Final residual = 0.0470712, No Iterations 2
Pressure gradient source: uncorrected Ubar = 9.99965, pressure gradient = 21.6123
GAMG:  Solving for p, Initial residual = 0.272834, Final residual = 0.00253754, No Iterations 74
time step continuity errors : sum local = 0.000310461, global = -5.08335e-17, cumulative = -1.04088e-14
Pressure gradient source: uncorrected Ubar = 9.99988, pressure gradient = 20.4141
smoothSolver:  Solving for omega, Initial residual = 0.00149463, Final residual = 3.98444e-05, No Iterations 1
smoothSolver:  Solving for k, Initial residual = 0.00518598, Final residual = 8.40718e-05, No Iterations 1
ExecutionTime = 40.7595 s  ClockTime = 41 s

Time = 773s

smoothSolver:  Solving for Ux, Initial residual = 0.000541685, Final residual = 1.25074e-05, No Iterations 2
smoothSolver:  Solving for Uy, Initial residual = 0.768046, Final residual = 0.0568938, No Iterations 2
Pressure gradient source: uncorrected Ubar = 9.99989, pressure gradient = 20.9642
GAMG:  Solving for p, Initial residual = 0.763047, Final residual = 0.00761666, No Iterations 62
time step continuity errors : sum local = 0.000327024, global = -2.65195e-16, cumulative = -1.0674e-14
Pressure gradient source: uncorrected Ubar = 9.99997, pressure gradient = 20.5852
smoothSolver:  Solving for omega, Initial residual = 0.00104265, Final residual = 2.93813e-05, No Iterations 1
smoothSolver:  Solving for k, Initial residual = 0.00302085, Final residual = 3.62307e-05, No Iterations 1
ExecutionTime = 40.8312 s  ClockTime = 41 s

Time = 774s

smoothSolver:  Solving for Ux, Initial residual = 0.000394871, Final residual = 1.14623e-05, No Iterations 2
smoothSolver:  Solving for Uy, Initial residual = 0.689704, Final residual = 0.0476292, No Iterations 2
Pressure gradient source: uncorrected Ubar = 10.0004, pressure gradient = 18.5845
GAMG:  Solving for p, Initial residual = 0.272475, Final residual = 0.00261, No Iterations 66
time step continuity errors : sum local = 0.000287832, global = -4.98885e-16, cumulative = -1.11729e-14
Pressure gradient source: uncorrected Ubar = 10.0001, pressure gradient = 19.8997
smoothSolver:  Solving for omega, Initial residual = 0.000505287, Final residual = 1.51202e-05, No Iterations 1
smoothSolver:  Solving for k, Initial residual = 0.0034668, Final residual = 5.38263e-05, No Iterations 1
ExecutionTime = 40.8944 s  ClockTime = 41 s

Time = 775s

smoothSolver:  Solving for Ux, Initial residual = 0.000385176, Final residual = 1.16021e-05, No Iterations 2
smoothSolver:  Solving for Uy, Initial residual = 0.685609, Final residual = 0.0479634, No Iterations 2
Pressure gradient source: uncorrected Ubar = 10.0001, pressure gradient = 19.5748
GAMG:  Solving for p, Initial residual = 0.763619, Final residual = 0.00744548, No Iterations 66
time step continuity errors : sum local = 0.00025583, global = -2.49124e-18, cumulative = -1.11754e-14
Pressure gradient source: uncorrected Ubar = 10, pressure gradient = 19.8238
smoothSolver:  Solving for omega, Initial residual = 0.000942917, Final residual = 1.63046e-05, No Iterations 1
smoothSolver:  Solving for k, Initial residual = 0.00504176, Final residual = 5.7509e-05, No Iterations 1
ExecutionTime = 40.9748 s  ClockTime = 41 s

Time = 776s

smoothSolver:  Solving for Ux, Initial residual = 0.000564976, Final residual = 1.49463e-05, No Iterations 2
smoothSolver:  Solving for Uy, Initial residual = 0.670409, Final residual = 0.0470731, No Iterations 2
Pressure gradient source: uncorrected Ubar = 9.99965, pressure gradient = 21.6124
GAMG:  Solving for p, Initial residual = 0.272838, Final residual = 0.00253661, No Iterations 74
time step continuity errors : sum local = 0.000310343, global = 1.22018e-16, cumulative = -1.10533e-14
Pressure gradient source: uncorrected Ubar = 9.99988, pressure gradient = 20.4142
smoothSolver:  Solving for omega, Initial residual = 0.0014946, Final residual = 3.98414e-05, No Iterations 1
smoothSolver:  Solving for k, Initial residual = 0.00518586, Final residual = 8.40669e-05, No Iterations 1
ExecutionTime = 41.0443 s  ClockTime = 41 s

Time = 777s

smoothSolver:  Solving for Ux, Initial residual = 0.000541699, Final residual = 1.25087e-05, No Iterations 2
smoothSolver:  Solving for Uy, Initial residual = 0.768071, Final residual = 0.0568961, No Iterations 2
Pressure gradient source: uncorrected Ubar = 9.99989, pressure gradient = 20.9643
GAMG:  Solving for p, Initial residual = 0.762956, Final residual = 0.00761663, No Iterations 62
time step continuity errors : sum local = 0.000327063, global = -1.26223e-16, cumulative = -1.11796e-14
Pressure gradient source: uncorrected Ubar = 9.99997, pressure gradient = 20.5853
smoothSolver:  Solving for omega, Initial residual = 0.00104262, Final residual = 2.93781e-05, No Iterations 1
smoothSolver:  Solving for k, Initial residual = 0.00302075, Final residual = 3.62248e-05, No Iterations 1
ExecutionTime = 41.1038 s  ClockTime = 41 s

Time = 778s

smoothSolver:  Solving for Ux, Initial residual = 0.000394879, Final residual = 1.14633e-05, No Iterations 2
smoothSolver:  Solving for Uy, Initial residual = 0.689722, Final residual = 0.0476306, No Iterations 2
Pressure gradient source: uncorrected Ubar = 10.0004, pressure gradient = 18.5846
GAMG:  Solving for p, Initial residual = 0.27248, Final residual = 0.0026111, No Iterations 66
time step continuity errors : sum local = 0.000287945, global = 1.13577e-17, cumulative = -1.11682e-14
Pressure gradient source: uncorrected Ubar = 10.0001, pressure gradient = 19.8998
smoothSolver:  Solving for omega, Initial residual = 0.000505258, Final residual = 1.51172e-05, No Iterations 1
smoothSolver:  Solving for k, Initial residual = 0.0034667, Final residual = 5.38205e-05, No Iterations 1
ExecutionTime = 41.1517 s  ClockTime = 41 s

Time = 779s

smoothSolver:  Solving for Ux, Initial residual = 0.000385159, Final residual = 1.16012e-05, No Iterations 2
smoothSolver:  Solving for Uy, Initial residual = 0.685645, Final residual = 0.047966, No Iterations 2
Pressure gradient source: uncorrected Ubar = 10.0001, pressure gradient = 19.5749
GAMG:  Solving for p, Initial residual = 0.763779, Final residual = 0.00744743, No Iterations 66
time step continuity errors : sum local = 0.000255848, global = -1.05936e-16, cumulative = -1.12742e-14
Pressure gradient source: uncorrected Ubar = 10, pressure gradient = 19.8239
smoothSolver:  Solving for omega, Initial residual = 0.000942886, Final residual = 1.63019e-05, No Iterations 1
smoothSolver:  Solving for k, Initial residual = 0.00504166, Final residual = 5.75052e-05, No Iterations 1
ExecutionTime = 41.1972 s  ClockTime = 41 s

Time = 780s

smoothSolver:  Solving for Ux, Initial residual = 0.000564954, Final residual = 1.49451e-05, No Iterations 2
smoothSolver:  Solving for Uy, Initial residual = 0.670415, Final residual = 0.0470737, No Iterations 2
Pressure gradient source: uncorrected Ubar = 9.99965, pressure gradient = 21.6125
GAMG:  Solving for p, Initial residual = 0.272825, Final residual = 0.00253678, No Iterations 74
time step continuity errors : sum local = 0.000310381, global = -3.54265e-16, cumulative = -1.16284e-14
Pressure gradient source: uncorrected Ubar = 9.99988, pressure gradient = 20.4143
smoothSolver:  Solving for omega, Initial residual = 0.00149456, Final residual = 3.98386e-05, No Iterations 1
smoothSolver:  Solving for k, Initial residual = 0.00518574, Final residual = 8.40623e-05, No Iterations 1
ExecutionTime = 41.2547 s  ClockTime = 41 s

Time = 781s

smoothSolver:  Solving for Ux, Initial residual = 0.00054171, Final residual = 1.25099e-05, No Iterations 2
smoothSolver:  Solving for Uy, Initial residual = 0.768093, Final residual = 0.0568977, No Iterations 2
Pressure gradient source: uncorrected Ubar = 9.99989, pressure gradient = 20.9643
GAMG:  Solving for p, Initial residual = 0.76293, Final residual = 0.00761592, No Iterations 62
time step continuity errors : sum local = 0.000327049, global = 1.62886e-18, cumulative = -1.16268e-14
Pressure gradient source: uncorrected Ubar = 9.99997, pressure gradient = 20.5854
smoothSolver:  Solving for omega, Initial residual = 0.00104259, Final residual = 2.93752e-05, No Iterations 1
smoothSolver:  Solving for k, Initial residual = 0.00302066, Final residual = 3.62192e-05, No Iterations 1
ExecutionTime = 41.298 s  ClockTime = 42 s

Time = 782s

smoothSolver:  Solving for Ux, Initial residual = 0.000394888, Final residual = 1.14642e-05, No Iterations 2
smoothSolver:  Solving for Uy, Initial residual = 0.68973, Final residual = 0.047631, No Iterations 2
Pressure gradient source: uncorrected Ubar = 10.0004, pressure gradient = 18.5846
GAMG:  Solving for p, Initial residual = 0.27247, Final residual = 0.00261078, No Iterations 66
time step continuity errors : sum local = 0.00028792, global = -2.63918e-16, cumulative = -1.18907e-14
Pressure gradient source: uncorrected Ubar = 10.0001, pressure gradient = 19.8998
smoothSolver:  Solving for omega, Initial residual = 0.00050523, Final residual = 1.51144e-05, No Iterations 1
smoothSolver:  Solving for k, Initial residual = 0.00346661, Final residual = 5.3815e-05, No Iterations 1
ExecutionTime = 41.3454 s  ClockTime = 42 s

Time = 783s

smoothSolver:  Solving for Ux, Initial residual = 0.000385141, Final residual = 1.16002e-05, No Iterations 2
smoothSolver:  Solving for Uy, Initial residual = 0.685663, Final residual = 0.0479676, No Iterations 2
Pressure gradient source: uncorrected Ubar = 10.0001, pressure gradient = 19.575
GAMG:  Solving for p, Initial residual = 0.763725, Final residual = 0.007447, No Iterations 66
time step continuity errors : sum local = 0.000255849, global = 6.84952e-16, cumulative = -1.12058e-14
Pressure gradient source: uncorrected Ubar = 10, pressure gradient = 19.8239
smoothSolver:  Solving for omega, Initial residual = 0.000942857, Final residual = 1.62993e-05, No Iterations 1
smoothSolver:  Solving for k, Initial residual = 0.00504156, Final residual = 5.75017e-05, No Iterations 1
ExecutionTime = 41.3908 s  ClockTime = 42 s

Time = 784s

smoothSolver:  Solving for Ux, Initial residual = 0.000564932, Final residual = 1.49438e-05, No Iterations 2
smoothSolver:  Solving for Uy, Initial residual = 0.670442, Final residual = 0.0470755, No Iterations 2
Pressure gradient source: uncorrected Ubar = 9.99965, pressure gradient = 21.6127
GAMG:  Solving for p, Initial residual = 0.272827, Final residual = 0.00253767, No Iterations 74
time step continuity errors : sum local = 0.000310487, global = -1.90336e-16, cumulative = -1.13961e-14
Pressure gradient source: uncorrected Ubar = 9.99988, pressure gradient = 20.4144
smoothSolver:  Solving for omega, Initial residual = 0.00149453, Final residual = 3.9836e-05, No Iterations 1
smoothSolver:  Solving for k, Initial residual = 0.00518564, Final residual = 8.4058e-05, No Iterations 1
ExecutionTime = 41.4443 s  ClockTime = 42 s

Time = 785s

smoothSolver:  Solving for Ux, Initial residual = 0.00054172, Final residual = 1.25108e-05, No Iterations 2
smoothSolver:  Solving for Uy, Initial residual = 0.768136, Final residual = 0.0569008, No Iterations 2
Pressure gradient source: uncorrected Ubar = 9.99989, pressure gradient = 20.9643
GAMG:  Solving for p, Initial residual = 0.762998, Final residual = 0.00761666, No Iterations 62
time step continuity errors : sum local = 0.000327054, global = 7.23641e-17, cumulative = -1.13237e-14
Pressure gradient source: uncorrected Ubar = 9.99997, pressure gradient = 20.5855
smoothSolver:  Solving for omega, Initial residual = 0.00104256, Final residual = 2.93723e-05, No Iterations 1
smoothSolver:  Solving for k, Initial residual = 0.00302057, Final residual = 3.62139e-05, No Iterations 1
ExecutionTime = 41.493 s  ClockTime = 42 s

Time = 786s

smoothSolver:  Solving for Ux, Initial residual = 0.000394895, Final residual = 1.14651e-05, No Iterations 2
smoothSolver:  Solving for Uy, Initial residual = 0.689723, Final residual = 0.0476307, No Iterations 2
Pressure gradient source: uncorrected Ubar = 10.0004, pressure gradient = 18.5847
GAMG:  Solving for p, Initial residual = 0.272476, Final residual = 0.00261012, No Iterations 66
time step continuity errors : sum local = 0.000287846, global = -8.478e-17, cumulative = -1.14085e-14
Pressure gradient source: uncorrected Ubar = 10.0001, pressure gradient = 19.8999
smoothSolver:  Solving for omega, Initial residual = 0.000505203, Final residual = 1.51116e-05, No Iterations 1
smoothSolver:  Solving for k, Initial residual = 0.00346652, Final residual = 5.38097e-05, No Iterations 1
ExecutionTime = 41.5503 s  ClockTime = 42 s

Time = 787s

smoothSolver:  Solving for Ux, Initial residual = 0.000385123, Final residual = 1.15992e-05, No Iterations 2
smoothSolver:  Solving for Uy, Initial residual = 0.68567, Final residual = 0.0479684, No Iterations 2
Pressure gradient source: uncorrected Ubar = 10.0001, pressure gradient = 19.5751
GAMG:  Solving for p, Initial residual = 0.763772, Final residual = 0.00744678, No Iterations 66
time step continuity errors : sum local = 0.000255824, global = 2.49599e-16, cumulative = -1.11589e-14
Pressure gradient source: uncorrected Ubar = 10, pressure gradient = 19.824
smoothSolver:  Solving for omega, Initial residual = 0.00094283, Final residual = 1.62969e-05, No Iterations 1
smoothSolver:  Solving for k, Initial residual = 0.00504147, Final residual = 5.74986e-05, No Iterations 1
ExecutionTime = 41.603 s  ClockTime = 42 s

Time = 788s

smoothSolver:  Solving for Ux, Initial residual = 0.000564909, Final residual = 1.49424e-05, No Iterations 2
smoothSolver:  Solving for Uy, Initial residual = 0.670487, Final residual = 0.0470786, No Iterations 2
Pressure gradient source: uncorrected Ubar = 9.99965, pressure gradient = 21.6128
GAMG:  Solving for p, Initial residual = 0.27284, Final residual = 0.00253771, No Iterations 74
time step continuity errors : sum local = 0.000310477, global = 1.39904e-16, cumulative = -1.1019e-14
Pressure gradient source: uncorrected Ubar = 9.99988, pressure gradient = 20.4145
smoothSolver:  Solving for omega, Initial residual = 0.0014945, Final residual = 3.98334e-05, No Iterations 1
smoothSolver:  Solving for k, Initial residual = 0.00518553, Final residual = 8.4054e-05, No Iterations 1
ExecutionTime = 41.6579 s  ClockTime = 42 s

Time = 789s

smoothSolver:  Solving for Ux, Initial residual = 0.000541731, Final residual = 1.25119e-05, No Iterations 2
smoothSolver:  Solving for Uy, Initial residual = 0.768164, Final residual = 0.0569033, No Iterations 2
Pressure gradient source: uncorrected Ubar = 9.99989, pressure gradient = 20.9644
GAMG:  Solving for p, Initial residual = 0.762912, Final residual = 0.00761609, No Iterations 62
time step continuity errors : sum local = 0.000327063, global = 3.2902e-16, cumulative = -1.069e-14
Pressure gradient source: uncorrected Ubar = 9.99997, pressure gradient = 20.5855
smoothSolver:  Solving for omega, Initial residual = 0.00104253, Final residual = 2.93696e-05, No Iterations 1
smoothSolver:  Solving for k, Initial residual = 0.00302048, Final residual = 3.62088e-05, No Iterations 1
ExecutionTime = 41.7035 s  ClockTime = 42 s

Time = 790s

smoothSolver:  Solving for Ux, Initial residual = 0.000394903, Final residual = 1.14659e-05, No Iterations 2
smoothSolver:  Solving for Uy, Initial residual = 0.689736, Final residual = 0.0476319, No Iterations 2
Pressure gradient source: uncorrected Ubar = 10.0004, pressure gradient = 18.5847
GAMG:  Solving for p, Initial residual = 0.272478, Final residual = 0.00261079, No Iterations 66
time step continuity errors : sum local = 0.000287923, global = 1.36164e-16, cumulative = -1.05538e-14
Pressure gradient source: uncorrected Ubar = 10.0001, pressure gradient = 19.9
smoothSolver:  Solving for omega, Initial residual = 0.000505177, Final residual = 1.5109e-05, No Iterations 1
smoothSolver:  Solving for k, Initial residual = 0.00346643, Final residual = 5.38047e-05, No Iterations 1
ExecutionTime = 41.7561 s  ClockTime = 42 s

Time = 791s

smoothSolver:  Solving for Ux, Initial residual = 0.000385107, Final residual = 1.15984e-05, No Iterations 2
smoothSolver:  Solving for Uy, Initial residual = 0.685695, Final residual = 0.0479702, No Iterations 2
Pressure gradient source: uncorrected Ubar = 10.0001, pressure gradient = 19.5752
GAMG:  Solving for p, Initial residual = 0.763817, Final residual = 0.00744932, No Iterations 66
time step continuity errors : sum local = 0.000255905, global = 2.99549e-16, cumulative = -1.02543e-14
Pressure gradient source: uncorrected Ubar = 10, pressure gradient = 19.8241
smoothSolver:  Solving for omega, Initial residual = 0.000942803, Final residual = 1.62945e-05, No Iterations 1
smoothSolver:  Solving for k, Initial residual = 0.00504139, Final residual = 5.74956e-05, No Iterations 1
ExecutionTime = 41.804 s  ClockTime = 42 s

Time = 792s

smoothSolver:  Solving for Ux, Initial residual = 0.000564889, Final residual = 1.49413e-05, No Iterations 2
smoothSolver:  Solving for Uy, Initial residual = 0.67051, Final residual = 0.0470802, No Iterations 2
Pressure gradient source: uncorrected Ubar = 9.99965, pressure gradient = 21.6129
GAMG:  Solving for p, Initial residual = 0.272831, Final residual = 0.00253662, No Iterations 74
time step continuity errors : sum local = 0.000310358, global = -1.84058e-16, cumulative = -1.04383e-14
Pressure gradient source: uncorrected Ubar = 9.99988, pressure gradient = 20.4145
smoothSolver:  Solving for omega, Initial residual = 0.00149447, Final residual = 3.9831e-05, No Iterations 1
smoothSolver:  Solving for k, Initial residual = 0.00518543, Final residual = 8.40501e-05, No Iterations 1
ExecutionTime = 41.8532 s  ClockTime = 42 s

Time = 793s

smoothSolver:  Solving for Ux, Initial residual = 0.000541743, Final residual = 1.25131e-05, No Iterations 2
smoothSolver:  Solving for Uy, Initial residual = 0.768182, Final residual = 0.0569049, No Iterations 2
Pressure gradient source: uncorrected Ubar = 9.99989, pressure gradient = 20.9644
GAMG:  Solving for p, Initial residual = 0.762846, Final residual = 0.00761463, No Iterations 62
time step continuity errors : sum local = 0.00032703, global = -5.42673e-16, cumulative = -1.0981e-14
Pressure gradient source: uncorrected Ubar = 9.99997, pressure gradient = 20.5856
smoothSolver:  Solving for omega, Initial residual = 0.0010425, Final residual = 2.9367e-05, No Iterations 1
smoothSolver:  Solving for k, Initial residual = 0.0030204, Final residual = 3.62039e-05, No Iterations 1
ExecutionTime = 41.8923 s  ClockTime = 42 s

Time = 794s

smoothSolver:  Solving for Ux, Initial residual = 0.000394911, Final residual = 1.14667e-05, No Iterations 2
smoothSolver:  Solving for Uy, Initial residual = 0.689753, Final residual = 0.0476332, No Iterations 2
Pressure gradient source: uncorrected Ubar = 10.0004, pressure gradient = 18.5848
GAMG:  Solving for p, Initial residual = 0.272478, Final residual = 0.00261097, No Iterations 66
time step continuity errors : sum local = 0.000287936, global = 7.67691e-17, cumulative = -1.09042e-14
Pressure gradient source: uncorrected Ubar = 10.0001, pressure gradient = 19.9
smoothSolver:  Solving for omega, Initial residual = 0.000505153, Final residual = 1.51065e-05, No Iterations 1
smoothSolver:  Solving for k, Initial residual = 0.00346635, Final residual = 5.37999e-05, No Iterations 1
ExecutionTime = 41.933 s  ClockTime = 42 s

Time = 795s

smoothSolver:  Solving for Ux, Initial residual = 0.000385094, Final residual = 1.15977e-05, No Iterations 2
smoothSolver:  Solving for Uy, Initial residual = 0.685724, Final residual = 0.0479724, No Iterations 2
Pressure gradient source: uncorrected Ubar = 10.0001, pressure gradient = 19.5753
GAMG:  Solving for p, Initial residual = 0.763942, Final residual = 0.00744881, No Iterations 66
time step continuity errors : sum local = 0.000255841, global = 4.03877e-17, cumulative = -1.08638e-14
Pressure gradient source: uncorrected Ubar = 10, pressure gradient = 19.8242
smoothSolver:  Solving for omega, Initial residual = 0.000942778, Final residual = 1.62923e-05, No Iterations 1
smoothSolver:  Solving for k, Initial residual = 0.00504131, Final residual = 5.7493e-05, No Iterations 1
ExecutionTime = 41.9757 s  ClockTime = 42 s

Time = 796s

smoothSolver:  Solving for Ux, Initial residual = 0.000564869, Final residual = 1.49402e-05, No Iterations 2
smoothSolver:  Solving for Uy, Initial residual = 0.670512, Final residual = 0.0470806, No Iterations 2
Pressure gradient source: uncorrected Ubar = 9.99965, pressure gradient = 21.613
GAMG:  Solving for p, Initial residual = 0.272826, Final residual = 0.00253756, No Iterations 74
time step continuity errors : sum local = 0.000310476, global = 2.63447e-16, cumulative = -1.06004e-14
Pressure gradient source: uncorrected Ubar = 9.99988, pressure gradient = 20.4146
smoothSolver:  Solving for omega, Initial residual = 0.00149444, Final residual = 3.98287e-05, No Iterations 1
smoothSolver:  Solving for k, Initial residual = 0.00518534, Final residual = 8.40464e-05, No Iterations 1
ExecutionTime = 42.0209 s  ClockTime = 42 s

Time = 797s

smoothSolver:  Solving for Ux, Initial residual = 0.000541752, Final residual = 1.25141e-05, No Iterations 2
smoothSolver:  Solving for Uy, Initial residual = 0.768227, Final residual = 0.0569079, No Iterations 2
Pressure gradient source: uncorrected Ubar = 9.99989, pressure gradient = 20.9644
GAMG:  Solving for p, Initial residual = 0.762889, Final residual = 0.00761649, No Iterations 62
time step continuity errors : sum local = 0.000327084, global = 2.82866e-16, cumulative = -1.03175e-14
Pressure gradient source: uncorrected Ubar = 9.99997, pressure gradient = 20.5857
smoothSolver:  Solving for omega, Initial residual = 0.00104247, Final residual = 2.93645e-05, No Iterations 1
smoothSolver:  Solving for k, Initial residual = 0.00302032, Final residual = 3.61993e-05, No Iterations 1
ExecutionTime = 42.0771 s  ClockTime = 42 s

Time = 798s

smoothSolver:  Solving for Ux, Initial residual = 0.000394918, Final residual = 1.14676e-05, No Iterations 2
smoothSolver:  Solving for Uy, Initial residual = 0.68975, Final residual = 0.0476328, No Iterations 2
Pressure gradient source: uncorrected Ubar = 10.0004, pressure gradient = 18.5848
GAMG:  Solving for p, Initial residual = 0.272474, Final residual = 0.00261019, No Iterations 66
time step continuity errors : sum local = 0.000287859, global = 7.93502e-17, cumulative = -1.02382e-14
Pressure gradient source: uncorrected Ubar = 10.0001, pressure gradient = 19.9001
smoothSolver:  Solving for omega, Initial residual = 0.00050513, Final residual = 1.51041e-05, No Iterations 1
smoothSolver:  Solving for k, Initial residual = 0.00346627, Final residual = 5.37954e-05, No Iterations 1
ExecutionTime = 42.1223 s  ClockTime = 42 s

Time = 799s

smoothSolver:  Solving for Ux, Initial residual = 0.000385077, Final residual = 1.15967e-05, No Iterations 2
smoothSolver:  Solving for Uy, Initial residual = 0.685723, Final residual = 0.0479727, No Iterations 2
Pressure gradient source: uncorrected Ubar = 10.0001, pressure gradient = 19.5754
GAMG:  Solving for p, Initial residual = 0.763919, Final residual = 0.00744768, No Iterations 66
time step continuity errors : sum local = 0.000255806, global = -1.51872e-17, cumulative = -1.02534e-14
Pressure gradient source: uncorrected Ubar = 10, pressure gradient = 19.8242
smoothSolver:  Solving for omega, Initial residual = 0.000942755, Final residual = 1.62901e-05, No Iterations 1
smoothSolver:  Solving for k, Initial residual = 0.00504123, Final residual = 5.74906e-05, No Iterations 1
ExecutionTime = 42.1654 s  ClockTime = 42 s

Time = 800s

smoothSolver:  Solving for Ux, Initial residual = 0.00056485, Final residual = 1.4939e-05, No Iterations 2
smoothSolver:  Solving for Uy, Initial residual = 0.670558, Final residual = 0.0470837, No Iterations 2
Pressure gradient source: uncorrected Ubar = 9.99965, pressure gradient = 21.613
GAMG:  Solving for p, Initial residual = 0.272838, Final residual = 0.00253677, No Iterations 74
time step continuity errors : sum local = 0.000310366, global = -2.16642e-16, cumulative = -1.047e-14
Pressure gradient source: uncorrected Ubar = 9.99988, pressure gradient = 20.4147
smoothSolver:  Solving for omega, Initial residual = 0.00149441, Final residual = 3.98265e-05, No Iterations 1
smoothSolver:  Solving for k, Initial residual = 0.00518525, Final residual = 8.4043e-05, No Iterations 1
ExecutionTime = 42.2354 s  ClockTime = 42 s

yPlus yPlus write:
    writing object yPlus
    patch bottomWall y+ : min = 11.109, max = 11.5756, average = 11.1996
    patch topWall y+ : min = 11.1111, max = 11.5732, average = 11.1784

wallShearStress wallShearStress write:
    writing object wallShearStress
    min/max(bottomWall) = (-0.303738 -0.000121418 0), (-0.301632 0.00013088 0)
    min/max(topWall) = (-0.303688 -0.000128866 0), (-0.301672 5.77613e-05 0)

Time = 801s

smoothSolver:  Solving for Ux, Initial residual = 0.000541763, Final residual = 1.25151e-05, No Iterations 2
smoothSolver:  Solving for Uy, Initial residual = 0.768248, Final residual = 0.0569101, No Iterations 2
Pressure gradient source: uncorrected Ubar = 9.99989, pressure gradient = 20.9645
GAMG:  Solving for p, Initial residual = 0.76276, Final residual = 0.00761577, No Iterations 62
time step continuity errors : sum local = 0.000327099, global = 1.13485e-16, cumulative = -1.03565e-14
Pressure gradient source: uncorrected Ubar = 9.99997, pressure gradient = 20.5857
smoothSolver:  Solving for omega, Initial residual = 0.00104244, Final residual = 2.93621e-05, No Iterations 1
smoothSolver:  Solving for k, Initial residual = 0.00302025, Final residual = 3.61948e-05, No Iterations 1
ExecutionTime = 42.2766 s  ClockTime = 43 s

Time = 802s

smoothSolver:  Solving for Ux, Initial residual = 0.000394925, Final residual = 1.14683e-05, No Iterations 2
smoothSolver:  Solving for Uy, Initial residual = 0.689768, Final residual = 0.0476345, No Iterations 2
Pressure gradient source: uncorrected Ubar = 10.0004, pressure gradient = 18.5849
GAMG:  Solving for p, Initial residual = 0.27248, Final residual = 0.00261118, No Iterations 66
time step continuity errors : sum local = 0.000287959, global = 2.17007e-16, cumulative = -1.01395e-14
Pressure gradient source: uncorrected Ubar = 10.0001, pressure gradient = 19.9001
smoothSolver:  Solving for omega, Initial residual = 0.000505107, Final residual = 1.51018e-05, No Iterations 1
smoothSolver:  Solving for k, Initial residual = 0.00346619, Final residual = 5.3791e-05, No Iterations 1
ExecutionTime = 42.3174 s  ClockTime = 43 s

Time = 803s

smoothSolver:  Solving for Ux, Initial residual = 0.000385064, Final residual = 1.15961e-05, No Iterations 2
smoothSolver:  Solving for Uy, Initial residual = 0.685758, Final residual = 0.0479752, No Iterations 2
Pressure gradient source: uncorrected Ubar = 10.0001, pressure gradient = 19.5755
GAMG:  Solving for p, Initial residual = 0.764121, Final residual = 0.00745151, No Iterations 66
time step continuity errors : sum local = 0.000255876, global = 3.15387e-16, cumulative = -9.82413e-15
Pressure gradient source: uncorrected Ubar = 10, pressure gradient = 19.8243
smoothSolver:  Solving for omega, Initial residual = 0.000942732, Final residual = 1.62881e-05, No Iterations 1
smoothSolver:  Solving for k, Initial residual = 0.00504116, Final residual = 5.74885e-05, No Iterations 1
ExecutionTime = 42.3575 s  ClockTime = 43 s

Time = 804s

smoothSolver:  Solving for Ux, Initial residual = 0.000564832, Final residual = 1.4938e-05, No Iterations 2
smoothSolver:  Solving for Uy, Initial residual = 0.670569, Final residual = 0.0470846, No Iterations 2
Pressure gradient source: uncorrected Ubar = 9.99965, pressure gradient = 21.6131
GAMG:  Solving for p, Initial residual = 0.272822, Final residual = 0.00253756, No Iterations 74
time step continuity errors : sum local = 0.000310482, global = 3.91004e-16, cumulative = -9.43313e-15
Pressure gradient source: uncorrected Ubar = 9.99988, pressure gradient = 20.4148
smoothSolver:  Solving for omega, Initial residual = 0.00149439, Final residual = 3.98244e-05, No Iterations 1
smoothSolver:  Solving for k, Initial residual = 0.00518516, Final residual = 8.40397e-05, No Iterations 1
ExecutionTime = 42.402 s  ClockTime = 43 s

Time = 805s

smoothSolver:  Solving for Ux, Initial residual = 0.000541771, Final residual = 1.2516e-05, No Iterations 2
smoothSolver:  Solving for Uy, Initial residual = 0.768287, Final residual = 0.0569126, No Iterations 2
Pressure gradient source: uncorrected Ubar = 9.99989, pressure gradient = 20.9645
GAMG:  Solving for p, Initial residual = 0.762802, Final residual = 0.00761466, No Iterations 62
time step continuity errors : sum local = 0.000327047, global = -2.68506e-17, cumulative = -9.45998e-15
Pressure gradient source: uncorrected Ubar = 9.99997, pressure gradient = 20.5858
smoothSolver:  Solving for omega, Initial residual = 0.00104242, Final residual = 2.93599e-05, No Iterations 1
smoothSolver:  Solving for k, Initial residual = 0.00302018, Final residual = 3.61906e-05, No Iterations 1
ExecutionTime = 42.4401 s  ClockTime = 43 s

Time = 806s

smoothSolver:  Solving for Ux, Initial residual = 0.000394933, Final residual = 1.14691e-05, No Iterations 2
smoothSolver:  Solving for Uy, Initial residual = 0.689767, Final residual = 0.0476343, No Iterations 2
Pressure gradient source: uncorrected Ubar = 10.0004, pressure gradient = 18.5849
GAMG:  Solving for p, Initial residual = 0.272467, Final residual = 0.00260945, No Iterations 66
time step continuity errors : sum local = 0.000287786, global = -4.44794e-17, cumulative = -9.50446e-15
Pressure gradient source: uncorrected Ubar = 10.0001, pressure gradient = 19.9002
smoothSolver:  Solving for omega, Initial residual = 0.000505086, Final residual = 1.50997e-05, No Iterations 1
smoothSolver:  Solving for k, Initial residual = 0.00346612, Final residual = 5.37868e-05, No Iterations 1
ExecutionTime = 42.4815 s  ClockTime = 43 s

Time = 807s

smoothSolver:  Solving for Ux, Initial residual = 0.000385049, Final residual = 1.15952e-05, No Iterations 2
smoothSolver:  Solving for Uy, Initial residual = 0.685757, Final residual = 0.0479755, No Iterations 2
Pressure gradient source: uncorrected Ubar = 10.0001, pressure gradient = 19.5756
GAMG:  Solving for p, Initial residual = 0.76401, Final residual = 0.00745027, No Iterations 66
time step continuity errors : sum local = 0.000255869, global = -4.72291e-16, cumulative = -9.97675e-15
Pressure gradient source: uncorrected Ubar = 10, pressure gradient = 19.8244
smoothSolver:  Solving for omega, Initial residual = 0.00094271, Final residual = 1.62861e-05, No Iterations 1
smoothSolver:  Solving for k, Initial residual = 0.00504109, Final residual = 5.74865e-05, No Iterations 1
ExecutionTime = 42.5227 s  ClockTime = 43 s

Time = 808s

smoothSolver:  Solving for Ux, Initial residual = 0.000564813, Final residual = 1.49369e-05, No Iterations 2
smoothSolver:  Solving for Uy, Initial residual = 0.670607, Final residual = 0.0470871, No Iterations 2
Pressure gradient source: uncorrected Ubar = 9.99965, pressure gradient = 21.6132
GAMG:  Solving for p, Initial residual = 0.272833, Final residual = 0.00253677, No Iterations 74
time step continuity errors : sum local = 0.000310375, global = -6.16824e-17, cumulative = -1.00384e-14
Pressure gradient source: uncorrected Ubar = 9.99988, pressure gradient = 20.4149
smoothSolver:  Solving for omega, Initial residual = 0.00149436, Final residual = 3.98224e-05, No Iterations 1
smoothSolver:  Solving for k, Initial residual = 0.00518508, Final residual = 8.40367e-05, No Iterations 1
ExecutionTime = 42.5681 s  ClockTime = 43 s

Time = 809s

smoothSolver:  Solving for Ux, Initial residual = 0.000541783, Final residual = 1.2517e-05, No Iterations 2
smoothSolver:  Solving for Uy, Initial residual = 0.768314, Final residual = 0.0569152, No Iterations 2
Pressure gradient source: uncorrected Ubar = 9.99989, pressure gradient = 20.9645
GAMG:  Solving for p, Initial residual = 0.762725, Final residual = 0.00761491, No Iterations 62
time step continuity errors : sum local = 0.000327077, global = -4.68381e-16, cumulative = -1.05068e-14
Pressure gradient source: uncorrected Ubar = 9.99997, pressure gradient = 20.5858
smoothSolver:  Solving for omega, Initial residual = 0.00104239, Final residual = 2.93577e-05, No Iterations 1
smoothSolver:  Solving for k, Initial residual = 0.00302011, Final residual = 3.61865e-05, No Iterations 1
ExecutionTime = 42.6069 s  ClockTime = 43 s

Time = 810s

smoothSolver:  Solving for Ux, Initial residual = 0.000394939, Final residual = 1.14698e-05, No Iterations 2
smoothSolver:  Solving for Uy, Initial residual = 0.689782, Final residual = 0.0476356, No Iterations 2
Pressure gradient source: uncorrected Ubar = 10.0004, pressure gradient = 18.5849
GAMG:  Solving for p, Initial residual = 0.272477, Final residual = 0.00261114, No Iterations 66
time step continuity errors : sum local = 0.000287965, global = 2.88823e-16, cumulative = -1.0218e-14
Pressure gradient source: uncorrected Ubar = 10.0001, pressure gradient = 19.9002
smoothSolver:  Solving for omega, Initial residual = 0.000505066, Final residual = 1.50976e-05, No Iterations 1
smoothSolver:  Solving for k, Initial residual = 0.00346605, Final residual = 5.37828e-05, No Iterations 1
ExecutionTime = 42.6483 s  ClockTime = 43 s

Time = 811s

smoothSolver:  Solving for Ux, Initial residual = 0.000385036, Final residual = 1.15946e-05, No Iterations 2
smoothSolver:  Solving for Uy, Initial residual = 0.685792, Final residual = 0.0479779, No Iterations 2
Pressure gradient source: uncorrected Ubar = 10.0001, pressure gradient = 19.5757
GAMG:  Solving for p, Initial residual = 0.764124, Final residual = 0.00745179, No Iterations 66
time step continuity errors : sum local = 0.000255888, global = 3.33632e-16, cumulative = -9.88436e-15
Pressure gradient source: uncorrected Ubar = 10, pressure gradient = 19.8244
smoothSolver:  Solving for omega, Initial residual = 0.00094269, Final residual = 1.62843e-05, No Iterations 1
smoothSolver:  Solving for k, Initial residual = 0.00504103, Final residual = 5.74848e-05, No Iterations 1
ExecutionTime = 42.6878 s  ClockTime = 43 s

Time = 812s

smoothSolver:  Solving for Ux, Initial residual = 0.000564796, Final residual = 1.49359e-05, No Iterations 2
smoothSolver:  Solving for Uy, Initial residual = 0.670617, Final residual = 0.0470879, No Iterations 2
Pressure gradient source: uncorrected Ubar = 9.99965, pressure gradient = 21.6133
GAMG:  Solving for p, Initial residual = 0.272824, Final residual = 0.00253682, No Iterations 74
time step continuity errors : sum local = 0.000310393, global = -3.83552e-16, cumulative = -1.02679e-14
Pressure gradient source: uncorrected Ubar = 9.99988, pressure gradient = 20.4149
smoothSolver:  Solving for omega, Initial residual = 0.00149434, Final residual = 3.98205e-05, No Iterations 1
smoothSolver:  Solving for k, Initial residual = 0.005185, Final residual = 8.40337e-05, No Iterations 1
ExecutionTime = 42.7317 s  ClockTime = 43 s

Time = 813s

smoothSolver:  Solving for Ux, Initial residual = 0.000541791, Final residual = 1.25179e-05, No Iterations 2
smoothSolver:  Solving for Uy, Initial residual = 0.768338, Final residual = 0.0569169, No Iterations 2
Pressure gradient source: uncorrected Ubar = 9.99989, pressure gradient = 20.9645
GAMG:  Solving for p, Initial residual = 0.76272, Final residual = 0.00761319, No Iterations 62
time step continuity errors : sum local = 0.000327017, global = -3.39735e-17, cumulative = -1.03019e-14
Pressure gradient source: uncorrected Ubar = 9.99997, pressure gradient = 20.5859
smoothSolver:  Solving for omega, Initial residual = 0.00104237, Final residual = 2.93556e-05, No Iterations 1
smoothSolver:  Solving for k, Initial residual = 0.00302004, Final residual = 3.61825e-05, No Iterations 1
ExecutionTime = 42.7706 s  ClockTime = 43 s

Time = 814s

smoothSolver:  Solving for Ux, Initial residual = 0.000394946, Final residual = 1.14705e-05, No Iterations 2
smoothSolver:  Solving for Uy, Initial residual = 0.689792, Final residual = 0.0476362, No Iterations 2
Pressure gradient source: uncorrected Ubar = 10.0004, pressure gradient = 18.585
GAMG:  Solving for p, Initial residual = 0.272473, Final residual = 0.00261104, No Iterations 66
time step continuity errors : sum local = 0.000287958, global = -7.05411e-16, cumulative = -1.10073e-14
Pressure gradient source: uncorrected Ubar = 10.0001, pressure gradient = 19.9003
smoothSolver:  Solving for omega, Initial residual = 0.000505046, Final residual = 1.50956e-05, No Iterations 1
smoothSolver:  Solving for k, Initial residual = 0.00346598, Final residual = 5.3779e-05, No Iterations 1
ExecutionTime = 42.8119 s  ClockTime = 43 s

Time = 815s

smoothSolver:  Solving for Ux, Initial residual = 0.000385023, Final residual = 1.15938e-05, No Iterations 2
smoothSolver:  Solving for Uy, Initial residual = 0.685807, Final residual = 0.0479791, No Iterations 2
Pressure gradient source: uncorrected Ubar = 10.0001, pressure gradient = 19.5758
GAMG:  Solving for p, Initial residual = 0.764103, Final residual = 0.00745118, No Iterations 66
time step continuity errors : sum local = 0.000255872, global = 1.39223e-16, cumulative = -1.08681e-14
Pressure gradient source: uncorrected Ubar = 10, pressure gradient = 19.8245
smoothSolver:  Solving for omega, Initial residual = 0.00094267, Final residual = 1.62825e-05, No Iterations 1
smoothSolver:  Solving for k, Initial residual = 0.00504097, Final residual = 5.74832e-05, No Iterations 1
ExecutionTime = 42.8547 s  ClockTime = 43 s

Time = 816s

smoothSolver:  Solving for Ux, Initial residual = 0.00056478, Final residual = 1.4935e-05, No Iterations 2
smoothSolver:  Solving for Uy, Initial residual = 0.670639, Final residual = 0.0470895, No Iterations 2
Pressure gradient source: uncorrected Ubar = 9.99965, pressure gradient = 21.6134
GAMG:  Solving for p, Initial residual = 0.272825, Final residual = 0.00253678, No Iterations 74
time step continuity errors : sum local = 0.000310386, global = -1.94955e-16, cumulative = -1.1063e-14
Pressure gradient source: uncorrected Ubar = 9.99988, pressure gradient = 20.415
smoothSolver:  Solving for omega, Initial residual = 0.00149432, Final residual = 3.98187e-05, No Iterations 1
smoothSolver:  Solving for k, Initial residual = 0.00518493, Final residual = 8.40309e-05, No Iterations 1
ExecutionTime = 42.8997 s  ClockTime = 43 s

Time = 817s

smoothSolver:  Solving for Ux, Initial residual = 0.0005418, Final residual = 1.25187e-05, No Iterations 2
smoothSolver:  Solving for Uy, Initial residual = 0.768376, Final residual = 0.0569196, No Iterations 2
Pressure gradient source: uncorrected Ubar = 9.99989, pressure gradient = 20.9646
GAMG:  Solving for p, Initial residual = 0.762711, Final residual = 0.00761362, No Iterations 62
time step continuity errors : sum local = 0.000327043, global = -2.86609e-16, cumulative = -1.13496e-14
Pressure gradient source: uncorrected Ubar = 9.99997, pressure gradient = 20.5859
smoothSolver:  Solving for omega, Initial residual = 0.00104235, Final residual = 2.93537e-05, No Iterations 1
smoothSolver:  Solving for k, Initial residual = 0.00301998, Final residual = 3.61787e-05, No Iterations 1
ExecutionTime = 42.9409 s  ClockTime = 43 s

Time = 818s

smoothSolver:  Solving for Ux, Initial residual = 0.000394952, Final residual = 1.14712e-05, No Iterations 2
smoothSolver:  Solving for Uy, Initial residual = 0.689795, Final residual = 0.0476363, No Iterations 2
Pressure gradient source: uncorrected Ubar = 10.0004, pressure gradient = 18.585
GAMG:  Solving for p, Initial residual = 0.272476, Final residual = 0.00261031, No Iterations 66
time step continuity errors : sum local = 0.000287871, global = 3.54648e-16, cumulative = -1.0995e-14
Pressure gradient source: uncorrected Ubar = 10.0001, pressure gradient = 19.9003
smoothSolver:  Solving for omega, Initial residual = 0.000505028, Final residual = 1.50937e-05, No Iterations 1
smoothSolver:  Solving for k, Initial residual = 0.00346592, Final residual = 5.37752e-05, No Iterations 1
ExecutionTime = 42.9825 s  ClockTime = 43 s

Time = 819s

smoothSolver:  Solving for Ux, Initial residual = 0.00038501, Final residual = 1.15932e-05, No Iterations 2
smoothSolver:  Solving for Uy, Initial residual = 0.685822, Final residual = 0.0479805, No Iterations 2
Pressure gradient source: uncorrected Ubar = 10.0001, pressure gradient = 19.5759
GAMG:  Solving for p, Initial residual = 0.764284, Final residual = 0.00745138, No Iterations 66
time step continuity errors : sum local = 0.000255812, global = -1.52463e-16, cumulative = -1.11474e-14
Pressure gradient source: uncorrected Ubar = 10, pressure gradient = 19.8246
smoothSolver:  Solving for omega, Initial residual = 0.000942651, Final residual = 1.62808e-05, No Iterations 1
smoothSolver:  Solving for k, Initial residual = 0.00504091, Final residual = 5.74819e-05, No Iterations 1
ExecutionTime = 43.0229 s  ClockTime = 43 s

Time = 820s

smoothSolver:  Solving for Ux, Initial residual = 0.000564763, Final residual = 1.4934e-05, No Iterations 2
smoothSolver:  Solving for Uy, Initial residual = 0.670665, Final residual = 0.0470913, No Iterations 2
Pressure gradient source: uncorrected Ubar = 9.99965, pressure gradient = 21.6135
GAMG:  Solving for p, Initial residual = 0.272827, Final residual = 0.00253688, No Iterations 74
time step continuity errors : sum local = 0.000310394, global = 3.07005e-16, cumulative = -1.08404e-14
Pressure gradient source: uncorrected Ubar = 9.99988, pressure gradient = 20.4151
smoothSolver:  Solving for omega, Initial residual = 0.0014943, Final residual = 3.9817e-05, No Iterations 1
smoothSolver:  Solving for k, Initial residual = 0.00518486, Final residual = 8.40282e-05, No Iterations 1
ExecutionTime = 43.0665 s  ClockTime = 43 s

Time = 821s

smoothSolver:  Solving for Ux, Initial residual = 0.000541809, Final residual = 1.25196e-05, No Iterations 2
smoothSolver:  Solving for Uy, Initial residual = 0.768403, Final residual = 0.056922, No Iterations 2
Pressure gradient source: uncorrected Ubar = 9.99989, pressure gradient = 20.9646
GAMG:  Solving for p, Initial residual = 0.762647, Final residual = 0.00761317, No Iterations 62
time step continuity errors : sum local = 0.000327047, global = 6.21277e-16, cumulative = -1.02192e-14
Pressure gradient source: uncorrected Ubar = 9.99997, pressure gradient = 20.586
smoothSolver:  Solving for omega, Initial residual = 0.00104233, Final residual = 2.93518e-05, No Iterations 1
smoothSolver:  Solving for k, Initial residual = 0.00301992, Final residual = 3.61751e-05, No Iterations 1
ExecutionTime = 43.1049 s  ClockTime = 43 s

Time = 822s

smoothSolver:  Solving for Ux, Initial residual = 0.000394958, Final residual = 1.14718e-05, No Iterations 2
smoothSolver:  Solving for Uy, Initial residual = 0.689805, Final residual = 0.0476373, No Iterations 2
Pressure gradient source: uncorrected Ubar = 10.0004, pressure gradient = 18.5851
GAMG:  Solving for p, Initial residual = 0.272475, Final residual = 0.00261117, No Iterations 66
time step continuity errors : sum local = 0.000287963, global = -4.05368e-16, cumulative = -1.06245e-14
Pressure gradient source: uncorrected Ubar = 10.0001, pressure gradient = 19.9004
smoothSolver:  Solving for omega, Initial residual = 0.00050501, Final residual = 1.50919e-05, No Iterations 1
smoothSolver:  Solving for k, Initial residual = 0.00346586, Final residual = 5.37716e-05, No Iterations 1
ExecutionTime = 43.1455 s  ClockTime = 43 s

Time = 823s

smoothSolver:  Solving for Ux, Initial residual = 0.000384998, Final residual = 1.15925e-05, No Iterations 2
smoothSolver:  Solving for Uy, Initial residual = 0.685846, Final residual = 0.0479822, No Iterations 2
Pressure gradient source: uncorrected Ubar = 10.0001, pressure gradient = 19.576
GAMG:  Solving for p, Initial residual = 0.764298, Final residual = 0.00745311, No Iterations 66
time step continuity errors : sum local = 0.000255872, global = 6.4273e-16, cumulative = -9.9818e-15
Pressure gradient source: uncorrected Ubar = 10, pressure gradient = 19.8246
smoothSolver:  Solving for omega, Initial residual = 0.000942633, Final residual = 1.62792e-05, No Iterations 1
smoothSolver:  Solving for k, Initial residual = 0.00504086, Final residual = 5.74807e-05, No Iterations 1
ExecutionTime = 43.1849 s  ClockTime = 43 s

Time = 824s

smoothSolver:  Solving for Ux, Initial residual = 0.000564748, Final residual = 1.49331e-05, No Iterations 2
smoothSolver:  Solving for Uy, Initial residual = 0.670683, Final residual = 0.0470926, No Iterations 2
Pressure gradient source: uncorrected Ubar = 9.99965, pressure gradient = 21.6136
GAMG:  Solving for p, Initial residual = 0.272821, Final residual = 0.00253667, No Iterations 74
time step continuity errors : sum local = 0.000310377, global = -4.75541e-16, cumulative = -1.04573e-14
Pressure gradient source: uncorrected Ubar = 9.99988, pressure gradient = 20.4151
smoothSolver:  Solving for omega, Initial residual = 0.00149428, Final residual = 3.98153e-05, No Iterations 1
smoothSolver:  Solving for k, Initial residual = 0.00518479, Final residual = 8.40257e-05, No Iterations 1
ExecutionTime = 43.2287 s  ClockTime = 43 s

Time = 825s

smoothSolver:  Solving for Ux, Initial residual = 0.000541817, Final residual = 1.25204e-05, No Iterations 2
smoothSolver:  Solving for Uy, Initial residual = 0.76843, Final residual = 0.0569239, No Iterations 2
Pressure gradient source: uncorrected Ubar = 9.99989, pressure gradient = 20.9646
GAMG:  Solving for p, Initial residual = 0.762625, Final residual = 0.00761182, No Iterations 62
time step continuity errors : sum local = 0.000327014, global = -3.61428e-16, cumulative = -1.08188e-14
Pressure gradient source: uncorrected Ubar = 9.99997, pressure gradient = 20.5861
smoothSolver:  Solving for omega, Initial residual = 0.00104231, Final residual = 2.935e-05, No Iterations 1
smoothSolver:  Solving for k, Initial residual = 0.00301986, Final residual = 3.61715e-05, No Iterations 1
ExecutionTime = 43.2679 s  ClockTime = 44 s

Time = 826s

smoothSolver:  Solving for Ux, Initial residual = 0.000394964, Final residual = 1.14725e-05, No Iterations 2
smoothSolver:  Solving for Uy, Initial residual = 0.689812, Final residual = 0.0476378, No Iterations 2
Pressure gradient source: uncorrected Ubar = 10.0004, pressure gradient = 18.5851
GAMG:  Solving for p, Initial residual = 0.272471, Final residual = 0.00261118, No Iterations 66
time step continuity errors : sum local = 0.000287978, global = -8.2238e-17, cumulative = -1.0901e-14
Pressure gradient source: uncorrected Ubar = 10.0001, pressure gradient = 19.9004
smoothSolver:  Solving for omega, Initial residual = 0.000504993, Final residual = 1.50902e-05, No Iterations 1
smoothSolver:  Solving for k, Initial residual = 0.0034658, Final residual = 5.37682e-05, No Iterations 1
ExecutionTime = 43.309 s  ClockTime = 44 s

Time = 827s

smoothSolver:  Solving for Ux, Initial residual = 0.000384987, Final residual = 1.15919e-05, No Iterations 2
smoothSolver:  Solving for Uy, Initial residual = 0.685871, Final residual = 0.0479841, No Iterations 2
Pressure gradient source: uncorrected Ubar = 10.0001, pressure gradient = 19.5761
GAMG:  Solving for p, Initial residual = 0.764267, Final residual = 0.00745322, No Iterations 66
time step continuity errors : sum local = 0.000255889, global = 6.11282e-17, cumulative = -1.08399e-14
Pressure gradient source: uncorrected Ubar = 10, pressure gradient = 19.8247
smoothSolver:  Solving for omega, Initial residual = 0.000942616, Final residual = 1.62776e-05, No Iterations 1
smoothSolver:  Solving for k, Initial residual = 0.00504081, Final residual = 5.74796e-05, No Iterations 1
ExecutionTime = 43.3491 s  ClockTime = 44 s

Time = 828s

smoothSolver:  Solving for Ux, Initial residual = 0.000564733, Final residual = 1.49322e-05, No Iterations 2
smoothSolver:  Solving for Uy, Initial residual = 0.670703, Final residual = 0.047094, No Iterations 2
Pressure gradient source: uncorrected Ubar = 9.99965, pressure gradient = 21.6136
GAMG:  Solving for p, Initial residual = 0.272821, Final residual = 0.0025375, No Iterations 74
time step continuity errors : sum local = 0.000310479, global = -3.52696e-17, cumulative = -1.08752e-14
Pressure gradient source: uncorrected Ubar = 9.99988, pressure gradient = 20.4152
smoothSolver:  Solving for omega, Initial residual = 0.00149426, Final residual = 3.98138e-05, No Iterations 1
smoothSolver:  Solving for k, Initial residual = 0.00518472, Final residual = 8.40233e-05, No Iterations 1
ExecutionTime = 43.3927 s  ClockTime = 44 s

Time = 829s

smoothSolver:  Solving for Ux, Initial residual = 0.000541823, Final residual = 1.25211e-05, No Iterations 2
smoothSolver:  Solving for Uy, Initial residual = 0.768463, Final residual = 0.0569262, No Iterations 2
Pressure gradient source: uncorrected Ubar = 9.99989, pressure gradient = 20.9646
GAMG:  Solving for p, Initial residual = 0.762714, Final residual = 0.00761489, No Iterations 62
time step continuity errors : sum local = 0.000327101, global = -1.55017e-16, cumulative = -1.10302e-14
Pressure gradient source: uncorrected Ubar = 9.99997, pressure gradient = 20.5861
smoothSolver:  Solving for omega, Initial residual = 0.00104229, Final residual = 2.93482e-05, No Iterations 1
smoothSolver:  Solving for k, Initial residual = 0.0030198, Final residual = 3.61681e-05, No Iterations 1
ExecutionTime = 43.4314 s  ClockTime = 44 s

Time = 830s

smoothSolver:  Solving for Ux, Initial residual = 0.00039497, Final residual = 1.14731e-05, No Iterations 2
smoothSolver:  Solving for Uy, Initial residual = 0.689812, Final residual = 0.0476377, No Iterations 2
Pressure gradient source: uncorrected Ubar = 10.0004, pressure gradient = 18.5851
GAMG:  Solving for p, Initial residual = 0.272473, Final residual = 0.00261034, No Iterations 66
time step continuity errors : sum local = 0.000287881, global = -1.98078e-16, cumulative = -1.12282e-14
Pressure gradient source: uncorrected Ubar = 10.0001, pressure gradient = 19.9005
smoothSolver:  Solving for omega, Initial residual = 0.000504977, Final residual = 1.50885e-05, No Iterations 1
smoothSolver:  Solving for k, Initial residual = 0.00346575, Final residual = 5.37648e-05, No Iterations 1
ExecutionTime = 43.471 s  ClockTime = 44 s

Time = 831s

smoothSolver:  Solving for Ux, Initial residual = 0.000384974, Final residual = 1.15912e-05, No Iterations 2
smoothSolver:  Solving for Uy, Initial residual = 0.685876, Final residual = 0.0479848, No Iterations 2
Pressure gradient source: uncorrected Ubar = 10.0001, pressure gradient = 19.5761
GAMG:  Solving for p, Initial residual = 0.764275, Final residual = 0.00745069, No Iterations 66
time step continuity errors : sum local = 0.000255794, global = 1.37185e-17, cumulative = -1.12145e-14
Pressure gradient source: uncorrected Ubar = 10, pressure gradient = 19.8247
smoothSolver:  Solving for omega, Initial residual = 0.0009426, Final residual = 1.62761e-05, No Iterations 1
smoothSolver:  Solving for k, Initial residual = 0.00504076, Final residual = 5.74786e-05, No Iterations 1
ExecutionTime = 43.5112 s  ClockTime = 44 s

Time = 832s

smoothSolver:  Solving for Ux, Initial residual = 0.000564717, Final residual = 1.49313e-05, No Iterations 2
smoothSolver:  Solving for Uy, Initial residual = 0.670738, Final residual = 0.0470964, No Iterations 2
Pressure gradient source: uncorrected Ubar = 9.99965, pressure gradient = 21.6137
GAMG:  Solving for p, Initial residual = 0.272834, Final residual = 0.0025377, No Iterations 74
time step continuity errors : sum local = 0.000310487, global = -1.80758e-16, cumulative = -1.13953e-14
Pressure gradient source: uncorrected Ubar = 9.99988, pressure gradient = 20.4153
smoothSolver:  Solving for omega, Initial residual = 0.00149424, Final residual = 3.98123e-05, No Iterations 1
smoothSolver:  Solving for k, Initial residual = 0.00518466, Final residual = 8.4021e-05, No Iterations 1
ExecutionTime = 43.5546 s  ClockTime = 44 s

Time = 833s

smoothSolver:  Solving for Ux, Initial residual = 0.000541831, Final residual = 1.25218e-05, No Iterations 2
smoothSolver:  Solving for Uy, Initial residual = 0.768487, Final residual = 0.0569283, No Iterations 2
Pressure gradient source: uncorrected Ubar = 9.99989, pressure gradient = 20.9646
GAMG:  Solving for p, Initial residual = 0.76265, Final residual = 0.00761271, No Iterations 62
time step continuity errors : sum local = 0.000327038, global = -6.21021e-18, cumulative = -1.14015e-14
Pressure gradient source: uncorrected Ubar = 9.99997, pressure gradient = 20.5861
smoothSolver:  Solving for omega, Initial residual = 0.00104227, Final residual = 2.93466e-05, No Iterations 1
smoothSolver:  Solving for k, Initial residual = 0.00301975, Final residual = 3.61648e-05, No Iterations 1
ExecutionTime = 43.5938 s  ClockTime = 44 s

Time = 834s

smoothSolver:  Solving for Ux, Initial residual = 0.000394975, Final residual = 1.14737e-05, No Iterations 2
smoothSolver:  Solving for Uy, Initial residual = 0.68982, Final residual = 0.0476384, No Iterations 2
Pressure gradient source: uncorrected Ubar = 10.0004, pressure gradient = 18.5852
GAMG:  Solving for p, Initial residual = 0.272483, Final residual = 0.00261117, No Iterations 66
time step continuity errors : sum local = 0.000287967, global = 4.23113e-17, cumulative = -1.13592e-14
Pressure gradient source: uncorrected Ubar = 10.0001, pressure gradient = 19.9005
smoothSolver:  Solving for omega, Initial residual = 0.000504961, Final residual = 1.50869e-05, No Iterations 1
smoothSolver:  Solving for k, Initial residual = 0.00346569, Final residual = 5.37616e-05, No Iterations 1
ExecutionTime = 43.6336 s  ClockTime = 44 s

Time = 835s

smoothSolver:  Solving for Ux, Initial residual = 0.000384963, Final residual = 1.15905e-05, No Iterations 2
smoothSolver:  Solving for Uy, Initial residual = 0.685908, Final residual = 0.0479869, No Iterations 2
Pressure gradient source: uncorrected Ubar = 10.0001, pressure gradient = 19.5762
GAMG:  Solving for p, Initial residual = 0.764348, Final residual = 0.00745397, No Iterations 66
time step continuity errors : sum local = 0.000255889, global = -2.38852e-17, cumulative = -1.13831e-14
Pressure gradient source: uncorrected Ubar = 10, pressure gradient = 19.8248
smoothSolver:  Solving for omega, Initial residual = 0.000942584, Final residual = 1.62747e-05, No Iterations 1
smoothSolver:  Solving for k, Initial residual = 0.00504072, Final residual = 5.74776e-05, No Iterations 1
ExecutionTime = 43.6737 s  ClockTime = 44 s

Time = 836s

smoothSolver:  Solving for Ux, Initial residual = 0.000564703, Final residual = 1.49305e-05, No Iterations 2
smoothSolver:  Solving for Uy, Initial residual = 0.670756, Final residual = 0.0470976, No Iterations 2
Pressure gradient source: uncorrected Ubar = 9.99965, pressure gradient = 21.6138
GAMG:  Solving for p, Initial residual = 0.272827, Final residual = 0.00253685, No Iterations 74
time step continuity errors : sum local = 0.000310396, global = 2.30615e-16, cumulative = -1.11525e-14
Pressure gradient source: uncorrected Ubar = 9.99988, pressure gradient = 20.4153
smoothSolver:  Solving for omega, Initial residual = 0.00149422, Final residual = 3.98108e-05, No Iterations 1
smoothSolver:  Solving for k, Initial residual = 0.0051846, Final residual = 8.40188e-05, No Iterations 1
ExecutionTime = 43.7185 s  ClockTime = 44 s

Time = 837s

smoothSolver:  Solving for Ux, Initial residual = 0.00054184, Final residual = 1.25227e-05, No Iterations 2
smoothSolver:  Solving for Uy, Initial residual = 0.768499, Final residual = 0.0569294, No Iterations 2
Pressure gradient source: uncorrected Ubar = 9.99989, pressure gradient = 20.9647
GAMG:  Solving for p, Initial residual = 0.762562, Final residual = 0.00761097, No Iterations 62
time step continuity errors : sum local = 0.000326995, global = -2.3753e-16, cumulative = -1.139e-14
Pressure gradient source: uncorrected Ubar = 9.99997, pressure gradient = 20.5862
smoothSolver:  Solving for omega, Initial residual = 0.00104225, Final residual = 2.9345e-05, No Iterations 1
smoothSolver:  Solving for k, Initial residual = 0.0030197, Final residual = 3.61616e-05, No Iterations 1
ExecutionTime = 43.7578 s  ClockTime = 44 s

Time = 838s

smoothSolver:  Solving for Ux, Initial residual = 0.000394981, Final residual = 1.14743e-05, No Iterations 2
smoothSolver:  Solving for Uy, Initial residual = 0.689846, Final residual = 0.0476403, No Iterations 2
Pressure gradient source: uncorrected Ubar = 10.0004, pressure gradient = 18.5852
GAMG:  Solving for p, Initial residual = 0.272474, Final residual = 0.00261099, No Iterations 66
time step continuity errors : sum local = 0.000287944, global = -4.51853e-17, cumulative = -1.14352e-14
Pressure gradient source: uncorrected Ubar = 10.0001, pressure gradient = 19.9006
smoothSolver:  Solving for omega, Initial residual = 0.000504947, Final residual = 1.50854e-05, No Iterations 1
smoothSolver:  Solving for k, Initial residual = 0.00346564, Final residual = 5.37586e-05, No Iterations 1
ExecutionTime = 43.7986 s  ClockTime = 44 s

Time = 839s

smoothSolver:  Solving for Ux, Initial residual = 0.000384954, Final residual = 1.15902e-05, No Iterations 2
smoothSolver:  Solving for Uy, Initial residual = 0.685945, Final residual = 0.0479897, No Iterations 2
Pressure gradient source: uncorrected Ubar = 10.0001, pressure gradient = 19.5763
GAMG:  Solving for p, Initial residual = 0.764579, Final residual = 0.00745469, No Iterations 66
time step continuity errors : sum local = 0.000255828, global = 2.01294e-16, cumulative = -1.12339e-14
Pressure gradient source: uncorrected Ubar = 10, pressure gradient = 19.8249
smoothSolver:  Solving for omega, Initial residual = 0.00094257, Final residual = 1.62734e-05, No Iterations 1
smoothSolver:  Solving for k, Initial residual = 0.00504068, Final residual = 5.74768e-05, No Iterations 1
ExecutionTime = 43.8395 s  ClockTime = 44 s

Time = 840s

smoothSolver:  Solving for Ux, Initial residual = 0.00056469, Final residual = 1.49297e-05, No Iterations 2
smoothSolver:  Solving for Uy, Initial residual = 0.670764, Final residual = 0.0470984, No Iterations 2
Pressure gradient source: uncorrected Ubar = 9.99965, pressure gradient = 21.6138
GAMG:  Solving for p, Initial residual = 0.272825, Final residual = 0.00253741, No Iterations 74
time step continuity errors : sum local = 0.000310461, global = 2.61942e-16, cumulative = -1.09719e-14
Pressure gradient source: uncorrected Ubar = 9.99988, pressure gradient = 20.4154
smoothSolver:  Solving for omega, Initial residual = 0.0014942, Final residual = 3.98095e-05, No Iterations 1
smoothSolver:  Solving for k, Initial residual = 0.00518455, Final residual = 8.40167e-05, No Iterations 1
ExecutionTime = 43.884 s  ClockTime = 44 s

Time = 841s

smoothSolver:  Solving for Ux, Initial residual = 0.000541847, Final residual = 1.25233e-05, No Iterations 2
smoothSolver:  Solving for Uy, Initial residual = 0.768535, Final residual = 0.0569317, No Iterations 2
Pressure gradient source: uncorrected Ubar = 9.99989, pressure gradient = 20.9647
GAMG:  Solving for p, Initial residual = 0.762577, Final residual = 0.00760989, No Iterations 62
time step continuity errors : sum local = 0.000326947, global = -1.34592e-16, cumulative = -1.11065e-14
Pressure gradient source: uncorrected Ubar = 9.99997, pressure gradient = 20.5862
smoothSolver:  Solving for omega, Initial residual = 0.00104224, Final residual = 2.93435e-05, No Iterations 1
smoothSolver:  Solving for k, Initial residual = 0.00301965, Final residual = 3.61585e-05, No Iterations 1
ExecutionTime = 43.9226 s  ClockTime = 44 s

Time = 842s

smoothSolver:  Solving for Ux, Initial residual = 0.000394986, Final residual = 1.14749e-05, No Iterations 2
smoothSolver:  Solving for Uy, Initial residual = 0.689847, Final residual = 0.0476401, No Iterations 2
Pressure gradient source: uncorrected Ubar = 10.0004, pressure gradient = 18.5852
GAMG:  Solving for p, Initial residual = 0.272474, Final residual = 0.00261143, No Iterations 66
time step continuity errors : sum local = 0.000287996, global = 9.82163e-17, cumulative = -1.10083e-14
Pressure gradient source: uncorrected Ubar = 10.0001, pressure gradient = 19.9006
smoothSolver:  Solving for omega, Initial residual = 0.000504932, Final residual = 1.5084e-05, No Iterations 1
smoothSolver:  Solving for k, Initial residual = 0.00346559, Final residual = 5.37556e-05, No Iterations 1
ExecutionTime = 43.9623 s  ClockTime = 44 s

Time = 843s

smoothSolver:  Solving for Ux, Initial residual = 0.000384942, Final residual = 1.15894e-05, No Iterations 2
smoothSolver:  Solving for Uy, Initial residual = 0.685964, Final residual = 0.0479912, No Iterations 2
Pressure gradient source: uncorrected Ubar = 10.0001, pressure gradient = 19.5764
GAMG:  Solving for p, Initial residual = 0.764466, Final residual = 0.00745335, No Iterations 66
time step continuity errors : sum local = 0.000255825, global = -1.73151e-16, cumulative = -1.11815e-14
Pressure gradient source: uncorrected Ubar = 10, pressure gradient = 19.8249
smoothSolver:  Solving for omega, Initial residual = 0.000942555, Final residual = 1.62721e-05, No Iterations 1
smoothSolver:  Solving for k, Initial residual = 0.00504064, Final residual = 5.74761e-05, No Iterations 1
ExecutionTime = 44.0023 s  ClockTime = 44 s

Time = 844s

smoothSolver:  Solving for Ux, Initial residual = 0.000564677, Final residual = 1.49289e-05, No Iterations 2
smoothSolver:  Solving for Uy, Initial residual = 0.670779, Final residual = 0.0470994, No Iterations 2
Pressure gradient source: uncorrected Ubar = 9.99965, pressure gradient = 21.6139
GAMG:  Solving for p, Initial residual = 0.272823, Final residual = 0.00253763, No Iterations 74
time step continuity errors : sum local = 0.000310494, global = -5.06456e-17, cumulative = -1.12321e-14
Pressure gradient source: uncorrected Ubar = 9.99988, pressure gradient = 20.4154
smoothSolver:  Solving for omega, Initial residual = 0.00149419, Final residual = 3.98082e-05, No Iterations 1
smoothSolver:  Solving for k, Initial residual = 0.00518449, Final residual = 8.40147e-05, No Iterations 1
ExecutionTime = 44.0459 s  ClockTime = 44 s

Time = 845s

smoothSolver:  Solving for Ux, Initial residual = 0.000541852, Final residual = 1.25239e-05, No Iterations 2
smoothSolver:  Solving for Uy, Initial residual = 0.768551, Final residual = 0.0569332, No Iterations 2
Pressure gradient source: uncorrected Ubar = 9.99989, pressure gradient = 20.9647
GAMG:  Solving for p, Initial residual = 0.762564, Final residual = 0.00761171, No Iterations 62
time step continuity errors : sum local = 0.000327026, global = 8.62309e-17, cumulative = -1.11459e-14
Pressure gradient source: uncorrected Ubar = 9.99997, pressure gradient = 20.5863
smoothSolver:  Solving for omega, Initial residual = 0.00104222, Final residual = 2.9342e-05, No Iterations 1
smoothSolver:  Solving for k, Initial residual = 0.0030196, Final residual = 3.61555e-05, No Iterations 1
ExecutionTime = 44.0852 s  ClockTime = 44 s

Time = 846s

smoothSolver:  Solving for Ux, Initial residual = 0.000394991, Final residual = 1.14754e-05, No Iterations 2
smoothSolver:  Solving for Uy, Initial residual = 0.689861, Final residual = 0.0476413, No Iterations 2
Pressure gradient source: uncorrected Ubar = 10.0004, pressure gradient = 18.5853
GAMG:  Solving for p, Initial residual = 0.272469, Final residual = 0.00261045, No Iterations 66
time step continuity errors : sum local = 0.000287901, global = 1.1693e-16, cumulative = -1.10289e-14
Pressure gradient source: uncorrected Ubar = 10.0001, pressure gradient = 19.9006
smoothSolver:  Solving for omega, Initial residual = 0.000504919, Final residual = 1.50826e-05, No Iterations 1
smoothSolver:  Solving for k, Initial residual = 0.00346555, Final residual = 5.37527e-05, No Iterations 1
ExecutionTime = 44.126 s  ClockTime = 44 s

Time = 847s

smoothSolver:  Solving for Ux, Initial residual = 0.000384933, Final residual = 1.15889e-05, No Iterations 2
smoothSolver:  Solving for Uy, Initial residual = 0.685988, Final residual = 0.0479931, No Iterations 2
Pressure gradient source: uncorrected Ubar = 10.0001, pressure gradient = 19.5764
GAMG:  Solving for p, Initial residual = 0.764453, Final residual = 0.00745427, No Iterations 66
time step continuity errors : sum local = 0.000255862, global = -2.87286e-16, cumulative = -1.13162e-14
Pressure gradient source: uncorrected Ubar = 10, pressure gradient = 19.825
smoothSolver:  Solving for omega, Initial residual = 0.000942542, Final residual = 1.62709e-05, No Iterations 1
smoothSolver:  Solving for k, Initial residual = 0.0050406, Final residual = 5.74754e-05, No Iterations 1
ExecutionTime = 44.1659 s  ClockTime = 44 s

Time = 848s

smoothSolver:  Solving for Ux, Initial residual = 0.000564663, Final residual = 1.49281e-05, No Iterations 2
smoothSolver:  Solving for Uy, Initial residual = 0.670803, Final residual = 0.047101, No Iterations 2
Pressure gradient source: uncorrected Ubar = 9.99965, pressure gradient = 21.614
GAMG:  Solving for p, Initial residual = 0.272826, Final residual = 0.00253761, No Iterations 74
time step continuity errors : sum local = 0.000310489, global = -2.05353e-16, cumulative = -1.15216e-14
Pressure gradient source: uncorrected Ubar = 9.99988, pressure gradient = 20.4155
smoothSolver:  Solving for omega, Initial residual = 0.00149417, Final residual = 3.98069e-05, No Iterations 1
smoothSolver:  Solving for k, Initial residual = 0.00518444, Final residual = 8.40129e-05, No Iterations 1
ExecutionTime = 44.2117 s  ClockTime = 44 s

Time = 849s

smoothSolver:  Solving for Ux, Initial residual = 0.00054186, Final residual = 1.25246e-05, No Iterations 2
smoothSolver:  Solving for Uy, Initial residual = 0.768571, Final residual = 0.0569347, No Iterations 2
Pressure gradient source: uncorrected Ubar = 9.99989, pressure gradient = 20.9647
GAMG:  Solving for p, Initial residual = 0.762595, Final residual = 0.00761114, No Iterations 62
time step continuity errors : sum local = 0.000326991, global = 2.16027e-16, cumulative = -1.13056e-14
Pressure gradient source: uncorrected Ubar = 9.99997, pressure gradient = 20.5863
smoothSolver:  Solving for omega, Initial residual = 0.0010422, Final residual = 2.93406e-05, No Iterations 1
smoothSolver:  Solving for k, Initial residual = 0.00301955, Final residual = 3.61526e-05, No Iterations 1
ExecutionTime = 44.251 s  ClockTime = 44 s

Time = 850s

smoothSolver:  Solving for Ux, Initial residual = 0.000394996, Final residual = 1.14759e-05, No Iterations 2
smoothSolver:  Solving for Uy, Initial residual = 0.689876, Final residual = 0.0476424, No Iterations 2
Pressure gradient source: uncorrected Ubar = 10.0004, pressure gradient = 18.5853
GAMG:  Solving for p, Initial residual = 0.27248, Final residual = 0.00261111, No Iterations 66
time step continuity errors : sum local = 0.000287955, global = -3.84048e-16, cumulative = -1.16896e-14
Pressure gradient source: uncorrected Ubar = 10.0001, pressure gradient = 19.9007
smoothSolver:  Solving for omega, Initial residual = 0.000504906, Final residual = 1.50812e-05, No Iterations 1
smoothSolver:  Solving for k, Initial residual = 0.0034655, Final residual = 5.37499e-05, No Iterations 1
ExecutionTime = 44.2919 s  ClockTime = 45 s

Time = 851s

smoothSolver:  Solving for Ux, Initial residual = 0.000384924, Final residual = 1.15884e-05, No Iterations 2
smoothSolver:  Solving for Uy, Initial residual = 0.686016, Final residual = 0.047995, No Iterations 2
Pressure gradient source: uncorrected Ubar = 10.0001, pressure gradient = 19.5765
GAMG:  Solving for p, Initial residual = 0.764637, Final residual = 0.0074549, No Iterations 66
time step continuity errors : sum local = 0.000255817, global = -4.5684e-16, cumulative = -1.21464e-14
Pressure gradient source: uncorrected Ubar = 10, pressure gradient = 19.825
smoothSolver:  Solving for omega, Initial residual = 0.000942529, Final residual = 1.62697e-05, No Iterations 1
smoothSolver:  Solving for k, Initial residual = 0.00504057, Final residual = 5.74748e-05, No Iterations 1
ExecutionTime = 44.3327 s  ClockTime = 45 s

Time = 852s

smoothSolver:  Solving for Ux, Initial residual = 0.000564652, Final residual = 1.49274e-05, No Iterations 2
smoothSolver:  Solving for Uy, Initial residual = 0.670812, Final residual = 0.0471017, No Iterations 2
Pressure gradient source: uncorrected Ubar = 9.99965, pressure gradient = 21.614
GAMG:  Solving for p, Initial residual = 0.272832, Final residual = 0.00253678, No Iterations 74
time step continuity errors : sum local = 0.00031038, global = 2.47284e-16, cumulative = -1.18992e-14
Pressure gradient source: uncorrected Ubar = 9.99988, pressure gradient = 20.4155
smoothSolver:  Solving for omega, Initial residual = 0.00149416, Final residual = 3.98057e-05, No Iterations 1
smoothSolver:  Solving for k, Initial residual = 0.00518439, Final residual = 8.40111e-05, No Iterations 1
ExecutionTime = 44.3795 s  ClockTime = 45 s

Time = 853s

smoothSolver:  Solving for Ux, Initial residual = 0.000541869, Final residual = 1.25254e-05, No Iterations 2
smoothSolver:  Solving for Uy, Initial residual = 0.768578, Final residual = 0.0569356, No Iterations 2
Pressure gradient source: uncorrected Ubar = 9.99989, pressure gradient = 20.9647
GAMG:  Solving for p, Initial residual = 0.762416, Final residual = 0.00761034, No Iterations 62
time step continuity errors : sum local = 0.000327032, global = 1.27756e-16, cumulative = -1.17714e-14
Pressure gradient source: uncorrected Ubar = 9.99997, pressure gradient = 20.5864
smoothSolver:  Solving for omega, Initial residual = 0.00104219, Final residual = 2.93393e-05, No Iterations 1
smoothSolver:  Solving for k, Initial residual = 0.00301951, Final residual = 3.61498e-05, No Iterations 1
ExecutionTime = 44.4198 s  ClockTime = 45 s

Time = 854s

smoothSolver:  Solving for Ux, Initial residual = 0.000395001, Final residual = 1.14764e-05, No Iterations 2
smoothSolver:  Solving for Uy, Initial residual = 0.689907, Final residual = 0.0476446, No Iterations 2
Pressure gradient source: uncorrected Ubar = 10.0004, pressure gradient = 18.5853
GAMG:  Solving for p, Initial residual = 0.272472, Final residual = 0.00261131, No Iterations 66
time step continuity errors : sum local = 0.000287986, global = 2.59161e-16, cumulative = -1.15122e-14
Pressure gradient source: uncorrected Ubar = 10.0001, pressure gradient = 19.9007
smoothSolver:  Solving for omega, Initial residual = 0.000504894, Final residual = 1.508e-05, No Iterations 1
smoothSolver:  Solving for k, Initial residual = 0.00346546, Final residual = 5.37473e-05, No Iterations 1
ExecutionTime = 44.4605 s  ClockTime = 45 s

Time = 855s

smoothSolver:  Solving for Ux, Initial residual = 0.000384915, Final residual = 1.1588e-05, No Iterations 2
smoothSolver:  Solving for Uy, Initial residual = 0.686059, Final residual = 0.0479982, No Iterations 2
Pressure gradient source: uncorrected Ubar = 10.0001, pressure gradient = 19.5766
GAMG:  Solving for p, Initial residual = 0.76467, Final residual = 0.00745641, No Iterations 66
time step continuity errors : sum local = 0.000255864, global = -1.86201e-16, cumulative = -1.16984e-14
Pressure gradient source: uncorrected Ubar = 10, pressure gradient = 19.825
smoothSolver:  Solving for omega, Initial residual = 0.000942517, Final residual = 1.62687e-05, No Iterations 1
smoothSolver:  Solving for k, Initial residual = 0.00504053, Final residual = 5.74743e-05, No Iterations 1
ExecutionTime = 44.5011 s  ClockTime = 45 s

Time = 856s

smoothSolver:  Solving for Ux, Initial residual = 0.000564641, Final residual = 1.49268e-05, No Iterations 2
smoothSolver:  Solving for Uy, Initial residual = 0.6708, Final residual = 0.047101, No Iterations 2
Pressure gradient source: uncorrected Ubar = 9.99965, pressure gradient = 21.6141
GAMG:  Solving for p, Initial residual = 0.27281, Final residual = 0.00253675, No Iterations 74
time step continuity errors : sum local = 0.000310404, global = 1.32311e-17, cumulative = -1.16852e-14
Pressure gradient source: uncorrected Ubar = 9.99988, pressure gradient = 20.4156
smoothSolver:  Solving for omega, Initial residual = 0.00149414, Final residual = 3.98046e-05, No Iterations 1
smoothSolver:  Solving for k, Initial residual = 0.00518435, Final residual = 8.40095e-05, No Iterations 1
ExecutionTime = 44.5456 s  ClockTime = 45 s

Time = 857s

smoothSolver:  Solving for Ux, Initial residual = 0.000541875, Final residual = 1.2526e-05, No Iterations 2
smoothSolver:  Solving for Uy, Initial residual = 0.768602, Final residual = 0.0569372, No Iterations 2
Pressure gradient source: uncorrected Ubar = 9.99989, pressure gradient = 20.9648
GAMG:  Solving for p, Initial residual = 0.762502, Final residual = 0.00761164, No Iterations 62
time step continuity errors : sum local = 0.000327051, global = 1.05586e-16, cumulative = -1.15796e-14
Pressure gradient source: uncorrected Ubar = 9.99997, pressure gradient = 20.5864
smoothSolver:  Solving for omega, Initial residual = 0.00104217, Final residual = 2.93381e-05, No Iterations 1
smoothSolver:  Solving for k, Initial residual = 0.00301946, Final residual = 3.6147e-05, No Iterations 1
ExecutionTime = 44.5852 s  ClockTime = 45 s

Time = 858s

smoothSolver:  Solving for Ux, Initial residual = 0.000395006, Final residual = 1.1477e-05, No Iterations 2
smoothSolver:  Solving for Uy, Initial residual = 0.689919, Final residual = 0.0476452, No Iterations 2
Pressure gradient source: uncorrected Ubar = 10.0004, pressure gradient = 18.5853
GAMG:  Solving for p, Initial residual = 0.272469, Final residual = 0.00261101, No Iterations 66
time step continuity errors : sum local = 0.000287956, global = 2.59711e-16, cumulative = -1.13199e-14
Pressure gradient source: uncorrected Ubar = 10.0001, pressure gradient = 19.9007
smoothSolver:  Solving for omega, Initial residual = 0.000504882, Final residual = 1.50788e-05, No Iterations 1
smoothSolver:  Solving for k, Initial residual = 0.00346542, Final residual = 5.37446e-05, No Iterations 1
ExecutionTime = 44.6267 s  ClockTime = 45 s

Time = 859s

smoothSolver:  Solving for Ux, Initial residual = 0.000384906, Final residual = 1.15875e-05, No Iterations 2
smoothSolver:  Solving for Uy, Initial residual = 0.686081, Final residual = 0.0480001, No Iterations 2
Pressure gradient source: uncorrected Ubar = 10.0001, pressure gradient = 19.5766
GAMG:  Solving for p, Initial residual = 0.764669, Final residual = 0.00745719, No Iterations 66
time step continuity errors : sum local = 0.000255886, global = -1.36586e-16, cumulative = -1.14565e-14
Pressure gradient source: uncorrected Ubar = 10, pressure gradient = 19.8251
smoothSolver:  Solving for omega, Initial residual = 0.000942505, Final residual = 1.62676e-05, No Iterations 1
smoothSolver:  Solving for k, Initial residual = 0.0050405, Final residual = 5.74737e-05, No Iterations 1
ExecutionTime = 44.6672 s  ClockTime = 45 s

Time = 860s

smoothSolver:  Solving for Ux, Initial residual = 0.000564629, Final residual = 1.49261e-05, No Iterations 2
smoothSolver:  Solving for Uy, Initial residual = 0.670817, Final residual = 0.0471021, No Iterations 2
Pressure gradient source: uncorrected Ubar = 9.99965, pressure gradient = 21.6141
GAMG:  Solving for p, Initial residual = 0.272826, Final residual = 0.00253743, No Iterations 74
time step continuity errors : sum local = 0.000310466, global = 4.41321e-17, cumulative = -1.14124e-14
Pressure gradient source: uncorrected Ubar = 9.99988, pressure gradient = 20.4156
smoothSolver:  Solving for omega, Initial residual = 0.00149413, Final residual = 3.98035e-05, No Iterations 1
smoothSolver:  Solving for k, Initial residual = 0.00518431, Final residual = 8.4008e-05, No Iterations 1
ExecutionTime = 44.7115 s  ClockTime = 45 s

Time = 861s

smoothSolver:  Solving for Ux, Initial residual = 0.000541879, Final residual = 1.25265e-05, No Iterations 2
smoothSolver:  Solving for Uy, Initial residual = 0.768624, Final residual = 0.0569388, No Iterations 2
Pressure gradient source: uncorrected Ubar = 9.99989, pressure gradient = 20.9648
GAMG:  Solving for p, Initial residual = 0.762476, Final residual = 0.00761169, No Iterations 62
time step continuity errors : sum local = 0.000327058, global = -3.31849e-16, cumulative = -1.17442e-14
Pressure gradient source: uncorrected Ubar = 9.99997, pressure gradient = 20.5864
smoothSolver:  Solving for omega, Initial residual = 0.00104216, Final residual = 2.93369e-05, No Iterations 1
smoothSolver:  Solving for k, Initial residual = 0.00301942, Final residual = 3.61444e-05, No Iterations 1
ExecutionTime = 44.7506 s  ClockTime = 45 s

Time = 862s

smoothSolver:  Solving for Ux, Initial residual = 0.00039501, Final residual = 1.14774e-05, No Iterations 2
smoothSolver:  Solving for Uy, Initial residual = 0.689932, Final residual = 0.0476463, No Iterations 2
Pressure gradient source: uncorrected Ubar = 10.0004, pressure gradient = 18.5854
GAMG:  Solving for p, Initial residual = 0.272469, Final residual = 0.00261051, No Iterations 66
time step continuity errors : sum local = 0.000287905, global = -4.13423e-16, cumulative = -1.21576e-14
Pressure gradient source: uncorrected Ubar = 10.0001, pressure gradient = 19.9008
smoothSolver:  Solving for omega, Initial residual = 0.000504871, Final residual = 1.50776e-05, No Iterations 1
smoothSolver:  Solving for k, Initial residual = 0.00346538, Final residual = 5.37421e-05, No Iterations 1
ExecutionTime = 44.7913 s  ClockTime = 45 s

Time = 863s

smoothSolver:  Solving for Ux, Initial residual = 0.000384897, Final residual = 1.15869e-05, No Iterations 2
smoothSolver:  Solving for Uy, Initial residual = 0.686098, Final residual = 0.0480015, No Iterations 2
Pressure gradient source: uncorrected Ubar = 10.0001, pressure gradient = 19.5767
GAMG:  Solving for p, Initial residual = 0.764649, Final residual = 0.00745578, No Iterations 66
time step continuity errors : sum local = 0.000255847, global = -7.89907e-17, cumulative = -1.22366e-14
Pressure gradient source: uncorrected Ubar = 10, pressure gradient = 19.8251
smoothSolver:  Solving for omega, Initial residual = 0.000942494, Final residual = 1.62666e-05, No Iterations 1
smoothSolver:  Solving for k, Initial residual = 0.00504047, Final residual = 5.74732e-05, No Iterations 1
ExecutionTime = 44.8322 s  ClockTime = 45 s

Time = 864s

smoothSolver:  Solving for Ux, Initial residual = 0.000564617, Final residual = 1.49254e-05, No Iterations 2
smoothSolver:  Solving for Uy, Initial residual = 0.670832, Final residual = 0.0471032, No Iterations 2
Pressure gradient source: uncorrected Ubar = 9.99965, pressure gradient = 21.6142
GAMG:  Solving for p, Initial residual = 0.272825, Final residual = 0.00253757, No Iterations 74
time step continuity errors : sum local = 0.000310486, global = 1.2243e-16, cumulative = -1.21142e-14
Pressure gradient source: uncorrected Ubar = 9.99988, pressure gradient = 20.4157
smoothSolver:  Solving for omega, Initial residual = 0.00149411, Final residual = 3.98025e-05, No Iterations 1
smoothSolver:  Solving for k, Initial residual = 0.00518426, Final residual = 8.40065e-05, No Iterations 1
ExecutionTime = 44.8758 s  ClockTime = 45 s

Time = 865s

smoothSolver:  Solving for Ux, Initial residual = 0.000541885, Final residual = 1.2527e-05, No Iterations 2
smoothSolver:  Solving for Uy, Initial residual = 0.768643, Final residual = 0.0569403, No Iterations 2
Pressure gradient source: uncorrected Ubar = 9.99989, pressure gradient = 20.9648
GAMG:  Solving for p, Initial residual = 0.762474, Final residual = 0.00760987, No Iterations 62
time step continuity errors : sum local = 0.000326983, global = 2.02284e-16, cumulative = -1.19119e-14
Pressure gradient source: uncorrected Ubar = 9.99997, pressure gradient = 20.5865
smoothSolver:  Solving for omega, Initial residual = 0.00104215, Final residual = 2.93357e-05, No Iterations 1
smoothSolver:  Solving for k, Initial residual = 0.00301938, Final residual = 3.61418e-05, No Iterations 1
ExecutionTime = 44.9141 s  ClockTime = 45 s

Time = 866s

smoothSolver:  Solving for Ux, Initial residual = 0.000395014, Final residual = 1.14779e-05, No Iterations 2
smoothSolver:  Solving for Uy, Initial residual = 0.689949, Final residual = 0.0476475, No Iterations 2
Pressure gradient source: uncorrected Ubar = 10.0004, pressure gradient = 18.5854
GAMG:  Solving for p, Initial residual = 0.272473, Final residual = 0.00261055, No Iterations 66
time step continuity errors : sum local = 0.000287908, global = 2.06787e-16, cumulative = -1.17051e-14
Pressure gradient source: uncorrected Ubar = 10.0001, pressure gradient = 19.9008
smoothSolver:  Solving for omega, Initial residual = 0.00050486, Final residual = 1.50765e-05, No Iterations 1
smoothSolver:  Solving for k, Initial residual = 0.00346534, Final residual = 5.37397e-05, No Iterations 1
ExecutionTime = 44.9552 s  ClockTime = 45 s

Time = 867s

smoothSolver:  Solving for Ux, Initial residual = 0.000384889, Final residual = 1.15865e-05, No Iterations 2
smoothSolver:  Solving for Uy, Initial residual = 0.686129, Final residual = 0.0480036, No Iterations 2
Pressure gradient source: uncorrected Ubar = 10.0001, pressure gradient = 19.5767
GAMG:  Solving for p, Initial residual = 0.764682, Final residual = 0.00745642, No Iterations 66
time step continuity errors : sum local = 0.000255859, global = -1.0155e-16, cumulative = -1.18067e-14
Pressure gradient source: uncorrected Ubar = 10, pressure gradient = 19.8252
smoothSolver:  Solving for omega, Initial residual = 0.000942483, Final residual = 1.62657e-05, No Iterations 1
smoothSolver:  Solving for k, Initial residual = 0.00504044, Final residual = 5.74727e-05, No Iterations 1
ExecutionTime = 44.9963 s  ClockTime = 45 s

Time = 868s

smoothSolver:  Solving for Ux, Initial residual = 0.000564606, Final residual = 1.49247e-05, No Iterations 2
smoothSolver:  Solving for Uy, Initial residual = 0.670836, Final residual = 0.0471033, No Iterations 2
Pressure gradient source: uncorrected Ubar = 9.99965, pressure gradient = 21.6143
GAMG:  Solving for p, Initial residual = 0.272825, Final residual = 0.00253756, No Iterations 74
time step continuity errors : sum local = 0.000310484, global = 3.08397e-16, cumulative = -1.14983e-14
Pressure gradient source: uncorrected Ubar = 9.99988, pressure gradient = 20.4157
smoothSolver:  Solving for omega, Initial residual = 0.0014941, Final residual = 3.98015e-05, No Iterations 1
smoothSolver:  Solving for k, Initial residual = 0.00518422, Final residual = 8.40051e-05, No Iterations 1
ExecutionTime = 45.0407 s  ClockTime = 45 s

Time = 869s

smoothSolver:  Solving for Ux, Initial residual = 0.000541892, Final residual = 1.25277e-05, No Iterations 2
smoothSolver:  Solving for Uy, Initial residual = 0.768659, Final residual = 0.0569415, No Iterations 2
Pressure gradient source: uncorrected Ubar = 9.99989, pressure gradient = 20.9648
GAMG:  Solving for p, Initial residual = 0.762461, Final residual = 0.00760949, No Iterations 62
time step continuity errors : sum local = 0.000326989, global = 2.69997e-16, cumulative = -1.12283e-14
Pressure gradient source: uncorrected Ubar = 9.99997, pressure gradient = 20.5865
smoothSolver:  Solving for omega, Initial residual = 0.00104214, Final residual = 2.93346e-05, No Iterations 1
smoothSolver:  Solving for k, Initial residual = 0.00301935, Final residual = 3.61393e-05, No Iterations 1
ExecutionTime = 45.0797 s  ClockTime = 45 s

Time = 870s

smoothSolver:  Solving for Ux, Initial residual = 0.000395018, Final residual = 1.14783e-05, No Iterations 2
smoothSolver:  Solving for Uy, Initial residual = 0.689972, Final residual = 0.0476492, No Iterations 2
Pressure gradient source: uncorrected Ubar = 10.0004, pressure gradient = 18.5854
GAMG:  Solving for p, Initial residual = 0.272474, Final residual = 0.00261069, No Iterations 66
time step continuity errors : sum local = 0.000287923, global = -1.54284e-16, cumulative = -1.13826e-14
Pressure gradient source: uncorrected Ubar = 10.0001, pressure gradient = 19.9008
smoothSolver:  Solving for omega, Initial residual = 0.00050485, Final residual = 1.50755e-05, No Iterations 1
smoothSolver:  Solving for k, Initial residual = 0.0034653, Final residual = 5.37373e-05, No Iterations 1
ExecutionTime = 45.1192 s  ClockTime = 45 s

Time = 871s

smoothSolver:  Solving for Ux, Initial residual = 0.000384881, Final residual = 1.15861e-05, No Iterations 2
smoothSolver:  Solving for Uy, Initial residual = 0.686151, Final residual = 0.0480052, No Iterations 2
Pressure gradient source: uncorrected Ubar = 10.0001, pressure gradient = 19.5768
GAMG:  Solving for p, Initial residual = 0.764734, Final residual = 0.00745626, No Iterations 66
time step continuity errors : sum local = 0.000255834, global = -7.23136e-17, cumulative = -1.14549e-14
Pressure gradient source: uncorrected Ubar = 10, pressure gradient = 19.8252
smoothSolver:  Solving for omega, Initial residual = 0.000942473, Final residual = 1.62648e-05, No Iterations 1
smoothSolver:  Solving for k, Initial residual = 0.00504041, Final residual = 5.74722e-05, No Iterations 1
ExecutionTime = 45.1589 s  ClockTime = 45 s

Time = 872s

smoothSolver:  Solving for Ux, Initial residual = 0.000564596, Final residual = 1.49242e-05, No Iterations 2
smoothSolver:  Solving for Uy, Initial residual = 0.670833, Final residual = 0.0471032, No Iterations 2
Pressure gradient source: uncorrected Ubar = 9.99965, pressure gradient = 21.6143
GAMG:  Solving for p, Initial residual = 0.272821, Final residual = 0.00253743, No Iterations 74
time step continuity errors : sum local = 0.000310474, global = 6.81498e-17, cumulative = -1.13867e-14
Pressure gradient source: uncorrected Ubar = 9.99988, pressure gradient = 20.4158
smoothSolver:  Solving for omega, Initial residual = 0.00149409, Final residual = 3.98006e-05, No Iterations 1
smoothSolver:  Solving for k, Initial residual = 0.00518419, Final residual = 8.40039e-05, No Iterations 1
ExecutionTime = 45.2061 s  ClockTime = 45 s

Time = 873s

smoothSolver:  Solving for Ux, Initial residual = 0.000541897, Final residual = 1.25282e-05, No Iterations 2
smoothSolver:  Solving for Uy, Initial residual = 0.768674, Final residual = 0.0569427, No Iterations 2
Pressure gradient source: uncorrected Ubar = 9.99989, pressure gradient = 20.9648
GAMG:  Solving for p, Initial residual = 0.762462, Final residual = 0.00760878, No Iterations 62
time step continuity errors : sum local = 0.00032695, global = 4.04804e-16, cumulative = -1.09819e-14
Pressure gradient source: uncorrected Ubar = 9.99997, pressure gradient = 20.5865
smoothSolver:  Solving for omega, Initial residual = 0.00104212, Final residual = 2.93335e-05, No Iterations 1
smoothSolver:  Solving for k, Initial residual = 0.00301931, Final residual = 3.61369e-05, No Iterations 1
ExecutionTime = 45.2448 s  ClockTime = 45 s

Time = 874s

smoothSolver:  Solving for Ux, Initial residual = 0.000395022, Final residual = 1.14788e-05, No Iterations 2
smoothSolver:  Solving for Uy, Initial residual = 0.689992, Final residual = 0.0476505, No Iterations 2
Pressure gradient source: uncorrected Ubar = 10.0004, pressure gradient = 18.5854
GAMG:  Solving for p, Initial residual = 0.272475, Final residual = 0.00261137, No Iterations 66
time step continuity errors : sum local = 0.000288, global = 8.0097e-16, cumulative = -1.0181e-14
Pressure gradient source: uncorrected Ubar = 10.0001, pressure gradient = 19.9009
smoothSolver:  Solving for omega, Initial residual = 0.00050484, Final residual = 1.50745e-05, No Iterations 1
smoothSolver:  Solving for k, Initial residual = 0.00346526, Final residual = 5.3735e-05, No Iterations 1
ExecutionTime = 45.2851 s  ClockTime = 46 s

Time = 875s

smoothSolver:  Solving for Ux, Initial residual = 0.000384873, Final residual = 1.15856e-05, No Iterations 2
smoothSolver:  Solving for Uy, Initial residual = 0.686179, Final residual = 0.0480072, No Iterations 2
Pressure gradient source: uncorrected Ubar = 10.0001, pressure gradient = 19.5768
GAMG:  Solving for p, Initial residual = 0.764638, Final residual = 0.00745684, No Iterations 66
time step continuity errors : sum local = 0.000255891, global = 1.00018e-17, cumulative = -1.0171e-14
Pressure gradient source: uncorrected Ubar = 10, pressure gradient = 19.8253
smoothSolver:  Solving for omega, Initial residual = 0.000942464, Final residual = 1.6264e-05, No Iterations 1
smoothSolver:  Solving for k, Initial residual = 0.00504039, Final residual = 5.74717e-05, No Iterations 1
ExecutionTime = 45.3257 s  ClockTime = 46 s

Time = 876s

smoothSolver:  Solving for Ux, Initial residual = 0.000564586, Final residual = 1.49236e-05, No Iterations 2
smoothSolver:  Solving for Uy, Initial residual = 0.670833, Final residual = 0.0471031, No Iterations 2
Pressure gradient source: uncorrected Ubar = 9.99965, pressure gradient = 21.6144
GAMG:  Solving for p, Initial residual = 0.272824, Final residual = 0.00253755, No Iterations 74
time step continuity errors : sum local = 0.000310487, global = -1.82044e-16, cumulative = -1.0353e-14
Pressure gradient source: uncorrected Ubar = 9.99988, pressure gradient = 20.4158
smoothSolver:  Solving for omega, Initial residual = 0.00149408, Final residual = 3.97997e-05, No Iterations 1
smoothSolver:  Solving for k, Initial residual = 0.00518415, Final residual = 8.40027e-05, No Iterations 1
ExecutionTime = 45.3698 s  ClockTime = 46 s

Time = 877s

smoothSolver:  Solving for Ux, Initial residual = 0.000541902, Final residual = 1.25287e-05, No Iterations 2
smoothSolver:  Solving for Uy, Initial residual = 0.768689, Final residual = 0.0569437, No Iterations 2
Pressure gradient source: uncorrected Ubar = 9.99989, pressure gradient = 20.9648
GAMG:  Solving for p, Initial residual = 0.762467, Final residual = 0.00761109, No Iterations 62
time step continuity errors : sum local = 0.000327045, global = 4.48619e-18, cumulative = -1.03485e-14
Pressure gradient source: uncorrected Ubar = 9.99997, pressure gradient = 20.5866
smoothSolver:  Solving for omega, Initial residual = 0.00104211, Final residual = 2.93325e-05, No Iterations 1
smoothSolver:  Solving for k, Initial residual = 0.00301927, Final residual = 3.61346e-05, No Iterations 1
ExecutionTime = 45.4077 s  ClockTime = 46 s

Time = 878s

smoothSolver:  Solving for Ux, Initial residual = 0.000395026, Final residual = 1.14792e-05, No Iterations 2
smoothSolver:  Solving for Uy, Initial residual = 0.690011, Final residual = 0.0476521, No Iterations 2
Pressure gradient source: uncorrected Ubar = 10.0004, pressure gradient = 18.5855
GAMG:  Solving for p, Initial residual = 0.272476, Final residual = 0.00261061, No Iterations 66
time step continuity errors : sum local = 0.000287914, global = -4.24869e-17, cumulative = -1.0391e-14
Pressure gradient source: uncorrected Ubar = 10.0001, pressure gradient = 19.9009
smoothSolver:  Solving for omega, Initial residual = 0.00050483, Final residual = 1.50735e-05, No Iterations 1
smoothSolver:  Solving for k, Initial residual = 0.00346523, Final residual = 5.37328e-05, No Iterations 1
ExecutionTime = 45.4488 s  ClockTime = 46 s

Time = 879s

smoothSolver:  Solving for Ux, Initial residual = 0.000384866, Final residual = 1.15853e-05, No Iterations 2
smoothSolver:  Solving for Uy, Initial residual = 0.686196, Final residual = 0.0480087, No Iterations 2
Pressure gradient source: uncorrected Ubar = 10.0001, pressure gradient = 19.5769
GAMG:  Solving for p, Initial residual = 0.764727, Final residual = 0.00745564, No Iterations 66
time step continuity errors : sum local = 0.000255816, global = 1.93583e-16, cumulative = -1.01974e-14
Pressure gradient source: uncorrected Ubar = 10, pressure gradient = 19.8253
smoothSolver:  Solving for omega, Initial residual = 0.000942455, Final residual = 1.62632e-05, No Iterations 1
smoothSolver:  Solving for k, Initial residual = 0.00504036, Final residual = 5.74711e-05, No Iterations 1
ExecutionTime = 45.4926 s  ClockTime = 46 s

Time = 880s

smoothSolver:  Solving for Ux, Initial residual = 0.000564576, Final residual = 1.4923e-05, No Iterations 2
smoothSolver:  Solving for Uy, Initial residual = 0.670833, Final residual = 0.0471032, No Iterations 2
Pressure gradient source: uncorrected Ubar = 9.99965, pressure gradient = 21.6144
GAMG:  Solving for p, Initial residual = 0.272825, Final residual = 0.00253761, No Iterations 74
time step continuity errors : sum local = 0.000310491, global = 4.88631e-17, cumulative = -1.01486e-14
Pressure gradient source: uncorrected Ubar = 9.99988, pressure gradient = 20.4159
smoothSolver:  Solving for omega, Initial residual = 0.00149407, Final residual = 3.97988e-05, No Iterations 1
smoothSolver:  Solving for k, Initial residual = 0.00518412, Final residual = 8.40015e-05, No Iterations 1
ExecutionTime = 45.5395 s  ClockTime = 46 s

Time = 881s

smoothSolver:  Solving for Ux, Initial residual = 0.000541908, Final residual = 1.25292e-05, No Iterations 2
smoothSolver:  Solving for Uy, Initial residual = 0.768708, Final residual = 0.0569452, No Iterations 2
Pressure gradient source: uncorrected Ubar = 9.99989, pressure gradient = 20.9649
GAMG:  Solving for p, Initial residual = 0.76243, Final residual = 0.00761094, No Iterations 62
time step continuity errors : sum local = 0.000327056, global = -2.30613e-17, cumulative = -1.01716e-14
Pressure gradient source: uncorrected Ubar = 9.99997, pressure gradient = 20.5866
smoothSolver:  Solving for omega, Initial residual = 0.0010421, Final residual = 2.93316e-05, No Iterations 1
smoothSolver:  Solving for k, Initial residual = 0.00301924, Final residual = 3.61324e-05, No Iterations 1
ExecutionTime = 45.5793 s  ClockTime = 46 s

Time = 882s

smoothSolver:  Solving for Ux, Initial residual = 0.00039503, Final residual = 1.14796e-05, No Iterations 2
smoothSolver:  Solving for Uy, Initial residual = 0.69003, Final residual = 0.0476533, No Iterations 2
Pressure gradient source: uncorrected Ubar = 10.0004, pressure gradient = 18.5855
GAMG:  Solving for p, Initial residual = 0.272475, Final residual = 0.0026107, No Iterations 66
time step continuity errors : sum local = 0.000287924, global = 4.75392e-16, cumulative = -9.69623e-15
Pressure gradient source: uncorrected Ubar = 10.0001, pressure gradient = 19.9009
smoothSolver:  Solving for omega, Initial residual = 0.000504821, Final residual = 1.50726e-05, No Iterations 1
smoothSolver:  Solving for k, Initial residual = 0.00346519, Final residual = 5.37306e-05, No Iterations 1
ExecutionTime = 45.6197 s  ClockTime = 46 s

Time = 883s

smoothSolver:  Solving for Ux, Initial residual = 0.000384858, Final residual = 1.15849e-05, No Iterations 2
smoothSolver:  Solving for Uy, Initial residual = 0.686213, Final residual = 0.0480099, No Iterations 2
Pressure gradient source: uncorrected Ubar = 10.0001, pressure gradient = 19.577
GAMG:  Solving for p, Initial residual = 0.764799, Final residual = 0.0074567, No Iterations 66
time step continuity errors : sum local = 0.000255828, global = -1.94958e-16, cumulative = -9.89118e-15
Pressure gradient source: uncorrected Ubar = 10, pressure gradient = 19.8253
smoothSolver:  Solving for omega, Initial residual = 0.000942446, Final residual = 1.62624e-05, No Iterations 1
smoothSolver:  Solving for k, Initial residual = 0.00504034, Final residual = 5.74706e-05, No Iterations 1
ExecutionTime = 45.661 s  ClockTime = 46 s

Time = 884s

smoothSolver:  Solving for Ux, Initial residual = 0.000564567, Final residual = 1.49224e-05, No Iterations 2
smoothSolver:  Solving for Uy, Initial residual = 0.670833, Final residual = 0.0471032, No Iterations 2
Pressure gradient source: uncorrected Ubar = 9.99965, pressure gradient = 21.6144
GAMG:  Solving for p, Initial residual = 0.272822, Final residual = 0.00253767, No Iterations 74
time step continuity errors : sum local = 0.000310503, global = 2.48429e-18, cumulative = -9.8887e-15
Pressure gradient source: uncorrected Ubar = 9.99988, pressure gradient = 20.4159
smoothSolver:  Solving for omega, Initial residual = 0.00149406, Final residual = 3.9798e-05, No Iterations 1
smoothSolver:  Solving for k, Initial residual = 0.00518409, Final residual = 8.40004e-05, No Iterations 1
ExecutionTime = 45.7062 s  ClockTime = 46 s

Time = 885s

smoothSolver:  Solving for Ux, Initial residual = 0.000541913, Final residual = 1.25297e-05, No Iterations 2
smoothSolver:  Solving for Uy, Initial residual = 0.768723, Final residual = 0.0569465, No Iterations 2
Pressure gradient source: uncorrected Ubar = 9.99989, pressure gradient = 20.9649
GAMG:  Solving for p, Initial residual = 0.762412, Final residual = 0.00761063, No Iterations 62
time step continuity errors : sum local = 0.000327056, global = -2.62937e-16, cumulative = -1.01516e-14
Pressure gradient source: uncorrected Ubar = 9.99997, pressure gradient = 20.5866
smoothSolver:  Solving for omega, Initial residual = 0.00104209, Final residual = 2.93306e-05, No Iterations 1
smoothSolver:  Solving for k, Initial residual = 0.0030192, Final residual = 3.61302e-05, No Iterations 1
ExecutionTime = 45.7456 s  ClockTime = 46 s

Time = 886s

smoothSolver:  Solving for Ux, Initial residual = 0.000395034, Final residual = 1.148e-05, No Iterations 2
smoothSolver:  Solving for Uy, Initial residual = 0.690047, Final residual = 0.0476546, No Iterations 2
Pressure gradient source: uncorrected Ubar = 10.0004, pressure gradient = 18.5855
GAMG:  Solving for p, Initial residual = 0.272474, Final residual = 0.00261123, No Iterations 66
time step continuity errors : sum local = 0.000287978, global = -6.97141e-16, cumulative = -1.08488e-14
Pressure gradient source: uncorrected Ubar = 10.0001, pressure gradient = 19.901
smoothSolver:  Solving for omega, Initial residual = 0.000504813, Final residual = 1.50717e-05, No Iterations 1
smoothSolver:  Solving for k, Initial residual = 0.00346516, Final residual = 5.37285e-05, No Iterations 1
ExecutionTime = 45.7864 s  ClockTime = 46 s

Time = 887s

smoothSolver:  Solving for Ux, Initial residual = 0.000384851, Final residual = 1.15845e-05, No Iterations 2
smoothSolver:  Solving for Uy, Initial residual = 0.686233, Final residual = 0.0480114, No Iterations 2
Pressure gradient source: uncorrected Ubar = 10.0001, pressure gradient = 19.577
GAMG:  Solving for p, Initial residual = 0.76492, Final residual = 0.00745839, No Iterations 66
time step continuity errors : sum local = 0.000255845, global = 4.4312e-16, cumulative = -1.04057e-14
Pressure gradient source: uncorrected Ubar = 10, pressure gradient = 19.8254
smoothSolver:  Solving for omega, Initial residual = 0.000942438, Final residual = 1.62617e-05, No Iterations 1
smoothSolver:  Solving for k, Initial residual = 0.00504031, Final residual = 5.747e-05, No Iterations 1
ExecutionTime = 45.8267 s  ClockTime = 46 s

Time = 888s

smoothSolver:  Solving for Ux, Initial residual = 0.000564558, Final residual = 1.49219e-05, No Iterations 2
smoothSolver:  Solving for Uy, Initial residual = 0.670835, Final residual = 0.0471033, No Iterations 2
Pressure gradient source: uncorrected Ubar = 9.99965, pressure gradient = 21.6145
GAMG:  Solving for p, Initial residual = 0.272824, Final residual = 0.0025373, No Iterations 74
time step continuity errors : sum local = 0.000310455, global = 3.95496e-17, cumulative = -1.03661e-14
Pressure gradient source: uncorrected Ubar = 9.99988, pressure gradient = 20.4159
smoothSolver:  Solving for omega, Initial residual = 0.00149405, Final residual = 3.97973e-05, No Iterations 1
smoothSolver:  Solving for k, Initial residual = 0.00518406, Final residual = 8.39994e-05, No Iterations 1
ExecutionTime = 45.8734 s  ClockTime = 46 s

Time = 889s

smoothSolver:  Solving for Ux, Initial residual = 0.000541918, Final residual = 1.25302e-05, No Iterations 2
smoothSolver:  Solving for Uy, Initial residual = 0.768738, Final residual = 0.0569476, No Iterations 2
Pressure gradient source: uncorrected Ubar = 9.99989, pressure gradient = 20.9649
GAMG:  Solving for p, Initial residual = 0.762351, Final residual = 0.00761094, No Iterations 62
time step continuity errors : sum local = 0.000327087, global = 3.34987e-16, cumulative = -1.00311e-14
Pressure gradient source: uncorrected Ubar = 9.99997, pressure gradient = 20.5867
smoothSolver:  Solving for omega, Initial residual = 0.00104208, Final residual = 2.93297e-05, No Iterations 1
smoothSolver:  Solving for k, Initial residual = 0.00301917, Final residual = 3.6128e-05, No Iterations 1
ExecutionTime = 45.9132 s  ClockTime = 46 s

Time = 890s

smoothSolver:  Solving for Ux, Initial residual = 0.000395037, Final residual = 1.14804e-05, No Iterations 2
smoothSolver:  Solving for Uy, Initial residual = 0.69007, Final residual = 0.0476561, No Iterations 2
Pressure gradient source: uncorrected Ubar = 10.0004, pressure gradient = 18.5855
GAMG:  Solving for p, Initial residual = 0.272468, Final residual = 0.00261057, No Iterations 66
time step continuity errors : sum local = 0.000287915, global = -5.55711e-16, cumulative = -1.05868e-14
Pressure gradient source: uncorrected Ubar = 10.0001, pressure gradient = 19.901
smoothSolver:  Solving for omega, Initial residual = 0.000504804, Final residual = 1.50708e-05, No Iterations 1
smoothSolver:  Solving for k, Initial residual = 0.00346513, Final residual = 5.37265e-05, No Iterations 1
ExecutionTime = 45.9542 s  ClockTime = 46 s

Time = 891s

smoothSolver:  Solving for Ux, Initial residual = 0.000384845, Final residual = 1.15841e-05, No Iterations 2
smoothSolver:  Solving for Uy, Initial residual = 0.686246, Final residual = 0.0480124, No Iterations 2
Pressure gradient source: uncorrected Ubar = 10.0001, pressure gradient = 19.577
GAMG:  Solving for p, Initial residual = 0.764864, Final residual = 0.00745699, No Iterations 66
time step continuity errors : sum local = 0.000255817, global = 7.23405e-17, cumulative = -1.05145e-14
Pressure gradient source: uncorrected Ubar = 10, pressure gradient = 19.8254
smoothSolver:  Solving for omega, Initial residual = 0.00094243, Final residual = 1.6261e-05, No Iterations 1
smoothSolver:  Solving for k, Initial residual = 0.00504029, Final residual = 5.74694e-05, No Iterations 1
ExecutionTime = 45.9956 s  ClockTime = 46 s

Time = 892s

smoothSolver:  Solving for Ux, Initial residual = 0.000564549, Final residual = 1.49214e-05, No Iterations 2
smoothSolver:  Solving for Uy, Initial residual = 0.670828, Final residual = 0.0471029, No Iterations 2
Pressure gradient source: uncorrected Ubar = 9.99965, pressure gradient = 21.6145
GAMG:  Solving for p, Initial residual = 0.27282, Final residual = 0.00253746, No Iterations 74
time step continuity errors : sum local = 0.000310479, global = -5.43141e-16, cumulative = -1.10576e-14
Pressure gradient source: uncorrected Ubar = 9.99988, pressure gradient = 20.416
smoothSolver:  Solving for omega, Initial residual = 0.00149404, Final residual = 3.97965e-05, No Iterations 1
smoothSolver:  Solving for k, Initial residual = 0.00518403, Final residual = 8.39984e-05, No Iterations 1
ExecutionTime = 46.0402 s  ClockTime = 46 s

Time = 893s

smoothSolver:  Solving for Ux, Initial residual = 0.000541923, Final residual = 1.25306e-05, No Iterations 2
smoothSolver:  Solving for Uy, Initial residual = 0.768758, Final residual = 0.0569491, No Iterations 2
Pressure gradient source: uncorrected Ubar = 9.99989, pressure gradient = 20.9649
GAMG:  Solving for p, Initial residual = 0.762388, Final residual = 0.00761225, No Iterations 62
time step continuity errors : sum local = 0.000327125, global = 8.86816e-17, cumulative = -1.0969e-14
Pressure gradient source: uncorrected Ubar = 9.99997, pressure gradient = 20.5867
smoothSolver:  Solving for omega, Initial residual = 0.00104207, Final residual = 2.93289e-05, No Iterations 1
smoothSolver:  Solving for k, Initial residual = 0.00301914, Final residual = 3.6126e-05, No Iterations 1
ExecutionTime = 46.0804 s  ClockTime = 46 s

Time = 894s

smoothSolver:  Solving for Ux, Initial residual = 0.000395041, Final residual = 1.14808e-05, No Iterations 2
smoothSolver:  Solving for Uy, Initial residual = 0.69008, Final residual = 0.047657, No Iterations 2
Pressure gradient source: uncorrected Ubar = 10.0004, pressure gradient = 18.5856
GAMG:  Solving for p, Initial residual = 0.272469, Final residual = 0.00261103, No Iterations 66
time step continuity errors : sum local = 0.000287968, global = 1.55869e-16, cumulative = -1.08131e-14
Pressure gradient source: uncorrected Ubar = 10.0001, pressure gradient = 19.901
smoothSolver:  Solving for omega, Initial residual = 0.000504797, Final residual = 1.507e-05, No Iterations 1
smoothSolver:  Solving for k, Initial residual = 0.0034651, Final residual = 5.37245e-05, No Iterations 1
ExecutionTime = 46.1211 s  ClockTime = 46 s

Time = 895s

smoothSolver:  Solving for Ux, Initial residual = 0.000384838, Final residual = 1.15838e-05, No Iterations 2
smoothSolver:  Solving for Uy, Initial residual = 0.686265, Final residual = 0.0480137, No Iterations 2
Pressure gradient source: uncorrected Ubar = 10.0001, pressure gradient = 19.5771
GAMG:  Solving for p, Initial residual = 0.764884, Final residual = 0.00745788, No Iterations 66
time step continuity errors : sum local = 0.000255845, global = 4.17345e-17, cumulative = -1.07713e-14
Pressure gradient source: uncorrected Ubar = 10, pressure gradient = 19.8254
smoothSolver:  Solving for omega, Initial residual = 0.000942423, Final residual = 1.62603e-05, No Iterations 1
smoothSolver:  Solving for k, Initial residual = 0.00504026, Final residual = 5.74687e-05, No Iterations 1
ExecutionTime = 46.1627 s  ClockTime = 46 s

Time = 896s

smoothSolver:  Solving for Ux, Initial residual = 0.000564541, Final residual = 1.49209e-05, No Iterations 2
smoothSolver:  Solving for Uy, Initial residual = 0.67083, Final residual = 0.047103, No Iterations 2
Pressure gradient source: uncorrected Ubar = 9.99965, pressure gradient = 21.6146
GAMG:  Solving for p, Initial residual = 0.272824, Final residual = 0.00253753, No Iterations 74
time step continuity errors : sum local = 0.000310485, global = -1.52943e-16, cumulative = -1.09243e-14
Pressure gradient source: uncorrected Ubar = 9.99988, pressure gradient = 20.416
smoothSolver:  Solving for omega, Initial residual = 0.00149403, Final residual = 3.97958e-05, No Iterations 1
smoothSolver:  Solving for k, Initial residual = 0.005184, Final residual = 8.39974e-05, No Iterations 1
ExecutionTime = 46.2079 s  ClockTime = 46 s

Time = 897s

smoothSolver:  Solving for Ux, Initial residual = 0.000541928, Final residual = 1.25311e-05, No Iterations 2
smoothSolver:  Solving for Uy, Initial residual = 0.768767, Final residual = 0.0569498, No Iterations 2
Pressure gradient source: uncorrected Ubar = 9.99989, pressure gradient = 20.9649
GAMG:  Solving for p, Initial residual = 0.762357, Final residual = 0.00761083, No Iterations 62
time step continuity errors : sum local = 0.00032707, global = -1.64623e-16, cumulative = -1.10889e-14
Pressure gradient source: uncorrected Ubar = 9.99997, pressure gradient = 20.5867
smoothSolver:  Solving for omega, Initial residual = 0.00104206, Final residual = 2.93281e-05, No Iterations 1
smoothSolver:  Solving for k, Initial residual = 0.00301911, Final residual = 3.6124e-05, No Iterations 1
ExecutionTime = 46.2482 s  ClockTime = 46 s

Time = 898s

smoothSolver:  Solving for Ux, Initial residual = 0.000395044, Final residual = 1.14811e-05, No Iterations 2
smoothSolver:  Solving for Uy, Initial residual = 0.690097, Final residual = 0.0476581, No Iterations 2
Pressure gradient source: uncorrected Ubar = 10.0004, pressure gradient = 18.5856
GAMG:  Solving for p, Initial residual = 0.272471, Final residual = 0.00261118, No Iterations 66
time step continuity errors : sum local = 0.000287978, global = 3.491e-16, cumulative = -1.07398e-14
Pressure gradient source: uncorrected Ubar = 10.0001, pressure gradient = 19.901
smoothSolver:  Solving for omega, Initial residual = 0.000504789, Final residual = 1.50693e-05, No Iterations 1
smoothSolver:  Solving for k, Initial residual = 0.00346507, Final residual = 5.37226e-05, No Iterations 1
ExecutionTime = 46.2878 s  ClockTime = 47 s

Time = 899s

smoothSolver:  Solving for Ux, Initial residual = 0.000384832, Final residual = 1.15834e-05, No Iterations 2
smoothSolver:  Solving for Uy, Initial residual = 0.686278, Final residual = 0.0480148, No Iterations 2
Pressure gradient source: uncorrected Ubar = 10.0001, pressure gradient = 19.5771
GAMG:  Solving for p, Initial residual = 0.764965, Final residual = 0.00745942, No Iterations 66
time step continuity errors : sum local = 0.000255868, global = 1.30081e-16, cumulative = -1.06097e-14
Pressure gradient source: uncorrected Ubar = 10, pressure gradient = 19.8255
smoothSolver:  Solving for omega, Initial residual = 0.000942416, Final residual = 1.62597e-05, No Iterations 1
smoothSolver:  Solving for k, Initial residual = 0.00504024, Final residual = 5.74681e-05, No Iterations 1
ExecutionTime = 46.3308 s  ClockTime = 47 s

Time = 900s

smoothSolver:  Solving for Ux, Initial residual = 0.000564533, Final residual = 1.49204e-05, No Iterations 2
smoothSolver:  Solving for Uy, Initial residual = 0.670834, Final residual = 0.0471032, No Iterations 2
Pressure gradient source: uncorrected Ubar = 9.99965, pressure gradient = 21.6146
GAMG:  Solving for p, Initial residual = 0.272824, Final residual = 0.00253746, No Iterations 74
time step continuity errors : sum local = 0.000310475, global = 6.86772e-16, cumulative = -9.92296e-15
Pressure gradient source: uncorrected Ubar = 9.99988, pressure gradient = 20.416
smoothSolver:  Solving for omega, Initial residual = 0.00149402, Final residual = 3.97952e-05, No Iterations 1
smoothSolver:  Solving for k, Initial residual = 0.00518397, Final residual = 8.39964e-05, No Iterations 1
ExecutionTime = 46.3981 s  ClockTime = 47 s

yPlus yPlus write:
    writing object yPlus
    patch bottomWall y+ : min = 11.1092, max = 11.5757, average = 11.1998
    patch topWall y+ : min = 11.1112, max = 11.5734, average = 11.1785

wallShearStress wallShearStress write:
    writing object wallShearStress
    min/max(bottomWall) = (-0.303747 -0.000121423 0), (-0.301638 0.000130884 0)
    min/max(topWall) = (-0.303697 -0.000128869 0), (-0.301677 5.77633e-05 0)

Time = 901s

smoothSolver:  Solving for Ux, Initial residual = 0.000541932, Final residual = 1.25315e-05, No Iterations 2
smoothSolver:  Solving for Uy, Initial residual = 0.768785, Final residual = 0.0569512, No Iterations 2
Pressure gradient source: uncorrected Ubar = 9.99989, pressure gradient = 20.9649
GAMG:  Solving for p, Initial residual = 0.762306, Final residual = 0.00760908, No Iterations 62
time step continuity errors : sum local = 0.000327031, global = 2.99788e-16, cumulative = -9.62317e-15
Pressure gradient source: uncorrected Ubar = 9.99997, pressure gradient = 20.5867
smoothSolver:  Solving for omega, Initial residual = 0.00104205, Final residual = 2.93273e-05, No Iterations 1
smoothSolver:  Solving for k, Initial residual = 0.00301908, Final residual = 3.61221e-05, No Iterations 1
ExecutionTime = 46.4389 s  ClockTime = 47 s

Time = 902s

smoothSolver:  Solving for Ux, Initial residual = 0.000395048, Final residual = 1.14815e-05, No Iterations 2
smoothSolver:  Solving for Uy, Initial residual = 0.690111, Final residual = 0.047659, No Iterations 2
Pressure gradient source: uncorrected Ubar = 10.0004, pressure gradient = 18.5856
GAMG:  Solving for p, Initial residual = 0.272468, Final residual = 0.00261004, No Iterations 66
time step continuity errors : sum local = 0.000287859, global = -3.08246e-16, cumulative = -9.93142e-15
Pressure gradient source: uncorrected Ubar = 10.0001, pressure gradient = 19.9011
smoothSolver:  Solving for omega, Initial residual = 0.000504782, Final residual = 1.50685e-05, No Iterations 1
smoothSolver:  Solving for k, Initial residual = 0.00346504, Final residual = 5.37207e-05, No Iterations 1
ExecutionTime = 46.479 s  ClockTime = 47 s

Time = 903s

smoothSolver:  Solving for Ux, Initial residual = 0.000384826, Final residual = 1.15831e-05, No Iterations 2
smoothSolver:  Solving for Uy, Initial residual = 0.686285, Final residual = 0.0480154, No Iterations 2
Pressure gradient source: uncorrected Ubar = 10.0001, pressure gradient = 19.5772
GAMG:  Solving for p, Initial residual = 0.76496, Final residual = 0.0074585, No Iterations 66
time step continuity errors : sum local = 0.000255838, global = 1.04694e-16, cumulative = -9.82672e-15
Pressure gradient source: uncorrected Ubar = 10, pressure gradient = 19.8255
smoothSolver:  Solving for omega, Initial residual = 0.000942409, Final residual = 1.62592e-05, No Iterations 1
smoothSolver:  Solving for k, Initial residual = 0.00504022, Final residual = 5.74675e-05, No Iterations 1
ExecutionTime = 46.5193 s  ClockTime = 47 s

Time = 904s

smoothSolver:  Solving for Ux, Initial residual = 0.000564525, Final residual = 1.49199e-05, No Iterations 2
smoothSolver:  Solving for Uy, Initial residual = 0.670831, Final residual = 0.0471031, No Iterations 2
Pressure gradient source: uncorrected Ubar = 9.99965, pressure gradient = 21.6147
GAMG:  Solving for p, Initial residual = 0.272817, Final residual = 0.00253737, No Iterations 74
time step continuity errors : sum local = 0.000310472, global = 4.25786e-16, cumulative = -9.40094e-15
Pressure gradient source: uncorrected Ubar = 9.99988, pressure gradient = 20.4161
smoothSolver:  Solving for omega, Initial residual = 0.00149401, Final residual = 3.97945e-05, No Iterations 1
smoothSolver:  Solving for k, Initial residual = 0.00518395, Final residual = 8.39955e-05, No Iterations 1
ExecutionTime = 46.5636 s  ClockTime = 47 s

Time = 905s

smoothSolver:  Solving for Ux, Initial residual = 0.000541937, Final residual = 1.2532e-05, No Iterations 2
smoothSolver:  Solving for Uy, Initial residual = 0.768803, Final residual = 0.0569526, No Iterations 2
Pressure gradient source: uncorrected Ubar = 9.99989, pressure gradient = 20.9649
GAMG:  Solving for p, Initial residual = 0.762353, Final residual = 0.00761118, No Iterations 62
time step continuity errors : sum local = 0.000327092, global = 5.29488e-16, cumulative = -8.87145e-15
Pressure gradient source: uncorrected Ubar = 9.99997, pressure gradient = 20.5868
smoothSolver:  Solving for omega, Initial residual = 0.00104205, Final residual = 2.93266e-05, No Iterations 1
smoothSolver:  Solving for k, Initial residual = 0.00301906, Final residual = 3.61202e-05, No Iterations 1
ExecutionTime = 46.6039 s  ClockTime = 47 s

Time = 906s

smoothSolver:  Solving for Ux, Initial residual = 0.000395051, Final residual = 1.14818e-05, No Iterations 2
smoothSolver:  Solving for Uy, Initial residual = 0.690122, Final residual = 0.0476599, No Iterations 2
Pressure gradient source: uncorrected Ubar = 10.0004, pressure gradient = 18.5856
GAMG:  Solving for p, Initial residual = 0.272468, Final residual = 0.00261067, No Iterations 66
time step continuity errors : sum local = 0.000287928, global = 3.60554e-16, cumulative = -8.5109e-15
Pressure gradient source: uncorrected Ubar = 10.0001, pressure gradient = 19.9011
smoothSolver:  Solving for omega, Initial residual = 0.000504775, Final residual = 1.50678e-05, No Iterations 1
smoothSolver:  Solving for k, Initial residual = 0.00346502, Final residual = 5.37189e-05, No Iterations 1
ExecutionTime = 46.6436 s  ClockTime = 47 s

Time = 907s

smoothSolver:  Solving for Ux, Initial residual = 0.00038482, Final residual = 1.15828e-05, No Iterations 2
smoothSolver:  Solving for Uy, Initial residual = 0.686296, Final residual = 0.0480163, No Iterations 2
Pressure gradient source: uncorrected Ubar = 10.0001, pressure gradient = 19.5772
GAMG:  Solving for p, Initial residual = 0.764886, Final residual = 0.00745757, No Iterations 66
time step continuity errors : sum local = 0.000255832, global = -9.91501e-17, cumulative = -8.61005e-15
Pressure gradient source: uncorrected Ubar = 10, pressure gradient = 19.8255
smoothSolver:  Solving for omega, Initial residual = 0.000942403, Final residual = 1.62586e-05, No Iterations 1
smoothSolver:  Solving for k, Initial residual = 0.0050402, Final residual = 5.74668e-05, No Iterations 1
ExecutionTime = 46.6833 s  ClockTime = 47 s

Time = 908s

smoothSolver:  Solving for Ux, Initial residual = 0.000564517, Final residual = 1.49195e-05, No Iterations 2
smoothSolver:  Solving for Uy, Initial residual = 0.670832, Final residual = 0.0471032, No Iterations 2
Pressure gradient source: uncorrected Ubar = 9.99965, pressure gradient = 21.6147
GAMG:  Solving for p, Initial residual = 0.272823, Final residual = 0.00253761, No Iterations 74
time step continuity errors : sum local = 0.000310496, global = 4.96239e-17, cumulative = -8.56042e-15
Pressure gradient source: uncorrected Ubar = 9.99988, pressure gradient = 20.4161
smoothSolver:  Solving for omega, Initial residual = 0.001494, Final residual = 3.97939e-05, No Iterations 1
smoothSolver:  Solving for k, Initial residual = 0.00518392, Final residual = 8.39946e-05, No Iterations 1
ExecutionTime = 46.7276 s  ClockTime = 47 s

Time = 909s

smoothSolver:  Solving for Ux, Initial residual = 0.000541941, Final residual = 1.25323e-05, No Iterations 2
smoothSolver:  Solving for Uy, Initial residual = 0.768813, Final residual = 0.0569534, No Iterations 2
Pressure gradient source: uncorrected Ubar = 9.99989, pressure gradient = 20.9649
GAMG:  Solving for p, Initial residual = 0.762344, Final residual = 0.0076091, No Iterations 62
time step continuity errors : sum local = 0.000327008, global = -2.5047e-16, cumulative = -8.81089e-15
Pressure gradient source: uncorrected Ubar = 9.99997, pressure gradient = 20.5868
smoothSolver:  Solving for omega, Initial residual = 0.00104204, Final residual = 2.93258e-05, No Iterations 1
smoothSolver:  Solving for k, Initial residual = 0.00301903, Final residual = 3.61184e-05, No Iterations 1
ExecutionTime = 46.766 s  ClockTime = 47 s

Time = 910s

smoothSolver:  Solving for Ux, Initial residual = 0.000395054, Final residual = 1.14821e-05, No Iterations 2
smoothSolver:  Solving for Uy, Initial residual = 0.690129, Final residual = 0.0476605, No Iterations 2
Pressure gradient source: uncorrected Ubar = 10.0004, pressure gradient = 18.5856
GAMG:  Solving for p, Initial residual = 0.272475, Final residual = 0.00261068, No Iterations 66
time step continuity errors : sum local = 0.000287923, global = -5.67047e-16, cumulative = -9.37794e-15
Pressure gradient source: uncorrected Ubar = 10.0001, pressure gradient = 19.9011
smoothSolver:  Solving for omega, Initial residual = 0.000504768, Final residual = 1.50671e-05, No Iterations 1
smoothSolver:  Solving for k, Initial residual = 0.00346499, Final residual = 5.37172e-05, No Iterations 1
ExecutionTime = 46.8072 s  ClockTime = 47 s

Time = 911s

smoothSolver:  Solving for Ux, Initial residual = 0.000384814, Final residual = 1.15825e-05, No Iterations 2
smoothSolver:  Solving for Uy, Initial residual = 0.686304, Final residual = 0.0480169, No Iterations 2
Pressure gradient source: uncorrected Ubar = 10.0001, pressure gradient = 19.5773
GAMG:  Solving for p, Initial residual = 0.764953, Final residual = 0.00745766, No Iterations 66
time step continuity errors : sum local = 0.00025581, global = 1.9123e-16, cumulative = -9.18671e-15
Pressure gradient source: uncorrected Ubar = 10, pressure gradient = 19.8255
smoothSolver:  Solving for omega, Initial residual = 0.000942397, Final residual = 1.62581e-05, No Iterations 1
smoothSolver:  Solving for k, Initial residual = 0.00504018, Final residual = 5.74661e-05, No Iterations 1
ExecutionTime = 46.8484 s  ClockTime = 47 s

Time = 912s

smoothSolver:  Solving for Ux, Initial residual = 0.00056451, Final residual = 1.4919e-05, No Iterations 2
smoothSolver:  Solving for Uy, Initial residual = 0.670836, Final residual = 0.0471034, No Iterations 2
Pressure gradient source: uncorrected Ubar = 9.99965, pressure gradient = 21.6147
GAMG:  Solving for p, Initial residual = 0.272824, Final residual = 0.00253694, No Iterations 74
time step continuity errors : sum local = 0.000310413, global = -4.03433e-16, cumulative = -9.59014e-15
Pressure gradient source: uncorrected Ubar = 9.99988, pressure gradient = 20.4161
smoothSolver:  Solving for omega, Initial residual = 0.001494, Final residual = 3.97934e-05, No Iterations 1
smoothSolver:  Solving for k, Initial residual = 0.0051839, Final residual = 8.39937e-05, No Iterations 1
ExecutionTime = 46.8918 s  ClockTime = 47 s

Time = 913s

smoothSolver:  Solving for Ux, Initial residual = 0.000541947, Final residual = 1.25329e-05, No Iterations 2
smoothSolver:  Solving for Uy, Initial residual = 0.768816, Final residual = 0.0569539, No Iterations 2
Pressure gradient source: uncorrected Ubar = 9.99989, pressure gradient = 20.965
GAMG:  Solving for p, Initial residual = 0.762242, Final residual = 0.00760833, No Iterations 62
time step continuity errors : sum local = 0.000327022, global = 5.49563e-16, cumulative = -9.04058e-15
Pressure gradient source: uncorrected Ubar = 9.99997, pressure gradient = 20.5868
smoothSolver:  Solving for omega, Initial residual = 0.00104203, Final residual = 2.93252e-05, No Iterations 1
smoothSolver:  Solving for k, Initial residual = 0.003019, Final residual = 3.61166e-05, No Iterations 1
ExecutionTime = 46.9429 s  ClockTime = 47 s

Time = 914s

smoothSolver:  Solving for Ux, Initial residual = 0.000395057, Final residual = 1.14825e-05, No Iterations 2
smoothSolver:  Solving for Uy, Initial residual = 0.690152, Final residual = 0.0476621, No Iterations 2
Pressure gradient source: uncorrected Ubar = 10.0004, pressure gradient = 18.5856
GAMG:  Solving for p, Initial residual = 0.272472, Final residual = 0.00261064, No Iterations 66
time step continuity errors : sum local = 0.00028792, global = -6.50315e-16, cumulative = -9.69089e-15
Pressure gradient source: uncorrected Ubar = 10.0001, pressure gradient = 19.9011
smoothSolver:  Solving for omega, Initial residual = 0.000504762, Final residual = 1.50665e-05, No Iterations 1
smoothSolver:  Solving for k, Initial residual = 0.00346497, Final residual = 5.37155e-05, No Iterations 1
ExecutionTime = 47.0325 s  ClockTime = 47 s

Time = 915s

smoothSolver:  Solving for Ux, Initial residual = 0.00038481, Final residual = 1.15823e-05, No Iterations 2
smoothSolver:  Solving for Uy, Initial residual = 0.68632, Final residual = 0.0480181, No Iterations 2
Pressure gradient source: uncorrected Ubar = 10.0001, pressure gradient = 19.5773
GAMG:  Solving for p, Initial residual = 0.765082, Final residual = 0.00745903, No Iterations 66
time step continuity errors : sum local = 0.000255813, global = 1.8706e-16, cumulative = -9.50384e-15
Pressure gradient source: uncorrected Ubar = 10, pressure gradient = 19.8256
smoothSolver:  Solving for omega, Initial residual = 0.000942391, Final residual = 1.62576e-05, No Iterations 1
smoothSolver:  Solving for k, Initial residual = 0.00504016, Final residual = 5.74654e-05, No Iterations 1
ExecutionTime = 47.0806 s  ClockTime = 47 s

Time = 916s

smoothSolver:  Solving for Ux, Initial residual = 0.000564504, Final residual = 1.49187e-05, No Iterations 2
smoothSolver:  Solving for Uy, Initial residual = 0.670825, Final residual = 0.0471028, No Iterations 2
Pressure gradient source: uncorrected Ubar = 9.99965, pressure gradient = 21.6148
GAMG:  Solving for p, Initial residual = 0.272813, Final residual = 0.00253741, No Iterations 74
time step continuity errors : sum local = 0.000310481, global = -1.3689e-16, cumulative = -9.64073e-15
Pressure gradient source: uncorrected Ubar = 9.99988, pressure gradient = 20.4162
smoothSolver:  Solving for omega, Initial residual = 0.00149399, Final residual = 3.97928e-05, No Iterations 1
smoothSolver:  Solving for k, Initial residual = 0.00518387, Final residual = 8.39928e-05, No Iterations 1
ExecutionTime = 47.1284 s  ClockTime = 47 s

Time = 917s

smoothSolver:  Solving for Ux, Initial residual = 0.000541949, Final residual = 1.25332e-05, No Iterations 2
smoothSolver:  Solving for Uy, Initial residual = 0.768843, Final residual = 0.0569555, No Iterations 2
Pressure gradient source: uncorrected Ubar = 9.99989, pressure gradient = 20.965
GAMG:  Solving for p, Initial residual = 0.762327, Final residual = 0.00760862, No Iterations 62
time step continuity errors : sum local = 0.000327002, global = 1.69593e-16, cumulative = -9.47113e-15
Pressure gradient source: uncorrected Ubar = 9.99997, pressure gradient = 20.5868
smoothSolver:  Solving for omega, Initial residual = 0.00104202, Final residual = 2.93245e-05, No Iterations 1
smoothSolver:  Solving for k, Initial residual = 0.00301898, Final residual = 3.61149e-05, No Iterations 1
ExecutionTime = 47.1684 s  ClockTime = 47 s

Time = 918s

smoothSolver:  Solving for Ux, Initial residual = 0.00039506, Final residual = 1.14828e-05, No Iterations 2
smoothSolver:  Solving for Uy, Initial residual = 0.690145, Final residual = 0.0476615, No Iterations 2
Pressure gradient source: uncorrected Ubar = 10.0004, pressure gradient = 18.5857
GAMG:  Solving for p, Initial residual = 0.272471, Final residual = 0.0026108, No Iterations 66
time step continuity errors : sum local = 0.000287939, global = -2.21554e-16, cumulative = -9.69269e-15
Pressure gradient source: uncorrected Ubar = 10.0001, pressure gradient = 19.9011
smoothSolver:  Solving for omega, Initial residual = 0.000504756, Final residual = 1.50659e-05, No Iterations 1
smoothSolver:  Solving for k, Initial residual = 0.00346494, Final residual = 5.37138e-05, No Iterations 1
ExecutionTime = 47.2084 s  ClockTime = 47 s

Time = 919s

smoothSolver:  Solving for Ux, Initial residual = 0.000384803, Final residual = 1.15818e-05, No Iterations 2
smoothSolver:  Solving for Uy, Initial residual = 0.68632, Final residual = 0.0480182, No Iterations 2
Pressure gradient source: uncorrected Ubar = 10.0001, pressure gradient = 19.5773
GAMG:  Solving for p, Initial residual = 0.764974, Final residual = 0.00745808, No Iterations 66
time step continuity errors : sum local = 0.000255817, global = -1.90768e-16, cumulative = -9.88346e-15
Pressure gradient source: uncorrected Ubar = 10, pressure gradient = 19.8256
smoothSolver:  Solving for omega, Initial residual = 0.000942385, Final residual = 1.62571e-05, No Iterations 1
smoothSolver:  Solving for k, Initial residual = 0.00504014, Final residual = 5.74647e-05, No Iterations 1
ExecutionTime = 47.2488 s  ClockTime = 48 s

Time = 920s

smoothSolver:  Solving for Ux, Initial residual = 0.000564496, Final residual = 1.49182e-05, No Iterations 2
smoothSolver:  Solving for Uy, Initial residual = 0.670838, Final residual = 0.0471035, No Iterations 2
Pressure gradient source: uncorrected Ubar = 9.99965, pressure gradient = 21.6148
GAMG:  Solving for p, Initial residual = 0.272826, Final residual = 0.00253757, No Iterations 74
time step continuity errors : sum local = 0.000310489, global = -7.67154e-17, cumulative = -9.96017e-15
Pressure gradient source: uncorrected Ubar = 9.99988, pressure gradient = 20.4162
smoothSolver:  Solving for omega, Initial residual = 0.00149398, Final residual = 3.97923e-05, No Iterations 1
smoothSolver:  Solving for k, Initial residual = 0.00518385, Final residual = 8.39919e-05, No Iterations 1
ExecutionTime = 47.293 s  ClockTime = 48 s

Time = 921s

smoothSolver:  Solving for Ux, Initial residual = 0.000541952, Final residual = 1.25335e-05, No Iterations 2
smoothSolver:  Solving for Uy, Initial residual = 0.76885, Final residual = 0.0569564, No Iterations 2
Pressure gradient source: uncorrected Ubar = 9.99989, pressure gradient = 20.965
GAMG:  Solving for p, Initial residual = 0.76227, Final residual = 0.00760818, No Iterations 62
time step continuity errors : sum local = 0.000326992, global = -2.41984e-16, cumulative = -1.02022e-14
Pressure gradient source: uncorrected Ubar = 9.99997, pressure gradient = 20.5869
smoothSolver:  Solving for omega, Initial residual = 0.00104202, Final residual = 2.93239e-05, No Iterations 1
smoothSolver:  Solving for k, Initial residual = 0.00301895, Final residual = 3.61132e-05, No Iterations 1
ExecutionTime = 47.3325 s  ClockTime = 48 s

Time = 922s

smoothSolver:  Solving for Ux, Initial residual = 0.000395062, Final residual = 1.1483e-05, No Iterations 2
smoothSolver:  Solving for Uy, Initial residual = 0.690154, Final residual = 0.0476623, No Iterations 2
Pressure gradient source: uncorrected Ubar = 10.0004, pressure gradient = 18.5857
GAMG:  Solving for p, Initial residual = 0.272472, Final residual = 0.00261058, No Iterations 66
time step continuity errors : sum local = 0.000287915, global = 2.49599e-16, cumulative = -9.95256e-15
Pressure gradient source: uncorrected Ubar = 10.0001, pressure gradient = 19.9012
smoothSolver:  Solving for omega, Initial residual = 0.00050475, Final residual = 1.50653e-05, No Iterations 1
smoothSolver:  Solving for k, Initial residual = 0.00346492, Final residual = 5.37122e-05, No Iterations 1
ExecutionTime = 47.3722 s  ClockTime = 48 s

Time = 923s

smoothSolver:  Solving for Ux, Initial residual = 0.000384799, Final residual = 1.15816e-05, No Iterations 2
smoothSolver:  Solving for Uy, Initial residual = 0.686329, Final residual = 0.0480189, No Iterations 2
Pressure gradient source: uncorrected Ubar = 10.0001, pressure gradient = 19.5774
GAMG:  Solving for p, Initial residual = 0.765019, Final residual = 0.00745868, No Iterations 66
time step continuity errors : sum local = 0.000255825, global = 5.20035e-16, cumulative = -9.43252e-15
Pressure gradient source: uncorrected Ubar = 10, pressure gradient = 19.8256
smoothSolver:  Solving for omega, Initial residual = 0.00094238, Final residual = 1.62567e-05, No Iterations 1
smoothSolver:  Solving for k, Initial residual = 0.00504012, Final residual = 5.7464e-05, No Iterations 1
ExecutionTime = 47.4127 s  ClockTime = 48 s

Time = 924s

smoothSolver:  Solving for Ux, Initial residual = 0.000564489, Final residual = 1.49178e-05, No Iterations 2
smoothSolver:  Solving for Uy, Initial residual = 0.670847, Final residual = 0.0471042, No Iterations 2
Pressure gradient source: uncorrected Ubar = 9.99965, pressure gradient = 21.6148
GAMG:  Solving for p, Initial residual = 0.272823, Final residual = 0.00253758, No Iterations 74
time step continuity errors : sum local = 0.000310492, global = -2.16605e-16, cumulative = -9.64913e-15
Pressure gradient source: uncorrected Ubar = 9.99988, pressure gradient = 20.4162
smoothSolver:  Solving for omega, Initial residual = 0.00149398, Final residual = 3.97918e-05, No Iterations 1
smoothSolver:  Solving for k, Initial residual = 0.00518383, Final residual = 8.3991e-05, No Iterations 1
ExecutionTime = 47.458 s  ClockTime = 48 s

Time = 925s

smoothSolver:  Solving for Ux, Initial residual = 0.000541957, Final residual = 1.25339e-05, No Iterations 2
smoothSolver:  Solving for Uy, Initial residual = 0.768858, Final residual = 0.0569569, No Iterations 2
Pressure gradient source: uncorrected Ubar = 9.99989, pressure gradient = 20.965
GAMG:  Solving for p, Initial residual = 0.762278, Final residual = 0.00761028, No Iterations 62
time step continuity errors : sum local = 0.000327082, global = 8.29689e-17, cumulative = -9.56616e-15
Pressure gradient source: uncorrected Ubar = 9.99997, pressure gradient = 20.5869
smoothSolver:  Solving for omega, Initial residual = 0.00104201, Final residual = 2.93233e-05, No Iterations 1
smoothSolver:  Solving for k, Initial residual = 0.00301893, Final residual = 3.61116e-05, No Iterations 1
ExecutionTime = 47.4965 s  ClockTime = 48 s

Time = 926s

smoothSolver:  Solving for Ux, Initial residual = 0.000395065, Final residual = 1.14834e-05, No Iterations 2
smoothSolver:  Solving for Uy, Initial residual = 0.69016, Final residual = 0.0476627, No Iterations 2
Pressure gradient source: uncorrected Ubar = 10.0004, pressure gradient = 18.5857
GAMG:  Solving for p, Initial residual = 0.27247, Final residual = 0.00261082, No Iterations 66
time step continuity errors : sum local = 0.000287944, global = -4.38111e-16, cumulative = -1.00043e-14
Pressure gradient source: uncorrected Ubar = 10.0001, pressure gradient = 19.9012
smoothSolver:  Solving for omega, Initial residual = 0.000504745, Final residual = 1.50647e-05, No Iterations 1
smoothSolver:  Solving for k, Initial residual = 0.00346489, Final residual = 5.37106e-05, No Iterations 1
ExecutionTime = 47.537 s  ClockTime = 48 s

Time = 927s

smoothSolver:  Solving for Ux, Initial residual = 0.000384794, Final residual = 1.15813e-05, No Iterations 2
smoothSolver:  Solving for Uy, Initial residual = 0.686336, Final residual = 0.0480194, No Iterations 2
Pressure gradient source: uncorrected Ubar = 10.0001, pressure gradient = 19.5774
GAMG:  Solving for p, Initial residual = 0.765019, Final residual = 0.00745829, No Iterations 66
time step continuity errors : sum local = 0.00025581, global = -2.22967e-16, cumulative = -1.02272e-14
Pressure gradient source: uncorrected Ubar = 10, pressure gradient = 19.8257
smoothSolver:  Solving for omega, Initial residual = 0.000942375, Final residual = 1.62563e-05, No Iterations 1
smoothSolver:  Solving for k, Initial residual = 0.0050401, Final residual = 5.74633e-05, No Iterations 1
ExecutionTime = 47.577 s  ClockTime = 48 s

Time = 928s

smoothSolver:  Solving for Ux, Initial residual = 0.000564483, Final residual = 1.49175e-05, No Iterations 2
smoothSolver:  Solving for Uy, Initial residual = 0.670846, Final residual = 0.0471042, No Iterations 2
Pressure gradient source: uncorrected Ubar = 9.99965, pressure gradient = 21.6149
GAMG:  Solving for p, Initial residual = 0.272822, Final residual = 0.00253673, No Iterations 74
time step continuity errors : sum local = 0.000310391, global = 1.11576e-16, cumulative = -1.01157e-14
Pressure gradient source: uncorrected Ubar = 9.99988, pressure gradient = 20.4163
smoothSolver:  Solving for omega, Initial residual = 0.00149397, Final residual = 3.97913e-05, No Iterations 1
smoothSolver:  Solving for k, Initial residual = 0.00518381, Final residual = 8.39902e-05, No Iterations 1
ExecutionTime = 47.6218 s  ClockTime = 48 s

Time = 929s

smoothSolver:  Solving for Ux, Initial residual = 0.000541962, Final residual = 1.25344e-05, No Iterations 2
smoothSolver:  Solving for Uy, Initial residual = 0.768859, Final residual = 0.0569572, No Iterations 2
Pressure gradient source: uncorrected Ubar = 9.99989, pressure gradient = 20.965
GAMG:  Solving for p, Initial residual = 0.762212, Final residual = 0.00760711, No Iterations 62
time step continuity errors : sum local = 0.000326982, global = 4.1111e-16, cumulative = -9.70455e-15
Pressure gradient source: uncorrected Ubar = 9.99997, pressure gradient = 20.5869
smoothSolver:  Solving for omega, Initial residual = 0.001042, Final residual = 2.93227e-05, No Iterations 1
smoothSolver:  Solving for k, Initial residual = 0.00301891, Final residual = 3.611e-05, No Iterations 1
ExecutionTime = 47.661 s  ClockTime = 48 s

Time = 930s

smoothSolver:  Solving for Ux, Initial residual = 0.000395067, Final residual = 1.14836e-05, No Iterations 2
smoothSolver:  Solving for Uy, Initial residual = 0.690174, Final residual = 0.0476638, No Iterations 2
Pressure gradient source: uncorrected Ubar = 10.0004, pressure gradient = 18.5857
GAMG:  Solving for p, Initial residual = 0.272476, Final residual = 0.00261157, No Iterations 66
time step continuity errors : sum local = 0.000288017, global = 2.9427e-16, cumulative = -9.41028e-15
Pressure gradient source: uncorrected Ubar = 10.0001, pressure gradient = 19.9012
smoothSolver:  Solving for omega, Initial residual = 0.000504739, Final residual = 1.50642e-05, No Iterations 1
smoothSolver:  Solving for k, Initial residual = 0.00346487, Final residual = 5.37091e-05, No Iterations 1
ExecutionTime = 47.7017 s  ClockTime = 48 s

Time = 931s

smoothSolver:  Solving for Ux, Initial residual = 0.00038479, Final residual = 1.15812e-05, No Iterations 2
smoothSolver:  Solving for Uy, Initial residual = 0.686357, Final residual = 0.0480209, No Iterations 2
Pressure gradient source: uncorrected Ubar = 10.0001, pressure gradient = 19.5774
GAMG:  Solving for p, Initial residual = 0.765108, Final residual = 0.00746015, No Iterations 66
time step continuity errors : sum local = 0.000255848, global = -9.82804e-17, cumulative = -9.50856e-15
Pressure gradient source: uncorrected Ubar = 10, pressure gradient = 19.8257
smoothSolver:  Solving for omega, Initial residual = 0.000942371, Final residual = 1.62559e-05, No Iterations 1
smoothSolver:  Solving for k, Initial residual = 0.00504008, Final residual = 5.74626e-05, No Iterations 1
ExecutionTime = 47.7414 s  ClockTime = 48 s

Time = 932s

smoothSolver:  Solving for Ux, Initial residual = 0.000564478, Final residual = 1.49171e-05, No Iterations 2
smoothSolver:  Solving for Uy, Initial residual = 0.670833, Final residual = 0.0471034, No Iterations 2
Pressure gradient source: uncorrected Ubar = 9.99965, pressure gradient = 21.6149
GAMG:  Solving for p, Initial residual = 0.272812, Final residual = 0.00253691, No Iterations 74
time step continuity errors : sum local = 0.000310425, global = 2.06815e-16, cumulative = -9.30175e-15
Pressure gradient source: uncorrected Ubar = 9.99988, pressure gradient = 20.4163
smoothSolver:  Solving for omega, Initial residual = 0.00149396, Final residual = 3.97909e-05, No Iterations 1
smoothSolver:  Solving for k, Initial residual = 0.00518379, Final residual = 8.39893e-05, No Iterations 1
ExecutionTime = 47.8072 s  ClockTime = 48 s

Time = 933s

smoothSolver:  Solving for Ux, Initial residual = 0.000541966, Final residual = 1.25347e-05, No Iterations 2
smoothSolver:  Solving for Uy, Initial residual = 0.768869, Final residual = 0.0569578, No Iterations 2
Pressure gradient source: uncorrected Ubar = 9.99989, pressure gradient = 20.965
GAMG:  Solving for p, Initial residual = 0.76222, Final residual = 0.00760571, No Iterations 62
time step continuity errors : sum local = 0.000326922, global = 1.30445e-16, cumulative = -9.1713e-15
Pressure gradient source: uncorrected Ubar = 9.99997, pressure gradient = 20.5869
smoothSolver:  Solving for omega, Initial residual = 0.001042, Final residual = 2.93222e-05, No Iterations 1
smoothSolver:  Solving for k, Initial residual = 0.00301889, Final residual = 3.61085e-05, No Iterations 1
ExecutionTime = 47.8476 s  ClockTime = 48 s

Time = 934s

smoothSolver:  Solving for Ux, Initial residual = 0.00039507, Final residual = 1.14839e-05, No Iterations 2
smoothSolver:  Solving for Uy, Initial residual = 0.690178, Final residual = 0.0476639, No Iterations 2
Pressure gradient source: uncorrected Ubar = 10.0004, pressure gradient = 18.5857
GAMG:  Solving for p, Initial residual = 0.272469, Final residual = 0.00261076, No Iterations 66
time step continuity errors : sum local = 0.000287936, global = -6.0343e-17, cumulative = -9.23164e-15
Pressure gradient source: uncorrected Ubar = 10.0001, pressure gradient = 19.9012
smoothSolver:  Solving for omega, Initial residual = 0.000504734, Final residual = 1.50637e-05, No Iterations 1
smoothSolver:  Solving for k, Initial residual = 0.00346485, Final residual = 5.37076e-05, No Iterations 1
ExecutionTime = 47.8907 s  ClockTime = 48 s

Time = 935s

smoothSolver:  Solving for Ux, Initial residual = 0.000384785, Final residual = 1.15809e-05, No Iterations 2
smoothSolver:  Solving for Uy, Initial residual = 0.686358, Final residual = 0.0480212, No Iterations 2
Pressure gradient source: uncorrected Ubar = 10.0001, pressure gradient = 19.5775
GAMG:  Solving for p, Initial residual = 0.7651, Final residual = 0.00745904, No Iterations 66
time step continuity errors : sum local = 0.000255805, global = 4.80738e-16, cumulative = -8.75091e-15
Pressure gradient source: uncorrected Ubar = 10, pressure gradient = 19.8257
smoothSolver:  Solving for omega, Initial residual = 0.000942366, Final residual = 1.62555e-05, No Iterations 1
smoothSolver:  Solving for k, Initial residual = 0.00504006, Final residual = 5.74619e-05, No Iterations 1
ExecutionTime = 47.9335 s  ClockTime = 48 s

Time = 936s

smoothSolver:  Solving for Ux, Initial residual = 0.000564472, Final residual = 1.49168e-05, No Iterations 2
smoothSolver:  Solving for Uy, Initial residual = 0.670844, Final residual = 0.0471042, No Iterations 2
Pressure gradient source: uncorrected Ubar = 9.99965, pressure gradient = 21.6149
GAMG:  Solving for p, Initial residual = 0.272819, Final residual = 0.00253752, No Iterations 74
time step continuity errors : sum local = 0.000310488, global = -2.26708e-16, cumulative = -8.97761e-15
Pressure gradient source: uncorrected Ubar = 9.99988, pressure gradient = 20.4163
smoothSolver:  Solving for omega, Initial residual = 0.00149396, Final residual = 3.97905e-05, No Iterations 1
smoothSolver:  Solving for k, Initial residual = 0.00518377, Final residual = 8.39884e-05, No Iterations 1
ExecutionTime = 47.9795 s  ClockTime = 48 s

Time = 937s

smoothSolver:  Solving for Ux, Initial residual = 0.000541967, Final residual = 1.25349e-05, No Iterations 2
smoothSolver:  Solving for Uy, Initial residual = 0.768887, Final residual = 0.0569591, No Iterations 2
Pressure gradient source: uncorrected Ubar = 9.99989, pressure gradient = 20.965
GAMG:  Solving for p, Initial residual = 0.76226, Final residual = 0.00760784, No Iterations 62
time step continuity errors : sum local = 0.000326997, global = 1.02079e-16, cumulative = -8.87553e-15
Pressure gradient source: uncorrected Ubar = 9.99997, pressure gradient = 20.587
smoothSolver:  Solving for omega, Initial residual = 0.00104199, Final residual = 2.93217e-05, No Iterations 1
smoothSolver:  Solving for k, Initial residual = 0.00301887, Final residual = 3.61071e-05, No Iterations 1
ExecutionTime = 48.0242 s  ClockTime = 48 s

Time = 938s

smoothSolver:  Solving for Ux, Initial residual = 0.000395072, Final residual = 1.14842e-05, No Iterations 2
smoothSolver:  Solving for Uy, Initial residual = 0.690171, Final residual = 0.0476634, No Iterations 2
Pressure gradient source: uncorrected Ubar = 10.0004, pressure gradient = 18.5857
GAMG:  Solving for p, Initial residual = 0.272472, Final residual = 0.00261134, No Iterations 66
time step continuity errors : sum local = 0.000287998, global = 3.54331e-16, cumulative = -8.5212e-15
Pressure gradient source: uncorrected Ubar = 10.0001, pressure gradient = 19.9012
smoothSolver:  Solving for omega, Initial residual = 0.000504729, Final residual = 1.50632e-05, No Iterations 1
smoothSolver:  Solving for k, Initial residual = 0.00346483, Final residual = 5.37061e-05, No Iterations 1
ExecutionTime = 48.068 s  ClockTime = 48 s

Time = 939s

smoothSolver:  Solving for Ux, Initial residual = 0.000384779, Final residual = 1.15805e-05, No Iterations 2
smoothSolver:  Solving for Uy, Initial residual = 0.68636, Final residual = 0.0480212, No Iterations 2
Pressure gradient source: uncorrected Ubar = 10.0001, pressure gradient = 19.5775
GAMG:  Solving for p, Initial residual = 0.765163, Final residual = 0.00746097, No Iterations 66
time step continuity errors : sum local = 0.000255856, global = 4.71724e-16, cumulative = -8.04948e-15
Pressure gradient source: uncorrected Ubar = 10, pressure gradient = 19.8257
smoothSolver:  Solving for omega, Initial residual = 0.000942362, Final residual = 1.62551e-05, No Iterations 1
smoothSolver:  Solving for k, Initial residual = 0.00504005, Final residual = 5.74612e-05, No Iterations 1
ExecutionTime = 48.1204 s  ClockTime = 48 s

Time = 940s

smoothSolver:  Solving for Ux, Initial residual = 0.000564465, Final residual = 1.49163e-05, No Iterations 2
smoothSolver:  Solving for Uy, Initial residual = 0.67086, Final residual = 0.0471051, No Iterations 2
Pressure gradient source: uncorrected Ubar = 9.99965, pressure gradient = 21.615
GAMG:  Solving for p, Initial residual = 0.272824, Final residual = 0.00253678, No Iterations 74
time step continuity errors : sum local = 0.000310397, global = 1.19751e-16, cumulative = -7.92973e-15
Pressure gradient source: uncorrected Ubar = 9.99988, pressure gradient = 20.4163
smoothSolver:  Solving for omega, Initial residual = 0.00149395, Final residual = 3.97901e-05, No Iterations 1
smoothSolver:  Solving for k, Initial residual = 0.00518375, Final residual = 8.39876e-05, No Iterations 1
ExecutionTime = 48.1668 s  ClockTime = 48 s

Time = 941s

smoothSolver:  Solving for Ux, Initial residual = 0.000541972, Final residual = 1.25353e-05, No Iterations 2
smoothSolver:  Solving for Uy, Initial residual = 0.768875, Final residual = 0.0569586, No Iterations 2
Pressure gradient source: uncorrected Ubar = 9.99989, pressure gradient = 20.965
GAMG:  Solving for p, Initial residual = 0.762132, Final residual = 0.00760733, No Iterations 62
time step continuity errors : sum local = 0.00032703, global = -5.05963e-16, cumulative = -8.43569e-15
Pressure gradient source: uncorrected Ubar = 9.99997, pressure gradient = 20.587
smoothSolver:  Solving for omega, Initial residual = 0.00104198, Final residual = 2.93212e-05, No Iterations 1
smoothSolver:  Solving for k, Initial residual = 0.00301885, Final residual = 3.61056e-05, No Iterations 1
ExecutionTime = 48.2069 s  ClockTime = 48 s

Time = 942s

smoothSolver:  Solving for Ux, Initial residual = 0.000395075, Final residual = 1.14844e-05, No Iterations 2
smoothSolver:  Solving for Uy, Initial residual = 0.690191, Final residual = 0.047665, No Iterations 2
Pressure gradient source: uncorrected Ubar = 10.0004, pressure gradient = 18.5858
GAMG:  Solving for p, Initial residual = 0.272465, Final residual = 0.0026114, No Iterations 66
time step continuity errors : sum local = 0.000288007, global = 1.47205e-16, cumulative = -8.28849e-15
Pressure gradient source: uncorrected Ubar = 10.0001, pressure gradient = 19.9013
smoothSolver:  Solving for omega, Initial residual = 0.000504725, Final residual = 1.50627e-05, No Iterations 1
smoothSolver:  Solving for k, Initial residual = 0.00346481, Final residual = 5.37047e-05, No Iterations 1
ExecutionTime = 48.2487 s  ClockTime = 49 s

Time = 943s

smoothSolver:  Solving for Ux, Initial residual = 0.000384776, Final residual = 1.15804e-05, No Iterations 2
smoothSolver:  Solving for Uy, Initial residual = 0.686377, Final residual = 0.0480226, No Iterations 2
Pressure gradient source: uncorrected Ubar = 10.0001, pressure gradient = 19.5775
GAMG:  Solving for p, Initial residual = 0.76528, Final residual = 0.00746261, No Iterations 66
time step continuity errors : sum local = 0.000255872, global = -2.08391e-16, cumulative = -8.49688e-15
Pressure gradient source: uncorrected Ubar = 10, pressure gradient = 19.8257
smoothSolver:  Solving for omega, Initial residual = 0.000942358, Final residual = 1.62548e-05, No Iterations 1
smoothSolver:  Solving for k, Initial residual = 0.00504003, Final residual = 5.74605e-05, No Iterations 1
ExecutionTime = 48.2896 s  ClockTime = 49 s

Time = 944s

smoothSolver:  Solving for Ux, Initial residual = 0.000564461, Final residual = 1.49161e-05, No Iterations 2
smoothSolver:  Solving for Uy, Initial residual = 0.670851, Final residual = 0.0471046, No Iterations 2
Pressure gradient source: uncorrected Ubar = 9.99965, pressure gradient = 21.615
GAMG:  Solving for p, Initial residual = 0.272812, Final residual = 0.00253727, No Iterations 74
time step continuity errors : sum local = 0.000310467, global = -3.20651e-16, cumulative = -8.81753e-15
Pressure gradient source: uncorrected Ubar = 9.99988, pressure gradient = 20.4164
smoothSolver:  Solving for omega, Initial residual = 0.00149395, Final residual = 3.97897e-05, No Iterations 1
smoothSolver:  Solving for k, Initial residual = 0.00518373, Final residual = 8.39868e-05, No Iterations 1
ExecutionTime = 48.3343 s  ClockTime = 49 s

Time = 945s

smoothSolver:  Solving for Ux, Initial residual = 0.000541974, Final residual = 1.25355e-05, No Iterations 2
smoothSolver:  Solving for Uy, Initial residual = 0.768901, Final residual = 0.05696, No Iterations 2
Pressure gradient source: uncorrected Ubar = 9.99989, pressure gradient = 20.965
GAMG:  Solving for p, Initial residual = 0.762224, Final residual = 0.0076073, No Iterations 62
time step continuity errors : sum local = 0.00032699, global = -1.10848e-16, cumulative = -8.92838e-15
Pressure gradient source: uncorrected Ubar = 9.99997, pressure gradient = 20.587
smoothSolver:  Solving for omega, Initial residual = 0.00104198, Final residual = 2.93207e-05, No Iterations 1
smoothSolver:  Solving for k, Initial residual = 0.00301883, Final residual = 3.61043e-05, No Iterations 1
ExecutionTime = 48.3744 s  ClockTime = 49 s

Time = 946s

smoothSolver:  Solving for Ux, Initial residual = 0.000395077, Final residual = 1.14847e-05, No Iterations 2
smoothSolver:  Solving for Uy, Initial residual = 0.690179, Final residual = 0.047664, No Iterations 2
Pressure gradient source: uncorrected Ubar = 10.0004, pressure gradient = 18.5858
GAMG:  Solving for p, Initial residual = 0.272466, Final residual = 0.00261073, No Iterations 66
time step continuity errors : sum local = 0.000287937, global = 1.93567e-16, cumulative = -8.73481e-15
Pressure gradient source: uncorrected Ubar = 10.0001, pressure gradient = 19.9013
smoothSolver:  Solving for omega, Initial residual = 0.00050472, Final residual = 1.50622e-05, No Iterations 1
smoothSolver:  Solving for k, Initial residual = 0.00346479, Final residual = 5.37033e-05, No Iterations 1
ExecutionTime = 48.4153 s  ClockTime = 49 s

Time = 947s

smoothSolver:  Solving for Ux, Initial residual = 0.000384771, Final residual = 1.158e-05, No Iterations 2
smoothSolver:  Solving for Uy, Initial residual = 0.686372, Final residual = 0.0480223, No Iterations 2
Pressure gradient source: uncorrected Ubar = 10.0001, pressure gradient = 19.5776
GAMG:  Solving for p, Initial residual = 0.765097, Final residual = 0.00745975, No Iterations 66
time step continuity errors : sum local = 0.000255835, global = 1.48078e-16, cumulative = -8.58673e-15
Pressure gradient source: uncorrected Ubar = 10, pressure gradient = 19.8258
smoothSolver:  Solving for omega, Initial residual = 0.000942354, Final residual = 1.62545e-05, No Iterations 1
smoothSolver:  Solving for k, Initial residual = 0.00504001, Final residual = 5.74598e-05, No Iterations 1
ExecutionTime = 48.4566 s  ClockTime = 49 s

Time = 948s

smoothSolver:  Solving for Ux, Initial residual = 0.000564454, Final residual = 1.49157e-05, No Iterations 2
smoothSolver:  Solving for Uy, Initial residual = 0.670861, Final residual = 0.0471051, No Iterations 2
Pressure gradient source: uncorrected Ubar = 9.99965, pressure gradient = 21.615
GAMG:  Solving for p, Initial residual = 0.272824, Final residual = 0.00253688, No Iterations 74
time step continuity errors : sum local = 0.000310409, global = -6.74958e-17, cumulative = -8.65423e-15
Pressure gradient source: uncorrected Ubar = 9.99988, pressure gradient = 20.4164
smoothSolver:  Solving for omega, Initial residual = 0.00149394, Final residual = 3.97893e-05, No Iterations 1
smoothSolver:  Solving for k, Initial residual = 0.00518371, Final residual = 8.39859e-05, No Iterations 1
ExecutionTime = 48.5008 s  ClockTime = 49 s

Time = 949s

smoothSolver:  Solving for Ux, Initial residual = 0.000541978, Final residual = 1.25359e-05, No Iterations 2
smoothSolver:  Solving for Uy, Initial residual = 0.768894, Final residual = 0.0569601, No Iterations 2
Pressure gradient source: uncorrected Ubar = 9.99989, pressure gradient = 20.965
GAMG:  Solving for p, Initial residual = 0.762148, Final residual = 0.00760736, No Iterations 62
time step continuity errors : sum local = 0.000327024, global = -3.08271e-16, cumulative = -8.9625e-15
Pressure gradient source: uncorrected Ubar = 9.99997, pressure gradient = 20.587
smoothSolver:  Solving for omega, Initial residual = 0.00104197, Final residual = 2.93202e-05, No Iterations 1
smoothSolver:  Solving for k, Initial residual = 0.00301881, Final residual = 3.61029e-05, No Iterations 1
ExecutionTime = 48.5405 s  ClockTime = 49 s

Time = 950s

smoothSolver:  Solving for Ux, Initial residual = 0.000395079, Final residual = 1.14848e-05, No Iterations 2
smoothSolver:  Solving for Uy, Initial residual = 0.690193, Final residual = 0.0476651, No Iterations 2
Pressure gradient source: uncorrected Ubar = 10.0004, pressure gradient = 18.5858
GAMG:  Solving for p, Initial residual = 0.272471, Final residual = 0.00261131, No Iterations 66
time step continuity errors : sum local = 0.000287995, global = 3.34975e-16, cumulative = -8.62752e-15
Pressure gradient source: uncorrected Ubar = 10.0001, pressure gradient = 19.9013
smoothSolver:  Solving for omega, Initial residual = 0.000504716, Final residual = 1.50618e-05, No Iterations 1
smoothSolver:  Solving for k, Initial residual = 0.00346477, Final residual = 5.3702e-05, No Iterations 1
ExecutionTime = 48.5822 s  ClockTime = 49 s

Time = 951s

smoothSolver:  Solving for Ux, Initial residual = 0.000384768, Final residual = 1.158e-05, No Iterations 2
smoothSolver:  Solving for Uy, Initial residual = 0.686393, Final residual = 0.0480238, No Iterations 2
Pressure gradient source: uncorrected Ubar = 10.0001, pressure gradient = 19.5776
GAMG:  Solving for p, Initial residual = 0.765306, Final residual = 0.00746239, No Iterations 66
time step continuity errors : sum local = 0.000255856, global = -6.60761e-16, cumulative = -9.28828e-15
Pressure gradient source: uncorrected Ubar = 10, pressure gradient = 19.8258
smoothSolver:  Solving for omega, Initial residual = 0.000942351, Final residual = 1.62542e-05, No Iterations 1
smoothSolver:  Solving for k, Initial residual = 0.00504, Final residual = 5.74591e-05, No Iterations 1
ExecutionTime = 48.6223 s  ClockTime = 49 s

Time = 952s

smoothSolver:  Solving for Ux, Initial residual = 0.00056445, Final residual = 1.49154e-05, No Iterations 2
smoothSolver:  Solving for Uy, Initial residual = 0.670863, Final residual = 0.0471055, No Iterations 2
Pressure gradient source: uncorrected Ubar = 9.99965, pressure gradient = 21.615
GAMG:  Solving for p, Initial residual = 0.272814, Final residual = 0.00253728, No Iterations 74
time step continuity errors : sum local = 0.000310466, global = 1.6626e-18, cumulative = -9.28662e-15
Pressure gradient source: uncorrected Ubar = 9.99988, pressure gradient = 20.4164
smoothSolver:  Solving for omega, Initial residual = 0.00149394, Final residual = 3.9789e-05, No Iterations 1
smoothSolver:  Solving for k, Initial residual = 0.00518369, Final residual = 8.39851e-05, No Iterations 1
ExecutionTime = 48.6663 s  ClockTime = 49 s

Time = 953s

smoothSolver:  Solving for Ux, Initial residual = 0.00054198, Final residual = 1.25361e-05, No Iterations 2
smoothSolver:  Solving for Uy, Initial residual = 0.768909, Final residual = 0.0569608, No Iterations 2
Pressure gradient source: uncorrected Ubar = 9.99989, pressure gradient = 20.965
GAMG:  Solving for p, Initial residual = 0.762195, Final residual = 0.00760825, No Iterations 62
time step continuity errors : sum local = 0.000327039, global = 3.00496e-16, cumulative = -8.98612e-15
Pressure gradient source: uncorrected Ubar = 9.99997, pressure gradient = 20.587
smoothSolver:  Solving for omega, Initial residual = 0.00104197, Final residual = 2.93198e-05, No Iterations 1
smoothSolver:  Solving for k, Initial residual = 0.00301879, Final residual = 3.61016e-05, No Iterations 1
ExecutionTime = 48.7055 s  ClockTime = 49 s

Time = 954s

smoothSolver:  Solving for Ux, Initial residual = 0.000395082, Final residual = 1.14851e-05, No Iterations 2
smoothSolver:  Solving for Uy, Initial residual = 0.690187, Final residual = 0.0476647, No Iterations 2
Pressure gradient source: uncorrected Ubar = 10.0004, pressure gradient = 18.5858
GAMG:  Solving for p, Initial residual = 0.272464, Final residual = 0.00261074, No Iterations 66
time step continuity errors : sum local = 0.000287941, global = 1.12919e-16, cumulative = -8.87321e-15
Pressure gradient source: uncorrected Ubar = 10.0001, pressure gradient = 19.9013
smoothSolver:  Solving for omega, Initial residual = 0.000504712, Final residual = 1.50614e-05, No Iterations 1
smoothSolver:  Solving for k, Initial residual = 0.00346475, Final residual = 5.37007e-05, No Iterations 1
ExecutionTime = 48.7453 s  ClockTime = 49 s

Time = 955s

smoothSolver:  Solving for Ux, Initial residual = 0.000384763, Final residual = 1.15796e-05, No Iterations 2
smoothSolver:  Solving for Uy, Initial residual = 0.686387, Final residual = 0.0480235, No Iterations 2
Pressure gradient source: uncorrected Ubar = 10.0001, pressure gradient = 19.5776
GAMG:  Solving for p, Initial residual = 0.7651, Final residual = 0.00745835, No Iterations 66
time step continuity errors : sum local = 0.000255783, global = -8.75407e-17, cumulative = -8.96075e-15
Pressure gradient source: uncorrected Ubar = 10, pressure gradient = 19.8258
smoothSolver:  Solving for omega, Initial residual = 0.000942347, Final residual = 1.62539e-05, No Iterations 1
smoothSolver:  Solving for k, Initial residual = 0.00503998, Final residual = 5.74584e-05, No Iterations 1
ExecutionTime = 48.7849 s  ClockTime = 49 s

Time = 956s

smoothSolver:  Solving for Ux, Initial residual = 0.000564444, Final residual = 1.49151e-05, No Iterations 2
smoothSolver:  Solving for Uy, Initial residual = 0.670868, Final residual = 0.0471058, No Iterations 2
Pressure gradient source: uncorrected Ubar = 9.99965, pressure gradient = 21.6151
GAMG:  Solving for p, Initial residual = 0.272826, Final residual = 0.00253761, No Iterations 74
time step continuity errors : sum local = 0.000310493, global = 4.19437e-17, cumulative = -8.9188e-15
Pressure gradient source: uncorrected Ubar = 9.99988, pressure gradient = 20.4164
smoothSolver:  Solving for omega, Initial residual = 0.00149393, Final residual = 3.97887e-05, No Iterations 1
smoothSolver:  Solving for k, Initial residual = 0.00518368, Final residual = 8.39843e-05, No Iterations 1
ExecutionTime = 48.8289 s  ClockTime = 49 s

Time = 957s

smoothSolver:  Solving for Ux, Initial residual = 0.000541982, Final residual = 1.25363e-05, No Iterations 2
smoothSolver:  Solving for Uy, Initial residual = 0.768919, Final residual = 0.0569616, No Iterations 2
Pressure gradient source: uncorrected Ubar = 9.99989, pressure gradient = 20.9651
GAMG:  Solving for p, Initial residual = 0.762206, Final residual = 0.00760738, No Iterations 62
time step continuity errors : sum local = 0.000326997, global = -2.39801e-16, cumulative = -9.1586e-15
Pressure gradient source: uncorrected Ubar = 9.99997, pressure gradient = 20.587
smoothSolver:  Solving for omega, Initial residual = 0.00104196, Final residual = 2.93194e-05, No Iterations 1
smoothSolver:  Solving for k, Initial residual = 0.00301877, Final residual = 3.61004e-05, No Iterations 1
ExecutionTime = 48.867 s  ClockTime = 49 s

Time = 958s

smoothSolver:  Solving for Ux, Initial residual = 0.000395083, Final residual = 1.14853e-05, No Iterations 2
smoothSolver:  Solving for Uy, Initial residual = 0.690183, Final residual = 0.0476645, No Iterations 2
Pressure gradient source: uncorrected Ubar = 10.0004, pressure gradient = 18.5858
GAMG:  Solving for p, Initial residual = 0.272478, Final residual = 0.00261091, No Iterations 66
time step continuity errors : sum local = 0.000287949, global = -7.00592e-17, cumulative = -9.22866e-15
Pressure gradient source: uncorrected Ubar = 10.0001, pressure gradient = 19.9013
smoothSolver:  Solving for omega, Initial residual = 0.000504708, Final residual = 1.5061e-05, No Iterations 1
smoothSolver:  Solving for k, Initial residual = 0.00346474, Final residual = 5.36994e-05, No Iterations 1
ExecutionTime = 48.9074 s  ClockTime = 49 s

Time = 959s

smoothSolver:  Solving for Ux, Initial residual = 0.000384759, Final residual = 1.15794e-05, No Iterations 2
smoothSolver:  Solving for Uy, Initial residual = 0.686397, Final residual = 0.0480242, No Iterations 2
Pressure gradient source: uncorrected Ubar = 10.0001, pressure gradient = 19.5777
GAMG:  Solving for p, Initial residual = 0.765206, Final residual = 0.00746071, No Iterations 66
time step continuity errors : sum local = 0.000255833, global = -1.74045e-16, cumulative = -9.40271e-15
Pressure gradient source: uncorrected Ubar = 10, pressure gradient = 19.8258
smoothSolver:  Solving for omega, Initial residual = 0.000942344, Final residual = 1.62536e-05, No Iterations 1
smoothSolver:  Solving for k, Initial residual = 0.00503997, Final residual = 5.74577e-05, No Iterations 1
ExecutionTime = 48.9479 s  ClockTime = 49 s

Time = 960s

smoothSolver:  Solving for Ux, Initial residual = 0.000564439, Final residual = 1.49148e-05, No Iterations 2
smoothSolver:  Solving for Uy, Initial residual = 0.670882, Final residual = 0.0471067, No Iterations 2
Pressure gradient source: uncorrected Ubar = 9.99965, pressure gradient = 21.6151
GAMG:  Solving for p, Initial residual = 0.272823, Final residual = 0.00253752, No Iterations 74
time step continuity errors : sum local = 0.000310488, global = -1.48311e-16, cumulative = -9.55102e-15
Pressure gradient source: uncorrected Ubar = 9.99988, pressure gradient = 20.4164
smoothSolver:  Solving for omega, Initial residual = 0.00149393, Final residual = 3.97884e-05, No Iterations 1
smoothSolver:  Solving for k, Initial residual = 0.00518366, Final residual = 8.39836e-05, No Iterations 1
ExecutionTime = 48.9916 s  ClockTime = 49 s

Time = 961s

smoothSolver:  Solving for Ux, Initial residual = 0.000541986, Final residual = 1.25366e-05, No Iterations 2
smoothSolver:  Solving for Uy, Initial residual = 0.768921, Final residual = 0.0569619, No Iterations 2
Pressure gradient source: uncorrected Ubar = 9.99989, pressure gradient = 20.9651
GAMG:  Solving for p, Initial residual = 0.762168, Final residual = 0.00760796, No Iterations 62
time step continuity errors : sum local = 0.000327044, global = -5.65211e-17, cumulative = -9.60754e-15
Pressure gradient source: uncorrected Ubar = 9.99997, pressure gradient = 20.5871
smoothSolver:  Solving for omega, Initial residual = 0.00104196, Final residual = 2.9319e-05, No Iterations 1
smoothSolver:  Solving for k, Initial residual = 0.00301875, Final residual = 3.60992e-05, No Iterations 1
ExecutionTime = 49.0295 s  ClockTime = 49 s

Time = 962s

smoothSolver:  Solving for Ux, Initial residual = 0.000395086, Final residual = 1.14855e-05, No Iterations 2
smoothSolver:  Solving for Uy, Initial residual = 0.690192, Final residual = 0.0476652, No Iterations 2
Pressure gradient source: uncorrected Ubar = 10.0004, pressure gradient = 18.5858
GAMG:  Solving for p, Initial residual = 0.272466, Final residual = 0.0026104, No Iterations 66
time step continuity errors : sum local = 0.000287896, global = -1.40204e-16, cumulative = -9.74774e-15
Pressure gradient source: uncorrected Ubar = 10.0001, pressure gradient = 19.9013
smoothSolver:  Solving for omega, Initial residual = 0.000504704, Final residual = 1.50606e-05, No Iterations 1
smoothSolver:  Solving for k, Initial residual = 0.00346472, Final residual = 5.36982e-05, No Iterations 1
ExecutionTime = 49.0697 s  ClockTime = 49 s

Time = 963s

smoothSolver:  Solving for Ux, Initial residual = 0.000384756, Final residual = 1.15793e-05, No Iterations 2
smoothSolver:  Solving for Uy, Initial residual = 0.686407, Final residual = 0.0480248, No Iterations 2
Pressure gradient source: uncorrected Ubar = 10.0001, pressure gradient = 19.5777
GAMG:  Solving for p, Initial residual = 0.765302, Final residual = 0.00746173, No Iterations 66
time step continuity errors : sum local = 0.000255834, global = 5.65455e-16, cumulative = -9.18229e-15
Pressure gradient source: uncorrected Ubar = 10, pressure gradient = 19.8258
smoothSolver:  Solving for omega, Initial residual = 0.000942341, Final residual = 1.62534e-05, No Iterations 1
smoothSolver:  Solving for k, Initial residual = 0.00503995, Final residual = 5.7457e-05, No Iterations 1
ExecutionTime = 49.1102 s  ClockTime = 49 s

Time = 964s

smoothSolver:  Solving for Ux, Initial residual = 0.000564435, Final residual = 1.49146e-05, No Iterations 2
smoothSolver:  Solving for Uy, Initial residual = 0.670884, Final residual = 0.0471069, No Iterations 2
Pressure gradient source: uncorrected Ubar = 9.99965, pressure gradient = 21.6151
GAMG:  Solving for p, Initial residual = 0.272818, Final residual = 0.00253738, No Iterations 74
time step continuity errors : sum local = 0.000310473, global = -2.51022e-16, cumulative = -9.43331e-15
Pressure gradient source: uncorrected Ubar = 9.99988, pressure gradient = 20.4165
smoothSolver:  Solving for omega, Initial residual = 0.00149393, Final residual = 3.97881e-05, No Iterations 1
smoothSolver:  Solving for k, Initial residual = 0.00518365, Final residual = 8.39828e-05, No Iterations 1
ExecutionTime = 49.1535 s  ClockTime = 49 s

Time = 965s

smoothSolver:  Solving for Ux, Initial residual = 0.000541989, Final residual = 1.25369e-05, No Iterations 2
smoothSolver:  Solving for Uy, Initial residual = 0.768929, Final residual = 0.0569624, No Iterations 2
Pressure gradient source: uncorrected Ubar = 9.99989, pressure gradient = 20.9651
GAMG:  Solving for p, Initial residual = 0.762158, Final residual = 0.00760933, No Iterations 62
time step continuity errors : sum local = 0.000327095, global = 1.78855e-16, cumulative = -9.25446e-15
Pressure gradient source: uncorrected Ubar = 9.99997, pressure gradient = 20.5871
smoothSolver:  Solving for omega, Initial residual = 0.00104196, Final residual = 2.93186e-05, No Iterations 1
smoothSolver:  Solving for k, Initial residual = 0.00301874, Final residual = 3.6098e-05, No Iterations 1
ExecutionTime = 49.1919 s  ClockTime = 49 s

Time = 966s

smoothSolver:  Solving for Ux, Initial residual = 0.000395087, Final residual = 1.14858e-05, No Iterations 2
smoothSolver:  Solving for Uy, Initial residual = 0.690198, Final residual = 0.0476655, No Iterations 2
Pressure gradient source: uncorrected Ubar = 10.0004, pressure gradient = 18.5858
GAMG:  Solving for p, Initial residual = 0.272464, Final residual = 0.00261113, No Iterations 66
time step continuity errors : sum local = 0.000287985, global = -6.30099e-16, cumulative = -9.88456e-15
Pressure gradient source: uncorrected Ubar = 10.0001, pressure gradient = 19.9013
smoothSolver:  Solving for omega, Initial residual = 0.000504701, Final residual = 1.50602e-05, No Iterations 1
smoothSolver:  Solving for k, Initial residual = 0.0034647, Final residual = 5.3697e-05, No Iterations 1
ExecutionTime = 49.2313 s  ClockTime = 49 s

Time = 967s

smoothSolver:  Solving for Ux, Initial residual = 0.000384752, Final residual = 1.15791e-05, No Iterations 2
smoothSolver:  Solving for Uy, Initial residual = 0.686413, Final residual = 0.0480253, No Iterations 2
Pressure gradient source: uncorrected Ubar = 10.0001, pressure gradient = 19.5777
GAMG:  Solving for p, Initial residual = 0.76524, Final residual = 0.00746123, No Iterations 66
time step continuity errors : sum local = 0.00025584, global = -1.65216e-16, cumulative = -1.00498e-14
Pressure gradient source: uncorrected Ubar = 10, pressure gradient = 19.8259
smoothSolver:  Solving for omega, Initial residual = 0.000942338, Final residual = 1.62531e-05, No Iterations 1
smoothSolver:  Solving for k, Initial residual = 0.00503994, Final residual = 5.74563e-05, No Iterations 1
ExecutionTime = 49.272 s  ClockTime = 50 s

Time = 968s

smoothSolver:  Solving for Ux, Initial residual = 0.00056443, Final residual = 1.49142e-05, No Iterations 2
smoothSolver:  Solving for Uy, Initial residual = 0.670883, Final residual = 0.0471068, No Iterations 2
Pressure gradient source: uncorrected Ubar = 9.99965, pressure gradient = 21.6151
GAMG:  Solving for p, Initial residual = 0.272823, Final residual = 0.00253688, No Iterations 74
time step continuity errors : sum local = 0.00031041, global = 2.48131e-16, cumulative = -9.80164e-15
Pressure gradient source: uncorrected Ubar = 9.99988, pressure gradient = 20.4165
smoothSolver:  Solving for omega, Initial residual = 0.00149392, Final residual = 3.97878e-05, No Iterations 1
smoothSolver:  Solving for k, Initial residual = 0.00518363, Final residual = 8.3982e-05, No Iterations 1
ExecutionTime = 49.3159 s  ClockTime = 50 s

Time = 969s

smoothSolver:  Solving for Ux, Initial residual = 0.000541992, Final residual = 1.25372e-05, No Iterations 2
smoothSolver:  Solving for Uy, Initial residual = 0.768921, Final residual = 0.0569621, No Iterations 2
Pressure gradient source: uncorrected Ubar = 9.99989, pressure gradient = 20.9651
GAMG:  Solving for p, Initial residual = 0.762086, Final residual = 0.0076058, No Iterations 62
time step continuity errors : sum local = 0.000326989, global = -2.78798e-16, cumulative = -1.00804e-14
Pressure gradient source: uncorrected Ubar = 9.99997, pressure gradient = 20.5871
smoothSolver:  Solving for omega, Initial residual = 0.00104195, Final residual = 2.93182e-05, No Iterations 1
smoothSolver:  Solving for k, Initial residual = 0.00301872, Final residual = 3.60969e-05, No Iterations 1
ExecutionTime = 49.355 s  ClockTime = 50 s

Time = 970s

smoothSolver:  Solving for Ux, Initial residual = 0.000395089, Final residual = 1.14859e-05, No Iterations 2
smoothSolver:  Solving for Uy, Initial residual = 0.690208, Final residual = 0.0476663, No Iterations 2
Pressure gradient source: uncorrected Ubar = 10.0004, pressure gradient = 18.5858
GAMG:  Solving for p, Initial residual = 0.272469, Final residual = 0.0026111, No Iterations 66
time step continuity errors : sum local = 0.000287981, global = 5.30683e-16, cumulative = -9.54976e-15
Pressure gradient source: uncorrected Ubar = 10.0001, pressure gradient = 19.9014
smoothSolver:  Solving for omega, Initial residual = 0.000504697, Final residual = 1.50599e-05, No Iterations 1
smoothSolver:  Solving for k, Initial residual = 0.00346469, Final residual = 5.36959e-05, No Iterations 1
ExecutionTime = 49.3944 s  ClockTime = 50 s

Time = 971s

smoothSolver:  Solving for Ux, Initial residual = 0.00038475, Final residual = 1.15789e-05, No Iterations 2
smoothSolver:  Solving for Uy, Initial residual = 0.686428, Final residual = 0.0480265, No Iterations 2
Pressure gradient source: uncorrected Ubar = 10.0001, pressure gradient = 19.5777
GAMG:  Solving for p, Initial residual = 0.765257, Final residual = 0.00746238, No Iterations 66
time step continuity errors : sum local = 0.000255874, global = 5.63371e-16, cumulative = -8.98639e-15
Pressure gradient source: uncorrected Ubar = 10, pressure gradient = 19.8259
smoothSolver:  Solving for omega, Initial residual = 0.000942335, Final residual = 1.62529e-05, No Iterations 1
smoothSolver:  Solving for k, Initial residual = 0.00503993, Final residual = 5.74556e-05, No Iterations 1
ExecutionTime = 49.4352 s  ClockTime = 50 s

Time = 972s

smoothSolver:  Solving for Ux, Initial residual = 0.000564426, Final residual = 1.4914e-05, No Iterations 2
smoothSolver:  Solving for Uy, Initial residual = 0.670876, Final residual = 0.0471065, No Iterations 2
Pressure gradient source: uncorrected Ubar = 9.99965, pressure gradient = 21.6152
GAMG:  Solving for p, Initial residual = 0.272811, Final residual = 0.0025374, No Iterations 74
time step continuity errors : sum local = 0.000310487, global = -2.51674e-16, cumulative = -9.23806e-15
Pressure gradient source: uncorrected Ubar = 9.99988, pressure gradient = 20.4165
smoothSolver:  Solving for omega, Initial residual = 0.00149392, Final residual = 3.97875e-05, No Iterations 1
smoothSolver:  Solving for k, Initial residual = 0.00518361, Final residual = 8.39813e-05, No Iterations 1
ExecutionTime = 49.4788 s  ClockTime = 50 s

Time = 973s

smoothSolver:  Solving for Ux, Initial residual = 0.000541994, Final residual = 1.25374e-05, No Iterations 2
smoothSolver:  Solving for Uy, Initial residual = 0.768948, Final residual = 0.0569637, No Iterations 2
Pressure gradient source: uncorrected Ubar = 9.99989, pressure gradient = 20.9651
GAMG:  Solving for p, Initial residual = 0.762198, Final residual = 0.00760671, No Iterations 62
time step continuity errors : sum local = 0.000326977, global = -4.25729e-16, cumulative = -9.66379e-15
Pressure gradient source: uncorrected Ubar = 9.99997, pressure gradient = 20.5871
smoothSolver:  Solving for omega, Initial residual = 0.00104195, Final residual = 2.93178e-05, No Iterations 1
smoothSolver:  Solving for k, Initial residual = 0.00301871, Final residual = 3.60958e-05, No Iterations 1
ExecutionTime = 49.5171 s  ClockTime = 50 s

Time = 974s

smoothSolver:  Solving for Ux, Initial residual = 0.000395091, Final residual = 1.14861e-05, No Iterations 2
smoothSolver:  Solving for Uy, Initial residual = 0.690197, Final residual = 0.0476654, No Iterations 2
Pressure gradient source: uncorrected Ubar = 10.0004, pressure gradient = 18.5859
GAMG:  Solving for p, Initial residual = 0.272467, Final residual = 0.00261126, No Iterations 66
time step continuity errors : sum local = 0.000287996, global = 5.25924e-16, cumulative = -9.13786e-15
Pressure gradient source: uncorrected Ubar = 10.0001, pressure gradient = 19.9014
smoothSolver:  Solving for omega, Initial residual = 0.000504694, Final residual = 1.50596e-05, No Iterations 1
smoothSolver:  Solving for k, Initial residual = 0.00346467, Final residual = 5.36947e-05, No Iterations 1
ExecutionTime = 49.5567 s  ClockTime = 50 s

Time = 975s

smoothSolver:  Solving for Ux, Initial residual = 0.000384745, Final residual = 1.15787e-05, No Iterations 2
smoothSolver:  Solving for Uy, Initial residual = 0.686429, Final residual = 0.0480265, No Iterations 2
Pressure gradient source: uncorrected Ubar = 10.0001, pressure gradient = 19.5778
GAMG:  Solving for p, Initial residual = 0.765205, Final residual = 0.00746137, No Iterations 66
time step continuity errors : sum local = 0.000255856, global = 2.59245e-16, cumulative = -8.87862e-15
Pressure gradient source: uncorrected Ubar = 10, pressure gradient = 19.8259
smoothSolver:  Solving for omega, Initial residual = 0.000942333, Final residual = 1.62527e-05, No Iterations 1
smoothSolver:  Solving for k, Initial residual = 0.00503991, Final residual = 5.74549e-05, No Iterations 1
ExecutionTime = 49.5971 s  ClockTime = 50 s

Time = 976s

smoothSolver:  Solving for Ux, Initial residual = 0.000564421, Final residual = 1.49137e-05, No Iterations 2
smoothSolver:  Solving for Uy, Initial residual = 0.670896, Final residual = 0.0471075, No Iterations 2
Pressure gradient source: uncorrected Ubar = 9.99965, pressure gradient = 21.6152
GAMG:  Solving for p, Initial residual = 0.272829, Final residual = 0.00253691, No Iterations 74
time step continuity errors : sum local = 0.000310408, global = -1.16918e-16, cumulative = -8.99554e-15
Pressure gradient source: uncorrected Ubar = 9.99988, pressure gradient = 20.4165
smoothSolver:  Solving for omega, Initial residual = 0.00149391, Final residual = 3.97873e-05, No Iterations 1
smoothSolver:  Solving for k, Initial residual = 0.0051836, Final residual = 8.39806e-05, No Iterations 1
ExecutionTime = 49.6409 s  ClockTime = 50 s

Time = 977s

smoothSolver:  Solving for Ux, Initial residual = 0.000541997, Final residual = 1.25377e-05, No Iterations 2
smoothSolver:  Solving for Uy, Initial residual = 0.768933, Final residual = 0.0569632, No Iterations 2
Pressure gradient source: uncorrected Ubar = 9.99989, pressure gradient = 20.9651
GAMG:  Solving for p, Initial residual = 0.762056, Final residual = 0.00760613, No Iterations 62
time step continuity errors : sum local = 0.000327012, global = -1.51359e-16, cumulative = -9.1469e-15
Pressure gradient source: uncorrected Ubar = 9.99997, pressure gradient = 20.5871
smoothSolver:  Solving for omega, Initial residual = 0.00104194, Final residual = 2.93175e-05, No Iterations 1
smoothSolver:  Solving for k, Initial residual = 0.00301869, Final residual = 3.60947e-05, No Iterations 1
ExecutionTime = 49.6787 s  ClockTime = 50 s

Time = 978s

smoothSolver:  Solving for Ux, Initial residual = 0.000395093, Final residual = 1.14863e-05, No Iterations 2
smoothSolver:  Solving for Uy, Initial residual = 0.690219, Final residual = 0.0476671, No Iterations 2
Pressure gradient source: uncorrected Ubar = 10.0004, pressure gradient = 18.5859
GAMG:  Solving for p, Initial residual = 0.272471, Final residual = 0.00261107, No Iterations 66
time step continuity errors : sum local = 0.000287976, global = 2.32772e-16, cumulative = -8.91412e-15
Pressure gradient source: uncorrected Ubar = 10.0001, pressure gradient = 19.9014
smoothSolver:  Solving for omega, Initial residual = 0.000504691, Final residual = 1.50592e-05, No Iterations 1
smoothSolver:  Solving for k, Initial residual = 0.00346466, Final residual = 5.36936e-05, No Iterations 1
ExecutionTime = 49.7196 s  ClockTime = 50 s

Time = 979s

smoothSolver:  Solving for Ux, Initial residual = 0.000384743, Final residual = 1.15786e-05, No Iterations 2
smoothSolver:  Solving for Uy, Initial residual = 0.686441, Final residual = 0.0480276, No Iterations 2
Pressure gradient source: uncorrected Ubar = 10.0001, pressure gradient = 19.5778
GAMG:  Solving for p, Initial residual = 0.765299, Final residual = 0.00746282, No Iterations 66
time step continuity errors : sum local = 0.000255875, global = -4.36997e-16, cumulative = -9.35112e-15
Pressure gradient source: uncorrected Ubar = 10, pressure gradient = 19.8259
smoothSolver:  Solving for omega, Initial residual = 0.00094233, Final residual = 1.62525e-05, No Iterations 1
smoothSolver:  Solving for k, Initial residual = 0.0050399, Final residual = 5.74542e-05, No Iterations 1
ExecutionTime = 49.7613 s  ClockTime = 50 s

Time = 980s

smoothSolver:  Solving for Ux, Initial residual = 0.000564418, Final residual = 1.49135e-05, No Iterations 2
smoothSolver:  Solving for Uy, Initial residual = 0.670884, Final residual = 0.0471071, No Iterations 2
Pressure gradient source: uncorrected Ubar = 9.99965, pressure gradient = 21.6152
GAMG:  Solving for p, Initial residual = 0.272812, Final residual = 0.00253741, No Iterations 74
time step continuity errors : sum local = 0.000310487, global = 2.56324e-16, cumulative = -9.0948e-15
Pressure gradient source: uncorrected Ubar = 9.99988, pressure gradient = 20.4165
smoothSolver:  Solving for omega, Initial residual = 0.00149391, Final residual = 3.9787e-05, No Iterations 1
smoothSolver:  Solving for k, Initial residual = 0.00518359, Final residual = 8.39799e-05, No Iterations 1
ExecutionTime = 49.8454 s  ClockTime = 50 s

Time = 981s

smoothSolver:  Solving for Ux, Initial residual = 0.000541999, Final residual = 1.25379e-05, No Iterations 2
smoothSolver:  Solving for Uy, Initial residual = 0.76896, Final residual = 0.0569647, No Iterations 2
Pressure gradient source: uncorrected Ubar = 9.99989, pressure gradient = 20.9651
GAMG:  Solving for p, Initial residual = 0.762171, Final residual = 0.00760705, No Iterations 62
time step continuity errors : sum local = 0.00032701, global = -6.53357e-17, cumulative = -9.16013e-15
Pressure gradient source: uncorrected Ubar = 9.99997, pressure gradient = 20.5871
smoothSolver:  Solving for omega, Initial residual = 0.00104194, Final residual = 2.93172e-05, No Iterations 1
smoothSolver:  Solving for k, Initial residual = 0.00301868, Final residual = 3.60937e-05, No Iterations 1
ExecutionTime = 49.8862 s  ClockTime = 50 s

Time = 982s

smoothSolver:  Solving for Ux, Initial residual = 0.000395095, Final residual = 1.14865e-05, No Iterations 2
smoothSolver:  Solving for Uy, Initial residual = 0.690204, Final residual = 0.047666, No Iterations 2
Pressure gradient source: uncorrected Ubar = 10.0004, pressure gradient = 18.5859
GAMG:  Solving for p, Initial residual = 0.272466, Final residual = 0.0026113, No Iterations 66
time step continuity errors : sum local = 0.000288004, global = 1.75681e-16, cumulative = -8.98445e-15
Pressure gradient source: uncorrected Ubar = 10.0001, pressure gradient = 19.9014
smoothSolver:  Solving for omega, Initial residual = 0.000504688, Final residual = 1.50589e-05, No Iterations 1
smoothSolver:  Solving for k, Initial residual = 0.00346464, Final residual = 5.36926e-05, No Iterations 1
ExecutionTime = 49.9276 s  ClockTime = 50 s

Time = 983s

smoothSolver:  Solving for Ux, Initial residual = 0.000384739, Final residual = 1.15783e-05, No Iterations 2
smoothSolver:  Solving for Uy, Initial residual = 0.68644, Final residual = 0.0480273, No Iterations 2
Pressure gradient source: uncorrected Ubar = 10.0001, pressure gradient = 19.5778
GAMG:  Solving for p, Initial residual = 0.76522, Final residual = 0.00746106, No Iterations 66
time step continuity errors : sum local = 0.000255841, global = -2.13227e-16, cumulative = -9.19768e-15
Pressure gradient source: uncorrected Ubar = 10, pressure gradient = 19.8259
smoothSolver:  Solving for omega, Initial residual = 0.000942328, Final residual = 1.62523e-05, No Iterations 1
smoothSolver:  Solving for k, Initial residual = 0.00503989, Final residual = 5.74536e-05, No Iterations 1
ExecutionTime = 49.9688 s  ClockTime = 50 s

Time = 984s

smoothSolver:  Solving for Ux, Initial residual = 0.000564413, Final residual = 1.49132e-05, No Iterations 2
smoothSolver:  Solving for Uy, Initial residual = 0.670899, Final residual = 0.0471078, No Iterations 2
Pressure gradient source: uncorrected Ubar = 9.99965, pressure gradient = 21.6152
GAMG:  Solving for p, Initial residual = 0.272828, Final residual = 0.00253696, No Iterations 74
time step continuity errors : sum local = 0.000310415, global = 2.58227e-16, cumulative = -8.93945e-15
Pressure gradient source: uncorrected Ubar = 9.99988, pressure gradient = 20.4166
smoothSolver:  Solving for omega, Initial residual = 0.00149391, Final residual = 3.97868e-05, No Iterations 1
smoothSolver:  Solving for k, Initial residual = 0.00518357, Final residual = 8.39792e-05, No Iterations 1
ExecutionTime = 50.013 s  ClockTime = 50 s

Time = 985s

smoothSolver:  Solving for Ux, Initial residual = 0.000542002, Final residual = 1.25382e-05, No Iterations 2
smoothSolver:  Solving for Uy, Initial residual = 0.768947, Final residual = 0.0569642, No Iterations 2
Pressure gradient source: uncorrected Ubar = 9.99989, pressure gradient = 20.9651
GAMG:  Solving for p, Initial residual = 0.762054, Final residual = 0.00760662, No Iterations 62
time step continuity errors : sum local = 0.00032703, global = -1.25627e-16, cumulative = -9.06508e-15
Pressure gradient source: uncorrected Ubar = 9.99997, pressure gradient = 20.5871
smoothSolver:  Solving for omega, Initial residual = 0.00104194, Final residual = 2.93169e-05, No Iterations 1
smoothSolver:  Solving for k, Initial residual = 0.00301866, Final residual = 3.60927e-05, No Iterations 1
ExecutionTime = 50.0524 s  ClockTime = 50 s

Time = 986s

smoothSolver:  Solving for Ux, Initial residual = 0.000395096, Final residual = 1.14866e-05, No Iterations 2
smoothSolver:  Solving for Uy, Initial residual = 0.690228, Final residual = 0.0476678, No Iterations 2
Pressure gradient source: uncorrected Ubar = 10.0004, pressure gradient = 18.5859
GAMG:  Solving for p, Initial residual = 0.272469, Final residual = 0.00261098, No Iterations 66
time step continuity errors : sum local = 0.000287963, global = -3.31035e-16, cumulative = -9.39611e-15
Pressure gradient source: uncorrected Ubar = 10.0001, pressure gradient = 19.9014
smoothSolver:  Solving for omega, Initial residual = 0.000504685, Final residual = 1.50586e-05, No Iterations 1
smoothSolver:  Solving for k, Initial residual = 0.00346463, Final residual = 5.36915e-05, No Iterations 1
ExecutionTime = 50.0935 s  ClockTime = 50 s

Time = 987s

smoothSolver:  Solving for Ux, Initial residual = 0.000384737, Final residual = 1.15783e-05, No Iterations 2
smoothSolver:  Solving for Uy, Initial residual = 0.686457, Final residual = 0.0480287, No Iterations 2
Pressure gradient source: uncorrected Ubar = 10.0001, pressure gradient = 19.5778
GAMG:  Solving for p, Initial residual = 0.765372, Final residual = 0.0074614, No Iterations 66
time step continuity errors : sum local = 0.000255798, global = -1.83678e-17, cumulative = -9.41448e-15
Pressure gradient source: uncorrected Ubar = 10, pressure gradient = 19.8259
smoothSolver:  Solving for omega, Initial residual = 0.000942326, Final residual = 1.62521e-05, No Iterations 1
smoothSolver:  Solving for k, Initial residual = 0.00503987, Final residual = 5.74529e-05, No Iterations 1
ExecutionTime = 50.1336 s  ClockTime = 50 s

Time = 988s

smoothSolver:  Solving for Ux, Initial residual = 0.00056441, Final residual = 1.49131e-05, No Iterations 2
smoothSolver:  Solving for Uy, Initial residual = 0.67089, Final residual = 0.0471076, No Iterations 2
Pressure gradient source: uncorrected Ubar = 9.99965, pressure gradient = 21.6153
GAMG:  Solving for p, Initial residual = 0.272813, Final residual = 0.00253676, No Iterations 74
time step continuity errors : sum local = 0.000310407, global = 1.5628e-16, cumulative = -9.2582e-15
Pressure gradient source: uncorrected Ubar = 9.99988, pressure gradient = 20.4166
smoothSolver:  Solving for omega, Initial residual = 0.00149391, Final residual = 3.97866e-05, No Iterations 1
smoothSolver:  Solving for k, Initial residual = 0.00518356, Final residual = 8.39785e-05, No Iterations 1
ExecutionTime = 50.1773 s  ClockTime = 50 s

Time = 989s

smoothSolver:  Solving for Ux, Initial residual = 0.000542005, Final residual = 1.25384e-05, No Iterations 2
smoothSolver:  Solving for Uy, Initial residual = 0.76896, Final residual = 0.056965, No Iterations 2
Pressure gradient source: uncorrected Ubar = 9.99989, pressure gradient = 20.9651
GAMG:  Solving for p, Initial residual = 0.76209, Final residual = 0.00760653, No Iterations 62
time step continuity errors : sum local = 0.000327008, global = -2.07833e-16, cumulative = -9.46603e-15
Pressure gradient source: uncorrected Ubar = 9.99997, pressure gradient = 20.5872
smoothSolver:  Solving for omega, Initial residual = 0.00104193, Final residual = 2.93166e-05, No Iterations 1
smoothSolver:  Solving for k, Initial residual = 0.00301865, Final residual = 3.60917e-05, No Iterations 1
ExecutionTime = 50.2175 s  ClockTime = 50 s

Time = 990s

smoothSolver:  Solving for Ux, Initial residual = 0.000395098, Final residual = 1.14868e-05, No Iterations 2
smoothSolver:  Solving for Uy, Initial residual = 0.690227, Final residual = 0.0476676, No Iterations 2
Pressure gradient source: uncorrected Ubar = 10.0004, pressure gradient = 18.5859
GAMG:  Solving for p, Initial residual = 0.272467, Final residual = 0.00261086, No Iterations 66
time step continuity errors : sum local = 0.000287951, global = -4.45212e-16, cumulative = -9.91125e-15
Pressure gradient source: uncorrected Ubar = 10.0001, pressure gradient = 19.9014
smoothSolver:  Solving for omega, Initial residual = 0.000504682, Final residual = 1.50584e-05, No Iterations 1
smoothSolver:  Solving for k, Initial residual = 0.00346462, Final residual = 5.36905e-05, No Iterations 1
ExecutionTime = 50.2564 s  ClockTime = 51 s

Time = 991s

smoothSolver:  Solving for Ux, Initial residual = 0.000384734, Final residual = 1.15781e-05, No Iterations 2
smoothSolver:  Solving for Uy, Initial residual = 0.686461, Final residual = 0.048029, No Iterations 2
Pressure gradient source: uncorrected Ubar = 10.0001, pressure gradient = 19.5779
GAMG:  Solving for p, Initial residual = 0.765304, Final residual = 0.00746168, No Iterations 66
time step continuity errors : sum local = 0.000255831, global = -2.47622e-16, cumulative = -1.01589e-14
Pressure gradient source: uncorrected Ubar = 10, pressure gradient = 19.826
smoothSolver:  Solving for omega, Initial residual = 0.000942324, Final residual = 1.6252e-05, No Iterations 1
smoothSolver:  Solving for k, Initial residual = 0.00503986, Final residual = 5.74523e-05, No Iterations 1
ExecutionTime = 50.2973 s  ClockTime = 51 s

Time = 992s

smoothSolver:  Solving for Ux, Initial residual = 0.000564406, Final residual = 1.49128e-05, No Iterations 2
smoothSolver:  Solving for Uy, Initial residual = 0.670893, Final residual = 0.0471076, No Iterations 2
Pressure gradient source: uncorrected Ubar = 9.99965, pressure gradient = 21.6153
GAMG:  Solving for p, Initial residual = 0.27282, Final residual = 0.00253757, No Iterations 74
time step continuity errors : sum local = 0.000310496, global = -7.55463e-17, cumulative = -1.02344e-14
Pressure gradient source: uncorrected Ubar = 9.99988, pressure gradient = 20.4166
smoothSolver:  Solving for omega, Initial residual = 0.0014939, Final residual = 3.97864e-05, No Iterations 1
smoothSolver:  Solving for k, Initial residual = 0.00518355, Final residual = 8.39778e-05, No Iterations 1
ExecutionTime = 50.3411 s  ClockTime = 51 s

Time = 993s

smoothSolver:  Solving for Ux, Initial residual = 0.000542005, Final residual = 1.25384e-05, No Iterations 2
smoothSolver:  Solving for Uy, Initial residual = 0.768981, Final residual = 0.0569663, No Iterations 2
Pressure gradient source: uncorrected Ubar = 9.99989, pressure gradient = 20.9651
GAMG:  Solving for p, Initial residual = 0.762117, Final residual = 0.00760712, No Iterations 62
time step continuity errors : sum local = 0.000327027, global = 3.36099e-18, cumulative = -1.02311e-14
Pressure gradient source: uncorrected Ubar = 9.99997, pressure gradient = 20.5872
smoothSolver:  Solving for omega, Initial residual = 0.00104193, Final residual = 2.93163e-05, No Iterations 1
smoothSolver:  Solving for k, Initial residual = 0.00301864, Final residual = 3.60908e-05, No Iterations 1
ExecutionTime = 50.3791 s  ClockTime = 51 s

Time = 994s

smoothSolver:  Solving for Ux, Initial residual = 0.000395099, Final residual = 1.1487e-05, No Iterations 2
smoothSolver:  Solving for Uy, Initial residual = 0.690221, Final residual = 0.0476671, No Iterations 2
Pressure gradient source: uncorrected Ubar = 10.0004, pressure gradient = 18.5859
GAMG:  Solving for p, Initial residual = 0.272465, Final residual = 0.00261093, No Iterations 66
time step continuity errors : sum local = 0.000287964, global = 7.27414e-17, cumulative = -1.01583e-14
Pressure gradient source: uncorrected Ubar = 10.0001, pressure gradient = 19.9014
smoothSolver:  Solving for omega, Initial residual = 0.00050468, Final residual = 1.50581e-05, No Iterations 1
smoothSolver:  Solving for k, Initial residual = 0.00346461, Final residual = 5.36895e-05, No Iterations 1
ExecutionTime = 50.4355 s  ClockTime = 51 s

Time = 995s

smoothSolver:  Solving for Ux, Initial residual = 0.00038473, Final residual = 1.15778e-05, No Iterations 2
smoothSolver:  Solving for Uy, Initial residual = 0.686461, Final residual = 0.0480291, No Iterations 2
Pressure gradient source: uncorrected Ubar = 10.0001, pressure gradient = 19.5779
GAMG:  Solving for p, Initial residual = 0.765246, Final residual = 0.00746062, No Iterations 66
time step continuity errors : sum local = 0.000255818, global = -2.38933e-16, cumulative = -1.03972e-14
Pressure gradient source: uncorrected Ubar = 10, pressure gradient = 19.826
smoothSolver:  Solving for omega, Initial residual = 0.000942322, Final residual = 1.62518e-05, No Iterations 1
smoothSolver:  Solving for k, Initial residual = 0.00503985, Final residual = 5.74517e-05, No Iterations 1
ExecutionTime = 50.4773 s  ClockTime = 51 s

Time = 996s

smoothSolver:  Solving for Ux, Initial residual = 0.000564401, Final residual = 1.49125e-05, No Iterations 2
smoothSolver:  Solving for Uy, Initial residual = 0.670911, Final residual = 0.0471087, No Iterations 2
Pressure gradient source: uncorrected Ubar = 9.99965, pressure gradient = 21.6153
GAMG:  Solving for p, Initial residual = 0.272824, Final residual = 0.00253691, No Iterations 74
time step continuity errors : sum local = 0.000310414, global = -1.64137e-16, cumulative = -1.05614e-14
Pressure gradient source: uncorrected Ubar = 9.99988, pressure gradient = 20.4166
smoothSolver:  Solving for omega, Initial residual = 0.0014939, Final residual = 3.97862e-05, No Iterations 1
smoothSolver:  Solving for k, Initial residual = 0.00518353, Final residual = 8.39771e-05, No Iterations 1
ExecutionTime = 50.5216 s  ClockTime = 51 s

Time = 997s

smoothSolver:  Solving for Ux, Initial residual = 0.000542009, Final residual = 1.25388e-05, No Iterations 2
smoothSolver:  Solving for Uy, Initial residual = 0.768966, Final residual = 0.0569657, No Iterations 2
Pressure gradient source: uncorrected Ubar = 9.99989, pressure gradient = 20.9651
GAMG:  Solving for p, Initial residual = 0.762059, Final residual = 0.00760617, No Iterations 62
time step continuity errors : sum local = 0.000327009, global = 1.74063e-16, cumulative = -1.03873e-14
Pressure gradient source: uncorrected Ubar = 9.99997, pressure gradient = 20.5872
smoothSolver:  Solving for omega, Initial residual = 0.00104193, Final residual = 2.9316e-05, No Iterations 1
smoothSolver:  Solving for k, Initial residual = 0.00301863, Final residual = 3.60899e-05, No Iterations 1
ExecutionTime = 50.5607 s  ClockTime = 51 s

Time = 998s

smoothSolver:  Solving for Ux, Initial residual = 0.000395101, Final residual = 1.14871e-05, No Iterations 2
smoothSolver:  Solving for Uy, Initial residual = 0.690239, Final residual = 0.0476686, No Iterations 2
Pressure gradient source: uncorrected Ubar = 10.0004, pressure gradient = 18.5859
GAMG:  Solving for p, Initial residual = 0.272469, Final residual = 0.00261137, No Iterations 66
time step continuity errors : sum local = 0.000288005, global = -2.11765e-16, cumulative = -1.05991e-14
Pressure gradient source: uncorrected Ubar = 10.0001, pressure gradient = 19.9014
smoothSolver:  Solving for omega, Initial residual = 0.000504677, Final residual = 1.50578e-05, No Iterations 1
smoothSolver:  Solving for k, Initial residual = 0.00346459, Final residual = 5.36886e-05, No Iterations 1
ExecutionTime = 50.602 s  ClockTime = 51 s

Time = 999s

smoothSolver:  Solving for Ux, Initial residual = 0.000384729, Final residual = 1.15779e-05, No Iterations 2
smoothSolver:  Solving for Uy, Initial residual = 0.686478, Final residual = 0.0480302, No Iterations 2
Pressure gradient source: uncorrected Ubar = 10.0001, pressure gradient = 19.5779
GAMG:  Solving for p, Initial residual = 0.76542, Final residual = 0.0074634, No Iterations 66
time step continuity errors : sum local = 0.000255853, global = -2.07886e-17, cumulative = -1.06199e-14
Pressure gradient source: uncorrected Ubar = 10, pressure gradient = 19.826
smoothSolver:  Solving for omega, Initial residual = 0.00094232, Final residual = 1.62517e-05, No Iterations 1
smoothSolver:  Solving for k, Initial residual = 0.00503984, Final residual = 5.7451e-05, No Iterations 1
ExecutionTime = 50.6433 s  ClockTime = 51 s

Time = 1000s

smoothSolver:  Solving for Ux, Initial residual = 0.000564399, Final residual = 1.49124e-05, No Iterations 2
smoothSolver:  Solving for Uy, Initial residual = 0.670899, Final residual = 0.0471081, No Iterations 2
Pressure gradient source: uncorrected Ubar = 9.99965, pressure gradient = 21.6153
GAMG:  Solving for p, Initial residual = 0.272818, Final residual = 0.00253677, No Iterations 74
time step continuity errors : sum local = 0.000310403, global = 5.29565e-16, cumulative = -1.00903e-14
Pressure gradient source: uncorrected Ubar = 9.99988, pressure gradient = 20.4166
smoothSolver:  Solving for omega, Initial residual = 0.0014939, Final residual = 3.9786e-05, No Iterations 1
smoothSolver:  Solving for k, Initial residual = 0.00518352, Final residual = 8.39765e-05, No Iterations 1
ExecutionTime = 50.7145 s  ClockTime = 51 s

yPlus yPlus write:
    writing object yPlus
    patch bottomWall y+ : min = 11.1092, max = 11.5758, average = 11.1999
    patch topWall y+ : min = 11.1113, max = 11.5735, average = 11.1786

wallShearStress wallShearStress write:
    writing object wallShearStress
    min/max(bottomWall) = (-0.303751 -0.000121424 0), (-0.30164 0.000130886 0)
    min/max(topWall) = (-0.3037 -0.000128871 0), (-0.301679 5.77642e-05 0)

End


--- STDERR ---
WARNING: The requested image's platform (linux/amd64) does not match the detected host platform (linux/arm64/v8) and no specific platform was requested

