/*--------------------------------*- C++ -*----------------------------------*\
  =========                 |
  \\      /  F ield         | OpenFOAM: The Open Source CFD Toolbox
   \\    /   O peration     | Website:  https://openfoam.org
    \\  /    A nd           | Version:  11
     \\/     M anipulation  |
\*---------------------------------------------------------------------------*/
FoamFile
{
    format      ascii;
    class       surfaceScalarField;
    location    "1000";
    object      phi;
}
// * * * * * * * * * * * * * * * * * * * * * * * * * * * * * * * * * * * * * //

dimensions      [0 3 -1 0 0 0 0];

internalField   nonuniform List<scalar> 
9850
(
3.63427e-06
-8.22682e-09
3.63145e-06
2.71266e-09
3.62625e-06
5.15361e-09
3.62614e-06
1.41282e-10
3.62806e-06
-1.91768e-09
3.63383e-06
-5.76754e-09
3.63825e-06
-4.35499e-09
3.63251e-06
5.6809e-09
3.62366e-06
8.86167e-09
3.62101e-06
2.62587e-09
3.6202e-06
7.88364e-10
3.61997e-06
2.47548e-10
3.6199e-06
4.05153e-11
3.62215e-06
-2.22015e-09
3.62429e-06
-2.1228e-09
3.62701e-06
-2.72401e-09
3.63083e-06
-3.77425e-09
3.63203e-06
-1.24544e-09
3.63504e-06
-2.9406e-09
3.63903e-06
-4.03905e-09
3.64087e-06
-1.78004e-09
3.64137e-06
-5.5846e-10
3.64154e-06
-9.48951e-11
3.64142e-06
3.42769e-11
3.64142e-06
1.03844e-10
3.64125e-06
7.54863e-11
3.64127e-06
1.15114e-10
3.64112e-06
3.38933e-11
3.6412e-06
7.98612e-11
3.64105e-06
-2.50962e-11
3.64117e-06
1.78215e-11
3.64116e-06
-1.33663e-10
3.64148e-06
-2.19961e-10
3.64172e-06
-3.53634e-10
3.64199e-06
-2.40206e-10
3.64208e-06
-1.434e-10
3.6421e-06
-3.07054e-11
3.64187e-06
2.35531e-10
3.63428e-06
7.55754e-09
3.62473e-06
9.57093e-09
3.62169e-06
2.95967e-09
3.62073e-06
1.04143e-09
3.6203e-06
3.82136e-10
3.62016e-06
1.96537e-10
3.62001e-06
9.97806e-11
3.61996e-06
8.43614e-11
3.61988e-06
3.32076e-11
3.6199e-06
3.37971e-11
3.61987e-06
-2.75778e-12
3.6199e-06
9.22205e-12
3.61986e-06
-1.02314e-11
3.6199e-06
5.90571e-12
3.61986e-06
-1.25957e-11
3.6199e-06
6.22158e-12
3.61987e-06
-1.14475e-11
3.6199e-06
9.98931e-12
3.61987e-06
-1.12223e-11
3.61992e-06
8.59543e-12
3.6199e-06
-8.59999e-12
3.61993e-06
5.28285e-12
3.61991e-06
-5.18195e-12
3.61993e-06
3.64415e-12
3.6199e-06
-7.53877e-12
3.61993e-06
4.32875e-12
3.61989e-06
-9.62772e-12
3.61993e-06
6.44249e-12
3.61989e-06
-1.00007e-11
3.61992e-06
1.03917e-11
3.61989e-06
-1.01681e-11
3.61993e-06
9.19545e-12
3.61991e-06
-8.08578e-12
3.61994e-06
5.77943e-12
3.61992e-06
-4.49285e-12
3.61994e-06
5.4991e-12
3.61993e-06
-5.8296e-12
3.61995e-06
3.56767e-12
3.61993e-06
-5.30586e-12
3.61994e-06
3.38551e-12
3.61993e-06
-4.89509e-12
3.61994e-06
3.29194e-12
3.61993e-06
-4.73964e-12
3.61994e-06
3.75573e-12
3.61993e-06
-4.67329e-12
3.61994e-06
4.28477e-12
3.61993e-06
-5.13007e-12
3.61994e-06
3.425e-12
3.61993e-06
-5.08842e-12
3.61995e-06
2.60308e-12
3.61994e-06
-4.15162e-12
3.61995e-06
4.17521e-12
3.61994e-06
-4.57389e-12
3.61995e-06
4.53316e-12
3.61994e-06
-5.17889e-12
3.61995e-06
3.60526e-12
3.61994e-06
-5.08068e-12
3.61995e-06
2.32058e-12
3.61995e-06
-1.19007e-11
3.61999e-06
-1.7907e-11
3.62006e-06
-1.21176e-10
-5.5811e-09
4.42034e-06
-5.22912e-09
4.42245e-06
5.44922e-10
4.42452e-06
3.05468e-09
4.42391e-06
7.69912e-10
4.42284e-06
-8.5067e-10
4.42044e-06
-3.36012e-09
4.41905e-06
-2.93064e-09
4.42201e-06
2.6891e-09
4.42558e-06
5.30031e-09
4.42588e-06
2.30699e-09
4.42582e-06
8.40786e-10
4.42576e-06
3.12108e-10
4.4256e-06
1.83392e-10
4.42433e-06
-9.28867e-10
4.42334e-06
-1.1268e-09
4.42228e-06
-1.66664e-09
4.42093e-06
-2.3985e-09
4.42091e-06
-1.25019e-09
4.42021e-06
-2.1961e-09
4.41911e-06
-2.96504e-09
4.41898e-06
-1.61452e-09
4.41902e-06
-6.36866e-10
4.41906e-06
-8.55334e-11
4.41898e-06
5.9274e-11
4.41899e-06
1.55874e-10
4.4189e-06
1.0503e-10
4.41892e-06
1.79537e-10
4.41884e-06
4.47095e-11
4.41889e-06
1.24709e-10
4.41882e-06
-5.07209e-11
4.41888e-06
3.06703e-11
4.41887e-06
-2.06924e-10
4.41903e-06
-3.17634e-10
4.41913e-06
-5.23094e-10
4.41925e-06
-3.44096e-10
4.41928e-06
-2.05652e-10
4.41929e-06
-4.36448e-11
4.41931e-06
2.14481e-10
4.4225e-06
4.34673e-09
4.42598e-06
6.10112e-09
4.42616e-06
2.7316e-09
4.42606e-06
1.19404e-09
4.42593e-06
4.86408e-10
4.42587e-06
2.86095e-10
4.42579e-06
1.49318e-10
4.42577e-06
1.29049e-10
4.42573e-06
4.56777e-11
4.42574e-06
5.03769e-11
4.42573e-06
-8.67169e-12
4.42575e-06
1.29162e-11
4.42573e-06
-1.99945e-11
4.42575e-06
8.24224e-12
4.42573e-06
-2.26779e-11
4.42576e-06
9.80246e-12
4.42574e-06
-2.07396e-11
4.42576e-06
1.56094e-11
4.42574e-06
-1.91416e-11
4.42577e-06
1.55054e-11
4.42576e-06
-1.3475e-11
4.42577e-06
9.56201e-12
4.42576e-06
-9.19962e-12
4.42577e-06
5.3355e-12
4.42576e-06
-1.40866e-11
4.42578e-06
6.40613e-12
4.42576e-06
-1.76515e-11
4.42578e-06
1.01929e-11
4.42576e-06
-1.82079e-11
4.42578e-06
1.6496e-11
4.42576e-06
-1.73039e-11
4.42578e-06
1.66588e-11
4.42577e-06
-1.22116e-11
4.42579e-06
1.07516e-11
4.42578e-06
-7.47846e-12
4.42579e-06
8.68556e-12
4.42578e-06
-1.00259e-11
4.42579e-06
5.82987e-12
4.42578e-06
-9.47896e-12
4.42579e-06
5.47096e-12
4.42578e-06
-9.05382e-12
4.42579e-06
5.45223e-12
4.42578e-06
-8.69248e-12
4.42579e-06
6.3784e-12
4.42579e-06
-8.63447e-12
4.42579e-06
7.05356e-12
4.42579e-06
-9.26038e-12
4.42579e-06
5.98607e-12
4.42579e-06
-9.00053e-12
4.42579e-06
4.98566e-12
4.42579e-06
-7.57684e-12
4.4258e-06
7.1097e-12
4.42579e-06
-8.15522e-12
4.4258e-06
7.57861e-12
4.42579e-06
-8.84528e-12
4.4258e-06
6.39798e-12
4.42579e-06
-8.64988e-12
4.4258e-06
4.5972e-12
4.42579e-06
-1.78696e-11
4.42581e-06
-1.76066e-11
4.4257e-06
-3.94303e-11
-3.16664e-09
4.87364e-06
-3.82471e-09
4.87445e-06
-3.06625e-10
4.87574e-06
1.74443e-09
4.87597e-06
5.52847e-10
4.87551e-06
-3.94482e-10
4.874e-06
-1.84857e-09
4.87283e-06
-1.7266e-09
4.87397e-06
1.52065e-09
4.87578e-06
3.49976e-09
4.8761e-06
1.97309e-09
4.87612e-06
8.16715e-10
4.8761e-06
3.40484e-10
4.87603e-06
2.3838e-10
4.87574e-06
-6.30051e-10
4.87566e-06
-1.03555e-09
4.87517e-06
-1.18058e-09
4.87439e-06
-1.60195e-09
4.87428e-06
-1.16092e-09
4.87372e-06
-1.60658e-09
4.87279e-06
-2.04869e-09
4.87245e-06
-1.25416e-09
4.87235e-06
-5.63879e-10
4.87233e-06
-2.4395e-11
4.87225e-06
1.00165e-10
4.87224e-06
2.05737e-10
4.87217e-06
1.30427e-10
4.87218e-06
2.29002e-10
4.87213e-06
5.08571e-11
4.87217e-06
1.57342e-10
4.87211e-06
-7.2185e-11
4.87216e-06
4.10932e-11
4.87215e-06
-2.59461e-10
4.87226e-06
-3.8252e-10
4.87233e-06
-6.411e-10
4.87241e-06
-4.15018e-10
4.87243e-06
-2.49562e-10
4.87244e-06
-5.48197e-11
4.87247e-06
1.8761e-10
4.87405e-06
2.74976e-09
4.87593e-06
4.2297e-09
4.87623e-06
2.40104e-09
4.87624e-06
1.21629e-09
4.87618e-06
5.30052e-10
4.87614e-06
3.43319e-10
4.87609e-06
1.83294e-10
4.87607e-06
1.60389e-10
4.87604e-06
5.25337e-11
4.87606e-06
6.19366e-11
4.87604e-06
-1.38613e-11
4.87606e-06
1.55864e-11
4.87605e-06
-2.80936e-11
4.87606e-06
9.92484e-12
4.87605e-06
-3.09904e-11
4.87607e-06
1.24828e-11
4.87606e-06
-2.86105e-11
4.87607e-06
1.95778e-11
4.87606e-06
-2.57693e-11
4.87608e-06
2.0773e-11
4.87607e-06
-1.7474e-11
4.87608e-06
1.24606e-11
4.87608e-06
-1.25466e-11
4.87608e-06
5.93013e-12
4.87608e-06
-1.94071e-11
4.87609e-06
7.522e-12
4.87608e-06
-2.43284e-11
4.87609e-06
1.3014e-11
4.87608e-06
-2.50607e-11
4.87609e-06
2.09872e-11
4.87608e-06
-2.31673e-11
4.87609e-06
2.24962e-11
4.87609e-06
-1.56792e-11
4.8761e-06
1.45639e-11
4.87609e-06
-1.05233e-11
4.8761e-06
1.10002e-11
4.87609e-06
-1.37811e-11
4.8761e-06
7.69102e-12
4.87609e-06
-1.2954e-11
4.8761e-06
6.97479e-12
4.8761e-06
-1.20508e-11
4.8761e-06
6.60847e-12
4.8761e-06
-1.12996e-11
4.8761e-06
7.62652e-12
4.8761e-06
-1.1251e-11
4.8761e-06
8.3946e-12
4.8761e-06
-1.17936e-11
4.8761e-06
7.17236e-12
4.8761e-06
-1.13939e-11
4.87611e-06
6.14671e-12
4.8761e-06
-9.91767e-12
4.87611e-06
8.72512e-12
4.8761e-06
-1.07222e-11
4.87611e-06
9.44532e-12
4.8761e-06
-1.16016e-11
4.87611e-06
8.37672e-12
4.8761e-06
-1.14102e-11
4.87611e-06
6.40821e-12
4.87611e-06
-2.17184e-11
4.87611e-06
-1.45437e-11
4.87606e-06
-5.63926e-12
-2.1244e-09
5.18232e-06
-3.42523e-09
5.18258e-06
-6.01661e-10
5.18311e-06
1.1967e-09
5.18333e-06
3.42766e-10
5.18322e-06
-2.791e-10
5.18262e-06
-1.24861e-09
5.18206e-06
-1.14664e-09
5.18232e-06
1.2458e-09
5.18289e-06
2.92523e-09
5.183e-06
1.86211e-09
5.18298e-06
8.26017e-10
5.18296e-06
3.70903e-10
5.18294e-06
2.47071e-10
5.18295e-06
-6.34806e-10
5.18306e-06
-1.1388e-09
5.18296e-06
-1.08476e-09
5.18274e-06
-1.36202e-09
5.18271e-06
-1.14677e-09
5.18248e-06
-1.35448e-09
5.18205e-06
-1.63758e-09
5.18187e-06
-1.04865e-09
5.18177e-06
-4.86472e-10
5.18173e-06
4.06289e-11
5.18166e-06
1.47525e-10
5.18164e-06
2.53123e-10
5.18158e-06
1.59213e-10
5.18159e-06
2.7001e-10
5.18154e-06
6.10186e-11
5.18157e-06
1.80758e-10
5.18153e-06
-8.47107e-11
5.18156e-06
4.73752e-11
5.18155e-06
-2.96642e-10
5.18164e-06
-4.35115e-10
5.18169e-06
-7.3141e-10
5.18175e-06
-4.72433e-10
5.18177e-06
-2.84501e-10
5.18178e-06
-6.48966e-11
5.18178e-06
1.85158e-10
5.1823e-06
2.22344e-09
5.18295e-06
3.58646e-09
5.18305e-06
2.27539e-09
5.18304e-06
1.2485e-09
5.18299e-06
5.68175e-10
5.18296e-06
3.88973e-10
5.18291e-06
2.1366e-10
5.1829e-06
1.86308e-10
5.18288e-06
6.08177e-11
5.18289e-06
7.14515e-11
5.18288e-06
-1.60712e-11
5.18289e-06
1.7452e-11
5.18288e-06
-3.32963e-11
5.18289e-06
1.04143e-11
5.18288e-06
-3.66081e-11
5.18289e-06
1.34534e-11
5.18288e-06
-3.40548e-11
5.1829e-06
2.14197e-11
5.18289e-06
-3.01132e-11
5.1829e-06
2.38473e-11
5.1829e-06
-2.03365e-11
5.18291e-06
1.39111e-11
5.1829e-06
-1.53956e-11
5.18291e-06
5.84637e-12
5.1829e-06
-2.36659e-11
5.18291e-06
7.64363e-12
5.1829e-06
-2.91235e-11
5.18291e-06
1.41248e-11
5.1829e-06
-2.98115e-11
5.18291e-06
2.33296e-11
5.1829e-06
-2.68958e-11
5.18292e-06
2.61288e-11
5.18291e-06
-1.78359e-11
5.18292e-06
1.66212e-11
5.18292e-06
-1.24602e-11
5.18292e-06
1.18152e-11
5.18292e-06
-1.62418e-11
5.18292e-06
8.31744e-12
5.18292e-06
-1.54627e-11
5.18292e-06
7.5913e-12
5.18292e-06
-1.4644e-11
5.18292e-06
7.39435e-12
5.18292e-06
-1.38138e-11
5.18293e-06
8.63816e-12
5.18292e-06
-1.37547e-11
5.18293e-06
9.46787e-12
5.18293e-06
-1.43188e-11
5.18293e-06
8.30609e-12
5.18293e-06
-1.37734e-11
5.18293e-06
7.25342e-12
5.18293e-06
-1.20914e-11
5.18293e-06
9.93104e-12
5.18293e-06
-1.28637e-11
5.18293e-06
1.0699e-11
5.18293e-06
-1.36483e-11
5.18293e-06
9.59062e-12
5.18293e-06
-1.33823e-11
5.18294e-06
7.48863e-12
5.18293e-06
-2.41788e-11
5.18294e-06
-1.32022e-11
5.18294e-06
-2.20052e-11
-1.87289e-09
5.4134e-06
-3.30243e-09
5.41353e-06
-7.60021e-10
5.41377e-06
9.43465e-10
5.41387e-06
2.55624e-10
5.41383e-06
-2.43946e-10
5.4136e-06
-1.01779e-09
5.41336e-06
-8.89408e-10
5.41341e-06
1.18645e-09
5.41361e-06
2.72706e-09
5.41363e-06
1.83009e-09
5.41361e-06
8.47516e-10
5.41358e-06
4.00475e-10
5.41358e-06
2.43736e-10
5.41359e-06
-6.43221e-10
5.41364e-06
-1.17933e-09
5.41363e-06
-1.07986e-09
5.41358e-06
-1.30126e-09
5.41358e-06
-1.1549e-09
5.41352e-06
-1.28068e-09
5.41338e-06
-1.50814e-09
5.41331e-06
-9.6297e-10
5.41324e-06
-4.33135e-10
5.41321e-06
9.56487e-11
5.41314e-06
1.92609e-10
5.41312e-06
2.97241e-10
5.41307e-06
1.89135e-10
5.41307e-06
3.07073e-10
5.41303e-06
7.42704e-11
5.41305e-06
2.01366e-10
5.41301e-06
-9.12624e-11
5.41304e-06
5.28217e-11
5.41303e-06
-3.2468e-10
5.4131e-06
-4.79168e-10
5.41314e-06
-8.05518e-10
5.4132e-06
-5.21038e-10
5.41321e-06
-3.13575e-10
5.41322e-06
-7.32879e-11
5.41321e-06
1.98549e-10
5.41338e-06
2.04563e-09
5.41362e-06
3.34686e-09
5.41365e-06
2.23017e-09
5.41363e-06
1.28367e-09
5.41359e-06
6.01955e-10
5.41356e-06
4.2698e-10
5.41352e-06
2.41183e-10
5.41351e-06
2.09622e-10
5.41349e-06
7.01795e-11
5.41349e-06
8.06721e-11
5.41348e-06
-1.61995e-11
5.41349e-06
1.96033e-11
5.41348e-06
-3.66897e-11
5.41349e-06
1.08957e-11
5.41348e-06
-4.07398e-11
5.41349e-06
1.40333e-11
5.41349e-06
-3.82701e-11
5.4135e-06
2.24571e-11
5.41349e-06
-3.35432e-11
5.4135e-06
2.58195e-11
5.4135e-06
-2.26031e-11
5.4135e-06
1.45351e-11
5.4135e-06
-1.75289e-11
5.41351e-06
5.11193e-12
5.4135e-06
-2.68442e-11
5.41351e-06
7.1342e-12
5.4135e-06
-3.29354e-11
5.41351e-06
1.45858e-11
5.4135e-06
-3.35859e-11
5.41351e-06
2.46903e-11
5.41351e-06
-2.98521e-11
5.41352e-06
2.85395e-11
5.41351e-06
-1.96987e-11
5.41352e-06
1.79868e-11
5.41352e-06
-1.44038e-11
5.41352e-06
1.23291e-11
5.41352e-06
-1.84967e-11
5.41352e-06
8.73094e-12
5.41352e-06
-1.75056e-11
5.41352e-06
7.77827e-12
5.41352e-06
-1.62851e-11
5.41352e-06
7.32202e-12
5.41352e-06
-1.51422e-11
5.41353e-06
8.55446e-12
5.41352e-06
-1.50879e-11
5.41353e-06
9.42988e-12
5.41352e-06
-1.55107e-11
5.41353e-06
8.24409e-12
5.41353e-06
-1.48718e-11
5.41353e-06
7.24475e-12
5.41353e-06
-1.32522e-11
5.41353e-06
1.01403e-11
5.41353e-06
-1.41476e-11
5.41353e-06
1.1095e-11
5.41353e-06
-1.503e-11
5.41353e-06
1.01758e-11
5.41353e-06
-1.47887e-11
5.41353e-06
8.05482e-12
5.41353e-06
-2.59007e-11
5.41354e-06
-1.36697e-11
5.41356e-06
-6.007e-11
-1.81471e-09
5.59679e-06
-3.21882e-09
5.59689e-06
-8.80102e-10
5.59704e-06
7.85743e-10
5.59708e-06
2.26466e-10
5.59705e-06
-2.19841e-10
5.59694e-06
-9.05636e-10
5.59682e-06
-7.56952e-10
5.59683e-06
1.16377e-09
5.59694e-06
2.61855e-09
5.59696e-06
1.80906e-09
5.59694e-06
8.65195e-10
5.59692e-06
4.24344e-10
5.59692e-06
2.38903e-10
5.59691e-06
-6.25781e-10
5.59689e-06
-1.16513e-09
5.59689e-06
-1.07829e-09
5.59688e-06
-1.27497e-09
5.59687e-06
-1.1593e-09
5.59688e-06
-1.27593e-09
5.59685e-06
-1.49136e-09
5.59684e-06
-9.34145e-10
5.59679e-06
-3.96543e-10
5.59676e-06
1.39695e-10
5.5967e-06
2.34437e-10
5.59668e-06
3.36765e-10
5.59663e-06
2.20107e-10
5.59663e-06
3.40608e-10
5.59659e-06
9.10084e-11
5.5966e-06
2.18463e-10
5.59657e-06
-9.22167e-11
5.59659e-06
5.67107e-11
5.59658e-06
-3.451e-10
5.59664e-06
-5.18891e-10
5.59668e-06
-8.67971e-10
5.59673e-06
-5.64437e-10
5.59674e-06
-3.38517e-10
5.59675e-06
-8.03661e-11
5.59673e-06
2.17581e-10
5.5968e-06
1.96595e-09
5.59694e-06
3.21529e-09
5.59695e-06
2.2017e-09
5.59694e-06
1.31134e-09
5.5969e-06
6.29706e-10
5.59688e-06
4.57557e-10
5.59685e-06
2.6612e-10
5.59683e-06
2.30145e-10
5.59681e-06
8.07774e-11
5.59682e-06
8.91926e-11
5.59681e-06
-1.44759e-11
5.59681e-06
2.15645e-11
5.59681e-06
-3.82495e-11
5.59681e-06
1.09501e-11
5.59681e-06
-4.31757e-11
5.59682e-06
1.38591e-11
5.59681e-06
-4.09464e-11
5.59682e-06
2.25339e-11
5.59681e-06
-3.55642e-11
5.59682e-06
2.67524e-11
5.59682e-06
-2.41865e-11
5.59683e-06
1.45655e-11
5.59682e-06
-1.94038e-11
5.59683e-06
4.2643e-12
5.59682e-06
-2.95743e-11
5.59683e-06
6.20099e-12
5.59682e-06
-3.57224e-11
5.59683e-06
1.41132e-11
5.59683e-06
-3.61978e-11
5.59683e-06
2.49274e-11
5.59683e-06
-3.1618e-11
5.59684e-06
2.98044e-11
5.59683e-06
-2.07987e-11
5.59684e-06
1.83881e-11
5.59684e-06
-1.55218e-11
5.59684e-06
1.19865e-11
5.59684e-06
-1.98879e-11
5.59684e-06
8.39377e-12
5.59684e-06
-1.89898e-11
5.59684e-06
7.53856e-12
5.59684e-06
-1.79052e-11
5.59684e-06
7.316e-12
5.59684e-06
-1.67892e-11
5.59685e-06
8.67701e-12
5.59684e-06
-1.67025e-11
5.59685e-06
9.5983e-12
5.59685e-06
-1.71255e-11
5.59685e-06
8.54038e-12
5.59685e-06
-1.63966e-11
5.59685e-06
7.54843e-12
5.59685e-06
-1.46194e-11
5.59685e-06
1.04028e-11
5.59685e-06
-1.54198e-11
5.59685e-06
1.13537e-11
5.59685e-06
-1.61608e-11
5.59685e-06
1.04274e-11
5.59685e-06
-1.58283e-11
5.59685e-06
8.25825e-12
5.59685e-06
-2.71321e-11
5.59686e-06
-1.56344e-11
5.59689e-06
-9.90328e-11
-1.78482e-09
5.74789e-06
-3.14504e-09
5.74797e-06
-9.80166e-10
5.74809e-06
6.61294e-10
5.7481e-06
2.15697e-10
5.74808e-06
-1.97297e-10
5.74801e-06
-8.30097e-10
5.74793e-06
-6.69875e-10
5.74794e-06
1.14539e-09
5.74803e-06
2.53015e-09
5.74805e-06
1.78483e-09
5.74803e-06
8.76225e-10
5.74802e-06
4.41811e-10
5.74802e-06
2.34078e-10
5.748e-06
-5.96831e-10
5.74796e-06
-1.12938e-09
5.74795e-06
-1.0687e-09
5.74793e-06
-1.25057e-09
5.74793e-06
-1.15709e-09
5.74795e-06
-1.29333e-09
5.74797e-06
-1.51071e-09
5.74797e-06
-9.26455e-10
5.74793e-06
-3.69188e-10
5.74791e-06
1.75268e-10
5.74786e-06
2.71998e-10
5.74784e-06
3.71341e-10
5.74779e-06
2.50421e-10
5.74779e-06
3.70821e-10
5.74775e-06
1.09966e-10
5.74776e-06
2.33831e-10
5.74773e-06
-8.88114e-11
5.74775e-06
5.98667e-11
5.74774e-06
-3.59831e-10
5.74779e-06
-5.54726e-10
5.74783e-06
-9.21763e-10
5.74787e-06
-6.03187e-10
5.74788e-06
-3.59743e-10
5.74788e-06
-8.60351e-11
5.74786e-06
2.37579e-10
5.74791e-06
1.91441e-09
5.74801e-06
3.11416e-09
5.74803e-06
2.17488e-09
5.74802e-06
1.33082e-09
5.74799e-06
6.51708e-10
5.74798e-06
4.81774e-10
5.74795e-06
2.88117e-10
5.74793e-06
2.48057e-10
5.74792e-06
9.14668e-11
5.74792e-06
9.69887e-11
5.74791e-06
-1.16713e-11
5.74791e-06
2.35159e-11
5.74791e-06
-3.86356e-11
5.74791e-06
1.10041e-11
5.74791e-06
-4.45404e-11
5.74791e-06
1.35031e-11
5.74791e-06
-4.26806e-11
5.74792e-06
2.21594e-11
5.74791e-06
-3.68984e-11
5.74792e-06
2.69817e-11
5.74792e-06
-2.52489e-11
5.74792e-06
1.4077e-11
5.74792e-06
-2.06157e-11
5.74792e-06
2.94358e-12
5.74792e-06
-3.13693e-11
5.74793e-06
4.84142e-12
5.74792e-06
-3.77723e-11
5.74793e-06
1.32215e-11
5.74792e-06
-3.80989e-11
5.74793e-06
2.4512e-11
5.74792e-06
-3.28564e-11
5.74793e-06
3.0212e-11
5.74793e-06
-2.16845e-11
5.74794e-06
1.83992e-11
5.74793e-06
-1.66804e-11
5.74794e-06
1.15694e-11
5.74793e-06
-2.11993e-11
5.74794e-06
7.98816e-12
5.74794e-06
-2.01416e-11
5.74794e-06
6.98947e-12
5.74794e-06
-1.87141e-11
5.74794e-06
6.56629e-12
5.74794e-06
-1.73508e-11
5.74794e-06
7.87867e-12
5.74794e-06
-1.72595e-11
5.74794e-06
8.82607e-12
5.74794e-06
-1.75384e-11
5.74794e-06
7.78765e-12
5.74794e-06
-1.67452e-11
5.74795e-06
6.88281e-12
5.74794e-06
-1.50521e-11
5.74795e-06
9.84835e-12
5.74794e-06
-1.5932e-11
5.74795e-06
1.09375e-11
5.74795e-06
-1.67329e-11
5.74795e-06
1.02112e-11
5.74795e-06
-1.64238e-11
5.74795e-06
8.05224e-12
5.74795e-06
-2.78853e-11
5.74795e-06
-1.83669e-11
5.74798e-06
-1.35629e-10
-1.7515e-09
5.8755e-06
-3.06699e-09
5.87558e-06
-1.06726e-09
5.87568e-06
5.53876e-10
5.87569e-06
2.08894e-10
5.87567e-06
-1.75538e-10
5.8756e-06
-7.66929e-10
5.87554e-06
-5.99971e-10
5.87555e-06
1.12694e-09
5.87564e-06
2.44851e-09
5.87566e-06
1.75681e-09
5.87565e-06
8.81302e-10
5.87564e-06
4.5348e-10
5.87564e-06
2.28688e-10
5.87562e-06
-5.65891e-10
5.87558e-06
-1.08827e-09
5.87556e-06
-1.05381e-09
5.87554e-06
-1.22378e-09
5.87553e-06
-1.1512e-09
5.87556e-06
-1.31583e-09
5.87559e-06
-1.53907e-09
5.8756e-06
-9.26453e-10
5.87557e-06
-3.46478e-10
5.87555e-06
2.04866e-10
5.8755e-06
3.06113e-10
5.87548e-06
4.01704e-10
5.87544e-06
2.79674e-10
5.87543e-06
3.98409e-10
5.8754e-06
1.30123e-10
5.87541e-06
2.47171e-10
5.87538e-06
-8.27642e-11
5.87539e-06
6.24535e-11
5.87538e-06
-3.70488e-10
5.87543e-06
-5.88137e-10
5.87546e-06
-9.69426e-10
5.8755e-06
-6.38968e-10
5.87551e-06
-3.78541e-10
5.87551e-06
-9.09129e-11
5.8755e-06
2.5618e-10
5.87553e-06
1.87299e-09
5.87562e-06
3.02555e-09
5.87564e-06
2.14866e-09
5.87563e-06
1.34492e-09
5.87561e-06
6.69537e-10
5.8756e-06
5.01109e-10
5.87557e-06
3.07538e-10
5.87556e-06
2.6347e-10
5.87555e-06
1.02055e-10
5.87555e-06
1.03947e-10
5.87554e-06
-8.23316e-12
5.87554e-06
2.52287e-11
5.87553e-06
-3.81105e-11
5.87554e-06
1.08616e-11
5.87553e-06
-4.49464e-11
5.87554e-06
1.28359e-11
5.87554e-06
-4.35005e-11
5.87554e-06
2.13971e-11
5.87554e-06
-3.73614e-11
5.87554e-06
2.68114e-11
5.87554e-06
-2.59096e-11
5.87555e-06
1.34264e-11
5.87555e-06
-2.17493e-11
5.87555e-06
1.77406e-12
5.87555e-06
-3.3066e-11
5.87555e-06
3.38325e-12
5.87555e-06
-3.92789e-11
5.87555e-06
1.18793e-11
5.87555e-06
-3.93681e-11
5.87555e-06
2.35626e-11
5.87555e-06
-3.34118e-11
5.87556e-06
3.01144e-11
5.87555e-06
-2.21083e-11
5.87556e-06
1.78921e-11
5.87556e-06
-1.72333e-11
5.87556e-06
1.06397e-11
5.87556e-06
-2.19043e-11
5.87556e-06
7.13915e-12
5.87556e-06
-2.09602e-11
5.87556e-06
6.28939e-12
5.87556e-06
-1.96935e-11
5.87556e-06
6.11601e-12
5.87556e-06
-1.84173e-11
5.87557e-06
7.50641e-12
5.87557e-06
-1.82789e-11
5.87557e-06
8.48969e-12
5.87557e-06
-1.85557e-11
5.87557e-06
7.59736e-12
5.87557e-06
-1.77069e-11
5.87557e-06
6.7197e-12
5.87557e-06
-1.58805e-11
5.87557e-06
9.57633e-12
5.87557e-06
-1.66408e-11
5.87557e-06
1.06355e-11
5.87557e-06
-1.72867e-11
5.87557e-06
9.91442e-12
5.87557e-06
-1.6881e-11
5.87557e-06
7.73037e-12
5.87557e-06
-2.84576e-11
5.87558e-06
-2.15935e-11
5.8756e-06
-1.66272e-10
-1.71618e-09
5.98514e-06
-2.99803e-09
5.98521e-06
-1.14175e-09
5.9853e-06
4.58559e-10
5.9853e-06
2.03215e-10
5.98528e-06
-1.55135e-10
5.98523e-06
-7.10337e-10
5.98518e-06
-5.40123e-10
5.98519e-06
1.11012e-09
5.98526e-06
2.37252e-09
5.98529e-06
1.72793e-09
5.98529e-06
8.82734e-10
5.98528e-06
4.60579e-10
5.98528e-06
2.22665e-10
5.98526e-06
-5.37778e-10
5.98522e-06
-1.04881e-09
5.9852e-06
-1.03679e-09
5.98518e-06
-1.19742e-09
5.98517e-06
-1.14329e-09
5.9852e-06
-1.33935e-09
5.98523e-06
-1.56752e-09
5.98524e-06
-9.29219e-10
5.98521e-06
-3.2633e-10
5.98519e-06
2.29311e-10
5.98515e-06
3.37175e-10
5.98514e-06
4.27229e-10
5.9851e-06
3.07623e-10
5.98509e-06
4.2221e-10
5.98506e-06
1.51513e-10
5.98506e-06
2.58295e-10
5.98504e-06
-7.33817e-11
5.98505e-06
6.37559e-11
5.98504e-06
-3.76899e-10
5.98508e-06
-6.19742e-10
5.98511e-06
-1.01136e-09
5.98515e-06
-6.71847e-10
5.98516e-06
-3.94554e-10
5.98516e-06
-9.47615e-11
5.98514e-06
2.73211e-10
5.98517e-06
1.83747e-09
5.98525e-06
2.94657e-09
5.98527e-06
2.1252e-09
5.98527e-06
1.35525e-09
5.98525e-06
6.84995e-10
5.98524e-06
5.16475e-10
5.98521e-06
3.24965e-10
5.9852e-06
2.7645e-10
5.98519e-06
1.12252e-10
5.98519e-06
1.0969e-10
5.98518e-06
-4.32474e-12
5.98519e-06
2.65302e-11
5.98518e-06
-3.6823e-11
5.98518e-06
1.05038e-11
5.98518e-06
-4.45347e-11
5.98518e-06
1.19075e-11
5.98518e-06
-4.35277e-11
5.98518e-06
2.02033e-11
5.98518e-06
-3.72233e-11
5.98519e-06
2.60056e-11
5.98518e-06
-2.60796e-11
5.98519e-06
1.23195e-11
5.98519e-06
-2.22558e-11
5.98519e-06
1.79571e-13
5.98519e-06
-3.38508e-11
5.98519e-06
1.57576e-12
5.98519e-06
-4.00906e-11
5.98519e-06
1.01841e-11
5.98519e-06
-3.99666e-11
5.9852e-06
2.20567e-11
5.98519e-06
-3.347e-11
5.9852e-06
2.92647e-11
5.9852e-06
-2.22959e-11
5.9852e-06
1.70795e-11
5.9852e-06
-1.78065e-11
5.9852e-06
9.68967e-12
5.9852e-06
-2.25428e-11
5.9852e-06
6.2552e-12
5.9852e-06
-2.14735e-11
5.98521e-06
5.31237e-12
5.9852e-06
-1.99124e-11
5.98521e-06
4.9755e-12
5.9852e-06
-1.84241e-11
5.98521e-06
6.30885e-12
5.98521e-06
-1.8278e-11
5.98521e-06
7.30266e-12
5.98521e-06
-1.84184e-11
5.98521e-06
6.44852e-12
5.98521e-06
-1.75202e-11
5.98521e-06
5.67621e-12
5.98521e-06
-1.57916e-11
5.98521e-06
8.57628e-12
5.98521e-06
-1.66063e-11
5.98521e-06
9.74172e-12
5.98521e-06
-1.72916e-11
5.98521e-06
9.21454e-12
5.98521e-06
-1.69187e-11
5.98521e-06
7.03972e-12
5.98521e-06
-2.85846e-11
5.98522e-06
-2.50979e-11
5.98524e-06
-1.93468e-10
-1.67989e-09
6.08044e-06
-2.92894e-09
6.0805e-06
-1.20872e-09
6.08058e-06
3.73341e-10
6.08059e-06
1.98297e-10
6.08057e-06
-1.3514e-10
6.08052e-06
-6.57465e-10
6.08047e-06
-4.85482e-10
6.08048e-06
1.09376e-09
6.08055e-06
2.30181e-09
6.08058e-06
1.69851e-09
6.08058e-06
8.81086e-10
6.08057e-06
4.64142e-10
6.08058e-06
2.15452e-10
6.08056e-06
-5.12709e-10
6.08052e-06
-1.01188e-09
6.0805e-06
-1.01912e-09
6.08048e-06
-1.17113e-09
6.08047e-06
-1.13515e-09
6.0805e-06
-1.36152e-09
6.08052e-06
-1.59519e-09
6.08053e-06
-9.33192e-10
6.08051e-06
-3.08304e-10
6.08049e-06
2.5082e-10
6.08046e-06
3.65306e-10
6.08045e-06
4.49933e-10
6.08041e-06
3.33401e-10
6.0804e-06
4.44315e-10
6.08037e-06
1.72187e-10
6.08038e-06
2.68472e-10
6.08035e-06
-6.38715e-11
6.08036e-06
6.53169e-11
6.08035e-06
-3.81777e-10
6.08039e-06
-6.49485e-10
6.08042e-06
-1.05041e-09
6.08045e-06
-7.02819e-10
6.08046e-06
-4.09278e-10
6.08046e-06
-9.82132e-11
6.08045e-06
2.8826e-10
6.08048e-06
1.80584e-09
6.08055e-06
2.87547e-09
6.08056e-06
2.10391e-09
6.08056e-06
1.36445e-09
6.08054e-06
6.98669e-10
6.08053e-06
5.29619e-10
6.08051e-06
3.40505e-10
6.08051e-06
2.87784e-10
6.08049e-06
1.21716e-10
6.08049e-06
1.14818e-10
6.08049e-06
-5.74825e-13
6.08049e-06
2.7669e-11
6.08048e-06
-3.536e-11
6.08049e-06
1.01356e-11
6.08048e-06
-4.38161e-11
6.08049e-06
1.09929e-11
6.08048e-06
-4.32208e-11
6.08049e-06
1.90376e-11
6.08048e-06
-3.67117e-11
6.08049e-06
2.52854e-11
6.08049e-06
-2.61269e-11
6.08049e-06
1.13664e-11
6.08049e-06
-2.28636e-11
6.08049e-06
-1.07385e-12
6.08049e-06
-3.48439e-11
6.08049e-06
-7.54201e-14
6.08049e-06
-4.07647e-11
6.0805e-06
8.44468e-12
6.08049e-06
-4.03773e-11
6.0805e-06
2.05014e-11
6.08049e-06
-3.32675e-11
6.0805e-06
2.84409e-11
6.0805e-06
-2.22834e-11
6.0805e-06
1.61122e-11
6.0805e-06
-1.79765e-11
6.0805e-06
8.50384e-12
6.0805e-06
-2.27877e-11
6.0805e-06
5.19098e-12
6.0805e-06
-2.18364e-11
6.0805e-06
4.41839e-12
6.0805e-06
-2.04477e-11
6.08051e-06
4.32508e-12
6.0805e-06
-1.90784e-11
6.08051e-06
5.70416e-12
6.08051e-06
-1.88777e-11
6.08051e-06
6.72452e-12
6.08051e-06
-1.90173e-11
6.08051e-06
6.01808e-12
6.08051e-06
-1.80872e-11
6.08051e-06
5.28238e-12
6.08051e-06
-1.62511e-11
6.08051e-06
8.03478e-12
6.08051e-06
-1.69359e-11
6.08051e-06
9.15812e-12
6.08051e-06
-1.74671e-11
6.08051e-06
8.64116e-12
6.08051e-06
-1.70037e-11
6.08051e-06
6.44708e-12
6.08051e-06
-2.8758e-11
6.08052e-06
-2.8661e-11
6.08054e-06
-2.1618e-10
-1.6453e-09
6.16393e-06
-2.86971e-09
6.16398e-06
-1.26676e-09
6.16406e-06
2.96832e-10
6.16406e-06
1.94354e-10
6.16404e-06
-1.15725e-10
6.16399e-06
-6.08006e-10
6.16395e-06
-4.36447e-10
6.16396e-06
1.07967e-09
6.16403e-06
2.23641e-09
6.16405e-06
1.67021e-09
6.16405e-06
8.77954e-10
6.16405e-06
4.64988e-10
6.16406e-06
2.07683e-10
6.16404e-06
-4.91613e-10
6.16401e-06
-9.78653e-10
6.16399e-06
-1.00166e-09
6.16397e-06
-1.14693e-09
6.16396e-06
-1.12643e-09
6.16399e-06
-1.38346e-09
6.16401e-06
-1.62095e-09
6.16402e-06
-9.38135e-10
6.164e-06
-2.91351e-10
6.16398e-06
2.68936e-10
6.16395e-06
3.91389e-10
6.16394e-06
4.68655e-10
6.16391e-06
3.57743e-10
6.1639e-06
4.62793e-10
6.16388e-06
1.93294e-10
6.16388e-06
2.76374e-10
6.16385e-06
-5.20492e-11
6.16386e-06
6.54049e-11
6.16385e-06
-3.83599e-10
6.16389e-06
-6.78418e-10
6.16392e-06
-1.08562e-09
6.16395e-06
-7.3187e-10
6.16395e-06
-4.219e-10
6.16396e-06
-1.00902e-10
6.16394e-06
3.018e-10
6.16397e-06
1.77782e-09
6.16403e-06
2.81166e-09
6.16405e-06
2.08606e-09
6.16404e-06
1.37209e-09
6.16403e-06
7.11865e-10
6.16402e-06
5.4063e-10
6.164e-06
3.5504e-10
6.16399e-06
2.97343e-10
6.16398e-06
1.30751e-10
6.16398e-06
1.18731e-10
6.16398e-06
3.31661e-12
6.16398e-06
2.82631e-11
6.16397e-06
-3.34678e-11
6.16398e-06
9.46046e-12
6.16397e-06
-4.25605e-11
6.16398e-06
9.79684e-12
6.16397e-06
-4.23453e-11
6.16398e-06
1.74856e-11
6.16397e-06
-3.57727e-11
6.16398e-06
2.40146e-11
6.16398e-06
-2.57809e-11
6.16398e-06
1.00275e-11
6.16398e-06
-2.29295e-11
6.16398e-06
-2.6905e-12
6.16398e-06
-3.5008e-11
6.16398e-06
-1.98026e-12
6.16398e-06
-4.08419e-11
6.16398e-06
6.46297e-12
6.16398e-06
-4.02184e-11
6.16398e-06
1.85292e-11
6.16398e-06
-3.26613e-11
6.16399e-06
2.70123e-11
6.16399e-06
-2.20619e-11
6.16399e-06
1.49457e-11
6.16399e-06
-1.8182e-11
6.16399e-06
7.36412e-12
6.16399e-06
-2.29987e-11
6.16399e-06
4.15064e-12
6.16399e-06
-2.19412e-11
6.16399e-06
3.31314e-12
6.16399e-06
-2.02941e-11
6.16399e-06
3.07547e-12
6.16399e-06
-1.87364e-11
6.16399e-06
4.39136e-12
6.16399e-06
-1.85277e-11
6.16399e-06
5.40979e-12
6.16399e-06
-1.85398e-11
6.164e-06
4.74826e-12
6.16399e-06
-1.75728e-11
6.164e-06
4.12415e-12
6.164e-06
-1.585e-11
6.164e-06
6.87491e-12
6.164e-06
-1.65747e-11
6.164e-06
8.08325e-12
6.164e-06
-1.71372e-11
6.164e-06
7.74987e-12
6.164e-06
-1.67193e-11
6.164e-06
5.55796e-12
6.164e-06
-2.85405e-11
6.164e-06
-3.23171e-11
6.16402e-06
-2.36535e-10
-1.61178e-09
6.23743e-06
-2.81061e-09
6.23748e-06
-1.32063e-09
6.23754e-06
2.27681e-10
6.23755e-06
1.91619e-10
6.23753e-06
-9.60186e-11
6.23748e-06
-5.60507e-10
6.23744e-06
-3.90019e-10
6.23745e-06
1.06609e-09
6.23751e-06
2.17572e-09
6.23754e-06
1.64223e-09
6.23754e-06
8.7313e-10
6.23754e-06
4.63837e-10
6.23755e-06
1.98987e-10
6.23753e-06
-4.73104e-10
6.2375e-06
-9.48018e-10
6.23749e-06
-9.84658e-10
6.23747e-06
-1.12327e-09
6.23746e-06
-1.11814e-09
6.23748e-06
-1.40386e-09
6.23751e-06
-1.64626e-09
6.23751e-06
-9.43466e-10
6.2375e-06
-2.75865e-10
6.23748e-06
2.85724e-10
6.23745e-06
4.15183e-10
6.23744e-06
4.8576e-10
6.23742e-06
3.79708e-10
6.23741e-06
4.8029e-10
6.23738e-06
2.12762e-10
6.23739e-06
2.8388e-10
6.23736e-06
-4.15345e-11
6.23737e-06
6.60915e-11
6.23736e-06
-3.85345e-10
6.2374e-06
-7.05937e-10
6.23742e-06
-1.11985e-09
6.23745e-06
-7.5973e-10
6.23746e-06
-4.33962e-10
6.23746e-06
-1.03463e-10
6.23745e-06
3.13579e-10
6.23747e-06
1.75217e-09
6.23753e-06
2.75366e-09
6.23754e-06
2.0698e-09
6.23754e-06
1.38005e-09
6.23752e-06
7.24295e-10
6.23752e-06
5.50951e-10
6.2375e-06
3.68391e-10
6.23749e-06
3.06063e-10
6.23748e-06
1.38992e-10
6.23748e-06
1.22326e-10
6.23748e-06
6.71338e-12
6.23748e-06
2.87627e-11
6.23747e-06
-3.18023e-11
6.23748e-06
8.842e-12
6.23747e-06
-4.13877e-11
6.23748e-06
8.742e-12
6.23747e-06
-4.14908e-11
6.23748e-06
1.614e-11
6.23747e-06
-3.47604e-11
6.23748e-06
2.30621e-11
6.23748e-06
-2.54845e-11
6.23748e-06
8.98898e-12
6.23748e-06
-2.31993e-11
6.23748e-06
-3.88531e-12
6.23748e-06
-3.555e-11
6.23748e-06
-3.60852e-12
6.23748e-06
-4.10014e-11
6.23748e-06
4.65143e-12
6.23748e-06
-4.01068e-11
6.23748e-06
1.67668e-11
6.23748e-06
-3.20126e-11
6.23749e-06
2.59029e-11
6.23748e-06
-2.17774e-11
6.23749e-06
1.38286e-11
6.23749e-06
-1.80908e-11
6.23749e-06
6.14788e-12
6.23749e-06
-2.29272e-11
6.23749e-06
3.08184e-12
6.23749e-06
-2.19848e-11
6.23749e-06
2.42078e-12
6.23749e-06
-2.05151e-11
6.23749e-06
2.41197e-12
6.23749e-06
-1.90964e-11
6.23749e-06
3.7476e-12
6.23749e-06
-1.88304e-11
6.23749e-06
4.78377e-12
6.23749e-06
-1.88441e-11
6.23749e-06
4.26491e-12
6.23749e-06
-1.78647e-11
6.23749e-06
3.67908e-12
6.23749e-06
-1.60606e-11
6.23749e-06
6.25764e-12
6.23749e-06
-1.66534e-11
6.2375e-06
7.41609e-12
6.23749e-06
-1.70699e-11
6.2375e-06
7.09346e-12
6.23749e-06
-1.6573e-11
6.2375e-06
4.88156e-12
6.2375e-06
-2.84875e-11
6.2375e-06
-3.58553e-11
6.23751e-06
-2.53671e-10
-1.58027e-09
6.30229e-06
-2.7604e-09
6.30234e-06
-1.36796e-09
6.3024e-06
1.65033e-10
6.3024e-06
1.89908e-10
6.30238e-06
-7.64532e-11
6.30234e-06
-5.15235e-10
6.3023e-06
-3.47574e-10
6.30231e-06
1.05485e-09
6.30236e-06
2.11955e-09
6.30239e-06
1.61582e-09
6.30239e-06
8.67854e-10
6.3024e-06
4.61137e-10
6.3024e-06
1.9021e-10
6.30239e-06
-4.57803e-10
6.30236e-06
-9.20655e-10
6.30235e-06
-9.68388e-10
6.30233e-06
-1.10184e-09
6.30232e-06
-1.10945e-09
6.30234e-06
-1.42438e-09
6.30236e-06
-1.67021e-09
6.30237e-06
-9.49526e-10
6.30236e-06
-2.60786e-10
6.30234e-06
3.00102e-10
6.30232e-06
4.37773e-10
6.30231e-06
4.99667e-10
6.30228e-06
4.00518e-10
6.30228e-06
4.94436e-10
6.30225e-06
2.32391e-10
6.30226e-06
2.89062e-10
6.30224e-06
-2.92282e-11
6.30224e-06
6.51095e-11
6.30223e-06
-3.84695e-10
6.30227e-06
-7.33348e-10
6.30229e-06
-1.15138e-09
6.30232e-06
-7.8633e-10
6.30233e-06
-4.4437e-10
6.30233e-06
-1.0546e-10
6.30232e-06
3.24065e-10
6.30234e-06
1.72906e-09
6.30239e-06
2.70102e-09
6.3024e-06
2.05634e-09
6.3024e-06
1.38697e-09
6.30238e-06
7.36945e-10
6.30238e-06
5.6007e-10
6.30236e-06
3.81455e-10
6.30235e-06
3.1359e-10
6.30234e-06
1.47022e-10
6.30234e-06
1.24838e-10
6.30234e-06
1.0177e-11
6.30234e-06
2.86721e-11
6.30234e-06
-2.98603e-11
6.30234e-06
7.83871e-12
6.30234e-06
-3.98342e-11
6.30234e-06
7.34333e-12
6.30234e-06
-4.02009e-11
6.30234e-06
1.43803e-11
6.30234e-06
-3.34266e-11
6.30234e-06
2.15581e-11
6.30234e-06
-2.48662e-11
6.30234e-06
7.57431e-12
6.30234e-06
-2.29903e-11
6.30234e-06
-5.41987e-12
6.30234e-06
-3.53008e-11
6.30234e-06
-5.44107e-12
6.30234e-06
-4.06032e-11
6.30235e-06
2.64246e-12
6.30234e-06
-3.94598e-11
6.30235e-06
1.46478e-11
6.30234e-06
-3.09905e-11
6.30235e-06
2.42527e-11
6.30235e-06
-2.12815e-11
6.30235e-06
1.25603e-11
6.30235e-06
-1.80285e-11
6.30235e-06
5.00424e-12
6.30235e-06
-2.28278e-11
6.30235e-06
2.05908e-12
6.30235e-06
-2.17919e-11
6.30235e-06
1.34869e-12
6.30235e-06
-2.00895e-11
6.30235e-06
1.20678e-12
6.30235e-06
-1.84907e-11
6.30235e-06
2.47756e-12
6.30235e-06
-1.82227e-11
6.30235e-06
3.49909e-12
6.30235e-06
-1.81168e-11
6.30235e-06
3.0268e-12
6.30235e-06
-1.7108e-11
6.30235e-06
2.55357e-12
6.30235e-06
-1.54355e-11
6.30236e-06
5.09639e-12
6.30235e-06
-1.60637e-11
6.30236e-06
6.3211e-12
6.30235e-06
-1.65106e-11
6.30236e-06
6.16933e-12
6.30236e-06
-1.60794e-11
6.30236e-06
3.94733e-12
6.30236e-06
-2.80598e-11
6.30236e-06
-3.94095e-11
6.30237e-06
-2.69068e-10
-1.54984e-09
6.35955e-06
-2.70984e-09
6.35959e-06
-1.41337e-09
6.35965e-06
1.07772e-10
6.35965e-06
1.89468e-10
6.35963e-06
-5.63609e-11
6.35959e-06
-4.71036e-10
6.35955e-06
-3.06371e-10
6.35956e-06
1.04397e-09
6.35961e-06
2.06736e-09
6.35963e-06
1.58989e-09
6.35964e-06
8.61572e-10
6.35964e-06
4.57399e-10
6.35965e-06
1.80893e-10
6.35964e-06
-4.44161e-10
6.35961e-06
-8.9528e-10
6.3596e-06
-9.5283e-10
6.35958e-06
-1.08078e-09
6.35957e-06
-1.10137e-09
6.35959e-06
-1.44354e-09
6.35962e-06
-1.69438e-09
6.35963e-06
-9.55601e-10
6.35961e-06
-2.46862e-10
6.3596e-06
3.14154e-10
6.35957e-06
4.58563e-10
6.35957e-06
5.12946e-10
6.35954e-06
4.19048e-10
6.35954e-06
5.08313e-10
6.35952e-06
2.49956e-10
6.35952e-06
2.94355e-10
6.3595e-06
-1.91221e-11
6.35951e-06
6.49751e-11
6.3595e-06
-3.84931e-10
6.35953e-06
-7.59614e-10
6.35956e-06
-1.1832e-09
6.35958e-06
-8.12242e-10
6.35959e-06
-4.54746e-10
6.35959e-06
-1.07556e-10
6.35958e-06
3.32964e-10
6.3596e-06
1.70736e-09
6.35965e-06
2.65259e-09
6.35966e-06
2.04353e-09
6.35965e-06
1.3946e-09
6.35964e-06
7.49052e-10
6.35963e-06
5.69269e-10
6.35962e-06
3.93748e-10
6.35961e-06
3.209e-10
6.3596e-06
1.54346e-10
6.3596e-06
1.27357e-10
6.3596e-06
1.30213e-11
6.3596e-06
2.86018e-11
6.3596e-06
-2.83766e-11
6.3596e-06
6.9591e-12
6.35959e-06
-3.8621e-11
6.3596e-06
6.17258e-12
6.35959e-06
-3.9184e-11
6.3596e-06
1.29362e-11
6.35959e-06
-3.22358e-11
6.3596e-06
2.05186e-11
6.3596e-06
-2.44169e-11
6.3596e-06
6.55257e-12
6.3596e-06
-2.3055e-11
6.3596e-06
-6.48655e-12
6.3596e-06
-3.55529e-11
6.3596e-06
-6.92762e-12
6.3596e-06
-4.04381e-11
6.3596e-06
9.47851e-13
6.3596e-06
-3.90217e-11
6.3596e-06
1.29138e-11
6.3596e-06
-3.00731e-11
6.3596e-06
2.31225e-11
6.3596e-06
-2.08107e-11
6.35961e-06
1.14844e-11
6.35961e-06
-1.77375e-11
6.35961e-06
3.89591e-12
6.35961e-06
-2.25145e-11
6.35961e-06
1.11534e-12
6.35961e-06
-2.15893e-11
6.35961e-06
5.80828e-13
6.35961e-06
-2.00672e-11
6.35961e-06
6.51463e-13
6.35961e-06
-1.86223e-11
6.35961e-06
1.91944e-12
6.35961e-06
-1.82981e-11
6.35961e-06
2.95012e-12
6.35961e-06
-1.81972e-11
6.35961e-06
2.61292e-12
6.35961e-06
-1.71929e-11
6.35961e-06
2.17458e-12
6.35961e-06
-1.5464e-11
6.35961e-06
4.52684e-12
6.35961e-06
-1.59641e-11
6.35961e-06
5.69367e-12
6.35961e-06
-1.62767e-11
6.35961e-06
5.54926e-12
6.35961e-06
-1.57806e-11
6.35961e-06
3.30264e-12
6.35961e-06
-2.78748e-11
6.35962e-06
-4.27443e-11
6.35963e-06
-2.82041e-10
-1.52096e-09
6.41001e-06
-2.66722e-09
6.41005e-06
-1.45394e-09
6.4101e-06
5.54122e-11
6.4101e-06
1.8989e-10
6.41008e-06
-3.63252e-11
6.41004e-06
-4.28443e-10
6.41e-06
-2.68194e-10
6.41001e-06
1.03529e-09
6.41006e-06
2.01904e-09
6.41008e-06
1.56565e-09
6.41008e-06
8.55375e-10
6.41009e-06
4.52843e-10
6.4101e-06
1.71882e-10
6.41009e-06
-4.32919e-10
6.41007e-06
-8.72583e-10
6.41005e-06
-9.38084e-10
6.41003e-06
-1.0618e-09
6.41002e-06
-1.09299e-09
6.41005e-06
-1.46305e-09
6.41007e-06
-1.7177e-09
6.41008e-06
-9.62227e-10
6.41006e-06
-2.32979e-10
6.41005e-06
3.26453e-10
6.41003e-06
4.78697e-10
6.41002e-06
5.23741e-10
6.41e-06
4.36721e-10
6.40999e-06
5.19298e-10
6.40998e-06
2.67568e-10
6.40998e-06
2.97528e-10
6.40996e-06
-7.59672e-12
6.40997e-06
6.31612e-11
6.40996e-06
-3.83294e-10
6.40999e-06
-7.86142e-10
6.41002e-06
-1.21316e-09
6.41004e-06
-8.37324e-10
6.41005e-06
-4.63824e-10
6.41005e-06
-1.09268e-10
6.41004e-06
3.4071e-10
6.41006e-06
1.68751e-09
6.4101e-06
2.60817e-09
6.41011e-06
2.03283e-09
6.41011e-06
1.40126e-09
6.41009e-06
7.61494e-10
6.41009e-06
5.77706e-10
6.41007e-06
4.06116e-10
6.41007e-06
3.27463e-10
6.41006e-06
1.61647e-10
6.41006e-06
1.28998e-10
6.41005e-06
1.59365e-11
6.41006e-06
2.79937e-11
6.41005e-06
-2.6706e-11
6.41005e-06
5.69038e-12
6.41005e-06
-3.71476e-11
6.41005e-06
4.64675e-12
6.41005e-06
-3.78527e-11
6.41005e-06
1.10866e-11
6.41005e-06
-3.08303e-11
6.41006e-06
1.89482e-11
6.41005e-06
-2.3713e-11
6.41006e-06
5.17845e-12
6.41006e-06
-2.27011e-11
6.41006e-06
-7.86401e-12
6.41006e-06
-3.50598e-11
6.41006e-06
-8.5672e-12
6.41006e-06
-3.9766e-11
6.41006e-06
-8.89571e-13
6.41006e-06
-3.80992e-11
6.41006e-06
1.08955e-11
6.41006e-06
-2.88313e-11
6.41006e-06
2.15228e-11
6.41006e-06
-2.01381e-11
6.41006e-06
1.03108e-11
6.41006e-06
-1.74805e-11
6.41006e-06
2.89099e-12
6.41006e-06
-2.21876e-11
6.41006e-06
2.45599e-13
6.41006e-06
-2.11772e-11
6.41006e-06
-3.30614e-13
6.41006e-06
-1.94422e-11
6.41006e-06
-3.89166e-13
6.41006e-06
-1.78265e-11
6.41006e-06
8.08017e-13
6.41006e-06
-1.7507e-11
6.41006e-06
1.81297e-12
6.41006e-06
-1.72944e-11
6.41006e-06
1.52015e-12
6.41006e-06
-1.62698e-11
6.41006e-06
1.19026e-12
6.41006e-06
-1.46908e-11
6.41007e-06
3.48006e-12
6.41006e-06
-1.52271e-11
6.41007e-06
4.69651e-12
6.41007e-06
-1.55746e-11
6.41007e-06
4.70951e-12
6.41007e-06
-1.51636e-11
6.41007e-06
2.43985e-12
6.41007e-06
-2.73376e-11
6.41007e-06
-4.6035e-11
6.41008e-06
-2.93667e-10
-1.49285e-09
6.4543e-06
-2.62383e-09
6.45434e-06
-1.494e-09
6.45439e-06
7.09031e-12
6.45439e-06
1.91469e-10
6.45437e-06
-1.57608e-11
6.45432e-06
-3.86464e-10
6.45429e-06
-2.30541e-10
6.4543e-06
1.02683e-09
6.45434e-06
1.97407e-09
6.45436e-06
1.54191e-09
6.45437e-06
8.48557e-10
6.45437e-06
4.47813e-10
6.45438e-06
1.62642e-10
6.45437e-06
-4.22608e-10
6.45435e-06
-8.51296e-10
6.45434e-06
-9.24017e-10
6.45432e-06
-1.04302e-09
6.45431e-06
-1.08526e-09
6.45433e-06
-1.48139e-09
6.45436e-06
-1.74166e-09
6.45437e-06
-9.68672e-10
6.45435e-06
-2.2001e-10
6.45434e-06
3.38996e-10
6.45432e-06
4.97449e-10
6.45431e-06
5.34565e-10
6.45429e-06
4.52391e-10
6.45429e-06
5.30526e-10
6.45427e-06
2.83098e-10
6.45427e-06
3.0112e-10
6.45426e-06
1.35259e-12
6.45426e-06
6.22841e-11
6.45426e-06
-3.83019e-10
6.45429e-06
-8.11788e-10
6.45431e-06
-1.24419e-09
6.45434e-06
-8.62108e-10
6.45434e-06
-4.73209e-10
6.45434e-06
-1.11253e-10
6.45434e-06
3.46969e-10
6.45435e-06
1.6685e-09
6.45439e-06
2.56687e-09
6.4544e-06
2.02215e-09
6.4544e-06
1.40869e-09
6.45439e-06
7.7337e-10
6.45438e-06
5.86512e-10
6.45436e-06
4.17931e-10
6.45436e-06
3.34169e-10
6.45435e-06
1.68382e-10
6.45435e-06
1.30875e-10
6.45435e-06
1.82378e-11
6.45435e-06
2.74901e-11
6.45435e-06
-2.55817e-11
6.45435e-06
4.57486e-12
6.45435e-06
-3.61363e-11
6.45435e-06
3.37529e-12
6.45435e-06
-3.6921e-11
6.45435e-06
9.58268e-12
6.45435e-06
-2.96739e-11
6.45435e-06
1.78995e-11
6.45435e-06
-2.32346e-11
6.45435e-06
4.23209e-12
6.45435e-06
-2.2648e-11
6.45435e-06
-8.76201e-12
6.45435e-06
-3.51256e-11
6.45435e-06
-9.84062e-12
6.45435e-06
-3.93935e-11
6.45435e-06
-2.34916e-12
6.45435e-06
-3.74552e-11
6.45435e-06
9.33805e-12
6.45435e-06
-2.77525e-11
6.45435e-06
2.05384e-11
6.45435e-06
-1.95258e-11
6.45436e-06
9.39967e-12
6.45435e-06
-1.7022e-11
6.45436e-06
1.97849e-12
6.45435e-06
-2.16742e-11
6.45436e-06
-4.90974e-13
6.45436e-06
-2.07708e-11
6.45436e-06
-8.95471e-13
6.45436e-06
-1.92203e-11
6.45436e-06
-7.57812e-13
6.45436e-06
-1.77745e-11
6.45436e-06
4.14896e-13
6.45436e-06
-1.74014e-11
6.45436e-06
1.4208e-12
6.45436e-06
-1.71985e-11
6.45436e-06
1.2543e-12
6.45436e-06
-1.61951e-11
6.45436e-06
9.52414e-13
6.45436e-06
-1.45825e-11
6.45436e-06
3.03568e-12
6.45436e-06
-1.49972e-11
6.45436e-06
4.18544e-12
6.45436e-06
-1.52234e-11
6.45436e-06
4.19947e-12
6.45436e-06
-1.47621e-11
6.45436e-06
1.8975e-12
6.45436e-06
-2.70759e-11
6.45436e-06
-4.90579e-11
6.45437e-06
-3.03358e-10
-1.4659e-09
6.49295e-06
-2.58767e-09
6.49298e-06
-1.53038e-09
6.49303e-06
-3.74724e-11
6.49302e-06
1.93724e-10
6.493e-06
4.69888e-12
6.49296e-06
-3.45771e-10
6.49293e-06
-1.95374e-10
6.49294e-06
1.02038e-09
6.49298e-06
1.93242e-09
6.493e-06
1.51986e-09
6.493e-06
8.42111e-10
6.49301e-06
4.42394e-10
6.49302e-06
1.53951e-10
6.49301e-06
-4.1408e-10
6.49299e-06
-8.32144e-10
6.49298e-06
-9.10675e-10
6.49296e-06
-1.02611e-09
6.49295e-06
-1.07728e-09
6.49297e-06
-1.50028e-09
6.493e-06
-1.76514e-09
6.49301e-06
-9.75561e-10
6.49299e-06
-2.06835e-10
6.49298e-06
3.50199e-10
6.49296e-06
5.15937e-10
6.49296e-06
5.43427e-10
6.49294e-06
4.67508e-10
6.49293e-06
5.39275e-10
6.49292e-06
2.98735e-10
6.49292e-06
3.02806e-10
6.49291e-06
1.15578e-11
6.49291e-06
5.97653e-11
6.49291e-06
-3.81164e-10
6.49293e-06
-8.37951e-10
6.49296e-06
-1.27393e-09
6.49298e-06
-8.86373e-10
6.49299e-06
-4.81536e-10
6.49299e-06
-1.12988e-10
6.49299e-06
3.52163e-10
6.493e-06
1.65091e-09
6.49304e-06
2.52871e-09
6.49305e-06
2.01309e-09
6.49304e-06
1.41513e-09
6.49303e-06
7.85513e-10
6.49302e-06
5.94702e-10
6.49301e-06
4.2998e-10
6.493e-06
3.40387e-10
6.493e-06
1.7524e-10
6.493e-06
1.32038e-10
6.49299e-06
2.06523e-11
6.49299e-06
2.65101e-11
6.49299e-06
-2.42979e-11
6.49299e-06
3.08022e-12
6.49299e-06
-3.49241e-11
6.49299e-06
1.743e-12
6.49299e-06
-3.57403e-11
6.49299e-06
7.67275e-12
6.49299e-06
-2.83615e-11
6.493e-06
1.63293e-11
6.493e-06
-2.25456e-11
6.493e-06
2.94873e-12
6.493e-06
-2.2216e-11
6.493e-06
-9.95119e-12
6.493e-06
-3.44647e-11
6.493e-06
-1.12278e-11
6.493e-06
-3.85408e-11
6.493e-06
-3.91883e-12
6.493e-06
-3.63523e-11
6.493e-06
7.53569e-12
6.493e-06
-2.63739e-11
6.493e-06
1.91251e-11
6.493e-06
-1.87167e-11
6.493e-06
8.42403e-12
6.493e-06
-1.66032e-11
6.493e-06
1.18773e-12
6.493e-06
-2.11615e-11
6.493e-06
-1.13932e-12
6.493e-06
-2.01806e-11
6.493e-06
-1.58614e-12
6.493e-06
-1.84314e-11
6.493e-06
-1.58052e-12
6.493e-06
-1.68165e-11
6.493e-06
-4.82176e-13
6.493e-06
-1.64585e-11
6.493e-06
4.85297e-13
6.493e-06
-1.61505e-11
6.493e-06
3.58568e-13
6.493e-06
-1.51336e-11
6.493e-06
1.61298e-13
6.493e-06
-1.36913e-11
6.493e-06
2.15905e-12
6.493e-06
-1.41482e-11
6.493e-06
3.34321e-12
6.493e-06
-1.44171e-11
6.493e-06
3.50214e-12
6.493e-06
-1.4065e-11
6.493e-06
1.15966e-12
6.493e-06
-2.64723e-11
6.493e-06
-5.19965e-11
6.49301e-06
-3.11941e-10
-1.43942e-09
6.52637e-06
-2.55038e-09
6.5264e-06
-1.5672e-09
6.52644e-06
-7.8919e-11
6.52644e-06
1.97023e-10
6.52642e-06
2.56162e-11
6.52638e-06
-3.05449e-10
6.52634e-06
-1.6035e-10
6.52635e-06
1.01397e-09
6.52639e-06
1.89359e-09
6.52641e-06
1.49827e-09
6.52641e-06
8.35237e-10
6.52642e-06
4.36814e-10
6.52643e-06
1.45213e-10
6.52642e-06
-4.05965e-10
6.5264e-06
-8.13915e-10
6.52639e-06
-8.97861e-10
6.52638e-06
-1.0092e-09
6.52637e-06
-1.0699e-09
6.52639e-06
-1.51815e-09
6.52641e-06
-1.78954e-09
6.52642e-06
-9.82146e-10
6.52641e-06
-1.94384e-10
6.5264e-06
3.61987e-10
6.52638e-06
5.3336e-10
6.52637e-06
5.52761e-10
6.52636e-06
4.80917e-10
6.52635e-06
5.48662e-10
6.52634e-06
3.12413e-10
6.52634e-06
3.05151e-10
6.52633e-06
1.906e-11
6.52633e-06
5.82351e-11
6.52633e-06
-3.80902e-10
6.52635e-06
-8.63429e-10
6.52638e-06
-1.30526e-09
6.5264e-06
-9.10614e-10
6.52641e-06
-4.90399e-10
6.52641e-06
-1.15126e-10
6.52641e-06
3.55938e-10
6.52642e-06
1.63378e-09
6.52646e-06
2.49294e-09
6.52647e-06
2.00365e-09
6.52646e-06
1.4223e-09
6.52645e-06
7.97001e-10
6.52644e-06
6.0333e-10
6.52643e-06
4.41548e-10
6.52642e-06
3.46938e-10
6.52641e-06
1.81632e-10
6.52641e-06
1.33591e-10
6.52641e-06
2.24966e-11
6.52641e-06
2.57038e-11
6.52641e-06
-2.35825e-11
6.52641e-06
1.76322e-12
6.52641e-06
-3.42264e-11
6.52641e-06
3.81022e-13
6.52641e-06
-3.50208e-11
6.52641e-06
6.12786e-12
6.52641e-06
-2.73488e-11
6.52642e-06
1.53146e-11
6.52642e-06
-2.20973e-11
6.52642e-06
2.11412e-12
6.52642e-06
-2.20849e-11
6.52642e-06
-1.0654e-11
6.52642e-06
-3.4391e-11
6.52642e-06
-1.22461e-11
6.52642e-06
-3.80158e-11
6.52642e-06
-5.0794e-12
6.52642e-06
-3.55605e-11
6.52642e-06
6.23455e-12
6.52642e-06
-2.51855e-11
6.52642e-06
1.83772e-11
6.52642e-06
-1.79818e-11
6.52642e-06
7.74424e-12
6.52642e-06
-1.59923e-11
6.52642e-06
5.15438e-13
6.52642e-06
-2.04701e-11
6.52642e-06
-1.62895e-12
6.52642e-06
-1.95962e-11
6.52642e-06
-1.9107e-12
6.52642e-06
-1.80373e-11
6.52642e-06
-1.72414e-12
6.52642e-06
-1.66082e-11
6.52642e-06
-6.70622e-13
6.52642e-06
-1.6201e-11
6.52642e-06
2.8948e-13
6.52642e-06
-1.59079e-11
6.52642e-06
2.79975e-13
6.52642e-06
-1.49282e-11
6.52642e-06
1.02018e-13
6.52642e-06
-1.3474e-11
6.52642e-06
1.87769e-12
6.52642e-06
-1.38164e-11
6.52642e-06
2.98592e-12
6.52642e-06
-1.39775e-11
6.52642e-06
3.13715e-12
6.52642e-06
-1.35905e-11
6.52642e-06
7.52397e-13
6.52642e-06
-2.61616e-11
6.52642e-06
-5.46493e-11
6.52643e-06
-3.18936e-10
-1.41382e-09
6.55491e-06
-2.51975e-09
6.55494e-06
-1.6012e-09
6.55498e-06
-1.17438e-10
6.55497e-06
2.00871e-10
6.55495e-06
4.63541e-11
6.55491e-06
-2.66228e-10
6.55488e-06
-1.27472e-10
6.55489e-06
1.00934e-09
6.55492e-06
1.8576e-09
6.55494e-06
1.47825e-09
6.55495e-06
8.28853e-10
6.55495e-06
4.31078e-10
6.55496e-06
1.37132e-10
6.55495e-06
-3.99187e-10
6.55494e-06
-7.97369e-10
6.55493e-06
-8.85614e-10
6.55491e-06
-9.93938e-10
6.5549e-06
-1.06225e-09
6.55492e-06
-1.53667e-09
6.55495e-06
-1.81378e-09
6.55496e-06
-9.89087e-10
6.55494e-06
-1.81532e-10
6.55493e-06
3.72713e-10
6.55491e-06
5.50778e-10
6.55491e-06
5.60533e-10
6.55489e-06
4.94014e-10
6.55489e-06
5.55951e-10
6.55488e-06
3.2626e-10
6.55488e-06
3.05844e-10
6.55487e-06
2.77618e-11
6.55487e-06
5.51288e-11
6.55487e-06
-3.79255e-10
6.55489e-06
-8.8956e-10
6.55492e-06
-1.33574e-09
6.55495e-06
-9.34533e-10
6.55495e-06
-4.98375e-10
6.55495e-06
-1.17116e-10
6.55495e-06
3.58715e-10
6.55497e-06
1.6178e-09
6.555e-06
2.45972e-09
6.55501e-06
1.99548e-09
6.555e-06
1.42845e-09
6.55499e-06
8.08658e-10
6.55498e-06
6.11375e-10
6.55497e-06
4.53371e-10
6.55496e-06
3.53146e-10
6.55496e-06
1.88214e-10
6.55496e-06
1.34544e-10
6.55495e-06
2.44979e-11
6.55495e-06
2.44899e-11
6.55495e-06
-2.27148e-11
6.55496e-06
9.90975e-14
6.55495e-06
-3.33599e-11
6.55496e-06
-1.3233e-12
6.55495e-06
-3.40923e-11
6.55496e-06
4.20574e-12
6.55495e-06
-2.6218e-11
6.55496e-06
1.37997e-11
6.55496e-06
-2.14533e-11
6.55496e-06
9.69992e-13
6.55496e-06
-2.1598e-11
6.55496e-06
-1.16236e-11
6.55496e-06
-3.36016e-11
6.55496e-06
-1.33401e-11
6.55496e-06
-3.70324e-11
6.55496e-06
-6.31874e-12
6.55496e-06
-3.4336e-11
6.55496e-06
4.72977e-12
6.55496e-06
-2.37258e-11
6.55496e-06
1.72284e-11
6.55496e-06
-1.70521e-11
6.55496e-06
7.02649e-12
6.55496e-06
-1.54318e-11
6.55496e-06
-2.22927e-14
6.55496e-06
-1.97965e-11
6.55496e-06
-2.02127e-12
6.55496e-06
-1.88543e-11
6.55496e-06
-2.35013e-12
6.55496e-06
-1.71108e-11
6.55496e-06
-2.30172e-12
6.55496e-06
-1.55189e-11
6.55496e-06
-1.32988e-12
6.55496e-06
-1.51362e-11
6.55496e-06
-4.19658e-13
6.55496e-06
-1.47446e-11
6.55496e-06
-3.95853e-13
6.55496e-06
-1.37604e-11
6.55496e-06
-4.75572e-13
6.55496e-06
-1.24967e-11
6.55496e-06
1.19472e-12
6.55496e-06
-1.28869e-11
6.55496e-06
2.32395e-12
6.55496e-06
-1.30999e-11
6.55496e-06
2.60721e-12
6.55495e-06
-1.28441e-11
6.55496e-06
1.6553e-13
6.55495e-06
-2.55217e-11
6.55496e-06
-5.71907e-11
6.55496e-06
-3.25012e-10
-1.38841e-09
6.57886e-06
-2.48771e-09
6.57889e-06
-1.63631e-09
6.57893e-06
-1.53504e-10
6.57892e-06
2.05676e-10
6.5789e-06
6.74838e-11
6.57886e-06
-2.27223e-10
6.57883e-06
-9.4537e-11
6.57883e-06
1.00459e-09
6.57887e-06
1.82395e-09
6.57889e-06
1.45858e-09
6.57889e-06
8.22116e-10
6.5789e-06
4.25328e-10
6.57891e-06
1.29093e-10
6.5789e-06
-3.92478e-10
6.57888e-06
-7.81356e-10
6.57887e-06
-8.73712e-10
6.57886e-06
-9.7847e-10
6.57885e-06
-1.05507e-09
6.57887e-06
-1.55431e-09
6.5789e-06
-1.83914e-09
6.57891e-06
-9.95662e-10
6.57889e-06
-1.69228e-10
6.57888e-06
3.84239e-10
6.57886e-06
5.67402e-10
6.57886e-06
5.69051e-10
6.57884e-06
5.05692e-10
6.57884e-06
5.64139e-10
6.57883e-06
3.38366e-10
6.57883e-06
3.07338e-10
6.57882e-06
3.37837e-11
6.57882e-06
5.30414e-11
6.57882e-06
-3.79239e-10
6.57885e-06
-9.15192e-10
6.57888e-06
-1.36813e-09
6.5789e-06
-9.58648e-10
6.57891e-06
-5.07018e-10
6.57891e-06
-1.19589e-10
6.57891e-06
3.60129e-10
6.57892e-06
1.60206e-09
6.57895e-06
2.42837e-09
6.57896e-06
1.9867e-09
6.57895e-06
1.43527e-09
6.57894e-06
8.19591e-10
6.57893e-06
6.19818e-10
6.57892e-06
4.64729e-10
6.57891e-06
3.59744e-10
6.57891e-06
1.94399e-10
6.57891e-06
1.35966e-10
6.57891e-06
2.59755e-11
6.57891e-06
2.34867e-11
6.57891e-06
-2.23962e-11
6.57891e-06
-1.37461e-12
6.57891e-06
-3.30056e-11
6.57891e-06
-2.75025e-12
6.57891e-06
-3.36268e-11
6.57891e-06
2.65359e-12
6.57891e-06
-2.53818e-11
6.57891e-06
1.28629e-11
6.57891e-06
-2.10379e-11
6.57891e-06
2.86007e-13
6.57891e-06
-2.13911e-11
6.57891e-06
-1.21035e-11
6.57891e-06
-3.33992e-11
6.57891e-06
-1.40742e-11
6.57891e-06
-3.63743e-11
6.57891e-06
-7.14517e-12
6.57891e-06
-3.34231e-11
6.57891e-06
3.72802e-12
6.57891e-06
-2.24543e-11
6.57891e-06
1.67603e-11
6.57891e-06
-1.62016e-11
6.57891e-06
6.60781e-12
6.57891e-06
-1.46801e-11
6.57891e-06
-4.39448e-13
6.57891e-06
-1.89434e-11
6.57891e-06
-2.25382e-12
6.57891e-06
-1.81132e-11
6.57891e-06
-2.42612e-12
6.57891e-06
-1.65684e-11
6.57891e-06
-2.21063e-12
6.57891e-06
-1.51799e-11
6.57891e-06
-1.30325e-12
6.57891e-06
-1.47525e-11
6.57891e-06
-4.08144e-13
6.57891e-06
-1.43817e-11
6.57891e-06
-2.76887e-13
6.57891e-06
-1.34503e-11
6.57891e-06
-3.47808e-13
6.57891e-06
-1.2196e-11
6.57891e-06
1.08684e-12
6.57891e-06
-1.24768e-11
6.57891e-06
2.13089e-12
6.57891e-06
-1.25945e-11
6.57891e-06
2.39576e-12
6.5789e-06
-1.23192e-11
6.57891e-06
-9.78345e-14
6.5789e-06
-2.51788e-11
6.57891e-06
-5.94501e-11
6.57891e-06
-3.29738e-10
-1.36366e-09
6.59846e-06
-2.46181e-09
6.59849e-06
-1.66931e-09
6.59853e-06
-1.87288e-10
6.59852e-06
2.10957e-10
6.5985e-06
8.83903e-11
6.59846e-06
-1.89181e-10
6.59843e-06
-6.35085e-11
6.59843e-06
1.00137e-09
6.59847e-06
1.79267e-09
6.59848e-06
1.44033e-09
6.59849e-06
8.15879e-10
6.5985e-06
4.19529e-10
6.5985e-06
1.21727e-10
6.5985e-06
-3.86785e-10
6.59848e-06
-7.66655e-10
6.59847e-06
-8.62211e-10
6.59846e-06
-9.64384e-10
6.59845e-06
-1.04753e-09
6.59847e-06
-1.57264e-09
6.5985e-06
-1.86459e-09
6.5985e-06
-1.00251e-09
6.59849e-06
-1.56391e-10
6.59848e-06
3.94945e-10
6.59846e-06
5.8421e-10
6.59846e-06
5.76311e-10
6.59844e-06
5.17247e-10
6.59844e-06
5.70548e-10
6.59843e-06
3.50724e-10
6.59843e-06
3.07412e-10
6.59842e-06
4.09295e-11
6.59843e-06
4.95348e-11
6.59842e-06
-3.7794e-10
6.59845e-06
-9.41566e-10
6.59848e-06
-1.40003e-09
6.5985e-06
-9.82593e-10
6.59851e-06
-5.14886e-10
6.59851e-06
-1.21967e-10
6.59851e-06
3.60608e-10
6.59852e-06
1.58729e-09
6.59855e-06
2.39915e-09
6.59856e-06
1.97893e-09
6.59856e-06
1.44108e-09
6.59854e-06
8.30584e-10
6.59854e-06
6.27668e-10
6.59852e-06
4.76311e-10
6.59852e-06
3.6606e-10
6.59851e-06
2.00792e-10
6.59851e-06
1.36875e-10
6.59851e-06
2.76157e-11
6.59851e-06
2.21307e-11
6.59851e-06
-2.19203e-11
6.59851e-06
-3.15503e-12
6.59851e-06
-3.24882e-11
6.59851e-06
-4.48462e-12
6.59851e-06
-3.29601e-11
6.59851e-06
7.64027e-13
6.59851e-06
-2.44333e-11
6.59851e-06
1.14763e-11
6.59851e-06
-2.04404e-11
6.59852e-06
-6.7265e-13
6.59852e-06
-2.08399e-11
6.59852e-06
-1.28266e-11
6.59851e-06
-3.24863e-11
6.59852e-06
-1.48482e-11
6.59851e-06
-3.52745e-11
6.59851e-06
-8.02575e-12
6.59851e-06
-3.20981e-11
6.59851e-06
2.54907e-12
6.59851e-06
-2.09343e-11
6.59851e-06
1.5925e-11
6.59851e-06
-1.51781e-11
6.59851e-06
6.1711e-12
6.59851e-06
-1.39924e-11
6.59851e-06
-7.12228e-13
6.59851e-06
-1.81277e-11
6.59851e-06
-2.38653e-12
6.59851e-06
-1.72452e-11
6.59851e-06
-2.61754e-12
6.59851e-06
-1.55339e-11
6.59851e-06
-2.55176e-12
6.59851e-06
-1.3992e-11
6.59851e-06
-1.73004e-12
6.59851e-06
-1.3598e-11
6.59851e-06
-8.97773e-13
6.59851e-06
-1.31359e-11
6.59851e-06
-7.42314e-13
6.59851e-06
-1.22088e-11
6.59851e-06
-7.19994e-13
6.59851e-06
-1.11647e-11
6.59851e-06
5.95705e-13
6.59851e-06
-1.14946e-11
6.59851e-06
1.6489e-12
6.59851e-06
-1.16711e-11
6.59851e-06
2.03467e-12
6.59851e-06
-1.15483e-11
6.59851e-06
-5.32624e-13
6.59851e-06
-2.4521e-11
6.59851e-06
-6.15798e-11
6.59851e-06
-3.3367e-10
-1.33878e-09
6.61391e-06
-2.43436e-09
6.61394e-06
-1.70395e-09
6.61397e-06
-2.19105e-10
6.61397e-06
2.17152e-10
6.61395e-06
1.09647e-10
6.61391e-06
-1.51234e-10
6.61388e-06
-3.23271e-11
6.61388e-06
9.97901e-10
6.61391e-06
1.76327e-09
6.61393e-06
1.42226e-09
6.61393e-06
8.09292e-10
6.61394e-06
4.13757e-10
6.61395e-06
1.14428e-10
6.61394e-06
-3.80937e-10
6.61393e-06
-7.52194e-10
6.61392e-06
-8.50863e-10
6.6139e-06
-9.49926e-10
6.6139e-06
-1.04027e-09
6.61391e-06
-1.59017e-09
6.61394e-06
-1.89131e-09
6.61395e-06
-1.00895e-09
6.61394e-06
-1.43876e-10
6.61393e-06
4.0654e-10
6.61391e-06
6.00449e-10
6.6139e-06
5.8447e-10
6.61389e-06
5.27645e-10
6.61389e-06
5.78008e-10
6.61388e-06
3.6156e-10
6.61388e-06
3.08365e-10
6.61387e-06
4.55893e-11
6.61387e-06
4.6963e-11
6.61387e-06
-3.78193e-10
6.6139e-06
-9.67606e-10
6.61393e-06
-1.43409e-09
6.61395e-06
-1.00689e-09
6.61396e-06
-5.23467e-10
6.61396e-06
-1.24866e-10
6.61396e-06
3.59789e-10
6.61398e-06
1.57262e-09
6.614e-06
2.37142e-09
6.61401e-06
1.97041e-09
6.614e-06
1.44748e-09
6.61399e-06
8.4085e-10
6.61399e-06
6.35851e-10
6.61397e-06
4.87421e-10
6.61397e-06
3.72762e-10
6.61396e-06
2.06829e-10
6.61396e-06
1.38251e-10
6.61396e-06
2.8794e-11
6.61396e-06
2.10001e-11
6.61396e-06
-2.19525e-11
6.61396e-06
-4.73369e-12
6.61396e-06
-3.24448e-11
6.61396e-06
-5.93053e-12
6.61396e-06
-3.2719e-11
6.61396e-06
-7.41064e-13
6.61396e-06
-2.37411e-11
6.61397e-06
1.06667e-11
6.61397e-06
-2.00151e-11
6.61397e-06
-1.16097e-12
6.61397e-06
-2.05309e-11
6.61397e-06
-1.30537e-11
6.61397e-06
-3.21409e-11
6.61397e-06
-1.52778e-11
6.61396e-06
-3.44808e-11
6.61396e-06
-8.50523e-12
6.61396e-06
-3.10712e-11
6.61396e-06
1.85917e-12
6.61396e-06
-1.95915e-11
6.61396e-06
1.57395e-11
6.61396e-06
-1.42149e-11
6.61396e-06
6.01429e-12
6.61396e-06
-1.31152e-11
6.61396e-06
-8.81596e-13
6.61396e-06
-1.7131e-11
6.61396e-06
-2.378e-12
6.61396e-06
-1.63717e-11
6.61396e-06
-2.4616e-12
6.61396e-06
-1.48696e-11
6.61396e-06
-2.2405e-12
6.61396e-06
-1.35495e-11
6.61396e-06
-1.49984e-12
6.61396e-06
-1.31148e-11
6.61396e-06
-6.90711e-13
6.61396e-06
-1.26787e-11
6.61396e-06
-4.39241e-13
6.61396e-06
-1.18191e-11
6.61396e-06
-4.19749e-13
6.61396e-06
-1.08069e-11
6.61396e-06
6.53383e-13
6.61396e-06
-1.10281e-11
6.61396e-06
1.61039e-12
6.61395e-06
-1.11195e-11
6.61396e-06
1.9655e-12
6.61395e-06
-1.09926e-11
6.61395e-06
-6.60478e-13
6.61395e-06
-2.41576e-11
6.61396e-06
-6.34464e-11
6.61396e-06
-3.36417e-10
-1.31441e-09
6.62536e-06
-2.41271e-09
6.62539e-06
-1.73709e-09
6.62542e-06
-2.4912e-10
6.62542e-06
2.23796e-10
6.62539e-06
1.30646e-10
6.62536e-06
-1.14129e-10
6.62533e-06
-2.87673e-12
6.62533e-06
9.95731e-10
6.62536e-06
1.73583e-09
6.62537e-06
1.40539e-09
6.62538e-06
8.03165e-10
6.62539e-06
4.07965e-10
6.62539e-06
1.07769e-10
6.62539e-06
-3.75876e-10
6.62538e-06
-7.38767e-10
6.62536e-06
-8.39762e-10
6.62535e-06
-9.36611e-10
6.62534e-06
-1.0325e-09
6.62536e-06
-1.60839e-09
6.62539e-06
-1.91835e-09
6.6254e-06
-1.01558e-09
6.62539e-06
-1.30655e-10
6.62537e-06
4.17469e-10
6.62536e-06
6.17005e-10
6.62535e-06
5.91591e-10
6.62534e-06
5.38069e-10
6.62533e-06
5.83935e-10
6.62533e-06
3.72713e-10
6.62533e-06
3.08107e-10
6.62532e-06
5.13894e-11
6.62532e-06
4.30535e-11
6.62532e-06
-3.77195e-10
6.62535e-06
-9.94443e-10
6.62538e-06
-1.46797e-09
6.6254e-06
-1.03112e-09
6.62541e-06
-5.31317e-10
6.62541e-06
-1.27686e-10
6.62542e-06
3.58119e-10
6.62543e-06
1.5588e-09
6.62545e-06
2.34543e-09
6.62546e-06
1.96266e-09
6.62546e-06
1.45291e-09
6.62545e-06
8.51127e-10
6.62544e-06
6.43431e-10
6.62543e-06
4.98708e-10
6.62542e-06
3.79214e-10
6.62541e-06
2.13072e-10
6.62541e-06
1.39137e-10
6.62541e-06
3.01378e-11
6.62541e-06
1.95569e-11
6.62541e-06
-2.18132e-11
6.62542e-06
-6.57164e-12
6.62541e-06
-3.22206e-11
6.62542e-06
-7.63409e-12
6.62542e-06
-3.22578e-11
6.62542e-06
-2.52342e-12
6.62542e-06
-2.29206e-11
6.62542e-06
9.45204e-12
6.62542e-06
-1.93867e-11
6.62542e-06
-1.88409e-12
6.62542e-06
-1.98756e-11
6.62542e-06
-1.35005e-11
6.62542e-06
-3.10837e-11
6.62542e-06
-1.57185e-11
6.62542e-06
-3.32566e-11
6.62542e-06
-9.02217e-12
6.62541e-06
-2.96511e-11
6.62542e-06
1.01304e-12
6.62541e-06
-1.80242e-11
6.62541e-06
1.51933e-11
6.62541e-06
-1.30868e-11
6.62542e-06
5.84914e-12
6.62541e-06
-1.23198e-11
6.62541e-06
-9.0423e-13
6.62541e-06
-1.6193e-11
6.62541e-06
-2.27769e-12
6.62541e-06
-1.54006e-11
6.62541e-06
-2.43062e-12
6.62541e-06
-1.37499e-11
6.62541e-06
-2.36985e-12
6.62541e-06
-1.229e-11
6.62541e-06
-1.71852e-12
6.62541e-06
-1.18957e-11
6.62541e-06
-9.8457e-13
6.62541e-06
-1.13738e-11
6.62541e-06
-7.2184e-13
6.62541e-06
-1.05275e-11
6.62541e-06
-6.1658e-13
6.62541e-06
-9.74736e-12
6.62541e-06
3.36222e-13
6.62541e-06
-1.00148e-11
6.62541e-06
1.28772e-12
6.6254e-06
-1.01698e-11
6.62541e-06
1.75108e-12
6.6254e-06
-1.02143e-11
6.6254e-06
-9.57975e-13
6.6254e-06
-2.34942e-11
6.62541e-06
-6.51719e-11
6.62541e-06
-3.38442e-10
-1.28958e-09
6.63293e-06
-2.38947e-09
6.63296e-06
-1.77237e-09
6.63299e-06
-2.77508e-10
6.63298e-06
2.31274e-10
6.63296e-06
1.51902e-10
6.63293e-06
-7.70029e-11
6.6329e-06
2.68394e-11
6.6329e-06
9.93245e-10
6.63292e-06
1.70982e-09
6.63294e-06
1.38851e-09
6.63295e-06
7.96671e-10
6.63295e-06
4.02189e-10
6.63296e-06
1.01181e-10
6.63295e-06
-3.70503e-10
6.63294e-06
-7.25394e-10
6.63293e-06
-8.28687e-10
6.63292e-06
-9.22762e-10
6.63291e-06
-1.02474e-09
6.63293e-06
-1.62584e-09
6.63296e-06
-1.9468e-09
6.63297e-06
-1.02172e-09
6.63295e-06
-1.1753e-10
6.63294e-06
4.29317e-10
6.63292e-06
6.33167e-10
6.63292e-06
5.99703e-10
6.63291e-06
5.4756e-10
6.6329e-06
5.90999e-10
6.63289e-06
3.82586e-10
6.63289e-06
3.0879e-10
6.63289e-06
5.48955e-11
6.63289e-06
4.0007e-11
6.63289e-06
-3.77586e-10
6.63292e-06
-1.02111e-09
6.63295e-06
-1.50425e-09
6.63297e-06
-1.05584e-09
6.63298e-06
-5.39853e-10
6.63298e-06
-1.31e-10
6.63299e-06
3.55269e-10
6.633e-06
1.54501e-09
6.63302e-06
2.32053e-09
6.63303e-06
1.95399e-09
6.63303e-06
1.45889e-09
6.63302e-06
8.60717e-10
6.63301e-06
6.51289e-10
6.633e-06
5.09524e-10
6.63299e-06
3.86049e-10
6.63298e-06
2.1901e-10
6.63298e-06
1.40449e-10
6.63298e-06
3.1043e-11
6.63298e-06
1.83305e-11
6.63298e-06
-2.21344e-11
6.63299e-06
-8.19241e-12
6.63299e-06
-3.24083e-11
6.63299e-06
-9.02507e-12
6.63299e-06
-3.21548e-11
6.63299e-06
-3.89834e-12
6.63299e-06
-2.22935e-11
6.63299e-06
8.82186e-12
6.63299e-06
-1.88687e-11
6.63299e-06
-2.12358e-12
6.63299e-06
-1.94199e-11
6.63299e-06
-1.34445e-11
6.63299e-06
-3.05698e-11
6.63299e-06
-1.58335e-11
6.63299e-06
-3.23161e-11
6.63299e-06
-9.15878e-12
6.63298e-06
-2.85115e-11
6.63299e-06
6.27112e-13
6.63298e-06
-1.66204e-11
6.63298e-06
1.52559e-11
6.63298e-06
-1.20075e-11
6.63298e-06
5.93491e-12
6.63298e-06
-1.13396e-11
6.63298e-06
-8.46585e-13
6.63298e-06
-1.5077e-11
6.63298e-06
-2.06746e-12
6.63298e-06
-1.44214e-11
6.63298e-06
-2.07793e-12
6.63298e-06
-1.29922e-11
6.63298e-06
-1.86982e-12
6.63298e-06
-1.17748e-11
6.63298e-06
-1.31034e-12
6.63298e-06
-1.13433e-11
6.63298e-06
-6.0826e-13
6.63298e-06
-1.085e-11
6.63298e-06
-2.66463e-13
6.63298e-06
-1.0083e-11
6.63297e-06
-1.77972e-13
6.63297e-06
-9.35992e-12
6.63297e-06
5.42974e-13
6.63297e-06
-9.5169e-12
6.63297e-06
1.38051e-12
6.63297e-06
-9.59147e-12
6.63297e-06
1.79699e-12
6.63297e-06
-9.64536e-12
6.63297e-06
-9.68532e-13
6.63297e-06
-2.31236e-11
6.63297e-06
-6.66515e-11
6.63297e-06
-3.39347e-10
-1.2651e-09
6.63669e-06
-2.37179e-09
6.63673e-06
-1.80669e-09
6.63675e-06
-3.04529e-10
6.63675e-06
2.38893e-10
6.63673e-06
1.72661e-10
6.63669e-06
-4.04891e-11
6.63666e-06
5.52695e-11
6.63666e-06
9.92018e-10
6.63669e-06
1.6853e-09
6.6367e-06
1.37253e-09
6.63671e-06
7.90595e-10
6.63671e-06
3.964e-10
6.63672e-06
9.52193e-11
6.63672e-06
-3.65733e-10
6.6367e-06
-7.12962e-10
6.63669e-06
-8.17863e-10
6.63668e-06
-9.09767e-10
6.63667e-06
-1.01613e-09
6.63669e-06
-1.64387e-09
6.63672e-06
-1.97585e-09
6.63673e-06
-1.02795e-09
6.63671e-06
-1.03596e-10
6.6367e-06
4.40566e-10
6.63669e-06
6.4975e-10
6.63668e-06
6.07019e-10
6.63667e-06
5.57177e-10
6.63666e-06
5.96717e-10
6.63666e-06
3.92867e-10
6.63666e-06
3.0851e-10
6.63665e-06
5.94743e-11
6.63666e-06
3.57814e-11
6.63665e-06
-3.76658e-10
6.63668e-06
-1.04863e-09
6.63672e-06
-1.54082e-09
6.63674e-06
-1.08064e-09
6.63675e-06
-5.47638e-10
6.63675e-06
-1.34117e-10
6.63675e-06
3.5183e-10
6.63677e-06
1.532e-09
6.63679e-06
2.2968e-09
6.6368e-06
1.94569e-09
6.63679e-06
1.46402e-09
6.63678e-06
8.7037e-10
6.63678e-06
6.58582e-10
6.63676e-06
5.2048e-10
6.63676e-06
3.92732e-10
6.63675e-06
2.25205e-10
6.63675e-06
1.41278e-10
6.63675e-06
3.20398e-11
6.63675e-06
1.68031e-11
6.63675e-06
-2.2276e-11
6.63675e-06
-1.00172e-11
6.63675e-06
-3.23838e-11
6.63675e-06
-1.06049e-11
6.63675e-06
-3.17928e-11
6.63675e-06
-5.47331e-12
6.63675e-06
-2.15062e-11
6.63676e-06
7.85487e-12
6.63676e-06
-1.81376e-11
6.63676e-06
-2.55252e-12
6.63676e-06
-1.86138e-11
6.63675e-06
-1.35901e-11
6.63675e-06
-2.93463e-11
6.63675e-06
-1.59343e-11
6.63675e-06
-3.09614e-11
6.63675e-06
-9.32048e-12
6.63675e-06
-2.70029e-11
6.63675e-06
1.00537e-13
6.63675e-06
-1.50194e-11
6.63675e-06
1.49722e-11
6.63675e-06
-1.07939e-11
6.63675e-06
6.02243e-12
6.63675e-06
-1.04664e-11
6.63675e-06
-6.32157e-13
6.63675e-06
-1.40515e-11
6.63675e-06
-1.77849e-12
6.63675e-06
-1.33783e-11
6.63675e-06
-1.86792e-12
6.63674e-06
-1.18201e-11
6.63674e-06
-1.83366e-12
6.63674e-06
-1.0478e-11
6.63674e-06
-1.35531e-12
6.63674e-06
-1.00953e-11
6.63674e-06
-7.43741e-13
6.63674e-06
-9.51733e-12
6.63674e-06
-4.14577e-13
6.63674e-06
-8.76613e-12
6.63674e-06
-2.49317e-13
6.63674e-06
-8.29982e-12
6.63674e-06
3.80549e-13
6.63674e-06
-8.5045e-12
6.63674e-06
1.19036e-12
6.63674e-06
-8.63798e-12
6.63674e-06
1.69794e-12
6.63674e-06
-8.87883e-12
6.63674e-06
-1.1488e-12
6.63674e-06
-2.24759e-11
6.63674e-06
-6.79752e-11
6.63674e-06
-3.39493e-10
-1.23973e-09
6.63669e-06
-2.35233e-09
6.63673e-06
-1.84345e-09
6.63675e-06
-3.30249e-10
6.63674e-06
2.47442e-10
6.63672e-06
1.93773e-10
6.63669e-06
-3.78524e-12
6.63666e-06
8.39983e-11
6.63666e-06
9.90232e-10
6.63668e-06
1.66175e-09
6.6367e-06
1.35637e-09
6.63671e-06
7.84038e-10
6.63671e-06
3.90544e-10
6.63672e-06
8.92611e-11
6.63671e-06
-3.60597e-10
6.6367e-06
-7.00353e-10
6.63669e-06
-8.06804e-10
6.63668e-06
-8.96013e-10
6.63667e-06
-1.00725e-09
6.63669e-06
-1.6613e-09
6.63672e-06
-2.00653e-09
6.63673e-06
-1.03368e-09
6.63671e-06
-8.94503e-11
6.6367e-06
4.52796e-10
6.63668e-06
6.66213e-10
6.63668e-06
6.15393e-10
6.63667e-06
5.65974e-10
6.63666e-06
6.03537e-10
6.63665e-06
4.02058e-10
6.63665e-06
3.09147e-10
6.63665e-06
6.20732e-11
6.63665e-06
3.22851e-11
6.63665e-06
-3.76931e-10
6.63668e-06
-1.07616e-09
6.63672e-06
-1.57991e-09
6.63674e-06
-1.10601e-09
6.63675e-06
-5.56072e-10
6.63675e-06
-1.37715e-10
6.63675e-06
3.47173e-10
6.63677e-06
1.51887e-09
6.63679e-06
2.27401e-09
6.6368e-06
1.93652e-09
6.63679e-06
1.46968e-09
6.63678e-06
8.7945e-10
6.63678e-06
6.66068e-10
6.63677e-06
5.30939e-10
6.63676e-06
3.99724e-10
6.63675e-06
2.31071e-10
6.63675e-06
1.4244e-10
6.63675e-06
3.26739e-11
6.63675e-06
1.54889e-11
6.63675e-06
-2.28202e-11
6.63675e-06
-1.16067e-11
6.63675e-06
-3.26886e-11
6.63676e-06
-1.18377e-11
6.63675e-06
-3.16986e-11
6.63676e-06
-6.61094e-12
6.63676e-06
-2.08328e-11
6.63676e-06
7.46294e-12
6.63676e-06
-1.74229e-11
6.63676e-06
-2.48726e-12
6.63676e-06
-1.79615e-11
6.63676e-06
-1.32229e-11
6.63675e-06
-2.86382e-11
6.63675e-06
-1.57315e-11
6.63675e-06
-2.98636e-11
6.63675e-06
-9.13179e-12
6.63675e-06
-2.57541e-11
6.63675e-06
-5.57581e-15
6.63675e-06
-1.35688e-11
6.63675e-06
1.52271e-11
6.63675e-06
-9.59606e-12
6.63675e-06
6.31395e-12
6.63675e-06
-9.40868e-12
6.63675e-06
-3.86282e-13
6.63675e-06
-1.28542e-11
6.63675e-06
-1.41149e-12
6.63674e-06
-1.23262e-11
6.63674e-06
-1.36209e-12
6.63674e-06
-1.1003e-11
6.63674e-06
-1.18618e-12
6.63674e-06
-9.92305e-12
6.63674e-06
-8.07744e-13
6.63674e-06
-9.50967e-12
6.63674e-06
-2.35268e-13
6.63674e-06
-8.96395e-12
6.63674e-06
1.56542e-13
6.63674e-06
-8.29936e-12
6.63674e-06
2.89887e-13
6.63674e-06
-7.90557e-12
6.63674e-06
7.04284e-13
6.63674e-06
-8.00512e-12
6.63674e-06
1.38444e-12
6.63674e-06
-8.05841e-12
6.63674e-06
1.8286e-12
6.63674e-06
-8.31306e-12
6.63674e-06
-1.06579e-12
6.63673e-06
-2.2109e-11
6.63674e-06
-6.90815e-11
6.63674e-06
-3.38724e-10
-1.21474e-09
6.63293e-06
-2.33791e-09
6.63296e-06
-1.87956e-09
6.63299e-06
-3.5494e-10
6.63298e-06
2.56873e-10
6.63296e-06
2.14973e-10
6.63292e-06
3.23676e-11
6.63289e-06
1.1112e-10
6.63289e-06
9.88922e-10
6.63292e-06
1.63928e-09
6.63293e-06
1.341e-09
6.63294e-06
7.77635e-10
6.63294e-06
3.84522e-10
6.63295e-06
8.36822e-11
6.63295e-06
-3.56042e-10
6.63293e-06
-6.88159e-10
6.63292e-06
-7.95442e-10
6.63291e-06
-8.82745e-10
6.6329e-06
-9.97537e-10
6.63292e-06
-1.67957e-09
6.63295e-06
-2.03812e-09
6.63296e-06
-1.03941e-09
6.63294e-06
-7.42063e-11
6.63293e-06
4.64842e-10
6.63291e-06
6.83353e-10
6.63291e-06
6.23041e-10
6.6329e-06
5.74803e-10
6.63289e-06
6.09089e-10
6.63289e-06
4.11558e-10
6.63289e-06
3.08833e-10
6.63288e-06
6.57678e-11
6.63289e-06
2.77943e-11
6.63289e-06
-3.75988e-10
6.63291e-06
-1.10466e-09
6.63295e-06
-1.61927e-09
6.63298e-06
-1.13129e-09
6.63298e-06
-5.63817e-10
6.63299e-06
-1.41242e-10
6.63299e-06
3.41509e-10
6.633e-06
1.50625e-09
6.63302e-06
2.25283e-09
6.63303e-06
1.92813e-09
6.63303e-06
1.47459e-09
6.63302e-06
8.88444e-10
6.63301e-06
6.72865e-10
6.633e-06
5.41428e-10
6.63299e-06
4.06397e-10
6.63299e-06
2.36975e-10
6.63299e-06
1.43138e-10
6.63299e-06
3.34739e-11
6.63299e-06
1.39511e-11
6.63299e-06
-2.3152e-11
6.63299e-06
-1.33369e-11
6.63299e-06
-3.27296e-11
6.63299e-06
-1.31802e-11
6.63299e-06
-3.12886e-11
6.63299e-06
-7.86592e-12
6.63299e-06
-1.99521e-11
6.63299e-06
6.80591e-12
6.63299e-06
-1.6467e-11
6.63299e-06
-2.57455e-12
6.63299e-06
-1.69515e-11
6.63299e-06
-1.30446e-11
6.63299e-06
-2.72173e-11
6.63299e-06
-1.54928e-11
6.63299e-06
-2.83676e-11
6.63299e-06
-8.9645e-12
6.63298e-06
-2.41579e-11
6.63298e-06
-2.4523e-13
6.63298e-06
-1.19497e-11
6.63298e-06
1.5144e-11
6.63298e-06
-8.28779e-12
6.63298e-06
6.60061e-12
6.63298e-06
-8.47536e-12
6.63298e-06
-1.51187e-14
6.63298e-06
-1.17829e-11
6.63298e-06
-9.57916e-13
6.63298e-06
-1.12526e-11
6.63298e-06
-1.01004e-12
6.63298e-06
-9.81201e-12
6.63298e-06
-1.02736e-12
6.63298e-06
-8.60934e-12
6.63297e-06
-7.41837e-13
6.63297e-06
-8.25605e-12
6.63297e-06
-2.68631e-13
6.63297e-06
-7.63823e-12
6.63297e-06
1.11743e-13
6.63297e-06
-6.99685e-12
6.63297e-06
3.23975e-13
6.63297e-06
-6.85528e-12
6.63297e-06
6.2242e-13
6.63297e-06
-7.00763e-12
6.63297e-06
1.28161e-12
6.63297e-06
-7.12943e-12
6.63297e-06
1.82463e-12
6.63297e-06
-7.5736e-12
6.63297e-06
-1.16199e-12
6.63297e-06
-2.14606e-11
6.63297e-06
-7.00339e-11
6.63297e-06
-3.3763e-10
-1.18896e-09
6.62536e-06
-2.32154e-09
6.62539e-06
-1.91842e-09
6.62542e-06
-3.78588e-10
6.62541e-06
2.67363e-10
6.62539e-06
2.36636e-10
6.62535e-06
6.8866e-11
6.62532e-06
1.38565e-10
6.62532e-06
9.868e-10
6.62535e-06
1.61731e-09
6.62536e-06
1.32528e-09
6.62537e-06
7.70621e-10
6.62537e-06
3.78334e-10
6.62538e-06
7.803e-11
6.62537e-06
-3.51088e-10
6.62536e-06
-6.75573e-10
6.62535e-06
-7.8357e-10
6.62534e-06
-8.68465e-10
6.62533e-06
-9.87248e-10
6.62535e-06
-1.69737e-09
6.62538e-06
-2.07157e-09
6.62539e-06
-1.04459e-09
6.62537e-06
-5.84339e-11
6.62536e-06
4.77897e-10
6.62534e-06
7.00595e-10
6.62533e-06
6.31764e-10
6.62532e-06
5.8286e-10
6.62532e-06
6.15677e-10
6.62531e-06
4.20131e-10
6.62531e-06
3.09405e-10
6.62531e-06
6.7794e-11
6.62531e-06
2.39145e-11
6.62531e-06
-3.76034e-10
6.62534e-06
-1.13336e-09
6.62538e-06
-1.66126e-09
6.62541e-06
-1.15717e-09
6.62541e-06
-5.72137e-10
6.62542e-06
-1.45211e-10
6.62542e-06
3.34588e-10
6.62543e-06
1.49341e-09
6.62545e-06
2.23249e-09
6.62546e-06
1.91892e-09
6.62546e-06
1.48001e-09
6.62545e-06
8.96967e-10
6.62544e-06
6.79766e-10
6.62543e-06
5.51389e-10
6.62542e-06
4.13307e-10
6.62542e-06
2.42524e-10
6.62542e-06
1.44078e-10
6.62542e-06
3.39889e-11
6.62542e-06
1.26306e-11
6.62542e-06
-2.38193e-11
6.62542e-06
-1.47945e-11
6.62542e-06
-3.30014e-11
6.62542e-06
-1.41212e-11
6.62542e-06
-3.10438e-11
6.62542e-06
-8.6441e-12
6.62542e-06
-1.9101e-11
6.62542e-06
6.71624e-12
6.62542e-06
-1.54369e-11
6.62542e-06
-2.15835e-12
6.62542e-06
-1.60589e-11
6.62542e-06
-1.23462e-11
6.62542e-06
-2.62939e-11
6.62542e-06
-1.49749e-11
6.62542e-06
-2.71104e-11
6.62542e-06
-8.47972e-12
6.62541e-06
-2.28081e-11
6.62541e-06
-1.09216e-13
6.62541e-06
-1.04738e-11
6.62541e-06
1.55253e-11
6.62541e-06
-6.96698e-12
6.62541e-06
7.04207e-12
6.62541e-06
-7.36211e-12
6.62541e-06
3.36038e-13
6.62541e-06
-1.05493e-11
6.62541e-06
-4.6081e-13
6.62541e-06
-1.01744e-11
6.62541e-06
-3.88983e-13
6.62541e-06
-8.97728e-12
6.62541e-06
-2.735e-13
6.6254e-06
-8.0441e-12
6.6254e-06
-1.13723e-13
6.6254e-06
-7.66898e-12
6.6254e-06
3.1914e-13
6.6254e-06
-7.09863e-12
6.6254e-06
7.71726e-13
6.6254e-06
-6.55553e-12
6.6254e-06
9.49256e-13
6.6254e-06
-6.47203e-12
6.6254e-06
9.93531e-13
6.6254e-06
-6.52616e-12
6.6254e-06
1.53493e-12
6.6254e-06
-6.58024e-12
6.6254e-06
2.02243e-12
6.6254e-06
-7.03033e-12
6.6254e-06
-1.01686e-12
6.6254e-06
-2.10848e-11
6.6254e-06
-7.07996e-11
6.6254e-06
-3.35809e-10
-1.16362e-09
6.6139e-06
-2.31015e-09
6.61394e-06
-1.95715e-09
6.61397e-06
-4.01548e-10
6.61395e-06
2.78484e-10
6.61393e-06
2.58167e-10
6.6139e-06
1.05017e-10
6.61387e-06
1.64792e-10
6.61387e-06
9.85109e-10
6.61389e-06
1.596e-09
6.61391e-06
1.31005e-09
6.61392e-06
7.63701e-10
6.61392e-06
3.71966e-10
6.61393e-06
7.27549e-11
6.61392e-06
-3.46552e-10
6.61391e-06
-6.63336e-10
6.6139e-06
-7.71378e-10
6.61388e-06
-8.5439e-10
6.61387e-06
-9.75732e-10
6.61389e-06
-1.71589e-09
6.61393e-06
-2.10628e-09
6.61393e-06
-1.0497e-09
6.61392e-06
-4.14121e-11
6.6139e-06
4.90753e-10
6.61389e-06
7.18568e-10
6.61388e-06
6.39921e-10
6.61387e-06
5.9096e-10
6.61386e-06
6.21091e-10
6.61386e-06
4.29058e-10
6.61386e-06
3.09227e-10
6.61386e-06
7.09178e-11
6.61386e-06
1.91386e-11
6.61386e-06
-3.74693e-10
6.61389e-06
-1.16303e-09
6.61393e-06
-1.70398e-09
6.61395e-06
-1.18307e-09
6.61396e-06
-5.79683e-10
6.61396e-06
-1.48972e-10
6.61397e-06
3.26866e-10
6.61398e-06
1.48106e-09
6.614e-06
2.2133e-09
6.61401e-06
1.91011e-09
6.61401e-06
1.48478e-09
6.614e-06
9.05514e-10
6.61399e-06
6.86024e-10
6.61398e-06
5.61343e-10
6.61397e-06
4.19996e-10
6.61397e-06
2.4816e-10
6.61397e-06
1.44518e-10
6.61397e-06
3.46165e-11
6.61397e-06
1.11069e-11
6.61397e-06
-2.42381e-11
6.61397e-06
-1.63046e-11
6.61397e-06
-3.29391e-11
6.61397e-06
-1.50712e-11
6.61397e-06
-3.04157e-11
6.61397e-06
-9.44668e-12
6.61397e-06
-1.79981e-11
6.61397e-06
6.41331e-12
6.61397e-06
-1.41379e-11
6.61397e-06
-1.86188e-12
6.61397e-06
-1.48094e-11
6.61397e-06
-1.18465e-11
6.61397e-06
-2.46619e-11
6.61397e-06
-1.44124e-11
6.61396e-06
-2.54812e-11
6.61396e-06
-8.01823e-12
6.61396e-06
-2.11443e-11
6.61396e-06
-1.04204e-13
6.61396e-06
-8.86347e-12
6.61396e-06
1.5555e-11
6.61396e-06
-5.55577e-12
6.61396e-06
7.48869e-12
6.61396e-06
-6.41111e-12
6.61396e-06
8.26972e-13
6.61396e-06
-9.4856e-12
6.61396e-06
1.10392e-13
6.61395e-06
-9.11533e-12
6.61395e-06
4.86328e-14
6.61395e-06
-7.80651e-12
6.61395e-06
-6.15814e-14
6.61395e-06
-6.74299e-12
6.61395e-06
1.23184e-15
6.61395e-06
-6.44268e-12
6.61395e-06
3.23322e-13
6.61395e-06
-5.81031e-12
6.61395e-06
7.62953e-13
6.61395e-06
-5.29141e-12
6.61395e-06
1.02921e-12
6.61395e-06
-5.45028e-12
6.61395e-06
9.44441e-13
6.61395e-06
-5.57022e-12
6.61395e-06
1.47789e-12
6.61395e-06
-5.6993e-12
6.61395e-06
2.08086e-12
6.61394e-06
-6.33745e-12
6.61394e-06
-1.05899e-12
6.61394e-06
-2.04481e-11
6.61395e-06
-7.13907e-11
6.61394e-06
-3.3358e-10
-1.13694e-09
6.59845e-06
-2.29687e-09
6.59849e-06
-1.99918e-09
6.59852e-06
-4.23577e-10
6.5985e-06
2.90652e-10
6.59848e-06
2.80077e-10
6.59845e-06
1.41586e-10
6.59842e-06
1.91358e-10
6.59842e-06
9.82539e-10
6.59844e-06
1.57484e-09
6.59846e-06
1.29429e-09
6.59847e-06
7.56132e-10
6.59847e-06
3.65385e-10
6.59848e-06
6.74191e-11
6.59847e-06
-3.41521e-10
6.59846e-06
-6.50575e-10
6.59845e-06
-7.58525e-10
6.59843e-06
-8.39145e-10
6.59842e-06
-9.63269e-10
6.59844e-06
-1.73396e-09
6.59848e-06
-2.14308e-09
6.59848e-06
-1.05418e-09
6.59847e-06
-2.36121e-11
6.59845e-06
5.04536e-10
6.59843e-06
7.3672e-10
6.59843e-06
6.49091e-10
6.59842e-06
5.98355e-10
6.59841e-06
6.27469e-10
6.59841e-06
4.37243e-10
6.59841e-06
3.09947e-10
6.59841e-06
7.26135e-11
6.59841e-06
1.49043e-11
6.59841e-06
-3.7401e-10
6.59844e-06
-1.19302e-09
6.59848e-06
-1.74956e-09
6.5985e-06
-1.20962e-09
6.59851e-06
-5.87668e-10
6.59851e-06
-1.53091e-10
6.59852e-06
3.17956e-10
6.59854e-06
1.4685e-09
6.59855e-06
2.19474e-09
6.59856e-06
1.90037e-09
6.59856e-06
1.49005e-09
6.59855e-06
9.13669e-10
6.59854e-06
6.92327e-10
6.59853e-06
5.70771e-10
6.59853e-06
4.26914e-10
6.59852e-06
2.53492e-10
6.59852e-06
1.45131e-10
6.59852e-06
3.4992e-11
6.59852e-06
9.80859e-12
6.59852e-06
-2.4898e-11
6.59852e-06
-1.74781e-11
6.59852e-06
-3.2984e-11
6.59852e-06
-1.55515e-11
6.59852e-06
-2.98399e-11
6.59852e-06
-9.73354e-12
6.59852e-06
-1.68459e-11
6.59852e-06
6.6766e-12
6.59852e-06
-1.27006e-11
6.59852e-06
-1.06188e-12
6.59852e-06
-1.36522e-11
6.59852e-06
-1.08181e-11
6.59852e-06
-2.35265e-11
6.59852e-06
-1.36073e-11
6.59851e-06
-2.40789e-11
6.59851e-06
-7.28112e-12
6.59851e-06
-1.97189e-11
6.59851e-06
2.22722e-13
6.59851e-06
-7.39453e-12
6.59851e-06
1.59823e-11
6.59851e-06
-4.12501e-12
6.59851e-06
8.02794e-12
6.59851e-06
-5.28643e-12
6.59851e-06
1.24146e-12
6.59851e-06
-8.25922e-12
6.59851e-06
6.69621e-13
6.5985e-06
-8.04964e-12
6.5985e-06
7.26665e-13
6.5985e-06
-6.9949e-12
6.5985e-06
7.47939e-13
6.5985e-06
-6.21287e-12
6.5985e-06
6.69726e-13
6.5985e-06
-5.89808e-12
6.5985e-06
9.50536e-13
6.5985e-06
-5.32362e-12
6.5985e-06
1.4641e-12
6.5985e-06
-4.9087e-12
6.5985e-06
1.68941e-12
6.5985e-06
-5.11218e-12
6.5985e-06
1.34003e-12
6.5985e-06
-5.14196e-12
6.5985e-06
1.75811e-12
6.5985e-06
-5.20459e-12
6.5985e-06
2.30584e-12
6.59849e-06
-5.83515e-12
6.59849e-06
-8.77173e-13
6.59849e-06
-2.0084e-11
6.59849e-06
-7.18237e-11
6.59849e-06
-3.30601e-10
-1.11067e-09
6.57885e-06
-2.28857e-09
6.57889e-06
-2.04166e-09
6.57891e-06
-4.45156e-10
6.5789e-06
3.03526e-10
6.57888e-06
3.01832e-10
6.57884e-06
1.77887e-10
6.57882e-06
2.16765e-10
6.57882e-06
9.80174e-10
6.57884e-06
1.55401e-09
6.57886e-06
1.27882e-09
6.57886e-06
7.48581e-10
6.57887e-06
3.58596e-10
6.57888e-06
6.2443e-11
6.57887e-06
-3.36746e-10
6.57886e-06
-6.37944e-10
6.57885e-06
-7.45169e-10
6.57883e-06
-8.23843e-10
6.57882e-06
-9.49293e-10
6.57883e-06
-1.7527e-09
6.57888e-06
-2.18149e-09
6.57888e-06
-1.05851e-09
6.57886e-06
-4.42046e-12
6.57885e-06
5.18173e-10
6.57883e-06
7.55614e-10
6.57882e-06
6.57714e-10
6.57881e-06
6.05759e-10
6.57881e-06
6.32727e-10
6.5788e-06
4.4577e-10
6.5788e-06
3.10045e-10
6.5788e-06
7.53782e-11
6.5788e-06
9.9616e-12
6.5788e-06
-3.71755e-10
6.57883e-06
-1.22398e-09
6.57888e-06
-1.79615e-09
6.5789e-06
-1.23618e-09
6.57891e-06
-5.94804e-10
6.57891e-06
-1.56937e-10
6.57892e-06
3.08249e-10
6.57893e-06
1.45643e-09
6.57895e-06
2.17721e-09
6.57896e-06
1.89086e-09
6.57895e-06
1.49475e-09
6.57895e-06
9.21815e-10
6.57894e-06
6.97966e-10
6.57893e-06
5.80144e-10
6.57892e-06
4.33638e-10
6.57892e-06
2.58909e-10
6.57892e-06
1.45259e-10
6.57892e-06
3.54678e-11
6.57892e-06
8.37105e-12
6.57892e-06
-2.52316e-11
6.57892e-06
-1.85911e-11
6.57892e-06
-3.25975e-11
6.57892e-06
-1.59341e-11
6.57892e-06
-2.88054e-11
6.57892e-06
-9.95939e-12
6.57892e-06
-1.54016e-11
6.57892e-06
6.78052e-12
6.57892e-06
-1.09965e-11
6.57892e-06
-3.6919e-13
6.57892e-06
-1.21472e-11
6.57891e-06
-1.00128e-11
6.57891e-06
-2.16915e-11
6.57891e-06
-1.2763e-11
6.57891e-06
-2.23347e-11
6.57891e-06
-6.5818e-12
6.57891e-06
-1.80139e-11
6.57891e-06
4.11119e-13
6.57891e-06
-5.82647e-12
6.57891e-06
1.60524e-11
6.5789e-06
-2.64708e-12
6.5789e-06
8.5706e-12
6.5789e-06
-4.36337e-12
6.5789e-06
1.79677e-12
6.5789e-06
-7.24359e-12
6.5789e-06
1.28976e-12
6.5789e-06
-7.0437e-12
6.5789e-06
1.1901e-12
6.5789e-06
-5.87998e-12
6.5789e-06
9.6108e-13
6.5789e-06
-4.96181e-12
6.5789e-06
7.86768e-13
6.5789e-06
-4.73295e-12
6.5789e-06
9.47676e-13
6.5789e-06
-4.10205e-12
6.57889e-06
1.44297e-12
6.57889e-06
-3.70932e-12
6.57889e-06
1.76447e-12
6.57889e-06
-4.14722e-12
6.57889e-06
1.29151e-12
6.57889e-06
-4.25232e-12
6.57889e-06
1.70887e-12
6.57889e-06
-4.3907e-12
6.57889e-06
2.38485e-12
6.57889e-06
-5.20418e-12
6.57889e-06
-8.94865e-13
6.57889e-06
-1.94705e-11
6.57889e-06
-7.20733e-11
6.57889e-06
-3.27207e-10
-1.08261e-09
6.5549e-06
-2.27836e-09
6.55494e-06
-2.08805e-09
6.55496e-06
-4.65912e-10
6.55495e-06
3.1751e-10
6.55493e-06
3.23919e-10
6.55489e-06
2.14667e-10
6.55487e-06
2.42464e-10
6.55487e-06
9.7678e-10
6.55489e-06
1.53301e-09
6.55491e-06
1.26268e-09
6.55491e-06
7.40338e-10
6.55492e-06
3.51575e-10
6.55493e-06
5.74452e-11
6.55492e-06
-3.31339e-10
6.55491e-06
-6.24567e-10
6.55489e-06
-7.30909e-10
6.55488e-06
-8.07175e-10
6.55486e-06
-9.34015e-10
6.55488e-06
-1.77102e-09
6.55492e-06
-2.22229e-09
6.55493e-06
-1.0622e-09
6.55491e-06
1.57789e-11
6.55489e-06
5.32638e-10
6.55487e-06
7.74739e-10
6.55487e-06
6.67257e-10
6.55486e-06
6.12466e-10
6.55485e-06
6.38875e-10
6.55485e-06
4.53709e-10
6.55485e-06
3.1105e-10
6.55485e-06
7.69726e-11
6.55485e-06
5.52869e-12
6.55485e-06
-3.6981e-10
6.55488e-06
-1.25532e-09
6.55493e-06
-1.84581e-09
6.55495e-06
-1.26344e-09
6.55496e-06
-6.02269e-10
6.55496e-06
-1.61099e-10
6.55497e-06
2.97328e-10
6.55498e-06
1.44418e-09
6.555e-06
2.16019e-09
6.55501e-06
1.88033e-09
6.555e-06
1.49992e-09
6.555e-06
9.29618e-10
6.55499e-06
7.03569e-10
6.55498e-06
5.88976e-10
6.55497e-06
4.40573e-10
6.55497e-06
2.64061e-10
6.55497e-06
1.4552e-10
6.55497e-06
3.57753e-11
6.55497e-06
7.21468e-12
6.55497e-06
-2.56805e-11
6.55497e-06
-1.92684e-11
6.55497e-06
-3.21805e-11
6.55497e-06
-1.57642e-11
6.55497e-06
-2.77177e-11
6.55497e-06
-9.63607e-12
6.55497e-06
-1.38454e-11
6.55497e-06
7.43721e-12
6.55497e-06
-9.10349e-12
6.55497e-06
8.14903e-13
6.55496e-06
-1.07308e-11
6.55496e-06
-8.67961e-12
6.55496e-06
-2.03722e-11
6.55496e-06
-1.17189e-11
6.55496e-06
-2.08216e-11
6.55496e-06
-5.65225e-12
6.55495e-06
-1.65523e-11
6.55495e-06
8.65184e-13
6.55495e-06
-4.40712e-12
6.55495e-06
1.64523e-11
6.55495e-06
-1.14286e-12
6.55495e-06
9.14347e-12
6.55495e-06
-3.275e-12
6.55495e-06
2.21685e-12
6.55495e-06
-6.06583e-12
6.55495e-06
1.84746e-12
6.55495e-06
-6.03347e-12
6.55495e-06
1.86974e-12
6.55495e-06
-5.13454e-12
6.55494e-06
1.78056e-12
6.55494e-06
-4.51264e-12
6.55494e-06
1.45472e-12
6.55494e-06
-4.27197e-12
6.55494e-06
1.57658e-12
6.55494e-06
-3.70665e-12
6.55494e-06
2.14703e-12
6.55494e-06
-3.42161e-12
6.55494e-06
2.42008e-12
6.55494e-06
-3.88993e-12
6.55494e-06
1.68346e-12
6.55494e-06
-3.9056e-12
6.55494e-06
1.98456e-12
6.55494e-06
-3.97359e-12
6.55494e-06
2.60273e-12
6.55494e-06
-4.76213e-12
6.55494e-06
-7.01635e-13
6.55494e-06
-1.91309e-11
6.55494e-06
-7.21969e-11
6.55493e-06
-3.23071e-10
-1.05493e-09
6.52636e-06
-2.2732e-09
6.5264e-06
-2.13554e-09
6.52642e-06
-4.86509e-10
6.52641e-06
3.32269e-10
6.52639e-06
3.4581e-10
6.52635e-06
2.51278e-10
6.52633e-06
2.67059e-10
6.52633e-06
9.73332e-10
6.52635e-06
1.51203e-09
6.52637e-06
1.24669e-09
6.52637e-06
7.32056e-10
6.52638e-06
3.44362e-10
6.52639e-06
5.28416e-11
6.52638e-06
-3.25966e-10
6.52637e-06
-6.11025e-10
6.52635e-06
-7.15883e-10
6.52634e-06
-7.90143e-10
6.52632e-06
-9.16911e-10
6.52634e-06
-1.79001e-09
6.52638e-06
-2.26518e-09
6.52639e-06
-1.06569e-09
6.52637e-06
3.75219e-11
6.52635e-06
5.46912e-10
6.52633e-06
7.94586e-10
6.52632e-06
6.7626e-10
6.52631e-06
6.19097e-10
6.52631e-06
6.43974e-10
6.52631e-06
4.61998e-10
6.52631e-06
3.11585e-10
6.52631e-06
7.97047e-11
6.52631e-06
5.29495e-13
6.5263e-06
-3.66071e-10
6.52634e-06
-1.28763e-09
6.52639e-06
-1.89686e-09
6.52641e-06
-1.29075e-09
6.52642e-06
-6.08846e-10
6.52642e-06
-1.6497e-10
6.52643e-06
2.85553e-10
6.52644e-06
1.4324e-09
6.52646e-06
2.14414e-09
6.52647e-06
1.86986e-09
6.52646e-06
1.50458e-09
6.52646e-06
9.37394e-10
6.52645e-06
7.08472e-10
6.52644e-06
5.977e-10
6.52644e-06
4.47358e-10
6.52643e-06
2.69314e-10
6.52643e-06
1.45325e-10
6.52643e-06
3.62512e-11
6.52643e-06
6.03605e-12
6.52643e-06
-2.56912e-11
6.52643e-06
-1.97369e-11
6.52643e-06
-3.12243e-11
6.52643e-06
-1.53789e-11
6.52643e-06
-2.61101e-11
6.52643e-06
-9.18038e-12
6.52643e-06
-1.19766e-11
6.52643e-06
7.9585e-12
6.52642e-06
-6.93712e-12
6.52642e-06
1.88847e-12
6.52642e-06
-8.99582e-12
6.52642e-06
-7.62303e-12
6.52642e-06
-1.83712e-11
6.52642e-06
-1.06514e-11
6.52642e-06
-1.90163e-11
6.52641e-06
-4.77995e-12
6.52641e-06
-1.48605e-11
6.52641e-06
1.16795e-12
6.52641e-06
-2.93074e-12
6.52641e-06
1.64762e-11
6.52641e-06
3.91991e-13
6.52641e-06
9.73372e-12
6.52641e-06
-2.44019e-12
6.52641e-06
2.79334e-12
6.52641e-06
-5.15498e-12
6.52641e-06
2.46632e-12
6.52641e-06
-5.13487e-12
6.52641e-06
2.30168e-12
6.5264e-06
-4.11807e-12
6.5264e-06
1.92866e-12
6.5264e-06
-3.33859e-12
6.5264e-06
1.51864e-12
6.5264e-06
-3.19463e-12
6.5264e-06
1.50984e-12
6.5264e-06
-2.57196e-12
6.5264e-06
2.05374e-12
6.5264e-06
-2.30085e-12
6.5264e-06
2.43841e-12
6.5264e-06
-3.00024e-12
6.5264e-06
1.59733e-12
6.5264e-06
-3.09876e-12
6.5264e-06
1.90884e-12
6.5264e-06
-3.24317e-12
6.5264e-06
2.67532e-12
6.5264e-06
-4.21477e-12
6.5264e-06
-7.20695e-13
6.5264e-06
-1.85508e-11
6.5264e-06
-7.21207e-11
6.52639e-06
-3.18533e-10
-1.02487e-09
6.49294e-06
-2.26606e-09
6.49299e-06
-2.18764e-09
6.49301e-06
-5.06359e-10
6.49299e-06
3.48182e-10
6.49297e-06
3.67934e-10
6.49293e-06
2.88415e-10
6.49291e-06
2.91876e-10
6.49291e-06
9.68717e-10
6.49293e-06
1.49061e-09
6.49295e-06
1.22996e-09
6.49296e-06
7.23107e-10
6.49297e-06
3.36958e-10
6.49297e-06
4.83351e-11
6.49297e-06
-3.19764e-10
6.49295e-06
-5.96461e-10
6.49294e-06
-6.99674e-10
6.49292e-06
-7.71521e-10
6.4929e-06
-8.98115e-10
6.49292e-06
-1.80869e-09
6.49297e-06
-2.31093e-09
6.49297e-06
-1.06858e-09
6.49295e-06
6.04057e-11
6.49293e-06
5.61875e-10
6.49291e-06
8.14687e-10
6.4929e-06
6.86053e-10
6.49289e-06
6.25017e-10
6.49289e-06
6.49876e-10
6.49289e-06
4.69884e-10
6.49288e-06
3.13052e-10
6.49289e-06
8.14808e-11
6.49289e-06
-3.84291e-12
6.49288e-06
-3.62197e-10
6.49291e-06
-1.32041e-09
6.49297e-06
-1.95124e-09
6.49299e-06
-1.3188e-09
6.493e-06
-6.15659e-10
6.493e-06
-1.69105e-10
6.49301e-06
2.72504e-10
6.49303e-06
1.42046e-09
6.49304e-06
2.12855e-09
6.49305e-06
1.85829e-09
6.49305e-06
1.50969e-09
6.49304e-06
9.44809e-10
6.49304e-06
7.13228e-10
6.49303e-06
6.0588e-10
6.49302e-06
4.54374e-10
6.49301e-06
2.74382e-10
6.49301e-06
1.45294e-10
6.49301e-06
3.66651e-11
6.49302e-06
5.24961e-12
6.49301e-06
-2.56404e-11
6.49301e-06
-1.96413e-11
6.49301e-06
-3.00835e-11
6.49301e-06
-1.43662e-11
6.49301e-06
-2.43573e-11
6.49301e-06
-8.16793e-12
6.49301e-06
-9.96022e-12
6.49301e-06
9.0063e-12
6.49301e-06
-4.58915e-12
6.493e-06
3.41429e-12
6.493e-06
-7.36814e-12
6.493e-06
-6.04629e-12
6.493e-06
-1.693e-11
6.493e-06
-9.44165e-12
6.493e-06
-1.74544e-11
6.49299e-06
-3.73465e-12
6.49299e-06
-1.34218e-11
6.49299e-06
1.67159e-12
6.49299e-06
-1.61536e-12
6.49299e-06
1.67724e-11
6.49299e-06
1.92469e-12
6.49299e-06
1.02744e-11
6.49299e-06
-1.4404e-12
6.49299e-06
3.16045e-12
6.49299e-06
-4.07078e-12
6.49299e-06
2.96605e-12
6.49299e-06
-4.22449e-12
6.49299e-06
2.93168e-12
6.49298e-06
-3.4814e-12
6.49298e-06
2.71424e-12
6.49298e-06
-3.01219e-12
6.49298e-06
2.14703e-12
6.49298e-06
-2.85442e-12
6.49298e-06
2.10521e-12
6.49298e-06
-2.30238e-12
6.49298e-06
2.72743e-12
6.49298e-06
-2.14058e-12
6.49298e-06
3.05696e-12
6.49298e-06
-2.85371e-12
6.49298e-06
1.95896e-12
6.49298e-06
-2.85722e-12
6.49298e-06
2.15423e-12
6.49298e-06
-2.92394e-12
6.49298e-06
2.8598e-12
6.49298e-06
-3.85068e-12
6.49298e-06
-5.37418e-13
6.49298e-06
-1.82455e-11
6.49298e-06
-7.19556e-11
6.49297e-06
-3.13265e-10
-9.95255e-10
6.45429e-06
-2.2641e-09
6.45435e-06
-2.2416e-09
6.45437e-06
-5.26349e-10
6.45435e-06
3.64918e-10
6.45433e-06
3.89754e-10
6.45429e-06
3.25457e-10
6.45427e-06
3.15631e-10
6.45427e-06
9.63829e-10
6.45429e-06
1.46897e-09
6.45431e-06
1.21331e-09
6.45432e-06
7.14159e-10
6.45433e-06
3.2946e-10
6.45433e-06
4.43587e-11
6.45432e-06
-3.133e-10
6.45431e-06
-5.81378e-10
6.45429e-06
-6.82406e-10
6.45427e-06
-7.52204e-10
6.45425e-06
-8.77138e-10
6.45427e-06
-1.82812e-09
6.45432e-06
-2.35946e-09
6.45432e-06
-1.07132e-09
6.4543e-06
8.48506e-11
6.45429e-06
5.76589e-10
6.45426e-06
8.35479e-10
6.45425e-06
6.95273e-10
6.45425e-06
6.3079e-10
6.45424e-06
6.54777e-10
6.45424e-06
4.78159e-10
6.45424e-06
3.14206e-10
6.45424e-06
8.43772e-11
6.45424e-06
-8.41327e-12
6.45423e-06
-3.56176e-10
6.45427e-06
-1.35417e-09
6.45432e-06
-2.00745e-09
6.45435e-06
-1.34696e-09
6.45435e-06
-6.2157e-10
6.45436e-06
-1.72902e-10
6.45437e-06
2.5852e-10
6.45438e-06
1.40902e-09
6.4544e-06
2.11387e-09
6.45441e-06
1.84657e-09
6.4544e-06
1.51434e-09
6.4544e-06
9.52085e-10
6.45439e-06
7.17213e-10
6.45438e-06
6.13925e-10
6.45438e-06
4.61347e-10
6.45437e-06
2.79632e-10
6.45437e-06
1.44934e-10
6.45437e-06
3.73298e-11
6.45437e-06
4.61914e-12
6.45437e-06
-2.49741e-11
6.45437e-06
-1.9166e-11
6.45437e-06
-2.82803e-11
6.45437e-06
-1.30474e-11
6.45437e-06
-2.20412e-11
6.45436e-06
-6.98221e-12
6.45436e-06
-7.64484e-12
6.45436e-06
9.92983e-12
6.45436e-06
-2.04554e-12
6.45436e-06
4.7843e-12
6.45436e-06
-5.46977e-12
6.45435e-06
-4.82485e-12
6.45435e-06
-1.4831e-11
6.45435e-06
-8.2418e-12
6.45435e-06
-1.56508e-11
6.45435e-06
-2.78439e-12
6.45435e-06
-1.18007e-11
6.45435e-06
2.00746e-12
6.45434e-06
-2.87812e-13
6.45434e-06
1.6692e-11
6.45434e-06
3.41657e-12
6.45434e-06
1.08298e-11
6.45434e-06
-7.43871e-13
6.45434e-06
3.69087e-12
6.45434e-06
-3.30547e-12
6.45434e-06
3.52277e-12
6.45434e-06
-3.46977e-12
6.45434e-06
3.27881e-12
6.45434e-06
-2.5948e-12
6.45434e-06
2.75338e-12
6.45434e-06
-1.94453e-12
6.45434e-06
2.11602e-12
6.45434e-06
-1.88939e-12
6.45434e-06
1.93832e-12
6.45434e-06
-1.2758e-12
6.45433e-06
2.52862e-12
6.45434e-06
-1.118e-12
6.45433e-06
2.98438e-12
6.45433e-06
-2.05649e-12
6.45433e-06
1.8051e-12
6.45433e-06
-2.14622e-12
6.45433e-06
2.02315e-12
6.45433e-06
-2.28831e-12
6.45433e-06
2.89557e-12
6.45433e-06
-3.39562e-12
6.45433e-06
-5.82443e-13
6.45433e-06
-1.77002e-11
6.45433e-06
-7.15767e-11
6.45433e-06
-3.07605e-10
-9.62674e-10
6.41e-06
-2.26012e-09
6.41006e-06
-2.3011e-09
6.41008e-06
-5.45728e-10
6.41006e-06
3.82836e-10
6.41004e-06
4.11647e-10
6.41e-06
3.63091e-10
6.40998e-06
3.39604e-10
6.40998e-06
9.57674e-10
6.41e-06
1.44668e-09
6.41002e-06
1.19595e-09
6.41003e-06
7.04657e-10
6.41004e-06
3.21911e-10
6.41004e-06
4.07054e-11
6.41003e-06
-3.0569e-10
6.41002e-06
-5.64898e-10
6.41e-06
-6.63597e-10
6.40998e-06
-7.31032e-10
6.40995e-06
-8.5404e-10
6.40997e-06
-1.84744e-09
6.41003e-06
-2.41158e-09
6.41003e-06
-1.07359e-09
6.41001e-06
1.10571e-10
6.40999e-06
5.91729e-10
6.40997e-06
8.56521e-10
6.40996e-06
7.05186e-10
6.40995e-06
6.35831e-10
6.40995e-06
6.60459e-10
6.40994e-06
4.86325e-10
6.40994e-06
3.16415e-10
6.40995e-06
8.66776e-11
6.40994e-06
-1.22474e-11
6.40994e-06
-3.49492e-10
6.40997e-06
-1.38853e-09
6.41003e-06
-2.06748e-09
6.41006e-06
-1.37607e-09
6.41006e-06
-6.27695e-10
6.41006e-06
-1.7696e-10
6.41008e-06
2.43155e-10
6.41009e-06
1.39746e-09
6.4101e-06
2.09959e-09
6.41012e-06
1.83355e-09
6.41011e-06
1.51935e-09
6.41011e-06
9.58996e-10
6.4101e-06
7.2094e-10
6.41009e-06
6.21446e-10
6.41009e-06
4.68639e-10
6.41008e-06
2.84851e-10
6.41008e-06
1.44826e-10
6.41008e-06
3.81584e-11
6.41008e-06
4.57947e-12
6.41008e-06
-2.40228e-11
6.41008e-06
-1.79678e-11
6.41008e-06
-2.6152e-11
6.41007e-06
-1.10424e-11
6.41007e-06
-1.95339e-11
6.41007e-06
-5.27671e-12
6.41007e-06
-5.19068e-12
6.41007e-06
1.13015e-11
6.41006e-06
6.65653e-13
6.41006e-06
6.54493e-12
6.41006e-06
-3.73059e-12
6.41006e-06
-3.11111e-12
6.41006e-06
-1.33659e-11
6.41006e-06
-6.97085e-12
6.41005e-06
-1.41252e-11
6.41005e-06
-1.72185e-12
6.41005e-06
-1.04585e-11
6.41005e-06
2.47159e-12
6.41005e-06
8.60287e-13
6.41005e-06
1.68123e-11
6.41005e-06
4.90628e-12
6.41005e-06
1.12659e-11
6.41005e-06
1.16283e-13
6.41005e-06
3.94573e-12
6.41005e-06
-2.35684e-12
6.41005e-06
3.91224e-12
6.41005e-06
-2.69667e-12
6.41005e-06
3.81365e-12
6.41004e-06
-2.10099e-12
6.41004e-06
3.46802e-12
6.41004e-06
-1.77388e-12
6.41004e-06
2.67154e-12
6.41004e-06
-1.69812e-12
6.41004e-06
2.47184e-12
6.41004e-06
-1.15759e-12
6.41004e-06
3.14674e-12
6.41004e-06
-1.10878e-12
6.41004e-06
3.54092e-12
6.41004e-06
-2.04e-12
6.41004e-06
2.11509e-12
6.41004e-06
-2.02538e-12
6.41004e-06
2.21834e-12
6.41004e-06
-2.08011e-12
6.41004e-06
3.02577e-12
6.41004e-06
-3.11954e-12
6.41004e-06
-4.26084e-13
6.41004e-06
-1.74327e-11
6.41004e-06
-7.11348e-11
6.41003e-06
-3.01218e-10
-9.30504e-10
6.35954e-06
-2.26159e-09
6.3596e-06
-2.36348e-09
6.35962e-06
-5.65689e-10
6.3596e-06
4.01603e-10
6.35958e-06
4.33079e-10
6.35955e-06
4.00784e-10
6.35952e-06
3.62693e-10
6.35953e-06
9.51093e-10
6.35955e-06
1.42397e-09
6.35957e-06
1.1787e-09
6.35958e-06
6.95289e-10
6.35959e-06
3.14481e-10
6.35959e-06
3.78432e-11
6.35958e-06
-2.97372e-10
6.35956e-06
-5.47419e-10
6.35954e-06
-6.43326e-10
6.35952e-06
-7.08794e-10
6.35949e-06
-8.28356e-10
6.35952e-06
-1.86773e-09
6.35957e-06
-2.46747e-09
6.35958e-06
-1.07588e-09
6.35955e-06
1.37961e-10
6.35953e-06
6.06366e-10
6.35951e-06
8.78213e-10
6.3595e-06
7.14583e-10
6.3595e-06
6.40667e-10
6.35949e-06
6.65317e-10
6.35949e-06
4.95121e-10
6.35949e-06
3.18622e-10
6.35949e-06
9.03815e-11
6.35949e-06
-1.6059e-11
6.35948e-06
-3.40236e-10
6.35951e-06
-1.424e-09
6.35957e-06
-2.13015e-09
6.3596e-06
-1.4056e-09
6.35961e-06
-6.33018e-10
6.35961e-06
-1.8073e-10
6.35962e-06
2.26707e-10
6.35964e-06
1.3864e-09
6.35965e-06
2.0861e-09
6.35966e-06
1.82001e-09
6.35966e-06
1.52385e-09
6.35965e-06
9.65746e-10
6.35965e-06
7.23845e-10
6.35964e-06
6.28842e-10
6.35963e-06
4.76067e-10
6.35963e-06
2.90427e-10
6.35963e-06
1.44563e-10
6.35963e-06
3.9516e-11
6.35963e-06
4.97541e-12
6.35962e-06
-2.22477e-11
6.35962e-06
-1.61985e-11
6.35962e-06
-2.32762e-11
6.35962e-06
-8.66262e-12
6.35961e-06
-1.64871e-11
6.35961e-06
-3.42647e-12
6.35961e-06
-2.49807e-12
6.35961e-06
1.24849e-11
6.35961e-06
3.53864e-12
6.3596e-06
8.08988e-12
6.3596e-06
-1.80539e-12
6.3596e-06
-1.8605e-12
6.3596e-06
-1.1299e-11
6.3596e-06
-5.76111e-12
6.3596e-06
-1.2442e-11
6.35959e-06
-7.90944e-13
6.35959e-06
-9.00467e-12
6.35959e-06
2.7314e-12
6.35959e-06
1.97578e-12
6.35959e-06
1.65258e-11
6.35959e-06
6.36882e-12
6.35959e-06
1.1747e-11
6.35959e-06
6.1399e-13
6.35959e-06
4.39397e-12
6.35959e-06
-1.79235e-12
6.35959e-06
4.3726e-12
6.35959e-06
-2.13355e-12
6.35959e-06
4.03761e-12
6.35959e-06
-1.38043e-12
6.35959e-06
3.35485e-12
6.35959e-06
-8.32726e-13
6.35959e-06
2.5134e-12
6.35959e-06
-8.65082e-13
6.35959e-06
2.17274e-12
6.35959e-06
-2.53336e-13
6.35958e-06
2.81069e-12
6.35959e-06
-1.92085e-13
6.35958e-06
3.35319e-12
6.35958e-06
-1.34275e-12
6.35958e-06
1.8771e-12
6.35958e-06
-1.41929e-12
6.35958e-06
2.01994e-12
6.35958e-06
-1.54908e-12
6.35958e-06
3.01845e-12
6.35958e-06
-2.77113e-12
6.35958e-06
-5.05725e-13
6.35958e-06
-1.69267e-11
6.35958e-06
-7.04438e-11
6.35958e-06
-2.94434e-10
-8.94589e-10
6.30228e-06
-2.26106e-09
6.30235e-06
-2.43262e-09
6.30237e-06
-5.85267e-10
6.30235e-06
4.21534e-10
6.30233e-06
4.54364e-10
6.30229e-06
4.39233e-10
6.30227e-06
3.86139e-10
6.30228e-06
9.43277e-10
6.3023e-06
1.40048e-09
6.30232e-06
1.16093e-09
6.30233e-06
6.85654e-10
6.30233e-06
3.07294e-10
6.30234e-06
3.56871e-11
6.30233e-06
-2.87477e-10
6.30231e-06
-5.28099e-10
6.30229e-06
-6.21163e-10
6.30226e-06
-6.8441e-10
6.30223e-06
-8.00095e-10
6.30225e-06
-1.88838e-09
6.30232e-06
-2.52823e-09
6.30232e-06
-1.07804e-09
6.30229e-06
1.66572e-10
6.30228e-06
6.21251e-10
6.30225e-06
9.00242e-10
6.30224e-06
7.24633e-10
6.30224e-06
6.44884e-10
6.30223e-06
6.70952e-10
6.30223e-06
5.04074e-10
6.30223e-06
3.22066e-10
6.30223e-06
9.36804e-11
6.30222e-06
-1.85574e-11
6.30221e-06
-3.29592e-10
6.30225e-06
-1.46034e-09
6.30232e-06
-2.19744e-09
6.30234e-06
-1.43636e-09
6.30235e-06
-6.38572e-10
6.30235e-06
-1.84661e-10
6.30237e-06
2.08778e-10
6.30238e-06
1.37532e-09
6.30239e-06
2.07293e-09
6.30241e-06
1.80482e-09
6.3024e-06
1.52862e-09
6.3024e-06
9.71981e-10
6.30239e-06
7.26395e-10
6.30239e-06
6.35814e-10
6.30238e-06
4.84054e-10
6.30237e-06
2.96259e-10
6.30237e-06
1.44839e-10
6.30237e-06
4.12679e-11
6.30237e-06
6.24378e-12
6.30237e-06
-1.98949e-11
6.30236e-06
-1.35657e-11
6.30236e-06
-1.99649e-11
6.30236e-06
-5.63126e-12
6.30235e-06
-1.32628e-11
6.30235e-06
-1.14244e-12
6.30235e-06
2.49134e-13
6.30235e-06
1.40202e-11
6.30235e-06
6.40067e-12
6.30234e-06
9.89638e-12
6.30234e-06
-1.16598e-13
6.30234e-06
-1.70839e-13
6.30234e-06
-9.94056e-12
6.30234e-06
-4.56014e-12
6.30234e-06
-1.10582e-11
6.30234e-06
1.72357e-13
6.30233e-06
-7.84309e-12
6.30233e-06
3.06904e-12
6.30233e-06
2.88598e-12
6.30233e-06
1.64096e-11
6.30233e-06
7.71694e-12
6.30233e-06
1.20068e-11
6.30233e-06
1.28775e-12
6.30233e-06
4.48594e-12
6.30233e-06
-1.01645e-12
6.30233e-06
4.60854e-12
6.30233e-06
-1.52722e-12
6.30233e-06
4.43839e-12
6.30233e-06
-1.05283e-12
6.30233e-06
3.96456e-12
6.30233e-06
-8.35576e-13
6.30233e-06
2.96824e-12
6.30233e-06
-8.37434e-13
6.30233e-06
2.62022e-12
6.30233e-06
-2.98218e-13
6.30233e-06
3.35136e-12
6.30233e-06
-3.42101e-13
6.30233e-06
3.82787e-12
6.30233e-06
-1.46029e-12
6.30233e-06
2.12051e-12
6.30233e-06
-1.42258e-12
6.30233e-06
2.15163e-12
6.30233e-06
-1.45454e-12
6.30233e-06
3.08138e-12
6.30233e-06
-2.58476e-12
6.30233e-06
-3.87989e-13
6.30233e-06
-1.66918e-11
6.30233e-06
-6.97199e-11
6.30232e-06
-2.86898e-10
-8.59047e-10
6.23742e-06
-2.26627e-09
6.23749e-06
-2.50614e-09
6.23751e-06
-6.05983e-10
6.23749e-06
4.4232e-10
6.23747e-06
4.75005e-10
6.23743e-06
4.78085e-10
6.23741e-06
4.09122e-10
6.23742e-06
9.35087e-10
6.23744e-06
1.37647e-09
6.23746e-06
1.14342e-09
6.23747e-06
6.76461e-10
6.23748e-06
3.00607e-10
6.23748e-06
3.47568e-11
6.23747e-06
-2.76306e-10
6.23744e-06
-5.0723e-10
6.23742e-06
-5.97122e-10
6.2374e-06
-6.58581e-10
6.23736e-06
-7.68801e-10
6.23739e-06
-1.91053e-09
6.23745e-06
-2.59438e-09
6.23746e-06
-1.0806e-09
6.23743e-06
1.96932e-10
6.23741e-06
6.35403e-10
6.23739e-06
9.23031e-10
6.23738e-06
7.3437e-10
6.23738e-06
6.49001e-10
6.23737e-06
6.76001e-10
6.23736e-06
5.14006e-10
6.23736e-06
3.25923e-10
6.23736e-06
9.87175e-11
6.23736e-06
-2.05375e-11
6.23734e-06
-3.15751e-10
6.23738e-06
-1.49819e-09
6.23745e-06
-2.26867e-09
6.23748e-06
-1.46811e-09
6.23749e-06
-6.43474e-10
6.23749e-06
-1.88268e-10
6.23751e-06
1.89617e-10
6.23752e-06
1.36478e-09
6.23753e-06
2.06036e-09
6.23755e-06
1.78854e-09
6.23754e-06
1.5328e-09
6.23754e-06
9.7801e-10
6.23753e-06
7.28128e-10
6.23753e-06
6.42772e-10
6.23752e-06
4.92494e-10
6.23751e-06
3.02786e-10
6.23751e-06
1.45313e-10
6.23751e-06
4.39209e-11
6.23751e-06
8.30677e-12
6.2375e-06
-1.64781e-11
6.2375e-06
-1.02226e-11
6.2375e-06
-1.58916e-11
6.23749e-06
-2.26838e-12
6.23749e-06
-9.60876e-12
6.23749e-06
1.17052e-12
6.23748e-06
3.09967e-12
6.23748e-06
1.52506e-11
6.23748e-06
9.29233e-12
6.23748e-06
1.13737e-11
6.23748e-06
1.64567e-12
6.23748e-06
9.38762e-13
6.23747e-06
-8.05646e-12
6.23747e-06
-3.48637e-12
6.23747e-06
-9.5941e-12
6.23747e-06
9.5426e-13
6.23747e-06
-6.63019e-12
6.23747e-06
3.16721e-12
6.23747e-06
3.72303e-12
6.23747e-06
1.58696e-11
6.23747e-06
9.0077e-12
6.23747e-06
1.23148e-11
6.23747e-06
1.56019e-12
6.23747e-06
4.78268e-12
6.23747e-06
-6.6441e-13
6.23747e-06
4.91937e-12
6.23747e-06
-1.1629e-12
6.23747e-06
4.50888e-12
6.23747e-06
-5.12535e-13
6.23747e-06
3.69803e-12
6.23747e-06
-5.22785e-14
6.23746e-06
2.67817e-12
6.23747e-06
-1.58689e-13
6.23746e-06
2.19533e-12
6.23747e-06
4.58796e-13
6.23746e-06
2.8923e-12
6.23746e-06
4.40859e-13
6.23746e-06
3.52938e-12
6.23746e-06
-8.7843e-13
6.23746e-06
1.80016e-12
6.23746e-06
-9.30172e-13
6.23746e-06
1.88269e-12
6.23746e-06
-1.03193e-12
6.23746e-06
3.01507e-12
6.23746e-06
-2.33416e-12
6.23746e-06
-5.09282e-13
6.23746e-06
-1.62153e-11
6.23746e-06
-6.87157e-11
6.23746e-06
-2.78926e-10
-8.19003e-10
6.16392e-06
-2.26963e-09
6.164e-06
-2.58827e-09
6.16402e-06
-6.2678e-10
6.164e-06
4.6429e-10
6.16398e-06
4.95329e-10
6.16394e-06
5.18176e-10
6.16392e-06
4.33006e-10
6.16393e-06
9.25945e-10
6.16395e-06
1.35163e-09
6.16397e-06
1.12562e-09
6.16398e-06
6.67427e-10
6.16398e-06
2.94635e-10
6.16398e-06
3.50773e-11
6.16397e-06
-2.62994e-10
6.16395e-06
-4.83999e-10
6.16392e-06
-5.70815e-10
6.16389e-06
-6.30303e-10
6.16386e-06
-7.34448e-10
6.16388e-06
-1.93388e-09
6.16396e-06
-2.66744e-09
6.16396e-06
-1.08352e-09
6.16393e-06
2.28587e-10
6.16391e-06
6.49656e-10
6.16389e-06
9.46441e-10
6.16388e-06
7.44989e-10
6.16388e-06
6.52813e-10
6.16387e-06
6.81984e-10
6.16386e-06
5.24471e-10
6.16386e-06
3.31385e-10
6.16386e-06
1.03729e-10
6.16385e-06
-2.04952e-11
6.16384e-06
-2.99676e-10
6.16388e-06
-1.53758e-09
6.16395e-06
-2.34605e-09
6.16398e-06
-1.50168e-09
6.16399e-06
-6.4867e-10
6.16399e-06
-1.91838e-10
6.16401e-06
1.68849e-10
6.16402e-06
1.35428e-09
6.16403e-06
2.04787e-09
6.16405e-06
1.76994e-09
6.16404e-06
1.53709e-09
6.16404e-06
9.83453e-10
6.16404e-06
7.29563e-10
6.16403e-06
6.49521e-10
6.16402e-06
5.01868e-10
6.16402e-06
3.10016e-10
6.16401e-06
1.46783e-10
6.16401e-06
4.73532e-11
6.16401e-06
1.15943e-11
6.164e-06
-1.22215e-11
6.164e-06
-5.96756e-12
6.16399e-06
-1.14055e-11
6.16399e-06
1.58131e-12
6.16399e-06
-5.91754e-12
6.16398e-06
3.73192e-12
6.16398e-06
5.83188e-12
6.16398e-06
1.6666e-11
6.16398e-06
1.19476e-11
6.16398e-06
1.29456e-11
6.16398e-06
3.06215e-12
6.16397e-06
2.41158e-12
6.16397e-06
-6.96945e-12
6.16397e-06
-2.50538e-12
6.16397e-06
-8.45849e-12
6.16397e-06
1.69158e-12
6.16397e-06
-5.72515e-12
6.16397e-06
3.30117e-12
6.16397e-06
4.32981e-12
6.16397e-06
1.54719e-11
6.16397e-06
1.00845e-11
6.16397e-06
1.23118e-11
6.16397e-06
2.02516e-12
6.16397e-06
4.65634e-12
6.16397e-06
-7.02646e-14
6.16397e-06
4.95983e-12
6.16397e-06
-7.27468e-13
6.16397e-06
4.75192e-12
6.16397e-06
-3.61773e-13
6.16397e-06
4.20338e-12
6.16397e-06
-2.52888e-13
6.16397e-06
3.03228e-12
6.16397e-06
-3.11673e-13
6.16397e-06
2.56582e-12
6.16397e-06
2.31036e-13
6.16397e-06
3.37082e-12
6.16397e-06
1.10528e-13
6.16397e-06
3.92937e-12
6.16397e-06
-1.13899e-12
6.16397e-06
1.98396e-12
6.16397e-06
-1.0615e-12
6.16397e-06
1.95348e-12
6.16397e-06
-1.05081e-12
6.16397e-06
3.00251e-12
6.16397e-06
-2.22681e-12
6.16397e-06
-4.31736e-13
6.16397e-06
-1.60002e-11
6.16397e-06
-6.76906e-11
6.16396e-06
-2.70137e-10
-7.79024e-10
6.08043e-06
-2.27936e-09
6.08052e-06
-2.67689e-09
6.08054e-06
-6.49634e-10
6.08052e-06
4.87227e-10
6.0805e-06
5.14981e-10
6.08046e-06
5.59424e-10
6.08043e-06
4.57347e-10
6.08044e-06
9.16839e-10
6.08047e-06
1.32628e-09
6.08049e-06
1.10819e-09
6.08049e-06
6.59231e-10
6.0805e-06
2.89709e-10
6.0805e-06
3.7189e-11
6.08048e-06
-2.47744e-10
6.08046e-06
-4.58633e-10
6.08043e-06
-5.4225e-10
6.0804e-06
-6.00169e-10
6.08036e-06
-6.96606e-10
6.08039e-06
-1.95972e-09
6.08047e-06
-2.74838e-09
6.08047e-06
-1.08731e-09
6.08044e-06
2.62201e-10
6.08043e-06
6.63194e-10
6.0804e-06
9.70935e-10
6.08039e-06
7.55791e-10
6.08039e-06
6.56994e-10
6.08038e-06
6.87878e-10
6.08037e-06
5.36223e-10
6.08037e-06
3.37843e-10
6.08037e-06
1.10762e-10
6.08036e-06
-1.90772e-11
6.08034e-06
-2.79729e-10
6.08038e-06
-1.57938e-09
6.08046e-06
-2.42947e-09
6.0805e-06
-1.53694e-09
6.0805e-06
-6.53289e-10
6.0805e-06
-1.94798e-10
6.08052e-06
1.46658e-10
6.08053e-06
1.34415e-09
6.08054e-06
2.03552e-09
6.08057e-06
1.74923e-09
6.08056e-06
1.54056e-09
6.08056e-06
9.88603e-10
6.08056e-06
7.30488e-10
6.08055e-06
6.56569e-10
6.08054e-06
5.12149e-10
6.08053e-06
3.18424e-10
6.08053e-06
1.49048e-10
6.08052e-06
5.21136e-11
6.08052e-06
1.60551e-11
6.08051e-06
-6.75899e-12
6.08051e-06
-1.03037e-12
6.0805e-06
-6.33598e-12
6.0805e-06
5.5358e-12
6.0805e-06
-2.06109e-12
6.08049e-06
6.11819e-12
6.08049e-06
8.42656e-12
6.08049e-06
1.76338e-11
6.08049e-06
1.43813e-11
6.08049e-06
1.4027e-11
6.08049e-06
4.42073e-12
6.08048e-06
3.12849e-12
6.08048e-06
-5.39517e-12
6.08048e-06
-1.71018e-12
6.08048e-06
-7.32029e-12
6.08048e-06
2.20198e-12
6.08048e-06
-4.82701e-12
6.08048e-06
3.20014e-12
6.08048e-06
4.81955e-12
6.08048e-06
1.46863e-11
6.08048e-06
1.10196e-11
6.08048e-06
1.23982e-11
6.08048e-06
2.02839e-12
6.08048e-06
4.79321e-12
6.08048e-06
2.83389e-14
6.08048e-06
5.10867e-12
6.08048e-06
-5.84656e-13
6.08048e-06
4.6336e-12
6.08048e-06
5.82279e-15
6.08048e-06
3.71909e-12
6.08048e-06
4.22395e-13
6.08048e-06
2.56323e-12
6.08048e-06
2.54273e-13
6.08048e-06
1.9618e-12
6.08048e-06
8.92063e-13
6.08048e-06
2.7284e-12
6.08048e-06
8.24682e-13
6.08048e-06
3.47353e-12
6.08048e-06
-6.16811e-13
6.08048e-06
1.55372e-12
6.08048e-06
-6.41174e-13
6.08048e-06
1.59609e-12
6.08048e-06
-7.05458e-13
6.08048e-06
2.87382e-12
6.08048e-06
-2.06097e-12
6.08048e-06
-6.06345e-13
6.08048e-06
-1.55238e-11
6.08048e-06
-6.6318e-11
6.08047e-06
-2.60832e-10
-7.33156e-10
5.98513e-06
-2.28723e-09
5.98523e-06
-2.77654e-09
5.98525e-06
-6.73072e-10
5.98523e-06
5.11425e-10
5.98521e-06
5.34333e-10
5.98517e-06
6.02656e-10
5.98514e-06
4.83399e-10
5.98515e-06
9.07828e-10
5.98518e-06
1.30059e-09
5.98519e-06
1.09069e-09
5.9852e-06
6.51631e-10
5.9852e-06
2.8608e-10
5.9852e-06
4.11743e-11
5.98518e-06
-2.29813e-10
5.98516e-06
-4.3044e-10
5.98512e-06
-5.1106e-10
5.98509e-06
-5.6735e-10
5.98505e-06
-6.55195e-10
5.98508e-06
-1.98819e-09
5.98517e-06
-2.83881e-09
5.98518e-06
-1.09178e-09
5.98514e-06
2.97669e-10
5.98513e-06
6.76636e-10
5.9851e-06
9.96282e-10
5.98509e-06
7.67714e-10
5.98509e-06
6.61851e-10
5.98508e-06
6.95543e-10
5.98507e-06
5.49229e-10
5.98506e-06
3.46408e-10
5.98506e-06
1.1871e-10
5.98505e-06
-1.52165e-11
5.98503e-06
-2.5673e-10
5.98507e-06
-1.62424e-09
5.98516e-06
-2.52125e-09
5.9852e-06
-1.57443e-09
5.9852e-06
-6.57789e-10
5.9852e-06
-1.97156e-10
5.98522e-06
1.22613e-10
5.98523e-06
1.33346e-09
5.98525e-06
2.0222e-09
5.98527e-06
1.72482e-09
5.98527e-06
1.54329e-09
5.98526e-06
9.93031e-10
5.98526e-06
7.31796e-10
5.98526e-06
6.64319e-10
5.98524e-06
5.23832e-10
5.98523e-06
3.28113e-10
5.98523e-06
1.52839e-10
5.98522e-06
5.82481e-11
5.98522e-06
2.20067e-11
5.98521e-06
-4.18036e-13
5.98521e-06
4.59334e-12
5.9852e-06
-1.14051e-12
5.9852e-06
9.60043e-12
5.98519e-06
1.51998e-12
5.98519e-06
8.39185e-12
5.98519e-06
1.06537e-11
5.98519e-06
1.84829e-11
5.98519e-06
1.64219e-11
5.98519e-06
1.50252e-11
5.98518e-06
5.30335e-12
5.98518e-06
4.17126e-12
5.98518e-06
-4.74833e-12
5.98518e-06
-1.09539e-12
5.98518e-06
-6.52941e-12
5.98518e-06
2.60576e-12
5.98518e-06
-4.23589e-12
5.98518e-06
3.06011e-12
5.98518e-06
5.08014e-12
5.98518e-06
1.3952e-11
5.98518e-06
1.17577e-11
5.98518e-06
1.2072e-11
5.98518e-06
2.27785e-12
5.98518e-06
4.4194e-12
5.98518e-06
4.44347e-13
5.98518e-06
4.93315e-12
5.98518e-06
-3.10122e-13
5.98518e-06
4.70922e-12
5.98518e-06
-1.58022e-14
5.98518e-06
4.12855e-12
5.98518e-06
2.07153e-14
5.98518e-06
2.82829e-12
5.98518e-06
-7.84928e-14
5.98518e-06
2.27375e-12
5.98518e-06
4.78722e-13
5.98518e-06
3.16678e-12
5.98518e-06
3.12436e-13
5.98518e-06
3.81226e-12
5.98518e-06
-1.01218e-12
5.98518e-06
1.69544e-12
5.98518e-06
-8.90098e-13
5.98518e-06
1.62036e-12
5.98518e-06
-8.25706e-13
5.98518e-06
2.78887e-12
5.98518e-06
-2.01364e-12
5.98518e-06
-5.60684e-13
5.98518e-06
-1.53032e-11
5.98518e-06
-6.49249e-11
5.98517e-06
-2.50598e-10
-6.87075e-10
5.8755e-06
-2.30351e-09
5.87561e-06
-2.88462e-09
5.87563e-06
-6.99875e-10
5.87561e-06
5.35898e-10
5.87559e-06
5.52948e-10
5.87554e-06
6.47511e-10
5.87551e-06
5.10279e-10
5.87552e-06
9.01163e-10
5.87555e-06
1.2768e-09
5.87556e-06
1.07417e-09
5.87557e-06
6.45266e-10
5.87557e-06
2.84092e-10
5.87556e-06
4.74616e-11
5.87554e-06
-2.09441e-10
5.87551e-06
-3.99667e-10
5.87548e-06
-4.77284e-10
5.87544e-06
-5.32295e-10
5.8754e-06
-6.09962e-10
5.87543e-06
-2.02128e-09
5.87554e-06
-2.93989e-09
5.87554e-06
-1.09721e-09
5.87551e-06
3.34994e-10
5.87549e-06
6.89017e-10
5.87547e-06
1.02222e-09
5.87545e-06
7.79373e-10
5.87545e-06
6.69397e-10
5.87544e-06
7.0632e-10
5.87542e-06
5.64809e-10
5.87541e-06
3.56762e-10
5.87541e-06
1.29418e-10
5.8754e-06
-9.41569e-12
5.87537e-06
-2.29584e-10
5.87542e-06
-1.67411e-09
5.87552e-06
-2.6216e-09
5.87556e-06
-1.61276e-09
5.87556e-06
-6.60531e-10
5.87556e-06
-1.97876e-10
5.87558e-06
9.67048e-11
5.8756e-06
1.32092e-09
5.87561e-06
2.00591e-09
5.87564e-06
1.69569e-09
5.87564e-06
1.5434e-09
5.87564e-06
9.96031e-10
5.87563e-06
7.34719e-10
5.87562e-06
6.75428e-10
5.87561e-06
5.37664e-10
5.8756e-06
3.39674e-10
5.87559e-06
1.58119e-10
5.87558e-06
6.62174e-11
5.87558e-06
2.92613e-11
5.87557e-06
6.8847e-12
5.87556e-06
1.04661e-11
5.87556e-06
4.11415e-12
5.87556e-06
1.32821e-11
5.87555e-06
4.81385e-12
5.87555e-06
1.01203e-11
5.87555e-06
1.24323e-11
5.87555e-06
1.86369e-11
5.87555e-06
1.80421e-11
5.87555e-06
1.53388e-11
5.87555e-06
6.01948e-12
5.87555e-06
4.17378e-12
5.87554e-06
-3.51945e-12
5.87554e-06
-7.11271e-13
5.87554e-06
-5.79177e-12
5.87554e-06
2.75763e-12
5.87554e-06
-3.68555e-12
5.87554e-06
2.6724e-12
5.87554e-06
5.20889e-12
5.87554e-06
1.28253e-11
5.87554e-06
1.23628e-11
5.87555e-06
1.19792e-11
5.87554e-06
1.93229e-12
5.87555e-06
4.48345e-12
5.87554e-06
2.0001e-13
5.87555e-06
4.97034e-12
5.87554e-06
-4.31517e-13
5.87554e-06
4.34868e-12
5.87555e-06
2.38666e-13
5.87554e-06
3.24163e-12
5.87555e-06
7.93384e-13
5.87554e-06
2.04315e-12
5.87555e-06
5.44204e-13
5.87554e-06
1.32052e-12
5.87555e-06
1.2464e-12
5.87554e-06
2.13821e-12
5.87555e-06
1.1994e-12
5.87555e-06
3.04952e-12
5.87555e-06
-3.6064e-13
5.87555e-06
1.06317e-12
5.87555e-06
-4.03804e-13
5.87555e-06
1.12112e-12
5.87555e-06
-4.59862e-13
5.87555e-06
2.60401e-12
5.87555e-06
-1.90393e-12
5.87555e-06
-8.15468e-13
5.87555e-06
-1.47491e-11
5.87555e-06
-6.30261e-11
5.87553e-06
-2.39785e-10
-6.32982e-10
5.74788e-06
-2.3211e-09
5.748e-06
-3.00718e-09
5.74803e-06
-7.28519e-10
5.74801e-06
5.56924e-10
5.74799e-06
5.70293e-10
5.74795e-06
6.94183e-10
5.74792e-06
5.37205e-10
5.74792e-06
9.01492e-10
5.74793e-06
1.26268e-09
5.74795e-06
1.06124e-09
5.74795e-06
6.40576e-10
5.74795e-06
2.84126e-10
5.74794e-06
5.59943e-11
5.74792e-06
-1.86201e-10
5.74789e-06
-3.65852e-10
5.74785e-06
-4.40651e-10
5.74781e-06
-4.94192e-10
5.74776e-06
-5.61377e-10
5.74781e-06
-2.06274e-09
5.74792e-06
-3.05482e-09
5.74793e-06
-1.10429e-09
5.7479e-06
3.70047e-10
5.74788e-06
6.99818e-10
5.74786e-06
1.04749e-09
5.74785e-06
7.89244e-10
5.74783e-06
6.84583e-10
5.74781e-06
7.29774e-10
5.74779e-06
5.8613e-10
5.74778e-06
3.70653e-10
5.74777e-06
1.41886e-10
5.74776e-06
-4.54891e-13
5.74773e-06
-1.99906e-10
5.74779e-06
-1.73366e-09
5.7479e-06
-2.73427e-09
5.74793e-06
-1.64966e-09
5.74793e-06
-6.60185e-10
5.74793e-06
-1.96066e-10
5.74796e-06
6.83421e-11
5.74798e-06
1.30144e-09
5.748e-06
1.97935e-09
5.74804e-06
1.65797e-09
5.74804e-06
1.53942e-09
5.74804e-06
9.94693e-10
5.74803e-06
7.44675e-10
5.74801e-06
6.9833e-10
5.74799e-06
5.57504e-10
5.74798e-06
3.54052e-10
5.74797e-06
1.65892e-10
5.74796e-06
7.58474e-11
5.74795e-06
3.77784e-11
5.74794e-06
1.45263e-11
5.74794e-06
1.62407e-11
5.74793e-06
8.79313e-12
5.74793e-06
1.63705e-11
5.74793e-06
7.33888e-12
5.74793e-06
1.13157e-11
5.74793e-06
1.35075e-11
5.74792e-06
1.84061e-11
5.74793e-06
1.89563e-11
5.74793e-06
1.54e-11
5.74793e-06
6.13061e-12
5.74792e-06
4.60634e-12
5.74792e-06
-3.41378e-12
5.74792e-06
-5.50502e-13
5.74792e-06
-5.36786e-12
5.74792e-06
2.76034e-12
5.74792e-06
-3.40137e-12
5.74792e-06
2.2512e-12
5.74792e-06
5.11088e-12
5.74792e-06
1.17429e-11
5.74793e-06
1.26548e-11
5.74793e-06
1.12696e-11
5.74793e-06
1.99339e-12
5.74793e-06
3.84861e-12
5.74793e-06
4.69488e-13
5.74793e-06
4.56878e-12
5.74793e-06
-2.78951e-13
5.74793e-06
4.25513e-12
5.74793e-06
6.91663e-14
5.74793e-06
3.57243e-12
5.74793e-06
2.03905e-13
5.74793e-06
2.24326e-12
5.74793e-06
4.94544e-14
5.74793e-06
1.60605e-12
5.74793e-06
6.56915e-13
5.74793e-06
2.56909e-12
5.74793e-06
5.16202e-13
5.74793e-06
3.34564e-12
5.74793e-06
-8.69781e-13
5.74793e-06
1.18828e-12
5.74793e-06
-7.47104e-13
5.74793e-06
1.12233e-12
5.74793e-06
-6.56587e-13
5.74793e-06
2.45129e-12
5.74793e-06
-1.88365e-12
5.74793e-06
-7.9116e-13
5.74793e-06
-1.44735e-11
5.74793e-06
-6.11084e-11
5.74792e-06
-2.27919e-10
-5.80729e-10
5.59679e-06
-2.36954e-09
5.59694e-06
-3.15161e-09
5.59697e-06
-7.68391e-10
5.59697e-06
5.59893e-10
5.59696e-06
5.85107e-10
5.5969e-06
7.46293e-10
5.59688e-06
5.60649e-10
5.59686e-06
9.25439e-10
5.59683e-06
1.28503e-09
5.59683e-06
1.06375e-09
5.59683e-06
6.40684e-10
5.59683e-06
2.87031e-10
5.59682e-06
6.68812e-11
5.59679e-06
-1.60628e-10
5.59676e-06
-3.29265e-10
5.59672e-06
-4.00883e-10
5.59668e-06
-4.53239e-10
5.59663e-06
-5.1081e-10
5.59669e-06
-2.12995e-09
5.59684e-06
-3.19709e-09
5.59685e-06
-1.11923e-09
5.59684e-06
3.89489e-10
5.59683e-06
7.0592e-10
5.5968e-06
1.07465e-09
5.5968e-06
7.92707e-10
5.59676e-06
7.23819e-10
5.59669e-06
7.92889e-10
5.59666e-06
6.26675e-10
5.59664e-06
3.91022e-10
5.59663e-06
1.59621e-10
5.59661e-06
9.79965e-12
5.59658e-06
-1.69341e-10
5.59667e-06
-1.82147e-09
5.59681e-06
-2.8736e-09
5.59684e-06
-1.6825e-09
5.59683e-06
-6.53762e-10
5.59682e-06
-1.90479e-10
5.59685e-06
3.73898e-11
5.59689e-06
1.26434e-09
5.59694e-06
1.92368e-09
5.59699e-06
1.60768e-09
5.597e-06
1.53188e-09
5.59701e-06
9.85533e-10
5.59698e-06
7.7771e-10
5.59692e-06
7.60983e-10
5.59688e-06
5.95538e-10
5.59686e-06
3.74778e-10
5.59684e-06
1.76641e-10
5.59683e-06
8.78173e-11
5.59682e-06
4.6885e-11
5.59682e-06
2.19266e-11
5.59681e-06
2.11258e-11
5.59681e-06
1.24923e-11
5.59681e-06
1.83577e-11
5.59681e-06
8.94886e-12
5.5968e-06
1.14441e-11
5.5968e-06
1.38445e-11
5.5968e-06
1.71336e-11
5.59681e-06
1.95701e-11
5.59681e-06
1.46863e-11
5.59681e-06
5.99915e-12
5.59681e-06
3.77447e-12
5.59681e-06
-2.62789e-12
5.59681e-06
-6.36409e-13
5.59681e-06
-5.04968e-12
5.59681e-06
2.55031e-12
5.59681e-06
-3.18644e-12
5.59681e-06
1.50612e-12
5.59681e-06
4.91275e-12
5.59681e-06
1.0159e-11
5.59681e-06
1.31167e-11
5.59681e-06
1.1016e-11
5.59681e-06
1.33312e-12
5.59681e-06
3.86917e-12
5.59681e-06
-9.17261e-14
5.59681e-06
4.51303e-12
5.59681e-06
-6.30007e-13
5.59681e-06
3.67035e-12
5.59681e-06
2.25947e-13
5.59681e-06
2.311e-12
5.59681e-06
1.08908e-12
5.59681e-06
1.19078e-12
5.59681e-06
7.44556e-13
5.59681e-06
3.56487e-13
5.59681e-06
1.53711e-12
5.59681e-06
1.20244e-12
5.59681e-06
1.5903e-12
5.59681e-06
2.31137e-12
5.59681e-06
-6.50283e-14
5.59681e-06
4.01612e-13
5.59681e-06
-1.72162e-13
5.59681e-06
5.29206e-13
5.59681e-06
-2.45875e-13
5.59681e-06
2.23963e-12
5.59681e-06
-1.80441e-12
5.59681e-06
-1.0943e-12
5.59681e-06
-1.37787e-11
5.59681e-06
-5.83807e-11
5.5968e-06
-2.15437e-10
-5.24226e-10
5.4134e-06
-2.50628e-09
5.41363e-06
-3.3853e-09
5.4137e-06
-8.35603e-10
5.41375e-06
5.09654e-10
5.41372e-06
6.07125e-10
5.41363e-06
8.36378e-10
5.41361e-06
5.8282e-10
5.41352e-06
1.01919e-09
5.41338e-06
1.41931e-09
5.41333e-06
1.11441e-09
5.41332e-06
6.52823e-10
5.41331e-06
2.9431e-10
5.4133e-06
7.95266e-11
5.41327e-06
-1.33108e-10
5.41323e-06
-2.89753e-10
5.41319e-06
-3.57704e-10
5.41315e-06
-4.08019e-10
5.4131e-06
-4.62842e-10
5.41326e-06
-2.29054e-09
5.4135e-06
-3.43655e-09
5.41355e-06
-1.16442e-09
5.41358e-06
3.55519e-10
5.41357e-06
7.1662e-10
5.41351e-06
1.13356e-09
5.41351e-06
7.90251e-10
5.4134e-06
8.34393e-10
5.41322e-06
9.73473e-10
5.41313e-06
7.19394e-10
5.4131e-06
4.26236e-10
5.41308e-06
1.81365e-10
5.41306e-06
2.4148e-11
5.41304e-06
-1.44557e-10
5.41322e-06
-2.00737e-09
5.41346e-06
-3.1131e-09
5.4135e-06
-1.72069e-09
5.41349e-06
-6.43435e-10
5.41348e-06
-1.81322e-10
5.41351e-06
5.3626e-12
5.41358e-06
1.19378e-09
5.4137e-06
1.80139e-09
5.41376e-06
1.55081e-09
5.41373e-06
1.55118e-09
5.41375e-06
9.67687e-10
5.41365e-06
8.81503e-10
5.41347e-06
9.4087e-10
5.41338e-06
6.86928e-10
5.41334e-06
4.10047e-10
5.41333e-06
1.93131e-10
5.41331e-06
1.00743e-10
5.41331e-06
5.55159e-11
5.4133e-06
2.79388e-11
5.4133e-06
2.42524e-11
5.41329e-06
1.44968e-11
5.41329e-06
1.87541e-11
5.41329e-06
9.2835e-12
5.41329e-06
1.07269e-11
5.4133e-06
1.31643e-11
5.4133e-06
1.53679e-11
5.4133e-06
1.89498e-11
5.4133e-06
1.35765e-11
5.4133e-06
5.21808e-12
5.4133e-06
3.64487e-12
5.4133e-06
-3.11901e-12
5.4133e-06
-8.98096e-13
5.4133e-06
-4.87378e-12
5.4133e-06
2.16401e-12
5.4133e-06
-3.09905e-12
5.4133e-06
8.56482e-13
5.4133e-06
4.48845e-12
5.4133e-06
8.71534e-12
5.4133e-06
1.28734e-11
5.41331e-06
9.79597e-12
5.41331e-06
1.35537e-12
5.41331e-06
2.89529e-12
5.41331e-06
1.85882e-13
5.41331e-06
3.83006e-12
5.41331e-06
-4.68607e-13
5.41331e-06
3.45172e-12
5.41331e-06
-8.39687e-14
5.41331e-06
2.7527e-12
5.41331e-06
1.70526e-13
5.41331e-06
1.49984e-12
5.41331e-06
-1.12261e-14
5.41331e-06
8.35285e-13
5.41331e-06
6.21258e-13
5.41331e-06
1.86638e-12
5.41331e-06
5.57465e-13
5.41331e-06
2.7298e-12
5.41331e-06
-7.99166e-13
5.41331e-06
6.48317e-13
5.41331e-06
-6.76878e-13
5.41331e-06
6.10169e-13
5.41331e-06
-5.48972e-13
5.41331e-06
2.02662e-12
5.41331e-06
-1.76275e-12
5.41331e-06
-1.04099e-12
5.41331e-06
-1.33598e-11
5.41331e-06
-5.54552e-11
5.41329e-06
-2.01417e-10
-4.89017e-10
5.18236e-06
-3.00234e-09
5.18294e-06
-3.96563e-09
5.18307e-06
-9.69535e-10
5.18321e-06
3.75528e-10
5.1831e-06
7.1474e-10
5.18283e-06
1.10798e-09
5.18278e-06
6.33548e-10
5.1825e-06
1.29542e-09
5.18208e-06
1.83659e-09
5.18192e-06
1.27975e-09
5.18188e-06
6.86965e-10
5.18187e-06
3.05849e-10
5.18186e-06
9.19913e-11
5.18183e-06
-1.0516e-10
5.18179e-06
-2.47229e-10
5.18174e-06
-3.09755e-10
5.18169e-06
-3.56853e-10
5.18165e-06
-4.25763e-10
5.18215e-06
-2.78993e-09
5.18277e-06
-4.04885e-09
5.18288e-06
-1.27697e-09
5.183e-06
2.36757e-10
5.18291e-06
8.06564e-10
5.18268e-06
1.36415e-09
5.18266e-06
8.09459e-10
5.18236e-06
1.13005e-09
5.18189e-06
1.44555e-09
5.18168e-06
9.34032e-10
5.18162e-06
4.87292e-10
5.1816e-06
2.09218e-10
5.18158e-06
3.99498e-11
5.18157e-06
-1.37123e-10
5.1821e-06
-2.54077e-09
5.18273e-06
-3.74412e-09
5.18284e-06
-1.83232e-09
5.18285e-06
-6.49078e-10
5.18284e-06
-1.75701e-10
5.18286e-06
-1.89532e-11
5.18294e-06
1.1144e-09
5.18315e-06
1.59479e-09
5.18313e-06
1.56671e-09
5.18294e-06
1.7377e-09
5.18294e-06
9.70322e-10
5.18266e-06
1.17024e-09
5.18218e-06
1.41305e-09
5.18197e-06
9.01037e-10
5.18191e-06
4.71446e-10
5.18188e-06
2.15582e-10
5.18187e-06
1.13084e-10
5.18187e-06
6.12737e-11
5.18186e-06
3.09156e-11
5.18186e-06
2.44347e-11
5.18186e-06
1.42447e-11
5.18187e-06
1.71359e-11
5.18187e-06
8.25641e-12
5.18187e-06
8.88906e-12
5.18187e-06
1.14918e-11
5.18187e-06
1.27526e-11
5.18187e-06
1.73786e-11
5.18188e-06
1.14844e-11
5.18188e-06
4.35559e-12
5.18188e-06
1.64789e-12
5.18188e-06
-2.12228e-12
5.18188e-06
-1.23316e-12
5.18188e-06
-4.65363e-12
5.18188e-06
1.59718e-12
5.18188e-06
-2.98581e-12
5.18188e-06
1.50035e-13
5.18188e-06
3.91403e-12
5.18188e-06
7.06666e-12
5.18188e-06
1.22519e-11
5.18189e-06
9.43705e-12
5.18188e-06
2.84602e-13
5.18189e-06
3.14712e-12
5.18189e-06
-8.73597e-13
5.18189e-06
3.79163e-12
5.18189e-06
-1.11067e-12
5.18189e-06
2.44478e-12
5.18189e-06
1.75752e-13
5.18189e-06
5.18335e-13
5.18189e-06
1.77679e-12
5.18189e-06
-2.51641e-13
5.18189e-06
1.26081e-12
5.18189e-06
-1.242e-12
5.18189e-06
2.20038e-12
5.18189e-06
-4.9828e-13
5.18189e-06
2.5212e-12
5.18189e-06
9.13502e-13
5.18189e-06
7.20164e-13
5.18189e-06
-6.20871e-13
5.18189e-06
3.94308e-13
5.18189e-06
-2.95162e-13
5.18189e-06
2.04345e-13
5.18189e-06
1.73558e-12
5.18189e-06
-1.61271e-12
5.18189e-06
-1.5268e-12
5.18189e-06
-1.21472e-11
5.18189e-06
-5.0702e-11
5.18187e-06
-1.8492e-10
-4.83116e-10
4.87409e-06
-4.5607e-09
4.87584e-06
-5.70615e-09
4.87592e-06
-1.0516e-09
4.8759e-06
3.95465e-10
4.87539e-06
1.2242e-09
4.87454e-06
1.9518e-09
4.87439e-06
7.89556e-10
4.87376e-06
1.92653e-09
4.87282e-06
2.76844e-09
4.8725e-06
1.60231e-09
4.87246e-06
7.24767e-10
4.87246e-06
3.0802e-10
4.87246e-06
9.69061e-11
4.87243e-06
-7.91106e-11
4.87238e-06
-2.00167e-10
4.87233e-06
-2.53487e-10
4.87227e-06
-2.94597e-10
4.87225e-06
-4.05835e-10
4.8738e-06
-4.34212e-09
4.8756e-06
-5.85192e-09
4.87566e-06
-1.33634e-09
4.87563e-06
2.74184e-10
4.87514e-06
1.28958e-09
4.87435e-06
2.15181e-09
4.87424e-06
9.24109e-10
4.87358e-06
1.78627e-09
4.87258e-06
2.44762e-09
4.8722e-06
1.3186e-09
4.87213e-06
5.58746e-10
4.87212e-06
2.30765e-10
4.8721e-06
5.13013e-11
4.87212e-06
-1.60872e-10
4.87372e-06
-4.14233e-09
4.8756e-06
-5.62525e-09
4.87596e-06
-2.19586e-09
4.87602e-06
-7.08511e-10
4.87603e-06
-1.84321e-10
4.87602e-06
-6.04621e-12
4.87582e-06
1.31402e-09
4.87584e-06
1.57041e-09
4.87544e-06
1.97061e-09
4.8747e-06
2.47586e-09
4.8746e-06
1.06678e-09
4.87395e-06
1.82018e-09
4.87295e-06
2.41714e-09
4.87256e-06
1.28706e-09
4.87249e-06
5.44111e-10
4.87247e-06
2.31734e-10
4.87247e-06
1.17242e-10
4.87247e-06
5.95165e-11
4.87247e-06
2.84392e-11
4.87248e-06
2.05336e-11
4.87248e-06
1.12726e-11
4.87248e-06
1.33452e-11
4.87249e-06
5.88101e-12
4.87249e-06
6.02907e-12
4.87249e-06
8.85674e-12
4.87249e-06
9.3598e-12
4.8725e-06
1.48429e-11
4.8725e-06
8.85875e-12
4.8725e-06
3.19704e-12
4.8725e-06
-3.46564e-13
4.8725e-06
-1.24533e-12
4.8725e-06
-1.57155e-12
4.8725e-06
-4.28534e-12
4.8725e-06
9.13251e-13
4.8725e-06
-2.79382e-12
4.8725e-06
-5.57836e-13
4.8725e-06
3.15511e-12
4.8725e-06
5.19728e-12
4.87251e-06
1.11312e-11
4.87251e-06
8.67837e-12
4.87251e-06
-6.04854e-13
4.87251e-06
3.20305e-12
4.87251e-06
-1.74132e-12
4.87251e-06
3.53126e-12
4.87251e-06
-1.61367e-12
4.87251e-06
1.39095e-12
4.87251e-06
3.68107e-13
4.87251e-06
-1.493e-12
4.87251e-06
3.06451e-12
4.87251e-06
-1.75955e-12
4.87251e-06
2.28656e-12
4.87251e-06
-2.9811e-12
4.87251e-06
3.44274e-12
4.87251e-06
-2.52552e-12
4.87251e-06
4.1083e-12
4.87251e-06
-7.05549e-13
4.87252e-06
2.02483e-12
4.87251e-06
-1.66698e-12
4.87252e-06
1.3138e-12
4.87252e-06
-1.04918e-12
4.87252e-06
8.71929e-13
4.87252e-06
1.40403e-12
4.87252e-06
-1.38483e-12
4.87252e-06
-1.90429e-12
4.87252e-06
-1.04894e-11
4.87251e-06
-4.372e-11
4.87248e-06
-1.60719e-10
-5.35328e-10
4.42233e-06
-7.71902e-09
4.42571e-06
-9.07537e-09
4.42485e-06
-2.01238e-10
4.42387e-06
1.37826e-09
4.42271e-06
2.37745e-09
4.42121e-06
3.45042e-09
4.42107e-06
9.33214e-10
4.42024e-06
2.75765e-09
4.41911e-06
3.89361e-09
4.41896e-06
1.75863e-09
4.41906e-06
6.23951e-10
4.41912e-06
2.48817e-10
4.41914e-06
7.6268e-11
4.41911e-06
-5.59435e-11
4.41906e-06
-1.40627e-10
4.41898e-06
-1.76816e-10
4.41889e-06
-2.06979e-10
4.41885e-06
-3.64174e-10
4.42201e-06
-7.50611e-09
4.42542e-06
-9.24921e-09
4.4245e-06
-4.23155e-10
4.42349e-06
1.29397e-09
4.42237e-06
2.40844e-09
4.42094e-06
3.57252e-09
4.42086e-06
1.01268e-09
4.41998e-06
2.65547e-09
4.41876e-06
3.67452e-09
4.41852e-06
1.56562e-09
4.41857e-06
5.06609e-10
4.41861e-06
2.00993e-10
4.41861e-06
3.91926e-11
4.41865e-06
-1.93396e-10
4.42188e-06
-7.38062e-09
4.42545e-06
-9.19825e-09
4.42584e-06
-2.58906e-09
4.42586e-06
-7.28945e-10
4.42585e-06
-1.77909e-10
4.42577e-06
7.42955e-11
4.42462e-06
2.46731e-09
4.42376e-06
2.4275e-09
4.42279e-06
2.94469e-09
4.42144e-06
3.81525e-09
4.42139e-06
1.12607e-09
4.42053e-06
2.68281e-09
4.41929e-06
3.6516e-09
4.41904e-06
1.53796e-09
4.41909e-06
4.95462e-10
4.41913e-06
1.92466e-10
4.41915e-06
9.48547e-11
4.41917e-06
4.24671e-11
4.41918e-06
1.79234e-11
4.41919e-06
1.19628e-11
4.41919e-06
5.7627e-12
4.4192e-06
7.75329e-12
4.4192e-06
2.58501e-12
4.4192e-06
2.08362e-12
4.41921e-06
5.49509e-12
4.41921e-06
4.58043e-12
4.41922e-06
1.21233e-11
4.41922e-06
5.55706e-12
4.41922e-06
2.13392e-12
4.41922e-06
-3.15227e-12
4.41922e-06
8.62615e-13
4.41922e-06
-1.71457e-12
4.41922e-06
-3.49543e-12
4.41922e-06
2.54833e-13
4.41922e-06
-2.34143e-12
4.41922e-06
-1.5869e-12
4.41922e-06
2.21674e-12
4.41922e-06
2.28261e-12
4.41923e-06
1.01232e-11
4.41923e-06
8.20754e-12
4.41923e-06
-2.05016e-12
4.41923e-06
4.13287e-12
4.41923e-06
-3.30061e-12
4.41923e-06
3.57973e-12
4.41923e-06
-2.50727e-12
4.41923e-06
-2.00084e-13
4.41923e-06
9.65061e-13
4.41923e-06
-5.11978e-12
4.41923e-06
5.8767e-12
4.41923e-06
-4.4036e-12
4.41924e-06
4.54974e-12
4.41923e-06
-6.09473e-12
4.41924e-06
6.14803e-12
4.41923e-06
-6.345e-12
4.41924e-06
7.43589e-12
4.41923e-06
-3.72947e-12
4.41924e-06
4.74883e-12
4.41923e-06
-3.47437e-12
4.41924e-06
3.21986e-12
4.41924e-06
-2.26708e-12
4.41924e-06
2.18691e-12
4.41924e-06
9.97352e-13
4.41924e-06
-9.57065e-13
4.41924e-06
-2.35335e-12
4.41923e-06
-7.18376e-12
4.41922e-06
-3.09983e-11
4.41918e-06
-1.18508e-10
-5.28214e-10
3.63353e-06
3.62445e-06
3.62425e-06
3.62563e-06
3.62801e-06
3.63146e-06
3.63239e-06
3.63515e-06
3.63904e-06
3.6408e-06
3.64142e-06
3.64167e-06
3.64175e-06
3.64169e-06
3.64155e-06
3.64138e-06
3.64117e-06
3.6408e-06
3.6333e-06
3.62405e-06
3.62363e-06
3.62492e-06
3.62733e-06
3.6309e-06
3.63191e-06
3.63457e-06
3.63824e-06
3.63981e-06
3.64032e-06
3.64052e-06
3.64056e-06
3.64036e-06
3.63298e-06
3.62378e-06
3.62119e-06
3.62047e-06
3.62029e-06
3.62036e-06
3.62283e-06
3.62526e-06
3.6282e-06
3.63202e-06
3.63314e-06
3.63583e-06
3.63948e-06
3.64102e-06
3.64151e-06
3.6417e-06
3.6418e-06
3.64184e-06
3.64186e-06
3.64187e-06
3.64188e-06
3.64188e-06
3.64189e-06
3.64189e-06
3.64189e-06
3.6419e-06
3.64191e-06
3.64192e-06
3.64192e-06
3.64192e-06
3.64192e-06
3.64191e-06
3.64191e-06
3.64191e-06
3.64191e-06
3.64191e-06
3.64191e-06
3.64191e-06
3.64192e-06
3.64193e-06
3.64193e-06
3.64193e-06
3.64193e-06
3.64193e-06
3.64193e-06
3.64193e-06
3.64193e-06
3.64193e-06
3.64193e-06
3.64193e-06
3.64193e-06
3.64193e-06
3.64193e-06
3.64193e-06
3.64193e-06
3.64193e-06
3.64193e-06
3.64193e-06
3.64193e-06
3.64193e-06
3.64193e-06
3.64193e-06
3.64193e-06
3.64193e-06
3.64192e-06
3.64189e-06
3.64177e-06
)
;

boundaryField
{
    inlet
    {
        type            cyclic;
        value           nonuniform List<scalar> 
50
(
-5.98521e-06
-5.87558e-06
-5.74796e-06
-5.59687e-06
-5.41352e-06
-5.18271e-06
-4.87505e-06
-4.42333e-06
-3.62572e-06
-6.08051e-06
-6.16399e-06
-6.23749e-06
-6.30235e-06
-6.3596e-06
-6.41006e-06
-6.45435e-06
-6.49299e-06
-6.5264e-06
-6.55494e-06
-6.57889e-06
-6.59849e-06
-6.61394e-06
-6.62539e-06
-6.63295e-06
-6.63672e-06
-6.63671e-06
-6.63295e-06
-6.62537e-06
-6.61392e-06
-6.59847e-06
-6.57886e-06
-6.55491e-06
-6.52637e-06
-6.49295e-06
-6.4543e-06
-6.41e-06
-6.35955e-06
-6.30229e-06
-6.23742e-06
-6.16392e-06
-6.08043e-06
-5.98513e-06
-5.87549e-06
-5.74787e-06
-5.59675e-06
-5.41326e-06
-5.18188e-06
-4.87255e-06
-4.4192e-06
-3.64125e-06
)
;
    }
    outlet
    {
        type            cyclic;
        value           nonuniform List<scalar> 
50
(
5.98521e-06
5.87558e-06
5.74796e-06
5.59687e-06
5.41352e-06
5.18271e-06
4.87505e-06
4.42333e-06
3.62572e-06
6.08051e-06
6.16399e-06
6.23749e-06
6.30235e-06
6.3596e-06
6.41006e-06
6.45435e-06
6.49299e-06
6.5264e-06
6.55494e-06
6.57889e-06
6.59849e-06
6.61394e-06
6.62539e-06
6.63295e-06
6.63672e-06
6.63671e-06
6.63295e-06
6.62537e-06
6.61392e-06
6.59847e-06
6.57886e-06
6.55491e-06
6.52637e-06
6.49295e-06
6.4543e-06
6.41e-06
6.35955e-06
6.30229e-06
6.23742e-06
6.16392e-06
6.08043e-06
5.98513e-06
5.87549e-06
5.74787e-06
5.59675e-06
5.41326e-06
5.18188e-06
4.87255e-06
4.4192e-06
3.64125e-06
)
;
    }
    bottomWall
    {
        type            calculated;
        value           uniform 0;
    }
    topWall
    {
        type            calculated;
        value           uniform 0;
    }
    frontAndBack
    {
        type            empty;
    }
}


// ************************************************************************* //
