/*--------------------------------*- C++ -*----------------------------------*\
  =========                 |
  \\      /  F ield         | OpenFOAM: The Open Source CFD Toolbox
   \\    /   O peration     | Website:  https://openfoam.org
    \\  /    A nd           | Version:  11
     \\/     M anipulation  |
\*---------------------------------------------------------------------------*/
FoamFile
{
    format      ascii;
    class       volVectorField;
    location    "1000";
    object      U;
}
// * * * * * * * * * * * * * * * * * * * * * * * * * * * * * * * * * * * * * //

dimensions      [0 1 -1 0 0 0 0];

internalField   nonuniform List<vector> 
5000
(
(6.05326 0.00186433 0)
(6.06401 -0.000472368 0)
(6.04253 -0.000732883 0)
(6.04466 0.00019763 0)
(6.04252 0.000237669 0)
(6.05203 0.000950684 0)
(6.06352 0.000727992 0)
(6.06837 -0.00103334 0)
(6.04404 -0.00185078 0)
(6.03644 -0.000739059 0)
(6.03415 -0.000311643 0)
(6.03344 -0.000138176 0)
(6.03319 -4.87467e-05 0)
(6.0328 0.000881568 0)
(6.04155 0.00087149 0)
(6.04126 0.000587416 0)
(6.05146 0.000845057 0)
(6.05513 0.000405813 0)
(6.0561 0.000330107 0)
(6.06435 0.000417848 0)
(6.06841 0.000265549 0)
(6.06991 0.00010838 0)
(6.07055 3.99637e-05 0)
(6.07086 1.30601e-05 0)
(6.07104 1.12433e-06 0)
(6.07109 4.32545e-07 0)
(6.07106 1.10439e-06 0)
(6.07097 1.15351e-06 0)
(6.07092 -4.1392e-07 0)
(6.07088 -9.82347e-07 0)
(6.07087 -8.19982e-07 0)
(6.07088 3.31574e-07 0)
(6.07089 3.60442e-06 0)
(6.07089 7.76293e-06 0)
(6.07085 9.88134e-06 0)
(6.07079 8.39304e-06 0)
(6.07073 4.67472e-06 0)
(6.0707 3.66432e-06 0)
(6.07074 -0.00141241 0)
(6.04484 -0.0020138 0)
(6.03679 -0.000829481 0)
(6.03442 -0.000349507 0)
(6.03375 -0.000156986 0)
(6.03355 -6.84229e-05 0)
(6.03344 -2.73252e-05 0)
(6.03335 -1.10733e-05 0)
(6.03329 -5.06432e-06 0)
(6.03327 -3.392e-06 0)
(6.03326 -2.36935e-06 0)
(6.03327 -1.71026e-06 0)
(6.03327 -7.80931e-07 0)
(6.03328 -6.90624e-07 0)
(6.03329 -1.37104e-07 0)
(6.0333 -3.28375e-07 0)
(6.0333 4.43901e-08 0)
(6.03331 -3.15849e-07 0)
(6.03331 1.47891e-08 0)
(6.03332 -3.04524e-07 0)
(6.03331 -6.93357e-08 0)
(6.03331 -2.30013e-07 0)
(6.03331 -9.91547e-08 0)
(6.03331 -1.9871e-07 0)
(6.03331 4.99686e-08 0)
(6.03331 -1.09264e-07 0)
(6.03332 1.84761e-07 0)
(6.03332 -1.0995e-07 0)
(6.03332 1.7331e-07 0)
(6.03333 -2.13073e-07 0)
(6.03333 8.72018e-08 0)
(6.03334 -2.47156e-07 0)
(6.03333 -1.86586e-08 0)
(6.03333 -1.77151e-07 0)
(6.03333 -7.03661e-08 0)
(6.03333 -1.3477e-07 0)
(6.03333 -4.66836e-08 0)
(6.03333 -1.30015e-07 0)
(6.03333 2.8488e-09 0)
(6.03333 -1.18124e-07 0)
(6.03333 3.68798e-08 0)
(6.03333 -1.20967e-07 0)
(6.03333 3.79372e-08 0)
(6.03334 -9.11671e-08 0)
(6.03333 3.98823e-08 0)
(6.03334 -8.32836e-08 0)
(6.03334 3.24015e-08 0)
(6.03334 -1.02961e-07 0)
(6.03334 5.66066e-08 0)
(6.03334 -9.60061e-08 0)
(6.03334 9.87165e-08 0)
(6.03334 -5.99567e-08 0)
(6.03334 4.83755e-08 0)
(6.03334 -6.84839e-08 0)
(6.03334 5.38683e-08 0)
(6.03334 -5.7751e-08 0)
(6.03334 9.54268e-08 0)
(6.03334 8.96453e-09 0)
(6.03334 4.14787e-07 0)
(6.03334 1.24507e-06 0)
(6.0333 6.80141e-06 0)
(6.03286 0.0013144 0)
(7.36901 0.000654577 0)
(7.36708 -5.08674e-05 0)
(7.37536 -0.000203194 0)
(7.37291 -5.10624e-06 0)
(7.37349 8.45778e-05 0)
(7.36992 0.000249001 0)
(7.36642 0.000240735 0)
(7.36614 -0.000239041 0)
(7.37611 -0.000598481 0)
(7.37675 -0.000370961 0)
(7.37651 -0.000185558 0)
(7.37636 -9.0115e-05 0)
(7.37622 -3.28341e-05 0)
(7.37563 0.00030959 0)
(7.37242 0.000321761 0)
(7.37308 0.000263338 0)
(7.36937 0.000384622 0)
(7.36919 0.000267518 0)
(7.36968 7.49972e-05 0)
(7.3664 7.30664e-05 0)
(7.36544 9.59643e-05 0)
(7.36565 5.08011e-05 0)
(7.36585 1.64858e-05 0)
(7.36598 3.44041e-06 0)
(7.3661 -2.90842e-06 0)
(7.36614 8.03404e-07 0)
(7.36614 3.44412e-06 0)
(7.3661 3.96458e-06 0)
(7.36608 1.28138e-06 0)
(7.36606 4.82527e-07 0)
(7.36606 -4.31223e-07 0)
(7.36607 3.50411e-07 0)
(7.36605 3.50519e-06 0)
(7.366 7.95589e-06 0)
(7.36592 1.08201e-05 0)
(7.36584 9.07325e-06 0)
(7.36579 5.19982e-06 0)
(7.36578 2.21035e-06 0)
(7.36624 -0.000423854 0)
(7.37614 -0.000706882 0)
(7.37674 -0.00043545 0)
(7.37655 -0.00021854 0)
(7.37647 -0.000107412 0)
(7.37642 -4.76546e-05 0)
(7.37637 -1.69265e-05 0)
(7.37632 -5.34267e-06 0)
(7.37629 -2.16651e-06 0)
(7.37629 -2.33201e-06 0)
(7.37629 -1.56922e-06 0)
(7.3763 -1.54873e-06 0)
(7.37631 -5.11388e-07 0)
(7.37632 -8.46137e-07 0)
(7.37632 -2.81005e-08 0)
(7.37633 -5.22444e-07 0)
(7.37633 1.35129e-07 0)
(7.37634 -5.43935e-07 0)
(7.37634 4.76621e-08 0)
(7.37635 -5.91851e-07 0)
(7.37634 -1.33251e-07 0)
(7.37634 -4.32731e-07 0)
(7.37634 -1.44541e-07 0)
(7.37634 -3.04137e-07 0)
(7.37634 1.32905e-07 0)
(7.37635 -1.76956e-07 0)
(7.37635 3.32706e-07 0)
(7.37636 -2.18503e-07 0)
(7.37636 3.17802e-07 0)
(7.37637 -3.80071e-07 0)
(7.37637 1.62171e-07 0)
(7.37637 -4.94243e-07 0)
(7.37637 -5.95997e-08 0)
(7.37637 -3.52036e-07 0)
(7.37636 -1.02617e-07 0)
(7.37636 -2.19873e-07 0)
(7.37636 -5.65861e-08 0)
(7.37636 -2.08565e-07 0)
(7.37637 2.65927e-08 0)
(7.37637 -2.02133e-07 0)
(7.37637 6.72067e-08 0)
(7.37637 -2.11678e-07 0)
(7.37637 7.88578e-08 0)
(7.37637 -1.6297e-07 0)
(7.37637 7.81733e-08 0)
(7.37637 -1.47517e-07 0)
(7.37638 5.99187e-08 0)
(7.37638 -1.779e-07 0)
(7.37638 9.67236e-08 0)
(7.37638 -1.83696e-07 0)
(7.37638 1.58764e-07 0)
(7.37638 -1.29115e-07 0)
(7.37638 9.04533e-08 0)
(7.37638 -1.21329e-07 0)
(7.37638 9.41524e-08 0)
(7.37638 -1.19478e-07 0)
(7.37638 1.5296e-07 0)
(7.37638 -2.95524e-08 0)
(7.37638 5.57741e-07 0)
(7.37637 1.58294e-06 0)
(7.37632 8.04503e-06 0)
(7.37566 0.000489332 0)
(8.12388 0.000254887 0)
(8.12272 3.35012e-05 0)
(8.1261 -8.21875e-05 0)
(8.12628 -5.60144e-05 0)
(8.12698 1.91247e-05 0)
(8.12518 0.000103839 0)
(8.12262 0.000111672 0)
(8.12183 -4.27595e-05 0)
(8.12631 -0.000212974 0)
(8.12696 -0.000176556 0)
(8.12694 -0.000104846 0)
(8.12688 -5.4714e-05 0)
(8.1268 -2.00181e-05 0)
(8.12653 9.08116e-05 0)
(8.12614 0.000102733 0)
(8.12678 0.000131001 0)
(8.12487 0.000198167 0)
(8.12461 0.00015815 0)
(8.12479 5.26994e-05 0)
(8.12243 2.88349e-05 0)
(8.12125 4.24488e-05 0)
(8.1211 2.74384e-05 0)
(8.12112 8.13147e-06 0)
(8.12116 -4.18122e-07 0)
(8.12121 -5.51772e-06 0)
(8.12124 1.20055e-06 0)
(8.12123 4.8537e-06 0)
(8.1212 5.72716e-06 0)
(8.12119 2.13098e-06 0)
(8.12118 1.14899e-06 0)
(8.12118 -1.43666e-07 0)
(8.12118 6.93187e-07 0)
(8.12117 4.32082e-06 0)
(8.12112 9.46805e-06 0)
(8.12105 1.24976e-05 0)
(8.12099 9.96572e-06 0)
(8.12095 5.32481e-06 0)
(8.12095 -6.18735e-07 0)
(8.12129 -0.00015285 0)
(8.12603 -0.000293549 0)
(8.12681 -0.000230536 0)
(8.12688 -0.000136278 0)
(8.1269 -7.28877e-05 0)
(8.12688 -3.18649e-05 0)
(8.12685 -8.93909e-06 0)
(8.12681 -1.33897e-06 0)
(8.1268 -1.67955e-07 0)
(8.12679 -1.6925e-06 0)
(8.1268 -1.14671e-06 0)
(8.1268 -1.63518e-06 0)
(8.12681 -3.81108e-07 0)
(8.12682 -1.0579e-06 0)
(8.12682 4.73992e-08 0)
(8.12683 -7.81353e-07 0)
(8.12683 2.09568e-07 0)
(8.12684 -8.36225e-07 0)
(8.12684 8.08096e-08 0)
(8.12684 -9.37592e-07 0)
(8.12684 -2.00016e-07 0)
(8.12684 -6.83281e-07 0)
(8.12684 -2.04957e-07 0)
(8.12684 -4.39931e-07 0)
(8.12685 2.1608e-07 0)
(8.12685 -2.81045e-07 0)
(8.12685 4.7806e-07 0)
(8.12686 -3.69291e-07 0)
(8.12686 4.63906e-07 0)
(8.12687 -5.93445e-07 0)
(8.12687 2.50778e-07 0)
(8.12687 -7.85446e-07 0)
(8.12687 -8.48298e-08 0)
(8.12687 -5.65012e-07 0)
(8.12686 -1.38579e-07 0)
(8.12687 -3.30084e-07 0)
(8.12687 -5.9357e-08 0)
(8.12687 -3.09302e-07 0)
(8.12687 4.72122e-08 0)
(8.12687 -3.10758e-07 0)
(8.12687 9.70882e-08 0)
(8.12687 -3.27641e-07 0)
(8.12687 1.25957e-07 0)
(8.12688 -2.64842e-07 0)
(8.12688 1.21045e-07 0)
(8.12688 -2.41256e-07 0)
(8.12688 9.81985e-08 0)
(8.12688 -2.78324e-07 0)
(8.12688 1.47764e-07 0)
(8.12688 -2.96731e-07 0)
(8.12688 2.19106e-07 0)
(8.12688 -2.23873e-07 0)
(8.12688 1.42487e-07 0)
(8.12688 -1.967e-07 0)
(8.12688 1.43754e-07 0)
(8.12689 -2.00987e-07 0)
(8.12689 2.13695e-07 0)
(8.12689 -8.10296e-08 0)
(8.12688 7.35871e-07 0)
(8.12688 1.97695e-06 0)
(8.12683 1.01807e-05 0)
(8.12647 0.000192485 0)
(8.63777 0.000126456 0)
(8.63749 3.62041e-05 0)
(8.63828 -2.71439e-05 0)
(8.6387 -2.9856e-05 0)
(8.6391 1.46164e-06 0)
(8.63865 3.74366e-05 0)
(8.63763 4.14826e-05 0)
(8.63722 -6.92979e-06 0)
(8.63839 -8.80423e-05 0)
(8.63847 -9.2595e-05 0)
(8.63838 -6.35487e-05 0)
(8.63831 -3.4926e-05 0)
(8.63824 -1.20686e-05 0)
(8.63816 4.35202e-05 0)
(8.63851 6.24205e-05 0)
(8.63894 7.94186e-05 0)
(8.63847 0.000109992 0)
(8.63851 0.000100283 0)
(8.6386 3.60501e-05 0)
(8.6375 5.54162e-06 0)
(8.63685 1.32928e-05 0)
(8.6367 1.20212e-05 0)
(8.63668 6.84167e-07 0)
(8.63669 -3.89721e-06 0)
(8.63672 -7.79692e-06 0)
(8.63672 1.75839e-06 0)
(8.63671 6.12926e-06 0)
(8.63668 7.25504e-06 0)
(8.63667 2.79522e-06 0)
(8.63666 1.7051e-06 0)
(8.63666 7.87283e-08 0)
(8.63666 1.2256e-06 0)
(8.63665 5.36809e-06 0)
(8.6366 1.12073e-05 0)
(8.63655 1.41609e-05 0)
(8.6365 1.08037e-05 0)
(8.63647 5.40434e-06 0)
(8.63648 -2.63023e-06 0)
(8.63667 -7.10437e-05 0)
(8.63804 -0.000150451 0)
(8.63826 -0.000141158 0)
(8.63827 -9.44766e-05 0)
(8.63827 -5.39203e-05 0)
(8.63826 -2.21082e-05 0)
(8.63822 -3.32706e-06 0)
(8.63819 1.68312e-06 0)
(8.63817 1.39621e-06 0)
(8.63817 -1.21921e-06 0)
(8.63817 -7.83236e-07 0)
(8.63817 -1.72404e-06 0)
(8.63818 -2.54262e-07 0)
(8.63818 -1.25462e-06 0)
(8.63819 1.1547e-07 0)
(8.63819 -1.02823e-06 0)
(8.6382 2.78048e-07 0)
(8.6382 -1.11861e-06 0)
(8.6382 1.13464e-07 0)
(8.63821 -1.26527e-06 0)
(8.63821 -2.57912e-07 0)
(8.63821 -9.16749e-07 0)
(8.63821 -2.59292e-07 0)
(8.63821 -5.71855e-07 0)
(8.63821 2.88999e-07 0)
(8.63822 -3.94889e-07 0)
(8.63822 6.03781e-07 0)
(8.63822 -5.27714e-07 0)
(8.63822 5.92142e-07 0)
(8.63823 -8.06009e-07 0)
(8.63823 3.32894e-07 0)
(8.63823 -1.06329e-06 0)
(8.63823 -9.94785e-08 0)
(8.63823 -7.64549e-07 0)
(8.63823 -1.68003e-07 0)
(8.63823 -4.44235e-07 0)
(8.63823 -5.27214e-08 0)
(8.63823 -4.12062e-07 0)
(8.63823 6.8316e-08 0)
(8.63824 -4.1829e-07 0)
(8.63824 1.22176e-07 0)
(8.63824 -4.37476e-07 0)
(8.63824 1.64815e-07 0)
(8.63824 -3.66033e-07 0)
(8.63824 1.57908e-07 0)
(8.63824 -3.37431e-07 0)
(8.63824 1.33328e-07 0)
(8.63825 -3.73344e-07 0)
(8.63825 1.92328e-07 0)
(8.63825 -3.994e-07 0)
(8.63825 2.68785e-07 0)
(8.63825 -3.19151e-07 0)
(8.63825 1.91366e-07 0)
(8.63825 -2.77087e-07 0)
(8.63825 1.91474e-07 0)
(8.63825 -2.82049e-07 0)
(8.63825 2.71017e-07 0)
(8.63825 -1.31778e-07 0)
(8.63825 8.9924e-07 0)
(8.63825 2.26973e-06 0)
(8.63821 1.06618e-05 0)
(8.63809 9.61022e-05 0)
(9.02269 7.98963e-05 0)
(9.02269 3.14764e-05 0)
(9.02283 -4.3658e-06 0)
(9.02303 -7.68263e-06 0)
(9.02322 1.01548e-07 0)
(9.02319 5.96186e-06 0)
(9.02289 3.36254e-06 0)
(9.02275 -3.90465e-06 0)
(9.02296 -4.48219e-05 0)
(9.02286 -5.62704e-05 0)
(9.02275 -4.32285e-05 0)
(9.02268 -2.4067e-05 0)
(9.02262 -6.98489e-06 0)
(9.02259 3.33805e-05 0)
(9.02286 5.84055e-05 0)
(9.02309 6.17724e-05 0)
(9.02307 7.03087e-05 0)
(9.02319 7.32867e-05 0)
(9.02325 2.30509e-05 0)
(9.0228 -1.03665e-05 0)
(9.0225 -4.87859e-06 0)
(9.02242 1.01659e-06 0)
(9.02241 -5.3336e-06 0)
(9.02241 -6.66053e-06 0)
(9.02242 -9.55519e-06 0)
(9.02241 2.45407e-06 0)
(9.02239 7.4448e-06 0)
(9.02236 8.69397e-06 0)
(9.02235 3.43249e-06 0)
(9.02233 2.22169e-06 0)
(9.02233 2.75935e-07 0)
(9.02233 1.76893e-06 0)
(9.02232 6.36275e-06 0)
(9.02228 1.2794e-05 0)
(9.02224 1.56035e-05 0)
(9.0222 1.15296e-05 0)
(9.02218 5.51545e-06 0)
(9.02218 -3.93449e-06 0)
(9.02228 -4.26334e-05 0)
(9.02262 -9.60438e-05 0)
(9.02263 -0.0001021 0)
(9.02261 -7.43218e-05 0)
(9.0226 -4.39863e-05 0)
(9.02259 -1.61214e-05 0)
(9.02256 6.80832e-07 0)
(9.02253 4.02647e-06 0)
(9.02252 2.68467e-06 0)
(9.02251 -8.08167e-07 0)
(9.02251 -4.45377e-07 0)
(9.02251 -1.77705e-06 0)
(9.02251 -1.20758e-07 0)
(9.02251 -1.41666e-06 0)
(9.02252 1.86704e-07 0)
(9.02252 -1.24432e-06 0)
(9.02252 3.40877e-07 0)
(9.02253 -1.37036e-06 0)
(9.02253 1.39925e-07 0)
(9.02253 -1.56201e-06 0)
(9.02253 -3.08002e-07 0)
(9.02253 -1.12698e-06 0)
(9.02253 -3.04828e-07 0)
(9.02254 -6.93173e-07 0)
(9.02254 3.47086e-07 0)
(9.02254 -5.03954e-07 0)
(9.02254 7.06369e-07 0)
(9.02255 -6.79388e-07 0)
(9.02255 6.98835e-07 0)
(9.02255 -1.00627e-06 0)
(9.02256 3.98831e-07 0)
(9.02256 -1.31991e-06 0)
(9.02256 -1.16232e-07 0)
(9.02256 -9.43302e-07 0)
(9.02256 -1.95786e-07 0)
(9.02256 -5.50633e-07 0)
(9.02256 -4.71954e-08 0)
(9.02256 -5.0778e-07 0)
(9.02256 8.35469e-08 0)
(9.02256 -5.17652e-07 0)
(9.02256 1.41711e-07 0)
(9.02256 -5.37792e-07 0)
(9.02257 1.93179e-07 0)
(9.02257 -4.60526e-07 0)
(9.02257 1.85807e-07 0)
(9.02257 -4.27999e-07 0)
(9.02257 1.64192e-07 0)
(9.02257 -4.62791e-07 0)
(9.02257 2.29522e-07 0)
(9.02257 -4.93573e-07 0)
(9.02257 3.0739e-07 0)
(9.02258 -4.06925e-07 0)
(9.02258 2.33237e-07 0)
(9.02258 -3.54729e-07 0)
(9.02258 2.31918e-07 0)
(9.02258 -3.5731e-07 0)
(9.02258 3.19624e-07 0)
(9.02258 -1.79266e-07 0)
(9.02258 1.03441e-06 0)
(9.02257 2.46307e-06 0)
(9.02255 1.04389e-05 0)
(9.02253 6.20833e-05 0)
(9.32827 6.332e-05 0)
(9.32832 2.84613e-05 0)
(9.32834 3.69644e-06 0)
(9.32842 3.9302e-06 0)
(9.32852 1.78626e-06 0)
(9.32858 -7.5031e-06 0)
(9.32852 -1.59034e-05 0)
(9.32849 -7.44037e-06 0)
(9.32849 -3.09721e-05 0)
(9.32838 -4.03919e-05 0)
(9.3283 -3.33347e-05 0)
(9.32823 -1.81375e-05 0)
(9.32818 -3.56708e-06 0)
(9.32817 3.23339e-05 0)
(9.3283 6.07138e-05 0)
(9.32843 5.72952e-05 0)
(9.3285 5.50158e-05 0)
(9.3286 6.1174e-05 0)
(9.32865 1.56353e-05 0)
(9.32846 -1.97634e-05 0)
(9.32832 -1.56045e-05 0)
(9.32828 -6.33996e-06 0)
(9.32827 -9.8918e-06 0)
(9.32828 -8.78546e-06 0)
(9.32828 -1.08713e-05 0)
(9.32827 3.22845e-06 0)
(9.32825 8.74921e-06 0)
(9.32822 1.00574e-05 0)
(9.3282 4.02623e-06 0)
(9.32818 2.74905e-06 0)
(9.32818 4.78205e-07 0)
(9.32818 2.30216e-06 0)
(9.32816 7.28984e-06 0)
(9.32813 1.42804e-05 0)
(9.32809 1.68935e-05 0)
(9.32806 1.2206e-05 0)
(9.32804 5.67861e-06 0)
(9.32804 -4.7789e-06 0)
(9.32809 -3.30957e-05 0)
(9.32817 -7.59036e-05 0)
(9.32815 -8.58052e-05 0)
(9.32814 -6.51682e-05 0)
(9.32814 -3.91094e-05 0)
(9.32813 -1.25761e-05 0)
(9.3281 3.55221e-06 0)
(9.32808 5.84467e-06 0)
(9.32806 3.73822e-06 0)
(9.32805 -4.49585e-07 0)
(9.32805 -1.37139e-07 0)
(9.32805 -1.79473e-06 0)
(9.32805 8.26494e-09 0)
(9.32805 -1.53595e-06 0)
(9.32805 2.55798e-07 0)
(9.32805 -1.42032e-06 0)
(9.32806 3.93336e-07 0)
(9.32806 -1.58282e-06 0)
(9.32806 1.54038e-07 0)
(9.32806 -1.82061e-06 0)
(9.32806 -3.53554e-07 0)
(9.32806 -1.31109e-06 0)
(9.32806 -3.46586e-07 0)
(9.32807 -8.0029e-07 0)
(9.32807 3.87791e-07 0)
(9.32807 -6.01978e-07 0)
(9.32808 7.83427e-07 0)
(9.32808 -8.13703e-07 0)
(9.32808 7.78808e-07 0)
(9.32808 -1.18397e-06 0)
(9.32809 4.40966e-07 0)
(9.32809 -1.54645e-06 0)
(9.32809 -1.37253e-07 0)
(9.32809 -1.10116e-06 0)
(9.32809 -2.22091e-07 0)
(9.32809 -6.48332e-07 0)
(9.32809 -4.60694e-08 0)
(9.32809 -5.94656e-07 0)
(9.32809 9.12281e-08 0)
(9.32809 -6.06183e-07 0)
(9.32809 1.52428e-07 0)
(9.3281 -6.24361e-07 0)
(9.3281 2.09319e-07 0)
(9.3281 -5.44205e-07 0)
(9.3281 2.02615e-07 0)
(9.3281 -5.08701e-07 0)
(9.3281 1.84568e-07 0)
(9.3281 -5.40763e-07 0)
(9.3281 2.5455e-07 0)
(9.3281 -5.75167e-07 0)
(9.3281 3.30866e-07 0)
(9.32811 -4.82537e-07 0)
(9.32811 2.61868e-07 0)
(9.32811 -4.23786e-07 0)
(9.32811 2.62427e-07 0)
(9.32811 -4.24269e-07 0)
(9.32811 3.56377e-07 0)
(9.32811 -2.20932e-07 0)
(9.32811 1.14554e-06 0)
(9.32811 2.60339e-06 0)
(9.32809 1.05154e-05 0)
(9.3281 5.01794e-05 0)
(9.58005 5.73009e-05 0)
(9.5801 2.67493e-05 0)
(9.58011 6.32811e-06 0)
(9.58015 8.73291e-06 0)
(9.58022 2.48807e-06 0)
(9.58029 -1.29714e-05 0)
(9.5803 -2.52259e-05 0)
(9.5803 -1.09155e-05 0)
(9.58027 -2.72491e-05 0)
(9.58018 -3.31316e-05 0)
(9.58011 -2.83946e-05 0)
(9.58006 -1.48198e-05 0)
(9.58002 -1.19939e-06 0)
(9.58001 3.31489e-05 0)
(9.58008 6.2701e-05 0)
(9.58017 5.67205e-05 0)
(9.58023 4.9784e-05 0)
(9.58031 5.5852e-05 0)
(9.58034 1.17616e-05 0)
(9.58025 -2.39272e-05 0)
(9.58017 -2.13637e-05 0)
(9.58015 -1.09276e-05 0)
(9.58015 -1.32024e-05 0)
(9.58015 -1.04045e-05 0)
(9.58016 -1.18312e-05 0)
(9.58015 4.03647e-06 0)
(9.58012 9.98128e-06 0)
(9.58009 1.13677e-05 0)
(9.58007 4.59717e-06 0)
(9.58006 3.30025e-06 0)
(9.58005 6.91717e-07 0)
(9.58004 2.82386e-06 0)
(9.58003 8.15875e-06 0)
(9.58 1.56987e-05 0)
(9.57997 1.80732e-05 0)
(9.57994 1.28621e-05 0)
(9.57992 5.89411e-06 0)
(9.57992 -5.39588e-06 0)
(9.57995 -3.06382e-05 0)
(9.57997 -6.93117e-05 0)
(9.57996 -7.93093e-05 0)
(9.57995 -6.1245e-05 0)
(9.57996 -3.6871e-05 0)
(9.57996 -1.05029e-05 0)
(9.57993 5.6538e-06 0)
(9.57991 7.27383e-06 0)
(9.57989 4.59887e-06 0)
(9.57988 -1.36791e-07 0)
(9.57988 1.38878e-07 0)
(9.57988 -1.78164e-06 0)
(9.57988 1.28928e-07 0)
(9.57988 -1.61328e-06 0)
(9.57988 3.20098e-07 0)
(9.57988 -1.55335e-06 0)
(9.57988 4.34018e-07 0)
(9.57989 -1.75303e-06 0)
(9.57989 1.54706e-07 0)
(9.57989 -2.03747e-06 0)
(9.57989 -3.98106e-07 0)
(9.57989 -1.46698e-06 0)
(9.57989 -3.86872e-07 0)
(9.57989 -8.91866e-07 0)
(9.57989 4.11621e-07 0)
(9.5799 -6.86348e-07 0)
(9.5799 8.34207e-07 0)
(9.5799 -9.26955e-07 0)
(9.5799 8.3048e-07 0)
(9.57991 -1.33292e-06 0)
(9.57991 4.58909e-07 0)
(9.57991 -1.74024e-06 0)
(9.57991 -1.64069e-07 0)
(9.57991 -1.23697e-06 0)
(9.57991 -2.50531e-07 0)
(9.57991 -7.34119e-07 0)
(9.57991 -5.22666e-08 0)
(9.57991 -6.70803e-07 0)
(9.57992 8.99112e-08 0)
(9.57992 -6.82473e-07 0)
(9.57992 1.54477e-07 0)
(9.57992 -6.9841e-07 0)
(9.57992 2.16497e-07 0)
(9.57992 -6.17733e-07 0)
(9.57992 2.10316e-07 0)
(9.57992 -5.79125e-07 0)
(9.57993 1.95599e-07 0)
(9.57993 -6.07716e-07 0)
(9.57993 2.68942e-07 0)
(9.57993 -6.43897e-07 0)
(9.57993 3.44288e-07 0)
(9.57993 -5.47051e-07 0)
(9.57993 2.7917e-07 0)
(9.57993 -4.83194e-07 0)
(9.57993 2.82501e-07 0)
(9.57993 -4.80941e-07 0)
(9.57993 3.82039e-07 0)
(9.57993 -2.55727e-07 0)
(9.57993 1.23621e-06 0)
(9.57993 2.71638e-06 0)
(9.57992 1.08618e-05 0)
(9.57994 4.632e-05 0)
(9.79273 5.52115e-05 0)
(9.79276 2.61022e-05 0)
(9.79277 6.82363e-06 0)
(9.79279 9.94951e-06 0)
(9.79285 2.00909e-06 0)
(9.79292 -1.53456e-05 0)
(9.79294 -2.98445e-05 0)
(9.79295 -1.31847e-05 0)
(9.79292 -2.62033e-05 0)
(9.79286 -2.95045e-05 0)
(9.7928 -2.57708e-05 0)
(9.79276 -1.28642e-05 0)
(9.79273 4.99169e-07 0)
(9.79273 3.39157e-05 0)
(9.79277 6.3369e-05 0)
(9.79283 5.6802e-05 0)
(9.79289 4.81908e-05 0)
(9.79295 5.34098e-05 0)
(9.79298 9.76778e-06 0)
(9.79292 -2.48435e-05 0)
(9.79286 -2.40565e-05 0)
(9.79284 -1.36825e-05 0)
(9.79285 -1.55873e-05 0)
(9.79286 -1.16641e-05 0)
(9.79286 -1.25482e-05 0)
(9.79285 4.82941e-06 0)
(9.79283 1.11624e-05 0)
(9.79279 1.26049e-05 0)
(9.79277 5.15429e-06 0)
(9.79276 3.86634e-06 0)
(9.79275 9.20504e-07 0)
(9.79274 3.32678e-06 0)
(9.79273 8.97924e-06 0)
(9.7927 1.7056e-05 0)
(9.79267 1.9172e-05 0)
(9.79264 1.35054e-05 0)
(9.79262 6.12748e-06 0)
(9.79262 -5.87523e-06 0)
(9.79265 -3.08069e-05 0)
(9.79266 -6.77664e-05 0)
(9.79265 -7.68623e-05 0)
(9.79265 -5.97087e-05 0)
(9.79266 -3.59545e-05 0)
(9.79266 -9.28961e-06 0)
(9.79264 7.2482e-06 0)
(9.79262 8.4254e-06 0)
(9.79261 5.29984e-06 0)
(9.7926 1.3689e-07 0)
(9.79259 3.78812e-07 0)
(9.79259 -1.74315e-06 0)
(9.79259 2.37054e-07 0)
(9.79259 -1.6528e-06 0)
(9.79259 3.7735e-07 0)
(9.79259 -1.64608e-06 0)
(9.79259 4.6188e-07 0)
(9.79259 -1.88182e-06 0)
(9.79259 1.42522e-07 0)
(9.7926 -2.21269e-06 0)
(9.7926 -4.42198e-07 0)
(9.7926 -1.59577e-06 0)
(9.7926 -4.26179e-07 0)
(9.7926 -9.68177e-07 0)
(9.7926 4.20184e-07 0)
(9.7926 -7.55525e-07 0)
(9.79261 8.60528e-07 0)
(9.79261 -1.01878e-06 0)
(9.79261 8.5599e-07 0)
(9.79261 -1.4529e-06 0)
(9.79262 4.54278e-07 0)
(9.79262 -1.90059e-06 0)
(9.79262 -1.96878e-07 0)
(9.79262 -1.35136e-06 0)
(9.79262 -2.81335e-07 0)
(9.79262 -8.08559e-07 0)
(9.79262 -6.45203e-08 0)
(9.79262 -7.35798e-07 0)
(9.79262 8.05662e-08 0)
(9.79262 -7.46171e-07 0)
(9.79262 1.4811e-07 0)
(9.79263 -7.59275e-07 0)
(9.79263 2.13548e-07 0)
(9.79263 -6.79323e-07 0)
(9.79263 2.08426e-07 0)
(9.79263 -6.37975e-07 0)
(9.79263 1.96778e-07 0)
(9.79263 -6.6232e-07 0)
(9.79263 2.72095e-07 0)
(9.79263 -6.98899e-07 0)
(9.79263 3.48006e-07 0)
(9.79264 -5.99918e-07 0)
(9.79264 2.86913e-07 0)
(9.79264 -5.32774e-07 0)
(9.79264 2.92421e-07 0)
(9.79264 -5.27035e-07 0)
(9.79264 3.97418e-07 0)
(9.79264 -2.82449e-07 0)
(9.79264 1.30858e-06 0)
(9.79264 2.81808e-06 0)
(9.79263 1.13093e-05 0)
(9.79265 4.4825e-05 0)
(9.97544 5.41869e-05 0)
(9.97546 2.58477e-05 0)
(9.97547 6.60064e-06 0)
(9.97549 9.32558e-06 0)
(9.97555 9.58132e-07 0)
(9.9756 -1.66573e-05 0)
(9.97563 -3.21637e-05 0)
(9.97564 -1.46312e-05 0)
(9.97562 -2.56593e-05 0)
(9.97556 -2.73656e-05 0)
(9.97552 -2.40769e-05 0)
(9.97549 -1.16206e-05 0)
(9.97547 1.77058e-06 0)
(9.97546 3.43022e-05 0)
(9.9755 6.30188e-05 0)
(9.97555 5.67219e-05 0)
(9.9756 4.76336e-05 0)
(9.97565 5.19354e-05 0)
(9.97567 8.87427e-06 0)
(9.97563 -2.42481e-05 0)
(9.97557 -2.5021e-05 0)
(9.97556 -1.53113e-05 0)
(9.97557 -1.73679e-05 0)
(9.97558 -1.27015e-05 0)
(9.97559 -1.31025e-05 0)
(9.97558 5.56617e-06 0)
(9.97556 1.22977e-05 0)
(9.97553 1.37634e-05 0)
(9.9755 5.694e-06 0)
(9.97549 4.43685e-06 0)
(9.97548 1.15432e-06 0)
(9.97547 3.81394e-06 0)
(9.97546 9.7561e-06 0)
(9.97543 1.83613e-05 0)
(9.9754 2.02084e-05 0)
(9.97537 1.41409e-05 0)
(9.97536 6.37084e-06 0)
(9.97536 -6.26734e-06 0)
(9.97537 -3.18358e-05 0)
(9.97538 -6.77684e-05 0)
(9.97537 -7.6038e-05 0)
(9.97537 -5.92245e-05 0)
(9.97538 -3.56714e-05 0)
(9.97539 -8.59655e-06 0)
(9.97538 8.51367e-06 0)
(9.97536 9.37815e-06 0)
(9.97534 5.86943e-06 0)
(9.97534 3.73685e-07 0)
(9.97533 5.81343e-07 0)
(9.97533 -1.68659e-06 0)
(9.97533 3.31327e-07 0)
(9.97533 -1.66385e-06 0)
(9.97533 4.26466e-07 0)
(9.97533 -1.70512e-06 0)
(9.97533 4.80237e-07 0)
(9.97533 -1.9736e-06 0)
(9.97533 1.19938e-07 0)
(9.97533 -2.35063e-06 0)
(9.97533 -4.85627e-07 0)
(9.97533 -1.69982e-06 0)
(9.97533 -4.64699e-07 0)
(9.97533 -1.03039e-06 0)
(9.97534 4.16975e-07 0)
(9.97534 -8.10398e-07 0)
(9.97534 8.67071e-07 0)
(9.97534 -1.09051e-06 0)
(9.97535 8.60374e-07 0)
(9.97535 -1.54606e-06 0)
(9.97535 4.31213e-07 0)
(9.97535 -2.03074e-06 0)
(9.97535 -2.34563e-07 0)
(9.97535 -1.4458e-06 0)
(9.97535 -3.14451e-07 0)
(9.97535 -8.71779e-07 0)
(9.97535 -8.25294e-08 0)
(9.97535 -7.89963e-07 0)
(9.97536 6.45805e-08 0)
(9.97536 -7.98424e-07 0)
(9.97536 1.3518e-07 0)
(9.97536 -8.08718e-07 0)
(9.97536 2.03354e-07 0)
(9.97536 -7.30076e-07 0)
(9.97536 1.99647e-07 0)
(9.97536 -6.86393e-07 0)
(9.97536 1.90761e-07 0)
(9.97536 -7.06186e-07 0)
(9.97537 2.67251e-07 0)
(9.97537 -7.42101e-07 0)
(9.97537 3.44506e-07 0)
(9.97537 -6.4257e-07 0)
(9.97537 2.86974e-07 0)
(9.97537 -5.7301e-07 0)
(9.97537 2.94058e-07 0)
(9.97537 -5.63588e-07 0)
(9.97537 4.04371e-07 0)
(9.97537 -3.01672e-07 0)
(9.97537 1.36554e-06 0)
(9.97537 2.91588e-06 0)
(9.97536 1.17699e-05 0)
(9.97538 4.41121e-05 0)
(10.1343 5.33271e-05 0)
(10.1343 2.57639e-05 0)
(10.1343 6.21482e-06 0)
(10.1343 7.96532e-06 0)
(10.1343 -4.13031e-07 0)
(10.1344 -1.76414e-05 0)
(10.1344 -3.3366e-05 0)
(10.1344 -1.56021e-05 0)
(10.1344 -2.50897e-05 0)
(10.1344 -2.5759e-05 0)
(10.1343 -2.2783e-05 0)
(10.1343 -1.07514e-05 0)
(10.1343 2.74904e-06 0)
(10.1343 3.43599e-05 0)
(10.1343 6.2076e-05 0)
(10.1344 5.63462e-05 0)
(10.1344 4.72237e-05 0)
(10.1345 5.05917e-05 0)
(10.1345 8.56077e-06 0)
(10.1344 -2.29278e-05 0)
(10.1344 -2.49984e-05 0)
(10.1344 -1.6397e-05 0)
(10.1344 -1.87689e-05 0)
(10.1344 -1.36127e-05 0)
(10.1344 -1.35636e-05 0)
(10.1344 6.22205e-06 0)
(10.1344 1.3385e-05 0)
(10.1344 1.48398e-05 0)
(10.1343 6.21727e-06 0)
(10.1343 4.99024e-06 0)
(10.1343 1.39336e-06 0)
(10.1343 4.27396e-06 0)
(10.1343 1.04956e-05 0)
(10.1343 1.96177e-05 0)
(10.1342 2.11946e-05 0)
(10.1342 1.47662e-05 0)
(10.1342 6.61763e-06 0)
(10.1342 -6.5922e-06 0)
(10.1342 -3.30478e-05 0)
(10.1342 -6.83266e-05 0)
(10.1342 -7.57295e-05 0)
(10.1342 -5.91142e-05 0)
(10.1342 -3.57553e-05 0)
(10.1342 -8.15296e-06 0)
(10.1342 9.5702e-06 0)
(10.1342 1.01927e-05 0)
(10.1342 6.33191e-06 0)
(10.1342 5.77431e-07 0)
(10.1342 7.46708e-07 0)
(10.1342 -1.61896e-06 0)
(10.1342 4.10375e-07 0)
(10.1342 -1.65346e-06 0)
(10.1342 4.65236e-07 0)
(10.1342 -1.73468e-06 0)
(10.1342 4.89622e-07 0)
(10.1342 -2.03462e-06 0)
(10.1342 8.89178e-08 0)
(10.1342 -2.45583e-06 0)
(10.1342 -5.28654e-07 0)
(10.1342 -1.78147e-06 0)
(10.1342 -5.026e-07 0)
(10.1342 -1.07937e-06 0)
(10.1342 4.03915e-07 0)
(10.1342 -8.5162e-07 0)
(10.1342 8.57536e-07 0)
(10.1342 -1.14342e-06 0)
(10.1342 8.474e-07 0)
(10.1342 -1.6149e-06 0)
(10.1342 3.93445e-07 0)
(10.1342 -2.13404e-06 0)
(10.1342 -2.76229e-07 0)
(10.1342 -1.52261e-06 0)
(10.1342 -3.48966e-07 0)
(10.1342 -9.24566e-07 0)
(10.1342 -1.0457e-07 0)
(10.1342 -8.33634e-07 0)
(10.1342 4.37767e-08 0)
(10.1342 -8.39502e-07 0)
(10.1342 1.16823e-07 0)
(10.1342 -8.4685e-07 0)
(10.1342 1.86652e-07 0)
(10.1342 -7.70036e-07 0)
(10.1342 1.84734e-07 0)
(10.1342 -7.245e-07 0)
(10.1342 1.78572e-07 0)
(10.1342 -7.39845e-07 0)
(10.1342 2.55383e-07 0)
(10.1342 -7.74292e-07 0)
(10.1342 3.34074e-07 0)
(10.1342 -6.75809e-07 0)
(10.1342 2.80376e-07 0)
(10.1342 -6.04093e-07 0)
(10.1342 2.88801e-07 0)
(10.1342 -5.9094e-07 0)
(10.1342 4.04419e-07 0)
(10.1342 -3.13461e-07 0)
(10.1342 1.40879e-06 0)
(10.1342 3.01134e-06 0)
(10.1342 1.2205e-05 0)
(10.1342 4.37075e-05 0)
(10.2734 5.25182e-05 0)
(10.2734 2.57968e-05 0)
(10.2734 5.85995e-06 0)
(10.2734 6.39745e-06 0)
(10.2735 -1.89455e-06 0)
(10.2735 -1.85544e-05 0)
(10.2735 -3.40767e-05 0)
(10.2736 -1.62771e-05 0)
(10.2735 -2.44006e-05 0)
(10.2735 -2.4382e-05 0)
(10.2735 -2.16892e-05 0)
(10.2734 -1.00986e-05 0)
(10.2734 3.50725e-06 0)
(10.2734 3.41809e-05 0)
(10.2735 6.08276e-05 0)
(10.2735 5.57471e-05 0)
(10.2735 4.67617e-05 0)
(10.2736 4.91676e-05 0)
(10.2736 8.57338e-06 0)
(10.2736 -2.12897e-05 0)
(10.2735 -2.4501e-05 0)
(10.2735 -1.71909e-05 0)
(10.2735 -1.99418e-05 0)
(10.2735 -1.44583e-05 0)
(10.2736 -1.39864e-05 0)
(10.2736 6.78595e-06 0)
(10.2735 1.44145e-05 0)
(10.2735 1.58352e-05 0)
(10.2735 6.71048e-06 0)
(10.2735 5.51722e-06 0)
(10.2735 1.63139e-06 0)
(10.2734 4.70168e-06 0)
(10.2734 1.12e-05 0)
(10.2734 2.08274e-05 0)
(10.2734 2.21383e-05 0)
(10.2734 1.53836e-05 0)
(10.2733 6.86087e-06 0)
(10.2733 -6.85594e-06 0)
(10.2734 -3.42017e-05 0)
(10.2734 -6.89924e-05 0)
(10.2733 -7.55178e-05 0)
(10.2733 -5.91237e-05 0)
(10.2734 -3.60016e-05 0)
(10.2734 -7.83488e-06 0)
(10.2734 1.04946e-05 0)
(10.2733 1.09049e-05 0)
(10.2733 6.70447e-06 0)
(10.2733 7.50376e-07 0)
(10.2733 8.77211e-07 0)
(10.2733 -1.54693e-06 0)
(10.2733 4.72985e-07 0)
(10.2733 -1.62805e-06 0)
(10.2733 4.93731e-07 0)
(10.2733 -1.74302e-06 0)
(10.2733 4.90244e-07 0)
(10.2733 -2.06999e-06 0)
(10.2733 5.0904e-08 0)
(10.2733 -2.53457e-06 0)
(10.2733 -5.71039e-07 0)
(10.2733 -1.8446e-06 0)
(10.2733 -5.39283e-07 0)
(10.2733 -1.11688e-06 0)
(10.2733 3.83643e-07 0)
(10.2733 -8.80785e-07 0)
(10.2733 8.36273e-07 0)
(10.2733 -1.18027e-06 0)
(10.2733 8.21505e-07 0)
(10.2733 -1.66371e-06 0)
(10.2733 3.45345e-07 0)
(10.2733 -2.21483e-06 0)
(10.2733 -3.20268e-07 0)
(10.2733 -1.58338e-06 0)
(10.2733 -3.84614e-07 0)
(10.2733 -9.674e-07 0)
(10.2733 -1.29369e-07 0)
(10.2733 -8.67517e-07 0)
(10.2733 1.97896e-08 0)
(10.2733 -8.70599e-07 0)
(10.2733 9.49073e-08 0)
(10.2733 -8.75186e-07 0)
(10.2733 1.65895e-07 0)
(10.2733 -8.00492e-07 0)
(10.2733 1.66041e-07 0)
(10.2733 -7.53538e-07 0)
(10.2733 1.62676e-07 0)
(10.2733 -7.64963e-07 0)
(10.2733 2.39478e-07 0)
(10.2733 -7.97272e-07 0)
(10.2733 3.19188e-07 0)
(10.2733 -7.00549e-07 0)
(10.2733 2.69059e-07 0)
(10.2733 -6.27073e-07 0)
(10.2733 2.78687e-07 0)
(10.2733 -6.10192e-07 0)
(10.2733 3.99311e-07 0)
(10.2733 -3.1887e-07 0)
(10.2733 1.43952e-06 0)
(10.2733 3.10389e-06 0)
(10.2733 1.26063e-05 0)
(10.2734 4.3323e-05 0)
(10.3959 5.17338e-05 0)
(10.3959 2.5941e-05 0)
(10.3959 5.58811e-06 0)
(10.3959 4.84156e-06 0)
(10.3959 -3.36034e-06 0)
(10.396 -1.94574e-05 0)
(10.396 -3.45761e-05 0)
(10.396 -1.67575e-05 0)
(10.396 -2.35919e-05 0)
(10.396 -2.31399e-05 0)
(10.3959 -2.07229e-05 0)
(10.3959 -9.58802e-06 0)
(10.3959 4.0914e-06 0)
(10.3959 3.3838e-05 0)
(10.3959 5.94535e-05 0)
(10.396 5.4997e-05 0)
(10.396 4.62413e-05 0)
(10.3961 4.76972e-05 0)
(10.3961 8.65976e-06 0)
(10.396 -1.94828e-05 0)
(10.396 -2.38016e-05 0)
(10.396 -1.78428e-05 0)
(10.396 -2.09729e-05 0)
(10.396 -1.52753e-05 0)
(10.396 -1.44054e-05 0)
(10.396 7.25452e-06 0)
(10.396 1.53849e-05 0)
(10.396 1.6742e-05 0)
(10.396 7.17529e-06 0)
(10.396 6.00351e-06 0)
(10.396 1.86474e-06 0)
(10.3959 5.09261e-06 0)
(10.3959 1.18723e-05 0)
(10.3959 2.19892e-05 0)
(10.3959 2.3043e-05 0)
(10.3959 1.5992e-05 0)
(10.3958 7.09629e-06 0)
(10.3958 -7.06399e-06 0)
(10.3959 -3.52291e-05 0)
(10.3958 -6.95935e-05 0)
(10.3958 -7.53352e-05 0)
(10.3958 -5.91683e-05 0)
(10.3958 -3.62391e-05 0)
(10.3959 -7.57191e-06 0)
(10.3958 1.13339e-05 0)
(10.3958 1.15324e-05 0)
(10.3958 7.01399e-06 0)
(10.3958 8.9726e-07 0)
(10.3958 9.75409e-07 0)
(10.3958 -1.47488e-06 0)
(10.3958 5.17997e-07 0)
(10.3958 -1.59165e-06 0)
(10.3958 5.1106e-07 0)
(10.3958 -1.73513e-06 0)
(10.3958 4.81222e-07 0)
(10.3958 -2.08445e-06 0)
(10.3958 6.91347e-09 0)
(10.3958 -2.59138e-06 0)
(10.3958 -6.12962e-07 0)
(10.3958 -1.89199e-06 0)
(10.3958 -5.74776e-07 0)
(10.3958 -1.14466e-06 0)
(10.3958 3.58023e-07 0)
(10.3958 -8.99293e-07 0)
(10.3958 8.06058e-07 0)
(10.3958 -1.20339e-06 0)
(10.3958 7.8586e-07 0)
(10.3958 -1.69521e-06 0)
(10.3958 2.89959e-07 0)
(10.3958 -2.27589e-06 0)
(10.3958 -3.65596e-07 0)
(10.3958 -1.62986e-06 0)
(10.3958 -4.20056e-07 0)
(10.3958 -1.00151e-06 0)
(10.3958 -1.55131e-07 0)
(10.3958 -8.92333e-07 0)
(10.3958 -5.86473e-09 0)
(10.3958 -8.92573e-07 0)
(10.3958 7.09407e-08 0)
(10.3958 -8.94454e-07 0)
(10.3958 1.4241e-07 0)
(10.3958 -8.2196e-07 0)
(10.3958 1.44863e-07 0)
(10.3958 -7.74011e-07 0)
(10.3958 1.44305e-07 0)
(10.3958 -7.81718e-07 0)
(10.3958 2.20747e-07 0)
(10.3958 -8.11472e-07 0)
(10.3958 3.00879e-07 0)
(10.3958 -7.17149e-07 0)
(10.3958 2.5418e-07 0)
(10.3958 -6.42591e-07 0)
(10.3958 2.65117e-07 0)
(10.3958 -6.22218e-07 0)
(10.3958 3.90171e-07 0)
(10.3958 -3.18407e-07 0)
(10.3958 1.45986e-06 0)
(10.3958 3.19354e-06 0)
(10.3958 1.29799e-05 0)
(10.3959 4.28887e-05 0)
(10.504 5.09776e-05 0)
(10.504 2.6194e-05 0)
(10.504 5.40673e-06 0)
(10.504 3.37259e-06 0)
(10.504 -4.75013e-06 0)
(10.5041 -2.03558e-05 0)
(10.5041 -3.49819e-05 0)
(10.5041 -1.71054e-05 0)
(10.5041 -2.26945e-05 0)
(10.504 -2.19805e-05 0)
(10.504 -1.98552e-05 0)
(10.504 -9.18054e-06 0)
(10.504 4.53622e-06 0)
(10.504 3.33778e-05 0)
(10.504 5.80377e-05 0)
(10.5041 5.4163e-05 0)
(10.5041 4.56631e-05 0)
(10.5042 4.62663e-05 0)
(10.5042 8.77334e-06 0)
(10.5041 -1.76787e-05 0)
(10.5041 -2.30353e-05 0)
(10.5041 -1.84376e-05 0)
(10.5041 -2.19118e-05 0)
(10.5041 -1.60827e-05 0)
(10.5041 -1.48411e-05 0)
(10.5041 7.63483e-06 0)
(10.5041 1.6296e-05 0)
(10.5041 1.75668e-05 0)
(10.5041 7.60698e-06 0)
(10.5041 6.44146e-06 0)
(10.5041 2.08622e-06 0)
(10.5041 5.44974e-06 0)
(10.504 1.25232e-05 0)
(10.504 2.30948e-05 0)
(10.504 2.39114e-05 0)
(10.504 1.65912e-05 0)
(10.5039 7.33069e-06 0)
(10.5039 -7.23162e-06 0)
(10.504 -3.61237e-05 0)
(10.504 -7.00901e-05 0)
(10.5039 -7.5146e-05 0)
(10.5039 -5.92058e-05 0)
(10.504 -3.64371e-05 0)
(10.504 -7.32912e-06 0)
(10.5039 1.2119e-05 0)
(10.5039 1.2104e-05 0)
(10.5039 7.2753e-06 0)
(10.5039 1.02103e-06 0)
(10.5039 1.04465e-06 0)
(10.5039 -1.40639e-06 0)
(10.5039 5.46343e-07 0)
(10.5039 -1.54867e-06 0)
(10.5039 5.16932e-07 0)
(10.5039 -1.71627e-06 0)
(10.5039 4.64233e-07 0)
(10.5039 -2.08464e-06 0)
(10.5039 -4.11047e-08 0)
(10.5039 -2.63119e-06 0)
(10.5039 -6.53859e-07 0)
(10.5039 -1.92605e-06 0)
(10.5039 -6.0889e-07 0)
(10.5039 -1.16434e-06 0)
(10.5039 3.2936e-07 0)
(10.5039 -9.09151e-07 0)
(10.5039 7.70288e-07 0)
(10.5039 -1.21527e-06 0)
(10.5039 7.44209e-07 0)
(10.5039 -1.71273e-06 0)
(10.5039 2.30746e-07 0)
(10.5039 -2.32039e-06 0)
(10.5039 -4.10626e-07 0)
(10.5039 -1.66363e-06 0)
(10.5039 -4.54268e-07 0)
(10.5039 -1.02749e-06 0)
(10.5039 -1.80922e-07 0)
(10.5039 -9.0929e-07 0)
(10.5039 -3.15137e-08 0)
(10.5039 -9.06487e-07 0)
(10.5039 4.66739e-08 0)
(10.5039 -9.05808e-07 0)
(10.5039 1.18632e-07 0)
(10.5039 -8.35437e-07 0)
(10.5039 1.23193e-07 0)
(10.5039 -7.86931e-07 0)
(10.5039 1.2532e-07 0)
(10.5039 -7.91146e-07 0)
(10.5039 2.01203e-07 0)
(10.5039 -8.18127e-07 0)
(10.5039 2.81447e-07 0)
(10.5039 -7.26511e-07 0)
(10.5039 2.37649e-07 0)
(10.5039 -6.5174e-07 0)
(10.5039 2.49685e-07 0)
(10.5039 -6.27832e-07 0)
(10.5039 3.78594e-07 0)
(10.5039 -3.1314e-07 0)
(10.5039 1.47434e-06 0)
(10.5039 3.27964e-06 0)
(10.5039 1.33179e-05 0)
(10.504 4.24086e-05 0)
(10.5994 5.02678e-05 0)
(10.5994 2.65295e-05 0)
(10.5994 5.30932e-06 0)
(10.5994 2.00657e-06 0)
(10.5994 -6.0516e-06 0)
(10.5995 -2.12393e-05 0)
(10.5995 -3.53359e-05 0)
(10.5995 -1.73543e-05 0)
(10.5995 -2.17217e-05 0)
(10.5995 -2.08835e-05 0)
(10.5994 -1.90716e-05 0)
(10.5994 -8.84995e-06 0)
(10.5994 4.86791e-06 0)
(10.5994 3.28327e-05 0)
(10.5995 5.66094e-05 0)
(10.5995 5.32834e-05 0)
(10.5995 4.50352e-05 0)
(10.5996 4.49293e-05 0)
(10.5996 8.87746e-06 0)
(10.5995 -1.59417e-05 0)
(10.5995 -2.22589e-05 0)
(10.5995 -1.90118e-05 0)
(10.5995 -2.27886e-05 0)
(10.5995 -1.68918e-05 0)
(10.5996 -1.52994e-05 0)
(10.5996 7.93712e-06 0)
(10.5995 1.71546e-05 0)
(10.5995 1.83136e-05 0)
(10.5995 8.00492e-06 0)
(10.5995 6.82164e-06 0)
(10.5995 2.29394e-06 0)
(10.5995 5.79277e-06 0)
(10.5995 1.31294e-05 0)
(10.5994 2.41475e-05 0)
(10.5994 2.47486e-05 0)
(10.5994 1.71789e-05 0)
(10.5994 7.56292e-06 0)
(10.5994 -7.36798e-06 0)
(10.5994 -3.69002e-05 0)
(10.5994 -7.04897e-05 0)
(10.5994 -7.49268e-05 0)
(10.5994 -5.92307e-05 0)
(10.5994 -3.66188e-05 0)
(10.5994 -7.08906e-06 0)
(10.5994 1.2871e-05 0)
(10.5994 1.26372e-05 0)
(10.5994 7.49767e-06 0)
(10.5994 1.12511e-06 0)
(10.5993 1.08812e-06 0)
(10.5993 -1.34305e-06 0)
(10.5993 5.59297e-07 0)
(10.5993 -1.50276e-06 0)
(10.5993 5.11524e-07 0)
(10.5993 -1.69084e-06 0)
(10.5993 4.39601e-07 0)
(10.5993 -2.07435e-06 0)
(10.5993 -9.25037e-08 0)
(10.5993 -2.65732e-06 0)
(10.5993 -6.94056e-07 0)
(10.5993 -1.94898e-06 0)
(10.5993 -6.41404e-07 0)
(10.5993 -1.17694e-06 0)
(10.5993 2.98877e-07 0)
(10.5994 -9.11305e-07 0)
(10.5994 7.30999e-07 0)
(10.5994 -1.2173e-06 0)
(10.5994 6.98995e-07 0)
(10.5994 -1.71752e-06 0)
(10.5994 1.69721e-07 0)
(10.5994 -2.3503e-06 0)
(10.5994 -4.53583e-07 0)
(10.5994 -1.68587e-06 0)
(10.5994 -4.86203e-07 0)
(10.5994 -1.04577e-06 0)
(10.5994 -2.05291e-07 0)
(10.5994 -9.18547e-07 0)
(10.5994 -5.58378e-08 0)
(10.5994 -9.12633e-07 0)
(10.5994 2.34762e-08 0)
(10.5994 -9.09492e-07 0)
(10.5994 9.55428e-08 0)
(10.5994 -8.41635e-07 0)
(10.5994 1.01761e-07 0)
(10.5994 -7.93049e-07 0)
(10.5994 1.06502e-07 0)
(10.5994 -7.93706e-07 0)
(10.5994 1.81633e-07 0)
(10.5994 -8.17701e-07 0)
(10.5994 2.61626e-07 0)
(10.5994 -7.29371e-07 0)
(10.5994 2.20352e-07 0)
(10.5994 -6.55092e-07 0)
(10.5994 2.33446e-07 0)
(10.5994 -6.27602e-07 0)
(10.5994 3.65643e-07 0)
(10.5994 -3.03594e-07 0)
(10.5994 1.48589e-06 0)
(10.5994 3.36081e-06 0)
(10.5994 1.36103e-05 0)
(10.5994 4.19018e-05 0)
(10.6835 4.9614e-05 0)
(10.6835 2.69283e-05 0)
(10.6835 5.29123e-06 0)
(10.6835 7.45267e-07 0)
(10.6835 -7.27248e-06 0)
(10.6836 -2.21005e-05 0)
(10.6836 -3.56515e-05 0)
(10.6836 -1.75228e-05 0)
(10.6836 -2.0688e-05 0)
(10.6835 -1.9834e-05 0)
(10.6835 -1.83573e-05 0)
(10.6835 -8.57865e-06 0)
(10.6835 5.10721e-06 0)
(10.6835 3.22276e-05 0)
(10.6835 5.51865e-05 0)
(10.6836 5.23741e-05 0)
(10.6836 4.43636e-05 0)
(10.6836 4.36338e-05 0)
(10.6837 9.04075e-06 0)
(10.6836 -1.42982e-05 0)
(10.6836 -2.15021e-05 0)
(10.6836 -1.95832e-05 0)
(10.6836 -2.36241e-05 0)
(10.6836 -1.77065e-05 0)
(10.6836 -1.57814e-05 0)
(10.6836 8.17357e-06 0)
(10.6836 1.79659e-05 0)
(10.6836 1.89889e-05 0)
(10.6836 8.36484e-06 0)
(10.6836 7.145e-06 0)
(10.6836 2.48203e-06 0)
(10.6836 6.1008e-06 0)
(10.6836 1.37009e-05 0)
(10.6835 2.51578e-05 0)
(10.6835 2.55584e-05 0)
(10.6835 1.77539e-05 0)
(10.6835 7.79198e-06 0)
(10.6835 -7.48098e-06 0)
(10.6835 -3.75758e-05 0)
(10.6835 -7.08105e-05 0)
(10.6835 -7.46945e-05 0)
(10.6835 -5.92587e-05 0)
(10.6835 -3.67892e-05 0)
(10.6835 -6.84443e-06 0)
(10.6835 1.36058e-05 0)
(10.6835 1.3142e-05 0)
(10.6834 7.6906e-06 0)
(10.6834 1.212e-06 0)
(10.6834 1.10985e-06 0)
(10.6834 -1.28622e-06 0)
(10.6834 5.58318e-07 0)
(10.6834 -1.45741e-06 0)
(10.6834 4.9577e-07 0)
(10.6834 -1.6628e-06 0)
(10.6834 4.08096e-07 0)
(10.6834 -2.05686e-06 0)
(10.6834 -1.46734e-07 0)
(10.6834 -2.67334e-06 0)
(10.6834 -7.33437e-07 0)
(10.6834 -1.96311e-06 0)
(10.6834 -6.72152e-07 0)
(10.6834 -1.18366e-06 0)
(10.6834 2.68056e-07 0)
(10.6834 -9.0691e-07 0)
(10.6834 6.90419e-07 0)
(10.6834 -1.21127e-06 0)
(10.6834 6.52855e-07 0)
(10.6835 -1.71083e-06 0)
(10.6835 1.09071e-07 0)
(10.6835 -2.36774e-06 0)
(10.6835 -4.9324e-07 0)
(10.6835 -1.69764e-06 0)
(10.6834 -5.15095e-07 0)
(10.6835 -1.05688e-06 0)
(10.6835 -2.27439e-07 0)
(10.6835 -9.2084e-07 0)
(10.6835 -7.79117e-08 0)
(10.6835 -9.11775e-07 0)
(10.6835 2.58376e-09 0)
(10.6835 -9.06411e-07 0)
(10.6835 7.45831e-08 0)
(10.6835 -8.41453e-07 0)
(10.6835 8.22869e-08 0)
(10.6835 -7.92961e-07 0)
(10.6835 8.92654e-08 0)
(10.6835 -7.90225e-07 0)
(10.6835 1.63438e-07 0)
(10.6835 -8.10919e-07 0)
(10.6835 2.42696e-07 0)
(10.6835 -7.26689e-07 0)
(10.6835 2.03684e-07 0)
(10.6835 -6.53485e-07 0)
(10.6835 2.17667e-07 0)
(10.6835 -6.22333e-07 0)
(10.6835 3.522e-07 0)
(10.6835 -2.90433e-07 0)
(10.6835 1.49557e-06 0)
(10.6835 3.43694e-06 0)
(10.6835 1.38597e-05 0)
(10.6835 4.13785e-05 0)
(10.7573 4.90184e-05 0)
(10.7573 2.73789e-05 0)
(10.7573 5.34106e-06 0)
(10.7573 -4.18403e-07 0)
(10.7573 -8.41926e-06 0)
(10.7574 -2.29327e-05 0)
(10.7574 -3.59329e-05 0)
(10.7574 -1.76232e-05 0)
(10.7574 -1.96076e-05 0)
(10.7573 -1.88189e-05 0)
(10.7573 -1.76992e-05 0)
(10.7573 -8.3524e-06 0)
(10.7573 5.27109e-06 0)
(10.7573 3.15823e-05 0)
(10.7573 5.37801e-05 0)
(10.7574 5.14439e-05 0)
(10.7574 4.36527e-05 0)
(10.7575 4.23764e-05 0)
(10.7575 9.27391e-06 0)
(10.7574 -1.27417e-05 0)
(10.7574 -2.07866e-05 0)
(10.7574 -2.01541e-05 0)
(10.7574 -2.44271e-05 0)
(10.7574 -1.85285e-05 0)
(10.7574 -1.62811e-05 0)
(10.7575 8.35378e-06 0)
(10.7574 1.87377e-05 0)
(10.7574 1.95988e-05 0)
(10.7574 8.68527e-06 0)
(10.7574 7.41451e-06 0)
(10.7574 2.64611e-06 0)
(10.7574 6.3669e-06 0)
(10.7574 1.42376e-05 0)
(10.7574 2.61252e-05 0)
(10.7573 2.6345e-05 0)
(10.7573 1.83137e-05 0)
(10.7573 8.01635e-06 0)
(10.7573 -7.57625e-06 0)
(10.7573 -3.8168e-05 0)
(10.7573 -7.1072e-05 0)
(10.7573 -7.44318e-05 0)
(10.7573 -5.9305e-05 0)
(10.7573 -3.69546e-05 0)
(10.7573 -6.5911e-06 0)
(10.7573 1.43337e-05 0)
(10.7573 1.36272e-05 0)
(10.7573 7.86191e-06 0)
(10.7573 1.28477e-06 0)
(10.7573 1.11378e-06 0)
(10.7573 -1.2368e-06 0)
(10.7573 5.44611e-07 0)
(10.7573 -1.41528e-06 0)
(10.7573 4.6984e-07 0)
(10.7573 -1.63469e-06 0)
(10.7573 3.70035e-07 0)
(10.7573 -2.03463e-06 0)
(10.7573 -2.03543e-07 0)
(10.7573 -2.68149e-06 0)
(10.7573 -7.71993e-07 0)
(10.7573 -1.97017e-06 0)
(10.7573 -7.0101e-07 0)
(10.7573 -1.18532e-06 0)
(10.7573 2.37649e-07 0)
(10.7573 -8.96841e-07 0)
(10.7573 6.50124e-07 0)
(10.7573 -1.19808e-06 0)
(10.7573 6.07482e-07 0)
(10.7573 -1.69455e-06 0)
(10.7573 5.05148e-08 0)
(10.7573 -2.37409e-06 0)
(10.7573 -5.29143e-07 0)
(10.7573 -1.6998e-06 0)
(10.7573 -5.40278e-07 0)
(10.7573 -1.06122e-06 0)
(10.7573 -2.46361e-07 0)
(10.7573 -9.16534e-07 0)
(10.7573 -9.66326e-08 0)
(10.7573 -9.04186e-07 0)
(10.7573 -1.52278e-08 0)
(10.7573 -8.96912e-07 0)
(10.7573 5.61205e-08 0)
(10.7573 -8.35437e-07 0)
(10.7573 6.52926e-08 0)
(10.7573 -7.87097e-07 0)
(10.7573 7.42278e-08 0)
(10.7573 -7.80967e-07 0)
(10.7573 1.47179e-07 0)
(10.7573 -7.98359e-07 0)
(10.7573 2.25123e-07 0)
(10.7573 -7.19122e-07 0)
(10.7573 1.88309e-07 0)
(10.7573 -6.47494e-07 0)
(10.7573 2.02851e-07 0)
(10.7573 -6.12505e-07 0)
(10.7573 3.39173e-07 0)
(10.7573 -2.74013e-07 0)
(10.7573 1.50278e-06 0)
(10.7573 3.50918e-06 0)
(10.7573 1.40695e-05 0)
(10.7573 4.0846e-05 0)
(10.8217 4.84753e-05 0)
(10.8217 2.78763e-05 0)
(10.8217 5.45369e-06 0)
(10.8217 -1.50373e-06 0)
(10.8217 -9.50031e-06 0)
(10.8218 -2.37329e-05 0)
(10.8218 -3.61855e-05 0)
(10.8218 -1.76575e-05 0)
(10.8218 -1.84919e-05 0)
(10.8217 -1.78272e-05 0)
(10.8217 -1.70848e-05 0)
(10.8217 -8.16191e-06 0)
(10.8217 5.37422e-06 0)
(10.8217 3.09095e-05 0)
(10.8217 5.23953e-05 0)
(10.8218 5.04974e-05 0)
(10.8218 4.29101e-05 0)
(10.8218 4.11492e-05 0)
(10.8219 9.53699e-06 0)
(10.8218 -1.12389e-05 0)
(10.8218 -2.01131e-05 0)
(10.8218 -2.07254e-05 0)
(10.8218 -2.51964e-05 0)
(10.8218 -1.93522e-05 0)
(10.8218 -1.67982e-05 0)
(10.8219 8.48741e-06 0)
(10.8218 1.94768e-05 0)
(10.8218 2.01498e-05 0)
(10.8218 8.9654e-06 0)
(10.8218 7.63364e-06 0)
(10.8218 2.78299e-06 0)
(10.8218 6.58971e-06 0)
(10.8218 1.47394e-05 0)
(10.8218 2.70485e-05 0)
(10.8217 2.71105e-05 0)
(10.8217 1.88573e-05 0)
(10.8217 8.23486e-06 0)
(10.8217 -7.65599e-06 0)
(10.8217 -3.86926e-05 0)
(10.8217 -7.12897e-05 0)
(10.8217 -7.41679e-05 0)
(10.8217 -5.93382e-05 0)
(10.8217 -3.71209e-05 0)
(10.8217 -6.32707e-06 0)
(10.8217 1.50617e-05 0)
(10.8217 1.41006e-05 0)
(10.8217 8.01706e-06 0)
(10.8217 1.34593e-06 0)
(10.8217 1.10332e-06 0)
(10.8217 -1.19561e-06 0)
(10.8217 5.19499e-07 0)
(10.8217 -1.37857e-06 0)
(10.8217 4.34782e-07 0)
(10.8217 -1.60874e-06 0)
(10.8217 3.26009e-07 0)
(10.8217 -2.00993e-06 0)
(10.8217 -2.62403e-07 0)
(10.8217 -2.68387e-06 0)
(10.8217 -8.09594e-07 0)
(10.8217 -1.97167e-06 0)
(10.8217 -7.27838e-07 0)
(10.8217 -1.18271e-06 0)
(10.8217 2.087e-07 0)
(10.8217 -8.81925e-07 0)
(10.8217 6.11739e-07 0)
(10.8217 -1.17864e-06 0)
(10.8217 5.64282e-07 0)
(10.8217 -1.67019e-06 0)
(10.8217 -4.30166e-09 0)
(10.8217 -2.37076e-06 0)
(10.8217 -5.6041e-07 0)
(10.8217 -1.69336e-06 0)
(10.8217 -5.61155e-07 0)
(10.8217 -1.05878e-06 0)
(10.8217 -2.61832e-07 0)
(10.8217 -9.06063e-07 0)
(10.8217 -1.11609e-07 0)
(10.8217 -8.90467e-07 0)
(10.8217 -2.95221e-08 0)
(10.8217 -8.81755e-07 0)
(10.8217 4.11893e-08 0)
(10.8217 -8.24038e-07 0)
(10.8217 5.14249e-08 0)
(10.8217 -7.76084e-07 0)
(10.8217 6.21651e-08 0)
(10.8217 -7.66568e-07 0)
(10.8217 1.33888e-07 0)
(10.8217 -7.80815e-07 0)
(10.8217 2.09897e-07 0)
(10.8217 -7.07268e-07 0)
(10.8217 1.74953e-07 0)
(10.8217 -6.37327e-07 0)
(10.8217 1.89767e-07 0)
(10.8217 -5.98733e-07 0)
(10.8217 3.27211e-07 0)
(10.8217 -2.54889e-07 0)
(10.8217 1.50821e-06 0)
(10.8217 3.57752e-06 0)
(10.8217 1.42432e-05 0)
(10.8217 4.03091e-05 0)
(10.8774 4.79637e-05 0)
(10.8774 2.84171e-05 0)
(10.8774 5.62473e-06 0)
(10.8774 -2.53583e-06 0)
(10.8774 -1.05265e-05 0)
(10.8774 -2.45005e-05 0)
(10.8775 -3.64152e-05 0)
(10.8775 -1.76223e-05 0)
(10.8774 -1.73517e-05 0)
(10.8774 -1.68511e-05 0)
(10.8774 -1.65025e-05 0)
(10.8774 -8.00039e-06 0)
(10.8774 5.42813e-06 0)
(10.8774 3.02173e-05 0)
(10.8774 5.10337e-05 0)
(10.8775 4.95367e-05 0)
(10.8775 4.21463e-05 0)
(10.8775 3.99474e-05 0)
(10.8775 9.8123e-06 0)
(10.8775 -9.78576e-06 0)
(10.8775 -1.94771e-05 0)
(10.8775 -2.12963e-05 0)
(10.8775 -2.59329e-05 0)
(10.8775 -2.01738e-05 0)
(10.8775 -1.73326e-05 0)
(10.8775 8.58263e-06 0)
(10.8775 2.01914e-05 0)
(10.8775 2.06479e-05 0)
(10.8775 9.20678e-06 0)
(10.8775 7.80448e-06 0)
(10.8775 2.89203e-06 0)
(10.8775 6.76774e-06 0)
(10.8775 1.52049e-05 0)
(10.8775 2.79301e-05 0)
(10.8774 2.78554e-05 0)
(10.8774 1.93835e-05 0)
(10.8774 8.44633e-06 0)
(10.8774 -7.72121e-06 0)
(10.8774 -3.91631e-05 0)
(10.8774 -7.14732e-05 0)
(10.8774 -7.39364e-05 0)
(10.8774 -5.93254e-05 0)
(10.8774 -3.73027e-05 0)
(10.8774 -6.04689e-06 0)
(10.8774 1.57946e-05 0)
(10.8774 1.45687e-05 0)
(10.8774 8.15954e-06 0)
(10.8774 1.39796e-06 0)
(10.8774 1.081e-06 0)
(10.8774 -1.16262e-06 0)
(10.8774 4.84178e-07 0)
(10.8774 -1.34873e-06 0)
(10.8774 3.91225e-07 0)
(10.8774 -1.5863e-06 0)
(10.8774 2.7641e-07 0)
(10.8774 -1.98432e-06 0)
(10.8774 -3.2288e-07 0)
(10.8774 -2.68189e-06 0)
(10.8774 -8.46085e-07 0)
(10.8774 -1.9685e-06 0)
(10.8774 -7.52403e-07 0)
(10.8774 -1.17622e-06 0)
(10.8774 1.81907e-07 0)
(10.8774 -8.62623e-07 0)
(10.8774 5.76261e-07 0)
(10.8774 -1.1536e-06 0)
(10.8774 5.24107e-07 0)
(10.8774 -1.63801e-06 0)
(10.8774 -5.44984e-08 0)
(10.8774 -2.35844e-06 0)
(10.8774 -5.86567e-07 0)
(10.8774 -1.67931e-06 0)
(10.8774 -5.77138e-07 0)
(10.8774 -1.04974e-06 0)
(10.8774 -2.73045e-07 0)
(10.8774 -8.89688e-07 0)
(10.8774 -1.22205e-07 0)
(10.8774 -8.70989e-07 0)
(10.8774 -3.99194e-08 0)
(10.8774 -8.60991e-07 0)
(10.8774 2.96457e-08 0)
(10.8774 -8.07448e-07 0)
(10.8774 4.10276e-08 0)
(10.8774 -7.60183e-07 0)
(10.8774 5.34226e-08 0)
(10.8774 -7.4747e-07 0)
(10.8774 1.23702e-07 0)
(10.8774 -7.58948e-07 0)
(10.8774 1.96881e-07 0)
(10.8774 -6.91531e-07 0)
(10.8774 1.63934e-07 0)
(10.8774 -6.23302e-07 0)
(10.8774 1.78812e-07 0)
(10.8774 -5.81431e-07 0)
(10.8774 3.16748e-07 0)
(10.8774 -2.33421e-07 0)
(10.8774 1.51222e-06 0)
(10.8774 3.64178e-06 0)
(10.8774 1.4383e-05 0)
(10.8774 3.97698e-05 0)
(10.925 4.748e-05 0)
(10.925 2.89881e-05 0)
(10.925 5.84887e-06 0)
(10.925 -3.516e-06 0)
(10.925 -1.15132e-05 0)
(10.925 -2.52355e-05 0)
(10.925 -3.66304e-05 0)
(10.925 -1.75191e-05 0)
(10.925 -1.61861e-05 0)
(10.925 -1.58857e-05 0)
(10.9249 -1.59441e-05 0)
(10.9249 -7.86142e-06 0)
(10.9249 5.44142e-06 0)
(10.925 2.95121e-05 0)
(10.925 4.96962e-05 0)
(10.925 4.85627e-05 0)
(10.9251 4.13695e-05 0)
(10.9251 3.87697e-05 0)
(10.9251 1.00897e-05 0)
(10.9251 -8.37867e-06 0)
(10.925 -1.88644e-05 0)
(10.925 -2.18621e-05 0)
(10.9251 -2.66434e-05 0)
(10.9251 -2.09891e-05 0)
(10.9251 -1.78852e-05 0)
(10.9251 8.64675e-06 0)
(10.9251 2.08876e-05 0)
(10.9251 2.10992e-05 0)
(10.9251 9.41087e-06 0)
(10.9251 7.93087e-06 0)
(10.9251 2.97256e-06 0)
(10.9251 6.90105e-06 0)
(10.9251 1.56346e-05 0)
(10.925 2.87719e-05 0)
(10.925 2.8581e-05 0)
(10.925 1.98924e-05 0)
(10.925 8.6502e-06 0)
(10.925 -7.77402e-06 0)
(10.925 -3.95883e-05 0)
(10.925 -7.16275e-05 0)
(10.925 -7.37353e-05 0)
(10.925 -5.92716e-05 0)
(10.925 -3.75057e-05 0)
(10.925 -5.75726e-06 0)
(10.925 1.6536e-05 0)
(10.9249 1.50354e-05 0)
(10.9249 8.29235e-06 0)
(10.9249 1.44261e-06 0)
(10.9249 1.04916e-06 0)
(10.9249 -1.13765e-06 0)
(10.9249 4.40031e-07 0)
(10.9249 -1.32724e-06 0)
(10.9249 3.40367e-07 0)
(10.9249 -1.56832e-06 0)
(10.9249 2.21902e-07 0)
(10.9249 -1.95898e-06 0)
(10.9249 -3.84369e-07 0)
(10.9249 -2.6767e-06 0)
(10.9249 -8.81144e-07 0)
(10.9249 -1.96139e-06 0)
(10.9249 -7.74372e-07 0)
(10.9249 -1.16628e-06 0)
(10.9249 1.58249e-07 0)
(10.9249 -8.39089e-07 0)
(10.9249 5.44439e-07 0)
(10.9249 -1.12362e-06 0)
(10.9249 4.87869e-07 0)
(10.9249 -1.59876e-06 0)
(10.9249 -9.92196e-08 0)
(10.9249 -2.33787e-06 0)
(10.9249 -6.07188e-07 0)
(10.9249 -1.65877e-06 0)
(10.9249 -5.87955e-07 0)
(10.9249 -1.03497e-06 0)
(10.9249 -2.79619e-07 0)
(10.9249 -8.68002e-07 0)
(10.9249 -1.2841e-07 0)
(10.9249 -8.46384e-07 0)
(10.9249 -4.63199e-08 0)
(10.9249 -8.35045e-07 0)
(10.9249 2.18561e-08 0)
(10.9249 -7.85998e-07 0)
(10.9249 3.43727e-08 0)
(10.9249 -7.39653e-07 0)
(10.9249 4.83594e-08 0)
(10.9249 -7.24051e-07 0)
(10.9249 1.16765e-07 0)
(10.9249 -7.3294e-07 0)
(10.9249 1.86479e-07 0)
(10.9249 -6.71892e-07 0)
(10.9249 1.55698e-07 0)
(10.9249 -6.05775e-07 0)
(10.9249 1.70294e-07 0)
(10.9249 -5.60971e-07 0)
(10.9249 3.08008e-07 0)
(10.9249 -2.10022e-07 0)
(10.9249 1.51518e-06 0)
(10.9249 3.70164e-06 0)
(10.9249 1.44915e-05 0)
(10.925 3.92287e-05 0)
(10.9649 4.70587e-05 0)
(10.9649 2.95455e-05 0)
(10.9649 6.12939e-06 0)
(10.9649 -4.44067e-06 0)
(10.9649 -1.24607e-05 0)
(10.9649 -2.5938e-05 0)
(10.9649 -3.68377e-05 0)
(10.9649 -1.73554e-05 0)
(10.9649 -1.49919e-05 0)
(10.9649 -1.49257e-05 0)
(10.9649 -1.5405e-05 0)
(10.9648 -7.73922e-06 0)
(10.9648 5.4209e-06 0)
(10.9649 2.87988e-05 0)
(10.9649 4.83829e-05 0)
(10.9649 4.75757e-05 0)
(10.965 4.05844e-05 0)
(10.965 3.76153e-05 0)
(10.965 1.0364e-05 0)
(10.965 -7.01121e-06 0)
(10.9649 -1.82631e-05 0)
(10.9649 -2.24289e-05 0)
(10.965 -2.73283e-05 0)
(10.965 -2.17941e-05 0)
(10.965 -1.84558e-05 0)
(10.965 8.68633e-06 0)
(10.965 2.15709e-05 0)
(10.965 2.15088e-05 0)
(10.965 9.57878e-06 0)
(10.965 8.01794e-06 0)
(10.965 3.02513e-06 0)
(10.965 6.99013e-06 0)
(10.965 1.60274e-05 0)
(10.965 2.95757e-05 0)
(10.9649 2.92885e-05 0)
(10.9649 2.03842e-05 0)
(10.9649 8.84606e-06 0)
(10.9649 -7.82041e-06 0)
(10.9649 -3.9971e-05 0)
(10.9649 -7.17623e-05 0)
(10.9649 -7.35584e-05 0)
(10.9649 -5.92433e-05 0)
(10.9649 -3.77155e-05 0)
(10.9649 -5.46248e-06 0)
(10.9649 1.7288e-05 0)
(10.9649 1.55034e-05 0)
(10.9649 8.41795e-06 0)
(10.9649 1.48139e-06 0)
(10.9649 1.00981e-06 0)
(10.9649 -1.12026e-06 0)
(10.9649 3.8831e-07 0)
(10.9649 -1.31411e-06 0)
(10.9649 2.82774e-07 0)
(10.9649 -1.55526e-06 0)
(10.9649 1.63173e-07 0)
(10.9649 -1.93448e-06 0)
(10.9649 -4.46232e-07 0)
(10.9649 -2.66881e-06 0)
(10.9649 -9.14418e-07 0)
(10.9649 -1.95075e-06 0)
(10.9649 -7.9321e-07 0)
(10.9649 -1.15294e-06 0)
(10.9649 1.38286e-07 0)
(10.9649 -8.11527e-07 0)
(10.9649 5.16829e-07 0)
(10.9649 -1.08892e-06 0)
(10.9649 4.56143e-07 0)
(10.9649 -1.55299e-06 0)
(10.9649 -1.3786e-07 0)
(10.9649 -2.30967e-06 0)
(10.9649 -6.22233e-07 0)
(10.9649 -1.6324e-06 0)
(10.9649 -5.93196e-07 0)
(10.9649 -1.01535e-06 0)
(10.9649 -2.80702e-07 0)
(10.9649 -8.41224e-07 0)
(10.9649 -1.30218e-07 0)
(10.9649 -8.16745e-07 0)
(10.9649 -4.86124e-08 0)
(10.9649 -8.04323e-07 0)
(10.9649 1.78025e-08 0)
(10.9649 -7.59755e-07 0)
(10.9649 3.13588e-08 0)
(10.9649 -7.14573e-07 0)
(10.9649 4.7e-08 0)
(10.9649 -6.96483e-07 0)
(10.9649 1.12972e-07 0)
(10.9649 -7.03105e-07 0)
(10.9649 1.78797e-07 0)
(10.9649 -6.48863e-07 0)
(10.9649 1.5015e-07 0)
(10.9649 -5.85033e-07 0)
(10.9649 1.64353e-07 0)
(10.9649 -5.3776e-07 0)
(10.9649 3.01109e-07 0)
(10.9649 -1.8501e-07 0)
(10.9649 1.51725e-06 0)
(10.9649 3.75657e-06 0)
(10.9649 1.45706e-05 0)
(10.9649 3.86855e-05 0)
(10.9976 4.66829e-05 0)
(10.9975 3.00935e-05 0)
(10.9975 6.46179e-06 0)
(10.9975 -5.31991e-06 0)
(10.9976 -1.33689e-05 0)
(10.9976 -2.66088e-05 0)
(10.9976 -3.70414e-05 0)
(10.9976 -1.71415e-05 0)
(10.9976 -1.37616e-05 0)
(10.9975 -1.39677e-05 0)
(10.9975 -1.48828e-05 0)
(10.9975 -7.62988e-06 0)
(10.9975 5.37055e-06 0)
(10.9975 2.80799e-05 0)
(10.9976 4.7093e-05 0)
(10.9976 4.65771e-05 0)
(10.9976 3.97925e-05 0)
(10.9977 3.64828e-05 0)
(10.9977 1.06329e-05 0)
(10.9976 -5.67667e-06 0)
(10.9976 -1.76688e-05 0)
(10.9976 -2.29945e-05 0)
(10.9976 -2.7989e-05 0)
(10.9976 -2.2586e-05 0)
(10.9977 -1.90438e-05 0)
(10.9977 8.70719e-06 0)
(10.9977 2.22472e-05 0)
(10.9977 2.18745e-05 0)
(10.9976 9.70419e-06 0)
(10.9976 8.08116e-06 0)
(10.9976 3.0506e-06 0)
(10.9976 7.03573e-06 0)
(10.9976 1.63829e-05 0)
(10.9976 3.03429e-05 0)
(10.9976 2.99791e-05 0)
(10.9976 2.08594e-05 0)
(10.9976 9.03375e-06 0)
(10.9976 -7.8681e-06 0)
(10.9976 -4.031e-05 0)
(10.9976 -7.18912e-05 0)
(10.9976 -7.3393e-05 0)
(10.9976 -5.92421e-05 0)
(10.9976 -3.7946e-05 0)
(10.9976 -5.1651e-06 0)
(10.9976 1.80529e-05 0)
(10.9975 1.59753e-05 0)
(10.9975 8.53824e-06 0)
(10.9975 1.51556e-06 0)
(10.9975 9.6466e-07 0)
(10.9975 -1.11009e-06 0)
(10.9975 3.30176e-07 0)
(10.9975 -1.30891e-06 0)
(10.9975 2.19108e-07 0)
(10.9975 -1.5472e-06 0)
(10.9975 1.01115e-07 0)
(10.9975 -1.9109e-06 0)
(10.9975 -5.07811e-07 0)
(10.9975 -2.65839e-06 0)
(10.9975 -9.4547e-07 0)
(10.9975 -1.9366e-06 0)
(10.9975 -8.08462e-07 0)
(10.9975 -1.13598e-06 0)
(10.9975 1.22508e-07 0)
(10.9975 -7.79951e-07 0)
(10.9975 4.93591e-07 0)
(10.9975 -1.04948e-06 0)
(10.9975 4.29551e-07 0)
(10.9975 -1.50114e-06 0)
(10.9975 -1.69997e-07 0)
(10.9975 -2.27451e-06 0)
(10.9975 -6.31713e-07 0)
(10.9975 -1.59984e-06 0)
(10.9975 -5.93461e-07 0)
(10.9975 -9.90104e-07 0)
(10.9975 -2.76471e-07 0)
(10.9975 -8.09618e-07 0)
(10.9975 -1.27592e-07 0)
(10.9975 -7.82512e-07 0)
(10.9975 -4.66657e-08 0)
(10.9975 -7.69463e-07 0)
(10.9975 1.75978e-08 0)
(10.9975 -7.2945e-07 0)
(10.9975 3.21501e-08 0)
(10.9975 -6.85761e-07 0)
(10.9975 4.93533e-08 0)
(10.9975 -6.65388e-07 0)
(10.9975 1.12592e-07 0)
(10.9975 -6.70015e-07 0)
(10.9975 1.73922e-07 0)
(10.9975 -6.22747e-07 0)
(10.9975 1.47397e-07 0)
(10.9975 -5.61378e-07 0)
(10.9975 1.61098e-07 0)
(10.9975 -5.12195e-07 0)
(10.9975 2.96043e-07 0)
(10.9975 -1.58726e-07 0)
(10.9975 1.51872e-06 0)
(10.9975 3.80584e-06 0)
(10.9975 1.46223e-05 0)
(10.9975 3.81419e-05 0)
(11.0233 4.63394e-05 0)
(11.0233 3.06444e-05 0)
(11.0233 6.82604e-06 0)
(11.0233 -6.16689e-06 0)
(11.0233 -1.4243e-05 0)
(11.0233 -2.72503e-05 0)
(11.0233 -3.72425e-05 0)
(11.0233 -1.68827e-05 0)
(11.0233 -1.24916e-05 0)
(11.0233 -1.3006e-05 0)
(11.0233 -1.43752e-05 0)
(11.0232 -7.5319e-06 0)
(11.0232 5.29028e-06 0)
(11.0233 2.73533e-05 0)
(11.0233 4.58228e-05 0)
(11.0233 4.55694e-05 0)
(11.0234 3.89934e-05 0)
(11.0234 3.53698e-05 0)
(11.0234 1.0894e-05 0)
(11.0234 -4.37046e-06 0)
(11.0234 -1.70773e-05 0)
(11.0233 -2.35568e-05 0)
(11.0234 -2.86252e-05 0)
(11.0234 -2.33615e-05 0)
(11.0234 -1.96473e-05 0)
(11.0234 8.71483e-06 0)
(11.0234 2.29223e-05 0)
(11.0234 2.22009e-05 0)
(11.0234 9.80728e-06 0)
(11.0234 8.12165e-06 0)
(11.0234 3.04681e-06 0)
(11.0234 7.03704e-06 0)
(11.0234 1.6698e-05 0)
(11.0234 3.10738e-05 0)
(11.0233 3.06544e-05 0)
(11.0233 2.13195e-05 0)
(11.0233 9.21302e-06 0)
(11.0233 -7.90693e-06 0)
(11.0233 -4.06231e-05 0)
(11.0233 -7.2007e-05 0)
(11.0233 -7.32057e-05 0)
(11.0233 -5.93059e-05 0)
(11.0233 -3.8194e-05 0)
(11.0233 -4.86601e-06 0)
(11.0233 1.88334e-05 0)
(11.0233 1.64552e-05 0)
(11.0233 8.65646e-06 0)
(11.0233 1.54709e-06 0)
(11.0233 9.15571e-07 0)
(11.0233 -1.10715e-06 0)
(11.0233 2.65977e-07 0)
(11.0233 -1.31113e-06 0)
(11.0233 1.50177e-07 0)
(11.0233 -1.54414e-06 0)
(11.0233 3.65636e-08 0)
(11.0233 -1.88826e-06 0)
(11.0233 -5.68021e-07 0)
(11.0233 -2.64519e-06 0)
(11.0233 -9.73615e-07 0)
(11.0233 -1.91864e-06 0)
(11.0233 -8.19358e-07 0)
(11.0233 -1.11493e-06 0)
(11.0233 1.11396e-07 0)
(11.0233 -7.4401e-07 0)
(11.0233 4.75284e-07 0)
(11.0233 -1.00536e-06 0)
(11.0233 4.08507e-07 0)
(11.0233 -1.44323e-06 0)
(11.0233 -1.95332e-07 0)
(11.0233 -2.23269e-06 0)
(11.0233 -6.35754e-07 0)
(11.0233 -1.56126e-06 0)
(11.0233 -5.88323e-07 0)
(11.0233 -9.59961e-07 0)
(11.0233 -2.66785e-07 0)
(11.0233 -7.73334e-07 0)
(11.0233 -1.20098e-07 0)
(11.0233 -7.43906e-07 0)
(11.0233 -4.01441e-08 0)
(11.0233 -7.30564e-07 0)
(11.0233 2.1477e-08 0)
(11.0233 -6.95647e-07 0)
(11.0233 3.68411e-08 0)
(11.0233 -6.5371e-07 0)
(11.0233 5.54428e-08 0)
(11.0233 -6.30959e-07 0)
(11.0233 1.1572e-07 0)
(11.0233 -6.33864e-07 0)
(11.0233 1.71693e-07 0)
(11.0233 -5.93964e-07 0)
(11.0233 1.47374e-07 0)
(11.0233 -5.35379e-07 0)
(11.0233 1.60533e-07 0)
(11.0233 -4.84628e-07 0)
(11.0233 2.92968e-07 0)
(11.0233 -1.31417e-07 0)
(11.0233 1.51983e-06 0)
(11.0233 3.84797e-06 0)
(11.0233 1.46471e-05 0)
(11.0233 3.75982e-05 0)
(11.0424 4.60203e-05 0)
(11.0424 3.11977e-05 0)
(11.0424 7.20547e-06 0)
(11.0424 -6.99528e-06 0)
(11.0424 -1.50856e-05 0)
(11.0424 -2.78617e-05 0)
(11.0424 -3.74352e-05 0)
(11.0424 -1.65825e-05 0)
(11.0424 -1.11827e-05 0)
(11.0424 -1.20321e-05 0)
(11.0423 -1.38739e-05 0)
(11.0423 -7.44273e-06 0)
(11.0423 5.17577e-06 0)
(11.0423 2.66117e-05 0)
(11.0424 4.45653e-05 0)
(11.0424 4.45587e-05 0)
(11.0424 3.8191e-05 0)
(11.0425 3.42776e-05 0)
(11.0425 1.11432e-05 0)
(11.0425 -3.09062e-06 0)
(11.0424 -1.64835e-05 0)
(11.0424 -2.41091e-05 0)
(11.0424 -2.92391e-05 0)
(11.0425 -2.4118e-05 0)
(11.0425 -2.02575e-05 0)
(11.0425 8.71547e-06 0)
(11.0425 2.35999e-05 0)
(11.0425 2.2525e-05 0)
(11.0425 9.89614e-06 0)
(11.0425 8.1351e-06 0)
(11.0425 3.01122e-06 0)
(11.0425 6.98942e-06 0)
(11.0425 1.69637e-05 0)
(11.0425 3.17587e-05 0)
(11.0424 3.13155e-05 0)
(11.0424 2.17681e-05 0)
(11.0424 9.38444e-06 0)
(11.0424 -7.93803e-06 0)
(11.0424 -4.09228e-05 0)
(11.0424 -7.21191e-05 0)
(11.0424 -7.30559e-05 0)
(11.0424 -5.94199e-05 0)
(11.0424 -3.84575e-05 0)
(11.0424 -4.56831e-06 0)
(11.0424 1.96267e-05 0)
(11.0424 1.69501e-05 0)
(11.0424 8.78078e-06 0)
(11.0424 1.58083e-06 0)
(11.0424 8.64887e-07 0)
(11.0424 -1.1114e-06 0)
(11.0424 1.96193e-07 0)
(11.0424 -1.3202e-06 0)
(11.0424 7.63815e-08 0)
(11.0424 -1.54592e-06 0)
(11.0424 -2.9556e-08 0)
(11.0424 -1.86628e-06 0)
(11.0424 -6.25592e-07 0)
(11.0424 -2.62839e-06 0)
(11.0424 -9.97916e-07 0)
(11.0424 -1.89669e-06 0)
(11.0424 -8.24919e-07 0)
(11.0424 -1.08926e-06 0)
(11.0424 1.0543e-07 0)
(11.0424 -7.03314e-07 0)
(11.0424 4.63254e-07 0)
(11.0424 -9.56802e-07 0)
(11.0424 3.9386e-07 0)
(11.0424 -1.37968e-06 0)
(11.0424 -2.13293e-07 0)
(11.0424 -2.18443e-06 0)
(11.0424 -6.33847e-07 0)
(11.0424 -1.51756e-06 0)
(11.0424 -5.77588e-07 0)
(11.0424 -9.24971e-07 0)
(11.0424 -2.52132e-07 0)
(11.0424 -7.32465e-07 0)
(11.0424 -1.07745e-07 0)
(11.0424 -7.01091e-07 0)
(11.0424 -2.88025e-08 0)
(11.0424 -6.87991e-07 0)
(11.0424 2.99036e-08 0)
(11.0424 -6.58378e-07 0)
(11.0424 4.55601e-08 0)
(11.0424 -6.18215e-07 0)
(11.0424 6.50748e-08 0)
(11.0424 -5.93402e-07 0)
(11.0424 1.22532e-07 0)
(11.0424 -5.9504e-07 0)
(11.0424 1.72766e-07 0)
(11.0424 -5.6308e-07 0)
(11.0424 1.5019e-07 0)
(11.0424 -5.07136e-07 0)
(11.0424 1.6245e-07 0)
(11.0424 -4.55144e-07 0)
(11.0424 2.9195e-07 0)
(11.0424 -1.03207e-07 0)
(11.0424 1.52045e-06 0)
(11.0424 3.88026e-06 0)
(11.0424 1.46437e-05 0)
(11.0424 3.70526e-05 0)
(11.055 4.56616e-05 0)
(11.055 3.17285e-05 0)
(11.055 7.53877e-06 0)
(11.055 -7.88612e-06 0)
(11.055 -1.59395e-05 0)
(11.055 -2.8439e-05 0)
(11.055 -3.75929e-05 0)
(11.055 -1.62279e-05 0)
(11.055 -9.81947e-06 0)
(11.055 -1.10308e-05 0)
(11.0549 -1.33328e-05 0)
(11.0549 -7.33438e-06 0)
(11.0549 5.04619e-06 0)
(11.055 2.58603e-05 0)
(11.055 4.33196e-05 0)
(11.055 4.35562e-05 0)
(11.055 3.74044e-05 0)
(11.0551 3.32288e-05 0)
(11.0551 1.13907e-05 0)
(11.0551 -1.82761e-06 0)
(11.055 -1.58879e-05 0)
(11.055 -2.46445e-05 0)
(11.0551 -2.98359e-05 0)
(11.0551 -2.48408e-05 0)
(11.0551 -2.08531e-05 0)
(11.0551 8.73826e-06 0)
(11.0551 2.43025e-05 0)
(11.0551 2.28858e-05 0)
(11.0551 9.98007e-06 0)
(11.0551 8.13413e-06 0)
(11.0551 2.95913e-06 0)
(11.0551 6.90246e-06 0)
(11.0551 1.71787e-05 0)
(11.0551 3.23912e-05 0)
(11.055 3.19559e-05 0)
(11.055 2.221e-05 0)
(11.055 9.5526e-06 0)
(11.055 -7.9566e-06 0)
(11.055 -4.1234e-05 0)
(11.055 -7.23432e-05 0)
(11.055 -7.29587e-05 0)
(11.055 -5.95874e-05 0)
(11.055 -3.87327e-05 0)
(11.055 -4.2643e-06 0)
(11.055 2.04497e-05 0)
(11.055 1.74776e-05 0)
(11.055 8.93054e-06 0)
(11.055 1.62413e-06 0)
(11.055 8.18105e-07 0)
(11.055 -1.11697e-06 0)
(11.055 1.27655e-07 0)
(11.055 -1.33052e-06 0)
(11.055 3.5109e-09 0)
(11.055 -1.54822e-06 0)
(11.055 -9.33651e-08 0)
(11.055 -1.84226e-06 0)
(11.055 -6.78596e-07 0)
(11.055 -2.60716e-06 0)
(11.055 -1.0181e-06 0)
(11.055 -1.87122e-06 0)
(11.055 -8.26474e-07 0)
(11.055 -1.06045e-06 0)
(11.055 1.02317e-07 0)
(11.055 -6.60936e-07 0)
(11.055 4.54435e-07 0)
(11.055 -9.07016e-07 0)
(11.055 3.82037e-07 0)
(11.055 -1.31395e-06 0)
(11.055 -2.27083e-07 0)
(11.055 -2.13305e-06 0)
(11.055 -6.29521e-07 0)
(11.055 -1.47275e-06 0)
(11.055 -5.65051e-07 0)
(11.055 -8.87885e-07 0)
(11.055 -2.37228e-07 0)
(11.055 -6.90945e-07 0)
(11.055 -9.45718e-08 0)
(11.055 -6.58625e-07 0)
(11.055 -1.61244e-08 0)
(11.055 -6.4607e-07 0)
(11.055 3.99857e-08 0)
(11.055 -6.20891e-07 0)
(11.055 5.49609e-08 0)
(11.055 -5.81898e-07 0)
(11.055 7.46153e-08 0)
(11.055 -5.56001e-07 0)
(11.055 1.30022e-07 0)
(11.055 -5.57761e-07 0)
(11.055 1.76321e-07 0)
(11.055 -5.32149e-07 0)
(11.055 1.53184e-07 0)
(11.055 -4.78072e-07 0)
(11.055 1.64207e-07 0)
(11.055 -4.25888e-07 0)
(11.055 2.91396e-07 0)
(11.055 -7.56963e-08 0)
(11.055 1.51929e-06 0)
(11.055 3.904e-06 0)
(11.055 1.46098e-05 0)
(11.055 3.6472e-05 0)
(11.0613 4.55469e-05 0)
(11.0613 3.2478e-05 0)
(11.0612 8.22801e-06 0)
(11.0612 -8.58922e-06 0)
(11.0613 -1.67999e-05 0)
(11.0613 -2.90682e-05 0)
(11.0613 -3.80165e-05 0)
(11.0613 -1.60672e-05 0)
(11.0613 -8.45587e-06 0)
(11.0612 -1.01225e-05 0)
(11.0612 -1.29611e-05 0)
(11.0612 -7.32727e-06 0)
(11.0612 4.85759e-06 0)
(11.0612 2.5206e-05 0)
(11.0613 4.22051e-05 0)
(11.0613 4.26262e-05 0)
(11.0613 3.65879e-05 0)
(11.0613 3.20579e-05 0)
(11.0614 1.16253e-05 0)
(11.0613 -5.35965e-07 0)
(11.0613 -1.53042e-05 0)
(11.0613 -2.51442e-05 0)
(11.0613 -3.0315e-05 0)
(11.0613 -2.5532e-05 0)
(11.0614 -2.15884e-05 0)
(11.0614 8.69258e-06 0)
(11.0614 2.49832e-05 0)
(11.0614 2.30914e-05 0)
(11.0613 9.89456e-06 0)
(11.0613 8.01722e-06 0)
(11.0614 2.83259e-06 0)
(11.0614 6.80094e-06 0)
(11.0614 1.7545e-05 0)
(11.0613 3.31555e-05 0)
(11.0613 3.25464e-05 0)
(11.0613 2.25537e-05 0)
(11.0613 9.67332e-06 0)
(11.0613 -7.87005e-06 0)
(11.0613 -4.11953e-05 0)
(11.0613 -7.23519e-05 0)
(11.0613 -7.29592e-05 0)
(11.0613 -5.98542e-05 0)
(11.0613 -3.9068e-05 0)
(11.0613 -3.97233e-06 0)
(11.0613 2.12771e-05 0)
(11.0613 1.78728e-05 0)
(11.0613 8.90234e-06 0)
(11.0613 1.56865e-06 0)
(11.0613 7.26539e-07 0)
(11.0613 -1.14361e-06 0)
(11.0613 5.07822e-08 0)
(11.0613 -1.34748e-06 0)
(11.0613 -7.30173e-08 0)
(11.0613 -1.55554e-06 0)
(11.0613 -1.58842e-07 0)
(11.0613 -1.8201e-06 0)
(11.0613 -7.28198e-07 -1.68566e-35)
(11.0613 -2.58272e-06 0)
(11.0613 -1.03625e-06 0)
(11.0613 -1.84302e-06 0)
(11.0613 -8.2487e-07 0)
(11.0613 -1.02746e-06 0)
(11.0613 1.08348e-07 0)
(11.0613 -6.11375e-07 0)
(11.0613 4.53365e-07 0)
(11.0613 -8.48776e-07 0)
(11.0613 3.77641e-07 0)
(11.0613 -1.24045e-06 0)
(11.0613 -2.32125e-07 -1.34957e-35)
(11.0613 -2.07181e-06 -1.32546e-35)
(11.0613 -6.22099e-07 0)
(11.0613 -1.4215e-06 1.26849e-35)
(11.0613 -5.48998e-07 0)
(11.0613 -8.50049e-07 1.1986e-35)
(11.0613 -2.0487e-07 0)
(11.0613 -6.48843e-07 -1.12684e-35)
(11.0613 -7.48239e-08 0)
(11.0613 -6.10944e-07 0)
(11.0613 -2.93412e-09 0)
(11.0613 -5.97306e-07 -9.83071e-36)
(11.0612 4.86726e-08 0)
(11.0612 -5.79191e-07 0)
(11.0612 6.81474e-08 0)
(11.0612 -5.44897e-07 0)
(11.0612 9.24598e-08 0)
(11.0612 -5.17282e-07 0)
(11.0612 1.40996e-07 0)
(11.0612 -5.14537e-07 0)
(11.0612 1.72739e-07 0)
(11.0612 -4.96465e-07 0)
(11.0612 1.59531e-07 0)
(11.0612 -4.51069e-07 -5.84363e-36)
(11.0612 1.73807e-07 0)
(11.0612 -3.97043e-07 0)
(11.0612 2.91264e-07 -4.79733e-36)
(11.0612 -4.78393e-08 0)
(11.0612 1.52367e-06 8.20716e-36)
(11.0612 3.94282e-06 0)
(11.0612 1.45817e-05 0)
(11.0613 3.60378e-05 0)
(11.0613 4.50293e-05 0)
(11.0612 3.30372e-05 0)
(11.0612 8.62407e-06 0)
(11.0612 -8.99248e-06 0)
(11.0613 -1.71008e-05 0)
(11.0613 -2.98137e-05 0)
(11.0613 -3.82419e-05 0)
(11.0613 -1.55134e-05 0)
(11.0613 -7.1816e-06 0)
(11.0612 -9.33796e-06 0)
(11.0612 -1.25717e-05 0)
(11.0612 -7.21998e-06 0)
(11.0612 4.83752e-06 0)
(11.0612 2.451e-05 0)
(11.0613 4.10087e-05 0)
(11.0613 4.14545e-05 0)
(11.0613 3.56255e-05 0)
(11.0613 3.11743e-05 0)
(11.0614 1.19629e-05 0)
(11.0613 7.28472e-07 0)
(11.0613 -1.46772e-05 0)
(11.0613 -2.56809e-05 0)
(11.0613 -3.10257e-05 0)
(11.0613 -2.64513e-05 0)
(11.0614 -2.23348e-05 0)
(11.0614 8.55656e-06 0)
(11.0614 2.55218e-05 0)
(11.0613 2.33484e-05 0)
(11.0613 9.88667e-06 0)
(11.0613 7.92071e-06 0)
(11.0613 2.78447e-06 0)
(11.0614 6.72509e-06 0)
(11.0614 1.75709e-05 0)
(11.0613 3.36977e-05 0)
(11.0613 3.34442e-05 0)
(11.0613 2.3221e-05 0)
(11.0613 9.96231e-06 0)
(11.0613 -7.8855e-06 0)
(11.0613 -4.18007e-05 0)
(11.0613 -7.26841e-05 0)
(11.0613 -7.2319e-05 0)
(11.0613 -5.96306e-05 0)
(11.0613 -3.94285e-05 0)
(11.0613 -3.85635e-06 0)
(11.0613 2.19292e-05 0)
(11.0613 1.8315e-05 0)
(11.0613 9.01473e-06 0)
(11.0613 1.57934e-06 0)
(11.0613 6.47996e-07 0)
(11.0613 -1.171e-06 0)
(11.0613 -3.15139e-08 0)
(11.0613 -1.37058e-06 0)
(11.0613 -1.49627e-07 0)
(11.0613 -1.56113e-06 0)
(11.0613 -2.15668e-07 0)
(11.0613 -1.78712e-06 0)
(11.0613 -7.66689e-07 1.68566e-35)
(11.0613 -2.54995e-06 0)
(11.0613 -1.04388e-06 0)
(11.0613 -1.80376e-06 0)
(11.0613 -8.12342e-07 0)
(11.0613 -9.84524e-07 0)
(11.0613 1.18369e-07 0)
(11.0613 -5.57486e-07 0)
(11.0613 4.60247e-07 0)
(11.0613 -7.87104e-07 0)
(11.0613 3.84263e-07 0)
(11.0613 -1.16093e-06 0)
(11.0613 -2.27032e-07 1.34957e-35)
(11.0613 -2.00375e-06 1.32546e-35)
(11.0613 -5.98907e-07 0)
(11.0613 -1.36258e-06 -1.26848e-35)
(11.0613 -5.23735e-07 0)
(11.0613 -7.98502e-07 -1.1986e-35)
(11.0613 -1.88358e-07 0)
(11.0613 -5.96042e-07 1.12683e-35)
(11.0613 -4.99986e-08 0)
(11.0613 -5.59626e-07 0)
(11.0613 2.64688e-08 0)
(11.0612 -5.47636e-07 9.83069e-36)
(11.0612 7.07758e-08 0)
(11.0612 -5.34055e-07 0)
(11.0612 8.63001e-08 0)
(11.0612 -5.00593e-07 0)
(11.0612 1.08566e-07 0)
(11.0612 -4.72687e-07 0)
(11.0612 1.56988e-07 0)
(11.0612 -4.72053e-07 0)
(11.0612 1.88272e-07 0)
(11.0612 -4.60644e-07 0)
(11.0612 1.68621e-07 0)
(11.0612 -4.16444e-07 5.84362e-36)
(11.0612 1.78712e-07 0)
(11.0612 -3.62602e-07 0)
(11.0612 2.97114e-07 4.79732e-36)
(11.0612 -1.83947e-08 0)
(11.0612 1.51918e-06 -8.20714e-36)
(11.0612 3.95427e-06 0)
(11.0612 1.45334e-05 0)
(11.0613 3.52901e-05 0)
(11.055 4.4928e-05 0)
(11.055 3.38354e-05 0)
(11.055 9.35211e-06 0)
(11.055 -9.66966e-06 0)
(11.055 -1.79882e-05 0)
(11.055 -3.03782e-05 0)
(11.055 -3.87087e-05 0)
(11.055 -1.53304e-05 0)
(11.055 -5.72615e-06 0)
(11.055 -8.4209e-06 0)
(11.0549 -1.22416e-05 0)
(11.0549 -7.23759e-06 0)
(11.0549 4.65189e-06 0)
(11.0549 2.38509e-05 0)
(11.055 3.98876e-05 0)
(11.055 4.05045e-05 0)
(11.055 3.48033e-05 0)
(11.0551 3.00837e-05 0)
(11.0551 1.219e-05 0)
(11.0551 1.99941e-06 0)
(11.055 -1.4078e-05 0)
(11.055 -2.61706e-05 0)
(11.055 -3.14589e-05 0)
(11.0551 -2.71001e-05 0)
(11.0551 -2.31119e-05 0)
(11.0551 8.4843e-06 0)
(11.0551 2.62301e-05 0)
(11.0551 2.35595e-05 0)
(11.0551 9.76012e-06 0)
(11.0551 7.74053e-06 0)
(11.0551 2.63164e-06 0)
(11.0551 6.53638e-06 0)
(11.0551 1.78522e-05 0)
(11.0551 3.44014e-05 0)
(11.055 3.40567e-05 0)
(11.055 2.35717e-05 0)
(11.055 1.00965e-05 0)
(11.055 -7.75078e-06 0)
(11.055 -4.1733e-05 0)
(11.055 -7.27274e-05 0)
(11.055 -7.23658e-05 0)
(11.055 -5.9884e-05 0)
(11.055 -3.9818e-05 0)
(11.055 -3.59967e-06 0)
(11.055 2.27818e-05 0)
(11.055 1.87199e-05 0)
(11.055 8.96907e-06 0)
(11.055 1.50842e-06 0)
(11.055 5.44514e-07 0)
(11.055 -1.21151e-06 0)
(11.055 -1.18899e-07 0)
(11.055 -1.39949e-06 0)
(11.055 -2.27626e-07 0)
(11.055 -1.57034e-06 0)
(11.055 -2.77241e-07 0)
(11.055 -1.7596e-06 0)
(11.055 -8.00821e-07 0)
(11.055 -2.50854e-06 0)
(11.055 -1.04873e-06 0)
(11.055 -1.76188e-06 0)
(11.055 -7.93778e-07 0)
(11.055 -9.38603e-07 0)
(11.055 1.3716e-07 0)
(11.055 -5.00747e-07 0)
(11.055 4.69482e-07 0)
(11.055 -7.22399e-07 0)
(11.055 3.89716e-07 0)
(11.055 -1.08031e-06 0)
(11.055 -2.20734e-07 0)
(11.055 -1.93264e-06 0)
(11.055 -5.85463e-07 0)
(11.055 -1.30641e-06 0)
(11.055 -4.97445e-07 0)
(11.055 -7.54988e-07 0)
(11.055 -1.53758e-07 0)
(11.055 -5.47135e-07 0)
(11.055 -2.5069e-08 0)
(11.055 -5.08979e-07 0)
(11.055 4.42468e-08 0)
(11.055 -4.97391e-07 0)
(11.055 8.75349e-08 0)
(11.055 -4.89749e-07 0)
(11.055 1.0377e-07 0)
(11.055 -4.5981e-07 0)
(11.055 1.27453e-07 0)
(11.055 -4.31522e-07 0)
(11.055 1.70843e-07 0)
(11.055 -4.29426e-07 0)
(11.055 1.94227e-07 0)
(11.055 -4.24232e-07 0)
(11.055 1.77781e-07 0)
(11.055 -3.86233e-07 0)
(11.055 1.87173e-07 0)
(11.055 -3.31867e-07 0)
(11.055 3.00798e-07 0)
(11.055 8.89651e-09 0)
(11.055 1.51497e-06 0)
(11.055 3.96859e-06 0)
(11.055 1.44729e-05 0)
(11.055 3.48348e-05 0)
(11.0424 4.45964e-05 0)
(11.0424 3.44806e-05 0)
(11.0423 9.764e-06 0)
(11.0423 -1.04946e-05 0)
(11.0424 -1.88716e-05 0)
(11.0424 -3.08499e-05 0)
(11.0424 -3.89598e-05 0)
(11.0424 -1.49228e-05 0)
(11.0424 -4.20773e-06 0)
(11.0423 -7.40069e-06 0)
(11.0423 -1.17731e-05 0)
(11.0423 -7.17466e-06 0)
(11.0423 4.45715e-06 0)
(11.0423 2.30933e-05 0)
(11.0424 3.86965e-05 0)
(11.0424 3.94717e-05 0)
(11.0424 3.39972e-05 0)
(11.0424 2.91326e-05 0)
(11.0425 1.242e-05 0)
(11.0424 3.27448e-06 0)
(11.0424 -1.34309e-05 0)
(11.0424 -2.66759e-05 0)
(11.0424 -3.19541e-05 0)
(11.0424 -2.77532e-05 0)
(11.0425 -2.38156e-05 0)
(11.0425 8.46204e-06 0)
(11.0425 2.69839e-05 0)
(11.0424 2.39053e-05 0)
(11.0424 9.75091e-06 0)
(11.0424 7.60828e-06 0)
(11.0425 2.48772e-06 0)
(11.0425 6.30083e-06 0)
(11.0425 1.79243e-05 0)
(11.0424 3.49428e-05 0)
(11.0424 3.47266e-05 0)
(11.0424 2.40267e-05 0)
(11.0424 1.02792e-05 0)
(11.0424 -7.6784e-06 0)
(11.0424 -4.19845e-05 0)
(11.0424 -7.30467e-05 0)
(11.0424 -7.23336e-05 0)
(11.0424 -6.00597e-05 0)
(11.0424 -4.02149e-05 0)
(11.0424 -3.37701e-06 0)
(11.0424 2.36554e-05 0)
(11.0424 1.92667e-05 0)
(11.0424 9.07529e-06 0)
(11.0424 1.51944e-06 0)
(11.0424 4.7328e-07 0)
(11.0424 -1.24344e-06 0)
(11.0424 -2.01003e-07 0)
(11.0424 -1.42222e-06 0)
(11.0424 -2.9354e-07 0)
(11.0424 -1.56992e-06 0)
(11.0424 -3.24196e-07 0)
(11.0424 -1.71895e-06 0)
(11.0424 -8.24028e-07 0)
(11.0424 -2.45995e-06 0)
(11.0424 -1.0465e-06 0)
(11.0424 -1.71309e-06 0)
(11.0424 -7.69667e-07 0)
(11.0424 -8.88344e-07 0)
(11.0424 1.58452e-07 0)
(11.0424 -4.41083e-07 0)
(11.0424 4.83335e-07 0)
(11.0424 -6.57147e-07 0)
(11.0424 3.99884e-07 0)
(11.0424 -9.98203e-07 0)
(11.0424 -2.09908e-07 0)
(11.0424 -1.85889e-06 0)
(11.0424 -5.68295e-07 0)
(11.0424 -1.24963e-06 0)
(11.0424 -4.6996e-07 0)
(11.0424 -7.07508e-07 0)
(11.0424 -1.25511e-07 0)
(11.0424 -4.98684e-07 0)
(11.0424 -7.90017e-10 0)
(11.0424 -4.59698e-07 0)
(11.0424 6.66746e-08 0)
(11.0424 -4.48647e-07 0)
(11.0424 1.04991e-07 0)
(11.0424 -4.47128e-07 0)
(11.0424 1.20818e-07 0)
(11.0423 -4.2008e-07 0)
(11.0423 1.45014e-07 0)
(11.0423 -3.91315e-07 0)
(11.0423 1.83709e-07 0)
(11.0423 -3.8878e-07 0)
(11.0423 2.01194e-07 0)
(11.0423 -3.89967e-07 0)
(11.0423 1.86572e-07 0)
(11.0423 -3.56644e-07 0)
(11.0423 1.9432e-07 0)
(11.0423 -3.02123e-07 0)
(11.0423 3.04164e-07 0)
(11.0423 3.47631e-08 0)
(11.0423 1.50819e-06 0)
(11.0423 3.96389e-06 0)
(11.0423 1.43528e-05 0)
(11.0424 3.42095e-05 0)
(11.0233 4.43007e-05 0)
(11.0233 3.52582e-05 0)
(11.0233 1.0249e-05 0)
(11.0233 -1.12154e-05 0)
(11.0233 -1.97356e-05 0)
(11.0233 -3.13513e-05 0)
(11.0233 -3.92953e-05 0)
(11.0233 -1.45364e-05 0)
(11.0233 -2.68015e-06 0)
(11.0232 -6.41549e-06 0)
(11.0232 -1.13633e-05 0)
(11.0232 -7.15027e-06 0)
(11.0232 4.23271e-06 0)
(11.0232 2.23382e-05 0)
(11.0233 3.75232e-05 0)
(11.0233 3.84329e-05 0)
(11.0233 3.31597e-05 0)
(11.0234 2.81759e-05 0)
(11.0234 1.26431e-05 0)
(11.0233 4.57684e-06 0)
(11.0233 -1.27515e-05 0)
(11.0233 -2.71646e-05 0)
(11.0233 -3.24254e-05 0)
(11.0233 -2.842e-05 0)
(11.0234 -2.45847e-05 0)
(11.0234 8.39318e-06 0)
(11.0234 2.77233e-05 0)
(11.0234 2.42272e-05 0)
(11.0234 9.68879e-06 0)
(11.0234 7.42419e-06 0)
(11.0234 2.31733e-06 0)
(11.0234 6.03598e-06 0)
(11.0234 1.79845e-05 0)
(11.0234 3.54996e-05 0)
(11.0233 3.54313e-05 0)
(11.0233 2.44977e-05 0)
(11.0233 1.04709e-05 0)
(11.0233 -7.57587e-06 0)
(11.0233 -4.21945e-05 0)
(11.0233 -7.33593e-05 0)
(11.0233 -7.22543e-05 0)
(11.0233 -6.02199e-05 0)
(11.0233 -4.06668e-05 0)
(11.0233 -3.1863e-06 0)
(11.0233 2.45279e-05 0)
(11.0233 1.97866e-05 0)
(11.0233 9.14153e-06 0)
(11.0233 1.50396e-06 0)
(11.0233 3.85345e-07 0)
(11.0233 -1.28704e-06 0)
(11.0233 -2.89331e-07 0)
(11.0233 -1.44735e-06 0)
(11.0233 -3.57815e-07 0)
(11.0233 -1.5683e-06 0)
(11.0233 -3.65176e-07 0)
(11.0233 -1.67357e-06 0)
(11.0233 -8.35968e-07 0)
(11.0233 -2.39897e-06 0)
(11.0233 -1.03495e-06 0)
(11.0233 -1.65543e-06 0)
(11.0233 -7.35779e-07 0)
(11.0233 -8.29536e-07 0)
(11.0233 1.88211e-07 0)
(11.0233 -3.74568e-07 0)
(11.0233 5.04982e-07 0)
(11.0233 -5.86049e-07 0)
(11.0233 4.17545e-07 0)
(11.0233 -9.10442e-07 0)
(11.0233 -1.91221e-07 0)
(11.0233 -1.77717e-06 0)
(11.0233 -5.45917e-07 0)
(11.0233 -1.18853e-06 0)
(11.0233 -4.37365e-07 0)
(11.0233 -6.57242e-07 0)
(11.0233 -9.21644e-08 0)
(11.0233 -4.45672e-07 0)
(11.0233 2.81181e-08 0)
(11.0233 -4.06564e-07 0)
(11.0233 9.25038e-08 0)
(11.0233 -3.96957e-07 0)
(11.0233 1.2615e-07 0)
(11.0233 -4.02334e-07 0)
(11.0233 1.41049e-07 0)
(11.0233 -3.78444e-07 0)
(11.0233 1.65412e-07 0)
(11.0233 -3.48782e-07 0)
(11.0233 1.99413e-07 0)
(11.0233 -3.45889e-07 0)
(11.0233 2.10688e-07 0)
(11.0233 -3.55148e-07 0)
(11.0233 1.97444e-07 0)
(11.0233 -3.26035e-07 0)
(11.0233 2.03317e-07 0)
(11.0233 -2.71029e-07 0)
(11.0233 3.0911e-07 0)
(11.0233 6.07736e-08 0)
(11.0233 1.50126e-06 0)
(11.0233 3.95338e-06 0)
(11.0233 1.42086e-05 0)
(11.0233 3.35926e-05 0)
(10.9975 4.39826e-05 0)
(10.9975 3.61517e-05 0)
(10.9975 1.07245e-05 0)
(10.9975 -1.19221e-05 0)
(10.9975 -2.06022e-05 0)
(10.9975 -3.1849e-05 0)
(10.9976 -3.96903e-05 0)
(10.9976 -1.41574e-05 0)
(10.9975 -1.12358e-06 0)
(10.9975 -5.44395e-06 0)
(10.9975 -1.09767e-05 0)
(10.9975 -7.14328e-06 0)
(10.9975 4.00251e-06 0)
(10.9975 2.15913e-05 0)
(10.9975 3.63675e-05 0)
(10.9976 3.7393e-05 0)
(10.9976 3.23135e-05 0)
(10.9976 2.72392e-05 0)
(10.9976 1.28696e-05 0)
(10.9976 5.92148e-06 0)
(10.9976 -1.20466e-05 0)
(10.9976 -2.76467e-05 0)
(10.9976 -3.28703e-05 0)
(10.9976 -2.90978e-05 0)
(10.9976 -2.53913e-05 0)
(10.9976 8.30188e-06 0)
(10.9976 2.84774e-05 0)
(10.9976 2.45485e-05 0)
(10.9976 9.58243e-06 0)
(10.9976 7.20628e-06 0)
(10.9976 2.13129e-06 0)
(10.9976 5.75961e-06 0)
(10.9976 1.80309e-05 0)
(10.9976 3.60606e-05 0)
(10.9976 3.6167e-05 0)
(10.9976 2.49887e-05 0)
(10.9976 1.06772e-05 0)
(10.9976 -7.43728e-06 0)
(10.9976 -4.23874e-05 0)
(10.9976 -7.37203e-05 0)
(10.9976 -7.21435e-05 0)
(10.9976 -6.03793e-05 0)
(10.9976 -4.11696e-05 0)
(10.9976 -3.02122e-06 0)
(10.9976 2.54169e-05 0)
(10.9976 2.02967e-05 0)
(10.9975 9.18065e-06 0)
(10.9975 1.4689e-06 0)
(10.9975 2.86117e-07 0)
(10.9975 -1.33535e-06 0)
(10.9976 -3.75405e-07 0)
(10.9976 -1.46816e-06 0)
(10.9976 -4.13749e-07 0)
(10.9976 -1.55934e-06 0)
(10.9976 -3.94575e-07 0)
(10.9976 -1.61914e-06 0)
(10.9976 -8.35587e-07 0)
(10.9976 -2.32536e-06 0)
(10.9976 -1.01502e-06 0)
(10.9975 -1.59038e-06 0)
(10.9975 -6.94617e-07 0)
(10.9975 -7.65282e-07 0)
(10.9975 2.23133e-07 0)
(10.9975 -3.04806e-07 0)
(10.9975 5.30915e-07 0)
(10.9975 -5.13065e-07 0)
(10.9975 4.38783e-07 0)
(10.9975 -8.21296e-07 0)
(10.9975 -1.68545e-07 0)
(10.9975 -1.69171e-06 0)
(10.9975 -5.22978e-07 0)
(10.9975 -1.12735e-06 0)
(10.9975 -4.03425e-07 0)
(10.9975 -6.07396e-07 0)
(10.9975 -5.83246e-08 0)
(10.9975 -3.93054e-07 0)
(10.9975 5.71769e-08 0)
(10.9975 -3.54297e-07 0)
(10.9975 1.17923e-07 0)
(10.9975 -3.4642e-07 0)
(10.9975 1.47181e-07 0)
(10.9975 -3.58733e-07 0)
(10.9975 1.60889e-07 0)
(10.9975 -3.37987e-07 0)
(10.9975 1.851e-07 0)
(10.9975 -3.07457e-07 0)
(10.9975 2.14568e-07 0)
(10.9975 -3.04415e-07 0)
(10.9975 2.20074e-07 0)
(10.9975 -3.21746e-07 0)
(10.9975 2.07784e-07 0)
(10.9975 -2.96533e-07 0)
(10.9975 2.11762e-07 0)
(10.9975 -2.41112e-07 0)
(10.9975 3.13671e-07 0)
(10.9975 8.51722e-08 0)
(10.9975 1.49235e-06 0)
(10.9975 3.93778e-06 0)
(10.9975 1.40418e-05 0)
(10.9975 3.29529e-05 0)
(10.9649 4.3632e-05 0)
(10.9648 3.71235e-05 0)
(10.9648 1.12031e-05 0)
(10.9648 -1.2622e-05 0)
(10.9649 -2.14133e-05 0)
(10.9649 -3.23956e-05 0)
(10.9649 -4.01421e-05 0)
(10.9649 -1.37889e-05 0)
(10.9649 4.62493e-07 0)
(10.9648 -4.4749e-06 0)
(10.9648 -1.06067e-05 0)
(10.9648 -7.15564e-06 0)
(10.9648 3.76162e-06 0)
(10.9648 2.08476e-05 0)
(10.9649 3.52257e-05 0)
(10.9649 3.63522e-05 0)
(10.9649 3.14667e-05 0)
(10.9649 2.6327e-05 0)
(10.9649 1.30966e-05 0)
(10.9649 7.3167e-06 0)
(10.9649 -1.13155e-05 0)
(10.9649 -2.81316e-05 0)
(10.9649 -3.32851e-05 0)
(10.9649 -2.97749e-05 0)
(10.9649 -2.62412e-05 0)
(10.965 8.18872e-06 0)
(10.965 2.92493e-05 0)
(10.9649 2.48365e-05 0)
(10.9649 9.47223e-06 0)
(10.9649 6.95474e-06 0)
(10.9649 1.91933e-06 0)
(10.965 5.48036e-06 0)
(10.965 1.80563e-05 0)
(10.9649 3.66211e-05 0)
(10.9649 3.69379e-05 0)
(10.9649 2.55047e-05 0)
(10.9649 1.08985e-05 0)
(10.9649 -7.26605e-06 0)
(10.9649 -4.25708e-05 0)
(10.9649 -7.40688e-05 0)
(10.9649 -7.20271e-05 0)
(10.9649 -6.05359e-05 0)
(10.9649 -4.17231e-05 0)
(10.9649 -2.8828e-06 0)
(10.9649 2.63213e-05 0)
(10.9649 2.08065e-05 0)
(10.9649 9.19847e-06 0)
(10.9649 1.41843e-06 0)
(10.9649 1.77036e-07 0)
(10.9649 -1.38718e-06 0)
(10.9649 -4.57632e-07 0)
(10.9649 -1.48223e-06 0)
(10.9649 -4.5901e-07 0)
(10.9649 -1.54013e-06 0)
(10.9649 -4.10529e-07 0)
(10.9649 -1.55209e-06 0)
(10.9649 -8.21746e-07 0)
(10.9649 -2.23837e-06 0)
(10.9649 -9.86293e-07 0)
(10.9649 -1.51772e-06 0)
(10.9649 -6.45701e-07 0)
(10.9649 -6.95771e-07 0)
(10.9649 2.63163e-07 0)
(10.9649 -2.31957e-07 0)
(10.9649 5.61042e-07 0)
(10.9649 -4.38231e-07 0)
(10.9649 4.63346e-07 0)
(10.9649 -7.3087e-07 0)
(10.9649 -1.42171e-07 0)
(10.9649 -1.60263e-06 0)
(10.9649 -5.00003e-07 0)
(10.9649 -1.06641e-06 0)
(10.9649 -3.68598e-07 0)
(10.9649 -5.57764e-07 0)
(10.9648 -2.44514e-08 0)
(10.9648 -3.41157e-07 0)
(10.9648 8.59928e-08 0)
(10.9648 -3.03163e-07 0)
(10.9648 1.42855e-07 0)
(10.9648 -2.97319e-07 0)
(10.9648 1.67706e-07 0)
(10.9648 -3.16578e-07 0)
(10.9648 1.80019e-07 0)
(10.9648 -2.99038e-07 0)
(10.9648 2.03853e-07 0)
(10.9648 -2.67768e-07 0)
(10.9648 2.28883e-07 0)
(10.9648 -2.64623e-07 0)
(10.9648 2.2889e-07 0)
(10.9648 -2.89902e-07 0)
(10.9648 2.17364e-07 0)
(10.9648 -2.68367e-07 0)
(10.9648 2.19505e-07 0)
(10.9648 -2.12513e-07 0)
(10.9648 3.17618e-07 0)
(10.9648 1.07881e-07 0)
(10.9648 1.48102e-06 0)
(10.9648 3.91474e-06 0)
(10.9648 1.38523e-05 0)
(10.9649 3.22895e-05 0)
(10.9249 4.32369e-05 0)
(10.9249 3.81501e-05 0)
(10.9249 1.17074e-05 0)
(10.9249 -1.33201e-05 0)
(10.9249 -2.22043e-05 0)
(10.925 -3.30179e-05 0)
(10.925 -4.06427e-05 0)
(10.925 -1.34343e-05 0)
(10.925 2.08275e-06 0)
(10.9249 -3.50348e-06 0)
(10.9249 -1.02517e-05 0)
(10.9249 -7.18771e-06 0)
(10.9249 3.50723e-06 0)
(10.9249 2.01044e-05 0)
(10.9249 3.40945e-05 0)
(10.925 3.53107e-05 0)
(10.925 3.06221e-05 0)
(10.925 2.54389e-05 0)
(10.925 1.33264e-05 0)
(10.925 8.76467e-06 0)
(10.925 -1.05586e-05 0)
(10.925 -2.86256e-05 0)
(10.925 -3.3666e-05 0)
(10.925 -3.04507e-05 0)
(10.925 -2.71399e-05 0)
(10.925 8.05162e-06 0)
(10.925 3.0044e-05 0)
(10.925 2.51259e-05 0)
(10.925 9.35646e-06 0)
(10.925 6.65748e-06 0)
(10.925 1.70014e-06 0)
(10.925 5.19434e-06 0)
(10.925 1.80595e-05 0)
(10.925 3.71842e-05 0)
(10.925 3.77471e-05 0)
(10.925 2.60497e-05 0)
(10.925 1.11354e-05 0)
(10.925 -7.06359e-06 0)
(10.925 -4.27389e-05 0)
(10.925 -7.43966e-05 0)
(10.925 -7.19446e-05 0)
(10.925 -6.06936e-05 0)
(10.925 -4.23284e-05 0)
(10.925 -2.77121e-06 0)
(10.925 2.72446e-05 0)
(10.925 2.13197e-05 0)
(10.925 9.19668e-06 0)
(10.925 1.35354e-06 0)
(10.925 5.9265e-08 0)
(10.925 -1.44106e-06 0)
(10.925 -5.33927e-07 0)
(10.925 -1.48668e-06 0)
(10.925 -4.91424e-07 0)
(10.925 -1.50819e-06 0)
(10.925 -4.10657e-07 0)
(10.925 -1.47145e-06 0)
(10.925 -7.93262e-07 0)
(10.925 -2.13773e-06 0)
(10.925 -9.48478e-07 0)
(10.925 -1.43748e-06 0)
(10.925 -5.88809e-07 0)
(10.925 -6.20938e-07 0)
(10.9249 3.07976e-07 0)
(10.9249 -1.56455e-07 0)
(10.9249 5.94988e-07 0)
(10.9249 -3.62018e-07 0)
(10.9249 4.90804e-07 0)
(10.9249 -6.39734e-07 0)
(10.9249 -1.12512e-07 0)
(10.9249 -1.51047e-06 0)
(10.9249 -4.77537e-07 0)
(10.9249 -1.00643e-06 0)
(10.9249 -3.33389e-07 0)
(10.9249 -5.08969e-07 0)
(10.9249 9.08623e-09 0)
(10.9249 -2.90531e-07 0)
(10.9249 1.14253e-07 0)
(10.9249 -2.53482e-07 0)
(10.9249 1.67103e-07 0)
(10.9249 -2.49728e-07 0)
(10.9249 1.87395e-07 0)
(10.9249 -2.76094e-07 0)
(10.9249 1.98151e-07 0)
(10.9249 -2.61806e-07 0)
(10.9249 2.21458e-07 0)
(10.9249 -2.29812e-07 0)
(10.9249 2.42104e-07 0)
(10.9249 -2.26573e-07 0)
(10.9249 2.36805e-07 0)
(10.9249 -2.59783e-07 0)
(10.9249 2.25958e-07 0)
(10.9249 -2.41829e-07 0)
(10.9249 2.26342e-07 0)
(10.9249 -1.85505e-07 0)
(10.9249 3.20745e-07 0)
(10.9249 1.2873e-07 0)
(10.9249 1.46699e-06 0)
(10.9249 3.88307e-06 0)
(10.9249 1.36399e-05 0)
(10.9249 3.16e-05 0)
(10.8774 4.27736e-05 0)
(10.8774 3.92251e-05 0)
(10.8773 1.22494e-05 0)
(10.8773 -1.4059e-05 0)
(10.8774 -2.30007e-05 0)
(10.8774 -3.3671e-05 0)
(10.8774 -4.12011e-05 0)
(10.8774 -1.3099e-05 0)
(10.8774 3.74292e-06 0)
(10.8774 -2.52597e-06 0)
(10.8773 -9.90982e-06 0)
(10.8773 -7.23553e-06 0)
(10.8773 3.24319e-06 0)
(10.8773 1.93586e-05 0)
(10.8774 3.29724e-05 0)
(10.8774 3.42693e-05 0)
(10.8774 2.97824e-05 0)
(10.8775 2.45749e-05 0)
(10.8775 1.35618e-05 0)
(10.8774 1.02559e-05 0)
(10.8774 -9.76699e-06 0)
(10.8774 -2.91219e-05 0)
(10.8774 -3.40242e-05 0)
(10.8774 -3.11254e-05 0)
(10.8775 -2.80934e-05 0)
(10.8775 7.88566e-06 0)
(10.8775 3.08707e-05 0)
(10.8775 2.54145e-05 0)
(10.8775 9.23734e-06 0)
(10.8775 6.31849e-06 0)
(10.8775 1.47525e-06 0)
(10.8775 4.89915e-06 0)
(10.8775 1.80426e-05 0)
(10.8775 3.77565e-05 0)
(10.8774 3.85977e-05 0)
(10.8774 2.66266e-05 0)
(10.8774 1.13886e-05 0)
(10.8774 -6.83944e-06 0)
(10.8774 -4.28717e-05 0)
(10.8774 -7.47509e-05 0)
(10.8774 -7.18847e-05 0)
(10.8774 -6.08573e-05 0)
(10.8774 -4.29871e-05 0)
(10.8774 -2.68492e-06 0)
(10.8774 2.81886e-05 0)
(10.8774 2.18384e-05 0)
(10.8774 9.17553e-06 0)
(10.8774 1.27443e-06 0)
(10.8774 -6.56503e-08 0)
(10.8774 -1.49452e-06 0)
(10.8774 -6.0137e-07 0)
(10.8774 -1.47869e-06 0)
(10.8774 -5.08398e-07 0)
(10.8774 -1.45969e-06 0)
(10.8774 -3.9375e-07 0)
(10.8774 -1.37604e-06 0)
(10.8774 -7.49511e-07 0)
(10.8774 -2.02343e-06 0)
(10.8774 -9.02053e-07 0)
(10.8774 -1.34987e-06 0)
(10.8774 -5.24665e-07 0)
(10.8774 -5.41296e-07 0)
(10.8774 3.56855e-07 0)
(10.8774 -7.89657e-08 0)
(10.8774 6.31817e-07 0)
(10.8774 -2.85146e-07 0)
(10.8774 5.20228e-07 0)
(10.8774 -5.48608e-07 0)
(10.8774 -8.04311e-08 0)
(10.8774 -1.41592e-06 0)
(10.8774 -4.56227e-07 0)
(10.8774 -9.47871e-07 0)
(10.8774 -2.98585e-07 0)
(10.8774 -4.61117e-07 0)
(10.8774 4.14579e-08 0)
(10.8774 -2.41564e-07 0)
(10.8774 1.41145e-07 0)
(10.8774 -2.05886e-07 0)
(10.8774 1.89945e-07 0)
(10.8774 -2.04516e-07 0)
(10.8774 2.05778e-07 0)
(10.8774 -2.37886e-07 0)
(10.8773 2.14811e-07 0)
(10.8773 -2.26851e-07 0)
(10.8773 2.37433e-07 0)
(10.8773 -1.9432e-07 0)
(10.8773 2.53823e-07 0)
(10.8773 -1.91018e-07 0)
(10.8773 2.43444e-07 0)
(10.8773 -2.31748e-07 0)
(10.8773 2.33297e-07 0)
(10.8773 -2.17104e-07 0)
(10.8773 2.31921e-07 0)
(10.8773 -1.60258e-07 0)
(10.8773 3.22618e-07 0)
(10.8773 1.47496e-07 0)
(10.8773 1.44988e-06 0)
(10.8773 3.84232e-06 0)
(10.8773 1.34051e-05 0)
(10.8774 3.08841e-05 0)
(10.8217 4.22694e-05 0)
(10.8217 4.02997e-05 0)
(10.8216 1.28359e-05 0)
(10.8216 -1.48123e-05 0)
(10.8217 -2.38092e-05 0)
(10.8217 -3.43427e-05 0)
(10.8217 -4.18299e-05 0)
(10.8217 -1.27898e-05 0)
(10.8217 5.4501e-06 0)
(10.8217 -1.53744e-06 0)
(10.8216 -9.57672e-06 0)
(10.8216 -7.29781e-06 0)
(10.8216 2.97511e-06 0)
(10.8217 1.86069e-05 0)
(10.8217 3.18586e-05 0)
(10.8217 3.32295e-05 0)
(10.8217 2.89494e-05 0)
(10.8218 2.37358e-05 0)
(10.8218 1.37989e-05 0)
(10.8217 1.17787e-05 0)
(10.8217 -8.92243e-06 0)
(10.8217 -2.96222e-05 0)
(10.8217 -3.43652e-05 0)
(10.8217 -3.18019e-05 0)
(10.8218 -2.91094e-05 0)
(10.8218 7.68333e-06 0)
(10.8218 3.17613e-05 0)
(10.8218 2.56838e-05 0)
(10.8218 9.10475e-06 0)
(10.8218 5.95407e-06 0)
(10.8218 1.24465e-06 0)
(10.8218 4.59859e-06 0)
(10.8218 1.80068e-05 0)
(10.8218 3.83411e-05 0)
(10.8217 3.94959e-05 0)
(10.8217 2.72398e-05 0)
(10.8217 1.16595e-05 0)
(10.8217 -6.59416e-06 0)
(10.8217 -4.29671e-05 0)
(10.8217 -7.51355e-05 0)
(10.8217 -7.1846e-05 0)
(10.8217 -6.10303e-05 0)
(10.8217 -4.37036e-05 0)
(10.8218 -2.62365e-06 0)
(10.8217 2.9155e-05 0)
(10.8217 2.23633e-05 0)
(10.8217 9.13639e-06 0)
(10.8217 1.18159e-06 0)
(10.8217 -1.95584e-07 0)
(10.8217 -1.54449e-06 0)
(10.8217 -6.56404e-07 0)
(10.8217 -1.45474e-06 0)
(10.8217 -5.0669e-07 0)
(10.8217 -1.39174e-06 0)
(10.8217 -3.5756e-07 0)
(10.8217 -1.26523e-06 0)
(10.8217 -6.89933e-07 0)
(10.8217 -1.89476e-06 0)
(10.8217 -8.47509e-07 0)
(10.8217 -1.25587e-06 0)
(10.8217 -4.54153e-07 0)
(10.8217 -4.57648e-07 0)
(10.8217 4.08907e-07 0)
(10.8217 -4.50244e-10 0)
(10.8217 6.70544e-07 0)
(10.8217 -2.08602e-07 0)
(10.8217 5.50649e-07 0)
(10.8217 -4.58457e-07 0)
(10.8217 -4.67897e-08 0)
(10.8217 -1.31987e-06 0)
(10.8217 -4.36817e-07 0)
(10.8217 -8.91742e-07 0)
(10.8217 -2.64876e-07 0)
(10.8217 -4.15314e-07 0)
(10.8217 7.21877e-08 0)
(10.8217 -1.95082e-07 0)
(10.8217 1.662e-07 0)
(10.8217 -1.60898e-07 0)
(10.8217 2.10896e-07 0)
(10.8217 -1.61854e-07 0)
(10.8217 2.22253e-07 0)
(10.8217 -2.02257e-07 0)
(10.8217 2.29485e-07 0)
(10.8216 -1.94431e-07 0)
(10.8216 2.51348e-07 0)
(10.8216 -1.61361e-07 0)
(10.8216 2.63548e-07 0)
(10.8216 -1.57988e-07 0)
(10.8216 2.4818e-07 0)
(10.8216 -2.05882e-07 0)
(10.8216 2.39016e-07 0)
(10.8216 -1.94525e-07 0)
(10.8216 2.35944e-07 0)
(10.8216 -1.37125e-07 0)
(10.8216 3.2307e-07 0)
(10.8216 1.63976e-07 0)
(10.8216 1.4294e-06 0)
(10.8216 3.79179e-06 0)
(10.8217 1.31474e-05 0)
(10.8217 3.01376e-05 0)
(10.7573 4.17352e-05 0)
(10.7573 4.13531e-05 0)
(10.7572 1.34656e-05 0)
(10.7572 -1.55854e-05 0)
(10.7573 -2.46446e-05 0)
(10.7573 -3.50304e-05 0)
(10.7573 -4.25297e-05 0)
(10.7573 -1.25148e-05 0)
(10.7573 7.21451e-06 0)
(10.7573 -5.3057e-07 0)
(10.7572 -9.2483e-06 0)
(10.7572 -7.37058e-06 0)
(10.7572 2.70208e-06 0)
(10.7573 1.78521e-05 0)
(10.7573 3.07543e-05 0)
(10.7573 3.21927e-05 0)
(10.7573 2.81246e-05 0)
(10.7574 2.29216e-05 0)
(10.7574 1.4026e-05 0)
(10.7573 1.3327e-05 0)
(10.7573 -8.00031e-06 0)
(10.7573 -3.01305e-05 0)
(10.7573 -3.46933e-05 0)
(10.7573 -3.2483e-05 0)
(10.7574 -3.01943e-05 0)
(10.7574 7.43752e-06 0)
(10.7574 3.27062e-05 0)
(10.7574 2.59564e-05 0)
(10.7574 8.96187e-06 0)
(10.7574 5.56789e-06 0)
(10.7574 1.01403e-06 0)
(10.7574 4.2968e-06 0)
(10.7574 1.79531e-05 0)
(10.7574 3.89366e-05 0)
(10.7573 4.04475e-05 0)
(10.7573 2.78934e-05 0)
(10.7573 1.19498e-05 0)
(10.7573 -6.29846e-06 0)
(10.7573 -4.30202e-05 0)
(10.7573 -7.55726e-05 0)
(10.7573 -7.18247e-05 0)
(10.7573 -6.12091e-05 0)
(10.7573 -4.44855e-05 0)
(10.7573 -2.59088e-06 0)
(10.7573 3.01478e-05 0)
(10.7573 2.28954e-05 0)
(10.7573 9.08098e-06 0)
(10.7573 1.0764e-06 0)
(10.7573 -3.2773e-07 0)
(10.7573 -1.58683e-06 0)
(10.7573 -6.94914e-07 0)
(10.7573 -1.41125e-06 0)
(10.7573 -4.82041e-07 0)
(10.7573 -1.30303e-06 0)
(10.7573 -3.00783e-07 0)
(10.7573 -1.13836e-06 0)
(10.7573 -6.14567e-07 0)
(10.7573 -1.75199e-06 0)
(10.7573 -7.84789e-07 0)
(10.7573 -1.15633e-06 0)
(10.7573 -3.78532e-07 0)
(10.7573 -3.71031e-07 0)
(10.7573 4.62827e-07 0)
(10.7573 7.80425e-08 0)
(10.7573 7.09868e-07 0)
(10.7573 -1.33359e-07 0)
(10.7573 5.80868e-07 0)
(10.7573 -3.70146e-07 0)
(10.7573 -1.26217e-08 0)
(10.7573 -1.22307e-06 0)
(10.7573 -4.19946e-07 0)
(10.7573 -8.38546e-07 0)
(10.7573 -2.33022e-07 0)
(10.7573 -3.71845e-07 0)
(10.7572 1.00502e-07 0)
(10.7572 -1.51506e-07 0)
(10.7572 1.88692e-07 0)
(10.7572 -1.19067e-07 0)
(10.7572 2.29308e-07 0)
(10.7572 -1.22435e-07 0)
(10.7572 2.36342e-07 0)
(10.7572 -1.69692e-07 0)
(10.7572 2.4172e-07 0)
(10.7572 -1.64978e-07 0)
(10.7572 2.62744e-07 0)
(10.7572 -1.31451e-07 0)
(10.7572 2.70876e-07 0)
(10.7572 -1.27969e-07 0)
(10.7572 2.50817e-07 0)
(10.7572 -1.82286e-07 0)
(10.7572 2.42906e-07 0)
(10.7572 -1.74232e-07 0)
(10.7572 2.3812e-07 0)
(10.7572 -1.16209e-07 0)
(10.7572 3.21882e-07 0)
(10.7572 1.77958e-07 0)
(10.7572 1.40514e-06 0)
(10.7572 3.73095e-06 0)
(10.7572 1.28661e-05 0)
(10.7573 2.93583e-05 0)
(10.6835 4.11806e-05 0)
(10.6834 4.23671e-05 0)
(10.6834 1.41396e-05 0)
(10.6834 -1.63863e-05 0)
(10.6835 -2.5515e-05 0)
(10.6835 -3.57375e-05 0)
(10.6835 -4.33122e-05 0)
(10.6835 -1.22944e-05 0)
(10.6835 9.06531e-06 0)
(10.6834 5.05201e-07 0)
(10.6834 -8.91921e-06 0)
(10.6834 -7.44976e-06 0)
(10.6834 2.42814e-06 0)
(10.6834 1.71018e-05 0)
(10.6835 2.96607e-05 0)
(10.6835 3.11602e-05 0)
(10.6835 2.73086e-05 0)
(10.6835 2.21318e-05 0)
(10.6835 1.42296e-05 0)
(10.6835 1.48915e-05 0)
(10.6835 -6.97297e-06 0)
(10.6835 -3.06548e-05 0)
(10.6835 -3.50124e-05 0)
(10.6835 -3.31705e-05 0)
(10.6836 -3.13525e-05 0)
(10.6836 7.14309e-06 0)
(10.6836 3.37035e-05 0)
(10.6835 2.62401e-05 0)
(10.6835 8.80878e-06 0)
(10.6835 5.16442e-06 0)
(10.6836 7.88259e-07 0)
(10.6836 4.0006e-06 0)
(10.6836 1.78801e-05 0)
(10.6835 3.95416e-05 0)
(10.6835 4.14567e-05 0)
(10.6835 2.85909e-05 0)
(10.6835 1.2261e-05 0)
(10.6835 -5.93051e-06 0)
(10.6835 -4.30632e-05 0)
(10.6835 -7.60393e-05 0)
(10.6835 -7.18126e-05 0)
(10.6835 -6.13885e-05 0)
(10.6835 -4.53398e-05 0)
(10.6835 -2.59013e-06 0)
(10.6835 3.11682e-05 0)
(10.6835 2.34339e-05 0)
(10.6835 9.01282e-06 0)
(10.6835 9.60766e-07 0)
(10.6835 -4.58308e-07 0)
(10.6835 -1.617e-06 0)
(10.6835 -7.11582e-07 0)
(10.6835 -1.3444e-06 0)
(10.6835 -4.31286e-07 0)
(10.6835 -1.19266e-06 0)
(10.6835 -2.23158e-07 0)
(10.6835 -9.95576e-07 0)
(10.6835 -5.23926e-07 0)
(10.6835 -1.59663e-06 0)
(10.6835 -7.15003e-07 0)
(10.6835 -1.05245e-06 0)
(10.6835 -2.9919e-07 0)
(10.6834 -2.82933e-07 0)
(10.6834 5.17193e-07 0)
(10.6834 1.55179e-07 0)
(10.6834 7.48481e-07 0)
(10.6834 -6.06095e-08 0)
(10.6834 6.09712e-07 0)
(10.6834 -2.84749e-07 0)
(10.6834 2.11104e-08 0)
(10.6834 -1.12649e-06 0)
(10.6834 -4.0632e-07 0)
(10.6834 -7.89211e-07 0)
(10.6834 -2.037e-07 0)
(10.6834 -3.31593e-07 0)
(10.6834 1.25871e-07 0)
(10.6834 -1.11492e-07 0)
(10.6834 2.08173e-07 0)
(10.6834 -8.08049e-08 0)
(10.6834 2.44819e-07 0)
(10.6834 -8.64443e-08 0)
(10.6834 2.47575e-07 0)
(10.6834 -1.40449e-07 0)
(10.6834 2.51176e-07 0)
(10.6834 -1.38702e-07 0)
(10.6834 2.71319e-07 0)
(10.6834 -1.04637e-07 0)
(10.6834 2.75486e-07 0)
(10.6834 -1.00987e-07 0)
(10.6834 2.51277e-07 0)
(10.6834 -1.61271e-07 0)
(10.6834 2.44784e-07 0)
(10.6834 -1.56432e-07 0)
(10.6834 2.38239e-07 0)
(10.6834 -9.77479e-08 0)
(10.6834 3.1886e-07 0)
(10.6834 1.89257e-07 0)
(10.6834 1.37682e-06 0)
(10.6834 3.65898e-06 0)
(10.6834 1.256e-05 0)
(10.6834 2.8541e-05 0)
(10.5994 4.06016e-05 0)
(10.5993 4.33372e-05 0)
(10.5993 1.48414e-05 0)
(10.5993 -1.72218e-05 0)
(10.5994 -2.6422e-05 0)
(10.5994 -3.64678e-05 0)
(10.5994 -4.41937e-05 0)
(10.5994 -1.21442e-05 0)
(10.5994 1.10167e-05 0)
(10.5994 1.58104e-06 0)
(10.5993 -8.58443e-06 0)
(10.5993 -7.53019e-06 0)
(10.5993 2.15899e-06 0)
(10.5994 1.63604e-05 0)
(10.5994 2.85786e-05 0)
(10.5994 3.01329e-05 0)
(10.5994 2.6501e-05 0)
(10.5995 2.13663e-05 0)
(10.5995 1.44009e-05 0)
(10.5994 1.65014e-05 0)
(10.5994 -5.82903e-06 0)
(10.5994 -3.12397e-05 0)
(10.5994 -3.53246e-05 0)
(10.5994 -3.38632e-05 0)
(10.5995 -3.25732e-05 0)
(10.5995 6.79514e-06 0)
(10.5995 3.47525e-05 0)
(10.5995 2.65416e-05 0)
(10.5995 8.64559e-06 0)
(10.5995 4.74653e-06 0)
(10.5995 5.7475e-07 0)
(10.5995 3.71535e-06 0)
(10.5995 1.77852e-05 0)
(10.5995 4.01504e-05 0)
(10.5994 4.25235e-05 0)
(10.5994 2.93344e-05 0)
(10.5994 1.25945e-05 0)
(10.5994 -5.50434e-06 0)
(10.5994 -4.31188e-05 0)
(10.5994 -7.65115e-05 0)
(10.5994 -7.18013e-05 0)
(10.5994 -6.1564e-05 0)
(10.5994 -4.62723e-05 0)
(10.5994 -2.62623e-06 0)
(10.5994 3.22183e-05 0)
(10.5994 2.39773e-05 0)
(10.5994 8.93545e-06 0)
(10.5994 8.36979e-07 0)
(10.5994 -5.82514e-07 0)
(10.5994 -1.62922e-06 0)
(10.5994 -7.01178e-07 0)
(10.5994 -1.24988e-06 0)
(10.5994 -3.52433e-07 0)
(10.5994 -1.05801e-06 0)
(10.5994 -1.25842e-07 0)
(10.5994 -8.3775e-07 0)
(10.5994 -4.19388e-07 0)
(10.5994 -1.4305e-06 0)
(10.5994 -6.39758e-07 0)
(10.5994 -9.45818e-07 0)
(10.5994 -2.18183e-07 0)
(10.5994 -1.9503e-07 0)
(10.5993 5.70111e-07 0)
(10.5993 2.29477e-07 0)
(10.5993 7.84672e-07 0)
(10.5993 8.50237e-09 0)
(10.5993 6.3575e-07 0)
(10.5993 -2.03307e-07 0)
(10.5993 5.32793e-08 0)
(10.5993 -1.03101e-06 0)
(10.5993 -3.96237e-07 0)
(10.5993 -7.44124e-07 0)
(10.5993 -1.77657e-07 0)
(10.5993 -2.94595e-07 0)
(10.5993 1.4749e-07 0)
(10.5993 -7.5295e-08 0)
(10.5993 2.23893e-07 0)
(10.5993 -4.6535e-08 0)
(10.5993 2.56856e-07 0)
(10.5993 -5.45521e-08 0)
(10.5993 2.55512e-07 0)
(10.5993 -1.14826e-07 0)
(10.5993 2.57549e-07 0)
(10.5993 -1.15917e-07 0)
(10.5993 2.76736e-07 0)
(10.5993 -8.13924e-08 0)
(10.5993 2.7714e-07 0)
(10.5993 -7.74892e-08 0)
(10.5993 2.49314e-07 0)
(10.5993 -1.42984e-07 0)
(10.5993 2.4452e-07 0)
(10.5993 -1.41094e-07 0)
(10.5993 2.361e-07 0)
(10.5993 -8.17624e-08 0)
(10.5993 3.13683e-07 0)
(10.5993 1.9781e-07 0)
(10.5993 1.34403e-06 0)
(10.5993 3.57525e-06 0)
(10.5993 1.22275e-05 0)
(10.5993 2.76843e-05 0)
(10.5039 3.99432e-05 0)
(10.5039 4.42768e-05 0)
(10.5039 1.55793e-05 0)
(10.5039 -1.80947e-05 0)
(10.5039 -2.7363e-05 0)
(10.504 -3.72222e-05 0)
(10.504 -4.51658e-05 0)
(10.504 -1.20464e-05 0)
(10.504 1.30336e-05 0)
(10.504 2.71506e-06 0)
(10.5039 -8.24121e-06 0)
(10.5039 -7.60597e-06 0)
(10.5039 1.89964e-06 0)
(10.5039 1.56309e-05 0)
(10.504 2.75079e-05 0)
(10.504 2.91099e-05 0)
(10.504 2.57e-05 0)
(10.504 2.06294e-05 0)
(10.504 1.45287e-05 0)
(10.504 1.81555e-05 0)
(10.504 -4.60371e-06 0)
(10.504 -3.18566e-05 0)
(10.504 -3.56268e-05 0)
(10.504 -3.4554e-05 0)
(10.504 -3.38737e-05 0)
(10.5041 6.40306e-06 0)
(10.5041 3.58449e-05 0)
(10.504 2.686e-05 0)
(10.504 8.47126e-06 0)
(10.504 4.31634e-06 0)
(10.504 3.8747e-07 0)
(10.5041 3.44476e-06 0)
(10.5041 1.76612e-05 0)
(10.504 4.07551e-05 0)
(10.504 4.36464e-05 0)
(10.504 3.01248e-05 0)
(10.504 1.29524e-05 0)
(10.504 -5.01926e-06 0)
(10.504 -4.3154e-05 0)
(10.504 -7.69969e-05 0)
(10.504 -7.17803e-05 0)
(10.504 -6.17318e-05 0)
(10.504 -4.72829e-05 0)
(10.504 -2.70544e-06 0)
(10.504 3.32986e-05 0)
(10.504 2.45222e-05 0)
(10.504 8.84763e-06 0)
(10.504 7.0616e-07 0)
(10.504 -6.95691e-07 0)
(10.504 -1.61702e-06 0)
(10.504 -6.58261e-07 0)
(10.504 -1.12314e-06 0)
(10.504 -2.44078e-07 0)
(10.504 -8.99e-07 0)
(10.5039 -9.56901e-09 0)
(10.5039 -6.66751e-07 0)
(10.5039 -3.0315e-07 0)
(10.5039 -1.25619e-06 0)
(10.5039 -5.61094e-07 0)
(10.5039 -8.38512e-07 0)
(10.5039 -1.37664e-07 0)
(10.5039 -1.09452e-07 0)
(10.5039 6.19532e-07 0)
(10.5039 2.99128e-07 0)
(10.5039 8.16727e-07 0)
(10.5039 7.26243e-08 0)
(10.5039 6.57639e-07 0)
(10.5039 -1.26935e-07 0)
(10.5039 8.27693e-08 0)
(10.5039 -9.37573e-07 0)
(10.5039 -3.90086e-07 0)
(10.5039 -7.03922e-07 0)
(10.5039 -1.5554e-07 0)
(10.5039 -2.617e-07 0)
(10.5039 1.64973e-07 0)
(10.5039 -4.34749e-08 0)
(10.5039 2.35486e-07 0)
(10.5039 -1.651e-08 0)
(10.5039 2.652e-07 0)
(10.5039 -2.67812e-08 0)
(10.5039 2.59961e-07 0)
(10.5039 -9.27198e-08 0)
(10.5039 2.60668e-07 0)
(10.5039 -9.66876e-08 0)
(10.5039 2.79115e-07 0)
(10.5039 -6.17309e-08 0)
(10.5039 2.75708e-07 0)
(10.5039 -5.73282e-08 0)
(10.5039 2.44751e-07 0)
(10.5039 -1.27551e-07 0)
(10.5039 2.41883e-07 0)
(10.5039 -1.28328e-07 0)
(10.5039 2.31963e-07 0)
(10.5039 -6.85221e-08 0)
(10.5039 3.06399e-07 0)
(10.5039 2.03525e-07 0)
(10.5039 1.30647e-06 0)
(10.5039 3.47873e-06 0)
(10.5039 1.18662e-05 0)
(10.5039 2.67879e-05 0)
(10.3958 3.91685e-05 0)
(10.3958 4.51789e-05 0)
(10.3958 1.63725e-05 0)
(10.3958 -1.90077e-05 0)
(10.3959 -2.83249e-05 0)
(10.3959 -3.79963e-05 0)
(10.3959 -4.62027e-05 0)
(10.3959 -1.19913e-05 0)
(10.3959 1.5107e-05 0)
(10.3959 3.90164e-06 0)
(10.3958 -7.89153e-06 0)
(10.3958 -7.67314e-06 0)
(10.3958 1.64962e-06 0)
(10.3958 1.49189e-05 0)
(10.3959 2.64463e-05 0)
(10.3959 2.8088e-05 0)
(10.3959 2.49018e-05 0)
(10.3959 1.99444e-05 0)
(10.3959 1.45813e-05 0)
(10.3959 1.98376e-05 0)
(10.3959 -3.30337e-06 0)
(10.3959 -3.24783e-05 0)
(10.3959 -3.5908e-05 0)
(10.3959 -3.52274e-05 0)
(10.396 -3.52488e-05 0)
(10.396 5.96248e-06 0)
(10.396 3.69293e-05 0)
(10.3959 2.72028e-05 0)
(10.3959 8.28558e-06 0)
(10.3959 3.87217e-06 0)
(10.396 2.44738e-07 0)
(10.396 3.18935e-06 0)
(10.396 1.74963e-05 0)
(10.3959 4.13432e-05 0)
(10.3959 4.48172e-05 0)
(10.3959 3.09608e-05 0)
(10.3959 1.33377e-05 0)
(10.3958 -4.47001e-06 0)
(10.3958 -4.31378e-05 0)
(10.3959 -7.74769e-05 0)
(10.3959 -7.17345e-05 0)
(10.3959 -6.18791e-05 0)
(10.3959 -4.83522e-05 0)
(10.3959 -2.85573e-06 0)
(10.3959 3.44003e-05 0)
(10.3959 2.50586e-05 0)
(10.3959 8.73911e-06 0)
(10.3959 5.65967e-07 0)
(10.3959 -7.93492e-07 0)
(10.3959 -1.57434e-06 0)
(10.3959 -5.78132e-07 0)
(10.3959 -9.60637e-07 0)
(10.3959 -1.05343e-07 0)
(10.3958 -7.17569e-07 0)
(10.3958 1.22937e-07 0)
(10.3958 -4.85616e-07 0)
(10.3958 -1.78486e-07 0)
(10.3958 -1.07715e-06 0)
(10.3958 -4.81134e-07 0)
(10.3958 -7.32831e-07 0)
(10.3958 -6.05283e-08 0)
(10.3958 -2.8563e-08 0)
(10.3958 6.62927e-07 0)
(10.3958 3.62261e-07 0)
(10.3958 8.42488e-07 0)
(10.3958 1.30581e-07 0)
(10.3958 6.73749e-07 0)
(10.3958 -5.68156e-08 0)
(10.3958 1.08535e-07 0)
(10.3958 -8.4715e-07 0)
(10.3958 -3.87533e-07 0)
(10.3958 -6.68684e-07 0)
(10.3958 -1.37762e-07 0)
(10.3958 -2.33469e-07 0)
(10.3958 1.78131e-07 0)
(10.3958 -1.64729e-08 0)
(10.3958 2.427e-07 0)
(10.3958 9.07851e-09 0)
(10.3958 2.69383e-07 0)
(10.3958 -3.08563e-09 0)
(10.3958 2.60613e-07 0)
(10.3958 -7.41384e-08 0)
(10.3958 2.60019e-07 0)
(10.3958 -8.08774e-08 0)
(10.3958 2.78265e-07 0)
(10.3958 -4.54545e-08 0)
(10.3958 2.70948e-07 0)
(10.3958 -4.02107e-08 0)
(10.3958 2.37097e-07 0)
(10.3958 -1.14875e-07 0)
(10.3958 2.36602e-07 0)
(10.3958 -1.17922e-07 0)
(10.3958 2.25765e-07 0)
(10.3958 -5.77454e-08 0)
(10.3958 2.96963e-07 0)
(10.3958 2.06461e-07 0)
(10.3958 1.26362e-06 0)
(10.3958 3.36844e-06 0)
(10.3958 1.14738e-05 0)
(10.3958 2.58513e-05 0)
(10.2733 3.82704e-05 0)
(10.2733 4.60239e-05 0)
(10.2733 1.72464e-05 0)
(10.2733 -1.99429e-05 0)
(10.2734 -2.92542e-05 0)
(10.2734 -3.87869e-05 0)
(10.2735 -4.72685e-05 0)
(10.2735 -1.19669e-05 0)
(10.2734 1.72158e-05 0)
(10.2734 5.10084e-06 0)
(10.2734 -7.55199e-06 0)
(10.2733 -7.73461e-06 0)
(10.2733 1.40996e-06 0)
(10.2734 1.42225e-05 0)
(10.2734 2.53866e-05 0)
(10.2734 2.70597e-05 0)
(10.2734 2.40956e-05 0)
(10.2734 1.92793e-05 0)
(10.2734 1.45725e-05 0)
(10.2734 2.15533e-05 0)
(10.2734 -1.96518e-06 0)
(10.2734 -3.30225e-05 0)
(10.2734 -3.61405e-05 0)
(10.2734 -3.58543e-05 0)
(10.2735 -3.66735e-05 0)
(10.2735 5.47235e-06 0)
(10.2735 3.79815e-05 0)
(10.2735 2.75119e-05 0)
(10.2735 8.068e-06 0)
(10.2735 3.40542e-06 0)
(10.2735 1.29446e-07 0)
(10.2735 2.99436e-06 0)
(10.2735 1.72671e-05 0)
(10.2734 4.19093e-05 0)
(10.2734 4.60264e-05 0)
(10.2734 3.18439e-05 0)
(10.2734 1.37573e-05 0)
(10.2734 -3.84646e-06 0)
(10.2734 -4.30315e-05 0)
(10.2734 -7.79209e-05 0)
(10.2734 -7.16329e-05 0)
(10.2734 -6.19782e-05 0)
(10.2734 -4.94863e-05 0)
(10.2734 -3.09061e-06 0)
(10.2734 3.54903e-05 0)
(10.2734 2.55476e-05 0)
(10.2734 8.58072e-06 0)
(10.2734 4.05847e-07 0)
(10.2734 -8.75243e-07 0)
(10.2734 -1.49708e-06 0)
(10.2734 -4.58508e-07 0)
(10.2734 -7.61893e-07 0)
(10.2734 6.17001e-08 0)
(10.2733 -5.16386e-07 0)
(10.2733 2.67329e-07 0)
(10.2733 -2.99058e-07 0)
(10.2733 -4.97491e-08 0)
(10.2733 -8.97827e-07 0)
(10.2733 -4.02767e-07 0)
(10.2733 -6.31702e-07 0)
(10.2733 1.0204e-08 0)
(10.2733 4.50981e-08 0)
(10.2733 6.97698e-07 0)
(10.2733 4.16676e-07 0)
(10.2733 8.59783e-07 0)
(10.2733 1.81153e-07 0)
(10.2733 6.82612e-07 0)
(10.2733 5.73232e-09 0)
(10.2733 1.29694e-07 0)
(10.2733 -7.60528e-07 0)
(10.2733 -3.88415e-07 0)
(10.2733 -6.38255e-07 0)
(10.2733 -1.24903e-07 0)
(10.2733 -2.10141e-07 0)
(10.2733 1.87032e-07 0)
(10.2733 5.26586e-09 0)
(10.2733 2.45347e-07 0)
(10.2733 3.01326e-08 0)
(10.2733 2.69233e-07 0)
(10.2733 1.66082e-08 0)
(10.2733 2.57233e-07 0)
(10.2733 -5.9147e-08 0)
(10.2733 2.55695e-07 0)
(10.2733 -6.82406e-08 0)
(10.2733 2.7398e-07 0)
(10.2733 -3.23979e-08 0)
(10.2733 2.62786e-07 0)
(10.2733 -2.61881e-08 0)
(10.2733 2.26572e-07 0)
(10.2733 -1.04849e-07 0)
(10.2733 2.28603e-07 0)
(10.2733 -1.09723e-07 0)
(10.2733 2.17151e-07 0)
(10.2733 -4.91615e-08 0)
(10.2733 2.85318e-07 0)
(10.2733 2.06565e-07 0)
(10.2733 1.21502e-06 0)
(10.2733 3.24298e-06 0)
(10.2733 1.10466e-05 0)
(10.2733 2.48679e-05 0)
(10.1342 3.72764e-05 0)
(10.1342 4.68177e-05 0)
(10.1342 1.82568e-05 0)
(10.1342 -2.0776e-05 0)
(10.1342 -3.01179e-05 0)
(10.1343 -3.95852e-05 0)
(10.1343 -4.8315e-05 0)
(10.1344 -1.19204e-05 0)
(10.1343 1.9236e-05 0)
(10.1343 6.21527e-06 0)
(10.1342 -7.26854e-06 0)
(10.1342 -7.80365e-06 0)
(10.1342 1.17031e-06 0)
(10.1342 1.35337e-05 0)
(10.1342 2.43138e-05 0)
(10.1343 2.60102e-05 0)
(10.1343 2.32683e-05 0)
(10.1343 1.86214e-05 0)
(10.1343 1.45336e-05 0)
(10.1343 2.32857e-05 0)
(10.1342 -4.90578e-07 0)
(10.1342 -3.34145e-05 0)
(10.1343 -3.62668e-05 0)
(10.1343 -3.63888e-05 0)
(10.1343 -3.81082e-05 0)
(10.1344 4.89812e-06 0)
(10.1344 3.89248e-05 0)
(10.1343 2.76849e-05 0)
(10.1343 7.76495e-06 0)
(10.1343 2.88882e-06 0)
(10.1343 3.11879e-08 0)
(10.1343 2.85274e-06 0)
(10.1343 1.69967e-05 0)
(10.1343 4.25001e-05 0)
(10.1343 4.72755e-05 0)
(10.1342 3.27851e-05 0)
(10.1342 1.4227e-05 0)
(10.1342 -3.1341e-06 0)
(10.1342 -4.27719e-05 0)
(10.1342 -7.82534e-05 0)
(10.1342 -7.14025e-05 0)
(10.1343 -6.19736e-05 0)
(10.1343 -5.06868e-05 0)
(10.1343 -3.44741e-06 0)
(10.1343 3.64785e-05 0)
(10.1342 2.58824e-05 0)
(10.1342 8.31811e-06 0)
(10.1342 1.98685e-07 0)
(10.1342 -9.47477e-07 0)
(10.1342 -1.3863e-06 0)
(10.1342 -3.00842e-07 0)
(10.1342 -5.30335e-07 0)
(10.1342 2.51372e-07 0)
(10.1342 -3.01083e-07 0)
(10.1342 4.16842e-07 0)
(10.1342 -1.1313e-07 0)
(10.1342 7.72829e-08 0)
(10.1342 -7.23182e-07 0)
(10.1342 -3.29529e-07 0)
(10.1342 -5.38241e-07 0)
(10.1342 7.10431e-08 0)
(10.1342 1.08894e-07 0)
(10.1342 7.20963e-07 0)
(10.1342 4.60154e-07 0)
(10.1342 8.6609e-07 0)
(10.1342 2.23546e-07 0)
(10.1342 6.82568e-07 0)
(10.1342 5.98474e-08 0)
(10.1342 1.46259e-07 0)
(10.1342 -6.7803e-07 0)
(10.1342 -3.92709e-07 0)
(10.1342 -6.11867e-07 0)
(10.1341 -1.17348e-07 0)
(10.1341 -1.91264e-07 0)
(10.1341 1.91002e-07 0)
(10.1341 2.20175e-08 0)
(10.1341 2.43154e-07 0)
(10.1341 4.66558e-08 0)
(10.1341 2.64323e-07 0)
(10.1341 3.24013e-08 0)
(10.1341 2.49816e-07 0)
(10.1341 -4.77976e-08 0)
(10.1341 2.47451e-07 0)
(10.1341 -5.85438e-08 0)
(10.1341 2.65413e-07 0)
(10.1341 -2.23039e-08 0)
(10.1341 2.51294e-07 0)
(10.1341 -1.53342e-08 0)
(10.1341 2.13294e-07 0)
(10.1341 -9.69145e-08 0)
(10.1341 2.17985e-07 0)
(10.1341 -1.0335e-07 0)
(10.1341 2.0587e-07 0)
(10.1341 -4.24353e-08 0)
(10.1341 2.71194e-07 0)
(10.1341 2.03903e-07 0)
(10.1341 1.15994e-06 0)
(10.1342 3.10075e-06 0)
(10.1342 1.05795e-05 0)
(10.1342 2.38306e-05 0)
(9.97539 3.62965e-05 0)
(9.97537 4.76568e-05 0)
(9.97534 1.95292e-05 0)
(9.97536 -2.13047e-05 0)
(9.97542 -3.0803e-05 0)
(9.97548 -4.03723e-05 0)
(9.97553 -4.93145e-05 0)
(9.97555 -1.18695e-05 0)
(9.9755 2.09644e-05 0)
(9.97544 7.05217e-06 0)
(9.97541 -7.15083e-06 0)
(9.97539 -7.93208e-06 0)
(9.97538 9.14679e-07 0)
(9.97539 1.28275e-05 0)
(9.97541 2.3201e-05 0)
(9.97543 2.49146e-05 0)
(9.97546 2.23965e-05 0)
(9.97548 1.79546e-05 0)
(9.97549 1.45547e-05 0)
(9.97544 2.50851e-05 0)
(9.97539 1.31692e-06 0)
(9.97539 -3.34314e-05 0)
(9.97543 -3.61566e-05 0)
(9.97548 -3.67988e-05 0)
(9.97554 -3.95428e-05 0)
(9.97558 4.12118e-06 0)
(9.97555 3.95808e-05 0)
(9.97552 2.75127e-05 0)
(9.97551 7.24964e-06 0)
(9.97551 2.26686e-06 0)
(9.97551 -8.03635e-08 0)
(9.97551 2.73618e-06 0)
(9.97551 1.67763e-05 0)
(9.97548 4.32949e-05 0)
(9.97543 4.86416e-05 0)
(9.9754 3.38333e-05 0)
(9.97538 1.47868e-05 0)
(9.97537 -2.31615e-06 0)
(9.97537 -4.22738e-05 0)
(9.97538 -7.82691e-05 0)
(9.97541 -7.09383e-05 0)
(9.97543 -6.18182e-05 0)
(9.97547 -5.19818e-05 0)
(9.97549 -3.99828e-06 0)
(9.97546 3.71724e-05 0)
(9.97542 2.58544e-05 0)
(9.97541 7.82111e-06 0)
(9.97541 -1.19851e-07 0)
(9.9754 -1.03047e-06 0)
(9.97539 -1.25181e-06 0)
(9.97538 -1.14696e-07 0)
(9.97537 -2.74757e-07 0)
(9.97536 4.54024e-07 0)
(9.97536 -8.09822e-08 0)
(9.97535 5.62322e-07 0)
(9.97535 6.41896e-08 0)
(9.97534 1.95747e-07 0)
(9.97534 -5.58801e-07 0)
(9.97533 -2.65322e-07 0)
(9.97533 -4.56467e-07 0)
(9.97533 1.1896e-07 0)
(9.97533 1.60246e-07 0)
(9.97533 7.29771e-07 0)
(9.97532 4.90405e-07 0)
(9.97532 8.59642e-07 0)
(9.97532 2.57346e-07 0)
(9.97532 6.72522e-07 0)
(9.97532 1.0525e-07 0)
(9.97532 1.57687e-07 0)
(9.97532 -6.00323e-07 0)
(9.97532 -4.00079e-07 0)
(9.97532 -5.88491e-07 0)
(9.97532 -1.1569e-07 0)
(9.97532 -1.76917e-07 0)
(9.97532 1.89304e-07 0)
(9.97532 3.39376e-08 0)
(9.97532 2.35995e-07 0)
(9.97532 5.89464e-08 0)
(9.97532 2.54671e-07 0)
(9.97532 4.45244e-08 0)
(9.97532 2.3847e-07 0)
(9.97532 -3.97912e-08 0)
(9.97532 2.3524e-07 0)
(9.97532 -5.15239e-08 0)
(9.97532 2.52543e-07 0)
(9.97532 -1.44862e-08 0)
(9.97532 2.36785e-07 0)
(9.97532 -7.16902e-09 0)
(9.97532 1.97081e-07 0)
(9.97532 -9.08185e-08 0)
(9.97532 2.04888e-07 0)
(9.97532 -9.81861e-08 0)
(9.97532 1.91948e-07 0)
(9.97532 -3.73709e-08 0)
(9.97532 2.54453e-07 0)
(9.97532 1.98526e-07 0)
(9.97532 1.09764e-06 0)
(9.97532 2.93947e-06 0)
(9.97534 1.00642e-05 0)
(9.97536 2.27361e-05 0)
(9.79268 3.56235e-05 0)
(9.79265 4.89194e-05 0)
(9.79262 2.131e-05 0)
(9.79265 -2.10335e-05 0)
(9.79272 -3.11087e-05 0)
(9.79279 -4.11562e-05 0)
(9.79284 -5.03393e-05 0)
(9.79286 -1.20247e-05 0)
(9.7928 2.20596e-05 0)
(9.79273 7.24347e-06 0)
(9.79269 -7.49454e-06 0)
(9.79267 -8.22677e-06 0)
(9.79266 5.91413e-07 0)
(9.79267 1.20547e-05 0)
(9.79268 2.20048e-05 0)
(9.79271 2.37355e-05 0)
(9.79274 2.14486e-05 0)
(9.79276 1.72569e-05 0)
(9.79277 1.48846e-05 0)
(9.79273 2.72616e-05 0)
(9.79267 3.87391e-06 0)
(9.79268 -3.25978e-05 0)
(9.79272 -3.55914e-05 0)
(9.79278 -3.71498e-05 0)
(9.79284 -4.10308e-05 0)
(9.79288 3.03353e-06 0)
(9.79285 3.95417e-05 0)
(9.79281 2.65709e-05 0)
(9.7928 6.25449e-06 0)
(9.7928 1.44525e-06 0)
(9.79279 -2.75923e-07 0)
(9.79279 2.60432e-06 0)
(9.79279 1.68497e-05 0)
(9.79276 4.45309e-05 0)
(9.79271 5.04735e-05 0)
(9.79267 3.51398e-05 0)
(9.79265 1.55361e-05 0)
(9.79263 -1.3454e-06 0)
(9.79263 -4.14362e-05 0)
(9.79265 -7.76257e-05 0)
(9.79269 -7.01093e-05 0)
(9.79272 -6.16069e-05 0)
(9.79276 -5.34142e-05 0)
(9.79278 -4.88712e-06 0)
(9.79274 3.71702e-05 0)
(9.7927 2.50362e-05 0)
(9.79268 6.8156e-06 0)
(9.79268 -6.72098e-07 0)
(9.79267 -1.17698e-06 0)
(9.79266 -1.11654e-06 0)
(9.79265 7.82642e-08 0)
(9.79264 -1.19769e-08 0)
(9.79263 6.53713e-07 0)
(9.79262 1.30756e-07 0)
(9.79262 6.91602e-07 0)
(9.79261 2.2346e-07 0)
(9.79261 2.9768e-07 0)
(9.79261 -4.09913e-07 0)
(9.7926 -2.14687e-07 0)
(9.7926 -3.89643e-07 0)
(9.7926 1.50128e-07 0)
(9.7926 1.96613e-07 0)
(9.7926 7.22042e-07 0)
(9.7926 5.06024e-07 0)
(9.7926 8.39369e-07 0)
(9.7926 2.81129e-07 0)
(9.7926 6.50951e-07 0)
(9.7926 1.41282e-07 0)
(9.7926 1.63066e-07 0)
(9.7926 -5.27608e-07 0)
(9.7926 -4.08676e-07 0)
(9.7926 -5.67004e-07 0)
(9.79259 -1.20263e-07 0)
(9.79259 -1.64466e-07 0)
(9.79259 1.79062e-07 0)
(9.79259 4.28232e-08 0)
(9.79259 2.23006e-07 0)
(9.79259 6.67443e-08 0)
(9.79259 2.39883e-07 0)
(9.79259 5.18785e-08 0)
(9.79259 2.24686e-07 0)
(9.79259 -3.54981e-08 0)
(9.79259 2.19963e-07 0)
(9.79259 -4.73305e-08 0)
(9.7926 2.36763e-07 0)
(9.79259 -9.98731e-09 0)
(9.7926 2.20022e-07 0)
(9.7926 -3.30077e-09 0)
(9.79259 1.79389e-07 0)
(9.7926 -8.69199e-08 0)
(9.7926 1.90169e-07 0)
(9.7926 -9.35371e-08 0)
(9.7926 1.75666e-07 0)
(9.7926 -3.32294e-08 0)
(9.7926 2.34599e-07 0)
(9.7926 1.90492e-07 0)
(9.7926 1.02723e-06 0)
(9.7926 2.75676e-06 0)
(9.79261 9.48809e-06 0)
(9.79265 2.1604e-05 0)
(9.58 3.60244e-05 0)
(9.57998 5.16242e-05 0)
(9.57994 2.42426e-05 0)
(9.57999 -1.89239e-05 0)
(9.58007 -3.09282e-05 0)
(9.58014 -4.2249e-05 0)
(9.58022 -5.1941e-05 0)
(9.58024 -1.26647e-05 0)
(9.58015 2.17897e-05 0)
(9.58005 5.96531e-06 0)
(9.58001 -8.74809e-06 0)
(9.57998 -8.90331e-06 0)
(9.57997 1.02542e-07 0)
(9.57997 1.11361e-05 0)
(9.57999 2.06582e-05 0)
(9.58002 2.2416e-05 0)
(9.58005 2.03807e-05 0)
(9.58007 1.64982e-05 0)
(9.58009 1.61957e-05 0)
(9.58005 3.08817e-05 0)
(9.57998 8.07051e-06 0)
(9.58 -2.98392e-05 0)
(9.58006 -3.42879e-05 0)
(9.58013 -3.79945e-05 0)
(9.58021 -4.3016e-05 0)
(9.58026 1.27311e-06 0)
(9.58019 3.80686e-05 0)
(9.58014 2.40494e-05 0)
(9.58012 4.28526e-06 0)
(9.58012 2.18385e-07 0)
(9.58011 -6.41613e-07 0)
(9.5801 2.38608e-06 0)
(9.58011 1.78807e-05 0)
(9.58008 4.73673e-05 0)
(9.58002 5.3603e-05 0)
(9.57997 3.71148e-05 0)
(9.57994 1.67172e-05 0)
(9.57992 -1.13075e-07 0)
(9.57991 -4.01919e-05 0)
(9.57996 -7.57658e-05 0)
(9.58001 -6.88496e-05 0)
(9.58005 -6.19493e-05 0)
(9.58011 -5.56632e-05 0)
(9.58014 -6.38238e-06 0)
(9.58006 3.56489e-05 0)
(9.58 2.25996e-05 0)
(9.57999 4.81744e-06 0)
(9.57998 -1.66523e-06 0)
(9.57997 -1.48051e-06 0)
(9.57995 -1.02957e-06 0)
(9.57994 2.43065e-07 0)
(9.57993 2.30191e-07 0)
(9.57992 8.26914e-07 0)
(9.57992 3.163e-07 0)
(9.57991 7.8981e-07 0)
(9.57991 3.53766e-07 0)
(9.57991 3.73841e-07 0)
(9.57991 -2.82271e-07 0)
(9.5799 -1.79723e-07 0)
(9.5799 -3.41396e-07 0)
(9.5799 1.6262e-07 0)
(9.5799 2.16183e-07 0)
(9.5799 6.96599e-07 0)
(9.5799 5.04252e-07 0)
(9.5799 8.037e-07 0)
(9.5799 2.9271e-07 0)
(9.5799 6.17943e-07 0)
(9.5799 1.66829e-07 0)
(9.5799 1.62327e-07 0)
(9.5799 -4.59306e-07 0)
(9.5799 -4.16763e-07 0)
(9.5799 -5.48436e-07 0)
(9.5799 -1.30451e-07 0)
(9.5799 -1.55e-07 0)
(9.5799 1.6178e-07 0)
(9.5799 4.85259e-08 0)
(9.5799 2.04447e-07 0)
(9.5799 7.07976e-08 0)
(9.5799 2.20294e-07 0)
(9.5799 5.63082e-08 0)
(9.5799 2.07412e-07 0)
(9.5799 -3.35252e-08 0)
(9.5799 2.009e-07 0)
(9.5799 -4.44917e-08 0)
(9.5799 2.1768e-07 0)
(9.5799 -7.06723e-09 0)
(9.5799 2.00294e-07 0)
(9.5799 -2.11949e-09 0)
(9.5799 1.59231e-07 0)
(9.5799 -8.39994e-08 0)
(9.5799 1.73258e-07 0)
(9.5799 -8.89691e-08 0)
(9.5799 1.57261e-07 0)
(9.5799 -3.01633e-08 0)
(9.5799 2.11979e-07 0)
(9.5799 1.80052e-07 0)
(9.57991 9.4748e-07 0)
(9.57991 2.54871e-06 0)
(9.57992 8.83247e-06 0)
(9.57996 2.0471e-05 0)
(9.32819 3.93806e-05 0)
(9.32821 5.86799e-05 0)
(9.32813 3.03193e-05 0)
(9.32824 -1.3932e-05 0)
(9.32836 -2.99902e-05 0)
(9.32843 -4.54565e-05 0)
(9.32852 -5.54043e-05 0)
(9.32856 -1.46069e-05 0)
(9.32837 1.86354e-05 0)
(9.32822 1.85967e-06 0)
(9.32816 -1.16547e-05 0)
(9.32812 -1.02739e-05 0)
(9.3281 -7.79545e-07 0)
(9.3281 1.0023e-05 0)
(9.32813 1.90718e-05 0)
(9.32816 2.08735e-05 0)
(9.3282 1.91348e-05 0)
(9.32823 1.56194e-05 0)
(9.32827 2.02665e-05 0)
(9.32827 3.89409e-05 0)
(9.32817 1.57199e-05 0)
(9.32824 -2.30173e-05 0)
(9.32834 -3.27295e-05 0)
(9.3284 -4.12089e-05 0)
(9.32851 -4.68172e-05 0)
(9.32857 -2.13696e-06 0)
(9.32842 3.36704e-05 0)
(9.32831 1.85721e-05 0)
(9.32828 5.8872e-07 0)
(9.32827 -1.72358e-06 0)
(9.32826 -1.31147e-06 0)
(9.32825 1.94608e-06 0)
(9.32827 2.1591e-05 0)
(9.3283 5.51342e-05 0)
(9.32821 6.00466e-05 0)
(9.32814 4.0769e-05 0)
(9.32811 1.88644e-05 0)
(9.32807 1.59412e-06 0)
(9.32806 -3.88892e-05 0)
(9.32818 -7.21289e-05 0)
(9.32827 -6.7611e-05 0)
(9.3283 -6.50455e-05 0)
(9.32839 -5.999e-05 0)
(9.32843 -9.83618e-06 0)
(9.32826 3.12643e-05 0)
(9.32815 1.71584e-05 0)
(9.32812 1.07557e-06 0)
(9.32811 -3.39486e-06 0)
(9.3281 -2.08181e-06 0)
(9.32808 -1.06781e-06 0)
(9.32807 3.31942e-07 0)
(9.32806 4.12617e-07 0)
(9.32805 9.47954e-07 0)
(9.32805 4.53368e-07 0)
(9.32804 8.41142e-07 0)
(9.32804 4.43355e-07 0)
(9.32804 4.15012e-07 0)
(9.32804 -1.78643e-07 0)
(9.32804 -1.65443e-07 0)
(9.32804 -3.09873e-07 0)
(9.32804 1.52069e-07 0)
(9.32804 2.17227e-07 0)
(9.32804 6.51106e-07 0)
(9.32804 4.84369e-07 0)
(9.32804 7.49225e-07 0)
(9.32804 2.91503e-07 0)
(9.32804 5.72445e-07 0)
(9.32804 1.83074e-07 0)
(9.32804 1.55682e-07 0)
(9.32804 -3.94628e-07 0)
(9.32804 -4.21022e-07 0)
(9.32804 -5.31203e-07 0)
(9.32804 -1.45661e-07 0)
(9.32804 -1.47529e-07 0)
(9.32804 1.38286e-07 0)
(9.32804 5.11798e-08 0)
(9.32804 1.8052e-07 0)
(9.32804 7.1692e-08 0)
(9.32804 1.95597e-07 0)
(9.32804 5.75029e-08 0)
(9.32804 1.87048e-07 0)
(9.32804 -3.29657e-08 0)
(9.32804 1.78357e-07 0)
(9.32804 -4.25106e-08 0)
(9.32805 1.95502e-07 0)
(9.32804 -5.6564e-09 0)
(9.32805 1.78087e-07 0)
(9.32805 -3.23937e-09 0)
(9.32805 1.36381e-07 0)
(9.32805 -8.11789e-08 0)
(9.32805 1.54354e-07 0)
(9.32805 -8.37146e-08 0)
(9.32805 1.36804e-07 0)
(9.32805 -2.75758e-08 0)
(9.32805 1.8625e-07 0)
(9.32805 1.6708e-07 0)
(9.32805 8.56851e-07 0)
(9.32805 2.31136e-06 0)
(9.32807 8.06855e-06 0)
(9.32811 1.94003e-05 0)
(9.02246 5.0172e-05 0)
(9.02269 7.74365e-05 0)
(9.02259 4.34871e-05 0)
(9.02281 -4.10465e-06 0)
(9.02304 -2.98086e-05 0)
(9.02301 -5.66084e-05 0)
(9.02313 -6.41322e-05 0)
(9.02318 -1.89509e-05 0)
(9.02273 1.05597e-05 0)
(9.02243 -7.09033e-06 0)
(9.02233 -1.71215e-05 0)
(9.02227 -1.27162e-05 0)
(9.02225 -2.21939e-06 0)
(9.02225 8.61793e-06 0)
(9.02229 1.71177e-05 0)
(9.02233 1.8999e-05 0)
(9.02237 1.76329e-05 0)
(9.02241 1.45153e-05 0)
(9.0225 3.14883e-05 0)
(9.02274 5.92412e-05 0)
(9.02262 3.01817e-05 0)
(9.0228 -1.13131e-05 0)
(9.023 -3.13222e-05 0)
(9.02297 -5.19404e-05 0)
(9.02311 -5.61404e-05 0)
(9.02319 -8.01767e-06 0)
(9.02278 2.39514e-05 0)
(9.02253 8.06425e-06 0)
(9.02247 -5.78914e-06 0)
(9.02245 -4.75022e-06 0)
(9.02243 -2.4355e-06 0)
(9.02242 1.07681e-06 0)
(9.02249 3.23389e-05 0)
(9.02276 7.56326e-05 0)
(9.02266 7.49908e-05 0)
(9.02258 4.84916e-05 0)
(9.02254 2.31025e-05 0)
(9.0225 4.11573e-06 0)
(9.02248 -3.93154e-05 0)
(9.02271 -6.7216e-05 0)
(9.02291 -6.89133e-05 0)
(9.02285 -7.70734e-05 0)
(9.02296 -6.99217e-05 0)
(9.02302 -1.60019e-05 0)
(9.0226 2.14041e-05 0)
(9.02234 6.61463e-06 0)
(9.02228 -5.38794e-06 0)
(9.02226 -6.19776e-06 0)
(9.02224 -3.12408e-06 0)
(9.02222 -1.32064e-06 0)
(9.02221 2.8178e-07 0)
(9.0222 4.88144e-07 0)
(9.0222 9.77508e-07 0)
(9.0222 5.16849e-07 0)
(9.0222 8.27361e-07 0)
(9.0222 4.78936e-07 0)
(9.0222 4.20842e-07 0)
(9.0222 -1.09757e-07 0)
(9.0222 -1.69342e-07 0)
(9.0222 -2.96628e-07 0)
(9.0222 1.19685e-07 0)
(9.0222 2.01751e-07 0)
(9.0222 5.82429e-07 0)
(9.0222 4.45239e-07 0)
(9.0222 6.76107e-07 0)
(9.0222 2.78552e-07 0)
(9.02221 5.14809e-07 0)
(9.02221 1.89673e-07 0)
(9.02221 1.43614e-07 0)
(9.02221 -3.32637e-07 0)
(9.02221 -4.17889e-07 0)
(9.02221 -5.14174e-07 0)
(9.0222 -1.61323e-07 0)
(9.02221 -1.4429e-07 0)
(9.02221 1.10999e-07 0)
(9.0222 4.95288e-08 0)
(9.02221 1.53313e-07 0)
(9.02221 7.12241e-08 0)
(9.02221 1.65695e-07 0)
(9.02221 5.78305e-08 0)
(9.02221 1.62311e-07 0)
(9.02221 -3.16457e-08 0)
(9.02221 1.51336e-07 0)
(9.02221 -3.92173e-08 0)
(9.02221 1.68766e-07 0)
(9.02221 -2.65973e-09 0)
(9.02221 1.51961e-07 0)
(9.02221 -3.73122e-09 0)
(9.02221 1.08972e-07 0)
(9.02221 -7.74208e-08 0)
(9.02221 1.32355e-07 0)
(9.02221 -7.68306e-08 0)
(9.02221 1.14175e-07 0)
(9.02221 -2.49234e-08 0)
(9.02221 1.57228e-07 0)
(9.02221 1.51198e-07 0)
(9.02221 7.5356e-07 0)
(9.02222 2.03977e-06 0)
(9.02224 7.1656e-06 0)
(9.02229 1.83514e-05 0)
(8.63698 8.01151e-05 0)
(8.63815 0.000127132 0)
(8.63813 6.77724e-05 0)
(8.63847 1.0484e-05 0)
(8.63892 -3.65277e-05 0)
(8.63844 -8.86964e-05 0)
(8.63849 -8.54603e-05 0)
(8.63856 -2.79147e-05 0)
(8.63746 -3.58129e-06 0)
(8.6368 -2.33309e-05 0)
(8.63663 -2.59458e-05 0)
(8.63655 -1.63487e-05 0)
(8.63652 -4.28523e-06 0)
(8.63654 6.72063e-06 0)
(8.63659 1.47187e-05 0)
(8.63665 1.66751e-05 0)
(8.6367 1.57839e-05 0)
(8.63676 1.29174e-05 0)
(8.63693 6.18715e-05 0)
(8.63817 0.000110891 0)
(8.63814 5.68856e-05 0)
(8.63844 5.29324e-06 0)
(8.63886 -3.66574e-05 0)
(8.63839 -8.34846e-05 0)
(8.63847 -7.86471e-05 0)
(8.63858 -1.86289e-05 0)
(8.63753 7.87771e-06 0)
(8.63693 -9.97622e-06 0)
(8.63681 -1.56633e-05 0)
(8.63677 -9.00648e-06 0)
(8.63675 -4.11051e-06 0)
(8.63675 -5.5355e-07 0)
(8.6369 6.19701e-05 0)
(8.63819 0.000128772 0)
(8.63825 0.0001105 0)
(8.63819 6.57941e-05 0)
(8.63816 3.18139e-05 0)
(8.63811 8.18976e-06 0)
(8.63803 -4.83915e-05 0)
(8.63836 -6.68425e-05 0)
(8.63876 -8.11444e-05 0)
(8.63824 -0.000111882 0)
(8.63828 -9.3652e-05 0)
(8.63836 -2.71026e-05 0)
(8.63729 4.82616e-06 0)
(8.63669 -1.15574e-05 0)
(8.63657 -1.53968e-05 0)
(8.63653 -1.02237e-05 0)
(8.6365 -4.67884e-06 0)
(8.63649 -1.85438e-06 0)
(8.63649 2.51691e-08 0)
(8.63648 4.11112e-07 0)
(8.63649 8.67886e-07 0)
(8.63649 4.99791e-07 0)
(8.63649 7.38466e-07 0)
(8.63649 4.55739e-07 0)
(8.6365 3.78124e-07 0)
(8.6365 -7.51833e-08 0)
(8.6365 -1.85045e-07 0)
(8.6365 -2.92879e-07 0)
(8.6365 6.50538e-08 0)
(8.6365 1.70904e-07 0)
(8.6365 4.89811e-07 0)
(8.6365 3.87018e-07 0)
(8.63651 5.84514e-07 0)
(8.63651 2.55598e-07 0)
(8.63651 4.44872e-07 0)
(8.63651 1.86551e-07 0)
(8.63651 1.27295e-07 0)
(8.63651 -2.72236e-07 0)
(8.63651 -4.02166e-07 0)
(8.63651 -4.85521e-07 0)
(8.63651 -1.8196e-07 0)
(8.63651 -1.31627e-07 0)
(8.63651 6.92212e-08 0)
(8.63651 5.00667e-08 0)
(8.63651 1.16835e-07 0)
(8.63651 7.07656e-08 0)
(8.63651 1.29968e-07 0)
(8.63651 5.23998e-08 0)
(8.63651 1.38236e-07 0)
(8.63651 -3.11512e-08 0)
(8.63651 1.23409e-07 0)
(8.63651 -3.37049e-08 0)
(8.63651 1.37985e-07 0)
(8.63651 -1.84969e-09 0)
(8.63651 1.25872e-07 0)
(8.63651 -1.08994e-08 0)
(8.63651 8.50335e-08 0)
(8.63651 -7.52301e-08 0)
(8.63651 1.10497e-07 0)
(8.63652 -6.41498e-08 0)
(8.63652 8.76817e-08 0)
(8.63652 -1.97221e-08 0)
(8.63652 1.22732e-07 0)
(8.63652 1.32354e-07 0)
(8.63652 6.35996e-07 0)
(8.63652 1.73193e-06 0)
(8.63654 6.11464e-06 0)
(8.63661 1.71948e-05 0)
(8.12169 0.000164291 0)
(8.12607 0.000257744 0)
(8.12647 0.000103358 0)
(8.12619 1.12957e-05 0)
(8.12683 -6.72972e-05 0)
(8.12491 -0.00016497 0)
(8.12463 -0.000134919 0)
(8.12475 -4.07738e-05 0)
(8.12238 -2.51756e-05 0)
(8.12118 -5.02069e-05 0)
(8.12096 -3.85968e-05 0)
(8.12089 -2.09257e-05 0)
(8.12087 -6.86296e-06 0)
(8.12091 4.21054e-06 0)
(8.12098 1.16803e-05 0)
(8.12106 1.38956e-05 0)
(8.12114 1.34992e-05 0)
(8.12121 1.04428e-05 0)
(8.12153 0.000144662 0)
(8.12607 0.00024627 0)
(8.12646 9.68371e-05 0)
(8.12613 8.73847e-06 0)
(8.12675 -6.60092e-05 0)
(8.12484 -0.000159984 0)
(8.12461 -0.000129416 0)
(8.12478 -3.32955e-05 0)
(8.12248 -1.59032e-05 0)
(8.12135 -3.89463e-05 0)
(8.12119 -2.95101e-05 0)
(8.12116 -1.43346e-05 0)
(8.12115 -6.25681e-06 0)
(8.12116 -3.32868e-06 0)
(8.12148 0.000144131 0)
(8.12608 0.000268292 0)
(8.12676 0.000194161 0)
(8.12682 0.000104669 0)
(8.12683 4.99423e-05 0)
(8.12678 1.55473e-05 0)
(8.12651 -9.33471e-05 0)
(8.1261 -0.000100521 0)
(8.12665 -0.000125693 0)
(8.12467 -0.000194285 0)
(8.12438 -0.000146976 0)
(8.12451 -4.282e-05 0)
(8.12218 -1.97286e-05 0)
(8.12104 -4.07502e-05 0)
(8.12087 -2.9466e-05 0)
(8.12085 -1.52979e-05 0)
(8.12083 -6.67737e-06 0)
(8.12084 -2.68569e-06 0)
(8.12084 -4.75072e-07 0)
(8.12085 1.50177e-07 0)
(8.12086 6.20953e-07 0)
(8.12086 3.75148e-07 0)
(8.12087 5.6915e-07 0)
(8.12087 3.69982e-07 0)
(8.12088 2.93905e-07 0)
(8.12088 -6.90134e-08 0)
(8.12088 -2.06265e-07 0)
(8.12088 -2.88865e-07 0)
(8.12088 -1.04337e-08 0)
(8.12088 1.25428e-07 0)
(8.12088 3.76451e-07 0)
(8.12089 3.09608e-07 0)
(8.12089 4.73873e-07 0)
(8.12089 2.23049e-07 0)
(8.1209 3.62735e-07 0)
(8.1209 1.73202e-07 0)
(8.1209 1.0784e-07 0)
(8.1209 -2.1275e-07 0)
(8.1209 -3.6784e-07 0)
(8.12089 -4.27062e-07 0)
(8.12089 -2.1723e-07 0)
(8.12089 -8.0292e-08 0)
(8.12089 -1.14806e-08 0)
(8.12089 6.58039e-08 0)
(8.12089 5.70578e-08 0)
(8.12089 6.5376e-08 0)
(8.12089 9.18548e-08 0)
(8.12089 1.88608e-08 0)
(8.1209 1.34394e-07 0)
(8.1209 -4.37458e-08 0)
(8.1209 1.08962e-07 0)
(8.1209 -3.59555e-08 0)
(8.1209 1.16132e-07 0)
(8.1209 -2.55369e-08 0)
(8.1209 1.21217e-07 0)
(8.1209 -5.08561e-08 0)
(8.1209 9.1082e-08 0)
(8.1209 -8.47079e-08 0)
(8.1209 1.00154e-07 0)
(8.1209 -4.36376e-08 0)
(8.1209 5.87197e-08 0)
(8.1209 -1.01291e-08 0)
(8.1209 8.07782e-08 0)
(8.1209 1.08748e-07 0)
(8.1209 5.06711e-07 0)
(8.12091 1.39677e-06 0)
(8.12093 4.88331e-06 0)
(8.12101 1.64735e-05 0)
(7.36631 0.000437471 0)
(7.37589 0.000651157 0)
(7.37606 8.97573e-05 0)
(7.37286 -0.000125692 0)
(7.37339 -0.000167303 0)
(7.3696 -0.000334043 0)
(7.36927 -0.000236257 0)
(7.36962 -5.90136e-05 0)
(7.36629 -6.72184e-05 0)
(7.36523 -0.000100409 0)
(7.36529 -5.83517e-05 0)
(7.36533 -2.59281e-05 0)
(7.36537 -9.4925e-06 0)
(7.36545 1.24463e-06 0)
(7.36556 8.22837e-06 0)
(7.36568 1.06888e-05 0)
(7.36579 1.09681e-05 0)
(7.36588 6.95053e-06 0)
(7.36632 0.000414627 0)
(7.37599 0.000649361 0)
(7.37608 9.08367e-05 0)
(7.37279 -0.000124326 0)
(7.37327 -0.000164442 0)
(7.3695 -0.000329602 0)
(7.36922 -0.000232007 0)
(7.36964 -5.38458e-05 0)
(7.36639 -6.01497e-05 0)
(7.36542 -9.12483e-05 0)
(7.36556 -5.07331e-05 0)
(7.36566 -2.01504e-05 0)
(7.36571 -8.46926e-06 0)
(7.36575 -7.05965e-06 0)
(7.3662 0.000413244 0)
(7.37597 0.000677641 0)
(7.3767 0.000396967 0)
(7.37663 0.000186769 0)
(7.37659 8.57615e-05 0)
(7.3765 2.94749e-05 0)
(7.37592 -0.000307842 0)
(7.37266 -0.000314647 0)
(7.37313 -0.000255254 0)
(7.36929 -0.000375406 0)
(7.36895 -0.000254508 0)
(7.36931 -6.4938e-05 0)
(7.36602 -6.50187e-05 0)
(7.36503 -9.34383e-05 0)
(7.36516 -5.09854e-05 0)
(7.36526 -2.08969e-05 0)
(7.36531 -8.81608e-06 0)
(7.36534 -3.76085e-06 0)
(7.36537 -1.16862e-06 0)
(7.36539 -2.71426e-07 0)
(7.3654 2.54482e-07 0)
(7.36541 1.76444e-07 0)
(7.36542 3.40978e-07 0)
(7.36543 2.3971e-07 0)
(7.36543 1.78229e-07 0)
(7.36543 -8.63909e-08 0)
(7.36543 -2.23546e-07 0)
(7.36543 -2.80402e-07 0)
(7.36543 -8.71935e-08 0)
(7.36543 7.31779e-08 0)
(7.36544 2.55913e-07 0)
(7.36544 2.22635e-07 0)
(7.36544 3.52285e-07 0)
(7.36545 1.83863e-07 0)
(7.36545 2.72731e-07 0)
(7.36545 1.52495e-07 0)
(7.36545 8.31408e-08 0)
(7.36545 -1.57013e-07 0)
(7.36545 -3.16464e-07 0)
(7.36545 -3.49354e-07 0)
(7.36544 -2.4985e-07 0)
(7.36544 -1.32999e-08 0)
(7.36544 -9.79828e-08 0)
(7.36544 7.91856e-08 0)
(7.36544 -5.95882e-09 0)
(7.36544 5.06822e-08 0)
(7.36545 5.62764e-08 0)
(7.36545 -2.81477e-08 0)
(7.36545 1.36431e-07 0)
(7.36545 -5.72851e-08 0)
(7.36545 1.00086e-07 0)
(7.36545 -3.74667e-08 0)
(7.36545 9.73193e-08 0)
(7.36545 -5.93336e-08 0)
(7.36545 1.22198e-07 0)
(7.36545 -1.04122e-07 0)
(7.36545 1.07478e-07 0)
(7.36545 -9.09707e-08 0)
(7.36545 9.30075e-08 0)
(7.36545 -1.7966e-08 0)
(7.36545 3.0973e-08 0)
(7.36545 -1.10603e-09 0)
(7.36545 3.93736e-08 0)
(7.36545 8.41301e-08 0)
(7.36545 3.83547e-07 0)
(7.36546 1.09553e-06 0)
(7.36548 3.60737e-06 0)
(7.36557 2.07501e-05 0)
(6.06972 0.00143188 0)
(6.04404 0.00195751 0)
(6.03657 -0.000111192 0)
(6.04321 -0.000536721 0)
(6.04229 -0.000454343 0)
(6.05215 -0.000770098 0)
(6.05541 -0.000368974 0)
(6.05612 -0.000310282 0)
(6.06421 -0.000407837 0)
(6.06798 -0.000265429 0)
(6.06921 -0.000111182 0)
(6.06964 -4.50342e-05 0)
(6.06983 -1.72272e-05 0)
(6.06997 -3.38126e-06 0)
(6.07012 3.70259e-06 0)
(6.07027 6.6845e-06 0)
(6.07039 8.17271e-06 0)
(6.07046 5.33048e-06 0)
(6.07048 0.00140368 0)
(6.04461 0.00197556 0)
(6.03664 -0.000101159 0)
(6.04302 -0.000530957 0)
(6.04199 -0.000446525 0)
(6.05186 -0.00076704 0)
(6.05521 -0.000365919 0)
(6.05598 -0.000306725 0)
(6.06416 -0.000402555 0)
(6.06801 -0.000258655 0)
(6.06932 -0.000104772 0)
(6.06981 -4.016e-05 0)
(6.07001 -1.56871e-05 0)
(6.0701 -4.48026e-06 0)
(6.07015 0.00139525 0)
(6.04442 0.00198262 0)
(6.03685 0.0007932 0)
(6.03471 0.000321147 0)
(6.03412 0.000138053 0)
(6.03394 4.8243e-05 0)
(6.03359 -0.000878923 0)
(6.04224 -0.000863406 0)
(6.04182 -0.00057925 0)
(6.05181 -0.000832241 0)
(6.05514 -0.000394862 0)
(6.05587 -0.000319338 0)
(6.06397 -0.000408441 0)
(6.06777 -0.000260858 0)
(6.06906 -0.000105084 0)
(6.06954 -4.06989e-05 0)
(6.06975 -1.62989e-05 0)
(6.06985 -6.3003e-06 0)
(6.06989 -2.25998e-06 0)
(6.06992 -7.72732e-07 0)
(6.06994 -8.30973e-08 0)
(6.06995 1.71935e-08 0)
(6.06996 1.72984e-07 0)
(6.06997 1.50668e-07 0)
(6.06997 9.5635e-08 0)
(6.06998 -8.40251e-08 0)
(6.06998 -2.12701e-07 0)
(6.06997 -2.29073e-07 0)
(6.06997 -1.10722e-07 0)
(6.06997 4.09221e-08 0)
(6.06998 1.7514e-07 0)
(6.06998 1.52586e-07 0)
(6.06998 2.42773e-07 0)
(6.06999 1.43669e-07 0)
(6.06999 1.87987e-07 0)
(6.06999 1.22653e-07 0)
(6.06999 5.62949e-08 0)
(6.06999 -1.17892e-07 0)
(6.06999 -2.61589e-07 0)
(6.06999 -2.60525e-07 0)
(6.06999 -2.2409e-07 0)
(6.06999 1.57019e-08 0)
(6.06998 -1.18871e-07 0)
(6.06998 6.72606e-08 0)
(6.06998 -3.17182e-08 0)
(6.06998 3.32207e-08 0)
(6.06998 3.66255e-08 0)
(6.06998 -4.38138e-08 0)
(6.06998 1.13047e-07 0)
(6.06999 -4.59066e-08 0)
(6.06999 7.90281e-08 0)
(6.06999 -2.28032e-08 0)
(6.06999 7.10662e-08 0)
(6.06999 -6.36522e-08 0)
(6.06999 9.6787e-08 0)
(6.06999 -1.17017e-07 0)
(6.06999 9.19225e-08 0)
(6.06999 -6.95851e-08 0)
(6.06999 6.98457e-08 0)
(6.06999 8.89939e-09 0)
(6.06999 1.0502e-08 0)
(6.06999 9.1028e-11 0)
(6.06999 1.50386e-08 0)
(6.06999 6.36249e-08 0)
(6.06999 2.94414e-07 0)
(6.07 9.13936e-07 0)
(6.07001 2.64859e-06 0)
(6.07004 3.55767e-05 0)
)
;

boundaryField
{
    inlet
    {
        type            cyclic;
    }
    outlet
    {
        type            cyclic;
    }
    bottomWall
    {
        type            noSlip;
    }
    topWall
    {
        type            noSlip;
    }
    frontAndBack
    {
        type            empty;
    }
}


// ************************************************************************* //
