/*--------------------------------*- C++ -*----------------------------------*\
  =========                 |
  \\      /  F ield         | OpenFOAM: The Open Source CFD Toolbox
   \\    /   O peration     | Website:  https://openfoam.org
    \\  /    A nd           | Version:  11
     \\/     M anipulation  |
\*---------------------------------------------------------------------------*/
FoamFile
{
    format      ascii;
    class       surfaceScalarField;
    location    "500";
    object      phi;
}
// * * * * * * * * * * * * * * * * * * * * * * * * * * * * * * * * * * * * * //

dimensions      [0 3 -1 0 0 0 0];

internalField   nonuniform List<scalar> 
9850
(
3.63321e-06
-8.23102e-09
3.6304e-06
2.69906e-09
3.62519e-06
5.16124e-09
3.62508e-06
1.48405e-10
3.62699e-06
-1.91271e-09
3.63278e-06
-5.77888e-09
3.63721e-06
-4.37353e-09
3.63147e-06
5.68573e-09
3.62261e-06
8.8708e-09
3.61996e-06
2.62971e-09
3.61915e-06
7.91074e-10
3.61892e-06
2.4964e-10
3.61884e-06
4.2851e-11
3.62108e-06
-2.21046e-09
3.62321e-06
-2.11159e-09
3.62592e-06
-2.71446e-09
3.62973e-06
-3.76447e-09
3.63093e-06
-1.24249e-09
3.63396e-06
-2.95985e-09
3.63797e-06
-4.06277e-09
3.63982e-06
-1.7863e-09
3.64032e-06
-5.60073e-10
3.64049e-06
-9.44629e-11
3.64037e-06
3.63863e-11
3.64036e-06
1.08149e-10
3.64018e-06
8.23923e-11
3.64019e-06
1.23233e-10
3.64004e-06
4.05337e-11
3.64012e-06
8.57429e-11
3.63996e-06
-2.08487e-11
3.64008e-06
2.21655e-11
3.64006e-06
-1.3063e-10
3.64038e-06
-2.17464e-10
3.64062e-06
-3.51796e-10
3.64088e-06
-2.37723e-10
3.64098e-06
-1.41072e-10
3.641e-06
-2.88974e-11
3.64076e-06
2.37184e-10
3.63317e-06
7.5643e-09
3.6236e-06
9.5768e-09
3.62057e-06
2.9585e-09
3.61961e-06
1.04015e-09
3.61918e-06
3.80944e-10
3.61904e-06
1.97206e-10
3.61889e-06
1.00331e-10
3.61884e-06
8.30372e-11
3.61877e-06
3.00579e-11
3.61879e-06
2.94257e-11
3.61876e-06
-7.98647e-12
3.6188e-06
3.27719e-12
3.61877e-06
-1.6796e-11
3.61881e-06
-8.08394e-13
3.61878e-06
-1.96522e-11
3.61883e-06
-1.03053e-12
3.6188e-06
-1.88007e-11
3.61884e-06
2.64277e-12
3.61882e-06
-1.83899e-11
3.61887e-06
1.89301e-12
3.61886e-06
-1.50533e-11
3.6189e-06
-8.74229e-13
3.61889e-06
-9.84533e-12
3.6189e-06
-4.48021e-13
3.61888e-06
-1.07733e-11
3.61891e-06
1.95711e-12
3.61888e-06
-1.14432e-11
3.61891e-06
5.47862e-12
3.61888e-06
-1.02267e-11
3.61891e-06
1.0734e-11
3.61887e-06
-9.16555e-12
3.61891e-06
1.06539e-11
3.61889e-06
-6.13846e-12
3.61892e-06
8.03147e-12
3.6189e-06
-2.51837e-12
3.61892e-06
7.20024e-12
3.6189e-06
-3.51433e-12
3.61892e-06
5.49714e-12
3.6189e-06
-3.44564e-12
3.61891e-06
5.23885e-12
3.6189e-06
-3.72457e-12
3.6189e-06
4.29548e-12
3.6189e-06
-3.718e-12
3.6189e-06
4.61759e-12
3.61889e-06
-3.92919e-12
3.6189e-06
4.8265e-12
3.61889e-06
-4.13456e-12
3.6189e-06
3.95306e-12
3.61889e-06
-3.70062e-12
3.6189e-06
4.44715e-12
3.61889e-06
-3.9145e-12
3.6189e-06
4.48161e-12
3.61889e-06
-3.99551e-12
3.61891e-06
4.60228e-12
3.61889e-06
-4.18767e-12
3.61891e-06
4.67228e-12
3.61889e-06
-4.80269e-12
3.61891e-06
2.56847e-12
3.6189e-06
-1.12439e-11
3.61894e-06
-1.68926e-11
3.61901e-06
-1.20561e-10
-5.569e-09
4.41919e-06
-5.23741e-09
4.4213e-06
5.31798e-10
4.42337e-06
3.06409e-09
4.42276e-06
7.76986e-10
4.42169e-06
-8.46627e-10
4.41929e-06
-3.37512e-09
4.41791e-06
-2.95245e-09
4.42086e-06
2.69897e-09
4.42442e-06
5.31716e-09
4.42472e-06
2.31461e-09
4.42466e-06
8.4599e-10
4.4246e-06
3.16222e-10
4.42444e-06
1.87679e-10
4.42316e-06
-9.18299e-10
4.42217e-06
-1.11412e-09
4.42111e-06
-1.65541e-09
4.41976e-06
-2.38757e-09
4.41974e-06
-1.24569e-09
4.41904e-06
-2.21794e-09
4.41794e-06
-2.99343e-09
4.41781e-06
-1.62267e-09
4.41785e-06
-6.37879e-10
4.41789e-06
-8.3225e-11
4.41781e-06
6.43753e-11
4.41781e-06
1.64472e-10
4.41772e-06
1.17764e-10
4.41773e-06
1.94211e-10
4.41765e-06
5.71669e-11
4.41769e-06
1.36022e-10
4.41761e-06
-4.20363e-11
4.41768e-06
3.94629e-11
4.41766e-06
-2.00323e-10
4.41781e-06
-3.11908e-10
4.41791e-06
-5.18538e-10
4.41803e-06
-3.38703e-10
4.41806e-06
-2.00662e-10
4.41806e-06
-3.95807e-11
4.41808e-06
2.18246e-10
4.42127e-06
4.3596e-09
4.42474e-06
6.11322e-09
4.42492e-06
2.73131e-09
4.42482e-06
1.19251e-09
4.42469e-06
4.84376e-10
4.42463e-06
2.86405e-10
4.42455e-06
1.48856e-10
4.42453e-06
1.25247e-10
4.4245e-06
3.86813e-11
4.42452e-06
4.11568e-11
4.42451e-06
-1.95248e-11
4.42453e-06
7.29618e-13
4.42452e-06
-3.33414e-11
4.42455e-06
-5.53219e-12
4.42454e-06
-3.71297e-11
4.42457e-06
-5.10495e-12
4.42456e-06
-3.58685e-11
4.42459e-06
4.30751e-13
4.42458e-06
-3.39588e-11
4.42461e-06
1.47846e-12
4.42461e-06
-2.68284e-11
4.42463e-06
-2.99402e-12
4.42463e-06
-1.91661e-11
4.42464e-06
-3.37003e-12
4.42463e-06
-2.10528e-11
4.42465e-06
1.16853e-12
4.42464e-06
-2.1559e-11
4.42466e-06
7.96587e-12
4.42464e-06
-1.88746e-11
4.42466e-06
1.70575e-11
4.42464e-06
-1.53576e-11
4.42466e-06
1.95539e-11
4.42465e-06
-8.3317e-12
4.42466e-06
1.52106e-11
4.42465e-06
-3.27157e-12
4.42466e-06
1.25258e-11
4.42464e-06
-5.41175e-12
4.42465e-06
9.73375e-12
4.42464e-06
-5.7838e-12
4.42465e-06
8.97834e-12
4.42464e-06
-6.6394e-12
4.42465e-06
7.52061e-12
4.42464e-06
-6.63824e-12
4.42465e-06
8.15407e-12
4.42464e-06
-7.00226e-12
4.42464e-06
8.39175e-12
4.42464e-06
-7.28085e-12
4.42464e-06
7.27394e-12
4.42464e-06
-6.51435e-12
4.42464e-06
8.03338e-12
4.42464e-06
-6.74405e-12
4.42464e-06
8.08083e-12
4.42464e-06
-6.82582e-12
4.42464e-06
8.14667e-12
4.42464e-06
-7.02929e-12
4.42464e-06
8.21779e-12
4.42464e-06
-7.92531e-12
4.42465e-06
5.27937e-12
4.42464e-06
-1.66529e-11
4.42465e-06
-1.59513e-11
4.42454e-06
-3.84424e-11
-3.15686e-09
4.87238e-06
-3.83487e-09
4.87318e-06
-3.18856e-10
4.87447e-06
1.75397e-09
4.87471e-06
5.59713e-10
4.87425e-06
-3.9159e-10
4.87274e-06
-1.86442e-09
4.87157e-06
-1.74822e-09
4.87271e-06
1.53315e-09
4.87451e-06
3.52091e-09
4.87483e-06
1.98397e-09
4.87484e-06
8.24206e-10
4.87482e-06
3.46585e-10
4.87475e-06
2.44672e-10
4.87446e-06
-6.18497e-10
4.87438e-06
-1.02193e-09
4.87389e-06
-1.16852e-09
4.87311e-06
-1.59082e-09
4.873e-06
-1.15562e-09
4.87244e-06
-1.62766e-09
4.8715e-06
-2.0769e-09
4.87117e-06
-1.26235e-09
4.87107e-06
-5.63568e-10
4.87104e-06
-1.98164e-11
4.87096e-06
1.0847e-10
4.87095e-06
2.18561e-10
4.87088e-06
1.4861e-10
4.87088e-06
2.49706e-10
4.87082e-06
6.89112e-11
4.87085e-06
1.73956e-10
4.87079e-06
-5.88972e-11
4.87084e-06
5.4417e-11
4.87082e-06
-2.48974e-10
4.87093e-06
-3.73219e-10
4.871e-06
-6.33354e-10
4.87107e-06
-4.06376e-10
4.87109e-06
-2.41543e-10
4.8711e-06
-4.81075e-11
4.87112e-06
1.93723e-10
4.8727e-06
2.76578e-09
4.87458e-06
4.24509e-09
4.87487e-06
2.40189e-09
4.87489e-06
1.21478e-09
4.87482e-06
5.27405e-10
4.87479e-06
3.43045e-10
4.87473e-06
1.81525e-10
4.87472e-06
1.53943e-10
4.8747e-06
4.1679e-11
4.87472e-06
4.78723e-11
4.87471e-06
-3.03341e-11
4.87473e-06
-2.85612e-12
4.87473e-06
-4.82228e-11
4.87475e-06
-1.0984e-11
4.87475e-06
-5.29196e-11
4.87477e-06
-1.02223e-11
4.87477e-06
-5.16943e-11
4.87479e-06
-3.66957e-12
4.87479e-06
-4.85055e-11
4.87481e-06
-9.17431e-13
4.87481e-06
-3.79987e-11
4.87483e-06
-6.73503e-12
4.87483e-06
-2.816e-11
4.87484e-06
-7.77081e-12
4.87484e-06
-3.04154e-11
4.87485e-06
-9.42704e-13
4.87484e-06
-3.05905e-11
4.87486e-06
9.25771e-12
4.87485e-06
-2.63948e-11
4.87486e-06
2.15945e-11
4.87485e-06
-2.04008e-11
4.87486e-06
2.67461e-11
4.87485e-06
-9.92033e-12
4.87486e-06
2.11975e-11
4.87485e-06
-4.01787e-12
4.87486e-06
1.70739e-11
4.87485e-06
-6.92108e-12
4.87485e-06
1.35148e-11
4.87485e-06
-7.50669e-12
4.87485e-06
1.19769e-11
4.87485e-06
-8.44463e-12
4.87485e-06
9.70464e-12
4.87485e-06
-8.2814e-12
4.87485e-06
1.02945e-11
4.87484e-06
-8.71025e-12
4.87485e-06
1.05518e-11
4.87484e-06
-8.87112e-12
4.87485e-06
9.29253e-12
4.87484e-06
-7.90265e-12
4.87485e-06
1.02295e-11
4.87484e-06
-8.3197e-12
4.87485e-06
1.04784e-11
4.87484e-06
-8.607e-12
4.87485e-06
1.06782e-11
4.87484e-06
-8.99196e-12
4.87485e-06
1.08659e-11
4.87484e-06
-1.01546e-11
4.87485e-06
7.58834e-12
4.87484e-06
-2.00046e-11
4.87485e-06
-1.23109e-11
4.87479e-06
-4.18997e-12
-2.11673e-09
5.18094e-06
-3.43568e-09
5.1812e-06
-6.1328e-10
5.18173e-06
1.20578e-09
5.18195e-06
3.49419e-10
5.18184e-06
-2.76913e-10
5.18124e-06
-1.26398e-09
5.18068e-06
-1.16686e-09
5.18093e-06
1.25974e-09
5.18151e-06
2.94883e-09
5.18161e-06
1.87561e-09
5.18159e-06
8.35546e-10
5.18157e-06
3.78881e-10
5.18155e-06
2.55314e-10
5.18156e-06
-6.22021e-10
5.18167e-06
-1.12424e-09
5.18157e-06
-1.07178e-09
5.18134e-06
-1.35041e-09
5.18131e-06
-1.14086e-09
5.18108e-06
-1.37391e-09
5.18065e-06
-1.66408e-09
5.18047e-06
-1.056e-09
5.18037e-06
-4.84571e-10
5.18033e-06
4.75948e-11
5.18025e-06
1.59002e-10
5.18023e-06
2.70035e-10
5.18017e-06
1.82495e-10
5.18016e-06
2.96374e-10
5.18011e-06
8.44123e-11
5.18014e-06
2.0252e-10
5.18009e-06
-6.68202e-11
5.18012e-06
6.52629e-11
5.1801e-06
-2.82092e-10
5.18019e-06
-4.21962e-10
5.18024e-06
-7.20108e-10
5.1803e-06
-4.60191e-10
5.18031e-06
-2.73117e-10
5.18032e-06
-5.51873e-11
5.18032e-06
1.93849e-10
5.18083e-06
2.24137e-09
5.18148e-06
3.6036e-09
5.18158e-06
2.27726e-09
5.18157e-06
1.24715e-09
5.18152e-06
5.6505e-10
5.18149e-06
3.88101e-10
5.18145e-06
2.10521e-10
5.18143e-06
1.77265e-10
5.18141e-06
4.61968e-11
5.18143e-06
5.26651e-11
5.18142e-06
-3.80546e-11
5.18144e-06
-7.14352e-12
5.18144e-06
-6.01201e-11
5.18146e-06
-1.75671e-11
5.18146e-06
-6.59995e-11
5.18148e-06
-1.7057e-11
5.18148e-06
-6.51776e-11
5.1815e-06
-9.99854e-12
5.1815e-06
-6.09351e-11
5.18152e-06
-5.67591e-12
5.18152e-06
-4.82169e-11
5.18153e-06
-1.20286e-11
5.18154e-06
-3.69193e-11
5.18155e-06
-1.29932e-11
5.18155e-06
-3.89512e-11
5.18156e-06
-4.22079e-12
5.18155e-06
-3.79416e-11
5.18156e-06
8.66245e-12
5.18156e-06
-3.19941e-11
5.18157e-06
2.38758e-11
5.18156e-06
-2.3415e-11
5.18157e-06
3.16962e-11
5.18156e-06
-1.02368e-11
5.18157e-06
2.53983e-11
5.18156e-06
-3.68091e-12
5.18157e-06
2.01117e-11
5.18156e-06
-7.27298e-12
5.18156e-06
1.59467e-11
5.18156e-06
-8.44422e-12
5.18156e-06
1.3904e-11
5.18156e-06
-9.98501e-12
5.18156e-06
1.13888e-11
5.18156e-06
-9.93993e-12
5.18156e-06
1.21071e-11
5.18156e-06
-1.03923e-11
5.18156e-06
1.24506e-11
5.18155e-06
-1.04929e-11
5.18156e-06
1.12686e-11
5.18155e-06
-9.32654e-12
5.18156e-06
1.22967e-11
5.18155e-06
-9.67285e-12
5.18156e-06
1.25327e-11
5.18155e-06
-9.9159e-12
5.18156e-06
1.2647e-11
5.18155e-06
-1.02856e-11
5.18156e-06
1.27509e-11
5.18155e-06
-1.15619e-11
5.18156e-06
9.20078e-12
5.18155e-06
-2.1949e-11
5.18156e-06
-1.04535e-11
5.18156e-06
-2.00541e-11
-1.86622e-09
5.41191e-06
-3.3125e-09
5.41204e-06
-7.70805e-10
5.41228e-06
9.52185e-10
5.41238e-06
2.6212e-10
5.41234e-06
-2.42185e-10
5.41211e-06
-1.03226e-09
5.41187e-06
-9.07905e-10
5.41191e-06
1.20157e-09
5.41211e-06
2.7525e-09
5.41214e-06
1.84584e-09
5.41211e-06
8.58869e-10
5.41208e-06
4.1017e-10
5.41207e-06
2.53792e-10
5.41209e-06
-6.29289e-10
5.41213e-06
-1.16398e-09
5.41213e-06
-1.06599e-09
5.41208e-06
-1.2891e-09
5.41207e-06
-1.14844e-09
5.41201e-06
-1.29829e-09
5.41187e-06
-1.53248e-09
5.4118e-06
-9.69103e-10
5.41173e-06
-4.29534e-10
5.41169e-06
1.04982e-10
5.41162e-06
2.07148e-10
5.4116e-06
3.18021e-10
5.41154e-06
2.17177e-10
5.41153e-06
3.38696e-10
5.41149e-06
1.02711e-10
5.4115e-06
2.28011e-10
5.41146e-06
-6.88546e-11
5.41149e-06
7.51999e-11
5.41147e-06
-3.0595e-10
5.41154e-06
-4.6199e-10
5.41158e-06
-7.90367e-10
5.41163e-06
-5.04931e-10
5.41164e-06
-2.9854e-10
5.41164e-06
-6.03299e-11
5.41163e-06
2.09998e-10
5.4118e-06
2.06531e-09
5.41204e-06
3.36545e-09
5.41206e-06
2.2331e-09
5.41205e-06
1.28254e-09
5.412e-06
5.98489e-10
5.41198e-06
4.25512e-10
5.41194e-06
2.36714e-10
5.41193e-06
1.9806e-10
5.41191e-06
5.19319e-11
5.41192e-06
5.73244e-11
5.41192e-06
-4.35233e-11
5.41193e-06
-1.09681e-11
5.41193e-06
-7.00331e-11
5.41195e-06
-2.40168e-11
5.41195e-06
-7.74825e-11
5.41196e-06
-2.42146e-11
5.41196e-06
-7.74099e-11
5.41198e-06
-1.71384e-11
5.41198e-06
-7.24759e-11
5.412e-06
-1.15636e-11
5.41201e-06
-5.78363e-11
5.41202e-06
-1.81494e-11
5.41202e-06
-4.4961e-11
5.41203e-06
-1.89263e-11
5.41203e-06
-4.64234e-11
5.41204e-06
-8.22367e-12
5.41204e-06
-4.43872e-11
5.41205e-06
7.33675e-12
5.41204e-06
-3.66839e-11
5.41205e-06
2.51386e-11
5.41205e-06
-2.56753e-11
5.41205e-06
3.54246e-11
5.41205e-06
-1.0271e-11
5.41205e-06
2.88782e-11
5.41205e-06
-3.40537e-12
5.41205e-06
2.27476e-11
5.41205e-06
-7.59239e-12
5.41205e-06
1.79559e-11
5.41204e-06
-9.14787e-12
5.41205e-06
1.51408e-11
5.41204e-06
-1.07918e-11
5.41205e-06
1.20409e-11
5.41204e-06
-1.05882e-11
5.41205e-06
1.27143e-11
5.41204e-06
-1.09745e-11
5.41205e-06
1.31651e-11
5.41204e-06
-1.08496e-11
5.41205e-06
1.20454e-11
5.41204e-06
-9.52693e-12
5.41205e-06
1.31881e-11
5.41204e-06
-9.97992e-12
5.41205e-06
1.35936e-11
5.41204e-06
-1.03965e-11
5.41205e-06
1.38083e-11
5.41204e-06
-1.09235e-11
5.41205e-06
1.39728e-11
5.41204e-06
-1.23861e-11
5.41204e-06
1.03062e-11
5.41204e-06
-2.32103e-11
5.41205e-06
-1.0399e-11
5.41207e-06
-5.7648e-11
-1.80849e-09
5.59521e-06
-3.22804e-09
5.59531e-06
-8.89802e-10
5.59546e-06
7.94455e-10
5.59549e-06
2.32966e-10
5.59547e-06
-2.1829e-10
5.59536e-06
-9.19122e-10
5.59524e-06
-7.73695e-10
5.59525e-06
1.18e-09
5.59535e-06
2.64567e-09
5.59537e-06
1.82681e-09
5.59535e-06
8.78181e-10
5.59532e-06
4.35588e-10
5.59532e-06
2.50583e-10
5.59531e-06
-6.10838e-10
5.5953e-06
-1.14913e-09
5.59529e-06
-1.06365e-09
5.59528e-06
-1.26229e-09
5.59527e-06
-1.15236e-09
5.59528e-06
-1.29179e-09
5.59525e-06
-1.51352e-09
5.59523e-06
-9.38909e-10
5.59518e-06
-3.91251e-10
5.59515e-06
1.51317e-10
5.59509e-06
2.5185e-10
5.59507e-06
3.61164e-10
5.59501e-06
2.52535e-10
5.595e-06
3.77105e-10
5.59496e-06
1.24129e-10
5.59497e-06
2.49701e-10
5.59493e-06
-6.54943e-11
5.59495e-06
8.34717e-11
5.59494e-06
-3.2219e-10
5.59499e-06
-4.97575e-10
5.59503e-06
-8.48802e-10
5.59507e-06
-5.44279e-10
5.59508e-06
-3.19679e-10
5.59508e-06
-6.40207e-11
5.59506e-06
2.31867e-10
5.59513e-06
1.98746e-09
5.59526e-06
3.23537e-09
5.59528e-06
2.20575e-09
5.59526e-06
1.31054e-09
5.59523e-06
6.25988e-10
5.59521e-06
4.55564e-10
5.59518e-06
2.60377e-10
5.59516e-06
2.16196e-10
5.59515e-06
5.9066e-11
5.59515e-06
6.14957e-11
5.59515e-06
-4.69063e-11
5.59516e-06
-1.47316e-11
5.59516e-06
-7.7869e-11
5.59518e-06
-3.06658e-11
5.59518e-06
-8.70894e-11
5.59519e-06
-3.19673e-11
5.59519e-06
-8.79978e-11
5.59521e-06
-2.51289e-11
5.59521e-06
-8.25147e-11
5.59523e-06
-1.83591e-11
5.59523e-06
-6.66409e-11
5.59525e-06
-2.46692e-11
5.59525e-06
-5.26521e-11
5.59526e-06
-2.47938e-11
5.59526e-06
-5.33845e-11
5.59527e-06
-1.25567e-11
5.59527e-06
-4.97687e-11
5.59528e-06
5.12306e-12
5.59527e-06
-4.01811e-11
5.59528e-06
2.53426e-11
5.59527e-06
-2.67007e-11
5.59528e-06
3.80679e-11
5.59528e-06
-9.52764e-12
5.59528e-06
3.13571e-11
5.59527e-06
-2.40521e-12
5.59528e-06
2.43812e-11
5.59527e-06
-7.30174e-12
5.59528e-06
1.89578e-11
5.59527e-06
-9.59794e-12
5.59527e-06
1.56651e-11
5.59527e-06
-1.18327e-11
5.59527e-06
1.25327e-11
5.59527e-06
-1.17223e-11
5.59527e-06
1.33826e-11
5.59527e-06
-1.19731e-11
5.59527e-06
1.40333e-11
5.59527e-06
-1.17003e-11
5.59527e-06
1.31296e-11
5.59527e-06
-1.02034e-11
5.59527e-06
1.43323e-11
5.59527e-06
-1.05279e-11
5.59527e-06
1.46948e-11
5.59527e-06
-1.08652e-11
5.59527e-06
1.48089e-11
5.59527e-06
-1.13583e-11
5.59527e-06
1.48542e-11
5.59527e-06
-1.28688e-11
5.59527e-06
1.10307e-11
5.59527e-06
-2.39718e-11
5.59528e-06
-1.18951e-11
5.59531e-06
-9.62004e-11
-1.77873e-09
5.74624e-06
-3.15296e-09
5.74632e-06
-9.88448e-10
5.74644e-06
6.70346e-10
5.74645e-06
2.22421e-10
5.74643e-06
-1.95756e-10
5.74636e-06
-8.42616e-10
5.74628e-06
-6.84956e-10
5.74628e-06
1.16271e-09
5.74637e-06
2.55883e-09
5.74639e-06
1.80437e-09
5.74638e-06
8.90655e-10
5.74636e-06
4.54416e-10
5.74636e-06
2.47178e-10
5.74633e-06
-5.8102e-10
5.7463e-06
-1.11285e-09
5.74629e-06
-1.05342e-09
5.74627e-06
-1.23746e-09
5.74626e-06
-1.14972e-09
5.74629e-06
-1.30759e-09
5.7463e-06
-1.53084e-09
5.7463e-06
-9.29854e-10
5.74626e-06
-3.62273e-10
5.74624e-06
1.89034e-10
5.74618e-06
2.92062e-10
5.74616e-06
3.99054e-10
5.74611e-06
2.86842e-10
5.7461e-06
4.11744e-10
5.74606e-06
1.4737e-10
5.74607e-06
2.69284e-10
5.74603e-06
-5.80132e-11
5.74604e-06
9.08098e-11
5.74603e-06
-3.32784e-10
5.74608e-06
-5.29272e-10
5.74611e-06
-8.98493e-10
5.74615e-06
-5.78924e-10
5.74616e-06
-3.37045e-10
5.74616e-06
-6.62877e-11
5.74613e-06
2.54684e-10
5.74618e-06
1.9378e-09
5.74628e-06
3.13576e-09
5.74629e-06
2.18008e-09
5.74629e-06
1.33038e-09
5.74626e-06
6.47845e-10
5.74624e-06
4.793e-10
5.74621e-06
2.81203e-10
5.7462e-06
2.31857e-10
5.74619e-06
6.64959e-11
5.74619e-06
6.5195e-11
5.74619e-06
-4.89217e-11
5.7462e-06
-1.81879e-11
5.7462e-06
-8.42131e-11
5.74621e-06
-3.70208e-11
5.74621e-06
-9.53631e-11
5.74623e-06
-3.96687e-11
5.74623e-06
-9.74318e-11
5.74624e-06
-3.33504e-11
5.74625e-06
-9.16252e-11
5.74626e-06
-2.55777e-11
5.74627e-06
-7.46027e-11
5.74628e-06
-3.13925e-11
5.74628e-06
-5.93427e-11
5.74629e-06
-3.08846e-11
5.74629e-06
-5.91414e-11
5.7463e-06
-1.71427e-11
5.7463e-06
-5.42469e-11
5.74631e-06
2.63924e-12
5.7463e-06
-4.28257e-11
5.74631e-06
2.50336e-11
5.7463e-06
-2.70758e-11
5.74631e-06
3.99463e-11
5.74631e-06
-8.54391e-12
5.74631e-06
3.34032e-11
5.7463e-06
-1.57199e-12
5.74631e-06
2.573e-11
5.7463e-06
-7.20718e-12
5.74631e-06
1.95706e-11
5.7463e-06
-1.00456e-11
5.74631e-06
1.55469e-11
5.7463e-06
-1.23457e-11
5.74631e-06
1.20595e-11
5.7463e-06
-1.19841e-11
5.74631e-06
1.29863e-11
5.7463e-06
-1.20166e-11
5.74631e-06
1.38508e-11
5.7463e-06
-1.14419e-11
5.74631e-06
1.31187e-11
5.7463e-06
-9.79149e-12
5.74631e-06
1.44259e-11
5.7463e-06
-1.01688e-11
5.74631e-06
1.4931e-11
5.7463e-06
-1.06493e-11
5.74631e-06
1.51243e-11
5.7463e-06
-1.1277e-11
5.74631e-06
1.52041e-11
5.7463e-06
-1.29301e-11
5.74631e-06
1.13198e-11
5.7463e-06
-2.43362e-11
5.74631e-06
-1.41697e-11
5.74634e-06
-1.32477e-10
-1.74523e-09
5.87383e-06
-3.07319e-09
5.8739e-06
-1.0739e-09
5.874e-06
5.63566e-10
5.87401e-06
2.16021e-10
5.87399e-06
-1.73853e-10
5.87393e-06
-7.78501e-10
5.87387e-06
-6.1348e-10
5.87388e-06
1.1453e-09
5.87396e-06
2.47866e-09
5.87398e-06
1.77794e-09
5.87397e-06
8.96991e-10
5.87396e-06
4.67254e-10
5.87396e-06
2.42991e-10
5.87393e-06
-5.49367e-10
5.87389e-06
-1.07131e-09
5.87388e-06
-1.03802e-09
5.87386e-06
-1.21032e-09
5.87385e-06
-1.14348e-09
5.87388e-06
-1.32865e-09
5.8739e-06
-1.55736e-09
5.8739e-06
-9.28553e-10
5.87387e-06
-3.38071e-10
5.87385e-06
2.20591e-10
5.8738e-06
3.28546e-10
5.87378e-06
4.32388e-10
5.87374e-06
3.1965e-10
5.87373e-06
4.43311e-10
5.87369e-06
1.71354e-10
5.87369e-06
2.86451e-10
5.87366e-06
-4.82188e-11
5.87367e-06
9.7353e-11
5.87366e-06
-3.39465e-10
5.8737e-06
-5.58618e-10
5.87373e-06
-9.42111e-10
5.87376e-06
-6.10649e-10
5.87377e-06
-3.52077e-10
5.87377e-06
-6.78698e-11
5.87375e-06
2.7597e-10
5.87378e-06
1.89819e-09
5.87387e-06
3.0486e-09
5.87389e-06
2.15497e-09
5.87388e-06
1.3449e-09
5.87386e-06
6.65595e-10
5.87385e-06
4.98263e-10
5.87382e-06
2.99568e-10
5.87381e-06
2.45216e-10
5.8738e-06
7.40689e-11
5.8738e-06
6.83671e-11
5.8738e-06
-4.99474e-11
5.87381e-06
-2.14972e-11
5.87381e-06
-8.92606e-11
5.87382e-06
-4.32e-11
5.87382e-06
-1.02342e-10
5.87383e-06
-4.7353e-11
5.87383e-06
-1.05639e-10
5.87385e-06
-4.16121e-11
5.87385e-06
-9.94896e-11
5.87387e-06
-3.27604e-11
5.87387e-06
-8.17106e-11
5.87388e-06
-3.77762e-11
5.87388e-06
-6.55456e-11
5.87389e-06
-3.63655e-11
5.87389e-06
-6.44729e-11
5.8739e-06
-2.14923e-11
5.8739e-06
-5.79104e-11
5.87391e-06
-3.93734e-14
5.8739e-06
-4.4614e-11
5.87391e-06
2.44082e-11
5.8739e-06
-2.66027e-11
5.87391e-06
4.14437e-11
5.8739e-06
-7.06584e-12
5.87391e-06
3.48646e-11
5.8739e-06
-2.99187e-13
5.8739e-06
2.63284e-11
5.8739e-06
-6.84195e-12
5.8739e-06
1.93992e-11
5.8739e-06
-1.0525e-11
5.8739e-06
1.49522e-11
5.8739e-06
-1.33137e-11
5.87391e-06
1.1639e-11
5.8739e-06
-1.29279e-11
5.87391e-06
1.28568e-11
5.8739e-06
-1.26729e-11
5.87391e-06
1.40215e-11
5.87391e-06
-1.1885e-11
5.87391e-06
1.35781e-11
5.8739e-06
-1.00696e-11
5.87391e-06
1.49368e-11
5.8739e-06
-1.02908e-11
5.87391e-06
1.53873e-11
5.8739e-06
-1.06722e-11
5.87391e-06
1.54803e-11
5.8739e-06
-1.12546e-11
5.87391e-06
1.54339e-11
5.8739e-06
-1.29178e-11
5.87391e-06
1.14381e-11
5.8739e-06
-2.45343e-11
5.87391e-06
-1.70104e-11
5.87393e-06
-1.62887e-10
-1.70946e-09
5.9835e-06
-3.00214e-09
5.98356e-06
-1.1465e-09
5.98365e-06
4.69103e-10
5.98366e-06
2.10892e-10
5.98364e-06
-1.53171e-10
5.98358e-06
-7.21004e-10
5.98352e-06
-5.52165e-10
5.98353e-06
1.12943e-09
5.98361e-06
2.40399e-09
5.98363e-06
1.75045e-09
5.98363e-06
8.99484e-10
5.98362e-06
4.75317e-10
5.98363e-06
2.37945e-10
5.9836e-06
-5.20706e-10
5.98356e-06
-1.03156e-09
5.98354e-06
-1.02063e-09
5.98352e-06
-1.18371e-09
5.98351e-06
-1.13532e-09
5.98354e-06
-1.35092e-09
5.98356e-06
-1.58419e-09
5.98357e-06
-9.30149e-10
5.98354e-06
-3.16602e-10
5.98352e-06
2.46756e-10
5.98348e-06
3.61657e-10
5.98346e-06
4.60485e-10
5.98342e-06
3.50683e-10
5.98341e-06
4.70578e-10
5.98338e-06
1.96088e-10
5.98338e-06
3.00931e-10
5.98335e-06
-3.54401e-11
5.98336e-06
1.02292e-10
5.98334e-06
-3.42107e-10
5.98338e-06
-5.86353e-10
5.98341e-06
-9.80153e-10
5.98344e-06
-6.39662e-10
5.98345e-06
-3.64514e-10
5.98344e-06
-6.8645e-11
5.98342e-06
2.95468e-10
5.98346e-06
1.86433e-09
5.98353e-06
2.97097e-09
5.98355e-06
2.13258e-09
5.98355e-06
1.35564e-09
5.98353e-06
6.81078e-10
5.98352e-06
5.13341e-10
5.98349e-06
3.1611e-10
5.98349e-06
2.5636e-10
5.98347e-06
8.15519e-11
5.98348e-06
7.06907e-11
5.98347e-06
-5.009e-11
5.98348e-06
-2.47646e-11
5.98348e-06
-9.30885e-11
5.98349e-06
-4.91523e-11
5.98349e-06
-1.0808e-10
5.9835e-06
-5.48789e-11
5.98351e-06
-1.12622e-10
5.98352e-06
-4.98288e-11
5.98352e-06
-1.06226e-10
5.98353e-06
-3.99936e-11
5.98354e-06
-8.77044e-11
5.98355e-06
-4.40089e-11
5.98355e-06
-7.05041e-11
5.98356e-06
-4.17651e-11
5.98356e-06
-6.83883e-11
5.98357e-06
-2.57946e-11
5.98356e-06
-6.05093e-11
5.98357e-06
-2.73625e-12
5.98357e-06
-4.54298e-11
5.98357e-06
2.34917e-11
5.98357e-06
-2.54251e-11
5.98357e-06
4.2319e-11
5.98357e-06
-5.33189e-12
5.98357e-06
3.59386e-11
5.98357e-06
7.61214e-13
5.98357e-06
2.66234e-11
5.98357e-06
-6.74652e-12
5.98357e-06
1.88232e-11
5.98357e-06
-1.10587e-11
5.98357e-06
1.37408e-11
5.98357e-06
-1.38023e-11
5.98357e-06
1.03134e-11
5.98357e-06
-1.30229e-11
5.98357e-06
1.17533e-11
5.98357e-06
-1.24229e-11
5.98357e-06
1.32125e-11
5.98357e-06
-1.12861e-11
5.98357e-06
1.29997e-11
5.98357e-06
-9.32161e-12
5.98357e-06
1.44559e-11
5.98357e-06
-9.56361e-12
5.98357e-06
1.50298e-11
5.98357e-06
-1.00655e-11
5.98357e-06
1.51891e-11
5.98357e-06
-1.07613e-11
5.98357e-06
1.51665e-11
5.98357e-06
-1.25376e-11
5.98357e-06
1.11356e-11
5.98357e-06
-2.43919e-11
5.98358e-06
-2.01636e-11
5.9836e-06
-1.89953e-10
-1.67249e-09
6.07888e-06
-2.93066e-09
6.07894e-06
-1.21147e-09
6.07901e-06
3.84875e-10
6.07902e-06
2.06603e-10
6.079e-06
-1.32838e-10
6.07895e-06
-6.67262e-10
6.0789e-06
-4.96165e-10
6.07891e-06
1.11394e-09
6.07898e-06
2.33447e-09
6.07901e-06
1.72221e-09
6.079e-06
8.98701e-10
6.079e-06
4.79637e-10
6.079e-06
2.31482e-10
6.07898e-06
-4.9527e-10
6.07895e-06
-9.94488e-10
6.07893e-06
-1.00274e-09
6.07891e-06
-1.1573e-09
6.07889e-06
-1.12704e-09
6.07892e-06
-1.37203e-09
6.07895e-06
-1.61048e-09
6.07895e-06
-9.33119e-10
6.07893e-06
-2.97475e-10
6.07891e-06
2.69699e-10
6.07888e-06
3.91464e-10
6.07886e-06
4.85322e-10
6.07882e-06
3.79033e-10
6.07881e-06
4.95623e-10
6.07878e-06
2.1957e-10
6.07878e-06
3.13992e-10
6.07875e-06
-2.2969e-11
6.07876e-06
1.07142e-10
6.07875e-06
-3.43537e-10
6.07878e-06
-6.12499e-10
6.07881e-06
-1.0156e-09
6.07884e-06
-6.67057e-10
6.07884e-06
-3.75992e-10
6.07884e-06
-6.93424e-11
6.07882e-06
3.1268e-10
6.07885e-06
1.83415e-09
6.07892e-06
2.90103e-09
6.07893e-06
2.11224e-09
6.07893e-06
1.3653e-09
6.07891e-06
6.94861e-10
6.07891e-06
5.26365e-10
6.07889e-06
3.30965e-10
6.07888e-06
2.6615e-10
6.07887e-06
8.86597e-11
6.07887e-06
7.2831e-11
6.07887e-06
-4.99003e-11
6.07887e-06
-2.76738e-11
6.07887e-06
-9.62108e-11
6.07888e-06
-5.45926e-11
6.07888e-06
-1.13e-10
6.07889e-06
-6.18661e-11
6.0789e-06
-1.1872e-10
6.07891e-06
-5.74095e-11
6.07891e-06
-1.11925e-10
6.07892e-06
-4.64187e-11
6.07892e-06
-9.28362e-11
6.07893e-06
-4.93259e-11
6.07894e-06
-7.49017e-11
6.07894e-06
-4.61489e-11
6.07894e-06
-7.19785e-11
6.07895e-06
-2.94221e-11
6.07895e-06
-6.25236e-11
6.07895e-06
-5.07291e-12
6.07895e-06
-4.5705e-11
6.07895e-06
2.28273e-11
6.07895e-06
-2.37692e-11
6.07895e-06
4.33472e-11
6.07895e-06
-3.39022e-12
6.07895e-06
3.67419e-11
6.07895e-06
2.00446e-12
6.07895e-06
2.63886e-11
6.07895e-06
-6.62769e-12
6.07895e-06
1.7704e-11
6.07895e-06
-1.18019e-11
6.07895e-06
1.23038e-11
6.07895e-06
-1.48697e-11
6.07895e-06
9.24958e-12
6.07895e-06
-1.39251e-11
6.07895e-06
1.10884e-11
6.07895e-06
-1.29253e-11
6.07895e-06
1.29108e-11
6.07895e-06
-1.15408e-11
6.07895e-06
1.30153e-11
6.07895e-06
-9.42861e-12
6.07895e-06
1.45129e-11
6.07895e-06
-9.5064e-12
6.07895e-06
1.50303e-11
6.07895e-06
-9.8977e-12
6.07895e-06
1.50991e-11
6.07895e-06
-1.05388e-11
6.07895e-06
1.49576e-11
6.07895e-06
-1.22976e-11
6.07895e-06
1.08484e-11
6.07895e-06
-2.43283e-11
6.07896e-06
-2.34657e-11
6.07898e-06
-2.12619e-10
-1.63705e-09
6.16252e-06
-2.8689e-09
6.16257e-06
-1.26745e-09
6.16264e-06
3.09406e-10
6.16264e-06
2.0332e-10
6.16262e-06
-1.13042e-10
6.16257e-06
-6.17009e-10
6.16253e-06
-4.4589e-10
6.16254e-06
1.10058e-09
6.1626e-06
2.27007e-09
6.16263e-06
1.69486e-09
6.16263e-06
8.9622e-10
6.16263e-06
4.81022e-10
6.16263e-06
2.24227e-10
6.16261e-06
-4.73991e-10
6.16258e-06
-9.6127e-10
6.16256e-06
-9.85223e-10
6.16254e-06
-1.13311e-09
6.16253e-06
-1.1183e-09
6.16256e-06
-1.39313e-09
6.16258e-06
-1.63511e-09
6.16259e-06
-9.37278e-10
6.16257e-06
-2.79684e-10
6.16255e-06
2.88912e-10
6.16252e-06
4.18811e-10
6.16251e-06
5.05683e-10
6.16247e-06
4.05397e-10
6.16246e-06
5.16451e-10
6.16243e-06
2.42926e-10
6.16244e-06
3.24221e-10
6.16241e-06
-8.64231e-12
6.16241e-06
1.10075e-10
6.1624e-06
-3.42276e-10
6.16244e-06
-6.38227e-10
6.16246e-06
-1.04759e-09
6.16249e-06
-6.92946e-10
6.16249e-06
-3.85768e-10
6.16249e-06
-6.96771e-11
6.16247e-06
3.28027e-10
6.1625e-06
1.8073e-09
6.16256e-06
2.83819e-09
6.16257e-06
2.09528e-09
6.16257e-06
1.37342e-09
6.16256e-06
7.08314e-10
6.16255e-06
5.37413e-10
6.16253e-06
3.4508e-10
6.16252e-06
2.74495e-10
6.16251e-06
9.57609e-11
6.16252e-06
7.42523e-11
6.16251e-06
-4.90207e-11
6.16252e-06
-3.0537e-11
6.16252e-06
-9.83017e-11
6.16253e-06
-5.97396e-11
6.16253e-06
-1.16777e-10
6.16254e-06
-6.85048e-11
6.16254e-06
-1.23576e-10
6.16255e-06
-6.46358e-11
6.16255e-06
-1.16392e-10
6.16256e-06
-5.25397e-11
6.16256e-06
-9.66985e-11
6.16257e-06
-5.41923e-11
6.16257e-06
-7.79332e-11
6.16258e-06
-5.02042e-11
6.16258e-06
-7.40672e-11
6.16258e-06
-3.27519e-11
6.16258e-06
-6.34345e-11
6.16258e-06
-7.20433e-12
6.16258e-06
-4.50234e-11
6.16258e-06
2.20603e-11
6.16258e-06
-2.14881e-11
6.16258e-06
4.38803e-11
6.16258e-06
-1.26036e-12
6.16258e-06
3.72136e-11
6.16258e-06
2.97282e-12
6.16258e-06
2.58827e-11
6.16258e-06
-6.82175e-12
6.16258e-06
1.6248e-11
6.16258e-06
-1.26196e-11
6.16258e-06
1.03545e-11
6.16258e-06
-1.54901e-11
6.16258e-06
7.40184e-12
6.16258e-06
-1.40206e-11
6.16259e-06
9.57387e-12
6.16259e-06
-1.25943e-11
6.16259e-06
1.17317e-11
6.16259e-06
-1.08466e-11
6.16259e-06
1.20861e-11
6.16259e-06
-8.60207e-12
6.16259e-06
1.36687e-11
6.16259e-06
-8.68548e-12
6.16259e-06
1.42987e-11
6.16259e-06
-9.1785e-12
6.16259e-06
1.44317e-11
6.16259e-06
-9.91326e-12
6.16259e-06
1.43149e-11
6.16259e-06
-1.17591e-11
6.16259e-06
1.01941e-11
6.16259e-06
-2.39914e-11
6.16259e-06
-2.69159e-11
6.16261e-06
-2.33023e-10
-1.60256e-09
6.23623e-06
-2.80724e-09
6.23628e-06
-1.31936e-09
6.23634e-06
2.41252e-10
6.23634e-06
2.01207e-10
6.23632e-06
-9.299e-11
6.23628e-06
-5.68787e-10
6.23623e-06
-3.98357e-10
6.23624e-06
1.08761e-09
6.2363e-06
2.21017e-09
6.23633e-06
1.6676e-09
6.23633e-06
8.91835e-10
6.23633e-06
4.80188e-10
6.23634e-06
2.15808e-10
6.23632e-06
-4.55497e-10
6.23629e-06
-9.30809e-10
6.23628e-06
-9.68339e-10
6.23626e-06
-1.1096e-09
6.23625e-06
-1.11014e-09
6.23627e-06
-1.41293e-09
6.23629e-06
-1.65958e-09
6.2363e-06
-9.42083e-10
6.23628e-06
-2.63671e-10
6.23627e-06
3.06415e-10
6.23624e-06
4.43407e-10
6.23623e-06
5.23893e-10
6.2362e-06
4.28796e-10
6.23619e-06
5.35697e-10
6.23616e-06
2.64035e-10
6.23616e-06
3.33498e-10
6.23614e-06
3.84123e-12
6.23615e-06
1.13135e-10
6.23614e-06
-3.41412e-10
6.23617e-06
-6.63001e-10
6.23619e-06
-1.07908e-09
6.23621e-06
-7.1813e-10
6.23622e-06
-3.95483e-10
6.23622e-06
-7.03384e-11
6.23621e-06
3.41217e-10
6.23623e-06
1.78251e-09
6.23628e-06
2.78095e-09
6.2363e-06
2.07981e-09
6.23629e-06
1.38192e-09
6.23628e-06
7.21138e-10
6.23627e-06
5.48023e-10
6.23625e-06
3.58319e-10
6.23625e-06
2.82412e-10
6.23624e-06
1.02555e-10
6.23624e-06
7.59168e-11
6.23624e-06
-4.80086e-11
6.23624e-06
-3.28382e-11
6.23624e-06
-9.99419e-11
6.23625e-06
-6.41464e-11
6.23625e-06
-1.19935e-10
6.23626e-06
-7.42639e-11
6.23626e-06
-1.27657e-10
6.23626e-06
-7.07954e-11
6.23627e-06
-1.19864e-10
6.23627e-06
-5.73826e-11
6.23628e-06
-9.9652e-11
6.23628e-06
-5.78109e-11
6.23628e-06
-8.0336e-11
6.23629e-06
-5.30215e-11
6.23629e-06
-7.58686e-11
6.23629e-06
-3.5175e-11
6.23629e-06
-6.38824e-11
6.23629e-06
-8.69009e-12
6.23629e-06
-4.39896e-11
6.23629e-06
2.18142e-11
6.23629e-06
-1.89629e-11
6.23629e-06
4.48156e-11
6.23629e-06
8.90365e-13
6.23629e-06
3.75699e-11
6.23629e-06
3.98582e-12
6.23629e-06
2.49917e-11
6.23629e-06
-7.08962e-12
6.23629e-06
1.44312e-11
6.23629e-06
-1.36863e-11
6.23629e-06
8.36134e-12
6.23629e-06
-1.67012e-11
6.23629e-06
5.94731e-12
6.23629e-06
-1.4952e-11
6.2363e-06
8.58598e-12
6.2363e-06
-1.3065e-11
6.2363e-06
1.11283e-11
6.2363e-06
-1.10666e-11
6.2363e-06
1.17972e-11
6.2363e-06
-8.70028e-12
6.2363e-06
1.34073e-11
6.2363e-06
-8.62141e-12
6.2363e-06
1.3984e-11
6.2363e-06
-8.99465e-12
6.2363e-06
1.40425e-11
6.2363e-06
-9.6642e-12
6.2363e-06
1.3822e-11
6.2363e-06
-1.14682e-11
6.2363e-06
9.65382e-12
6.2363e-06
-2.38603e-11
6.2363e-06
-3.03501e-11
6.23632e-06
-2.50271e-10
-1.57006e-09
6.30137e-06
-2.75461e-09
6.30142e-06
-1.3649e-09
6.30148e-06
1.79469e-10
6.30148e-06
2.00029e-10
6.30146e-06
-7.31227e-11
6.30141e-06
-5.22911e-10
6.30137e-06
-3.54952e-10
6.30138e-06
1.0768e-09
6.30144e-06
2.15457e-09
6.30146e-06
1.64166e-09
6.30147e-06
8.86769e-10
6.30147e-06
4.77576e-10
6.30148e-06
2.07067e-10
6.30146e-06
-4.40403e-10
6.30144e-06
-9.03783e-10
6.30142e-06
-9.52356e-10
6.3014e-06
-1.08846e-09
6.30139e-06
-1.10174e-09
6.30141e-06
-1.4331e-09
6.30144e-06
-1.68301e-09
6.30145e-06
-9.47921e-10
6.30143e-06
-2.48418e-10
6.30142e-06
3.21081e-10
6.30139e-06
4.66297e-10
6.30138e-06
5.38326e-10
6.30135e-06
4.50418e-10
6.30135e-06
5.50936e-10
6.30132e-06
2.8468e-10
6.30132e-06
3.39819e-10
6.3013e-06
1.7566e-11
6.30131e-06
1.13967e-10
6.3013e-06
-3.38657e-10
6.30133e-06
-6.88227e-10
6.30135e-06
-1.10843e-09
6.30137e-06
-7.42626e-10
6.30138e-06
-4.04072e-10
6.30138e-06
-7.09255e-11
6.30137e-06
3.52713e-10
6.30139e-06
1.75997e-09
6.30144e-06
2.72886e-09
6.30145e-06
2.0671e-09
6.30145e-06
1.38943e-09
6.30143e-06
7.34394e-10
6.30142e-06
5.57683e-10
6.30141e-06
3.71653e-10
6.3014e-06
2.89591e-10
6.30139e-06
1.09685e-10
6.30139e-06
7.71248e-11
6.30139e-06
-4.62505e-11
6.3014e-06
-3.50066e-11
6.30139e-06
-1.0056e-10
6.3014e-06
-6.81757e-11
6.3014e-06
-1.21918e-10
6.30141e-06
-7.95253e-11
6.30141e-06
-1.30398e-10
6.30141e-06
-7.63947e-11
6.30141e-06
-1.21985e-10
6.30142e-06
-6.17212e-11
6.30142e-06
-1.01236e-10
6.30143e-06
-6.08253e-11
6.30143e-06
-8.13137e-11
6.30143e-06
-5.53817e-11
6.30143e-06
-7.61164e-11
6.30143e-06
-3.71737e-11
6.30143e-06
-6.32101e-11
6.30143e-06
-9.89366e-12
6.30143e-06
-4.20281e-11
6.30143e-06
2.15024e-11
6.30143e-06
-1.5888e-11
6.30143e-06
4.52621e-11
6.30142e-06
3.17731e-12
6.30143e-06
3.76019e-11
6.30142e-06
4.71173e-12
6.30143e-06
2.38629e-11
6.30143e-06
-7.64197e-12
6.30143e-06
1.2352e-11
6.30143e-06
-1.47878e-11
6.30143e-06
5.94926e-12
6.30143e-06
-1.74538e-11
6.30143e-06
3.80505e-12
6.30143e-06
-1.50824e-11
6.30144e-06
6.84094e-12
6.30144e-06
-1.274e-11
6.30144e-06
9.71974e-12
6.30144e-06
-1.03905e-11
6.30144e-06
1.06325e-11
6.30144e-06
-7.914e-12
6.30144e-06
1.23131e-11
6.30144e-06
-7.83383e-12
6.30144e-06
1.29969e-11
6.30144e-06
-8.29463e-12
6.30144e-06
1.31229e-11
6.30144e-06
-9.03848e-12
6.30144e-06
1.29351e-11
6.30144e-06
-1.09079e-11
6.30144e-06
8.77811e-12
6.30144e-06
-2.34757e-11
6.30144e-06
-3.38665e-11
6.30146e-06
-2.65851e-10
-1.53867e-09
6.35898e-06
-2.70195e-09
6.35902e-06
-1.40884e-09
6.35907e-06
1.22853e-10
6.35907e-06
1.99968e-10
6.35905e-06
-5.28506e-11
6.35901e-06
-4.78218e-10
6.35897e-06
-3.12955e-10
6.35898e-06
1.06618e-09
6.35903e-06
2.10272e-09
6.35905e-06
1.61595e-09
6.35906e-06
8.8047e-10
6.35906e-06
4.73695e-10
6.35907e-06
1.97545e-10
6.35906e-06
-4.27173e-10
6.35904e-06
-8.7892e-10
6.35902e-06
-9.37266e-10
6.359e-06
-1.06786e-09
6.35899e-06
-1.09412e-09
6.35902e-06
-1.45219e-09
6.35904e-06
-1.707e-09
6.35905e-06
-9.54116e-10
6.35903e-06
-2.34712e-10
6.35902e-06
3.34949e-10
6.359e-06
4.8685e-10
6.35899e-06
5.5152e-10
6.35897e-06
4.69115e-10
6.35896e-06
5.65246e-10
6.35894e-06
3.02601e-10
6.35894e-06
3.45626e-10
6.35892e-06
2.84753e-11
6.35893e-06
1.15074e-10
6.35892e-06
-3.37378e-10
6.35895e-06
-7.12906e-10
6.35897e-06
-1.1387e-09
6.35899e-06
-7.67036e-10
6.359e-06
-4.13207e-10
6.359e-06
-7.21072e-11
6.35899e-06
3.62219e-10
6.35901e-06
1.73854e-09
6.35906e-06
2.68079e-09
6.35907e-06
2.055e-09
6.35906e-06
1.3978e-09
6.35905e-06
7.47324e-10
6.35904e-06
5.67775e-10
6.35902e-06
3.84636e-10
6.35902e-06
2.97081e-10
6.35901e-06
1.16719e-10
6.35901e-06
7.90199e-11
6.35901e-06
-4.43627e-11
6.35901e-06
-3.63757e-11
6.35901e-06
-1.00821e-10
6.35901e-06
-7.12431e-11
6.35901e-06
-1.23358e-10
6.35902e-06
-8.36239e-11
6.35902e-06
-1.32406e-10
6.35902e-06
-8.06172e-11
6.35902e-06
-1.23141e-10
6.35903e-06
-6.44829e-11
6.35903e-06
-1.01903e-10
6.35903e-06
-6.24042e-11
6.35903e-06
-8.16511e-11
6.35903e-06
-5.64001e-11
6.35903e-06
-7.61511e-11
6.35903e-06
-3.81645e-11
6.35903e-06
-6.22075e-11
6.35903e-06
-1.03151e-11
6.35903e-06
-3.99056e-11
6.35903e-06
2.18313e-11
6.35902e-06
-1.27803e-11
6.35903e-06
4.62415e-11
6.35902e-06
5.34336e-12
6.35902e-06
3.7629e-11
6.35902e-06
5.41334e-12
6.35903e-06
2.24854e-11
6.35902e-06
-8.28446e-12
6.35903e-06
1.00837e-11
6.35903e-06
-1.61163e-11
6.35903e-06
3.65046e-12
6.35903e-06
-1.87725e-11
6.35903e-06
2.15773e-12
6.35903e-06
-1.6057e-11
6.35904e-06
5.67897e-12
6.35904e-06
-1.32416e-11
6.35904e-06
8.9289e-12
6.35904e-06
-1.0662e-11
6.35904e-06
1.01351e-11
6.35904e-06
-8.0933e-12
6.35904e-06
1.18279e-11
6.35904e-06
-7.85588e-12
6.35904e-06
1.24646e-11
6.35904e-06
-8.18738e-12
6.35904e-06
1.25347e-11
6.35904e-06
-8.85366e-12
6.35904e-06
1.22619e-11
6.35904e-06
-1.06577e-11
6.35904e-06
8.0881e-12
6.35904e-06
-2.3373e-11
6.35904e-06
-3.72689e-11
6.35906e-06
-2.79041e-10
-1.50899e-09
6.40984e-06
-2.65772e-09
6.40988e-06
-1.44836e-09
6.40993e-06
7.0839e-11
6.40993e-06
2.00576e-10
6.40991e-06
-3.27529e-11
6.40986e-06
-4.35286e-10
6.40983e-06
-2.74155e-10
6.40983e-06
1.05758e-09
6.40988e-06
2.05446e-09
6.4099e-06
1.59166e-09
6.40991e-06
8.74016e-10
6.40992e-06
4.6876e-10
6.40992e-06
1.88086e-10
6.40991e-06
-4.1654e-10
6.40989e-06
-8.56905e-10
6.40988e-06
-9.23167e-10
6.40986e-06
-1.04952e-09
6.40985e-06
-1.08639e-09
6.40988e-06
-1.47194e-09
6.4099e-06
-1.73052e-09
6.40991e-06
-9.61242e-10
6.40989e-06
-2.21475e-10
6.40988e-06
3.46563e-10
6.40986e-06
5.06178e-10
6.40986e-06
5.61589e-10
6.40984e-06
4.86289e-10
6.40983e-06
5.75965e-10
6.40981e-06
3.19901e-10
6.40981e-06
3.48628e-10
6.4098e-06
4.01886e-11
6.4098e-06
1.13861e-10
6.40979e-06
-3.34822e-10
6.40982e-06
-7.38513e-10
6.40985e-06
-1.16776e-09
6.40987e-06
-7.91256e-10
6.40988e-06
-4.216e-10
6.40988e-06
-7.33901e-11
6.40987e-06
3.70204e-10
6.40989e-06
1.71871e-09
6.40993e-06
2.63658e-09
6.40994e-06
2.04501e-09
6.40993e-06
1.40534e-09
6.40992e-06
7.60878e-10
6.40991e-06
5.77453e-10
6.4099e-06
3.98181e-10
6.40989e-06
3.04388e-10
6.40988e-06
1.24387e-10
6.40988e-06
8.07692e-11
6.40988e-06
-4.16193e-11
6.40988e-06
-3.74509e-11
6.40988e-06
-1.00026e-10
6.40988e-06
-7.37959e-11
6.40988e-06
-1.23583e-10
6.40988e-06
-8.70624e-11
6.40988e-06
-1.33019e-10
6.40989e-06
-8.41097e-11
6.40989e-06
-1.22917e-10
6.40989e-06
-6.6616e-11
6.40989e-06
-1.01193e-10
6.40989e-06
-6.33062e-11
6.40989e-06
-8.0593e-11
6.40989e-06
-5.69137e-11
6.40989e-06
-7.46702e-11
6.40989e-06
-3.86827e-11
6.40989e-06
-6.01569e-11
6.40989e-06
-1.04421e-11
6.40988e-06
-3.69687e-11
6.40988e-06
2.20885e-11
6.40988e-06
-9.25245e-12
6.40988e-06
4.67304e-11
6.40988e-06
7.58664e-12
6.40988e-06
3.7365e-11
6.40988e-06
5.83461e-12
6.40988e-06
2.09424e-11
6.40988e-06
-9.16017e-12
6.40988e-06
7.65694e-12
6.40988e-06
-1.743e-11
6.40989e-06
1.03683e-12
6.40989e-06
-1.96216e-11
6.40989e-06
-8.39466e-14
6.40989e-06
-1.62446e-11
6.40989e-06
3.8443e-12
6.40989e-06
-1.29861e-11
6.40989e-06
7.40373e-12
6.40989e-06
-1.00853e-11
6.40989e-06
8.83316e-12
6.40989e-06
-7.43191e-12
6.40989e-06
1.05817e-11
6.40989e-06
-7.18993e-12
6.40989e-06
1.13248e-11
6.40989e-06
-7.59482e-12
6.4099e-06
1.14715e-11
6.40989e-06
-8.31622e-12
6.4099e-06
1.1244e-11
6.4099e-06
-1.01636e-11
6.4099e-06
7.10528e-12
6.4099e-06
-2.30335e-11
6.4099e-06
-4.06972e-11
6.40991e-06
-2.90918e-10
-1.48028e-09
6.45458e-06
-2.61335e-09
6.45462e-06
-1.4879e-09
6.45466e-06
2.25012e-11
6.45466e-06
2.02097e-10
6.45464e-06
-1.23119e-11
6.4546e-06
-3.9311e-10
6.45457e-06
-2.36066e-10
6.45457e-06
1.04898e-09
6.45462e-06
2.00931e-09
6.45464e-06
1.56763e-09
6.45465e-06
8.66709e-10
6.45465e-06
4.63119e-10
6.45466e-06
1.7816e-10
6.45465e-06
-4.07045e-10
6.45463e-06
-8.36478e-10
6.45462e-06
-9.09936e-10
6.4546e-06
-1.03155e-09
6.4546e-06
-1.07953e-09
6.45462e-06
-1.49084e-09
6.45464e-06
-1.75508e-09
6.45465e-06
-9.68593e-10
6.45464e-06
-2.09602e-10
6.45463e-06
3.57892e-10
6.45461e-06
5.23542e-10
6.4546e-06
5.71034e-10
6.45459e-06
5.00788e-10
6.45458e-06
5.86245e-10
6.45457e-06
3.3444e-10
6.45457e-06
3.51392e-10
6.45455e-06
4.86687e-11
6.45456e-06
1.12955e-10
6.45455e-06
-3.34278e-10
6.45458e-06
-7.63904e-10
6.45461e-06
-1.19858e-09
6.45463e-06
-8.15801e-10
6.45464e-06
-4.30865e-10
6.45464e-06
-7.53966e-11
6.45463e-06
3.76366e-10
6.45465e-06
1.69948e-09
6.45469e-06
2.59537e-09
6.4547e-06
2.03508e-09
6.45469e-06
1.41384e-09
6.45468e-06
7.74155e-10
6.45467e-06
5.87932e-10
6.45465e-06
4.11686e-10
6.45465e-06
3.12458e-10
6.45464e-06
1.3219e-10
6.45464e-06
8.35202e-11
6.45463e-06
-3.86573e-11
6.45463e-06
-3.75552e-11
6.45463e-06
-9.88596e-11
6.45463e-06
-7.52383e-11
6.45463e-06
-1.23251e-10
6.45463e-06
-8.91719e-11
6.45463e-06
-1.3289e-10
6.45464e-06
-8.60823e-11
6.45463e-06
-1.21748e-10
6.45464e-06
-6.70647e-11
6.45463e-06
-9.95982e-11
6.45463e-06
-6.27388e-11
6.45463e-06
-7.8934e-11
6.45463e-06
-5.60996e-11
6.45463e-06
-7.30651e-11
6.45463e-06
-3.82161e-11
6.45463e-06
-5.78985e-11
6.45463e-06
-9.79767e-12
6.45462e-06
-3.40272e-11
6.45462e-06
2.29656e-11
6.45462e-06
-5.83986e-12
6.45462e-06
4.77736e-11
6.45462e-06
9.63076e-12
6.45462e-06
3.7157e-11
6.45462e-06
6.23155e-12
6.45462e-06
1.9262e-11
6.45462e-06
-1.00781e-11
6.45462e-06
5.17557e-12
6.45462e-06
-1.89065e-11
6.45463e-06
-1.35446e-12
6.45463e-06
-2.09866e-11
6.45463e-06
-1.77332e-12
6.45463e-06
-1.72588e-11
6.45463e-06
2.61362e-12
6.45463e-06
-1.3551e-11
6.45463e-06
6.50865e-12
6.45463e-06
-1.04541e-11
6.45463e-06
8.20298e-12
6.45463e-06
-7.73762e-12
6.45463e-06
9.94969e-12
6.45463e-06
-7.3425e-12
6.45463e-06
1.06536e-11
6.45463e-06
-7.6069e-12
6.45463e-06
1.0764e-11
6.45463e-06
-8.23692e-12
6.45464e-06
1.04715e-11
6.45463e-06
-9.99515e-12
6.45464e-06
6.34473e-12
6.45464e-06
-2.29995e-11
6.45464e-06
-4.39592e-11
6.45465e-06
-3.00859e-10
-1.45304e-09
6.49371e-06
-2.57699e-09
6.49374e-06
-1.52435e-09
6.49379e-06
-2.24941e-11
6.49379e-06
2.04028e-10
6.49377e-06
7.85845e-12
6.49373e-06
-3.52399e-10
6.49369e-06
-2.00649e-10
6.4937e-06
1.04219e-09
6.49374e-06
1.96719e-09
6.49376e-06
1.545e-09
6.49377e-06
8.59534e-10
6.49377e-06
4.56855e-10
6.49378e-06
1.68547e-10
6.49378e-06
-3.99526e-10
6.49376e-06
-8.18359e-10
6.49375e-06
-8.97612e-10
6.49373e-06
-1.01565e-09
6.49372e-06
-1.07263e-09
6.49375e-06
-1.51062e-09
6.49377e-06
-1.77957e-09
6.49378e-06
-9.76819e-10
6.49377e-06
-1.97992e-10
6.49376e-06
3.67342e-10
6.49374e-06
5.40048e-10
6.49374e-06
5.77861e-10
6.49372e-06
5.14064e-10
6.49372e-06
5.93349e-10
6.4937e-06
3.48418e-10
6.49371e-06
3.51559e-10
6.4937e-06
5.77716e-11
6.4937e-06
1.0974e-10
6.4937e-06
-3.32777e-10
6.49372e-06
-7.90504e-10
6.49375e-06
-1.22876e-09
6.49377e-06
-8.40443e-10
6.49378e-06
-4.39574e-10
6.49378e-06
-7.75614e-11
6.49378e-06
3.8118e-10
6.49379e-06
1.68149e-09
6.49383e-06
2.55719e-09
6.49384e-06
2.02683e-09
6.49383e-06
1.42154e-09
6.49382e-06
7.88046e-10
6.49381e-06
5.98209e-10
6.49379e-06
4.25976e-10
6.49379e-06
3.20671e-10
6.49378e-06
1.40837e-10
6.49377e-06
8.6346e-11
6.49377e-06
-3.47421e-11
6.49377e-06
-3.72448e-11
6.49377e-06
-9.65924e-11
6.49377e-06
-7.60673e-11
6.49377e-06
-1.21664e-10
6.49377e-06
-9.05289e-11
6.49377e-06
-1.31346e-10
6.49377e-06
-8.72647e-11
6.49376e-06
-1.19226e-10
6.49377e-06
-6.68776e-11
6.49376e-06
-9.67004e-11
6.49376e-06
-6.15273e-11
6.49376e-06
-7.59786e-11
6.49376e-06
-5.4824e-11
6.49375e-06
-7.00291e-11
6.49375e-06
-3.73114e-11
6.49375e-06
-5.47056e-11
6.49375e-06
-8.92534e-12
6.49374e-06
-3.04034e-11
6.49374e-06
2.37032e-11
6.49374e-06
-2.12565e-12
6.49374e-06
4.8297e-11
6.49374e-06
1.17131e-11
6.49374e-06
3.66938e-11
6.49374e-06
6.37964e-12
6.49374e-06
1.74988e-11
6.49374e-06
-1.11624e-11
6.49375e-06
2.63431e-12
6.49375e-06
-2.03169e-11
6.49375e-06
-3.97895e-12
6.49375e-06
-2.18682e-11
6.49375e-06
-3.99264e-12
6.49375e-06
-1.74859e-11
6.49375e-06
7.7238e-13
6.49375e-06
-1.33776e-11
6.49375e-06
4.93209e-12
6.49376e-06
-9.9954e-12
6.49376e-06
6.82506e-12
6.49376e-06
-7.21631e-12
6.49376e-06
8.61682e-12
6.49376e-06
-6.81404e-12
6.49376e-06
9.43123e-12
6.49376e-06
-7.14104e-12
6.49376e-06
9.62885e-12
6.49376e-06
-7.80867e-12
6.49376e-06
9.39701e-12
6.49376e-06
-9.59168e-12
6.49376e-06
5.32644e-12
6.49376e-06
-2.27273e-11
6.49376e-06
-4.7202e-11
6.49377e-06
-3.09693e-10
-1.42661e-09
6.52763e-06
-2.54038e-09
6.52766e-06
-1.56193e-09
6.5277e-06
-6.48107e-11
6.5277e-06
2.06716e-10
6.52768e-06
2.82685e-11
6.52764e-06
-3.12215e-10
6.52761e-06
-1.65571e-10
6.52761e-06
1.03524e-09
6.52765e-06
1.92764e-09
6.52767e-06
1.52259e-09
6.52768e-06
8.51709e-10
6.52769e-06
4.50208e-10
6.5277e-06
1.58665e-10
6.52769e-06
-3.92619e-10
6.52767e-06
-8.0134e-10
6.52766e-06
-8.86008e-10
6.52765e-06
-9.99945e-10
6.52764e-06
-1.06657e-09
6.52766e-06
-1.52974e-09
6.52769e-06
-1.80542e-09
6.5277e-06
-9.85178e-10
6.52769e-06
-1.87575e-10
6.52768e-06
3.76836e-10
6.52766e-06
5.54907e-10
6.52766e-06
5.84518e-10
6.52765e-06
5.24984e-10
6.52764e-06
6.00434e-10
6.52763e-06
3.59785e-10
6.52764e-06
3.51747e-10
6.52763e-06
6.35256e-11
6.52763e-06
1.06886e-10
6.52763e-06
-3.33512e-10
6.52766e-06
-8.17072e-10
6.52768e-06
-1.26118e-09
6.52771e-06
-8.65622e-10
6.52772e-06
-4.49292e-10
6.52772e-06
-8.04772e-11
6.52771e-06
3.84341e-10
6.52773e-06
1.66383e-09
6.52776e-06
2.52137e-09
6.52777e-06
2.01829e-09
6.52777e-06
1.43022e-09
6.52775e-06
8.01609e-10
6.52774e-06
6.09394e-10
6.52773e-06
4.40341e-10
6.52772e-06
3.29871e-10
6.52771e-06
1.49748e-10
6.5277e-06
9.03493e-11
6.5277e-06
-3.0544e-11
6.5277e-06
-3.58691e-11
6.52769e-06
-9.39397e-11
6.5277e-06
-7.5713e-11
6.52769e-06
-1.19519e-10
6.52769e-06
-9.04921e-11
6.52769e-06
-1.29089e-10
6.52769e-06
-8.69027e-11
6.52769e-06
-1.15836e-10
6.52769e-06
-6.50288e-11
6.52768e-06
-9.30117e-11
6.52768e-06
-5.89194e-11
6.52768e-06
-7.25199e-11
6.52767e-06
-5.23136e-11
6.52767e-06
-6.69972e-11
6.52767e-06
-3.55245e-11
6.52766e-06
-5.14433e-11
6.52766e-06
-7.36838e-12
6.52766e-06
-2.69266e-11
6.52766e-06
2.4988e-11
6.52765e-06
1.35285e-12
6.52765e-06
4.93607e-11
6.52765e-06
1.35569e-11
6.52765e-06
3.63323e-11
6.52765e-06
6.54176e-12
6.52766e-06
1.5695e-11
6.52766e-06
-1.22128e-11
6.52766e-06
1.4651e-13
6.52766e-06
-2.18141e-11
6.52766e-06
-6.30091e-12
6.52766e-06
-2.32136e-11
6.52766e-06
-5.62185e-12
6.52767e-06
-1.85227e-11
6.52767e-06
-4.57545e-13
6.52767e-06
-1.40112e-11
6.52767e-06
3.99202e-12
6.52767e-06
-1.04702e-11
6.52767e-06
6.12161e-12
6.52767e-06
-7.65342e-12
6.52767e-06
7.90039e-12
6.52767e-06
-7.09985e-12
6.52767e-06
8.68406e-12
6.52767e-06
-7.27497e-12
6.52767e-06
8.86365e-12
6.52767e-06
-7.83733e-12
6.52767e-06
8.58584e-12
6.52767e-06
-9.5086e-12
6.52767e-06
4.55311e-12
6.52767e-06
-2.27629e-11
6.52768e-06
-5.02487e-11
6.52768e-06
-3.16906e-10
-1.40151e-09
6.55666e-06
-2.51137e-09
6.5567e-06
-1.59735e-09
6.55674e-06
-1.04652e-10
6.55673e-06
2.09665e-10
6.55671e-06
4.83159e-11
6.55667e-06
-2.73317e-10
6.55664e-06
-1.32826e-10
6.55665e-06
1.02986e-09
6.55668e-06
1.89067e-09
6.5567e-06
1.5015e-09
6.55671e-06
8.4415e-10
6.55672e-06
4.4319e-10
6.55673e-06
1.49224e-10
6.55672e-06
-3.87228e-10
6.55671e-06
-7.86167e-10
6.5567e-06
-8.75148e-10
6.55668e-06
-9.86074e-10
6.55668e-06
-1.06046e-09
6.5567e-06
-1.54987e-09
6.55673e-06
-1.83151e-09
6.55674e-06
-9.94328e-10
6.55673e-06
-1.77222e-10
6.55672e-06
3.84748e-10
6.5567e-06
5.692e-10
6.5567e-06
5.89002e-10
6.55669e-06
5.34977e-10
6.55669e-06
6.04783e-10
6.55668e-06
3.70709e-10
6.55668e-06
3.49639e-10
6.55667e-06
6.98846e-11
6.55668e-06
1.01822e-10
6.55668e-06
-3.33447e-10
6.55671e-06
-8.44933e-10
6.55674e-06
-1.29334e-09
6.55676e-06
-8.90999e-10
6.55677e-06
-4.5851e-10
6.55677e-06
-8.35337e-11
6.55677e-06
3.86333e-10
6.55678e-06
1.64724e-09
6.55682e-06
2.48806e-09
6.55682e-06
2.01113e-09
6.55682e-06
1.43809e-09
6.5568e-06
8.15696e-10
6.55679e-06
6.2042e-10
6.55677e-06
4.55519e-10
6.55677e-06
3.39355e-10
6.55675e-06
1.5956e-10
6.55675e-06
9.4524e-11
6.55675e-06
-2.53681e-11
6.55674e-06
-3.40246e-11
6.55674e-06
-9.02002e-11
6.55674e-06
-7.47121e-11
6.55674e-06
-1.16146e-10
6.55674e-06
-8.96875e-11
6.55673e-06
-1.25477e-10
6.55673e-06
-8.57721e-11
6.55673e-06
-1.11212e-10
6.55672e-06
-6.26319e-11
6.55672e-06
-8.81625e-11
6.55672e-06
-5.57746e-11
6.55671e-06
-6.79224e-11
6.55671e-06
-4.94466e-11
6.5567e-06
-6.26701e-11
6.5567e-06
-3.33859e-11
6.5567e-06
-4.73963e-11
6.5567e-06
-5.68197e-12
6.55669e-06
-2.29193e-11
6.55669e-06
2.60612e-11
6.55669e-06
5.01508e-12
6.55669e-06
4.98769e-11
6.55668e-06
1.54207e-11
6.55669e-06
3.57636e-11
6.55669e-06
6.49667e-12
6.55669e-06
1.38952e-11
6.55669e-06
-1.33622e-11
6.55669e-06
-2.31019e-12
6.55669e-06
-2.32016e-11
6.5567e-06
-8.78891e-12
6.5567e-06
-2.4067e-11
6.5567e-06
-7.73144e-12
6.5567e-06
-1.8776e-11
6.5567e-06
-2.24893e-12
6.5567e-06
-1.39205e-11
6.5567e-06
2.41599e-12
6.5567e-06
-1.01302e-11
6.5567e-06
4.72074e-12
6.5567e-06
-7.27016e-12
6.5567e-06
6.53661e-12
6.5567e-06
-6.70593e-12
6.5567e-06
7.43654e-12
6.5567e-06
-6.93294e-12
6.55671e-06
7.71465e-12
6.55671e-06
-7.51701e-12
6.55671e-06
7.51257e-12
6.55671e-06
-9.19455e-12
6.55671e-06
3.55583e-12
6.55671e-06
-2.25577e-11
6.55671e-06
-5.32362e-11
6.55672e-06
-3.23174e-10
-1.37702e-09
6.58109e-06
-2.4819e-09
6.58112e-06
-1.63457e-09
6.58116e-06
-1.4246e-10
6.58115e-06
2.1329e-10
6.58113e-06
6.85372e-11
6.5811e-06
-2.34787e-10
6.58107e-06
-1.00208e-10
6.58107e-06
1.02418e-09
6.5811e-06
1.8558e-09
6.58112e-06
1.48055e-09
6.58113e-06
8.36041e-10
6.58114e-06
4.35961e-10
6.58115e-06
1.39629e-10
6.58114e-06
-3.82085e-10
6.58113e-06
-7.71693e-10
6.58112e-06
-8.64812e-10
6.58111e-06
-9.72192e-10
6.5811e-06
-1.05506e-09
6.58112e-06
-1.56944e-09
6.58115e-06
-1.85914e-09
6.58116e-06
-1.00352e-09
6.58115e-06
-1.6785e-10
6.58114e-06
3.9297e-10
6.58113e-06
5.8218e-10
6.58113e-06
5.93663e-10
6.58112e-06
5.42986e-10
6.58112e-06
6.09462e-10
6.58111e-06
3.7932e-10
6.58111e-06
3.47768e-10
6.58111e-06
7.29833e-11
6.58111e-06
9.72142e-11
6.58111e-06
-3.35584e-10
6.58114e-06
-8.7287e-10
6.58117e-06
-1.32796e-09
6.5812e-06
-9.17013e-10
6.58121e-06
-4.68741e-10
6.58121e-06
-8.72954e-11
6.58121e-06
3.86833e-10
6.58122e-06
1.63082e-09
6.58125e-06
2.45665e-09
6.58126e-06
2.00346e-09
6.58125e-06
1.44687e-09
6.58124e-06
8.29358e-10
6.58123e-06
6.3229e-10
6.58121e-06
4.70754e-10
6.5812e-06
3.4984e-10
6.58119e-06
1.69654e-10
6.58119e-06
9.98975e-11
6.58118e-06
-1.99253e-11
6.58118e-06
-3.11365e-11
6.58117e-06
-8.61098e-11
6.58117e-06
-7.25643e-11
6.58117e-06
-1.12262e-10
6.58117e-06
-8.75397e-11
6.58116e-06
-1.21232e-10
6.58116e-06
-8.31977e-11
6.58115e-06
-1.05848e-10
6.58115e-06
-5.8707e-11
6.58114e-06
-8.2678e-11
6.58114e-06
-5.13919e-11
6.58114e-06
-6.29645e-11
6.58113e-06
-4.5496e-11
6.58113e-06
-5.84942e-11
6.58112e-06
-3.05169e-11
6.58112e-06
-4.3417e-11
6.58112e-06
-3.44281e-12
6.58111e-06
-1.91862e-11
6.58111e-06
2.75743e-11
6.58111e-06
8.36134e-12
6.58111e-06
5.09017e-11
6.58111e-06
1.70326e-11
6.58111e-06
3.53282e-11
6.58111e-06
6.52237e-12
6.58111e-06
1.21314e-11
6.58111e-06
-1.43952e-11
6.58111e-06
-4.63484e-12
6.58111e-06
-2.46042e-11
6.58112e-06
-1.0924e-11
6.58112e-06
-2.53359e-11
6.58112e-06
-9.23294e-12
6.58112e-06
-1.98173e-11
6.58112e-06
-3.43124e-12
6.58112e-06
-1.46141e-11
6.58112e-06
1.47666e-12
6.58112e-06
-1.06998e-11
6.58112e-06
3.99351e-12
6.58112e-06
-7.8235e-12
6.58112e-06
5.78858e-12
6.58112e-06
-7.10708e-12
6.58113e-06
6.66556e-12
6.58113e-06
-7.17138e-12
6.58113e-06
6.94137e-12
6.58113e-06
-7.63765e-12
6.58113e-06
6.70999e-12
6.58113e-06
-9.18209e-12
6.58113e-06
2.81366e-12
6.58113e-06
-2.2648e-11
6.58113e-06
-5.60123e-11
6.58114e-06
-3.28039e-10
-1.35369e-09
6.60112e-06
-2.4595e-09
6.60115e-06
-1.67026e-09
6.60119e-06
-1.78376e-10
6.60118e-06
2.17136e-10
6.60116e-06
8.8367e-11
6.60113e-06
-1.97388e-10
6.6011e-06
-6.96644e-11
6.6011e-06
1.01984e-09
6.60113e-06
1.8231e-09
6.60115e-06
1.46079e-09
6.60116e-06
8.28244e-10
6.60117e-06
4.28503e-10
6.60118e-06
1.30528e-10
6.60117e-06
-3.7811e-10
6.60116e-06
-7.58675e-10
6.60115e-06
-8.55032e-10
6.60114e-06
-9.59865e-10
6.60113e-06
-1.04949e-09
6.60115e-06
-1.59002e-09
6.60118e-06
-1.88723e-09
6.60119e-06
-1.01338e-09
6.60118e-06
-1.58339e-10
6.60118e-06
3.99933e-10
6.60116e-06
5.9488e-10
6.60116e-06
5.96565e-10
6.60115e-06
5.5037e-10
6.60115e-06
6.11838e-10
6.60115e-06
3.87675e-10
6.60115e-06
3.43936e-10
6.60115e-06
7.67017e-11
6.60115e-06
9.0644e-11
6.60115e-06
-3.36932e-10
6.60118e-06
-9.02077e-10
6.60122e-06
-1.36257e-09
6.60124e-06
-9.43241e-10
6.60125e-06
-4.78449e-10
6.60125e-06
-9.11271e-11
6.60125e-06
3.86324e-10
6.60127e-06
1.61536e-09
6.6013e-06
2.42737e-09
6.6013e-06
1.9969e-09
6.6013e-06
1.45483e-09
6.60128e-06
8.43375e-10
6.60127e-06
6.43929e-10
6.60125e-06
4.86696e-10
6.60124e-06
3.60584e-10
6.60123e-06
1.80571e-10
6.60123e-06
1.05425e-10
6.60122e-06
-1.36072e-11
6.60122e-06
-2.78304e-11
6.60121e-06
-8.10297e-11
6.60121e-06
-6.98294e-11
6.6012e-06
-1.07259e-10
6.6012e-06
-8.4702e-11
6.60119e-06
-1.15774e-10
6.60119e-06
-7.99731e-11
6.60118e-06
-9.94396e-11
6.60118e-06
-5.43811e-11
6.60118e-06
-7.62512e-11
6.60117e-06
-4.66373e-11
6.60116e-06
-5.70685e-11
6.60116e-06
-4.13396e-11
6.60116e-06
-5.31885e-11
6.60115e-06
-2.74106e-11
6.60115e-06
-3.88142e-11
6.60114e-06
-1.18565e-12
6.60114e-06
-1.50665e-11
6.60114e-06
2.88005e-11
6.60114e-06
1.1795e-11
6.60114e-06
5.13745e-11
6.60113e-06
1.86423e-11
6.60114e-06
3.4739e-11
6.60113e-06
6.38512e-12
6.60114e-06
1.04543e-11
6.60114e-06
-1.54684e-11
6.60114e-06
-6.85171e-12
6.60114e-06
-2.58666e-11
6.60114e-06
-1.31768e-11
6.60114e-06
-2.61146e-11
6.60115e-06
-1.1185e-11
6.60115e-06
-2.00849e-11
6.60115e-06
-5.1379e-12
6.60115e-06
-1.45988e-11
6.60115e-06
-6.47837e-14
6.60115e-06
-1.04669e-11
6.60115e-06
2.60717e-12
6.60115e-06
-7.56345e-12
6.60115e-06
4.43706e-12
6.60115e-06
-6.82939e-12
6.60115e-06
5.43807e-12
6.60115e-06
-6.93514e-12
6.60115e-06
5.82243e-12
6.60115e-06
-7.40863e-12
6.60116e-06
5.68191e-12
6.60115e-06
-8.9417e-12
6.60116e-06
1.87677e-12
6.60116e-06
-2.24961e-11
6.60116e-06
-5.86907e-11
6.60116e-06
-3.32077e-10
-1.33066e-09
6.61693e-06
-2.43633e-09
6.61697e-06
-1.70815e-09
6.617e-06
-2.12643e-10
6.61699e-06
2.21668e-10
6.61697e-06
1.08363e-10
6.61694e-06
-1.6021e-10
6.61691e-06
-3.91223e-11
6.61691e-06
1.01512e-09
6.61694e-06
1.79211e-09
6.61696e-06
1.44106e-09
6.61697e-06
8.19944e-10
6.61698e-06
4.20923e-10
6.61699e-06
1.21344e-10
6.61698e-06
-3.74122e-10
6.61697e-06
-7.4603e-10
6.61696e-06
-8.45552e-10
6.61695e-06
-9.47325e-10
6.61694e-06
-1.0444e-09
6.61697e-06
-1.61008e-09
6.617e-06
-1.91693e-09
6.61701e-06
-1.02314e-09
6.617e-06
-1.49486e-10
6.61699e-06
4.0741e-10
6.61698e-06
6.06619e-10
6.61698e-06
5.99939e-10
6.61697e-06
5.56178e-10
6.61697e-06
6.14841e-10
6.61697e-06
3.94068e-10
6.61697e-06
3.40545e-10
6.61697e-06
7.74678e-11
6.61697e-06
8.45561e-11
6.61698e-06
-3.40293e-10
6.61701e-06
-9.31399e-10
6.61704e-06
-1.39973e-09
6.61706e-06
-9.70122e-10
6.61707e-06
-4.89081e-10
6.61708e-06
-9.55867e-11
6.61708e-06
3.84473e-10
6.61709e-06
1.6e-09
6.61712e-06
2.39962e-09
6.61713e-06
1.98967e-09
6.61712e-06
1.46355e-09
6.6171e-06
8.56871e-10
6.61709e-06
6.56241e-10
6.61708e-06
5.02571e-10
6.61706e-06
3.72195e-10
6.61705e-06
1.91668e-10
6.61705e-06
1.11999e-10
6.61704e-06
-7.11347e-12
6.61704e-06
-2.36171e-11
6.61703e-06
-7.57084e-11
6.61703e-06
-6.60855e-11
6.61702e-06
-1.0186e-10
6.61702e-06
-8.06751e-11
6.61701e-06
-1.0983e-10
6.61701e-06
-7.54948e-11
6.617e-06
-9.24769e-11
6.617e-06
-4.87605e-11
6.61699e-06
-6.93658e-11
6.61698e-06
-4.08576e-11
6.61698e-06
-5.09805e-11
6.61697e-06
-3.62802e-11
6.61697e-06
-4.8186e-11
6.61696e-06
-2.3746e-11
6.61696e-06
-3.4405e-11
6.61696e-06
1.48058e-12
6.61695e-06
-1.13235e-11
6.61695e-06
3.03605e-11
6.61695e-06
1.48599e-11
6.61695e-06
5.22958e-11
6.61695e-06
2.0023e-11
6.61695e-06
3.42993e-11
6.61695e-06
6.3761e-12
6.61695e-06
8.86646e-12
6.61695e-06
-1.63501e-11
6.61695e-06
-8.88682e-12
6.61695e-06
-2.70805e-11
6.61695e-06
-1.50452e-11
6.61695e-06
-2.72605e-11
6.61696e-06
-1.25182e-11
6.61696e-06
-2.11119e-11
6.61696e-06
-6.23941e-12
6.61696e-06
-1.53347e-11
6.61696e-06
-9.68498e-13
6.61696e-06
-1.11076e-11
6.61696e-06
1.89472e-12
6.61696e-06
-8.2068e-12
6.61696e-06
3.70123e-12
6.61696e-06
-7.31691e-12
6.61696e-06
4.68464e-12
6.61696e-06
-7.25103e-12
6.61696e-06
5.07875e-12
6.61696e-06
-7.59677e-12
6.61697e-06
4.92307e-12
6.61697e-06
-8.97695e-12
6.61697e-06
1.19578e-12
6.61697e-06
-2.26217e-11
6.61697e-06
-6.11509e-11
6.61697e-06
-3.34886e-10
-1.3086e-09
6.62866e-06
-2.41963e-09
6.6287e-06
-1.74489e-09
6.62873e-06
-2.45366e-10
6.62873e-06
2.26466e-10
6.62871e-06
1.27978e-10
6.62867e-06
-1.24003e-10
6.62864e-06
-1.04387e-11
6.62864e-06
1.01158e-09
6.62867e-06
1.76294e-09
6.62869e-06
1.42237e-09
6.6287e-06
8.11973e-10
6.62871e-06
4.13196e-10
6.62872e-06
1.12676e-10
6.62871e-06
-3.71027e-10
6.6287e-06
-7.34522e-10
6.62869e-06
-8.3643e-10
6.62868e-06
-9.36053e-10
6.62868e-06
-1.03893e-09
6.6287e-06
-1.63105e-09
6.62873e-06
-1.94721e-09
6.62874e-06
-1.03334e-09
6.62873e-06
-1.40193e-10
6.62873e-06
4.13925e-10
6.62871e-06
6.18368e-10
6.62871e-06
6.01938e-10
6.62871e-06
5.61676e-10
6.62871e-06
6.15955e-10
6.6287e-06
4.0042e-10
6.62871e-06
3.35547e-10
6.62871e-06
7.9001e-11
6.62871e-06
7.67157e-11
6.62872e-06
-3.42773e-10
6.62875e-06
-9.61907e-10
6.62878e-06
-1.43706e-09
6.62881e-06
-9.97171e-10
6.62882e-06
-4.99108e-10
6.62882e-06
-1.00031e-10
6.62882e-06
3.81763e-10
6.62884e-06
1.5855e-09
6.62886e-06
2.37363e-09
6.62887e-06
1.98327e-09
6.62886e-06
1.47138e-09
6.62885e-06
8.70552e-10
6.62884e-06
6.68173e-10
6.62882e-06
5.18949e-10
6.62881e-06
3.83928e-10
6.62879e-06
2.03405e-10
6.62879e-06
1.18563e-10
6.62878e-06
6.43338e-14
6.62878e-06
-1.91397e-11
6.62877e-06
-6.95781e-11
6.62877e-06
-6.19026e-11
6.62876e-06
-9.55259e-11
6.62876e-06
-7.61211e-11
6.62875e-06
-1.02884e-10
6.62874e-06
-7.0551e-11
6.62873e-06
-8.4712e-11
6.62873e-06
-4.29553e-11
6.62872e-06
-6.17731e-11
6.62872e-06
-3.49083e-11
6.62871e-06
-4.41728e-11
6.6287e-06
-3.11875e-11
6.6287e-06
-4.22266e-11
6.62869e-06
-1.99696e-11
6.62869e-06
-2.95244e-11
6.62869e-06
4.05687e-12
6.62868e-06
-7.3189e-12
6.62868e-06
3.15733e-11
6.62868e-06
1.79342e-11
6.62868e-06
5.26495e-11
6.62868e-06
2.14014e-11
6.62868e-06
3.37517e-11
6.62868e-06
6.24176e-12
6.62868e-06
7.43284e-12
6.62868e-06
-1.72252e-11
6.62868e-06
-1.07576e-11
6.62868e-06
-2.81314e-11
6.62868e-06
-1.69961e-11
6.62869e-06
-2.79173e-11
6.62869e-06
-1.42829e-11
6.62869e-06
-2.13721e-11
6.62869e-06
-7.83643e-12
6.62869e-06
-1.53708e-11
6.62869e-06
-2.44844e-12
6.62869e-06
-1.09512e-11
6.62869e-06
5.50853e-13
6.62869e-06
-8.03903e-12
6.62869e-06
2.39661e-12
6.62869e-06
-7.12362e-12
6.62869e-06
3.50831e-12
6.62869e-06
-7.09099e-12
6.6287e-06
4.01849e-12
6.6287e-06
-7.43339e-12
6.6287e-06
3.96736e-12
6.6287e-06
-8.78496e-12
6.6287e-06
3.41321e-13
6.6287e-06
-2.25055e-11
6.6287e-06
-6.34747e-11
6.6287e-06
-3.36962e-10
-1.28644e-09
6.63642e-06
-2.40174e-09
6.63645e-06
-1.784e-09
6.63648e-06
-2.76633e-10
6.63648e-06
2.31951e-10
6.63646e-06
1.47726e-10
6.63642e-06
-8.78543e-11
6.6364e-06
1.84064e-11
6.6364e-06
1.00765e-09
6.63643e-06
1.73512e-09
6.63645e-06
1.40359e-09
6.63645e-06
8.03548e-10
6.63646e-06
4.05398e-10
6.63647e-06
1.03992e-10
6.63647e-06
-3.67706e-10
6.63646e-06
-7.23153e-10
6.63645e-06
-8.27427e-10
6.63644e-06
-9.24347e-10
6.63643e-06
-1.03358e-09
6.63645e-06
-1.65141e-09
6.63649e-06
-1.9791e-09
6.6365e-06
-1.04324e-09
6.63649e-06
-1.31175e-10
6.63648e-06
4.21156e-10
6.63647e-06
6.29511e-10
6.63647e-06
6.04692e-10
6.63646e-06
5.6601e-10
6.63646e-06
6.17967e-10
6.63646e-06
4.0522e-10
6.63647e-06
3.31215e-10
6.63646e-06
7.79184e-11
6.63647e-06
6.94249e-11
6.63647e-06
-3.46969e-10
6.63651e-06
-9.92546e-10
6.63654e-06
-1.47705e-09
6.63657e-06
-1.02488e-09
6.63658e-06
-5.09917e-10
6.63658e-06
-1.0499e-10
6.63659e-06
3.77877e-10
6.6366e-06
1.57104e-09
6.63662e-06
2.34873e-09
6.63663e-06
1.97595e-09
6.63662e-06
1.47983e-09
6.63661e-06
8.83603e-10
6.6366e-06
6.80551e-10
6.63658e-06
5.35072e-10
6.63657e-06
3.96323e-10
6.63656e-06
2.15158e-10
6.63655e-06
1.25908e-10
6.63654e-06
7.21007e-12
6.63654e-06
-1.39944e-11
6.63653e-06
-6.33927e-11
6.63653e-06
-5.69306e-11
6.63652e-06
-8.89773e-11
6.63651e-06
-7.06061e-11
6.63651e-06
-9.56523e-11
6.6365e-06
-6.46074e-11
6.63649e-06
-7.66163e-11
6.63649e-06
-3.61293e-11
6.63648e-06
-5.39314e-11
6.63647e-06
-2.81747e-11
6.63646e-06
-3.73581e-11
6.63646e-06
-2.53837e-11
6.63645e-06
-3.67235e-11
6.63645e-06
-1.58062e-11
6.63644e-06
-2.49494e-11
6.63644e-06
6.9061e-12
6.63644e-06
-3.7686e-12
6.63643e-06
3.30213e-11
6.63643e-06
2.06085e-11
6.63643e-06
5.33955e-11
6.63643e-06
2.25724e-11
6.63643e-06
3.33592e-11
6.63643e-06
6.28264e-12
6.63643e-06
6.12491e-12
6.63643e-06
-1.78482e-11
6.63644e-06
-1.24183e-11
6.63644e-06
-2.90816e-11
6.63644e-06
-1.85429e-11
6.63644e-06
-2.88994e-11
6.63644e-06
-1.54248e-11
6.63644e-06
-2.23637e-11
6.63644e-06
-8.82946e-12
6.63644e-06
-1.61268e-11
6.63644e-06
-3.28935e-12
6.63644e-06
-1.16328e-11
6.63644e-06
-1.21301e-13
6.63645e-06
-8.74144e-12
6.63645e-06
1.70947e-12
6.63645e-06
-7.66622e-12
6.63645e-06
2.80266e-12
6.63645e-06
-7.45544e-12
6.63645e-06
3.33024e-12
6.63645e-06
-7.66382e-12
6.63645e-06
3.27724e-12
6.63645e-06
-8.84375e-12
6.63645e-06
-2.6246e-13
6.63645e-06
-2.26513e-11
6.63645e-06
-6.55656e-11
6.63645e-06
-3.37919e-10
-1.26496e-09
6.64026e-06
-2.38956e-09
6.6403e-06
-1.82217e-09
6.64033e-06
-3.06653e-10
6.64032e-06
2.37481e-10
6.6403e-06
1.66921e-10
6.64027e-06
-5.23872e-11
6.64024e-06
4.59012e-11
6.64024e-06
1.00493e-09
6.64027e-06
1.70874e-09
6.64029e-06
1.38563e-09
6.6403e-06
7.95481e-10
6.6403e-06
3.97533e-10
6.64031e-06
9.58813e-11
6.64031e-06
-3.65029e-10
6.6403e-06
-7.12775e-10
6.64029e-06
-8.18727e-10
6.64028e-06
-9.13548e-10
6.64027e-06
-1.02743e-09
6.64029e-06
-1.67245e-09
6.64033e-06
-2.01169e-09
6.64034e-06
-1.05332e-09
6.64033e-06
-1.2144e-10
6.64032e-06
4.27681e-10
6.64031e-06
6.40962e-10
6.64031e-06
6.06522e-10
6.64031e-06
5.70344e-10
6.64031e-06
6.18479e-10
6.6403e-06
4.10252e-10
6.64031e-06
3.25704e-10
6.64031e-06
7.76895e-11
6.64032e-06
6.06893e-11
6.64032e-06
-3.50075e-10
6.64035e-06
-1.02428e-09
6.64039e-06
-1.51753e-09
6.64042e-06
-1.05279e-09
6.64043e-06
-5.20002e-10
6.64043e-06
-1.09745e-10
6.64044e-06
3.73428e-10
6.64045e-06
1.55738e-09
6.64047e-06
2.32498e-09
6.64048e-06
1.96895e-09
6.64047e-06
1.48736e-09
6.64046e-06
8.9672e-10
6.64045e-06
6.92394e-10
6.64043e-06
5.51446e-10
6.64042e-06
4.0871e-10
6.6404e-06
2.27358e-10
6.6404e-06
1.32996e-10
6.64039e-06
1.47075e-11
6.64039e-06
-8.83308e-12
6.64038e-06
-5.66542e-11
6.64037e-06
-5.17317e-11
6.64037e-06
-8.17379e-11
6.64036e-06
-6.47792e-11
6.64035e-06
-8.76744e-11
6.64035e-06
-5.84228e-11
6.64034e-06
-6.79923e-11
6.64033e-06
-2.93467e-11
6.64032e-06
-4.5655e-11
6.64032e-06
-2.14909e-11
6.64031e-06
-3.00518e-11
6.6403e-06
-1.97294e-11
6.6403e-06
-3.04398e-11
6.64029e-06
-1.16508e-11
6.64029e-06
-2.00462e-11
6.64028e-06
9.57225e-12
6.64028e-06
-6.38193e-14
6.64028e-06
3.40778e-11
6.64028e-06
2.32273e-11
6.64028e-06
5.35763e-11
6.64028e-06
2.3722e-11
6.64028e-06
3.29019e-11
6.64028e-06
6.21782e-12
6.64028e-06
5.03185e-12
6.64028e-06
-1.84375e-11
6.64028e-06
-1.38713e-11
6.64028e-06
-2.9857e-11
6.64028e-06
-2.01448e-11
6.64028e-06
-2.93978e-11
6.64028e-06
-1.69927e-11
6.64028e-06
-2.2594e-11
6.64029e-06
-1.02936e-11
6.64029e-06
-1.6195e-11
6.64029e-06
-4.68985e-12
6.64029e-06
-1.15228e-11
6.64029e-06
-1.41351e-12
6.64029e-06
-8.63427e-12
6.64029e-06
4.80572e-13
6.64029e-06
-7.52895e-12
6.64029e-06
1.70071e-12
6.64029e-06
-7.3459e-12
6.64029e-06
2.34889e-12
6.64029e-06
-7.54453e-12
6.64029e-06
2.41848e-12
6.64029e-06
-8.68032e-12
6.64029e-06
-1.0239e-12
6.64029e-06
-2.2565e-11
6.6403e-06
-6.74717e-11
6.6403e-06
-3.38181e-10
-1.24278e-09
6.64023e-06
-2.37561e-09
6.64027e-06
-1.86281e-09
6.6403e-06
-3.35345e-10
6.64029e-06
2.43944e-10
6.64027e-06
1.86453e-10
6.64023e-06
-1.67404e-11
6.64021e-06
7.36599e-11
6.64021e-06
1.00167e-09
6.64024e-06
1.68333e-09
6.64025e-06
1.36749e-09
6.64026e-06
7.86921e-10
6.64027e-06
3.89585e-10
6.64028e-06
8.77603e-11
6.64027e-06
-3.62006e-10
6.64027e-06
-7.02233e-10
6.64026e-06
-8.09804e-10
6.64025e-06
-9.01997e-10
6.64024e-06
-1.02101e-09
6.64026e-06
-1.69289e-09
6.6403e-06
-2.04592e-09
6.64031e-06
-1.06288e-09
6.6403e-06
-1.11483e-10
6.64029e-06
4.35182e-10
6.64028e-06
6.52284e-10
6.64028e-06
6.09386e-10
6.64027e-06
5.7383e-10
6.64027e-06
6.20047e-10
6.64027e-06
4.14103e-10
6.64028e-06
3.21007e-10
6.64028e-06
7.53164e-11
6.64029e-06
5.25192e-11
6.64029e-06
-3.54569e-10
6.64032e-06
-1.05619e-09
6.64036e-06
-1.56065e-09
6.64039e-06
-1.0813e-09
6.6404e-06
-5.30754e-10
6.6404e-06
-1.14964e-10
6.64041e-06
3.67766e-10
6.64042e-06
1.54358e-09
6.64044e-06
2.30211e-09
6.64045e-06
1.96097e-09
6.64044e-06
1.49535e-09
6.64043e-06
9.09143e-10
6.64042e-06
7.04394e-10
6.6404e-06
5.67312e-10
6.64039e-06
4.21439e-10
6.64038e-06
2.39294e-10
6.64037e-06
1.40513e-10
6.64036e-06
2.19803e-11
6.64036e-06
-3.28202e-12
6.64035e-06
-5.00868e-11
6.64034e-06
-4.60165e-11
6.64034e-06
-7.45019e-11
6.64033e-06
-5.82635e-11
6.64032e-06
-7.96332e-11
6.64031e-06
-5.15188e-11
6.64031e-06
-5.9263e-11
6.6403e-06
-2.18436e-11
6.64029e-06
-3.73091e-11
6.64028e-06
-1.42552e-11
6.64028e-06
-2.29118e-11
6.64027e-06
-1.35477e-11
6.64027e-06
-2.47528e-11
6.64026e-06
-7.27526e-12
6.64026e-06
-1.55434e-11
6.64025e-06
1.23849e-11
6.64025e-06
3.13006e-12
6.64025e-06
3.52758e-11
6.64025e-06
2.54261e-11
6.64025e-06
5.40684e-11
6.64025e-06
2.47049e-11
6.64025e-06
3.25736e-11
6.64025e-06
6.3581e-12
6.64025e-06
4.05957e-12
6.64025e-06
-1.87384e-11
6.64025e-06
-1.51063e-11
6.64025e-06
-3.049e-11
6.64025e-06
-2.13343e-11
6.64025e-06
-3.01838e-11
6.64025e-06
-1.79207e-11
6.64025e-06
-2.35212e-11
6.64025e-06
-1.1156e-11
6.64025e-06
-1.69484e-11
6.64025e-06
-5.4431e-12
6.64026e-06
-1.22189e-11
6.64026e-06
-2.02076e-12
6.64026e-06
-9.36335e-12
6.64026e-06
-1.30714e-13
6.64026e-06
-8.09927e-12
6.64026e-06
1.06519e-12
6.64026e-06
-7.73366e-12
6.64026e-06
1.73438e-12
6.64026e-06
-7.79415e-12
6.64026e-06
1.81296e-12
6.64026e-06
-8.74397e-12
6.64026e-06
-1.53909e-12
6.64026e-06
-2.27098e-11
6.64026e-06
-6.91633e-11
6.64026e-06
-3.37504e-10
-1.22101e-09
6.63632e-06
-2.36663e-09
6.63636e-06
-1.90272e-09
6.63639e-06
-3.62875e-10
6.63638e-06
2.51403e-10
6.63636e-06
2.06163e-10
6.63633e-06
1.83595e-11
6.6363e-06
9.98104e-11
6.6363e-06
9.98915e-10
6.63633e-06
1.65904e-09
6.63634e-06
1.35016e-09
6.63635e-06
7.78535e-10
6.63636e-06
3.81493e-10
6.63637e-06
8.00416e-11
6.63637e-06
-3.59537e-10
6.63636e-06
-6.92076e-10
6.63635e-06
-8.00534e-10
6.63634e-06
-8.90879e-10
6.63633e-06
-1.01367e-09
6.63635e-06
-1.7141e-09
6.63639e-06
-2.08097e-09
6.6364e-06
-1.07234e-09
6.63639e-06
-1.00322e-10
6.63638e-06
4.42598e-10
6.63637e-06
6.64372e-10
6.63636e-06
6.11603e-10
6.63636e-06
5.77416e-10
6.63636e-06
6.20379e-10
6.63636e-06
4.18258e-10
6.63637e-06
3.15313e-10
6.63637e-06
7.39777e-11
6.63638e-06
4.32424e-11
6.63638e-06
-3.57942e-10
6.63641e-06
-1.08916e-09
6.63645e-06
-1.60409e-09
6.63648e-06
-1.10974e-09
6.63649e-06
-5.40785e-10
6.63649e-06
-1.20087e-10
6.6365e-06
3.61105e-10
6.63651e-06
1.53025e-09
6.63653e-06
2.28076e-09
6.63654e-06
1.95365e-09
6.63653e-06
1.50238e-09
6.63652e-06
9.21295e-10
6.63651e-06
7.15529e-10
6.6365e-06
5.83091e-10
6.63648e-06
4.33746e-10
6.63647e-06
2.51207e-10
6.63646e-06
1.47534e-10
6.63646e-06
2.94097e-11
6.63645e-06
2.0806e-12
6.63644e-06
-4.32267e-11
6.63644e-06
-4.03142e-11
6.63643e-06
-6.68367e-11
6.63642e-06
-5.16739e-11
6.63642e-06
-7.11064e-11
6.63641e-06
-4.46006e-11
6.6364e-06
-5.02548e-11
6.63639e-06
-1.45948e-11
6.63638e-06
-2.87634e-11
6.63638e-06
-7.25477e-12
6.63637e-06
-1.54802e-11
6.63636e-06
-7.69297e-12
6.63636e-06
-1.84393e-11
6.63635e-06
-3.0275e-12
6.63635e-06
-1.08435e-11
6.63635e-06
1.49286e-11
6.63634e-06
6.38178e-12
6.63634e-06
3.60375e-11
6.63634e-06
2.75069e-11
6.63634e-06
5.39887e-11
6.63634e-06
2.56439e-11
6.63634e-06
3.21812e-11
6.63634e-06
6.39104e-12
6.63634e-06
3.30907e-12
6.63634e-06
-1.90117e-11
6.63634e-06
-1.60982e-11
6.63634e-06
-3.09535e-11
6.63634e-06
-2.25697e-11
6.63634e-06
-3.04956e-11
6.63634e-06
-1.92535e-11
6.63635e-06
-2.36776e-11
6.63635e-06
-1.2488e-11
6.63635e-06
-1.70091e-11
6.63635e-06
-6.74711e-12
6.63635e-06
-1.21288e-11
6.63635e-06
-3.21923e-12
6.63635e-06
-9.27708e-12
6.63635e-06
-1.28056e-12
6.63635e-06
-7.98335e-12
6.63635e-06
4.99682e-14
6.63635e-06
-7.64516e-12
6.63635e-06
8.43779e-13
6.63635e-06
-7.68977e-12
6.63635e-06
1.04883e-12
6.63635e-06
-8.59155e-12
6.63635e-06
-2.18911e-12
6.63635e-06
-2.25949e-11
6.63636e-06
-7.06897e-11
6.63635e-06
-3.36424e-10
-1.19819e-09
6.62851e-06
-2.35531e-09
6.62855e-06
-1.94519e-09
6.62857e-06
-3.89143e-10
6.62856e-06
2.60071e-10
6.62854e-06
2.26426e-10
6.62851e-06
5.3869e-11
6.62848e-06
1.26316e-10
6.62849e-06
9.95444e-10
6.62851e-06
1.63536e-09
6.62853e-06
1.33255e-09
6.62854e-06
7.69602e-10
6.62854e-06
3.73301e-10
6.62855e-06
7.2317e-11
6.62855e-06
-3.56612e-10
6.62854e-06
-6.81468e-10
6.62853e-06
-7.90679e-10
6.62852e-06
-8.78653e-10
6.62851e-06
-1.00562e-09
6.62853e-06
-1.73468e-09
6.62857e-06
-2.11771e-09
6.62858e-06
-1.08103e-09
6.62857e-06
-8.84286e-11
6.62856e-06
4.51226e-10
6.62855e-06
6.76759e-10
6.62854e-06
6.15083e-10
6.62854e-06
5.80411e-10
6.62854e-06
6.21906e-10
6.62854e-06
4.21582e-10
6.62854e-06
3.10584e-10
6.62855e-06
7.09759e-11
6.62856e-06
3.45691e-11
6.62856e-06
-3.62349e-10
6.62859e-06
-1.12236e-09
6.62864e-06
-1.65019e-09
6.62866e-06
-1.13873e-09
6.62867e-06
-5.51357e-10
6.62868e-06
-1.25614e-10
6.62868e-06
3.53187e-10
6.6287e-06
1.51664e-09
6.62872e-06
2.26013e-09
6.62872e-06
1.94529e-09
6.62872e-06
1.50967e-09
6.62871e-06
9.32673e-10
6.6287e-06
7.26525e-10
6.62868e-06
5.98104e-10
6.62867e-06
4.46072e-10
6.62866e-06
2.62572e-10
6.62865e-06
1.54629e-10
6.62864e-06
3.6417e-11
6.62864e-06
7.553e-12
6.62863e-06
-3.67645e-11
6.62862e-06
-3.43617e-11
6.62862e-06
-5.93889e-11
6.62861e-06
-4.46583e-11
6.6286e-06
-6.27332e-11
6.62859e-06
-3.72378e-11
6.62858e-06
-4.13621e-11
6.62858e-06
-6.92262e-12
6.62857e-06
-2.03287e-11
6.62856e-06
6.63588e-14
6.62856e-06
-8.3943e-12
6.62855e-06
-1.49159e-12
6.62854e-06
-1.28637e-11
6.62854e-06
1.28293e-12
6.62853e-06
-6.63217e-12
6.62853e-06
1.7506e-11
6.62853e-06
9.07397e-12
6.62853e-06
3.68531e-11
6.62853e-06
2.91462e-11
6.62853e-06
5.41326e-11
6.62853e-06
2.64429e-11
6.62853e-06
3.1877e-11
6.62853e-06
6.64222e-12
6.62853e-06
2.65951e-12
6.62853e-06
-1.89726e-11
6.62853e-06
-1.68713e-11
6.62853e-06
-3.12389e-11
6.62853e-06
-2.33836e-11
6.62853e-06
-3.10611e-11
6.62853e-06
-1.9923e-11
6.62853e-06
-2.44994e-11
6.62853e-06
-1.32124e-11
6.62853e-06
-1.77248e-11
6.62853e-06
-7.3898e-12
6.62853e-06
-1.28195e-11
6.62853e-06
-3.71379e-12
6.62853e-06
-9.99988e-12
6.62853e-06
-1.80719e-12
6.62854e-06
-8.55256e-12
6.62854e-06
-4.9879e-13
6.62854e-06
-8.03181e-12
6.62854e-06
3.17704e-13
6.62854e-06
-7.93351e-12
6.62854e-06
5.27469e-13
6.62854e-06
-8.64674e-12
6.62854e-06
-2.59671e-12
6.62854e-06
-2.26844e-11
6.62854e-06
-7.20242e-11
6.62854e-06
-3.34572e-10
-1.17551e-09
6.61672e-06
-2.34835e-09
6.61676e-06
-1.98711e-09
6.61678e-06
-4.14447e-10
6.61677e-06
2.69565e-10
6.61675e-06
2.46708e-10
6.61672e-06
8.9104e-11
6.61669e-06
1.51665e-10
6.6167e-06
9.92516e-10
6.61672e-06
1.61248e-09
6.61674e-06
1.31553e-09
6.61674e-06
7.60858e-10
6.61675e-06
3.65027e-10
6.61676e-06
6.50721e-11
6.61676e-06
-3.54001e-10
6.61675e-06
-6.71105e-10
6.61674e-06
-7.8038e-10
6.61672e-06
-8.66492e-10
6.61671e-06
-9.96166e-10
6.61674e-06
-1.75576e-09
6.61678e-06
-2.15542e-09
6.61678e-06
-1.08936e-09
6.61677e-06
-7.49986e-11
6.61676e-06
4.59958e-10
6.61675e-06
6.90169e-10
6.61675e-06
6.18284e-10
6.61674e-06
5.83737e-10
6.61674e-06
6.22509e-10
6.61674e-06
4.25456e-10
6.61675e-06
3.05253e-10
6.61675e-06
6.9185e-11
6.61676e-06
2.50515e-11
6.61676e-06
-3.65325e-10
6.61679e-06
-1.15649e-09
6.61684e-06
-1.69693e-09
6.61687e-06
-1.16767e-09
6.61688e-06
-5.61078e-10
6.61688e-06
-1.30886e-10
6.61689e-06
3.44471e-10
6.6169e-06
1.50346e-09
6.61692e-06
2.24052e-09
6.61693e-06
1.93709e-09
6.61692e-06
1.51597e-09
6.61691e-06
9.43713e-10
6.6169e-06
7.36503e-10
6.61689e-06
6.12768e-10
6.61688e-06
4.57827e-10
6.61686e-06
2.737e-10
6.61686e-06
1.60931e-10
6.61685e-06
4.32597e-11
6.61685e-06
1.25826e-11
6.61684e-06
-3.02578e-11
6.61683e-06
-2.86282e-11
6.61683e-06
-5.17452e-11
6.61682e-06
-3.77786e-11
6.61681e-06
-5.41218e-11
6.6168e-06
-3.00798e-11
6.61679e-06
-3.24522e-11
6.61679e-06
2.56752e-13
6.61678e-06
-1.19396e-11
6.61677e-06
6.92955e-12
6.61677e-06
-1.23927e-12
6.61676e-06
4.1829e-12
6.61675e-06
-6.8228e-12
6.61675e-06
5.35201e-12
6.61675e-06
-2.34632e-12
6.61674e-06
1.97426e-11
6.61674e-06
1.17427e-11
6.61674e-06
3.72033e-11
6.61674e-06
3.06125e-11
6.61674e-06
5.36806e-11
6.61674e-06
2.71743e-11
6.61674e-06
3.15266e-11
6.61674e-06
6.76352e-12
6.61674e-06
2.2654e-12
6.61674e-06
-1.89153e-11
6.61674e-06
-1.73728e-11
6.61674e-06
-3.13547e-11
6.61674e-06
-2.4226e-11
6.61674e-06
-3.11466e-11
6.61674e-06
-2.10091e-11
6.61674e-06
-2.45329e-11
6.61674e-06
-1.43993e-11
6.61674e-06
-1.77398e-11
6.61674e-06
-8.59161e-12
6.61674e-06
-1.27104e-11
6.61674e-06
-4.81759e-12
6.61675e-06
-9.8912e-12
6.61675e-06
-2.87251e-12
6.61675e-06
-8.42302e-12
6.61675e-06
-1.41963e-12
6.61675e-06
-7.93642e-12
6.61675e-06
-4.75054e-13
6.61675e-06
-7.82094e-12
6.61675e-06
-1.32222e-13
6.61675e-06
-8.49068e-12
6.61675e-06
-3.13129e-12
6.61675e-06
-2.25236e-11
6.61675e-06
-7.31416e-11
6.61675e-06
-3.32317e-10
-1.15106e-09
6.60085e-06
-2.33869e-09
6.60089e-06
-2.03182e-09
6.60092e-06
-4.38453e-10
6.60091e-06
2.80334e-10
6.60089e-06
2.67523e-10
6.60085e-06
1.24874e-10
6.60083e-06
1.77441e-10
6.60083e-06
9.88869e-10
6.60085e-06
1.58993e-09
6.60087e-06
1.29812e-09
6.60088e-06
7.516e-10
6.60089e-06
3.56678e-10
6.60089e-06
5.7909e-11
6.60089e-06
-3.50761e-10
6.60088e-06
-6.60082e-10
6.60087e-06
-7.69267e-10
6.60086e-06
-8.52981e-10
6.60084e-06
-9.85536e-10
6.60087e-06
-1.7761e-09
6.60091e-06
-2.19487e-09
6.60092e-06
-1.0967e-09
6.6009e-06
-6.04242e-11
6.60089e-06
4.70005e-10
6.60088e-06
7.04144e-10
6.60087e-06
6.22886e-10
6.60087e-06
5.86748e-10
6.60087e-06
6.24447e-10
6.60087e-06
4.28882e-10
6.60087e-06
3.01083e-10
6.60088e-06
6.61482e-11
6.60088e-06
1.62311e-11
6.60089e-06
-3.68865e-10
6.60092e-06
-1.19081e-09
6.60097e-06
-1.74642e-09
6.601e-06
-1.19713e-09
6.601e-06
-5.71159e-10
6.60101e-06
-1.36463e-10
6.60102e-06
3.34565e-10
6.60103e-06
1.48999e-09
6.60105e-06
2.22136e-09
6.60106e-06
1.92765e-09
6.60105e-06
1.52239e-09
6.60104e-06
9.539e-10
6.60103e-06
7.46097e-10
6.60102e-06
6.26463e-10
6.60101e-06
4.69365e-10
6.601e-06
2.84092e-10
6.60099e-06
1.66993e-10
6.60098e-06
4.94648e-11
6.60098e-06
1.7475e-11
6.60097e-06
-2.43202e-11
6.60097e-06
-2.28566e-11
6.60096e-06
-4.44813e-11
6.60095e-06
-3.06977e-11
6.60095e-06
-4.58482e-11
6.60094e-06
-2.27318e-11
6.60093e-06
-2.38661e-11
6.60092e-06
7.58509e-12
6.60091e-06
-3.85447e-12
6.60091e-06
1.3875e-11
6.6009e-06
5.38154e-12
6.6009e-06
1.00335e-11
6.60089e-06
-1.67221e-12
6.60089e-06
9.32882e-12
6.60088e-06
1.37448e-12
6.60088e-06
2.19083e-11
6.60088e-06
1.38177e-11
6.60088e-06
3.7527e-11
6.60088e-06
3.16208e-11
6.60088e-06
5.33733e-11
6.60088e-06
2.77635e-11
6.60088e-06
3.12008e-11
6.60088e-06
7.10374e-12
6.60088e-06
1.93021e-12
6.60088e-06
-1.85207e-11
6.60088e-06
-1.76762e-11
6.60088e-06
-3.12505e-11
6.60088e-06
-2.46273e-11
6.60088e-06
-3.1444e-11
6.60088e-06
-2.13887e-11
6.60088e-06
-2.52087e-11
6.60088e-06
-1.49432e-11
6.60088e-06
-1.83852e-11
6.60088e-06
-9.09249e-12
6.60088e-06
-1.33619e-11
6.60088e-06
-5.18176e-12
6.60088e-06
-1.05775e-11
6.60088e-06
-3.28327e-12
6.60088e-06
-8.96583e-12
6.60088e-06
-1.86177e-12
6.60088e-06
-8.29913e-12
6.60088e-06
-8.99279e-13
6.60088e-06
-8.04046e-12
6.60088e-06
-5.56164e-13
6.60088e-06
-8.52061e-12
6.60089e-06
-3.43094e-12
6.60088e-06
-2.25543e-11
6.60089e-06
-7.40674e-11
6.60088e-06
-3.29322e-10
-1.12658e-09
6.58077e-06
-2.33308e-09
6.58082e-06
-2.07632e-09
6.58084e-06
-4.61604e-10
6.58083e-06
2.9207e-10
6.58081e-06
2.88385e-10
6.58077e-06
1.60493e-10
6.58075e-06
2.02166e-10
6.58075e-06
9.85597e-10
6.58077e-06
1.56791e-09
6.58079e-06
1.28118e-09
6.5808e-06
7.42518e-10
6.58081e-06
3.48288e-10
6.58081e-06
5.12767e-11
6.58081e-06
-3.47603e-10
6.5808e-06
-6.49015e-10
6.58079e-06
-7.57454e-10
6.58077e-06
-8.39196e-10
6.58076e-06
-9.73126e-10
6.58078e-06
-1.79677e-09
6.58083e-06
-2.23552e-09
6.58083e-06
-1.10346e-09
6.58082e-06
-4.40302e-11
6.58081e-06
4.80368e-10
6.58079e-06
7.19324e-10
6.58079e-06
6.27411e-10
6.58078e-06
5.90247e-10
6.58078e-06
6.25712e-10
6.58078e-06
4.33033e-10
6.58079e-06
2.96621e-10
6.58079e-06
6.44665e-11
6.5808e-06
6.91897e-12
6.5808e-06
-3.70649e-10
6.58083e-06
-1.22593e-09
6.58088e-06
-1.79674e-09
6.58091e-06
-1.22646e-09
6.58092e-06
-5.80271e-10
6.58092e-06
-1.41701e-10
6.58093e-06
3.23873e-10
6.58095e-06
1.47694e-09
6.58096e-06
2.20305e-09
6.58097e-06
1.91813e-09
6.58097e-06
1.5278e-09
6.58096e-06
9.63581e-10
6.58095e-06
7.54497e-10
6.58094e-06
6.39579e-10
6.58093e-06
4.80157e-10
6.58092e-06
2.94032e-10
6.58091e-06
1.72058e-10
6.58091e-06
5.52713e-11
6.5809e-06
2.17591e-11
6.58089e-06
-1.85001e-11
6.58089e-06
-1.7442e-11
6.58088e-06
-3.71854e-11
6.58088e-06
-2.39141e-11
6.58087e-06
-3.75321e-11
6.58086e-06
-1.57712e-11
6.58085e-06
-1.54838e-11
6.58084e-06
1.42246e-11
6.58084e-06
3.94555e-12
6.58083e-06
2.01515e-11
6.58083e-06
1.18622e-11
6.58082e-06
1.51579e-11
6.58081e-06
3.79213e-12
6.58081e-06
1.29491e-11
6.58081e-06
5.05933e-12
6.58081e-06
2.36648e-11
6.5808e-06
1.58006e-11
6.5808e-06
3.73576e-11
6.5808e-06
3.2406e-11
6.5808e-06
5.24517e-11
6.5808e-06
2.82282e-11
6.5808e-06
3.0818e-11
6.5808e-06
7.27123e-12
6.5808e-06
1.85425e-12
6.5808e-06
-1.81314e-11
6.5808e-06
-1.76919e-11
6.5808e-06
-3.09802e-11
6.5808e-06
-2.50432e-11
6.5808e-06
-3.12452e-11
6.5808e-06
-2.21896e-11
6.5808e-06
-2.5066e-11
6.5808e-06
-1.59435e-11
6.5808e-06
-1.83064e-11
6.5808e-06
-1.01606e-11
6.58081e-06
-1.31887e-11
6.58081e-06
-6.16992e-12
6.58081e-06
-1.0408e-11
6.58081e-06
-4.23815e-12
6.58081e-06
-8.78825e-12
6.58081e-06
-2.67213e-12
6.58081e-06
-8.16711e-12
6.58081e-06
-1.58439e-12
6.58081e-06
-7.89613e-12
6.58081e-06
-1.10499e-12
6.58081e-06
-8.33959e-12
6.58081e-06
-3.85133e-12
6.58081e-06
-2.23366e-11
6.58081e-06
-7.47434e-11
6.58081e-06
-3.25953e-10
-1.09978e-09
6.55631e-06
-2.32453e-09
6.55636e-06
-2.12405e-09
6.55638e-06
-4.83469e-10
6.55637e-06
3.0519e-10
6.55634e-06
3.09771e-10
6.55631e-06
1.96742e-10
6.55628e-06
2.27308e-10
6.55629e-06
9.81505e-10
6.55631e-06
1.54596e-09
6.55633e-06
1.26376e-09
6.55634e-06
7.32935e-10
6.55634e-06
3.39859e-10
6.55635e-06
4.48249e-11
6.55635e-06
-3.43618e-10
6.55633e-06
-6.37004e-10
6.55632e-06
-7.44522e-10
6.55631e-06
-8.238e-10
6.55629e-06
-9.5912e-10
6.55631e-06
-1.81664e-09
6.55636e-06
-2.27809e-09
6.55636e-06
-1.10909e-09
6.55635e-06
-2.61478e-11
6.55634e-06
4.92077e-10
6.55632e-06
7.35267e-10
6.55631e-06
6.33401e-10
6.55631e-06
5.93613e-10
6.55631e-06
6.28419e-10
6.55631e-06
4.3707e-10
6.55631e-06
2.93503e-10
6.55632e-06
6.19684e-11
6.55632e-06
-1.57167e-12
6.55632e-06
-3.72511e-10
6.55636e-06
-1.2612e-09
6.55641e-06
-1.8499e-09
6.55644e-06
-1.25628e-09
6.55644e-06
-5.89593e-10
6.55645e-06
-1.47178e-10
6.55646e-06
3.1198e-10
6.55647e-06
1.46362e-09
6.55649e-06
2.18508e-09
6.5565e-06
1.90727e-09
6.55649e-06
1.53323e-09
6.55649e-06
9.72356e-10
6.55648e-06
7.62302e-10
6.55647e-06
6.51559e-10
6.55646e-06
4.90538e-10
6.55645e-06
3.0309e-10
6.55644e-06
1.76657e-10
6.55644e-06
6.03319e-11
6.55643e-06
2.57623e-11
6.55643e-06
-1.33336e-11
6.55642e-06
-1.21108e-11
6.55642e-06
-3.03625e-11
6.55641e-06
-1.70844e-11
6.5564e-06
-2.96872e-11
6.55639e-06
-8.822e-12
6.55639e-06
-7.59103e-12
6.55638e-06
2.07802e-11
6.55637e-06
1.12823e-11
6.55637e-06
2.63005e-11
6.55636e-06
1.76292e-11
6.55636e-06
2.03003e-11
6.55635e-06
8.21296e-12
6.55635e-06
1.63326e-11
6.55635e-06
8.10417e-12
6.55634e-06
2.52608e-11
6.55634e-06
1.71607e-11
6.55634e-06
3.7093e-11
6.55634e-06
3.27168e-11
6.55634e-06
5.15953e-11
6.55634e-06
2.85406e-11
6.55634e-06
3.03806e-11
6.55634e-06
7.63649e-12
6.55634e-06
1.77396e-12
6.55634e-06
-1.73996e-11
6.55634e-06
-1.75387e-11
6.55634e-06
-3.04587e-11
6.55634e-06
-2.49973e-11
6.55634e-06
-3.12206e-11
6.55634e-06
-2.22285e-11
6.55634e-06
-2.55449e-11
6.55634e-06
-1.62551e-11
6.55634e-06
-1.88361e-11
6.55634e-06
-1.04778e-11
6.55634e-06
-1.37625e-11
6.55634e-06
-6.37075e-12
6.55635e-06
-1.10273e-11
6.55635e-06
-4.50034e-12
6.55635e-06
-9.27632e-12
6.55635e-06
-2.98411e-12
6.55635e-06
-8.48118e-12
6.55635e-06
-1.89067e-12
6.55635e-06
-8.07194e-12
6.55635e-06
-1.42123e-12
6.55635e-06
-8.32695e-12
6.55635e-06
-4.03865e-12
6.55635e-06
-2.22982e-11
6.55635e-06
-7.52393e-11
6.55634e-06
-3.21873e-10
-1.07287e-09
6.52724e-06
-2.32002e-09
6.52729e-06
-2.17214e-09
6.52731e-06
-5.04723e-10
6.5273e-06
3.19372e-10
6.52728e-06
3.31185e-10
6.52724e-06
2.32964e-10
6.52721e-06
2.51486e-10
6.52722e-06
9.77566e-10
6.52724e-06
1.52429e-09
6.52726e-06
1.24669e-09
6.52727e-06
7.23515e-10
6.52728e-06
3.31454e-10
6.52728e-06
3.89884e-11
6.52728e-06
-3.39442e-10
6.52726e-06
-6.24603e-10
6.52725e-06
-7.30578e-10
6.52724e-06
-8.07773e-10
6.52722e-06
-9.42969e-10
6.52724e-06
-1.83677e-09
6.52729e-06
-2.32225e-09
6.52729e-06
-1.11401e-09
6.52727e-06
-6.20801e-12
6.52726e-06
5.04159e-10
6.52724e-06
7.52513e-10
6.52724e-06
6.39454e-10
6.52723e-06
5.97531e-10
6.52723e-06
6.30687e-10
6.52723e-06
4.41997e-10
6.52723e-06
2.90404e-10
6.52724e-06
6.10534e-11
6.52724e-06
-1.02604e-11
6.52724e-06
-3.72265e-10
6.52728e-06
-1.29713e-09
6.52733e-06
-1.90416e-09
6.52736e-06
-1.28593e-09
6.52736e-06
-5.97869e-10
6.52737e-06
-1.52272e-10
6.52738e-06
2.99267e-10
6.52739e-06
1.45073e-09
6.52741e-06
2.16789e-09
6.52742e-06
1.89614e-09
6.52742e-06
1.53766e-09
6.52741e-06
9.80536e-10
6.5274e-06
7.68782e-10
6.52739e-06
6.62788e-10
6.52738e-06
5.00077e-10
6.52737e-06
3.11561e-10
6.52737e-06
1.80134e-10
6.52737e-06
6.49026e-11
6.52736e-06
2.91075e-11
6.52736e-06
-8.35052e-12
6.52735e-06
-7.1757e-12
6.52734e-06
-2.3597e-11
6.52734e-06
-1.06371e-11
6.52733e-06
-2.19408e-11
6.52732e-06
-2.38606e-12
6.52732e-06
-7.24433e-14
6.52731e-06
2.64871e-11
6.5273e-06
1.81627e-11
6.5273e-06
3.16041e-11
6.52729e-06
2.30679e-11
6.52729e-06
2.45175e-11
6.52729e-06
1.28136e-11
6.52728e-06
1.92555e-11
6.52728e-06
1.10045e-11
6.52728e-06
2.63959e-11
6.52728e-06
1.83667e-11
6.52728e-06
3.63205e-11
6.52728e-06
3.27606e-11
6.52728e-06
5.00981e-11
6.52728e-06
2.86951e-11
6.52728e-06
2.98784e-11
6.52728e-06
7.75473e-12
6.52728e-06
1.95036e-12
6.52728e-06
-1.67316e-11
6.52728e-06
-1.70848e-11
6.52728e-06
-2.97956e-11
6.52728e-06
-2.49602e-11
6.52728e-06
-3.06828e-11
6.52728e-06
-2.27085e-11
6.52728e-06
-2.51535e-11
6.52728e-06
-1.70282e-11
6.52728e-06
-1.85999e-11
6.52728e-06
-1.13871e-11
6.52728e-06
-1.3467e-11
6.52728e-06
-7.22907e-12
6.52728e-06
-1.0745e-11
6.52728e-06
-5.32926e-12
6.52728e-06
-9.00492e-12
6.52728e-06
-3.66778e-12
6.52728e-06
-8.27864e-12
6.52728e-06
-2.45542e-12
6.52728e-06
-7.8713e-12
6.52728e-06
-1.84678e-12
6.52728e-06
-8.10587e-12
6.52728e-06
-4.33915e-12
6.52728e-06
-2.20123e-11
6.52728e-06
-7.54522e-11
6.52728e-06
-3.17437e-10
-1.04304e-09
6.4933e-06
-2.31253e-09
6.49335e-06
-2.22417e-09
6.49337e-06
-5.24759e-10
6.49336e-06
3.34985e-10
6.49333e-06
3.53033e-10
6.4933e-06
2.69873e-10
6.49327e-06
2.7603e-10
6.49328e-06
9.72696e-10
6.4933e-06
1.50244e-09
6.49332e-06
1.22913e-09
6.49333e-06
7.13653e-10
6.49333e-06
3.23089e-10
6.49334e-06
3.34909e-11
6.49334e-06
-3.34203e-10
6.49332e-06
-6.10942e-10
6.49331e-06
-7.15198e-10
6.49329e-06
-7.89875e-10
6.49327e-06
-9.24796e-10
6.49329e-06
-1.85617e-09
6.49334e-06
-2.36874e-09
6.49334e-06
-1.1178e-09
6.49332e-06
1.54097e-11
6.49331e-06
5.17525e-10
6.49329e-06
7.70632e-10
6.49328e-06
6.46942e-10
6.49328e-06
6.01425e-10
6.49328e-06
6.34446e-10
6.49327e-06
4.47131e-10
6.49328e-06
2.88811e-10
6.49328e-06
5.96813e-11
6.49329e-06
-1.78719e-11
6.49328e-06
-3.71524e-10
6.49332e-06
-1.33318e-09
6.49338e-06
-1.96144e-09
6.4934e-06
-1.31608e-09
6.49341e-06
-6.06223e-10
6.49341e-06
-1.57523e-10
6.49343e-06
2.85322e-10
6.49344e-06
1.43761e-09
6.49346e-06
2.151e-09
6.49347e-06
1.8836e-09
6.49346e-06
1.54208e-09
6.49346e-06
9.87761e-10
6.49345e-06
7.74499e-10
6.49344e-06
6.72798e-10
6.49343e-06
5.09117e-10
6.49342e-06
3.19112e-10
6.49342e-06
1.83052e-10
6.49342e-06
6.87056e-11
6.49342e-06
3.21491e-11
6.49341e-06
-3.98885e-12
6.49341e-06
-2.34927e-12
6.4934e-06
-1.73132e-11
6.49339e-06
-4.2343e-12
6.49339e-06
-1.47369e-11
6.49338e-06
3.88921e-12
6.49337e-06
6.84292e-12
6.49337e-06
3.19402e-11
6.49336e-06
2.44327e-11
6.49336e-06
3.6606e-11
6.49335e-06
2.76414e-11
6.49335e-06
2.86288e-11
6.49335e-06
1.62239e-11
6.49334e-06
2.18097e-11
6.49334e-06
1.3208e-11
6.49334e-06
2.72951e-11
6.49334e-06
1.8942e-11
6.49334e-06
3.53991e-11
6.49334e-06
3.23276e-11
6.49334e-06
4.86084e-11
6.49334e-06
2.86547e-11
6.49334e-06
2.92166e-11
6.49334e-06
8.04164e-12
6.49334e-06
2.02455e-12
6.49334e-06
-1.57259e-11
6.49334e-06
-1.65171e-11
6.49334e-06
-2.88536e-11
6.49334e-06
-2.44427e-11
6.49334e-06
-3.02858e-11
6.49334e-06
-2.235e-11
6.49334e-06
-2.53749e-11
6.49334e-06
-1.70483e-11
6.49334e-06
-1.89591e-11
6.49334e-06
-1.14723e-11
6.49334e-06
-1.392e-11
6.49334e-06
-7.22853e-12
6.49334e-06
-1.12632e-11
6.49334e-06
-5.41022e-12
6.49334e-06
-9.40785e-12
6.49334e-06
-3.82396e-12
6.49334e-06
-8.51859e-12
6.49334e-06
-2.6255e-12
6.49334e-06
-7.98397e-12
6.49334e-06
-2.04408e-12
6.49334e-06
-8.03584e-12
6.49334e-06
-4.40772e-12
6.49334e-06
-2.18926e-11
6.49334e-06
-7.55098e-11
6.49334e-06
-3.12297e-10
-1.01318e-09
6.45416e-06
-2.30935e-09
6.45421e-06
-2.27738e-09
6.45423e-06
-5.44522e-10
6.45421e-06
3.51687e-10
6.45419e-06
3.74791e-10
6.45415e-06
3.06833e-10
6.45413e-06
2.99662e-10
6.45414e-06
9.67777e-10
6.45416e-06
1.48064e-09
6.45417e-06
1.21187e-09
6.45418e-06
7.04017e-10
6.45419e-06
3.14873e-10
6.4542e-06
2.87738e-11
6.45419e-06
-3.28447e-10
6.45418e-06
-5.96507e-10
6.45416e-06
-6.98488e-10
6.45414e-06
-7.70988e-10
6.45412e-06
-9.04107e-10
6.45414e-06
-1.87589e-09
6.45419e-06
-2.41749e-09
6.4542e-06
-1.12091e-09
6.45417e-06
3.91296e-11
6.45416e-06
5.31248e-10
6.45414e-06
7.9008e-10
6.45413e-06
6.54533e-10
6.45413e-06
6.05898e-10
6.45412e-06
6.37927e-10
6.45412e-06
4.53302e-10
6.45412e-06
2.87516e-10
6.45413e-06
5.9997e-11
6.45413e-06
-2.51876e-11
6.45412e-06
-3.6821e-10
6.45416e-06
-1.36982e-09
6.45422e-06
-2.02019e-09
6.45425e-06
-1.34605e-09
6.45425e-06
-6.13487e-10
6.45426e-06
-1.6232e-10
6.45427e-06
2.70506e-10
6.45428e-06
1.42496e-09
6.4543e-06
2.13488e-09
6.45431e-06
1.87063e-09
6.45431e-06
1.54559e-09
6.4543e-06
9.94278e-10
6.4543e-06
7.78806e-10
6.45429e-06
6.81984e-10
6.45428e-06
5.17354e-10
6.45427e-06
3.26073e-10
6.45427e-06
1.84882e-10
6.45427e-06
7.20055e-11
6.45427e-06
3.46087e-11
6.45426e-06
2.53889e-13
6.45426e-06
2.13173e-12
6.45425e-06
-1.10916e-11
6.45425e-06
1.74794e-12
6.45424e-06
-7.71245e-12
6.45423e-06
9.57626e-12
6.45423e-06
1.32639e-11
6.45422e-06
3.64547e-11
6.45422e-06
3.00697e-11
6.45421e-06
4.06151e-11
6.45421e-06
3.17405e-11
6.45421e-06
3.16397e-11
6.4542e-06
1.97142e-11
6.4542e-06
2.38153e-11
6.4542e-06
1.51882e-11
6.4542e-06
2.76937e-11
6.4542e-06
1.93337e-11
6.4542e-06
3.39805e-11
6.4542e-06
3.16071e-11
6.4542e-06
4.64884e-11
6.4542e-06
2.83781e-11
6.4542e-06
2.84641e-11
6.4542e-06
7.9978e-12
6.4542e-06
2.32599e-12
6.4542e-06
-1.48597e-11
6.4542e-06
-1.56617e-11
6.4542e-06
-2.78041e-11
6.4542e-06
-2.39428e-11
6.4542e-06
-2.93551e-11
6.4542e-06
-2.24562e-11
6.4542e-06
-2.4663e-11
6.4542e-06
-1.75373e-11
6.4542e-06
-1.84984e-11
6.4542e-06
-1.2176e-11
6.4542e-06
-1.34479e-11
6.4542e-06
-7.92176e-12
6.4542e-06
-1.08238e-11
6.4542e-06
-6.086e-12
6.4542e-06
-9.00436e-12
6.4542e-06
-4.36194e-12
6.4542e-06
-8.21313e-12
6.4542e-06
-3.05831e-12
6.4542e-06
-7.70172e-12
6.4542e-06
-2.34294e-12
6.4542e-06
-7.75495e-12
6.4542e-06
-4.58886e-12
6.4542e-06
-2.15199e-11
6.4542e-06
-7.52622e-11
6.45419e-06
-3.06798e-10
-9.79894e-10
6.40941e-06
-2.30338e-09
6.40946e-06
-2.33559e-09
6.40948e-06
-5.63282e-10
6.40946e-06
3.698e-10
6.40944e-06
3.96802e-10
6.4094e-06
3.44538e-10
6.40938e-06
3.23657e-10
6.40939e-06
9.61833e-10
6.40941e-06
1.45847e-09
6.40943e-06
1.19416e-09
6.40944e-06
6.94066e-10
6.40944e-06
3.06857e-10
6.40945e-06
2.46406e-11
6.40944e-06
-3.21292e-10
6.40942e-06
-5.80418e-10
6.40941e-06
-6.79969e-10
6.40939e-06
-7.49957e-10
6.40936e-06
-8.80964e-10
6.40938e-06
-1.89509e-09
6.40944e-06
-2.46931e-09
6.40944e-06
-1.12301e-09
6.40942e-06
6.46616e-11
6.4094e-06
5.46002e-10
6.40938e-06
8.10422e-10
6.40937e-06
6.63501e-10
6.40936e-06
6.1039e-10
6.40936e-06
6.42958e-10
6.40936e-06
4.60058e-10
6.40936e-06
2.87943e-10
6.40936e-06
6.03192e-11
6.40936e-06
-3.12149e-11
6.40936e-06
-3.63774e-10
6.40939e-06
-1.40663e-09
6.40945e-06
-2.08238e-09
6.40948e-06
-1.37668e-09
6.40949e-06
-6.20783e-10
6.40949e-06
-1.67253e-10
6.40951e-06
2.54378e-10
6.40952e-06
1.41217e-09
6.40954e-06
2.11904e-09
6.40955e-06
1.8561e-09
6.40955e-06
1.54905e-09
6.40954e-06
9.99874e-10
6.40954e-06
7.82255e-10
6.40953e-06
6.89968e-10
6.40952e-06
5.25143e-10
6.40952e-06
3.32217e-10
6.40951e-06
1.86182e-10
6.40951e-06
7.46978e-11
6.40951e-06
3.68908e-11
6.40951e-06
4.0167e-12
6.4095e-06
6.57358e-12
6.4095e-06
-5.30636e-12
6.40949e-06
7.64993e-12
6.40948e-06
-1.27151e-12
6.40948e-06
1.49893e-11
6.40947e-06
1.90084e-11
6.40947e-06
4.05792e-11
6.40946e-06
3.50258e-11
6.40946e-06
4.42032e-11
6.40946e-06
3.4858e-11
6.40945e-06
3.44576e-11
6.40945e-06
2.18843e-11
6.40945e-06
2.53462e-11
6.40945e-06
1.64277e-11
6.40945e-06
2.78118e-11
6.40945e-06
1.9106e-11
6.40945e-06
3.23857e-11
6.40945e-06
3.04336e-11
6.40945e-06
4.43306e-11
6.40946e-06
2.79106e-11
6.40946e-06
2.74636e-11
6.40946e-06
8.08696e-12
6.40946e-06
2.42057e-12
6.40946e-06
-1.36825e-11
6.40945e-06
-1.47619e-11
6.40945e-06
-2.647e-11
6.40945e-06
-2.29533e-11
6.40945e-06
-2.85466e-11
6.40945e-06
-2.16485e-11
6.40945e-06
-2.45631e-11
6.40945e-06
-1.72039e-11
6.40945e-06
-1.86263e-11
6.40945e-06
-1.19774e-11
6.40945e-06
-1.37337e-11
6.40945e-06
-7.68103e-12
6.40945e-06
-1.12051e-11
6.40945e-06
-5.9555e-12
6.40945e-06
-9.29227e-12
6.40945e-06
-4.33956e-12
6.40945e-06
-8.35384e-12
6.40945e-06
-3.07673e-12
6.40945e-06
-7.73221e-12
6.40945e-06
-2.41374e-12
6.40945e-06
-7.61425e-12
6.40945e-06
-4.53606e-12
6.40945e-06
-2.1305e-11
6.40945e-06
-7.4881e-11
6.40944e-06
-3.00578e-10
-9.46663e-10
6.35855e-06
-2.30225e-09
6.35861e-06
-2.39619e-09
6.35862e-06
-5.82328e-10
6.35861e-06
3.8896e-10
6.35858e-06
4.18527e-10
6.35855e-06
3.82428e-10
6.35852e-06
3.46907e-10
6.35853e-06
9.55687e-10
6.35855e-06
1.43615e-09
6.35857e-06
1.17677e-09
6.35858e-06
6.84479e-10
6.35859e-06
2.99209e-10
6.35859e-06
2.15587e-11
6.35858e-06
-3.13163e-10
6.35856e-06
-5.63065e-10
6.35854e-06
-6.59714e-10
6.35852e-06
-7.27568e-10
6.3585e-06
-8.54908e-10
6.35852e-06
-1.91486e-09
6.35857e-06
-2.52439e-09
6.35857e-06
-1.12465e-09
6.35855e-06
9.23781e-11
6.35853e-06
5.60844e-10
6.35851e-06
8.32047e-10
6.3585e-06
6.72636e-10
6.3585e-06
6.15435e-10
6.35849e-06
6.47938e-10
6.35849e-06
4.68151e-10
6.35849e-06
2.89045e-10
6.35849e-06
6.26883e-11
6.35849e-06
-3.6646e-11
6.35848e-06
-3.56263e-10
6.35852e-06
-1.4441e-09
6.35858e-06
-2.14681e-09
6.35861e-06
-1.40744e-09
6.35862e-06
-6.27077e-10
6.35862e-06
-1.7177e-10
6.35864e-06
2.37256e-10
6.35865e-06
1.3999e-09
6.35866e-06
2.10391e-09
6.35868e-06
1.84084e-09
6.35867e-06
1.55162e-09
6.35867e-06
1.00481e-09
6.35867e-06
7.843e-10
6.35866e-06
6.97171e-10
6.35865e-06
5.3231e-10
6.35865e-06
3.37932e-10
6.35865e-06
1.8654e-10
6.35865e-06
7.71293e-11
6.35864e-06
3.88264e-11
6.35864e-06
7.81533e-12
6.35864e-06
1.08006e-11
6.35863e-06
4.36254e-13
6.35862e-06
1.31365e-11
6.35862e-06
4.9121e-12
6.35861e-06
1.97449e-11
6.35861e-06
2.41719e-11
6.3586e-06
4.36841e-11
6.3586e-06
3.93001e-11
6.3586e-06
4.67173e-11
6.3586e-06
3.73933e-11
6.35859e-06
3.60333e-11
6.35859e-06
2.40574e-11
6.35859e-06
2.62672e-11
6.35859e-06
1.73706e-11
6.35859e-06
2.7428e-11
6.35859e-06
1.86806e-11
6.35859e-06
3.03226e-11
6.35859e-06
2.89904e-11
6.3586e-06
4.15578e-11
6.3586e-06
2.72404e-11
6.3586e-06
2.63949e-11
6.3586e-06
7.75458e-12
6.3586e-06
2.7262e-12
6.3586e-06
-1.27512e-11
6.3586e-06
-1.35926e-11
6.3586e-06
-2.50967e-11
6.3586e-06
-2.2005e-11
6.35859e-06
-2.72026e-11
6.35859e-06
-2.13466e-11
6.35859e-06
-2.34641e-11
6.35859e-06
-1.73534e-11
6.35859e-06
-1.78772e-11
6.35859e-06
-1.24332e-11
6.35859e-06
-1.30321e-11
6.35859e-06
-8.18175e-12
6.35859e-06
-1.05649e-11
6.35859e-06
-6.45584e-12
6.35859e-06
-8.72188e-12
6.35859e-06
-4.71015e-12
6.35859e-06
-7.92119e-12
6.35859e-06
-3.36027e-12
6.35859e-06
-7.35247e-12
6.35859e-06
-2.57148e-12
6.35859e-06
-7.26919e-12
6.35859e-06
-4.59102e-12
6.35859e-06
-2.08382e-11
6.35859e-06
-7.41597e-11
6.35858e-06
-2.9397e-10
-9.09372e-10
6.30095e-06
-2.29869e-09
6.30101e-06
-2.46325e-09
6.30103e-06
-6.00742e-10
6.30101e-06
4.09426e-10
6.30099e-06
4.40232e-10
6.30095e-06
4.21199e-10
6.30093e-06
3.70641e-10
6.30094e-06
9.48541e-10
6.30096e-06
1.41334e-09
6.30098e-06
1.15909e-09
6.30098e-06
6.74859e-10
6.30099e-06
2.92055e-10
6.30099e-06
1.94453e-11
6.30098e-06
-3.03198e-10
6.30097e-06
-5.43612e-10
6.30094e-06
-6.37302e-10
6.30092e-06
-7.02753e-10
6.30089e-06
-8.25965e-10
6.30091e-06
-1.93461e-09
6.30097e-06
-2.58388e-09
6.30097e-06
-1.12566e-09
6.30095e-06
1.21802e-10
6.30093e-06
5.76495e-10
6.30091e-06
8.54621e-10
6.3009e-06
6.83087e-10
6.30089e-06
6.20619e-10
6.30088e-06
6.54484e-10
6.30088e-06
4.7712e-10
6.30088e-06
2.92085e-10
6.30088e-06
6.53041e-11
6.30088e-06
-4.01596e-11
6.30087e-06
-3.4685e-10
6.3009e-06
-1.48199e-09
6.30097e-06
-2.21547e-09
6.301e-06
-1.43913e-09
6.30101e-06
-6.33422e-10
6.30101e-06
-1.76325e-10
6.30103e-06
2.18736e-10
6.30104e-06
1.38762e-09
6.30105e-06
2.08901e-09
6.30107e-06
1.82376e-09
6.30107e-06
1.55416e-09
6.30106e-06
1.00877e-09
6.30106e-06
7.85481e-10
6.30106e-06
7.03344e-10
6.30105e-06
5.39307e-10
6.30104e-06
3.43133e-10
6.30104e-06
1.86657e-10
6.30104e-06
7.91751e-11
6.30104e-06
4.08487e-11
6.30104e-06
1.14005e-11
6.30103e-06
1.50939e-11
6.30103e-06
5.81401e-12
6.30102e-06
1.84719e-11
6.30102e-06
1.04725e-11
6.30101e-06
2.41304e-11
6.30101e-06
2.85824e-11
6.301e-06
4.63228e-11
6.301e-06
4.27413e-11
6.301e-06
4.87067e-11
6.301e-06
3.88819e-11
6.301e-06
3.73728e-11
6.301e-06
2.48378e-11
6.301e-06
2.66468e-11
6.301e-06
1.75827e-11
6.301e-06
2.67377e-11
6.301e-06
1.76978e-11
6.301e-06
2.81188e-11
6.301e-06
2.71528e-11
6.301e-06
3.87836e-11
6.30101e-06
2.63073e-11
6.30101e-06
2.49834e-11
6.30101e-06
7.54543e-12
6.30101e-06
2.70468e-12
6.30101e-06
-1.15311e-11
6.30101e-06
-1.24789e-11
6.301e-06
-2.34404e-11
6.301e-06
-2.05834e-11
6.301e-06
-2.59722e-11
6.301e-06
-2.00642e-11
6.301e-06
-2.29867e-11
6.301e-06
-1.66167e-11
6.301e-06
-1.77139e-11
6.301e-06
-1.19086e-11
6.301e-06
-1.31038e-11
6.301e-06
-7.67322e-12
6.301e-06
-1.07733e-11
6.301e-06
-6.09498e-12
6.301e-06
-8.86695e-12
6.301e-06
-4.49573e-12
6.301e-06
-7.94045e-12
6.301e-06
-3.21921e-12
6.301e-06
-7.28444e-12
6.301e-06
-2.5139e-12
6.301e-06
-7.04903e-12
6.301e-06
-4.42121e-12
6.301e-06
-2.05159e-11
6.301e-06
-7.33398e-11
6.30099e-06
-2.8659e-10
-8.7225e-10
6.23582e-06
-2.30062e-09
6.23589e-06
-2.53445e-09
6.23591e-06
-6.20163e-10
6.23588e-06
4.30839e-10
6.23586e-06
4.61405e-10
6.23582e-06
4.60465e-10
6.2358e-06
3.94028e-10
6.23581e-06
9.41235e-10
6.23583e-06
1.39027e-09
6.23585e-06
1.14187e-09
6.23586e-06
6.65902e-10
6.23586e-06
2.85644e-10
6.23586e-06
1.88135e-11
6.23585e-06
-2.91697e-10
6.23583e-06
-5.22349e-10
6.23581e-06
-6.12749e-10
6.23578e-06
-6.76223e-10
6.23575e-06
-7.93692e-10
6.23577e-06
-1.95552e-09
6.23584e-06
-2.64833e-09
6.23584e-06
-1.12664e-09
6.23581e-06
1.53418e-10
6.23579e-06
5.91938e-10
6.23577e-06
8.78528e-10
6.23576e-06
6.93857e-10
6.23575e-06
6.26441e-10
6.23574e-06
6.61212e-10
6.23574e-06
4.87769e-10
6.23573e-06
2.9622e-10
6.23573e-06
7.03191e-11
6.23573e-06
-4.25557e-11
6.23572e-06
-3.33703e-10
6.23575e-06
-1.52092e-09
6.23583e-06
-2.28768e-09
6.23586e-06
-1.47152e-09
6.23586e-06
-6.38936e-10
6.23586e-06
-1.80445e-10
6.23588e-06
1.99064e-10
6.2359e-06
1.3759e-09
6.23591e-06
2.07466e-09
6.23593e-06
1.80546e-09
6.23592e-06
1.55583e-09
6.23592e-06
1.01214e-09
6.23592e-06
7.85388e-10
6.23592e-06
7.08955e-10
6.23591e-06
5.46068e-10
6.2359e-06
3.48292e-10
6.2359e-06
1.86217e-10
6.2359e-06
8.13521e-11
6.2359e-06
4.28918e-11
6.2359e-06
1.52614e-11
6.23589e-06
1.93014e-11
6.23589e-06
1.11484e-11
6.23588e-06
2.33355e-11
6.23588e-06
1.56629e-11
6.23587e-06
2.7757e-11
6.23587e-06
3.23119e-11
6.23587e-06
4.7876e-11
6.23587e-06
4.54285e-11
6.23587e-06
4.95673e-11
6.23587e-06
3.97283e-11
6.23586e-06
3.73921e-11
6.23586e-06
2.5583e-11
6.23586e-06
2.63896e-11
6.23586e-06
1.74728e-11
6.23587e-06
2.55678e-11
6.23587e-06
1.655e-11
6.23587e-06
2.55173e-11
6.23587e-06
2.51113e-11
6.23587e-06
3.54679e-11
6.23588e-06
2.52042e-11
6.23588e-06
2.35345e-11
6.23588e-06
6.86685e-12
6.23588e-06
2.86787e-12
6.23588e-06
-1.06451e-11
6.23588e-06
-1.11421e-11
6.23587e-06
-2.18161e-11
6.23587e-06
-1.92448e-11
6.23587e-06
-2.42233e-11
6.23587e-06
-1.93206e-11
6.23587e-06
-2.14748e-11
6.23587e-06
-1.63676e-11
6.23587e-06
-1.66367e-11
6.23587e-06
-1.2054e-11
6.23587e-06
-1.21505e-11
6.23587e-06
-7.93118e-12
6.23587e-06
-9.92416e-12
6.23587e-06
-6.38491e-12
6.23587e-06
-8.12614e-12
6.23587e-06
-4.6811e-12
6.23587e-06
-7.37218e-12
6.23587e-06
-3.34574e-12
6.23587e-06
-6.79924e-12
6.23587e-06
-2.53689e-12
6.23587e-06
-6.63065e-12
6.23587e-06
-4.36031e-12
6.23587e-06
-1.99425e-11
6.23586e-06
-7.21576e-11
6.23586e-06
-2.78758e-10
-8.30487e-10
6.16212e-06
-2.30065e-09
6.1622e-06
-2.6142e-09
6.16222e-06
-6.39586e-10
6.1622e-06
4.53464e-10
6.16217e-06
4.82314e-10
6.16213e-06
5.01051e-10
6.16211e-06
4.18414e-10
6.16212e-06
9.33197e-10
6.16214e-06
1.36664e-09
6.16216e-06
1.12459e-09
6.16217e-06
6.57324e-10
6.16217e-06
2.80189e-10
6.16217e-06
1.96854e-11
6.16216e-06
-2.77805e-10
6.16213e-06
-4.98477e-10
6.16211e-06
-5.85682e-10
6.16208e-06
-6.46992e-10
6.16204e-06
-7.58085e-10
6.16207e-06
-1.97731e-09
6.16214e-06
-2.7193e-09
6.16214e-06
-1.12759e-09
6.16211e-06
1.86733e-10
6.16209e-06
6.07959e-10
6.16206e-06
9.03587e-10
6.16205e-06
7.06096e-10
6.16205e-06
6.3267e-10
6.16204e-06
6.69628e-10
6.16203e-06
4.99639e-10
6.16202e-06
3.02637e-10
6.16202e-06
7.59517e-11
6.16202e-06
-4.23289e-11
6.162e-06
-3.17797e-10
6.16204e-06
-1.56095e-09
6.16212e-06
-2.36567e-09
6.16215e-06
-1.50548e-09
6.16215e-06
-6.44597e-10
6.16216e-06
-1.84441e-10
6.16218e-06
1.77847e-10
6.16219e-06
1.36423e-09
6.1622e-06
2.06035e-09
6.16222e-06
1.78475e-09
6.16222e-06
1.55743e-09
6.16222e-06
1.0146e-09
6.16222e-06
7.84635e-10
6.16222e-06
7.13891e-10
6.16221e-06
5.53138e-10
6.1622e-06
3.53468e-10
6.1622e-06
1.86056e-10
6.1622e-06
8.35758e-11
6.1622e-06
4.54079e-11
6.16219e-06
1.91951e-11
6.16219e-06
2.36372e-11
6.16218e-06
1.61022e-11
6.16218e-06
2.78899e-11
6.16218e-06
2.01052e-11
6.16217e-06
3.08607e-11
6.16217e-06
3.51707e-11
6.16217e-06
4.88713e-11
6.16217e-06
4.71472e-11
6.16217e-06
4.9832e-11
6.16217e-06
3.95036e-11
6.16217e-06
3.71782e-11
6.16217e-06
2.49092e-11
6.16217e-06
2.55702e-11
6.16217e-06
1.66752e-11
6.16217e-06
2.41035e-11
6.16217e-06
1.49375e-11
6.16218e-06
2.28553e-11
6.16218e-06
2.27768e-11
6.16218e-06
3.22363e-11
6.16218e-06
2.38265e-11
6.16219e-06
2.17032e-11
6.16219e-06
6.33841e-12
6.16219e-06
2.61475e-12
6.16219e-06
-9.48759e-12
6.16218e-06
-9.96232e-12
6.16218e-06
-1.99305e-11
6.16218e-06
-1.74712e-11
6.16218e-06
-2.26063e-11
6.16218e-06
-1.75555e-11
6.16218e-06
-2.06106e-11
6.16217e-06
-1.51834e-11
6.16217e-06
-1.6154e-11
6.16217e-06
-1.11523e-11
6.16217e-06
-1.19937e-11
6.16217e-06
-7.11561e-12
6.16217e-06
-9.9575e-12
6.16217e-06
-5.76787e-12
6.16217e-06
-8.13094e-12
6.16217e-06
-4.26308e-12
6.16217e-06
-7.2679e-12
6.16217e-06
-3.04192e-12
6.16217e-06
-6.63006e-12
6.16217e-06
-2.35874e-12
6.16217e-06
-6.32812e-12
6.16217e-06
-4.08584e-12
6.16217e-06
-1.95044e-11
6.16217e-06
-7.09018e-11
6.16216e-06
-2.70065e-10
-7.88757e-10
6.0785e-06
-2.30714e-09
6.07859e-06
-2.70048e-09
6.07861e-06
-6.61114e-10
6.07859e-06
4.77026e-10
6.07857e-06
5.02582e-10
6.07853e-06
5.42839e-10
6.0785e-06
4.43339e-10
6.07851e-06
9.254e-10
6.07853e-06
1.34275e-09
6.07855e-06
1.10786e-09
6.07856e-06
6.49787e-10
6.07856e-06
2.76009e-10
6.07856e-06
2.25919e-11
6.07854e-06
-2.61727e-10
6.07852e-06
-4.72225e-10
6.07849e-06
-5.56119e-10
6.07846e-06
-6.15665e-10
6.07842e-06
-7.18731e-10
6.07844e-06
-2.00132e-09
6.07852e-06
-2.79781e-09
6.07852e-06
-1.12906e-09
6.07849e-06
2.2235e-10
6.07847e-06
6.23689e-10
6.07845e-06
9.30204e-10
6.07843e-06
7.1905e-10
6.07842e-06
6.39937e-10
6.07842e-06
6.78672e-10
6.07841e-06
5.13439e-10
6.0784e-06
3.1068e-10
6.0784e-06
8.42294e-11
6.07839e-06
-4.01563e-11
6.07837e-06
-2.97505e-10
6.07841e-06
-1.60299e-09
6.07849e-06
-2.44938e-09
6.07852e-06
-1.54088e-09
6.07853e-06
-6.49557e-10
6.07853e-06
-1.87769e-10
6.07855e-06
1.55242e-10
6.07857e-06
1.35292e-09
6.07858e-06
2.04613e-09
6.0786e-06
1.76185e-09
6.0786e-06
1.55804e-09
6.0786e-06
1.01652e-09
6.0786e-06
7.83085e-10
6.0786e-06
7.18751e-10
6.07859e-06
5.6056e-10
6.07858e-06
3.59198e-10
6.07858e-06
1.86027e-10
6.07858e-06
8.64354e-11
6.07858e-06
4.83844e-11
6.07857e-06
2.35962e-11
6.07857e-06
2.78967e-11
6.07856e-06
2.08631e-11
6.07856e-06
3.17711e-11
6.07856e-06
2.39443e-11
6.07855e-06
3.30469e-11
6.07855e-06
3.71764e-11
6.07855e-06
4.87301e-11
6.07855e-06
4.79718e-11
6.07855e-06
4.89214e-11
6.07855e-06
3.86255e-11
6.07855e-06
3.55669e-11
6.07856e-06
2.42622e-11
6.07856e-06
2.41451e-11
6.07856e-06
1.55696e-11
6.07856e-06
2.22174e-11
6.07856e-06
1.32215e-11
6.07856e-06
1.99341e-11
6.07857e-06
2.03363e-11
6.07857e-06
2.86333e-11
6.07857e-06
2.23069e-11
6.07858e-06
1.99522e-11
6.07858e-06
5.31194e-12
6.07858e-06
2.59296e-12
6.07857e-06
-8.76998e-12
6.07857e-06
-8.58083e-12
6.07857e-06
-1.81858e-11
6.07857e-06
-1.58636e-11
6.07857e-06
-2.05e-11
6.07857e-06
-1.64551e-11
6.07856e-06
-1.86348e-11
6.07856e-06
-1.45642e-11
6.07856e-06
-1.46817e-11
6.07856e-06
-1.10182e-11
6.07856e-06
-1.07164e-11
6.07856e-06
-7.1769e-12
6.07856e-06
-8.83018e-12
6.07856e-06
-5.89228e-12
6.07856e-06
-7.16711e-12
6.07856e-06
-4.29576e-12
6.07856e-06
-6.53151e-12
6.07856e-06
-3.03852e-12
6.07856e-06
-6.01789e-12
6.07856e-06
-2.26411e-12
6.07856e-06
-5.83463e-12
6.07856e-06
-3.93412e-12
6.07856e-06
-1.88122e-11
6.07856e-06
-6.92331e-11
6.07855e-06
-2.60825e-10
-7.4117e-10
5.98315e-06
-2.31206e-09
5.98324e-06
-2.79797e-09
5.98327e-06
-6.83313e-10
5.98324e-06
5.01753e-10
5.98322e-06
5.22523e-10
5.98318e-06
5.86639e-10
5.98315e-06
4.7004e-10
5.98316e-06
9.17914e-10
5.98318e-06
1.31877e-09
5.9832e-06
1.09125e-09
5.9832e-06
6.43047e-10
5.98321e-06
2.73351e-10
5.9832e-06
2.76104e-11
5.98318e-06
-2.42735e-10
5.98315e-06
-4.42917e-10
5.98312e-06
-5.2371e-10
5.98309e-06
-5.81437e-10
5.98305e-06
-6.75573e-10
5.98307e-06
-2.02773e-09
5.98316e-06
-2.88552e-09
5.98316e-06
-1.13092e-09
5.98313e-06
2.60113e-10
5.98311e-06
6.39683e-10
5.98308e-06
9.58089e-10
5.98307e-06
7.33593e-10
5.98306e-06
6.4851e-10
5.98305e-06
6.90174e-10
5.98304e-06
5.29091e-10
5.98303e-06
3.21426e-10
5.98302e-06
9.40002e-11
5.98301e-06
-3.50003e-11
5.98299e-06
-2.73682e-10
5.98303e-06
-1.64771e-09
5.98312e-06
-2.54117e-09
5.98316e-06
-1.57831e-09
5.98316e-06
-6.54319e-10
5.98316e-06
-1.90474e-10
5.98319e-06
1.30782e-10
5.9832e-06
1.34099e-09
5.98321e-06
2.03086e-09
5.98324e-06
1.7352e-09
5.98324e-06
1.55781e-09
5.98324e-06
1.01752e-09
5.98324e-06
7.81738e-10
5.98323e-06
7.24045e-10
5.98322e-06
5.68918e-10
5.98322e-06
3.65664e-10
5.98322e-06
1.8693e-10
5.98321e-06
9.00413e-11
5.98321e-06
5.21896e-11
5.98321e-06
2.81855e-11
5.9832e-06
3.21219e-11
5.9832e-06
2.5008e-11
5.98319e-06
3.50105e-11
5.98319e-06
2.67685e-11
5.98319e-06
3.4406e-11
5.98319e-06
3.81389e-11
5.98319e-06
4.78303e-11
5.98319e-06
4.77954e-11
5.98319e-06
4.73796e-11
5.9832e-06
3.66836e-11
5.9832e-06
3.38253e-11
5.9832e-06
2.21789e-11
5.9832e-06
2.21821e-11
5.9832e-06
1.38663e-11
5.9832e-06
2.00894e-11
5.98321e-06
1.11688e-11
5.98321e-06
1.70196e-11
5.98321e-06
1.7756e-11
5.98321e-06
2.51734e-11
5.98322e-06
2.06618e-11
5.98322e-06
1.7817e-11
5.98322e-06
4.54809e-12
5.98322e-06
2.08425e-12
5.98322e-06
-7.73218e-12
5.98322e-06
-7.46185e-12
5.98322e-06
-1.61808e-11
5.98321e-06
-1.38558e-11
5.98321e-06
-1.85814e-11
5.98321e-06
-1.42585e-11
5.98321e-06
-1.74157e-11
5.98321e-06
-1.293e-11
5.98321e-06
-1.38796e-11
5.98321e-06
-9.71865e-12
5.98321e-06
-1.03333e-11
5.9832e-06
-6.04051e-12
5.9832e-06
-8.6965e-12
5.9832e-06
-5.01364e-12
5.9832e-06
-7.045e-12
5.9832e-06
-3.67862e-12
5.9832e-06
-6.31218e-12
5.9832e-06
-2.58112e-12
5.9832e-06
-5.75358e-12
5.9832e-06
-1.98056e-12
5.9832e-06
-5.45596e-12
5.9832e-06
-3.5738e-12
5.9832e-06
-1.8253e-11
5.9832e-06
-6.75117e-11
5.98319e-06
-2.50598e-10
-6.93486e-10
5.87351e-06
-2.32579e-09
5.87362e-06
-2.90414e-09
5.87364e-06
-7.09089e-10
5.87362e-06
5.26603e-10
5.8736e-06
5.41678e-10
5.87355e-06
6.32059e-10
5.87352e-06
4.97619e-10
5.87353e-06
9.12978e-10
5.87355e-06
1.29695e-09
5.87357e-06
1.07577e-09
5.87357e-06
6.37727e-10
5.87357e-06
2.7255e-10
5.87357e-06
3.5158e-11
5.87354e-06
-2.21075e-10
5.87351e-06
-4.10808e-10
5.87348e-06
-4.88509e-10
5.87344e-06
-5.44775e-10
5.87339e-06
-6.28382e-10
5.87342e-06
-2.05857e-09
5.87352e-06
-2.98366e-09
5.87353e-06
-1.1335e-09
5.87349e-06
2.99958e-10
5.87347e-06
6.54918e-10
5.87344e-06
9.86918e-10
5.87343e-06
7.48271e-10
5.87342e-06
6.60347e-10
5.8734e-06
7.05423e-10
5.87339e-06
5.47848e-10
5.87337e-06
3.34488e-10
5.87337e-06
1.07063e-10
5.87335e-06
-2.74199e-11
5.87332e-06
-2.45273e-10
5.87337e-06
-1.69713e-09
5.87347e-06
-2.64129e-09
5.87351e-06
-1.61642e-09
5.87351e-06
-6.5728e-10
5.87351e-06
-1.91567e-10
5.87354e-06
1.04414e-10
5.87355e-06
1.32711e-09
5.87357e-06
2.01251e-09
5.8736e-06
1.70376e-09
5.8736e-06
1.55487e-09
5.8736e-06
1.01695e-09
5.8736e-06
7.81918e-10
5.8736e-06
7.32538e-10
5.87358e-06
5.79052e-10
5.87358e-06
3.73547e-10
5.87357e-06
1.88813e-10
5.87357e-06
9.49264e-11
5.87357e-06
5.67041e-11
5.87356e-06
3.31035e-11
5.87356e-06
3.59277e-11
5.87355e-06
2.85123e-11
5.87355e-06
3.7154e-11
5.87355e-06
2.85981e-11
5.87355e-06
3.45433e-11
5.87355e-06
3.80192e-11
5.87355e-06
4.56537e-11
5.87355e-06
4.66558e-11
5.87356e-06
4.46041e-11
5.87356e-06
3.415e-11
5.87356e-06
3.05369e-11
5.87356e-06
2.038e-11
5.87357e-06
1.97031e-11
5.87357e-06
1.19232e-11
5.87357e-06
1.7638e-11
5.87357e-06
9.10887e-12
5.87357e-06
1.39757e-11
5.87358e-06
1.521e-11
5.87358e-06
2.14956e-11
5.87358e-06
1.90315e-11
5.87359e-06
1.60315e-11
5.87359e-06
3.23254e-12
5.87359e-06
2.00891e-12
5.87359e-06
-7.29455e-12
5.87359e-06
-6.07613e-12
5.87358e-06
-1.44828e-11
5.87358e-06
-1.21636e-11
5.87358e-06
-1.61723e-11
5.87358e-06
-1.307e-11
5.87358e-06
-1.48476e-11
5.87357e-06
-1.21252e-11
5.87357e-06
-1.18697e-11
5.87357e-06
-9.50358e-12
5.87357e-06
-8.54559e-12
5.87357e-06
-6.12223e-12
5.87357e-06
-7.08756e-12
5.87357e-06
-5.15618e-12
5.87357e-06
-5.69475e-12
5.87357e-06
-3.67787e-12
5.87357e-06
-5.31036e-12
5.87357e-06
-2.53308e-12
5.87357e-06
-4.95124e-12
5.87357e-06
-1.80358e-12
5.87357e-06
-4.87901e-12
5.87357e-06
-3.37792e-12
5.87357e-06
-1.74065e-11
5.87356e-06
-6.52398e-11
5.87355e-06
-2.39758e-10
-6.37957e-10
5.74595e-06
-2.34132e-09
5.74607e-06
-3.02518e-09
5.74609e-06
-7.36924e-10
5.74607e-06
5.47798e-10
5.74606e-06
5.59469e-10
5.74601e-06
6.79285e-10
5.74598e-06
5.25286e-10
5.74598e-06
9.15257e-10
5.74599e-06
1.28506e-09
5.746e-06
1.06404e-09
5.74601e-06
6.34261e-10
5.746e-06
2.73981e-10
5.74599e-06
4.51699e-11
5.74597e-06
-1.96339e-10
5.74593e-06
-3.75461e-10
5.7459e-06
-4.5027e-10
5.74586e-06
-5.04897e-10
5.74581e-06
-5.77651e-10
5.74585e-06
-2.09763e-09
5.74596e-06
-3.09546e-09
5.74596e-06
-1.13754e-09
5.74593e-06
3.37698e-10
5.74591e-06
6.68811e-10
5.74588e-06
1.01536e-09
5.74587e-06
7.61492e-10
5.74585e-06
6.80357e-10
5.74582e-06
7.33928e-10
5.7458e-06
5.72803e-10
5.74578e-06
3.51554e-10
5.74577e-06
1.22348e-10
5.74576e-06
-1.62515e-11
5.74573e-06
-2.13951e-10
5.74578e-06
-1.75601e-09
5.7459e-06
-2.7536e-09
5.74593e-06
-1.65299e-09
5.74593e-06
-6.57165e-10
5.74593e-06
-1.90202e-10
5.74595e-06
7.54972e-11
5.74598e-06
1.30614e-09
5.746e-06
1.98375e-09
5.74604e-06
1.66366e-09
5.74605e-06
1.54777e-09
5.74606e-06
1.01196e-09
5.74605e-06
7.89143e-10
5.74603e-06
7.52772e-10
5.74601e-06
5.94914e-10
5.746e-06
3.83894e-10
5.746e-06
1.92777e-10
5.74599e-06
1.0101e-10
5.74599e-06
6.19688e-11
5.74598e-06
3.78049e-11
5.74598e-06
3.90332e-11
5.74598e-06
3.08032e-11
5.74598e-06
3.80425e-11
5.74598e-06
2.89987e-11
5.74598e-06
3.3511e-11
5.74598e-06
3.66083e-11
5.74598e-06
4.25612e-11
5.74598e-06
4.43344e-11
5.74599e-06
4.11927e-11
5.74599e-06
3.05834e-11
5.74599e-06
2.74149e-11
5.746e-06
1.70909e-11
5.746e-06
1.67945e-11
5.746e-06
9.55301e-12
5.746e-06
1.50317e-11
5.74601e-06
6.88175e-12
5.74601e-06
1.10808e-11
5.74601e-06
1.26756e-11
5.74601e-06
1.81103e-11
5.74602e-06
1.73148e-11
5.74602e-06
1.37933e-11
5.74602e-06
2.44651e-12
5.74602e-06
1.32865e-12
5.74602e-06
-6.33109e-12
5.74602e-06
-5.09426e-12
5.74602e-06
-1.24368e-11
5.74602e-06
-1.00595e-11
5.74601e-06
-1.40722e-11
5.74601e-06
-1.05542e-11
5.74601e-06
-1.33635e-11
5.74601e-06
-1.00984e-11
5.74601e-06
-1.07952e-11
5.746e-06
-7.8275e-12
5.746e-06
-7.97357e-12
5.746e-06
-4.68408e-12
5.746e-06
-6.81834e-12
5.746e-06
-4.03471e-12
5.746e-06
-5.4786e-12
5.746e-06
-2.88721e-12
5.746e-06
-4.99744e-12
5.746e-06
-1.94998e-12
5.746e-06
-4.60657e-12
5.746e-06
-1.44625e-12
5.746e-06
-4.43527e-12
5.746e-06
-2.96423e-12
5.746e-06
-1.67099e-11
5.746e-06
-6.29442e-11
5.74598e-06
-2.27807e-10
-5.8448e-10
5.59495e-06
-2.38824e-09
5.59509e-06
-3.16846e-09
5.59513e-06
-7.76322e-10
5.59512e-06
5.50706e-10
5.59511e-06
5.7463e-10
5.59506e-06
7.31925e-10
5.59503e-06
5.4952e-10
5.59501e-06
9.41362e-10
5.59498e-06
1.30986e-09
5.59498e-06
1.06785e-09
5.59498e-06
6.35755e-10
5.59497e-06
2.78483e-10
5.59496e-06
5.77382e-11
5.59493e-06
-1.69077e-10
5.59489e-06
-3.37165e-10
5.59485e-06
-4.08743e-10
5.59481e-06
-4.62026e-10
5.59476e-06
-5.24775e-10
5.59482e-06
-2.16233e-09
5.59496e-06
-3.23448e-09
5.59498e-06
-1.1493e-09
5.59496e-06
3.59948e-10
5.59494e-06
6.78198e-10
5.59491e-06
1.04591e-09
5.59491e-06
7.68581e-10
5.59486e-06
7.24883e-10
5.59479e-06
8.02572e-10
5.59475e-06
6.17327e-10
5.59473e-06
3.75472e-10
5.59472e-06
1.43286e-10
5.5947e-06
-3.44551e-12
5.59466e-06
-1.81427e-10
5.59475e-06
-1.84298e-09
5.59489e-06
-2.89248e-09
5.59492e-06
-1.68547e-09
5.59491e-06
-6.51032e-10
5.5949e-06
-1.85177e-10
5.59494e-06
4.38507e-11
5.59497e-06
1.26736e-09
5.59503e-06
1.92569e-09
5.59508e-06
1.61088e-09
5.59509e-06
1.53706e-09
5.59511e-06
9.99096e-10
5.59508e-06
8.19527e-10
5.59502e-06
8.12773e-10
5.59498e-06
6.28762e-10
5.59497e-06
4.0033e-10
5.59496e-06
1.99409e-10
5.59495e-06
1.0907e-10
5.59495e-06
6.74085e-11
5.59494e-06
4.17973e-11
5.59494e-06
4.07303e-11
5.59494e-06
3.15508e-11
5.59494e-06
3.72367e-11
5.59494e-06
2.78821e-11
5.59494e-06
3.08317e-11
5.59495e-06
3.39223e-11
5.59495e-06
3.79567e-11
5.59496e-06
4.12939e-11
5.59496e-06
3.65949e-11
5.59497e-06
2.65379e-11
5.59497e-06
2.26864e-11
5.59497e-06
1.43831e-11
5.59498e-06
1.35242e-11
5.59498e-06
7.04009e-12
5.59498e-06
1.22739e-11
5.59498e-06
4.74373e-12
5.59498e-06
8.10661e-12
5.59499e-06
1.03415e-11
5.59499e-06
1.45432e-11
5.59499e-06
1.60624e-11
5.595e-06
1.22719e-11
5.595e-06
1.09687e-12
5.595e-06
1.37015e-12
5.595e-06
-6.08754e-12
5.595e-06
-3.71851e-12
5.59499e-06
-1.0852e-11
5.59499e-06
-8.40083e-12
5.59499e-06
-1.15073e-11
5.59499e-06
-9.40848e-12
5.59499e-06
-1.033e-11
5.59498e-06
-9.18191e-12
5.59498e-06
-8.33555e-12
5.59498e-06
-7.56651e-12
5.59498e-06
-5.7441e-12
5.59498e-06
-4.81465e-12
5.59498e-06
-4.7782e-12
5.59498e-06
-4.21332e-12
5.59498e-06
-3.7893e-12
5.59497e-06
-2.87069e-12
5.59497e-06
-3.76541e-12
5.59497e-06
-1.87582e-12
5.59497e-06
-3.64072e-12
5.59497e-06
-1.20366e-12
5.59497e-06
-3.80107e-12
5.59497e-06
-2.74108e-12
5.59497e-06
-1.56857e-11
5.59497e-06
-5.98188e-11
5.59496e-06
-2.15221e-10
-5.26986e-10
5.41167e-06
-2.52395e-09
5.4119e-06
-3.40143e-09
5.41197e-06
-8.43318e-10
5.41202e-06
5.00214e-10
5.412e-06
5.96886e-10
5.4119e-06
8.22505e-10
5.41188e-06
5.72562e-10
5.41179e-06
1.03744e-09
5.41165e-06
1.44667e-09
5.4116e-06
1.11983e-09
5.41158e-06
6.4941e-10
5.41157e-06
2.87542e-10
5.41156e-06
7.22452e-11
5.41153e-06
-1.39707e-10
5.41149e-06
-2.95806e-10
5.41145e-06
-3.63691e-10
5.4114e-06
-4.14794e-10
5.41135e-06
-4.74355e-10
5.41151e-06
-2.32026e-09
5.41174e-06
-3.4705e-09
5.41179e-06
-1.19117e-09
5.41182e-06
3.28932e-10
5.4118e-06
6.92314e-10
5.41174e-06
1.10835e-09
5.41174e-06
7.69977e-10
5.41162e-06
8.41089e-10
5.41144e-06
9.88953e-10
5.41134e-06
7.14202e-10
5.4113e-06
4.14507e-10
5.41129e-06
1.68524e-10
5.41126e-06
1.37023e-11
5.41123e-06
-1.54445e-10
5.41142e-06
-2.02788e-09
5.41166e-06
-3.13148e-09
5.41169e-06
-1.72329e-09
5.41168e-06
-6.41103e-10
5.41167e-06
-1.76744e-10
5.4117e-06
1.09428e-11
5.41178e-06
1.19488e-09
5.4119e-06
1.80084e-09
5.41196e-06
1.55142e-09
5.41194e-06
1.5531e-09
5.41197e-06
9.77544e-10
5.41187e-06
9.20751e-10
5.41169e-06
9.8997e-10
5.4116e-06
7.15762e-10
5.41157e-06
4.3114e-10
5.41156e-06
2.11584e-10
5.41155e-06
1.17841e-10
5.41154e-06
7.20651e-11
5.41154e-06
4.40396e-11
5.41154e-06
4.02494e-11
5.41154e-06
3.01373e-11
5.41155e-06
3.43337e-11
5.41155e-06
2.49661e-11
5.41155e-06
2.67892e-11
5.41156e-06
2.97443e-11
5.41156e-06
3.24459e-11
5.41157e-06
3.66775e-11
5.41157e-06
3.13861e-11
5.41158e-06
2.15777e-11
5.41158e-06
1.86234e-11
5.41159e-06
1.01896e-11
5.41159e-06
1.00521e-11
5.41159e-06
4.42819e-12
5.4116e-06
9.46915e-12
5.4116e-06
2.69217e-12
5.4116e-06
5.51613e-12
5.4116e-06
8.12997e-12
5.4116e-06
1.14833e-11
5.41161e-06
1.44654e-11
5.41161e-06
1.00787e-11
5.41161e-06
6.75774e-13
5.41161e-06
6.18602e-13
5.41161e-06
-4.94617e-12
5.41161e-06
-2.92474e-12
5.41161e-06
-8.71056e-12
5.41161e-06
-6.27697e-12
5.4116e-06
-9.39709e-12
5.4116e-06
-6.57951e-12
5.4116e-06
-8.88786e-12
5.4116e-06
-6.74912e-12
5.4116e-06
-7.23515e-12
5.41159e-06
-5.41737e-12
5.41159e-06
-5.24433e-12
5.41159e-06
-2.95391e-12
5.41159e-06
-4.62393e-12
5.41159e-06
-2.73998e-12
5.41159e-06
-3.6919e-12
5.41159e-06
-1.85962e-12
5.41159e-06
-3.48738e-12
5.41159e-06
-1.15191e-12
5.41159e-06
-3.29989e-12
5.41159e-06
-8.04215e-13
5.41159e-06
-3.31916e-12
5.41159e-06
-2.29299e-12
5.41159e-06
-1.47939e-11
5.41158e-06
-5.65236e-11
5.41157e-06
-2.01057e-10
-4.90976e-10
5.18076e-06
-3.01896e-09
5.18135e-06
-3.98096e-09
5.18148e-06
-9.7734e-10
5.18161e-06
3.65723e-10
5.1815e-06
7.04599e-10
5.18123e-06
1.09447e-09
5.18118e-06
6.24294e-10
5.1809e-06
1.31592e-09
5.18048e-06
1.86612e-09
5.18032e-06
1.28627e-09
5.18028e-06
6.85124e-10
5.18027e-06
3.01004e-10
5.18025e-06
8.67104e-11
5.18022e-06
-1.09797e-10
5.18018e-06
-2.51353e-10
5.18013e-06
-3.13817e-10
5.18008e-06
-3.61578e-10
5.18004e-06
-4.34685e-10
5.18053e-06
-2.81644e-09
5.18114e-06
-4.07875e-09
5.18125e-06
-1.30019e-09
5.18137e-06
2.13338e-10
5.18127e-06
7.85723e-10
5.18104e-06
1.34243e-09
5.18102e-06
7.93213e-10
5.18072e-06
1.1424e-09
5.18024e-06
1.46657e-09
5.18002e-06
9.32839e-10
5.17996e-06
4.79483e-10
5.17993e-06
2.00034e-10
5.17991e-06
3.24263e-11
5.1799e-06
-1.44653e-10
5.18043e-06
-2.55984e-09
5.18106e-06
-3.76155e-09
5.18117e-06
-1.8345e-09
5.18117e-06
-6.47253e-10
5.18117e-06
-1.72026e-10
5.18119e-06
-1.44852e-11
5.18127e-06
1.1133e-09
5.18148e-06
1.59155e-09
5.18147e-06
1.56455e-09
5.18128e-06
1.73616e-09
5.18129e-06
9.76509e-10
5.181e-06
1.20679e-09
5.18053e-06
1.45904e-09
5.18032e-06
9.25132e-10
5.18027e-06
4.87953e-10
5.18025e-06
2.29615e-10
5.18024e-06
1.25893e-10
5.18024e-06
7.36595e-11
5.18024e-06
4.3001e-11
5.18024e-06
3.65236e-11
5.18025e-06
2.61151e-11
5.18025e-06
2.90197e-11
5.18026e-06
2.02645e-11
5.18026e-06
2.12017e-11
5.18027e-06
2.41803e-11
5.18027e-06
2.57529e-11
5.18028e-06
3.08324e-11
5.18029e-06
2.48871e-11
5.18029e-06
1.6527e-11
5.1803e-06
1.24937e-11
5.1803e-06
7.6526e-12
5.18031e-06
6.58893e-12
5.18031e-06
1.98605e-12
5.18031e-06
6.67958e-12
5.18031e-06
9.28438e-13
5.18031e-06
3.19389e-12
5.18032e-06
6.1458e-12
5.18032e-06
8.61839e-12
5.18032e-06
1.28856e-11
5.18032e-06
9.12419e-12
5.18032e-06
-5.85422e-13
5.18033e-06
1.215e-12
5.18032e-06
-4.9288e-12
5.18032e-06
-1.40434e-12
5.18032e-06
-7.35153e-12
5.18032e-06
-4.96845e-12
5.18032e-06
-6.64127e-12
5.18031e-06
-6.24605e-12
5.18031e-06
-5.02173e-12
5.18031e-06
-6.36623e-12
5.18031e-06
-4.00045e-12
5.18031e-06
-5.82601e-12
5.18031e-06
-2.11324e-12
5.1803e-06
-3.88917e-12
5.1803e-06
-1.59877e-12
5.1803e-06
-3.56837e-12
5.1803e-06
-1.18792e-12
5.1803e-06
-2.2331e-12
5.1803e-06
-1.72395e-12
5.1803e-06
-1.35655e-12
5.1803e-06
-1.95606e-12
5.1803e-06
-6.40574e-13
5.1803e-06
-2.55933e-12
5.1803e-06
-2.19399e-12
5.1803e-06
-1.33053e-11
5.18029e-06
-5.14051e-11
5.18028e-06
-1.84453e-10
-4.84405e-10
4.87264e-06
-4.57479e-09
4.87438e-06
-5.7192e-09
4.87446e-06
-1.05971e-09
4.87444e-06
3.85092e-10
4.87393e-06
1.21386e-09
4.87309e-06
1.93836e-09
4.87293e-06
7.8159e-10
4.8723e-06
1.94848e-09
4.87136e-06
2.7986e-09
4.87104e-06
1.6092e-09
4.871e-06
7.24384e-10
4.871e-06
3.05149e-10
4.87099e-06
9.36791e-11
4.87096e-06
-8.17724e-11
4.87091e-06
-2.02384e-10
4.87086e-06
-2.55678e-10
4.87079e-06
-2.97327e-10
4.87077e-06
-4.12013e-10
4.87232e-06
-4.36353e-09
4.87412e-06
-5.8756e-09
4.87417e-06
-1.35572e-09
4.87413e-06
2.54055e-10
4.87364e-06
1.27203e-09
4.87285e-06
2.13326e-09
4.87273e-06
9.12076e-10
4.87207e-06
1.80341e-09
4.87107e-06
2.47261e-09
4.87068e-06
1.32064e-09
4.87061e-06
5.54665e-10
4.87059e-06
2.25203e-10
4.87057e-06
4.66492e-11
4.87059e-06
-1.65955e-10
4.87219e-06
-4.15822e-09
4.87407e-06
-5.63975e-09
4.87443e-06
-2.19722e-09
4.87449e-06
-7.07212e-10
4.87449e-06
-1.81719e-10
4.87448e-06
-2.97518e-12
4.87428e-06
1.3101e-09
4.87431e-06
1.56416e-09
4.87391e-06
1.96536e-09
4.87317e-06
2.47047e-09
4.87308e-06
1.06945e-09
4.87244e-06
1.85316e-09
4.87144e-06
2.45845e-09
4.87106e-06
1.30564e-09
4.87099e-06
5.55846e-10
4.87098e-06
2.41293e-10
4.87098e-06
1.25731e-10
4.87098e-06
6.76716e-11
4.87099e-06
3.63985e-11
4.871e-06
2.85475e-11
4.87101e-06
1.91607e-11
4.87101e-06
2.12753e-11
4.87102e-06
1.39238e-11
4.87103e-06
1.42897e-11
4.87103e-06
1.73716e-11
4.87104e-06
1.80537e-11
4.87105e-06
2.38385e-11
4.87106e-06
1.77365e-11
4.87106e-06
1.11712e-11
4.87106e-06
6.46654e-12
4.87107e-06
5.09708e-12
4.87107e-06
3.30631e-12
4.87107e-06
-1.04517e-13
4.87108e-06
4.02851e-12
4.87108e-06
-4.58495e-13
4.87108e-06
1.20847e-12
4.87108e-06
4.35757e-12
4.87108e-06
5.93189e-12
4.87109e-06
1.12079e-11
4.87109e-06
8.14053e-12
4.87109e-06
-1.36757e-12
4.87109e-06
1.82759e-12
4.87109e-06
-4.55552e-12
4.87109e-06
-2.0582e-14
4.87109e-06
-5.81843e-12
4.87108e-06
-3.67277e-12
4.87108e-06
-4.0016e-12
4.87108e-06
-5.74294e-12
4.87108e-06
-1.47383e-12
4.87107e-06
-5.7445e-12
4.87107e-06
-1.02233e-12
4.87107e-06
-5.89721e-12
4.87107e-06
6.85921e-13
4.87107e-06
-4.51664e-12
4.87107e-06
1.10267e-12
4.87107e-06
-4.10183e-12
4.87107e-06
1.04392e-12
4.87107e-06
-2.43795e-12
4.87107e-06
-1.0215e-13
4.87107e-06
-1.46977e-12
4.87107e-06
-6.81209e-13
4.87107e-06
-4.73629e-13
4.87106e-06
-1.78051e-12
4.87106e-06
-2.04638e-12
4.87106e-06
-1.13649e-11
4.87106e-06
-4.41088e-11
4.87103e-06
-1.60199e-10
-5.35885e-10
4.421e-06
-7.72695e-09
4.42438e-06
-9.08255e-09
4.42352e-06
-2.09681e-10
4.42253e-06
1.36776e-09
4.42138e-06
2.36776e-09
4.41988e-06
3.43825e-09
4.41973e-06
9.27695e-10
4.41891e-06
2.77751e-09
4.41779e-06
3.91914e-09
4.41763e-06
1.76407e-09
4.41773e-06
6.24514e-10
4.41779e-06
2.4773e-10
4.41781e-06
7.49598e-11
4.41778e-06
-5.68244e-11
4.41772e-06
-1.41187e-10
4.41764e-06
-1.77404e-10
4.41755e-06
-2.07935e-10
4.41751e-06
-3.67398e-10
4.42066e-06
-7.51831e-09
4.42405e-06
-9.26241e-09
4.42314e-06
-4.38108e-10
4.42212e-06
1.27794e-09
4.42099e-06
2.3951e-09
4.41957e-06
3.55813e-09
4.41947e-06
1.0057e-09
4.4186e-06
2.67359e-09
4.41738e-06
3.69795e-09
4.41713e-06
1.56888e-09
4.41718e-06
5.05509e-10
4.41722e-06
1.98681e-10
4.41722e-06
3.71292e-11
4.41725e-06
-1.95964e-10
4.42048e-06
-7.38952e-09
4.42405e-06
-9.20592e-09
4.42443e-06
-2.58922e-09
4.42445e-06
-7.2815e-10
4.42445e-06
-1.76527e-10
4.42437e-06
7.56933e-11
4.42322e-06
2.46017e-09
4.42236e-06
2.41862e-09
4.42139e-06
2.93725e-09
4.42005e-06
3.80714e-09
4.42e-06
1.12622e-09
4.41914e-06
2.70855e-09
4.41792e-06
3.6829e-09
4.41767e-06
1.54922e-09
4.41772e-06
5.01944e-10
4.41777e-06
1.97421e-10
4.4178e-06
9.90415e-11
4.41782e-06
4.6443e-11
4.41783e-06
2.17912e-11
4.41784e-06
1.58878e-11
4.41785e-06
9.62266e-12
4.41786e-06
1.16422e-11
4.41787e-06
6.54554e-12
4.41788e-06
6.16484e-12
4.41789e-06
9.71159e-12
4.41789e-06
8.89384e-12
4.41791e-06
1.65772e-11
4.41791e-06
9.80026e-12
4.41792e-06
6.09322e-12
4.41792e-06
-2.50725e-13
4.41793e-06
4.11421e-12
4.41793e-06
5.13262e-13
4.41793e-06
-1.51924e-12
4.41793e-06
1.68592e-12
4.41793e-06
-1.28664e-12
4.41793e-06
-7.86511e-13
4.41794e-06
2.72337e-12
4.41794e-06
2.55202e-12
4.41794e-06
9.99229e-12
4.41795e-06
7.80479e-12
4.41794e-06
-2.47256e-12
4.41795e-06
3.4098e-12
4.41794e-06
-4.66078e-12
4.41794e-06
1.76793e-12
4.41794e-06
-4.64578e-12
4.41794e-06
-2.91572e-12
4.41794e-06
-1.01876e-12
4.41793e-06
-6.87396e-12
4.41793e-06
3.41924e-12
4.41793e-06
-6.37873e-12
4.41793e-06
3.12917e-12
4.41792e-06
-7.4848e-12
4.41793e-06
4.93927e-12
4.41792e-06
-6.89972e-12
4.41792e-06
5.4653e-12
4.41792e-06
-5.98385e-12
4.41792e-06
4.67028e-12
4.41792e-06
-3.45836e-12
4.41792e-06
2.39239e-12
4.41792e-06
-2.1373e-12
4.41792e-06
1.21463e-12
4.41792e-06
-4.25505e-13
4.41792e-06
-7.62775e-13
4.41792e-06
-1.93334e-12
4.41792e-06
-7.92577e-12
4.4179e-06
-3.11231e-11
4.41786e-06
-1.18095e-10
-5.28058e-10
3.63233e-06
3.62324e-06
3.62303e-06
3.6244e-06
3.62677e-06
3.63021e-06
3.63114e-06
3.63391e-06
3.63783e-06
3.6396e-06
3.64022e-06
3.64047e-06
3.64054e-06
3.64049e-06
3.64035e-06
3.64017e-06
3.63996e-06
3.63959e-06
3.63207e-06
3.62281e-06
3.62237e-06
3.62365e-06
3.62605e-06
3.62961e-06
3.63061e-06
3.63328e-06
3.63698e-06
3.63855e-06
3.63906e-06
3.63926e-06
3.63929e-06
3.6391e-06
3.63171e-06
3.6225e-06
3.61991e-06
3.61918e-06
3.61901e-06
3.61908e-06
3.62154e-06
3.62396e-06
3.6269e-06
3.63071e-06
3.63183e-06
3.63454e-06
3.63822e-06
3.63977e-06
3.64028e-06
3.64047e-06
3.64057e-06
3.64062e-06
3.64064e-06
3.64066e-06
3.64067e-06
3.64068e-06
3.64068e-06
3.64069e-06
3.6407e-06
3.64071e-06
3.64073e-06
3.64073e-06
3.64074e-06
3.64074e-06
3.64074e-06
3.64075e-06
3.64074e-06
3.64075e-06
3.64074e-06
3.64074e-06
3.64075e-06
3.64075e-06
3.64076e-06
3.64077e-06
3.64076e-06
3.64077e-06
3.64076e-06
3.64076e-06
3.64076e-06
3.64076e-06
3.64076e-06
3.64075e-06
3.64075e-06
3.64075e-06
3.64075e-06
3.64074e-06
3.64075e-06
3.64074e-06
3.64075e-06
3.64074e-06
3.64074e-06
3.64074e-06
3.64074e-06
3.64074e-06
3.64074e-06
3.64074e-06
3.64074e-06
3.64074e-06
3.64073e-06
3.6407e-06
3.64058e-06
)
;

boundaryField
{
    inlet
    {
        type            cyclic;
        value           nonuniform List<scalar> 
50
(
-5.98357e-06
-5.87391e-06
-5.74632e-06
-5.59529e-06
-5.41203e-06
-5.18133e-06
-4.87379e-06
-4.42217e-06
-3.62466e-06
-6.07895e-06
-6.16258e-06
-6.23629e-06
-6.30143e-06
-6.35903e-06
-6.40989e-06
-6.45463e-06
-6.49375e-06
-6.52766e-06
-6.5567e-06
-6.58112e-06
-6.60114e-06
-6.61695e-06
-6.62868e-06
-6.63643e-06
-6.64028e-06
-6.64024e-06
-6.63633e-06
-6.62852e-06
-6.61673e-06
-6.60086e-06
-6.58078e-06
-6.55632e-06
-6.52725e-06
-6.49331e-06
-6.45417e-06
-6.40941e-06
-6.35855e-06
-6.30095e-06
-6.23582e-06
-6.16212e-06
-6.0785e-06
-5.98314e-06
-5.8735e-06
-5.74593e-06
-5.59491e-06
-5.41154e-06
-5.18029e-06
-4.8711e-06
-4.41788e-06
-3.64005e-06
)
;
    }
    outlet
    {
        type            cyclic;
        value           nonuniform List<scalar> 
50
(
5.98357e-06
5.87391e-06
5.74632e-06
5.59529e-06
5.41203e-06
5.18133e-06
4.87379e-06
4.42217e-06
3.62466e-06
6.07895e-06
6.16258e-06
6.23629e-06
6.30143e-06
6.35903e-06
6.40989e-06
6.45463e-06
6.49375e-06
6.52766e-06
6.5567e-06
6.58112e-06
6.60114e-06
6.61695e-06
6.62868e-06
6.63643e-06
6.64028e-06
6.64024e-06
6.63633e-06
6.62852e-06
6.61673e-06
6.60086e-06
6.58078e-06
6.55632e-06
6.52725e-06
6.49331e-06
6.45417e-06
6.40941e-06
6.35855e-06
6.30095e-06
6.23582e-06
6.16212e-06
6.0785e-06
5.98314e-06
5.8735e-06
5.74593e-06
5.59491e-06
5.41154e-06
5.18029e-06
4.8711e-06
4.41788e-06
3.64005e-06
)
;
    }
    bottomWall
    {
        type            calculated;
        value           uniform 0;
    }
    topWall
    {
        type            calculated;
        value           uniform 0;
    }
    frontAndBack
    {
        type            empty;
    }
}


// ************************************************************************* //
