/*--------------------------------*- C++ -*----------------------------------*\
  =========                 |
  \\      /  F ield         | OpenFOAM: The Open Source CFD Toolbox
   \\    /   O peration     | Website:  https://openfoam.org
    \\  /    A nd           | Version:  11
     \\/     M anipulation  |
\*---------------------------------------------------------------------------*/
FoamFile
{
    format      ascii;
    class       volVectorField;
    location    "500";
    object      U;
}
// * * * * * * * * * * * * * * * * * * * * * * * * * * * * * * * * * * * * * //

dimensions      [0 1 -1 0 0 0 0];

internalField   nonuniform List<vector> 
5000
(
(6.05146 0.00186318 0)
(6.06227 -0.000471885 0)
(6.04077 -0.000732485 0)
(6.04287 0.000197142 0)
(6.04072 0.000237431 0)
(6.05021 0.000950165 0)
(6.06177 0.000727861 0)
(6.06664 -0.00103228 0)
(6.04228 -0.0018495 0)
(6.03468 -0.000738733 0)
(6.03239 -0.000311502 0)
(6.03168 -0.000138076 0)
(6.03143 -4.86471e-05 0)
(6.03104 0.000880844 0)
(6.03975 0.000870668 0)
(6.03945 0.000586977 0)
(6.04962 0.000844682 0)
(6.05327 0.000405733 0)
(6.05424 0.000329974 0)
(6.06257 0.000417913 0)
(6.06665 0.000265905 0)
(6.06815 0.000108743 0)
(6.06879 4.02418e-05 0)
(6.0691 1.32803e-05 0)
(6.06926 1.30568e-06 0)
(6.06931 6.06204e-07 0)
(6.06927 1.2457e-06 0)
(6.06918 1.27351e-06 0)
(6.06912 -3.06281e-07 0)
(6.06907 -8.65572e-07 0)
(6.06906 -6.53322e-07 0)
(6.06906 4.92549e-07 0)
(6.06907 3.77041e-06 0)
(6.06906 7.92514e-06 0)
(6.06901 1.00102e-05 0)
(6.06894 8.48619e-06 0)
(6.06888 4.75221e-06 0)
(6.06884 3.71012e-06 0)
(6.06889 -0.00141146 0)
(6.04295 -0.00201257 0)
(6.03491 -0.000829162 0)
(6.03254 -0.000349391 0)
(6.03186 -0.000156957 0)
(6.03167 -6.8485e-05 0)
(6.03156 -2.74811e-05 0)
(6.03148 -1.12862e-05 0)
(6.03143 -5.29953e-06 0)
(6.03141 -3.65347e-06 0)
(6.03141 -2.61185e-06 0)
(6.03143 -1.9639e-06 0)
(6.03144 -1.08139e-06 0)
(6.03147 -9.82876e-07 0)
(6.03148 -4.34134e-07 0)
(6.03151 -6.29229e-07 0)
(6.03152 -2.66234e-07 0)
(6.03154 -6.24838e-07 0)
(6.03155 -2.86322e-07 0)
(6.03157 -5.84388e-07 0)
(6.03158 -3.35584e-07 0)
(6.03159 -4.81765e-07 0)
(6.03159 -2.9906e-07 0)
(6.0316 -3.64153e-07 0)
(6.03161 -8.34861e-08 0)
(6.03162 -2.14495e-07 0)
(6.03162 1.04335e-07 0)
(6.03163 -1.55691e-07 0)
(6.03164 1.66608e-07 0)
(6.03164 -1.93402e-07 0)
(6.03164 1.31784e-07 0)
(6.03164 -1.83522e-07 0)
(6.03164 6.03494e-08 0)
(6.03163 -8.40468e-08 0)
(6.03162 2.28141e-08 0)
(6.03162 -4.81791e-08 0)
(6.03162 5.7217e-08 0)
(6.03161 -4.17546e-08 0)
(6.03161 8.63151e-08 0)
(6.03161 -4.77452e-08 0)
(6.03161 7.14997e-08 0)
(6.03161 -8.37744e-08 0)
(6.03161 8.72838e-08 0)
(6.03161 -4.44439e-08 0)
(6.03161 8.21557e-08 0)
(6.03161 -5.16104e-08 0)
(6.03161 7.64393e-08 0)
(6.03161 -7.43599e-08 0)
(6.03161 1.02073e-07 0)
(6.03161 -4.52038e-08 0)
(6.0316 9.51685e-08 0)
(6.03161 -4.40023e-08 0)
(6.0316 9.20025e-08 0)
(6.0316 -4.17007e-08 0)
(6.0316 9.3657e-08 0)
(6.0316 -2.61593e-08 0)
(6.0316 9.78735e-08 0)
(6.0316 1.5651e-08 0)
(6.0316 4.3351e-07 0)
(6.03159 1.26597e-06 0)
(6.03155 6.82356e-06 0)
(6.03112 0.00131361 0)
(7.36709 0.000654528 0)
(7.36516 -5.08477e-05 0)
(7.37343 -0.000203263 0)
(7.37098 -5.37778e-06 0)
(7.37155 8.45352e-05 0)
(7.36798 0.000249142 0)
(7.3645 0.000240996 0)
(7.36423 -0.000238742 0)
(7.37418 -0.000598355 0)
(7.37482 -0.000370965 0)
(7.37457 -0.000185501 0)
(7.37442 -9.0043e-05 0)
(7.37428 -3.26841e-05 0)
(7.37369 0.000309537 0)
(7.37047 0.000321533 0)
(7.37112 0.000263321 0)
(7.36741 0.000384779 0)
(7.36722 0.000267599 0)
(7.36771 7.51203e-05 0)
(7.36445 7.34441e-05 0)
(7.36349 9.65119e-05 0)
(7.3637 5.12534e-05 0)
(7.3639 1.68437e-05 0)
(7.36403 3.75311e-06 0)
(7.36413 -2.58739e-06 0)
(7.36417 1.11582e-06 0)
(7.36416 3.72546e-06 0)
(7.36411 4.23587e-06 0)
(7.36409 1.52753e-06 0)
(7.36406 7.15637e-07 0)
(7.36406 -8.33849e-08 0)
(7.36405 6.29997e-07 0)
(7.36404 3.81377e-06 0)
(7.36397 8.26713e-06 0)
(7.36389 1.10817e-05 0)
(7.36381 9.28289e-06 0)
(7.36374 5.3772e-06 0)
(7.36373 2.33328e-06 0)
(7.3642 -0.000423746 0)
(7.37406 -0.000706913 0)
(7.37467 -0.000435469 0)
(7.37448 -0.000218581 0)
(7.37439 -0.00010748 0)
(7.37434 -4.78024e-05 0)
(7.3743 -1.71843e-05 0)
(7.37426 -5.68794e-06 0)
(7.37424 -2.53796e-06 0)
(7.37424 -2.74972e-06 0)
(7.37425 -2.00627e-06 0)
(7.37427 -2.00907e-06 0)
(7.37429 -1.07471e-06 0)
(7.37431 -1.32694e-06 0)
(7.37433 -5.67446e-07 0)
(7.37435 -1.0616e-06 0)
(7.37437 -4.27085e-07 0)
(7.37439 -1.10305e-06 0)
(7.3744 -5.0249e-07 0)
(7.37442 -1.10653e-06 0)
(7.37443 -6.31622e-07 0)
(7.37444 -8.91738e-07 0)
(7.37444 -5.18365e-07 0)
(7.37445 -6.16438e-07 0)
(7.37446 -1.20163e-07 0)
(7.37447 -3.78354e-07 0)
(7.37448 1.81739e-07 0)
(7.37449 -3.06398e-07 0)
(7.37449 2.97245e-07 0)
(7.3745 -3.56503e-07 0)
(7.3745 2.34798e-07 0)
(7.3745 -3.8592e-07 0)
(7.37449 8.19167e-08 0)
(7.37449 -1.86885e-07 0)
(7.37448 5.83761e-08 0)
(7.37448 -6.58099e-08 0)
(7.37447 1.2815e-07 0)
(7.37447 -6.2865e-08 0)
(7.37447 1.68302e-07 0)
(7.37447 -7.90461e-08 0)
(7.37447 1.39101e-07 0)
(7.37447 -1.3711e-07 0)
(7.37447 1.63987e-07 0)
(7.37447 -8.80034e-08 0)
(7.37447 1.46114e-07 0)
(7.37447 -9.34942e-08 0)
(7.37446 1.37108e-07 0)
(7.37446 -1.29397e-07 0)
(7.37446 1.80832e-07 0)
(7.37446 -8.90886e-08 0)
(7.37446 1.68712e-07 0)
(7.37446 -8.73464e-08 0)
(7.37446 1.61271e-07 0)
(7.37446 -8.38283e-08 0)
(7.37446 1.62128e-07 0)
(7.37446 -6.22929e-08 0)
(7.37446 1.64613e-07 0)
(7.37446 -8.2872e-09 0)
(7.37445 5.9118e-07 0)
(7.37445 1.62211e-06 0)
(7.3744 8.08922e-06 0)
(7.37373 0.000489404 0)
(8.12177 0.000255216 0)
(8.12062 3.34083e-05 0)
(8.12399 -8.2401e-05 0)
(8.12417 -5.62481e-05 0)
(8.12486 1.92039e-05 0)
(8.12306 0.000104164 0)
(8.12051 0.000112077 0)
(8.11973 -4.26202e-05 0)
(8.12419 -0.000213174 0)
(8.12485 -0.000176661 0)
(8.12482 -0.000104766 0)
(8.12476 -5.45666e-05 0)
(8.12467 -1.98278e-05 0)
(8.1244 9.10274e-05 0)
(8.12401 0.000102764 0)
(8.12465 0.00013119 0)
(8.12273 0.000198584 0)
(8.12247 0.000158436 0)
(8.12264 5.29427e-05 0)
(8.1203 2.93503e-05 0)
(8.11911 4.31449e-05 0)
(8.11896 2.80421e-05 0)
(8.11897 8.63449e-06 0)
(8.11901 6.12238e-08 0)
(8.11906 -5.05087e-06 0)
(8.11907 1.76517e-06 0)
(8.11906 5.37206e-06 0)
(8.11902 6.2271e-06 0)
(8.119 2.61566e-06 0)
(8.11898 1.60331e-06 0)
(8.11898 4.14082e-07 0)
(8.11897 1.18533e-06 0)
(8.11895 4.81976e-06 0)
(8.1189 9.9813e-06 0)
(8.11882 1.2931e-05 0)
(8.11876 1.03278e-05 0)
(8.11871 5.64677e-06 0)
(8.11871 -3.81595e-07 0)
(8.11905 -0.000152962 0)
(8.12377 -0.000293894 0)
(8.12455 -0.000230716 0)
(8.12462 -0.00013639 0)
(8.12463 -7.3021e-05 0)
(8.12462 -3.21144e-05 0)
(8.12459 -9.34078e-06 0)
(8.12456 -1.86918e-06 0)
(8.12455 -7.65234e-07 0)
(8.12456 -2.3535e-06 0)
(8.12457 -1.85753e-06 0)
(8.12459 -2.41183e-06 0)
(8.1246 -1.2909e-06 0)
(8.12462 -1.88732e-06 0)
(8.12464 -8.57236e-07 0)
(8.12466 -1.7026e-06 0)
(8.12468 -7.43934e-07 0)
(8.1247 -1.78519e-06 0)
(8.12471 -8.54354e-07 0)
(8.12473 -1.8188e-06 0)
(8.12474 -1.04894e-06 0)
(8.12475 -1.4597e-06 0)
(8.12476 -8.457e-07 0)
(8.12477 -9.85968e-07 0)
(8.12478 -2.27381e-07 0)
(8.12479 -6.34192e-07 0)
(8.1248 2.18555e-07 0)
(8.12481 -5.24463e-07 0)
(8.12481 4.21217e-07 0)
(8.12482 -5.66516e-07 0)
(8.12482 3.66497e-07 0)
(8.12482 -6.06359e-07 0)
(8.12481 1.4425e-07 0)
(8.12481 -2.89078e-07 0)
(8.1248 1.3273e-07 0)
(8.1248 -6.32472e-08 0)
(8.12479 2.36858e-07 0)
(8.12479 -6.89514e-08 0)
(8.12479 2.75729e-07 0)
(8.12479 -1.10977e-07 0)
(8.12479 2.30809e-07 0)
(8.12479 -1.97119e-07 0)
(8.12479 2.59172e-07 0)
(8.12479 -1.44611e-07 0)
(8.12479 2.31939e-07 0)
(8.12479 -1.48096e-07 0)
(8.12479 2.23839e-07 0)
(8.12479 -1.93591e-07 0)
(8.12479 2.80861e-07 0)
(8.12479 -1.45462e-07 0)
(8.12478 2.64971e-07 0)
(8.12478 -1.40102e-07 0)
(8.12478 2.51196e-07 0)
(8.12478 -1.34396e-07 0)
(8.12478 2.48003e-07 0)
(8.12478 -1.08938e-07 0)
(8.12478 2.48427e-07 0)
(8.12478 -3.55229e-08 0)
(8.12478 7.84135e-07 0)
(8.12477 2.04076e-06 0)
(8.12473 1.02504e-05 0)
(8.12436 0.000192844 0)
(8.63547 0.000126928 0)
(8.63519 3.611e-05 0)
(8.63598 -2.74292e-05 0)
(8.6364 -3.01092e-05 0)
(8.63679 1.6098e-06 0)
(8.63634 3.78849e-05 0)
(8.63532 4.20026e-05 0)
(8.63492 -6.80615e-06 0)
(8.63608 -8.83154e-05 0)
(8.63616 -9.27105e-05 0)
(8.63607 -6.34246e-05 0)
(8.63599 -3.47042e-05 0)
(8.63592 -1.18024e-05 0)
(8.63583 4.38382e-05 0)
(8.63619 6.2552e-05 0)
(8.63661 7.97348e-05 0)
(8.63614 0.000110561 0)
(8.63618 0.000100699 0)
(8.63626 3.64368e-05 0)
(8.63517 6.20359e-06 0)
(8.63451 1.41204e-05 0)
(8.63436 1.27657e-05 0)
(8.63434 1.33618e-06 0)
(8.63435 -3.24627e-06 0)
(8.63436 -7.14838e-06 0)
(8.63436 2.51947e-06 0)
(8.63434 6.88831e-06 0)
(8.6343 7.99303e-06 0)
(8.63428 3.52575e-06 0)
(8.63426 2.38791e-06 0)
(8.63426 8.43971e-07 0)
(8.63425 1.9426e-06 0)
(8.63423 6.08812e-06 0)
(8.63418 1.19273e-05 0)
(8.63412 1.47832e-05 0)
(8.63407 1.13388e-05 0)
(8.63403 5.87286e-06 0)
(8.63403 -2.27308e-06 0)
(8.63422 -7.11546e-05 0)
(8.63559 -0.000150878 0)
(8.6358 -0.000141378 0)
(8.63581 -9.46262e-05 0)
(8.63581 -5.41044e-05 0)
(8.6358 -2.24495e-05 0)
(8.63577 -3.86628e-06 0)
(8.63574 9.74931e-07 0)
(8.63573 5.75025e-07 0)
(8.63574 -2.1218e-06 0)
(8.63574 -1.77339e-06 0)
(8.63576 -2.82606e-06 0)
(8.63577 -1.50778e-06 0)
(8.63579 -2.44994e-06 0)
(8.63581 -1.15827e-06 0)
(8.63583 -2.34516e-06 0)
(8.63584 -1.08013e-06 0)
(8.63586 -2.47611e-06 0)
(8.63588 -1.22558e-06 0)
(8.63589 -2.53536e-06 0)
(8.6359 -1.46913e-06 0)
(8.63592 -2.03146e-06 0)
(8.63593 -1.18601e-06 0)
(8.63594 -1.37337e-06 0)
(8.63595 -3.66518e-07 0)
(8.63596 -9.15219e-07 0)
(8.63597 2.21493e-07 0)
(8.63597 -7.61872e-07 0)
(8.63598 5.09536e-07 0)
(8.63598 -7.80875e-07 0)
(8.63598 4.90245e-07 0)
(8.63599 -8.14744e-07 0)
(8.63598 2.23006e-07 0)
(8.63598 -3.78073e-07 0)
(8.63597 2.18806e-07 0)
(8.63597 -6.57061e-08 0)
(8.63597 3.5225e-07 0)
(8.63596 -7.59815e-08 0)
(8.63596 3.78362e-07 0)
(8.63596 -1.47457e-07 0)
(8.63596 3.14966e-07 0)
(8.63596 -2.54599e-07 0)
(8.63596 3.42047e-07 0)
(8.63596 -2.02886e-07 0)
(8.63596 3.10463e-07 0)
(8.63596 -2.0271e-07 0)
(8.63596 3.06002e-07 0)
(8.63596 -2.48923e-07 0)
(8.63596 3.72686e-07 0)
(8.63596 -1.96934e-07 0)
(8.63596 3.55942e-07 0)
(8.63596 -1.89196e-07 0)
(8.63596 3.38142e-07 0)
(8.63596 -1.82651e-07 0)
(8.63596 3.32044e-07 0)
(8.63596 -1.56444e-07 0)
(8.63595 3.33183e-07 0)
(8.63595 -6.09964e-08 0)
(8.63595 9.67634e-07 0)
(8.63595 2.35597e-06 0)
(8.63591 1.0757e-05 0)
(8.63579 9.65854e-05 0)
(9.0202 8.04499e-05 0)
(9.0202 3.14113e-05 0)
(9.02034 -4.6622e-06 0)
(9.02054 -7.93021e-06 0)
(9.02073 3.01424e-07 0)
(9.0207 6.48546e-06 0)
(9.02039 3.954e-06 0)
(9.02025 -3.76637e-06 0)
(9.02046 -4.50869e-05 0)
(9.02036 -5.63576e-05 0)
(9.02025 -4.30497e-05 0)
(9.02018 -2.37753e-05 0)
(9.02011 -6.64509e-06 0)
(9.02009 3.37696e-05 0)
(9.02035 5.86112e-05 0)
(9.02058 6.21761e-05 0)
(9.02056 7.09784e-05 0)
(9.02067 7.3794e-05 0)
(9.02073 2.35478e-05 0)
(9.02028 -9.58076e-06 0)
(9.01998 -3.94247e-06 0)
(9.0199 1.89013e-06 0)
(9.01988 -4.54238e-06 0)
(9.01987 -5.84618e-06 0)
(9.01988 -8.7151e-06 0)
(9.01987 3.39714e-06 0)
(9.01984 8.43218e-06 0)
(9.0198 9.65871e-06 0)
(9.01978 4.38115e-06 0)
(9.01976 3.14138e-06 0)
(9.01975 1.25019e-06 0)
(9.01974 2.71574e-06 0)
(9.01972 7.30578e-06 0)
(9.01968 1.37374e-05 0)
(9.01963 1.64243e-05 0)
(9.01958 1.2248e-05 0)
(9.01955 6.14439e-06 0)
(9.01955 -3.44823e-06 0)
(9.01964 -4.26566e-05 0)
(9.01998 -9.64231e-05 0)
(9.01998 -0.000102302 0)
(9.01997 -7.44856e-05 0)
(9.01996 -4.42078e-05 0)
(9.01995 -1.65421e-05 0)
(9.01993 1.73593e-08 0)
(9.0199 3.15315e-06 0)
(9.01989 1.65453e-06 0)
(9.01989 -1.94457e-06 0)
(9.01989 -1.70704e-06 0)
(9.01991 -3.19346e-06 0)
(9.01992 -1.70823e-06 0)
(9.01993 -2.96761e-06 0)
(9.01995 -1.45254e-06 0)
(9.01997 -2.95087e-06 0)
(9.01998 -1.42085e-06 0)
(9.02 -3.13675e-06 0)
(9.02001 -1.60601e-06 0)
(9.02003 -3.22373e-06 0)
(9.02004 -1.88354e-06 0)
(9.02005 -2.5817e-06 0)
(9.02007 -1.5248e-06 0)
(9.02008 -1.75497e-06 0)
(9.02009 -5.26e-07 0)
(9.0201 -1.19807e-06 0)
(9.02011 1.9331e-07 0)
(9.02011 -9.98651e-07 0)
(9.02012 5.6543e-07 0)
(9.02012 -9.80199e-07 0)
(9.02012 5.94376e-07 0)
(9.02012 -1.00214e-06 0)
(9.02012 3.01741e-07 0)
(9.02012 -4.51993e-07 0)
(9.02011 3.05157e-07 0)
(9.02011 -6.48698e-08 0)
(9.02011 4.57432e-07 0)
(9.02011 -8.63183e-08 0)
(9.0201 4.64897e-07 0)
(9.0201 -1.85735e-07 0)
(9.0201 3.82834e-07 0)
(9.0201 -3.10446e-07 0)
(9.0201 4.10224e-07 0)
(9.0201 -2.61372e-07 0)
(9.0201 3.77694e-07 0)
(9.0201 -2.5494e-07 0)
(9.0201 3.79542e-07 0)
(9.0201 -2.97012e-07 0)
(9.0201 4.54485e-07 0)
(9.0201 -2.43034e-07 0)
(9.0201 4.38842e-07 0)
(9.0201 -2.33079e-07 0)
(9.0201 4.17695e-07 0)
(9.0201 -2.26003e-07 0)
(9.0201 4.08922e-07 0)
(9.0201 -2.00243e-07 0)
(9.0201 4.11266e-07 0)
(9.0201 -8.31393e-08 0)
(9.0201 1.126e-06 0)
(9.02009 2.5692e-06 0)
(9.02007 1.05659e-05 0)
(9.02005 6.26155e-05 0)
(9.32563 6.39555e-05 0)
(9.32568 2.84477e-05 0)
(9.3257 3.41748e-06 0)
(9.32578 3.71415e-06 0)
(9.32588 2.03013e-06 0)
(9.32594 -6.92732e-06 0)
(9.32588 -1.52678e-05 0)
(9.32584 -7.26993e-06 0)
(9.32584 -3.11995e-05 0)
(9.32573 -4.04366e-05 0)
(9.32564 -3.30981e-05 0)
(9.32558 -1.77794e-05 0)
(9.32552 -3.15887e-06 0)
(9.32551 3.27853e-05 0)
(9.32564 6.09868e-05 0)
(9.32577 5.77653e-05 0)
(9.32583 5.57533e-05 0)
(9.32593 6.17589e-05 0)
(9.32597 1.62082e-05 0)
(9.32579 -1.88545e-05 0)
(9.32565 -1.45776e-05 0)
(9.3256 -5.34795e-06 0)
(9.32559 -8.96709e-06 0)
(9.32559 -7.81525e-06 0)
(9.32559 -9.85631e-06 0)
(9.32557 4.36449e-06 0)
(9.32554 9.92378e-06 0)
(9.3255 1.12465e-05 0)
(9.32548 5.19287e-06 0)
(9.32546 3.89659e-06 0)
(9.32545 1.65665e-06 0)
(9.32543 3.47891e-06 0)
(9.32542 8.46075e-06 0)
(9.32538 1.54521e-05 0)
(9.32533 1.79232e-05 0)
(9.32529 1.31169e-05 0)
(9.32526 6.47253e-06 0)
(9.32526 -4.15752e-06 0)
(9.32531 -3.29863e-05 0)
(9.32538 -7.61831e-05 0)
(9.32536 -8.59583e-05 0)
(9.32534 -6.53306e-05 0)
(9.32534 -3.93582e-05 0)
(9.32534 -1.30673e-05 0)
(9.32531 2.77528e-06 0)
(9.32529 4.81861e-06 0)
(9.32528 2.51203e-06 0)
(9.32528 -1.81508e-06 0)
(9.32528 -1.66019e-06 0)
(9.32529 -3.51121e-06 0)
(9.3253 -1.8963e-06 0)
(9.32531 -3.43378e-06 0)
(9.32533 -1.7441e-06 0)
(9.32534 -3.51047e-06 0)
(9.32536 -1.7682e-06 0)
(9.32537 -3.75565e-06 0)
(9.32539 -1.9964e-06 0)
(9.32541 -3.87129e-06 0)
(9.32542 -2.29198e-06 0)
(9.32543 -3.10018e-06 0)
(9.32544 -1.85921e-06 0)
(9.32545 -2.12006e-06 0)
(9.32546 -7.01459e-07 0)
(9.32547 -1.46992e-06 0)
(9.32548 1.37256e-07 0)
(9.32549 -1.21946e-06 0)
(9.32549 5.95689e-07 0)
(9.32549 -1.15347e-06 0)
(9.3255 6.71093e-07 0)
(9.3255 -1.15971e-06 0)
(9.32549 3.76072e-07 0)
(9.32549 -5.0744e-07 0)
(9.32548 3.8879e-07 0)
(9.32548 -6.08091e-08 0)
(9.32548 5.47023e-07 0)
(9.32548 -9.98655e-08 0)
(9.32548 5.31266e-07 0)
(9.32548 -2.25382e-07 0)
(9.32548 4.30395e-07 0)
(9.32548 -3.64927e-07 0)
(9.32548 4.5809e-07 0)
(9.32548 -3.16101e-07 0)
(9.32548 4.29416e-07 0)
(9.32548 -3.00234e-07 0)
(9.32548 4.38771e-07 0)
(9.32548 -3.35403e-07 0)
(9.32548 5.22224e-07 0)
(9.32548 -2.78372e-07 0)
(9.32548 5.08608e-07 0)
(9.32548 -2.66604e-07 0)
(9.32548 4.85271e-07 0)
(9.32548 -2.5986e-07 0)
(9.32548 4.74372e-07 0)
(9.32548 -2.35796e-07 0)
(9.32548 4.7789e-07 0)
(9.32548 -9.93855e-08 0)
(9.32547 1.25933e-06 0)
(9.32547 2.72675e-06 0)
(9.32545 1.06624e-05 0)
(9.32547 5.07533e-05 0)
(9.57731 5.80325e-05 0)
(9.57735 2.6787e-05 0)
(9.57736 6.0936e-06 0)
(9.5774 8.57533e-06 0)
(9.57746 2.77612e-06 0)
(9.57753 -1.23583e-05 0)
(9.57754 -2.45605e-05 0)
(9.57754 -1.07148e-05 0)
(9.57751 -2.74233e-05 0)
(9.57742 -3.31291e-05 0)
(9.57735 -2.81043e-05 0)
(9.5773 -1.44022e-05 0)
(9.57726 -7.31653e-07 0)
(9.57724 3.36561e-05 0)
(9.57731 6.30377e-05 0)
(9.57739 5.72503e-05 0)
(9.57746 5.05631e-05 0)
(9.57754 5.65039e-05 0)
(9.57757 1.24479e-05 0)
(9.57748 -2.29623e-05 0)
(9.57739 -2.02614e-05 0)
(9.57736 -9.82792e-06 0)
(9.57736 -1.21507e-05 0)
(9.57736 -9.29007e-06 0)
(9.57736 -1.06404e-05 0)
(9.57735 5.35308e-06 0)
(9.57731 1.13205e-05 0)
(9.57728 1.27565e-05 0)
(9.57725 5.96813e-06 0)
(9.57723 4.6635e-06 0)
(9.57722 2.06144e-06 0)
(9.5772 4.2343e-06 0)
(9.57718 9.5578e-06 0)
(9.57714 1.71001e-05 0)
(9.5771 1.93166e-05 0)
(9.57707 1.39693e-05 0)
(9.57704 6.85353e-06 0)
(9.57704 -4.61675e-06 0)
(9.57706 -3.03929e-05 0)
(9.57708 -6.94905e-05 0)
(9.57706 -7.93913e-05 0)
(9.57706 -6.13981e-05 0)
(9.57706 -3.71413e-05 0)
(9.57706 -1.10564e-05 0)
(9.57704 4.77551e-06 0)
(9.57702 6.10618e-06 0)
(9.57701 3.1853e-06 0)
(9.57701 -1.72038e-06 0)
(9.57701 -1.63544e-06 0)
(9.57702 -3.78019e-06 0)
(9.57703 -2.07433e-06 0)
(9.57704 -3.84589e-06 0)
(9.57705 -2.03239e-06 0)
(9.57706 -4.0187e-06 0)
(9.57708 -2.11934e-06 0)
(9.57709 -4.32497e-06 0)
(9.57711 -2.39144e-06 0)
(9.57712 -4.468e-06 0)
(9.57714 -2.6887e-06 0)
(9.57715 -3.57802e-06 0)
(9.57716 -2.18247e-06 0)
(9.57717 -2.45998e-06 0)
(9.57718 -8.84495e-07 0)
(9.57719 -1.72091e-06 0)
(9.57719 5.98749e-08 0)
(9.5772 -1.41336e-06 0)
(9.5772 6.01984e-07 0)
(9.57721 -1.296e-06 0)
(9.57721 7.26896e-07 0)
(9.57721 -1.28196e-06 0)
(9.5772 4.46305e-07 0)
(9.5772 -5.40734e-07 0)
(9.5772 4.64573e-07 0)
(9.5772 -5.45437e-08 0)
(9.5772 6.16169e-07 0)
(9.57719 -1.15328e-07 0)
(9.57719 5.74326e-07 0)
(9.57719 -2.698e-07 0)
(9.5772 4.55248e-07 0)
(9.5772 -4.20436e-07 0)
(9.5772 4.83588e-07 0)
(9.5772 -3.66079e-07 0)
(9.5772 4.6587e-07 0)
(9.5772 -3.39144e-07 0)
(9.5772 4.84618e-07 0)
(9.5772 -3.65363e-07 0)
(9.5772 5.77457e-07 0)
(9.5772 -3.04334e-07 0)
(9.5772 5.65553e-07 0)
(9.5772 -2.90732e-07 0)
(9.5772 5.40331e-07 0)
(9.5772 -2.83938e-07 0)
(9.57719 5.27141e-07 0)
(9.57719 -2.61898e-07 0)
(9.57719 5.31496e-07 0)
(9.57719 -1.09334e-07 0)
(9.57719 1.36925e-06 0)
(9.57719 2.8563e-06 0)
(9.57718 1.1025e-05 0)
(9.5772 4.69322e-05 0)
(9.78994 5.60422e-05 0)
(9.78997 2.62139e-05 0)
(9.78998 6.64983e-06 0)
(9.79 9.85783e-06 0)
(9.79006 2.35053e-06 0)
(9.79012 -1.4695e-05 0)
(9.79015 -2.9159e-05 0)
(9.79016 -1.29502e-05 0)
(9.79013 -2.63297e-05 0)
(9.79006 -2.9459e-05 0)
(9.79 -2.54304e-05 0)
(9.78996 -1.23966e-05 0)
(9.78993 1.01865e-06 0)
(9.78992 3.44701e-05 0)
(9.78996 6.37638e-05 0)
(9.79002 5.73824e-05 0)
(9.79008 4.90016e-05 0)
(9.79014 5.41216e-05 0)
(9.79016 1.05248e-05 0)
(9.7901 -2.38103e-05 0)
(9.79004 -2.2889e-05 0)
(9.79002 -1.24828e-05 0)
(9.79002 -1.44212e-05 0)
(9.79003 -1.04192e-05 0)
(9.79003 -1.11986e-05 0)
(9.79001 6.31128e-06 0)
(9.78998 1.26653e-05 0)
(9.78995 1.41749e-05 0)
(9.78992 6.7099e-06 0)
(9.7899 5.43e-06 0)
(9.78988 2.47171e-06 0)
(9.78987 4.96313e-06 0)
(9.78985 1.06041e-05 0)
(9.78981 1.86821e-05 0)
(9.78977 2.06275e-05 0)
(9.78974 1.48075e-05 0)
(9.78972 7.26059e-06 0)
(9.78971 -4.94988e-06 0)
(9.78973 -3.04258e-05 0)
(9.78974 -6.78258e-05 0)
(9.78972 -7.68671e-05 0)
(9.78972 -5.98626e-05 0)
(9.78973 -3.62507e-05 0)
(9.78973 -9.89617e-06 0)
(9.78972 6.27749e-06 0)
(9.7897 7.12552e-06 0)
(9.78969 3.70982e-06 0)
(9.78969 -1.65172e-06 0)
(9.78969 -1.63204e-06 0)
(9.78969 -4.00331e-06 0)
(9.7897 -2.24518e-06 0)
(9.78971 -4.20351e-06 0)
(9.78972 -2.31509e-06 0)
(9.78974 -4.47312e-06 0)
(9.78975 -2.46923e-06 0)
(9.78977 -4.83958e-06 0)
(9.78978 -2.78328e-06 0)
(9.78979 -5.00643e-06 0)
(9.7898 -3.06673e-06 0)
(9.78981 -4.00769e-06 0)
(9.78982 -2.48776e-06 0)
(9.78983 -2.76581e-06 0)
(9.78984 -1.06735e-06 0)
(9.78985 -1.94105e-06 0)
(9.78986 -3.03273e-08 0)
(9.78986 -1.57637e-06 0)
(9.78987 5.93276e-07 0)
(9.78987 -1.403e-06 0)
(9.78987 7.68968e-07 0)
(9.78987 -1.36697e-06 0)
(9.78986 5.11405e-07 0)
(9.78986 -5.54147e-07 0)
(9.78986 5.30947e-07 0)
(9.78986 -4.86072e-08 0)
(9.78986 6.65119e-07 0)
(9.78986 -1.35378e-07 0)
(9.78986 5.91208e-07 0)
(9.78986 -3.2016e-07 0)
(9.78986 4.57599e-07 0)
(9.78986 -4.75692e-07 0)
(9.78986 4.89185e-07 0)
(9.78986 -4.11472e-07 0)
(9.78986 4.84725e-07 0)
(9.78986 -3.70494e-07 0)
(9.78986 5.16455e-07 0)
(9.78986 -3.86724e-07 0)
(9.78986 6.19442e-07 0)
(9.78986 -3.22253e-07 0)
(9.78986 6.08626e-07 0)
(9.78986 -3.06734e-07 0)
(9.78986 5.82279e-07 0)
(9.78986 -2.99913e-07 0)
(9.78986 5.67145e-07 0)
(9.78986 -2.79668e-07 0)
(9.78986 5.72249e-07 0)
(9.78986 -1.13445e-07 0)
(9.78986 1.45858e-06 0)
(9.78985 2.97443e-06 0)
(9.78985 1.14818e-05 0)
(9.78987 4.54868e-05 0)
(9.9727 5.51344e-05 0)
(9.97272 2.60509e-05 0)
(9.97272 6.50761e-06 0)
(9.97274 9.30109e-06 0)
(9.97279 1.35459e-06 0)
(9.97285 -1.59761e-05 0)
(9.97288 -3.1456e-05 0)
(9.97289 -1.43642e-05 0)
(9.97286 -2.57456e-05 0)
(9.9728 -2.72779e-05 0)
(9.97276 -2.3695e-05 0)
(9.97273 -1.11113e-05 0)
(9.9727 2.33084e-06 0)
(9.9727 3.48933e-05 0)
(9.97273 6.34662e-05 0)
(9.97279 5.73442e-05 0)
(9.97283 4.84661e-05 0)
(9.97288 5.26972e-05 0)
(9.9729 9.69631e-06 0)
(9.97285 -2.31582e-05 0)
(9.9728 -2.37858e-05 0)
(9.97279 -1.40342e-05 0)
(9.97279 -1.60951e-05 0)
(9.9728 -1.13387e-05 0)
(9.9728 -1.16124e-05 0)
(9.97279 7.19253e-06 0)
(9.97276 1.39501e-05 0)
(9.97273 1.54965e-05 0)
(9.9727 7.40759e-06 0)
(9.97268 6.18377e-06 0)
(9.97266 2.88352e-06 0)
(9.97265 5.65473e-06 0)
(9.97263 1.15953e-05 0)
(9.97259 2.02075e-05 0)
(9.97256 2.18675e-05 0)
(9.97252 1.56291e-05 0)
(9.9725 7.6681e-06 0)
(9.9725 -5.20487e-06 0)
(9.97251 -3.13244e-05 0)
(9.97251 -6.771e-05 0)
(9.9725 -7.59851e-05 0)
(9.9725 -5.9357e-05 0)
(9.97251 -3.59955e-05 0)
(9.97252 -9.23364e-06 0)
(9.97251 7.46048e-06 0)
(9.97249 7.94985e-06 0)
(9.97248 4.12016e-06 0)
(9.97248 -1.60321e-06 0)
(9.97248 -1.64664e-06 0)
(9.97249 -4.18513e-06 0)
(9.97249 -2.40972e-06 0)
(9.9725 -4.50962e-06 0)
(9.97251 -2.58813e-06 0)
(9.97252 -4.8748e-06 0)
(9.97253 -2.81089e-06 0)
(9.97255 -5.29773e-06 0)
(9.97256 -3.16234e-06 0)
(9.97257 -5.48317e-06 0)
(9.97258 -3.4183e-06 0)
(9.97259 -4.38485e-06 0)
(9.9726 -2.76684e-06 0)
(9.97261 -3.03051e-06 0)
(9.97262 -1.2406e-06 0)
(9.97262 -2.12599e-06 0)
(9.97263 -1.24497e-07 0)
(9.97264 -1.7054e-06 0)
(9.97264 5.78723e-07 0)
(9.97264 -1.47454e-06 0)
(9.97264 8.04316e-07 0)
(9.97264 -1.41665e-06 0)
(9.97264 5.71893e-07 0)
(9.97263 -5.50732e-07 0)
(9.97263 5.85755e-07 0)
(9.97263 -4.43631e-08 0)
(9.97263 6.92789e-07 0)
(9.97263 -1.63751e-07 0)
(9.97263 5.83178e-07 0)
(9.97263 -3.76782e-07 0)
(9.97263 4.39091e-07 0)
(9.97263 -5.30222e-07 0)
(9.97263 4.79387e-07 0)
(9.97264 -4.54234e-07 0)
(9.97264 4.90073e-07 0)
(9.97264 -3.96736e-07 0)
(9.97264 5.36656e-07 0)
(9.97264 -4.02016e-07 0)
(9.97264 6.48152e-07 0)
(9.97264 -3.33231e-07 0)
(9.97264 6.40414e-07 0)
(9.97264 -3.16505e-07 0)
(9.97264 6.12715e-07 0)
(9.97264 -3.0964e-07 0)
(9.97264 5.95535e-07 0)
(9.97264 -2.90819e-07 0)
(9.97264 6.0123e-07 0)
(9.97264 -1.13345e-07 0)
(9.97263 1.52982e-06 0)
(9.97263 3.08784e-06 0)
(9.97262 1.19441e-05 0)
(9.97264 4.48366e-05 0)
(10.1317 5.44053e-05 0)
(10.1317 2.60753e-05 0)
(10.1317 6.20953e-06 0)
(10.1317 8.01666e-06 0)
(10.1317 3.76744e-08 0)
(10.1318 -1.69308e-05 0)
(10.1318 -3.26373e-05 0)
(10.1318 -1.53074e-05 0)
(10.1318 -2.51373e-05 0)
(10.1317 -2.56363e-05 0)
(10.1317 -2.23706e-05 0)
(10.1317 -1.02104e-05 0)
(10.1317 3.34013e-06 0)
(10.1317 3.49782e-05 0)
(10.1317 6.25682e-05 0)
(10.1317 5.70018e-05 0)
(10.1318 4.80717e-05 0)
(10.1318 5.1388e-05 0)
(10.1319 9.44231e-06 0)
(10.1318 -2.1791e-05 0)
(10.1318 -2.37122e-05 0)
(10.1317 -1.50433e-05 0)
(10.1318 -1.74045e-05 0)
(10.1318 -1.21483e-05 0)
(10.1318 -1.19544e-05 0)
(10.1318 7.96687e-06 0)
(10.1317 1.51645e-05 0)
(10.1317 1.67033e-05 0)
(10.1317 8.06711e-06 0)
(10.1317 6.9016e-06 0)
(10.1316 3.29107e-06 0)
(10.1316 6.29755e-06 0)
(10.1316 1.25362e-05 0)
(10.1316 2.16721e-05 0)
(10.1315 2.3045e-05 0)
(10.1315 1.64273e-05 0)
(10.1315 8.06478e-06 0)
(10.1315 -5.40516e-06 0)
(10.1315 -3.24159e-05 0)
(10.1315 -6.81704e-05 0)
(10.1315 -7.56176e-05 0)
(10.1315 -5.92163e-05 0)
(10.1315 -3.60933e-05 0)
(10.1315 -8.8251e-06 0)
(10.1315 8.44313e-06 0)
(10.1315 8.6379e-06 0)
(10.1315 4.4472e-06 0)
(10.1315 -1.56704e-06 0)
(10.1315 -1.67531e-06 0)
(10.1315 -4.32898e-06 0)
(10.1315 -2.56796e-06 0)
(10.1315 -4.76691e-06 0)
(10.1315 -2.84836e-06 0)
(10.1315 -5.22447e-06 0)
(10.1315 -3.1381e-06 0)
(10.1315 -5.69739e-06 0)
(10.1315 -3.52046e-06 0)
(10.1315 -5.89491e-06 0)
(10.1316 -3.7368e-06 0)
(10.1316 -4.7052e-06 0)
(10.1316 -3.01104e-06 0)
(10.1316 -3.24949e-06 0)
(10.1316 -1.39747e-06 0)
(10.1316 -2.27689e-06 0)
(10.1316 -2.11359e-07 0)
(10.1316 -1.79961e-06 0)
(10.1316 5.64725e-07 0)
(10.1316 -1.51094e-06 0)
(10.1316 8.36388e-07 0)
(10.1316 -1.43296e-06 0)
(10.1316 6.2822e-07 0)
(10.1316 -5.33923e-07 0)
(10.1316 6.28412e-07 0)
(10.1316 -4.45197e-08 0)
(10.1316 6.99766e-07 0)
(10.1316 -2.0128e-07 0)
(10.1316 5.52605e-07 0)
(10.1316 -4.38606e-07 0)
(10.1316 4.01167e-07 0)
(10.1316 -5.84327e-07 0)
(10.1316 4.54204e-07 0)
(10.1316 -4.93983e-07 0)
(10.1316 4.83502e-07 0)
(10.1316 -4.18933e-07 0)
(10.1316 5.44777e-07 0)
(10.1316 -4.11011e-07 0)
(10.1316 6.62671e-07 0)
(10.1316 -3.38495e-07 0)
(10.1316 6.59466e-07 0)
(10.1316 -3.20733e-07 0)
(10.1316 6.31663e-07 0)
(10.1316 -3.14457e-07 0)
(10.1316 6.12986e-07 0)
(10.1316 -2.97464e-07 0)
(10.1316 6.19608e-07 0)
(10.1316 -1.09312e-07 0)
(10.1316 1.58417e-06 0)
(10.1316 3.1961e-06 0)
(10.1316 1.23749e-05 0)
(10.1316 4.44947e-05 0)
(10.271 5.37268e-05 0)
(10.271 2.62337e-05 0)
(10.271 5.94828e-06 0)
(10.2711 6.5276e-06 0)
(10.2711 -1.39198e-06 0)
(10.2711 -1.78176e-05 0)
(10.2712 -3.33299e-05 0)
(10.2712 -1.59554e-05 0)
(10.2712 -2.44177e-05 0)
(10.2711 -2.42295e-05 0)
(10.2711 -2.12569e-05 0)
(10.2711 -9.53631e-06 0)
(10.2711 4.11833e-06 0)
(10.2711 3.48151e-05 0)
(10.2711 6.13552e-05 0)
(10.2711 5.64239e-05 0)
(10.2712 4.76173e-05 0)
(10.2712 4.99722e-05 0)
(10.2712 9.52115e-06 0)
(10.2712 -2.01111e-05 0)
(10.2711 -2.31711e-05 0)
(10.2711 -1.5774e-05 0)
(10.2711 -1.85008e-05 0)
(10.2712 -1.29111e-05 0)
(10.2712 -1.22843e-05 0)
(10.2712 8.62101e-06 0)
(10.2711 1.62939e-05 0)
(10.2711 1.77971e-05 0)
(10.2711 8.67788e-06 0)
(10.2711 7.57036e-06 0)
(10.271 3.67981e-06 0)
(10.271 6.88774e-06 0)
(10.271 1.34236e-05 0)
(10.271 2.30767e-05 0)
(10.2709 2.41613e-05 0)
(10.2709 1.71995e-05 0)
(10.2709 8.43896e-06 0)
(10.2709 -5.55905e-06 0)
(10.2709 -3.34616e-05 0)
(10.2709 -6.87438e-05 0)
(10.2709 -7.53532e-05 0)
(10.2709 -5.92116e-05 0)
(10.2709 -3.63379e-05 0)
(10.2709 -8.53309e-06 0)
(10.2709 9.30576e-06 0)
(10.2709 9.23529e-06 0)
(10.2709 4.71641e-06 0)
(10.2709 -1.53707e-06 0)
(10.2709 -1.71259e-06 0)
(10.2709 -4.43906e-06 0)
(10.2709 -2.7168e-06 0)
(10.2709 -4.97937e-06 0)
(10.2709 -3.09108e-06 0)
(10.2709 -5.52389e-06 0)
(10.2709 -3.44343e-06 0)
(10.2709 -6.03796e-06 0)
(10.2709 -3.84915e-06 0)
(10.2709 -6.23983e-06 0)
(10.271 -4.01488e-06 0)
(10.271 -4.96382e-06 0)
(10.271 -3.21313e-06 0)
(10.271 -3.42638e-06 0)
(10.271 -1.52973e-06 0)
(10.271 -2.39196e-06 0)
(10.271 -2.8569e-07 0)
(10.271 -1.85836e-06 0)
(10.271 5.57144e-07 0)
(10.271 -1.51377e-06 0)
(10.271 8.68741e-07 0)
(10.271 -1.42103e-06 0)
(10.271 6.81565e-07 0)
(10.271 -5.07113e-07 0)
(10.271 6.58491e-07 0)
(10.271 -5.0424e-08 0)
(10.271 6.8587e-07 0)
(10.271 -2.4757e-07 0)
(10.271 5.01754e-07 0)
(10.271 -5.05506e-07 0)
(10.271 3.46899e-07 0)
(10.271 -6.39291e-07 0)
(10.271 4.16509e-07 0)
(10.271 -5.31803e-07 0)
(10.271 4.66885e-07 0)
(10.271 -4.38367e-07 0)
(10.271 5.42996e-07 0)
(10.271 -4.16297e-07 0)
(10.271 6.66191e-07 0)
(10.271 -3.4067e-07 0)
(10.271 6.67602e-07 0)
(10.271 -3.21636e-07 0)
(10.271 6.40744e-07 0)
(10.271 -3.16199e-07 0)
(10.271 6.20914e-07 0)
(10.271 -3.0095e-07 0)
(10.271 6.2887e-07 0)
(10.271 -1.02731e-07 0)
(10.271 1.62263e-06 0)
(10.271 3.29837e-06 0)
(10.271 1.27653e-05 0)
(10.271 4.4175e-05 0)
(10.3939 5.30738e-05 0)
(10.3939 2.65071e-05 0)
(10.3939 5.77203e-06 0)
(10.3939 5.04878e-06 0)
(10.3939 -2.81054e-06 0)
(10.394 -1.86995e-05 0)
(10.394 -3.38156e-05 0)
(10.394 -1.6416e-05 0)
(10.394 -2.35786e-05 0)
(10.3939 -2.29679e-05 0)
(10.3939 -2.02802e-05 0)
(10.3939 -9.01535e-06 0)
(10.3939 4.71079e-06 0)
(10.3939 3.44755e-05 0)
(10.3939 5.99972e-05 0)
(10.394 5.56888e-05 0)
(10.394 4.70965e-05 0)
(10.394 4.85238e-05 0)
(10.3941 9.62533e-06 0)
(10.394 -1.82629e-05 0)
(10.394 -2.24352e-05 0)
(10.394 -1.63758e-05 0)
(10.394 -1.94732e-05 0)
(10.394 -1.36681e-05 0)
(10.394 -1.26383e-05 0)
(10.394 9.15089e-06 0)
(10.394 1.73338e-05 0)
(10.394 1.87759e-05 0)
(10.3939 9.23534e-06 0)
(10.3939 8.17253e-06 0)
(10.3939 4.04194e-06 0)
(10.3939 7.41737e-06 0)
(10.3939 1.42562e-05 0)
(10.3939 2.44119e-05 0)
(10.3938 2.52194e-05 0)
(10.3938 1.79413e-05 0)
(10.3938 8.7856e-06 0)
(10.3938 -5.67566e-06 0)
(10.3938 -3.43947e-05 0)
(10.3938 -6.926e-05 0)
(10.3938 -7.51473e-05 0)
(10.3938 -5.92307e-05 0)
(10.3938 -3.65472e-05 0)
(10.3938 -8.28544e-06 0)
(10.3938 1.00992e-05 0)
(10.3938 9.78188e-06 0)
(10.3937 4.94474e-06 0)
(10.3937 -1.50634e-06 0)
(10.3937 -1.75267e-06 0)
(10.3937 -4.51789e-06 0)
(10.3938 -2.85207e-06 0)
(10.3938 -5.14926e-06 0)
(10.3938 -3.31175e-06 0)
(10.3938 -5.77341e-06 0)
(10.3938 -3.72055e-06 0)
(10.3938 -6.31803e-06 0)
(10.3938 -4.14113e-06 0)
(10.3938 -6.51418e-06 0)
(10.3938 -4.24465e-06 0)
(10.3938 -5.15869e-06 0)
(10.3938 -3.37605e-06 0)
(10.3938 -3.55771e-06 0)
(10.3938 -1.63489e-06 0)
(10.3938 -2.46766e-06 0)
(10.3938 -3.42819e-07 0)
(10.3938 -1.88155e-06 0)
(10.3938 5.604e-07 0)
(10.3938 -1.48397e-06 0)
(10.3938 9.0345e-07 0)
(10.3938 -1.38417e-06 0)
(10.3938 7.32042e-07 0)
(10.3938 -4.73327e-07 0)
(10.3938 6.7521e-07 0)
(10.3938 -6.18706e-08 0)
(10.3938 6.51814e-07 0)
(10.3938 -3.02274e-07 0)
(10.3938 4.32823e-07 0)
(10.3938 -5.76631e-07 0)
(10.3938 2.79217e-07 0)
(10.3938 -6.94579e-07 0)
(10.3938 3.67994e-07 0)
(10.3938 -5.67897e-07 0)
(10.3938 4.41323e-07 0)
(10.3938 -4.55513e-07 0)
(10.3938 5.32196e-07 0)
(10.3938 -4.19141e-07 0)
(10.3938 6.60228e-07 0)
(10.3938 -3.4113e-07 0)
(10.3938 6.66692e-07 0)
(10.3938 -3.20996e-07 0)
(10.3938 6.40797e-07 0)
(10.3938 -3.1594e-07 0)
(10.3938 6.20345e-07 0)
(10.3938 -3.02061e-07 0)
(10.3938 6.29999e-07 0)
(10.3938 -9.44612e-08 0)
(10.3938 1.64653e-06 0)
(10.3938 3.39241e-06 0)
(10.3938 1.31157e-05 0)
(10.3939 4.38122e-05 0)
(10.5025 5.24502e-05 0)
(10.5025 2.68775e-05 0)
(10.5024 5.68424e-06 0)
(10.5025 3.65204e-06 0)
(10.5025 -4.16062e-06 0)
(10.5025 -1.95836e-05 0)
(10.5026 -3.42123e-05 0)
(10.5026 -1.67494e-05 0)
(10.5025 -2.26548e-05 0)
(10.5025 -2.17991e-05 0)
(10.5025 -1.94122e-05 0)
(10.5025 -8.60843e-06 0)
(10.5025 5.15189e-06 0)
(10.5025 3.40064e-05 0)
(10.5025 5.85865e-05 0)
(10.5025 5.4855e-05 0)
(10.5026 4.6507e-05 0)
(10.5026 4.71153e-05 0)
(10.5026 9.74492e-06 0)
(10.5026 -1.64457e-05 0)
(10.5026 -2.16435e-05 0)
(10.5025 -1.69342e-05 0)
(10.5026 -2.03755e-05 0)
(10.5026 -1.44415e-05 0)
(10.5026 -1.30376e-05 0)
(10.5026 9.56217e-06 0)
(10.5026 1.82822e-05 0)
(10.5025 1.96423e-05 0)
(10.5025 9.73184e-06 0)
(10.5025 8.69833e-06 0)
(10.5025 4.36691e-06 0)
(10.5025 7.88656e-06 0)
(10.5025 1.50396e-05 0)
(10.5024 2.56634e-05 0)
(10.5024 2.62194e-05 0)
(10.5024 1.86502e-05 0)
(10.5024 9.10894e-06 0)
(10.5024 -5.7708e-06 0)
(10.5024 -3.52094e-05 0)
(10.5024 -6.96797e-05 0)
(10.5024 -7.49169e-05 0)
(10.5024 -5.92388e-05 0)
(10.5024 -3.673e-05 0)
(10.5024 -8.04871e-06 0)
(10.5024 1.08572e-05 0)
(10.5023 1.03e-05 0)
(10.5023 5.14311e-06 0)
(10.5023 -1.46949e-06 0)
(10.5023 -1.78858e-06 0)
(10.5023 -4.56679e-06 0)
(10.5023 -2.96763e-06 0)
(10.5023 -5.27766e-06 0)
(10.5024 -3.50475e-06 0)
(10.5024 -5.97318e-06 0)
(10.5024 -3.96276e-06 0)
(10.5024 -6.53697e-06 0)
(10.5024 -4.38903e-06 0)
(10.5024 -6.71894e-06 0)
(10.5024 -4.42272e-06 0)
(10.5024 -5.29745e-06 0)
(10.5024 -3.4935e-06 0)
(10.5024 -3.64144e-06 0)
(10.5024 -1.70828e-06 0)
(10.5024 -2.50266e-06 0)
(10.5024 -3.77905e-07 0)
(10.5024 -1.87036e-06 0)
(10.5024 5.76951e-07 0)
(10.5024 -1.42289e-06 0)
(10.5024 9.43145e-07 0)
(10.5024 -1.32651e-06 0)
(10.5024 7.80053e-07 0)
(10.5024 -4.35885e-07 0)
(10.5024 6.80508e-07 0)
(10.5024 -8.08216e-08 0)
(10.5024 6.00751e-07 0)
(10.5024 -3.64944e-07 0)
(10.5024 3.48852e-07 0)
(10.5024 -6.51856e-07 0)
(10.5024 2.01042e-07 0)
(10.5024 -7.50342e-07 0)
(10.5024 3.11391e-07 0)
(10.5024 -6.02788e-07 0)
(10.5024 4.08594e-07 0)
(10.5024 -4.71644e-07 0)
(10.5024 5.14063e-07 0)
(10.5024 -4.21283e-07 0)
(10.5024 6.46857e-07 0)
(10.5024 -3.41308e-07 0)
(10.5024 6.57881e-07 0)
(10.5024 -3.19976e-07 0)
(10.5024 6.32997e-07 0)
(10.5024 -3.14766e-07 0)
(10.5024 6.12276e-07 0)
(10.5024 -3.02071e-07 0)
(10.5024 6.24126e-07 0)
(10.5024 -8.5731e-08 0)
(10.5024 1.66048e-06 0)
(10.5024 3.47852e-06 0)
(10.5024 1.34368e-05 0)
(10.5024 4.33884e-05 0)
(10.5984 5.18607e-05 0)
(10.5984 2.73173e-05 0)
(10.5984 5.67513e-06 0)
(10.5984 2.35096e-06 0)
(10.5985 -5.43216e-06 0)
(10.5985 -2.04611e-05 0)
(10.5985 -3.45635e-05 0)
(10.5985 -1.6991e-05 0)
(10.5985 -2.16623e-05 0)
(10.5985 -2.07023e-05 0)
(10.5985 -1.8638e-05 0)
(10.5985 -8.28987e-06 0)
(10.5985 5.46801e-06 0)
(10.5985 3.34412e-05 0)
(10.5985 5.71537e-05 0)
(10.5985 5.39615e-05 0)
(10.5986 4.58568e-05 0)
(10.5986 4.57763e-05 0)
(10.5986 9.85849e-06 0)
(10.5986 -1.47109e-05 0)
(10.5986 -2.08558e-05 0)
(10.5985 -1.7492e-05 0)
(10.5986 -2.12391e-05 0)
(10.5986 -1.52442e-05 0)
(10.5986 -1.34912e-05 0)
(10.5986 9.86381e-06 0)
(10.5986 1.91448e-05 0)
(10.5986 2.03985e-05 0)
(10.5985 1.01642e-05 0)
(10.5985 9.13647e-06 0)
(10.5985 4.65023e-06 0)
(10.5985 8.31132e-06 0)
(10.5985 1.57543e-05 0)
(10.5985 2.68265e-05 0)
(10.5984 2.71632e-05 0)
(10.5984 1.93222e-05 0)
(10.5984 9.40667e-06 0)
(10.5984 -5.85324e-06 0)
(10.5984 -3.59206e-05 0)
(10.5984 -7.00089e-05 0)
(10.5984 -7.46588e-05 0)
(10.5984 -5.92343e-05 0)
(10.5984 -3.6891e-05 0)
(10.5984 -7.80244e-06 0)
(10.5984 1.16028e-05 0)
(10.5984 1.07998e-05 0)
(10.5984 5.33079e-06 0)
(10.5984 -1.4193e-06 0)
(10.5984 -1.81381e-06 0)
(10.5984 -4.58509e-06 0)
(10.5984 -3.05858e-06 0)
(10.5984 -5.36394e-06 0)
(10.5984 -3.66503e-06 0)
(10.5984 -6.12085e-06 0)
(10.5984 -4.16436e-06 0)
(10.5984 -6.69309e-06 0)
(10.5984 -4.58702e-06 0)
(10.5984 -6.85772e-06 0)
(10.5984 -4.54926e-06 0)
(10.5984 -5.37472e-06 0)
(10.5984 -3.5642e-06 0)
(10.5984 -3.67684e-06 0)
(10.5984 -1.74594e-06 0)
(10.5984 -2.49835e-06 0)
(10.5984 -3.86504e-07 0)
(10.5984 -1.82475e-06 0)
(10.5984 6.0836e-07 0)
(10.5984 -1.33338e-06 0)
(10.5984 9.88711e-07 0)
(10.5984 -1.25157e-06 0)
(10.5984 8.25213e-07 0)
(10.5984 -3.96937e-07 0)
(10.5984 6.76008e-07 0)
(10.5984 -1.0665e-07 0)
(10.5984 5.35674e-07 0)
(10.5984 -4.34306e-07 0)
(10.5984 2.5338e-07 0)
(10.5984 -7.29958e-07 0)
(10.5984 1.1496e-07 0)
(10.5984 -8.0597e-07 0)
(10.5984 2.48383e-07 0)
(10.5984 -6.36475e-07 0)
(10.5984 3.69648e-07 0)
(10.5984 -4.87346e-07 0)
(10.5984 4.89333e-07 0)
(10.5984 -4.23766e-07 0)
(10.5984 6.26787e-07 0)
(10.5984 -3.42111e-07 0)
(10.5984 6.41575e-07 0)
(10.5984 -3.19268e-07 0)
(10.5984 6.18118e-07 0)
(10.5984 -3.13582e-07 0)
(10.5984 5.97562e-07 0)
(10.5984 -3.0173e-07 0)
(10.5984 6.12036e-07 0)
(10.5984 -7.71763e-08 0)
(10.5984 1.66781e-06 0)
(10.5984 3.55525e-06 0)
(10.5984 1.37109e-05 0)
(10.5984 4.29271e-05 0)
(10.6832 5.12996e-05 0)
(10.6832 2.78079e-05 0)
(10.6832 5.73606e-06 0)
(10.6832 1.14518e-06 0)
(10.6832 -6.63424e-06 0)
(10.6833 -2.1325e-05 0)
(10.6833 -3.48857e-05 0)
(10.6833 -1.71586e-05 0)
(10.6833 -2.06161e-05 0)
(10.6832 -1.96625e-05 0)
(10.6832 -1.79438e-05 0)
(10.6832 -8.04152e-06 0)
(10.6832 5.68056e-06 0)
(10.6832 3.28054e-05 0)
(10.6833 5.57126e-05 0)
(10.6833 5.30244e-05 0)
(10.6833 4.51526e-05 0)
(10.6834 4.44658e-05 0)
(10.6834 1.00282e-05 0)
(10.6833 -1.30942e-05 0)
(10.6833 -2.01003e-05 0)
(10.6833 -1.80683e-05 0)
(10.6833 -2.20861e-05 0)
(10.6833 -1.60825e-05 0)
(10.6834 -1.3998e-05 0)
(10.6834 1.00646e-05 0)
(10.6834 1.99259e-05 0)
(10.6833 2.10504e-05 0)
(10.6833 1.05265e-05 0)
(10.6833 9.48341e-06 0)
(10.6833 4.88659e-06 0)
(10.6833 8.67361e-06 0)
(10.6833 1.64023e-05 0)
(10.6833 2.79123e-05 0)
(10.6832 2.80521e-05 0)
(10.6832 1.99547e-05 0)
(10.6832 9.67777e-06 0)
(10.6832 -5.92926e-06 0)
(10.6832 -3.65451e-05 0)
(10.6832 -7.02653e-05 0)
(10.6832 -7.43749e-05 0)
(10.6832 -5.9235e-05 0)
(10.6832 -3.70311e-05 0)
(10.6832 -7.53631e-06 0)
(10.6832 1.23534e-05 0)
(10.6832 1.13021e-05 0)
(10.6832 5.51964e-06 0)
(10.6831 -1.35045e-06 0)
(10.6831 -1.82188e-06 0)
(10.6831 -4.57199e-06 0)
(10.6831 -3.11999e-06 0)
(10.6831 -5.41096e-06 0)
(10.6832 -3.78824e-06 0)
(10.6832 -6.21996e-06 0)
(10.6832 -4.31781e-06 0)
(10.6832 -6.78542e-06 0)
(10.6832 -4.72903e-06 0)
(10.6832 -6.93019e-06 0)
(10.6832 -4.61799e-06 0)
(10.6832 -5.39345e-06 0)
(10.6832 -3.58383e-06 0)
(10.6832 -3.66452e-06 0)
(10.6832 -1.74417e-06 0)
(10.6832 -2.45483e-06 0)
(10.6832 -3.68716e-07 0)
(10.6832 -1.74434e-06 0)
(10.6832 6.56265e-07 0)
(10.6832 -1.21977e-06 0)
(10.6832 1.04069e-06 0)
(10.6832 -1.1636e-06 0)
(10.6831 8.67978e-07 0)
(10.6831 -3.57228e-07 0)
(10.6831 6.6148e-07 0)
(10.6831 -1.38669e-07 0)
(10.6831 4.59123e-07 0)
(10.6831 -5.09248e-07 0)
(10.6832 1.49397e-07 0)
(10.6832 -8.10001e-07 0)
(10.6832 2.34419e-08 0)
(10.6832 -8.61271e-07 0)
(10.6832 1.81054e-07 0)
(10.6832 -6.69423e-07 0)
(10.6832 3.25813e-07 0)
(10.6832 -5.0336e-07 0)
(10.6832 4.59252e-07 0)
(10.6832 -4.27395e-07 0)
(10.6832 6.00815e-07 0)
(10.6832 -3.44192e-07 0)
(10.6832 6.19158e-07 0)
(10.6832 -3.19611e-07 0)
(10.6832 5.97392e-07 0)
(10.6832 -3.13122e-07 0)
(10.6832 5.77238e-07 0)
(10.6832 -3.01604e-07 0)
(10.6832 5.9451e-07 0)
(10.6832 -6.94596e-08 0)
(10.6832 1.66932e-06 0)
(10.6832 3.62294e-06 0)
(10.6832 1.39397e-05 0)
(10.6832 4.24354e-05 0)
(10.7578 5.07595e-05 0)
(10.7578 2.83334e-05 0)
(10.7578 5.85202e-06 0)
(10.7578 2.45632e-08 0)
(10.7578 -7.77426e-06 0)
(10.7578 -2.21714e-05 0)
(10.7578 -3.51834e-05 0)
(10.7578 -1.72657e-05 0)
(10.7578 -1.95317e-05 0)
(10.7578 -1.86667e-05 0)
(10.7578 -1.73164e-05 0)
(10.7578 -7.84919e-06 0)
(10.7578 5.80674e-06 0)
(10.7578 3.21181e-05 0)
(10.7578 5.42746e-05 0)
(10.7579 5.20529e-05 0)
(10.7579 4.4398e-05 0)
(10.7579 4.31798e-05 0)
(10.7579 1.0246e-05 0)
(10.7579 -1.15747e-05 0)
(10.7579 -1.93993e-05 0)
(10.7579 -1.86674e-05 0)
(10.7579 -2.29274e-05 0)
(10.7579 -1.69564e-05 0)
(10.7579 -1.45586e-05 0)
(10.7579 1.01745e-05 0)
(10.7579 2.06328e-05 0)
(10.7579 2.1604e-05 0)
(10.7579 1.08163e-05 0)
(10.7579 9.74057e-06 0)
(10.7579 5.07032e-06 0)
(10.7579 8.96275e-06 0)
(10.7579 1.69837e-05 0)
(10.7579 2.89213e-05 0)
(10.7578 2.88884e-05 0)
(10.7578 2.05459e-05 0)
(10.7578 9.92177e-06 0)
(10.7578 -6.00398e-06 0)
(10.7578 -3.7098e-05 0)
(10.7578 -7.04668e-05 0)
(10.7578 -7.40629e-05 0)
(10.7578 -5.92373e-05 0)
(10.7578 -3.71524e-05 0)
(10.7578 -7.2443e-06 0)
(10.7578 1.31217e-05 0)
(10.7578 1.18196e-05 0)
(10.7577 5.71863e-06 0)
(10.7577 -1.25775e-06 0)
(10.7577 -1.80725e-06 0)
(10.7577 -4.52584e-06 0)
(10.7577 -3.14908e-06 0)
(10.7577 -5.41789e-06 0)
(10.7577 -3.87497e-06 0)
(10.7577 -6.26573e-06 0)
(10.7577 -4.42215e-06 0)
(10.7577 -6.81539e-06 0)
(10.7577 -4.81499e-06 0)
(10.7577 -6.93921e-06 0)
(10.7577 -4.627e-06 0)
(10.7577 -5.35346e-06 0)
(10.7577 -3.55442e-06 0)
(10.7577 -3.59999e-06 0)
(10.7577 -1.70589e-06 0)
(10.7577 -2.37178e-06 0)
(10.7577 -3.24484e-07 0)
(10.7577 -1.63419e-06 0)
(10.7577 7.20073e-07 0)
(10.7577 -1.08567e-06 0)
(10.7577 1.09858e-06 0)
(10.7577 -1.06632e-06 0)
(10.7577 9.08109e-07 0)
(10.7577 -3.18735e-07 0)
(10.7577 6.38169e-07 0)
(10.7577 -1.75666e-07 0)
(10.7577 3.73736e-07 0)
(10.7577 -5.88204e-07 0)
(10.7577 3.98703e-08 0)
(10.7577 -8.90671e-07 0)
(10.7577 -7.13495e-08 0)
(10.7577 -9.1553e-07 0)
(10.7577 1.10645e-07 0)
(10.7577 -7.02159e-07 0)
(10.7577 2.78187e-07 0)
(10.7577 -5.2001e-07 0)
(10.7577 4.24441e-07 0)
(10.7577 -4.32372e-07 0)
(10.7577 5.69474e-07 0)
(10.7577 -3.47898e-07 0)
(10.7577 5.91304e-07 0)
(10.7577 -3.21464e-07 0)
(10.7577 5.7165e-07 0)
(10.7577 -3.13677e-07 0)
(10.7577 5.52028e-07 0)
(10.7577 -3.02159e-07 0)
(10.7577 5.72508e-07 0)
(10.7577 -6.27182e-08 0)
(10.7577 1.66482e-06 0)
(10.7577 3.6827e-06 0)
(10.7577 1.41278e-05 0)
(10.7578 4.19159e-05 0)
(10.823 5.02319e-05 0)
(10.823 2.8881e-05 0)
(10.823 6.01407e-06 0)
(10.823 -1.03171e-06 0)
(10.823 -8.86165e-06 0)
(10.823 -2.29966e-05 0)
(10.823 -3.54633e-05 0)
(10.8231 -1.73187e-05 0)
(10.823 -1.84188e-05 0)
(10.823 -1.77038e-05 0)
(10.823 -1.67438e-05 0)
(10.823 -7.70227e-06 0)
(10.823 5.86125e-06 0)
(10.823 3.13913e-05 0)
(10.823 5.28437e-05 0)
(10.8231 5.10524e-05 0)
(10.8231 4.35996e-05 0)
(10.8231 4.19108e-05 0)
(10.8231 1.04762e-05 0)
(10.8231 -1.01165e-05 0)
(10.8231 -1.87664e-05 0)
(10.8231 -1.92924e-05 0)
(10.8231 -2.37626e-05 0)
(10.8231 -1.78642e-05 0)
(10.8231 -1.51719e-05 0)
(10.8232 1.02033e-05 0)
(10.8232 2.1272e-05 0)
(10.8231 2.20667e-05 0)
(10.8231 1.10329e-05 0)
(10.8231 9.91347e-06 0)
(10.8231 5.19453e-06 0)
(10.8231 9.17649e-06 0)
(10.8231 1.74976e-05 0)
(10.8231 2.98551e-05 0)
(10.8231 2.9674e-05 0)
(10.823 2.10961e-05 0)
(10.823 1.01393e-05 0)
(10.823 -6.07929e-06 0)
(10.823 -3.75919e-05 0)
(10.823 -7.06276e-05 0)
(10.823 -7.37495e-05 0)
(10.823 -5.92143e-05 0)
(10.823 -3.72566e-05 0)
(10.823 -6.92402e-06 0)
(10.823 1.39182e-05 0)
(10.823 1.23609e-05 0)
(10.823 5.9354e-06 0)
(10.823 -1.13736e-06 0)
(10.823 -1.76524e-06 0)
(10.823 -4.445e-06 0)
(10.823 -3.14432e-06 0)
(10.823 -5.37534e-06 0)
(10.823 -3.92331e-06 0)
(10.823 -6.25246e-06 0)
(10.823 -4.47682e-06 0)
(10.823 -6.78388e-06 0)
(10.823 -4.84187e-06 0)
(10.823 -6.88417e-06 0)
(10.823 -4.57915e-06 0)
(10.823 -5.25453e-06 0)
(10.8229 -3.47681e-06 0)
(10.8229 -3.49033e-06 0)
(10.8229 -1.63056e-06 0)
(10.8229 -2.25387e-06 0)
(10.8229 -2.54927e-07 0)
(10.8229 -1.49898e-06 0)
(10.8229 7.98437e-07 0)
(10.8229 -9.35315e-07 0)
(10.8229 1.1615e-06 0)
(10.8229 -9.62122e-07 0)
(10.8229 9.45112e-07 0)
(10.8229 -2.82542e-07 0)
(10.8229 6.07275e-07 0)
(10.8229 -2.14957e-07 0)
(10.8229 2.80953e-07 0)
(10.8229 -6.69884e-07 0)
(10.8229 -7.28041e-08 0)
(10.8229 -9.70977e-07 0)
(10.8229 -1.67605e-07 0)
(10.8229 -9.68403e-07 0)
(10.8229 3.86329e-08 0)
(10.8229 -7.34916e-07 0)
(10.8229 2.2792e-07 0)
(10.8229 -5.37729e-07 0)
(10.8229 3.85905e-07 0)
(10.8229 -4.39074e-07 0)
(10.8229 5.3387e-07 0)
(10.8229 -3.5351e-07 0)
(10.8229 5.59235e-07 0)
(10.8229 -3.25042e-07 0)
(10.8229 5.4194e-07 0)
(10.8229 -3.15607e-07 0)
(10.8229 5.23194e-07 0)
(10.8229 -3.03707e-07 0)
(10.8229 5.47073e-07 0)
(10.8229 -5.71871e-08 0)
(10.8229 1.65535e-06 0)
(10.8229 3.73471e-06 0)
(10.8229 1.428e-05 0)
(10.823 4.13693e-05 0)
(10.8795 4.96939e-05 0)
(10.8795 2.94414e-05 0)
(10.8795 6.21539e-06 0)
(10.8795 -2.04776e-06 0)
(10.8795 -9.90792e-06 0)
(10.8795 -2.38013e-05 0)
(10.8796 -3.573e-05 0)
(10.8796 -1.73128e-05 0)
(10.8795 -1.72898e-05 0)
(10.8795 -1.67651e-05 0)
(10.8795 -1.62142e-05 0)
(10.8795 -7.59409e-06 0)
(10.8795 5.8557e-06 0)
(10.8795 3.06335e-05 0)
(10.8795 5.14227e-05 0)
(10.8796 5.00249e-05 0)
(10.8796 4.27672e-05 0)
(10.8797 4.06531e-05 0)
(10.8797 1.07027e-05 0)
(10.8796 -8.72093e-06 0)
(10.8796 -1.81925e-05 0)
(10.8796 -1.99428e-05 0)
(10.8796 -2.4593e-05 0)
(10.8797 -1.88026e-05 0)
(10.8797 -1.58361e-05 0)
(10.8797 1.016e-05 0)
(10.8797 2.18521e-05 0)
(10.8797 2.24451e-05 0)
(10.8797 1.11782e-05 0)
(10.8797 1.00049e-05 0)
(10.8797 5.2568e-06 0)
(10.8797 9.31475e-06 0)
(10.8797 1.79438e-05 0)
(10.8796 3.07212e-05 0)
(10.8796 3.04103e-05 0)
(10.8796 2.16062e-05 0)
(10.8796 1.03316e-05 0)
(10.8796 -6.15471e-06 0)
(10.8796 -3.80375e-05 0)
(10.8796 -7.07565e-05 0)
(10.8796 -7.34621e-05 0)
(10.8796 -5.913e-05 0)
(10.8796 -3.73556e-05 0)
(10.8796 -6.57468e-06 0)
(10.8796 1.47425e-05 0)
(10.8795 1.2935e-05 0)
(10.8795 6.17539e-06 0)
(10.8795 -9.86252e-07 0)
(10.8795 -1.69237e-06 0)
(10.8795 -4.32803e-06 0)
(10.8795 -3.10542e-06 0)
(10.8795 -5.28363e-06 0)
(10.8795 -3.92281e-06 0)
(10.8795 -6.18241e-06 0)
(10.8795 -4.48021e-06 0)
(10.8795 -6.6922e-06 0)
(10.8795 -4.81176e-06 0)
(10.8795 -6.76463e-06 0)
(10.8795 -4.47642e-06 0)
(10.8795 -5.10187e-06 0)
(10.8795 -3.35363e-06 0)
(10.8795 -3.33885e-06 0)
(10.8795 -1.52066e-06 0)
(10.8795 -2.1046e-06 0)
(10.8795 -1.61778e-07 0)
(10.8795 -1.34268e-06 0)
(10.8795 8.89299e-07 0)
(10.8794 -7.72783e-07 0)
(10.8794 1.22779e-06 0)
(10.8794 -8.53455e-07 0)
(10.8794 9.78371e-07 0)
(10.8794 -2.49524e-07 0)
(10.8794 5.70603e-07 0)
(10.8794 -2.55034e-07 0)
(10.8794 1.8531e-07 0)
(10.8794 -7.53319e-07 0)
(10.8794 -1.86146e-07 0)
(10.8794 -1.0497e-06 0)
(10.8795 -2.63719e-07 0)
(10.8795 -1.0196e-06 0)
(10.8795 -3.43738e-08 0)
(10.8795 -7.67754e-07 0)
(10.8795 1.7553e-07 0)
(10.8795 -5.56538e-07 0)
(10.8795 3.44218e-07 0)
(10.8795 -4.47492e-07 0)
(10.8795 4.94492e-07 0)
(10.8795 -3.61041e-07 0)
(10.8795 5.23475e-07 0)
(10.8795 -3.30421e-07 0)
(10.8795 5.08877e-07 0)
(10.8795 -3.18924e-07 0)
(10.8795 4.91502e-07 0)
(10.8795 -3.06347e-07 0)
(10.8795 5.19066e-07 0)
(10.8795 -5.28291e-08 0)
(10.8795 1.64165e-06 0)
(10.8795 3.77899e-06 0)
(10.8795 1.43999e-05 0)
(10.8795 4.07948e-05 0)
(10.9279 4.9151e-05 0)
(10.9279 2.99959e-05 0)
(10.9279 6.44902e-06 0)
(10.9279 -3.03233e-06 0)
(10.9279 -1.09273e-05 0)
(10.9279 -2.45854e-05 0)
(10.928 -3.59928e-05 0)
(10.928 -1.72491e-05 0)
(10.9279 -1.61462e-05 0)
(10.9279 -1.58456e-05 0)
(10.9279 -1.57179e-05 0)
(10.9279 -7.51936e-06 0)
(10.9279 5.79913e-06 0)
(10.9279 2.98514e-05 0)
(10.9279 5.00128e-05 0)
(10.928 4.89713e-05 0)
(10.928 4.19097e-05 0)
(10.928 3.94046e-05 0)
(10.9281 1.09155e-05 0)
(10.928 -7.38636e-06 0)
(10.928 -1.76611e-05 0)
(10.928 -2.06164e-05 0)
(10.928 -2.54275e-05 0)
(10.928 -1.97666e-05 0)
(10.9281 -1.65509e-05 0)
(10.9281 1.00538e-05 0)
(10.9281 2.23824e-05 0)
(10.9281 2.27458e-05 0)
(10.9281 1.12543e-05 0)
(10.9281 1.00195e-05 0)
(10.9281 5.25539e-06 0)
(10.9281 9.38073e-06 0)
(10.9281 1.83243e-05 0)
(10.9281 3.15231e-05 0)
(10.928 3.11024e-05 0)
(10.928 2.20793e-05 0)
(10.928 1.05008e-05 0)
(10.928 -6.2293e-06 0)
(10.928 -3.84423e-05 0)
(10.928 -7.08571e-05 0)
(10.928 -7.31942e-05 0)
(10.928 -5.90275e-05 0)
(10.928 -3.74381e-05 0)
(10.928 -6.19661e-06 0)
(10.928 1.55969e-05 0)
(10.928 1.35421e-05 0)
(10.9279 6.4417e-06 0)
(10.9279 -8.02962e-07 0)
(10.9279 -1.58625e-06 0)
(10.9279 -4.17469e-06 0)
(10.9279 -3.02942e-06 0)
(10.9279 -5.15243e-06 0)
(10.9279 -3.87293e-06 0)
(10.9279 -6.06212e-06 0)
(10.9279 -4.43132e-06 0)
(10.9279 -6.54281e-06 0)
(10.9279 -4.72717e-06 0)
(10.9279 -6.58861e-06 0)
(10.9279 -4.32167e-06 0)
(10.9279 -4.89992e-06 0)
(10.9279 -3.18763e-06 0)
(10.9279 -3.14965e-06 0)
(10.9279 -1.37904e-06 0)
(10.9279 -1.92748e-06 0)
(10.9278 -4.73463e-08 0)
(10.9278 -1.16921e-06 0)
(10.9278 9.90497e-07 0)
(10.9278 -6.01995e-07 0)
(10.9278 1.29581e-06 0)
(10.9278 -7.42934e-07 0)
(10.9278 1.00838e-06 0)
(10.9278 -2.20225e-07 0)
(10.9278 5.30459e-07 0)
(10.9278 -2.96417e-07 0)
(10.9278 9.13725e-08 0)
(10.9278 -8.36506e-07 0)
(10.9278 -2.98199e-07 0)
(10.9278 -1.12594e-06 0)
(10.9278 -3.58461e-07 0)
(10.9278 -1.06932e-06 0)
(10.9278 -1.07297e-07 0)
(10.9278 -8.00632e-07 0)
(10.9278 1.21919e-07 0)
(10.9278 -5.76559e-07 0)
(10.9278 3.00223e-07 0)
(10.9278 -4.57627e-07 0)
(10.9278 4.52331e-07 0)
(10.9279 -3.70461e-07 0)
(10.9279 4.85043e-07 0)
(10.9279 -3.37516e-07 0)
(10.9279 4.73358e-07 0)
(10.9279 -3.23674e-07 0)
(10.9279 4.5785e-07 0)
(10.9279 -3.10037e-07 0)
(10.9279 4.89226e-07 0)
(10.9279 -4.96167e-08 0)
(10.9279 1.62442e-06 0)
(10.9279 3.81562e-06 0)
(10.9279 1.44904e-05 0)
(10.9279 4.01926e-05 0)
(10.9686 4.86199e-05 0)
(10.9686 3.05137e-05 0)
(10.9686 6.71143e-06 0)
(10.9686 -3.97934e-06 0)
(10.9686 -1.19239e-05 0)
(10.9686 -2.53484e-05 0)
(10.9687 -3.62585e-05 0)
(10.9687 -1.71334e-05 0)
(10.9686 -1.4985e-05 0)
(10.9686 -1.49392e-05 0)
(10.9686 -1.52478e-05 0)
(10.9686 -7.47212e-06 0)
(10.9686 5.69856e-06 0)
(10.9686 2.90504e-05 0)
(10.9686 4.86155e-05 0)
(10.9687 4.78924e-05 0)
(10.9687 4.10329e-05 0)
(10.9687 3.81644e-05 0)
(10.9688 1.11098e-05 0)
(10.9687 -6.10664e-06 0)
(10.9687 -1.71619e-05 0)
(10.9687 -2.13181e-05 0)
(10.9687 -2.62634e-05 0)
(10.9688 -2.0749e-05 0)
(10.9688 -1.73145e-05 0)
(10.9688 9.89415e-06 0)
(10.9688 2.28724e-05 0)
(10.9688 2.29756e-05 0)
(10.9688 1.12636e-05 0)
(10.9688 9.96349e-06 0)
(10.9688 5.18961e-06 0)
(10.9688 9.37883e-06 0)
(10.9688 1.86408e-05 0)
(10.9688 3.22639e-05 0)
(10.9688 3.17542e-05 0)
(10.9687 2.2519e-05 0)
(10.9687 1.06495e-05 0)
(10.9687 -6.30835e-06 0)
(10.9687 -3.88057e-05 0)
(10.9687 -7.09359e-05 0)
(10.9687 -7.29475e-05 0)
(10.9687 -5.89212e-05 0)
(10.9687 -3.75281e-05 0)
(10.9687 -5.79168e-06 0)
(10.9687 1.6484e-05 0)
(10.9687 1.41807e-05 0)
(10.9687 6.73546e-06 0)
(10.9687 -5.87163e-07 0)
(10.9687 -1.44572e-06 0)
(10.9686 -3.98597e-06 0)
(10.9686 -2.91623e-06 0)
(10.9686 -4.9808e-06 0)
(10.9686 -3.77894e-06 0)
(10.9686 -5.89736e-06 0)
(10.9686 -4.32797e-06 0)
(10.9686 -6.33745e-06 0)
(10.9686 -4.58843e-06 0)
(10.9686 -6.36206e-06 0)
(10.9686 -4.12004e-06 0)
(10.9686 -4.65553e-06 0)
(10.9686 -2.98375e-06 0)
(10.9686 -2.92808e-06 0)
(10.9686 -1.21e-06 0)
(10.9686 -1.72678e-06 0)
(10.9685 8.53969e-08 0)
(10.9685 -9.82449e-07 0)
(10.9685 1.09942e-06 0)
(10.9685 -4.26443e-07 0)
(10.9685 1.36403e-06 0)
(10.9685 -6.32446e-07 0)
(10.9685 1.03443e-06 0)
(10.9685 -1.93374e-07 0)
(10.9685 4.89478e-07 0)
(10.9685 -3.38547e-07 0)
(10.9685 -6.09513e-10 0)
(10.9685 -9.16034e-07 0)
(10.9685 -4.06908e-07 0)
(10.9685 -1.19868e-06 0)
(10.9685 -4.50683e-07 0)
(10.9685 -1.11703e-06 0)
(10.9685 -1.7979e-07 0)
(10.9685 -8.33276e-07 0)
(10.9685 6.74384e-08 0)
(10.9685 -5.97672e-07 0)
(10.9685 2.54488e-07 0)
(10.9685 -4.69247e-07 0)
(10.9686 4.07941e-07 0)
(10.9686 -3.81582e-07 0)
(10.9686 4.44466e-07 0)
(10.9686 -3.46182e-07 0)
(10.9686 4.35986e-07 0)
(10.9686 -3.29782e-07 0)
(10.9686 4.22788e-07 0)
(10.9686 -3.14689e-07 0)
(10.9686 4.58257e-07 0)
(10.9686 -4.74307e-08 0)
(10.9686 1.60415e-06 0)
(10.9686 3.84464e-06 0)
(10.9686 1.4554e-05 0)
(10.9686 3.95634e-05 0)
(11.002 4.8079e-05 0)
(11.002 3.09766e-05 0)
(11.002 7.01987e-06 0)
(11.002 -4.89528e-06 0)
(11.002 -1.28935e-05 0)
(11.002 -2.60902e-05 0)
(11.002 -3.65319e-05 0)
(11.002 -1.69756e-05 0)
(11.002 -1.37981e-05 0)
(11.002 -1.40407e-05 0)
(11.002 -1.4801e-05 0)
(11.002 -7.4475e-06 0)
(11.002 5.55816e-06 0)
(11.002 2.8233e-05 0)
(11.002 4.72312e-05 0)
(11.0021 4.67925e-05 0)
(11.0021 4.01388e-05 0)
(11.0021 3.69316e-05 0)
(11.0021 1.12839e-05 0)
(11.0021 -4.87559e-06 0)
(11.0021 -1.66914e-05 0)
(11.0021 -2.20367e-05 0)
(11.0021 -2.71028e-05 0)
(11.0021 -2.17447e-05 0)
(11.0022 -1.81225e-05 0)
(11.0022 9.69051e-06 0)
(11.0022 2.33314e-05 0)
(11.0022 2.31353e-05 0)
(11.0022 1.12022e-05 0)
(11.0022 9.85232e-06 0)
(11.0022 5.06678e-06 0)
(11.0022 9.30599e-06 0)
(11.0022 1.88952e-05 0)
(11.0022 3.2948e-05 0)
(11.0022 3.23704e-05 0)
(11.0021 2.2929e-05 0)
(11.0021 1.07802e-05 0)
(11.0021 -6.39212e-06 0)
(11.0021 -3.91301e-05 0)
(11.0021 -7.10041e-05 0)
(11.0021 -7.27077e-05 0)
(11.0021 -5.88213e-05 0)
(11.0021 -3.76382e-05 0)
(11.0021 -5.35466e-06 0)
(11.0021 1.74232e-05 0)
(11.0021 1.48424e-05 0)
(11.0021 7.05616e-06 0)
(11.0021 -3.39104e-07 0)
(11.0021 -1.27074e-06 0)
(11.002 -3.7635e-06 0)
(11.002 -2.76723e-06 0)
(11.002 -4.76865e-06 0)
(11.002 -3.64263e-06 0)
(11.002 -5.68399e-06 0)
(11.002 -4.17477e-06 0)
(11.002 -6.0813e-06 0)
(11.002 -4.39909e-06 0)
(11.002 -6.0893e-06 0)
(11.002 -3.8782e-06 0)
(11.002 -4.37108e-06 0)
(11.002 -2.74823e-06 0)
(11.0019 -2.67792e-06 0)
(11.0019 -1.01737e-06 0)
(11.0019 -1.50714e-06 0)
(11.0019 2.33463e-07 0)
(11.0019 -7.8599e-07 0)
(11.0019 1.21345e-06 0)
(11.0019 -2.4919e-07 0)
(11.0019 1.43106e-06 0)
(11.0019 -5.23674e-07 0)
(11.0019 1.05617e-06 0)
(11.0019 -1.66603e-07 0)
(11.0019 4.48843e-07 0)
(11.0019 -3.79838e-07 0)
(11.0019 -9.08229e-08 0)
(11.0019 -9.90265e-07 0)
(11.0019 -5.10868e-07 0)
(11.0019 -1.26728e-06 0)
(11.0019 -5.39687e-07 0)
(11.0019 -1.16251e-06 0)
(11.0019 -2.51227e-07 0)
(11.0019 -8.65584e-07 0)
(11.0019 1.24523e-08 0)
(11.0019 -6.19704e-07 0)
(11.0019 2.07652e-07 0)
(11.0019 -4.82262e-07 0)
(11.0019 3.62038e-07 0)
(11.0019 -3.94245e-07 0)
(11.0019 4.02502e-07 0)
(11.0019 -3.5619e-07 0)
(11.0019 3.97455e-07 0)
(11.0019 -3.36973e-07 0)
(11.0019 3.86905e-07 0)
(11.0019 -3.20107e-07 0)
(11.0019 4.26705e-07 0)
(11.0019 -4.61512e-08 0)
(11.0019 1.58138e-06 0)
(11.0019 3.86611e-06 0)
(11.0019 1.45926e-05 0)
(11.002 3.89092e-05 0)
(11.0283 4.75252e-05 0)
(11.0283 3.14156e-05 0)
(11.0283 7.34392e-06 0)
(11.0283 -5.79283e-06 0)
(11.0283 -1.38396e-05 0)
(11.0284 -2.68126e-05 0)
(11.0284 -3.68146e-05 0)
(11.0284 -1.67824e-05 0)
(11.0284 -1.25807e-05 0)
(11.0283 -1.31454e-05 0)
(11.0283 -1.43752e-05 0)
(11.0283 -7.44453e-06 0)
(11.0283 5.37672e-06 0)
(11.0283 2.73966e-05 0)
(11.0284 4.58576e-05 0)
(11.0284 4.56781e-05 0)
(11.0284 3.92279e-05 0)
(11.0285 3.57035e-05 0)
(11.0285 1.14349e-05 0)
(11.0285 -3.6889e-06 0)
(11.0284 -1.62482e-05 0)
(11.0284 -2.27711e-05 0)
(11.0285 -2.79373e-05 0)
(11.0285 -2.27479e-05 0)
(11.0285 -1.89707e-05 0)
(11.0285 9.45097e-06 0)
(11.0285 2.37677e-05 0)
(11.0285 2.3234e-05 0)
(11.0285 1.10826e-05 0)
(11.0285 9.69018e-06 0)
(11.0286 4.88709e-06 0)
(11.0286 9.15965e-06 0)
(11.0286 1.90865e-05 0)
(11.0286 3.35787e-05 0)
(11.0285 3.2956e-05 0)
(11.0285 2.33124e-05 0)
(11.0285 1.08941e-05 0)
(11.0285 -6.47131e-06 0)
(11.0285 -3.9428e-05 0)
(11.0285 -7.10542e-05 0)
(11.0285 -7.24427e-05 0)
(11.0285 -5.87779e-05 0)
(11.0285 -3.7758e-05 0)
(11.0285 -4.89482e-06 0)
(11.0285 1.84037e-05 0)
(11.0285 1.55431e-05 0)
(11.0284 7.40625e-06 0)
(11.0284 -5.71721e-08 0)
(11.0284 -1.06032e-06 0)
(11.0284 -3.50722e-06 0)
(11.0284 -2.58023e-06 0)
(11.0284 -4.51857e-06 0)
(11.0284 -3.46169e-06 0)
(11.0284 -5.42575e-06 0)
(11.0284 -3.97328e-06 0)
(11.0284 -5.77694e-06 0)
(11.0284 -4.16201e-06 0)
(11.0283 -5.77088e-06 0)
(11.0283 -3.59679e-06 0)
(11.0283 -4.05062e-06 0)
(11.0283 -2.47914e-06 0)
(11.0283 -2.4002e-06 0)
(11.0283 -8.01215e-07 0)
(11.0283 -1.27163e-06 0)
(11.0283 3.94533e-07 0)
(11.0283 -5.82011e-07 0)
(11.0283 1.33112e-06 0)
(11.0283 -7.22549e-08 0)
(11.0283 1.49609e-06 0)
(11.0283 -4.17746e-07 0)
(11.0283 1.07448e-06 0)
(11.0283 -1.37994e-07 0)
(11.0283 4.10144e-07 0)
(11.0283 -4.2156e-07 0)
(11.0283 -1.76793e-07 0)
(11.0283 -1.05909e-06 0)
(11.0283 -6.09083e-07 0)
(11.0283 -1.33136e-06 0)
(11.0283 -6.24868e-07 0)
(11.0283 -1.20555e-06 0)
(11.0283 -3.21371e-07 0)
(11.0283 -8.97686e-07 0)
(11.0283 -4.28999e-08 0)
(11.0283 -6.42453e-07 0)
(11.0283 1.6004e-07 0)
(11.0283 -4.96521e-07 0)
(11.0283 3.1489e-07 0)
(11.0283 -4.08352e-07 0)
(11.0283 3.59412e-07 0)
(11.0283 -3.67506e-07 0)
(11.0283 3.58077e-07 0)
(11.0283 -3.45172e-07 0)
(11.0283 3.50522e-07 0)
(11.0283 -3.26253e-07 0)
(11.0283 3.94995e-07 0)
(11.0283 -4.57636e-08 0)
(11.0283 1.55645e-06 0)
(11.0283 3.87894e-06 0)
(11.0283 1.4606e-05 0)
(11.0283 3.82308e-05 0)
(11.0479 4.69576e-05 0)
(11.0479 3.18348e-05 0)
(11.0479 7.66555e-06 0)
(11.0479 -6.68319e-06 0)
(11.0479 -1.47636e-05 0)
(11.0479 -2.75149e-05 0)
(11.0479 -3.71027e-05 0)
(11.0479 -1.65594e-05 0)
(11.0479 -1.13338e-05 0)
(11.0479 -1.22415e-05 0)
(11.0479 -1.39636e-05 0)
(11.0479 -7.46421e-06 0)
(11.0479 5.14683e-06 0)
(11.0479 2.65329e-05 0)
(11.0479 4.44898e-05 0)
(11.048 4.45598e-05 0)
(11.048 3.83059e-05 0)
(11.048 3.44807e-05 0)
(11.048 1.15561e-05 0)
(11.048 -2.54556e-06 0)
(11.048 -1.58266e-05 0)
(11.048 -2.35105e-05 0)
(11.048 -2.87627e-05 0)
(11.0481 -2.37513e-05 0)
(11.0481 -1.98508e-05 0)
(11.0481 9.1861e-06 0)
(11.0481 2.41832e-05 0)
(11.0481 2.33053e-05 0)
(11.0481 1.0911e-05 0)
(11.0481 9.46654e-06 0)
(11.0481 4.6491e-06 0)
(11.0481 8.93311e-06 0)
(11.0481 1.92082e-05 0)
(11.0481 3.41484e-05 0)
(11.0481 3.35161e-05 0)
(11.0481 2.36751e-05 0)
(11.0481 1.09931e-05 0)
(11.0481 -6.54655e-06 0)
(11.0481 -3.9708e-05 0)
(11.0481 -7.10941e-05 0)
(11.0481 -7.22039e-05 0)
(11.0481 -5.87862e-05 0)
(11.0481 -3.78887e-05 0)
(11.0481 -4.4207e-06 0)
(11.048 1.9412e-05 0)
(11.048 1.62863e-05 0)
(11.048 7.79294e-06 0)
(11.048 2.62639e-07 0)
(11.048 -8.12639e-07 0)
(11.048 -3.21622e-06 0)
(11.048 -2.3556e-06 0)
(11.048 -4.23139e-06 0)
(11.048 -3.23831e-06 0)
(11.0479 -5.12456e-06 0)
(11.0479 -3.72491e-06 0)
(11.0479 -5.42639e-06 0)
(11.0479 -3.87923e-06 0)
(11.0479 -5.40769e-06 0)
(11.0479 -3.27584e-06 0)
(11.0479 -3.69551e-06 0)
(11.0479 -2.1768e-06 0)
(11.0479 -2.09425e-06 0)
(11.0478 -5.60611e-07 0)
(11.0478 -1.01777e-06 0)
(11.0478 5.68993e-07 0)
(11.0478 -3.72191e-07 0)
(11.0478 1.4533e-06 0)
(11.0478 1.03204e-07 0)
(11.0478 1.5605e-06 0)
(11.0478 -3.15111e-07 0)
(11.0478 1.09038e-06 0)
(11.0478 -1.09719e-07 0)
(11.0478 3.73826e-07 0)
(11.0478 -4.61533e-07 0)
(11.0478 -2.58003e-07 0)
(11.0478 -1.12242e-06 0)
(11.0478 -7.00902e-07 0)
(11.0478 -1.39065e-06 0)
(11.0478 -7.0567e-07 0)
(11.0478 -1.24667e-06 0)
(11.0478 -3.90118e-07 0)
(11.0478 -9.29679e-07 0)
(11.0478 -9.84702e-08 0)
(11.0478 -6.66004e-07 0)
(11.0478 1.11787e-07 0)
(11.0478 -5.12368e-07 0)
(11.0478 2.66703e-07 0)
(11.0478 -4.23963e-07 0)
(11.0478 3.15489e-07 0)
(11.0478 -3.80037e-07 0)
(11.0478 3.18121e-07 0)
(11.0478 -3.54258e-07 0)
(11.0478 3.13846e-07 0)
(11.0478 -3.33042e-07 0)
(11.0478 3.6336e-07 0)
(11.0478 -4.63981e-08 0)
(11.0478 1.52908e-06 0)
(11.0478 3.88016e-06 0)
(11.0478 1.45893e-05 0)
(11.0479 3.75283e-05 0)
(11.0608 4.63554e-05 0)
(11.0608 3.22284e-05 0)
(11.0608 7.93944e-06 0)
(11.0608 -7.63387e-06 0)
(11.0608 -1.56952e-05 0)
(11.0608 -2.81849e-05 0)
(11.0609 -3.73612e-05 0)
(11.0609 -1.62896e-05 0)
(11.0608 -1.00355e-05 0)
(11.0608 -1.12928e-05 0)
(11.0608 -1.34983e-05 0)
(11.0608 -7.46711e-06 0)
(11.0608 4.88976e-06 0)
(11.0608 2.5654e-05 0)
(11.0608 4.31416e-05 0)
(11.0609 4.34705e-05 0)
(11.0609 3.74105e-05 0)
(11.0609 3.32967e-05 0)
(11.061 1.1663e-05 0)
(11.0609 -1.42139e-06 0)
(11.0609 -1.53937e-05 0)
(11.0609 -2.42121e-05 0)
(11.0609 -2.95412e-05 0)
(11.061 -2.47066e-05 0)
(11.061 -2.0706e-05 0)
(11.061 8.95632e-06 0)
(11.061 2.46388e-05 0)
(11.061 2.34078e-05 0)
(11.061 1.07337e-05 0)
(11.061 9.22271e-06 0)
(11.061 4.38164e-06 0)
(11.0611 8.65433e-06 0)
(11.0611 1.92745e-05 0)
(11.0611 3.46741e-05 0)
(11.061 3.40651e-05 0)
(11.061 2.40439e-05 0)
(11.061 1.10951e-05 0)
(11.061 -6.60938e-06 0)
(11.061 -3.99948e-05 0)
(11.061 -7.12349e-05 0)
(11.061 -7.20173e-05 0)
(11.061 -5.88753e-05 0)
(11.061 -3.80569e-05 0)
(11.061 -3.9528e-06 0)
(11.061 2.04316e-05 0)
(11.061 1.70541e-05 0)
(11.0609 8.19981e-06 0)
(11.0609 5.95049e-07 0)
(11.0609 -5.552e-07 0)
(11.0609 -2.92134e-06 0)
(11.0609 -2.12755e-06 0)
(11.0609 -3.94276e-06 0)
(11.0609 -3.01051e-06 0)
(11.0609 -4.82064e-06 0)
(11.0609 -3.47192e-06 0)
(11.0609 -5.07411e-06 0)
(11.0608 -3.59525e-06 0)
(11.0608 -5.04723e-06 0)
(11.0608 -2.96033e-06 0)
(11.0608 -3.34838e-06 0)
(11.0608 -1.88061e-06 0)
(11.0608 -1.79603e-06 0)
(11.0608 -3.26508e-07 0)
(11.0608 -7.71473e-07 0)
(11.0608 7.34584e-07 0)
(11.0608 -1.73866e-07 0)
(11.0607 1.56368e-06 0)
(11.0607 2.66687e-07 0)
(11.0607 1.61546e-06 0)
(11.0607 -2.21247e-07 0)
(11.0607 1.10071e-06 0)
(11.0607 -8.22453e-08 0)
(11.0607 3.41599e-07 0)
(11.0607 -4.92794e-07 0)
(11.0607 -3.28218e-07 0)
(11.0607 -1.17303e-06 0)
(11.0607 -7.79744e-07 0)
(11.0607 -1.43876e-06 0)
(11.0607 -7.75967e-07 0)
(11.0607 -1.28202e-06 0)
(11.0607 -4.52154e-07 0)
(11.0607 -9.57155e-07 0)
(11.0607 -1.4968e-07 0)
(11.0608 -6.86537e-07 0)
(11.0608 6.69459e-08 0)
(11.0608 -5.27403e-07 0)
(11.0608 2.21782e-07 0)
(11.0608 -4.37671e-07 0)
(11.0608 2.74154e-07 0)
(11.0608 -3.90627e-07 0)
(11.0608 2.80563e-07 0)
(11.0608 -3.61504e-07 0)
(11.0608 2.79442e-07 0)
(11.0608 -3.37134e-07 0)
(11.0608 3.333e-07 0)
(11.0608 -4.68298e-08 0)
(11.0608 1.5016e-06 0)
(11.0608 3.8721e-06 0)
(11.0608 1.4532e-05 0)
(11.0608 3.67832e-05 0)
(11.0672 4.59222e-05 0)
(11.0672 3.29181e-05 0)
(11.0672 8.60853e-06 0)
(11.0672 -8.40223e-06 0)
(11.0672 -1.66275e-05 0)
(11.0672 -2.89003e-05 0)
(11.0673 -3.79047e-05 0)
(11.0673 -1.62466e-05 0)
(11.0672 -8.75742e-06 0)
(11.0672 -1.0422e-05 0)
(11.0672 -1.3175e-05 0)
(11.0672 -7.57225e-06 0)
(11.0672 4.52559e-06 0)
(11.0672 2.48045e-05 0)
(11.0672 4.1939e-05 0)
(11.0673 4.24997e-05 0)
(11.0673 3.6497e-05 0)
(11.0674 3.197e-05 0)
(11.0674 1.16875e-05 0)
(11.0673 -3.16971e-07 0)
(11.0673 -1.49676e-05 0)
(11.0673 -2.48236e-05 0)
(11.0674 -3.01847e-05 0)
(11.0674 -2.56457e-05 0)
(11.0674 -2.16654e-05 0)
(11.0674 8.62866e-06 0)
(11.0674 2.50287e-05 0)
(11.0674 2.33346e-05 0)
(11.0674 1.03742e-05 0)
(11.0674 8.84189e-06 0)
(11.0675 3.98344e-06 0)
(11.0675 8.25826e-06 0)
(11.0675 1.94031e-05 0)
(11.0675 3.52929e-05 0)
(11.0674 3.45659e-05 0)
(11.0674 2.434e-05 0)
(11.0674 1.11601e-05 0)
(11.0674 -6.58572e-06 0)
(11.0674 -3.99133e-05 0)
(11.0674 -7.11134e-05 0)
(11.0674 -7.19107e-05 0)
(11.0674 -5.91253e-05 0)
(11.0674 -3.83466e-05 0)
(11.0674 -3.51379e-06 0)
(11.0674 2.14394e-05 0)
(11.0674 1.7716e-05 0)
(11.0674 8.52095e-06 0)
(11.0673 9.46484e-07 0)
(11.0673 -2.54092e-07 0)
(11.0673 -2.59154e-06 0)
(11.0673 -1.85953e-06 0)
(11.0673 -3.61102e-06 0)
(11.0673 -2.73107e-06 0)
(11.0673 -4.46285e-06 0)
(11.0673 -3.16155e-06 0)
(11.0673 -4.66654e-06 0)
(11.0673 -3.25778e-06 -1.64858e-35)
(11.0672 -4.64323e-06 0)
(11.0672 -2.60996e-06 0)
(11.0672 -2.97751e-06 0)
(11.0672 -1.57093e-06 0)
(11.0672 -1.4881e-06 0)
(11.0672 -8.80404e-08 0)
(11.0672 -5.28359e-07 0)
(11.0672 8.93065e-07 0)
(11.0672 1.3485e-08 0)
(11.0672 1.65455e-06 0)
(11.0671 4.14204e-07 0)
(11.0671 1.6534e-06 -1.32533e-35)
(11.0671 -1.44915e-07 -1.3017e-35)
(11.0671 1.09521e-06 0)
(11.0671 -5.71821e-08 1.24573e-35)
(11.0671 3.249e-07 0)
(11.0671 -5.17494e-07 1.17694e-35)
(11.0671 -3.82955e-07 0)
(11.0671 -1.21328e-06 -1.1057e-35)
(11.0671 -8.51392e-07 0)
(11.0671 -1.4842e-06 0)
(11.0671 -8.45762e-07 0)
(11.0672 -1.31256e-06 -9.65761e-36)
(11.0672 -5.16387e-07 0)
(11.0672 -9.8689e-07 0)
(11.0672 -2.01463e-07 0)
(11.0672 -7.12168e-07 0)
(11.0672 1.9646e-08 0)
(11.0672 -5.39465e-07 0)
(11.0672 1.73616e-07 0)
(11.0672 -4.53584e-07 0)
(11.0672 2.3107e-07 0)
(11.0672 -4.03645e-07 0)
(11.0672 2.42052e-07 0)
(11.0672 -3.70491e-07 -5.79842e-36)
(11.0672 2.45389e-07 0)
(11.0672 -3.46859e-07 0)
(11.0672 3.03839e-07 -4.78383e-36)
(11.0672 -4.74903e-08 0)
(11.0672 1.48526e-06 8.21609e-36)
(11.0672 3.86599e-06 0)
(11.0672 1.44657e-05 0)
(11.0672 3.60813e-05 0)
(11.0672 4.52986e-05 0)
(11.0671 3.33797e-05 0)
(11.0671 9.06494e-06 0)
(11.0671 -8.91472e-06 0)
(11.0672 -1.72298e-05 0)
(11.0672 -2.98102e-05 0)
(11.0672 -3.83976e-05 0)
(11.0672 -1.59875e-05 0)
(11.0672 -7.56436e-06 0)
(11.0672 -9.69806e-06 0)
(11.0671 -1.292e-05 0)
(11.0671 -7.6326e-06 0)
(11.0671 4.34861e-06 0)
(11.0672 2.40535e-05 0)
(11.0672 4.06336e-05 0)
(11.0672 4.12333e-05 0)
(11.0673 3.54248e-05 0)
(11.0673 3.08632e-05 0)
(11.0673 1.18731e-05 0)
(11.0673 7.98122e-07 0)
(11.0673 -1.45606e-05 0)
(11.0673 -2.56523e-05 0)
(11.0673 -3.11806e-05 0)
(11.0673 -2.68191e-05 0)
(11.0674 -2.27822e-05 0)
(11.0674 8.15812e-06 0)
(11.0674 2.5253e-05 0)
(11.0674 2.32561e-05 0)
(11.0674 1.00488e-05 0)
(11.0674 8.46731e-06 0)
(11.0674 3.68487e-06 0)
(11.0674 7.99213e-06 0)
(11.0674 1.9414e-05 0)
(11.0674 3.5792e-05 0)
(11.0674 3.52515e-05 0)
(11.0674 2.47599e-05 0)
(11.0674 1.12857e-05 0)
(11.0674 -6.58163e-06 0)
(11.0674 -4.02489e-05 0)
(11.0674 -7.12279e-05 0)
(11.0674 -7.13857e-05 0)
(11.0674 -5.88586e-05 0)
(11.0674 -3.84694e-05 0)
(11.0674 -3.09452e-06 0)
(11.0674 2.24111e-05 0)
(11.0673 1.84267e-05 0)
(11.0673 8.84817e-06 0)
(11.0673 1.17823e-06 0)
(11.0673 -5.40978e-08 0)
(11.0673 -2.2843e-06 0)
(11.0673 -1.57872e-06 0)
(11.0673 -3.25417e-06 0)
(11.0673 -2.41702e-06 0)
(11.0672 -4.06833e-06 0)
(11.0672 -2.80893e-06 0)
(11.0672 -4.21725e-06 0)
(11.0672 -2.87219e-06 1.64849e-35)
(11.0672 -4.18233e-06 0)
(11.0672 -2.2001e-06 0)
(11.0672 -2.54035e-06 0)
(11.0671 -1.18681e-06 0)
(11.0671 -1.11322e-06 0)
(11.0671 2.16344e-07 0)
(11.0671 -2.22376e-07 0)
(11.0671 1.10638e-06 0)
(11.0671 2.42235e-07 0)
(11.0671 1.79537e-06 0)
(11.0671 5.91562e-07 0)
(11.0671 1.72525e-06 1.32526e-35)
(11.0671 -4.11928e-08 1.30163e-35)
(11.0671 1.11964e-06 0)
(11.0671 -2.62876e-08 -1.24566e-35)
(11.0671 2.88344e-07 0)
(11.0671 -5.44715e-07 -1.17688e-35)
(11.0671 -4.49119e-07 0)
(11.0671 -1.26186e-06 1.10564e-35)
(11.0671 -9.25149e-07 0)
(11.0671 -1.52989e-06 0)
(11.0671 -9.11621e-07 0)
(11.0671 -1.35228e-06 9.65707e-36)
(11.0671 -5.8066e-07 0)
(11.0671 -1.01771e-06 0)
(11.0671 -2.57856e-07 0)
(11.0671 -7.35852e-07 0)
(11.0671 -2.73726e-08 0)
(11.0671 -5.62802e-07 0)
(11.0671 1.24622e-07 0)
(11.0671 -4.71759e-07 0)
(11.0671 1.86873e-07 0)
(11.0671 -4.18382e-07 0)
(11.0671 2.02156e-07 0)
(11.0671 -3.8192e-07 5.7981e-36)
(11.0671 2.08056e-07 0)
(11.0671 -3.52e-07 0)
(11.0671 2.74069e-07 4.78356e-36)
(11.0671 -5.00657e-08 0)
(11.0671 1.4434e-06 -8.21563e-36)
(11.0671 3.84907e-06 0)
(11.0671 1.44235e-05 0)
(11.0671 3.53223e-05 0)
(11.0606 4.47479e-05 0)
(11.0606 3.38988e-05 0)
(11.0606 9.50334e-06 0)
(11.0606 -9.67382e-06 0)
(11.0607 -1.8074e-05 0)
(11.0607 -3.04797e-05 0)
(11.0607 -3.88122e-05 0)
(11.0607 -1.56992e-05 0)
(11.0607 -6.20082e-06 0)
(11.0606 -8.88182e-06 0)
(11.0606 -1.2639e-05 0)
(11.0606 -7.67246e-06 0)
(11.0606 4.13334e-06 0)
(11.0606 2.32804e-05 0)
(11.0607 3.93541e-05 0)
(11.0607 4.00454e-05 0)
(11.0607 3.44306e-05 0)
(11.0608 2.97363e-05 0)
(11.0608 1.2031e-05 0)
(11.0608 1.95315e-06 0)
(11.0608 -1.41179e-05 0)
(11.0608 -2.63897e-05 0)
(11.0608 -3.19759e-05 0)
(11.0608 -2.78264e-05 0)
(11.0608 -2.38314e-05 0)
(11.0609 7.79327e-06 0)
(11.0609 2.56483e-05 0)
(11.0609 2.32367e-05 0)
(11.0609 9.72887e-06 0)
(11.0609 8.0894e-06 0)
(11.0609 3.344e-06 0)
(11.0609 7.63084e-06 0)
(11.0609 1.94048e-05 0)
(11.0609 3.625e-05 0)
(11.0609 3.58118e-05 0)
(11.0609 2.50922e-05 0)
(11.0609 1.1386e-05 0)
(11.0609 -6.54995e-06 0)
(11.0609 -4.04783e-05 0)
(11.0609 -7.14346e-05 0)
(11.0609 -7.11853e-05 0)
(11.0609 -5.88221e-05 0)
(11.0609 -3.86814e-05 0)
(11.0609 -2.64995e-06 0)
(11.0608 2.34837e-05 0)
(11.0608 1.9155e-05 0)
(11.0608 9.16628e-06 0)
(11.0608 1.43954e-06 0)
(11.0608 1.60823e-07 0)
(11.0608 -1.98885e-06 0)
(11.0608 -1.31258e-06 0)
(11.0608 -2.91123e-06 0)
(11.0607 -2.10982e-06 0)
(11.0607 -3.67999e-06 0)
(11.0607 -2.46119e-06 0)
(11.0607 -3.77899e-06 0)
(11.0607 -2.50242e-06 0)
(11.0607 -3.74886e-06 0)
(11.0607 -1.82749e-06 0)
(11.0606 -2.14755e-06 0)
(11.0606 -8.52979e-07 0)
(11.0606 -7.87044e-07 0)
(11.0606 4.71778e-07 0)
(11.0606 3.26396e-08 0)
(11.0606 1.27338e-06 0)
(11.0606 4.21734e-07 0)
(11.0606 1.8845e-06 0)
(11.0606 7.21593e-07 0)
(11.0606 1.75658e-06 0)
(11.0606 2.96873e-08 0)
(11.0606 1.11944e-06 0)
(11.0606 1.26534e-09 0)
(11.0606 2.73194e-07 0)
(11.0606 -5.54374e-07 0)
(11.0606 -4.87104e-07 0)
(11.0606 -1.28417e-06 0)
(11.0606 -9.78371e-07 0)
(11.0606 -1.55745e-06 0)
(11.0606 -9.64434e-07 0)
(11.0606 -1.37679e-06 0)
(11.0606 -6.35681e-07 0)
(11.0606 -1.04301e-06 0)
(11.0606 -3.05659e-07 0)
(11.0606 -7.57725e-07 0)
(11.0606 -7.0629e-08 0)
(11.0606 -5.78265e-07 0)
(11.0606 7.93439e-08 0)
(11.0606 -4.8609e-07 0)
(11.0606 1.46733e-07 0)
(11.0606 -4.30408e-07 0)
(11.0606 1.66184e-07 0)
(11.0606 -3.90501e-07 0)
(11.0606 1.75814e-07 0)
(11.0606 -3.57657e-07 0)
(11.0606 2.47785e-07 0)
(11.0606 -5.02482e-08 0)
(11.0606 1.41523e-06 0)
(11.0606 3.83913e-06 0)
(11.0606 1.4376e-05 0)
(11.0606 3.4592e-05 0)
(11.0476 4.41678e-05 0)
(11.0476 3.43923e-05 0)
(11.0476 9.78908e-06 0)
(11.0476 -1.05944e-05 0)
(11.0476 -1.90377e-05 0)
(11.0477 -3.10234e-05 0)
(11.0477 -3.91279e-05 0)
(11.0477 -1.533e-05 0)
(11.0476 -4.73775e-06 0)
(11.0476 -7.97562e-06 0)
(11.0476 -1.22882e-05 0)
(11.0476 -7.69105e-06 0)
(11.0476 3.88729e-06 0)
(11.0476 2.24537e-05 0)
(11.0476 3.8044e-05 0)
(11.0477 3.88621e-05 0)
(11.0477 3.34754e-05 0)
(11.0477 2.86573e-05 0)
(11.0478 1.21665e-05 0)
(11.0477 3.12164e-06 0)
(11.0477 -1.36482e-05 0)
(11.0477 -2.7105e-05 0)
(11.0477 -3.27148e-05 0)
(11.0478 -2.87539e-05 0)
(11.0478 -2.48278e-05 0)
(11.0478 7.49182e-06 0)
(11.0478 2.61492e-05 0)
(11.0478 2.33102e-05 0)
(11.0478 9.46062e-06 0)
(11.0478 7.72328e-06 0)
(11.0479 3.00244e-06 0)
(11.0479 7.23125e-06 0)
(11.0479 1.93219e-05 0)
(11.0479 3.66525e-05 0)
(11.0479 3.63529e-05 0)
(11.0478 2.54407e-05 0)
(11.0478 1.15036e-05 0)
(11.0478 -6.51663e-06 0)
(11.0478 -4.07794e-05 0)
(11.0478 -7.17888e-05 0)
(11.0478 -7.10918e-05 0)
(11.0478 -5.88532e-05 0)
(11.0478 -3.89225e-05 0)
(11.0478 -2.20585e-06 0)
(11.0478 2.46149e-05 0)
(11.0478 1.99513e-05 0)
(11.0478 9.5228e-06 0)
(11.0478 1.71733e-06 0)
(11.0478 3.78375e-07 0)
(11.0477 -1.70259e-06 0)
(11.0477 -1.05802e-06 0)
(11.0477 -2.58245e-06 0)
(11.0477 -1.81358e-06 0)
(11.0477 -3.30421e-06 0)
(11.0477 -2.12339e-06 0)
(11.0477 -3.35314e-06 0)
(11.0477 -2.14372e-06 0)
(11.0477 -3.32794e-06 0)
(11.0476 -1.47044e-06 0)
(11.0476 -1.76964e-06 0)
(11.0476 -5.31893e-07 0)
(11.0476 -4.74425e-07 0)
(11.0476 7.16121e-07 0)
(11.0476 2.75121e-07 0)
(11.0476 1.43038e-06 0)
(11.0476 5.91664e-07 0)
(11.0476 1.96281e-06 0)
(11.0476 8.4184e-07 0)
(11.0476 1.78065e-06 0)
(11.0476 9.47812e-08 0)
(11.0476 1.11485e-06 0)
(11.0476 2.56905e-08 0)
(11.0476 2.59378e-07 0)
(11.0476 -5.59659e-07 0)
(11.0476 -5.18168e-07 0)
(11.0476 -1.29722e-06 0)
(11.0476 -1.02317e-06 0)
(11.0476 -1.57904e-06 0)
(11.0476 -1.01106e-06 0)
(11.0476 -1.39706e-06 0)
(11.0476 -6.85805e-07 0)
(11.0476 -1.06559e-06 0)
(11.0476 -3.50618e-07 0)
(11.0476 -7.77228e-07 0)
(11.0476 -1.11781e-07 0)
(11.0476 -5.92247e-07 0)
(11.0476 3.71124e-08 0)
(11.0476 -4.99348e-07 0)
(11.0476 1.08771e-07 0)
(11.0476 -4.41279e-07 0)
(11.0476 1.32125e-07 0)
(11.0476 -3.97943e-07 0)
(11.0476 1.45505e-07 0)
(11.0476 -3.61946e-07 0)
(11.0476 2.2283e-07 0)
(11.0476 -5.03469e-08 0)
(11.0476 1.38703e-06 0)
(11.0476 3.81865e-06 0)
(11.0476 1.42832e-05 0)
(11.0476 3.3832e-05 0)
(11.028 4.36313e-05 0)
(11.028 3.50505e-05 0)
(11.0279 1.01526e-05 0)
(11.0279 -1.14111e-05 0)
(11.028 -1.99875e-05 0)
(11.028 -3.16109e-05 0)
(11.028 -3.95436e-05 0)
(11.028 -1.50088e-05 0)
(11.028 -3.27931e-06 0)
(11.028 -7.08641e-06 0)
(11.0279 -1.19755e-05 0)
(11.0279 -7.75427e-06 0)
(11.0279 3.58924e-06 0)
(11.028 2.16087e-05 0)
(11.028 3.67533e-05 0)
(11.028 3.76915e-05 0)
(11.0281 3.25002e-05 0)
(11.0281 2.75679e-05 0)
(11.0281 1.22742e-05 0)
(11.0281 4.3097e-06 0)
(11.0281 -1.31408e-05 0)
(11.0281 -2.78047e-05 0)
(11.0281 -3.34325e-05 0)
(11.0281 -2.96963e-05 0)
(11.0281 -2.58909e-05 0)
(11.0282 7.13963e-06 0)
(11.0282 2.66149e-05 0)
(11.0282 2.33489e-05 0)
(11.0282 9.12512e-06 0)
(11.0282 7.28e-06 0)
(11.0282 2.59924e-06 0)
(11.0282 6.76754e-06 0)
(11.0282 1.92046e-05 0)
(11.0282 3.70614e-05 0)
(11.0282 3.69248e-05 0)
(11.0282 2.58039e-05 0)
(11.0282 1.16221e-05 0)
(11.0282 -6.45962e-06 0)
(11.0282 -4.10274e-05 0)
(11.0282 -7.21243e-05 0)
(11.0282 -7.09577e-05 0)
(11.0282 -5.88964e-05 0)
(11.0282 -3.92294e-05 0)
(11.0282 -1.81028e-06 0)
(11.0282 2.57321e-05 0)
(11.0281 2.07322e-05 0)
(11.0281 9.86325e-06 0)
(11.0281 1.99436e-06 0)
(11.0281 6.03804e-07 0)
(11.0281 -1.40441e-06 0)
(11.0281 -7.85707e-07 0)
(11.0281 -2.23214e-06 0)
(11.0281 -1.48804e-06 0)
(11.0281 -2.89732e-06 0)
(11.028 -1.7501e-06 0)
(11.028 -2.89328e-06 0)
(11.028 -1.74931e-06 0)
(11.028 -2.87414e-06 0)
(11.028 -1.08551e-06 0)
(11.028 -1.36575e-06 0)
(11.028 -1.86478e-07 0)
(11.028 -1.41622e-07 0)
(11.0279 9.78632e-07 0)
(11.0279 5.29817e-07 0)
(11.0279 1.59652e-06 0)
(11.0279 7.61699e-07 0)
(11.0279 2.04261e-06 0)
(11.0279 9.57438e-07 0)
(11.0279 1.80105e-06 0)
(11.0279 1.57419e-07 0)
(11.0279 1.1083e-06 0)
(11.0279 4.92888e-08 0)
(11.0279 2.47939e-07 0)
(11.0279 -5.59772e-07 0)
(11.0279 -5.41532e-07 0)
(11.0279 -1.30318e-06 0)
(11.0279 -1.05946e-06 0)
(11.0279 -1.59661e-06 0)
(11.0279 -1.05414e-06 0)
(11.0279 -1.41595e-06 0)
(11.0279 -7.35443e-07 0)
(11.0279 -1.08901e-06 0)
(11.0279 -3.963e-07 0)
(11.0279 -7.98135e-07 0)
(11.0279 -1.53737e-07 0)
(11.0279 -6.07382e-07 0)
(11.0279 -6.02343e-09 0)
(11.0279 -5.14558e-07 0)
(11.0279 7.02184e-08 0)
(11.0279 -4.53518e-07 0)
(11.0279 9.77357e-08 0)
(11.0279 -4.06357e-07 0)
(11.0279 1.15123e-07 0)
(11.0279 -3.67068e-07 0)
(11.0279 1.98431e-07 0)
(11.0279 -5.11987e-08 0)
(11.0279 1.35699e-06 0)
(11.0279 3.78593e-06 0)
(11.0279 1.4153e-05 0)
(11.0279 3.30749e-05 0)
(11.0015 4.31101e-05 0)
(11.0015 3.58639e-05 0)
(11.0015 1.05187e-05 0)
(11.0015 -1.21942e-05 0)
(11.0015 -2.09349e-05 0)
(11.0016 -3.21934e-05 0)
(11.0016 -4.0017e-05 0)
(11.0016 -1.46954e-05 0)
(11.0016 -1.79261e-06 0)
(11.0015 -6.19149e-06 0)
(11.0015 -1.16687e-05 0)
(11.0015 -7.82858e-06 0)
(11.0015 3.28125e-06 0)
(11.0015 2.07732e-05 0)
(11.0016 3.5493e-05 0)
(11.0016 3.65417e-05 0)
(11.0016 3.15371e-05 0)
(11.0016 2.65145e-05 0)
(11.0017 1.2394e-05 0)
(11.0016 5.55222e-06 0)
(11.0016 -1.25833e-05 0)
(11.0016 -2.84771e-05 0)
(11.0016 -3.41017e-05 0)
(11.0017 -3.06195e-05 0)
(11.0017 -2.69612e-05 0)
(11.0017 6.79028e-06 0)
(11.0017 2.71108e-05 0)
(11.0017 2.34024e-05 0)
(11.0017 8.76533e-06 0)
(11.0017 6.81295e-06 0)
(11.0017 2.17272e-06 0)
(11.0018 6.29446e-06 0)
(11.0018 1.90762e-05 0)
(11.0018 3.74811e-05 0)
(11.0017 3.7537e-05 0)
(11.0017 2.61945e-05 0)
(11.0017 1.17547e-05 0)
(11.0017 -6.37226e-06 0)
(11.0017 -4.12584e-05 0)
(11.0017 -7.24956e-05 0)
(11.0017 -7.07931e-05 0)
(11.0017 -5.89674e-05 0)
(11.0017 -3.96149e-05 0)
(11.0017 -1.47383e-06 0)
(11.0017 2.68272e-05 0)
(11.0017 2.14809e-05 0)
(11.0017 1.01606e-05 0)
(11.0017 2.23695e-06 0)
(11.0017 8.00824e-07 0)
(11.0017 -1.12941e-06 0)
(11.0016 -5.28466e-07 0)
(11.0016 -1.89694e-06 0)
(11.0016 -1.17049e-06 0)
(11.0016 -2.4987e-06 0)
(11.0016 -1.38283e-06 0)
(11.0016 -2.44321e-06 0)
(11.0016 -1.36421e-06 0)
(11.0016 -2.43282e-06 0)
(11.0015 -7.18266e-07 0)
(11.0015 -9.79661e-07 0)
(11.0015 1.4289e-07 0)
(11.0015 1.74855e-07 0)
(11.0015 1.22664e-06 0)
(11.0015 7.68863e-07 0)
(11.0015 1.74858e-06 0)
(11.0015 9.14419e-07 0)
(11.0015 2.10684e-06 0)
(11.0015 1.05616e-06 0)
(11.0015 1.80876e-06 0)
(11.0015 2.11974e-07 0)
(11.0015 1.0952e-06 0)
(11.0015 6.98881e-08 0)
(11.0015 2.41281e-07 0)
(11.0015 -5.52187e-07 0)
(11.0015 -5.53632e-07 0)
(11.0015 -1.29825e-06 0)
(11.0015 -1.08355e-06 0)
(11.0015 -1.60437e-06 0)
(11.0015 -1.08888e-06 0)
(11.0015 -1.42899e-06 0)
(11.0015 -7.79255e-07 0)
(11.0015 -1.10911e-06 0)
(11.0015 -4.38297e-07 0)
(11.0015 -8.16824e-07 0)
(11.0015 -1.92881e-07 0)
(11.0015 -6.20694e-07 0)
(11.0015 -4.64052e-08 0)
(11.0015 -5.28074e-07 0)
(11.0015 3.41035e-08 0)
(11.0015 -4.64254e-07 0)
(11.0015 6.55939e-08 0)
(11.0015 -4.13406e-07 0)
(11.0015 8.69188e-08 0)
(11.0015 -3.71072e-07 0)
(11.0015 1.75976e-07 0)
(11.0015 -5.14759e-08 0)
(11.0015 1.32696e-06 0)
(11.0015 3.74747e-06 0)
(11.0015 1.39945e-05 0)
(11.0015 3.2319e-05 0)
(10.9681 4.25961e-05 0)
(10.9681 3.67855e-05 0)
(10.968 1.09203e-05 0)
(10.968 -1.29577e-05 0)
(10.9681 -2.1821e-05 0)
(10.9681 -3.28172e-05 0)
(10.9681 -4.05426e-05 0)
(10.9681 -1.43882e-05 0)
(10.9681 -2.72148e-07 0)
(10.9681 -5.29024e-06 0)
(10.968 -1.13704e-05 0)
(10.968 -7.91547e-06 0)
(10.968 2.96468e-06 0)
(10.9681 1.99486e-05 0)
(10.9681 3.42598e-05 0)
(10.9681 3.54079e-05 0)
(10.9682 3.05912e-05 0)
(10.9682 2.55005e-05 0)
(10.9682 1.25295e-05 0)
(10.9682 6.86091e-06 0)
(10.9681 -1.19797e-05 0)
(10.9681 -2.91384e-05 0)
(10.9682 -3.47094e-05 0)
(10.9682 -3.15181e-05 0)
(10.9682 -2.80427e-05 0)
(10.9682 6.44606e-06 0)
(10.9682 2.76454e-05 0)
(10.9682 2.34431e-05 0)
(10.9682 8.42012e-06 0)
(10.9683 6.31695e-06 0)
(10.9683 1.73956e-06 0)
(10.9683 5.81994e-06 0)
(10.9683 1.89353e-05 0)
(10.9683 3.791e-05 0)
(10.9683 3.81893e-05 0)
(10.9683 2.66126e-05 0)
(10.9682 1.19018e-05 0)
(10.9682 -6.25557e-06 0)
(10.9682 -4.14798e-05 0)
(10.9683 -7.2825e-05 0)
(10.9683 -7.06738e-05 0)
(10.9683 -5.90642e-05 0)
(10.9683 -4.00756e-05 0)
(10.9683 -1.18932e-06 0)
(10.9682 2.79057e-05 0)
(10.9682 2.21995e-05 0)
(10.9682 1.04118e-05 0)
(10.9682 2.44183e-06 0)
(10.9682 9.66017e-07 0)
(10.9682 -8.79992e-07 0)
(10.9682 -2.86278e-07 0)
(10.9682 -1.57701e-06 0)
(10.9682 -8.61517e-07 0)
(10.9681 -2.10878e-06 0)
(10.9681 -1.02236e-06 0)
(10.9681 -2.00381e-06 0)
(10.9681 -9.89719e-07 0)
(10.9681 -2.00472e-06 0)
(10.9681 -3.70368e-07 0)
(10.9681 -6.13005e-07 0)
(10.9681 4.54457e-07 0)
(10.968 4.73492e-07 0)
(10.968 1.45869e-06 0)
(10.968 9.91281e-07 0)
(10.968 1.88568e-06 0)
(10.968 1.05092e-06 0)
(10.968 2.15509e-06 0)
(10.968 1.13798e-06 0)
(10.968 1.80329e-06 0)
(10.968 2.57694e-07 0)
(10.968 1.07381e-06 0)
(10.968 8.65628e-08 0)
(10.968 2.3772e-07 0)
(10.968 -5.38014e-07 0)
(10.968 -5.55729e-07 0)
(10.968 -1.2827e-06 0)
(10.968 -1.09685e-06 0)
(10.968 -1.60259e-06 0)
(10.968 -1.11509e-06 0)
(10.968 -1.43582e-06 0)
(10.968 -8.17392e-07 0)
(10.968 -1.12556e-06 0)
(10.968 -4.76676e-07 0)
(10.968 -8.33146e-07 0)
(10.968 -2.29311e-07 0)
(10.968 -6.32077e-07 0)
(10.968 -8.40845e-08 0)
(10.968 -5.39859e-07 0)
(10.968 3.15113e-10 0)
(10.968 -4.73482e-07 0)
(10.968 3.56466e-08 0)
(10.968 -4.19103e-07 0)
(10.968 6.083e-08 0)
(10.968 -3.73874e-07 0)
(10.968 1.55288e-07 0)
(10.968 -5.10661e-08 0)
(10.968 1.29673e-06 0)
(10.968 3.70376e-06 0)
(10.968 1.38109e-05 0)
(10.9681 3.15694e-05 0)
(10.9273 4.20692e-05 0)
(10.9273 3.78072e-05 0)
(10.9273 1.13732e-05 0)
(10.9273 -1.37097e-05 0)
(10.9273 -2.26644e-05 0)
(10.9273 -3.35066e-05 0)
(10.9273 -4.111e-05 0)
(10.9273 -1.40876e-05 0)
(10.9273 1.28785e-06 0)
(10.9273 -4.37994e-06 0)
(10.9273 -1.10794e-05 0)
(10.9273 -8.01441e-06 0)
(10.9273 2.64097e-06 0)
(10.9273 1.91339e-05 0)
(10.9273 3.3051e-05 0)
(10.9274 3.42882e-05 0)
(10.9274 2.96643e-05 0)
(10.9274 2.45263e-05 0)
(10.9274 1.26862e-05 0)
(10.9274 8.2392e-06 0)
(10.9274 -1.13303e-05 0)
(10.9274 -2.97801e-05 0)
(10.9274 -3.52611e-05 0)
(10.9274 -3.23886e-05 0)
(10.9274 -2.91432e-05 0)
(10.9275 6.10701e-06 0)
(10.9275 2.82258e-05 0)
(10.9275 2.35132e-05 0)
(10.9275 8.0913e-06 0)
(10.9275 5.78767e-06 0)
(10.9275 1.31432e-06 0)
(10.9275 5.34286e-06 0)
(10.9275 1.87823e-05 0)
(10.9275 3.83515e-05 0)
(10.9275 3.88854e-05 0)
(10.9275 2.70621e-05 0)
(10.9275 1.20651e-05 0)
(10.9275 -6.11118e-06 0)
(10.9275 -4.16861e-05 0)
(10.9275 -7.31811e-05 0)
(10.9275 -7.05882e-05 0)
(10.9275 -5.91898e-05 0)
(10.9275 -4.06106e-05 0)
(10.9275 -9.58209e-07 0)
(10.9275 2.89727e-05 0)
(10.9274 2.28897e-05 0)
(10.9274 1.06147e-05 0)
(10.9274 2.60595e-06 0)
(10.9274 1.09779e-06 0)
(10.9274 -6.58999e-07 0)
(10.9274 -6.12357e-08 0)
(10.9274 -1.27234e-06 0)
(10.9274 -5.61839e-07 0)
(10.9274 -1.72865e-06 0)
(10.9274 -6.70168e-07 0)
(10.9273 -1.57691e-06 0)
(10.9273 -6.27982e-07 0)
(10.9273 -1.59218e-06 0)
(10.9273 -4.4081e-08 0)
(10.9273 -2.6833e-07 0)
(10.9273 7.45837e-07 0)
(10.9273 7.52236e-07 0)
(10.9273 1.67277e-06 0)
(10.9273 1.19551e-06 0)
(10.9273 2.00683e-06 0)
(10.9273 1.16986e-06 0)
(10.9273 2.18727e-06 0)
(10.9273 1.20264e-06 0)
(10.9273 1.78378e-06 0)
(10.9273 2.9301e-07 0)
(10.9273 1.04262e-06 0)
(10.9273 9.81939e-08 0)
(10.9273 2.35993e-07 0)
(10.9273 -5.18485e-07 0)
(10.9273 -5.48647e-07 0)
(10.9273 -1.25731e-06 0)
(10.9273 -1.09936e-06 0)
(10.9272 -1.59057e-06 0)
(10.9272 -1.132e-06 0)
(10.9272 -1.4358e-06 0)
(10.9272 -8.49408e-07 0)
(10.9273 -1.13785e-06 0)
(10.9273 -5.11074e-07 0)
(10.9273 -8.4665e-07 0)
(10.9273 -2.62655e-07 0)
(10.9273 -6.41116e-07 0)
(10.9273 -1.18897e-07 0)
(10.9273 -5.49694e-07 0)
(10.9273 -3.10045e-08 0)
(10.9273 -4.80936e-07 0)
(10.9273 7.98065e-09 0)
(10.9273 -4.23341e-07 0)
(10.9273 3.68931e-08 0)
(10.9273 -3.75479e-07 0)
(10.9273 1.36397e-07 0)
(10.9273 -4.99349e-08 0)
(10.9273 1.26619e-06 0)
(10.9273 3.65442e-06 0)
(10.9273 1.36025e-05 0)
(10.9273 3.08247e-05 0)
(10.8789 4.15562e-05 0)
(10.8788 3.88774e-05 0)
(10.8788 1.18856e-05 0)
(10.8788 -1.44781e-05 0)
(10.8788 -2.35013e-05 0)
(10.8789 -3.42192e-05 0)
(10.8789 -4.17225e-05 0)
(10.8789 -1.37968e-05 0)
(10.8789 2.89384e-06 0)
(10.8788 -3.45614e-06 0)
(10.8788 -1.07935e-05 0)
(10.8788 -8.11907e-06 0)
(10.8788 2.31447e-06 0)
(10.8788 1.83284e-05 0)
(10.8789 3.18662e-05 0)
(10.8789 3.31841e-05 0)
(10.8789 2.87589e-05 0)
(10.879 2.35933e-05 0)
(10.879 1.28684e-05 0)
(10.8789 9.67927e-06 0)
(10.8789 -1.0624e-05 0)
(10.8789 -3.03966e-05 0)
(10.8789 -3.57599e-05 0)
(10.879 -3.32287e-05 0)
(10.879 -3.0266e-05 0)
(10.879 5.77174e-06 0)
(10.879 2.88624e-05 0)
(10.879 2.36102e-05 0)
(10.879 7.77248e-06 0)
(10.879 5.24821e-06 0)
(10.879 8.97672e-07 0)
(10.879 4.86879e-06 0)
(10.879 1.86212e-05 0)
(10.879 3.88102e-05 0)
(10.879 3.96308e-05 0)
(10.879 2.75477e-05 0)
(10.879 1.2247e-05 0)
(10.879 -5.95827e-06 0)
(10.879 -4.18562e-05 0)
(10.879 -7.35647e-05 0)
(10.879 -7.0539e-05 0)
(10.879 -5.93488e-05 0)
(10.879 -4.12224e-05 0)
(10.879 -7.86305e-07 0)
(10.879 3.00289e-05 0)
(10.879 2.35517e-05 0)
(10.879 1.07656e-05 0)
(10.879 2.72524e-06 0)
(10.879 1.1938e-06 0)
(10.879 -4.68564e-07 0)
(10.8789 1.44307e-07 0)
(10.8789 -9.83886e-07 0)
(10.8789 -2.73285e-07 0)
(10.8789 -1.36052e-06 0)
(10.8789 -3.29389e-07 0)
(10.8789 -1.16585e-06 0)
(10.8789 -2.83082e-07 0)
(10.8789 -1.19922e-06 0)
(10.8789 2.56289e-07 0)
(10.8789 4.98437e-08 0)
(10.8788 1.01261e-06 0)
(10.8788 1.00714e-06 0)
(10.8788 1.86525e-06 0)
(10.8788 1.37885e-06 0)
(10.8788 2.10988e-06 0)
(10.8788 1.26946e-06 0)
(10.8788 2.2025e-06 0)
(10.8788 1.24958e-06 0)
(10.8788 1.75012e-06 0)
(10.8788 3.17863e-07 0)
(10.8788 9.99842e-07 0)
(10.8788 1.03908e-07 0)
(10.8788 2.34718e-07 0)
(10.8788 -4.94073e-07 0)
(10.8788 -5.33238e-07 0)
(10.8788 -1.2219e-06 0)
(10.8788 -1.09131e-06 0)
(10.8788 -1.568e-06 0)
(10.8788 -1.13968e-06 0)
(10.8788 -1.42855e-06 0)
(10.8788 -8.74164e-07 0)
(10.8788 -1.14539e-06 0)
(10.8788 -5.40847e-07 0)
(10.8788 -8.56953e-07 0)
(10.8788 -2.92398e-07 0)
(10.8788 -6.47709e-07 0)
(10.8788 -1.50373e-07 0)
(10.8788 -5.57444e-07 0)
(10.8788 -5.93255e-08 0)
(10.8788 -4.86308e-07 0)
(10.8788 -1.71614e-08 0)
(10.8788 -4.2581e-07 0)
(10.8788 1.52582e-08 0)
(10.8788 -3.75542e-07 0)
(10.8788 1.19337e-07 0)
(10.8788 -4.79408e-08 0)
(10.8788 1.23529e-06 0)
(10.8788 3.59954e-06 0)
(10.8788 1.33694e-05 0)
(10.8788 3.00835e-05 0)
(10.8223 4.10659e-05 0)
(10.8223 3.9964e-05 0)
(10.8222 1.24694e-05 0)
(10.8223 -1.52449e-05 0)
(10.8223 -2.43389e-05 0)
(10.8223 -3.49401e-05 0)
(10.8223 -4.23935e-05 0)
(10.8223 -1.35211e-05 0)
(10.8223 4.55344e-06 0)
(10.8223 -2.51334e-06 0)
(10.8223 -1.05085e-05 0)
(10.8222 -8.22693e-06 0)
(10.8223 1.99537e-06 0)
(10.8223 1.7534e-05 0)
(10.8223 3.07055e-05 0)
(10.8223 3.20976e-05 0)
(10.8224 2.78769e-05 0)
(10.8224 2.27036e-05 0)
(10.8224 1.30727e-05 0)
(10.8224 1.1171e-05 0)
(10.8223 -9.84153e-06 0)
(10.8223 -3.09867e-05 0)
(10.8223 -3.62089e-05 0)
(10.8224 -3.40382e-05 0)
(10.8224 -3.14159e-05 0)
(10.8224 5.43577e-06 0)
(10.8224 2.95785e-05 0)
(10.8224 2.3727e-05 0)
(10.8224 7.4659e-06 0)
(10.8224 4.70894e-06 0)
(10.8224 4.96298e-07 0)
(10.8225 4.40558e-06 0)
(10.8225 1.84556e-05 0)
(10.8224 3.92904e-05 0)
(10.8224 4.04327e-05 0)
(10.8224 2.80752e-05 0)
(10.8224 1.24505e-05 0)
(10.8224 -5.76178e-06 0)
(10.8224 -4.20011e-05 0)
(10.8224 -7.39924e-05 0)
(10.8224 -7.05275e-05 0)
(10.8224 -5.95411e-05 0)
(10.8224 -4.19159e-05 0)
(10.8224 -6.78185e-07 0)
(10.8224 3.1074e-05 0)
(10.8224 2.4184e-05 0)
(10.8224 1.08629e-05 0)
(10.8224 2.79661e-06 0)
(10.8224 1.25141e-06 0)
(10.8224 -3.08303e-07 0)
(10.8224 3.29806e-07 0)
(10.8224 -7.1168e-07 0)
(10.8224 3.20244e-09 0)
(10.8223 -1.0062e-06 0)
(10.8223 -2.64719e-09 0)
(10.8223 -7.73851e-07 0)
(10.8223 4.1528e-08 0)
(10.8223 -8.2996e-07 0)
(10.8223 5.26918e-07 0)
(10.8223 3.37198e-07 0)
(10.8223 1.2504e-06 0)
(10.8223 1.23404e-06 0)
(10.8223 2.0324e-06 0)
(10.8223 1.53846e-06 0)
(10.8223 2.19259e-06 0)
(10.8222 1.3482e-06 0)
(10.8222 2.19893e-06 0)
(10.8222 1.27794e-06 0)
(10.8222 1.70295e-06 0)
(10.8223 3.31318e-07 0)
(10.8223 9.45284e-07 0)
(10.8223 1.02059e-07 0)
(10.8223 2.32573e-07 0)
(10.8223 -4.6639e-07 0)
(10.8222 -5.102e-07 0)
(10.8222 -1.17708e-06 0)
(10.8222 -1.07235e-06 0)
(10.8222 -1.53486e-06 0)
(10.8222 -1.13759e-06 0)
(10.8222 -1.41259e-06 0)
(10.8222 -8.91003e-07 0)
(10.8222 -1.14716e-06 0)
(10.8222 -5.65275e-07 0)
(10.8222 -8.63132e-07 0)
(10.8222 -3.18033e-07 0)
(10.8222 -6.50985e-07 0)
(10.8222 -1.78105e-07 0)
(10.8222 -5.62349e-07 0)
(10.8222 -8.42784e-08 0)
(10.8222 -4.89338e-07 0)
(10.8222 -3.94974e-08 0)
(10.8222 -4.26196e-07 0)
(10.8222 -3.92313e-09 0)
(10.8222 -3.73943e-07 0)
(10.8222 1.04289e-07 0)
(10.8222 -4.50261e-08 0)
(10.8222 1.20401e-06 0)
(10.8223 3.53873e-06 0)
(10.8223 1.31114e-05 0)
(10.8223 2.93403e-05 0)
(10.757 4.06036e-05 0)
(10.757 4.10485e-05 0)
(10.757 1.312e-05 0)
(10.757 -1.60145e-05 0)
(10.757 -2.51896e-05 0)
(10.7571 -3.56651e-05 0)
(10.7571 -4.31269e-05 0)
(10.7571 -1.3268e-05 0)
(10.7571 6.27659e-06 0)
(10.757 -1.54447e-06 0)
(10.757 -1.02184e-05 0)
(10.757 -8.33475e-06 0)
(10.757 1.68759e-06 0)
(10.757 1.67481e-05 0)
(10.7571 2.95692e-05 0)
(10.7571 3.10305e-05 0)
(10.7571 2.70202e-05 0)
(10.7571 2.1858e-05 0)
(10.7572 1.3286e-05 0)
(10.7571 1.27146e-05 0)
(10.7571 -8.96111e-06 0)
(10.7571 -3.15537e-05 0)
(10.7571 -3.6612e-05 0)
(10.7571 -3.48178e-05 0)
(10.7572 -3.25974e-05 0)
(10.7572 5.09277e-06 0)
(10.7572 3.03965e-05 0)
(10.7572 2.38634e-05 0)
(10.7572 7.17731e-06 0)
(10.7572 4.17607e-06 0)
(10.7572 1.18996e-07 0)
(10.7572 3.96014e-06 0)
(10.7572 1.82889e-05 0)
(10.7572 3.97924e-05 0)
(10.7572 4.12978e-05 0)
(10.7571 2.86495e-05 0)
(10.7571 1.26783e-05 0)
(10.7571 -5.49488e-06 0)
(10.7571 -4.21316e-05 0)
(10.7571 -7.44657e-05 0)
(10.7572 -7.05484e-05 0)
(10.7572 -5.97593e-05 0)
(10.7572 -4.26986e-05 0)
(10.7572 -6.34658e-07 0)
(10.7572 3.21067e-05 0)
(10.7571 2.4786e-05 0)
(10.7571 1.0906e-05 0)
(10.7571 2.81884e-06 0)
(10.7571 1.27063e-06 0)
(10.7571 -1.7676e-07 0)
(10.7571 4.96382e-07 0)
(10.7571 -4.54084e-07 0)
(10.7571 2.67584e-07 0)
(10.7571 -6.66462e-07 0)
(10.7571 3.08042e-07 0)
(10.7571 -4.02969e-07 0)
(10.7571 3.43042e-07 0)
(10.7571 -4.87512e-07 0)
(10.757 7.64411e-07 0)
(10.757 5.90166e-07 0)
(10.757 1.45509e-06 0)
(10.757 1.42937e-06 0)
(10.757 2.17147e-06 0)
(10.757 1.67184e-06 0)
(10.757 2.25237e-06 0)
(10.757 1.40559e-06 0)
(10.757 2.17343e-06 0)
(10.757 1.28767e-06 0)
(10.757 1.64175e-06 0)
(10.757 3.33184e-07 0)
(10.757 8.78523e-07 0)
(10.757 9.1647e-08 0)
(10.757 2.27992e-07 0)
(10.757 -4.36578e-07 0)
(10.757 -4.80889e-07 0)
(10.757 -1.12353e-06 0)
(10.757 -1.04254e-06 0)
(10.757 -1.49089e-06 0)
(10.757 -1.12489e-06 0)
(10.757 -1.38795e-06 0)
(10.757 -8.99477e-07 0)
(10.757 -1.14249e-06 0)
(10.757 -5.83421e-07 0)
(10.757 -8.64565e-07 0)
(10.757 -3.39004e-07 0)
(10.757 -6.50582e-07 0)
(10.757 -2.01713e-07 0)
(10.757 -5.64135e-07 0)
(10.757 -1.05576e-07 0)
(10.757 -4.89851e-07 0)
(10.757 -5.86965e-08 0)
(10.757 -4.2439e-07 0)
(10.757 -2.06369e-08 0)
(10.757 -3.70263e-07 0)
(10.757 9.1293e-08 0)
(10.757 -4.10551e-08 0)
(10.757 1.17217e-06 0)
(10.757 3.47172e-06 0)
(10.757 1.28281e-05 0)
(10.757 2.859e-05 0)
(10.6825 4.01603e-05 0)
(10.6824 4.21261e-05 0)
(10.6824 1.38298e-05 0)
(10.6824 -1.67958e-05 0)
(10.6825 -2.60619e-05 0)
(10.6825 -3.63976e-05 0)
(10.6825 -4.39248e-05 0)
(10.6825 -1.30513e-05 0)
(10.6825 8.08387e-06 0)
(10.6825 -5.38695e-07 0)
(10.6824 -9.91892e-06 0)
(10.6824 -8.43697e-06 0)
(10.6824 1.38996e-06 0)
(10.6825 1.59776e-05 0)
(10.6825 2.84587e-05 0)
(10.6825 2.99842e-05 0)
(10.6825 2.61888e-05 0)
(10.6826 2.10558e-05 0)
(10.6826 1.34943e-05 0)
(10.6825 1.42919e-05 0)
(10.6825 -7.9465e-06 0)
(10.6825 -3.21043e-05 0)
(10.6825 -3.69724e-05 0)
(10.6825 -3.55682e-05 0)
(10.6826 -3.38145e-05 0)
(10.6826 4.73703e-06 0)
(10.6826 3.13084e-05 0)
(10.6826 2.40394e-05 0)
(10.6826 6.91042e-06 0)
(10.6826 3.65651e-06 0)
(10.6826 -2.2636e-07 0)
(10.6826 3.54089e-06 0)
(10.6826 1.81216e-05 0)
(10.6826 4.03153e-05 0)
(10.6826 4.22299e-05 0)
(10.6825 2.92757e-05 0)
(10.6825 1.29327e-05 0)
(10.6825 -5.17088e-06 0)
(10.6825 -4.2273e-05 0)
(10.6825 -7.49549e-05 0)
(10.6826 -7.05911e-05 0)
(10.6826 -5.99978e-05 0)
(10.6826 -4.35785e-05 0)
(10.6826 -6.55719e-07 0)
(10.6826 3.31273e-05 0)
(10.6825 2.53569e-05 0)
(10.6825 1.08961e-05 0)
(10.6825 2.79204e-06 0)
(10.6825 1.25339e-06 0)
(10.6825 -7.08356e-08 0)
(10.6825 6.44655e-07 0)
(10.6825 -2.07183e-07 0)
(10.6825 5.20714e-07 0)
(10.6825 -3.41755e-07 0)
(10.6825 6.01252e-07 0)
(10.6825 -5.55944e-08 0)
(10.6825 6.19597e-07 0)
(10.6825 -1.74327e-07 0)
(10.6825 9.66746e-07 0)
(10.6825 8.05528e-07 0)
(10.6824 1.62338e-06 0)
(10.6824 1.59063e-06 0)
(10.6824 2.27847e-06 0)
(10.6824 1.77634e-06 0)
(10.6824 2.28751e-06 0)
(10.6824 1.4415e-06 0)
(10.6824 2.12871e-06 0)
(10.6824 1.27806e-06 0)
(10.6824 1.56547e-06 0)
(10.6824 3.23465e-07 0)
(10.6824 7.99289e-07 0)
(10.6824 7.11987e-08 0)
(10.6824 2.1951e-07 0)
(10.6824 -4.06491e-07 0)
(10.6824 -4.46691e-07 0)
(10.6824 -1.06251e-06 0)
(10.6824 -1.00212e-06 0)
(10.6824 -1.43625e-06 0)
(10.6824 -1.10086e-06 0)
(10.6824 -1.35427e-06 0)
(10.6824 -8.99563e-07 0)
(10.6824 -1.12984e-06 0)
(10.6824 -5.94514e-07 0)
(10.6824 -8.60465e-07 0)
(10.6824 -3.54504e-07 0)
(10.6824 -6.4584e-07 0)
(10.6824 -2.20717e-07 0)
(10.6824 -5.62159e-07 0)
(10.6824 -1.23061e-07 0)
(10.6824 -4.87232e-07 0)
(10.6824 -7.45973e-08 0)
(10.6824 -4.20218e-07 0)
(10.6824 -3.44804e-08 0)
(10.6824 -3.64196e-07 0)
(10.6824 8.05709e-08 0)
(10.6824 -3.60902e-08 0)
(10.6824 1.13964e-06 0)
(10.6824 3.3978e-06 0)
(10.6824 1.25186e-05 0)
(10.6825 2.7824e-05 0)
(10.5977 3.97149e-05 0)
(10.5977 4.31961e-05 0)
(10.5977 1.45867e-05 0)
(10.5977 -1.7599e-05 0)
(10.5977 -2.69579e-05 0)
(10.5977 -3.71428e-05 0)
(10.5978 -4.48091e-05 0)
(10.5978 -1.29003e-05 0)
(10.5977 1.00102e-05 0)
(10.5977 5.15588e-07 0)
(10.5977 -9.60267e-06 0)
(10.5977 -8.52963e-06 0)
(10.5977 1.11006e-06 0)
(10.5977 1.52298e-05 0)
(10.5977 2.7375e-05 0)
(10.5977 2.89585e-05 0)
(10.5978 2.53828e-05 0)
(10.5978 2.02961e-05 0)
(10.5978 1.36886e-05 0)
(10.5978 1.59364e-05 0)
(10.5977 -6.7974e-06 0)
(10.5977 -3.26802e-05 0)
(10.5977 -3.72919e-05 0)
(10.5978 -3.62881e-05 0)
(10.5978 -3.50635e-05 0)
(10.5978 4.36248e-06 0)
(10.5978 3.23094e-05 0)
(10.5978 2.42616e-05 0)
(10.5978 6.66947e-06 0)
(10.5978 3.15495e-06 0)
(10.5978 -5.29244e-07 0)
(10.5978 3.15417e-06 0)
(10.5978 1.79521e-05 0)
(10.5978 4.08593e-05 0)
(10.5978 4.32288e-05 0)
(10.5978 2.99561e-05 0)
(10.5977 1.32153e-05 0)
(10.5977 -4.79157e-06 0)
(10.5977 -4.24025e-05 0)
(10.5977 -7.54721e-05 0)
(10.5978 -7.06466e-05 0)
(10.5978 -6.02523e-05 0)
(10.5978 -4.45624e-05 0)
(10.5978 -7.41507e-07 0)
(10.5978 3.41381e-05 0)
(10.5978 2.58945e-05 0)
(10.5978 1.08366e-05 0)
(10.5978 2.71781e-06 0)
(10.5978 1.20343e-06 0)
(10.5978 1.44704e-08 0)
(10.5978 7.76784e-07 0)
(10.5977 3.22389e-08 0)
(10.5977 7.63443e-07 0)
(10.5977 -3.22204e-08 0)
(10.5977 8.7539e-07 0)
(10.5977 2.66851e-07 0)
(10.5977 8.68494e-07 0)
(10.5977 1.0751e-07 0)
(10.5977 1.13401e-06 0)
(10.5977 9.80906e-07 0)
(10.5977 1.75284e-06 0)
(10.5977 1.71413e-06 0)
(10.5977 2.35104e-06 0)
(10.5977 1.85102e-06 0)
(10.5977 2.29739e-06 0)
(10.5977 1.45702e-06 0)
(10.5977 2.06766e-06 0)
(10.5977 1.24901e-06 0)
(10.5977 1.47442e-06 0)
(10.5977 3.00461e-07 0)
(10.5977 7.08571e-07 0)
(10.5977 4.02779e-08 0)
(10.5977 2.05566e-07 0)
(10.5977 -3.77266e-07 0)
(10.5977 -4.09463e-07 0)
(10.5977 -9.951e-07 0)
(10.5977 -9.52017e-07 0)
(10.5977 -1.37135e-06 0)
(10.5977 -1.06519e-06 0)
(10.5977 -1.31097e-06 0)
(10.5977 -8.89854e-07 0)
(10.5977 -1.1092e-06 0)
(10.5977 -5.98477e-07 0)
(10.5977 -8.4994e-07 0)
(10.5977 -3.63873e-07 0)
(10.5977 -6.36501e-07 0)
(10.5977 -2.34467e-07 0)
(10.5977 -5.56287e-07 0)
(10.5977 -1.3611e-07 0)
(10.5977 -4.81204e-07 0)
(10.5977 -8.67875e-08 0)
(10.5977 -4.13065e-07 0)
(10.5977 -4.52122e-08 0)
(10.5977 -3.55909e-07 0)
(10.5977 7.19504e-08 0)
(10.5977 -2.98481e-08 0)
(10.5977 1.10613e-06 0)
(10.5977 3.31637e-06 0)
(10.5977 1.21819e-05 0)
(10.5977 2.70361e-05 0)
(10.5017 3.92235e-05 0)
(10.5017 4.4256e-05 0)
(10.5017 1.53878e-05 0)
(10.5017 -1.8433e-05 0)
(10.5017 -2.78754e-05 0)
(10.5017 -3.79021e-05 0)
(10.5018 -4.57758e-05 0)
(10.5018 -1.27944e-05 0)
(10.5018 1.20155e-05 0)
(10.5017 1.63436e-06 0)
(10.5017 -9.26832e-06 0)
(10.5017 -8.60639e-06 0)
(10.5017 8.5324e-07 0)
(10.5017 1.45083e-05 0)
(10.5017 2.63178e-05 0)
(10.5018 2.79526e-05 0)
(10.5018 2.46001e-05 0)
(10.5018 1.95821e-05 0)
(10.5018 1.38596e-05 0)
(10.5018 1.76383e-05 0)
(10.5017 -5.53665e-06 0)
(10.5017 -3.32624e-05 0)
(10.5017 -3.75702e-05 0)
(10.5018 -3.69701e-05 0)
(10.5018 -3.63439e-05 0)
(10.5018 3.97279e-06 0)
(10.5018 3.33898e-05 0)
(10.5018 2.45329e-05 0)
(10.5018 6.45549e-06 0)
(10.5018 2.67436e-06 0)
(10.5018 -7.6813e-07 0)
(10.5018 2.79819e-06 0)
(10.5018 1.77735e-05 0)
(10.5018 4.14178e-05 0)
(10.5018 4.42946e-05 0)
(10.5017 3.06924e-05 0)
(10.5017 1.3529e-05 0)
(10.5017 -4.35271e-06 0)
(10.5017 -4.24908e-05 0)
(10.5017 -7.60097e-05 0)
(10.5017 -7.07018e-05 0)
(10.5018 -6.05156e-05 0)
(10.5018 -4.56519e-05 0)
(10.5018 -8.95188e-07 0)
(10.5018 3.51425e-05 0)
(10.5018 2.63959e-05 0)
(10.5018 1.07284e-05 0)
(10.5018 2.59738e-06 0)
(10.5018 1.12512e-06 0)
(10.5018 8.50729e-08 0)
(10.5018 8.99916e-07 0)
(10.5017 2.64812e-07 0)
(10.5017 9.96429e-07 0)
(10.5017 2.61482e-07 0)
(10.5017 1.12865e-06 0)
(10.5017 5.62365e-07 0)
(10.5017 1.0881e-06 0)
(10.5017 3.55694e-07 0)
(10.5017 1.26403e-06 0)
(10.5017 1.11533e-06 0)
(10.5017 1.84194e-06 0)
(10.5017 1.79806e-06 0)
(10.5017 2.38882e-06 0)
(10.5017 1.89453e-06 0)
(10.5017 2.28421e-06 0)
(10.5017 1.44878e-06 0)
(10.5017 1.98837e-06 0)
(10.5017 1.20244e-06 0)
(10.5017 1.37012e-06 0)
(10.5017 2.64622e-07 0)
(10.5017 6.06197e-07 0)
(10.5017 -1.35301e-09 0)
(10.5017 1.84826e-07 0)
(10.5017 -3.50592e-07 0)
(10.5017 -3.70762e-07 0)
(10.5017 -9.22893e-07 0)
(10.5017 -8.93172e-07 0)
(10.5017 -1.29672e-06 0)
(10.5017 -1.01811e-06 0)
(10.5017 -1.25762e-06 0)
(10.5017 -8.69845e-07 0)
(10.5017 -1.07997e-06 0)
(10.5017 -5.94502e-07 0)
(10.5017 -8.32447e-07 0)
(10.5017 -3.6716e-07 0)
(10.5017 -6.21322e-07 0)
(10.5017 -2.42664e-07 0)
(10.5017 -5.45852e-07 0)
(10.5017 -1.44535e-07 0)
(10.5017 -4.71444e-07 0)
(10.5017 -9.50412e-08 0)
(10.5017 -4.02869e-07 0)
(10.5017 -5.3011e-08 0)
(10.5017 -3.45315e-07 0)
(10.5017 6.55543e-08 0)
(10.5017 -2.24297e-08 0)
(10.5017 1.07135e-06 0)
(10.5017 3.22629e-06 0)
(10.5017 1.18159e-05 0)
(10.5017 2.62202e-05 0)
(10.3932 3.8632e-05 0)
(10.3931 4.529e-05 0)
(10.3931 1.62543e-05 0)
(10.3931 -1.93045e-05 0)
(10.3932 -2.87915e-05 0)
(10.3932 -3.867e-05 0)
(10.3932 -4.67983e-05 0)
(10.3933 -1.27233e-05 0)
(10.3932 1.40856e-05 0)
(10.3932 2.81597e-06 0)
(10.3932 -8.9176e-06 0)
(10.3931 -8.664e-06 0)
(10.3931 6.17323e-07 0)
(10.3932 1.38208e-05 0)
(10.3932 2.52846e-05 0)
(10.3932 2.69628e-05 0)
(10.3932 2.38346e-05 0)
(10.3932 1.89355e-05 0)
(10.3932 1.39729e-05 0)
(10.3932 1.93875e-05 0)
(10.3932 -4.1806e-06 0)
(10.3931 -3.38224e-05 0)
(10.3932 -3.77993e-05 0)
(10.3932 -3.75991e-05 0)
(10.3932 -3.76632e-05 0)
(10.3933 3.58173e-06 0)
(10.3933 3.45061e-05 0)
(10.3932 2.48584e-05 0)
(10.3932 6.26511e-06 0)
(10.3932 2.21336e-06 0)
(10.3932 -9.43764e-07 0)
(10.3932 2.49117e-06 0)
(10.3932 1.75759e-05 0)
(10.3932 4.19764e-05 0)
(10.3932 4.54211e-05 0)
(10.3932 3.14835e-05 0)
(10.3931 1.38762e-05 0)
(10.3931 -3.84328e-06 0)
(10.3931 -4.25159e-05 0)
(10.3932 -7.65483e-05 0)
(10.3932 -7.07378e-05 0)
(10.3932 -6.07717e-05 0)
(10.3932 -4.68306e-05 0)
(10.3932 -1.13586e-06 0)
(10.3932 3.61368e-05 0)
(10.3932 2.6853e-05 0)
(10.3932 1.05618e-05 0)
(10.3932 2.42928e-06 0)
(10.3932 1.02319e-06 0)
(10.3932 1.47134e-07 0)
(10.3932 1.01986e-06 0)
(10.3932 4.92765e-07 0)
(10.3932 1.21934e-06 0)
(10.3932 5.3806e-07 0)
(10.3932 1.35824e-06 0)
(10.3931 8.28145e-07 0)
(10.3931 1.27603e-06 0)
(10.3931 5.68397e-07 0)
(10.3931 1.35475e-06 0)
(10.3931 1.20789e-06 0)
(10.3931 1.89067e-06 0)
(10.3931 1.84185e-06 0)
(10.3931 2.39028e-06 0)
(10.3931 1.90537e-06 0)
(10.3931 2.24238e-06 0)
(10.3931 1.4162e-06 0)
(10.3931 1.89122e-06 0)
(10.3931 1.14009e-06 0)
(10.3931 1.25423e-06 0)
(10.3931 2.17886e-07 0)
(10.3931 4.94139e-07 0)
(10.3931 -5.25852e-08 0)
(10.3931 1.55779e-07 0)
(10.3931 -3.2712e-07 0)
(10.3931 -3.31974e-07 0)
(10.3931 -8.47462e-07 0)
(10.3931 -8.26894e-07 0)
(10.3931 -1.21299e-06 0)
(10.3931 -9.60572e-07 0)
(10.3931 -1.19255e-06 0)
(10.3931 -8.40556e-07 0)
(10.3931 -1.04149e-06 0)
(10.3931 -5.82171e-07 0)
(10.3931 -8.0757e-07 0)
(10.3931 -3.63993e-07 0)
(10.3931 -6.00107e-07 0)
(10.3931 -2.45731e-07 0)
(10.3931 -5.29884e-07 0)
(10.3931 -1.48864e-07 0)
(10.3931 -4.57127e-07 0)
(10.3931 -9.98398e-08 0)
(10.3931 -3.89123e-07 0)
(10.3931 -5.78557e-08 0)
(10.3931 -3.32148e-07 0)
(10.3931 6.1148e-08 0)
(10.3931 -1.38359e-08 0)
(10.3931 1.03477e-06 0)
(10.3931 3.1263e-06 0)
(10.3931 1.14185e-05 0)
(10.3932 2.53738e-05 0)
(10.2703 3.79324e-05 0)
(10.2703 4.62638e-05 0)
(10.2703 1.72077e-05 0)
(10.2703 -2.01721e-05 0)
(10.2704 -2.96793e-05 0)
(10.2704 -3.94468e-05 0)
(10.2704 -4.78412e-05 0)
(10.2705 -1.26756e-05 0)
(10.2704 1.62011e-05 0)
(10.2704 4.01906e-06 0)
(10.2703 -8.56674e-06 0)
(10.2703 -8.70599e-06 0)
(10.2703 4.05631e-07 0)
(10.2703 1.31621e-05 0)
(10.2704 2.42673e-05 0)
(10.2704 2.59807e-05 0)
(10.2704 2.30762e-05 0)
(10.2704 1.83232e-05 0)
(10.2704 1.40393e-05 0)
(10.2704 2.11855e-05 0)
(10.2703 -2.76331e-06 0)
(10.2703 -3.42837e-05 0)
(10.2703 -3.79552e-05 0)
(10.2704 -3.8149e-05 0)
(10.2704 -3.90022e-05 0)
(10.2705 3.16972e-06 0)
(10.2704 3.56198e-05 0)
(10.2704 2.51978e-05 0)
(10.2704 6.07535e-06 0)
(10.2704 1.76199e-06 0)
(10.2704 -1.06399e-06 0)
(10.2704 2.26384e-06 0)
(10.2704 1.7343e-05 0)
(10.2704 4.25263e-05 0)
(10.2703 4.65985e-05 0)
(10.2703 3.23301e-05 0)
(10.2703 1.42632e-05 0)
(10.2703 -3.26197e-06 0)
(10.2703 -4.24367e-05 0)
(10.2703 -7.70508e-05 0)
(10.2703 -7.0715e-05 0)
(10.2704 -6.09925e-05 0)
(10.2704 -4.80874e-05 0)
(10.2704 -1.48412e-06 0)
(10.2704 3.70926e-05 0)
(10.2704 2.7226e-05 0)
(10.2704 1.03097e-05 0)
(10.2704 2.20446e-06 0)
(10.2704 8.99545e-07 0)
(10.2704 2.04992e-07 0)
(10.2703 1.14024e-06 0)
(10.2703 7.17027e-07 0)
(10.2703 1.43042e-06 0)
(10.2703 7.9448e-07 0)
(10.2703 1.5602e-06 0)
(10.2703 1.06042e-06 0)
(10.2703 1.42888e-06 0)
(10.2703 7.43555e-07 0)
(10.2703 1.40629e-06 0)
(10.2703 1.25896e-06 0)
(10.2703 1.89724e-06 0)
(10.2703 1.8453e-06 0)
(10.2703 2.35241e-06 0)
(10.2703 1.88102e-06 0)
(10.2703 2.17018e-06 0)
(10.2703 1.36115e-06 0)
(10.2703 1.77738e-06 0)
(10.2703 1.06369e-06 0)
(10.2703 1.12914e-06 0)
(10.2703 1.62528e-07 0)
(10.2703 3.72754e-07 0)
(10.2703 -1.11382e-07 0)
(10.2703 1.18634e-07 0)
(10.2703 -3.08429e-07 0)
(10.2703 -2.94845e-07 0)
(10.2703 -7.70158e-07 0)
(10.2703 -7.55051e-07 0)
(10.2703 -1.12105e-06 0)
(10.2703 -8.93271e-07 0)
(10.2703 -1.11586e-06 0)
(10.2703 -7.99804e-07 0)
(10.2703 -9.93684e-07 0)
(10.2703 -5.60955e-07 0)
(10.2703 -7.74895e-07 0)
(10.2703 -3.53944e-07 0)
(10.2703 -5.72878e-07 0)
(10.2703 -2.43481e-07 0)
(10.2703 -5.08638e-07 0)
(10.2703 -1.48786e-07 0)
(10.2703 -4.38624e-07 0)
(10.2703 -1.00952e-07 0)
(10.2703 -3.71867e-07 0)
(10.2703 -5.98542e-08 0)
(10.2703 -3.16472e-07 0)
(10.2703 5.85546e-08 0)
(10.2703 -4.2172e-09 0)
(10.2703 9.95797e-07 0)
(10.2703 3.01467e-06 0)
(10.2703 1.09862e-05 0)
(10.2703 2.4487e-05 0)
(10.131 3.71338e-05 0)
(10.131 4.71825e-05 0)
(10.1309 1.82993e-05 0)
(10.131 -2.09334e-05 0)
(10.131 -3.04982e-05 0)
(10.1311 -4.02254e-05 0)
(10.1311 -4.88587e-05 0)
(10.1311 -1.26227e-05 0)
(10.1311 1.82609e-05 0)
(10.131 5.14723e-06 0)
(10.131 -8.2619e-06 0)
(10.131 -8.745e-06 0)
(10.131 2.05788e-07 0)
(10.131 1.25235e-05 0)
(10.131 2.32509e-05 0)
(10.131 2.49908e-05 0)
(10.131 2.23091e-05 0)
(10.1311 1.7731e-05 0)
(10.1311 1.40885e-05 0)
(10.131 2.30162e-05 0)
(10.131 -1.19685e-06 0)
(10.131 -3.45653e-05 0)
(10.131 -3.79801e-05 0)
(10.131 -3.85827e-05 0)
(10.1311 -4.03224e-05 0)
(10.1311 2.70359e-06 0)
(10.1311 3.6656e-05 0)
(10.1311 2.54358e-05 0)
(10.131 5.83263e-06 0)
(10.131 1.29306e-06 0)
(10.131 -1.14015e-06 0)
(10.131 2.1236e-06 0)
(10.131 1.70815e-05 0)
(10.131 4.31241e-05 0)
(10.131 4.78231e-05 0)
(10.1309 3.32419e-05 0)
(10.1309 1.4705e-05 0)
(10.1309 -2.59616e-06 0)
(10.1309 -4.22028e-05 0)
(10.1309 -7.74281e-05 0)
(10.131 -7.05715e-05 0)
(10.131 -6.11257e-05 0)
(10.131 -4.94204e-05 0)
(10.131 -1.97505e-06 0)
(10.131 3.79284e-05 0)
(10.131 2.7408e-05 0)
(10.131 9.92168e-06 0)
(10.131 1.89823e-06 0)
(10.131 7.49657e-07 0)
(10.131 2.59045e-07 0)
(10.131 1.26045e-06 0)
(10.131 9.35759e-07 0)
(10.131 1.62502e-06 0)
(10.131 1.02564e-06 0)
(10.131 1.72835e-06 0)
(10.1309 1.25439e-06 0)
(10.1309 1.54385e-06 0)
(10.1309 8.80262e-07 0)
(10.1309 1.41422e-06 0)
(10.1309 1.26863e-06 0)
(10.1309 1.86274e-06 0)
(10.1309 1.80822e-06 0)
(10.1309 2.27441e-06 0)
(10.1309 1.8222e-06 0)
(10.1309 2.06998e-06 0)
(10.131 1.28571e-06 0)
(10.131 1.6483e-06 0)
(10.131 9.75955e-07 0)
(10.131 9.97467e-07 0)
(10.131 1.01658e-07 0)
(10.131 2.45281e-07 0)
(10.131 -1.77675e-07 0)
(10.131 7.41258e-08 0)
(10.131 -2.9484e-07 0)
(10.131 -2.6104e-07 0)
(10.131 -6.9234e-07 0)
(10.131 -6.79646e-07 0)
(10.131 -1.02197e-06 0)
(10.131 -8.17347e-07 0)
(10.131 -1.0289e-06 0)
(10.131 -7.48048e-07 0)
(10.131 -9.35788e-07 0)
(10.131 -5.30951e-07 0)
(10.131 -7.33969e-07 0)
(10.131 -3.37092e-07 0)
(10.131 -5.39795e-07 0)
(10.131 -2.35763e-07 0)
(10.131 -4.82775e-07 0)
(10.1309 -1.44439e-07 0)
(10.1309 -4.15912e-07 0)
(10.1309 -9.88835e-08 0)
(10.1309 -3.51003e-07 0)
(10.1309 -5.91816e-08 0)
(10.1309 -2.97987e-07 0)
(10.1309 5.73492e-08 0)
(10.1309 6.32821e-09 0)
(10.1309 9.5348e-07 0)
(10.1309 2.88943e-06 0)
(10.131 1.05152e-05 0)
(10.131 2.35484e-05 0)
(9.97208 3.63375e-05 0)
(9.97205 4.81415e-05 0)
(9.97203 1.965e-05 0)
(9.97205 -2.13877e-05 0)
(9.9721 -3.11359e-05 0)
(9.97216 -4.09897e-05 0)
(9.97221 -4.98269e-05 0)
(9.97223 -1.2529e-05 0)
(9.97218 2.00105e-05 0)
(9.97211 5.9992e-06 0)
(9.97208 -8.11269e-06 0)
(9.97206 -8.83248e-06 0)
(9.97205 1.76527e-09 0)
(9.97206 1.18781e-05 0)
(9.97207 2.22077e-05 0)
(9.9721 2.39676e-05 0)
(9.97212 2.15097e-05 0)
(9.97214 1.71401e-05 0)
(9.97214 1.4206e-05 0)
(9.97209 2.49331e-05 0)
(9.97204 7.14595e-07 0)
(9.97204 -3.44544e-05 0)
(9.97207 -3.77391e-05 0)
(9.97212 -3.88709e-05 0)
(9.97217 -4.1607e-05 0)
(9.9722 2.07996e-06 0)
(9.97217 3.74252e-05 0)
(9.97213 2.53627e-05 0)
(9.97212 5.40791e-06 0)
(9.97212 7.50446e-07 0)
(9.97211 -1.2033e-06 0)
(9.97211 2.03217e-06 0)
(9.97211 1.68871e-05 0)
(9.97208 4.39332e-05 0)
(9.97203 4.91799e-05 0)
(9.972 3.42672e-05 0)
(9.97199 1.524e-05 0)
(9.97197 -1.81802e-06 0)
(9.97197 -4.17354e-05 0)
(9.97199 -7.74941e-05 0)
(9.97202 -7.0198e-05 0)
(9.97205 -6.11166e-05 0)
(9.97208 -5.08621e-05 0)
(9.97211 -2.67563e-06 0)
(9.97208 3.84535e-05 0)
(9.97205 2.71934e-05 0)
(9.97205 9.2719e-06 0)
(9.97205 1.44903e-06 0)
(9.97205 5.56771e-07 0)
(9.97204 3.01923e-07 0)
(9.97204 1.3727e-06 0)
(9.97203 1.14166e-06 0)
(9.97203 1.79459e-06 0)
(9.97202 1.22328e-06 0)
(9.97201 1.85405e-06 0)
(9.97201 1.40358e-06 0)
(9.97201 1.6189e-06 0)
(9.97201 9.72928e-07 0)
(9.97201 1.37526e-06 0)
(9.97201 1.23894e-06 0)
(9.97201 1.78552e-06 0)
(9.97201 1.73054e-06 0)
(9.97202 2.16056e-06 0)
(9.97202 1.73173e-06 0)
(9.97202 1.94469e-06 0)
(9.97203 1.19205e-06 0)
(9.97203 1.506e-06 0)
(9.97204 8.79709e-07 0)
(9.97204 8.62456e-07 0)
(9.97205 3.86943e-08 0)
(9.97205 1.1692e-07 0)
(9.97205 -2.47567e-07 0)
(9.97205 2.20481e-08 0)
(9.97205 -2.87023e-07 0)
(9.97205 -2.31539e-07 0)
(9.97205 -6.15217e-07 0)
(9.97205 -6.02296e-07 0)
(9.97204 -9.16973e-07 0)
(9.97204 -7.33984e-07 0)
(9.97204 -9.32163e-07 0)
(9.97203 -6.86648e-07 0)
(9.97203 -8.67312e-07 0)
(9.97203 -4.9265e-07 0)
(9.97203 -6.84815e-07 0)
(9.97203 -3.13819e-07 0)
(9.97203 -4.99814e-07 0)
(9.97203 -2.23167e-07 0)
(9.97202 -4.51366e-07 0)
(9.97202 -1.36182e-07 0)
(9.97202 -3.88819e-07 0)
(9.97202 -9.37363e-08 0)
(9.97202 -3.26726e-07 0)
(9.97202 -5.62573e-08 0)
(9.97202 -2.76747e-07 0)
(9.97202 5.71897e-08 0)
(9.97202 1.75423e-08 0)
(9.97202 9.06762e-07 0)
(9.97202 2.74777e-06 0)
(9.97203 9.99919e-06 0)
(9.97206 2.25469e-05 0)
(9.78937 3.58292e-05 0)
(9.78934 4.95107e-05 0)
(9.78931 2.15062e-05 0)
(9.78934 -2.10339e-05 0)
(9.7894 -3.13957e-05 0)
(9.78946 -4.1747e-05 0)
(9.78952 -5.08139e-05 0)
(9.78954 -1.26325e-05 0)
(9.78948 2.11374e-05 0)
(9.7894 6.20731e-06 0)
(9.78937 -8.40989e-06 0)
(9.78934 -9.07447e-06 0)
(9.78933 -2.57566e-07 0)
(9.78933 1.11762e-05 0)
(9.78935 2.1092e-05 0)
(9.78937 2.28725e-05 0)
(9.7894 2.06453e-05 0)
(9.78942 1.6527e-05 0)
(9.78942 1.46424e-05 0)
(9.78937 2.7228e-05 0)
(9.78931 3.39235e-06 0)
(9.78931 -3.34745e-05 0)
(9.78936 -3.701e-05 0)
(9.78941 -3.90831e-05 0)
(9.78947 -4.29248e-05 0)
(9.7895 1.16018e-06 0)
(9.78946 3.75182e-05 0)
(9.78942 2.45496e-05 0)
(9.7894 4.53111e-06 0)
(9.7894 4.25899e-08 0)
(9.78939 -1.32973e-06 0)
(9.78938 1.94615e-06 0)
(9.78938 1.70002e-05 0)
(9.78935 4.51929e-05 0)
(9.7893 5.10085e-05 0)
(9.78926 3.55548e-05 0)
(9.78924 1.59652e-05 0)
(9.78922 -8.76011e-07 0)
(9.78922 -4.09332e-05 0)
(9.78925 -7.6901e-05 0)
(9.78928 -6.94627e-05 0)
(9.78932 -6.10553e-05 0)
(9.78936 -5.24416e-05 0)
(9.78939 -3.74231e-06 0)
(9.78935 3.82676e-05 0)
(9.78932 2.61628e-05 0)
(9.78931 8.091e-06 0)
(9.78931 7.37663e-07 0)
(9.78931 2.70153e-07 0)
(9.7893 3.14525e-07 0)
(9.7893 1.45883e-06 0)
(9.78929 1.31923e-06 0)
(9.78929 1.92398e-06 0)
(9.78928 1.37548e-06 0)
(9.78928 1.92678e-06 0)
(9.78928 1.4999e-06 0)
(9.78928 1.64113e-06 0)
(9.78928 1.0161e-06 0)
(9.78928 1.29925e-06 0)
(9.78928 1.16759e-06 0)
(9.78928 1.66511e-06 0)
(9.78929 1.61321e-06 0)
(9.78929 2.01058e-06 0)
(9.7893 1.61083e-06 0)
(9.7893 1.79547e-06 0)
(9.78931 1.08376e-06 0)
(9.78931 1.35267e-06 0)
(9.78932 7.78257e-07 0)
(9.78932 7.27816e-07 0)
(9.78933 -2.24784e-08 0)
(9.78933 -6.94693e-09 0)
(9.78933 -3.15387e-07 0)
(9.78933 -3.43795e-08 0)
(9.78933 -2.84072e-07 0)
(9.78933 -2.08041e-07 0)
(9.78933 -5.38138e-07 0)
(9.78933 -5.25894e-07 0)
(9.78932 -8.07479e-07 0)
(9.78932 -6.45019e-07 0)
(9.78932 -8.27925e-07 0)
(9.78931 -6.15466e-07 0)
(9.78931 -7.89137e-07 0)
(9.78931 -4.45327e-07 0)
(9.78931 -6.2774e-07 0)
(9.78931 -2.84255e-07 0)
(9.7893 -4.54549e-07 0)
(9.7893 -2.04456e-07 0)
(9.7893 -4.15758e-07 0)
(9.7893 -1.22956e-07 0)
(9.7893 -3.57785e-07 0)
(9.7893 -8.51898e-08 0)
(9.7893 -2.98966e-07 0)
(9.7893 -5.13856e-08 0)
(9.7893 -2.52456e-07 0)
(9.7893 5.72729e-08 0)
(9.7893 2.91374e-08 0)
(9.7893 8.54164e-07 0)
(9.7893 2.58694e-06 0)
(9.78931 9.42663e-06 0)
(9.78934 2.14966e-05 0)
(9.57678 3.63667e-05 0)
(9.57675 5.23034e-05 0)
(9.57671 2.45037e-05 0)
(9.57676 -1.88305e-05 0)
(9.57684 -3.11911e-05 0)
(9.57691 -4.28134e-05 0)
(9.57698 -5.23795e-05 0)
(9.577 -1.32158e-05 0)
(9.57691 2.0914e-05 0)
(9.57681 4.96246e-06 0)
(9.57677 -9.61119e-06 0)
(9.57674 -9.6869e-06 0)
(9.57672 -6.67777e-07 0)
(9.57672 1.03397e-05 0)
(9.57674 1.98334e-05 0)
(9.57676 2.16476e-05 0)
(9.57679 1.96706e-05 0)
(9.57681 1.58597e-05 0)
(9.57683 1.60665e-05 0)
(9.57678 3.09736e-05 0)
(9.5767 7.71441e-06 0)
(9.57672 -3.05261e-05 0)
(9.57678 -3.55581e-05 0)
(9.57684 -3.9762e-05 0)
(9.57691 -4.47208e-05 0)
(9.57695 -4.19014e-07 0)
(9.57688 3.62198e-05 0)
(9.57682 2.2181e-05 0)
(9.5768 2.70444e-06 0)
(9.57679 -1.05333e-06 0)
(9.57678 -1.59335e-06 0)
(9.57677 1.792e-06 0)
(9.57677 1.80806e-05 0)
(9.57675 4.80679e-05 0)
(9.57668 5.41393e-05 0)
(9.57663 3.75119e-05 0)
(9.5766 1.71209e-05 0)
(9.57658 3.30803e-07 0)
(9.57657 -3.97489e-05 0)
(9.57663 -7.50916e-05 0)
(9.57668 -6.82998e-05 0)
(9.57672 -6.15412e-05 0)
(9.57678 -5.48432e-05 0)
(9.57682 -5.39367e-06 0)
(9.57675 3.65631e-05 0)
(9.5767 2.34986e-05 0)
(9.57669 5.89796e-06 0)
(9.57669 -4.35269e-07 0)
(9.57669 -2.01292e-07 0)
(9.57668 2.50512e-07 0)
(9.57667 1.48894e-06 0)
(9.57666 1.44254e-06 0)
(9.57666 2.00079e-06 0)
(9.57666 1.4647e-06 0)
(9.57666 1.93653e-06 0)
(9.57666 1.53309e-06 0)
(9.57666 1.60411e-06 0)
(9.57666 1.01307e-06 0)
(9.57666 1.18314e-06 0)
(9.57667 1.05329e-06 0)
(9.57667 1.50317e-06 0)
(9.57668 1.4595e-06 0)
(9.57668 1.82405e-06 0)
(9.57669 1.46145e-06 0)
(9.57669 1.62276e-06 0)
(9.5767 9.62993e-07 0)
(9.57671 1.1909e-06 0)
(9.57671 6.74926e-07 0)
(9.57671 5.97523e-07 0)
(9.57672 -7.7765e-08 0)
(9.57672 -1.21224e-07 0)
(9.57672 -3.78402e-07 0)
(9.57672 -8.99162e-08 0)
(9.57672 -2.84888e-07 0)
(9.57672 -1.89603e-07 0)
(9.57672 -4.62239e-07 0)
(9.57672 -4.51075e-07 0)
(9.57672 -6.94961e-07 0)
(9.57671 -5.5207e-07 0)
(9.57671 -7.16377e-07 0)
(9.57671 -5.366e-07 0)
(9.5767 -7.01589e-07 0)
(9.5767 -3.90543e-07 0)
(9.5767 -5.6169e-07 0)
(9.5767 -2.48788e-07 0)
(9.57669 -4.03449e-07 0)
(9.57669 -1.81322e-07 0)
(9.57669 -3.75289e-07 0)
(9.57669 -1.06524e-07 0)
(9.57669 -3.22596e-07 0)
(9.57669 -7.43636e-08 0)
(9.57669 -2.67789e-07 0)
(9.57669 -4.5168e-08 0)
(9.57669 -2.25758e-07 0)
(9.57669 5.73593e-08 0)
(9.57669 4.04289e-08 0)
(9.57669 7.94074e-07 0)
(9.57669 2.40219e-06 0)
(9.5767 8.77845e-06 0)
(9.57674 2.04314e-05 0)
(9.32512 3.98245e-05 0)
(9.32513 5.94177e-05 0)
(9.32505 3.06581e-05 0)
(9.32516 -1.38072e-05 0)
(9.32528 -3.02096e-05 0)
(9.32534 -4.60017e-05 0)
(9.32544 -5.57996e-05 0)
(9.32547 -1.50446e-05 0)
(9.32528 1.77862e-05 0)
(9.32513 8.9806e-07 0)
(9.32507 -1.2456e-05 0)
(9.32503 -1.09809e-05 0)
(9.325 -1.4441e-06 0)
(9.325 9.30708e-06 0)
(9.32502 1.834e-05 0)
(9.32506 2.02078e-05 0)
(9.32509 1.85256e-05 0)
(9.32512 1.50766e-05 0)
(9.32515 2.02522e-05 0)
(9.32515 3.91516e-05 0)
(9.32504 1.55075e-05 0)
(9.32511 -2.3551e-05 0)
(9.3252 -3.38051e-05 0)
(9.32525 -4.27856e-05 0)
(9.32536 -4.8302e-05 0)
(9.32541 -3.60522e-06 0)
(9.32525 3.20384e-05 0)
(9.32514 1.68763e-05 0)
(9.3251 -8.26516e-07 0)
(9.32509 -2.84463e-06 0)
(9.32507 -2.13886e-06 0)
(9.32506 1.43116e-06 0)
(9.32508 2.1843e-05 0)
(9.3251 5.58775e-05 0)
(9.32501 6.05829e-05 0)
(9.32494 4.11437e-05 0)
(9.32491 1.92401e-05 0)
(9.32488 1.99077e-06 0)
(9.32487 -3.85063e-05 0)
(9.32499 -7.15137e-05 0)
(9.32508 -6.71557e-05 0)
(9.32512 -6.47781e-05 0)
(9.32521 -5.93179e-05 0)
(9.32525 -8.99203e-06 0)
(9.3251 3.19769e-05 0)
(9.32499 1.78267e-05 0)
(9.32497 1.94604e-06 0)
(9.32497 -2.36434e-06 0)
(9.32496 -9.91124e-07 0)
(9.32495 3.79063e-08 0)
(9.32494 1.41972e-06 0)
(9.32494 1.47696e-06 0)
(9.32494 1.98612e-06 0)
(9.32494 1.47638e-06 0)
(9.32494 1.86594e-06 0)
(9.32494 1.49605e-06 0)
(9.32495 1.50821e-06 0)
(9.32495 9.57141e-07 0)
(9.32495 1.02562e-06 0)
(9.32496 8.99716e-07 0)
(9.32496 1.30194e-06 0)
(9.32497 1.27262e-06 0)
(9.32498 1.60372e-06 0)
(9.32498 1.28626e-06 0)
(9.32499 1.42904e-06 0)
(9.325 8.32975e-07 0)
(9.325 1.02319e-06 0)
(9.32501 5.72706e-07 0)
(9.32501 4.75584e-07 0)
(9.32501 -1.22848e-07 0)
(9.32502 -2.19025e-07 0)
(9.32502 -4.31314e-07 0)
(9.32502 -1.42416e-07 0)
(9.32502 -2.84575e-07 0)
(9.32502 -1.75601e-07 0)
(9.32502 -3.87081e-07 0)
(9.32501 -3.78652e-07 0)
(9.32501 -5.80744e-07 0)
(9.32501 -4.57247e-07 0)
(9.325 -5.99337e-07 0)
(9.325 -4.51774e-07 0)
(9.325 -6.05985e-07 0)
(9.32499 -3.29967e-07 0)
(9.32499 -4.87836e-07 0)
(9.32499 -2.0835e-07 0)
(9.32499 -3.46589e-07 0)
(9.32499 -1.54559e-07 0)
(9.32499 -3.30361e-07 0)
(9.32498 -8.76811e-08 0)
(9.32498 -2.83455e-07 0)
(9.32498 -6.2015e-08 0)
(9.32498 -2.33306e-07 0)
(9.32498 -3.82081e-08 0)
(9.32498 -1.9688e-07 0)
(9.32498 5.66937e-08 0)
(9.32498 5.07406e-08 0)
(9.32498 7.2435e-07 0)
(9.32498 2.18867e-06 0)
(9.325 8.02507e-06 0)
(9.32504 1.94127e-05 0)
(9.01958 5.06604e-05 0)
(9.01981 7.82134e-05 0)
(9.01971 4.38678e-05 0)
(9.01992 -3.92738e-06 0)
(9.02015 -2.99859e-05 0)
(9.02012 -5.71215e-05 0)
(9.02024 -6.44762e-05 0)
(9.02029 -1.93285e-05 0)
(9.01983 9.82352e-06 0)
(9.01953 -7.98762e-06 0)
(9.01943 -1.78475e-05 0)
(9.01938 -1.33356e-05 0)
(9.01935 -2.78542e-06 0)
(9.01935 8.00438e-06 0)
(9.01938 1.64915e-05 0)
(9.01942 1.84456e-05 0)
(9.01946 1.71309e-05 0)
(9.01949 1.40695e-05 0)
(9.01957 3.15737e-05 0)
(9.01981 5.95484e-05 0)
(9.01968 3.01007e-05 0)
(9.01986 -1.16625e-05 0)
(9.02006 -3.22112e-05 0)
(9.02002 -5.33035e-05 0)
(9.02015 -5.73963e-05 0)
(9.02023 -9.21017e-06 0)
(9.01981 2.25293e-05 0)
(9.01955 6.56196e-06 0)
(9.01949 -7.01733e-06 0)
(9.01946 -5.70387e-06 0)
(9.01943 -3.12551e-06 0)
(9.01942 6.50781e-07 0)
(9.01948 3.26348e-05 0)
(9.01976 7.6402e-05 0)
(9.01966 7.5521e-05 0)
(9.01957 4.88402e-05 0)
(9.01953 2.34407e-05 0)
(9.01949 4.46407e-06 0)
(9.01947 -3.90046e-05 0)
(9.01971 -6.6671e-05 0)
(9.01991 -6.85559e-05 0)
(9.01986 -7.69125e-05 0)
(9.01997 -6.94149e-05 0)
(9.02003 -1.53142e-05 0)
(9.01962 2.1908e-05 0)
(9.01937 7.05908e-06 0)
(9.01932 -4.73365e-06 0)
(9.0193 -5.37852e-06 0)
(9.01929 -2.2386e-06 0)
(9.01928 -4.08694e-07 0)
(9.01928 1.19093e-06 0)
(9.01928 1.38112e-06 0)
(9.01928 1.84214e-06 0)
(9.01928 1.39577e-06 0)
(9.01929 1.7038e-06 0)
(9.01929 1.37808e-06 0)
(9.0193 1.34624e-06 0)
(9.01931 8.46941e-07 0)
(9.01931 8.31737e-07 0)
(9.01932 7.12687e-07 0)
(9.01932 1.0653e-06 0)
(9.01933 1.05797e-06 0)
(9.01934 1.35312e-06 0)
(9.01935 1.08866e-06 0)
(9.01935 1.21749e-06 0)
(9.01936 6.97439e-07 0)
(9.01937 8.5252e-07 0)
(9.01937 4.73874e-07 0)
(9.01937 3.65567e-07 0)
(9.01938 -1.53377e-07 0)
(9.01938 -2.93179e-07 0)
(9.01938 -4.68037e-07 0)
(9.01938 -1.87686e-07 0)
(9.01938 -2.80779e-07 0)
(9.01938 -1.60792e-07 0)
(9.01938 -3.14123e-07 0)
(9.01938 -3.08073e-07 0)
(9.01937 -4.65205e-07 0)
(9.01937 -3.62554e-07 0)
(9.01936 -4.76617e-07 0)
(9.01936 -3.64432e-07 0)
(9.01936 -5.02597e-07 0)
(9.01935 -2.6645e-07 0)
(9.01935 -4.05824e-07 0)
(9.01935 -1.65961e-07 0)
(9.01935 -2.82511e-07 0)
(9.01935 -1.26979e-07 0)
(9.01935 -2.8003e-07 0)
(9.01934 -6.89291e-08 0)
(9.01934 -2.40023e-07 0)
(9.01934 -4.98776e-08 0)
(9.01934 -1.95479e-07 0)
(9.01934 -3.16953e-08 0)
(9.01934 -1.66471e-07 0)
(9.01934 5.45551e-08 0)
(9.01934 5.93525e-08 0)
(9.01934 6.42545e-07 0)
(9.01934 1.94007e-06 0)
(9.01936 7.13535e-06 0)
(9.01941 1.83986e-05 0)
(8.63432 8.06022e-05 0)
(8.63549 0.000127874 0)
(8.63547 6.80916e-05 0)
(8.63581 1.0712e-05 0)
(8.63625 -3.66566e-05 0)
(8.63577 -8.91499e-05 0)
(8.63582 -8.57377e-05 0)
(8.63589 -2.82023e-05 0)
(8.63479 -4.2043e-06 0)
(8.63413 -2.41397e-05 0)
(8.63396 -2.65805e-05 0)
(8.63388 -1.68698e-05 0)
(8.63385 -4.75124e-06 0)
(8.63386 6.23928e-06 0)
(8.6339 1.42022e-05 0)
(8.63396 1.62394e-05 0)
(8.63401 1.53919e-05 0)
(8.63406 1.25699e-05 0)
(8.63423 6.20002e-05 0)
(8.63546 0.00011129 0)
(8.63543 5.69116e-05 0)
(8.63572 5.10166e-06 0)
(8.63614 -3.73356e-05 0)
(8.63566 -8.46182e-05 0)
(8.63573 -7.9637e-05 0)
(8.63583 -1.95504e-05 0)
(8.63477 6.7223e-06 0)
(8.63417 -1.12552e-05 0)
(8.63404 -1.66857e-05 0)
(8.634 -9.78204e-06 0)
(8.63397 -4.65712e-06 0)
(8.63396 -8.86902e-07 0)
(8.63412 6.22697e-05 0)
(8.6354 0.000129525 0)
(8.63546 0.000111002 0)
(8.6354 6.61055e-05 0)
(8.63538 3.21051e-05 0)
(8.63533 8.47557e-06 0)
(8.63525 -4.81557e-05 0)
(8.63558 -6.63836e-05 0)
(8.63598 -8.08705e-05 0)
(8.63547 -0.000111823 0)
(8.63551 -9.32754e-05 0)
(8.6356 -2.6556e-05 0)
(8.63454 5.16419e-06 0)
(8.63394 -1.13182e-05 0)
(8.63383 -1.49583e-05 0)
(8.6338 -9.62371e-06 0)
(8.63378 -4.00862e-06 0)
(8.63377 -1.15022e-06 0)
(8.63378 7.37346e-07 0)
(8.63378 1.11398e-06 0)
(8.63379 1.56023e-06 0)
(8.6338 1.19637e-06 0)
(8.63381 1.44072e-06 0)
(8.63382 1.1756e-06 0)
(8.63383 1.11795e-06 0)
(8.63383 6.84764e-07 0)
(8.63384 6.0683e-07 0)
(8.63385 4.99416e-07 0)
(8.63385 7.99428e-07 0)
(8.63386 8.21984e-07 0)
(8.63387 1.0766e-06 0)
(8.63388 8.72273e-07 0)
(8.63389 9.91018e-07 0)
(8.63389 5.60419e-07 0)
(8.6339 6.81556e-07 0)
(8.6339 3.80741e-07 0)
(8.63391 2.69762e-07 0)
(8.63391 -1.64817e-07 0)
(8.63391 -3.36721e-07 0)
(8.63391 -4.76317e-07 0)
(8.63391 -2.26225e-07 0)
(8.63391 -2.55928e-07 0)
(8.63391 -1.55578e-07 0)
(8.6339 -2.35409e-07 0)
(8.6339 -2.44732e-07 0)
(8.6339 -3.47138e-07 0)
(8.6339 -2.71683e-07 0)
(8.63389 -3.53793e-07 0)
(8.63389 -2.72832e-07 0)
(8.63388 -3.95337e-07 0)
(8.63388 -1.99685e-07 0)
(8.63388 -3.18509e-07 0)
(8.63388 -1.21506e-07 0)
(8.63387 -2.17674e-07 0)
(8.63387 -9.44667e-08 0)
(8.63387 -2.2987e-07 0)
(8.63387 -4.65276e-08 0)
(8.63387 -1.94551e-07 0)
(8.63387 -3.68107e-08 0)
(8.63387 -1.54004e-07 0)
(8.63387 -2.6704e-08 0)
(8.63387 -1.32622e-07 0)
(8.63387 4.8809e-08 0)
(8.63387 6.60394e-08 0)
(8.63387 5.45894e-07 0)
(8.63387 1.6543e-06 0)
(8.63389 6.09954e-06 0)
(8.63395 1.72575e-05 0)
(8.11926 0.000164666 0)
(8.12364 0.000258342 0)
(8.12403 0.000103636 0)
(8.12375 1.15139e-05 0)
(8.12439 -6.73537e-05 0)
(8.12247 -0.000165304 0)
(8.12219 -0.000135103 0)
(8.12231 -4.09286e-05 0)
(8.11995 -2.56572e-05 0)
(8.11875 -5.08941e-05 0)
(8.11853 -3.91249e-05 0)
(8.11845 -2.13411e-05 0)
(8.11843 -7.22078e-06 0)
(8.11846 3.8593e-06 0)
(8.11853 1.13124e-05 0)
(8.11861 1.35676e-05 0)
(8.11868 1.32174e-05 0)
(8.11875 1.01952e-05 0)
(8.11906 0.00014479 0)
(8.12359 0.000246619 0)
(8.12397 9.69498e-05 0)
(8.12364 8.71695e-06 0)
(8.12425 -6.64353e-05 0)
(8.12234 -0.000160795 0)
(8.1221 -0.000130106 0)
(8.12226 -3.3902e-05 0)
(8.11995 -1.67615e-05 0)
(8.11882 -3.9969e-05 0)
(8.11866 -3.03061e-05 0)
(8.11862 -1.49217e-05 0)
(8.11861 -6.66042e-06 0)
(8.11862 -3.56954e-06 0)
(8.11893 0.000144375 0)
(8.12352 0.000268883 0)
(8.1242 0.000194574 0)
(8.12426 0.000104921 0)
(8.12427 5.01703e-05 0)
(8.12422 1.57532e-05 0)
(8.12396 -9.31661e-05 0)
(8.12354 -0.000100131 0)
(8.12409 -0.000125466 0)
(8.12212 -0.000194263 0)
(8.12183 -0.000146712 0)
(8.12197 -4.23874e-05 0)
(8.11965 -1.95359e-05 0)
(8.11852 -4.06958e-05 0)
(8.11837 -2.92399e-05 0)
(8.11835 -1.49212e-05 0)
(8.11835 -6.22921e-06 0)
(8.11836 -2.19945e-06 0)
(8.11837 2.55115e-08 0)
(8.11838 6.4943e-07 0)
(8.1184 1.11289e-06 0)
(8.11841 8.76294e-07 0)
(8.11842 1.07435e-06 0)
(8.11843 8.89009e-07 0)
(8.11844 8.26121e-07 0)
(8.11845 4.74618e-07 0)
(8.11846 3.59139e-07 0)
(8.11847 2.65125e-07 0)
(8.11848 5.15282e-07 0)
(8.11848 5.65998e-07 0)
(8.11849 7.86766e-07 0)
(8.1185 6.40919e-07 0)
(8.11851 7.52718e-07 0)
(8.11851 4.24881e-07 0)
(8.11852 5.1244e-07 0)
(8.11852 2.93981e-07 0)
(8.11853 1.89253e-07 0)
(8.11853 -1.55634e-07 0)
(8.11853 -3.42195e-07 0)
(8.11853 -4.36333e-07 0)
(8.11853 -2.63254e-07 0)
(8.11853 -1.83864e-07 0)
(8.11852 -1.75158e-07 0)
(8.11852 -1.41147e-07 0)
(8.11852 -2.00296e-07 0)
(8.11852 -2.27998e-07 0)
(8.11851 -1.85697e-07 0)
(8.11851 -2.52146e-07 0)
(8.11851 -1.61368e-07 0)
(8.1185 -2.98328e-07 0)
(8.1185 -1.18409e-07 0)
(8.1185 -2.4112e-07 0)
(8.11849 -6.2109e-08 0)
(8.11849 -1.77133e-07 0)
(8.11849 -3.62046e-08 0)
(8.11849 -1.98604e-07 0)
(8.11849 -3.03713e-09 0)
(8.11849 -1.5584e-07 0)
(8.11849 -1.40303e-08 0)
(8.11849 -1.11236e-07 0)
(8.11848 -1.99752e-08 0)
(8.11848 -9.15658e-08 0)
(8.11848 3.35281e-08 0)
(8.11848 7.05518e-08 0)
(8.11848 4.35996e-07 0)
(8.11849 1.34241e-06 0)
(8.11851 4.88097e-06 0)
(8.11859 1.65323e-05 0)
(7.36411 0.000437516 0)
(7.37366 0.000651319 0)
(7.37383 9.00831e-05 0)
(7.37064 -0.000125307 0)
(7.37116 -0.000167199 0)
(7.36736 -0.000334138 0)
(7.36703 -0.000236255 0)
(7.36737 -5.90613e-05 0)
(7.36407 -6.7564e-05 0)
(7.36302 -0.000100951 0)
(7.36307 -5.87574e-05 0)
(7.36312 -2.6232e-05 0)
(7.36315 -9.73897e-06 0)
(7.36322 1.01346e-06 0)
(7.36333 7.99056e-06 0)
(7.36345 1.04749e-05 0)
(7.36355 1.07906e-05 0)
(7.36364 6.79671e-06 0)
(7.36408 0.000414539 0)
(7.37372 0.000649382 0)
(7.3738 9.10844e-05 0)
(7.3705 -0.000124035 0)
(7.37097 -0.000164528 0)
(7.3672 -0.000329977 0)
(7.36691 -0.000232303 0)
(7.36731 -5.41693e-05 0)
(7.36408 -6.07295e-05 0)
(7.36312 -9.199e-05 0)
(7.36325 -5.13011e-05 0)
(7.36335 -2.05598e-05 0)
(7.3634 -8.73901e-06 0)
(7.36343 -7.20837e-06 0)
(7.36387 0.00041321 0)
(7.37362 0.000677805 0)
(7.37435 0.000397151 0)
(7.37428 0.000186923 0)
(7.37424 8.5909e-05 0)
(7.37416 2.95827e-05 0)
(7.37357 -0.000307527 0)
(7.37032 -0.000314125 0)
(7.37078 -0.000254968 0)
(7.36695 -0.000375283 0)
(7.36661 -0.000254248 0)
(7.36697 -6.46392e-05 0)
(7.36372 -6.49689e-05 0)
(7.36274 -9.35509e-05 0)
(7.36289 -5.09445e-05 0)
(7.36299 -2.07347e-05 0)
(7.36305 -8.5856e-06 0)
(7.36309 -3.48899e-06 0)
(7.36312 -8.77741e-07 0)
(7.36315 2.51298e-08 0)
(7.36317 5.47382e-07 0)
(7.36318 4.76556e-07 0)
(7.3632 6.4453e-07 0)
(7.36321 5.51871e-07 0)
(7.36322 4.97511e-07 0)
(7.36323 2.38145e-07 0)
(7.36324 1.11536e-07 0)
(7.36325 3.38469e-08 0)
(7.36325 2.40237e-07 0)
(7.36326 3.15933e-07 0)
(7.36327 5.04392e-07 0)
(7.36328 4.14905e-07 0)
(7.36329 5.16649e-07 0)
(7.36329 2.99512e-07 0)
(7.3633 3.53235e-07 0)
(7.3633 2.15963e-07 0)
(7.36331 1.23215e-07 0)
(7.36331 -1.32922e-07 0)
(7.36331 -3.08905e-07 0)
(7.3633 -3.56336e-07 0)
(7.3633 -2.85584e-07 0)
(7.3633 -9.24929e-08 0)
(7.3633 -1.94163e-07 0)
(7.36329 -4.47029e-08 0)
(7.36329 -1.59087e-07 0)
(7.36329 -1.1821e-07 0)
(7.36328 -1.05086e-07 0)
(7.36328 -1.6973e-07 0)
(7.36328 -4.88284e-08 0)
(7.36327 -2.07083e-07 0)
(7.36327 -3.77121e-08 0)
(7.36327 -1.6941e-07 0)
(7.36327 -1.65377e-09 0)
(7.36327 -1.51626e-07 0)
(7.36326 2.78321e-08 0)
(7.36326 -1.71956e-07 0)
(7.36326 4.317e-08 0)
(7.36326 -1.18191e-07 0)
(7.36326 1.06148e-08 0)
(7.36326 -6.9298e-08 0)
(7.36326 -1.25695e-08 0)
(7.36326 -4.81553e-08 0)
(7.36326 1.27942e-08 0)
(7.36326 7.16546e-08 0)
(7.36326 3.34807e-07 0)
(7.36327 1.06324e-06 0)
(7.36329 3.6102e-06 0)
(7.36337 2.0782e-05 0)
(6.06773 0.00143089 0)
(6.04202 0.00195621 0)
(6.03455 -0.000110556 0)
(6.04115 -0.000535807 0)
(6.04021 -0.00045386 0)
(6.05005 -0.000769622 0)
(6.0533 -0.00036882 0)
(6.054 -0.000310063 0)
(6.06219 -0.000407841 0)
(6.06597 -0.00026577 0)
(6.0672 -0.00011151 0)
(6.06763 -4.52713e-05 0)
(6.06782 -1.7403e-05 0)
(6.06796 -3.54168e-06 0)
(6.06811 3.53971e-06 0)
(6.06825 6.53182e-06 0)
(6.06837 8.04313e-06 0)
(6.06843 5.22201e-06 0)
(6.06845 0.00140264 0)
(6.04254 0.00197419 0)
(6.03457 -0.000100509 0)
(6.04091 -0.000530028 0)
(6.03986 -0.000446113 0)
(6.04969 -0.000766691 0)
(6.05302 -0.000365931 0)
(6.05378 -0.000306668 0)
(6.06205 -0.00040269 0)
(6.06592 -0.000259127 0)
(6.06723 -0.000105202 0)
(6.06772 -4.04586e-05 0)
(6.06792 -1.5874e-05 0)
(6.06799 -4.55632e-06 0)
(6.06804 0.00139418 0)
(6.04228 0.0019813 0)
(6.03471 0.000792962 0)
(6.03257 0.000321119 0)
(6.03199 0.000138098 0)
(6.03181 4.82686e-05 0)
(6.03146 -0.000877902 0)
(6.04007 -0.000862277 0)
(6.03964 -0.00057858 0)
(6.0496 -0.000831625 0)
(6.05293 -0.000394566 0)
(6.05366 -0.000318923 0)
(6.06186 -0.000408241 0)
(6.0657 -0.000260958 0)
(6.067 -0.000105188 0)
(6.06749 -4.06963e-05 0)
(6.0677 -1.6205e-05 0)
(6.06781 -6.16431e-06 0)
(6.06786 -2.10234e-06 0)
(6.06789 -6.09256e-07 0)
(6.06792 8.21634e-08 0)
(6.06794 1.89152e-07 0)
(6.06795 3.4639e-07 0)
(6.06797 3.29452e-07 0)
(6.06798 2.78456e-07 0)
(6.06799 1.02878e-07 0)
(6.068 -1.77098e-08 0)
(6.068 -7.27842e-08 0)
(6.06801 8.85958e-08 0)
(6.06801 1.73389e-07 0)
(6.06802 3.14691e-07 0)
(6.06803 2.60188e-07 0)
(6.06804 3.30317e-07 0)
(6.06804 1.979e-07 0)
(6.06805 2.26308e-07 0)
(6.06805 1.49622e-07 0)
(6.06806 6.5882e-08 0)
(6.06806 -1.1411e-07 0)
(6.06805 -2.6521e-07 0)
(6.06805 -2.6733e-07 0)
(6.06805 -2.53773e-07 0)
(6.06804 -4.47845e-08 0)
(6.06804 -1.61731e-07 0)
(6.06804 -5.00139e-09 0)
(6.06804 -1.09884e-07 0)
(6.06803 -5.11381e-08 0)
(6.06803 -5.12184e-08 0)
(6.06803 -1.11792e-07 0)
(6.06802 6.71742e-09 0)
(6.06802 -1.31882e-07 0)
(6.06802 -1.93689e-09 0)
(6.06802 -1.07513e-07 0)
(6.06801 1.85931e-08 0)
(6.06801 -1.21572e-07 0)
(6.06801 4.91487e-08 0)
(6.06801 -1.29611e-07 0)
(6.06801 5.12198e-08 0)
(6.06801 -8.04659e-08 0)
(6.06801 1.43956e-08 0)
(6.06801 -3.80797e-08 0)
(6.068 -8.23999e-09 0)
(6.068 -1.74838e-08 0)
(6.068 9.75891e-10 0)
(6.068 6.37877e-08 0)
(6.06801 2.63376e-07 0)
(6.06801 8.96785e-07 0)
(6.06802 2.64828e-06 0)
(6.06805 3.55762e-05 0)
)
;

boundaryField
{
    inlet
    {
        type            cyclic;
    }
    outlet
    {
        type            cyclic;
    }
    bottomWall
    {
        type            noSlip;
    }
    topWall
    {
        type            noSlip;
    }
    frontAndBack
    {
        type            empty;
    }
}


// ************************************************************************* //
