/*--------------------------------*- C++ -*----------------------------------*\
  =========                 |
  \\      /  F ield         | OpenFOAM: The Open Source CFD Toolbox
   \\    /   O peration     | Website:  https://openfoam.org
    \\  /    A nd           | Version:  11
     \\/     M anipulation  |
\*---------------------------------------------------------------------------*/
FoamFile
{
    format      ascii;
    class       surfaceScalarField;
    location    "700";
    object      phi;
}
// * * * * * * * * * * * * * * * * * * * * * * * * * * * * * * * * * * * * * //

dimensions      [0 3 -1 0 0 0 0];

internalField   nonuniform List<scalar> 
9850
(
3.63404e-06
-8.22735e-09
3.63122e-06
2.70972e-09
3.62602e-06
5.15481e-09
3.62591e-06
1.43366e-10
3.62783e-06
-1.91872e-09
3.6336e-06
-5.76826e-09
3.63802e-06
-4.35903e-09
3.63228e-06
5.6821e-09
3.62343e-06
8.8629e-09
3.62078e-06
2.627e-09
3.61997e-06
7.88863e-10
3.61974e-06
2.47757e-10
3.61967e-06
4.10202e-11
3.62192e-06
-2.21859e-09
3.62406e-06
-2.12096e-09
3.62677e-06
-2.72202e-09
3.63059e-06
-3.77285e-09
3.63179e-06
-1.24458e-09
3.6348e-06
-2.94517e-09
3.6388e-06
-4.04337e-09
3.64064e-06
-1.78145e-09
3.64114e-06
-5.58826e-10
3.64131e-06
-9.54078e-11
3.6412e-06
3.46624e-11
3.64119e-06
1.03966e-10
3.64102e-06
7.65585e-11
3.64103e-06
1.16574e-10
3.64089e-06
3.46366e-11
3.64097e-06
8.13761e-11
3.64082e-06
-2.5428e-11
3.64094e-06
1.90807e-11
3.64092e-06
-1.34332e-10
3.64125e-06
-2.19007e-10
3.64149e-06
-3.5397e-10
3.64175e-06
-2.39773e-10
3.64185e-06
-1.43414e-10
3.64187e-06
-3.00265e-11
3.64163e-06
2.35885e-10
3.63405e-06
7.55893e-09
3.62449e-06
9.57258e-09
3.62145e-06
2.95898e-09
3.62049e-06
1.04323e-09
3.62006e-06
3.82463e-10
3.61991e-06
1.98716e-10
3.61976e-06
1.01083e-10
3.61972e-06
8.57027e-11
3.61964e-06
3.41694e-11
3.61966e-06
3.42279e-11
3.61962e-06
-2.22883e-12
3.61965e-06
9.15306e-12
3.61962e-06
-1.0051e-11
3.61965e-06
5.55533e-12
3.61962e-06
-1.2723e-11
3.61966e-06
5.53794e-12
3.61962e-06
-1.18029e-11
3.61966e-06
9.10012e-12
3.61963e-06
-1.18055e-11
3.61967e-06
7.38829e-12
3.61966e-06
-9.59774e-12
3.61969e-06
3.964e-12
3.61967e-06
-6.27091e-12
3.61969e-06
2.36033e-12
3.61967e-06
-8.55327e-12
3.61969e-06
2.92705e-12
3.61966e-06
-1.08312e-11
3.61969e-06
4.81131e-12
3.61966e-06
-1.12628e-11
3.61969e-06
8.70834e-12
3.61966e-06
-1.14735e-11
3.6197e-06
7.48077e-12
3.61969e-06
-9.42403e-12
3.61972e-06
4.39421e-12
3.6197e-06
-5.59919e-12
3.61972e-06
4.30841e-12
3.6197e-06
-6.60485e-12
3.61973e-06
2.70076e-12
3.61971e-06
-5.77946e-12
3.61972e-06
2.92644e-12
3.61971e-06
-5.01544e-12
3.61972e-06
3.3246e-12
3.61971e-06
-4.58618e-12
3.61972e-06
3.87968e-12
3.61971e-06
-4.0198e-12
3.61972e-06
4.62972e-12
3.61971e-06
-4.23956e-12
3.61972e-06
4.19065e-12
3.61971e-06
-4.30374e-12
3.61972e-06
3.32125e-12
3.61971e-06
-3.2895e-12
3.61972e-06
4.94928e-12
3.61971e-06
-3.67651e-12
3.61972e-06
5.11655e-12
3.61971e-06
-4.41482e-12
3.61973e-06
3.9788e-12
3.61971e-06
-4.48552e-12
3.61973e-06
2.80273e-12
3.61972e-06
-1.14727e-11
3.61976e-06
-1.75901e-11
3.61983e-06
-1.20815e-10
-5.57855e-09
4.4201e-06
-5.23025e-09
4.4222e-06
5.42096e-10
4.42427e-06
3.05603e-09
4.42366e-06
7.72242e-10
4.4226e-06
-8.5283e-10
4.42019e-06
-3.36045e-09
4.41881e-06
-2.93536e-09
4.42176e-06
2.69142e-09
4.42533e-06
5.30254e-09
4.42563e-06
2.30891e-09
4.42557e-06
8.41574e-10
4.42551e-06
3.12453e-10
4.42535e-06
1.8412e-10
4.42408e-06
-9.27532e-10
4.42309e-06
-1.12505e-09
4.42203e-06
-1.66434e-09
4.42068e-06
-2.39717e-09
4.42066e-06
-1.24892e-09
4.41996e-06
-2.20152e-09
4.41886e-06
-2.96994e-09
4.41873e-06
-1.61644e-09
4.41877e-06
-6.37267e-10
4.41881e-06
-8.61953e-11
4.41873e-06
5.99825e-11
4.41874e-06
1.56175e-10
4.41865e-06
1.06787e-10
4.41867e-06
1.81843e-10
4.41859e-06
4.59237e-11
4.41864e-06
1.27105e-10
4.41856e-06
-5.1183e-11
4.41863e-06
3.2739e-11
4.41862e-06
-2.07799e-10
4.41878e-06
-3.15929e-10
4.41888e-06
-5.23364e-10
4.41899e-06
-3.4309e-10
4.41903e-06
-2.05329e-10
4.41903e-06
-4.22193e-11
4.41905e-06
2.15457e-10
4.42225e-06
4.34954e-09
4.42572e-06
6.1045e-09
4.42591e-06
2.7313e-09
4.4258e-06
1.19744e-09
4.42567e-06
4.87416e-10
4.42561e-06
2.89931e-10
4.42553e-06
1.5167e-10
4.4255e-06
1.31426e-10
4.42546e-06
4.73879e-11
4.42548e-06
5.12227e-11
4.42546e-06
-7.73184e-12
4.42548e-06
1.28663e-11
4.42546e-06
-1.9729e-11
4.42548e-06
7.61326e-12
4.42547e-06
-2.30227e-11
4.42549e-06
8.53107e-12
4.42547e-06
-2.15608e-11
4.4255e-06
1.38991e-11
4.42548e-06
-2.04275e-11
4.4255e-06
1.3191e-11
4.4255e-06
-1.54474e-11
4.42551e-06
7.06309e-12
4.42551e-06
-1.14281e-11
4.42552e-06
2.72012e-12
4.42551e-06
-1.63374e-11
4.42552e-06
3.52968e-12
4.42551e-06
-2.02429e-11
4.42553e-06
6.91978e-12
4.42551e-06
-2.09278e-11
4.42553e-06
1.31099e-11
4.42551e-06
-2.00923e-11
4.42554e-06
1.32366e-11
4.42553e-06
-1.49931e-11
4.42555e-06
7.93446e-12
4.42554e-06
-9.82774e-12
4.42555e-06
6.24234e-12
4.42554e-06
-1.171e-11
4.42555e-06
4.10693e-12
4.42554e-06
-1.05283e-11
4.42555e-06
4.5258e-12
4.42555e-06
-9.35183e-12
4.42555e-06
5.4636e-12
4.42555e-06
-8.38896e-12
4.42555e-06
6.71838e-12
4.42555e-06
-7.46239e-12
4.42555e-06
7.83894e-12
4.42555e-06
-7.55722e-12
4.42555e-06
7.53248e-12
4.42555e-06
-7.37149e-12
4.42555e-06
6.52519e-12
4.42555e-06
-5.8119e-12
4.42555e-06
8.69534e-12
4.42555e-06
-6.40645e-12
4.42555e-06
8.80894e-12
4.42554e-06
-7.36216e-12
4.42555e-06
7.28453e-12
4.42554e-06
-7.43187e-12
4.42555e-06
5.55868e-12
4.42555e-06
-1.70289e-11
4.42556e-06
-1.69826e-11
4.42545e-06
-3.87979e-11
-3.16438e-09
4.87338e-06
-3.82598e-09
4.87419e-06
-3.09173e-10
4.87548e-06
1.74572e-09
4.87571e-06
5.55342e-10
4.87525e-06
-3.97433e-10
4.87374e-06
-1.84828e-09
4.87257e-06
-1.73131e-09
4.87371e-06
1.52359e-09
4.87552e-06
3.5024e-09
4.87584e-06
1.97559e-09
4.87585e-06
8.17705e-10
4.87583e-06
3.40956e-10
4.87576e-06
2.39291e-10
4.87548e-06
-6.28861e-10
4.87539e-06
-1.03391e-09
4.8749e-06
-1.17816e-09
4.87413e-06
-1.60081e-09
4.87402e-06
-1.15943e-09
4.87346e-06
-1.61208e-09
4.87252e-06
-2.05331e-09
4.87219e-06
-1.25624e-09
4.87209e-06
-5.64202e-10
4.87206e-06
-2.50845e-11
4.87199e-06
1.01169e-10
4.87198e-06
2.0624e-10
4.87191e-06
1.32733e-10
4.87192e-06
2.31943e-10
4.87186e-06
5.2463e-11
4.8719e-06
1.60405e-10
4.87185e-06
-7.26708e-11
4.8719e-06
4.38371e-11
4.87188e-06
-2.60349e-10
4.87199e-06
-3.80131e-10
4.87206e-06
-6.41154e-10
4.87214e-06
-4.13391e-10
4.87217e-06
-2.48774e-10
4.87217e-06
-5.2617e-11
4.8722e-06
1.89273e-10
4.87378e-06
2.7535e-09
4.87566e-06
4.23429e-09
4.87595e-06
2.40141e-09
4.87596e-06
1.22114e-09
4.8759e-06
5.31846e-10
4.87586e-06
3.48587e-10
4.87581e-06
1.86608e-10
4.87579e-06
1.63704e-10
4.87576e-06
5.49391e-11
4.87578e-06
6.32215e-11
4.87576e-06
-1.25235e-11
4.87578e-06
1.56175e-11
4.87577e-06
-2.77471e-11
4.87578e-06
9.07571e-12
4.87577e-06
-3.15514e-11
4.87579e-06
1.06925e-11
4.87578e-06
-2.99043e-11
4.87579e-06
1.71041e-11
4.87578e-06
-2.77689e-11
4.8758e-06
1.7428e-11
4.8758e-06
-2.03845e-11
4.87581e-06
8.83108e-12
4.8758e-06
-1.59124e-11
4.87581e-06
1.98374e-12
4.87581e-06
-2.2945e-11
4.87582e-06
3.15665e-12
4.87581e-06
-2.83603e-11
4.87582e-06
8.10485e-12
4.87581e-06
-2.9302e-11
4.87583e-06
1.58996e-11
4.87582e-06
-2.74979e-11
4.87583e-06
1.73796e-11
4.87583e-06
-1.99411e-11
4.87584e-06
1.02941e-11
4.87584e-06
-1.41873e-11
4.87585e-06
7.30117e-12
4.87584e-06
-1.6453e-11
4.87585e-06
5.08615e-12
4.87584e-06
-1.46412e-11
4.87585e-06
5.5125e-12
4.87585e-06
-1.25529e-11
4.87585e-06
6.51962e-12
4.87585e-06
-1.08775e-11
4.87585e-06
8.15683e-12
4.87585e-06
-9.63338e-12
4.87585e-06
9.63367e-12
4.87585e-06
-9.34305e-12
4.87585e-06
9.45587e-12
4.87585e-06
-8.93857e-12
4.87585e-06
8.50953e-12
4.87585e-06
-7.27437e-12
4.87585e-06
1.11177e-11
4.87585e-06
-8.17029e-12
4.87585e-06
1.13576e-11
4.87584e-06
-9.41467e-12
4.87585e-06
9.83778e-12
4.87584e-06
-9.58414e-12
4.87585e-06
7.83488e-12
4.87585e-06
-2.04826e-11
4.87585e-06
-1.36033e-11
4.8758e-06
-4.72504e-12
-2.1224e-09
5.18205e-06
-3.42639e-09
5.18231e-06
-6.03962e-10
5.18284e-06
1.19785e-09
5.18306e-06
3.45393e-10
5.18295e-06
-2.82561e-10
5.18235e-06
-1.24764e-09
5.18179e-06
-1.15116e-09
5.18204e-06
1.24911e-09
5.18262e-06
2.928e-09
5.18272e-06
1.86505e-09
5.18271e-06
8.27173e-10
5.18268e-06
3.71507e-10
5.18266e-06
2.48161e-10
5.18268e-06
-6.33653e-10
5.18279e-06
-1.13721e-09
5.18269e-06
-1.08221e-09
5.18247e-06
-1.36097e-09
5.18244e-06
-1.14513e-09
5.18221e-06
-1.35984e-09
5.18178e-06
-1.6417e-09
5.18159e-06
-1.05074e-09
5.1815e-06
-4.86682e-10
5.18146e-06
3.99685e-11
5.18138e-06
1.48794e-10
5.18137e-06
2.53841e-10
5.18131e-06
1.61986e-10
5.18131e-06
2.73482e-10
5.18127e-06
6.2977e-11
5.18129e-06
1.8438e-10
5.18125e-06
-8.51456e-11
5.18129e-06
5.07257e-11
5.18127e-06
-2.97421e-10
5.18136e-06
-4.32081e-10
5.18141e-06
-7.31162e-10
5.18148e-06
-4.70164e-10
5.1815e-06
-2.83188e-10
5.1815e-06
-6.19211e-11
5.1815e-06
1.87541e-10
5.18202e-06
2.22788e-09
5.18266e-06
3.59197e-09
5.18277e-06
2.27649e-09
5.18276e-06
1.25467e-09
5.1827e-06
5.70771e-10
5.18267e-06
3.9553e-10
5.18263e-06
2.17874e-10
5.18261e-06
1.90507e-10
5.18259e-06
6.38915e-11
5.1826e-06
7.3196e-11
5.18259e-06
-1.43351e-11
5.1826e-06
1.76129e-11
5.18259e-06
-3.28569e-11
5.1826e-06
9.39937e-12
5.18259e-06
-3.73652e-11
5.1826e-06
1.12095e-11
5.1826e-06
-3.58022e-11
5.18261e-06
1.82454e-11
5.1826e-06
-3.28093e-11
5.18261e-06
1.95471e-11
5.18261e-06
-2.41519e-11
5.18262e-06
9.19861e-12
5.18262e-06
-1.98925e-11
5.18263e-06
6.11581e-13
5.18262e-06
-2.84969e-11
5.18263e-06
1.8216e-12
5.18262e-06
-3.45974e-11
5.18264e-06
7.61244e-12
5.18263e-06
-3.55833e-11
5.18264e-06
1.65715e-11
5.18263e-06
-3.27781e-11
5.18265e-06
1.93547e-11
5.18264e-06
-2.35705e-11
5.18265e-06
1.0899e-11
5.18265e-06
-1.74389e-11
5.18266e-06
6.86596e-12
5.18265e-06
-1.99132e-11
5.18266e-06
4.8035e-12
5.18266e-06
-1.78267e-11
5.18266e-06
5.6035e-12
5.18266e-06
-1.54181e-11
5.18266e-06
7.17499e-12
5.18266e-06
-1.33374e-11
5.18267e-06
9.34581e-12
5.18266e-06
-1.17546e-11
5.18267e-06
1.11548e-11
5.18266e-06
-1.11893e-11
5.18266e-06
1.12712e-11
5.18266e-06
-1.05383e-11
5.18267e-06
1.04059e-11
5.18266e-06
-8.61066e-12
5.18267e-06
1.30883e-11
5.18266e-06
-9.53264e-12
5.18266e-06
1.32726e-11
5.18266e-06
-1.07723e-11
5.18267e-06
1.16217e-11
5.18266e-06
-1.09778e-11
5.18266e-06
9.33815e-12
5.18266e-06
-2.25612e-11
5.18267e-06
-1.19605e-11
5.18267e-06
-2.08263e-11
-1.87094e-09
5.41312e-06
-3.30338e-09
5.41325e-06
-7.62051e-10
5.41349e-06
9.44495e-10
5.41359e-06
2.58355e-10
5.41356e-06
-2.47752e-10
5.41332e-06
-1.0162e-09
5.41308e-06
-8.93704e-10
5.41313e-06
1.19005e-09
5.41333e-06
2.7299e-09
5.41336e-06
1.83339e-09
5.41333e-06
8.48827e-10
5.4133e-06
4.01221e-10
5.4133e-06
2.45004e-10
5.41331e-06
-6.42057e-10
5.41336e-06
-1.17775e-09
5.41335e-06
-1.07716e-09
5.4133e-06
-1.30025e-09
5.4133e-06
-1.15313e-09
5.41324e-06
-1.28583e-09
5.4131e-06
-1.51173e-09
5.41303e-06
-9.6501e-10
5.41296e-06
-4.33219e-10
5.41293e-06
9.50431e-11
5.41286e-06
1.94121e-10
5.41284e-06
2.98171e-10
5.41279e-06
1.92318e-10
5.41278e-06
3.11003e-10
5.41274e-06
7.65586e-11
5.41276e-06
2.05477e-10
5.41273e-06
-9.15952e-11
5.41275e-06
5.6734e-11
5.41274e-06
-3.2527e-10
5.41281e-06
-4.7552e-10
5.41286e-06
-8.04922e-10
5.41291e-06
-5.1813e-10
5.41293e-06
-3.11706e-10
5.41293e-06
-6.95507e-11
5.41292e-06
2.01652e-10
5.41309e-06
2.05072e-09
5.41333e-06
3.35322e-09
5.41336e-06
2.23203e-09
5.41334e-06
1.29103e-09
5.41329e-06
6.05336e-10
5.41327e-06
4.347e-10
5.41323e-06
2.46243e-10
5.41321e-06
2.14651e-10
5.41319e-06
7.38918e-11
5.41319e-06
8.28769e-11
5.41318e-06
-1.40714e-11
5.41319e-06
1.99212e-11
5.41318e-06
-3.61464e-11
5.41319e-06
9.75514e-12
5.41319e-06
-4.16677e-11
5.4132e-06
1.13907e-11
5.41319e-06
-4.04388e-11
5.4132e-06
1.86419e-11
5.4132e-06
-3.68992e-11
5.41321e-06
2.06368e-11
5.4132e-06
-2.72736e-11
5.41321e-06
8.78652e-12
5.41321e-06
-2.31095e-11
5.41322e-06
-1.36588e-12
5.41321e-06
-3.29277e-11
5.41322e-06
-9.79886e-14
5.41322e-06
-3.98163e-11
5.41323e-06
6.5265e-12
5.41322e-06
-4.08548e-11
5.41323e-06
1.63201e-11
5.41323e-06
-3.72507e-11
5.41324e-06
2.01711e-11
5.41324e-06
-2.6868e-11
5.41325e-06
1.08533e-11
5.41324e-06
-2.06772e-11
5.41325e-06
6.18515e-12
5.41325e-06
-2.31679e-11
5.41325e-06
4.33411e-12
5.41325e-06
-2.05394e-11
5.41325e-06
5.26023e-12
5.41325e-06
-1.73362e-11
5.41326e-06
6.92009e-12
5.41325e-06
-1.46295e-11
5.41326e-06
9.40201e-12
5.41325e-06
-1.27468e-11
5.41326e-06
1.15371e-11
5.41326e-06
-1.17699e-11
5.41326e-06
1.18303e-11
5.41325e-06
-1.09116e-11
5.41326e-06
1.11294e-11
5.41325e-06
-9.004e-12
5.41326e-06
1.40143e-11
5.41325e-06
-1.01068e-11
5.41326e-06
1.43097e-11
5.41325e-06
-1.15184e-11
5.41326e-06
1.27493e-11
5.41325e-06
-1.18702e-11
5.41326e-06
1.02864e-11
5.41325e-06
-2.39414e-11
5.41326e-06
-1.21474e-11
5.41328e-06
-5.86526e-11
-1.81274e-09
5.59651e-06
-3.21954e-09
5.59661e-06
-8.81852e-10
5.59676e-06
7.86687e-10
5.5968e-06
2.29289e-10
5.59677e-06
-2.23882e-10
5.59666e-06
-9.035e-10
5.59654e-06
-7.61028e-10
5.59655e-06
1.16761e-09
5.59666e-06
2.62147e-09
5.59668e-06
1.81269e-09
5.59666e-06
8.66663e-10
5.59664e-06
4.25245e-10
5.59663e-06
2.40353e-10
5.59662e-06
-6.24572e-10
5.59661e-06
-1.16353e-09
5.59661e-06
-1.07545e-09
5.59659e-06
-1.27396e-09
5.59659e-06
-1.15741e-09
5.5966e-06
-1.28086e-09
5.59657e-06
-1.49446e-09
5.59656e-06
-9.36115e-10
5.59651e-06
-3.96504e-10
5.59648e-06
1.39157e-10
5.59642e-06
2.36165e-10
5.5964e-06
3.37901e-10
5.59635e-06
2.23654e-10
5.59634e-06
3.44951e-10
5.59631e-06
9.36038e-11
5.59632e-06
2.23012e-10
5.59629e-06
-9.24175e-11
5.59631e-06
6.11486e-11
5.5963e-06
-3.45453e-10
5.59636e-06
-5.14658e-10
5.5964e-06
-8.67009e-10
5.59644e-06
-5.60903e-10
5.59646e-06
-3.36094e-10
5.59646e-06
-7.59019e-11
5.59644e-06
2.21392e-10
5.59651e-06
1.97169e-09
5.59665e-06
3.22246e-09
5.59666e-06
2.20432e-09
5.59665e-06
1.31979e-09
5.59661e-06
6.33826e-10
5.59659e-06
4.66331e-10
5.59655e-06
2.71962e-10
5.59654e-06
2.35947e-10
5.59652e-06
8.50866e-11
5.59652e-06
9.18416e-11
5.59651e-06
-1.19754e-11
5.59652e-06
2.20499e-11
5.59651e-06
-3.76002e-11
5.59652e-06
9.71407e-12
5.59651e-06
-4.4253e-11
5.59652e-06
1.08681e-11
5.59651e-06
-4.35019e-11
5.59652e-06
1.81383e-11
5.59652e-06
-3.9536e-11
5.59653e-06
2.07623e-11
5.59653e-06
-2.96605e-11
5.59653e-06
7.84656e-12
5.59653e-06
-2.60194e-11
5.59654e-06
-3.37648e-12
5.59653e-06
-3.68578e-11
5.59654e-06
-2.36249e-12
5.59654e-06
-4.39465e-11
5.59655e-06
4.59022e-12
5.59654e-06
-4.48966e-11
5.59655e-06
1.50331e-11
5.59655e-06
-4.0463e-11
5.59656e-06
1.99344e-11
5.59656e-06
-2.93247e-11
5.59656e-06
9.91136e-12
5.59656e-06
-2.30111e-11
5.59657e-06
4.71016e-12
5.59657e-06
-2.54995e-11
5.59657e-06
3.14977e-12
5.59657e-06
-2.26671e-11
5.59657e-06
4.52155e-12
5.59657e-06
-1.92604e-11
5.59657e-06
6.74056e-12
5.59657e-06
-1.62743e-11
5.59658e-06
9.66036e-12
5.59657e-06
-1.40636e-11
5.59658e-06
1.20995e-11
5.59657e-06
-1.284e-11
5.59658e-06
1.26863e-11
5.59657e-06
-1.17773e-11
5.59658e-06
1.20981e-11
5.59657e-06
-9.67434e-12
5.59658e-06
1.49178e-11
5.59657e-06
-1.0722e-11
5.59658e-06
1.514e-11
5.59657e-06
-1.2071e-11
5.59658e-06
1.34784e-11
5.59657e-06
-1.24605e-11
5.59658e-06
1.08059e-11
5.59657e-06
-2.48695e-11
5.59658e-06
-1.38766e-11
5.59661e-06
-9.74263e-11
-1.78281e-09
5.74761e-06
-3.1455e-09
5.74769e-06
-9.81627e-10
5.74781e-06
6.62179e-10
5.74783e-06
2.18615e-10
5.7478e-06
-2.01496e-10
5.74773e-06
-8.27504e-10
5.74765e-06
-6.73756e-10
5.74766e-06
1.14948e-09
5.74775e-06
2.53315e-09
5.74777e-06
1.78877e-09
5.74776e-06
8.77853e-10
5.74774e-06
4.42877e-10
5.74774e-06
2.35711e-10
5.74772e-06
-5.95548e-10
5.74768e-06
-1.12773e-09
5.74767e-06
-1.06572e-09
5.74766e-06
-1.24954e-09
5.74765e-06
-1.15509e-09
5.74768e-06
-1.29805e-09
5.74769e-06
-1.51336e-09
5.74769e-06
-9.28357e-10
5.74765e-06
-3.69031e-10
5.74763e-06
1.748e-10
5.74758e-06
2.73919e-10
5.74756e-06
3.7267e-10
5.74751e-06
2.54291e-10
5.74751e-06
3.7553e-10
5.74747e-06
1.12847e-10
5.74748e-06
2.38774e-10
5.74745e-06
-8.88609e-11
5.74747e-06
6.47921e-11
5.74746e-06
-3.59919e-10
5.74751e-06
-5.49947e-10
5.74754e-06
-9.20434e-10
5.74758e-06
-5.99059e-10
5.7476e-06
-3.56778e-10
5.7476e-06
-8.08818e-11
5.74758e-06
2.42062e-10
5.74763e-06
1.92077e-09
5.74773e-06
3.12209e-09
5.74774e-06
2.17823e-09
5.74773e-06
1.34024e-09
5.7477e-06
6.56506e-10
5.74769e-06
4.91484e-10
5.74766e-06
2.94671e-10
5.74764e-06
2.54561e-10
5.74763e-06
9.6318e-11
5.74763e-06
1.00047e-10
5.74762e-06
-8.83072e-12
5.74762e-06
2.41624e-11
5.74761e-06
-3.78864e-11
5.74762e-06
9.69106e-12
5.74761e-06
-4.57488e-11
5.74762e-06
1.02063e-11
5.74762e-06
-4.55854e-11
5.74762e-06
1.7243e-11
5.74762e-06
-4.14332e-11
5.74763e-06
2.02625e-11
5.74763e-06
-3.14585e-11
5.74763e-06
6.45913e-12
5.74763e-06
-2.81816e-11
5.74764e-06
-5.77906e-12
5.74764e-06
-3.97644e-11
5.74764e-06
-4.96197e-12
5.74764e-06
-4.72477e-11
5.74765e-06
2.34273e-12
5.74764e-06
-4.81281e-11
5.74765e-06
1.32095e-11
5.74765e-06
-4.30423e-11
5.74766e-06
1.89624e-11
5.74766e-06
-3.1463e-11
5.74766e-06
8.68879e-12
5.74766e-06
-2.52945e-11
5.74767e-06
3.27197e-12
5.74766e-06
-2.76878e-11
5.74767e-06
1.98052e-12
5.74767e-06
-2.44025e-11
5.74767e-06
3.50913e-12
5.74767e-06
-2.03341e-11
5.74767e-06
5.80816e-12
5.74767e-06
-1.68199e-11
5.74767e-06
8.97693e-12
5.74767e-06
-1.43485e-11
5.74767e-06
1.16852e-11
5.74767e-06
-1.27725e-11
5.74767e-06
1.24299e-11
5.74767e-06
-1.15359e-11
5.74767e-06
1.20183e-11
5.74767e-06
-9.49928e-12
5.74767e-06
1.49314e-11
5.74767e-06
-1.06752e-11
5.74767e-06
1.52334e-11
5.74767e-06
-1.21564e-11
5.74768e-06
1.36689e-11
5.74767e-06
-1.26957e-11
5.74768e-06
1.0855e-11
5.74767e-06
-2.53859e-11
5.74768e-06
-1.64215e-11
5.74771e-06
-1.33882e-10
-1.74944e-09
5.87524e-06
-3.06721e-09
5.87531e-06
-1.06845e-09
5.87541e-06
5.5472e-10
5.87542e-06
2.11901e-10
5.8754e-06
-1.79842e-10
5.87534e-06
-7.63946e-10
5.87528e-06
-6.03677e-10
5.87529e-06
1.13126e-09
5.87537e-06
2.45162e-09
5.8754e-06
1.76104e-09
5.87539e-06
8.83095e-10
5.87538e-06
4.54717e-10
5.87538e-06
2.30505e-10
5.87535e-06
-5.64513e-10
5.87531e-06
-1.08654e-09
5.8753e-06
-1.05069e-09
5.87528e-06
-1.22272e-09
5.87527e-06
-1.1491e-09
5.8753e-06
-1.32034e-09
5.87532e-06
-1.54133e-09
5.87533e-06
-9.28294e-10
5.8753e-06
-3.46217e-10
5.87528e-06
2.04463e-10
5.87523e-06
3.08199e-10
5.87522e-06
4.03209e-10
5.87517e-06
2.83828e-10
5.87516e-06
4.03448e-10
5.87513e-06
1.33261e-10
5.87514e-06
2.52468e-10
5.87511e-06
-8.26595e-11
5.87512e-06
6.7828e-11
5.87511e-06
-3.70307e-10
5.87516e-06
-5.82859e-10
5.87519e-06
-9.67749e-10
5.87523e-06
-6.34282e-10
5.87524e-06
-3.75069e-10
5.87524e-06
-8.513e-11
5.87522e-06
2.6129e-10
5.87526e-06
1.87992e-09
5.87535e-06
3.03418e-09
5.87536e-06
2.15269e-09
5.87536e-06
1.35521e-09
5.87533e-06
6.7493e-10
5.87532e-06
5.11642e-10
5.87529e-06
3.14717e-10
5.87528e-06
2.70594e-10
5.87527e-06
1.0738e-10
5.87527e-06
1.07366e-10
5.87526e-06
-5.0964e-12
5.87526e-06
2.60185e-11
5.87525e-06
-3.72755e-11
5.87526e-06
9.48272e-12
5.87525e-06
-4.62711e-11
5.87526e-06
9.27323e-12
5.87526e-06
-4.67166e-11
5.87526e-06
1.60208e-11
5.87526e-06
-4.24008e-11
5.87527e-06
1.94454e-11
5.87526e-06
-3.27826e-11
5.87527e-06
5.0006e-12
5.87527e-06
-3.01815e-11
5.87527e-06
-7.91701e-12
5.87527e-06
-4.24767e-11
5.87528e-06
-7.5385e-12
5.87528e-06
-4.98881e-11
5.87528e-06
-2.21514e-13
5.87528e-06
-5.05992e-11
5.87529e-06
1.09957e-11
5.87528e-06
-4.48034e-11
5.87529e-06
1.76351e-11
5.87529e-06
-3.2999e-11
5.8753e-06
7.07945e-12
5.8753e-06
-2.68314e-11
5.8753e-06
1.43694e-12
5.8753e-06
-2.91526e-11
5.8753e-06
4.56374e-13
5.8753e-06
-2.573e-11
5.87531e-06
2.41676e-12
5.8753e-06
-2.15616e-11
5.87531e-06
5.21959e-12
5.87531e-06
-1.78761e-11
5.87531e-06
8.7291e-12
5.87531e-06
-1.51263e-11
5.87531e-06
1.16766e-11
5.87531e-06
-1.33715e-11
5.87531e-06
1.26717e-11
5.87531e-06
-1.19845e-11
5.87531e-06
1.23581e-11
5.87531e-06
-9.80723e-12
5.87531e-06
1.51308e-11
5.87531e-06
-1.09034e-11
5.87531e-06
1.53405e-11
5.87531e-06
-1.23105e-11
5.87531e-06
1.36844e-11
5.87531e-06
-1.28766e-11
5.87531e-06
1.07046e-11
5.87531e-06
-2.57812e-11
5.87531e-06
-1.95258e-11
5.87534e-06
-1.64449e-10
-1.71408e-09
5.98489e-06
-2.99802e-09
5.98496e-06
-1.14268e-09
5.98505e-06
4.59367e-10
5.98506e-06
2.06301e-10
5.98504e-06
-1.59504e-10
5.98498e-06
-7.07022e-10
5.98493e-06
-5.43673e-10
5.98494e-06
1.11465e-09
5.98502e-06
2.37574e-09
5.98504e-06
1.73244e-09
5.98504e-06
8.84694e-10
5.98503e-06
4.61991e-10
5.98503e-06
2.24662e-10
5.98501e-06
-5.36292e-10
5.98497e-06
-1.047e-09
5.98495e-06
-1.03354e-09
5.98493e-06
-1.19632e-09
5.98492e-06
-1.14111e-09
5.98495e-06
-1.34368e-09
5.98498e-06
-1.56944e-09
5.98499e-06
-9.31012e-10
5.98496e-06
-3.2598e-10
5.98494e-06
2.28964e-10
5.9849e-06
3.39396e-10
5.98489e-06
4.28886e-10
5.98485e-06
3.1202e-10
5.98484e-06
4.27534e-10
5.98481e-06
1.54879e-10
5.98481e-06
2.63898e-10
5.98479e-06
-7.3126e-11
5.9848e-06
6.95312e-11
5.98479e-06
-3.76458e-10
5.98483e-06
-6.14025e-10
5.98486e-06
-1.00937e-09
5.98489e-06
-6.66658e-10
5.9849e-06
-3.90617e-10
5.9849e-06
-8.84124e-11
5.98489e-06
2.78882e-10
5.98492e-06
1.84491e-09
5.985e-06
2.95583e-09
5.98501e-06
2.12984e-09
5.98501e-06
1.36627e-09
5.98499e-06
6.90893e-10
5.98498e-06
5.27701e-10
5.98496e-06
3.32677e-10
5.98495e-06
2.84099e-10
5.98493e-06
1.17972e-10
5.98493e-06
1.13408e-10
5.98492e-06
-9.45547e-13
5.98492e-06
2.74345e-11
5.98492e-06
-3.59228e-11
5.98492e-06
9.06343e-12
5.98492e-06
-4.59634e-11
5.98492e-06
8.11601e-12
5.98492e-06
-4.7015e-11
5.98492e-06
1.44303e-11
5.98492e-06
-4.27021e-11
5.98493e-06
1.8082e-11
5.98493e-06
-3.35281e-11
5.98493e-06
3.18392e-12
5.98493e-06
-3.14377e-11
5.98494e-06
-1.03647e-11
5.98493e-06
-4.4147e-11
5.98494e-06
-1.03295e-11
5.98494e-06
-5.16918e-11
5.98494e-06
-2.98113e-12
5.98494e-06
-5.22437e-11
5.98495e-06
8.39578e-12
5.98494e-06
-4.5902e-11
5.98495e-06
1.57329e-11
5.98495e-06
-3.41369e-11
5.98496e-06
5.33239e-12
5.98495e-06
-2.82413e-11
5.98496e-06
-2.58513e-13
5.98496e-06
-3.04357e-11
5.98496e-06
-9.75024e-13
5.98496e-06
-2.66526e-11
5.98496e-06
1.11871e-12
5.98496e-06
-2.1954e-11
5.98496e-06
3.96383e-12
5.98496e-06
-1.78366e-11
5.98496e-06
7.64926e-12
5.98496e-06
-1.48992e-11
5.98497e-06
1.07812e-11
5.98496e-06
-1.28764e-11
5.98497e-06
1.18887e-11
5.98496e-06
-1.13634e-11
5.98497e-06
1.17268e-11
5.98496e-06
-9.29852e-12
5.98497e-06
1.45119e-11
5.98496e-06
-1.0506e-11
5.98497e-06
1.47679e-11
5.98496e-06
-1.20288e-11
5.98497e-06
1.32044e-11
5.98497e-06
-1.27404e-11
5.98497e-06
1.01096e-11
5.98497e-06
-2.58149e-11
5.98497e-06
-2.2972e-11
5.98499e-06
-1.91627e-10
-1.67778e-09
6.08022e-06
-2.92873e-09
6.08028e-06
-1.20943e-09
6.08036e-06
3.74104e-10
6.08037e-06
2.01443e-10
6.08035e-06
-1.39557e-10
6.08029e-06
-6.53865e-10
6.08025e-06
-4.88893e-10
6.08026e-06
1.09851e-09
6.08033e-06
2.30515e-09
6.08035e-06
1.70328e-09
6.08035e-06
8.83212e-10
6.08035e-06
4.65728e-10
6.08036e-06
2.17623e-10
6.08033e-06
-5.1111e-10
6.0803e-06
-1.00999e-09
6.08028e-06
-1.01574e-09
6.08026e-06
-1.16999e-09
6.08025e-06
-1.1329e-09
6.08028e-06
-1.36568e-09
6.0803e-06
-1.59683e-09
6.08031e-06
-9.34954e-10
6.08029e-06
-3.07885e-10
6.08027e-06
2.50514e-10
6.08023e-06
3.67632e-10
6.08022e-06
4.51717e-10
6.08019e-06
3.38003e-10
6.08018e-06
4.49884e-10
6.08015e-06
1.75743e-10
6.08015e-06
2.74338e-10
6.08013e-06
-6.34845e-11
6.08014e-06
7.14432e-11
6.08013e-06
-3.81101e-10
6.08017e-06
-6.43394e-10
6.08019e-06
-1.04816e-09
6.08022e-06
-6.97187e-10
6.08023e-06
-4.04941e-10
6.08023e-06
-9.13825e-11
6.08022e-06
2.94418e-10
6.08025e-06
1.81372e-09
6.08032e-06
2.88524e-09
6.08033e-06
2.10905e-09
6.08033e-06
1.37607e-09
6.08031e-06
7.04955e-10
6.0803e-06
5.41411e-10
6.08028e-06
3.48644e-10
6.08027e-06
2.95857e-10
6.08026e-06
1.27741e-10
6.08026e-06
1.18765e-10
6.08025e-06
2.98658e-12
6.08025e-06
2.86527e-11
6.08025e-06
-3.44184e-11
6.08025e-06
8.63476e-12
6.08025e-06
-4.53364e-11
6.08025e-06
7.00926e-12
6.08025e-06
-4.6936e-11
6.08025e-06
1.29336e-11
6.08025e-06
-4.25576e-11
6.08026e-06
1.68982e-11
6.08026e-06
-3.40561e-11
6.08026e-06
1.63756e-12
6.08026e-06
-3.26791e-11
6.08026e-06
-1.23259e-11
6.08026e-06
-4.58893e-11
6.08027e-06
-1.28013e-11
6.08026e-06
-5.31924e-11
6.08027e-06
-5.60387e-12
6.08027e-06
-5.35186e-11
6.08027e-06
5.94061e-12
6.08027e-06
-4.65492e-11
6.08028e-06
1.40564e-11
6.08028e-06
-3.48821e-11
6.08028e-06
3.61393e-12
6.08028e-06
-2.90591e-11
6.08028e-06
-2.03e-12
6.08028e-06
-3.11644e-11
6.08029e-06
-2.45868e-12
6.08028e-06
-2.73142e-11
6.08029e-06
5.14797e-15
6.08029e-06
-2.26144e-11
6.08029e-06
3.26386e-12
6.08029e-06
-1.84325e-11
6.08029e-06
7.17989e-12
6.08029e-06
-1.52958e-11
6.08029e-06
1.04639e-11
6.08029e-06
-1.31769e-11
6.08029e-06
1.17559e-11
6.08029e-06
-1.15802e-11
6.08029e-06
1.16527e-11
6.08029e-06
-9.43662e-12
6.08029e-06
1.42413e-11
6.08029e-06
-1.05671e-11
6.08029e-06
1.43886e-11
6.08029e-06
-1.20194e-11
6.08029e-06
1.27432e-11
6.08029e-06
-1.27458e-11
6.08029e-06
9.51907e-12
6.08029e-06
-2.59663e-11
6.0803e-06
-2.65523e-11
6.08031e-06
-2.1439e-10
-1.64319e-09
6.16374e-06
-2.86933e-09
6.16379e-06
-1.26728e-09
6.16387e-06
2.97533e-10
6.16387e-06
1.97541e-10
6.16385e-06
-1.20175e-10
6.1638e-06
-6.0417e-10
6.16376e-06
-4.39734e-10
6.16377e-06
1.0846e-09
6.16384e-06
2.23987e-09
6.16386e-06
1.67522e-09
6.16386e-06
8.80239e-10
6.16386e-06
4.66742e-10
6.16387e-06
2.10018e-10
6.16385e-06
-4.899e-10
6.16382e-06
-9.76678e-10
6.1638e-06
-9.98169e-10
6.16378e-06
-1.14577e-09
6.16377e-06
-1.12413e-09
6.16379e-06
-1.38749e-09
6.16382e-06
-1.62235e-09
6.16383e-06
-9.39888e-10
6.16381e-06
-2.90884e-10
6.16379e-06
2.68651e-10
6.16376e-06
3.93786e-10
6.16375e-06
4.70532e-10
6.16372e-06
3.62504e-10
6.16371e-06
4.68559e-10
6.16368e-06
1.97002e-10
6.16369e-06
2.82447e-10
6.16366e-06
-5.15557e-11
6.16367e-06
7.18196e-11
6.16366e-06
-3.82722e-10
6.1637e-06
-6.72033e-10
6.16372e-06
-1.08317e-09
6.16375e-06
-7.25873e-10
6.16376e-06
-4.17234e-10
6.16376e-06
-9.3678e-11
6.16375e-06
3.08345e-10
6.16377e-06
1.78603e-09
6.16384e-06
2.82184e-09
6.16385e-06
2.0916e-09
6.16385e-06
1.38415e-09
6.16383e-06
7.18416e-10
6.16382e-06
5.52842e-10
6.1638e-06
3.6349e-10
6.1638e-06
3.05724e-10
6.16378e-06
1.36984e-10
6.16378e-06
1.22829e-10
6.16378e-06
6.99428e-12
6.16378e-06
2.92859e-11
6.16377e-06
-3.25117e-11
6.16378e-06
7.89819e-12
6.16377e-06
-4.41602e-11
6.16378e-06
5.65847e-12
6.16377e-06
-4.6242e-11
6.16378e-06
1.11219e-11
6.16378e-06
-4.19063e-11
6.16378e-06
1.52675e-11
6.16378e-06
-3.40813e-11
6.16378e-06
-1.70377e-13
6.16378e-06
-3.32323e-11
6.16379e-06
-1.45025e-11
6.16378e-06
-4.66347e-11
6.16379e-06
-1.53514e-11
6.16379e-06
-5.39097e-11
6.16379e-06
-8.26693e-12
6.16379e-06
-5.40202e-11
6.16379e-06
3.28566e-12
6.16379e-06
-4.6578e-11
6.1638e-06
1.19979e-11
6.1638e-06
-3.52096e-11
6.1638e-06
1.90877e-12
6.1638e-06
-2.9723e-11
6.1638e-06
-3.55891e-12
6.1638e-06
-3.17068e-11
6.1638e-06
-3.76038e-12
6.1638e-06
-2.75909e-11
6.16381e-06
-1.224e-12
6.1638e-06
-2.24897e-11
6.16381e-06
2.00599e-12
6.16381e-06
-1.79849e-11
6.16381e-06
6.00311e-12
6.16381e-06
-1.47537e-11
6.16381e-06
9.37347e-12
6.16381e-06
-1.24605e-11
6.16381e-06
1.07135e-11
6.16381e-06
-1.08009e-11
6.16381e-06
1.07165e-11
6.16381e-06
-8.82171e-12
6.16381e-06
1.32517e-11
6.16381e-06
-1.0065e-11
6.16381e-06
1.34177e-11
6.16381e-06
-1.16263e-11
6.16381e-06
1.18634e-11
6.16381e-06
-1.24887e-11
6.16381e-06
8.54996e-12
6.16381e-06
-2.5817e-11
6.16381e-06
-3.02958e-11
6.16383e-06
-2.34857e-10
-1.60973e-09
6.23728e-06
-2.81013e-09
6.23733e-06
-1.32102e-09
6.2374e-06
2.28291e-10
6.2374e-06
1.9482e-10
6.23738e-06
-1.00503e-10
6.23733e-06
-5.56476e-10
6.23729e-06
-3.932e-10
6.2373e-06
1.0712e-09
6.23736e-06
2.17929e-09
6.23739e-06
1.64746e-09
6.23739e-06
8.75567e-10
6.23739e-06
4.6575e-10
6.2374e-06
2.01472e-10
6.23738e-06
-4.71283e-10
6.23735e-06
-9.45964e-10
6.23734e-06
-9.81077e-10
6.23732e-06
-1.12208e-09
6.23731e-06
-1.1158e-09
6.23733e-06
-1.40778e-09
6.23735e-06
-1.64747e-09
6.23736e-06
-9.45233e-10
6.23734e-06
-2.75376e-10
6.23733e-06
2.85437e-10
6.2373e-06
4.17614e-10
6.23729e-06
4.87696e-10
6.23726e-06
3.84584e-10
6.23726e-06
4.86206e-10
6.23723e-06
2.16574e-10
6.23723e-06
2.90106e-10
6.23721e-06
-4.09754e-11
6.23722e-06
7.27315e-11
6.23721e-06
-3.84317e-10
6.23724e-06
-6.99341e-10
6.23727e-06
-1.11727e-09
6.2373e-06
-7.53452e-10
6.23731e-06
-4.29056e-10
6.23731e-06
-9.5954e-11
6.23729e-06
3.20407e-10
6.23732e-06
1.76059e-09
6.23737e-06
2.76412e-09
6.23739e-06
2.07561e-09
6.23738e-06
1.3924e-09
6.23737e-06
7.30971e-10
6.23736e-06
5.63443e-10
6.23734e-06
3.77029e-10
6.23734e-06
3.14636e-10
6.23733e-06
1.45332e-10
6.23733e-06
1.26491e-10
6.23732e-06
1.044e-11
6.23732e-06
2.97829e-11
6.23732e-06
-3.08574e-11
6.23732e-06
7.21785e-12
6.23732e-06
-4.30513e-11
6.23732e-06
4.48804e-12
6.23732e-06
-4.55166e-11
6.23732e-06
9.59154e-12
6.23732e-06
-4.10944e-11
6.23732e-06
1.4064e-11
6.23732e-06
-3.40391e-11
6.23733e-06
-1.53712e-12
6.23732e-06
-3.38446e-11
6.23733e-06
-1.6082e-11
6.23733e-06
-4.75863e-11
6.23733e-06
-1.74255e-11
6.23733e-06
-5.45037e-11
6.23733e-06
-1.05392e-11
6.23733e-06
-5.43444e-11
6.23733e-06
1.07562e-12
6.23733e-06
-4.63303e-11
6.23734e-06
1.04973e-11
6.23733e-06
-3.52425e-11
6.23734e-06
4.7301e-13
6.23734e-06
-2.98687e-11
6.23734e-06
-4.97452e-12
6.23734e-06
-3.17779e-11
6.23734e-06
-4.938e-12
6.23734e-06
-2.76736e-11
6.23734e-06
-2.12143e-12
6.23734e-06
-2.26744e-11
6.23734e-06
1.40911e-12
6.23734e-06
-1.82198e-11
6.23734e-06
5.51473e-12
6.23734e-06
-1.48854e-11
6.23734e-06
8.93887e-12
6.23734e-06
-1.25855e-11
6.23734e-06
1.03855e-11
6.23734e-06
-1.09169e-11
6.23734e-06
1.03961e-11
6.23734e-06
-8.92252e-12
6.23734e-06
1.2688e-11
6.23734e-06
-1.01033e-11
6.23735e-06
1.27327e-11
6.23734e-06
-1.16009e-11
6.23735e-06
1.11088e-11
6.23735e-06
-1.24653e-11
6.23735e-06
7.69826e-12
6.23735e-06
-2.5906e-11
6.23735e-06
-3.39977e-11
6.23737e-06
-2.52168e-10
-1.57831e-09
6.30219e-06
-2.75987e-09
6.30224e-06
-1.36828e-09
6.3023e-06
1.65516e-10
6.3023e-06
1.9309e-10
6.30228e-06
-8.09729e-11
6.30224e-06
-5.11055e-10
6.3022e-06
-3.50665e-10
6.3022e-06
1.06011e-09
6.30226e-06
2.12324e-09
6.30229e-06
1.62124e-09
6.30229e-06
8.70429e-10
6.30229e-06
4.63195e-10
6.3023e-06
1.92829e-10
6.30229e-06
-4.55884e-10
6.30226e-06
-9.18533e-10
6.30224e-06
-9.64735e-10
6.30222e-06
-1.10064e-09
6.30221e-06
-1.10711e-09
6.30224e-06
-1.42823e-09
6.30226e-06
-1.67128e-09
6.30227e-06
-9.51333e-10
6.30225e-06
-2.60302e-10
6.30224e-06
2.99785e-10
6.30221e-06
4.40198e-10
6.30221e-06
5.01624e-10
6.30218e-06
4.05458e-10
6.30217e-06
5.00447e-10
6.30215e-06
2.36259e-10
6.30215e-06
2.95374e-10
6.30213e-06
-2.86471e-11
6.30214e-06
7.1897e-11
6.30213e-06
-3.83576e-10
6.30216e-06
-7.26637e-10
6.30219e-06
-1.14874e-09
6.30221e-06
-7.79873e-10
6.30222e-06
-4.39321e-10
6.30222e-06
-9.77778e-11
6.30221e-06
3.31051e-10
6.30223e-06
1.73757e-09
6.30228e-06
2.71161e-09
6.3023e-06
2.06228e-09
6.30229e-06
1.39944e-09
6.30228e-06
7.4361e-10
6.30227e-06
5.72685e-10
6.30226e-06
3.90155e-10
6.30225e-06
3.2223e-10
6.30224e-06
1.53364e-10
6.30224e-06
1.28986e-10
6.30223e-06
1.3884e-11
6.30224e-06
2.96476e-11
6.30223e-06
-2.89515e-11
6.30223e-06
6.15423e-12
6.30223e-06
-4.15441e-11
6.30223e-06
3.01675e-12
6.30223e-06
-4.42996e-11
6.30223e-06
7.72903e-12
6.30223e-06
-3.98669e-11
6.30224e-06
1.24288e-11
6.30223e-06
-3.35455e-11
6.30224e-06
-3.13247e-12
6.30224e-06
-3.38064e-11
6.30224e-06
-1.78254e-11
6.30224e-06
-4.75474e-11
6.30224e-06
-1.94955e-11
6.30224e-06
-5.43195e-11
6.30224e-06
-1.27729e-11
6.30224e-06
-5.38935e-11
6.30224e-06
-1.23945e-12
6.30224e-06
-4.546e-11
6.30225e-06
8.7104e-12
6.30224e-06
-3.48241e-11
6.30225e-06
-8.73089e-13
6.30225e-06
-2.98282e-11
6.30225e-06
-6.10022e-12
6.30225e-06
-3.16487e-11
6.30225e-06
-5.89663e-12
6.30225e-06
-2.73805e-11
6.30225e-06
-3.09232e-12
6.30225e-06
-2.21085e-11
6.30225e-06
3.18141e-13
6.30225e-06
-1.74399e-11
6.30225e-06
4.40151e-12
6.30225e-06
-1.41186e-11
6.30225e-06
7.80654e-12
6.30225e-06
-1.17398e-11
6.30225e-06
9.22945e-12
6.30225e-06
-1.00731e-11
6.30225e-06
9.29512e-12
6.30225e-06
-8.29669e-12
6.30225e-06
1.1477e-11
6.30225e-06
-9.60116e-12
6.30225e-06
1.15179e-11
6.30225e-06
-1.12036e-11
6.30225e-06
9.98714e-12
6.30225e-06
-1.21975e-11
6.30225e-06
6.50826e-12
6.30225e-06
-2.57091e-11
6.30226e-06
-3.7784e-11
6.30227e-06
-2.67797e-10
-1.54803e-09
6.3595e-06
-2.70935e-09
6.35955e-06
-1.41369e-09
6.3596e-06
1.08082e-10
6.3596e-06
1.92593e-10
6.35958e-06
-6.09312e-11
6.35954e-06
-4.66745e-10
6.3595e-06
-3.09393e-10
6.35951e-06
1.04936e-09
6.35956e-06
2.07115e-09
6.35959e-06
1.59548e-09
6.35959e-06
8.6427e-10
6.35959e-06
4.59586e-10
6.3596e-06
1.83628e-10
6.35959e-06
-4.42157e-10
6.35957e-06
-8.93102e-10
6.35955e-06
-9.49127e-10
6.35953e-06
-1.07958e-09
6.35952e-06
-1.09903e-09
6.35954e-06
-1.44733e-09
6.35957e-06
-1.69535e-09
6.35958e-06
-9.57476e-10
6.35956e-06
-2.46413e-10
6.35955e-06
3.13775e-10
6.35953e-06
4.60943e-10
6.35952e-06
5.14881e-10
6.35949e-06
4.24001e-10
6.35949e-06
5.14366e-10
6.35947e-06
2.53823e-10
6.35947e-06
3.00688e-10
6.35945e-06
-1.85762e-11
6.35946e-06
7.18327e-11
6.35945e-06
-3.83792e-10
6.35948e-06
-7.52881e-10
6.35951e-06
-1.1806e-09
6.35953e-06
-8.0571e-10
6.35954e-06
-4.49665e-10
6.35954e-06
-9.98292e-11
6.35953e-06
3.3998e-10
6.35955e-06
1.71582e-09
6.3596e-06
2.66315e-09
6.35961e-06
2.04945e-09
6.3596e-06
1.40703e-09
6.35959e-06
7.55558e-10
6.35958e-06
5.8186e-10
6.35957e-06
4.02378e-10
6.35956e-06
3.29486e-10
6.35955e-06
1.60587e-10
6.35955e-06
1.31404e-10
6.35955e-06
1.66435e-11
6.35955e-06
2.94933e-11
6.35955e-06
-2.75239e-11
6.35955e-06
5.21897e-12
6.35955e-06
-4.03541e-11
6.35955e-06
1.8197e-12
6.35955e-06
-4.32922e-11
6.35955e-06
6.26762e-12
6.35955e-06
-3.86807e-11
6.35955e-06
1.13814e-11
6.35955e-06
-3.30849e-11
6.35955e-06
-4.17428e-12
6.35955e-06
-3.38747e-11
6.35955e-06
-1.89027e-11
6.35955e-06
-4.78117e-11
6.35955e-06
-2.09939e-11
6.35955e-06
-5.41348e-11
6.35955e-06
-1.44446e-11
6.35955e-06
-5.33987e-11
6.35955e-06
-2.90848e-12
6.35955e-06
-4.44346e-11
6.35956e-06
7.70423e-12
6.35955e-06
-3.41772e-11
6.35956e-06
-1.78796e-12
6.35956e-06
-2.93223e-11
6.35956e-06
-6.98764e-12
6.35956e-06
-3.11057e-11
6.35956e-06
-6.61534e-12
6.35956e-06
-2.69378e-11
6.35956e-06
-3.63645e-12
6.35956e-06
-2.18776e-11
6.35956e-06
-4.96963e-14
6.35956e-06
-1.73797e-11
6.35956e-06
4.01529e-12
6.35956e-06
-1.40591e-11
6.35956e-06
7.37307e-12
6.35956e-06
-1.17631e-11
6.35956e-06
8.82298e-12
6.35956e-06
-1.01614e-11
6.35956e-06
8.84319e-12
6.35956e-06
-8.42833e-12
6.35956e-06
1.07426e-11
6.35956e-06
-9.68701e-12
6.35956e-06
1.06536e-11
6.35956e-06
-1.12309e-11
6.35956e-06
9.0667e-12
6.35956e-06
-1.22135e-11
6.35956e-06
5.51876e-12
6.35956e-06
-2.58224e-11
6.35957e-06
-4.14212e-11
6.35958e-06
-2.81058e-10
-1.51936e-09
6.41002e-06
-2.66687e-09
6.41006e-06
-1.45434e-09
6.41011e-06
5.54987e-11
6.41011e-06
1.92919e-10
6.41009e-06
-4.09565e-11
6.41005e-06
-4.24087e-10
6.41001e-06
-2.71167e-10
6.41002e-06
1.04079e-09
6.41007e-06
2.02291e-09
6.41009e-06
1.57137e-09
6.4101e-06
8.58175e-10
6.4101e-06
4.55139e-10
6.41011e-06
1.74711e-10
6.4101e-06
-4.30845e-10
6.41008e-06
-8.70365e-10
6.41006e-06
-9.34354e-10
6.41004e-06
-1.06063e-09
6.41003e-06
-1.09069e-09
6.41006e-06
-1.46684e-09
6.41008e-06
-1.71863e-09
6.41009e-06
-9.642e-10
6.41007e-06
-2.32597e-10
6.41006e-06
3.25979e-10
6.41004e-06
4.80987e-10
6.41003e-06
5.25608e-10
6.41001e-06
4.41632e-10
6.41001e-06
5.25332e-10
6.40999e-06
2.71377e-10
6.40999e-06
3.03807e-10
6.40997e-06
-7.14271e-12
6.40998e-06
7.00019e-11
6.40997e-06
-3.82209e-10
6.41e-06
-7.79493e-10
6.41003e-06
-1.21069e-09
6.41005e-06
-8.30836e-10
6.41006e-06
-4.58824e-10
6.41006e-06
-1.01625e-10
6.41005e-06
3.47614e-10
6.41007e-06
1.69577e-09
6.41011e-06
2.61854e-09
6.41012e-06
2.03856e-09
6.41012e-06
1.41348e-09
6.41011e-06
7.67697e-10
6.4101e-06
5.90115e-10
6.41008e-06
4.14549e-10
6.41008e-06
3.35871e-10
6.41007e-06
1.67684e-10
6.41007e-06
1.32864e-10
6.41007e-06
1.94118e-11
6.41007e-06
2.87656e-11
6.41007e-06
-2.59261e-11
6.41007e-06
3.9037e-12
6.41007e-06
-3.88777e-11
6.41007e-06
3.18908e-13
6.41007e-06
-4.1904e-11
6.41007e-06
4.49254e-12
6.41007e-06
-3.71733e-11
6.41007e-06
9.93508e-12
6.41007e-06
-3.22249e-11
6.41007e-06
-5.40473e-12
6.41007e-06
-3.33363e-11
6.41007e-06
-2.00967e-11
6.41007e-06
-4.71115e-11
6.41007e-06
-2.24172e-11
6.41007e-06
-5.32025e-11
6.41007e-06
-1.60044e-11
6.41007e-06
-5.21611e-11
6.41007e-06
-4.59352e-12
6.41007e-06
-4.28197e-11
6.41007e-06
6.49557e-12
6.41007e-06
-3.30769e-11
6.41007e-06
-2.55079e-12
6.41007e-06
-2.86286e-11
6.41007e-06
-7.55094e-12
6.41007e-06
-3.03739e-11
6.41007e-06
-7.08812e-12
6.41007e-06
-2.61486e-11
6.41007e-06
-4.22064e-12
6.41007e-06
-2.09443e-11
6.41007e-06
-8.59314e-13
6.41007e-06
-1.6349e-11
6.41007e-06
3.07231e-12
6.41007e-06
-1.31496e-11
6.41007e-06
6.30849e-12
6.41007e-06
-1.0866e-11
6.41007e-06
7.66298e-12
6.41007e-06
-9.32981e-12
6.41007e-06
7.68841e-12
6.41007e-06
-7.86248e-12
6.41007e-06
9.43278e-12
6.41007e-06
-9.25576e-12
6.41007e-06
9.32502e-12
6.41007e-06
-1.09e-11
6.41007e-06
7.83704e-12
6.41007e-06
-1.20031e-11
6.41008e-06
4.24036e-12
6.41007e-06
-2.56623e-11
6.41008e-06
-4.50752e-11
6.41009e-06
-2.93018e-10
-1.49152e-09
6.45438e-06
-2.62371e-09
6.45441e-06
-1.49457e-09
6.45446e-06
6.8991e-12
6.45446e-06
1.94358e-10
6.45444e-06
-2.04778e-11
6.4544e-06
-3.82082e-10
6.45436e-06
-2.33486e-10
6.45437e-06
1.03241e-09
6.45441e-06
1.978e-09
6.45444e-06
1.54774e-09
6.45444e-06
8.51438e-10
6.45445e-06
4.50198e-10
6.45445e-06
1.65542e-10
6.45445e-06
-4.20481e-10
6.45443e-06
-8.49053e-10
6.45441e-06
-9.20283e-10
6.45439e-06
-1.04188e-09
6.45439e-06
-1.08301e-09
6.45441e-06
-1.48519e-09
6.45443e-06
-1.74259e-09
6.45444e-06
-9.70773e-10
6.45443e-06
-2.1973e-10
6.45441e-06
3.38391e-10
6.45439e-06
4.99608e-10
6.45439e-06
5.36317e-10
6.45437e-06
4.57207e-10
6.45436e-06
5.36484e-10
6.45435e-06
2.86789e-10
6.45435e-06
3.07276e-10
6.45433e-06
1.6478e-12
6.45434e-06
6.90249e-11
6.45433e-06
-3.82068e-10
6.45436e-06
-8.05324e-10
6.45439e-06
-1.24196e-09
6.45441e-06
-8.5578e-10
6.45442e-06
-4.68417e-10
6.45442e-06
-1.03834e-10
6.45441e-06
3.53619e-10
6.45443e-06
1.6764e-09
6.45447e-06
2.57689e-09
6.45448e-06
2.02754e-09
6.45448e-06
1.42052e-09
6.45446e-06
7.79122e-10
6.45446e-06
5.98594e-10
6.45444e-06
4.26038e-10
6.45444e-06
3.42284e-10
6.45443e-06
1.7412e-10
6.45443e-06
1.34485e-10
6.45443e-06
2.15109e-11
6.45443e-06
2.81124e-11
6.45443e-06
-2.48843e-11
6.45443e-06
2.75529e-12
6.45443e-06
-3.78308e-11
6.45443e-06
-8.72952e-13
6.45443e-06
-4.08424e-11
6.45443e-06
3.15694e-12
6.45443e-06
-3.58032e-11
6.45443e-06
9.14222e-12
6.45443e-06
-3.14431e-11
6.45443e-06
-6.03617e-12
6.45443e-06
-3.29199e-11
6.45443e-06
-2.06022e-11
6.45443e-06
-4.67599e-11
6.45443e-06
-2.32378e-11
6.45443e-06
-5.23255e-11
6.45443e-06
-1.69298e-11
6.45443e-06
-5.09406e-11
6.45443e-06
-5.55057e-12
6.45442e-06
-4.11029e-11
6.45443e-06
6.16479e-12
6.45443e-06
-3.17833e-11
6.45443e-06
-2.81352e-12
6.45443e-06
-2.75007e-11
6.45443e-06
-7.82394e-12
6.45442e-06
-2.92621e-11
6.45443e-06
-7.27422e-12
6.45442e-06
-2.52334e-11
6.45442e-06
-4.34472e-12
6.45442e-06
-2.03547e-11
6.45442e-06
-9.33599e-13
6.45442e-06
-1.60528e-11
6.45442e-06
2.85458e-12
6.45442e-06
-1.29554e-11
6.45442e-06
5.94797e-12
6.45442e-06
-1.0838e-11
6.45442e-06
7.25582e-12
6.45442e-06
-9.43392e-12
6.45442e-06
7.18799e-12
6.45442e-06
-8.05844e-12
6.45442e-06
8.61955e-12
6.45442e-06
-9.41861e-12
6.45443e-06
8.37818e-12
6.45443e-06
-1.10055e-11
6.45443e-06
6.84819e-12
6.45443e-06
-1.20836e-11
6.45443e-06
3.20656e-12
6.45443e-06
-2.58328e-11
6.45443e-06
-4.85217e-11
6.45444e-06
-3.03086e-10
-1.46491e-09
6.49308e-06
-2.58789e-09
6.49312e-06
-1.5312e-09
6.49316e-06
-3.79981e-11
6.49316e-06
1.9643e-10
6.49314e-06
-1.20668e-13
6.4931e-06
-3.4141e-10
6.49307e-06
-1.98312e-10
6.49307e-06
1.02601e-09
6.49311e-06
1.93639e-09
6.49314e-06
1.52575e-09
6.49314e-06
8.45048e-10
6.49315e-06
4.44844e-10
6.49316e-06
1.56898e-10
6.49315e-06
-4.11919e-10
6.49313e-06
-8.29894e-10
6.49312e-06
-9.06959e-10
6.4931e-06
-1.02503e-09
6.49309e-06
-1.0751e-09
6.49311e-06
-1.50413e-09
6.49314e-06
-1.76612e-09
6.49315e-06
-9.77819e-10
6.49313e-06
-2.0669e-10
6.49312e-06
3.49429e-10
6.4931e-06
5.1792e-10
6.49309e-06
5.45015e-10
6.49308e-06
4.72172e-10
6.49307e-06
5.45094e-10
6.49306e-06
3.02246e-10
6.49306e-06
3.0876e-10
6.49305e-06
1.16317e-11
6.49305e-06
6.63156e-11
6.49305e-06
-3.80426e-10
6.49307e-06
-8.31784e-10
6.4931e-06
-1.27204e-09
6.49312e-06
-8.80332e-10
6.49313e-06
-4.77074e-10
6.49313e-06
-1.05929e-10
6.49313e-06
3.58412e-10
6.49314e-06
1.6583e-09
6.49318e-06
2.53821e-09
6.49319e-06
2.01797e-09
6.49319e-06
1.42641e-09
6.49317e-06
7.90676e-10
6.49317e-06
6.06306e-10
6.49316e-06
4.37642e-10
6.49315e-06
3.48096e-10
6.49314e-06
1.80588e-10
6.49314e-06
1.35323e-10
6.49314e-06
2.36739e-11
6.49314e-06
2.6959e-11
6.49314e-06
-2.36886e-11
6.49314e-06
1.2463e-12
6.49314e-06
-3.65481e-11
6.49314e-06
-2.36707e-12
6.49314e-06
-3.94579e-11
6.49314e-06
1.51298e-12
6.49314e-06
-3.41646e-11
6.49314e-06
7.96408e-12
6.49314e-06
-3.03008e-11
6.49314e-06
-6.83677e-12
6.49314e-06
-3.19327e-11
6.49314e-06
-2.12011e-11
6.49314e-06
-4.54592e-11
6.49314e-06
-2.3942e-11
6.49314e-06
-5.07273e-11
6.49314e-06
-1.77123e-11
6.49314e-06
-4.90057e-11
6.49314e-06
-6.48969e-12
6.49313e-06
-3.88276e-11
6.49314e-06
5.66278e-12
6.49313e-06
-3.00514e-11
6.49314e-06
-2.9029e-12
6.49313e-06
-2.62035e-11
6.49314e-06
-7.76927e-12
6.49313e-06
-2.79905e-11
6.49313e-06
-7.21595e-12
6.49313e-06
-2.40131e-11
6.49313e-06
-4.50595e-12
6.49313e-06
-1.91123e-11
6.49313e-06
-1.43012e-12
6.49313e-06
-1.48179e-11
6.49313e-06
2.12166e-12
6.49313e-06
-1.19458e-11
6.49313e-06
4.99832e-12
6.49313e-06
-9.92015e-12
6.49313e-06
6.1467e-12
6.49313e-06
-8.63368e-12
6.49313e-06
6.04503e-12
6.49313e-06
-7.56428e-12
6.49313e-06
7.28853e-12
6.49313e-06
-9.06798e-12
6.49313e-06
7.02057e-12
6.49313e-06
-1.07492e-11
6.49313e-06
5.59871e-12
6.49313e-06
-1.19434e-11
6.49314e-06
1.9215e-12
6.49314e-06
-2.57261e-11
6.49314e-06
-5.19327e-11
6.49315e-06
-3.12081e-10
-1.43883e-09
6.52657e-06
-2.55106e-09
6.5266e-06
-1.56835e-09
6.52664e-06
-7.98343e-11
6.52664e-06
1.99502e-10
6.52662e-06
2.06661e-11
6.52658e-06
-3.01145e-10
6.52655e-06
-1.63304e-10
6.52655e-06
1.01963e-09
6.52659e-06
1.89758e-09
6.52661e-06
1.50419e-09
6.52662e-06
8.38207e-10
6.52662e-06
4.39307e-10
6.52663e-06
1.48186e-10
6.52662e-06
-4.03789e-10
6.52661e-06
-8.11675e-10
6.52659e-06
-8.94187e-10
6.52658e-06
-1.00819e-09
6.52657e-06
-1.06782e-09
6.52659e-06
-1.52208e-09
6.52662e-06
-1.79062e-09
6.52662e-06
-9.84593e-10
6.52661e-06
-1.94407e-10
6.5266e-06
3.61017e-10
6.52658e-06
5.35126e-10
6.52658e-06
5.54137e-10
6.52656e-06
4.85376e-10
6.52656e-06
5.54285e-10
6.52654e-06
3.15682e-10
6.52654e-06
3.10834e-10
6.52653e-06
1.88438e-11
6.52654e-06
6.4512e-11
6.52653e-06
-3.8046e-10
6.52656e-06
-8.5766e-10
6.52659e-06
-1.30381e-09
6.52661e-06
-9.04979e-10
6.52662e-06
-4.86394e-10
6.52662e-06
-1.08569e-10
6.52662e-06
3.61643e-10
6.52663e-06
1.64052e-09
6.52667e-06
2.50176e-09
6.52668e-06
2.00787e-09
6.52667e-06
1.43287e-09
6.52666e-06
8.01441e-10
6.52665e-06
6.14323e-10
6.52664e-06
4.48653e-10
6.52664e-06
3.54141e-10
6.52663e-06
1.86512e-10
6.52663e-06
1.36493e-10
6.52663e-06
2.52262e-11
6.52663e-06
2.59619e-11
6.52663e-06
-2.30597e-11
6.52663e-06
-6.26081e-14
6.52663e-06
-3.57399e-11
6.52663e-06
-3.53116e-12
6.52663e-06
-3.84571e-11
6.52663e-06
3.29718e-13
6.52663e-06
-3.27124e-11
6.52663e-06
7.47208e-12
6.52663e-06
-2.92531e-11
6.52663e-06
-7.02082e-12
6.52663e-06
-3.10717e-11
6.52663e-06
-2.11105e-11
6.52663e-06
-4.45428e-11
6.52663e-06
-2.40502e-11
6.52662e-06
-4.9223e-11
6.52662e-06
-1.78424e-11
6.52662e-06
-4.71349e-11
6.52662e-06
-6.67754e-12
6.52662e-06
-3.64958e-11
6.52662e-06
6.06833e-12
6.52662e-06
-2.81614e-11
6.52662e-06
-2.48105e-12
6.52662e-06
-2.45048e-11
6.52662e-06
-7.4214e-12
6.52661e-06
-2.63686e-11
6.52662e-06
-6.86691e-12
6.52661e-06
-2.26866e-11
6.52661e-06
-4.2064e-12
6.52661e-06
-1.82216e-11
6.52661e-06
-1.19953e-12
6.52661e-06
-1.43354e-11
6.52661e-06
2.09512e-12
6.52661e-06
-1.16566e-11
6.52661e-06
4.7455e-12
6.52661e-06
-9.86805e-12
6.52661e-06
5.7857e-12
6.52661e-06
-8.76822e-12
6.52661e-06
5.55311e-12
6.52661e-06
-7.8276e-12
6.52661e-06
6.4627e-12
6.52661e-06
-9.3042e-12
6.52661e-06
6.06248e-12
6.52661e-06
-1.09254e-11
6.52662e-06
4.6121e-12
6.52661e-06
-1.20828e-11
6.52662e-06
9.08226e-13
6.52662e-06
-2.59508e-11
6.52662e-06
-5.51032e-11
6.52663e-06
-3.19517e-10
-1.41371e-09
6.55517e-06
-2.52098e-09
6.55521e-06
-1.60277e-09
6.55524e-06
-1.18797e-10
6.55524e-06
2.03081e-10
6.55522e-06
4.12565e-11
6.55518e-06
-2.62026e-10
6.55515e-06
-1.30466e-10
6.55515e-06
1.01499e-09
6.55519e-06
1.86157e-09
6.55521e-06
1.48417e-09
6.55521e-06
8.3183e-10
6.55522e-06
4.3359e-10
6.55523e-06
1.40106e-10
6.55522e-06
-3.97013e-10
6.5552e-06
-7.95154e-10
6.55519e-06
-8.82001e-10
6.55518e-06
-9.93021e-10
6.55517e-06
-1.06029e-09
6.55519e-06
-1.54072e-09
6.55522e-06
-1.815e-09
6.55522e-06
-9.91749e-10
6.55521e-06
-1.81757e-10
6.5552e-06
3.7151e-10
6.55518e-06
5.52285e-10
6.55518e-06
5.61652e-10
6.55516e-06
4.98216e-10
6.55516e-06
5.6132e-10
6.55515e-06
3.2923e-10
6.55515e-06
3.11182e-10
6.55514e-06
2.71955e-11
6.55514e-06
6.1046e-11
6.55514e-06
-3.79184e-10
6.55517e-06
-8.84294e-10
6.55519e-06
-1.33484e-09
6.55522e-06
-9.29424e-10
6.55522e-06
-4.94943e-10
6.55523e-06
-1.11188e-10
6.55522e-06
3.63739e-10
6.55524e-06
1.62374e-09
6.55527e-06
2.4677e-09
6.55528e-06
1.99889e-09
6.55528e-06
1.43816e-09
6.55527e-06
8.12257e-10
6.55526e-06
6.21624e-10
6.55525e-06
4.5982e-10
6.55524e-06
3.5975e-10
6.55524e-06
1.92554e-10
6.55524e-06
1.3701e-10
6.55523e-06
2.69017e-11
6.55524e-06
2.45462e-11
6.55523e-06
-2.22736e-11
6.55524e-06
-1.69296e-12
6.55523e-06
-3.4723e-11
6.55524e-06
-4.97678e-12
6.55523e-06
-3.7173e-11
6.55524e-06
-1.13583e-12
6.55523e-06
-3.10336e-11
6.55524e-06
6.6085e-12
6.55523e-06
-2.7869e-11
6.55524e-06
-7.35805e-12
6.55523e-06
-2.9676e-11
6.55523e-06
-2.11046e-11
6.55523e-06
-4.27059e-11
6.55523e-06
-2.40239e-11
6.55523e-06
-4.70415e-11
6.55523e-06
-1.7823e-11
6.55523e-06
-4.46022e-11
6.55523e-06
-6.83518e-12
6.55522e-06
-3.36644e-11
6.55522e-06
6.29905e-12
6.55522e-06
-2.58672e-11
6.55522e-06
-1.89163e-12
6.55522e-06
-2.26794e-11
6.55522e-06
-6.76461e-12
6.55522e-06
-2.46332e-11
6.55522e-06
-6.29231e-12
6.55521e-06
-2.11071e-11
6.55521e-06
-3.95563e-12
6.55521e-06
-1.67318e-11
6.55521e-06
-1.38655e-12
6.55521e-06
-1.2951e-11
6.55521e-06
1.57876e-12
6.55521e-06
-1.05858e-11
6.55521e-06
3.93368e-12
6.55521e-06
-8.95307e-12
6.55521e-06
4.76298e-12
6.55521e-06
-8.01158e-12
6.55521e-06
4.46781e-12
6.55521e-06
-7.40658e-12
6.55521e-06
5.16835e-12
6.55521e-06
-9.02789e-12
6.55521e-06
4.74057e-12
6.55521e-06
-1.07354e-11
6.55522e-06
3.40798e-12
6.55522e-06
-1.20047e-11
6.55522e-06
-3.21838e-13
6.55522e-06
-2.58938e-11
6.55522e-06
-5.8196e-11
6.55523e-06
-3.26054e-10
-1.38882e-09
6.57918e-06
-2.48961e-09
6.57921e-06
-1.63838e-09
6.57925e-06
-1.55354e-10
6.57925e-06
2.07577e-10
6.57922e-06
6.22133e-11
6.57919e-06
-2.23156e-10
6.57916e-06
-9.75926e-11
6.57916e-06
1.01021e-09
6.57919e-06
1.82787e-09
6.57921e-06
1.46448e-09
6.57922e-06
8.25076e-10
6.57922e-06
4.27837e-10
6.57923e-06
1.32047e-10
6.57922e-06
-3.90324e-10
6.57921e-06
-7.79183e-10
6.5792e-06
-8.7018e-10
6.57918e-06
-9.77658e-10
6.57918e-06
-1.05325e-09
6.5792e-06
-1.55849e-09
6.57922e-06
-1.84054e-09
6.57923e-06
-9.98565e-10
6.57922e-06
-1.69684e-10
6.57921e-06
3.82771e-10
6.57919e-06
5.68612e-10
6.57918e-06
5.69868e-10
6.57917e-06
5.0959e-10
6.57917e-06
5.69203e-10
6.57916e-06
3.40981e-10
6.57916e-06
3.1227e-10
6.57915e-06
3.28053e-11
6.57915e-06
5.85244e-11
6.57915e-06
-3.79614e-10
6.57918e-06
-9.10522e-10
6.57921e-06
-1.36787e-09
6.57923e-06
-9.54172e-10
6.57924e-06
-5.04274e-10
6.57924e-06
-1.14416e-10
6.57924e-06
3.64345e-10
6.57925e-06
1.60707e-09
6.57929e-06
2.43539e-09
6.57929e-06
1.98917e-09
6.57929e-06
1.44398e-09
6.57928e-06
8.22236e-10
6.57927e-06
6.29218e-10
6.57926e-06
4.70435e-10
6.57925e-06
3.65674e-10
6.57925e-06
1.98141e-10
6.57925e-06
1.37957e-10
6.57925e-06
2.80289e-11
6.57925e-06
2.33361e-11
6.57925e-06
-2.20261e-11
6.57925e-06
-3.10565e-12
6.57925e-06
-3.41762e-11
6.57925e-06
-6.08682e-12
6.57925e-06
-3.6279e-11
6.57925e-06
-2.14361e-12
6.57925e-06
-2.95466e-11
6.57925e-06
6.4396e-12
6.57925e-06
-2.6584e-11
6.57925e-06
-7.08723e-12
6.57925e-06
-2.84081e-11
6.57925e-06
-2.04322e-11
6.57924e-06
-4.12816e-11
6.57924e-06
-2.34423e-11
6.57924e-06
-4.49854e-11
6.57924e-06
-1.71838e-11
6.57924e-06
-4.21725e-11
6.57924e-06
-6.28036e-12
6.57923e-06
-3.08162e-11
6.57923e-06
7.41024e-12
6.57923e-06
-2.3462e-11
6.57923e-06
-8.29245e-13
6.57923e-06
-2.04937e-11
6.57923e-06
-5.85116e-12
6.57923e-06
-2.25821e-11
6.57923e-06
-5.45796e-12
6.57922e-06
-1.94445e-11
6.57922e-06
-3.2711e-12
6.57922e-06
-1.56035e-11
6.57922e-06
-8.73266e-13
6.57922e-06
-1.23311e-11
6.57922e-06
1.73864e-12
6.57922e-06
-1.02332e-11
6.57922e-06
3.8017e-12
6.57922e-06
-8.89198e-12
6.57922e-06
4.47653e-12
6.57922e-06
-8.17721e-12
6.57922e-06
4.02413e-12
6.57922e-06
-7.72697e-12
6.57922e-06
4.37982e-12
6.57922e-06
-9.31823e-12
6.57922e-06
3.82529e-12
6.57922e-06
-1.09602e-11
6.57922e-06
2.47564e-12
6.57922e-06
-1.21837e-11
6.57923e-06
-1.2674e-12
6.57923e-06
-2.61543e-11
6.57923e-06
-6.10352e-11
6.57923e-06
-3.31256e-10
-1.36467e-09
6.59883e-06
-2.46447e-09
6.59887e-06
-1.67193e-09
6.5989e-06
-1.89672e-10
6.5989e-06
2.12515e-10
6.59888e-06
8.29329e-11
6.59884e-06
-1.85289e-10
6.59881e-06
-6.66478e-11
6.59881e-06
1.00693e-09
6.59884e-06
1.79653e-09
6.59886e-06
1.44615e-09
6.59887e-06
8.18797e-10
6.59887e-06
4.22013e-10
6.59888e-06
1.2464e-10
6.59887e-06
-3.84666e-10
6.59886e-06
-7.64537e-10
6.59885e-06
-8.58776e-10
6.59883e-06
-9.63689e-10
6.59883e-06
-1.04587e-09
6.59885e-06
-1.57698e-09
6.59887e-06
-1.8662e-09
6.59888e-06
-1.00568e-09
6.59887e-06
-1.57103e-10
6.59886e-06
3.93187e-10
6.59884e-06
5.85091e-10
6.59884e-06
5.76789e-10
6.59882e-06
5.20798e-10
6.59882e-06
5.75256e-10
6.59881e-06
3.52937e-10
6.59881e-06
3.11877e-10
6.5988e-06
3.94879e-11
6.59881e-06
5.45105e-11
6.59881e-06
-3.78825e-10
6.59883e-06
-9.37579e-10
6.59886e-06
-1.4005e-09
6.59889e-06
-9.78851e-10
6.59889e-06
-5.12926e-10
6.5989e-06
-1.17655e-10
6.5989e-06
3.63903e-10
6.59891e-06
1.59125e-09
6.59894e-06
2.40507e-09
6.59895e-06
1.98034e-09
6.59895e-06
1.44868e-09
6.59894e-06
8.32187e-10
6.59893e-06
6.36118e-10
6.59892e-06
4.81202e-10
6.59891e-06
3.71249e-10
6.59891e-06
2.03888e-10
6.59891e-06
1.38357e-10
6.59891e-06
2.92997e-11
6.59891e-06
2.17726e-11
6.59891e-06
-2.161e-11
6.59891e-06
-4.79741e-12
6.59891e-06
-3.3428e-11
6.59891e-06
-7.44933e-12
6.59891e-06
-3.51187e-11
6.59891e-06
-3.40737e-12
6.59891e-06
-2.78557e-11
6.59891e-06
5.92849e-12
6.59891e-06
-2.50012e-11
6.59891e-06
-6.96338e-12
6.59891e-06
-2.6649e-11
6.5989e-06
-1.98569e-11
6.5989e-06
-3.89807e-11
6.5989e-06
-2.27327e-11
6.5989e-06
-4.23134e-11
6.5989e-06
-1.64182e-11
6.59889e-06
-3.91511e-11
6.59889e-06
-5.7205e-12
6.59889e-06
-2.75433e-11
6.59889e-06
8.32803e-12
6.59889e-06
-2.07251e-11
6.59889e-06
3.70831e-13
6.59888e-06
-1.82416e-11
6.59888e-06
-4.66367e-12
6.59888e-06
-2.04772e-11
6.59888e-06
-4.43187e-12
6.59888e-06
-1.75911e-11
6.59888e-06
-2.66235e-12
6.59888e-06
-1.39375e-11
6.59887e-06
-7.91238e-13
6.59887e-06
-1.08513e-11
6.59887e-06
1.42109e-12
6.59887e-06
-9.1354e-12
6.59887e-06
3.1276e-12
6.59887e-06
-7.99681e-12
6.59887e-06
3.55429e-12
6.59887e-06
-7.46609e-12
6.59887e-06
3.02477e-12
6.59887e-06
-7.37044e-12
6.59887e-06
3.16418e-12
6.59888e-06
-9.09736e-12
6.59888e-06
2.58598e-12
6.59888e-06
-1.08144e-11
6.59888e-06
1.36432e-12
6.59888e-06
-1.21486e-11
6.59888e-06
-2.40098e-12
6.59888e-06
-2.61291e-11
6.59888e-06
-6.37614e-11
6.59889e-06
-3.35669e-10
-1.34043e-09
6.61433e-06
-2.43785e-09
6.61436e-06
-1.7072e-09
6.61439e-06
-2.22055e-10
6.61439e-06
2.18337e-10
6.61437e-06
1.03982e-10
6.61433e-06
-1.47547e-10
6.6143e-06
-3.55706e-11
6.6143e-06
1.00337e-09
6.61433e-06
1.76705e-09
6.61435e-06
1.42799e-09
6.61436e-06
8.12149e-10
6.61436e-06
4.16199e-10
6.61437e-06
1.17281e-10
6.61436e-06
-3.78868e-10
6.61435e-06
-7.50144e-10
6.61434e-06
-8.4754e-10
6.61432e-06
-9.49358e-10
6.61432e-06
-1.03878e-09
6.61434e-06
-1.5947e-09
6.61436e-06
-1.89316e-09
6.61437e-06
-1.0124e-09
6.61436e-06
-1.44865e-10
6.61435e-06
4.0447e-10
6.61433e-06
6.00972e-10
6.61433e-06
5.84577e-10
6.61431e-06
5.30816e-10
6.61431e-06
5.82326e-10
6.6143e-06
3.63332e-10
6.6143e-06
3.12317e-10
6.6143e-06
4.36353e-11
6.6143e-06
5.13743e-11
6.6143e-06
-3.79646e-10
6.61433e-06
-9.64374e-10
6.61436e-06
-1.43535e-09
6.61438e-06
-1.00397e-09
6.61439e-06
-5.2238e-10
6.61439e-06
-1.2151e-10
6.61439e-06
3.62071e-10
6.61441e-06
1.57545e-09
6.61444e-06
2.37614e-09
6.61445e-06
1.97065e-09
6.61444e-06
1.45387e-09
6.61443e-06
8.41332e-10
6.61443e-06
6.43278e-10
6.61441e-06
4.91441e-10
6.61441e-06
3.7716e-10
6.6144e-06
2.09242e-10
6.6144e-06
1.39202e-10
6.6144e-06
3.00975e-11
6.6144e-06
2.04376e-11
6.6144e-06
-2.16884e-11
6.6144e-06
-6.26136e-12
6.6144e-06
-3.31174e-11
6.61441e-06
-8.4754e-12
6.6144e-06
-3.43256e-11
6.6144e-06
-4.21784e-12
6.6144e-06
-2.63416e-11
6.6144e-06
6.08312e-12
6.6144e-06
-2.34936e-11
6.6144e-06
-6.25754e-12
6.6144e-06
-2.50207e-11
6.6144e-06
-1.86541e-11
6.6144e-06
-3.71217e-11
6.6144e-06
-2.15361e-11
6.61439e-06
-3.98029e-11
6.61439e-06
-1.51026e-11
6.61439e-06
-3.62789e-11
6.61439e-06
-4.52342e-12
6.61438e-06
-2.4304e-11
6.61438e-06
1.00343e-11
6.61438e-06
-1.79178e-11
6.61438e-06
1.96791e-12
6.61438e-06
-1.5684e-11
6.61438e-06
-3.28631e-12
6.61437e-06
-1.80989e-11
6.61437e-06
-3.20291e-12
6.61437e-06
-1.56805e-11
6.61437e-06
-1.66203e-12
6.61437e-06
-1.26395e-11
6.61437e-06
-3.96076e-14
6.61437e-06
-1.01398e-11
6.61437e-06
1.7472e-12
6.61437e-06
-8.74381e-12
6.61436e-06
3.1161e-12
6.61436e-06
-7.93239e-12
6.61436e-06
3.35791e-12
6.61437e-06
-7.65256e-12
6.61437e-06
2.65552e-12
6.61437e-06
-7.72974e-12
6.61437e-06
2.45187e-12
6.61437e-06
-9.41421e-12
6.61437e-06
1.75333e-12
6.61437e-06
-1.1058e-11
6.61437e-06
5.22425e-13
6.61437e-06
-1.23423e-11
6.61437e-06
-3.24584e-12
6.61437e-06
-2.63998e-11
6.61437e-06
-6.6235e-11
6.61438e-06
-3.38902e-10
-1.31674e-09
6.62581e-06
-2.4171e-09
6.62585e-06
-1.74099e-09
6.62588e-06
-2.5266e-10
6.62587e-06
2.24585e-10
6.62585e-06
1.24763e-10
6.62581e-06
-1.10682e-10
6.62578e-06
-6.24018e-12
6.62579e-06
1.00109e-09
6.62581e-06
1.7395e-09
6.62583e-06
1.411e-09
6.62584e-06
8.05941e-10
6.62584e-06
4.10345e-10
6.62585e-06
1.10547e-10
6.62584e-06
-3.73867e-10
6.62583e-06
-7.36794e-10
6.62582e-06
-8.36562e-10
6.62581e-06
-9.36175e-10
6.6258e-06
-1.03118e-09
6.62582e-06
-1.61311e-09
6.62585e-06
-1.92047e-09
6.62586e-06
-1.01931e-09
6.62584e-06
-1.31938e-10
6.62583e-06
4.1507e-10
6.62581e-06
6.1715e-10
6.62581e-06
5.913e-10
6.6258e-06
5.40831e-10
6.62579e-06
5.87831e-10
6.62579e-06
3.74013e-10
6.62579e-06
3.11503e-10
6.62578e-06
4.88903e-11
6.62579e-06
4.6849e-11
6.62578e-06
-3.79258e-10
6.62581e-06
-9.92027e-10
6.62585e-06
-1.4701e-09
6.62587e-06
-1.02908e-09
6.62588e-06
-5.31167e-10
6.62588e-06
-1.25356e-10
6.62588e-06
3.59313e-10
6.6259e-06
1.56041e-09
6.62592e-06
2.34889e-09
6.62593e-06
1.96168e-09
6.62593e-06
1.45802e-09
6.62592e-06
8.50438e-10
6.62591e-06
6.49773e-10
6.6259e-06
5.01817e-10
6.6259e-06
3.8278e-10
6.62589e-06
2.14776e-10
6.62589e-06
1.39542e-10
6.62589e-06
3.10535e-11
6.62589e-06
1.8795e-11
6.62589e-06
-2.15834e-11
6.62589e-06
-7.96157e-12
6.62589e-06
-3.25969e-11
6.62589e-06
-9.71881e-12
6.62589e-06
-3.32668e-11
6.62589e-06
-5.2484e-12
6.62589e-06
-2.46365e-11
6.62589e-06
5.90614e-12
6.62589e-06
-2.17064e-11
6.62589e-06
-5.70234e-12
6.62589e-06
-2.29478e-11
6.62589e-06
-1.75789e-11
6.62588e-06
-3.44415e-11
6.62588e-06
-2.02434e-11
6.62588e-06
-3.6752e-11
6.62588e-06
-1.3711e-11
6.62587e-06
-3.29024e-11
6.62587e-06
-3.3699e-12
6.62587e-06
-2.07332e-11
6.62587e-06
1.14855e-11
6.62587e-06
-1.48528e-11
6.62586e-06
3.6503e-12
6.62586e-06
-1.31354e-11
6.62586e-06
-1.68587e-12
6.62586e-06
-1.57349e-11
6.62586e-06
-1.83047e-12
6.62585e-06
-1.36427e-11
6.62585e-06
-7.74009e-13
6.62585e-06
-1.0861e-11
6.62585e-06
2.59428e-13
6.62585e-06
-8.60691e-12
6.62585e-06
1.59902e-12
6.62585e-06
-7.63694e-12
6.62585e-06
2.57161e-12
6.62585e-06
-7.0554e-12
6.62585e-06
2.54267e-12
6.62585e-06
-6.97125e-12
6.62585e-06
1.75602e-12
6.62585e-06
-7.41648e-12
6.62585e-06
1.34608e-12
6.62585e-06
-9.21904e-12
6.62585e-06
6.27045e-13
6.62585e-06
-1.09257e-11
6.62585e-06
-4.70082e-13
6.62585e-06
-1.23226e-11
6.62585e-06
-4.25571e-12
6.62585e-06
-2.63811e-11
6.62586e-06
-6.85666e-11
6.62586e-06
-3.41408e-10
-1.29264e-09
6.6334e-06
-2.39479e-09
6.63344e-06
-1.77694e-09
6.63347e-06
-2.81653e-10
6.63346e-06
2.3165e-10
6.63344e-06
1.45784e-10
6.6334e-06
-7.38193e-11
6.63337e-06
2.33448e-11
6.63338e-06
9.98469e-10
6.6334e-06
1.71337e-09
6.63342e-06
1.39398e-09
6.63342e-06
7.9935e-10
6.63343e-06
4.04493e-10
6.63344e-06
1.03869e-10
6.63343e-06
-3.68566e-10
6.63342e-06
-7.23508e-10
6.63341e-06
-8.25621e-10
6.6334e-06
-9.22463e-10
6.63339e-06
-1.02361e-09
6.63341e-06
-1.63076e-09
6.63344e-06
-1.9492e-09
6.63344e-06
-1.02574e-09
6.63343e-06
-1.19115e-10
6.63342e-06
4.26579e-10
6.6334e-06
6.32919e-10
6.6334e-06
5.98998e-10
6.63339e-06
5.49896e-10
6.63338e-06
5.94456e-10
6.63338e-06
3.83391e-10
6.63338e-06
3.11608e-10
6.63337e-06
5.18251e-11
6.63338e-06
4.31537e-11
6.63338e-06
-3.80291e-10
6.6334e-06
-1.01955e-09
6.63344e-06
-1.50727e-09
6.63346e-06
-1.05473e-09
6.63347e-06
-5.40689e-10
6.63347e-06
-1.29748e-10
6.63348e-06
3.55329e-10
6.63349e-06
1.54535e-09
6.63352e-06
2.32266e-09
6.63353e-06
1.95173e-09
6.63352e-06
1.46268e-09
6.63351e-06
8.58821e-10
6.63351e-06
6.56513e-10
6.6335e-06
5.11699e-10
6.63349e-06
3.88761e-10
6.63348e-06
2.1999e-10
6.63348e-06
1.403e-10
6.63348e-06
3.15689e-11
6.63349e-06
1.73754e-11
6.63349e-06
-2.19275e-11
6.63349e-06
-9.42621e-12
6.63349e-06
-3.24649e-11
6.63349e-06
-1.06201e-11
6.63349e-06
-3.25315e-11
6.63349e-06
-5.83133e-12
6.63349e-06
-2.30795e-11
6.63349e-06
6.36321e-12
6.63348e-06
-1.99777e-11
6.63348e-06
-4.60098e-12
6.63348e-06
-2.10179e-11
6.63348e-06
-1.593e-11
6.63348e-06
-3.22427e-11
6.63348e-06
-1.85501e-11
6.63347e-06
-3.39112e-11
6.63347e-06
-1.18644e-11
6.63347e-06
-2.97333e-11
6.63347e-06
-1.68394e-12
6.63346e-06
-1.72574e-11
6.63346e-06
1.36103e-11
6.63346e-06
-1.17772e-11
6.63346e-06
5.63454e-12
6.63345e-06
-1.03473e-11
6.63345e-06
2.46806e-14
6.63345e-06
-1.31489e-11
6.63345e-06
-3.27116e-13
6.63345e-06
-1.15787e-11
6.63344e-06
4.54076e-13
6.63344e-06
-9.46178e-12
6.63344e-06
1.19368e-12
6.63344e-06
-7.84609e-12
6.63344e-06
2.06403e-12
6.63344e-06
-7.22488e-12
6.63344e-06
2.67361e-12
6.63344e-06
-6.98688e-12
6.63344e-06
2.4433e-12
6.63344e-06
-7.16142e-12
6.63344e-06
1.47311e-12
6.63344e-06
-7.79322e-12
6.63344e-06
7.43831e-13
6.63344e-06
-9.53453e-12
6.63344e-06
-9.46576e-14
6.63344e-06
-1.1157e-11
6.63344e-06
-1.2007e-12
6.63344e-06
-1.25044e-11
6.63344e-06
-4.97566e-12
6.63344e-06
-2.66381e-11
6.63345e-06
-7.06448e-11
6.63345e-06
-3.42788e-10
-1.26889e-09
6.63718e-06
-2.37803e-09
6.63721e-06
-1.81192e-09
6.63724e-06
-3.09284e-10
6.63723e-06
2.38849e-10
6.63721e-06
1.663e-10
6.63718e-06
-3.7598e-11
6.63715e-06
5.16422e-11
6.63715e-06
9.97094e-10
6.63717e-06
1.6887e-09
6.63719e-06
1.37784e-09
6.6372e-06
7.93163e-10
6.6372e-06
3.98613e-10
6.63721e-06
9.78064e-11
6.6372e-06
-3.63873e-10
6.63719e-06
-7.11171e-10
6.63718e-06
-8.14934e-10
6.63717e-06
-9.09606e-10
6.63716e-06
-1.01518e-09
6.63718e-06
-1.64899e-09
6.63721e-06
-1.97855e-09
6.63722e-06
-1.03226e-09
6.6372e-06
-1.05485e-10
6.63719e-06
4.37484e-10
6.63718e-06
6.49102e-10
6.63717e-06
6.05893e-10
6.63716e-06
5.59078e-10
6.63716e-06
5.99724e-10
6.63715e-06
3.93166e-10
6.63715e-06
3.10735e-10
6.63715e-06
5.58241e-11
6.63715e-06
3.82547e-11
6.63715e-06
-3.80019e-10
6.63718e-06
-1.04795e-09
6.63721e-06
-1.54476e-09
6.63724e-06
-1.0805e-09
6.63725e-06
-5.49482e-10
6.63725e-06
-1.33964e-10
6.63725e-06
3.50732e-10
6.63727e-06
1.53105e-09
6.63729e-06
2.29758e-09
6.6373e-06
1.94211e-09
6.6373e-06
1.46645e-09
6.63729e-06
8.6726e-10
6.63728e-06
6.6267e-10
6.63727e-06
5.21715e-10
6.63727e-06
3.94578e-10
6.63726e-06
2.25454e-10
6.63726e-06
1.40575e-10
6.63726e-06
3.21761e-11
6.63726e-06
1.56606e-11
6.63726e-06
-2.20851e-11
6.63726e-06
-1.10821e-11
6.63726e-06
-3.21074e-11
6.63727e-06
-1.16916e-11
6.63726e-06
-3.15182e-11
6.63726e-06
-6.58945e-12
6.63726e-06
-2.13374e-11
6.63726e-06
6.51373e-12
6.63726e-06
-1.80089e-11
6.63726e-06
-3.65895e-12
6.63726e-06
-1.86997e-11
6.63726e-06
-1.4457e-11
6.63725e-06
-2.92928e-11
6.63725e-06
-1.68073e-11
6.63725e-06
-3.06231e-11
6.63725e-06
-1.00089e-11
6.63724e-06
-2.61643e-11
6.63724e-06
-1.06488e-13
6.63724e-06
-1.35572e-11
6.63724e-06
1.54162e-11
6.63723e-06
-8.54923e-12
6.63723e-06
7.64524e-12
6.63723e-06
-7.65679e-12
6.63723e-06
1.9102e-12
6.63722e-06
-1.06579e-11
6.63722e-06
1.26548e-12
6.63722e-06
-9.4558e-12
6.63722e-06
1.52552e-12
6.63722e-06
-7.64247e-12
6.63722e-06
1.64216e-12
6.63722e-06
-6.3028e-12
6.63722e-06
2.05109e-12
6.63721e-06
-6.12856e-12
6.63721e-06
2.24345e-12
6.63721e-06
-6.12812e-12
6.63721e-06
1.72945e-12
6.63721e-06
-6.49155e-12
6.63721e-06
6.70292e-13
6.63722e-06
-7.50177e-12
6.63722e-06
-2.19966e-13
6.63722e-06
-9.3431e-12
6.63722e-06
-1.0832e-12
6.63722e-06
-1.10098e-11
6.63722e-06
-2.05857e-12
6.63722e-06
-1.24769e-11
6.63722e-06
-5.83858e-12
6.63722e-06
-2.66108e-11
6.63722e-06
-7.25491e-11
6.63722e-06
-3.43399e-10
-1.24427e-09
6.63717e-06
-2.35949e-09
6.63721e-06
-1.84935e-09
6.63724e-06
-3.35601e-10
6.63723e-06
2.46982e-10
6.63721e-06
1.87171e-10
6.63717e-06
-1.20648e-12
6.63714e-06
8.02281e-11
6.63715e-06
9.95148e-10
6.63717e-06
1.665e-09
6.63719e-06
1.3615e-09
6.63719e-06
7.86483e-10
6.6372e-06
3.92656e-10
6.6372e-06
9.17407e-11
6.6372e-06
-3.58823e-10
6.63719e-06
-6.9866e-10
6.63718e-06
-8.04016e-10
6.63716e-06
-8.95986e-10
6.63715e-06
-1.00647e-09
6.63717e-06
-1.66661e-09
6.63721e-06
-2.00952e-09
6.63721e-06
-1.03827e-09
6.6372e-06
-9.16397e-11
6.63719e-06
4.49374e-10
6.63717e-06
6.6517e-10
6.63716e-06
6.13848e-10
6.63715e-06
5.67445e-10
6.63715e-06
6.06098e-10
6.63714e-06
4.0185e-10
6.63714e-06
3.10778e-10
6.63714e-06
5.78421e-11
6.63715e-06
3.40816e-11
6.63715e-06
-3.80945e-10
6.63717e-06
-1.07638e-09
6.63721e-06
-1.58477e-09
6.63724e-06
-1.10683e-09
6.63724e-06
-5.58925e-10
6.63725e-06
-1.38664e-10
6.63725e-06
3.44919e-10
6.63727e-06
1.51664e-09
6.63729e-06
2.27343e-09
6.6373e-06
1.93163e-09
6.6373e-06
1.47075e-09
6.63729e-06
8.75127e-10
6.63728e-06
6.69027e-10
6.63727e-06
5.3124e-10
6.63727e-06
4.00705e-10
6.63726e-06
2.30594e-10
6.63726e-06
1.41188e-10
6.63726e-06
3.24245e-11
6.63726e-06
1.41648e-11
6.63726e-06
-2.26399e-11
6.63726e-06
-1.24965e-11
6.63726e-06
-3.20733e-11
6.63726e-06
-1.24091e-11
6.63726e-06
-3.07664e-11
6.63726e-06
-6.90434e-12
6.63726e-06
-1.97042e-11
6.63726e-06
7.24386e-12
6.63726e-06
-1.60546e-11
6.63726e-06
-2.21714e-12
6.63726e-06
-1.65413e-11
6.63725e-06
-1.24657e-11
6.63725e-06
-2.6868e-11
6.63725e-06
-1.47621e-11
6.63725e-06
-2.75969e-11
6.63724e-06
-7.80858e-12
6.63724e-06
-2.2863e-11
6.63724e-06
1.88242e-12
6.63723e-06
-1.0019e-11
6.63723e-06
1.77482e-11
6.63723e-06
-5.34995e-12
6.63723e-06
9.84178e-12
6.63723e-06
-4.79139e-12
6.63722e-06
3.80295e-12
6.63722e-06
-7.99959e-12
6.63722e-06
2.91515e-12
6.63722e-06
-7.33799e-12
6.63722e-06
2.88634e-12
6.63721e-06
-6.21217e-12
6.63721e-06
2.69698e-12
6.63721e-06
-5.53454e-12
6.63721e-06
2.62022e-12
6.63721e-06
-5.71628e-12
6.63721e-06
2.44583e-12
6.63721e-06
-6.05948e-12
6.63721e-06
1.72877e-12
6.63721e-06
-6.67531e-12
6.63721e-06
4.8164e-13
6.63721e-06
-7.87132e-12
6.63721e-06
-6.93368e-13
6.63721e-06
-9.63644e-12
6.63721e-06
-1.67429e-12
6.63721e-06
-1.12049e-11
6.63721e-06
-2.66311e-12
6.63721e-06
-1.26208e-11
6.63721e-06
-6.41719e-12
6.63721e-06
-2.68297e-11
6.63722e-06
-7.42126e-11
6.63722e-06
-3.43074e-10
-1.22001e-09
6.63339e-06
-2.34596e-09
6.63343e-06
-1.88609e-09
6.63346e-06
-3.60859e-10
6.63345e-06
2.56e-10
6.63343e-06
2.0816e-10
6.63339e-06
3.4622e-11
6.63336e-06
1.07191e-10
6.63336e-06
9.93668e-10
6.63339e-06
1.64238e-09
6.6334e-06
1.34594e-09
6.63341e-06
7.79941e-10
6.63341e-06
3.86525e-10
6.63342e-06
8.60498e-11
6.63342e-06
-3.54354e-10
6.6334e-06
-6.86561e-10
6.63339e-06
-7.92789e-10
6.63338e-06
-8.82845e-10
6.63337e-06
-9.9694e-10
6.63339e-06
-1.68506e-09
6.63342e-06
-2.0414e-09
6.63343e-06
-1.04426e-09
6.63342e-06
-7.66843e-11
6.6334e-06
4.61097e-10
6.63339e-06
6.81922e-10
6.63338e-06
6.21089e-10
6.63337e-06
5.75858e-10
6.63337e-06
6.11211e-10
6.63336e-06
4.10852e-10
6.63336e-06
3.09876e-10
6.63336e-06
6.09718e-11
6.63336e-06
2.89216e-11
6.63336e-06
-3.80632e-10
6.63339e-06
-1.10575e-09
6.63343e-06
-1.62502e-09
6.63345e-06
-1.13305e-09
6.63346e-06
-5.67648e-10
6.63347e-06
-1.43266e-10
6.63347e-06
3.38121e-10
6.63349e-06
1.50277e-09
6.63351e-06
2.25093e-09
6.63352e-06
1.92197e-09
6.63351e-06
1.47432e-09
6.63351e-06
8.82933e-10
6.6335e-06
6.74708e-10
6.63349e-06
5.40816e-10
6.63349e-06
4.06527e-10
6.63348e-06
2.35783e-10
6.63348e-06
1.41344e-10
6.63348e-06
3.28443e-11
6.63348e-06
1.24504e-11
6.63348e-06
-2.29816e-11
6.63348e-06
-1.40517e-11
6.63348e-06
-3.17804e-11
6.63348e-06
-1.32405e-11
6.63348e-06
-2.97084e-11
6.63348e-06
-7.3468e-12
6.63348e-06
-1.78803e-11
6.63348e-06
7.69344e-12
6.63348e-06
-1.38809e-11
6.63348e-06
-9.56718e-13
6.63348e-06
-1.40497e-11
6.63347e-06
-1.07003e-11
6.63347e-06
-2.37615e-11
6.63347e-06
-1.27232e-11
6.63346e-06
-2.42169e-11
6.63346e-06
-5.67417e-12
6.63346e-06
-1.92632e-11
6.63346e-06
3.68975e-12
6.63345e-06
-6.3637e-12
6.63345e-06
1.96945e-11
6.63345e-06
-2.09013e-12
6.63345e-06
1.19903e-11
6.63344e-06
-2.10388e-12
6.63344e-06
5.79102e-12
6.63344e-06
-5.52006e-12
6.63344e-06
4.61928e-12
6.63344e-06
-5.23483e-12
6.63343e-06
4.05357e-12
6.63343e-06
-4.41646e-12
6.63343e-06
3.22728e-12
6.63343e-06
-4.01356e-12
6.63343e-06
2.6887e-12
6.63343e-06
-4.64482e-12
6.63343e-06
2.09868e-12
6.63343e-06
-5.22148e-12
6.63343e-06
1.10989e-12
6.63343e-06
-6.01614e-12
6.63343e-06
-2.00719e-13
6.63343e-06
-7.56753e-12
6.63343e-06
-1.54052e-12
6.63343e-06
-9.41967e-12
6.63343e-06
-2.52324e-12
6.63343e-06
-1.1026e-11
6.63343e-06
-3.36366e-12
6.63343e-06
-1.25563e-11
6.63343e-06
-7.13351e-12
6.63343e-06
-2.67423e-11
6.63343e-06
-7.56902e-11
6.63343e-06
-3.42385e-10
-1.19492e-09
6.6258e-06
-2.33043e-09
6.62583e-06
-1.92555e-09
6.62586e-06
-3.85033e-10
6.62585e-06
2.66089e-10
6.62583e-06
2.29629e-10
6.62579e-06
7.07998e-11
6.62576e-06
1.34471e-10
6.62577e-06
9.91371e-10
6.62579e-06
1.62027e-09
6.6258e-06
1.33002e-09
6.62581e-06
7.7278e-10
6.62582e-06
3.80224e-10
6.62582e-06
8.02833e-11
6.62582e-06
-3.4949e-10
6.62581e-06
-6.74068e-10
6.62579e-06
-7.8105e-10
6.62578e-06
-8.68681e-10
6.62577e-06
-9.86812e-10
6.62579e-06
-1.70302e-09
6.62582e-06
-2.07512e-09
6.62583e-06
-1.04969e-09
6.62582e-06
-6.11814e-11
6.6258e-06
4.73851e-10
6.62579e-06
6.98795e-10
6.62578e-06
6.29426e-10
6.62577e-06
5.83523e-10
6.62576e-06
6.17384e-10
6.62576e-06
4.18949e-10
6.62576e-06
3.09884e-10
6.62576e-06
6.24577e-11
6.62576e-06
2.43987e-11
6.62576e-06
-3.8127e-10
6.62579e-06
-1.13529e-09
6.62583e-06
-1.66787e-09
6.62586e-06
-1.15983e-09
6.62587e-06
-5.76899e-10
6.62587e-06
-1.48266e-10
6.62588e-06
3.3012e-10
6.62589e-06
1.48872e-09
6.62591e-06
2.22932e-09
6.62592e-06
1.91154e-09
6.62592e-06
1.47844e-09
6.62591e-06
8.90311e-10
6.6259e-06
6.80534e-10
6.62589e-06
5.499e-10
6.62589e-06
4.12614e-10
6.62588e-06
2.40639e-10
6.62588e-06
1.41759e-10
6.62588e-06
3.29885e-11
6.62588e-06
1.0958e-11
6.62588e-06
-2.36605e-11
6.62589e-06
-1.53412e-11
6.62589e-06
-3.17309e-11
6.62589e-06
-1.36871e-11
6.62589e-06
-2.88383e-11
6.62589e-06
-7.34099e-12
6.62588e-06
-1.61214e-11
6.62588e-06
8.66968e-12
6.62588e-06
-1.1681e-11
6.62588e-06
7.56258e-13
6.62588e-06
-1.17432e-11
6.62588e-06
-8.47378e-12
6.62587e-06
-2.12324e-11
6.62587e-06
-1.04812e-11
6.62587e-06
-2.11581e-11
6.62586e-06
-3.30674e-12
6.62586e-06
-1.59978e-11
6.62586e-06
5.78347e-12
6.62586e-06
-2.94263e-12
6.62585e-06
2.20161e-11
6.62585e-06
1.09725e-12
6.62585e-06
1.42065e-11
6.62585e-06
6.90306e-13
6.62584e-06
7.68053e-12
6.62584e-06
-2.93097e-12
6.62584e-06
6.30393e-12
6.62584e-06
-3.17362e-12
6.62584e-06
5.45855e-12
6.62583e-06
-3.02813e-12
6.62583e-06
4.33662e-12
6.62583e-06
-3.27956e-12
6.62583e-06
3.31185e-12
6.62583e-06
-4.25555e-12
6.62583e-06
2.37309e-12
6.62583e-06
-5.16483e-12
6.62583e-06
1.20486e-12
6.62583e-06
-6.2023e-12
6.62583e-06
-2.66823e-13
6.62583e-06
-7.90405e-12
6.62583e-06
-1.90779e-12
6.62583e-06
-9.66829e-12
6.62583e-06
-2.98019e-12
6.62583e-06
-1.11731e-11
6.62583e-06
-3.81755e-12
6.62583e-06
-1.26378e-11
6.62583e-06
-7.57023e-12
6.62583e-06
-2.68754e-11
6.62584e-06
-7.69419e-11
6.62583e-06
-3.40933e-10
-1.1702e-09
6.6143e-06
-2.31979e-09
6.61435e-06
-1.96483e-09
6.61437e-06
-4.08471e-10
6.61436e-06
2.76829e-10
6.61434e-06
2.50994e-10
6.6143e-06
1.06632e-10
6.61427e-06
1.60533e-10
6.61428e-06
9.895e-10
6.6143e-06
1.59882e-09
6.61431e-06
1.31459e-09
6.61432e-06
7.65704e-10
6.61433e-06
3.73735e-10
6.61433e-06
7.4892e-11
6.61433e-06
-3.45041e-10
6.61431e-06
-6.61918e-10
6.6143e-06
-7.68982e-10
6.61429e-06
-8.54708e-10
6.61428e-06
-9.75444e-10
6.6143e-06
-1.72169e-09
6.61433e-06
-2.11008e-09
6.61434e-06
-1.055e-09
6.61432e-06
-4.4405e-11
6.61431e-06
4.86438e-10
6.61429e-06
7.16422e-10
6.61428e-06
6.37223e-10
6.61428e-06
5.91264e-10
6.61427e-06
6.22414e-10
6.61427e-06
4.27431e-10
6.61427e-06
3.09172e-10
6.61427e-06
6.50822e-11
6.61427e-06
1.90154e-11
6.61427e-06
-3.8047e-10
6.6143e-06
-1.16576e-09
6.61434e-06
-1.71139e-09
6.61437e-06
-1.18656e-09
6.61437e-06
-5.85303e-10
6.61438e-06
-1.52983e-10
6.61439e-06
3.21391e-10
6.6144e-06
1.47525e-09
6.61442e-06
2.20894e-09
6.61443e-06
1.90161e-09
6.61443e-06
1.48199e-09
6.61442e-06
8.97785e-10
6.61441e-06
6.85772e-10
6.6144e-06
5.59031e-10
6.6144e-06
4.18517e-10
6.61439e-06
2.45613e-10
6.61439e-06
1.41696e-10
6.61439e-06
3.32569e-11
6.61439e-06
9.2669e-12
6.61439e-06
-2.4097e-11
6.6144e-06
-1.66956e-11
6.6144e-06
-3.13695e-11
6.6144e-06
-1.41701e-11
6.6144e-06
-2.76226e-11
6.61439e-06
-7.40275e-12
6.61439e-06
-1.41657e-11
6.61439e-06
9.37349e-12
6.61439e-06
-9.28324e-12
6.61439e-06
2.26708e-12
6.61439e-06
-9.16312e-12
6.61438e-06
-6.54777e-12
6.61438e-06
-1.80922e-11
6.61438e-06
-8.30695e-12
6.61438e-06
-1.78465e-11
6.61437e-06
-1.08424e-12
6.61437e-06
-1.25454e-11
6.61437e-06
7.61971e-12
6.61436e-06
4.83775e-13
6.61436e-06
2.38624e-11
6.61436e-06
4.25148e-12
6.61436e-06
1.63169e-11
6.61436e-06
3.20575e-12
6.61435e-06
9.62225e-12
6.61435e-06
-6.13473e-13
6.61435e-06
7.98965e-12
6.61435e-06
-1.20263e-12
6.61435e-06
6.61293e-12
6.61434e-06
-1.33168e-12
6.61434e-06
4.85729e-12
6.61434e-06
-1.81925e-12
6.61434e-06
3.40274e-12
6.61434e-06
-3.22732e-12
6.61434e-06
2.06704e-12
6.61434e-06
-4.34759e-12
6.61434e-06
6.49222e-13
6.61434e-06
-5.53927e-12
6.61434e-06
-8.46099e-13
6.61434e-06
-7.56237e-12
6.61434e-06
-2.63998e-12
6.61434e-06
-9.40661e-12
6.61434e-06
-3.68546e-12
6.61434e-06
-1.09417e-11
6.61434e-06
-4.35111e-12
6.61434e-06
-1.25159e-11
6.61434e-06
-8.13173e-12
6.61434e-06
-2.67056e-11
6.61434e-06
-7.79698e-11
6.61434e-06
-3.39032e-10
-1.14406e-09
6.59881e-06
-2.30715e-09
6.59885e-06
-2.00731e-09
6.59887e-06
-4.30916e-10
6.59886e-06
2.88646e-10
6.59884e-06
2.72761e-10
6.5988e-06
1.42892e-10
6.59878e-06
1.86939e-10
6.59878e-06
9.86755e-10
6.5988e-06
1.57753e-09
6.59881e-06
1.29861e-09
6.59882e-06
7.57977e-10
6.59883e-06
3.67033e-10
6.59883e-06
6.94403e-11
6.59883e-06
-3.40095e-10
6.59882e-06
-6.49239e-10
6.5988e-06
-7.56246e-10
6.59879e-06
-8.39551e-10
6.59878e-06
-9.63112e-10
6.5988e-06
-1.73986e-09
6.59883e-06
-2.1471e-09
6.59884e-06
-1.05967e-09
6.59882e-06
-2.68202e-11
6.59881e-06
4.99988e-10
6.59879e-06
7.3426e-10
6.59878e-06
6.46072e-10
6.59878e-06
5.98343e-10
6.59877e-06
6.28453e-10
6.59877e-06
4.35214e-10
6.59877e-06
3.09404e-10
6.59877e-06
6.63286e-11
6.59877e-06
1.42269e-11
6.59877e-06
-3.80269e-10
6.5988e-06
-1.19647e-09
6.59884e-06
-1.75768e-09
6.59887e-06
-1.21387e-09
6.59888e-06
-5.94059e-10
6.59888e-06
-1.5797e-10
6.59889e-06
3.11574e-10
6.5989e-06
1.46167e-09
6.59892e-06
2.18928e-09
6.59893e-06
1.89083e-09
6.59893e-06
1.48611e-09
6.59892e-06
9.04953e-10
6.59892e-06
6.91135e-10
6.59891e-06
5.67704e-10
6.5989e-06
4.24705e-10
6.59889e-06
2.50326e-10
6.59889e-06
1.41836e-10
6.5989e-06
3.32905e-11
6.5989e-06
7.80678e-12
6.5989e-06
-2.47817e-11
6.5989e-06
-1.77299e-11
6.5989e-06
-3.11428e-11
6.5989e-06
-1.42211e-11
6.5989e-06
-2.65078e-11
6.5989e-06
-7.00762e-12
6.59889e-06
-1.22313e-11
6.59889e-06
1.05629e-11
6.59889e-06
-6.83965e-12
6.59889e-06
4.18252e-12
6.59889e-06
-6.79661e-12
6.59889e-06
-4.20991e-12
6.59888e-06
-1.55902e-11
6.59888e-06
-6.03105e-12
6.59888e-06
-1.49125e-11
6.59887e-06
1.25859e-12
6.59887e-06
-9.49214e-12
6.59887e-06
9.61586e-12
6.59887e-06
3.60522e-12
6.59886e-06
2.5946e-11
6.59886e-06
7.27084e-12
6.59886e-06
1.83678e-11
6.59886e-06
5.76147e-12
6.59886e-06
1.1352e-11
6.59885e-06
1.76631e-12
6.59885e-06
9.55952e-12
6.59885e-06
6.95018e-13
6.59885e-06
7.95153e-12
6.59885e-06
-6.59642e-14
6.59885e-06
5.94896e-12
6.59885e-06
-1.17417e-12
6.59884e-06
4.03919e-12
6.59884e-06
-2.89049e-12
6.59884e-06
2.39358e-12
6.59884e-06
-4.31418e-12
6.59884e-06
8.30365e-13
6.59884e-06
-5.72361e-12
6.59884e-06
-8.00208e-13
6.59884e-06
-7.85727e-12
6.59884e-06
-2.88094e-12
6.59884e-06
-9.59954e-12
6.59884e-06
-3.99696e-12
6.59884e-06
-1.10214e-11
6.59885e-06
-4.65292e-12
6.59884e-06
-1.25159e-11
6.59885e-06
-8.41273e-12
6.59885e-06
-2.67387e-11
6.59885e-06
-7.87829e-11
6.59884e-06
-3.36336e-10
-1.11825e-09
6.57915e-06
-2.29937e-09
6.57919e-06
-2.05017e-09
6.57921e-06
-4.52843e-10
6.5792e-06
3.01206e-10
6.57918e-06
2.94409e-10
6.57914e-06
1.78897e-10
6.57912e-06
2.12196e-10
6.57912e-06
9.84219e-10
6.57914e-06
1.55658e-09
6.57916e-06
1.28294e-09
6.57916e-06
7.50265e-10
6.57917e-06
3.6012e-10
6.57918e-06
6.43488e-11
6.57917e-06
-3.354e-10
6.57916e-06
-6.36682e-10
6.57915e-06
-7.42996e-10
6.57913e-06
-8.24319e-10
6.57912e-06
-9.49247e-10
6.57914e-06
-1.75869e-09
6.57918e-06
-2.18569e-09
6.57918e-06
-1.06414e-09
6.57916e-06
-7.81072e-12
6.57915e-06
5.13433e-10
6.57913e-06
7.52876e-10
6.57912e-06
6.54416e-10
6.57911e-06
6.05479e-10
6.57911e-06
6.33421e-10
6.5791e-06
4.43391e-10
6.57911e-06
3.09065e-10
6.57911e-06
6.87096e-11
6.57911e-06
8.7885e-12
6.57911e-06
-3.78423e-10
6.57914e-06
-1.22808e-09
6.57918e-06
-1.80489e-09
6.57921e-06
-1.24109e-09
6.57922e-06
-6.01858e-10
6.57922e-06
-1.62572e-10
6.57923e-06
3.01076e-10
6.57924e-06
1.44871e-09
6.57926e-06
2.17078e-09
6.57927e-06
1.88042e-09
6.57927e-06
1.48978e-09
6.57926e-06
9.12224e-10
6.57926e-06
6.95925e-10
6.57925e-06
5.7641e-10
6.57924e-06
4.30763e-10
6.57924e-06
2.55177e-10
6.57924e-06
1.41529e-10
6.57924e-06
3.34458e-11
6.57924e-06
6.21486e-12
6.57924e-06
-2.51486e-11
6.57924e-06
-1.8723e-11
6.57924e-06
-3.05194e-11
6.57924e-06
-1.42194e-11
6.57924e-06
-2.49945e-11
6.57924e-06
-6.62134e-12
6.57923e-06
-1.00904e-11
6.57923e-06
1.14986e-11
6.57923e-06
-4.23954e-12
6.57923e-06
5.86526e-12
6.57923e-06
-4.21226e-12
6.57922e-06
-2.24838e-12
6.57922e-06
-1.25398e-11
6.57922e-06
-3.88516e-12
6.57922e-06
-1.1816e-11
6.57921e-06
3.37931e-12
6.57921e-06
-6.351e-12
6.57921e-06
1.12817e-11
6.57921e-06
6.63137e-12
6.5792e-06
2.74842e-11
6.5792e-06
1.01508e-11
6.5792e-06
2.02517e-11
6.5792e-06
7.94309e-12
6.5792e-06
1.30834e-11
6.57919e-06
3.78731e-12
6.57919e-06
1.1078e-11
6.57919e-06
2.42809e-12
6.57919e-06
8.98087e-12
6.57919e-06
1.4554e-12
6.57919e-06
6.38375e-12
6.57919e-06
1.76078e-13
6.57919e-06
4.10307e-12
6.57919e-06
-1.92933e-12
6.57919e-06
2.10069e-12
6.57919e-06
-3.52305e-12
6.57918e-06
3.22359e-13
6.57919e-06
-5.04878e-12
6.57919e-06
-1.28965e-12
6.57919e-06
-7.46662e-12
6.57919e-06
-3.49095e-12
6.57919e-06
-9.27593e-12
6.57919e-06
-4.55592e-12
6.57919e-06
-1.07163e-11
6.57919e-06
-5.02201e-12
6.57919e-06
-1.23156e-11
6.57919e-06
-8.8123e-12
6.57919e-06
-2.64647e-11
6.57919e-06
-7.93473e-11
6.57918e-06
-3.33174e-10
-1.09055e-09
6.55513e-06
-2.28954e-09
6.55518e-06
-2.09682e-09
6.5552e-06
-4.73865e-10
6.55519e-06
3.14916e-10
6.55517e-06
3.16424e-10
6.55513e-06
2.15403e-10
6.5551e-06
2.37759e-10
6.55511e-06
9.80666e-10
6.55513e-06
1.53548e-09
6.55514e-06
1.2666e-09
6.55515e-06
7.41863e-10
6.55516e-06
3.52975e-10
6.55516e-06
5.92375e-11
6.55516e-06
-3.30069e-10
6.55515e-06
-6.23372e-10
6.55513e-06
-7.28834e-10
6.55512e-06
-8.07705e-10
6.5551e-06
-9.3406e-10
6.55512e-06
-1.77706e-09
6.55516e-06
-2.22665e-09
6.55517e-06
-1.06793e-09
6.55515e-06
1.2243e-11
6.55513e-06
5.27748e-10
6.55511e-06
7.71764e-10
6.55511e-06
6.63728e-10
6.5551e-06
6.11974e-10
6.55509e-06
6.3934e-10
6.55509e-06
4.51037e-10
6.55509e-06
3.09695e-10
6.55509e-06
6.99931e-11
6.55509e-06
3.92921e-12
6.55509e-06
-3.7681e-10
6.55512e-06
-1.25999e-09
6.55517e-06
-1.85508e-09
6.5552e-06
-1.2689e-09
6.5552e-06
-6.0987e-10
6.55521e-06
-1.67371e-10
6.55522e-06
2.89496e-10
6.55523e-06
1.43569e-09
6.55525e-06
2.15294e-09
6.55526e-06
1.86913e-09
6.55525e-06
1.49404e-09
6.55525e-06
9.19273e-10
6.55524e-06
7.00794e-10
6.55523e-06
5.84677e-10
6.55523e-06
4.37111e-10
6.55522e-06
2.59826e-10
6.55522e-06
1.41401e-10
6.55522e-06
3.34612e-11
6.55522e-06
4.91551e-12
6.55522e-06
-2.56376e-11
6.55522e-06
-1.9301e-11
6.55522e-06
-2.99023e-11
6.55522e-06
-1.37167e-11
6.55522e-06
-2.34948e-11
6.55522e-06
-5.76654e-12
6.55522e-06
-7.93404e-12
6.55522e-06
1.28773e-11
6.55522e-06
-1.57552e-12
6.55521e-06
7.90546e-12
6.55521e-06
-1.87696e-12
6.55521e-06
8.21707e-14
6.55521e-06
-1.01923e-11
6.5552e-06
-1.72857e-12
6.5552e-06
-9.15219e-12
6.5552e-06
5.52196e-12
6.5552e-06
-3.66873e-12
6.55519e-06
1.29953e-11
6.55519e-06
9.28892e-12
6.55519e-06
2.9136e-11
6.55519e-06
1.28472e-11
6.55519e-06
2.19603e-11
6.55518e-06
1.01062e-11
6.55518e-06
1.44957e-11
6.55518e-06
5.82803e-12
6.55518e-06
1.23926e-11
6.55518e-06
4.05398e-12
6.55518e-06
1.01458e-11
6.55518e-06
2.515e-12
6.55517e-06
7.38554e-12
6.55517e-06
6.71512e-13
6.55517e-06
4.70695e-12
6.55517e-06
-1.68038e-12
6.55517e-06
2.4544e-12
6.55517e-06
-3.53145e-12
6.55517e-06
5.78538e-13
6.55517e-06
-5.23774e-12
6.55517e-06
-1.13804e-12
6.55517e-06
-7.72032e-12
6.55517e-06
-3.59848e-12
6.55517e-06
-9.4043e-12
6.55517e-06
-4.71681e-12
6.55517e-06
-1.07152e-11
6.55517e-06
-5.16992e-12
6.55517e-06
-1.22192e-11
6.55517e-06
-8.92899e-12
6.55517e-06
-2.63789e-11
6.55517e-06
-7.97131e-11
6.55517e-06
-3.29215e-10
-1.06313e-09
6.52653e-06
-2.2846e-09
6.52658e-06
-2.14446e-09
6.5266e-06
-4.94647e-10
6.52658e-06
3.29452e-10
6.52656e-06
3.38288e-10
6.52652e-06
2.51756e-10
6.5265e-06
2.62237e-10
6.5265e-06
9.7707e-10
6.52652e-06
1.51443e-09
6.52654e-06
1.2504e-09
6.52655e-06
7.33423e-10
6.52656e-06
3.45639e-10
6.52656e-06
5.45218e-11
6.52656e-06
-3.24765e-10
6.52654e-06
-6.09889e-10
6.52653e-06
-7.13894e-10
6.52651e-06
-7.9071e-10
6.52649e-06
-9.17027e-10
6.52651e-06
-1.79607e-09
6.52656e-06
-2.26965e-09
6.52656e-06
-1.07148e-09
6.52654e-06
3.38773e-11
6.52653e-06
5.41917e-10
6.52651e-06
7.91418e-10
6.5265e-06
6.72551e-10
6.52649e-06
6.18451e-10
6.52649e-06
6.44272e-10
6.52648e-06
4.59097e-10
6.52648e-06
3.09918e-10
6.52648e-06
7.24972e-11
6.52648e-06
-1.42318e-12
6.52648e-06
-3.73318e-10
6.52651e-06
-1.29276e-09
6.52656e-06
-1.90653e-09
6.52659e-06
-1.29664e-09
6.5266e-06
-6.16865e-10
6.5266e-06
-1.71743e-10
6.52661e-06
2.77206e-10
6.52662e-06
1.42331e-09
6.52664e-06
2.1362e-09
6.52665e-06
1.85805e-09
6.52665e-06
1.49794e-09
6.52664e-06
9.26438e-10
6.52664e-06
7.05084e-10
6.52663e-06
5.9295e-10
6.52662e-06
4.43399e-10
6.52662e-06
2.64649e-10
6.52662e-06
1.40874e-10
6.52662e-06
3.36789e-11
6.52662e-06
3.60947e-12
6.52662e-06
-2.56938e-11
6.52662e-06
-1.96909e-11
6.52662e-06
-2.87865e-11
6.52662e-06
-1.30534e-11
6.52661e-06
-2.15488e-11
6.52661e-06
-4.86597e-12
6.52661e-06
-5.57048e-12
6.52661e-06
1.4003e-11
6.52661e-06
1.22629e-12
6.52661e-06
9.68129e-12
6.5266e-06
6.16612e-13
6.5266e-06
1.94912e-12
6.5266e-06
-7.34946e-12
6.5266e-06
2.44473e-13
6.52659e-06
-6.41556e-12
6.52659e-06
7.38093e-12
6.52659e-06
-9.91906e-13
6.52659e-06
1.43206e-11
6.52658e-06
1.1763e-11
6.52658e-06
3.0177e-11
6.52658e-06
1.53415e-11
6.52658e-06
2.34712e-11
6.52658e-06
1.17998e-11
6.52658e-06
1.58853e-11
6.52658e-06
7.41508e-12
6.52658e-06
1.36225e-11
6.52657e-06
5.43312e-12
6.52657e-06
1.09419e-11
6.52657e-06
3.77957e-12
6.52657e-06
7.63991e-12
6.52657e-06
1.86818e-12
6.52657e-06
4.68085e-12
6.52657e-06
-8.10915e-13
6.52657e-06
2.12672e-12
6.52657e-06
-2.77111e-12
6.52657e-06
8.00205e-14
6.52657e-06
-4.53998e-12
6.52657e-06
-1.56135e-12
6.52657e-06
-7.26889e-12
6.52657e-06
-4.09337e-12
6.52657e-06
-9.00372e-12
6.52657e-06
-5.13156e-12
6.52657e-06
-1.03212e-11
6.52657e-06
-5.36962e-12
6.52657e-06
-1.19312e-11
6.52657e-06
-9.16167e-12
6.52657e-06
-2.59821e-11
6.52657e-06
-7.98e-11
6.52656e-06
-3.24791e-10
-1.03322e-09
6.49304e-06
-2.27754e-09
6.4931e-06
-2.1966e-09
6.49312e-06
-5.14589e-10
6.4931e-06
3.45195e-10
6.49308e-06
3.6043e-10
6.49304e-06
2.88657e-10
6.49302e-06
2.8696e-10
6.49302e-06
9.72328e-10
6.49304e-06
1.49296e-09
6.49306e-06
1.23347e-09
6.49307e-06
7.24321e-10
6.49308e-06
3.38114e-10
6.49308e-06
4.99061e-11
6.49307e-06
-3.18629e-10
6.49306e-06
-5.95378e-10
6.49304e-06
-6.97763e-10
6.49303e-06
-7.72108e-10
6.49301e-06
-8.98282e-10
6.49303e-06
-1.81473e-09
6.49307e-06
-2.31549e-09
6.49308e-06
-1.07438e-09
6.49306e-06
5.66908e-11
6.49304e-06
5.56821e-10
6.49302e-06
8.11373e-10
6.49301e-06
6.82218e-10
6.493e-06
6.24281e-10
6.493e-06
6.50077e-10
6.493e-06
4.66823e-10
6.493e-06
3.11141e-10
6.493e-06
7.41286e-11
6.493e-06
-6.06751e-12
6.49299e-06
-3.69601e-10
6.49303e-06
-1.32591e-09
6.49308e-06
-1.96119e-09
6.4931e-06
-1.325e-09
6.49311e-06
-6.23965e-10
6.49311e-06
-1.76243e-10
6.49313e-06
2.63793e-10
6.49314e-06
1.41093e-09
6.49315e-06
2.12008e-09
6.49317e-06
1.84603e-09
6.49316e-06
1.50242e-09
6.49316e-06
9.33389e-10
6.49315e-06
7.09367e-10
6.49314e-06
6.00806e-10
6.49314e-06
4.5002e-10
6.49313e-06
2.6937e-10
6.49313e-06
1.40573e-10
6.49313e-06
3.38761e-11
6.49313e-06
2.71665e-12
6.49313e-06
-2.56896e-11
6.49313e-06
-1.95355e-11
6.49313e-06
-2.7526e-11
6.49313e-06
-1.18197e-11
6.49313e-06
-1.95333e-11
6.49313e-06
-3.50084e-12
6.49312e-06
-3.16985e-12
6.49312e-06
1.55291e-11
6.49312e-06
4.06658e-12
6.49312e-06
1.17565e-11
6.49312e-06
2.8204e-12
6.49311e-06
4.15465e-12
6.49311e-06
-5.27926e-12
6.49311e-06
2.14361e-12
6.49311e-06
-4.15262e-12
6.49311e-06
9.17412e-12
6.4931e-06
1.18392e-12
6.4931e-06
1.55952e-11
6.4931e-06
1.38215e-11
6.4931e-06
3.12388e-11
6.4931e-06
1.75876e-11
6.4931e-06
2.46907e-11
6.49309e-06
1.34397e-11
6.49309e-06
1.68462e-11
6.49309e-06
9.00209e-12
6.49309e-06
1.45618e-11
6.49309e-06
6.68723e-12
6.49309e-06
1.18355e-11
6.49309e-06
4.55295e-12
6.49309e-06
8.48061e-12
6.49309e-06
2.1539e-12
6.49309e-06
5.20347e-12
6.49309e-06
-6.88461e-13
6.49309e-06
2.47757e-12
6.49309e-06
-2.8445e-12
6.49309e-06
3.94498e-13
6.49309e-06
-4.74604e-12
6.49309e-06
-1.31353e-12
6.49309e-06
-7.48675e-12
6.49309e-06
-4.06895e-12
6.49309e-06
-9.06486e-12
6.49309e-06
-5.14131e-12
6.49309e-06
-1.02328e-11
6.49309e-06
-5.36327e-12
6.49309e-06
-1.17297e-11
6.49309e-06
-9.10949e-12
6.49309e-06
-2.57622e-11
6.49309e-06
-7.97135e-11
6.49308e-06
-3.19573e-10
-1.00364e-09
6.45433e-06
-2.2755e-09
6.45439e-06
-2.25048e-09
6.45441e-06
-5.34581e-10
6.45439e-06
3.6182e-10
6.45437e-06
3.82322e-10
6.45433e-06
3.25489e-10
6.45431e-06
3.10646e-10
6.45432e-06
9.67333e-10
6.45434e-06
1.47129e-09
6.45435e-06
1.21663e-09
6.45436e-06
7.15225e-10
6.45437e-06
3.30499e-10
6.45437e-06
4.58225e-11
6.45437e-06
-3.12226e-10
6.45435e-06
-5.80342e-10
6.45434e-06
-6.80565e-10
6.45432e-06
-7.52794e-10
6.4543e-06
-8.77339e-10
6.45432e-06
-1.83411e-09
6.45437e-06
-2.36406e-09
6.45437e-06
-1.0771e-09
6.45435e-06
8.11023e-11
6.45433e-06
5.71523e-10
6.45431e-06
8.32064e-10
6.4543e-06
6.91367e-10
6.45429e-06
6.30028e-10
6.45429e-06
6.54949e-10
6.45428e-06
4.75006e-10
6.45428e-06
3.1212e-10
6.45428e-06
7.69676e-11
6.45429e-06
-1.08291e-11
6.45428e-06
-3.63644e-10
6.45431e-06
-1.35993e-09
6.45437e-06
-2.01756e-09
6.45439e-06
-1.35335e-09
6.4544e-06
-6.30027e-10
6.4544e-06
-1.80261e-10
6.45442e-06
2.49599e-10
6.45443e-06
1.3992e-09
6.45444e-06
2.10504e-09
6.45446e-06
1.83403e-09
6.45445e-06
1.50661e-09
6.45444e-06
9.40359e-10
6.45444e-06
7.13021e-10
6.45443e-06
6.08661e-10
6.45443e-06
4.56707e-10
6.45442e-06
2.74363e-10
6.45442e-06
1.40013e-10
6.45442e-06
3.43714e-11
6.45442e-06
2.00599e-12
6.45442e-06
-2.50681e-11
6.45442e-06
-1.90167e-11
6.45442e-06
-2.56429e-11
6.45442e-06
-1.03364e-11
6.45441e-06
-1.70325e-11
6.45441e-06
-2.05574e-12
6.45441e-06
-5.84012e-13
6.45441e-06
1.68036e-11
6.45441e-06
6.95606e-12
6.45441e-06
1.35096e-11
6.4544e-06
5.12204e-12
6.4544e-06
5.80333e-12
6.4544e-06
-2.75204e-12
6.4544e-06
3.8098e-12
6.45439e-06
-1.88497e-12
6.45439e-06
1.06272e-11
6.45439e-06
3.2863e-12
6.45439e-06
1.64437e-11
6.45439e-06
1.5629e-11
6.45439e-06
3.16652e-11
6.45439e-06
1.95357e-11
6.45439e-06
2.56851e-11
6.45438e-06
1.45345e-11
6.45438e-06
1.77668e-11
6.45438e-06
1.00578e-11
6.45438e-06
1.53895e-11
6.45438e-06
7.62866e-12
6.45438e-06
1.23049e-11
6.45438e-06
5.49593e-12
6.45438e-06
8.48535e-12
6.45438e-06
3.14969e-12
6.45438e-06
5.03503e-12
6.45438e-06
6.11695e-14
6.45438e-06
2.08114e-12
6.45438e-06
-2.12836e-12
6.45438e-06
-1.15806e-13
6.45438e-06
-4.02986e-12
6.45438e-06
-1.68707e-12
6.45438e-06
-6.97298e-12
6.45438e-06
-4.45946e-12
6.45438e-06
-8.5802e-12
6.45438e-06
-5.42053e-12
6.45438e-06
-9.74045e-12
6.45438e-06
-5.40334e-12
6.45438e-06
-1.13425e-11
6.45438e-06
-9.17932e-12
6.45438e-06
-2.52237e-11
6.45438e-06
-7.9325e-11
6.45437e-06
-3.13891e-10
-9.7098e-10
6.40998e-06
-2.27131e-09
6.41004e-06
-2.30979e-09
6.41006e-06
-5.53869e-10
6.41004e-06
3.79682e-10
6.41002e-06
4.04339e-10
6.40998e-06
3.62942e-10
6.40996e-06
3.3458e-10
6.40996e-06
9.61099e-10
6.40999e-06
1.449e-09
6.41e-06
1.19911e-09
6.41001e-06
7.05583e-10
6.41002e-06
3.22838e-10
6.41002e-06
4.20648e-11
6.41002e-06
-3.04675e-10
6.41e-06
-5.63903e-10
6.40998e-06
-6.6182e-10
6.40996e-06
-7.31613e-10
6.40994e-06
-8.54257e-10
6.40996e-06
-1.85336e-09
6.41001e-06
-2.41618e-09
6.41001e-06
-1.0793e-09
6.40999e-06
1.06825e-10
6.40997e-06
5.86694e-10
6.40995e-06
8.5305e-10
6.40994e-06
7.01261e-10
6.40994e-06
6.35107e-10
6.40993e-06
6.60675e-10
6.40993e-06
4.83151e-10
6.40993e-06
3.14225e-10
6.40993e-06
7.9296e-11
6.40993e-06
-1.47714e-11
6.40992e-06
-3.56934e-10
6.40995e-06
-1.39445e-09
6.41001e-06
-2.07764e-09
6.41004e-06
-1.38251e-09
6.41005e-06
-6.36173e-10
6.41005e-06
-1.84403e-10
6.41006e-06
2.34176e-10
6.41007e-06
1.38751e-09
6.41009e-06
2.09056e-09
6.4101e-06
1.8209e-09
6.41009e-06
1.51131e-09
6.41009e-06
9.47122e-10
6.41009e-06
7.16568e-10
6.41008e-06
6.16136e-10
6.41007e-06
4.63828e-10
6.41007e-06
2.79423e-10
6.41006e-06
1.39783e-10
6.41007e-06
3.50847e-11
6.41007e-06
1.91791e-12
6.41006e-06
-2.41545e-11
6.41006e-06
-1.7788e-11
6.41006e-06
-2.34716e-11
6.41006e-06
-8.22244e-12
6.41006e-06
-1.44164e-11
6.41005e-06
-1.84914e-13
6.41005e-06
2.02699e-12
6.41005e-06
1.83961e-11
6.41005e-06
9.86569e-12
6.41005e-06
1.54968e-11
6.41004e-06
7.07676e-12
6.41004e-06
7.75856e-12
6.41004e-06
-1.07753e-12
6.41004e-06
5.32507e-12
6.41004e-06
-1.31936e-13
6.41004e-06
1.19468e-11
6.41003e-06
4.85374e-12
6.41003e-06
1.71598e-11
6.41003e-06
1.69918e-11
6.41003e-06
3.2029e-11
6.41003e-06
2.12224e-11
6.41003e-06
2.6304e-11
6.41003e-06
1.5559e-11
6.41003e-06
1.81747e-11
6.41003e-06
1.11078e-11
6.41003e-06
1.58617e-11
6.41003e-06
8.437e-12
6.41003e-06
1.28495e-11
6.41003e-06
5.92159e-12
6.41002e-06
9.10632e-12
6.41002e-06
3.17666e-12
6.41002e-06
5.43306e-12
6.41002e-06
2.46057e-14
6.41002e-06
2.40143e-12
6.41002e-06
-2.28697e-12
6.41002e-06
2.40253e-13
6.41002e-06
-4.26584e-12
6.41002e-06
-1.35507e-12
6.41002e-06
-7.16106e-12
6.41002e-06
-4.31076e-12
6.41002e-06
-8.57563e-12
6.41002e-06
-5.28531e-12
6.41002e-06
-9.56383e-12
6.41002e-06
-5.2496e-12
6.41002e-06
-1.10323e-11
6.41002e-06
-8.96087e-12
6.41002e-06
-2.48585e-11
6.41002e-06
-7.87827e-11
6.41002e-06
-3.0741e-10
-9.38622e-10
6.35947e-06
-2.27243e-09
6.35953e-06
-2.37187e-09
6.35955e-06
-5.73653e-10
6.35953e-06
3.9845e-10
6.35951e-06
4.25953e-10
6.35947e-06
4.00482e-10
6.35945e-06
3.57662e-10
6.35945e-06
9.54468e-10
6.35948e-06
1.42632e-09
6.35949e-06
1.18169e-09
6.3595e-06
6.96084e-10
6.35951e-06
3.15299e-10
6.35951e-06
3.91005e-11
6.35951e-06
-2.96412e-10
6.35949e-06
-5.46463e-10
6.35947e-06
-6.41608e-10
6.35945e-06
-7.09353e-10
6.35942e-06
-8.28576e-10
6.35944e-06
-1.87355e-09
6.3595e-06
-2.47204e-09
6.3595e-06
-1.0815e-09
6.35948e-06
1.34251e-10
6.35946e-06
6.01405e-10
6.35944e-06
8.74729e-10
6.35943e-06
7.1069e-10
6.35942e-06
6.40043e-10
6.35942e-06
6.65643e-10
6.35941e-06
4.91993e-10
6.35941e-06
3.16393e-10
6.35941e-06
8.3114e-11
6.35941e-06
-1.8613e-11
6.3594e-06
-3.4756e-10
6.35944e-06
-1.42998e-09
6.3595e-06
-2.14023e-09
6.35953e-06
-1.41199e-09
6.35953e-06
-6.41386e-10
6.35953e-06
-1.88119e-10
6.35955e-06
2.1782e-10
6.35956e-06
1.37648e-09
6.35957e-06
2.07703e-09
6.35959e-06
1.80742e-09
6.35958e-06
1.51566e-09
6.35958e-06
9.53886e-10
6.35957e-06
7.19442e-10
6.35957e-06
6.2363e-10
6.35956e-06
4.71205e-10
6.35955e-06
2.84943e-10
6.35955e-06
1.39481e-10
6.35955e-06
3.63852e-11
6.35955e-06
2.30177e-12
6.35955e-06
-2.24069e-11
6.35955e-06
-1.59976e-11
6.35954e-06
-2.05875e-11
6.35954e-06
-5.78633e-12
6.35954e-06
-1.13362e-11
6.35954e-06
1.7396e-12
6.35953e-06
4.76412e-12
6.35953e-06
1.96742e-11
6.35953e-06
1.27922e-11
6.35953e-06
1.71034e-11
6.35953e-06
9.04767e-12
6.35953e-06
9.05141e-12
6.35952e-06
1.00266e-12
6.35952e-06
6.56036e-12
6.35952e-06
1.54575e-12
6.35952e-06
1.28935e-11
6.35952e-06
6.28034e-12
6.35952e-06
1.74156e-11
6.35952e-06
1.80599e-11
6.35952e-06
3.17268e-11
6.35952e-06
2.26235e-11
6.35952e-06
2.67259e-11
6.35952e-06
1.59736e-11
6.35952e-06
1.85671e-11
6.35951e-06
1.15526e-11
6.35951e-06
1.62285e-11
6.35951e-06
8.86886e-12
6.35951e-06
1.29312e-11
6.35951e-06
6.48788e-12
6.35951e-06
8.80179e-12
6.35951e-06
3.93946e-12
6.35951e-06
5.08221e-12
6.35951e-06
6.31369e-13
6.35951e-06
1.9045e-12
6.35951e-06
-1.6252e-12
6.35951e-06
-3.07472e-13
6.35951e-06
-3.53163e-12
6.35951e-06
-1.69434e-12
6.35951e-06
-6.58409e-12
6.35951e-06
-4.60467e-12
6.35951e-06
-8.00846e-12
6.35951e-06
-5.43341e-12
6.35951e-06
-8.97577e-12
6.35951e-06
-5.12925e-12
6.35951e-06
-1.05535e-11
6.35951e-06
-8.86884e-12
6.35951e-06
-2.41755e-11
6.35951e-06
-7.79011e-11
6.3595e-06
-3.00456e-10
-9.02419e-10
6.30216e-06
-2.27144e-09
6.30223e-06
-2.44062e-09
6.30224e-06
-5.92968e-10
6.30223e-06
4.18435e-10
6.3022e-06
4.47471e-10
6.30217e-06
4.38811e-10
6.30214e-06
3.81138e-10
6.30215e-06
9.46637e-10
6.30217e-06
1.4029e-09
6.30219e-06
1.16377e-09
6.3022e-06
6.86328e-10
6.30221e-06
3.0801e-10
6.30221e-06
3.68448e-11
6.3022e-06
-2.8657e-10
6.30218e-06
-5.27178e-10
6.30216e-06
-6.19501e-10
6.30214e-06
-6.84938e-10
6.30211e-06
-8.00308e-10
6.30213e-06
-1.89407e-09
6.30219e-06
-2.53274e-09
6.30219e-06
-1.08352e-09
6.30217e-06
1.62926e-10
6.30215e-06
6.16401e-10
6.30213e-06
8.96784e-10
6.30212e-06
7.2082e-10
6.30211e-06
6.44422e-10
6.30211e-06
6.71458e-10
6.3021e-06
5.01059e-10
6.3021e-06
3.19863e-10
6.3021e-06
8.66068e-11
6.3021e-06
-2.10654e-11
6.30209e-06
-3.36713e-10
6.30212e-06
-1.4663e-09
6.30219e-06
-2.20734e-09
6.30222e-06
-1.44258e-09
6.30222e-06
-6.4671e-10
6.30222e-06
-1.91871e-10
6.30224e-06
2.00125e-10
6.30225e-06
1.36558e-09
6.30226e-06
2.06397e-09
6.30228e-06
1.79246e-09
6.30227e-06
1.52045e-09
6.30227e-06
9.6029e-10
6.30227e-06
7.22115e-10
6.30226e-06
6.30848e-10
6.30225e-06
4.79263e-10
6.30224e-06
2.90822e-10
6.30224e-06
1.39802e-10
6.30224e-06
3.81423e-11
6.30224e-06
3.59845e-12
6.30224e-06
-2.00666e-11
6.30224e-06
-1.33496e-11
6.30223e-06
-1.72984e-11
6.30223e-06
-2.74841e-12
6.30223e-06
-8.14987e-12
6.30222e-06
4.00933e-12
6.30222e-06
7.44767e-12
6.30222e-06
2.11799e-11
6.30222e-06
1.55674e-11
6.30222e-06
1.88242e-11
6.30221e-06
1.06028e-11
6.30221e-06
1.06088e-11
6.30221e-06
2.16656e-12
6.30221e-06
7.57753e-12
6.30221e-06
2.70062e-12
6.30221e-06
1.36405e-11
6.30221e-06
7.17235e-12
6.30221e-06
1.75023e-11
6.30221e-06
1.86695e-11
6.30221e-06
3.13426e-11
6.30221e-06
2.36604e-11
6.30221e-06
2.66781e-11
6.30221e-06
1.63355e-11
6.30221e-06
1.83677e-11
6.30221e-06
1.20233e-11
6.30221e-06
1.61823e-11
6.30221e-06
9.19217e-12
6.30221e-06
1.30779e-11
6.30221e-06
6.53283e-12
6.3022e-06
9.16074e-12
6.30221e-06
3.68297e-12
6.3022e-06
5.32401e-12
6.30221e-06
4.19991e-13
6.3022e-06
2.17135e-12
6.30221e-06
-1.87665e-12
6.3022e-06
7.31863e-14
6.30221e-06
-3.80089e-12
6.3022e-06
-1.29233e-12
6.30221e-06
-6.74225e-12
6.3022e-06
-4.34328e-12
6.3022e-06
-7.93955e-12
6.3022e-06
-5.16531e-12
6.3022e-06
-8.71271e-12
6.3022e-06
-4.84106e-12
6.3022e-06
-1.0137e-11
6.3022e-06
-8.49604e-12
6.3022e-06
-2.36602e-11
6.3022e-06
-7.68971e-11
6.30219e-06
-2.92678e-10
-8.66487e-10
6.23725e-06
-2.27609e-09
6.23733e-06
-2.51367e-09
6.23734e-06
-6.13347e-10
6.23732e-06
4.39326e-10
6.2373e-06
4.684e-10
6.23726e-06
4.77569e-10
6.23724e-06
4.04187e-10
6.23725e-06
9.38465e-10
6.23727e-06
1.37899e-09
6.23729e-06
1.14612e-09
6.2373e-06
6.77025e-10
6.23731e-06
3.01227e-10
6.23731e-06
3.58171e-11
6.2373e-06
-2.7545e-10
6.23728e-06
-5.06342e-10
6.23725e-06
-5.95515e-10
6.23723e-06
-6.5907e-10
6.23719e-06
-7.68998e-10
6.23722e-06
-1.91608e-09
6.23729e-06
-2.59881e-09
6.23729e-06
-1.08593e-09
6.23726e-06
1.93374e-10
6.23724e-06
6.30699e-10
6.23722e-06
9.19632e-10
6.23721e-06
7.30677e-10
6.23721e-06
6.48758e-10
6.2372e-06
6.7675e-10
6.23719e-06
5.11162e-10
6.23719e-06
3.23805e-10
6.23719e-06
9.19145e-11
6.23719e-06
-2.29325e-11
6.23717e-06
-3.22583e-10
6.23721e-06
-1.50403e-09
6.23728e-06
-2.27828e-09
6.23731e-06
-1.47405e-09
6.23731e-06
-6.51269e-10
6.23732e-06
-1.95178e-10
6.23733e-06
1.81327e-10
6.23734e-06
1.35536e-09
6.23736e-06
2.05166e-09
6.23737e-06
1.77656e-09
6.23737e-06
1.52477e-09
6.23736e-06
9.66637e-10
6.23736e-06
7.24119e-10
6.23735e-06
6.38194e-10
6.23734e-06
4.8789e-10
6.23734e-06
2.97499e-10
6.23733e-06
1.40408e-10
6.23733e-06
4.08637e-11
6.23733e-06
5.73243e-12
6.23733e-06
-1.66457e-11
6.23732e-06
-9.99408e-12
6.23732e-06
-1.32762e-11
6.23732e-06
5.7475e-13
6.23731e-06
-4.60285e-12
6.23731e-06
6.22459e-12
6.23731e-06
1.01307e-11
6.23731e-06
2.22636e-11
6.23731e-06
1.82382e-11
6.2373e-06
2.00637e-11
6.2373e-06
1.20759e-11
6.2373e-06
1.14027e-11
6.2373e-06
3.67872e-12
6.2373e-06
8.26915e-12
6.2373e-06
3.72406e-12
6.2373e-06
1.39869e-11
6.2373e-06
7.88594e-12
6.2373e-06
1.71169e-11
6.2373e-06
1.8966e-11
6.2373e-06
3.02964e-11
6.2373e-06
2.44015e-11
6.2373e-06
2.64553e-11
6.2373e-06
1.60632e-11
6.2373e-06
1.81783e-11
6.2373e-06
1.18598e-11
6.2373e-06
1.60435e-11
6.2373e-06
9.11311e-12
6.2373e-06
1.2746e-11
6.2373e-06
6.70884e-12
6.2373e-06
8.5477e-12
6.2373e-06
4.1806e-12
6.2373e-06
4.78782e-12
6.2373e-06
8.63991e-13
6.2373e-06
1.58416e-12
6.2373e-06
-1.28867e-12
6.2373e-06
-4.92788e-13
6.2373e-06
-3.073e-12
6.2373e-06
-1.58918e-12
6.2373e-06
-6.11679e-12
6.2373e-06
-4.54042e-12
6.2373e-06
-7.30096e-12
6.2373e-06
-5.19057e-12
6.2373e-06
-8.03777e-12
6.2373e-06
-4.58296e-12
6.2373e-06
-9.56579e-12
6.2373e-06
-8.25787e-12
6.2373e-06
-2.28307e-11
6.2373e-06
-7.55285e-11
6.23729e-06
-2.8439e-10
-8.25972e-10
6.16371e-06
-2.27882e-09
6.1638e-06
-2.59525e-09
6.16382e-06
-6.33733e-10
6.16379e-06
4.61443e-10
6.16377e-06
4.89056e-10
6.16373e-06
5.17595e-10
6.16371e-06
4.28176e-10
6.16372e-06
9.29378e-10
6.16374e-06
1.35429e-09
6.16376e-06
1.1282e-09
6.16377e-06
6.67893e-10
6.16378e-06
2.95166e-10
6.16378e-06
3.60424e-11
6.16376e-06
-2.62189e-10
6.16374e-06
-4.83145e-10
6.16371e-06
-5.69264e-10
6.16369e-06
-6.30748e-10
6.16365e-06
-7.34622e-10
6.16368e-06
-1.93927e-09
6.16375e-06
-2.67177e-09
6.16375e-06
-1.08867e-09
6.16372e-06
2.25138e-10
6.16371e-06
6.45127e-10
6.16368e-06
9.43131e-10
6.16367e-06
7.41455e-10
6.16367e-06
6.52844e-10
6.16366e-06
6.83038e-10
6.16366e-06
5.21854e-10
6.16365e-06
3.29405e-10
6.16365e-06
9.7266e-11
6.16364e-06
-2.27164e-11
6.16363e-06
-3.06146e-10
6.16367e-06
-1.54323e-09
6.16374e-06
-2.35529e-09
6.16377e-06
-1.50726e-09
6.16378e-06
-6.56021e-10
6.16378e-06
-1.98344e-10
6.1638e-06
1.61044e-10
6.16381e-06
1.34529e-09
6.16382e-06
2.03955e-09
6.16384e-06
1.75848e-09
6.16383e-06
1.52935e-09
6.16383e-06
9.72536e-10
6.16383e-06
7.25969e-10
6.16382e-06
6.45471e-10
6.16381e-06
4.97565e-10
6.1638e-06
3.04978e-10
6.1638e-06
1.42094e-10
6.1638e-06
4.44278e-11
6.16379e-06
9.13458e-12
6.16379e-06
-1.23663e-11
6.16378e-06
-5.72752e-12
6.16378e-06
-8.86643e-12
6.16378e-06
4.34127e-12
6.16377e-06
-1.08316e-12
6.16377e-06
8.60867e-12
6.16377e-06
1.25976e-11
6.16377e-06
2.34203e-11
6.16376e-06
2.05468e-11
6.16376e-06
2.12685e-11
6.16376e-06
1.30416e-11
6.16376e-06
1.24073e-11
6.16376e-06
4.20924e-12
6.16376e-06
8.68508e-12
6.16376e-06
4.2233e-12
6.16376e-06
1.40858e-11
6.16376e-06
8.07967e-12
6.16376e-06
1.6552e-11
6.16376e-06
1.88099e-11
6.16376e-06
2.91706e-11
6.16376e-06
2.47084e-11
6.16376e-06
2.56999e-11
6.16376e-06
1.57791e-11
6.16376e-06
1.73511e-11
6.16376e-06
1.17744e-11
6.16376e-06
1.54623e-11
6.16376e-06
8.9686e-12
6.16376e-06
1.24895e-11
6.16377e-06
6.37557e-12
6.16376e-06
8.65744e-12
6.16377e-06
3.62373e-12
6.16377e-06
4.88195e-12
6.16377e-06
4.68141e-13
6.16377e-06
1.81424e-12
6.16377e-06
-1.64466e-12
6.16377e-06
-6.60738e-14
6.16377e-06
-3.39342e-12
6.16377e-06
-1.10717e-12
6.16377e-06
-6.25557e-12
6.16377e-06
-4.16405e-12
6.16377e-06
-7.17822e-12
6.16376e-06
-4.79701e-12
6.16376e-06
-7.6989e-12
6.16376e-06
-4.18155e-12
6.16376e-06
-9.04692e-12
6.16376e-06
-7.74844e-12
6.16376e-06
-2.21687e-11
6.16376e-06
-7.40589e-11
6.16375e-06
-2.7522e-10
-7.8544e-10
6.0802e-06
-2.28783e-09
6.08029e-06
-2.68327e-09
6.08031e-06
-6.56122e-10
6.08028e-06
4.84562e-10
6.08026e-06
5.09086e-10
6.08022e-06
5.58799e-10
6.0802e-06
4.52658e-10
6.08021e-06
9.2036e-10
6.08023e-06
1.32912e-09
6.08025e-06
1.11067e-09
6.08026e-06
6.59611e-10
6.08026e-06
2.90157e-10
6.08026e-06
3.80608e-11
6.08025e-06
-2.46989e-10
6.08022e-06
-4.57812e-10
6.08019e-06
-5.40758e-10
6.08016e-06
-6.00565e-10
6.08013e-06
-6.96751e-10
6.08015e-06
-1.96493e-09
6.08023e-06
-2.75259e-09
6.08024e-06
-1.09226e-09
6.08021e-06
2.58872e-10
6.08019e-06
6.58865e-10
6.08017e-06
9.67737e-10
6.08015e-06
7.52446e-10
6.08015e-06
6.57347e-10
6.08014e-06
6.89292e-10
6.08014e-06
5.33883e-10
6.08013e-06
3.36045e-10
6.08013e-06
1.04705e-10
6.08012e-06
-2.10761e-11
6.0801e-06
-2.85768e-10
6.08014e-06
-1.58479e-09
6.08022e-06
-2.43825e-09
6.08025e-06
-1.54207e-09
6.08026e-06
-6.60105e-10
6.08026e-06
-2.00805e-10
6.08028e-06
1.39443e-10
6.08029e-06
1.33572e-09
6.0803e-06
2.02769e-09
6.08032e-06
1.73842e-09
6.08032e-06
1.53322e-09
6.08031e-06
9.78272e-10
6.08031e-06
7.27439e-10
6.0803e-06
6.53181e-10
6.08029e-06
5.08251e-10
6.08028e-06
3.13728e-10
6.08028e-06
1.44654e-10
6.08028e-06
4.938e-11
6.08027e-06
1.37523e-11
6.08027e-06
-6.86367e-12
6.08026e-06
-7.78888e-13
6.08026e-06
-3.89794e-12
6.08025e-06
8.17231e-12
6.08025e-06
2.53986e-12
6.08025e-06
1.07436e-11
6.08024e-06
1.48342e-11
6.08024e-06
2.40263e-11
6.08024e-06
2.25168e-11
6.08024e-06
2.18498e-11
6.08024e-06
1.38159e-11
6.08024e-06
1.24961e-11
6.08024e-06
5.07925e-12
6.08024e-06
8.74861e-12
6.08024e-06
4.54641e-12
6.08024e-06
1.3774e-11
6.08024e-06
8.07335e-12
6.08024e-06
1.55575e-11
6.08024e-06
1.83346e-11
6.08024e-06
2.74572e-11
6.08024e-06
2.46724e-11
6.08025e-06
2.48476e-11
6.08025e-06
1.48326e-11
6.08025e-06
1.66252e-11
6.08025e-06
1.10096e-11
6.08025e-06
1.4848e-11
6.08025e-06
8.39168e-12
6.08025e-06
1.17399e-11
6.08025e-06
6.19727e-12
6.08025e-06
7.69347e-12
6.08025e-06
3.92432e-12
6.08025e-06
4.12876e-12
6.08025e-06
8.04731e-13
6.08025e-06
1.09553e-12
6.08025e-06
-1.0676e-12
6.08025e-06
-7.02337e-13
6.08025e-06
-2.60333e-12
6.08025e-06
-1.40565e-12
6.08025e-06
-5.52834e-12
6.08025e-06
-4.29729e-12
6.08025e-06
-6.4384e-12
6.08025e-06
-4.73067e-12
6.08025e-06
-6.92327e-12
6.08025e-06
-3.80742e-12
6.08025e-06
-8.39094e-12
6.08025e-06
-7.39764e-12
6.08025e-06
-2.11893e-11
6.08025e-06
-7.21719e-11
6.08024e-06
-2.6547e-10
-7.38967e-10
5.98488e-06
-2.29498e-09
5.98498e-06
-2.78229e-09
5.985e-06
-6.79043e-10
5.98497e-06
5.08964e-10
5.98495e-06
5.28849e-10
5.98491e-06
6.02005e-10
5.98488e-06
4.78886e-10
5.98489e-06
9.11472e-10
5.98492e-06
1.30364e-09
5.98494e-06
1.09308e-09
5.98494e-06
6.51937e-10
5.98495e-06
2.86453e-10
5.98494e-06
4.1955e-11
5.98493e-06
-2.29109e-10
5.9849e-06
-4.29654e-10
5.98487e-06
-5.0963e-10
5.98483e-06
-5.67694e-10
5.98479e-06
-6.5531e-10
5.98482e-06
-1.99322e-09
5.98491e-06
-2.84289e-09
5.98492e-06
-1.09652e-09
5.98489e-06
2.94469e-10
5.98487e-06
6.72525e-10
5.98484e-06
9.93214e-10
5.98483e-06
7.64583e-10
5.98483e-06
6.62573e-10
5.98482e-06
6.97373e-10
5.98481e-06
5.47209e-10
5.9848e-06
3.44831e-10
5.9848e-06
1.13114e-10
5.98479e-06
-1.69521e-11
5.98476e-06
-2.62282e-10
5.98481e-06
-1.62935e-09
5.9849e-06
-2.5295e-09
5.98493e-06
-1.57904e-09
5.98494e-06
-6.63995e-10
5.98494e-06
-2.02584e-10
5.98496e-06
1.16082e-10
5.98497e-06
1.32567e-09
5.98498e-06
2.01495e-09
5.985e-06
1.71478e-09
5.985e-06
1.53647e-09
5.985e-06
9.83398e-10
5.985e-06
7.29415e-10
5.98499e-06
6.61717e-10
5.98497e-06
5.20434e-10
5.98496e-06
3.23841e-10
5.98496e-06
1.48813e-10
5.98495e-06
5.57614e-11
5.98495e-06
1.99e-11
5.98494e-06
-4.66854e-13
5.98494e-06
4.85553e-12
5.98493e-06
1.17274e-12
5.98493e-06
1.2075e-11
5.98492e-06
5.8295e-12
5.98492e-06
1.26959e-11
5.98492e-06
1.66168e-11
5.98492e-06
2.44171e-11
5.98492e-06
2.39859e-11
5.98492e-06
2.22428e-11
5.98492e-06
1.39748e-11
5.98492e-06
1.27878e-11
5.98492e-06
4.86713e-12
5.98492e-06
8.48377e-12
5.98492e-06
4.36326e-12
5.98492e-06
1.3193e-11
5.98492e-06
7.5889e-12
5.98492e-06
1.43515e-11
5.98492e-06
1.74518e-11
5.98492e-06
2.56181e-11
5.98492e-06
2.4262e-11
5.98493e-06
2.34038e-11
5.98493e-06
1.39689e-11
5.98493e-06
1.52088e-11
5.98493e-06
1.04369e-11
5.98493e-06
1.37684e-11
5.98493e-06
7.84029e-12
5.98493e-06
1.11181e-11
5.98493e-06
5.53008e-12
5.98493e-06
7.5984e-12
5.98493e-06
3.08962e-12
5.98493e-06
4.11043e-12
5.98493e-06
2.44702e-13
5.98493e-06
1.3238e-12
5.98493e-06
-1.51522e-12
5.98493e-06
-1.96395e-13
5.98493e-06
-2.97222e-12
5.98493e-06
-8.26727e-13
5.98493e-06
-5.64262e-12
5.98493e-06
-3.79688e-12
5.98493e-06
-6.26472e-12
5.98493e-06
-4.21578e-12
5.98493e-06
-6.51755e-12
5.98493e-06
-3.31278e-12
5.98493e-06
-7.77659e-12
5.98493e-06
-6.77239e-12
5.98493e-06
-2.03877e-11
5.98493e-06
-7.02011e-11
5.98492e-06
-2.54742e-10
-6.92224e-10
5.87523e-06
-2.31051e-09
5.87534e-06
-2.88971e-09
5.87536e-06
-7.05298e-10
5.87534e-06
5.33652e-10
5.87532e-06
5.47906e-10
5.87527e-06
6.46842e-10
5.87524e-06
5.05977e-10
5.87525e-06
9.0496e-10
5.87527e-06
1.28012e-09
5.87529e-06
1.07648e-09
5.8753e-06
6.4551e-10
5.8753e-06
2.84397e-10
5.87529e-06
4.81526e-11
5.87527e-06
-2.08788e-10
5.87524e-06
-3.98917e-10
5.87521e-06
-4.75923e-10
5.87517e-06
-5.32586e-10
5.87513e-06
-6.10047e-10
5.87516e-06
-2.02612e-09
5.87526e-06
-2.94384e-09
5.87527e-06
-1.10172e-09
5.87524e-06
3.31922e-10
5.87522e-06
6.8514e-10
5.87519e-06
1.0193e-09
5.87518e-06
7.76474e-10
5.87517e-06
6.70528e-10
5.87516e-06
7.08613e-10
5.87515e-06
5.63145e-10
5.87514e-06
3.55432e-10
5.87514e-06
1.24335e-10
5.87512e-06
-1.08581e-11
5.87509e-06
-2.34597e-10
5.87514e-06
-1.67887e-09
5.87524e-06
-2.62927e-09
5.87528e-06
-1.6168e-09
5.87528e-06
-6.6606e-10
5.87528e-06
-2.02658e-10
5.8753e-06
9.09348e-11
5.87532e-06
1.31385e-09
5.87533e-06
1.99931e-09
5.87536e-06
1.6865e-09
5.87536e-06
1.53717e-09
5.87535e-06
9.87199e-10
5.87535e-06
7.33116e-10
5.87534e-06
6.73727e-10
5.87532e-06
5.34847e-10
5.87531e-06
3.35899e-10
5.8753e-06
1.54524e-10
5.8753e-06
6.40242e-11
5.87529e-06
2.73842e-11
5.87528e-06
6.90219e-12
5.87528e-06
1.07361e-11
5.87527e-06
6.27688e-12
5.87527e-06
1.55577e-11
5.87527e-06
8.77513e-12
5.87526e-06
1.40382e-11
5.87526e-06
1.78697e-11
5.87526e-06
2.4026e-11
5.87526e-06
2.49356e-11
5.87526e-06
2.18397e-11
5.87526e-06
1.38624e-11
5.87526e-06
1.19056e-11
5.87526e-06
5.12634e-12
5.87527e-06
7.85961e-12
5.87527e-06
3.98797e-12
5.87527e-06
1.22204e-11
5.87527e-06
6.91478e-12
5.87527e-06
1.27502e-11
5.87527e-06
1.62835e-11
5.87527e-06
2.32366e-11
5.87527e-06
2.35658e-11
5.87528e-06
2.20595e-11
5.87528e-06
1.23532e-11
5.87528e-06
1.41192e-11
5.87528e-06
9.05626e-12
5.87528e-06
1.28022e-11
5.87528e-06
6.78453e-12
5.87528e-06
9.95218e-12
5.87528e-06
5.11546e-12
5.87528e-06
6.14167e-12
5.87528e-06
3.43921e-12
5.87528e-06
3.03252e-12
5.87528e-06
6.70669e-13
5.87528e-06
3.24153e-13
5.87528e-06
-7.26926e-13
5.87528e-06
-1.09129e-12
5.87528e-06
-1.87338e-12
5.87528e-06
-1.27271e-12
5.87528e-06
-4.62669e-12
5.87528e-06
-3.96301e-12
5.87528e-06
-5.30639e-12
5.87528e-06
-4.13047e-12
5.87528e-06
-5.57231e-12
5.87528e-06
-2.843e-12
5.87528e-06
-7.03783e-12
5.87528e-06
-6.36627e-12
5.87528e-06
-1.92237e-11
5.87528e-06
-6.76765e-11
5.87527e-06
-2.43389e-10
-6.37452e-10
5.7476e-06
-2.32737e-09
5.74773e-06
-3.01164e-09
5.74775e-06
-7.33366e-10
5.74773e-06
5.54886e-10
5.74772e-06
5.65714e-10
5.74767e-06
6.93497e-10
5.74764e-06
5.33147e-10
5.74764e-06
9.05472e-10
5.74765e-06
1.26632e-09
5.74767e-06
1.06349e-09
5.74767e-06
6.40772e-10
5.74767e-06
2.8437e-10
5.74766e-06
5.65971e-11
5.74764e-06
-1.856e-10
5.74761e-06
-3.65142e-10
5.74757e-06
-4.39367e-10
5.74753e-06
-4.94429e-10
5.74748e-06
-5.61432e-10
5.74753e-06
-2.06739e-09
5.74764e-06
-3.05863e-09
5.74765e-06
-1.10856e-09
5.74762e-06
3.67101e-10
5.7476e-06
6.96186e-10
5.74758e-06
1.04472e-09
5.74757e-06
7.8659e-10
5.74755e-06
6.86164e-10
5.74753e-06
7.32576e-10
5.74751e-06
5.84851e-10
5.7475e-06
3.69589e-10
5.74749e-06
1.37359e-10
5.74747e-06
-1.58248e-12
5.74744e-06
-2.0434e-10
5.7475e-06
-1.73806e-09
5.74761e-06
-2.74131e-09
5.74765e-06
-1.65308e-09
5.74765e-06
-6.64984e-10
5.74764e-06
-2.0015e-10
5.74767e-06
6.33961e-11
5.74769e-06
1.29515e-09
5.74771e-06
1.97346e-09
5.74775e-06
1.64973e-09
5.74775e-06
1.53384e-09
5.74775e-06
9.86751e-10
5.74774e-06
7.43944e-10
5.74772e-06
6.97635e-10
5.7477e-06
5.55332e-10
5.74768e-06
3.50834e-10
5.74767e-06
1.62781e-10
5.74767e-06
7.39853e-11
5.74766e-06
3.61571e-11
5.74765e-06
1.46143e-11
5.74764e-06
1.65119e-11
5.74764e-06
1.07773e-11
5.74764e-06
1.84096e-11
5.74763e-06
1.08968e-11
5.74763e-06
1.47864e-11
5.74763e-06
1.83442e-11
5.74763e-06
2.31704e-11
5.74763e-06
2.50904e-11
5.74763e-06
2.11089e-11
5.74764e-06
1.30302e-11
5.74764e-06
1.13657e-11
5.74764e-06
4.13791e-12
5.74764e-06
6.90398e-12
5.74764e-06
3.18175e-12
5.74764e-06
1.09828e-11
5.74764e-06
5.85016e-12
5.74764e-06
1.09936e-11
5.74764e-06
1.47613e-11
5.74764e-06
2.07756e-11
5.74765e-06
2.24306e-11
5.74765e-06
1.99726e-11
5.74765e-06
1.10343e-11
5.74765e-06
1.2192e-11
5.74765e-06
8.1201e-12
5.74766e-06
1.12983e-11
5.74766e-06
5.94065e-12
5.74766e-06
9.03613e-12
5.74766e-06
4.20328e-12
5.74766e-06
5.92008e-12
5.74766e-06
2.38391e-12
5.74766e-06
2.96428e-12
5.74766e-06
-5.42047e-15
5.74766e-06
6.0624e-13
5.74766e-06
-1.23376e-12
5.74766e-06
-4.55812e-13
5.74766e-06
-2.27492e-12
5.74766e-06
-5.73112e-13
5.74766e-06
-4.69838e-12
5.74766e-06
-3.32323e-12
5.74766e-06
-5.07743e-12
5.74766e-06
-3.49746e-12
5.74766e-06
-5.10494e-12
5.74766e-06
-2.28142e-12
5.74766e-06
-6.32832e-12
5.74766e-06
-5.65194e-12
5.74766e-06
-1.82791e-11
5.74765e-06
-6.50923e-11
5.74764e-06
-2.30954e-10
-5.8449e-10
5.59651e-06
-2.3751e-09
5.59666e-06
-3.15546e-09
5.5967e-06
-7.72663e-10
5.59669e-06
5.58045e-10
5.59668e-06
5.81008e-10
5.59663e-06
7.4558e-10
5.5966e-06
5.5687e-10
5.59658e-06
9.29624e-10
5.59655e-06
1.28901e-09
5.59655e-06
1.06594e-09
5.59655e-06
6.40843e-10
5.59655e-06
2.87222e-10
5.59654e-06
6.73956e-11
5.59651e-06
-1.60082e-10
5.59648e-06
-3.286e-10
5.59644e-06
-3.99688e-10
5.5964e-06
-4.53419e-10
5.59635e-06
-5.10838e-10
5.59641e-06
-2.1344e-09
5.59656e-06
-3.20077e-09
5.59657e-06
-1.12325e-09
5.59656e-06
3.8666e-10
5.59655e-06
7.02545e-10
5.59652e-06
1.07203e-09
5.59652e-06
7.90313e-10
5.59648e-06
7.25887e-10
5.59641e-06
7.96237e-10
5.59638e-06
6.25803e-10
5.59636e-06
3.90235e-10
5.59634e-06
1.55689e-10
5.59633e-06
8.99262e-12
5.5963e-06
-1.73162e-10
5.59638e-06
-1.8255e-09
5.59652e-06
-2.87997e-09
5.59655e-06
-1.68529e-09
5.59654e-06
-6.57788e-10
5.59653e-06
-1.93826e-10
5.59656e-06
3.33151e-11
5.5966e-06
1.25888e-09
5.59665e-06
1.91853e-09
5.5967e-06
1.60044e-09
5.59671e-06
1.52701e-09
5.59672e-06
9.78561e-10
5.59668e-06
7.7793e-10
5.59662e-06
7.61384e-10
5.59658e-06
5.94056e-10
5.59656e-06
3.72159e-10
5.59655e-06
1.74055e-10
5.59654e-06
8.631e-11
5.59653e-06
4.55358e-11
5.59652e-06
2.20794e-11
5.59652e-06
2.13858e-11
5.59651e-06
1.42643e-11
5.59651e-06
2.01226e-11
5.59651e-06
1.20482e-11
5.59651e-06
1.44122e-11
5.59651e-06
1.80103e-11
5.59651e-06
2.12033e-11
5.59651e-06
2.48629e-11
5.59651e-06
1.9516e-11
5.59652e-06
1.18834e-11
5.59652e-06
9.45649e-12
5.59652e-06
3.7579e-12
5.59652e-06
5.61533e-12
5.59652e-06
2.17395e-12
5.59652e-06
9.44108e-12
5.59652e-06
4.61632e-12
5.59652e-06
8.81947e-12
5.59653e-06
1.30388e-11
5.59653e-06
1.77193e-11
5.59653e-06
2.13655e-11
5.59653e-06
1.82706e-11
5.59654e-06
8.89e-12
5.59654e-06
1.08682e-11
5.59654e-06
6.25222e-12
5.59654e-06
1.00948e-11
5.59654e-06
4.5251e-12
5.59654e-06
7.55436e-12
5.59654e-06
3.64305e-12
5.59654e-06
4.07206e-12
5.59654e-06
2.85031e-12
5.59654e-06
1.65568e-12
5.59655e-06
5.59973e-13
5.59654e-06
-5.96657e-13
5.59655e-06
-2.03677e-13
5.59654e-06
-1.54097e-12
5.59655e-06
-8.50007e-13
5.59654e-06
-1.12648e-12
5.59654e-06
-3.37315e-12
5.59654e-06
-3.4852e-12
5.59654e-06
-3.90052e-12
5.59654e-06
-3.37671e-12
5.59654e-06
-4.00191e-12
5.59654e-06
-1.72219e-12
5.59654e-06
-5.51717e-12
5.59654e-06
-5.19684e-12
5.59654e-06
-1.69194e-11
5.59654e-06
-6.16772e-11
5.59652e-06
-2.17883e-10
-5.27296e-10
5.41312e-06
-2.51117e-09
5.41336e-06
-3.38859e-09
5.41342e-06
-8.39292e-10
5.41347e-06
5.07968e-10
5.41345e-06
6.03515e-10
5.41336e-06
8.35613e-10
5.41334e-06
5.79365e-10
5.41324e-06
1.02359e-09
5.41311e-06
1.42367e-09
5.41306e-06
1.11652e-09
5.41304e-06
6.52955e-10
5.41304e-06
2.94454e-10
5.41303e-06
7.99511e-11
5.413e-06
-1.32621e-10
5.41296e-06
-2.89141e-10
5.41292e-06
-3.56614e-10
5.41287e-06
-4.08142e-10
5.41282e-06
-4.62846e-10
5.41298e-06
-2.29478e-09
5.41322e-06
-3.44009e-09
5.41327e-06
-1.16817e-09
5.41331e-06
3.52805e-10
5.41329e-06
7.13512e-10
5.41323e-06
1.13109e-09
5.41324e-06
7.8813e-10
5.41312e-06
8.36976e-10
5.41294e-06
9.77384e-10
5.41285e-06
7.18936e-10
5.41282e-06
4.25724e-10
5.4128e-06
1.78066e-10
5.41278e-06
2.36543e-11
5.41276e-06
-1.47735e-10
5.41294e-06
-2.01103e-09
5.41318e-06
-3.11879e-09
5.41321e-06
-1.72282e-09
5.4132e-06
-6.46659e-10
5.41319e-06
-1.83912e-10
5.41322e-06
2.18914e-12
5.41329e-06
1.18917e-09
5.41341e-06
1.797e-09
5.41347e-06
1.54463e-09
5.41345e-06
1.54703e-09
5.41347e-06
9.61759e-10
5.41336e-06
8.82729e-10
5.41318e-06
9.42423e-10
5.41309e-06
6.86149e-10
5.41305e-06
4.08054e-10
5.41303e-06
1.91094e-10
5.41302e-06
9.95996e-11
5.41301e-06
5.44435e-11
5.41301e-06
2.81395e-11
5.413e-06
2.44827e-11
5.413e-06
1.60169e-11
5.413e-06
2.02067e-11
5.413e-06
1.18684e-11
5.413e-06
1.31405e-11
5.413e-06
1.65953e-11
5.41301e-06
1.86807e-11
5.41301e-06
2.33304e-11
5.41301e-06
1.74891e-11
5.41301e-06
9.99867e-12
5.41301e-06
8.20346e-12
5.41302e-06
2.00663e-12
5.41302e-06
4.08578e-12
5.41302e-06
9.49572e-13
5.41302e-06
7.65787e-12
5.41302e-06
3.18074e-12
5.41302e-06
6.67591e-12
5.41303e-06
1.10183e-11
5.41303e-06
1.47382e-11
5.41303e-06
1.9524e-11
5.41303e-06
1.55367e-11
5.41304e-06
7.38051e-12
5.41304e-06
8.45437e-12
5.41304e-06
5.22255e-12
5.41304e-06
8.21603e-12
5.41304e-06
3.61441e-12
5.41304e-06
6.48467e-12
5.41304e-06
2.57121e-12
5.41304e-06
4.00464e-12
5.41305e-06
1.4881e-12
5.41305e-06
1.76401e-12
5.41305e-06
-2.95643e-13
5.41305e-06
-1.87361e-14
5.41305e-06
-8.96142e-13
5.41304e-06
-5.13366e-13
5.41305e-06
-1.46404e-12
5.41304e-06
-1.37829e-13
5.41305e-06
-3.52023e-12
5.41304e-06
-2.58491e-12
5.41304e-06
-3.70588e-12
5.41304e-06
-2.56382e-12
5.41304e-06
-3.54388e-12
5.41304e-06
-1.12891e-12
5.41304e-06
-4.70351e-12
5.41304e-06
-4.38321e-12
5.41304e-06
-1.57964e-11
5.41304e-06
-5.80502e-11
5.41302e-06
-2.03275e-10
-4.91382e-10
5.18209e-06
-3.00653e-09
5.18268e-06
-3.96838e-09
5.18281e-06
-9.72666e-10
5.18294e-06
3.73964e-10
5.18283e-06
7.11617e-10
5.18256e-06
1.10711e-09
5.18251e-06
6.3048e-10
5.18223e-06
1.3e-09
5.18182e-06
1.84129e-09
5.18165e-06
1.28175e-09
5.18162e-06
6.87077e-10
5.1816e-06
3.05951e-10
5.18159e-06
9.23222e-11
5.18156e-06
-1.0474e-10
5.18152e-06
-2.46683e-10
5.18148e-06
-3.08794e-10
5.18142e-06
-3.56918e-10
5.18139e-06
-4.25744e-10
5.18189e-06
-2.79387e-09
5.1825e-06
-4.05217e-09
5.18261e-06
-1.28041e-09
5.18274e-06
2.34169e-10
5.18264e-06
8.03733e-10
5.18241e-06
1.36181e-09
5.18239e-06
8.07632e-10
5.18209e-06
1.13314e-09
5.18162e-06
1.44997e-09
5.18141e-06
9.33966e-10
5.18135e-06
4.87038e-10
5.18133e-06
2.06593e-10
5.1813e-06
3.97406e-11
5.1813e-06
-1.39628e-10
5.18183e-06
-2.54402e-09
5.18246e-06
-3.74902e-09
5.18257e-06
-1.8338e-09
5.18257e-06
-6.51477e-10
5.18256e-06
-1.7753e-10
5.18259e-06
-2.12182e-11
5.18267e-06
1.11066e-09
5.18287e-06
1.59116e-09
5.18285e-06
1.56162e-09
5.18266e-06
1.73425e-09
5.18266e-06
9.65513e-10
5.18237e-06
1.17247e-09
5.1819e-06
1.41573e-09
5.18168e-06
9.00923e-10
5.18162e-06
4.70081e-10
5.1816e-06
2.14101e-10
5.18159e-06
1.12295e-10
5.18158e-06
6.0471e-11
5.18158e-06
3.11332e-11
5.18158e-06
2.46114e-11
5.18158e-06
1.54657e-11
5.18158e-06
1.82384e-11
5.18158e-06
1.02705e-11
5.18158e-06
1.07042e-11
5.18159e-06
1.41298e-11
5.18159e-06
1.52575e-11
5.18159e-06
2.07796e-11
5.1816e-06
1.44145e-11
5.1816e-06
8.00712e-12
5.1816e-06
5.00735e-12
5.1816e-06
1.72237e-12
5.1816e-06
2.44358e-12
5.18161e-06
-2.827e-13
5.18161e-06
5.65765e-12
5.18161e-06
1.7231e-12
5.18161e-06
4.44369e-12
5.18161e-06
8.80515e-12
5.18161e-06
1.15217e-11
5.18162e-06
1.72602e-11
5.18162e-06
1.36706e-11
5.18162e-06
4.72911e-12
5.18163e-06
7.29431e-12
5.18163e-06
2.79249e-12
5.18163e-06
7.00988e-12
5.18163e-06
1.87119e-12
5.18163e-06
4.56957e-12
5.18163e-06
2.16825e-12
5.18163e-06
1.25032e-12
5.18163e-06
2.76091e-12
5.18163e-06
-1.55711e-13
5.18163e-06
9.57355e-13
5.18163e-06
-1.94034e-12
5.18163e-06
9.79303e-13
5.18163e-06
-2.42556e-12
5.18163e-06
9.80003e-13
5.18163e-06
-1.31407e-12
5.18163e-06
-1.33554e-12
5.18163e-06
-3.07401e-12
5.18163e-06
-1.9488e-12
5.18163e-06
-2.66292e-12
5.18163e-06
-2.05077e-12
5.18163e-06
-5.85271e-13
5.18163e-06
-3.76767e-12
5.18163e-06
-4.03638e-12
5.18163e-06
-1.39342e-11
5.18162e-06
-5.26083e-11
5.18161e-06
-1.862e-10
-4.84824e-10
4.87384e-06
-4.56396e-09
4.87559e-06
-5.7082e-09
4.87566e-06
-1.0542e-09
4.87564e-06
3.93932e-10
4.87513e-06
1.22153e-09
4.87429e-06
1.95071e-09
4.87413e-06
7.86993e-10
4.8735e-06
1.93112e-09
4.87257e-06
2.77327e-09
4.87225e-06
1.60406e-09
4.87221e-06
7.24855e-10
4.87221e-06
3.0808e-10
4.8722e-06
9.71366e-11
4.87218e-06
-7.8774e-11
4.87213e-06
-1.99712e-10
4.87207e-06
-2.527e-10
4.87201e-06
-2.94607e-10
4.87199e-06
-4.05795e-10
4.87354e-06
-4.34544e-09
4.87535e-06
-5.85472e-09
4.87541e-06
-1.33939e-09
4.87537e-06
2.71722e-10
4.87489e-06
1.28702e-09
4.8741e-06
2.14956e-09
4.87398e-06
9.22621e-10
4.87333e-06
1.78974e-09
4.87232e-06
2.45232e-09
4.87194e-06
1.31884e-09
4.87187e-06
5.58707e-10
4.87186e-06
2.28865e-10
4.87184e-06
5.13177e-11
4.87186e-06
-1.62665e-10
4.87346e-06
-4.14493e-09
4.87534e-06
-5.62904e-09
4.8757e-06
-2.19666e-09
4.87576e-06
-7.10063e-10
4.87577e-06
-1.85415e-10
4.87575e-06
-7.435e-12
4.87555e-06
1.31106e-09
4.87557e-06
1.56746e-09
4.87517e-06
1.96658e-09
4.87443e-06
2.47302e-09
4.87433e-06
1.06319e-09
4.87368e-06
1.82326e-09
4.87268e-06
2.42074e-09
4.87229e-06
1.28747e-09
4.87222e-06
5.43336e-10
4.8722e-06
2.30792e-10
4.8722e-06
1.16773e-10
4.8722e-06
5.89665e-11
4.8722e-06
2.86302e-11
4.8722e-06
2.06316e-11
4.87221e-06
1.21409e-11
4.87221e-06
1.40658e-11
4.87221e-06
7.269e-12
4.87222e-06
7.21465e-12
4.87222e-06
1.06518e-11
4.87222e-06
1.10209e-11
4.87223e-06
1.72008e-11
4.87223e-06
1.07911e-11
4.87224e-06
5.68132e-12
4.87224e-06
1.80119e-12
4.87224e-06
1.289e-12
4.87224e-06
7.89267e-13
4.87224e-06
-1.39354e-12
4.87224e-06
3.53891e-12
4.87225e-06
3.24243e-13
4.87225e-06
2.2168e-12
4.87225e-06
6.39723e-12
4.87225e-06
8.09302e-12
4.87226e-06
1.44771e-11
4.87226e-06
1.14269e-11
4.87226e-06
2.26926e-12
4.87227e-06
5.9356e-12
4.87227e-06
5.87018e-13
4.87227e-06
5.61871e-12
4.87227e-06
3.00662e-13
4.87227e-06
2.66231e-12
4.87227e-06
1.72962e-12
4.87227e-06
-1.18713e-12
4.87227e-06
3.76044e-12
4.87227e-06
-1.7619e-12
4.87227e-06
2.02693e-12
4.87227e-06
-3.47447e-12
4.87227e-06
2.58744e-12
4.87227e-06
-3.90619e-12
4.87227e-06
3.09735e-12
4.87227e-06
-2.22097e-12
4.87227e-06
6.83045e-13
4.87227e-06
-3.2926e-12
4.87227e-06
-3.02429e-13
4.87227e-06
-2.59902e-12
4.87227e-06
-6.38385e-13
4.87227e-06
-8.57082e-14
4.87227e-06
-2.75727e-12
4.87227e-06
-3.56538e-12
4.87227e-06
-1.16469e-11
4.87226e-06
-4.49599e-11
4.87223e-06
-1.61464e-10
-5.36384e-10
4.42209e-06
-7.72076e-09
4.42547e-06
-9.07631e-09
4.42461e-06
-2.03326e-10
4.42363e-06
1.37671e-09
4.42247e-06
2.37539e-09
4.42097e-06
3.44917e-09
4.42083e-06
9.31485e-10
4.42e-06
2.76161e-09
4.41887e-06
3.89776e-09
4.41872e-06
1.75982e-09
4.41882e-06
6.23998e-10
4.41888e-06
2.48834e-10
4.4189e-06
7.63868e-11
4.41888e-06
-5.5723e-11
4.41882e-06
-1.40316e-10
4.41874e-06
-1.76293e-10
4.41865e-06
-2.06948e-10
4.41861e-06
-3.6412e-10
4.42177e-06
-7.50811e-09
4.42517e-06
-9.25083e-09
4.42426e-06
-4.25675e-10
4.42325e-06
1.29175e-09
4.42212e-06
2.40637e-09
4.4207e-06
3.57055e-09
4.42061e-06
1.01172e-09
4.41974e-06
2.65875e-09
4.41852e-06
3.67864e-09
4.41828e-06
1.56596e-09
4.41833e-06
5.06689e-10
4.41837e-06
1.99907e-10
4.41837e-06
3.93198e-11
4.4184e-06
-1.94399e-10
4.42164e-06
-7.382e-09
4.42521e-06
-9.20026e-09
4.4256e-06
-2.58921e-09
4.42561e-06
-7.29654e-10
4.42561e-06
-1.78352e-10
4.42552e-06
7.36845e-11
4.42437e-06
2.46503e-09
4.42351e-06
2.42519e-09
4.42253e-06
2.9419e-09
4.42119e-06
3.81311e-09
4.42114e-06
1.12396e-09
4.42027e-06
2.68609e-09
4.41904e-06
3.65524e-09
4.41878e-06
1.53855e-09
4.41883e-06
4.95173e-10
4.41887e-06
1.92018e-10
4.4189e-06
9.46505e-11
4.41891e-06
4.21587e-11
4.41892e-06
1.80389e-11
4.41893e-06
1.19739e-11
4.41894e-06
6.22454e-12
4.41894e-06
8.0806e-12
4.41895e-06
3.29882e-12
4.41895e-06
2.63824e-12
4.41896e-06
6.41039e-12
4.41896e-06
5.3912e-12
4.41897e-06
1.33654e-11
4.41897e-06
6.47226e-12
4.41897e-06
3.44118e-12
4.41897e-06
-2.20708e-12
4.41898e-06
2.12403e-12
4.41898e-06
-6.24988e-13
4.41898e-06
-2.07592e-12
4.41898e-06
1.49258e-12
4.41898e-06
-8.03714e-13
4.41898e-06
-2.7449e-13
4.41899e-06
3.8315e-12
4.41899e-06
3.67638e-12
4.41899e-06
1.18019e-11
4.419e-06
9.55016e-12
4.419e-06
-7.1123e-13
4.419e-06
5.53019e-12
4.419e-06
-2.28187e-12
4.41901e-06
4.62922e-12
4.41901e-06
-1.62027e-12
4.41901e-06
2.4245e-13
4.41901e-06
1.77671e-12
4.41901e-06
-5.17408e-12
4.41901e-06
6.37271e-12
4.41901e-06
-4.4513e-12
4.41901e-06
4.42046e-12
4.41901e-06
-6.34621e-12
4.41901e-06
5.70986e-12
4.41901e-06
-7.08367e-12
4.41901e-06
6.97334e-12
4.41901e-06
-4.49114e-12
4.41901e-06
4.13875e-12
4.41901e-06
-4.19744e-12
4.41901e-06
2.31284e-12
4.419e-06
-2.9734e-12
4.41901e-06
1.37297e-12
4.419e-06
3.06087e-13
4.419e-06
-1.59515e-12
4.419e-06
-3.11955e-12
4.419e-06
-7.78722e-12
4.41899e-06
-3.16139e-11
4.41894e-06
-1.18794e-10
-5.28682e-10
3.63331e-06
3.62423e-06
3.62403e-06
3.62541e-06
3.62778e-06
3.63123e-06
3.63216e-06
3.63492e-06
3.63882e-06
3.64058e-06
3.6412e-06
3.64145e-06
3.64153e-06
3.64147e-06
3.64133e-06
3.64116e-06
3.64095e-06
3.64059e-06
3.63308e-06
3.62383e-06
3.6234e-06
3.62469e-06
3.6271e-06
3.63067e-06
3.63168e-06
3.63434e-06
3.63802e-06
3.63959e-06
3.64009e-06
3.64029e-06
3.64033e-06
3.64014e-06
3.63275e-06
3.62355e-06
3.62097e-06
3.62024e-06
3.62006e-06
3.62013e-06
3.6226e-06
3.62502e-06
3.62796e-06
3.63178e-06
3.6329e-06
3.63559e-06
3.63924e-06
3.64078e-06
3.64128e-06
3.64147e-06
3.64156e-06
3.6416e-06
3.64162e-06
3.64163e-06
3.64164e-06
3.64165e-06
3.64165e-06
3.64165e-06
3.64166e-06
3.64167e-06
3.64168e-06
3.64169e-06
3.64169e-06
3.64169e-06
3.64169e-06
3.64169e-06
3.64169e-06
3.64169e-06
3.64169e-06
3.64169e-06
3.64169e-06
3.64169e-06
3.64171e-06
3.64172e-06
3.64172e-06
3.64172e-06
3.64172e-06
3.64172e-06
3.64172e-06
3.64172e-06
3.64172e-06
3.64172e-06
3.64172e-06
3.64172e-06
3.64172e-06
3.64172e-06
3.64172e-06
3.64172e-06
3.64172e-06
3.64172e-06
3.64172e-06
3.64172e-06
3.64172e-06
3.64172e-06
3.64172e-06
3.64172e-06
3.64172e-06
3.64172e-06
3.64171e-06
3.64168e-06
3.64156e-06
)
;

boundaryField
{
    inlet
    {
        type            cyclic;
        value           nonuniform List<scalar> 
50
(
-5.98497e-06
-5.87531e-06
-5.74769e-06
-5.59659e-06
-5.41325e-06
-5.18244e-06
-4.87479e-06
-4.42308e-06
-3.62549e-06
-6.08029e-06
-6.16381e-06
-6.23734e-06
-6.30225e-06
-6.35956e-06
-6.41007e-06
-6.45442e-06
-6.49313e-06
-6.52661e-06
-6.55521e-06
-6.57921e-06
-6.59886e-06
-6.61436e-06
-6.62584e-06
-6.63343e-06
-6.6372e-06
-6.63719e-06
-6.63341e-06
-6.62581e-06
-6.61432e-06
-6.59882e-06
-6.57916e-06
-6.55515e-06
-6.52654e-06
-6.49305e-06
-6.45434e-06
-6.40999e-06
-6.35947e-06
-6.30216e-06
-6.23725e-06
-6.16371e-06
-6.08019e-06
-5.98487e-06
-5.87522e-06
-5.74759e-06
-5.59648e-06
-5.41299e-06
-5.18161e-06
-4.8723e-06
-4.41896e-06
-3.64103e-06
)
;
    }
    outlet
    {
        type            cyclic;
        value           nonuniform List<scalar> 
50
(
5.98497e-06
5.87531e-06
5.74769e-06
5.59659e-06
5.41325e-06
5.18244e-06
4.87479e-06
4.42308e-06
3.62549e-06
6.08029e-06
6.16381e-06
6.23734e-06
6.30225e-06
6.35956e-06
6.41007e-06
6.45442e-06
6.49313e-06
6.52661e-06
6.55521e-06
6.57921e-06
6.59886e-06
6.61436e-06
6.62584e-06
6.63343e-06
6.6372e-06
6.63719e-06
6.63341e-06
6.62581e-06
6.61432e-06
6.59882e-06
6.57916e-06
6.55515e-06
6.52654e-06
6.49305e-06
6.45434e-06
6.40999e-06
6.35947e-06
6.30216e-06
6.23725e-06
6.16371e-06
6.08019e-06
5.98487e-06
5.87522e-06
5.74759e-06
5.59648e-06
5.41299e-06
5.18161e-06
4.8723e-06
4.41896e-06
3.64103e-06
)
;
    }
    bottomWall
    {
        type            calculated;
        value           uniform 0;
    }
    topWall
    {
        type            calculated;
        value           uniform 0;
    }
    frontAndBack
    {
        type            empty;
    }
}


// ************************************************************************* //
