/*--------------------------------*- C++ -*----------------------------------*\
  =========                 |
  \\      /  F ield         | OpenFOAM: The Open Source CFD Toolbox
   \\    /   O peration     | Website:  https://openfoam.org
    \\  /    A nd           | Version:  11
     \\/     M anipulation  |
\*---------------------------------------------------------------------------*/
FoamFile
{
    format      ascii;
    class       volVectorField;
    location    "700";
    object      U;
}
// * * * * * * * * * * * * * * * * * * * * * * * * * * * * * * * * * * * * * //

dimensions      [0 1 -1 0 0 0 0];

internalField   nonuniform List<vector> 
5000
(
(6.05287 0.00186411 0)
(6.06363 -0.000472298 0)
(6.04214 -0.000732856 0)
(6.04427 0.000197534 0)
(6.04213 0.000237494 0)
(6.05163 0.000950715 0)
(6.06314 0.000727956 0)
(6.06799 -0.00103312 0)
(6.04366 -0.00185054 0)
(6.03605 -0.000738967 0)
(6.03376 -0.000311602 0)
(6.03306 -0.000138163 0)
(6.03281 -4.87311e-05 0)
(6.03242 0.000881405 0)
(6.04116 0.000871293 0)
(6.04087 0.000587349 0)
(6.05106 0.000844953 0)
(6.05473 0.00040581 0)
(6.0557 0.000330044 0)
(6.06396 0.000417908 0)
(6.06803 0.000265621 0)
(6.06953 0.000108454 0)
(6.07017 3.9988e-05 0)
(6.07048 1.31098e-05 0)
(6.07066 1.13612e-06 0)
(6.0707 4.61915e-07 0)
(6.07067 1.14111e-06 0)
(6.07059 1.14829e-06 0)
(6.07054 -3.60727e-07 0)
(6.07049 -1.02762e-06 0)
(6.07048 -7.44394e-07 0)
(6.07049 2.76283e-07 0)
(6.07051 3.66747e-06 0)
(6.0705 7.76755e-06 0)
(6.07046 9.92419e-06 0)
(6.0704 8.39619e-06 0)
(6.07033 4.71086e-06 0)
(6.0703 3.66752e-06 0)
(6.07035 -0.00141225 0)
(6.04444 -0.00201357 0)
(6.03639 -0.000829451 0)
(6.03402 -0.000349384 0)
(6.03335 -0.000156969 0)
(6.03314 -6.8341e-05 0)
(6.03303 -2.73083e-05 0)
(6.03294 -1.10487e-05 0)
(6.03288 -5.04208e-06 0)
(6.03286 -3.38059e-06 0)
(6.03285 -2.34545e-06 0)
(6.03285 -1.71327e-06 0)
(6.03286 -7.6995e-07 0)
(6.03287 -7.11482e-07 0)
(6.03288 -1.42085e-07 0)
(6.03289 -3.58286e-07 0)
(6.03289 3.077e-08 0)
(6.0329 -3.57442e-07 0)
(6.0329 -8.38738e-09 0)
(6.03291 -3.6181e-07 0)
(6.03291 -1.06736e-07 0)
(6.03291 -2.81442e-07 0)
(6.03291 -1.44938e-07 0)
(6.03291 -2.58084e-07 0)
(6.03291 1.08141e-08 0)
(6.03292 -1.70416e-07 0)
(6.03293 1.34919e-07 0)
(6.03293 -1.82951e-07 0)
(6.03294 1.20305e-07 0)
(6.03295 -2.8727e-07 0)
(6.03295 3.29696e-08 0)
(6.03296 -3.268e-07 0)
(6.03296 -7.54336e-08 0)
(6.03296 -2.37599e-07 0)
(6.03296 -1.16524e-07 0)
(6.03296 -1.92114e-07 0)
(6.03296 -6.74676e-08 0)
(6.03296 -1.49031e-07 0)
(6.03296 -5.29577e-09 0)
(6.03296 -1.48474e-07 0)
(6.03297 1.81259e-08 0)
(6.03297 -1.25883e-07 0)
(6.03297 4.97437e-08 0)
(6.03297 -8.30806e-08 0)
(6.03297 6.99677e-08 0)
(6.03297 -7.42375e-08 0)
(6.03297 7.36607e-08 0)
(6.03297 -6.09278e-08 0)
(6.03297 1.01091e-07 0)
(6.03297 -6.86336e-08 0)
(6.03297 1.27957e-07 0)
(6.03297 -2.9711e-08 0)
(6.03297 9.44577e-08 0)
(6.03297 -4.35305e-08 0)
(6.03297 8.4863e-08 0)
(6.03297 -5.09782e-08 0)
(6.03296 1.15511e-07 0)
(6.03296 2.72632e-08 0)
(6.03296 4.35711e-07 0)
(6.03296 1.2492e-06 0)
(6.03292 6.81452e-06 0)
(6.03248 0.00131426 0)
(7.3686 0.000654561 0)
(7.36667 -5.08922e-05 0)
(7.37494 -0.000203254 0)
(7.3725 -5.11049e-06 0)
(7.37307 8.43742e-05 0)
(7.3695 0.000249203 0)
(7.36601 0.000240736 0)
(7.36573 -0.00023895 0)
(7.3757 -0.000598496 0)
(7.37634 -0.000370905 0)
(7.37609 -0.000185542 0)
(7.37594 -9.01166e-05 0)
(7.37581 -3.28085e-05 0)
(7.37521 0.000309545 0)
(7.372 0.000321672 0)
(7.37266 0.000263344 0)
(7.36895 0.000384601 0)
(7.36877 0.000267559 0)
(7.36926 7.49605e-05 0)
(7.36598 7.3193e-05 0)
(7.36502 9.60554e-05 0)
(7.36524 5.08893e-05 0)
(7.36544 1.65042e-05 0)
(7.36557 3.50974e-06 0)
(7.36568 -2.91431e-06 0)
(7.36573 8.59701e-07 0)
(7.36572 3.50096e-06 0)
(7.36568 3.96392e-06 0)
(7.36566 1.36587e-06 0)
(7.36564 4.15511e-07 0)
(7.36565 -3.07153e-07 0)
(7.36565 2.64648e-07 0)
(7.36564 3.62139e-06 0)
(7.36558 7.95698e-06 0)
(7.3655 1.09016e-05 0)
(7.36542 9.08074e-06 0)
(7.36536 5.26947e-06 0)
(7.36535 2.21776e-06 0)
(7.36582 -0.00042383 0)
(7.3757 -0.000706847 0)
(7.37631 -0.000435481 0)
(7.37612 -0.000218379 0)
(7.37603 -0.000107406 0)
(7.37598 -4.75114e-05 0)
(7.37593 -1.69017e-05 0)
(7.37588 -5.28779e-06 0)
(7.37585 -2.12272e-06 0)
(7.37585 -2.31006e-06 0)
(7.37585 -1.52615e-06 0)
(7.37586 -1.55499e-06 0)
(7.37586 -4.923e-07 0)
(7.37587 -8.82159e-07 0)
(7.37588 -3.60039e-08 0)
(7.37589 -5.76004e-07 0)
(7.37589 1.13103e-07 0)
(7.3759 -6.15333e-07 0)
(7.3759 7.29206e-09 0)
(7.37591 -6.8915e-07 0)
(7.37591 -1.95314e-07 0)
(7.37591 -5.29284e-07 0)
(7.37591 -2.32125e-07 0)
(7.37591 -4.09086e-07 0)
(7.37592 5.90164e-08 0)
(7.37592 -2.87329e-07 0)
(7.37593 2.43689e-07 0)
(7.37594 -3.44327e-07 0)
(7.37594 2.25113e-07 0)
(7.37595 -5.12893e-07 0)
(7.37596 6.75871e-08 0)
(7.37596 -6.33389e-07 0)
(7.37596 -1.47309e-07 0)
(7.37596 -4.66452e-07 0)
(7.37596 -1.87172e-07 0)
(7.37596 -3.2115e-07 0)
(7.37596 -9.85837e-08 0)
(7.37597 -2.6014e-07 0)
(7.37597 -3.65499e-09 0)
(7.37597 -2.56261e-07 0)
(7.37597 4.49564e-08 0)
(7.37597 -2.16679e-07 0)
(7.37597 9.70649e-08 0)
(7.37598 -1.51692e-07 0)
(7.37598 1.27852e-07 0)
(7.37598 -1.28537e-07 0)
(7.37598 1.34222e-07 0)
(7.37598 -1.12773e-07 0)
(7.37598 1.66882e-07 0)
(7.37598 -1.36477e-07 0)
(7.37597 2.16922e-07 0)
(7.37598 -7.08057e-08 0)
(7.37597 1.68814e-07 0)
(7.37597 -7.90727e-08 0)
(7.37597 1.51012e-07 0)
(7.37597 -1.01242e-07 0)
(7.37597 1.94984e-07 0)
(7.37597 4.83319e-09 0)
(7.37597 5.90717e-07 0)
(7.37596 1.59226e-06 0)
(7.37591 8.07168e-06 0)
(7.37525 0.000489355 0)
(8.12344 0.000254948 0)
(8.12228 3.34554e-05 0)
(8.12566 -8.22823e-05 0)
(8.12585 -5.59942e-05 0)
(8.12654 1.88778e-05 0)
(8.12474 0.000104128 0)
(8.12218 0.000111665 0)
(8.1214 -4.26682e-05 0)
(8.12587 -0.000213067 0)
(8.12652 -0.000176501 0)
(8.1265 -0.000104835 0)
(8.12645 -5.47118e-05 0)
(8.12636 -1.99827e-05 0)
(8.12609 9.07942e-05 0)
(8.1257 0.000102678 0)
(8.12634 0.000131043 0)
(8.12443 0.000198173 0)
(8.12417 0.000158237 0)
(8.12435 5.26623e-05 0)
(8.122 2.90056e-05 0)
(8.12081 4.25533e-05 0)
(8.12066 2.75492e-05 0)
(8.12068 8.14951e-06 0)
(8.12072 -3.26488e-07 0)
(8.12077 -5.51637e-06 0)
(8.1208 1.27421e-06 0)
(8.12079 4.93702e-06 0)
(8.12076 5.74205e-06 0)
(8.12074 2.25941e-06 0)
(8.12073 1.06356e-06 0)
(8.12074 3.46169e-08 0)
(8.12074 5.55222e-07 0)
(8.12073 4.52478e-06 0)
(8.12067 9.48799e-06 0)
(8.12061 1.26194e-05 0)
(8.12055 9.98659e-06 0)
(8.1205 5.43989e-06 0)
(8.1205 -5.88599e-07 0)
(8.12084 -0.000152852 0)
(8.12558 -0.000293527 0)
(8.12635 -0.000230599 0)
(8.12642 -0.000136049 0)
(8.12644 -7.28614e-05 0)
(8.12642 -3.16482e-05 0)
(8.12638 -8.88215e-06 0)
(8.12635 -1.23691e-06 0)
(8.12633 -9.00644e-08 0)
(8.12633 -1.64945e-06 0)
(8.12633 -1.07288e-06 0)
(8.12634 -1.64788e-06 0)
(8.12634 -3.56134e-07 0)
(8.12635 -1.11061e-06 0)
(8.12636 2.99423e-08 0)
(8.12636 -8.64589e-07 0)
(8.12637 1.67182e-07 0)
(8.12638 -9.5013e-07 0)
(8.12638 8.3613e-09 0)
(8.12638 -1.09169e-06 0)
(8.12638 -3.13669e-07 0)
(8.12638 -8.37103e-07 0)
(8.12639 -3.51837e-07 0)
(8.12639 -6.08661e-07 0)
(8.12639 8.45196e-08 0)
(8.1264 -4.69564e-07 0)
(8.12641 3.25667e-07 0)
(8.12641 -5.82971e-07 0)
(8.12642 3.01163e-07 0)
(8.12643 -8.15882e-07 0)
(8.12643 8.47775e-08 0)
(8.12644 -1.01359e-06 0)
(8.12644 -2.49181e-07 0)
(8.12644 -7.48197e-07 0)
(8.12644 -2.9406e-07 0)
(8.12644 -4.87405e-07 0)
(8.12644 -1.43062e-07 0)
(8.12645 -4.07323e-07 0)
(8.12645 -1.44603e-08 0)
(8.12645 -3.95158e-07 0)
(8.12645 7.03764e-08 0)
(8.12646 -3.35117e-07 0)
(8.12646 1.53061e-07 0)
(8.12646 -2.4519e-07 0)
(8.12646 1.96084e-07 0)
(8.12646 -2.02115e-07 0)
(8.12646 2.15311e-07 0)
(8.12646 -1.7832e-07 0)
(8.12646 2.58988e-07 0)
(8.12646 -2.12303e-07 0)
(8.12646 3.2414e-07 0)
(8.12646 -1.24536e-07 0)
(8.12645 2.64134e-07 0)
(8.12646 -1.2472e-07 0)
(8.12645 2.37893e-07 0)
(8.12645 -1.58006e-07 0)
(8.12645 2.88865e-07 0)
(8.12645 -2.43788e-08 0)
(8.12645 7.84513e-07 0)
(8.12644 2.00025e-06 0)
(8.1264 1.02255e-05 0)
(8.12604 0.000192562 0)
(8.63732 0.000126548 0)
(8.63704 3.61615e-05 0)
(8.63782 -2.72583e-05 0)
(8.63825 -2.98276e-05 0)
(8.63865 1.17677e-06 0)
(8.63819 3.77929e-05 0)
(8.63717 4.14787e-05 0)
(8.63677 -6.81109e-06 0)
(8.63793 -8.8164e-05 0)
(8.63801 -9.25336e-05 0)
(8.63793 -6.35419e-05 0)
(8.63786 -3.49189e-05 0)
(8.63778 -1.2024e-05 0)
(8.6377 4.35027e-05 0)
(8.63806 6.23713e-05 0)
(8.63848 7.94825e-05 0)
(8.63801 0.000110018 0)
(8.63805 0.000100399 0)
(8.63814 3.60239e-05 0)
(8.63705 5.75248e-06 0)
(8.63639 1.3411e-05 0)
(8.63625 1.21518e-05 0)
(8.63623 7.04918e-07 0)
(8.63624 -3.78823e-06 0)
(8.63626 -7.79083e-06 0)
(8.63626 1.85144e-06 0)
(8.63625 6.23208e-06 0)
(8.63622 7.28518e-06 0)
(8.6362 2.95445e-06 0)
(8.6362 1.62601e-06 0)
(8.6362 2.94935e-07 0)
(8.63619 1.0589e-06 0)
(8.63618 5.60021e-06 0)
(8.63614 1.12707e-05 0)
(8.63609 1.4326e-05 0)
(8.63604 1.08468e-05 0)
(8.63601 5.56057e-06 0)
(8.63601 -2.57134e-06 0)
(8.6362 -7.10271e-05 0)
(8.63757 -0.000150415 0)
(8.63778 -0.000141218 0)
(8.63779 -9.41815e-05 0)
(8.63779 -5.38652e-05 0)
(8.63778 -2.18288e-05 0)
(8.63774 -3.23192e-06 0)
(8.63771 1.82909e-06 0)
(8.63769 1.50759e-06 0)
(8.63769 -1.15341e-06 0)
(8.63769 -6.87041e-07 0)
(8.63769 -1.73354e-06 0)
(8.63769 -2.24567e-07 0)
(8.6377 -1.31986e-06 0)
(8.63771 9.1086e-08 0)
(8.63771 -1.13717e-06 0)
(8.63771 2.1458e-07 0)
(8.63772 -1.27249e-06 0)
(8.63772 6.47936e-09 0)
(8.63773 -1.47213e-06 0)
(8.63773 -4.18794e-07 0)
(8.63773 -1.12922e-06 0)
(8.63773 -4.58462e-07 0)
(8.63774 -8.07846e-07 0)
(8.63774 9.24548e-08 0)
(8.63775 -6.5868e-07 0)
(8.63775 3.83429e-07 0)
(8.63776 -8.28525e-07 0)
(8.63776 3.5672e-07 0)
(8.63777 -1.12196e-06 0)
(8.63778 8.89676e-08 0)
(8.63778 -1.37932e-06 0)
(8.63778 -3.45102e-07 0)
(8.63778 -1.02e-06 0)
(8.63778 -3.89982e-07 0)
(8.63779 -6.63417e-07 0)
(8.63779 -1.84409e-07 0)
(8.63779 -5.5772e-07 0)
(8.6378 -2.92872e-08 0)
(8.6378 -5.30332e-07 0)
(8.6378 8.45653e-08 0)
(8.6378 -4.47576e-07 0)
(8.6378 1.99e-07 0)
(8.63781 -3.38565e-07 0)
(8.63781 2.54155e-07 0)
(8.63781 -2.75786e-07 0)
(8.63781 2.88591e-07 0)
(8.63781 -2.40566e-07 0)
(8.63781 3.4325e-07 0)
(8.63781 -2.76841e-07 0)
(8.6378 4.18877e-07 0)
(8.63781 -1.77828e-07 0)
(8.6378 3.52759e-07 0)
(8.6378 -1.7257e-07 0)
(8.6378 3.22003e-07 0)
(8.6378 -2.11792e-07 0)
(8.6378 3.78171e-07 0)
(8.6378 -5.32454e-08 0)
(8.6378 9.68068e-07 0)
(8.63779 2.30636e-06 0)
(8.63776 1.07227e-05 0)
(8.63764 9.62071e-05 0)
(9.02222 8.00047e-05 0)
(9.02223 3.14426e-05 0)
(9.02236 -4.48551e-06 0)
(9.02257 -7.64421e-06 0)
(9.02276 -1.92122e-07 0)
(9.02273 6.35045e-06 0)
(9.02242 3.36227e-06 0)
(9.02228 -3.76651e-06 0)
(9.02249 -4.49474e-05 0)
(9.02239 -5.62001e-05 0)
(9.02229 -4.32233e-05 0)
(9.02221 -2.40535e-05 0)
(9.02215 -6.93319e-06 0)
(9.02213 3.33625e-05 0)
(9.02239 5.83592e-05 0)
(9.02262 6.18503e-05 0)
(9.02261 7.03174e-05 0)
(9.02272 7.344e-05 0)
(9.02278 2.30371e-05 0)
(9.02234 -1.01269e-05 0)
(9.02204 -4.74703e-06 0)
(9.02195 1.16297e-06 0)
(9.02194 -5.30909e-06 0)
(9.02194 -6.53787e-06 0)
(9.02195 -9.54266e-06 0)
(9.02194 2.56547e-06 0)
(9.02192 7.56192e-06 0)
(9.02189 8.73713e-06 0)
(9.02187 3.62265e-06 0)
(9.02186 2.15414e-06 0)
(9.02186 5.24577e-07 0)
(9.02186 1.59696e-06 0)
(9.02185 6.61311e-06 0)
(9.02181 1.28928e-05 0)
(9.02176 1.58015e-05 0)
(9.02172 1.15963e-05 0)
(9.0217 5.7131e-06 0)
(9.0217 -3.83737e-06 0)
(9.0218 -4.25914e-05 0)
(9.02213 -9.5969e-05 0)
(9.02214 -0.000102139 0)
(9.02212 -7.39607e-05 0)
(9.02212 -4.39003e-05 0)
(9.0221 -1.57898e-05 0)
(9.02207 8.15972e-07 0)
(9.02204 4.21269e-06 0)
(9.02202 2.82811e-06 0)
(9.02202 -7.19778e-07 0)
(9.02201 -3.27633e-07 0)
(9.02201 -1.78045e-06 0)
(9.02202 -8.6564e-08 0)
(9.02202 -1.48791e-06 0)
(9.02202 1.55384e-07 0)
(9.02203 -1.37567e-06 0)
(9.02203 2.57465e-07 0)
(9.02204 -1.55947e-06 0)
(9.02204 -1.31289e-09 0)
(9.02204 -1.81575e-06 0)
(9.02204 -5.10114e-07 0)
(9.02205 -1.39578e-06 0)
(9.02205 -5.56833e-07 0)
(9.02205 -9.9306e-07 0)
(9.02206 8.72981e-08 0)
(9.02206 -8.39878e-07 0)
(9.02207 4.16225e-07 0)
(9.02207 -1.05903e-06 0)
(9.02208 3.88603e-07 0)
(9.02209 -1.40547e-06 0)
(9.02209 7.69078e-08 0)
(9.02209 -1.71659e-06 0)
(9.02209 -4.3472e-07 0)
(9.0221 -1.27203e-06 0)
(9.0221 -4.80428e-07 0)
(9.0221 -8.31369e-07 0)
(9.02211 -2.2959e-07 0)
(9.02211 -7.00887e-07 0)
(9.02211 -4.95479e-08 0)
(9.02211 -6.56111e-07 0)
(9.02212 9.03811e-08 0)
(9.02212 -5.52784e-07 0)
(9.02212 2.31141e-07 0)
(9.02212 -4.25559e-07 0)
(9.02212 3.03334e-07 0)
(9.02212 -3.46269e-07 0)
(9.02212 3.51444e-07 0)
(9.02212 -2.98691e-07 0)
(9.02212 4.17089e-07 0)
(9.02212 -3.33264e-07 0)
(9.02212 5.0053e-07 0)
(9.02212 -2.28567e-07 0)
(9.02212 4.3068e-07 0)
(9.02212 -2.17918e-07 0)
(9.02212 3.95855e-07 0)
(9.02212 -2.60282e-07 0)
(9.02212 4.56174e-07 0)
(9.02212 -8.15478e-08 0)
(9.02212 1.12453e-06 0)
(9.02211 2.51263e-06 0)
(9.02209 1.05155e-05 0)
(9.02207 6.21995e-05 0)
(9.3278 6.34424e-05 0)
(9.32785 2.84449e-05 0)
(9.32787 3.56958e-06 0)
(9.32796 3.98232e-06 0)
(9.32806 1.47458e-06 0)
(9.32812 -7.095e-06 0)
(9.32806 -1.58931e-05 0)
(9.32802 -7.27752e-06 0)
(9.32803 -3.10994e-05 0)
(9.32792 -4.03156e-05 0)
(9.32783 -3.33281e-05 0)
(9.32776 -1.81164e-05 0)
(9.32771 -3.50874e-06 0)
(9.3277 3.23159e-05 0)
(9.32783 6.06736e-05 0)
(9.32796 5.73846e-05 0)
(9.32803 5.50159e-05 0)
(9.32813 6.13423e-05 0)
(9.32818 1.5642e-05 0)
(9.32799 -1.952e-05 0)
(9.32785 -1.54583e-05 0)
(9.32781 -6.18035e-06 0)
(9.3278 -9.86299e-06 0)
(9.32781 -8.65119e-06 0)
(9.32781 -1.08452e-05 0)
(9.3278 3.35279e-06 0)
(9.32777 8.87679e-06 0)
(9.32774 1.01139e-05 0)
(9.32772 4.24688e-06 0)
(9.32771 2.6992e-06 0)
(9.32771 7.54375e-07 0)
(9.3277 2.13217e-06 0)
(9.32769 7.56439e-06 0)
(9.32765 1.44089e-05 0)
(9.32762 1.71202e-05 0)
(9.32758 1.22967e-05 0)
(9.32756 5.91496e-06 0)
(9.32756 -4.64471e-06 0)
(9.32761 -3.3019e-05 0)
(9.32769 -7.57845e-05 0)
(9.32766 -8.58123e-05 0)
(9.32765 -6.4746e-05 0)
(9.32765 -3.89886e-05 0)
(9.32764 -1.21954e-05 0)
(9.32761 3.72408e-06 0)
(9.32758 6.06689e-06 0)
(9.32757 3.91236e-06 0)
(9.32756 -3.38961e-07 0)
(9.32755 3.96641e-10 0)
(9.32755 -1.79078e-06 0)
(9.32755 4.70447e-08 0)
(9.32755 -1.61218e-06 0)
(9.32756 2.18267e-07 0)
(9.32756 -1.57118e-06 0)
(9.32756 2.90972e-07 0)
(9.32757 -1.80345e-06 0)
(9.32757 -1.98077e-08 0)
(9.32757 -2.11647e-06 0)
(9.32757 -5.95909e-07 0)
(9.32758 -1.63208e-06 0)
(9.32758 -6.50173e-07 0)
(9.32758 -1.16046e-06 0)
(9.32759 6.72052e-08 0)
(9.32759 -1.00649e-06 0)
(9.3276 4.22935e-07 0)
(9.3276 -1.26827e-06 0)
(9.32761 3.94184e-07 0)
(9.32761 -1.65966e-06 0)
(9.32762 4.408e-08 0)
(9.32762 -2.0194e-06 0)
(9.32762 -5.24086e-07 0)
(9.32763 -1.50015e-06 0)
(9.32763 -5.67806e-07 0)
(9.32763 -9.87412e-07 0)
(9.32763 -2.78025e-07 0)
(9.32764 -8.33567e-07 0)
(9.32764 -7.59729e-08 0)
(9.32764 -7.69752e-07 0)
(9.32764 8.78106e-08 0)
(9.32764 -6.4725e-07 0)
(9.32765 2.47638e-07 0)
(9.32765 -5.02171e-07 0)
(9.32765 3.37117e-07 0)
(9.32765 -4.06033e-07 0)
(9.32765 4.01302e-07 0)
(9.32765 -3.48517e-07 0)
(9.32765 4.74658e-07 0)
(9.32765 -3.78475e-07 0)
(9.32765 5.65685e-07 0)
(9.32765 -2.72317e-07 0)
(9.32765 4.93826e-07 0)
(9.32765 -2.57994e-07 0)
(9.32765 4.56114e-07 0)
(9.32765 -3.01398e-07 0)
(9.32765 5.19607e-07 0)
(9.32765 -1.06483e-07 0)
(9.32764 1.25387e-06 0)
(9.32764 2.66351e-06 0)
(9.32763 1.06012e-05 0)
(9.32764 5.03071e-05 0)
(9.57959 5.74369e-05 0)
(9.57964 2.67474e-05 0)
(9.57965 6.19177e-06 0)
(9.57969 8.7957e-06 0)
(9.57976 2.18416e-06 0)
(9.57983 -1.25528e-05 0)
(9.57984 -2.52081e-05 0)
(9.57984 -1.07367e-05 0)
(9.57981 -2.73612e-05 0)
(9.57972 -3.30497e-05 0)
(9.57965 -2.83872e-05 0)
(9.5796 -1.479e-05 0)
(9.57956 -1.13494e-06 0)
(9.57955 3.31333e-05 0)
(9.57962 6.26681e-05 0)
(9.5797 5.68219e-05 0)
(9.57977 4.97879e-05 0)
(9.57985 5.60325e-05 0)
(9.57988 1.17532e-05 0)
(9.57979 -2.3654e-05 0)
(9.57971 -2.1203e-05 0)
(9.57968 -1.07575e-05 0)
(9.57968 -1.31685e-05 0)
(9.57969 -1.02598e-05 0)
(9.57969 -1.17932e-05 0)
(9.57968 4.17253e-06 0)
(9.57966 1.01151e-05 0)
(9.57962 1.14395e-05 0)
(9.5796 4.84843e-06 0)
(9.57959 3.26658e-06 0)
(9.57958 9.90519e-07 0)
(9.57957 2.66108e-06 0)
(9.57956 8.45582e-06 0)
(9.57953 1.5855e-05 0)
(9.5795 1.83278e-05 0)
(9.57946 1.29761e-05 0)
(9.57944 6.16567e-06 0)
(9.57944 -5.22537e-06 0)
(9.57948 -3.05236e-05 0)
(9.5795 -6.91579e-05 0)
(9.57948 -7.92803e-05 0)
(9.57947 -6.07685e-05 0)
(9.57947 -3.67135e-05 0)
(9.57947 -1.00765e-05 0)
(9.57945 5.85817e-06 0)
(9.57942 7.52855e-06 0)
(9.57941 4.8015e-06 0)
(9.5794 -5.74452e-09 0)
(9.57939 2.94575e-07 0)
(9.57939 -1.77017e-06 0)
(9.57939 1.71019e-07 0)
(9.57939 -1.69301e-06 0)
(9.57939 2.77552e-07 0)
(9.57939 -1.72189e-06 0)
(9.5794 3.14319e-07 0)
(9.5794 -2.00201e-06 0)
(9.5794 -4.90379e-08 0)
(9.57941 -2.37189e-06 0)
(9.57941 -6.78252e-07 0)
(9.57941 -1.83631e-06 0)
(9.57941 -7.38891e-07 0)
(9.57941 -1.30869e-06 0)
(9.57942 3.40526e-08 0)
(9.57942 -1.15495e-06 0)
(9.57943 4.06782e-07 0)
(9.57943 -1.45194e-06 0)
(9.57944 3.76041e-07 0)
(9.57944 -1.8806e-06 0)
(9.57945 -7.88517e-09 0)
(9.57945 -2.28457e-06 0)
(9.57945 -6.14641e-07 0)
(9.57946 -1.7012e-06 0)
(9.57946 -6.53603e-07 0)
(9.57946 -1.12729e-06 0)
(9.57946 -3.31056e-07 0)
(9.57947 -9.51794e-07 0)
(9.57947 -1.08728e-07 0)
(9.57947 -8.69249e-07 0)
(9.57947 7.67209e-08 0)
(9.57947 -7.29492e-07 0)
(9.57947 2.53692e-07 0)
(9.57948 -5.68662e-07 0)
(9.57948 3.57587e-07 0)
(9.57948 -4.55808e-07 0)
(9.57948 4.37398e-07 0)
(9.57948 -3.89915e-07 0)
(9.57948 5.18763e-07 0)
(9.57948 -4.14692e-07 0)
(9.57948 6.16971e-07 0)
(9.57948 -3.0865e-07 0)
(9.57948 5.42313e-07 0)
(9.57948 -2.91951e-07 0)
(9.57948 5.01952e-07 0)
(9.57948 -3.35184e-07 0)
(9.57948 5.67395e-07 0)
(9.57948 -1.27209e-07 0)
(9.57948 1.35847e-06 0)
(9.57947 2.78585e-06 0)
(9.57946 1.09561e-05 0)
(9.57948 4.64566e-05 0)
(9.79228 5.53616e-05 0)
(9.79232 2.61159e-05 0)
(9.79232 6.6802e-06 0)
(9.79235 1.00301e-05 0)
(9.79241 1.71926e-06 0)
(9.79248 -1.49411e-05 0)
(9.7925 -2.98241e-05 0)
(9.79251 -1.29792e-05 0)
(9.79248 -2.62963e-05 0)
(9.79241 -2.94237e-05 0)
(9.79236 -2.57643e-05 0)
(9.79232 -1.28249e-05 0)
(9.79229 5.69639e-07 0)
(9.79228 3.39042e-05 0)
(9.79233 6.3344e-05 0)
(9.79239 5.69145e-05 0)
(9.79245 4.82056e-05 0)
(9.7925 5.3599e-05 0)
(9.79253 9.75756e-06 0)
(9.79247 -2.45576e-05 0)
(9.79241 -2.38834e-05 0)
(9.7924 -1.3503e-05 0)
(9.7924 -1.55483e-05 0)
(9.79241 -1.15105e-05 0)
(9.79241 -1.2499e-05 0)
(9.79241 4.97633e-06 0)
(9.79238 1.13047e-05 0)
(9.79235 1.26875e-05 0)
(9.79233 5.43205e-06 0)
(9.79231 3.84351e-06 0)
(9.7923 1.2379e-06 0)
(9.79229 3.17886e-06 0)
(9.79228 9.29953e-06 0)
(9.79225 1.72343e-05 0)
(9.79222 1.9454e-05 0)
(9.79219 1.36421e-05 0)
(9.79217 6.43162e-06 0)
(9.79217 -5.67074e-06 0)
(9.79219 -3.06548e-05 0)
(9.7922 -6.75716e-05 0)
(9.79219 -7.68118e-05 0)
(9.79219 -5.91783e-05 0)
(9.79219 -3.57615e-05 0)
(9.7922 -8.82254e-06 0)
(9.79218 7.48159e-06 0)
(9.79216 8.70914e-06 0)
(9.79214 5.52737e-06 0)
(9.79213 2.86222e-07 0)
(9.79212 5.50481e-07 0)
(9.79212 -1.72455e-06 0)
(9.79212 2.82072e-07 0)
(9.79212 -1.73666e-06 0)
(9.79212 3.31209e-07 0)
(9.79212 -1.82976e-06 0)
(9.79213 3.27319e-07 0)
(9.79213 -2.15588e-06 0)
(9.79213 -8.79844e-08 0)
(9.79213 -2.58216e-06 0)
(9.79213 -7.57668e-07 0)
(9.79214 -2.00861e-06 0)
(9.79214 -8.23087e-07 0)
(9.79214 -1.43654e-06 0)
(9.79214 -9.82332e-09 0)
(9.79215 -1.28304e-06 0)
(9.79215 3.72117e-07 0)
(9.79216 -1.60797e-06 0)
(9.79216 3.38104e-07 0)
(9.79217 -2.06697e-06 0)
(9.79217 -7.58507e-08 0)
(9.79217 -2.51086e-06 0)
(9.79218 -7.0568e-07 0)
(9.79218 -1.87458e-06 0)
(9.79218 -7.36136e-07 0)
(9.79218 -1.25019e-06 0)
(9.79219 -3.8587e-07 0)
(9.79219 -1.05424e-06 0)
(9.79219 -1.45727e-07 0)
(9.79219 -9.53042e-07 0)
(9.79219 5.81505e-08 0)
(9.79219 -7.9763e-07 0)
(9.7922 2.49736e-07 0)
(9.7922 -6.23326e-07 0)
(9.7922 3.66716e-07 0)
(9.7922 -4.96318e-07 0)
(9.7922 4.5899e-07 0)
(9.7922 -4.2151e-07 0)
(9.7922 5.49034e-07 0)
(9.7922 -4.41626e-07 0)
(9.7922 6.51813e-07 0)
(9.7922 -3.36598e-07 0)
(9.7922 5.76499e-07 0)
(9.7922 -3.19575e-07 0)
(9.7922 5.33816e-07 0)
(9.7922 -3.63139e-07 0)
(9.7922 5.99804e-07 0)
(9.7922 -1.43867e-07 0)
(9.7922 1.44134e-06 0)
(9.79219 2.89502e-06 0)
(9.79219 1.14089e-05 0)
(9.79221 4.4968e-05 0)
(9.97503 5.43504e-05 0)
(9.97505 2.58767e-05 0)
(9.97506 6.47232e-06 0)
(9.97508 9.41268e-06 0)
(9.97513 6.61322e-07 0)
(9.97519 -1.62431e-05 0)
(9.97522 -3.21358e-05 0)
(9.97523 -1.44197e-05 0)
(9.97521 -2.57465e-05 0)
(9.97515 -2.72788e-05 0)
(9.97511 -2.40653e-05 0)
(9.97508 -1.15731e-05 0)
(9.97505 1.84731e-06 0)
(9.97505 3.42961e-05 0)
(9.97508 6.30016e-05 0)
(9.97514 5.6845e-05 0)
(9.97518 4.76593e-05 0)
(9.97523 5.2134e-05 0)
(9.97526 8.86907e-06 0)
(9.97521 -2.39575e-05 0)
(9.97516 -2.48439e-05 0)
(9.97514 -1.51211e-05 0)
(9.97515 -1.73244e-05 0)
(9.97516 -1.25405e-05 0)
(9.97517 -1.30463e-05 0)
(9.97516 5.72333e-06 0)
(9.97514 1.24509e-05 0)
(9.97511 1.38581e-05 0)
(9.97509 5.99013e-06 0)
(9.97507 4.41948e-06 0)
(9.97506 1.48883e-06 0)
(9.97505 3.68698e-06 0)
(9.97504 1.01e-05 0)
(9.97501 1.8556e-05 0)
(9.97498 2.05158e-05 0)
(9.97495 1.42992e-05 0)
(9.97493 6.704e-06 0)
(9.97493 -6.03141e-06 0)
(9.97495 -3.16485e-05 0)
(9.97495 -6.75316e-05 0)
(9.97494 -7.59887e-05 0)
(9.97494 -5.86338e-05 0)
(9.97495 -3.54435e-05 0)
(9.97496 -8.09387e-06 0)
(9.97494 8.77077e-06 0)
(9.97492 9.68913e-06 0)
(9.97491 6.11747e-06 0)
(9.9749 5.3836e-07 0)
(9.9749 7.66231e-07 0)
(9.97489 -1.66201e-06 0)
(9.97489 3.78e-07 0)
(9.97489 -1.75176e-06 0)
(9.97489 3.78197e-07 0)
(9.97489 -1.90122e-06 0)
(9.97489 3.31448e-07 0)
(9.9749 -2.26935e-06 0)
(9.9749 -1.33612e-07 0)
(9.9749 -2.75089e-06 0)
(9.9749 -8.33078e-07 0)
(9.9749 -2.15127e-06 0)
(9.9749 -9.01561e-07 0)
(9.97491 -1.54462e-06 0)
(9.97491 -6.01386e-08 0)
(9.97491 -1.39059e-06 0)
(9.97492 3.24964e-07 0)
(9.97492 -1.73694e-06 0)
(9.97493 2.863e-07 0)
(9.97493 -2.21973e-06 0)
(9.97493 -1.54544e-07 0)
(9.97494 -2.69948e-06 0)
(9.97494 -7.94964e-07 0)
(9.97494 -2.02038e-06 0)
(9.97494 -8.13863e-07 0)
(9.97495 -1.3553e-06 0)
(9.97495 -4.40668e-07 0)
(9.97495 -1.13973e-06 0)
(9.97495 -1.84786e-07 0)
(9.97495 -1.02133e-06 0)
(9.97495 3.43082e-08 0)
(9.97496 -8.53227e-07 0)
(9.97496 2.39636e-07 0)
(9.97496 -6.67463e-07 0)
(9.97496 3.68025e-07 0)
(9.97496 -5.28475e-07 0)
(9.97496 4.70187e-07 0)
(9.97496 -4.4566e-07 0)
(9.97496 5.68362e-07 0)
(9.97496 -4.61755e-07 0)
(9.97496 6.72172e-07 0)
(9.97496 -3.57839e-07 0)
(9.97496 5.97194e-07 0)
(9.97496 -3.41651e-07 0)
(9.97496 5.52568e-07 0)
(9.97496 -3.8635e-07 0)
(9.97496 6.18211e-07 0)
(9.97496 -1.57221e-07 0)
(9.97496 1.50533e-06 0)
(9.97496 2.99804e-06 0)
(9.97495 1.18706e-05 0)
(9.97497 4.42591e-05 0)
(10.1339 5.35023e-05 0)
(10.1339 2.5808e-05 0)
(10.1339 6.10636e-06 0)
(10.1339 8.05359e-06 0)
(10.134 -7.08999e-07 0)
(10.134 -1.72228e-05 0)
(10.1341 -3.33304e-05 0)
(10.1341 -1.53794e-05 0)
(10.134 -2.5178e-05 0)
(10.134 -2.56621e-05 0)
(10.134 -2.27653e-05 0)
(10.1339 -1.06959e-05 0)
(10.1339 2.83265e-06 0)
(10.1339 3.436e-05 0)
(10.134 6.2066e-05 0)
(10.134 5.64795e-05 0)
(10.134 4.7259e-05 0)
(10.1341 5.07979e-05 0)
(10.1341 8.56562e-06 0)
(10.1341 -2.26358e-05 0)
(10.134 -2.4818e-05 0)
(10.134 -1.62002e-05 0)
(10.134 -1.87214e-05 0)
(10.134 -1.34459e-05 0)
(10.134 -1.35042e-05 0)
(10.134 6.38753e-06 0)
(10.134 1.35496e-05 0)
(10.134 1.49452e-05 0)
(10.134 6.52299e-06 0)
(10.1339 4.97483e-06 0)
(10.1339 1.74443e-06 0)
(10.1339 4.16924e-06 0)
(10.1339 1.08644e-05 0)
(10.1339 1.9821e-05 0)
(10.1339 2.15244e-05 0)
(10.1338 1.49452e-05 0)
(10.1338 6.97402e-06 0)
(10.1338 -6.32727e-06 0)
(10.1338 -3.28288e-05 0)
(10.1338 -6.80544e-05 0)
(10.1338 -7.56512e-05 0)
(10.1338 -5.85194e-05 0)
(10.1338 -3.54762e-05 0)
(10.1338 -7.62147e-06 0)
(10.1338 9.84578e-06 0)
(10.1338 1.05266e-05 0)
(10.1338 6.59395e-06 0)
(10.1338 7.53851e-07 0)
(10.1338 9.41713e-07 0)
(10.1338 -1.58992e-06 0)
(10.1338 4.57551e-07 0)
(10.1338 -1.74436e-06 0)
(10.1338 4.15112e-07 0)
(10.1338 -1.9421e-06 0)
(10.1338 3.27436e-07 0)
(10.1338 -2.34963e-06 0)
(10.1338 -1.83083e-07 0)
(10.1338 -2.88202e-06 0)
(10.1338 -9.03627e-07 0)
(10.1338 -2.26592e-06 0)
(10.1338 -9.7356e-07 0)
(10.1338 -1.63304e-06 0)
(10.1338 -1.13881e-07 0)
(10.1338 -1.47712e-06 0)
(10.1338 2.70037e-07 0)
(10.1338 -1.83911e-06 0)
(10.1338 2.25639e-07 0)
(10.1338 -2.33937e-06 0)
(10.1338 -2.39244e-07 0)
(10.1338 -2.85165e-06 0)
(10.1338 -8.79764e-07 0)
(10.1338 -2.13951e-06 0)
(10.1338 -8.85147e-07 0)
(10.1338 -1.44226e-06 0)
(10.1338 -4.92505e-07 0)
(10.1338 -1.20758e-06 0)
(10.1338 -2.23822e-07 0)
(10.1338 -1.07478e-06 0)
(10.1338 8.37814e-09 0)
(10.1338 -8.95542e-07 0)
(10.1338 2.24949e-07 0)
(10.1338 -7.00811e-07 0)
(10.1338 3.62951e-07 0)
(10.1338 -5.52226e-07 0)
(10.1338 4.72781e-07 0)
(10.1338 -4.63e-07 0)
(10.1338 5.7683e-07 0)
(10.1338 -4.74743e-07 0)
(10.1338 6.79625e-07 0)
(10.1338 -3.73953e-07 0)
(10.1338 6.05546e-07 0)
(10.1338 -3.59706e-07 0)
(10.1338 5.59184e-07 0)
(10.1338 -4.05263e-07 0)
(10.1338 6.24686e-07 0)
(10.1338 -1.67508e-07 0)
(10.1338 1.55232e-06 0)
(10.1338 3.09538e-06 0)
(10.1338 1.23031e-05 0)
(10.1338 4.38565e-05 0)
(10.2731 5.27027e-05 0)
(10.2731 2.58545e-05 0)
(10.2731 5.76759e-06 0)
(10.2731 6.4879e-06 0)
(10.2732 -2.18796e-06 0)
(10.2732 -1.81316e-05 0)
(10.2732 -3.40389e-05 0)
(10.2732 -1.60486e-05 0)
(10.2732 -2.44963e-05 0)
(10.2732 -2.42688e-05 0)
(10.2731 -2.16639e-05 0)
(10.2731 -1.00352e-05 0)
(10.2731 3.5978e-06 0)
(10.2731 3.41874e-05 0)
(10.2731 6.08242e-05 0)
(10.2732 5.58887e-05 0)
(10.2732 4.68118e-05 0)
(10.2733 4.93813e-05 0)
(10.2733 8.58315e-06 0)
(10.2732 -2.09994e-05 0)
(10.2732 -2.43203e-05 0)
(10.2732 -1.69886e-05 0)
(10.2732 -1.98923e-05 0)
(10.2732 -1.42882e-05 0)
(10.2732 -1.3927e-05 0)
(10.2732 6.95855e-06 0)
(10.2732 1.45892e-05 0)
(10.2732 1.59451e-05 0)
(10.2732 7.02379e-06 0)
(10.2731 5.49919e-06 0)
(10.2731 1.99793e-06 0)
(10.2731 4.62173e-06 0)
(10.2731 1.15986e-05 0)
(10.2731 2.1029e-05 0)
(10.2731 2.24842e-05 0)
(10.273 1.55814e-05 0)
(10.273 7.23001e-06 0)
(10.273 -6.55943e-06 0)
(10.273 -3.39554e-05 0)
(10.273 -6.8688e-05 0)
(10.273 -7.54162e-05 0)
(10.273 -5.85055e-05 0)
(10.273 -3.56945e-05 0)
(10.273 -7.28434e-06 0)
(10.273 1.07835e-05 0)
(10.273 1.12538e-05 0)
(10.273 6.97565e-06 0)
(10.273 9.34726e-07 0)
(10.273 1.07904e-06 0)
(10.273 -1.5153e-06 0)
(10.273 5.20215e-07 0)
(10.273 -1.72058e-06 0)
(10.273 4.40261e-07 0)
(10.273 -1.95787e-06 0)
(10.273 3.15841e-07 0)
(10.273 -2.40104e-06 0)
(10.273 -2.3563e-07 0)
(10.273 -2.98159e-06 0)
(10.273 -9.67776e-07 0)
(10.273 -2.35696e-06 0)
(10.273 -1.03733e-06 0)
(10.273 -1.70277e-06 0)
(10.273 -1.67168e-07 0)
(10.273 -1.54334e-06 0)
(10.273 2.12513e-07 0)
(10.273 -1.91591e-06 0)
(10.273 1.61736e-07 0)
(10.273 -2.42785e-06 0)
(10.273 -3.24561e-07 0)
(10.273 -2.9699e-06 0)
(10.273 -9.57184e-07 0)
(10.273 -2.23273e-06 0)
(10.273 -9.48229e-07 0)
(10.273 -1.5102e-06 0)
(10.273 -5.39222e-07 0)
(10.273 -1.25854e-06 0)
(10.273 -2.60262e-07 0)
(10.273 -1.11323e-06 0)
(10.273 -1.66465e-08 0)
(10.273 -9.25684e-07 0)
(10.273 2.0837e-07 0)
(10.273 -7.244e-07 0)
(10.273 3.53941e-07 0)
(10.273 -5.68886e-07 0)
(10.273 4.69283e-07 0)
(10.273 -4.74997e-07 0)
(10.273 5.76947e-07 0)
(10.273 -4.82911e-07 0)
(10.273 6.7764e-07 0)
(10.273 -3.86967e-07 0)
(10.273 6.03849e-07 0)
(10.273 -3.75177e-07 0)
(10.273 5.55684e-07 0)
(10.273 -4.20878e-07 0)
(10.273 6.20902e-07 0)
(10.273 -1.75892e-07 0)
(10.273 1.58447e-06 0)
(10.273 3.18606e-06 0)
(10.273 1.26971e-05 0)
(10.273 4.34714e-05 0)
(10.3956 5.19249e-05 0)
(10.3956 2.60097e-05 0)
(10.3956 5.50674e-06 0)
(10.3957 4.93859e-06 0)
(10.3957 -3.65191e-06 0)
(10.3957 -1.90295e-05 0)
(10.3958 -3.45388e-05 0)
(10.3958 -1.65244e-05 0)
(10.3958 -2.37034e-05 0)
(10.3957 -2.30031e-05 0)
(10.3957 -2.06894e-05 0)
(10.3957 -9.51712e-06 0)
(10.3957 4.18844e-06 0)
(10.3957 3.3851e-05 0)
(10.3957 5.94581e-05 0)
(10.3957 5.51446e-05 0)
(10.3958 4.6301e-05 0)
(10.3958 4.79096e-05 0)
(10.3958 8.69033e-06 0)
(10.3958 -1.91989e-05 0)
(10.3958 -2.36238e-05 0)
(10.3957 -1.76378e-05 0)
(10.3958 -2.09221e-05 0)
(10.3958 -1.51039e-05 0)
(10.3958 -1.43454e-05 0)
(10.3958 7.43197e-06 0)
(10.3958 1.55666e-05 0)
(10.3957 1.68553e-05 0)
(10.3957 7.49211e-06 0)
(10.3957 5.98007e-06 0)
(10.3957 2.24482e-06 0)
(10.3957 5.04864e-06 0)
(10.3957 1.23006e-05 0)
(10.3957 2.21745e-05 0)
(10.3956 2.34013e-05 0)
(10.3956 1.62064e-05 0)
(10.3956 7.48145e-06 0)
(10.3956 -6.74766e-06 0)
(10.3956 -3.49612e-05 0)
(10.3956 -6.92626e-05 0)
(10.3956 -7.51726e-05 0)
(10.3956 -5.85284e-05 0)
(10.3956 -3.59657e-05 0)
(10.3956 -7.01289e-06 0)
(10.3956 1.16303e-05 0)
(10.3956 1.18897e-05 0)
(10.3956 7.29023e-06 0)
(10.3956 1.08572e-06 0)
(10.3956 1.18068e-06 0)
(10.3956 -1.44271e-06 0)
(10.3956 5.64706e-07 0)
(10.3956 -1.68511e-06 0)
(10.3956 4.53362e-07 0)
(10.3956 -1.95592e-06 0)
(10.3956 2.9728e-07 0)
(10.3956 -2.42676e-06 0)
(10.3956 -2.90319e-07 0)
(10.3956 -3.0551e-06 0)
(10.3956 -1.02481e-06 0)
(10.3956 -2.42595e-06 0)
(10.3956 -1.09277e-06 0)
(10.3956 -1.75445e-06 0)
(10.3956 -2.17184e-07 0)
(10.3956 -1.58962e-06 0)
(10.3956 1.5618e-07 0)
(10.3956 -1.96801e-06 0)
(10.3956 9.90015e-08 0)
(10.3956 -2.48678e-06 0)
(10.3956 -4.05795e-07 0)
(10.3956 -3.05605e-06 0)
(10.3956 -1.02442e-06 0)
(10.3956 -2.30095e-06 0)
(10.3956 -1.00091e-06 0)
(10.3956 -1.55893e-06 0)
(10.3956 -5.78453e-07 0)
(10.3956 -1.29282e-06 0)
(10.3956 -2.91161e-07 0)
(10.3956 -1.13679e-06 0)
(10.3956 -3.94674e-08 0)
(10.3956 -9.43722e-07 0)
(10.3956 1.91163e-07 0)
(10.3956 -7.38782e-07 0)
(10.3956 3.41955e-07 0)
(10.3956 -5.79029e-07 0)
(10.3956 4.60854e-07 0)
(10.3956 -4.82275e-07 0)
(10.3956 5.69765e-07 0)
(10.3956 -4.87207e-07 0)
(10.3956 6.67419e-07 0)
(10.3956 -3.97669e-07 0)
(10.3956 5.92893e-07 0)
(10.3956 -3.88748e-07 0)
(10.3956 5.42805e-07 0)
(10.3956 -4.34015e-07 0)
(10.3956 6.08215e-07 0)
(10.3956 -1.82784e-07 0)
(10.3956 1.60286e-06 0)
(10.3956 3.26978e-06 0)
(10.3956 1.30599e-05 0)
(10.3956 4.30331e-05 0)
(10.5038 5.11721e-05 0)
(10.5038 2.62704e-05 0)
(10.5038 5.33359e-06 0)
(10.5038 3.47609e-06 0)
(10.5039 -5.04067e-06 0)
(10.5039 -1.99225e-05 0)
(10.5039 -3.49471e-05 0)
(10.5039 -1.68693e-05 0)
(10.5039 -2.28068e-05 0)
(10.5039 -2.18339e-05 0)
(10.5038 -1.98152e-05 0)
(10.5038 -9.10274e-06 0)
(10.5038 4.639e-06 0)
(10.5038 3.33973e-05 0)
(10.5039 5.80492e-05 0)
(10.5039 5.43153e-05 0)
(10.5039 4.5726e-05 0)
(10.504 4.64741e-05 0)
(10.504 8.81899e-06 0)
(10.504 -1.73859e-05 0)
(10.5039 -2.28655e-05 0)
(10.5039 -1.82312e-05 0)
(10.5039 -2.18609e-05 0)
(10.5039 -1.59113e-05 0)
(10.504 -1.47806e-05 0)
(10.504 7.81434e-06 0)
(10.5039 1.64809e-05 0)
(10.5039 1.76808e-05 0)
(10.5039 7.9218e-06 0)
(10.5039 6.41295e-06 0)
(10.5039 2.47656e-06 0)
(10.5039 5.45427e-06 0)
(10.5039 1.29539e-05 0)
(10.5038 2.32713e-05 0)
(10.5038 2.428e-05 0)
(10.5038 1.68185e-05 0)
(10.5038 7.7273e-06 0)
(10.5038 -6.90215e-06 0)
(10.5038 -3.58404e-05 0)
(10.5038 -6.97402e-05 0)
(10.5038 -7.4959e-05 0)
(10.5038 -5.85623e-05 0)
(10.5038 -3.61715e-05 0)
(10.5038 -6.76571e-06 0)
(10.5038 1.24158e-05 0)
(10.5038 1.24636e-05 0)
(10.5038 7.55203e-06 0)
(10.5037 1.2097e-06 0)
(10.5037 1.24994e-06 0)
(10.5037 -1.37581e-06 0)
(10.5037 5.91703e-07 0)
(10.5037 -1.64322e-06 0)
(10.5037 4.55439e-07 0)
(10.5037 -1.94185e-06 0)
(10.5037 2.73542e-07 0)
(10.5037 -2.43302e-06 0)
(10.5037 -3.45702e-07 0)
(10.5037 -3.10527e-06 0)
(10.5037 -1.07494e-06 0)
(10.5037 -2.47414e-06 0)
(10.5037 -1.13885e-06 0)
(10.5037 -1.78877e-06 0)
(10.5037 -2.61174e-07 0)
(10.5037 -1.61657e-06 0)
(10.5038 1.0499e-07 0)
(10.5038 -1.99674e-06 0)
(10.5038 4.19677e-08 0)
(10.5038 -2.52e-06 0)
(10.5038 -4.7854e-07 0)
(10.5038 -3.11345e-06 0)
(10.5038 -1.08002e-06 0)
(10.5038 -2.34569e-06 0)
(10.5038 -1.04103e-06 0)
(10.5038 -1.5893e-06 0)
(10.5038 -6.08945e-07 0)
(10.5038 -1.31089e-06 0)
(10.5038 -3.14526e-07 0)
(10.5038 -1.14691e-06 0)
(10.5038 -5.78962e-08 0)
(10.5038 -9.51084e-07 0)
(10.5038 1.75639e-07 0)
(10.5038 -7.45221e-07 0)
(10.5038 3.28986e-07 0)
(10.5038 -5.83775e-07 0)
(10.5038 4.49074e-07 0)
(10.5038 -4.85979e-07 0)
(10.5038 5.57212e-07 0)
(10.5038 -4.89062e-07 0)
(10.5038 6.50944e-07 0)
(10.5038 -4.07192e-07 0)
(10.5038 5.74517e-07 0)
(10.5038 -4.01337e-07 0)
(10.5038 5.22155e-07 0)
(10.5038 -4.45997e-07 0)
(10.5038 5.87946e-07 0)
(10.5038 -1.89022e-07 0)
(10.5038 1.60768e-06 0)
(10.5038 3.34598e-06 0)
(10.5038 1.33867e-05 0)
(10.5038 4.25466e-05 0)
(10.5993 5.04617e-05 0)
(10.5993 2.66106e-05 0)
(10.5993 5.24114e-06 0)
(10.5993 2.11494e-06 0)
(10.5994 -6.34227e-06 0)
(10.5994 -2.08013e-05 0)
(10.5994 -3.53045e-05 0)
(10.5994 -1.71168e-05 0)
(10.5994 -2.18312e-05 0)
(10.5994 -2.07297e-05 0)
(10.5993 -1.90254e-05 0)
(10.5993 -8.76662e-06 0)
(10.5993 4.97547e-06 0)
(10.5993 3.28582e-05 0)
(10.5994 5.66256e-05 0)
(10.5994 5.34396e-05 0)
(10.5994 4.50992e-05 0)
(10.5995 4.51312e-05 0)
(10.5995 8.93278e-06 0)
(10.5995 -1.5635e-05 0)
(10.5994 -2.2101e-05 0)
(10.5994 -1.88046e-05 0)
(10.5994 -2.27385e-05 0)
(10.5995 -1.6721e-05 0)
(10.5995 -1.5241e-05 0)
(10.5995 8.11596e-06 0)
(10.5995 1.73394e-05 0)
(10.5994 1.84255e-05 0)
(10.5994 8.31319e-06 0)
(10.5994 6.78915e-06 0)
(10.5994 2.69065e-06 0)
(10.5994 5.81936e-06 0)
(10.5994 1.35675e-05 0)
(10.5994 2.432e-05 0)
(10.5993 2.51247e-05 0)
(10.5993 1.74143e-05 0)
(10.5993 7.96572e-06 0)
(10.5993 -7.03173e-06 0)
(10.5993 -3.66085e-05 0)
(10.5993 -7.01282e-05 0)
(10.5993 -7.47303e-05 0)
(10.5993 -5.85842e-05 0)
(10.5993 -3.63653e-05 0)
(10.5993 -6.52456e-06 0)
(10.5993 1.31598e-05 0)
(10.5993 1.29934e-05 0)
(10.5993 7.77009e-06 0)
(10.5993 1.31005e-06 0)
(10.5993 1.29007e-06 0)
(10.5993 -1.31611e-06 0)
(10.5993 6.02356e-07 0)
(10.5993 -1.599e-06 0)
(10.5993 4.46965e-07 0)
(10.5993 -1.91915e-06 0)
(10.5993 2.45711e-07 0)
(10.5993 -2.42443e-06 0)
(10.5993 -4.00397e-07 0)
(10.5993 -3.1337e-06 0)
(10.5993 -1.11819e-06 0)
(10.5993 -2.50306e-06 0)
(10.5993 -1.17508e-06 0)
(10.5993 -1.80667e-06 0)
(10.5993 -2.97633e-07 0)
(10.5993 -1.62521e-06 0)
(10.5993 6.14715e-08 0)
(10.5993 -2.00335e-06 0)
(10.5993 -6.48832e-09 0)
(10.5993 -2.52769e-06 0)
(10.5993 -5.40149e-07 0)
(10.5993 -3.14409e-06 0)
(10.5993 -1.12058e-06 0)
(10.5993 -2.36654e-06 0)
(10.5993 -1.06747e-06 0)
(10.5993 -1.60213e-06 0)
(10.5993 -6.28077e-07 0)
(10.5993 -1.31361e-06 0)
(10.5993 -3.28761e-07 0)
(10.5993 -1.14463e-06 0)
(10.5993 -7.07466e-08 0)
(10.5993 -9.48158e-07 0)
(10.5993 1.62536e-07 0)
(10.5993 -7.44325e-07 0)
(10.5993 3.15755e-07 0)
(10.5993 -5.8364e-07 0)
(10.5993 4.34588e-07 0)
(10.5993 -4.86565e-07 0)
(10.5993 5.40017e-07 0)
(10.5993 -4.89082e-07 0)
(10.5993 6.28442e-07 0)
(10.5993 -4.1604e-07 0)
(10.5993 5.49762e-07 0)
(10.5993 -4.13499e-07 0)
(10.5993 4.95172e-07 0)
(10.5993 -4.57327e-07 0)
(10.5993 5.61309e-07 0)
(10.5993 -1.9493e-07 0)
(10.5993 1.60316e-06 0)
(10.5993 3.41539e-06 0)
(10.5993 1.36654e-05 0)
(10.5993 4.20305e-05 0)
(10.6835 4.98022e-05 0)
(10.6835 2.70112e-05 0)
(10.6835 5.22396e-06 0)
(10.6835 8.56149e-07 0)
(10.6835 -7.56355e-06 0)
(10.6836 -2.16585e-05 0)
(10.6836 -3.56246e-05 0)
(10.6836 -1.72869e-05 0)
(10.6836 -2.07928e-05 0)
(10.6835 -1.96744e-05 0)
(10.6835 -1.83063e-05 0)
(10.6835 -8.49074e-06 0)
(10.6835 5.21872e-06 0)
(10.6835 3.22577e-05 0)
(10.6836 5.52063e-05 0)
(10.6836 5.25335e-05 0)
(10.6836 4.44275e-05 0)
(10.6837 4.38348e-05 0)
(10.6837 9.08348e-06 0)
(10.6836 -1.39624e-05 0)
(10.6836 -2.13626e-05 0)
(10.6836 -1.93761e-05 0)
(10.6836 -2.35758e-05 0)
(10.6836 -1.75394e-05 0)
(10.6837 -1.5725e-05 0)
(10.6837 8.34778e-06 0)
(10.6836 1.81476e-05 0)
(10.6836 1.90953e-05 0)
(10.6836 8.66449e-06 0)
(10.6836 7.1086e-06 0)
(10.6836 2.8805e-06 0)
(10.6836 6.13794e-06 0)
(10.6836 1.4141e-05 0)
(10.6836 2.53215e-05 0)
(10.6835 2.59392e-05 0)
(10.6835 1.79912e-05 0)
(10.6835 8.19488e-06 0)
(10.6835 -7.14441e-06 0)
(10.6835 -3.72831e-05 0)
(10.6835 -7.04459e-05 0)
(10.6835 -7.45057e-05 0)
(10.6835 -5.86108e-05 0)
(10.6835 -3.656e-05 0)
(10.6835 -6.27905e-06 0)
(10.6835 1.3879e-05 0)
(10.6835 1.34891e-05 0)
(10.6835 7.9536e-06 0)
(10.6835 1.38928e-06 0)
(10.6835 1.30511e-06 0)
(10.6835 -1.26475e-06 0)
(10.6835 5.98341e-07 0)
(10.6835 -1.55571e-06 0)
(10.6835 4.29184e-07 0)
(10.6835 -1.8912e-06 0)
(10.6835 2.14803e-07 0)
(10.6835 -2.4044e-06 0)
(10.6835 -4.53715e-07 0)
(10.6835 -3.14431e-06 0)
(10.6835 -1.15413e-06 0)
(10.6835 -2.51413e-06 0)
(10.6835 -1.20137e-06 0)
(10.6835 -1.80898e-06 0)
(10.6835 -3.24064e-07 0)
(10.6835 -1.61512e-06 0)
(10.6835 2.78156e-08 0)
(10.6835 -1.98964e-06 0)
(10.6835 -4.24907e-08 0)
(10.6835 -2.51088e-06 0)
(10.6835 -5.88389e-07 0)
(10.6835 -3.14928e-06 0)
(10.6835 -1.14428e-06 0)
(10.6835 -2.36419e-06 0)
(10.6835 -1.07978e-06 0)
(10.6835 -1.5967e-06 0)
(10.6835 -6.34672e-07 0)
(10.6835 -1.30185e-06 0)
(10.6835 -3.34096e-07 0)
(10.6835 -1.13008e-06 0)
(10.6835 -7.75769e-08 0)
(10.6835 -9.35531e-07 0)
(10.6835 1.52636e-07 0)
(10.6835 -7.36661e-07 0)
(10.6835 3.03115e-07 0)
(10.6835 -5.79347e-07 0)
(10.6835 4.18448e-07 0)
(10.6835 -4.84759e-07 0)
(10.6835 5.19622e-07 0)
(10.6835 -4.87965e-07 0)
(10.6835 6.0134e-07 0)
(10.6835 -4.2463e-07 0)
(10.6835 5.20175e-07 0)
(10.6835 -4.25689e-07 0)
(10.6835 4.63354e-07 0)
(10.6835 -4.68513e-07 0)
(10.6835 5.29662e-07 0)
(10.6835 -2.01e-07 0)
(10.6835 1.59262e-06 0)
(10.6835 3.47727e-06 0)
(10.6835 1.38986e-05 0)
(10.6835 4.14946e-05 0)
(10.7574 4.91956e-05 0)
(10.7574 2.74601e-05 0)
(10.7574 5.27057e-06 0)
(10.7574 -3.07101e-07 0)
(10.7575 -8.71152e-06 0)
(10.7575 -2.24872e-05 0)
(10.7575 -3.59138e-05 0)
(10.7575 -1.73911e-05 0)
(10.7575 -1.97066e-05 0)
(10.7575 -1.86551e-05 0)
(10.7574 -1.7644e-05 0)
(10.7574 -8.26181e-06 0)
(10.7574 5.38554e-06 0)
(10.7574 3.16154e-05 0)
(10.7575 5.38024e-05 0)
(10.7575 5.16056e-05 0)
(10.7575 4.37157e-05 0)
(10.7576 4.25762e-05 0)
(10.7576 9.31099e-06 0)
(10.7576 -1.23972e-05 0)
(10.7575 -2.06616e-05 0)
(10.7575 -1.99478e-05 0)
(10.7575 -2.43823e-05 0)
(10.7576 -1.83672e-05 0)
(10.7576 -1.62302e-05 0)
(10.7576 8.52034e-06 0)
(10.7576 1.89138e-05 0)
(10.7575 1.96962e-05 0)
(10.7575 8.97519e-06 0)
(10.7575 7.37226e-06 0)
(10.7575 3.04145e-06 0)
(10.7575 6.40565e-06 0)
(10.7575 1.46735e-05 0)
(10.7575 2.62758e-05 0)
(10.7575 2.67248e-05 0)
(10.7574 1.85464e-05 0)
(10.7574 8.41272e-06 0)
(10.7574 -7.24642e-06 0)
(10.7574 -3.7882e-05 0)
(10.7574 -7.0713e-05 0)
(10.7574 -7.4258e-05 0)
(10.7574 -5.8669e-05 0)
(10.7574 -3.67606e-05 0)
(10.7574 -6.0273e-06 0)
(10.7574 1.45857e-05 0)
(10.7574 1.39597e-05 0)
(10.7574 8.1105e-06 0)
(10.7574 1.45057e-06 0)
(10.7574 1.29914e-06 0)
(10.7574 -1.22222e-06 0)
(10.7574 5.8139e-07 0)
(10.7574 -1.51567e-06 0)
(10.7574 4.02632e-07 0)
(10.7574 -1.86037e-06 0)
(10.7574 1.81318e-07 0)
(10.7574 -2.37502e-06 0)
(10.7574 -5.04619e-07 0)
(10.7574 -3.14118e-06 0)
(10.7574 -1.18239e-06 0)
(10.7574 -2.50843e-06 0)
(10.7574 -1.21757e-06 0)
(10.7574 -1.79573e-06 0)
(10.7574 -3.39356e-07 0)
(10.7574 -1.58696e-06 0)
(10.7574 5.24063e-09 0)
(10.7574 -1.9554e-06 0)
(10.7574 -6.55947e-08 0)
(10.7574 -2.47242e-06 0)
(10.7574 -6.20693e-07 0)
(10.7574 -3.13139e-06 0)
(10.7574 -1.15157e-06 0)
(10.7574 -2.33991e-06 0)
(10.7574 -1.07744e-06 0)
(10.7574 -1.57309e-06 0)
(10.7574 -6.28612e-07 0)
(10.7574 -1.27447e-06 0)
(10.7574 -3.29957e-07 0)
(10.7574 -1.10289e-06 0)
(10.7574 -7.7961e-08 0)
(10.7574 -9.13491e-07 0)
(10.7574 1.46173e-07 0)
(10.7574 -7.22618e-07 0)
(10.7574 2.91498e-07 0)
(10.7574 -5.71364e-07 0)
(10.7574 4.01265e-07 0)
(10.7574 -4.80931e-07 0)
(10.7574 4.96641e-07 0)
(10.7574 -4.86028e-07 0)
(10.7574 5.703e-07 0)
(10.7574 -4.33207e-07 0)
(10.7574 4.86653e-07 0)
(10.7574 -4.38157e-07 0)
(10.7574 4.27765e-07 0)
(10.7574 -4.79743e-07 0)
(10.7574 4.94159e-07 0)
(10.7574 -2.0735e-07 0)
(10.7574 1.57885e-06 0)
(10.7574 3.52986e-06 0)
(10.7574 1.40898e-05 0)
(10.7574 4.09457e-05 0)
(10.8219 4.86367e-05 0)
(10.8219 2.79519e-05 0)
(10.8219 5.37572e-06 0)
(10.8219 -1.39347e-06 0)
(10.822 -9.7949e-06 0)
(10.822 -2.32844e-05 0)
(10.822 -3.61772e-05 0)
(10.822 -1.74299e-05 0)
(10.822 -1.85842e-05 0)
(10.822 -1.76608e-05 0)
(10.8219 -1.70255e-05 0)
(10.8219 -8.07035e-06 0)
(10.8219 5.49032e-06 0)
(10.8219 3.09445e-05 0)
(10.822 5.2419e-05 0)
(10.822 5.06597e-05 0)
(10.822 4.29709e-05 0)
(10.8221 4.13486e-05 0)
(10.8221 9.56955e-06 0)
(10.8221 -1.08937e-05 0)
(10.822 -1.99995e-05 0)
(10.822 -2.05218e-05 0)
(10.822 -2.51571e-05 0)
(10.8221 -1.92008e-05 0)
(10.8221 -1.6755e-05 0)
(10.8221 8.64332e-06 0)
(10.8221 1.96448e-05 0)
(10.8221 2.02349e-05 0)
(10.822 9.2433e-06 0)
(10.822 7.58291e-06 0)
(10.822 3.1703e-06 0)
(10.822 6.62262e-06 0)
(10.822 1.51648e-05 0)
(10.822 2.71857e-05 0)
(10.822 2.74819e-05 0)
(10.822 1.9079e-05 0)
(10.8219 8.61781e-06 0)
(10.8219 -7.34055e-06 0)
(10.822 -3.84207e-05 0)
(10.8219 -7.09453e-05 0)
(10.8219 -7.40114e-05 0)
(10.8219 -5.87242e-05 0)
(10.8219 -3.69668e-05 0)
(10.8219 -5.77498e-06 0)
(10.8219 1.52878e-05 0)
(10.8219 1.44129e-05 0)
(10.8219 8.24668e-06 0)
(10.8219 1.49657e-06 0)
(10.8219 1.27598e-06 0)
(10.8219 -1.18899e-06 0)
(10.8219 5.53315e-07 0)
(10.8219 -1.48079e-06 0)
(10.8219 3.68238e-07 0)
(10.8219 -1.82866e-06 0)
(10.8219 1.45966e-07 0)
(10.8219 -2.33843e-06 0)
(10.8219 -5.51895e-07 0)
(10.8219 -3.12683e-06 0)
(10.8219 -1.20195e-06 0)
(10.8219 -2.48783e-06 0)
(10.8219 -1.22295e-06 0)
(10.8219 -1.76809e-06 0)
(10.8219 -3.41994e-07 0)
(10.8219 -1.54274e-06 0)
(10.8219 -3.20889e-09 0)
(10.8219 -1.90247e-06 0)
(10.8219 -7.41069e-08 0)
(10.8219 -2.4119e-06 0)
(10.8219 -6.36606e-07 0)
(10.8219 -3.09045e-06 0)
(10.8219 -1.14252e-06 0)
(10.8219 -2.2937e-06 0)
(10.8219 -1.05957e-06 0)
(10.8219 -1.53275e-06 0)
(10.8219 -6.10545e-07 0)
(10.8219 -1.23265e-06 0)
(10.8219 -3.16193e-07 0)
(10.8219 -1.06386e-06 0)
(10.8219 -7.18542e-08 0)
(10.8219 -8.82588e-07 0)
(10.8219 1.43999e-07 0)
(10.8219 -7.02642e-07 0)
(10.8219 2.81682e-07 0)
(10.8219 -5.60147e-07 0)
(10.8219 3.83935e-07 0)
(10.8219 -4.75632e-07 0)
(10.8219 4.72158e-07 0)
(10.8219 -4.837e-07 0)
(10.8219 5.36731e-07 0)
(10.8219 -4.41912e-07 0)
(10.8219 4.50424e-07 0)
(10.8219 -4.50986e-07 0)
(10.8219 3.89507e-07 0)
(10.8219 -4.91128e-07 0)
(10.8219 4.55861e-07 0)
(10.8219 -2.14189e-07 0)
(10.8219 1.56046e-06 0)
(10.8219 3.57536e-06 0)
(10.8219 1.4243e-05 0)
(10.8219 4.03884e-05 0)
(10.8777 4.81052e-05 0)
(10.8777 2.8482e-05 0)
(10.8777 5.53524e-06 0)
(10.8777 -2.43022e-06 0)
(10.8778 -1.08252e-05 0)
(10.8778 -2.40498e-05 0)
(10.8778 -3.64212e-05 0)
(10.8778 -1.7403e-05 0)
(10.8778 -1.74338e-05 0)
(10.8777 -1.66838e-05 0)
(10.8777 -1.64396e-05 0)
(10.8777 -7.90918e-06 0)
(10.8777 5.54483e-06 0)
(10.8777 3.02533e-05 0)
(10.8778 5.10578e-05 0)
(10.8778 4.96973e-05 0)
(10.8778 4.22022e-05 0)
(10.8779 4.01465e-05 0)
(10.8779 9.84068e-06 0)
(10.8779 -9.44526e-06 0)
(10.8778 -1.93725e-05 0)
(10.8778 -2.10988e-05 0)
(10.8778 -2.59007e-05 0)
(10.8779 -2.00341e-05 0)
(10.8779 -1.72994e-05 0)
(10.8779 8.72489e-06 0)
(10.8779 2.03482e-05 0)
(10.8779 2.07174e-05 0)
(10.8778 9.46963e-06 0)
(10.8778 7.74264e-06 0)
(10.8778 3.26651e-06 0)
(10.8778 6.78885e-06 0)
(10.8778 1.56145e-05 0)
(10.8778 2.8052e-05 0)
(10.8778 2.82124e-05 0)
(10.8778 1.95879e-05 0)
(10.8778 8.80891e-06 0)
(10.8778 -7.42812e-06 0)
(10.8778 -3.89125e-05 0)
(10.8778 -7.11531e-05 0)
(10.8778 -7.37992e-05 0)
(10.8778 -5.87432e-05 0)
(10.8778 -3.71913e-05 0)
(10.8778 -5.52368e-06 0)
(10.8777 1.59901e-05 0)
(10.8777 1.48553e-05 0)
(10.8777 8.36615e-06 0)
(10.8777 1.53014e-06 0)
(10.8777 1.23872e-06 0)
(10.8777 -1.16484e-06 0)
(10.8777 5.15256e-07 0)
(10.8777 -1.45195e-06 0)
(10.8777 3.27095e-07 0)
(10.8777 -1.7973e-06 0)
(10.8777 1.0897e-07 0)
(10.8777 -2.29618e-06 0)
(10.8777 -5.94909e-07 0)
(10.8777 -3.10186e-06 0)
(10.8777 -1.21253e-06 0)
(10.8777 -2.45397e-06 0)
(10.8777 -1.21666e-06 0)
(10.8777 -1.72576e-06 0)
(10.8777 -3.31336e-07 0)
(10.8777 -1.48321e-06 0)
(10.8777 4.42881e-09 0)
(10.8777 -1.83221e-06 0)
(10.8777 -6.69862e-08 0)
(10.8777 -2.33057e-06 0)
(10.8777 -6.35818e-07 0)
(10.8777 -3.02704e-06 0)
(10.8777 -1.11621e-06 0)
(10.8777 -2.22855e-06 0)
(10.8777 -1.02603e-06 0)
(10.8777 -1.47644e-06 0)
(10.8777 -5.79946e-07 0)
(10.8777 -1.17858e-06 0)
(10.8777 -2.92796e-07 0)
(10.8777 -1.01438e-06 0)
(10.8777 -5.85916e-08 0)
(10.8777 -8.44008e-07 0)
(10.8777 1.45732e-07 0)
(10.8777 -6.76989e-07 0)
(10.8777 2.73799e-07 0)
(10.8777 -5.45886e-07 0)
(10.8777 3.6682e-07 0)
(10.8777 -4.69059e-07 0)
(10.8777 4.4658e-07 0)
(10.8777 -4.8108e-07 0)
(10.8777 5.01166e-07 0)
(10.8777 -4.50902e-07 0)
(10.8777 4.12137e-07 0)
(10.8777 -4.6419e-07 0)
(10.8777 3.49407e-07 0)
(10.8777 -5.02634e-07 0)
(10.8777 4.15702e-07 0)
(10.8777 -2.21495e-07 0)
(10.8777 1.53807e-06 0)
(10.8777 3.61427e-06 0)
(10.8777 1.43608e-05 0)
(10.8777 3.98246e-05 0)
(10.9254 4.75986e-05 0)
(10.9254 2.90372e-05 0)
(10.9254 5.74618e-06 0)
(10.9254 -3.41192e-06 0)
(10.9254 -1.18202e-05 0)
(10.9254 -2.47855e-05 0)
(10.9255 -3.66527e-05 0)
(10.9255 -1.73083e-05 0)
(10.9254 -1.62616e-05 0)
(10.9254 -1.57186e-05 0)
(10.9254 -1.58788e-05 0)
(10.9254 -7.7712e-06 0)
(10.9254 5.55779e-06 0)
(10.9254 2.95478e-05 0)
(10.9254 4.97197e-05 0)
(10.9255 4.87191e-05 0)
(10.9255 4.14179e-05 0)
(10.9255 3.89676e-05 0)
(10.9255 1.01139e-05 0)
(10.9255 -8.04588e-06 0)
(10.9255 -1.87693e-05 0)
(10.9255 -2.16728e-05 0)
(10.9255 -2.66205e-05 0)
(10.9255 -2.08626e-05 0)
(10.9255 -1.78647e-05 0)
(10.9255 8.77249e-06 0)
(10.9255 2.10293e-05 0)
(10.9255 2.11497e-05 0)
(10.9255 9.65521e-06 0)
(10.9255 7.85567e-06 0)
(10.9255 3.32955e-06 0)
(10.9255 6.90566e-06 0)
(10.9255 1.60225e-05 0)
(10.9255 2.88753e-05 0)
(10.9255 2.89179e-05 0)
(10.9254 2.00734e-05 0)
(10.9254 8.9856e-06 0)
(10.9254 -7.51117e-06 0)
(10.9254 -3.93658e-05 0)
(10.9254 -7.13403e-05 0)
(10.9254 -7.36241e-05 0)
(10.9254 -5.87232e-05 0)
(10.9254 -3.74428e-05 0)
(10.9254 -5.2745e-06 0)
(10.9254 1.66958e-05 0)
(10.9254 1.52915e-05 0)
(10.9254 8.47225e-06 0)
(10.9254 1.55351e-06 0)
(10.9254 1.19006e-06 0)
(10.9254 -1.14936e-06 0)
(10.9254 4.68399e-07 0)
(10.9254 -1.42969e-06 0)
(10.9254 2.80816e-07 0)
(10.9254 -1.76737e-06 0)
(10.9254 7.06666e-08 0)
(10.9254 -2.24956e-06 0)
(10.9254 -6.3301e-07 0)
(10.9254 -3.06777e-06 0)
(10.9254 -1.21451e-06 0)
(10.9254 -2.40827e-06 0)
(10.9254 -1.1983e-06 0)
(10.9254 -1.67007e-06 0)
(10.9254 -3.07859e-07 0)
(10.9254 -1.40825e-06 0)
(10.9254 2.59677e-08 0)
(10.9254 -1.74422e-06 0)
(10.9254 -4.49186e-08 0)
(10.9254 -2.22922e-06 0)
(10.9254 -6.18214e-07 0)
(10.9254 -2.94288e-06 0)
(10.9254 -1.07337e-06 0)
(10.9254 -2.1462e-06 0)
(10.9254 -9.77617e-07 0)
(10.9254 -1.40513e-06 0)
(10.9254 -5.3687e-07 0)
(10.9254 -1.1122e-06 0)
(10.9254 -2.59964e-07 0)
(10.9254 -9.5622e-07 0)
(10.9254 -3.85579e-08 0)
(10.9254 -7.98971e-07 0)
(10.9254 1.52043e-07 0)
(10.9254 -6.47036e-07 0)
(10.9254 2.68185e-07 0)
(10.9254 -5.28976e-07 0)
(10.9254 3.50467e-07 0)
(10.9254 -4.61473e-07 0)
(10.9254 4.20708e-07 0)
(10.9254 -4.78266e-07 0)
(10.9254 4.64522e-07 0)
(10.9254 -4.60144e-07 0)
(10.9254 3.72746e-07 0)
(10.9254 -4.77643e-07 0)
(10.9254 3.08328e-07 0)
(10.9254 -5.14159e-07 0)
(10.9254 3.74486e-07 0)
(10.9254 -2.29192e-07 0)
(10.9254 1.51235e-06 0)
(10.9254 3.6468e-06 0)
(10.9254 1.44461e-05 0)
(10.9254 3.92552e-05 0)
(10.9654 4.71479e-05 0)
(10.9654 2.95746e-05 0)
(10.9654 6.01417e-06 0)
(10.9654 -4.34159e-06 0)
(10.9654 -1.27747e-05 0)
(10.9655 -2.54932e-05 0)
(10.9655 -3.68758e-05 0)
(10.9655 -1.71536e-05 0)
(10.9654 -1.50626e-05 0)
(10.9654 -1.47604e-05 0)
(10.9654 -1.53393e-05 0)
(10.9654 -7.65036e-06 0)
(10.9654 5.53597e-06 0)
(10.9654 2.88329e-05 0)
(10.9654 4.84048e-05 0)
(10.9655 4.77252e-05 0)
(10.9655 4.0624e-05 0)
(10.9655 3.78104e-05 0)
(10.9655 1.03836e-05 0)
(10.9655 -6.68804e-06 0)
(10.9655 -1.8179e-05 0)
(10.9655 -2.22491e-05 0)
(10.9655 -2.73164e-05 0)
(10.9655 -2.16825e-05 0)
(10.9655 -1.84505e-05 0)
(10.9656 8.79293e-06 0)
(10.9655 2.16941e-05 0)
(10.9655 2.15345e-05 0)
(10.9655 9.79858e-06 0)
(10.9655 7.93027e-06 0)
(10.9655 3.36015e-06 0)
(10.9655 6.97468e-06 0)
(10.9655 1.63891e-05 0)
(10.9655 2.96568e-05 0)
(10.9655 2.95996e-05 0)
(10.9655 2.0536e-05 0)
(10.9655 9.14781e-06 0)
(10.9655 -7.59767e-06 0)
(10.9655 -3.97806e-05 0)
(10.9655 -7.15124e-05 0)
(10.9655 -7.34759e-05 0)
(10.9655 -5.87371e-05 0)
(10.9655 -3.77048e-05 0)
(10.9655 -5.02698e-06 0)
(10.9654 1.74074e-05 0)
(10.9654 1.57247e-05 0)
(10.9654 8.56788e-06 0)
(10.9654 1.56873e-06 0)
(10.9654 1.13235e-06 0)
(10.9654 -1.14188e-06 0)
(10.9654 4.14038e-07 0)
(10.9654 -1.41415e-06 0)
(10.9654 2.30643e-07 0)
(10.9654 -1.73949e-06 0)
(10.9654 3.14715e-08 0)
(10.9654 -2.19938e-06 0)
(10.9654 -6.65648e-07 0)
(10.9654 -3.02555e-06 0)
(10.9654 -1.20732e-06 0)
(10.9654 -2.35286e-06 0)
(10.9654 -1.16765e-06 0)
(10.9654 -1.60218e-06 0)
(10.9654 -2.71169e-07 0)
(10.9654 -1.31913e-06 0)
(10.9654 6.15773e-08 0)
(10.9654 -1.64007e-06 0)
(10.9654 -7.47325e-09 0)
(10.9654 -2.10981e-06 0)
(10.9654 -5.84017e-07 0)
(10.9654 -2.83971e-06 0)
(10.9654 -1.01543e-06 0)
(10.9654 -2.04845e-06 0)
(10.9654 -9.15852e-07 0)
(10.9654 -1.32086e-06 0)
(10.9654 -4.81862e-07 0)
(10.9654 -1.03443e-06 0)
(10.9654 -2.17617e-07 0)
(10.9654 -8.89327e-07 0)
(10.9654 -1.24359e-08 0)
(10.9654 -7.48366e-07 0)
(10.9654 1.62284e-07 0)
(10.9654 -6.13722e-07 0)
(10.9654 2.64579e-07 0)
(10.9654 -5.09742e-07 0)
(10.9654 3.35096e-07 0)
(10.9654 -4.52915e-07 0)
(10.9654 3.9484e-07 0)
(10.9654 -4.75202e-07 0)
(10.9654 4.27185e-07 0)
(10.9654 -4.69534e-07 0)
(10.9654 3.32822e-07 0)
(10.9654 -4.91156e-07 0)
(10.9654 2.66952e-07 0)
(10.9654 -5.25537e-07 0)
(10.9654 3.32958e-07 0)
(10.9654 -2.3714e-07 0)
(10.9654 1.48397e-06 0)
(10.9654 3.67288e-06 0)
(10.9654 1.45011e-05 0)
(10.9654 3.86808e-05 0)
(10.9982 4.67352e-05 0)
(10.9982 3.01005e-05 0)
(10.9982 6.33137e-06 0)
(10.9982 -5.23202e-06 0)
(10.9982 -1.36915e-05 0)
(10.9982 -2.61745e-05 0)
(10.9982 -3.70934e-05 0)
(10.9982 -1.69477e-05 0)
(10.9982 -1.383e-05 0)
(10.9982 -1.38056e-05 0)
(10.9981 -1.48183e-05 0)
(10.9981 -7.54318e-06 0)
(10.9981 5.48329e-06 0)
(10.9982 2.81116e-05 0)
(10.9982 4.71126e-05 0)
(10.9982 4.67185e-05 0)
(10.9983 3.98214e-05 0)
(10.9983 3.66733e-05 0)
(10.9983 1.06471e-05 0)
(10.9983 -5.36483e-06 0)
(10.9982 -1.75959e-05 0)
(10.9982 -2.28258e-05 0)
(10.9983 -2.79901e-05 0)
(10.9983 -2.2491e-05 0)
(10.9983 -1.90556e-05 0)
(10.9983 8.79236e-06 0)
(10.9983 2.2349e-05 0)
(10.9983 2.18674e-05 0)
(10.9983 9.89537e-06 0)
(10.9983 7.98364e-06 0)
(10.9983 3.35895e-06 0)
(10.9983 6.99745e-06 0)
(10.9983 1.67147e-05 0)
(10.9983 3.03977e-05 0)
(10.9982 3.02594e-05 0)
(10.9982 2.09767e-05 0)
(10.9982 9.2959e-06 0)
(10.9982 -7.68853e-06 0)
(10.9982 -4.01615e-05 0)
(10.9982 -7.16784e-05 0)
(10.9982 -7.33434e-05 0)
(10.9982 -5.87997e-05 0)
(10.9982 -3.79835e-05 0)
(10.9982 -4.78144e-06 0)
(10.9982 1.81277e-05 0)
(10.9982 1.61579e-05 0)
(10.9982 8.65543e-06 0)
(10.9982 1.57752e-06 0)
(10.9982 1.06744e-06 0)
(10.9982 -1.14177e-06 0)
(10.9982 3.53204e-07 0)
(10.9982 -1.40459e-06 0)
(10.9982 1.7682e-07 0)
(10.9982 -1.71399e-06 0)
(10.9982 -7.84797e-09 0)
(10.9982 -2.14604e-06 0)
(10.9982 -6.92388e-07 0)
(10.9982 -2.97559e-06 0)
(10.9982 -1.19156e-06 0)
(10.9982 -2.28709e-06 0)
(10.9982 -1.12547e-06 0)
(10.9982 -1.52257e-06 0)
(10.9982 -2.21632e-07 0)
(10.9982 -1.21685e-06 0)
(10.9982 1.11681e-07 0)
(10.9982 -1.52153e-06 0)
(10.9982 4.49721e-08 0)
(10.9982 -1.97405e-06 0)
(10.9982 -5.33893e-07 0)
(10.9982 -2.71956e-06 0)
(10.9982 -9.43703e-07 0)
(10.9982 -1.93719e-06 0)
(10.9982 -8.41151e-07 0)
(10.9982 -1.22555e-06 0)
(10.9981 -4.16013e-07 0)
(10.9981 -9.47054e-07 0)
(10.9981 -1.66803e-07 0)
(10.9981 -8.14915e-07 0)
(10.9981 1.99411e-08 0)
(10.9981 -6.92861e-07 0)
(10.9981 1.76208e-07 0)
(10.9981 -5.77383e-07 0)
(10.9981 2.62892e-07 0)
(10.9981 -4.88855e-07 0)
(10.9981 3.20973e-07 0)
(10.9981 -4.43648e-07 0)
(10.9981 3.69471e-07 0)
(10.9981 -4.71809e-07 0)
(10.9981 3.89822e-07 0)
(10.9981 -4.78852e-07 0)
(10.9981 2.93103e-07 0)
(10.9981 -5.04453e-07 0)
(10.9981 2.25949e-07 0)
(10.9981 -5.36539e-07 0)
(10.9981 2.91678e-07 0)
(10.9981 -2.45208e-07 0)
(10.9981 1.4538e-06 0)
(10.9981 3.69228e-06 0)
(10.9981 1.4528e-05 0)
(10.9982 3.81035e-05 0)
(11.024 4.63503e-05 0)
(11.024 3.06261e-05 0)
(11.024 6.67783e-06 0)
(11.024 -6.09294e-06 0)
(11.024 -1.45766e-05 0)
(11.024 -2.68298e-05 0)
(11.024 -3.73064e-05 0)
(11.024 -1.66964e-05 0)
(11.024 -1.25604e-05 0)
(11.024 -1.28485e-05 0)
(11.024 -1.43125e-05 0)
(11.0239 -7.44884e-06 0)
(11.024 5.39916e-06 0)
(11.024 2.7382e-05 0)
(11.024 4.58401e-05 0)
(11.024 4.57028e-05 0)
(11.0241 3.90107e-05 0)
(11.0241 3.55529e-05 0)
(11.0241 1.09024e-05 0)
(11.0241 -4.07143e-06 0)
(11.0241 -1.70163e-05 0)
(11.0241 -2.34004e-05 0)
(11.0241 -2.86408e-05 0)
(11.0241 -2.32854e-05 0)
(11.0241 -1.96775e-05 0)
(11.0241 8.77643e-06 0)
(11.0241 2.30001e-05 0)
(11.0241 2.21684e-05 0)
(11.0241 9.98003e-06 0)
(11.0241 8.00268e-06 0)
(11.0241 3.32269e-06 0)
(11.0241 6.97303e-06 0)
(11.0241 1.69966e-05 0)
(11.0241 3.10986e-05 0)
(11.0241 3.08989e-05 0)
(11.024 2.13974e-05 0)
(11.024 9.42965e-06 0)
(11.024 -7.77596e-06 0)
(11.024 -4.05231e-05 0)
(11.024 -7.18283e-05 0)
(11.024 -7.31978e-05 0)
(11.024 -5.89453e-05 0)
(11.024 -3.82788e-05 0)
(11.0241 -4.53938e-06 0)
(11.024 1.88596e-05 0)
(11.024 1.65953e-05 0)
(11.024 8.73847e-06 0)
(11.024 1.58206e-06 0)
(11.024 9.97128e-07 0)
(11.024 -1.14871e-06 0)
(11.024 2.86592e-07 0)
(11.024 -1.40059e-06 0)
(11.024 1.1966e-07 0)
(11.024 -1.69083e-06 0)
(11.024 -4.64051e-08 0)
(11.024 -2.08956e-06 0)
(11.024 -7.12426e-07 0)
(11.024 -2.9179e-06 0)
(11.024 -1.16745e-06 0)
(11.024 -2.21123e-06 0)
(11.024 -1.07196e-06 0)
(11.024 -1.43128e-06 0)
(11.024 -1.59266e-07 0)
(11.024 -1.10192e-06 0)
(11.024 1.76194e-07 0)
(11.024 -1.38956e-06 0)
(11.024 1.12262e-07 0)
(11.024 -1.82319e-06 0)
(11.024 -4.6808e-07 0)
(11.024 -2.58404e-06 0)
(11.024 -8.58137e-07 0)
(11.024 -1.81358e-06 0)
(11.024 -7.53853e-07 0)
(11.024 -1.11963e-06 0)
(11.024 -3.39553e-07 0)
(11.024 -8.50875e-07 0)
(11.024 -1.07823e-07 0)
(11.024 -7.33921e-07 0)
(11.024 5.84828e-08 0)
(11.024 -6.32429e-07 0)
(11.024 1.93742e-07 0)
(11.024 -5.38222e-07 0)
(11.024 2.63435e-07 0)
(11.024 -4.66489e-07 0)
(11.024 3.08028e-07 0)
(11.024 -4.33655e-07 0)
(11.024 3.44805e-07 0)
(11.024 -4.67925e-07 0)
(11.024 3.52475e-07 0)
(11.024 -4.88006e-07 0)
(11.024 2.53854e-07 0)
(11.024 -5.17489e-07 0)
(11.024 1.85715e-07 0)
(11.024 -5.47084e-07 0)
(11.024 2.51046e-07 0)
(11.024 -2.53325e-07 0)
(11.024 1.42233e-06 0)
(11.024 3.70383e-06 0)
(11.024 1.45276e-05 0)
(11.024 3.7524e-05 0)
(11.0431 4.59863e-05 0)
(11.0431 3.11507e-05 0)
(11.0431 7.0361e-06 0)
(11.0431 -6.93669e-06 0)
(11.0431 -1.54343e-05 0)
(11.0432 -2.74552e-05 0)
(11.0432 -3.75098e-05 0)
(11.0432 -1.64034e-05 0)
(11.0431 -1.12547e-05 0)
(11.0431 -1.18798e-05 0)
(11.0431 -1.38138e-05 0)
(11.0431 -7.3659e-06 0)
(11.0431 5.27851e-06 0)
(11.0431 2.66369e-05 0)
(11.0431 4.45807e-05 0)
(11.0432 4.46852e-05 0)
(11.0432 3.81967e-05 0)
(11.0432 3.44514e-05 0)
(11.0432 1.11435e-05 0)
(11.0432 -2.80603e-06 0)
(11.0432 -1.64351e-05 0)
(11.0432 -2.39655e-05 0)
(11.0432 -2.92702e-05 0)
(11.0432 -2.40625e-05 0)
(11.0432 -2.03078e-05 0)
(11.0433 8.7521e-06 0)
(11.0433 2.36508e-05 0)
(11.0432 2.2482e-05 0)
(11.0432 1.00307e-05 0)
(11.0432 7.98804e-06 0)
(11.0432 3.25184e-06 0)
(11.0432 6.89231e-06 0)
(11.0432 1.72263e-05 0)
(11.0432 3.17501e-05 0)
(11.0432 3.15197e-05 0)
(11.0432 2.18014e-05 0)
(11.0432 9.549e-06 0)
(11.0432 -7.86105e-06 0)
(11.0432 -4.08762e-05 0)
(11.0432 -7.19881e-05 0)
(11.0432 -7.31205e-05 0)
(11.0432 -5.91316e-05 0)
(11.0432 -3.85852e-05 0)
(11.0432 -4.30643e-06 0)
(11.0432 1.96022e-05 0)
(11.0432 1.70434e-05 0)
(11.0432 8.82548e-06 0)
(11.0432 1.58735e-06 0)
(11.0432 9.23954e-07 0)
(11.0432 -1.1622e-06 0)
(11.0432 2.15252e-07 0)
(11.0432 -1.40126e-06 0)
(11.0432 6.00629e-08 0)
(11.0432 -1.66953e-06 0)
(11.0432 -8.35678e-08 0)
(11.0432 -2.03042e-06 0)
(11.0432 -7.25922e-07 0)
(11.0432 -2.85219e-06 0)
(11.0432 -1.1348e-06 0)
(11.0432 -2.12595e-06 0)
(11.0432 -1.00744e-06 0)
(11.0432 -1.32867e-06 0)
(11.0432 -8.41895e-08 0)
(11.0432 -9.74554e-07 0)
(11.0431 2.54996e-07 0)
(11.0431 -1.24475e-06 0)
(11.0431 1.9436e-07 0)
(11.0431 -1.658e-06 0)
(11.0431 -3.87018e-07 0)
(11.0431 -2.43377e-06 0)
(11.0431 -7.59094e-07 0)
(11.0431 -1.67769e-06 0)
(11.0431 -6.54604e-07 0)
(11.0431 -1.00294e-06 0)
(11.0431 -2.52994e-07 0)
(11.0431 -7.45762e-07 0)
(11.0431 -4.06802e-08 0)
(11.0431 -6.46486e-07 0)
(11.0431 1.03274e-07 0)
(11.0431 -5.67368e-07 0)
(11.0431 2.15844e-07 0)
(11.0431 -4.9639e-07 0)
(11.0431 2.66616e-07 0)
(11.0431 -4.42423e-07 0)
(11.0431 2.96327e-07 0)
(11.0431 -4.23238e-07 0)
(11.0431 3.21061e-07 0)
(11.0431 -4.64441e-07 0)
(11.0431 3.15381e-07 0)
(11.0431 -4.97072e-07 0)
(11.0431 2.1525e-07 0)
(11.0431 -5.3046e-07 0)
(11.0431 1.46476e-07 0)
(11.0431 -5.57364e-07 0)
(11.0431 2.11288e-07 0)
(11.0431 -2.61576e-07 0)
(11.0431 1.38919e-06 0)
(11.0431 3.70507e-06 0)
(11.0431 1.44983e-05 0)
(11.0431 3.69412e-05 0)
(11.0558 4.55854e-05 0)
(11.0558 3.16522e-05 0)
(11.0558 7.34667e-06 0)
(11.0558 -7.84147e-06 0)
(11.0558 -1.63047e-05 0)
(11.0558 -2.80423e-05 0)
(11.0558 -3.76751e-05 0)
(11.0558 -1.60557e-05 0)
(11.0558 -9.89796e-06 0)
(11.0558 -1.08821e-05 0)
(11.0557 -1.3275e-05 0)
(11.0557 -7.26576e-06 0)
(11.0557 5.13996e-06 0)
(11.0558 2.58818e-05 0)
(11.0558 4.33348e-05 0)
(11.0558 4.36789e-05 0)
(11.0558 3.73995e-05 0)
(11.0559 3.33903e-05 0)
(11.0559 1.13822e-05 0)
(11.0559 -1.55849e-06 0)
(11.0558 -1.58496e-05 0)
(11.0558 -2.45113e-05 0)
(11.0559 -2.98812e-05 0)
(11.0559 -2.48066e-05 0)
(11.0559 -2.09209e-05 0)
(11.0559 8.75211e-06 0)
(11.0559 2.43257e-05 0)
(11.0559 2.28139e-05 0)
(11.0559 1.00893e-05 0)
(11.0559 7.95942e-06 0)
(11.0559 3.1609e-06 0)
(11.0559 6.76813e-06 0)
(11.0559 1.74066e-05 0)
(11.0559 3.23514e-05 0)
(11.0559 3.21199e-05 0)
(11.0558 2.22e-05 0)
(11.0558 9.66522e-06 0)
(11.0558 -7.931e-06 0)
(11.0558 -4.12377e-05 0)
(11.0558 -7.22808e-05 0)
(11.0558 -7.30777e-05 0)
(11.0558 -5.93535e-05 0)
(11.0559 -3.88938e-05 0)
(11.0559 -4.07081e-06 0)
(11.0558 2.03729e-05 0)
(11.0558 1.75276e-05 0)
(11.0558 8.94135e-06 0)
(11.0558 1.60458e-06 0)
(11.0558 8.56502e-07 0)
(11.0558 -1.17501e-06 0)
(11.0558 1.45616e-07 0)
(11.0558 -1.40204e-06 0)
(11.0558 2.70689e-09 0)
(11.0558 -1.64866e-06 0)
(11.0558 -1.19254e-07 0)
(11.0558 -1.97118e-06 0)
(11.0558 -7.36525e-07 0)
(11.0558 -2.7852e-06 0)
(11.0558 -1.10228e-06 0)
(11.0558 -2.04e-06 0)
(11.0558 -9.42868e-07 0)
(11.0558 -1.22666e-06 0)
(11.0558 -9.44016e-09 0)
(11.0558 -8.48876e-07 0)
(11.0558 3.33661e-07 0)
(11.0558 -1.10267e-06 0)
(11.0558 2.75704e-07 0)
(11.0558 -1.49494e-06 0)
(11.0558 -3.06058e-07 0)
(11.0558 -2.28519e-06 0)
(11.0558 -6.61773e-07 0)
(11.0558 -1.54463e-06 0)
(11.0558 -5.57604e-07 0)
(11.0558 -8.8766e-07 0)
(11.0558 -1.69507e-07 0)
(11.0558 -6.42829e-07 0)
(11.0558 2.47931e-08 0)
(11.0558 -5.61671e-07 0)
(11.0558 1.47554e-07 0)
(11.0557 -5.03955e-07 0)
(11.0557 2.38655e-07 0)
(11.0557 -4.5483e-07 0)
(11.0557 2.70551e-07 0)
(11.0557 -4.17476e-07 0)
(11.0557 2.85318e-07 0)
(11.0557 -4.12137e-07 0)
(11.0557 2.98987e-07 0)
(11.0557 -4.6167e-07 0)
(11.0557 2.81551e-07 0)
(11.0557 -5.02885e-07 0)
(11.0557 1.79324e-07 0)
(11.0557 -5.39542e-07 0)
(11.0557 1.10107e-07 0)
(11.0557 -5.65024e-07 0)
(11.0557 1.74913e-07 0)
(11.0558 -2.67814e-07 0)
(11.0558 1.35688e-06 0)
(11.0558 3.70062e-06 0)
(11.0558 1.44387e-05 0)
(11.0558 3.63249e-05 0)
(11.0621 4.54184e-05 0)
(11.0621 3.23864e-05 0)
(11.0621 8.01189e-06 0)
(11.0621 -8.55507e-06 0)
(11.0621 -1.71966e-05 0)
(11.0621 -2.867e-05 0)
(11.0621 -3.81053e-05 0)
(11.0621 -1.59014e-05 0)
(11.0621 -8.54741e-06 0)
(11.062 -9.97712e-06 0)
(11.062 -1.29048e-05 0)
(11.062 -7.26981e-06 0)
(11.062 4.93495e-06 0)
(11.062 2.52219e-05 0)
(11.0621 4.22245e-05 0)
(11.0621 4.27491e-05 0)
(11.0621 3.65733e-05 0)
(11.0622 3.22036e-05 0)
(11.0622 1.16026e-05 0)
(11.0622 -2.88129e-07 0)
(11.0621 -1.52776e-05 0)
(11.0621 -2.50116e-05 0)
(11.0621 -3.03741e-05 0)
(11.0622 -2.55245e-05 0)
(11.0622 -2.16646e-05 0)
(11.0622 8.68226e-06 0)
(11.0622 2.497e-05 0)
(11.0622 2.29943e-05 0)
(11.0622 9.98539e-06 0)
(11.0622 7.81816e-06 0)
(11.0622 2.9836e-06 0)
(11.0622 6.60974e-06 0)
(11.0622 1.77286e-05 0)
(11.0622 3.30827e-05 0)
(11.0621 3.26675e-05 0)
(11.0621 2.25063e-05 0)
(11.0621 9.73844e-06 0)
(11.0621 -7.90828e-06 0)
(11.0621 -4.12659e-05 0)
(11.0621 -7.23455e-05 0)
(11.0621 -7.31604e-05 0)
(11.0621 -5.96494e-05 0)
(11.0621 -3.92514e-05 0)
(11.0622 -3.8475e-06 0)
(11.0621 2.11401e-05 0)
(11.0621 1.78737e-05 0)
(11.0621 8.87278e-06 0)
(11.0621 1.51989e-06 0)
(11.0621 7.41308e-07 0)
(11.0621 -1.21403e-06 0)
(11.0621 5.88411e-08 0)
(11.0621 -1.41761e-06 0)
(11.0621 -6.59627e-08 0)
(11.0621 -1.63423e-06 0)
(11.0621 -1.49904e-07 0)
(11.0621 -1.8983e-06 0)
(11.0621 -7.28894e-07 -1.66069e-35)
(11.0621 -2.69741e-06 0)
(11.0621 -1.05281e-06 0)
(11.0621 -1.93834e-06 0)
(11.0621 -8.58505e-07 0)
(11.0621 -1.10839e-06 0)
(11.0621 8.34291e-08 0)
(11.0621 -7.06399e-07 0)
(11.0621 4.29919e-07 0)
(11.0621 -9.43683e-07 0)
(11.0621 3.72648e-07 0)
(11.0621 -1.31684e-06 0)
(11.0621 -2.0883e-07 -1.33681e-35)
(11.0621 -2.12087e-06 -1.31362e-35)
(11.0621 -5.56763e-07 0)
(11.0621 -1.40364e-06 1.25848e-35)
(11.0621 -4.54107e-07 0)
(11.0621 -7.70881e-07 1.19005e-35)
(11.0621 -7.11665e-08 0)
(11.062 -5.40043e-07 -1.11944e-35)
(11.062 9.3707e-08 0)
(11.062 -4.74996e-07 0)
(11.062 1.88306e-07 0)
(11.062 -4.40082e-07 -9.78224e-36)
(11.062 2.56337e-07 0)
(11.062 -4.15527e-07 0)
(11.062 2.71592e-07 0)
(11.062 -3.9666e-07 0)
(11.062 2.7553e-07 0)
(11.062 -4.00876e-07 0)
(11.062 2.78152e-07 0)
(11.062 -4.46916e-07 0)
(11.062 2.48114e-07 0)
(11.062 -5.08683e-07 0)
(11.062 1.47645e-07 0)
(11.062 -5.52925e-07 -5.8236e-36)
(11.062 7.64335e-08 0)
(11.062 -5.70038e-07 0)
(11.062 1.39844e-07 -4.78734e-36)
(11.062 -2.76005e-07 0)
(11.062 1.33419e-06 8.1931e-36)
(11.062 3.71118e-06 0)
(11.062 1.43736e-05 0)
(11.0621 3.5835e-05 0)
(11.0621 4.48934e-05 0)
(11.0621 3.28944e-05 0)
(11.062 8.37782e-06 0)
(11.062 -8.97988e-06 0)
(11.0621 -1.75645e-05 0)
(11.0621 -2.94319e-05 0)
(11.0621 -3.83305e-05 0)
(11.0621 -1.53621e-05 0)
(11.0621 -7.28782e-06 0)
(11.062 -9.19755e-06 0)
(11.062 -1.2517e-05 0)
(11.062 -7.19928e-06 0)
(11.062 4.87661e-06 0)
(11.062 2.45504e-05 0)
(11.0621 4.10562e-05 0)
(11.0621 4.15708e-05 0)
(11.0621 3.5601e-05 0)
(11.0622 3.12829e-05 0)
(11.0622 1.19109e-05 0)
(11.0621 9.68198e-07 0)
(11.0621 -1.46614e-05 0)
(11.0621 -2.55554e-05 0)
(11.0621 -3.1095e-05 0)
(11.0621 -2.64718e-05 0)
(11.0622 -2.24426e-05 0)
(11.0622 8.5115e-06 0)
(11.0622 2.54676e-05 0)
(11.0622 2.32167e-05 0)
(11.0622 9.95082e-06 0)
(11.0622 7.69085e-06 0)
(11.0622 2.88321e-06 0)
(11.0622 6.49018e-06 0)
(11.0622 1.77593e-05 0)
(11.0622 3.36186e-05 0)
(11.0621 3.3518e-05 0)
(11.0621 2.30684e-05 0)
(11.0621 9.91824e-06 0)
(11.0621 -7.92352e-06 0)
(11.0621 -4.18688e-05 0)
(11.0621 -7.27334e-05 0)
(11.0621 -7.25972e-05 0)
(11.0621 -5.95508e-05 0)
(11.0621 -3.97467e-05 0)
(11.0622 -3.80831e-06 0)
(11.0621 2.17387e-05 0)
(11.0621 1.82737e-05 0)
(11.0621 8.95533e-06 0)
(11.0621 1.51207e-06 0)
(11.0621 6.51522e-07 0)
(11.0621 -1.24334e-06 0)
(11.0621 -1.81355e-08 0)
(11.0621 -1.42554e-06 0)
(11.0621 -1.21771e-07 0)
(11.0621 -1.613e-06 0)
(11.0621 -1.8039e-07 0)
(11.0621 -1.83636e-06 0)
(11.0621 -7.2762e-07 1.66067e-35)
(11.0621 -2.61025e-06 0)
(11.0621 -1.00082e-06 0)
(11.0621 -1.83026e-06 0)
(11.0621 -7.70104e-07 0)
(11.0621 -9.82283e-07 0)
(11.0621 1.85341e-07 0)
(11.0621 -5.54075e-07 0)
(11.0621 5.40268e-07 0)
(11.0621 -7.7217e-07 0)
(11.0621 4.90039e-07 0)
(11.0621 -1.12153e-06 0)
(11.0621 -8.95302e-08 1.3368e-35)
(11.0621 -1.93577e-06 1.31361e-35)
(11.0621 -4.24508e-07 0)
(11.0621 -1.23786e-06 -1.25846e-35)
(11.0621 -3.25124e-07 0)
(11.0621 -6.27276e-07 -1.19004e-35)
(11.062 3.43312e-08 0)
(11.062 -4.11451e-07 1.11943e-35)
(11.062 1.83398e-07 0)
(11.062 -3.69913e-07 0)
(11.062 2.54086e-07 0)
(11.062 -3.62195e-07 9.78215e-36)
(11.062 2.94715e-07 0)
(11.062 -3.6372e-07 0)
(11.062 2.85512e-07 0)
(11.062 -3.66281e-07 0)
(11.062 2.6851e-07 0)
(11.062 -3.87458e-07 0)
(11.062 2.59072e-07 0)
(11.062 -4.5102e-07 0)
(11.062 2.12439e-07 0)
(11.062 -5.16284e-07 0)
(11.062 1.09092e-07 0)
(11.062 -5.61164e-07 5.82354e-36)
(11.062 4.11657e-08 0)
(11.062 -5.80565e-07 0)
(11.062 1.0342e-07 4.7873e-36)
(11.062 -2.81405e-07 0)
(11.062 1.28961e-06 -8.19302e-36)
(11.062 3.6891e-06 0)
(11.062 1.43067e-05 0)
(11.0621 3.51031e-05 0)
(11.0558 4.47089e-05 0)
(11.0558 3.368e-05 0)
(11.0557 9.08497e-06 0)
(11.0557 -9.6786e-06 0)
(11.0558 -1.84015e-05 0)
(11.0558 -3.00565e-05 0)
(11.0558 -3.88246e-05 0)
(11.0558 -1.51848e-05 0)
(11.0558 -5.836e-06 0)
(11.0557 -8.2934e-06 0)
(11.0557 -1.21978e-05 0)
(11.0557 -7.18773e-06 0)
(11.0557 4.72052e-06 0)
(11.0557 2.38606e-05 0)
(11.0558 3.98979e-05 0)
(11.0558 4.06049e-05 0)
(11.0558 3.47699e-05 0)
(11.0558 3.02096e-05 0)
(11.0559 1.21557e-05 0)
(11.0558 2.22288e-06 0)
(11.0558 -1.40717e-05 0)
(11.0558 -2.60817e-05 0)
(11.0558 -3.15685e-05 0)
(11.0558 -2.71418e-05 0)
(11.0559 -2.32426e-05 0)
(11.0559 8.4137e-06 0)
(11.0559 2.61556e-05 0)
(11.0559 2.33997e-05 0)
(11.0559 9.79129e-06 0)
(11.0559 7.48652e-06 0)
(11.0559 2.71943e-06 0)
(11.0559 6.29544e-06 0)
(11.0559 1.79686e-05 0)
(11.0559 3.42499e-05 0)
(11.0558 3.40892e-05 0)
(11.0558 2.34055e-05 0)
(11.0558 1.0039e-05 0)
(11.0558 -7.87823e-06 0)
(11.0558 -4.19069e-05 0)
(11.0558 -7.28375e-05 0)
(11.0558 -7.27138e-05 0)
(11.0558 -5.98497e-05 0)
(11.0558 -4.01677e-05 0)
(11.0559 -3.60646e-06 0)
(11.0558 2.25396e-05 0)
(11.0558 1.86317e-05 0)
(11.0558 8.86593e-06 0)
(11.0558 1.4087e-06 0)
(11.0558 5.2273e-07 0)
(11.0558 -1.29327e-06 0)
(11.0558 -1.01938e-07 0)
(11.0558 -1.43937e-06 0)
(11.0558 -1.8137e-07 0)
(11.0558 -1.59375e-06 0)
(11.0558 -2.02774e-07 0)
(11.0558 -1.76127e-06 0)
(11.0558 -7.11324e-07 0)
(11.0558 -2.50971e-06 0)
(11.0558 -9.41356e-07 0)
(11.0558 -1.71764e-06 0)
(11.0558 -6.75513e-07 0)
(11.0558 -8.55855e-07 0)
(11.0558 2.86856e-07 0)
(11.0558 -4.05607e-07 0)
(11.0558 6.45528e-07 0)
(11.0558 -6.08389e-07 0)
(11.0558 5.97755e-07 0)
(11.0558 -9.3778e-07 0)
(11.0558 1.89238e-08 0)
(11.0558 -1.76261e-06 0)
(11.0558 -3.108e-07 0)
(11.0558 -1.088e-06 0)
(11.0558 -2.11464e-07 0)
(11.0557 -5.02123e-07 0)
(11.0557 1.32969e-07 0)
(11.0557 -3.01536e-07 0)
(11.0557 2.59077e-07 0)
(11.0557 -2.78306e-07 0)
(11.0557 3.04291e-07 0)
(11.0557 -2.94393e-07 0)
(11.0557 3.20621e-07 0)
(11.0557 -3.19908e-07 0)
(11.0557 2.93332e-07 0)
(11.0557 -3.41244e-07 0)
(11.0557 2.62077e-07 0)
(11.0557 -3.735e-07 0)
(11.0557 2.41339e-07 0)
(11.0557 -4.41932e-07 0)
(11.0557 1.8249e-07 0)
(11.0557 -5.19288e-07 0)
(11.0557 7.99785e-08 0)
(11.0557 -5.67547e-07 0)
(11.0557 1.25432e-08 0)
(11.0557 -5.84296e-07 0)
(11.0557 7.34365e-08 0)
(11.0557 -2.84377e-07 0)
(11.0557 1.25846e-06 0)
(11.0557 3.67524e-06 0)
(11.0557 1.42258e-05 0)
(11.0558 3.45675e-05 0)
(11.0431 4.43364e-05 0)
(11.0431 3.43e-05 0)
(11.0431 9.47367e-06 0)
(11.0431 -1.0526e-05 0)
(11.0431 -1.92639e-05 0)
(11.0431 -3.05586e-05 0)
(11.0431 -3.90976e-05 0)
(11.0431 -1.47861e-05 0)
(11.0431 -4.31733e-06 0)
(11.0431 -7.287e-06 0)
(11.0431 -1.17416e-05 0)
(11.043 -7.12167e-06 0)
(11.043 4.53089e-06 0)
(11.0431 2.30973e-05 0)
(11.0431 3.8693e-05 0)
(11.0431 3.95566e-05 0)
(11.0432 3.3958e-05 0)
(11.0432 2.92513e-05 0)
(11.0432 1.23834e-05 0)
(11.0432 3.4915e-06 0)
(11.0431 -1.34378e-05 0)
(11.0431 -2.6607e-05 0)
(11.0432 -3.20772e-05 0)
(11.0432 -2.78096e-05 0)
(11.0432 -2.39751e-05 0)
(11.0432 8.36695e-06 0)
(11.0432 2.68957e-05 0)
(11.0432 2.37218e-05 0)
(11.0432 9.74199e-06 0)
(11.0432 7.3211e-06 0)
(11.0432 2.54952e-06 0)
(11.0432 6.04157e-06 0)
(11.0432 1.80068e-05 0)
(11.0432 3.47571e-05 0)
(11.0432 3.4718e-05 0)
(11.0432 2.38223e-05 0)
(11.0432 1.01765e-05 0)
(11.0432 -7.86774e-06 0)
(11.0432 -4.22188e-05 0)
(11.0432 -7.32074e-05 0)
(11.0432 -7.27439e-05 0)
(11.0432 -6.00798e-05 0)
(11.0432 -4.06125e-05 0)
(11.0432 -3.43978e-06 0)
(11.0432 2.33715e-05 0)
(11.0432 1.91367e-05 0)
(11.0432 8.93445e-06 0)
(11.0432 1.39079e-06 0)
(11.0432 4.28548e-07 0)
(11.0432 -1.3327e-06 0)
(11.0432 -1.81292e-07 0)
(11.0432 -1.45146e-06 0)
(11.0432 -2.35494e-07 0)
(11.0432 -1.57216e-06 0)
(11.0432 -2.20829e-07 0)
(11.0432 -1.68439e-06 0)
(11.0432 -6.91224e-07 0)
(11.0432 -2.4066e-06 0)
(11.0432 -8.82623e-07 0)
(11.0431 -1.60636e-06 0)
(11.0431 -5.82417e-07 0)
(11.0431 -7.32603e-07 0)
(11.0431 3.84669e-07 0)
(11.0431 -2.63082e-07 0)
(11.0431 7.45911e-07 0)
(11.0431 -4.52139e-07 0)
(11.0431 7.00133e-07 0)
(11.0431 -7.61374e-07 0)
(11.0431 1.22735e-07 0)
(11.0431 -1.59502e-06 0)
(11.0431 -2.03937e-07 0)
(11.0431 -9.45366e-07 0)
(11.0431 -1.03017e-07 0)
(11.0431 -3.82227e-07 0)
(11.0431 2.2552e-07 0)
(11.0431 -1.96046e-07 0)
(11.0431 3.30681e-07 0)
(11.0431 -1.90837e-07 0)
(11.0431 3.52504e-07 0)
(11.0431 -2.29509e-07 0)
(11.0431 3.46053e-07 0)
(11.0431 -2.77824e-07 0)
(11.0431 3.01189e-07 0)
(11.0431 -3.16293e-07 0)
(11.0431 2.55746e-07 0)
(11.0431 -3.59962e-07 0)
(11.0431 2.2411e-07 0)
(11.0431 -4.33336e-07 0)
(11.0431 1.55067e-07 0)
(11.0431 -5.20969e-07 0)
(11.0431 5.30194e-08 0)
(11.0431 -5.71613e-07 0)
(11.0431 -1.41987e-08 0)
(11.0431 -5.85979e-07 0)
(11.0431 4.58877e-08 0)
(11.0431 -2.86325e-07 0)
(11.0431 1.22797e-06 0)
(11.0431 3.65007e-06 0)
(11.0431 1.40947e-05 0)
(11.0431 3.39103e-05 0)
(11.0239 4.40013e-05 0)
(11.0239 3.50557e-05 0)
(11.0239 9.93317e-06 0)
(11.0239 -1.12676e-05 0)
(11.0239 -2.01141e-05 0)
(11.024 -3.10942e-05 0)
(11.024 -3.94539e-05 0)
(11.024 -1.44116e-05 0)
(11.024 -2.79377e-06 0)
(11.0239 -6.31398e-06 0)
(11.0239 -1.13412e-05 0)
(11.0239 -7.09858e-06 0)
(11.0239 4.30717e-06 0)
(11.0239 2.23365e-05 0)
(11.0239 3.75103e-05 0)
(11.024 3.8506e-05 0)
(11.024 3.31137e-05 0)
(11.024 2.8284e-05 0)
(11.024 1.26035e-05 0)
(11.024 4.78731e-06 0)
(11.024 -1.27703e-05 0)
(11.024 -2.71148e-05 0)
(11.024 -3.25631e-05 0)
(11.024 -2.84947e-05 0)
(11.024 -2.47706e-05 0)
(11.0241 8.27398e-06 0)
(11.0241 2.76148e-05 0)
(11.024 2.40209e-05 0)
(11.024 9.63921e-06 0)
(11.024 7.10245e-06 0)
(11.024 2.33935e-06 0)
(11.0241 5.7613e-06 0)
(11.0241 1.80327e-05 0)
(11.024 3.52807e-05 0)
(11.024 3.53808e-05 0)
(11.024 2.42505e-05 0)
(11.024 1.03186e-05 0)
(11.024 -7.82212e-06 0)
(11.024 -4.24874e-05 0)
(11.024 -7.35813e-05 0)
(11.024 -7.27244e-05 0)
(11.024 -6.03034e-05 0)
(11.024 -4.11166e-05 0)
(11.024 -3.30481e-06 0)
(11.024 2.41981e-05 0)
(11.024 1.9613e-05 0)
(11.024 8.96257e-06 0)
(11.024 1.34668e-06 0)
(11.024 3.18057e-07 0)
(11.024 -1.38332e-06 0)
(11.024 -2.66754e-07 0)
(11.024 -1.46733e-06 0)
(11.024 -2.86757e-07 0)
(11.024 -1.54695e-06 0)
(11.024 -2.3094e-07 0)
(11.024 -1.59934e-06 0)
(11.024 -6.59019e-07 0)
(11.024 -2.29012e-06 0)
(11.024 -8.12954e-07 0)
(11.024 -1.48457e-06 0)
(11.024 -4.77419e-07 0)
(11.024 -5.98474e-07 0)
(11.024 4.93733e-07 0)
(11.024 -1.10605e-07 0)
(11.024 8.57459e-07 0)
(11.024 -2.86752e-07 0)
(11.024 8.13412e-07 0)
(11.024 -5.75659e-07 0)
(11.024 2.38223e-07 0)
(11.024 -1.41575e-06 0)
(11.0239 -8.86656e-08 0)
(11.0239 -7.95259e-07 0)
(11.0239 1.35582e-08 0)
(11.0239 -2.55505e-07 0)
(11.0239 3.25393e-07 0)
(11.0239 -8.38557e-08 0)
(11.0239 4.08692e-07 0)
(11.0239 -9.80406e-08 0)
(11.0239 4.05895e-07 0)
(11.0239 -1.61039e-07 0)
(11.0239 3.75448e-07 0)
(11.0239 -2.33773e-07 0)
(11.0239 3.11268e-07 0)
(11.0239 -2.90416e-07 0)
(11.0239 2.50846e-07 0)
(11.0239 -3.46127e-07 0)
(11.0239 2.08175e-07 0)
(11.0239 -4.24647e-07 0)
(11.0239 1.2801e-07 0)
(11.0239 -5.23113e-07 0)
(11.0239 2.68627e-08 0)
(11.0239 -5.75669e-07 0)
(11.0239 -3.96042e-08 0)
(11.0239 -5.86798e-07 0)
(11.0239 1.96005e-08 0)
(11.0239 -2.8836e-07 0)
(11.0239 1.19641e-06 0)
(11.0239 3.6174e-06 0)
(11.0239 1.39353e-05 0)
(11.0239 3.32606e-05 0)
(10.9981 4.36488e-05 0)
(10.9981 3.5937e-05 0)
(10.9981 1.03846e-05 0)
(10.9981 -1.19919e-05 0)
(10.9981 -2.09722e-05 0)
(10.9981 -3.16207e-05 0)
(10.9982 -3.98688e-05 0)
(10.9982 -1.40459e-05 0)
(10.9981 -1.24333e-06 0)
(10.9981 -5.35273e-06 0)
(10.9981 -1.09623e-05 0)
(10.9981 -7.09503e-06 0)
(10.9981 4.074e-06 0)
(10.9981 2.15844e-05 0)
(10.9981 3.63488e-05 0)
(10.9981 3.74563e-05 0)
(10.9982 3.2261e-05 0)
(10.9982 2.73366e-05 0)
(10.9982 1.28282e-05 0)
(10.9982 6.12697e-06 0)
(10.9982 -1.20751e-05 0)
(10.9982 -2.76165e-05 0)
(10.9982 -3.30213e-05 0)
(10.9982 -2.91824e-05 0)
(10.9982 -2.56045e-05 0)
(10.9982 8.16106e-06 0)
(10.9982 2.83477e-05 0)
(10.9982 2.43089e-05 0)
(10.9982 9.50838e-06 0)
(10.9982 6.84683e-06 0)
(10.9982 2.11256e-06 0)
(10.9982 5.47972e-06 0)
(10.9982 1.80486e-05 0)
(10.9982 3.58127e-05 0)
(10.9982 3.60784e-05 0)
(10.9982 2.47023e-05 0)
(10.9982 1.04794e-05 0)
(10.9982 -7.73284e-06 0)
(10.9982 -4.27317e-05 0)
(10.9982 -7.40007e-05 0)
(10.9982 -7.26579e-05 0)
(10.9982 -6.05241e-05 0)
(10.9982 -4.16678e-05 0)
(10.9982 -3.19075e-06 0)
(10.9982 2.50437e-05 0)
(10.9982 2.00829e-05 0)
(10.9982 8.96645e-06 0)
(10.9982 1.28574e-06 0)
(10.9982 1.98687e-07 0)
(10.9982 -1.43866e-06 0)
(10.9982 -3.51201e-07 0)
(10.9982 -1.48248e-06 0)
(10.9982 -3.28739e-07 0)
(10.9982 -1.51556e-06 0)
(10.9982 -2.32258e-07 0)
(10.9982 -1.50724e-06 0)
(10.9982 -6.18227e-07 0)
(10.9982 -2.16622e-06 0)
(10.9982 -7.40093e-07 0)
(10.9982 -1.36125e-06 0)
(10.9982 -3.71532e-07 0)
(10.9982 -4.65583e-07 0)
(10.9982 6.0052e-07 0)
(10.9981 3.7256e-08 0)
(10.9981 9.64954e-07 0)
(10.9981 -1.28233e-07 0)
(10.9981 9.21241e-07 0)
(10.9981 -3.97582e-07 0)
(10.9981 3.4887e-07 0)
(10.9981 -1.24194e-06 0)
(10.9981 1.82568e-08 0)
(10.9981 -6.53414e-07 0)
(10.9981 1.23347e-07 0)
(10.9981 -1.35663e-07 0)
(10.9981 4.19333e-07 0)
(10.9981 2.23485e-08 0)
(10.9981 4.82156e-07 0)
(10.9981 -9.90227e-09 0)
(10.9981 4.56281e-07 0)
(10.9981 -9.57267e-08 0)
(10.9981 4.03372e-07 0)
(10.9981 -1.91538e-07 0)
(10.9981 3.20783e-07 0)
(10.9981 -2.65106e-07 0)
(10.9981 2.46611e-07 0)
(10.9981 -3.31876e-07 0)
(10.9981 1.93816e-07 0)
(10.9981 -4.14604e-07 0)
(10.9981 1.03447e-07 0)
(10.9981 -5.23248e-07 0)
(10.9981 3.74507e-09 0)
(10.9981 -5.77215e-07 0)
(10.9981 -6.18108e-08 0)
(10.9981 -5.84918e-07 0)
(10.9981 -3.57587e-09 0)
(10.9981 -2.88322e-07 0)
(10.9981 1.1659e-06 0)
(10.9981 3.58178e-06 0)
(10.9981 1.37539e-05 0)
(10.9981 3.25924e-05 0)
(10.9654 4.32698e-05 0)
(10.9653 3.68975e-05 0)
(10.9653 1.08471e-05 0)
(10.9653 -1.27033e-05 0)
(10.9654 -2.17647e-05 0)
(10.9654 -3.2215e-05 0)
(10.9654 -4.03396e-05 0)
(10.9654 -1.36907e-05 0)
(10.9654 3.35974e-07 0)
(10.9653 -4.39344e-06 0)
(10.9653 -1.05997e-05 0)
(10.9653 -7.11204e-06 0)
(10.9653 3.83085e-06 0)
(10.9653 2.08349e-05 0)
(10.9654 3.52036e-05 0)
(10.9654 3.6407e-05 0)
(10.9654 3.14089e-05 0)
(10.9654 2.6415e-05 0)
(10.9654 1.30541e-05 0)
(10.9654 7.51769e-06 0)
(10.9654 -1.13516e-05 0)
(10.9654 -2.81258e-05 0)
(10.9654 -3.34416e-05 0)
(10.9654 -2.98747e-05 0)
(10.9655 -2.64717e-05 0)
(10.9655 8.02924e-06 0)
(10.9655 2.91002e-05 0)
(10.9654 2.45738e-05 0)
(10.9654 9.3824e-06 0)
(10.9654 6.55132e-06 0)
(10.9655 1.88221e-06 0)
(10.9655 5.18716e-06 0)
(10.9655 1.80471e-05 0)
(10.9655 3.63497e-05 0)
(10.9654 3.68147e-05 0)
(10.9654 2.51832e-05 0)
(10.9654 1.06597e-05 0)
(10.9654 -7.6046e-06 0)
(10.9654 -4.29595e-05 0)
(10.9654 -7.43867e-05 0)
(10.9654 -7.25932e-05 0)
(10.9654 -6.07378e-05 0)
(10.9654 -4.22648e-05 0)
(10.9654 -3.09902e-06 0)
(10.9654 2.59089e-05 0)
(10.9654 2.05556e-05 0)
(10.9654 8.95181e-06 0)
(10.9654 1.21174e-06 0)
(10.9654 7.19608e-08 0)
(10.9654 -1.49824e-06 0)
(10.9654 -4.34484e-07 0)
(10.9654 -1.49167e-06 0)
(10.9654 -3.60275e-07 0)
(10.9654 -1.47566e-06 0)
(10.9654 -2.23026e-07 0)
(10.9654 -1.40672e-06 0)
(10.9654 -5.68039e-07 0)
(10.9654 -2.03412e-06 0)
(10.9654 -6.64203e-07 0)
(10.9654 -1.23634e-06 0)
(10.9654 -2.64818e-07 0)
(10.9654 -3.34439e-07 0)
(10.9654 7.04559e-07 0)
(10.9654 1.79991e-07 0)
(10.9654 1.06764e-06 0)
(10.9654 2.28656e-08 0)
(10.9654 1.0228e-06 0)
(10.9654 -2.27908e-07 0)
(10.9654 4.53601e-07 0)
(10.9654 -1.07416e-06 0)
(10.9654 1.15763e-07 0)
(10.9653 -5.20577e-07 0)
(10.9653 2.25527e-07 0)
(10.9653 -2.32894e-08 0)
(10.9653 5.06663e-07 0)
(10.9653 1.21909e-07 0)
(10.9653 5.5037e-07 0)
(10.9653 7.30188e-08 0)
(10.9653 5.02997e-07 0)
(10.9653 -3.41422e-08 0)
(10.9653 4.29071e-07 0)
(10.9653 -1.51516e-07 0)
(10.9653 3.29582e-07 0)
(10.9653 -2.40759e-07 0)
(10.9653 2.42794e-07 0)
(10.9653 -3.17589e-07 0)
(10.9653 1.80772e-07 0)
(10.9653 -4.03529e-07 0)
(10.9653 8.13039e-08 0)
(10.9653 -5.21646e-07 0)
(10.9653 -1.67155e-08 0)
(10.9653 -5.76268e-07 0)
(10.9653 -8.10527e-08 0)
(10.9653 -5.80211e-07 0)
(10.9653 -2.39465e-08 0)
(10.9653 -2.86328e-07 0)
(10.9653 1.13642e-06 0)
(10.9653 3.54175e-06 0)
(10.9653 1.3552e-05 0)
(10.9653 3.19062e-05 0)
(10.9253 4.28469e-05 0)
(10.9253 3.79224e-05 0)
(10.9253 1.13403e-05 0)
(10.9253 -1.34075e-05 0)
(10.9253 -2.2579e-05 0)
(10.9254 -3.2842e-05 0)
(10.9254 -4.08586e-05 0)
(10.9254 -1.33496e-05 0)
(10.9253 1.94939e-06 0)
(10.9253 -3.43183e-06 0)
(10.9253 -1.02518e-05 0)
(10.9253 -7.14954e-06 0)
(10.9253 3.57286e-06 0)
(10.9253 2.00885e-05 0)
(10.9253 3.40701e-05 0)
(10.9254 3.53583e-05 0)
(10.9254 3.05603e-05 0)
(10.9254 2.55203e-05 0)
(10.9254 1.32839e-05 0)
(10.9254 8.95864e-06 0)
(10.9254 -1.05995e-05 0)
(10.9254 -2.86366e-05 0)
(10.9254 -3.38309e-05 0)
(10.9254 -3.0565e-05 0)
(10.9254 -2.73839e-05 0)
(10.9254 7.87641e-06 0)
(10.9254 2.98776e-05 0)
(10.9254 2.48487e-05 0)
(10.9254 9.25459e-06 0)
(10.9254 6.22024e-06 0)
(10.9254 1.64257e-06 0)
(10.9254 4.88434e-06 0)
(10.9254 1.80272e-05 0)
(10.9254 3.68966e-05 0)
(10.9254 3.75929e-05 0)
(10.9254 2.56979e-05 0)
(10.9254 1.08607e-05 0)
(10.9254 -7.43877e-06 0)
(10.9254 -4.31657e-05 0)
(10.9254 -7.47585e-05 0)
(10.9254 -7.25506e-05 0)
(10.9254 -6.09461e-05 0)
(10.9254 -4.29078e-05 0)
(10.9254 -3.03034e-06 0)
(10.9254 2.67979e-05 0)
(10.9254 2.10355e-05 0)
(10.9254 8.92049e-06 0)
(10.9254 1.12556e-06 0)
(10.9254 -6.18163e-08 0)
(10.9254 -1.55964e-06 0)
(10.9254 -5.13069e-07 0)
(10.9254 -1.493e-06 0)
(10.9254 -3.79625e-07 0)
(10.9254 -1.42473e-06 0)
(10.9254 -2.01444e-07 0)
(10.9254 -1.29676e-06 0)
(10.9254 -5.0772e-07 0)
(10.9254 -1.89349e-06 0)
(10.9254 -5.85349e-07 0)
(10.9254 -1.1103e-06 0)
(10.9254 -1.57754e-07 0)
(10.9254 -2.05691e-07 0)
(10.9254 8.04992e-07 0)
(10.9254 3.16563e-07 0)
(10.9254 1.16449e-06 0)
(10.9253 1.65446e-07 0)
(10.9253 1.11698e-06 0)
(10.9253 -6.77927e-08 0)
(10.9253 5.51219e-07 0)
(10.9253 -9.13644e-07 0)
(10.9253 2.02684e-07 0)
(10.9253 -3.98124e-07 0)
(10.9253 3.19102e-07 0)
(10.9253 8.02749e-08 0)
(10.9253 5.8643e-07 0)
(10.9253 2.13805e-07 0)
(10.9253 6.12617e-07 0)
(10.9253 1.50076e-07 0)
(10.9253 5.45473e-07 0)
(10.9253 2.34369e-08 0)
(10.9253 4.52037e-07 0)
(10.9253 -1.13805e-07 0)
(10.9253 3.3727e-07 0)
(10.9253 -2.17371e-07 0)
(10.9253 2.39053e-07 0)
(10.9253 -3.03241e-07 0)
(10.9253 1.68896e-07 0)
(10.9253 -3.91456e-07 0)
(10.9253 6.14896e-08 0)
(10.9253 -5.1839e-07 0)
(10.9253 -3.46897e-08 0)
(10.9253 -5.73087e-07 0)
(10.9253 -9.74042e-08 0)
(10.9253 -5.72674e-07 0)
(10.9253 -4.13701e-08 0)
(10.9253 -2.82604e-07 0)
(10.9253 1.10804e-06 0)
(10.9253 3.49639e-06 0)
(10.9253 1.33298e-05 0)
(10.9253 3.12e-05 0)
(10.8777 4.23689e-05 0)
(10.8776 3.8994e-05 0)
(10.8776 1.18753e-05 0)
(10.8776 -1.41561e-05 0)
(10.8777 -2.33874e-05 0)
(10.8777 -3.35018e-05 0)
(10.8777 -4.14253e-05 0)
(10.8777 -1.30269e-05 0)
(10.8777 3.60303e-06 0)
(10.8776 -2.46435e-06 0)
(10.8776 -9.91641e-06 0)
(10.8776 -7.20294e-06 0)
(10.8776 3.3025e-06 0)
(10.8776 1.93407e-05 0)
(10.8777 3.29461e-05 0)
(10.8777 3.43112e-05 0)
(10.8777 2.97177e-05 0)
(10.8777 2.4652e-05 0)
(10.8778 1.352e-05 0)
(10.8777 1.04398e-05 0)
(10.8777 -9.80936e-06 0)
(10.8777 -2.91445e-05 0)
(10.8777 -3.41962e-05 0)
(10.8777 -3.1253e-05 0)
(10.8778 -2.83476e-05 0)
(10.8778 7.69805e-06 0)
(10.8778 3.06943e-05 0)
(10.8777 2.51222e-05 0)
(10.8777 9.11424e-06 0)
(10.8778 5.86506e-06 0)
(10.8778 1.39724e-06 0)
(10.8778 4.57438e-06 0)
(10.8778 1.7991e-05 0)
(10.8778 3.74576e-05 0)
(10.8777 3.84188e-05 0)
(10.8777 2.62504e-05 0)
(10.8777 1.1084e-05 0)
(10.8777 -7.24543e-06 0)
(10.8777 -4.33294e-05 0)
(10.8777 -7.51464e-05 0)
(10.8777 -7.25207e-05 0)
(10.8777 -6.11535e-05 0)
(10.8777 -4.35969e-05 0)
(10.8777 -2.98436e-06 0)
(10.8777 2.77142e-05 0)
(10.8777 2.1525e-05 0)
(10.8777 8.87371e-06 0)
(10.8777 1.02787e-06 0)
(10.8777 -2.00968e-07 0)
(10.8777 -1.62006e-06 0)
(10.8777 -5.83467e-07 0)
(10.8777 -1.48369e-06 0)
(10.8777 -3.85265e-07 0)
(10.8777 -1.35912e-06 0)
(10.8777 -1.66011e-07 0)
(10.8777 -1.17639e-06 0)
(10.8777 -4.36985e-07 0)
(10.8777 -1.74443e-06 0)
(10.8777 -5.04157e-07 0)
(10.8777 -9.84035e-07 0)
(10.8777 -5.16409e-08 0)
(10.8777 -8.07321e-08 0)
(10.8777 9.00182e-07 0)
(10.8777 4.45353e-07 0)
(10.8777 1.25362e-06 0)
(10.8777 2.97831e-07 0)
(10.8777 1.20179e-06 0)
(10.8777 8.09903e-08 0)
(10.8777 6.39755e-07 0)
(10.8777 -7.62144e-07 0)
(10.8777 2.77271e-07 0)
(10.8776 -2.87532e-07 0)
(10.8776 4.02228e-07 0)
(10.8776 1.73812e-07 0)
(10.8776 6.5688e-07 0)
(10.8776 2.96834e-07 0)
(10.8776 6.67399e-07 0)
(10.8776 2.20086e-07 0)
(10.8776 5.82198e-07 0)
(10.8776 7.58395e-08 0)
(10.8776 4.71909e-07 0)
(10.8776 -7.93098e-08 0)
(10.8776 3.43406e-07 0)
(10.8776 -1.95572e-07 0)
(10.8776 2.35065e-07 0)
(10.8776 -2.89316e-07 0)
(10.8776 1.5807e-07 0)
(10.8776 -3.78856e-07 0)
(10.8776 4.40028e-08 0)
(10.8776 -5.13465e-07 0)
(10.8776 -5.00053e-08 0)
(10.8776 -5.67457e-07 0)
(10.8776 -1.10719e-07 0)
(10.8776 -5.62243e-07 0)
(10.8776 -5.56537e-08 0)
(10.8776 -2.76983e-07 0)
(10.8776 1.0807e-06 0)
(10.8776 3.44562e-06 0)
(10.8776 1.30881e-05 0)
(10.8777 3.04732e-05 0)
(10.8219 4.18605e-05 0)
(10.8218 4.00676e-05 0)
(10.8218 1.24604e-05 0)
(10.8218 -1.49204e-05 0)
(10.8219 -2.41993e-05 0)
(10.8219 -3.4187e-05 0)
(10.8219 -4.206e-05 0)
(10.8219 -1.27305e-05 0)
(10.8219 5.30473e-06 0)
(10.8218 -1.48576e-06 0)
(10.8218 -9.5893e-06 0)
(10.8218 -7.27094e-06 0)
(10.8218 3.02772e-06 0)
(10.8218 1.85898e-05 0)
(10.8219 3.18313e-05 0)
(10.8219 3.32669e-05 0)
(10.8219 2.88829e-05 0)
(10.8219 2.38098e-05 0)
(10.822 1.3758e-05 0)
(10.8219 1.1952e-05 0)
(10.8219 -8.96252e-06 0)
(10.8219 -2.96514e-05 0)
(10.8219 -3.45416e-05 0)
(10.8219 -3.19409e-05 0)
(10.822 -2.93702e-05 0)
(10.822 7.48669e-06 0)
(10.822 3.15733e-05 0)
(10.8219 2.53842e-05 0)
(10.8219 8.96307e-06 0)
(10.8219 5.49114e-06 0)
(10.822 1.15032e-06 0)
(10.822 4.26283e-06 0)
(10.822 1.794e-05 0)
(10.822 3.80348e-05 0)
(10.8219 3.92989e-05 0)
(10.8219 2.68458e-05 0)
(10.8219 1.13316e-05 0)
(10.8219 -7.02336e-06 0)
(10.8219 -4.34493e-05 0)
(10.8219 -7.55559e-05 0)
(10.8219 -7.25022e-05 0)
(10.8219 -6.13639e-05 0)
(10.8219 -4.43343e-05 0)
(10.8219 -2.96116e-06 0)
(10.8219 2.86599e-05 0)
(10.8219 2.20251e-05 0)
(10.8219 8.81318e-06 0)
(10.8219 9.19548e-07 0)
(10.8219 -3.43124e-07 0)
(10.8219 -1.67611e-06 0)
(10.8219 -6.41938e-07 0)
(10.8219 -1.45971e-06 0)
(10.8219 -3.73329e-07 0)
(10.8219 -1.27774e-06 0)
(10.8219 -1.15267e-07 0)
(10.8219 -1.045e-06 0)
(10.8219 -3.55675e-07 0)
(10.8219 -1.58748e-06 0)
(10.8219 -4.21424e-07 0)
(10.8219 -8.58712e-07 0)
(10.8219 5.22083e-08 0)
(10.8219 3.89687e-08 0)
(10.8219 9.88481e-07 0)
(10.8219 5.646e-07 0)
(10.8219 1.33331e-06 0)
(10.8219 4.18262e-07 0)
(10.8219 1.2755e-06 0)
(10.8219 2.16614e-07 0)
(10.8219 7.17297e-07 0)
(10.8218 -6.21439e-07 0)
(10.8218 3.37828e-07 0)
(10.8218 -1.90797e-07 0)
(10.8218 4.73109e-07 0)
(10.8218 2.5539e-07 0)
(10.8218 7.1667e-07 0)
(10.8218 3.69406e-07 0)
(10.8218 7.13528e-07 0)
(10.8218 2.81962e-07 0)
(10.8218 6.12252e-07 0)
(10.8218 1.22896e-07 0)
(10.8218 4.87708e-07 0)
(10.8218 -4.841e-08 0)
(10.8218 3.47517e-07 0)
(10.8218 -1.75527e-07 0)
(10.8218 2.30524e-07 0)
(10.8218 -2.75692e-07 0)
(10.8218 1.48044e-07 0)
(10.8218 -3.65489e-07 0)
(10.8218 2.85515e-08 0)
(10.8218 -5.06644e-07 0)
(10.8218 -6.27171e-08 0)
(10.8218 -5.59294e-07 0)
(10.8218 -1.20817e-07 0)
(10.8218 -5.49177e-07 0)
(10.8218 -6.61722e-08 0)
(10.8218 -2.69575e-07 0)
(10.8218 1.05425e-06 0)
(10.8218 3.38907e-06 0)
(10.8218 1.28266e-05 0)
(10.8218 2.97219e-05 0)
(10.7573 4.13313e-05 0)
(10.7573 4.11234e-05 0)
(10.7573 1.30936e-05 0)
(10.7573 -1.57034e-05 0)
(10.7573 -2.50346e-05 0)
(10.7574 -3.48866e-05 0)
(10.7574 -4.27641e-05 0)
(10.7574 -1.247e-05 0)
(10.7574 7.06713e-06 0)
(10.7573 -4.88851e-07 0)
(10.7573 -9.26664e-06 0)
(10.7573 -7.34942e-06 0)
(10.7573 2.75059e-06 0)
(10.7573 1.78343e-05 0)
(10.7574 3.07264e-05 0)
(10.7574 3.22268e-05 0)
(10.7574 2.80573e-05 0)
(10.7574 2.29926e-05 0)
(10.7574 1.39856e-05 0)
(10.7574 1.34881e-05 0)
(10.7574 -8.0307e-06 0)
(10.7574 -3.01631e-05 0)
(10.7574 -3.48717e-05 0)
(10.7574 -3.26311e-05 0)
(10.7574 -3.04578e-05 0)
(10.7575 7.23496e-06 0)
(10.7575 3.25071e-05 0)
(10.7574 2.56518e-05 0)
(10.7574 8.80622e-06 0)
(10.7574 5.1014e-06 0)
(10.7574 9.08055e-07 0)
(10.7575 3.95395e-06 0)
(10.7575 1.78755e-05 0)
(10.7574 3.86276e-05 0)
(10.7574 4.02387e-05 0)
(10.7574 2.74882e-05 0)
(10.7574 1.16056e-05 0)
(10.7574 -6.74294e-06 0)
(10.7574 -4.3516e-05 0)
(10.7574 -7.60114e-05 0)
(10.7574 -7.24914e-05 0)
(10.7574 -6.15735e-05 0)
(10.7574 -4.51272e-05 0)
(10.7574 -2.95952e-06 0)
(10.7574 2.96359e-05 0)
(10.7574 2.25368e-05 0)
(10.7574 8.7412e-06 0)
(10.7574 8.02385e-07 0)
(10.7574 -4.85199e-07 0)
(10.7574 -1.72328e-06 0)
(10.7574 -6.84028e-07 0)
(10.7574 -1.4155e-06 0)
(10.7574 -3.41958e-07 0)
(10.7574 -1.17869e-06 0)
(10.7574 -4.78843e-08 0)
(10.7574 -9.02383e-07 0)
(10.7574 -2.63947e-07 0)
(10.7574 -1.42335e-06 0)
(10.7574 -3.38069e-07 0)
(10.7574 -7.35544e-07 0)
(10.7574 1.52254e-07 0)
(10.7574 1.51936e-07 0)
(10.7573 1.06827e-06 0)
(10.7573 6.72779e-07 0)
(10.7573 1.40187e-06 0)
(10.7573 5.25217e-07 0)
(10.7573 1.33646e-06 0)
(10.7573 3.37621e-07 0)
(10.7573 7.82036e-07 0)
(10.7573 -4.92825e-07 0)
(10.7573 3.83083e-07 0)
(10.7573 -1.09232e-07 0)
(10.7573 5.30404e-07 0)
(10.7573 3.23883e-07 0)
(10.7573 7.64387e-07 0)
(10.7573 4.30496e-07 0)
(10.7573 7.49323e-07 0)
(10.7573 3.3464e-07 0)
(10.7573 6.3531e-07 0)
(10.7573 1.63194e-07 0)
(10.7573 4.98603e-07 0)
(10.7573 -2.15207e-08 0)
(10.7573 3.48947e-07 0)
(10.7573 -1.57651e-07 0)
(10.7573 2.25107e-07 0)
(10.7573 -2.62783e-07 0)
(10.7573 1.38606e-07 0)
(10.7573 -3.51688e-07 0)
(10.7573 1.49853e-08 0)
(10.7573 -4.97919e-07 0)
(10.7573 -7.27145e-08 0)
(10.7573 -5.48597e-07 0)
(10.7573 -1.27431e-07 0)
(10.7573 -5.33615e-07 0)
(10.7573 -7.32712e-08 0)
(10.7573 -2.60126e-07 0)
(10.7573 1.02845e-06 0)
(10.7573 3.32656e-06 0)
(10.7573 1.25449e-05 0)
(10.7573 2.89437e-05 0)
(10.6834 4.07884e-05 0)
(10.6834 4.21463e-05 0)
(10.6834 1.37744e-05 0)
(10.6834 -1.65099e-05 0)
(10.6834 -2.58995e-05 0)
(10.6835 -3.56071e-05 0)
(10.6835 -4.35484e-05 0)
(10.6835 -1.22793e-05 0)
(10.6835 8.93161e-06 0)
(10.6834 5.37486e-07 0)
(10.6834 -8.94402e-06 0)
(10.6834 -7.43395e-06 0)
(10.6834 2.47088e-06 0)
(10.6834 1.70833e-05 0)
(10.6834 2.96325e-05 0)
(10.6835 3.11918e-05 0)
(10.6835 2.72414e-05 0)
(10.6835 2.21998e-05 0)
(10.6835 1.41903e-05 0)
(10.6835 1.50501e-05 0)
(10.6834 -6.99409e-06 0)
(10.6834 -3.06922e-05 0)
(10.6835 -3.51907e-05 0)
(10.6835 -3.3325e-05 0)
(10.6835 -3.16151e-05 0)
(10.6835 6.93741e-06 0)
(10.6835 3.34942e-05 0)
(10.6835 2.59323e-05 0)
(10.6835 8.64442e-06 0)
(10.6835 4.70026e-06 0)
(10.6835 6.76416e-07 0)
(10.6835 3.65362e-06 0)
(10.6835 1.77964e-05 0)
(10.6835 3.92351e-05 0)
(10.6835 4.12421e-05 0)
(10.6835 2.81812e-05 0)
(10.6835 1.19075e-05 0)
(10.6834 -6.38285e-06 0)
(10.6835 -4.35663e-05 0)
(10.6835 -7.64853e-05 0)
(10.6835 -7.2481e-05 0)
(10.6835 -6.17759e-05 0)
(10.6835 -4.59843e-05 0)
(10.6835 -2.98306e-06 0)
(10.6835 3.06477e-05 0)
(10.6835 2.30589e-05 0)
(10.6835 8.66198e-06 0)
(10.6835 6.78683e-07 0)
(10.6835 -6.23118e-07 0)
(10.6835 -1.75657e-06 0)
(10.6835 -7.04057e-07 0)
(10.6835 -1.34762e-06 0)
(10.6835 -2.8724e-07 0)
(10.6835 -1.06024e-06 0)
(10.6834 3.68279e-08 0)
(10.6834 -7.48453e-07 0)
(10.6834 -1.62633e-07 0)
(10.6834 -1.25328e-06 0)
(10.6834 -2.5521e-07 0)
(10.6834 -6.16177e-07 0)
(10.6834 2.46971e-07 0)
(10.6834 2.56689e-07 0)
(10.6834 1.1379e-06 0)
(10.6834 7.68369e-07 0)
(10.6834 1.45788e-06 0)
(10.6834 6.1728e-07 0)
(10.6834 1.38327e-06 0)
(10.6834 4.42579e-07 0)
(10.6834 8.32725e-07 0)
(10.6834 -3.77329e-07 0)
(10.6834 4.13322e-07 0)
(10.6834 -4.45399e-08 0)
(10.6834 5.72967e-07 0)
(10.6834 3.77885e-07 0)
(10.6834 7.98918e-07 0)
(10.6834 4.79038e-07 0)
(10.6834 7.74105e-07 0)
(10.6834 3.7763e-07 0)
(10.6834 6.50362e-07 0)
(10.6834 1.96274e-07 0)
(10.6834 5.04199e-07 0)
(10.6834 9.20819e-10 0)
(10.6834 3.47308e-07 0)
(10.6834 -1.42118e-07 0)
(10.6834 2.18654e-07 0)
(10.6834 -2.50648e-07 0)
(10.6834 1.29572e-07 0)
(10.6834 -3.37391e-07 0)
(10.6834 3.07719e-09 0)
(10.6834 -4.8734e-07 0)
(10.6834 -7.97497e-08 0)
(10.6834 -5.35679e-07 0)
(10.6834 -1.31081e-07 0)
(10.6834 -5.15626e-07 0)
(10.6834 -7.71834e-08 0)
(10.6834 -2.48585e-07 0)
(10.6834 1.00307e-06 0)
(10.6834 3.2575e-06 0)
(10.6834 1.22419e-05 0)
(10.6834 2.81334e-05 0)
(10.5992 4.02255e-05 0)
(10.5992 4.31331e-05 0)
(10.5992 1.44873e-05 0)
(10.5992 -1.73464e-05 0)
(10.5992 -2.67968e-05 0)
(10.5993 -3.63503e-05 0)
(10.5993 -4.44301e-05 0)
(10.5993 -1.21433e-05 0)
(10.5993 1.0885e-05 0)
(10.5992 1.60235e-06 0)
(10.5992 -8.61633e-06 0)
(10.5992 -7.51974e-06 0)
(10.5992 2.19655e-06 0)
(10.5992 1.63412e-05 0)
(10.5993 2.85507e-05 0)
(10.5993 3.01624e-05 0)
(10.5993 2.64349e-05 0)
(10.5993 2.14314e-05 0)
(10.5993 1.43656e-05 0)
(10.5993 1.66591e-05 0)
(10.5993 -5.84548e-06 0)
(10.5993 -3.12741e-05 0)
(10.5993 -3.55003e-05 0)
(10.5993 -3.40213e-05 0)
(10.5993 -3.28333e-05 0)
(10.5994 6.58855e-06 0)
(10.5994 3.45349e-05 0)
(10.5993 2.62336e-05 0)
(10.5993 8.47747e-06 0)
(10.5993 4.29039e-06 0)
(10.5993 4.64683e-07 0)
(10.5994 3.36566e-06 0)
(10.5994 1.76997e-05 0)
(10.5993 3.98515e-05 0)
(10.5993 4.2309e-05 0)
(10.5993 2.89266e-05 0)
(10.5993 1.22384e-05 0)
(10.5993 -5.95684e-06 0)
(10.5993 -4.36218e-05 0)
(10.5993 -7.69567e-05 0)
(10.5993 -7.24643e-05 0)
(10.5993 -6.19652e-05 0)
(10.5993 -4.69104e-05 0)
(10.5993 -3.03254e-06 0)
(10.5993 3.16953e-05 0)
(10.5993 2.35906e-05 0)
(10.5993 8.57901e-06 0)
(10.5993 5.50928e-07 0)
(10.5993 -7.51771e-07 0)
(10.5993 -1.76999e-06 0)
(10.5993 -6.96317e-07 0)
(10.5993 -1.25147e-06 0)
(10.5993 -2.06441e-07 0)
(10.5993 -9.21476e-07 0)
(10.5993 1.38309e-07 0)
(10.5993 -5.84084e-07 0)
(10.5992 -5.27888e-08 0)
(10.5992 -1.07907e-06 0)
(10.5992 -1.74285e-07 0)
(10.5992 -5.02289e-07 0)
(10.5992 3.34428e-07 0)
(10.5992 3.51434e-07 0)
(10.5992 1.19571e-06 0)
(10.5992 8.50029e-07 0)
(10.5992 1.49965e-06 0)
(10.5992 6.93318e-07 0)
(10.5992 1.41445e-06 0)
(10.5992 5.30632e-07 0)
(10.5992 8.68076e-07 0)
(10.5992 -2.75725e-07 0)
(10.5992 4.28064e-07 0)
(10.5992 3.17737e-09 0)
(10.5992 6.0014e-07 0)
(10.5992 4.17074e-07 0)
(10.5992 8.19411e-07 0)
(10.5992 5.14656e-07 0)
(10.5992 7.87739e-07 0)
(10.5992 4.10086e-07 0)
(10.5992 6.56935e-07 0)
(10.5992 2.21598e-07 0)
(10.5992 5.03933e-07 0)
(10.5992 1.84112e-08 0)
(10.5992 3.42324e-07 0)
(10.5992 -1.29287e-07 0)
(10.5992 2.10906e-07 0)
(10.5992 -2.39685e-07 0)
(10.5992 1.2081e-07 0)
(10.5992 -3.23043e-07 0)
(10.5992 -7.13877e-09 0)
(10.5992 -4.74912e-07 0)
(10.5992 -8.41292e-08 0)
(10.5992 -5.20204e-07 0)
(10.5992 -1.32228e-07 0)
(10.5992 -4.95199e-07 0)
(10.5992 -7.82623e-08 0)
(10.5992 -2.34856e-07 0)
(10.5992 9.77741e-07 0)
(10.5992 3.18139e-06 0)
(10.5992 1.1916e-05 0)
(10.5992 2.72891e-05 0)
(10.5037 3.95906e-05 0)
(10.5037 4.40949e-05 0)
(10.5037 1.52389e-05 0)
(10.5037 -1.82219e-05 0)
(10.5037 -2.77223e-05 0)
(10.5038 -3.71162e-05 0)
(10.5038 -4.54005e-05 0)
(10.5038 -1.20534e-05 0)
(10.5038 1.29116e-05 0)
(10.5037 2.7151e-06 0)
(10.5037 -8.2808e-06 0)
(10.5037 -7.60075e-06 0)
(10.5037 1.93267e-06 0)
(10.5037 1.5611e-05 0)
(10.5038 2.74807e-05 0)
(10.5038 2.91377e-05 0)
(10.5038 2.56357e-05 0)
(10.5038 2.06899e-05 0)
(10.5038 1.45017e-05 0)
(10.5038 1.83148e-05 0)
(10.5037 -4.61655e-06 0)
(10.5037 -3.18871e-05 0)
(10.5038 -3.5797e-05 0)
(10.5038 -3.47123e-05 0)
(10.5038 -3.41275e-05 0)
(10.5039 6.19689e-06 0)
(10.5039 3.56195e-05 0)
(10.5038 2.65589e-05 0)
(10.5038 8.3019e-06 0)
(10.5038 3.87298e-06 0)
(10.5038 2.97685e-07 0)
(10.5038 3.08207e-06 0)
(10.5038 1.75775e-05 0)
(10.5038 4.04687e-05 0)
(10.5038 4.34373e-05 0)
(10.5038 2.97251e-05 0)
(10.5037 1.26005e-05 0)
(10.5037 -5.46453e-06 0)
(10.5037 -4.36488e-05 0)
(10.5038 -7.74335e-05 0)
(10.5038 -7.24311e-05 0)
(10.5038 -6.21371e-05 0)
(10.5038 -4.78989e-05 0)
(10.5038 -3.12772e-06 0)
(10.5038 3.27797e-05 0)
(10.5038 2.41291e-05 0)
(10.5038 8.49017e-06 0)
(10.5038 4.20294e-07 0)
(10.5038 -8.6636e-07 0)
(10.5038 -1.75712e-06 0)
(10.5038 -6.55547e-07 0)
(10.5037 -1.12239e-06 0)
(10.5037 -9.85387e-08 0)
(10.5037 -7.61118e-07 0)
(10.5037 2.54785e-07 0)
(10.5037 -4.11111e-07 0)
(10.5037 6.33861e-08 0)
(10.5037 -9.03054e-07 0)
(10.5037 -9.70715e-08 0)
(10.5037 -3.95895e-07 0)
(10.5037 4.12585e-07 0)
(10.5037 4.34482e-07 0)
(10.5037 1.23996e-06 0)
(10.5037 9.16178e-07 0)
(10.5037 1.52549e-06 0)
(10.5037 7.52571e-07 0)
(10.5037 1.42858e-06 0)
(10.5037 6.01279e-07 0)
(10.5037 8.88074e-07 0)
(10.5037 -1.8833e-07 0)
(10.5037 4.24984e-07 0)
(10.5037 3.37658e-08 0)
(10.5037 6.12531e-07 0)
(10.5037 4.40609e-07 0)
(10.5037 8.26307e-07 0)
(10.5037 5.36797e-07 0)
(10.5037 7.89831e-07 0)
(10.5037 4.31715e-07 0)
(10.5037 6.54695e-07 0)
(10.5037 2.38628e-07 0)
(10.5037 4.97727e-07 0)
(10.5037 3.04171e-08 0)
(10.5037 3.339e-07 0)
(10.5037 -1.19418e-07 0)
(10.5037 2.01773e-07 0)
(10.5037 -2.296e-07 0)
(10.5037 1.12231e-07 0)
(10.5037 -3.08429e-07 0)
(10.5037 -1.56824e-08 0)
(10.5037 -4.60671e-07 0)
(10.5037 -8.61578e-08 0)
(10.5037 -5.02493e-07 0)
(10.5037 -1.30646e-07 0)
(10.5037 -4.72409e-07 0)
(10.5037 -7.65244e-08 0)
(10.5037 -2.19057e-07 0)
(10.5037 9.5214e-07 0)
(10.5037 3.09717e-06 0)
(10.5037 1.15649e-05 0)
(10.5037 2.64101e-05 0)
(10.3956 3.88442e-05 0)
(10.3955 4.50242e-05 0)
(10.3955 1.60491e-05 0)
(10.3955 -1.91423e-05 0)
(10.3956 -2.86507e-05 0)
(10.3956 -3.78997e-05 0)
(10.3956 -4.64343e-05 0)
(10.3957 -1.20004e-05 0)
(10.3956 1.49831e-05 0)
(10.3956 3.88894e-06 0)
(10.3956 -7.93813e-06 0)
(10.3955 -7.67297e-06 0)
(10.3955 1.6791e-06 0)
(10.3956 1.48982e-05 0)
(10.3956 2.64201e-05 0)
(10.3956 2.81146e-05 0)
(10.3956 2.48397e-05 0)
(10.3957 1.99934e-05 0)
(10.3957 1.45714e-05 0)
(10.3956 2e-05 0)
(10.3956 -3.31177e-06 0)
(10.3956 -3.25031e-05 0)
(10.3956 -3.60701e-05 0)
(10.3956 -3.53828e-05 0)
(10.3957 -3.54943e-05 0)
(10.3957 5.76089e-06 0)
(10.3957 3.67035e-05 0)
(10.3957 2.69068e-05 0)
(10.3957 8.11804e-06 0)
(10.3957 3.44496e-06 0)
(10.3957 1.61769e-07 0)
(10.3957 2.83722e-06 0)
(10.3957 1.74161e-05 0)
(10.3956 4.10744e-05 0)
(10.3956 4.46186e-05 0)
(10.3956 3.05752e-05 0)
(10.3956 1.2996e-05 0)
(10.3956 -4.901e-06 0)
(10.3956 -4.36172e-05 0)
(10.3956 -7.78961e-05 0)
(10.3956 -7.23659e-05 0)
(10.3956 -6.228e-05 0)
(10.3956 -4.89564e-05 0)
(10.3956 -3.27493e-06 0)
(10.3956 3.38927e-05 0)
(10.3956 2.46623e-05 0)
(10.3956 8.38544e-06 0)
(10.3956 2.84423e-07 0)
(10.3956 -9.62434e-07 0)
(10.3956 -1.71181e-06 0)
(10.3956 -5.76812e-07 0)
(10.3956 -9.57806e-07 0)
(10.3956 3.62174e-08 0)
(10.3956 -5.7966e-07 0)
(10.3955 3.83634e-07 0)
(10.3955 -2.32566e-07 0)
(10.3955 1.82729e-07 0)
(10.3955 -7.28378e-07 0)
(10.3955 -2.53316e-08 0)
(10.3955 -2.99039e-07 0)
(10.3955 4.78823e-07 0)
(10.3955 5.03791e-07 0)
(10.3955 1.26852e-06 0)
(10.3955 9.65123e-07 0)
(10.3955 1.53346e-06 0)
(10.3955 7.94803e-07 0)
(10.3955 1.42567e-06 0)
(10.3955 6.5383e-07 0)
(10.3955 8.92459e-07 0)
(10.3955 -1.16398e-07 0)
(10.3955 4.03631e-07 0)
(10.3955 4.84088e-08 0)
(10.3955 6.09349e-07 0)
(10.3955 4.49043e-07 0)
(10.3955 8.18547e-07 0)
(10.3955 5.44553e-07 0)
(10.3955 7.79204e-07 0)
(10.3955 4.41618e-07 0)
(10.3955 6.43044e-07 0)
(10.3955 2.47143e-07 0)
(10.3955 4.85097e-07 0)
(10.3955 3.69374e-08 0)
(10.3955 3.21485e-07 0)
(10.3955 -1.12213e-07 0)
(10.3955 1.90886e-07 0)
(10.3955 -2.20126e-07 0)
(10.3955 1.03374e-07 0)
(10.3955 -2.93123e-07 0)
(10.3955 -2.30127e-08 0)
(10.3955 -4.44435e-07 0)
(10.3955 -8.63929e-08 0)
(10.3955 -4.82565e-07 0)
(10.3955 -1.26465e-07 0)
(10.3955 -4.47009e-07 0)
(10.3955 -7.21761e-08 0)
(10.3955 -2.01375e-07 0)
(10.3955 9.25686e-07 0)
(10.3955 3.00365e-06 0)
(10.3955 1.11858e-05 0)
(10.3955 2.54961e-05 0)
(10.273 3.79805e-05 0)
(10.273 4.58988e-05 0)
(10.273 1.6944e-05 0)
(10.273 -2.00627e-05 0)
(10.273 -2.95556e-05 0)
(10.2731 -3.8699e-05 0)
(10.2731 -4.74952e-05 0)
(10.2731 -1.19696e-05 0)
(10.2731 1.70836e-05 0)
(10.273 5.07597e-06 0)
(10.273 -7.60496e-06 0)
(10.273 -7.73934e-06 0)
(10.273 1.43585e-06 0)
(10.273 1.42016e-05 0)
(10.273 2.53616e-05 0)
(10.2731 2.70853e-05 0)
(10.2731 2.40363e-05 0)
(10.2731 1.93258e-05 0)
(10.2731 1.45733e-05 0)
(10.2731 2.1718e-05 0)
(10.273 -1.97109e-06 0)
(10.273 -3.3037e-05 0)
(10.273 -3.62924e-05 0)
(10.2731 -3.60047e-05 0)
(10.2731 -3.69089e-05 0)
(10.2732 5.27653e-06 0)
(10.2731 3.77603e-05 0)
(10.2731 2.72234e-05 0)
(10.2731 7.9048e-06 0)
(10.2731 2.99751e-06 0)
(10.2731 5.45539e-08 0)
(10.2731 2.66742e-06 0)
(10.2731 1.71856e-05 0)
(10.2731 4.16637e-05 0)
(10.2731 4.58434e-05 0)
(10.273 3.14777e-05 0)
(10.273 1.34315e-05 0)
(10.273 -4.25755e-06 0)
(10.273 -4.34883e-05 0)
(10.273 -7.83166e-05 0)
(10.273 -7.22391e-05 0)
(10.273 -6.23677e-05 0)
(10.2731 -5.00791e-05 0)
(10.2731 -3.48942e-06 0)
(10.2731 3.50007e-05 0)
(10.273 2.51536e-05 0)
(10.273 8.23891e-06 0)
(10.273 1.32854e-07 0)
(10.273 -1.0392e-06 0)
(10.273 -1.63014e-06 0)
(10.273 -4.57173e-07 0)
(10.273 -7.57709e-07 0)
(10.273 1.98387e-07 0)
(10.273 -3.81448e-07 0)
(10.273 5.20853e-07 0)
(10.273 -5.28542e-08 0)
(10.273 3.00985e-07 0)
(10.273 -5.59149e-07 0)
(10.273 3.85227e-08 0)
(10.273 -2.14227e-07 0)
(10.273 5.31465e-07 0)
(10.273 5.56912e-07 0)
(10.273 1.27956e-06 0)
(10.273 9.9523e-07 0)
(10.273 1.52325e-06 0)
(10.273 8.19933e-07 0)
(10.273 1.4038e-06 0)
(10.273 6.87411e-07 0)
(10.273 8.81775e-07 0)
(10.273 -6.0831e-08 0)
(10.273 3.67361e-07 0)
(10.273 4.78211e-08 0)
(10.273 5.90421e-07 0)
(10.273 4.43397e-07 0)
(10.273 7.95851e-07 0)
(10.273 5.3863e-07 0)
(10.273 7.55666e-07 0)
(10.273 4.40629e-07 0)
(10.273 6.21271e-07 0)
(10.273 2.48103e-07 0)
(10.273 4.65327e-07 0)
(10.273 3.87359e-08 0)
(10.273 3.04816e-07 0)
(10.273 -1.07245e-07 0)
(10.273 1.78249e-07 0)
(10.273 -2.11106e-07 0)
(10.273 9.43563e-08 0)
(10.273 -2.7692e-07 0)
(10.273 -2.90615e-08 0)
(10.273 -4.26271e-07 0)
(10.273 -8.50313e-08 0)
(10.273 -4.60133e-07 0)
(10.273 -1.19895e-07 0)
(10.273 -4.19118e-07 0)
(10.273 -6.55906e-08 0)
(10.273 -1.82043e-07 0)
(10.273 8.9772e-07 0)
(10.273 2.89922e-06 0)
(10.273 1.0775e-05 0)
(10.273 2.45397e-05 0)
(10.1338 3.70245e-05 0)
(10.1338 4.67245e-05 0)
(10.1338 1.798e-05 0)
(10.1338 -2.08806e-05 0)
(10.1338 -3.03954e-05 0)
(10.1339 -3.9504e-05 0)
(10.1339 -4.85359e-05 0)
(10.134 -1.18957e-05 0)
(10.1339 1.90781e-05 0)
(10.1339 6.17778e-06 0)
(10.1338 -7.32747e-06 0)
(10.1338 -7.81299e-06 0)
(10.1338 1.19304e-06 0)
(10.1338 1.35127e-05 0)
(10.1338 2.42902e-05 0)
(10.1339 2.6035e-05 0)
(10.1339 2.3212e-05 0)
(10.1339 1.86666e-05 0)
(10.1339 1.45425e-05 0)
(10.1339 2.34552e-05 0)
(10.1338 -4.91049e-07 0)
(10.1338 -3.34216e-05 0)
(10.1339 -3.6407e-05 0)
(10.1339 -3.65328e-05 0)
(10.134 -3.83312e-05 0)
(10.134 4.71001e-06 0)
(10.134 3.87117e-05 0)
(10.1339 2.74059e-05 0)
(10.1339 7.60913e-06 0)
(10.1339 2.50445e-06 0)
(10.1339 -3.51999e-08 0)
(10.1339 2.54501e-06 0)
(10.1339 1.69271e-05 0)
(10.1339 4.22743e-05 0)
(10.1339 4.71157e-05 0)
(10.1338 3.24432e-05 0)
(10.1338 1.39221e-05 0)
(10.1338 -3.51764e-06 0)
(10.1338 -4.32016e-05 0)
(10.1338 -7.8621e-05 0)
(10.1338 -7.19735e-05 0)
(10.1339 -6.23468e-05 0)
(10.1339 -5.12639e-05 0)
(10.1339 -3.81578e-06 0)
(10.1339 3.60137e-05 0)
(10.1338 2.55041e-05 0)
(10.1338 7.99041e-06 0)
(10.1338 -6.21036e-08 0)
(10.1338 -1.10323e-06 0)
(10.1338 -1.51268e-06 0)
(10.1338 -2.98513e-07 0)
(10.1338 -5.25116e-07 0)
(10.1338 3.82966e-07 0)
(10.1338 -1.71231e-07 0)
(10.1338 6.59948e-07 0)
(10.1338 1.22339e-07 0)
(10.1338 4.12539e-07 0)
(10.1338 -3.99588e-07 0)
(10.1338 9.1508e-08 0)
(10.1338 -1.44024e-07 0)
(10.1338 5.68589e-07 0)
(10.1338 5.92062e-07 0)
(10.1338 1.27263e-06 0)
(10.1338 1.00545e-06 0)
(10.1338 1.49279e-06 0)
(10.1338 8.26265e-07 0)
(10.1338 1.36235e-06 0)
(10.1338 7.03315e-07 0)
(10.1338 8.53949e-07 0)
(10.1338 -1.97003e-08 0)
(10.1338 3.18742e-07 0)
(10.1338 3.28591e-08 0)
(10.1338 5.56904e-07 0)
(10.1338 4.23804e-07 0)
(10.1338 7.58977e-07 0)
(10.1338 5.20485e-07 0)
(10.1338 7.21349e-07 0)
(10.1338 4.29433e-07 0)
(10.1338 5.90322e-07 0)
(10.1338 2.4143e-07 0)
(10.1338 4.39304e-07 0)
(10.1338 3.59804e-08 0)
(10.1338 2.84382e-07 0)
(10.1338 -1.03987e-07 0)
(10.1338 1.63783e-07 0)
(10.1338 -2.02394e-07 0)
(10.1338 8.51273e-08 0)
(10.1338 -2.59714e-07 0)
(10.1338 -3.382e-08 0)
(10.1338 -4.06138e-07 0)
(10.1338 -8.18558e-08 0)
(10.1338 -4.34863e-07 0)
(10.1338 -1.11366e-07 0)
(10.1338 -3.88639e-07 0)
(10.1338 -5.72629e-08 0)
(10.1338 -1.61261e-07 0)
(10.1338 8.6719e-07 0)
(10.1338 2.782e-06 0)
(10.1338 1.03275e-05 0)
(10.1338 2.3533e-05 0)
(9.97496 3.60848e-05 0)
(9.97494 4.75977e-05 0)
(9.97491 1.92816e-05 0)
(9.97494 -2.13911e-05 0)
(9.975 -3.10569e-05 0)
(9.97505 -4.0296e-05 0)
(9.9751 -4.95298e-05 0)
(9.97512 -1.18391e-05 0)
(9.97507 2.08015e-05 0)
(9.97501 7.00317e-06 0)
(9.97498 -7.21513e-06 0)
(9.97496 -7.94506e-06 0)
(9.97495 9.34432e-07 0)
(9.97496 1.28069e-05 0)
(9.97498 2.31789e-05 0)
(9.97501 2.49386e-05 0)
(9.97503 2.23435e-05 0)
(9.97505 1.79995e-05 0)
(9.97506 1.45719e-05 0)
(9.97501 2.52565e-05 0)
(9.97496 1.32445e-06 0)
(9.97496 -3.34297e-05 0)
(9.975 -3.62849e-05 0)
(9.97505 -3.69358e-05 0)
(9.97511 -3.97517e-05 0)
(9.97514 3.94615e-06 0)
(9.97512 3.93775e-05 0)
(9.97509 2.72453e-05 0)
(9.97508 7.10371e-06 0)
(9.97508 1.91546e-06 0)
(9.97508 -1.41889e-07 0)
(9.97507 2.45077e-06 0)
(9.97507 1.67225e-05 0)
(9.97504 4.30936e-05 0)
(9.975 4.85058e-05 0)
(9.97496 3.352e-05 0)
(9.97494 1.45071e-05 0)
(9.97493 -2.66752e-06 0)
(9.97492 -4.26695e-05 0)
(9.97494 -7.86036e-05 0)
(9.97497 -7.14688e-05 0)
(9.97499 -6.21647e-05 0)
(9.97502 -5.25343e-05 0)
(9.97504 -4.3283e-06 0)
(9.97501 3.67352e-05 0)
(9.97497 2.54972e-05 0)
(9.97496 7.51147e-06 0)
(9.97496 -3.65423e-07 0)
(9.97495 -1.17426e-06 0)
(9.97494 -1.3693e-06 0)
(9.97493 -1.10427e-07 0)
(9.97492 -2.68633e-07 0)
(9.97491 5.79642e-07 0)
(9.97491 4.18386e-08 0)
(9.9749 7.91947e-07 0)
(9.9749 2.8537e-07 0)
(9.97489 5.10868e-07 0)
(9.97489 -2.55006e-07 0)
(9.97489 1.30401e-07 0)
(9.97488 -9.12661e-08 0)
(9.97488 5.86402e-07 0)
(9.97488 6.08113e-07 0)
(9.97488 1.24399e-06 0)
(9.97488 9.95028e-07 0)
(9.97488 1.44159e-06 0)
(9.97489 8.12472e-07 0)
(9.97489 1.30254e-06 0)
(9.97489 7.00611e-07 0)
(9.97489 8.10865e-07 0)
(9.97489 7.71753e-09 0)
(9.97489 2.57762e-07 0)
(9.97489 4.74416e-09 0)
(9.97489 5.08804e-07 0)
(9.9749 3.90886e-07 0)
(9.9749 7.07969e-07 0)
(9.9749 4.90467e-07 0)
(9.9749 6.75512e-07 0)
(9.9749 4.09962e-07 0)
(9.9749 5.51077e-07 0)
(9.9749 2.28229e-07 0)
(9.9749 4.0736e-07 0)
(9.9749 2.9577e-08 0)
(9.97491 2.60449e-07 0)
(9.97491 -1.01814e-07 0)
(9.97491 1.47801e-07 0)
(9.97491 -1.93146e-07 0)
(9.97491 7.56169e-08 0)
(9.97491 -2.41128e-07 0)
(9.9749 -3.7306e-08 0)
(9.9749 -3.83664e-07 0)
(9.9749 -7.7003e-08 0)
(9.9749 -4.06619e-07 0)
(9.9749 -1.01277e-07 0)
(9.9749 -3.55683e-07 0)
(9.9749 -4.76453e-08 0)
(9.9749 -1.39308e-07 0)
(9.9749 8.3289e-07 0)
(9.9749 2.64928e-06 0)
(9.97491 9.83526e-06 0)
(9.97494 2.24712e-05 0)
(9.79223 3.5453e-05 0)
(9.7922 4.8895e-05 0)
(9.79217 2.10967e-05 0)
(9.7922 -2.10931e-05 0)
(9.79227 -3.13407e-05 0)
(9.79233 -4.10808e-05 0)
(9.79239 -5.05332e-05 0)
(9.79241 -1.20064e-05 0)
(9.79235 2.18976e-05 0)
(9.79228 7.18462e-06 0)
(9.79224 -7.56212e-06 0)
(9.79222 -8.24254e-06 0)
(9.79221 6.08964e-07 0)
(9.79221 1.20345e-05 0)
(9.79223 2.19839e-05 0)
(9.79226 2.37587e-05 0)
(9.79228 2.13991e-05 0)
(9.79231 1.73011e-05 0)
(9.79232 1.49092e-05 0)
(9.79227 2.74378e-05 0)
(9.79221 3.88836e-06 0)
(9.79222 -3.25855e-05 0)
(9.79227 -3.57084e-05 0)
(9.79233 -3.72782e-05 0)
(9.79239 -4.12234e-05 0)
(9.79243 2.87379e-06 0)
(9.79239 3.93486e-05 0)
(9.79236 2.63164e-05 0)
(9.79234 6.12041e-06 0)
(9.79234 1.137e-06 0)
(9.79234 -3.38053e-07 0)
(9.79233 2.34392e-06 0)
(9.79233 1.68135e-05 0)
(9.7923 4.43666e-05 0)
(9.79225 5.03637e-05 0)
(9.79221 3.48591e-05 0)
(9.79219 1.52845e-05 0)
(9.79217 -1.6599e-06 0)
(9.79216 -4.17947e-05 0)
(9.79219 -7.79218e-05 0)
(9.79222 -7.05918e-05 0)
(9.79225 -6.19246e-05 0)
(9.79229 -5.39425e-05 0)
(9.79231 -5.16331e-06 0)
(9.79227 3.67644e-05 0)
(9.79222 2.47058e-05 0)
(9.79221 6.52805e-06 0)
(9.7922 -8.99801e-07 0)
(9.79219 -1.30598e-06 0)
(9.79218 -1.22284e-06 0)
(9.79217 8.51297e-08 0)
(9.79216 -5.06554e-09 0)
(9.79215 7.72322e-07 0)
(9.79215 2.44673e-07 0)
(9.79214 9.04771e-07 0)
(9.79214 4.27056e-07 0)
(9.79213 5.87726e-07 0)
(9.79213 -1.30494e-07 0)
(9.79213 1.50267e-07 0)
(9.79213 -5.68811e-08 0)
(9.79213 5.78158e-07 0)
(9.79213 6.0468e-07 0)
(9.79213 1.19163e-06 0)
(9.79213 9.62112e-07 0)
(9.79213 1.36863e-06 0)
(9.79213 7.80676e-07 0)
(9.79214 1.22363e-06 0)
(9.79214 6.79819e-07 0)
(9.79214 7.54094e-07 0)
(9.79214 2.27009e-08 0)
(9.79214 1.87447e-07 0)
(9.79215 -3.39795e-08 0)
(9.79215 4.46052e-07 0)
(9.79215 3.48413e-07 0)
(9.79215 6.4236e-07 0)
(9.79215 4.50754e-07 0)
(9.79215 6.17301e-07 0)
(9.79215 3.81951e-07 0)
(9.79216 5.04626e-07 0)
(9.79216 2.08247e-07 0)
(9.79216 3.71244e-07 0)
(9.79216 1.93331e-08 0)
(9.79216 2.3438e-07 0)
(9.79216 -1.00757e-07 0)
(9.79216 1.31416e-07 0)
(9.79216 -1.84322e-07 0)
(9.79216 6.73372e-08 0)
(9.79216 -2.22724e-07 0)
(9.79216 -3.78579e-08 0)
(9.79216 -3.58964e-07 0)
(9.79216 -6.99196e-08 0)
(9.79216 -3.74971e-07 0)
(9.79216 -8.99541e-08 0)
(9.79216 -3.2004e-07 0)
(9.79215 -3.75074e-08 0)
(9.79215 -1.16499e-07 0)
(9.79215 7.93231e-07 0)
(9.79216 2.49833e-06 0)
(9.79217 9.28509e-06 0)
(9.7922 2.1373e-05 0)
(9.57954 3.58948e-05 0)
(9.57952 5.16333e-05 0)
(9.57947 2.40671e-05 0)
(9.57952 -1.89409e-05 0)
(9.57961 -3.1156e-05 0)
(9.57968 -4.21895e-05 0)
(9.57975 -5.2132e-05 0)
(9.57978 -1.26321e-05 0)
(9.57968 2.16368e-05 0)
(9.57959 5.90238e-06 0)
(9.57954 -8.81862e-06 0)
(9.57952 -8.92128e-06 0)
(9.5795 1.19229e-07 0)
(9.5795 1.11162e-05 0)
(9.57952 2.06381e-05 0)
(9.57955 2.24382e-05 0)
(9.57958 2.03348e-05 0)
(9.57961 1.65405e-05 0)
(9.57963 1.62282e-05 0)
(9.57959 3.10613e-05 0)
(9.57951 8.09202e-06 0)
(9.57954 -2.9808e-05 0)
(9.5796 -3.43983e-05 0)
(9.57966 -3.81153e-05 0)
(9.57974 -4.31904e-05 0)
(9.57979 1.12899e-06 0)
(9.57972 3.7889e-05 0)
(9.57967 2.38082e-05 0)
(9.57965 4.16505e-06 0)
(9.57965 -5.99678e-08 0)
(9.57964 -6.90812e-07 0)
(9.57963 2.15381e-06 0)
(9.57963 1.78639e-05 0)
(9.57961 4.72405e-05 0)
(9.57954 5.35203e-05 0)
(9.57949 3.68699e-05 0)
(9.57946 1.64967e-05 0)
(9.57944 -3.86818e-07 0)
(9.57943 -4.0512e-05 0)
(9.57948 -7.60199e-05 0)
(9.57953 -6.92805e-05 0)
(9.57957 -6.22301e-05 0)
(9.57962 -5.61521e-05 0)
(9.57965 -6.62065e-06 0)
(9.57958 3.52757e-05 0)
(9.57951 2.22989e-05 0)
(9.5795 4.55621e-06 0)
(9.57949 -1.87128e-06 0)
(9.57948 -1.59289e-06 0)
(9.57946 -1.12328e-06 0)
(9.57945 2.52822e-07 0)
(9.57944 2.37697e-07 0)
(9.57943 9.36768e-07 0)
(9.57943 4.19312e-07 0)
(9.57942 9.83464e-07 0)
(9.57942 5.36525e-07 0)
(9.57942 6.36262e-07 0)
(9.57942 -3.01105e-08 0)
(9.57942 1.4452e-07 0)
(9.57941 -4.45417e-08 0)
(9.57941 5.4391e-07 0)
(9.57942 5.80921e-07 0)
(9.57942 1.11431e-06 0)
(9.57942 9.06637e-07 0)
(9.57942 1.27299e-06 0)
(9.57943 7.3124e-07 0)
(9.57943 1.12597e-06 0)
(9.57943 6.4233e-07 0)
(9.57943 6.84327e-07 0)
(9.57944 2.69965e-08 0)
(9.57944 1.10476e-07 0)
(9.57944 -8.201e-08 0)
(9.57944 3.70765e-07 0)
(9.57944 2.96373e-07 0)
(9.57944 5.65079e-07 0)
(9.57945 4.02023e-07 0)
(9.57945 5.4914e-07 0)
(9.57945 3.46881e-07 0)
(9.57945 4.51344e-07 0)
(9.57945 1.84147e-07 0)
(9.57945 3.30993e-07 0)
(9.57945 7.27977e-09 0)
(9.57946 2.05899e-07 0)
(9.57946 -9.93707e-08 0)
(9.57946 1.14451e-07 0)
(9.57946 -1.73967e-07 0)
(9.57946 5.95559e-08 0)
(9.57946 -2.02641e-07 0)
(9.57945 -3.68485e-08 0)
(9.57945 -3.31289e-07 0)
(9.57945 -6.1294e-08 0)
(9.57945 -3.39774e-07 0)
(9.57945 -7.7608e-08 0)
(9.57945 -2.82031e-07 0)
(9.57945 -2.71017e-08 0)
(9.57945 -9.34029e-08 0)
(9.57945 7.46388e-07 0)
(9.57945 2.32456e-06 0)
(9.57946 8.65753e-06 0)
(9.5795 2.02747e-05 0)
(9.32773 3.92906e-05 0)
(9.32774 5.87233e-05 0)
(9.32767 3.01945e-05 0)
(9.32777 -1.39434e-05 0)
(9.32789 -3.01976e-05 0)
(9.32796 -4.54115e-05 0)
(9.32806 -5.55879e-05 0)
(9.32809 -1.45911e-05 0)
(9.3279 1.8507e-05 0)
(9.32775 1.79508e-06 0)
(9.32769 -1.17263e-05 0)
(9.32765 -1.02936e-05 0)
(9.32763 -7.57333e-07 0)
(9.32764 9.99831e-06 0)
(9.32766 1.90519e-05 0)
(9.3277 2.08944e-05 0)
(9.32773 1.90925e-05 0)
(9.32776 1.56592e-05 0)
(9.3278 2.03071e-05 0)
(9.32781 3.91203e-05 0)
(9.3277 1.57492e-05 0)
(9.32777 -2.29755e-05 0)
(9.32787 -3.28256e-05 0)
(9.32793 -4.13219e-05 0)
(9.32804 -4.69722e-05 0)
(9.3281 -2.26195e-06 0)
(9.32795 3.3509e-05 0)
(9.32784 1.83457e-05 0)
(9.32781 4.85e-07 0)
(9.3278 -1.97354e-06 0)
(9.32779 -1.34504e-06 0)
(9.32778 1.74547e-06 0)
(9.3278 2.15937e-05 0)
(9.32783 5.50409e-05 0)
(9.32773 5.99939e-05 0)
(9.32766 4.0563e-05 0)
(9.32763 1.86775e-05 0)
(9.32759 1.35965e-06 0)
(9.32758 -3.91665e-05 0)
(9.32769 -7.23374e-05 0)
(9.32779 -6.79885e-05 0)
(9.32782 -6.52973e-05 0)
(9.3279 -6.04191e-05 0)
(9.32794 -1.00387e-05 0)
(9.32777 3.09294e-05 0)
(9.32766 1.68905e-05 0)
(9.32763 8.43522e-07 0)
(9.32762 -3.57661e-06 0)
(9.3276 -2.17603e-06 0)
(9.32758 -1.14769e-06 0)
(9.32757 3.44713e-07 0)
(9.32756 4.20297e-07 0)
(9.32756 1.05109e-06 0)
(9.32755 5.42069e-07 0)
(9.32755 1.01485e-06 0)
(9.32755 6.01852e-07 0)
(9.32755 6.46955e-07 0)
(9.32755 3.99915e-08 0)
(9.32755 1.1636e-07 0)
(9.32755 -5.66677e-08 0)
(9.32755 4.86261e-07 0)
(9.32755 5.33298e-07 0)
(9.32755 1.00974e-06 0)
(9.32756 8.28552e-07 0)
(9.32756 1.15466e-06 0)
(9.32756 6.65594e-07 0)
(9.32757 1.01018e-06 0)
(9.32757 5.8968e-07 0)
(9.32758 6.0333e-07 0)
(9.32758 2.20452e-08 0)
(9.32758 3.17209e-08 0)
(9.32758 -1.35908e-07 0)
(9.32758 2.84802e-07 0)
(9.32758 2.37408e-07 0)
(9.32759 4.77676e-07 0)
(9.32759 3.45977e-07 0)
(9.32759 4.72131e-07 0)
(9.32759 3.06569e-07 0)
(9.32759 3.91717e-07 0)
(9.3276 1.56852e-07 0)
(9.3276 2.87959e-07 0)
(9.3276 -5.2995e-09 0)
(9.3276 1.75821e-07 0)
(9.3276 -9.6386e-08 0)
(9.3276 9.73313e-08 0)
(9.3276 -1.61077e-07 0)
(9.3276 5.21874e-08 0)
(9.3276 -1.80636e-07 0)
(9.3276 -3.44626e-08 0)
(9.3276 -3.00022e-07 0)
(9.3276 -5.12556e-08 0)
(9.3276 -3.00565e-07 0)
(9.32759 -6.43839e-08 0)
(9.32759 -2.41624e-07 0)
(9.32759 -1.71267e-08 0)
(9.32759 -7.07144e-08 0)
(9.32759 6.90123e-07 0)
(9.3276 2.12323e-06 0)
(9.32761 7.92283e-06 0)
(9.32765 1.92388e-05 0)
(9.022 5.01177e-05 0)
(9.02223 7.75096e-05 0)
(9.02214 4.33884e-05 0)
(9.02235 -4.09516e-06 0)
(9.02258 -2.99913e-05 0)
(9.02255 -5.65715e-05 0)
(9.02267 -6.43061e-05 0)
(9.02272 -1.89265e-05 0)
(9.02227 1.04343e-05 0)
(9.02196 -7.15697e-06 0)
(9.02187 -1.71926e-05 0)
(9.02181 -1.27371e-05 0)
(9.02179 -2.19823e-06 0)
(9.02179 8.59357e-06 0)
(9.02183 1.71002e-05 0)
(9.02187 1.9019e-05 0)
(9.02191 1.75945e-05 0)
(9.02195 1.45507e-05 0)
(9.02204 3.15353e-05 0)
(9.02228 5.94156e-05 0)
(9.02216 3.02162e-05 0)
(9.02234 -1.12608e-05 0)
(9.02254 -3.1402e-05 0)
(9.02251 -5.20478e-05 0)
(9.02265 -5.62703e-05 0)
(9.02273 -8.12001e-06 0)
(9.02232 2.38088e-05 0)
(9.02207 7.85535e-06 0)
(9.02201 -5.87562e-06 0)
(9.02198 -4.96843e-06 0)
(9.02197 -2.45344e-06 0)
(9.02196 9.09388e-07 0)
(9.02202 3.23596e-05 0)
(9.0223 7.55762e-05 0)
(9.0222 7.49673e-05 0)
(9.02211 4.83263e-05 0)
(9.02207 2.2952e-05 0)
(9.02202 3.924e-06 0)
(9.022 -3.95493e-05 0)
(9.02224 -6.73775e-05 0)
(9.02243 -6.92378e-05 0)
(9.02237 -7.72921e-05 0)
(9.02248 -7.02842e-05 0)
(9.02254 -1.6163e-05 0)
(9.02211 2.11156e-05 0)
(9.02185 6.38147e-06 0)
(9.02179 -5.58653e-06 0)
(9.02177 -6.35255e-06 0)
(9.02175 -3.19984e-06 0)
(9.02173 -1.38622e-06 0)
(9.02172 2.97165e-07 0)
(9.02171 4.95235e-07 0)
(9.02171 1.06863e-06 0)
(9.02171 5.92982e-07 0)
(9.02171 9.77279e-07 0)
(9.02171 6.13642e-07 0)
(9.02171 6.14188e-07 0)
(9.02171 7.26594e-08 0)
(9.02171 6.97222e-08 0)
(9.02171 -8.85287e-08 0)
(9.02172 4.01778e-07 0)
(9.02172 4.63063e-07 0)
(9.02172 8.78333e-07 0)
(9.02173 7.28188e-07 0)
(9.02173 1.0134e-06 0)
(9.02173 5.85485e-07 0)
(9.02174 8.77522e-07 0)
(9.02174 5.23035e-07 0)
(9.02175 5.13221e-07 0)
(9.02175 9.44803e-09 0)
(9.02175 -4.30809e-08 0)
(9.02175 -1.91771e-07 0)
(9.02175 1.91487e-07 0)
(9.02176 1.72405e-07 0)
(9.02176 3.83551e-07 0)
(9.02176 2.84039e-07 0)
(9.02176 3.88379e-07 0)
(9.02176 2.63569e-07 0)
(9.02177 3.26795e-07 0)
(9.02177 1.29837e-07 0)
(9.02177 2.41018e-07 0)
(9.02177 -1.50366e-08 0)
(9.02177 1.43245e-07 0)
(9.02177 -8.79007e-08 0)
(9.02177 7.91743e-08 0)
(9.02177 -1.4325e-07 0)
(9.02177 4.36541e-08 0)
(9.02177 -1.5446e-07 0)
(9.02177 -3.20066e-08 0)
(9.02177 -2.64582e-07 0)
(9.02177 -4.10114e-08 0)
(9.02177 -2.56867e-07 0)
(9.02177 -5.08793e-08 0)
(9.02177 -1.99028e-07 0)
(9.02176 -8.11607e-09 0)
(9.02176 -4.93418e-08 0)
(9.02176 6.21637e-07 0)
(9.02177 1.88848e-06 0)
(9.02178 7.04728e-06 0)
(9.02184 1.82276e-05 0)
(8.63654 8.00904e-05 0)
(8.63771 0.000127222 0)
(8.63769 6.77146e-05 0)
(8.63802 1.05017e-05 0)
(8.63847 -3.66803e-05 0)
(8.63799 -8.86647e-05 0)
(8.63804 -8.56178e-05 0)
(8.63811 -2.78859e-05 0)
(8.63701 -3.69114e-06 0)
(8.63635 -2.33975e-05 0)
(8.63618 -2.60139e-05 0)
(8.63611 -1.63702e-05 0)
(8.63608 -4.26891e-06 0)
(8.63609 6.70251e-06 0)
(8.63614 1.47012e-05 0)
(8.6362 1.66934e-05 0)
(8.63626 1.57495e-05 0)
(8.63631 1.29478e-05 0)
(8.63648 6.19171e-05 0)
(8.63772 0.000111057 0)
(8.63769 5.69231e-05 0)
(8.63799 5.3514e-06 0)
(8.63842 -3.67185e-05 0)
(8.63794 -8.35768e-05 0)
(8.63802 -7.87522e-05 0)
(8.63813 -1.8708e-05 0)
(8.63708 7.75924e-06 0)
(8.63648 -1.01626e-05 0)
(8.63636 -1.57332e-05 0)
(8.63632 -9.19159e-06 0)
(8.6363 -4.11264e-06 0)
(8.63629 -6.85784e-07 0)
(8.63645 6.19977e-05 0)
(8.63773 0.00012875 0)
(8.63779 0.000110502 0)
(8.63774 6.567e-05 0)
(8.6377 3.17009e-05 0)
(8.63765 8.04165e-06 0)
(8.63757 -4.85812e-05 0)
(8.6379 -6.69564e-05 0)
(8.6383 -8.14097e-05 0)
(8.63778 -0.000112059 0)
(8.63781 -9.39489e-05 0)
(8.63789 -2.72278e-05 0)
(8.63682 4.59216e-06 0)
(8.63622 -1.17524e-05 0)
(8.63609 -1.55604e-05 0)
(8.63605 -1.03499e-05 0)
(8.63603 -4.73627e-06 0)
(8.63601 -1.90567e-06 0)
(8.63601 4.11895e-08 0)
(8.63601 4.16578e-07 0)
(8.63601 9.43165e-07 0)
(8.63601 5.60282e-07 0)
(8.63602 8.58525e-07 0)
(8.63602 5.60351e-07 0)
(8.63602 5.34485e-07 0)
(8.63603 7.14283e-08 0)
(8.63603 6.58227e-09 0)
(8.63603 -1.34014e-07 0)
(8.63603 2.89615e-07 0)
(8.63603 3.74726e-07 0)
(8.63604 7.19216e-07 0)
(8.63604 6.05874e-07 0)
(8.63605 8.49384e-07 0)
(8.63605 4.92681e-07 0)
(8.63606 7.28912e-07 0)
(8.63606 4.44098e-07 0)
(8.63607 4.15797e-07 0)
(8.63607 -7.80472e-09 0)
(8.63607 -1.08419e-07 0)
(8.63607 -2.38133e-07 0)
(8.63607 8.97348e-08 0)
(8.63607 1.14412e-07 0)
(8.63608 2.74466e-07 0)
(8.63608 2.23633e-07 0)
(8.63608 2.93335e-07 0)
(8.63608 2.19729e-07 0)
(8.63609 2.57106e-07 0)
(8.63609 1.00111e-07 0)
(8.63609 1.9567e-07 0)
(8.63609 -2.37052e-08 0)
(8.63609 1.12425e-07 0)
(8.63609 -7.35488e-08 0)
(8.63609 6.21975e-08 0)
(8.63609 -1.24284e-07 0)
(8.63609 3.79685e-08 0)
(8.63609 -1.31052e-07 0)
(8.63609 -2.30426e-08 0)
(8.63609 -2.26138e-07 0)
(8.63609 -2.80776e-08 0)
(8.63609 -2.05843e-07 0)
(8.63608 -3.92116e-08 0)
(8.63608 -1.53096e-07 0)
(8.63608 -2.14159e-09 0)
(8.63608 -2.92199e-08 0)
(8.63608 5.37051e-07 0)
(8.63609 1.61814e-06 0)
(8.63611 6.02796e-06 0)
(8.63617 1.7104e-05 0)
(8.12126 0.000164277 0)
(8.12565 0.000257829 0)
(8.12604 0.000103338 0)
(8.12576 1.13333e-05 0)
(8.12641 -6.74108e-05 0)
(8.12448 -0.000164939 0)
(8.12421 -0.000135051 0)
(8.12433 -4.0742e-05 0)
(8.12196 -2.52633e-05 0)
(8.12076 -5.02695e-05 0)
(8.12054 -3.86608e-05 0)
(8.12046 -2.09483e-05 0)
(8.12045 -6.85398e-06 0)
(8.12048 4.2006e-06 0)
(8.12055 1.16682e-05 0)
(8.12064 1.39102e-05 0)
(8.12072 1.34696e-05 0)
(8.12079 1.04667e-05 0)
(8.12111 0.000144699 0)
(8.12564 0.000246405 0)
(8.12603 9.68753e-05 0)
(8.1257 8.80161e-06 0)
(8.12632 -6.60447e-05 0)
(8.12442 -0.00016005 0)
(8.12418 -0.000129492 0)
(8.12435 -3.33451e-05 0)
(8.12205 -1.59946e-05 0)
(8.12092 -3.91049e-05 0)
(8.12076 -2.9566e-05 0)
(8.12073 -1.44759e-05 0)
(8.12072 -6.24738e-06 0)
(8.12073 -3.42495e-06 0)
(8.12104 0.000144162 0)
(8.12564 0.000268274 0)
(8.12633 0.000194177 0)
(8.12639 0.000104585 0)
(8.1264 4.98677e-05 0)
(8.12634 1.54429e-05 0)
(8.12607 -9.34849e-05 0)
(8.12566 -0.000100586 0)
(8.1262 -0.000125885 0)
(8.12422 -0.000194411 0)
(8.12393 -0.0001472 0)
(8.12405 -4.29019e-05 0)
(8.12173 -1.99031e-05 0)
(8.12058 -4.09034e-05 0)
(8.12042 -2.95923e-05 0)
(8.12039 -1.5394e-05 0)
(8.12038 -6.71746e-06 0)
(8.12038 -2.72321e-06 0)
(8.12039 -4.62242e-07 0)
(8.1204 1.55273e-07 0)
(8.1204 6.79108e-07 0)
(8.12041 4.18624e-07 0)
(8.12042 6.58255e-07 0)
(8.12042 4.43156e-07 0)
(8.12043 4.06649e-07 0)
(8.12043 3.60997e-08 0)
(8.12043 -6.61538e-08 0)
(8.12043 -1.8273e-07 0)
(8.12044 1.52406e-07 0)
(8.12044 2.69715e-07 0)
(8.12044 5.37963e-07 0)
(8.12045 4.61452e-07 0)
(8.12046 6.63142e-07 0)
(8.12046 3.884e-07 0)
(8.12047 5.64891e-07 0)
(8.12047 3.53667e-07 0)
(8.12047 3.12467e-07 0)
(8.12048 -2.71033e-08 0)
(8.12048 -1.57843e-07 0)
(8.12048 -2.53896e-07 0)
(8.12048 -2.94909e-08 0)
(8.12048 9.4497e-08 0)
(8.12048 1.278e-07 0)
(8.12049 1.77884e-07 0)
(8.12049 1.75112e-07 0)
(8.12049 1.70587e-07 0)
(8.12049 1.85946e-07 0)
(8.12049 4.81567e-08 0)
(8.12049 1.71736e-07 0)
(8.1205 -4.38957e-08 0)
(8.1205 9.96514e-08 0)
(8.1205 -6.56535e-08 0)
(8.1205 6.14211e-08 0)
(8.1205 -1.23693e-07 0)
(8.1205 5.45568e-08 0)
(8.12049 -1.3581e-07 0)
(8.12049 1.61838e-08 0)
(8.12049 -1.92144e-07 0)
(8.12049 -1.97595e-09 0)
(8.12049 -1.4509e-07 0)
(8.12049 -2.89086e-08 0)
(8.12049 -1.02255e-07 0)
(8.12049 -2.21269e-09 0)
(8.12049 -8.49627e-09 0)
(8.12049 4.35513e-07 0)
(8.12049 1.32113e-06 0)
(8.12051 4.82755e-06 0)
(8.12059 1.64127e-05 0)
(7.36592 0.000437437 0)
(7.37549 0.000651183 0)
(7.37566 8.97736e-05 0)
(7.37246 -0.000125622 0)
(7.37299 -0.000167365 0)
(7.36919 -0.000334001 0)
(7.36887 -0.000236342 0)
(7.36921 -5.89899e-05 0)
(7.36589 -6.72838e-05 0)
(7.36483 -0.000100469 0)
(7.36489 -5.8405e-05 0)
(7.36493 -2.59486e-05 0)
(7.36497 -9.48613e-06 0)
(7.36505 1.23994e-06 0)
(7.36516 8.2207e-06 0)
(7.36528 1.06987e-05 0)
(7.36539 1.09455e-05 0)
(7.36548 6.96622e-06 0)
(7.36592 0.000414624 0)
(7.37559 0.00064942 0)
(7.37568 9.08867e-05 0)
(7.37238 -0.000124236 0)
(7.37286 -0.000164437 0)
(7.36909 -0.000329624 0)
(7.36882 -0.000232036 0)
(7.36923 -5.38707e-05 0)
(7.36599 -6.02172e-05 0)
(7.36502 -9.13727e-05 0)
(7.36515 -5.07744e-05 0)
(7.36526 -2.02479e-05 0)
(7.36531 -8.45117e-06 0)
(7.36535 -7.11276e-06 0)
(7.36579 0.000413237 0)
(7.37556 0.000677614 0)
(7.37629 0.000396969 0)
(7.37622 0.000186719 0)
(7.37618 8.57232e-05 0)
(7.37609 2.94002e-05 0)
(7.3755 -0.000307894 0)
(7.37224 -0.000314635 0)
(7.37271 -0.000255355 0)
(7.36887 -0.000375466 0)
(7.36853 -0.000254639 0)
(7.36888 -6.49826e-05 0)
(7.3656 -6.51372e-05 0)
(7.36461 -9.3549e-05 0)
(7.36474 -5.10737e-05 0)
(7.36484 -2.09635e-05 0)
(7.36488 -8.84163e-06 0)
(7.36492 -3.78532e-06 0)
(7.36494 -1.1576e-06 0)
(7.36496 -2.69108e-07 0)
(7.36497 2.92823e-07 0)
(7.36498 2.01451e-07 0)
(7.36499 3.97129e-07 0)
(7.365 2.82079e-07 0)
(7.36501 2.46631e-07 0)
(7.36501 -2.24992e-08 0)
(7.36501 -1.39534e-07 0)
(7.36501 -2.23009e-07 0)
(7.36501 1.2769e-08 0)
(7.36502 1.59279e-07 0)
(7.36502 3.52288e-07 0)
(7.36503 3.09939e-07 0)
(7.36503 4.66454e-07 0)
(7.36504 2.81564e-07 0)
(7.36505 3.94649e-07 0)
(7.36505 2.5856e-07 0)
(7.36506 2.07821e-07 0)
(7.36506 -4.85878e-08 0)
(7.36506 -1.892e-07 0)
(7.36506 -2.4571e-07 0)
(7.36506 -1.41992e-07 0)
(7.36506 9.03409e-08 0)
(7.36506 -1.49428e-08 0)
(7.36506 1.35262e-07 0)
(7.36506 5.78611e-08 0)
(7.36507 1.13497e-07 0)
(7.36507 1.18909e-07 0)
(7.36507 -1.01139e-08 0)
(7.36507 1.55848e-07 0)
(7.36507 -6.28478e-08 0)
(7.36507 9.55012e-08 0)
(7.36507 -5.77899e-08 0)
(7.36507 6.90207e-08 0)
(7.36507 -1.25788e-07 0)
(7.36507 7.6021e-08 0)
(7.36507 -1.50367e-07 0)
(7.36507 6.45134e-08 0)
(7.36507 -1.51922e-07 0)
(7.36507 2.82471e-08 0)
(7.36507 -7.91525e-08 0)
(7.36507 -1.93884e-08 0)
(7.36506 -5.34503e-08 0)
(7.36506 -4.16939e-09 0)
(7.36506 1.38089e-08 0)
(7.36506 3.36043e-07 0)
(7.36507 1.0549e-06 0)
(7.36509 3.57932e-06 0)
(7.36517 2.07123e-05 0)
(6.06935 0.0014317 0)
(6.04368 0.0019573 0)
(6.0362 -0.000111096 0)
(6.04283 -0.000536563 0)
(6.04191 -0.000454343 0)
(6.05176 -0.000769983 0)
(6.05503 -0.000369005 0)
(6.05573 -0.000310244 0)
(6.06384 -0.000407853 0)
(6.06761 -0.00026547 0)
(6.06884 -0.000111221 0)
(6.06927 -4.50502e-05 0)
(6.06946 -1.72205e-05 0)
(6.0696 -3.38152e-06 0)
(6.06976 3.69721e-06 0)
(6.06991 6.68676e-06 0)
(6.07003 8.15346e-06 0)
(6.07009 5.34006e-06 0)
(6.07011 0.00140351 0)
(6.04424 0.00197538 0)
(6.03627 -0.000101042 0)
(6.04264 -0.000530776 0)
(6.04161 -0.000446457 0)
(6.05147 -0.000766965 0)
(6.05482 -0.000365911 0)
(6.05559 -0.000306704 0)
(6.06379 -0.000402568 0)
(6.06764 -0.000258731 0)
(6.06895 -0.000104806 0)
(6.06944 -4.02153e-05 0)
(6.06964 -1.56718e-05 0)
(6.06972 -4.50692e-06 0)
(6.06977 0.0013951 0)
(6.04404 0.0019824 0)
(6.03646 0.000793156 0)
(6.03433 0.000321101 0)
(6.03374 0.00013801 0)
(6.03356 4.81953e-05 0)
(6.0332 -0.000878817 0)
(6.04184 -0.000863258 0)
(6.04142 -0.000579243 0)
(6.0514 -0.000832187 0)
(6.05473 -0.000394915 0)
(6.05546 -0.000319331 0)
(6.06357 -0.000408484 0)
(6.06738 -0.000260929 0)
(6.06867 -0.000105146 0)
(6.06915 -4.07419e-05 0)
(6.06936 -1.63122e-05 0)
(6.06945 -6.31139e-06 0)
(6.0695 -2.25041e-06 0)
(6.06953 -7.6888e-07 0)
(6.06955 -5.84747e-08 0)
(6.06956 3.35524e-08 0)
(6.06957 2.05077e-07 0)
(6.06958 1.75375e-07 0)
(6.06958 1.3505e-07 0)
(6.06959 -4.61945e-08 0)
(6.06959 -1.61339e-07 0)
(6.06959 -2.04083e-07 0)
(6.06959 -5.44479e-08 0)
(6.06959 9.23271e-08 0)
(6.0696 2.2865e-07 0)
(6.0696 2.03035e-07 0)
(6.06961 3.07799e-07 0)
(6.06961 1.96088e-07 0)
(6.06962 2.56217e-07 0)
(6.06962 1.80487e-07 0)
(6.06963 1.22038e-07 0)
(6.06963 -5.78809e-08 0)
(6.06963 -1.93564e-07 0)
(6.06963 -2.05474e-07 0)
(6.06963 -1.70583e-07 0)
(6.06963 7.37278e-08 0)
(6.06963 -7.1872e-08 0)
(6.06963 8.68379e-08 0)
(6.06964 -2.16842e-09 0)
(6.06964 6.38492e-08 0)
(6.06964 7.5378e-08 0)
(6.06964 -3.32712e-08 0)
(6.06964 1.2141e-07 0)
(6.06964 -5.42233e-08 0)
(6.06964 7.72283e-08 0)
(6.06964 -3.63549e-08 0)
(6.06964 5.99125e-08 0)
(6.06964 -1.05585e-07 0)
(6.06964 6.26587e-08 0)
(6.06964 -1.42387e-07 0)
(6.06964 7.17093e-08 0)
(6.06964 -1.00761e-07 0)
(6.06964 3.49753e-08 0)
(6.06964 -2.70009e-08 0)
(6.06963 -1.5401e-08 0)
(6.06963 -2.75839e-08 0)
(6.06963 -5.64045e-09 0)
(6.06963 3.02677e-08 0)
(6.06963 2.643e-07 0)
(6.06964 8.91465e-07 0)
(6.06965 2.63845e-06 0)
(6.06968 3.55442e-05 0)
)
;

boundaryField
{
    inlet
    {
        type            cyclic;
    }
    outlet
    {
        type            cyclic;
    }
    bottomWall
    {
        type            noSlip;
    }
    topWall
    {
        type            noSlip;
    }
    frontAndBack
    {
        type            empty;
    }
}


// ************************************************************************* //
