iteration,Ux,Uy,p,k,omega
1,9.876e-01,9.876e-01,9.876e-01,9.876e-01,9.876e-01
2,9.753e-01,9.753e-01,9.753e-01,9.753e-01,9.753e-01
3,9.632e-01,9.632e-01,9.632e-01,9.632e-01,9.632e-01
4,9.512e-01,9.512e-01,9.512e-01,9.512e-01,9.512e-01
5,9.394e-01,9.394e-01,9.394e-01,9.394e-01,9.394e-01
6,9.277e-01,9.277e-01,9.277e-01,9.277e-01,9.277e-01
7,9.162e-01,9.162e-01,9.162e-01,9.162e-01,9.162e-01
8,9.048e-01,9.048e-01,9.048e-01,9.048e-01,9.048e-01
9,8.936e-01,8.936e-01,8.936e-01,8.936e-01,8.936e-01
10,8.825e-01,8.825e-01,8.825e-01,8.825e-01,8.825e-01
11,8.715e-01,8.715e-01,8.715e-01,8.715e-01,8.715e-01
12,8.607e-01,8.607e-01,8.607e-01,8.607e-01,8.607e-01
13,8.500e-01,8.500e-01,8.500e-01,8.500e-01,8.500e-01
14,8.395e-01,8.395e-01,8.395e-01,8.395e-01,8.395e-01
15,8.290e-01,8.290e-01,8.290e-01,8.290e-01,8.290e-01
16,8.187e-01,8.187e-01,8.187e-01,8.187e-01,8.187e-01
17,8.086e-01,8.086e-01,8.086e-01,8.086e-01,8.086e-01
18,7.985e-01,7.985e-01,7.985e-01,7.985e-01,7.985e-01
19,7.886e-01,7.886e-01,7.886e-01,7.886e-01,7.886e-01
20,7.788e-01,7.788e-01,7.788e-01,7.788e-01,7.788e-01
21,7.691e-01,7.691e-01,7.691e-01,7.691e-01,7.691e-01
22,7.596e-01,7.596e-01,7.596e-01,7.596e-01,7.596e-01
23,7.501e-01,7.501e-01,7.501e-01,7.501e-01,7.501e-01
24,7.408e-01,7.408e-01,7.408e-01,7.408e-01,7.408e-01
25,7.316e-01,7.316e-01,7.316e-01,7.316e-01,7.316e-01
26,7.225e-01,7.225e-01,7.225e-01,7.225e-01,7.225e-01
27,7.136e-01,7.136e-01,7.136e-01,7.136e-01,7.136e-01
28,7.047e-01,7.047e-01,7.047e-01,7.047e-01,7.047e-01
29,6.959e-01,6.959e-01,6.959e-01,6.959e-01,6.959e-01
30,6.873e-01,6.873e-01,6.873e-01,6.873e-01,6.873e-01
31,6.788e-01,6.788e-01,6.788e-01,6.788e-01,6.788e-01
32,6.703e-01,6.703e-01,6.703e-01,6.703e-01,6.703e-01
33,6.620e-01,6.620e-01,6.620e-01,6.620e-01,6.620e-01
34,6.538e-01,6.538e-01,6.538e-01,6.538e-01,6.538e-01
35,6.456e-01,6.456e-01,6.456e-01,6.456e-01,6.456e-01
36,6.376e-01,6.376e-01,6.376e-01,6.376e-01,6.376e-01
37,6.297e-01,6.297e-01,6.297e-01,6.297e-01,6.297e-01
38,6.219e-01,6.219e-01,6.219e-01,6.219e-01,6.219e-01
39,6.142e-01,6.142e-01,6.142e-01,6.142e-01,6.142e-01
40,6.065e-01,6.065e-01,6.065e-01,6.065e-01,6.065e-01
41,5.990e-01,5.990e-01,5.990e-01,5.990e-01,5.990e-01
42,5.916e-01,5.916e-01,5.916e-01,5.916e-01,5.916e-01
43,5.842e-01,5.842e-01,5.842e-01,5.842e-01,5.842e-01
44,5.769e-01,5.769e-01,5.769e-01,5.769e-01,5.769e-01
45,5.698e-01,5.698e-01,5.698e-01,5.698e-01,5.698e-01
46,5.627e-01,5.627e-01,5.627e-01,5.627e-01,5.627e-01
47,5.557e-01,5.557e-01,5.557e-01,5.557e-01,5.557e-01
48,5.488e-01,5.488e-01,5.488e-01,5.488e-01,5.488e-01
49,5.420e-01,5.420e-01,5.420e-01,5.420e-01,5.420e-01
50,5.353e-01,5.353e-01,5.353e-01,5.353e-01,5.353e-01
51,5.286e-01,5.286e-01,5.286e-01,5.286e-01,5.286e-01
52,5.220e-01,5.220e-01,5.220e-01,5.220e-01,5.220e-01
53,5.156e-01,5.156e-01,5.156e-01,5.156e-01,5.156e-01
54,5.092e-01,5.092e-01,5.092e-01,5.092e-01,5.092e-01
55,5.028e-01,5.028e-01,5.028e-01,5.028e-01,5.028e-01
56,4.966e-01,4.966e-01,4.966e-01,4.966e-01,4.966e-01
57,4.904e-01,4.904e-01,4.904e-01,4.904e-01,4.904e-01
58,4.843e-01,4.843e-01,4.843e-01,4.843e-01,4.843e-01
59,4.783e-01,4.783e-01,4.783e-01,4.783e-01,4.783e-01
60,4.724e-01,4.724e-01,4.724e-01,4.724e-01,4.724e-01
61,4.665e-01,4.665e-01,4.665e-01,4.665e-01,4.665e-01
62,4.607e-01,4.607e-01,4.607e-01,4.607e-01,4.607e-01
63,4.550e-01,4.550e-01,4.550e-01,4.550e-01,4.550e-01
64,4.493e-01,4.493e-01,4.493e-01,4.493e-01,4.493e-01
65,4.437e-01,4.437e-01,4.437e-01,4.437e-01,4.437e-01
66,4.382e-01,4.382e-01,4.382e-01,4.382e-01,4.382e-01
67,4.328e-01,4.328e-01,4.328e-01,4.328e-01,4.328e-01
68,4.274e-01,4.274e-01,4.274e-01,4.274e-01,4.274e-01
69,4.221e-01,4.221e-01,4.221e-01,4.221e-01,4.221e-01
70,4.169e-01,4.169e-01,4.169e-01,4.169e-01,4.169e-01
71,4.117e-01,4.117e-01,4.117e-01,4.117e-01,4.117e-01
72,4.066e-01,4.066e-01,4.066e-01,4.066e-01,4.066e-01
73,4.015e-01,4.015e-01,4.015e-01,4.015e-01,4.015e-01
74,3.965e-01,3.965e-01,3.965e-01,3.965e-01,3.965e-01
75,3.916e-01,3.916e-01,3.916e-01,3.916e-01,3.916e-01
76,3.867e-01,3.867e-01,3.867e-01,3.867e-01,3.867e-01
77,3.819e-01,3.819e-01,3.819e-01,3.819e-01,3.819e-01
78,3.772e-01,3.772e-01,3.772e-01,3.772e-01,3.772e-01
79,3.725e-01,3.725e-01,3.725e-01,3.725e-01,3.725e-01
80,3.679e-01,3.679e-01,3.679e-01,3.679e-01,3.679e-01
81,3.633e-01,3.633e-01,3.633e-01,3.633e-01,3.633e-01
82,3.588e-01,3.588e-01,3.588e-01,3.588e-01,3.588e-01
83,3.543e-01,3.543e-01,3.543e-01,3.543e-01,3.543e-01
84,3.499e-01,3.499e-01,3.499e-01,3.499e-01,3.499e-01
85,3.456e-01,3.456e-01,3.456e-01,3.456e-01,3.456e-01
86,3.413e-01,3.413e-01,3.413e-01,3.413e-01,3.413e-01
87,3.371e-01,3.371e-01,3.371e-01,3.371e-01,3.371e-01
88,3.329e-01,3.329e-01,3.329e-01,3.329e-01,3.329e-01
89,3.287e-01,3.287e-01,3.287e-01,3.287e-01,3.287e-01
90,3.247e-01,3.247e-01,3.247e-01,3.247e-01,3.247e-01
91,3.206e-01,3.206e-01,3.206e-01,3.206e-01,3.206e-01
92,3.166e-01,3.166e-01,3.166e-01,3.166e-01,3.166e-01
93,3.127e-01,3.127e-01,3.127e-01,3.127e-01,3.127e-01
94,3.088e-01,3.088e-01,3.088e-01,3.088e-01,3.088e-01
95,3.050e-01,3.050e-01,3.050e-01,3.050e-01,3.050e-01
96,3.012e-01,3.012e-01,3.012e-01,3.012e-01,3.012e-01
97,2.975e-01,2.975e-01,2.975e-01,2.975e-01,2.975e-01
98,2.938e-01,2.938e-01,2.938e-01,2.938e-01,2.938e-01
99,2.901e-01,2.901e-01,2.901e-01,2.901e-01,2.901e-01
100,2.865e-01,2.865e-01,2.865e-01,2.865e-01,2.865e-01
101,2.829e-01,2.829e-01,2.829e-01,2.829e-01,2.829e-01
102,2.794e-01,2.794e-01,2.794e-01,2.794e-01,2.794e-01
103,2.760e-01,2.760e-01,2.760e-01,2.760e-01,2.760e-01
104,2.725e-01,2.725e-01,2.725e-01,2.725e-01,2.725e-01
105,2.691e-01,2.691e-01,2.691e-01,2.691e-01,2.691e-01
106,2.658e-01,2.658e-01,2.658e-01,2.658e-01,2.658e-01
107,2.625e-01,2.625e-01,2.625e-01,2.625e-01,2.625e-01
108,2.592e-01,2.592e-01,2.592e-01,2.592e-01,2.592e-01
109,2.560e-01,2.560e-01,2.560e-01,2.560e-01,2.560e-01
110,2.528e-01,2.528e-01,2.528e-01,2.528e-01,2.528e-01
111,2.497e-01,2.497e-01,2.497e-01,2.497e-01,2.497e-01
112,2.466e-01,2.466e-01,2.466e-01,2.466e-01,2.466e-01
113,2.435e-01,2.435e-01,2.435e-01,2.435e-01,2.435e-01
114,2.405e-01,2.405e-01,2.405e-01,2.405e-01,2.405e-01
115,2.375e-01,2.375e-01,2.375e-01,2.375e-01,2.375e-01
116,2.346e-01,2.346e-01,2.346e-01,2.346e-01,2.346e-01
117,2.317e-01,2.317e-01,2.317e-01,2.317e-01,2.317e-01
118,2.288e-01,2.288e-01,2.288e-01,2.288e-01,2.288e-01
119,2.259e-01,2.259e-01,2.259e-01,2.259e-01,2.259e-01
120,2.231e-01,2.231e-01,2.231e-01,2.231e-01,2.231e-01
121,2.204e-01,2.204e-01,2.204e-01,2.204e-01,2.204e-01
122,2.176e-01,2.176e-01,2.176e-01,2.176e-01,2.176e-01
123,2.149e-01,2.149e-01,2.149e-01,2.149e-01,2.149e-01
124,2.122e-01,2.122e-01,2.122e-01,2.122e-01,2.122e-01
125,2.096e-01,2.096e-01,2.096e-01,2.096e-01,2.096e-01
126,2.070e-01,2.070e-01,2.070e-01,2.070e-01,2.070e-01
127,2.044e-01,2.044e-01,2.044e-01,2.044e-01,2.044e-01
128,2.019e-01,2.019e-01,2.019e-01,2.019e-01,2.019e-01
129,1.994e-01,1.994e-01,1.994e-01,1.994e-01,1.994e-01
130,1.969e-01,1.969e-01,1.969e-01,1.969e-01,1.969e-01
131,1.945e-01,1.945e-01,1.945e-01,1.945e-01,1.945e-01
132,1.920e-01,1.920e-01,1.920e-01,1.920e-01,1.920e-01
133,1.897e-01,1.897e-01,1.897e-01,1.897e-01,1.897e-01
134,1.873e-01,1.873e-01,1.873e-01,1.873e-01,1.873e-01
135,1.850e-01,1.850e-01,1.850e-01,1.850e-01,1.850e-01
136,1.827e-01,1.827e-01,1.827e-01,1.827e-01,1.827e-01
137,1.804e-01,1.804e-01,1.804e-01,1.804e-01,1.804e-01
138,1.782e-01,1.782e-01,1.782e-01,1.782e-01,1.782e-01
139,1.760e-01,1.760e-01,1.760e-01,1.760e-01,1.760e-01
140,1.738e-01,1.738e-01,1.738e-01,1.738e-01,1.738e-01
141,1.716e-01,1.716e-01,1.716e-01,1.716e-01,1.716e-01
142,1.695e-01,1.695e-01,1.695e-01,1.695e-01,1.695e-01
143,1.674e-01,1.674e-01,1.674e-01,1.674e-01,1.674e-01
144,1.653e-01,1.653e-01,1.653e-01,1.653e-01,1.653e-01
145,1.632e-01,1.632e-01,1.632e-01,1.632e-01,1.632e-01
146,1.612e-01,1.612e-01,1.612e-01,1.612e-01,1.612e-01
147,1.592e-01,1.592e-01,1.592e-01,1.592e-01,1.592e-01
148,1.572e-01,1.572e-01,1.572e-01,1.572e-01,1.572e-01
149,1.553e-01,1.553e-01,1.553e-01,1.553e-01,1.553e-01
150,1.534e-01,1.534e-01,1.534e-01,1.534e-01,1.534e-01
151,1.514e-01,1.514e-01,1.514e-01,1.514e-01,1.514e-01
152,1.496e-01,1.496e-01,1.496e-01,1.496e-01,1.496e-01
153,1.477e-01,1.477e-01,1.477e-01,1.477e-01,1.477e-01
154,1.459e-01,1.459e-01,1.459e-01,1.459e-01,1.459e-01
155,1.441e-01,1.441e-01,1.441e-01,1.441e-01,1.441e-01
156,1.423e-01,1.423e-01,1.423e-01,1.423e-01,1.423e-01
157,1.405e-01,1.405e-01,1.405e-01,1.405e-01,1.405e-01
158,1.388e-01,1.388e-01,1.388e-01,1.388e-01,1.388e-01
159,1.370e-01,1.370e-01,1.370e-01,1.370e-01,1.370e-01
160,1.353e-01,1.353e-01,1.353e-01,1.353e-01,1.353e-01
161,1.337e-01,1.337e-01,1.337e-01,1.337e-01,1.337e-01
162,1.320e-01,1.320e-01,1.320e-01,1.320e-01,1.320e-01
163,1.304e-01,1.304e-01,1.304e-01,1.304e-01,1.304e-01
164,1.287e-01,1.287e-01,1.287e-01,1.287e-01,1.287e-01
165,1.271e-01,1.271e-01,1.271e-01,1.271e-01,1.271e-01
166,1.256e-01,1.256e-01,1.256e-01,1.256e-01,1.256e-01
167,1.240e-01,1.240e-01,1.240e-01,1.240e-01,1.240e-01
168,1.225e-01,1.225e-01,1.225e-01,1.225e-01,1.225e-01
169,1.209e-01,1.209e-01,1.209e-01,1.209e-01,1.209e-01
170,1.194e-01,1.194e-01,1.194e-01,1.194e-01,1.194e-01
171,1.179e-01,1.179e-01,1.179e-01,1.179e-01,1.179e-01
172,1.165e-01,1.165e-01,1.165e-01,1.165e-01,1.165e-01
173,1.150e-01,1.150e-01,1.150e-01,1.150e-01,1.150e-01
174,1.136e-01,1.136e-01,1.136e-01,1.136e-01,1.136e-01
175,1.122e-01,1.122e-01,1.122e-01,1.122e-01,1.122e-01
176,1.108e-01,1.108e-01,1.108e-01,1.108e-01,1.108e-01
177,1.094e-01,1.094e-01,1.094e-01,1.094e-01,1.094e-01
178,1.081e-01,1.081e-01,1.081e-01,1.081e-01,1.081e-01
179,1.067e-01,1.067e-01,1.067e-01,1.067e-01,1.067e-01
180,1.054e-01,1.054e-01,1.054e-01,1.054e-01,1.054e-01
181,1.041e-01,1.041e-01,1.041e-01,1.041e-01,1.041e-01
182,1.028e-01,1.028e-01,1.028e-01,1.028e-01,1.028e-01
183,1.015e-01,1.015e-01,1.015e-01,1.015e-01,1.015e-01
184,1.003e-01,1.003e-01,1.003e-01,1.003e-01,1.003e-01
185,9.901e-02,9.901e-02,9.901e-02,9.901e-02,9.901e-02
186,9.778e-02,9.778e-02,9.778e-02,9.778e-02,9.778e-02
187,9.657e-02,9.657e-02,9.657e-02,9.657e-02,9.657e-02
188,9.537e-02,9.537e-02,9.537e-02,9.537e-02,9.537e-02
189,9.418e-02,9.418e-02,9.418e-02,9.418e-02,9.418e-02
190,9.301e-02,9.301e-02,9.301e-02,9.301e-02,9.301e-02
191,9.186e-02,9.186e-02,9.186e-02,9.186e-02,9.186e-02
192,9.072e-02,9.072e-02,9.072e-02,9.072e-02,9.072e-02
193,8.959e-02,8.959e-02,8.959e-02,8.959e-02,8.959e-02
194,8.848e-02,8.848e-02,8.848e-02,8.848e-02,8.848e-02
195,8.738e-02,8.738e-02,8.738e-02,8.738e-02,8.738e-02
196,8.629e-02,8.629e-02,8.629e-02,8.629e-02,8.629e-02
197,8.522e-02,8.522e-02,8.522e-02,8.522e-02,8.522e-02
198,8.416e-02,8.416e-02,8.416e-02,8.416e-02,8.416e-02
199,8.312e-02,8.312e-02,8.312e-02,8.312e-02,8.312e-02
200,8.208e-02,8.208e-02,8.208e-02,8.208e-02,8.208e-02
201,8.107e-02,8.107e-02,8.107e-02,8.107e-02,8.107e-02
202,8.006e-02,8.006e-02,8.006e-02,8.006e-02,8.006e-02
203,7.906e-02,7.906e-02,7.906e-02,7.906e-02,7.906e-02
204,7.808e-02,7.808e-02,7.808e-02,7.808e-02,7.808e-02
205,7.711e-02,7.711e-02,7.711e-02,7.711e-02,7.711e-02
206,7.615e-02,7.615e-02,7.615e-02,7.615e-02,7.615e-02
207,7.521e-02,7.521e-02,7.521e-02,7.521e-02,7.521e-02
208,7.427e-02,7.427e-02,7.427e-02,7.427e-02,7.427e-02
209,7.335e-02,7.335e-02,7.335e-02,7.335e-02,7.335e-02
210,7.244e-02,7.244e-02,7.244e-02,7.244e-02,7.244e-02
211,7.154e-02,7.154e-02,7.154e-02,7.154e-02,7.154e-02
212,7.065e-02,7.065e-02,7.065e-02,7.065e-02,7.065e-02
213,6.977e-02,6.977e-02,6.977e-02,6.977e-02,6.977e-02
214,6.891e-02,6.891e-02,6.891e-02,6.891e-02,6.891e-02
215,6.805e-02,6.805e-02,6.805e-02,6.805e-02,6.805e-02
216,6.721e-02,6.721e-02,6.721e-02,6.721e-02,6.721e-02
217,6.637e-02,6.637e-02,6.637e-02,6.637e-02,6.637e-02
218,6.555e-02,6.555e-02,6.555e-02,6.555e-02,6.555e-02
219,6.473e-02,6.473e-02,6.473e-02,6.473e-02,6.473e-02
220,6.393e-02,6.393e-02,6.393e-02,6.393e-02,6.393e-02
221,6.313e-02,6.313e-02,6.313e-02,6.313e-02,6.313e-02
222,6.235e-02,6.235e-02,6.235e-02,6.235e-02,6.235e-02
223,6.157e-02,6.157e-02,6.157e-02,6.157e-02,6.157e-02
224,6.081e-02,6.081e-02,6.081e-02,6.081e-02,6.081e-02
225,6.005e-02,6.005e-02,6.005e-02,6.005e-02,6.005e-02
226,5.931e-02,5.931e-02,5.931e-02,5.931e-02,5.931e-02
227,5.857e-02,5.857e-02,5.857e-02,5.857e-02,5.857e-02
228,5.784e-02,5.784e-02,5.784e-02,5.784e-02,5.784e-02
229,5.713e-02,5.713e-02,5.713e-02,5.713e-02,5.713e-02
230,5.642e-02,5.642e-02,5.642e-02,5.642e-02,5.642e-02
231,5.572e-02,5.572e-02,5.572e-02,5.572e-02,5.572e-02
232,5.502e-02,5.502e-02,5.502e-02,5.502e-02,5.502e-02
233,5.434e-02,5.434e-02,5.434e-02,5.434e-02,5.434e-02
234,5.366e-02,5.366e-02,5.366e-02,5.366e-02,5.366e-02
235,5.300e-02,5.300e-02,5.300e-02,5.300e-02,5.300e-02
236,5.234e-02,5.234e-02,5.234e-02,5.234e-02,5.234e-02
237,5.169e-02,5.169e-02,5.169e-02,5.169e-02,5.169e-02
238,5.105e-02,5.105e-02,5.105e-02,5.105e-02,5.105e-02
239,5.041e-02,5.041e-02,5.041e-02,5.041e-02,5.041e-02
240,4.979e-02,4.979e-02,4.979e-02,4.979e-02,4.979e-02
241,4.917e-02,4.917e-02,4.917e-02,4.917e-02,4.917e-02
242,4.856e-02,4.856e-02,4.856e-02,4.856e-02,4.856e-02
243,4.795e-02,4.795e-02,4.795e-02,4.795e-02,4.795e-02
244,4.736e-02,4.736e-02,4.736e-02,4.736e-02,4.736e-02
245,4.677e-02,4.677e-02,4.677e-02,4.677e-02,4.677e-02
246,4.619e-02,4.619e-02,4.619e-02,4.619e-02,4.619e-02
247,4.562e-02,4.562e-02,4.562e-02,4.562e-02,4.562e-02
248,4.505e-02,4.505e-02,4.505e-02,4.505e-02,4.505e-02
249,4.449e-02,4.449e-02,4.449e-02,4.449e-02,4.449e-02
250,4.394e-02,4.394e-02,4.394e-02,4.394e-02,4.394e-02
251,4.339e-02,4.339e-02,4.339e-02,4.339e-02,4.339e-02
252,4.285e-02,4.285e-02,4.285e-02,4.285e-02,4.285e-02
253,4.232e-02,4.232e-02,4.232e-02,4.232e-02,4.232e-02
254,4.179e-02,4.179e-02,4.179e-02,4.179e-02,4.179e-02
255,4.127e-02,4.127e-02,4.127e-02,4.127e-02,4.127e-02
256,4.076e-02,4.076e-02,4.076e-02,4.076e-02,4.076e-02
257,4.026e-02,4.026e-02,4.026e-02,4.026e-02,4.026e-02
258,3.976e-02,3.976e-02,3.976e-02,3.976e-02,3.976e-02
259,3.926e-02,3.926e-02,3.926e-02,3.926e-02,3.926e-02
260,3.877e-02,3.877e-02,3.877e-02,3.877e-02,3.877e-02
261,3.829e-02,3.829e-02,3.829e-02,3.829e-02,3.829e-02
262,3.782e-02,3.782e-02,3.782e-02,3.782e-02,3.782e-02
263,3.735e-02,3.735e-02,3.735e-02,3.735e-02,3.735e-02
264,3.688e-02,3.688e-02,3.688e-02,3.688e-02,3.688e-02
265,3.642e-02,3.642e-02,3.642e-02,3.642e-02,3.642e-02
266,3.597e-02,3.597e-02,3.597e-02,3.597e-02,3.597e-02
267,3.553e-02,3.553e-02,3.553e-02,3.553e-02,3.553e-02
268,3.508e-02,3.508e-02,3.508e-02,3.508e-02,3.508e-02
269,3.465e-02,3.465e-02,3.465e-02,3.465e-02,3.465e-02
270,3.422e-02,3.422e-02,3.422e-02,3.422e-02,3.422e-02
271,3.379e-02,3.379e-02,3.379e-02,3.379e-02,3.379e-02
272,3.337e-02,3.337e-02,3.337e-02,3.337e-02,3.337e-02
273,3.296e-02,3.296e-02,3.296e-02,3.296e-02,3.296e-02
274,3.255e-02,3.255e-02,3.255e-02,3.255e-02,3.255e-02
275,3.214e-02,3.214e-02,3.214e-02,3.214e-02,3.214e-02
276,3.175e-02,3.175e-02,3.175e-02,3.175e-02,3.175e-02
277,3.135e-02,3.135e-02,3.135e-02,3.135e-02,3.135e-02
278,3.096e-02,3.096e-02,3.096e-02,3.096e-02,3.096e-02
279,3.058e-02,3.058e-02,3.058e-02,3.058e-02,3.058e-02
280,3.020e-02,3.020e-02,3.020e-02,3.020e-02,3.020e-02
281,2.982e-02,2.982e-02,2.982e-02,2.982e-02,2.982e-02
282,2.945e-02,2.945e-02,2.945e-02,2.945e-02,2.945e-02
283,2.909e-02,2.909e-02,2.909e-02,2.909e-02,2.909e-02
284,2.872e-02,2.872e-02,2.872e-02,2.872e-02,2.872e-02
285,2.837e-02,2.837e-02,2.837e-02,2.837e-02,2.837e-02
286,2.802e-02,2.802e-02,2.802e-02,2.802e-02,2.802e-02
287,2.767e-02,2.767e-02,2.767e-02,2.767e-02,2.767e-02
288,2.732e-02,2.732e-02,2.732e-02,2.732e-02,2.732e-02
289,2.698e-02,2.698e-02,2.698e-02,2.698e-02,2.698e-02
290,2.665e-02,2.665e-02,2.665e-02,2.665e-02,2.665e-02
291,2.632e-02,2.632e-02,2.632e-02,2.632e-02,2.632e-02
292,2.599e-02,2.599e-02,2.599e-02,2.599e-02,2.599e-02
293,2.567e-02,2.567e-02,2.567e-02,2.567e-02,2.567e-02
294,2.535e-02,2.535e-02,2.535e-02,2.535e-02,2.535e-02
295,2.503e-02,2.503e-02,2.503e-02,2.503e-02,2.503e-02
296,2.472e-02,2.472e-02,2.472e-02,2.472e-02,2.472e-02
297,2.442e-02,2.442e-02,2.442e-02,2.442e-02,2.442e-02
298,2.411e-02,2.411e-02,2.411e-02,2.411e-02,2.411e-02
299,2.381e-02,2.381e-02,2.381e-02,2.381e-02,2.381e-02
300,2.352e-02,2.352e-02,2.352e-02,2.352e-02,2.352e-02
301,2.323e-02,2.323e-02,2.323e-02,2.323e-02,2.323e-02
302,2.294e-02,2.294e-02,2.294e-02,2.294e-02,2.294e-02
303,2.265e-02,2.265e-02,2.265e-02,2.265e-02,2.265e-02
304,2.237e-02,2.237e-02,2.237e-02,2.237e-02,2.237e-02
305,2.209e-02,2.209e-02,2.209e-02,2.209e-02,2.209e-02
306,2.182e-02,2.182e-02,2.182e-02,2.182e-02,2.182e-02
307,2.155e-02,2.155e-02,2.155e-02,2.155e-02,2.155e-02
308,2.128e-02,2.128e-02,2.128e-02,2.128e-02,2.128e-02
309,2.102e-02,2.102e-02,2.102e-02,2.102e-02,2.102e-02
310,2.075e-02,2.075e-02,2.075e-02,2.075e-02,2.075e-02
311,2.050e-02,2.050e-02,2.050e-02,2.050e-02,2.050e-02
312,2.024e-02,2.024e-02,2.024e-02,2.024e-02,2.024e-02
313,1.999e-02,1.999e-02,1.999e-02,1.999e-02,1.999e-02
314,1.974e-02,1.974e-02,1.974e-02,1.974e-02,1.974e-02
315,1.950e-02,1.950e-02,1.950e-02,1.950e-02,1.950e-02
316,1.925e-02,1.925e-02,1.925e-02,1.925e-02,1.925e-02
317,1.902e-02,1.902e-02,1.902e-02,1.902e-02,1.902e-02
318,1.878e-02,1.878e-02,1.878e-02,1.878e-02,1.878e-02
319,1.855e-02,1.855e-02,1.855e-02,1.855e-02,1.855e-02
320,1.832e-02,1.832e-02,1.832e-02,1.832e-02,1.832e-02
321,1.809e-02,1.809e-02,1.809e-02,1.809e-02,1.809e-02
322,1.786e-02,1.786e-02,1.786e-02,1.786e-02,1.786e-02
323,1.764e-02,1.764e-02,1.764e-02,1.764e-02,1.764e-02
324,1.742e-02,1.742e-02,1.742e-02,1.742e-02,1.742e-02
325,1.721e-02,1.721e-02,1.721e-02,1.721e-02,1.721e-02
326,1.699e-02,1.699e-02,1.699e-02,1.699e-02,1.699e-02
327,1.678e-02,1.678e-02,1.678e-02,1.678e-02,1.678e-02
328,1.657e-02,1.657e-02,1.657e-02,1.657e-02,1.657e-02
329,1.637e-02,1.637e-02,1.637e-02,1.637e-02,1.637e-02
330,1.616e-02,1.616e-02,1.616e-02,1.616e-02,1.616e-02
331,1.596e-02,1.596e-02,1.596e-02,1.596e-02,1.596e-02
332,1.576e-02,1.576e-02,1.576e-02,1.576e-02,1.576e-02
333,1.557e-02,1.557e-02,1.557e-02,1.557e-02,1.557e-02
334,1.538e-02,1.538e-02,1.538e-02,1.538e-02,1.538e-02
335,1.518e-02,1.518e-02,1.518e-02,1.518e-02,1.518e-02
336,1.500e-02,1.500e-02,1.500e-02,1.500e-02,1.500e-02
337,1.481e-02,1.481e-02,1.481e-02,1.481e-02,1.481e-02
338,1.463e-02,1.463e-02,1.463e-02,1.463e-02,1.463e-02
339,1.444e-02,1.444e-02,1.444e-02,1.444e-02,1.444e-02
340,1.426e-02,1.426e-02,1.426e-02,1.426e-02,1.426e-02
341,1.409e-02,1.409e-02,1.409e-02,1.409e-02,1.409e-02
342,1.391e-02,1.391e-02,1.391e-02,1.391e-02,1.391e-02
343,1.374e-02,1.374e-02,1.374e-02,1.374e-02,1.374e-02
344,1.357e-02,1.357e-02,1.357e-02,1.357e-02,1.357e-02
345,1.340e-02,1.340e-02,1.340e-02,1.340e-02,1.340e-02
346,1.323e-02,1.323e-02,1.323e-02,1.323e-02,1.323e-02
347,1.307e-02,1.307e-02,1.307e-02,1.307e-02,1.307e-02
348,1.291e-02,1.291e-02,1.291e-02,1.291e-02,1.291e-02
349,1.275e-02,1.275e-02,1.275e-02,1.275e-02,1.275e-02
350,1.259e-02,1.259e-02,1.259e-02,1.259e-02,1.259e-02
351,1.243e-02,1.243e-02,1.243e-02,1.243e-02,1.243e-02
352,1.228e-02,1.228e-02,1.228e-02,1.228e-02,1.228e-02
353,1.212e-02,1.212e-02,1.212e-02,1.212e-02,1.212e-02
354,1.197e-02,1.197e-02,1.197e-02,1.197e-02,1.197e-02
355,1.183e-02,1.183e-02,1.183e-02,1.183e-02,1.183e-02
356,1.168e-02,1.168e-02,1.168e-02,1.168e-02,1.168e-02
357,1.153e-02,1.153e-02,1.153e-02,1.153e-02,1.153e-02
358,1.139e-02,1.139e-02,1.139e-02,1.139e-02,1.139e-02
359,1.125e-02,1.125e-02,1.125e-02,1.125e-02,1.125e-02
360,1.111e-02,1.111e-02,1.111e-02,1.111e-02,1.111e-02
361,1.097e-02,1.097e-02,1.097e-02,1.097e-02,1.097e-02
362,1.083e-02,1.083e-02,1.083e-02,1.083e-02,1.083e-02
363,1.070e-02,1.070e-02,1.070e-02,1.070e-02,1.070e-02
364,1.057e-02,1.057e-02,1.057e-02,1.057e-02,1.057e-02
365,1.044e-02,1.044e-02,1.044e-02,1.044e-02,1.044e-02
366,1.031e-02,1.031e-02,1.031e-02,1.031e-02,1.031e-02
367,1.018e-02,1.018e-02,1.018e-02,1.018e-02,1.018e-02
368,1.005e-02,1.005e-02,1.005e-02,1.005e-02,1.005e-02
369,9.927e-03,9.927e-03,9.927e-03,9.927e-03,9.927e-03
370,9.804e-03,9.804e-03,9.804e-03,9.804e-03,9.804e-03
371,9.682e-03,9.682e-03,9.682e-03,9.682e-03,9.682e-03
372,9.562e-03,9.562e-03,9.562e-03,9.562e-03,9.562e-03
373,9.443e-03,9.443e-03,9.443e-03,9.443e-03,9.443e-03
374,9.326e-03,9.326e-03,9.326e-03,9.326e-03,9.326e-03
375,9.210e-03,9.210e-03,9.210e-03,9.210e-03,9.210e-03
376,9.095e-03,9.095e-03,9.095e-03,9.095e-03,9.095e-03
377,8.982e-03,8.982e-03,8.982e-03,8.982e-03,8.982e-03
378,8.871e-03,8.871e-03,8.871e-03,8.871e-03,8.871e-03
379,8.761e-03,8.761e-03,8.761e-03,8.761e-03,8.761e-03
380,8.652e-03,8.652e-03,8.652e-03,8.652e-03,8.652e-03
381,8.544e-03,8.544e-03,8.544e-03,8.544e-03,8.544e-03
382,8.438e-03,8.438e-03,8.438e-03,8.438e-03,8.438e-03
383,8.333e-03,8.333e-03,8.333e-03,8.333e-03,8.333e-03
384,8.230e-03,8.230e-03,8.230e-03,8.230e-03,8.230e-03
385,8.128e-03,8.128e-03,8.128e-03,8.128e-03,8.128e-03
386,8.027e-03,8.027e-03,8.027e-03,8.027e-03,8.027e-03
387,7.927e-03,7.927e-03,7.927e-03,7.927e-03,7.927e-03
388,7.828e-03,7.828e-03,7.828e-03,7.828e-03,7.828e-03
389,7.731e-03,7.731e-03,7.731e-03,7.731e-03,7.731e-03
390,7.635e-03,7.635e-03,7.635e-03,7.635e-03,7.635e-03
391,7.540e-03,7.540e-03,7.540e-03,7.540e-03,7.540e-03
392,7.447e-03,7.447e-03,7.447e-03,7.447e-03,7.447e-03
393,7.354e-03,7.354e-03,7.354e-03,7.354e-03,7.354e-03
394,7.263e-03,7.263e-03,7.263e-03,7.263e-03,7.263e-03
395,7.173e-03,7.173e-03,7.173e-03,7.173e-03,7.173e-03
396,7.083e-03,7.083e-03,7.083e-03,7.083e-03,7.083e-03
397,6.995e-03,6.995e-03,6.995e-03,6.995e-03,6.995e-03
398,6.909e-03,6.909e-03,6.909e-03,6.909e-03,6.909e-03
399,6.823e-03,6.823e-03,6.823e-03,6.823e-03,6.823e-03
400,6.738e-03,6.738e-03,6.738e-03,6.738e-03,6.738e-03
401,6.654e-03,6.654e-03,6.654e-03,6.654e-03,6.654e-03
402,6.572e-03,6.572e-03,6.572e-03,6.572e-03,6.572e-03
403,6.490e-03,6.490e-03,6.490e-03,6.490e-03,6.490e-03
404,6.409e-03,6.409e-03,6.409e-03,6.409e-03,6.409e-03
405,6.330e-03,6.330e-03,6.330e-03,6.330e-03,6.330e-03
406,6.251e-03,6.251e-03,6.251e-03,6.251e-03,6.251e-03
407,6.173e-03,6.173e-03,6.173e-03,6.173e-03,6.173e-03
408,6.097e-03,6.097e-03,6.097e-03,6.097e-03,6.097e-03
409,6.021e-03,6.021e-03,6.021e-03,6.021e-03,6.021e-03
410,5.946e-03,5.946e-03,5.946e-03,5.946e-03,5.946e-03
411,5.872e-03,5.872e-03,5.872e-03,5.872e-03,5.872e-03
412,5.799e-03,5.799e-03,5.799e-03,5.799e-03,5.799e-03
413,5.727e-03,5.727e-03,5.727e-03,5.727e-03,5.727e-03
414,5.656e-03,5.656e-03,5.656e-03,5.656e-03,5.656e-03
415,5.586e-03,5.586e-03,5.586e-03,5.586e-03,5.586e-03
416,5.517e-03,5.517e-03,5.517e-03,5.517e-03,5.517e-03
417,5.448e-03,5.448e-03,5.448e-03,5.448e-03,5.448e-03
418,5.380e-03,5.380e-03,5.380e-03,5.380e-03,5.380e-03
419,5.314e-03,5.314e-03,5.314e-03,5.314e-03,5.314e-03
420,5.248e-03,5.248e-03,5.248e-03,5.248e-03,5.248e-03
421,5.182e-03,5.182e-03,5.182e-03,5.182e-03,5.182e-03
422,5.118e-03,5.118e-03,5.118e-03,5.118e-03,5.118e-03
423,5.054e-03,5.054e-03,5.054e-03,5.054e-03,5.054e-03
424,4.992e-03,4.992e-03,4.992e-03,4.992e-03,4.992e-03
425,4.930e-03,4.930e-03,4.930e-03,4.930e-03,4.930e-03
426,4.868e-03,4.868e-03,4.868e-03,4.868e-03,4.868e-03
427,4.808e-03,4.808e-03,4.808e-03,4.808e-03,4.808e-03
428,4.748e-03,4.748e-03,4.748e-03,4.748e-03,4.748e-03
429,4.689e-03,4.689e-03,4.689e-03,4.689e-03,4.689e-03
430,4.631e-03,4.631e-03,4.631e-03,4.631e-03,4.631e-03
431,4.573e-03,4.573e-03,4.573e-03,4.573e-03,4.573e-03
432,4.517e-03,4.517e-03,4.517e-03,4.517e-03,4.517e-03
433,4.460e-03,4.460e-03,4.460e-03,4.460e-03,4.460e-03
434,4.405e-03,4.405e-03,4.405e-03,4.405e-03,4.405e-03
435,4.350e-03,4.350e-03,4.350e-03,4.350e-03,4.350e-03
436,4.296e-03,4.296e-03,4.296e-03,4.296e-03,4.296e-03
437,4.243e-03,4.243e-03,4.243e-03,4.243e-03,4.243e-03
438,4.190e-03,4.190e-03,4.190e-03,4.190e-03,4.190e-03
439,4.138e-03,4.138e-03,4.138e-03,4.138e-03,4.138e-03
440,4.087e-03,4.087e-03,4.087e-03,4.087e-03,4.087e-03
441,4.036e-03,4.036e-03,4.036e-03,4.036e-03,4.036e-03
442,3.986e-03,3.986e-03,3.986e-03,3.986e-03,3.986e-03
443,3.936e-03,3.936e-03,3.936e-03,3.936e-03,3.936e-03
444,3.887e-03,3.887e-03,3.887e-03,3.887e-03,3.887e-03
445,3.839e-03,3.839e-03,3.839e-03,3.839e-03,3.839e-03
446,3.791e-03,3.791e-03,3.791e-03,3.791e-03,3.791e-03
447,3.744e-03,3.744e-03,3.744e-03,3.744e-03,3.744e-03
448,3.698e-03,3.698e-03,3.698e-03,3.698e-03,3.698e-03
449,3.652e-03,3.652e-03,3.652e-03,3.652e-03,3.652e-03
450,3.607e-03,3.607e-03,3.607e-03,3.607e-03,3.607e-03
451,3.562e-03,3.562e-03,3.562e-03,3.562e-03,3.562e-03
452,3.518e-03,3.518e-03,3.518e-03,3.518e-03,3.518e-03
453,3.474e-03,3.474e-03,3.474e-03,3.474e-03,3.474e-03
454,3.431e-03,3.431e-03,3.431e-03,3.431e-03,3.431e-03
455,3.388e-03,3.388e-03,3.388e-03,3.388e-03,3.388e-03
456,3.346e-03,3.346e-03,3.346e-03,3.346e-03,3.346e-03
457,3.304e-03,3.304e-03,3.304e-03,3.304e-03,3.304e-03
458,3.263e-03,3.263e-03,3.263e-03,3.263e-03,3.263e-03
459,3.223e-03,3.223e-03,3.223e-03,3.223e-03,3.223e-03
460,3.183e-03,3.183e-03,3.183e-03,3.183e-03,3.183e-03
461,3.143e-03,3.143e-03,3.143e-03,3.143e-03,3.143e-03
462,3.104e-03,3.104e-03,3.104e-03,3.104e-03,3.104e-03
463,3.066e-03,3.066e-03,3.066e-03,3.066e-03,3.066e-03
464,3.028e-03,3.028e-03,3.028e-03,3.028e-03,3.028e-03
465,2.990e-03,2.990e-03,2.990e-03,2.990e-03,2.990e-03
466,2.953e-03,2.953e-03,2.953e-03,2.953e-03,2.953e-03
467,2.916e-03,2.916e-03,2.916e-03,2.916e-03,2.916e-03
468,2.880e-03,2.880e-03,2.880e-03,2.880e-03,2.880e-03
469,2.844e-03,2.844e-03,2.844e-03,2.844e-03,2.844e-03
470,2.809e-03,2.809e-03,2.809e-03,2.809e-03,2.809e-03
471,2.774e-03,2.774e-03,2.774e-03,2.774e-03,2.774e-03
472,2.739e-03,2.739e-03,2.739e-03,2.739e-03,2.739e-03
473,2.705e-03,2.705e-03,2.705e-03,2.705e-03,2.705e-03
474,2.672e-03,2.672e-03,2.672e-03,2.672e-03,2.672e-03
475,2.639e-03,2.639e-03,2.639e-03,2.639e-03,2.639e-03
476,2.606e-03,2.606e-03,2.606e-03,2.606e-03,2.606e-03
477,2.573e-03,2.573e-03,2.573e-03,2.573e-03,2.573e-03
478,2.542e-03,2.542e-03,2.542e-03,2.542e-03,2.542e-03
479,2.510e-03,2.510e-03,2.510e-03,2.510e-03,2.510e-03
480,2.479e-03,2.479e-03,2.479e-03,2.479e-03,2.479e-03
481,2.448e-03,2.448e-03,2.448e-03,2.448e-03,2.448e-03
482,2.418e-03,2.418e-03,2.418e-03,2.418e-03,2.418e-03
483,2.388e-03,2.388e-03,2.388e-03,2.388e-03,2.388e-03
484,2.358e-03,2.358e-03,2.358e-03,2.358e-03,2.358e-03
485,2.329e-03,2.329e-03,2.329e-03,2.329e-03,2.329e-03
486,2.300e-03,2.300e-03,2.300e-03,2.300e-03,2.300e-03
487,2.271e-03,2.271e-03,2.271e-03,2.271e-03,2.271e-03
488,2.243e-03,2.243e-03,2.243e-03,2.243e-03,2.243e-03
489,2.215e-03,2.215e-03,2.215e-03,2.215e-03,2.215e-03
490,2.187e-03,2.187e-03,2.187e-03,2.187e-03,2.187e-03
491,2.160e-03,2.160e-03,2.160e-03,2.160e-03,2.160e-03
492,2.133e-03,2.133e-03,2.133e-03,2.133e-03,2.133e-03
493,2.107e-03,2.107e-03,2.107e-03,2.107e-03,2.107e-03
494,2.081e-03,2.081e-03,2.081e-03,2.081e-03,2.081e-03
495,2.055e-03,2.055e-03,2.055e-03,2.055e-03,2.055e-03
496,2.029e-03,2.029e-03,2.029e-03,2.029e-03,2.029e-03
497,2.004e-03,2.004e-03,2.004e-03,2.004e-03,2.004e-03
498,1.979e-03,1.979e-03,1.979e-03,1.979e-03,1.979e-03
499,1.955e-03,1.955e-03,1.955e-03,1.955e-03,1.955e-03
500,1.930e-03,1.930e-03,1.930e-03,1.930e-03,1.930e-03
501,1.906e-03,1.906e-03,1.906e-03,1.906e-03,1.906e-03
502,1.883e-03,1.883e-03,1.883e-03,1.883e-03,1.883e-03
503,1.859e-03,1.859e-03,1.859e-03,1.859e-03,1.859e-03
504,1.836e-03,1.836e-03,1.836e-03,1.836e-03,1.836e-03
505,1.813e-03,1.813e-03,1.813e-03,1.813e-03,1.813e-03
506,1.791e-03,1.791e-03,1.791e-03,1.791e-03,1.791e-03
507,1.769e-03,1.769e-03,1.769e-03,1.769e-03,1.769e-03
508,1.747e-03,1.747e-03,1.747e-03,1.747e-03,1.747e-03
509,1.725e-03,1.725e-03,1.725e-03,1.725e-03,1.725e-03
510,1.704e-03,1.704e-03,1.704e-03,1.704e-03,1.704e-03
511,1.682e-03,1.682e-03,1.682e-03,1.682e-03,1.682e-03
512,1.662e-03,1.662e-03,1.662e-03,1.662e-03,1.662e-03
513,1.641e-03,1.641e-03,1.641e-03,1.641e-03,1.641e-03
514,1.621e-03,1.621e-03,1.621e-03,1.621e-03,1.621e-03
515,1.600e-03,1.600e-03,1.600e-03,1.600e-03,1.600e-03
516,1.581e-03,1.581e-03,1.581e-03,1.581e-03,1.581e-03
517,1.561e-03,1.561e-03,1.561e-03,1.561e-03,1.561e-03
518,1.541e-03,1.541e-03,1.541e-03,1.541e-03,1.541e-03
519,1.522e-03,1.522e-03,1.522e-03,1.522e-03,1.522e-03
520,1.503e-03,1.503e-03,1.503e-03,1.503e-03,1.503e-03
521,1.485e-03,1.485e-03,1.485e-03,1.485e-03,1.485e-03
522,1.466e-03,1.466e-03,1.466e-03,1.466e-03,1.466e-03
523,1.448e-03,1.448e-03,1.448e-03,1.448e-03,1.448e-03
524,1.430e-03,1.430e-03,1.430e-03,1.430e-03,1.430e-03
525,1.412e-03,1.412e-03,1.412e-03,1.412e-03,1.412e-03
526,1.395e-03,1.395e-03,1.395e-03,1.395e-03,1.395e-03
527,1.377e-03,1.377e-03,1.377e-03,1.377e-03,1.377e-03
528,1.360e-03,1.360e-03,1.360e-03,1.360e-03,1.360e-03
529,1.343e-03,1.343e-03,1.343e-03,1.343e-03,1.343e-03
530,1.327e-03,1.327e-03,1.327e-03,1.327e-03,1.327e-03
531,1.310e-03,1.310e-03,1.310e-03,1.310e-03,1.310e-03
532,1.294e-03,1.294e-03,1.294e-03,1.294e-03,1.294e-03
533,1.278e-03,1.278e-03,1.278e-03,1.278e-03,1.278e-03
534,1.262e-03,1.262e-03,1.262e-03,1.262e-03,1.262e-03
535,1.246e-03,1.246e-03,1.246e-03,1.246e-03,1.246e-03
536,1.231e-03,1.231e-03,1.231e-03,1.231e-03,1.231e-03
537,1.216e-03,1.216e-03,1.216e-03,1.216e-03,1.216e-03
538,1.201e-03,1.201e-03,1.201e-03,1.201e-03,1.201e-03
539,1.186e-03,1.186e-03,1.186e-03,1.186e-03,1.186e-03
540,1.171e-03,1.171e-03,1.171e-03,1.171e-03,1.171e-03
541,1.156e-03,1.156e-03,1.156e-03,1.156e-03,1.156e-03
542,1.142e-03,1.142e-03,1.142e-03,1.142e-03,1.142e-03
543,1.128e-03,1.128e-03,1.128e-03,1.128e-03,1.128e-03
544,1.114e-03,1.114e-03,1.114e-03,1.114e-03,1.114e-03
545,1.100e-03,1.100e-03,1.100e-03,1.100e-03,1.100e-03
546,1.086e-03,1.086e-03,1.086e-03,1.086e-03,1.086e-03
547,1.073e-03,1.073e-03,1.073e-03,1.073e-03,1.073e-03
548,1.059e-03,1.059e-03,1.059e-03,1.059e-03,1.059e-03
549,1.046e-03,1.046e-03,1.046e-03,1.046e-03,1.046e-03
550,1.033e-03,1.033e-03,1.033e-03,1.033e-03,1.033e-03
551,1.020e-03,1.020e-03,1.020e-03,1.020e-03,1.020e-03
552,1.008e-03,1.008e-03,1.008e-03,1.008e-03,1.008e-03
553,9.953e-04,9.953e-04,9.953e-04,9.953e-04,9.953e-04
554,9.829e-04,9.829e-04,9.829e-04,9.829e-04,9.829e-04
555,9.707e-04,9.707e-04,9.707e-04,9.707e-04,9.707e-04
556,9.586e-04,9.586e-04,9.586e-04,9.586e-04,9.586e-04
557,9.467e-04,9.467e-04,9.467e-04,9.467e-04,9.467e-04
558,9.350e-04,9.350e-04,9.350e-04,9.350e-04,9.350e-04
559,9.234e-04,9.234e-04,9.234e-04,9.234e-04,9.234e-04
560,9.119e-04,9.119e-04,9.119e-04,9.119e-04,9.119e-04
561,9.006e-04,9.006e-04,9.006e-04,9.006e-04,9.006e-04
562,8.894e-04,8.894e-04,8.894e-04,8.894e-04,8.894e-04
563,8.783e-04,8.783e-04,8.783e-04,8.783e-04,8.783e-04
564,8.674e-04,8.674e-04,8.674e-04,8.674e-04,8.674e-04
565,8.566e-04,8.566e-04,8.566e-04,8.566e-04,8.566e-04
566,8.460e-04,8.460e-04,8.460e-04,8.460e-04,8.460e-04
567,8.355e-04,8.355e-04,8.355e-04,8.355e-04,8.355e-04
568,8.251e-04,8.251e-04,8.251e-04,8.251e-04,8.251e-04
569,8.149e-04,8.149e-04,8.149e-04,8.149e-04,8.149e-04
570,8.047e-04,8.047e-04,8.047e-04,8.047e-04,8.047e-04
571,7.947e-04,7.947e-04,7.947e-04,7.947e-04,7.947e-04
572,7.849e-04,7.849e-04,7.849e-04,7.849e-04,7.849e-04
573,7.751e-04,7.751e-04,7.751e-04,7.751e-04,7.751e-04
574,7.655e-04,7.655e-04,7.655e-04,7.655e-04,7.655e-04
575,7.560e-04,7.560e-04,7.560e-04,7.560e-04,7.560e-04
576,7.466e-04,7.466e-04,7.466e-04,7.466e-04,7.466e-04
577,7.373e-04,7.373e-04,7.373e-04,7.373e-04,7.373e-04
578,7.282e-04,7.282e-04,7.282e-04,7.282e-04,7.282e-04
579,7.191e-04,7.191e-04,7.191e-04,7.191e-04,7.191e-04
580,7.102e-04,7.102e-04,7.102e-04,7.102e-04,7.102e-04
581,7.014e-04,7.014e-04,7.014e-04,7.014e-04,7.014e-04
582,6.926e-04,6.926e-04,6.926e-04,6.926e-04,6.926e-04
583,6.840e-04,6.840e-04,6.840e-04,6.840e-04,6.840e-04
584,6.755e-04,6.755e-04,6.755e-04,6.755e-04,6.755e-04
585,6.671e-04,6.671e-04,6.671e-04,6.671e-04,6.671e-04
586,6.589e-04,6.589e-04,6.589e-04,6.589e-04,6.589e-04
587,6.507e-04,6.507e-04,6.507e-04,6.507e-04,6.507e-04
588,6.426e-04,6.426e-04,6.426e-04,6.426e-04,6.426e-04
589,6.346e-04,6.346e-04,6.346e-04,6.346e-04,6.346e-04
590,6.267e-04,6.267e-04,6.267e-04,6.267e-04,6.267e-04
591,6.189e-04,6.189e-04,6.189e-04,6.189e-04,6.189e-04
592,6.113e-04,6.113e-04,6.113e-04,6.113e-04,6.113e-04
593,6.037e-04,6.037e-04,6.037e-04,6.037e-04,6.037e-04
594,5.962e-04,5.962e-04,5.962e-04,5.962e-04,5.962e-04
595,5.888e-04,5.888e-04,5.888e-04,5.888e-04,5.888e-04
596,5.814e-04,5.814e-04,5.814e-04,5.814e-04,5.814e-04
597,5.742e-04,5.742e-04,5.742e-04,5.742e-04,5.742e-04
598,5.671e-04,5.671e-04,5.671e-04,5.671e-04,5.671e-04
599,5.600e-04,5.600e-04,5.600e-04,5.600e-04,5.600e-04
600,5.531e-04,5.531e-04,5.531e-04,5.531e-04,5.531e-04
601,5.462e-04,5.462e-04,5.462e-04,5.462e-04,5.462e-04
602,5.394e-04,5.394e-04,5.394e-04,5.394e-04,5.394e-04
603,5.327e-04,5.327e-04,5.327e-04,5.327e-04,5.327e-04
604,5.261e-04,5.261e-04,5.261e-04,5.261e-04,5.261e-04
605,5.196e-04,5.196e-04,5.196e-04,5.196e-04,5.196e-04
606,5.131e-04,5.131e-04,5.131e-04,5.131e-04,5.131e-04
607,5.067e-04,5.067e-04,5.067e-04,5.067e-04,5.067e-04
608,5.005e-04,5.005e-04,5.005e-04,5.005e-04,5.005e-04
609,4.942e-04,4.942e-04,4.942e-04,4.942e-04,4.942e-04
610,4.881e-04,4.881e-04,4.881e-04,4.881e-04,4.881e-04
611,4.820e-04,4.820e-04,4.820e-04,4.820e-04,4.820e-04
612,4.760e-04,4.760e-04,4.760e-04,4.760e-04,4.760e-04
613,4.701e-04,4.701e-04,4.701e-04,4.701e-04,4.701e-04
614,4.643e-04,4.643e-04,4.643e-04,4.643e-04,4.643e-04
615,4.585e-04,4.585e-04,4.585e-04,4.585e-04,4.585e-04
616,4.528e-04,4.528e-04,4.528e-04,4.528e-04,4.528e-04
617,4.472e-04,4.472e-04,4.472e-04,4.472e-04,4.472e-04
618,4.416e-04,4.416e-04,4.416e-04,4.416e-04,4.416e-04
619,4.362e-04,4.362e-04,4.362e-04,4.362e-04,4.362e-04
620,4.307e-04,4.307e-04,4.307e-04,4.307e-04,4.307e-04
621,4.254e-04,4.254e-04,4.254e-04,4.254e-04,4.254e-04
622,4.201e-04,4.201e-04,4.201e-04,4.201e-04,4.201e-04
623,4.149e-04,4.149e-04,4.149e-04,4.149e-04,4.149e-04
624,4.097e-04,4.097e-04,4.097e-04,4.097e-04,4.097e-04
625,4.046e-04,4.046e-04,4.046e-04,4.046e-04,4.046e-04
626,3.996e-04,3.996e-04,3.996e-04,3.996e-04,3.996e-04
627,3.947e-04,3.947e-04,3.947e-04,3.947e-04,3.947e-04
628,3.898e-04,3.898e-04,3.898e-04,3.898e-04,3.898e-04
629,3.849e-04,3.849e-04,3.849e-04,3.849e-04,3.849e-04
630,3.801e-04,3.801e-04,3.801e-04,3.801e-04,3.801e-04
631,3.754e-04,3.754e-04,3.754e-04,3.754e-04,3.754e-04
632,3.707e-04,3.707e-04,3.707e-04,3.707e-04,3.707e-04
633,3.661e-04,3.661e-04,3.661e-04,3.661e-04,3.661e-04
634,3.616e-04,3.616e-04,3.616e-04,3.616e-04,3.616e-04
635,3.571e-04,3.571e-04,3.571e-04,3.571e-04,3.571e-04
636,3.527e-04,3.527e-04,3.527e-04,3.527e-04,3.527e-04
637,3.483e-04,3.483e-04,3.483e-04,3.483e-04,3.483e-04
638,3.440e-04,3.440e-04,3.440e-04,3.440e-04,3.440e-04
639,3.397e-04,3.397e-04,3.397e-04,3.397e-04,3.397e-04
640,3.355e-04,3.355e-04,3.355e-04,3.355e-04,3.355e-04
641,3.313e-04,3.313e-04,3.313e-04,3.313e-04,3.313e-04
642,3.272e-04,3.272e-04,3.272e-04,3.272e-04,3.272e-04
643,3.231e-04,3.231e-04,3.231e-04,3.231e-04,3.231e-04
644,3.191e-04,3.191e-04,3.191e-04,3.191e-04,3.191e-04
645,3.151e-04,3.151e-04,3.151e-04,3.151e-04,3.151e-04
646,3.112e-04,3.112e-04,3.112e-04,3.112e-04,3.112e-04
647,3.074e-04,3.074e-04,3.074e-04,3.074e-04,3.074e-04
648,3.035e-04,3.035e-04,3.035e-04,3.035e-04,3.035e-04
649,2.998e-04,2.998e-04,2.998e-04,2.998e-04,2.998e-04
650,2.960e-04,2.960e-04,2.960e-04,2.960e-04,2.960e-04
651,2.924e-04,2.924e-04,2.924e-04,2.924e-04,2.924e-04
652,2.887e-04,2.887e-04,2.887e-04,2.887e-04,2.887e-04
653,2.851e-04,2.851e-04,2.851e-04,2.851e-04,2.851e-04
654,2.816e-04,2.816e-04,2.816e-04,2.816e-04,2.816e-04
655,2.781e-04,2.781e-04,2.781e-04,2.781e-04,2.781e-04
656,2.747e-04,2.747e-04,2.747e-04,2.747e-04,2.747e-04
657,2.712e-04,2.712e-04,2.712e-04,2.712e-04,2.712e-04
658,2.679e-04,2.679e-04,2.679e-04,2.679e-04,2.679e-04
659,2.645e-04,2.645e-04,2.645e-04,2.645e-04,2.645e-04
660,2.613e-04,2.613e-04,2.613e-04,2.613e-04,2.613e-04
661,2.580e-04,2.580e-04,2.580e-04,2.580e-04,2.580e-04
662,2.548e-04,2.548e-04,2.548e-04,2.548e-04,2.548e-04
663,2.516e-04,2.516e-04,2.516e-04,2.516e-04,2.516e-04
664,2.485e-04,2.485e-04,2.485e-04,2.485e-04,2.485e-04
665,2.454e-04,2.454e-04,2.454e-04,2.454e-04,2.454e-04
666,2.424e-04,2.424e-04,2.424e-04,2.424e-04,2.424e-04
667,2.394e-04,2.394e-04,2.394e-04,2.394e-04,2.394e-04
668,2.364e-04,2.364e-04,2.364e-04,2.364e-04,2.364e-04
669,2.335e-04,2.335e-04,2.335e-04,2.335e-04,2.335e-04
670,2.306e-04,2.306e-04,2.306e-04,2.306e-04,2.306e-04
671,2.277e-04,2.277e-04,2.277e-04,2.277e-04,2.277e-04
672,2.249e-04,2.249e-04,2.249e-04,2.249e-04,2.249e-04
673,2.221e-04,2.221e-04,2.221e-04,2.221e-04,2.221e-04
674,2.193e-04,2.193e-04,2.193e-04,2.193e-04,2.193e-04
675,2.166e-04,2.166e-04,2.166e-04,2.166e-04,2.166e-04
676,2.139e-04,2.139e-04,2.139e-04,2.139e-04,2.139e-04
677,2.112e-04,2.112e-04,2.112e-04,2.112e-04,2.112e-04
678,2.086e-04,2.086e-04,2.086e-04,2.086e-04,2.086e-04
679,2.060e-04,2.060e-04,2.060e-04,2.060e-04,2.060e-04
680,2.035e-04,2.035e-04,2.035e-04,2.035e-04,2.035e-04
681,2.009e-04,2.009e-04,2.009e-04,2.009e-04,2.009e-04
682,1.984e-04,1.984e-04,1.984e-04,1.984e-04,1.984e-04
683,1.960e-04,1.960e-04,1.960e-04,1.960e-04,1.960e-04
684,1.935e-04,1.935e-04,1.935e-04,1.935e-04,1.935e-04
685,1.911e-04,1.911e-04,1.911e-04,1.911e-04,1.911e-04
686,1.888e-04,1.888e-04,1.888e-04,1.888e-04,1.888e-04
687,1.864e-04,1.864e-04,1.864e-04,1.864e-04,1.864e-04
688,1.841e-04,1.841e-04,1.841e-04,1.841e-04,1.841e-04
689,1.818e-04,1.818e-04,1.818e-04,1.818e-04,1.818e-04
690,1.796e-04,1.796e-04,1.796e-04,1.796e-04,1.796e-04
691,1.773e-04,1.773e-04,1.773e-04,1.773e-04,1.773e-04
692,1.751e-04,1.751e-04,1.751e-04,1.751e-04,1.751e-04
693,1.730e-04,1.730e-04,1.730e-04,1.730e-04,1.730e-04
694,1.708e-04,1.708e-04,1.708e-04,1.708e-04,1.708e-04
695,1.687e-04,1.687e-04,1.687e-04,1.687e-04,1.687e-04
696,1.666e-04,1.666e-04,1.666e-04,1.666e-04,1.666e-04
697,1.645e-04,1.645e-04,1.645e-04,1.645e-04,1.645e-04
698,1.625e-04,1.625e-04,1.625e-04,1.625e-04,1.625e-04
699,1.605e-04,1.605e-04,1.605e-04,1.605e-04,1.605e-04
700,1.585e-04,1.585e-04,1.585e-04,1.585e-04,1.585e-04
701,1.565e-04,1.565e-04,1.565e-04,1.565e-04,1.565e-04
702,1.545e-04,1.545e-04,1.545e-04,1.545e-04,1.545e-04
703,1.526e-04,1.526e-04,1.526e-04,1.526e-04,1.526e-04
704,1.507e-04,1.507e-04,1.507e-04,1.507e-04,1.507e-04
705,1.489e-04,1.489e-04,1.489e-04,1.489e-04,1.489e-04
706,1.470e-04,1.470e-04,1.470e-04,1.470e-04,1.470e-04
707,1.452e-04,1.452e-04,1.452e-04,1.452e-04,1.452e-04
708,1.434e-04,1.434e-04,1.434e-04,1.434e-04,1.434e-04
709,1.416e-04,1.416e-04,1.416e-04,1.416e-04,1.416e-04
710,1.398e-04,1.398e-04,1.398e-04,1.398e-04,1.398e-04
711,1.381e-04,1.381e-04,1.381e-04,1.381e-04,1.381e-04
712,1.364e-04,1.364e-04,1.364e-04,1.364e-04,1.364e-04
713,1.347e-04,1.347e-04,1.347e-04,1.347e-04,1.347e-04
714,1.330e-04,1.330e-04,1.330e-04,1.330e-04,1.330e-04
715,1.314e-04,1.314e-04,1.314e-04,1.314e-04,1.314e-04
716,1.297e-04,1.297e-04,1.297e-04,1.297e-04,1.297e-04
717,1.281e-04,1.281e-04,1.281e-04,1.281e-04,1.281e-04
718,1.265e-04,1.265e-04,1.265e-04,1.265e-04,1.265e-04
719,1.250e-04,1.250e-04,1.250e-04,1.250e-04,1.250e-04
720,1.234e-04,1.234e-04,1.234e-04,1.234e-04,1.234e-04
721,1.219e-04,1.219e-04,1.219e-04,1.219e-04,1.219e-04
722,1.204e-04,1.204e-04,1.204e-04,1.204e-04,1.204e-04
723,1.189e-04,1.189e-04,1.189e-04,1.189e-04,1.189e-04
724,1.174e-04,1.174e-04,1.174e-04,1.174e-04,1.174e-04
725,1.159e-04,1.159e-04,1.159e-04,1.159e-04,1.159e-04
726,1.145e-04,1.145e-04,1.145e-04,1.145e-04,1.145e-04
727,1.131e-04,1.131e-04,1.131e-04,1.131e-04,1.131e-04
728,1.117e-04,1.117e-04,1.117e-04,1.117e-04,1.117e-04
729,1.103e-04,1.103e-04,1.103e-04,1.103e-04,1.103e-04
730,1.089e-04,1.089e-04,1.089e-04,1.089e-04,1.089e-04
731,1.076e-04,1.076e-04,1.076e-04,1.076e-04,1.076e-04
732,1.062e-04,1.062e-04,1.062e-04,1.062e-04,1.062e-04
733,1.049e-04,1.049e-04,1.049e-04,1.049e-04,1.049e-04
734,1.036e-04,1.036e-04,1.036e-04,1.036e-04,1.036e-04
735,1.023e-04,1.023e-04,1.023e-04,1.023e-04,1.023e-04
736,1.010e-04,1.010e-04,1.010e-04,1.010e-04,1.010e-04
737,9.978e-05,9.978e-05,9.978e-05,9.978e-05,9.978e-05
738,9.854e-05,9.854e-05,9.854e-05,9.854e-05,9.854e-05
739,9.732e-05,9.732e-05,9.732e-05,9.732e-05,9.732e-05
740,9.611e-05,9.611e-05,9.611e-05,9.611e-05,9.611e-05
741,9.492e-05,9.492e-05,9.492e-05,9.492e-05,9.492e-05
742,9.374e-05,9.374e-05,9.374e-05,9.374e-05,9.374e-05
743,9.257e-05,9.257e-05,9.257e-05,9.257e-05,9.257e-05
744,9.142e-05,9.142e-05,9.142e-05,9.142e-05,9.142e-05
745,9.029e-05,9.029e-05,9.029e-05,9.029e-05,9.029e-05
746,8.917e-05,8.917e-05,8.917e-05,8.917e-05,8.917e-05
747,8.806e-05,8.806e-05,8.806e-05,8.806e-05,8.806e-05
748,8.697e-05,8.697e-05,8.697e-05,8.697e-05,8.697e-05
749,8.589e-05,8.589e-05,8.589e-05,8.589e-05,8.589e-05
750,8.482e-05,8.482e-05,8.482e-05,8.482e-05,8.482e-05
751,8.376e-05,8.376e-05,8.376e-05,8.376e-05,8.376e-05
752,8.272e-05,8.272e-05,8.272e-05,8.272e-05,8.272e-05
753,8.170e-05,8.170e-05,8.170e-05,8.170e-05,8.170e-05
754,8.068e-05,8.068e-05,8.068e-05,8.068e-05,8.068e-05
755,7.968e-05,7.968e-05,7.968e-05,7.968e-05,7.968e-05
756,7.869e-05,7.869e-05,7.869e-05,7.869e-05,7.869e-05
757,7.771e-05,7.771e-05,7.771e-05,7.771e-05,7.771e-05
758,7.675e-05,7.675e-05,7.675e-05,7.675e-05,7.675e-05
759,7.579e-05,7.579e-05,7.579e-05,7.579e-05,7.579e-05
760,7.485e-05,7.485e-05,7.485e-05,7.485e-05,7.485e-05
761,7.392e-05,7.392e-05,7.392e-05,7.392e-05,7.392e-05
762,7.300e-05,7.300e-05,7.300e-05,7.300e-05,7.300e-05
763,7.210e-05,7.210e-05,7.210e-05,7.210e-05,7.210e-05
764,7.120e-05,7.120e-05,7.120e-05,7.120e-05,7.120e-05
765,7.032e-05,7.032e-05,7.032e-05,7.032e-05,7.032e-05
766,6.944e-05,6.944e-05,6.944e-05,6.944e-05,6.944e-05
767,6.858e-05,6.858e-05,6.858e-05,6.858e-05,6.858e-05
768,6.773e-05,6.773e-05,6.773e-05,6.773e-05,6.773e-05
769,6.689e-05,6.689e-05,6.689e-05,6.689e-05,6.689e-05
770,6.606e-05,6.606e-05,6.606e-05,6.606e-05,6.606e-05
771,6.524e-05,6.524e-05,6.524e-05,6.524e-05,6.524e-05
772,6.443e-05,6.443e-05,6.443e-05,6.443e-05,6.443e-05
773,6.363e-05,6.363e-05,6.363e-05,6.363e-05,6.363e-05
774,6.283e-05,6.283e-05,6.283e-05,6.283e-05,6.283e-05
775,6.205e-05,6.205e-05,6.205e-05,6.205e-05,6.205e-05
776,6.128e-05,6.128e-05,6.128e-05,6.128e-05,6.128e-05
777,6.052e-05,6.052e-05,6.052e-05,6.052e-05,6.052e-05
778,5.977e-05,5.977e-05,5.977e-05,5.977e-05,5.977e-05
779,5.903e-05,5.903e-05,5.903e-05,5.903e-05,5.903e-05
780,5.829e-05,5.829e-05,5.829e-05,5.829e-05,5.829e-05
781,5.757e-05,5.757e-05,5.757e-05,5.757e-05,5.757e-05
782,5.686e-05,5.686e-05,5.686e-05,5.686e-05,5.686e-05
783,5.615e-05,5.615e-05,5.615e-05,5.615e-05,5.615e-05
784,5.545e-05,5.545e-05,5.545e-05,5.545e-05,5.545e-05
785,5.476e-05,5.476e-05,5.476e-05,5.476e-05,5.476e-05
786,5.408e-05,5.408e-05,5.408e-05,5.408e-05,5.408e-05
787,5.341e-05,5.341e-05,5.341e-05,5.341e-05,5.341e-05
788,5.275e-05,5.275e-05,5.275e-05,5.275e-05,5.275e-05
789,5.209e-05,5.209e-05,5.209e-05,5.209e-05,5.209e-05
790,5.144e-05,5.144e-05,5.144e-05,5.144e-05,5.144e-05
791,5.081e-05,5.081e-05,5.081e-05,5.081e-05,5.081e-05
792,5.017e-05,5.017e-05,5.017e-05,5.017e-05,5.017e-05
793,4.955e-05,4.955e-05,4.955e-05,4.955e-05,4.955e-05
794,4.894e-05,4.894e-05,4.894e-05,4.894e-05,4.894e-05
795,4.833e-05,4.833e-05,4.833e-05,4.833e-05,4.833e-05
796,4.773e-05,4.773e-05,4.773e-05,4.773e-05,4.773e-05
797,4.713e-05,4.713e-05,4.713e-05,4.713e-05,4.713e-05
798,4.655e-05,4.655e-05,4.655e-05,4.655e-05,4.655e-05
799,4.597e-05,4.597e-05,4.597e-05,4.597e-05,4.597e-05
800,4.540e-05,4.540e-05,4.540e-05,4.540e-05,4.540e-05
801,4.484e-05,4.484e-05,4.484e-05,4.484e-05,4.484e-05
802,4.428e-05,4.428e-05,4.428e-05,4.428e-05,4.428e-05
803,4.373e-05,4.373e-05,4.373e-05,4.373e-05,4.373e-05
804,4.319e-05,4.319e-05,4.319e-05,4.319e-05,4.319e-05
805,4.265e-05,4.265e-05,4.265e-05,4.265e-05,4.265e-05
806,4.212e-05,4.212e-05,4.212e-05,4.212e-05,4.212e-05
807,4.160e-05,4.160e-05,4.160e-05,4.160e-05,4.160e-05
808,4.108e-05,4.108e-05,4.108e-05,4.108e-05,4.108e-05
809,4.057e-05,4.057e-05,4.057e-05,4.057e-05,4.057e-05
810,4.007e-05,4.007e-05,4.007e-05,4.007e-05,4.007e-05
811,3.957e-05,3.957e-05,3.957e-05,3.957e-05,3.957e-05
812,3.908e-05,3.908e-05,3.908e-05,3.908e-05,3.908e-05
813,3.859e-05,3.859e-05,3.859e-05,3.859e-05,3.859e-05
814,3.811e-05,3.811e-05,3.811e-05,3.811e-05,3.811e-05
815,3.764e-05,3.764e-05,3.764e-05,3.764e-05,3.764e-05
816,3.717e-05,3.717e-05,3.717e-05,3.717e-05,3.717e-05
817,3.671e-05,3.671e-05,3.671e-05,3.671e-05,3.671e-05
818,3.625e-05,3.625e-05,3.625e-05,3.625e-05,3.625e-05
819,3.580e-05,3.580e-05,3.580e-05,3.580e-05,3.580e-05
820,3.536e-05,3.536e-05,3.536e-05,3.536e-05,3.536e-05
821,3.492e-05,3.492e-05,3.492e-05,3.492e-05,3.492e-05
822,3.448e-05,3.448e-05,3.448e-05,3.448e-05,3.448e-05
823,3.406e-05,3.406e-05,3.406e-05,3.406e-05,3.406e-05
824,3.363e-05,3.363e-05,3.363e-05,3.363e-05,3.363e-05
825,3.322e-05,3.322e-05,3.322e-05,3.322e-05,3.322e-05
826,3.280e-05,3.280e-05,3.280e-05,3.280e-05,3.280e-05
827,3.240e-05,3.240e-05,3.240e-05,3.240e-05,3.240e-05
828,3.199e-05,3.199e-05,3.199e-05,3.199e-05,3.199e-05
829,3.160e-05,3.160e-05,3.160e-05,3.160e-05,3.160e-05
830,3.120e-05,3.120e-05,3.120e-05,3.120e-05,3.120e-05
831,3.082e-05,3.082e-05,3.082e-05,3.082e-05,3.082e-05
832,3.043e-05,3.043e-05,3.043e-05,3.043e-05,3.043e-05
833,3.005e-05,3.005e-05,3.005e-05,3.005e-05,3.005e-05
834,2.968e-05,2.968e-05,2.968e-05,2.968e-05,2.968e-05
835,2.931e-05,2.931e-05,2.931e-05,2.931e-05,2.931e-05
836,2.895e-05,2.895e-05,2.895e-05,2.895e-05,2.895e-05
837,2.859e-05,2.859e-05,2.859e-05,2.859e-05,2.859e-05
838,2.823e-05,2.823e-05,2.823e-05,2.823e-05,2.823e-05
839,2.788e-05,2.788e-05,2.788e-05,2.788e-05,2.788e-05
840,2.754e-05,2.754e-05,2.754e-05,2.754e-05,2.754e-05
841,2.719e-05,2.719e-05,2.719e-05,2.719e-05,2.719e-05
842,2.686e-05,2.686e-05,2.686e-05,2.686e-05,2.686e-05
843,2.652e-05,2.652e-05,2.652e-05,2.652e-05,2.652e-05
844,2.619e-05,2.619e-05,2.619e-05,2.619e-05,2.619e-05
845,2.587e-05,2.587e-05,2.587e-05,2.587e-05,2.587e-05
846,2.555e-05,2.555e-05,2.555e-05,2.555e-05,2.555e-05
847,2.523e-05,2.523e-05,2.523e-05,2.523e-05,2.523e-05
848,2.492e-05,2.492e-05,2.492e-05,2.492e-05,2.492e-05
849,2.461e-05,2.461e-05,2.461e-05,2.461e-05,2.461e-05
850,2.430e-05,2.430e-05,2.430e-05,2.430e-05,2.430e-05
851,2.400e-05,2.400e-05,2.400e-05,2.400e-05,2.400e-05
852,2.370e-05,2.370e-05,2.370e-05,2.370e-05,2.370e-05
853,2.341e-05,2.341e-05,2.341e-05,2.341e-05,2.341e-05
854,2.312e-05,2.312e-05,2.312e-05,2.312e-05,2.312e-05
855,2.283e-05,2.283e-05,2.283e-05,2.283e-05,2.283e-05
856,2.254e-05,2.254e-05,2.254e-05,2.254e-05,2.254e-05
857,2.226e-05,2.226e-05,2.226e-05,2.226e-05,2.226e-05
858,2.199e-05,2.199e-05,2.199e-05,2.199e-05,2.199e-05
859,2.172e-05,2.172e-05,2.172e-05,2.172e-05,2.172e-05
860,2.145e-05,2.145e-05,2.145e-05,2.145e-05,2.145e-05
861,2.118e-05,2.118e-05,2.118e-05,2.118e-05,2.118e-05
862,2.092e-05,2.092e-05,2.092e-05,2.092e-05,2.092e-05
863,2.066e-05,2.066e-05,2.066e-05,2.066e-05,2.066e-05
864,2.040e-05,2.040e-05,2.040e-05,2.040e-05,2.040e-05
865,2.015e-05,2.015e-05,2.015e-05,2.015e-05,2.015e-05
866,1.990e-05,1.990e-05,1.990e-05,1.990e-05,1.990e-05
867,1.965e-05,1.965e-05,1.965e-05,1.965e-05,1.965e-05
868,1.940e-05,1.940e-05,1.940e-05,1.940e-05,1.940e-05
869,1.916e-05,1.916e-05,1.916e-05,1.916e-05,1.916e-05
870,1.893e-05,1.893e-05,1.893e-05,1.893e-05,1.893e-05
871,1.869e-05,1.869e-05,1.869e-05,1.869e-05,1.869e-05
872,1.846e-05,1.846e-05,1.846e-05,1.846e-05,1.846e-05
873,1.823e-05,1.823e-05,1.823e-05,1.823e-05,1.823e-05
874,1.800e-05,1.800e-05,1.800e-05,1.800e-05,1.800e-05
875,1.778e-05,1.778e-05,1.778e-05,1.778e-05,1.778e-05
876,1.756e-05,1.756e-05,1.756e-05,1.756e-05,1.756e-05
877,1.734e-05,1.734e-05,1.734e-05,1.734e-05,1.734e-05
878,1.712e-05,1.712e-05,1.712e-05,1.712e-05,1.712e-05
879,1.691e-05,1.691e-05,1.691e-05,1.691e-05,1.691e-05
880,1.670e-05,1.670e-05,1.670e-05,1.670e-05,1.670e-05
881,1.649e-05,1.649e-05,1.649e-05,1.649e-05,1.649e-05
882,1.629e-05,1.629e-05,1.629e-05,1.629e-05,1.629e-05
883,1.609e-05,1.609e-05,1.609e-05,1.609e-05,1.609e-05
884,1.589e-05,1.589e-05,1.589e-05,1.589e-05,1.589e-05
885,1.569e-05,1.569e-05,1.569e-05,1.569e-05,1.569e-05
886,1.549e-05,1.549e-05,1.549e-05,1.549e-05,1.549e-05
887,1.530e-05,1.530e-05,1.530e-05,1.530e-05,1.530e-05
888,1.511e-05,1.511e-05,1.511e-05,1.511e-05,1.511e-05
889,1.492e-05,1.492e-05,1.492e-05,1.492e-05,1.492e-05
890,1.474e-05,1.474e-05,1.474e-05,1.474e-05,1.474e-05
891,1.456e-05,1.456e-05,1.456e-05,1.456e-05,1.456e-05
892,1.438e-05,1.438e-05,1.438e-05,1.438e-05,1.438e-05
893,1.420e-05,1.420e-05,1.420e-05,1.420e-05,1.420e-05
894,1.402e-05,1.402e-05,1.402e-05,1.402e-05,1.402e-05
895,1.385e-05,1.385e-05,1.385e-05,1.385e-05,1.385e-05
896,1.367e-05,1.367e-05,1.367e-05,1.367e-05,1.367e-05
897,1.350e-05,1.350e-05,1.350e-05,1.350e-05,1.350e-05
898,1.334e-05,1.334e-05,1.334e-05,1.334e-05,1.334e-05
899,1.317e-05,1.317e-05,1.317e-05,1.317e-05,1.317e-05
900,1.301e-05,1.301e-05,1.301e-05,1.301e-05,1.301e-05
901,1.285e-05,1.285e-05,1.285e-05,1.285e-05,1.285e-05
902,1.269e-05,1.269e-05,1.269e-05,1.269e-05,1.269e-05
903,1.253e-05,1.253e-05,1.253e-05,1.253e-05,1.253e-05
904,1.237e-05,1.237e-05,1.237e-05,1.237e-05,1.237e-05
905,1.222e-05,1.222e-05,1.222e-05,1.222e-05,1.222e-05
906,1.207e-05,1.207e-05,1.207e-05,1.207e-05,1.207e-05
907,1.192e-05,1.192e-05,1.192e-05,1.192e-05,1.192e-05
908,1.177e-05,1.177e-05,1.177e-05,1.177e-05,1.177e-05
909,1.162e-05,1.162e-05,1.162e-05,1.162e-05,1.162e-05
910,1.148e-05,1.148e-05,1.148e-05,1.148e-05,1.148e-05
911,1.134e-05,1.134e-05,1.134e-05,1.134e-05,1.134e-05
912,1.120e-05,1.120e-05,1.120e-05,1.120e-05,1.120e-05
913,1.106e-05,1.106e-05,1.106e-05,1.106e-05,1.106e-05
914,1.092e-05,1.092e-05,1.092e-05,1.092e-05,1.092e-05
915,1.078e-05,1.078e-05,1.078e-05,1.078e-05,1.078e-05
916,1.065e-05,1.065e-05,1.065e-05,1.065e-05,1.065e-05
917,1.052e-05,1.052e-05,1.052e-05,1.052e-05,1.052e-05
918,1.039e-05,1.039e-05,1.039e-05,1.039e-05,1.039e-05
919,1.026e-05,1.026e-05,1.026e-05,1.026e-05,1.026e-05
920,1.013e-05,1.013e-05,1.013e-05,1.013e-05,1.013e-05
921,1.000e-05,1.000e-05,1.000e-05,1.000e-05,1.000e-05
922,9.880e-06,9.880e-06,9.880e-06,9.880e-06,9.880e-06
923,9.757e-06,9.757e-06,9.757e-06,9.757e-06,9.757e-06
924,9.636e-06,9.636e-06,9.636e-06,9.636e-06,9.636e-06
925,9.516e-06,9.516e-06,9.516e-06,9.516e-06,9.516e-06
926,9.398e-06,9.398e-06,9.398e-06,9.398e-06,9.398e-06
927,9.281e-06,9.281e-06,9.281e-06,9.281e-06,9.281e-06
928,9.166e-06,9.166e-06,9.166e-06,9.166e-06,9.166e-06
929,9.052e-06,9.052e-06,9.052e-06,9.052e-06,9.052e-06
930,8.940e-06,8.940e-06,8.940e-06,8.940e-06,8.940e-06
931,8.829e-06,8.829e-06,8.829e-06,8.829e-06,8.829e-06
932,8.719e-06,8.719e-06,8.719e-06,8.719e-06,8.719e-06
933,8.611e-06,8.611e-06,8.611e-06,8.611e-06,8.611e-06
934,8.504e-06,8.504e-06,8.504e-06,8.504e-06,8.504e-06
935,8.398e-06,8.398e-06,8.398e-06,8.398e-06,8.398e-06
936,8.294e-06,8.294e-06,8.294e-06,8.294e-06,8.294e-06
937,8.191e-06,8.191e-06,8.191e-06,8.191e-06,8.191e-06
938,8.089e-06,8.089e-06,8.089e-06,8.089e-06,8.089e-06
939,7.989e-06,7.989e-06,7.989e-06,7.989e-06,7.989e-06
940,7.889e-06,7.889e-06,7.889e-06,7.889e-06,7.889e-06
941,7.791e-06,7.791e-06,7.791e-06,7.791e-06,7.791e-06
942,7.695e-06,7.695e-06,7.695e-06,7.695e-06,7.695e-06
943,7.599e-06,7.599e-06,7.599e-06,7.599e-06,7.599e-06
944,7.505e-06,7.505e-06,7.505e-06,7.505e-06,7.505e-06
945,7.411e-06,7.411e-06,7.411e-06,7.411e-06,7.411e-06
946,7.319e-06,7.319e-06,7.319e-06,7.319e-06,7.319e-06
947,7.228e-06,7.228e-06,7.228e-06,7.228e-06,7.228e-06
948,7.139e-06,7.139e-06,7.139e-06,7.139e-06,7.139e-06
949,7.050e-06,7.050e-06,7.050e-06,7.050e-06,7.050e-06
950,6.962e-06,6.962e-06,6.962e-06,6.962e-06,6.962e-06
951,6.876e-06,6.876e-06,6.876e-06,6.876e-06,6.876e-06
952,6.790e-06,6.790e-06,6.790e-06,6.790e-06,6.790e-06
953,6.706e-06,6.706e-06,6.706e-06,6.706e-06,6.706e-06
954,6.623e-06,6.623e-06,6.623e-06,6.623e-06,6.623e-06
955,6.540e-06,6.540e-06,6.540e-06,6.540e-06,6.540e-06
956,6.459e-06,6.459e-06,6.459e-06,6.459e-06,6.459e-06
957,6.379e-06,6.379e-06,6.379e-06,6.379e-06,6.379e-06
958,6.300e-06,6.300e-06,6.300e-06,6.300e-06,6.300e-06
959,6.221e-06,6.221e-06,6.221e-06,6.221e-06,6.221e-06
960,6.144e-06,6.144e-06,6.144e-06,6.144e-06,6.144e-06
961,6.068e-06,6.068e-06,6.068e-06,6.068e-06,6.068e-06
962,5.993e-06,5.993e-06,5.993e-06,5.993e-06,5.993e-06
963,5.918e-06,5.918e-06,5.918e-06,5.918e-06,5.918e-06
964,5.845e-06,5.845e-06,5.845e-06,5.845e-06,5.845e-06
965,5.772e-06,5.772e-06,5.772e-06,5.772e-06,5.772e-06
966,5.700e-06,5.700e-06,5.700e-06,5.700e-06,5.700e-06
967,5.629e-06,5.629e-06,5.629e-06,5.629e-06,5.629e-06
968,5.560e-06,5.560e-06,5.560e-06,5.560e-06,5.560e-06
969,5.490e-06,5.490e-06,5.490e-06,5.490e-06,5.490e-06
970,5.422e-06,5.422e-06,5.422e-06,5.422e-06,5.422e-06
971,5.355e-06,5.355e-06,5.355e-06,5.355e-06,5.355e-06
972,5.288e-06,5.288e-06,5.288e-06,5.288e-06,5.288e-06
973,5.223e-06,5.223e-06,5.223e-06,5.223e-06,5.223e-06
974,5.158e-06,5.158e-06,5.158e-06,5.158e-06,5.158e-06
975,5.094e-06,5.094e-06,5.094e-06,5.094e-06,5.094e-06
976,5.030e-06,5.030e-06,5.030e-06,5.030e-06,5.030e-06
977,4.968e-06,4.968e-06,4.968e-06,4.968e-06,4.968e-06
978,4.906e-06,4.906e-06,4.906e-06,4.906e-06,4.906e-06
979,4.845e-06,4.845e-06,4.845e-06,4.845e-06,4.845e-06
980,4.785e-06,4.785e-06,4.785e-06,4.785e-06,4.785e-06
981,4.726e-06,4.726e-06,4.726e-06,4.726e-06,4.726e-06
982,4.667e-06,4.667e-06,4.667e-06,4.667e-06,4.667e-06
983,4.609e-06,4.609e-06,4.609e-06,4.609e-06,4.609e-06
984,4.552e-06,4.552e-06,4.552e-06,4.552e-06,4.552e-06
985,4.495e-06,4.495e-06,4.495e-06,4.495e-06,4.495e-06
986,4.439e-06,4.439e-06,4.439e-06,4.439e-06,4.439e-06
987,4.384e-06,4.384e-06,4.384e-06,4.384e-06,4.384e-06
988,4.330e-06,4.330e-06,4.330e-06,4.330e-06,4.330e-06
989,4.276e-06,4.276e-06,4.276e-06,4.276e-06,4.276e-06
990,4.223e-06,4.223e-06,4.223e-06,4.223e-06,4.223e-06
991,4.170e-06,4.170e-06,4.170e-06,4.170e-06,4.170e-06
992,4.119e-06,4.119e-06,4.119e-06,4.119e-06,4.119e-06
993,4.067e-06,4.067e-06,4.067e-06,4.067e-06,4.067e-06
994,4.017e-06,4.017e-06,4.017e-06,4.017e-06,4.017e-06
995,3.967e-06,3.967e-06,3.967e-06,3.967e-06,3.967e-06
996,3.918e-06,3.918e-06,3.918e-06,3.918e-06,3.918e-06
997,3.869e-06,3.869e-06,3.869e-06,3.869e-06,3.869e-06
998,3.821e-06,3.821e-06,3.821e-06,3.821e-06,3.821e-06
999,3.774e-06,3.774e-06,3.774e-06,3.774e-06,3.774e-06
1000,3.727e-06,3.727e-06,3.727e-06,3.727e-06,3.727e-06
1001,3.680e-06,3.680e-06,3.680e-06,3.680e-06,3.680e-06
1002,3.635e-06,3.635e-06,3.635e-06,3.635e-06,3.635e-06
1003,3.589e-06,3.589e-06,3.589e-06,3.589e-06,3.589e-06
1004,3.545e-06,3.545e-06,3.545e-06,3.545e-06,3.545e-06
1005,3.501e-06,3.501e-06,3.501e-06,3.501e-06,3.501e-06
1006,3.457e-06,3.457e-06,3.457e-06,3.457e-06,3.457e-06
1007,3.414e-06,3.414e-06,3.414e-06,3.414e-06,3.414e-06
1008,3.372e-06,3.372e-06,3.372e-06,3.372e-06,3.372e-06
1009,3.330e-06,3.330e-06,3.330e-06,3.330e-06,3.330e-06
1010,3.289e-06,3.289e-06,3.289e-06,3.289e-06,3.289e-06
1011,3.248e-06,3.248e-06,3.248e-06,3.248e-06,3.248e-06
1012,3.208e-06,3.208e-06,3.208e-06,3.208e-06,3.208e-06
1013,3.168e-06,3.168e-06,3.168e-06,3.168e-06,3.168e-06
1014,3.128e-06,3.128e-06,3.128e-06,3.128e-06,3.128e-06
1015,3.090e-06,3.090e-06,3.090e-06,3.090e-06,3.090e-06
1016,3.051e-06,3.051e-06,3.051e-06,3.051e-06,3.051e-06
1017,3.013e-06,3.013e-06,3.013e-06,3.013e-06,3.013e-06
1018,2.976e-06,2.976e-06,2.976e-06,2.976e-06,2.976e-06
1019,2.939e-06,2.939e-06,2.939e-06,2.939e-06,2.939e-06
1020,2.902e-06,2.902e-06,2.902e-06,2.902e-06,2.902e-06
1021,2.866e-06,2.866e-06,2.866e-06,2.866e-06,2.866e-06
1022,2.831e-06,2.831e-06,2.831e-06,2.831e-06,2.831e-06
1023,2.795e-06,2.795e-06,2.795e-06,2.795e-06,2.795e-06
1024,2.761e-06,2.761e-06,2.761e-06,2.761e-06,2.761e-06
1025,2.726e-06,2.726e-06,2.726e-06,2.726e-06,2.726e-06
1026,2.693e-06,2.693e-06,2.693e-06,2.693e-06,2.693e-06
1027,2.659e-06,2.659e-06,2.659e-06,2.659e-06,2.659e-06
1028,2.626e-06,2.626e-06,2.626e-06,2.626e-06,2.626e-06
1029,2.594e-06,2.594e-06,2.594e-06,2.594e-06,2.594e-06
1030,2.561e-06,2.561e-06,2.561e-06,2.561e-06,2.561e-06
1031,2.529e-06,2.529e-06,2.529e-06,2.529e-06,2.529e-06
1032,2.498e-06,2.498e-06,2.498e-06,2.498e-06,2.498e-06
1033,2.467e-06,2.467e-06,2.467e-06,2.467e-06,2.467e-06
1034,2.436e-06,2.436e-06,2.436e-06,2.436e-06,2.436e-06
1035,2.406e-06,2.406e-06,2.406e-06,2.406e-06,2.406e-06
1036,2.376e-06,2.376e-06,2.376e-06,2.376e-06,2.376e-06
1037,2.347e-06,2.347e-06,2.347e-06,2.347e-06,2.347e-06
1038,2.318e-06,2.318e-06,2.318e-06,2.318e-06,2.318e-06
1039,2.289e-06,2.289e-06,2.289e-06,2.289e-06,2.289e-06
1040,2.260e-06,2.260e-06,2.260e-06,2.260e-06,2.260e-06
1041,2.232e-06,2.232e-06,2.232e-06,2.232e-06,2.232e-06
1042,2.205e-06,2.205e-06,2.205e-06,2.205e-06,2.205e-06
1043,2.177e-06,2.177e-06,2.177e-06,2.177e-06,2.177e-06
1044,2.150e-06,2.150e-06,2.150e-06,2.150e-06,2.150e-06
1045,2.123e-06,2.123e-06,2.123e-06,2.123e-06,2.123e-06
1046,2.097e-06,2.097e-06,2.097e-06,2.097e-06,2.097e-06
1047,2.071e-06,2.071e-06,2.071e-06,2.071e-06,2.071e-06
1048,2.045e-06,2.045e-06,2.045e-06,2.045e-06,2.045e-06
1049,2.020e-06,2.020e-06,2.020e-06,2.020e-06,2.020e-06
1050,1.995e-06,1.995e-06,1.995e-06,1.995e-06,1.995e-06
1051,1.970e-06,1.970e-06,1.970e-06,1.970e-06,1.970e-06
1052,1.945e-06,1.945e-06,1.945e-06,1.945e-06,1.945e-06
1053,1.921e-06,1.921e-06,1.921e-06,1.921e-06,1.921e-06
1054,1.897e-06,1.897e-06,1.897e-06,1.897e-06,1.897e-06
1055,1.874e-06,1.874e-06,1.874e-06,1.874e-06,1.874e-06
1056,1.851e-06,1.851e-06,1.851e-06,1.851e-06,1.851e-06
1057,1.828e-06,1.828e-06,1.828e-06,1.828e-06,1.828e-06
1058,1.805e-06,1.805e-06,1.805e-06,1.805e-06,1.805e-06
1059,1.782e-06,1.782e-06,1.782e-06,1.782e-06,1.782e-06
1060,1.760e-06,1.760e-06,1.760e-06,1.760e-06,1.760e-06
1061,1.738e-06,1.738e-06,1.738e-06,1.738e-06,1.738e-06
1062,1.717e-06,1.717e-06,1.717e-06,1.717e-06,1.717e-06
1063,1.696e-06,1.696e-06,1.696e-06,1.696e-06,1.696e-06
1064,1.674e-06,1.674e-06,1.674e-06,1.674e-06,1.674e-06
1065,1.654e-06,1.654e-06,1.654e-06,1.654e-06,1.654e-06
1066,1.633e-06,1.633e-06,1.633e-06,1.633e-06,1.633e-06
1067,1.613e-06,1.613e-06,1.613e-06,1.613e-06,1.613e-06
1068,1.593e-06,1.593e-06,1.593e-06,1.593e-06,1.593e-06
1069,1.573e-06,1.573e-06,1.573e-06,1.573e-06,1.573e-06
1070,1.554e-06,1.554e-06,1.554e-06,1.554e-06,1.554e-06
1071,1.534e-06,1.534e-06,1.534e-06,1.534e-06,1.534e-06
1072,1.515e-06,1.515e-06,1.515e-06,1.515e-06,1.515e-06
1073,1.496e-06,1.496e-06,1.496e-06,1.496e-06,1.496e-06
1074,1.478e-06,1.478e-06,1.478e-06,1.478e-06,1.478e-06
1075,1.459e-06,1.459e-06,1.459e-06,1.459e-06,1.459e-06
1076,1.441e-06,1.441e-06,1.441e-06,1.441e-06,1.441e-06
1077,1.423e-06,1.423e-06,1.423e-06,1.423e-06,1.423e-06
1078,1.406e-06,1.406e-06,1.406e-06,1.406e-06,1.406e-06
1079,1.388e-06,1.388e-06,1.388e-06,1.388e-06,1.388e-06
1080,1.371e-06,1.371e-06,1.371e-06,1.371e-06,1.371e-06
1081,1.354e-06,1.354e-06,1.354e-06,1.354e-06,1.354e-06
1082,1.337e-06,1.337e-06,1.337e-06,1.337e-06,1.337e-06
1083,1.321e-06,1.321e-06,1.321e-06,1.321e-06,1.321e-06
1084,1.304e-06,1.304e-06,1.304e-06,1.304e-06,1.304e-06
1085,1.288e-06,1.288e-06,1.288e-06,1.288e-06,1.288e-06
1086,1.272e-06,1.272e-06,1.272e-06,1.272e-06,1.272e-06
1087,1.256e-06,1.256e-06,1.256e-06,1.256e-06,1.256e-06
1088,1.240e-06,1.240e-06,1.240e-06,1.240e-06,1.240e-06
1089,1.225e-06,1.225e-06,1.225e-06,1.225e-06,1.225e-06
1090,1.210e-06,1.210e-06,1.210e-06,1.210e-06,1.210e-06
1091,1.195e-06,1.195e-06,1.195e-06,1.195e-06,1.195e-06
1092,1.180e-06,1.180e-06,1.180e-06,1.180e-06,1.180e-06
1093,1.165e-06,1.165e-06,1.165e-06,1.165e-06,1.165e-06
1094,1.151e-06,1.151e-06,1.151e-06,1.151e-06,1.151e-06
1095,1.137e-06,1.137e-06,1.137e-06,1.137e-06,1.137e-06
1096,1.122e-06,1.122e-06,1.122e-06,1.122e-06,1.122e-06
1097,1.109e-06,1.109e-06,1.109e-06,1.109e-06,1.109e-06
1098,1.095e-06,1.095e-06,1.095e-06,1.095e-06,1.095e-06
1099,1.081e-06,1.081e-06,1.081e-06,1.081e-06,1.081e-06
1100,1.068e-06,1.068e-06,1.068e-06,1.068e-06,1.068e-06
1101,1.054e-06,1.054e-06,1.054e-06,1.054e-06,1.054e-06
1102,1.041e-06,1.041e-06,1.041e-06,1.041e-06,1.041e-06
1103,1.028e-06,1.028e-06,1.028e-06,1.028e-06,1.028e-06
1104,1.016e-06,1.016e-06,1.016e-06,1.016e-06,1.016e-06
1105,1.003e-06,1.003e-06,1.003e-06,1.003e-06,1.003e-06
1106,1.000e-06,1.000e-06,1.000e-06,1.000e-06,1.000e-06
1107,1.000e-06,1.000e-06,1.000e-06,1.000e-06,1.000e-06
1108,1.000e-06,1.000e-06,1.000e-06,1.000e-06,1.000e-06
1109,1.000e-06,1.000e-06,1.000e-06,1.000e-06,1.000e-06
1110,1.000e-06,1.000e-06,1.000e-06,1.000e-06,1.000e-06
1111,1.000e-06,1.000e-06,1.000e-06,1.000e-06,1.000e-06
1112,1.000e-06,1.000e-06,1.000e-06,1.000e-06,1.000e-06
1113,1.000e-06,1.000e-06,1.000e-06,1.000e-06,1.000e-06
1114,1.000e-06,1.000e-06,1.000e-06,1.000e-06,1.000e-06
1115,1.000e-06,1.000e-06,1.000e-06,1.000e-06,1.000e-06
1116,1.000e-06,1.000e-06,1.000e-06,1.000e-06,1.000e-06
1117,1.000e-06,1.000e-06,1.000e-06,1.000e-06,1.000e-06
1118,1.000e-06,1.000e-06,1.000e-06,1.000e-06,1.000e-06
1119,1.000e-06,1.000e-06,1.000e-06,1.000e-06,1.000e-06
1120,1.000e-06,1.000e-06,1.000e-06,1.000e-06,1.000e-06
1121,1.000e-06,1.000e-06,1.000e-06,1.000e-06,1.000e-06
1122,1.000e-06,1.000e-06,1.000e-06,1.000e-06,1.000e-06
1123,1.000e-06,1.000e-06,1.000e-06,1.000e-06,1.000e-06
1124,1.000e-06,1.000e-06,1.000e-06,1.000e-06,1.000e-06
1125,1.000e-06,1.000e-06,1.000e-06,1.000e-06,1.000e-06
1126,1.000e-06,1.000e-06,1.000e-06,1.000e-06,1.000e-06
1127,1.000e-06,1.000e-06,1.000e-06,1.000e-06,1.000e-06
1128,1.000e-06,1.000e-06,1.000e-06,1.000e-06,1.000e-06
1129,1.000e-06,1.000e-06,1.000e-06,1.000e-06,1.000e-06
1130,1.000e-06,1.000e-06,1.000e-06,1.000e-06,1.000e-06
1131,1.000e-06,1.000e-06,1.000e-06,1.000e-06,1.000e-06
1132,1.000e-06,1.000e-06,1.000e-06,1.000e-06,1.000e-06
1133,1.000e-06,1.000e-06,1.000e-06,1.000e-06,1.000e-06
1134,1.000e-06,1.000e-06,1.000e-06,1.000e-06,1.000e-06
1135,1.000e-06,1.000e-06,1.000e-06,1.000e-06,1.000e-06
1136,1.000e-06,1.000e-06,1.000e-06,1.000e-06,1.000e-06
1137,1.000e-06,1.000e-06,1.000e-06,1.000e-06,1.000e-06
1138,1.000e-06,1.000e-06,1.000e-06,1.000e-06,1.000e-06
1139,1.000e-06,1.000e-06,1.000e-06,1.000e-06,1.000e-06
1140,1.000e-06,1.000e-06,1.000e-06,1.000e-06,1.000e-06
1141,1.000e-06,1.000e-06,1.000e-06,1.000e-06,1.000e-06
1142,1.000e-06,1.000e-06,1.000e-06,1.000e-06,1.000e-06
1143,1.000e-06,1.000e-06,1.000e-06,1.000e-06,1.000e-06
1144,1.000e-06,1.000e-06,1.000e-06,1.000e-06,1.000e-06
1145,1.000e-06,1.000e-06,1.000e-06,1.000e-06,1.000e-06
1146,1.000e-06,1.000e-06,1.000e-06,1.000e-06,1.000e-06
1147,1.000e-06,1.000e-06,1.000e-06,1.000e-06,1.000e-06
1148,1.000e-06,1.000e-06,1.000e-06,1.000e-06,1.000e-06
1149,1.000e-06,1.000e-06,1.000e-06,1.000e-06,1.000e-06
1150,1.000e-06,1.000e-06,1.000e-06,1.000e-06,1.000e-06
1151,1.000e-06,1.000e-06,1.000e-06,1.000e-06,1.000e-06
1152,1.000e-06,1.000e-06,1.000e-06,1.000e-06,1.000e-06
1153,1.000e-06,1.000e-06,1.000e-06,1.000e-06,1.000e-06
1154,1.000e-06,1.000e-06,1.000e-06,1.000e-06,1.000e-06
1155,1.000e-06,1.000e-06,1.000e-06,1.000e-06,1.000e-06
1156,1.000e-06,1.000e-06,1.000e-06,1.000e-06,1.000e-06
1157,1.000e-06,1.000e-06,1.000e-06,1.000e-06,1.000e-06
1158,1.000e-06,1.000e-06,1.000e-06,1.000e-06,1.000e-06
1159,1.000e-06,1.000e-06,1.000e-06,1.000e-06,1.000e-06
1160,1.000e-06,1.000e-06,1.000e-06,1.000e-06,1.000e-06
1161,1.000e-06,1.000e-06,1.000e-06,1.000e-06,1.000e-06
1162,1.000e-06,1.000e-06,1.000e-06,1.000e-06,1.000e-06
1163,1.000e-06,1.000e-06,1.000e-06,1.000e-06,1.000e-06
1164,1.000e-06,1.000e-06,1.000e-06,1.000e-06,1.000e-06
1165,1.000e-06,1.000e-06,1.000e-06,1.000e-06,1.000e-06
1166,1.000e-06,1.000e-06,1.000e-06,1.000e-06,1.000e-06
1167,1.000e-06,1.000e-06,1.000e-06,1.000e-06,1.000e-06
1168,1.000e-06,1.000e-06,1.000e-06,1.000e-06,1.000e-06
1169,1.000e-06,1.000e-06,1.000e-06,1.000e-06,1.000e-06
1170,1.000e-06,1.000e-06,1.000e-06,1.000e-06,1.000e-06
1171,1.000e-06,1.000e-06,1.000e-06,1.000e-06,1.000e-06
1172,1.000e-06,1.000e-06,1.000e-06,1.000e-06,1.000e-06
1173,1.000e-06,1.000e-06,1.000e-06,1.000e-06,1.000e-06
1174,1.000e-06,1.000e-06,1.000e-06,1.000e-06,1.000e-06
1175,1.000e-06,1.000e-06,1.000e-06,1.000e-06,1.000e-06
1176,1.000e-06,1.000e-06,1.000e-06,1.000e-06,1.000e-06
1177,1.000e-06,1.000e-06,1.000e-06,1.000e-06,1.000e-06
1178,1.000e-06,1.000e-06,1.000e-06,1.000e-06,1.000e-06
1179,1.000e-06,1.000e-06,1.000e-06,1.000e-06,1.000e-06
1180,1.000e-06,1.000e-06,1.000e-06,1.000e-06,1.000e-06
1181,1.000e-06,1.000e-06,1.000e-06,1.000e-06,1.000e-06
1182,1.000e-06,1.000e-06,1.000e-06,1.000e-06,1.000e-06
1183,1.000e-06,1.000e-06,1.000e-06,1.000e-06,1.000e-06
1184,1.000e-06,1.000e-06,1.000e-06,1.000e-06,1.000e-06
1185,1.000e-06,1.000e-06,1.000e-06,1.000e-06,1.000e-06
1186,1.000e-06,1.000e-06,1.000e-06,1.000e-06,1.000e-06
1187,1.000e-06,1.000e-06,1.000e-06,1.000e-06,1.000e-06
1188,1.000e-06,1.000e-06,1.000e-06,1.000e-06,1.000e-06
1189,1.000e-06,1.000e-06,1.000e-06,1.000e-06,1.000e-06
1190,1.000e-06,1.000e-06,1.000e-06,1.000e-06,1.000e-06
1191,1.000e-06,1.000e-06,1.000e-06,1.000e-06,1.000e-06
1192,1.000e-06,1.000e-06,1.000e-06,1.000e-06,1.000e-06
1193,1.000e-06,1.000e-06,1.000e-06,1.000e-06,1.000e-06
1194,1.000e-06,1.000e-06,1.000e-06,1.000e-06,1.000e-06
1195,1.000e-06,1.000e-06,1.000e-06,1.000e-06,1.000e-06
1196,1.000e-06,1.000e-06,1.000e-06,1.000e-06,1.000e-06
1197,1.000e-06,1.000e-06,1.000e-06,1.000e-06,1.000e-06
1198,1.000e-06,1.000e-06,1.000e-06,1.000e-06,1.000e-06
1199,1.000e-06,1.000e-06,1.000e-06,1.000e-06,1.000e-06
1200,1.000e-06,1.000e-06,1.000e-06,1.000e-06,1.000e-06
1201,1.000e-06,1.000e-06,1.000e-06,1.000e-06,1.000e-06
1202,1.000e-06,1.000e-06,1.000e-06,1.000e-06,1.000e-06
1203,1.000e-06,1.000e-06,1.000e-06,1.000e-06,1.000e-06
1204,1.000e-06,1.000e-06,1.000e-06,1.000e-06,1.000e-06
1205,1.000e-06,1.000e-06,1.000e-06,1.000e-06,1.000e-06
1206,1.000e-06,1.000e-06,1.000e-06,1.000e-06,1.000e-06
1207,1.000e-06,1.000e-06,1.000e-06,1.000e-06,1.000e-06
1208,1.000e-06,1.000e-06,1.000e-06,1.000e-06,1.000e-06
1209,1.000e-06,1.000e-06,1.000e-06,1.000e-06,1.000e-06
1210,1.000e-06,1.000e-06,1.000e-06,1.000e-06,1.000e-06
1211,1.000e-06,1.000e-06,1.000e-06,1.000e-06,1.000e-06
1212,1.000e-06,1.000e-06,1.000e-06,1.000e-06,1.000e-06
1213,1.000e-06,1.000e-06,1.000e-06,1.000e-06,1.000e-06
1214,1.000e-06,1.000e-06,1.000e-06,1.000e-06,1.000e-06
1215,1.000e-06,1.000e-06,1.000e-06,1.000e-06,1.000e-06
1216,1.000e-06,1.000e-06,1.000e-06,1.000e-06,1.000e-06
1217,1.000e-06,1.000e-06,1.000e-06,1.000e-06,1.000e-06
1218,1.000e-06,1.000e-06,1.000e-06,1.000e-06,1.000e-06
1219,1.000e-06,1.000e-06,1.000e-06,1.000e-06,1.000e-06
1220,1.000e-06,1.000e-06,1.000e-06,1.000e-06,1.000e-06
1221,1.000e-06,1.000e-06,1.000e-06,1.000e-06,1.000e-06
1222,1.000e-06,1.000e-06,1.000e-06,1.000e-06,1.000e-06
1223,1.000e-06,1.000e-06,1.000e-06,1.000e-06,1.000e-06
1224,1.000e-06,1.000e-06,1.000e-06,1.000e-06,1.000e-06
1225,1.000e-06,1.000e-06,1.000e-06,1.000e-06,1.000e-06
1226,1.000e-06,1.000e-06,1.000e-06,1.000e-06,1.000e-06
1227,1.000e-06,1.000e-06,1.000e-06,1.000e-06,1.000e-06
1228,1.000e-06,1.000e-06,1.000e-06,1.000e-06,1.000e-06
1229,1.000e-06,1.000e-06,1.000e-06,1.000e-06,1.000e-06
1230,1.000e-06,1.000e-06,1.000e-06,1.000e-06,1.000e-06
1231,1.000e-06,1.000e-06,1.000e-06,1.000e-06,1.000e-06
1232,1.000e-06,1.000e-06,1.000e-06,1.000e-06,1.000e-06
1233,1.000e-06,1.000e-06,1.000e-06,1.000e-06,1.000e-06
1234,1.000e-06,1.000e-06,1.000e-06,1.000e-06,1.000e-06
1235,1.000e-06,1.000e-06,1.000e-06,1.000e-06,1.000e-06
1236,1.000e-06,1.000e-06,1.000e-06,1.000e-06,1.000e-06
1237,1.000e-06,1.000e-06,1.000e-06,1.000e-06,1.000e-06
1238,1.000e-06,1.000e-06,1.000e-06,1.000e-06,1.000e-06
1239,1.000e-06,1.000e-06,1.000e-06,1.000e-06,1.000e-06
1240,1.000e-06,1.000e-06,1.000e-06,1.000e-06,1.000e-06
1241,1.000e-06,1.000e-06,1.000e-06,1.000e-06,1.000e-06
1242,1.000e-06,1.000e-06,1.000e-06,1.000e-06,1.000e-06
1243,1.000e-06,1.000e-06,1.000e-06,1.000e-06,1.000e-06
1244,1.000e-06,1.000e-06,1.000e-06,1.000e-06,1.000e-06
1245,1.000e-06,1.000e-06,1.000e-06,1.000e-06,1.000e-06
1246,1.000e-06,1.000e-06,1.000e-06,1.000e-06,1.000e-06
1247,1.000e-06,1.000e-06,1.000e-06,1.000e-06,1.000e-06
1248,1.000e-06,1.000e-06,1.000e-06,1.000e-06,1.000e-06
1249,1.000e-06,1.000e-06,1.000e-06,1.000e-06,1.000e-06
1250,1.000e-06,1.000e-06,1.000e-06,1.000e-06,1.000e-06
1251,1.000e-06,1.000e-06,1.000e-06,1.000e-06,1.000e-06
1252,1.000e-06,1.000e-06,1.000e-06,1.000e-06,1.000e-06
1253,1.000e-06,1.000e-06,1.000e-06,1.000e-06,1.000e-06
1254,1.000e-06,1.000e-06,1.000e-06,1.000e-06,1.000e-06
1255,1.000e-06,1.000e-06,1.000e-06,1.000e-06,1.000e-06
1256,1.000e-06,1.000e-06,1.000e-06,1.000e-06,1.000e-06
1257,1.000e-06,1.000e-06,1.000e-06,1.000e-06,1.000e-06
1258,1.000e-06,1.000e-06,1.000e-06,1.000e-06,1.000e-06
1259,1.000e-06,1.000e-06,1.000e-06,1.000e-06,1.000e-06
1260,1.000e-06,1.000e-06,1.000e-06,1.000e-06,1.000e-06
1261,1.000e-06,1.000e-06,1.000e-06,1.000e-06,1.000e-06
1262,1.000e-06,1.000e-06,1.000e-06,1.000e-06,1.000e-06
1263,1.000e-06,1.000e-06,1.000e-06,1.000e-06,1.000e-06
1264,1.000e-06,1.000e-06,1.000e-06,1.000e-06,1.000e-06
1265,1.000e-06,1.000e-06,1.000e-06,1.000e-06,1.000e-06
1266,1.000e-06,1.000e-06,1.000e-06,1.000e-06,1.000e-06
1267,1.000e-06,1.000e-06,1.000e-06,1.000e-06,1.000e-06
1268,1.000e-06,1.000e-06,1.000e-06,1.000e-06,1.000e-06
1269,1.000e-06,1.000e-06,1.000e-06,1.000e-06,1.000e-06
1270,1.000e-06,1.000e-06,1.000e-06,1.000e-06,1.000e-06
1271,1.000e-06,1.000e-06,1.000e-06,1.000e-06,1.000e-06
1272,1.000e-06,1.000e-06,1.000e-06,1.000e-06,1.000e-06
1273,1.000e-06,1.000e-06,1.000e-06,1.000e-06,1.000e-06
1274,1.000e-06,1.000e-06,1.000e-06,1.000e-06,1.000e-06
1275,1.000e-06,1.000e-06,1.000e-06,1.000e-06,1.000e-06
1276,1.000e-06,1.000e-06,1.000e-06,1.000e-06,1.000e-06
1277,1.000e-06,1.000e-06,1.000e-06,1.000e-06,1.000e-06
1278,1.000e-06,1.000e-06,1.000e-06,1.000e-06,1.000e-06
1279,1.000e-06,1.000e-06,1.000e-06,1.000e-06,1.000e-06
1280,1.000e-06,1.000e-06,1.000e-06,1.000e-06,1.000e-06
1281,1.000e-06,1.000e-06,1.000e-06,1.000e-06,1.000e-06
1282,1.000e-06,1.000e-06,1.000e-06,1.000e-06,1.000e-06
1283,1.000e-06,1.000e-06,1.000e-06,1.000e-06,1.000e-06
1284,1.000e-06,1.000e-06,1.000e-06,1.000e-06,1.000e-06
1285,1.000e-06,1.000e-06,1.000e-06,1.000e-06,1.000e-06
1286,1.000e-06,1.000e-06,1.000e-06,1.000e-06,1.000e-06
1287,1.000e-06,1.000e-06,1.000e-06,1.000e-06,1.000e-06
1288,1.000e-06,1.000e-06,1.000e-06,1.000e-06,1.000e-06
1289,1.000e-06,1.000e-06,1.000e-06,1.000e-06,1.000e-06
1290,1.000e-06,1.000e-06,1.000e-06,1.000e-06,1.000e-06
1291,1.000e-06,1.000e-06,1.000e-06,1.000e-06,1.000e-06
1292,1.000e-06,1.000e-06,1.000e-06,1.000e-06,1.000e-06
1293,1.000e-06,1.000e-06,1.000e-06,1.000e-06,1.000e-06
1294,1.000e-06,1.000e-06,1.000e-06,1.000e-06,1.000e-06
1295,1.000e-06,1.000e-06,1.000e-06,1.000e-06,1.000e-06
1296,1.000e-06,1.000e-06,1.000e-06,1.000e-06,1.000e-06
1297,1.000e-06,1.000e-06,1.000e-06,1.000e-06,1.000e-06
1298,1.000e-06,1.000e-06,1.000e-06,1.000e-06,1.000e-06
1299,1.000e-06,1.000e-06,1.000e-06,1.000e-06,1.000e-06
1300,1.000e-06,1.000e-06,1.000e-06,1.000e-06,1.000e-06
1301,1.000e-06,1.000e-06,1.000e-06,1.000e-06,1.000e-06
1302,1.000e-06,1.000e-06,1.000e-06,1.000e-06,1.000e-06
1303,1.000e-06,1.000e-06,1.000e-06,1.000e-06,1.000e-06
1304,1.000e-06,1.000e-06,1.000e-06,1.000e-06,1.000e-06
1305,1.000e-06,1.000e-06,1.000e-06,1.000e-06,1.000e-06
1306,1.000e-06,1.000e-06,1.000e-06,1.000e-06,1.000e-06
1307,1.000e-06,1.000e-06,1.000e-06,1.000e-06,1.000e-06
1308,1.000e-06,1.000e-06,1.000e-06,1.000e-06,1.000e-06
1309,1.000e-06,1.000e-06,1.000e-06,1.000e-06,1.000e-06
1310,1.000e-06,1.000e-06,1.000e-06,1.000e-06,1.000e-06
1311,1.000e-06,1.000e-06,1.000e-06,1.000e-06,1.000e-06
1312,1.000e-06,1.000e-06,1.000e-06,1.000e-06,1.000e-06
1313,1.000e-06,1.000e-06,1.000e-06,1.000e-06,1.000e-06
1314,1.000e-06,1.000e-06,1.000e-06,1.000e-06,1.000e-06
1315,1.000e-06,1.000e-06,1.000e-06,1.000e-06,1.000e-06
1316,1.000e-06,1.000e-06,1.000e-06,1.000e-06,1.000e-06
1317,1.000e-06,1.000e-06,1.000e-06,1.000e-06,1.000e-06
1318,1.000e-06,1.000e-06,1.000e-06,1.000e-06,1.000e-06
1319,1.000e-06,1.000e-06,1.000e-06,1.000e-06,1.000e-06
1320,1.000e-06,1.000e-06,1.000e-06,1.000e-06,1.000e-06
1321,1.000e-06,1.000e-06,1.000e-06,1.000e-06,1.000e-06
1322,1.000e-06,1.000e-06,1.000e-06,1.000e-06,1.000e-06
1323,1.000e-06,1.000e-06,1.000e-06,1.000e-06,1.000e-06
1324,1.000e-06,1.000e-06,1.000e-06,1.000e-06,1.000e-06
1325,1.000e-06,1.000e-06,1.000e-06,1.000e-06,1.000e-06
1326,1.000e-06,1.000e-06,1.000e-06,1.000e-06,1.000e-06
1327,1.000e-06,1.000e-06,1.000e-06,1.000e-06,1.000e-06
1328,1.000e-06,1.000e-06,1.000e-06,1.000e-06,1.000e-06
1329,1.000e-06,1.000e-06,1.000e-06,1.000e-06,1.000e-06
1330,1.000e-06,1.000e-06,1.000e-06,1.000e-06,1.000e-06
1331,1.000e-06,1.000e-06,1.000e-06,1.000e-06,1.000e-06
1332,1.000e-06,1.000e-06,1.000e-06,1.000e-06,1.000e-06
1333,1.000e-06,1.000e-06,1.000e-06,1.000e-06,1.000e-06
1334,1.000e-06,1.000e-06,1.000e-06,1.000e-06,1.000e-06
1335,1.000e-06,1.000e-06,1.000e-06,1.000e-06,1.000e-06
1336,1.000e-06,1.000e-06,1.000e-06,1.000e-06,1.000e-06
1337,1.000e-06,1.000e-06,1.000e-06,1.000e-06,1.000e-06
1338,1.000e-06,1.000e-06,1.000e-06,1.000e-06,1.000e-06
1339,1.000e-06,1.000e-06,1.000e-06,1.000e-06,1.000e-06
1340,1.000e-06,1.000e-06,1.000e-06,1.000e-06,1.000e-06
1341,1.000e-06,1.000e-06,1.000e-06,1.000e-06,1.000e-06
1342,1.000e-06,1.000e-06,1.000e-06,1.000e-06,1.000e-06
1343,1.000e-06,1.000e-06,1.000e-06,1.000e-06,1.000e-06
1344,1.000e-06,1.000e-06,1.000e-06,1.000e-06,1.000e-06
1345,1.000e-06,1.000e-06,1.000e-06,1.000e-06,1.000e-06
1346,1.000e-06,1.000e-06,1.000e-06,1.000e-06,1.000e-06
1347,1.000e-06,1.000e-06,1.000e-06,1.000e-06,1.000e-06
1348,1.000e-06,1.000e-06,1.000e-06,1.000e-06,1.000e-06
1349,1.000e-06,1.000e-06,1.000e-06,1.000e-06,1.000e-06
1350,1.000e-06,1.000e-06,1.000e-06,1.000e-06,1.000e-06
1351,1.000e-06,1.000e-06,1.000e-06,1.000e-06,1.000e-06
1352,1.000e-06,1.000e-06,1.000e-06,1.000e-06,1.000e-06
1353,1.000e-06,1.000e-06,1.000e-06,1.000e-06,1.000e-06
1354,1.000e-06,1.000e-06,1.000e-06,1.000e-06,1.000e-06
1355,1.000e-06,1.000e-06,1.000e-06,1.000e-06,1.000e-06
1356,1.000e-06,1.000e-06,1.000e-06,1.000e-06,1.000e-06
1357,1.000e-06,1.000e-06,1.000e-06,1.000e-06,1.000e-06
1358,1.000e-06,1.000e-06,1.000e-06,1.000e-06,1.000e-06
1359,1.000e-06,1.000e-06,1.000e-06,1.000e-06,1.000e-06
1360,1.000e-06,1.000e-06,1.000e-06,1.000e-06,1.000e-06
1361,1.000e-06,1.000e-06,1.000e-06,1.000e-06,1.000e-06
1362,1.000e-06,1.000e-06,1.000e-06,1.000e-06,1.000e-06
1363,1.000e-06,1.000e-06,1.000e-06,1.000e-06,1.000e-06
1364,1.000e-06,1.000e-06,1.000e-06,1.000e-06,1.000e-06
1365,1.000e-06,1.000e-06,1.000e-06,1.000e-06,1.000e-06
1366,1.000e-06,1.000e-06,1.000e-06,1.000e-06,1.000e-06
1367,1.000e-06,1.000e-06,1.000e-06,1.000e-06,1.000e-06
1368,1.000e-06,1.000e-06,1.000e-06,1.000e-06,1.000e-06
1369,1.000e-06,1.000e-06,1.000e-06,1.000e-06,1.000e-06
1370,1.000e-06,1.000e-06,1.000e-06,1.000e-06,1.000e-06
1371,1.000e-06,1.000e-06,1.000e-06,1.000e-06,1.000e-06
1372,1.000e-06,1.000e-06,1.000e-06,1.000e-06,1.000e-06
1373,1.000e-06,1.000e-06,1.000e-06,1.000e-06,1.000e-06
1374,1.000e-06,1.000e-06,1.000e-06,1.000e-06,1.000e-06
1375,1.000e-06,1.000e-06,1.000e-06,1.000e-06,1.000e-06
1376,1.000e-06,1.000e-06,1.000e-06,1.000e-06,1.000e-06
1377,1.000e-06,1.000e-06,1.000e-06,1.000e-06,1.000e-06
1378,1.000e-06,1.000e-06,1.000e-06,1.000e-06,1.000e-06
1379,1.000e-06,1.000e-06,1.000e-06,1.000e-06,1.000e-06
1380,1.000e-06,1.000e-06,1.000e-06,1.000e-06,1.000e-06
1381,1.000e-06,1.000e-06,1.000e-06,1.000e-06,1.000e-06
1382,1.000e-06,1.000e-06,1.000e-06,1.000e-06,1.000e-06
1383,1.000e-06,1.000e-06,1.000e-06,1.000e-06,1.000e-06
1384,1.000e-06,1.000e-06,1.000e-06,1.000e-06,1.000e-06
1385,1.000e-06,1.000e-06,1.000e-06,1.000e-06,1.000e-06
1386,1.000e-06,1.000e-06,1.000e-06,1.000e-06,1.000e-06
1387,1.000e-06,1.000e-06,1.000e-06,1.000e-06,1.000e-06
1388,1.000e-06,1.000e-06,1.000e-06,1.000e-06,1.000e-06
1389,1.000e-06,1.000e-06,1.000e-06,1.000e-06,1.000e-06
1390,1.000e-06,1.000e-06,1.000e-06,1.000e-06,1.000e-06
1391,1.000e-06,1.000e-06,1.000e-06,1.000e-06,1.000e-06
1392,1.000e-06,1.000e-06,1.000e-06,1.000e-06,1.000e-06
1393,1.000e-06,1.000e-06,1.000e-06,1.000e-06,1.000e-06
1394,1.000e-06,1.000e-06,1.000e-06,1.000e-06,1.000e-06
1395,1.000e-06,1.000e-06,1.000e-06,1.000e-06,1.000e-06
1396,1.000e-06,1.000e-06,1.000e-06,1.000e-06,1.000e-06
1397,1.000e-06,1.000e-06,1.000e-06,1.000e-06,1.000e-06
1398,1.000e-06,1.000e-06,1.000e-06,1.000e-06,1.000e-06
1399,1.000e-06,1.000e-06,1.000e-06,1.000e-06,1.000e-06
1400,1.000e-06,1.000e-06,1.000e-06,1.000e-06,1.000e-06
1401,1.000e-06,1.000e-06,1.000e-06,1.000e-06,1.000e-06
1402,1.000e-06,1.000e-06,1.000e-06,1.000e-06,1.000e-06
1403,1.000e-06,1.000e-06,1.000e-06,1.000e-06,1.000e-06
1404,1.000e-06,1.000e-06,1.000e-06,1.000e-06,1.000e-06
1405,1.000e-06,1.000e-06,1.000e-06,1.000e-06,1.000e-06
1406,1.000e-06,1.000e-06,1.000e-06,1.000e-06,1.000e-06
1407,1.000e-06,1.000e-06,1.000e-06,1.000e-06,1.000e-06
1408,1.000e-06,1.000e-06,1.000e-06,1.000e-06,1.000e-06
1409,1.000e-06,1.000e-06,1.000e-06,1.000e-06,1.000e-06
1410,1.000e-06,1.000e-06,1.000e-06,1.000e-06,1.000e-06
1411,1.000e-06,1.000e-06,1.000e-06,1.000e-06,1.000e-06
1412,1.000e-06,1.000e-06,1.000e-06,1.000e-06,1.000e-06
1413,1.000e-06,1.000e-06,1.000e-06,1.000e-06,1.000e-06
1414,1.000e-06,1.000e-06,1.000e-06,1.000e-06,1.000e-06
1415,1.000e-06,1.000e-06,1.000e-06,1.000e-06,1.000e-06
1416,1.000e-06,1.000e-06,1.000e-06,1.000e-06,1.000e-06
1417,1.000e-06,1.000e-06,1.000e-06,1.000e-06,1.000e-06
1418,1.000e-06,1.000e-06,1.000e-06,1.000e-06,1.000e-06
1419,1.000e-06,1.000e-06,1.000e-06,1.000e-06,1.000e-06
1420,1.000e-06,1.000e-06,1.000e-06,1.000e-06,1.000e-06
1421,1.000e-06,1.000e-06,1.000e-06,1.000e-06,1.000e-06
1422,1.000e-06,1.000e-06,1.000e-06,1.000e-06,1.000e-06
1423,1.000e-06,1.000e-06,1.000e-06,1.000e-06,1.000e-06
1424,1.000e-06,1.000e-06,1.000e-06,1.000e-06,1.000e-06
1425,1.000e-06,1.000e-06,1.000e-06,1.000e-06,1.000e-06
1426,1.000e-06,1.000e-06,1.000e-06,1.000e-06,1.000e-06
1427,1.000e-06,1.000e-06,1.000e-06,1.000e-06,1.000e-06
1428,1.000e-06,1.000e-06,1.000e-06,1.000e-06,1.000e-06
1429,1.000e-06,1.000e-06,1.000e-06,1.000e-06,1.000e-06
1430,1.000e-06,1.000e-06,1.000e-06,1.000e-06,1.000e-06
1431,1.000e-06,1.000e-06,1.000e-06,1.000e-06,1.000e-06
1432,1.000e-06,1.000e-06,1.000e-06,1.000e-06,1.000e-06
1433,1.000e-06,1.000e-06,1.000e-06,1.000e-06,1.000e-06
1434,1.000e-06,1.000e-06,1.000e-06,1.000e-06,1.000e-06
1435,1.000e-06,1.000e-06,1.000e-06,1.000e-06,1.000e-06
1436,1.000e-06,1.000e-06,1.000e-06,1.000e-06,1.000e-06
1437,1.000e-06,1.000e-06,1.000e-06,1.000e-06,1.000e-06
1438,1.000e-06,1.000e-06,1.000e-06,1.000e-06,1.000e-06
1439,1.000e-06,1.000e-06,1.000e-06,1.000e-06,1.000e-06
1440,1.000e-06,1.000e-06,1.000e-06,1.000e-06,1.000e-06
1441,1.000e-06,1.000e-06,1.000e-06,1.000e-06,1.000e-06
1442,1.000e-06,1.000e-06,1.000e-06,1.000e-06,1.000e-06
1443,1.000e-06,1.000e-06,1.000e-06,1.000e-06,1.000e-06
1444,1.000e-06,1.000e-06,1.000e-06,1.000e-06,1.000e-06
1445,1.000e-06,1.000e-06,1.000e-06,1.000e-06,1.000e-06
1446,1.000e-06,1.000e-06,1.000e-06,1.000e-06,1.000e-06
1447,1.000e-06,1.000e-06,1.000e-06,1.000e-06,1.000e-06
1448,1.000e-06,1.000e-06,1.000e-06,1.000e-06,1.000e-06
1449,1.000e-06,1.000e-06,1.000e-06,1.000e-06,1.000e-06
1450,1.000e-06,1.000e-06,1.000e-06,1.000e-06,1.000e-06
1451,1.000e-06,1.000e-06,1.000e-06,1.000e-06,1.000e-06
1452,1.000e-06,1.000e-06,1.000e-06,1.000e-06,1.000e-06
1453,1.000e-06,1.000e-06,1.000e-06,1.000e-06,1.000e-06
1454,1.000e-06,1.000e-06,1.000e-06,1.000e-06,1.000e-06
1455,1.000e-06,1.000e-06,1.000e-06,1.000e-06,1.000e-06
1456,1.000e-06,1.000e-06,1.000e-06,1.000e-06,1.000e-06
1457,1.000e-06,1.000e-06,1.000e-06,1.000e-06,1.000e-06
1458,1.000e-06,1.000e-06,1.000e-06,1.000e-06,1.000e-06
1459,1.000e-06,1.000e-06,1.000e-06,1.000e-06,1.000e-06
1460,1.000e-06,1.000e-06,1.000e-06,1.000e-06,1.000e-06
1461,1.000e-06,1.000e-06,1.000e-06,1.000e-06,1.000e-06
1462,1.000e-06,1.000e-06,1.000e-06,1.000e-06,1.000e-06
1463,1.000e-06,1.000e-06,1.000e-06,1.000e-06,1.000e-06
1464,1.000e-06,1.000e-06,1.000e-06,1.000e-06,1.000e-06
1465,1.000e-06,1.000e-06,1.000e-06,1.000e-06,1.000e-06
1466,1.000e-06,1.000e-06,1.000e-06,1.000e-06,1.000e-06
1467,1.000e-06,1.000e-06,1.000e-06,1.000e-06,1.000e-06
1468,1.000e-06,1.000e-06,1.000e-06,1.000e-06,1.000e-06
1469,1.000e-06,1.000e-06,1.000e-06,1.000e-06,1.000e-06
1470,1.000e-06,1.000e-06,1.000e-06,1.000e-06,1.000e-06
1471,1.000e-06,1.000e-06,1.000e-06,1.000e-06,1.000e-06
1472,1.000e-06,1.000e-06,1.000e-06,1.000e-06,1.000e-06
1473,1.000e-06,1.000e-06,1.000e-06,1.000e-06,1.000e-06
1474,1.000e-06,1.000e-06,1.000e-06,1.000e-06,1.000e-06
1475,1.000e-06,1.000e-06,1.000e-06,1.000e-06,1.000e-06
1476,1.000e-06,1.000e-06,1.000e-06,1.000e-06,1.000e-06
1477,1.000e-06,1.000e-06,1.000e-06,1.000e-06,1.000e-06
1478,1.000e-06,1.000e-06,1.000e-06,1.000e-06,1.000e-06
1479,1.000e-06,1.000e-06,1.000e-06,1.000e-06,1.000e-06
1480,1.000e-06,1.000e-06,1.000e-06,1.000e-06,1.000e-06
1481,1.000e-06,1.000e-06,1.000e-06,1.000e-06,1.000e-06
1482,1.000e-06,1.000e-06,1.000e-06,1.000e-06,1.000e-06
1483,1.000e-06,1.000e-06,1.000e-06,1.000e-06,1.000e-06
1484,1.000e-06,1.000e-06,1.000e-06,1.000e-06,1.000e-06
1485,1.000e-06,1.000e-06,1.000e-06,1.000e-06,1.000e-06
1486,1.000e-06,1.000e-06,1.000e-06,1.000e-06,1.000e-06
1487,1.000e-06,1.000e-06,1.000e-06,1.000e-06,1.000e-06
1488,1.000e-06,1.000e-06,1.000e-06,1.000e-06,1.000e-06
1489,1.000e-06,1.000e-06,1.000e-06,1.000e-06,1.000e-06
1490,1.000e-06,1.000e-06,1.000e-06,1.000e-06,1.000e-06
1491,1.000e-06,1.000e-06,1.000e-06,1.000e-06,1.000e-06
1492,1.000e-06,1.000e-06,1.000e-06,1.000e-06,1.000e-06
1493,1.000e-06,1.000e-06,1.000e-06,1.000e-06,1.000e-06
1494,1.000e-06,1.000e-06,1.000e-06,1.000e-06,1.000e-06
1495,1.000e-06,1.000e-06,1.000e-06,1.000e-06,1.000e-06
1496,1.000e-06,1.000e-06,1.000e-06,1.000e-06,1.000e-06
1497,1.000e-06,1.000e-06,1.000e-06,1.000e-06,1.000e-06
1498,1.000e-06,1.000e-06,1.000e-06,1.000e-06,1.000e-06
1499,1.000e-06,1.000e-06,1.000e-06,1.000e-06,1.000e-06
1500,1.000e-06,1.000e-06,1.000e-06,1.000e-06,1.000e-06
1501,1.000e-06,1.000e-06,1.000e-06,1.000e-06,1.000e-06
1502,1.000e-06,1.000e-06,1.000e-06,1.000e-06,1.000e-06
1503,1.000e-06,1.000e-06,1.000e-06,1.000e-06,1.000e-06
1504,1.000e-06,1.000e-06,1.000e-06,1.000e-06,1.000e-06
1505,1.000e-06,1.000e-06,1.000e-06,1.000e-06,1.000e-06
1506,1.000e-06,1.000e-06,1.000e-06,1.000e-06,1.000e-06
1507,1.000e-06,1.000e-06,1.000e-06,1.000e-06,1.000e-06
1508,1.000e-06,1.000e-06,1.000e-06,1.000e-06,1.000e-06
1509,1.000e-06,1.000e-06,1.000e-06,1.000e-06,1.000e-06
1510,1.000e-06,1.000e-06,1.000e-06,1.000e-06,1.000e-06
1511,1.000e-06,1.000e-06,1.000e-06,1.000e-06,1.000e-06
1512,1.000e-06,1.000e-06,1.000e-06,1.000e-06,1.000e-06
1513,1.000e-06,1.000e-06,1.000e-06,1.000e-06,1.000e-06
1514,1.000e-06,1.000e-06,1.000e-06,1.000e-06,1.000e-06
1515,1.000e-06,1.000e-06,1.000e-06,1.000e-06,1.000e-06
1516,1.000e-06,1.000e-06,1.000e-06,1.000e-06,1.000e-06
1517,1.000e-06,1.000e-06,1.000e-06,1.000e-06,1.000e-06
1518,1.000e-06,1.000e-06,1.000e-06,1.000e-06,1.000e-06
1519,1.000e-06,1.000e-06,1.000e-06,1.000e-06,1.000e-06
1520,1.000e-06,1.000e-06,1.000e-06,1.000e-06,1.000e-06
1521,1.000e-06,1.000e-06,1.000e-06,1.000e-06,1.000e-06
1522,1.000e-06,1.000e-06,1.000e-06,1.000e-06,1.000e-06
1523,1.000e-06,1.000e-06,1.000e-06,1.000e-06,1.000e-06
1524,1.000e-06,1.000e-06,1.000e-06,1.000e-06,1.000e-06
1525,1.000e-06,1.000e-06,1.000e-06,1.000e-06,1.000e-06
1526,1.000e-06,1.000e-06,1.000e-06,1.000e-06,1.000e-06
1527,1.000e-06,1.000e-06,1.000e-06,1.000e-06,1.000e-06
1528,1.000e-06,1.000e-06,1.000e-06,1.000e-06,1.000e-06
1529,1.000e-06,1.000e-06,1.000e-06,1.000e-06,1.000e-06
1530,1.000e-06,1.000e-06,1.000e-06,1.000e-06,1.000e-06
1531,1.000e-06,1.000e-06,1.000e-06,1.000e-06,1.000e-06
1532,1.000e-06,1.000e-06,1.000e-06,1.000e-06,1.000e-06
1533,1.000e-06,1.000e-06,1.000e-06,1.000e-06,1.000e-06
1534,1.000e-06,1.000e-06,1.000e-06,1.000e-06,1.000e-06
1535,1.000e-06,1.000e-06,1.000e-06,1.000e-06,1.000e-06
1536,1.000e-06,1.000e-06,1.000e-06,1.000e-06,1.000e-06
1537,1.000e-06,1.000e-06,1.000e-06,1.000e-06,1.000e-06
1538,1.000e-06,1.000e-06,1.000e-06,1.000e-06,1.000e-06
1539,1.000e-06,1.000e-06,1.000e-06,1.000e-06,1.000e-06
1540,1.000e-06,1.000e-06,1.000e-06,1.000e-06,1.000e-06
1541,1.000e-06,1.000e-06,1.000e-06,1.000e-06,1.000e-06
1542,1.000e-06,1.000e-06,1.000e-06,1.000e-06,1.000e-06
1543,1.000e-06,1.000e-06,1.000e-06,1.000e-06,1.000e-06
1544,1.000e-06,1.000e-06,1.000e-06,1.000e-06,1.000e-06
1545,1.000e-06,1.000e-06,1.000e-06,1.000e-06,1.000e-06
1546,1.000e-06,1.000e-06,1.000e-06,1.000e-06,1.000e-06
1547,1.000e-06,1.000e-06,1.000e-06,1.000e-06,1.000e-06
1548,1.000e-06,1.000e-06,1.000e-06,1.000e-06,1.000e-06
1549,1.000e-06,1.000e-06,1.000e-06,1.000e-06,1.000e-06
1550,1.000e-06,1.000e-06,1.000e-06,1.000e-06,1.000e-06
1551,1.000e-06,1.000e-06,1.000e-06,1.000e-06,1.000e-06
1552,1.000e-06,1.000e-06,1.000e-06,1.000e-06,1.000e-06
1553,1.000e-06,1.000e-06,1.000e-06,1.000e-06,1.000e-06
1554,1.000e-06,1.000e-06,1.000e-06,1.000e-06,1.000e-06
1555,1.000e-06,1.000e-06,1.000e-06,1.000e-06,1.000e-06
1556,1.000e-06,1.000e-06,1.000e-06,1.000e-06,1.000e-06
1557,1.000e-06,1.000e-06,1.000e-06,1.000e-06,1.000e-06
1558,1.000e-06,1.000e-06,1.000e-06,1.000e-06,1.000e-06
1559,1.000e-06,1.000e-06,1.000e-06,1.000e-06,1.000e-06
1560,1.000e-06,1.000e-06,1.000e-06,1.000e-06,1.000e-06
1561,1.000e-06,1.000e-06,1.000e-06,1.000e-06,1.000e-06
1562,1.000e-06,1.000e-06,1.000e-06,1.000e-06,1.000e-06
1563,1.000e-06,1.000e-06,1.000e-06,1.000e-06,1.000e-06
1564,1.000e-06,1.000e-06,1.000e-06,1.000e-06,1.000e-06
1565,1.000e-06,1.000e-06,1.000e-06,1.000e-06,1.000e-06
1566,1.000e-06,1.000e-06,1.000e-06,1.000e-06,1.000e-06
1567,1.000e-06,1.000e-06,1.000e-06,1.000e-06,1.000e-06
1568,1.000e-06,1.000e-06,1.000e-06,1.000e-06,1.000e-06
1569,1.000e-06,1.000e-06,1.000e-06,1.000e-06,1.000e-06
1570,1.000e-06,1.000e-06,1.000e-06,1.000e-06,1.000e-06
1571,1.000e-06,1.000e-06,1.000e-06,1.000e-06,1.000e-06
1572,1.000e-06,1.000e-06,1.000e-06,1.000e-06,1.000e-06
1573,1.000e-06,1.000e-06,1.000e-06,1.000e-06,1.000e-06
1574,1.000e-06,1.000e-06,1.000e-06,1.000e-06,1.000e-06
1575,1.000e-06,1.000e-06,1.000e-06,1.000e-06,1.000e-06
1576,1.000e-06,1.000e-06,1.000e-06,1.000e-06,1.000e-06
1577,1.000e-06,1.000e-06,1.000e-06,1.000e-06,1.000e-06
1578,1.000e-06,1.000e-06,1.000e-06,1.000e-06,1.000e-06
1579,1.000e-06,1.000e-06,1.000e-06,1.000e-06,1.000e-06
1580,1.000e-06,1.000e-06,1.000e-06,1.000e-06,1.000e-06
1581,1.000e-06,1.000e-06,1.000e-06,1.000e-06,1.000e-06
1582,1.000e-06,1.000e-06,1.000e-06,1.000e-06,1.000e-06
1583,1.000e-06,1.000e-06,1.000e-06,1.000e-06,1.000e-06
1584,1.000e-06,1.000e-06,1.000e-06,1.000e-06,1.000e-06
1585,1.000e-06,1.000e-06,1.000e-06,1.000e-06,1.000e-06
1586,1.000e-06,1.000e-06,1.000e-06,1.000e-06,1.000e-06
1587,1.000e-06,1.000e-06,1.000e-06,1.000e-06,1.000e-06
1588,1.000e-06,1.000e-06,1.000e-06,1.000e-06,1.000e-06
1589,1.000e-06,1.000e-06,1.000e-06,1.000e-06,1.000e-06
1590,1.000e-06,1.000e-06,1.000e-06,1.000e-06,1.000e-06
1591,1.000e-06,1.000e-06,1.000e-06,1.000e-06,1.000e-06
1592,1.000e-06,1.000e-06,1.000e-06,1.000e-06,1.000e-06
1593,1.000e-06,1.000e-06,1.000e-06,1.000e-06,1.000e-06
1594,1.000e-06,1.000e-06,1.000e-06,1.000e-06,1.000e-06
1595,1.000e-06,1.000e-06,1.000e-06,1.000e-06,1.000e-06
1596,1.000e-06,1.000e-06,1.000e-06,1.000e-06,1.000e-06
1597,1.000e-06,1.000e-06,1.000e-06,1.000e-06,1.000e-06
1598,1.000e-06,1.000e-06,1.000e-06,1.000e-06,1.000e-06
1599,1.000e-06,1.000e-06,1.000e-06,1.000e-06,1.000e-06
1600,1.000e-06,1.000e-06,1.000e-06,1.000e-06,1.000e-06
1601,1.000e-06,1.000e-06,1.000e-06,1.000e-06,1.000e-06
1602,1.000e-06,1.000e-06,1.000e-06,1.000e-06,1.000e-06
1603,1.000e-06,1.000e-06,1.000e-06,1.000e-06,1.000e-06
1604,1.000e-06,1.000e-06,1.000e-06,1.000e-06,1.000e-06
1605,1.000e-06,1.000e-06,1.000e-06,1.000e-06,1.000e-06
1606,1.000e-06,1.000e-06,1.000e-06,1.000e-06,1.000e-06
1607,1.000e-06,1.000e-06,1.000e-06,1.000e-06,1.000e-06
1608,1.000e-06,1.000e-06,1.000e-06,1.000e-06,1.000e-06
1609,1.000e-06,1.000e-06,1.000e-06,1.000e-06,1.000e-06
1610,1.000e-06,1.000e-06,1.000e-06,1.000e-06,1.000e-06
1611,1.000e-06,1.000e-06,1.000e-06,1.000e-06,1.000e-06
1612,1.000e-06,1.000e-06,1.000e-06,1.000e-06,1.000e-06
1613,1.000e-06,1.000e-06,1.000e-06,1.000e-06,1.000e-06
1614,1.000e-06,1.000e-06,1.000e-06,1.000e-06,1.000e-06
1615,1.000e-06,1.000e-06,1.000e-06,1.000e-06,1.000e-06
1616,1.000e-06,1.000e-06,1.000e-06,1.000e-06,1.000e-06
1617,1.000e-06,1.000e-06,1.000e-06,1.000e-06,1.000e-06
1618,1.000e-06,1.000e-06,1.000e-06,1.000e-06,1.000e-06
1619,1.000e-06,1.000e-06,1.000e-06,1.000e-06,1.000e-06
1620,1.000e-06,1.000e-06,1.000e-06,1.000e-06,1.000e-06
1621,1.000e-06,1.000e-06,1.000e-06,1.000e-06,1.000e-06
1622,1.000e-06,1.000e-06,1.000e-06,1.000e-06,1.000e-06
1623,1.000e-06,1.000e-06,1.000e-06,1.000e-06,1.000e-06
1624,1.000e-06,1.000e-06,1.000e-06,1.000e-06,1.000e-06
1625,1.000e-06,1.000e-06,1.000e-06,1.000e-06,1.000e-06
1626,1.000e-06,1.000e-06,1.000e-06,1.000e-06,1.000e-06
1627,1.000e-06,1.000e-06,1.000e-06,1.000e-06,1.000e-06
1628,1.000e-06,1.000e-06,1.000e-06,1.000e-06,1.000e-06
1629,1.000e-06,1.000e-06,1.000e-06,1.000e-06,1.000e-06
1630,1.000e-06,1.000e-06,1.000e-06,1.000e-06,1.000e-06
1631,1.000e-06,1.000e-06,1.000e-06,1.000e-06,1.000e-06
1632,1.000e-06,1.000e-06,1.000e-06,1.000e-06,1.000e-06
1633,1.000e-06,1.000e-06,1.000e-06,1.000e-06,1.000e-06
1634,1.000e-06,1.000e-06,1.000e-06,1.000e-06,1.000e-06
1635,1.000e-06,1.000e-06,1.000e-06,1.000e-06,1.000e-06
1636,1.000e-06,1.000e-06,1.000e-06,1.000e-06,1.000e-06
1637,1.000e-06,1.000e-06,1.000e-06,1.000e-06,1.000e-06
1638,1.000e-06,1.000e-06,1.000e-06,1.000e-06,1.000e-06
1639,1.000e-06,1.000e-06,1.000e-06,1.000e-06,1.000e-06
1640,1.000e-06,1.000e-06,1.000e-06,1.000e-06,1.000e-06
1641,1.000e-06,1.000e-06,1.000e-06,1.000e-06,1.000e-06
1642,1.000e-06,1.000e-06,1.000e-06,1.000e-06,1.000e-06
1643,1.000e-06,1.000e-06,1.000e-06,1.000e-06,1.000e-06
1644,1.000e-06,1.000e-06,1.000e-06,1.000e-06,1.000e-06
1645,1.000e-06,1.000e-06,1.000e-06,1.000e-06,1.000e-06
1646,1.000e-06,1.000e-06,1.000e-06,1.000e-06,1.000e-06
1647,1.000e-06,1.000e-06,1.000e-06,1.000e-06,1.000e-06
1648,1.000e-06,1.000e-06,1.000e-06,1.000e-06,1.000e-06
1649,1.000e-06,1.000e-06,1.000e-06,1.000e-06,1.000e-06
1650,1.000e-06,1.000e-06,1.000e-06,1.000e-06,1.000e-06
1651,1.000e-06,1.000e-06,1.000e-06,1.000e-06,1.000e-06
1652,1.000e-06,1.000e-06,1.000e-06,1.000e-06,1.000e-06
1653,1.000e-06,1.000e-06,1.000e-06,1.000e-06,1.000e-06
1654,1.000e-06,1.000e-06,1.000e-06,1.000e-06,1.000e-06
1655,1.000e-06,1.000e-06,1.000e-06,1.000e-06,1.000e-06
1656,1.000e-06,1.000e-06,1.000e-06,1.000e-06,1.000e-06
1657,1.000e-06,1.000e-06,1.000e-06,1.000e-06,1.000e-06
1658,1.000e-06,1.000e-06,1.000e-06,1.000e-06,1.000e-06
1659,1.000e-06,1.000e-06,1.000e-06,1.000e-06,1.000e-06
1660,1.000e-06,1.000e-06,1.000e-06,1.000e-06,1.000e-06
1661,1.000e-06,1.000e-06,1.000e-06,1.000e-06,1.000e-06
1662,1.000e-06,1.000e-06,1.000e-06,1.000e-06,1.000e-06
1663,1.000e-06,1.000e-06,1.000e-06,1.000e-06,1.000e-06
1664,1.000e-06,1.000e-06,1.000e-06,1.000e-06,1.000e-06
1665,1.000e-06,1.000e-06,1.000e-06,1.000e-06,1.000e-06
1666,1.000e-06,1.000e-06,1.000e-06,1.000e-06,1.000e-06
1667,1.000e-06,1.000e-06,1.000e-06,1.000e-06,1.000e-06
1668,1.000e-06,1.000e-06,1.000e-06,1.000e-06,1.000e-06
1669,1.000e-06,1.000e-06,1.000e-06,1.000e-06,1.000e-06
1670,1.000e-06,1.000e-06,1.000e-06,1.000e-06,1.000e-06
1671,1.000e-06,1.000e-06,1.000e-06,1.000e-06,1.000e-06
1672,1.000e-06,1.000e-06,1.000e-06,1.000e-06,1.000e-06
1673,1.000e-06,1.000e-06,1.000e-06,1.000e-06,1.000e-06
1674,1.000e-06,1.000e-06,1.000e-06,1.000e-06,1.000e-06
1675,1.000e-06,1.000e-06,1.000e-06,1.000e-06,1.000e-06
1676,1.000e-06,1.000e-06,1.000e-06,1.000e-06,1.000e-06
1677,1.000e-06,1.000e-06,1.000e-06,1.000e-06,1.000e-06
1678,1.000e-06,1.000e-06,1.000e-06,1.000e-06,1.000e-06
1679,1.000e-06,1.000e-06,1.000e-06,1.000e-06,1.000e-06
1680,1.000e-06,1.000e-06,1.000e-06,1.000e-06,1.000e-06
1681,1.000e-06,1.000e-06,1.000e-06,1.000e-06,1.000e-06
1682,1.000e-06,1.000e-06,1.000e-06,1.000e-06,1.000e-06
1683,1.000e-06,1.000e-06,1.000e-06,1.000e-06,1.000e-06
1684,1.000e-06,1.000e-06,1.000e-06,1.000e-06,1.000e-06
1685,1.000e-06,1.000e-06,1.000e-06,1.000e-06,1.000e-06
1686,1.000e-06,1.000e-06,1.000e-06,1.000e-06,1.000e-06
1687,1.000e-06,1.000e-06,1.000e-06,1.000e-06,1.000e-06
1688,1.000e-06,1.000e-06,1.000e-06,1.000e-06,1.000e-06
1689,1.000e-06,1.000e-06,1.000e-06,1.000e-06,1.000e-06
1690,1.000e-06,1.000e-06,1.000e-06,1.000e-06,1.000e-06
1691,1.000e-06,1.000e-06,1.000e-06,1.000e-06,1.000e-06
1692,1.000e-06,1.000e-06,1.000e-06,1.000e-06,1.000e-06
1693,1.000e-06,1.000e-06,1.000e-06,1.000e-06,1.000e-06
1694,1.000e-06,1.000e-06,1.000e-06,1.000e-06,1.000e-06
1695,1.000e-06,1.000e-06,1.000e-06,1.000e-06,1.000e-06
1696,1.000e-06,1.000e-06,1.000e-06,1.000e-06,1.000e-06
1697,1.000e-06,1.000e-06,1.000e-06,1.000e-06,1.000e-06
1698,1.000e-06,1.000e-06,1.000e-06,1.000e-06,1.000e-06
1699,1.000e-06,1.000e-06,1.000e-06,1.000e-06,1.000e-06
1700,1.000e-06,1.000e-06,1.000e-06,1.000e-06,1.000e-06
1701,1.000e-06,1.000e-06,1.000e-06,1.000e-06,1.000e-06
1702,1.000e-06,1.000e-06,1.000e-06,1.000e-06,1.000e-06
1703,1.000e-06,1.000e-06,1.000e-06,1.000e-06,1.000e-06
1704,1.000e-06,1.000e-06,1.000e-06,1.000e-06,1.000e-06
1705,1.000e-06,1.000e-06,1.000e-06,1.000e-06,1.000e-06
1706,1.000e-06,1.000e-06,1.000e-06,1.000e-06,1.000e-06
1707,1.000e-06,1.000e-06,1.000e-06,1.000e-06,1.000e-06
1708,1.000e-06,1.000e-06,1.000e-06,1.000e-06,1.000e-06
1709,1.000e-06,1.000e-06,1.000e-06,1.000e-06,1.000e-06
1710,1.000e-06,1.000e-06,1.000e-06,1.000e-06,1.000e-06
1711,1.000e-06,1.000e-06,1.000e-06,1.000e-06,1.000e-06
1712,1.000e-06,1.000e-06,1.000e-06,1.000e-06,1.000e-06
1713,1.000e-06,1.000e-06,1.000e-06,1.000e-06,1.000e-06
1714,1.000e-06,1.000e-06,1.000e-06,1.000e-06,1.000e-06
1715,1.000e-06,1.000e-06,1.000e-06,1.000e-06,1.000e-06
1716,1.000e-06,1.000e-06,1.000e-06,1.000e-06,1.000e-06
1717,1.000e-06,1.000e-06,1.000e-06,1.000e-06,1.000e-06
1718,1.000e-06,1.000e-06,1.000e-06,1.000e-06,1.000e-06
1719,1.000e-06,1.000e-06,1.000e-06,1.000e-06,1.000e-06
1720,1.000e-06,1.000e-06,1.000e-06,1.000e-06,1.000e-06
1721,1.000e-06,1.000e-06,1.000e-06,1.000e-06,1.000e-06
1722,1.000e-06,1.000e-06,1.000e-06,1.000e-06,1.000e-06
1723,1.000e-06,1.000e-06,1.000e-06,1.000e-06,1.000e-06
1724,1.000e-06,1.000e-06,1.000e-06,1.000e-06,1.000e-06
1725,1.000e-06,1.000e-06,1.000e-06,1.000e-06,1.000e-06
1726,1.000e-06,1.000e-06,1.000e-06,1.000e-06,1.000e-06
1727,1.000e-06,1.000e-06,1.000e-06,1.000e-06,1.000e-06
1728,1.000e-06,1.000e-06,1.000e-06,1.000e-06,1.000e-06
1729,1.000e-06,1.000e-06,1.000e-06,1.000e-06,1.000e-06
1730,1.000e-06,1.000e-06,1.000e-06,1.000e-06,1.000e-06
1731,1.000e-06,1.000e-06,1.000e-06,1.000e-06,1.000e-06
1732,1.000e-06,1.000e-06,1.000e-06,1.000e-06,1.000e-06
1733,1.000e-06,1.000e-06,1.000e-06,1.000e-06,1.000e-06
1734,1.000e-06,1.000e-06,1.000e-06,1.000e-06,1.000e-06
1735,1.000e-06,1.000e-06,1.000e-06,1.000e-06,1.000e-06
1736,1.000e-06,1.000e-06,1.000e-06,1.000e-06,1.000e-06
1737,1.000e-06,1.000e-06,1.000e-06,1.000e-06,1.000e-06
1738,1.000e-06,1.000e-06,1.000e-06,1.000e-06,1.000e-06
1739,1.000e-06,1.000e-06,1.000e-06,1.000e-06,1.000e-06
1740,1.000e-06,1.000e-06,1.000e-06,1.000e-06,1.000e-06
1741,1.000e-06,1.000e-06,1.000e-06,1.000e-06,1.000e-06
1742,1.000e-06,1.000e-06,1.000e-06,1.000e-06,1.000e-06
1743,1.000e-06,1.000e-06,1.000e-06,1.000e-06,1.000e-06
1744,1.000e-06,1.000e-06,1.000e-06,1.000e-06,1.000e-06
1745,1.000e-06,1.000e-06,1.000e-06,1.000e-06,1.000e-06
1746,1.000e-06,1.000e-06,1.000e-06,1.000e-06,1.000e-06
1747,1.000e-06,1.000e-06,1.000e-06,1.000e-06,1.000e-06
1748,1.000e-06,1.000e-06,1.000e-06,1.000e-06,1.000e-06
1749,1.000e-06,1.000e-06,1.000e-06,1.000e-06,1.000e-06
1750,1.000e-06,1.000e-06,1.000e-06,1.000e-06,1.000e-06
1751,1.000e-06,1.000e-06,1.000e-06,1.000e-06,1.000e-06
1752,1.000e-06,1.000e-06,1.000e-06,1.000e-06,1.000e-06
1753,1.000e-06,1.000e-06,1.000e-06,1.000e-06,1.000e-06
1754,1.000e-06,1.000e-06,1.000e-06,1.000e-06,1.000e-06
1755,1.000e-06,1.000e-06,1.000e-06,1.000e-06,1.000e-06
1756,1.000e-06,1.000e-06,1.000e-06,1.000e-06,1.000e-06
1757,1.000e-06,1.000e-06,1.000e-06,1.000e-06,1.000e-06
1758,1.000e-06,1.000e-06,1.000e-06,1.000e-06,1.000e-06
1759,1.000e-06,1.000e-06,1.000e-06,1.000e-06,1.000e-06
1760,1.000e-06,1.000e-06,1.000e-06,1.000e-06,1.000e-06
1761,1.000e-06,1.000e-06,1.000e-06,1.000e-06,1.000e-06
1762,1.000e-06,1.000e-06,1.000e-06,1.000e-06,1.000e-06
1763,1.000e-06,1.000e-06,1.000e-06,1.000e-06,1.000e-06
1764,1.000e-06,1.000e-06,1.000e-06,1.000e-06,1.000e-06
1765,1.000e-06,1.000e-06,1.000e-06,1.000e-06,1.000e-06
1766,1.000e-06,1.000e-06,1.000e-06,1.000e-06,1.000e-06
1767,1.000e-06,1.000e-06,1.000e-06,1.000e-06,1.000e-06
1768,1.000e-06,1.000e-06,1.000e-06,1.000e-06,1.000e-06
1769,1.000e-06,1.000e-06,1.000e-06,1.000e-06,1.000e-06
1770,1.000e-06,1.000e-06,1.000e-06,1.000e-06,1.000e-06
1771,1.000e-06,1.000e-06,1.000e-06,1.000e-06,1.000e-06
1772,1.000e-06,1.000e-06,1.000e-06,1.000e-06,1.000e-06
1773,1.000e-06,1.000e-06,1.000e-06,1.000e-06,1.000e-06
1774,1.000e-06,1.000e-06,1.000e-06,1.000e-06,1.000e-06
1775,1.000e-06,1.000e-06,1.000e-06,1.000e-06,1.000e-06
1776,1.000e-06,1.000e-06,1.000e-06,1.000e-06,1.000e-06
1777,1.000e-06,1.000e-06,1.000e-06,1.000e-06,1.000e-06
1778,1.000e-06,1.000e-06,1.000e-06,1.000e-06,1.000e-06
1779,1.000e-06,1.000e-06,1.000e-06,1.000e-06,1.000e-06
1780,1.000e-06,1.000e-06,1.000e-06,1.000e-06,1.000e-06
1781,1.000e-06,1.000e-06,1.000e-06,1.000e-06,1.000e-06
1782,1.000e-06,1.000e-06,1.000e-06,1.000e-06,1.000e-06
1783,1.000e-06,1.000e-06,1.000e-06,1.000e-06,1.000e-06
1784,1.000e-06,1.000e-06,1.000e-06,1.000e-06,1.000e-06
1785,1.000e-06,1.000e-06,1.000e-06,1.000e-06,1.000e-06
1786,1.000e-06,1.000e-06,1.000e-06,1.000e-06,1.000e-06
1787,1.000e-06,1.000e-06,1.000e-06,1.000e-06,1.000e-06
1788,1.000e-06,1.000e-06,1.000e-06,1.000e-06,1.000e-06
1789,1.000e-06,1.000e-06,1.000e-06,1.000e-06,1.000e-06
1790,1.000e-06,1.000e-06,1.000e-06,1.000e-06,1.000e-06
1791,1.000e-06,1.000e-06,1.000e-06,1.000e-06,1.000e-06
1792,1.000e-06,1.000e-06,1.000e-06,1.000e-06,1.000e-06
1793,1.000e-06,1.000e-06,1.000e-06,1.000e-06,1.000e-06
1794,1.000e-06,1.000e-06,1.000e-06,1.000e-06,1.000e-06
1795,1.000e-06,1.000e-06,1.000e-06,1.000e-06,1.000e-06
1796,1.000e-06,1.000e-06,1.000e-06,1.000e-06,1.000e-06
1797,1.000e-06,1.000e-06,1.000e-06,1.000e-06,1.000e-06
1798,1.000e-06,1.000e-06,1.000e-06,1.000e-06,1.000e-06
1799,1.000e-06,1.000e-06,1.000e-06,1.000e-06,1.000e-06
1800,1.000e-06,1.000e-06,1.000e-06,1.000e-06,1.000e-06
1801,1.000e-06,1.000e-06,1.000e-06,1.000e-06,1.000e-06
1802,1.000e-06,1.000e-06,1.000e-06,1.000e-06,1.000e-06
1803,1.000e-06,1.000e-06,1.000e-06,1.000e-06,1.000e-06
1804,1.000e-06,1.000e-06,1.000e-06,1.000e-06,1.000e-06
1805,1.000e-06,1.000e-06,1.000e-06,1.000e-06,1.000e-06
1806,1.000e-06,1.000e-06,1.000e-06,1.000e-06,1.000e-06
1807,1.000e-06,1.000e-06,1.000e-06,1.000e-06,1.000e-06
1808,1.000e-06,1.000e-06,1.000e-06,1.000e-06,1.000e-06
1809,1.000e-06,1.000e-06,1.000e-06,1.000e-06,1.000e-06
1810,1.000e-06,1.000e-06,1.000e-06,1.000e-06,1.000e-06
1811,1.000e-06,1.000e-06,1.000e-06,1.000e-06,1.000e-06
1812,1.000e-06,1.000e-06,1.000e-06,1.000e-06,1.000e-06
1813,1.000e-06,1.000e-06,1.000e-06,1.000e-06,1.000e-06
1814,1.000e-06,1.000e-06,1.000e-06,1.000e-06,1.000e-06
1815,1.000e-06,1.000e-06,1.000e-06,1.000e-06,1.000e-06
1816,1.000e-06,1.000e-06,1.000e-06,1.000e-06,1.000e-06
1817,1.000e-06,1.000e-06,1.000e-06,1.000e-06,1.000e-06
1818,1.000e-06,1.000e-06,1.000e-06,1.000e-06,1.000e-06
1819,1.000e-06,1.000e-06,1.000e-06,1.000e-06,1.000e-06
1820,1.000e-06,1.000e-06,1.000e-06,1.000e-06,1.000e-06
1821,1.000e-06,1.000e-06,1.000e-06,1.000e-06,1.000e-06
1822,1.000e-06,1.000e-06,1.000e-06,1.000e-06,1.000e-06
1823,1.000e-06,1.000e-06,1.000e-06,1.000e-06,1.000e-06
1824,1.000e-06,1.000e-06,1.000e-06,1.000e-06,1.000e-06
1825,1.000e-06,1.000e-06,1.000e-06,1.000e-06,1.000e-06
1826,1.000e-06,1.000e-06,1.000e-06,1.000e-06,1.000e-06
1827,1.000e-06,1.000e-06,1.000e-06,1.000e-06,1.000e-06
1828,1.000e-06,1.000e-06,1.000e-06,1.000e-06,1.000e-06
1829,1.000e-06,1.000e-06,1.000e-06,1.000e-06,1.000e-06
1830,1.000e-06,1.000e-06,1.000e-06,1.000e-06,1.000e-06
1831,1.000e-06,1.000e-06,1.000e-06,1.000e-06,1.000e-06
1832,1.000e-06,1.000e-06,1.000e-06,1.000e-06,1.000e-06
1833,1.000e-06,1.000e-06,1.000e-06,1.000e-06,1.000e-06
1834,1.000e-06,1.000e-06,1.000e-06,1.000e-06,1.000e-06
1835,1.000e-06,1.000e-06,1.000e-06,1.000e-06,1.000e-06
1836,1.000e-06,1.000e-06,1.000e-06,1.000e-06,1.000e-06
1837,1.000e-06,1.000e-06,1.000e-06,1.000e-06,1.000e-06
1838,1.000e-06,1.000e-06,1.000e-06,1.000e-06,1.000e-06
1839,1.000e-06,1.000e-06,1.000e-06,1.000e-06,1.000e-06
1840,1.000e-06,1.000e-06,1.000e-06,1.000e-06,1.000e-06
1841,1.000e-06,1.000e-06,1.000e-06,1.000e-06,1.000e-06
1842,1.000e-06,1.000e-06,1.000e-06,1.000e-06,1.000e-06
1843,1.000e-06,1.000e-06,1.000e-06,1.000e-06,1.000e-06
1844,1.000e-06,1.000e-06,1.000e-06,1.000e-06,1.000e-06
1845,1.000e-06,1.000e-06,1.000e-06,1.000e-06,1.000e-06
1846,1.000e-06,1.000e-06,1.000e-06,1.000e-06,1.000e-06
1847,1.000e-06,1.000e-06,1.000e-06,1.000e-06,1.000e-06
1848,1.000e-06,1.000e-06,1.000e-06,1.000e-06,1.000e-06
1849,1.000e-06,1.000e-06,1.000e-06,1.000e-06,1.000e-06
1850,1.000e-06,1.000e-06,1.000e-06,1.000e-06,1.000e-06
1851,1.000e-06,1.000e-06,1.000e-06,1.000e-06,1.000e-06
1852,1.000e-06,1.000e-06,1.000e-06,1.000e-06,1.000e-06
1853,1.000e-06,1.000e-06,1.000e-06,1.000e-06,1.000e-06
1854,1.000e-06,1.000e-06,1.000e-06,1.000e-06,1.000e-06
1855,1.000e-06,1.000e-06,1.000e-06,1.000e-06,1.000e-06
1856,1.000e-06,1.000e-06,1.000e-06,1.000e-06,1.000e-06
1857,1.000e-06,1.000e-06,1.000e-06,1.000e-06,1.000e-06
1858,1.000e-06,1.000e-06,1.000e-06,1.000e-06,1.000e-06
1859,1.000e-06,1.000e-06,1.000e-06,1.000e-06,1.000e-06
1860,1.000e-06,1.000e-06,1.000e-06,1.000e-06,1.000e-06
1861,1.000e-06,1.000e-06,1.000e-06,1.000e-06,1.000e-06
1862,1.000e-06,1.000e-06,1.000e-06,1.000e-06,1.000e-06
1863,1.000e-06,1.000e-06,1.000e-06,1.000e-06,1.000e-06
1864,1.000e-06,1.000e-06,1.000e-06,1.000e-06,1.000e-06
1865,1.000e-06,1.000e-06,1.000e-06,1.000e-06,1.000e-06
1866,1.000e-06,1.000e-06,1.000e-06,1.000e-06,1.000e-06
1867,1.000e-06,1.000e-06,1.000e-06,1.000e-06,1.000e-06
1868,1.000e-06,1.000e-06,1.000e-06,1.000e-06,1.000e-06
1869,1.000e-06,1.000e-06,1.000e-06,1.000e-06,1.000e-06
1870,1.000e-06,1.000e-06,1.000e-06,1.000e-06,1.000e-06
1871,1.000e-06,1.000e-06,1.000e-06,1.000e-06,1.000e-06
1872,1.000e-06,1.000e-06,1.000e-06,1.000e-06,1.000e-06
1873,1.000e-06,1.000e-06,1.000e-06,1.000e-06,1.000e-06
1874,1.000e-06,1.000e-06,1.000e-06,1.000e-06,1.000e-06
1875,1.000e-06,1.000e-06,1.000e-06,1.000e-06,1.000e-06
1876,1.000e-06,1.000e-06,1.000e-06,1.000e-06,1.000e-06
1877,1.000e-06,1.000e-06,1.000e-06,1.000e-06,1.000e-06
1878,1.000e-06,1.000e-06,1.000e-06,1.000e-06,1.000e-06
1879,1.000e-06,1.000e-06,1.000e-06,1.000e-06,1.000e-06
1880,1.000e-06,1.000e-06,1.000e-06,1.000e-06,1.000e-06
1881,1.000e-06,1.000e-06,1.000e-06,1.000e-06,1.000e-06
1882,1.000e-06,1.000e-06,1.000e-06,1.000e-06,1.000e-06
1883,1.000e-06,1.000e-06,1.000e-06,1.000e-06,1.000e-06
1884,1.000e-06,1.000e-06,1.000e-06,1.000e-06,1.000e-06
1885,1.000e-06,1.000e-06,1.000e-06,1.000e-06,1.000e-06
1886,1.000e-06,1.000e-06,1.000e-06,1.000e-06,1.000e-06
1887,1.000e-06,1.000e-06,1.000e-06,1.000e-06,1.000e-06
1888,1.000e-06,1.000e-06,1.000e-06,1.000e-06,1.000e-06
1889,1.000e-06,1.000e-06,1.000e-06,1.000e-06,1.000e-06
1890,1.000e-06,1.000e-06,1.000e-06,1.000e-06,1.000e-06
1891,1.000e-06,1.000e-06,1.000e-06,1.000e-06,1.000e-06
1892,1.000e-06,1.000e-06,1.000e-06,1.000e-06,1.000e-06
1893,1.000e-06,1.000e-06,1.000e-06,1.000e-06,1.000e-06
1894,1.000e-06,1.000e-06,1.000e-06,1.000e-06,1.000e-06
1895,1.000e-06,1.000e-06,1.000e-06,1.000e-06,1.000e-06
1896,1.000e-06,1.000e-06,1.000e-06,1.000e-06,1.000e-06
1897,1.000e-06,1.000e-06,1.000e-06,1.000e-06,1.000e-06
1898,1.000e-06,1.000e-06,1.000e-06,1.000e-06,1.000e-06
1899,1.000e-06,1.000e-06,1.000e-06,1.000e-06,1.000e-06
1900,1.000e-06,1.000e-06,1.000e-06,1.000e-06,1.000e-06
1901,1.000e-06,1.000e-06,1.000e-06,1.000e-06,1.000e-06
1902,1.000e-06,1.000e-06,1.000e-06,1.000e-06,1.000e-06
1903,1.000e-06,1.000e-06,1.000e-06,1.000e-06,1.000e-06
1904,1.000e-06,1.000e-06,1.000e-06,1.000e-06,1.000e-06
1905,1.000e-06,1.000e-06,1.000e-06,1.000e-06,1.000e-06
1906,1.000e-06,1.000e-06,1.000e-06,1.000e-06,1.000e-06
1907,1.000e-06,1.000e-06,1.000e-06,1.000e-06,1.000e-06
1908,1.000e-06,1.000e-06,1.000e-06,1.000e-06,1.000e-06
1909,1.000e-06,1.000e-06,1.000e-06,1.000e-06,1.000e-06
1910,1.000e-06,1.000e-06,1.000e-06,1.000e-06,1.000e-06
1911,1.000e-06,1.000e-06,1.000e-06,1.000e-06,1.000e-06
1912,1.000e-06,1.000e-06,1.000e-06,1.000e-06,1.000e-06
1913,1.000e-06,1.000e-06,1.000e-06,1.000e-06,1.000e-06
1914,1.000e-06,1.000e-06,1.000e-06,1.000e-06,1.000e-06
1915,1.000e-06,1.000e-06,1.000e-06,1.000e-06,1.000e-06
1916,1.000e-06,1.000e-06,1.000e-06,1.000e-06,1.000e-06
1917,1.000e-06,1.000e-06,1.000e-06,1.000e-06,1.000e-06
1918,1.000e-06,1.000e-06,1.000e-06,1.000e-06,1.000e-06
1919,1.000e-06,1.000e-06,1.000e-06,1.000e-06,1.000e-06
1920,1.000e-06,1.000e-06,1.000e-06,1.000e-06,1.000e-06
1921,1.000e-06,1.000e-06,1.000e-06,1.000e-06,1.000e-06
1922,1.000e-06,1.000e-06,1.000e-06,1.000e-06,1.000e-06
1923,1.000e-06,1.000e-06,1.000e-06,1.000e-06,1.000e-06
1924,1.000e-06,1.000e-06,1.000e-06,1.000e-06,1.000e-06
1925,1.000e-06,1.000e-06,1.000e-06,1.000e-06,1.000e-06
1926,1.000e-06,1.000e-06,1.000e-06,1.000e-06,1.000e-06
1927,1.000e-06,1.000e-06,1.000e-06,1.000e-06,1.000e-06
1928,1.000e-06,1.000e-06,1.000e-06,1.000e-06,1.000e-06
1929,1.000e-06,1.000e-06,1.000e-06,1.000e-06,1.000e-06
1930,1.000e-06,1.000e-06,1.000e-06,1.000e-06,1.000e-06
1931,1.000e-06,1.000e-06,1.000e-06,1.000e-06,1.000e-06
1932,1.000e-06,1.000e-06,1.000e-06,1.000e-06,1.000e-06
1933,1.000e-06,1.000e-06,1.000e-06,1.000e-06,1.000e-06
1934,1.000e-06,1.000e-06,1.000e-06,1.000e-06,1.000e-06
1935,1.000e-06,1.000e-06,1.000e-06,1.000e-06,1.000e-06
1936,1.000e-06,1.000e-06,1.000e-06,1.000e-06,1.000e-06
1937,1.000e-06,1.000e-06,1.000e-06,1.000e-06,1.000e-06
1938,1.000e-06,1.000e-06,1.000e-06,1.000e-06,1.000e-06
1939,1.000e-06,1.000e-06,1.000e-06,1.000e-06,1.000e-06
1940,1.000e-06,1.000e-06,1.000e-06,1.000e-06,1.000e-06
1941,1.000e-06,1.000e-06,1.000e-06,1.000e-06,1.000e-06
1942,1.000e-06,1.000e-06,1.000e-06,1.000e-06,1.000e-06
1943,1.000e-06,1.000e-06,1.000e-06,1.000e-06,1.000e-06
1944,1.000e-06,1.000e-06,1.000e-06,1.000e-06,1.000e-06
1945,1.000e-06,1.000e-06,1.000e-06,1.000e-06,1.000e-06
1946,1.000e-06,1.000e-06,1.000e-06,1.000e-06,1.000e-06
1947,1.000e-06,1.000e-06,1.000e-06,1.000e-06,1.000e-06
1948,1.000e-06,1.000e-06,1.000e-06,1.000e-06,1.000e-06
1949,1.000e-06,1.000e-06,1.000e-06,1.000e-06,1.000e-06
1950,1.000e-06,1.000e-06,1.000e-06,1.000e-06,1.000e-06
1951,1.000e-06,1.000e-06,1.000e-06,1.000e-06,1.000e-06
1952,1.000e-06,1.000e-06,1.000e-06,1.000e-06,1.000e-06
1953,1.000e-06,1.000e-06,1.000e-06,1.000e-06,1.000e-06
1954,1.000e-06,1.000e-06,1.000e-06,1.000e-06,1.000e-06
1955,1.000e-06,1.000e-06,1.000e-06,1.000e-06,1.000e-06
1956,1.000e-06,1.000e-06,1.000e-06,1.000e-06,1.000e-06
1957,1.000e-06,1.000e-06,1.000e-06,1.000e-06,1.000e-06
1958,1.000e-06,1.000e-06,1.000e-06,1.000e-06,1.000e-06
1959,1.000e-06,1.000e-06,1.000e-06,1.000e-06,1.000e-06
1960,1.000e-06,1.000e-06,1.000e-06,1.000e-06,1.000e-06
1961,1.000e-06,1.000e-06,1.000e-06,1.000e-06,1.000e-06
1962,1.000e-06,1.000e-06,1.000e-06,1.000e-06,1.000e-06
1963,1.000e-06,1.000e-06,1.000e-06,1.000e-06,1.000e-06
1964,1.000e-06,1.000e-06,1.000e-06,1.000e-06,1.000e-06
1965,1.000e-06,1.000e-06,1.000e-06,1.000e-06,1.000e-06
1966,1.000e-06,1.000e-06,1.000e-06,1.000e-06,1.000e-06
1967,1.000e-06,1.000e-06,1.000e-06,1.000e-06,1.000e-06
1968,1.000e-06,1.000e-06,1.000e-06,1.000e-06,1.000e-06
1969,1.000e-06,1.000e-06,1.000e-06,1.000e-06,1.000e-06
1970,1.000e-06,1.000e-06,1.000e-06,1.000e-06,1.000e-06
1971,1.000e-06,1.000e-06,1.000e-06,1.000e-06,1.000e-06
1972,1.000e-06,1.000e-06,1.000e-06,1.000e-06,1.000e-06
1973,1.000e-06,1.000e-06,1.000e-06,1.000e-06,1.000e-06
1974,1.000e-06,1.000e-06,1.000e-06,1.000e-06,1.000e-06
1975,1.000e-06,1.000e-06,1.000e-06,1.000e-06,1.000e-06
1976,1.000e-06,1.000e-06,1.000e-06,1.000e-06,1.000e-06
1977,1.000e-06,1.000e-06,1.000e-06,1.000e-06,1.000e-06
1978,1.000e-06,1.000e-06,1.000e-06,1.000e-06,1.000e-06
1979,1.000e-06,1.000e-06,1.000e-06,1.000e-06,1.000e-06
1980,1.000e-06,1.000e-06,1.000e-06,1.000e-06,1.000e-06
1981,1.000e-06,1.000e-06,1.000e-06,1.000e-06,1.000e-06
1982,1.000e-06,1.000e-06,1.000e-06,1.000e-06,1.000e-06
1983,1.000e-06,1.000e-06,1.000e-06,1.000e-06,1.000e-06
1984,1.000e-06,1.000e-06,1.000e-06,1.000e-06,1.000e-06
1985,1.000e-06,1.000e-06,1.000e-06,1.000e-06,1.000e-06
1986,1.000e-06,1.000e-06,1.000e-06,1.000e-06,1.000e-06
1987,1.000e-06,1.000e-06,1.000e-06,1.000e-06,1.000e-06
1988,1.000e-06,1.000e-06,1.000e-06,1.000e-06,1.000e-06
1989,1.000e-06,1.000e-06,1.000e-06,1.000e-06,1.000e-06
1990,1.000e-06,1.000e-06,1.000e-06,1.000e-06,1.000e-06
1991,1.000e-06,1.000e-06,1.000e-06,1.000e-06,1.000e-06
1992,1.000e-06,1.000e-06,1.000e-06,1.000e-06,1.000e-06
1993,1.000e-06,1.000e-06,1.000e-06,1.000e-06,1.000e-06
1994,1.000e-06,1.000e-06,1.000e-06,1.000e-06,1.000e-06
1995,1.000e-06,1.000e-06,1.000e-06,1.000e-06,1.000e-06
1996,1.000e-06,1.000e-06,1.000e-06,1.000e-06,1.000e-06
1997,1.000e-06,1.000e-06,1.000e-06,1.000e-06,1.000e-06
1998,1.000e-06,1.000e-06,1.000e-06,1.000e-06,1.000e-06
1999,1.000e-06,1.000e-06,1.000e-06,1.000e-06,1.000e-06
2000,1.000e-06,1.000e-06,1.000e-06,1.000e-06,1.000e-06
