# AI-CFD-V2 Phase 0 mocked solver log
# WARNING: No real CFD solver was executed.
# Residuals below are synthetic placeholders.

Time = 1  residual(Ux)=9.876e-01  residual(Uy)=9.876e-01  residual(p)=9.876e-01  residual(k)=9.876e-01  residual(omega)=9.876e-01
Time = 2  residual(Ux)=9.753e-01  residual(Uy)=9.753e-01  residual(p)=9.753e-01  residual(k)=9.753e-01  residual(omega)=9.753e-01
Time = 3  residual(Ux)=9.632e-01  residual(Uy)=9.632e-01  residual(p)=9.632e-01  residual(k)=9.632e-01  residual(omega)=9.632e-01
Time = 4  residual(Ux)=9.512e-01  residual(Uy)=9.512e-01  residual(p)=9.512e-01  residual(k)=9.512e-01  residual(omega)=9.512e-01
Time = 5  residual(Ux)=9.394e-01  residual(Uy)=9.394e-01  residual(p)=9.394e-01  residual(k)=9.394e-01  residual(omega)=9.394e-01
Time = 6  residual(Ux)=9.277e-01  residual(Uy)=9.277e-01  residual(p)=9.277e-01  residual(k)=9.277e-01  residual(omega)=9.277e-01
Time = 7  residual(Ux)=9.162e-01  residual(Uy)=9.162e-01  residual(p)=9.162e-01  residual(k)=9.162e-01  residual(omega)=9.162e-01
Time = 8  residual(Ux)=9.048e-01  residual(Uy)=9.048e-01  residual(p)=9.048e-01  residual(k)=9.048e-01  residual(omega)=9.048e-01
Time = 9  residual(Ux)=8.936e-01  residual(Uy)=8.936e-01  residual(p)=8.936e-01  residual(k)=8.936e-01  residual(omega)=8.936e-01
Time = 10  residual(Ux)=8.825e-01  residual(Uy)=8.825e-01  residual(p)=8.825e-01  residual(k)=8.825e-01  residual(omega)=8.825e-01
Time = 11  residual(Ux)=8.715e-01  residual(Uy)=8.715e-01  residual(p)=8.715e-01  residual(k)=8.715e-01  residual(omega)=8.715e-01
Time = 12  residual(Ux)=8.607e-01  residual(Uy)=8.607e-01  residual(p)=8.607e-01  residual(k)=8.607e-01  residual(omega)=8.607e-01
Time = 13  residual(Ux)=8.500e-01  residual(Uy)=8.500e-01  residual(p)=8.500e-01  residual(k)=8.500e-01  residual(omega)=8.500e-01
Time = 14  residual(Ux)=8.395e-01  residual(Uy)=8.395e-01  residual(p)=8.395e-01  residual(k)=8.395e-01  residual(omega)=8.395e-01
Time = 15  residual(Ux)=8.290e-01  residual(Uy)=8.290e-01  residual(p)=8.290e-01  residual(k)=8.290e-01  residual(omega)=8.290e-01
Time = 16  residual(Ux)=8.187e-01  residual(Uy)=8.187e-01  residual(p)=8.187e-01  residual(k)=8.187e-01  residual(omega)=8.187e-01
Time = 17  residual(Ux)=8.086e-01  residual(Uy)=8.086e-01  residual(p)=8.086e-01  residual(k)=8.086e-01  residual(omega)=8.086e-01
Time = 18  residual(Ux)=7.985e-01  residual(Uy)=7.985e-01  residual(p)=7.985e-01  residual(k)=7.985e-01  residual(omega)=7.985e-01
Time = 19  residual(Ux)=7.886e-01  residual(Uy)=7.886e-01  residual(p)=7.886e-01  residual(k)=7.886e-01  residual(omega)=7.886e-01
Time = 20  residual(Ux)=7.788e-01  residual(Uy)=7.788e-01  residual(p)=7.788e-01  residual(k)=7.788e-01  residual(omega)=7.788e-01
Time = 21  residual(Ux)=7.691e-01  residual(Uy)=7.691e-01  residual(p)=7.691e-01  residual(k)=7.691e-01  residual(omega)=7.691e-01
Time = 22  residual(Ux)=7.596e-01  residual(Uy)=7.596e-01  residual(p)=7.596e-01  residual(k)=7.596e-01  residual(omega)=7.596e-01
Time = 23  residual(Ux)=7.501e-01  residual(Uy)=7.501e-01  residual(p)=7.501e-01  residual(k)=7.501e-01  residual(omega)=7.501e-01
Time = 24  residual(Ux)=7.408e-01  residual(Uy)=7.408e-01  residual(p)=7.408e-01  residual(k)=7.408e-01  residual(omega)=7.408e-01
Time = 25  residual(Ux)=7.316e-01  residual(Uy)=7.316e-01  residual(p)=7.316e-01  residual(k)=7.316e-01  residual(omega)=7.316e-01
Time = 26  residual(Ux)=7.225e-01  residual(Uy)=7.225e-01  residual(p)=7.225e-01  residual(k)=7.225e-01  residual(omega)=7.225e-01
Time = 27  residual(Ux)=7.136e-01  residual(Uy)=7.136e-01  residual(p)=7.136e-01  residual(k)=7.136e-01  residual(omega)=7.136e-01
Time = 28  residual(Ux)=7.047e-01  residual(Uy)=7.047e-01  residual(p)=7.047e-01  residual(k)=7.047e-01  residual(omega)=7.047e-01
Time = 29  residual(Ux)=6.959e-01  residual(Uy)=6.959e-01  residual(p)=6.959e-01  residual(k)=6.959e-01  residual(omega)=6.959e-01
Time = 30  residual(Ux)=6.873e-01  residual(Uy)=6.873e-01  residual(p)=6.873e-01  residual(k)=6.873e-01  residual(omega)=6.873e-01
Time = 31  residual(Ux)=6.788e-01  residual(Uy)=6.788e-01  residual(p)=6.788e-01  residual(k)=6.788e-01  residual(omega)=6.788e-01
Time = 32  residual(Ux)=6.703e-01  residual(Uy)=6.703e-01  residual(p)=6.703e-01  residual(k)=6.703e-01  residual(omega)=6.703e-01
Time = 33  residual(Ux)=6.620e-01  residual(Uy)=6.620e-01  residual(p)=6.620e-01  residual(k)=6.620e-01  residual(omega)=6.620e-01
Time = 34  residual(Ux)=6.538e-01  residual(Uy)=6.538e-01  residual(p)=6.538e-01  residual(k)=6.538e-01  residual(omega)=6.538e-01
Time = 35  residual(Ux)=6.456e-01  residual(Uy)=6.456e-01  residual(p)=6.456e-01  residual(k)=6.456e-01  residual(omega)=6.456e-01
Time = 36  residual(Ux)=6.376e-01  residual(Uy)=6.376e-01  residual(p)=6.376e-01  residual(k)=6.376e-01  residual(omega)=6.376e-01
Time = 37  residual(Ux)=6.297e-01  residual(Uy)=6.297e-01  residual(p)=6.297e-01  residual(k)=6.297e-01  residual(omega)=6.297e-01
Time = 38  residual(Ux)=6.219e-01  residual(Uy)=6.219e-01  residual(p)=6.219e-01  residual(k)=6.219e-01  residual(omega)=6.219e-01
Time = 39  residual(Ux)=6.142e-01  residual(Uy)=6.142e-01  residual(p)=6.142e-01  residual(k)=6.142e-01  residual(omega)=6.142e-01
Time = 40  residual(Ux)=6.065e-01  residual(Uy)=6.065e-01  residual(p)=6.065e-01  residual(k)=6.065e-01  residual(omega)=6.065e-01
Time = 41  residual(Ux)=5.990e-01  residual(Uy)=5.990e-01  residual(p)=5.990e-01  residual(k)=5.990e-01  residual(omega)=5.990e-01
Time = 42  residual(Ux)=5.916e-01  residual(Uy)=5.916e-01  residual(p)=5.916e-01  residual(k)=5.916e-01  residual(omega)=5.916e-01
Time = 43  residual(Ux)=5.842e-01  residual(Uy)=5.842e-01  residual(p)=5.842e-01  residual(k)=5.842e-01  residual(omega)=5.842e-01
Time = 44  residual(Ux)=5.769e-01  residual(Uy)=5.769e-01  residual(p)=5.769e-01  residual(k)=5.769e-01  residual(omega)=5.769e-01
Time = 45  residual(Ux)=5.698e-01  residual(Uy)=5.698e-01  residual(p)=5.698e-01  residual(k)=5.698e-01  residual(omega)=5.698e-01
Time = 46  residual(Ux)=5.627e-01  residual(Uy)=5.627e-01  residual(p)=5.627e-01  residual(k)=5.627e-01  residual(omega)=5.627e-01
Time = 47  residual(Ux)=5.557e-01  residual(Uy)=5.557e-01  residual(p)=5.557e-01  residual(k)=5.557e-01  residual(omega)=5.557e-01
Time = 48  residual(Ux)=5.488e-01  residual(Uy)=5.488e-01  residual(p)=5.488e-01  residual(k)=5.488e-01  residual(omega)=5.488e-01
Time = 49  residual(Ux)=5.420e-01  residual(Uy)=5.420e-01  residual(p)=5.420e-01  residual(k)=5.420e-01  residual(omega)=5.420e-01
Time = 50  residual(Ux)=5.353e-01  residual(Uy)=5.353e-01  residual(p)=5.353e-01  residual(k)=5.353e-01  residual(omega)=5.353e-01
Time = 51  residual(Ux)=5.286e-01  residual(Uy)=5.286e-01  residual(p)=5.286e-01  residual(k)=5.286e-01  residual(omega)=5.286e-01
Time = 52  residual(Ux)=5.220e-01  residual(Uy)=5.220e-01  residual(p)=5.220e-01  residual(k)=5.220e-01  residual(omega)=5.220e-01
Time = 53  residual(Ux)=5.156e-01  residual(Uy)=5.156e-01  residual(p)=5.156e-01  residual(k)=5.156e-01  residual(omega)=5.156e-01
Time = 54  residual(Ux)=5.092e-01  residual(Uy)=5.092e-01  residual(p)=5.092e-01  residual(k)=5.092e-01  residual(omega)=5.092e-01
Time = 55  residual(Ux)=5.028e-01  residual(Uy)=5.028e-01  residual(p)=5.028e-01  residual(k)=5.028e-01  residual(omega)=5.028e-01
Time = 56  residual(Ux)=4.966e-01  residual(Uy)=4.966e-01  residual(p)=4.966e-01  residual(k)=4.966e-01  residual(omega)=4.966e-01
Time = 57  residual(Ux)=4.904e-01  residual(Uy)=4.904e-01  residual(p)=4.904e-01  residual(k)=4.904e-01  residual(omega)=4.904e-01
Time = 58  residual(Ux)=4.843e-01  residual(Uy)=4.843e-01  residual(p)=4.843e-01  residual(k)=4.843e-01  residual(omega)=4.843e-01
Time = 59  residual(Ux)=4.783e-01  residual(Uy)=4.783e-01  residual(p)=4.783e-01  residual(k)=4.783e-01  residual(omega)=4.783e-01
Time = 60  residual(Ux)=4.724e-01  residual(Uy)=4.724e-01  residual(p)=4.724e-01  residual(k)=4.724e-01  residual(omega)=4.724e-01
Time = 61  residual(Ux)=4.665e-01  residual(Uy)=4.665e-01  residual(p)=4.665e-01  residual(k)=4.665e-01  residual(omega)=4.665e-01
Time = 62  residual(Ux)=4.607e-01  residual(Uy)=4.607e-01  residual(p)=4.607e-01  residual(k)=4.607e-01  residual(omega)=4.607e-01
Time = 63  residual(Ux)=4.550e-01  residual(Uy)=4.550e-01  residual(p)=4.550e-01  residual(k)=4.550e-01  residual(omega)=4.550e-01
Time = 64  residual(Ux)=4.493e-01  residual(Uy)=4.493e-01  residual(p)=4.493e-01  residual(k)=4.493e-01  residual(omega)=4.493e-01
Time = 65  residual(Ux)=4.437e-01  residual(Uy)=4.437e-01  residual(p)=4.437e-01  residual(k)=4.437e-01  residual(omega)=4.437e-01
Time = 66  residual(Ux)=4.382e-01  residual(Uy)=4.382e-01  residual(p)=4.382e-01  residual(k)=4.382e-01  residual(omega)=4.382e-01
Time = 67  residual(Ux)=4.328e-01  residual(Uy)=4.328e-01  residual(p)=4.328e-01  residual(k)=4.328e-01  residual(omega)=4.328e-01
Time = 68  residual(Ux)=4.274e-01  residual(Uy)=4.274e-01  residual(p)=4.274e-01  residual(k)=4.274e-01  residual(omega)=4.274e-01
Time = 69  residual(Ux)=4.221e-01  residual(Uy)=4.221e-01  residual(p)=4.221e-01  residual(k)=4.221e-01  residual(omega)=4.221e-01
Time = 70  residual(Ux)=4.169e-01  residual(Uy)=4.169e-01  residual(p)=4.169e-01  residual(k)=4.169e-01  residual(omega)=4.169e-01
Time = 71  residual(Ux)=4.117e-01  residual(Uy)=4.117e-01  residual(p)=4.117e-01  residual(k)=4.117e-01  residual(omega)=4.117e-01
Time = 72  residual(Ux)=4.066e-01  residual(Uy)=4.066e-01  residual(p)=4.066e-01  residual(k)=4.066e-01  residual(omega)=4.066e-01
Time = 73  residual(Ux)=4.015e-01  residual(Uy)=4.015e-01  residual(p)=4.015e-01  residual(k)=4.015e-01  residual(omega)=4.015e-01
Time = 74  residual(Ux)=3.965e-01  residual(Uy)=3.965e-01  residual(p)=3.965e-01  residual(k)=3.965e-01  residual(omega)=3.965e-01
Time = 75  residual(Ux)=3.916e-01  residual(Uy)=3.916e-01  residual(p)=3.916e-01  residual(k)=3.916e-01  residual(omega)=3.916e-01
Time = 76  residual(Ux)=3.867e-01  residual(Uy)=3.867e-01  residual(p)=3.867e-01  residual(k)=3.867e-01  residual(omega)=3.867e-01
Time = 77  residual(Ux)=3.819e-01  residual(Uy)=3.819e-01  residual(p)=3.819e-01  residual(k)=3.819e-01  residual(omega)=3.819e-01
Time = 78  residual(Ux)=3.772e-01  residual(Uy)=3.772e-01  residual(p)=3.772e-01  residual(k)=3.772e-01  residual(omega)=3.772e-01
Time = 79  residual(Ux)=3.725e-01  residual(Uy)=3.725e-01  residual(p)=3.725e-01  residual(k)=3.725e-01  residual(omega)=3.725e-01
Time = 80  residual(Ux)=3.679e-01  residual(Uy)=3.679e-01  residual(p)=3.679e-01  residual(k)=3.679e-01  residual(omega)=3.679e-01
Time = 81  residual(Ux)=3.633e-01  residual(Uy)=3.633e-01  residual(p)=3.633e-01  residual(k)=3.633e-01  residual(omega)=3.633e-01
Time = 82  residual(Ux)=3.588e-01  residual(Uy)=3.588e-01  residual(p)=3.588e-01  residual(k)=3.588e-01  residual(omega)=3.588e-01
Time = 83  residual(Ux)=3.543e-01  residual(Uy)=3.543e-01  residual(p)=3.543e-01  residual(k)=3.543e-01  residual(omega)=3.543e-01
Time = 84  residual(Ux)=3.499e-01  residual(Uy)=3.499e-01  residual(p)=3.499e-01  residual(k)=3.499e-01  residual(omega)=3.499e-01
Time = 85  residual(Ux)=3.456e-01  residual(Uy)=3.456e-01  residual(p)=3.456e-01  residual(k)=3.456e-01  residual(omega)=3.456e-01
Time = 86  residual(Ux)=3.413e-01  residual(Uy)=3.413e-01  residual(p)=3.413e-01  residual(k)=3.413e-01  residual(omega)=3.413e-01
Time = 87  residual(Ux)=3.371e-01  residual(Uy)=3.371e-01  residual(p)=3.371e-01  residual(k)=3.371e-01  residual(omega)=3.371e-01
Time = 88  residual(Ux)=3.329e-01  residual(Uy)=3.329e-01  residual(p)=3.329e-01  residual(k)=3.329e-01  residual(omega)=3.329e-01
Time = 89  residual(Ux)=3.287e-01  residual(Uy)=3.287e-01  residual(p)=3.287e-01  residual(k)=3.287e-01  residual(omega)=3.287e-01
Time = 90  residual(Ux)=3.247e-01  residual(Uy)=3.247e-01  residual(p)=3.247e-01  residual(k)=3.247e-01  residual(omega)=3.247e-01
Time = 91  residual(Ux)=3.206e-01  residual(Uy)=3.206e-01  residual(p)=3.206e-01  residual(k)=3.206e-01  residual(omega)=3.206e-01
Time = 92  residual(Ux)=3.166e-01  residual(Uy)=3.166e-01  residual(p)=3.166e-01  residual(k)=3.166e-01  residual(omega)=3.166e-01
Time = 93  residual(Ux)=3.127e-01  residual(Uy)=3.127e-01  residual(p)=3.127e-01  residual(k)=3.127e-01  residual(omega)=3.127e-01
Time = 94  residual(Ux)=3.088e-01  residual(Uy)=3.088e-01  residual(p)=3.088e-01  residual(k)=3.088e-01  residual(omega)=3.088e-01
Time = 95  residual(Ux)=3.050e-01  residual(Uy)=3.050e-01  residual(p)=3.050e-01  residual(k)=3.050e-01  residual(omega)=3.050e-01
Time = 96  residual(Ux)=3.012e-01  residual(Uy)=3.012e-01  residual(p)=3.012e-01  residual(k)=3.012e-01  residual(omega)=3.012e-01
Time = 97  residual(Ux)=2.975e-01  residual(Uy)=2.975e-01  residual(p)=2.975e-01  residual(k)=2.975e-01  residual(omega)=2.975e-01
Time = 98  residual(Ux)=2.938e-01  residual(Uy)=2.938e-01  residual(p)=2.938e-01  residual(k)=2.938e-01  residual(omega)=2.938e-01
Time = 99  residual(Ux)=2.901e-01  residual(Uy)=2.901e-01  residual(p)=2.901e-01  residual(k)=2.901e-01  residual(omega)=2.901e-01
Time = 100  residual(Ux)=2.865e-01  residual(Uy)=2.865e-01  residual(p)=2.865e-01  residual(k)=2.865e-01  residual(omega)=2.865e-01
Time = 101  residual(Ux)=2.829e-01  residual(Uy)=2.829e-01  residual(p)=2.829e-01  residual(k)=2.829e-01  residual(omega)=2.829e-01
Time = 102  residual(Ux)=2.794e-01  residual(Uy)=2.794e-01  residual(p)=2.794e-01  residual(k)=2.794e-01  residual(omega)=2.794e-01
Time = 103  residual(Ux)=2.760e-01  residual(Uy)=2.760e-01  residual(p)=2.760e-01  residual(k)=2.760e-01  residual(omega)=2.760e-01
Time = 104  residual(Ux)=2.725e-01  residual(Uy)=2.725e-01  residual(p)=2.725e-01  residual(k)=2.725e-01  residual(omega)=2.725e-01
Time = 105  residual(Ux)=2.691e-01  residual(Uy)=2.691e-01  residual(p)=2.691e-01  residual(k)=2.691e-01  residual(omega)=2.691e-01
Time = 106  residual(Ux)=2.658e-01  residual(Uy)=2.658e-01  residual(p)=2.658e-01  residual(k)=2.658e-01  residual(omega)=2.658e-01
Time = 107  residual(Ux)=2.625e-01  residual(Uy)=2.625e-01  residual(p)=2.625e-01  residual(k)=2.625e-01  residual(omega)=2.625e-01
Time = 108  residual(Ux)=2.592e-01  residual(Uy)=2.592e-01  residual(p)=2.592e-01  residual(k)=2.592e-01  residual(omega)=2.592e-01
Time = 109  residual(Ux)=2.560e-01  residual(Uy)=2.560e-01  residual(p)=2.560e-01  residual(k)=2.560e-01  residual(omega)=2.560e-01
Time = 110  residual(Ux)=2.528e-01  residual(Uy)=2.528e-01  residual(p)=2.528e-01  residual(k)=2.528e-01  residual(omega)=2.528e-01
Time = 111  residual(Ux)=2.497e-01  residual(Uy)=2.497e-01  residual(p)=2.497e-01  residual(k)=2.497e-01  residual(omega)=2.497e-01
Time = 112  residual(Ux)=2.466e-01  residual(Uy)=2.466e-01  residual(p)=2.466e-01  residual(k)=2.466e-01  residual(omega)=2.466e-01
Time = 113  residual(Ux)=2.435e-01  residual(Uy)=2.435e-01  residual(p)=2.435e-01  residual(k)=2.435e-01  residual(omega)=2.435e-01
Time = 114  residual(Ux)=2.405e-01  residual(Uy)=2.405e-01  residual(p)=2.405e-01  residual(k)=2.405e-01  residual(omega)=2.405e-01
Time = 115  residual(Ux)=2.375e-01  residual(Uy)=2.375e-01  residual(p)=2.375e-01  residual(k)=2.375e-01  residual(omega)=2.375e-01
Time = 116  residual(Ux)=2.346e-01  residual(Uy)=2.346e-01  residual(p)=2.346e-01  residual(k)=2.346e-01  residual(omega)=2.346e-01
Time = 117  residual(Ux)=2.317e-01  residual(Uy)=2.317e-01  residual(p)=2.317e-01  residual(k)=2.317e-01  residual(omega)=2.317e-01
Time = 118  residual(Ux)=2.288e-01  residual(Uy)=2.288e-01  residual(p)=2.288e-01  residual(k)=2.288e-01  residual(omega)=2.288e-01
Time = 119  residual(Ux)=2.259e-01  residual(Uy)=2.259e-01  residual(p)=2.259e-01  residual(k)=2.259e-01  residual(omega)=2.259e-01
Time = 120  residual(Ux)=2.231e-01  residual(Uy)=2.231e-01  residual(p)=2.231e-01  residual(k)=2.231e-01  residual(omega)=2.231e-01
Time = 121  residual(Ux)=2.204e-01  residual(Uy)=2.204e-01  residual(p)=2.204e-01  residual(k)=2.204e-01  residual(omega)=2.204e-01
Time = 122  residual(Ux)=2.176e-01  residual(Uy)=2.176e-01  residual(p)=2.176e-01  residual(k)=2.176e-01  residual(omega)=2.176e-01
Time = 123  residual(Ux)=2.149e-01  residual(Uy)=2.149e-01  residual(p)=2.149e-01  residual(k)=2.149e-01  residual(omega)=2.149e-01
Time = 124  residual(Ux)=2.122e-01  residual(Uy)=2.122e-01  residual(p)=2.122e-01  residual(k)=2.122e-01  residual(omega)=2.122e-01
Time = 125  residual(Ux)=2.096e-01  residual(Uy)=2.096e-01  residual(p)=2.096e-01  residual(k)=2.096e-01  residual(omega)=2.096e-01
Time = 126  residual(Ux)=2.070e-01  residual(Uy)=2.070e-01  residual(p)=2.070e-01  residual(k)=2.070e-01  residual(omega)=2.070e-01
Time = 127  residual(Ux)=2.044e-01  residual(Uy)=2.044e-01  residual(p)=2.044e-01  residual(k)=2.044e-01  residual(omega)=2.044e-01
Time = 128  residual(Ux)=2.019e-01  residual(Uy)=2.019e-01  residual(p)=2.019e-01  residual(k)=2.019e-01  residual(omega)=2.019e-01
Time = 129  residual(Ux)=1.994e-01  residual(Uy)=1.994e-01  residual(p)=1.994e-01  residual(k)=1.994e-01  residual(omega)=1.994e-01
Time = 130  residual(Ux)=1.969e-01  residual(Uy)=1.969e-01  residual(p)=1.969e-01  residual(k)=1.969e-01  residual(omega)=1.969e-01
Time = 131  residual(Ux)=1.945e-01  residual(Uy)=1.945e-01  residual(p)=1.945e-01  residual(k)=1.945e-01  residual(omega)=1.945e-01
Time = 132  residual(Ux)=1.920e-01  residual(Uy)=1.920e-01  residual(p)=1.920e-01  residual(k)=1.920e-01  residual(omega)=1.920e-01
Time = 133  residual(Ux)=1.897e-01  residual(Uy)=1.897e-01  residual(p)=1.897e-01  residual(k)=1.897e-01  residual(omega)=1.897e-01
Time = 134  residual(Ux)=1.873e-01  residual(Uy)=1.873e-01  residual(p)=1.873e-01  residual(k)=1.873e-01  residual(omega)=1.873e-01
Time = 135  residual(Ux)=1.850e-01  residual(Uy)=1.850e-01  residual(p)=1.850e-01  residual(k)=1.850e-01  residual(omega)=1.850e-01
Time = 136  residual(Ux)=1.827e-01  residual(Uy)=1.827e-01  residual(p)=1.827e-01  residual(k)=1.827e-01  residual(omega)=1.827e-01
Time = 137  residual(Ux)=1.804e-01  residual(Uy)=1.804e-01  residual(p)=1.804e-01  residual(k)=1.804e-01  residual(omega)=1.804e-01
Time = 138  residual(Ux)=1.782e-01  residual(Uy)=1.782e-01  residual(p)=1.782e-01  residual(k)=1.782e-01  residual(omega)=1.782e-01
Time = 139  residual(Ux)=1.760e-01  residual(Uy)=1.760e-01  residual(p)=1.760e-01  residual(k)=1.760e-01  residual(omega)=1.760e-01
Time = 140  residual(Ux)=1.738e-01  residual(Uy)=1.738e-01  residual(p)=1.738e-01  residual(k)=1.738e-01  residual(omega)=1.738e-01
Time = 141  residual(Ux)=1.716e-01  residual(Uy)=1.716e-01  residual(p)=1.716e-01  residual(k)=1.716e-01  residual(omega)=1.716e-01
Time = 142  residual(Ux)=1.695e-01  residual(Uy)=1.695e-01  residual(p)=1.695e-01  residual(k)=1.695e-01  residual(omega)=1.695e-01
Time = 143  residual(Ux)=1.674e-01  residual(Uy)=1.674e-01  residual(p)=1.674e-01  residual(k)=1.674e-01  residual(omega)=1.674e-01
Time = 144  residual(Ux)=1.653e-01  residual(Uy)=1.653e-01  residual(p)=1.653e-01  residual(k)=1.653e-01  residual(omega)=1.653e-01
Time = 145  residual(Ux)=1.632e-01  residual(Uy)=1.632e-01  residual(p)=1.632e-01  residual(k)=1.632e-01  residual(omega)=1.632e-01
Time = 146  residual(Ux)=1.612e-01  residual(Uy)=1.612e-01  residual(p)=1.612e-01  residual(k)=1.612e-01  residual(omega)=1.612e-01
Time = 147  residual(Ux)=1.592e-01  residual(Uy)=1.592e-01  residual(p)=1.592e-01  residual(k)=1.592e-01  residual(omega)=1.592e-01
Time = 148  residual(Ux)=1.572e-01  residual(Uy)=1.572e-01  residual(p)=1.572e-01  residual(k)=1.572e-01  residual(omega)=1.572e-01
Time = 149  residual(Ux)=1.553e-01  residual(Uy)=1.553e-01  residual(p)=1.553e-01  residual(k)=1.553e-01  residual(omega)=1.553e-01
Time = 150  residual(Ux)=1.534e-01  residual(Uy)=1.534e-01  residual(p)=1.534e-01  residual(k)=1.534e-01  residual(omega)=1.534e-01
Time = 151  residual(Ux)=1.514e-01  residual(Uy)=1.514e-01  residual(p)=1.514e-01  residual(k)=1.514e-01  residual(omega)=1.514e-01
Time = 152  residual(Ux)=1.496e-01  residual(Uy)=1.496e-01  residual(p)=1.496e-01  residual(k)=1.496e-01  residual(omega)=1.496e-01
Time = 153  residual(Ux)=1.477e-01  residual(Uy)=1.477e-01  residual(p)=1.477e-01  residual(k)=1.477e-01  residual(omega)=1.477e-01
Time = 154  residual(Ux)=1.459e-01  residual(Uy)=1.459e-01  residual(p)=1.459e-01  residual(k)=1.459e-01  residual(omega)=1.459e-01
Time = 155  residual(Ux)=1.441e-01  residual(Uy)=1.441e-01  residual(p)=1.441e-01  residual(k)=1.441e-01  residual(omega)=1.441e-01
Time = 156  residual(Ux)=1.423e-01  residual(Uy)=1.423e-01  residual(p)=1.423e-01  residual(k)=1.423e-01  residual(omega)=1.423e-01
Time = 157  residual(Ux)=1.405e-01  residual(Uy)=1.405e-01  residual(p)=1.405e-01  residual(k)=1.405e-01  residual(omega)=1.405e-01
Time = 158  residual(Ux)=1.388e-01  residual(Uy)=1.388e-01  residual(p)=1.388e-01  residual(k)=1.388e-01  residual(omega)=1.388e-01
Time = 159  residual(Ux)=1.370e-01  residual(Uy)=1.370e-01  residual(p)=1.370e-01  residual(k)=1.370e-01  residual(omega)=1.370e-01
Time = 160  residual(Ux)=1.353e-01  residual(Uy)=1.353e-01  residual(p)=1.353e-01  residual(k)=1.353e-01  residual(omega)=1.353e-01
Time = 161  residual(Ux)=1.337e-01  residual(Uy)=1.337e-01  residual(p)=1.337e-01  residual(k)=1.337e-01  residual(omega)=1.337e-01
Time = 162  residual(Ux)=1.320e-01  residual(Uy)=1.320e-01  residual(p)=1.320e-01  residual(k)=1.320e-01  residual(omega)=1.320e-01
Time = 163  residual(Ux)=1.304e-01  residual(Uy)=1.304e-01  residual(p)=1.304e-01  residual(k)=1.304e-01  residual(omega)=1.304e-01
Time = 164  residual(Ux)=1.287e-01  residual(Uy)=1.287e-01  residual(p)=1.287e-01  residual(k)=1.287e-01  residual(omega)=1.287e-01
Time = 165  residual(Ux)=1.271e-01  residual(Uy)=1.271e-01  residual(p)=1.271e-01  residual(k)=1.271e-01  residual(omega)=1.271e-01
Time = 166  residual(Ux)=1.256e-01  residual(Uy)=1.256e-01  residual(p)=1.256e-01  residual(k)=1.256e-01  residual(omega)=1.256e-01
Time = 167  residual(Ux)=1.240e-01  residual(Uy)=1.240e-01  residual(p)=1.240e-01  residual(k)=1.240e-01  residual(omega)=1.240e-01
Time = 168  residual(Ux)=1.225e-01  residual(Uy)=1.225e-01  residual(p)=1.225e-01  residual(k)=1.225e-01  residual(omega)=1.225e-01
Time = 169  residual(Ux)=1.209e-01  residual(Uy)=1.209e-01  residual(p)=1.209e-01  residual(k)=1.209e-01  residual(omega)=1.209e-01
Time = 170  residual(Ux)=1.194e-01  residual(Uy)=1.194e-01  residual(p)=1.194e-01  residual(k)=1.194e-01  residual(omega)=1.194e-01
Time = 171  residual(Ux)=1.179e-01  residual(Uy)=1.179e-01  residual(p)=1.179e-01  residual(k)=1.179e-01  residual(omega)=1.179e-01
Time = 172  residual(Ux)=1.165e-01  residual(Uy)=1.165e-01  residual(p)=1.165e-01  residual(k)=1.165e-01  residual(omega)=1.165e-01
Time = 173  residual(Ux)=1.150e-01  residual(Uy)=1.150e-01  residual(p)=1.150e-01  residual(k)=1.150e-01  residual(omega)=1.150e-01
Time = 174  residual(Ux)=1.136e-01  residual(Uy)=1.136e-01  residual(p)=1.136e-01  residual(k)=1.136e-01  residual(omega)=1.136e-01
Time = 175  residual(Ux)=1.122e-01  residual(Uy)=1.122e-01  residual(p)=1.122e-01  residual(k)=1.122e-01  residual(omega)=1.122e-01
Time = 176  residual(Ux)=1.108e-01  residual(Uy)=1.108e-01  residual(p)=1.108e-01  residual(k)=1.108e-01  residual(omega)=1.108e-01
Time = 177  residual(Ux)=1.094e-01  residual(Uy)=1.094e-01  residual(p)=1.094e-01  residual(k)=1.094e-01  residual(omega)=1.094e-01
Time = 178  residual(Ux)=1.081e-01  residual(Uy)=1.081e-01  residual(p)=1.081e-01  residual(k)=1.081e-01  residual(omega)=1.081e-01
Time = 179  residual(Ux)=1.067e-01  residual(Uy)=1.067e-01  residual(p)=1.067e-01  residual(k)=1.067e-01  residual(omega)=1.067e-01
Time = 180  residual(Ux)=1.054e-01  residual(Uy)=1.054e-01  residual(p)=1.054e-01  residual(k)=1.054e-01  residual(omega)=1.054e-01
Time = 181  residual(Ux)=1.041e-01  residual(Uy)=1.041e-01  residual(p)=1.041e-01  residual(k)=1.041e-01  residual(omega)=1.041e-01
Time = 182  residual(Ux)=1.028e-01  residual(Uy)=1.028e-01  residual(p)=1.028e-01  residual(k)=1.028e-01  residual(omega)=1.028e-01
Time = 183  residual(Ux)=1.015e-01  residual(Uy)=1.015e-01  residual(p)=1.015e-01  residual(k)=1.015e-01  residual(omega)=1.015e-01
Time = 184  residual(Ux)=1.003e-01  residual(Uy)=1.003e-01  residual(p)=1.003e-01  residual(k)=1.003e-01  residual(omega)=1.003e-01
Time = 185  residual(Ux)=9.901e-02  residual(Uy)=9.901e-02  residual(p)=9.901e-02  residual(k)=9.901e-02  residual(omega)=9.901e-02
Time = 186  residual(Ux)=9.778e-02  residual(Uy)=9.778e-02  residual(p)=9.778e-02  residual(k)=9.778e-02  residual(omega)=9.778e-02
Time = 187  residual(Ux)=9.657e-02  residual(Uy)=9.657e-02  residual(p)=9.657e-02  residual(k)=9.657e-02  residual(omega)=9.657e-02
Time = 188  residual(Ux)=9.537e-02  residual(Uy)=9.537e-02  residual(p)=9.537e-02  residual(k)=9.537e-02  residual(omega)=9.537e-02
Time = 189  residual(Ux)=9.418e-02  residual(Uy)=9.418e-02  residual(p)=9.418e-02  residual(k)=9.418e-02  residual(omega)=9.418e-02
Time = 190  residual(Ux)=9.301e-02  residual(Uy)=9.301e-02  residual(p)=9.301e-02  residual(k)=9.301e-02  residual(omega)=9.301e-02
Time = 191  residual(Ux)=9.186e-02  residual(Uy)=9.186e-02  residual(p)=9.186e-02  residual(k)=9.186e-02  residual(omega)=9.186e-02
Time = 192  residual(Ux)=9.072e-02  residual(Uy)=9.072e-02  residual(p)=9.072e-02  residual(k)=9.072e-02  residual(omega)=9.072e-02
Time = 193  residual(Ux)=8.959e-02  residual(Uy)=8.959e-02  residual(p)=8.959e-02  residual(k)=8.959e-02  residual(omega)=8.959e-02
Time = 194  residual(Ux)=8.848e-02  residual(Uy)=8.848e-02  residual(p)=8.848e-02  residual(k)=8.848e-02  residual(omega)=8.848e-02
Time = 195  residual(Ux)=8.738e-02  residual(Uy)=8.738e-02  residual(p)=8.738e-02  residual(k)=8.738e-02  residual(omega)=8.738e-02
Time = 196  residual(Ux)=8.629e-02  residual(Uy)=8.629e-02  residual(p)=8.629e-02  residual(k)=8.629e-02  residual(omega)=8.629e-02
Time = 197  residual(Ux)=8.522e-02  residual(Uy)=8.522e-02  residual(p)=8.522e-02  residual(k)=8.522e-02  residual(omega)=8.522e-02
Time = 198  residual(Ux)=8.416e-02  residual(Uy)=8.416e-02  residual(p)=8.416e-02  residual(k)=8.416e-02  residual(omega)=8.416e-02
Time = 199  residual(Ux)=8.312e-02  residual(Uy)=8.312e-02  residual(p)=8.312e-02  residual(k)=8.312e-02  residual(omega)=8.312e-02
Time = 200  residual(Ux)=8.208e-02  residual(Uy)=8.208e-02  residual(p)=8.208e-02  residual(k)=8.208e-02  residual(omega)=8.208e-02
Time = 201  residual(Ux)=8.107e-02  residual(Uy)=8.107e-02  residual(p)=8.107e-02  residual(k)=8.107e-02  residual(omega)=8.107e-02
Time = 202  residual(Ux)=8.006e-02  residual(Uy)=8.006e-02  residual(p)=8.006e-02  residual(k)=8.006e-02  residual(omega)=8.006e-02
Time = 203  residual(Ux)=7.906e-02  residual(Uy)=7.906e-02  residual(p)=7.906e-02  residual(k)=7.906e-02  residual(omega)=7.906e-02
Time = 204  residual(Ux)=7.808e-02  residual(Uy)=7.808e-02  residual(p)=7.808e-02  residual(k)=7.808e-02  residual(omega)=7.808e-02
Time = 205  residual(Ux)=7.711e-02  residual(Uy)=7.711e-02  residual(p)=7.711e-02  residual(k)=7.711e-02  residual(omega)=7.711e-02
Time = 206  residual(Ux)=7.615e-02  residual(Uy)=7.615e-02  residual(p)=7.615e-02  residual(k)=7.615e-02  residual(omega)=7.615e-02
Time = 207  residual(Ux)=7.521e-02  residual(Uy)=7.521e-02  residual(p)=7.521e-02  residual(k)=7.521e-02  residual(omega)=7.521e-02
Time = 208  residual(Ux)=7.427e-02  residual(Uy)=7.427e-02  residual(p)=7.427e-02  residual(k)=7.427e-02  residual(omega)=7.427e-02
Time = 209  residual(Ux)=7.335e-02  residual(Uy)=7.335e-02  residual(p)=7.335e-02  residual(k)=7.335e-02  residual(omega)=7.335e-02
Time = 210  residual(Ux)=7.244e-02  residual(Uy)=7.244e-02  residual(p)=7.244e-02  residual(k)=7.244e-02  residual(omega)=7.244e-02
Time = 211  residual(Ux)=7.154e-02  residual(Uy)=7.154e-02  residual(p)=7.154e-02  residual(k)=7.154e-02  residual(omega)=7.154e-02
Time = 212  residual(Ux)=7.065e-02  residual(Uy)=7.065e-02  residual(p)=7.065e-02  residual(k)=7.065e-02  residual(omega)=7.065e-02
Time = 213  residual(Ux)=6.977e-02  residual(Uy)=6.977e-02  residual(p)=6.977e-02  residual(k)=6.977e-02  residual(omega)=6.977e-02
Time = 214  residual(Ux)=6.891e-02  residual(Uy)=6.891e-02  residual(p)=6.891e-02  residual(k)=6.891e-02  residual(omega)=6.891e-02
Time = 215  residual(Ux)=6.805e-02  residual(Uy)=6.805e-02  residual(p)=6.805e-02  residual(k)=6.805e-02  residual(omega)=6.805e-02
Time = 216  residual(Ux)=6.721e-02  residual(Uy)=6.721e-02  residual(p)=6.721e-02  residual(k)=6.721e-02  residual(omega)=6.721e-02
Time = 217  residual(Ux)=6.637e-02  residual(Uy)=6.637e-02  residual(p)=6.637e-02  residual(k)=6.637e-02  residual(omega)=6.637e-02
Time = 218  residual(Ux)=6.555e-02  residual(Uy)=6.555e-02  residual(p)=6.555e-02  residual(k)=6.555e-02  residual(omega)=6.555e-02
Time = 219  residual(Ux)=6.473e-02  residual(Uy)=6.473e-02  residual(p)=6.473e-02  residual(k)=6.473e-02  residual(omega)=6.473e-02
Time = 220  residual(Ux)=6.393e-02  residual(Uy)=6.393e-02  residual(p)=6.393e-02  residual(k)=6.393e-02  residual(omega)=6.393e-02
Time = 221  residual(Ux)=6.313e-02  residual(Uy)=6.313e-02  residual(p)=6.313e-02  residual(k)=6.313e-02  residual(omega)=6.313e-02
Time = 222  residual(Ux)=6.235e-02  residual(Uy)=6.235e-02  residual(p)=6.235e-02  residual(k)=6.235e-02  residual(omega)=6.235e-02
Time = 223  residual(Ux)=6.157e-02  residual(Uy)=6.157e-02  residual(p)=6.157e-02  residual(k)=6.157e-02  residual(omega)=6.157e-02
Time = 224  residual(Ux)=6.081e-02  residual(Uy)=6.081e-02  residual(p)=6.081e-02  residual(k)=6.081e-02  residual(omega)=6.081e-02
Time = 225  residual(Ux)=6.005e-02  residual(Uy)=6.005e-02  residual(p)=6.005e-02  residual(k)=6.005e-02  residual(omega)=6.005e-02
Time = 226  residual(Ux)=5.931e-02  residual(Uy)=5.931e-02  residual(p)=5.931e-02  residual(k)=5.931e-02  residual(omega)=5.931e-02
Time = 227  residual(Ux)=5.857e-02  residual(Uy)=5.857e-02  residual(p)=5.857e-02  residual(k)=5.857e-02  residual(omega)=5.857e-02
Time = 228  residual(Ux)=5.784e-02  residual(Uy)=5.784e-02  residual(p)=5.784e-02  residual(k)=5.784e-02  residual(omega)=5.784e-02
Time = 229  residual(Ux)=5.713e-02  residual(Uy)=5.713e-02  residual(p)=5.713e-02  residual(k)=5.713e-02  residual(omega)=5.713e-02
Time = 230  residual(Ux)=5.642e-02  residual(Uy)=5.642e-02  residual(p)=5.642e-02  residual(k)=5.642e-02  residual(omega)=5.642e-02
Time = 231  residual(Ux)=5.572e-02  residual(Uy)=5.572e-02  residual(p)=5.572e-02  residual(k)=5.572e-02  residual(omega)=5.572e-02
Time = 232  residual(Ux)=5.502e-02  residual(Uy)=5.502e-02  residual(p)=5.502e-02  residual(k)=5.502e-02  residual(omega)=5.502e-02
Time = 233  residual(Ux)=5.434e-02  residual(Uy)=5.434e-02  residual(p)=5.434e-02  residual(k)=5.434e-02  residual(omega)=5.434e-02
Time = 234  residual(Ux)=5.366e-02  residual(Uy)=5.366e-02  residual(p)=5.366e-02  residual(k)=5.366e-02  residual(omega)=5.366e-02
Time = 235  residual(Ux)=5.300e-02  residual(Uy)=5.300e-02  residual(p)=5.300e-02  residual(k)=5.300e-02  residual(omega)=5.300e-02
Time = 236  residual(Ux)=5.234e-02  residual(Uy)=5.234e-02  residual(p)=5.234e-02  residual(k)=5.234e-02  residual(omega)=5.234e-02
Time = 237  residual(Ux)=5.169e-02  residual(Uy)=5.169e-02  residual(p)=5.169e-02  residual(k)=5.169e-02  residual(omega)=5.169e-02
Time = 238  residual(Ux)=5.105e-02  residual(Uy)=5.105e-02  residual(p)=5.105e-02  residual(k)=5.105e-02  residual(omega)=5.105e-02
Time = 239  residual(Ux)=5.041e-02  residual(Uy)=5.041e-02  residual(p)=5.041e-02  residual(k)=5.041e-02  residual(omega)=5.041e-02
Time = 240  residual(Ux)=4.979e-02  residual(Uy)=4.979e-02  residual(p)=4.979e-02  residual(k)=4.979e-02  residual(omega)=4.979e-02
Time = 241  residual(Ux)=4.917e-02  residual(Uy)=4.917e-02  residual(p)=4.917e-02  residual(k)=4.917e-02  residual(omega)=4.917e-02
Time = 242  residual(Ux)=4.856e-02  residual(Uy)=4.856e-02  residual(p)=4.856e-02  residual(k)=4.856e-02  residual(omega)=4.856e-02
Time = 243  residual(Ux)=4.795e-02  residual(Uy)=4.795e-02  residual(p)=4.795e-02  residual(k)=4.795e-02  residual(omega)=4.795e-02
Time = 244  residual(Ux)=4.736e-02  residual(Uy)=4.736e-02  residual(p)=4.736e-02  residual(k)=4.736e-02  residual(omega)=4.736e-02
Time = 245  residual(Ux)=4.677e-02  residual(Uy)=4.677e-02  residual(p)=4.677e-02  residual(k)=4.677e-02  residual(omega)=4.677e-02
Time = 246  residual(Ux)=4.619e-02  residual(Uy)=4.619e-02  residual(p)=4.619e-02  residual(k)=4.619e-02  residual(omega)=4.619e-02
Time = 247  residual(Ux)=4.562e-02  residual(Uy)=4.562e-02  residual(p)=4.562e-02  residual(k)=4.562e-02  residual(omega)=4.562e-02
Time = 248  residual(Ux)=4.505e-02  residual(Uy)=4.505e-02  residual(p)=4.505e-02  residual(k)=4.505e-02  residual(omega)=4.505e-02
Time = 249  residual(Ux)=4.449e-02  residual(Uy)=4.449e-02  residual(p)=4.449e-02  residual(k)=4.449e-02  residual(omega)=4.449e-02
Time = 250  residual(Ux)=4.394e-02  residual(Uy)=4.394e-02  residual(p)=4.394e-02  residual(k)=4.394e-02  residual(omega)=4.394e-02
Time = 251  residual(Ux)=4.339e-02  residual(Uy)=4.339e-02  residual(p)=4.339e-02  residual(k)=4.339e-02  residual(omega)=4.339e-02
Time = 252  residual(Ux)=4.285e-02  residual(Uy)=4.285e-02  residual(p)=4.285e-02  residual(k)=4.285e-02  residual(omega)=4.285e-02
Time = 253  residual(Ux)=4.232e-02  residual(Uy)=4.232e-02  residual(p)=4.232e-02  residual(k)=4.232e-02  residual(omega)=4.232e-02
Time = 254  residual(Ux)=4.179e-02  residual(Uy)=4.179e-02  residual(p)=4.179e-02  residual(k)=4.179e-02  residual(omega)=4.179e-02
Time = 255  residual(Ux)=4.127e-02  residual(Uy)=4.127e-02  residual(p)=4.127e-02  residual(k)=4.127e-02  residual(omega)=4.127e-02
Time = 256  residual(Ux)=4.076e-02  residual(Uy)=4.076e-02  residual(p)=4.076e-02  residual(k)=4.076e-02  residual(omega)=4.076e-02
Time = 257  residual(Ux)=4.026e-02  residual(Uy)=4.026e-02  residual(p)=4.026e-02  residual(k)=4.026e-02  residual(omega)=4.026e-02
Time = 258  residual(Ux)=3.976e-02  residual(Uy)=3.976e-02  residual(p)=3.976e-02  residual(k)=3.976e-02  residual(omega)=3.976e-02
Time = 259  residual(Ux)=3.926e-02  residual(Uy)=3.926e-02  residual(p)=3.926e-02  residual(k)=3.926e-02  residual(omega)=3.926e-02
Time = 260  residual(Ux)=3.877e-02  residual(Uy)=3.877e-02  residual(p)=3.877e-02  residual(k)=3.877e-02  residual(omega)=3.877e-02
Time = 261  residual(Ux)=3.829e-02  residual(Uy)=3.829e-02  residual(p)=3.829e-02  residual(k)=3.829e-02  residual(omega)=3.829e-02
Time = 262  residual(Ux)=3.782e-02  residual(Uy)=3.782e-02  residual(p)=3.782e-02  residual(k)=3.782e-02  residual(omega)=3.782e-02
Time = 263  residual(Ux)=3.735e-02  residual(Uy)=3.735e-02  residual(p)=3.735e-02  residual(k)=3.735e-02  residual(omega)=3.735e-02
Time = 264  residual(Ux)=3.688e-02  residual(Uy)=3.688e-02  residual(p)=3.688e-02  residual(k)=3.688e-02  residual(omega)=3.688e-02
Time = 265  residual(Ux)=3.642e-02  residual(Uy)=3.642e-02  residual(p)=3.642e-02  residual(k)=3.642e-02  residual(omega)=3.642e-02
Time = 266  residual(Ux)=3.597e-02  residual(Uy)=3.597e-02  residual(p)=3.597e-02  residual(k)=3.597e-02  residual(omega)=3.597e-02
Time = 267  residual(Ux)=3.553e-02  residual(Uy)=3.553e-02  residual(p)=3.553e-02  residual(k)=3.553e-02  residual(omega)=3.553e-02
Time = 268  residual(Ux)=3.508e-02  residual(Uy)=3.508e-02  residual(p)=3.508e-02  residual(k)=3.508e-02  residual(omega)=3.508e-02
Time = 269  residual(Ux)=3.465e-02  residual(Uy)=3.465e-02  residual(p)=3.465e-02  residual(k)=3.465e-02  residual(omega)=3.465e-02
Time = 270  residual(Ux)=3.422e-02  residual(Uy)=3.422e-02  residual(p)=3.422e-02  residual(k)=3.422e-02  residual(omega)=3.422e-02
Time = 271  residual(Ux)=3.379e-02  residual(Uy)=3.379e-02  residual(p)=3.379e-02  residual(k)=3.379e-02  residual(omega)=3.379e-02
Time = 272  residual(Ux)=3.337e-02  residual(Uy)=3.337e-02  residual(p)=3.337e-02  residual(k)=3.337e-02  residual(omega)=3.337e-02
Time = 273  residual(Ux)=3.296e-02  residual(Uy)=3.296e-02  residual(p)=3.296e-02  residual(k)=3.296e-02  residual(omega)=3.296e-02
Time = 274  residual(Ux)=3.255e-02  residual(Uy)=3.255e-02  residual(p)=3.255e-02  residual(k)=3.255e-02  residual(omega)=3.255e-02
Time = 275  residual(Ux)=3.214e-02  residual(Uy)=3.214e-02  residual(p)=3.214e-02  residual(k)=3.214e-02  residual(omega)=3.214e-02
Time = 276  residual(Ux)=3.175e-02  residual(Uy)=3.175e-02  residual(p)=3.175e-02  residual(k)=3.175e-02  residual(omega)=3.175e-02
Time = 277  residual(Ux)=3.135e-02  residual(Uy)=3.135e-02  residual(p)=3.135e-02  residual(k)=3.135e-02  residual(omega)=3.135e-02
Time = 278  residual(Ux)=3.096e-02  residual(Uy)=3.096e-02  residual(p)=3.096e-02  residual(k)=3.096e-02  residual(omega)=3.096e-02
Time = 279  residual(Ux)=3.058e-02  residual(Uy)=3.058e-02  residual(p)=3.058e-02  residual(k)=3.058e-02  residual(omega)=3.058e-02
Time = 280  residual(Ux)=3.020e-02  residual(Uy)=3.020e-02  residual(p)=3.020e-02  residual(k)=3.020e-02  residual(omega)=3.020e-02
Time = 281  residual(Ux)=2.982e-02  residual(Uy)=2.982e-02  residual(p)=2.982e-02  residual(k)=2.982e-02  residual(omega)=2.982e-02
Time = 282  residual(Ux)=2.945e-02  residual(Uy)=2.945e-02  residual(p)=2.945e-02  residual(k)=2.945e-02  residual(omega)=2.945e-02
Time = 283  residual(Ux)=2.909e-02  residual(Uy)=2.909e-02  residual(p)=2.909e-02  residual(k)=2.909e-02  residual(omega)=2.909e-02
Time = 284  residual(Ux)=2.872e-02  residual(Uy)=2.872e-02  residual(p)=2.872e-02  residual(k)=2.872e-02  residual(omega)=2.872e-02
Time = 285  residual(Ux)=2.837e-02  residual(Uy)=2.837e-02  residual(p)=2.837e-02  residual(k)=2.837e-02  residual(omega)=2.837e-02
Time = 286  residual(Ux)=2.802e-02  residual(Uy)=2.802e-02  residual(p)=2.802e-02  residual(k)=2.802e-02  residual(omega)=2.802e-02
Time = 287  residual(Ux)=2.767e-02  residual(Uy)=2.767e-02  residual(p)=2.767e-02  residual(k)=2.767e-02  residual(omega)=2.767e-02
Time = 288  residual(Ux)=2.732e-02  residual(Uy)=2.732e-02  residual(p)=2.732e-02  residual(k)=2.732e-02  residual(omega)=2.732e-02
Time = 289  residual(Ux)=2.698e-02  residual(Uy)=2.698e-02  residual(p)=2.698e-02  residual(k)=2.698e-02  residual(omega)=2.698e-02
Time = 290  residual(Ux)=2.665e-02  residual(Uy)=2.665e-02  residual(p)=2.665e-02  residual(k)=2.665e-02  residual(omega)=2.665e-02
Time = 291  residual(Ux)=2.632e-02  residual(Uy)=2.632e-02  residual(p)=2.632e-02  residual(k)=2.632e-02  residual(omega)=2.632e-02
Time = 292  residual(Ux)=2.599e-02  residual(Uy)=2.599e-02  residual(p)=2.599e-02  residual(k)=2.599e-02  residual(omega)=2.599e-02
Time = 293  residual(Ux)=2.567e-02  residual(Uy)=2.567e-02  residual(p)=2.567e-02  residual(k)=2.567e-02  residual(omega)=2.567e-02
Time = 294  residual(Ux)=2.535e-02  residual(Uy)=2.535e-02  residual(p)=2.535e-02  residual(k)=2.535e-02  residual(omega)=2.535e-02
Time = 295  residual(Ux)=2.503e-02  residual(Uy)=2.503e-02  residual(p)=2.503e-02  residual(k)=2.503e-02  residual(omega)=2.503e-02
Time = 296  residual(Ux)=2.472e-02  residual(Uy)=2.472e-02  residual(p)=2.472e-02  residual(k)=2.472e-02  residual(omega)=2.472e-02
Time = 297  residual(Ux)=2.442e-02  residual(Uy)=2.442e-02  residual(p)=2.442e-02  residual(k)=2.442e-02  residual(omega)=2.442e-02
Time = 298  residual(Ux)=2.411e-02  residual(Uy)=2.411e-02  residual(p)=2.411e-02  residual(k)=2.411e-02  residual(omega)=2.411e-02
Time = 299  residual(Ux)=2.381e-02  residual(Uy)=2.381e-02  residual(p)=2.381e-02  residual(k)=2.381e-02  residual(omega)=2.381e-02
Time = 300  residual(Ux)=2.352e-02  residual(Uy)=2.352e-02  residual(p)=2.352e-02  residual(k)=2.352e-02  residual(omega)=2.352e-02
Time = 301  residual(Ux)=2.323e-02  residual(Uy)=2.323e-02  residual(p)=2.323e-02  residual(k)=2.323e-02  residual(omega)=2.323e-02
Time = 302  residual(Ux)=2.294e-02  residual(Uy)=2.294e-02  residual(p)=2.294e-02  residual(k)=2.294e-02  residual(omega)=2.294e-02
Time = 303  residual(Ux)=2.265e-02  residual(Uy)=2.265e-02  residual(p)=2.265e-02  residual(k)=2.265e-02  residual(omega)=2.265e-02
Time = 304  residual(Ux)=2.237e-02  residual(Uy)=2.237e-02  residual(p)=2.237e-02  residual(k)=2.237e-02  residual(omega)=2.237e-02
Time = 305  residual(Ux)=2.209e-02  residual(Uy)=2.209e-02  residual(p)=2.209e-02  residual(k)=2.209e-02  residual(omega)=2.209e-02
Time = 306  residual(Ux)=2.182e-02  residual(Uy)=2.182e-02  residual(p)=2.182e-02  residual(k)=2.182e-02  residual(omega)=2.182e-02
Time = 307  residual(Ux)=2.155e-02  residual(Uy)=2.155e-02  residual(p)=2.155e-02  residual(k)=2.155e-02  residual(omega)=2.155e-02
Time = 308  residual(Ux)=2.128e-02  residual(Uy)=2.128e-02  residual(p)=2.128e-02  residual(k)=2.128e-02  residual(omega)=2.128e-02
Time = 309  residual(Ux)=2.102e-02  residual(Uy)=2.102e-02  residual(p)=2.102e-02  residual(k)=2.102e-02  residual(omega)=2.102e-02
Time = 310  residual(Ux)=2.075e-02  residual(Uy)=2.075e-02  residual(p)=2.075e-02  residual(k)=2.075e-02  residual(omega)=2.075e-02
Time = 311  residual(Ux)=2.050e-02  residual(Uy)=2.050e-02  residual(p)=2.050e-02  residual(k)=2.050e-02  residual(omega)=2.050e-02
Time = 312  residual(Ux)=2.024e-02  residual(Uy)=2.024e-02  residual(p)=2.024e-02  residual(k)=2.024e-02  residual(omega)=2.024e-02
Time = 313  residual(Ux)=1.999e-02  residual(Uy)=1.999e-02  residual(p)=1.999e-02  residual(k)=1.999e-02  residual(omega)=1.999e-02
Time = 314  residual(Ux)=1.974e-02  residual(Uy)=1.974e-02  residual(p)=1.974e-02  residual(k)=1.974e-02  residual(omega)=1.974e-02
Time = 315  residual(Ux)=1.950e-02  residual(Uy)=1.950e-02  residual(p)=1.950e-02  residual(k)=1.950e-02  residual(omega)=1.950e-02
Time = 316  residual(Ux)=1.925e-02  residual(Uy)=1.925e-02  residual(p)=1.925e-02  residual(k)=1.925e-02  residual(omega)=1.925e-02
Time = 317  residual(Ux)=1.902e-02  residual(Uy)=1.902e-02  residual(p)=1.902e-02  residual(k)=1.902e-02  residual(omega)=1.902e-02
Time = 318  residual(Ux)=1.878e-02  residual(Uy)=1.878e-02  residual(p)=1.878e-02  residual(k)=1.878e-02  residual(omega)=1.878e-02
Time = 319  residual(Ux)=1.855e-02  residual(Uy)=1.855e-02  residual(p)=1.855e-02  residual(k)=1.855e-02  residual(omega)=1.855e-02
Time = 320  residual(Ux)=1.832e-02  residual(Uy)=1.832e-02  residual(p)=1.832e-02  residual(k)=1.832e-02  residual(omega)=1.832e-02
Time = 321  residual(Ux)=1.809e-02  residual(Uy)=1.809e-02  residual(p)=1.809e-02  residual(k)=1.809e-02  residual(omega)=1.809e-02
Time = 322  residual(Ux)=1.786e-02  residual(Uy)=1.786e-02  residual(p)=1.786e-02  residual(k)=1.786e-02  residual(omega)=1.786e-02
Time = 323  residual(Ux)=1.764e-02  residual(Uy)=1.764e-02  residual(p)=1.764e-02  residual(k)=1.764e-02  residual(omega)=1.764e-02
Time = 324  residual(Ux)=1.742e-02  residual(Uy)=1.742e-02  residual(p)=1.742e-02  residual(k)=1.742e-02  residual(omega)=1.742e-02
Time = 325  residual(Ux)=1.721e-02  residual(Uy)=1.721e-02  residual(p)=1.721e-02  residual(k)=1.721e-02  residual(omega)=1.721e-02
Time = 326  residual(Ux)=1.699e-02  residual(Uy)=1.699e-02  residual(p)=1.699e-02  residual(k)=1.699e-02  residual(omega)=1.699e-02
Time = 327  residual(Ux)=1.678e-02  residual(Uy)=1.678e-02  residual(p)=1.678e-02  residual(k)=1.678e-02  residual(omega)=1.678e-02
Time = 328  residual(Ux)=1.657e-02  residual(Uy)=1.657e-02  residual(p)=1.657e-02  residual(k)=1.657e-02  residual(omega)=1.657e-02
Time = 329  residual(Ux)=1.637e-02  residual(Uy)=1.637e-02  residual(p)=1.637e-02  residual(k)=1.637e-02  residual(omega)=1.637e-02
Time = 330  residual(Ux)=1.616e-02  residual(Uy)=1.616e-02  residual(p)=1.616e-02  residual(k)=1.616e-02  residual(omega)=1.616e-02
Time = 331  residual(Ux)=1.596e-02  residual(Uy)=1.596e-02  residual(p)=1.596e-02  residual(k)=1.596e-02  residual(omega)=1.596e-02
Time = 332  residual(Ux)=1.576e-02  residual(Uy)=1.576e-02  residual(p)=1.576e-02  residual(k)=1.576e-02  residual(omega)=1.576e-02
Time = 333  residual(Ux)=1.557e-02  residual(Uy)=1.557e-02  residual(p)=1.557e-02  residual(k)=1.557e-02  residual(omega)=1.557e-02
Time = 334  residual(Ux)=1.538e-02  residual(Uy)=1.538e-02  residual(p)=1.538e-02  residual(k)=1.538e-02  residual(omega)=1.538e-02
Time = 335  residual(Ux)=1.518e-02  residual(Uy)=1.518e-02  residual(p)=1.518e-02  residual(k)=1.518e-02  residual(omega)=1.518e-02
Time = 336  residual(Ux)=1.500e-02  residual(Uy)=1.500e-02  residual(p)=1.500e-02  residual(k)=1.500e-02  residual(omega)=1.500e-02
Time = 337  residual(Ux)=1.481e-02  residual(Uy)=1.481e-02  residual(p)=1.481e-02  residual(k)=1.481e-02  residual(omega)=1.481e-02
Time = 338  residual(Ux)=1.463e-02  residual(Uy)=1.463e-02  residual(p)=1.463e-02  residual(k)=1.463e-02  residual(omega)=1.463e-02
Time = 339  residual(Ux)=1.444e-02  residual(Uy)=1.444e-02  residual(p)=1.444e-02  residual(k)=1.444e-02  residual(omega)=1.444e-02
Time = 340  residual(Ux)=1.426e-02  residual(Uy)=1.426e-02  residual(p)=1.426e-02  residual(k)=1.426e-02  residual(omega)=1.426e-02
Time = 341  residual(Ux)=1.409e-02  residual(Uy)=1.409e-02  residual(p)=1.409e-02  residual(k)=1.409e-02  residual(omega)=1.409e-02
Time = 342  residual(Ux)=1.391e-02  residual(Uy)=1.391e-02  residual(p)=1.391e-02  residual(k)=1.391e-02  residual(omega)=1.391e-02
Time = 343  residual(Ux)=1.374e-02  residual(Uy)=1.374e-02  residual(p)=1.374e-02  residual(k)=1.374e-02  residual(omega)=1.374e-02
Time = 344  residual(Ux)=1.357e-02  residual(Uy)=1.357e-02  residual(p)=1.357e-02  residual(k)=1.357e-02  residual(omega)=1.357e-02
Time = 345  residual(Ux)=1.340e-02  residual(Uy)=1.340e-02  residual(p)=1.340e-02  residual(k)=1.340e-02  residual(omega)=1.340e-02
Time = 346  residual(Ux)=1.323e-02  residual(Uy)=1.323e-02  residual(p)=1.323e-02  residual(k)=1.323e-02  residual(omega)=1.323e-02
Time = 347  residual(Ux)=1.307e-02  residual(Uy)=1.307e-02  residual(p)=1.307e-02  residual(k)=1.307e-02  residual(omega)=1.307e-02
Time = 348  residual(Ux)=1.291e-02  residual(Uy)=1.291e-02  residual(p)=1.291e-02  residual(k)=1.291e-02  residual(omega)=1.291e-02
Time = 349  residual(Ux)=1.275e-02  residual(Uy)=1.275e-02  residual(p)=1.275e-02  residual(k)=1.275e-02  residual(omega)=1.275e-02
Time = 350  residual(Ux)=1.259e-02  residual(Uy)=1.259e-02  residual(p)=1.259e-02  residual(k)=1.259e-02  residual(omega)=1.259e-02
Time = 351  residual(Ux)=1.243e-02  residual(Uy)=1.243e-02  residual(p)=1.243e-02  residual(k)=1.243e-02  residual(omega)=1.243e-02
Time = 352  residual(Ux)=1.228e-02  residual(Uy)=1.228e-02  residual(p)=1.228e-02  residual(k)=1.228e-02  residual(omega)=1.228e-02
Time = 353  residual(Ux)=1.212e-02  residual(Uy)=1.212e-02  residual(p)=1.212e-02  residual(k)=1.212e-02  residual(omega)=1.212e-02
Time = 354  residual(Ux)=1.197e-02  residual(Uy)=1.197e-02  residual(p)=1.197e-02  residual(k)=1.197e-02  residual(omega)=1.197e-02
Time = 355  residual(Ux)=1.183e-02  residual(Uy)=1.183e-02  residual(p)=1.183e-02  residual(k)=1.183e-02  residual(omega)=1.183e-02
Time = 356  residual(Ux)=1.168e-02  residual(Uy)=1.168e-02  residual(p)=1.168e-02  residual(k)=1.168e-02  residual(omega)=1.168e-02
Time = 357  residual(Ux)=1.153e-02  residual(Uy)=1.153e-02  residual(p)=1.153e-02  residual(k)=1.153e-02  residual(omega)=1.153e-02
Time = 358  residual(Ux)=1.139e-02  residual(Uy)=1.139e-02  residual(p)=1.139e-02  residual(k)=1.139e-02  residual(omega)=1.139e-02
Time = 359  residual(Ux)=1.125e-02  residual(Uy)=1.125e-02  residual(p)=1.125e-02  residual(k)=1.125e-02  residual(omega)=1.125e-02
Time = 360  residual(Ux)=1.111e-02  residual(Uy)=1.111e-02  residual(p)=1.111e-02  residual(k)=1.111e-02  residual(omega)=1.111e-02
Time = 361  residual(Ux)=1.097e-02  residual(Uy)=1.097e-02  residual(p)=1.097e-02  residual(k)=1.097e-02  residual(omega)=1.097e-02
Time = 362  residual(Ux)=1.083e-02  residual(Uy)=1.083e-02  residual(p)=1.083e-02  residual(k)=1.083e-02  residual(omega)=1.083e-02
Time = 363  residual(Ux)=1.070e-02  residual(Uy)=1.070e-02  residual(p)=1.070e-02  residual(k)=1.070e-02  residual(omega)=1.070e-02
Time = 364  residual(Ux)=1.057e-02  residual(Uy)=1.057e-02  residual(p)=1.057e-02  residual(k)=1.057e-02  residual(omega)=1.057e-02
Time = 365  residual(Ux)=1.044e-02  residual(Uy)=1.044e-02  residual(p)=1.044e-02  residual(k)=1.044e-02  residual(omega)=1.044e-02
Time = 366  residual(Ux)=1.031e-02  residual(Uy)=1.031e-02  residual(p)=1.031e-02  residual(k)=1.031e-02  residual(omega)=1.031e-02
Time = 367  residual(Ux)=1.018e-02  residual(Uy)=1.018e-02  residual(p)=1.018e-02  residual(k)=1.018e-02  residual(omega)=1.018e-02
Time = 368  residual(Ux)=1.005e-02  residual(Uy)=1.005e-02  residual(p)=1.005e-02  residual(k)=1.005e-02  residual(omega)=1.005e-02
Time = 369  residual(Ux)=9.927e-03  residual(Uy)=9.927e-03  residual(p)=9.927e-03  residual(k)=9.927e-03  residual(omega)=9.927e-03
Time = 370  residual(Ux)=9.804e-03  residual(Uy)=9.804e-03  residual(p)=9.804e-03  residual(k)=9.804e-03  residual(omega)=9.804e-03
Time = 371  residual(Ux)=9.682e-03  residual(Uy)=9.682e-03  residual(p)=9.682e-03  residual(k)=9.682e-03  residual(omega)=9.682e-03
Time = 372  residual(Ux)=9.562e-03  residual(Uy)=9.562e-03  residual(p)=9.562e-03  residual(k)=9.562e-03  residual(omega)=9.562e-03
Time = 373  residual(Ux)=9.443e-03  residual(Uy)=9.443e-03  residual(p)=9.443e-03  residual(k)=9.443e-03  residual(omega)=9.443e-03
Time = 374  residual(Ux)=9.326e-03  residual(Uy)=9.326e-03  residual(p)=9.326e-03  residual(k)=9.326e-03  residual(omega)=9.326e-03
Time = 375  residual(Ux)=9.210e-03  residual(Uy)=9.210e-03  residual(p)=9.210e-03  residual(k)=9.210e-03  residual(omega)=9.210e-03
Time = 376  residual(Ux)=9.095e-03  residual(Uy)=9.095e-03  residual(p)=9.095e-03  residual(k)=9.095e-03  residual(omega)=9.095e-03
Time = 377  residual(Ux)=8.982e-03  residual(Uy)=8.982e-03  residual(p)=8.982e-03  residual(k)=8.982e-03  residual(omega)=8.982e-03
Time = 378  residual(Ux)=8.871e-03  residual(Uy)=8.871e-03  residual(p)=8.871e-03  residual(k)=8.871e-03  residual(omega)=8.871e-03
Time = 379  residual(Ux)=8.761e-03  residual(Uy)=8.761e-03  residual(p)=8.761e-03  residual(k)=8.761e-03  residual(omega)=8.761e-03
Time = 380  residual(Ux)=8.652e-03  residual(Uy)=8.652e-03  residual(p)=8.652e-03  residual(k)=8.652e-03  residual(omega)=8.652e-03
Time = 381  residual(Ux)=8.544e-03  residual(Uy)=8.544e-03  residual(p)=8.544e-03  residual(k)=8.544e-03  residual(omega)=8.544e-03
Time = 382  residual(Ux)=8.438e-03  residual(Uy)=8.438e-03  residual(p)=8.438e-03  residual(k)=8.438e-03  residual(omega)=8.438e-03
Time = 383  residual(Ux)=8.333e-03  residual(Uy)=8.333e-03  residual(p)=8.333e-03  residual(k)=8.333e-03  residual(omega)=8.333e-03
Time = 384  residual(Ux)=8.230e-03  residual(Uy)=8.230e-03  residual(p)=8.230e-03  residual(k)=8.230e-03  residual(omega)=8.230e-03
Time = 385  residual(Ux)=8.128e-03  residual(Uy)=8.128e-03  residual(p)=8.128e-03  residual(k)=8.128e-03  residual(omega)=8.128e-03
Time = 386  residual(Ux)=8.027e-03  residual(Uy)=8.027e-03  residual(p)=8.027e-03  residual(k)=8.027e-03  residual(omega)=8.027e-03
Time = 387  residual(Ux)=7.927e-03  residual(Uy)=7.927e-03  residual(p)=7.927e-03  residual(k)=7.927e-03  residual(omega)=7.927e-03
Time = 388  residual(Ux)=7.828e-03  residual(Uy)=7.828e-03  residual(p)=7.828e-03  residual(k)=7.828e-03  residual(omega)=7.828e-03
Time = 389  residual(Ux)=7.731e-03  residual(Uy)=7.731e-03  residual(p)=7.731e-03  residual(k)=7.731e-03  residual(omega)=7.731e-03
Time = 390  residual(Ux)=7.635e-03  residual(Uy)=7.635e-03  residual(p)=7.635e-03  residual(k)=7.635e-03  residual(omega)=7.635e-03
Time = 391  residual(Ux)=7.540e-03  residual(Uy)=7.540e-03  residual(p)=7.540e-03  residual(k)=7.540e-03  residual(omega)=7.540e-03
Time = 392  residual(Ux)=7.447e-03  residual(Uy)=7.447e-03  residual(p)=7.447e-03  residual(k)=7.447e-03  residual(omega)=7.447e-03
Time = 393  residual(Ux)=7.354e-03  residual(Uy)=7.354e-03  residual(p)=7.354e-03  residual(k)=7.354e-03  residual(omega)=7.354e-03
Time = 394  residual(Ux)=7.263e-03  residual(Uy)=7.263e-03  residual(p)=7.263e-03  residual(k)=7.263e-03  residual(omega)=7.263e-03
Time = 395  residual(Ux)=7.173e-03  residual(Uy)=7.173e-03  residual(p)=7.173e-03  residual(k)=7.173e-03  residual(omega)=7.173e-03
Time = 396  residual(Ux)=7.083e-03  residual(Uy)=7.083e-03  residual(p)=7.083e-03  residual(k)=7.083e-03  residual(omega)=7.083e-03
Time = 397  residual(Ux)=6.995e-03  residual(Uy)=6.995e-03  residual(p)=6.995e-03  residual(k)=6.995e-03  residual(omega)=6.995e-03
Time = 398  residual(Ux)=6.909e-03  residual(Uy)=6.909e-03  residual(p)=6.909e-03  residual(k)=6.909e-03  residual(omega)=6.909e-03
Time = 399  residual(Ux)=6.823e-03  residual(Uy)=6.823e-03  residual(p)=6.823e-03  residual(k)=6.823e-03  residual(omega)=6.823e-03
Time = 400  residual(Ux)=6.738e-03  residual(Uy)=6.738e-03  residual(p)=6.738e-03  residual(k)=6.738e-03  residual(omega)=6.738e-03
Time = 401  residual(Ux)=6.654e-03  residual(Uy)=6.654e-03  residual(p)=6.654e-03  residual(k)=6.654e-03  residual(omega)=6.654e-03
Time = 402  residual(Ux)=6.572e-03  residual(Uy)=6.572e-03  residual(p)=6.572e-03  residual(k)=6.572e-03  residual(omega)=6.572e-03
Time = 403  residual(Ux)=6.490e-03  residual(Uy)=6.490e-03  residual(p)=6.490e-03  residual(k)=6.490e-03  residual(omega)=6.490e-03
Time = 404  residual(Ux)=6.409e-03  residual(Uy)=6.409e-03  residual(p)=6.409e-03  residual(k)=6.409e-03  residual(omega)=6.409e-03
Time = 405  residual(Ux)=6.330e-03  residual(Uy)=6.330e-03  residual(p)=6.330e-03  residual(k)=6.330e-03  residual(omega)=6.330e-03
Time = 406  residual(Ux)=6.251e-03  residual(Uy)=6.251e-03  residual(p)=6.251e-03  residual(k)=6.251e-03  residual(omega)=6.251e-03
Time = 407  residual(Ux)=6.173e-03  residual(Uy)=6.173e-03  residual(p)=6.173e-03  residual(k)=6.173e-03  residual(omega)=6.173e-03
Time = 408  residual(Ux)=6.097e-03  residual(Uy)=6.097e-03  residual(p)=6.097e-03  residual(k)=6.097e-03  residual(omega)=6.097e-03
Time = 409  residual(Ux)=6.021e-03  residual(Uy)=6.021e-03  residual(p)=6.021e-03  residual(k)=6.021e-03  residual(omega)=6.021e-03
Time = 410  residual(Ux)=5.946e-03  residual(Uy)=5.946e-03  residual(p)=5.946e-03  residual(k)=5.946e-03  residual(omega)=5.946e-03
Time = 411  residual(Ux)=5.872e-03  residual(Uy)=5.872e-03  residual(p)=5.872e-03  residual(k)=5.872e-03  residual(omega)=5.872e-03
Time = 412  residual(Ux)=5.799e-03  residual(Uy)=5.799e-03  residual(p)=5.799e-03  residual(k)=5.799e-03  residual(omega)=5.799e-03
Time = 413  residual(Ux)=5.727e-03  residual(Uy)=5.727e-03  residual(p)=5.727e-03  residual(k)=5.727e-03  residual(omega)=5.727e-03
Time = 414  residual(Ux)=5.656e-03  residual(Uy)=5.656e-03  residual(p)=5.656e-03  residual(k)=5.656e-03  residual(omega)=5.656e-03
Time = 415  residual(Ux)=5.586e-03  residual(Uy)=5.586e-03  residual(p)=5.586e-03  residual(k)=5.586e-03  residual(omega)=5.586e-03
Time = 416  residual(Ux)=5.517e-03  residual(Uy)=5.517e-03  residual(p)=5.517e-03  residual(k)=5.517e-03  residual(omega)=5.517e-03
Time = 417  residual(Ux)=5.448e-03  residual(Uy)=5.448e-03  residual(p)=5.448e-03  residual(k)=5.448e-03  residual(omega)=5.448e-03
Time = 418  residual(Ux)=5.380e-03  residual(Uy)=5.380e-03  residual(p)=5.380e-03  residual(k)=5.380e-03  residual(omega)=5.380e-03
Time = 419  residual(Ux)=5.314e-03  residual(Uy)=5.314e-03  residual(p)=5.314e-03  residual(k)=5.314e-03  residual(omega)=5.314e-03
Time = 420  residual(Ux)=5.248e-03  residual(Uy)=5.248e-03  residual(p)=5.248e-03  residual(k)=5.248e-03  residual(omega)=5.248e-03
Time = 421  residual(Ux)=5.182e-03  residual(Uy)=5.182e-03  residual(p)=5.182e-03  residual(k)=5.182e-03  residual(omega)=5.182e-03
Time = 422  residual(Ux)=5.118e-03  residual(Uy)=5.118e-03  residual(p)=5.118e-03  residual(k)=5.118e-03  residual(omega)=5.118e-03
Time = 423  residual(Ux)=5.054e-03  residual(Uy)=5.054e-03  residual(p)=5.054e-03  residual(k)=5.054e-03  residual(omega)=5.054e-03
Time = 424  residual(Ux)=4.992e-03  residual(Uy)=4.992e-03  residual(p)=4.992e-03  residual(k)=4.992e-03  residual(omega)=4.992e-03
Time = 425  residual(Ux)=4.930e-03  residual(Uy)=4.930e-03  residual(p)=4.930e-03  residual(k)=4.930e-03  residual(omega)=4.930e-03
Time = 426  residual(Ux)=4.868e-03  residual(Uy)=4.868e-03  residual(p)=4.868e-03  residual(k)=4.868e-03  residual(omega)=4.868e-03
Time = 427  residual(Ux)=4.808e-03  residual(Uy)=4.808e-03  residual(p)=4.808e-03  residual(k)=4.808e-03  residual(omega)=4.808e-03
Time = 428  residual(Ux)=4.748e-03  residual(Uy)=4.748e-03  residual(p)=4.748e-03  residual(k)=4.748e-03  residual(omega)=4.748e-03
Time = 429  residual(Ux)=4.689e-03  residual(Uy)=4.689e-03  residual(p)=4.689e-03  residual(k)=4.689e-03  residual(omega)=4.689e-03
Time = 430  residual(Ux)=4.631e-03  residual(Uy)=4.631e-03  residual(p)=4.631e-03  residual(k)=4.631e-03  residual(omega)=4.631e-03
Time = 431  residual(Ux)=4.573e-03  residual(Uy)=4.573e-03  residual(p)=4.573e-03  residual(k)=4.573e-03  residual(omega)=4.573e-03
Time = 432  residual(Ux)=4.517e-03  residual(Uy)=4.517e-03  residual(p)=4.517e-03  residual(k)=4.517e-03  residual(omega)=4.517e-03
Time = 433  residual(Ux)=4.460e-03  residual(Uy)=4.460e-03  residual(p)=4.460e-03  residual(k)=4.460e-03  residual(omega)=4.460e-03
Time = 434  residual(Ux)=4.405e-03  residual(Uy)=4.405e-03  residual(p)=4.405e-03  residual(k)=4.405e-03  residual(omega)=4.405e-03
Time = 435  residual(Ux)=4.350e-03  residual(Uy)=4.350e-03  residual(p)=4.350e-03  residual(k)=4.350e-03  residual(omega)=4.350e-03
Time = 436  residual(Ux)=4.296e-03  residual(Uy)=4.296e-03  residual(p)=4.296e-03  residual(k)=4.296e-03  residual(omega)=4.296e-03
Time = 437  residual(Ux)=4.243e-03  residual(Uy)=4.243e-03  residual(p)=4.243e-03  residual(k)=4.243e-03  residual(omega)=4.243e-03
Time = 438  residual(Ux)=4.190e-03  residual(Uy)=4.190e-03  residual(p)=4.190e-03  residual(k)=4.190e-03  residual(omega)=4.190e-03
Time = 439  residual(Ux)=4.138e-03  residual(Uy)=4.138e-03  residual(p)=4.138e-03  residual(k)=4.138e-03  residual(omega)=4.138e-03
Time = 440  residual(Ux)=4.087e-03  residual(Uy)=4.087e-03  residual(p)=4.087e-03  residual(k)=4.087e-03  residual(omega)=4.087e-03
Time = 441  residual(Ux)=4.036e-03  residual(Uy)=4.036e-03  residual(p)=4.036e-03  residual(k)=4.036e-03  residual(omega)=4.036e-03
Time = 442  residual(Ux)=3.986e-03  residual(Uy)=3.986e-03  residual(p)=3.986e-03  residual(k)=3.986e-03  residual(omega)=3.986e-03
Time = 443  residual(Ux)=3.936e-03  residual(Uy)=3.936e-03  residual(p)=3.936e-03  residual(k)=3.936e-03  residual(omega)=3.936e-03
Time = 444  residual(Ux)=3.887e-03  residual(Uy)=3.887e-03  residual(p)=3.887e-03  residual(k)=3.887e-03  residual(omega)=3.887e-03
Time = 445  residual(Ux)=3.839e-03  residual(Uy)=3.839e-03  residual(p)=3.839e-03  residual(k)=3.839e-03  residual(omega)=3.839e-03
Time = 446  residual(Ux)=3.791e-03  residual(Uy)=3.791e-03  residual(p)=3.791e-03  residual(k)=3.791e-03  residual(omega)=3.791e-03
Time = 447  residual(Ux)=3.744e-03  residual(Uy)=3.744e-03  residual(p)=3.744e-03  residual(k)=3.744e-03  residual(omega)=3.744e-03
Time = 448  residual(Ux)=3.698e-03  residual(Uy)=3.698e-03  residual(p)=3.698e-03  residual(k)=3.698e-03  residual(omega)=3.698e-03
Time = 449  residual(Ux)=3.652e-03  residual(Uy)=3.652e-03  residual(p)=3.652e-03  residual(k)=3.652e-03  residual(omega)=3.652e-03
Time = 450  residual(Ux)=3.607e-03  residual(Uy)=3.607e-03  residual(p)=3.607e-03  residual(k)=3.607e-03  residual(omega)=3.607e-03
Time = 451  residual(Ux)=3.562e-03  residual(Uy)=3.562e-03  residual(p)=3.562e-03  residual(k)=3.562e-03  residual(omega)=3.562e-03
Time = 452  residual(Ux)=3.518e-03  residual(Uy)=3.518e-03  residual(p)=3.518e-03  residual(k)=3.518e-03  residual(omega)=3.518e-03
Time = 453  residual(Ux)=3.474e-03  residual(Uy)=3.474e-03  residual(p)=3.474e-03  residual(k)=3.474e-03  residual(omega)=3.474e-03
Time = 454  residual(Ux)=3.431e-03  residual(Uy)=3.431e-03  residual(p)=3.431e-03  residual(k)=3.431e-03  residual(omega)=3.431e-03
Time = 455  residual(Ux)=3.388e-03  residual(Uy)=3.388e-03  residual(p)=3.388e-03  residual(k)=3.388e-03  residual(omega)=3.388e-03
Time = 456  residual(Ux)=3.346e-03  residual(Uy)=3.346e-03  residual(p)=3.346e-03  residual(k)=3.346e-03  residual(omega)=3.346e-03
Time = 457  residual(Ux)=3.304e-03  residual(Uy)=3.304e-03  residual(p)=3.304e-03  residual(k)=3.304e-03  residual(omega)=3.304e-03
Time = 458  residual(Ux)=3.263e-03  residual(Uy)=3.263e-03  residual(p)=3.263e-03  residual(k)=3.263e-03  residual(omega)=3.263e-03
Time = 459  residual(Ux)=3.223e-03  residual(Uy)=3.223e-03  residual(p)=3.223e-03  residual(k)=3.223e-03  residual(omega)=3.223e-03
Time = 460  residual(Ux)=3.183e-03  residual(Uy)=3.183e-03  residual(p)=3.183e-03  residual(k)=3.183e-03  residual(omega)=3.183e-03
Time = 461  residual(Ux)=3.143e-03  residual(Uy)=3.143e-03  residual(p)=3.143e-03  residual(k)=3.143e-03  residual(omega)=3.143e-03
Time = 462  residual(Ux)=3.104e-03  residual(Uy)=3.104e-03  residual(p)=3.104e-03  residual(k)=3.104e-03  residual(omega)=3.104e-03
Time = 463  residual(Ux)=3.066e-03  residual(Uy)=3.066e-03  residual(p)=3.066e-03  residual(k)=3.066e-03  residual(omega)=3.066e-03
Time = 464  residual(Ux)=3.028e-03  residual(Uy)=3.028e-03  residual(p)=3.028e-03  residual(k)=3.028e-03  residual(omega)=3.028e-03
Time = 465  residual(Ux)=2.990e-03  residual(Uy)=2.990e-03  residual(p)=2.990e-03  residual(k)=2.990e-03  residual(omega)=2.990e-03
Time = 466  residual(Ux)=2.953e-03  residual(Uy)=2.953e-03  residual(p)=2.953e-03  residual(k)=2.953e-03  residual(omega)=2.953e-03
Time = 467  residual(Ux)=2.916e-03  residual(Uy)=2.916e-03  residual(p)=2.916e-03  residual(k)=2.916e-03  residual(omega)=2.916e-03
Time = 468  residual(Ux)=2.880e-03  residual(Uy)=2.880e-03  residual(p)=2.880e-03  residual(k)=2.880e-03  residual(omega)=2.880e-03
Time = 469  residual(Ux)=2.844e-03  residual(Uy)=2.844e-03  residual(p)=2.844e-03  residual(k)=2.844e-03  residual(omega)=2.844e-03
Time = 470  residual(Ux)=2.809e-03  residual(Uy)=2.809e-03  residual(p)=2.809e-03  residual(k)=2.809e-03  residual(omega)=2.809e-03
Time = 471  residual(Ux)=2.774e-03  residual(Uy)=2.774e-03  residual(p)=2.774e-03  residual(k)=2.774e-03  residual(omega)=2.774e-03
Time = 472  residual(Ux)=2.739e-03  residual(Uy)=2.739e-03  residual(p)=2.739e-03  residual(k)=2.739e-03  residual(omega)=2.739e-03
Time = 473  residual(Ux)=2.705e-03  residual(Uy)=2.705e-03  residual(p)=2.705e-03  residual(k)=2.705e-03  residual(omega)=2.705e-03
Time = 474  residual(Ux)=2.672e-03  residual(Uy)=2.672e-03  residual(p)=2.672e-03  residual(k)=2.672e-03  residual(omega)=2.672e-03
Time = 475  residual(Ux)=2.639e-03  residual(Uy)=2.639e-03  residual(p)=2.639e-03  residual(k)=2.639e-03  residual(omega)=2.639e-03
Time = 476  residual(Ux)=2.606e-03  residual(Uy)=2.606e-03  residual(p)=2.606e-03  residual(k)=2.606e-03  residual(omega)=2.606e-03
Time = 477  residual(Ux)=2.573e-03  residual(Uy)=2.573e-03  residual(p)=2.573e-03  residual(k)=2.573e-03  residual(omega)=2.573e-03
Time = 478  residual(Ux)=2.542e-03  residual(Uy)=2.542e-03  residual(p)=2.542e-03  residual(k)=2.542e-03  residual(omega)=2.542e-03
Time = 479  residual(Ux)=2.510e-03  residual(Uy)=2.510e-03  residual(p)=2.510e-03  residual(k)=2.510e-03  residual(omega)=2.510e-03
Time = 480  residual(Ux)=2.479e-03  residual(Uy)=2.479e-03  residual(p)=2.479e-03  residual(k)=2.479e-03  residual(omega)=2.479e-03
Time = 481  residual(Ux)=2.448e-03  residual(Uy)=2.448e-03  residual(p)=2.448e-03  residual(k)=2.448e-03  residual(omega)=2.448e-03
Time = 482  residual(Ux)=2.418e-03  residual(Uy)=2.418e-03  residual(p)=2.418e-03  residual(k)=2.418e-03  residual(omega)=2.418e-03
Time = 483  residual(Ux)=2.388e-03  residual(Uy)=2.388e-03  residual(p)=2.388e-03  residual(k)=2.388e-03  residual(omega)=2.388e-03
Time = 484  residual(Ux)=2.358e-03  residual(Uy)=2.358e-03  residual(p)=2.358e-03  residual(k)=2.358e-03  residual(omega)=2.358e-03
Time = 485  residual(Ux)=2.329e-03  residual(Uy)=2.329e-03  residual(p)=2.329e-03  residual(k)=2.329e-03  residual(omega)=2.329e-03
Time = 486  residual(Ux)=2.300e-03  residual(Uy)=2.300e-03  residual(p)=2.300e-03  residual(k)=2.300e-03  residual(omega)=2.300e-03
Time = 487  residual(Ux)=2.271e-03  residual(Uy)=2.271e-03  residual(p)=2.271e-03  residual(k)=2.271e-03  residual(omega)=2.271e-03
Time = 488  residual(Ux)=2.243e-03  residual(Uy)=2.243e-03  residual(p)=2.243e-03  residual(k)=2.243e-03  residual(omega)=2.243e-03
Time = 489  residual(Ux)=2.215e-03  residual(Uy)=2.215e-03  residual(p)=2.215e-03  residual(k)=2.215e-03  residual(omega)=2.215e-03
Time = 490  residual(Ux)=2.187e-03  residual(Uy)=2.187e-03  residual(p)=2.187e-03  residual(k)=2.187e-03  residual(omega)=2.187e-03
Time = 491  residual(Ux)=2.160e-03  residual(Uy)=2.160e-03  residual(p)=2.160e-03  residual(k)=2.160e-03  residual(omega)=2.160e-03
Time = 492  residual(Ux)=2.133e-03  residual(Uy)=2.133e-03  residual(p)=2.133e-03  residual(k)=2.133e-03  residual(omega)=2.133e-03
Time = 493  residual(Ux)=2.107e-03  residual(Uy)=2.107e-03  residual(p)=2.107e-03  residual(k)=2.107e-03  residual(omega)=2.107e-03
Time = 494  residual(Ux)=2.081e-03  residual(Uy)=2.081e-03  residual(p)=2.081e-03  residual(k)=2.081e-03  residual(omega)=2.081e-03
Time = 495  residual(Ux)=2.055e-03  residual(Uy)=2.055e-03  residual(p)=2.055e-03  residual(k)=2.055e-03  residual(omega)=2.055e-03
Time = 496  residual(Ux)=2.029e-03  residual(Uy)=2.029e-03  residual(p)=2.029e-03  residual(k)=2.029e-03  residual(omega)=2.029e-03
Time = 497  residual(Ux)=2.004e-03  residual(Uy)=2.004e-03  residual(p)=2.004e-03  residual(k)=2.004e-03  residual(omega)=2.004e-03
Time = 498  residual(Ux)=1.979e-03  residual(Uy)=1.979e-03  residual(p)=1.979e-03  residual(k)=1.979e-03  residual(omega)=1.979e-03
Time = 499  residual(Ux)=1.955e-03  residual(Uy)=1.955e-03  residual(p)=1.955e-03  residual(k)=1.955e-03  residual(omega)=1.955e-03
Time = 500  residual(Ux)=1.930e-03  residual(Uy)=1.930e-03  residual(p)=1.930e-03  residual(k)=1.930e-03  residual(omega)=1.930e-03
Time = 501  residual(Ux)=1.906e-03  residual(Uy)=1.906e-03  residual(p)=1.906e-03  residual(k)=1.906e-03  residual(omega)=1.906e-03
Time = 502  residual(Ux)=1.883e-03  residual(Uy)=1.883e-03  residual(p)=1.883e-03  residual(k)=1.883e-03  residual(omega)=1.883e-03
Time = 503  residual(Ux)=1.859e-03  residual(Uy)=1.859e-03  residual(p)=1.859e-03  residual(k)=1.859e-03  residual(omega)=1.859e-03
Time = 504  residual(Ux)=1.836e-03  residual(Uy)=1.836e-03  residual(p)=1.836e-03  residual(k)=1.836e-03  residual(omega)=1.836e-03
Time = 505  residual(Ux)=1.813e-03  residual(Uy)=1.813e-03  residual(p)=1.813e-03  residual(k)=1.813e-03  residual(omega)=1.813e-03
Time = 506  residual(Ux)=1.791e-03  residual(Uy)=1.791e-03  residual(p)=1.791e-03  residual(k)=1.791e-03  residual(omega)=1.791e-03
Time = 507  residual(Ux)=1.769e-03  residual(Uy)=1.769e-03  residual(p)=1.769e-03  residual(k)=1.769e-03  residual(omega)=1.769e-03
Time = 508  residual(Ux)=1.747e-03  residual(Uy)=1.747e-03  residual(p)=1.747e-03  residual(k)=1.747e-03  residual(omega)=1.747e-03
Time = 509  residual(Ux)=1.725e-03  residual(Uy)=1.725e-03  residual(p)=1.725e-03  residual(k)=1.725e-03  residual(omega)=1.725e-03
Time = 510  residual(Ux)=1.704e-03  residual(Uy)=1.704e-03  residual(p)=1.704e-03  residual(k)=1.704e-03  residual(omega)=1.704e-03
Time = 511  residual(Ux)=1.682e-03  residual(Uy)=1.682e-03  residual(p)=1.682e-03  residual(k)=1.682e-03  residual(omega)=1.682e-03
Time = 512  residual(Ux)=1.662e-03  residual(Uy)=1.662e-03  residual(p)=1.662e-03  residual(k)=1.662e-03  residual(omega)=1.662e-03
Time = 513  residual(Ux)=1.641e-03  residual(Uy)=1.641e-03  residual(p)=1.641e-03  residual(k)=1.641e-03  residual(omega)=1.641e-03
Time = 514  residual(Ux)=1.621e-03  residual(Uy)=1.621e-03  residual(p)=1.621e-03  residual(k)=1.621e-03  residual(omega)=1.621e-03
Time = 515  residual(Ux)=1.600e-03  residual(Uy)=1.600e-03  residual(p)=1.600e-03  residual(k)=1.600e-03  residual(omega)=1.600e-03
Time = 516  residual(Ux)=1.581e-03  residual(Uy)=1.581e-03  residual(p)=1.581e-03  residual(k)=1.581e-03  residual(omega)=1.581e-03
Time = 517  residual(Ux)=1.561e-03  residual(Uy)=1.561e-03  residual(p)=1.561e-03  residual(k)=1.561e-03  residual(omega)=1.561e-03
Time = 518  residual(Ux)=1.541e-03  residual(Uy)=1.541e-03  residual(p)=1.541e-03  residual(k)=1.541e-03  residual(omega)=1.541e-03
Time = 519  residual(Ux)=1.522e-03  residual(Uy)=1.522e-03  residual(p)=1.522e-03  residual(k)=1.522e-03  residual(omega)=1.522e-03
Time = 520  residual(Ux)=1.503e-03  residual(Uy)=1.503e-03  residual(p)=1.503e-03  residual(k)=1.503e-03  residual(omega)=1.503e-03
Time = 521  residual(Ux)=1.485e-03  residual(Uy)=1.485e-03  residual(p)=1.485e-03  residual(k)=1.485e-03  residual(omega)=1.485e-03
Time = 522  residual(Ux)=1.466e-03  residual(Uy)=1.466e-03  residual(p)=1.466e-03  residual(k)=1.466e-03  residual(omega)=1.466e-03
Time = 523  residual(Ux)=1.448e-03  residual(Uy)=1.448e-03  residual(p)=1.448e-03  residual(k)=1.448e-03  residual(omega)=1.448e-03
Time = 524  residual(Ux)=1.430e-03  residual(Uy)=1.430e-03  residual(p)=1.430e-03  residual(k)=1.430e-03  residual(omega)=1.430e-03
Time = 525  residual(Ux)=1.412e-03  residual(Uy)=1.412e-03  residual(p)=1.412e-03  residual(k)=1.412e-03  residual(omega)=1.412e-03
Time = 526  residual(Ux)=1.395e-03  residual(Uy)=1.395e-03  residual(p)=1.395e-03  residual(k)=1.395e-03  residual(omega)=1.395e-03
Time = 527  residual(Ux)=1.377e-03  residual(Uy)=1.377e-03  residual(p)=1.377e-03  residual(k)=1.377e-03  residual(omega)=1.377e-03
Time = 528  residual(Ux)=1.360e-03  residual(Uy)=1.360e-03  residual(p)=1.360e-03  residual(k)=1.360e-03  residual(omega)=1.360e-03
Time = 529  residual(Ux)=1.343e-03  residual(Uy)=1.343e-03  residual(p)=1.343e-03  residual(k)=1.343e-03  residual(omega)=1.343e-03
Time = 530  residual(Ux)=1.327e-03  residual(Uy)=1.327e-03  residual(p)=1.327e-03  residual(k)=1.327e-03  residual(omega)=1.327e-03
Time = 531  residual(Ux)=1.310e-03  residual(Uy)=1.310e-03  residual(p)=1.310e-03  residual(k)=1.310e-03  residual(omega)=1.310e-03
Time = 532  residual(Ux)=1.294e-03  residual(Uy)=1.294e-03  residual(p)=1.294e-03  residual(k)=1.294e-03  residual(omega)=1.294e-03
Time = 533  residual(Ux)=1.278e-03  residual(Uy)=1.278e-03  residual(p)=1.278e-03  residual(k)=1.278e-03  residual(omega)=1.278e-03
Time = 534  residual(Ux)=1.262e-03  residual(Uy)=1.262e-03  residual(p)=1.262e-03  residual(k)=1.262e-03  residual(omega)=1.262e-03
Time = 535  residual(Ux)=1.246e-03  residual(Uy)=1.246e-03  residual(p)=1.246e-03  residual(k)=1.246e-03  residual(omega)=1.246e-03
Time = 536  residual(Ux)=1.231e-03  residual(Uy)=1.231e-03  residual(p)=1.231e-03  residual(k)=1.231e-03  residual(omega)=1.231e-03
Time = 537  residual(Ux)=1.216e-03  residual(Uy)=1.216e-03  residual(p)=1.216e-03  residual(k)=1.216e-03  residual(omega)=1.216e-03
Time = 538  residual(Ux)=1.201e-03  residual(Uy)=1.201e-03  residual(p)=1.201e-03  residual(k)=1.201e-03  residual(omega)=1.201e-03
Time = 539  residual(Ux)=1.186e-03  residual(Uy)=1.186e-03  residual(p)=1.186e-03  residual(k)=1.186e-03  residual(omega)=1.186e-03
Time = 540  residual(Ux)=1.171e-03  residual(Uy)=1.171e-03  residual(p)=1.171e-03  residual(k)=1.171e-03  residual(omega)=1.171e-03
Time = 541  residual(Ux)=1.156e-03  residual(Uy)=1.156e-03  residual(p)=1.156e-03  residual(k)=1.156e-03  residual(omega)=1.156e-03
Time = 542  residual(Ux)=1.142e-03  residual(Uy)=1.142e-03  residual(p)=1.142e-03  residual(k)=1.142e-03  residual(omega)=1.142e-03
Time = 543  residual(Ux)=1.128e-03  residual(Uy)=1.128e-03  residual(p)=1.128e-03  residual(k)=1.128e-03  residual(omega)=1.128e-03
Time = 544  residual(Ux)=1.114e-03  residual(Uy)=1.114e-03  residual(p)=1.114e-03  residual(k)=1.114e-03  residual(omega)=1.114e-03
Time = 545  residual(Ux)=1.100e-03  residual(Uy)=1.100e-03  residual(p)=1.100e-03  residual(k)=1.100e-03  residual(omega)=1.100e-03
Time = 546  residual(Ux)=1.086e-03  residual(Uy)=1.086e-03  residual(p)=1.086e-03  residual(k)=1.086e-03  residual(omega)=1.086e-03
Time = 547  residual(Ux)=1.073e-03  residual(Uy)=1.073e-03  residual(p)=1.073e-03  residual(k)=1.073e-03  residual(omega)=1.073e-03
Time = 548  residual(Ux)=1.059e-03  residual(Uy)=1.059e-03  residual(p)=1.059e-03  residual(k)=1.059e-03  residual(omega)=1.059e-03
Time = 549  residual(Ux)=1.046e-03  residual(Uy)=1.046e-03  residual(p)=1.046e-03  residual(k)=1.046e-03  residual(omega)=1.046e-03
Time = 550  residual(Ux)=1.033e-03  residual(Uy)=1.033e-03  residual(p)=1.033e-03  residual(k)=1.033e-03  residual(omega)=1.033e-03
Time = 551  residual(Ux)=1.020e-03  residual(Uy)=1.020e-03  residual(p)=1.020e-03  residual(k)=1.020e-03  residual(omega)=1.020e-03
Time = 552  residual(Ux)=1.008e-03  residual(Uy)=1.008e-03  residual(p)=1.008e-03  residual(k)=1.008e-03  residual(omega)=1.008e-03
Time = 553  residual(Ux)=9.953e-04  residual(Uy)=9.953e-04  residual(p)=9.953e-04  residual(k)=9.953e-04  residual(omega)=9.953e-04
Time = 554  residual(Ux)=9.829e-04  residual(Uy)=9.829e-04  residual(p)=9.829e-04  residual(k)=9.829e-04  residual(omega)=9.829e-04
Time = 555  residual(Ux)=9.707e-04  residual(Uy)=9.707e-04  residual(p)=9.707e-04  residual(k)=9.707e-04  residual(omega)=9.707e-04
Time = 556  residual(Ux)=9.586e-04  residual(Uy)=9.586e-04  residual(p)=9.586e-04  residual(k)=9.586e-04  residual(omega)=9.586e-04
Time = 557  residual(Ux)=9.467e-04  residual(Uy)=9.467e-04  residual(p)=9.467e-04  residual(k)=9.467e-04  residual(omega)=9.467e-04
Time = 558  residual(Ux)=9.350e-04  residual(Uy)=9.350e-04  residual(p)=9.350e-04  residual(k)=9.350e-04  residual(omega)=9.350e-04
Time = 559  residual(Ux)=9.234e-04  residual(Uy)=9.234e-04  residual(p)=9.234e-04  residual(k)=9.234e-04  residual(omega)=9.234e-04
Time = 560  residual(Ux)=9.119e-04  residual(Uy)=9.119e-04  residual(p)=9.119e-04  residual(k)=9.119e-04  residual(omega)=9.119e-04
Time = 561  residual(Ux)=9.006e-04  residual(Uy)=9.006e-04  residual(p)=9.006e-04  residual(k)=9.006e-04  residual(omega)=9.006e-04
Time = 562  residual(Ux)=8.894e-04  residual(Uy)=8.894e-04  residual(p)=8.894e-04  residual(k)=8.894e-04  residual(omega)=8.894e-04
Time = 563  residual(Ux)=8.783e-04  residual(Uy)=8.783e-04  residual(p)=8.783e-04  residual(k)=8.783e-04  residual(omega)=8.783e-04
Time = 564  residual(Ux)=8.674e-04  residual(Uy)=8.674e-04  residual(p)=8.674e-04  residual(k)=8.674e-04  residual(omega)=8.674e-04
Time = 565  residual(Ux)=8.566e-04  residual(Uy)=8.566e-04  residual(p)=8.566e-04  residual(k)=8.566e-04  residual(omega)=8.566e-04
Time = 566  residual(Ux)=8.460e-04  residual(Uy)=8.460e-04  residual(p)=8.460e-04  residual(k)=8.460e-04  residual(omega)=8.460e-04
Time = 567  residual(Ux)=8.355e-04  residual(Uy)=8.355e-04  residual(p)=8.355e-04  residual(k)=8.355e-04  residual(omega)=8.355e-04
Time = 568  residual(Ux)=8.251e-04  residual(Uy)=8.251e-04  residual(p)=8.251e-04  residual(k)=8.251e-04  residual(omega)=8.251e-04
Time = 569  residual(Ux)=8.149e-04  residual(Uy)=8.149e-04  residual(p)=8.149e-04  residual(k)=8.149e-04  residual(omega)=8.149e-04
Time = 570  residual(Ux)=8.047e-04  residual(Uy)=8.047e-04  residual(p)=8.047e-04  residual(k)=8.047e-04  residual(omega)=8.047e-04
Time = 571  residual(Ux)=7.947e-04  residual(Uy)=7.947e-04  residual(p)=7.947e-04  residual(k)=7.947e-04  residual(omega)=7.947e-04
Time = 572  residual(Ux)=7.849e-04  residual(Uy)=7.849e-04  residual(p)=7.849e-04  residual(k)=7.849e-04  residual(omega)=7.849e-04
Time = 573  residual(Ux)=7.751e-04  residual(Uy)=7.751e-04  residual(p)=7.751e-04  residual(k)=7.751e-04  residual(omega)=7.751e-04
Time = 574  residual(Ux)=7.655e-04  residual(Uy)=7.655e-04  residual(p)=7.655e-04  residual(k)=7.655e-04  residual(omega)=7.655e-04
Time = 575  residual(Ux)=7.560e-04  residual(Uy)=7.560e-04  residual(p)=7.560e-04  residual(k)=7.560e-04  residual(omega)=7.560e-04
Time = 576  residual(Ux)=7.466e-04  residual(Uy)=7.466e-04  residual(p)=7.466e-04  residual(k)=7.466e-04  residual(omega)=7.466e-04
Time = 577  residual(Ux)=7.373e-04  residual(Uy)=7.373e-04  residual(p)=7.373e-04  residual(k)=7.373e-04  residual(omega)=7.373e-04
Time = 578  residual(Ux)=7.282e-04  residual(Uy)=7.282e-04  residual(p)=7.282e-04  residual(k)=7.282e-04  residual(omega)=7.282e-04
Time = 579  residual(Ux)=7.191e-04  residual(Uy)=7.191e-04  residual(p)=7.191e-04  residual(k)=7.191e-04  residual(omega)=7.191e-04
Time = 580  residual(Ux)=7.102e-04  residual(Uy)=7.102e-04  residual(p)=7.102e-04  residual(k)=7.102e-04  residual(omega)=7.102e-04
Time = 581  residual(Ux)=7.014e-04  residual(Uy)=7.014e-04  residual(p)=7.014e-04  residual(k)=7.014e-04  residual(omega)=7.014e-04
Time = 582  residual(Ux)=6.926e-04  residual(Uy)=6.926e-04  residual(p)=6.926e-04  residual(k)=6.926e-04  residual(omega)=6.926e-04
Time = 583  residual(Ux)=6.840e-04  residual(Uy)=6.840e-04  residual(p)=6.840e-04  residual(k)=6.840e-04  residual(omega)=6.840e-04
Time = 584  residual(Ux)=6.755e-04  residual(Uy)=6.755e-04  residual(p)=6.755e-04  residual(k)=6.755e-04  residual(omega)=6.755e-04
Time = 585  residual(Ux)=6.671e-04  residual(Uy)=6.671e-04  residual(p)=6.671e-04  residual(k)=6.671e-04  residual(omega)=6.671e-04
Time = 586  residual(Ux)=6.589e-04  residual(Uy)=6.589e-04  residual(p)=6.589e-04  residual(k)=6.589e-04  residual(omega)=6.589e-04
Time = 587  residual(Ux)=6.507e-04  residual(Uy)=6.507e-04  residual(p)=6.507e-04  residual(k)=6.507e-04  residual(omega)=6.507e-04
Time = 588  residual(Ux)=6.426e-04  residual(Uy)=6.426e-04  residual(p)=6.426e-04  residual(k)=6.426e-04  residual(omega)=6.426e-04
Time = 589  residual(Ux)=6.346e-04  residual(Uy)=6.346e-04  residual(p)=6.346e-04  residual(k)=6.346e-04  residual(omega)=6.346e-04
Time = 590  residual(Ux)=6.267e-04  residual(Uy)=6.267e-04  residual(p)=6.267e-04  residual(k)=6.267e-04  residual(omega)=6.267e-04
Time = 591  residual(Ux)=6.189e-04  residual(Uy)=6.189e-04  residual(p)=6.189e-04  residual(k)=6.189e-04  residual(omega)=6.189e-04
Time = 592  residual(Ux)=6.113e-04  residual(Uy)=6.113e-04  residual(p)=6.113e-04  residual(k)=6.113e-04  residual(omega)=6.113e-04
Time = 593  residual(Ux)=6.037e-04  residual(Uy)=6.037e-04  residual(p)=6.037e-04  residual(k)=6.037e-04  residual(omega)=6.037e-04
Time = 594  residual(Ux)=5.962e-04  residual(Uy)=5.962e-04  residual(p)=5.962e-04  residual(k)=5.962e-04  residual(omega)=5.962e-04
Time = 595  residual(Ux)=5.888e-04  residual(Uy)=5.888e-04  residual(p)=5.888e-04  residual(k)=5.888e-04  residual(omega)=5.888e-04
Time = 596  residual(Ux)=5.814e-04  residual(Uy)=5.814e-04  residual(p)=5.814e-04  residual(k)=5.814e-04  residual(omega)=5.814e-04
Time = 597  residual(Ux)=5.742e-04  residual(Uy)=5.742e-04  residual(p)=5.742e-04  residual(k)=5.742e-04  residual(omega)=5.742e-04
Time = 598  residual(Ux)=5.671e-04  residual(Uy)=5.671e-04  residual(p)=5.671e-04  residual(k)=5.671e-04  residual(omega)=5.671e-04
Time = 599  residual(Ux)=5.600e-04  residual(Uy)=5.600e-04  residual(p)=5.600e-04  residual(k)=5.600e-04  residual(omega)=5.600e-04
Time = 600  residual(Ux)=5.531e-04  residual(Uy)=5.531e-04  residual(p)=5.531e-04  residual(k)=5.531e-04  residual(omega)=5.531e-04
Time = 601  residual(Ux)=5.462e-04  residual(Uy)=5.462e-04  residual(p)=5.462e-04  residual(k)=5.462e-04  residual(omega)=5.462e-04
Time = 602  residual(Ux)=5.394e-04  residual(Uy)=5.394e-04  residual(p)=5.394e-04  residual(k)=5.394e-04  residual(omega)=5.394e-04
Time = 603  residual(Ux)=5.327e-04  residual(Uy)=5.327e-04  residual(p)=5.327e-04  residual(k)=5.327e-04  residual(omega)=5.327e-04
Time = 604  residual(Ux)=5.261e-04  residual(Uy)=5.261e-04  residual(p)=5.261e-04  residual(k)=5.261e-04  residual(omega)=5.261e-04
Time = 605  residual(Ux)=5.196e-04  residual(Uy)=5.196e-04  residual(p)=5.196e-04  residual(k)=5.196e-04  residual(omega)=5.196e-04
Time = 606  residual(Ux)=5.131e-04  residual(Uy)=5.131e-04  residual(p)=5.131e-04  residual(k)=5.131e-04  residual(omega)=5.131e-04
Time = 607  residual(Ux)=5.067e-04  residual(Uy)=5.067e-04  residual(p)=5.067e-04  residual(k)=5.067e-04  residual(omega)=5.067e-04
Time = 608  residual(Ux)=5.005e-04  residual(Uy)=5.005e-04  residual(p)=5.005e-04  residual(k)=5.005e-04  residual(omega)=5.005e-04
Time = 609  residual(Ux)=4.942e-04  residual(Uy)=4.942e-04  residual(p)=4.942e-04  residual(k)=4.942e-04  residual(omega)=4.942e-04
Time = 610  residual(Ux)=4.881e-04  residual(Uy)=4.881e-04  residual(p)=4.881e-04  residual(k)=4.881e-04  residual(omega)=4.881e-04
Time = 611  residual(Ux)=4.820e-04  residual(Uy)=4.820e-04  residual(p)=4.820e-04  residual(k)=4.820e-04  residual(omega)=4.820e-04
Time = 612  residual(Ux)=4.760e-04  residual(Uy)=4.760e-04  residual(p)=4.760e-04  residual(k)=4.760e-04  residual(omega)=4.760e-04
Time = 613  residual(Ux)=4.701e-04  residual(Uy)=4.701e-04  residual(p)=4.701e-04  residual(k)=4.701e-04  residual(omega)=4.701e-04
Time = 614  residual(Ux)=4.643e-04  residual(Uy)=4.643e-04  residual(p)=4.643e-04  residual(k)=4.643e-04  residual(omega)=4.643e-04
Time = 615  residual(Ux)=4.585e-04  residual(Uy)=4.585e-04  residual(p)=4.585e-04  residual(k)=4.585e-04  residual(omega)=4.585e-04
Time = 616  residual(Ux)=4.528e-04  residual(Uy)=4.528e-04  residual(p)=4.528e-04  residual(k)=4.528e-04  residual(omega)=4.528e-04
Time = 617  residual(Ux)=4.472e-04  residual(Uy)=4.472e-04  residual(p)=4.472e-04  residual(k)=4.472e-04  residual(omega)=4.472e-04
Time = 618  residual(Ux)=4.416e-04  residual(Uy)=4.416e-04  residual(p)=4.416e-04  residual(k)=4.416e-04  residual(omega)=4.416e-04
Time = 619  residual(Ux)=4.362e-04  residual(Uy)=4.362e-04  residual(p)=4.362e-04  residual(k)=4.362e-04  residual(omega)=4.362e-04
Time = 620  residual(Ux)=4.307e-04  residual(Uy)=4.307e-04  residual(p)=4.307e-04  residual(k)=4.307e-04  residual(omega)=4.307e-04
Time = 621  residual(Ux)=4.254e-04  residual(Uy)=4.254e-04  residual(p)=4.254e-04  residual(k)=4.254e-04  residual(omega)=4.254e-04
Time = 622  residual(Ux)=4.201e-04  residual(Uy)=4.201e-04  residual(p)=4.201e-04  residual(k)=4.201e-04  residual(omega)=4.201e-04
Time = 623  residual(Ux)=4.149e-04  residual(Uy)=4.149e-04  residual(p)=4.149e-04  residual(k)=4.149e-04  residual(omega)=4.149e-04
Time = 624  residual(Ux)=4.097e-04  residual(Uy)=4.097e-04  residual(p)=4.097e-04  residual(k)=4.097e-04  residual(omega)=4.097e-04
Time = 625  residual(Ux)=4.046e-04  residual(Uy)=4.046e-04  residual(p)=4.046e-04  residual(k)=4.046e-04  residual(omega)=4.046e-04
Time = 626  residual(Ux)=3.996e-04  residual(Uy)=3.996e-04  residual(p)=3.996e-04  residual(k)=3.996e-04  residual(omega)=3.996e-04
Time = 627  residual(Ux)=3.947e-04  residual(Uy)=3.947e-04  residual(p)=3.947e-04  residual(k)=3.947e-04  residual(omega)=3.947e-04
Time = 628  residual(Ux)=3.898e-04  residual(Uy)=3.898e-04  residual(p)=3.898e-04  residual(k)=3.898e-04  residual(omega)=3.898e-04
Time = 629  residual(Ux)=3.849e-04  residual(Uy)=3.849e-04  residual(p)=3.849e-04  residual(k)=3.849e-04  residual(omega)=3.849e-04
Time = 630  residual(Ux)=3.801e-04  residual(Uy)=3.801e-04  residual(p)=3.801e-04  residual(k)=3.801e-04  residual(omega)=3.801e-04
Time = 631  residual(Ux)=3.754e-04  residual(Uy)=3.754e-04  residual(p)=3.754e-04  residual(k)=3.754e-04  residual(omega)=3.754e-04
Time = 632  residual(Ux)=3.707e-04  residual(Uy)=3.707e-04  residual(p)=3.707e-04  residual(k)=3.707e-04  residual(omega)=3.707e-04
Time = 633  residual(Ux)=3.661e-04  residual(Uy)=3.661e-04  residual(p)=3.661e-04  residual(k)=3.661e-04  residual(omega)=3.661e-04
Time = 634  residual(Ux)=3.616e-04  residual(Uy)=3.616e-04  residual(p)=3.616e-04  residual(k)=3.616e-04  residual(omega)=3.616e-04
Time = 635  residual(Ux)=3.571e-04  residual(Uy)=3.571e-04  residual(p)=3.571e-04  residual(k)=3.571e-04  residual(omega)=3.571e-04
Time = 636  residual(Ux)=3.527e-04  residual(Uy)=3.527e-04  residual(p)=3.527e-04  residual(k)=3.527e-04  residual(omega)=3.527e-04
Time = 637  residual(Ux)=3.483e-04  residual(Uy)=3.483e-04  residual(p)=3.483e-04  residual(k)=3.483e-04  residual(omega)=3.483e-04
Time = 638  residual(Ux)=3.440e-04  residual(Uy)=3.440e-04  residual(p)=3.440e-04  residual(k)=3.440e-04  residual(omega)=3.440e-04
Time = 639  residual(Ux)=3.397e-04  residual(Uy)=3.397e-04  residual(p)=3.397e-04  residual(k)=3.397e-04  residual(omega)=3.397e-04
Time = 640  residual(Ux)=3.355e-04  residual(Uy)=3.355e-04  residual(p)=3.355e-04  residual(k)=3.355e-04  residual(omega)=3.355e-04
Time = 641  residual(Ux)=3.313e-04  residual(Uy)=3.313e-04  residual(p)=3.313e-04  residual(k)=3.313e-04  residual(omega)=3.313e-04
Time = 642  residual(Ux)=3.272e-04  residual(Uy)=3.272e-04  residual(p)=3.272e-04  residual(k)=3.272e-04  residual(omega)=3.272e-04
Time = 643  residual(Ux)=3.231e-04  residual(Uy)=3.231e-04  residual(p)=3.231e-04  residual(k)=3.231e-04  residual(omega)=3.231e-04
Time = 644  residual(Ux)=3.191e-04  residual(Uy)=3.191e-04  residual(p)=3.191e-04  residual(k)=3.191e-04  residual(omega)=3.191e-04
Time = 645  residual(Ux)=3.151e-04  residual(Uy)=3.151e-04  residual(p)=3.151e-04  residual(k)=3.151e-04  residual(omega)=3.151e-04
Time = 646  residual(Ux)=3.112e-04  residual(Uy)=3.112e-04  residual(p)=3.112e-04  residual(k)=3.112e-04  residual(omega)=3.112e-04
Time = 647  residual(Ux)=3.074e-04  residual(Uy)=3.074e-04  residual(p)=3.074e-04  residual(k)=3.074e-04  residual(omega)=3.074e-04
Time = 648  residual(Ux)=3.035e-04  residual(Uy)=3.035e-04  residual(p)=3.035e-04  residual(k)=3.035e-04  residual(omega)=3.035e-04
Time = 649  residual(Ux)=2.998e-04  residual(Uy)=2.998e-04  residual(p)=2.998e-04  residual(k)=2.998e-04  residual(omega)=2.998e-04
Time = 650  residual(Ux)=2.960e-04  residual(Uy)=2.960e-04  residual(p)=2.960e-04  residual(k)=2.960e-04  residual(omega)=2.960e-04
Time = 651  residual(Ux)=2.924e-04  residual(Uy)=2.924e-04  residual(p)=2.924e-04  residual(k)=2.924e-04  residual(omega)=2.924e-04
Time = 652  residual(Ux)=2.887e-04  residual(Uy)=2.887e-04  residual(p)=2.887e-04  residual(k)=2.887e-04  residual(omega)=2.887e-04
Time = 653  residual(Ux)=2.851e-04  residual(Uy)=2.851e-04  residual(p)=2.851e-04  residual(k)=2.851e-04  residual(omega)=2.851e-04
Time = 654  residual(Ux)=2.816e-04  residual(Uy)=2.816e-04  residual(p)=2.816e-04  residual(k)=2.816e-04  residual(omega)=2.816e-04
Time = 655  residual(Ux)=2.781e-04  residual(Uy)=2.781e-04  residual(p)=2.781e-04  residual(k)=2.781e-04  residual(omega)=2.781e-04
Time = 656  residual(Ux)=2.747e-04  residual(Uy)=2.747e-04  residual(p)=2.747e-04  residual(k)=2.747e-04  residual(omega)=2.747e-04
Time = 657  residual(Ux)=2.712e-04  residual(Uy)=2.712e-04  residual(p)=2.712e-04  residual(k)=2.712e-04  residual(omega)=2.712e-04
Time = 658  residual(Ux)=2.679e-04  residual(Uy)=2.679e-04  residual(p)=2.679e-04  residual(k)=2.679e-04  residual(omega)=2.679e-04
Time = 659  residual(Ux)=2.645e-04  residual(Uy)=2.645e-04  residual(p)=2.645e-04  residual(k)=2.645e-04  residual(omega)=2.645e-04
Time = 660  residual(Ux)=2.613e-04  residual(Uy)=2.613e-04  residual(p)=2.613e-04  residual(k)=2.613e-04  residual(omega)=2.613e-04
Time = 661  residual(Ux)=2.580e-04  residual(Uy)=2.580e-04  residual(p)=2.580e-04  residual(k)=2.580e-04  residual(omega)=2.580e-04
Time = 662  residual(Ux)=2.548e-04  residual(Uy)=2.548e-04  residual(p)=2.548e-04  residual(k)=2.548e-04  residual(omega)=2.548e-04
Time = 663  residual(Ux)=2.516e-04  residual(Uy)=2.516e-04  residual(p)=2.516e-04  residual(k)=2.516e-04  residual(omega)=2.516e-04
Time = 664  residual(Ux)=2.485e-04  residual(Uy)=2.485e-04  residual(p)=2.485e-04  residual(k)=2.485e-04  residual(omega)=2.485e-04
Time = 665  residual(Ux)=2.454e-04  residual(Uy)=2.454e-04  residual(p)=2.454e-04  residual(k)=2.454e-04  residual(omega)=2.454e-04
Time = 666  residual(Ux)=2.424e-04  residual(Uy)=2.424e-04  residual(p)=2.424e-04  residual(k)=2.424e-04  residual(omega)=2.424e-04
Time = 667  residual(Ux)=2.394e-04  residual(Uy)=2.394e-04  residual(p)=2.394e-04  residual(k)=2.394e-04  residual(omega)=2.394e-04
Time = 668  residual(Ux)=2.364e-04  residual(Uy)=2.364e-04  residual(p)=2.364e-04  residual(k)=2.364e-04  residual(omega)=2.364e-04
Time = 669  residual(Ux)=2.335e-04  residual(Uy)=2.335e-04  residual(p)=2.335e-04  residual(k)=2.335e-04  residual(omega)=2.335e-04
Time = 670  residual(Ux)=2.306e-04  residual(Uy)=2.306e-04  residual(p)=2.306e-04  residual(k)=2.306e-04  residual(omega)=2.306e-04
Time = 671  residual(Ux)=2.277e-04  residual(Uy)=2.277e-04  residual(p)=2.277e-04  residual(k)=2.277e-04  residual(omega)=2.277e-04
Time = 672  residual(Ux)=2.249e-04  residual(Uy)=2.249e-04  residual(p)=2.249e-04  residual(k)=2.249e-04  residual(omega)=2.249e-04
Time = 673  residual(Ux)=2.221e-04  residual(Uy)=2.221e-04  residual(p)=2.221e-04  residual(k)=2.221e-04  residual(omega)=2.221e-04
Time = 674  residual(Ux)=2.193e-04  residual(Uy)=2.193e-04  residual(p)=2.193e-04  residual(k)=2.193e-04  residual(omega)=2.193e-04
Time = 675  residual(Ux)=2.166e-04  residual(Uy)=2.166e-04  residual(p)=2.166e-04  residual(k)=2.166e-04  residual(omega)=2.166e-04
Time = 676  residual(Ux)=2.139e-04  residual(Uy)=2.139e-04  residual(p)=2.139e-04  residual(k)=2.139e-04  residual(omega)=2.139e-04
Time = 677  residual(Ux)=2.112e-04  residual(Uy)=2.112e-04  residual(p)=2.112e-04  residual(k)=2.112e-04  residual(omega)=2.112e-04
Time = 678  residual(Ux)=2.086e-04  residual(Uy)=2.086e-04  residual(p)=2.086e-04  residual(k)=2.086e-04  residual(omega)=2.086e-04
Time = 679  residual(Ux)=2.060e-04  residual(Uy)=2.060e-04  residual(p)=2.060e-04  residual(k)=2.060e-04  residual(omega)=2.060e-04
Time = 680  residual(Ux)=2.035e-04  residual(Uy)=2.035e-04  residual(p)=2.035e-04  residual(k)=2.035e-04  residual(omega)=2.035e-04
Time = 681  residual(Ux)=2.009e-04  residual(Uy)=2.009e-04  residual(p)=2.009e-04  residual(k)=2.009e-04  residual(omega)=2.009e-04
Time = 682  residual(Ux)=1.984e-04  residual(Uy)=1.984e-04  residual(p)=1.984e-04  residual(k)=1.984e-04  residual(omega)=1.984e-04
Time = 683  residual(Ux)=1.960e-04  residual(Uy)=1.960e-04  residual(p)=1.960e-04  residual(k)=1.960e-04  residual(omega)=1.960e-04
Time = 684  residual(Ux)=1.935e-04  residual(Uy)=1.935e-04  residual(p)=1.935e-04  residual(k)=1.935e-04  residual(omega)=1.935e-04
Time = 685  residual(Ux)=1.911e-04  residual(Uy)=1.911e-04  residual(p)=1.911e-04  residual(k)=1.911e-04  residual(omega)=1.911e-04
Time = 686  residual(Ux)=1.888e-04  residual(Uy)=1.888e-04  residual(p)=1.888e-04  residual(k)=1.888e-04  residual(omega)=1.888e-04
Time = 687  residual(Ux)=1.864e-04  residual(Uy)=1.864e-04  residual(p)=1.864e-04  residual(k)=1.864e-04  residual(omega)=1.864e-04
Time = 688  residual(Ux)=1.841e-04  residual(Uy)=1.841e-04  residual(p)=1.841e-04  residual(k)=1.841e-04  residual(omega)=1.841e-04
Time = 689  residual(Ux)=1.818e-04  residual(Uy)=1.818e-04  residual(p)=1.818e-04  residual(k)=1.818e-04  residual(omega)=1.818e-04
Time = 690  residual(Ux)=1.796e-04  residual(Uy)=1.796e-04  residual(p)=1.796e-04  residual(k)=1.796e-04  residual(omega)=1.796e-04
Time = 691  residual(Ux)=1.773e-04  residual(Uy)=1.773e-04  residual(p)=1.773e-04  residual(k)=1.773e-04  residual(omega)=1.773e-04
Time = 692  residual(Ux)=1.751e-04  residual(Uy)=1.751e-04  residual(p)=1.751e-04  residual(k)=1.751e-04  residual(omega)=1.751e-04
Time = 693  residual(Ux)=1.730e-04  residual(Uy)=1.730e-04  residual(p)=1.730e-04  residual(k)=1.730e-04  residual(omega)=1.730e-04
Time = 694  residual(Ux)=1.708e-04  residual(Uy)=1.708e-04  residual(p)=1.708e-04  residual(k)=1.708e-04  residual(omega)=1.708e-04
Time = 695  residual(Ux)=1.687e-04  residual(Uy)=1.687e-04  residual(p)=1.687e-04  residual(k)=1.687e-04  residual(omega)=1.687e-04
Time = 696  residual(Ux)=1.666e-04  residual(Uy)=1.666e-04  residual(p)=1.666e-04  residual(k)=1.666e-04  residual(omega)=1.666e-04
Time = 697  residual(Ux)=1.645e-04  residual(Uy)=1.645e-04  residual(p)=1.645e-04  residual(k)=1.645e-04  residual(omega)=1.645e-04
Time = 698  residual(Ux)=1.625e-04  residual(Uy)=1.625e-04  residual(p)=1.625e-04  residual(k)=1.625e-04  residual(omega)=1.625e-04
Time = 699  residual(Ux)=1.605e-04  residual(Uy)=1.605e-04  residual(p)=1.605e-04  residual(k)=1.605e-04  residual(omega)=1.605e-04
Time = 700  residual(Ux)=1.585e-04  residual(Uy)=1.585e-04  residual(p)=1.585e-04  residual(k)=1.585e-04  residual(omega)=1.585e-04
Time = 701  residual(Ux)=1.565e-04  residual(Uy)=1.565e-04  residual(p)=1.565e-04  residual(k)=1.565e-04  residual(omega)=1.565e-04
Time = 702  residual(Ux)=1.545e-04  residual(Uy)=1.545e-04  residual(p)=1.545e-04  residual(k)=1.545e-04  residual(omega)=1.545e-04
Time = 703  residual(Ux)=1.526e-04  residual(Uy)=1.526e-04  residual(p)=1.526e-04  residual(k)=1.526e-04  residual(omega)=1.526e-04
Time = 704  residual(Ux)=1.507e-04  residual(Uy)=1.507e-04  residual(p)=1.507e-04  residual(k)=1.507e-04  residual(omega)=1.507e-04
Time = 705  residual(Ux)=1.489e-04  residual(Uy)=1.489e-04  residual(p)=1.489e-04  residual(k)=1.489e-04  residual(omega)=1.489e-04
Time = 706  residual(Ux)=1.470e-04  residual(Uy)=1.470e-04  residual(p)=1.470e-04  residual(k)=1.470e-04  residual(omega)=1.470e-04
Time = 707  residual(Ux)=1.452e-04  residual(Uy)=1.452e-04  residual(p)=1.452e-04  residual(k)=1.452e-04  residual(omega)=1.452e-04
Time = 708  residual(Ux)=1.434e-04  residual(Uy)=1.434e-04  residual(p)=1.434e-04  residual(k)=1.434e-04  residual(omega)=1.434e-04
Time = 709  residual(Ux)=1.416e-04  residual(Uy)=1.416e-04  residual(p)=1.416e-04  residual(k)=1.416e-04  residual(omega)=1.416e-04
Time = 710  residual(Ux)=1.398e-04  residual(Uy)=1.398e-04  residual(p)=1.398e-04  residual(k)=1.398e-04  residual(omega)=1.398e-04
Time = 711  residual(Ux)=1.381e-04  residual(Uy)=1.381e-04  residual(p)=1.381e-04  residual(k)=1.381e-04  residual(omega)=1.381e-04
Time = 712  residual(Ux)=1.364e-04  residual(Uy)=1.364e-04  residual(p)=1.364e-04  residual(k)=1.364e-04  residual(omega)=1.364e-04
Time = 713  residual(Ux)=1.347e-04  residual(Uy)=1.347e-04  residual(p)=1.347e-04  residual(k)=1.347e-04  residual(omega)=1.347e-04
Time = 714  residual(Ux)=1.330e-04  residual(Uy)=1.330e-04  residual(p)=1.330e-04  residual(k)=1.330e-04  residual(omega)=1.330e-04
Time = 715  residual(Ux)=1.314e-04  residual(Uy)=1.314e-04  residual(p)=1.314e-04  residual(k)=1.314e-04  residual(omega)=1.314e-04
Time = 716  residual(Ux)=1.297e-04  residual(Uy)=1.297e-04  residual(p)=1.297e-04  residual(k)=1.297e-04  residual(omega)=1.297e-04
Time = 717  residual(Ux)=1.281e-04  residual(Uy)=1.281e-04  residual(p)=1.281e-04  residual(k)=1.281e-04  residual(omega)=1.281e-04
Time = 718  residual(Ux)=1.265e-04  residual(Uy)=1.265e-04  residual(p)=1.265e-04  residual(k)=1.265e-04  residual(omega)=1.265e-04
Time = 719  residual(Ux)=1.250e-04  residual(Uy)=1.250e-04  residual(p)=1.250e-04  residual(k)=1.250e-04  residual(omega)=1.250e-04
Time = 720  residual(Ux)=1.234e-04  residual(Uy)=1.234e-04  residual(p)=1.234e-04  residual(k)=1.234e-04  residual(omega)=1.234e-04
Time = 721  residual(Ux)=1.219e-04  residual(Uy)=1.219e-04  residual(p)=1.219e-04  residual(k)=1.219e-04  residual(omega)=1.219e-04
Time = 722  residual(Ux)=1.204e-04  residual(Uy)=1.204e-04  residual(p)=1.204e-04  residual(k)=1.204e-04  residual(omega)=1.204e-04
Time = 723  residual(Ux)=1.189e-04  residual(Uy)=1.189e-04  residual(p)=1.189e-04  residual(k)=1.189e-04  residual(omega)=1.189e-04
Time = 724  residual(Ux)=1.174e-04  residual(Uy)=1.174e-04  residual(p)=1.174e-04  residual(k)=1.174e-04  residual(omega)=1.174e-04
Time = 725  residual(Ux)=1.159e-04  residual(Uy)=1.159e-04  residual(p)=1.159e-04  residual(k)=1.159e-04  residual(omega)=1.159e-04
Time = 726  residual(Ux)=1.145e-04  residual(Uy)=1.145e-04  residual(p)=1.145e-04  residual(k)=1.145e-04  residual(omega)=1.145e-04
Time = 727  residual(Ux)=1.131e-04  residual(Uy)=1.131e-04  residual(p)=1.131e-04  residual(k)=1.131e-04  residual(omega)=1.131e-04
Time = 728  residual(Ux)=1.117e-04  residual(Uy)=1.117e-04  residual(p)=1.117e-04  residual(k)=1.117e-04  residual(omega)=1.117e-04
Time = 729  residual(Ux)=1.103e-04  residual(Uy)=1.103e-04  residual(p)=1.103e-04  residual(k)=1.103e-04  residual(omega)=1.103e-04
Time = 730  residual(Ux)=1.089e-04  residual(Uy)=1.089e-04  residual(p)=1.089e-04  residual(k)=1.089e-04  residual(omega)=1.089e-04
Time = 731  residual(Ux)=1.076e-04  residual(Uy)=1.076e-04  residual(p)=1.076e-04  residual(k)=1.076e-04  residual(omega)=1.076e-04
Time = 732  residual(Ux)=1.062e-04  residual(Uy)=1.062e-04  residual(p)=1.062e-04  residual(k)=1.062e-04  residual(omega)=1.062e-04
Time = 733  residual(Ux)=1.049e-04  residual(Uy)=1.049e-04  residual(p)=1.049e-04  residual(k)=1.049e-04  residual(omega)=1.049e-04
Time = 734  residual(Ux)=1.036e-04  residual(Uy)=1.036e-04  residual(p)=1.036e-04  residual(k)=1.036e-04  residual(omega)=1.036e-04
Time = 735  residual(Ux)=1.023e-04  residual(Uy)=1.023e-04  residual(p)=1.023e-04  residual(k)=1.023e-04  residual(omega)=1.023e-04
Time = 736  residual(Ux)=1.010e-04  residual(Uy)=1.010e-04  residual(p)=1.010e-04  residual(k)=1.010e-04  residual(omega)=1.010e-04
Time = 737  residual(Ux)=9.978e-05  residual(Uy)=9.978e-05  residual(p)=9.978e-05  residual(k)=9.978e-05  residual(omega)=9.978e-05
Time = 738  residual(Ux)=9.854e-05  residual(Uy)=9.854e-05  residual(p)=9.854e-05  residual(k)=9.854e-05  residual(omega)=9.854e-05
Time = 739  residual(Ux)=9.732e-05  residual(Uy)=9.732e-05  residual(p)=9.732e-05  residual(k)=9.732e-05  residual(omega)=9.732e-05
Time = 740  residual(Ux)=9.611e-05  residual(Uy)=9.611e-05  residual(p)=9.611e-05  residual(k)=9.611e-05  residual(omega)=9.611e-05
Time = 741  residual(Ux)=9.492e-05  residual(Uy)=9.492e-05  residual(p)=9.492e-05  residual(k)=9.492e-05  residual(omega)=9.492e-05
Time = 742  residual(Ux)=9.374e-05  residual(Uy)=9.374e-05  residual(p)=9.374e-05  residual(k)=9.374e-05  residual(omega)=9.374e-05
Time = 743  residual(Ux)=9.257e-05  residual(Uy)=9.257e-05  residual(p)=9.257e-05  residual(k)=9.257e-05  residual(omega)=9.257e-05
Time = 744  residual(Ux)=9.142e-05  residual(Uy)=9.142e-05  residual(p)=9.142e-05  residual(k)=9.142e-05  residual(omega)=9.142e-05
Time = 745  residual(Ux)=9.029e-05  residual(Uy)=9.029e-05  residual(p)=9.029e-05  residual(k)=9.029e-05  residual(omega)=9.029e-05
Time = 746  residual(Ux)=8.917e-05  residual(Uy)=8.917e-05  residual(p)=8.917e-05  residual(k)=8.917e-05  residual(omega)=8.917e-05
Time = 747  residual(Ux)=8.806e-05  residual(Uy)=8.806e-05  residual(p)=8.806e-05  residual(k)=8.806e-05  residual(omega)=8.806e-05
Time = 748  residual(Ux)=8.697e-05  residual(Uy)=8.697e-05  residual(p)=8.697e-05  residual(k)=8.697e-05  residual(omega)=8.697e-05
Time = 749  residual(Ux)=8.589e-05  residual(Uy)=8.589e-05  residual(p)=8.589e-05  residual(k)=8.589e-05  residual(omega)=8.589e-05
Time = 750  residual(Ux)=8.482e-05  residual(Uy)=8.482e-05  residual(p)=8.482e-05  residual(k)=8.482e-05  residual(omega)=8.482e-05
Time = 751  residual(Ux)=8.376e-05  residual(Uy)=8.376e-05  residual(p)=8.376e-05  residual(k)=8.376e-05  residual(omega)=8.376e-05
Time = 752  residual(Ux)=8.272e-05  residual(Uy)=8.272e-05  residual(p)=8.272e-05  residual(k)=8.272e-05  residual(omega)=8.272e-05
Time = 753  residual(Ux)=8.170e-05  residual(Uy)=8.170e-05  residual(p)=8.170e-05  residual(k)=8.170e-05  residual(omega)=8.170e-05
Time = 754  residual(Ux)=8.068e-05  residual(Uy)=8.068e-05  residual(p)=8.068e-05  residual(k)=8.068e-05  residual(omega)=8.068e-05
Time = 755  residual(Ux)=7.968e-05  residual(Uy)=7.968e-05  residual(p)=7.968e-05  residual(k)=7.968e-05  residual(omega)=7.968e-05
Time = 756  residual(Ux)=7.869e-05  residual(Uy)=7.869e-05  residual(p)=7.869e-05  residual(k)=7.869e-05  residual(omega)=7.869e-05
Time = 757  residual(Ux)=7.771e-05  residual(Uy)=7.771e-05  residual(p)=7.771e-05  residual(k)=7.771e-05  residual(omega)=7.771e-05
Time = 758  residual(Ux)=7.675e-05  residual(Uy)=7.675e-05  residual(p)=7.675e-05  residual(k)=7.675e-05  residual(omega)=7.675e-05
Time = 759  residual(Ux)=7.579e-05  residual(Uy)=7.579e-05  residual(p)=7.579e-05  residual(k)=7.579e-05  residual(omega)=7.579e-05
Time = 760  residual(Ux)=7.485e-05  residual(Uy)=7.485e-05  residual(p)=7.485e-05  residual(k)=7.485e-05  residual(omega)=7.485e-05
Time = 761  residual(Ux)=7.392e-05  residual(Uy)=7.392e-05  residual(p)=7.392e-05  residual(k)=7.392e-05  residual(omega)=7.392e-05
Time = 762  residual(Ux)=7.300e-05  residual(Uy)=7.300e-05  residual(p)=7.300e-05  residual(k)=7.300e-05  residual(omega)=7.300e-05
Time = 763  residual(Ux)=7.210e-05  residual(Uy)=7.210e-05  residual(p)=7.210e-05  residual(k)=7.210e-05  residual(omega)=7.210e-05
Time = 764  residual(Ux)=7.120e-05  residual(Uy)=7.120e-05  residual(p)=7.120e-05  residual(k)=7.120e-05  residual(omega)=7.120e-05
Time = 765  residual(Ux)=7.032e-05  residual(Uy)=7.032e-05  residual(p)=7.032e-05  residual(k)=7.032e-05  residual(omega)=7.032e-05
Time = 766  residual(Ux)=6.944e-05  residual(Uy)=6.944e-05  residual(p)=6.944e-05  residual(k)=6.944e-05  residual(omega)=6.944e-05
Time = 767  residual(Ux)=6.858e-05  residual(Uy)=6.858e-05  residual(p)=6.858e-05  residual(k)=6.858e-05  residual(omega)=6.858e-05
Time = 768  residual(Ux)=6.773e-05  residual(Uy)=6.773e-05  residual(p)=6.773e-05  residual(k)=6.773e-05  residual(omega)=6.773e-05
Time = 769  residual(Ux)=6.689e-05  residual(Uy)=6.689e-05  residual(p)=6.689e-05  residual(k)=6.689e-05  residual(omega)=6.689e-05
Time = 770  residual(Ux)=6.606e-05  residual(Uy)=6.606e-05  residual(p)=6.606e-05  residual(k)=6.606e-05  residual(omega)=6.606e-05
Time = 771  residual(Ux)=6.524e-05  residual(Uy)=6.524e-05  residual(p)=6.524e-05  residual(k)=6.524e-05  residual(omega)=6.524e-05
Time = 772  residual(Ux)=6.443e-05  residual(Uy)=6.443e-05  residual(p)=6.443e-05  residual(k)=6.443e-05  residual(omega)=6.443e-05
Time = 773  residual(Ux)=6.363e-05  residual(Uy)=6.363e-05  residual(p)=6.363e-05  residual(k)=6.363e-05  residual(omega)=6.363e-05
Time = 774  residual(Ux)=6.283e-05  residual(Uy)=6.283e-05  residual(p)=6.283e-05  residual(k)=6.283e-05  residual(omega)=6.283e-05
Time = 775  residual(Ux)=6.205e-05  residual(Uy)=6.205e-05  residual(p)=6.205e-05  residual(k)=6.205e-05  residual(omega)=6.205e-05
Time = 776  residual(Ux)=6.128e-05  residual(Uy)=6.128e-05  residual(p)=6.128e-05  residual(k)=6.128e-05  residual(omega)=6.128e-05
Time = 777  residual(Ux)=6.052e-05  residual(Uy)=6.052e-05  residual(p)=6.052e-05  residual(k)=6.052e-05  residual(omega)=6.052e-05
Time = 778  residual(Ux)=5.977e-05  residual(Uy)=5.977e-05  residual(p)=5.977e-05  residual(k)=5.977e-05  residual(omega)=5.977e-05
Time = 779  residual(Ux)=5.903e-05  residual(Uy)=5.903e-05  residual(p)=5.903e-05  residual(k)=5.903e-05  residual(omega)=5.903e-05
Time = 780  residual(Ux)=5.829e-05  residual(Uy)=5.829e-05  residual(p)=5.829e-05  residual(k)=5.829e-05  residual(omega)=5.829e-05
Time = 781  residual(Ux)=5.757e-05  residual(Uy)=5.757e-05  residual(p)=5.757e-05  residual(k)=5.757e-05  residual(omega)=5.757e-05
Time = 782  residual(Ux)=5.686e-05  residual(Uy)=5.686e-05  residual(p)=5.686e-05  residual(k)=5.686e-05  residual(omega)=5.686e-05
Time = 783  residual(Ux)=5.615e-05  residual(Uy)=5.615e-05  residual(p)=5.615e-05  residual(k)=5.615e-05  residual(omega)=5.615e-05
Time = 784  residual(Ux)=5.545e-05  residual(Uy)=5.545e-05  residual(p)=5.545e-05  residual(k)=5.545e-05  residual(omega)=5.545e-05
Time = 785  residual(Ux)=5.476e-05  residual(Uy)=5.476e-05  residual(p)=5.476e-05  residual(k)=5.476e-05  residual(omega)=5.476e-05
Time = 786  residual(Ux)=5.408e-05  residual(Uy)=5.408e-05  residual(p)=5.408e-05  residual(k)=5.408e-05  residual(omega)=5.408e-05
Time = 787  residual(Ux)=5.341e-05  residual(Uy)=5.341e-05  residual(p)=5.341e-05  residual(k)=5.341e-05  residual(omega)=5.341e-05
Time = 788  residual(Ux)=5.275e-05  residual(Uy)=5.275e-05  residual(p)=5.275e-05  residual(k)=5.275e-05  residual(omega)=5.275e-05
Time = 789  residual(Ux)=5.209e-05  residual(Uy)=5.209e-05  residual(p)=5.209e-05  residual(k)=5.209e-05  residual(omega)=5.209e-05
Time = 790  residual(Ux)=5.144e-05  residual(Uy)=5.144e-05  residual(p)=5.144e-05  residual(k)=5.144e-05  residual(omega)=5.144e-05
Time = 791  residual(Ux)=5.081e-05  residual(Uy)=5.081e-05  residual(p)=5.081e-05  residual(k)=5.081e-05  residual(omega)=5.081e-05
Time = 792  residual(Ux)=5.017e-05  residual(Uy)=5.017e-05  residual(p)=5.017e-05  residual(k)=5.017e-05  residual(omega)=5.017e-05
Time = 793  residual(Ux)=4.955e-05  residual(Uy)=4.955e-05  residual(p)=4.955e-05  residual(k)=4.955e-05  residual(omega)=4.955e-05
Time = 794  residual(Ux)=4.894e-05  residual(Uy)=4.894e-05  residual(p)=4.894e-05  residual(k)=4.894e-05  residual(omega)=4.894e-05
Time = 795  residual(Ux)=4.833e-05  residual(Uy)=4.833e-05  residual(p)=4.833e-05  residual(k)=4.833e-05  residual(omega)=4.833e-05
Time = 796  residual(Ux)=4.773e-05  residual(Uy)=4.773e-05  residual(p)=4.773e-05  residual(k)=4.773e-05  residual(omega)=4.773e-05
Time = 797  residual(Ux)=4.713e-05  residual(Uy)=4.713e-05  residual(p)=4.713e-05  residual(k)=4.713e-05  residual(omega)=4.713e-05
Time = 798  residual(Ux)=4.655e-05  residual(Uy)=4.655e-05  residual(p)=4.655e-05  residual(k)=4.655e-05  residual(omega)=4.655e-05
Time = 799  residual(Ux)=4.597e-05  residual(Uy)=4.597e-05  residual(p)=4.597e-05  residual(k)=4.597e-05  residual(omega)=4.597e-05
Time = 800  residual(Ux)=4.540e-05  residual(Uy)=4.540e-05  residual(p)=4.540e-05  residual(k)=4.540e-05  residual(omega)=4.540e-05
Time = 801  residual(Ux)=4.484e-05  residual(Uy)=4.484e-05  residual(p)=4.484e-05  residual(k)=4.484e-05  residual(omega)=4.484e-05
Time = 802  residual(Ux)=4.428e-05  residual(Uy)=4.428e-05  residual(p)=4.428e-05  residual(k)=4.428e-05  residual(omega)=4.428e-05
Time = 803  residual(Ux)=4.373e-05  residual(Uy)=4.373e-05  residual(p)=4.373e-05  residual(k)=4.373e-05  residual(omega)=4.373e-05
Time = 804  residual(Ux)=4.319e-05  residual(Uy)=4.319e-05  residual(p)=4.319e-05  residual(k)=4.319e-05  residual(omega)=4.319e-05
Time = 805  residual(Ux)=4.265e-05  residual(Uy)=4.265e-05  residual(p)=4.265e-05  residual(k)=4.265e-05  residual(omega)=4.265e-05
Time = 806  residual(Ux)=4.212e-05  residual(Uy)=4.212e-05  residual(p)=4.212e-05  residual(k)=4.212e-05  residual(omega)=4.212e-05
Time = 807  residual(Ux)=4.160e-05  residual(Uy)=4.160e-05  residual(p)=4.160e-05  residual(k)=4.160e-05  residual(omega)=4.160e-05
Time = 808  residual(Ux)=4.108e-05  residual(Uy)=4.108e-05  residual(p)=4.108e-05  residual(k)=4.108e-05  residual(omega)=4.108e-05
Time = 809  residual(Ux)=4.057e-05  residual(Uy)=4.057e-05  residual(p)=4.057e-05  residual(k)=4.057e-05  residual(omega)=4.057e-05
Time = 810  residual(Ux)=4.007e-05  residual(Uy)=4.007e-05  residual(p)=4.007e-05  residual(k)=4.007e-05  residual(omega)=4.007e-05
Time = 811  residual(Ux)=3.957e-05  residual(Uy)=3.957e-05  residual(p)=3.957e-05  residual(k)=3.957e-05  residual(omega)=3.957e-05
Time = 812  residual(Ux)=3.908e-05  residual(Uy)=3.908e-05  residual(p)=3.908e-05  residual(k)=3.908e-05  residual(omega)=3.908e-05
Time = 813  residual(Ux)=3.859e-05  residual(Uy)=3.859e-05  residual(p)=3.859e-05  residual(k)=3.859e-05  residual(omega)=3.859e-05
Time = 814  residual(Ux)=3.811e-05  residual(Uy)=3.811e-05  residual(p)=3.811e-05  residual(k)=3.811e-05  residual(omega)=3.811e-05
Time = 815  residual(Ux)=3.764e-05  residual(Uy)=3.764e-05  residual(p)=3.764e-05  residual(k)=3.764e-05  residual(omega)=3.764e-05
Time = 816  residual(Ux)=3.717e-05  residual(Uy)=3.717e-05  residual(p)=3.717e-05  residual(k)=3.717e-05  residual(omega)=3.717e-05
Time = 817  residual(Ux)=3.671e-05  residual(Uy)=3.671e-05  residual(p)=3.671e-05  residual(k)=3.671e-05  residual(omega)=3.671e-05
Time = 818  residual(Ux)=3.625e-05  residual(Uy)=3.625e-05  residual(p)=3.625e-05  residual(k)=3.625e-05  residual(omega)=3.625e-05
Time = 819  residual(Ux)=3.580e-05  residual(Uy)=3.580e-05  residual(p)=3.580e-05  residual(k)=3.580e-05  residual(omega)=3.580e-05
Time = 820  residual(Ux)=3.536e-05  residual(Uy)=3.536e-05  residual(p)=3.536e-05  residual(k)=3.536e-05  residual(omega)=3.536e-05
Time = 821  residual(Ux)=3.492e-05  residual(Uy)=3.492e-05  residual(p)=3.492e-05  residual(k)=3.492e-05  residual(omega)=3.492e-05
Time = 822  residual(Ux)=3.448e-05  residual(Uy)=3.448e-05  residual(p)=3.448e-05  residual(k)=3.448e-05  residual(omega)=3.448e-05
Time = 823  residual(Ux)=3.406e-05  residual(Uy)=3.406e-05  residual(p)=3.406e-05  residual(k)=3.406e-05  residual(omega)=3.406e-05
Time = 824  residual(Ux)=3.363e-05  residual(Uy)=3.363e-05  residual(p)=3.363e-05  residual(k)=3.363e-05  residual(omega)=3.363e-05
Time = 825  residual(Ux)=3.322e-05  residual(Uy)=3.322e-05  residual(p)=3.322e-05  residual(k)=3.322e-05  residual(omega)=3.322e-05
Time = 826  residual(Ux)=3.280e-05  residual(Uy)=3.280e-05  residual(p)=3.280e-05  residual(k)=3.280e-05  residual(omega)=3.280e-05
Time = 827  residual(Ux)=3.240e-05  residual(Uy)=3.240e-05  residual(p)=3.240e-05  residual(k)=3.240e-05  residual(omega)=3.240e-05
Time = 828  residual(Ux)=3.199e-05  residual(Uy)=3.199e-05  residual(p)=3.199e-05  residual(k)=3.199e-05  residual(omega)=3.199e-05
Time = 829  residual(Ux)=3.160e-05  residual(Uy)=3.160e-05  residual(p)=3.160e-05  residual(k)=3.160e-05  residual(omega)=3.160e-05
Time = 830  residual(Ux)=3.120e-05  residual(Uy)=3.120e-05  residual(p)=3.120e-05  residual(k)=3.120e-05  residual(omega)=3.120e-05
Time = 831  residual(Ux)=3.082e-05  residual(Uy)=3.082e-05  residual(p)=3.082e-05  residual(k)=3.082e-05  residual(omega)=3.082e-05
Time = 832  residual(Ux)=3.043e-05  residual(Uy)=3.043e-05  residual(p)=3.043e-05  residual(k)=3.043e-05  residual(omega)=3.043e-05
Time = 833  residual(Ux)=3.005e-05  residual(Uy)=3.005e-05  residual(p)=3.005e-05  residual(k)=3.005e-05  residual(omega)=3.005e-05
Time = 834  residual(Ux)=2.968e-05  residual(Uy)=2.968e-05  residual(p)=2.968e-05  residual(k)=2.968e-05  residual(omega)=2.968e-05
Time = 835  residual(Ux)=2.931e-05  residual(Uy)=2.931e-05  residual(p)=2.931e-05  residual(k)=2.931e-05  residual(omega)=2.931e-05
Time = 836  residual(Ux)=2.895e-05  residual(Uy)=2.895e-05  residual(p)=2.895e-05  residual(k)=2.895e-05  residual(omega)=2.895e-05
Time = 837  residual(Ux)=2.859e-05  residual(Uy)=2.859e-05  residual(p)=2.859e-05  residual(k)=2.859e-05  residual(omega)=2.859e-05
Time = 838  residual(Ux)=2.823e-05  residual(Uy)=2.823e-05  residual(p)=2.823e-05  residual(k)=2.823e-05  residual(omega)=2.823e-05
Time = 839  residual(Ux)=2.788e-05  residual(Uy)=2.788e-05  residual(p)=2.788e-05  residual(k)=2.788e-05  residual(omega)=2.788e-05
Time = 840  residual(Ux)=2.754e-05  residual(Uy)=2.754e-05  residual(p)=2.754e-05  residual(k)=2.754e-05  residual(omega)=2.754e-05
Time = 841  residual(Ux)=2.719e-05  residual(Uy)=2.719e-05  residual(p)=2.719e-05  residual(k)=2.719e-05  residual(omega)=2.719e-05
Time = 842  residual(Ux)=2.686e-05  residual(Uy)=2.686e-05  residual(p)=2.686e-05  residual(k)=2.686e-05  residual(omega)=2.686e-05
Time = 843  residual(Ux)=2.652e-05  residual(Uy)=2.652e-05  residual(p)=2.652e-05  residual(k)=2.652e-05  residual(omega)=2.652e-05
Time = 844  residual(Ux)=2.619e-05  residual(Uy)=2.619e-05  residual(p)=2.619e-05  residual(k)=2.619e-05  residual(omega)=2.619e-05
Time = 845  residual(Ux)=2.587e-05  residual(Uy)=2.587e-05  residual(p)=2.587e-05  residual(k)=2.587e-05  residual(omega)=2.587e-05
Time = 846  residual(Ux)=2.555e-05  residual(Uy)=2.555e-05  residual(p)=2.555e-05  residual(k)=2.555e-05  residual(omega)=2.555e-05
Time = 847  residual(Ux)=2.523e-05  residual(Uy)=2.523e-05  residual(p)=2.523e-05  residual(k)=2.523e-05  residual(omega)=2.523e-05
Time = 848  residual(Ux)=2.492e-05  residual(Uy)=2.492e-05  residual(p)=2.492e-05  residual(k)=2.492e-05  residual(omega)=2.492e-05
Time = 849  residual(Ux)=2.461e-05  residual(Uy)=2.461e-05  residual(p)=2.461e-05  residual(k)=2.461e-05  residual(omega)=2.461e-05
Time = 850  residual(Ux)=2.430e-05  residual(Uy)=2.430e-05  residual(p)=2.430e-05  residual(k)=2.430e-05  residual(omega)=2.430e-05
Time = 851  residual(Ux)=2.400e-05  residual(Uy)=2.400e-05  residual(p)=2.400e-05  residual(k)=2.400e-05  residual(omega)=2.400e-05
Time = 852  residual(Ux)=2.370e-05  residual(Uy)=2.370e-05  residual(p)=2.370e-05  residual(k)=2.370e-05  residual(omega)=2.370e-05
Time = 853  residual(Ux)=2.341e-05  residual(Uy)=2.341e-05  residual(p)=2.341e-05  residual(k)=2.341e-05  residual(omega)=2.341e-05
Time = 854  residual(Ux)=2.312e-05  residual(Uy)=2.312e-05  residual(p)=2.312e-05  residual(k)=2.312e-05  residual(omega)=2.312e-05
Time = 855  residual(Ux)=2.283e-05  residual(Uy)=2.283e-05  residual(p)=2.283e-05  residual(k)=2.283e-05  residual(omega)=2.283e-05
Time = 856  residual(Ux)=2.254e-05  residual(Uy)=2.254e-05  residual(p)=2.254e-05  residual(k)=2.254e-05  residual(omega)=2.254e-05
Time = 857  residual(Ux)=2.226e-05  residual(Uy)=2.226e-05  residual(p)=2.226e-05  residual(k)=2.226e-05  residual(omega)=2.226e-05
Time = 858  residual(Ux)=2.199e-05  residual(Uy)=2.199e-05  residual(p)=2.199e-05  residual(k)=2.199e-05  residual(omega)=2.199e-05
Time = 859  residual(Ux)=2.172e-05  residual(Uy)=2.172e-05  residual(p)=2.172e-05  residual(k)=2.172e-05  residual(omega)=2.172e-05
Time = 860  residual(Ux)=2.145e-05  residual(Uy)=2.145e-05  residual(p)=2.145e-05  residual(k)=2.145e-05  residual(omega)=2.145e-05
Time = 861  residual(Ux)=2.118e-05  residual(Uy)=2.118e-05  residual(p)=2.118e-05  residual(k)=2.118e-05  residual(omega)=2.118e-05
Time = 862  residual(Ux)=2.092e-05  residual(Uy)=2.092e-05  residual(p)=2.092e-05  residual(k)=2.092e-05  residual(omega)=2.092e-05
Time = 863  residual(Ux)=2.066e-05  residual(Uy)=2.066e-05  residual(p)=2.066e-05  residual(k)=2.066e-05  residual(omega)=2.066e-05
Time = 864  residual(Ux)=2.040e-05  residual(Uy)=2.040e-05  residual(p)=2.040e-05  residual(k)=2.040e-05  residual(omega)=2.040e-05
Time = 865  residual(Ux)=2.015e-05  residual(Uy)=2.015e-05  residual(p)=2.015e-05  residual(k)=2.015e-05  residual(omega)=2.015e-05
Time = 866  residual(Ux)=1.990e-05  residual(Uy)=1.990e-05  residual(p)=1.990e-05  residual(k)=1.990e-05  residual(omega)=1.990e-05
Time = 867  residual(Ux)=1.965e-05  residual(Uy)=1.965e-05  residual(p)=1.965e-05  residual(k)=1.965e-05  residual(omega)=1.965e-05
Time = 868  residual(Ux)=1.940e-05  residual(Uy)=1.940e-05  residual(p)=1.940e-05  residual(k)=1.940e-05  residual(omega)=1.940e-05
Time = 869  residual(Ux)=1.916e-05  residual(Uy)=1.916e-05  residual(p)=1.916e-05  residual(k)=1.916e-05  residual(omega)=1.916e-05
Time = 870  residual(Ux)=1.893e-05  residual(Uy)=1.893e-05  residual(p)=1.893e-05  residual(k)=1.893e-05  residual(omega)=1.893e-05
Time = 871  residual(Ux)=1.869e-05  residual(Uy)=1.869e-05  residual(p)=1.869e-05  residual(k)=1.869e-05  residual(omega)=1.869e-05
Time = 872  residual(Ux)=1.846e-05  residual(Uy)=1.846e-05  residual(p)=1.846e-05  residual(k)=1.846e-05  residual(omega)=1.846e-05
Time = 873  residual(Ux)=1.823e-05  residual(Uy)=1.823e-05  residual(p)=1.823e-05  residual(k)=1.823e-05  residual(omega)=1.823e-05
Time = 874  residual(Ux)=1.800e-05  residual(Uy)=1.800e-05  residual(p)=1.800e-05  residual(k)=1.800e-05  residual(omega)=1.800e-05
Time = 875  residual(Ux)=1.778e-05  residual(Uy)=1.778e-05  residual(p)=1.778e-05  residual(k)=1.778e-05  residual(omega)=1.778e-05
Time = 876  residual(Ux)=1.756e-05  residual(Uy)=1.756e-05  residual(p)=1.756e-05  residual(k)=1.756e-05  residual(omega)=1.756e-05
Time = 877  residual(Ux)=1.734e-05  residual(Uy)=1.734e-05  residual(p)=1.734e-05  residual(k)=1.734e-05  residual(omega)=1.734e-05
Time = 878  residual(Ux)=1.712e-05  residual(Uy)=1.712e-05  residual(p)=1.712e-05  residual(k)=1.712e-05  residual(omega)=1.712e-05
Time = 879  residual(Ux)=1.691e-05  residual(Uy)=1.691e-05  residual(p)=1.691e-05  residual(k)=1.691e-05  residual(omega)=1.691e-05
Time = 880  residual(Ux)=1.670e-05  residual(Uy)=1.670e-05  residual(p)=1.670e-05  residual(k)=1.670e-05  residual(omega)=1.670e-05
Time = 881  residual(Ux)=1.649e-05  residual(Uy)=1.649e-05  residual(p)=1.649e-05  residual(k)=1.649e-05  residual(omega)=1.649e-05
Time = 882  residual(Ux)=1.629e-05  residual(Uy)=1.629e-05  residual(p)=1.629e-05  residual(k)=1.629e-05  residual(omega)=1.629e-05
Time = 883  residual(Ux)=1.609e-05  residual(Uy)=1.609e-05  residual(p)=1.609e-05  residual(k)=1.609e-05  residual(omega)=1.609e-05
Time = 884  residual(Ux)=1.589e-05  residual(Uy)=1.589e-05  residual(p)=1.589e-05  residual(k)=1.589e-05  residual(omega)=1.589e-05
Time = 885  residual(Ux)=1.569e-05  residual(Uy)=1.569e-05  residual(p)=1.569e-05  residual(k)=1.569e-05  residual(omega)=1.569e-05
Time = 886  residual(Ux)=1.549e-05  residual(Uy)=1.549e-05  residual(p)=1.549e-05  residual(k)=1.549e-05  residual(omega)=1.549e-05
Time = 887  residual(Ux)=1.530e-05  residual(Uy)=1.530e-05  residual(p)=1.530e-05  residual(k)=1.530e-05  residual(omega)=1.530e-05
Time = 888  residual(Ux)=1.511e-05  residual(Uy)=1.511e-05  residual(p)=1.511e-05  residual(k)=1.511e-05  residual(omega)=1.511e-05
Time = 889  residual(Ux)=1.492e-05  residual(Uy)=1.492e-05  residual(p)=1.492e-05  residual(k)=1.492e-05  residual(omega)=1.492e-05
Time = 890  residual(Ux)=1.474e-05  residual(Uy)=1.474e-05  residual(p)=1.474e-05  residual(k)=1.474e-05  residual(omega)=1.474e-05
Time = 891  residual(Ux)=1.456e-05  residual(Uy)=1.456e-05  residual(p)=1.456e-05  residual(k)=1.456e-05  residual(omega)=1.456e-05
Time = 892  residual(Ux)=1.438e-05  residual(Uy)=1.438e-05  residual(p)=1.438e-05  residual(k)=1.438e-05  residual(omega)=1.438e-05
Time = 893  residual(Ux)=1.420e-05  residual(Uy)=1.420e-05  residual(p)=1.420e-05  residual(k)=1.420e-05  residual(omega)=1.420e-05
Time = 894  residual(Ux)=1.402e-05  residual(Uy)=1.402e-05  residual(p)=1.402e-05  residual(k)=1.402e-05  residual(omega)=1.402e-05
Time = 895  residual(Ux)=1.385e-05  residual(Uy)=1.385e-05  residual(p)=1.385e-05  residual(k)=1.385e-05  residual(omega)=1.385e-05
Time = 896  residual(Ux)=1.367e-05  residual(Uy)=1.367e-05  residual(p)=1.367e-05  residual(k)=1.367e-05  residual(omega)=1.367e-05
Time = 897  residual(Ux)=1.350e-05  residual(Uy)=1.350e-05  residual(p)=1.350e-05  residual(k)=1.350e-05  residual(omega)=1.350e-05
Time = 898  residual(Ux)=1.334e-05  residual(Uy)=1.334e-05  residual(p)=1.334e-05  residual(k)=1.334e-05  residual(omega)=1.334e-05
Time = 899  residual(Ux)=1.317e-05  residual(Uy)=1.317e-05  residual(p)=1.317e-05  residual(k)=1.317e-05  residual(omega)=1.317e-05
Time = 900  residual(Ux)=1.301e-05  residual(Uy)=1.301e-05  residual(p)=1.301e-05  residual(k)=1.301e-05  residual(omega)=1.301e-05
Time = 901  residual(Ux)=1.285e-05  residual(Uy)=1.285e-05  residual(p)=1.285e-05  residual(k)=1.285e-05  residual(omega)=1.285e-05
Time = 902  residual(Ux)=1.269e-05  residual(Uy)=1.269e-05  residual(p)=1.269e-05  residual(k)=1.269e-05  residual(omega)=1.269e-05
Time = 903  residual(Ux)=1.253e-05  residual(Uy)=1.253e-05  residual(p)=1.253e-05  residual(k)=1.253e-05  residual(omega)=1.253e-05
Time = 904  residual(Ux)=1.237e-05  residual(Uy)=1.237e-05  residual(p)=1.237e-05  residual(k)=1.237e-05  residual(omega)=1.237e-05
Time = 905  residual(Ux)=1.222e-05  residual(Uy)=1.222e-05  residual(p)=1.222e-05  residual(k)=1.222e-05  residual(omega)=1.222e-05
Time = 906  residual(Ux)=1.207e-05  residual(Uy)=1.207e-05  residual(p)=1.207e-05  residual(k)=1.207e-05  residual(omega)=1.207e-05
Time = 907  residual(Ux)=1.192e-05  residual(Uy)=1.192e-05  residual(p)=1.192e-05  residual(k)=1.192e-05  residual(omega)=1.192e-05
Time = 908  residual(Ux)=1.177e-05  residual(Uy)=1.177e-05  residual(p)=1.177e-05  residual(k)=1.177e-05  residual(omega)=1.177e-05
Time = 909  residual(Ux)=1.162e-05  residual(Uy)=1.162e-05  residual(p)=1.162e-05  residual(k)=1.162e-05  residual(omega)=1.162e-05
Time = 910  residual(Ux)=1.148e-05  residual(Uy)=1.148e-05  residual(p)=1.148e-05  residual(k)=1.148e-05  residual(omega)=1.148e-05
Time = 911  residual(Ux)=1.134e-05  residual(Uy)=1.134e-05  residual(p)=1.134e-05  residual(k)=1.134e-05  residual(omega)=1.134e-05
Time = 912  residual(Ux)=1.120e-05  residual(Uy)=1.120e-05  residual(p)=1.120e-05  residual(k)=1.120e-05  residual(omega)=1.120e-05
Time = 913  residual(Ux)=1.106e-05  residual(Uy)=1.106e-05  residual(p)=1.106e-05  residual(k)=1.106e-05  residual(omega)=1.106e-05
Time = 914  residual(Ux)=1.092e-05  residual(Uy)=1.092e-05  residual(p)=1.092e-05  residual(k)=1.092e-05  residual(omega)=1.092e-05
Time = 915  residual(Ux)=1.078e-05  residual(Uy)=1.078e-05  residual(p)=1.078e-05  residual(k)=1.078e-05  residual(omega)=1.078e-05
Time = 916  residual(Ux)=1.065e-05  residual(Uy)=1.065e-05  residual(p)=1.065e-05  residual(k)=1.065e-05  residual(omega)=1.065e-05
Time = 917  residual(Ux)=1.052e-05  residual(Uy)=1.052e-05  residual(p)=1.052e-05  residual(k)=1.052e-05  residual(omega)=1.052e-05
Time = 918  residual(Ux)=1.039e-05  residual(Uy)=1.039e-05  residual(p)=1.039e-05  residual(k)=1.039e-05  residual(omega)=1.039e-05
Time = 919  residual(Ux)=1.026e-05  residual(Uy)=1.026e-05  residual(p)=1.026e-05  residual(k)=1.026e-05  residual(omega)=1.026e-05
Time = 920  residual(Ux)=1.013e-05  residual(Uy)=1.013e-05  residual(p)=1.013e-05  residual(k)=1.013e-05  residual(omega)=1.013e-05
Time = 921  residual(Ux)=1.000e-05  residual(Uy)=1.000e-05  residual(p)=1.000e-05  residual(k)=1.000e-05  residual(omega)=1.000e-05
Time = 922  residual(Ux)=9.880e-06  residual(Uy)=9.880e-06  residual(p)=9.880e-06  residual(k)=9.880e-06  residual(omega)=9.880e-06
Time = 923  residual(Ux)=9.757e-06  residual(Uy)=9.757e-06  residual(p)=9.757e-06  residual(k)=9.757e-06  residual(omega)=9.757e-06
Time = 924  residual(Ux)=9.636e-06  residual(Uy)=9.636e-06  residual(p)=9.636e-06  residual(k)=9.636e-06  residual(omega)=9.636e-06
Time = 925  residual(Ux)=9.516e-06  residual(Uy)=9.516e-06  residual(p)=9.516e-06  residual(k)=9.516e-06  residual(omega)=9.516e-06
Time = 926  residual(Ux)=9.398e-06  residual(Uy)=9.398e-06  residual(p)=9.398e-06  residual(k)=9.398e-06  residual(omega)=9.398e-06
Time = 927  residual(Ux)=9.281e-06  residual(Uy)=9.281e-06  residual(p)=9.281e-06  residual(k)=9.281e-06  residual(omega)=9.281e-06
Time = 928  residual(Ux)=9.166e-06  residual(Uy)=9.166e-06  residual(p)=9.166e-06  residual(k)=9.166e-06  residual(omega)=9.166e-06
Time = 929  residual(Ux)=9.052e-06  residual(Uy)=9.052e-06  residual(p)=9.052e-06  residual(k)=9.052e-06  residual(omega)=9.052e-06
Time = 930  residual(Ux)=8.940e-06  residual(Uy)=8.940e-06  residual(p)=8.940e-06  residual(k)=8.940e-06  residual(omega)=8.940e-06
Time = 931  residual(Ux)=8.829e-06  residual(Uy)=8.829e-06  residual(p)=8.829e-06  residual(k)=8.829e-06  residual(omega)=8.829e-06
Time = 932  residual(Ux)=8.719e-06  residual(Uy)=8.719e-06  residual(p)=8.719e-06  residual(k)=8.719e-06  residual(omega)=8.719e-06
Time = 933  residual(Ux)=8.611e-06  residual(Uy)=8.611e-06  residual(p)=8.611e-06  residual(k)=8.611e-06  residual(omega)=8.611e-06
Time = 934  residual(Ux)=8.504e-06  residual(Uy)=8.504e-06  residual(p)=8.504e-06  residual(k)=8.504e-06  residual(omega)=8.504e-06
Time = 935  residual(Ux)=8.398e-06  residual(Uy)=8.398e-06  residual(p)=8.398e-06  residual(k)=8.398e-06  residual(omega)=8.398e-06
Time = 936  residual(Ux)=8.294e-06  residual(Uy)=8.294e-06  residual(p)=8.294e-06  residual(k)=8.294e-06  residual(omega)=8.294e-06
Time = 937  residual(Ux)=8.191e-06  residual(Uy)=8.191e-06  residual(p)=8.191e-06  residual(k)=8.191e-06  residual(omega)=8.191e-06
Time = 938  residual(Ux)=8.089e-06  residual(Uy)=8.089e-06  residual(p)=8.089e-06  residual(k)=8.089e-06  residual(omega)=8.089e-06
Time = 939  residual(Ux)=7.989e-06  residual(Uy)=7.989e-06  residual(p)=7.989e-06  residual(k)=7.989e-06  residual(omega)=7.989e-06
Time = 940  residual(Ux)=7.889e-06  residual(Uy)=7.889e-06  residual(p)=7.889e-06  residual(k)=7.889e-06  residual(omega)=7.889e-06
Time = 941  residual(Ux)=7.791e-06  residual(Uy)=7.791e-06  residual(p)=7.791e-06  residual(k)=7.791e-06  residual(omega)=7.791e-06
Time = 942  residual(Ux)=7.695e-06  residual(Uy)=7.695e-06  residual(p)=7.695e-06  residual(k)=7.695e-06  residual(omega)=7.695e-06
Time = 943  residual(Ux)=7.599e-06  residual(Uy)=7.599e-06  residual(p)=7.599e-06  residual(k)=7.599e-06  residual(omega)=7.599e-06
Time = 944  residual(Ux)=7.505e-06  residual(Uy)=7.505e-06  residual(p)=7.505e-06  residual(k)=7.505e-06  residual(omega)=7.505e-06
Time = 945  residual(Ux)=7.411e-06  residual(Uy)=7.411e-06  residual(p)=7.411e-06  residual(k)=7.411e-06  residual(omega)=7.411e-06
Time = 946  residual(Ux)=7.319e-06  residual(Uy)=7.319e-06  residual(p)=7.319e-06  residual(k)=7.319e-06  residual(omega)=7.319e-06
Time = 947  residual(Ux)=7.228e-06  residual(Uy)=7.228e-06  residual(p)=7.228e-06  residual(k)=7.228e-06  residual(omega)=7.228e-06
Time = 948  residual(Ux)=7.139e-06  residual(Uy)=7.139e-06  residual(p)=7.139e-06  residual(k)=7.139e-06  residual(omega)=7.139e-06
Time = 949  residual(Ux)=7.050e-06  residual(Uy)=7.050e-06  residual(p)=7.050e-06  residual(k)=7.050e-06  residual(omega)=7.050e-06
Time = 950  residual(Ux)=6.962e-06  residual(Uy)=6.962e-06  residual(p)=6.962e-06  residual(k)=6.962e-06  residual(omega)=6.962e-06
Time = 951  residual(Ux)=6.876e-06  residual(Uy)=6.876e-06  residual(p)=6.876e-06  residual(k)=6.876e-06  residual(omega)=6.876e-06
Time = 952  residual(Ux)=6.790e-06  residual(Uy)=6.790e-06  residual(p)=6.790e-06  residual(k)=6.790e-06  residual(omega)=6.790e-06
Time = 953  residual(Ux)=6.706e-06  residual(Uy)=6.706e-06  residual(p)=6.706e-06  residual(k)=6.706e-06  residual(omega)=6.706e-06
Time = 954  residual(Ux)=6.623e-06  residual(Uy)=6.623e-06  residual(p)=6.623e-06  residual(k)=6.623e-06  residual(omega)=6.623e-06
Time = 955  residual(Ux)=6.540e-06  residual(Uy)=6.540e-06  residual(p)=6.540e-06  residual(k)=6.540e-06  residual(omega)=6.540e-06
Time = 956  residual(Ux)=6.459e-06  residual(Uy)=6.459e-06  residual(p)=6.459e-06  residual(k)=6.459e-06  residual(omega)=6.459e-06
Time = 957  residual(Ux)=6.379e-06  residual(Uy)=6.379e-06  residual(p)=6.379e-06  residual(k)=6.379e-06  residual(omega)=6.379e-06
Time = 958  residual(Ux)=6.300e-06  residual(Uy)=6.300e-06  residual(p)=6.300e-06  residual(k)=6.300e-06  residual(omega)=6.300e-06
Time = 959  residual(Ux)=6.221e-06  residual(Uy)=6.221e-06  residual(p)=6.221e-06  residual(k)=6.221e-06  residual(omega)=6.221e-06
Time = 960  residual(Ux)=6.144e-06  residual(Uy)=6.144e-06  residual(p)=6.144e-06  residual(k)=6.144e-06  residual(omega)=6.144e-06
Time = 961  residual(Ux)=6.068e-06  residual(Uy)=6.068e-06  residual(p)=6.068e-06  residual(k)=6.068e-06  residual(omega)=6.068e-06
Time = 962  residual(Ux)=5.993e-06  residual(Uy)=5.993e-06  residual(p)=5.993e-06  residual(k)=5.993e-06  residual(omega)=5.993e-06
Time = 963  residual(Ux)=5.918e-06  residual(Uy)=5.918e-06  residual(p)=5.918e-06  residual(k)=5.918e-06  residual(omega)=5.918e-06
Time = 964  residual(Ux)=5.845e-06  residual(Uy)=5.845e-06  residual(p)=5.845e-06  residual(k)=5.845e-06  residual(omega)=5.845e-06
Time = 965  residual(Ux)=5.772e-06  residual(Uy)=5.772e-06  residual(p)=5.772e-06  residual(k)=5.772e-06  residual(omega)=5.772e-06
Time = 966  residual(Ux)=5.700e-06  residual(Uy)=5.700e-06  residual(p)=5.700e-06  residual(k)=5.700e-06  residual(omega)=5.700e-06
Time = 967  residual(Ux)=5.629e-06  residual(Uy)=5.629e-06  residual(p)=5.629e-06  residual(k)=5.629e-06  residual(omega)=5.629e-06
Time = 968  residual(Ux)=5.560e-06  residual(Uy)=5.560e-06  residual(p)=5.560e-06  residual(k)=5.560e-06  residual(omega)=5.560e-06
Time = 969  residual(Ux)=5.490e-06  residual(Uy)=5.490e-06  residual(p)=5.490e-06  residual(k)=5.490e-06  residual(omega)=5.490e-06
Time = 970  residual(Ux)=5.422e-06  residual(Uy)=5.422e-06  residual(p)=5.422e-06  residual(k)=5.422e-06  residual(omega)=5.422e-06
Time = 971  residual(Ux)=5.355e-06  residual(Uy)=5.355e-06  residual(p)=5.355e-06  residual(k)=5.355e-06  residual(omega)=5.355e-06
Time = 972  residual(Ux)=5.288e-06  residual(Uy)=5.288e-06  residual(p)=5.288e-06  residual(k)=5.288e-06  residual(omega)=5.288e-06
Time = 973  residual(Ux)=5.223e-06  residual(Uy)=5.223e-06  residual(p)=5.223e-06  residual(k)=5.223e-06  residual(omega)=5.223e-06
Time = 974  residual(Ux)=5.158e-06  residual(Uy)=5.158e-06  residual(p)=5.158e-06  residual(k)=5.158e-06  residual(omega)=5.158e-06
Time = 975  residual(Ux)=5.094e-06  residual(Uy)=5.094e-06  residual(p)=5.094e-06  residual(k)=5.094e-06  residual(omega)=5.094e-06
Time = 976  residual(Ux)=5.030e-06  residual(Uy)=5.030e-06  residual(p)=5.030e-06  residual(k)=5.030e-06  residual(omega)=5.030e-06
Time = 977  residual(Ux)=4.968e-06  residual(Uy)=4.968e-06  residual(p)=4.968e-06  residual(k)=4.968e-06  residual(omega)=4.968e-06
Time = 978  residual(Ux)=4.906e-06  residual(Uy)=4.906e-06  residual(p)=4.906e-06  residual(k)=4.906e-06  residual(omega)=4.906e-06
Time = 979  residual(Ux)=4.845e-06  residual(Uy)=4.845e-06  residual(p)=4.845e-06  residual(k)=4.845e-06  residual(omega)=4.845e-06
Time = 980  residual(Ux)=4.785e-06  residual(Uy)=4.785e-06  residual(p)=4.785e-06  residual(k)=4.785e-06  residual(omega)=4.785e-06
Time = 981  residual(Ux)=4.726e-06  residual(Uy)=4.726e-06  residual(p)=4.726e-06  residual(k)=4.726e-06  residual(omega)=4.726e-06
Time = 982  residual(Ux)=4.667e-06  residual(Uy)=4.667e-06  residual(p)=4.667e-06  residual(k)=4.667e-06  residual(omega)=4.667e-06
Time = 983  residual(Ux)=4.609e-06  residual(Uy)=4.609e-06  residual(p)=4.609e-06  residual(k)=4.609e-06  residual(omega)=4.609e-06
Time = 984  residual(Ux)=4.552e-06  residual(Uy)=4.552e-06  residual(p)=4.552e-06  residual(k)=4.552e-06  residual(omega)=4.552e-06
Time = 985  residual(Ux)=4.495e-06  residual(Uy)=4.495e-06  residual(p)=4.495e-06  residual(k)=4.495e-06  residual(omega)=4.495e-06
Time = 986  residual(Ux)=4.439e-06  residual(Uy)=4.439e-06  residual(p)=4.439e-06  residual(k)=4.439e-06  residual(omega)=4.439e-06
Time = 987  residual(Ux)=4.384e-06  residual(Uy)=4.384e-06  residual(p)=4.384e-06  residual(k)=4.384e-06  residual(omega)=4.384e-06
Time = 988  residual(Ux)=4.330e-06  residual(Uy)=4.330e-06  residual(p)=4.330e-06  residual(k)=4.330e-06  residual(omega)=4.330e-06
Time = 989  residual(Ux)=4.276e-06  residual(Uy)=4.276e-06  residual(p)=4.276e-06  residual(k)=4.276e-06  residual(omega)=4.276e-06
Time = 990  residual(Ux)=4.223e-06  residual(Uy)=4.223e-06  residual(p)=4.223e-06  residual(k)=4.223e-06  residual(omega)=4.223e-06
Time = 991  residual(Ux)=4.170e-06  residual(Uy)=4.170e-06  residual(p)=4.170e-06  residual(k)=4.170e-06  residual(omega)=4.170e-06
Time = 992  residual(Ux)=4.119e-06  residual(Uy)=4.119e-06  residual(p)=4.119e-06  residual(k)=4.119e-06  residual(omega)=4.119e-06
Time = 993  residual(Ux)=4.067e-06  residual(Uy)=4.067e-06  residual(p)=4.067e-06  residual(k)=4.067e-06  residual(omega)=4.067e-06
Time = 994  residual(Ux)=4.017e-06  residual(Uy)=4.017e-06  residual(p)=4.017e-06  residual(k)=4.017e-06  residual(omega)=4.017e-06
Time = 995  residual(Ux)=3.967e-06  residual(Uy)=3.967e-06  residual(p)=3.967e-06  residual(k)=3.967e-06  residual(omega)=3.967e-06
Time = 996  residual(Ux)=3.918e-06  residual(Uy)=3.918e-06  residual(p)=3.918e-06  residual(k)=3.918e-06  residual(omega)=3.918e-06
Time = 997  residual(Ux)=3.869e-06  residual(Uy)=3.869e-06  residual(p)=3.869e-06  residual(k)=3.869e-06  residual(omega)=3.869e-06
Time = 998  residual(Ux)=3.821e-06  residual(Uy)=3.821e-06  residual(p)=3.821e-06  residual(k)=3.821e-06  residual(omega)=3.821e-06
Time = 999  residual(Ux)=3.774e-06  residual(Uy)=3.774e-06  residual(p)=3.774e-06  residual(k)=3.774e-06  residual(omega)=3.774e-06
Time = 1000  residual(Ux)=3.727e-06  residual(Uy)=3.727e-06  residual(p)=3.727e-06  residual(k)=3.727e-06  residual(omega)=3.727e-06
Time = 1001  residual(Ux)=3.680e-06  residual(Uy)=3.680e-06  residual(p)=3.680e-06  residual(k)=3.680e-06  residual(omega)=3.680e-06
Time = 1002  residual(Ux)=3.635e-06  residual(Uy)=3.635e-06  residual(p)=3.635e-06  residual(k)=3.635e-06  residual(omega)=3.635e-06
Time = 1003  residual(Ux)=3.589e-06  residual(Uy)=3.589e-06  residual(p)=3.589e-06  residual(k)=3.589e-06  residual(omega)=3.589e-06
Time = 1004  residual(Ux)=3.545e-06  residual(Uy)=3.545e-06  residual(p)=3.545e-06  residual(k)=3.545e-06  residual(omega)=3.545e-06
Time = 1005  residual(Ux)=3.501e-06  residual(Uy)=3.501e-06  residual(p)=3.501e-06  residual(k)=3.501e-06  residual(omega)=3.501e-06
Time = 1006  residual(Ux)=3.457e-06  residual(Uy)=3.457e-06  residual(p)=3.457e-06  residual(k)=3.457e-06  residual(omega)=3.457e-06
Time = 1007  residual(Ux)=3.414e-06  residual(Uy)=3.414e-06  residual(p)=3.414e-06  residual(k)=3.414e-06  residual(omega)=3.414e-06
Time = 1008  residual(Ux)=3.372e-06  residual(Uy)=3.372e-06  residual(p)=3.372e-06  residual(k)=3.372e-06  residual(omega)=3.372e-06
Time = 1009  residual(Ux)=3.330e-06  residual(Uy)=3.330e-06  residual(p)=3.330e-06  residual(k)=3.330e-06  residual(omega)=3.330e-06
Time = 1010  residual(Ux)=3.289e-06  residual(Uy)=3.289e-06  residual(p)=3.289e-06  residual(k)=3.289e-06  residual(omega)=3.289e-06
Time = 1011  residual(Ux)=3.248e-06  residual(Uy)=3.248e-06  residual(p)=3.248e-06  residual(k)=3.248e-06  residual(omega)=3.248e-06
Time = 1012  residual(Ux)=3.208e-06  residual(Uy)=3.208e-06  residual(p)=3.208e-06  residual(k)=3.208e-06  residual(omega)=3.208e-06
Time = 1013  residual(Ux)=3.168e-06  residual(Uy)=3.168e-06  residual(p)=3.168e-06  residual(k)=3.168e-06  residual(omega)=3.168e-06
Time = 1014  residual(Ux)=3.128e-06  residual(Uy)=3.128e-06  residual(p)=3.128e-06  residual(k)=3.128e-06  residual(omega)=3.128e-06
Time = 1015  residual(Ux)=3.090e-06  residual(Uy)=3.090e-06  residual(p)=3.090e-06  residual(k)=3.090e-06  residual(omega)=3.090e-06
Time = 1016  residual(Ux)=3.051e-06  residual(Uy)=3.051e-06  residual(p)=3.051e-06  residual(k)=3.051e-06  residual(omega)=3.051e-06
Time = 1017  residual(Ux)=3.013e-06  residual(Uy)=3.013e-06  residual(p)=3.013e-06  residual(k)=3.013e-06  residual(omega)=3.013e-06
Time = 1018  residual(Ux)=2.976e-06  residual(Uy)=2.976e-06  residual(p)=2.976e-06  residual(k)=2.976e-06  residual(omega)=2.976e-06
Time = 1019  residual(Ux)=2.939e-06  residual(Uy)=2.939e-06  residual(p)=2.939e-06  residual(k)=2.939e-06  residual(omega)=2.939e-06
Time = 1020  residual(Ux)=2.902e-06  residual(Uy)=2.902e-06  residual(p)=2.902e-06  residual(k)=2.902e-06  residual(omega)=2.902e-06
Time = 1021  residual(Ux)=2.866e-06  residual(Uy)=2.866e-06  residual(p)=2.866e-06  residual(k)=2.866e-06  residual(omega)=2.866e-06
Time = 1022  residual(Ux)=2.831e-06  residual(Uy)=2.831e-06  residual(p)=2.831e-06  residual(k)=2.831e-06  residual(omega)=2.831e-06
Time = 1023  residual(Ux)=2.795e-06  residual(Uy)=2.795e-06  residual(p)=2.795e-06  residual(k)=2.795e-06  residual(omega)=2.795e-06
Time = 1024  residual(Ux)=2.761e-06  residual(Uy)=2.761e-06  residual(p)=2.761e-06  residual(k)=2.761e-06  residual(omega)=2.761e-06
Time = 1025  residual(Ux)=2.726e-06  residual(Uy)=2.726e-06  residual(p)=2.726e-06  residual(k)=2.726e-06  residual(omega)=2.726e-06
Time = 1026  residual(Ux)=2.693e-06  residual(Uy)=2.693e-06  residual(p)=2.693e-06  residual(k)=2.693e-06  residual(omega)=2.693e-06
Time = 1027  residual(Ux)=2.659e-06  residual(Uy)=2.659e-06  residual(p)=2.659e-06  residual(k)=2.659e-06  residual(omega)=2.659e-06
Time = 1028  residual(Ux)=2.626e-06  residual(Uy)=2.626e-06  residual(p)=2.626e-06  residual(k)=2.626e-06  residual(omega)=2.626e-06
Time = 1029  residual(Ux)=2.594e-06  residual(Uy)=2.594e-06  residual(p)=2.594e-06  residual(k)=2.594e-06  residual(omega)=2.594e-06
Time = 1030  residual(Ux)=2.561e-06  residual(Uy)=2.561e-06  residual(p)=2.561e-06  residual(k)=2.561e-06  residual(omega)=2.561e-06
Time = 1031  residual(Ux)=2.529e-06  residual(Uy)=2.529e-06  residual(p)=2.529e-06  residual(k)=2.529e-06  residual(omega)=2.529e-06
Time = 1032  residual(Ux)=2.498e-06  residual(Uy)=2.498e-06  residual(p)=2.498e-06  residual(k)=2.498e-06  residual(omega)=2.498e-06
Time = 1033  residual(Ux)=2.467e-06  residual(Uy)=2.467e-06  residual(p)=2.467e-06  residual(k)=2.467e-06  residual(omega)=2.467e-06
Time = 1034  residual(Ux)=2.436e-06  residual(Uy)=2.436e-06  residual(p)=2.436e-06  residual(k)=2.436e-06  residual(omega)=2.436e-06
Time = 1035  residual(Ux)=2.406e-06  residual(Uy)=2.406e-06  residual(p)=2.406e-06  residual(k)=2.406e-06  residual(omega)=2.406e-06
Time = 1036  residual(Ux)=2.376e-06  residual(Uy)=2.376e-06  residual(p)=2.376e-06  residual(k)=2.376e-06  residual(omega)=2.376e-06
Time = 1037  residual(Ux)=2.347e-06  residual(Uy)=2.347e-06  residual(p)=2.347e-06  residual(k)=2.347e-06  residual(omega)=2.347e-06
Time = 1038  residual(Ux)=2.318e-06  residual(Uy)=2.318e-06  residual(p)=2.318e-06  residual(k)=2.318e-06  residual(omega)=2.318e-06
Time = 1039  residual(Ux)=2.289e-06  residual(Uy)=2.289e-06  residual(p)=2.289e-06  residual(k)=2.289e-06  residual(omega)=2.289e-06
Time = 1040  residual(Ux)=2.260e-06  residual(Uy)=2.260e-06  residual(p)=2.260e-06  residual(k)=2.260e-06  residual(omega)=2.260e-06
Time = 1041  residual(Ux)=2.232e-06  residual(Uy)=2.232e-06  residual(p)=2.232e-06  residual(k)=2.232e-06  residual(omega)=2.232e-06
Time = 1042  residual(Ux)=2.205e-06  residual(Uy)=2.205e-06  residual(p)=2.205e-06  residual(k)=2.205e-06  residual(omega)=2.205e-06
Time = 1043  residual(Ux)=2.177e-06  residual(Uy)=2.177e-06  residual(p)=2.177e-06  residual(k)=2.177e-06  residual(omega)=2.177e-06
Time = 1044  residual(Ux)=2.150e-06  residual(Uy)=2.150e-06  residual(p)=2.150e-06  residual(k)=2.150e-06  residual(omega)=2.150e-06
Time = 1045  residual(Ux)=2.123e-06  residual(Uy)=2.123e-06  residual(p)=2.123e-06  residual(k)=2.123e-06  residual(omega)=2.123e-06
Time = 1046  residual(Ux)=2.097e-06  residual(Uy)=2.097e-06  residual(p)=2.097e-06  residual(k)=2.097e-06  residual(omega)=2.097e-06
Time = 1047  residual(Ux)=2.071e-06  residual(Uy)=2.071e-06  residual(p)=2.071e-06  residual(k)=2.071e-06  residual(omega)=2.071e-06
Time = 1048  residual(Ux)=2.045e-06  residual(Uy)=2.045e-06  residual(p)=2.045e-06  residual(k)=2.045e-06  residual(omega)=2.045e-06
Time = 1049  residual(Ux)=2.020e-06  residual(Uy)=2.020e-06  residual(p)=2.020e-06  residual(k)=2.020e-06  residual(omega)=2.020e-06
Time = 1050  residual(Ux)=1.995e-06  residual(Uy)=1.995e-06  residual(p)=1.995e-06  residual(k)=1.995e-06  residual(omega)=1.995e-06
Time = 1051  residual(Ux)=1.970e-06  residual(Uy)=1.970e-06  residual(p)=1.970e-06  residual(k)=1.970e-06  residual(omega)=1.970e-06
Time = 1052  residual(Ux)=1.945e-06  residual(Uy)=1.945e-06  residual(p)=1.945e-06  residual(k)=1.945e-06  residual(omega)=1.945e-06
Time = 1053  residual(Ux)=1.921e-06  residual(Uy)=1.921e-06  residual(p)=1.921e-06  residual(k)=1.921e-06  residual(omega)=1.921e-06
Time = 1054  residual(Ux)=1.897e-06  residual(Uy)=1.897e-06  residual(p)=1.897e-06  residual(k)=1.897e-06  residual(omega)=1.897e-06
Time = 1055  residual(Ux)=1.874e-06  residual(Uy)=1.874e-06  residual(p)=1.874e-06  residual(k)=1.874e-06  residual(omega)=1.874e-06
Time = 1056  residual(Ux)=1.851e-06  residual(Uy)=1.851e-06  residual(p)=1.851e-06  residual(k)=1.851e-06  residual(omega)=1.851e-06
Time = 1057  residual(Ux)=1.828e-06  residual(Uy)=1.828e-06  residual(p)=1.828e-06  residual(k)=1.828e-06  residual(omega)=1.828e-06
Time = 1058  residual(Ux)=1.805e-06  residual(Uy)=1.805e-06  residual(p)=1.805e-06  residual(k)=1.805e-06  residual(omega)=1.805e-06
Time = 1059  residual(Ux)=1.782e-06  residual(Uy)=1.782e-06  residual(p)=1.782e-06  residual(k)=1.782e-06  residual(omega)=1.782e-06
Time = 1060  residual(Ux)=1.760e-06  residual(Uy)=1.760e-06  residual(p)=1.760e-06  residual(k)=1.760e-06  residual(omega)=1.760e-06
Time = 1061  residual(Ux)=1.738e-06  residual(Uy)=1.738e-06  residual(p)=1.738e-06  residual(k)=1.738e-06  residual(omega)=1.738e-06
Time = 1062  residual(Ux)=1.717e-06  residual(Uy)=1.717e-06  residual(p)=1.717e-06  residual(k)=1.717e-06  residual(omega)=1.717e-06
Time = 1063  residual(Ux)=1.696e-06  residual(Uy)=1.696e-06  residual(p)=1.696e-06  residual(k)=1.696e-06  residual(omega)=1.696e-06
Time = 1064  residual(Ux)=1.674e-06  residual(Uy)=1.674e-06  residual(p)=1.674e-06  residual(k)=1.674e-06  residual(omega)=1.674e-06
Time = 1065  residual(Ux)=1.654e-06  residual(Uy)=1.654e-06  residual(p)=1.654e-06  residual(k)=1.654e-06  residual(omega)=1.654e-06
Time = 1066  residual(Ux)=1.633e-06  residual(Uy)=1.633e-06  residual(p)=1.633e-06  residual(k)=1.633e-06  residual(omega)=1.633e-06
Time = 1067  residual(Ux)=1.613e-06  residual(Uy)=1.613e-06  residual(p)=1.613e-06  residual(k)=1.613e-06  residual(omega)=1.613e-06
Time = 1068  residual(Ux)=1.593e-06  residual(Uy)=1.593e-06  residual(p)=1.593e-06  residual(k)=1.593e-06  residual(omega)=1.593e-06
Time = 1069  residual(Ux)=1.573e-06  residual(Uy)=1.573e-06  residual(p)=1.573e-06  residual(k)=1.573e-06  residual(omega)=1.573e-06
Time = 1070  residual(Ux)=1.554e-06  residual(Uy)=1.554e-06  residual(p)=1.554e-06  residual(k)=1.554e-06  residual(omega)=1.554e-06
Time = 1071  residual(Ux)=1.534e-06  residual(Uy)=1.534e-06  residual(p)=1.534e-06  residual(k)=1.534e-06  residual(omega)=1.534e-06
Time = 1072  residual(Ux)=1.515e-06  residual(Uy)=1.515e-06  residual(p)=1.515e-06  residual(k)=1.515e-06  residual(omega)=1.515e-06
Time = 1073  residual(Ux)=1.496e-06  residual(Uy)=1.496e-06  residual(p)=1.496e-06  residual(k)=1.496e-06  residual(omega)=1.496e-06
Time = 1074  residual(Ux)=1.478e-06  residual(Uy)=1.478e-06  residual(p)=1.478e-06  residual(k)=1.478e-06  residual(omega)=1.478e-06
Time = 1075  residual(Ux)=1.459e-06  residual(Uy)=1.459e-06  residual(p)=1.459e-06  residual(k)=1.459e-06  residual(omega)=1.459e-06
Time = 1076  residual(Ux)=1.441e-06  residual(Uy)=1.441e-06  residual(p)=1.441e-06  residual(k)=1.441e-06  residual(omega)=1.441e-06
Time = 1077  residual(Ux)=1.423e-06  residual(Uy)=1.423e-06  residual(p)=1.423e-06  residual(k)=1.423e-06  residual(omega)=1.423e-06
Time = 1078  residual(Ux)=1.406e-06  residual(Uy)=1.406e-06  residual(p)=1.406e-06  residual(k)=1.406e-06  residual(omega)=1.406e-06
Time = 1079  residual(Ux)=1.388e-06  residual(Uy)=1.388e-06  residual(p)=1.388e-06  residual(k)=1.388e-06  residual(omega)=1.388e-06
Time = 1080  residual(Ux)=1.371e-06  residual(Uy)=1.371e-06  residual(p)=1.371e-06  residual(k)=1.371e-06  residual(omega)=1.371e-06
Time = 1081  residual(Ux)=1.354e-06  residual(Uy)=1.354e-06  residual(p)=1.354e-06  residual(k)=1.354e-06  residual(omega)=1.354e-06
Time = 1082  residual(Ux)=1.337e-06  residual(Uy)=1.337e-06  residual(p)=1.337e-06  residual(k)=1.337e-06  residual(omega)=1.337e-06
Time = 1083  residual(Ux)=1.321e-06  residual(Uy)=1.321e-06  residual(p)=1.321e-06  residual(k)=1.321e-06  residual(omega)=1.321e-06
Time = 1084  residual(Ux)=1.304e-06  residual(Uy)=1.304e-06  residual(p)=1.304e-06  residual(k)=1.304e-06  residual(omega)=1.304e-06
Time = 1085  residual(Ux)=1.288e-06  residual(Uy)=1.288e-06  residual(p)=1.288e-06  residual(k)=1.288e-06  residual(omega)=1.288e-06
Time = 1086  residual(Ux)=1.272e-06  residual(Uy)=1.272e-06  residual(p)=1.272e-06  residual(k)=1.272e-06  residual(omega)=1.272e-06
Time = 1087  residual(Ux)=1.256e-06  residual(Uy)=1.256e-06  residual(p)=1.256e-06  residual(k)=1.256e-06  residual(omega)=1.256e-06
Time = 1088  residual(Ux)=1.240e-06  residual(Uy)=1.240e-06  residual(p)=1.240e-06  residual(k)=1.240e-06  residual(omega)=1.240e-06
Time = 1089  residual(Ux)=1.225e-06  residual(Uy)=1.225e-06  residual(p)=1.225e-06  residual(k)=1.225e-06  residual(omega)=1.225e-06
Time = 1090  residual(Ux)=1.210e-06  residual(Uy)=1.210e-06  residual(p)=1.210e-06  residual(k)=1.210e-06  residual(omega)=1.210e-06
Time = 1091  residual(Ux)=1.195e-06  residual(Uy)=1.195e-06  residual(p)=1.195e-06  residual(k)=1.195e-06  residual(omega)=1.195e-06
Time = 1092  residual(Ux)=1.180e-06  residual(Uy)=1.180e-06  residual(p)=1.180e-06  residual(k)=1.180e-06  residual(omega)=1.180e-06
Time = 1093  residual(Ux)=1.165e-06  residual(Uy)=1.165e-06  residual(p)=1.165e-06  residual(k)=1.165e-06  residual(omega)=1.165e-06
Time = 1094  residual(Ux)=1.151e-06  residual(Uy)=1.151e-06  residual(p)=1.151e-06  residual(k)=1.151e-06  residual(omega)=1.151e-06
Time = 1095  residual(Ux)=1.137e-06  residual(Uy)=1.137e-06  residual(p)=1.137e-06  residual(k)=1.137e-06  residual(omega)=1.137e-06
Time = 1096  residual(Ux)=1.122e-06  residual(Uy)=1.122e-06  residual(p)=1.122e-06  residual(k)=1.122e-06  residual(omega)=1.122e-06
Time = 1097  residual(Ux)=1.109e-06  residual(Uy)=1.109e-06  residual(p)=1.109e-06  residual(k)=1.109e-06  residual(omega)=1.109e-06
Time = 1098  residual(Ux)=1.095e-06  residual(Uy)=1.095e-06  residual(p)=1.095e-06  residual(k)=1.095e-06  residual(omega)=1.095e-06
Time = 1099  residual(Ux)=1.081e-06  residual(Uy)=1.081e-06  residual(p)=1.081e-06  residual(k)=1.081e-06  residual(omega)=1.081e-06
Time = 1100  residual(Ux)=1.068e-06  residual(Uy)=1.068e-06  residual(p)=1.068e-06  residual(k)=1.068e-06  residual(omega)=1.068e-06
Time = 1101  residual(Ux)=1.054e-06  residual(Uy)=1.054e-06  residual(p)=1.054e-06  residual(k)=1.054e-06  residual(omega)=1.054e-06
Time = 1102  residual(Ux)=1.041e-06  residual(Uy)=1.041e-06  residual(p)=1.041e-06  residual(k)=1.041e-06  residual(omega)=1.041e-06
Time = 1103  residual(Ux)=1.028e-06  residual(Uy)=1.028e-06  residual(p)=1.028e-06  residual(k)=1.028e-06  residual(omega)=1.028e-06
Time = 1104  residual(Ux)=1.016e-06  residual(Uy)=1.016e-06  residual(p)=1.016e-06  residual(k)=1.016e-06  residual(omega)=1.016e-06
Time = 1105  residual(Ux)=1.003e-06  residual(Uy)=1.003e-06  residual(p)=1.003e-06  residual(k)=1.003e-06  residual(omega)=1.003e-06
Time = 1106  residual(Ux)=1.000e-06  residual(Uy)=1.000e-06  residual(p)=1.000e-06  residual(k)=1.000e-06  residual(omega)=1.000e-06
Time = 1107  residual(Ux)=1.000e-06  residual(Uy)=1.000e-06  residual(p)=1.000e-06  residual(k)=1.000e-06  residual(omega)=1.000e-06
Time = 1108  residual(Ux)=1.000e-06  residual(Uy)=1.000e-06  residual(p)=1.000e-06  residual(k)=1.000e-06  residual(omega)=1.000e-06
Time = 1109  residual(Ux)=1.000e-06  residual(Uy)=1.000e-06  residual(p)=1.000e-06  residual(k)=1.000e-06  residual(omega)=1.000e-06
Time = 1110  residual(Ux)=1.000e-06  residual(Uy)=1.000e-06  residual(p)=1.000e-06  residual(k)=1.000e-06  residual(omega)=1.000e-06
Time = 1111  residual(Ux)=1.000e-06  residual(Uy)=1.000e-06  residual(p)=1.000e-06  residual(k)=1.000e-06  residual(omega)=1.000e-06
Time = 1112  residual(Ux)=1.000e-06  residual(Uy)=1.000e-06  residual(p)=1.000e-06  residual(k)=1.000e-06  residual(omega)=1.000e-06
Time = 1113  residual(Ux)=1.000e-06  residual(Uy)=1.000e-06  residual(p)=1.000e-06  residual(k)=1.000e-06  residual(omega)=1.000e-06
Time = 1114  residual(Ux)=1.000e-06  residual(Uy)=1.000e-06  residual(p)=1.000e-06  residual(k)=1.000e-06  residual(omega)=1.000e-06
Time = 1115  residual(Ux)=1.000e-06  residual(Uy)=1.000e-06  residual(p)=1.000e-06  residual(k)=1.000e-06  residual(omega)=1.000e-06
Time = 1116  residual(Ux)=1.000e-06  residual(Uy)=1.000e-06  residual(p)=1.000e-06  residual(k)=1.000e-06  residual(omega)=1.000e-06
Time = 1117  residual(Ux)=1.000e-06  residual(Uy)=1.000e-06  residual(p)=1.000e-06  residual(k)=1.000e-06  residual(omega)=1.000e-06
Time = 1118  residual(Ux)=1.000e-06  residual(Uy)=1.000e-06  residual(p)=1.000e-06  residual(k)=1.000e-06  residual(omega)=1.000e-06
Time = 1119  residual(Ux)=1.000e-06  residual(Uy)=1.000e-06  residual(p)=1.000e-06  residual(k)=1.000e-06  residual(omega)=1.000e-06
Time = 1120  residual(Ux)=1.000e-06  residual(Uy)=1.000e-06  residual(p)=1.000e-06  residual(k)=1.000e-06  residual(omega)=1.000e-06
Time = 1121  residual(Ux)=1.000e-06  residual(Uy)=1.000e-06  residual(p)=1.000e-06  residual(k)=1.000e-06  residual(omega)=1.000e-06
Time = 1122  residual(Ux)=1.000e-06  residual(Uy)=1.000e-06  residual(p)=1.000e-06  residual(k)=1.000e-06  residual(omega)=1.000e-06
Time = 1123  residual(Ux)=1.000e-06  residual(Uy)=1.000e-06  residual(p)=1.000e-06  residual(k)=1.000e-06  residual(omega)=1.000e-06
Time = 1124  residual(Ux)=1.000e-06  residual(Uy)=1.000e-06  residual(p)=1.000e-06  residual(k)=1.000e-06  residual(omega)=1.000e-06
Time = 1125  residual(Ux)=1.000e-06  residual(Uy)=1.000e-06  residual(p)=1.000e-06  residual(k)=1.000e-06  residual(omega)=1.000e-06
Time = 1126  residual(Ux)=1.000e-06  residual(Uy)=1.000e-06  residual(p)=1.000e-06  residual(k)=1.000e-06  residual(omega)=1.000e-06
Time = 1127  residual(Ux)=1.000e-06  residual(Uy)=1.000e-06  residual(p)=1.000e-06  residual(k)=1.000e-06  residual(omega)=1.000e-06
Time = 1128  residual(Ux)=1.000e-06  residual(Uy)=1.000e-06  residual(p)=1.000e-06  residual(k)=1.000e-06  residual(omega)=1.000e-06
Time = 1129  residual(Ux)=1.000e-06  residual(Uy)=1.000e-06  residual(p)=1.000e-06  residual(k)=1.000e-06  residual(omega)=1.000e-06
Time = 1130  residual(Ux)=1.000e-06  residual(Uy)=1.000e-06  residual(p)=1.000e-06  residual(k)=1.000e-06  residual(omega)=1.000e-06
Time = 1131  residual(Ux)=1.000e-06  residual(Uy)=1.000e-06  residual(p)=1.000e-06  residual(k)=1.000e-06  residual(omega)=1.000e-06
Time = 1132  residual(Ux)=1.000e-06  residual(Uy)=1.000e-06  residual(p)=1.000e-06  residual(k)=1.000e-06  residual(omega)=1.000e-06
Time = 1133  residual(Ux)=1.000e-06  residual(Uy)=1.000e-06  residual(p)=1.000e-06  residual(k)=1.000e-06  residual(omega)=1.000e-06
Time = 1134  residual(Ux)=1.000e-06  residual(Uy)=1.000e-06  residual(p)=1.000e-06  residual(k)=1.000e-06  residual(omega)=1.000e-06
Time = 1135  residual(Ux)=1.000e-06  residual(Uy)=1.000e-06  residual(p)=1.000e-06  residual(k)=1.000e-06  residual(omega)=1.000e-06
Time = 1136  residual(Ux)=1.000e-06  residual(Uy)=1.000e-06  residual(p)=1.000e-06  residual(k)=1.000e-06  residual(omega)=1.000e-06
Time = 1137  residual(Ux)=1.000e-06  residual(Uy)=1.000e-06  residual(p)=1.000e-06  residual(k)=1.000e-06  residual(omega)=1.000e-06
Time = 1138  residual(Ux)=1.000e-06  residual(Uy)=1.000e-06  residual(p)=1.000e-06  residual(k)=1.000e-06  residual(omega)=1.000e-06
Time = 1139  residual(Ux)=1.000e-06  residual(Uy)=1.000e-06  residual(p)=1.000e-06  residual(k)=1.000e-06  residual(omega)=1.000e-06
Time = 1140  residual(Ux)=1.000e-06  residual(Uy)=1.000e-06  residual(p)=1.000e-06  residual(k)=1.000e-06  residual(omega)=1.000e-06
Time = 1141  residual(Ux)=1.000e-06  residual(Uy)=1.000e-06  residual(p)=1.000e-06  residual(k)=1.000e-06  residual(omega)=1.000e-06
Time = 1142  residual(Ux)=1.000e-06  residual(Uy)=1.000e-06  residual(p)=1.000e-06  residual(k)=1.000e-06  residual(omega)=1.000e-06
Time = 1143  residual(Ux)=1.000e-06  residual(Uy)=1.000e-06  residual(p)=1.000e-06  residual(k)=1.000e-06  residual(omega)=1.000e-06
Time = 1144  residual(Ux)=1.000e-06  residual(Uy)=1.000e-06  residual(p)=1.000e-06  residual(k)=1.000e-06  residual(omega)=1.000e-06
Time = 1145  residual(Ux)=1.000e-06  residual(Uy)=1.000e-06  residual(p)=1.000e-06  residual(k)=1.000e-06  residual(omega)=1.000e-06
Time = 1146  residual(Ux)=1.000e-06  residual(Uy)=1.000e-06  residual(p)=1.000e-06  residual(k)=1.000e-06  residual(omega)=1.000e-06
Time = 1147  residual(Ux)=1.000e-06  residual(Uy)=1.000e-06  residual(p)=1.000e-06  residual(k)=1.000e-06  residual(omega)=1.000e-06
Time = 1148  residual(Ux)=1.000e-06  residual(Uy)=1.000e-06  residual(p)=1.000e-06  residual(k)=1.000e-06  residual(omega)=1.000e-06
Time = 1149  residual(Ux)=1.000e-06  residual(Uy)=1.000e-06  residual(p)=1.000e-06  residual(k)=1.000e-06  residual(omega)=1.000e-06
Time = 1150  residual(Ux)=1.000e-06  residual(Uy)=1.000e-06  residual(p)=1.000e-06  residual(k)=1.000e-06  residual(omega)=1.000e-06
Time = 1151  residual(Ux)=1.000e-06  residual(Uy)=1.000e-06  residual(p)=1.000e-06  residual(k)=1.000e-06  residual(omega)=1.000e-06
Time = 1152  residual(Ux)=1.000e-06  residual(Uy)=1.000e-06  residual(p)=1.000e-06  residual(k)=1.000e-06  residual(omega)=1.000e-06
Time = 1153  residual(Ux)=1.000e-06  residual(Uy)=1.000e-06  residual(p)=1.000e-06  residual(k)=1.000e-06  residual(omega)=1.000e-06
Time = 1154  residual(Ux)=1.000e-06  residual(Uy)=1.000e-06  residual(p)=1.000e-06  residual(k)=1.000e-06  residual(omega)=1.000e-06
Time = 1155  residual(Ux)=1.000e-06  residual(Uy)=1.000e-06  residual(p)=1.000e-06  residual(k)=1.000e-06  residual(omega)=1.000e-06
Time = 1156  residual(Ux)=1.000e-06  residual(Uy)=1.000e-06  residual(p)=1.000e-06  residual(k)=1.000e-06  residual(omega)=1.000e-06
Time = 1157  residual(Ux)=1.000e-06  residual(Uy)=1.000e-06  residual(p)=1.000e-06  residual(k)=1.000e-06  residual(omega)=1.000e-06
Time = 1158  residual(Ux)=1.000e-06  residual(Uy)=1.000e-06  residual(p)=1.000e-06  residual(k)=1.000e-06  residual(omega)=1.000e-06
Time = 1159  residual(Ux)=1.000e-06  residual(Uy)=1.000e-06  residual(p)=1.000e-06  residual(k)=1.000e-06  residual(omega)=1.000e-06
Time = 1160  residual(Ux)=1.000e-06  residual(Uy)=1.000e-06  residual(p)=1.000e-06  residual(k)=1.000e-06  residual(omega)=1.000e-06
Time = 1161  residual(Ux)=1.000e-06  residual(Uy)=1.000e-06  residual(p)=1.000e-06  residual(k)=1.000e-06  residual(omega)=1.000e-06
Time = 1162  residual(Ux)=1.000e-06  residual(Uy)=1.000e-06  residual(p)=1.000e-06  residual(k)=1.000e-06  residual(omega)=1.000e-06
Time = 1163  residual(Ux)=1.000e-06  residual(Uy)=1.000e-06  residual(p)=1.000e-06  residual(k)=1.000e-06  residual(omega)=1.000e-06
Time = 1164  residual(Ux)=1.000e-06  residual(Uy)=1.000e-06  residual(p)=1.000e-06  residual(k)=1.000e-06  residual(omega)=1.000e-06
Time = 1165  residual(Ux)=1.000e-06  residual(Uy)=1.000e-06  residual(p)=1.000e-06  residual(k)=1.000e-06  residual(omega)=1.000e-06
Time = 1166  residual(Ux)=1.000e-06  residual(Uy)=1.000e-06  residual(p)=1.000e-06  residual(k)=1.000e-06  residual(omega)=1.000e-06
Time = 1167  residual(Ux)=1.000e-06  residual(Uy)=1.000e-06  residual(p)=1.000e-06  residual(k)=1.000e-06  residual(omega)=1.000e-06
Time = 1168  residual(Ux)=1.000e-06  residual(Uy)=1.000e-06  residual(p)=1.000e-06  residual(k)=1.000e-06  residual(omega)=1.000e-06
Time = 1169  residual(Ux)=1.000e-06  residual(Uy)=1.000e-06  residual(p)=1.000e-06  residual(k)=1.000e-06  residual(omega)=1.000e-06
Time = 1170  residual(Ux)=1.000e-06  residual(Uy)=1.000e-06  residual(p)=1.000e-06  residual(k)=1.000e-06  residual(omega)=1.000e-06
Time = 1171  residual(Ux)=1.000e-06  residual(Uy)=1.000e-06  residual(p)=1.000e-06  residual(k)=1.000e-06  residual(omega)=1.000e-06
Time = 1172  residual(Ux)=1.000e-06  residual(Uy)=1.000e-06  residual(p)=1.000e-06  residual(k)=1.000e-06  residual(omega)=1.000e-06
Time = 1173  residual(Ux)=1.000e-06  residual(Uy)=1.000e-06  residual(p)=1.000e-06  residual(k)=1.000e-06  residual(omega)=1.000e-06
Time = 1174  residual(Ux)=1.000e-06  residual(Uy)=1.000e-06  residual(p)=1.000e-06  residual(k)=1.000e-06  residual(omega)=1.000e-06
Time = 1175  residual(Ux)=1.000e-06  residual(Uy)=1.000e-06  residual(p)=1.000e-06  residual(k)=1.000e-06  residual(omega)=1.000e-06
Time = 1176  residual(Ux)=1.000e-06  residual(Uy)=1.000e-06  residual(p)=1.000e-06  residual(k)=1.000e-06  residual(omega)=1.000e-06
Time = 1177  residual(Ux)=1.000e-06  residual(Uy)=1.000e-06  residual(p)=1.000e-06  residual(k)=1.000e-06  residual(omega)=1.000e-06
Time = 1178  residual(Ux)=1.000e-06  residual(Uy)=1.000e-06  residual(p)=1.000e-06  residual(k)=1.000e-06  residual(omega)=1.000e-06
Time = 1179  residual(Ux)=1.000e-06  residual(Uy)=1.000e-06  residual(p)=1.000e-06  residual(k)=1.000e-06  residual(omega)=1.000e-06
Time = 1180  residual(Ux)=1.000e-06  residual(Uy)=1.000e-06  residual(p)=1.000e-06  residual(k)=1.000e-06  residual(omega)=1.000e-06
Time = 1181  residual(Ux)=1.000e-06  residual(Uy)=1.000e-06  residual(p)=1.000e-06  residual(k)=1.000e-06  residual(omega)=1.000e-06
Time = 1182  residual(Ux)=1.000e-06  residual(Uy)=1.000e-06  residual(p)=1.000e-06  residual(k)=1.000e-06  residual(omega)=1.000e-06
Time = 1183  residual(Ux)=1.000e-06  residual(Uy)=1.000e-06  residual(p)=1.000e-06  residual(k)=1.000e-06  residual(omega)=1.000e-06
Time = 1184  residual(Ux)=1.000e-06  residual(Uy)=1.000e-06  residual(p)=1.000e-06  residual(k)=1.000e-06  residual(omega)=1.000e-06
Time = 1185  residual(Ux)=1.000e-06  residual(Uy)=1.000e-06  residual(p)=1.000e-06  residual(k)=1.000e-06  residual(omega)=1.000e-06
Time = 1186  residual(Ux)=1.000e-06  residual(Uy)=1.000e-06  residual(p)=1.000e-06  residual(k)=1.000e-06  residual(omega)=1.000e-06
Time = 1187  residual(Ux)=1.000e-06  residual(Uy)=1.000e-06  residual(p)=1.000e-06  residual(k)=1.000e-06  residual(omega)=1.000e-06
Time = 1188  residual(Ux)=1.000e-06  residual(Uy)=1.000e-06  residual(p)=1.000e-06  residual(k)=1.000e-06  residual(omega)=1.000e-06
Time = 1189  residual(Ux)=1.000e-06  residual(Uy)=1.000e-06  residual(p)=1.000e-06  residual(k)=1.000e-06  residual(omega)=1.000e-06
Time = 1190  residual(Ux)=1.000e-06  residual(Uy)=1.000e-06  residual(p)=1.000e-06  residual(k)=1.000e-06  residual(omega)=1.000e-06
Time = 1191  residual(Ux)=1.000e-06  residual(Uy)=1.000e-06  residual(p)=1.000e-06  residual(k)=1.000e-06  residual(omega)=1.000e-06
Time = 1192  residual(Ux)=1.000e-06  residual(Uy)=1.000e-06  residual(p)=1.000e-06  residual(k)=1.000e-06  residual(omega)=1.000e-06
Time = 1193  residual(Ux)=1.000e-06  residual(Uy)=1.000e-06  residual(p)=1.000e-06  residual(k)=1.000e-06  residual(omega)=1.000e-06
Time = 1194  residual(Ux)=1.000e-06  residual(Uy)=1.000e-06  residual(p)=1.000e-06  residual(k)=1.000e-06  residual(omega)=1.000e-06
Time = 1195  residual(Ux)=1.000e-06  residual(Uy)=1.000e-06  residual(p)=1.000e-06  residual(k)=1.000e-06  residual(omega)=1.000e-06
Time = 1196  residual(Ux)=1.000e-06  residual(Uy)=1.000e-06  residual(p)=1.000e-06  residual(k)=1.000e-06  residual(omega)=1.000e-06
Time = 1197  residual(Ux)=1.000e-06  residual(Uy)=1.000e-06  residual(p)=1.000e-06  residual(k)=1.000e-06  residual(omega)=1.000e-06
Time = 1198  residual(Ux)=1.000e-06  residual(Uy)=1.000e-06  residual(p)=1.000e-06  residual(k)=1.000e-06  residual(omega)=1.000e-06
Time = 1199  residual(Ux)=1.000e-06  residual(Uy)=1.000e-06  residual(p)=1.000e-06  residual(k)=1.000e-06  residual(omega)=1.000e-06
Time = 1200  residual(Ux)=1.000e-06  residual(Uy)=1.000e-06  residual(p)=1.000e-06  residual(k)=1.000e-06  residual(omega)=1.000e-06
Time = 1201  residual(Ux)=1.000e-06  residual(Uy)=1.000e-06  residual(p)=1.000e-06  residual(k)=1.000e-06  residual(omega)=1.000e-06
Time = 1202  residual(Ux)=1.000e-06  residual(Uy)=1.000e-06  residual(p)=1.000e-06  residual(k)=1.000e-06  residual(omega)=1.000e-06
Time = 1203  residual(Ux)=1.000e-06  residual(Uy)=1.000e-06  residual(p)=1.000e-06  residual(k)=1.000e-06  residual(omega)=1.000e-06
Time = 1204  residual(Ux)=1.000e-06  residual(Uy)=1.000e-06  residual(p)=1.000e-06  residual(k)=1.000e-06  residual(omega)=1.000e-06
Time = 1205  residual(Ux)=1.000e-06  residual(Uy)=1.000e-06  residual(p)=1.000e-06  residual(k)=1.000e-06  residual(omega)=1.000e-06
Time = 1206  residual(Ux)=1.000e-06  residual(Uy)=1.000e-06  residual(p)=1.000e-06  residual(k)=1.000e-06  residual(omega)=1.000e-06
Time = 1207  residual(Ux)=1.000e-06  residual(Uy)=1.000e-06  residual(p)=1.000e-06  residual(k)=1.000e-06  residual(omega)=1.000e-06
Time = 1208  residual(Ux)=1.000e-06  residual(Uy)=1.000e-06  residual(p)=1.000e-06  residual(k)=1.000e-06  residual(omega)=1.000e-06
Time = 1209  residual(Ux)=1.000e-06  residual(Uy)=1.000e-06  residual(p)=1.000e-06  residual(k)=1.000e-06  residual(omega)=1.000e-06
Time = 1210  residual(Ux)=1.000e-06  residual(Uy)=1.000e-06  residual(p)=1.000e-06  residual(k)=1.000e-06  residual(omega)=1.000e-06
Time = 1211  residual(Ux)=1.000e-06  residual(Uy)=1.000e-06  residual(p)=1.000e-06  residual(k)=1.000e-06  residual(omega)=1.000e-06
Time = 1212  residual(Ux)=1.000e-06  residual(Uy)=1.000e-06  residual(p)=1.000e-06  residual(k)=1.000e-06  residual(omega)=1.000e-06
Time = 1213  residual(Ux)=1.000e-06  residual(Uy)=1.000e-06  residual(p)=1.000e-06  residual(k)=1.000e-06  residual(omega)=1.000e-06
Time = 1214  residual(Ux)=1.000e-06  residual(Uy)=1.000e-06  residual(p)=1.000e-06  residual(k)=1.000e-06  residual(omega)=1.000e-06
Time = 1215  residual(Ux)=1.000e-06  residual(Uy)=1.000e-06  residual(p)=1.000e-06  residual(k)=1.000e-06  residual(omega)=1.000e-06
Time = 1216  residual(Ux)=1.000e-06  residual(Uy)=1.000e-06  residual(p)=1.000e-06  residual(k)=1.000e-06  residual(omega)=1.000e-06
Time = 1217  residual(Ux)=1.000e-06  residual(Uy)=1.000e-06  residual(p)=1.000e-06  residual(k)=1.000e-06  residual(omega)=1.000e-06
Time = 1218  residual(Ux)=1.000e-06  residual(Uy)=1.000e-06  residual(p)=1.000e-06  residual(k)=1.000e-06  residual(omega)=1.000e-06
Time = 1219  residual(Ux)=1.000e-06  residual(Uy)=1.000e-06  residual(p)=1.000e-06  residual(k)=1.000e-06  residual(omega)=1.000e-06
Time = 1220  residual(Ux)=1.000e-06  residual(Uy)=1.000e-06  residual(p)=1.000e-06  residual(k)=1.000e-06  residual(omega)=1.000e-06
Time = 1221  residual(Ux)=1.000e-06  residual(Uy)=1.000e-06  residual(p)=1.000e-06  residual(k)=1.000e-06  residual(omega)=1.000e-06
Time = 1222  residual(Ux)=1.000e-06  residual(Uy)=1.000e-06  residual(p)=1.000e-06  residual(k)=1.000e-06  residual(omega)=1.000e-06
Time = 1223  residual(Ux)=1.000e-06  residual(Uy)=1.000e-06  residual(p)=1.000e-06  residual(k)=1.000e-06  residual(omega)=1.000e-06
Time = 1224  residual(Ux)=1.000e-06  residual(Uy)=1.000e-06  residual(p)=1.000e-06  residual(k)=1.000e-06  residual(omega)=1.000e-06
Time = 1225  residual(Ux)=1.000e-06  residual(Uy)=1.000e-06  residual(p)=1.000e-06  residual(k)=1.000e-06  residual(omega)=1.000e-06
Time = 1226  residual(Ux)=1.000e-06  residual(Uy)=1.000e-06  residual(p)=1.000e-06  residual(k)=1.000e-06  residual(omega)=1.000e-06
Time = 1227  residual(Ux)=1.000e-06  residual(Uy)=1.000e-06  residual(p)=1.000e-06  residual(k)=1.000e-06  residual(omega)=1.000e-06
Time = 1228  residual(Ux)=1.000e-06  residual(Uy)=1.000e-06  residual(p)=1.000e-06  residual(k)=1.000e-06  residual(omega)=1.000e-06
Time = 1229  residual(Ux)=1.000e-06  residual(Uy)=1.000e-06  residual(p)=1.000e-06  residual(k)=1.000e-06  residual(omega)=1.000e-06
Time = 1230  residual(Ux)=1.000e-06  residual(Uy)=1.000e-06  residual(p)=1.000e-06  residual(k)=1.000e-06  residual(omega)=1.000e-06
Time = 1231  residual(Ux)=1.000e-06  residual(Uy)=1.000e-06  residual(p)=1.000e-06  residual(k)=1.000e-06  residual(omega)=1.000e-06
Time = 1232  residual(Ux)=1.000e-06  residual(Uy)=1.000e-06  residual(p)=1.000e-06  residual(k)=1.000e-06  residual(omega)=1.000e-06
Time = 1233  residual(Ux)=1.000e-06  residual(Uy)=1.000e-06  residual(p)=1.000e-06  residual(k)=1.000e-06  residual(omega)=1.000e-06
Time = 1234  residual(Ux)=1.000e-06  residual(Uy)=1.000e-06  residual(p)=1.000e-06  residual(k)=1.000e-06  residual(omega)=1.000e-06
Time = 1235  residual(Ux)=1.000e-06  residual(Uy)=1.000e-06  residual(p)=1.000e-06  residual(k)=1.000e-06  residual(omega)=1.000e-06
Time = 1236  residual(Ux)=1.000e-06  residual(Uy)=1.000e-06  residual(p)=1.000e-06  residual(k)=1.000e-06  residual(omega)=1.000e-06
Time = 1237  residual(Ux)=1.000e-06  residual(Uy)=1.000e-06  residual(p)=1.000e-06  residual(k)=1.000e-06  residual(omega)=1.000e-06
Time = 1238  residual(Ux)=1.000e-06  residual(Uy)=1.000e-06  residual(p)=1.000e-06  residual(k)=1.000e-06  residual(omega)=1.000e-06
Time = 1239  residual(Ux)=1.000e-06  residual(Uy)=1.000e-06  residual(p)=1.000e-06  residual(k)=1.000e-06  residual(omega)=1.000e-06
Time = 1240  residual(Ux)=1.000e-06  residual(Uy)=1.000e-06  residual(p)=1.000e-06  residual(k)=1.000e-06  residual(omega)=1.000e-06
Time = 1241  residual(Ux)=1.000e-06  residual(Uy)=1.000e-06  residual(p)=1.000e-06  residual(k)=1.000e-06  residual(omega)=1.000e-06
Time = 1242  residual(Ux)=1.000e-06  residual(Uy)=1.000e-06  residual(p)=1.000e-06  residual(k)=1.000e-06  residual(omega)=1.000e-06
Time = 1243  residual(Ux)=1.000e-06  residual(Uy)=1.000e-06  residual(p)=1.000e-06  residual(k)=1.000e-06  residual(omega)=1.000e-06
Time = 1244  residual(Ux)=1.000e-06  residual(Uy)=1.000e-06  residual(p)=1.000e-06  residual(k)=1.000e-06  residual(omega)=1.000e-06
Time = 1245  residual(Ux)=1.000e-06  residual(Uy)=1.000e-06  residual(p)=1.000e-06  residual(k)=1.000e-06  residual(omega)=1.000e-06
Time = 1246  residual(Ux)=1.000e-06  residual(Uy)=1.000e-06  residual(p)=1.000e-06  residual(k)=1.000e-06  residual(omega)=1.000e-06
Time = 1247  residual(Ux)=1.000e-06  residual(Uy)=1.000e-06  residual(p)=1.000e-06  residual(k)=1.000e-06  residual(omega)=1.000e-06
Time = 1248  residual(Ux)=1.000e-06  residual(Uy)=1.000e-06  residual(p)=1.000e-06  residual(k)=1.000e-06  residual(omega)=1.000e-06
Time = 1249  residual(Ux)=1.000e-06  residual(Uy)=1.000e-06  residual(p)=1.000e-06  residual(k)=1.000e-06  residual(omega)=1.000e-06
Time = 1250  residual(Ux)=1.000e-06  residual(Uy)=1.000e-06  residual(p)=1.000e-06  residual(k)=1.000e-06  residual(omega)=1.000e-06
Time = 1251  residual(Ux)=1.000e-06  residual(Uy)=1.000e-06  residual(p)=1.000e-06  residual(k)=1.000e-06  residual(omega)=1.000e-06
Time = 1252  residual(Ux)=1.000e-06  residual(Uy)=1.000e-06  residual(p)=1.000e-06  residual(k)=1.000e-06  residual(omega)=1.000e-06
Time = 1253  residual(Ux)=1.000e-06  residual(Uy)=1.000e-06  residual(p)=1.000e-06  residual(k)=1.000e-06  residual(omega)=1.000e-06
Time = 1254  residual(Ux)=1.000e-06  residual(Uy)=1.000e-06  residual(p)=1.000e-06  residual(k)=1.000e-06  residual(omega)=1.000e-06
Time = 1255  residual(Ux)=1.000e-06  residual(Uy)=1.000e-06  residual(p)=1.000e-06  residual(k)=1.000e-06  residual(omega)=1.000e-06
Time = 1256  residual(Ux)=1.000e-06  residual(Uy)=1.000e-06  residual(p)=1.000e-06  residual(k)=1.000e-06  residual(omega)=1.000e-06
Time = 1257  residual(Ux)=1.000e-06  residual(Uy)=1.000e-06  residual(p)=1.000e-06  residual(k)=1.000e-06  residual(omega)=1.000e-06
Time = 1258  residual(Ux)=1.000e-06  residual(Uy)=1.000e-06  residual(p)=1.000e-06  residual(k)=1.000e-06  residual(omega)=1.000e-06
Time = 1259  residual(Ux)=1.000e-06  residual(Uy)=1.000e-06  residual(p)=1.000e-06  residual(k)=1.000e-06  residual(omega)=1.000e-06
Time = 1260  residual(Ux)=1.000e-06  residual(Uy)=1.000e-06  residual(p)=1.000e-06  residual(k)=1.000e-06  residual(omega)=1.000e-06
Time = 1261  residual(Ux)=1.000e-06  residual(Uy)=1.000e-06  residual(p)=1.000e-06  residual(k)=1.000e-06  residual(omega)=1.000e-06
Time = 1262  residual(Ux)=1.000e-06  residual(Uy)=1.000e-06  residual(p)=1.000e-06  residual(k)=1.000e-06  residual(omega)=1.000e-06
Time = 1263  residual(Ux)=1.000e-06  residual(Uy)=1.000e-06  residual(p)=1.000e-06  residual(k)=1.000e-06  residual(omega)=1.000e-06
Time = 1264  residual(Ux)=1.000e-06  residual(Uy)=1.000e-06  residual(p)=1.000e-06  residual(k)=1.000e-06  residual(omega)=1.000e-06
Time = 1265  residual(Ux)=1.000e-06  residual(Uy)=1.000e-06  residual(p)=1.000e-06  residual(k)=1.000e-06  residual(omega)=1.000e-06
Time = 1266  residual(Ux)=1.000e-06  residual(Uy)=1.000e-06  residual(p)=1.000e-06  residual(k)=1.000e-06  residual(omega)=1.000e-06
Time = 1267  residual(Ux)=1.000e-06  residual(Uy)=1.000e-06  residual(p)=1.000e-06  residual(k)=1.000e-06  residual(omega)=1.000e-06
Time = 1268  residual(Ux)=1.000e-06  residual(Uy)=1.000e-06  residual(p)=1.000e-06  residual(k)=1.000e-06  residual(omega)=1.000e-06
Time = 1269  residual(Ux)=1.000e-06  residual(Uy)=1.000e-06  residual(p)=1.000e-06  residual(k)=1.000e-06  residual(omega)=1.000e-06
Time = 1270  residual(Ux)=1.000e-06  residual(Uy)=1.000e-06  residual(p)=1.000e-06  residual(k)=1.000e-06  residual(omega)=1.000e-06
Time = 1271  residual(Ux)=1.000e-06  residual(Uy)=1.000e-06  residual(p)=1.000e-06  residual(k)=1.000e-06  residual(omega)=1.000e-06
Time = 1272  residual(Ux)=1.000e-06  residual(Uy)=1.000e-06  residual(p)=1.000e-06  residual(k)=1.000e-06  residual(omega)=1.000e-06
Time = 1273  residual(Ux)=1.000e-06  residual(Uy)=1.000e-06  residual(p)=1.000e-06  residual(k)=1.000e-06  residual(omega)=1.000e-06
Time = 1274  residual(Ux)=1.000e-06  residual(Uy)=1.000e-06  residual(p)=1.000e-06  residual(k)=1.000e-06  residual(omega)=1.000e-06
Time = 1275  residual(Ux)=1.000e-06  residual(Uy)=1.000e-06  residual(p)=1.000e-06  residual(k)=1.000e-06  residual(omega)=1.000e-06
Time = 1276  residual(Ux)=1.000e-06  residual(Uy)=1.000e-06  residual(p)=1.000e-06  residual(k)=1.000e-06  residual(omega)=1.000e-06
Time = 1277  residual(Ux)=1.000e-06  residual(Uy)=1.000e-06  residual(p)=1.000e-06  residual(k)=1.000e-06  residual(omega)=1.000e-06
Time = 1278  residual(Ux)=1.000e-06  residual(Uy)=1.000e-06  residual(p)=1.000e-06  residual(k)=1.000e-06  residual(omega)=1.000e-06
Time = 1279  residual(Ux)=1.000e-06  residual(Uy)=1.000e-06  residual(p)=1.000e-06  residual(k)=1.000e-06  residual(omega)=1.000e-06
Time = 1280  residual(Ux)=1.000e-06  residual(Uy)=1.000e-06  residual(p)=1.000e-06  residual(k)=1.000e-06  residual(omega)=1.000e-06
Time = 1281  residual(Ux)=1.000e-06  residual(Uy)=1.000e-06  residual(p)=1.000e-06  residual(k)=1.000e-06  residual(omega)=1.000e-06
Time = 1282  residual(Ux)=1.000e-06  residual(Uy)=1.000e-06  residual(p)=1.000e-06  residual(k)=1.000e-06  residual(omega)=1.000e-06
Time = 1283  residual(Ux)=1.000e-06  residual(Uy)=1.000e-06  residual(p)=1.000e-06  residual(k)=1.000e-06  residual(omega)=1.000e-06
Time = 1284  residual(Ux)=1.000e-06  residual(Uy)=1.000e-06  residual(p)=1.000e-06  residual(k)=1.000e-06  residual(omega)=1.000e-06
Time = 1285  residual(Ux)=1.000e-06  residual(Uy)=1.000e-06  residual(p)=1.000e-06  residual(k)=1.000e-06  residual(omega)=1.000e-06
Time = 1286  residual(Ux)=1.000e-06  residual(Uy)=1.000e-06  residual(p)=1.000e-06  residual(k)=1.000e-06  residual(omega)=1.000e-06
Time = 1287  residual(Ux)=1.000e-06  residual(Uy)=1.000e-06  residual(p)=1.000e-06  residual(k)=1.000e-06  residual(omega)=1.000e-06
Time = 1288  residual(Ux)=1.000e-06  residual(Uy)=1.000e-06  residual(p)=1.000e-06  residual(k)=1.000e-06  residual(omega)=1.000e-06
Time = 1289  residual(Ux)=1.000e-06  residual(Uy)=1.000e-06  residual(p)=1.000e-06  residual(k)=1.000e-06  residual(omega)=1.000e-06
Time = 1290  residual(Ux)=1.000e-06  residual(Uy)=1.000e-06  residual(p)=1.000e-06  residual(k)=1.000e-06  residual(omega)=1.000e-06
Time = 1291  residual(Ux)=1.000e-06  residual(Uy)=1.000e-06  residual(p)=1.000e-06  residual(k)=1.000e-06  residual(omega)=1.000e-06
Time = 1292  residual(Ux)=1.000e-06  residual(Uy)=1.000e-06  residual(p)=1.000e-06  residual(k)=1.000e-06  residual(omega)=1.000e-06
Time = 1293  residual(Ux)=1.000e-06  residual(Uy)=1.000e-06  residual(p)=1.000e-06  residual(k)=1.000e-06  residual(omega)=1.000e-06
Time = 1294  residual(Ux)=1.000e-06  residual(Uy)=1.000e-06  residual(p)=1.000e-06  residual(k)=1.000e-06  residual(omega)=1.000e-06
Time = 1295  residual(Ux)=1.000e-06  residual(Uy)=1.000e-06  residual(p)=1.000e-06  residual(k)=1.000e-06  residual(omega)=1.000e-06
Time = 1296  residual(Ux)=1.000e-06  residual(Uy)=1.000e-06  residual(p)=1.000e-06  residual(k)=1.000e-06  residual(omega)=1.000e-06
Time = 1297  residual(Ux)=1.000e-06  residual(Uy)=1.000e-06  residual(p)=1.000e-06  residual(k)=1.000e-06  residual(omega)=1.000e-06
Time = 1298  residual(Ux)=1.000e-06  residual(Uy)=1.000e-06  residual(p)=1.000e-06  residual(k)=1.000e-06  residual(omega)=1.000e-06
Time = 1299  residual(Ux)=1.000e-06  residual(Uy)=1.000e-06  residual(p)=1.000e-06  residual(k)=1.000e-06  residual(omega)=1.000e-06
Time = 1300  residual(Ux)=1.000e-06  residual(Uy)=1.000e-06  residual(p)=1.000e-06  residual(k)=1.000e-06  residual(omega)=1.000e-06
Time = 1301  residual(Ux)=1.000e-06  residual(Uy)=1.000e-06  residual(p)=1.000e-06  residual(k)=1.000e-06  residual(omega)=1.000e-06
Time = 1302  residual(Ux)=1.000e-06  residual(Uy)=1.000e-06  residual(p)=1.000e-06  residual(k)=1.000e-06  residual(omega)=1.000e-06
Time = 1303  residual(Ux)=1.000e-06  residual(Uy)=1.000e-06  residual(p)=1.000e-06  residual(k)=1.000e-06  residual(omega)=1.000e-06
Time = 1304  residual(Ux)=1.000e-06  residual(Uy)=1.000e-06  residual(p)=1.000e-06  residual(k)=1.000e-06  residual(omega)=1.000e-06
Time = 1305  residual(Ux)=1.000e-06  residual(Uy)=1.000e-06  residual(p)=1.000e-06  residual(k)=1.000e-06  residual(omega)=1.000e-06
Time = 1306  residual(Ux)=1.000e-06  residual(Uy)=1.000e-06  residual(p)=1.000e-06  residual(k)=1.000e-06  residual(omega)=1.000e-06
Time = 1307  residual(Ux)=1.000e-06  residual(Uy)=1.000e-06  residual(p)=1.000e-06  residual(k)=1.000e-06  residual(omega)=1.000e-06
Time = 1308  residual(Ux)=1.000e-06  residual(Uy)=1.000e-06  residual(p)=1.000e-06  residual(k)=1.000e-06  residual(omega)=1.000e-06
Time = 1309  residual(Ux)=1.000e-06  residual(Uy)=1.000e-06  residual(p)=1.000e-06  residual(k)=1.000e-06  residual(omega)=1.000e-06
Time = 1310  residual(Ux)=1.000e-06  residual(Uy)=1.000e-06  residual(p)=1.000e-06  residual(k)=1.000e-06  residual(omega)=1.000e-06
Time = 1311  residual(Ux)=1.000e-06  residual(Uy)=1.000e-06  residual(p)=1.000e-06  residual(k)=1.000e-06  residual(omega)=1.000e-06
Time = 1312  residual(Ux)=1.000e-06  residual(Uy)=1.000e-06  residual(p)=1.000e-06  residual(k)=1.000e-06  residual(omega)=1.000e-06
Time = 1313  residual(Ux)=1.000e-06  residual(Uy)=1.000e-06  residual(p)=1.000e-06  residual(k)=1.000e-06  residual(omega)=1.000e-06
Time = 1314  residual(Ux)=1.000e-06  residual(Uy)=1.000e-06  residual(p)=1.000e-06  residual(k)=1.000e-06  residual(omega)=1.000e-06
Time = 1315  residual(Ux)=1.000e-06  residual(Uy)=1.000e-06  residual(p)=1.000e-06  residual(k)=1.000e-06  residual(omega)=1.000e-06
Time = 1316  residual(Ux)=1.000e-06  residual(Uy)=1.000e-06  residual(p)=1.000e-06  residual(k)=1.000e-06  residual(omega)=1.000e-06
Time = 1317  residual(Ux)=1.000e-06  residual(Uy)=1.000e-06  residual(p)=1.000e-06  residual(k)=1.000e-06  residual(omega)=1.000e-06
Time = 1318  residual(Ux)=1.000e-06  residual(Uy)=1.000e-06  residual(p)=1.000e-06  residual(k)=1.000e-06  residual(omega)=1.000e-06
Time = 1319  residual(Ux)=1.000e-06  residual(Uy)=1.000e-06  residual(p)=1.000e-06  residual(k)=1.000e-06  residual(omega)=1.000e-06
Time = 1320  residual(Ux)=1.000e-06  residual(Uy)=1.000e-06  residual(p)=1.000e-06  residual(k)=1.000e-06  residual(omega)=1.000e-06
Time = 1321  residual(Ux)=1.000e-06  residual(Uy)=1.000e-06  residual(p)=1.000e-06  residual(k)=1.000e-06  residual(omega)=1.000e-06
Time = 1322  residual(Ux)=1.000e-06  residual(Uy)=1.000e-06  residual(p)=1.000e-06  residual(k)=1.000e-06  residual(omega)=1.000e-06
Time = 1323  residual(Ux)=1.000e-06  residual(Uy)=1.000e-06  residual(p)=1.000e-06  residual(k)=1.000e-06  residual(omega)=1.000e-06
Time = 1324  residual(Ux)=1.000e-06  residual(Uy)=1.000e-06  residual(p)=1.000e-06  residual(k)=1.000e-06  residual(omega)=1.000e-06
Time = 1325  residual(Ux)=1.000e-06  residual(Uy)=1.000e-06  residual(p)=1.000e-06  residual(k)=1.000e-06  residual(omega)=1.000e-06
Time = 1326  residual(Ux)=1.000e-06  residual(Uy)=1.000e-06  residual(p)=1.000e-06  residual(k)=1.000e-06  residual(omega)=1.000e-06
Time = 1327  residual(Ux)=1.000e-06  residual(Uy)=1.000e-06  residual(p)=1.000e-06  residual(k)=1.000e-06  residual(omega)=1.000e-06
Time = 1328  residual(Ux)=1.000e-06  residual(Uy)=1.000e-06  residual(p)=1.000e-06  residual(k)=1.000e-06  residual(omega)=1.000e-06
Time = 1329  residual(Ux)=1.000e-06  residual(Uy)=1.000e-06  residual(p)=1.000e-06  residual(k)=1.000e-06  residual(omega)=1.000e-06
Time = 1330  residual(Ux)=1.000e-06  residual(Uy)=1.000e-06  residual(p)=1.000e-06  residual(k)=1.000e-06  residual(omega)=1.000e-06
Time = 1331  residual(Ux)=1.000e-06  residual(Uy)=1.000e-06  residual(p)=1.000e-06  residual(k)=1.000e-06  residual(omega)=1.000e-06
Time = 1332  residual(Ux)=1.000e-06  residual(Uy)=1.000e-06  residual(p)=1.000e-06  residual(k)=1.000e-06  residual(omega)=1.000e-06
Time = 1333  residual(Ux)=1.000e-06  residual(Uy)=1.000e-06  residual(p)=1.000e-06  residual(k)=1.000e-06  residual(omega)=1.000e-06
Time = 1334  residual(Ux)=1.000e-06  residual(Uy)=1.000e-06  residual(p)=1.000e-06  residual(k)=1.000e-06  residual(omega)=1.000e-06
Time = 1335  residual(Ux)=1.000e-06  residual(Uy)=1.000e-06  residual(p)=1.000e-06  residual(k)=1.000e-06  residual(omega)=1.000e-06
Time = 1336  residual(Ux)=1.000e-06  residual(Uy)=1.000e-06  residual(p)=1.000e-06  residual(k)=1.000e-06  residual(omega)=1.000e-06
Time = 1337  residual(Ux)=1.000e-06  residual(Uy)=1.000e-06  residual(p)=1.000e-06  residual(k)=1.000e-06  residual(omega)=1.000e-06
Time = 1338  residual(Ux)=1.000e-06  residual(Uy)=1.000e-06  residual(p)=1.000e-06  residual(k)=1.000e-06  residual(omega)=1.000e-06
Time = 1339  residual(Ux)=1.000e-06  residual(Uy)=1.000e-06  residual(p)=1.000e-06  residual(k)=1.000e-06  residual(omega)=1.000e-06
Time = 1340  residual(Ux)=1.000e-06  residual(Uy)=1.000e-06  residual(p)=1.000e-06  residual(k)=1.000e-06  residual(omega)=1.000e-06
Time = 1341  residual(Ux)=1.000e-06  residual(Uy)=1.000e-06  residual(p)=1.000e-06  residual(k)=1.000e-06  residual(omega)=1.000e-06
Time = 1342  residual(Ux)=1.000e-06  residual(Uy)=1.000e-06  residual(p)=1.000e-06  residual(k)=1.000e-06  residual(omega)=1.000e-06
Time = 1343  residual(Ux)=1.000e-06  residual(Uy)=1.000e-06  residual(p)=1.000e-06  residual(k)=1.000e-06  residual(omega)=1.000e-06
Time = 1344  residual(Ux)=1.000e-06  residual(Uy)=1.000e-06  residual(p)=1.000e-06  residual(k)=1.000e-06  residual(omega)=1.000e-06
Time = 1345  residual(Ux)=1.000e-06  residual(Uy)=1.000e-06  residual(p)=1.000e-06  residual(k)=1.000e-06  residual(omega)=1.000e-06
Time = 1346  residual(Ux)=1.000e-06  residual(Uy)=1.000e-06  residual(p)=1.000e-06  residual(k)=1.000e-06  residual(omega)=1.000e-06
Time = 1347  residual(Ux)=1.000e-06  residual(Uy)=1.000e-06  residual(p)=1.000e-06  residual(k)=1.000e-06  residual(omega)=1.000e-06
Time = 1348  residual(Ux)=1.000e-06  residual(Uy)=1.000e-06  residual(p)=1.000e-06  residual(k)=1.000e-06  residual(omega)=1.000e-06
Time = 1349  residual(Ux)=1.000e-06  residual(Uy)=1.000e-06  residual(p)=1.000e-06  residual(k)=1.000e-06  residual(omega)=1.000e-06
Time = 1350  residual(Ux)=1.000e-06  residual(Uy)=1.000e-06  residual(p)=1.000e-06  residual(k)=1.000e-06  residual(omega)=1.000e-06
Time = 1351  residual(Ux)=1.000e-06  residual(Uy)=1.000e-06  residual(p)=1.000e-06  residual(k)=1.000e-06  residual(omega)=1.000e-06
Time = 1352  residual(Ux)=1.000e-06  residual(Uy)=1.000e-06  residual(p)=1.000e-06  residual(k)=1.000e-06  residual(omega)=1.000e-06
Time = 1353  residual(Ux)=1.000e-06  residual(Uy)=1.000e-06  residual(p)=1.000e-06  residual(k)=1.000e-06  residual(omega)=1.000e-06
Time = 1354  residual(Ux)=1.000e-06  residual(Uy)=1.000e-06  residual(p)=1.000e-06  residual(k)=1.000e-06  residual(omega)=1.000e-06
Time = 1355  residual(Ux)=1.000e-06  residual(Uy)=1.000e-06  residual(p)=1.000e-06  residual(k)=1.000e-06  residual(omega)=1.000e-06
Time = 1356  residual(Ux)=1.000e-06  residual(Uy)=1.000e-06  residual(p)=1.000e-06  residual(k)=1.000e-06  residual(omega)=1.000e-06
Time = 1357  residual(Ux)=1.000e-06  residual(Uy)=1.000e-06  residual(p)=1.000e-06  residual(k)=1.000e-06  residual(omega)=1.000e-06
Time = 1358  residual(Ux)=1.000e-06  residual(Uy)=1.000e-06  residual(p)=1.000e-06  residual(k)=1.000e-06  residual(omega)=1.000e-06
Time = 1359  residual(Ux)=1.000e-06  residual(Uy)=1.000e-06  residual(p)=1.000e-06  residual(k)=1.000e-06  residual(omega)=1.000e-06
Time = 1360  residual(Ux)=1.000e-06  residual(Uy)=1.000e-06  residual(p)=1.000e-06  residual(k)=1.000e-06  residual(omega)=1.000e-06
Time = 1361  residual(Ux)=1.000e-06  residual(Uy)=1.000e-06  residual(p)=1.000e-06  residual(k)=1.000e-06  residual(omega)=1.000e-06
Time = 1362  residual(Ux)=1.000e-06  residual(Uy)=1.000e-06  residual(p)=1.000e-06  residual(k)=1.000e-06  residual(omega)=1.000e-06
Time = 1363  residual(Ux)=1.000e-06  residual(Uy)=1.000e-06  residual(p)=1.000e-06  residual(k)=1.000e-06  residual(omega)=1.000e-06
Time = 1364  residual(Ux)=1.000e-06  residual(Uy)=1.000e-06  residual(p)=1.000e-06  residual(k)=1.000e-06  residual(omega)=1.000e-06
Time = 1365  residual(Ux)=1.000e-06  residual(Uy)=1.000e-06  residual(p)=1.000e-06  residual(k)=1.000e-06  residual(omega)=1.000e-06
Time = 1366  residual(Ux)=1.000e-06  residual(Uy)=1.000e-06  residual(p)=1.000e-06  residual(k)=1.000e-06  residual(omega)=1.000e-06
Time = 1367  residual(Ux)=1.000e-06  residual(Uy)=1.000e-06  residual(p)=1.000e-06  residual(k)=1.000e-06  residual(omega)=1.000e-06
Time = 1368  residual(Ux)=1.000e-06  residual(Uy)=1.000e-06  residual(p)=1.000e-06  residual(k)=1.000e-06  residual(omega)=1.000e-06
Time = 1369  residual(Ux)=1.000e-06  residual(Uy)=1.000e-06  residual(p)=1.000e-06  residual(k)=1.000e-06  residual(omega)=1.000e-06
Time = 1370  residual(Ux)=1.000e-06  residual(Uy)=1.000e-06  residual(p)=1.000e-06  residual(k)=1.000e-06  residual(omega)=1.000e-06
Time = 1371  residual(Ux)=1.000e-06  residual(Uy)=1.000e-06  residual(p)=1.000e-06  residual(k)=1.000e-06  residual(omega)=1.000e-06
Time = 1372  residual(Ux)=1.000e-06  residual(Uy)=1.000e-06  residual(p)=1.000e-06  residual(k)=1.000e-06  residual(omega)=1.000e-06
Time = 1373  residual(Ux)=1.000e-06  residual(Uy)=1.000e-06  residual(p)=1.000e-06  residual(k)=1.000e-06  residual(omega)=1.000e-06
Time = 1374  residual(Ux)=1.000e-06  residual(Uy)=1.000e-06  residual(p)=1.000e-06  residual(k)=1.000e-06  residual(omega)=1.000e-06
Time = 1375  residual(Ux)=1.000e-06  residual(Uy)=1.000e-06  residual(p)=1.000e-06  residual(k)=1.000e-06  residual(omega)=1.000e-06
Time = 1376  residual(Ux)=1.000e-06  residual(Uy)=1.000e-06  residual(p)=1.000e-06  residual(k)=1.000e-06  residual(omega)=1.000e-06
Time = 1377  residual(Ux)=1.000e-06  residual(Uy)=1.000e-06  residual(p)=1.000e-06  residual(k)=1.000e-06  residual(omega)=1.000e-06
Time = 1378  residual(Ux)=1.000e-06  residual(Uy)=1.000e-06  residual(p)=1.000e-06  residual(k)=1.000e-06  residual(omega)=1.000e-06
Time = 1379  residual(Ux)=1.000e-06  residual(Uy)=1.000e-06  residual(p)=1.000e-06  residual(k)=1.000e-06  residual(omega)=1.000e-06
Time = 1380  residual(Ux)=1.000e-06  residual(Uy)=1.000e-06  residual(p)=1.000e-06  residual(k)=1.000e-06  residual(omega)=1.000e-06
Time = 1381  residual(Ux)=1.000e-06  residual(Uy)=1.000e-06  residual(p)=1.000e-06  residual(k)=1.000e-06  residual(omega)=1.000e-06
Time = 1382  residual(Ux)=1.000e-06  residual(Uy)=1.000e-06  residual(p)=1.000e-06  residual(k)=1.000e-06  residual(omega)=1.000e-06
Time = 1383  residual(Ux)=1.000e-06  residual(Uy)=1.000e-06  residual(p)=1.000e-06  residual(k)=1.000e-06  residual(omega)=1.000e-06
Time = 1384  residual(Ux)=1.000e-06  residual(Uy)=1.000e-06  residual(p)=1.000e-06  residual(k)=1.000e-06  residual(omega)=1.000e-06
Time = 1385  residual(Ux)=1.000e-06  residual(Uy)=1.000e-06  residual(p)=1.000e-06  residual(k)=1.000e-06  residual(omega)=1.000e-06
Time = 1386  residual(Ux)=1.000e-06  residual(Uy)=1.000e-06  residual(p)=1.000e-06  residual(k)=1.000e-06  residual(omega)=1.000e-06
Time = 1387  residual(Ux)=1.000e-06  residual(Uy)=1.000e-06  residual(p)=1.000e-06  residual(k)=1.000e-06  residual(omega)=1.000e-06
Time = 1388  residual(Ux)=1.000e-06  residual(Uy)=1.000e-06  residual(p)=1.000e-06  residual(k)=1.000e-06  residual(omega)=1.000e-06
Time = 1389  residual(Ux)=1.000e-06  residual(Uy)=1.000e-06  residual(p)=1.000e-06  residual(k)=1.000e-06  residual(omega)=1.000e-06
Time = 1390  residual(Ux)=1.000e-06  residual(Uy)=1.000e-06  residual(p)=1.000e-06  residual(k)=1.000e-06  residual(omega)=1.000e-06
Time = 1391  residual(Ux)=1.000e-06  residual(Uy)=1.000e-06  residual(p)=1.000e-06  residual(k)=1.000e-06  residual(omega)=1.000e-06
Time = 1392  residual(Ux)=1.000e-06  residual(Uy)=1.000e-06  residual(p)=1.000e-06  residual(k)=1.000e-06  residual(omega)=1.000e-06
Time = 1393  residual(Ux)=1.000e-06  residual(Uy)=1.000e-06  residual(p)=1.000e-06  residual(k)=1.000e-06  residual(omega)=1.000e-06
Time = 1394  residual(Ux)=1.000e-06  residual(Uy)=1.000e-06  residual(p)=1.000e-06  residual(k)=1.000e-06  residual(omega)=1.000e-06
Time = 1395  residual(Ux)=1.000e-06  residual(Uy)=1.000e-06  residual(p)=1.000e-06  residual(k)=1.000e-06  residual(omega)=1.000e-06
Time = 1396  residual(Ux)=1.000e-06  residual(Uy)=1.000e-06  residual(p)=1.000e-06  residual(k)=1.000e-06  residual(omega)=1.000e-06
Time = 1397  residual(Ux)=1.000e-06  residual(Uy)=1.000e-06  residual(p)=1.000e-06  residual(k)=1.000e-06  residual(omega)=1.000e-06
Time = 1398  residual(Ux)=1.000e-06  residual(Uy)=1.000e-06  residual(p)=1.000e-06  residual(k)=1.000e-06  residual(omega)=1.000e-06
Time = 1399  residual(Ux)=1.000e-06  residual(Uy)=1.000e-06  residual(p)=1.000e-06  residual(k)=1.000e-06  residual(omega)=1.000e-06
Time = 1400  residual(Ux)=1.000e-06  residual(Uy)=1.000e-06  residual(p)=1.000e-06  residual(k)=1.000e-06  residual(omega)=1.000e-06
Time = 1401  residual(Ux)=1.000e-06  residual(Uy)=1.000e-06  residual(p)=1.000e-06  residual(k)=1.000e-06  residual(omega)=1.000e-06
Time = 1402  residual(Ux)=1.000e-06  residual(Uy)=1.000e-06  residual(p)=1.000e-06  residual(k)=1.000e-06  residual(omega)=1.000e-06
Time = 1403  residual(Ux)=1.000e-06  residual(Uy)=1.000e-06  residual(p)=1.000e-06  residual(k)=1.000e-06  residual(omega)=1.000e-06
Time = 1404  residual(Ux)=1.000e-06  residual(Uy)=1.000e-06  residual(p)=1.000e-06  residual(k)=1.000e-06  residual(omega)=1.000e-06
Time = 1405  residual(Ux)=1.000e-06  residual(Uy)=1.000e-06  residual(p)=1.000e-06  residual(k)=1.000e-06  residual(omega)=1.000e-06
Time = 1406  residual(Ux)=1.000e-06  residual(Uy)=1.000e-06  residual(p)=1.000e-06  residual(k)=1.000e-06  residual(omega)=1.000e-06
Time = 1407  residual(Ux)=1.000e-06  residual(Uy)=1.000e-06  residual(p)=1.000e-06  residual(k)=1.000e-06  residual(omega)=1.000e-06
Time = 1408  residual(Ux)=1.000e-06  residual(Uy)=1.000e-06  residual(p)=1.000e-06  residual(k)=1.000e-06  residual(omega)=1.000e-06
Time = 1409  residual(Ux)=1.000e-06  residual(Uy)=1.000e-06  residual(p)=1.000e-06  residual(k)=1.000e-06  residual(omega)=1.000e-06
Time = 1410  residual(Ux)=1.000e-06  residual(Uy)=1.000e-06  residual(p)=1.000e-06  residual(k)=1.000e-06  residual(omega)=1.000e-06
Time = 1411  residual(Ux)=1.000e-06  residual(Uy)=1.000e-06  residual(p)=1.000e-06  residual(k)=1.000e-06  residual(omega)=1.000e-06
Time = 1412  residual(Ux)=1.000e-06  residual(Uy)=1.000e-06  residual(p)=1.000e-06  residual(k)=1.000e-06  residual(omega)=1.000e-06
Time = 1413  residual(Ux)=1.000e-06  residual(Uy)=1.000e-06  residual(p)=1.000e-06  residual(k)=1.000e-06  residual(omega)=1.000e-06
Time = 1414  residual(Ux)=1.000e-06  residual(Uy)=1.000e-06  residual(p)=1.000e-06  residual(k)=1.000e-06  residual(omega)=1.000e-06
Time = 1415  residual(Ux)=1.000e-06  residual(Uy)=1.000e-06  residual(p)=1.000e-06  residual(k)=1.000e-06  residual(omega)=1.000e-06
Time = 1416  residual(Ux)=1.000e-06  residual(Uy)=1.000e-06  residual(p)=1.000e-06  residual(k)=1.000e-06  residual(omega)=1.000e-06
Time = 1417  residual(Ux)=1.000e-06  residual(Uy)=1.000e-06  residual(p)=1.000e-06  residual(k)=1.000e-06  residual(omega)=1.000e-06
Time = 1418  residual(Ux)=1.000e-06  residual(Uy)=1.000e-06  residual(p)=1.000e-06  residual(k)=1.000e-06  residual(omega)=1.000e-06
Time = 1419  residual(Ux)=1.000e-06  residual(Uy)=1.000e-06  residual(p)=1.000e-06  residual(k)=1.000e-06  residual(omega)=1.000e-06
Time = 1420  residual(Ux)=1.000e-06  residual(Uy)=1.000e-06  residual(p)=1.000e-06  residual(k)=1.000e-06  residual(omega)=1.000e-06
Time = 1421  residual(Ux)=1.000e-06  residual(Uy)=1.000e-06  residual(p)=1.000e-06  residual(k)=1.000e-06  residual(omega)=1.000e-06
Time = 1422  residual(Ux)=1.000e-06  residual(Uy)=1.000e-06  residual(p)=1.000e-06  residual(k)=1.000e-06  residual(omega)=1.000e-06
Time = 1423  residual(Ux)=1.000e-06  residual(Uy)=1.000e-06  residual(p)=1.000e-06  residual(k)=1.000e-06  residual(omega)=1.000e-06
Time = 1424  residual(Ux)=1.000e-06  residual(Uy)=1.000e-06  residual(p)=1.000e-06  residual(k)=1.000e-06  residual(omega)=1.000e-06
Time = 1425  residual(Ux)=1.000e-06  residual(Uy)=1.000e-06  residual(p)=1.000e-06  residual(k)=1.000e-06  residual(omega)=1.000e-06
Time = 1426  residual(Ux)=1.000e-06  residual(Uy)=1.000e-06  residual(p)=1.000e-06  residual(k)=1.000e-06  residual(omega)=1.000e-06
Time = 1427  residual(Ux)=1.000e-06  residual(Uy)=1.000e-06  residual(p)=1.000e-06  residual(k)=1.000e-06  residual(omega)=1.000e-06
Time = 1428  residual(Ux)=1.000e-06  residual(Uy)=1.000e-06  residual(p)=1.000e-06  residual(k)=1.000e-06  residual(omega)=1.000e-06
Time = 1429  residual(Ux)=1.000e-06  residual(Uy)=1.000e-06  residual(p)=1.000e-06  residual(k)=1.000e-06  residual(omega)=1.000e-06
Time = 1430  residual(Ux)=1.000e-06  residual(Uy)=1.000e-06  residual(p)=1.000e-06  residual(k)=1.000e-06  residual(omega)=1.000e-06
Time = 1431  residual(Ux)=1.000e-06  residual(Uy)=1.000e-06  residual(p)=1.000e-06  residual(k)=1.000e-06  residual(omega)=1.000e-06
Time = 1432  residual(Ux)=1.000e-06  residual(Uy)=1.000e-06  residual(p)=1.000e-06  residual(k)=1.000e-06  residual(omega)=1.000e-06
Time = 1433  residual(Ux)=1.000e-06  residual(Uy)=1.000e-06  residual(p)=1.000e-06  residual(k)=1.000e-06  residual(omega)=1.000e-06
Time = 1434  residual(Ux)=1.000e-06  residual(Uy)=1.000e-06  residual(p)=1.000e-06  residual(k)=1.000e-06  residual(omega)=1.000e-06
Time = 1435  residual(Ux)=1.000e-06  residual(Uy)=1.000e-06  residual(p)=1.000e-06  residual(k)=1.000e-06  residual(omega)=1.000e-06
Time = 1436  residual(Ux)=1.000e-06  residual(Uy)=1.000e-06  residual(p)=1.000e-06  residual(k)=1.000e-06  residual(omega)=1.000e-06
Time = 1437  residual(Ux)=1.000e-06  residual(Uy)=1.000e-06  residual(p)=1.000e-06  residual(k)=1.000e-06  residual(omega)=1.000e-06
Time = 1438  residual(Ux)=1.000e-06  residual(Uy)=1.000e-06  residual(p)=1.000e-06  residual(k)=1.000e-06  residual(omega)=1.000e-06
Time = 1439  residual(Ux)=1.000e-06  residual(Uy)=1.000e-06  residual(p)=1.000e-06  residual(k)=1.000e-06  residual(omega)=1.000e-06
Time = 1440  residual(Ux)=1.000e-06  residual(Uy)=1.000e-06  residual(p)=1.000e-06  residual(k)=1.000e-06  residual(omega)=1.000e-06
Time = 1441  residual(Ux)=1.000e-06  residual(Uy)=1.000e-06  residual(p)=1.000e-06  residual(k)=1.000e-06  residual(omega)=1.000e-06
Time = 1442  residual(Ux)=1.000e-06  residual(Uy)=1.000e-06  residual(p)=1.000e-06  residual(k)=1.000e-06  residual(omega)=1.000e-06
Time = 1443  residual(Ux)=1.000e-06  residual(Uy)=1.000e-06  residual(p)=1.000e-06  residual(k)=1.000e-06  residual(omega)=1.000e-06
Time = 1444  residual(Ux)=1.000e-06  residual(Uy)=1.000e-06  residual(p)=1.000e-06  residual(k)=1.000e-06  residual(omega)=1.000e-06
Time = 1445  residual(Ux)=1.000e-06  residual(Uy)=1.000e-06  residual(p)=1.000e-06  residual(k)=1.000e-06  residual(omega)=1.000e-06
Time = 1446  residual(Ux)=1.000e-06  residual(Uy)=1.000e-06  residual(p)=1.000e-06  residual(k)=1.000e-06  residual(omega)=1.000e-06
Time = 1447  residual(Ux)=1.000e-06  residual(Uy)=1.000e-06  residual(p)=1.000e-06  residual(k)=1.000e-06  residual(omega)=1.000e-06
Time = 1448  residual(Ux)=1.000e-06  residual(Uy)=1.000e-06  residual(p)=1.000e-06  residual(k)=1.000e-06  residual(omega)=1.000e-06
Time = 1449  residual(Ux)=1.000e-06  residual(Uy)=1.000e-06  residual(p)=1.000e-06  residual(k)=1.000e-06  residual(omega)=1.000e-06
Time = 1450  residual(Ux)=1.000e-06  residual(Uy)=1.000e-06  residual(p)=1.000e-06  residual(k)=1.000e-06  residual(omega)=1.000e-06
Time = 1451  residual(Ux)=1.000e-06  residual(Uy)=1.000e-06  residual(p)=1.000e-06  residual(k)=1.000e-06  residual(omega)=1.000e-06
Time = 1452  residual(Ux)=1.000e-06  residual(Uy)=1.000e-06  residual(p)=1.000e-06  residual(k)=1.000e-06  residual(omega)=1.000e-06
Time = 1453  residual(Ux)=1.000e-06  residual(Uy)=1.000e-06  residual(p)=1.000e-06  residual(k)=1.000e-06  residual(omega)=1.000e-06
Time = 1454  residual(Ux)=1.000e-06  residual(Uy)=1.000e-06  residual(p)=1.000e-06  residual(k)=1.000e-06  residual(omega)=1.000e-06
Time = 1455  residual(Ux)=1.000e-06  residual(Uy)=1.000e-06  residual(p)=1.000e-06  residual(k)=1.000e-06  residual(omega)=1.000e-06
Time = 1456  residual(Ux)=1.000e-06  residual(Uy)=1.000e-06  residual(p)=1.000e-06  residual(k)=1.000e-06  residual(omega)=1.000e-06
Time = 1457  residual(Ux)=1.000e-06  residual(Uy)=1.000e-06  residual(p)=1.000e-06  residual(k)=1.000e-06  residual(omega)=1.000e-06
Time = 1458  residual(Ux)=1.000e-06  residual(Uy)=1.000e-06  residual(p)=1.000e-06  residual(k)=1.000e-06  residual(omega)=1.000e-06
Time = 1459  residual(Ux)=1.000e-06  residual(Uy)=1.000e-06  residual(p)=1.000e-06  residual(k)=1.000e-06  residual(omega)=1.000e-06
Time = 1460  residual(Ux)=1.000e-06  residual(Uy)=1.000e-06  residual(p)=1.000e-06  residual(k)=1.000e-06  residual(omega)=1.000e-06
Time = 1461  residual(Ux)=1.000e-06  residual(Uy)=1.000e-06  residual(p)=1.000e-06  residual(k)=1.000e-06  residual(omega)=1.000e-06
Time = 1462  residual(Ux)=1.000e-06  residual(Uy)=1.000e-06  residual(p)=1.000e-06  residual(k)=1.000e-06  residual(omega)=1.000e-06
Time = 1463  residual(Ux)=1.000e-06  residual(Uy)=1.000e-06  residual(p)=1.000e-06  residual(k)=1.000e-06  residual(omega)=1.000e-06
Time = 1464  residual(Ux)=1.000e-06  residual(Uy)=1.000e-06  residual(p)=1.000e-06  residual(k)=1.000e-06  residual(omega)=1.000e-06
Time = 1465  residual(Ux)=1.000e-06  residual(Uy)=1.000e-06  residual(p)=1.000e-06  residual(k)=1.000e-06  residual(omega)=1.000e-06
Time = 1466  residual(Ux)=1.000e-06  residual(Uy)=1.000e-06  residual(p)=1.000e-06  residual(k)=1.000e-06  residual(omega)=1.000e-06
Time = 1467  residual(Ux)=1.000e-06  residual(Uy)=1.000e-06  residual(p)=1.000e-06  residual(k)=1.000e-06  residual(omega)=1.000e-06
Time = 1468  residual(Ux)=1.000e-06  residual(Uy)=1.000e-06  residual(p)=1.000e-06  residual(k)=1.000e-06  residual(omega)=1.000e-06
Time = 1469  residual(Ux)=1.000e-06  residual(Uy)=1.000e-06  residual(p)=1.000e-06  residual(k)=1.000e-06  residual(omega)=1.000e-06
Time = 1470  residual(Ux)=1.000e-06  residual(Uy)=1.000e-06  residual(p)=1.000e-06  residual(k)=1.000e-06  residual(omega)=1.000e-06
Time = 1471  residual(Ux)=1.000e-06  residual(Uy)=1.000e-06  residual(p)=1.000e-06  residual(k)=1.000e-06  residual(omega)=1.000e-06
Time = 1472  residual(Ux)=1.000e-06  residual(Uy)=1.000e-06  residual(p)=1.000e-06  residual(k)=1.000e-06  residual(omega)=1.000e-06
Time = 1473  residual(Ux)=1.000e-06  residual(Uy)=1.000e-06  residual(p)=1.000e-06  residual(k)=1.000e-06  residual(omega)=1.000e-06
Time = 1474  residual(Ux)=1.000e-06  residual(Uy)=1.000e-06  residual(p)=1.000e-06  residual(k)=1.000e-06  residual(omega)=1.000e-06
Time = 1475  residual(Ux)=1.000e-06  residual(Uy)=1.000e-06  residual(p)=1.000e-06  residual(k)=1.000e-06  residual(omega)=1.000e-06
Time = 1476  residual(Ux)=1.000e-06  residual(Uy)=1.000e-06  residual(p)=1.000e-06  residual(k)=1.000e-06  residual(omega)=1.000e-06
Time = 1477  residual(Ux)=1.000e-06  residual(Uy)=1.000e-06  residual(p)=1.000e-06  residual(k)=1.000e-06  residual(omega)=1.000e-06
Time = 1478  residual(Ux)=1.000e-06  residual(Uy)=1.000e-06  residual(p)=1.000e-06  residual(k)=1.000e-06  residual(omega)=1.000e-06
Time = 1479  residual(Ux)=1.000e-06  residual(Uy)=1.000e-06  residual(p)=1.000e-06  residual(k)=1.000e-06  residual(omega)=1.000e-06
Time = 1480  residual(Ux)=1.000e-06  residual(Uy)=1.000e-06  residual(p)=1.000e-06  residual(k)=1.000e-06  residual(omega)=1.000e-06
Time = 1481  residual(Ux)=1.000e-06  residual(Uy)=1.000e-06  residual(p)=1.000e-06  residual(k)=1.000e-06  residual(omega)=1.000e-06
Time = 1482  residual(Ux)=1.000e-06  residual(Uy)=1.000e-06  residual(p)=1.000e-06  residual(k)=1.000e-06  residual(omega)=1.000e-06
Time = 1483  residual(Ux)=1.000e-06  residual(Uy)=1.000e-06  residual(p)=1.000e-06  residual(k)=1.000e-06  residual(omega)=1.000e-06
Time = 1484  residual(Ux)=1.000e-06  residual(Uy)=1.000e-06  residual(p)=1.000e-06  residual(k)=1.000e-06  residual(omega)=1.000e-06
Time = 1485  residual(Ux)=1.000e-06  residual(Uy)=1.000e-06  residual(p)=1.000e-06  residual(k)=1.000e-06  residual(omega)=1.000e-06
Time = 1486  residual(Ux)=1.000e-06  residual(Uy)=1.000e-06  residual(p)=1.000e-06  residual(k)=1.000e-06  residual(omega)=1.000e-06
Time = 1487  residual(Ux)=1.000e-06  residual(Uy)=1.000e-06  residual(p)=1.000e-06  residual(k)=1.000e-06  residual(omega)=1.000e-06
Time = 1488  residual(Ux)=1.000e-06  residual(Uy)=1.000e-06  residual(p)=1.000e-06  residual(k)=1.000e-06  residual(omega)=1.000e-06
Time = 1489  residual(Ux)=1.000e-06  residual(Uy)=1.000e-06  residual(p)=1.000e-06  residual(k)=1.000e-06  residual(omega)=1.000e-06
Time = 1490  residual(Ux)=1.000e-06  residual(Uy)=1.000e-06  residual(p)=1.000e-06  residual(k)=1.000e-06  residual(omega)=1.000e-06
Time = 1491  residual(Ux)=1.000e-06  residual(Uy)=1.000e-06  residual(p)=1.000e-06  residual(k)=1.000e-06  residual(omega)=1.000e-06
Time = 1492  residual(Ux)=1.000e-06  residual(Uy)=1.000e-06  residual(p)=1.000e-06  residual(k)=1.000e-06  residual(omega)=1.000e-06
Time = 1493  residual(Ux)=1.000e-06  residual(Uy)=1.000e-06  residual(p)=1.000e-06  residual(k)=1.000e-06  residual(omega)=1.000e-06
Time = 1494  residual(Ux)=1.000e-06  residual(Uy)=1.000e-06  residual(p)=1.000e-06  residual(k)=1.000e-06  residual(omega)=1.000e-06
Time = 1495  residual(Ux)=1.000e-06  residual(Uy)=1.000e-06  residual(p)=1.000e-06  residual(k)=1.000e-06  residual(omega)=1.000e-06
Time = 1496  residual(Ux)=1.000e-06  residual(Uy)=1.000e-06  residual(p)=1.000e-06  residual(k)=1.000e-06  residual(omega)=1.000e-06
Time = 1497  residual(Ux)=1.000e-06  residual(Uy)=1.000e-06  residual(p)=1.000e-06  residual(k)=1.000e-06  residual(omega)=1.000e-06
Time = 1498  residual(Ux)=1.000e-06  residual(Uy)=1.000e-06  residual(p)=1.000e-06  residual(k)=1.000e-06  residual(omega)=1.000e-06
Time = 1499  residual(Ux)=1.000e-06  residual(Uy)=1.000e-06  residual(p)=1.000e-06  residual(k)=1.000e-06  residual(omega)=1.000e-06
Time = 1500  residual(Ux)=1.000e-06  residual(Uy)=1.000e-06  residual(p)=1.000e-06  residual(k)=1.000e-06  residual(omega)=1.000e-06
Time = 1501  residual(Ux)=1.000e-06  residual(Uy)=1.000e-06  residual(p)=1.000e-06  residual(k)=1.000e-06  residual(omega)=1.000e-06
Time = 1502  residual(Ux)=1.000e-06  residual(Uy)=1.000e-06  residual(p)=1.000e-06  residual(k)=1.000e-06  residual(omega)=1.000e-06
Time = 1503  residual(Ux)=1.000e-06  residual(Uy)=1.000e-06  residual(p)=1.000e-06  residual(k)=1.000e-06  residual(omega)=1.000e-06
Time = 1504  residual(Ux)=1.000e-06  residual(Uy)=1.000e-06  residual(p)=1.000e-06  residual(k)=1.000e-06  residual(omega)=1.000e-06
Time = 1505  residual(Ux)=1.000e-06  residual(Uy)=1.000e-06  residual(p)=1.000e-06  residual(k)=1.000e-06  residual(omega)=1.000e-06
Time = 1506  residual(Ux)=1.000e-06  residual(Uy)=1.000e-06  residual(p)=1.000e-06  residual(k)=1.000e-06  residual(omega)=1.000e-06
Time = 1507  residual(Ux)=1.000e-06  residual(Uy)=1.000e-06  residual(p)=1.000e-06  residual(k)=1.000e-06  residual(omega)=1.000e-06
Time = 1508  residual(Ux)=1.000e-06  residual(Uy)=1.000e-06  residual(p)=1.000e-06  residual(k)=1.000e-06  residual(omega)=1.000e-06
Time = 1509  residual(Ux)=1.000e-06  residual(Uy)=1.000e-06  residual(p)=1.000e-06  residual(k)=1.000e-06  residual(omega)=1.000e-06
Time = 1510  residual(Ux)=1.000e-06  residual(Uy)=1.000e-06  residual(p)=1.000e-06  residual(k)=1.000e-06  residual(omega)=1.000e-06
Time = 1511  residual(Ux)=1.000e-06  residual(Uy)=1.000e-06  residual(p)=1.000e-06  residual(k)=1.000e-06  residual(omega)=1.000e-06
Time = 1512  residual(Ux)=1.000e-06  residual(Uy)=1.000e-06  residual(p)=1.000e-06  residual(k)=1.000e-06  residual(omega)=1.000e-06
Time = 1513  residual(Ux)=1.000e-06  residual(Uy)=1.000e-06  residual(p)=1.000e-06  residual(k)=1.000e-06  residual(omega)=1.000e-06
Time = 1514  residual(Ux)=1.000e-06  residual(Uy)=1.000e-06  residual(p)=1.000e-06  residual(k)=1.000e-06  residual(omega)=1.000e-06
Time = 1515  residual(Ux)=1.000e-06  residual(Uy)=1.000e-06  residual(p)=1.000e-06  residual(k)=1.000e-06  residual(omega)=1.000e-06
Time = 1516  residual(Ux)=1.000e-06  residual(Uy)=1.000e-06  residual(p)=1.000e-06  residual(k)=1.000e-06  residual(omega)=1.000e-06
Time = 1517  residual(Ux)=1.000e-06  residual(Uy)=1.000e-06  residual(p)=1.000e-06  residual(k)=1.000e-06  residual(omega)=1.000e-06
Time = 1518  residual(Ux)=1.000e-06  residual(Uy)=1.000e-06  residual(p)=1.000e-06  residual(k)=1.000e-06  residual(omega)=1.000e-06
Time = 1519  residual(Ux)=1.000e-06  residual(Uy)=1.000e-06  residual(p)=1.000e-06  residual(k)=1.000e-06  residual(omega)=1.000e-06
Time = 1520  residual(Ux)=1.000e-06  residual(Uy)=1.000e-06  residual(p)=1.000e-06  residual(k)=1.000e-06  residual(omega)=1.000e-06
Time = 1521  residual(Ux)=1.000e-06  residual(Uy)=1.000e-06  residual(p)=1.000e-06  residual(k)=1.000e-06  residual(omega)=1.000e-06
Time = 1522  residual(Ux)=1.000e-06  residual(Uy)=1.000e-06  residual(p)=1.000e-06  residual(k)=1.000e-06  residual(omega)=1.000e-06
Time = 1523  residual(Ux)=1.000e-06  residual(Uy)=1.000e-06  residual(p)=1.000e-06  residual(k)=1.000e-06  residual(omega)=1.000e-06
Time = 1524  residual(Ux)=1.000e-06  residual(Uy)=1.000e-06  residual(p)=1.000e-06  residual(k)=1.000e-06  residual(omega)=1.000e-06
Time = 1525  residual(Ux)=1.000e-06  residual(Uy)=1.000e-06  residual(p)=1.000e-06  residual(k)=1.000e-06  residual(omega)=1.000e-06
Time = 1526  residual(Ux)=1.000e-06  residual(Uy)=1.000e-06  residual(p)=1.000e-06  residual(k)=1.000e-06  residual(omega)=1.000e-06
Time = 1527  residual(Ux)=1.000e-06  residual(Uy)=1.000e-06  residual(p)=1.000e-06  residual(k)=1.000e-06  residual(omega)=1.000e-06
Time = 1528  residual(Ux)=1.000e-06  residual(Uy)=1.000e-06  residual(p)=1.000e-06  residual(k)=1.000e-06  residual(omega)=1.000e-06
Time = 1529  residual(Ux)=1.000e-06  residual(Uy)=1.000e-06  residual(p)=1.000e-06  residual(k)=1.000e-06  residual(omega)=1.000e-06
Time = 1530  residual(Ux)=1.000e-06  residual(Uy)=1.000e-06  residual(p)=1.000e-06  residual(k)=1.000e-06  residual(omega)=1.000e-06
Time = 1531  residual(Ux)=1.000e-06  residual(Uy)=1.000e-06  residual(p)=1.000e-06  residual(k)=1.000e-06  residual(omega)=1.000e-06
Time = 1532  residual(Ux)=1.000e-06  residual(Uy)=1.000e-06  residual(p)=1.000e-06  residual(k)=1.000e-06  residual(omega)=1.000e-06
Time = 1533  residual(Ux)=1.000e-06  residual(Uy)=1.000e-06  residual(p)=1.000e-06  residual(k)=1.000e-06  residual(omega)=1.000e-06
Time = 1534  residual(Ux)=1.000e-06  residual(Uy)=1.000e-06  residual(p)=1.000e-06  residual(k)=1.000e-06  residual(omega)=1.000e-06
Time = 1535  residual(Ux)=1.000e-06  residual(Uy)=1.000e-06  residual(p)=1.000e-06  residual(k)=1.000e-06  residual(omega)=1.000e-06
Time = 1536  residual(Ux)=1.000e-06  residual(Uy)=1.000e-06  residual(p)=1.000e-06  residual(k)=1.000e-06  residual(omega)=1.000e-06
Time = 1537  residual(Ux)=1.000e-06  residual(Uy)=1.000e-06  residual(p)=1.000e-06  residual(k)=1.000e-06  residual(omega)=1.000e-06
Time = 1538  residual(Ux)=1.000e-06  residual(Uy)=1.000e-06  residual(p)=1.000e-06  residual(k)=1.000e-06  residual(omega)=1.000e-06
Time = 1539  residual(Ux)=1.000e-06  residual(Uy)=1.000e-06  residual(p)=1.000e-06  residual(k)=1.000e-06  residual(omega)=1.000e-06
Time = 1540  residual(Ux)=1.000e-06  residual(Uy)=1.000e-06  residual(p)=1.000e-06  residual(k)=1.000e-06  residual(omega)=1.000e-06
Time = 1541  residual(Ux)=1.000e-06  residual(Uy)=1.000e-06  residual(p)=1.000e-06  residual(k)=1.000e-06  residual(omega)=1.000e-06
Time = 1542  residual(Ux)=1.000e-06  residual(Uy)=1.000e-06  residual(p)=1.000e-06  residual(k)=1.000e-06  residual(omega)=1.000e-06
Time = 1543  residual(Ux)=1.000e-06  residual(Uy)=1.000e-06  residual(p)=1.000e-06  residual(k)=1.000e-06  residual(omega)=1.000e-06
Time = 1544  residual(Ux)=1.000e-06  residual(Uy)=1.000e-06  residual(p)=1.000e-06  residual(k)=1.000e-06  residual(omega)=1.000e-06
Time = 1545  residual(Ux)=1.000e-06  residual(Uy)=1.000e-06  residual(p)=1.000e-06  residual(k)=1.000e-06  residual(omega)=1.000e-06
Time = 1546  residual(Ux)=1.000e-06  residual(Uy)=1.000e-06  residual(p)=1.000e-06  residual(k)=1.000e-06  residual(omega)=1.000e-06
Time = 1547  residual(Ux)=1.000e-06  residual(Uy)=1.000e-06  residual(p)=1.000e-06  residual(k)=1.000e-06  residual(omega)=1.000e-06
Time = 1548  residual(Ux)=1.000e-06  residual(Uy)=1.000e-06  residual(p)=1.000e-06  residual(k)=1.000e-06  residual(omega)=1.000e-06
Time = 1549  residual(Ux)=1.000e-06  residual(Uy)=1.000e-06  residual(p)=1.000e-06  residual(k)=1.000e-06  residual(omega)=1.000e-06
Time = 1550  residual(Ux)=1.000e-06  residual(Uy)=1.000e-06  residual(p)=1.000e-06  residual(k)=1.000e-06  residual(omega)=1.000e-06
Time = 1551  residual(Ux)=1.000e-06  residual(Uy)=1.000e-06  residual(p)=1.000e-06  residual(k)=1.000e-06  residual(omega)=1.000e-06
Time = 1552  residual(Ux)=1.000e-06  residual(Uy)=1.000e-06  residual(p)=1.000e-06  residual(k)=1.000e-06  residual(omega)=1.000e-06
Time = 1553  residual(Ux)=1.000e-06  residual(Uy)=1.000e-06  residual(p)=1.000e-06  residual(k)=1.000e-06  residual(omega)=1.000e-06
Time = 1554  residual(Ux)=1.000e-06  residual(Uy)=1.000e-06  residual(p)=1.000e-06  residual(k)=1.000e-06  residual(omega)=1.000e-06
Time = 1555  residual(Ux)=1.000e-06  residual(Uy)=1.000e-06  residual(p)=1.000e-06  residual(k)=1.000e-06  residual(omega)=1.000e-06
Time = 1556  residual(Ux)=1.000e-06  residual(Uy)=1.000e-06  residual(p)=1.000e-06  residual(k)=1.000e-06  residual(omega)=1.000e-06
Time = 1557  residual(Ux)=1.000e-06  residual(Uy)=1.000e-06  residual(p)=1.000e-06  residual(k)=1.000e-06  residual(omega)=1.000e-06
Time = 1558  residual(Ux)=1.000e-06  residual(Uy)=1.000e-06  residual(p)=1.000e-06  residual(k)=1.000e-06  residual(omega)=1.000e-06
Time = 1559  residual(Ux)=1.000e-06  residual(Uy)=1.000e-06  residual(p)=1.000e-06  residual(k)=1.000e-06  residual(omega)=1.000e-06
Time = 1560  residual(Ux)=1.000e-06  residual(Uy)=1.000e-06  residual(p)=1.000e-06  residual(k)=1.000e-06  residual(omega)=1.000e-06
Time = 1561  residual(Ux)=1.000e-06  residual(Uy)=1.000e-06  residual(p)=1.000e-06  residual(k)=1.000e-06  residual(omega)=1.000e-06
Time = 1562  residual(Ux)=1.000e-06  residual(Uy)=1.000e-06  residual(p)=1.000e-06  residual(k)=1.000e-06  residual(omega)=1.000e-06
Time = 1563  residual(Ux)=1.000e-06  residual(Uy)=1.000e-06  residual(p)=1.000e-06  residual(k)=1.000e-06  residual(omega)=1.000e-06
Time = 1564  residual(Ux)=1.000e-06  residual(Uy)=1.000e-06  residual(p)=1.000e-06  residual(k)=1.000e-06  residual(omega)=1.000e-06
Time = 1565  residual(Ux)=1.000e-06  residual(Uy)=1.000e-06  residual(p)=1.000e-06  residual(k)=1.000e-06  residual(omega)=1.000e-06
Time = 1566  residual(Ux)=1.000e-06  residual(Uy)=1.000e-06  residual(p)=1.000e-06  residual(k)=1.000e-06  residual(omega)=1.000e-06
Time = 1567  residual(Ux)=1.000e-06  residual(Uy)=1.000e-06  residual(p)=1.000e-06  residual(k)=1.000e-06  residual(omega)=1.000e-06
Time = 1568  residual(Ux)=1.000e-06  residual(Uy)=1.000e-06  residual(p)=1.000e-06  residual(k)=1.000e-06  residual(omega)=1.000e-06
Time = 1569  residual(Ux)=1.000e-06  residual(Uy)=1.000e-06  residual(p)=1.000e-06  residual(k)=1.000e-06  residual(omega)=1.000e-06
Time = 1570  residual(Ux)=1.000e-06  residual(Uy)=1.000e-06  residual(p)=1.000e-06  residual(k)=1.000e-06  residual(omega)=1.000e-06
Time = 1571  residual(Ux)=1.000e-06  residual(Uy)=1.000e-06  residual(p)=1.000e-06  residual(k)=1.000e-06  residual(omega)=1.000e-06
Time = 1572  residual(Ux)=1.000e-06  residual(Uy)=1.000e-06  residual(p)=1.000e-06  residual(k)=1.000e-06  residual(omega)=1.000e-06
Time = 1573  residual(Ux)=1.000e-06  residual(Uy)=1.000e-06  residual(p)=1.000e-06  residual(k)=1.000e-06  residual(omega)=1.000e-06
Time = 1574  residual(Ux)=1.000e-06  residual(Uy)=1.000e-06  residual(p)=1.000e-06  residual(k)=1.000e-06  residual(omega)=1.000e-06
Time = 1575  residual(Ux)=1.000e-06  residual(Uy)=1.000e-06  residual(p)=1.000e-06  residual(k)=1.000e-06  residual(omega)=1.000e-06
Time = 1576  residual(Ux)=1.000e-06  residual(Uy)=1.000e-06  residual(p)=1.000e-06  residual(k)=1.000e-06  residual(omega)=1.000e-06
Time = 1577  residual(Ux)=1.000e-06  residual(Uy)=1.000e-06  residual(p)=1.000e-06  residual(k)=1.000e-06  residual(omega)=1.000e-06
Time = 1578  residual(Ux)=1.000e-06  residual(Uy)=1.000e-06  residual(p)=1.000e-06  residual(k)=1.000e-06  residual(omega)=1.000e-06
Time = 1579  residual(Ux)=1.000e-06  residual(Uy)=1.000e-06  residual(p)=1.000e-06  residual(k)=1.000e-06  residual(omega)=1.000e-06
Time = 1580  residual(Ux)=1.000e-06  residual(Uy)=1.000e-06  residual(p)=1.000e-06  residual(k)=1.000e-06  residual(omega)=1.000e-06
Time = 1581  residual(Ux)=1.000e-06  residual(Uy)=1.000e-06  residual(p)=1.000e-06  residual(k)=1.000e-06  residual(omega)=1.000e-06
Time = 1582  residual(Ux)=1.000e-06  residual(Uy)=1.000e-06  residual(p)=1.000e-06  residual(k)=1.000e-06  residual(omega)=1.000e-06
Time = 1583  residual(Ux)=1.000e-06  residual(Uy)=1.000e-06  residual(p)=1.000e-06  residual(k)=1.000e-06  residual(omega)=1.000e-06
Time = 1584  residual(Ux)=1.000e-06  residual(Uy)=1.000e-06  residual(p)=1.000e-06  residual(k)=1.000e-06  residual(omega)=1.000e-06
Time = 1585  residual(Ux)=1.000e-06  residual(Uy)=1.000e-06  residual(p)=1.000e-06  residual(k)=1.000e-06  residual(omega)=1.000e-06
Time = 1586  residual(Ux)=1.000e-06  residual(Uy)=1.000e-06  residual(p)=1.000e-06  residual(k)=1.000e-06  residual(omega)=1.000e-06
Time = 1587  residual(Ux)=1.000e-06  residual(Uy)=1.000e-06  residual(p)=1.000e-06  residual(k)=1.000e-06  residual(omega)=1.000e-06
Time = 1588  residual(Ux)=1.000e-06  residual(Uy)=1.000e-06  residual(p)=1.000e-06  residual(k)=1.000e-06  residual(omega)=1.000e-06
Time = 1589  residual(Ux)=1.000e-06  residual(Uy)=1.000e-06  residual(p)=1.000e-06  residual(k)=1.000e-06  residual(omega)=1.000e-06
Time = 1590  residual(Ux)=1.000e-06  residual(Uy)=1.000e-06  residual(p)=1.000e-06  residual(k)=1.000e-06  residual(omega)=1.000e-06
Time = 1591  residual(Ux)=1.000e-06  residual(Uy)=1.000e-06  residual(p)=1.000e-06  residual(k)=1.000e-06  residual(omega)=1.000e-06
Time = 1592  residual(Ux)=1.000e-06  residual(Uy)=1.000e-06  residual(p)=1.000e-06  residual(k)=1.000e-06  residual(omega)=1.000e-06
Time = 1593  residual(Ux)=1.000e-06  residual(Uy)=1.000e-06  residual(p)=1.000e-06  residual(k)=1.000e-06  residual(omega)=1.000e-06
Time = 1594  residual(Ux)=1.000e-06  residual(Uy)=1.000e-06  residual(p)=1.000e-06  residual(k)=1.000e-06  residual(omega)=1.000e-06
Time = 1595  residual(Ux)=1.000e-06  residual(Uy)=1.000e-06  residual(p)=1.000e-06  residual(k)=1.000e-06  residual(omega)=1.000e-06
Time = 1596  residual(Ux)=1.000e-06  residual(Uy)=1.000e-06  residual(p)=1.000e-06  residual(k)=1.000e-06  residual(omega)=1.000e-06
Time = 1597  residual(Ux)=1.000e-06  residual(Uy)=1.000e-06  residual(p)=1.000e-06  residual(k)=1.000e-06  residual(omega)=1.000e-06
Time = 1598  residual(Ux)=1.000e-06  residual(Uy)=1.000e-06  residual(p)=1.000e-06  residual(k)=1.000e-06  residual(omega)=1.000e-06
Time = 1599  residual(Ux)=1.000e-06  residual(Uy)=1.000e-06  residual(p)=1.000e-06  residual(k)=1.000e-06  residual(omega)=1.000e-06
Time = 1600  residual(Ux)=1.000e-06  residual(Uy)=1.000e-06  residual(p)=1.000e-06  residual(k)=1.000e-06  residual(omega)=1.000e-06
Time = 1601  residual(Ux)=1.000e-06  residual(Uy)=1.000e-06  residual(p)=1.000e-06  residual(k)=1.000e-06  residual(omega)=1.000e-06
Time = 1602  residual(Ux)=1.000e-06  residual(Uy)=1.000e-06  residual(p)=1.000e-06  residual(k)=1.000e-06  residual(omega)=1.000e-06
Time = 1603  residual(Ux)=1.000e-06  residual(Uy)=1.000e-06  residual(p)=1.000e-06  residual(k)=1.000e-06  residual(omega)=1.000e-06
Time = 1604  residual(Ux)=1.000e-06  residual(Uy)=1.000e-06  residual(p)=1.000e-06  residual(k)=1.000e-06  residual(omega)=1.000e-06
Time = 1605  residual(Ux)=1.000e-06  residual(Uy)=1.000e-06  residual(p)=1.000e-06  residual(k)=1.000e-06  residual(omega)=1.000e-06
Time = 1606  residual(Ux)=1.000e-06  residual(Uy)=1.000e-06  residual(p)=1.000e-06  residual(k)=1.000e-06  residual(omega)=1.000e-06
Time = 1607  residual(Ux)=1.000e-06  residual(Uy)=1.000e-06  residual(p)=1.000e-06  residual(k)=1.000e-06  residual(omega)=1.000e-06
Time = 1608  residual(Ux)=1.000e-06  residual(Uy)=1.000e-06  residual(p)=1.000e-06  residual(k)=1.000e-06  residual(omega)=1.000e-06
Time = 1609  residual(Ux)=1.000e-06  residual(Uy)=1.000e-06  residual(p)=1.000e-06  residual(k)=1.000e-06  residual(omega)=1.000e-06
Time = 1610  residual(Ux)=1.000e-06  residual(Uy)=1.000e-06  residual(p)=1.000e-06  residual(k)=1.000e-06  residual(omega)=1.000e-06
Time = 1611  residual(Ux)=1.000e-06  residual(Uy)=1.000e-06  residual(p)=1.000e-06  residual(k)=1.000e-06  residual(omega)=1.000e-06
Time = 1612  residual(Ux)=1.000e-06  residual(Uy)=1.000e-06  residual(p)=1.000e-06  residual(k)=1.000e-06  residual(omega)=1.000e-06
Time = 1613  residual(Ux)=1.000e-06  residual(Uy)=1.000e-06  residual(p)=1.000e-06  residual(k)=1.000e-06  residual(omega)=1.000e-06
Time = 1614  residual(Ux)=1.000e-06  residual(Uy)=1.000e-06  residual(p)=1.000e-06  residual(k)=1.000e-06  residual(omega)=1.000e-06
Time = 1615  residual(Ux)=1.000e-06  residual(Uy)=1.000e-06  residual(p)=1.000e-06  residual(k)=1.000e-06  residual(omega)=1.000e-06
Time = 1616  residual(Ux)=1.000e-06  residual(Uy)=1.000e-06  residual(p)=1.000e-06  residual(k)=1.000e-06  residual(omega)=1.000e-06
Time = 1617  residual(Ux)=1.000e-06  residual(Uy)=1.000e-06  residual(p)=1.000e-06  residual(k)=1.000e-06  residual(omega)=1.000e-06
Time = 1618  residual(Ux)=1.000e-06  residual(Uy)=1.000e-06  residual(p)=1.000e-06  residual(k)=1.000e-06  residual(omega)=1.000e-06
Time = 1619  residual(Ux)=1.000e-06  residual(Uy)=1.000e-06  residual(p)=1.000e-06  residual(k)=1.000e-06  residual(omega)=1.000e-06
Time = 1620  residual(Ux)=1.000e-06  residual(Uy)=1.000e-06  residual(p)=1.000e-06  residual(k)=1.000e-06  residual(omega)=1.000e-06
Time = 1621  residual(Ux)=1.000e-06  residual(Uy)=1.000e-06  residual(p)=1.000e-06  residual(k)=1.000e-06  residual(omega)=1.000e-06
Time = 1622  residual(Ux)=1.000e-06  residual(Uy)=1.000e-06  residual(p)=1.000e-06  residual(k)=1.000e-06  residual(omega)=1.000e-06
Time = 1623  residual(Ux)=1.000e-06  residual(Uy)=1.000e-06  residual(p)=1.000e-06  residual(k)=1.000e-06  residual(omega)=1.000e-06
Time = 1624  residual(Ux)=1.000e-06  residual(Uy)=1.000e-06  residual(p)=1.000e-06  residual(k)=1.000e-06  residual(omega)=1.000e-06
Time = 1625  residual(Ux)=1.000e-06  residual(Uy)=1.000e-06  residual(p)=1.000e-06  residual(k)=1.000e-06  residual(omega)=1.000e-06
Time = 1626  residual(Ux)=1.000e-06  residual(Uy)=1.000e-06  residual(p)=1.000e-06  residual(k)=1.000e-06  residual(omega)=1.000e-06
Time = 1627  residual(Ux)=1.000e-06  residual(Uy)=1.000e-06  residual(p)=1.000e-06  residual(k)=1.000e-06  residual(omega)=1.000e-06
Time = 1628  residual(Ux)=1.000e-06  residual(Uy)=1.000e-06  residual(p)=1.000e-06  residual(k)=1.000e-06  residual(omega)=1.000e-06
Time = 1629  residual(Ux)=1.000e-06  residual(Uy)=1.000e-06  residual(p)=1.000e-06  residual(k)=1.000e-06  residual(omega)=1.000e-06
Time = 1630  residual(Ux)=1.000e-06  residual(Uy)=1.000e-06  residual(p)=1.000e-06  residual(k)=1.000e-06  residual(omega)=1.000e-06
Time = 1631  residual(Ux)=1.000e-06  residual(Uy)=1.000e-06  residual(p)=1.000e-06  residual(k)=1.000e-06  residual(omega)=1.000e-06
Time = 1632  residual(Ux)=1.000e-06  residual(Uy)=1.000e-06  residual(p)=1.000e-06  residual(k)=1.000e-06  residual(omega)=1.000e-06
Time = 1633  residual(Ux)=1.000e-06  residual(Uy)=1.000e-06  residual(p)=1.000e-06  residual(k)=1.000e-06  residual(omega)=1.000e-06
Time = 1634  residual(Ux)=1.000e-06  residual(Uy)=1.000e-06  residual(p)=1.000e-06  residual(k)=1.000e-06  residual(omega)=1.000e-06
Time = 1635  residual(Ux)=1.000e-06  residual(Uy)=1.000e-06  residual(p)=1.000e-06  residual(k)=1.000e-06  residual(omega)=1.000e-06
Time = 1636  residual(Ux)=1.000e-06  residual(Uy)=1.000e-06  residual(p)=1.000e-06  residual(k)=1.000e-06  residual(omega)=1.000e-06
Time = 1637  residual(Ux)=1.000e-06  residual(Uy)=1.000e-06  residual(p)=1.000e-06  residual(k)=1.000e-06  residual(omega)=1.000e-06
Time = 1638  residual(Ux)=1.000e-06  residual(Uy)=1.000e-06  residual(p)=1.000e-06  residual(k)=1.000e-06  residual(omega)=1.000e-06
Time = 1639  residual(Ux)=1.000e-06  residual(Uy)=1.000e-06  residual(p)=1.000e-06  residual(k)=1.000e-06  residual(omega)=1.000e-06
Time = 1640  residual(Ux)=1.000e-06  residual(Uy)=1.000e-06  residual(p)=1.000e-06  residual(k)=1.000e-06  residual(omega)=1.000e-06
Time = 1641  residual(Ux)=1.000e-06  residual(Uy)=1.000e-06  residual(p)=1.000e-06  residual(k)=1.000e-06  residual(omega)=1.000e-06
Time = 1642  residual(Ux)=1.000e-06  residual(Uy)=1.000e-06  residual(p)=1.000e-06  residual(k)=1.000e-06  residual(omega)=1.000e-06
Time = 1643  residual(Ux)=1.000e-06  residual(Uy)=1.000e-06  residual(p)=1.000e-06  residual(k)=1.000e-06  residual(omega)=1.000e-06
Time = 1644  residual(Ux)=1.000e-06  residual(Uy)=1.000e-06  residual(p)=1.000e-06  residual(k)=1.000e-06  residual(omega)=1.000e-06
Time = 1645  residual(Ux)=1.000e-06  residual(Uy)=1.000e-06  residual(p)=1.000e-06  residual(k)=1.000e-06  residual(omega)=1.000e-06
Time = 1646  residual(Ux)=1.000e-06  residual(Uy)=1.000e-06  residual(p)=1.000e-06  residual(k)=1.000e-06  residual(omega)=1.000e-06
Time = 1647  residual(Ux)=1.000e-06  residual(Uy)=1.000e-06  residual(p)=1.000e-06  residual(k)=1.000e-06  residual(omega)=1.000e-06
Time = 1648  residual(Ux)=1.000e-06  residual(Uy)=1.000e-06  residual(p)=1.000e-06  residual(k)=1.000e-06  residual(omega)=1.000e-06
Time = 1649  residual(Ux)=1.000e-06  residual(Uy)=1.000e-06  residual(p)=1.000e-06  residual(k)=1.000e-06  residual(omega)=1.000e-06
Time = 1650  residual(Ux)=1.000e-06  residual(Uy)=1.000e-06  residual(p)=1.000e-06  residual(k)=1.000e-06  residual(omega)=1.000e-06
Time = 1651  residual(Ux)=1.000e-06  residual(Uy)=1.000e-06  residual(p)=1.000e-06  residual(k)=1.000e-06  residual(omega)=1.000e-06
Time = 1652  residual(Ux)=1.000e-06  residual(Uy)=1.000e-06  residual(p)=1.000e-06  residual(k)=1.000e-06  residual(omega)=1.000e-06
Time = 1653  residual(Ux)=1.000e-06  residual(Uy)=1.000e-06  residual(p)=1.000e-06  residual(k)=1.000e-06  residual(omega)=1.000e-06
Time = 1654  residual(Ux)=1.000e-06  residual(Uy)=1.000e-06  residual(p)=1.000e-06  residual(k)=1.000e-06  residual(omega)=1.000e-06
Time = 1655  residual(Ux)=1.000e-06  residual(Uy)=1.000e-06  residual(p)=1.000e-06  residual(k)=1.000e-06  residual(omega)=1.000e-06
Time = 1656  residual(Ux)=1.000e-06  residual(Uy)=1.000e-06  residual(p)=1.000e-06  residual(k)=1.000e-06  residual(omega)=1.000e-06
Time = 1657  residual(Ux)=1.000e-06  residual(Uy)=1.000e-06  residual(p)=1.000e-06  residual(k)=1.000e-06  residual(omega)=1.000e-06
Time = 1658  residual(Ux)=1.000e-06  residual(Uy)=1.000e-06  residual(p)=1.000e-06  residual(k)=1.000e-06  residual(omega)=1.000e-06
Time = 1659  residual(Ux)=1.000e-06  residual(Uy)=1.000e-06  residual(p)=1.000e-06  residual(k)=1.000e-06  residual(omega)=1.000e-06
Time = 1660  residual(Ux)=1.000e-06  residual(Uy)=1.000e-06  residual(p)=1.000e-06  residual(k)=1.000e-06  residual(omega)=1.000e-06
Time = 1661  residual(Ux)=1.000e-06  residual(Uy)=1.000e-06  residual(p)=1.000e-06  residual(k)=1.000e-06  residual(omega)=1.000e-06
Time = 1662  residual(Ux)=1.000e-06  residual(Uy)=1.000e-06  residual(p)=1.000e-06  residual(k)=1.000e-06  residual(omega)=1.000e-06
Time = 1663  residual(Ux)=1.000e-06  residual(Uy)=1.000e-06  residual(p)=1.000e-06  residual(k)=1.000e-06  residual(omega)=1.000e-06
Time = 1664  residual(Ux)=1.000e-06  residual(Uy)=1.000e-06  residual(p)=1.000e-06  residual(k)=1.000e-06  residual(omega)=1.000e-06
Time = 1665  residual(Ux)=1.000e-06  residual(Uy)=1.000e-06  residual(p)=1.000e-06  residual(k)=1.000e-06  residual(omega)=1.000e-06
Time = 1666  residual(Ux)=1.000e-06  residual(Uy)=1.000e-06  residual(p)=1.000e-06  residual(k)=1.000e-06  residual(omega)=1.000e-06
Time = 1667  residual(Ux)=1.000e-06  residual(Uy)=1.000e-06  residual(p)=1.000e-06  residual(k)=1.000e-06  residual(omega)=1.000e-06
Time = 1668  residual(Ux)=1.000e-06  residual(Uy)=1.000e-06  residual(p)=1.000e-06  residual(k)=1.000e-06  residual(omega)=1.000e-06
Time = 1669  residual(Ux)=1.000e-06  residual(Uy)=1.000e-06  residual(p)=1.000e-06  residual(k)=1.000e-06  residual(omega)=1.000e-06
Time = 1670  residual(Ux)=1.000e-06  residual(Uy)=1.000e-06  residual(p)=1.000e-06  residual(k)=1.000e-06  residual(omega)=1.000e-06
Time = 1671  residual(Ux)=1.000e-06  residual(Uy)=1.000e-06  residual(p)=1.000e-06  residual(k)=1.000e-06  residual(omega)=1.000e-06
Time = 1672  residual(Ux)=1.000e-06  residual(Uy)=1.000e-06  residual(p)=1.000e-06  residual(k)=1.000e-06  residual(omega)=1.000e-06
Time = 1673  residual(Ux)=1.000e-06  residual(Uy)=1.000e-06  residual(p)=1.000e-06  residual(k)=1.000e-06  residual(omega)=1.000e-06
Time = 1674  residual(Ux)=1.000e-06  residual(Uy)=1.000e-06  residual(p)=1.000e-06  residual(k)=1.000e-06  residual(omega)=1.000e-06
Time = 1675  residual(Ux)=1.000e-06  residual(Uy)=1.000e-06  residual(p)=1.000e-06  residual(k)=1.000e-06  residual(omega)=1.000e-06
Time = 1676  residual(Ux)=1.000e-06  residual(Uy)=1.000e-06  residual(p)=1.000e-06  residual(k)=1.000e-06  residual(omega)=1.000e-06
Time = 1677  residual(Ux)=1.000e-06  residual(Uy)=1.000e-06  residual(p)=1.000e-06  residual(k)=1.000e-06  residual(omega)=1.000e-06
Time = 1678  residual(Ux)=1.000e-06  residual(Uy)=1.000e-06  residual(p)=1.000e-06  residual(k)=1.000e-06  residual(omega)=1.000e-06
Time = 1679  residual(Ux)=1.000e-06  residual(Uy)=1.000e-06  residual(p)=1.000e-06  residual(k)=1.000e-06  residual(omega)=1.000e-06
Time = 1680  residual(Ux)=1.000e-06  residual(Uy)=1.000e-06  residual(p)=1.000e-06  residual(k)=1.000e-06  residual(omega)=1.000e-06
Time = 1681  residual(Ux)=1.000e-06  residual(Uy)=1.000e-06  residual(p)=1.000e-06  residual(k)=1.000e-06  residual(omega)=1.000e-06
Time = 1682  residual(Ux)=1.000e-06  residual(Uy)=1.000e-06  residual(p)=1.000e-06  residual(k)=1.000e-06  residual(omega)=1.000e-06
Time = 1683  residual(Ux)=1.000e-06  residual(Uy)=1.000e-06  residual(p)=1.000e-06  residual(k)=1.000e-06  residual(omega)=1.000e-06
Time = 1684  residual(Ux)=1.000e-06  residual(Uy)=1.000e-06  residual(p)=1.000e-06  residual(k)=1.000e-06  residual(omega)=1.000e-06
Time = 1685  residual(Ux)=1.000e-06  residual(Uy)=1.000e-06  residual(p)=1.000e-06  residual(k)=1.000e-06  residual(omega)=1.000e-06
Time = 1686  residual(Ux)=1.000e-06  residual(Uy)=1.000e-06  residual(p)=1.000e-06  residual(k)=1.000e-06  residual(omega)=1.000e-06
Time = 1687  residual(Ux)=1.000e-06  residual(Uy)=1.000e-06  residual(p)=1.000e-06  residual(k)=1.000e-06  residual(omega)=1.000e-06
Time = 1688  residual(Ux)=1.000e-06  residual(Uy)=1.000e-06  residual(p)=1.000e-06  residual(k)=1.000e-06  residual(omega)=1.000e-06
Time = 1689  residual(Ux)=1.000e-06  residual(Uy)=1.000e-06  residual(p)=1.000e-06  residual(k)=1.000e-06  residual(omega)=1.000e-06
Time = 1690  residual(Ux)=1.000e-06  residual(Uy)=1.000e-06  residual(p)=1.000e-06  residual(k)=1.000e-06  residual(omega)=1.000e-06
Time = 1691  residual(Ux)=1.000e-06  residual(Uy)=1.000e-06  residual(p)=1.000e-06  residual(k)=1.000e-06  residual(omega)=1.000e-06
Time = 1692  residual(Ux)=1.000e-06  residual(Uy)=1.000e-06  residual(p)=1.000e-06  residual(k)=1.000e-06  residual(omega)=1.000e-06
Time = 1693  residual(Ux)=1.000e-06  residual(Uy)=1.000e-06  residual(p)=1.000e-06  residual(k)=1.000e-06  residual(omega)=1.000e-06
Time = 1694  residual(Ux)=1.000e-06  residual(Uy)=1.000e-06  residual(p)=1.000e-06  residual(k)=1.000e-06  residual(omega)=1.000e-06
Time = 1695  residual(Ux)=1.000e-06  residual(Uy)=1.000e-06  residual(p)=1.000e-06  residual(k)=1.000e-06  residual(omega)=1.000e-06
Time = 1696  residual(Ux)=1.000e-06  residual(Uy)=1.000e-06  residual(p)=1.000e-06  residual(k)=1.000e-06  residual(omega)=1.000e-06
Time = 1697  residual(Ux)=1.000e-06  residual(Uy)=1.000e-06  residual(p)=1.000e-06  residual(k)=1.000e-06  residual(omega)=1.000e-06
Time = 1698  residual(Ux)=1.000e-06  residual(Uy)=1.000e-06  residual(p)=1.000e-06  residual(k)=1.000e-06  residual(omega)=1.000e-06
Time = 1699  residual(Ux)=1.000e-06  residual(Uy)=1.000e-06  residual(p)=1.000e-06  residual(k)=1.000e-06  residual(omega)=1.000e-06
Time = 1700  residual(Ux)=1.000e-06  residual(Uy)=1.000e-06  residual(p)=1.000e-06  residual(k)=1.000e-06  residual(omega)=1.000e-06
Time = 1701  residual(Ux)=1.000e-06  residual(Uy)=1.000e-06  residual(p)=1.000e-06  residual(k)=1.000e-06  residual(omega)=1.000e-06
Time = 1702  residual(Ux)=1.000e-06  residual(Uy)=1.000e-06  residual(p)=1.000e-06  residual(k)=1.000e-06  residual(omega)=1.000e-06
Time = 1703  residual(Ux)=1.000e-06  residual(Uy)=1.000e-06  residual(p)=1.000e-06  residual(k)=1.000e-06  residual(omega)=1.000e-06
Time = 1704  residual(Ux)=1.000e-06  residual(Uy)=1.000e-06  residual(p)=1.000e-06  residual(k)=1.000e-06  residual(omega)=1.000e-06
Time = 1705  residual(Ux)=1.000e-06  residual(Uy)=1.000e-06  residual(p)=1.000e-06  residual(k)=1.000e-06  residual(omega)=1.000e-06
Time = 1706  residual(Ux)=1.000e-06  residual(Uy)=1.000e-06  residual(p)=1.000e-06  residual(k)=1.000e-06  residual(omega)=1.000e-06
Time = 1707  residual(Ux)=1.000e-06  residual(Uy)=1.000e-06  residual(p)=1.000e-06  residual(k)=1.000e-06  residual(omega)=1.000e-06
Time = 1708  residual(Ux)=1.000e-06  residual(Uy)=1.000e-06  residual(p)=1.000e-06  residual(k)=1.000e-06  residual(omega)=1.000e-06
Time = 1709  residual(Ux)=1.000e-06  residual(Uy)=1.000e-06  residual(p)=1.000e-06  residual(k)=1.000e-06  residual(omega)=1.000e-06
Time = 1710  residual(Ux)=1.000e-06  residual(Uy)=1.000e-06  residual(p)=1.000e-06  residual(k)=1.000e-06  residual(omega)=1.000e-06
Time = 1711  residual(Ux)=1.000e-06  residual(Uy)=1.000e-06  residual(p)=1.000e-06  residual(k)=1.000e-06  residual(omega)=1.000e-06
Time = 1712  residual(Ux)=1.000e-06  residual(Uy)=1.000e-06  residual(p)=1.000e-06  residual(k)=1.000e-06  residual(omega)=1.000e-06
Time = 1713  residual(Ux)=1.000e-06  residual(Uy)=1.000e-06  residual(p)=1.000e-06  residual(k)=1.000e-06  residual(omega)=1.000e-06
Time = 1714  residual(Ux)=1.000e-06  residual(Uy)=1.000e-06  residual(p)=1.000e-06  residual(k)=1.000e-06  residual(omega)=1.000e-06
Time = 1715  residual(Ux)=1.000e-06  residual(Uy)=1.000e-06  residual(p)=1.000e-06  residual(k)=1.000e-06  residual(omega)=1.000e-06
Time = 1716  residual(Ux)=1.000e-06  residual(Uy)=1.000e-06  residual(p)=1.000e-06  residual(k)=1.000e-06  residual(omega)=1.000e-06
Time = 1717  residual(Ux)=1.000e-06  residual(Uy)=1.000e-06  residual(p)=1.000e-06  residual(k)=1.000e-06  residual(omega)=1.000e-06
Time = 1718  residual(Ux)=1.000e-06  residual(Uy)=1.000e-06  residual(p)=1.000e-06  residual(k)=1.000e-06  residual(omega)=1.000e-06
Time = 1719  residual(Ux)=1.000e-06  residual(Uy)=1.000e-06  residual(p)=1.000e-06  residual(k)=1.000e-06  residual(omega)=1.000e-06
Time = 1720  residual(Ux)=1.000e-06  residual(Uy)=1.000e-06  residual(p)=1.000e-06  residual(k)=1.000e-06  residual(omega)=1.000e-06
Time = 1721  residual(Ux)=1.000e-06  residual(Uy)=1.000e-06  residual(p)=1.000e-06  residual(k)=1.000e-06  residual(omega)=1.000e-06
Time = 1722  residual(Ux)=1.000e-06  residual(Uy)=1.000e-06  residual(p)=1.000e-06  residual(k)=1.000e-06  residual(omega)=1.000e-06
Time = 1723  residual(Ux)=1.000e-06  residual(Uy)=1.000e-06  residual(p)=1.000e-06  residual(k)=1.000e-06  residual(omega)=1.000e-06
Time = 1724  residual(Ux)=1.000e-06  residual(Uy)=1.000e-06  residual(p)=1.000e-06  residual(k)=1.000e-06  residual(omega)=1.000e-06
Time = 1725  residual(Ux)=1.000e-06  residual(Uy)=1.000e-06  residual(p)=1.000e-06  residual(k)=1.000e-06  residual(omega)=1.000e-06
Time = 1726  residual(Ux)=1.000e-06  residual(Uy)=1.000e-06  residual(p)=1.000e-06  residual(k)=1.000e-06  residual(omega)=1.000e-06
Time = 1727  residual(Ux)=1.000e-06  residual(Uy)=1.000e-06  residual(p)=1.000e-06  residual(k)=1.000e-06  residual(omega)=1.000e-06
Time = 1728  residual(Ux)=1.000e-06  residual(Uy)=1.000e-06  residual(p)=1.000e-06  residual(k)=1.000e-06  residual(omega)=1.000e-06
Time = 1729  residual(Ux)=1.000e-06  residual(Uy)=1.000e-06  residual(p)=1.000e-06  residual(k)=1.000e-06  residual(omega)=1.000e-06
Time = 1730  residual(Ux)=1.000e-06  residual(Uy)=1.000e-06  residual(p)=1.000e-06  residual(k)=1.000e-06  residual(omega)=1.000e-06
Time = 1731  residual(Ux)=1.000e-06  residual(Uy)=1.000e-06  residual(p)=1.000e-06  residual(k)=1.000e-06  residual(omega)=1.000e-06
Time = 1732  residual(Ux)=1.000e-06  residual(Uy)=1.000e-06  residual(p)=1.000e-06  residual(k)=1.000e-06  residual(omega)=1.000e-06
Time = 1733  residual(Ux)=1.000e-06  residual(Uy)=1.000e-06  residual(p)=1.000e-06  residual(k)=1.000e-06  residual(omega)=1.000e-06
Time = 1734  residual(Ux)=1.000e-06  residual(Uy)=1.000e-06  residual(p)=1.000e-06  residual(k)=1.000e-06  residual(omega)=1.000e-06
Time = 1735  residual(Ux)=1.000e-06  residual(Uy)=1.000e-06  residual(p)=1.000e-06  residual(k)=1.000e-06  residual(omega)=1.000e-06
Time = 1736  residual(Ux)=1.000e-06  residual(Uy)=1.000e-06  residual(p)=1.000e-06  residual(k)=1.000e-06  residual(omega)=1.000e-06
Time = 1737  residual(Ux)=1.000e-06  residual(Uy)=1.000e-06  residual(p)=1.000e-06  residual(k)=1.000e-06  residual(omega)=1.000e-06
Time = 1738  residual(Ux)=1.000e-06  residual(Uy)=1.000e-06  residual(p)=1.000e-06  residual(k)=1.000e-06  residual(omega)=1.000e-06
Time = 1739  residual(Ux)=1.000e-06  residual(Uy)=1.000e-06  residual(p)=1.000e-06  residual(k)=1.000e-06  residual(omega)=1.000e-06
Time = 1740  residual(Ux)=1.000e-06  residual(Uy)=1.000e-06  residual(p)=1.000e-06  residual(k)=1.000e-06  residual(omega)=1.000e-06
Time = 1741  residual(Ux)=1.000e-06  residual(Uy)=1.000e-06  residual(p)=1.000e-06  residual(k)=1.000e-06  residual(omega)=1.000e-06
Time = 1742  residual(Ux)=1.000e-06  residual(Uy)=1.000e-06  residual(p)=1.000e-06  residual(k)=1.000e-06  residual(omega)=1.000e-06
Time = 1743  residual(Ux)=1.000e-06  residual(Uy)=1.000e-06  residual(p)=1.000e-06  residual(k)=1.000e-06  residual(omega)=1.000e-06
Time = 1744  residual(Ux)=1.000e-06  residual(Uy)=1.000e-06  residual(p)=1.000e-06  residual(k)=1.000e-06  residual(omega)=1.000e-06
Time = 1745  residual(Ux)=1.000e-06  residual(Uy)=1.000e-06  residual(p)=1.000e-06  residual(k)=1.000e-06  residual(omega)=1.000e-06
Time = 1746  residual(Ux)=1.000e-06  residual(Uy)=1.000e-06  residual(p)=1.000e-06  residual(k)=1.000e-06  residual(omega)=1.000e-06
Time = 1747  residual(Ux)=1.000e-06  residual(Uy)=1.000e-06  residual(p)=1.000e-06  residual(k)=1.000e-06  residual(omega)=1.000e-06
Time = 1748  residual(Ux)=1.000e-06  residual(Uy)=1.000e-06  residual(p)=1.000e-06  residual(k)=1.000e-06  residual(omega)=1.000e-06
Time = 1749  residual(Ux)=1.000e-06  residual(Uy)=1.000e-06  residual(p)=1.000e-06  residual(k)=1.000e-06  residual(omega)=1.000e-06
Time = 1750  residual(Ux)=1.000e-06  residual(Uy)=1.000e-06  residual(p)=1.000e-06  residual(k)=1.000e-06  residual(omega)=1.000e-06
Time = 1751  residual(Ux)=1.000e-06  residual(Uy)=1.000e-06  residual(p)=1.000e-06  residual(k)=1.000e-06  residual(omega)=1.000e-06
Time = 1752  residual(Ux)=1.000e-06  residual(Uy)=1.000e-06  residual(p)=1.000e-06  residual(k)=1.000e-06  residual(omega)=1.000e-06
Time = 1753  residual(Ux)=1.000e-06  residual(Uy)=1.000e-06  residual(p)=1.000e-06  residual(k)=1.000e-06  residual(omega)=1.000e-06
Time = 1754  residual(Ux)=1.000e-06  residual(Uy)=1.000e-06  residual(p)=1.000e-06  residual(k)=1.000e-06  residual(omega)=1.000e-06
Time = 1755  residual(Ux)=1.000e-06  residual(Uy)=1.000e-06  residual(p)=1.000e-06  residual(k)=1.000e-06  residual(omega)=1.000e-06
Time = 1756  residual(Ux)=1.000e-06  residual(Uy)=1.000e-06  residual(p)=1.000e-06  residual(k)=1.000e-06  residual(omega)=1.000e-06
Time = 1757  residual(Ux)=1.000e-06  residual(Uy)=1.000e-06  residual(p)=1.000e-06  residual(k)=1.000e-06  residual(omega)=1.000e-06
Time = 1758  residual(Ux)=1.000e-06  residual(Uy)=1.000e-06  residual(p)=1.000e-06  residual(k)=1.000e-06  residual(omega)=1.000e-06
Time = 1759  residual(Ux)=1.000e-06  residual(Uy)=1.000e-06  residual(p)=1.000e-06  residual(k)=1.000e-06  residual(omega)=1.000e-06
Time = 1760  residual(Ux)=1.000e-06  residual(Uy)=1.000e-06  residual(p)=1.000e-06  residual(k)=1.000e-06  residual(omega)=1.000e-06
Time = 1761  residual(Ux)=1.000e-06  residual(Uy)=1.000e-06  residual(p)=1.000e-06  residual(k)=1.000e-06  residual(omega)=1.000e-06
Time = 1762  residual(Ux)=1.000e-06  residual(Uy)=1.000e-06  residual(p)=1.000e-06  residual(k)=1.000e-06  residual(omega)=1.000e-06
Time = 1763  residual(Ux)=1.000e-06  residual(Uy)=1.000e-06  residual(p)=1.000e-06  residual(k)=1.000e-06  residual(omega)=1.000e-06
Time = 1764  residual(Ux)=1.000e-06  residual(Uy)=1.000e-06  residual(p)=1.000e-06  residual(k)=1.000e-06  residual(omega)=1.000e-06
Time = 1765  residual(Ux)=1.000e-06  residual(Uy)=1.000e-06  residual(p)=1.000e-06  residual(k)=1.000e-06  residual(omega)=1.000e-06
Time = 1766  residual(Ux)=1.000e-06  residual(Uy)=1.000e-06  residual(p)=1.000e-06  residual(k)=1.000e-06  residual(omega)=1.000e-06
Time = 1767  residual(Ux)=1.000e-06  residual(Uy)=1.000e-06  residual(p)=1.000e-06  residual(k)=1.000e-06  residual(omega)=1.000e-06
Time = 1768  residual(Ux)=1.000e-06  residual(Uy)=1.000e-06  residual(p)=1.000e-06  residual(k)=1.000e-06  residual(omega)=1.000e-06
Time = 1769  residual(Ux)=1.000e-06  residual(Uy)=1.000e-06  residual(p)=1.000e-06  residual(k)=1.000e-06  residual(omega)=1.000e-06
Time = 1770  residual(Ux)=1.000e-06  residual(Uy)=1.000e-06  residual(p)=1.000e-06  residual(k)=1.000e-06  residual(omega)=1.000e-06
Time = 1771  residual(Ux)=1.000e-06  residual(Uy)=1.000e-06  residual(p)=1.000e-06  residual(k)=1.000e-06  residual(omega)=1.000e-06
Time = 1772  residual(Ux)=1.000e-06  residual(Uy)=1.000e-06  residual(p)=1.000e-06  residual(k)=1.000e-06  residual(omega)=1.000e-06
Time = 1773  residual(Ux)=1.000e-06  residual(Uy)=1.000e-06  residual(p)=1.000e-06  residual(k)=1.000e-06  residual(omega)=1.000e-06
Time = 1774  residual(Ux)=1.000e-06  residual(Uy)=1.000e-06  residual(p)=1.000e-06  residual(k)=1.000e-06  residual(omega)=1.000e-06
Time = 1775  residual(Ux)=1.000e-06  residual(Uy)=1.000e-06  residual(p)=1.000e-06  residual(k)=1.000e-06  residual(omega)=1.000e-06
Time = 1776  residual(Ux)=1.000e-06  residual(Uy)=1.000e-06  residual(p)=1.000e-06  residual(k)=1.000e-06  residual(omega)=1.000e-06
Time = 1777  residual(Ux)=1.000e-06  residual(Uy)=1.000e-06  residual(p)=1.000e-06  residual(k)=1.000e-06  residual(omega)=1.000e-06
Time = 1778  residual(Ux)=1.000e-06  residual(Uy)=1.000e-06  residual(p)=1.000e-06  residual(k)=1.000e-06  residual(omega)=1.000e-06
Time = 1779  residual(Ux)=1.000e-06  residual(Uy)=1.000e-06  residual(p)=1.000e-06  residual(k)=1.000e-06  residual(omega)=1.000e-06
Time = 1780  residual(Ux)=1.000e-06  residual(Uy)=1.000e-06  residual(p)=1.000e-06  residual(k)=1.000e-06  residual(omega)=1.000e-06
Time = 1781  residual(Ux)=1.000e-06  residual(Uy)=1.000e-06  residual(p)=1.000e-06  residual(k)=1.000e-06  residual(omega)=1.000e-06
Time = 1782  residual(Ux)=1.000e-06  residual(Uy)=1.000e-06  residual(p)=1.000e-06  residual(k)=1.000e-06  residual(omega)=1.000e-06
Time = 1783  residual(Ux)=1.000e-06  residual(Uy)=1.000e-06  residual(p)=1.000e-06  residual(k)=1.000e-06  residual(omega)=1.000e-06
Time = 1784  residual(Ux)=1.000e-06  residual(Uy)=1.000e-06  residual(p)=1.000e-06  residual(k)=1.000e-06  residual(omega)=1.000e-06
Time = 1785  residual(Ux)=1.000e-06  residual(Uy)=1.000e-06  residual(p)=1.000e-06  residual(k)=1.000e-06  residual(omega)=1.000e-06
Time = 1786  residual(Ux)=1.000e-06  residual(Uy)=1.000e-06  residual(p)=1.000e-06  residual(k)=1.000e-06  residual(omega)=1.000e-06
Time = 1787  residual(Ux)=1.000e-06  residual(Uy)=1.000e-06  residual(p)=1.000e-06  residual(k)=1.000e-06  residual(omega)=1.000e-06
Time = 1788  residual(Ux)=1.000e-06  residual(Uy)=1.000e-06  residual(p)=1.000e-06  residual(k)=1.000e-06  residual(omega)=1.000e-06
Time = 1789  residual(Ux)=1.000e-06  residual(Uy)=1.000e-06  residual(p)=1.000e-06  residual(k)=1.000e-06  residual(omega)=1.000e-06
Time = 1790  residual(Ux)=1.000e-06  residual(Uy)=1.000e-06  residual(p)=1.000e-06  residual(k)=1.000e-06  residual(omega)=1.000e-06
Time = 1791  residual(Ux)=1.000e-06  residual(Uy)=1.000e-06  residual(p)=1.000e-06  residual(k)=1.000e-06  residual(omega)=1.000e-06
Time = 1792  residual(Ux)=1.000e-06  residual(Uy)=1.000e-06  residual(p)=1.000e-06  residual(k)=1.000e-06  residual(omega)=1.000e-06
Time = 1793  residual(Ux)=1.000e-06  residual(Uy)=1.000e-06  residual(p)=1.000e-06  residual(k)=1.000e-06  residual(omega)=1.000e-06
Time = 1794  residual(Ux)=1.000e-06  residual(Uy)=1.000e-06  residual(p)=1.000e-06  residual(k)=1.000e-06  residual(omega)=1.000e-06
Time = 1795  residual(Ux)=1.000e-06  residual(Uy)=1.000e-06  residual(p)=1.000e-06  residual(k)=1.000e-06  residual(omega)=1.000e-06
Time = 1796  residual(Ux)=1.000e-06  residual(Uy)=1.000e-06  residual(p)=1.000e-06  residual(k)=1.000e-06  residual(omega)=1.000e-06
Time = 1797  residual(Ux)=1.000e-06  residual(Uy)=1.000e-06  residual(p)=1.000e-06  residual(k)=1.000e-06  residual(omega)=1.000e-06
Time = 1798  residual(Ux)=1.000e-06  residual(Uy)=1.000e-06  residual(p)=1.000e-06  residual(k)=1.000e-06  residual(omega)=1.000e-06
Time = 1799  residual(Ux)=1.000e-06  residual(Uy)=1.000e-06  residual(p)=1.000e-06  residual(k)=1.000e-06  residual(omega)=1.000e-06
Time = 1800  residual(Ux)=1.000e-06  residual(Uy)=1.000e-06  residual(p)=1.000e-06  residual(k)=1.000e-06  residual(omega)=1.000e-06
Time = 1801  residual(Ux)=1.000e-06  residual(Uy)=1.000e-06  residual(p)=1.000e-06  residual(k)=1.000e-06  residual(omega)=1.000e-06
Time = 1802  residual(Ux)=1.000e-06  residual(Uy)=1.000e-06  residual(p)=1.000e-06  residual(k)=1.000e-06  residual(omega)=1.000e-06
Time = 1803  residual(Ux)=1.000e-06  residual(Uy)=1.000e-06  residual(p)=1.000e-06  residual(k)=1.000e-06  residual(omega)=1.000e-06
Time = 1804  residual(Ux)=1.000e-06  residual(Uy)=1.000e-06  residual(p)=1.000e-06  residual(k)=1.000e-06  residual(omega)=1.000e-06
Time = 1805  residual(Ux)=1.000e-06  residual(Uy)=1.000e-06  residual(p)=1.000e-06  residual(k)=1.000e-06  residual(omega)=1.000e-06
Time = 1806  residual(Ux)=1.000e-06  residual(Uy)=1.000e-06  residual(p)=1.000e-06  residual(k)=1.000e-06  residual(omega)=1.000e-06
Time = 1807  residual(Ux)=1.000e-06  residual(Uy)=1.000e-06  residual(p)=1.000e-06  residual(k)=1.000e-06  residual(omega)=1.000e-06
Time = 1808  residual(Ux)=1.000e-06  residual(Uy)=1.000e-06  residual(p)=1.000e-06  residual(k)=1.000e-06  residual(omega)=1.000e-06
Time = 1809  residual(Ux)=1.000e-06  residual(Uy)=1.000e-06  residual(p)=1.000e-06  residual(k)=1.000e-06  residual(omega)=1.000e-06
Time = 1810  residual(Ux)=1.000e-06  residual(Uy)=1.000e-06  residual(p)=1.000e-06  residual(k)=1.000e-06  residual(omega)=1.000e-06
Time = 1811  residual(Ux)=1.000e-06  residual(Uy)=1.000e-06  residual(p)=1.000e-06  residual(k)=1.000e-06  residual(omega)=1.000e-06
Time = 1812  residual(Ux)=1.000e-06  residual(Uy)=1.000e-06  residual(p)=1.000e-06  residual(k)=1.000e-06  residual(omega)=1.000e-06
Time = 1813  residual(Ux)=1.000e-06  residual(Uy)=1.000e-06  residual(p)=1.000e-06  residual(k)=1.000e-06  residual(omega)=1.000e-06
Time = 1814  residual(Ux)=1.000e-06  residual(Uy)=1.000e-06  residual(p)=1.000e-06  residual(k)=1.000e-06  residual(omega)=1.000e-06
Time = 1815  residual(Ux)=1.000e-06  residual(Uy)=1.000e-06  residual(p)=1.000e-06  residual(k)=1.000e-06  residual(omega)=1.000e-06
Time = 1816  residual(Ux)=1.000e-06  residual(Uy)=1.000e-06  residual(p)=1.000e-06  residual(k)=1.000e-06  residual(omega)=1.000e-06
Time = 1817  residual(Ux)=1.000e-06  residual(Uy)=1.000e-06  residual(p)=1.000e-06  residual(k)=1.000e-06  residual(omega)=1.000e-06
Time = 1818  residual(Ux)=1.000e-06  residual(Uy)=1.000e-06  residual(p)=1.000e-06  residual(k)=1.000e-06  residual(omega)=1.000e-06
Time = 1819  residual(Ux)=1.000e-06  residual(Uy)=1.000e-06  residual(p)=1.000e-06  residual(k)=1.000e-06  residual(omega)=1.000e-06
Time = 1820  residual(Ux)=1.000e-06  residual(Uy)=1.000e-06  residual(p)=1.000e-06  residual(k)=1.000e-06  residual(omega)=1.000e-06
Time = 1821  residual(Ux)=1.000e-06  residual(Uy)=1.000e-06  residual(p)=1.000e-06  residual(k)=1.000e-06  residual(omega)=1.000e-06
Time = 1822  residual(Ux)=1.000e-06  residual(Uy)=1.000e-06  residual(p)=1.000e-06  residual(k)=1.000e-06  residual(omega)=1.000e-06
Time = 1823  residual(Ux)=1.000e-06  residual(Uy)=1.000e-06  residual(p)=1.000e-06  residual(k)=1.000e-06  residual(omega)=1.000e-06
Time = 1824  residual(Ux)=1.000e-06  residual(Uy)=1.000e-06  residual(p)=1.000e-06  residual(k)=1.000e-06  residual(omega)=1.000e-06
Time = 1825  residual(Ux)=1.000e-06  residual(Uy)=1.000e-06  residual(p)=1.000e-06  residual(k)=1.000e-06  residual(omega)=1.000e-06
Time = 1826  residual(Ux)=1.000e-06  residual(Uy)=1.000e-06  residual(p)=1.000e-06  residual(k)=1.000e-06  residual(omega)=1.000e-06
Time = 1827  residual(Ux)=1.000e-06  residual(Uy)=1.000e-06  residual(p)=1.000e-06  residual(k)=1.000e-06  residual(omega)=1.000e-06
Time = 1828  residual(Ux)=1.000e-06  residual(Uy)=1.000e-06  residual(p)=1.000e-06  residual(k)=1.000e-06  residual(omega)=1.000e-06
Time = 1829  residual(Ux)=1.000e-06  residual(Uy)=1.000e-06  residual(p)=1.000e-06  residual(k)=1.000e-06  residual(omega)=1.000e-06
Time = 1830  residual(Ux)=1.000e-06  residual(Uy)=1.000e-06  residual(p)=1.000e-06  residual(k)=1.000e-06  residual(omega)=1.000e-06
Time = 1831  residual(Ux)=1.000e-06  residual(Uy)=1.000e-06  residual(p)=1.000e-06  residual(k)=1.000e-06  residual(omega)=1.000e-06
Time = 1832  residual(Ux)=1.000e-06  residual(Uy)=1.000e-06  residual(p)=1.000e-06  residual(k)=1.000e-06  residual(omega)=1.000e-06
Time = 1833  residual(Ux)=1.000e-06  residual(Uy)=1.000e-06  residual(p)=1.000e-06  residual(k)=1.000e-06  residual(omega)=1.000e-06
Time = 1834  residual(Ux)=1.000e-06  residual(Uy)=1.000e-06  residual(p)=1.000e-06  residual(k)=1.000e-06  residual(omega)=1.000e-06
Time = 1835  residual(Ux)=1.000e-06  residual(Uy)=1.000e-06  residual(p)=1.000e-06  residual(k)=1.000e-06  residual(omega)=1.000e-06
Time = 1836  residual(Ux)=1.000e-06  residual(Uy)=1.000e-06  residual(p)=1.000e-06  residual(k)=1.000e-06  residual(omega)=1.000e-06
Time = 1837  residual(Ux)=1.000e-06  residual(Uy)=1.000e-06  residual(p)=1.000e-06  residual(k)=1.000e-06  residual(omega)=1.000e-06
Time = 1838  residual(Ux)=1.000e-06  residual(Uy)=1.000e-06  residual(p)=1.000e-06  residual(k)=1.000e-06  residual(omega)=1.000e-06
Time = 1839  residual(Ux)=1.000e-06  residual(Uy)=1.000e-06  residual(p)=1.000e-06  residual(k)=1.000e-06  residual(omega)=1.000e-06
Time = 1840  residual(Ux)=1.000e-06  residual(Uy)=1.000e-06  residual(p)=1.000e-06  residual(k)=1.000e-06  residual(omega)=1.000e-06
Time = 1841  residual(Ux)=1.000e-06  residual(Uy)=1.000e-06  residual(p)=1.000e-06  residual(k)=1.000e-06  residual(omega)=1.000e-06
Time = 1842  residual(Ux)=1.000e-06  residual(Uy)=1.000e-06  residual(p)=1.000e-06  residual(k)=1.000e-06  residual(omega)=1.000e-06
Time = 1843  residual(Ux)=1.000e-06  residual(Uy)=1.000e-06  residual(p)=1.000e-06  residual(k)=1.000e-06  residual(omega)=1.000e-06
Time = 1844  residual(Ux)=1.000e-06  residual(Uy)=1.000e-06  residual(p)=1.000e-06  residual(k)=1.000e-06  residual(omega)=1.000e-06
Time = 1845  residual(Ux)=1.000e-06  residual(Uy)=1.000e-06  residual(p)=1.000e-06  residual(k)=1.000e-06  residual(omega)=1.000e-06
Time = 1846  residual(Ux)=1.000e-06  residual(Uy)=1.000e-06  residual(p)=1.000e-06  residual(k)=1.000e-06  residual(omega)=1.000e-06
Time = 1847  residual(Ux)=1.000e-06  residual(Uy)=1.000e-06  residual(p)=1.000e-06  residual(k)=1.000e-06  residual(omega)=1.000e-06
Time = 1848  residual(Ux)=1.000e-06  residual(Uy)=1.000e-06  residual(p)=1.000e-06  residual(k)=1.000e-06  residual(omega)=1.000e-06
Time = 1849  residual(Ux)=1.000e-06  residual(Uy)=1.000e-06  residual(p)=1.000e-06  residual(k)=1.000e-06  residual(omega)=1.000e-06
Time = 1850  residual(Ux)=1.000e-06  residual(Uy)=1.000e-06  residual(p)=1.000e-06  residual(k)=1.000e-06  residual(omega)=1.000e-06
Time = 1851  residual(Ux)=1.000e-06  residual(Uy)=1.000e-06  residual(p)=1.000e-06  residual(k)=1.000e-06  residual(omega)=1.000e-06
Time = 1852  residual(Ux)=1.000e-06  residual(Uy)=1.000e-06  residual(p)=1.000e-06  residual(k)=1.000e-06  residual(omega)=1.000e-06
Time = 1853  residual(Ux)=1.000e-06  residual(Uy)=1.000e-06  residual(p)=1.000e-06  residual(k)=1.000e-06  residual(omega)=1.000e-06
Time = 1854  residual(Ux)=1.000e-06  residual(Uy)=1.000e-06  residual(p)=1.000e-06  residual(k)=1.000e-06  residual(omega)=1.000e-06
Time = 1855  residual(Ux)=1.000e-06  residual(Uy)=1.000e-06  residual(p)=1.000e-06  residual(k)=1.000e-06  residual(omega)=1.000e-06
Time = 1856  residual(Ux)=1.000e-06  residual(Uy)=1.000e-06  residual(p)=1.000e-06  residual(k)=1.000e-06  residual(omega)=1.000e-06
Time = 1857  residual(Ux)=1.000e-06  residual(Uy)=1.000e-06  residual(p)=1.000e-06  residual(k)=1.000e-06  residual(omega)=1.000e-06
Time = 1858  residual(Ux)=1.000e-06  residual(Uy)=1.000e-06  residual(p)=1.000e-06  residual(k)=1.000e-06  residual(omega)=1.000e-06
Time = 1859  residual(Ux)=1.000e-06  residual(Uy)=1.000e-06  residual(p)=1.000e-06  residual(k)=1.000e-06  residual(omega)=1.000e-06
Time = 1860  residual(Ux)=1.000e-06  residual(Uy)=1.000e-06  residual(p)=1.000e-06  residual(k)=1.000e-06  residual(omega)=1.000e-06
Time = 1861  residual(Ux)=1.000e-06  residual(Uy)=1.000e-06  residual(p)=1.000e-06  residual(k)=1.000e-06  residual(omega)=1.000e-06
Time = 1862  residual(Ux)=1.000e-06  residual(Uy)=1.000e-06  residual(p)=1.000e-06  residual(k)=1.000e-06  residual(omega)=1.000e-06
Time = 1863  residual(Ux)=1.000e-06  residual(Uy)=1.000e-06  residual(p)=1.000e-06  residual(k)=1.000e-06  residual(omega)=1.000e-06
Time = 1864  residual(Ux)=1.000e-06  residual(Uy)=1.000e-06  residual(p)=1.000e-06  residual(k)=1.000e-06  residual(omega)=1.000e-06
Time = 1865  residual(Ux)=1.000e-06  residual(Uy)=1.000e-06  residual(p)=1.000e-06  residual(k)=1.000e-06  residual(omega)=1.000e-06
Time = 1866  residual(Ux)=1.000e-06  residual(Uy)=1.000e-06  residual(p)=1.000e-06  residual(k)=1.000e-06  residual(omega)=1.000e-06
Time = 1867  residual(Ux)=1.000e-06  residual(Uy)=1.000e-06  residual(p)=1.000e-06  residual(k)=1.000e-06  residual(omega)=1.000e-06
Time = 1868  residual(Ux)=1.000e-06  residual(Uy)=1.000e-06  residual(p)=1.000e-06  residual(k)=1.000e-06  residual(omega)=1.000e-06
Time = 1869  residual(Ux)=1.000e-06  residual(Uy)=1.000e-06  residual(p)=1.000e-06  residual(k)=1.000e-06  residual(omega)=1.000e-06
Time = 1870  residual(Ux)=1.000e-06  residual(Uy)=1.000e-06  residual(p)=1.000e-06  residual(k)=1.000e-06  residual(omega)=1.000e-06
Time = 1871  residual(Ux)=1.000e-06  residual(Uy)=1.000e-06  residual(p)=1.000e-06  residual(k)=1.000e-06  residual(omega)=1.000e-06
Time = 1872  residual(Ux)=1.000e-06  residual(Uy)=1.000e-06  residual(p)=1.000e-06  residual(k)=1.000e-06  residual(omega)=1.000e-06
Time = 1873  residual(Ux)=1.000e-06  residual(Uy)=1.000e-06  residual(p)=1.000e-06  residual(k)=1.000e-06  residual(omega)=1.000e-06
Time = 1874  residual(Ux)=1.000e-06  residual(Uy)=1.000e-06  residual(p)=1.000e-06  residual(k)=1.000e-06  residual(omega)=1.000e-06
Time = 1875  residual(Ux)=1.000e-06  residual(Uy)=1.000e-06  residual(p)=1.000e-06  residual(k)=1.000e-06  residual(omega)=1.000e-06
Time = 1876  residual(Ux)=1.000e-06  residual(Uy)=1.000e-06  residual(p)=1.000e-06  residual(k)=1.000e-06  residual(omega)=1.000e-06
Time = 1877  residual(Ux)=1.000e-06  residual(Uy)=1.000e-06  residual(p)=1.000e-06  residual(k)=1.000e-06  residual(omega)=1.000e-06
Time = 1878  residual(Ux)=1.000e-06  residual(Uy)=1.000e-06  residual(p)=1.000e-06  residual(k)=1.000e-06  residual(omega)=1.000e-06
Time = 1879  residual(Ux)=1.000e-06  residual(Uy)=1.000e-06  residual(p)=1.000e-06  residual(k)=1.000e-06  residual(omega)=1.000e-06
Time = 1880  residual(Ux)=1.000e-06  residual(Uy)=1.000e-06  residual(p)=1.000e-06  residual(k)=1.000e-06  residual(omega)=1.000e-06
Time = 1881  residual(Ux)=1.000e-06  residual(Uy)=1.000e-06  residual(p)=1.000e-06  residual(k)=1.000e-06  residual(omega)=1.000e-06
Time = 1882  residual(Ux)=1.000e-06  residual(Uy)=1.000e-06  residual(p)=1.000e-06  residual(k)=1.000e-06  residual(omega)=1.000e-06
Time = 1883  residual(Ux)=1.000e-06  residual(Uy)=1.000e-06  residual(p)=1.000e-06  residual(k)=1.000e-06  residual(omega)=1.000e-06
Time = 1884  residual(Ux)=1.000e-06  residual(Uy)=1.000e-06  residual(p)=1.000e-06  residual(k)=1.000e-06  residual(omega)=1.000e-06
Time = 1885  residual(Ux)=1.000e-06  residual(Uy)=1.000e-06  residual(p)=1.000e-06  residual(k)=1.000e-06  residual(omega)=1.000e-06
Time = 1886  residual(Ux)=1.000e-06  residual(Uy)=1.000e-06  residual(p)=1.000e-06  residual(k)=1.000e-06  residual(omega)=1.000e-06
Time = 1887  residual(Ux)=1.000e-06  residual(Uy)=1.000e-06  residual(p)=1.000e-06  residual(k)=1.000e-06  residual(omega)=1.000e-06
Time = 1888  residual(Ux)=1.000e-06  residual(Uy)=1.000e-06  residual(p)=1.000e-06  residual(k)=1.000e-06  residual(omega)=1.000e-06
Time = 1889  residual(Ux)=1.000e-06  residual(Uy)=1.000e-06  residual(p)=1.000e-06  residual(k)=1.000e-06  residual(omega)=1.000e-06
Time = 1890  residual(Ux)=1.000e-06  residual(Uy)=1.000e-06  residual(p)=1.000e-06  residual(k)=1.000e-06  residual(omega)=1.000e-06
Time = 1891  residual(Ux)=1.000e-06  residual(Uy)=1.000e-06  residual(p)=1.000e-06  residual(k)=1.000e-06  residual(omega)=1.000e-06
Time = 1892  residual(Ux)=1.000e-06  residual(Uy)=1.000e-06  residual(p)=1.000e-06  residual(k)=1.000e-06  residual(omega)=1.000e-06
Time = 1893  residual(Ux)=1.000e-06  residual(Uy)=1.000e-06  residual(p)=1.000e-06  residual(k)=1.000e-06  residual(omega)=1.000e-06
Time = 1894  residual(Ux)=1.000e-06  residual(Uy)=1.000e-06  residual(p)=1.000e-06  residual(k)=1.000e-06  residual(omega)=1.000e-06
Time = 1895  residual(Ux)=1.000e-06  residual(Uy)=1.000e-06  residual(p)=1.000e-06  residual(k)=1.000e-06  residual(omega)=1.000e-06
Time = 1896  residual(Ux)=1.000e-06  residual(Uy)=1.000e-06  residual(p)=1.000e-06  residual(k)=1.000e-06  residual(omega)=1.000e-06
Time = 1897  residual(Ux)=1.000e-06  residual(Uy)=1.000e-06  residual(p)=1.000e-06  residual(k)=1.000e-06  residual(omega)=1.000e-06
Time = 1898  residual(Ux)=1.000e-06  residual(Uy)=1.000e-06  residual(p)=1.000e-06  residual(k)=1.000e-06  residual(omega)=1.000e-06
Time = 1899  residual(Ux)=1.000e-06  residual(Uy)=1.000e-06  residual(p)=1.000e-06  residual(k)=1.000e-06  residual(omega)=1.000e-06
Time = 1900  residual(Ux)=1.000e-06  residual(Uy)=1.000e-06  residual(p)=1.000e-06  residual(k)=1.000e-06  residual(omega)=1.000e-06
Time = 1901  residual(Ux)=1.000e-06  residual(Uy)=1.000e-06  residual(p)=1.000e-06  residual(k)=1.000e-06  residual(omega)=1.000e-06
Time = 1902  residual(Ux)=1.000e-06  residual(Uy)=1.000e-06  residual(p)=1.000e-06  residual(k)=1.000e-06  residual(omega)=1.000e-06
Time = 1903  residual(Ux)=1.000e-06  residual(Uy)=1.000e-06  residual(p)=1.000e-06  residual(k)=1.000e-06  residual(omega)=1.000e-06
Time = 1904  residual(Ux)=1.000e-06  residual(Uy)=1.000e-06  residual(p)=1.000e-06  residual(k)=1.000e-06  residual(omega)=1.000e-06
Time = 1905  residual(Ux)=1.000e-06  residual(Uy)=1.000e-06  residual(p)=1.000e-06  residual(k)=1.000e-06  residual(omega)=1.000e-06
Time = 1906  residual(Ux)=1.000e-06  residual(Uy)=1.000e-06  residual(p)=1.000e-06  residual(k)=1.000e-06  residual(omega)=1.000e-06
Time = 1907  residual(Ux)=1.000e-06  residual(Uy)=1.000e-06  residual(p)=1.000e-06  residual(k)=1.000e-06  residual(omega)=1.000e-06
Time = 1908  residual(Ux)=1.000e-06  residual(Uy)=1.000e-06  residual(p)=1.000e-06  residual(k)=1.000e-06  residual(omega)=1.000e-06
Time = 1909  residual(Ux)=1.000e-06  residual(Uy)=1.000e-06  residual(p)=1.000e-06  residual(k)=1.000e-06  residual(omega)=1.000e-06
Time = 1910  residual(Ux)=1.000e-06  residual(Uy)=1.000e-06  residual(p)=1.000e-06  residual(k)=1.000e-06  residual(omega)=1.000e-06
Time = 1911  residual(Ux)=1.000e-06  residual(Uy)=1.000e-06  residual(p)=1.000e-06  residual(k)=1.000e-06  residual(omega)=1.000e-06
Time = 1912  residual(Ux)=1.000e-06  residual(Uy)=1.000e-06  residual(p)=1.000e-06  residual(k)=1.000e-06  residual(omega)=1.000e-06
Time = 1913  residual(Ux)=1.000e-06  residual(Uy)=1.000e-06  residual(p)=1.000e-06  residual(k)=1.000e-06  residual(omega)=1.000e-06
Time = 1914  residual(Ux)=1.000e-06  residual(Uy)=1.000e-06  residual(p)=1.000e-06  residual(k)=1.000e-06  residual(omega)=1.000e-06
Time = 1915  residual(Ux)=1.000e-06  residual(Uy)=1.000e-06  residual(p)=1.000e-06  residual(k)=1.000e-06  residual(omega)=1.000e-06
Time = 1916  residual(Ux)=1.000e-06  residual(Uy)=1.000e-06  residual(p)=1.000e-06  residual(k)=1.000e-06  residual(omega)=1.000e-06
Time = 1917  residual(Ux)=1.000e-06  residual(Uy)=1.000e-06  residual(p)=1.000e-06  residual(k)=1.000e-06  residual(omega)=1.000e-06
Time = 1918  residual(Ux)=1.000e-06  residual(Uy)=1.000e-06  residual(p)=1.000e-06  residual(k)=1.000e-06  residual(omega)=1.000e-06
Time = 1919  residual(Ux)=1.000e-06  residual(Uy)=1.000e-06  residual(p)=1.000e-06  residual(k)=1.000e-06  residual(omega)=1.000e-06
Time = 1920  residual(Ux)=1.000e-06  residual(Uy)=1.000e-06  residual(p)=1.000e-06  residual(k)=1.000e-06  residual(omega)=1.000e-06
Time = 1921  residual(Ux)=1.000e-06  residual(Uy)=1.000e-06  residual(p)=1.000e-06  residual(k)=1.000e-06  residual(omega)=1.000e-06
Time = 1922  residual(Ux)=1.000e-06  residual(Uy)=1.000e-06  residual(p)=1.000e-06  residual(k)=1.000e-06  residual(omega)=1.000e-06
Time = 1923  residual(Ux)=1.000e-06  residual(Uy)=1.000e-06  residual(p)=1.000e-06  residual(k)=1.000e-06  residual(omega)=1.000e-06
Time = 1924  residual(Ux)=1.000e-06  residual(Uy)=1.000e-06  residual(p)=1.000e-06  residual(k)=1.000e-06  residual(omega)=1.000e-06
Time = 1925  residual(Ux)=1.000e-06  residual(Uy)=1.000e-06  residual(p)=1.000e-06  residual(k)=1.000e-06  residual(omega)=1.000e-06
Time = 1926  residual(Ux)=1.000e-06  residual(Uy)=1.000e-06  residual(p)=1.000e-06  residual(k)=1.000e-06  residual(omega)=1.000e-06
Time = 1927  residual(Ux)=1.000e-06  residual(Uy)=1.000e-06  residual(p)=1.000e-06  residual(k)=1.000e-06  residual(omega)=1.000e-06
Time = 1928  residual(Ux)=1.000e-06  residual(Uy)=1.000e-06  residual(p)=1.000e-06  residual(k)=1.000e-06  residual(omega)=1.000e-06
Time = 1929  residual(Ux)=1.000e-06  residual(Uy)=1.000e-06  residual(p)=1.000e-06  residual(k)=1.000e-06  residual(omega)=1.000e-06
Time = 1930  residual(Ux)=1.000e-06  residual(Uy)=1.000e-06  residual(p)=1.000e-06  residual(k)=1.000e-06  residual(omega)=1.000e-06
Time = 1931  residual(Ux)=1.000e-06  residual(Uy)=1.000e-06  residual(p)=1.000e-06  residual(k)=1.000e-06  residual(omega)=1.000e-06
Time = 1932  residual(Ux)=1.000e-06  residual(Uy)=1.000e-06  residual(p)=1.000e-06  residual(k)=1.000e-06  residual(omega)=1.000e-06
Time = 1933  residual(Ux)=1.000e-06  residual(Uy)=1.000e-06  residual(p)=1.000e-06  residual(k)=1.000e-06  residual(omega)=1.000e-06
Time = 1934  residual(Ux)=1.000e-06  residual(Uy)=1.000e-06  residual(p)=1.000e-06  residual(k)=1.000e-06  residual(omega)=1.000e-06
Time = 1935  residual(Ux)=1.000e-06  residual(Uy)=1.000e-06  residual(p)=1.000e-06  residual(k)=1.000e-06  residual(omega)=1.000e-06
Time = 1936  residual(Ux)=1.000e-06  residual(Uy)=1.000e-06  residual(p)=1.000e-06  residual(k)=1.000e-06  residual(omega)=1.000e-06
Time = 1937  residual(Ux)=1.000e-06  residual(Uy)=1.000e-06  residual(p)=1.000e-06  residual(k)=1.000e-06  residual(omega)=1.000e-06
Time = 1938  residual(Ux)=1.000e-06  residual(Uy)=1.000e-06  residual(p)=1.000e-06  residual(k)=1.000e-06  residual(omega)=1.000e-06
Time = 1939  residual(Ux)=1.000e-06  residual(Uy)=1.000e-06  residual(p)=1.000e-06  residual(k)=1.000e-06  residual(omega)=1.000e-06
Time = 1940  residual(Ux)=1.000e-06  residual(Uy)=1.000e-06  residual(p)=1.000e-06  residual(k)=1.000e-06  residual(omega)=1.000e-06
Time = 1941  residual(Ux)=1.000e-06  residual(Uy)=1.000e-06  residual(p)=1.000e-06  residual(k)=1.000e-06  residual(omega)=1.000e-06
Time = 1942  residual(Ux)=1.000e-06  residual(Uy)=1.000e-06  residual(p)=1.000e-06  residual(k)=1.000e-06  residual(omega)=1.000e-06
Time = 1943  residual(Ux)=1.000e-06  residual(Uy)=1.000e-06  residual(p)=1.000e-06  residual(k)=1.000e-06  residual(omega)=1.000e-06
Time = 1944  residual(Ux)=1.000e-06  residual(Uy)=1.000e-06  residual(p)=1.000e-06  residual(k)=1.000e-06  residual(omega)=1.000e-06
Time = 1945  residual(Ux)=1.000e-06  residual(Uy)=1.000e-06  residual(p)=1.000e-06  residual(k)=1.000e-06  residual(omega)=1.000e-06
Time = 1946  residual(Ux)=1.000e-06  residual(Uy)=1.000e-06  residual(p)=1.000e-06  residual(k)=1.000e-06  residual(omega)=1.000e-06
Time = 1947  residual(Ux)=1.000e-06  residual(Uy)=1.000e-06  residual(p)=1.000e-06  residual(k)=1.000e-06  residual(omega)=1.000e-06
Time = 1948  residual(Ux)=1.000e-06  residual(Uy)=1.000e-06  residual(p)=1.000e-06  residual(k)=1.000e-06  residual(omega)=1.000e-06
Time = 1949  residual(Ux)=1.000e-06  residual(Uy)=1.000e-06  residual(p)=1.000e-06  residual(k)=1.000e-06  residual(omega)=1.000e-06
Time = 1950  residual(Ux)=1.000e-06  residual(Uy)=1.000e-06  residual(p)=1.000e-06  residual(k)=1.000e-06  residual(omega)=1.000e-06
Time = 1951  residual(Ux)=1.000e-06  residual(Uy)=1.000e-06  residual(p)=1.000e-06  residual(k)=1.000e-06  residual(omega)=1.000e-06
Time = 1952  residual(Ux)=1.000e-06  residual(Uy)=1.000e-06  residual(p)=1.000e-06  residual(k)=1.000e-06  residual(omega)=1.000e-06
Time = 1953  residual(Ux)=1.000e-06  residual(Uy)=1.000e-06  residual(p)=1.000e-06  residual(k)=1.000e-06  residual(omega)=1.000e-06
Time = 1954  residual(Ux)=1.000e-06  residual(Uy)=1.000e-06  residual(p)=1.000e-06  residual(k)=1.000e-06  residual(omega)=1.000e-06
Time = 1955  residual(Ux)=1.000e-06  residual(Uy)=1.000e-06  residual(p)=1.000e-06  residual(k)=1.000e-06  residual(omega)=1.000e-06
Time = 1956  residual(Ux)=1.000e-06  residual(Uy)=1.000e-06  residual(p)=1.000e-06  residual(k)=1.000e-06  residual(omega)=1.000e-06
Time = 1957  residual(Ux)=1.000e-06  residual(Uy)=1.000e-06  residual(p)=1.000e-06  residual(k)=1.000e-06  residual(omega)=1.000e-06
Time = 1958  residual(Ux)=1.000e-06  residual(Uy)=1.000e-06  residual(p)=1.000e-06  residual(k)=1.000e-06  residual(omega)=1.000e-06
Time = 1959  residual(Ux)=1.000e-06  residual(Uy)=1.000e-06  residual(p)=1.000e-06  residual(k)=1.000e-06  residual(omega)=1.000e-06
Time = 1960  residual(Ux)=1.000e-06  residual(Uy)=1.000e-06  residual(p)=1.000e-06  residual(k)=1.000e-06  residual(omega)=1.000e-06
Time = 1961  residual(Ux)=1.000e-06  residual(Uy)=1.000e-06  residual(p)=1.000e-06  residual(k)=1.000e-06  residual(omega)=1.000e-06
Time = 1962  residual(Ux)=1.000e-06  residual(Uy)=1.000e-06  residual(p)=1.000e-06  residual(k)=1.000e-06  residual(omega)=1.000e-06
Time = 1963  residual(Ux)=1.000e-06  residual(Uy)=1.000e-06  residual(p)=1.000e-06  residual(k)=1.000e-06  residual(omega)=1.000e-06
Time = 1964  residual(Ux)=1.000e-06  residual(Uy)=1.000e-06  residual(p)=1.000e-06  residual(k)=1.000e-06  residual(omega)=1.000e-06
Time = 1965  residual(Ux)=1.000e-06  residual(Uy)=1.000e-06  residual(p)=1.000e-06  residual(k)=1.000e-06  residual(omega)=1.000e-06
Time = 1966  residual(Ux)=1.000e-06  residual(Uy)=1.000e-06  residual(p)=1.000e-06  residual(k)=1.000e-06  residual(omega)=1.000e-06
Time = 1967  residual(Ux)=1.000e-06  residual(Uy)=1.000e-06  residual(p)=1.000e-06  residual(k)=1.000e-06  residual(omega)=1.000e-06
Time = 1968  residual(Ux)=1.000e-06  residual(Uy)=1.000e-06  residual(p)=1.000e-06  residual(k)=1.000e-06  residual(omega)=1.000e-06
Time = 1969  residual(Ux)=1.000e-06  residual(Uy)=1.000e-06  residual(p)=1.000e-06  residual(k)=1.000e-06  residual(omega)=1.000e-06
Time = 1970  residual(Ux)=1.000e-06  residual(Uy)=1.000e-06  residual(p)=1.000e-06  residual(k)=1.000e-06  residual(omega)=1.000e-06
Time = 1971  residual(Ux)=1.000e-06  residual(Uy)=1.000e-06  residual(p)=1.000e-06  residual(k)=1.000e-06  residual(omega)=1.000e-06
Time = 1972  residual(Ux)=1.000e-06  residual(Uy)=1.000e-06  residual(p)=1.000e-06  residual(k)=1.000e-06  residual(omega)=1.000e-06
Time = 1973  residual(Ux)=1.000e-06  residual(Uy)=1.000e-06  residual(p)=1.000e-06  residual(k)=1.000e-06  residual(omega)=1.000e-06
Time = 1974  residual(Ux)=1.000e-06  residual(Uy)=1.000e-06  residual(p)=1.000e-06  residual(k)=1.000e-06  residual(omega)=1.000e-06
Time = 1975  residual(Ux)=1.000e-06  residual(Uy)=1.000e-06  residual(p)=1.000e-06  residual(k)=1.000e-06  residual(omega)=1.000e-06
Time = 1976  residual(Ux)=1.000e-06  residual(Uy)=1.000e-06  residual(p)=1.000e-06  residual(k)=1.000e-06  residual(omega)=1.000e-06
Time = 1977  residual(Ux)=1.000e-06  residual(Uy)=1.000e-06  residual(p)=1.000e-06  residual(k)=1.000e-06  residual(omega)=1.000e-06
Time = 1978  residual(Ux)=1.000e-06  residual(Uy)=1.000e-06  residual(p)=1.000e-06  residual(k)=1.000e-06  residual(omega)=1.000e-06
Time = 1979  residual(Ux)=1.000e-06  residual(Uy)=1.000e-06  residual(p)=1.000e-06  residual(k)=1.000e-06  residual(omega)=1.000e-06
Time = 1980  residual(Ux)=1.000e-06  residual(Uy)=1.000e-06  residual(p)=1.000e-06  residual(k)=1.000e-06  residual(omega)=1.000e-06
Time = 1981  residual(Ux)=1.000e-06  residual(Uy)=1.000e-06  residual(p)=1.000e-06  residual(k)=1.000e-06  residual(omega)=1.000e-06
Time = 1982  residual(Ux)=1.000e-06  residual(Uy)=1.000e-06  residual(p)=1.000e-06  residual(k)=1.000e-06  residual(omega)=1.000e-06
Time = 1983  residual(Ux)=1.000e-06  residual(Uy)=1.000e-06  residual(p)=1.000e-06  residual(k)=1.000e-06  residual(omega)=1.000e-06
Time = 1984  residual(Ux)=1.000e-06  residual(Uy)=1.000e-06  residual(p)=1.000e-06  residual(k)=1.000e-06  residual(omega)=1.000e-06
Time = 1985  residual(Ux)=1.000e-06  residual(Uy)=1.000e-06  residual(p)=1.000e-06  residual(k)=1.000e-06  residual(omega)=1.000e-06
Time = 1986  residual(Ux)=1.000e-06  residual(Uy)=1.000e-06  residual(p)=1.000e-06  residual(k)=1.000e-06  residual(omega)=1.000e-06
Time = 1987  residual(Ux)=1.000e-06  residual(Uy)=1.000e-06  residual(p)=1.000e-06  residual(k)=1.000e-06  residual(omega)=1.000e-06
Time = 1988  residual(Ux)=1.000e-06  residual(Uy)=1.000e-06  residual(p)=1.000e-06  residual(k)=1.000e-06  residual(omega)=1.000e-06
Time = 1989  residual(Ux)=1.000e-06  residual(Uy)=1.000e-06  residual(p)=1.000e-06  residual(k)=1.000e-06  residual(omega)=1.000e-06
Time = 1990  residual(Ux)=1.000e-06  residual(Uy)=1.000e-06  residual(p)=1.000e-06  residual(k)=1.000e-06  residual(omega)=1.000e-06
Time = 1991  residual(Ux)=1.000e-06  residual(Uy)=1.000e-06  residual(p)=1.000e-06  residual(k)=1.000e-06  residual(omega)=1.000e-06
Time = 1992  residual(Ux)=1.000e-06  residual(Uy)=1.000e-06  residual(p)=1.000e-06  residual(k)=1.000e-06  residual(omega)=1.000e-06
Time = 1993  residual(Ux)=1.000e-06  residual(Uy)=1.000e-06  residual(p)=1.000e-06  residual(k)=1.000e-06  residual(omega)=1.000e-06
Time = 1994  residual(Ux)=1.000e-06  residual(Uy)=1.000e-06  residual(p)=1.000e-06  residual(k)=1.000e-06  residual(omega)=1.000e-06
Time = 1995  residual(Ux)=1.000e-06  residual(Uy)=1.000e-06  residual(p)=1.000e-06  residual(k)=1.000e-06  residual(omega)=1.000e-06
Time = 1996  residual(Ux)=1.000e-06  residual(Uy)=1.000e-06  residual(p)=1.000e-06  residual(k)=1.000e-06  residual(omega)=1.000e-06
Time = 1997  residual(Ux)=1.000e-06  residual(Uy)=1.000e-06  residual(p)=1.000e-06  residual(k)=1.000e-06  residual(omega)=1.000e-06
Time = 1998  residual(Ux)=1.000e-06  residual(Uy)=1.000e-06  residual(p)=1.000e-06  residual(k)=1.000e-06  residual(omega)=1.000e-06
Time = 1999  residual(Ux)=1.000e-06  residual(Uy)=1.000e-06  residual(p)=1.000e-06  residual(k)=1.000e-06  residual(omega)=1.000e-06
Time = 2000  residual(Ux)=1.000e-06  residual(Uy)=1.000e-06  residual(p)=1.000e-06  residual(k)=1.000e-06  residual(omega)=1.000e-06
