FoamFile
{
    version     2.0;
    format      ascii;
    class       dictionary;
    location    "system";
    object      blockMeshDict;
}
// generated by scripts/p4/generate_rae2822_case9.py (V73.B · DEC-V61-240)

convertToMeters 1;

vertices
(
    (0.300000 -0.001000 -30.000000)
    (1.000000 -0.001000 -30.000000)
    (35.000000 -0.001000 -30.000000)
    (-30.000000 -0.001000 0.000000)
    (0.000000 -0.001000 0.000000)
    (1.000000 -0.001000 0.000000)
    (35.000000 -0.001000 0.000000)
    (0.300000 -0.001000 -0.058144)
    (0.300000 -0.001000 0.059184)
    (0.300000 -0.001000 30.000000)
    (1.000000 -0.001000 30.000000)
    (35.000000 -0.001000 30.000000)
    (0.300000 0.001000 -30.000000)
    (1.000000 0.001000 -30.000000)
    (35.000000 0.001000 -30.000000)
    (-30.000000 0.001000 0.000000)
    (0.000000 0.001000 0.000000)
    (1.000000 0.001000 0.000000)
    (35.000000 0.001000 0.000000)
    (0.300000 0.001000 -0.058144)
    (0.300000 0.001000 0.059184)
    (0.300000 0.001000 30.000000)
    (1.000000 0.001000 30.000000)
    (35.000000 0.001000 30.000000)
);

blocks
(
    // identical 6-block topology to the in-repo naca0012 showcase dict
    // (src/foam_agent_adapter.py), re-dimensioned for the transonic domain:
    // x in [-30.0, 35.0], z in +/-30.0, 220 wall-normal cells,
    // grading 483458.7 -> first cell ~3.6e-06 c (y+ <= 1 target, B109)
    hex ( 7 4 16 19 0 3 15 12)  (160 1 220)  simpleGrading (1 1 483458.7)
    hex ( 5 7 19 17 1 0 12 13)  (160 1 220)  simpleGrading (1 1 483458.7)
    hex ( 17 18 6 5 13 14 2 1)  (100 1 220)  simpleGrading (12.0 1 483458.7)
    hex ( 20 16 4 8 21 15 3 9)  (160 1 220)  simpleGrading (1 1 483458.7)
    hex ( 17 20 8 5 22 21 9 10) (160 1 220)  simpleGrading (1 1 483458.7)
    hex ( 5 6 18 17 10 11 23 22) (100 1 220) simpleGrading (12.0 1 483458.7)
);

edges
(
    polyLine 4 7
    (
        (0.00000969 -0.001000 -0.00039097)
        (0.00003807 -0.001000 -0.00078119)
        (0.00008453 -0.001000 -0.00116993)
        (0.00014847 -0.001000 -0.00155645)
        (0.00022927 -0.001000 -0.00194002)
        (0.00032632 -0.001000 -0.00231989)
        (0.00043902 -0.001000 -0.00269532)
        (0.00056675 -0.001000 -0.00306559)
        (0.00070890 -0.001000 -0.00343001)
        (0.00086474 -0.001000 -0.00378835)
        (0.00103347 -0.001000 -0.00414065)
        (0.00121432 -0.001000 -0.00448693)
        (0.00140651 -0.001000 -0.00482722)
        (0.00160924 -0.001000 -0.00516155)
        (0.00182173 -0.001000 -0.00548994)
        (0.00204320 -0.001000 -0.00581242)
        (0.00227286 -0.001000 -0.00612903)
        (0.00250994 -0.001000 -0.00643978)
        (0.00275384 -0.001000 -0.00674478)
        (0.00300423 -0.001000 -0.00704417)
        (0.00326077 -0.001000 -0.00733814)
        (0.00352313 -0.001000 -0.00762685)
        (0.00379099 -0.001000 -0.00791047)
        (0.00406400 -0.001000 -0.00818917)
        (0.00434184 -0.001000 -0.00846310)
        (0.00462418 -0.001000 -0.00873245)
        (0.00491068 -0.001000 -0.00899739)
        (0.00520102 -0.001000 -0.00925806)
        (0.00549486 -0.001000 -0.00951466)
        (0.00579194 -0.001000 -0.00976732)
        (0.00609214 -0.001000 -0.01001615)
        (0.00639531 -0.001000 -0.01026126)
        (0.00670133 -0.001000 -0.01050275)
        (0.00701009 -0.001000 -0.01074073)
        (0.00732145 -0.001000 -0.01097530)
        (0.00763530 -0.001000 -0.01120657)
        (0.00795149 -0.001000 -0.01143464)
        (0.00826992 -0.001000 -0.01165962)
        (0.00859046 -0.001000 -0.01188162)
        (0.00891297 -0.001000 -0.01210073)
        (0.00923734 -0.001000 -0.01231707)
        (0.00956344 -0.001000 -0.01253074)
        (0.00989115 -0.001000 -0.01274183)
        (0.01022042 -0.001000 -0.01295042)
        (0.01055118 -0.001000 -0.01315657)
        (0.01088339 -0.001000 -0.01336033)
        (0.01121701 -0.001000 -0.01356175)
        (0.01155198 -0.001000 -0.01376090)
        (0.01188826 -0.001000 -0.01395783)
        (0.01222581 -0.001000 -0.01415259)
        (0.01256456 -0.001000 -0.01434525)
        (0.01290448 -0.001000 -0.01453586)
        (0.01324552 -0.001000 -0.01472447)
        (0.01358763 -0.001000 -0.01491115)
        (0.01393076 -0.001000 -0.01509595)
        (0.01427487 -0.001000 -0.01527892)
        (0.01461990 -0.001000 -0.01546012)
        (0.01496581 -0.001000 -0.01563962)
        (0.01531255 -0.001000 -0.01581745)
        (0.01566011 -0.001000 -0.01599367)
        (0.01600845 -0.001000 -0.01616828)
        (0.01635757 -0.001000 -0.01634133)
        (0.01670744 -0.001000 -0.01651284)
        (0.01705805 -0.001000 -0.01668283)
        (0.01740936 -0.001000 -0.01685135)
        (0.01776137 -0.001000 -0.01701841)
        (0.01811406 -0.001000 -0.01718404)
        (0.01846740 -0.001000 -0.01734828)
        (0.01882138 -0.001000 -0.01751115)
        (0.01917597 -0.001000 -0.01767267)
        (0.01953116 -0.001000 -0.01783289)
        (0.01988693 -0.001000 -0.01799182)
        (0.02024326 -0.001000 -0.01814949)
        (0.02060013 -0.001000 -0.01830594)
        (0.02095752 -0.001000 -0.01846119)
        (0.02131541 -0.001000 -0.01861526)
        (0.02167378 -0.001000 -0.01876820)
        (0.02203262 -0.001000 -0.01892001)
        (0.02239191 -0.001000 -0.01907073)
        (0.02275166 -0.001000 -0.01922035)
        (0.02311184 -0.001000 -0.01936891)
        (0.02347246 -0.001000 -0.01951640)
        (0.02383349 -0.001000 -0.01966286)
        (0.02419494 -0.001000 -0.01980830)
        (0.02455680 -0.001000 -0.01995272)
        (0.02491904 -0.001000 -0.02009616)
        (0.02528168 -0.001000 -0.02023861)
        (0.02564469 -0.001000 -0.02038011)
        (0.02600807 -0.001000 -0.02052066)
        (0.02637181 -0.001000 -0.02066028)
        (0.02673590 -0.001000 -0.02079899)
        (0.02710034 -0.001000 -0.02093680)
        (0.02746510 -0.001000 -0.02107373)
        (0.02783019 -0.001000 -0.02120980)
        (0.02819559 -0.001000 -0.02134501)
        (0.02856130 -0.001000 -0.02147939)
        (0.02892731 -0.001000 -0.02161295)
        (0.02929361 -0.001000 -0.02174571)
        (0.02966018 -0.001000 -0.02187768)
        (0.03002703 -0.001000 -0.02200887)
        (0.03039416 -0.001000 -0.02213930)
        (0.03076155 -0.001000 -0.02226896)
        (0.03112920 -0.001000 -0.02239786)
        (0.03149711 -0.001000 -0.02252603)
        (0.03186528 -0.001000 -0.02265345)
        (0.03223369 -0.001000 -0.02278016)
        (0.03260236 -0.001000 -0.02290614)
        (0.03297126 -0.001000 -0.02303142)
        (0.03334040 -0.001000 -0.02315600)
        (0.03370978 -0.001000 -0.02327988)
        (0.03407938 -0.001000 -0.02340309)
        (0.03444920 -0.001000 -0.02352562)
        (0.03481925 -0.001000 -0.02364749)
        (0.03518951 -0.001000 -0.02376870)
        (0.03555999 -0.001000 -0.02388926)
        (0.03593067 -0.001000 -0.02400919)
        (0.03630155 -0.001000 -0.02412849)
        (0.03667264 -0.001000 -0.02424717)
        (0.03704392 -0.001000 -0.02436524)
        (0.03741538 -0.001000 -0.02448270)
        (0.03778704 -0.001000 -0.02459957)
        (0.03815887 -0.001000 -0.02471586)
        (0.03853088 -0.001000 -0.02483157)
        (0.03890307 -0.001000 -0.02494671)
        (0.03927543 -0.001000 -0.02506128)
        (0.03964796 -0.001000 -0.02517529)
        (0.04002066 -0.001000 -0.02528875)
        (0.04039353 -0.001000 -0.02540165)
        (0.04076656 -0.001000 -0.02551401)
        (0.04113975 -0.001000 -0.02562583)
        (0.04151311 -0.001000 -0.02573712)
        (0.04188662 -0.001000 -0.02584788)
        (0.04226028 -0.001000 -0.02595811)
        (0.04263410 -0.001000 -0.02606783)
        (0.04300807 -0.001000 -0.02617704)
        (0.04338218 -0.001000 -0.02628573)
        (0.04375644 -0.001000 -0.02639393)
        (0.04413085 -0.001000 -0.02650163)
        (0.04450540 -0.001000 -0.02660883)
        (0.04488008 -0.001000 -0.02671555)
        (0.04525490 -0.001000 -0.02682179)
        (0.04562986 -0.001000 -0.02692756)
        (0.04600495 -0.001000 -0.02703285)
        (0.04638017 -0.001000 -0.02713768)
        (0.04675552 -0.001000 -0.02724205)
        (0.04713099 -0.001000 -0.02734597)
        (0.04750659 -0.001000 -0.02744943)
        (0.04788230 -0.001000 -0.02755246)
        (0.04825814 -0.001000 -0.02765504)
        (0.04863409 -0.001000 -0.02775720)
        (0.04901016 -0.001000 -0.02785892)
        (0.04938634 -0.001000 -0.02796021)
        (0.04976263 -0.001000 -0.02806108)
        (0.05013904 -0.001000 -0.02816153)
        (0.05051556 -0.001000 -0.02826157)
        (0.05089219 -0.001000 -0.02836119)
        (0.05126892 -0.001000 -0.02846040)
        (0.05164576 -0.001000 -0.02855921)
        (0.05202271 -0.001000 -0.02865761)
        (0.05239976 -0.001000 -0.02875562)
        (0.05277691 -0.001000 -0.02885323)
        (0.05315417 -0.001000 -0.02895045)
        (0.05353152 -0.001000 -0.02904728)
        (0.05390897 -0.001000 -0.02914373)
        (0.05428652 -0.001000 -0.02923979)
        (0.05466417 -0.001000 -0.02933548)
        (0.05504191 -0.001000 -0.02943079)
        (0.05541975 -0.001000 -0.02952573)
        (0.05579767 -0.001000 -0.02962031)
        (0.05617569 -0.001000 -0.02971452)
        (0.05655380 -0.001000 -0.02980837)
        (0.05693200 -0.001000 -0.02990186)
        (0.05731028 -0.001000 -0.02999501)
        (0.05768865 -0.001000 -0.03008780)
        (0.05806710 -0.001000 -0.03018024)
        (0.05844564 -0.001000 -0.03027235)
        (0.05882426 -0.001000 -0.03036411)
        (0.05920295 -0.001000 -0.03045554)
        (0.05958173 -0.001000 -0.03054664)
        (0.05996059 -0.001000 -0.03063740)
        (0.06033952 -0.001000 -0.03072784)
        (0.06071853 -0.001000 -0.03081795)
        (0.06109762 -0.001000 -0.03090774)
        (0.06147679 -0.001000 -0.03099721)
        (0.06185603 -0.001000 -0.03108636)
        (0.06223534 -0.001000 -0.03117519)
        (0.06261472 -0.001000 -0.03126371)
        (0.06299418 -0.001000 -0.03135191)
        (0.06337371 -0.001000 -0.03143980)
        (0.06375332 -0.001000 -0.03152739)
        (0.06413299 -0.001000 -0.03161467)
        (0.06451273 -0.001000 -0.03170165)
        (0.06489254 -0.001000 -0.03178833)
        (0.06527242 -0.001000 -0.03187471)
        (0.06565237 -0.001000 -0.03196079)
        (0.06603238 -0.001000 -0.03204658)
        (0.06641246 -0.001000 -0.03213207)
        (0.06679260 -0.001000 -0.03221728)
        (0.06717281 -0.001000 -0.03230219)
        (0.06755308 -0.001000 -0.03238683)
        (0.06793342 -0.001000 -0.03247118)
        (0.06831382 -0.001000 -0.03255524)
        (0.06869428 -0.001000 -0.03263903)
        (0.06907480 -0.001000 -0.03272255)
        (0.06945538 -0.001000 -0.03280579)
        (0.06983602 -0.001000 -0.03288876)
        (0.07021671 -0.001000 -0.03297145)
        (0.07059747 -0.001000 -0.03305388)
        (0.07097828 -0.001000 -0.03313605)
        (0.07135915 -0.001000 -0.03321795)
        (0.07174007 -0.001000 -0.03329960)
        (0.07212105 -0.001000 -0.03338098)
        (0.07250208 -0.001000 -0.03346210)
        (0.07288317 -0.001000 -0.03354297)
        (0.07326431 -0.001000 -0.03362358)
        (0.07364551 -0.001000 -0.03370394)
        (0.07402676 -0.001000 -0.03378405)
        (0.07440806 -0.001000 -0.03386391)
        (0.07478941 -0.001000 -0.03394351)
        (0.07517081 -0.001000 -0.03402288)
        (0.07555227 -0.001000 -0.03410199)
        (0.07593378 -0.001000 -0.03418086)
        (0.07631533 -0.001000 -0.03425949)
        (0.07669694 -0.001000 -0.03433787)
        (0.07707859 -0.001000 -0.03441602)
        (0.07746030 -0.001000 -0.03449393)
        (0.07784205 -0.001000 -0.03457160)
        (0.07822385 -0.001000 -0.03464904)
        (0.07860569 -0.001000 -0.03472624)
        (0.07898759 -0.001000 -0.03480321)
        (0.07936953 -0.001000 -0.03487995)
        (0.07975152 -0.001000 -0.03495645)
        (0.08013355 -0.001000 -0.03503274)
        (0.08051563 -0.001000 -0.03510879)
        (0.08089775 -0.001000 -0.03518462)
        (0.08127991 -0.001000 -0.03526023)
        (0.08166212 -0.001000 -0.03533562)
        (0.08204438 -0.001000 -0.03541078)
        (0.08242667 -0.001000 -0.03548573)
        (0.08280901 -0.001000 -0.03556046)
        (0.08319139 -0.001000 -0.03563497)
        (0.08357382 -0.001000 -0.03570927)
        (0.08395628 -0.001000 -0.03578336)
        (0.08433878 -0.001000 -0.03585723)
        (0.08472133 -0.001000 -0.03593090)
        (0.08510391 -0.001000 -0.03600436)
        (0.08548654 -0.001000 -0.03607761)
        (0.08586920 -0.001000 -0.03615065)
        (0.08625190 -0.001000 -0.03622349)
        (0.08663464 -0.001000 -0.03629612)
        (0.08701742 -0.001000 -0.03636855)
        (0.08740024 -0.001000 -0.03644078)
        (0.08778309 -0.001000 -0.03651280)
        (0.08816599 -0.001000 -0.03658463)
        (0.08854892 -0.001000 -0.03665626)
        (0.08893188 -0.001000 -0.03672768)
        (0.08931489 -0.001000 -0.03679892)
        (0.08969793 -0.001000 -0.03686995)
        (0.09008100 -0.001000 -0.03694079)
        (0.09046411 -0.001000 -0.03701144)
        (0.09084726 -0.001000 -0.03708189)
        (0.09123044 -0.001000 -0.03715215)
        (0.09161366 -0.001000 -0.03722223)
        (0.09199691 -0.001000 -0.03729211)
        (0.09238020 -0.001000 -0.03736180)
        (0.09276352 -0.001000 -0.03743130)
        (0.09314688 -0.001000 -0.03750062)
        (0.09353027 -0.001000 -0.03756976)
        (0.09391369 -0.001000 -0.03763870)
        (0.09429714 -0.001000 -0.03770747)
        (0.09468063 -0.001000 -0.03777605)
        (0.09506415 -0.001000 -0.03784445)
        (0.09544770 -0.001000 -0.03791268)
        (0.09583129 -0.001000 -0.03798072)
        (0.09621490 -0.001000 -0.03804858)
        (0.09659855 -0.001000 -0.03811627)
        (0.09698222 -0.001000 -0.03818378)
        (0.09736593 -0.001000 -0.03825112)
        (0.09774967 -0.001000 -0.03831828)
        (0.09813344 -0.001000 -0.03838527)
        (0.09851724 -0.001000 -0.03845209)
        (0.09890106 -0.001000 -0.03851873)
        (0.09928492 -0.001000 -0.03858521)
        (0.09966881 -0.001000 -0.03865152)
        (0.10005272 -0.001000 -0.03871766)
        (0.10043667 -0.001000 -0.03878363)
        (0.10082064 -0.001000 -0.03884943)
        (0.10120464 -0.001000 -0.03891506)
        (0.10158867 -0.001000 -0.03898053)
        (0.10197273 -0.001000 -0.03904583)
        (0.10235682 -0.001000 -0.03911097)
        (0.10274093 -0.001000 -0.03917594)
        (0.10312507 -0.001000 -0.03924075)
        (0.10350924 -0.001000 -0.03930540)
        (0.10389344 -0.001000 -0.03936988)
        (0.10427766 -0.001000 -0.03943420)
        (0.10466191 -0.001000 -0.03949836)
        (0.10504619 -0.001000 -0.03956236)
        (0.10543049 -0.001000 -0.03962619)
        (0.10581482 -0.001000 -0.03968987)
        (0.10619918 -0.001000 -0.03975339)
        (0.10658357 -0.001000 -0.03981675)
        (0.10696797 -0.001000 -0.03987995)
        (0.10735241 -0.001000 -0.03994300)
        (0.10773687 -0.001000 -0.04000589)
        (0.10812136 -0.001000 -0.04006862)
        (0.10850587 -0.001000 -0.04013120)
        (0.10889041 -0.001000 -0.04019362)
        (0.10927497 -0.001000 -0.04025589)
        (0.10965955 -0.001000 -0.04031800)
        (0.11004416 -0.001000 -0.04037996)
        (0.11042880 -0.001000 -0.04044177)
        (0.11081346 -0.001000 -0.04050343)
        (0.11119814 -0.001000 -0.04056494)
        (0.11158285 -0.001000 -0.04062630)
        (0.11196759 -0.001000 -0.04068750)
        (0.11235234 -0.001000 -0.04074856)
        (0.11273712 -0.001000 -0.04080947)
        (0.11312192 -0.001000 -0.04087023)
        (0.11350675 -0.001000 -0.04093085)
        (0.11389160 -0.001000 -0.04099132)
        (0.11427647 -0.001000 -0.04105164)
        (0.11466136 -0.001000 -0.04111181)
        (0.11504628 -0.001000 -0.04117184)
        (0.11543122 -0.001000 -0.04123173)
        (0.11581618 -0.001000 -0.04129147)
        (0.11620117 -0.001000 -0.04135107)
        (0.11658617 -0.001000 -0.04141052)
        (0.11697120 -0.001000 -0.04146983)
        (0.11735625 -0.001000 -0.04152900)
        (0.11774132 -0.001000 -0.04158802)
        (0.11812642 -0.001000 -0.04164690)
        (0.11851153 -0.001000 -0.04170564)
        (0.11889667 -0.001000 -0.04176424)
        (0.11928183 -0.001000 -0.04182270)
        (0.11966701 -0.001000 -0.04188102)
        (0.12005221 -0.001000 -0.04193920)
        (0.12043743 -0.001000 -0.04199724)
        (0.12082267 -0.001000 -0.04205514)
        (0.12120794 -0.001000 -0.04211290)
        (0.12159322 -0.001000 -0.04217052)
        (0.12197853 -0.001000 -0.04222800)
        (0.12236385 -0.001000 -0.04228535)
        (0.12274920 -0.001000 -0.04234256)
        (0.12313456 -0.001000 -0.04239964)
        (0.12351995 -0.001000 -0.04245657)
        (0.12390536 -0.001000 -0.04251338)
        (0.12429078 -0.001000 -0.04257004)
        (0.12467623 -0.001000 -0.04262657)
        (0.12506170 -0.001000 -0.04268297)
        (0.12544718 -0.001000 -0.04273924)
        (0.12583269 -0.001000 -0.04279537)
        (0.12621821 -0.001000 -0.04285136)
        (0.12660375 -0.001000 -0.04290723)
        (0.12698932 -0.001000 -0.04296296)
        (0.12737490 -0.001000 -0.04301856)
        (0.12776050 -0.001000 -0.04307402)
        (0.12814612 -0.001000 -0.04312936)
        (0.12853176 -0.001000 -0.04318457)
        (0.12891741 -0.001000 -0.04323964)
        (0.12930309 -0.001000 -0.04329459)
        (0.12968878 -0.001000 -0.04334940)
        (0.13007449 -0.001000 -0.04340409)
        (0.13046022 -0.001000 -0.04345865)
        (0.13084597 -0.001000 -0.04351308)
        (0.13123174 -0.001000 -0.04356738)
        (0.13161752 -0.001000 -0.04362156)
        (0.13200332 -0.001000 -0.04367561)
        (0.13238914 -0.001000 -0.04372953)
        (0.13277498 -0.001000 -0.04378332)
        (0.13316083 -0.001000 -0.04383699)
        (0.13354671 -0.001000 -0.04389054)
        (0.13393259 -0.001000 -0.04394396)
        (0.13431850 -0.001000 -0.04399725)
        (0.13470442 -0.001000 -0.04405042)
        (0.13509036 -0.001000 -0.04410347)
        (0.13547632 -0.001000 -0.04415639)
        (0.13586230 -0.001000 -0.04420919)
        (0.13624829 -0.001000 -0.04426187)
        (0.13663429 -0.001000 -0.04431443)
        (0.13702032 -0.001000 -0.04436686)
        (0.13740636 -0.001000 -0.04441917)
        (0.13779242 -0.001000 -0.04447136)
        (0.13817849 -0.001000 -0.04452344)
        (0.13856458 -0.001000 -0.04457539)
        (0.13895069 -0.001000 -0.04462722)
        (0.13933681 -0.001000 -0.04467893)
        (0.13972294 -0.001000 -0.04473052)
        (0.14010910 -0.001000 -0.04478200)
        (0.14049527 -0.001000 -0.04483336)
        (0.14088145 -0.001000 -0.04488460)
        (0.14126765 -0.001000 -0.04493572)
        (0.14165387 -0.001000 -0.04498672)
        (0.14204010 -0.001000 -0.04503761)
        (0.14242635 -0.001000 -0.04508838)
        (0.14281261 -0.001000 -0.04513904)
        (0.14319889 -0.001000 -0.04518958)
        (0.14358518 -0.001000 -0.04524001)
        (0.14397148 -0.001000 -0.04529032)
        (0.14435781 -0.001000 -0.04534052)
        (0.14474414 -0.001000 -0.04539061)
        (0.14513049 -0.001000 -0.04544058)
        (0.14551686 -0.001000 -0.04549044)
        (0.14590324 -0.001000 -0.04554018)
        (0.14628963 -0.001000 -0.04558982)
        (0.14667604 -0.001000 -0.04563934)
        (0.14706246 -0.001000 -0.04568875)
        (0.14744890 -0.001000 -0.04573805)
        (0.14783535 -0.001000 -0.04578724)
        (0.14822182 -0.001000 -0.04583632)
        (0.14860829 -0.001000 -0.04588529)
        (0.14899479 -0.001000 -0.04593415)
        (0.14938129 -0.001000 -0.04598290)
        (0.14976781 -0.001000 -0.04603154)
        (0.15015435 -0.001000 -0.04608007)
        (0.15054090 -0.001000 -0.04612849)
        (0.15092746 -0.001000 -0.04617680)
        (0.15131403 -0.001000 -0.04622501)
        (0.15170062 -0.001000 -0.04627310)
        (0.15208722 -0.001000 -0.04632109)
        (0.15247384 -0.001000 -0.04636897)
        (0.15286046 -0.001000 -0.04641675)
        (0.15324711 -0.001000 -0.04646441)
        (0.15363376 -0.001000 -0.04651197)
        (0.15402043 -0.001000 -0.04655942)
        (0.15440711 -0.001000 -0.04660677)
        (0.15479380 -0.001000 -0.04665401)
        (0.15518051 -0.001000 -0.04670114)
        (0.15556723 -0.001000 -0.04674817)
        (0.15595396 -0.001000 -0.04679509)
        (0.15634071 -0.001000 -0.04684190)
        (0.15672747 -0.001000 -0.04688861)
        (0.15711424 -0.001000 -0.04693522)
        (0.15750102 -0.001000 -0.04698172)
        (0.15788782 -0.001000 -0.04702812)
        (0.15827462 -0.001000 -0.04707441)
        (0.15866144 -0.001000 -0.04712060)
        (0.15904828 -0.001000 -0.04716669)
        (0.15943512 -0.001000 -0.04721267)
        (0.15982198 -0.001000 -0.04725855)
        (0.16020885 -0.001000 -0.04730433)
        (0.16059573 -0.001000 -0.04735001)
        (0.16098263 -0.001000 -0.04739558)
        (0.16136953 -0.001000 -0.04744105)
        (0.16175645 -0.001000 -0.04748642)
        (0.16214338 -0.001000 -0.04753169)
        (0.16253032 -0.001000 -0.04757685)
        (0.16291727 -0.001000 -0.04762192)
        (0.16330424 -0.001000 -0.04766688)
        (0.16369122 -0.001000 -0.04771174)
        (0.16407820 -0.001000 -0.04775651)
        (0.16446520 -0.001000 -0.04780117)
        (0.16485222 -0.001000 -0.04784574)
        (0.16523924 -0.001000 -0.04789020)
        (0.16562627 -0.001000 -0.04793456)
        (0.16601332 -0.001000 -0.04797883)
        (0.16640037 -0.001000 -0.04802299)
        (0.16678744 -0.001000 -0.04806706)
        (0.16717452 -0.001000 -0.04811103)
        (0.16756161 -0.001000 -0.04815490)
        (0.16794871 -0.001000 -0.04819867)
        (0.16833583 -0.001000 -0.04824235)
        (0.16872295 -0.001000 -0.04828592)
        (0.16911008 -0.001000 -0.04832940)
        (0.16949723 -0.001000 -0.04837278)
        (0.16988439 -0.001000 -0.04841606)
        (0.17027155 -0.001000 -0.04845925)
        (0.17065873 -0.001000 -0.04850233)
        (0.17104592 -0.001000 -0.04854532)
        (0.17143312 -0.001000 -0.04858822)
        (0.17182033 -0.001000 -0.04863102)
        (0.17220755 -0.001000 -0.04867372)
        (0.17259478 -0.001000 -0.04871632)
        (0.17298202 -0.001000 -0.04875883)
        (0.17336928 -0.001000 -0.04880124)
        (0.17375654 -0.001000 -0.04884356)
        (0.17414381 -0.001000 -0.04888578)
        (0.17453110 -0.001000 -0.04892791)
        (0.17491839 -0.001000 -0.04896994)
        (0.17530570 -0.001000 -0.04901188)
        (0.17569301 -0.001000 -0.04905372)
        (0.17608034 -0.001000 -0.04909547)
        (0.17646767 -0.001000 -0.04913712)
        (0.17685502 -0.001000 -0.04917868)
        (0.17724237 -0.001000 -0.04922014)
        (0.17762974 -0.001000 -0.04926151)
        (0.17801711 -0.001000 -0.04930279)
        (0.17840450 -0.001000 -0.04934397)
        (0.17879190 -0.001000 -0.04938506)
        (0.17917930 -0.001000 -0.04942606)
        (0.17956672 -0.001000 -0.04946696)
        (0.17995414 -0.001000 -0.04950777)
        (0.18034158 -0.001000 -0.04954849)
        (0.18072902 -0.001000 -0.04958911)
        (0.18111647 -0.001000 -0.04962965)
        (0.18150394 -0.001000 -0.04967009)
        (0.18189141 -0.001000 -0.04971044)
        (0.18227889 -0.001000 -0.04975070)
        (0.18266639 -0.001000 -0.04979086)
        (0.18305389 -0.001000 -0.04983094)
        (0.18344140 -0.001000 -0.04987092)
        (0.18382892 -0.001000 -0.04991081)
        (0.18421645 -0.001000 -0.04995061)
        (0.18460399 -0.001000 -0.04999032)
        (0.18499154 -0.001000 -0.05002994)
        (0.18537909 -0.001000 -0.05006947)
        (0.18576666 -0.001000 -0.05010891)
        (0.18615424 -0.001000 -0.05014826)
        (0.18654182 -0.001000 -0.05018751)
        (0.18692942 -0.001000 -0.05022668)
        (0.18731702 -0.001000 -0.05026576)
        (0.18770463 -0.001000 -0.05030475)
        (0.18809225 -0.001000 -0.05034364)
        (0.18847988 -0.001000 -0.05038245)
        (0.18886752 -0.001000 -0.05042117)
        (0.18925517 -0.001000 -0.05045980)
        (0.18964283 -0.001000 -0.05049833)
        (0.19003049 -0.001000 -0.05053678)
        (0.19041817 -0.001000 -0.05057514)
        (0.19080585 -0.001000 -0.05061341)
        (0.19119355 -0.001000 -0.05065160)
        (0.19158125 -0.001000 -0.05068969)
        (0.19196896 -0.001000 -0.05072769)
        (0.19235668 -0.001000 -0.05076561)
        (0.19274440 -0.001000 -0.05080344)
        (0.19313214 -0.001000 -0.05084118)
        (0.19351988 -0.001000 -0.05087883)
        (0.19390764 -0.001000 -0.05091639)
        (0.19429540 -0.001000 -0.05095386)
        (0.19468317 -0.001000 -0.05099125)
        (0.19507095 -0.001000 -0.05102855)
        (0.19545873 -0.001000 -0.05106576)
        (0.19584653 -0.001000 -0.05110288)
        (0.19623433 -0.001000 -0.05113992)
        (0.19662215 -0.001000 -0.05117686)
        (0.19700997 -0.001000 -0.05121372)
        (0.19739780 -0.001000 -0.05125050)
        (0.19778563 -0.001000 -0.05128718)
        (0.19817348 -0.001000 -0.05132378)
        (0.19856133 -0.001000 -0.05136030)
        (0.19894919 -0.001000 -0.05139672)
        (0.19933706 -0.001000 -0.05143306)
        (0.19972494 -0.001000 -0.05146931)
        (0.20011283 -0.001000 -0.05150548)
        (0.20050072 -0.001000 -0.05154156)
        (0.20088862 -0.001000 -0.05157755)
        (0.20127653 -0.001000 -0.05161346)
        (0.20166445 -0.001000 -0.05164928)
        (0.20205237 -0.001000 -0.05168502)
        (0.20244031 -0.001000 -0.05172067)
        (0.20282825 -0.001000 -0.05175624)
        (0.20321620 -0.001000 -0.05179171)
        (0.20360415 -0.001000 -0.05182711)
        (0.20399212 -0.001000 -0.05186242)
        (0.20438009 -0.001000 -0.05189764)
        (0.20476807 -0.001000 -0.05193278)
        (0.20515606 -0.001000 -0.05196783)
        (0.20554405 -0.001000 -0.05200280)
        (0.20593206 -0.001000 -0.05203769)
        (0.20632007 -0.001000 -0.05207249)
        (0.20670808 -0.001000 -0.05210721)
        (0.20709611 -0.001000 -0.05214184)
        (0.20748414 -0.001000 -0.05217639)
        (0.20787218 -0.001000 -0.05221085)
        (0.20826023 -0.001000 -0.05224524)
        (0.20864829 -0.001000 -0.05227954)
        (0.20903635 -0.001000 -0.05231375)
        (0.20942442 -0.001000 -0.05234788)
        (0.20981249 -0.001000 -0.05238193)
        (0.21020058 -0.001000 -0.05241590)
        (0.21058867 -0.001000 -0.05244978)
        (0.21097677 -0.001000 -0.05248358)
        (0.21136488 -0.001000 -0.05251730)
        (0.21175299 -0.001000 -0.05255094)
        (0.21214111 -0.001000 -0.05258449)
        (0.21252924 -0.001000 -0.05261797)
        (0.21291737 -0.001000 -0.05265136)
        (0.21330551 -0.001000 -0.05268467)
        (0.21369366 -0.001000 -0.05271789)
        (0.21408182 -0.001000 -0.05275104)
        (0.21446998 -0.001000 -0.05278411)
        (0.21485815 -0.001000 -0.05281709)
        (0.21524632 -0.001000 -0.05284999)
        (0.21563451 -0.001000 -0.05288282)
        (0.21602270 -0.001000 -0.05291556)
        (0.21641089 -0.001000 -0.05294822)
        (0.21679910 -0.001000 -0.05298080)
        (0.21718731 -0.001000 -0.05301330)
        (0.21757552 -0.001000 -0.05304572)
        (0.21796375 -0.001000 -0.05307807)
        (0.21835198 -0.001000 -0.05311033)
        (0.21874021 -0.001000 -0.05314251)
        (0.21912846 -0.001000 -0.05317461)
        (0.21951671 -0.001000 -0.05320663)
        (0.21990496 -0.001000 -0.05323858)
        (0.22029323 -0.001000 -0.05327044)
        (0.22068149 -0.001000 -0.05330223)
        (0.22106977 -0.001000 -0.05333394)
        (0.22145805 -0.001000 -0.05336557)
        (0.22184634 -0.001000 -0.05339712)
        (0.22223464 -0.001000 -0.05342859)
        (0.22262294 -0.001000 -0.05345998)
        (0.22301124 -0.001000 -0.05349130)
        (0.22339956 -0.001000 -0.05352254)
        (0.22378788 -0.001000 -0.05355370)
        (0.22417620 -0.001000 -0.05358478)
        (0.22456454 -0.001000 -0.05361578)
        (0.22495287 -0.001000 -0.05364671)
        (0.22534122 -0.001000 -0.05367756)
        (0.22572957 -0.001000 -0.05370833)
        (0.22611793 -0.001000 -0.05373902)
        (0.22650629 -0.001000 -0.05376963)
        (0.22689466 -0.001000 -0.05380017)
        (0.22728304 -0.001000 -0.05383063)
        (0.22767142 -0.001000 -0.05386101)
        (0.22805981 -0.001000 -0.05389131)
        (0.22844820 -0.001000 -0.05392153)
        (0.22883660 -0.001000 -0.05395168)
        (0.22922500 -0.001000 -0.05398175)
        (0.22961342 -0.001000 -0.05401174)
        (0.23000183 -0.001000 -0.05404165)
        (0.23039026 -0.001000 -0.05407148)
        (0.23077869 -0.001000 -0.05410124)
        (0.23116712 -0.001000 -0.05413092)
        (0.23155557 -0.001000 -0.05416052)
        (0.23194401 -0.001000 -0.05419004)
        (0.23233247 -0.001000 -0.05421949)
        (0.23272093 -0.001000 -0.05424886)
        (0.23310939 -0.001000 -0.05427814)
        (0.23349786 -0.001000 -0.05430736)
        (0.23388634 -0.001000 -0.05433649)
        (0.23427482 -0.001000 -0.05436555)
        (0.23466331 -0.001000 -0.05439453)
        (0.23505181 -0.001000 -0.05442343)
        (0.23544031 -0.001000 -0.05445225)
        (0.23582881 -0.001000 -0.05448100)
        (0.23621732 -0.001000 -0.05450966)
        (0.23660584 -0.001000 -0.05453825)
        (0.23699436 -0.001000 -0.05456677)
        (0.23738289 -0.001000 -0.05459520)
        (0.23777143 -0.001000 -0.05462356)
        (0.23815997 -0.001000 -0.05465184)
        (0.23854851 -0.001000 -0.05468004)
        (0.23893706 -0.001000 -0.05470816)
        (0.23932562 -0.001000 -0.05473621)
        (0.23971418 -0.001000 -0.05476418)
        (0.24010275 -0.001000 -0.05479207)
        (0.24049133 -0.001000 -0.05481989)
        (0.24087990 -0.001000 -0.05484762)
        (0.24126849 -0.001000 -0.05487528)
        (0.24165708 -0.001000 -0.05490286)
        (0.24204568 -0.001000 -0.05493037)
        (0.24243428 -0.001000 -0.05495779)
        (0.24282288 -0.001000 -0.05498514)
        (0.24321150 -0.001000 -0.05501241)
        (0.24360011 -0.001000 -0.05503961)
        (0.24398874 -0.001000 -0.05506672)
        (0.24437736 -0.001000 -0.05509376)
        (0.24476600 -0.001000 -0.05512072)
        (0.24515464 -0.001000 -0.05514761)
        (0.24554328 -0.001000 -0.05517441)
        (0.24593193 -0.001000 -0.05520114)
        (0.24632059 -0.001000 -0.05522780)
        (0.24670925 -0.001000 -0.05525437)
        (0.24709791 -0.001000 -0.05528087)
        (0.24748658 -0.001000 -0.05530729)
        (0.24787526 -0.001000 -0.05533363)
        (0.24826394 -0.001000 -0.05535989)
        (0.24865263 -0.001000 -0.05538608)
        (0.24904132 -0.001000 -0.05541219)
        (0.24943002 -0.001000 -0.05543822)
        (0.24981872 -0.001000 -0.05546418)
        (0.25020743 -0.001000 -0.05549006)
        (0.25059614 -0.001000 -0.05551586)
        (0.25098486 -0.001000 -0.05554158)
        (0.25137358 -0.001000 -0.05556723)
        (0.25176231 -0.001000 -0.05559280)
        (0.25215104 -0.001000 -0.05561829)
        (0.25253978 -0.001000 -0.05564370)
        (0.25292852 -0.001000 -0.05566904)
        (0.25331727 -0.001000 -0.05569430)
        (0.25370602 -0.001000 -0.05571948)
        (0.25409478 -0.001000 -0.05574458)
        (0.25448355 -0.001000 -0.05576961)
        (0.25487231 -0.001000 -0.05579456)
        (0.25526109 -0.001000 -0.05581944)
        (0.25564987 -0.001000 -0.05584423)
        (0.25603865 -0.001000 -0.05586895)
        (0.25642744 -0.001000 -0.05589359)
        (0.25681623 -0.001000 -0.05591816)
        (0.25720503 -0.001000 -0.05594264)
        (0.25759383 -0.001000 -0.05596705)
        (0.25798264 -0.001000 -0.05599138)
        (0.25837145 -0.001000 -0.05601564)
        (0.25876027 -0.001000 -0.05603982)
        (0.25914909 -0.001000 -0.05606392)
        (0.25953792 -0.001000 -0.05608794)
        (0.25992675 -0.001000 -0.05611189)
        (0.26031558 -0.001000 -0.05613576)
        (0.26070442 -0.001000 -0.05615955)
        (0.26109327 -0.001000 -0.05618326)
        (0.26148212 -0.001000 -0.05620690)
        (0.26187098 -0.001000 -0.05623046)
        (0.26225984 -0.001000 -0.05625394)
        (0.26264870 -0.001000 -0.05627735)
        (0.26303757 -0.001000 -0.05630068)
        (0.26342644 -0.001000 -0.05632393)
        (0.26381532 -0.001000 -0.05634711)
        (0.26420420 -0.001000 -0.05637020)
        (0.26459309 -0.001000 -0.05639322)
        (0.26498198 -0.001000 -0.05641617)
        (0.26537088 -0.001000 -0.05643903)
        (0.26575978 -0.001000 -0.05646182)
        (0.26614869 -0.001000 -0.05648453)
        (0.26653760 -0.001000 -0.05650716)
        (0.26692651 -0.001000 -0.05652972)
        (0.26731543 -0.001000 -0.05655220)
        (0.26770436 -0.001000 -0.05657459)
        (0.26809329 -0.001000 -0.05659691)
        (0.26848222 -0.001000 -0.05661915)
        (0.26887116 -0.001000 -0.05664132)
        (0.26926010 -0.001000 -0.05666340)
        (0.26964904 -0.001000 -0.05668540)
        (0.27003800 -0.001000 -0.05670733)
        (0.27042695 -0.001000 -0.05672917)
        (0.27081591 -0.001000 -0.05675094)
        (0.27120488 -0.001000 -0.05677262)
        (0.27159384 -0.001000 -0.05679423)
        (0.27198282 -0.001000 -0.05681576)
        (0.27237179 -0.001000 -0.05683720)
        (0.27276078 -0.001000 -0.05685857)
        (0.27314976 -0.001000 -0.05687985)
        (0.27353875 -0.001000 -0.05690105)
        (0.27392775 -0.001000 -0.05692217)
        (0.27431675 -0.001000 -0.05694322)
        (0.27470575 -0.001000 -0.05696418)
        (0.27509476 -0.001000 -0.05698505)
        (0.27548377 -0.001000 -0.05700585)
        (0.27587279 -0.001000 -0.05702657)
        (0.27626181 -0.001000 -0.05704720)
        (0.27665084 -0.001000 -0.05706775)
        (0.27703987 -0.001000 -0.05708822)
        (0.27742890 -0.001000 -0.05710861)
        (0.27781794 -0.001000 -0.05712891)
        (0.27820699 -0.001000 -0.05714913)
        (0.27859603 -0.001000 -0.05716927)
        (0.27898508 -0.001000 -0.05718932)
        (0.27937414 -0.001000 -0.05720930)
        (0.27976320 -0.001000 -0.05722919)
        (0.28015227 -0.001000 -0.05724899)
        (0.28054133 -0.001000 -0.05726871)
        (0.28093041 -0.001000 -0.05728835)
        (0.28131948 -0.001000 -0.05730790)
        (0.28170857 -0.001000 -0.05732737)
        (0.28209765 -0.001000 -0.05734676)
        (0.28248674 -0.001000 -0.05736606)
        (0.28287584 -0.001000 -0.05738527)
        (0.28326493 -0.001000 -0.05740440)
        (0.28365404 -0.001000 -0.05742345)
        (0.28404314 -0.001000 -0.05744241)
        (0.28443225 -0.001000 -0.05746129)
        (0.28482137 -0.001000 -0.05748008)
        (0.28521049 -0.001000 -0.05749878)
        (0.28559961 -0.001000 -0.05751740)
        (0.28598874 -0.001000 -0.05753593)
        (0.28637787 -0.001000 -0.05755438)
        (0.28676701 -0.001000 -0.05757274)
        (0.28715615 -0.001000 -0.05759101)
        (0.28754529 -0.001000 -0.05760920)
        (0.28793444 -0.001000 -0.05762730)
        (0.28832359 -0.001000 -0.05764531)
        (0.28871275 -0.001000 -0.05766324)
        (0.28910191 -0.001000 -0.05768107)
        (0.28949107 -0.001000 -0.05769882)
        (0.28988024 -0.001000 -0.05771648)
        (0.29026941 -0.001000 -0.05773406)
        (0.29065859 -0.001000 -0.05775154)
        (0.29104777 -0.001000 -0.05776894)
        (0.29143696 -0.001000 -0.05778624)
        (0.29182615 -0.001000 -0.05780346)
        (0.29221534 -0.001000 -0.05782059)
        (0.29260453 -0.001000 -0.05783762)
        (0.29299373 -0.001000 -0.05785457)
        (0.29338294 -0.001000 -0.05787143)
        (0.29377215 -0.001000 -0.05788819)
        (0.29416136 -0.001000 -0.05790487)
        (0.29455057 -0.001000 -0.05792145)
        (0.29493979 -0.001000 -0.05793794)
        (0.29532902 -0.001000 -0.05795435)
        (0.29571825 -0.001000 -0.05797066)
        (0.29610748 -0.001000 -0.05798687)
        (0.29649671 -0.001000 -0.05800300)
        (0.29688595 -0.001000 -0.05801903)
        (0.29727519 -0.001000 -0.05803497)
        (0.29766444 -0.001000 -0.05805082)
        (0.29805369 -0.001000 -0.05806657)
        (0.29844295 -0.001000 -0.05808224)
        (0.29883220 -0.001000 -0.05809780)
        (0.29922147 -0.001000 -0.05811328)
        (0.29961073 -0.001000 -0.05812866)
    )
    polyLine 16 19
    (
        (0.00000969 0.001000 -0.00039097)
        (0.00003807 0.001000 -0.00078119)
        (0.00008453 0.001000 -0.00116993)
        (0.00014847 0.001000 -0.00155645)
        (0.00022927 0.001000 -0.00194002)
        (0.00032632 0.001000 -0.00231989)
        (0.00043902 0.001000 -0.00269532)
        (0.00056675 0.001000 -0.00306559)
        (0.00070890 0.001000 -0.00343001)
        (0.00086474 0.001000 -0.00378835)
        (0.00103347 0.001000 -0.00414065)
        (0.00121432 0.001000 -0.00448693)
        (0.00140651 0.001000 -0.00482722)
        (0.00160924 0.001000 -0.00516155)
        (0.00182173 0.001000 -0.00548994)
        (0.00204320 0.001000 -0.00581242)
        (0.00227286 0.001000 -0.00612903)
        (0.00250994 0.001000 -0.00643978)
        (0.00275384 0.001000 -0.00674478)
        (0.00300423 0.001000 -0.00704417)
        (0.00326077 0.001000 -0.00733814)
        (0.00352313 0.001000 -0.00762685)
        (0.00379099 0.001000 -0.00791047)
        (0.00406400 0.001000 -0.00818917)
        (0.00434184 0.001000 -0.00846310)
        (0.00462418 0.001000 -0.00873245)
        (0.00491068 0.001000 -0.00899739)
        (0.00520102 0.001000 -0.00925806)
        (0.00549486 0.001000 -0.00951466)
        (0.00579194 0.001000 -0.00976732)
        (0.00609214 0.001000 -0.01001615)
        (0.00639531 0.001000 -0.01026126)
        (0.00670133 0.001000 -0.01050275)
        (0.00701009 0.001000 -0.01074073)
        (0.00732145 0.001000 -0.01097530)
        (0.00763530 0.001000 -0.01120657)
        (0.00795149 0.001000 -0.01143464)
        (0.00826992 0.001000 -0.01165962)
        (0.00859046 0.001000 -0.01188162)
        (0.00891297 0.001000 -0.01210073)
        (0.00923734 0.001000 -0.01231707)
        (0.00956344 0.001000 -0.01253074)
        (0.00989115 0.001000 -0.01274183)
        (0.01022042 0.001000 -0.01295042)
        (0.01055118 0.001000 -0.01315657)
        (0.01088339 0.001000 -0.01336033)
        (0.01121701 0.001000 -0.01356175)
        (0.01155198 0.001000 -0.01376090)
        (0.01188826 0.001000 -0.01395783)
        (0.01222581 0.001000 -0.01415259)
        (0.01256456 0.001000 -0.01434525)
        (0.01290448 0.001000 -0.01453586)
        (0.01324552 0.001000 -0.01472447)
        (0.01358763 0.001000 -0.01491115)
        (0.01393076 0.001000 -0.01509595)
        (0.01427487 0.001000 -0.01527892)
        (0.01461990 0.001000 -0.01546012)
        (0.01496581 0.001000 -0.01563962)
        (0.01531255 0.001000 -0.01581745)
        (0.01566011 0.001000 -0.01599367)
        (0.01600845 0.001000 -0.01616828)
        (0.01635757 0.001000 -0.01634133)
        (0.01670744 0.001000 -0.01651284)
        (0.01705805 0.001000 -0.01668283)
        (0.01740936 0.001000 -0.01685135)
        (0.01776137 0.001000 -0.01701841)
        (0.01811406 0.001000 -0.01718404)
        (0.01846740 0.001000 -0.01734828)
        (0.01882138 0.001000 -0.01751115)
        (0.01917597 0.001000 -0.01767267)
        (0.01953116 0.001000 -0.01783289)
        (0.01988693 0.001000 -0.01799182)
        (0.02024326 0.001000 -0.01814949)
        (0.02060013 0.001000 -0.01830594)
        (0.02095752 0.001000 -0.01846119)
        (0.02131541 0.001000 -0.01861526)
        (0.02167378 0.001000 -0.01876820)
        (0.02203262 0.001000 -0.01892001)
        (0.02239191 0.001000 -0.01907073)
        (0.02275166 0.001000 -0.01922035)
        (0.02311184 0.001000 -0.01936891)
        (0.02347246 0.001000 -0.01951640)
        (0.02383349 0.001000 -0.01966286)
        (0.02419494 0.001000 -0.01980830)
        (0.02455680 0.001000 -0.01995272)
        (0.02491904 0.001000 -0.02009616)
        (0.02528168 0.001000 -0.02023861)
        (0.02564469 0.001000 -0.02038011)
        (0.02600807 0.001000 -0.02052066)
        (0.02637181 0.001000 -0.02066028)
        (0.02673590 0.001000 -0.02079899)
        (0.02710034 0.001000 -0.02093680)
        (0.02746510 0.001000 -0.02107373)
        (0.02783019 0.001000 -0.02120980)
        (0.02819559 0.001000 -0.02134501)
        (0.02856130 0.001000 -0.02147939)
        (0.02892731 0.001000 -0.02161295)
        (0.02929361 0.001000 -0.02174571)
        (0.02966018 0.001000 -0.02187768)
        (0.03002703 0.001000 -0.02200887)
        (0.03039416 0.001000 -0.02213930)
        (0.03076155 0.001000 -0.02226896)
        (0.03112920 0.001000 -0.02239786)
        (0.03149711 0.001000 -0.02252603)
        (0.03186528 0.001000 -0.02265345)
        (0.03223369 0.001000 -0.02278016)
        (0.03260236 0.001000 -0.02290614)
        (0.03297126 0.001000 -0.02303142)
        (0.03334040 0.001000 -0.02315600)
        (0.03370978 0.001000 -0.02327988)
        (0.03407938 0.001000 -0.02340309)
        (0.03444920 0.001000 -0.02352562)
        (0.03481925 0.001000 -0.02364749)
        (0.03518951 0.001000 -0.02376870)
        (0.03555999 0.001000 -0.02388926)
        (0.03593067 0.001000 -0.02400919)
        (0.03630155 0.001000 -0.02412849)
        (0.03667264 0.001000 -0.02424717)
        (0.03704392 0.001000 -0.02436524)
        (0.03741538 0.001000 -0.02448270)
        (0.03778704 0.001000 -0.02459957)
        (0.03815887 0.001000 -0.02471586)
        (0.03853088 0.001000 -0.02483157)
        (0.03890307 0.001000 -0.02494671)
        (0.03927543 0.001000 -0.02506128)
        (0.03964796 0.001000 -0.02517529)
        (0.04002066 0.001000 -0.02528875)
        (0.04039353 0.001000 -0.02540165)
        (0.04076656 0.001000 -0.02551401)
        (0.04113975 0.001000 -0.02562583)
        (0.04151311 0.001000 -0.02573712)
        (0.04188662 0.001000 -0.02584788)
        (0.04226028 0.001000 -0.02595811)
        (0.04263410 0.001000 -0.02606783)
        (0.04300807 0.001000 -0.02617704)
        (0.04338218 0.001000 -0.02628573)
        (0.04375644 0.001000 -0.02639393)
        (0.04413085 0.001000 -0.02650163)
        (0.04450540 0.001000 -0.02660883)
        (0.04488008 0.001000 -0.02671555)
        (0.04525490 0.001000 -0.02682179)
        (0.04562986 0.001000 -0.02692756)
        (0.04600495 0.001000 -0.02703285)
        (0.04638017 0.001000 -0.02713768)
        (0.04675552 0.001000 -0.02724205)
        (0.04713099 0.001000 -0.02734597)
        (0.04750659 0.001000 -0.02744943)
        (0.04788230 0.001000 -0.02755246)
        (0.04825814 0.001000 -0.02765504)
        (0.04863409 0.001000 -0.02775720)
        (0.04901016 0.001000 -0.02785892)
        (0.04938634 0.001000 -0.02796021)
        (0.04976263 0.001000 -0.02806108)
        (0.05013904 0.001000 -0.02816153)
        (0.05051556 0.001000 -0.02826157)
        (0.05089219 0.001000 -0.02836119)
        (0.05126892 0.001000 -0.02846040)
        (0.05164576 0.001000 -0.02855921)
        (0.05202271 0.001000 -0.02865761)
        (0.05239976 0.001000 -0.02875562)
        (0.05277691 0.001000 -0.02885323)
        (0.05315417 0.001000 -0.02895045)
        (0.05353152 0.001000 -0.02904728)
        (0.05390897 0.001000 -0.02914373)
        (0.05428652 0.001000 -0.02923979)
        (0.05466417 0.001000 -0.02933548)
        (0.05504191 0.001000 -0.02943079)
        (0.05541975 0.001000 -0.02952573)
        (0.05579767 0.001000 -0.02962031)
        (0.05617569 0.001000 -0.02971452)
        (0.05655380 0.001000 -0.02980837)
        (0.05693200 0.001000 -0.02990186)
        (0.05731028 0.001000 -0.02999501)
        (0.05768865 0.001000 -0.03008780)
        (0.05806710 0.001000 -0.03018024)
        (0.05844564 0.001000 -0.03027235)
        (0.05882426 0.001000 -0.03036411)
        (0.05920295 0.001000 -0.03045554)
        (0.05958173 0.001000 -0.03054664)
        (0.05996059 0.001000 -0.03063740)
        (0.06033952 0.001000 -0.03072784)
        (0.06071853 0.001000 -0.03081795)
        (0.06109762 0.001000 -0.03090774)
        (0.06147679 0.001000 -0.03099721)
        (0.06185603 0.001000 -0.03108636)
        (0.06223534 0.001000 -0.03117519)
        (0.06261472 0.001000 -0.03126371)
        (0.06299418 0.001000 -0.03135191)
        (0.06337371 0.001000 -0.03143980)
        (0.06375332 0.001000 -0.03152739)
        (0.06413299 0.001000 -0.03161467)
        (0.06451273 0.001000 -0.03170165)
        (0.06489254 0.001000 -0.03178833)
        (0.06527242 0.001000 -0.03187471)
        (0.06565237 0.001000 -0.03196079)
        (0.06603238 0.001000 -0.03204658)
        (0.06641246 0.001000 -0.03213207)
        (0.06679260 0.001000 -0.03221728)
        (0.06717281 0.001000 -0.03230219)
        (0.06755308 0.001000 -0.03238683)
        (0.06793342 0.001000 -0.03247118)
        (0.06831382 0.001000 -0.03255524)
        (0.06869428 0.001000 -0.03263903)
        (0.06907480 0.001000 -0.03272255)
        (0.06945538 0.001000 -0.03280579)
        (0.06983602 0.001000 -0.03288876)
        (0.07021671 0.001000 -0.03297145)
        (0.07059747 0.001000 -0.03305388)
        (0.07097828 0.001000 -0.03313605)
        (0.07135915 0.001000 -0.03321795)
        (0.07174007 0.001000 -0.03329960)
        (0.07212105 0.001000 -0.03338098)
        (0.07250208 0.001000 -0.03346210)
        (0.07288317 0.001000 -0.03354297)
        (0.07326431 0.001000 -0.03362358)
        (0.07364551 0.001000 -0.03370394)
        (0.07402676 0.001000 -0.03378405)
        (0.07440806 0.001000 -0.03386391)
        (0.07478941 0.001000 -0.03394351)
        (0.07517081 0.001000 -0.03402288)
        (0.07555227 0.001000 -0.03410199)
        (0.07593378 0.001000 -0.03418086)
        (0.07631533 0.001000 -0.03425949)
        (0.07669694 0.001000 -0.03433787)
        (0.07707859 0.001000 -0.03441602)
        (0.07746030 0.001000 -0.03449393)
        (0.07784205 0.001000 -0.03457160)
        (0.07822385 0.001000 -0.03464904)
        (0.07860569 0.001000 -0.03472624)
        (0.07898759 0.001000 -0.03480321)
        (0.07936953 0.001000 -0.03487995)
        (0.07975152 0.001000 -0.03495645)
        (0.08013355 0.001000 -0.03503274)
        (0.08051563 0.001000 -0.03510879)
        (0.08089775 0.001000 -0.03518462)
        (0.08127991 0.001000 -0.03526023)
        (0.08166212 0.001000 -0.03533562)
        (0.08204438 0.001000 -0.03541078)
        (0.08242667 0.001000 -0.03548573)
        (0.08280901 0.001000 -0.03556046)
        (0.08319139 0.001000 -0.03563497)
        (0.08357382 0.001000 -0.03570927)
        (0.08395628 0.001000 -0.03578336)
        (0.08433878 0.001000 -0.03585723)
        (0.08472133 0.001000 -0.03593090)
        (0.08510391 0.001000 -0.03600436)
        (0.08548654 0.001000 -0.03607761)
        (0.08586920 0.001000 -0.03615065)
        (0.08625190 0.001000 -0.03622349)
        (0.08663464 0.001000 -0.03629612)
        (0.08701742 0.001000 -0.03636855)
        (0.08740024 0.001000 -0.03644078)
        (0.08778309 0.001000 -0.03651280)
        (0.08816599 0.001000 -0.03658463)
        (0.08854892 0.001000 -0.03665626)
        (0.08893188 0.001000 -0.03672768)
        (0.08931489 0.001000 -0.03679892)
        (0.08969793 0.001000 -0.03686995)
        (0.09008100 0.001000 -0.03694079)
        (0.09046411 0.001000 -0.03701144)
        (0.09084726 0.001000 -0.03708189)
        (0.09123044 0.001000 -0.03715215)
        (0.09161366 0.001000 -0.03722223)
        (0.09199691 0.001000 -0.03729211)
        (0.09238020 0.001000 -0.03736180)
        (0.09276352 0.001000 -0.03743130)
        (0.09314688 0.001000 -0.03750062)
        (0.09353027 0.001000 -0.03756976)
        (0.09391369 0.001000 -0.03763870)
        (0.09429714 0.001000 -0.03770747)
        (0.09468063 0.001000 -0.03777605)
        (0.09506415 0.001000 -0.03784445)
        (0.09544770 0.001000 -0.03791268)
        (0.09583129 0.001000 -0.03798072)
        (0.09621490 0.001000 -0.03804858)
        (0.09659855 0.001000 -0.03811627)
        (0.09698222 0.001000 -0.03818378)
        (0.09736593 0.001000 -0.03825112)
        (0.09774967 0.001000 -0.03831828)
        (0.09813344 0.001000 -0.03838527)
        (0.09851724 0.001000 -0.03845209)
        (0.09890106 0.001000 -0.03851873)
        (0.09928492 0.001000 -0.03858521)
        (0.09966881 0.001000 -0.03865152)
        (0.10005272 0.001000 -0.03871766)
        (0.10043667 0.001000 -0.03878363)
        (0.10082064 0.001000 -0.03884943)
        (0.10120464 0.001000 -0.03891506)
        (0.10158867 0.001000 -0.03898053)
        (0.10197273 0.001000 -0.03904583)
        (0.10235682 0.001000 -0.03911097)
        (0.10274093 0.001000 -0.03917594)
        (0.10312507 0.001000 -0.03924075)
        (0.10350924 0.001000 -0.03930540)
        (0.10389344 0.001000 -0.03936988)
        (0.10427766 0.001000 -0.03943420)
        (0.10466191 0.001000 -0.03949836)
        (0.10504619 0.001000 -0.03956236)
        (0.10543049 0.001000 -0.03962619)
        (0.10581482 0.001000 -0.03968987)
        (0.10619918 0.001000 -0.03975339)
        (0.10658357 0.001000 -0.03981675)
        (0.10696797 0.001000 -0.03987995)
        (0.10735241 0.001000 -0.03994300)
        (0.10773687 0.001000 -0.04000589)
        (0.10812136 0.001000 -0.04006862)
        (0.10850587 0.001000 -0.04013120)
        (0.10889041 0.001000 -0.04019362)
        (0.10927497 0.001000 -0.04025589)
        (0.10965955 0.001000 -0.04031800)
        (0.11004416 0.001000 -0.04037996)
        (0.11042880 0.001000 -0.04044177)
        (0.11081346 0.001000 -0.04050343)
        (0.11119814 0.001000 -0.04056494)
        (0.11158285 0.001000 -0.04062630)
        (0.11196759 0.001000 -0.04068750)
        (0.11235234 0.001000 -0.04074856)
        (0.11273712 0.001000 -0.04080947)
        (0.11312192 0.001000 -0.04087023)
        (0.11350675 0.001000 -0.04093085)
        (0.11389160 0.001000 -0.04099132)
        (0.11427647 0.001000 -0.04105164)
        (0.11466136 0.001000 -0.04111181)
        (0.11504628 0.001000 -0.04117184)
        (0.11543122 0.001000 -0.04123173)
        (0.11581618 0.001000 -0.04129147)
        (0.11620117 0.001000 -0.04135107)
        (0.11658617 0.001000 -0.04141052)
        (0.11697120 0.001000 -0.04146983)
        (0.11735625 0.001000 -0.04152900)
        (0.11774132 0.001000 -0.04158802)
        (0.11812642 0.001000 -0.04164690)
        (0.11851153 0.001000 -0.04170564)
        (0.11889667 0.001000 -0.04176424)
        (0.11928183 0.001000 -0.04182270)
        (0.11966701 0.001000 -0.04188102)
        (0.12005221 0.001000 -0.04193920)
        (0.12043743 0.001000 -0.04199724)
        (0.12082267 0.001000 -0.04205514)
        (0.12120794 0.001000 -0.04211290)
        (0.12159322 0.001000 -0.04217052)
        (0.12197853 0.001000 -0.04222800)
        (0.12236385 0.001000 -0.04228535)
        (0.12274920 0.001000 -0.04234256)
        (0.12313456 0.001000 -0.04239964)
        (0.12351995 0.001000 -0.04245657)
        (0.12390536 0.001000 -0.04251338)
        (0.12429078 0.001000 -0.04257004)
        (0.12467623 0.001000 -0.04262657)
        (0.12506170 0.001000 -0.04268297)
        (0.12544718 0.001000 -0.04273924)
        (0.12583269 0.001000 -0.04279537)
        (0.12621821 0.001000 -0.04285136)
        (0.12660375 0.001000 -0.04290723)
        (0.12698932 0.001000 -0.04296296)
        (0.12737490 0.001000 -0.04301856)
        (0.12776050 0.001000 -0.04307402)
        (0.12814612 0.001000 -0.04312936)
        (0.12853176 0.001000 -0.04318457)
        (0.12891741 0.001000 -0.04323964)
        (0.12930309 0.001000 -0.04329459)
        (0.12968878 0.001000 -0.04334940)
        (0.13007449 0.001000 -0.04340409)
        (0.13046022 0.001000 -0.04345865)
        (0.13084597 0.001000 -0.04351308)
        (0.13123174 0.001000 -0.04356738)
        (0.13161752 0.001000 -0.04362156)
        (0.13200332 0.001000 -0.04367561)
        (0.13238914 0.001000 -0.04372953)
        (0.13277498 0.001000 -0.04378332)
        (0.13316083 0.001000 -0.04383699)
        (0.13354671 0.001000 -0.04389054)
        (0.13393259 0.001000 -0.04394396)
        (0.13431850 0.001000 -0.04399725)
        (0.13470442 0.001000 -0.04405042)
        (0.13509036 0.001000 -0.04410347)
        (0.13547632 0.001000 -0.04415639)
        (0.13586230 0.001000 -0.04420919)
        (0.13624829 0.001000 -0.04426187)
        (0.13663429 0.001000 -0.04431443)
        (0.13702032 0.001000 -0.04436686)
        (0.13740636 0.001000 -0.04441917)
        (0.13779242 0.001000 -0.04447136)
        (0.13817849 0.001000 -0.04452344)
        (0.13856458 0.001000 -0.04457539)
        (0.13895069 0.001000 -0.04462722)
        (0.13933681 0.001000 -0.04467893)
        (0.13972294 0.001000 -0.04473052)
        (0.14010910 0.001000 -0.04478200)
        (0.14049527 0.001000 -0.04483336)
        (0.14088145 0.001000 -0.04488460)
        (0.14126765 0.001000 -0.04493572)
        (0.14165387 0.001000 -0.04498672)
        (0.14204010 0.001000 -0.04503761)
        (0.14242635 0.001000 -0.04508838)
        (0.14281261 0.001000 -0.04513904)
        (0.14319889 0.001000 -0.04518958)
        (0.14358518 0.001000 -0.04524001)
        (0.14397148 0.001000 -0.04529032)
        (0.14435781 0.001000 -0.04534052)
        (0.14474414 0.001000 -0.04539061)
        (0.14513049 0.001000 -0.04544058)
        (0.14551686 0.001000 -0.04549044)
        (0.14590324 0.001000 -0.04554018)
        (0.14628963 0.001000 -0.04558982)
        (0.14667604 0.001000 -0.04563934)
        (0.14706246 0.001000 -0.04568875)
        (0.14744890 0.001000 -0.04573805)
        (0.14783535 0.001000 -0.04578724)
        (0.14822182 0.001000 -0.04583632)
        (0.14860829 0.001000 -0.04588529)
        (0.14899479 0.001000 -0.04593415)
        (0.14938129 0.001000 -0.04598290)
        (0.14976781 0.001000 -0.04603154)
        (0.15015435 0.001000 -0.04608007)
        (0.15054090 0.001000 -0.04612849)
        (0.15092746 0.001000 -0.04617680)
        (0.15131403 0.001000 -0.04622501)
        (0.15170062 0.001000 -0.04627310)
        (0.15208722 0.001000 -0.04632109)
        (0.15247384 0.001000 -0.04636897)
        (0.15286046 0.001000 -0.04641675)
        (0.15324711 0.001000 -0.04646441)
        (0.15363376 0.001000 -0.04651197)
        (0.15402043 0.001000 -0.04655942)
        (0.15440711 0.001000 -0.04660677)
        (0.15479380 0.001000 -0.04665401)
        (0.15518051 0.001000 -0.04670114)
        (0.15556723 0.001000 -0.04674817)
        (0.15595396 0.001000 -0.04679509)
        (0.15634071 0.001000 -0.04684190)
        (0.15672747 0.001000 -0.04688861)
        (0.15711424 0.001000 -0.04693522)
        (0.15750102 0.001000 -0.04698172)
        (0.15788782 0.001000 -0.04702812)
        (0.15827462 0.001000 -0.04707441)
        (0.15866144 0.001000 -0.04712060)
        (0.15904828 0.001000 -0.04716669)
        (0.15943512 0.001000 -0.04721267)
        (0.15982198 0.001000 -0.04725855)
        (0.16020885 0.001000 -0.04730433)
        (0.16059573 0.001000 -0.04735001)
        (0.16098263 0.001000 -0.04739558)
        (0.16136953 0.001000 -0.04744105)
        (0.16175645 0.001000 -0.04748642)
        (0.16214338 0.001000 -0.04753169)
        (0.16253032 0.001000 -0.04757685)
        (0.16291727 0.001000 -0.04762192)
        (0.16330424 0.001000 -0.04766688)
        (0.16369122 0.001000 -0.04771174)
        (0.16407820 0.001000 -0.04775651)
        (0.16446520 0.001000 -0.04780117)
        (0.16485222 0.001000 -0.04784574)
        (0.16523924 0.001000 -0.04789020)
        (0.16562627 0.001000 -0.04793456)
        (0.16601332 0.001000 -0.04797883)
        (0.16640037 0.001000 -0.04802299)
        (0.16678744 0.001000 -0.04806706)
        (0.16717452 0.001000 -0.04811103)
        (0.16756161 0.001000 -0.04815490)
        (0.16794871 0.001000 -0.04819867)
        (0.16833583 0.001000 -0.04824235)
        (0.16872295 0.001000 -0.04828592)
        (0.16911008 0.001000 -0.04832940)
        (0.16949723 0.001000 -0.04837278)
        (0.16988439 0.001000 -0.04841606)
        (0.17027155 0.001000 -0.04845925)
        (0.17065873 0.001000 -0.04850233)
        (0.17104592 0.001000 -0.04854532)
        (0.17143312 0.001000 -0.04858822)
        (0.17182033 0.001000 -0.04863102)
        (0.17220755 0.001000 -0.04867372)
        (0.17259478 0.001000 -0.04871632)
        (0.17298202 0.001000 -0.04875883)
        (0.17336928 0.001000 -0.04880124)
        (0.17375654 0.001000 -0.04884356)
        (0.17414381 0.001000 -0.04888578)
        (0.17453110 0.001000 -0.04892791)
        (0.17491839 0.001000 -0.04896994)
        (0.17530570 0.001000 -0.04901188)
        (0.17569301 0.001000 -0.04905372)
        (0.17608034 0.001000 -0.04909547)
        (0.17646767 0.001000 -0.04913712)
        (0.17685502 0.001000 -0.04917868)
        (0.17724237 0.001000 -0.04922014)
        (0.17762974 0.001000 -0.04926151)
        (0.17801711 0.001000 -0.04930279)
        (0.17840450 0.001000 -0.04934397)
        (0.17879190 0.001000 -0.04938506)
        (0.17917930 0.001000 -0.04942606)
        (0.17956672 0.001000 -0.04946696)
        (0.17995414 0.001000 -0.04950777)
        (0.18034158 0.001000 -0.04954849)
        (0.18072902 0.001000 -0.04958911)
        (0.18111647 0.001000 -0.04962965)
        (0.18150394 0.001000 -0.04967009)
        (0.18189141 0.001000 -0.04971044)
        (0.18227889 0.001000 -0.04975070)
        (0.18266639 0.001000 -0.04979086)
        (0.18305389 0.001000 -0.04983094)
        (0.18344140 0.001000 -0.04987092)
        (0.18382892 0.001000 -0.04991081)
        (0.18421645 0.001000 -0.04995061)
        (0.18460399 0.001000 -0.04999032)
        (0.18499154 0.001000 -0.05002994)
        (0.18537909 0.001000 -0.05006947)
        (0.18576666 0.001000 -0.05010891)
        (0.18615424 0.001000 -0.05014826)
        (0.18654182 0.001000 -0.05018751)
        (0.18692942 0.001000 -0.05022668)
        (0.18731702 0.001000 -0.05026576)
        (0.18770463 0.001000 -0.05030475)
        (0.18809225 0.001000 -0.05034364)
        (0.18847988 0.001000 -0.05038245)
        (0.18886752 0.001000 -0.05042117)
        (0.18925517 0.001000 -0.05045980)
        (0.18964283 0.001000 -0.05049833)
        (0.19003049 0.001000 -0.05053678)
        (0.19041817 0.001000 -0.05057514)
        (0.19080585 0.001000 -0.05061341)
        (0.19119355 0.001000 -0.05065160)
        (0.19158125 0.001000 -0.05068969)
        (0.19196896 0.001000 -0.05072769)
        (0.19235668 0.001000 -0.05076561)
        (0.19274440 0.001000 -0.05080344)
        (0.19313214 0.001000 -0.05084118)
        (0.19351988 0.001000 -0.05087883)
        (0.19390764 0.001000 -0.05091639)
        (0.19429540 0.001000 -0.05095386)
        (0.19468317 0.001000 -0.05099125)
        (0.19507095 0.001000 -0.05102855)
        (0.19545873 0.001000 -0.05106576)
        (0.19584653 0.001000 -0.05110288)
        (0.19623433 0.001000 -0.05113992)
        (0.19662215 0.001000 -0.05117686)
        (0.19700997 0.001000 -0.05121372)
        (0.19739780 0.001000 -0.05125050)
        (0.19778563 0.001000 -0.05128718)
        (0.19817348 0.001000 -0.05132378)
        (0.19856133 0.001000 -0.05136030)
        (0.19894919 0.001000 -0.05139672)
        (0.19933706 0.001000 -0.05143306)
        (0.19972494 0.001000 -0.05146931)
        (0.20011283 0.001000 -0.05150548)
        (0.20050072 0.001000 -0.05154156)
        (0.20088862 0.001000 -0.05157755)
        (0.20127653 0.001000 -0.05161346)
        (0.20166445 0.001000 -0.05164928)
        (0.20205237 0.001000 -0.05168502)
        (0.20244031 0.001000 -0.05172067)
        (0.20282825 0.001000 -0.05175624)
        (0.20321620 0.001000 -0.05179171)
        (0.20360415 0.001000 -0.05182711)
        (0.20399212 0.001000 -0.05186242)
        (0.20438009 0.001000 -0.05189764)
        (0.20476807 0.001000 -0.05193278)
        (0.20515606 0.001000 -0.05196783)
        (0.20554405 0.001000 -0.05200280)
        (0.20593206 0.001000 -0.05203769)
        (0.20632007 0.001000 -0.05207249)
        (0.20670808 0.001000 -0.05210721)
        (0.20709611 0.001000 -0.05214184)
        (0.20748414 0.001000 -0.05217639)
        (0.20787218 0.001000 -0.05221085)
        (0.20826023 0.001000 -0.05224524)
        (0.20864829 0.001000 -0.05227954)
        (0.20903635 0.001000 -0.05231375)
        (0.20942442 0.001000 -0.05234788)
        (0.20981249 0.001000 -0.05238193)
        (0.21020058 0.001000 -0.05241590)
        (0.21058867 0.001000 -0.05244978)
        (0.21097677 0.001000 -0.05248358)
        (0.21136488 0.001000 -0.05251730)
        (0.21175299 0.001000 -0.05255094)
        (0.21214111 0.001000 -0.05258449)
        (0.21252924 0.001000 -0.05261797)
        (0.21291737 0.001000 -0.05265136)
        (0.21330551 0.001000 -0.05268467)
        (0.21369366 0.001000 -0.05271789)
        (0.21408182 0.001000 -0.05275104)
        (0.21446998 0.001000 -0.05278411)
        (0.21485815 0.001000 -0.05281709)
        (0.21524632 0.001000 -0.05284999)
        (0.21563451 0.001000 -0.05288282)
        (0.21602270 0.001000 -0.05291556)
        (0.21641089 0.001000 -0.05294822)
        (0.21679910 0.001000 -0.05298080)
        (0.21718731 0.001000 -0.05301330)
        (0.21757552 0.001000 -0.05304572)
        (0.21796375 0.001000 -0.05307807)
        (0.21835198 0.001000 -0.05311033)
        (0.21874021 0.001000 -0.05314251)
        (0.21912846 0.001000 -0.05317461)
        (0.21951671 0.001000 -0.05320663)
        (0.21990496 0.001000 -0.05323858)
        (0.22029323 0.001000 -0.05327044)
        (0.22068149 0.001000 -0.05330223)
        (0.22106977 0.001000 -0.05333394)
        (0.22145805 0.001000 -0.05336557)
        (0.22184634 0.001000 -0.05339712)
        (0.22223464 0.001000 -0.05342859)
        (0.22262294 0.001000 -0.05345998)
        (0.22301124 0.001000 -0.05349130)
        (0.22339956 0.001000 -0.05352254)
        (0.22378788 0.001000 -0.05355370)
        (0.22417620 0.001000 -0.05358478)
        (0.22456454 0.001000 -0.05361578)
        (0.22495287 0.001000 -0.05364671)
        (0.22534122 0.001000 -0.05367756)
        (0.22572957 0.001000 -0.05370833)
        (0.22611793 0.001000 -0.05373902)
        (0.22650629 0.001000 -0.05376963)
        (0.22689466 0.001000 -0.05380017)
        (0.22728304 0.001000 -0.05383063)
        (0.22767142 0.001000 -0.05386101)
        (0.22805981 0.001000 -0.05389131)
        (0.22844820 0.001000 -0.05392153)
        (0.22883660 0.001000 -0.05395168)
        (0.22922500 0.001000 -0.05398175)
        (0.22961342 0.001000 -0.05401174)
        (0.23000183 0.001000 -0.05404165)
        (0.23039026 0.001000 -0.05407148)
        (0.23077869 0.001000 -0.05410124)
        (0.23116712 0.001000 -0.05413092)
        (0.23155557 0.001000 -0.05416052)
        (0.23194401 0.001000 -0.05419004)
        (0.23233247 0.001000 -0.05421949)
        (0.23272093 0.001000 -0.05424886)
        (0.23310939 0.001000 -0.05427814)
        (0.23349786 0.001000 -0.05430736)
        (0.23388634 0.001000 -0.05433649)
        (0.23427482 0.001000 -0.05436555)
        (0.23466331 0.001000 -0.05439453)
        (0.23505181 0.001000 -0.05442343)
        (0.23544031 0.001000 -0.05445225)
        (0.23582881 0.001000 -0.05448100)
        (0.23621732 0.001000 -0.05450966)
        (0.23660584 0.001000 -0.05453825)
        (0.23699436 0.001000 -0.05456677)
        (0.23738289 0.001000 -0.05459520)
        (0.23777143 0.001000 -0.05462356)
        (0.23815997 0.001000 -0.05465184)
        (0.23854851 0.001000 -0.05468004)
        (0.23893706 0.001000 -0.05470816)
        (0.23932562 0.001000 -0.05473621)
        (0.23971418 0.001000 -0.05476418)
        (0.24010275 0.001000 -0.05479207)
        (0.24049133 0.001000 -0.05481989)
        (0.24087990 0.001000 -0.05484762)
        (0.24126849 0.001000 -0.05487528)
        (0.24165708 0.001000 -0.05490286)
        (0.24204568 0.001000 -0.05493037)
        (0.24243428 0.001000 -0.05495779)
        (0.24282288 0.001000 -0.05498514)
        (0.24321150 0.001000 -0.05501241)
        (0.24360011 0.001000 -0.05503961)
        (0.24398874 0.001000 -0.05506672)
        (0.24437736 0.001000 -0.05509376)
        (0.24476600 0.001000 -0.05512072)
        (0.24515464 0.001000 -0.05514761)
        (0.24554328 0.001000 -0.05517441)
        (0.24593193 0.001000 -0.05520114)
        (0.24632059 0.001000 -0.05522780)
        (0.24670925 0.001000 -0.05525437)
        (0.24709791 0.001000 -0.05528087)
        (0.24748658 0.001000 -0.05530729)
        (0.24787526 0.001000 -0.05533363)
        (0.24826394 0.001000 -0.05535989)
        (0.24865263 0.001000 -0.05538608)
        (0.24904132 0.001000 -0.05541219)
        (0.24943002 0.001000 -0.05543822)
        (0.24981872 0.001000 -0.05546418)
        (0.25020743 0.001000 -0.05549006)
        (0.25059614 0.001000 -0.05551586)
        (0.25098486 0.001000 -0.05554158)
        (0.25137358 0.001000 -0.05556723)
        (0.25176231 0.001000 -0.05559280)
        (0.25215104 0.001000 -0.05561829)
        (0.25253978 0.001000 -0.05564370)
        (0.25292852 0.001000 -0.05566904)
        (0.25331727 0.001000 -0.05569430)
        (0.25370602 0.001000 -0.05571948)
        (0.25409478 0.001000 -0.05574458)
        (0.25448355 0.001000 -0.05576961)
        (0.25487231 0.001000 -0.05579456)
        (0.25526109 0.001000 -0.05581944)
        (0.25564987 0.001000 -0.05584423)
        (0.25603865 0.001000 -0.05586895)
        (0.25642744 0.001000 -0.05589359)
        (0.25681623 0.001000 -0.05591816)
        (0.25720503 0.001000 -0.05594264)
        (0.25759383 0.001000 -0.05596705)
        (0.25798264 0.001000 -0.05599138)
        (0.25837145 0.001000 -0.05601564)
        (0.25876027 0.001000 -0.05603982)
        (0.25914909 0.001000 -0.05606392)
        (0.25953792 0.001000 -0.05608794)
        (0.25992675 0.001000 -0.05611189)
        (0.26031558 0.001000 -0.05613576)
        (0.26070442 0.001000 -0.05615955)
        (0.26109327 0.001000 -0.05618326)
        (0.26148212 0.001000 -0.05620690)
        (0.26187098 0.001000 -0.05623046)
        (0.26225984 0.001000 -0.05625394)
        (0.26264870 0.001000 -0.05627735)
        (0.26303757 0.001000 -0.05630068)
        (0.26342644 0.001000 -0.05632393)
        (0.26381532 0.001000 -0.05634711)
        (0.26420420 0.001000 -0.05637020)
        (0.26459309 0.001000 -0.05639322)
        (0.26498198 0.001000 -0.05641617)
        (0.26537088 0.001000 -0.05643903)
        (0.26575978 0.001000 -0.05646182)
        (0.26614869 0.001000 -0.05648453)
        (0.26653760 0.001000 -0.05650716)
        (0.26692651 0.001000 -0.05652972)
        (0.26731543 0.001000 -0.05655220)
        (0.26770436 0.001000 -0.05657459)
        (0.26809329 0.001000 -0.05659691)
        (0.26848222 0.001000 -0.05661915)
        (0.26887116 0.001000 -0.05664132)
        (0.26926010 0.001000 -0.05666340)
        (0.26964904 0.001000 -0.05668540)
        (0.27003800 0.001000 -0.05670733)
        (0.27042695 0.001000 -0.05672917)
        (0.27081591 0.001000 -0.05675094)
        (0.27120488 0.001000 -0.05677262)
        (0.27159384 0.001000 -0.05679423)
        (0.27198282 0.001000 -0.05681576)
        (0.27237179 0.001000 -0.05683720)
        (0.27276078 0.001000 -0.05685857)
        (0.27314976 0.001000 -0.05687985)
        (0.27353875 0.001000 -0.05690105)
        (0.27392775 0.001000 -0.05692217)
        (0.27431675 0.001000 -0.05694322)
        (0.27470575 0.001000 -0.05696418)
        (0.27509476 0.001000 -0.05698505)
        (0.27548377 0.001000 -0.05700585)
        (0.27587279 0.001000 -0.05702657)
        (0.27626181 0.001000 -0.05704720)
        (0.27665084 0.001000 -0.05706775)
        (0.27703987 0.001000 -0.05708822)
        (0.27742890 0.001000 -0.05710861)
        (0.27781794 0.001000 -0.05712891)
        (0.27820699 0.001000 -0.05714913)
        (0.27859603 0.001000 -0.05716927)
        (0.27898508 0.001000 -0.05718932)
        (0.27937414 0.001000 -0.05720930)
        (0.27976320 0.001000 -0.05722919)
        (0.28015227 0.001000 -0.05724899)
        (0.28054133 0.001000 -0.05726871)
        (0.28093041 0.001000 -0.05728835)
        (0.28131948 0.001000 -0.05730790)
        (0.28170857 0.001000 -0.05732737)
        (0.28209765 0.001000 -0.05734676)
        (0.28248674 0.001000 -0.05736606)
        (0.28287584 0.001000 -0.05738527)
        (0.28326493 0.001000 -0.05740440)
        (0.28365404 0.001000 -0.05742345)
        (0.28404314 0.001000 -0.05744241)
        (0.28443225 0.001000 -0.05746129)
        (0.28482137 0.001000 -0.05748008)
        (0.28521049 0.001000 -0.05749878)
        (0.28559961 0.001000 -0.05751740)
        (0.28598874 0.001000 -0.05753593)
        (0.28637787 0.001000 -0.05755438)
        (0.28676701 0.001000 -0.05757274)
        (0.28715615 0.001000 -0.05759101)
        (0.28754529 0.001000 -0.05760920)
        (0.28793444 0.001000 -0.05762730)
        (0.28832359 0.001000 -0.05764531)
        (0.28871275 0.001000 -0.05766324)
        (0.28910191 0.001000 -0.05768107)
        (0.28949107 0.001000 -0.05769882)
        (0.28988024 0.001000 -0.05771648)
        (0.29026941 0.001000 -0.05773406)
        (0.29065859 0.001000 -0.05775154)
        (0.29104777 0.001000 -0.05776894)
        (0.29143696 0.001000 -0.05778624)
        (0.29182615 0.001000 -0.05780346)
        (0.29221534 0.001000 -0.05782059)
        (0.29260453 0.001000 -0.05783762)
        (0.29299373 0.001000 -0.05785457)
        (0.29338294 0.001000 -0.05787143)
        (0.29377215 0.001000 -0.05788819)
        (0.29416136 0.001000 -0.05790487)
        (0.29455057 0.001000 -0.05792145)
        (0.29493979 0.001000 -0.05793794)
        (0.29532902 0.001000 -0.05795435)
        (0.29571825 0.001000 -0.05797066)
        (0.29610748 0.001000 -0.05798687)
        (0.29649671 0.001000 -0.05800300)
        (0.29688595 0.001000 -0.05801903)
        (0.29727519 0.001000 -0.05803497)
        (0.29766444 0.001000 -0.05805082)
        (0.29805369 0.001000 -0.05806657)
        (0.29844295 0.001000 -0.05808224)
        (0.29883220 0.001000 -0.05809780)
        (0.29922147 0.001000 -0.05811328)
        (0.29961073 0.001000 -0.05812866)
    )
    polyLine 7 5
    (
        (0.30087774 -0.001000 -0.05817806)
        (0.30175550 -0.001000 -0.05821169)
        (0.30263328 -0.001000 -0.05824484)
        (0.30351108 -0.001000 -0.05827750)
        (0.30438890 -0.001000 -0.05830967)
        (0.30526673 -0.001000 -0.05834134)
        (0.30614458 -0.001000 -0.05837252)
        (0.30702245 -0.001000 -0.05840319)
        (0.30790034 -0.001000 -0.05843337)
        (0.30877825 -0.001000 -0.05846303)
        (0.30965617 -0.001000 -0.05849219)
        (0.31053411 -0.001000 -0.05852084)
        (0.31141207 -0.001000 -0.05854898)
        (0.31229004 -0.001000 -0.05857660)
        (0.31316803 -0.001000 -0.05860370)
        (0.31404604 -0.001000 -0.05863027)
        (0.31492406 -0.001000 -0.05865632)
        (0.31580210 -0.001000 -0.05868183)
        (0.31668015 -0.001000 -0.05870682)
        (0.31755822 -0.001000 -0.05873127)
        (0.31843630 -0.001000 -0.05875517)
        (0.31931440 -0.001000 -0.05877854)
        (0.32019251 -0.001000 -0.05880136)
        (0.32107064 -0.001000 -0.05882363)
        (0.32194878 -0.001000 -0.05884535)
        (0.32282693 -0.001000 -0.05886652)
        (0.32370510 -0.001000 -0.05888712)
        (0.32458327 -0.001000 -0.05890717)
        (0.32546147 -0.001000 -0.05892665)
        (0.32633967 -0.001000 -0.05894556)
        (0.32721789 -0.001000 -0.05896390)
        (0.32809611 -0.001000 -0.05898167)
        (0.32897435 -0.001000 -0.05899886)
        (0.32985261 -0.001000 -0.05901547)
        (0.33073087 -0.001000 -0.05903149)
        (0.33160914 -0.001000 -0.05904693)
        (0.33248742 -0.001000 -0.05906179)
        (0.33336572 -0.001000 -0.05907604)
        (0.33424402 -0.001000 -0.05908971)
        (0.33512233 -0.001000 -0.05910278)
        (0.33600066 -0.001000 -0.05911526)
        (0.33687899 -0.001000 -0.05912713)
        (0.33775732 -0.001000 -0.05913841)
        (0.33863567 -0.001000 -0.05914908)
        (0.33951402 -0.001000 -0.05915916)
        (0.34039238 -0.001000 -0.05916862)
        (0.34127075 -0.001000 -0.05917748)
        (0.34214912 -0.001000 -0.05918574)
        (0.34302750 -0.001000 -0.05919338)
        (0.34390588 -0.001000 -0.05920041)
        (0.34478427 -0.001000 -0.05920682)
        (0.34566266 -0.001000 -0.05921262)
        (0.34654106 -0.001000 -0.05921781)
        (0.34741946 -0.001000 -0.05922237)
        (0.34829786 -0.001000 -0.05922632)
        (0.34917626 -0.001000 -0.05922964)
        (0.35005467 -0.001000 -0.05923234)
        (0.35093308 -0.001000 -0.05923442)
        (0.35181149 -0.001000 -0.05923586)
        (0.35268990 -0.001000 -0.05923668)
        (0.35356831 -0.001000 -0.05923687)
        (0.35444672 -0.001000 -0.05923643)
        (0.35532514 -0.001000 -0.05923535)
        (0.35620355 -0.001000 -0.05923363)
        (0.35708196 -0.001000 -0.05923128)
        (0.35796036 -0.001000 -0.05922830)
        (0.35883877 -0.001000 -0.05922467)
        (0.35971717 -0.001000 -0.05922041)
        (0.36059557 -0.001000 -0.05921550)
        (0.36147397 -0.001000 -0.05920995)
        (0.36235236 -0.001000 -0.05920376)
        (0.36323074 -0.001000 -0.05919693)
        (0.36410912 -0.001000 -0.05918945)
        (0.36498750 -0.001000 -0.05918133)
        (0.36586587 -0.001000 -0.05917256)
        (0.36674423 -0.001000 -0.05916314)
        (0.36762259 -0.001000 -0.05915308)
        (0.36850094 -0.001000 -0.05914236)
        (0.36937927 -0.001000 -0.05913099)
        (0.37025761 -0.001000 -0.05911897)
        (0.37113593 -0.001000 -0.05910630)
        (0.37201424 -0.001000 -0.05909297)
        (0.37289254 -0.001000 -0.05907899)
        (0.37377083 -0.001000 -0.05906435)
        (0.37464911 -0.001000 -0.05904906)
        (0.37552738 -0.001000 -0.05903311)
        (0.37640563 -0.001000 -0.05901649)
        (0.37728388 -0.001000 -0.05899922)
        (0.37816210 -0.001000 -0.05898129)
        (0.37904032 -0.001000 -0.05896269)
        (0.37991852 -0.001000 -0.05894343)
        (0.38079671 -0.001000 -0.05892351)
        (0.38167488 -0.001000 -0.05890293)
        (0.38255304 -0.001000 -0.05888169)
        (0.38343118 -0.001000 -0.05885978)
        (0.38430930 -0.001000 -0.05883722)
        (0.38518741 -0.001000 -0.05881400)
        (0.38606550 -0.001000 -0.05879012)
        (0.38694357 -0.001000 -0.05876558)
        (0.38782162 -0.001000 -0.05874038)
        (0.38869965 -0.001000 -0.05871453)
        (0.38957766 -0.001000 -0.05868802)
        (0.39045566 -0.001000 -0.05866085)
        (0.39133363 -0.001000 -0.05863303)
        (0.39221158 -0.001000 -0.05860455)
        (0.39308951 -0.001000 -0.05857542)
        (0.39396742 -0.001000 -0.05854564)
        (0.39484531 -0.001000 -0.05851520)
        (0.39572317 -0.001000 -0.05848410)
        (0.39660101 -0.001000 -0.05845236)
        (0.39747883 -0.001000 -0.05841996)
        (0.39835662 -0.001000 -0.05838692)
        (0.39923439 -0.001000 -0.05835322)
        (0.40011213 -0.001000 -0.05831887)
        (0.40098985 -0.001000 -0.05828387)
        (0.40186754 -0.001000 -0.05824822)
        (0.40274520 -0.001000 -0.05821193)
        (0.40362283 -0.001000 -0.05817498)
        (0.40450044 -0.001000 -0.05813739)
        (0.40537802 -0.001000 -0.05809916)
        (0.40625557 -0.001000 -0.05806028)
        (0.40713310 -0.001000 -0.05802075)
        (0.40801059 -0.001000 -0.05798059)
        (0.40888806 -0.001000 -0.05793979)
        (0.40976549 -0.001000 -0.05789835)
        (0.41064290 -0.001000 -0.05785627)
        (0.41152027 -0.001000 -0.05781356)
        (0.41239761 -0.001000 -0.05777021)
        (0.41327492 -0.001000 -0.05772623)
        (0.41415220 -0.001000 -0.05768162)
        (0.41502945 -0.001000 -0.05763638)
        (0.41590666 -0.001000 -0.05759050)
        (0.41678384 -0.001000 -0.05754401)
        (0.41766099 -0.001000 -0.05749688)
        (0.41853811 -0.001000 -0.05744913)
        (0.41941519 -0.001000 -0.05740076)
        (0.42029223 -0.001000 -0.05735177)
        (0.42116924 -0.001000 -0.05730216)
        (0.42204622 -0.001000 -0.05725192)
        (0.42292316 -0.001000 -0.05720107)
        (0.42380006 -0.001000 -0.05714960)
        (0.42467693 -0.001000 -0.05709752)
        (0.42555376 -0.001000 -0.05704483)
        (0.42643055 -0.001000 -0.05699152)
        (0.42730730 -0.001000 -0.05693760)
        (0.42818402 -0.001000 -0.05688307)
        (0.42906070 -0.001000 -0.05682794)
        (0.42993734 -0.001000 -0.05677220)
        (0.43081394 -0.001000 -0.05671586)
        (0.43169051 -0.001000 -0.05665892)
        (0.43256703 -0.001000 -0.05660138)
        (0.43344351 -0.001000 -0.05654325)
        (0.43431996 -0.001000 -0.05648452)
        (0.43519637 -0.001000 -0.05642521)
        (0.43607273 -0.001000 -0.05636530)
        (0.43694906 -0.001000 -0.05630481)
        (0.43782534 -0.001000 -0.05624374)
        (0.43870159 -0.001000 -0.05618208)
        (0.43957779 -0.001000 -0.05611985)
        (0.44045395 -0.001000 -0.05605703)
        (0.44133007 -0.001000 -0.05599365)
        (0.44220615 -0.001000 -0.05592969)
        (0.44308219 -0.001000 -0.05586516)
        (0.44395818 -0.001000 -0.05580006)
        (0.44483414 -0.001000 -0.05573440)
        (0.44571005 -0.001000 -0.05566817)
        (0.44658592 -0.001000 -0.05560138)
        (0.44746174 -0.001000 -0.05553403)
        (0.44833752 -0.001000 -0.05546613)
        (0.44921326 -0.001000 -0.05539767)
        (0.45008896 -0.001000 -0.05532866)
        (0.45096461 -0.001000 -0.05525911)
        (0.45184022 -0.001000 -0.05518900)
        (0.45271578 -0.001000 -0.05511835)
        (0.45359130 -0.001000 -0.05504715)
        (0.45446677 -0.001000 -0.05497542)
        (0.45534220 -0.001000 -0.05490315)
        (0.45621759 -0.001000 -0.05483035)
        (0.45709293 -0.001000 -0.05475701)
        (0.45796823 -0.001000 -0.05468315)
        (0.45884348 -0.001000 -0.05460876)
        (0.45971869 -0.001000 -0.05453385)
        (0.46059385 -0.001000 -0.05445842)
        (0.46146897 -0.001000 -0.05438247)
        (0.46234404 -0.001000 -0.05430601)
        (0.46321907 -0.001000 -0.05422903)
        (0.46409405 -0.001000 -0.05415155)
        (0.46496899 -0.001000 -0.05407355)
        (0.46584389 -0.001000 -0.05399506)
        (0.46671874 -0.001000 -0.05391606)
        (0.46759354 -0.001000 -0.05383657)
        (0.46846830 -0.001000 -0.05375657)
        (0.46934301 -0.001000 -0.05367609)
        (0.47021768 -0.001000 -0.05359511)
        (0.47109230 -0.001000 -0.05351365)
        (0.47196688 -0.001000 -0.05343171)
        (0.47284141 -0.001000 -0.05334928)
        (0.47371590 -0.001000 -0.05326637)
        (0.47459034 -0.001000 -0.05318298)
        (0.47546473 -0.001000 -0.05309912)
        (0.47633908 -0.001000 -0.05301479)
        (0.47721338 -0.001000 -0.05292999)
        (0.47808764 -0.001000 -0.05284473)
        (0.47896185 -0.001000 -0.05275900)
        (0.47983602 -0.001000 -0.05267282)
        (0.48071014 -0.001000 -0.05258617)
        (0.48158422 -0.001000 -0.05249908)
        (0.48245825 -0.001000 -0.05241153)
        (0.48333224 -0.001000 -0.05232354)
        (0.48420618 -0.001000 -0.05223511)
        (0.48508008 -0.001000 -0.05214623)
        (0.48595393 -0.001000 -0.05205691)
        (0.48682774 -0.001000 -0.05196716)
        (0.48770150 -0.001000 -0.05187698)
        (0.48857522 -0.001000 -0.05178637)
        (0.48944890 -0.001000 -0.05169533)
        (0.49032253 -0.001000 -0.05160387)
        (0.49119611 -0.001000 -0.05151199)
        (0.49206966 -0.001000 -0.05141969)
        (0.49294316 -0.001000 -0.05132698)
        (0.49381661 -0.001000 -0.05123386)
        (0.49469002 -0.001000 -0.05114033)
        (0.49556339 -0.001000 -0.05104639)
        (0.49643672 -0.001000 -0.05095206)
        (0.49731000 -0.001000 -0.05085732)
        (0.49818324 -0.001000 -0.05076219)
        (0.49905643 -0.001000 -0.05066667)
        (0.49992958 -0.001000 -0.05057075)
        (0.50080269 -0.001000 -0.05047445)
        (0.50167576 -0.001000 -0.05037777)
        (0.50254878 -0.001000 -0.05028070)
        (0.50342176 -0.001000 -0.05018326)
        (0.50429470 -0.001000 -0.05008545)
        (0.50516760 -0.001000 -0.04998726)
        (0.50604046 -0.001000 -0.04988871)
        (0.50691327 -0.001000 -0.04978979)
        (0.50778605 -0.001000 -0.04969051)
        (0.50865878 -0.001000 -0.04959087)
        (0.50953147 -0.001000 -0.04949088)
        (0.51040413 -0.001000 -0.04939054)
        (0.51127674 -0.001000 -0.04928985)
        (0.51214931 -0.001000 -0.04918882)
        (0.51302184 -0.001000 -0.04908744)
        (0.51389434 -0.001000 -0.04898572)
        (0.51476679 -0.001000 -0.04888367)
        (0.51563921 -0.001000 -0.04878129)
        (0.51651159 -0.001000 -0.04867858)
        (0.51738392 -0.001000 -0.04857555)
        (0.51825623 -0.001000 -0.04847219)
        (0.51912849 -0.001000 -0.04836851)
        (0.52000071 -0.001000 -0.04826452)
        (0.52087290 -0.001000 -0.04816022)
        (0.52174505 -0.001000 -0.04805560)
        (0.52261717 -0.001000 -0.04795068)
        (0.52348924 -0.001000 -0.04784546)
        (0.52436129 -0.001000 -0.04773994)
        (0.52523329 -0.001000 -0.04763412)
        (0.52610526 -0.001000 -0.04752800)
        (0.52697719 -0.001000 -0.04742160)
        (0.52784909 -0.001000 -0.04731491)
        (0.52872095 -0.001000 -0.04720793)
        (0.52959278 -0.001000 -0.04710066)
        (0.53046457 -0.001000 -0.04699312)
        (0.53133633 -0.001000 -0.04688529)
        (0.53220805 -0.001000 -0.04677719)
        (0.53307974 -0.001000 -0.04666881)
        (0.53395140 -0.001000 -0.04656016)
        (0.53482302 -0.001000 -0.04645124)
        (0.53569461 -0.001000 -0.04634205)
        (0.53656616 -0.001000 -0.04623260)
        (0.53743769 -0.001000 -0.04612288)
        (0.53830917 -0.001000 -0.04601291)
        (0.53918063 -0.001000 -0.04590267)
        (0.54005206 -0.001000 -0.04579218)
        (0.54092345 -0.001000 -0.04568144)
        (0.54179481 -0.001000 -0.04557044)
        (0.54266614 -0.001000 -0.04545920)
        (0.54353743 -0.001000 -0.04534771)
        (0.54440870 -0.001000 -0.04523598)
        (0.54527993 -0.001000 -0.04512400)
        (0.54615114 -0.001000 -0.04501178)
        (0.54702231 -0.001000 -0.04489933)
        (0.54789345 -0.001000 -0.04478665)
        (0.54876456 -0.001000 -0.04467373)
        (0.54963565 -0.001000 -0.04456058)
        (0.55050670 -0.001000 -0.04444720)
        (0.55137772 -0.001000 -0.04433360)
        (0.55224872 -0.001000 -0.04421978)
        (0.55311968 -0.001000 -0.04410573)
        (0.55399062 -0.001000 -0.04399147)
        (0.55486152 -0.001000 -0.04387699)
        (0.55573240 -0.001000 -0.04376230)
        (0.55660326 -0.001000 -0.04364740)
        (0.55747408 -0.001000 -0.04353228)
        (0.55834488 -0.001000 -0.04341696)
        (0.55921565 -0.001000 -0.04330144)
        (0.56008639 -0.001000 -0.04318571)
        (0.56095711 -0.001000 -0.04306978)
        (0.56182780 -0.001000 -0.04295365)
        (0.56269846 -0.001000 -0.04283733)
        (0.56356910 -0.001000 -0.04272082)
        (0.56443971 -0.001000 -0.04260411)
        (0.56531030 -0.001000 -0.04248722)
        (0.56618086 -0.001000 -0.04237014)
        (0.56705140 -0.001000 -0.04225287)
        (0.56792191 -0.001000 -0.04213543)
        (0.56879240 -0.001000 -0.04201780)
        (0.56966286 -0.001000 -0.04189999)
        (0.57053330 -0.001000 -0.04178201)
        (0.57140372 -0.001000 -0.04166386)
        (0.57227411 -0.001000 -0.04154554)
        (0.57314449 -0.001000 -0.04142705)
        (0.57401483 -0.001000 -0.04130839)
        (0.57488516 -0.001000 -0.04118957)
        (0.57575546 -0.001000 -0.04107058)
        (0.57662574 -0.001000 -0.04095144)
        (0.57749600 -0.001000 -0.04083214)
        (0.57836624 -0.001000 -0.04071268)
        (0.57923646 -0.001000 -0.04059306)
        (0.58010665 -0.001000 -0.04047329)
        (0.58097683 -0.001000 -0.04035337)
        (0.58184698 -0.001000 -0.04023330)
        (0.58271712 -0.001000 -0.04011308)
        (0.58358723 -0.001000 -0.03999272)
        (0.58445732 -0.001000 -0.03987221)
        (0.58532740 -0.001000 -0.03975155)
        (0.58619745 -0.001000 -0.03963076)
        (0.58706749 -0.001000 -0.03950983)
        (0.58793750 -0.001000 -0.03938876)
        (0.58880750 -0.001000 -0.03926755)
        (0.58967748 -0.001000 -0.03914621)
        (0.59054743 -0.001000 -0.03902474)
        (0.59141738 -0.001000 -0.03890314)
        (0.59228730 -0.001000 -0.03878141)
        (0.59315720 -0.001000 -0.03865955)
        (0.59402709 -0.001000 -0.03853757)
        (0.59489696 -0.001000 -0.03841546)
        (0.59576682 -0.001000 -0.03829324)
        (0.59663665 -0.001000 -0.03817089)
        (0.59750647 -0.001000 -0.03804843)
        (0.59837628 -0.001000 -0.03792585)
        (0.59924607 -0.001000 -0.03780315)
        (0.60011584 -0.001000 -0.03768034)
        (0.60098559 -0.001000 -0.03755743)
        (0.60185533 -0.001000 -0.03743440)
        (0.60272506 -0.001000 -0.03731126)
        (0.60359477 -0.001000 -0.03718802)
        (0.60446446 -0.001000 -0.03706467)
        (0.60533414 -0.001000 -0.03694123)
        (0.60620381 -0.001000 -0.03681768)
        (0.60707346 -0.001000 -0.03669403)
        (0.60794310 -0.001000 -0.03657028)
        (0.60881273 -0.001000 -0.03644644)
        (0.60968234 -0.001000 -0.03632250)
        (0.61055194 -0.001000 -0.03619847)
        (0.61142152 -0.001000 -0.03607435)
        (0.61229109 -0.001000 -0.03595014)
        (0.61316065 -0.001000 -0.03582584)
        (0.61403020 -0.001000 -0.03570145)
        (0.61489974 -0.001000 -0.03557698)
        (0.61576926 -0.001000 -0.03545243)
        (0.61663877 -0.001000 -0.03532780)
        (0.61750827 -0.001000 -0.03520309)
        (0.61837776 -0.001000 -0.03507830)
        (0.61924724 -0.001000 -0.03495343)
        (0.62011671 -0.001000 -0.03482849)
        (0.62098616 -0.001000 -0.03470348)
        (0.62185561 -0.001000 -0.03457839)
        (0.62272505 -0.001000 -0.03445324)
        (0.62359447 -0.001000 -0.03432802)
        (0.62446389 -0.001000 -0.03420273)
        (0.62533330 -0.001000 -0.03407737)
        (0.62620270 -0.001000 -0.03395196)
        (0.62707209 -0.001000 -0.03382648)
        (0.62794147 -0.001000 -0.03370094)
        (0.62881084 -0.001000 -0.03357535)
        (0.62968021 -0.001000 -0.03344969)
        (0.63054956 -0.001000 -0.03332398)
        (0.63141891 -0.001000 -0.03319822)
        (0.63228825 -0.001000 -0.03307241)
        (0.63315759 -0.001000 -0.03294654)
        (0.63402692 -0.001000 -0.03282063)
        (0.63489624 -0.001000 -0.03269467)
        (0.63576555 -0.001000 -0.03256866)
        (0.63663486 -0.001000 -0.03244261)
        (0.63750416 -0.001000 -0.03231651)
        (0.63837345 -0.001000 -0.03219038)
        (0.63924274 -0.001000 -0.03206420)
        (0.64011202 -0.001000 -0.03193799)
        (0.64098130 -0.001000 -0.03181174)
        (0.64185058 -0.001000 -0.03168546)
        (0.64271985 -0.001000 -0.03155914)
        (0.64358911 -0.001000 -0.03143279)
        (0.64445837 -0.001000 -0.03130641)
        (0.64532762 -0.001000 -0.03118000)
        (0.64619688 -0.001000 -0.03105357)
        (0.64706612 -0.001000 -0.03092711)
        (0.64793537 -0.001000 -0.03080063)
        (0.64880461 -0.001000 -0.03067412)
        (0.64967385 -0.001000 -0.03054760)
        (0.65054308 -0.001000 -0.03042106)
        (0.65141232 -0.001000 -0.03029450)
        (0.65228155 -0.001000 -0.03016793)
        (0.65315078 -0.001000 -0.03004134)
        (0.65402001 -0.001000 -0.02991475)
        (0.65488923 -0.001000 -0.02978815)
        (0.65575846 -0.001000 -0.02966154)
        (0.65662768 -0.001000 -0.02953492)
        (0.65749691 -0.001000 -0.02940830)
        (0.65836613 -0.001000 -0.02928168)
        (0.65923536 -0.001000 -0.02915506)
        (0.66010458 -0.001000 -0.02902844)
        (0.66097381 -0.001000 -0.02890183)
        (0.66184303 -0.001000 -0.02877522)
        (0.66271226 -0.001000 -0.02864862)
        (0.66358149 -0.001000 -0.02852203)
        (0.66445072 -0.001000 -0.02839545)
        (0.66531995 -0.001000 -0.02826889)
        (0.66618919 -0.001000 -0.02814234)
        (0.66705842 -0.001000 -0.02801580)
        (0.66792766 -0.001000 -0.02788929)
        (0.66879690 -0.001000 -0.02776279)
        (0.66966615 -0.001000 -0.02763632)
        (0.67053540 -0.001000 -0.02750987)
        (0.67140465 -0.001000 -0.02738345)
        (0.67227391 -0.001000 -0.02725705)
        (0.67314317 -0.001000 -0.02713068)
        (0.67401244 -0.001000 -0.02700435)
        (0.67488171 -0.001000 -0.02687804)
        (0.67575098 -0.001000 -0.02675177)
        (0.67662026 -0.001000 -0.02662554)
        (0.67748955 -0.001000 -0.02649934)
        (0.67835884 -0.001000 -0.02637319)
        (0.67922814 -0.001000 -0.02624707)
        (0.68009744 -0.001000 -0.02612100)
        (0.68096675 -0.001000 -0.02599498)
        (0.68183607 -0.001000 -0.02586899)
        (0.68270540 -0.001000 -0.02574306)
        (0.68357473 -0.001000 -0.02561718)
        (0.68444407 -0.001000 -0.02549135)
        (0.68531341 -0.001000 -0.02536557)
        (0.68618277 -0.001000 -0.02523985)
        (0.68705213 -0.001000 -0.02511418)
        (0.68792150 -0.001000 -0.02498858)
        (0.68879088 -0.001000 -0.02486303)
        (0.68966027 -0.001000 -0.02473755)
        (0.69052967 -0.001000 -0.02461213)
        (0.69139908 -0.001000 -0.02448677)
        (0.69226850 -0.001000 -0.02436148)
        (0.69313792 -0.001000 -0.02423627)
        (0.69400736 -0.001000 -0.02411112)
        (0.69487681 -0.001000 -0.02398604)
        (0.69574627 -0.001000 -0.02386104)
        (0.69661574 -0.001000 -0.02373612)
        (0.69748522 -0.001000 -0.02361128)
        (0.69835471 -0.001000 -0.02348651)
        (0.69922422 -0.001000 -0.02336183)
        (0.70009373 -0.001000 -0.02323723)
        (0.70096326 -0.001000 -0.02311271)
        (0.70183280 -0.001000 -0.02298829)
        (0.70270236 -0.001000 -0.02286395)
        (0.70357192 -0.001000 -0.02273970)
        (0.70444150 -0.001000 -0.02261555)
        (0.70531110 -0.001000 -0.02249149)
        (0.70618071 -0.001000 -0.02236753)
        (0.70705033 -0.001000 -0.02224366)
        (0.70791996 -0.001000 -0.02211990)
        (0.70878961 -0.001000 -0.02199624)
        (0.70965928 -0.001000 -0.02187268)
        (0.71052896 -0.001000 -0.02174922)
        (0.71139865 -0.001000 -0.02162588)
        (0.71226837 -0.001000 -0.02150264)
        (0.71313809 -0.001000 -0.02137952)
        (0.71400783 -0.001000 -0.02125650)
        (0.71487759 -0.001000 -0.02113361)
        (0.71574737 -0.001000 -0.02101083)
        (0.71661716 -0.001000 -0.02088816)
        (0.71748697 -0.001000 -0.02076562)
        (0.71835680 -0.001000 -0.02064321)
        (0.71922664 -0.001000 -0.02052091)
        (0.72009650 -0.001000 -0.02039875)
        (0.72096638 -0.001000 -0.02027671)
        (0.72183628 -0.001000 -0.02015481)
        (0.72270620 -0.001000 -0.02003303)
        (0.72357614 -0.001000 -0.01991140)
        (0.72444609 -0.001000 -0.01978990)
        (0.72531607 -0.001000 -0.01966854)
        (0.72618606 -0.001000 -0.01954732)
        (0.72705608 -0.001000 -0.01942625)
        (0.72792611 -0.001000 -0.01930532)
        (0.72879617 -0.001000 -0.01918454)
        (0.72966624 -0.001000 -0.01906390)
        (0.73053634 -0.001000 -0.01894342)
        (0.73140646 -0.001000 -0.01882310)
        (0.73227660 -0.001000 -0.01870293)
        (0.73314676 -0.001000 -0.01858292)
        (0.73401695 -0.001000 -0.01846306)
        (0.73488715 -0.001000 -0.01834337)
        (0.73575738 -0.001000 -0.01822385)
        (0.73662763 -0.001000 -0.01810449)
        (0.73749791 -0.001000 -0.01798530)
        (0.73836821 -0.001000 -0.01786628)
        (0.73923853 -0.001000 -0.01774743)
        (0.74010888 -0.001000 -0.01762876)
        (0.74097925 -0.001000 -0.01751026)
        (0.74184964 -0.001000 -0.01739194)
        (0.74272006 -0.001000 -0.01727380)
        (0.74359050 -0.001000 -0.01715584)
        (0.74446097 -0.001000 -0.01703807)
        (0.74533146 -0.001000 -0.01692049)
        (0.74620198 -0.001000 -0.01680309)
        (0.74707253 -0.001000 -0.01668589)
        (0.74794310 -0.001000 -0.01656888)
        (0.74881370 -0.001000 -0.01645206)
        (0.74968432 -0.001000 -0.01633544)
        (0.75055497 -0.001000 -0.01621902)
        (0.75142565 -0.001000 -0.01610280)
        (0.75229635 -0.001000 -0.01598679)
        (0.75316708 -0.001000 -0.01587098)
        (0.75403784 -0.001000 -0.01575537)
        (0.75490863 -0.001000 -0.01563998)
        (0.75577944 -0.001000 -0.01552480)
        (0.75665029 -0.001000 -0.01540983)
        (0.75752116 -0.001000 -0.01529508)
        (0.75839206 -0.001000 -0.01518054)
        (0.75926299 -0.001000 -0.01506622)
        (0.76013395 -0.001000 -0.01495212)
        (0.76100493 -0.001000 -0.01483825)
        (0.76187595 -0.001000 -0.01472459)
        (0.76274699 -0.001000 -0.01461116)
        (0.76361807 -0.001000 -0.01449796)
        (0.76448917 -0.001000 -0.01438498)
        (0.76536031 -0.001000 -0.01427223)
        (0.76623147 -0.001000 -0.01415970)
        (0.76710266 -0.001000 -0.01404741)
        (0.76797388 -0.001000 -0.01393535)
        (0.76884514 -0.001000 -0.01382352)
        (0.76971642 -0.001000 -0.01371192)
        (0.77058773 -0.001000 -0.01360056)
        (0.77145907 -0.001000 -0.01348944)
        (0.77233045 -0.001000 -0.01337855)
        (0.77320185 -0.001000 -0.01326790)
        (0.77407328 -0.001000 -0.01315750)
        (0.77494475 -0.001000 -0.01304733)
        (0.77581624 -0.001000 -0.01293741)
        (0.77668777 -0.001000 -0.01282773)
        (0.77755932 -0.001000 -0.01271830)
        (0.77843091 -0.001000 -0.01260911)
        (0.77930253 -0.001000 -0.01250017)
        (0.78017418 -0.001000 -0.01239148)
        (0.78104586 -0.001000 -0.01228304)
        (0.78191757 -0.001000 -0.01217485)
        (0.78278932 -0.001000 -0.01206692)
        (0.78366109 -0.001000 -0.01195924)
        (0.78453290 -0.001000 -0.01185181)
        (0.78540474 -0.001000 -0.01174464)
        (0.78627661 -0.001000 -0.01163773)
        (0.78714851 -0.001000 -0.01153108)
        (0.78802044 -0.001000 -0.01142469)
        (0.78889241 -0.001000 -0.01131856)
        (0.78976440 -0.001000 -0.01121270)
        (0.79063643 -0.001000 -0.01110710)
        (0.79150849 -0.001000 -0.01100176)
        (0.79238059 -0.001000 -0.01089669)
        (0.79325271 -0.001000 -0.01079189)
        (0.79412487 -0.001000 -0.01068736)
        (0.79499706 -0.001000 -0.01058310)
        (0.79586928 -0.001000 -0.01047911)
        (0.79674154 -0.001000 -0.01037540)
        (0.79761383 -0.001000 -0.01027196)
        (0.79848615 -0.001000 -0.01016879)
        (0.79935850 -0.001000 -0.01006591)
        (0.80023089 -0.001000 -0.00996330)
        (0.80110331 -0.001000 -0.00986097)
        (0.80197576 -0.001000 -0.00975893)
        (0.80284825 -0.001000 -0.00965718)
        (0.80372077 -0.001000 -0.00955571)
        (0.80459333 -0.001000 -0.00945453)
        (0.80546591 -0.001000 -0.00935364)
        (0.80633853 -0.001000 -0.00925305)
        (0.80721119 -0.001000 -0.00915275)
        (0.80808388 -0.001000 -0.00905275)
        (0.80895660 -0.001000 -0.00895305)
        (0.80982936 -0.001000 -0.00885365)
        (0.81070215 -0.001000 -0.00875455)
        (0.81157498 -0.001000 -0.00865576)
        (0.81244784 -0.001000 -0.00855728)
        (0.81332074 -0.001000 -0.00845911)
        (0.81419367 -0.001000 -0.00836125)
        (0.81506664 -0.001000 -0.00826370)
        (0.81593964 -0.001000 -0.00816647)
        (0.81681268 -0.001000 -0.00806956)
        (0.81768576 -0.001000 -0.00797297)
        (0.81855886 -0.001000 -0.00787670)
        (0.81943201 -0.001000 -0.00778075)
        (0.82030519 -0.001000 -0.00768513)
        (0.82117841 -0.001000 -0.00758984)
        (0.82205166 -0.001000 -0.00749488)
        (0.82292495 -0.001000 -0.00740025)
        (0.82379828 -0.001000 -0.00730596)
        (0.82467164 -0.001000 -0.00721201)
        (0.82554504 -0.001000 -0.00711840)
        (0.82641847 -0.001000 -0.00702513)
        (0.82729194 -0.001000 -0.00693221)
        (0.82816545 -0.001000 -0.00683964)
        (0.82903900 -0.001000 -0.00674741)
        (0.82991258 -0.001000 -0.00665554)
        (0.83078620 -0.001000 -0.00656402)
        (0.83165986 -0.001000 -0.00647287)
        (0.83253356 -0.001000 -0.00638207)
        (0.83340729 -0.001000 -0.00629163)
        (0.83428106 -0.001000 -0.00620155)
        (0.83515487 -0.001000 -0.00611185)
        (0.83602871 -0.001000 -0.00602251)
        (0.83690260 -0.001000 -0.00593354)
        (0.83777652 -0.001000 -0.00584495)
        (0.83865048 -0.001000 -0.00575673)
        (0.83952448 -0.001000 -0.00566890)
        (0.84039852 -0.001000 -0.00558145)
        (0.84127259 -0.001000 -0.00549438)
        (0.84214671 -0.001000 -0.00540771)
        (0.84302086 -0.001000 -0.00532142)
        (0.84389506 -0.001000 -0.00523553)
        (0.84476929 -0.001000 -0.00515004)
        (0.84564356 -0.001000 -0.00506495)
        (0.84651787 -0.001000 -0.00498026)
        (0.84739222 -0.001000 -0.00489598)
        (0.84826660 -0.001000 -0.00481211)
        (0.84914103 -0.001000 -0.00472865)
        (0.85001550 -0.001000 -0.00464560)
        (0.85089000 -0.001000 -0.00456298)
        (0.85176455 -0.001000 -0.00448077)
        (0.85263914 -0.001000 -0.00439899)
        (0.85351376 -0.001000 -0.00431764)
        (0.85438843 -0.001000 -0.00423672)
        (0.85526314 -0.001000 -0.00415622)
        (0.85613788 -0.001000 -0.00407617)
        (0.85701267 -0.001000 -0.00399655)
        (0.85788750 -0.001000 -0.00391738)
        (0.85876236 -0.001000 -0.00383864)
        (0.85963727 -0.001000 -0.00376036)
        (0.86051221 -0.001000 -0.00368252)
        (0.86138720 -0.001000 -0.00360514)
        (0.86226223 -0.001000 -0.00352821)
        (0.86313730 -0.001000 -0.00345174)
        (0.86401240 -0.001000 -0.00337574)
        (0.86488755 -0.001000 -0.00330019)
        (0.86576274 -0.001000 -0.00322512)
        (0.86663797 -0.001000 -0.00315051)
        (0.86751323 -0.001000 -0.00307637)
        (0.86838854 -0.001000 -0.00300272)
        (0.86926389 -0.001000 -0.00292953)
        (0.87013928 -0.001000 -0.00285683)
        (0.87101471 -0.001000 -0.00278462)
        (0.87189018 -0.001000 -0.00271289)
        (0.87276569 -0.001000 -0.00264165)
        (0.87364124 -0.001000 -0.00257091)
        (0.87451683 -0.001000 -0.00250068)
        (0.87539246 -0.001000 -0.00243094)
        (0.87626813 -0.001000 -0.00236172)
        (0.87714384 -0.001000 -0.00229301)
        (0.87801959 -0.001000 -0.00222482)
        (0.87889539 -0.001000 -0.00215715)
        (0.87977122 -0.001000 -0.00209001)
        (0.88064709 -0.001000 -0.00202340)
        (0.88152301 -0.001000 -0.00195733)
        (0.88239896 -0.001000 -0.00189180)
        (0.88327496 -0.001000 -0.00182681)
        (0.88415099 -0.001000 -0.00176238)
        (0.88502707 -0.001000 -0.00169849)
        (0.88590319 -0.001000 -0.00163517)
        (0.88677934 -0.001000 -0.00157241)
        (0.88765554 -0.001000 -0.00151021)
        (0.88853178 -0.001000 -0.00144859)
        (0.88940806 -0.001000 -0.00138754)
        (0.89028438 -0.001000 -0.00132707)
        (0.89116074 -0.001000 -0.00126719)
        (0.89203714 -0.001000 -0.00120789)
        (0.89291358 -0.001000 -0.00114918)
        (0.89379006 -0.001000 -0.00109107)
        (0.89466658 -0.001000 -0.00103355)
        (0.89554314 -0.001000 -0.00097664)
        (0.89641973 -0.001000 -0.00092033)
        (0.89729637 -0.001000 -0.00086464)
        (0.89817304 -0.001000 -0.00080956)
        (0.89904976 -0.001000 -0.00075510)
        (0.89992651 -0.001000 -0.00070126)
        (0.90080330 -0.001000 -0.00064804)
        (0.90168013 -0.001000 -0.00059546)
        (0.90255699 -0.001000 -0.00054351)
        (0.90343390 -0.001000 -0.00049220)
        (0.90431084 -0.001000 -0.00044154)
        (0.90518782 -0.001000 -0.00039153)
        (0.90606484 -0.001000 -0.00034217)
        (0.90694189 -0.001000 -0.00029347)
        (0.90781898 -0.001000 -0.00024544)
        (0.90869611 -0.001000 -0.00019808)
        (0.90957327 -0.001000 -0.00015139)
        (0.91045047 -0.001000 -0.00010539)
        (0.91132770 -0.001000 -0.00006007)
        (0.91220497 -0.001000 -0.00001545)
        (0.91308227 -0.001000 0.00002848)
        (0.91395961 -0.001000 0.00007170)
        (0.91483699 -0.001000 0.00011422)
        (0.91571440 -0.001000 0.00015603)
        (0.91659184 -0.001000 0.00019711)
        (0.91746931 -0.001000 0.00023748)
        (0.91834682 -0.001000 0.00027712)
        (0.91922437 -0.001000 0.00031602)
        (0.92010194 -0.001000 0.00035419)
        (0.92097955 -0.001000 0.00039163)
        (0.92185719 -0.001000 0.00042831)
        (0.92273485 -0.001000 0.00046425)
        (0.92361255 -0.001000 0.00049944)
        (0.92449028 -0.001000 0.00053387)
        (0.92536804 -0.001000 0.00056754)
        (0.92624583 -0.001000 0.00060045)
        (0.92712365 -0.001000 0.00063258)
        (0.92800149 -0.001000 0.00066394)
        (0.92887936 -0.001000 0.00069453)
        (0.92975726 -0.001000 0.00072433)
        (0.93063519 -0.001000 0.00075334)
        (0.93151314 -0.001000 0.00078156)
        (0.93239111 -0.001000 0.00080897)
        (0.93326912 -0.001000 0.00083557)
        (0.93414714 -0.001000 0.00086136)
        (0.93502519 -0.001000 0.00088633)
        (0.93590326 -0.001000 0.00091046)
        (0.93678136 -0.001000 0.00093377)
        (0.93765948 -0.001000 0.00095622)
        (0.93853761 -0.001000 0.00097783)
        (0.93941577 -0.001000 0.00099858)
        (0.94029395 -0.001000 0.00101847)
        (0.94117215 -0.001000 0.00103749)
        (0.94205037 -0.001000 0.00105564)
        (0.94292861 -0.001000 0.00107289)
        (0.94380686 -0.001000 0.00108925)
        (0.94468513 -0.001000 0.00110471)
        (0.94556341 -0.001000 0.00111925)
        (0.94644171 -0.001000 0.00113287)
        (0.94732003 -0.001000 0.00114556)
        (0.94819835 -0.001000 0.00115730)
        (0.94907669 -0.001000 0.00116809)
        (0.94995504 -0.001000 0.00117793)
        (0.95083340 -0.001000 0.00118679)
        (0.95171177 -0.001000 0.00119467)
        (0.95259014 -0.001000 0.00120156)
        (0.95346853 -0.001000 0.00120746)
        (0.95434692 -0.001000 0.00121235)
        (0.95522532 -0.001000 0.00121624)
        (0.95610372 -0.001000 0.00121911)
        (0.95698212 -0.001000 0.00122097)
        (0.95786053 -0.001000 0.00122179)
        (0.95873893 -0.001000 0.00122159)
        (0.95961733 -0.001000 0.00122034)
        (0.96049573 -0.001000 0.00121805)
        (0.96137413 -0.001000 0.00121471)
        (0.96225253 -0.001000 0.00121031)
        (0.96313091 -0.001000 0.00120486)
        (0.96400929 -0.001000 0.00119833)
        (0.96488766 -0.001000 0.00119074)
        (0.96576603 -0.001000 0.00118207)
        (0.96664438 -0.001000 0.00117233)
        (0.96752271 -0.001000 0.00116150)
        (0.96840104 -0.001000 0.00114959)
        (0.96927934 -0.001000 0.00113660)
        (0.97015763 -0.001000 0.00112251)
        (0.97103591 -0.001000 0.00110732)
        (0.97191416 -0.001000 0.00109104)
        (0.97279239 -0.001000 0.00107366)
        (0.97367060 -0.001000 0.00105519)
        (0.97454878 -0.001000 0.00103563)
        (0.97542694 -0.001000 0.00101498)
        (0.97630508 -0.001000 0.00099324)
        (0.97718318 -0.001000 0.00097041)
        (0.97806126 -0.001000 0.00094650)
        (0.97893930 -0.001000 0.00092151)
        (0.97981732 -0.001000 0.00089544)
        (0.98069530 -0.001000 0.00086828)
        (0.98157325 -0.001000 0.00084006)
        (0.98245116 -0.001000 0.00081076)
        (0.98332904 -0.001000 0.00078038)
        (0.98420687 -0.001000 0.00074893)
        (0.98508467 -0.001000 0.00071642)
        (0.98596243 -0.001000 0.00068283)
        (0.98684015 -0.001000 0.00064818)
        (0.98771782 -0.001000 0.00061246)
        (0.98859545 -0.001000 0.00057568)
        (0.98947304 -0.001000 0.00053783)
        (0.99035057 -0.001000 0.00049891)
        (0.99122806 -0.001000 0.00045893)
        (0.99210550 -0.001000 0.00041788)
        (0.99298289 -0.001000 0.00037577)
        (0.99386023 -0.001000 0.00033261)
        (0.99473752 -0.001000 0.00028839)
        (0.99561475 -0.001000 0.00024311)
        (0.99649192 -0.001000 0.00019674)
        (0.99736904 -0.001000 0.00014925)
        (0.99824609 -0.001000 0.00010062)
        (0.99912307 -0.001000 0.00005084)
    )
    polyLine 19 17
    (
        (0.30087774 0.001000 -0.05817806)
        (0.30175550 0.001000 -0.05821169)
        (0.30263328 0.001000 -0.05824484)
        (0.30351108 0.001000 -0.05827750)
        (0.30438890 0.001000 -0.05830967)
        (0.30526673 0.001000 -0.05834134)
        (0.30614458 0.001000 -0.05837252)
        (0.30702245 0.001000 -0.05840319)
        (0.30790034 0.001000 -0.05843337)
        (0.30877825 0.001000 -0.05846303)
        (0.30965617 0.001000 -0.05849219)
        (0.31053411 0.001000 -0.05852084)
        (0.31141207 0.001000 -0.05854898)
        (0.31229004 0.001000 -0.05857660)
        (0.31316803 0.001000 -0.05860370)
        (0.31404604 0.001000 -0.05863027)
        (0.31492406 0.001000 -0.05865632)
        (0.31580210 0.001000 -0.05868183)
        (0.31668015 0.001000 -0.05870682)
        (0.31755822 0.001000 -0.05873127)
        (0.31843630 0.001000 -0.05875517)
        (0.31931440 0.001000 -0.05877854)
        (0.32019251 0.001000 -0.05880136)
        (0.32107064 0.001000 -0.05882363)
        (0.32194878 0.001000 -0.05884535)
        (0.32282693 0.001000 -0.05886652)
        (0.32370510 0.001000 -0.05888712)
        (0.32458327 0.001000 -0.05890717)
        (0.32546147 0.001000 -0.05892665)
        (0.32633967 0.001000 -0.05894556)
        (0.32721789 0.001000 -0.05896390)
        (0.32809611 0.001000 -0.05898167)
        (0.32897435 0.001000 -0.05899886)
        (0.32985261 0.001000 -0.05901547)
        (0.33073087 0.001000 -0.05903149)
        (0.33160914 0.001000 -0.05904693)
        (0.33248742 0.001000 -0.05906179)
        (0.33336572 0.001000 -0.05907604)
        (0.33424402 0.001000 -0.05908971)
        (0.33512233 0.001000 -0.05910278)
        (0.33600066 0.001000 -0.05911526)
        (0.33687899 0.001000 -0.05912713)
        (0.33775732 0.001000 -0.05913841)
        (0.33863567 0.001000 -0.05914908)
        (0.33951402 0.001000 -0.05915916)
        (0.34039238 0.001000 -0.05916862)
        (0.34127075 0.001000 -0.05917748)
        (0.34214912 0.001000 -0.05918574)
        (0.34302750 0.001000 -0.05919338)
        (0.34390588 0.001000 -0.05920041)
        (0.34478427 0.001000 -0.05920682)
        (0.34566266 0.001000 -0.05921262)
        (0.34654106 0.001000 -0.05921781)
        (0.34741946 0.001000 -0.05922237)
        (0.34829786 0.001000 -0.05922632)
        (0.34917626 0.001000 -0.05922964)
        (0.35005467 0.001000 -0.05923234)
        (0.35093308 0.001000 -0.05923442)
        (0.35181149 0.001000 -0.05923586)
        (0.35268990 0.001000 -0.05923668)
        (0.35356831 0.001000 -0.05923687)
        (0.35444672 0.001000 -0.05923643)
        (0.35532514 0.001000 -0.05923535)
        (0.35620355 0.001000 -0.05923363)
        (0.35708196 0.001000 -0.05923128)
        (0.35796036 0.001000 -0.05922830)
        (0.35883877 0.001000 -0.05922467)
        (0.35971717 0.001000 -0.05922041)
        (0.36059557 0.001000 -0.05921550)
        (0.36147397 0.001000 -0.05920995)
        (0.36235236 0.001000 -0.05920376)
        (0.36323074 0.001000 -0.05919693)
        (0.36410912 0.001000 -0.05918945)
        (0.36498750 0.001000 -0.05918133)
        (0.36586587 0.001000 -0.05917256)
        (0.36674423 0.001000 -0.05916314)
        (0.36762259 0.001000 -0.05915308)
        (0.36850094 0.001000 -0.05914236)
        (0.36937927 0.001000 -0.05913099)
        (0.37025761 0.001000 -0.05911897)
        (0.37113593 0.001000 -0.05910630)
        (0.37201424 0.001000 -0.05909297)
        (0.37289254 0.001000 -0.05907899)
        (0.37377083 0.001000 -0.05906435)
        (0.37464911 0.001000 -0.05904906)
        (0.37552738 0.001000 -0.05903311)
        (0.37640563 0.001000 -0.05901649)
        (0.37728388 0.001000 -0.05899922)
        (0.37816210 0.001000 -0.05898129)
        (0.37904032 0.001000 -0.05896269)
        (0.37991852 0.001000 -0.05894343)
        (0.38079671 0.001000 -0.05892351)
        (0.38167488 0.001000 -0.05890293)
        (0.38255304 0.001000 -0.05888169)
        (0.38343118 0.001000 -0.05885978)
        (0.38430930 0.001000 -0.05883722)
        (0.38518741 0.001000 -0.05881400)
        (0.38606550 0.001000 -0.05879012)
        (0.38694357 0.001000 -0.05876558)
        (0.38782162 0.001000 -0.05874038)
        (0.38869965 0.001000 -0.05871453)
        (0.38957766 0.001000 -0.05868802)
        (0.39045566 0.001000 -0.05866085)
        (0.39133363 0.001000 -0.05863303)
        (0.39221158 0.001000 -0.05860455)
        (0.39308951 0.001000 -0.05857542)
        (0.39396742 0.001000 -0.05854564)
        (0.39484531 0.001000 -0.05851520)
        (0.39572317 0.001000 -0.05848410)
        (0.39660101 0.001000 -0.05845236)
        (0.39747883 0.001000 -0.05841996)
        (0.39835662 0.001000 -0.05838692)
        (0.39923439 0.001000 -0.05835322)
        (0.40011213 0.001000 -0.05831887)
        (0.40098985 0.001000 -0.05828387)
        (0.40186754 0.001000 -0.05824822)
        (0.40274520 0.001000 -0.05821193)
        (0.40362283 0.001000 -0.05817498)
        (0.40450044 0.001000 -0.05813739)
        (0.40537802 0.001000 -0.05809916)
        (0.40625557 0.001000 -0.05806028)
        (0.40713310 0.001000 -0.05802075)
        (0.40801059 0.001000 -0.05798059)
        (0.40888806 0.001000 -0.05793979)
        (0.40976549 0.001000 -0.05789835)
        (0.41064290 0.001000 -0.05785627)
        (0.41152027 0.001000 -0.05781356)
        (0.41239761 0.001000 -0.05777021)
        (0.41327492 0.001000 -0.05772623)
        (0.41415220 0.001000 -0.05768162)
        (0.41502945 0.001000 -0.05763638)
        (0.41590666 0.001000 -0.05759050)
        (0.41678384 0.001000 -0.05754401)
        (0.41766099 0.001000 -0.05749688)
        (0.41853811 0.001000 -0.05744913)
        (0.41941519 0.001000 -0.05740076)
        (0.42029223 0.001000 -0.05735177)
        (0.42116924 0.001000 -0.05730216)
        (0.42204622 0.001000 -0.05725192)
        (0.42292316 0.001000 -0.05720107)
        (0.42380006 0.001000 -0.05714960)
        (0.42467693 0.001000 -0.05709752)
        (0.42555376 0.001000 -0.05704483)
        (0.42643055 0.001000 -0.05699152)
        (0.42730730 0.001000 -0.05693760)
        (0.42818402 0.001000 -0.05688307)
        (0.42906070 0.001000 -0.05682794)
        (0.42993734 0.001000 -0.05677220)
        (0.43081394 0.001000 -0.05671586)
        (0.43169051 0.001000 -0.05665892)
        (0.43256703 0.001000 -0.05660138)
        (0.43344351 0.001000 -0.05654325)
        (0.43431996 0.001000 -0.05648452)
        (0.43519637 0.001000 -0.05642521)
        (0.43607273 0.001000 -0.05636530)
        (0.43694906 0.001000 -0.05630481)
        (0.43782534 0.001000 -0.05624374)
        (0.43870159 0.001000 -0.05618208)
        (0.43957779 0.001000 -0.05611985)
        (0.44045395 0.001000 -0.05605703)
        (0.44133007 0.001000 -0.05599365)
        (0.44220615 0.001000 -0.05592969)
        (0.44308219 0.001000 -0.05586516)
        (0.44395818 0.001000 -0.05580006)
        (0.44483414 0.001000 -0.05573440)
        (0.44571005 0.001000 -0.05566817)
        (0.44658592 0.001000 -0.05560138)
        (0.44746174 0.001000 -0.05553403)
        (0.44833752 0.001000 -0.05546613)
        (0.44921326 0.001000 -0.05539767)
        (0.45008896 0.001000 -0.05532866)
        (0.45096461 0.001000 -0.05525911)
        (0.45184022 0.001000 -0.05518900)
        (0.45271578 0.001000 -0.05511835)
        (0.45359130 0.001000 -0.05504715)
        (0.45446677 0.001000 -0.05497542)
        (0.45534220 0.001000 -0.05490315)
        (0.45621759 0.001000 -0.05483035)
        (0.45709293 0.001000 -0.05475701)
        (0.45796823 0.001000 -0.05468315)
        (0.45884348 0.001000 -0.05460876)
        (0.45971869 0.001000 -0.05453385)
        (0.46059385 0.001000 -0.05445842)
        (0.46146897 0.001000 -0.05438247)
        (0.46234404 0.001000 -0.05430601)
        (0.46321907 0.001000 -0.05422903)
        (0.46409405 0.001000 -0.05415155)
        (0.46496899 0.001000 -0.05407355)
        (0.46584389 0.001000 -0.05399506)
        (0.46671874 0.001000 -0.05391606)
        (0.46759354 0.001000 -0.05383657)
        (0.46846830 0.001000 -0.05375657)
        (0.46934301 0.001000 -0.05367609)
        (0.47021768 0.001000 -0.05359511)
        (0.47109230 0.001000 -0.05351365)
        (0.47196688 0.001000 -0.05343171)
        (0.47284141 0.001000 -0.05334928)
        (0.47371590 0.001000 -0.05326637)
        (0.47459034 0.001000 -0.05318298)
        (0.47546473 0.001000 -0.05309912)
        (0.47633908 0.001000 -0.05301479)
        (0.47721338 0.001000 -0.05292999)
        (0.47808764 0.001000 -0.05284473)
        (0.47896185 0.001000 -0.05275900)
        (0.47983602 0.001000 -0.05267282)
        (0.48071014 0.001000 -0.05258617)
        (0.48158422 0.001000 -0.05249908)
        (0.48245825 0.001000 -0.05241153)
        (0.48333224 0.001000 -0.05232354)
        (0.48420618 0.001000 -0.05223511)
        (0.48508008 0.001000 -0.05214623)
        (0.48595393 0.001000 -0.05205691)
        (0.48682774 0.001000 -0.05196716)
        (0.48770150 0.001000 -0.05187698)
        (0.48857522 0.001000 -0.05178637)
        (0.48944890 0.001000 -0.05169533)
        (0.49032253 0.001000 -0.05160387)
        (0.49119611 0.001000 -0.05151199)
        (0.49206966 0.001000 -0.05141969)
        (0.49294316 0.001000 -0.05132698)
        (0.49381661 0.001000 -0.05123386)
        (0.49469002 0.001000 -0.05114033)
        (0.49556339 0.001000 -0.05104639)
        (0.49643672 0.001000 -0.05095206)
        (0.49731000 0.001000 -0.05085732)
        (0.49818324 0.001000 -0.05076219)
        (0.49905643 0.001000 -0.05066667)
        (0.49992958 0.001000 -0.05057075)
        (0.50080269 0.001000 -0.05047445)
        (0.50167576 0.001000 -0.05037777)
        (0.50254878 0.001000 -0.05028070)
        (0.50342176 0.001000 -0.05018326)
        (0.50429470 0.001000 -0.05008545)
        (0.50516760 0.001000 -0.04998726)
        (0.50604046 0.001000 -0.04988871)
        (0.50691327 0.001000 -0.04978979)
        (0.50778605 0.001000 -0.04969051)
        (0.50865878 0.001000 -0.04959087)
        (0.50953147 0.001000 -0.04949088)
        (0.51040413 0.001000 -0.04939054)
        (0.51127674 0.001000 -0.04928985)
        (0.51214931 0.001000 -0.04918882)
        (0.51302184 0.001000 -0.04908744)
        (0.51389434 0.001000 -0.04898572)
        (0.51476679 0.001000 -0.04888367)
        (0.51563921 0.001000 -0.04878129)
        (0.51651159 0.001000 -0.04867858)
        (0.51738392 0.001000 -0.04857555)
        (0.51825623 0.001000 -0.04847219)
        (0.51912849 0.001000 -0.04836851)
        (0.52000071 0.001000 -0.04826452)
        (0.52087290 0.001000 -0.04816022)
        (0.52174505 0.001000 -0.04805560)
        (0.52261717 0.001000 -0.04795068)
        (0.52348924 0.001000 -0.04784546)
        (0.52436129 0.001000 -0.04773994)
        (0.52523329 0.001000 -0.04763412)
        (0.52610526 0.001000 -0.04752800)
        (0.52697719 0.001000 -0.04742160)
        (0.52784909 0.001000 -0.04731491)
        (0.52872095 0.001000 -0.04720793)
        (0.52959278 0.001000 -0.04710066)
        (0.53046457 0.001000 -0.04699312)
        (0.53133633 0.001000 -0.04688529)
        (0.53220805 0.001000 -0.04677719)
        (0.53307974 0.001000 -0.04666881)
        (0.53395140 0.001000 -0.04656016)
        (0.53482302 0.001000 -0.04645124)
        (0.53569461 0.001000 -0.04634205)
        (0.53656616 0.001000 -0.04623260)
        (0.53743769 0.001000 -0.04612288)
        (0.53830917 0.001000 -0.04601291)
        (0.53918063 0.001000 -0.04590267)
        (0.54005206 0.001000 -0.04579218)
        (0.54092345 0.001000 -0.04568144)
        (0.54179481 0.001000 -0.04557044)
        (0.54266614 0.001000 -0.04545920)
        (0.54353743 0.001000 -0.04534771)
        (0.54440870 0.001000 -0.04523598)
        (0.54527993 0.001000 -0.04512400)
        (0.54615114 0.001000 -0.04501178)
        (0.54702231 0.001000 -0.04489933)
        (0.54789345 0.001000 -0.04478665)
        (0.54876456 0.001000 -0.04467373)
        (0.54963565 0.001000 -0.04456058)
        (0.55050670 0.001000 -0.04444720)
        (0.55137772 0.001000 -0.04433360)
        (0.55224872 0.001000 -0.04421978)
        (0.55311968 0.001000 -0.04410573)
        (0.55399062 0.001000 -0.04399147)
        (0.55486152 0.001000 -0.04387699)
        (0.55573240 0.001000 -0.04376230)
        (0.55660326 0.001000 -0.04364740)
        (0.55747408 0.001000 -0.04353228)
        (0.55834488 0.001000 -0.04341696)
        (0.55921565 0.001000 -0.04330144)
        (0.56008639 0.001000 -0.04318571)
        (0.56095711 0.001000 -0.04306978)
        (0.56182780 0.001000 -0.04295365)
        (0.56269846 0.001000 -0.04283733)
        (0.56356910 0.001000 -0.04272082)
        (0.56443971 0.001000 -0.04260411)
        (0.56531030 0.001000 -0.04248722)
        (0.56618086 0.001000 -0.04237014)
        (0.56705140 0.001000 -0.04225287)
        (0.56792191 0.001000 -0.04213543)
        (0.56879240 0.001000 -0.04201780)
        (0.56966286 0.001000 -0.04189999)
        (0.57053330 0.001000 -0.04178201)
        (0.57140372 0.001000 -0.04166386)
        (0.57227411 0.001000 -0.04154554)
        (0.57314449 0.001000 -0.04142705)
        (0.57401483 0.001000 -0.04130839)
        (0.57488516 0.001000 -0.04118957)
        (0.57575546 0.001000 -0.04107058)
        (0.57662574 0.001000 -0.04095144)
        (0.57749600 0.001000 -0.04083214)
        (0.57836624 0.001000 -0.04071268)
        (0.57923646 0.001000 -0.04059306)
        (0.58010665 0.001000 -0.04047329)
        (0.58097683 0.001000 -0.04035337)
        (0.58184698 0.001000 -0.04023330)
        (0.58271712 0.001000 -0.04011308)
        (0.58358723 0.001000 -0.03999272)
        (0.58445732 0.001000 -0.03987221)
        (0.58532740 0.001000 -0.03975155)
        (0.58619745 0.001000 -0.03963076)
        (0.58706749 0.001000 -0.03950983)
        (0.58793750 0.001000 -0.03938876)
        (0.58880750 0.001000 -0.03926755)
        (0.58967748 0.001000 -0.03914621)
        (0.59054743 0.001000 -0.03902474)
        (0.59141738 0.001000 -0.03890314)
        (0.59228730 0.001000 -0.03878141)
        (0.59315720 0.001000 -0.03865955)
        (0.59402709 0.001000 -0.03853757)
        (0.59489696 0.001000 -0.03841546)
        (0.59576682 0.001000 -0.03829324)
        (0.59663665 0.001000 -0.03817089)
        (0.59750647 0.001000 -0.03804843)
        (0.59837628 0.001000 -0.03792585)
        (0.59924607 0.001000 -0.03780315)
        (0.60011584 0.001000 -0.03768034)
        (0.60098559 0.001000 -0.03755743)
        (0.60185533 0.001000 -0.03743440)
        (0.60272506 0.001000 -0.03731126)
        (0.60359477 0.001000 -0.03718802)
        (0.60446446 0.001000 -0.03706467)
        (0.60533414 0.001000 -0.03694123)
        (0.60620381 0.001000 -0.03681768)
        (0.60707346 0.001000 -0.03669403)
        (0.60794310 0.001000 -0.03657028)
        (0.60881273 0.001000 -0.03644644)
        (0.60968234 0.001000 -0.03632250)
        (0.61055194 0.001000 -0.03619847)
        (0.61142152 0.001000 -0.03607435)
        (0.61229109 0.001000 -0.03595014)
        (0.61316065 0.001000 -0.03582584)
        (0.61403020 0.001000 -0.03570145)
        (0.61489974 0.001000 -0.03557698)
        (0.61576926 0.001000 -0.03545243)
        (0.61663877 0.001000 -0.03532780)
        (0.61750827 0.001000 -0.03520309)
        (0.61837776 0.001000 -0.03507830)
        (0.61924724 0.001000 -0.03495343)
        (0.62011671 0.001000 -0.03482849)
        (0.62098616 0.001000 -0.03470348)
        (0.62185561 0.001000 -0.03457839)
        (0.62272505 0.001000 -0.03445324)
        (0.62359447 0.001000 -0.03432802)
        (0.62446389 0.001000 -0.03420273)
        (0.62533330 0.001000 -0.03407737)
        (0.62620270 0.001000 -0.03395196)
        (0.62707209 0.001000 -0.03382648)
        (0.62794147 0.001000 -0.03370094)
        (0.62881084 0.001000 -0.03357535)
        (0.62968021 0.001000 -0.03344969)
        (0.63054956 0.001000 -0.03332398)
        (0.63141891 0.001000 -0.03319822)
        (0.63228825 0.001000 -0.03307241)
        (0.63315759 0.001000 -0.03294654)
        (0.63402692 0.001000 -0.03282063)
        (0.63489624 0.001000 -0.03269467)
        (0.63576555 0.001000 -0.03256866)
        (0.63663486 0.001000 -0.03244261)
        (0.63750416 0.001000 -0.03231651)
        (0.63837345 0.001000 -0.03219038)
        (0.63924274 0.001000 -0.03206420)
        (0.64011202 0.001000 -0.03193799)
        (0.64098130 0.001000 -0.03181174)
        (0.64185058 0.001000 -0.03168546)
        (0.64271985 0.001000 -0.03155914)
        (0.64358911 0.001000 -0.03143279)
        (0.64445837 0.001000 -0.03130641)
        (0.64532762 0.001000 -0.03118000)
        (0.64619688 0.001000 -0.03105357)
        (0.64706612 0.001000 -0.03092711)
        (0.64793537 0.001000 -0.03080063)
        (0.64880461 0.001000 -0.03067412)
        (0.64967385 0.001000 -0.03054760)
        (0.65054308 0.001000 -0.03042106)
        (0.65141232 0.001000 -0.03029450)
        (0.65228155 0.001000 -0.03016793)
        (0.65315078 0.001000 -0.03004134)
        (0.65402001 0.001000 -0.02991475)
        (0.65488923 0.001000 -0.02978815)
        (0.65575846 0.001000 -0.02966154)
        (0.65662768 0.001000 -0.02953492)
        (0.65749691 0.001000 -0.02940830)
        (0.65836613 0.001000 -0.02928168)
        (0.65923536 0.001000 -0.02915506)
        (0.66010458 0.001000 -0.02902844)
        (0.66097381 0.001000 -0.02890183)
        (0.66184303 0.001000 -0.02877522)
        (0.66271226 0.001000 -0.02864862)
        (0.66358149 0.001000 -0.02852203)
        (0.66445072 0.001000 -0.02839545)
        (0.66531995 0.001000 -0.02826889)
        (0.66618919 0.001000 -0.02814234)
        (0.66705842 0.001000 -0.02801580)
        (0.66792766 0.001000 -0.02788929)
        (0.66879690 0.001000 -0.02776279)
        (0.66966615 0.001000 -0.02763632)
        (0.67053540 0.001000 -0.02750987)
        (0.67140465 0.001000 -0.02738345)
        (0.67227391 0.001000 -0.02725705)
        (0.67314317 0.001000 -0.02713068)
        (0.67401244 0.001000 -0.02700435)
        (0.67488171 0.001000 -0.02687804)
        (0.67575098 0.001000 -0.02675177)
        (0.67662026 0.001000 -0.02662554)
        (0.67748955 0.001000 -0.02649934)
        (0.67835884 0.001000 -0.02637319)
        (0.67922814 0.001000 -0.02624707)
        (0.68009744 0.001000 -0.02612100)
        (0.68096675 0.001000 -0.02599498)
        (0.68183607 0.001000 -0.02586899)
        (0.68270540 0.001000 -0.02574306)
        (0.68357473 0.001000 -0.02561718)
        (0.68444407 0.001000 -0.02549135)
        (0.68531341 0.001000 -0.02536557)
        (0.68618277 0.001000 -0.02523985)
        (0.68705213 0.001000 -0.02511418)
        (0.68792150 0.001000 -0.02498858)
        (0.68879088 0.001000 -0.02486303)
        (0.68966027 0.001000 -0.02473755)
        (0.69052967 0.001000 -0.02461213)
        (0.69139908 0.001000 -0.02448677)
        (0.69226850 0.001000 -0.02436148)
        (0.69313792 0.001000 -0.02423627)
        (0.69400736 0.001000 -0.02411112)
        (0.69487681 0.001000 -0.02398604)
        (0.69574627 0.001000 -0.02386104)
        (0.69661574 0.001000 -0.02373612)
        (0.69748522 0.001000 -0.02361128)
        (0.69835471 0.001000 -0.02348651)
        (0.69922422 0.001000 -0.02336183)
        (0.70009373 0.001000 -0.02323723)
        (0.70096326 0.001000 -0.02311271)
        (0.70183280 0.001000 -0.02298829)
        (0.70270236 0.001000 -0.02286395)
        (0.70357192 0.001000 -0.02273970)
        (0.70444150 0.001000 -0.02261555)
        (0.70531110 0.001000 -0.02249149)
        (0.70618071 0.001000 -0.02236753)
        (0.70705033 0.001000 -0.02224366)
        (0.70791996 0.001000 -0.02211990)
        (0.70878961 0.001000 -0.02199624)
        (0.70965928 0.001000 -0.02187268)
        (0.71052896 0.001000 -0.02174922)
        (0.71139865 0.001000 -0.02162588)
        (0.71226837 0.001000 -0.02150264)
        (0.71313809 0.001000 -0.02137952)
        (0.71400783 0.001000 -0.02125650)
        (0.71487759 0.001000 -0.02113361)
        (0.71574737 0.001000 -0.02101083)
        (0.71661716 0.001000 -0.02088816)
        (0.71748697 0.001000 -0.02076562)
        (0.71835680 0.001000 -0.02064321)
        (0.71922664 0.001000 -0.02052091)
        (0.72009650 0.001000 -0.02039875)
        (0.72096638 0.001000 -0.02027671)
        (0.72183628 0.001000 -0.02015481)
        (0.72270620 0.001000 -0.02003303)
        (0.72357614 0.001000 -0.01991140)
        (0.72444609 0.001000 -0.01978990)
        (0.72531607 0.001000 -0.01966854)
        (0.72618606 0.001000 -0.01954732)
        (0.72705608 0.001000 -0.01942625)
        (0.72792611 0.001000 -0.01930532)
        (0.72879617 0.001000 -0.01918454)
        (0.72966624 0.001000 -0.01906390)
        (0.73053634 0.001000 -0.01894342)
        (0.73140646 0.001000 -0.01882310)
        (0.73227660 0.001000 -0.01870293)
        (0.73314676 0.001000 -0.01858292)
        (0.73401695 0.001000 -0.01846306)
        (0.73488715 0.001000 -0.01834337)
        (0.73575738 0.001000 -0.01822385)
        (0.73662763 0.001000 -0.01810449)
        (0.73749791 0.001000 -0.01798530)
        (0.73836821 0.001000 -0.01786628)
        (0.73923853 0.001000 -0.01774743)
        (0.74010888 0.001000 -0.01762876)
        (0.74097925 0.001000 -0.01751026)
        (0.74184964 0.001000 -0.01739194)
        (0.74272006 0.001000 -0.01727380)
        (0.74359050 0.001000 -0.01715584)
        (0.74446097 0.001000 -0.01703807)
        (0.74533146 0.001000 -0.01692049)
        (0.74620198 0.001000 -0.01680309)
        (0.74707253 0.001000 -0.01668589)
        (0.74794310 0.001000 -0.01656888)
        (0.74881370 0.001000 -0.01645206)
        (0.74968432 0.001000 -0.01633544)
        (0.75055497 0.001000 -0.01621902)
        (0.75142565 0.001000 -0.01610280)
        (0.75229635 0.001000 -0.01598679)
        (0.75316708 0.001000 -0.01587098)
        (0.75403784 0.001000 -0.01575537)
        (0.75490863 0.001000 -0.01563998)
        (0.75577944 0.001000 -0.01552480)
        (0.75665029 0.001000 -0.01540983)
        (0.75752116 0.001000 -0.01529508)
        (0.75839206 0.001000 -0.01518054)
        (0.75926299 0.001000 -0.01506622)
        (0.76013395 0.001000 -0.01495212)
        (0.76100493 0.001000 -0.01483825)
        (0.76187595 0.001000 -0.01472459)
        (0.76274699 0.001000 -0.01461116)
        (0.76361807 0.001000 -0.01449796)
        (0.76448917 0.001000 -0.01438498)
        (0.76536031 0.001000 -0.01427223)
        (0.76623147 0.001000 -0.01415970)
        (0.76710266 0.001000 -0.01404741)
        (0.76797388 0.001000 -0.01393535)
        (0.76884514 0.001000 -0.01382352)
        (0.76971642 0.001000 -0.01371192)
        (0.77058773 0.001000 -0.01360056)
        (0.77145907 0.001000 -0.01348944)
        (0.77233045 0.001000 -0.01337855)
        (0.77320185 0.001000 -0.01326790)
        (0.77407328 0.001000 -0.01315750)
        (0.77494475 0.001000 -0.01304733)
        (0.77581624 0.001000 -0.01293741)
        (0.77668777 0.001000 -0.01282773)
        (0.77755932 0.001000 -0.01271830)
        (0.77843091 0.001000 -0.01260911)
        (0.77930253 0.001000 -0.01250017)
        (0.78017418 0.001000 -0.01239148)
        (0.78104586 0.001000 -0.01228304)
        (0.78191757 0.001000 -0.01217485)
        (0.78278932 0.001000 -0.01206692)
        (0.78366109 0.001000 -0.01195924)
        (0.78453290 0.001000 -0.01185181)
        (0.78540474 0.001000 -0.01174464)
        (0.78627661 0.001000 -0.01163773)
        (0.78714851 0.001000 -0.01153108)
        (0.78802044 0.001000 -0.01142469)
        (0.78889241 0.001000 -0.01131856)
        (0.78976440 0.001000 -0.01121270)
        (0.79063643 0.001000 -0.01110710)
        (0.79150849 0.001000 -0.01100176)
        (0.79238059 0.001000 -0.01089669)
        (0.79325271 0.001000 -0.01079189)
        (0.79412487 0.001000 -0.01068736)
        (0.79499706 0.001000 -0.01058310)
        (0.79586928 0.001000 -0.01047911)
        (0.79674154 0.001000 -0.01037540)
        (0.79761383 0.001000 -0.01027196)
        (0.79848615 0.001000 -0.01016879)
        (0.79935850 0.001000 -0.01006591)
        (0.80023089 0.001000 -0.00996330)
        (0.80110331 0.001000 -0.00986097)
        (0.80197576 0.001000 -0.00975893)
        (0.80284825 0.001000 -0.00965718)
        (0.80372077 0.001000 -0.00955571)
        (0.80459333 0.001000 -0.00945453)
        (0.80546591 0.001000 -0.00935364)
        (0.80633853 0.001000 -0.00925305)
        (0.80721119 0.001000 -0.00915275)
        (0.80808388 0.001000 -0.00905275)
        (0.80895660 0.001000 -0.00895305)
        (0.80982936 0.001000 -0.00885365)
        (0.81070215 0.001000 -0.00875455)
        (0.81157498 0.001000 -0.00865576)
        (0.81244784 0.001000 -0.00855728)
        (0.81332074 0.001000 -0.00845911)
        (0.81419367 0.001000 -0.00836125)
        (0.81506664 0.001000 -0.00826370)
        (0.81593964 0.001000 -0.00816647)
        (0.81681268 0.001000 -0.00806956)
        (0.81768576 0.001000 -0.00797297)
        (0.81855886 0.001000 -0.00787670)
        (0.81943201 0.001000 -0.00778075)
        (0.82030519 0.001000 -0.00768513)
        (0.82117841 0.001000 -0.00758984)
        (0.82205166 0.001000 -0.00749488)
        (0.82292495 0.001000 -0.00740025)
        (0.82379828 0.001000 -0.00730596)
        (0.82467164 0.001000 -0.00721201)
        (0.82554504 0.001000 -0.00711840)
        (0.82641847 0.001000 -0.00702513)
        (0.82729194 0.001000 -0.00693221)
        (0.82816545 0.001000 -0.00683964)
        (0.82903900 0.001000 -0.00674741)
        (0.82991258 0.001000 -0.00665554)
        (0.83078620 0.001000 -0.00656402)
        (0.83165986 0.001000 -0.00647287)
        (0.83253356 0.001000 -0.00638207)
        (0.83340729 0.001000 -0.00629163)
        (0.83428106 0.001000 -0.00620155)
        (0.83515487 0.001000 -0.00611185)
        (0.83602871 0.001000 -0.00602251)
        (0.83690260 0.001000 -0.00593354)
        (0.83777652 0.001000 -0.00584495)
        (0.83865048 0.001000 -0.00575673)
        (0.83952448 0.001000 -0.00566890)
        (0.84039852 0.001000 -0.00558145)
        (0.84127259 0.001000 -0.00549438)
        (0.84214671 0.001000 -0.00540771)
        (0.84302086 0.001000 -0.00532142)
        (0.84389506 0.001000 -0.00523553)
        (0.84476929 0.001000 -0.00515004)
        (0.84564356 0.001000 -0.00506495)
        (0.84651787 0.001000 -0.00498026)
        (0.84739222 0.001000 -0.00489598)
        (0.84826660 0.001000 -0.00481211)
        (0.84914103 0.001000 -0.00472865)
        (0.85001550 0.001000 -0.00464560)
        (0.85089000 0.001000 -0.00456298)
        (0.85176455 0.001000 -0.00448077)
        (0.85263914 0.001000 -0.00439899)
        (0.85351376 0.001000 -0.00431764)
        (0.85438843 0.001000 -0.00423672)
        (0.85526314 0.001000 -0.00415622)
        (0.85613788 0.001000 -0.00407617)
        (0.85701267 0.001000 -0.00399655)
        (0.85788750 0.001000 -0.00391738)
        (0.85876236 0.001000 -0.00383864)
        (0.85963727 0.001000 -0.00376036)
        (0.86051221 0.001000 -0.00368252)
        (0.86138720 0.001000 -0.00360514)
        (0.86226223 0.001000 -0.00352821)
        (0.86313730 0.001000 -0.00345174)
        (0.86401240 0.001000 -0.00337574)
        (0.86488755 0.001000 -0.00330019)
        (0.86576274 0.001000 -0.00322512)
        (0.86663797 0.001000 -0.00315051)
        (0.86751323 0.001000 -0.00307637)
        (0.86838854 0.001000 -0.00300272)
        (0.86926389 0.001000 -0.00292953)
        (0.87013928 0.001000 -0.00285683)
        (0.87101471 0.001000 -0.00278462)
        (0.87189018 0.001000 -0.00271289)
        (0.87276569 0.001000 -0.00264165)
        (0.87364124 0.001000 -0.00257091)
        (0.87451683 0.001000 -0.00250068)
        (0.87539246 0.001000 -0.00243094)
        (0.87626813 0.001000 -0.00236172)
        (0.87714384 0.001000 -0.00229301)
        (0.87801959 0.001000 -0.00222482)
        (0.87889539 0.001000 -0.00215715)
        (0.87977122 0.001000 -0.00209001)
        (0.88064709 0.001000 -0.00202340)
        (0.88152301 0.001000 -0.00195733)
        (0.88239896 0.001000 -0.00189180)
        (0.88327496 0.001000 -0.00182681)
        (0.88415099 0.001000 -0.00176238)
        (0.88502707 0.001000 -0.00169849)
        (0.88590319 0.001000 -0.00163517)
        (0.88677934 0.001000 -0.00157241)
        (0.88765554 0.001000 -0.00151021)
        (0.88853178 0.001000 -0.00144859)
        (0.88940806 0.001000 -0.00138754)
        (0.89028438 0.001000 -0.00132707)
        (0.89116074 0.001000 -0.00126719)
        (0.89203714 0.001000 -0.00120789)
        (0.89291358 0.001000 -0.00114918)
        (0.89379006 0.001000 -0.00109107)
        (0.89466658 0.001000 -0.00103355)
        (0.89554314 0.001000 -0.00097664)
        (0.89641973 0.001000 -0.00092033)
        (0.89729637 0.001000 -0.00086464)
        (0.89817304 0.001000 -0.00080956)
        (0.89904976 0.001000 -0.00075510)
        (0.89992651 0.001000 -0.00070126)
        (0.90080330 0.001000 -0.00064804)
        (0.90168013 0.001000 -0.00059546)
        (0.90255699 0.001000 -0.00054351)
        (0.90343390 0.001000 -0.00049220)
        (0.90431084 0.001000 -0.00044154)
        (0.90518782 0.001000 -0.00039153)
        (0.90606484 0.001000 -0.00034217)
        (0.90694189 0.001000 -0.00029347)
        (0.90781898 0.001000 -0.00024544)
        (0.90869611 0.001000 -0.00019808)
        (0.90957327 0.001000 -0.00015139)
        (0.91045047 0.001000 -0.00010539)
        (0.91132770 0.001000 -0.00006007)
        (0.91220497 0.001000 -0.00001545)
        (0.91308227 0.001000 0.00002848)
        (0.91395961 0.001000 0.00007170)
        (0.91483699 0.001000 0.00011422)
        (0.91571440 0.001000 0.00015603)
        (0.91659184 0.001000 0.00019711)
        (0.91746931 0.001000 0.00023748)
        (0.91834682 0.001000 0.00027712)
        (0.91922437 0.001000 0.00031602)
        (0.92010194 0.001000 0.00035419)
        (0.92097955 0.001000 0.00039163)
        (0.92185719 0.001000 0.00042831)
        (0.92273485 0.001000 0.00046425)
        (0.92361255 0.001000 0.00049944)
        (0.92449028 0.001000 0.00053387)
        (0.92536804 0.001000 0.00056754)
        (0.92624583 0.001000 0.00060045)
        (0.92712365 0.001000 0.00063258)
        (0.92800149 0.001000 0.00066394)
        (0.92887936 0.001000 0.00069453)
        (0.92975726 0.001000 0.00072433)
        (0.93063519 0.001000 0.00075334)
        (0.93151314 0.001000 0.00078156)
        (0.93239111 0.001000 0.00080897)
        (0.93326912 0.001000 0.00083557)
        (0.93414714 0.001000 0.00086136)
        (0.93502519 0.001000 0.00088633)
        (0.93590326 0.001000 0.00091046)
        (0.93678136 0.001000 0.00093377)
        (0.93765948 0.001000 0.00095622)
        (0.93853761 0.001000 0.00097783)
        (0.93941577 0.001000 0.00099858)
        (0.94029395 0.001000 0.00101847)
        (0.94117215 0.001000 0.00103749)
        (0.94205037 0.001000 0.00105564)
        (0.94292861 0.001000 0.00107289)
        (0.94380686 0.001000 0.00108925)
        (0.94468513 0.001000 0.00110471)
        (0.94556341 0.001000 0.00111925)
        (0.94644171 0.001000 0.00113287)
        (0.94732003 0.001000 0.00114556)
        (0.94819835 0.001000 0.00115730)
        (0.94907669 0.001000 0.00116809)
        (0.94995504 0.001000 0.00117793)
        (0.95083340 0.001000 0.00118679)
        (0.95171177 0.001000 0.00119467)
        (0.95259014 0.001000 0.00120156)
        (0.95346853 0.001000 0.00120746)
        (0.95434692 0.001000 0.00121235)
        (0.95522532 0.001000 0.00121624)
        (0.95610372 0.001000 0.00121911)
        (0.95698212 0.001000 0.00122097)
        (0.95786053 0.001000 0.00122179)
        (0.95873893 0.001000 0.00122159)
        (0.95961733 0.001000 0.00122034)
        (0.96049573 0.001000 0.00121805)
        (0.96137413 0.001000 0.00121471)
        (0.96225253 0.001000 0.00121031)
        (0.96313091 0.001000 0.00120486)
        (0.96400929 0.001000 0.00119833)
        (0.96488766 0.001000 0.00119074)
        (0.96576603 0.001000 0.00118207)
        (0.96664438 0.001000 0.00117233)
        (0.96752271 0.001000 0.00116150)
        (0.96840104 0.001000 0.00114959)
        (0.96927934 0.001000 0.00113660)
        (0.97015763 0.001000 0.00112251)
        (0.97103591 0.001000 0.00110732)
        (0.97191416 0.001000 0.00109104)
        (0.97279239 0.001000 0.00107366)
        (0.97367060 0.001000 0.00105519)
        (0.97454878 0.001000 0.00103563)
        (0.97542694 0.001000 0.00101498)
        (0.97630508 0.001000 0.00099324)
        (0.97718318 0.001000 0.00097041)
        (0.97806126 0.001000 0.00094650)
        (0.97893930 0.001000 0.00092151)
        (0.97981732 0.001000 0.00089544)
        (0.98069530 0.001000 0.00086828)
        (0.98157325 0.001000 0.00084006)
        (0.98245116 0.001000 0.00081076)
        (0.98332904 0.001000 0.00078038)
        (0.98420687 0.001000 0.00074893)
        (0.98508467 0.001000 0.00071642)
        (0.98596243 0.001000 0.00068283)
        (0.98684015 0.001000 0.00064818)
        (0.98771782 0.001000 0.00061246)
        (0.98859545 0.001000 0.00057568)
        (0.98947304 0.001000 0.00053783)
        (0.99035057 0.001000 0.00049891)
        (0.99122806 0.001000 0.00045893)
        (0.99210550 0.001000 0.00041788)
        (0.99298289 0.001000 0.00037577)
        (0.99386023 0.001000 0.00033261)
        (0.99473752 0.001000 0.00028839)
        (0.99561475 0.001000 0.00024311)
        (0.99649192 0.001000 0.00019674)
        (0.99736904 0.001000 0.00014925)
        (0.99824609 0.001000 0.00010062)
        (0.99912307 0.001000 0.00005084)
    )
    polyLine 4 8
    (
        (0.00000941 -0.001000 0.00039090)
        (0.00003750 -0.001000 0.00078107)
        (0.00008368 -0.001000 0.00116977)
        (0.00014735 -0.001000 0.00155627)
        (0.00022790 -0.001000 0.00193981)
        (0.00032473 -0.001000 0.00231967)
        (0.00043723 -0.001000 0.00269510)
        (0.00056480 -0.001000 0.00306537)
        (0.00070684 -0.001000 0.00342978)
        (0.00086261 -0.001000 0.00378809)
        (0.00103135 -0.001000 0.00414033)
        (0.00121227 -0.001000 0.00448652)
        (0.00140459 -0.001000 0.00482666)
        (0.00160754 -0.001000 0.00516077)
        (0.00182034 -0.001000 0.00548888)
        (0.00204222 -0.001000 0.00581100)
        (0.00227238 -0.001000 0.00612715)
        (0.00251007 -0.001000 0.00643735)
        (0.00275470 -0.001000 0.00674167)
        (0.00300592 -0.001000 0.00704029)
        (0.00326340 -0.001000 0.00733336)
        (0.00352680 -0.001000 0.00762105)
        (0.00379578 -0.001000 0.00790353)
        (0.00407001 -0.001000 0.00818095)
        (0.00434916 -0.001000 0.00845349)
        (0.00463288 -0.001000 0.00872132)
        (0.00492085 -0.001000 0.00898459)
        (0.00521272 -0.001000 0.00924346)
        (0.00550817 -0.001000 0.00949812)
        (0.00580693 -0.001000 0.00974869)
        (0.00610887 -0.001000 0.00999530)
        (0.00641385 -0.001000 0.01023804)
        (0.00672175 -0.001000 0.01047704)
        (0.00703243 -0.001000 0.01071239)
        (0.00734577 -0.001000 0.01094421)
        (0.00766163 -0.001000 0.01117261)
        (0.00797989 -0.001000 0.01139769)
        (0.00830042 -0.001000 0.01161957)
        (0.00862308 -0.001000 0.01183835)
        (0.00894776 -0.001000 0.01205415)
        (0.00927431 -0.001000 0.01226707)
        (0.00960261 -0.001000 0.01247722)
        (0.00993254 -0.001000 0.01268470)
        (0.01026405 -0.001000 0.01288958)
        (0.01059707 -0.001000 0.01309192)
        (0.01093156 -0.001000 0.01329178)
        (0.01126747 -0.001000 0.01348921)
        (0.01160475 -0.001000 0.01368428)
        (0.01194336 -0.001000 0.01387705)
        (0.01228324 -0.001000 0.01406757)
        (0.01262434 -0.001000 0.01425591)
        (0.01296661 -0.001000 0.01444212)
        (0.01331001 -0.001000 0.01462626)
        (0.01365448 -0.001000 0.01480839)
        (0.01399997 -0.001000 0.01498857)
        (0.01434644 -0.001000 0.01516686)
        (0.01469384 -0.001000 0.01534331)
        (0.01504212 -0.001000 0.01551800)
        (0.01539123 -0.001000 0.01569096)
        (0.01574115 -0.001000 0.01586224)
        (0.01609185 -0.001000 0.01603187)
        (0.01644333 -0.001000 0.01619989)
        (0.01679556 -0.001000 0.01636631)
        (0.01714850 -0.001000 0.01653119)
        (0.01750216 -0.001000 0.01669455)
        (0.01785649 -0.001000 0.01685643)
        (0.01821149 -0.001000 0.01701686)
        (0.01856713 -0.001000 0.01717587)
        (0.01892339 -0.001000 0.01733350)
        (0.01928024 -0.001000 0.01748978)
        (0.01963768 -0.001000 0.01764474)
        (0.01999566 -0.001000 0.01779843)
        (0.02035419 -0.001000 0.01795086)
        (0.02071322 -0.001000 0.01810208)
        (0.02107275 -0.001000 0.01825211)
        (0.02143274 -0.001000 0.01840100)
        (0.02179319 -0.001000 0.01854877)
        (0.02215407 -0.001000 0.01869545)
        (0.02251538 -0.001000 0.01884105)
        (0.02287711 -0.001000 0.01898560)
        (0.02323925 -0.001000 0.01912910)
        (0.02360179 -0.001000 0.01927157)
        (0.02396473 -0.001000 0.01941303)
        (0.02432804 -0.001000 0.01955351)
        (0.02469174 -0.001000 0.01969300)
        (0.02505580 -0.001000 0.01983154)
        (0.02542022 -0.001000 0.01996914)
        (0.02578498 -0.001000 0.02010581)
        (0.02615009 -0.001000 0.02024157)
        (0.02651553 -0.001000 0.02037644)
        (0.02688129 -0.001000 0.02051044)
        (0.02724736 -0.001000 0.02064358)
        (0.02761374 -0.001000 0.02077588)
        (0.02798042 -0.001000 0.02090735)
        (0.02834738 -0.001000 0.02103802)
        (0.02871462 -0.001000 0.02116789)
        (0.02908213 -0.001000 0.02129700)
        (0.02944991 -0.001000 0.02142534)
        (0.02981793 -0.001000 0.02155294)
        (0.03018621 -0.001000 0.02167981)
        (0.03055474 -0.001000 0.02180595)
        (0.03092350 -0.001000 0.02193138)
        (0.03129251 -0.001000 0.02205610)
        (0.03166174 -0.001000 0.02218013)
        (0.03203121 -0.001000 0.02230347)
        (0.03240090 -0.001000 0.02242613)
        (0.03277081 -0.001000 0.02254813)
        (0.03314094 -0.001000 0.02266948)
        (0.03351128 -0.001000 0.02279018)
        (0.03388183 -0.001000 0.02291024)
        (0.03425258 -0.001000 0.02302967)
        (0.03462353 -0.001000 0.02314849)
        (0.03499467 -0.001000 0.02326670)
        (0.03536601 -0.001000 0.02338431)
        (0.03573753 -0.001000 0.02350134)
        (0.03610923 -0.001000 0.02361779)
        (0.03648111 -0.001000 0.02373367)
        (0.03685316 -0.001000 0.02384899)
        (0.03722538 -0.001000 0.02396377)
        (0.03759777 -0.001000 0.02407800)
        (0.03797031 -0.001000 0.02419171)
        (0.03834302 -0.001000 0.02430490)
        (0.03871587 -0.001000 0.02441758)
        (0.03908888 -0.001000 0.02452974)
        (0.03946203 -0.001000 0.02464141)
        (0.03983534 -0.001000 0.02475258)
        (0.04020879 -0.001000 0.02486325)
        (0.04058238 -0.001000 0.02497344)
        (0.04095611 -0.001000 0.02508315)
        (0.04132999 -0.001000 0.02519237)
        (0.04170400 -0.001000 0.02530113)
        (0.04207814 -0.001000 0.02540942)
        (0.04245242 -0.001000 0.02551724)
        (0.04282684 -0.001000 0.02562461)
        (0.04320138 -0.001000 0.02573153)
        (0.04357605 -0.001000 0.02583800)
        (0.04395084 -0.001000 0.02594402)
        (0.04432576 -0.001000 0.02604961)
        (0.04470080 -0.001000 0.02615477)
        (0.04507596 -0.001000 0.02625950)
        (0.04545123 -0.001000 0.02636381)
        (0.04582663 -0.001000 0.02646770)
        (0.04620213 -0.001000 0.02657117)
        (0.04657775 -0.001000 0.02667425)
        (0.04695348 -0.001000 0.02677692)
        (0.04732932 -0.001000 0.02687919)
        (0.04770526 -0.001000 0.02698107)
        (0.04808131 -0.001000 0.02708256)
        (0.04845745 -0.001000 0.02718367)
        (0.04883370 -0.001000 0.02728440)
        (0.04921005 -0.001000 0.02738476)
        (0.04958650 -0.001000 0.02748474)
        (0.04996305 -0.001000 0.02758435)
        (0.05033969 -0.001000 0.02768359)
        (0.05071643 -0.001000 0.02778247)
        (0.05109326 -0.001000 0.02788098)
        (0.05147019 -0.001000 0.02797913)
        (0.05184721 -0.001000 0.02807693)
        (0.05222432 -0.001000 0.02817437)
        (0.05260152 -0.001000 0.02827147)
        (0.05297881 -0.001000 0.02836821)
        (0.05335620 -0.001000 0.02846461)
        (0.05373366 -0.001000 0.02856066)
        (0.05411122 -0.001000 0.02865638)
        (0.05448886 -0.001000 0.02875176)
        (0.05486658 -0.001000 0.02884680)
        (0.05524439 -0.001000 0.02894152)
        (0.05562228 -0.001000 0.02903590)
        (0.05600025 -0.001000 0.02912996)
        (0.05637830 -0.001000 0.02922370)
        (0.05675643 -0.001000 0.02931712)
        (0.05713464 -0.001000 0.02941022)
        (0.05751293 -0.001000 0.02950300)
        (0.05789129 -0.001000 0.02959548)
        (0.05826973 -0.001000 0.02968764)
        (0.05864824 -0.001000 0.02977950)
        (0.05902682 -0.001000 0.02987106)
        (0.05940548 -0.001000 0.02996232)
        (0.05978420 -0.001000 0.03005328)
        (0.06016300 -0.001000 0.03014394)
        (0.06054187 -0.001000 0.03023431)
        (0.06092080 -0.001000 0.03032438)
        (0.06129981 -0.001000 0.03041417)
        (0.06167888 -0.001000 0.03050367)
        (0.06205802 -0.001000 0.03059287)
        (0.06243723 -0.001000 0.03068180)
        (0.06281651 -0.001000 0.03077044)
        (0.06319585 -0.001000 0.03085880)
        (0.06357525 -0.001000 0.03094688)
        (0.06395472 -0.001000 0.03103469)
        (0.06433425 -0.001000 0.03112221)
        (0.06471385 -0.001000 0.03120947)
        (0.06509351 -0.001000 0.03129645)
        (0.06547323 -0.001000 0.03138316)
        (0.06585301 -0.001000 0.03146961)
        (0.06623285 -0.001000 0.03155578)
        (0.06661275 -0.001000 0.03164170)
        (0.06699272 -0.001000 0.03172735)
        (0.06737274 -0.001000 0.03181274)
        (0.06775281 -0.001000 0.03189787)
        (0.06813295 -0.001000 0.03198274)
        (0.06851314 -0.001000 0.03206736)
        (0.06889339 -0.001000 0.03215173)
        (0.06927370 -0.001000 0.03223584)
        (0.06965406 -0.001000 0.03231970)
        (0.07003447 -0.001000 0.03240332)
        (0.07041494 -0.001000 0.03248669)
        (0.07079546 -0.001000 0.03256982)
        (0.07117603 -0.001000 0.03265271)
        (0.07155666 -0.001000 0.03273535)
        (0.07193734 -0.001000 0.03281776)
        (0.07231806 -0.001000 0.03289993)
        (0.07269884 -0.001000 0.03298186)
        (0.07307967 -0.001000 0.03306356)
        (0.07346055 -0.001000 0.03314502)
        (0.07384148 -0.001000 0.03322625)
        (0.07422246 -0.001000 0.03330725)
        (0.07460348 -0.001000 0.03338802)
        (0.07498456 -0.001000 0.03346856)
        (0.07536568 -0.001000 0.03354887)
        (0.07574685 -0.001000 0.03362896)
        (0.07612807 -0.001000 0.03370882)
        (0.07650933 -0.001000 0.03378846)
        (0.07689065 -0.001000 0.03386787)
        (0.07727200 -0.001000 0.03394707)
        (0.07765341 -0.001000 0.03402604)
        (0.07803485 -0.001000 0.03410479)
        (0.07841635 -0.001000 0.03418333)
        (0.07879788 -0.001000 0.03426165)
        (0.07917947 -0.001000 0.03433976)
        (0.07956109 -0.001000 0.03441765)
        (0.07994276 -0.001000 0.03449533)
        (0.08032447 -0.001000 0.03457280)
        (0.08070623 -0.001000 0.03465006)
        (0.08108802 -0.001000 0.03472710)
        (0.08146986 -0.001000 0.03480395)
        (0.08185174 -0.001000 0.03488058)
        (0.08223366 -0.001000 0.03495701)
        (0.08261562 -0.001000 0.03503324)
        (0.08299763 -0.001000 0.03510926)
        (0.08337967 -0.001000 0.03518509)
        (0.08376175 -0.001000 0.03526071)
        (0.08414387 -0.001000 0.03533613)
        (0.08452603 -0.001000 0.03541136)
        (0.08490823 -0.001000 0.03548639)
        (0.08529046 -0.001000 0.03556123)
        (0.08567274 -0.001000 0.03563587)
        (0.08605505 -0.001000 0.03571031)
        (0.08643740 -0.001000 0.03578456)
        (0.08681978 -0.001000 0.03585863)
        (0.08720221 -0.001000 0.03593249)
        (0.08758467 -0.001000 0.03600617)
        (0.08796716 -0.001000 0.03607966)
        (0.08834969 -0.001000 0.03615296)
        (0.08873226 -0.001000 0.03622607)
        (0.08911487 -0.001000 0.03629900)
        (0.08949751 -0.001000 0.03637173)
        (0.08988018 -0.001000 0.03644429)
        (0.09026289 -0.001000 0.03651665)
        (0.09064564 -0.001000 0.03658884)
        (0.09102842 -0.001000 0.03666084)
        (0.09141123 -0.001000 0.03673266)
        (0.09179408 -0.001000 0.03680429)
        (0.09217696 -0.001000 0.03687575)
        (0.09255987 -0.001000 0.03694703)
        (0.09294282 -0.001000 0.03701812)
        (0.09332580 -0.001000 0.03708904)
        (0.09370882 -0.001000 0.03715978)
        (0.09409186 -0.001000 0.03723035)
        (0.09447494 -0.001000 0.03730074)
        (0.09485805 -0.001000 0.03737095)
        (0.09524120 -0.001000 0.03744099)
        (0.09562437 -0.001000 0.03751086)
        (0.09600758 -0.001000 0.03758056)
        (0.09639081 -0.001000 0.03765008)
        (0.09677408 -0.001000 0.03771944)
        (0.09715738 -0.001000 0.03778862)
        (0.09754071 -0.001000 0.03785764)
        (0.09792407 -0.001000 0.03792648)
        (0.09830746 -0.001000 0.03799516)
        (0.09869087 -0.001000 0.03806368)
        (0.09907432 -0.001000 0.03813202)
        (0.09945780 -0.001000 0.03820021)
        (0.09984130 -0.001000 0.03826822)
        (0.10022484 -0.001000 0.03833608)
        (0.10060840 -0.001000 0.03840377)
        (0.10099200 -0.001000 0.03847130)
        (0.10137562 -0.001000 0.03853866)
        (0.10175927 -0.001000 0.03860587)
        (0.10214294 -0.001000 0.03867291)
        (0.10252665 -0.001000 0.03873980)
        (0.10291038 -0.001000 0.03880652)
        (0.10329414 -0.001000 0.03887309)
        (0.10367793 -0.001000 0.03893950)
        (0.10406174 -0.001000 0.03900575)
        (0.10444559 -0.001000 0.03907184)
        (0.10482946 -0.001000 0.03913778)
        (0.10521335 -0.001000 0.03920356)
        (0.10559727 -0.001000 0.03926919)
        (0.10598122 -0.001000 0.03933466)
        (0.10636520 -0.001000 0.03939998)
        (0.10674920 -0.001000 0.03946515)
        (0.10713322 -0.001000 0.03953016)
        (0.10751728 -0.001000 0.03959503)
        (0.10790136 -0.001000 0.03965974)
        (0.10828546 -0.001000 0.03972430)
        (0.10866959 -0.001000 0.03978871)
        (0.10905374 -0.001000 0.03985297)
        (0.10943792 -0.001000 0.03991708)
        (0.10982212 -0.001000 0.03998105)
        (0.11020635 -0.001000 0.04004487)
        (0.11059060 -0.001000 0.04010854)
        (0.11097488 -0.001000 0.04017206)
        (0.11135918 -0.001000 0.04023544)
        (0.11174350 -0.001000 0.04029868)
        (0.11212785 -0.001000 0.04036177)
        (0.11251222 -0.001000 0.04042472)
        (0.11289661 -0.001000 0.04048752)
        (0.11328103 -0.001000 0.04055018)
        (0.11366547 -0.001000 0.04061271)
        (0.11404993 -0.001000 0.04067509)
        (0.11443442 -0.001000 0.04073732)
        (0.11481893 -0.001000 0.04079942)
        (0.11520346 -0.001000 0.04086138)
        (0.11558801 -0.001000 0.04092320)
        (0.11597259 -0.001000 0.04098488)
        (0.11635718 -0.001000 0.04104643)
        (0.11674180 -0.001000 0.04110783)
        (0.11712645 -0.001000 0.04116910)
        (0.11751111 -0.001000 0.04123023)
        (0.11789579 -0.001000 0.04129122)
        (0.11828050 -0.001000 0.04135207)
        (0.11866523 -0.001000 0.04141279)
        (0.11904998 -0.001000 0.04147338)
        (0.11943475 -0.001000 0.04153383)
        (0.11981954 -0.001000 0.04159414)
        (0.12020436 -0.001000 0.04165432)
        (0.12058919 -0.001000 0.04171437)
        (0.12097404 -0.001000 0.04177428)
        (0.12135892 -0.001000 0.04183406)
        (0.12174382 -0.001000 0.04189371)
        (0.12212873 -0.001000 0.04195322)
        (0.12251367 -0.001000 0.04201261)
        (0.12289863 -0.001000 0.04207186)
        (0.12328360 -0.001000 0.04213098)
        (0.12366860 -0.001000 0.04218997)
        (0.12405362 -0.001000 0.04224883)
        (0.12443866 -0.001000 0.04230756)
        (0.12482371 -0.001000 0.04236616)
        (0.12520879 -0.001000 0.04242463)
        (0.12559388 -0.001000 0.04248298)
        (0.12597900 -0.001000 0.04254119)
        (0.12636413 -0.001000 0.04259928)
        (0.12674929 -0.001000 0.04265724)
        (0.12713446 -0.001000 0.04271508)
        (0.12751965 -0.001000 0.04277278)
        (0.12790486 -0.001000 0.04283037)
        (0.12829009 -0.001000 0.04288782)
        (0.12867534 -0.001000 0.04294515)
        (0.12906061 -0.001000 0.04300236)
        (0.12944589 -0.001000 0.04305944)
        (0.12983119 -0.001000 0.04311640)
        (0.13021651 -0.001000 0.04317324)
        (0.13060185 -0.001000 0.04322995)
        (0.13098721 -0.001000 0.04328654)
        (0.13137259 -0.001000 0.04334300)
        (0.13175798 -0.001000 0.04339935)
        (0.13214339 -0.001000 0.04345557)
        (0.13252882 -0.001000 0.04351167)
        (0.13291427 -0.001000 0.04356765)
        (0.13329973 -0.001000 0.04362351)
        (0.13368521 -0.001000 0.04367924)
        (0.13407071 -0.001000 0.04373486)
        (0.13445622 -0.001000 0.04379036)
        (0.13484176 -0.001000 0.04384573)
        (0.13522731 -0.001000 0.04390099)
        (0.13561288 -0.001000 0.04395613)
        (0.13599846 -0.001000 0.04401114)
        (0.13638406 -0.001000 0.04406604)
        (0.13676968 -0.001000 0.04412083)
        (0.13715531 -0.001000 0.04417549)
        (0.13754097 -0.001000 0.04423003)
        (0.13792663 -0.001000 0.04428446)
        (0.13831232 -0.001000 0.04433877)
        (0.13869802 -0.001000 0.04439297)
        (0.13908374 -0.001000 0.04444704)
        (0.13946947 -0.001000 0.04450100)
        (0.13985522 -0.001000 0.04455485)
        (0.14024099 -0.001000 0.04460858)
        (0.14062677 -0.001000 0.04466219)
        (0.14101257 -0.001000 0.04471569)
        (0.14139838 -0.001000 0.04476907)
        (0.14178421 -0.001000 0.04482234)
        (0.14217006 -0.001000 0.04487550)
        (0.14255592 -0.001000 0.04492854)
        (0.14294180 -0.001000 0.04498147)
        (0.14332769 -0.001000 0.04503428)
        (0.14371360 -0.001000 0.04508698)
        (0.14409952 -0.001000 0.04513957)
        (0.14448546 -0.001000 0.04519205)
        (0.14487142 -0.001000 0.04524441)
        (0.14525739 -0.001000 0.04529666)
        (0.14564337 -0.001000 0.04534880)
        (0.14602937 -0.001000 0.04540083)
        (0.14641538 -0.001000 0.04545275)
        (0.14680141 -0.001000 0.04550456)
        (0.14718746 -0.001000 0.04555626)
        (0.14757351 -0.001000 0.04560785)
        (0.14795959 -0.001000 0.04565932)
        (0.14834567 -0.001000 0.04571069)
        (0.14873178 -0.001000 0.04576195)
        (0.14911789 -0.001000 0.04581310)
        (0.14950402 -0.001000 0.04586414)
        (0.14989017 -0.001000 0.04591507)
        (0.15027633 -0.001000 0.04596589)
        (0.15066250 -0.001000 0.04601660)
        (0.15104869 -0.001000 0.04606721)
        (0.15143489 -0.001000 0.04611771)
        (0.15182111 -0.001000 0.04616810)
        (0.15220734 -0.001000 0.04621838)
        (0.15259358 -0.001000 0.04626855)
        (0.15297984 -0.001000 0.04631862)
        (0.15336611 -0.001000 0.04636858)
        (0.15375240 -0.001000 0.04641843)
        (0.15413870 -0.001000 0.04646818)
        (0.15452501 -0.001000 0.04651782)
        (0.15491134 -0.001000 0.04656736)
        (0.15529768 -0.001000 0.04661679)
        (0.15568404 -0.001000 0.04666611)
        (0.15607040 -0.001000 0.04671533)
        (0.15645678 -0.001000 0.04676444)
        (0.15684318 -0.001000 0.04681344)
        (0.15722959 -0.001000 0.04686235)
        (0.15761601 -0.001000 0.04691114)
        (0.15800244 -0.001000 0.04695984)
        (0.15838889 -0.001000 0.04700842)
        (0.15877535 -0.001000 0.04705691)
        (0.15916182 -0.001000 0.04710529)
        (0.15954831 -0.001000 0.04715357)
        (0.15993481 -0.001000 0.04720174)
        (0.16032132 -0.001000 0.04724981)
        (0.16070784 -0.001000 0.04729778)
        (0.16109438 -0.001000 0.04734564)
        (0.16148093 -0.001000 0.04739340)
        (0.16186749 -0.001000 0.04744106)
        (0.16225407 -0.001000 0.04748862)
        (0.16264066 -0.001000 0.04753608)
        (0.16302726 -0.001000 0.04758343)
        (0.16341387 -0.001000 0.04763068)
        (0.16380049 -0.001000 0.04767783)
        (0.16418713 -0.001000 0.04772488)
        (0.16457378 -0.001000 0.04777183)
        (0.16496044 -0.001000 0.04781868)
        (0.16534712 -0.001000 0.04786543)
        (0.16573380 -0.001000 0.04791208)
        (0.16612050 -0.001000 0.04795862)
        (0.16650721 -0.001000 0.04800507)
        (0.16689393 -0.001000 0.04805142)
        (0.16728067 -0.001000 0.04809767)
        (0.16766741 -0.001000 0.04814382)
        (0.16805417 -0.001000 0.04818987)
        (0.16844094 -0.001000 0.04823583)
        (0.16882772 -0.001000 0.04828168)
        (0.16921451 -0.001000 0.04832744)
        (0.16960131 -0.001000 0.04837310)
        (0.16998813 -0.001000 0.04841866)
        (0.17037495 -0.001000 0.04846413)
        (0.17076179 -0.001000 0.04850950)
        (0.17114864 -0.001000 0.04855477)
        (0.17153550 -0.001000 0.04859995)
        (0.17192237 -0.001000 0.04864502)
        (0.17230926 -0.001000 0.04869001)
        (0.17269615 -0.001000 0.04873490)
        (0.17308306 -0.001000 0.04877969)
        (0.17346997 -0.001000 0.04882438)
        (0.17385690 -0.001000 0.04886899)
        (0.17424384 -0.001000 0.04891349)
        (0.17463079 -0.001000 0.04895791)
        (0.17501775 -0.001000 0.04900223)
        (0.17540472 -0.001000 0.04904645)
        (0.17579170 -0.001000 0.04909058)
        (0.17617869 -0.001000 0.04913462)
        (0.17656569 -0.001000 0.04917856)
        (0.17695271 -0.001000 0.04922241)
        (0.17733973 -0.001000 0.04926617)
        (0.17772676 -0.001000 0.04930984)
        (0.17811381 -0.001000 0.04935341)
        (0.17850086 -0.001000 0.04939689)
        (0.17888793 -0.001000 0.04944028)
        (0.17927500 -0.001000 0.04948358)
        (0.17966209 -0.001000 0.04952679)
        (0.18004918 -0.001000 0.04956991)
        (0.18043629 -0.001000 0.04961293)
        (0.18082341 -0.001000 0.04965587)
        (0.18121053 -0.001000 0.04969871)
        (0.18159767 -0.001000 0.04974147)
        (0.18198481 -0.001000 0.04978413)
        (0.18237197 -0.001000 0.04982671)
        (0.18275913 -0.001000 0.04986919)
        (0.18314631 -0.001000 0.04991159)
        (0.18353349 -0.001000 0.04995390)
        (0.18392069 -0.001000 0.04999612)
        (0.18430789 -0.001000 0.05003825)
        (0.18469510 -0.001000 0.05008029)
        (0.18508233 -0.001000 0.05012224)
        (0.18546956 -0.001000 0.05016411)
        (0.18585680 -0.001000 0.05020589)
        (0.18624405 -0.001000 0.05024758)
        (0.18663131 -0.001000 0.05028918)
        (0.18701858 -0.001000 0.05033070)
        (0.18740586 -0.001000 0.05037212)
        (0.18779315 -0.001000 0.05041346)
        (0.18818045 -0.001000 0.05045472)
        (0.18856776 -0.001000 0.05049588)
        (0.18895508 -0.001000 0.05053696)
        (0.18934240 -0.001000 0.05057795)
        (0.18972974 -0.001000 0.05061886)
        (0.19011708 -0.001000 0.05065968)
        (0.19050443 -0.001000 0.05070041)
        (0.19089180 -0.001000 0.05074106)
        (0.19127917 -0.001000 0.05078162)
        (0.19166655 -0.001000 0.05082209)
        (0.19205394 -0.001000 0.05086248)
        (0.19244134 -0.001000 0.05090278)
        (0.19282874 -0.001000 0.05094300)
        (0.19321616 -0.001000 0.05098313)
        (0.19360358 -0.001000 0.05102318)
        (0.19399102 -0.001000 0.05106314)
        (0.19437846 -0.001000 0.05110302)
        (0.19476591 -0.001000 0.05114281)
        (0.19515337 -0.001000 0.05118252)
        (0.19554084 -0.001000 0.05122214)
        (0.19592832 -0.001000 0.05126168)
        (0.19631580 -0.001000 0.05130113)
        (0.19670330 -0.001000 0.05134050)
        (0.19709080 -0.001000 0.05137979)
        (0.19747831 -0.001000 0.05141899)
        (0.19786583 -0.001000 0.05145811)
        (0.19825336 -0.001000 0.05149715)
        (0.19864089 -0.001000 0.05153610)
        (0.19902844 -0.001000 0.05157497)
        (0.19941599 -0.001000 0.05161376)
        (0.19980355 -0.001000 0.05165246)
        (0.20019112 -0.001000 0.05169108)
        (0.20057870 -0.001000 0.05172962)
        (0.20096629 -0.001000 0.05176807)
        (0.20135388 -0.001000 0.05180644)
        (0.20174148 -0.001000 0.05184473)
        (0.20212909 -0.001000 0.05188294)
        (0.20251671 -0.001000 0.05192107)
        (0.20290434 -0.001000 0.05195911)
        (0.20329197 -0.001000 0.05199707)
        (0.20367961 -0.001000 0.05203496)
        (0.20406726 -0.001000 0.05207276)
        (0.20445492 -0.001000 0.05211047)
        (0.20484259 -0.001000 0.05214811)
        (0.20523026 -0.001000 0.05218567)
        (0.20561794 -0.001000 0.05222314)
        (0.20600563 -0.001000 0.05226054)
        (0.20639333 -0.001000 0.05229785)
        (0.20678104 -0.001000 0.05233509)
        (0.20716875 -0.001000 0.05237224)
        (0.20755647 -0.001000 0.05240931)
        (0.20794420 -0.001000 0.05244630)
        (0.20833193 -0.001000 0.05248322)
        (0.20871968 -0.001000 0.05252005)
        (0.20910743 -0.001000 0.05255681)
        (0.20949519 -0.001000 0.05259348)
        (0.20988295 -0.001000 0.05263008)
        (0.21027072 -0.001000 0.05266659)
        (0.21065851 -0.001000 0.05270303)
        (0.21104629 -0.001000 0.05273939)
        (0.21143409 -0.001000 0.05277566)
        (0.21182189 -0.001000 0.05281187)
        (0.21220970 -0.001000 0.05284799)
        (0.21259752 -0.001000 0.05288403)
        (0.21298534 -0.001000 0.05292000)
        (0.21337318 -0.001000 0.05295588)
        (0.21376102 -0.001000 0.05299169)
        (0.21414886 -0.001000 0.05302742)
        (0.21453672 -0.001000 0.05306308)
        (0.21492458 -0.001000 0.05309865)
        (0.21531244 -0.001000 0.05313415)
        (0.21570032 -0.001000 0.05316957)
        (0.21608820 -0.001000 0.05320492)
        (0.21647609 -0.001000 0.05324019)
        (0.21686399 -0.001000 0.05327538)
        (0.21725189 -0.001000 0.05331049)
        (0.21763980 -0.001000 0.05334553)
        (0.21802772 -0.001000 0.05338049)
        (0.21841564 -0.001000 0.05341537)
        (0.21880357 -0.001000 0.05345018)
        (0.21919151 -0.001000 0.05348491)
        (0.21957945 -0.001000 0.05351957)
        (0.21996740 -0.001000 0.05355415)
        (0.22035536 -0.001000 0.05358866)
        (0.22074332 -0.001000 0.05362309)
        (0.22113129 -0.001000 0.05365744)
        (0.22151927 -0.001000 0.05369172)
        (0.22190726 -0.001000 0.05372592)
        (0.22229525 -0.001000 0.05376005)
        (0.22268324 -0.001000 0.05379411)
        (0.22307125 -0.001000 0.05382809)
        (0.22345926 -0.001000 0.05386199)
        (0.22384728 -0.001000 0.05389582)
        (0.22423530 -0.001000 0.05392958)
        (0.22462333 -0.001000 0.05396326)
        (0.22501136 -0.001000 0.05399687)
        (0.22539941 -0.001000 0.05403040)
        (0.22578746 -0.001000 0.05406386)
        (0.22617551 -0.001000 0.05409724)
        (0.22656357 -0.001000 0.05413055)
        (0.22695164 -0.001000 0.05416379)
        (0.22733972 -0.001000 0.05419695)
        (0.22772780 -0.001000 0.05423004)
        (0.22811588 -0.001000 0.05426305)
        (0.22850398 -0.001000 0.05429600)
        (0.22889208 -0.001000 0.05432886)
        (0.22928018 -0.001000 0.05436166)
        (0.22966829 -0.001000 0.05439438)
        (0.23005641 -0.001000 0.05442702)
        (0.23044454 -0.001000 0.05445960)
        (0.23083267 -0.001000 0.05449210)
        (0.23122080 -0.001000 0.05452453)
        (0.23160895 -0.001000 0.05455688)
        (0.23199709 -0.001000 0.05458916)
        (0.23238525 -0.001000 0.05462137)
        (0.23277341 -0.001000 0.05465350)
        (0.23316158 -0.001000 0.05468557)
        (0.23354975 -0.001000 0.05471756)
        (0.23393793 -0.001000 0.05474947)
        (0.23432611 -0.001000 0.05478132)
        (0.23471430 -0.001000 0.05481309)
        (0.23510250 -0.001000 0.05484479)
        (0.23549070 -0.001000 0.05487642)
        (0.23587891 -0.001000 0.05490797)
        (0.23626713 -0.001000 0.05493945)
        (0.23665535 -0.001000 0.05497086)
        (0.23704357 -0.001000 0.05500220)
        (0.23743180 -0.001000 0.05503347)
        (0.23782004 -0.001000 0.05506466)
        (0.23820828 -0.001000 0.05509578)
        (0.23859653 -0.001000 0.05512683)
        (0.23898479 -0.001000 0.05515781)
        (0.23937305 -0.001000 0.05518872)
        (0.23976132 -0.001000 0.05521955)
        (0.24014959 -0.001000 0.05525032)
        (0.24053786 -0.001000 0.05528101)
        (0.24092615 -0.001000 0.05531163)
        (0.24131444 -0.001000 0.05534218)
        (0.24170273 -0.001000 0.05537266)
        (0.24209103 -0.001000 0.05540307)
        (0.24247934 -0.001000 0.05543340)
        (0.24286765 -0.001000 0.05546367)
        (0.24325596 -0.001000 0.05549386)
        (0.24364429 -0.001000 0.05552399)
        (0.24403261 -0.001000 0.05555404)
        (0.24442095 -0.001000 0.05558402)
        (0.24480928 -0.001000 0.05561393)
        (0.24519763 -0.001000 0.05564377)
        (0.24558598 -0.001000 0.05567354)
        (0.24597433 -0.001000 0.05570324)
        (0.24636269 -0.001000 0.05573287)
        (0.24675106 -0.001000 0.05576243)
        (0.24713943 -0.001000 0.05579192)
        (0.24752780 -0.001000 0.05582134)
        (0.24791619 -0.001000 0.05585069)
        (0.24830457 -0.001000 0.05587997)
        (0.24869296 -0.001000 0.05590918)
        (0.24908136 -0.001000 0.05593832)
        (0.24946976 -0.001000 0.05596739)
        (0.24985817 -0.001000 0.05599639)
        (0.25024658 -0.001000 0.05602532)
        (0.25063500 -0.001000 0.05605418)
        (0.25102342 -0.001000 0.05608298)
        (0.25141185 -0.001000 0.05611170)
        (0.25180029 -0.001000 0.05614035)
        (0.25218872 -0.001000 0.05616894)
        (0.25257717 -0.001000 0.05619746)
        (0.25296562 -0.001000 0.05622590)
        (0.25335407 -0.001000 0.05625428)
        (0.25374253 -0.001000 0.05628259)
        (0.25413099 -0.001000 0.05631083)
        (0.25451946 -0.001000 0.05633901)
        (0.25490793 -0.001000 0.05636711)
        (0.25529641 -0.001000 0.05639515)
        (0.25568489 -0.001000 0.05642311)
        (0.25607338 -0.001000 0.05645101)
        (0.25646187 -0.001000 0.05647884)
        (0.25685037 -0.001000 0.05650661)
        (0.25723888 -0.001000 0.05653430)
        (0.25762738 -0.001000 0.05656193)
        (0.25801590 -0.001000 0.05658949)
        (0.25840441 -0.001000 0.05661698)
        (0.25879293 -0.001000 0.05664441)
        (0.25918146 -0.001000 0.05667176)
        (0.25956999 -0.001000 0.05669905)
        (0.25995853 -0.001000 0.05672627)
        (0.26034707 -0.001000 0.05675343)
        (0.26073562 -0.001000 0.05678051)
        (0.26112417 -0.001000 0.05680753)
        (0.26151272 -0.001000 0.05683449)
        (0.26190128 -0.001000 0.05686137)
        (0.26228985 -0.001000 0.05688819)
        (0.26267841 -0.001000 0.05691494)
        (0.26306699 -0.001000 0.05694163)
        (0.26345557 -0.001000 0.05696825)
        (0.26384415 -0.001000 0.05699480)
        (0.26423273 -0.001000 0.05702129)
        (0.26462133 -0.001000 0.05704771)
        (0.26500992 -0.001000 0.05707406)
        (0.26539852 -0.001000 0.05710034)
        (0.26578713 -0.001000 0.05712657)
        (0.26617574 -0.001000 0.05715272)
        (0.26656435 -0.001000 0.05717881)
        (0.26695297 -0.001000 0.05720483)
        (0.26734159 -0.001000 0.05723079)
        (0.26773022 -0.001000 0.05725668)
        (0.26811885 -0.001000 0.05728250)
        (0.26850749 -0.001000 0.05730826)
        (0.26889613 -0.001000 0.05733396)
        (0.26928477 -0.001000 0.05735959)
        (0.26967342 -0.001000 0.05738515)
        (0.27006207 -0.001000 0.05741065)
        (0.27045073 -0.001000 0.05743608)
        (0.27083939 -0.001000 0.05746145)
        (0.27122806 -0.001000 0.05748675)
        (0.27161673 -0.001000 0.05751199)
        (0.27200540 -0.001000 0.05753717)
        (0.27239408 -0.001000 0.05756228)
        (0.27278276 -0.001000 0.05758732)
        (0.27317145 -0.001000 0.05761230)
        (0.27356014 -0.001000 0.05763721)
        (0.27394883 -0.001000 0.05766207)
        (0.27433753 -0.001000 0.05768685)
        (0.27472623 -0.001000 0.05771157)
        (0.27511494 -0.001000 0.05773623)
        (0.27550365 -0.001000 0.05776083)
        (0.27589237 -0.001000 0.05778536)
        (0.27628109 -0.001000 0.05780982)
        (0.27666981 -0.001000 0.05783423)
        (0.27705854 -0.001000 0.05785856)
        (0.27744727 -0.001000 0.05788284)
        (0.27783600 -0.001000 0.05790705)
        (0.27822474 -0.001000 0.05793120)
        (0.27861349 -0.001000 0.05795529)
        (0.27900223 -0.001000 0.05797931)
        (0.27939099 -0.001000 0.05800327)
        (0.27977974 -0.001000 0.05802716)
        (0.28016850 -0.001000 0.05805099)
        (0.28055726 -0.001000 0.05807476)
        (0.28094603 -0.001000 0.05809847)
        (0.28133480 -0.001000 0.05812211)
        (0.28172357 -0.001000 0.05814569)
        (0.28211235 -0.001000 0.05816921)
        (0.28250113 -0.001000 0.05819267)
        (0.28288992 -0.001000 0.05821606)
        (0.28327871 -0.001000 0.05823939)
        (0.28366750 -0.001000 0.05826266)
        (0.28405630 -0.001000 0.05828587)
        (0.28444510 -0.001000 0.05830901)
        (0.28483390 -0.001000 0.05833210)
        (0.28522271 -0.001000 0.05835512)
        (0.28561152 -0.001000 0.05837808)
        (0.28600033 -0.001000 0.05840097)
        (0.28638915 -0.001000 0.05842381)
        (0.28677797 -0.001000 0.05844658)
        (0.28716680 -0.001000 0.05846930)
        (0.28755563 -0.001000 0.05849195)
        (0.28794446 -0.001000 0.05851454)
        (0.28833330 -0.001000 0.05853706)
        (0.28872214 -0.001000 0.05855953)
        (0.28911098 -0.001000 0.05858193)
        (0.28949983 -0.001000 0.05860428)
        (0.28988868 -0.001000 0.05862656)
        (0.29027753 -0.001000 0.05864878)
        (0.29066639 -0.001000 0.05867094)
        (0.29105525 -0.001000 0.05869303)
        (0.29144412 -0.001000 0.05871507)
        (0.29183299 -0.001000 0.05873704)
        (0.29222186 -0.001000 0.05875896)
        (0.29261073 -0.001000 0.05878081)
        (0.29299961 -0.001000 0.05880260)
        (0.29338849 -0.001000 0.05882433)
        (0.29377738 -0.001000 0.05884599)
        (0.29416627 -0.001000 0.05886760)
        (0.29455516 -0.001000 0.05888915)
        (0.29494405 -0.001000 0.05891063)
        (0.29533295 -0.001000 0.05893205)
        (0.29572186 -0.001000 0.05895341)
        (0.29611076 -0.001000 0.05897471)
        (0.29649967 -0.001000 0.05899595)
        (0.29688858 -0.001000 0.05901713)
        (0.29727750 -0.001000 0.05903824)
        (0.29766642 -0.001000 0.05905930)
        (0.29805534 -0.001000 0.05908029)
        (0.29844426 -0.001000 0.05910122)
        (0.29883319 -0.001000 0.05912209)
        (0.29922213 -0.001000 0.05914290)
        (0.29961106 -0.001000 0.05916365)
    )
    polyLine 16 20
    (
        (0.00000941 0.001000 0.00039090)
        (0.00003750 0.001000 0.00078107)
        (0.00008368 0.001000 0.00116977)
        (0.00014735 0.001000 0.00155627)
        (0.00022790 0.001000 0.00193981)
        (0.00032473 0.001000 0.00231967)
        (0.00043723 0.001000 0.00269510)
        (0.00056480 0.001000 0.00306537)
        (0.00070684 0.001000 0.00342978)
        (0.00086261 0.001000 0.00378809)
        (0.00103135 0.001000 0.00414033)
        (0.00121227 0.001000 0.00448652)
        (0.00140459 0.001000 0.00482666)
        (0.00160754 0.001000 0.00516077)
        (0.00182034 0.001000 0.00548888)
        (0.00204222 0.001000 0.00581100)
        (0.00227238 0.001000 0.00612715)
        (0.00251007 0.001000 0.00643735)
        (0.00275470 0.001000 0.00674167)
        (0.00300592 0.001000 0.00704029)
        (0.00326340 0.001000 0.00733336)
        (0.00352680 0.001000 0.00762105)
        (0.00379578 0.001000 0.00790353)
        (0.00407001 0.001000 0.00818095)
        (0.00434916 0.001000 0.00845349)
        (0.00463288 0.001000 0.00872132)
        (0.00492085 0.001000 0.00898459)
        (0.00521272 0.001000 0.00924346)
        (0.00550817 0.001000 0.00949812)
        (0.00580693 0.001000 0.00974869)
        (0.00610887 0.001000 0.00999530)
        (0.00641385 0.001000 0.01023804)
        (0.00672175 0.001000 0.01047704)
        (0.00703243 0.001000 0.01071239)
        (0.00734577 0.001000 0.01094421)
        (0.00766163 0.001000 0.01117261)
        (0.00797989 0.001000 0.01139769)
        (0.00830042 0.001000 0.01161957)
        (0.00862308 0.001000 0.01183835)
        (0.00894776 0.001000 0.01205415)
        (0.00927431 0.001000 0.01226707)
        (0.00960261 0.001000 0.01247722)
        (0.00993254 0.001000 0.01268470)
        (0.01026405 0.001000 0.01288958)
        (0.01059707 0.001000 0.01309192)
        (0.01093156 0.001000 0.01329178)
        (0.01126747 0.001000 0.01348921)
        (0.01160475 0.001000 0.01368428)
        (0.01194336 0.001000 0.01387705)
        (0.01228324 0.001000 0.01406757)
        (0.01262434 0.001000 0.01425591)
        (0.01296661 0.001000 0.01444212)
        (0.01331001 0.001000 0.01462626)
        (0.01365448 0.001000 0.01480839)
        (0.01399997 0.001000 0.01498857)
        (0.01434644 0.001000 0.01516686)
        (0.01469384 0.001000 0.01534331)
        (0.01504212 0.001000 0.01551800)
        (0.01539123 0.001000 0.01569096)
        (0.01574115 0.001000 0.01586224)
        (0.01609185 0.001000 0.01603187)
        (0.01644333 0.001000 0.01619989)
        (0.01679556 0.001000 0.01636631)
        (0.01714850 0.001000 0.01653119)
        (0.01750216 0.001000 0.01669455)
        (0.01785649 0.001000 0.01685643)
        (0.01821149 0.001000 0.01701686)
        (0.01856713 0.001000 0.01717587)
        (0.01892339 0.001000 0.01733350)
        (0.01928024 0.001000 0.01748978)
        (0.01963768 0.001000 0.01764474)
        (0.01999566 0.001000 0.01779843)
        (0.02035419 0.001000 0.01795086)
        (0.02071322 0.001000 0.01810208)
        (0.02107275 0.001000 0.01825211)
        (0.02143274 0.001000 0.01840100)
        (0.02179319 0.001000 0.01854877)
        (0.02215407 0.001000 0.01869545)
        (0.02251538 0.001000 0.01884105)
        (0.02287711 0.001000 0.01898560)
        (0.02323925 0.001000 0.01912910)
        (0.02360179 0.001000 0.01927157)
        (0.02396473 0.001000 0.01941303)
        (0.02432804 0.001000 0.01955351)
        (0.02469174 0.001000 0.01969300)
        (0.02505580 0.001000 0.01983154)
        (0.02542022 0.001000 0.01996914)
        (0.02578498 0.001000 0.02010581)
        (0.02615009 0.001000 0.02024157)
        (0.02651553 0.001000 0.02037644)
        (0.02688129 0.001000 0.02051044)
        (0.02724736 0.001000 0.02064358)
        (0.02761374 0.001000 0.02077588)
        (0.02798042 0.001000 0.02090735)
        (0.02834738 0.001000 0.02103802)
        (0.02871462 0.001000 0.02116789)
        (0.02908213 0.001000 0.02129700)
        (0.02944991 0.001000 0.02142534)
        (0.02981793 0.001000 0.02155294)
        (0.03018621 0.001000 0.02167981)
        (0.03055474 0.001000 0.02180595)
        (0.03092350 0.001000 0.02193138)
        (0.03129251 0.001000 0.02205610)
        (0.03166174 0.001000 0.02218013)
        (0.03203121 0.001000 0.02230347)
        (0.03240090 0.001000 0.02242613)
        (0.03277081 0.001000 0.02254813)
        (0.03314094 0.001000 0.02266948)
        (0.03351128 0.001000 0.02279018)
        (0.03388183 0.001000 0.02291024)
        (0.03425258 0.001000 0.02302967)
        (0.03462353 0.001000 0.02314849)
        (0.03499467 0.001000 0.02326670)
        (0.03536601 0.001000 0.02338431)
        (0.03573753 0.001000 0.02350134)
        (0.03610923 0.001000 0.02361779)
        (0.03648111 0.001000 0.02373367)
        (0.03685316 0.001000 0.02384899)
        (0.03722538 0.001000 0.02396377)
        (0.03759777 0.001000 0.02407800)
        (0.03797031 0.001000 0.02419171)
        (0.03834302 0.001000 0.02430490)
        (0.03871587 0.001000 0.02441758)
        (0.03908888 0.001000 0.02452974)
        (0.03946203 0.001000 0.02464141)
        (0.03983534 0.001000 0.02475258)
        (0.04020879 0.001000 0.02486325)
        (0.04058238 0.001000 0.02497344)
        (0.04095611 0.001000 0.02508315)
        (0.04132999 0.001000 0.02519237)
        (0.04170400 0.001000 0.02530113)
        (0.04207814 0.001000 0.02540942)
        (0.04245242 0.001000 0.02551724)
        (0.04282684 0.001000 0.02562461)
        (0.04320138 0.001000 0.02573153)
        (0.04357605 0.001000 0.02583800)
        (0.04395084 0.001000 0.02594402)
        (0.04432576 0.001000 0.02604961)
        (0.04470080 0.001000 0.02615477)
        (0.04507596 0.001000 0.02625950)
        (0.04545123 0.001000 0.02636381)
        (0.04582663 0.001000 0.02646770)
        (0.04620213 0.001000 0.02657117)
        (0.04657775 0.001000 0.02667425)
        (0.04695348 0.001000 0.02677692)
        (0.04732932 0.001000 0.02687919)
        (0.04770526 0.001000 0.02698107)
        (0.04808131 0.001000 0.02708256)
        (0.04845745 0.001000 0.02718367)
        (0.04883370 0.001000 0.02728440)
        (0.04921005 0.001000 0.02738476)
        (0.04958650 0.001000 0.02748474)
        (0.04996305 0.001000 0.02758435)
        (0.05033969 0.001000 0.02768359)
        (0.05071643 0.001000 0.02778247)
        (0.05109326 0.001000 0.02788098)
        (0.05147019 0.001000 0.02797913)
        (0.05184721 0.001000 0.02807693)
        (0.05222432 0.001000 0.02817437)
        (0.05260152 0.001000 0.02827147)
        (0.05297881 0.001000 0.02836821)
        (0.05335620 0.001000 0.02846461)
        (0.05373366 0.001000 0.02856066)
        (0.05411122 0.001000 0.02865638)
        (0.05448886 0.001000 0.02875176)
        (0.05486658 0.001000 0.02884680)
        (0.05524439 0.001000 0.02894152)
        (0.05562228 0.001000 0.02903590)
        (0.05600025 0.001000 0.02912996)
        (0.05637830 0.001000 0.02922370)
        (0.05675643 0.001000 0.02931712)
        (0.05713464 0.001000 0.02941022)
        (0.05751293 0.001000 0.02950300)
        (0.05789129 0.001000 0.02959548)
        (0.05826973 0.001000 0.02968764)
        (0.05864824 0.001000 0.02977950)
        (0.05902682 0.001000 0.02987106)
        (0.05940548 0.001000 0.02996232)
        (0.05978420 0.001000 0.03005328)
        (0.06016300 0.001000 0.03014394)
        (0.06054187 0.001000 0.03023431)
        (0.06092080 0.001000 0.03032438)
        (0.06129981 0.001000 0.03041417)
        (0.06167888 0.001000 0.03050367)
        (0.06205802 0.001000 0.03059287)
        (0.06243723 0.001000 0.03068180)
        (0.06281651 0.001000 0.03077044)
        (0.06319585 0.001000 0.03085880)
        (0.06357525 0.001000 0.03094688)
        (0.06395472 0.001000 0.03103469)
        (0.06433425 0.001000 0.03112221)
        (0.06471385 0.001000 0.03120947)
        (0.06509351 0.001000 0.03129645)
        (0.06547323 0.001000 0.03138316)
        (0.06585301 0.001000 0.03146961)
        (0.06623285 0.001000 0.03155578)
        (0.06661275 0.001000 0.03164170)
        (0.06699272 0.001000 0.03172735)
        (0.06737274 0.001000 0.03181274)
        (0.06775281 0.001000 0.03189787)
        (0.06813295 0.001000 0.03198274)
        (0.06851314 0.001000 0.03206736)
        (0.06889339 0.001000 0.03215173)
        (0.06927370 0.001000 0.03223584)
        (0.06965406 0.001000 0.03231970)
        (0.07003447 0.001000 0.03240332)
        (0.07041494 0.001000 0.03248669)
        (0.07079546 0.001000 0.03256982)
        (0.07117603 0.001000 0.03265271)
        (0.07155666 0.001000 0.03273535)
        (0.07193734 0.001000 0.03281776)
        (0.07231806 0.001000 0.03289993)
        (0.07269884 0.001000 0.03298186)
        (0.07307967 0.001000 0.03306356)
        (0.07346055 0.001000 0.03314502)
        (0.07384148 0.001000 0.03322625)
        (0.07422246 0.001000 0.03330725)
        (0.07460348 0.001000 0.03338802)
        (0.07498456 0.001000 0.03346856)
        (0.07536568 0.001000 0.03354887)
        (0.07574685 0.001000 0.03362896)
        (0.07612807 0.001000 0.03370882)
        (0.07650933 0.001000 0.03378846)
        (0.07689065 0.001000 0.03386787)
        (0.07727200 0.001000 0.03394707)
        (0.07765341 0.001000 0.03402604)
        (0.07803485 0.001000 0.03410479)
        (0.07841635 0.001000 0.03418333)
        (0.07879788 0.001000 0.03426165)
        (0.07917947 0.001000 0.03433976)
        (0.07956109 0.001000 0.03441765)
        (0.07994276 0.001000 0.03449533)
        (0.08032447 0.001000 0.03457280)
        (0.08070623 0.001000 0.03465006)
        (0.08108802 0.001000 0.03472710)
        (0.08146986 0.001000 0.03480395)
        (0.08185174 0.001000 0.03488058)
        (0.08223366 0.001000 0.03495701)
        (0.08261562 0.001000 0.03503324)
        (0.08299763 0.001000 0.03510926)
        (0.08337967 0.001000 0.03518509)
        (0.08376175 0.001000 0.03526071)
        (0.08414387 0.001000 0.03533613)
        (0.08452603 0.001000 0.03541136)
        (0.08490823 0.001000 0.03548639)
        (0.08529046 0.001000 0.03556123)
        (0.08567274 0.001000 0.03563587)
        (0.08605505 0.001000 0.03571031)
        (0.08643740 0.001000 0.03578456)
        (0.08681978 0.001000 0.03585863)
        (0.08720221 0.001000 0.03593249)
        (0.08758467 0.001000 0.03600617)
        (0.08796716 0.001000 0.03607966)
        (0.08834969 0.001000 0.03615296)
        (0.08873226 0.001000 0.03622607)
        (0.08911487 0.001000 0.03629900)
        (0.08949751 0.001000 0.03637173)
        (0.08988018 0.001000 0.03644429)
        (0.09026289 0.001000 0.03651665)
        (0.09064564 0.001000 0.03658884)
        (0.09102842 0.001000 0.03666084)
        (0.09141123 0.001000 0.03673266)
        (0.09179408 0.001000 0.03680429)
        (0.09217696 0.001000 0.03687575)
        (0.09255987 0.001000 0.03694703)
        (0.09294282 0.001000 0.03701812)
        (0.09332580 0.001000 0.03708904)
        (0.09370882 0.001000 0.03715978)
        (0.09409186 0.001000 0.03723035)
        (0.09447494 0.001000 0.03730074)
        (0.09485805 0.001000 0.03737095)
        (0.09524120 0.001000 0.03744099)
        (0.09562437 0.001000 0.03751086)
        (0.09600758 0.001000 0.03758056)
        (0.09639081 0.001000 0.03765008)
        (0.09677408 0.001000 0.03771944)
        (0.09715738 0.001000 0.03778862)
        (0.09754071 0.001000 0.03785764)
        (0.09792407 0.001000 0.03792648)
        (0.09830746 0.001000 0.03799516)
        (0.09869087 0.001000 0.03806368)
        (0.09907432 0.001000 0.03813202)
        (0.09945780 0.001000 0.03820021)
        (0.09984130 0.001000 0.03826822)
        (0.10022484 0.001000 0.03833608)
        (0.10060840 0.001000 0.03840377)
        (0.10099200 0.001000 0.03847130)
        (0.10137562 0.001000 0.03853866)
        (0.10175927 0.001000 0.03860587)
        (0.10214294 0.001000 0.03867291)
        (0.10252665 0.001000 0.03873980)
        (0.10291038 0.001000 0.03880652)
        (0.10329414 0.001000 0.03887309)
        (0.10367793 0.001000 0.03893950)
        (0.10406174 0.001000 0.03900575)
        (0.10444559 0.001000 0.03907184)
        (0.10482946 0.001000 0.03913778)
        (0.10521335 0.001000 0.03920356)
        (0.10559727 0.001000 0.03926919)
        (0.10598122 0.001000 0.03933466)
        (0.10636520 0.001000 0.03939998)
        (0.10674920 0.001000 0.03946515)
        (0.10713322 0.001000 0.03953016)
        (0.10751728 0.001000 0.03959503)
        (0.10790136 0.001000 0.03965974)
        (0.10828546 0.001000 0.03972430)
        (0.10866959 0.001000 0.03978871)
        (0.10905374 0.001000 0.03985297)
        (0.10943792 0.001000 0.03991708)
        (0.10982212 0.001000 0.03998105)
        (0.11020635 0.001000 0.04004487)
        (0.11059060 0.001000 0.04010854)
        (0.11097488 0.001000 0.04017206)
        (0.11135918 0.001000 0.04023544)
        (0.11174350 0.001000 0.04029868)
        (0.11212785 0.001000 0.04036177)
        (0.11251222 0.001000 0.04042472)
        (0.11289661 0.001000 0.04048752)
        (0.11328103 0.001000 0.04055018)
        (0.11366547 0.001000 0.04061271)
        (0.11404993 0.001000 0.04067509)
        (0.11443442 0.001000 0.04073732)
        (0.11481893 0.001000 0.04079942)
        (0.11520346 0.001000 0.04086138)
        (0.11558801 0.001000 0.04092320)
        (0.11597259 0.001000 0.04098488)
        (0.11635718 0.001000 0.04104643)
        (0.11674180 0.001000 0.04110783)
        (0.11712645 0.001000 0.04116910)
        (0.11751111 0.001000 0.04123023)
        (0.11789579 0.001000 0.04129122)
        (0.11828050 0.001000 0.04135207)
        (0.11866523 0.001000 0.04141279)
        (0.11904998 0.001000 0.04147338)
        (0.11943475 0.001000 0.04153383)
        (0.11981954 0.001000 0.04159414)
        (0.12020436 0.001000 0.04165432)
        (0.12058919 0.001000 0.04171437)
        (0.12097404 0.001000 0.04177428)
        (0.12135892 0.001000 0.04183406)
        (0.12174382 0.001000 0.04189371)
        (0.12212873 0.001000 0.04195322)
        (0.12251367 0.001000 0.04201261)
        (0.12289863 0.001000 0.04207186)
        (0.12328360 0.001000 0.04213098)
        (0.12366860 0.001000 0.04218997)
        (0.12405362 0.001000 0.04224883)
        (0.12443866 0.001000 0.04230756)
        (0.12482371 0.001000 0.04236616)
        (0.12520879 0.001000 0.04242463)
        (0.12559388 0.001000 0.04248298)
        (0.12597900 0.001000 0.04254119)
        (0.12636413 0.001000 0.04259928)
        (0.12674929 0.001000 0.04265724)
        (0.12713446 0.001000 0.04271508)
        (0.12751965 0.001000 0.04277278)
        (0.12790486 0.001000 0.04283037)
        (0.12829009 0.001000 0.04288782)
        (0.12867534 0.001000 0.04294515)
        (0.12906061 0.001000 0.04300236)
        (0.12944589 0.001000 0.04305944)
        (0.12983119 0.001000 0.04311640)
        (0.13021651 0.001000 0.04317324)
        (0.13060185 0.001000 0.04322995)
        (0.13098721 0.001000 0.04328654)
        (0.13137259 0.001000 0.04334300)
        (0.13175798 0.001000 0.04339935)
        (0.13214339 0.001000 0.04345557)
        (0.13252882 0.001000 0.04351167)
        (0.13291427 0.001000 0.04356765)
        (0.13329973 0.001000 0.04362351)
        (0.13368521 0.001000 0.04367924)
        (0.13407071 0.001000 0.04373486)
        (0.13445622 0.001000 0.04379036)
        (0.13484176 0.001000 0.04384573)
        (0.13522731 0.001000 0.04390099)
        (0.13561288 0.001000 0.04395613)
        (0.13599846 0.001000 0.04401114)
        (0.13638406 0.001000 0.04406604)
        (0.13676968 0.001000 0.04412083)
        (0.13715531 0.001000 0.04417549)
        (0.13754097 0.001000 0.04423003)
        (0.13792663 0.001000 0.04428446)
        (0.13831232 0.001000 0.04433877)
        (0.13869802 0.001000 0.04439297)
        (0.13908374 0.001000 0.04444704)
        (0.13946947 0.001000 0.04450100)
        (0.13985522 0.001000 0.04455485)
        (0.14024099 0.001000 0.04460858)
        (0.14062677 0.001000 0.04466219)
        (0.14101257 0.001000 0.04471569)
        (0.14139838 0.001000 0.04476907)
        (0.14178421 0.001000 0.04482234)
        (0.14217006 0.001000 0.04487550)
        (0.14255592 0.001000 0.04492854)
        (0.14294180 0.001000 0.04498147)
        (0.14332769 0.001000 0.04503428)
        (0.14371360 0.001000 0.04508698)
        (0.14409952 0.001000 0.04513957)
        (0.14448546 0.001000 0.04519205)
        (0.14487142 0.001000 0.04524441)
        (0.14525739 0.001000 0.04529666)
        (0.14564337 0.001000 0.04534880)
        (0.14602937 0.001000 0.04540083)
        (0.14641538 0.001000 0.04545275)
        (0.14680141 0.001000 0.04550456)
        (0.14718746 0.001000 0.04555626)
        (0.14757351 0.001000 0.04560785)
        (0.14795959 0.001000 0.04565932)
        (0.14834567 0.001000 0.04571069)
        (0.14873178 0.001000 0.04576195)
        (0.14911789 0.001000 0.04581310)
        (0.14950402 0.001000 0.04586414)
        (0.14989017 0.001000 0.04591507)
        (0.15027633 0.001000 0.04596589)
        (0.15066250 0.001000 0.04601660)
        (0.15104869 0.001000 0.04606721)
        (0.15143489 0.001000 0.04611771)
        (0.15182111 0.001000 0.04616810)
        (0.15220734 0.001000 0.04621838)
        (0.15259358 0.001000 0.04626855)
        (0.15297984 0.001000 0.04631862)
        (0.15336611 0.001000 0.04636858)
        (0.15375240 0.001000 0.04641843)
        (0.15413870 0.001000 0.04646818)
        (0.15452501 0.001000 0.04651782)
        (0.15491134 0.001000 0.04656736)
        (0.15529768 0.001000 0.04661679)
        (0.15568404 0.001000 0.04666611)
        (0.15607040 0.001000 0.04671533)
        (0.15645678 0.001000 0.04676444)
        (0.15684318 0.001000 0.04681344)
        (0.15722959 0.001000 0.04686235)
        (0.15761601 0.001000 0.04691114)
        (0.15800244 0.001000 0.04695984)
        (0.15838889 0.001000 0.04700842)
        (0.15877535 0.001000 0.04705691)
        (0.15916182 0.001000 0.04710529)
        (0.15954831 0.001000 0.04715357)
        (0.15993481 0.001000 0.04720174)
        (0.16032132 0.001000 0.04724981)
        (0.16070784 0.001000 0.04729778)
        (0.16109438 0.001000 0.04734564)
        (0.16148093 0.001000 0.04739340)
        (0.16186749 0.001000 0.04744106)
        (0.16225407 0.001000 0.04748862)
        (0.16264066 0.001000 0.04753608)
        (0.16302726 0.001000 0.04758343)
        (0.16341387 0.001000 0.04763068)
        (0.16380049 0.001000 0.04767783)
        (0.16418713 0.001000 0.04772488)
        (0.16457378 0.001000 0.04777183)
        (0.16496044 0.001000 0.04781868)
        (0.16534712 0.001000 0.04786543)
        (0.16573380 0.001000 0.04791208)
        (0.16612050 0.001000 0.04795862)
        (0.16650721 0.001000 0.04800507)
        (0.16689393 0.001000 0.04805142)
        (0.16728067 0.001000 0.04809767)
        (0.16766741 0.001000 0.04814382)
        (0.16805417 0.001000 0.04818987)
        (0.16844094 0.001000 0.04823583)
        (0.16882772 0.001000 0.04828168)
        (0.16921451 0.001000 0.04832744)
        (0.16960131 0.001000 0.04837310)
        (0.16998813 0.001000 0.04841866)
        (0.17037495 0.001000 0.04846413)
        (0.17076179 0.001000 0.04850950)
        (0.17114864 0.001000 0.04855477)
        (0.17153550 0.001000 0.04859995)
        (0.17192237 0.001000 0.04864502)
        (0.17230926 0.001000 0.04869001)
        (0.17269615 0.001000 0.04873490)
        (0.17308306 0.001000 0.04877969)
        (0.17346997 0.001000 0.04882438)
        (0.17385690 0.001000 0.04886899)
        (0.17424384 0.001000 0.04891349)
        (0.17463079 0.001000 0.04895791)
        (0.17501775 0.001000 0.04900223)
        (0.17540472 0.001000 0.04904645)
        (0.17579170 0.001000 0.04909058)
        (0.17617869 0.001000 0.04913462)
        (0.17656569 0.001000 0.04917856)
        (0.17695271 0.001000 0.04922241)
        (0.17733973 0.001000 0.04926617)
        (0.17772676 0.001000 0.04930984)
        (0.17811381 0.001000 0.04935341)
        (0.17850086 0.001000 0.04939689)
        (0.17888793 0.001000 0.04944028)
        (0.17927500 0.001000 0.04948358)
        (0.17966209 0.001000 0.04952679)
        (0.18004918 0.001000 0.04956991)
        (0.18043629 0.001000 0.04961293)
        (0.18082341 0.001000 0.04965587)
        (0.18121053 0.001000 0.04969871)
        (0.18159767 0.001000 0.04974147)
        (0.18198481 0.001000 0.04978413)
        (0.18237197 0.001000 0.04982671)
        (0.18275913 0.001000 0.04986919)
        (0.18314631 0.001000 0.04991159)
        (0.18353349 0.001000 0.04995390)
        (0.18392069 0.001000 0.04999612)
        (0.18430789 0.001000 0.05003825)
        (0.18469510 0.001000 0.05008029)
        (0.18508233 0.001000 0.05012224)
        (0.18546956 0.001000 0.05016411)
        (0.18585680 0.001000 0.05020589)
        (0.18624405 0.001000 0.05024758)
        (0.18663131 0.001000 0.05028918)
        (0.18701858 0.001000 0.05033070)
        (0.18740586 0.001000 0.05037212)
        (0.18779315 0.001000 0.05041346)
        (0.18818045 0.001000 0.05045472)
        (0.18856776 0.001000 0.05049588)
        (0.18895508 0.001000 0.05053696)
        (0.18934240 0.001000 0.05057795)
        (0.18972974 0.001000 0.05061886)
        (0.19011708 0.001000 0.05065968)
        (0.19050443 0.001000 0.05070041)
        (0.19089180 0.001000 0.05074106)
        (0.19127917 0.001000 0.05078162)
        (0.19166655 0.001000 0.05082209)
        (0.19205394 0.001000 0.05086248)
        (0.19244134 0.001000 0.05090278)
        (0.19282874 0.001000 0.05094300)
        (0.19321616 0.001000 0.05098313)
        (0.19360358 0.001000 0.05102318)
        (0.19399102 0.001000 0.05106314)
        (0.19437846 0.001000 0.05110302)
        (0.19476591 0.001000 0.05114281)
        (0.19515337 0.001000 0.05118252)
        (0.19554084 0.001000 0.05122214)
        (0.19592832 0.001000 0.05126168)
        (0.19631580 0.001000 0.05130113)
        (0.19670330 0.001000 0.05134050)
        (0.19709080 0.001000 0.05137979)
        (0.19747831 0.001000 0.05141899)
        (0.19786583 0.001000 0.05145811)
        (0.19825336 0.001000 0.05149715)
        (0.19864089 0.001000 0.05153610)
        (0.19902844 0.001000 0.05157497)
        (0.19941599 0.001000 0.05161376)
        (0.19980355 0.001000 0.05165246)
        (0.20019112 0.001000 0.05169108)
        (0.20057870 0.001000 0.05172962)
        (0.20096629 0.001000 0.05176807)
        (0.20135388 0.001000 0.05180644)
        (0.20174148 0.001000 0.05184473)
        (0.20212909 0.001000 0.05188294)
        (0.20251671 0.001000 0.05192107)
        (0.20290434 0.001000 0.05195911)
        (0.20329197 0.001000 0.05199707)
        (0.20367961 0.001000 0.05203496)
        (0.20406726 0.001000 0.05207276)
        (0.20445492 0.001000 0.05211047)
        (0.20484259 0.001000 0.05214811)
        (0.20523026 0.001000 0.05218567)
        (0.20561794 0.001000 0.05222314)
        (0.20600563 0.001000 0.05226054)
        (0.20639333 0.001000 0.05229785)
        (0.20678104 0.001000 0.05233509)
        (0.20716875 0.001000 0.05237224)
        (0.20755647 0.001000 0.05240931)
        (0.20794420 0.001000 0.05244630)
        (0.20833193 0.001000 0.05248322)
        (0.20871968 0.001000 0.05252005)
        (0.20910743 0.001000 0.05255681)
        (0.20949519 0.001000 0.05259348)
        (0.20988295 0.001000 0.05263008)
        (0.21027072 0.001000 0.05266659)
        (0.21065851 0.001000 0.05270303)
        (0.21104629 0.001000 0.05273939)
        (0.21143409 0.001000 0.05277566)
        (0.21182189 0.001000 0.05281187)
        (0.21220970 0.001000 0.05284799)
        (0.21259752 0.001000 0.05288403)
        (0.21298534 0.001000 0.05292000)
        (0.21337318 0.001000 0.05295588)
        (0.21376102 0.001000 0.05299169)
        (0.21414886 0.001000 0.05302742)
        (0.21453672 0.001000 0.05306308)
        (0.21492458 0.001000 0.05309865)
        (0.21531244 0.001000 0.05313415)
        (0.21570032 0.001000 0.05316957)
        (0.21608820 0.001000 0.05320492)
        (0.21647609 0.001000 0.05324019)
        (0.21686399 0.001000 0.05327538)
        (0.21725189 0.001000 0.05331049)
        (0.21763980 0.001000 0.05334553)
        (0.21802772 0.001000 0.05338049)
        (0.21841564 0.001000 0.05341537)
        (0.21880357 0.001000 0.05345018)
        (0.21919151 0.001000 0.05348491)
        (0.21957945 0.001000 0.05351957)
        (0.21996740 0.001000 0.05355415)
        (0.22035536 0.001000 0.05358866)
        (0.22074332 0.001000 0.05362309)
        (0.22113129 0.001000 0.05365744)
        (0.22151927 0.001000 0.05369172)
        (0.22190726 0.001000 0.05372592)
        (0.22229525 0.001000 0.05376005)
        (0.22268324 0.001000 0.05379411)
        (0.22307125 0.001000 0.05382809)
        (0.22345926 0.001000 0.05386199)
        (0.22384728 0.001000 0.05389582)
        (0.22423530 0.001000 0.05392958)
        (0.22462333 0.001000 0.05396326)
        (0.22501136 0.001000 0.05399687)
        (0.22539941 0.001000 0.05403040)
        (0.22578746 0.001000 0.05406386)
        (0.22617551 0.001000 0.05409724)
        (0.22656357 0.001000 0.05413055)
        (0.22695164 0.001000 0.05416379)
        (0.22733972 0.001000 0.05419695)
        (0.22772780 0.001000 0.05423004)
        (0.22811588 0.001000 0.05426305)
        (0.22850398 0.001000 0.05429600)
        (0.22889208 0.001000 0.05432886)
        (0.22928018 0.001000 0.05436166)
        (0.22966829 0.001000 0.05439438)
        (0.23005641 0.001000 0.05442702)
        (0.23044454 0.001000 0.05445960)
        (0.23083267 0.001000 0.05449210)
        (0.23122080 0.001000 0.05452453)
        (0.23160895 0.001000 0.05455688)
        (0.23199709 0.001000 0.05458916)
        (0.23238525 0.001000 0.05462137)
        (0.23277341 0.001000 0.05465350)
        (0.23316158 0.001000 0.05468557)
        (0.23354975 0.001000 0.05471756)
        (0.23393793 0.001000 0.05474947)
        (0.23432611 0.001000 0.05478132)
        (0.23471430 0.001000 0.05481309)
        (0.23510250 0.001000 0.05484479)
        (0.23549070 0.001000 0.05487642)
        (0.23587891 0.001000 0.05490797)
        (0.23626713 0.001000 0.05493945)
        (0.23665535 0.001000 0.05497086)
        (0.23704357 0.001000 0.05500220)
        (0.23743180 0.001000 0.05503347)
        (0.23782004 0.001000 0.05506466)
        (0.23820828 0.001000 0.05509578)
        (0.23859653 0.001000 0.05512683)
        (0.23898479 0.001000 0.05515781)
        (0.23937305 0.001000 0.05518872)
        (0.23976132 0.001000 0.05521955)
        (0.24014959 0.001000 0.05525032)
        (0.24053786 0.001000 0.05528101)
        (0.24092615 0.001000 0.05531163)
        (0.24131444 0.001000 0.05534218)
        (0.24170273 0.001000 0.05537266)
        (0.24209103 0.001000 0.05540307)
        (0.24247934 0.001000 0.05543340)
        (0.24286765 0.001000 0.05546367)
        (0.24325596 0.001000 0.05549386)
        (0.24364429 0.001000 0.05552399)
        (0.24403261 0.001000 0.05555404)
        (0.24442095 0.001000 0.05558402)
        (0.24480928 0.001000 0.05561393)
        (0.24519763 0.001000 0.05564377)
        (0.24558598 0.001000 0.05567354)
        (0.24597433 0.001000 0.05570324)
        (0.24636269 0.001000 0.05573287)
        (0.24675106 0.001000 0.05576243)
        (0.24713943 0.001000 0.05579192)
        (0.24752780 0.001000 0.05582134)
        (0.24791619 0.001000 0.05585069)
        (0.24830457 0.001000 0.05587997)
        (0.24869296 0.001000 0.05590918)
        (0.24908136 0.001000 0.05593832)
        (0.24946976 0.001000 0.05596739)
        (0.24985817 0.001000 0.05599639)
        (0.25024658 0.001000 0.05602532)
        (0.25063500 0.001000 0.05605418)
        (0.25102342 0.001000 0.05608298)
        (0.25141185 0.001000 0.05611170)
        (0.25180029 0.001000 0.05614035)
        (0.25218872 0.001000 0.05616894)
        (0.25257717 0.001000 0.05619746)
        (0.25296562 0.001000 0.05622590)
        (0.25335407 0.001000 0.05625428)
        (0.25374253 0.001000 0.05628259)
        (0.25413099 0.001000 0.05631083)
        (0.25451946 0.001000 0.05633901)
        (0.25490793 0.001000 0.05636711)
        (0.25529641 0.001000 0.05639515)
        (0.25568489 0.001000 0.05642311)
        (0.25607338 0.001000 0.05645101)
        (0.25646187 0.001000 0.05647884)
        (0.25685037 0.001000 0.05650661)
        (0.25723888 0.001000 0.05653430)
        (0.25762738 0.001000 0.05656193)
        (0.25801590 0.001000 0.05658949)
        (0.25840441 0.001000 0.05661698)
        (0.25879293 0.001000 0.05664441)
        (0.25918146 0.001000 0.05667176)
        (0.25956999 0.001000 0.05669905)
        (0.25995853 0.001000 0.05672627)
        (0.26034707 0.001000 0.05675343)
        (0.26073562 0.001000 0.05678051)
        (0.26112417 0.001000 0.05680753)
        (0.26151272 0.001000 0.05683449)
        (0.26190128 0.001000 0.05686137)
        (0.26228985 0.001000 0.05688819)
        (0.26267841 0.001000 0.05691494)
        (0.26306699 0.001000 0.05694163)
        (0.26345557 0.001000 0.05696825)
        (0.26384415 0.001000 0.05699480)
        (0.26423273 0.001000 0.05702129)
        (0.26462133 0.001000 0.05704771)
        (0.26500992 0.001000 0.05707406)
        (0.26539852 0.001000 0.05710034)
        (0.26578713 0.001000 0.05712657)
        (0.26617574 0.001000 0.05715272)
        (0.26656435 0.001000 0.05717881)
        (0.26695297 0.001000 0.05720483)
        (0.26734159 0.001000 0.05723079)
        (0.26773022 0.001000 0.05725668)
        (0.26811885 0.001000 0.05728250)
        (0.26850749 0.001000 0.05730826)
        (0.26889613 0.001000 0.05733396)
        (0.26928477 0.001000 0.05735959)
        (0.26967342 0.001000 0.05738515)
        (0.27006207 0.001000 0.05741065)
        (0.27045073 0.001000 0.05743608)
        (0.27083939 0.001000 0.05746145)
        (0.27122806 0.001000 0.05748675)
        (0.27161673 0.001000 0.05751199)
        (0.27200540 0.001000 0.05753717)
        (0.27239408 0.001000 0.05756228)
        (0.27278276 0.001000 0.05758732)
        (0.27317145 0.001000 0.05761230)
        (0.27356014 0.001000 0.05763721)
        (0.27394883 0.001000 0.05766207)
        (0.27433753 0.001000 0.05768685)
        (0.27472623 0.001000 0.05771157)
        (0.27511494 0.001000 0.05773623)
        (0.27550365 0.001000 0.05776083)
        (0.27589237 0.001000 0.05778536)
        (0.27628109 0.001000 0.05780982)
        (0.27666981 0.001000 0.05783423)
        (0.27705854 0.001000 0.05785856)
        (0.27744727 0.001000 0.05788284)
        (0.27783600 0.001000 0.05790705)
        (0.27822474 0.001000 0.05793120)
        (0.27861349 0.001000 0.05795529)
        (0.27900223 0.001000 0.05797931)
        (0.27939099 0.001000 0.05800327)
        (0.27977974 0.001000 0.05802716)
        (0.28016850 0.001000 0.05805099)
        (0.28055726 0.001000 0.05807476)
        (0.28094603 0.001000 0.05809847)
        (0.28133480 0.001000 0.05812211)
        (0.28172357 0.001000 0.05814569)
        (0.28211235 0.001000 0.05816921)
        (0.28250113 0.001000 0.05819267)
        (0.28288992 0.001000 0.05821606)
        (0.28327871 0.001000 0.05823939)
        (0.28366750 0.001000 0.05826266)
        (0.28405630 0.001000 0.05828587)
        (0.28444510 0.001000 0.05830901)
        (0.28483390 0.001000 0.05833210)
        (0.28522271 0.001000 0.05835512)
        (0.28561152 0.001000 0.05837808)
        (0.28600033 0.001000 0.05840097)
        (0.28638915 0.001000 0.05842381)
        (0.28677797 0.001000 0.05844658)
        (0.28716680 0.001000 0.05846930)
        (0.28755563 0.001000 0.05849195)
        (0.28794446 0.001000 0.05851454)
        (0.28833330 0.001000 0.05853706)
        (0.28872214 0.001000 0.05855953)
        (0.28911098 0.001000 0.05858193)
        (0.28949983 0.001000 0.05860428)
        (0.28988868 0.001000 0.05862656)
        (0.29027753 0.001000 0.05864878)
        (0.29066639 0.001000 0.05867094)
        (0.29105525 0.001000 0.05869303)
        (0.29144412 0.001000 0.05871507)
        (0.29183299 0.001000 0.05873704)
        (0.29222186 0.001000 0.05875896)
        (0.29261073 0.001000 0.05878081)
        (0.29299961 0.001000 0.05880260)
        (0.29338849 0.001000 0.05882433)
        (0.29377738 0.001000 0.05884599)
        (0.29416627 0.001000 0.05886760)
        (0.29455516 0.001000 0.05888915)
        (0.29494405 0.001000 0.05891063)
        (0.29533295 0.001000 0.05893205)
        (0.29572186 0.001000 0.05895341)
        (0.29611076 0.001000 0.05897471)
        (0.29649967 0.001000 0.05899595)
        (0.29688858 0.001000 0.05901713)
        (0.29727750 0.001000 0.05903824)
        (0.29766642 0.001000 0.05905930)
        (0.29805534 0.001000 0.05908029)
        (0.29844426 0.001000 0.05910122)
        (0.29883319 0.001000 0.05912209)
        (0.29922213 0.001000 0.05914290)
        (0.29961106 0.001000 0.05916365)
    )
    polyLine 8 5
    (
        (0.30087830 -0.001000 0.05923083)
        (0.30175663 -0.001000 0.05927701)
        (0.30263496 -0.001000 0.05932287)
        (0.30351332 -0.001000 0.05936843)
        (0.30439169 -0.001000 0.05941367)
        (0.30527007 -0.001000 0.05945861)
        (0.30614847 -0.001000 0.05950323)
        (0.30702689 -0.001000 0.05954754)
        (0.30790532 -0.001000 0.05959154)
        (0.30878377 -0.001000 0.05963524)
        (0.30966223 -0.001000 0.05967862)
        (0.31054071 -0.001000 0.05972169)
        (0.31141921 -0.001000 0.05976445)
        (0.31229771 -0.001000 0.05980690)
        (0.31317624 -0.001000 0.05984904)
        (0.31405478 -0.001000 0.05989088)
        (0.31493333 -0.001000 0.05993240)
        (0.31581190 -0.001000 0.05997362)
        (0.31669048 -0.001000 0.06001453)
        (0.31756908 -0.001000 0.06005512)
        (0.31844769 -0.001000 0.06009542)
        (0.31932631 -0.001000 0.06013540)
        (0.32020495 -0.001000 0.06017507)
        (0.32108360 -0.001000 0.06021444)
        (0.32196227 -0.001000 0.06025350)
        (0.32284095 -0.001000 0.06029226)
        (0.32371964 -0.001000 0.06033071)
        (0.32459835 -0.001000 0.06036885)
        (0.32547707 -0.001000 0.06040668)
        (0.32635580 -0.001000 0.06044421)
        (0.32723455 -0.001000 0.06048144)
        (0.32811331 -0.001000 0.06051835)
        (0.32899208 -0.001000 0.06055497)
        (0.32987086 -0.001000 0.06059127)
        (0.33074966 -0.001000 0.06062728)
        (0.33162847 -0.001000 0.06066297)
        (0.33250729 -0.001000 0.06069837)
        (0.33338612 -0.001000 0.06073345)
        (0.33426497 -0.001000 0.06076824)
        (0.33514383 -0.001000 0.06080272)
        (0.33602270 -0.001000 0.06083690)
        (0.33690158 -0.001000 0.06087078)
        (0.33778047 -0.001000 0.06090435)
        (0.33865938 -0.001000 0.06093762)
        (0.33953829 -0.001000 0.06097059)
        (0.34041722 -0.001000 0.06100326)
        (0.34129616 -0.001000 0.06103562)
        (0.34217511 -0.001000 0.06106769)
        (0.34305407 -0.001000 0.06109945)
        (0.34393304 -0.001000 0.06113091)
        (0.34481202 -0.001000 0.06116208)
        (0.34569101 -0.001000 0.06119294)
        (0.34657001 -0.001000 0.06122350)
        (0.34744903 -0.001000 0.06125377)
        (0.34832805 -0.001000 0.06128373)
        (0.34920708 -0.001000 0.06131340)
        (0.35008613 -0.001000 0.06134277)
        (0.35096518 -0.001000 0.06137184)
        (0.35184424 -0.001000 0.06140061)
        (0.35272332 -0.001000 0.06142909)
        (0.35360240 -0.001000 0.06145727)
        (0.35448149 -0.001000 0.06148515)
        (0.35536059 -0.001000 0.06151273)
        (0.35623970 -0.001000 0.06154002)
        (0.35711882 -0.001000 0.06156702)
        (0.35799795 -0.001000 0.06159371)
        (0.35887709 -0.001000 0.06162012)
        (0.35975624 -0.001000 0.06164622)
        (0.36063539 -0.001000 0.06167203)
        (0.36151455 -0.001000 0.06169755)
        (0.36239373 -0.001000 0.06172277)
        (0.36327291 -0.001000 0.06174769)
        (0.36415210 -0.001000 0.06177233)
        (0.36503129 -0.001000 0.06179666)
        (0.36591050 -0.001000 0.06182070)
        (0.36678971 -0.001000 0.06184445)
        (0.36766893 -0.001000 0.06186791)
        (0.36854816 -0.001000 0.06189107)
        (0.36942740 -0.001000 0.06191393)
        (0.37030664 -0.001000 0.06193651)
        (0.37118590 -0.001000 0.06195879)
        (0.37206515 -0.001000 0.06198077)
        (0.37294442 -0.001000 0.06200247)
        (0.37382369 -0.001000 0.06202387)
        (0.37470297 -0.001000 0.06204498)
        (0.37558226 -0.001000 0.06206579)
        (0.37646156 -0.001000 0.06208632)
        (0.37734086 -0.001000 0.06210655)
        (0.37822017 -0.001000 0.06212649)
        (0.37909948 -0.001000 0.06214614)
        (0.37997880 -0.001000 0.06216550)
        (0.38085813 -0.001000 0.06218456)
        (0.38173746 -0.001000 0.06220334)
        (0.38261680 -0.001000 0.06222182)
        (0.38349615 -0.001000 0.06224001)
        (0.38437550 -0.001000 0.06225792)
        (0.38525486 -0.001000 0.06227553)
        (0.38613422 -0.001000 0.06229285)
        (0.38701359 -0.001000 0.06230989)
        (0.38789296 -0.001000 0.06232663)
        (0.38877234 -0.001000 0.06234308)
        (0.38965173 -0.001000 0.06235925)
        (0.39053112 -0.001000 0.06237513)
        (0.39141051 -0.001000 0.06239071)
        (0.39228991 -0.001000 0.06240601)
        (0.39316932 -0.001000 0.06242103)
        (0.39404873 -0.001000 0.06243575)
        (0.39492815 -0.001000 0.06245018)
        (0.39580757 -0.001000 0.06246433)
        (0.39668699 -0.001000 0.06247819)
        (0.39756642 -0.001000 0.06249177)
        (0.39844585 -0.001000 0.06250506)
        (0.39932529 -0.001000 0.06251806)
        (0.40020473 -0.001000 0.06253077)
        (0.40108418 -0.001000 0.06254320)
        (0.40196363 -0.001000 0.06255534)
        (0.40284308 -0.001000 0.06256720)
        (0.40372254 -0.001000 0.06257877)
        (0.40460200 -0.001000 0.06259005)
        (0.40548147 -0.001000 0.06260105)
        (0.40636094 -0.001000 0.06261176)
        (0.40724041 -0.001000 0.06262219)
        (0.40811988 -0.001000 0.06263233)
        (0.40899936 -0.001000 0.06264218)
        (0.40987885 -0.001000 0.06265175)
        (0.41075833 -0.001000 0.06266103)
        (0.41163782 -0.001000 0.06267002)
        (0.41251731 -0.001000 0.06267873)
        (0.41339680 -0.001000 0.06268715)
        (0.41427630 -0.001000 0.06269528)
        (0.41515580 -0.001000 0.06270312)
        (0.41603530 -0.001000 0.06271067)
        (0.41691480 -0.001000 0.06271794)
        (0.41779431 -0.001000 0.06272492)
        (0.41867382 -0.001000 0.06273160)
        (0.41955333 -0.001000 0.06273801)
        (0.42043284 -0.001000 0.06274412)
        (0.42131236 -0.001000 0.06274994)
        (0.42219187 -0.001000 0.06275547)
        (0.42307139 -0.001000 0.06276072)
        (0.42395091 -0.001000 0.06276567)
        (0.42483043 -0.001000 0.06277034)
        (0.42570996 -0.001000 0.06277471)
        (0.42658948 -0.001000 0.06277880)
        (0.42746901 -0.001000 0.06278259)
        (0.42834853 -0.001000 0.06278610)
        (0.42922806 -0.001000 0.06278931)
        (0.43010759 -0.001000 0.06279223)
        (0.43098712 -0.001000 0.06279486)
        (0.43186665 -0.001000 0.06279719)
        (0.43274618 -0.001000 0.06279923)
        (0.43362572 -0.001000 0.06280097)
        (0.43450525 -0.001000 0.06280242)
        (0.43538478 -0.001000 0.06280357)
        (0.43626432 -0.001000 0.06280443)
        (0.43714385 -0.001000 0.06280499)
        (0.43802339 -0.001000 0.06280525)
        (0.43890292 -0.001000 0.06280521)
        (0.43978245 -0.001000 0.06280487)
        (0.44066199 -0.001000 0.06280423)
        (0.44154152 -0.001000 0.06280329)
        (0.44242106 -0.001000 0.06280204)
        (0.44330059 -0.001000 0.06280050)
        (0.44418012 -0.001000 0.06279865)
        (0.44505965 -0.001000 0.06279650)
        (0.44593918 -0.001000 0.06279404)
        (0.44681871 -0.001000 0.06279128)
        (0.44769824 -0.001000 0.06278821)
        (0.44857777 -0.001000 0.06278484)
        (0.44945730 -0.001000 0.06278116)
        (0.45033682 -0.001000 0.06277717)
        (0.45121634 -0.001000 0.06277287)
        (0.45209587 -0.001000 0.06276826)
        (0.45297539 -0.001000 0.06276334)
        (0.45385491 -0.001000 0.06275812)
        (0.45473442 -0.001000 0.06275258)
        (0.45561394 -0.001000 0.06274672)
        (0.45649345 -0.001000 0.06274056)
        (0.45737296 -0.001000 0.06273408)
        (0.45825247 -0.001000 0.06272729)
        (0.45913198 -0.001000 0.06272018)
        (0.46001148 -0.001000 0.06271275)
        (0.46089098 -0.001000 0.06270501)
        (0.46177048 -0.001000 0.06269696)
        (0.46264997 -0.001000 0.06268858)
        (0.46352947 -0.001000 0.06267989)
        (0.46440895 -0.001000 0.06267087)
        (0.46528844 -0.001000 0.06266154)
        (0.46616792 -0.001000 0.06265188)
        (0.46704740 -0.001000 0.06264191)
        (0.46792687 -0.001000 0.06263161)
        (0.46880634 -0.001000 0.06262099)
        (0.46968581 -0.001000 0.06261004)
        (0.47056527 -0.001000 0.06259877)
        (0.47144473 -0.001000 0.06258718)
        (0.47232419 -0.001000 0.06257526)
        (0.47320364 -0.001000 0.06256301)
        (0.47408308 -0.001000 0.06255044)
        (0.47496252 -0.001000 0.06253753)
        (0.47584196 -0.001000 0.06252430)
        (0.47672139 -0.001000 0.06251074)
        (0.47760081 -0.001000 0.06249685)
        (0.47848023 -0.001000 0.06248263)
        (0.47935965 -0.001000 0.06246808)
        (0.48023906 -0.001000 0.06245319)
        (0.48111846 -0.001000 0.06243797)
        (0.48199786 -0.001000 0.06242241)
        (0.48287725 -0.001000 0.06240652)
        (0.48375664 -0.001000 0.06239029)
        (0.48463601 -0.001000 0.06237373)
        (0.48551539 -0.001000 0.06235683)
        (0.48639475 -0.001000 0.06233958)
        (0.48727411 -0.001000 0.06232200)
        (0.48815347 -0.001000 0.06230408)
        (0.48903281 -0.001000 0.06228582)
        (0.48991215 -0.001000 0.06226721)
        (0.49079148 -0.001000 0.06224827)
        (0.49167080 -0.001000 0.06222897)
        (0.49255012 -0.001000 0.06220934)
        (0.49342943 -0.001000 0.06218935)
        (0.49430873 -0.001000 0.06216902)
        (0.49518802 -0.001000 0.06214835)
        (0.49606730 -0.001000 0.06212732)
        (0.49694658 -0.001000 0.06210595)
        (0.49782585 -0.001000 0.06208422)
        (0.49870511 -0.001000 0.06206215)
        (0.49958435 -0.001000 0.06203972)
        (0.50046360 -0.001000 0.06201695)
        (0.50134283 -0.001000 0.06199381)
        (0.50222205 -0.001000 0.06197033)
        (0.50310126 -0.001000 0.06194649)
        (0.50398046 -0.001000 0.06192229)
        (0.50485966 -0.001000 0.06189774)
        (0.50573884 -0.001000 0.06187284)
        (0.50661801 -0.001000 0.06184757)
        (0.50749718 -0.001000 0.06182195)
        (0.50837633 -0.001000 0.06179598)
        (0.50925547 -0.001000 0.06176964)
        (0.51013460 -0.001000 0.06174294)
        (0.51101372 -0.001000 0.06171589)
        (0.51189283 -0.001000 0.06168847)
        (0.51277192 -0.001000 0.06166069)
        (0.51365101 -0.001000 0.06163256)
        (0.51453008 -0.001000 0.06160406)
        (0.51540915 -0.001000 0.06157519)
        (0.51628820 -0.001000 0.06154597)
        (0.51716723 -0.001000 0.06151638)
        (0.51804626 -0.001000 0.06148642)
        (0.51892527 -0.001000 0.06145610)
        (0.51980427 -0.001000 0.06142542)
        (0.52068326 -0.001000 0.06139437)
        (0.52156224 -0.001000 0.06136295)
        (0.52244120 -0.001000 0.06133116)
        (0.52332014 -0.001000 0.06129901)
        (0.52419908 -0.001000 0.06126649)
        (0.52507800 -0.001000 0.06123360)
        (0.52595691 -0.001000 0.06120034)
        (0.52683580 -0.001000 0.06116671)
        (0.52771468 -0.001000 0.06113271)
        (0.52859354 -0.001000 0.06109833)
        (0.52947239 -0.001000 0.06106359)
        (0.53035123 -0.001000 0.06102847)
        (0.53123005 -0.001000 0.06099298)
        (0.53210885 -0.001000 0.06095712)
        (0.53298764 -0.001000 0.06092088)
        (0.53386642 -0.001000 0.06088427)
        (0.53474517 -0.001000 0.06084729)
        (0.53562392 -0.001000 0.06080993)
        (0.53650264 -0.001000 0.06077219)
        (0.53738135 -0.001000 0.06073408)
        (0.53826005 -0.001000 0.06069559)
        (0.53913872 -0.001000 0.06065672)
        (0.54001738 -0.001000 0.06061748)
        (0.54089603 -0.001000 0.06057786)
        (0.54177465 -0.001000 0.06053786)
        (0.54265326 -0.001000 0.06049747)
        (0.54353185 -0.001000 0.06045671)
        (0.54441043 -0.001000 0.06041557)
        (0.54528898 -0.001000 0.06037405)
        (0.54616752 -0.001000 0.06033215)
        (0.54704604 -0.001000 0.06028987)
        (0.54792454 -0.001000 0.06024720)
        (0.54880302 -0.001000 0.06020415)
        (0.54968148 -0.001000 0.06016072)
        (0.55055993 -0.001000 0.06011690)
        (0.55143835 -0.001000 0.06007270)
        (0.55231676 -0.001000 0.06002812)
        (0.55319514 -0.001000 0.05998315)
        (0.55407351 -0.001000 0.05993780)
        (0.55495186 -0.001000 0.05989207)
        (0.55583018 -0.001000 0.05984596)
        (0.55670849 -0.001000 0.05979946)
        (0.55758678 -0.001000 0.05975258)
        (0.55846504 -0.001000 0.05970531)
        (0.55934329 -0.001000 0.05965767)
        (0.56022151 -0.001000 0.05960964)
        (0.56109972 -0.001000 0.05956123)
        (0.56197790 -0.001000 0.05951243)
        (0.56285606 -0.001000 0.05946326)
        (0.56373420 -0.001000 0.05941370)
        (0.56461231 -0.001000 0.05936376)
        (0.56549041 -0.001000 0.05931343)
        (0.56636848 -0.001000 0.05926273)
        (0.56724653 -0.001000 0.05921164)
        (0.56812456 -0.001000 0.05916017)
        (0.56900257 -0.001000 0.05910832)
        (0.56988055 -0.001000 0.05905608)
        (0.57075851 -0.001000 0.05900346)
        (0.57163645 -0.001000 0.05895047)
        (0.57251437 -0.001000 0.05889709)
        (0.57339226 -0.001000 0.05884332)
        (0.57427013 -0.001000 0.05878918)
        (0.57514797 -0.001000 0.05873466)
        (0.57602579 -0.001000 0.05867976)
        (0.57690359 -0.001000 0.05862447)
        (0.57778136 -0.001000 0.05856882)
        (0.57865911 -0.001000 0.05851278)
        (0.57953683 -0.001000 0.05845638)
        (0.58041453 -0.001000 0.05839959)
        (0.58129221 -0.001000 0.05834244)
        (0.58216986 -0.001000 0.05828492)
        (0.58304749 -0.001000 0.05822702)
        (0.58392510 -0.001000 0.05816876)
        (0.58480268 -0.001000 0.05811013)
        (0.58568023 -0.001000 0.05805114)
        (0.58655776 -0.001000 0.05799178)
        (0.58743527 -0.001000 0.05793205)
        (0.58831275 -0.001000 0.05787197)
        (0.58919020 -0.001000 0.05781152)
        (0.59006764 -0.001000 0.05775071)
        (0.59094504 -0.001000 0.05768954)
        (0.59182242 -0.001000 0.05762802)
        (0.59269978 -0.001000 0.05756614)
        (0.59357711 -0.001000 0.05750390)
        (0.59445442 -0.001000 0.05744131)
        (0.59533170 -0.001000 0.05737837)
        (0.59620895 -0.001000 0.05731507)
        (0.59708618 -0.001000 0.05725143)
        (0.59796339 -0.001000 0.05718743)
        (0.59884057 -0.001000 0.05712309)
        (0.59971772 -0.001000 0.05705840)
        (0.60059485 -0.001000 0.05699337)
        (0.60147195 -0.001000 0.05692799)
        (0.60234902 -0.001000 0.05686226)
        (0.60322607 -0.001000 0.05679620)
        (0.60410310 -0.001000 0.05672979)
        (0.60498010 -0.001000 0.05666304)
        (0.60585707 -0.001000 0.05659595)
        (0.60673402 -0.001000 0.05652853)
        (0.60761094 -0.001000 0.05646076)
        (0.60848783 -0.001000 0.05639266)
        (0.60936470 -0.001000 0.05632423)
        (0.61024154 -0.001000 0.05625546)
        (0.61111836 -0.001000 0.05618637)
        (0.61199515 -0.001000 0.05611693)
        (0.61287191 -0.001000 0.05604717)
        (0.61374865 -0.001000 0.05597708)
        (0.61462536 -0.001000 0.05590667)
        (0.61550205 -0.001000 0.05583592)
        (0.61637871 -0.001000 0.05576485)
        (0.61725534 -0.001000 0.05569345)
        (0.61813194 -0.001000 0.05562173)
        (0.61900852 -0.001000 0.05554969)
        (0.61988508 -0.001000 0.05547733)
        (0.62076160 -0.001000 0.05540464)
        (0.62163810 -0.001000 0.05533164)
        (0.62251457 -0.001000 0.05525832)
        (0.62339102 -0.001000 0.05518468)
        (0.62426744 -0.001000 0.05511073)
        (0.62514383 -0.001000 0.05503646)
        (0.62602020 -0.001000 0.05496188)
        (0.62689654 -0.001000 0.05488699)
        (0.62777285 -0.001000 0.05481178)
        (0.62864914 -0.001000 0.05473626)
        (0.62952540 -0.001000 0.05466044)
        (0.63040163 -0.001000 0.05458430)
        (0.63127784 -0.001000 0.05450786)
        (0.63215402 -0.001000 0.05443111)
        (0.63303017 -0.001000 0.05435406)
        (0.63390629 -0.001000 0.05427671)
        (0.63478239 -0.001000 0.05419905)
        (0.63565847 -0.001000 0.05412109)
        (0.63653451 -0.001000 0.05404283)
        (0.63741053 -0.001000 0.05396427)
        (0.63828652 -0.001000 0.05388541)
        (0.63916249 -0.001000 0.05380625)
        (0.64003842 -0.001000 0.05372680)
        (0.64091434 -0.001000 0.05364705)
        (0.64179022 -0.001000 0.05356701)
        (0.64266608 -0.001000 0.05348668)
        (0.64354191 -0.001000 0.05340605)
        (0.64441771 -0.001000 0.05332514)
        (0.64529349 -0.001000 0.05324393)
        (0.64616924 -0.001000 0.05316244)
        (0.64704496 -0.001000 0.05308065)
        (0.64792066 -0.001000 0.05299858)
        (0.64879633 -0.001000 0.05291623)
        (0.64967197 -0.001000 0.05283358)
        (0.65054759 -0.001000 0.05275065)
        (0.65142318 -0.001000 0.05266744)
        (0.65229874 -0.001000 0.05258393)
        (0.65317427 -0.001000 0.05250015)
        (0.65404978 -0.001000 0.05241608)
        (0.65492526 -0.001000 0.05233172)
        (0.65580071 -0.001000 0.05224708)
        (0.65667613 -0.001000 0.05216216)
        (0.65755153 -0.001000 0.05207696)
        (0.65842690 -0.001000 0.05199147)
        (0.65930224 -0.001000 0.05190570)
        (0.66017756 -0.001000 0.05181966)
        (0.66105284 -0.001000 0.05173333)
        (0.66192810 -0.001000 0.05164672)
        (0.66280333 -0.001000 0.05155983)
        (0.66367854 -0.001000 0.05147266)
        (0.66455371 -0.001000 0.05138521)
        (0.66542886 -0.001000 0.05129749)
        (0.66630398 -0.001000 0.05120948)
        (0.66717907 -0.001000 0.05112120)
        (0.66805413 -0.001000 0.05103265)
        (0.66892917 -0.001000 0.05094381)
        (0.66980418 -0.001000 0.05085470)
        (0.67067916 -0.001000 0.05076532)
        (0.67155411 -0.001000 0.05067566)
        (0.67242903 -0.001000 0.05058572)
        (0.67330393 -0.001000 0.05049552)
        (0.67417879 -0.001000 0.05040504)
        (0.67505363 -0.001000 0.05031428)
        (0.67592844 -0.001000 0.05022326)
        (0.67680323 -0.001000 0.05013196)
        (0.67767798 -0.001000 0.05004040)
        (0.67855270 -0.001000 0.04994856)
        (0.67942740 -0.001000 0.04985645)
        (0.68030207 -0.001000 0.04976408)
        (0.68117671 -0.001000 0.04967144)
        (0.68205132 -0.001000 0.04957852)
        (0.68292591 -0.001000 0.04948535)
        (0.68380046 -0.001000 0.04939190)
        (0.68467499 -0.001000 0.04929819)
        (0.68554949 -0.001000 0.04920422)
        (0.68642396 -0.001000 0.04910997)
        (0.68729840 -0.001000 0.04901547)
        (0.68817281 -0.001000 0.04892070)
        (0.68904720 -0.001000 0.04882567)
        (0.68992155 -0.001000 0.04873038)
        (0.69079588 -0.001000 0.04863482)
        (0.69167018 -0.001000 0.04853900)
        (0.69254445 -0.001000 0.04844293)
        (0.69341869 -0.001000 0.04834659)
        (0.69429290 -0.001000 0.04824999)
        (0.69516708 -0.001000 0.04815313)
        (0.69604124 -0.001000 0.04805601)
        (0.69691537 -0.001000 0.04795863)
        (0.69778946 -0.001000 0.04786099)
        (0.69866353 -0.001000 0.04776310)
        (0.69953757 -0.001000 0.04766494)
        (0.70041158 -0.001000 0.04756653)
        (0.70128556 -0.001000 0.04746786)
        (0.70215951 -0.001000 0.04736893)
        (0.70303343 -0.001000 0.04726974)
        (0.70390733 -0.001000 0.04717029)
        (0.70478119 -0.001000 0.04707059)
        (0.70565502 -0.001000 0.04697063)
        (0.70652883 -0.001000 0.04687041)
        (0.70740260 -0.001000 0.04676994)
        (0.70827635 -0.001000 0.04666921)
        (0.70915007 -0.001000 0.04656822)
        (0.71002375 -0.001000 0.04646698)
        (0.71089741 -0.001000 0.04636548)
        (0.71177104 -0.001000 0.04626373)
        (0.71264463 -0.001000 0.04616172)
        (0.71351820 -0.001000 0.04605946)
        (0.71439174 -0.001000 0.04595695)
        (0.71526525 -0.001000 0.04585417)
        (0.71613873 -0.001000 0.04575115)
        (0.71701218 -0.001000 0.04564787)
        (0.71788559 -0.001000 0.04554434)
        (0.71875898 -0.001000 0.04544055)
        (0.71963234 -0.001000 0.04533651)
        (0.72050567 -0.001000 0.04523222)
        (0.72137896 -0.001000 0.04512767)
        (0.72225223 -0.001000 0.04502287)
        (0.72312547 -0.001000 0.04491782)
        (0.72399867 -0.001000 0.04481252)
        (0.72487185 -0.001000 0.04470696)
        (0.72574500 -0.001000 0.04460115)
        (0.72661811 -0.001000 0.04449509)
        (0.72749119 -0.001000 0.04438878)
        (0.72836425 -0.001000 0.04428221)
        (0.72923727 -0.001000 0.04417540)
        (0.73011026 -0.001000 0.04406833)
        (0.73098322 -0.001000 0.04396101)
        (0.73185615 -0.001000 0.04385344)
        (0.73272905 -0.001000 0.04374562)
        (0.73360192 -0.001000 0.04363755)
        (0.73447476 -0.001000 0.04352923)
        (0.73534756 -0.001000 0.04342066)
        (0.73622034 -0.001000 0.04331184)
        (0.73709308 -0.001000 0.04320277)
        (0.73796579 -0.001000 0.04309345)
        (0.73883848 -0.001000 0.04298389)
        (0.73971113 -0.001000 0.04287407)
        (0.74058374 -0.001000 0.04276401)
        (0.74145633 -0.001000 0.04265371)
        (0.74232889 -0.001000 0.04254316)
        (0.74320142 -0.001000 0.04243236)
        (0.74407391 -0.001000 0.04232132)
        (0.74494638 -0.001000 0.04221004)
        (0.74581881 -0.001000 0.04209851)
        (0.74669121 -0.001000 0.04198675)
        (0.74756358 -0.001000 0.04187474)
        (0.74843592 -0.001000 0.04176249)
        (0.74930823 -0.001000 0.04165001)
        (0.75018051 -0.001000 0.04153728)
        (0.75105276 -0.001000 0.04142432)
        (0.75192498 -0.001000 0.04131112)
        (0.75279716 -0.001000 0.04119768)
        (0.75366932 -0.001000 0.04108401)
        (0.75454145 -0.001000 0.04097010)
        (0.75541354 -0.001000 0.04085596)
        (0.75628561 -0.001000 0.04074158)
        (0.75715764 -0.001000 0.04062697)
        (0.75802964 -0.001000 0.04051213)
        (0.75890161 -0.001000 0.04039706)
        (0.75977356 -0.001000 0.04028175)
        (0.76064547 -0.001000 0.04016621)
        (0.76151735 -0.001000 0.04005044)
        (0.76238920 -0.001000 0.03993444)
        (0.76326101 -0.001000 0.03981820)
        (0.76413280 -0.001000 0.03970174)
        (0.76500456 -0.001000 0.03958504)
        (0.76587628 -0.001000 0.03946810)
        (0.76674798 -0.001000 0.03935094)
        (0.76761964 -0.001000 0.03923354)
        (0.76849127 -0.001000 0.03911592)
        (0.76936287 -0.001000 0.03899805)
        (0.77023444 -0.001000 0.03887996)
        (0.77110597 -0.001000 0.03876164)
        (0.77197748 -0.001000 0.03864308)
        (0.77284895 -0.001000 0.03852429)
        (0.77372039 -0.001000 0.03840527)
        (0.77459180 -0.001000 0.03828601)
        (0.77546318 -0.001000 0.03816653)
        (0.77633453 -0.001000 0.03804681)
        (0.77720584 -0.001000 0.03792686)
        (0.77807713 -0.001000 0.03780668)
        (0.77894838 -0.001000 0.03768626)
        (0.77981960 -0.001000 0.03756562)
        (0.78069078 -0.001000 0.03744474)
        (0.78156194 -0.001000 0.03732364)
        (0.78243306 -0.001000 0.03720230)
        (0.78330415 -0.001000 0.03708074)
        (0.78417521 -0.001000 0.03695895)
        (0.78504624 -0.001000 0.03683693)
        (0.78591723 -0.001000 0.03671469)
        (0.78678820 -0.001000 0.03659222)
        (0.78765913 -0.001000 0.03646952)
        (0.78853003 -0.001000 0.03634660)
        (0.78940090 -0.001000 0.03622346)
        (0.79027173 -0.001000 0.03610009)
        (0.79114254 -0.001000 0.03597650)
        (0.79201331 -0.001000 0.03585269)
        (0.79288406 -0.001000 0.03572865)
        (0.79375477 -0.001000 0.03560440)
        (0.79462545 -0.001000 0.03547993)
        (0.79549610 -0.001000 0.03535524)
        (0.79636671 -0.001000 0.03523032)
        (0.79723730 -0.001000 0.03510520)
        (0.79810785 -0.001000 0.03497985)
        (0.79897838 -0.001000 0.03485429)
        (0.79984887 -0.001000 0.03472851)
        (0.80071933 -0.001000 0.03460251)
        (0.80158976 -0.001000 0.03447630)
        (0.80246016 -0.001000 0.03434987)
        (0.80333053 -0.001000 0.03422323)
        (0.80420086 -0.001000 0.03409637)
        (0.80507116 -0.001000 0.03396930)
        (0.80594144 -0.001000 0.03384201)
        (0.80681168 -0.001000 0.03371451)
        (0.80768189 -0.001000 0.03358679)
        (0.80855207 -0.001000 0.03345885)
        (0.80942221 -0.001000 0.03333071)
        (0.81029233 -0.001000 0.03320234)
        (0.81116241 -0.001000 0.03307377)
        (0.81203246 -0.001000 0.03294498)
        (0.81290248 -0.001000 0.03281597)
        (0.81377247 -0.001000 0.03268676)
        (0.81464243 -0.001000 0.03255732)
        (0.81551235 -0.001000 0.03242768)
        (0.81638224 -0.001000 0.03229782)
        (0.81725210 -0.001000 0.03216775)
        (0.81812193 -0.001000 0.03203747)
        (0.81899173 -0.001000 0.03190698)
        (0.81986150 -0.001000 0.03177627)
        (0.82073123 -0.001000 0.03164536)
        (0.82160093 -0.001000 0.03151423)
        (0.82247060 -0.001000 0.03138290)
        (0.82334024 -0.001000 0.03125135)
        (0.82420985 -0.001000 0.03111960)
        (0.82507943 -0.001000 0.03098765)
        (0.82594897 -0.001000 0.03085549)
        (0.82681849 -0.001000 0.03072312)
        (0.82768797 -0.001000 0.03059055)
        (0.82855742 -0.001000 0.03045777)
        (0.82942685 -0.001000 0.03032479)
        (0.83029624 -0.001000 0.03019161)
        (0.83116559 -0.001000 0.03005823)
        (0.83203492 -0.001000 0.02992465)
        (0.83290422 -0.001000 0.02979087)
        (0.83377349 -0.001000 0.02965689)
        (0.83464272 -0.001000 0.02952271)
        (0.83551193 -0.001000 0.02938833)
        (0.83638111 -0.001000 0.02925375)
        (0.83725025 -0.001000 0.02911898)
        (0.83811937 -0.001000 0.02898402)
        (0.83898845 -0.001000 0.02884885)
        (0.83985750 -0.001000 0.02871349)
        (0.84072653 -0.001000 0.02857794)
        (0.84159552 -0.001000 0.02844219)
        (0.84246448 -0.001000 0.02830624)
        (0.84333341 -0.001000 0.02817010)
        (0.84420231 -0.001000 0.02803377)
        (0.84507118 -0.001000 0.02789724)
        (0.84594002 -0.001000 0.02776051)
        (0.84680883 -0.001000 0.02762359)
        (0.84767761 -0.001000 0.02748648)
        (0.84854636 -0.001000 0.02734917)
        (0.84941508 -0.001000 0.02721167)
        (0.85028376 -0.001000 0.02707398)
        (0.85115242 -0.001000 0.02693609)
        (0.85202104 -0.001000 0.02679801)
        (0.85288964 -0.001000 0.02665974)
        (0.85375820 -0.001000 0.02652127)
        (0.85462673 -0.001000 0.02638261)
        (0.85549524 -0.001000 0.02624376)
        (0.85636371 -0.001000 0.02610471)
        (0.85723215 -0.001000 0.02596547)
        (0.85810056 -0.001000 0.02582604)
        (0.85896893 -0.001000 0.02568641)
        (0.85983728 -0.001000 0.02554658)
        (0.86070560 -0.001000 0.02540656)
        (0.86157388 -0.001000 0.02526634)
        (0.86244213 -0.001000 0.02512593)
        (0.86331035 -0.001000 0.02498532)
        (0.86417853 -0.001000 0.02484451)
        (0.86504669 -0.001000 0.02470350)
        (0.86591481 -0.001000 0.02456229)
        (0.86678290 -0.001000 0.02442088)
        (0.86765096 -0.001000 0.02427928)
        (0.86851898 -0.001000 0.02413747)
        (0.86938698 -0.001000 0.02399546)
        (0.87025493 -0.001000 0.02385325)
        (0.87112286 -0.001000 0.02371084)
        (0.87199075 -0.001000 0.02356823)
        (0.87285861 -0.001000 0.02342542)
        (0.87372644 -0.001000 0.02328240)
        (0.87459423 -0.001000 0.02313919)
        (0.87546199 -0.001000 0.02299578)
        (0.87632972 -0.001000 0.02285217)
        (0.87719742 -0.001000 0.02270835)
        (0.87806508 -0.001000 0.02256435)
        (0.87893271 -0.001000 0.02242014)
        (0.87980030 -0.001000 0.02227573)
        (0.88066787 -0.001000 0.02213113)
        (0.88153540 -0.001000 0.02198633)
        (0.88240289 -0.001000 0.02184134)
        (0.88327036 -0.001000 0.02169615)
        (0.88413779 -0.001000 0.02155077)
        (0.88500519 -0.001000 0.02140519)
        (0.88587256 -0.001000 0.02125942)
        (0.88673989 -0.001000 0.02111345)
        (0.88760720 -0.001000 0.02096729)
        (0.88847447 -0.001000 0.02082093)
        (0.88934170 -0.001000 0.02067438)
        (0.89020891 -0.001000 0.02052764)
        (0.89107607 -0.001000 0.02038069)
        (0.89194321 -0.001000 0.02023354)
        (0.89281031 -0.001000 0.02008620)
        (0.89367738 -0.001000 0.01993865)
        (0.89454441 -0.001000 0.01979090)
        (0.89541141 -0.001000 0.01964295)
        (0.89627837 -0.001000 0.01949479)
        (0.89714530 -0.001000 0.01934643)
        (0.89801219 -0.001000 0.01919786)
        (0.89887905 -0.001000 0.01904909)
        (0.89974587 -0.001000 0.01890010)
        (0.90061266 -0.001000 0.01875090)
        (0.90147941 -0.001000 0.01860150)
        (0.90234612 -0.001000 0.01845188)
        (0.90321279 -0.001000 0.01830204)
        (0.90407943 -0.001000 0.01815200)
        (0.90494603 -0.001000 0.01800175)
        (0.90581260 -0.001000 0.01785128)
        (0.90667913 -0.001000 0.01770060)
        (0.90754562 -0.001000 0.01754971)
        (0.90841208 -0.001000 0.01739862)
        (0.90927849 -0.001000 0.01724731)
        (0.91014488 -0.001000 0.01709579)
        (0.91101122 -0.001000 0.01694407)
        (0.91187753 -0.001000 0.01679213)
        (0.91274380 -0.001000 0.01663999)
        (0.91361004 -0.001000 0.01648764)
        (0.91447624 -0.001000 0.01633508)
        (0.91534240 -0.001000 0.01618231)
        (0.91620853 -0.001000 0.01602934)
        (0.91707462 -0.001000 0.01587616)
        (0.91794067 -0.001000 0.01572277)
        (0.91880669 -0.001000 0.01556917)
        (0.91967267 -0.001000 0.01541536)
        (0.92053861 -0.001000 0.01526133)
        (0.92140451 -0.001000 0.01510709)
        (0.92227037 -0.001000 0.01495264)
        (0.92313619 -0.001000 0.01479796)
        (0.92400198 -0.001000 0.01464307)
        (0.92486773 -0.001000 0.01448796)
        (0.92573343 -0.001000 0.01433263)
        (0.92659910 -0.001000 0.01417708)
        (0.92746473 -0.001000 0.01402130)
        (0.92833031 -0.001000 0.01386530)
        (0.92919586 -0.001000 0.01370907)
        (0.93006136 -0.001000 0.01355262)
        (0.93092682 -0.001000 0.01339594)
        (0.93179225 -0.001000 0.01323902)
        (0.93265763 -0.001000 0.01308188)
        (0.93352296 -0.001000 0.01292451)
        (0.93438826 -0.001000 0.01276692)
        (0.93525352 -0.001000 0.01260909)
        (0.93611873 -0.001000 0.01245103)
        (0.93698390 -0.001000 0.01229274)
        (0.93784903 -0.001000 0.01213421)
        (0.93871411 -0.001000 0.01197546)
        (0.93957915 -0.001000 0.01181647)
        (0.94044415 -0.001000 0.01165725)
        (0.94130911 -0.001000 0.01149780)
        (0.94217402 -0.001000 0.01133811)
        (0.94303889 -0.001000 0.01117819)
        (0.94390372 -0.001000 0.01101803)
        (0.94476851 -0.001000 0.01085765)
        (0.94563325 -0.001000 0.01069703)
        (0.94649794 -0.001000 0.01053617)
        (0.94736260 -0.001000 0.01037509)
        (0.94822721 -0.001000 0.01021377)
        (0.94909178 -0.001000 0.01005223)
        (0.94995630 -0.001000 0.00989045)
        (0.95082078 -0.001000 0.00972844)
        (0.95168522 -0.001000 0.00956620)
        (0.95254962 -0.001000 0.00940373)
        (0.95341397 -0.001000 0.00924102)
        (0.95427827 -0.001000 0.00907808)
        (0.95514254 -0.001000 0.00891489)
        (0.95600675 -0.001000 0.00875146)
        (0.95687091 -0.001000 0.00858777)
        (0.95773503 -0.001000 0.00842382)
        (0.95859910 -0.001000 0.00825961)
        (0.95946311 -0.001000 0.00809512)
        (0.96032707 -0.001000 0.00793037)
        (0.96119098 -0.001000 0.00776533)
        (0.96205483 -0.001000 0.00760001)
        (0.96291863 -0.001000 0.00743439)
        (0.96378238 -0.001000 0.00726849)
        (0.96464606 -0.001000 0.00710230)
        (0.96550969 -0.001000 0.00693583)
        (0.96637327 -0.001000 0.00676906)
        (0.96723679 -0.001000 0.00660201)
        (0.96810026 -0.001000 0.00643467)
        (0.96896367 -0.001000 0.00626704)
        (0.96982702 -0.001000 0.00609913)
        (0.97069032 -0.001000 0.00593093)
        (0.97155356 -0.001000 0.00576244)
        (0.97241675 -0.001000 0.00559367)
        (0.97327988 -0.001000 0.00542460)
        (0.97414295 -0.001000 0.00525522)
        (0.97500595 -0.001000 0.00508553)
        (0.97586890 -0.001000 0.00491552)
        (0.97673178 -0.001000 0.00474518)
        (0.97759459 -0.001000 0.00457452)
        (0.97845734 -0.001000 0.00440351)
        (0.97932002 -0.001000 0.00423216)
        (0.98018263 -0.001000 0.00406047)
        (0.98104517 -0.001000 0.00388844)
        (0.98190765 -0.001000 0.00371607)
        (0.98277005 -0.001000 0.00354337)
        (0.98363240 -0.001000 0.00337033)
        (0.98449468 -0.001000 0.00319697)
        (0.98535689 -0.001000 0.00302329)
        (0.98621903 -0.001000 0.00284928)
        (0.98708110 -0.001000 0.00267490)
        (0.98794310 -0.001000 0.00250014)
        (0.98880501 -0.001000 0.00232496)
        (0.98966683 -0.001000 0.00214935)
        (0.99052855 -0.001000 0.00197327)
        (0.99139018 -0.001000 0.00179670)
        (0.99225171 -0.001000 0.00161965)
        (0.99311313 -0.001000 0.00144212)
        (0.99397446 -0.001000 0.00126410)
        (0.99483569 -0.001000 0.00108562)
        (0.99569681 -0.001000 0.00090660)
        (0.99655780 -0.001000 0.00072694)
        (0.99741862 -0.001000 0.00054646)
        (0.99827924 -0.001000 0.00036508)
        (0.99913969 -0.001000 0.00018285)
    )
    polyLine 20 17
    (
        (0.30087830 0.001000 0.05923083)
        (0.30175663 0.001000 0.05927701)
        (0.30263496 0.001000 0.05932287)
        (0.30351332 0.001000 0.05936843)
        (0.30439169 0.001000 0.05941367)
        (0.30527007 0.001000 0.05945861)
        (0.30614847 0.001000 0.05950323)
        (0.30702689 0.001000 0.05954754)
        (0.30790532 0.001000 0.05959154)
        (0.30878377 0.001000 0.05963524)
        (0.30966223 0.001000 0.05967862)
        (0.31054071 0.001000 0.05972169)
        (0.31141921 0.001000 0.05976445)
        (0.31229771 0.001000 0.05980690)
        (0.31317624 0.001000 0.05984904)
        (0.31405478 0.001000 0.05989088)
        (0.31493333 0.001000 0.05993240)
        (0.31581190 0.001000 0.05997362)
        (0.31669048 0.001000 0.06001453)
        (0.31756908 0.001000 0.06005512)
        (0.31844769 0.001000 0.06009542)
        (0.31932631 0.001000 0.06013540)
        (0.32020495 0.001000 0.06017507)
        (0.32108360 0.001000 0.06021444)
        (0.32196227 0.001000 0.06025350)
        (0.32284095 0.001000 0.06029226)
        (0.32371964 0.001000 0.06033071)
        (0.32459835 0.001000 0.06036885)
        (0.32547707 0.001000 0.06040668)
        (0.32635580 0.001000 0.06044421)
        (0.32723455 0.001000 0.06048144)
        (0.32811331 0.001000 0.06051835)
        (0.32899208 0.001000 0.06055497)
        (0.32987086 0.001000 0.06059127)
        (0.33074966 0.001000 0.06062728)
        (0.33162847 0.001000 0.06066297)
        (0.33250729 0.001000 0.06069837)
        (0.33338612 0.001000 0.06073345)
        (0.33426497 0.001000 0.06076824)
        (0.33514383 0.001000 0.06080272)
        (0.33602270 0.001000 0.06083690)
        (0.33690158 0.001000 0.06087078)
        (0.33778047 0.001000 0.06090435)
        (0.33865938 0.001000 0.06093762)
        (0.33953829 0.001000 0.06097059)
        (0.34041722 0.001000 0.06100326)
        (0.34129616 0.001000 0.06103562)
        (0.34217511 0.001000 0.06106769)
        (0.34305407 0.001000 0.06109945)
        (0.34393304 0.001000 0.06113091)
        (0.34481202 0.001000 0.06116208)
        (0.34569101 0.001000 0.06119294)
        (0.34657001 0.001000 0.06122350)
        (0.34744903 0.001000 0.06125377)
        (0.34832805 0.001000 0.06128373)
        (0.34920708 0.001000 0.06131340)
        (0.35008613 0.001000 0.06134277)
        (0.35096518 0.001000 0.06137184)
        (0.35184424 0.001000 0.06140061)
        (0.35272332 0.001000 0.06142909)
        (0.35360240 0.001000 0.06145727)
        (0.35448149 0.001000 0.06148515)
        (0.35536059 0.001000 0.06151273)
        (0.35623970 0.001000 0.06154002)
        (0.35711882 0.001000 0.06156702)
        (0.35799795 0.001000 0.06159371)
        (0.35887709 0.001000 0.06162012)
        (0.35975624 0.001000 0.06164622)
        (0.36063539 0.001000 0.06167203)
        (0.36151455 0.001000 0.06169755)
        (0.36239373 0.001000 0.06172277)
        (0.36327291 0.001000 0.06174769)
        (0.36415210 0.001000 0.06177233)
        (0.36503129 0.001000 0.06179666)
        (0.36591050 0.001000 0.06182070)
        (0.36678971 0.001000 0.06184445)
        (0.36766893 0.001000 0.06186791)
        (0.36854816 0.001000 0.06189107)
        (0.36942740 0.001000 0.06191393)
        (0.37030664 0.001000 0.06193651)
        (0.37118590 0.001000 0.06195879)
        (0.37206515 0.001000 0.06198077)
        (0.37294442 0.001000 0.06200247)
        (0.37382369 0.001000 0.06202387)
        (0.37470297 0.001000 0.06204498)
        (0.37558226 0.001000 0.06206579)
        (0.37646156 0.001000 0.06208632)
        (0.37734086 0.001000 0.06210655)
        (0.37822017 0.001000 0.06212649)
        (0.37909948 0.001000 0.06214614)
        (0.37997880 0.001000 0.06216550)
        (0.38085813 0.001000 0.06218456)
        (0.38173746 0.001000 0.06220334)
        (0.38261680 0.001000 0.06222182)
        (0.38349615 0.001000 0.06224001)
        (0.38437550 0.001000 0.06225792)
        (0.38525486 0.001000 0.06227553)
        (0.38613422 0.001000 0.06229285)
        (0.38701359 0.001000 0.06230989)
        (0.38789296 0.001000 0.06232663)
        (0.38877234 0.001000 0.06234308)
        (0.38965173 0.001000 0.06235925)
        (0.39053112 0.001000 0.06237513)
        (0.39141051 0.001000 0.06239071)
        (0.39228991 0.001000 0.06240601)
        (0.39316932 0.001000 0.06242103)
        (0.39404873 0.001000 0.06243575)
        (0.39492815 0.001000 0.06245018)
        (0.39580757 0.001000 0.06246433)
        (0.39668699 0.001000 0.06247819)
        (0.39756642 0.001000 0.06249177)
        (0.39844585 0.001000 0.06250506)
        (0.39932529 0.001000 0.06251806)
        (0.40020473 0.001000 0.06253077)
        (0.40108418 0.001000 0.06254320)
        (0.40196363 0.001000 0.06255534)
        (0.40284308 0.001000 0.06256720)
        (0.40372254 0.001000 0.06257877)
        (0.40460200 0.001000 0.06259005)
        (0.40548147 0.001000 0.06260105)
        (0.40636094 0.001000 0.06261176)
        (0.40724041 0.001000 0.06262219)
        (0.40811988 0.001000 0.06263233)
        (0.40899936 0.001000 0.06264218)
        (0.40987885 0.001000 0.06265175)
        (0.41075833 0.001000 0.06266103)
        (0.41163782 0.001000 0.06267002)
        (0.41251731 0.001000 0.06267873)
        (0.41339680 0.001000 0.06268715)
        (0.41427630 0.001000 0.06269528)
        (0.41515580 0.001000 0.06270312)
        (0.41603530 0.001000 0.06271067)
        (0.41691480 0.001000 0.06271794)
        (0.41779431 0.001000 0.06272492)
        (0.41867382 0.001000 0.06273160)
        (0.41955333 0.001000 0.06273801)
        (0.42043284 0.001000 0.06274412)
        (0.42131236 0.001000 0.06274994)
        (0.42219187 0.001000 0.06275547)
        (0.42307139 0.001000 0.06276072)
        (0.42395091 0.001000 0.06276567)
        (0.42483043 0.001000 0.06277034)
        (0.42570996 0.001000 0.06277471)
        (0.42658948 0.001000 0.06277880)
        (0.42746901 0.001000 0.06278259)
        (0.42834853 0.001000 0.06278610)
        (0.42922806 0.001000 0.06278931)
        (0.43010759 0.001000 0.06279223)
        (0.43098712 0.001000 0.06279486)
        (0.43186665 0.001000 0.06279719)
        (0.43274618 0.001000 0.06279923)
        (0.43362572 0.001000 0.06280097)
        (0.43450525 0.001000 0.06280242)
        (0.43538478 0.001000 0.06280357)
        (0.43626432 0.001000 0.06280443)
        (0.43714385 0.001000 0.06280499)
        (0.43802339 0.001000 0.06280525)
        (0.43890292 0.001000 0.06280521)
        (0.43978245 0.001000 0.06280487)
        (0.44066199 0.001000 0.06280423)
        (0.44154152 0.001000 0.06280329)
        (0.44242106 0.001000 0.06280204)
        (0.44330059 0.001000 0.06280050)
        (0.44418012 0.001000 0.06279865)
        (0.44505965 0.001000 0.06279650)
        (0.44593918 0.001000 0.06279404)
        (0.44681871 0.001000 0.06279128)
        (0.44769824 0.001000 0.06278821)
        (0.44857777 0.001000 0.06278484)
        (0.44945730 0.001000 0.06278116)
        (0.45033682 0.001000 0.06277717)
        (0.45121634 0.001000 0.06277287)
        (0.45209587 0.001000 0.06276826)
        (0.45297539 0.001000 0.06276334)
        (0.45385491 0.001000 0.06275812)
        (0.45473442 0.001000 0.06275258)
        (0.45561394 0.001000 0.06274672)
        (0.45649345 0.001000 0.06274056)
        (0.45737296 0.001000 0.06273408)
        (0.45825247 0.001000 0.06272729)
        (0.45913198 0.001000 0.06272018)
        (0.46001148 0.001000 0.06271275)
        (0.46089098 0.001000 0.06270501)
        (0.46177048 0.001000 0.06269696)
        (0.46264997 0.001000 0.06268858)
        (0.46352947 0.001000 0.06267989)
        (0.46440895 0.001000 0.06267087)
        (0.46528844 0.001000 0.06266154)
        (0.46616792 0.001000 0.06265188)
        (0.46704740 0.001000 0.06264191)
        (0.46792687 0.001000 0.06263161)
        (0.46880634 0.001000 0.06262099)
        (0.46968581 0.001000 0.06261004)
        (0.47056527 0.001000 0.06259877)
        (0.47144473 0.001000 0.06258718)
        (0.47232419 0.001000 0.06257526)
        (0.47320364 0.001000 0.06256301)
        (0.47408308 0.001000 0.06255044)
        (0.47496252 0.001000 0.06253753)
        (0.47584196 0.001000 0.06252430)
        (0.47672139 0.001000 0.06251074)
        (0.47760081 0.001000 0.06249685)
        (0.47848023 0.001000 0.06248263)
        (0.47935965 0.001000 0.06246808)
        (0.48023906 0.001000 0.06245319)
        (0.48111846 0.001000 0.06243797)
        (0.48199786 0.001000 0.06242241)
        (0.48287725 0.001000 0.06240652)
        (0.48375664 0.001000 0.06239029)
        (0.48463601 0.001000 0.06237373)
        (0.48551539 0.001000 0.06235683)
        (0.48639475 0.001000 0.06233958)
        (0.48727411 0.001000 0.06232200)
        (0.48815347 0.001000 0.06230408)
        (0.48903281 0.001000 0.06228582)
        (0.48991215 0.001000 0.06226721)
        (0.49079148 0.001000 0.06224827)
        (0.49167080 0.001000 0.06222897)
        (0.49255012 0.001000 0.06220934)
        (0.49342943 0.001000 0.06218935)
        (0.49430873 0.001000 0.06216902)
        (0.49518802 0.001000 0.06214835)
        (0.49606730 0.001000 0.06212732)
        (0.49694658 0.001000 0.06210595)
        (0.49782585 0.001000 0.06208422)
        (0.49870511 0.001000 0.06206215)
        (0.49958435 0.001000 0.06203972)
        (0.50046360 0.001000 0.06201695)
        (0.50134283 0.001000 0.06199381)
        (0.50222205 0.001000 0.06197033)
        (0.50310126 0.001000 0.06194649)
        (0.50398046 0.001000 0.06192229)
        (0.50485966 0.001000 0.06189774)
        (0.50573884 0.001000 0.06187284)
        (0.50661801 0.001000 0.06184757)
        (0.50749718 0.001000 0.06182195)
        (0.50837633 0.001000 0.06179598)
        (0.50925547 0.001000 0.06176964)
        (0.51013460 0.001000 0.06174294)
        (0.51101372 0.001000 0.06171589)
        (0.51189283 0.001000 0.06168847)
        (0.51277192 0.001000 0.06166069)
        (0.51365101 0.001000 0.06163256)
        (0.51453008 0.001000 0.06160406)
        (0.51540915 0.001000 0.06157519)
        (0.51628820 0.001000 0.06154597)
        (0.51716723 0.001000 0.06151638)
        (0.51804626 0.001000 0.06148642)
        (0.51892527 0.001000 0.06145610)
        (0.51980427 0.001000 0.06142542)
        (0.52068326 0.001000 0.06139437)
        (0.52156224 0.001000 0.06136295)
        (0.52244120 0.001000 0.06133116)
        (0.52332014 0.001000 0.06129901)
        (0.52419908 0.001000 0.06126649)
        (0.52507800 0.001000 0.06123360)
        (0.52595691 0.001000 0.06120034)
        (0.52683580 0.001000 0.06116671)
        (0.52771468 0.001000 0.06113271)
        (0.52859354 0.001000 0.06109833)
        (0.52947239 0.001000 0.06106359)
        (0.53035123 0.001000 0.06102847)
        (0.53123005 0.001000 0.06099298)
        (0.53210885 0.001000 0.06095712)
        (0.53298764 0.001000 0.06092088)
        (0.53386642 0.001000 0.06088427)
        (0.53474517 0.001000 0.06084729)
        (0.53562392 0.001000 0.06080993)
        (0.53650264 0.001000 0.06077219)
        (0.53738135 0.001000 0.06073408)
        (0.53826005 0.001000 0.06069559)
        (0.53913872 0.001000 0.06065672)
        (0.54001738 0.001000 0.06061748)
        (0.54089603 0.001000 0.06057786)
        (0.54177465 0.001000 0.06053786)
        (0.54265326 0.001000 0.06049747)
        (0.54353185 0.001000 0.06045671)
        (0.54441043 0.001000 0.06041557)
        (0.54528898 0.001000 0.06037405)
        (0.54616752 0.001000 0.06033215)
        (0.54704604 0.001000 0.06028987)
        (0.54792454 0.001000 0.06024720)
        (0.54880302 0.001000 0.06020415)
        (0.54968148 0.001000 0.06016072)
        (0.55055993 0.001000 0.06011690)
        (0.55143835 0.001000 0.06007270)
        (0.55231676 0.001000 0.06002812)
        (0.55319514 0.001000 0.05998315)
        (0.55407351 0.001000 0.05993780)
        (0.55495186 0.001000 0.05989207)
        (0.55583018 0.001000 0.05984596)
        (0.55670849 0.001000 0.05979946)
        (0.55758678 0.001000 0.05975258)
        (0.55846504 0.001000 0.05970531)
        (0.55934329 0.001000 0.05965767)
        (0.56022151 0.001000 0.05960964)
        (0.56109972 0.001000 0.05956123)
        (0.56197790 0.001000 0.05951243)
        (0.56285606 0.001000 0.05946326)
        (0.56373420 0.001000 0.05941370)
        (0.56461231 0.001000 0.05936376)
        (0.56549041 0.001000 0.05931343)
        (0.56636848 0.001000 0.05926273)
        (0.56724653 0.001000 0.05921164)
        (0.56812456 0.001000 0.05916017)
        (0.56900257 0.001000 0.05910832)
        (0.56988055 0.001000 0.05905608)
        (0.57075851 0.001000 0.05900346)
        (0.57163645 0.001000 0.05895047)
        (0.57251437 0.001000 0.05889709)
        (0.57339226 0.001000 0.05884332)
        (0.57427013 0.001000 0.05878918)
        (0.57514797 0.001000 0.05873466)
        (0.57602579 0.001000 0.05867976)
        (0.57690359 0.001000 0.05862447)
        (0.57778136 0.001000 0.05856882)
        (0.57865911 0.001000 0.05851278)
        (0.57953683 0.001000 0.05845638)
        (0.58041453 0.001000 0.05839959)
        (0.58129221 0.001000 0.05834244)
        (0.58216986 0.001000 0.05828492)
        (0.58304749 0.001000 0.05822702)
        (0.58392510 0.001000 0.05816876)
        (0.58480268 0.001000 0.05811013)
        (0.58568023 0.001000 0.05805114)
        (0.58655776 0.001000 0.05799178)
        (0.58743527 0.001000 0.05793205)
        (0.58831275 0.001000 0.05787197)
        (0.58919020 0.001000 0.05781152)
        (0.59006764 0.001000 0.05775071)
        (0.59094504 0.001000 0.05768954)
        (0.59182242 0.001000 0.05762802)
        (0.59269978 0.001000 0.05756614)
        (0.59357711 0.001000 0.05750390)
        (0.59445442 0.001000 0.05744131)
        (0.59533170 0.001000 0.05737837)
        (0.59620895 0.001000 0.05731507)
        (0.59708618 0.001000 0.05725143)
        (0.59796339 0.001000 0.05718743)
        (0.59884057 0.001000 0.05712309)
        (0.59971772 0.001000 0.05705840)
        (0.60059485 0.001000 0.05699337)
        (0.60147195 0.001000 0.05692799)
        (0.60234902 0.001000 0.05686226)
        (0.60322607 0.001000 0.05679620)
        (0.60410310 0.001000 0.05672979)
        (0.60498010 0.001000 0.05666304)
        (0.60585707 0.001000 0.05659595)
        (0.60673402 0.001000 0.05652853)
        (0.60761094 0.001000 0.05646076)
        (0.60848783 0.001000 0.05639266)
        (0.60936470 0.001000 0.05632423)
        (0.61024154 0.001000 0.05625546)
        (0.61111836 0.001000 0.05618637)
        (0.61199515 0.001000 0.05611693)
        (0.61287191 0.001000 0.05604717)
        (0.61374865 0.001000 0.05597708)
        (0.61462536 0.001000 0.05590667)
        (0.61550205 0.001000 0.05583592)
        (0.61637871 0.001000 0.05576485)
        (0.61725534 0.001000 0.05569345)
        (0.61813194 0.001000 0.05562173)
        (0.61900852 0.001000 0.05554969)
        (0.61988508 0.001000 0.05547733)
        (0.62076160 0.001000 0.05540464)
        (0.62163810 0.001000 0.05533164)
        (0.62251457 0.001000 0.05525832)
        (0.62339102 0.001000 0.05518468)
        (0.62426744 0.001000 0.05511073)
        (0.62514383 0.001000 0.05503646)
        (0.62602020 0.001000 0.05496188)
        (0.62689654 0.001000 0.05488699)
        (0.62777285 0.001000 0.05481178)
        (0.62864914 0.001000 0.05473626)
        (0.62952540 0.001000 0.05466044)
        (0.63040163 0.001000 0.05458430)
        (0.63127784 0.001000 0.05450786)
        (0.63215402 0.001000 0.05443111)
        (0.63303017 0.001000 0.05435406)
        (0.63390629 0.001000 0.05427671)
        (0.63478239 0.001000 0.05419905)
        (0.63565847 0.001000 0.05412109)
        (0.63653451 0.001000 0.05404283)
        (0.63741053 0.001000 0.05396427)
        (0.63828652 0.001000 0.05388541)
        (0.63916249 0.001000 0.05380625)
        (0.64003842 0.001000 0.05372680)
        (0.64091434 0.001000 0.05364705)
        (0.64179022 0.001000 0.05356701)
        (0.64266608 0.001000 0.05348668)
        (0.64354191 0.001000 0.05340605)
        (0.64441771 0.001000 0.05332514)
        (0.64529349 0.001000 0.05324393)
        (0.64616924 0.001000 0.05316244)
        (0.64704496 0.001000 0.05308065)
        (0.64792066 0.001000 0.05299858)
        (0.64879633 0.001000 0.05291623)
        (0.64967197 0.001000 0.05283358)
        (0.65054759 0.001000 0.05275065)
        (0.65142318 0.001000 0.05266744)
        (0.65229874 0.001000 0.05258393)
        (0.65317427 0.001000 0.05250015)
        (0.65404978 0.001000 0.05241608)
        (0.65492526 0.001000 0.05233172)
        (0.65580071 0.001000 0.05224708)
        (0.65667613 0.001000 0.05216216)
        (0.65755153 0.001000 0.05207696)
        (0.65842690 0.001000 0.05199147)
        (0.65930224 0.001000 0.05190570)
        (0.66017756 0.001000 0.05181966)
        (0.66105284 0.001000 0.05173333)
        (0.66192810 0.001000 0.05164672)
        (0.66280333 0.001000 0.05155983)
        (0.66367854 0.001000 0.05147266)
        (0.66455371 0.001000 0.05138521)
        (0.66542886 0.001000 0.05129749)
        (0.66630398 0.001000 0.05120948)
        (0.66717907 0.001000 0.05112120)
        (0.66805413 0.001000 0.05103265)
        (0.66892917 0.001000 0.05094381)
        (0.66980418 0.001000 0.05085470)
        (0.67067916 0.001000 0.05076532)
        (0.67155411 0.001000 0.05067566)
        (0.67242903 0.001000 0.05058572)
        (0.67330393 0.001000 0.05049552)
        (0.67417879 0.001000 0.05040504)
        (0.67505363 0.001000 0.05031428)
        (0.67592844 0.001000 0.05022326)
        (0.67680323 0.001000 0.05013196)
        (0.67767798 0.001000 0.05004040)
        (0.67855270 0.001000 0.04994856)
        (0.67942740 0.001000 0.04985645)
        (0.68030207 0.001000 0.04976408)
        (0.68117671 0.001000 0.04967144)
        (0.68205132 0.001000 0.04957852)
        (0.68292591 0.001000 0.04948535)
        (0.68380046 0.001000 0.04939190)
        (0.68467499 0.001000 0.04929819)
        (0.68554949 0.001000 0.04920422)
        (0.68642396 0.001000 0.04910997)
        (0.68729840 0.001000 0.04901547)
        (0.68817281 0.001000 0.04892070)
        (0.68904720 0.001000 0.04882567)
        (0.68992155 0.001000 0.04873038)
        (0.69079588 0.001000 0.04863482)
        (0.69167018 0.001000 0.04853900)
        (0.69254445 0.001000 0.04844293)
        (0.69341869 0.001000 0.04834659)
        (0.69429290 0.001000 0.04824999)
        (0.69516708 0.001000 0.04815313)
        (0.69604124 0.001000 0.04805601)
        (0.69691537 0.001000 0.04795863)
        (0.69778946 0.001000 0.04786099)
        (0.69866353 0.001000 0.04776310)
        (0.69953757 0.001000 0.04766494)
        (0.70041158 0.001000 0.04756653)
        (0.70128556 0.001000 0.04746786)
        (0.70215951 0.001000 0.04736893)
        (0.70303343 0.001000 0.04726974)
        (0.70390733 0.001000 0.04717029)
        (0.70478119 0.001000 0.04707059)
        (0.70565502 0.001000 0.04697063)
        (0.70652883 0.001000 0.04687041)
        (0.70740260 0.001000 0.04676994)
        (0.70827635 0.001000 0.04666921)
        (0.70915007 0.001000 0.04656822)
        (0.71002375 0.001000 0.04646698)
        (0.71089741 0.001000 0.04636548)
        (0.71177104 0.001000 0.04626373)
        (0.71264463 0.001000 0.04616172)
        (0.71351820 0.001000 0.04605946)
        (0.71439174 0.001000 0.04595695)
        (0.71526525 0.001000 0.04585417)
        (0.71613873 0.001000 0.04575115)
        (0.71701218 0.001000 0.04564787)
        (0.71788559 0.001000 0.04554434)
        (0.71875898 0.001000 0.04544055)
        (0.71963234 0.001000 0.04533651)
        (0.72050567 0.001000 0.04523222)
        (0.72137896 0.001000 0.04512767)
        (0.72225223 0.001000 0.04502287)
        (0.72312547 0.001000 0.04491782)
        (0.72399867 0.001000 0.04481252)
        (0.72487185 0.001000 0.04470696)
        (0.72574500 0.001000 0.04460115)
        (0.72661811 0.001000 0.04449509)
        (0.72749119 0.001000 0.04438878)
        (0.72836425 0.001000 0.04428221)
        (0.72923727 0.001000 0.04417540)
        (0.73011026 0.001000 0.04406833)
        (0.73098322 0.001000 0.04396101)
        (0.73185615 0.001000 0.04385344)
        (0.73272905 0.001000 0.04374562)
        (0.73360192 0.001000 0.04363755)
        (0.73447476 0.001000 0.04352923)
        (0.73534756 0.001000 0.04342066)
        (0.73622034 0.001000 0.04331184)
        (0.73709308 0.001000 0.04320277)
        (0.73796579 0.001000 0.04309345)
        (0.73883848 0.001000 0.04298389)
        (0.73971113 0.001000 0.04287407)
        (0.74058374 0.001000 0.04276401)
        (0.74145633 0.001000 0.04265371)
        (0.74232889 0.001000 0.04254316)
        (0.74320142 0.001000 0.04243236)
        (0.74407391 0.001000 0.04232132)
        (0.74494638 0.001000 0.04221004)
        (0.74581881 0.001000 0.04209851)
        (0.74669121 0.001000 0.04198675)
        (0.74756358 0.001000 0.04187474)
        (0.74843592 0.001000 0.04176249)
        (0.74930823 0.001000 0.04165001)
        (0.75018051 0.001000 0.04153728)
        (0.75105276 0.001000 0.04142432)
        (0.75192498 0.001000 0.04131112)
        (0.75279716 0.001000 0.04119768)
        (0.75366932 0.001000 0.04108401)
        (0.75454145 0.001000 0.04097010)
        (0.75541354 0.001000 0.04085596)
        (0.75628561 0.001000 0.04074158)
        (0.75715764 0.001000 0.04062697)
        (0.75802964 0.001000 0.04051213)
        (0.75890161 0.001000 0.04039706)
        (0.75977356 0.001000 0.04028175)
        (0.76064547 0.001000 0.04016621)
        (0.76151735 0.001000 0.04005044)
        (0.76238920 0.001000 0.03993444)
        (0.76326101 0.001000 0.03981820)
        (0.76413280 0.001000 0.03970174)
        (0.76500456 0.001000 0.03958504)
        (0.76587628 0.001000 0.03946810)
        (0.76674798 0.001000 0.03935094)
        (0.76761964 0.001000 0.03923354)
        (0.76849127 0.001000 0.03911592)
        (0.76936287 0.001000 0.03899805)
        (0.77023444 0.001000 0.03887996)
        (0.77110597 0.001000 0.03876164)
        (0.77197748 0.001000 0.03864308)
        (0.77284895 0.001000 0.03852429)
        (0.77372039 0.001000 0.03840527)
        (0.77459180 0.001000 0.03828601)
        (0.77546318 0.001000 0.03816653)
        (0.77633453 0.001000 0.03804681)
        (0.77720584 0.001000 0.03792686)
        (0.77807713 0.001000 0.03780668)
        (0.77894838 0.001000 0.03768626)
        (0.77981960 0.001000 0.03756562)
        (0.78069078 0.001000 0.03744474)
        (0.78156194 0.001000 0.03732364)
        (0.78243306 0.001000 0.03720230)
        (0.78330415 0.001000 0.03708074)
        (0.78417521 0.001000 0.03695895)
        (0.78504624 0.001000 0.03683693)
        (0.78591723 0.001000 0.03671469)
        (0.78678820 0.001000 0.03659222)
        (0.78765913 0.001000 0.03646952)
        (0.78853003 0.001000 0.03634660)
        (0.78940090 0.001000 0.03622346)
        (0.79027173 0.001000 0.03610009)
        (0.79114254 0.001000 0.03597650)
        (0.79201331 0.001000 0.03585269)
        (0.79288406 0.001000 0.03572865)
        (0.79375477 0.001000 0.03560440)
        (0.79462545 0.001000 0.03547993)
        (0.79549610 0.001000 0.03535524)
        (0.79636671 0.001000 0.03523032)
        (0.79723730 0.001000 0.03510520)
        (0.79810785 0.001000 0.03497985)
        (0.79897838 0.001000 0.03485429)
        (0.79984887 0.001000 0.03472851)
        (0.80071933 0.001000 0.03460251)
        (0.80158976 0.001000 0.03447630)
        (0.80246016 0.001000 0.03434987)
        (0.80333053 0.001000 0.03422323)
        (0.80420086 0.001000 0.03409637)
        (0.80507116 0.001000 0.03396930)
        (0.80594144 0.001000 0.03384201)
        (0.80681168 0.001000 0.03371451)
        (0.80768189 0.001000 0.03358679)
        (0.80855207 0.001000 0.03345885)
        (0.80942221 0.001000 0.03333071)
        (0.81029233 0.001000 0.03320234)
        (0.81116241 0.001000 0.03307377)
        (0.81203246 0.001000 0.03294498)
        (0.81290248 0.001000 0.03281597)
        (0.81377247 0.001000 0.03268676)
        (0.81464243 0.001000 0.03255732)
        (0.81551235 0.001000 0.03242768)
        (0.81638224 0.001000 0.03229782)
        (0.81725210 0.001000 0.03216775)
        (0.81812193 0.001000 0.03203747)
        (0.81899173 0.001000 0.03190698)
        (0.81986150 0.001000 0.03177627)
        (0.82073123 0.001000 0.03164536)
        (0.82160093 0.001000 0.03151423)
        (0.82247060 0.001000 0.03138290)
        (0.82334024 0.001000 0.03125135)
        (0.82420985 0.001000 0.03111960)
        (0.82507943 0.001000 0.03098765)
        (0.82594897 0.001000 0.03085549)
        (0.82681849 0.001000 0.03072312)
        (0.82768797 0.001000 0.03059055)
        (0.82855742 0.001000 0.03045777)
        (0.82942685 0.001000 0.03032479)
        (0.83029624 0.001000 0.03019161)
        (0.83116559 0.001000 0.03005823)
        (0.83203492 0.001000 0.02992465)
        (0.83290422 0.001000 0.02979087)
        (0.83377349 0.001000 0.02965689)
        (0.83464272 0.001000 0.02952271)
        (0.83551193 0.001000 0.02938833)
        (0.83638111 0.001000 0.02925375)
        (0.83725025 0.001000 0.02911898)
        (0.83811937 0.001000 0.02898402)
        (0.83898845 0.001000 0.02884885)
        (0.83985750 0.001000 0.02871349)
        (0.84072653 0.001000 0.02857794)
        (0.84159552 0.001000 0.02844219)
        (0.84246448 0.001000 0.02830624)
        (0.84333341 0.001000 0.02817010)
        (0.84420231 0.001000 0.02803377)
        (0.84507118 0.001000 0.02789724)
        (0.84594002 0.001000 0.02776051)
        (0.84680883 0.001000 0.02762359)
        (0.84767761 0.001000 0.02748648)
        (0.84854636 0.001000 0.02734917)
        (0.84941508 0.001000 0.02721167)
        (0.85028376 0.001000 0.02707398)
        (0.85115242 0.001000 0.02693609)
        (0.85202104 0.001000 0.02679801)
        (0.85288964 0.001000 0.02665974)
        (0.85375820 0.001000 0.02652127)
        (0.85462673 0.001000 0.02638261)
        (0.85549524 0.001000 0.02624376)
        (0.85636371 0.001000 0.02610471)
        (0.85723215 0.001000 0.02596547)
        (0.85810056 0.001000 0.02582604)
        (0.85896893 0.001000 0.02568641)
        (0.85983728 0.001000 0.02554658)
        (0.86070560 0.001000 0.02540656)
        (0.86157388 0.001000 0.02526634)
        (0.86244213 0.001000 0.02512593)
        (0.86331035 0.001000 0.02498532)
        (0.86417853 0.001000 0.02484451)
        (0.86504669 0.001000 0.02470350)
        (0.86591481 0.001000 0.02456229)
        (0.86678290 0.001000 0.02442088)
        (0.86765096 0.001000 0.02427928)
        (0.86851898 0.001000 0.02413747)
        (0.86938698 0.001000 0.02399546)
        (0.87025493 0.001000 0.02385325)
        (0.87112286 0.001000 0.02371084)
        (0.87199075 0.001000 0.02356823)
        (0.87285861 0.001000 0.02342542)
        (0.87372644 0.001000 0.02328240)
        (0.87459423 0.001000 0.02313919)
        (0.87546199 0.001000 0.02299578)
        (0.87632972 0.001000 0.02285217)
        (0.87719742 0.001000 0.02270835)
        (0.87806508 0.001000 0.02256435)
        (0.87893271 0.001000 0.02242014)
        (0.87980030 0.001000 0.02227573)
        (0.88066787 0.001000 0.02213113)
        (0.88153540 0.001000 0.02198633)
        (0.88240289 0.001000 0.02184134)
        (0.88327036 0.001000 0.02169615)
        (0.88413779 0.001000 0.02155077)
        (0.88500519 0.001000 0.02140519)
        (0.88587256 0.001000 0.02125942)
        (0.88673989 0.001000 0.02111345)
        (0.88760720 0.001000 0.02096729)
        (0.88847447 0.001000 0.02082093)
        (0.88934170 0.001000 0.02067438)
        (0.89020891 0.001000 0.02052764)
        (0.89107607 0.001000 0.02038069)
        (0.89194321 0.001000 0.02023354)
        (0.89281031 0.001000 0.02008620)
        (0.89367738 0.001000 0.01993865)
        (0.89454441 0.001000 0.01979090)
        (0.89541141 0.001000 0.01964295)
        (0.89627837 0.001000 0.01949479)
        (0.89714530 0.001000 0.01934643)
        (0.89801219 0.001000 0.01919786)
        (0.89887905 0.001000 0.01904909)
        (0.89974587 0.001000 0.01890010)
        (0.90061266 0.001000 0.01875090)
        (0.90147941 0.001000 0.01860150)
        (0.90234612 0.001000 0.01845188)
        (0.90321279 0.001000 0.01830204)
        (0.90407943 0.001000 0.01815200)
        (0.90494603 0.001000 0.01800175)
        (0.90581260 0.001000 0.01785128)
        (0.90667913 0.001000 0.01770060)
        (0.90754562 0.001000 0.01754971)
        (0.90841208 0.001000 0.01739862)
        (0.90927849 0.001000 0.01724731)
        (0.91014488 0.001000 0.01709579)
        (0.91101122 0.001000 0.01694407)
        (0.91187753 0.001000 0.01679213)
        (0.91274380 0.001000 0.01663999)
        (0.91361004 0.001000 0.01648764)
        (0.91447624 0.001000 0.01633508)
        (0.91534240 0.001000 0.01618231)
        (0.91620853 0.001000 0.01602934)
        (0.91707462 0.001000 0.01587616)
        (0.91794067 0.001000 0.01572277)
        (0.91880669 0.001000 0.01556917)
        (0.91967267 0.001000 0.01541536)
        (0.92053861 0.001000 0.01526133)
        (0.92140451 0.001000 0.01510709)
        (0.92227037 0.001000 0.01495264)
        (0.92313619 0.001000 0.01479796)
        (0.92400198 0.001000 0.01464307)
        (0.92486773 0.001000 0.01448796)
        (0.92573343 0.001000 0.01433263)
        (0.92659910 0.001000 0.01417708)
        (0.92746473 0.001000 0.01402130)
        (0.92833031 0.001000 0.01386530)
        (0.92919586 0.001000 0.01370907)
        (0.93006136 0.001000 0.01355262)
        (0.93092682 0.001000 0.01339594)
        (0.93179225 0.001000 0.01323902)
        (0.93265763 0.001000 0.01308188)
        (0.93352296 0.001000 0.01292451)
        (0.93438826 0.001000 0.01276692)
        (0.93525352 0.001000 0.01260909)
        (0.93611873 0.001000 0.01245103)
        (0.93698390 0.001000 0.01229274)
        (0.93784903 0.001000 0.01213421)
        (0.93871411 0.001000 0.01197546)
        (0.93957915 0.001000 0.01181647)
        (0.94044415 0.001000 0.01165725)
        (0.94130911 0.001000 0.01149780)
        (0.94217402 0.001000 0.01133811)
        (0.94303889 0.001000 0.01117819)
        (0.94390372 0.001000 0.01101803)
        (0.94476851 0.001000 0.01085765)
        (0.94563325 0.001000 0.01069703)
        (0.94649794 0.001000 0.01053617)
        (0.94736260 0.001000 0.01037509)
        (0.94822721 0.001000 0.01021377)
        (0.94909178 0.001000 0.01005223)
        (0.94995630 0.001000 0.00989045)
        (0.95082078 0.001000 0.00972844)
        (0.95168522 0.001000 0.00956620)
        (0.95254962 0.001000 0.00940373)
        (0.95341397 0.001000 0.00924102)
        (0.95427827 0.001000 0.00907808)
        (0.95514254 0.001000 0.00891489)
        (0.95600675 0.001000 0.00875146)
        (0.95687091 0.001000 0.00858777)
        (0.95773503 0.001000 0.00842382)
        (0.95859910 0.001000 0.00825961)
        (0.95946311 0.001000 0.00809512)
        (0.96032707 0.001000 0.00793037)
        (0.96119098 0.001000 0.00776533)
        (0.96205483 0.001000 0.00760001)
        (0.96291863 0.001000 0.00743439)
        (0.96378238 0.001000 0.00726849)
        (0.96464606 0.001000 0.00710230)
        (0.96550969 0.001000 0.00693583)
        (0.96637327 0.001000 0.00676906)
        (0.96723679 0.001000 0.00660201)
        (0.96810026 0.001000 0.00643467)
        (0.96896367 0.001000 0.00626704)
        (0.96982702 0.001000 0.00609913)
        (0.97069032 0.001000 0.00593093)
        (0.97155356 0.001000 0.00576244)
        (0.97241675 0.001000 0.00559367)
        (0.97327988 0.001000 0.00542460)
        (0.97414295 0.001000 0.00525522)
        (0.97500595 0.001000 0.00508553)
        (0.97586890 0.001000 0.00491552)
        (0.97673178 0.001000 0.00474518)
        (0.97759459 0.001000 0.00457452)
        (0.97845734 0.001000 0.00440351)
        (0.97932002 0.001000 0.00423216)
        (0.98018263 0.001000 0.00406047)
        (0.98104517 0.001000 0.00388844)
        (0.98190765 0.001000 0.00371607)
        (0.98277005 0.001000 0.00354337)
        (0.98363240 0.001000 0.00337033)
        (0.98449468 0.001000 0.00319697)
        (0.98535689 0.001000 0.00302329)
        (0.98621903 0.001000 0.00284928)
        (0.98708110 0.001000 0.00267490)
        (0.98794310 0.001000 0.00250014)
        (0.98880501 0.001000 0.00232496)
        (0.98966683 0.001000 0.00214935)
        (0.99052855 0.001000 0.00197327)
        (0.99139018 0.001000 0.00179670)
        (0.99225171 0.001000 0.00161965)
        (0.99311313 0.001000 0.00144212)
        (0.99397446 0.001000 0.00126410)
        (0.99483569 0.001000 0.00108562)
        (0.99569681 0.001000 0.00090660)
        (0.99655780 0.001000 0.00072694)
        (0.99741862 0.001000 0.00054646)
        (0.99827924 0.001000 0.00036508)
        (0.99913969 0.001000 0.00018285)
    )
);

boundary
(
    aerofoil
    {
        type            wall;
        faces
        (
            (4 7 19 16)
            (7 5 17 19)
            (5 8 20 17)
            (8 4 16 20)
        );
    }
    farfield
    {
        // SINGLE merged outer patch: the freestreamProbe area-averages the
        // whole closed outer boundary so the bound-vortex induction cancels
        // (see module docstring) — and the freestream BC family handles
        // local in/outflow per-face.
        type            patch;
        inGroups        (freestream);
        faces
        (
            (3 0 12 15)
            (0 1 13 12)
            (1 2 14 13)
            (11 10 22 23)
            (10 9 21 22)
            (9 3 15 21)
            (2 6 18 14)
            (6 11 23 18)
        );
    }
    back
    {
        type            empty;
        faces
        (
            (3 4 7 0)
            (7 5 1 0)
            (5 6 2 1)
            (3 9 8 4)
            (9 10 5 8)
            (10 11 6 5)
        );
    }
    front
    {
        type            empty;
        faces
        (
            (15 16 19 12)
            (19 17 13 12)
            (17 18 14 13)
            (15 16 20 21)
            (20 17 22 21)
            (17 18 23 22)
        );
    }
);

mergePatchPairs ();
