# Force and moment coefficients
# dragDir       : (9.98814648e-01 0.00000000e+00 4.86754399e-02)
# sideDir       : (0.00000000e+00 1.00000000e+00 -0.00000000e+00)
# liftDir       : (-4.86754399e-02 0.00000000e+00 9.98814648e-01)
# rollAxis      : (9.98814648e-01 0.00000000e+00 4.86754399e-02)
# pitchAxis     : (0.00000000e+00 1.00000000e+00 -0.00000000e+00)
# yawAxis       : (-4.86754399e-02 0.00000000e+00 9.98814648e-01)
# magUInf       : 2.49796991e+02
# lRef          : 1.00000000e+00
# Aref          : 2.00000000e-03
# CofR          : (2.50000000e-01 0.00000000e+00 0.00000000e+00)
#
# Time          	Cd              	Cd(f)           	Cd(r)           	Cl              	Cl(f)           	Cl(r)           	CmPitch         	CmRoll          	CmYaw           	Cs              	Cs(f)           	Cs(r)           
1               	8.63450068e-01	4.31725034e-01	4.31725034e-01	9.03652087e-01	1.08411081e-01	7.95241006e-01	-3.43414962e-01	-7.19575459e-21	-1.31206844e-20	6.84544132e-19	3.29151382e-19	3.55392750e-19
2               	4.93650959e-01	2.46825480e-01	2.46825480e-01	6.86630114e-01	8.12461908e-02	6.05383924e-01	-2.62068866e-01	-1.02610811e-20	-7.98162811e-20	2.51331539e-19	4.58494883e-20	2.05482050e-19
3               	2.97390743e-01	1.48695371e-01	1.48695371e-01	5.11792396e-01	1.10001767e-01	4.01790628e-01	-1.45894431e-01	1.73454455e-22	-2.29615993e-19	3.56764093e-19	-5.12339468e-20	4.07998040e-19
4               	2.34531227e-01	1.17265614e-01	1.17265614e-01	4.11374156e-01	9.25759623e-02	3.18798194e-01	-1.13111116e-01	3.42642066e-21	-8.13067448e-20	3.46393227e-19	9.18898687e-20	2.54503358e-19
5               	1.81111772e-01	9.05558860e-02	9.05558860e-02	2.59257959e-01	7.80527021e-02	1.81205257e-01	-5.15762777e-02	1.88343516e-22	-1.66818833e-19	2.12030247e-19	-6.08037092e-20	2.72833956e-19
6               	1.57443204e-01	7.87216018e-02	7.87216018e-02	2.32139594e-01	5.30557772e-02	1.79083817e-01	-6.30140198e-02	2.09961684e-21	-1.21681555e-19	2.58513729e-19	7.57530898e-21	2.50938420e-19
7               	1.43032309e-01	7.15161544e-02	7.15161544e-02	2.31277714e-01	4.10708702e-02	1.90206844e-01	-7.45679869e-02	2.28693993e-21	-1.18330343e-19	2.47732254e-19	5.53578446e-21	2.42196470e-19
8               	1.32213688e-01	6.61068439e-02	6.61068439e-02	2.36152954e-01	3.70106636e-02	1.99142290e-01	-8.10658132e-02	2.54431354e-21	-1.17053676e-19	2.34283471e-19	8.80601786e-23	2.34195411e-19
9               	1.22883024e-01	6.14415122e-02	6.14415122e-02	2.40607989e-01	3.46634972e-02	2.05944492e-01	-8.56404975e-02	2.77155011e-21	-1.16176094e-19	2.21384028e-19	-5.48407962e-21	2.26868107e-19
10              	1.14118277e-01	5.70591387e-02	5.70591387e-02	2.44929805e-01	3.33007853e-02	2.11629019e-01	-8.91641171e-02	2.97923779e-21	-1.16501032e-19	2.05456624e-19	-1.37727195e-20	2.19229344e-19
11              	1.05616757e-01	5.28083784e-02	5.28083784e-02	2.50438443e-01	3.32094988e-02	2.17228944e-01	-9.20097227e-02	3.18157947e-21	-1.16468286e-19	1.87402332e-19	-2.27671195e-20	2.10169452e-19
12              	9.74817318e-02	4.87408659e-02	4.87408659e-02	2.56951646e-01	3.41849671e-02	2.22766678e-01	-9.42908556e-02	3.38029123e-21	-1.16332575e-19	1.68159478e-19	-3.22528359e-20	2.00412313e-19
13              	8.98697273e-02	4.49348636e-02	4.49348636e-02	2.64535664e-01	3.58162287e-02	2.28719435e-01	-9.64516032e-02	3.57937055e-21	-1.16004316e-19	1.48107010e-19	-4.19508108e-20	1.90057821e-19
14              	8.28685859e-02	4.14342930e-02	4.14342930e-02	2.72697682e-01	3.78709501e-02	2.34826732e-01	-9.84778908e-02	3.79112175e-21	-1.15136017e-19	1.29483985e-19	-5.03940246e-20	1.79878009e-19
15              	7.66899928e-02	3.83449964e-02	3.83449964e-02	2.81517088e-01	4.00438042e-02	2.41473284e-01	-1.00714740e-01	3.97523191e-21	-1.14455894e-19	1.12573219e-19	-5.81692846e-20	1.70742504e-19
16              	7.13742345e-02	3.56871172e-02	3.56871172e-02	2.90342300e-01	4.21321997e-02	2.48210101e-01	-1.03038950e-01	4.13769846e-21	-1.13924516e-19	9.83237389e-20	-6.47626466e-20	1.63086385e-19
17              	6.69019958e-02	3.34509979e-02	3.34509979e-02	2.98611930e-01	4.40614574e-02	2.54550472e-01	-1.05244507e-01	4.28350597e-21	-1.13440870e-19	8.72369168e-20	-6.98224116e-20	1.57059328e-19
18              	6.32342447e-02	3.16171224e-02	3.16171224e-02	3.06163775e-01	4.58038346e-02	2.60359940e-01	-1.07278053e-01	4.41277497e-21	-1.13007523e-19	7.93975368e-20	-7.33087547e-20	1.52706291e-19
19              	6.02906969e-02	3.01453485e-02	3.01453485e-02	3.12846926e-01	4.73270999e-02	2.65519826e-01	-1.09096363e-01	4.53120641e-21	-1.12627748e-19	7.45184758e-20	-7.53685098e-20	1.49886986e-19
20              	5.79640879e-02	2.89820440e-02	2.89820440e-02	3.18600157e-01	4.86310646e-02	2.69969092e-01	-1.10669014e-01	4.64861432e-21	-1.12272451e-19	7.23072246e-20	-7.61188390e-20	1.48426064e-19
21              	5.61344987e-02	2.80672494e-02	2.80672494e-02	3.23513159e-01	4.97285739e-02	2.73784585e-01	-1.12028006e-01	4.77375224e-21	-1.11934080e-19	7.23635403e-20	-7.57523100e-20	1.48115850e-19
22              	5.46945957e-02	2.73472978e-02	2.73472978e-02	3.27733618e-01	5.06476708e-02	2.77085947e-01	-1.13219138e-01	4.91309556e-21	-1.11609929e-19	7.43121753e-20	-7.44538410e-20	1.48766016e-19
23              	5.35382631e-02	2.67691316e-02	2.67691316e-02	3.31444536e-01	5.14295323e-02	2.80015004e-01	-1.14292736e-01	5.07080537e-21	-1.11321165e-19	7.77377872e-20	-7.24522715e-20	1.50190059e-19
24              	5.25602013e-02	2.62801006e-02	2.62801006e-02	3.34860110e-01	5.21244389e-02	2.82735671e-01	-1.15305616e-01	5.25015168e-21	-1.11091344e-19	8.22124118e-20	-6.99851382e-20	1.52197550e-19
25              	5.16739883e-02	2.58369941e-02	2.58369941e-02	3.38171602e-01	5.27875756e-02	2.85384026e-01	-1.16298225e-01	5.45360271e-21	-1.10938892e-19	8.73640447e-20	-6.72568699e-20	1.54620915e-19
26              	5.08100494e-02	2.54050247e-02	2.54050247e-02	3.41574820e-01	5.34815022e-02	2.88093317e-01	-1.17305908e-01	5.68202200e-21	-1.10853482e-19	9.28740903e-20	-6.44164368e-20	1.57290527e-19
27              	4.99183373e-02	2.49591686e-02	2.49591686e-02	3.45222873e-01	5.42676246e-02	2.90955248e-01	-1.18343812e-01	5.93515256e-21	-1.10816015e-19	9.84745278e-20	-6.15787513e-20	1.60053279e-19
28              	4.89617968e-02	2.44808984e-02	2.44808984e-02	3.49224955e-01	5.51990697e-02	2.94025886e-01	-1.19413408e-01	6.21210551e-21	-1.10799080e-19	1.03956791e-19	-5.88206845e-20	1.62777476e-19
29              	4.79249112e-02	2.39624556e-02	2.39624556e-02	3.53642974e-01	5.63152740e-02	2.97327700e-01	-1.20506213e-01	6.50894401e-21	-1.10778714e-19	1.09148276e-19	-5.62045762e-20	1.65352852e-19
30              	4.68039393e-02	2.34019697e-02	2.34019697e-02	3.58502931e-01	5.76390013e-02	3.00863929e-01	-1.21612464e-01	6.82002014e-21	-1.10740184e-19	1.13911196e-19	-5.37845866e-20	1.67695782e-19
31              	4.56116744e-02	2.28058372e-02	2.28058372e-02	3.63788880e-01	5.91780155e-02	3.04610865e-01	-1.22716425e-01	7.13667533e-21	-1.10680584e-19	1.18120578e-19	-5.16202957e-20	1.69740873e-19
32              	4.43657831e-02	2.21828915e-02	2.21828915e-02	3.69454193e-01	6.09227807e-02	3.08531413e-01	-1.23804316e-01	7.44993348e-21	-1.10605144e-19	1.21684481e-19	-4.97629035e-20	1.71447384e-19
33              	4.30905431e-02	2.15452715e-02	2.15452715e-02	3.75414802e-01	6.28520604e-02	3.12562741e-01	-1.24855341e-01	7.74953802e-21	-1.10529595e-19	1.24531951e-19	-4.82636200e-20	1.72795571e-19
34              	4.18136787e-02	2.09068394e-02	2.09068394e-02	3.81605279e-01	6.49368595e-02	3.16668419e-01	-1.25865780e-01	8.02555286e-21	-1.10471214e-19	1.26629556e-19	-4.71564355e-20	1.73785992e-19
35              	4.05595578e-02	2.02797789e-02	2.02797789e-02	3.87902565e-01	6.71426306e-02	3.20759934e-01	-1.26808652e-01	8.26943582e-21	-1.10450557e-19	1.27954797e-19	-4.64731587e-20	1.74427956e-19
36              	3.93541870e-02	1.96770935e-02	1.96770935e-02	3.94245486e-01	6.94368035e-02	3.24808683e-01	-1.27685940e-01	8.47400072e-21	-1.10480117e-19	1.28537040e-19	-4.62115971e-20	1.74748637e-19
37              	3.82175528e-02	1.91087764e-02	1.91087764e-02	4.00521379e-01	7.17830787e-02	3.28738300e-01	-1.28477611e-01	8.63458404e-21	-1.10572103e-19	1.28412993e-19	-4.63656068e-20	1.74778600e-19
38              	3.71668492e-02	1.85834246e-02	1.85834246e-02	4.06672344e-01	7.41525602e-02	3.32519784e-01	-1.29183612e-01	8.74869691e-21	-1.10727640e-19	1.27658674e-19	-4.68983031e-20	1.74556978e-19
39              	3.62160176e-02	1.81080088e-02	1.81080088e-02	4.12664676e-01	7.65238667e-02	3.36140809e-01	-1.29808471e-01	8.81669026e-21	-1.10943527e-19	1.26368266e-19	-4.77593939e-20	1.74127660e-19
40              	3.53726861e-02	1.76863430e-02	1.76863430e-02	4.18430630e-01	7.88742911e-02	3.39556339e-01	-1.30341024e-01	8.84083992e-21	-1.11214896e-19	1.24635766e-19	-4.88970130e-20	1.73532779e-19
41              	3.46420372e-02	1.73210186e-02	1.73210186e-02	4.23967390e-01	8.11925138e-02	3.42774876e-01	-1.30791181e-01	8.82490810e-21	-1.11531934e-19	1.22566967e-19	-5.02484498e-20	1.72815417e-19
42              	3.40244071e-02	1.70122035e-02	1.70122035e-02	4.29265001e-01	8.34688403e-02	3.45796160e-01	-1.31163660e-01	8.77418580e-21	-1.11885096e-19	1.20260053e-19	-5.17550702e-20	1.72015123e-19
43              	3.35175349e-02	1.67587674e-02	1.67587674e-02	4.34336499e-01	8.57007017e-02	3.48635797e-01	-1.31467548e-01	8.69480131e-21	-1.12264276e-19	1.17809186e-19	-5.33596834e-20	1.71168869e-19
44              	3.31165217e-02	1.65582608e-02	1.65582608e-02	4.39207069e-01	8.78885249e-02	3.51318544e-01	-1.31715009e-01	8.59343248e-21	-1.12656569e-19	1.15302069e-19	-5.50055344e-20	1.70307603e-19
45              	3.28126489e-02	1.64063244e-02	1.64063244e-02	4.43895881e-01	9.00325088e-02	3.53863372e-01	-1.31915432e-01	8.47708478e-21	-1.13049126e-19	1.12815773e-19	-5.66412392e-20	1.69457012e-19
46              	3.25973701e-02	1.62986851e-02	1.62986851e-02	4.48447031e-01	9.21386543e-02	3.56308376e-01	-1.32084861e-01	8.35250778e-21	-1.13428575e-19	1.10419849e-19	-5.82186509e-20	1.68638500e-19
47              	3.24608299e-02	1.62304149e-02	1.62304149e-02	4.52897460e-01	9.42134042e-02	3.58684056e-01	-1.32235326e-01	8.22610796e-21	-1.13780643e-19	1.08171322e-19	-5.96949817e-20	1.67866303e-19
48              	3.23914875e-02	1.61957438e-02	1.61957438e-02	4.57296629e-01	9.62659923e-02	3.61030636e-01	-1.32382322e-01	8.10353425e-21	-1.14091333e-19	1.06113004e-19	-6.10348313e-20	1.67147835e-19
49              	3.23798922e-02	1.61899461e-02	1.61899461e-02	4.61681600e-01	9.83054735e-02	3.63376127e-01	-1.32535327e-01	7.98942973e-21	-1.14349159e-19	1.04275726e-19	-6.22112961e-20	1.66487022e-19
50              	3.24180468e-02	1.62090234e-02	1.62090234e-02	4.66029198e-01	1.00328507e-01	3.65700690e-01	-1.32686091e-01	7.88946890e-21	-1.14545394e-19	1.02692730e-19	-6.31990286e-20	1.65891759e-19
51              	3.24964796e-02	1.62482398e-02	1.62482398e-02	4.70477626e-01	1.02367522e-01	3.68110105e-01	-1.32871291e-01	7.80146203e-21	-1.14661218e-19	1.01337050e-19	-6.39926928e-20	1.65329743e-19
52              	3.26087522e-02	1.63043761e-02	1.63043761e-02	4.74983077e-01	1.04416081e-01	3.70566996e-01	-1.33075458e-01	7.73010259e-21	-1.14725067e-19	1.00196770e-19	-6.46266820e-20	1.64823452e-19
53              	3.27444529e-02	1.63722265e-02	1.63722265e-02	4.79588605e-01	1.06495712e-01	3.73092894e-01	-1.33298591e-01	7.67474333e-21	-1.14688017e-19	9.92814633e-20	-6.50472854e-20	1.64328749e-19
54              	3.29095050e-02	1.64547525e-02	1.64547525e-02	4.84293121e-01	1.08602406e-01	3.75690716e-01	-1.33544155e-01	7.63294246e-21	-1.14625283e-19	9.84868480e-20	-6.53818593e-20	1.63868707e-19
55              	3.30935802e-02	1.65467901e-02	1.65467901e-02	4.89116028e-01	1.10754536e-01	3.78361491e-01	-1.33803478e-01	7.60493615e-21	-1.14488605e-19	9.78222026e-20	-6.55775039e-20	1.63399707e-19
56              	3.32942641e-02	1.66471321e-02	1.66471321e-02	4.94061161e-01	1.12952535e-01	3.81108626e-01	-1.34078046e-01	7.59000672e-21	-1.14283542e-19	9.72724751e-20	-6.56473048e-20	1.62919780e-19
57              	3.35139113e-02	1.67569557e-02	1.67569557e-02	4.99083593e-01	1.15191135e-01	3.83892458e-01	-1.34350662e-01	7.58617682e-21	-1.14018120e-19	9.68170121e-20	-6.56096139e-20	1.62426626e-19
58              	3.37526258e-02	1.68763129e-02	1.68763129e-02	5.04177835e-01	1.17479172e-01	3.86698663e-01	-1.34609746e-01	7.59037506e-21	-1.13715671e-19	9.63845177e-20	-6.55234125e-20	1.61907930e-19
59              	3.40003213e-02	1.70001607e-02	1.70001607e-02	5.09298485e-01	1.19817544e-01	3.89480941e-01	-1.34831698e-01	7.60526424e-21	-1.13316781e-19	9.60581177e-20	-6.52877219e-20	1.61345840e-19
60              	3.42787016e-02	1.71393508e-02	1.71393508e-02	5.14472462e-01	1.22197822e-01	3.92274640e-01	-1.35038409e-01	7.61883250e-21	-1.12973770e-19	9.55917558e-20	-6.51778919e-20	1.60769648e-19
61              	3.45675280e-02	1.72837640e-02	1.72837640e-02	5.19640881e-01	1.24624298e-01	3.95016583e-01	-1.35196143e-01	7.64111377e-21	-1.12538975e-19	9.51919939e-20	-6.49429781e-20	1.60134972e-19
62              	3.48893612e-02	1.74446806e-02	1.74446806e-02	5.24826267e-01	1.27088325e-01	3.97737941e-01	-1.35324808e-01	7.65870806e-21	-1.12168194e-19	9.46170871e-20	-6.48596502e-20	1.59476737e-19
63              	3.52276001e-02	1.76138001e-02	1.76138001e-02	5.29943893e-01	1.29578946e-01	4.00364948e-01	-1.35393001e-01	7.68269159e-21	-1.11712465e-19	9.41077782e-20	-6.46585758e-20	1.58766354e-19
64              	3.55992784e-02	1.77996392e-02	1.77996392e-02	5.35010506e-01	1.32090544e-01	4.02919962e-01	-1.35414709e-01	7.69994536e-21	-1.11324043e-19	9.34177640e-20	-6.46151606e-20	1.58032925e-19
65              	3.59902985e-02	1.79951492e-02	1.79951492e-02	5.39964771e-01	1.34611895e-01	4.05352876e-01	-1.35370491e-01	7.72133789e-21	-1.10873711e-19	9.27675709e-20	-6.44899251e-20	1.57257496e-19
66              	3.64115473e-02	1.82057737e-02	1.82057737e-02	5.44817228e-01	1.37140599e-01	4.07676629e-01	-1.35268015e-01	7.73489537e-21	-1.10491672e-19	9.19411544e-20	-6.45210946e-20	1.56462249e-19
67              	3.68531969e-02	1.84265985e-02	1.84265985e-02	5.49515696e-01	1.39657258e-01	4.09858438e-01	-1.35100590e-01	7.75097693e-21	-1.10063250e-19	9.11442737e-20	-6.44911131e-20	1.55635387e-19
68              	3.73173421e-02	1.86586710e-02	1.86586710e-02	5.54059223e-01	1.42162484e-01	4.11896739e-01	-1.34867127e-01	7.75988962e-21	-1.09691800e-19	9.02008738e-20	-6.45913632e-20	1.54792237e-19
69              	3.77976711e-02	1.88988355e-02	1.88988355e-02	5.58394330e-01	1.44627772e-01	4.13766557e-01	-1.34569392e-01	7.77072792e-21	-1.09288728e-19	8.92795459e-20	-6.46489547e-20	1.53928501e-19
70              	3.82896798e-02	1.91448399e-02	1.91448399e-02	5.62563153e-01	1.47065934e-01	4.15497219e-01	-1.34215642e-01	7.77551426e-21	-1.08926991e-19	8.82468306e-20	-6.48035755e-20	1.53050406e-19
71              	3.87911874e-02	1.93955937e-02	1.93955937e-02	5.66519001e-01	1.49442589e-01	4.17076412e-01	-1.33816911e-01	7.78210237e-21	-1.08545470e-19	8.72325789e-20	-6.49291805e-20	1.52161759e-19
72              	3.92886594e-02	1.96443297e-02	1.96443297e-02	5.70270176e-01	1.51769436e-01	4.18500740e-01	-1.33365652e-01	7.78481811e-21	-1.08185729e-19	8.61473390e-20	-6.51120591e-20	1.51259398e-19
73              	3.97840750e-02	1.98920375e-02	1.98920375e-02	5.73801423e-01	1.54010871e-01	4.19790552e-01	-1.32889841e-01	7.78936567e-21	-1.07819146e-19	8.50717873e-20	-6.52832524e-20	1.50355040e-19
74              	4.02593334e-02	2.01296667e-02	2.01296667e-02	5.77156927e-01	1.56191495e-01	4.20965432e-01	-1.32386969e-01	7.79210232e-21	-1.07455023e-19	8.39659139e-20	-6.54720661e-20	1.49437980e-19
75              	4.07186895e-02	2.03593448e-02	2.03593448e-02	5.80297348e-01	1.58266808e-01	4.22030540e-01	-1.31881866e-01	7.79731989e-21	-1.07094151e-19	8.28647833e-20	-6.56617596e-20	1.48526543e-19
76              	4.11410485e-02	2.05705243e-02	2.05705243e-02	5.83276777e-01	1.60268515e-01	4.23008262e-01	-1.31369873e-01	7.80271852e-21	-1.06719069e-19	8.17681322e-20	-6.58350029e-20	1.47603135e-19
77              	4.15336614e-02	2.07668307e-02	2.07668307e-02	5.86078386e-01	1.62154542e-01	4.23923844e-01	-1.30884651e-01	7.81097107e-21	-1.06355896e-19	8.06692751e-20	-6.60212584e-20	1.46690533e-19
78              	4.18744290e-02	2.09372145e-02	2.09372145e-02	5.88756383e-01	1.63962053e-01	4.24794330e-01	-1.30416138e-01	7.82124565e-21	-1.05964276e-19	7.96045779e-20	-6.61619873e-20	1.45766565e-19
79              	4.21720077e-02	2.10860039e-02	2.10860039e-02	5.91281455e-01	1.65644274e-01	4.25637181e-01	-1.29996454e-01	7.83494849e-21	-1.05588814e-19	7.85373524e-20	-6.63201380e-20	1.44857490e-19
80              	4.24064844e-02	2.12032422e-02	2.12032422e-02	5.93729908e-01	1.67246979e-01	4.26482928e-01	-1.29617974e-01	7.85190465e-21	-1.05177191e-19	7.75262832e-20	-6.64140497e-20	1.43940333e-19
81              	4.25896299e-02	2.12948150e-02	2.12948150e-02	5.96087369e-01	1.68729933e-01	4.27357435e-01	-1.29313751e-01	7.87240044e-21	-1.04785860e-19	7.65139677e-20	-6.65288764e-20	1.43042844e-19
82              	4.27009905e-02	2.13504953e-02	2.13504953e-02	5.98392318e-01	1.70132816e-01	4.28259502e-01	-1.29063343e-01	7.89725088e-21	-1.04353538e-19	7.55736075e-20	-6.65667343e-20	1.42140342e-19
83              	4.27582093e-02	2.13791047e-02	2.13791047e-02	6.00681966e-01	1.71432075e-01	4.29249891e-01	-1.28908908e-01	7.92521060e-21	-1.03945245e-19	7.46318308e-20	-6.66293296e-20	1.41261160e-19
84              	4.27420821e-02	2.13710410e-02	2.13710410e-02	6.02967210e-01	1.72661998e-01	4.30305211e-01	-1.28821606e-01	7.95795410e-21	-1.03495888e-19	7.37730421e-20	-6.66093671e-20	1.40382409e-19
85              	4.26717495e-02	2.13358748e-02	2.13358748e-02	6.05274463e-01	1.73803730e-01	4.31470733e-01	-1.28833501e-01	7.99328333e-21	-1.03074851e-19	7.29097981e-20	-6.66199516e-20	1.39529750e-19
86              	4.25322552e-02	2.12661276e-02	2.12661276e-02	6.07626733e-01	1.74891802e-01	4.32734930e-01	-1.28921564e-01	8.03302091e-21	-1.02617792e-19	7.21334501e-20	-6.65510670e-20	1.38684517e-19
87              	4.23429495e-02	2.11714748e-02	2.11714748e-02	6.10024018e-01	1.75908920e-01	4.34115098e-01	-1.29103089e-01	8.07464458e-21	-1.02192507e-19	7.13525014e-20	-6.65162567e-20	1.37868758e-19
88              	4.20988064e-02	2.10494032e-02	2.10494032e-02	6.12502906e-01	1.76879012e-01	4.35623894e-01	-1.29372441e-01	8.11917853e-21	-1.01758303e-19	7.06281660e-20	-6.64442199e-20	1.37072386e-19
89              	4.17967888e-02	2.08983944e-02	2.08983944e-02	6.15038678e-01	1.77809693e-01	4.37228985e-01	-1.29709646e-01	8.16713408e-21	-1.01304858e-19	6.99855933e-20	-6.63120611e-20	1.36297654e-19
90              	4.14623041e-02	2.07311520e-02	2.07311520e-02	6.17638259e-01	1.78707310e-01	4.38930949e-01	-1.30111820e-01	8.21523497e-21	-1.00889096e-19	6.93333610e-20	-6.62224158e-20	1.35555777e-19
91              	4.10817509e-02	2.05408755e-02	2.05408755e-02	6.20320318e-01	1.79588618e-01	4.40731700e-01	-1.30571541e-01	8.26605727e-21	-1.00456649e-19	6.87555327e-20	-6.60788829e-20	1.34834416e-19
92              	4.06746715e-02	2.03373358e-02	2.03373358e-02	6.23082466e-01	1.80447000e-01	4.42635466e-01	-1.31094233e-01	8.31598421e-21	-1.00062266e-19	6.81682683e-20	-6.59781318e-20	1.34146400e-19
93              	4.02415123e-02	2.01207562e-02	2.01207562e-02	6.25923123e-01	1.81296599e-01	4.44626523e-01	-1.31664962e-01	8.36655062e-21	-9.96727313e-20	6.76323225e-20	-6.58565701e-20	1.33488893e-19
94              	3.97808352e-02	1.98904176e-02	1.98904176e-02	6.28808125e-01	1.82138113e-01	4.46670012e-01	-1.32265949e-01	8.41872140e-21	-9.92774688e-20	6.71734241e-20	-6.56907567e-20	1.32864181e-19
95              	3.93145075e-02	1.96572538e-02	1.96572538e-02	6.31749348e-01	1.82990502e-01	4.48758846e-01	-1.32884172e-01	8.46804826e-21	-9.89252308e-20	6.66890249e-20	-6.55807183e-20	1.32269743e-19
96              	3.88341494e-02	1.94170747e-02	1.94170747e-02	6.34740217e-01	1.83848998e-01	4.50891219e-01	-1.33521111e-01	8.51805876e-21	-9.85683719e-20	6.62752309e-20	-6.54307565e-20	1.31705987e-19
97              	3.83544483e-02	1.91772242e-02	1.91772242e-02	6.37771548e-01	1.84716607e-01	4.53054942e-01	-1.34169168e-01	8.56454055e-21	-9.82549404e-20	6.58315216e-20	-6.53391796e-20	1.31170701e-19
98              	3.78788658e-02	1.89394329e-02	1.89394329e-02	6.40842480e-01	1.85598248e-01	4.55244231e-01	-1.34822992e-01	8.60946318e-21	-9.79523763e-20	6.54267987e-20	-6.52389770e-20	1.30665776e-19
99              	3.74020615e-02	1.87010308e-02	1.87010308e-02	6.43909344e-01	1.86484382e-01	4.57424962e-01	-1.35470290e-01	8.65429873e-21	-9.76524262e-20	6.50832660e-20	-6.51107932e-20	1.30194059e-19
100             	3.69436621e-02	1.84718310e-02	1.84718310e-02	6.47009932e-01	1.87410068e-01	4.59599865e-01	-1.36094899e-01	8.69417977e-21	-9.73956757e-20	6.46964891e-20	-6.50474311e-20	1.29743920e-19
101             	3.65008841e-02	1.82504420e-02	1.82504420e-02	6.50128951e-01	1.88350917e-01	4.61778034e-01	-1.36713558e-01	8.73153279e-21	-9.71528021e-20	6.43290681e-20	-6.49882680e-20	1.29317336e-19
102             	3.60678011e-02	1.80339005e-02	1.80339005e-02	6.53230611e-01	1.89293981e-01	4.63936630e-01	-1.37321325e-01	8.76791618e-21	-9.69160191e-20	6.40135825e-20	-6.49092278e-20	1.28922810e-19
103             	3.56631759e-02	1.78315879e-02	1.78315879e-02	6.56352437e-01	1.90292535e-01	4.66059902e-01	-1.37883683e-01	8.79892719e-21	-9.67194340e-20	6.36429065e-20	-6.48979807e-20	1.28540887e-19
104             	3.52823636e-02	1.76411818e-02	1.76411818e-02	6.59463020e-01	1.91309911e-01	4.68153109e-01	-1.38421599e-01	8.82853311e-21	-9.65208308e-20	6.33229695e-20	-6.48593460e-20	1.28182316e-19
105             	3.49280567e-02	1.74640284e-02	1.74640284e-02	6.62596124e-01	1.92355671e-01	4.70240453e-01	-1.38942391e-01	8.85260514e-21	-9.63633470e-20	6.29431597e-20	-6.48917672e-20	1.27834927e-19
106             	3.46048452e-02	1.73024226e-02	1.73024226e-02	6.65709803e-01	1.93426125e-01	4.72283678e-01	-1.39428776e-01	8.87400536e-21	-9.62166083e-20	6.25775042e-20	-6.49278562e-20	1.27505360e-19
107             	3.43150302e-02	1.71575151e-02	1.71575151e-02	6.68817431e-01	1.94525158e-01	4.74292273e-01	-1.39883557e-01	8.89176127e-21	-9.60886707e-20	6.22048905e-20	-6.49862255e-20	1.27191116e-19
108             	3.40591065e-02	1.70295533e-02	1.70295533e-02	6.71910300e-01	1.95652420e-01	4.76257880e-01	-1.40302730e-01	8.90646815e-21	-9.59760094e-20	6.18278645e-20	-6.50620772e-20	1.26889942e-19
109             	3.38392334e-02	1.69196167e-02	1.69196167e-02	6.74980999e-01	1.96806282e-01	4.78174717e-01	-1.40684218e-01	8.91820289e-21	-9.58792276e-20	6.14452230e-20	-6.51566161e-20	1.26601839e-19
110             	3.36561464e-02	1.68280732e-02	1.68280732e-02	6.78027546e-01	1.97985100e-01	4.80042446e-01	-1.41028673e-01	8.92707424e-21	-9.57963004e-20	6.10572362e-20	-6.52676823e-20	1.26324919e-19
111             	3.35100901e-02	1.67550450e-02	1.67550450e-02	6.81047085e-01	1.99188048e-01	4.81859037e-01	-1.41335494e-01	8.93325128e-21	-9.57270648e-20	6.06621091e-20	-6.53960102e-20	1.26058119e-19
112             	3.34014705e-02	1.67007352e-02	1.67007352e-02	6.84037853e-01	2.00414055e-01	4.83623798e-01	-1.41604871e-01	8.93696747e-21	-9.56699425e-20	6.02611693e-20	-6.55393578e-20	1.25800527e-19
113             	3.33299037e-02	1.66649518e-02	1.66649518e-02	6.86995574e-01	2.01661573e-01	4.85334001e-01	-1.41836214e-01	8.93849614e-21	-9.56237396e-20	5.98545638e-20	-6.56964577e-20	1.25551021e-19
114             	3.32952780e-02	1.66476390e-02	1.66476390e-02	6.89920902e-01	2.02929275e-01	4.86991627e-01	-1.42031176e-01	8.93804548e-21	-9.55872458e-20	5.94436203e-20	-6.58654356e-20	1.25309056e-19
115             	3.32966368e-02	1.66483184e-02	1.66483184e-02	6.92811226e-01	2.04216075e-01	4.88595151e-01	-1.42189538e-01	8.93587663e-21	-9.55594005e-20	5.90274654e-20	-6.60456678e-20	1.25073133e-19
116             	3.33329950e-02	1.66664975e-02	1.66664975e-02	6.95663331e-01	2.05520251e-01	4.90143080e-01	-1.42311414e-01	8.93217866e-21	-9.55394333e-20	5.86051135e-20	-6.62368766e-20	1.24841990e-19
117             	3.34030656e-02	1.67015328e-02	1.67015328e-02	6.98475726e-01	2.06840557e-01	4.91635169e-01	-1.42397306e-01	8.92709617e-21	-9.55268239e-20	5.81749593e-20	-6.64393443e-20	1.24614304e-19
118             	3.35053962e-02	1.67526981e-02	1.67526981e-02	7.01247665e-01	2.08175257e-01	4.93072408e-01	-1.42448575e-01	8.92074926e-21	-9.55209208e-20	5.77350269e-20	-6.66534074e-20	1.24388434e-19
119             	3.36382941e-02	1.68191471e-02	1.68191471e-02	7.03972819e-01	2.09522171e-01	4.94450648e-01	-1.42464238e-01	8.91328871e-21	-9.55211068e-20	5.72833953e-20	-6.68794091e-20	1.24162804e-19
120             	3.37999211e-02	1.68999606e-02	1.68999606e-02	7.06650449e-01	2.10879086e-01	4.95771363e-01	-1.42446139e-01	8.90478521e-21	-9.55269638e-20	5.68176909e-20	-6.71181184e-20	1.23935809e-19
121             	3.39882321e-02	1.69941160e-02	1.69941160e-02	7.09274097e-01	2.12243175e-01	4.97030922e-01	-1.42393874e-01	8.89537233e-21	-9.55381626e-20	5.63361097e-20	-6.73701078e-20	1.23706217e-19
122             	3.42009824e-02	1.71004912e-02	1.71004912e-02	7.11840656e-01	2.13611649e-01	4.98229008e-01	-1.42308679e-01	8.88515234e-21	-9.55538540e-20	5.58371299e-20	-6.76352890e-20	1.23472419e-19
123             	3.44358976e-02	1.72179488e-02	1.72179488e-02	7.14346643e-01	2.14981678e-01	4.99364965e-01	-1.42191644e-01	8.87420824e-21	-9.55739247e-20	5.53187029e-20	-6.79145733e-20	1.23233276e-19
124             	3.46903871e-02	1.73451935e-02	1.73451935e-02	7.16786713e-01	2.16349918e-01	5.00436795e-01	-1.42043438e-01	8.86266102e-21	-9.55976772e-20	5.47798115e-20	-6.82077715e-20	1.22987583e-19
125             	3.49618047e-02	1.74809023e-02	1.74809023e-02	7.19158876e-01	2.17713434e-01	5.01445442e-01	-1.41866004e-01	8.85060489e-21	-9.56249237e-20	5.42187284e-20	-6.85155595e-20	1.22734288e-19
126             	3.52475172e-02	1.76237586e-02	1.76237586e-02	7.21455306e-01	2.19067890e-01	5.02387416e-01	-1.41659763e-01	8.83818080e-21	-9.56553389e-20	5.36357022e-20	-6.88374878e-20	1.22473190e-19
127             	3.55423046e-02	1.77711523e-02	1.77711523e-02	7.23634594e-01	2.20406783e-01	5.03227812e-01	-1.41410514e-01	8.82554245e-21	-9.56817038e-20	5.30462326e-20	-6.91585875e-20	1.22204820e-19
128             	3.58474922e-02	1.79237461e-02	1.79237461e-02	7.25801676e-01	2.21736665e-01	5.04065012e-01	-1.41164174e-01	8.81268356e-21	-9.57218039e-20	5.24047877e-20	-6.95194100e-20	1.21924198e-19
129             	3.61574906e-02	1.80787453e-02	1.80787453e-02	7.27864683e-01	2.23040827e-01	5.04823856e-01	-1.40891514e-01	8.80009124e-21	-9.57583391e-20	5.17550410e-20	-6.98808185e-20	1.21635860e-19
130             	3.64665242e-02	1.82332621e-02	1.82332621e-02	7.29744166e-01	2.24305178e-01	5.05438988e-01	-1.40566905e-01	8.78795562e-21	-9.57873057e-20	5.11093475e-20	-7.02326320e-20	1.21341979e-19
131             	3.67788601e-02	1.83894301e-02	1.83894301e-02	7.31657034e-01	2.25558287e-01	5.06098747e-01	-1.40270230e-01	8.77580986e-21	-9.58305690e-20	5.04127223e-20	-7.06242079e-20	1.21036930e-19
132             	3.70870197e-02	1.85435098e-02	1.85435098e-02	7.33486717e-01	2.26781472e-01	5.06705245e-01	-1.39961886e-01	8.76450551e-21	-9.58653743e-20	4.97122872e-20	-7.10092307e-20	1.20721518e-19
133             	3.73844533e-02	1.86922266e-02	1.86922266e-02	7.35131668e-01	2.27956021e-01	5.07175647e-01	-1.39609813e-01	8.75444084e-21	-9.58881594e-20	4.90247179e-20	-7.13758005e-20	1.20400518e-19
134             	3.76772243e-02	1.88386122e-02	1.88386122e-02	7.36813571e-01	2.29108361e-01	5.07705210e-01	-1.39298424e-01	8.74504669e-21	-9.59241419e-20	4.82932409e-20	-7.17775215e-20	1.20070762e-19
135             	3.79536964e-02	1.89768482e-02	1.89768482e-02	7.38431686e-01	2.30234352e-01	5.08197334e-01	-1.38981491e-01	8.73740401e-21	-9.59347231e-20	4.75854921e-20	-7.21419771e-20	1.19727469e-19
136             	3.82169482e-02	1.91084741e-02	1.91084741e-02	7.39966375e-01	2.31307053e-01	5.08659322e-01	-1.38676135e-01	8.73090085e-21	-9.59624200e-20	4.68406537e-20	-7.25420931e-20	1.19382747e-19
137             	3.84587943e-02	1.92293971e-02	1.92293971e-02	7.41432857e-01	2.32345790e-01	5.09087067e-01	-1.38370639e-01	8.72645523e-21	-9.59613473e-20	4.61342813e-20	-7.28942067e-20	1.19028488e-19
138             	3.86835462e-02	1.93417731e-02	1.93417731e-02	7.42878861e-01	2.33335488e-01	5.09543372e-01	-1.38103942e-01	8.72338917e-21	-9.59753327e-20	4.53948153e-20	-7.32779250e-20	1.18672740e-19
139             	3.88856000e-02	1.94428000e-02	1.94428000e-02	7.44290366e-01	2.34284262e-01	5.10006104e-01	-1.37860921e-01	8.72239529e-21	-9.59718436e-20	4.46809383e-20	-7.36313744e-20	1.18312313e-19
140             	3.90581462e-02	1.95290731e-02	1.95290731e-02	7.45605096e-01	2.35185346e-01	5.10419750e-01	-1.37617202e-01	8.72388281e-21	-9.59456137e-20	4.40053042e-20	-7.39429616e-20	1.17948266e-19
141             	3.92095261e-02	1.96047630e-02	1.96047630e-02	7.46963016e-01	2.36044511e-01	5.10918505e-01	-1.37436997e-01	8.72698154e-21	-9.59295610e-20	4.33107634e-20	-7.42741793e-20	1.17584943e-19
142             	3.93345049e-02	1.96672525e-02	1.96672525e-02	7.48326131e-01	2.36868710e-01	5.11457421e-01	-1.37294355e-01	8.73216399e-21	-9.58964892e-20	4.26449673e-20	-7.45740055e-20	1.17218973e-19
143             	3.94247048e-02	1.97123524e-02	1.97123524e-02	7.49614000e-01	2.37647157e-01	5.11966843e-01	-1.37159843e-01	8.74005750e-21	-9.58387465e-20	4.20248548e-20	-7.48263191e-20	1.16851174e-19
144             	3.94926501e-02	1.97463251e-02	1.97463251e-02	7.50973359e-01	2.38389157e-01	5.12584202e-01	-1.37097523e-01	8.74958577e-21	-9.57897074e-20	4.13995314e-20	-7.50899417e-20	1.16489473e-19
145             	3.95295583e-02	1.97647791e-02	1.97647791e-02	7.52341980e-01	2.39107175e-01	5.13234804e-01	-1.37063814e-01	8.76180768e-21	-9.57088512e-20	4.08333284e-20	-7.52921870e-20	1.16125515e-19
146             	3.95391935e-02	1.97695968e-02	1.97695968e-02	7.53748929e-01	2.39788503e-01	5.13960426e-01	-1.37085962e-01	8.77522189e-21	-9.56386856e-20	4.02492679e-20	-7.55140516e-20	1.15763320e-19
147             	3.95193455e-02	1.97596727e-02	1.97596727e-02	7.55171341e-01	2.40448551e-01	5.14722790e-01	-1.37137120e-01	8.79134383e-21	-9.55356511e-20	3.97433006e-20	-7.56640008e-20	1.15407301e-19
148             	3.94757591e-02	1.97378795e-02	1.97378795e-02	7.56657643e-01	2.41080031e-01	5.15577612e-01	-1.37248790e-01	8.80851738e-21	-9.54445533e-20	3.92229948e-20	-7.58330559e-20	1.15056051e-19
149             	3.94052867e-02	1.97026434e-02	1.97026434e-02	7.58180110e-01	2.41700096e-01	5.16480013e-01	-1.37389959e-01	8.82801476e-21	-9.53214876e-20	3.87775821e-20	-7.59326966e-20	1.14710279e-19
150             	3.93155871e-02	1.96577935e-02	1.96577935e-02	7.59780158e-01	2.42302450e-01	5.17477708e-01	-1.37587629e-01	8.84798872e-21	-9.52123282e-20	3.83197413e-20	-7.60524575e-20	1.14372199e-19
151             	3.92052705e-02	1.96026352e-02	1.96026352e-02	7.61440006e-01	2.42896861e-01	5.18543145e-01	-1.37823142e-01	8.86952473e-21	-9.50846356e-20	3.79132536e-20	-7.61280088e-20	1.14041262e-19
152             	3.90720774e-02	1.95360387e-02	1.95360387e-02	7.63129523e-01	2.43484669e-01	5.19644854e-01	-1.38080092e-01	8.89268689e-21	-9.49367256e-20	3.75628425e-20	-7.61553043e-20	1.13718147e-19
153             	3.89282616e-02	1.94641308e-02	1.94641308e-02	7.64910127e-01	2.44070817e-01	5.20839310e-01	-1.38384246e-01	8.91577306e-21	-9.48013425e-20	3.72078018e-20	-7.61974415e-20	1.13405243e-19
154             	3.87683408e-02	1.93841704e-02	1.93841704e-02	7.66742830e-01	2.44665239e-01	5.22077591e-01	-1.38706176e-01	8.94026450e-21	-9.46412696e-20	3.69171718e-20	-7.61826837e-20	1.13099856e-19
155             	3.85996756e-02	1.92998378e-02	1.92998378e-02	7.68652159e-01	2.45260113e-01	5.23392045e-01	-1.39065966e-01	8.96413617e-21	-9.44963280e-20	3.66121180e-20	-7.61902690e-20	1.12802387e-19
156             	3.84188943e-02	1.92094471e-02	1.92094471e-02	7.70594335e-01	2.45863461e-01	5.24730874e-01	-1.39433707e-01	8.98929128e-21	-9.43279861e-20	3.63763498e-20	-7.61398112e-20	1.12516161e-19
157             	3.82360757e-02	1.91180378e-02	1.91180378e-02	7.72609600e-01	2.46475113e-01	5.26134487e-01	-1.39829687e-01	9.01325035e-21	-9.41769477e-20	3.61248117e-20	-7.61145419e-20	1.12239354e-19
158             	3.80475006e-02	1.90237503e-02	1.90237503e-02	7.74657135e-01	2.47100504e-01	5.27556632e-01	-1.40228064e-01	9.03790362e-21	-9.40066014e-20	3.59351247e-20	-7.60390390e-20	1.11974164e-19
159             	3.78597090e-02	1.89298545e-02	1.89298545e-02	7.76762610e-01	2.47736039e-01	5.29026571e-01	-1.40645266e-01	9.06118064e-21	-9.38544302e-20	3.57249446e-20	-7.59919579e-20	1.11716903e-19
160             	3.76746012e-02	1.88373006e-02	1.88373006e-02	7.78906095e-01	2.48386557e-01	5.30519538e-01	-1.41066491e-01	9.08401853e-21	-9.36965325e-20	3.55503405e-20	-7.59213622e-20	1.11471703e-19
161             	3.74895874e-02	1.87447937e-02	1.87447937e-02	7.81053718e-01	2.49047251e-01	5.32006466e-01	-1.41479607e-01	9.10676971e-21	-9.35314314e-20	3.54153722e-20	-7.58237454e-20	1.11239118e-19
162             	3.73129275e-02	1.86564637e-02	1.86564637e-02	7.83254027e-01	2.49729640e-01	5.33524387e-01	-1.41897373e-01	9.12775935e-21	-9.33843216e-20	3.52594759e-20	-7.57545837e-20	1.11014060e-19
163             	3.71429232e-02	1.85714616e-02	1.85714616e-02	7.85467567e-01	2.50430339e-01	5.35037228e-01	-1.42303445e-01	9.14837132e-21	-9.32272077e-20	3.51480799e-20	-7.56531678e-20	1.10801248e-19
164             	3.69823696e-02	1.84911848e-02	1.84911848e-02	7.87705411e-01	2.51144547e-01	5.36560864e-01	-1.42708158e-01	9.16702646e-21	-9.30897997e-20	3.50086773e-20	-7.55854611e-20	1.10594138e-19
165             	3.68302868e-02	1.84151434e-02	1.84151434e-02	7.89934951e-01	2.51872768e-01	5.38062183e-01	-1.43094707e-01	9.18535123e-21	-9.29437367e-20	3.49141579e-20	-7.54866578e-20	1.10400816e-19
166             	3.66912246e-02	1.83456123e-02	1.83456123e-02	7.92189626e-01	2.52619971e-01	5.39569654e-01	-1.43474841e-01	9.20144083e-21	-9.28181467e-20	3.47879670e-20	-7.54241632e-20	1.10212130e-19
167             	3.65638000e-02	1.82819000e-02	1.82819000e-02	7.94429782e-01	2.53379711e-01	5.41050071e-01	-1.43835180e-01	9.21690808e-21	-9.26866778e-20	3.46989143e-20	-7.53372207e-20	1.10036135e-19
168             	3.64500799e-02	1.82250400e-02	1.82250400e-02	7.96685943e-01	2.54156642e-01	5.42529300e-01	-1.44186329e-01	9.23028906e-21	-9.25743214e-20	3.45773316e-20	-7.52856556e-20	1.09862987e-19
169             	3.63494880e-02	1.81747440e-02	1.81747440e-02	7.98924371e-01	2.54946466e-01	5.43977905e-01	-1.44515720e-01	9.24303118e-21	-9.24569285e-20	3.44893234e-20	-7.52122668e-20	1.09701590e-19
170             	3.62629947e-02	1.81314973e-02	1.81314973e-02	8.01169317e-01	2.55752187e-01	5.45417129e-01	-1.44832471e-01	9.25372253e-21	-9.23583058e-20	3.43650682e-20	-7.51757717e-20	1.09540840e-19
171             	3.61905983e-02	1.80952991e-02	1.80952991e-02	8.03384070e-01	2.56565976e-01	5.46818094e-01	-1.45126059e-01	9.26366555e-21	-9.22563755e-20	3.42690022e-20	-7.51218744e-20	1.09390877e-19
172             	3.61325502e-02	1.80662751e-02	1.80662751e-02	8.05600448e-01	2.57394641e-01	5.48205808e-01	-1.45405583e-01	9.27166557e-21	-9.21712888e-20	3.41362385e-20	-7.51031696e-20	1.09239408e-19
173             	3.60894407e-02	1.80447203e-02	1.80447203e-02	8.07793198e-01	2.58230196e-01	5.49563002e-01	-1.45666403e-01	9.27847481e-21	-9.20886995e-20	3.40083376e-20	-7.50845307e-20	1.09092868e-19
174             	3.60577817e-02	1.80288908e-02	1.80288908e-02	8.09935009e-01	2.59066327e-01	5.50868682e-01	-1.45901177e-01	9.28461310e-21	-9.20070290e-20	3.38913059e-20	-7.50613760e-20	1.08952682e-19
175             	3.60407757e-02	1.80203879e-02	1.80203879e-02	8.12098427e-01	2.59922976e-01	5.52175451e-01	-1.46126238e-01	9.28908997e-21	-9.19385579e-20	3.37410855e-20	-7.50680151e-20	1.08809101e-19
176             	3.60368750e-02	1.80184375e-02	1.80184375e-02	8.14226481e-01	2.60782836e-01	5.53443646e-01	-1.46330405e-01	9.29293716e-21	-9.18666336e-20	3.36069315e-20	-7.50631679e-20	1.08670099e-19
177             	3.60442292e-02	1.80221146e-02	1.80221146e-02	8.16339130e-01	2.61648867e-01	5.54690264e-01	-1.46520699e-01	9.29547448e-21	-9.18070012e-20	3.34370625e-20	-7.50884699e-20	1.08525532e-19
178             	3.60637862e-02	1.80318931e-02	1.80318931e-02	8.18424725e-01	2.62517093e-01	5.55907632e-01	-1.46695269e-01	9.29715851e-21	-9.17488436e-20	3.32666349e-20	-7.51155262e-20	1.08382161e-19
179             	3.60926420e-02	1.80463210e-02	1.80463210e-02	8.20461144e-01	2.63383031e-01	5.57078112e-01	-1.46847541e-01	9.29846909e-21	-9.16885189e-20	3.31043513e-20	-7.51363433e-20	1.08240695e-19
180             	3.61318070e-02	1.80659035e-02	1.80659035e-02	8.22510630e-01	2.64260621e-01	5.58250009e-01	-1.46994694e-01	9.29879201e-21	-9.16379918e-20	3.29073980e-20	-7.51842928e-20	1.08091691e-19
181             	3.61805445e-02	1.80902723e-02	1.80902723e-02	8.24528180e-01	2.65136000e-01	5.59392180e-01	-1.47128090e-01	9.29862305e-21	-9.15868831e-20	3.27082975e-20	-7.52327344e-20	1.07941032e-19
182             	3.62355102e-02	1.81177551e-02	1.81177551e-02	8.26483493e-01	2.66002406e-01	5.60481087e-01	-1.47239341e-01	9.29837011e-21	-9.15315703e-20	3.25181773e-20	-7.52724816e-20	1.07790659e-19
183             	3.62977198e-02	1.81488599e-02	1.81488599e-02	8.28466425e-01	2.66881225e-01	5.61585199e-01	-1.47351987e-01	9.29751544e-21	-9.14839738e-20	3.22944099e-20	-7.53367688e-20	1.07631179e-19
184             	3.63665324e-02	1.81832662e-02	1.81832662e-02	8.30414302e-01	2.67756359e-01	5.62657943e-01	-1.47450792e-01	9.29663178e-21	-9.14293472e-20	3.20833810e-20	-7.53876567e-20	1.07471038e-19
185             	3.64384093e-02	1.82192046e-02	1.82192046e-02	8.32341696e-01	2.68628386e-01	5.63713310e-01	-1.47542462e-01	9.29552866e-21	-9.13826947e-20	3.18370928e-20	-7.54641483e-20	1.07301241e-19
186             	3.65142148e-02	1.82571074e-02	1.82571074e-02	8.34247046e-01	2.69496858e-01	5.64750188e-01	-1.47626665e-01	9.29442946e-21	-9.13335564e-20	3.15899057e-20	-7.55386035e-20	1.07128509e-19
187             	3.65916311e-02	1.82958156e-02	1.82958156e-02	8.36103944e-01	2.70355757e-01	5.65748187e-01	-1.47696215e-01	9.29361879e-21	-9.12776236e-20	3.13532766e-20	-7.56009853e-20	1.06954262e-19
188             	3.66697863e-02	1.83348932e-02	1.83348932e-02	8.37967492e-01	2.71213958e-01	5.66753534e-01	-1.47769788e-01	9.29284721e-21	-9.12292687e-20	3.10817428e-20	-7.56883973e-20	1.06770140e-19
189             	3.67486946e-02	1.83743473e-02	1.83743473e-02	8.39804672e-01	2.72063914e-01	5.67740758e-01	-1.47838422e-01	9.29229467e-21	-9.11764050e-20	3.08107521e-20	-7.57710289e-20	1.06581781e-19
190             	3.68248118e-02	1.84124059e-02	1.84124059e-02	8.41576343e-01	2.72898154e-01	5.68678189e-01	-1.47890018e-01	9.29228525e-21	-9.11152039e-20	3.05519780e-20	-7.58392149e-20	1.06391193e-19
191             	3.68990083e-02	1.84495041e-02	1.84495041e-02	8.43371887e-01	2.73734575e-01	5.69637311e-01	-1.47951368e-01	9.29250027e-21	-9.10610118e-20	3.02590836e-20	-7.59314700e-20	1.06190554e-19
192             	3.69720293e-02	1.84860146e-02	1.84860146e-02	8.45147368e-01	2.74564596e-01	5.70582773e-01	-1.48009089e-01	9.29303624e-21	-9.09951632e-20	2.99832969e-20	-7.60035147e-20	1.05986812e-19
193             	3.70388378e-02	1.85194189e-02	1.85194189e-02	8.46902377e-01	2.75385486e-01	5.71516892e-01	-1.48065703e-01	9.29416903e-21	-9.09376306e-20	2.96707170e-20	-7.61022721e-20	1.05772989e-19
194             	3.71024684e-02	1.85512342e-02	1.85512342e-02	8.48651485e-01	2.76200535e-01	5.72450950e-01	-1.48125207e-01	9.29564511e-21	-9.08745312e-20	2.93612155e-20	-7.61939235e-20	1.05555139e-19
195             	3.71602404e-02	1.85801202e-02	1.85801202e-02	8.50380307e-01	2.77006685e-01	5.73373622e-01	-1.48183468e-01	9.29782329e-21	-9.08078590e-20	2.90474798e-20	-7.62841192e-20	1.05331599e-19
196             	3.72119410e-02	1.86059705e-02	1.86059705e-02	8.52094868e-01	2.77804277e-01	5.74290591e-01	-1.48243157e-01	9.30053593e-21	-9.07394135e-20	2.87275272e-20	-7.63756499e-20	1.05103177e-19
197             	3.72566435e-02	1.86283217e-02	1.86283217e-02	8.53793313e-01	2.78592516e-01	5.75200797e-01	-1.48304141e-01	9.30385004e-21	-9.06684834e-20	2.84022402e-20	-7.64673633e-20	1.04869603e-19
198             	3.72941847e-02	1.86470923e-02	1.86470923e-02	8.55478179e-01	2.79371453e-01	5.76106726e-01	-1.48367636e-01	9.30770203e-21	-9.05961062e-20	2.80715894e-20	-7.65603115e-20	1.04631901e-19
199             	3.73237027e-02	1.86618513e-02	1.86618513e-02	8.57145330e-01	2.80140582e-01	5.77004747e-01	-1.48432082e-01	9.31215996e-21	-9.05220279e-20	2.77356653e-20	-7.66541953e-20	1.04389861e-19
200             	3.73453272e-02	1.86726636e-02	1.86726636e-02	8.58798326e-01	2.80900740e-01	5.77897586e-01	-1.48498423e-01	9.31713468e-21	-9.04470615e-20	2.73943537e-20	-7.67498847e-20	1.04144238e-19
201             	3.73586576e-02	1.86793288e-02	1.86793288e-02	8.60434344e-01	2.81651535e-01	5.78782809e-01	-1.48565637e-01	9.32264659e-21	-9.03715936e-20	2.70473016e-20	-7.68479428e-20	1.03895244e-19
202             	3.73638032e-02	1.86819016e-02	1.86819016e-02	8.62052967e-01	2.82392954e-01	5.79660013e-01	-1.48633529e-01	9.32864684e-21	-9.02962612e-20	2.66947915e-20	-7.69488655e-20	1.03643657e-19
203             	3.73612646e-02	1.86806323e-02	1.86806323e-02	8.63656613e-01	2.83125848e-01	5.80530765e-01	-1.48702458e-01	9.33506648e-21	-9.02210195e-20	2.63378700e-20	-7.70520845e-20	1.03389954e-19
204             	3.73509058e-02	1.86754529e-02	1.86754529e-02	8.65242153e-01	2.83849994e-01	5.81392160e-01	-1.48771083e-01	9.34191633e-21	-9.01463805e-20	2.59759122e-20	-7.71584244e-20	1.03134337e-19
205             	3.73330406e-02	1.86665203e-02	1.86665203e-02	8.66807493e-01	2.84565111e-01	5.82242382e-01	-1.48838635e-01	9.34913845e-21	-9.00734432e-20	2.56086276e-20	-7.72691293e-20	1.02877757e-19
206             	3.73078956e-02	1.86539478e-02	1.86539478e-02	8.68350253e-01	2.85271127e-01	5.83079126e-01	-1.48904000e-01	9.35670281e-21	-9.00022962e-20	2.52363809e-20	-7.73841057e-20	1.02620487e-19
207             	3.72761683e-02	1.86380842e-02	1.86380842e-02	8.69870972e-01	2.85968419e-01	5.83902553e-01	-1.48967067e-01	9.36452805e-21	-8.99336611e-20	2.48596429e-20	-7.75038396e-20	1.02363483e-19
208             	3.72379429e-02	1.86189715e-02	1.86189715e-02	8.71365153e-01	2.86656452e-01	5.84708702e-01	-1.49026125e-01	9.37260818e-21	-8.98679790e-20	2.44779621e-20	-7.76289980e-20	1.02106960e-19
209             	3.71942605e-02	1.85971302e-02	1.85971302e-02	8.72835113e-01	2.87336105e-01	5.85499008e-01	-1.49081451e-01	9.38083169e-21	-8.98057161e-20	2.40924358e-20	-7.77594983e-20	1.01851934e-19
210             	3.71445616e-02	1.85722808e-02	1.85722808e-02	8.74260313e-01	2.88003747e-01	5.86256565e-01	-1.49126409e-01	9.38937057e-21	-8.97402152e-20	2.37230727e-20	-7.78786789e-20	1.01601752e-19
211             	3.70902214e-02	1.85451107e-02	1.85451107e-02	8.75676074e-01	2.88667019e-01	5.87009055e-01	-1.49171018e-01	9.39777180e-21	-8.96908155e-20	2.33172418e-20	-7.80321946e-20	1.01349436e-19
212             	3.70333259e-02	1.85166630e-02	1.85166630e-02	8.77068543e-01	2.89321355e-01	5.87747188e-01	-1.49212916e-01	9.40601742e-21	-8.96418026e-20	2.29178137e-20	-7.81828957e-20	1.01100709e-19
213             	3.69711772e-02	1.84855886e-02	1.84855886e-02	8.78396171e-01	2.89957169e-01	5.88439001e-01	-1.49240916e-01	9.41455356e-21	-8.95906379e-20	2.25365473e-20	-7.83223643e-20	1.00858912e-19
214             	3.69070997e-02	1.84535498e-02	1.84535498e-02	8.79712071e-01	2.90592826e-01	5.89119245e-01	-1.49263209e-01	9.42306546e-21	-8.95549598e-20	2.21269382e-20	-7.84914908e-20	1.00618429e-19
215             	3.68424224e-02	1.84212112e-02	1.84212112e-02	8.81003046e-01	2.91220813e-01	5.89782232e-01	-1.49280710e-01	9.43120349e-21	-8.95201607e-20	2.17211235e-20	-7.86595989e-20	1.00380722e-19
216             	3.67747380e-02	1.83873690e-02	1.83873690e-02	8.82224712e-01	2.91828377e-01	5.90396335e-01	-1.49283979e-01	9.43942831e-21	-8.94853597e-20	2.13327580e-20	-7.88189807e-20	1.00151739e-19
217             	3.67062879e-02	1.83531440e-02	1.83531440e-02	8.83425653e-01	2.92435636e-01	5.90990017e-01	-1.49277190e-01	9.44762016e-21	-8.94655956e-20	2.09182881e-20	-7.90064516e-20	9.99247397e-20
218             	3.66392715e-02	1.83196358e-02	1.83196358e-02	8.84587370e-01	2.93034279e-01	5.91553091e-01	-1.49259406e-01	9.45548574e-21	-8.94425613e-20	2.05255649e-20	-7.91797789e-20	9.97053438e-20
219             	3.65703499e-02	1.82851749e-02	1.82851749e-02	8.85705892e-01	2.93620621e-01	5.92085271e-01	-1.49232325e-01	9.46301829e-21	-8.94333313e-20	2.01047794e-20	-7.93809416e-20	9.94857210e-20
220             	3.65030112e-02	1.82515056e-02	1.82515056e-02	8.86778180e-01	2.94195269e-01	5.92582910e-01	-1.49193820e-01	9.47029018e-21	-8.94257844e-20	1.96961763e-20	-7.95776962e-20	9.92738725e-20
221             	3.64371161e-02	1.82185580e-02	1.82185580e-02	8.87787539e-01	2.94753824e-01	5.93033714e-01	-1.49139945e-01	9.47744144e-21	-8.94205126e-20	1.93035962e-20	-7.97687145e-20	9.90723108e-20
222             	3.63724198e-02	1.81862099e-02	1.81862099e-02	8.88766103e-01	2.95305976e-01	5.93460127e-01	-1.49077076e-01	9.48409786e-21	-8.94268060e-20	1.88877030e-20	-7.99829545e-20	9.88706575e-20
223             	3.63102943e-02	1.81551471e-02	1.81551471e-02	8.89692344e-01	2.95843539e-01	5.93848804e-01	-1.49002633e-01	9.49032565e-21	-8.94343744e-20	1.84822391e-20	-8.01932548e-20	9.86754940e-20
224             	3.62514368e-02	1.81257184e-02	1.81257184e-02	8.90550220e-01	2.96358240e-01	5.94191980e-01	-1.48916870e-01	9.49613501e-21	-8.94453436e-20	1.80948476e-20	-8.03979198e-20	9.84927674e-20
225             	3.61941399e-02	1.80970699e-02	1.80970699e-02	8.91373793e-01	2.96869431e-01	5.94504362e-01	-1.48817466e-01	9.50175417e-21	-8.94643437e-20	1.76911514e-20	-8.06187680e-20	9.83099194e-20
226             	3.61417027e-02	1.80708514e-02	1.80708514e-02	8.92156118e-01	2.97367343e-01	5.94788775e-01	-1.48710716e-01	9.50660572e-21	-8.94851585e-20	1.72972704e-20	-8.08365233e-20	9.81337937e-20
227             	3.60922996e-02	1.80461498e-02	1.80461498e-02	8.92854309e-01	2.97837207e-01	5.95017102e-01	-1.48589947e-01	9.51112850e-21	-8.95077327e-20	1.69226331e-20	-8.10464161e-20	9.79690492e-20
228             	3.60454522e-02	1.80227261e-02	1.80227261e-02	8.93523077e-01	2.98304616e-01	5.95218461e-01	-1.48456922e-01	9.51540222e-21	-8.95369073e-20	1.65356319e-20	-8.12690913e-20	9.78047232e-20
229             	3.60055284e-02	1.80027642e-02	1.80027642e-02	8.94151512e-01	2.98758256e-01	5.95393255e-01	-1.48317500e-01	9.51898515e-21	-8.95653649e-20	1.61720831e-20	-8.14793233e-20	9.76514065e-20
230             	3.59669229e-02	1.79834615e-02	1.79834615e-02	8.94720625e-01	2.99194720e-01	5.95525905e-01	-1.48165592e-01	9.52223293e-21	-8.95997308e-20	1.57942019e-20	-8.17026299e-20	9.74968318e-20
231             	3.59344839e-02	1.79672420e-02	1.79672420e-02	8.95234719e-01	2.99611888e-01	5.95622831e-01	-1.48005471e-01	9.52500052e-21	-8.96328717e-20	1.54459421e-20	-8.19099007e-20	9.73558428e-20
232             	3.59047892e-02	1.79523946e-02	1.79523946e-02	8.95707678e-01	3.00017793e-01	5.95689885e-01	-1.47836046e-01	9.52729984e-21	-8.96709247e-20	1.50850802e-20	-8.21283845e-20	9.72134648e-20
233             	3.58808639e-02	1.79404319e-02	1.79404319e-02	8.96134062e-01	3.00405467e-01	5.95728595e-01	-1.47661564e-01	9.52892806e-21	-8.97073604e-20	1.47422754e-20	-8.23362227e-20	9.70784981e-20
234             	3.58613587e-02	1.79306793e-02	1.79306793e-02	8.96481198e-01	3.00764941e-01	5.95716257e-01	-1.47475658e-01	9.53021577e-21	-8.97436986e-20	1.44211703e-20	-8.25331134e-20	9.69542838e-20
235             	3.58455880e-02	1.79227940e-02	1.79227940e-02	8.96811085e-01	3.01118894e-01	5.95692191e-01	-1.47286649e-01	9.53104069e-21	-8.97821057e-20	1.40950874e-20	-8.27345620e-20	9.68296494e-20
236             	3.58352230e-02	1.79176115e-02	1.79176115e-02	8.97099407e-01	3.01454494e-01	5.95644913e-01	-1.47095210e-01	9.53122812e-21	-8.98180266e-20	1.37859376e-20	-8.29250578e-20	9.67109954e-20
237             	3.58289680e-02	1.79144840e-02	1.79144840e-02	8.97303471e-01	3.01758664e-01	5.95544807e-01	-1.46893071e-01	9.53103975e-21	-8.98534140e-20	1.34989772e-20	-8.31039254e-20	9.66029026e-20
238             	3.58263487e-02	1.79131744e-02	1.79131744e-02	8.97503076e-01	3.02058735e-01	5.95444341e-01	-1.46692803e-01	9.53042747e-21	-8.98887045e-20	1.32110637e-20	-8.32831726e-20	9.64942363e-20
239             	3.58293691e-02	1.79146846e-02	1.79146846e-02	8.97662528e-01	3.02340091e-01	5.95322437e-01	-1.46491173e-01	9.52928524e-21	-8.99185000e-20	1.29517424e-20	-8.34426288e-20	9.63943712e-20
240             	3.58346893e-02	1.79173446e-02	1.79173446e-02	8.97780939e-01	3.02603409e-01	5.95177530e-01	-1.46287060e-01	9.52772836e-21	-8.99510595e-20	1.26859066e-20	-8.36081062e-20	9.62940128e-20
241             	3.58444884e-02	1.79222442e-02	1.79222442e-02	8.97864414e-01	3.02848300e-01	5.95016115e-01	-1.46083908e-01	9.52569227e-21	-8.99785564e-20	1.24432050e-20	-8.37569540e-20	9.62001589e-20
242             	3.58585262e-02	1.79292631e-02	1.79292631e-02	8.97894407e-01	3.03069542e-01	5.94824865e-01	-1.45877661e-01	9.52329439e-21	-9.00010402e-20	1.22279092e-20	-8.38870857e-20	9.61149948e-20
243             	3.58754017e-02	1.79377009e-02	1.79377009e-02	8.97919349e-01	3.03280613e-01	5.94638736e-01	-1.45679062e-01	9.52044801e-21	-9.00242667e-20	1.20092274e-20	-8.40196529e-20	9.60288804e-20
244             	3.58961921e-02	1.79480960e-02	1.79480960e-02	8.97909683e-01	3.03471692e-01	5.94437991e-01	-1.45483149e-01	9.51717039e-21	-9.00411287e-20	1.18141470e-20	-8.41340552e-20	9.59482022e-20
245             	3.59199252e-02	1.79599626e-02	1.79599626e-02	8.97837131e-01	3.03635326e-01	5.94201805e-01	-1.45283240e-01	9.51358487e-21	-9.00531273e-20	1.16458361e-20	-8.42302092e-20	9.58760453e-20
246             	3.59468439e-02	1.79734219e-02	1.79734219e-02	8.97782854e-01	3.03793340e-01	5.93989514e-01	-1.45098087e-01	9.50952811e-21	-9.00633404e-20	1.14807629e-20	-8.43229590e-20	9.58037218e-20
247             	3.59764217e-02	1.79882109e-02	1.79882109e-02	8.97700030e-01	3.03932629e-01	5.93767401e-01	-1.44917386e-01	9.50515209e-21	-9.00676573e-20	1.13357274e-20	-8.43997936e-20	9.57355211e-20
248             	3.60082506e-02	1.80041253e-02	1.80041253e-02	8.97553677e-01	3.04043800e-01	5.93509877e-01	-1.44733039e-01	9.50047888e-21	-9.00664746e-20	1.12181686e-20	-8.44573903e-20	9.56755589e-20
249             	3.60428984e-02	1.80214492e-02	1.80214492e-02	8.97438719e-01	3.04151077e-01	5.93287642e-01	-1.44568282e-01	9.49541252e-21	-9.00622840e-20	1.11067847e-20	-8.45088917e-20	9.56156764e-20
250             	3.60798552e-02	1.80399276e-02	1.80399276e-02	8.97295633e-01	3.04240027e-01	5.93055606e-01	-1.44407789e-01	9.49011738e-21	-9.00472244e-20	1.10290707e-20	-8.45326891e-20	9.55617598e-20
251             	3.61177224e-02	1.80588612e-02	1.80588612e-02	8.97140772e-01	3.04313878e-01	5.92826894e-01	-1.44256508e-01	9.48451351e-21	-9.00354599e-20	1.09465736e-20	-8.45621731e-20	9.55087467e-20
252             	3.61580469e-02	1.80790235e-02	1.80790235e-02	8.96975803e-01	3.04372296e-01	5.92603507e-01	-1.44115605e-01	9.47863310e-21	-9.00141149e-20	1.08936335e-20	-8.45672981e-20	9.54609316e-20
253             	3.61994664e-02	1.80997332e-02	1.80997332e-02	8.96780170e-01	3.04411741e-01	5.92368429e-01	-1.43978344e-01	9.47264016e-21	-8.99836169e-20	1.08717451e-20	-8.45477443e-20	9.54194894e-20
254             	3.62425001e-02	1.81212501e-02	1.81212501e-02	8.96611860e-01	3.04444882e-01	5.92166979e-01	-1.43861048e-01	9.46633148e-21	-8.99544918e-20	1.08491311e-20	-8.45299263e-20	9.53790573e-20
255             	3.62865285e-02	1.81432642e-02	1.81432642e-02	8.96436935e-01	3.04464553e-01	5.91972382e-01	-1.43753914e-01	9.45996584e-21	-8.99177083e-20	1.08505361e-20	-8.44924402e-20	9.53429764e-20
256             	3.63304918e-02	1.81652459e-02	1.81652459e-02	8.96225450e-01	3.04464887e-01	5.91760563e-01	-1.43647838e-01	9.45360588e-21	-8.98730392e-20	1.08812843e-20	-8.44323971e-20	9.53136813e-20
257             	3.63763965e-02	1.81881982e-02	1.81881982e-02	8.96065292e-01	3.04464583e-01	5.91600709e-01	-1.43568063e-01	9.44693178e-21	-8.98282796e-20	1.09163394e-20	-8.43701099e-20	9.52864493e-20
258             	3.64229669e-02	1.82114835e-02	1.82114835e-02	8.95905432e-01	3.04453216e-01	5.91452215e-01	-1.43499500e-01	9.44023337e-21	-8.97759523e-20	1.09736606e-20	-8.42891220e-20	9.52627826e-20
259             	3.64684795e-02	1.82342398e-02	1.82342398e-02	8.95705345e-01	3.04422666e-01	5.91282679e-01	-1.43430007e-01	9.43362284e-21	-8.97175014e-20	1.10560001e-20	-8.41895014e-20	9.52455014e-20
260             	3.65157932e-02	1.82578966e-02	1.82578966e-02	8.95568733e-01	3.04394478e-01	5.91174255e-01	-1.43389889e-01	9.42672829e-21	-8.96587468e-20	1.11448578e-20	-8.40863179e-20	9.52311757e-20
261             	3.65636096e-02	1.82818048e-02	1.82818048e-02	8.95440204e-01	3.04357967e-01	5.91082237e-01	-1.43362135e-01	9.41982316e-21	-8.95926189e-20	1.12549647e-20	-8.39651365e-20	9.52201013e-20
262             	3.66094179e-02	1.83047090e-02	1.83047090e-02	8.95275744e-01	3.04304984e-01	5.90970759e-01	-1.43332888e-01	9.41311269e-21	-8.95208391e-20	1.13876574e-20	-8.38270103e-20	9.52146678e-20
263             	3.66569844e-02	1.83284922e-02	1.83284922e-02	8.95180032e-01	3.04256309e-01	5.90923722e-01	-1.43333706e-01	9.40610488e-21	-8.94495798e-20	1.15267076e-20	-8.36862259e-20	9.52129336e-20
264             	3.67046459e-02	1.83523229e-02	1.83523229e-02	8.95096955e-01	3.04201733e-01	5.90895221e-01	-1.43346744e-01	9.39914227e-21	-8.93719968e-20	1.16845377e-20	-8.35297280e-20	9.52142656e-20
265             	3.67498141e-02	1.83749070e-02	1.83749070e-02	8.94984780e-01	3.04134003e-01	5.90850777e-01	-1.43358387e-01	9.39242376e-21	-8.92885766e-20	1.18638556e-20	-8.33566488e-20	9.52205044e-20
266             	3.67965017e-02	1.83982509e-02	1.83982509e-02	8.94942399e-01	3.04072233e-01	5.90870166e-01	-1.43398966e-01	9.38541744e-21	-8.92074371e-20	1.20468755e-20	-8.31839994e-20	9.52308749e-20
267             	3.68432504e-02	1.84216252e-02	1.84216252e-02	8.94917245e-01	3.04007032e-01	5.90910214e-01	-1.43451591e-01	9.37848753e-21	-8.91206799e-20	1.22471548e-20	-8.29971025e-20	9.52442573e-20
268             	3.68870746e-02	1.84435373e-02	1.84435373e-02	8.94868461e-01	3.03932063e-01	5.90936398e-01	-1.43502168e-01	9.37186012e-21	-8.90284582e-20	1.24662366e-20	-8.27953399e-20	9.52615765e-20
269             	3.69324004e-02	1.84662002e-02	1.84662002e-02	8.94891345e-01	3.03864877e-01	5.91026468e-01	-1.43580795e-01	9.36497459e-21	-8.89395169e-20	1.26877794e-20	-8.25956271e-20	9.52834066e-20
270             	3.69771391e-02	1.84885695e-02	1.84885695e-02	8.94931256e-01	3.03797052e-01	5.91134204e-01	-1.43668576e-01	9.35828624e-21	-8.88375534e-20	1.29410119e-20	-8.23670474e-20	9.53080593e-20
271             	3.70208500e-02	1.85104250e-02	1.85104250e-02	8.94996462e-01	3.03729796e-01	5.91266666e-01	-1.43768435e-01	9.35160001e-21	-8.87481558e-20	1.31748523e-20	-8.21607296e-20	9.53355819e-20
272             	3.70649763e-02	1.85324881e-02	1.85324881e-02	8.95090400e-01	3.03663942e-01	5.91426458e-01	-1.43881258e-01	9.34499921e-21	-8.86512959e-20	1.34318620e-20	-8.19353649e-20	9.53672269e-20
273             	3.71077077e-02	1.85538539e-02	1.85538539e-02	8.95198117e-01	3.03598711e-01	5.91599407e-01	-1.44000348e-01	9.33863551e-21	-8.85445115e-20	1.37136063e-20	-8.16877084e-20	9.54013146e-20
274             	3.71508010e-02	1.85754005e-02	1.85754005e-02	8.95353748e-01	3.03540044e-01	5.91813704e-01	-1.44136830e-01	9.33215405e-21	-8.84475983e-20	1.39816399e-20	-8.14567783e-20	9.54384182e-20
275             	3.71940055e-02	1.85970028e-02	1.85970028e-02	8.95533171e-01	3.03483588e-01	5.92049584e-01	-1.44282998e-01	9.32581891e-21	-8.83469557e-20	1.42627301e-20	-8.12155906e-20	9.54783207e-20
276             	3.72349170e-02	1.86174585e-02	1.86174585e-02	8.95713362e-01	3.03427682e-01	5.92285680e-01	-1.44428999e-01	9.31982454e-21	-8.82386409e-20	1.45617853e-20	-8.09577483e-20	9.55195336e-20
277             	3.72771055e-02	1.86385527e-02	1.86385527e-02	8.95959182e-01	3.03382966e-01	5.92576216e-01	-1.44596625e-01	9.31364983e-21	-8.81377046e-20	1.48537787e-20	-8.07108152e-20	9.55645939e-20
278             	3.73186605e-02	1.86593302e-02	1.86593302e-02	8.96229511e-01	3.03343210e-01	5.92886301e-01	-1.44771545e-01	9.30776705e-21	-8.80252197e-20	1.51708529e-20	-8.04397932e-20	9.56106461e-20
279             	3.73599704e-02	1.86799852e-02	1.86799852e-02	8.96530812e-01	3.03310108e-01	5.93220704e-01	-1.44955298e-01	9.30185527e-21	-8.79259489e-20	1.54653765e-20	-8.01932607e-20	9.56586372e-20
280             	3.74016257e-02	1.87008129e-02	1.87008129e-02	8.96867660e-01	3.03284288e-01	5.93583372e-01	-1.45149542e-01	9.29614220e-21	-8.78217092e-20	1.57744855e-20	-7.99344665e-20	9.57089520e-20
281             	3.74418871e-02	1.87209436e-02	1.87209436e-02	8.97225020e-01	3.03265106e-01	5.93959914e-01	-1.45347404e-01	9.29074286e-21	-8.77083707e-20	1.61015816e-20	-7.96575799e-20	9.57591615e-20
282             	3.74826021e-02	1.87413011e-02	1.87413011e-02	8.97632238e-01	3.03257352e-01	5.94374886e-01	-1.45558767e-01	9.28527565e-21	-8.76058410e-20	1.64113380e-20	-7.94001721e-20	9.58115100e-20
283             	3.75230538e-02	1.87615269e-02	1.87615269e-02	8.98067632e-01	3.03257367e-01	5.94810265e-01	-1.45776449e-01	9.28008435e-21	-8.74914487e-20	1.67450948e-20	-7.91189013e-20	9.58639960e-20
284             	3.75630648e-02	1.87815324e-02	1.87815324e-02	8.98535466e-01	3.03266999e-01	5.95268467e-01	-1.46000734e-01	9.27491956e-21	-8.73904379e-20	1.70536788e-20	-7.88635985e-20	9.59172773e-20
285             	3.76038980e-02	1.88019490e-02	1.88019490e-02	8.99040768e-01	3.03286019e-01	5.95754748e-01	-1.46234364e-01	9.26990326e-21	-8.72846971e-20	1.73734904e-20	-7.85979518e-20	9.59714423e-20
286             	3.76428176e-02	1.88214088e-02	1.88214088e-02	8.99563507e-01	3.03313531e-01	5.96249976e-01	-1.46468223e-01	9.26525468e-21	-8.71713562e-20	1.77046240e-20	-7.83190442e-20	9.60236682e-20
287             	3.76824561e-02	1.88412280e-02	1.88412280e-02	9.00136856e-01	3.03353996e-01	5.96782860e-01	-1.46714432e-01	9.26050188e-21	-8.70672676e-20	1.80197699e-20	-7.80573827e-20	9.60771526e-20
288             	3.77217890e-02	1.88608945e-02	1.88608945e-02	9.00736966e-01	3.03403409e-01	5.97333556e-01	-1.46965074e-01	9.25600306e-21	-8.69532140e-20	1.83515233e-20	-7.77774524e-20	9.61289757e-20
289             	3.77606960e-02	1.88803480e-02	1.88803480e-02	9.01369079e-01	3.03463989e-01	5.97905090e-01	-1.47220550e-01	9.25154718e-21	-8.68512828e-20	1.86578507e-20	-7.75223575e-20	9.61802082e-20
290             	3.77989939e-02	1.88994970e-02	1.88994970e-02	9.02030360e-01	3.03535208e-01	5.98495152e-01	-1.47479972e-01	9.24739149e-21	-8.67370283e-20	1.89854892e-20	-7.72442837e-20	9.62297729e-20
291             	3.78372224e-02	1.89186112e-02	1.89186112e-02	9.02726559e-01	3.03617875e-01	5.99108684e-01	-1.47745405e-01	9.24321955e-21	-8.66350195e-20	1.92872567e-20	-7.69913912e-20	9.62786479e-20
292             	3.78746509e-02	1.89373254e-02	1.89373254e-02	9.03449464e-01	3.03710605e-01	5.99738859e-01	-1.48014127e-01	9.23934016e-21	-8.65220504e-20	1.96057665e-20	-7.67191672e-20	9.63249337e-20
293             	3.79118037e-02	1.89559018e-02	1.89559018e-02	9.04206186e-01	3.03815480e-01	6.00390706e-01	-1.48287613e-01	9.23549194e-21	-8.64203041e-20	1.98993706e-20	-7.64706188e-20	9.63699894e-20
294             	3.79493047e-02	1.89746523e-02	1.89746523e-02	9.04994702e-01	3.03930946e-01	6.01063756e-01	-1.48566405e-01	9.23180719e-21	-8.63161969e-20	2.01947971e-20	-7.62187983e-20	9.64135954e-20
295             	3.79848536e-02	1.89924268e-02	1.89924268e-02	9.05804695e-01	3.04057642e-01	6.01747053e-01	-1.48844705e-01	9.22848275e-21	-8.62044450e-20	2.04956638e-20	-7.59566131e-20	9.64522769e-20
296             	3.80201161e-02	1.90100580e-02	1.90100580e-02	9.06653793e-01	3.04197843e-01	6.02455950e-01	-1.49129053e-01	9.22520449e-21	-8.61008356e-20	2.07789656e-20	-7.57113528e-20	9.64903183e-20
297             	3.80554590e-02	1.90277295e-02	1.90277295e-02	9.07535157e-01	3.04348710e-01	6.03186447e-01	-1.49418868e-01	9.22206710e-21	-8.59888020e-20	2.10724558e-20	-7.54525741e-20	9.65250299e-20
298             	3.80892877e-02	1.90446438e-02	1.90446438e-02	9.08439317e-01	3.04511636e-01	6.03927680e-01	-1.49708022e-01	9.21915112e-21	-8.58868505e-20	2.13390760e-20	-7.52173125e-20	9.65563885e-20
299             	3.81229516e-02	1.90614758e-02	1.90614758e-02	9.09376416e-01	3.04686491e-01	6.04689925e-01	-1.50001717e-01	9.21641811e-21	-8.57750036e-20	2.16197238e-20	-7.49651418e-20	9.65848655e-20
300             	3.81553189e-02	1.90776595e-02	1.90776595e-02	9.10340953e-01	3.04873643e-01	6.05467310e-01	-1.50296834e-01	9.21389163e-21	-8.56719679e-20	2.18763217e-20	-7.47338071e-20	9.66101288e-20
301             	3.81873827e-02	1.90936914e-02	1.90936914e-02	9.11335155e-01	3.05071605e-01	6.06263551e-01	-1.50595973e-01	9.21153611e-21	-8.55610778e-20	2.21420044e-20	-7.44900756e-20	9.66320800e-20
302             	3.82176791e-02	1.91088395e-02	1.91088395e-02	9.12352685e-01	3.05281900e-01	6.07070785e-01	-1.50894442e-01	9.20946171e-21	-8.54579288e-20	2.23841914e-20	-7.42658331e-20	9.66500245e-20
303             	3.82482633e-02	1.91241317e-02	1.91241317e-02	9.13401953e-01	3.05503182e-01	6.07898771e-01	-1.51197794e-01	9.20748827e-21	-8.53539940e-20	2.26235103e-20	-7.40422389e-20	9.66657492e-20
304             	3.82761379e-02	1.91380690e-02	1.91380690e-02	9.14470149e-01	3.05736081e-01	6.08734068e-01	-1.51498993e-01	9.20596239e-21	-8.52427823e-20	2.28643637e-20	-7.38106004e-20	9.66749641e-20
305             	3.83029218e-02	1.91514609e-02	1.91514609e-02	9.15566794e-01	3.05981400e-01	6.09585395e-01	-1.51801998e-01	9.20460403e-21	-8.51370589e-20	2.30895932e-20	-7.35922623e-20	9.66818555e-20
306             	3.83292579e-02	1.91646289e-02	1.91646289e-02	9.16692269e-01	3.06237368e-01	6.10454901e-01	-1.52108766e-01	9.20336830e-21	-8.50257483e-20	2.33178484e-20	-7.33668241e-20	9.66846725e-20
307             	3.83531324e-02	1.91765662e-02	1.91765662e-02	9.17834684e-01	3.06505123e-01	6.11329560e-01	-1.52412219e-01	9.20250741e-21	-8.49211545e-20	2.35229103e-20	-7.31596993e-20	9.66826096e-20
308             	3.83766516e-02	1.91883258e-02	1.91883258e-02	9.19007501e-01	3.06784676e-01	6.12222825e-01	-1.52719074e-01	9.20179625e-21	-8.48160811e-20	2.37244736e-20	-7.29538442e-20	9.66783179e-20
309             	3.83978629e-02	1.91989314e-02	1.91989314e-02	9.20202744e-01	3.07076271e-01	6.13126473e-01	-1.53025101e-01	9.20150466e-21	-8.47043442e-20	2.39278201e-20	-7.27404342e-20	9.66682542e-20
310             	3.84170142e-02	1.92085071e-02	1.92085071e-02	9.21416847e-01	3.07379860e-01	6.14036987e-01	-1.53328564e-01	9.20146679e-21	-8.45981358e-20	2.41133366e-20	-7.25414675e-20	9.66548041e-20
311             	3.84360266e-02	1.92180133e-02	1.92180133e-02	9.22656338e-01	3.07693770e-01	6.14962568e-01	-1.53634399e-01	9.20148374e-21	-8.44934874e-20	2.42897157e-20	-7.23486295e-20	9.66383452e-20
312             	3.84518186e-02	1.92259093e-02	1.92259093e-02	9.23909869e-01	3.08018446e-01	6.15891422e-01	-1.53936488e-01	9.20196406e-21	-8.43833521e-20	2.44643163e-20	-7.21511939e-20	9.66155102e-20
313             	3.84658123e-02	1.92329061e-02	1.92329061e-02	9.25177987e-01	3.08354063e-01	6.16823924e-01	-1.54234930e-01	9.20270068e-21	-8.42757481e-20	2.46278773e-20	-7.19618095e-20	9.65896868e-20
314             	3.84794274e-02	1.92397137e-02	1.92397137e-02	9.26469302e-01	3.08698845e-01	6.17770457e-01	-1.54535806e-01	9.20341265e-21	-8.41653000e-20	2.47891776e-20	-7.17707112e-20	9.65598888e-20
315             	3.84895211e-02	1.92447605e-02	1.92447605e-02	9.27764656e-01	3.09053634e-01	6.18711022e-01	-1.54828694e-01	9.20455693e-21	-8.40599164e-20	2.49285506e-20	-7.15956411e-20	9.65241917e-20
316             	3.84991925e-02	1.92495962e-02	1.92495962e-02	9.29082034e-01	3.09418217e-01	6.19663817e-01	-1.55122800e-01	9.20571804e-21	-8.39544525e-20	2.50629621e-20	-7.14229714e-20	9.64859335e-20
317             	3.85064100e-02	1.92532050e-02	1.92532050e-02	9.30412118e-01	3.09792288e-01	6.20619830e-01	-1.55413771e-01	9.20724044e-21	-8.38438340e-20	2.51967945e-20	-7.12454368e-20	9.64422312e-20
318             	3.85112733e-02	1.92556367e-02	1.92556367e-02	9.31747672e-01	3.10176183e-01	6.21571489e-01	-1.55697653e-01	9.20894344e-21	-8.37373867e-20	2.53130282e-20	-7.10808726e-20	9.63939007e-20
319             	3.85160076e-02	1.92580038e-02	1.92580038e-02	9.33102722e-01	3.10568889e-01	6.22533833e-01	-1.55982472e-01	9.21060672e-21	-8.36331822e-20	2.54183613e-20	-7.09240015e-20	9.63423628e-20
320             	3.85171809e-02	1.92585905e-02	1.92585905e-02	9.34463322e-01	3.10970315e-01	6.23493007e-01	-1.56261346e-01	9.21274810e-21	-8.35256985e-20	2.55190993e-20	-7.07661489e-20	9.62852482e-20
321             	3.85164134e-02	1.92582067e-02	1.92582067e-02	9.35825867e-01	3.11381661e-01	6.24444207e-01	-1.56531273e-01	9.21511796e-21	-8.34205111e-20	2.56079197e-20	-7.06165512e-20	9.62244710e-20
322             	3.85160407e-02	1.92580203e-02	1.92580203e-02	9.37208357e-01	3.11801786e-01	6.25406571e-01	-1.56802392e-01	9.21729922e-21	-8.33185841e-20	2.56837641e-20	-7.04767020e-20	9.61604661e-20
323             	3.85121968e-02	1.92560984e-02	1.92560984e-02	9.38592908e-01	3.12229501e-01	6.26363407e-01	-1.57066953e-01	9.21996765e-21	-8.32144857e-20	2.57532001e-20	-7.03378856e-20	9.60910857e-20
324             	3.85063389e-02	1.92531694e-02	1.92531694e-02	9.39972724e-01	3.12666733e-01	6.27305991e-01	-1.57319629e-01	9.22285142e-21	-8.31119859e-20	2.58121917e-20	-7.02058901e-20	9.60180818e-20
325             	3.85021324e-02	1.92510662e-02	1.92510662e-02	9.41374604e-01	3.13111659e-01	6.28262945e-01	-1.57575643e-01	9.22542159e-21	-8.30086183e-20	2.58673710e-20	-7.00749328e-20	9.59423038e-20
326             	3.84929135e-02	1.92464567e-02	1.92464567e-02	9.42756202e-01	3.13563464e-01	6.29192738e-01	-1.57814637e-01	9.22860264e-21	-8.29106731e-20	2.58974370e-20	-6.99619546e-20	9.58593916e-20
327             	3.84841755e-02	1.92420877e-02	1.92420877e-02	9.44145526e-01	3.14021962e-01	6.30123564e-01	-1.58050801e-01	9.23156984e-21	-8.28142941e-20	2.59208955e-20	-6.98538464e-20	9.57747419e-20
328             	3.84735549e-02	1.92367775e-02	1.92367775e-02	9.45529235e-01	3.14485822e-01	6.31043413e-01	-1.58278796e-01	9.23481047e-21	-8.27161463e-20	2.59397950e-20	-6.97462488e-20	9.56860438e-20
329             	3.84607496e-02	1.92303748e-02	1.92303748e-02	9.46896902e-01	3.14956165e-01	6.31940737e-01	-1.58492286e-01	9.23816648e-21	-8.26225844e-20	2.59387418e-20	-6.96532135e-20	9.55919552e-20
330             	3.84490601e-02	1.92245300e-02	1.92245300e-02	9.48270128e-01	3.15431626e-01	6.32838502e-01	-1.58703438e-01	9.24123909e-21	-8.25322113e-20	2.59267515e-20	-6.95688356e-20	9.54955871e-20
331             	3.84346160e-02	1.92173080e-02	1.92173080e-02	9.49628357e-01	3.15909973e-01	6.33718384e-01	-1.58904206e-01	9.24473221e-21	-8.24421872e-20	2.59065522e-20	-6.94889111e-20	9.53954633e-20
332             	3.84184589e-02	1.92092294e-02	1.92092294e-02	9.50965322e-01	3.16394629e-01	6.34570693e-01	-1.59088032e-01	9.24833883e-21	-8.23552307e-20	2.58717002e-20	-6.94193806e-20	9.52910808e-20
333             	3.84046305e-02	1.92023153e-02	1.92023153e-02	9.52308373e-01	3.16883013e-01	6.35425360e-01	-1.59271173e-01	9.25158341e-21	-8.22690808e-20	2.58330083e-20	-6.93525766e-20	9.51855849e-20
334             	3.83862344e-02	1.91931172e-02	1.91931172e-02	9.53617956e-01	3.17374757e-01	6.36243199e-01	-1.59434221e-01	9.25533098e-21	-8.21889221e-20	2.57682383e-20	-6.93048029e-20	9.50730412e-20
335             	3.83695838e-02	1.91847919e-02	1.91847919e-02	9.54925329e-01	3.17869912e-01	6.37055417e-01	-1.59592753e-01	9.25871913e-21	-8.21106509e-20	2.56984743e-20	-6.92614138e-20	9.49598881e-20
336             	3.83520455e-02	1.91760227e-02	1.91760227e-02	9.56213226e-01	3.18365759e-01	6.37847468e-01	-1.59740854e-01	9.26232589e-21	-8.20331672e-20	2.56227143e-20	-6.92218100e-20	9.48445243e-20
337             	3.83327505e-02	1.91663753e-02	1.91663753e-02	9.57471200e-01	3.18864474e-01	6.38606726e-01	-1.59871126e-01	9.26602053e-21	-8.19605266e-20	2.55267684e-20	-6.91971424e-20	9.47239108e-20
338             	3.83152593e-02	1.91576297e-02	1.91576297e-02	9.58720605e-01	3.19363738e-01	6.39356867e-01	-1.59996565e-01	9.26935378e-21	-8.18910895e-20	2.54219770e-20	-6.91801010e-20	9.46020780e-20
339             	3.82959531e-02	1.91479765e-02	1.91479765e-02	9.59940546e-01	3.19859847e-01	6.40080698e-01	-1.60110425e-01	9.27299816e-21	-8.18241497e-20	2.53085591e-20	-6.91698702e-20	9.44784293e-20
340             	3.82751637e-02	1.91375819e-02	1.91375819e-02	9.61122188e-01	3.20357795e-01	6.40764393e-01	-1.60203299e-01	9.27674989e-21	-8.17607644e-20	2.51799511e-20	-6.91707889e-20	9.43507400e-20
341             	3.82579691e-02	1.91289846e-02	1.91289846e-02	9.62297033e-01	3.20854041e-01	6.41442992e-01	-1.60294476e-01	9.27999046e-21	-8.16992628e-20	2.50497038e-20	-6.91744109e-20	9.42241147e-20
342             	3.82365197e-02	1.91182598e-02	1.91182598e-02	9.63422783e-01	3.21348126e-01	6.42074657e-01	-1.60363266e-01	9.28370700e-21	-8.16434569e-20	2.48946359e-20	-6.91961390e-20	9.40907749e-20
343             	3.82174140e-02	1.91087070e-02	1.91087070e-02	9.64532633e-01	3.21840413e-01	6.42692221e-01	-1.60425904e-01	9.28699220e-21	-8.15898562e-20	2.47362974e-20	-6.92217074e-20	9.39580049e-20
344             	3.81978813e-02	1.90989407e-02	1.90989407e-02	9.65605706e-01	3.22327205e-01	6.43278501e-01	-1.60475648e-01	9.29045399e-21	-8.15390805e-20	2.45717629e-20	-6.92531991e-20	9.38249620e-20
345             	3.81773867e-02	1.90886934e-02	1.90886934e-02	9.66641600e-01	3.22813008e-01	6.43828592e-01	-1.60507792e-01	9.29392200e-21	-8.14928765e-20	2.43886588e-20	-6.92985471e-20	9.36872059e-20
346             	3.81603829e-02	1.90801915e-02	1.90801915e-02	9.67660260e-01	3.23293784e-01	6.44366476e-01	-1.60536346e-01	9.29696428e-21	-8.14473145e-20	2.42085207e-20	-6.93430542e-20	9.35515749e-20
347             	3.81402699e-02	1.90701350e-02	1.90701350e-02	9.68629713e-01	3.23770002e-01	6.44859712e-01	-1.60544855e-01	9.30037511e-21	-8.14081807e-20	2.40034670e-20	-6.94064472e-20	9.34099142e-20
348             	3.81227493e-02	1.90613747e-02	1.90613747e-02	9.69576174e-01	3.24241022e-01	6.45335151e-01	-1.60547065e-01	9.30334810e-21	-8.13697617e-20	2.37986529e-20	-6.94704353e-20	9.32690881e-20
349             	3.81053358e-02	1.90526679e-02	1.90526679e-02	9.70480977e-01	3.24703013e-01	6.45777964e-01	-1.60537476e-01	9.30648078e-21	-8.13355071e-20	2.35877176e-20	-6.95416483e-20	9.31293659e-20
350             	3.80868002e-02	1.90434001e-02	1.90434001e-02	9.71341679e-01	3.25161224e-01	6.46180455e-01	-1.60509615e-01	9.30963887e-21	-8.13053343e-20	2.33600437e-20	-6.96253124e-20	9.29853561e-20
351             	3.80726336e-02	1.90363168e-02	1.90363168e-02	9.72182275e-01	3.25611414e-01	6.46570860e-01	-1.60479723e-01	9.31230084e-21	-8.12748984e-20	2.31395706e-20	-6.97051131e-20	9.28446837e-20
352             	3.80541716e-02	1.90270858e-02	1.90270858e-02	9.72962588e-01	3.26053226e-01	6.46909362e-01	-1.60428068e-01	9.31542207e-21	-8.12514794e-20	2.28932103e-20	-6.98048743e-20	9.26980846e-20
353             	3.80391106e-02	1.90195553e-02	1.90195553e-02	9.73717897e-01	3.26486455e-01	6.47231442e-01	-1.60372493e-01	9.31799660e-21	-8.12280811e-20	2.26516181e-20	-6.99022720e-20	9.25538902e-20
354             	3.80240645e-02	1.90120322e-02	1.90120322e-02	9.74422876e-01	3.26906626e-01	6.47516250e-01	-1.60304812e-01	9.32073325e-21	-8.12083719e-20	2.24072415e-20	-7.00047511e-20	9.24119926e-20
355             	3.80077918e-02	1.90038959e-02	1.90038959e-02	9.75081985e-01	3.27319804e-01	6.47762181e-01	-1.60221189e-01	9.32349490e-21	-8.11933607e-20	2.21462732e-20	-7.01202241e-20	9.22664973e-20
356             	3.79957808e-02	1.89978904e-02	1.89978904e-02	9.75715976e-01	3.27721813e-01	6.47994163e-01	-1.60136175e-01	9.32573726e-21	-8.11769557e-20	2.18975466e-20	-7.02281824e-20	9.21257290e-20
357             	3.79800815e-02	1.89900408e-02	1.89900408e-02	9.76291188e-01	3.28112339e-01	6.48178849e-01	-1.60033255e-01	9.32836666e-21	-8.11677732e-20	2.16249927e-20	-7.03552768e-20	9.19802695e-20
358             	3.79681409e-02	1.89840705e-02	1.89840705e-02	9.76835606e-01	3.28489772e-01	6.48345834e-01	-1.59928031e-01	9.33050261e-21	-8.11574944e-20	2.13675910e-20	-7.04736989e-20	9.18412899e-20
359             	3.79539241e-02	1.89769620e-02	1.89769620e-02	9.77329229e-01	3.28856072e-01	6.48473157e-01	-1.59808542e-01	9.33283578e-21	-8.11516504e-20	2.10927274e-20	-7.06052867e-20	9.16980141e-20
360             	3.79430775e-02	1.89715387e-02	1.89715387e-02	9.77790625e-01	3.29208496e-01	6.48582129e-01	-1.59686817e-01	9.33472504e-21	-8.11455927e-20	2.08312561e-20	-7.07299647e-20	9.15612208e-20
361             	3.79293479e-02	1.89646740e-02	1.89646740e-02	9.78197625e-01	3.29548183e-01	6.48649442e-01	-1.59550629e-01	9.33688815e-21	-8.11440776e-20	2.05530122e-20	-7.08675715e-20	9.14205837e-20
362             	3.79190738e-02	1.89595369e-02	1.89595369e-02	9.78573482e-01	3.29873623e-01	6.48699859e-01	-1.59413118e-01	9.33859695e-21	-8.11421403e-20	2.02900212e-20	-7.09971297e-20	9.12871509e-20
363             	3.79062751e-02	1.89531375e-02	1.89531375e-02	9.78898307e-01	3.30185880e-01	6.48712427e-01	-1.59263274e-01	9.34051744e-21	-8.11448203e-20	2.00111053e-20	-7.11392677e-20	9.11503730e-20
364             	3.78962721e-02	1.89481361e-02	1.89481361e-02	9.79188552e-01	3.30482835e-01	6.48705717e-01	-1.59111441e-01	9.34206792e-21	-8.11464893e-20	1.97483543e-20	-7.12723121e-20	9.10206664e-20
365             	3.78838758e-02	1.89419379e-02	1.89419379e-02	9.79430010e-01	3.30766407e-01	6.48663603e-01	-1.58948598e-01	9.34378843e-21	-8.11530323e-20	1.94704008e-20	-7.14178319e-20	9.08882327e-20
366             	3.78745128e-02	1.89372564e-02	1.89372564e-02	9.79638917e-01	3.31034476e-01	6.48604441e-01	-1.58784982e-01	9.34512061e-21	-8.11581866e-20	1.92104236e-20	-7.15529748e-20	9.07633984e-20
367             	3.78626305e-02	1.89313153e-02	1.89313153e-02	9.79798516e-01	3.31288214e-01	6.48510302e-01	-1.58611044e-01	9.34662706e-21	-8.11681299e-20	1.89357598e-20	-7.17002500e-20	9.06360098e-20
368             	3.78536333e-02	1.89268166e-02	1.89268166e-02	9.79925719e-01	3.31526160e-01	6.48399558e-01	-1.58436699e-01	9.34775922e-21	-8.11763368e-20	1.86801158e-20	-7.18362788e-20	9.05163947e-20
369             	3.78424118e-02	1.89212059e-02	1.89212059e-02	9.80006411e-01	3.31749457e-01	6.48256955e-01	-1.58253749e-01	9.34901726e-21	-8.11894088e-20	1.84109699e-20	-7.19839239e-20	9.03948938e-20
370             	3.78338987e-02	1.89169493e-02	1.89169493e-02	9.80053696e-01	3.31956353e-01	6.48097343e-01	-1.58070495e-01	9.34993136e-21	-8.12004796e-20	1.81619649e-20	-7.21194972e-20	9.02814621e-20
371             	3.78234798e-02	1.89117399e-02	1.89117399e-02	9.80057336e-01	3.32148369e-01	6.47908968e-01	-1.57880300e-01	9.35092208e-21	-8.12160266e-20	1.79011975e-20	-7.22654279e-20	9.01666254e-20
372             	3.78156420e-02	1.89078210e-02	1.89078210e-02	9.80028252e-01	3.32323916e-01	6.47704337e-01	-1.57690210e-01	9.35160130e-21	-8.12291879e-20	1.76614651e-20	-7.23984554e-20	9.00599205e-20
373             	3.78064559e-02	1.89032280e-02	1.89032280e-02	9.79960533e-01	3.32484581e-01	6.47475953e-01	-1.57495686e-01	9.35227352e-21	-8.12465961e-20	1.74119077e-20	-7.25406422e-20	8.99525499e-20
374             	3.77994683e-02	1.88997341e-02	1.88997341e-02	9.79858379e-01	3.32628394e-01	6.47229986e-01	-1.57300796e-01	9.35271397e-21	-8.12613718e-20	1.71839717e-20	-7.26693859e-20	8.98533576e-20
375             	3.77914692e-02	1.88957346e-02	1.88957346e-02	9.79721799e-01	3.32757589e-01	6.46964210e-01	-1.57103310e-01	9.35308863e-21	-8.12806381e-20	1.69470955e-20	-7.28070903e-20	8.97541858e-20
376             	3.77854309e-02	1.88927155e-02	1.88927155e-02	9.79551296e-01	3.32870185e-01	6.46681111e-01	-1.56905463e-01	9.35329293e-21	-8.12969606e-20	1.67324049e-20	-7.29307582e-20	8.96631631e-20
377             	3.77787826e-02	1.88893913e-02	1.88893913e-02	9.79350805e-01	3.32968618e-01	6.46382187e-01	-1.56706784e-01	9.35337395e-21	-8.13176101e-20	1.65100692e-20	-7.30625755e-20	8.95726447e-20
378             	3.77739667e-02	1.88869834e-02	1.88869834e-02	9.79117578e-01	3.33050792e-01	6.46066786e-01	-1.56507997e-01	9.35333067e-21	-8.13350465e-20	1.63104078e-20	-7.31798426e-20	8.94902504e-20
379             	3.77687763e-02	1.88843882e-02	1.88843882e-02	9.78858061e-01	3.33119250e-01	6.45738811e-01	-1.56309780e-01	9.35313309e-21	-8.13569739e-20	1.61036997e-20	-7.33051241e-20	8.94088237e-20
380             	3.77646913e-02	1.88823457e-02	1.88823457e-02	9.78571048e-01	3.33172725e-01	6.45398323e-01	-1.56112799e-01	9.35277346e-21	-8.13758928e-20	1.59138751e-20	-7.34189553e-20	8.93328304e-20
381             	3.77616350e-02	1.88808175e-02	1.88808175e-02	9.78241495e-01	3.33206857e-01	6.45034638e-01	-1.55913890e-01	9.35237087e-21	-8.13958884e-20	1.57373978e-20	-7.35271895e-20	8.92645873e-20
382             	3.77592262e-02	1.88796131e-02	1.88796131e-02	9.77904065e-01	3.33232034e-01	6.44672031e-01	-1.55719998e-01	9.35175185e-21	-8.14191489e-20	1.55581888e-20	-7.36400546e-20	8.91982433e-20
383             	3.77578767e-02	1.88789384e-02	1.88789384e-02	9.77543147e-01	3.33243101e-01	6.44300046e-01	-1.55528473e-01	9.35102332e-21	-8.14392567e-20	1.53948015e-20	-7.37418559e-20	8.91366574e-20
384             	3.77567922e-02	1.88783961e-02	1.88783961e-02	9.77134986e-01	3.33234325e-01	6.43900661e-01	-1.55333168e-01	9.35026898e-21	-8.14606168e-20	1.52447817e-20	-7.38382260e-20	8.90830077e-20
385             	3.77573172e-02	1.88786586e-02	1.88786586e-02	9.76731376e-01	3.33218668e-01	6.43512708e-01	-1.55147020e-01	9.34925395e-21	-8.14852683e-20	1.50931820e-20	-7.39386773e-20	8.90318593e-20
386             	3.77594377e-02	1.88797189e-02	1.88797189e-02	9.76303760e-01	3.33189583e-01	6.43114177e-01	-1.54962297e-01	9.34818778e-21	-8.15041813e-20	1.49661175e-20	-7.40211226e-20	8.89872401e-20
387             	3.77610501e-02	1.88805251e-02	1.88805251e-02	9.75855218e-01	3.33147796e-01	6.42707422e-01	-1.54779813e-01	9.34697217e-21	-8.15304371e-20	1.48297920e-20	-7.41155411e-20	8.89453331e-20
388             	3.77644156e-02	1.88822078e-02	1.88822078e-02	9.75388916e-01	3.33092888e-01	6.42296028e-01	-1.54601570e-01	9.34557333e-21	-8.15516499e-20	1.47148803e-20	-7.41942098e-20	8.89090901e-20
389             	3.77687758e-02	1.88843879e-02	1.88843879e-02	9.74891825e-01	3.33022360e-01	6.41869465e-01	-1.54423553e-01	9.34417064e-21	-8.15735701e-20	1.46129196e-20	-7.42671103e-20	8.88800299e-20
390             	3.77741245e-02	1.88870623e-02	1.88870623e-02	9.74395781e-01	3.32943693e-01	6.41452087e-01	-1.54254197e-01	9.34248427e-21	-8.15992395e-20	1.45091336e-20	-7.43446727e-20	8.88538063e-20
391             	3.77807214e-02	1.88903607e-02	1.88903607e-02	9.73882344e-01	3.32852321e-01	6.41030023e-01	-1.54088851e-01	9.34071655e-21	-8.16208472e-20	1.44233208e-20	-7.44091868e-20	8.88325076e-20
392             	3.77876308e-02	1.88938154e-02	1.88938154e-02	9.73330329e-01	3.32744103e-01	6.40586227e-01	-1.53921062e-01	9.33893060e-21	-8.16429569e-20	1.43509386e-20	-7.44674875e-20	8.88184262e-20
393             	3.77965869e-02	1.88982935e-02	1.88982935e-02	9.72795548e-01	3.32630550e-01	6.40164999e-01	-1.53767225e-01	9.33679727e-21	-8.16685436e-20	1.42780725e-20	-7.45295074e-20	8.88075799e-20
394             	3.78067682e-02	1.89033841e-02	1.89033841e-02	9.72245729e-01	3.32505369e-01	6.39740360e-01	-1.53617496e-01	9.33457431e-21	-8.16883696e-20	1.42252730e-20	-7.45757331e-20	8.88010061e-20
395             	3.78168987e-02	1.89084494e-02	1.89084494e-02	9.71656243e-01	3.32363738e-01	6.39292505e-01	-1.53464383e-01	9.33238179e-21	-8.17097129e-20	1.41826827e-20	-7.46183715e-20	8.88010543e-20
396             	3.78289240e-02	1.89144620e-02	1.89144620e-02	9.71091233e-01	3.32218943e-01	6.38872290e-01	-1.53326674e-01	9.32984917e-21	-8.17343277e-20	1.41405367e-20	-7.46640593e-20	8.88045960e-20
397             	3.78427691e-02	1.89213845e-02	1.89213845e-02	9.70520621e-01	3.32064771e-01	6.38455850e-01	-1.53195540e-01	9.32723310e-21	-8.17529077e-20	1.41191185e-20	-7.46933485e-20	8.88124669e-20
398             	3.78560183e-02	1.89280091e-02	1.89280091e-02	9.69914568e-01	3.31897104e-01	6.38017465e-01	-1.53060181e-01	9.32474585e-21	-8.17729415e-20	1.41070178e-20	-7.47194326e-20	8.88264504e-20
399             	3.78718305e-02	1.89359153e-02	1.89359153e-02	9.69342114e-01	3.31727934e-01	6.37614180e-01	-1.52943123e-01	9.32188857e-21	-8.17957425e-20	1.40969603e-20	-7.47472623e-20	8.88442226e-20
400             	3.78889350e-02	1.89444675e-02	1.89444675e-02	9.68760281e-01	3.31550245e-01	6.37210036e-01	-1.52829895e-01	9.31911052e-21	-8.18099992e-20	1.41130736e-20	-7.47534624e-20	8.88665360e-20
401             	3.79061907e-02	1.89530953e-02	1.89530953e-02	9.68180658e-01	3.31366803e-01	6.36813854e-01	-1.52723525e-01	9.31615566e-21	-8.18332028e-20	1.41189657e-20	-7.47737199e-20	8.88926857e-20
402             	3.79251058e-02	1.89625529e-02	1.89625529e-02	9.67604221e-01	3.31176880e-01	6.36427341e-01	-1.52625231e-01	9.31313572e-21	-8.18504318e-20	1.41457032e-20	-7.47775802e-20	8.89232833e-20
403             	3.79453789e-02	1.89726895e-02	1.89726895e-02	9.67032443e-01	3.30980977e-01	6.36051466e-01	-1.52535244e-01	9.31001136e-21	-8.18674752e-20	1.41810828e-20	-7.47769338e-20	8.89580166e-20
404             	3.79667791e-02	1.89833896e-02	1.89833896e-02	9.66465277e-01	3.30779526e-01	6.35685751e-01	-1.52453113e-01	9.30682603e-21	-8.18830497e-20	1.42270885e-20	-7.47695054e-20	8.89965939e-20
405             	3.79895059e-02	1.89947529e-02	1.89947529e-02	9.65906253e-01	3.30573160e-01	6.35333093e-01	-1.52379967e-01	9.30355709e-21	-8.18976146e-20	1.42828193e-20	-7.47562049e-20	8.90390243e-20
406             	3.80131881e-02	1.90065940e-02	1.90065940e-02	9.65356068e-01	3.30362910e-01	6.34993158e-01	-1.52315124e-01	9.30023834e-21	-8.19108984e-20	1.43482967e-20	-7.47367500e-20	8.90850468e-20
407             	3.80380843e-02	1.90190421e-02	1.90190421e-02	9.64817188e-01	3.30149219e-01	6.34667969e-01	-1.52259375e-01	9.29685151e-21	-8.19228982e-20	1.44234513e-20	-7.47111725e-20	8.91346238e-20
408             	3.80638953e-02	1.90319476e-02	1.90319476e-02	9.64289881e-01	3.29932944e-01	6.34356936e-01	-1.52211996e-01	9.29342162e-21	-8.19336925e-20	1.45076797e-20	-7.46798526e-20	8.91875323e-20
409             	3.80907271e-02	1.90453635e-02	1.90453635e-02	9.63775484e-01	3.29714458e-01	6.34061026e-01	-1.52173284e-01	9.28994524e-21	-8.19431479e-20	1.46008885e-20	-7.46427036e-20	8.92435921e-20
410             	3.81183047e-02	1.90591523e-02	1.90591523e-02	9.63274144e-01	3.29494425e-01	6.33779719e-01	-1.52142647e-01	9.28643343e-21	-8.19513591e-20	1.47023902e-20	-7.46001639e-20	8.93025542e-20
411             	3.81467821e-02	1.90733911e-02	1.90733911e-02	9.62787391e-01	3.29273141e-01	6.33514250e-01	-1.52120555e-01	9.28287832e-21	-8.19583394e-20	1.48118953e-20	-7.45523917e-20	8.93642871e-20
412             	3.81756606e-02	1.90878303e-02	1.90878303e-02	9.62307113e-01	3.29050262e-01	6.33256851e-01	-1.52103294e-01	9.27941266e-21	-8.19596883e-20	1.49368955e-20	-7.44912406e-20	8.94281360e-20
413             	3.82060922e-02	1.91030461e-02	1.91030461e-02	9.61860660e-01	3.28829625e-01	6.33031034e-01	-1.52100705e-01	9.27569390e-21	-8.19660393e-20	1.50580409e-20	-7.44370189e-20	8.94950598e-20
414             	3.82370359e-02	1.91185180e-02	1.91185180e-02	9.61424696e-01	3.28608330e-01	6.32816366e-01	-1.52104018e-01	9.27208693e-21	-8.19683667e-20	1.51909537e-20	-7.43728899e-20	8.95638436e-20
415             	3.82675752e-02	1.91337876e-02	1.91337876e-02	9.60987669e-01	3.28386184e-01	6.32601485e-01	-1.52107650e-01	9.26862561e-21	-8.19663801e-20	1.53341764e-20	-7.42992919e-20	8.96334682e-20
416             	3.83001636e-02	1.91500818e-02	1.91500818e-02	9.60602346e-01	3.28169313e-01	6.32433033e-01	-1.52131860e-01	9.26487390e-21	-8.19672141e-20	1.54773973e-20	-7.42285155e-20	8.97059127e-20
417             	3.83329929e-02	1.91664964e-02	1.91664964e-02	9.60230103e-01	3.27952655e-01	6.32277448e-01	-1.52162396e-01	9.26135331e-21	-8.19592809e-20	1.56383591e-20	-7.41401013e-20	8.97784605e-20
418             	3.83660650e-02	1.91830325e-02	1.91830325e-02	9.59882225e-01	3.27740136e-01	6.32142089e-01	-1.52200977e-01	9.25768636e-21	-8.19573765e-20	1.57911665e-20	-7.40617932e-20	8.98529597e-20
419             	3.84008881e-02	1.92004440e-02	1.92004440e-02	9.59562822e-01	3.27529692e-01	6.32033130e-01	-1.52251719e-01	9.25401496e-21	-8.19493067e-20	1.59588564e-20	-7.39698785e-20	8.99287349e-20
420             	3.84351015e-02	1.92175508e-02	1.92175508e-02	9.59259861e-01	3.27322566e-01	6.31937295e-01	-1.52307364e-01	9.25057466e-21	-8.19343888e-20	1.61379590e-20	-7.38654093e-20	9.00033683e-20
421             	3.84707712e-02	1.92353856e-02	1.92353856e-02	9.58999429e-01	3.27121563e-01	6.31877866e-01	-1.52378152e-01	9.24689887e-21	-8.19233075e-20	1.63136566e-20	-7.37664792e-20	9.00801358e-20
422             	3.85069847e-02	1.92534923e-02	1.92534923e-02	9.58762890e-01	3.26924359e-01	6.31838531e-01	-1.52457086e-01	9.24334678e-21	-8.19076344e-20	1.64987197e-20	-7.36582746e-20	9.01569943e-20
423             	3.85421742e-02	1.92710871e-02	1.92710871e-02	9.58538236e-01	3.26731806e-01	6.31806429e-01	-1.52537312e-01	9.24002981e-21	-8.18857447e-20	1.66924008e-20	-7.35395443e-20	9.02319451e-20
424             	3.85788169e-02	1.92894084e-02	1.92894084e-02	9.58365271e-01	3.26547169e-01	6.31818102e-01	-1.52635466e-01	9.23648582e-21	-8.18667097e-20	1.68848071e-20	-7.34243062e-20	9.03091132e-20
425             	3.86155713e-02	1.93077857e-02	1.93077857e-02	9.58216811e-01	3.26366911e-01	6.31849899e-01	-1.52741494e-01	9.23314307e-21	-8.18384598e-20	1.70920642e-20	-7.32924277e-20	9.03844919e-20
426             	3.86515820e-02	1.93257910e-02	1.93257910e-02	9.58095788e-01	3.26194685e-01	6.31901103e-01	-1.52853209e-01	9.22978612e-21	-8.18156573e-20	1.72900725e-20	-7.31706211e-20	9.04606935e-20
427             	3.86880457e-02	1.93440228e-02	1.93440228e-02	9.58004425e-01	3.26028396e-01	6.31976029e-01	-1.52973816e-01	9.22657006e-21	-8.17823863e-20	1.75055739e-20	-7.30295993e-20	9.05351733e-20
428             	3.87243987e-02	1.93621994e-02	1.93621994e-02	9.57948554e-01	3.25870241e-01	6.32078313e-01	-1.53104036e-01	9.22326556e-21	-8.17541756e-20	1.77129700e-20	-7.28976906e-20	9.06106606e-20
429             	3.87602791e-02	1.93801396e-02	1.93801396e-02	9.57918744e-01	3.25718299e-01	6.32200445e-01	-1.53241073e-01	9.22018331e-21	-8.17169490e-20	1.79331816e-20	-7.27503581e-20	9.06835398e-20
430             	3.87954821e-02	1.93977410e-02	1.93977410e-02	9.57921125e-01	3.25575705e-01	6.32345420e-01	-1.53384858e-01	9.21707238e-21	-8.16847154e-20	1.81447516e-20	-7.26123396e-20	9.07570912e-20
431             	3.88305373e-02	1.94152686e-02	1.94152686e-02	9.57954047e-01	3.25440172e-01	6.32513875e-01	-1.53536851e-01	9.21413187e-21	-8.16434059e-20	1.83692113e-20	-7.24588003e-20	9.08280116e-20
432             	3.88646869e-02	1.94323434e-02	1.94323434e-02	9.58017418e-01	3.25314002e-01	6.32703417e-01	-1.53694708e-01	9.21119103e-21	-8.16070905e-20	1.85845802e-20	-7.23148004e-20	9.08993806e-20
433             	3.88981328e-02	1.94490664e-02	1.94490664e-02	9.58108375e-01	3.25195477e-01	6.32912898e-01	-1.53858710e-01	9.20845815e-21	-8.15629344e-20	1.88095235e-20	-7.21581726e-20	9.09676961e-20
434             	3.89309320e-02	1.94654660e-02	1.94654660e-02	9.58232197e-01	3.25086687e-01	6.33145510e-01	-1.54029411e-01	9.20570405e-21	-8.15229992e-20	1.90268804e-20	-7.20095590e-20	9.10364395e-20
435             	3.89629870e-02	1.94814935e-02	1.94814935e-02	9.58384813e-01	3.24986190e-01	6.33398622e-01	-1.54206216e-01	9.20316907e-21	-8.14755183e-20	1.92526338e-20	-7.18492014e-20	9.11018352e-20
436             	3.89940879e-02	1.94970440e-02	1.94970440e-02	9.58567634e-01	3.24895889e-01	6.33671745e-01	-1.54387928e-01	9.20065350e-21	-8.14321454e-20	1.94703825e-20	-7.16969541e-20	9.11673366e-20
437             	3.90244585e-02	1.95122293e-02	1.95122293e-02	9.58780280e-01	3.24814544e-01	6.33965736e-01	-1.54575596e-01	9.19834745e-21	-8.13819410e-20	1.96950372e-20	-7.15344223e-20	9.12294596e-20
438             	3.90537480e-02	1.95268740e-02	1.95268740e-02	9.59022004e-01	3.24743682e-01	6.34278321e-01	-1.54767320e-01	9.19609095e-21	-8.13356122e-20	1.99117813e-20	-7.13797216e-20	9.12915028e-20
439             	3.90823435e-02	1.95411718e-02	1.95411718e-02	9.59294623e-01	3.24682281e-01	6.34612343e-01	-1.54965031e-01	9.19403437e-21	-8.12829774e-20	2.01340113e-20	-7.12159718e-20	9.13499831e-20
440             	3.91095490e-02	1.95547745e-02	1.95547745e-02	9.59594435e-01	3.24631986e-01	6.34962448e-01	-1.55165231e-01	9.19207651e-21	-8.12341084e-20	2.03479588e-20	-7.10601290e-20	9.14080878e-20
441             	3.91360322e-02	1.95680161e-02	1.95680161e-02	9.59924877e-01	3.24591494e-01	6.35333384e-01	-1.55370945e-01	9.19032069e-21	-8.11794919e-20	2.05662007e-20	-7.08963915e-20	9.14625922e-20
442             	3.91609596e-02	1.95804798e-02	1.95804798e-02	9.60280026e-01	3.24562276e-01	6.35717750e-01	-1.55577737e-01	9.18868406e-21	-8.11284790e-20	2.07756855e-20	-7.07406363e-20	9.15163218e-20
443             	3.91852367e-02	1.95926184e-02	1.95926184e-02	9.60666618e-01	3.24543296e-01	6.36123322e-01	-1.55790013e-01	9.18723971e-21	-8.10722656e-20	2.09882826e-20	-7.05781244e-20	9.15664069e-20
444             	3.92078842e-02	1.96039421e-02	1.96039421e-02	9.61075854e-01	3.24535649e-01	6.36540205e-01	-1.56002278e-01	9.18593634e-21	-8.10193405e-20	2.11921242e-20	-7.04232784e-20	9.16154026e-20
445             	3.92298485e-02	1.96149242e-02	1.96149242e-02	9.61516348e-01	3.24538674e-01	6.36977675e-01	-1.56219500e-01	9.18482633e-21	-8.09617741e-20	2.13976678e-20	-7.02629403e-20	9.16606080e-20
446             	3.92501512e-02	1.96250756e-02	1.96250756e-02	9.61977718e-01	3.24553038e-01	6.37424680e-01	-1.56435821e-01	9.18386964e-21	-8.09070945e-20	2.15948238e-20	-7.01096826e-20	9.17045064e-20
447             	3.92698608e-02	1.96349304e-02	1.96349304e-02	9.62470308e-01	3.24578314e-01	6.37891994e-01	-1.56656840e-01	9.18308848e-21	-8.08484939e-20	2.17921346e-20	-6.99524266e-20	9.17445612e-20
448             	3.92877116e-02	1.96438558e-02	1.96438558e-02	9.62981299e-01	3.24615052e-01	6.38366247e-01	-1.56875598e-01	9.18249347e-21	-8.07926772e-20	2.19806451e-20	-6.98023547e-20	9.17829998e-20
449             	3.93051685e-02	1.96525842e-02	1.96525842e-02	9.63524502e-01	3.24663141e-01	6.38861360e-01	-1.57099110e-01	9.18204284e-21	-8.07336574e-20	2.21680970e-20	-6.96496089e-20	9.18177059e-20
450             	3.93205781e-02	1.96602890e-02	1.96602890e-02	9.64084095e-01	3.24722919e-01	6.39361177e-01	-1.57319129e-01	9.18181496e-21	-8.06773175e-20	2.23464477e-20	-6.95040936e-20	9.18505414e-20
451             	3.93355813e-02	1.96677906e-02	1.96677906e-02	9.64674631e-01	3.24794241e-01	6.39880390e-01	-1.57543075e-01	9.18172439e-21	-8.06183849e-20	2.25224690e-20	-6.93571504e-20	9.18796194e-20
452             	3.93486417e-02	1.96743208e-02	1.96743208e-02	9.65279323e-01	3.24876960e-01	6.40402363e-01	-1.57762701e-01	9.18183998e-21	-8.05618824e-20	2.26893947e-20	-6.92171850e-20	9.19065797e-20
453             	3.93618346e-02	1.96809173e-02	1.96809173e-02	9.65911338e-01	3.24970536e-01	6.40940802e-01	-1.57985133e-01	9.18198168e-21	-8.05059806e-20	2.28504823e-20	-6.90807394e-20	9.19312217e-20
454             	3.93726778e-02	1.96863389e-02	1.96863389e-02	9.66564821e-01	3.25077221e-01	6.41487600e-01	-1.58205190e-01	9.18248556e-21	-8.04472177e-20	2.30056745e-20	-6.89443805e-20	9.19500549e-20
455             	3.93823781e-02	1.96911891e-02	1.96911891e-02	9.67227398e-01	3.25192962e-01	6.42034436e-01	-1.58420737e-01	9.18310134e-21	-8.03904973e-20	2.31540099e-20	-6.88134923e-20	9.19675022e-20
456             	3.93918838e-02	1.96959419e-02	1.96959419e-02	9.67914070e-01	3.25318756e-01	6.42595314e-01	-1.58638279e-01	9.18373678e-21	-8.03332243e-20	2.32952314e-20	-6.86856086e-20	9.19808400e-20
457             	3.93990383e-02	1.96995191e-02	1.96995191e-02	9.68605370e-01	3.25454990e-01	6.43150380e-01	-1.58847695e-01	9.18462058e-21	-8.02774825e-20	2.34267314e-20	-6.85641168e-20	9.19908482e-20
458             	3.94059798e-02	1.97029899e-02	1.97029899e-02	9.69322011e-01	3.25602049e-01	6.43719962e-01	-1.59058956e-01	9.18554527e-21	-8.02209068e-20	2.35518362e-20	-6.84449887e-20	9.19968248e-20
459             	3.94109911e-02	1.97054956e-02	1.97054956e-02	9.70040449e-01	3.25758300e-01	6.44282149e-01	-1.59261924e-01	9.18668463e-21	-8.01664095e-20	2.36668576e-20	-6.83329807e-20	9.19998383e-20
460             	3.94156397e-02	1.97078198e-02	1.97078198e-02	9.70780782e-01	3.25924801e-01	6.44855981e-01	-1.59465590e-01	9.18786126e-21	-8.01120447e-20	2.37735804e-20	-6.82252545e-20	9.19988349e-20
461             	3.94181459e-02	1.97090729e-02	1.97090729e-02	9.71521506e-01	3.26100740e-01	6.45420766e-01	-1.59660013e-01	9.18927700e-21	-8.00594343e-20	2.38699145e-20	-6.81244771e-20	9.19943915e-20
462             	3.94209565e-02	1.97104782e-02	1.97104782e-02	9.72281201e-01	3.26286269e-01	6.45994932e-01	-1.59854332e-01	9.19062650e-21	-8.00086793e-20	2.39568751e-20	-6.80302417e-20	9.19871168e-20
463             	3.94218406e-02	1.97109203e-02	1.97109203e-02	9.73054812e-01	3.26482919e-01	6.46571893e-01	-1.60044487e-01	9.19228204e-21	-7.99574418e-20	2.40339853e-20	-6.79404491e-20	9.19744344e-20
464             	3.94214652e-02	1.97107326e-02	1.97107326e-02	9.73824533e-01	3.26687444e-01	6.47137089e-01	-1.60224822e-01	9.19407555e-21	-7.99080190e-20	2.41020475e-20	-6.78569953e-20	9.19590427e-20
465             	3.94221891e-02	1.97110946e-02	1.97110946e-02	9.74616290e-01	3.26900751e-01	6.47715539e-01	-1.60407394e-01	9.19572242e-21	-7.98600985e-20	2.41602913e-20	-6.77799528e-20	9.19402441e-20
466             	3.94197091e-02	1.97098546e-02	1.97098546e-02	9.75398213e-01	3.27122851e-01	6.48275362e-01	-1.60576255e-01	9.19778572e-21	-7.98129784e-20	2.42072506e-20	-6.77093531e-20	9.19166037e-20
467             	3.94176438e-02	1.97088219e-02	1.97088219e-02	9.76192492e-01	3.27353254e-01	6.48839238e-01	-1.60742992e-01	9.19971961e-21	-7.97687754e-20	2.42437204e-20	-6.76469152e-20	9.18906356e-20
468             	3.94145482e-02	1.97072741e-02	1.97072741e-02	9.76996717e-01	3.27592676e-01	6.49404041e-01	-1.60905682e-01	9.20188161e-21	-7.97245150e-20	2.42707694e-20	-6.75891303e-20	9.18598998e-20
469             	3.94097799e-02	1.97048899e-02	1.97048899e-02	9.77788399e-01	3.27838669e-01	6.49949730e-01	-1.61055530e-01	9.20422780e-21	-7.96821048e-20	2.42872089e-20	-6.75385003e-20	9.18257093e-20
470             	3.94059748e-02	1.97029874e-02	1.97029874e-02	9.78595917e-01	3.28092224e-01	6.50503694e-01	-1.61205735e-01	9.20641017e-21	-7.96420515e-20	2.42933542e-20	-6.74953744e-20	9.17887286e-20
471             	3.93994412e-02	1.96997206e-02	1.96997206e-02	9.79387611e-01	3.28352225e-01	6.51035386e-01	-1.61341581e-01	9.20896425e-21	-7.96030783e-20	2.42878103e-20	-6.74591732e-20	9.17469835e-20
472             	3.93937785e-02	1.96968892e-02	1.96968892e-02	9.80187374e-01	3.28618504e-01	6.51568870e-01	-1.61475183e-01	9.21134219e-21	-7.95670044e-20	2.42719995e-20	-6.74310046e-20	9.17030041e-20
473             	3.93866935e-02	1.96933467e-02	1.96933467e-02	9.80986957e-01	3.28891397e-01	6.52095560e-01	-1.61602081e-01	9.21397564e-21	-7.95317414e-20	2.42459900e-20	-6.74087464e-20	9.16547364e-20
474             	3.93782889e-02	1.96891445e-02	1.96891445e-02	9.81767362e-01	3.29168246e-01	6.52599116e-01	-1.61715435e-01	9.21673755e-21	-7.94984809e-20	2.42089550e-20	-6.73940034e-20	9.16029584e-20
475             	3.93713182e-02	1.96856591e-02	1.96856591e-02	9.82556739e-01	3.29449806e-01	6.53106933e-01	-1.61828563e-01	9.21929253e-21	-7.94673830e-20	2.41630287e-20	-6.73858687e-20	9.15488973e-20
476             	3.93608808e-02	1.96804404e-02	1.96804404e-02	9.83319095e-01	3.29734982e-01	6.53584113e-01	-1.61924566e-01	9.22225107e-21	-7.94376285e-20	2.41041563e-20	-6.73855503e-20	9.14897066e-20
477             	3.93514796e-02	1.96757398e-02	1.96757398e-02	9.84081007e-01	3.30023225e-01	6.54057782e-01	-1.62017279e-01	9.22498476e-21	-7.94108804e-20	2.40358114e-20	-6.73929747e-20	9.14287861e-20
478             	3.93407837e-02	1.96703918e-02	1.96703918e-02	9.84834316e-01	3.30314833e-01	6.54519483e-01	-1.62102325e-01	9.22793647e-21	-7.93856228e-20	2.39575877e-20	-6.74068289e-20	9.13644167e-20
479             	3.93284583e-02	1.96642291e-02	1.96642291e-02	9.85560508e-01	3.30608027e-01	6.54952481e-01	-1.62172227e-01	9.23101149e-21	-7.93626152e-20	2.38678700e-20	-6.74286802e-20	9.12965502e-20
480             	3.93180165e-02	1.96590083e-02	1.96590083e-02	9.86290100e-01	3.30902998e-01	6.55387102e-01	-1.62242052e-01	9.23380616e-21	-7.93420402e-20	2.37707899e-20	-6.74566453e-20	9.12274352e-20
481             	3.93036727e-02	1.96518364e-02	1.96518364e-02	9.86985579e-01	3.31199058e-01	6.55786520e-01	-1.62293731e-01	9.23704111e-21	-7.93232210e-20	2.36599401e-20	-6.74932509e-20	9.11531910e-20
482             	3.92903347e-02	1.96451674e-02	1.96451674e-02	9.87675327e-01	3.31495928e-01	6.56179399e-01	-1.62341735e-01	9.24000932e-21	-7.93072893e-20	2.35415368e-20	-6.75365210e-20	9.10780577e-20
483             	3.92760354e-02	1.96380177e-02	1.96380177e-02	9.88351295e-01	3.31793274e-01	6.56558021e-01	-1.62382373e-01	9.24316425e-21	-7.92936860e-20	2.34142959e-20	-6.75865380e-20	9.10008340e-20
484             	3.92599517e-02	1.96299759e-02	1.96299759e-02	9.88995513e-01	3.32090062e-01	6.56905451e-01	-1.62407694e-01	9.24647191e-21	-7.92822974e-20	2.32759597e-20	-6.76443176e-20	9.09202773e-20
485             	3.92459301e-02	1.96229651e-02	1.96229651e-02	9.89639571e-01	3.32386522e-01	6.57253050e-01	-1.62433264e-01	9.24946043e-21	-7.92736023e-20	2.31322783e-20	-6.77074632e-20	9.08397414e-20
486             	3.92273853e-02	1.96136927e-02	1.96136927e-02	9.90240398e-01	3.32681306e-01	6.57559092e-01	-1.62438893e-01	9.25297767e-21	-7.92672406e-20	2.29745842e-20	-6.77799485e-20	9.07545327e-20
487             	3.92103253e-02	1.96051627e-02	1.96051627e-02	9.90832880e-01	3.32974571e-01	6.57858310e-01	-1.62441869e-01	9.25615607e-21	-7.92636699e-20	2.28114913e-20	-6.78579243e-20	9.06694155e-20
488             	3.91922347e-02	1.95961174e-02	1.95961174e-02	9.91405145e-01	3.33265603e-01	6.58139542e-01	-1.62436969e-01	9.25953129e-21	-7.92624635e-20	2.26414322e-20	-6.79417474e-20	9.05831796e-20
489             	3.91725368e-02	1.95862684e-02	1.95862684e-02	9.91941989e-01	3.33553566e-01	6.58388423e-01	-1.62417429e-01	9.26304608e-21	-7.92638637e-20	2.24605277e-20	-6.80335998e-20	9.04941275e-20
490             	3.91549688e-02	1.95774844e-02	1.95774844e-02	9.92473540e-01	3.33838917e-01	6.58634623e-01	-1.62397853e-01	9.26625230e-21	-7.92667779e-20	2.22783097e-20	-6.81276230e-20	9.04059327e-20
491             	3.91338201e-02	1.95669101e-02	1.95669101e-02	9.92963862e-01	3.34120422e-01	6.58843440e-01	-1.62361509e-01	9.26988039e-21	-7.92720073e-20	2.20834726e-20	-6.82302710e-20	9.03137436e-20
492             	3.91144453e-02	1.95572226e-02	1.95572226e-02	9.93444245e-01	3.34398342e-01	6.59045903e-01	-1.62323781e-01	9.27323310e-21	-7.92793118e-20	2.18877197e-20	-6.83354519e-20	9.02231716e-20
493             	3.90928068e-02	1.95464034e-02	1.95464034e-02	9.93887343e-01	3.34671707e-01	6.59215636e-01	-1.62271964e-01	9.27684057e-21	-7.92881302e-20	2.16818627e-20	-6.84471988e-20	9.01290616e-20
494             	3.90730057e-02	1.95365028e-02	1.95365028e-02	9.94319616e-01	3.34940844e-01	6.59378773e-01	-1.62218964e-01	9.28018874e-21	-7.92985184e-20	2.14763413e-20	-6.85603477e-20	9.00366890e-20
495             	3.90505455e-02	1.95252728e-02	1.95252728e-02	9.94712533e-01	3.35204816e-01	6.59507717e-01	-1.62151450e-01	9.28383225e-21	-7.93109514e-20	2.12599309e-20	-6.86809859e-20	8.99409169e-20
496             	3.90304761e-02	1.95152381e-02	1.95152381e-02	9.95094449e-01	3.35463600e-01	6.59630849e-01	-1.62083625e-01	9.28716335e-21	-7.93244232e-20	2.10459362e-20	-6.88014551e-20	8.98473913e-20
497             	3.90073097e-02	1.95036549e-02	1.95036549e-02	9.95434536e-01	3.35716626e-01	6.59717909e-01	-1.62000641e-01	9.29081285e-21	-7.93403871e-20	2.08202970e-20	-6.89302386e-20	8.97505357e-20
498             	3.89864293e-02	1.94932146e-02	1.94932146e-02	9.95761613e-01	3.35963706e-01	6.59797907e-01	-1.61917101e-01	9.29413982e-21	-7.93571910e-20	2.05982572e-20	-6.90580624e-20	8.96563196e-20
499             	3.89626908e-02	1.94813454e-02	1.94813454e-02	9.96046989e-01	3.36204381e-01	6.59842607e-01	-1.61819113e-01	9.29775837e-21	-7.93768675e-20	2.03646318e-20	-6.91945516e-20	8.95591834e-20
500             	3.89413145e-02	1.94706573e-02	1.94706573e-02	9.96317229e-01	3.36438129e-01	6.59879100e-01	-1.61720485e-01	9.30105555e-21	-7.93970550e-20	2.01359498e-20	-6.93290801e-20	8.94650299e-20
501             	3.89169687e-02	1.94584843e-02	1.94584843e-02	9.96545323e-01	3.36664667e-01	6.59880656e-01	-1.61607995e-01	9.30462787e-21	-7.94202074e-20	1.98957334e-20	-6.94723408e-20	8.93680741e-20
502             	3.88953418e-02	1.94476709e-02	1.94476709e-02	9.96759052e-01	3.36883764e-01	6.59875288e-01	-1.61495762e-01	9.30784992e-21	-7.94437568e-20	1.96620779e-20	-6.96127178e-20	8.92747957e-20
503             	3.88705362e-02	1.94352681e-02	1.94352681e-02	9.96927908e-01	3.37094622e-01	6.59833286e-01	-1.61369332e-01	9.31137133e-21	-7.94705930e-20	1.94166103e-20	-6.97622878e-20	8.91788981e-20
504             	3.88482128e-02	1.94241064e-02	1.94241064e-02	9.97080725e-01	3.37297540e-01	6.59783185e-01	-1.61242823e-01	9.31455729e-21	-7.94979718e-20	1.91782279e-20	-6.99088578e-20	8.90870858e-20
505             	3.88231944e-02	1.94115972e-02	1.94115972e-02	9.97190594e-01	3.37491477e-01	6.59699117e-01	-1.61103820e-01	9.31797006e-21	-7.95286307e-20	1.89290625e-20	-7.00640995e-20	8.89931619e-20
506             	3.88006100e-02	1.94003050e-02	1.94003050e-02	9.97283416e-01	3.37676968e-01	6.59606448e-01	-1.60964740e-01	9.32106421e-21	-7.95599467e-20	1.86873258e-20	-7.02162838e-20	8.89036096e-20
507             	3.87753508e-02	1.93876754e-02	1.93876754e-02	9.97333329e-01	3.37852937e-01	6.59480392e-01	-1.60813728e-01	9.32436463e-21	-7.95948140e-20	1.84349224e-20	-7.03773528e-20	8.88122751e-20
508             	3.87524795e-02	1.93762398e-02	1.93762398e-02	9.97365208e-01	3.38019778e-01	6.59345430e-01	-1.60662826e-01	9.32734606e-21	-7.96301022e-20	1.81909918e-20	-7.05346063e-20	8.87255981e-20
509             	3.87272013e-02	1.93636006e-02	1.93636006e-02	9.97355578e-01	3.38176693e-01	6.59178885e-01	-1.60501096e-01	9.33049591e-21	-7.96692217e-20	1.79368119e-20	-7.07008158e-20	8.86376276e-20
510             	3.87039658e-02	1.93519829e-02	1.93519829e-02	9.97325192e-01	3.38323888e-01	6.59001305e-01	-1.60338709e-01	9.33336229e-21	-7.97088444e-20	1.76909979e-20	-7.08633455e-20	8.85543434e-20
511             	3.86790769e-02	1.93395385e-02	1.93395385e-02	9.97257921e-01	3.38461157e-01	6.58796764e-01	-1.60167804e-01	9.33629897e-21	-7.97520491e-20	1.74365411e-20	-7.10337785e-20	8.84703196e-20
512             	3.86561181e-02	1.93280590e-02	1.93280590e-02	9.97168478e-01	3.38588238e-01	6.58580240e-01	-1.59996001e-01	9.33899227e-21	-7.97956654e-20	1.71909550e-20	-7.12001879e-20	8.83911429e-20
513             	3.86315792e-02	1.93157896e-02	1.93157896e-02	9.97043183e-01	3.38705002e-01	6.58338180e-01	-1.59816589e-01	9.34172658e-21	-7.98427193e-20	1.69374574e-20	-7.13739906e-20	8.83114480e-20
514             	3.86087128e-02	1.93043564e-02	1.93043564e-02	9.96893924e-01	3.38811366e-01	6.58082558e-01	-1.59635596e-01	9.34426045e-21	-7.98901978e-20	1.66929271e-20	-7.15437343e-20	8.82366614e-20
515             	3.85847135e-02	1.92923567e-02	1.92923567e-02	9.96711974e-01	3.38907400e-01	6.57804574e-01	-1.59448587e-01	9.34677472e-21	-7.99409323e-20	1.64416922e-20	-7.17200862e-20	8.81617784e-20
516             	3.85622952e-02	1.92811476e-02	1.92811476e-02	9.96505269e-01	3.38992627e-01	6.57512642e-01	-1.59260007e-01	9.34911329e-21	-7.99919308e-20	1.61998723e-20	-7.18919947e-20	8.80918670e-20
517             	3.85390223e-02	1.92695112e-02	1.92695112e-02	9.96268000e-01	3.39067386e-01	6.57200614e-01	-1.59066614e-01	9.35139893e-21	-8.00459835e-20	1.59523399e-20	-7.20698135e-20	8.80221534e-20
518             	3.85171955e-02	1.92585977e-02	1.92585977e-02	9.96005341e-01	3.39131220e-01	6.56874121e-01	-1.58871450e-01	9.35354672e-21	-8.01001181e-20	1.57147391e-20	-7.22427486e-20	8.79574877e-20
519             	3.84947609e-02	1.92473805e-02	1.92473805e-02	9.95714494e-01	3.39184491e-01	6.56530003e-01	-1.58672756e-01	9.35560349e-21	-8.01571857e-20	1.54724177e-20	-7.24209769e-20	8.78933945e-20
520             	3.84737183e-02	1.92368592e-02	1.92368592e-02	9.95398506e-01	3.39226741e-01	6.56171765e-01	-1.58472512e-01	9.35755093e-21	-8.02140178e-20	1.52407634e-20	-7.25936360e-20	8.78343995e-20
521             	3.84522587e-02	1.92261294e-02	1.92261294e-02	9.95056351e-01	3.39258400e-01	6.55797951e-01	-1.58269776e-01	9.35938515e-21	-8.02735755e-20	1.50053690e-20	-7.27708910e-20	8.77762600e-20
522             	3.84315148e-02	1.92157574e-02	1.92157574e-02	9.94690249e-01	3.39279232e-01	6.55411017e-01	-1.58065892e-01	9.36110245e-21	-8.03322630e-20	1.47783961e-20	-7.29430649e-20	8.77214611e-20
523             	3.84114062e-02	1.92057031e-02	1.92057031e-02	9.94292471e-01	3.39287053e-01	6.55005418e-01	-1.57859183e-01	9.36274952e-21	-8.03923239e-20	1.45591674e-20	-7.31127402e-20	8.76719076e-20
524             	3.83917439e-02	1.91958720e-02	1.91958720e-02	9.93879094e-01	3.39286553e-01	6.54592541e-01	-1.57652994e-01	9.36426731e-21	-8.04561793e-20	1.43351264e-20	-7.32886162e-20	8.76237425e-20
525             	3.83726903e-02	1.91863451e-02	1.91863451e-02	9.93444368e-01	3.39275713e-01	6.54168655e-01	-1.57446471e-01	9.36568824e-21	-8.05178520e-20	1.41217240e-20	-7.34569900e-20	8.75787141e-20
526             	3.83538133e-02	1.91769067e-02	1.91769067e-02	9.92975915e-01	3.39251517e-01	6.53724398e-01	-1.57236441e-01	9.36705670e-21	-8.05803141e-20	1.39174853e-20	-7.36215715e-20	8.75390567e-20
527             	3.83360373e-02	1.91680187e-02	1.91680187e-02	9.92499756e-01	3.39219961e-01	6.53279795e-01	-1.57029917e-01	9.36825951e-21	-8.06473025e-20	1.37078619e-20	-7.37933715e-20	8.75012334e-20
528             	3.83190621e-02	1.91595310e-02	1.91595310e-02	9.92002533e-01	3.39178938e-01	6.52823595e-01	-1.56822329e-01	9.36945596e-21	-8.07113225e-20	1.35128489e-20	-7.39548981e-20	8.74677470e-20
529             	3.83017906e-02	1.91508953e-02	1.91508953e-02	9.91485052e-01	3.39127681e-01	6.52357370e-01	-1.56614845e-01	9.37050337e-21	-8.07786754e-20	1.33155732e-20	-7.41208888e-20	8.74364620e-20
530             	3.82853060e-02	1.91426530e-02	1.91426530e-02	9.90948371e-01	3.39066256e-01	6.51882114e-01	-1.56407929e-01	9.37148629e-21	-8.08446244e-20	1.31283337e-20	-7.42804575e-20	8.74087912e-20
531             	3.82694407e-02	1.91347204e-02	1.91347204e-02	9.90387186e-01	3.38993664e-01	6.51393523e-01	-1.56199929e-01	9.37241733e-21	-8.09114026e-20	1.29495238e-20	-7.44366407e-20	8.73861645e-20
532             	3.82544548e-02	1.91272274e-02	1.91272274e-02	9.89820230e-01	3.38913242e-01	6.50906988e-01	-1.55996873e-01	9.37314892e-21	-8.09812657e-20	1.27691868e-20	-7.45966723e-20	8.73658591e-20
533             	3.82398844e-02	1.91199422e-02	1.91199422e-02	9.89235148e-01	3.38823018e-01	6.50412130e-01	-1.55794556e-01	9.37385650e-21	-8.10486856e-20	1.26003300e-20	-7.47485206e-20	8.73488506e-20
534             	3.82254557e-02	1.91127278e-02	1.91127278e-02	9.88621695e-01	3.38721058e-01	6.49900637e-01	-1.55589790e-01	9.37453152e-21	-8.11164803e-20	1.24407720e-20	-7.48960943e-20	8.73368664e-20
535             	3.82124369e-02	1.91062185e-02	1.91062185e-02	9.88012342e-01	3.38612857e-01	6.49399485e-01	-1.55393314e-01	9.37496271e-21	-8.11883865e-20	1.22780805e-20	-7.50493462e-20	8.73274267e-20
536             	3.81997820e-02	1.90998910e-02	1.90998910e-02	9.87387337e-01	3.38495625e-01	6.48891712e-01	-1.55198043e-01	9.37538999e-21	-8.12566985e-20	1.21286083e-20	-7.51923943e-20	8.73210027e-20
537             	3.81871298e-02	1.90935649e-02	1.90935649e-02	9.86733969e-01	3.38366953e-01	6.48367016e-01	-1.55000032e-01	9.37577814e-21	-8.13250551e-20	1.19886373e-20	-7.53307365e-20	8.73193738e-20
538             	3.81761415e-02	1.90880708e-02	1.90880708e-02	9.86090668e-01	3.38233018e-01	6.47857651e-01	-1.54812317e-01	9.37590979e-21	-8.13975255e-20	1.18457848e-20	-7.54746331e-20	8.73204179e-20
539             	3.81656376e-02	1.90828188e-02	1.90828188e-02	9.85432243e-01	3.38090781e-01	6.47341462e-01	-1.54625341e-01	9.37609167e-21	-8.14658133e-20	1.17185384e-20	-7.56065441e-20	8.73250825e-20
540             	3.81550675e-02	1.90775338e-02	1.90775338e-02	9.84764828e-01	3.37940987e-01	6.46823840e-01	-1.54441427e-01	9.37609925e-21	-8.15371456e-20	1.15906455e-20	-7.57418228e-20	8.73324683e-20
541             	3.81451373e-02	1.90725687e-02	1.90725687e-02	9.84087967e-01	3.37783219e-01	6.46304748e-01	-1.54260764e-01	9.37604514e-21	-8.16065211e-20	1.14731798e-20	-7.58699312e-20	8.73431110e-20
542             	3.81357686e-02	1.90678843e-02	1.90678843e-02	9.83397166e-01	3.37617294e-01	6.45779872e-01	-1.54081289e-01	9.37593836e-21	-8.16752546e-20	1.13651704e-20	-7.59926694e-20	8.73578398e-20
543             	3.81278381e-02	1.90639190e-02	1.90639190e-02	9.82715575e-01	3.37446182e-01	6.45269393e-01	-1.53911606e-01	9.37557190e-21	-8.17463127e-20	1.12582096e-20	-7.61172079e-20	8.73754175e-20
544             	3.81200771e-02	1.90600385e-02	1.90600385e-02	9.82024914e-01	3.37268403e-01	6.44756511e-01	-1.53744054e-01	9.37525777e-21	-8.18146929e-20	1.11622465e-20	-7.62335697e-20	8.73958161e-20
545             	3.81123089e-02	1.90561544e-02	1.90561544e-02	9.81317962e-01	3.37083350e-01	6.44234612e-01	-1.53575631e-01	9.37494656e-21	-8.18818042e-20	1.10762727e-20	-7.63436679e-20	8.74199406e-20
546             	3.81064090e-02	1.90532045e-02	1.90532045e-02	9.80631202e-01	3.36895409e-01	6.43735794e-01	-1.53420192e-01	9.37434468e-21	-8.19521742e-20	1.09898561e-20	-7.64572461e-20	8.74471022e-20
547             	3.81007115e-02	1.90503557e-02	1.90503557e-02	9.79938317e-01	3.36701884e-01	6.43236433e-01	-1.53267275e-01	9.37378465e-21	-8.20193570e-20	1.09152056e-20	-7.65617542e-20	8.74769598e-20
548             	3.80946349e-02	1.90473174e-02	1.90473174e-02	9.79228930e-01	3.36502140e-01	6.42726790e-01	-1.53112325e-01	9.37326903e-21	-8.20848675e-20	1.08500541e-20	-7.66598404e-20	8.75098945e-20
549             	3.80907926e-02	1.90453963e-02	1.90453963e-02	9.78545430e-01	3.36300402e-01	6.42245028e-01	-1.52972313e-01	9.37240803e-21	-8.21539978e-20	1.07843019e-20	-7.67618469e-20	8.75461487e-20
550             	3.80870674e-02	1.90435337e-02	1.90435337e-02	9.77857234e-01	3.36093817e-01	6.41763417e-01	-1.52834800e-01	9.37162616e-21	-8.22197663e-20	1.07298179e-20	-7.68548574e-20	8.75846753e-20
551             	3.80828846e-02	1.90414423e-02	1.90414423e-02	9.77154272e-01	3.35881907e-01	6.41272365e-01	-1.52695229e-01	9.37087448e-21	-8.22832449e-20	1.06849604e-20	-7.69407647e-20	8.76257251e-20
552             	3.80810226e-02	1.90405113e-02	1.90405113e-02	9.76480884e-01	3.35668867e-01	6.40812017e-01	-1.52571575e-01	9.36978874e-21	-8.23499350e-20	1.06400607e-20	-7.70299046e-20	8.76699654e-20
553             	3.80788029e-02	1.90394015e-02	1.90394015e-02	9.75802286e-01	3.35451955e-01	6.40350331e-01	-1.52449188e-01	9.36889215e-21	-8.24121855e-20	1.06073260e-20	-7.71085225e-20	8.77158485e-20
554             	3.80772938e-02	1.90386469e-02	1.90386469e-02	9.75132716e-01	3.35233037e-01	6.39899679e-01	-1.52333321e-01	9.36778075e-21	-8.24760853e-20	1.05770180e-20	-7.71875763e-20	8.77645943e-20
555             	3.80764695e-02	1.90382348e-02	1.90382348e-02	9.74469109e-01	3.35011249e-01	6.39457860e-01	-1.52223306e-01	9.36667356e-21	-8.25381824e-20	1.05547298e-20	-7.72608176e-20	8.78155473e-20
556             	3.80754238e-02	1.90377119e-02	1.90377119e-02	9.73806758e-01	3.34787639e-01	6.39019118e-01	-1.52115739e-01	9.36564745e-21	-8.25976719e-20	1.05405646e-20	-7.73273895e-20	8.78679542e-20
557             	3.80761950e-02	1.90380975e-02	1.90380975e-02	9.73168989e-01	3.34563727e-01	6.38605263e-01	-1.52020768e-01	9.36434698e-21	-8.26592037e-20	1.05286999e-20	-7.73948537e-20	8.79235536e-20
558             	3.80767722e-02	1.90383861e-02	1.90383861e-02	9.72534961e-01	3.34338446e-01	6.38196515e-01	-1.51929035e-01	9.36319726e-21	-8.27181379e-20	1.05246449e-20	-7.74558154e-20	8.79804603e-20
559             	3.80769259e-02	1.90384629e-02	1.90384629e-02	9.71900662e-01	3.34112419e-01	6.37788243e-01	-1.51837912e-01	9.36211943e-21	-8.27737808e-20	1.05290797e-20	-7.75092410e-20	8.80383207e-20
560             	3.80792171e-02	1.90396085e-02	1.90396085e-02	9.71299401e-01	3.33887449e-01	6.37411952e-01	-1.51762251e-01	9.36075774e-21	-8.28320869e-20	1.05343126e-20	-7.75649306e-20	8.80992432e-20
561             	3.80812948e-02	1.90406474e-02	1.90406474e-02	9.70703798e-01	3.33661900e-01	6.37041898e-01	-1.51689999e-01	9.35954079e-21	-8.28873844e-20	1.05476546e-20	-7.76135571e-20	8.81612117e-20
562             	3.80824116e-02	1.90412058e-02	1.90412058e-02	9.70107949e-01	3.33437173e-01	6.36670777e-01	-1.51616802e-01	9.35846102e-21	-8.29389109e-20	1.05686685e-20	-7.76545766e-20	8.82232451e-20
563             	3.80859360e-02	1.90429680e-02	1.90429680e-02	9.69548694e-01	3.33214061e-01	6.36334632e-01	-1.51560285e-01	9.35703687e-21	-8.29932718e-20	1.05903083e-20	-7.76981176e-20	8.82884259e-20
564             	3.80883830e-02	1.90441915e-02	1.90441915e-02	9.68994209e-01	3.32991536e-01	6.36002673e-01	-1.51505568e-01	9.35592670e-21	-8.30433325e-20	1.06195000e-20	-7.77335825e-20	8.83530825e-20
565             	3.80916167e-02	1.90458084e-02	1.90458084e-02	9.68458590e-01	3.32771307e-01	6.35687283e-01	-1.51457988e-01	9.35458306e-21	-8.30940627e-20	1.06520908e-20	-7.77680173e-20	8.84201081e-20
566             	3.80955225e-02	1.90477613e-02	1.90477613e-02	9.67939531e-01	3.32552159e-01	6.35387372e-01	-1.51417606e-01	9.35328486e-21	-8.31435188e-20	1.06893191e-20	-7.77988593e-20	8.84881783e-20
567             	3.80985977e-02	1.90492989e-02	1.90492989e-02	9.67431122e-01	3.32335687e-01	6.35095435e-01	-1.51379874e-01	9.35214233e-21	-8.31887308e-20	1.07331588e-20	-7.78221514e-20	8.85553102e-20
568             	3.81032052e-02	1.90516026e-02	1.90516026e-02	9.66952413e-01	3.32122212e-01	6.34830201e-01	-1.51353994e-01	9.35078092e-21	-8.32354922e-20	1.07789512e-20	-7.78460165e-20	8.86249678e-20
569             	3.81075362e-02	1.90537681e-02	1.90537681e-02	9.66487033e-01	3.31911148e-01	6.34575885e-01	-1.51332368e-01	9.34956738e-21	-8.32797955e-20	1.08298083e-20	-7.78648913e-20	8.86946996e-20
570             	3.81106098e-02	1.90553049e-02	1.90553049e-02	9.66030171e-01	3.31704547e-01	6.34325624e-01	-1.51310538e-01	9.34852806e-21	-8.33199318e-20	1.08860185e-20	-7.78769225e-20	8.87629410e-20
571             	3.81154995e-02	1.90577498e-02	1.90577498e-02	9.65608970e-01	3.31501453e-01	6.34107518e-01	-1.51303033e-01	9.34722371e-21	-8.33621344e-20	1.09435438e-20	-7.78903626e-20	8.88339063e-20
572             	3.81188687e-02	1.90594344e-02	1.90594344e-02	9.65197601e-01	3.31301565e-01	6.33896036e-01	-1.51297235e-01	9.34625374e-21	-8.34006200e-20	1.10049382e-20	-7.78981509e-20	8.89030891e-20
573             	3.81230268e-02	1.90615134e-02	1.90615134e-02	9.64809871e-01	3.31106548e-01	6.33703323e-01	-1.51298387e-01	9.34504500e-21	-8.34393221e-20	1.10700978e-20	-7.79042731e-20	8.89743710e-20
574             	3.81272999e-02	1.90636500e-02	1.90636500e-02	9.64442033e-01	3.30915226e-01	6.33526808e-01	-1.51305791e-01	9.34394141e-21	-8.34771435e-20	1.11369927e-20	-7.79086471e-20	8.90456398e-20
575             	3.81304022e-02	1.90652011e-02	1.90652011e-02	9.64090350e-01	3.30729518e-01	6.33360832e-01	-1.51315657e-01	9.34301564e-21	-8.35105223e-20	1.12086054e-20	-7.79062196e-20	8.91148250e-20
576             	3.81345904e-02	1.90672952e-02	1.90672952e-02	9.63767520e-01	3.30548459e-01	6.33219061e-01	-1.51335301e-01	9.34191198e-21	-8.35453925e-20	1.12814413e-20	-7.79046718e-20	8.91861131e-20
577             	3.81374253e-02	1.90687127e-02	1.90687127e-02	9.63459653e-01	3.30372396e-01	6.33087257e-01	-1.51357430e-01	9.34110605e-21	-8.35771273e-20	1.13558307e-20	-7.78992119e-20	8.92550427e-20
578             	3.81408438e-02	1.90704219e-02	1.90704219e-02	9.63176716e-01	3.30202536e-01	6.32974180e-01	-1.51385822e-01	9.34015195e-21	-8.36085217e-20	1.14338879e-20	-7.78915777e-20	8.93254656e-20
579             	3.81430990e-02	1.90715495e-02	1.90715495e-02	9.62911751e-01	3.30038613e-01	6.32873137e-01	-1.51417262e-01	9.33947338e-21	-8.36370481e-20	1.15123529e-20	-7.78808716e-20	8.93932245e-20
580             	3.81459707e-02	1.90729854e-02	1.90729854e-02	9.62672802e-01	3.29880856e-01	6.32791945e-01	-1.51455544e-01	9.33864644e-21	-8.36657544e-20	1.15934413e-20	-7.78690338e-20	8.94624750e-20
581             	3.81474509e-02	1.90737254e-02	1.90737254e-02	9.62450956e-01	3.29729359e-01	6.32721597e-01	-1.51496119e-01	9.33810926e-21	-8.36916109e-20	1.16742563e-20	-7.78544828e-20	8.95287391e-20
582             	3.81496441e-02	1.90748220e-02	1.90748220e-02	9.62255698e-01	3.29584756e-01	6.32670943e-01	-1.51543094e-01	9.33741107e-21	-8.37178144e-20	1.17570633e-20	-7.78392828e-20	8.95963461e-20
583             	3.81503928e-02	1.90751964e-02	1.90751964e-02	9.62078736e-01	3.29446886e-01	6.32631851e-01	-1.51592483e-01	9.33703172e-21	-8.37411417e-20	1.18387819e-20	-7.78217507e-20	8.96605326e-20
584             	3.81517250e-02	1.90758625e-02	1.90758625e-02	9.61926397e-01	3.29315877e-01	6.32610520e-01	-1.51647322e-01	9.33649135e-21	-8.37651037e-20	1.19217469e-20	-7.78042303e-20	8.97259771e-20
585             	3.81514724e-02	1.90757362e-02	1.90757362e-02	9.61791411e-01	3.29192016e-01	6.32599395e-01	-1.51703690e-01	9.33627364e-21	-8.37864894e-20	1.20025525e-20	-7.77852131e-20	8.97877657e-20
586             	3.81518893e-02	1.90759447e-02	1.90759447e-02	9.61681807e-01	3.29075371e-01	6.32606436e-01	-1.51765533e-01	9.33590037e-21	-8.38081280e-20	1.20851192e-20	-7.77655684e-20	8.98506876e-20
587             	3.81508490e-02	1.90754245e-02	1.90754245e-02	9.61590160e-01	3.28966174e-01	6.32623986e-01	-1.51828906e-01	9.33583269e-21	-8.38273510e-20	1.21650463e-20	-7.77448279e-20	8.99098742e-20
588             	3.81501137e-02	1.90750569e-02	1.90750569e-02	9.61520792e-01	3.28864321e-01	6.32656471e-01	-1.51896075e-01	9.33565717e-21	-8.38463462e-20	1.22466230e-20	-7.77230347e-20	8.99696577e-20
589             	3.81482282e-02	1.90741141e-02	1.90741141e-02	9.61472132e-01	3.28770539e-01	6.32701593e-01	-1.51965527e-01	9.33574175e-21	-8.38636183e-20	1.23244844e-20	-7.77013761e-20	9.00258606e-20
590             	3.81465388e-02	1.90732694e-02	1.90732694e-02	9.61444518e-01	3.28684315e-01	6.32760203e-01	-1.52037944e-01	9.33575825e-21	-8.38806858e-20	1.24035596e-20	-7.76789060e-20	9.00824656e-20
591             	3.81435882e-02	1.90717941e-02	1.90717941e-02	9.61437750e-01	3.28606703e-01	6.32831047e-01	-1.52112172e-01	9.33604984e-21	-8.38963413e-20	1.24779528e-20	-7.76573649e-20	9.01353177e-20
592             	3.81407704e-02	1.90703852e-02	1.90703852e-02	9.61451525e-01	3.28536970e-01	6.32914555e-01	-1.52188793e-01	9.33628053e-21	-8.39120586e-20	1.25528481e-20	-7.76356345e-20	9.01884826e-20
593             	3.81368130e-02	1.90684065e-02	1.90684065e-02	9.61486204e-01	3.28475952e-01	6.33010252e-01	-1.52267150e-01	9.33678559e-21	-8.39266776e-20	1.26223261e-20	-7.76155145e-20	9.02378406e-20
594             	3.81328786e-02	1.90664393e-02	1.90664393e-02	9.61539491e-01	3.28422833e-01	6.33116659e-01	-1.52346913e-01	9.33723941e-21	-8.39408879e-20	1.26925728e-20	-7.75946015e-20	9.02871744e-20
595             	3.81278230e-02	1.90639115e-02	1.90639115e-02	9.61613564e-01	3.28378606e-01	6.33234958e-01	-1.52428176e-01	9.33795316e-21	-8.39541162e-20	1.27568760e-20	-7.75756782e-20	9.03325542e-20
596             	3.81228448e-02	1.90614224e-02	1.90614224e-02	9.61704854e-01	3.28341989e-01	6.33362866e-01	-1.52510439e-01	9.33859766e-21	-8.39676427e-20	1.28206369e-20	-7.75573242e-20	9.03779611e-20
597             	3.81167211e-02	1.90583606e-02	1.90583606e-02	9.61815461e-01	3.28314202e-01	6.33501259e-01	-1.52593528e-01	9.33949782e-21	-8.39800783e-20	1.28783290e-20	-7.75409139e-20	9.04192428e-20
598             	3.81105530e-02	1.90552765e-02	1.90552765e-02	9.61941355e-01	3.28293841e-01	6.33647514e-01	-1.52676837e-01	9.34033432e-21	-8.39929375e-20	1.29347053e-20	-7.75255849e-20	9.04602902e-20
599             	3.81032932e-02	1.90516466e-02	1.90516466e-02	9.62085893e-01	3.28282268e-01	6.33803625e-01	-1.52760678e-01	9.34141115e-21	-8.40049407e-20	1.29844278e-20	-7.75127268e-20	9.04971546e-20
600             	3.80958939e-02	1.90479469e-02	1.90479469e-02	9.62243787e-01	3.28277816e-01	6.33965970e-01	-1.52844077e-01	9.34244916e-21	-8.40169824e-20	1.30329464e-20	-7.75005093e-20	9.05334556e-20
601             	3.80874651e-02	1.90437325e-02	1.90437325e-02	9.62419805e-01	3.28282124e-01	6.34137680e-01	-1.52927778e-01	9.34371509e-21	-8.40285899e-20	1.30739313e-20	-7.74916242e-20	9.05655555e-20
602             	3.80787126e-02	1.90393563e-02	1.90393563e-02	9.62606717e-01	3.28293394e-01	6.34313323e-01	-1.53009964e-01	9.34497230e-21	-8.40395411e-20	1.31142723e-20	-7.74824050e-20	9.05966773e-20
603             	3.80691106e-02	1.90345553e-02	1.90345553e-02	9.62812029e-01	3.28313357e-01	6.34498672e-01	-1.53092658e-01	9.34640698e-21	-8.40505973e-20	1.31462972e-20	-7.74774487e-20	9.06237459e-20
604             	3.80591144e-02	1.90295572e-02	1.90295572e-02	9.63026289e-01	3.28340044e-01	6.34686245e-01	-1.53173101e-01	9.34784496e-21	-8.40610211e-20	1.31773010e-20	-7.74723706e-20	9.06496716e-20
605             	3.80482404e-02	1.90241202e-02	1.90241202e-02	9.63258254e-01	3.28375472e-01	6.34882782e-01	-1.53253655e-01	9.34945573e-21	-8.40715651e-20	1.31999090e-20	-7.74716106e-20	9.06715196e-20
606             	3.80368276e-02	1.90184138e-02	1.90184138e-02	9.63497336e-01	3.28417497e-01	6.35079839e-01	-1.53331171e-01	9.35109245e-21	-8.40812476e-20	1.32214871e-20	-7.74705041e-20	9.06919912e-20
607             	3.80249540e-02	1.90124770e-02	1.90124770e-02	9.63750087e-01	3.28467181e-01	6.35282907e-01	-1.53407863e-01	9.35280082e-21	-8.40918710e-20	1.32358408e-20	-7.74739506e-20	9.07097915e-20
608             	3.80116265e-02	1.90058133e-02	1.90058133e-02	9.64019036e-01	3.28526707e-01	6.35492330e-01	-1.53482811e-01	9.35469181e-21	-8.41012598e-20	1.32438042e-20	-7.74793577e-20	9.07231619e-20
609             	3.79981673e-02	1.89990836e-02	1.89990836e-02	9.64289569e-01	3.28590672e-01	6.35698897e-01	-1.53554113e-01	9.35659975e-21	-8.41117147e-20	1.32476798e-20	-7.74878748e-20	9.07355547e-20
610             	3.79839641e-02	1.89919820e-02	1.89919820e-02	9.64574013e-01	3.28662353e-01	6.35911660e-01	-1.53624654e-01	9.35860887e-21	-8.41227827e-20	1.32426731e-20	-7.75014462e-20	9.07441193e-20
611             	3.79689526e-02	1.89844763e-02	1.89844763e-02	9.64861173e-01	3.28740137e-01	6.36121037e-01	-1.53690450e-01	9.36069336e-21	-8.41326628e-20	1.32359495e-20	-7.75146881e-20	9.07506376e-20
612             	3.79534750e-02	1.89767375e-02	1.89767375e-02	9.65158343e-01	3.28824710e-01	6.36333633e-01	-1.53754462e-01	9.36284273e-21	-8.41440070e-20	1.32209926e-20	-7.75335106e-20	9.07545033e-20
613             	3.79369005e-02	1.89684503e-02	1.89684503e-02	9.65468193e-01	3.28917544e-01	6.36550650e-01	-1.53816553e-01	9.36516543e-21	-8.41546636e-20	1.31992308e-20	-7.75550482e-20	9.07542791e-20
614             	3.79199117e-02	1.89599558e-02	1.89599558e-02	9.65774725e-01	3.29014199e-01	6.36760526e-01	-1.53873164e-01	9.36751167e-21	-8.41659531e-20	1.31733053e-20	-7.75793004e-20	9.07526058e-20
615             	3.79025893e-02	1.89512946e-02	1.89512946e-02	9.66093820e-01	3.29117712e-01	6.36976108e-01	-1.53929198e-01	9.36990920e-21	-8.41785995e-20	1.31379175e-20	-7.76096407e-20	9.07475582e-20
616             	3.78840687e-02	1.89420344e-02	1.89420344e-02	9.66408836e-01	3.29225885e-01	6.37182951e-01	-1.53978533e-01	9.37243219e-21	-8.41898861e-20	1.31004301e-20	-7.76396711e-20	9.07401012e-20
617             	3.78649262e-02	1.89324631e-02	1.89324631e-02	9.66734763e-01	3.29340927e-01	6.37393836e-01	-1.54026454e-01	9.37503449e-21	-8.42025900e-20	1.30534400e-20	-7.76758700e-20	9.07293100e-20
618             	3.78448792e-02	1.89224396e-02	1.89224396e-02	9.67053235e-01	3.29459342e-01	6.37593893e-01	-1.54067276e-01	9.37769840e-21	-8.42154131e-20	1.30027114e-20	-7.77140574e-20	9.07167688e-20
619             	3.78244378e-02	1.89122189e-02	1.89122189e-02	9.67382332e-01	3.29584081e-01	6.37798251e-01	-1.54107085e-01	9.38041696e-21	-8.42298103e-20	1.29427779e-20	-7.77584214e-20	9.07011993e-20
620             	3.78028568e-02	1.89014284e-02	1.89014284e-02	9.67703008e-01	3.29712100e-01	6.37990908e-01	-1.54139404e-01	9.38323249e-21	-8.42438085e-20	1.28795972e-20	-7.78040099e-20	9.06836071e-20
621             	3.77810191e-02	1.88905095e-02	1.88905095e-02	9.68027835e-01	3.29844782e-01	6.38183053e-01	-1.54169135e-01	9.38605003e-21	-8.42595246e-20	1.28085667e-20	-7.78552412e-20	9.06638079e-20
622             	3.77579363e-02	1.88789681e-02	1.88789681e-02	9.68356611e-01	3.29983254e-01	6.38373356e-01	-1.54195051e-01	9.38902880e-21	-8.42750423e-20	1.27314358e-20	-7.79093244e-20	9.06407602e-20
623             	3.77342358e-02	1.88671179e-02	1.88671179e-02	9.68670842e-01	3.30122829e-01	6.38548013e-01	-1.54212592e-01	9.39206875e-21	-8.42918267e-20	1.26485115e-20	-7.79675710e-20	9.06160824e-20
624             	3.77103870e-02	1.88551935e-02	1.88551935e-02	9.68990401e-01	3.30266697e-01	6.38723704e-01	-1.54228504e-01	9.39508786e-21	-8.43101383e-20	1.25577444e-20	-7.80312661e-20	9.05890105e-20
625             	3.76848071e-02	1.88424036e-02	1.88424036e-02	9.69294680e-01	3.30412351e-01	6.38882330e-01	-1.54234989e-01	9.39827185e-21	-8.43277363e-20	1.24634530e-20	-7.80960098e-20	9.05594628e-20
626             	3.76593729e-02	1.88296865e-02	1.88296865e-02	9.69598471e-01	3.30560404e-01	6.39038066e-01	-1.54238831e-01	9.40137092e-21	-8.43481808e-20	1.23606249e-20	-7.81678684e-20	9.05284933e-20
627             	3.76329417e-02	1.88164708e-02	1.88164708e-02	9.69901296e-01	3.30712103e-01	6.39189193e-01	-1.54238545e-01	9.40462808e-21	-8.43687233e-20	1.22521100e-20	-7.82426683e-20	9.04947783e-20
628             	3.76058541e-02	1.88029270e-02	1.88029270e-02	9.70186306e-01	3.30863488e-01	6.39322818e-01	-1.54229665e-01	9.40790121e-21	-8.43904382e-20	1.21381116e-20	-7.83213825e-20	9.04594940e-20
629             	3.75790707e-02	1.87895354e-02	1.87895354e-02	9.70474062e-01	3.31017449e-01	6.39456613e-01	-1.54219582e-01	9.41112001e-21	-8.44137746e-20	1.20174445e-20	-7.84050524e-20	9.04224968e-20
630             	3.75504240e-02	1.87752120e-02	1.87752120e-02	9.70741947e-01	3.31171436e-01	6.39570511e-01	-1.54199537e-01	9.41448544e-21	-8.44363057e-20	1.18934986e-20	-7.84895564e-20	9.03830550e-20
631             	3.75220142e-02	1.87610071e-02	1.87610071e-02	9.71005864e-01	3.31326458e-01	6.39679407e-01	-1.54176475e-01	9.41776560e-21	-8.44610647e-20	1.17628406e-20	-7.85796444e-20	9.03424850e-20
632             	3.74925635e-02	1.87462818e-02	1.87462818e-02	9.71263865e-01	3.31483257e-01	6.39780608e-01	-1.54148675e-01	9.42115775e-21	-8.44861823e-20	1.16276657e-20	-7.86723495e-20	9.03000152e-20
633             	3.74622866e-02	1.87311433e-02	1.87311433e-02	9.71499436e-01	3.31638471e-01	6.39860965e-01	-1.54111247e-01	9.42459017e-21	-8.45125541e-20	1.14869137e-20	-7.87690973e-20	9.02560110e-20
634             	3.74325262e-02	1.87162631e-02	1.87162631e-02	9.71733466e-01	3.31794531e-01	6.39938935e-01	-1.54072202e-01	9.42792560e-21	-8.45404113e-20	1.13414233e-20	-7.88696996e-20	9.02111230e-20
635             	3.74006133e-02	1.87003067e-02	1.87003067e-02	9.71942452e-01	3.31949180e-01	6.39993272e-01	-1.54022046e-01	9.43143076e-21	-8.45679200e-20	1.11919662e-20	-7.89719369e-20	9.01639031e-20
636             	3.73690835e-02	1.86845417e-02	1.86845417e-02	9.72147241e-01	3.32104038e-01	6.40043203e-01	-1.53969583e-01	9.43484447e-21	-8.45982429e-20	1.10362371e-20	-7.90801244e-20	9.01163615e-20
637             	3.73364318e-02	1.86682159e-02	1.86682159e-02	9.72328698e-01	3.32256545e-01	6.40072153e-01	-1.53907804e-01	9.43831117e-21	-8.46289196e-20	1.08765085e-20	-7.91906653e-20	9.00671738e-20
638             	3.73041267e-02	1.86520634e-02	1.86520634e-02	9.72504249e-01	3.32408799e-01	6.40095450e-01	-1.53843325e-01	9.44171879e-21	-8.46615013e-20	1.07124236e-20	-7.93052895e-20	9.00177131e-20
639             	3.72704509e-02	1.86352255e-02	1.86352255e-02	9.72654116e-01	3.32558078e-01	6.40096039e-01	-1.53768981e-01	9.44520651e-21	-8.46945935e-20	1.05440340e-20	-7.94225765e-20	8.99666105e-20
640             	3.72374050e-02	1.86187025e-02	1.86187025e-02	9.72796998e-01	3.32706411e-01	6.40090587e-01	-1.53692088e-01	9.44859856e-21	-8.47300197e-20	1.03712548e-20	-7.95443923e-20	8.99156471e-20
641             	3.72029872e-02	1.86014936e-02	1.86014936e-02	9.72913917e-01	3.32851520e-01	6.40062396e-01	-1.53605438e-01	9.45204610e-21	-8.47659031e-20	1.01943814e-20	-7.96687124e-20	8.98630938e-20
642             	3.71693350e-02	1.85846675e-02	1.85846675e-02	9.73022578e-01	3.32995017e-01	6.40027561e-01	-1.53516272e-01	9.45538173e-21	-8.48046892e-20	1.00130303e-20	-7.97981740e-20	8.98112043e-20
643             	3.71346080e-02	1.85673040e-02	1.85673040e-02	9.73105516e-01	3.33134807e-01	6.39970709e-01	-1.53417951e-01	9.45876150e-21	-8.48440297e-20	9.82772363e-21	-7.99301678e-20	8.97578915e-20
644             	3.71007136e-02	1.85503568e-02	1.85503568e-02	9.73178457e-01	3.33272281e-01	6.39906176e-01	-1.53316947e-01	9.46204610e-21	-8.48855334e-20	9.63931178e-21	-8.00658775e-20	8.97051893e-20
645             	3.70657858e-02	1.85328929e-02	1.85328929e-02	9.73226187e-01	3.33405832e-01	6.39820355e-01	-1.53207261e-01	9.46535318e-21	-8.49272404e-20	9.44782079e-21	-8.02033300e-20	8.96511508e-20
646             	3.70319633e-02	1.85159816e-02	1.85159816e-02	9.73263322e-01	3.33536238e-01	6.39727084e-01	-1.53095423e-01	9.46854147e-21	-8.49711140e-20	9.25384595e-21	-8.03441910e-20	8.95980370e-20
647             	3.69969555e-02	1.84984778e-02	1.84984778e-02	9.73273633e-01	3.33662428e-01	6.39611205e-01	-1.52974388e-01	9.47177654e-21	-8.50150369e-20	9.05708425e-21	-8.04864948e-20	8.95435790e-20
648             	3.69630718e-02	1.84815359e-02	1.84815359e-02	9.73272105e-01	3.33784975e-01	6.39487130e-01	-1.52851078e-01	9.47487066e-21	-8.50613181e-20	8.85824146e-21	-8.06321974e-20	8.94904388e-20
649             	3.69281615e-02	1.84640807e-02	1.84640807e-02	9.73243669e-01	3.33902640e-01	6.39341029e-01	-1.52719195e-01	9.47797733e-21	-8.51079168e-20	8.65643559e-21	-8.07796990e-20	8.94361346e-20
650             	3.68943298e-02	1.84471649e-02	1.84471649e-02	9.73202346e-01	3.34016400e-01	6.39185946e-01	-1.52584773e-01	9.48097969e-21	-8.51559771e-20	8.45448726e-21	-8.09287334e-20	8.93832207e-20
651             	3.68595137e-02	1.84297568e-02	1.84297568e-02	9.73134136e-01	3.34124792e-01	6.39009344e-01	-1.52442276e-01	9.48397320e-21	-8.52041886e-20	8.25017468e-21	-8.10791013e-20	8.93292760e-20
652             	3.68258021e-02	1.84129011e-02	1.84129011e-02	9.73051791e-01	3.34228746e-01	6.38823045e-01	-1.52297150e-01	9.48685231e-21	-8.52539362e-20	8.04604859e-21	-8.12309119e-20	8.92769605e-20
653             	3.67910537e-02	1.83955268e-02	1.83955268e-02	9.72942123e-01	3.34326796e-01	6.38615327e-01	-1.52144265e-01	9.48970987e-21	-8.53042629e-20	7.83921062e-21	-8.13846576e-20	8.92238682e-20
654             	3.67573469e-02	1.83786734e-02	1.83786734e-02	9.72817147e-01	3.34419864e-01	6.38397283e-01	-1.51988710e-01	9.49245972e-21	-8.53560410e-20	7.63321221e-21	-8.15394349e-20	8.91726471e-20
655             	3.67228515e-02	1.83614257e-02	1.83614257e-02	9.72665383e-01	3.34506257e-01	6.38159125e-01	-1.51826434e-01	9.49514810e-21	-8.54084141e-20	7.42500386e-21	-8.16959121e-20	8.91209160e-20
656             	3.66891984e-02	1.83445992e-02	1.83445992e-02	9.72496923e-01	3.34587292e-01	6.37909631e-01	-1.51661170e-01	9.49776557e-21	-8.54620014e-20	7.21828401e-21	-8.18528594e-20	8.90711434e-20
657             	3.66548157e-02	1.83274078e-02	1.83274078e-02	9.72301977e-01	3.34661175e-01	6.37640802e-01	-1.51489813e-01	9.50029607e-21	-8.55159844e-20	7.01020725e-21	-8.20108808e-20	8.90210881e-20
658             	3.66211784e-02	1.83105892e-02	1.83105892e-02	9.72089461e-01	3.34729238e-01	6.37360222e-01	-1.51315492e-01	9.50275907e-21	-8.55711417e-20	6.80400276e-21	-8.21691403e-20	8.89731431e-20
659             	3.65869532e-02	1.82934766e-02	1.82934766e-02	9.71851600e-01	3.34789934e-01	6.37061666e-01	-1.51135866e-01	9.50511964e-21	-8.56268963e-20	6.59666166e-21	-8.23285655e-20	8.89252271e-20
660             	3.65533799e-02	1.82766899e-02	1.82766899e-02	9.71595003e-01	3.34844181e-01	6.36750822e-01	-1.50953321e-01	9.50741188e-21	-8.56842537e-20	6.39084885e-21	-8.24888293e-20	8.88796781e-20
661             	3.65195693e-02	1.82597847e-02	1.82597847e-02	9.71315215e-01	3.34890598e-01	6.36424617e-01	-1.50767010e-01	9.50954695e-21	-8.57423125e-20	6.18430719e-21	-8.26501589e-20	8.88344660e-20
662             	3.64862496e-02	1.82431248e-02	1.82431248e-02	9.71016126e-01	3.34930409e-01	6.36085717e-01	-1.50577654e-01	9.51166135e-21	-8.58012835e-20	5.98050466e-21	-8.28110312e-20	8.87915358e-20
663             	3.64527779e-02	1.82263889e-02	1.82263889e-02	9.70695116e-01	3.34962420e-01	6.35732696e-01	-1.50385138e-01	9.51361294e-21	-8.58608527e-20	5.77665914e-21	-8.29725231e-20	8.87491823e-20
664             	3.64197457e-02	1.82098729e-02	1.82098729e-02	9.70353988e-01	3.34987394e-01	6.35366594e-01	-1.50189600e-01	9.51553334e-21	-8.59217260e-20	5.57526170e-21	-8.31340952e-20	8.87093569e-20
665             	3.63866518e-02	1.81933259e-02	1.81933259e-02	9.69992589e-01	3.35004471e-01	6.34988118e-01	-1.49991823e-01	9.51727237e-21	-8.59833952e-20	5.37387252e-21	-8.32964589e-20	8.86703315e-20
666             	3.63539860e-02	1.81769930e-02	1.81769930e-02	9.69611164e-01	3.35014363e-01	6.34596800e-01	-1.49791218e-01	9.51900117e-21	-8.60460146e-20	5.17572505e-21	-8.34581521e-20	8.86338771e-20
667             	3.63214080e-02	1.81607040e-02	1.81607040e-02	9.69210841e-01	3.35016257e-01	6.34194584e-01	-1.49589163e-01	9.52052723e-21	-8.61087399e-20	4.97932137e-21	-8.36190793e-20	8.85984006e-20
668             	3.62890839e-02	1.81445420e-02	1.81445420e-02	9.68790384e-01	3.35010978e-01	6.33779406e-01	-1.49384214e-01	9.52207169e-21	-8.61723477e-20	4.78637749e-21	-8.37791590e-20	8.85655365e-20
669             	3.62569844e-02	1.81284922e-02	1.81284922e-02	9.68352672e-01	3.34997684e-01	6.33354988e-01	-1.49178652e-01	9.52338950e-21	-8.62362569e-20	4.59542364e-21	-8.39385451e-20	8.85339687e-20
670             	3.62250449e-02	1.81125224e-02	1.81125224e-02	9.67894962e-01	3.34977200e-01	6.32917761e-01	-1.48970280e-01	9.52475178e-21	-8.63007941e-20	4.40853628e-21	-8.40965259e-20	8.85050622e-20
671             	3.61934153e-02	1.80967077e-02	1.80967077e-02	9.67421545e-01	3.34948782e-01	6.32472764e-01	-1.48761991e-01	9.52588157e-21	-8.63660014e-20	4.22343938e-21	-8.42542817e-20	8.84777211e-20
672             	3.61617200e-02	1.80808600e-02	1.80808600e-02	9.66929268e-01	3.34912951e-01	6.32016317e-01	-1.48551683e-01	9.52700508e-21	-8.64309135e-20	4.04277159e-21	-8.44095277e-20	8.84522993e-20
673             	3.61305682e-02	1.80652841e-02	1.80652841e-02	9.66418185e-01	3.34868864e-01	6.31549322e-01	-1.48340229e-01	9.52804248e-21	-8.64965523e-20	3.86761174e-21	-8.45627465e-20	8.84303582e-20
674             	3.61002502e-02	1.80501251e-02	1.80501251e-02	9.65897174e-01	3.34817773e-01	6.31079401e-01	-1.48130814e-01	9.52885810e-21	-8.65636253e-20	3.69285499e-21	-8.47171978e-20	8.84100528e-20
675             	3.60696578e-02	1.80348289e-02	1.80348289e-02	9.65358616e-01	3.34759695e-01	6.30598921e-01	-1.47919613e-01	9.52970382e-21	-8.66291639e-20	3.52482918e-21	-8.48667493e-20	8.83915785e-20
676             	3.60394150e-02	1.80197075e-02	1.80197075e-02	9.64800616e-01	3.34693263e-01	6.30107353e-01	-1.47707045e-01	9.53047317e-21	-8.66945793e-20	3.36409198e-21	-8.50125333e-20	8.83766253e-20
677             	3.60103414e-02	1.80051707e-02	1.80051707e-02	9.64236583e-01	3.34620201e-01	6.29616382e-01	-1.47498091e-01	9.53096125e-21	-8.67625300e-20	3.20249495e-21	-8.51612825e-20	8.83637774e-20
678             	3.59807218e-02	1.79903609e-02	1.79903609e-02	9.63655191e-01	3.34540484e-01	6.29114708e-01	-1.47287112e-01	9.53153297e-21	-8.68285012e-20	3.04824079e-21	-8.53043808e-20	8.83526216e-20
679             	3.59514134e-02	1.79757067e-02	1.79757067e-02	9.63054763e-01	3.34452612e-01	6.28602152e-01	-1.47074770e-01	9.53202139e-21	-8.68945252e-20	2.90116168e-21	-8.54439443e-20	8.83451060e-20
680             	3.59235232e-02	1.79617616e-02	1.79617616e-02	9.62452219e-01	3.34358451e-01	6.28093768e-01	-1.46867658e-01	9.53220839e-21	-8.69633238e-20	2.75330020e-21	-8.55866737e-20	8.83399739e-20
681             	3.58952068e-02	1.79476034e-02	1.79476034e-02	9.61833997e-01	3.34257799e-01	6.27576198e-01	-1.46659200e-01	9.53249277e-21	-8.70297205e-20	2.61368664e-21	-8.57228771e-20	8.83365638e-20
682             	3.58673466e-02	1.79336733e-02	1.79336733e-02	9.61198226e-01	3.34149269e-01	6.27048956e-01	-1.46449843e-01	9.53269468e-21	-8.70958252e-20	2.48174269e-21	-8.58549539e-20	8.83366966e-20
683             	3.58409719e-02	1.79204859e-02	1.79204859e-02	9.60563082e-01	3.34034828e-01	6.26528254e-01	-1.46246713e-01	9.53259471e-21	-8.71635357e-20	2.35129289e-21	-8.59878893e-20	8.83391822e-20
684             	3.58141166e-02	1.79070583e-02	1.79070583e-02	9.59913073e-01	3.33914214e-01	6.25998859e-01	-1.46042323e-01	9.53260074e-21	-8.72295105e-20	2.22797763e-21	-8.61155217e-20	8.83434994e-20
685             	3.57874738e-02	1.78937369e-02	1.78937369e-02	9.59246063e-01	3.33786400e-01	6.25459663e-01	-1.45836632e-01	9.53255066e-21	-8.72948647e-20	2.11244091e-21	-8.62386443e-20	8.83510852e-20
686             	3.57624758e-02	1.78812379e-02	1.78812379e-02	9.58582845e-01	3.33653093e-01	6.24929752e-01	-1.45638330e-01	9.53216717e-21	-8.73622065e-20	1.99816769e-21	-8.63631227e-20	8.83612904e-20
687             	3.57368877e-02	1.78684438e-02	1.78684438e-02	9.57905467e-01	3.33513911e-01	6.24391556e-01	-1.45438822e-01	9.53190755e-21	-8.74279613e-20	1.89057705e-21	-8.64826728e-20	8.83732498e-20
688             	3.57115832e-02	1.78557916e-02	1.78557916e-02	9.57212778e-01	3.33368054e-01	6.23844724e-01	-1.45238335e-01	9.53159747e-21	-8.74926533e-20	1.79108541e-21	-8.65971106e-20	8.83881960e-20
689             	3.56880955e-02	1.78440478e-02	1.78440478e-02	9.56527639e-01	3.33217305e-01	6.23310334e-01	-1.45046514e-01	9.53091569e-21	-8.75591243e-20	1.69371113e-21	-8.67122688e-20	8.84059799e-20
690             	3.56641070e-02	1.78320535e-02	1.78320535e-02	9.55830978e-01	3.33061446e-01	6.22769533e-01	-1.44854043e-01	9.53038517e-21	-8.76240087e-20	1.60290583e-21	-8.68225558e-20	8.84254616e-20
691             	3.56403782e-02	1.78201891e-02	1.78201891e-02	9.55121893e-01	3.32900059e-01	6.22221834e-01	-1.44660887e-01	9.52981049e-21	-8.76876984e-20	1.52007883e-21	-8.69276590e-20	8.84477378e-20
692             	3.56184531e-02	1.78092266e-02	1.78092266e-02	9.54423706e-01	3.32734710e-01	6.21688996e-01	-1.44477143e-01	9.52888874e-21	-8.77533437e-20	1.43903786e-21	-8.70338247e-20	8.84728626e-20
693             	3.55955065e-02	1.77977533e-02	1.77977533e-02	9.53711916e-01	3.32565150e-01	6.21146766e-01	-1.44290808e-01	9.52825917e-21	-8.78183650e-20	1.36215998e-21	-8.71372850e-20	8.84994450e-20
694             	3.55743813e-02	1.77871907e-02	1.77871907e-02	9.53005689e-01	3.32391149e-01	6.20614541e-01	-1.44111696e-01	9.52720188e-21	-8.78824203e-20	1.29370795e-21	-8.72355663e-20	8.85292743e-20
695             	3.55529522e-02	1.77764761e-02	1.77764761e-02	9.52291929e-01	3.32212819e-01	6.20079110e-01	-1.43933146e-01	9.52626642e-21	-8.79452313e-20	1.23037279e-21	-8.73300449e-20	8.85604177e-20
696             	3.55324900e-02	1.77662450e-02	1.77662450e-02	9.51578726e-01	3.32030465e-01	6.19548261e-01	-1.43758898e-01	9.52514051e-21	-8.80077330e-20	1.17285200e-21	-8.74213070e-20	8.85941590e-20
697             	3.55126832e-02	1.77563416e-02	1.77563416e-02	9.50865164e-01	3.31844165e-01	6.19020999e-01	-1.43588417e-01	9.52393843e-21	-8.80692998e-20	1.12129878e-21	-8.75086504e-20	8.86299492e-20
698             	3.54934139e-02	1.77467069e-02	1.77467069e-02	9.50151784e-01	3.31654334e-01	6.18497450e-01	-1.43421558e-01	9.52268387e-21	-8.81301080e-20	1.07519304e-21	-8.75925115e-20	8.86677045e-20
699             	3.54746381e-02	1.77373190e-02	1.77373190e-02	9.49439300e-01	3.31461302e-01	6.17977998e-01	-1.43258348e-01	9.52135902e-21	-8.81904423e-20	1.03407439e-21	-8.76734051e-20	8.87074795e-20
700             	3.54565504e-02	1.77282752e-02	1.77282752e-02	9.48729465e-01	3.31265365e-01	6.17464101e-01	-1.43099368e-01	9.51995482e-21	-8.82502581e-20	9.98049837e-22	-8.77512332e-20	8.87492831e-20
701             	3.54389224e-02	1.77194612e-02	1.77194612e-02	9.48022022e-01	3.31066781e-01	6.16955242e-01	-1.42944230e-01	9.51850968e-21	-8.83084125e-20	9.68586453e-22	-8.78241193e-20	8.87927057e-20
702             	3.54217803e-02	1.77108902e-02	1.77108902e-02	9.47317732e-01	3.30865857e-01	6.16451875e-01	-1.42793009e-01	9.51699289e-21	-8.83665112e-20	9.43210225e-22	-8.78949061e-20	8.88381163e-20
703             	3.54052082e-02	1.77026041e-02	1.77026041e-02	9.46617704e-01	3.30662788e-01	6.15954916e-01	-1.42646064e-01	9.51540134e-21	-8.84243598e-20	9.22219128e-22	-8.79632502e-20	8.88854693e-20
704             	3.53890864e-02	1.76945432e-02	1.76945432e-02	9.45921613e-01	3.30457716e-01	6.15463896e-01	-1.42503090e-01	9.51376622e-21	-8.84820722e-20	9.05151417e-22	-8.80294965e-20	8.89346479e-20
705             	3.53734381e-02	1.76867190e-02	1.76867190e-02	9.45230764e-01	3.30250962e-01	6.14979802e-01	-1.42364420e-01	9.51208313e-21	-8.85393047e-20	8.92474726e-22	-8.80930674e-20	8.89855421e-20
706             	3.53583187e-02	1.76791593e-02	1.76791593e-02	9.44546629e-01	3.30042933e-01	6.14503696e-01	-1.42230382e-01	9.51036528e-21	-8.85955030e-20	8.85030479e-22	-8.81529877e-20	8.90380182e-20
707             	3.53436846e-02	1.76718423e-02	1.76718423e-02	9.43869463e-01	3.29833775e-01	6.14035688e-01	-1.42100956e-01	9.50861090e-21	-8.86511104e-20	8.82016943e-22	-8.82101019e-20	8.90921189e-20
708             	3.53293737e-02	1.76646868e-02	1.76646868e-02	9.43199578e-01	3.29623895e-01	6.13575683e-01	-1.41975894e-01	9.50685329e-21	-8.87057941e-20	8.83556430e-22	-8.82640159e-20	8.91475724e-20
709             	3.53153541e-02	1.76576771e-02	1.76576771e-02	9.42537208e-01	3.29413414e-01	6.13123794e-01	-1.41855190e-01	9.50509605e-21	-8.87596108e-20	8.89432206e-22	-8.83148947e-20	8.92043269e-20
710             	3.53016268e-02	1.76508134e-02	1.76508134e-02	9.41883601e-01	3.29202760e-01	6.12680842e-01	-1.41739041e-01	9.50334525e-21	-8.88124735e-20	8.99591039e-22	-8.83626780e-20	8.92622690e-20
711             	3.52882403e-02	1.76441201e-02	1.76441201e-02	9.41239100e-01	3.28991880e-01	6.12247220e-01	-1.41627670e-01	9.50159147e-21	-8.88638429e-20	9.14865934e-22	-8.84064100e-20	8.93212759e-20
712             	3.52751638e-02	1.76375819e-02	1.76375819e-02	9.40605056e-01	3.28781262e-01	6.11823794e-01	-1.41521266e-01	9.49983724e-21	-8.89140468e-20	9.34518094e-22	-8.84467878e-20	8.93813059e-20
713             	3.52614288e-02	1.76307144e-02	1.76307144e-02	9.39976614e-01	3.28571839e-01	6.11404776e-01	-1.41416469e-01	9.49828326e-21	-8.89633489e-20	9.55311730e-22	-8.84856930e-20	8.94410048e-20
714             	3.52494733e-02	1.76247366e-02	1.76247366e-02	9.39369255e-01	3.28362651e-01	6.11006604e-01	-1.41321976e-01	9.49640237e-21	-8.90122664e-20	9.82878699e-22	-8.85208271e-20	8.95037058e-20
715             	3.52365516e-02	1.76182758e-02	1.76182758e-02	9.38765586e-01	3.28154313e-01	6.10611273e-01	-1.41228480e-01	9.49481140e-21	-8.90603820e-20	1.01157874e-21	-8.85545926e-20	8.95661713e-20
716             	3.52233806e-02	1.76116903e-02	1.76116903e-02	9.38171638e-01	3.27948900e-01	6.10222738e-01	-1.41136919e-01	9.49330425e-21	-8.91059803e-20	1.04419353e-21	-8.85838835e-20	8.96280771e-20
717             	3.52122043e-02	1.76061022e-02	1.76061022e-02	9.37603859e-01	3.27743927e-01	6.09859932e-01	-1.41058002e-01	9.49147342e-21	-8.91511575e-20	1.08302309e-21	-8.86096460e-20	8.96926691e-20
718             	3.51988184e-02	1.75994092e-02	1.75994092e-02	9.37037610e-01	3.27540902e-01	6.09496709e-01	-1.40977904e-01	9.49014780e-21	-8.91962342e-20	1.11830933e-21	-8.86370795e-20	8.97553889e-20
719             	3.51876663e-02	1.75938332e-02	1.75938332e-02	9.36495847e-01	3.27340144e-01	6.09155703e-01	-1.40907779e-01	9.48839630e-21	-8.92371993e-20	1.16706424e-21	-8.86536672e-20	8.98207314e-20
720             	3.51758168e-02	1.75879084e-02	1.75879084e-02	9.35963988e-01	3.27141449e-01	6.08822539e-01	-1.40840545e-01	9.48689610e-21	-8.92793525e-20	1.21267020e-21	-8.86730174e-20	8.98856876e-20
721             	3.51630465e-02	1.75815232e-02	1.75815232e-02	9.35444557e-01	3.26946658e-01	6.08497899e-01	-1.40775620e-01	9.48559110e-21	-8.93188853e-20	1.26033435e-21	-8.86887181e-20	8.99490524e-20
722             	3.51525239e-02	1.75762620e-02	1.75762620e-02	9.34952274e-01	3.26753889e-01	6.08198385e-01	-1.40722248e-01	9.48390686e-21	-8.93581003e-20	1.31458625e-21	-8.87008072e-20	9.00153934e-20
723             	3.51408742e-02	1.75704371e-02	1.75704371e-02	9.34468680e-01	3.26564077e-01	6.07904603e-01	-1.40670263e-01	9.48257455e-21	-8.93970204e-20	1.36712799e-21	-8.87134564e-20	9.00805844e-20
724             	3.51285824e-02	1.75642912e-02	1.75642912e-02	9.33999304e-01	3.26379662e-01	6.07619642e-01	-1.40619990e-01	9.48137239e-21	-8.94329679e-20	1.42207871e-21	-8.87219285e-20	9.01440072e-20
725             	3.51183894e-02	1.75591947e-02	1.75591947e-02	9.33558039e-01	3.26197177e-01	6.07360862e-01	-1.40581843e-01	9.47985275e-21	-8.94688367e-20	1.48242200e-21	-8.87276257e-20	9.02100477e-20
726             	3.51055882e-02	1.75527941e-02	1.75527941e-02	9.33120219e-01	3.26018296e-01	6.07101922e-01	-1.40541813e-01	9.47888665e-21	-8.95052436e-20	1.53596290e-21	-8.87372621e-20	9.02732250e-20
727             	3.50951148e-02	1.75475574e-02	1.75475574e-02	9.32709890e-01	3.25843431e-01	6.06866460e-01	-1.40511515e-01	9.47748032e-21	-8.95379702e-20	1.60188271e-21	-8.87370289e-20	9.03389116e-20
728             	3.50826988e-02	1.75413494e-02	1.75413494e-02	9.32308649e-01	3.25673283e-01	6.06635366e-01	-1.40481042e-01	9.47656183e-21	-8.95709237e-20	1.66112874e-21	-8.87403593e-20	9.04014881e-20
729             	3.50716449e-02	1.75358224e-02	1.75358224e-02	9.31929815e-01	3.25506315e-01	6.06423500e-01	-1.40458593e-01	9.47533689e-21	-8.96020697e-20	1.72831758e-21	-8.87379109e-20	9.04662285e-20
730             	3.50587529e-02	1.75293765e-02	1.75293765e-02	9.31562724e-01	3.25344823e-01	6.06217901e-01	-1.40436539e-01	9.47452683e-21	-8.96343070e-20	1.78763217e-21	-8.87404909e-20	9.05281230e-20
731             	3.50474465e-02	1.75237233e-02	1.75237233e-02	9.31219942e-01	3.25187628e-01	6.06032315e-01	-1.40422343e-01	9.47342893e-21	-8.96636473e-20	1.85643565e-21	-8.87354295e-20	9.05918652e-20
732             	3.50349683e-02	1.75174842e-02	1.75174842e-02	9.30889560e-01	3.25035215e-01	6.05854346e-01	-1.40409565e-01	9.47263882e-21	-8.96936869e-20	1.92052307e-21	-8.87334254e-20	9.06539484e-20
733             	3.50216823e-02	1.75108412e-02	1.75108412e-02	9.30578795e-01	3.24890220e-01	6.05688575e-01	-1.40399177e-01	9.47200745e-21	-8.97220512e-20	1.98284015e-21	-8.87306311e-20	9.07134713e-20
734             	3.50099851e-02	1.75049926e-02	1.75049926e-02	9.30291434e-01	3.24748480e-01	6.05542953e-01	-1.40397236e-01	9.47114520e-21	-8.97487206e-20	2.05205135e-21	-8.87226949e-20	9.07747463e-20
735             	3.49958178e-02	1.74979089e-02	1.74979089e-02	9.30011589e-01	3.24612368e-01	6.05399221e-01	-1.40393426e-01	9.47081967e-21	-8.97766685e-20	2.11148146e-21	-8.87209278e-20	9.08324093e-20
736             	3.49832235e-02	1.74916118e-02	1.74916118e-02	9.29755270e-01	3.24481459e-01	6.05273811e-01	-1.40396176e-01	9.47015538e-21	-8.98011538e-20	2.18113615e-21	-8.87105857e-20	9.08917219e-20
737             	3.49687061e-02	1.74843531e-02	1.74843531e-02	9.29511142e-01	3.24357117e-01	6.05154024e-01	-1.40398453e-01	9.46995855e-21	-8.98275094e-20	2.23972049e-21	-8.87076492e-20	9.09473697e-20
738             	3.49554647e-02	1.74777323e-02	1.74777323e-02	9.29287851e-01	3.24237092e-01	6.05050759e-01	-1.40406833e-01	9.46950261e-21	-8.98518321e-20	2.30554856e-21	-8.86990578e-20	9.10046063e-20
739             	3.49403301e-02	1.74701650e-02	1.74701650e-02	9.29076605e-01	3.24123638e-01	6.04952967e-01	-1.40414665e-01	9.46949627e-21	-8.98772512e-20	2.36160204e-21	-8.86964502e-20	9.10580522e-20
740             	3.49267520e-02	1.74633760e-02	1.74633760e-02	9.28888185e-01	3.24015374e-01	6.04872811e-01	-1.40428719e-01	9.46918921e-21	-8.98999087e-20	2.42606451e-21	-8.86868765e-20	9.11129410e-20
741             	3.49120091e-02	1.74560045e-02	1.74560045e-02	9.28711664e-01	3.23913007e-01	6.04798657e-01	-1.40442825e-01	9.46921490e-21	-8.99239595e-20	2.48317107e-21	-8.86823740e-20	9.11655450e-20
742             	3.48962964e-02	1.74481482e-02	1.74481482e-02	9.28555037e-01	3.23819358e-01	6.04735679e-01	-1.40458160e-01	9.46939488e-21	-8.99466147e-20	2.53674075e-21	-8.86782443e-20	9.12149850e-20
743             	3.48816943e-02	1.74408472e-02	1.74408472e-02	9.28415647e-01	3.23729350e-01	6.04686297e-01	-1.40478474e-01	9.46942415e-21	-8.99681585e-20	2.59448853e-21	-8.86709143e-20	9.12654028e-20
744             	3.48652041e-02	1.74326021e-02	1.74326021e-02	9.28285984e-01	3.23645745e-01	6.04640239e-01	-1.40497247e-01	9.46986196e-21	-8.99918306e-20	2.64074892e-21	-8.86714561e-20	9.13122050e-20
745             	3.48501678e-02	1.74250839e-02	1.74250839e-02	9.28177421e-01	3.23567925e-01	6.04609496e-01	-1.40520785e-01	9.47002990e-21	-9.00122213e-20	2.69518387e-21	-8.86646293e-20	9.13598132e-20
746             	3.48333127e-02	1.74166564e-02	1.74166564e-02	9.28080768e-01	3.23497438e-01	6.04583330e-01	-1.40542946e-01	9.47064090e-21	-9.00336389e-20	2.73891013e-21	-8.86641839e-20	9.14030940e-20
747             	3.48176375e-02	1.74088188e-02	1.74088188e-02	9.28001322e-01	3.23431716e-01	6.04569605e-01	-1.40568944e-01	9.47100618e-21	-9.00538165e-20	2.78719704e-21	-8.86602179e-20	9.14474150e-20
748             	3.48001451e-02	1.74000725e-02	1.74000725e-02	9.27933551e-01	3.23373348e-01	6.04560202e-01	-1.40593427e-01	9.47179811e-21	-9.00748253e-20	2.82524199e-21	-8.86622044e-20	9.14874463e-20
749             	3.47837857e-02	1.73918929e-02	1.73918929e-02	9.27882783e-01	3.23320175e-01	6.04562608e-01	-1.40621217e-01	9.47234880e-21	-9.00943382e-20	2.86770819e-21	-8.86604841e-20	9.15281923e-20
750             	3.47664687e-02	1.73832344e-02	1.73832344e-02	9.27843096e-01	3.23273384e-01	6.04569712e-01	-1.40648164e-01	9.47316056e-21	-9.01145025e-20	2.90347930e-21	-8.86627629e-20	9.15662422e-20
751             	3.47482593e-02	1.73741297e-02	1.73741297e-02	9.27822114e-01	3.23235417e-01	6.04586697e-01	-1.40675640e-01	9.47413059e-21	-9.01340303e-20	2.93344316e-21	-8.86673087e-20	9.16007519e-20
752             	3.47308677e-02	1.73654338e-02	1.73654338e-02	9.27811000e-01	3.23200736e-01	6.04610264e-01	-1.40704764e-01	9.47496571e-21	-9.01524158e-20	2.96632013e-21	-8.86692558e-20	9.16355759e-20
753             	3.47118758e-02	1.73559379e-02	1.73559379e-02	9.27809511e-01	3.23172981e-01	6.04636530e-01	-1.40731775e-01	9.47615456e-21	-9.01723586e-20	2.98802143e-21	-8.86783478e-20	9.16663693e-20
754             	3.46937274e-02	1.73468637e-02	1.73468637e-02	9.27821643e-01	3.23150370e-01	6.04671273e-01	-1.40760451e-01	9.47713326e-21	-9.01901087e-20	3.01445906e-21	-8.86828792e-20	9.16973383e-20
755             	3.46740684e-02	1.73370342e-02	1.73370342e-02	9.27844671e-01	3.23135167e-01	6.04709503e-01	-1.40787168e-01	9.47847813e-21	-9.02089382e-20	3.03001771e-21	-8.86939293e-20	9.17239470e-20
756             	3.46550782e-02	1.73275391e-02	1.73275391e-02	9.27877018e-01	3.23123971e-01	6.04753047e-01	-1.40814538e-01	9.47963376e-21	-9.02266331e-20	3.04837895e-21	-8.87024436e-20	9.17508225e-20
757             	3.46346592e-02	1.73173296e-02	1.73173296e-02	9.27919899e-01	3.23119942e-01	6.04799957e-01	-1.40840008e-01	9.48112214e-21	-9.02455889e-20	3.05595553e-21	-8.87176112e-20	9.17735667e-20
758             	3.46148135e-02	1.73074068e-02	1.73074068e-02	9.27971402e-01	3.23120034e-01	6.04851368e-01	-1.40865667e-01	9.48243804e-21	-9.02631427e-20	3.06625886e-21	-8.87300132e-20	9.17962721e-20
759             	3.45942328e-02	1.72971164e-02	1.72971164e-02	9.28031008e-01	3.23125907e-01	6.04905101e-01	-1.40889597e-01	9.48394253e-21	-9.02816099e-20	3.06932233e-21	-8.87469487e-20	9.18162710e-20
760             	3.45727076e-02	1.72863538e-02	1.72863538e-02	9.28104665e-01	3.23139435e-01	6.04965230e-01	-1.40912898e-01	9.48560688e-21	-9.02996526e-20	3.06611623e-21	-8.87665945e-20	9.18327107e-20
761             	3.45515836e-02	1.72757918e-02	1.72757918e-02	9.28179768e-01	3.23155383e-01	6.05024385e-01	-1.40934501e-01	9.48717466e-21	-9.03175434e-20	3.06295980e-21	-8.87860635e-20	9.18490233e-20
762             	3.45292113e-02	1.72646056e-02	1.72646056e-02	9.28262378e-01	3.23177502e-01	6.05084876e-01	-1.40953687e-01	9.48901382e-21	-9.03371217e-20	3.04903533e-21	-8.88126040e-20	9.18616394e-20
763             	3.45071755e-02	1.72535878e-02	1.72535878e-02	9.28350005e-01	3.23203344e-01	6.05146662e-01	-1.40971659e-01	9.49072586e-21	-9.03547985e-20	3.03788362e-21	-8.88358567e-20	9.18737403e-20
764             	3.44839288e-02	1.72419644e-02	1.72419644e-02	9.28445496e-01	3.23235475e-01	6.05210021e-01	-1.40987273e-01	9.49270608e-21	-9.03743572e-20	3.01545417e-21	-8.88666301e-20	9.18820843e-20
765             	3.44609361e-02	1.72304680e-02	1.72304680e-02	9.28541698e-01	3.23270195e-01	6.05271504e-01	-1.41000654e-01	9.49456701e-21	-9.03930403e-20	2.99419593e-21	-8.88959424e-20	9.18901383e-20
766             	3.44368810e-02	1.72184405e-02	1.72184405e-02	9.28645418e-01	3.23310845e-01	6.05334573e-01	-1.41011864e-01	9.49667154e-21	-9.04136003e-20	2.96226960e-21	-8.89324655e-20	9.18947351e-20
767             	3.44130258e-02	1.72065129e-02	1.72065129e-02	9.28749572e-01	3.23354124e-01	6.05395448e-01	-1.41020662e-01	9.49866980e-21	-9.04325603e-20	2.93237228e-21	-8.89663742e-20	9.18987465e-20
768             	3.43885453e-02	1.71942727e-02	1.71942727e-02	9.28857241e-01	3.23401818e-01	6.05455423e-01	-1.41026802e-01	9.50079744e-21	-9.04531367e-20	2.89464906e-21	-8.90058122e-20	9.19004612e-20
769             	3.43633086e-02	1.71816543e-02	1.71816543e-02	9.28973969e-01	3.23455503e-01	6.05518466e-01	-1.41031481e-01	9.50306658e-21	-9.04734897e-20	2.85133173e-21	-8.90478239e-20	9.18991556e-20
770             	3.43381194e-02	1.71690597e-02	1.71690597e-02	9.29083620e-01	3.23510213e-01	6.05573407e-01	-1.41031597e-01	9.50526995e-21	-9.04939771e-20	2.80687937e-21	-8.90905374e-20	9.18974168e-20
771             	3.43121038e-02	1.71560519e-02	1.71560519e-02	9.29197402e-01	3.23569609e-01	6.05627793e-01	-1.41029092e-01	9.50764943e-21	-9.05167191e-20	2.75211993e-21	-8.91406591e-20	9.18927790e-20
772             	3.42860063e-02	1.71430032e-02	1.71430032e-02	9.29307678e-01	3.23630811e-01	6.05676867e-01	-1.41023028e-01	9.50992447e-21	-9.05373149e-20	2.70004640e-21	-8.91872917e-20	9.18873381e-20
773             	3.42590583e-02	1.71295291e-02	1.71295291e-02	9.29421219e-01	3.23696484e-01	6.05724735e-01	-1.41014126e-01	9.51241264e-21	-9.05606854e-20	2.63654043e-21	-8.92424152e-20	9.18789556e-20
774             	3.42321376e-02	1.71160688e-02	1.71160688e-02	9.29527927e-01	3.23762977e-01	6.05764950e-01	-1.41000987e-01	9.51476532e-21	-9.05826735e-20	2.57487204e-21	-8.92952374e-20	9.18701095e-20
775             	3.42047151e-02	1.71023576e-02	1.71023576e-02	9.29634042e-01	3.23832424e-01	6.05801618e-01	-1.40984597e-01	9.51722290e-21	-9.06066266e-20	2.50521397e-21	-8.93540197e-20	9.18592336e-20
776             	3.41767483e-02	1.70883742e-02	1.70883742e-02	9.29745256e-01	3.23906056e-01	6.05839200e-01	-1.40966572e-01	9.51977431e-21	-9.06303240e-20	2.43115664e-21	-8.94147457e-20	9.18459024e-20
777             	3.41488057e-02	1.70744029e-02	1.70744029e-02	9.29843625e-01	3.23979085e-01	6.05864539e-01	-1.40942727e-01	9.52225155e-21	-9.06543994e-20	2.35534770e-21	-8.94767256e-20	9.18320733e-20
778             	3.41203742e-02	1.70601871e-02	1.70601871e-02	9.29942169e-01	3.24055072e-01	6.05887097e-01	-1.40916013e-01	9.52487624e-21	-9.06807166e-20	2.27040242e-21	-8.95455154e-20	9.18159179e-20
779             	3.40916908e-02	1.70458454e-02	1.70458454e-02	9.30033128e-01	3.24131456e-01	6.05901672e-01	-1.40885108e-01	9.52738170e-21	-9.07044287e-20	2.18873788e-21	-8.96100598e-20	9.17987976e-20
780             	3.40625951e-02	1.70312976e-02	1.70312976e-02	9.30118687e-01	3.24209306e-01	6.05909381e-01	-1.40850037e-01	9.52998807e-21	-9.07304457e-20	2.09922625e-21	-8.96808325e-20	9.17800588e-20
781             	3.40330099e-02	1.70165049e-02	1.70165049e-02	9.30203592e-01	3.24289581e-01	6.05914011e-01	-1.40812215e-01	9.53266094e-21	-9.07560774e-20	2.00671008e-21	-8.97527223e-20	9.17594324e-20
782             	3.40033022e-02	1.70016511e-02	1.70016511e-02	9.30274030e-01	3.24368620e-01	6.05905410e-01	-1.40768395e-01	9.53522910e-21	-9.07821945e-20	1.91236061e-21	-8.98260142e-20	9.17383748e-20
783             	3.39732309e-02	1.69866155e-02	1.69866155e-02	9.30341352e-01	3.24449323e-01	6.05892029e-01	-1.40721353e-01	9.53791982e-21	-9.08106622e-20	1.80979464e-21	-8.99057649e-20	9.17155596e-20
784             	3.39428053e-02	1.69714026e-02	1.69714026e-02	9.30396591e-01	3.24529018e-01	6.05867574e-01	-1.40669278e-01	9.54047577e-21	-9.08364869e-20	1.71088145e-21	-8.99810461e-20	9.16919276e-20
785             	3.39119744e-02	1.69559872e-02	1.69559872e-02	9.30446372e-01	3.24609709e-01	6.05836663e-01	-1.40613477e-01	9.54317175e-21	-9.08657834e-20	1.60212173e-21	-9.00647225e-20	9.16668442e-20
786             	3.38810930e-02	1.69405465e-02	1.69405465e-02	9.30482394e-01	3.24688632e-01	6.05793762e-01	-1.40552565e-01	9.54569251e-21	-9.08938683e-20	1.49506170e-21	-9.01463375e-20	9.16413992e-20
787             	3.38498798e-02	1.69249399e-02	1.69249399e-02	9.30513137e-01	3.24768263e-01	6.05744874e-01	-1.40488305e-01	9.54834121e-21	-9.09244805e-20	1.38013071e-21	-9.02344152e-20	9.16145459e-20
788             	3.38184459e-02	1.69092230e-02	1.69092230e-02	9.30528542e-01	3.24845718e-01	6.05682824e-01	-1.40418553e-01	9.55084839e-21	-9.09531463e-20	1.26802686e-21	-9.03191329e-20	9.15871597e-20
789             	3.37866650e-02	1.68933325e-02	1.68933325e-02	9.30533486e-01	3.24922492e-01	6.05610994e-01	-1.40344251e-01	9.55340702e-21	-9.09841206e-20	1.14935156e-21	-9.04094448e-20	9.15587964e-20
790             	3.37548491e-02	1.68774246e-02	1.68774246e-02	9.30533743e-01	3.24999126e-01	6.05534617e-01	-1.40267745e-01	9.55596236e-21	-9.10151791e-20	1.02912068e-21	-9.05006188e-20	9.15297394e-20
791             	3.37230896e-02	1.68615448e-02	1.68615448e-02	9.30514907e-01	3.25072688e-01	6.05442219e-01	-1.40184766e-01	9.55840008e-21	-9.10470437e-20	9.06807703e-22	-9.05936398e-20	9.15004475e-20
792             	3.36912520e-02	1.68456260e-02	1.68456260e-02	9.30487462e-01	3.25145527e-01	6.05341935e-01	-1.40098204e-01	9.56091681e-21	-9.10814537e-20	7.77816561e-22	-9.06925454e-20	9.14703619e-20
793             	3.36594055e-02	1.68297028e-02	1.68297028e-02	9.30446100e-01	3.25215648e-01	6.05230453e-01	-1.40007403e-01	9.56323554e-21	-9.11129311e-20	6.53957612e-22	-9.07859523e-20	9.14399099e-20
794             	3.36274200e-02	1.68137100e-02	1.68137100e-02	9.30393963e-01	3.25284502e-01	6.05109461e-01	-1.39912479e-01	9.56568424e-21	-9.11481132e-20	5.21437346e-22	-9.08873945e-20	9.14088319e-20
795             	3.35956488e-02	1.67978244e-02	1.67978244e-02	9.30327071e-01	3.25350212e-01	6.04976859e-01	-1.39813324e-01	9.56789333e-21	-9.11814935e-20	3.92547992e-22	-9.09852195e-20	9.13777675e-20
796             	3.35638709e-02	1.67819355e-02	1.67819355e-02	9.30249541e-01	3.25414272e-01	6.04835269e-01	-1.39710499e-01	9.57020431e-21	-9.12180202e-20	2.56599561e-22	-9.10897204e-20	9.13463199e-20
797             	3.35322148e-02	1.67661074e-02	1.67661074e-02	9.30156569e-01	3.25474860e-01	6.04681708e-01	-1.39603424e-01	9.57229811e-21	-9.12524026e-20	1.24900584e-22	-9.11899523e-20	9.13148529e-20
798             	3.35006867e-02	1.67503434e-02	1.67503434e-02	9.30051385e-01	3.25533106e-01	6.04518280e-01	-1.39492587e-01	9.57449720e-21	-9.12908679e-20	-1.49894800e-23	-9.12983627e-20	9.12833732e-20
799             	3.34693310e-02	1.67346655e-02	1.67346655e-02	9.29931119e-01	3.25587679e-01	6.04343440e-01	-1.39377881e-01	9.57646365e-21	-9.13266904e-20	-1.49574263e-22	-9.14014775e-20	9.12519033e-20
800             	3.34381367e-02	1.67190683e-02	1.67190683e-02	9.29798151e-01	3.25639457e-01	6.04158694e-01	-1.39259618e-01	9.57855000e-21	-9.13664451e-20	-2.91819882e-22	-9.15123550e-20	9.12205351e-20
801             	3.34072461e-02	1.67036231e-02	1.67036231e-02	9.29650397e-01	3.25687261e-01	6.03963135e-01	-1.39137937e-01	9.58038696e-21	-9.14031563e-20	-4.27668876e-22	-9.16169907e-20	9.11893219e-20
802             	3.33764181e-02	1.66882091e-02	1.66882091e-02	9.29488921e-01	3.25732144e-01	6.03756777e-01	-1.39012316e-01	9.58235987e-21	-9.14433782e-20	-5.70088005e-22	-9.17284222e-20	9.11583342e-20
803             	3.33459084e-02	1.66729542e-02	1.66729542e-02	9.29312000e-01	3.25772332e-01	6.03539668e-01	-1.38883668e-01	9.58402904e-21	-9.14808307e-20	-7.06064263e-22	-9.18338628e-20	9.11277986e-20
804             	3.33154003e-02	1.66577001e-02	1.66577001e-02	9.29120999e-01	3.25809406e-01	6.03311593e-01	-1.38751093e-01	9.58584819e-21	-9.15212610e-20	-8.47376313e-22	-9.19449491e-20	9.10975728e-20
805             	3.32852423e-02	1.66426211e-02	1.66426211e-02	9.28914241e-01	3.25841301e-01	6.03072940e-01	-1.38615819e-01	9.58736554e-21	-9.15593280e-20	-9.82724255e-22	-9.20506901e-20	9.10679659e-20
806             	3.32549444e-02	1.66274722e-02	1.66274722e-02	9.28692050e-01	3.25869728e-01	6.02822322e-01	-1.38476297e-01	9.58905087e-21	-9.16000166e-20	-1.12260899e-21	-9.21613211e-20	9.10387121e-20
807             	3.32250405e-02	1.66125202e-02	1.66125202e-02	9.28454851e-01	3.25892899e-01	6.02561952e-01	-1.38334526e-01	9.59042491e-21	-9.16386285e-20	-1.25665861e-21	-9.22669578e-20	9.10102992e-20
808             	3.31950836e-02	1.65975418e-02	1.65975418e-02	9.28202012e-01	3.25912035e-01	6.02289976e-01	-1.38188970e-01	9.59194950e-21	-9.16805597e-20	-1.39607571e-21	-9.23785976e-20	9.09825218e-20
809             	3.31655067e-02	1.65827533e-02	1.65827533e-02	9.27934405e-01	3.25925743e-01	6.02008662e-01	-1.38041459e-01	9.59318198e-21	-9.17201109e-20	-1.52902415e-21	-9.24846229e-20	9.09555988e-20
810             	3.31358640e-02	1.65679320e-02	1.65679320e-02	9.27650799e-01	3.25935100e-01	6.01715698e-01	-1.37890299e-01	9.59456768e-21	-9.17630667e-20	-1.66719885e-21	-9.25966661e-20	9.09294672e-20
811             	3.31068330e-02	1.65534165e-02	1.65534165e-02	9.27354035e-01	3.25938829e-01	6.01415206e-01	-1.37738188e-01	9.59562159e-21	-9.18038390e-20	-1.79872267e-21	-9.27032003e-20	9.09044777e-20
812             	3.30777788e-02	1.65388894e-02	1.65388894e-02	9.27041493e-01	3.25938002e-01	6.01103490e-01	-1.37582744e-01	9.59682936e-21	-9.18471167e-20	-1.93366951e-21	-9.28139515e-20	9.08802820e-20
813             	3.30492889e-02	1.65246445e-02	1.65246445e-02	9.26715955e-01	3.25931451e-01	6.00784504e-01	-1.37426527e-01	9.59771376e-21	-9.18883055e-20	-2.06200293e-21	-9.29193070e-20	9.08573041e-20
814             	3.30206407e-02	1.65103203e-02	1.65103203e-02	9.26373974e-01	3.25920231e-01	6.00453743e-01	-1.37266756e-01	9.59876662e-21	-9.19320465e-20	-2.19366813e-21	-9.30288806e-20	9.08352124e-20
815             	3.29926310e-02	1.64963155e-02	1.64963155e-02	9.26019878e-01	3.25903107e-01	6.00116771e-01	-1.37106832e-01	9.59946424e-21	-9.19740934e-20	-2.31891564e-21	-9.31335512e-20	9.08146355e-20
816             	3.29643823e-02	1.64821911e-02	1.64821911e-02	9.25649032e-01	3.25881159e-01	5.99767873e-01	-1.36943357e-01	9.60035930e-21	-9.20184743e-20	-2.44717256e-21	-9.32420606e-20	9.07948881e-20
817             	3.29368639e-02	1.64684320e-02	1.64684320e-02	9.25267278e-01	3.25853236e-01	5.99414042e-01	-1.36780403e-01	9.60089358e-21	-9.20611522e-20	-2.56870340e-21	-9.33455039e-20	9.07768005e-20
818             	3.29090618e-02	1.64545309e-02	1.64545309e-02	9.24868784e-01	3.25820408e-01	5.99048375e-01	-1.36613983e-01	9.60164920e-21	-9.21060558e-20	-2.69298343e-21	-9.34525475e-20	9.07595641e-20
819             	3.28821180e-02	1.64410590e-02	1.64410590e-02	9.24460799e-01	3.25781598e-01	5.98679201e-01	-1.36448802e-01	9.60201782e-21	-9.21489204e-20	-2.80948691e-21	-9.35536638e-20	9.07441769e-20
820             	3.28549043e-02	1.64274521e-02	1.64274521e-02	9.24037367e-01	3.25737529e-01	5.98299838e-01	-1.36281155e-01	9.60247199e-21	-9.21924970e-20	-2.92579565e-21	-9.36553948e-20	9.07295992e-20
821             	3.28281863e-02	1.64140931e-02	1.64140931e-02	9.23601476e-01	3.25687872e-01	5.97913604e-01	-1.36112866e-01	9.60291990e-21	-9.22367746e-20	-3.03964905e-21	-9.37565991e-20	9.07169501e-20
822             	3.28024565e-02	1.64012282e-02	1.64012282e-02	9.23157542e-01	3.25632498e-01	5.97525044e-01	-1.35946273e-01	9.60302142e-21	-9.22806909e-20	-3.14911008e-21	-9.38552460e-20	9.07061359e-20
823             	3.27762052e-02	1.63881026e-02	1.63881026e-02	9.22698975e-01	3.25572222e-01	5.97126753e-01	-1.35777266e-01	9.60324420e-21	-9.23245997e-20	-3.25692204e-21	-9.39530607e-20	9.06961387e-20
824             	3.27504295e-02	1.63752147e-02	1.63752147e-02	9.22228316e-01	3.25506322e-01	5.96721994e-01	-1.35607836e-01	9.60346751e-21	-9.23690911e-20	-3.36165910e-21	-9.40499206e-20	9.06882615e-20
825             	3.27258598e-02	1.63629299e-02	1.63629299e-02	9.21752075e-01	3.25434871e-01	5.96317204e-01	-1.35441166e-01	9.60330532e-21	-9.24138097e-20	-3.46268682e-21	-9.41451531e-20	9.06824662e-20
826             	3.27005114e-02	1.63502557e-02	1.63502557e-02	9.21259864e-01	3.25359054e-01	5.95900811e-01	-1.35270879e-01	9.60348286e-21	-9.24597666e-20	-3.56489597e-21	-9.42422145e-20	9.06773186e-20
827             	3.26765171e-02	1.63382586e-02	1.63382586e-02	9.20763263e-01	3.25277337e-01	5.95485926e-01	-1.35104294e-01	9.60318082e-21	-9.25035250e-20	-3.65710828e-21	-9.43320791e-20	9.06749709e-20
828             	3.26521888e-02	1.63260944e-02	1.63260944e-02	9.20252786e-01	3.25190500e-01	5.95062285e-01	-1.34935892e-01	9.60302500e-21	-9.25477639e-20	-3.74862841e-21	-9.44220781e-20	9.06734497e-20
829             	3.26282978e-02	1.63141489e-02	1.63141489e-02	9.19731482e-01	3.25098475e-01	5.94633007e-01	-1.34767266e-01	9.60289298e-21	-9.25930982e-20	-3.83838486e-21	-9.45122906e-20	9.06739057e-20
830             	3.26055114e-02	1.63027557e-02	1.63027557e-02	9.19207023e-01	3.25001213e-01	5.94205810e-01	-1.34602298e-01	9.60240131e-21	-9.26372592e-20	-3.92103945e-21	-9.45977789e-20	9.06767395e-20
831             	3.25822893e-02	1.62911446e-02	1.62911446e-02	9.18669861e-01	3.24899135e-01	5.93770726e-01	-1.34435795e-01	9.60207668e-21	-9.26814180e-20	-4.00183293e-21	-9.46823344e-20	9.06805015e-20
832             	3.25596881e-02	1.62798440e-02	1.62798440e-02	9.18123031e-01	3.24791855e-01	5.93331176e-01	-1.34269661e-01	9.60175873e-21	-9.27260078e-20	-4.07940244e-21	-9.47657090e-20	9.06863066e-20
833             	3.25384799e-02	1.62692399e-02	1.62692399e-02	9.17576676e-01	3.24679732e-01	5.92896944e-01	-1.34108606e-01	9.60104169e-21	-9.27693407e-20	-4.14976236e-21	-9.48442218e-20	9.06944595e-20
834             	3.25166652e-02	1.62583326e-02	1.62583326e-02	9.17018463e-01	3.24563287e-01	5.92455176e-01	-1.33945944e-01	9.60052338e-21	-9.28125325e-20	-4.21799029e-21	-9.49215277e-20	9.07035374e-20
835             	3.24954482e-02	1.62477241e-02	1.62477241e-02	9.16451568e-01	3.24442112e-01	5.92009455e-01	-1.33783672e-01	9.59999690e-21	-9.28558263e-20	-4.28228412e-21	-9.49969684e-20	9.07146842e-20
836             	3.24755566e-02	1.62377783e-02	1.62377783e-02	9.15887517e-01	3.24316655e-01	5.91570862e-01	-1.33627103e-01	9.59908081e-21	-9.28981712e-20	-4.33987832e-21	-9.50681103e-20	9.07282320e-20
837             	3.24549804e-02	1.62274902e-02	1.62274902e-02	9.15312185e-01	3.24187249e-01	5.91124936e-01	-1.33468843e-01	9.59840444e-21	-9.29404116e-20	-4.39543842e-21	-9.51381308e-20	9.07426923e-20
838             	3.24350623e-02	1.62175312e-02	1.62175312e-02	9.14730140e-01	3.24053652e-01	5.90676488e-01	-1.33311418e-01	9.59771766e-21	-9.29835177e-20	-4.44860193e-21	-9.52078187e-20	9.07592168e-20
839             	3.24167106e-02	1.62083553e-02	1.62083553e-02	9.14153963e-01	3.23916105e-01	5.90237858e-01	-1.33160877e-01	9.59663468e-21	-9.30247619e-20	-4.49328062e-21	-9.52714023e-20	9.07781216e-20
840             	3.23976596e-02	1.61988298e-02	1.61988298e-02	9.13567808e-01	3.23774966e-01	5.89792841e-01	-1.33008938e-01	9.59580914e-21	-9.30664930e-20	-4.53721568e-21	-9.53351008e-20	9.07978851e-20
841             	3.23793037e-02	1.61896519e-02	1.61896519e-02	9.12976381e-01	3.23630091e-01	5.89346291e-01	-1.32858100e-01	9.59496421e-21	-9.31080959e-20	-4.57731295e-21	-9.53967523e-20	9.08194394e-20
842             	3.23625059e-02	1.61812530e-02	1.61812530e-02	9.12392248e-01	3.23481574e-01	5.88910675e-01	-1.32714550e-01	9.59373070e-21	-9.31479207e-20	-4.60910616e-21	-9.54524738e-20	9.08433676e-20
843             	3.23444432e-02	1.61722216e-02	1.61722216e-02	9.11795914e-01	3.23330038e-01	5.88465876e-01	-1.32567919e-01	9.59293370e-21	-9.31904191e-20	-4.64560648e-21	-9.55132223e-20	9.08676158e-20
844             	3.23284657e-02	1.61642328e-02	1.61642328e-02	9.11207608e-01	3.23175116e-01	5.88032492e-01	-1.32428688e-01	9.59162193e-21	-9.32295774e-20	-4.66908473e-21	-9.55641197e-20	9.08950350e-20
845             	3.23120456e-02	1.61560228e-02	1.61560228e-02	9.10613093e-01	3.23017107e-01	5.87595986e-01	-1.32289439e-01	9.59052697e-21	-9.32688414e-20	-4.69180908e-21	-9.56147460e-20	9.09229369e-20
846             	3.22964496e-02	1.61482248e-02	1.61482248e-02	9.10020383e-01	3.22856265e-01	5.87164118e-01	-1.32153926e-01	9.58930972e-21	-9.33078396e-20	-4.71031255e-21	-9.56629959e-20	9.09526833e-20
847             	3.22812686e-02	1.61406343e-02	1.61406343e-02	9.09427666e-01	3.22692632e-01	5.86735034e-01	-1.32021201e-01	9.58809125e-21	-9.33461853e-20	-4.72480418e-21	-9.57085874e-20	9.09837833e-20
848             	3.22665869e-02	1.61332935e-02	1.61332935e-02	9.08836576e-01	3.22526625e-01	5.86309951e-01	-1.31891663e-01	9.58682566e-21	-9.33841766e-20	-4.73545107e-21	-9.57519022e-20	9.10164511e-20
849             	3.22522993e-02	1.61261497e-02	1.61261497e-02	9.08247201e-01	3.22358454e-01	5.85888747e-01	-1.31765146e-01	9.58556819e-21	-9.34215690e-20	-4.74239968e-21	-9.57927689e-20	9.10503692e-20
850             	3.22385665e-02	1.61192832e-02	1.61192832e-02	9.07660706e-01	3.22188242e-01	5.85472464e-01	-1.31642111e-01	9.58427046e-21	-9.34589044e-20	-4.74617249e-21	-9.58319906e-20	9.10858182e-20
851             	3.22251989e-02	1.61125994e-02	1.61125994e-02	9.07076811e-01	3.22016194e-01	5.85060617e-01	-1.31522212e-01	9.58298945e-21	-9.34955403e-20	-4.74630752e-21	-9.58686940e-20	9.11223865e-20
852             	3.22124556e-02	1.61062278e-02	1.61062278e-02	9.06497478e-01	3.21842511e-01	5.84654967e-01	-1.31406228e-01	9.58165205e-21	-9.35317739e-20	-4.74269731e-21	-9.59031226e-20	9.11604252e-20
853             	3.21999882e-02	1.60999941e-02	1.60999941e-02	9.05921646e-01	3.21667503e-01	5.84254143e-01	-1.31293320e-01	9.58034625e-21	-9.35670636e-20	-4.73521933e-21	-9.59346732e-20	9.11994539e-20
854             	3.21879866e-02	1.60939933e-02	1.60939933e-02	9.05350477e-01	3.21491216e-01	5.83859261e-01	-1.31184023e-01	9.57899989e-21	-9.36022013e-20	-4.72460634e-21	-9.59645044e-20	9.12398981e-20
855             	3.21762656e-02	1.60881328e-02	1.60881328e-02	9.04783694e-01	3.21313832e-01	5.83469862e-01	-1.31078015e-01	9.57767397e-21	-9.36368240e-20	-4.71088013e-21	-9.59922641e-20	9.12813840e-20
856             	3.21648508e-02	1.60824254e-02	1.60824254e-02	9.04222322e-01	3.21135616e-01	5.83086705e-01	-1.30975545e-01	9.57634306e-21	-9.36709207e-20	-4.69390354e-21	-9.60178725e-20	9.13239690e-20
857             	3.21538680e-02	1.60769340e-02	1.60769340e-02	9.03667740e-01	3.20956804e-01	5.82710936e-01	-1.30877066e-01	9.57501778e-21	-9.37043210e-20	-4.67351109e-21	-9.60410766e-20	9.13675655e-20
858             	3.21432439e-02	1.60716220e-02	1.60716220e-02	9.03119992e-01	3.20777540e-01	5.82342453e-01	-1.30782456e-01	9.57369570e-21	-9.37371185e-20	-4.64987894e-21	-9.60620580e-20	9.14121791e-20
859             	3.21328399e-02	1.60664199e-02	1.60664199e-02	9.02579069e-01	3.20598066e-01	5.81981004e-01	-1.30691469e-01	9.57240971e-21	-9.37695680e-20	-4.62383279e-21	-9.60814844e-20	9.14576516e-20
860             	3.21227194e-02	1.60613597e-02	1.60613597e-02	9.02045898e-01	3.20418529e-01	5.81627369e-01	-1.30604420e-01	9.57112588e-21	-9.38014142e-20	-4.59479075e-21	-9.60988096e-20	9.15040188e-20
861             	3.21127502e-02	1.60563751e-02	1.60563751e-02	9.01520420e-01	3.20239177e-01	5.81281243e-01	-1.30521033e-01	9.56989815e-21	-9.38330116e-20	-4.56386403e-21	-9.61149436e-20	9.15510796e-20
862             	3.21031879e-02	1.60515939e-02	1.60515939e-02	9.01004643e-01	3.20060226e-01	5.80944417e-01	-1.30442095e-01	9.56867135e-21	-9.38637951e-20	-4.52972347e-21	-9.61286569e-20	9.15989334e-20
863             	3.20932098e-02	1.60466049e-02	1.60466049e-02	9.00495163e-01	3.19882602e-01	5.80612561e-01	-1.30364979e-01	9.56765879e-21	-9.38953280e-20	-4.49818093e-21	-9.61444184e-20	9.16462375e-20
864             	3.20848183e-02	1.60424091e-02	1.60424091e-02	9.00002911e-01	3.19705151e-01	5.80297760e-01	-1.30296304e-01	9.56633704e-21	-9.39246619e-20	-4.45717235e-21	-9.61532481e-20	9.16960757e-20
865             	3.20752937e-02	1.60376469e-02	1.60376469e-02	8.99512644e-01	3.19528785e-01	5.79983859e-01	-1.30227537e-01	9.56537274e-21	-9.39552000e-20	-4.41983384e-21	-9.61651169e-20	9.17452830e-20
866             	3.20659390e-02	1.60329695e-02	1.60329695e-02	8.99033381e-01	3.19355053e-01	5.79678328e-01	-1.30161637e-01	9.56447184e-21	-9.39847230e-20	-4.38151496e-21	-9.61754805e-20	9.17939655e-20
867             	3.20583958e-02	1.60291979e-02	1.60291979e-02	8.98575268e-01	3.19181661e-01	5.79393608e-01	-1.30105974e-01	9.56325323e-21	-9.40121958e-20	-4.33464896e-21	-9.61795203e-20	9.18448714e-20
868             	3.20488879e-02	1.60244440e-02	1.60244440e-02	8.98117673e-01	3.19010110e-01	5.79107563e-01	-1.30048726e-01	9.56256506e-21	-9.40423844e-20	-4.29672784e-21	-9.61907483e-20	9.18940205e-20
869             	3.20416176e-02	1.60208088e-02	1.60208088e-02	8.97682456e-01	3.18840537e-01	5.78841919e-01	-1.30000691e-01	9.56145218e-21	-9.40669062e-20	-4.24297001e-21	-9.61883912e-20	9.19454212e-20
870             	3.20335287e-02	1.60167643e-02	1.60167643e-02	8.97254161e-01	3.18672888e-01	5.78581272e-01	-1.29954192e-01	9.56063231e-21	-9.40934472e-20	-4.19469512e-21	-9.61907948e-20	9.19960997e-20
871             	3.20250315e-02	1.60125157e-02	1.60125157e-02	8.96837995e-01	3.18508566e-01	5.78329428e-01	-1.29910431e-01	9.55996730e-21	-9.41199676e-20	-4.14859315e-21	-9.61942642e-20	9.20456710e-20
872             	3.20181462e-02	1.60090731e-02	1.60090731e-02	8.96442069e-01	3.18345928e-01	5.78096142e-01	-1.29875107e-01	9.55904029e-21	-9.41429463e-20	-4.09151387e-21	-9.61887032e-20	9.20971893e-20
873             	3.20103630e-02	1.60051815e-02	1.60051815e-02	8.96053469e-01	3.18186068e-01	5.77867401e-01	-1.29840666e-01	9.55841982e-21	-9.41675646e-20	-4.03941840e-21	-9.61872738e-20	9.21478553e-20
874             	3.20023184e-02	1.60011592e-02	1.60011592e-02	8.95678593e-01	3.18030665e-01	5.77647928e-01	-1.29808632e-01	9.55790958e-21	-9.41902962e-20	-3.98657103e-21	-9.61835817e-20	9.21970107e-20
875             	3.19959439e-02	1.59979719e-02	1.59979719e-02	8.95325123e-01	3.17876815e-01	5.77448308e-01	-1.29785747e-01	9.55713174e-21	-9.42116001e-20	-3.92672215e-21	-9.61749612e-20	9.22482390e-20
876             	3.19872408e-02	1.59936204e-02	1.59936204e-02	8.94973354e-01	3.17726089e-01	5.77247265e-01	-1.29760588e-01	9.55689631e-21	-9.42346111e-20	-3.87553845e-21	-9.61723803e-20	9.22968418e-20
877             	3.19808772e-02	1.59904386e-02	1.59904386e-02	8.94646135e-01	3.17578602e-01	5.77067533e-01	-1.29744466e-01	9.55624145e-21	-9.42533039e-20	-3.81120134e-21	-9.61589046e-20	9.23477032e-20
878             	3.19725626e-02	1.59862813e-02	1.59862813e-02	8.94324398e-01	3.17435068e-01	5.76889330e-01	-1.29727131e-01	9.55609075e-21	-9.42741029e-20	-3.75703213e-21	-9.61526189e-20	9.23955868e-20
879             	3.19658091e-02	1.59829046e-02	1.59829046e-02	8.94022872e-01	3.17294259e-01	5.76728613e-01	-1.29717177e-01	9.55563827e-21	-9.42924317e-20	-3.69387370e-21	-9.61393685e-20	9.24454948e-20
880             	3.19571133e-02	1.59785567e-02	1.59785567e-02	8.93728362e-01	3.17157927e-01	5.76570435e-01	-1.29706254e-01	9.55567385e-21	-9.43124673e-20	-3.64018657e-21	-9.61325606e-20	9.24923740e-20
881             	3.19502684e-02	1.59751342e-02	1.59751342e-02	8.93455644e-01	3.17024860e-01	5.76430784e-01	-1.29702962e-01	9.55537687e-21	-9.43291343e-20	-3.57596695e-21	-9.61171178e-20	9.25411508e-20
882             	3.19422351e-02	1.59711176e-02	1.59711176e-02	8.93191608e-01	3.16895862e-01	5.76295746e-01	-1.29699942e-01	9.55542093e-21	-9.43476216e-20	-3.51868575e-21	-9.61069645e-20	9.25882787e-20
883             	3.19335113e-02	1.59667557e-02	1.59667557e-02	8.92942569e-01	3.16772665e-01	5.76169904e-01	-1.29698619e-01	9.55560759e-21	-9.43648859e-20	-3.46341028e-21	-9.60965910e-20	9.26331807e-20
884             	3.19262626e-02	1.59631313e-02	1.59631313e-02	8.92713042e-01	3.16651968e-01	5.76061074e-01	-1.29704553e-01	9.55556592e-21	-9.43802082e-20	-3.40116627e-21	-9.60807913e-20	9.26796250e-20
885             	3.19167202e-02	1.59583601e-02	1.59583601e-02	8.92487032e-01	3.16535637e-01	5.75951395e-01	-1.29707879e-01	9.55603220e-21	-9.43992284e-20	-3.35216825e-21	-9.60753125e-20	9.27231443e-20
886             	3.19091945e-02	1.59545973e-02	1.59545973e-02	8.92284015e-01	3.16423303e-01	5.75860712e-01	-1.29718705e-01	9.55611981e-21	-9.44138098e-20	-3.29094216e-21	-9.60592809e-20	9.27683387e-20
887             	3.18998234e-02	1.59499117e-02	1.59499117e-02	8.92088641e-01	3.16316135e-01	5.75772506e-01	-1.29728186e-01	9.55666596e-21	-9.44317620e-20	-3.24293073e-21	-9.60532274e-20	9.28102966e-20
888             	3.18920276e-02	1.59460138e-02	1.59460138e-02	8.91913195e-01	3.16212572e-01	5.75700623e-01	-1.29744026e-01	9.55693752e-21	-9.44470547e-20	-3.18638072e-21	-9.60402451e-20	9.28538643e-20
889             	3.18821473e-02	1.59410736e-02	1.59410736e-02	8.91743735e-01	3.16114187e-01	5.75629548e-01	-1.29757680e-01	9.55767879e-21	-9.44643009e-20	-3.14079035e-21	-9.60346960e-20	9.28939057e-20
890             	3.18741023e-02	1.59370512e-02	1.59370512e-02	8.91595806e-01	3.16019894e-01	5.75575912e-01	-1.29778009e-01	9.55809409e-21	-9.44793020e-20	-3.08744003e-21	-9.60230221e-20	9.29355820e-20
891             	3.18647540e-02	1.59323770e-02	1.59323770e-02	8.91455142e-01	3.15930316e-01	5.75524826e-01	-1.29797255e-01	9.55886608e-21	-9.44955492e-20	-3.04119792e-21	-9.60161482e-20	9.29749502e-20
892             	3.18551258e-02	1.59275629e-02	1.59275629e-02	8.91333184e-01	3.15847711e-01	5.75485473e-01	-1.29818881e-01	9.55969200e-21	-9.45105315e-20	-2.99713359e-21	-9.60090983e-20	9.30119647e-20
893             	3.18464329e-02	1.59232165e-02	1.59232165e-02	8.91224660e-01	3.15767889e-01	5.75456771e-01	-1.29844441e-01	9.56041521e-21	-9.45242910e-20	-2.94903654e-21	-9.59988093e-20	9.30497728e-20
894             	3.18356878e-02	1.59178439e-02	1.59178439e-02	8.91120799e-01	3.15693211e-01	5.75427589e-01	-1.29867189e-01	9.56153941e-21	-9.45402789e-20	-2.91186924e-21	-9.59962135e-20	9.30843443e-20
895             	3.18265806e-02	1.59132903e-02	1.59132903e-02	8.91036512e-01	3.15623174e-01	5.75413338e-01	-1.29895082e-01	9.56238011e-21	-9.45531728e-20	-2.86645280e-21	-9.59863992e-20	9.31199464e-20
896             	3.18156820e-02	1.59078410e-02	1.59078410e-02	8.90959643e-01	3.15559021e-01	5.75400621e-01	-1.29920800e-01	9.56362678e-21	-9.45678126e-20	-2.83193075e-21	-9.59837780e-20	9.31518472e-20
897             	3.18061093e-02	1.59030547e-02	1.59030547e-02	8.90898653e-01	3.15498631e-01	5.75400021e-01	-1.29950695e-01	9.56464623e-21	-9.45807529e-20	-2.79188688e-21	-9.59766964e-20	9.31848095e-20
898             	3.17947295e-02	1.58973648e-02	1.58973648e-02	8.90844341e-01	3.15444010e-01	5.75400331e-01	-1.29978160e-01	9.56604380e-21	-9.45945836e-20	-2.76094916e-21	-9.59750582e-20	9.32141091e-20
899             	3.17846317e-02	1.58923159e-02	1.58923159e-02	8.90805638e-01	3.15393424e-01	5.75412214e-01	-1.30009395e-01	9.56719895e-21	-9.46072583e-20	-2.72574378e-21	-9.59701302e-20	9.32443864e-20
900             	3.17728924e-02	1.58864462e-02	1.58864462e-02	8.90773396e-01	3.15348392e-01	5.75425005e-01	-1.30038306e-01	9.56870121e-21	-9.46209756e-20	-2.69991076e-21	-9.59709309e-20	9.32710202e-20
901             	3.17622822e-02	1.58811411e-02	1.58811411e-02	8.90755450e-01	3.15307356e-01	5.75448094e-01	-1.30070369e-01	9.56999195e-21	-9.46335200e-20	-2.67016794e-21	-9.59686039e-20	9.32984360e-20
902             	3.17502174e-02	1.58751087e-02	1.58751087e-02	8.90744968e-01	3.15272036e-01	5.75472931e-01	-1.30100447e-01	9.57160047e-21	-9.46472211e-20	-2.64975454e-21	-9.59720984e-20	9.33223439e-20
903             	3.17390629e-02	1.58695315e-02	1.58695315e-02	8.90745865e-01	3.15240289e-01	5.75505576e-01	-1.30132643e-01	9.57305099e-21	-9.46600379e-20	-2.62655123e-21	-9.59733135e-20	9.33467622e-20
904             	3.17266108e-02	1.58633054e-02	1.58633054e-02	8.90754424e-01	3.15214152e-01	5.75540272e-01	-1.30163060e-01	9.57478215e-21	-9.46739461e-20	-2.61235397e-21	-9.59801230e-20	9.33677691e-20
905             	3.17149702e-02	1.58574851e-02	1.58574851e-02	8.90773267e-01	3.15191592e-01	5.75581676e-01	-1.30195042e-01	9.57636640e-21	-9.46866200e-20	-2.59500639e-21	-9.59841232e-20	9.33891168e-20
906             	3.17021531e-02	1.58510765e-02	1.58510765e-02	8.90799611e-01	3.15174513e-01	5.75625098e-01	-1.30225292e-01	9.57820344e-21	-9.47004039e-20	-2.58650788e-21	-9.59936578e-20	9.34071500e-20
907             	3.16900498e-02	1.58450249e-02	1.58450249e-02	8.90834469e-01	3.15160719e-01	5.75673749e-01	-1.30256515e-01	9.57990348e-21	-9.47129525e-20	-2.57511632e-21	-9.60005106e-20	9.34253943e-20
908             	3.16767582e-02	1.58383791e-02	1.58383791e-02	8.90876323e-01	3.15152374e-01	5.75723949e-01	-1.30285787e-01	9.58184697e-21	-9.47268816e-20	-2.57290465e-21	-9.60133339e-20	9.34404293e-20
909             	3.16639740e-02	1.58319870e-02	1.58319870e-02	8.90924656e-01	3.15147144e-01	5.75777512e-01	-1.30315184e-01	9.58368630e-21	-9.47396942e-20	-2.56836815e-21	-9.60238783e-20	9.34555101e-20
910             	3.16501363e-02	1.58250681e-02	1.58250681e-02	8.90979650e-01	3.15147104e-01	5.75832545e-01	-1.30342721e-01	9.58573775e-21	-9.47539485e-20	-2.57284872e-21	-9.60403729e-20	9.34675241e-20
911             	3.16367764e-02	1.58183882e-02	1.58183882e-02	8.91039705e-01	3.15149862e-01	5.75889843e-01	-1.30369991e-01	9.58769646e-21	-9.47670350e-20	-2.57519417e-21	-9.60546321e-20	9.34794379e-20
912             	3.16224717e-02	1.58112359e-02	1.58112359e-02	8.91106272e-01	3.15157628e-01	5.75948644e-01	-1.30395508e-01	9.58984192e-21	-9.47814730e-20	-2.58615499e-21	-9.60745505e-20	9.34883955e-20
913             	3.16085322e-02	1.58042661e-02	1.58042661e-02	8.91176675e-01	3.15168001e-01	5.76008674e-01	-1.30420337e-01	9.59190176e-21	-9.47948125e-20	-2.59525987e-21	-9.60924424e-20	9.34971825e-20
914             	3.15939915e-02	1.57969958e-02	1.57969958e-02	8.91250776e-01	3.15182432e-01	5.76068344e-01	-1.30442956e-01	9.59409179e-21	-9.48090065e-20	-2.61009454e-21	-9.61140538e-20	9.35039593e-20
915             	3.15790542e-02	1.57895271e-02	1.57895271e-02	8.91335141e-01	3.15202063e-01	5.76133078e-01	-1.30465507e-01	9.59631483e-21	-9.48235735e-20	-2.63014199e-21	-9.61386445e-20	9.35085025e-20
916             	3.15642167e-02	1.57821083e-02	1.57821083e-02	8.91416654e-01	3.15223030e-01	5.76193624e-01	-1.30485297e-01	9.59852467e-21	-9.48375835e-20	-2.64982722e-21	-9.61624971e-20	9.35126699e-20
917             	3.15485084e-02	1.57742542e-02	1.57742542e-02	8.91502208e-01	3.15248246e-01	5.76253963e-01	-1.30502858e-01	9.60088055e-21	-9.48536167e-20	-2.67845964e-21	-9.61928466e-20	9.35143869e-20
918             	3.15331414e-02	1.57665707e-02	1.57665707e-02	8.91589962e-01	3.15275733e-01	5.76314229e-01	-1.30519248e-01	9.60315044e-21	-9.48679851e-20	-2.70460759e-21	-9.62202889e-20	9.35156813e-20
919             	3.15172303e-02	1.57586151e-02	1.57586151e-02	8.91679224e-01	3.15306511e-01	5.76372713e-01	-1.30533101e-01	9.60553708e-21	-9.48838201e-20	-2.73741280e-21	-9.62525265e-20	9.35151137e-20
920             	3.15009878e-02	1.57504939e-02	1.57504939e-02	8.91774683e-01	3.15341333e-01	5.76433349e-01	-1.30546008e-01	9.60797218e-21	-9.48995946e-20	-2.77440568e-21	-9.62867974e-20	9.35123917e-20
921             	3.14848299e-02	1.57424149e-02	1.57424149e-02	8.91865602e-01	3.15377058e-01	5.76488544e-01	-1.30555743e-01	9.61036387e-21	-9.49151905e-20	-2.81179958e-21	-9.63210903e-20	9.35092907e-20
922             	3.14682199e-02	1.57341100e-02	1.57341100e-02	8.91957197e-01	3.15415675e-01	5.76541522e-01	-1.30562924e-01	9.61281544e-21	-9.49315842e-20	-2.85421155e-21	-9.63586899e-20	9.35044784e-20
923             	3.14513465e-02	1.57256733e-02	1.57256733e-02	8.92055553e-01	3.15458204e-01	5.76597349e-01	-1.30569572e-01	9.61529303e-21	-9.49476875e-20	-2.90008054e-21	-9.63977278e-20	9.34976473e-20
924             	3.14344889e-02	1.57172445e-02	1.57172445e-02	8.92145475e-01	3.15500744e-01	5.76644731e-01	-1.30571993e-01	9.61774749e-21	-9.49636597e-20	-2.94659771e-21	-9.64369585e-20	9.34903608e-20
925             	3.14170928e-02	1.57085464e-02	1.57085464e-02	8.92236138e-01	3.15546038e-01	5.76690100e-01	-1.30572031e-01	9.62027954e-21	-9.49812980e-20	-3.00025193e-21	-9.64814240e-20	9.34811721e-20
926             	3.13998555e-02	1.56999278e-02	1.56999278e-02	8.92324377e-01	3.15592295e-01	5.76732081e-01	-1.30569893e-01	9.62272235e-21	-9.49967657e-20	-3.05084635e-21	-9.65221889e-20	9.34713425e-20
927             	3.13820496e-02	1.56910248e-02	1.56910248e-02	8.92408952e-01	3.15640394e-01	5.76768558e-01	-1.30564082e-01	9.62526241e-21	-9.50142238e-20	-3.10843152e-21	-9.65684395e-20	9.34600080e-20
928             	3.13641583e-02	1.56820792e-02	1.56820792e-02	8.92495788e-01	3.15690786e-01	5.76805001e-01	-1.30557108e-01	9.62777757e-21	-9.50313478e-20	-3.16830114e-21	-9.66154984e-20	9.34471972e-20
929             	3.13461544e-02	1.56730772e-02	1.56730772e-02	8.92573423e-01	3.15740920e-01	5.76832503e-01	-1.30545791e-01	9.63026685e-21	-9.50487656e-20	-3.22968179e-21	-9.66636065e-20	9.34339247e-20
930             	3.13277432e-02	1.56638716e-02	1.56638716e-02	8.92647582e-01	3.15792395e-01	5.76855187e-01	-1.30531396e-01	9.63278806e-21	-9.50671830e-20	-3.29559236e-21	-9.67149792e-20	9.34193868e-20
931             	3.13093710e-02	1.56546855e-02	1.56546855e-02	8.92725346e-01	3.15845894e-01	5.76879452e-01	-1.30516779e-01	9.63526742e-21	-9.50847471e-20	-3.36242717e-21	-9.67659607e-20	9.34035336e-20
932             	3.12908384e-02	1.56454192e-02	1.56454192e-02	8.92789572e-01	3.15898133e-01	5.76891440e-01	-1.30496654e-01	9.63775241e-21	-9.51030345e-20	-3.43163656e-21	-9.68188527e-20	9.33872162e-20
933             	3.12718837e-02	1.56359418e-02	1.56359418e-02	8.92849915e-01	3.15951439e-01	5.76898475e-01	-1.30473518e-01	9.64028119e-21	-9.51232164e-20	-3.50711162e-21	-9.68767722e-20	9.33696606e-20
934             	3.12532063e-02	1.56266032e-02	1.56266032e-02	8.92905176e-01	3.16004287e-01	5.76900889e-01	-1.30448301e-01	9.64267527e-21	-9.51406386e-20	-3.57795393e-21	-9.69296155e-20	9.33516616e-20
935             	3.12339451e-02	1.56169726e-02	1.56169726e-02	8.92952350e-01	3.16057334e-01	5.76895016e-01	-1.30418841e-01	9.64515098e-21	-9.51606481e-20	-3.65608623e-21	-9.69886912e-20	9.33326050e-20
936             	3.12147241e-02	1.56073620e-02	1.56073620e-02	8.92997442e-01	3.16110853e-01	5.76886589e-01	-1.30387868e-01	9.64758974e-21	-9.51807065e-20	-3.73591389e-21	-9.70486634e-20	9.33127496e-20
937             	3.11954844e-02	1.55977422e-02	1.55977422e-02	8.93030911e-01	3.16162824e-01	5.76868086e-01	-1.30352631e-01	9.64995877e-21	-9.52006720e-20	-3.81618048e-21	-9.71087622e-20	9.32925818e-20
938             	3.11759155e-02	1.55879577e-02	1.55879577e-02	8.93058279e-01	3.16214999e-01	5.76843280e-01	-1.30314140e-01	9.65239483e-21	-9.52229445e-20	-3.90300031e-21	-9.71744447e-20	9.32714444e-20
939             	3.11567316e-02	1.55783658e-02	1.55783658e-02	8.93078595e-01	3.16265746e-01	5.76812849e-01	-1.30273551e-01	9.65466392e-21	-9.52426278e-20	-3.98503783e-21	-9.72351467e-20	9.32501089e-20
940             	3.11371160e-02	1.55685580e-02	1.55685580e-02	8.93091339e-01	3.16316311e-01	5.76775028e-01	-1.30229359e-01	9.65703657e-21	-9.52656051e-20	-4.07546447e-21	-9.73033374e-20	9.32278729e-20
941             	3.11177559e-02	1.55588779e-02	1.55588779e-02	8.93094833e-01	3.16365154e-01	5.76729679e-01	-1.30182262e-01	9.65926766e-21	-9.52867259e-20	-4.16242386e-21	-9.73679378e-20	9.32055139e-20
942             	3.10981974e-02	1.55490987e-02	1.55490987e-02	8.93091458e-01	3.16413586e-01	5.76677872e-01	-1.30132143e-01	9.66155727e-21	-9.53103558e-20	-4.25568966e-21	-9.74382006e-20	9.31825110e-20
943             	3.10789610e-02	1.55394805e-02	1.55394805e-02	8.93079173e-01	3.16460037e-01	5.76619136e-01	-1.30079550e-01	9.66368701e-21	-9.53318281e-20	-4.34480883e-21	-9.75042325e-20	9.31594237e-20
944             	3.10594661e-02	1.55297331e-02	1.55297331e-02	8.93057485e-01	3.16505460e-01	5.76552024e-01	-1.30023282e-01	9.66589296e-21	-9.53560844e-20	-4.44050985e-21	-9.75763393e-20	9.31358294e-20
945             	3.10402678e-02	1.55201339e-02	1.55201339e-02	8.93026799e-01	3.16548845e-01	5.76477954e-01	-1.29964554e-01	9.66793980e-21	-9.53782153e-20	-4.53200960e-21	-9.76442201e-20	9.31122105e-20
946             	3.10209724e-02	1.55104862e-02	1.55104862e-02	8.92986764e-01	3.16590877e-01	5.76395888e-01	-1.29902506e-01	9.67003739e-21	-9.54028939e-20	-4.62915941e-21	-9.77174736e-20	9.30883142e-20
947             	3.10020418e-02	1.55010209e-02	1.55010209e-02	8.92937296e-01	3.16630470e-01	5.76306826e-01	-1.29838178e-01	9.67196782e-21	-9.54254575e-20	-4.72193104e-21	-9.77864230e-20	9.30644920e-20
948             	3.09829653e-02	1.54914827e-02	1.54914827e-02	8.92877418e-01	3.16668348e-01	5.76209070e-01	-1.29770361e-01	9.67397344e-21	-9.54507758e-20	-4.82059510e-21	-9.78610734e-20	9.30404783e-20
949             	3.09642604e-02	1.54821302e-02	1.54821302e-02	8.92808209e-01	3.16703556e-01	5.76104653e-01	-1.29700549e-01	9.67580246e-21	-9.54739566e-20	-4.91461961e-21	-9.79312664e-20	9.30166468e-20
950             	3.09454153e-02	1.54727077e-02	1.54727077e-02	8.92728044e-01	3.16736830e-01	5.75991214e-01	-1.29627192e-01	9.67770983e-21	-9.54996312e-20	-5.01375286e-21	-9.80065077e-20	9.29927548e-20
951             	3.09269705e-02	1.54634852e-02	1.54634852e-02	8.92637929e-01	3.16766905e-01	5.75871024e-01	-1.29552059e-01	9.67942331e-21	-9.55235088e-20	-5.10857769e-21	-9.80777977e-20	9.29692200e-20
952             	3.09083596e-02	1.54541798e-02	1.54541798e-02	8.92536345e-01	3.16794825e-01	5.75741520e-01	-1.29473348e-01	9.68123181e-21	-9.55498031e-20	-5.20818302e-21	-9.81538946e-20	9.29457116e-20
953             	3.08901894e-02	1.54450947e-02	1.54450947e-02	8.92424579e-01	3.16819254e-01	5.75605325e-01	-1.29393035e-01	9.68283398e-21	-9.55742631e-20	-5.30313295e-21	-9.82258295e-20	9.29226966e-20
954             	3.08719480e-02	1.54359740e-02	1.54359740e-02	8.92301720e-01	3.16841302e-01	5.75460417e-01	-1.29309558e-01	9.68451662e-21	-9.56006195e-20	-5.40159085e-21	-9.83014149e-20	9.28998241e-20
955             	3.08541593e-02	1.54270797e-02	1.54270797e-02	8.92168363e-01	3.16859538e-01	5.75308824e-01	-1.29224643e-01	9.68599811e-21	-9.56256330e-20	-5.49612562e-21	-9.83736958e-20	9.28775702e-20
956             	3.08363429e-02	1.54181715e-02	1.54181715e-02	8.92024005e-01	3.16875176e-01	5.75148829e-01	-1.29136826e-01	9.68755299e-21	-9.56521532e-20	-5.59321437e-21	-9.84487604e-20	9.28555460e-20
957             	3.08189734e-02	1.54094867e-02	1.54094867e-02	8.91869619e-01	3.16886974e-01	5.74982645e-01	-1.29047836e-01	9.68890738e-21	-9.56773151e-20	-5.68617147e-21	-9.85204009e-20	9.28342294e-20
958             	3.08015116e-02	1.54007558e-02	1.54007558e-02	8.91703322e-01	3.16895863e-01	5.74807460e-01	-1.28955799e-01	9.69034100e-21	-9.57041502e-20	-5.78180595e-21	-9.85950532e-20	9.28132472e-20
959             	3.07845477e-02	1.53922738e-02	1.53922738e-02	8.91527534e-01	3.16900868e-01	5.74626666e-01	-1.28862899e-01	9.69155355e-21	-9.57292756e-20	-5.87241112e-21	-9.86654811e-20	9.27930700e-20
960             	3.07676092e-02	1.53838046e-02	1.53838046e-02	8.91340261e-01	3.16902695e-01	5.74437566e-01	-1.28767436e-01	9.69283273e-21	-9.57561673e-20	-5.96557151e-21	-9.87389530e-20	9.27733815e-20
961             	3.07511362e-02	1.53755681e-02	1.53755681e-02	8.91143678e-01	3.16900558e-01	5.74243119e-01	-1.28671281e-01	9.69390722e-21	-9.57814568e-20	-6.05388598e-21	-9.88083998e-20	9.27545138e-20
962             	3.07346531e-02	1.53673265e-02	1.53673265e-02	8.90935659e-01	3.16895182e-01	5.74040477e-01	-1.28572647e-01	9.69505058e-21	-9.58082779e-20	-6.14415652e-21	-9.88803562e-20	9.27361997e-20
963             	3.07186232e-02	1.53593116e-02	1.53593116e-02	8.90718540e-01	3.16885801e-01	5.73832739e-01	-1.28473469e-01	9.69599119e-21	-9.58336999e-20	-6.22976560e-21	-9.89485827e-20	9.27188171e-20
964             	3.07026026e-02	1.53513013e-02	1.53513013e-02	8.90489882e-01	3.16872958e-01	5.73616925e-01	-1.28371984e-01	9.69699799e-21	-9.58608152e-20	-6.31744169e-21	-9.90195360e-20	9.27020943e-20
965             	3.06871260e-02	1.53435630e-02	1.53435630e-02	8.90253132e-01	3.16856063e-01	5.73397069e-01	-1.28270503e-01	9.69779268e-21	-9.58862281e-20	-6.39972492e-21	-9.90860906e-20	9.26863657e-20
966             	3.06715732e-02	1.53357866e-02	1.53357866e-02	8.90004612e-01	3.16835626e-01	5.73168986e-01	-1.28166680e-01	9.69867549e-21	-9.59136075e-20	-6.48455009e-21	-9.91558826e-20	9.26713325e-20
967             	3.06566001e-02	1.53283001e-02	1.53283001e-02	8.89748500e-01	3.16811056e-01	5.72937444e-01	-1.28063194e-01	9.69934065e-21	-9.59392038e-20	-6.56361834e-21	-9.92210130e-20	9.26573946e-20
968             	3.06415096e-02	1.53207548e-02	1.53207548e-02	8.89480504e-01	3.16782861e-01	5.72697643e-01	-1.27957391e-01	9.70010956e-21	-9.59666427e-20	-6.64501002e-21	-9.92891477e-20	9.26441376e-20
969             	3.06272142e-02	1.53136071e-02	1.53136071e-02	8.89206744e-01	3.16750470e-01	5.72456274e-01	-1.27852902e-01	9.70061246e-21	-9.59923656e-20	-6.72022626e-21	-9.93524787e-20	9.26322525e-20
970             	3.06126887e-02	1.53063444e-02	1.53063444e-02	8.88921701e-01	3.16714428e-01	5.72207272e-01	-1.27746422e-01	9.70117886e-21	-9.60185088e-20	-6.79529600e-21	-9.94161568e-20	9.26208608e-20
971             	3.05987389e-02	1.52993695e-02	1.52993695e-02	8.88628492e-01	3.16674293e-01	5.71954199e-01	-1.27639953e-01	9.70168644e-21	-9.60450018e-20	-6.86807023e-21	-9.94790369e-20	9.26109666e-20
972             	3.05854255e-02	1.52927128e-02	1.52927128e-02	8.88329307e-01	3.16630190e-01	5.71699116e-01	-1.27534463e-01	9.70198246e-21	-9.60709618e-20	-6.93747878e-21	-9.95397012e-20	9.26022224e-20
973             	3.05717809e-02	1.52858905e-02	1.52858905e-02	8.88018848e-01	3.16582745e-01	5.71436103e-01	-1.27426679e-01	9.70242295e-21	-9.60977880e-20	-7.00731844e-21	-9.96014473e-20	9.25941288e-20
974             	3.05590659e-02	1.52795329e-02	1.52795329e-02	8.87704487e-01	3.16531128e-01	5.71173359e-01	-1.27321115e-01	9.70258200e-21	-9.61228166e-20	-7.07011350e-21	-9.96578733e-20	9.25877598e-20
975             	3.05460872e-02	1.52730436e-02	1.52730436e-02	8.87379653e-01	3.16475836e-01	5.70903817e-01	-1.27213990e-01	9.70282010e-21	-9.61485365e-20	-7.13318977e-21	-9.97151313e-20	9.25819416e-20
976             	3.05336725e-02	1.52668363e-02	1.52668363e-02	8.87047431e-01	3.16416584e-01	5.70630847e-01	-1.27107132e-01	9.70300520e-21	-9.61745085e-20	-7.19368558e-21	-9.97713513e-20	9.25776657e-20
977             	3.05218625e-02	1.52609313e-02	1.52609313e-02	8.86711226e-01	3.16353617e-01	5.70357609e-01	-1.27001996e-01	9.70299911e-21	-9.62000265e-20	-7.25045463e-21	-9.98252538e-20	9.25747992e-20
978             	3.05097571e-02	1.52548785e-02	1.52548785e-02	8.86365862e-01	3.16287229e-01	5.70078634e-01	-1.26895703e-01	9.70308667e-21	-9.62256076e-20	-7.30592409e-21	-9.98785696e-20	9.25726455e-20
979             	3.04983633e-02	1.52491817e-02	1.52491817e-02	8.86014297e-01	3.16216911e-01	5.69797386e-01	-1.26790238e-01	9.70312404e-21	-9.62513889e-20	-7.35851467e-21	-9.99306463e-20	9.25721316e-20
980             	3.04876578e-02	1.52438289e-02	1.52438289e-02	8.85660771e-01	3.16143144e-01	5.69517627e-01	-1.26687242e-01	9.70297018e-21	-9.62765755e-20	-7.40732188e-21	-9.99802365e-20	9.25729146e-20
981             	3.04765082e-02	1.52382541e-02	1.52382541e-02	8.85298162e-01	3.16066183e-01	5.69231979e-01	-1.26582898e-01	9.70294139e-21	-9.63019418e-20	-7.45494388e-21	-1.00029414e-19	9.25744699e-20
982             	3.04660939e-02	1.52330469e-02	1.52330469e-02	8.84930103e-01	3.15985456e-01	5.68944647e-01	-1.26479595e-01	9.70284714e-21	-9.63272761e-20	-7.49912056e-21	-1.00076836e-19	9.25777158e-20
983             	3.04564927e-02	1.52282463e-02	1.52282463e-02	8.84562356e-01	3.15901516e-01	5.68660840e-01	-1.26379662e-01	9.70254468e-21	-9.63518231e-20	-7.53898997e-21	-1.00121318e-19	9.25823281e-20
984             	3.04464913e-02	1.52232457e-02	1.52232457e-02	8.84186488e-01	3.15814544e-01	5.68371945e-01	-1.26278701e-01	9.70237466e-21	-9.63765989e-20	-7.57759974e-21	-1.00165399e-19	9.25877990e-20
985             	3.04371557e-02	1.52185779e-02	1.52185779e-02	8.83805965e-01	3.15724163e-01	5.68081801e-01	-1.26178819e-01	9.70215280e-21	-9.64011118e-20	-7.61260505e-21	-1.00207414e-19	9.25948092e-20
986             	3.04286688e-02	1.52143344e-02	1.52143344e-02	8.83427320e-01	3.15630797e-01	5.67796523e-01	-1.26082863e-01	9.70172145e-21	-9.64248727e-20	-7.64313376e-21	-1.00246440e-19	9.26033058e-20
987             	3.04196219e-02	1.52098110e-02	1.52098110e-02	8.83040843e-01	3.15534650e-01	5.67506194e-01	-1.25985772e-01	9.70145271e-21	-9.64489248e-20	-7.67274795e-21	-1.00285299e-19	9.26125508e-20
988             	3.04113701e-02	1.52056851e-02	1.52056851e-02	8.82651385e-01	3.15435420e-01	5.67215965e-01	-1.25890272e-01	9.70111374e-21	-9.64729060e-20	-7.69905797e-21	-1.00322435e-19	9.26233770e-20
989             	3.04039976e-02	1.52019988e-02	1.52019988e-02	8.82265610e-01	3.15333528e-01	5.66932082e-01	-1.25799277e-01	9.70057749e-21	-9.64958590e-20	-7.72043315e-21	-1.00356076e-19	9.26356424e-20
990             	3.03959045e-02	1.51979522e-02	1.51979522e-02	8.81871314e-01	3.15229165e-01	5.66642149e-01	-1.25706492e-01	9.70027692e-21	-9.65200434e-20	-7.74321574e-21	-1.00391651e-19	9.26484355e-20
991             	3.03892315e-02	1.51946157e-02	1.51946157e-02	8.81482120e-01	3.15122172e-01	5.66359948e-01	-1.25618888e-01	9.69967559e-21	-9.65418197e-20	-7.75693464e-21	-1.00420287e-19	9.26633524e-20
992             	3.03823107e-02	1.51911554e-02	1.51911554e-02	8.81088224e-01	3.15012693e-01	5.66075531e-01	-1.25531419e-01	9.69920262e-21	-9.65639951e-20	-7.77035504e-21	-1.00449173e-19	9.26788176e-20
993             	3.03757369e-02	1.51878684e-02	1.51878684e-02	8.80692437e-01	3.14900946e-01	5.65791491e-01	-1.25445273e-01	9.69872467e-21	-9.65866059e-20	-7.78241972e-21	-1.00477816e-19	9.26953961e-20
994             	3.03700420e-02	1.51850210e-02	1.51850210e-02	8.80301934e-01	3.14787140e-01	5.65514794e-01	-1.25363827e-01	9.69806323e-21	-9.66077273e-20	-7.78812290e-21	-1.00501789e-19	9.27136659e-20
995             	3.03639973e-02	1.51819986e-02	1.51819986e-02	8.79907547e-01	3.14671385e-01	5.65236162e-01	-1.25282388e-01	9.69754022e-21	-9.66289634e-20	-7.79284490e-21	-1.00525386e-19	9.27325410e-20
996             	3.03585851e-02	1.51792925e-02	1.51792925e-02	8.79513332e-01	3.14553733e-01	5.64959599e-01	-1.25202933e-01	9.69697796e-21	-9.66497960e-20	-7.79467263e-21	-1.00547132e-19	9.27524597e-20
997             	3.03539808e-02	1.51769904e-02	1.51769904e-02	8.79126048e-01	3.14434405e-01	5.64691643e-01	-1.25128619e-01	9.69624903e-21	-9.66698974e-20	-7.79192443e-21	-1.00565860e-19	9.27739352e-20
998             	3.03489059e-02	1.51744529e-02	1.51744529e-02	8.78735413e-01	3.14313524e-01	5.64421889e-01	-1.25054182e-01	9.69568042e-21	-9.66900978e-20	-7.78818045e-21	-1.00584188e-19	9.27960076e-20
999             	3.03445204e-02	1.51722602e-02	1.51722602e-02	8.78346726e-01	3.14191324e-01	5.64155401e-01	-1.24982039e-01	9.69506170e-21	-9.67094985e-20	-7.78110738e-21	-1.00600052e-19	9.28189448e-20
1000            	3.03409075e-02	1.51704537e-02	1.51704537e-02	8.77966264e-01	3.14067811e-01	5.63898453e-01	-1.24915321e-01	9.69429225e-21	-9.67282685e-20	-7.76988223e-21	-1.00613210e-19	9.28433274e-20
1001            	3.03367085e-02	1.51683543e-02	1.51683543e-02	8.77582976e-01	3.13943070e-01	5.63639906e-01	-1.24848418e-01	9.69369237e-21	-9.67474336e-20	-7.75839043e-21	-1.00626629e-19	9.28682384e-20
1002            	3.03333307e-02	1.51666654e-02	1.51666654e-02	8.77203796e-01	3.13817497e-01	5.63386299e-01	-1.24784401e-01	9.69301762e-21	-9.67655339e-20	-7.74316557e-21	-1.00637117e-19	9.28939511e-20
1003            	3.03306847e-02	1.51653424e-02	1.51653424e-02	8.76833774e-01	3.13690937e-01	5.63142837e-01	-1.24725950e-01	9.69221159e-21	-9.67827850e-20	-7.72350665e-21	-1.00644538e-19	9.29210317e-20
1004            	3.03269174e-02	1.51634587e-02	1.51634587e-02	8.76459501e-01	3.13563702e-01	5.62895798e-01	-1.24666048e-01	9.69165981e-21	-9.68015498e-20	-7.70697824e-21	-1.00655039e-19	9.29480607e-20
1005            	3.03251592e-02	1.51625796e-02	1.51625796e-02	8.76099348e-01	3.13435919e-01	5.62663428e-01	-1.24613755e-01	9.69076905e-21	-9.68171766e-20	-7.67972540e-21	-1.00657039e-19	9.29773139e-20
1006            	3.03226180e-02	1.51613090e-02	1.51613090e-02	8.75738313e-01	3.13307674e-01	5.62430639e-01	-1.24561483e-01	9.69011447e-21	-9.68334612e-20	-7.65422957e-21	-1.00660576e-19	9.30063464e-20
1007            	3.03203214e-02	1.51601607e-02	1.51601607e-02	8.75382359e-01	3.13179571e-01	5.62202788e-01	-1.24511609e-01	9.68943767e-21	-9.68500382e-20	-7.62826035e-21	-1.00664168e-19	9.30359080e-20
1008            	3.03191745e-02	1.51595872e-02	1.51595872e-02	8.75038252e-01	3.13051088e-01	5.61987164e-01	-1.24468038e-01	9.68860105e-21	-9.68646441e-20	-7.59510255e-21	-1.00662195e-19	9.30670928e-20
1009            	3.03171797e-02	1.51585898e-02	1.51585898e-02	8.74693906e-01	3.12922712e-01	5.61771194e-01	-1.24424241e-01	9.68798316e-21	-9.68798228e-20	-7.56324730e-21	-1.00661446e-19	9.30981992e-20
1010            	3.03156717e-02	1.51578359e-02	1.51578359e-02	8.74356965e-01	3.12795204e-01	5.61561761e-01	-1.24383279e-01	9.68732419e-21	-9.68943074e-20	-7.52944131e-21	-1.00659028e-19	9.31295867e-20
1011            	3.03151166e-02	1.51575583e-02	1.51575583e-02	8.74032875e-01	3.12667736e-01	5.61365139e-01	-1.24348702e-01	9.68654164e-21	-9.69078153e-20	-7.49084492e-21	-1.00653238e-19	9.31623929e-20
1012            	3.03135481e-02	1.51567740e-02	1.51567740e-02	8.73708994e-01	3.12540850e-01	5.61168144e-01	-1.24313647e-01	9.68599785e-21	-9.69217688e-20	-7.45350291e-21	-1.00648520e-19	9.31950173e-20
1013            	3.03127421e-02	1.51563710e-02	1.51563710e-02	8.73395694e-01	3.12415574e-01	5.60980120e-01	-1.24282273e-01	9.68537486e-21	-9.69347750e-20	-7.41386609e-21	-1.00641708e-19	9.32278419e-20
1014            	3.03128919e-02	1.51564460e-02	1.51564460e-02	8.73096270e-01	3.12290773e-01	5.60805497e-01	-1.24257362e-01	9.68465084e-21	-9.69467879e-20	-7.36975132e-21	-1.00631664e-19	9.32619123e-20
1015            	3.03112153e-02	1.51556077e-02	1.51556077e-02	8.72793672e-01	3.12166746e-01	5.60626927e-01	-1.24230090e-01	9.68425665e-21	-9.69599162e-20	-7.33018084e-21	-1.00625007e-19	9.32948257e-20
1016            	3.03118261e-02	1.51559131e-02	1.51559131e-02	8.72511098e-01	3.12044200e-01	5.60466898e-01	-1.24211349e-01	9.68352542e-21	-9.69701493e-20	-7.28053453e-21	-1.00610417e-19	9.33298821e-20
1017            	3.03116375e-02	1.51558187e-02	1.51558187e-02	8.72231858e-01	3.11922907e-01	5.60308951e-01	-1.24193022e-01	9.68304132e-21	-9.69813274e-20	-7.23407578e-21	-1.00598365e-19	9.33642895e-20
1018            	3.03110594e-02	1.51555297e-02	1.51555297e-02	8.71959969e-01	3.11803644e-01	5.60156325e-01	-1.24176340e-01	9.68260587e-21	-9.69920927e-20	-7.18790081e-21	-1.00586043e-19	9.33981423e-20
1019            	3.03117328e-02	1.51558664e-02	1.51558664e-02	8.71703215e-01	3.11685575e-01	5.60017639e-01	-1.24166032e-01	9.68202128e-21	-9.70014236e-20	-7.13579033e-21	-1.00569319e-19	9.34335284e-20
1020            	3.03115238e-02	1.51557619e-02	1.51557619e-02	8.71450693e-01	3.11569489e-01	5.59881204e-01	-1.24155858e-01	9.68166835e-21	-9.70115553e-20	-7.08645632e-21	-1.00554783e-19	9.34683271e-20
1021            	3.03115521e-02	1.51557760e-02	1.51557760e-02	8.71209213e-01	3.11456279e-01	5.59752933e-01	-1.24148327e-01	9.68129903e-21	-9.70208311e-20	-7.03648025e-21	-1.00539071e-19	9.35025910e-20
1022            	3.03125682e-02	1.51562841e-02	1.51562841e-02	8.70982665e-01	3.11344281e-01	5.59638384e-01	-1.24147051e-01	9.68083642e-21	-9.70285362e-20	-6.98122286e-21	-1.00519148e-19	9.35379248e-20
1023            	3.03119556e-02	1.51559778e-02	1.51559778e-02	8.70757694e-01	3.11234541e-01	5.59523154e-01	-1.24144306e-01	9.68067125e-21	-9.70379041e-20	-6.93208213e-21	-1.00503945e-19	9.35718630e-20
1024            	3.03132488e-02	1.51566244e-02	1.51566244e-02	8.70551702e-01	3.11127137e-01	5.59424565e-01	-1.24148714e-01	9.68025891e-21	-9.70445466e-20	-6.87421508e-21	-1.00481654e-19	9.36074390e-20
1025            	3.03130393e-02	1.51565196e-02	1.51565196e-02	8.70348857e-01	3.11022386e-01	5.59326470e-01	-1.24152042e-01	9.68014269e-21	-9.70523519e-20	-6.82251747e-21	-1.00463611e-19	9.36410931e-20
1026            	3.03140210e-02	1.51570105e-02	1.51570105e-02	8.70161584e-01	3.10919726e-01	5.59241858e-01	-1.24161066e-01	9.67986444e-21	-9.70587919e-20	-6.76509592e-21	-1.00441340e-19	9.36762439e-20
1027            	3.03136315e-02	1.51568158e-02	1.51568158e-02	8.69979098e-01	3.10820149e-01	5.59158949e-01	-1.24169400e-01	9.67985046e-21	-9.70665100e-20	-6.71380621e-21	-1.00423413e-19	9.37096068e-20
1028            	3.03146162e-02	1.51573081e-02	1.51573081e-02	8.69813337e-01	3.10723026e-01	5.59090311e-01	-1.24183642e-01	9.67967079e-21	-9.70719080e-20	-6.65543437e-21	-1.00399625e-19	9.37441908e-20
1029            	3.03145972e-02	1.51572986e-02	1.51572986e-02	8.69653072e-01	3.10628777e-01	5.59024294e-01	-1.24197758e-01	9.67971520e-21	-9.70789337e-20	-6.60237829e-21	-1.00380123e-19	9.37777446e-20
1030            	3.03145552e-02	1.51572776e-02	1.51572776e-02	8.69506020e-01	3.10538657e-01	5.58967363e-01	-1.24214353e-01	9.67975578e-21	-9.70844953e-20	-6.54876321e-21	-1.00358877e-19	9.38101136e-20
1031            	3.03154279e-02	1.51577140e-02	1.51577140e-02	8.69373229e-01	3.10450574e-01	5.58922655e-01	-1.24236041e-01	9.67973911e-21	-9.70892547e-20	-6.49189722e-21	-1.00335203e-19	9.38433060e-20
1032            	3.03146067e-02	1.51573033e-02	1.51573033e-02	8.69243336e-01	3.10365705e-01	5.58877631e-01	-1.24255963e-01	9.67998501e-21	-9.70956616e-20	-6.44190924e-21	-1.00316616e-19	9.38747070e-20
1033            	3.03153927e-02	1.51576964e-02	1.51576964e-02	8.69131181e-01	3.10283907e-01	5.58847273e-01	-1.24281683e-01	9.68004789e-21	-9.70995069e-20	-6.38462041e-21	-1.00291817e-19	9.39071966e-20
1034            	3.03146367e-02	1.51573183e-02	1.51573183e-02	8.69023863e-01	3.10205819e-01	5.58818045e-01	-1.24306113e-01	9.68037172e-21	-9.71047678e-20	-6.33477457e-21	-1.00272155e-19	9.39373805e-20
1035            	3.03149820e-02	1.51574910e-02	1.51574910e-02	8.68931330e-01	3.10130491e-01	5.58800839e-01	-1.24335174e-01	9.68057082e-21	-9.71087893e-20	-6.28035467e-21	-1.00248967e-19	9.39686120e-20
1036            	3.03139796e-02	1.51569898e-02	1.51569898e-02	8.68844530e-01	3.10058997e-01	5.58785533e-01	-1.24363268e-01	9.68098930e-21	-9.71138574e-20	-6.23230539e-21	-1.00230010e-19	9.39977047e-20
1037            	3.03143240e-02	1.51571620e-02	1.51571620e-02	8.68773982e-01	3.09990626e-01	5.58783356e-01	-1.24396365e-01	9.68126856e-21	-9.71171680e-20	-6.17898466e-21	-1.00206660e-19	9.40276757e-20
1038            	3.03130721e-02	1.51565360e-02	1.51565360e-02	8.68707944e-01	3.09926106e-01	5.58781838e-01	-1.24427866e-01	9.68179152e-21	-9.71216653e-20	-6.13285129e-21	-1.00188091e-19	9.40552396e-20
1039            	3.03129386e-02	1.51564693e-02	1.51564693e-02	8.68656671e-01	3.09864767e-01	5.58791904e-01	-1.24463568e-01	9.68219401e-21	-9.71245824e-20	-6.08196160e-21	-1.00165563e-19	9.40836016e-20
1040            	3.03116403e-02	1.51558202e-02	1.51558202e-02	8.68611986e-01	3.09807484e-01	5.58804502e-01	-1.24498509e-01	9.68277720e-21	-9.71283941e-20	-6.03731592e-21	-1.00147052e-19	9.41097362e-20
1041            	3.03112635e-02	1.51556318e-02	1.51556318e-02	8.68580984e-01	3.09753395e-01	5.58827589e-01	-1.24537097e-01	9.68328038e-21	-9.71309199e-20	-5.98896488e-21	-1.00125402e-19	9.41364374e-20
1042            	3.03096053e-02	1.51548027e-02	1.51548027e-02	8.68555539e-01	3.09703374e-01	5.58852165e-01	-1.24574396e-01	9.68396800e-21	-9.71343539e-20	-5.94696795e-21	-1.00107838e-19	9.41608699e-20
1043            	3.03089131e-02	1.51544566e-02	1.51544566e-02	8.68543475e-01	3.09656675e-01	5.58886800e-01	-1.24615062e-01	9.68457015e-21	-9.71368198e-20	-5.90188113e-21	-1.00087760e-19	9.41858792e-20
1044            	3.03070051e-02	1.51535026e-02	1.51535026e-02	8.68537306e-01	3.09614134e-01	5.58923172e-01	-1.24654519e-01	9.68534888e-21	-9.71400929e-20	-5.86310952e-21	-1.00071648e-19	9.42085381e-20
1045            	3.03059369e-02	1.51529685e-02	1.51529685e-02	8.68543284e-01	3.09574859e-01	5.58968425e-01	-1.24696783e-01	9.68606028e-21	-9.71424295e-20	-5.82161081e-21	-1.00053235e-19	9.42316241e-20
1046            	3.03039287e-02	1.51519643e-02	1.51519643e-02	8.68556207e-01	3.09539770e-01	5.59016437e-01	-1.24738333e-01	9.68690902e-21	-9.71453263e-20	-5.78565719e-21	-1.00038155e-19	9.42524977e-20
1047            	3.03024787e-02	1.51512393e-02	1.51512393e-02	8.68579305e-01	3.09507802e-01	5.59071503e-01	-1.24781851e-01	9.68773294e-21	-9.71474992e-20	-5.74788253e-21	-1.00021440e-19	9.42735579e-20
1048            	3.03001153e-02	1.51500576e-02	1.51500576e-02	8.68608857e-01	3.09480016e-01	5.59128842e-01	-1.24824413e-01	9.68867839e-21	-9.71504429e-20	-5.71593625e-21	-1.00008411e-19	9.42924748e-20
1049            	3.02983584e-02	1.51491792e-02	1.51491792e-02	8.68648280e-01	3.09455303e-01	5.59192977e-01	-1.24868837e-01	9.68958977e-21	-9.71526171e-20	-5.68210587e-21	-9.99936700e-20	9.43115641e-20
1050            	3.02957411e-02	1.51478706e-02	1.51478706e-02	8.68694550e-01	3.09434782e-01	5.59259768e-01	-1.24912493e-01	9.69060836e-21	-9.71551988e-20	-5.65350331e-21	-9.99819504e-20	9.43284471e-20
1051            	3.02935968e-02	1.51467984e-02	1.51467984e-02	8.68749129e-01	3.09417273e-01	5.59331856e-01	-1.24957292e-01	9.69161604e-21	-9.71573066e-20	-5.62380704e-21	-9.99692102e-20	9.43454031e-20
1052            	3.02906372e-02	1.51453186e-02	1.51453186e-02	8.68810017e-01	3.09403850e-01	5.59406167e-01	-1.25001158e-01	9.69271405e-21	-9.71597979e-20	-5.59917240e-21	-9.99593841e-20	9.43602117e-20
1053            	3.02880561e-02	1.51440281e-02	1.51440281e-02	8.68878506e-01	3.09393387e-01	5.59485118e-01	-1.25045865e-01	9.69380733e-21	-9.71618903e-20	-5.57379437e-21	-9.99487875e-20	9.43749931e-20
1054            	3.02846930e-02	1.51423465e-02	1.51423465e-02	8.68953099e-01	3.09386982e-01	5.59566116e-01	-1.25089567e-01	9.69498654e-21	-9.71643269e-20	-5.55338738e-21	-9.99410206e-20	9.43876332e-20
1055            	3.02817075e-02	1.51408537e-02	1.51408537e-02	8.69034259e-01	3.09383325e-01	5.59650934e-01	-1.25133804e-01	9.69616615e-21	-9.71665128e-20	-5.53264019e-21	-9.99328328e-20	9.44001927e-20
1056            	3.02781914e-02	1.51390957e-02	1.51390957e-02	8.69120403e-01	3.09383241e-01	5.59737162e-01	-1.25176960e-01	9.69743152e-21	-9.71691900e-20	-5.51583910e-21	-9.99271095e-20	9.44112704e-20
1057            	3.02743780e-02	1.51371890e-02	1.51371890e-02	8.69215943e-01	3.09387560e-01	5.59828383e-01	-1.25220412e-01	9.69870572e-21	-9.71715239e-20	-5.50192541e-21	-9.99224866e-20	9.44205612e-20
1058            	3.02705946e-02	1.51352973e-02	1.51352973e-02	8.69312973e-01	3.09393731e-01	5.59919242e-01	-1.25262755e-01	9.70002664e-21	-9.71739092e-20	-5.48874969e-21	-9.99182840e-20	9.44295344e-20
1059            	3.02662068e-02	1.51331034e-02	1.51331034e-02	8.69415238e-01	3.09403468e-01	5.60011770e-01	-1.25304151e-01	9.70138395e-21	-9.71766638e-20	-5.47994104e-21	-9.99166343e-20	9.44366932e-20
1060            	3.02620476e-02	1.51310238e-02	1.51310238e-02	8.69522179e-01	3.09415842e-01	5.60106337e-01	-1.25345247e-01	9.70275869e-21	-9.71790501e-20	-5.47108765e-21	-9.99145939e-20	9.44435063e-20
1061            	3.02574928e-02	1.51287464e-02	1.51287464e-02	8.69633111e-01	3.09431399e-01	5.60201713e-01	-1.25385157e-01	9.70419681e-21	-9.71819775e-20	-5.46618465e-21	-9.99150698e-20	9.44488852e-20
1062            	3.02526115e-02	1.51263058e-02	1.51263058e-02	8.69751086e-01	3.09450685e-01	5.60300400e-01	-1.25424857e-01	9.70563557e-21	-9.71847729e-20	-5.46428412e-21	-9.99169149e-20	9.44526308e-20
1063            	3.02477004e-02	1.51238502e-02	1.51238502e-02	8.69868744e-01	3.09471667e-01	5.60397078e-01	-1.25462706e-01	9.70712365e-21	-9.71876328e-20	-5.46337316e-21	-9.99193194e-20	9.44559462e-20
1064            	3.02424719e-02	1.51212359e-02	1.51212359e-02	8.69990077e-01	3.09495672e-01	5.60494405e-01	-1.25499366e-01	9.70862811e-21	-9.71908967e-20	-5.46568336e-21	-9.99237384e-20	9.44580550e-20
1065            	3.02370370e-02	1.51185185e-02	1.51185185e-02	8.70119353e-01	3.09523470e-01	5.60595883e-01	-1.25536206e-01	9.71012467e-21	-9.71938533e-20	-5.47060507e-21	-9.99291558e-20	9.44585507e-20
1066            	3.02314288e-02	1.51157144e-02	1.51157144e-02	8.70245219e-01	3.09552341e-01	5.60692878e-01	-1.25570269e-01	9.71168897e-21	-9.71970649e-20	-5.47713596e-21	-9.99356328e-20	9.44584969e-20
1067            	3.02254078e-02	1.51127039e-02	1.51127039e-02	8.70374502e-01	3.09584114e-01	5.60790388e-01	-1.25603137e-01	9.71324916e-21	-9.72007775e-20	-5.48766210e-21	-9.99446086e-20	9.44569465e-20
1068            	3.02194932e-02	1.51097466e-02	1.51097466e-02	8.70504993e-01	3.09617696e-01	5.60887297e-01	-1.25634800e-01	9.71483285e-21	-9.72040738e-20	-5.49845135e-21	-9.99532995e-20	9.44548481e-20
1069            	3.02131995e-02	1.51065997e-02	1.51065997e-02	8.70636652e-01	3.09653712e-01	5.60982939e-01	-1.25664614e-01	9.71645252e-21	-9.72080986e-20	-5.51323937e-21	-9.99647183e-20	9.44514790e-20
1070            	3.02067365e-02	1.51033682e-02	1.51033682e-02	8.70772522e-01	3.09692434e-01	5.61080088e-01	-1.25693827e-01	9.71804624e-21	-9.72118781e-20	-5.53028125e-21	-9.99770188e-20	9.44467375e-20
1071            	3.02000001e-02	1.51000001e-02	1.51000001e-02	8.70903751e-01	3.09732025e-01	5.61171726e-01	-1.25719850e-01	9.71970523e-21	-9.72163428e-20	-5.54978162e-21	-9.99912336e-20	9.44414520e-20
1072            	3.01930649e-02	1.50965324e-02	1.50965324e-02	8.71035946e-01	3.09773758e-01	5.61262188e-01	-1.25744215e-01	9.72135531e-21	-9.72209938e-20	-5.57181962e-21	-1.00006904e-19	9.44350840e-20
1073            	3.01861233e-02	1.50930617e-02	1.50930617e-02	8.71172873e-01	3.09817915e-01	5.61354958e-01	-1.25768521e-01	9.72297034e-21	-9.72252916e-20	-5.59571633e-21	-1.00023150e-19	9.44274335e-20
1074            	3.01788299e-02	1.50894150e-02	1.50894150e-02	8.71302441e-01	3.09862397e-01	5.61440044e-01	-1.25788824e-01	9.72466392e-21	-9.72303699e-20	-5.62236695e-21	-1.00041553e-19	9.44191864e-20
1075            	3.01713592e-02	1.50856796e-02	1.50856796e-02	8.71433072e-01	3.09908744e-01	5.61524328e-01	-1.25807792e-01	9.72630917e-21	-9.72358366e-20	-5.65192951e-21	-1.00061801e-19	9.44098718e-20
1076            	3.01639663e-02	1.50819832e-02	1.50819832e-02	8.71561806e-01	3.09955779e-01	5.61606027e-01	-1.25825124e-01	9.72796785e-21	-9.72404513e-20	-5.68103291e-21	-1.00080968e-19	9.43999349e-20
1077            	3.01560832e-02	1.50780416e-02	1.50780416e-02	8.71687277e-01	3.10004168e-01	5.61683110e-01	-1.25839471e-01	9.72965614e-21	-9.72464981e-20	-5.71491052e-21	-1.00103953e-19	9.43890429e-20
1078            	3.01483157e-02	1.50741578e-02	1.50741578e-02	8.71814472e-01	3.10053921e-01	5.61760551e-01	-1.25853315e-01	9.73128421e-21	-9.72518362e-20	-5.74925942e-21	-1.00126466e-19	9.43772065e-20
1079            	3.01402294e-02	1.50701147e-02	1.50701147e-02	8.71934137e-01	3.10103719e-01	5.61830417e-01	-1.25863349e-01	9.73296807e-21	-9.72580528e-20	-5.78642389e-21	-1.00151265e-19	9.43648409e-20
1080            	3.01319179e-02	1.50659589e-02	1.50659589e-02	8.72051203e-01	3.10154418e-01	5.61896785e-01	-1.25871184e-01	9.73462505e-21	-9.72648029e-20	-5.82607142e-21	-1.00177839e-19	9.43517672e-20
1081            	3.01238340e-02	1.50619170e-02	1.50619170e-02	8.72170903e-01	3.10206211e-01	5.61964692e-01	-1.25879240e-01	9.73621822e-21	-9.72706843e-20	-5.86564195e-21	-1.00203505e-19	9.43378633e-20
1082            	3.01153316e-02	1.50576658e-02	1.50576658e-02	8.72280098e-01	3.10257440e-01	5.62022658e-01	-1.25882609e-01	9.73788329e-21	-9.72776237e-20	-5.90854217e-21	-1.00231895e-19	9.43233527e-20
1083            	3.01067141e-02	1.50533571e-02	1.50533571e-02	8.72386635e-01	3.10309332e-01	5.62077303e-01	-1.25883986e-01	9.73949291e-21	-9.72852265e-20	-5.95400250e-21	-1.00262228e-19	9.43082253e-20
1084            	3.00982695e-02	1.50491347e-02	1.50491347e-02	8.72489786e-01	3.10360996e-01	5.62128790e-01	-1.25883897e-01	9.74109438e-21	-9.72917597e-20	-5.99840698e-21	-1.00290963e-19	9.42925562e-20
1085            	3.00894195e-02	1.50447097e-02	1.50447097e-02	8.72586928e-01	3.10412877e-01	5.62174051e-01	-1.25880587e-01	9.74270773e-21	-9.72997818e-20	-6.04711236e-21	-1.00323338e-19	9.42762257e-20
1086            	3.00808177e-02	1.50404088e-02	1.50404088e-02	8.72683190e-01	3.10465019e-01	5.62218172e-01	-1.25876576e-01	9.74424532e-21	-9.73073905e-20	-6.09589679e-21	-1.00355339e-19	9.42594421e-20
1087            	3.00719434e-02	1.50359717e-02	1.50359717e-02	8.72770312e-01	3.10516326e-01	5.62253986e-01	-1.25868830e-01	9.74581596e-21	-9.73154984e-20	-6.14672889e-21	-1.00388863e-19	9.42421340e-20
1088            	3.00630907e-02	1.50315454e-02	1.50315454e-02	8.72853682e-01	3.10567699e-01	5.62285982e-01	-1.25859141e-01	9.74731785e-21	-9.73243606e-20	-6.19978357e-21	-1.00424252e-19	9.42244688e-20
1089            	3.00543931e-02	1.50271965e-02	1.50271965e-02	8.72932184e-01	3.10618238e-01	5.62313946e-01	-1.25847854e-01	9.74880356e-21	-9.73321025e-20	-6.25156755e-21	-1.00457886e-19	9.42063187e-20
1090            	3.00455111e-02	1.50227555e-02	1.50227555e-02	8.73004658e-01	3.10668500e-01	5.62336158e-01	-1.25833829e-01	9.75026357e-21	-9.73412773e-20	-6.30697889e-21	-1.00494767e-19	9.41877878e-20
1091            	3.00366690e-02	1.50183345e-02	1.50183345e-02	8.73070213e-01	3.10717772e-01	5.62352441e-01	-1.25817334e-01	9.75170593e-21	-9.73499067e-20	-6.36202011e-21	-1.00530917e-19	9.41688967e-20
1092            	3.00278579e-02	1.50139290e-02	1.50139290e-02	8.73130701e-01	3.10766575e-01	5.62364126e-01	-1.25798775e-01	9.75309674e-21	-9.73594641e-20	-6.41936519e-21	-1.00569147e-19	9.41497815e-20
1093            	3.00190806e-02	1.50095403e-02	1.50095403e-02	8.73184117e-01	3.10814150e-01	5.62369967e-01	-1.25777909e-01	9.75447472e-21	-9.73685154e-20	-6.47634729e-21	-1.00606689e-19	9.41303418e-20
1094            	3.00100722e-02	1.50050361e-02	1.50050361e-02	8.73229285e-01	3.10860758e-01	5.62368526e-01	-1.25753884e-01	9.75583554e-21	-9.73786285e-20	-6.53594131e-21	-1.00646599e-19	9.41106579e-20
1095            	3.00015864e-02	1.50007932e-02	1.50007932e-02	8.73272035e-01	3.10906264e-01	5.62365771e-01	-1.25729754e-01	9.75710044e-21	-9.73881857e-20	-6.59421557e-21	-1.00685294e-19	9.40910780e-20
1096            	2.99928477e-02	1.49964239e-02	1.49964239e-02	8.73303592e-01	3.10950042e-01	5.62353550e-01	-1.25701754e-01	9.75838498e-21	-9.73982994e-20	-6.65435422e-21	-1.00725476e-19	9.40711223e-20
1097            	2.99842153e-02	1.49921076e-02	1.49921076e-02	8.73328374e-01	3.10992677e-01	5.62335697e-01	-1.25671510e-01	9.75960695e-21	-9.74090705e-20	-6.71554589e-21	-1.00766843e-19	9.40512975e-20
1098            	2.99757722e-02	1.49878861e-02	1.49878861e-02	8.73347033e-01	3.11033490e-01	5.62313544e-01	-1.25640027e-01	9.76078820e-21	-9.74187231e-20	-6.77476885e-21	-1.00806108e-19	9.40313387e-20
1099            	2.99673462e-02	1.49836731e-02	1.49836731e-02	8.73357681e-01	3.11072749e-01	5.62284932e-01	-1.25606092e-01	9.76193327e-21	-9.74296577e-20	-6.83626260e-21	-1.00847789e-19	9.40115264e-20
1100            	2.99589429e-02	1.49794715e-02	1.49794715e-02	8.73359809e-01	3.11109932e-01	5.62249877e-01	-1.25569973e-01	9.76303812e-21	-9.74400933e-20	-6.89684629e-21	-1.00888516e-19	9.39916701e-20
1101            	2.99507140e-02	1.49753570e-02	1.49753570e-02	8.73354994e-01	3.11145418e-01	5.62209576e-01	-1.25532079e-01	9.76408797e-21	-9.74512422e-20	-6.95827126e-21	-1.00930378e-19	9.39721065e-20
1102            	2.99425840e-02	1.49712920e-02	1.49712920e-02	8.73342343e-01	3.11178704e-01	5.62163638e-01	-1.25492467e-01	9.76509542e-21	-9.74619374e-20	-7.01865503e-21	-1.00971265e-19	9.39526099e-20
1103            	2.99345544e-02	1.49672772e-02	1.49672772e-02	8.73321305e-01	3.11209919e-01	5.62111386e-01	-1.25450734e-01	9.76606129e-21	-9.74734788e-20	-7.08006187e-21	-1.01013510e-19	9.39334478e-20
1104            	2.99266367e-02	1.49633183e-02	1.49633183e-02	8.73292503e-01	3.11238725e-01	5.62053777e-01	-1.25407526e-01	9.76697587e-21	-9.74843429e-20	-7.13985450e-21	-1.01054270e-19	9.39144156e-20
1105            	2.99188551e-02	1.49594275e-02	1.49594275e-02	8.73255698e-01	3.11265346e-01	5.61990351e-01	-1.25362503e-01	9.76784968e-21	-9.74957852e-20	-7.20001412e-21	-1.01095792e-19	9.38957781e-20
1106            	2.99111991e-02	1.49555995e-02	1.49555995e-02	8.73210944e-01	3.11289417e-01	5.61921527e-01	-1.25316055e-01	9.76866451e-21	-9.75067857e-20	-7.25884210e-21	-1.01136207e-19	9.38773647e-20
1107            	2.99037000e-02	1.49518500e-02	1.49518500e-02	8.73157993e-01	3.11311131e-01	5.61846862e-01	-1.25267865e-01	9.76943498e-21	-9.75184848e-20	-7.31804212e-21	-1.01177506e-19	9.38594637e-20
1108            	2.98963001e-02	1.49481500e-02	1.49481500e-02	8.73097507e-01	3.11330261e-01	5.61767246e-01	-1.25218492e-01	9.77015648e-21	-9.75293699e-20	-7.37516044e-21	-1.01216950e-19	9.38417897e-20
1109            	2.98890888e-02	1.49445444e-02	1.49445444e-02	8.73029132e-01	3.11346955e-01	5.61682177e-01	-1.25167611e-01	9.77083632e-21	-9.75407838e-20	-7.43219127e-21	-1.01256879e-19	9.38246882e-20
1110            	2.98819928e-02	1.49409964e-02	1.49409964e-02	8.72953425e-01	3.11360928e-01	5.61592497e-01	-1.25115785e-01	9.77144961e-21	-9.75520220e-20	-7.48803005e-21	-1.01296037e-19	9.38080070e-20
1111            	2.98750060e-02	1.49375030e-02	1.49375030e-02	8.72869269e-01	3.11372365e-01	5.61496904e-01	-1.25062269e-01	9.77203367e-21	-9.75637379e-20	-7.54365484e-21	-1.01335565e-19	9.37919105e-20
1112            	2.98681989e-02	1.49340994e-02	1.49340994e-02	8.72778178e-01	3.11380990e-01	5.61397189e-01	-1.25008099e-01	9.77254525e-21	-9.75747441e-20	-7.59706018e-21	-1.01373274e-19	9.37762141e-20
1113            	2.98616202e-02	1.49308101e-02	1.49308101e-02	8.72679535e-01	3.11386948e-01	5.61292587e-01	-1.24952819e-01	9.77301053e-21	-9.75864887e-20	-7.65041021e-21	-1.01411694e-19	9.37612836e-20
1114            	2.98552863e-02	1.49276431e-02	1.49276431e-02	8.72574823e-01	3.11390141e-01	5.61184682e-01	-1.24897271e-01	9.77339716e-21	-9.75978601e-20	-7.70192510e-21	-1.01448823e-19	9.37468975e-20
1115            	2.98490497e-02	1.49245248e-02	1.49245248e-02	8.72461685e-01	3.11390565e-01	5.61071120e-01	-1.24840277e-01	9.77376911e-21	-9.76097187e-20	-7.75304643e-21	-1.01486242e-19	9.37331955e-20
1116            	2.98430842e-02	1.49215421e-02	1.49215421e-02	8.72342861e-01	3.11388194e-01	5.60954667e-01	-1.24783237e-01	9.77406556e-21	-9.76205290e-20	-7.80115902e-21	-1.01521108e-19	9.37199494e-20
1117            	2.98371382e-02	1.49185691e-02	1.49185691e-02	8.72215820e-01	3.11383158e-01	5.60832662e-01	-1.24724752e-01	9.77435680e-21	-9.76318648e-20	-7.84888125e-21	-1.01556305e-19	9.37074242e-20
1118            	2.98314993e-02	1.49157497e-02	1.49157497e-02	8.72083674e-01	3.11375342e-01	5.60708332e-01	-1.24666495e-01	9.77455308e-21	-9.76426638e-20	-7.89410109e-21	-1.01589714e-19	9.36956133e-20
1119            	2.98259838e-02	1.49129919e-02	1.49129919e-02	8.71943689e-01	3.11364720e-01	5.60578969e-01	-1.24607125e-01	9.77473102e-21	-9.76540524e-20	-7.93890367e-21	-1.01623504e-19	9.36846006e-20
1120            	2.98207696e-02	1.49103848e-02	1.49103848e-02	8.71799091e-01	3.11351340e-01	5.60447751e-01	-1.24548206e-01	9.77482265e-21	-9.76648100e-20	-7.98095476e-21	-1.01655287e-19	9.36743326e-20
1121            	2.98154952e-02	1.49077476e-02	1.49077476e-02	8.71647151e-01	3.11335308e-01	5.60311843e-01	-1.24488267e-01	9.77491389e-21	-9.76757049e-20	-8.02215218e-21	-1.01686781e-19	9.36646288e-20
1122            	2.98107673e-02	1.49053836e-02	1.49053836e-02	8.71489461e-01	3.11316041e-01	5.60173420e-01	-1.24428689e-01	9.77492742e-21	-9.76866292e-20	-8.06088696e-21	-1.01717073e-19	9.36561857e-20
1123            	2.98061206e-02	1.49030603e-02	1.49030603e-02	8.71327059e-01	3.11294388e-01	5.60032671e-01	-1.24369141e-01	9.77488889e-21	-9.76973390e-20	-8.09822116e-21	-1.01746450e-19	9.36482284e-20
1124            	2.98015710e-02	1.49007855e-02	1.49007855e-02	8.71158108e-01	3.11270135e-01	5.59887973e-01	-1.24308919e-01	9.77484455e-21	-9.77083156e-20	-8.13426534e-21	-1.01775448e-19	9.36411829e-20
1125            	2.97974527e-02	1.48987263e-02	1.48987263e-02	8.70986175e-01	3.11243157e-01	5.59743018e-01	-1.24249931e-01	9.77471076e-21	-9.77184466e-20	-8.16670535e-21	-1.01801799e-19	9.36350939e-20
1126            	2.97932887e-02	1.48966444e-02	1.48966444e-02	8.70807726e-01	3.11213566e-01	5.59594160e-01	-1.24190297e-01	9.77458052e-21	-9.77287147e-20	-8.19822852e-21	-1.01827829e-19	9.36296004e-20
1127            	2.97896090e-02	1.48948045e-02	1.48948045e-02	8.70624060e-01	3.11180941e-01	5.59443119e-01	-1.24131089e-01	9.77438444e-21	-9.77390075e-20	-8.22740449e-21	-1.01852710e-19	9.36253053e-20
1128            	2.97860716e-02	1.48930358e-02	1.48930358e-02	8.70437605e-01	3.11146108e-01	5.59291497e-01	-1.24072695e-01	9.77413515e-21	-9.77489030e-20	-8.25434469e-21	-1.01876075e-19	9.36217307e-20
1129            	2.97824975e-02	1.48912488e-02	1.48912488e-02	8.70245558e-01	3.11108794e-01	5.59136764e-01	-1.24013985e-01	9.77389798e-21	-9.77585913e-20	-8.27933514e-21	-1.01898259e-19	9.36189237e-20
1130            	2.97795535e-02	1.48897768e-02	1.48897768e-02	8.70049448e-01	3.11068479e-01	5.58980969e-01	-1.23956245e-01	9.77357688e-21	-9.77684349e-20	-8.30186301e-21	-1.01919366e-19	9.36175034e-20
1131            	2.97767990e-02	1.48883995e-02	1.48883995e-02	8.69851910e-01	3.11026171e-01	5.58825739e-01	-1.23899784e-01	9.77319743e-21	-9.77778949e-20	-8.32239909e-21	-1.01939094e-19	9.36166953e-20
1132            	2.97739550e-02	1.48869775e-02	1.48869775e-02	8.69649347e-01	3.10981565e-01	5.58667781e-01	-1.23843108e-01	9.77284634e-21	-9.77872978e-20	-8.34111688e-21	-1.01957856e-19	9.36167393e-20
1133            	2.97717534e-02	1.48858767e-02	1.48858767e-02	8.69443192e-01	3.10934101e-01	5.58509091e-01	-1.23787495e-01	9.77241969e-21	-9.77967029e-20	-8.35717674e-21	-1.01975291e-19	9.36181145e-20
1134            	2.97698312e-02	1.48849156e-02	1.48849156e-02	8.69237188e-01	3.10884783e-01	5.58352405e-01	-1.23733811e-01	9.77192108e-21	-9.78055227e-20	-8.37079549e-21	-1.01990920e-19	9.36201249e-20
1135            	2.97677462e-02	1.48838731e-02	1.48838731e-02	8.69025349e-01	3.10833251e-01	5.58192098e-01	-1.23679423e-01	9.77147863e-21	-9.78146877e-20	-8.38347245e-21	-1.02006424e-19	9.36229515e-20
1136            	2.97664725e-02	1.48832363e-02	1.48832363e-02	8.68815462e-01	3.10779604e-01	5.58035858e-01	-1.23628127e-01	9.77090146e-21	-9.78228736e-20	-8.39152535e-21	-1.02018636e-19	9.36271109e-20
1137            	2.97650244e-02	1.48825122e-02	1.48825122e-02	8.68600837e-01	3.10723875e-01	5.57876962e-01	-1.23576544e-01	9.77038599e-21	-9.78310660e-20	-8.39860022e-21	-1.02030366e-19	9.36317659e-20
1138            	2.97640198e-02	1.48820099e-02	1.48820099e-02	8.68385563e-01	3.10666059e-01	5.57719504e-01	-1.23526723e-01	9.76979333e-21	-9.78388161e-20	-8.40280755e-21	-1.02040220e-19	9.36374124e-20
1139            	2.97632295e-02	1.48816147e-02	1.48816147e-02	8.68168599e-01	3.10606282e-01	5.57562317e-01	-1.23478017e-01	9.76918573e-21	-9.78464861e-20	-8.40504805e-21	-1.02049010e-19	9.36439621e-20
1140            	2.97626895e-02	1.48813447e-02	1.48813447e-02	8.67950625e-01	3.10544591e-01	5.57406034e-01	-1.23430722e-01	9.76854606e-21	-9.78535992e-20	-8.40442049e-21	-1.02055809e-19	9.36513889e-20
1141            	2.97623737e-02	1.48811869e-02	1.48811869e-02	8.67731863e-01	3.10481107e-01	5.57250756e-01	-1.23384824e-01	9.76788347e-21	-9.78605583e-20	-8.40168844e-21	-1.02061403e-19	9.36597141e-20
1142            	2.97623221e-02	1.48811611e-02	1.48811611e-02	8.67512913e-01	3.10415981e-01	5.57096932e-01	-1.23340475e-01	9.76719124e-21	-9.78674694e-20	-8.39700788e-21	-1.02065973e-19	9.36689655e-20
1143            	2.97625868e-02	1.48812934e-02	1.48812934e-02	8.67294346e-01	3.10349254e-01	5.56945092e-01	-1.23297919e-01	9.76646724e-21	-9.78740144e-20	-8.38985330e-21	-1.02068941e-19	9.36790877e-20
1144            	2.97631186e-02	1.48815593e-02	1.48815593e-02	8.67076203e-01	3.10281060e-01	5.56795144e-01	-1.23257042e-01	9.76571906e-21	-9.78802219e-20	-8.38034930e-21	-1.02070397e-19	9.36900473e-20
1145            	2.97639059e-02	1.48819529e-02	1.48819529e-02	8.66858768e-01	3.10211532e-01	5.56647236e-01	-1.23217852e-01	9.76495038e-21	-9.78862266e-20	-8.36878205e-21	-1.02070618e-19	9.37018356e-20
1146            	2.97648721e-02	1.48824361e-02	1.48824361e-02	8.66641808e-01	3.10140691e-01	5.56501117e-01	-1.23180213e-01	9.76417126e-21	-9.78917626e-20	-8.35479788e-21	-1.02069162e-19	9.37143637e-20
1147            	2.97661620e-02	1.48830810e-02	1.48830810e-02	8.66426413e-01	3.10068647e-01	5.56357766e-01	-1.23144559e-01	9.76336184e-21	-9.78969892e-20	-8.33851981e-21	-1.02066249e-19	9.37277293e-20
1148            	2.97676966e-02	1.48838483e-02	1.48838483e-02	8.66212641e-01	3.09995568e-01	5.56217073e-01	-1.23110753e-01	9.76253659e-21	-9.79017988e-20	-8.31988136e-21	-1.02061739e-19	9.37418581e-20
1149            	2.97694565e-02	1.48847282e-02	1.48847282e-02	8.66000727e-01	3.09921564e-01	5.56079163e-01	-1.23078800e-01	9.76170104e-21	-9.79061693e-20	-8.29891737e-21	-1.02055628e-19	9.37567106e-20
1150            	2.97713473e-02	1.48856736e-02	1.48856736e-02	8.65790303e-01	3.09846711e-01	5.55943593e-01	-1.23048441e-01	9.76086321e-21	-9.79101808e-20	-8.27584431e-21	-1.02048103e-19	9.37722586e-20
1151            	2.97734373e-02	1.48867186e-02	1.48867186e-02	8.65582008e-01	3.09771057e-01	5.55810950e-01	-1.23019946e-01	9.76001276e-21	-9.79138344e-20	-8.25065409e-21	-1.02039161e-19	9.37885073e-20
1152            	2.97757501e-02	1.48878750e-02	1.48878750e-02	8.65376454e-01	3.09694776e-01	5.55681678e-01	-1.22993451e-01	9.75914688e-21	-9.79171664e-20	-8.22341429e-21	-1.02028874e-19	9.38054593e-20
1153            	2.97782049e-02	1.48891024e-02	1.48891024e-02	8.65173516e-01	3.09617886e-01	5.55555630e-01	-1.22968872e-01	9.75828201e-21	-9.79200999e-20	-8.19417462e-21	-1.02017187e-19	9.38230126e-20
1154            	2.97808983e-02	1.48904492e-02	1.48904492e-02	8.64974222e-01	3.09540664e-01	5.55433558e-01	-1.22946447e-01	9.75740125e-21	-9.79229704e-20	-8.16338587e-21	-1.02004663e-19	9.38412775e-20
1155            	2.97837828e-02	1.48918914e-02	1.48918914e-02	8.64778338e-01	3.09462958e-01	5.55315380e-01	-1.22926211e-01	9.75652234e-21	-9.79252660e-20	-8.13038851e-21	-1.01990460e-19	9.38600717e-20
1156            	2.97868817e-02	1.48934408e-02	1.48934408e-02	8.64586806e-01	3.09385171e-01	5.55201635e-01	-1.22908232e-01	9.75563643e-21	-9.79274263e-20	-8.09586884e-21	-1.01975361e-19	9.38794919e-20
1157            	2.97901497e-02	1.48950749e-02	1.48950749e-02	8.64399615e-01	3.09307352e-01	5.55092263e-01	-1.22892456e-01	9.75475966e-21	-9.79291038e-20	-8.05941496e-21	-1.01958811e-19	9.38993963e-20
1158            	2.97935054e-02	1.48967527e-02	1.48967527e-02	8.64216683e-01	3.09229659e-01	5.54987024e-01	-1.22878683e-01	9.75389653e-21	-9.79304550e-20	-8.02141134e-21	-1.01941161e-19	9.39197493e-20
1159            	2.97970451e-02	1.48985226e-02	1.48985226e-02	8.64039042e-01	3.09152234e-01	5.54886808e-01	-1.22867287e-01	9.75303789e-21	-9.79314390e-20	-7.98174107e-21	-1.01922310e-19	9.39405685e-20
1160            	2.98004780e-02	1.49002390e-02	1.49002390e-02	8.63864221e-01	3.09075154e-01	5.54789067e-01	-1.22856957e-01	9.75219799e-21	-9.79320709e-20	-7.94124586e-21	-1.01902694e-19	9.39614480e-20
1161            	2.98045585e-02	1.49022793e-02	1.49022793e-02	8.63698857e-01	3.08998716e-01	5.54700142e-01	-1.22850713e-01	9.75131418e-21	-9.79319193e-20	-7.89719817e-21	-1.01880518e-19	9.39833202e-20
1162            	2.98080772e-02	1.49040386e-02	1.49040386e-02	8.63534973e-01	3.08922847e-01	5.54612126e-01	-1.22844639e-01	9.75054785e-21	-9.79319227e-20	-7.85356045e-21	-1.01858703e-19	9.40051425e-20
1163            	2.98120670e-02	1.49060335e-02	1.49060335e-02	8.63377930e-01	3.08847945e-01	5.54529985e-01	-1.22841020e-01	9.74971929e-21	-9.79311358e-20	-7.80809386e-21	-1.01835183e-19	9.40270888e-20
1164            	2.98165002e-02	1.49082501e-02	1.49082501e-02	8.63230801e-01	3.08773854e-01	5.54456947e-01	-1.22841547e-01	9.74886794e-21	-9.79294979e-20	-7.75971519e-21	-1.01809356e-19	9.40496403e-20
1165            	2.98199924e-02	1.49099962e-02	1.49099962e-02	8.63084342e-01	3.08700677e-01	5.54383665e-01	-1.22841494e-01	9.74815168e-21	-9.79285925e-20	-7.71374431e-21	-1.01785465e-19	9.40717204e-20
1166            	2.98248374e-02	1.49124187e-02	1.49124187e-02	8.62950902e-01	3.08628615e-01	5.54322288e-01	-1.22846837e-01	9.74729950e-21	-9.79263494e-20	-7.66259789e-21	-1.01757648e-19	9.40950504e-20
1167            	2.98290478e-02	1.49145239e-02	1.49145239e-02	8.62820479e-01	3.08557671e-01	5.54262807e-01	-1.22852568e-01	9.74658448e-21	-9.79245162e-20	-7.61323369e-21	-1.01731133e-19	9.41178993e-20
1168            	2.98333399e-02	1.49166699e-02	1.49166699e-02	8.62696944e-01	3.08488168e-01	5.54208776e-01	-1.22860304e-01	9.74584629e-21	-9.79221126e-20	-7.56321026e-21	-1.01703718e-19	9.41405075e-20
1169            	2.98382674e-02	1.49191337e-02	1.49191337e-02	8.62584211e-01	3.08419994e-01	5.54164218e-01	-1.22872112e-01	9.74508649e-21	-9.79189694e-20	-7.51020197e-21	-1.01674070e-19	9.41638684e-20
1170            	2.98425582e-02	1.49212791e-02	1.49212791e-02	8.62475119e-01	3.08353495e-01	5.54121624e-01	-1.22884064e-01	9.74445513e-21	-9.79163362e-20	-7.45886971e-21	-1.01645771e-19	9.41869013e-20
1171            	2.98471261e-02	1.49235630e-02	1.49235630e-02	8.62373799e-01	3.08288777e-01	5.54085022e-01	-1.22898122e-01	9.74378907e-21	-9.79126967e-20	-7.40630302e-21	-1.01615848e-19	9.42095451e-20
1172            	2.98522179e-02	1.49261090e-02	1.49261090e-02	8.62283601e-01	3.08225554e-01	5.54058047e-01	-1.22916246e-01	9.74310658e-21	-9.79084227e-20	-7.35145605e-21	-1.01584151e-19	9.42326947e-20
1173            	2.98562633e-02	1.49281316e-02	1.49281316e-02	8.62195660e-01	3.08164175e-01	5.54031485e-01	-1.22933655e-01	9.74256801e-21	-9.79047576e-20	-7.29952792e-21	-1.01554522e-19	9.42549936e-20
1174            	2.98614258e-02	1.49307129e-02	1.49307129e-02	8.62119835e-01	3.08104435e-01	5.54015401e-01	-1.22955483e-01	9.74194430e-21	-9.78996717e-20	-7.24298707e-21	-1.01521165e-19	9.42781782e-20
1175            	2.98657359e-02	1.49328680e-02	1.49328680e-02	8.62047825e-01	3.08046831e-01	5.54000994e-01	-1.22977081e-01	9.74143579e-21	-9.78950018e-20	-7.18967645e-21	-1.01489840e-19	9.43001635e-20
1176            	2.98707380e-02	1.49353690e-02	1.49353690e-02	8.61986726e-01	3.07990969e-01	5.53995757e-01	-1.23002394e-01	9.74088494e-21	-9.78894438e-20	-7.13305330e-21	-1.01455970e-19	9.43229172e-20
1177            	2.98750103e-02	1.49375051e-02	1.49375051e-02	8.61930303e-01	3.07937374e-01	5.53992929e-01	-1.23027777e-01	9.74042609e-21	-9.78844016e-20	-7.07950516e-21	-1.01424154e-19	9.43446490e-20
1178            	2.98799960e-02	1.49399980e-02	1.49399980e-02	8.61884497e-01	3.07885536e-01	5.53998961e-01	-1.23056712e-01	9.73992880e-21	-9.78785055e-20	-7.02286910e-21	-1.01389940e-19	9.43670709e-20
1179            	2.98840393e-02	1.49420197e-02	1.49420197e-02	8.61842675e-01	3.07836121e-01	5.54006554e-01	-1.23085216e-01	9.73953957e-21	-9.78732626e-20	-6.96999235e-21	-1.01358259e-19	9.43882664e-20
1180            	2.98889550e-02	1.49444775e-02	1.49444775e-02	8.61812483e-01	3.07788718e-01	5.54023765e-01	-1.23117524e-01	9.73910476e-21	-9.78671973e-20	-6.91392399e-21	-1.01324159e-19	9.44102353e-20
1181            	2.98929982e-02	1.49464991e-02	1.49464991e-02	8.61786694e-01	3.07743766e-01	5.54042928e-01	-1.23149581e-01	9.73877622e-21	-9.78614954e-20	-6.86128711e-21	-1.01292139e-19	9.44308518e-20
1182            	2.98976678e-02	1.49488339e-02	1.49488339e-02	8.61771133e-01	3.07700886e-01	5.54070246e-01	-1.23184680e-01	9.73843338e-21	-9.78550550e-20	-6.80610506e-21	-1.01258108e-19	9.44520025e-20
1183            	2.99015529e-02	1.49507765e-02	1.49507765e-02	8.61760670e-01	3.07660637e-01	5.54100033e-01	-1.23219698e-01	9.73817655e-21	-9.78490597e-20	-6.75439940e-21	-1.01226259e-19	9.44718600e-20
1184            	2.99060997e-02	1.49530499e-02	1.49530499e-02	8.61760560e-01	3.07622575e-01	5.54137985e-01	-1.23257705e-01	9.73790817e-21	-9.78422090e-20	-6.69999683e-21	-1.01192207e-19	9.44922106e-20
1185            	2.99097538e-02	1.49548769e-02	1.49548769e-02	8.61764891e-01	3.07587257e-01	5.54177635e-01	-1.23295189e-01	9.73773438e-21	-9.78357729e-20	-6.64928059e-21	-1.01160413e-19	9.45111326e-20
1186            	2.99140325e-02	1.49570163e-02	1.49570163e-02	8.61779425e-01	3.07554201e-01	5.54225224e-01	-1.23335511e-01	9.73755239e-21	-9.78285676e-20	-6.59616959e-21	-1.01126652e-19	9.45304828e-20
1187            	2.99175118e-02	1.49587559e-02	1.49587559e-02	8.61798848e-01	3.07523932e-01	5.54274915e-01	-1.23375492e-01	9.73744820e-21	-9.78216516e-20	-6.54650054e-21	-1.01094902e-19	9.45484013e-20
1188            	2.99214556e-02	1.49607278e-02	1.49607278e-02	8.61827377e-01	3.07495954e-01	5.54331423e-01	-1.23417734e-01	9.73735380e-21	-9.78141972e-20	-6.49510098e-21	-1.01061748e-19	9.45666467e-20
1189            	2.99247303e-02	1.49623651e-02	1.49623651e-02	8.61861276e-01	3.07470840e-01	5.54390436e-01	-1.23459798e-01	9.73731767e-21	-9.78070694e-20	-6.44712658e-21	-1.01030633e-19	9.45835061e-20
1190            	2.99284466e-02	1.49642233e-02	1.49642233e-02	8.61904043e-01	3.07448017e-01	5.54456026e-01	-1.23504005e-01	9.73729330e-21	-9.77996365e-20	-6.39795877e-21	-1.00998616e-19	9.46006571e-20
1191            	2.99315245e-02	1.49657623e-02	1.49657623e-02	8.61952436e-01	3.07428167e-01	5.54524269e-01	-1.23548051e-01	9.73732501e-21	-9.77923620e-20	-6.35199559e-21	-1.00968360e-19	9.46163642e-20
1192            	2.99349951e-02	1.49674976e-02	1.49674976e-02	8.62009035e-01	3.07410591e-01	5.54598445e-01	-1.23593927e-01	9.73738032e-21	-9.77848770e-20	-6.30519933e-21	-1.00937477e-19	9.46322773e-20
1193            	2.99378580e-02	1.49689290e-02	1.49689290e-02	8.62071169e-01	3.07395937e-01	5.54675232e-01	-1.23639647e-01	9.73748167e-21	-9.77774226e-20	-6.26141928e-21	-1.00908132e-19	9.46467130e-20
1194            	2.99410257e-02	1.49705129e-02	1.49705129e-02	8.62141091e-01	3.07383763e-01	5.54757328e-01	-1.23686783e-01	9.73762231e-21	-9.77697389e-20	-6.21696246e-21	-1.00878220e-19	9.46612577e-20
1195            	2.99436249e-02	1.49718125e-02	1.49718125e-02	8.62216311e-01	3.07374437e-01	5.54841874e-01	-1.23733718e-01	9.73780117e-21	-9.77620791e-20	-6.17551825e-21	-1.00849838e-19	9.46743199e-20
1196            	2.99464696e-02	1.49732348e-02	1.49732348e-02	8.62298621e-01	3.07367547e-01	5.54931074e-01	-1.23781764e-01	9.73802021e-21	-9.77542934e-20	-6.13375834e-21	-1.00821173e-19	9.46874142e-20
1197            	2.99487824e-02	1.49743912e-02	1.49743912e-02	8.62386433e-01	3.07363546e-01	5.55022886e-01	-1.23829670e-01	9.73826717e-21	-9.77463915e-20	-6.09474066e-21	-1.00793762e-19	9.46990212e-20
1198            	2.99512471e-02	1.49756236e-02	1.49756236e-02	8.62480372e-01	3.07361972e-01	5.55118400e-01	-1.23878214e-01	9.73856875e-21	-9.77383984e-20	-6.05566648e-21	-1.00766232e-19	9.47105652e-20
1199            	2.99534221e-02	1.49767110e-02	1.49767110e-02	8.62579446e-01	3.07363130e-01	5.55216317e-01	-1.23926594e-01	9.73890882e-21	-9.77306459e-20	-6.01891507e-21	-1.00740103e-19	9.47211884e-20
1200            	2.99553322e-02	1.49776661e-02	1.49776661e-02	8.62685975e-01	3.07367564e-01	5.55318410e-01	-1.23975423e-01	9.73925409e-21	-9.77225559e-20	-5.98404087e-21	-1.00714576e-19	9.47305354e-20
1201            	2.99572024e-02	1.49786012e-02	1.49786012e-02	8.62795864e-01	3.07373872e-01	5.55421992e-01	-1.24024060e-01	9.73966271e-21	-9.77147362e-20	-5.95018091e-21	-1.00689827e-19	9.47396457e-20
1202            	2.99586889e-02	1.49793444e-02	1.49793444e-02	8.62910542e-01	3.07382822e-01	5.55527721e-01	-1.24072449e-01	9.74007272e-21	-9.77069877e-20	-5.91889422e-21	-1.00666435e-19	9.47475406e-20
1203            	2.99603754e-02	1.49801877e-02	1.49801877e-02	8.63030743e-01	3.07394120e-01	5.55636623e-01	-1.24121252e-01	9.74053179e-21	-9.76995331e-20	-5.88846496e-21	-1.00643766e-19	9.47553007e-20
1204            	2.99618086e-02	1.49809043e-02	1.49809043e-02	8.63155492e-01	3.07407993e-01	5.55747499e-01	-1.24169753e-01	9.74101738e-21	-9.76923743e-20	-5.86060477e-21	-1.00622677e-19	9.47620719e-20
1205            	2.99629994e-02	1.49814997e-02	1.49814997e-02	8.63286319e-01	3.07424731e-01	5.55861588e-01	-1.24218428e-01	9.74150213e-21	-9.76848234e-20	-5.83451837e-21	-1.00602083e-19	9.47675642e-20
1206            	2.99640667e-02	1.49820333e-02	1.49820333e-02	8.63418813e-01	3.07443318e-01	5.55975495e-01	-1.24266089e-01	9.74207082e-21	-9.76775508e-20	-5.80968057e-21	-1.00582391e-19	9.47727106e-20
1207            	2.99649891e-02	1.49824946e-02	1.49824946e-02	8.63555618e-01	3.07464352e-01	5.56091266e-01	-1.24313457e-01	9.74264525e-21	-9.76705837e-20	-5.78710783e-21	-1.00564138e-19	9.47770298e-20
1208            	2.99657627e-02	1.49828813e-02	1.49828813e-02	8.63699009e-01	3.07488321e-01	5.56210688e-01	-1.24361184e-01	9.74321049e-21	-9.76633323e-20	-5.76642084e-21	-1.00546543e-19	9.47801219e-20
1209            	2.99662743e-02	1.49831371e-02	1.49831371e-02	8.63842127e-01	3.07513863e-01	5.56328264e-01	-1.24407200e-01	9.74387023e-21	-9.76563021e-20	-5.74722963e-21	-1.00529917e-19	9.47826872e-20
1210            	2.99665798e-02	1.49832899e-02	1.49832899e-02	8.63989394e-01	3.07541727e-01	5.56447667e-01	-1.24452970e-01	9.74449519e-21	-9.76493358e-20	-5.73026133e-21	-1.00514466e-19	9.47842052e-20
1211            	2.99667830e-02	1.49833915e-02	1.49833915e-02	8.64138800e-01	3.07571644e-01	5.56567156e-01	-1.24497756e-01	9.74520903e-21	-9.76424524e-20	-5.71445799e-21	-1.00499681e-19	9.47852234e-20
1212            	2.99668899e-02	1.49834450e-02	1.49834450e-02	8.64291488e-01	3.07603754e-01	5.56687733e-01	-1.24541990e-01	9.74591430e-21	-9.76358386e-20	-5.70097290e-21	-1.00486325e-19	9.47853521e-20
1213            	2.99667731e-02	1.49833865e-02	1.49833865e-02	8.64448053e-01	3.07638219e-01	5.56809834e-01	-1.24585807e-01	9.74660698e-21	-9.76291451e-20	-5.68959775e-21	-1.00473944e-19	9.47843463e-20
1214            	2.99664696e-02	1.49832348e-02	1.49832348e-02	8.64603893e-01	3.07674146e-01	5.56929747e-01	-1.24627801e-01	9.74737741e-21	-9.76229691e-20	-5.68013294e-21	-1.00463036e-19	9.47829026e-20
1215            	2.99660697e-02	1.49830348e-02	1.49830348e-02	8.64762283e-01	3.07712048e-01	5.57050235e-01	-1.24669093e-01	9.74813186e-21	-9.76170439e-20	-5.67272717e-21	-1.00453408e-19	9.47806804e-20
1216            	2.99656205e-02	1.49828102e-02	1.49828102e-02	8.64925141e-01	3.07752139e-01	5.57173002e-01	-1.24710431e-01	9.74886295e-21	-9.76108323e-20	-5.66692667e-21	-1.00444296e-19	9.47773690e-20
1217            	2.99648259e-02	1.49824129e-02	1.49824129e-02	8.65084629e-01	3.07793340e-01	5.57291289e-01	-1.24748974e-01	9.74969191e-21	-9.76050110e-20	-5.66315113e-21	-1.00436587e-19	9.47734354e-20
1218            	2.99640090e-02	1.49820045e-02	1.49820045e-02	8.65245931e-01	3.07836245e-01	5.57409687e-01	-1.24786721e-01	9.75049138e-21	-9.75995690e-20	-5.66141553e-21	-1.00430277e-19	9.47688612e-20
1219            	2.99631626e-02	1.49815813e-02	1.49815813e-02	8.65410973e-01	3.07881041e-01	5.57529931e-01	-1.24824445e-01	9.75126734e-21	-9.75936009e-20	-5.66071093e-21	-1.00423956e-19	9.47632455e-20
1220            	2.99618860e-02	1.49809430e-02	1.49809430e-02	8.65571218e-01	3.07926671e-01	5.57644547e-01	-1.24858938e-01	9.75213954e-21	-9.75881330e-20	-5.66234898e-21	-1.00419307e-19	9.47569585e-20
1221            	2.99606280e-02	1.49803140e-02	1.49803140e-02	8.65733209e-01	3.07973760e-01	5.57759449e-01	-1.24892844e-01	9.75293124e-21	-9.75828177e-20	-5.66565119e-21	-1.00415643e-19	9.47499921e-20
1222            	2.99591914e-02	1.49795957e-02	1.49795957e-02	8.65893858e-01	3.08021828e-01	5.57872030e-01	-1.24925101e-01	9.75380996e-21	-9.75774385e-20	-5.67015157e-21	-1.00412514e-19	9.47423628e-20
1223            	2.99575638e-02	1.49787819e-02	1.49787819e-02	8.66053817e-01	3.08071161e-01	5.57982656e-01	-1.24955748e-01	9.75466629e-21	-9.75725408e-20	-5.67699013e-21	-1.00411036e-19	9.47340457e-20
1224            	2.99559517e-02	1.49779758e-02	1.49779758e-02	8.66214656e-01	3.08121616e-01	5.58093040e-01	-1.24985712e-01	9.75548492e-21	-9.75674870e-20	-5.68507570e-21	-1.00410025e-19	9.47249491e-20
1225            	2.99540402e-02	1.49770201e-02	1.49770201e-02	8.66370981e-01	3.08172611e-01	5.58198370e-01	-1.25012879e-01	9.75637599e-21	-9.75632176e-20	-5.69567783e-21	-1.00411056e-19	9.47153786e-20
1226            	2.99520936e-02	1.49760468e-02	1.49760468e-02	8.66526479e-01	3.08224475e-01	5.58302004e-01	-1.25038765e-01	9.75721866e-21	-9.75594727e-20	-5.70827470e-21	-1.00413610e-19	9.47053354e-20
1227            	2.99503062e-02	1.49751531e-02	1.49751531e-02	8.66683692e-01	3.08277137e-01	5.58406555e-01	-1.25064709e-01	9.75801675e-21	-9.75552516e-20	-5.72136031e-21	-1.00415932e-19	9.46945714e-20
1228            	2.99481169e-02	1.49740585e-02	1.49740585e-02	8.66834481e-01	3.08330044e-01	5.58504438e-01	-1.25087197e-01	9.75889478e-21	-9.75518151e-20	-5.73720019e-21	-1.00420415e-19	9.46832150e-20
1229            	2.99458994e-02	1.49729497e-02	1.49729497e-02	8.66983663e-01	3.08383556e-01	5.58600107e-01	-1.25108275e-01	9.75972556e-21	-9.75487275e-20	-5.75451156e-21	-1.00425983e-19	9.46714717e-20
1230            	2.99439189e-02	1.49719595e-02	1.49719595e-02	8.67134519e-01	3.08437603e-01	5.58696916e-01	-1.25129656e-01	9.76051134e-21	-9.75449870e-20	-5.77176564e-21	-1.00430870e-19	9.46591042e-20
1231            	2.99414615e-02	1.49707307e-02	1.49707307e-02	8.67277589e-01	3.08491613e-01	5.58785976e-01	-1.25147182e-01	9.76137487e-21	-9.75420679e-20	-5.79193064e-21	-1.00438033e-19	9.46461026e-20
1232            	2.99391083e-02	1.49695542e-02	1.49695542e-02	8.67418899e-01	3.08546003e-01	5.58872896e-01	-1.25163446e-01	9.76215589e-21	-9.75390047e-20	-5.81254260e-21	-1.00445276e-19	9.46327334e-20
1233            	2.99367101e-02	1.49683550e-02	1.49683550e-02	8.67557602e-01	3.08600402e-01	5.58957200e-01	-1.25178399e-01	9.76299654e-21	-9.75357370e-20	-5.83396352e-21	-1.00452719e-19	9.46187552e-20
1234            	2.99340326e-02	1.49670163e-02	1.49670163e-02	8.67691183e-01	3.08654935e-01	5.59036248e-01	-1.25190657e-01	9.76381027e-21	-9.75331478e-20	-5.85754407e-21	-1.00461920e-19	9.46043758e-20
1235            	2.99316480e-02	1.49658240e-02	1.49658240e-02	8.67824325e-01	3.08709499e-01	5.59114826e-01	-1.25202663e-01	9.76456095e-21	-9.75299916e-20	-5.88081069e-21	-1.00470397e-19	9.45895862e-20
1236            	2.99288137e-02	1.49644068e-02	1.49644068e-02	8.67950387e-01	3.08763858e-01	5.59186528e-01	-1.25211335e-01	9.76538811e-21	-9.75274179e-20	-5.90631237e-21	-1.00480574e-19	9.45742617e-20
1237            	2.99259007e-02	1.49629503e-02	1.49629503e-02	8.68072082e-01	3.08818023e-01	5.59254060e-01	-1.25218018e-01	9.76615972e-21	-9.75253128e-20	-5.93315078e-21	-1.00491888e-19	9.45587374e-20
1238            	2.99234150e-02	1.49617075e-02	1.49617075e-02	8.68194141e-01	3.08871825e-01	5.59322316e-01	-1.25225245e-01	9.76685206e-21	-9.75231341e-20	-5.96006199e-21	-1.00503165e-19	9.45431031e-20
1239            	2.99205322e-02	1.49602661e-02	1.49602661e-02	8.68308051e-01	3.08925161e-01	5.59382890e-01	-1.25228865e-01	9.76761015e-21	-9.75216906e-20	-5.98959848e-21	-1.00516490e-19	9.45268914e-20
1240            	2.99178934e-02	1.49589467e-02	1.49589467e-02	8.68418520e-01	3.08978037e-01	5.59440484e-01	-1.25231224e-01	9.76827138e-21	-9.75203618e-20	-6.01935293e-21	-1.00530038e-19	9.45106853e-20
1241            	2.99151034e-02	1.49575517e-02	1.49575517e-02	8.68524466e-01	3.09030184e-01	5.59494281e-01	-1.25232049e-01	9.76898793e-21	-9.75189016e-20	-6.04978942e-21	-1.00543796e-19	9.44940069e-20
1242            	2.99125820e-02	1.49562910e-02	1.49562910e-02	8.68626810e-01	3.09081696e-01	5.59545114e-01	-1.25231709e-01	9.76960068e-21	-9.75180285e-20	-6.08123177e-21	-1.00558644e-19	9.44774126e-20
1243            	2.99097670e-02	1.49548835e-02	1.49548835e-02	8.68722324e-01	3.09132298e-01	5.59590025e-01	-1.25228864e-01	9.77026811e-21	-9.75172065e-20	-6.11362704e-21	-1.00574020e-19	9.44603930e-20
1244            	2.99073775e-02	1.49536887e-02	1.49536887e-02	8.68814771e-01	3.09182044e-01	5.59632727e-01	-1.25225341e-01	9.77082159e-21	-9.75166204e-20	-6.14606929e-21	-1.00589655e-19	9.44435857e-20
1245            	2.99046206e-02	1.49523103e-02	1.49523103e-02	8.68899899e-01	3.09230622e-01	5.59669278e-01	-1.25219328e-01	9.77144449e-21	-9.75158776e-20	-6.17909239e-21	-1.00605424e-19	9.44263314e-20
1246            	2.99019111e-02	1.49509556e-02	1.49509556e-02	8.68979918e-01	3.09278369e-01	5.59701549e-01	-1.25211590e-01	9.77201004e-21	-9.75151062e-20	-6.21212354e-21	-1.00621168e-19	9.44090445e-20
1247            	2.98995328e-02	1.49497664e-02	1.49497664e-02	8.69056132e-01	3.09324497e-01	5.59731634e-01	-1.25203568e-01	9.77250850e-21	-9.75141666e-20	-6.24430599e-21	-1.00636320e-19	9.43920136e-20
1248            	2.98968653e-02	1.49484326e-02	1.49484326e-02	8.69124433e-01	3.09369465e-01	5.59754968e-01	-1.25192752e-01	9.77302646e-21	-9.75141926e-20	-6.27882668e-21	-1.00653606e-19	9.43747793e-20
1249            	2.98944885e-02	1.49472442e-02	1.49472442e-02	8.69187830e-01	3.09413144e-01	5.59774686e-01	-1.25180771e-01	9.77345729e-21	-9.75139654e-20	-6.31230683e-21	-1.00670119e-19	9.43578120e-20
1250            	2.98919550e-02	1.49459775e-02	1.49459775e-02	8.69245626e-01	3.09455373e-01	5.59790253e-01	-1.25167440e-01	9.77393778e-21	-9.75133110e-20	-6.34548629e-21	-1.00686054e-19	9.43405678e-20
1251            	2.98895379e-02	1.49447690e-02	1.49447690e-02	8.69296893e-01	3.09495872e-01	5.59801022e-01	-1.25152575e-01	9.77433360e-21	-9.75129592e-20	-6.37857193e-21	-1.00702245e-19	9.43236732e-20
1252            	2.98870447e-02	1.49435224e-02	1.49435224e-02	8.69342623e-01	3.09535048e-01	5.59807575e-01	-1.25136263e-01	9.77474220e-21	-9.75126410e-20	-6.41190045e-21	-1.00718591e-19	9.43066908e-20
1253            	2.98848381e-02	1.49424190e-02	1.49424190e-02	8.69382975e-01	3.09572484e-01	5.59810492e-01	-1.25119004e-01	9.77506003e-21	-9.75125439e-20	-6.44469980e-21	-1.00734894e-19	9.42901940e-20
1254            	2.98825616e-02	1.49412808e-02	1.49412808e-02	8.69417227e-01	3.09608163e-01	5.59809064e-01	-1.25100451e-01	9.77538536e-21	-9.75128359e-20	-6.47813228e-21	-1.00751902e-19	9.42737697e-20
1255            	2.98805444e-02	1.49402722e-02	1.49402722e-02	8.69445722e-01	3.09641995e-01	5.59803728e-01	-1.25080866e-01	9.77563326e-21	-9.75130264e-20	-6.51056672e-21	-1.00768310e-19	9.42577431e-20
1256            	2.98784286e-02	1.49392143e-02	1.49392143e-02	8.69468052e-01	3.09674051e-01	5.59794001e-01	-1.25059975e-01	9.77590315e-21	-9.75131783e-20	-6.54285144e-21	-1.00784604e-19	9.42417525e-20
1257            	2.98766116e-02	1.49383058e-02	1.49383058e-02	8.69485056e-01	3.09704152e-01	5.59780904e-01	-1.25038376e-01	9.77608522e-21	-9.75134456e-20	-6.57429023e-21	-1.00800591e-19	9.42263005e-20
1258            	2.98746891e-02	1.49373445e-02	1.49373445e-02	8.69495938e-01	3.09732437e-01	5.59763501e-01	-1.25015532e-01	9.77627625e-21	-9.75139353e-20	-6.60593000e-21	-1.00816900e-19	9.42109703e-20
1259            	2.98730836e-02	1.49365418e-02	1.49365418e-02	8.69501510e-01	3.09758726e-01	5.59742784e-01	-1.24992029e-01	9.77638947e-21	-9.75142861e-20	-6.63619394e-21	-1.00832383e-19	9.41961892e-20
1260            	2.98713130e-02	1.49356565e-02	1.49356565e-02	8.69500796e-01	3.09783090e-01	5.59717706e-01	-1.24967308e-01	9.77652038e-21	-9.75145742e-20	-6.66608639e-21	-1.00847617e-19	9.41815310e-20
1261            	2.98698596e-02	1.49349298e-02	1.49349298e-02	8.69494636e-01	3.09805329e-01	5.59689308e-01	-1.24941989e-01	9.77656363e-21	-9.75149018e-20	-6.69478549e-21	-1.00862295e-19	9.41675090e-20
1262            	2.98683663e-02	1.49341831e-02	1.49341831e-02	8.69483250e-01	3.09825698e-01	5.59657552e-01	-1.24915927e-01	9.77660549e-21	-9.75154403e-20	-6.72334083e-21	-1.00877111e-19	9.41537699e-20
1263            	2.98672020e-02	1.49336010e-02	1.49336010e-02	8.69466422e-01	3.09843896e-01	5.59622526e-01	-1.24889315e-01	9.77657640e-21	-9.75158074e-20	-6.75030371e-21	-1.00890959e-19	9.41406556e-20
1264            	2.98659878e-02	1.49329939e-02	1.49329939e-02	8.69444536e-01	3.09860167e-01	5.59584369e-01	-1.24862101e-01	9.77655006e-21	-9.75161556e-20	-6.77674150e-21	-1.00904526e-19	9.41277848e-20
1265            	2.98649992e-02	1.49324996e-02	1.49324996e-02	8.69417119e-01	3.09874353e-01	5.59542765e-01	-1.24834206e-01	9.77646735e-21	-9.75161291e-20	-6.80126577e-21	-1.00916762e-19	9.41154962e-20
1266            	2.98639371e-02	1.49319686e-02	1.49319686e-02	8.69384804e-01	3.09886674e-01	5.59498130e-01	-1.24805728e-01	9.77638953e-21	-9.75159123e-20	-6.82488432e-21	-1.00928354e-19	9.41034702e-20
1267            	2.98631357e-02	1.49315678e-02	1.49315678e-02	8.69347087e-01	3.09896842e-01	5.59450246e-01	-1.24776702e-01	9.77624384e-21	-9.75155814e-20	-6.84687367e-21	-1.00939018e-19	9.40921445e-20
1268            	2.98622891e-02	1.49311445e-02	1.49311445e-02	8.69304995e-01	3.09905192e-01	5.59399803e-01	-1.24747305e-01	9.77609669e-21	-9.75150508e-20	-6.86781394e-21	-1.00948958e-19	9.40811438e-20
1269            	2.98617705e-02	1.49308852e-02	1.49308852e-02	8.69257798e-01	3.09911278e-01	5.59346520e-01	-1.24717621e-01	9.77587002e-21	-9.75148283e-20	-6.88765119e-21	-1.00958654e-19	9.40710027e-20
1270            	2.98612967e-02	1.49306484e-02	1.49306484e-02	8.69206938e-01	3.09915540e-01	5.59291398e-01	-1.24687929e-01	9.77563297e-21	-9.75144980e-20	-6.90645523e-21	-1.00967726e-19	9.40612704e-20
1271            	2.98610946e-02	1.49305473e-02	1.49305473e-02	8.69150892e-01	3.09917534e-01	5.59233358e-01	-1.24657912e-01	9.77533696e-21	-9.75141877e-20	-6.92379794e-21	-1.00976087e-19	9.40522888e-20
1272            	2.98609549e-02	1.49304774e-02	1.49304774e-02	8.69091730e-01	3.09917777e-01	5.59173953e-01	-1.24628088e-01	9.77502755e-21	-9.75137784e-20	-6.93997781e-21	-1.00983767e-19	9.40437895e-20
1273            	2.98609345e-02	1.49304672e-02	1.49304672e-02	8.69028194e-01	3.09916005e-01	5.59112189e-01	-1.24598092e-01	9.77468065e-21	-9.75133676e-20	-6.95496017e-21	-1.00990848e-19	9.40358875e-20
1274            	2.98613122e-02	1.49306561e-02	1.49306561e-02	8.68959941e-01	3.09911645e-01	5.59048296e-01	-1.24568326e-01	9.77427789e-21	-9.75129521e-20	-6.96800869e-21	-1.00996956e-19	9.40289477e-20
1275            	2.98616695e-02	1.49308348e-02	1.49308348e-02	8.68889274e-01	3.09905918e-01	5.58983356e-01	-1.24538719e-01	9.77386773e-21	-9.75121649e-20	-6.97985784e-21	-1.01002094e-19	9.40222359e-20
1276            	2.98620957e-02	1.49310478e-02	1.49310478e-02	8.68814710e-01	3.09898341e-01	5.58916369e-01	-1.24509014e-01	9.77344060e-21	-9.75113822e-20	-6.99030935e-21	-1.01006537e-19	9.40162275e-20
1277            	2.98630253e-02	1.49315127e-02	1.49315127e-02	8.68735971e-01	3.09888067e-01	5.58847904e-01	-1.24479919e-01	9.77295147e-21	-9.75107751e-20	-6.99892002e-21	-1.01010235e-19	9.40113151e-20
1278            	2.98639478e-02	1.49319739e-02	1.49319739e-02	8.68655873e-01	3.09876645e-01	5.58779228e-01	-1.24451291e-01	9.77244751e-21	-9.75097172e-20	-7.00633912e-21	-1.01012887e-19	9.40065477e-20
1279            	2.98649462e-02	1.49324731e-02	1.49324731e-02	8.68571395e-01	3.09863384e-01	5.58708011e-01	-1.24422314e-01	9.77192872e-21	-9.75085876e-20	-7.01208860e-21	-1.01014632e-19	9.40025433e-20
1280            	2.98662850e-02	1.49331425e-02	1.49331425e-02	8.68486242e-01	3.09848357e-01	5.58637884e-01	-1.24394763e-01	9.77136590e-21	-9.75076025e-20	-7.01638924e-21	-1.01015797e-19	9.39994079e-20
1281            	2.98676975e-02	1.49338487e-02	1.49338487e-02	8.68397455e-01	3.09831497e-01	5.58565958e-01	-1.24367230e-01	9.77078643e-21	-9.75063508e-20	-7.01913965e-21	-1.01015921e-19	9.39967810e-20
1282            	2.98693589e-02	1.49346794e-02	1.49346794e-02	8.68306498e-01	3.09812851e-01	5.58493646e-01	-1.24340398e-01	9.77017452e-21	-9.75047135e-20	-7.01986131e-21	-1.01014644e-19	9.39947828e-20
1283            	2.98712185e-02	1.49356092e-02	1.49356092e-02	8.68211624e-01	3.09792144e-01	5.58419480e-01	-1.24313668e-01	9.76953787e-21	-9.75030223e-20	-7.01881202e-21	-1.01012428e-19	9.39936163e-20
1284            	2.98732512e-02	1.49366256e-02	1.49366256e-02	8.68117385e-01	3.09770307e-01	5.58347078e-01	-1.24288385e-01	9.76887371e-21	-9.75010425e-20	-7.01599433e-21	-1.01009040e-19	9.39930454e-20
1285            	2.98753228e-02	1.49376614e-02	1.49376614e-02	8.68020236e-01	3.09746850e-01	5.58273387e-01	-1.24263269e-01	9.76821331e-21	-9.74988374e-20	-7.01148645e-21	-1.01004581e-19	9.39930941e-20
1286            	2.98778091e-02	1.49389045e-02	1.49389045e-02	8.67920269e-01	3.09721236e-01	5.58199033e-01	-1.24238898e-01	9.76749922e-21	-9.74964417e-20	-7.00478732e-21	-1.00998835e-19	9.39940481e-20
1287            	2.98803717e-02	1.49401858e-02	1.49401858e-02	8.67821787e-01	3.09694871e-01	5.58126916e-01	-1.24216023e-01	9.76675889e-21	-9.74936037e-20	-6.99650534e-21	-1.00991856e-19	9.39953511e-20
1288            	2.98829238e-02	1.49414619e-02	1.49414619e-02	8.67719839e-01	3.09666911e-01	5.58052928e-01	-1.24193008e-01	9.76602355e-21	-9.74906767e-20	-6.98670382e-21	-1.00984029e-19	9.39973248e-20
1289            	2.98859525e-02	1.49429762e-02	1.49429762e-02	8.67619889e-01	3.09637754e-01	5.57982135e-01	-1.24172190e-01	9.76523693e-21	-9.74875509e-20	-6.97471230e-21	-1.00974907e-19	9.40001948e-20
1290            	2.98889478e-02	1.49444739e-02	1.49444739e-02	8.67517680e-01	3.09607215e-01	5.57910465e-01	-1.24151625e-01	9.76446241e-21	-9.74841666e-20	-6.96132143e-21	-1.00964827e-19	9.40035059e-20
1291            	2.98922860e-02	1.49461430e-02	1.49461430e-02	8.67415752e-01	3.09575362e-01	5.57840389e-01	-1.24132514e-01	9.76364165e-21	-9.74805722e-20	-6.94612013e-21	-1.00953632e-19	9.40075121e-20
1292            	2.98957168e-02	1.49478584e-02	1.49478584e-02	8.67313236e-01	3.09542335e-01	5.57770901e-01	-1.24114283e-01	9.76281148e-21	-9.74767763e-20	-6.92933467e-21	-1.00941444e-19	9.40121090e-20
1293            	2.98993427e-02	1.49496714e-02	1.49496714e-02	8.67210853e-01	3.09508101e-01	5.57702752e-01	-1.24097326e-01	9.76196005e-21	-9.74728075e-20	-6.91091691e-21	-1.00928266e-19	9.40173490e-20
1294            	2.99031605e-02	1.49515803e-02	1.49515803e-02	8.67109090e-01	3.09472898e-01	5.57636192e-01	-1.24081647e-01	9.76109159e-21	-9.74685376e-20	-6.89068344e-21	-1.00913879e-19	9.40231959e-20
1295            	2.99071178e-02	1.49535589e-02	1.49535589e-02	8.67007666e-01	3.09436667e-01	5.57570998e-01	-1.24067165e-01	9.76021433e-21	-9.74639487e-20	-6.86869373e-21	-1.00898296e-19	9.40296018e-20
1296            	2.99112539e-02	1.49556269e-02	1.49556269e-02	8.66907159e-01	3.09399558e-01	5.57507601e-01	-1.24054022e-01	9.75932153e-21	-9.74591246e-20	-6.84506419e-21	-1.00881657e-19	9.40365925e-20
1297            	2.99155163e-02	1.49577582e-02	1.49577582e-02	8.66807625e-01	3.09361681e-01	5.57445945e-01	-1.24042132e-01	9.75841947e-21	-9.74540037e-20	-6.81977757e-21	-1.00863893e-19	9.40441150e-20
1298            	2.99199435e-02	1.49599717e-02	1.49599717e-02	8.66709299e-01	3.09323039e-01	5.57386260e-01	-1.24031611e-01	9.75750648e-21	-9.74486842e-20	-6.79296682e-21	-1.00845168e-19	9.40522008e-20
1299            	2.99245226e-02	1.49622613e-02	1.49622613e-02	8.66612398e-01	3.09283729e-01	5.57328669e-01	-1.24022470e-01	9.75658324e-21	-9.74431317e-20	-6.76461141e-21	-1.00825437e-19	9.40608260e-20
1300            	2.99292593e-02	1.49646297e-02	1.49646297e-02	8.66517232e-01	3.09243837e-01	5.57273395e-01	-1.24014779e-01	9.75565100e-21	-9.74374434e-20	-6.73489234e-21	-1.00804890e-19	9.40699972e-20
1301            	2.99341767e-02	1.49670883e-02	1.49670883e-02	8.66424256e-01	3.09203493e-01	5.57220763e-01	-1.24008635e-01	9.75471131e-21	-9.74316165e-20	-6.70382810e-21	-1.00783531e-19	9.40797024e-20
1302            	2.99392154e-02	1.49696077e-02	1.49696077e-02	8.66333419e-01	3.09162760e-01	5.57170659e-01	-1.24003950e-01	9.75376907e-21	-9.74255195e-20	-6.67129932e-21	-1.00761169e-19	9.40898699e-20
1303            	2.99444071e-02	1.49722036e-02	1.49722036e-02	8.66244863e-01	3.09121607e-01	5.57123256e-01	-1.24000824e-01	9.75282436e-21	-9.74191480e-20	-6.63732789e-21	-1.00737812e-19	9.41004840e-20
1304            	2.99497326e-02	1.49748663e-02	1.49748663e-02	8.66159068e-01	3.09080291e-01	5.57078777e-01	-1.23999243e-01	9.75187846e-21	-9.74124443e-20	-6.60185638e-21	-1.00713372e-19	9.41115161e-20
1305            	2.99551401e-02	1.49775700e-02	1.49775700e-02	8.66075848e-01	3.09038805e-01	5.57037043e-01	-1.23999119e-01	9.75093727e-21	-9.74054973e-20	-6.56511044e-21	-1.00688053e-19	9.41229421e-20
1306            	2.99606257e-02	1.49803129e-02	1.49803129e-02	8.65995343e-01	3.08997229e-01	5.56998114e-01	-1.24000443e-01	9.75000187e-21	-9.73983047e-20	-6.52711562e-21	-1.00661863e-19	9.41347469e-20
1307            	2.99661758e-02	1.49830879e-02	1.49830879e-02	8.65917829e-01	3.08955657e-01	5.56962172e-01	-1.24003257e-01	9.74907401e-21	-9.73907652e-20	-6.48777151e-21	-1.00634651e-19	9.41468795e-20
1308            	2.99718741e-02	1.49859371e-02	1.49859371e-02	8.65844261e-01	3.08914283e-01	5.56929978e-01	-1.24007847e-01	9.74814845e-21	-9.73830243e-20	-6.44732271e-21	-1.00606686e-19	9.41593630e-20
1309            	2.99775600e-02	1.49887800e-02	1.49887800e-02	8.65772767e-01	3.08873013e-01	5.56899754e-01	-1.24013370e-01	9.74722478e-21	-9.73750168e-20	-6.40612448e-21	-1.00578079e-19	9.41719545e-20
1310            	2.99835149e-02	1.49917574e-02	1.49917574e-02	8.65707520e-01	3.08832237e-01	5.56875283e-01	-1.24021523e-01	9.74631077e-21	-9.73667411e-20	-6.36311889e-21	-1.00548301e-19	9.41851817e-20
1311            	2.99891034e-02	1.49945517e-02	1.49945517e-02	8.65643175e-01	3.08791735e-01	5.56851440e-01	-1.24029852e-01	9.74543213e-21	-9.73585146e-20	-6.32048908e-21	-1.00518759e-19	9.41982701e-20
1312            	2.99953393e-02	1.49976697e-02	1.49976697e-02	8.65586686e-01	3.08751867e-01	5.56834819e-01	-1.24041476e-01	9.74452140e-21	-9.73500704e-20	-6.27577945e-21	-1.00487960e-19	9.42121806e-20
1313            	3.00013863e-02	1.50006931e-02	1.50006931e-02	8.65533185e-01	3.08712594e-01	5.56820590e-01	-1.24053998e-01	9.74365796e-21	-9.73416073e-20	-6.23119051e-21	-1.00457203e-19	9.42260120e-20
1314            	3.00075369e-02	1.50037685e-02	1.50037685e-02	8.65483425e-01	3.08673771e-01	5.56809653e-01	-1.24067941e-01	9.74277942e-21	-9.73326653e-20	-6.18578909e-21	-1.00425560e-19	9.42397707e-20
1315            	3.00140320e-02	1.50070160e-02	1.50070160e-02	8.65441874e-01	3.08636043e-01	5.56805831e-01	-1.24084894e-01	9.74190839e-21	-9.73232904e-20	-6.13859449e-21	-1.00392588e-19	9.42539931e-20
1316            	3.00199914e-02	1.50099957e-02	1.50099957e-02	8.65401562e-01	3.08598966e-01	5.56802597e-01	-1.24101816e-01	9.74109696e-21	-9.73137402e-20	-6.09192206e-21	-1.00359701e-19	9.42677792e-20
1317            	3.00266440e-02	1.50133220e-02	1.50133220e-02	8.65369932e-01	3.08562918e-01	5.56807014e-01	-1.24122048e-01	9.74025744e-21	-9.73039457e-20	-6.04325817e-21	-1.00325575e-19	9.42823167e-20
1318            	3.00328284e-02	1.50164142e-02	1.50164142e-02	8.65340499e-01	3.08527858e-01	5.56812642e-01	-1.24142392e-01	9.73947165e-21	-9.72936829e-20	-5.99502626e-21	-1.00291196e-19	9.42961698e-20
1319            	3.00393997e-02	1.50196999e-02	1.50196999e-02	8.65318524e-01	3.08493918e-01	5.56824606e-01	-1.24165344e-01	9.73869446e-21	-9.72830749e-20	-5.94499427e-21	-1.00255572e-19	9.43105778e-20
1320            	3.00455788e-02	1.50227894e-02	1.50227894e-02	8.65299893e-01	3.08461201e-01	5.56838692e-01	-1.24188745e-01	9.73794893e-21	-9.72721146e-20	-5.89549436e-21	-1.00219862e-19	9.43243674e-20
1321            	3.00521908e-02	1.50260954e-02	1.50260954e-02	8.65288957e-01	3.08429766e-01	5.56859191e-01	-1.24214712e-01	9.73721356e-21	-9.72609236e-20	-5.84443415e-21	-1.00183141e-19	9.43387065e-20
1322            	3.00583929e-02	1.50291965e-02	1.50291965e-02	8.65281344e-01	3.08399667e-01	5.56881678e-01	-1.24241005e-01	9.73653362e-21	-9.72497256e-20	-5.79407742e-21	-1.00146764e-19	9.43526869e-20
1323            	3.00647360e-02	1.50323680e-02	1.50323680e-02	8.65279008e-01	3.08370765e-01	5.56908243e-01	-1.24268739e-01	9.73582902e-21	-9.72383183e-20	-5.74382743e-21	-1.00110232e-19	9.43664046e-20
1324            	3.00713322e-02	1.50356661e-02	1.50356661e-02	8.65284638e-01	3.08343328e-01	5.56941310e-01	-1.24298991e-01	9.73514137e-21	-9.72266902e-20	-5.69256457e-21	-1.00072972e-19	9.43804079e-20
1325            	3.00773156e-02	1.50386578e-02	1.50386578e-02	8.65292336e-01	3.08317141e-01	5.56975195e-01	-1.24329027e-01	9.73450956e-21	-9.72149402e-20	-5.64239886e-21	-1.00036140e-19	9.43937408e-20
1326            	3.00838826e-02	1.50419413e-02	1.50419413e-02	8.65308497e-01	3.08292535e-01	5.57015962e-01	-1.24361714e-01	9.73388236e-21	-9.72029799e-20	-5.59074273e-21	-9.99983513e-20	9.44076086e-20
1327            	3.00899660e-02	1.50449830e-02	1.50449830e-02	8.65328014e-01	3.08269515e-01	5.57058499e-01	-1.24394492e-01	9.73327956e-21	-9.71909052e-20	-5.54052182e-21	-9.99611661e-20	9.44206443e-20
1328            	3.00963393e-02	1.50481696e-02	1.50481696e-02	8.65354606e-01	3.08248020e-01	5.57106587e-01	-1.24429283e-01	9.73271102e-21	-9.71789314e-20	-5.48967118e-21	-9.99237670e-20	9.44340958e-20
1329            	3.01023407e-02	1.50511703e-02	1.50511703e-02	8.65385049e-01	3.08228021e-01	5.57157028e-01	-1.24464503e-01	9.73215285e-21	-9.71668578e-20	-5.44009362e-21	-9.98869046e-20	9.44468109e-20
1330            	3.01087061e-02	1.50543530e-02	1.50543530e-02	8.65422590e-01	3.08209514e-01	5.57213075e-01	-1.24501781e-01	9.73161346e-21	-9.71552184e-20	-5.39042573e-21	-9.98504313e-20	9.44600055e-20
1331            	3.01146146e-02	1.50573073e-02	1.50573073e-02	8.65464068e-01	3.08192770e-01	5.57271299e-01	-1.24539264e-01	9.73110183e-21	-9.71430607e-20	-5.34165351e-21	-9.98138874e-20	9.44722339e-20
1332            	3.01208044e-02	1.50604022e-02	1.50604022e-02	8.65512334e-01	3.08177681e-01	5.57334653e-01	-1.24578486e-01	9.73064097e-21	-9.71307758e-20	-5.29204144e-21	-9.97767965e-20	9.44847551e-20
1333            	3.01266449e-02	1.50633225e-02	1.50633225e-02	8.65564820e-01	3.08164354e-01	5.57400466e-01	-1.24618056e-01	9.73018752e-21	-9.71182921e-20	-5.24380382e-21	-9.97401940e-20	9.44963902e-20
1334            	3.01327332e-02	1.50663666e-02	1.50663666e-02	8.65624005e-01	3.08152724e-01	5.57471281e-01	-1.24659278e-01	9.72977234e-21	-9.71061065e-20	-5.19554294e-21	-9.97038780e-20	9.45083350e-20
1335            	3.01383951e-02	1.50691976e-02	1.50691976e-02	8.65687220e-01	3.08142992e-01	5.57544228e-01	-1.24700618e-01	9.72938041e-21	-9.70932300e-20	-5.14799671e-21	-9.96672284e-20	9.45192317e-20
1336            	3.01442571e-02	1.50721286e-02	1.50721286e-02	8.65756873e-01	3.08135078e-01	5.57621795e-01	-1.24743359e-01	9.72904032e-21	-9.70805741e-20	-5.10042473e-21	-9.96307865e-20	9.45303618e-20
1337            	3.01497423e-02	1.50748711e-02	1.50748711e-02	8.65830610e-01	3.08129094e-01	5.57701515e-01	-1.24786210e-01	9.72870082e-21	-9.70676860e-20	-5.05428155e-21	-9.95948268e-20	9.45405453e-20
1338            	3.01554602e-02	1.50777301e-02	1.50777301e-02	8.65910651e-01	3.08124897e-01	5.57785754e-01	-1.24830429e-01	9.72841241e-21	-9.70552095e-20	-5.00855022e-21	-9.95594846e-20	9.45509344e-20
1339            	3.01608548e-02	1.50804274e-02	1.50804274e-02	8.65995042e-01	3.08122623e-01	5.57872419e-01	-1.24874898e-01	9.72812667e-21	-9.70422043e-20	-4.96383947e-21	-9.95241240e-20	9.45602845e-20
1340            	3.01663361e-02	1.50831681e-02	1.50831681e-02	8.66085023e-01	3.08122295e-01	5.57962728e-01	-1.24920217e-01	9.72791223e-21	-9.70293905e-20	-4.91938887e-21	-9.94890849e-20	9.45696961e-20
1341            	3.01715912e-02	1.50857956e-02	1.50857956e-02	8.66179271e-01	3.08123905e-01	5.58055366e-01	-1.24965730e-01	9.72772756e-21	-9.70163186e-20	-4.87579779e-21	-9.94542175e-20	9.45784197e-20
1342            	3.01766468e-02	1.50883234e-02	1.50883234e-02	8.66278681e-01	3.08127758e-01	5.58150923e-01	-1.25011582e-01	9.72755246e-21	-9.70027644e-20	-4.83302541e-21	-9.94192771e-20	9.45862517e-20
1343            	3.01816876e-02	1.50908438e-02	1.50908438e-02	8.66382562e-01	3.08133329e-01	5.58249233e-01	-1.25057952e-01	9.72743270e-21	-9.69895962e-20	-4.79120546e-21	-9.93851989e-20	9.45939935e-20
1344            	3.01865151e-02	1.50932575e-02	1.50932575e-02	8.66490591e-01	3.08140650e-01	5.58349940e-01	-1.25104645e-01	9.72728760e-21	-9.69765940e-20	-4.75117694e-21	-9.93521825e-20	9.46010055e-20
1345            	3.01914740e-02	1.50957370e-02	1.50957370e-02	8.66603749e-01	3.08149873e-01	5.58453876e-01	-1.25152001e-01	9.72721059e-21	-9.69642087e-20	-4.71231264e-21	-9.93203651e-20	9.46080524e-20
1346            	3.01962976e-02	1.50981488e-02	1.50981488e-02	8.66721232e-01	3.08161010e-01	5.58560222e-01	-1.25199606e-01	9.72715258e-21	-9.69514898e-20	-4.67434570e-21	-9.92886626e-20	9.46143169e-20
1347            	3.02008822e-02	1.51004411e-02	1.51004411e-02	8.66843271e-01	3.08174257e-01	5.58669014e-01	-1.25247378e-01	9.72710750e-21	-9.69382723e-20	-4.63735621e-21	-9.92569504e-20	9.46195942e-20
1348            	3.02053439e-02	1.51026719e-02	1.51026719e-02	8.66968333e-01	3.08189272e-01	5.58779060e-01	-1.25294894e-01	9.72714267e-21	-9.69253873e-20	-4.60142063e-21	-9.92260977e-20	9.46246770e-20
1349            	3.02097338e-02	1.51048669e-02	1.51048669e-02	8.67097281e-01	3.08206092e-01	5.58891189e-01	-1.25342549e-01	9.72717847e-21	-9.69127642e-20	-4.56704851e-21	-9.91962885e-20	9.46292399e-20
1350            	3.02139845e-02	1.51069923e-02	1.51069923e-02	8.67231105e-01	3.08225027e-01	5.59006078e-01	-1.25390526e-01	9.72721232e-21	-9.68997773e-20	-4.53381234e-21	-9.91666835e-20	9.46328711e-20
1351            	3.02180405e-02	1.51090203e-02	1.51090203e-02	8.67366979e-01	3.08245582e-01	5.59121397e-01	-1.25437907e-01	9.72731868e-21	-9.68871468e-20	-4.50193713e-21	-9.91381154e-20	9.46361783e-20
1352            	3.02220158e-02	1.51110079e-02	1.51110079e-02	8.67506808e-01	3.08267836e-01	5.59238972e-01	-1.25485568e-01	9.72738480e-21	-9.68742658e-20	-4.47108075e-21	-9.91098062e-20	9.46387254e-20
1353            	3.02258636e-02	1.51129318e-02	1.51129318e-02	8.67649449e-01	3.08291916e-01	5.59357534e-01	-1.25532809e-01	9.72754979e-21	-9.68616539e-20	-4.44143616e-21	-9.90823720e-20	9.46409358e-20
1354            	3.02296221e-02	1.51148110e-02	1.51148110e-02	8.67795752e-01	3.08317851e-01	5.59477901e-01	-1.25580025e-01	9.72770491e-21	-9.68489547e-20	-4.41299953e-21	-9.90554544e-20	9.46424549e-20
1355            	3.02332111e-02	1.51166056e-02	1.51166056e-02	8.67945518e-01	3.08345662e-01	5.59599856e-01	-1.25627097e-01	9.72784706e-21	-9.68361801e-20	-4.38610711e-21	-9.90292336e-20	9.46431265e-20
1356            	3.02366568e-02	1.51183284e-02	1.51183284e-02	8.68096731e-01	3.08375070e-01	5.59721662e-01	-1.25673296e-01	9.72807420e-21	-9.68238811e-20	-4.36080806e-21	-9.90042852e-20	9.46434771e-20
1357            	3.02399809e-02	1.51199905e-02	1.51199905e-02	8.68250596e-01	3.08406190e-01	5.59844406e-01	-1.25719108e-01	9.72830322e-21	-9.68114360e-20	-4.33654289e-21	-9.89797074e-20	9.46431645e-20
1358            	3.02432594e-02	1.51216297e-02	1.51216297e-02	8.68408393e-01	3.08439084e-01	5.59969309e-01	-1.25765112e-01	9.72850085e-21	-9.67991441e-20	-4.31406957e-21	-9.89561789e-20	9.46421093e-20
1359            	3.02462707e-02	1.51231354e-02	1.51231354e-02	8.68566005e-01	3.08473372e-01	5.60092633e-01	-1.25809631e-01	9.72878626e-21	-9.67872577e-20	-4.29334467e-21	-9.89339301e-20	9.46405854e-20
1360            	3.02492822e-02	1.51246411e-02	1.51246411e-02	8.68726287e-01	3.08509195e-01	5.60217092e-01	-1.25853949e-01	9.72906145e-21	-9.67753139e-20	-4.27362551e-21	-9.89121267e-20	9.46385012e-20
1361            	3.02521863e-02	1.51260931e-02	1.51260931e-02	8.68889624e-01	3.08546616e-01	5.60343008e-01	-1.25898196e-01	9.72932282e-21	-9.67633330e-20	-4.25542634e-21	-9.88910462e-20	9.46356199e-20
1362            	3.02547501e-02	1.51273751e-02	1.51273751e-02	8.69051576e-01	3.08585278e-01	5.60466298e-01	-1.25940510e-01	9.72967495e-21	-9.67516506e-20	-4.23895126e-21	-9.88711262e-20	9.46321749e-20
1363            	3.02574936e-02	1.51287468e-02	1.51287468e-02	8.69216768e-01	3.08625277e-01	5.60591490e-01	-1.25983107e-01	9.72994363e-21	-9.67399464e-20	-4.22347657e-21	-9.88516846e-20	9.46282081e-20
1364            	3.02599887e-02	1.51299943e-02	1.51299943e-02	8.69381690e-01	3.08666511e-01	5.60715178e-01	-1.26024334e-01	9.73031849e-21	-9.67288969e-20	-4.21024779e-21	-9.88340208e-20	9.46237730e-20
1365            	3.02624626e-02	1.51312313e-02	1.51312313e-02	8.69548233e-01	3.08709042e-01	5.60839191e-01	-1.26065074e-01	9.73066293e-21	-9.67178178e-20	-4.19816389e-21	-9.88168997e-20	9.46187358e-20
1366            	3.02648181e-02	1.51324091e-02	1.51324091e-02	8.69715361e-01	3.08752756e-01	5.60962605e-01	-1.26104925e-01	9.73102405e-21	-9.67069032e-20	-4.18758899e-21	-9.88006977e-20	9.46131087e-20
1367            	3.02670006e-02	1.51335003e-02	1.51335003e-02	8.69882564e-01	3.08797638e-01	5.61084926e-01	-1.26143644e-01	9.73140904e-21	-9.66959032e-20	-4.17814059e-21	-9.87849735e-20	9.46068329e-20
1368            	3.02690564e-02	1.51345282e-02	1.51345282e-02	8.70049762e-01	3.08843573e-01	5.61206189e-01	-1.26181308e-01	9.73180226e-21	-9.66850557e-20	-4.17010225e-21	-9.87701068e-20	9.46000046e-20
1369            	3.02710316e-02	1.51355158e-02	1.51355158e-02	8.70216855e-01	3.08890437e-01	5.61326418e-01	-1.26217990e-01	9.73219089e-21	-9.66746863e-20	-4.16392075e-21	-9.87566466e-20	9.45927259e-20
1370            	3.02729412e-02	1.51364706e-02	1.51364706e-02	8.70383813e-01	3.08938169e-01	5.61445644e-01	-1.26253737e-01	9.73258227e-21	-9.66645195e-20	-4.15916842e-21	-9.87441037e-20	9.45849353e-20
1371            	3.02747162e-02	1.51373581e-02	1.51373581e-02	8.70549797e-01	3.08986653e-01	5.61563145e-01	-1.26288246e-01	9.73298707e-21	-9.66544542e-20	-4.15572670e-21	-9.87323175e-20	9.45765908e-20
1372            	3.02764683e-02	1.51382341e-02	1.51382341e-02	8.70715595e-01	3.09035925e-01	5.61679670e-01	-1.26321873e-01	9.73339539e-21	-9.66442987e-20	-4.15320002e-21	-9.87208987e-20	9.45676987e-20
1373            	3.02780694e-02	1.51390347e-02	1.51390347e-02	8.70879953e-01	3.09085900e-01	5.61794053e-01	-1.26354077e-01	9.73381818e-21	-9.66339942e-20	-4.15152522e-21	-9.87097568e-20	9.45582316e-20
1374            	3.02795929e-02	1.51397964e-02	1.51397964e-02	8.71043207e-01	3.09136462e-01	5.61906744e-01	-1.26385141e-01	9.73423939e-21	-9.66238323e-20	-4.15109981e-21	-9.86993822e-20	9.45482824e-20
1375            	3.02809423e-02	1.51404712e-02	1.51404712e-02	8.71204584e-01	3.09187556e-01	5.62017029e-01	-1.26414737e-01	9.73466347e-21	-9.66137756e-20	-4.15186267e-21	-9.86897069e-20	9.45378443e-20
1376            	3.02823113e-02	1.51411557e-02	1.51411557e-02	8.71365279e-01	3.09239164e-01	5.62126115e-01	-1.26443476e-01	9.73506894e-21	-9.66039774e-20	-4.15390552e-21	-9.86809301e-20	9.45270246e-20
1377            	3.02835964e-02	1.51417982e-02	1.51417982e-02	8.71524107e-01	3.09291122e-01	5.62232985e-01	-1.26470932e-01	9.73547159e-21	-9.65944216e-20	-4.15726108e-21	-9.86730522e-20	9.45157911e-20
1378            	3.02847673e-02	1.51423836e-02	1.51423836e-02	8.71680891e-01	3.09343357e-01	5.62337534e-01	-1.26497088e-01	9.73588257e-21	-9.65848045e-20	-4.16150046e-21	-9.86655547e-20	9.45040543e-20
1379            	3.02858927e-02	1.51429464e-02	1.51429464e-02	8.71835906e-01	3.09395955e-01	5.62439951e-01	-1.26521998e-01	9.73629189e-21	-9.65751304e-20	-4.16648868e-21	-9.86583748e-20	9.44918861e-20
1380            	3.02868600e-02	1.51434300e-02	1.51434300e-02	8.71988191e-01	3.09448702e-01	5.62539489e-01	-1.26545393e-01	9.73670802e-21	-9.65655943e-20	-4.17262461e-21	-9.86519066e-20	9.44792820e-20
1381            	3.02878807e-02	1.51439403e-02	1.51439403e-02	8.72139005e-01	3.09501666e-01	5.62637339e-01	-1.26567837e-01	9.73709285e-21	-9.65566229e-20	-4.18030710e-21	-9.86467764e-20	9.44664693e-20
1382            	3.02888316e-02	1.51444158e-02	1.51444158e-02	8.72287223e-01	3.09554618e-01	5.62732605e-01	-1.26588994e-01	9.73747175e-21	-9.65479919e-20	-4.18932340e-21	-9.86426536e-20	9.44533302e-20
1383            	3.02900095e-02	1.51450047e-02	1.51450047e-02	8.72434291e-01	3.09607383e-01	5.62826908e-01	-1.26609763e-01	9.73779053e-21	-9.65394109e-20	-4.19879031e-21	-9.86388060e-20	9.44400157e-20
1384            	3.02907988e-02	1.51453994e-02	1.51453994e-02	8.72576680e-01	3.09660220e-01	5.62916460e-01	-1.26628120e-01	9.73819392e-21	-9.65310269e-20	-4.20972452e-21	-9.86358892e-20	9.44261647e-20
1385            	3.02917888e-02	1.51458944e-02	1.51458944e-02	8.72716811e-01	3.09712761e-01	5.63004050e-01	-1.26645645e-01	9.73852058e-21	-9.65229938e-20	-4.22131841e-21	-9.86336530e-20	9.44123346e-20
1386            	3.02928573e-02	1.51464286e-02	1.51464286e-02	8.72855193e-01	3.09764741e-01	5.63090452e-01	-1.26662856e-01	9.73882682e-21	-9.65147292e-20	-4.23299959e-21	-9.86312290e-20	9.43982294e-20
1387            	3.02935148e-02	1.51467574e-02	1.51467574e-02	8.72987956e-01	3.09816790e-01	5.63171165e-01	-1.26677188e-01	9.73919785e-21	-9.65066322e-20	-4.24613007e-21	-9.86296972e-20	9.43835671e-20
1388            	3.02945267e-02	1.51472634e-02	1.51472634e-02	8.73118067e-01	3.09868185e-01	5.63249882e-01	-1.26690849e-01	9.73945766e-21	-9.64984905e-20	-4.25878255e-21	-9.86278818e-20	9.43690993e-20
1389            	3.02953018e-02	1.51476509e-02	1.51476509e-02	8.73245186e-01	3.09919200e-01	5.63325986e-01	-1.26703393e-01	9.73979315e-21	-9.64912120e-20	-4.27384356e-21	-9.86281337e-20	9.43542902e-20
1390            	3.02963150e-02	1.51481575e-02	1.51481575e-02	8.73368272e-01	3.09969311e-01	5.63398961e-01	-1.26714825e-01	9.74002341e-21	-9.64836729e-20	-4.28804697e-21	-9.86276964e-20	9.43396494e-20
1391            	3.02970665e-02	1.51485332e-02	1.51485332e-02	8.73487443e-01	3.10019086e-01	5.63468357e-01	-1.26724636e-01	9.74032119e-21	-9.64767849e-20	-4.30433565e-21	-9.86289527e-20	9.43246171e-20
1392            	3.02979400e-02	1.51489700e-02	1.51489700e-02	8.73603047e-01	3.10068211e-01	5.63534837e-01	-1.26733313e-01	9.74056523e-21	-9.64695032e-20	-4.31980318e-21	-9.86294048e-20	9.43096017e-20
1393            	3.02988646e-02	1.51494323e-02	1.51494323e-02	8.73714966e-01	3.10116206e-01	5.63598760e-01	-1.26741277e-01	9.74078725e-21	-9.64619093e-20	-4.33473520e-21	-9.86292769e-20	9.42945417e-20
1394            	3.02993423e-02	1.51496712e-02	1.51496712e-02	8.73820154e-01	3.10163714e-01	5.63656439e-01	-1.26746363e-01	9.74106304e-21	-9.64546346e-20	-4.35104197e-21	-9.86301555e-20	9.42791136e-20
1395            	3.03002722e-02	1.51501361e-02	1.51501361e-02	8.73922654e-01	3.10210187e-01	5.63712467e-01	-1.26751140e-01	9.74121537e-21	-9.64472725e-20	-4.36635547e-21	-9.86304502e-20	9.42640947e-20
1396            	3.03008509e-02	1.51504255e-02	1.51504255e-02	8.74021037e-01	3.10255894e-01	5.63765144e-01	-1.26754625e-01	9.74144874e-21	-9.64405492e-20	-4.38348482e-21	-9.86322916e-20	9.42488068e-20
1397            	3.03015616e-02	1.51507808e-02	1.51507808e-02	8.74113370e-01	3.10300103e-01	5.63813268e-01	-1.26756583e-01	9.74159559e-21	-9.64332089e-20	-4.39892226e-21	-9.86326700e-20	9.42337478e-20
1398            	3.03020542e-02	1.51510271e-02	1.51510271e-02	8.74202556e-01	3.10343835e-01	5.63858721e-01	-1.26757443e-01	9.74180144e-21	-9.64260695e-20	-4.41541474e-21	-9.86337768e-20	9.42183621e-20
1399            	3.03027429e-02	1.51513714e-02	1.51513714e-02	8.74286083e-01	3.10386026e-01	5.63900058e-01	-1.26757016e-01	9.74191800e-21	-9.64187899e-20	-4.43079164e-21	-9.86341857e-20	9.42033941e-20
1400            	3.03032626e-02	1.51516313e-02	1.51516313e-02	8.74366250e-01	3.10427430e-01	5.63938821e-01	-1.26755696e-01	9.74208088e-21	-9.64121642e-20	-4.44777469e-21	-9.86360515e-20	9.41882768e-20
1401            	3.03041154e-02	1.51520577e-02	1.51520577e-02	8.74441958e-01	3.10467346e-01	5.63974612e-01	-1.26753633e-01	9.74213009e-21	-9.64055434e-20	-4.46373125e-21	-9.86374090e-20	9.41736778e-20
1402            	3.03047833e-02	1.51523917e-02	1.51523917e-02	8.74513512e-01	3.10506177e-01	5.64007335e-01	-1.26750579e-01	9.74223509e-21	-9.63997304e-20	-4.48144367e-21	-9.86404523e-20	9.41590086e-20
1403            	3.03057645e-02	1.51528822e-02	1.51528822e-02	8.74580570e-01	3.10543474e-01	5.64037096e-01	-1.26746811e-01	9.74224227e-21	-9.63932057e-20	-4.49697197e-21	-9.86416917e-20	9.41447197e-20
1404            	3.03065457e-02	1.51532729e-02	1.51532729e-02	8.74643268e-01	3.10579625e-01	5.64063644e-01	-1.26742009e-01	9.74229287e-21	-9.63874692e-20	-4.51417290e-21	-9.86445556e-20	9.41303827e-20
1405            	3.03077698e-02	1.51538849e-02	1.51538849e-02	8.74702752e-01	3.10614253e-01	5.64088499e-01	-1.26737123e-01	9.74223714e-21	-9.63812765e-20	-4.52946377e-21	-9.86460084e-20	9.41165446e-20
1406            	3.03086537e-02	1.51543269e-02	1.51543269e-02	8.74756391e-01	3.10647530e-01	5.64108861e-01	-1.26730666e-01	9.74224739e-21	-9.63753863e-20	-4.54554195e-21	-9.86481573e-20	9.41026153e-20
1407            	3.03099261e-02	1.51549630e-02	1.51549630e-02	8.74806481e-01	3.10679181e-01	5.64127301e-01	-1.26724060e-01	9.74215670e-21	-9.63689180e-20	-4.55951511e-21	-9.86486755e-20	9.40891604e-20
1408            	3.03109743e-02	1.51554871e-02	1.51554871e-02	8.74852160e-01	3.10709701e-01	5.64142459e-01	-1.26716379e-01	9.74210794e-21	-9.63628380e-20	-4.57424018e-21	-9.86499581e-20	9.40757179e-20
1409            	3.03123898e-02	1.51561949e-02	1.51561949e-02	8.74893621e-01	3.10738398e-01	5.64155223e-01	-1.26708413e-01	9.74196250e-21	-9.63565056e-20	-4.58721794e-21	-9.86501145e-20	9.40628966e-20
1410            	3.03136415e-02	1.51568208e-02	1.51568208e-02	8.74930621e-01	3.10765785e-01	5.64164836e-01	-1.26699525e-01	9.74184482e-21	-9.63507786e-20	-4.60128933e-21	-9.86514232e-20	9.40501339e-20
1411            	3.03152574e-02	1.51576287e-02	1.51576287e-02	8.74964160e-01	3.10791393e-01	5.64172767e-01	-1.26690687e-01	9.74163899e-21	-9.63445440e-20	-4.61305616e-21	-9.86510721e-20	9.40380159e-20
1412            	3.03167181e-02	1.51583590e-02	1.51583590e-02	8.74993988e-01	3.10815918e-01	5.64178070e-01	-1.26681076e-01	9.74146142e-21	-9.63387409e-20	-4.62572156e-21	-9.86516016e-20	9.40258801e-20
1413            	3.03184259e-02	1.51592129e-02	1.51592129e-02	8.75019036e-01	3.10838462e-01	5.64180574e-01	-1.26671056e-01	9.74122428e-21	-9.63323590e-20	-4.63594786e-21	-9.86503330e-20	9.40143851e-20
1414            	3.03199755e-02	1.51599878e-02	1.51599878e-02	8.75039895e-01	3.10859770e-01	5.64180125e-01	-1.26660177e-01	9.74100200e-21	-9.63263890e-20	-4.64700179e-21	-9.86498899e-20	9.40028881e-20
1415            	3.03218952e-02	1.51609476e-02	1.51609476e-02	8.75057460e-01	3.10879259e-01	5.64178200e-01	-1.26649471e-01	9.74071164e-21	-9.63199856e-20	-4.65571223e-21	-9.86478418e-20	9.39921295e-20
1416            	3.03236805e-02	1.51618402e-02	1.51618402e-02	8.75071651e-01	3.10897698e-01	5.64173954e-01	-1.26638128e-01	9.74044307e-21	-9.63137349e-20	-4.66472341e-21	-9.86460966e-20	9.39813732e-20
1417            	3.03256919e-02	1.51628460e-02	1.51628460e-02	8.75081127e-01	3.10914227e-01	5.64166900e-01	-1.26626336e-01	9.74012063e-21	-9.63069374e-20	-4.67131782e-21	-9.86425963e-20	9.39712784e-20
1418            	3.03275598e-02	1.51637799e-02	1.51637799e-02	8.75087296e-01	3.10929609e-01	5.64157687e-01	-1.26614039e-01	9.73981729e-21	-9.63003356e-20	-4.67816741e-21	-9.86394193e-20	9.39612519e-20
1419            	3.03297482e-02	1.51648741e-02	1.51648741e-02	8.75090119e-01	3.10943279e-01	5.64146840e-01	-1.26601781e-01	9.73943864e-21	-9.62933314e-20	-4.68268369e-21	-9.86346732e-20	9.39519895e-20
1420            	3.03317697e-02	1.51658849e-02	1.51658849e-02	8.75089677e-01	3.10955753e-01	5.64133925e-01	-1.26589086e-01	9.73907945e-21	-9.62868091e-20	-4.68779125e-21	-9.86307047e-20	9.39429135e-20
1421            	3.03341089e-02	1.51670544e-02	1.51670544e-02	8.75085664e-01	3.10966446e-01	5.64119218e-01	-1.26576386e-01	9.73864715e-21	-9.62799732e-20	-4.69084262e-21	-9.86253946e-20	9.39345519e-20
1422            	3.03364089e-02	1.51682044e-02	1.51682044e-02	8.75079252e-01	3.10975963e-01	5.64103289e-01	-1.26563663e-01	9.73823605e-21	-9.62732836e-20	-4.69368496e-21	-9.86201260e-20	9.39264411e-20
1423            	3.03390129e-02	1.51695064e-02	1.51695064e-02	8.75069545e-01	3.10983747e-01	5.64085798e-01	-1.26551025e-01	9.73775332e-21	-9.62664467e-20	-4.69486030e-21	-9.86138768e-20	9.39190165e-20
1424            	3.03415688e-02	1.51707844e-02	1.51707844e-02	8.75057526e-01	3.10990320e-01	5.64067205e-01	-1.26538443e-01	9.73728905e-21	-9.62598154e-20	-4.69577319e-21	-9.86077020e-20	9.39119288e-20
1425            	3.03443553e-02	1.51721776e-02	1.51721776e-02	8.75043000e-01	3.10995385e-01	5.64047614e-01	-1.26526115e-01	9.73677648e-21	-9.62529948e-20	-4.69524702e-21	-9.86006183e-20	9.39053713e-20
1426            	3.03474864e-02	1.51737432e-02	1.51737432e-02	8.75024984e-01	3.10998397e-01	5.64026587e-01	-1.26514095e-01	9.73620754e-21	-9.62465665e-20	-4.69385537e-21	-9.85934942e-20	9.38996388e-20
1427            	3.03506092e-02	1.51753046e-02	1.51753046e-02	8.75006304e-01	3.11000636e-01	5.64005668e-01	-1.26502516e-01	9.73563844e-21	-9.62399198e-20	-4.69161747e-21	-9.85857285e-20	9.38941111e-20
1428            	3.03538656e-02	1.51769328e-02	1.51769328e-02	8.74985401e-01	3.11001496e-01	5.63983905e-01	-1.26491204e-01	9.73505416e-21	-9.62328527e-20	-4.68754922e-21	-9.85766273e-20	9.38890780e-20
1429            	3.03574013e-02	1.51787007e-02	1.51787007e-02	8.74960649e-01	3.11000255e-01	5.63960394e-01	-1.26480069e-01	9.73443080e-21	-9.62258851e-20	-4.68213613e-21	-9.85669532e-20	9.38848171e-20
1430            	3.03609695e-02	1.51804848e-02	1.51804848e-02	8.74936266e-01	3.10998414e-01	5.63937851e-01	-1.26469719e-01	9.73378853e-21	-9.62188304e-20	-4.67618051e-21	-9.85569206e-20	9.38807401e-20
1431            	3.03647170e-02	1.51823585e-02	1.51823585e-02	8.74909274e-01	3.10995186e-01	5.63914088e-01	-1.26459451e-01	9.73312582e-21	-9.62112294e-20	-4.66807434e-21	-9.85452666e-20	9.38771922e-20
1432            	3.03685750e-02	1.51842875e-02	1.51842875e-02	8.74881656e-01	3.10990824e-01	5.63890832e-01	-1.26450004e-01	9.73247054e-21	-9.62039399e-20	-4.65947542e-21	-9.85336776e-20	9.38742022e-20
1433            	3.03725551e-02	1.51862776e-02	1.51862776e-02	8.74852192e-01	3.10985207e-01	5.63866985e-01	-1.26440889e-01	9.73178700e-21	-9.61963045e-20	-4.64938294e-21	-9.85209960e-20	9.38716130e-20
1434            	3.03767414e-02	1.51883707e-02	1.51883707e-02	8.74821549e-01	3.10978304e-01	5.63843245e-01	-1.26432471e-01	9.73107484e-21	-9.61888138e-20	-4.63852272e-21	-9.85080752e-20	9.38695525e-20
1435            	3.03810277e-02	1.51905138e-02	1.51905138e-02	8.74789752e-01	3.10970295e-01	5.63819457e-01	-1.26424581e-01	9.73034951e-21	-9.61810126e-20	-4.62612895e-21	-9.84940771e-20	9.38679481e-20
1436            	3.03854575e-02	1.51927287e-02	1.51927287e-02	8.74757113e-01	3.10961132e-01	5.63795981e-01	-1.26417425e-01	9.72960642e-21	-9.61731641e-20	-4.61260615e-21	-9.84794672e-20	9.38668610e-20
1437            	3.03899864e-02	1.51949932e-02	1.51949932e-02	8.74723627e-01	3.10950907e-01	5.63772720e-01	-1.26410907e-01	9.72885547e-21	-9.61649562e-20	-4.59750947e-21	-9.84637110e-20	9.38662015e-20
1438            	3.03946113e-02	1.51973056e-02	1.51973056e-02	8.74689451e-01	3.10939675e-01	5.63749776e-01	-1.26405050e-01	9.72809747e-21	-9.61563778e-20	-4.58082417e-21	-9.84467899e-20	9.38659657e-20
1439            	3.03993216e-02	1.51996608e-02	1.51996608e-02	8.74654745e-01	3.10927505e-01	5.63727240e-01	-1.26399867e-01	9.72733016e-21	-9.61475219e-20	-4.56270873e-21	-9.84288762e-20	9.38661675e-20
1440            	3.04041439e-02	1.52020719e-02	1.52020719e-02	8.74619756e-01	3.10914427e-01	5.63705330e-01	-1.26395452e-01	9.72654573e-21	-9.61385784e-20	-4.54341884e-21	-9.84102878e-20	9.38668689e-20
1441            	3.04090847e-02	1.52045423e-02	1.52045423e-02	8.74584673e-01	3.10900477e-01	5.63684196e-01	-1.26391859e-01	9.72574627e-21	-9.61296316e-20	-4.52311296e-21	-9.83911880e-20	9.38680751e-20
1442            	3.04141782e-02	1.52070891e-02	1.52070891e-02	8.74549830e-01	3.10885674e-01	5.63664156e-01	-1.26389241e-01	9.72492890e-21	-9.61207272e-20	-4.50185644e-21	-9.83716554e-20	9.38697989e-20
1443            	3.04193746e-02	1.52096873e-02	1.52096873e-02	8.74515279e-01	3.10870126e-01	5.63645152e-01	-1.26387513e-01	9.72409945e-21	-9.61116291e-20	-4.47930729e-21	-9.83512828e-20	9.38719755e-20
1444            	3.04246701e-02	1.52123351e-02	1.52123351e-02	8.74481072e-01	3.10853835e-01	5.63627237e-01	-1.26386701e-01	9.72326430e-21	-9.61023716e-20	-4.45557073e-21	-9.83301569e-20	9.38745862e-20
1445            	3.04300574e-02	1.52150287e-02	1.52150287e-02	8.74447269e-01	3.10836862e-01	5.63610407e-01	-1.26386772e-01	9.72242510e-21	-9.60928633e-20	-4.43050195e-21	-9.83081142e-20	9.38776123e-20
1446            	3.04355393e-02	1.52177696e-02	1.52177696e-02	8.74414072e-01	3.10819263e-01	5.63594810e-01	-1.26387774e-01	9.72157975e-21	-9.60832010e-20	-4.40427243e-21	-9.82853372e-20	9.38810648e-20
1447            	3.04411168e-02	1.52205584e-02	1.52205584e-02	8.74381835e-01	3.10801139e-01	5.63580696e-01	-1.26389779e-01	9.72073113e-21	-9.60733038e-20	-4.37679803e-21	-9.82617028e-20	9.38849047e-20
1448            	3.04468091e-02	1.52234045e-02	1.52234045e-02	8.74350574e-01	3.10782443e-01	5.63568131e-01	-1.26392844e-01	9.71987348e-21	-9.60633717e-20	-4.34837827e-21	-9.82375608e-20	9.38891825e-20
1449            	3.04526368e-02	1.52263184e-02	1.52263184e-02	8.74320738e-01	3.10763285e-01	5.63557453e-01	-1.26397084e-01	9.71900530e-21	-9.60535009e-20	-4.31918687e-21	-9.82130944e-20	9.38939075e-20
1450            	3.04585875e-02	1.52292937e-02	1.52292937e-02	8.74292433e-01	3.10743719e-01	5.63548715e-01	-1.26402498e-01	9.71813169e-21	-9.60435943e-20	-4.28912138e-21	-9.81881550e-20	9.38990336e-20
1451            	3.04646386e-02	1.52323193e-02	1.52323193e-02	8.74266094e-01	3.10723921e-01	5.63542173e-01	-1.26409126e-01	9.71725277e-21	-9.60334538e-20	-4.25789127e-21	-9.81623994e-20	9.39045081e-20
1452            	3.04707572e-02	1.52353786e-02	1.52353786e-02	8.74241183e-01	3.10703786e-01	5.63537398e-01	-1.26416806e-01	9.71637668e-21	-9.60231879e-20	-4.22572439e-21	-9.81360501e-20	9.39103257e-20
1453            	3.04769460e-02	1.52384730e-02	1.52384730e-02	8.74218359e-01	3.10683543e-01	5.63534817e-01	-1.26425637e-01	9.71550689e-21	-9.60125970e-20	-4.19238281e-21	-9.81087884e-20	9.39164056e-20
1454            	3.04831671e-02	1.52415836e-02	1.52415836e-02	8.74197279e-01	3.10663196e-01	5.63534083e-01	-1.26435443e-01	9.71464699e-21	-9.60016845e-20	-4.15787025e-21	-9.80806196e-20	9.39227493e-20
1455            	3.04894440e-02	1.52447220e-02	1.52447220e-02	8.74178351e-01	3.10642794e-01	5.63535557e-01	-1.26446381e-01	9.71379236e-21	-9.59905472e-20	-4.12239334e-21	-9.80517439e-20	9.39293506e-20
1456            	3.04957362e-02	1.52478681e-02	1.52478681e-02	8.74160863e-01	3.10622384e-01	5.63538479e-01	-1.26458047e-01	9.71293047e-21	-9.59790301e-20	-4.08593380e-21	-9.80219970e-20	9.39360632e-20
1457            	3.05021382e-02	1.52510691e-02	1.52510691e-02	8.74147326e-01	3.10602310e-01	5.63545015e-01	-1.26471353e-01	9.71209174e-21	-9.59676685e-20	-4.04880209e-21	-9.79920695e-20	9.39432674e-20
1458            	3.05084904e-02	1.52542452e-02	1.52542452e-02	8.74135722e-01	3.10582430e-01	5.63553293e-01	-1.26485432e-01	9.71126087e-21	-9.59560751e-20	-4.01090249e-21	-9.79615263e-20	9.39506238e-20
1459            	3.05149943e-02	1.52574972e-02	1.52574972e-02	8.74125651e-01	3.10562454e-01	5.63563197e-01	-1.26500371e-01	9.71041542e-21	-9.59445543e-20	-3.97281479e-21	-9.79309617e-20	9.39581469e-20
1460            	3.05215313e-02	1.52607657e-02	1.52607657e-02	8.74120677e-01	3.10543216e-01	5.63577462e-01	-1.26517123e-01	9.70959128e-21	-9.59325559e-20	-3.93345949e-21	-9.78992856e-20	9.39658262e-20
1461            	3.05278851e-02	1.52639425e-02	1.52639425e-02	8.74116841e-01	3.10524185e-01	5.63592656e-01	-1.26534235e-01	9.70878305e-21	-9.59200247e-20	-3.89331953e-21	-9.78666844e-20	9.39733649e-20
1462            	3.05345087e-02	1.52672544e-02	1.52672544e-02	8.74117771e-01	3.10505689e-01	5.63612082e-01	-1.26553196e-01	9.70800319e-21	-9.59078409e-20	-3.85283252e-21	-9.78342571e-20	9.39814246e-20
1463            	3.05410211e-02	1.52705105e-02	1.52705105e-02	8.74120726e-01	3.10487601e-01	5.63633125e-01	-1.26572762e-01	9.70720622e-21	-9.58948844e-20	-3.81138155e-21	-9.78005752e-20	9.39891936e-20
1464            	3.05476497e-02	1.52738249e-02	1.52738249e-02	8.74128401e-01	3.10470255e-01	5.63658146e-01	-1.26593945e-01	9.70644608e-21	-9.58823833e-20	-3.76990882e-21	-9.77673377e-20	9.39974289e-20
1465            	3.05542259e-02	1.52771129e-02	1.52771129e-02	8.74138574e-01	3.10453318e-01	5.63685256e-01	-1.26615969e-01	9.70565456e-21	-9.58695577e-20	-3.72812152e-21	-9.77336185e-20	9.40054970e-20
1466            	3.05610244e-02	1.52805122e-02	1.52805122e-02	8.74153392e-01	3.10437051e-01	5.63716341e-01	-1.26639645e-01	9.70489884e-21	-9.58573386e-20	-3.68657556e-21	-9.77006264e-20	9.40140508e-20
1467            	3.05677309e-02	1.52838654e-02	1.52838654e-02	8.74171622e-01	3.10421621e-01	5.63750001e-01	-1.26664190e-01	9.70415705e-21	-9.58444974e-20	-3.64423123e-21	-9.76666130e-20	9.40223818e-20
1468            	3.05744628e-02	1.52872314e-02	1.52872314e-02	8.74192495e-01	3.10406720e-01	5.63785776e-01	-1.26689528e-01	9.70341639e-21	-9.58314970e-20	-3.60190748e-21	-9.76324508e-20	9.40305433e-20
1469            	3.05812665e-02	1.52906333e-02	1.52906333e-02	8.74219081e-01	3.10392985e-01	5.63826096e-01	-1.26716556e-01	9.70270977e-21	-9.58182746e-20	-3.55883968e-21	-9.75976944e-20	9.40388547e-20
1470            	3.05879034e-02	1.52939517e-02	1.52939517e-02	8.74247806e-01	3.10379869e-01	5.63867937e-01	-1.26744034e-01	9.70199820e-21	-9.58046547e-20	-3.51557985e-21	-9.75624446e-20	9.40468648e-20
1471            	3.05947298e-02	1.52973649e-02	1.52973649e-02	8.74281635e-01	3.10367809e-01	5.63913826e-01	-1.26773009e-01	9.70132888e-21	-9.57917861e-20	-3.47290483e-21	-9.75282385e-20	9.40553337e-20
1472            	3.06014793e-02	1.53007396e-02	1.53007396e-02	8.74318623e-01	3.10356612e-01	5.63962012e-01	-1.26802700e-01	9.70062779e-21	-9.57781343e-20	-3.42959656e-21	-9.74929326e-20	9.40633360e-20
1473            	3.06083355e-02	1.53041678e-02	1.53041678e-02	8.74360208e-01	3.10346406e-01	5.64013802e-01	-1.26833698e-01	9.69997767e-21	-9.57652216e-20	-3.38702857e-21	-9.74587359e-20	9.40717073e-20
1474            	3.06150977e-02	1.53075489e-02	1.53075489e-02	8.74405207e-01	3.10337140e-01	5.64068068e-01	-1.26865464e-01	9.69930646e-21	-9.57517283e-20	-3.34426162e-21	-9.74238591e-20	9.40795975e-20
1475            	3.06219575e-02	1.53109788e-02	1.53109788e-02	8.74454697e-01	3.10328965e-01	5.64125732e-01	-1.26898384e-01	9.69870035e-21	-9.57385671e-20	-3.30167748e-21	-9.73894059e-20	9.40877284e-20
1476            	3.06286549e-02	1.53143274e-02	1.53143274e-02	8.74507561e-01	3.10321995e-01	5.64185566e-01	-1.26931786e-01	9.69811519e-21	-9.57246656e-20	-3.25846302e-21	-9.73538971e-20	9.40954341e-20
1477            	3.06352489e-02	1.53176244e-02	1.53176244e-02	8.74563596e-01	3.10316125e-01	5.64247472e-01	-1.26965674e-01	9.69753622e-21	-9.57106227e-20	-3.21573972e-21	-9.73184925e-20	9.41027528e-20
1478            	3.06418972e-02	1.53209486e-02	1.53209486e-02	8.74624521e-01	3.10311439e-01	5.64313082e-01	-1.27000822e-01	9.69698692e-21	-9.56967815e-20	-3.17315721e-21	-9.72833601e-20	9.41102029e-20
1479            	3.06483451e-02	1.53241725e-02	1.53241725e-02	8.74688391e-01	3.10307912e-01	5.64380479e-01	-1.27036283e-01	9.69643403e-21	-9.56821454e-20	-3.13011039e-21	-9.72472006e-20	9.41170903e-20
1480            	3.06548939e-02	1.53274470e-02	1.53274470e-02	8.74756719e-01	3.10305614e-01	5.64451105e-01	-1.27072746e-01	9.69594062e-21	-9.56684856e-20	-3.08835988e-21	-9.72126655e-20	9.41243056e-20
1481            	3.06613089e-02	1.53306544e-02	1.53306544e-02	8.74828449e-01	3.10304559e-01	5.64523890e-01	-1.27109665e-01	9.69542168e-21	-9.56538772e-20	-3.04612687e-21	-9.71769406e-20	9.41308137e-20
1482            	3.06676789e-02	1.53338394e-02	1.53338394e-02	8.74904210e-01	3.10304844e-01	5.64599366e-01	-1.27147261e-01	9.69498124e-21	-9.56397055e-20	-3.00454850e-21	-9.71419797e-20	9.41374312e-20
1483            	3.06738936e-02	1.53369468e-02	1.53369468e-02	8.74983213e-01	3.10306338e-01	5.64676875e-01	-1.27185268e-01	9.69452117e-21	-9.56248133e-20	-2.96283819e-21	-9.71062324e-20	9.41433942e-20
1484            	3.06800909e-02	1.53400454e-02	1.53400454e-02	8.75066158e-01	3.10309204e-01	5.64756954e-01	-1.27223875e-01	9.69413316e-21	-9.56105999e-20	-2.92218025e-21	-9.70716901e-20	9.41495098e-20
1485            	3.06862078e-02	1.53431039e-02	1.53431039e-02	8.75152664e-01	3.10313385e-01	5.64839279e-01	-1.27262947e-01	9.69374344e-21	-9.55960994e-20	-2.88174267e-21	-9.70369707e-20	9.41552281e-20
1486            	3.06922489e-02	1.53461244e-02	1.53461244e-02	8.75242870e-01	3.10318861e-01	5.64924009e-01	-1.27302574e-01	9.69334584e-21	-9.55817428e-20	-2.84248524e-21	-9.70029854e-20	9.41605002e-20
1487            	3.06982434e-02	1.53491217e-02	1.53491217e-02	8.75336981e-01	3.10325775e-01	5.65011205e-01	-1.27342715e-01	9.69300700e-21	-9.55674437e-20	-2.80353324e-21	-9.69692103e-20	9.41656771e-20
1488            	3.07041782e-02	1.53520891e-02	1.53520891e-02	8.75434526e-01	3.10333863e-01	5.65100664e-01	-1.27383400e-01	9.69263422e-21	-9.55528760e-20	-2.76506954e-21	-9.69354108e-20	9.41703413e-20
1489            	3.07100925e-02	1.53550462e-02	1.53550462e-02	8.75535593e-01	3.10343332e-01	5.65192261e-01	-1.27424465e-01	9.69234468e-21	-9.55391180e-20	-2.72805451e-21	-9.69031453e-20	9.41750908e-20
1490            	3.07159850e-02	1.53579925e-02	1.53579925e-02	8.75640452e-01	3.10354175e-01	5.65286277e-01	-1.27466051e-01	9.69205004e-21	-9.55248192e-20	-2.69100269e-21	-9.68703205e-20	9.41793178e-20
1491            	3.07216574e-02	1.53608287e-02	1.53608287e-02	8.75748275e-01	3.10366457e-01	5.65381817e-01	-1.27507680e-01	9.69176743e-21	-9.55101769e-20	-2.65463226e-21	-9.68374930e-20	9.41828608e-20
1492            	3.07272340e-02	1.53636170e-02	1.53636170e-02	8.75859230e-01	3.10380152e-01	5.65479078e-01	-1.27549463e-01	9.69155050e-21	-9.54960516e-20	-2.61939817e-21	-9.68057507e-20	9.41863525e-20
1493            	3.07328357e-02	1.53664179e-02	1.53664179e-02	8.75973607e-01	3.10395099e-01	5.65578508e-01	-1.27591705e-01	9.69132420e-21	-9.54819318e-20	-2.58481816e-21	-9.67743409e-20	9.41895227e-20
1494            	3.07382793e-02	1.53691397e-02	1.53691397e-02	8.76090961e-01	3.10411433e-01	5.65679528e-01	-1.27634047e-01	9.69110147e-21	-9.54678683e-20	-2.55154606e-21	-9.67436414e-20	9.41920953e-20
1495            	3.07436203e-02	1.53718101e-02	1.53718101e-02	8.76211137e-01	3.10429148e-01	5.65781989e-01	-1.27676421e-01	9.69093129e-21	-9.54541882e-20	-2.51946255e-21	-9.67139194e-20	9.41944569e-20
1496            	3.07490280e-02	1.53745140e-02	1.53745140e-02	8.76334581e-01	3.10448099e-01	5.65886481e-01	-1.27719191e-01	9.69075283e-21	-9.54404723e-20	-2.48784684e-21	-9.66843957e-20	9.41965488e-20
1497            	3.07543609e-02	1.53771805e-02	1.53771805e-02	8.76461248e-01	3.10468383e-01	5.65992865e-01	-1.27762241e-01	9.69057614e-21	-9.54267070e-20	-2.45737299e-21	-9.66553935e-20	9.41980205e-20
1498            	3.07593671e-02	1.53796836e-02	1.53796836e-02	8.76589189e-01	3.10490137e-01	5.66099052e-01	-1.27804458e-01	9.69048797e-21	-9.54127201e-20	-2.42748586e-21	-9.66264630e-20	9.41989772e-20
1499            	3.07644190e-02	1.53822095e-02	1.53822095e-02	8.76720219e-01	3.10513130e-01	5.66207089e-01	-1.27846979e-01	9.69038880e-21	-9.53986465e-20	-2.39802676e-21	-9.65976598e-20	9.41996331e-20
1500            	3.07693029e-02	1.53846515e-02	1.53846515e-02	8.76853723e-01	3.10537428e-01	5.66316295e-01	-1.27889434e-01	9.69029008e-21	-9.53848046e-20	-2.37017739e-21	-9.65698933e-20	9.41997159e-20
1501            	3.07739865e-02	1.53869932e-02	1.53869932e-02	8.76988652e-01	3.10563067e-01	5.66425585e-01	-1.27931259e-01	9.69025228e-21	-9.53711736e-20	-2.34351805e-21	-9.65429326e-20	9.41994145e-20
1502            	3.07787468e-02	1.53893734e-02	1.53893734e-02	8.77126682e-01	3.10589842e-01	5.66536840e-01	-1.27973499e-01	9.69016742e-21	-9.53570139e-20	-2.31688101e-21	-9.65154544e-20	9.41985734e-20
1503            	3.07832023e-02	1.53916012e-02	1.53916012e-02	8.77265460e-01	3.10617945e-01	5.66647515e-01	-1.28014785e-01	9.69019249e-21	-9.53436200e-20	-2.29232890e-21	-9.64897844e-20	9.41974555e-20
1504            	3.07876857e-02	1.53938429e-02	1.53938429e-02	8.77407072e-01	3.10647324e-01	5.66759748e-01	-1.28056212e-01	9.69019063e-21	-9.53299114e-20	-2.26815324e-21	-9.64639881e-20	9.41958348e-20
1505            	3.07919377e-02	1.53959688e-02	1.53959688e-02	8.77549795e-01	3.10677937e-01	5.66871857e-01	-1.28096960e-01	9.69022342e-21	-9.53162092e-20	-2.24507096e-21	-9.64387447e-20	9.41936737e-20
1506            	3.07961499e-02	1.53980750e-02	1.53980750e-02	8.77694515e-01	3.10709743e-01	5.66984772e-01	-1.28137514e-01	9.69025793e-21	-9.53027033e-20	-2.22313889e-21	-9.64142727e-20	9.41911338e-20
1507            	3.08002167e-02	1.54001084e-02	1.54001084e-02	8.77840263e-01	3.10742722e-01	5.67097541e-01	-1.28177410e-01	9.69030484e-21	-9.52892297e-20	-2.20214425e-21	-9.63903018e-20	9.41881576e-20
1508            	3.08042451e-02	1.54021226e-02	1.54021226e-02	8.77987523e-01	3.10776774e-01	5.67210748e-01	-1.28216987e-01	9.69035031e-21	-9.52761480e-20	-2.18262020e-21	-9.63674581e-20	9.41848379e-20
1509            	3.08082006e-02	1.54041003e-02	1.54041003e-02	8.78135899e-01	3.10811863e-01	5.67324036e-01	-1.28256086e-01	9.69040662e-21	-9.52630804e-20	-2.16400520e-21	-9.63450830e-20	9.41810778e-20
1510            	3.08121150e-02	1.54060575e-02	1.54060575e-02	8.78285466e-01	3.10847965e-01	5.67437500e-01	-1.28294767e-01	9.69046852e-21	-9.52501911e-20	-2.14654074e-21	-9.63234615e-20	9.41769207e-20
1511            	3.08158814e-02	1.54079407e-02	1.54079407e-02	8.78435425e-01	3.10884991e-01	5.67550435e-01	-1.28332722e-01	9.69054787e-21	-9.52374246e-20	-2.13022385e-21	-9.63025365e-20	9.41723127e-20
1512            	3.08195770e-02	1.54097885e-02	1.54097885e-02	8.78586078e-01	3.10922930e-01	5.67663148e-01	-1.28370109e-01	9.69063639e-21	-9.52247761e-20	-2.11498368e-21	-9.62822679e-20	9.41672843e-20
1513            	3.08231741e-02	1.54115871e-02	1.54115871e-02	8.78737076e-01	3.10961742e-01	5.67775334e-01	-1.28406796e-01	9.69073973e-21	-9.52122633e-20	-2.10089082e-21	-9.62627087e-20	9.41618179e-20
1514            	3.08266783e-02	1.54133391e-02	1.54133391e-02	8.78888435e-01	3.11001405e-01	5.67887030e-01	-1.28442812e-01	9.69085595e-21	-9.51998631e-20	-2.08791326e-21	-9.62438198e-20	9.41559065e-20
1515            	3.08301012e-02	1.54150506e-02	1.54150506e-02	8.79039920e-01	3.11041834e-01	5.67998086e-01	-1.28478126e-01	9.69098210e-21	-9.51876923e-20	-2.07621130e-21	-9.62257980e-20	9.41495867e-20
1516            	3.08334520e-02	1.54167260e-02	1.54167260e-02	8.79191357e-01	3.11082974e-01	5.68108383e-01	-1.28512704e-01	9.69111332e-21	-9.51757927e-20	-2.06580350e-21	-9.62086944e-20	9.41428909e-20
1517            	3.08367093e-02	1.54183547e-02	1.54183547e-02	8.79342598e-01	3.11124785e-01	5.68217813e-01	-1.28546514e-01	9.69125233e-21	-9.51640768e-20	-2.05658427e-21	-9.61923689e-20	9.41357847e-20
1518            	3.08400207e-02	1.54200103e-02	1.54200103e-02	8.79494210e-01	3.11167235e-01	5.68326976e-01	-1.28579871e-01	9.69138114e-21	-9.51527167e-20	-2.04866303e-21	-9.61770482e-20	9.41283852e-20
1519            	3.08432617e-02	1.54216308e-02	1.54216308e-02	8.79645502e-01	3.11210282e-01	5.68435220e-01	-1.28612469e-01	9.69152218e-21	-9.51413699e-20	-2.04165562e-21	-9.61621977e-20	9.41205421e-20
1520            	3.08464306e-02	1.54232153e-02	1.54232153e-02	8.79795977e-01	3.11253898e-01	5.68542079e-01	-1.28644090e-01	9.69167136e-21	-9.51297548e-20	-2.03497515e-21	-9.61472424e-20	9.41122673e-20
1521            	3.08495024e-02	1.54247512e-02	1.54247512e-02	8.79945622e-01	3.11298040e-01	5.68647582e-01	-1.28674771e-01	9.69182581e-21	-9.51182183e-20	-2.02924399e-21	-9.61328403e-20	9.41035963e-20
1522            	3.08524824e-02	1.54262412e-02	1.54262412e-02	8.80094200e-01	3.11342665e-01	5.68751535e-01	-1.28704435e-01	9.69198176e-21	-9.51066962e-20	-2.02428783e-21	-9.61188401e-20	9.40945523e-20
1523            	3.08553428e-02	1.54276714e-02	1.54276714e-02	8.80241455e-01	3.11387665e-01	5.68853790e-01	-1.28733062e-01	9.69214186e-21	-9.50952850e-20	-2.02028636e-21	-9.61054282e-20	9.40851418e-20
1524            	3.08582047e-02	1.54291023e-02	1.54291023e-02	8.80387878e-01	3.11433034e-01	5.68954843e-01	-1.28760905e-01	9.69229551e-21	-9.50839969e-20	-2.01712124e-21	-9.60925576e-20	9.40754363e-20
1525            	3.08609339e-02	1.54304670e-02	1.54304670e-02	8.80532547e-01	3.11478694e-01	5.69053853e-01	-1.28787580e-01	9.69246197e-21	-9.50726433e-20	-2.01461048e-21	-9.60799485e-20	9.40653381e-20
1526            	3.08634820e-02	1.54317410e-02	1.54317410e-02	8.80675107e-01	3.11524585e-01	5.69150521e-01	-1.28812968e-01	9.69264160e-21	-9.50612443e-20	-2.01279446e-21	-9.60676416e-20	9.40548471e-20
1527            	3.08660312e-02	1.54330156e-02	1.54330156e-02	8.80816390e-01	3.11570684e-01	5.69245706e-01	-1.28837511e-01	9.69280848e-21	-9.50501452e-20	-2.01201332e-21	-9.60561519e-20	9.40441385e-20
1528            	3.08683980e-02	1.54341990e-02	1.54341990e-02	8.80955036e-01	3.11616829e-01	5.69338207e-01	-1.28860689e-01	9.69298832e-21	-9.50392240e-20	-2.01224001e-21	-9.60453440e-20	9.40331040e-20
1529            	3.08708088e-02	1.54354044e-02	1.54354044e-02	8.81092563e-01	3.11663070e-01	5.69429493e-01	-1.28883211e-01	9.69314831e-21	-9.50286492e-20	-2.01348176e-21	-9.60353900e-20	9.40219083e-20
1530            	3.08731044e-02	1.54365522e-02	1.54365522e-02	8.81227611e-01	3.11709215e-01	5.69518396e-01	-1.28904591e-01	9.69330770e-21	-9.50184611e-20	-2.01591362e-21	-9.60264179e-20	9.40105043e-20
1531            	3.08755042e-02	1.54377521e-02	1.54377521e-02	8.81361312e-01	3.11755274e-01	5.69606037e-01	-1.28925381e-01	9.69343930e-21	-9.50086981e-20	-2.01935185e-21	-9.60183741e-20	9.39990222e-20
1532            	3.08777718e-02	1.54388859e-02	1.54388859e-02	8.81491969e-01	3.11801077e-01	5.69690892e-01	-1.28944907e-01	9.69358010e-21	-9.49990655e-20	-2.02355348e-21	-9.60108423e-20	9.39872888e-20
1533            	3.08801390e-02	1.54400695e-02	1.54400695e-02	8.81621541e-01	3.11846845e-01	5.69774696e-01	-1.28963925e-01	9.69369289e-21	-9.49892669e-20	-2.02771596e-21	-9.60031249e-20	9.39754089e-20
1534            	3.08823543e-02	1.54411771e-02	1.54411771e-02	8.81747514e-01	3.11892244e-01	5.69855270e-01	-1.28981513e-01	9.69380786e-21	-9.49798139e-20	-2.03289102e-21	-9.59962594e-20	9.39633683e-20
1535            	3.08848042e-02	1.54424021e-02	1.54424021e-02	8.81872571e-01	3.11937262e-01	5.69935309e-01	-1.28999023e-01	9.69386446e-21	-9.49701442e-20	-2.03771747e-21	-9.59890029e-20	9.39512855e-20
1536            	3.08868329e-02	1.54434165e-02	1.54434165e-02	8.81993046e-01	3.11982102e-01	5.70010945e-01	-1.29014422e-01	9.69400424e-21	-9.49609512e-20	-2.04418349e-21	-9.59830430e-20	9.39388595e-20
1537            	3.08890302e-02	1.54445151e-02	1.54445151e-02	8.82111227e-01	3.12026416e-01	5.70084810e-01	-1.29029197e-01	9.69408550e-21	-9.49514240e-20	-2.04995463e-21	-9.59764013e-20	9.39264467e-20
1538            	3.08913470e-02	1.54456735e-02	1.54456735e-02	8.82228343e-01	3.12070182e-01	5.70158161e-01	-1.29043990e-01	9.69413612e-21	-9.49422632e-20	-2.05644415e-21	-9.59704852e-20	9.39140411e-20
1539            	3.08932563e-02	1.54466281e-02	1.54466281e-02	8.82340106e-01	3.12113706e-01	5.70226400e-01	-1.29056347e-01	9.69424998e-21	-9.49334087e-20	-2.06428819e-21	-9.59655528e-20	9.39012646e-20
1540            	3.08956992e-02	1.54478496e-02	1.54478496e-02	8.82450750e-01	3.12156492e-01	5.70294258e-01	-1.29068883e-01	9.69424825e-21	-9.49241946e-20	-2.07081660e-21	-9.59596029e-20	9.38887863e-20
1541            	3.08976168e-02	1.54488084e-02	1.54488084e-02	8.82557312e-01	3.12198915e-01	5.70358397e-01	-1.29079741e-01	9.69435760e-21	-9.49161980e-20	-2.08042374e-21	-9.59564098e-20	9.38759861e-20
1542            	3.08998216e-02	1.54499108e-02	1.54499108e-02	8.82661399e-01	3.12240584e-01	5.70420815e-01	-1.29090115e-01	9.69438932e-21	-9.49076604e-20	-2.08867348e-21	-9.59519971e-20	9.38633237e-20
1543            	3.09021594e-02	1.54510797e-02	1.54510797e-02	8.82762806e-01	3.12281364e-01	5.70481442e-01	-1.29100039e-01	9.69438358e-21	-9.48992154e-20	-2.09697443e-21	-9.59477026e-20	9.38507281e-20
1544            	3.09041270e-02	1.54520635e-02	1.54520635e-02	8.82859290e-01	3.12321631e-01	5.70537659e-01	-1.29108014e-01	9.69443605e-21	-9.48908708e-20	-2.10589882e-21	-9.59438203e-20	9.38379214e-20
1545            	3.09063848e-02	1.54531924e-02	1.54531924e-02	8.82954173e-01	3.12361175e-01	5.70592999e-01	-1.29115912e-01	9.69441242e-21	-9.48820595e-20	-2.11356500e-21	-9.59388420e-20	9.38252770e-20
1546            	3.09086514e-02	1.54543257e-02	1.54543257e-02	8.83045264e-01	3.12399419e-01	5.70645845e-01	-1.29123213e-01	9.69437243e-21	-9.48734966e-20	-2.12134288e-21	-9.59341680e-20	9.38128251e-20
1547            	3.09105359e-02	1.54552680e-02	1.54552680e-02	8.83131828e-01	3.12437312e-01	5.70694516e-01	-1.29128602e-01	9.69437947e-21	-9.48647903e-20	-2.12959962e-21	-9.59295901e-20	9.37999904e-20
1548            	3.09127152e-02	1.54563576e-02	1.54563576e-02	8.83215029e-01	3.12474041e-01	5.70740988e-01	-1.29133474e-01	9.69430165e-21	-9.48554056e-20	-2.13583819e-21	-9.59233247e-20	9.37874865e-20
1549            	3.09145419e-02	1.54572709e-02	1.54572709e-02	8.83294771e-01	3.12510207e-01	5.70784563e-01	-1.29137178e-01	9.69429569e-21	-9.48471159e-20	-2.14444831e-21	-9.59193400e-20	9.37748917e-20
1550            	3.09167543e-02	1.54583772e-02	1.54583772e-02	8.83372180e-01	3.12545218e-01	5.70826962e-01	-1.29140872e-01	9.69418196e-21	-9.48380571e-20	-2.15084200e-21	-9.59134781e-20	9.37626361e-20
1551            	3.09184852e-02	1.54592426e-02	1.54592426e-02	8.83444622e-01	3.12579538e-01	5.70865085e-01	-1.29142774e-01	9.69416020e-21	-9.48296750e-20	-2.15905136e-21	-9.59092007e-20	9.37501493e-20
1552            	3.09206058e-02	1.54603029e-02	1.54603029e-02	8.83514400e-01	3.12612599e-01	5.70901801e-01	-1.29144601e-01	9.69403467e-21	-9.48206081e-20	-2.16505695e-21	-9.59031366e-20	9.37380796e-20
1553            	3.09223335e-02	1.54611668e-02	1.54611668e-02	8.83579733e-01	3.12644878e-01	5.70934855e-01	-1.29144988e-01	9.69397874e-21	-9.48123344e-20	-2.17284790e-21	-9.58987583e-20	9.37259104e-20
1554            	3.09244478e-02	1.54622239e-02	1.54622239e-02	8.83642729e-01	3.12675894e-01	5.70966834e-01	-1.29145470e-01	9.69380925e-21	-9.48037141e-20	-2.17891424e-21	-9.58931712e-20	9.37142569e-20
1555            	3.09262905e-02	1.54631453e-02	1.54631453e-02	8.83702067e-01	3.12706090e-01	5.70995977e-01	-1.29144944e-01	9.69369408e-21	-9.47962530e-20	-2.18723119e-21	-9.58898686e-20	9.37026374e-20
1556            	3.09286292e-02	1.54643146e-02	1.54643146e-02	8.83759223e-01	3.12734790e-01	5.71024434e-01	-1.29144822e-01	9.69347407e-21	-9.47884953e-20	-2.19373003e-21	-9.58853603e-20	9.36916303e-20
1557            	3.09305385e-02	1.54652692e-02	1.54652692e-02	8.83810926e-01	3.12762444e-01	5.71048482e-01	-1.29143019e-01	9.69332171e-21	-9.47813903e-20	-2.20190411e-21	-9.58823423e-20	9.36804382e-20
1558            	3.09329910e-02	1.54664955e-02	1.54664955e-02	8.83861450e-01	3.12788688e-01	5.71072762e-01	-1.29142037e-01	9.69307009e-21	-9.47739422e-20	-2.20799310e-21	-9.58779388e-20	9.36699457e-20
1559            	3.09352306e-02	1.54676153e-02	1.54676153e-02	8.83909192e-01	3.12814352e-01	5.71094839e-01	-1.29140244e-01	9.69285747e-21	-9.47671807e-20	-2.21578375e-21	-9.58750726e-20	9.36592888e-20
1560            	3.09377837e-02	1.54688919e-02	1.54688919e-02	8.83953139e-01	3.12838212e-01	5.71114927e-01	-1.29138357e-01	9.69258606e-21	-9.47597602e-20	-2.22096481e-21	-9.58702426e-20	9.36492778e-20
1561            	3.09400489e-02	1.54700245e-02	1.54700245e-02	8.83993348e-01	3.12861347e-01	5.71132001e-01	-1.29135327e-01	9.69234541e-21	-9.47525325e-20	-2.22706700e-21	-9.58660660e-20	9.36389990e-20
1562            	3.09426863e-02	1.54713432e-02	1.54713432e-02	8.84031432e-01	3.12882972e-01	5.71148461e-01	-1.29132744e-01	9.69203550e-21	-9.47449387e-20	-2.23089973e-21	-9.58603885e-20	9.36294888e-20
1563            	3.09451011e-02	1.54725506e-02	1.54725506e-02	8.84066907e-01	3.12904086e-01	5.71162821e-01	-1.29129367e-01	9.69175079e-21	-9.47377803e-20	-2.23601133e-21	-9.58557859e-20	9.36197746e-20
1564            	3.09477758e-02	1.54738879e-02	1.54738879e-02	8.84098577e-01	3.12923462e-01	5.71175115e-01	-1.29125826e-01	9.69141316e-21	-9.47301565e-20	-2.23881967e-21	-9.58495664e-20	9.36107467e-20
1565            	3.09503361e-02	1.54751680e-02	1.54751680e-02	8.84127810e-01	3.12942094e-01	5.71185717e-01	-1.29121812e-01	9.69108631e-21	-9.47231878e-20	-2.24293651e-21	-9.58446560e-20	9.36017195e-20
1566            	3.09532816e-02	1.54766408e-02	1.54766408e-02	8.84154897e-01	3.12959263e-01	5.71195634e-01	-1.29118185e-01	9.69069827e-21	-9.47156805e-20	-2.24466260e-21	-9.58380118e-20	9.35933492e-20
1567            	3.09560471e-02	1.54780235e-02	1.54780235e-02	8.84179498e-01	3.12975726e-01	5.71203772e-01	-1.29114023e-01	9.69034114e-21	-9.47086275e-20	-2.24735660e-21	-9.58323058e-20	9.35849492e-20
1568            	3.09591167e-02	1.54795583e-02	1.54795583e-02	8.84201184e-01	3.12990649e-01	5.71210535e-01	-1.29109943e-01	9.68992395e-21	-9.47009287e-20	-2.24758269e-21	-9.58247201e-20	9.35771374e-20
1569            	3.09620416e-02	1.54810208e-02	1.54810208e-02	8.84220520e-01	3.13004752e-01	5.71215768e-01	-1.29105508e-01	9.68952379e-21	-9.46936309e-20	-2.24840210e-21	-9.58178319e-20	9.35694298e-20
1570            	3.09653037e-02	1.54826519e-02	1.54826519e-02	8.84237739e-01	3.13017491e-01	5.71220249e-01	-1.29101379e-01	9.68905505e-21	-9.46858422e-20	-2.24706234e-21	-9.58093734e-20	9.35623111e-20
1571            	3.09684127e-02	1.54842063e-02	1.54842063e-02	8.84252789e-01	3.13029424e-01	5.71223365e-01	-1.29096971e-01	9.68861894e-21	-9.46785531e-20	-2.24643101e-21	-9.58017686e-20	9.35553376e-20
1572            	3.09718788e-02	1.54859394e-02	1.54859394e-02	8.84265728e-01	3.13039965e-01	5.71225763e-01	-1.29092899e-01	9.68811592e-21	-9.46707287e-20	-2.24366594e-21	-9.57925617e-20	9.35488957e-20
1573            	3.09751748e-02	1.54875874e-02	1.54875874e-02	8.84276512e-01	3.13049669e-01	5.71226842e-01	-1.29088587e-01	9.68765116e-21	-9.46632977e-20	-2.24132797e-21	-9.57839616e-20	9.35426337e-20
1574            	3.09787713e-02	1.54893856e-02	1.54893856e-02	8.84285186e-01	3.13058089e-01	5.71227096e-01	-1.29084503e-01	9.68712570e-21	-9.46551626e-20	-2.23669613e-21	-9.57735106e-20	9.35368145e-20
1575            	3.09822538e-02	1.54911269e-02	1.54911269e-02	8.84292193e-01	3.13065737e-01	5.71226456e-01	-1.29080360e-01	9.68663776e-21	-9.46473553e-20	-2.23225358e-21	-9.57634821e-20	9.35312285e-20
1576            	3.09857832e-02	1.54928916e-02	1.54928916e-02	8.84297066e-01	3.13072355e-01	5.71224711e-01	-1.29076178e-01	9.68613441e-21	-9.46388345e-20	-2.22593164e-21	-9.57518003e-20	9.35258686e-20
1577            	3.09894583e-02	1.54947291e-02	1.54947291e-02	8.84298803e-01	3.13077507e-01	5.71221296e-01	-1.29071895e-01	9.68559554e-21	-9.46302592e-20	-2.21846660e-21	-9.57394925e-20	9.35210259e-20
1578            	3.09930367e-02	1.54965184e-02	1.54965184e-02	8.84300343e-01	3.13082287e-01	5.71218055e-01	-1.29067884e-01	9.68506739e-21	-9.46214647e-20	-2.21027183e-21	-9.57266006e-20	9.35163288e-20
1579            	3.09966745e-02	1.54983372e-02	1.54983372e-02	8.84300160e-01	3.13086038e-01	5.71214122e-01	-1.29064042e-01	9.68451494e-21	-9.46126357e-20	-2.20107151e-21	-9.57131715e-20	9.35120999e-20
1580            	3.10004695e-02	1.55002348e-02	1.55002348e-02	8.84296859e-01	3.13088211e-01	5.71208648e-01	-1.29060219e-01	9.68392846e-21	-9.46041809e-20	-2.19137548e-21	-9.56998686e-20	9.35084932e-20
1581            	3.10042305e-02	1.55021152e-02	1.55021152e-02	8.84294187e-01	3.13090103e-01	5.71204084e-01	-1.29056990e-01	9.68334200e-21	-9.45955550e-20	-2.18113864e-21	-9.56861243e-20	9.35049857e-20
1582            	3.10081133e-02	1.55040566e-02	1.55040566e-02	8.84290447e-01	3.13091062e-01	5.71199385e-01	-1.29054161e-01	9.68274297e-21	-9.45868267e-20	-2.16977379e-21	-9.56717136e-20	9.35019398e-20
1583            	3.10121526e-02	1.55060763e-02	1.55060763e-02	8.84283820e-01	3.13090505e-01	5.71193316e-01	-1.29051406e-01	9.68211683e-21	-9.45785789e-20	-2.15816476e-21	-9.56576613e-20	9.34994965e-20
1584            	3.10162107e-02	1.55081054e-02	1.55081054e-02	8.84278426e-01	3.13089716e-01	5.71188710e-01	-1.29049497e-01	9.68148665e-21	-9.45701913e-20	-2.14600829e-21	-9.56431954e-20	9.34971871e-20
1585            	3.10205278e-02	1.55102639e-02	1.55102639e-02	8.84272165e-01	3.13087912e-01	5.71184253e-01	-1.29048171e-01	9.68081794e-21	-9.45615418e-20	-2.13236827e-21	-9.56277259e-20	9.34953576e-20
1586            	3.10247882e-02	1.55123941e-02	1.55123941e-02	8.84265551e-01	3.13085446e-01	5.71180104e-01	-1.29047329e-01	9.68018107e-21	-9.45536502e-20	-2.11935787e-21	-9.56133292e-20	9.34939713e-20
1587            	3.10293050e-02	1.55146525e-02	1.55146525e-02	8.84258748e-01	3.13082057e-01	5.71176691e-01	-1.29047317e-01	9.67949950e-21	-9.45455533e-20	-2.10511245e-21	-9.55981095e-20	9.34929971e-20
1588            	3.10339160e-02	1.55169580e-02	1.55169580e-02	8.84251830e-01	3.13077931e-01	5.71173899e-01	-1.29047984e-01	9.67880006e-21	-9.45372607e-20	-2.08985443e-21	-9.55821879e-20	9.34923335e-20
1589            	3.10386373e-02	1.55193186e-02	1.55193186e-02	8.84244749e-01	3.13073046e-01	5.71171703e-01	-1.29049328e-01	9.67808489e-21	-9.45290558e-20	-2.07394804e-21	-9.55660298e-20	9.34920817e-20
1590            	3.10434435e-02	1.55217218e-02	1.55217218e-02	8.84237639e-01	3.13067456e-01	5.71170183e-01	-1.29051364e-01	9.67736699e-21	-9.45206094e-20	-2.05695187e-21	-9.55490854e-20	9.34921335e-20
1591            	3.10483100e-02	1.55241550e-02	1.55241550e-02	8.84230504e-01	3.13061259e-01	5.71169246e-01	-1.29053993e-01	9.67665077e-21	-9.45118380e-20	-2.03875517e-21	-9.55312156e-20	9.34924604e-20
1592            	3.10532358e-02	1.55266179e-02	1.55266179e-02	8.84223509e-01	3.13054482e-01	5.71169027e-01	-1.29057272e-01	9.67592975e-21	-9.45029206e-20	-2.01962611e-21	-9.55127336e-20	9.34931075e-20
1593            	3.10582225e-02	1.55291112e-02	1.55291112e-02	8.84216748e-01	3.13047186e-01	5.71169562e-01	-1.29061188e-01	9.67520542e-21	-9.44938827e-20	-1.99963109e-21	-9.54936983e-20	9.34940672e-20
1594            	3.10632453e-02	1.55316226e-02	1.55316226e-02	8.84210337e-01	3.13039465e-01	5.71170872e-01	-1.29065703e-01	9.67448143e-21	-9.44847001e-20	-1.97877480e-21	-9.54740875e-20	9.34953127e-20
1595            	3.10683538e-02	1.55341769e-02	1.55341769e-02	8.84204484e-01	3.13031276e-01	5.71173208e-01	-1.29070966e-01	9.67375074e-21	-9.44754989e-20	-1.95720471e-21	-9.54541012e-20	9.34968965e-20
1596            	3.10735165e-02	1.55367582e-02	1.55367582e-02	8.84199266e-01	3.13022716e-01	5.71176549e-01	-1.29076916e-01	9.67301930e-21	-9.44661955e-20	-1.93484985e-21	-9.54336204e-20	9.34987705e-20
1597            	3.10787342e-02	1.55393671e-02	1.55393671e-02	8.84194689e-01	3.13013808e-01	5.71180881e-01	-1.29083536e-01	9.67228862e-21	-9.44568099e-20	-1.91174119e-21	-9.54126805e-20	9.35009393e-20
1598            	3.10839973e-02	1.55419986e-02	1.55419986e-02	8.84191006e-01	3.13004607e-01	5.71186399e-01	-1.29090896e-01	9.67155831e-21	-9.44473462e-20	-1.88793164e-21	-9.53913120e-20	9.35033804e-20
1599            	3.10892852e-02	1.55446426e-02	1.55446426e-02	8.84188287e-01	3.12995203e-01	5.71193084e-01	-1.29098940e-01	9.67082824e-21	-9.44374170e-20	-1.86275021e-21	-9.53687921e-20	9.35060419e-20
1600            	3.10945125e-02	1.55472562e-02	1.55472562e-02	8.84186230e-01	3.12985654e-01	5.71200575e-01	-1.29107460e-01	9.67011299e-21	-9.44273585e-20	-1.83691239e-21	-9.53458147e-20	9.35089023e-20
1601            	3.10997422e-02	1.55498711e-02	1.55498711e-02	8.84185066e-01	3.12975918e-01	5.71209148e-01	-1.29116615e-01	9.66940173e-21	-9.44171025e-20	-1.81022187e-21	-9.53222134e-20	9.35119916e-20
1602            	3.11049849e-02	1.55524925e-02	1.55524925e-02	8.84185088e-01	3.12966070e-01	5.71219017e-01	-1.29126474e-01	9.66869325e-21	-9.44069148e-20	-1.78315306e-21	-9.52984913e-20	9.35153382e-20
1603            	3.11102661e-02	1.55551331e-02	1.55551331e-02	8.84186913e-01	3.12956211e-01	5.71230701e-01	-1.29137245e-01	9.66798308e-21	-9.43969015e-20	-1.75590127e-21	-9.52748522e-20	9.35189509e-20
1604            	3.11156142e-02	1.55578071e-02	1.55578071e-02	8.84190059e-01	3.12946246e-01	5.71243813e-01	-1.29148784e-01	9.66727610e-21	-9.43869984e-20	-1.72833257e-21	-9.52511646e-20	9.35228321e-20
1605            	3.11210192e-02	1.55605096e-02	1.55605096e-02	8.84194944e-01	3.12936253e-01	5.71258691e-01	-1.29161219e-01	9.66657336e-21	-9.43771203e-20	-1.70040464e-21	-9.52273226e-20	9.35269180e-20
1606            	3.11264446e-02	1.55632223e-02	1.55632223e-02	8.84201631e-01	3.12926377e-01	5.71275254e-01	-1.29174438e-01	9.66588456e-21	-9.43671696e-20	-1.67203520e-21	-9.52031872e-20	9.35311520e-20
1607            	3.11319336e-02	1.55659668e-02	1.55659668e-02	8.84209535e-01	3.12916435e-01	5.71293100e-01	-1.29188333e-01	9.66517917e-21	-9.43569233e-20	-1.64292797e-21	-9.51783873e-20	9.35354593e-20
1608            	3.11374344e-02	1.55687172e-02	1.55687172e-02	8.84220402e-01	3.12906930e-01	5.71313472e-01	-1.29203271e-01	9.66451507e-21	-9.43469015e-20	-1.61363023e-21	-9.51537166e-20	9.35400864e-20
1609            	3.11430413e-02	1.55715206e-02	1.55715206e-02	8.84233660e-01	3.12897624e-01	5.71336037e-01	-1.29219206e-01	9.66383169e-21	-9.43362873e-20	-1.58294136e-21	-9.51277580e-20	9.35448167e-20
1610            	3.11485743e-02	1.55742872e-02	1.55742872e-02	8.84247327e-01	3.12888370e-01	5.71358957e-01	-1.29235294e-01	9.66315344e-21	-9.43259689e-20	-1.55273885e-21	-9.51023383e-20	9.35495995e-20
1611            	3.11541595e-02	1.55770798e-02	1.55770798e-02	8.84264787e-01	3.12879696e-01	5.71385091e-01	-1.29252698e-01	9.66248316e-21	-9.43154167e-20	-1.52173822e-21	-9.50762858e-20	9.35545476e-20
1612            	3.11597658e-02	1.55798829e-02	1.55798829e-02	8.84284460e-01	3.12871301e-01	5.71413159e-01	-1.29270929e-01	9.66179852e-21	-9.43043983e-20	-1.49004241e-21	-9.50494195e-20	9.35593771e-20
1613            	3.11653406e-02	1.55826703e-02	1.55826703e-02	8.84306331e-01	3.12863377e-01	5.71442954e-01	-1.29289789e-01	9.66117413e-21	-9.42942610e-20	-1.45932991e-21	-9.50239260e-20	9.35645961e-20
1614            	3.11710835e-02	1.55855418e-02	1.55855418e-02	8.84331373e-01	3.12855809e-01	5.71475563e-01	-1.29309877e-01	9.66051475e-21	-9.42836649e-20	-1.42772455e-21	-9.49975272e-20	9.35698026e-20
1615            	3.11768046e-02	1.55884023e-02	1.55884023e-02	8.84358185e-01	3.12848591e-01	5.71509595e-01	-1.29330502e-01	9.65985937e-21	-9.42729192e-20	-1.39615971e-21	-9.49709991e-20	9.35748394e-20
1616            	3.11825349e-02	1.55912674e-02	1.55912674e-02	8.84388433e-01	3.12842115e-01	5.71546318e-01	-1.29352101e-01	9.65925179e-21	-9.42622955e-20	-1.36446943e-21	-9.49445302e-20	9.35800607e-20
1617            	3.11882972e-02	1.55941486e-02	1.55941486e-02	8.84421283e-01	3.12836204e-01	5.71585079e-01	-1.29374438e-01	9.65864933e-21	-9.42511733e-20	-1.33199643e-21	-9.49171715e-20	9.35851750e-20
1618            	3.11939638e-02	1.55969819e-02	1.55969819e-02	8.84455237e-01	3.12830703e-01	5.71624533e-01	-1.29396915e-01	9.65805986e-21	-9.42401490e-20	-1.30003977e-21	-9.48901689e-20	9.35901291e-20
1619            	3.11996343e-02	1.55998171e-02	1.55998171e-02	8.84493143e-01	3.12826166e-01	5.71666977e-01	-1.29420405e-01	9.65748965e-21	-9.42287466e-20	-1.26725137e-21	-9.48623723e-20	9.35951209e-20
1620            	3.12052487e-02	1.56026244e-02	1.56026244e-02	8.84533415e-01	3.12822237e-01	5.71711178e-01	-1.29444471e-01	9.65690464e-21	-9.42168199e-20	-1.23396657e-21	-9.48338032e-20	9.35998366e-20
1621            	3.12107624e-02	1.56053812e-02	1.56053812e-02	8.84575702e-01	3.12819024e-01	5.71756678e-01	-1.29468827e-01	9.65639043e-21	-9.42058769e-20	-1.20200510e-21	-9.48068795e-20	9.36048744e-20
1622            	3.12163024e-02	1.56081512e-02	1.56081512e-02	8.84620815e-01	3.12816513e-01	5.71804302e-01	-1.29493894e-01	9.65583028e-21	-9.41939996e-20	-1.16900843e-21	-9.47785038e-20	9.36094954e-20
1623            	3.12217504e-02	1.56108752e-02	1.56108752e-02	8.84668539e-01	3.12814838e-01	5.71853701e-01	-1.29519431e-01	9.65533992e-21	-9.41827588e-20	-1.13688247e-21	-9.47512000e-20	9.36143176e-20
1624            	3.12271760e-02	1.56135880e-02	1.56135880e-02	8.84718869e-01	3.12813852e-01	5.71905017e-01	-1.29545583e-01	9.65481744e-21	-9.41708127e-20	-1.10415410e-21	-9.47228897e-20	9.36187356e-20
1625            	3.12324931e-02	1.56162465e-02	1.56162465e-02	8.84771507e-01	3.12813745e-01	5.71957762e-01	-1.29572008e-01	9.65437015e-21	-9.41595294e-20	-1.07238751e-21	-9.46957232e-20	9.36233356e-20
1626            	3.12378326e-02	1.56189163e-02	1.56189163e-02	8.84827167e-01	3.12814482e-01	5.72012684e-01	-1.29599101e-01	9.65390793e-21	-9.41476666e-20	-1.03996522e-21	-9.46676492e-20	9.36276840e-20
1627            	3.12430408e-02	1.56215204e-02	1.56215204e-02	8.84884634e-01	3.12815952e-01	5.72068682e-01	-1.29626365e-01	9.65345305e-21	-9.41358951e-20	-1.00833649e-21	-9.46400633e-20	9.36317268e-20
1628            	3.12482001e-02	1.56241000e-02	1.56241000e-02	8.84945247e-01	3.12818421e-01	5.72126826e-01	-1.29654202e-01	9.65303900e-21	-9.41243831e-20	-9.77111879e-22	-9.46129391e-20	9.36358272e-20
1629            	3.12534405e-02	1.56267203e-02	1.56267203e-02	8.85009040e-01	3.12821619e-01	5.72187421e-01	-1.29682901e-01	9.65257896e-21	-9.41124018e-20	-9.45582523e-22	-9.45851931e-20	9.36396105e-20
1630            	3.12585989e-02	1.56292995e-02	1.56292995e-02	8.85075190e-01	3.12825777e-01	5.72249413e-01	-1.29711818e-01	9.65219150e-21	-9.41012924e-20	-9.15371912e-22	-9.45589783e-20	9.36436064e-20
1631            	3.12638028e-02	1.56319014e-02	1.56319014e-02	8.85144364e-01	3.12830768e-01	5.72313596e-01	-1.29741414e-01	9.65175094e-21	-9.40893979e-20	-8.84575584e-22	-9.45316857e-20	9.36471101e-20
1632            	3.12688829e-02	1.56344414e-02	1.56344414e-02	8.85215890e-01	3.12836760e-01	5.72379129e-01	-1.29771185e-01	9.65138847e-21	-9.40781269e-20	-8.54865334e-22	-9.45055596e-20	9.36506942e-20
1633            	3.12740167e-02	1.56370084e-02	1.56370084e-02	8.85290362e-01	3.12843603e-01	5.72446758e-01	-1.29801578e-01	9.65101315e-21	-9.40665694e-20	-8.25082198e-22	-9.44791104e-20	9.36540283e-20
1634            	3.12790286e-02	1.56395143e-02	1.56395143e-02	8.85366814e-01	3.12851323e-01	5.72515491e-01	-1.29832084e-01	9.65064458e-21	-9.40550353e-20	-7.96153971e-22	-9.44531123e-20	9.36569584e-20
1635            	3.12839614e-02	1.56419807e-02	1.56419807e-02	8.85446167e-01	3.12860138e-01	5.72586029e-01	-1.29862946e-01	9.65032061e-21	-9.40437301e-20	-7.67830175e-22	-9.44276452e-20	9.36598151e-20
1636            	3.12889602e-02	1.56444801e-02	1.56444801e-02	8.85528283e-01	3.12869785e-01	5.72658498e-01	-1.29894356e-01	9.64999500e-21	-9.40322920e-20	-7.39598036e-22	-9.44020910e-20	9.36624930e-20
1637            	3.12938222e-02	1.56469111e-02	1.56469111e-02	8.85612206e-01	3.12880313e-01	5.72731893e-01	-1.29925790e-01	9.64968040e-21	-9.40210235e-20	-7.12510543e-22	-9.43772787e-20	9.36647682e-20
1638            	3.12985736e-02	1.56492868e-02	1.56492868e-02	8.85698677e-01	3.12891968e-01	5.72806709e-01	-1.29957371e-01	9.64940945e-21	-9.40099420e-20	-6.86167997e-22	-9.43530260e-20	9.36668580e-20
1639            	3.13034283e-02	1.56517142e-02	1.56517142e-02	8.85788187e-01	3.12904397e-01	5.72883790e-01	-1.29989697e-01	9.64910121e-21	-9.39982978e-20	-6.59468586e-22	-9.43280321e-20	9.36685636e-20
1640            	3.13080787e-02	1.56540393e-02	1.56540393e-02	8.85879043e-01	3.12917851e-01	5.72961192e-01	-1.30021671e-01	9.64888477e-21	-9.39877906e-20	-6.34955002e-22	-9.43052681e-20	9.36703131e-20
1641            	3.13128313e-02	1.56564156e-02	1.56564156e-02	8.85973067e-01	3.12932239e-01	5.73040827e-01	-1.30054294e-01	9.64864162e-21	-9.39767231e-20	-6.10097339e-22	-9.42817718e-20	9.36716745e-20
1642            	3.13173901e-02	1.56586950e-02	1.56586950e-02	8.86068612e-01	3.12947632e-01	5.73120981e-01	-1.30086675e-01	9.64843752e-21	-9.39656575e-20	-5.86015479e-22	-9.42586652e-20	9.36726498e-20
1643            	3.13219232e-02	1.56609616e-02	1.56609616e-02	8.86166652e-01	3.12964038e-01	5.73202614e-01	-1.30119288e-01	9.64821636e-21	-9.39537750e-20	-5.61335816e-22	-9.42344429e-20	9.36731071e-20
1644            	3.13262492e-02	1.56631246e-02	1.56631246e-02	8.86265797e-01	3.12981504e-01	5.73284293e-01	-1.30151394e-01	9.64805875e-21	-9.39424139e-20	-5.37864891e-22	-9.42113463e-20	9.36734814e-20
1645            	3.13305877e-02	1.56652939e-02	1.56652939e-02	8.86367167e-01	3.12999868e-01	5.73367300e-01	-1.30183716e-01	9.64788893e-21	-9.39307592e-20	-5.14380267e-22	-9.41879493e-20	9.36735691e-20
1646            	3.13347245e-02	1.56673622e-02	1.56673622e-02	8.86469746e-01	3.13019146e-01	5.73450600e-01	-1.30215727e-01	9.64772958e-21	-9.39190576e-20	-4.91789340e-22	-9.41649523e-20	9.36731629e-20
1647            	3.13386577e-02	1.56693289e-02	1.56693289e-02	8.86573290e-01	3.13039456e-01	5.73533834e-01	-1.30247189e-01	9.64761627e-21	-9.39076523e-20	-4.70225643e-22	-9.41427651e-20	9.36725395e-20
1648            	3.13426901e-02	1.56713451e-02	1.56713451e-02	8.86679263e-01	3.13060590e-01	5.73618672e-01	-1.30279041e-01	9.64748828e-21	-9.38962148e-20	-4.48947249e-22	-9.41206884e-20	9.36717411e-20
1649            	3.13464609e-02	1.56732304e-02	1.56732304e-02	8.86785955e-01	3.13082571e-01	5.73703384e-01	-1.30310407e-01	9.64738039e-21	-9.38847505e-20	-4.28667060e-22	-9.40990840e-20	9.36704170e-20
1650            	3.13500205e-02	1.56750103e-02	1.56750103e-02	8.86893233e-01	3.13105553e-01	5.73787680e-01	-1.30341063e-01	9.64732413e-21	-9.38735647e-20	-4.09504294e-22	-9.40783168e-20	9.36688125e-20
1651            	3.13536936e-02	1.56768468e-02	1.56768468e-02	8.87002970e-01	3.13129368e-01	5.73873602e-01	-1.30372117e-01	9.64725082e-21	-9.38623055e-20	-3.90587856e-22	-9.40575994e-20	9.36670115e-20
1652            	3.13571494e-02	1.56785747e-02	1.56785747e-02	8.87113306e-01	3.13153918e-01	5.73959388e-01	-1.30402735e-01	9.64718360e-21	-9.38512944e-20	-3.73034857e-22	-9.40378118e-20	9.36647770e-20
1653            	3.13604189e-02	1.56802095e-02	1.56802095e-02	8.87223861e-01	3.13179375e-01	5.74044487e-01	-1.30432556e-01	9.64716704e-21	-9.38406269e-20	-3.56683697e-22	-9.40189687e-20	9.36622850e-20
1654            	3.13638033e-02	1.56819017e-02	1.56819017e-02	8.87336621e-01	3.13205590e-01	5.74131031e-01	-1.30462721e-01	9.64712676e-21	-9.38300245e-20	-3.40810676e-22	-9.40004299e-20	9.36596192e-20
1655            	3.13671020e-02	1.56835510e-02	1.56835510e-02	8.87450328e-01	3.13232440e-01	5.74217888e-01	-1.30492724e-01	9.64707738e-21	-9.38197654e-20	-3.26324910e-22	-9.39829279e-20	9.36566030e-20
1656            	3.13702057e-02	1.56851029e-02	1.56851029e-02	8.87563979e-01	3.13260153e-01	5.74303827e-01	-1.30521837e-01	9.64708617e-21	-9.38096222e-20	-3.12761211e-22	-9.39660028e-20	9.36532416e-20
1657            	3.13734637e-02	1.56867319e-02	1.56867319e-02	8.87679574e-01	3.13288562e-01	5.74391012e-01	-1.30551225e-01	9.64706940e-21	-9.37993626e-20	-2.99343560e-22	-9.39490344e-20	9.36496908e-20
1658            	3.13765229e-02	1.56882615e-02	1.56882615e-02	8.87795228e-01	3.13317529e-01	5.74477699e-01	-1.30580085e-01	9.64705757e-21	-9.37892801e-20	-2.87135386e-22	-9.39328478e-20	9.36457124e-20
1659            	3.13793953e-02	1.56896976e-02	1.56896976e-02	8.87910414e-01	3.13347274e-01	5.74563140e-01	-1.30607933e-01	9.64709219e-21	-9.37794130e-20	-2.75949585e-22	-9.39173878e-20	9.36414382e-20
1660            	3.13824401e-02	1.56912200e-02	1.56912200e-02	8.88027180e-01	3.13377630e-01	5.74649550e-01	-1.30635960e-01	9.64709064e-21	-9.37692864e-20	-2.64568411e-22	-9.39015707e-20	9.36370022e-20
1661            	3.13853390e-02	1.56926695e-02	1.56926695e-02	8.88143976e-01	3.13408491e-01	5.74735485e-01	-1.30663497e-01	9.64708543e-21	-9.37595778e-20	-2.54725252e-22	-9.38869404e-20	9.36322151e-20
1662            	3.13880274e-02	1.56940137e-02	1.56940137e-02	8.88259824e-01	3.13440047e-01	5.74819777e-01	-1.30689865e-01	9.64713297e-21	-9.37501735e-20	-2.46106036e-22	-9.38732265e-20	9.36271205e-20
1663            	3.13908408e-02	1.56954204e-02	1.56954204e-02	8.88376648e-01	3.13472087e-01	5.74904562e-01	-1.30716237e-01	9.64715668e-21	-9.37407082e-20	-2.37741173e-22	-9.38595788e-20	9.36218376e-20
1664            	3.13935510e-02	1.56967755e-02	1.56967755e-02	8.88493363e-01	3.13504500e-01	5.74988862e-01	-1.30742181e-01	9.64717831e-21	-9.37314686e-20	-2.30557058e-22	-9.38467471e-20	9.36161900e-20
1665            	3.13960563e-02	1.56980282e-02	1.56980282e-02	8.88608701e-01	3.13537501e-01	5.75071200e-01	-1.30766849e-01	9.64725405e-21	-9.37225940e-20	-2.24710474e-22	-9.38349493e-20	9.36102388e-20
1666            	3.13987298e-02	1.56993649e-02	1.56993649e-02	8.88725050e-01	3.13570918e-01	5.75154132e-01	-1.30791607e-01	9.64729522e-21	-9.37136271e-20	-2.18985296e-22	-9.38231198e-20	9.36041345e-20
1667            	3.14011909e-02	1.57005954e-02	1.57005954e-02	8.88840048e-01	3.13604531e-01	5.75235517e-01	-1.30815493e-01	9.64734776e-21	-9.37048681e-20	-2.14444943e-22	-9.38120906e-20	9.35976457e-20
1668            	3.14034919e-02	1.57017460e-02	1.57017460e-02	8.88953971e-01	3.13638765e-01	5.75315206e-01	-1.30838221e-01	9.64745128e-21	-9.36963728e-20	-2.11068766e-22	-9.38019072e-20	9.35908384e-20
1669            	3.14058896e-02	1.57029448e-02	1.57029448e-02	8.89068004e-01	3.13673309e-01	5.75394695e-01	-1.30860693e-01	9.64753160e-21	-9.36876298e-20	-2.07599666e-22	-9.37914297e-20	9.35838300e-20
1670            	3.14081225e-02	1.57040613e-02	1.57040613e-02	8.89180567e-01	3.13707933e-01	5.75472634e-01	-1.30882351e-01	9.64761328e-21	-9.36791770e-20	-2.05314236e-22	-9.37818341e-20	9.35765199e-20
1671            	3.14100468e-02	1.57050234e-02	1.57050234e-02	8.89290901e-01	3.13743026e-01	5.75547874e-01	-1.30902424e-01	9.64775574e-21	-9.36707298e-20	-2.03843511e-22	-9.37726516e-20	9.35688080e-20
1672            	3.14122522e-02	1.57061261e-02	1.57061261e-02	8.89401811e-01	3.13778313e-01	5.75623498e-01	-1.30922592e-01	9.64784292e-21	-9.36619677e-20	-2.01840895e-22	-9.37628881e-20	9.35610472e-20
1673            	3.14142433e-02	1.57071217e-02	1.57071217e-02	8.89511088e-01	3.13813644e-01	5.75697445e-01	-1.30941900e-01	9.64793496e-21	-9.36535456e-20	-2.01114788e-22	-9.37541030e-20	9.35529882e-20
1674            	3.14159780e-02	1.57079890e-02	1.57079890e-02	8.89617891e-01	3.13849323e-01	5.75768568e-01	-1.30959622e-01	9.64807273e-21	-9.36450397e-20	-2.00884197e-22	-9.37454818e-20	9.35445976e-20
1675            	3.14179671e-02	1.57089836e-02	1.57089836e-02	8.89724192e-01	3.13884875e-01	5.75839317e-01	-1.30977221e-01	9.64812977e-21	-9.36359275e-20	-1.99590268e-22	-9.37357226e-20	9.35361323e-20
1676            	3.14195159e-02	1.57097579e-02	1.57097579e-02	8.89828191e-01	3.13920787e-01	5.75907404e-01	-1.30993309e-01	9.64827438e-21	-9.36279505e-20	-2.01082309e-22	-9.37284917e-20	9.35274093e-20
1677            	3.14212627e-02	1.57106313e-02	1.57106313e-02	8.89931318e-01	3.13956578e-01	5.75974741e-01	-1.31009082e-01	9.64834879e-21	-9.36193541e-20	-2.01421229e-22	-9.37200647e-20	9.35186435e-20
1678            	3.14227998e-02	1.57113999e-02	1.57113999e-02	8.90032162e-01	3.13992367e-01	5.76039795e-01	-1.31023714e-01	9.64843182e-21	-9.36114446e-20	-2.03516545e-22	-9.37132029e-20	9.35096863e-20
1679            	3.14244722e-02	1.57122361e-02	1.57122361e-02	8.90132186e-01	3.14028107e-01	5.76104079e-01	-1.31037986e-01	9.64848396e-21	-9.36037441e-20	-2.06051937e-22	-9.37067701e-20	9.35007181e-20
1680            	3.14260067e-02	1.57130033e-02	1.57130033e-02	8.90229405e-01	3.14063573e-01	5.76165831e-01	-1.31051129e-01	9.64854662e-21	-9.35965411e-20	-2.09847346e-22	-9.37014648e-20	9.34916175e-20
1681            	3.14276759e-02	1.57138379e-02	1.57138379e-02	8.90326263e-01	3.14099037e-01	5.76227226e-01	-1.31064094e-01	9.64858456e-21	-9.35892932e-20	-2.13761555e-22	-9.36961740e-20	9.34824124e-20
1682            	3.14291993e-02	1.57145996e-02	1.57145996e-02	8.90419749e-01	3.14134083e-01	5.76285665e-01	-1.31075791e-01	9.64864047e-21	-9.35823977e-20	-2.18659593e-22	-9.36917275e-20	9.34730679e-20
1683            	3.14308286e-02	1.57154143e-02	1.57154143e-02	8.90512629e-01	3.14169080e-01	5.76343549e-01	-1.31087235e-01	9.64867566e-21	-9.35755207e-20	-2.23810198e-22	-9.36874258e-20	9.34636156e-20
1684            	3.14324422e-02	1.57162211e-02	1.57162211e-02	8.90602357e-01	3.14203362e-01	5.76398996e-01	-1.31097817e-01	9.64869326e-21	-9.35688831e-20	-2.29481468e-22	-9.36836239e-20	9.34541424e-20
1685            	3.14339789e-02	1.57169895e-02	1.57169895e-02	8.90691003e-01	3.14237794e-01	5.76453209e-01	-1.31107708e-01	9.64874731e-21	-9.35626510e-20	-2.36304975e-22	-9.36808035e-20	9.34444985e-20
1686            	3.14358108e-02	1.57179054e-02	1.57179054e-02	8.90778452e-01	3.14271616e-01	5.76506836e-01	-1.31117610e-01	9.64873151e-21	-9.35560157e-20	-2.42240350e-22	-9.36771358e-20	9.34348955e-20
1687            	3.14371996e-02	1.57185998e-02	1.57185998e-02	8.90861575e-01	3.14305089e-01	5.76556486e-01	-1.31125698e-01	9.64880261e-21	-9.35502664e-20	-2.50377836e-22	-9.36754553e-20	9.34250775e-20
1688            	3.14390101e-02	1.57195050e-02	1.57195050e-02	8.90944496e-01	3.14338056e-01	5.76606440e-01	-1.31134192e-01	9.64877394e-21	-9.35436937e-20	-2.56707221e-22	-9.36720474e-20	9.34153401e-20
1689            	3.14404974e-02	1.57202487e-02	1.57202487e-02	8.91023966e-01	3.14370775e-01	5.76653191e-01	-1.31141208e-01	9.64881993e-21	-9.35377904e-20	-2.64762688e-22	-9.36701718e-20	9.34054091e-20
1690            	3.14422300e-02	1.57211150e-02	1.57211150e-02	8.91101272e-01	3.14402656e-01	5.76698616e-01	-1.31147980e-01	9.64878637e-21	-9.35312672e-20	-2.71351165e-22	-9.36669427e-20	9.33955916e-20
1691            	3.14437910e-02	1.57218955e-02	1.57218955e-02	8.91176322e-01	3.14434339e-01	5.76741984e-01	-1.31153822e-01	9.64879040e-21	-9.35252253e-20	-2.79070302e-22	-9.36647605e-20	9.33856902e-20
1692            	3.14456323e-02	1.57228161e-02	1.57228161e-02	8.91249649e-01	3.14465214e-01	5.76784435e-01	-1.31159610e-01	9.64871216e-21	-9.35186674e-20	-2.85450368e-22	-9.36613926e-20	9.33759422e-20
1693            	3.14471145e-02	1.57235572e-02	1.57235572e-02	8.91319476e-01	3.14495718e-01	5.76823759e-01	-1.31164021e-01	9.64869924e-21	-9.35128883e-20	-2.93606146e-22	-9.36596914e-20	9.33660853e-20
1694            	3.14488694e-02	1.57244347e-02	1.57244347e-02	8.91386985e-01	3.14525241e-01	5.76861744e-01	-1.31168251e-01	9.64861233e-21	-9.35062861e-20	-2.99866109e-22	-9.36562192e-20	9.33563531e-20
1695            	3.14502511e-02	1.57251255e-02	1.57251255e-02	8.91450993e-01	3.14554406e-01	5.76896587e-01	-1.31171090e-01	9.64859022e-21	-9.35003508e-20	-3.07714698e-22	-9.36542081e-20	9.33464934e-20
1696            	3.14518868e-02	1.57259434e-02	1.57259434e-02	8.91512643e-01	3.14582587e-01	5.76930056e-01	-1.31173734e-01	9.64849498e-21	-9.34936627e-20	-3.13737827e-22	-9.36505316e-20	9.33367938e-20
1697            	3.14531258e-02	1.57265629e-02	1.57265629e-02	8.91570458e-01	3.14610292e-01	5.76960166e-01	-1.31174937e-01	9.64846890e-21	-9.34878472e-20	-3.21665687e-22	-9.36486801e-20	9.33270144e-20
1698            	3.14546603e-02	1.57273302e-02	1.57273302e-02	8.91626664e-01	3.14637137e-01	5.76989527e-01	-1.31176195e-01	9.64835903e-21	-9.34812786e-20	-3.27732060e-22	-9.36451447e-20	9.33174126e-20
1699            	3.14558139e-02	1.57279070e-02	1.57279070e-02	8.91679105e-01	3.14663433e-01	5.77015672e-01	-1.31176120e-01	9.64832516e-21	-9.34756630e-20	-3.35764456e-22	-9.36435453e-20	9.33077808e-20
1700            	3.14573074e-02	1.57286537e-02	1.57286537e-02	8.91729828e-01	3.14688755e-01	5.77041073e-01	-1.31176159e-01	9.64820301e-21	-9.34693684e-20	-3.41957590e-22	-9.36403472e-20	9.32983896e-20
1701            	3.14583474e-02	1.57291737e-02	1.57291737e-02	8.91776469e-01	3.14713465e-01	5.77063004e-01	-1.31174769e-01	9.64816110e-21	-9.34638718e-20	-3.49888440e-22	-9.36388160e-20	9.32889276e-20
1702            	3.14597720e-02	1.57298860e-02	1.57298860e-02	8.91821689e-01	3.14737176e-01	5.77084513e-01	-1.31173668e-01	9.64801262e-21	-9.34575398e-20	-3.55507570e-22	-9.36352936e-20	9.32797860e-20
1703            	3.14608221e-02	1.57304111e-02	1.57304111e-02	8.91863194e-01	3.14760239e-01	5.77102955e-01	-1.31171358e-01	9.64792797e-21	-9.34523086e-20	-3.63180843e-22	-9.36338990e-20	9.32707182e-20
1704            	3.14622176e-02	1.57311088e-02	1.57311088e-02	8.91903181e-01	3.14782260e-01	5.77120921e-01	-1.31169331e-01	9.64774875e-21	-9.34467769e-20	-3.69538684e-22	-9.36315462e-20	9.32620075e-20
1705            	3.14633732e-02	1.57316866e-02	1.57316866e-02	8.91940095e-01	3.14803570e-01	5.77136525e-01	-1.31166478e-01	9.64762347e-21	-9.34420476e-20	-3.77285734e-22	-9.36306904e-20	9.32534047e-20
1706            	3.14648538e-02	1.57324269e-02	1.57324269e-02	8.91975351e-01	3.14823813e-01	5.77151538e-01	-1.31163863e-01	9.64741876e-21	-9.34368677e-20	-3.83547041e-22	-9.36286413e-20	9.32450942e-20
1707            	3.14661623e-02	1.57330811e-02	1.57330811e-02	8.92008121e-01	3.14843402e-01	5.77164719e-01	-1.31160659e-01	9.64726092e-21	-9.34324052e-20	-3.90973269e-22	-9.36278918e-20	9.32369186e-20
1708            	3.14677220e-02	1.57338610e-02	1.57338610e-02	8.92038800e-01	3.14861867e-01	5.77176932e-01	-1.31157533e-01	9.64703651e-21	-9.34273163e-20	-3.96642519e-22	-9.36256375e-20	9.32289950e-20
1709            	3.14690616e-02	1.57345308e-02	1.57345308e-02	8.92066197e-01	3.14879506e-01	5.77186691e-01	-1.31153592e-01	9.64686244e-21	-9.34228656e-20	-4.03323723e-22	-9.36245275e-20	9.32212038e-20
1710            	3.14706788e-02	1.57353394e-02	1.57353394e-02	8.92092171e-01	3.14896174e-01	5.77195997e-01	-1.31149911e-01	9.64661928e-21	-9.34178322e-20	-4.08254363e-22	-9.36219594e-20	9.32137050e-20
1711            	3.14720605e-02	1.57360303e-02	1.57360303e-02	8.92115372e-01	3.14912167e-01	5.77203205e-01	-1.31145519e-01	9.64642361e-21	-9.34134356e-20	-4.14262523e-22	-9.36205669e-20	9.32063044e-20
1712            	3.14737789e-02	1.57368895e-02	1.57368895e-02	8.92137046e-01	3.14927006e-01	5.77210040e-01	-1.31141517e-01	9.64614981e-21	-9.34082465e-20	-4.17900551e-22	-9.36171968e-20	9.31992963e-20
1713            	3.14752569e-02	1.57376285e-02	1.57376285e-02	8.92155935e-01	3.14941124e-01	5.77214811e-01	-1.31136843e-01	9.64591134e-21	-9.34037139e-20	-4.22612515e-22	-9.36150202e-20	9.31924076e-20
1714            	3.14770064e-02	1.57385032e-02	1.57385032e-02	8.92173156e-01	3.14954127e-01	5.77219029e-01	-1.31132451e-01	9.64561475e-21	-9.33987843e-20	-4.25684118e-22	-9.36116264e-20	9.31859422e-20
1715            	3.14785960e-02	1.57392980e-02	1.57392980e-02	8.92188515e-01	3.14966597e-01	5.77221918e-01	-1.31127660e-01	9.64534472e-21	-9.33941845e-20	-4.29291900e-22	-9.36088304e-20	9.31795385e-20
1716            	3.14803828e-02	1.57401914e-02	1.57401914e-02	8.92201471e-01	3.14977806e-01	5.77223665e-01	-1.31122930e-01	9.64503173e-21	-9.33892166e-20	-4.31333701e-22	-9.36048834e-20	9.31735497e-20
1717            	3.14820695e-02	1.57410347e-02	1.57410347e-02	8.92212590e-01	3.14988376e-01	5.77224214e-01	-1.31117919e-01	9.64473380e-21	-9.33848511e-20	-4.34234447e-22	-9.36019683e-20	9.31677338e-20
1718            	3.14840309e-02	1.57420155e-02	1.57420155e-02	8.92222167e-01	3.14997872e-01	5.77224295e-01	-1.31113212e-01	9.64439136e-21	-9.33800691e-20	-4.35490801e-22	-9.35978145e-20	9.31623237e-20
1719            	3.14858604e-02	1.57429302e-02	1.57429302e-02	8.92230209e-01	3.15006839e-01	5.77223371e-01	-1.31108266e-01	9.64407810e-21	-9.33756908e-20	-4.37383405e-22	-9.35943825e-20	9.31569991e-20
1720            	3.14878838e-02	1.57439419e-02	1.57439419e-02	8.92236222e-01	3.15014689e-01	5.77221533e-01	-1.31103422e-01	9.64373023e-21	-9.33706787e-20	-4.37367101e-22	-9.35893622e-20	9.31519951e-20
1721            	3.14897316e-02	1.57448658e-02	1.57448658e-02	8.92240357e-01	3.15021947e-01	5.77218410e-01	-1.31098231e-01	9.64341361e-21	-9.33660968e-20	-4.37909714e-22	-9.35850516e-20	9.31471419e-20
1722            	3.14919121e-02	1.57459561e-02	1.57459561e-02	8.92243661e-01	3.15028295e-01	5.77215366e-01	-1.31093535e-01	9.64303165e-21	-9.33606660e-20	-4.36020613e-22	-9.35786763e-20	9.31426557e-20
1723            	3.14937942e-02	1.57468971e-02	1.57468971e-02	8.92244857e-01	3.15034096e-01	5.77210761e-01	-1.31088333e-01	9.64269453e-21	-9.33557108e-20	-4.34792163e-22	-9.35731068e-20	9.31383147e-20
1724            	3.14957927e-02	1.57478964e-02	1.57478964e-02	8.92244780e-01	3.15039096e-01	5.77205684e-01	-1.31083294e-01	9.64232376e-21	-9.33504156e-20	-4.32275535e-22	-9.35665534e-20	9.31342778e-20
1725            	3.14978747e-02	1.57489374e-02	1.57489374e-02	8.92242286e-01	3.15043011e-01	5.77199275e-01	-1.31078132e-01	9.64193214e-21	-9.33451772e-20	-4.29166609e-22	-9.35597605e-20	9.31305939e-20
1726            	3.14998832e-02	1.57499416e-02	1.57499416e-02	8.92239284e-01	3.15046558e-01	5.77192727e-01	-1.31073085e-01	9.64155579e-21	-9.33399618e-20	-4.25762952e-22	-9.35528432e-20	9.31270803e-20
1727            	3.15020005e-02	1.57510003e-02	1.57510003e-02	8.92235215e-01	3.15049334e-01	5.77185881e-01	-1.31068274e-01	9.64116119e-21	-9.33346513e-20	-4.21505114e-22	-9.35454038e-20	9.31238987e-20
1728            	3.15041730e-02	1.57520865e-02	1.57520865e-02	8.92228572e-01	3.15051008e-01	5.77177564e-01	-1.31063278e-01	9.64075143e-21	-9.33295772e-20	-4.16967832e-22	-9.35380612e-20	9.31210933e-20
1729            	3.15063217e-02	1.57531608e-02	1.57531608e-02	8.92222165e-01	3.15052417e-01	5.77169749e-01	-1.31058666e-01	9.64034664e-21	-9.33244994e-20	-4.12142106e-22	-9.35305705e-20	9.31184284e-20
1730            	3.15086304e-02	1.57543152e-02	1.57543152e-02	8.92215139e-01	3.15053080e-01	5.77162059e-01	-1.31054490e-01	9.63992110e-21	-9.33195487e-20	-4.06756025e-22	-9.35229267e-20	9.31161707e-20
1731            	3.15110272e-02	1.57555136e-02	1.57555136e-02	8.92205913e-01	3.15052669e-01	5.77153244e-01	-1.31050287e-01	9.63947408e-21	-9.33149419e-20	-4.01243680e-22	-9.35155638e-20	9.31143201e-20
1732            	3.15134475e-02	1.57567238e-02	1.57567238e-02	8.92197487e-01	3.15052024e-01	5.77145463e-01	-1.31046719e-01	9.63902881e-21	-9.33102496e-20	-3.95265818e-22	-9.35078825e-20	9.31126167e-20
1733            	3.15160772e-02	1.57580386e-02	1.57580386e-02	8.92188940e-01	3.15050698e-01	5.77138242e-01	-1.31043772e-01	9.63855566e-21	-9.33053671e-20	-3.88096528e-22	-9.34994154e-20	9.31113189e-20
1734            	3.15186705e-02	1.57593352e-02	1.57593352e-02	8.92178169e-01	3.15048438e-01	5.77129730e-01	-1.31040646e-01	9.63807894e-21	-9.33007725e-20	-3.80941436e-22	-9.34912432e-20	9.31103018e-20
1735            	3.15213289e-02	1.57606644e-02	1.57606644e-02	8.92168447e-01	3.15045963e-01	5.77122484e-01	-1.31038260e-01	9.63759583e-21	-9.32960775e-20	-3.73130599e-22	-9.34826428e-20	9.31095122e-20
1736            	3.15241357e-02	1.57620678e-02	1.57620678e-02	8.92158002e-01	3.15042783e-01	5.77115219e-01	-1.31036218e-01	9.63709682e-21	-9.32912118e-20	-3.64545833e-22	-9.34734848e-20	9.31089389e-20
1737            	3.15268830e-02	1.57634415e-02	1.57634415e-02	8.92147536e-01	3.15039242e-01	5.77108294e-01	-1.31034526e-01	9.63662590e-21	-9.32866788e-20	-3.55944377e-22	-9.34646510e-20	9.31087066e-20
1738            	3.15297982e-02	1.57648991e-02	1.57648991e-02	8.92136825e-01	3.15035060e-01	5.77101765e-01	-1.31033352e-01	9.63612684e-21	-9.32820446e-20	-3.46612550e-22	-9.34553509e-20	9.31087383e-20
1739            	3.15327794e-02	1.57663897e-02	1.57663897e-02	8.92126112e-01	3.15030399e-01	5.77095713e-01	-1.31032657e-01	9.63562262e-21	-9.32772973e-20	-3.36693996e-22	-9.34456443e-20	9.31089503e-20
1740            	3.15358404e-02	1.57679202e-02	1.57679202e-02	8.92115408e-01	3.15025291e-01	5.77090116e-01	-1.31032412e-01	9.63511642e-21	-9.32723572e-20	-3.25956015e-22	-9.34353352e-20	9.31093792e-20
1741            	3.15389350e-02	1.57694675e-02	1.57694675e-02	8.92104789e-01	3.15019770e-01	5.77085018e-01	-1.31032624e-01	9.63460832e-21	-9.32673710e-20	-3.14678205e-22	-9.34247101e-20	9.31100319e-20
1742            	3.15420724e-02	1.57710362e-02	1.57710362e-02	8.92094182e-01	3.15013854e-01	5.77080328e-01	-1.31033237e-01	9.63409865e-21	-9.32623324e-20	-3.02828163e-22	-9.34137464e-20	9.31109183e-20
1743            	3.15452489e-02	1.57726245e-02	1.57726245e-02	8.92083934e-01	3.15007595e-01	5.77076338e-01	-1.31034371e-01	9.63358507e-21	-9.32572231e-20	-2.90398983e-22	-9.34024226e-20	9.31120236e-20
1744            	3.15484858e-02	1.57742429e-02	1.57742429e-02	8.92074090e-01	3.15001007e-01	5.77073083e-01	-1.31036038e-01	9.63306745e-21	-9.32521139e-20	-2.77495858e-22	-9.33908618e-20	9.31133660e-20
1745            	3.15517969e-02	1.57758984e-02	1.57758984e-02	8.92064731e-01	3.14994117e-01	5.77070614e-01	-1.31038249e-01	9.63254463e-21	-9.32469136e-20	-2.63958430e-22	-9.33788928e-20	9.31149344e-20
1746            	3.15551405e-02	1.57775702e-02	1.57775702e-02	8.92056018e-01	3.14986997e-01	5.77069021e-01	-1.31041012e-01	9.63202682e-21	-9.32415024e-20	-2.49705165e-22	-9.33663550e-20	9.31166498e-20
1747            	3.15585221e-02	1.57792611e-02	1.57792611e-02	8.92048113e-01	3.14979721e-01	5.77068392e-01	-1.31044336e-01	9.63150806e-21	-9.32357126e-20	-2.34382433e-22	-9.33529038e-20	9.31185214e-20
1748            	3.15618675e-02	1.57809338e-02	1.57809338e-02	8.92040516e-01	3.14972263e-01	5.77068253e-01	-1.31047995e-01	9.63099441e-21	-9.32299077e-20	-2.18660241e-22	-9.33392378e-20	9.31205775e-20
1749            	3.15651695e-02	1.57825847e-02	1.57825847e-02	8.92033382e-01	3.14964684e-01	5.77068699e-01	-1.31052008e-01	9.63049097e-21	-9.32240167e-20	-2.02480041e-22	-9.33252568e-20	9.31227767e-20
1750            	3.15684422e-02	1.57842211e-02	1.57842211e-02	8.92026694e-01	3.14957008e-01	5.77069686e-01	-1.31056339e-01	9.62999851e-21	-9.32180272e-20	-1.85822972e-22	-9.33109387e-20	9.31251157e-20
1751            	3.15716722e-02	1.57858361e-02	1.57858361e-02	8.92020928e-01	3.14949339e-01	5.77071589e-01	-1.31061125e-01	9.62951449e-21	-9.32120171e-20	-1.68872519e-22	-9.32964533e-20	9.31275808e-20
1752            	3.15748891e-02	1.57874445e-02	1.57874445e-02	8.92015928e-01	3.14941611e-01	5.77074317e-01	-1.31066353e-01	9.62903715e-21	-9.32060839e-20	-1.51731364e-22	-9.32819496e-20	9.31302182e-20
1753            	3.15780694e-02	1.57890347e-02	1.57890347e-02	8.92011617e-01	3.14933882e-01	5.77077736e-01	-1.31071927e-01	9.62857317e-21	-9.32000809e-20	-1.34226089e-22	-9.32671940e-20	9.31329679e-20
1754            	3.15812134e-02	1.57906067e-02	1.57906067e-02	8.92008512e-01	3.14926258e-01	5.77082254e-01	-1.31077998e-01	9.62811957e-21	-9.31940438e-20	-1.16460483e-22	-9.32522740e-20	9.31358135e-20
1755            	3.15843606e-02	1.57921803e-02	1.57921803e-02	8.92006375e-01	3.14918634e-01	5.77087741e-01	-1.31084554e-01	9.62766840e-21	-9.31881160e-20	-9.85649296e-23	-9.32373984e-20	9.31388335e-20
1756            	3.15874864e-02	1.57937432e-02	1.57937432e-02	8.92005843e-01	3.14911185e-01	5.77094658e-01	-1.31091737e-01	9.62722482e-21	-9.31821955e-20	-8.05105864e-23	-9.32224508e-20	9.31419402e-20
1757            	3.15906288e-02	1.57953144e-02	1.57953144e-02	8.92006442e-01	3.14903789e-01	5.77102653e-01	-1.31099432e-01	9.62678523e-21	-9.31762801e-20	-6.21711327e-23	-9.32073657e-20	9.31451945e-20
1758            	3.15937894e-02	1.57968947e-02	1.57968947e-02	8.92008418e-01	3.14896509e-01	5.77111909e-01	-1.31107700e-01	9.62634656e-21	-9.31704956e-20	-4.38255861e-23	-9.31924084e-20	9.31485828e-20
1759            	3.15969597e-02	1.57984798e-02	1.57984798e-02	8.92012274e-01	3.14889466e-01	5.77122808e-01	-1.31116671e-01	9.62590940e-21	-9.31648061e-20	-2.54681528e-23	-9.31775402e-20	9.31520720e-20
1760            	3.16001659e-02	1.58000829e-02	1.58000829e-02	8.92017260e-01	3.14882507e-01	5.77134752e-01	-1.31126123e-01	9.62546113e-21	-9.31589266e-20	-6.79699680e-24	-9.31623251e-20	9.31555281e-20
1761            	3.16034201e-02	1.58017101e-02	1.58017101e-02	8.92024779e-01	3.14875932e-01	5.77148847e-01	-1.31136457e-01	9.62503689e-21	-9.31530993e-20	1.23528670e-23	-9.31469229e-20	9.31592758e-20
1762            	3.16067134e-02	1.58033567e-02	1.58033567e-02	8.92034238e-01	3.14869634e-01	5.77164604e-01	-1.31147485e-01	9.62460645e-21	-9.31471647e-20	3.17355494e-23	-9.31312969e-20	9.31630325e-20
1763            	3.16098752e-02	1.58049376e-02	1.58049376e-02	8.92043834e-01	3.14863509e-01	5.77180324e-01	-1.31158407e-01	9.62419312e-21	-9.31413472e-20	5.06781218e-23	-9.31160081e-20	9.31666863e-20
1764            	3.16130623e-02	1.58065311e-02	1.58065311e-02	8.92056091e-01	3.14857884e-01	5.77198207e-01	-1.31170161e-01	9.62379038e-21	-9.31355110e-20	6.99603827e-23	-9.31005308e-20	9.31704912e-20
1765            	3.16163144e-02	1.58081572e-02	1.58081572e-02	8.92070938e-01	3.14852634e-01	5.77218304e-01	-1.31182835e-01	9.62336876e-21	-9.31292771e-20	8.96022155e-23	-9.30844760e-20	9.31740782e-20
1766            	3.16194342e-02	1.58097171e-02	1.58097171e-02	8.92086471e-01	3.14847742e-01	5.77238729e-01	-1.31195494e-01	9.62301253e-21	-9.31238940e-20	1.08248596e-22	-9.30697697e-20	9.31780183e-20
1767            	3.16226603e-02	1.58113302e-02	1.58113302e-02	8.92104705e-01	3.14843307e-01	5.77261398e-01	-1.31209046e-01	9.62263253e-21	-9.31179589e-20	1.27642801e-22	-9.30541375e-20	9.31817803e-20
1768            	3.16258052e-02	1.58129026e-02	1.58129026e-02	8.92124303e-01	3.14839301e-01	5.77285003e-01	-1.31222851e-01	9.62226156e-21	-9.31118345e-20	1.46904544e-22	-9.30383822e-20	9.31852867e-20
1769            	3.16289430e-02	1.58144715e-02	1.58144715e-02	8.92145876e-01	3.14835802e-01	5.77310074e-01	-1.31237136e-01	9.62193068e-21	-9.31060366e-20	1.65986893e-22	-9.30230431e-20	9.31890300e-20
1770            	3.16321424e-02	1.58160712e-02	1.58160712e-02	8.92170130e-01	3.14832902e-01	5.77337228e-01	-1.31252163e-01	9.62159290e-21	-9.30999622e-20	1.85334667e-22	-9.30072949e-20	9.31926296e-20
1771            	3.16352244e-02	1.58176122e-02	1.58176122e-02	8.92195039e-01	3.14830373e-01	5.77364665e-01	-1.31267146e-01	9.62126771e-21	-9.30939572e-20	2.04160081e-22	-9.29918771e-20	9.31960372e-20
1772            	3.16382936e-02	1.58191468e-02	1.58191468e-02	8.92222439e-01	3.14828547e-01	5.77393893e-01	-1.31282673e-01	9.62096486e-21	-9.30879868e-20	2.23069991e-22	-9.29764519e-20	9.31995218e-20
1773            	3.16414966e-02	1.58207483e-02	1.58207483e-02	8.92252567e-01	3.14827231e-01	5.77425336e-01	-1.31299052e-01	9.62065167e-21	-9.30818155e-20	2.42277946e-22	-9.29606765e-20	9.32029544e-20
1774            	3.16444811e-02	1.58222406e-02	1.58222406e-02	8.92282978e-01	3.14826422e-01	5.77456556e-01	-1.31315067e-01	9.62037039e-21	-9.30756765e-20	2.60836441e-22	-9.29452583e-20	9.32060948e-20
1775            	3.16475070e-02	1.58237535e-02	1.58237535e-02	8.92316279e-01	3.14826377e-01	5.77489901e-01	-1.31331762e-01	9.62009559e-21	-9.30691472e-20	2.80162883e-22	-9.29290657e-20	9.32092286e-20
1776            	3.16505420e-02	1.58252710e-02	1.58252710e-02	8.92351826e-01	3.14826915e-01	5.77524911e-01	-1.31348998e-01	9.61980400e-21	-9.30621870e-20	2.99708891e-22	-9.29123325e-20	9.32120414e-20
1777            	3.16533311e-02	1.58266655e-02	1.58266655e-02	8.92387928e-01	3.14828131e-01	5.77559797e-01	-1.31365833e-01	9.61958816e-21	-9.30560129e-20	3.18085087e-22	-9.28969704e-20	9.32150555e-20
1778            	3.16561700e-02	1.58280850e-02	1.58280850e-02	8.92426223e-01	3.14829961e-01	5.77596262e-01	-1.31383150e-01	9.61934985e-21	-9.30493392e-20	3.36953386e-22	-9.28808625e-20	9.32178159e-20
1779            	3.16588777e-02	1.58294389e-02	1.58294389e-02	8.92466034e-01	3.14832480e-01	5.77633554e-01	-1.31400537e-01	9.61911643e-21	-9.30424874e-20	3.55391460e-22	-9.28647917e-20	9.32201832e-20
1780            	3.16614813e-02	1.58307407e-02	1.58307407e-02	8.92507330e-01	3.14835714e-01	5.77671616e-01	-1.31417951e-01	9.61893437e-21	-9.30360762e-20	3.73240211e-22	-9.28494561e-20	9.32226963e-20
1781            	3.16641233e-02	1.58320616e-02	1.58320616e-02	8.92550687e-01	3.14839576e-01	5.77711111e-01	-1.31435768e-01	9.61874393e-21	-9.30294938e-20	3.91036145e-22	-9.28339758e-20	9.32250119e-20
1782            	3.16665476e-02	1.58332738e-02	1.58332738e-02	8.92594801e-01	3.14844144e-01	5.77750657e-01	-1.31453256e-01	9.61857156e-21	-9.30228878e-20	4.08096359e-22	-9.28188396e-20	9.32269360e-20
1783            	3.16689061e-02	1.58344530e-02	1.58344530e-02	8.92640772e-01	3.14849485e-01	5.77791287e-01	-1.31470901e-01	9.61842889e-21	-9.30165244e-20	4.24697318e-22	-9.28041758e-20	9.32288731e-20
1784            	3.16713257e-02	1.58356629e-02	1.58356629e-02	8.92688745e-01	3.14855407e-01	5.77833338e-01	-1.31488965e-01	9.61828015e-21	-9.30101573e-20	4.41077997e-22	-9.27896183e-20	9.32306963e-20
1785            	3.16735814e-02	1.58367907e-02	1.58367907e-02	8.92737661e-01	3.14861998e-01	5.77875663e-01	-1.31506832e-01	9.61813981e-21	-9.30040344e-20	4.56359946e-22	-9.27758545e-20	9.32322144e-20
1786            	3.16758200e-02	1.58379100e-02	1.58379100e-02	8.92788499e-01	3.14869316e-01	5.77919183e-01	-1.31524933e-01	9.61801594e-21	-9.29981312e-20	4.71150037e-22	-9.27625562e-20	9.32337062e-20
1787            	3.16781805e-02	1.58390903e-02	1.58390903e-02	8.92841512e-01	3.14877164e-01	5.77964348e-01	-1.31543592e-01	9.61788114e-21	-9.29923560e-20	4.85552112e-22	-9.27495799e-20	9.32351320e-20
1788            	3.16804006e-02	1.58402003e-02	1.58402003e-02	8.92895532e-01	3.14885668e-01	5.78009864e-01	-1.31562098e-01	9.61775853e-21	-9.29866723e-20	4.99064392e-22	-9.27371401e-20	9.32362045e-20
1789            	3.16825770e-02	1.58412885e-02	1.58412885e-02	8.92951107e-01	3.14894903e-01	5.78056203e-01	-1.31580650e-01	9.61766007e-21	-9.29810413e-20	5.12260186e-22	-9.27249112e-20	9.32371714e-20
1790            	3.16848281e-02	1.58424141e-02	1.58424141e-02	8.93008819e-01	3.14904713e-01	5.78104107e-01	-1.31599697e-01	9.61753675e-21	-9.29749929e-20	5.25548916e-22	-9.27122185e-20	9.32377674e-20
1791            	3.16868749e-02	1.58434374e-02	1.58434374e-02	8.93066922e-01	3.14915232e-01	5.78151690e-01	-1.31618229e-01	9.61748459e-21	-9.29695335e-20	5.37747050e-22	-9.27006600e-20	9.32384071e-20
1792            	3.16889374e-02	1.58444687e-02	1.58444687e-02	8.93126717e-01	3.14926393e-01	5.78200324e-01	-1.31636965e-01	9.61741170e-21	-9.29638633e-20	5.49776465e-22	-9.26889751e-20	9.32387516e-20
1793            	3.16910389e-02	1.58455194e-02	1.58455194e-02	8.93188220e-01	3.14938209e-01	5.78250011e-01	-1.31655901e-01	9.61733782e-21	-9.29581204e-20	5.61563956e-22	-9.26773384e-20	9.32389023e-20
1794            	3.16930097e-02	1.58465048e-02	1.58465048e-02	8.93250578e-01	3.14950714e-01	5.78299863e-01	-1.31674575e-01	9.61728315e-21	-9.29525516e-20	5.72534864e-22	-9.26662842e-20	9.32388190e-20
1795            	3.16949066e-02	1.58474533e-02	1.58474533e-02	8.93313946e-01	3.14963861e-01	5.78350085e-01	-1.31693112e-01	9.61723973e-21	-9.29470471e-20	5.82933881e-22	-9.26555802e-20	9.32385140e-20
1796            	3.16967816e-02	1.58483908e-02	1.58483908e-02	8.93378626e-01	3.14977647e-01	5.78400979e-01	-1.31711666e-01	9.61720191e-21	-9.29416766e-20	5.92661971e-22	-9.26453456e-20	9.32380076e-20
1797            	3.16985570e-02	1.58492785e-02	1.58492785e-02	8.93443828e-01	3.14991993e-01	5.78451835e-01	-1.31729921e-01	9.61718175e-21	-9.29364763e-20	6.01601692e-22	-9.26356755e-20	9.32372772e-20
1798            	3.17002782e-02	1.58501391e-02	1.58501391e-02	8.93509962e-01	3.15006938e-01	5.78503024e-01	-1.31748043e-01	9.61717331e-21	-9.29313354e-20	6.09961230e-22	-9.26263548e-20	9.32363160e-20
1799            	3.17019351e-02	1.58509676e-02	1.58509676e-02	8.93576859e-01	3.15022455e-01	5.78554404e-01	-1.31765974e-01	9.61717875e-21	-9.29263429e-20	6.17575700e-22	-9.26175551e-20	9.32351308e-20
1800            	3.17035431e-02	1.58517715e-02	1.58517715e-02	8.93644483e-01	3.15038508e-01	5.78605975e-01	-1.31783733e-01	9.61719375e-21	-9.29215413e-20	6.24405692e-22	-9.26093384e-20	9.32337441e-20
1801            	3.17050716e-02	1.58525358e-02	1.58525358e-02	8.93712678e-01	3.15055102e-01	5.78657576e-01	-1.31801237e-01	9.61722524e-21	-9.29167151e-20	6.30744497e-22	-9.26013428e-20	9.32320873e-20
1802            	3.17064554e-02	1.58532277e-02	1.58532277e-02	8.93780886e-01	3.15072215e-01	5.78708671e-01	-1.31818228e-01	9.61728112e-21	-9.29117600e-20	6.36733859e-22	-9.25933931e-20	9.32301269e-20
1803            	3.17077720e-02	1.58538860e-02	1.58538860e-02	8.93849815e-01	3.15089920e-01	5.78759895e-01	-1.31834988e-01	9.61734713e-21	-9.29066533e-20	6.42481744e-22	-9.25854124e-20	9.32278942e-20
1804            	3.17090141e-02	1.58545071e-02	1.58545071e-02	8.93919190e-01	3.15108173e-01	5.78811017e-01	-1.31851422e-01	9.61742222e-21	-9.29015381e-20	6.47762598e-22	-9.25776568e-20	9.32254194e-20
1805            	3.17100527e-02	1.58550264e-02	1.58550264e-02	8.93988005e-01	3.15126861e-01	5.78861144e-01	-1.31867141e-01	9.61751840e-21	-9.28964275e-20	6.52477508e-22	-9.25701888e-20	9.32226663e-20
1806            	3.17110507e-02	1.58555253e-02	1.58555253e-02	8.94057503e-01	3.15146104e-01	5.78911399e-01	-1.31882648e-01	9.61761518e-21	-9.28912166e-20	6.56949055e-22	-9.25627420e-20	9.32196911e-20
1807            	3.17119364e-02	1.58559682e-02	1.58559682e-02	8.94126804e-01	3.15165788e-01	5.78961016e-01	-1.31897614e-01	9.61772234e-21	-9.28861213e-20	6.60754299e-22	-9.25557442e-20	9.32164985e-20
1808            	3.17127116e-02	1.58563558e-02	1.58563558e-02	8.94196171e-01	3.15185958e-01	5.79010213e-01	-1.31912127e-01	9.61783884e-21	-9.28809730e-20	6.64155600e-22	-9.25488952e-20	9.32130508e-20
1809            	3.17133879e-02	1.58566939e-02	1.58566939e-02	8.94265353e-01	3.15206537e-01	5.79058816e-01	-1.31926139e-01	9.61796133e-21	-9.28759253e-20	6.66949519e-22	-9.25424505e-20	9.32094000e-20
1810            	3.17139880e-02	1.58569940e-02	1.58569940e-02	8.94334213e-01	3.15227463e-01	5.79106750e-01	-1.31939643e-01	9.61808503e-21	-9.28710902e-20	6.68995005e-22	-9.25365927e-20	9.32055877e-20
1811            	3.17145199e-02	1.58572599e-02	1.58572599e-02	8.94403102e-01	3.15248785e-01	5.79154317e-01	-1.31952766e-01	9.61821094e-21	-9.28663619e-20	6.70419209e-22	-9.25311523e-20	9.32015715e-20
1812            	3.17149915e-02	1.58574958e-02	1.58574958e-02	8.94471542e-01	3.15270384e-01	5.79201158e-01	-1.31965387e-01	9.61833899e-21	-9.28618419e-20	6.71113889e-22	-9.25262849e-20	9.31973988e-20
1813            	3.17153825e-02	1.58576913e-02	1.58576913e-02	8.94539457e-01	3.15292232e-01	5.79247225e-01	-1.31977497e-01	9.61846810e-21	-9.28575940e-20	6.70951018e-22	-9.25221185e-20	9.31930695e-20
1814            	3.17158023e-02	1.58579012e-02	1.58579012e-02	8.94607412e-01	3.15314348e-01	5.79293064e-01	-1.31989358e-01	9.61858751e-21	-9.28536617e-20	6.69960427e-22	-9.25186815e-20	9.31886419e-20
1815            	3.17161928e-02	1.58580964e-02	1.58580964e-02	8.94675129e-01	3.15336704e-01	5.79338425e-01	-1.32000860e-01	9.61870798e-21	-9.28499334e-20	6.68218218e-22	-9.25158243e-20	9.31840425e-20
1816            	3.17165392e-02	1.58582696e-02	1.58582696e-02	8.94741986e-01	3.15359182e-01	5.79382804e-01	-1.32011811e-01	9.61883311e-21	-9.28463817e-20	6.65814756e-22	-9.25134743e-20	9.31792891e-20
1817            	3.17168008e-02	1.58584004e-02	1.58584004e-02	8.94807714e-01	3.15381750e-01	5.79425964e-01	-1.32022107e-01	9.61896430e-21	-9.28429675e-20	6.62791004e-22	-9.25115720e-20	9.31743630e-20
1818            	3.17170898e-02	1.58585449e-02	1.58585449e-02	8.94873641e-01	3.15404607e-01	5.79469034e-01	-1.32032214e-01	9.61908815e-21	-9.28396251e-20	6.59308332e-22	-9.25099709e-20	9.31692793e-20
1819            	3.17173224e-02	1.58586612e-02	1.58586612e-02	8.94938321e-01	3.15427507e-01	5.79510814e-01	-1.32041654e-01	9.61921943e-21	-9.28364400e-20	6.55209922e-22	-9.25088351e-20	9.31640450e-20
1820            	3.17176126e-02	1.58588063e-02	1.58588063e-02	8.95002834e-01	3.15450532e-01	5.79552302e-01	-1.32050885e-01	9.61933757e-21	-9.28332193e-20	6.50922370e-22	-9.25077581e-20	9.31586804e-20
1821            	3.17177708e-02	1.58588854e-02	1.58588854e-02	8.95065199e-01	3.15473472e-01	5.79591727e-01	-1.32059127e-01	9.61946651e-21	-9.28303141e-20	6.45775827e-22	-9.25074261e-20	9.31532020e-20
1822            	3.17179485e-02	1.58589742e-02	1.58589742e-02	8.95127506e-01	3.15496631e-01	5.79630875e-01	-1.32067122e-01	9.61958692e-21	-9.28274471e-20	6.40237412e-22	-9.25073284e-20	9.31475658e-20
1823            	3.17180671e-02	1.58590335e-02	1.58590335e-02	8.95188160e-01	3.15519707e-01	5.79668454e-01	-1.32074374e-01	9.61971726e-21	-9.28247788e-20	6.34052623e-22	-9.25077525e-20	9.31418051e-20
1824            	3.17180923e-02	1.58590462e-02	1.58590462e-02	8.95246975e-01	3.15542674e-01	5.79704301e-01	-1.32080813e-01	9.61985363e-21	-9.28222404e-20	6.27335402e-22	-9.25085727e-20	9.31359081e-20
1825            	3.17181490e-02	1.58590745e-02	1.58590745e-02	8.95305559e-01	3.15565781e-01	5.79739778e-01	-1.32086999e-01	9.61998093e-21	-9.28198363e-20	6.20123736e-22	-9.25097745e-20	9.31298982e-20
1826            	3.17181290e-02	1.58590645e-02	1.58590645e-02	8.95361758e-01	3.15588593e-01	5.79773165e-01	-1.32092286e-01	9.62011804e-21	-9.28177431e-20	6.12153832e-22	-9.25116662e-20	9.31238200e-20
1827            	3.17181351e-02	1.58590676e-02	1.58590676e-02	8.95417285e-01	3.15611427e-01	5.79805859e-01	-1.32097216e-01	9.62024657e-21	-9.28157268e-20	6.03804572e-22	-9.25138245e-20	9.31176291e-20
1828            	3.17181197e-02	1.58590599e-02	1.58590599e-02	8.95471666e-01	3.15634169e-01	5.79837497e-01	-1.32101664e-01	9.62037616e-21	-9.28138538e-20	5.94961018e-22	-9.25163733e-20	9.31113343e-20
1829            	3.17180829e-02	1.58590415e-02	1.58590415e-02	8.95524042e-01	3.15656617e-01	5.79867425e-01	-1.32105404e-01	9.62050859e-21	-9.28119623e-20	5.85984809e-22	-9.25189699e-20	9.31049547e-20
1830            	3.17179537e-02	1.58589769e-02	1.58589769e-02	8.95574421e-01	3.15678852e-01	5.79895569e-01	-1.32108359e-01	9.62064655e-21	-9.28099197e-20	5.77010437e-22	-9.25214145e-20	9.30984249e-20
1831            	3.17178386e-02	1.58589193e-02	1.58589193e-02	8.95623828e-01	3.15701020e-01	5.79922809e-01	-1.32110895e-01	9.62077732e-21	-9.28076772e-20	5.68213011e-22	-9.25235707e-20	9.30917837e-20
1832            	3.17176472e-02	1.58588236e-02	1.58588236e-02	8.95670904e-01	3.15722863e-01	5.79948042e-01	-1.32112590e-01	9.62091325e-21	-9.28053549e-20	5.59400016e-22	-9.25256549e-20	9.30850549e-20
1833            	3.17173805e-02	1.58586903e-02	1.58586903e-02	8.95716439e-01	3.15744559e-01	5.79971880e-01	-1.32113661e-01	9.62104752e-21	-9.28027821e-20	5.50802663e-22	-9.25273808e-20	9.30781834e-20
1834            	3.17170389e-02	1.58585194e-02	1.58585194e-02	8.95759866e-01	3.15765959e-01	5.79993907e-01	-1.32113974e-01	9.62118066e-21	-9.28001549e-20	5.42211280e-22	-9.25290493e-20	9.30712605e-20
1835            	3.17165801e-02	1.58582900e-02	1.58582900e-02	8.95800554e-01	3.15786905e-01	5.80013650e-01	-1.32113373e-01	9.62131258e-21	-9.27976601e-20	5.33321457e-22	-9.25309994e-20	9.30643209e-20
1836            	3.17161008e-02	1.58580504e-02	1.58580504e-02	8.95839858e-01	3.15807662e-01	5.80032196e-01	-1.32112267e-01	9.62143258e-21	-9.27951968e-20	5.24316637e-22	-9.25330385e-20	9.30573551e-20
1837            	3.17156484e-02	1.58578242e-02	1.58578242e-02	8.95877354e-01	3.15827902e-01	5.80049452e-01	-1.32110775e-01	9.62152987e-21	-9.27928571e-20	5.15107379e-22	-9.25353034e-20	9.30504108e-20
1838            	3.17150969e-02	1.58575485e-02	1.58575485e-02	8.95912929e-01	3.15847839e-01	5.80065089e-01	-1.32108625e-01	9.62164519e-21	-9.27908360e-20	5.05425147e-22	-9.25381234e-20	9.30435486e-20
1839            	3.17146686e-02	1.58573343e-02	1.58573343e-02	8.95946926e-01	3.15867214e-01	5.80079712e-01	-1.32106249e-01	9.62171526e-21	-9.27887236e-20	4.95946276e-22	-9.25407504e-20	9.30366967e-20
1840            	3.17139798e-02	1.58569899e-02	1.58569899e-02	8.95978144e-01	3.15886231e-01	5.80091913e-01	-1.32102841e-01	9.62182996e-21	-9.27872975e-20	4.85215343e-22	-9.25446899e-20	9.30299052e-20
1841            	3.17134319e-02	1.58567160e-02	1.58567160e-02	8.96008261e-01	3.15904722e-01	5.80103539e-01	-1.32099409e-01	9.62190167e-21	-9.27858642e-20	4.74637157e-22	-9.25485457e-20	9.30231828e-20
1842            	3.17129905e-02	1.58564953e-02	1.58564953e-02	8.96036544e-01	3.15922535e-01	5.80114009e-01	-1.32095737e-01	9.62194695e-21	-9.27848088e-20	4.63570842e-22	-9.25530234e-20	9.30165942e-20
1843            	3.17124535e-02	1.58562267e-02	1.58562267e-02	8.96062340e-01	3.15939773e-01	5.80122566e-01	-1.32091396e-01	9.62201103e-21	-9.27842542e-20	4.51727126e-22	-9.25583906e-20	9.30101177e-20
1844            	3.17121585e-02	1.58560792e-02	1.58560792e-02	8.96087154e-01	3.15956408e-01	5.80130746e-01	-1.32087169e-01	9.62201717e-21	-9.27834513e-20	4.40555914e-22	-9.25631733e-20	9.30037292e-20
1845            	3.17116457e-02	1.58558228e-02	1.58558228e-02	8.96109083e-01	3.15972487e-01	5.80136596e-01	-1.32082054e-01	9.62207322e-21	-9.27831826e-20	4.28493167e-22	-9.25689361e-20	9.29974292e-20
1846            	3.17112525e-02	1.58556262e-02	1.58556262e-02	8.96129855e-01	3.15988028e-01	5.80141826e-01	-1.32076899e-01	9.62209077e-21	-9.27825423e-20	4.17204562e-22	-9.25739401e-20	9.29911446e-20
1847            	3.17108694e-02	1.58554347e-02	1.58554347e-02	8.96148225e-01	3.16002770e-01	5.80145455e-01	-1.32071343e-01	9.62209407e-21	-9.27819204e-20	4.06021626e-22	-9.25789095e-20	9.29849312e-20
1848            	3.17103498e-02	1.58551749e-02	1.58551749e-02	8.96164101e-01	3.16016996e-01	5.80147105e-01	-1.32065055e-01	9.62212322e-21	-9.27814289e-20	3.94743515e-22	-9.25840572e-20	9.29788007e-20
1849            	3.17099285e-02	1.58549642e-02	1.58549642e-02	8.96178738e-01	3.16030640e-01	5.80148098e-01	-1.32058729e-01	9.62212279e-21	-9.27807029e-20	3.84116985e-22	-9.25886444e-20	9.29727614e-20
1850            	3.17094999e-02	1.58547499e-02	1.58547499e-02	8.96190950e-01	3.16043501e-01	5.80147449e-01	-1.32051974e-01	9.62211091e-21	-9.27801601e-20	3.73459181e-22	-9.25934305e-20	9.29668897e-20
1851            	3.17089533e-02	1.58544766e-02	1.58544766e-02	8.96201180e-01	3.16055891e-01	5.80145288e-01	-1.32044698e-01	9.62211351e-21	-9.27796129e-20	3.62793181e-22	-9.25982163e-20	9.29610095e-20
1852            	3.17085060e-02	1.58542530e-02	1.58542530e-02	8.96209770e-01	3.16067568e-01	5.80142202e-01	-1.32037317e-01	9.62209576e-21	-9.27788914e-20	3.52846938e-22	-9.26024679e-20	9.29553149e-20
1853            	3.17080429e-02	1.58540214e-02	1.58540214e-02	8.96216010e-01	3.16078477e-01	5.80137533e-01	-1.32029528e-01	9.62207002e-21	-9.27783942e-20	3.42817133e-22	-9.26069857e-20	9.29498028e-20
1854            	3.17075735e-02	1.58537868e-02	1.58537868e-02	8.96220917e-01	3.16088905e-01	5.80132012e-01	-1.32021553e-01	9.62203603e-21	-9.27778641e-20	3.33011883e-22	-9.26113582e-20	9.29443701e-20
1855            	3.17072406e-02	1.58536203e-02	1.58536203e-02	8.96224518e-01	3.16098723e-01	5.80125795e-01	-1.32013536e-01	9.62197133e-21	-9.27772067e-20	3.23771690e-22	-9.26153209e-20	9.29390926e-20
1856            	3.17067222e-02	1.58533611e-02	1.58533611e-02	8.96225796e-01	3.16107983e-01	5.80117813e-01	-1.32004915e-01	9.62194053e-21	-9.27770894e-20	3.13973298e-22	-9.26201028e-20	9.29340761e-20
1857            	3.17062934e-02	1.58531467e-02	1.58531467e-02	8.96225529e-01	3.16116459e-01	5.80109070e-01	-1.31996305e-01	9.62187400e-21	-9.27769121e-20	3.04560460e-22	-9.26246318e-20	9.29291923e-20
1858            	3.17059597e-02	1.58529798e-02	1.58529798e-02	8.96223178e-01	3.16124106e-01	5.80099072e-01	-1.31987483e-01	9.62178960e-21	-9.27767461e-20	2.95473618e-22	-9.26290093e-20	9.29244829e-20
1859            	3.17055577e-02	1.58527788e-02	1.58527788e-02	8.96219290e-01	3.16131258e-01	5.80088033e-01	-1.31978387e-01	9.62172672e-21	-9.27767980e-20	2.86363486e-22	-9.26336162e-20	9.29199797e-20
1860            	3.17052241e-02	1.58526120e-02	1.58526120e-02	8.96214036e-01	3.16137769e-01	5.80076267e-01	-1.31969249e-01	9.62164769e-21	-9.27765722e-20	2.78018837e-22	-9.26375627e-20	9.29155816e-20
1861            	3.17048693e-02	1.58524346e-02	1.58524346e-02	8.96206233e-01	3.16143428e-01	5.80062805e-01	-1.31959689e-01	9.62156992e-21	-9.27762102e-20	2.70216805e-22	-9.26411018e-20	9.29113186e-20
1862            	3.17044372e-02	1.58522186e-02	1.58522186e-02	8.96197049e-01	3.16148671e-01	5.80048379e-01	-1.31949854e-01	9.62150221e-21	-9.27758840e-20	2.62550308e-22	-9.26446089e-20	9.29071592e-20
1863            	3.17040588e-02	1.58520294e-02	1.58520294e-02	8.96186623e-01	3.16153314e-01	5.80033309e-01	-1.31939998e-01	9.62142167e-21	-9.27753960e-20	2.55576673e-22	-9.26476077e-20	9.29031843e-20
1864            	3.17036581e-02	1.58518290e-02	1.58518290e-02	8.96173631e-01	3.16157087e-01	5.80016543e-01	-1.31929728e-01	9.62133392e-21	-9.27750044e-20	2.48883070e-22	-9.26505629e-20	9.28994459e-20
1865            	3.17032046e-02	1.58516023e-02	1.58516023e-02	8.96159571e-01	3.16160444e-01	5.79999127e-01	-1.31919342e-01	9.62124519e-21	-9.27745423e-20	2.42526951e-22	-9.26532789e-20	9.28958058e-20
1866            	3.17027916e-02	1.58513958e-02	1.58513958e-02	8.96144287e-01	3.16163248e-01	5.79981039e-01	-1.31908895e-01	9.62114844e-21	-9.27738924e-20	2.36947420e-22	-9.26554187e-20	9.28923661e-20
1867            	3.17023671e-02	1.58511836e-02	1.58511836e-02	8.96126634e-01	3.16165199e-01	5.79961435e-01	-1.31898118e-01	9.62104023e-21	-9.27734954e-20	2.31411884e-22	-9.26577895e-20	9.28892013e-20
1868            	3.17019963e-02	1.58509981e-02	1.58509981e-02	8.96108748e-01	3.16166734e-01	5.79942014e-01	-1.31887640e-01	9.62091044e-21	-9.27730357e-20	2.26396079e-22	-9.26598376e-20	9.28862337e-20
1869            	3.17016415e-02	1.58508208e-02	1.58508208e-02	8.96089660e-01	3.16167672e-01	5.79921989e-01	-1.31877159e-01	9.62077288e-21	-9.27726664e-20	2.21688885e-22	-9.26618220e-20	9.28835109e-20
1870            	3.17012962e-02	1.58506481e-02	1.58506481e-02	8.96068345e-01	3.16167771e-01	5.79900574e-01	-1.31866401e-01	9.62062519e-21	-9.27725901e-20	2.16938561e-22	-9.26641209e-20	9.28810594e-20
1871            	3.17010283e-02	1.58505141e-02	1.58505141e-02	8.96046945e-01	3.16167414e-01	5.79879531e-01	-1.31856058e-01	9.62045836e-21	-9.27727160e-20	2.12279480e-22	-9.26665763e-20	9.28788557e-20
1872            	3.17008732e-02	1.58504366e-02	1.58504366e-02	8.96024695e-01	3.16166455e-01	5.79858240e-01	-1.31845893e-01	9.62027725e-21	-9.27731528e-20	2.07626931e-22	-9.26693394e-20	9.28769663e-20
1873            	3.17007850e-02	1.58503925e-02	1.58503925e-02	8.96000816e-01	3.16164668e-01	5.79836148e-01	-1.31835740e-01	9.62008778e-21	-9.27737353e-20	2.03105480e-22	-9.26721826e-20	9.28752881e-20
1874            	3.17008006e-02	1.58504003e-02	1.58504003e-02	8.95977116e-01	3.16162442e-01	5.79814674e-01	-1.31826116e-01	9.61988911e-21	-9.27744058e-20	1.98867955e-22	-9.26749718e-20	9.28738398e-20
1875            	3.17008988e-02	1.58504494e-02	1.58504494e-02	8.95952509e-01	3.16159664e-01	5.79792845e-01	-1.31816590e-01	9.61968848e-21	-9.27751518e-20	1.94920468e-22	-9.26776915e-20	9.28726120e-20
1876            	3.17010134e-02	1.58505067e-02	1.58505067e-02	8.95926244e-01	3.16156177e-01	5.79770068e-01	-1.31806945e-01	9.61948806e-21	-9.27757329e-20	1.91535713e-22	-9.26799650e-20	9.28715008e-20
1877            	3.17012066e-02	1.58506033e-02	1.58506033e-02	8.95900282e-01	3.16152332e-01	5.79747950e-01	-1.31797809e-01	9.61928312e-21	-9.27762875e-20	1.88659806e-22	-9.26819576e-20	9.28706174e-20
1878            	3.17014507e-02	1.58507254e-02	1.58507254e-02	8.95873560e-01	3.16147963e-01	5.79725597e-01	-1.31788817e-01	9.61907491e-21	-9.27768352e-20	1.86190734e-22	-9.26837398e-20	9.28699306e-20
1879            	3.17017146e-02	1.58508573e-02	1.58508573e-02	8.95845315e-01	3.16142954e-01	5.79702362e-01	-1.31779704e-01	9.61886122e-21	-9.27772586e-20	1.84248962e-22	-9.26851341e-20	9.28693831e-20
1880            	3.17020466e-02	1.58510233e-02	1.58510233e-02	8.95817666e-01	3.16137650e-01	5.79680016e-01	-1.31771183e-01	9.61864330e-21	-9.27774770e-20	1.83140891e-22	-9.26859065e-20	9.28690474e-20
1881            	3.17024053e-02	1.58512027e-02	1.58512027e-02	8.95788930e-01	3.16131872e-01	5.79657058e-01	-1.31762593e-01	9.61841809e-21	-9.27776884e-20	1.82232733e-22	-9.26865720e-20	9.28688047e-20
1882            	3.17027659e-02	1.58513830e-02	1.58513830e-02	8.95759983e-01	3.16125708e-01	5.79634275e-01	-1.31754283e-01	9.61820245e-21	-9.27778984e-20	1.82044223e-22	-9.26868763e-20	9.28689205e-20
1883            	3.17032138e-02	1.58516069e-02	1.58516069e-02	8.95730888e-01	3.16119087e-01	5.79611801e-01	-1.31746357e-01	9.61796449e-21	-9.27779374e-20	1.82450491e-22	-9.26867121e-20	9.28691626e-20
1884            	3.17036573e-02	1.58518287e-02	1.58518287e-02	8.95701489e-01	3.16112090e-01	5.79589399e-01	-1.31738654e-01	9.61772373e-21	-9.27779193e-20	1.83268730e-22	-9.26862849e-20	9.28695537e-20
1885            	3.17041273e-02	1.58520636e-02	1.58520636e-02	8.95671519e-01	3.16104662e-01	5.79566857e-01	-1.31731098e-01	9.61747882e-21	-9.27779775e-20	1.84392477e-22	-9.26857812e-20	9.28701737e-20
1886            	3.17046802e-02	1.58523401e-02	1.58523401e-02	8.95641918e-01	3.16096870e-01	5.79545048e-01	-1.31724089e-01	9.61722724e-21	-9.27780228e-20	1.85902520e-22	-9.26850715e-20	9.28709740e-20
1887            	3.17052400e-02	1.58526200e-02	1.58526200e-02	8.95611367e-01	3.16088637e-01	5.79522731e-01	-1.31717047e-01	9.61697989e-21	-9.27780606e-20	1.87649459e-22	-9.26842359e-20	9.28718854e-20
1888            	3.17058913e-02	1.58529457e-02	1.58529457e-02	8.95582038e-01	3.16080196e-01	5.79501841e-01	-1.31710823e-01	9.61673187e-21	-9.27782132e-20	1.89851445e-22	-9.26832874e-20	9.28731389e-20
1889            	3.17064952e-02	1.58532476e-02	1.58532476e-02	8.95551409e-01	3.16071359e-01	5.79480050e-01	-1.31704346e-01	9.61649084e-21	-9.27783213e-20	1.92138937e-22	-9.26822519e-20	9.28743908e-20
1890            	3.17071449e-02	1.58535725e-02	1.58535725e-02	8.95522054e-01	3.16062423e-01	5.79459631e-01	-1.31698604e-01	9.61625592e-21	-9.27783081e-20	1.95197041e-22	-9.26807096e-20	9.28759066e-20
1891            	3.17077480e-02	1.58538740e-02	1.58538740e-02	8.95491700e-01	3.16053165e-01	5.79438535e-01	-1.31692685e-01	9.61602611e-21	-9.27781251e-20	1.98510804e-22	-9.26788697e-20	9.28773805e-20
1892            	3.17083151e-02	1.58541575e-02	1.58541575e-02	8.95461933e-01	3.16043815e-01	5.79418118e-01	-1.31687151e-01	9.61581306e-21	-9.27777372e-20	2.02712680e-22	-9.26763808e-20	9.28790935e-20
1893            	3.17088247e-02	1.58544124e-02	1.58544124e-02	8.95431644e-01	3.16034249e-01	5.79397395e-01	-1.31681573e-01	9.61559970e-21	-9.27771389e-20	2.07192622e-22	-9.26735425e-20	9.28807352e-20
1894            	3.17093194e-02	1.58546597e-02	1.58546597e-02	8.95402154e-01	3.16024621e-01	5.79377533e-01	-1.31676456e-01	9.61539400e-21	-9.27765633e-20	2.12278448e-22	-9.26704241e-20	9.28827025e-20
1895            	3.17097817e-02	1.58548909e-02	1.58548909e-02	8.95372398e-01	3.16014795e-01	5.79357603e-01	-1.31671404e-01	9.61518163e-21	-9.27759439e-20	2.17367881e-22	-9.26672599e-20	9.28846278e-20
1896            	3.17102271e-02	1.58551136e-02	1.58551136e-02	8.95343564e-01	3.16004950e-01	5.79338614e-01	-1.31666832e-01	9.61498112e-21	-9.27752530e-20	2.23203626e-22	-9.26636512e-20	9.28868548e-20
1897            	3.17106723e-02	1.58553361e-02	1.58553361e-02	8.95315099e-01	3.15994994e-01	5.79320105e-01	-1.31662555e-01	9.61476915e-21	-9.27745535e-20	2.28931152e-22	-9.26600879e-20	9.28890191e-20
1898            	3.17111529e-02	1.58555765e-02	1.58555765e-02	8.95287651e-01	3.15984973e-01	5.79302677e-01	-1.31658852e-01	9.61456184e-21	-9.27738598e-20	2.35382278e-22	-9.26561686e-20	9.28915509e-20
1899            	3.17115656e-02	1.58557828e-02	1.58557828e-02	8.95260171e-01	3.15974858e-01	5.79285313e-01	-1.31655227e-01	9.61434957e-21	-9.27732368e-20	2.41512869e-22	-9.26524803e-20	9.28939932e-20
1900            	3.17120496e-02	1.58560248e-02	1.58560248e-02	8.95234325e-01	3.15964779e-01	5.79269545e-01	-1.31652383e-01	9.61413959e-21	-9.27727678e-20	2.48082927e-22	-9.26487264e-20	9.28968093e-20
1901            	3.17125051e-02	1.58562525e-02	1.58562525e-02	8.95208898e-01	3.15954637e-01	5.79254261e-01	-1.31649812e-01	9.61392386e-21	-9.27724759e-20	2.54095852e-22	-9.26454280e-20	9.28995239e-20
1902            	3.17130328e-02	1.58565164e-02	1.58565164e-02	8.95184470e-01	3.15944432e-01	5.79240039e-01	-1.31647804e-01	9.61371626e-21	-9.27724969e-20	2.60348172e-22	-9.26423228e-20	9.29026710e-20
1903            	3.17136173e-02	1.58568087e-02	1.58568087e-02	8.95161534e-01	3.15934317e-01	5.79227218e-01	-1.31646450e-01	9.61349284e-21	-9.27724980e-20	2.66299922e-22	-9.26393480e-20	9.29056479e-20
1904            	3.17141915e-02	1.58570957e-02	1.58570957e-02	8.95139119e-01	3.15924162e-01	5.79214957e-01	-1.31645398e-01	9.61329404e-21	-9.27728639e-20	2.72313636e-22	-9.26367071e-20	9.29090207e-20
1905            	3.17148411e-02	1.58574205e-02	1.58574205e-02	8.95118508e-01	3.15914204e-01	5.79204303e-01	-1.31645049e-01	9.61308125e-21	-9.27728335e-20	2.78576237e-22	-9.26335453e-20	9.29121216e-20
1906            	3.17154820e-02	1.58577410e-02	1.58577410e-02	8.95098611e-01	3.15904287e-01	5.79194323e-01	-1.31645018e-01	9.61290000e-21	-9.27729767e-20	2.85185150e-22	-9.26303841e-20	9.29155693e-20
1907            	3.17161389e-02	1.58580694e-02	1.58580694e-02	8.95079953e-01	3.15894528e-01	5.79185425e-01	-1.31645448e-01	9.61271589e-21	-9.27729031e-20	2.92022110e-22	-9.26268921e-20	9.29189142e-20
1908            	3.17167118e-02	1.58583559e-02	1.58583559e-02	8.95061795e-01	3.15884961e-01	5.79176835e-01	-1.31645937e-01	9.61254184e-21	-9.27727007e-20	2.98817747e-22	-9.26232919e-20	9.29221096e-20
1909            	3.17173682e-02	1.58586841e-02	1.58586841e-02	8.95045443e-01	3.15875583e-01	5.79169860e-01	-1.31647139e-01	9.61237463e-21	-9.27724771e-20	3.06244785e-22	-9.26193547e-20	9.29255994e-20
1910            	3.17180514e-02	1.58590257e-02	1.58590257e-02	8.95030707e-01	3.15866457e-01	5.79164250e-01	-1.31648896e-01	9.61220925e-21	-9.27722026e-20	3.13648781e-22	-9.26153782e-20	9.29290270e-20
1911            	3.17185923e-02	1.58592962e-02	1.58592962e-02	8.95015907e-01	3.15857539e-01	5.79158368e-01	-1.31650414e-01	9.61206173e-21	-9.27718937e-20	3.20832147e-22	-9.26114777e-20	9.29323098e-20
1912            	3.17192734e-02	1.58596367e-02	1.58596367e-02	8.95003091e-01	3.15848816e-01	5.79154274e-01	-1.31652729e-01	9.61190672e-21	-9.27714512e-20	3.28818628e-22	-9.26070419e-20	9.29358605e-20
1913            	3.17199268e-02	1.58599634e-02	1.58599634e-02	8.94992054e-01	3.15840490e-01	5.79151564e-01	-1.31655537e-01	9.61175970e-21	-9.27709965e-20	3.36635894e-22	-9.26026786e-20	9.29393145e-20
1914            	3.17204305e-02	1.58602153e-02	1.58602153e-02	8.94980969e-01	3.15832416e-01	5.79148553e-01	-1.31658068e-01	9.61163236e-21	-9.27705951e-20	3.44056008e-22	-9.25985671e-20	9.29426231e-20
1915            	3.17210068e-02	1.58605034e-02	1.58605034e-02	8.94971259e-01	3.15824510e-01	5.79146749e-01	-1.31661120e-01	9.61150378e-21	-9.27702814e-20	3.51794681e-22	-9.25943841e-20	9.29461788e-20
1916            	3.17216688e-02	1.58608344e-02	1.58608344e-02	8.94963878e-01	3.15817027e-01	5.79146850e-01	-1.31664912e-01	9.61137325e-21	-9.27699917e-20	3.59348516e-22	-9.25903174e-20	9.29496659e-20
1917            	3.17221488e-02	1.58610744e-02	1.58610744e-02	8.94956806e-01	3.15809950e-01	5.79146855e-01	-1.31668452e-01	9.61127036e-21	-9.27696585e-20	3.66504447e-22	-9.25864063e-20	9.29529107e-20
1918            	3.17227082e-02	1.58613541e-02	1.58613541e-02	8.94951443e-01	3.15803159e-01	5.79148284e-01	-1.31672562e-01	9.61117130e-21	-9.27692187e-20	3.74202908e-22	-9.25821173e-20	9.29563202e-20
1919            	3.17232492e-02	1.58616246e-02	1.58616246e-02	8.94947575e-01	3.15796776e-01	5.79150798e-01	-1.31677011e-01	9.61108565e-21	-9.27687308e-20	3.81748159e-22	-9.25778568e-20	9.29596049e-20
1920            	3.17235994e-02	1.58617997e-02	1.58617997e-02	8.94943888e-01	3.15790866e-01	5.79153022e-01	-1.31681078e-01	9.61102672e-21	-9.27679776e-20	3.89227586e-22	-9.25733638e-20	9.29625914e-20
1921            	3.17239744e-02	1.58619872e-02	1.58619872e-02	8.94941969e-01	3.15785382e-01	5.79156588e-01	-1.31685603e-01	9.61097327e-21	-9.27670703e-20	3.97198137e-22	-9.25684712e-20	9.29656694e-20
1922            	3.17243383e-02	1.58621691e-02	1.58621691e-02	8.94941728e-01	3.15780383e-01	5.79161346e-01	-1.31690481e-01	9.61092888e-21	-9.27661512e-20	4.04969782e-22	-9.25636663e-20	9.29686361e-20
1923            	3.17244862e-02	1.58622431e-02	1.58622431e-02	8.94941533e-01	3.15775847e-01	5.79165685e-01	-1.31694919e-01	9.61090684e-21	-9.27651577e-20	4.12342333e-22	-9.25589865e-20	9.29713288e-20
1924            	3.17246429e-02	1.58623214e-02	1.58623214e-02	8.94942868e-01	3.15771749e-01	5.79171119e-01	-1.31699685e-01	9.61088873e-21	-9.27640483e-20	4.20121266e-22	-9.25539876e-20	9.29741089e-20
1925            	3.17247259e-02	1.58623630e-02	1.58623630e-02	8.94945518e-01	3.15768127e-01	5.79177391e-01	-1.31704632e-01	9.61086764e-21	-9.27629209e-20	4.27250592e-22	-9.25492956e-20	9.29765462e-20
1926            	3.17247153e-02	1.58623576e-02	1.58623576e-02	8.94948956e-01	3.15764999e-01	5.79183957e-01	-1.31709479e-01	9.61088492e-21	-9.27619610e-20	4.34565068e-22	-9.25446785e-20	9.29792436e-20
1927            	3.17247536e-02	1.58623768e-02	1.58623768e-02	8.94954014e-01	3.15762299e-01	5.79191715e-01	-1.31714708e-01	9.61088278e-21	-9.27610420e-20	4.41442875e-22	-9.25403206e-20	9.29817635e-20
1928            	3.17247332e-02	1.58623666e-02	1.58623666e-02	8.94960282e-01	3.15760093e-01	5.79200188e-01	-1.31720047e-01	9.61088742e-21	-9.27603101e-20	4.47775274e-22	-9.25364224e-20	9.29841977e-20
1929            	3.17247038e-02	1.58623519e-02	1.58623519e-02	8.94967887e-01	3.15758314e-01	5.79209573e-01	-1.31725629e-01	9.61089312e-21	-9.27598447e-20	4.53479581e-22	-9.25331050e-20	9.29865845e-20
1930            	3.17246881e-02	1.58623441e-02	1.58623441e-02	8.94976950e-01	3.15756979e-01	5.79219970e-01	-1.31731495e-01	9.61089935e-21	-9.27596863e-20	4.58471703e-22	-9.25304504e-20	9.29889221e-20
1931            	3.17246902e-02	1.58623451e-02	1.58623451e-02	8.94987433e-01	3.15756081e-01	5.79231352e-01	-1.31737636e-01	9.61091003e-21	-9.27597283e-20	4.62906802e-22	-9.25282749e-20	9.29911817e-20
1932            	3.17246898e-02	1.58623449e-02	1.58623449e-02	8.94999121e-01	3.15755602e-01	5.79243518e-01	-1.31743958e-01	9.61092877e-21	-9.27599086e-20	4.66852149e-22	-9.25264825e-20	9.29933347e-20
1933            	3.17246482e-02	1.58623241e-02	1.58623241e-02	8.95011849e-01	3.15755591e-01	5.79256259e-01	-1.31750334e-01	9.61096052e-21	-9.27601102e-20	4.70448741e-22	-9.25248858e-20	9.29953345e-20
1934            	3.17246107e-02	1.58623053e-02	1.58623053e-02	8.95025841e-01	3.15756057e-01	5.79269784e-01	-1.31756863e-01	9.61100197e-21	-9.27601772e-20	4.73988220e-22	-9.25231831e-20	9.29971713e-20
1935            	3.17244739e-02	1.58622370e-02	1.58622370e-02	8.95040642e-01	3.15757004e-01	5.79283639e-01	-1.31763317e-01	9.61106051e-21	-9.27602574e-20	4.77139673e-22	-9.25216875e-20	9.29988272e-20
1936            	3.17243172e-02	1.58621586e-02	1.58621586e-02	8.95056458e-01	3.15758417e-01	5.79298041e-01	-1.31769812e-01	9.61112415e-21	-9.27603215e-20	4.80054282e-22	-9.25202943e-20	9.30003486e-20
1937            	3.17241256e-02	1.58620628e-02	1.58620628e-02	8.95073294e-01	3.15760282e-01	5.79313013e-01	-1.31776365e-01	9.61119443e-21	-9.27604355e-20	4.82583816e-22	-9.25191436e-20	9.30017274e-20
1938            	3.17238822e-02	1.58619411e-02	1.58619411e-02	8.95091005e-01	3.15762615e-01	5.79328390e-01	-1.31782887e-01	9.61127478e-21	-9.27605601e-20	4.84771292e-22	-9.25181745e-20	9.30029458e-20
1939            	3.17235943e-02	1.58617971e-02	1.58617971e-02	8.95109646e-01	3.15765414e-01	5.79344231e-01	-1.31789408e-01	9.61136336e-21	-9.27606925e-20	4.86630566e-22	-9.25173772e-20	9.30040077e-20
1940            	3.17232443e-02	1.58616221e-02	1.58616221e-02	8.95129046e-01	3.15768683e-01	5.79360362e-01	-1.31795839e-01	9.61146442e-21	-9.27608074e-20	4.88170746e-22	-9.25167221e-20	9.30048928e-20
1941            	3.17228355e-02	1.58614178e-02	1.58614178e-02	8.95149213e-01	3.15772421e-01	5.79376792e-01	-1.31802185e-01	9.61157613e-21	-9.27608856e-20	4.89428066e-22	-9.25161716e-20	9.30055996e-20
1942            	3.17223756e-02	1.58611878e-02	1.58611878e-02	8.95170124e-01	3.15776612e-01	5.79393512e-01	-1.31808450e-01	9.61169537e-21	-9.27610481e-20	4.90214987e-22	-9.25159406e-20	9.30061556e-20
1943            	3.17219008e-02	1.58609504e-02	1.58609504e-02	8.95191865e-01	3.15781222e-01	5.79410643e-01	-1.31814711e-01	9.61181796e-21	-9.27612951e-20	4.90569106e-22	-9.25160105e-20	9.30065796e-20
1944            	3.17213498e-02	1.58606749e-02	1.58606749e-02	8.95214177e-01	3.15786294e-01	5.79427883e-01	-1.31820795e-01	9.61195445e-21	-9.27615735e-20	4.90490070e-22	-9.25163285e-20	9.30068186e-20
1945            	3.17207357e-02	1.58603679e-02	1.58603679e-02	8.95237019e-01	3.15791818e-01	5.79445202e-01	-1.31826692e-01	9.61210320e-21	-9.27617631e-20	4.90191967e-22	-9.25166671e-20	9.30068591e-20
1946            	3.17200316e-02	1.58600158e-02	1.58600158e-02	8.95260200e-01	3.15797793e-01	5.79462408e-01	-1.31832307e-01	9.61226753e-21	-9.27618647e-20	4.89647248e-22	-9.25170411e-20	9.30066883e-20
1947            	3.17193310e-02	1.58596655e-02	1.58596655e-02	8.95284095e-01	3.15804178e-01	5.79479917e-01	-1.31837870e-01	9.61243364e-21	-9.27619479e-20	4.88840817e-22	-9.25175275e-20	9.30063683e-20
1948            	3.17185087e-02	1.58592544e-02	1.58592544e-02	8.95307934e-01	3.15810986e-01	5.79496947e-01	-1.31842981e-01	9.61261631e-21	-9.27621286e-20	4.87476431e-22	-9.25183904e-20	9.30058668e-20
1949            	3.17176066e-02	1.58588033e-02	1.58588033e-02	8.95332074e-01	3.15818205e-01	5.79513869e-01	-1.31847832e-01	9.61280757e-21	-9.27623405e-20	4.85689316e-22	-9.25194958e-20	9.30051851e-20
1950            	3.17166380e-02	1.58583190e-02	1.58583190e-02	8.95356219e-01	3.15825760e-01	5.79530458e-01	-1.31852349e-01	9.61300748e-21	-9.27626405e-20	4.83433654e-22	-9.25209236e-20	9.30043573e-20
1951            	3.17155794e-02	1.58577897e-02	1.58577897e-02	8.95380628e-01	3.15833735e-01	5.79546894e-01	-1.31856580e-01	9.61321821e-21	-9.27629864e-20	4.80706031e-22	-9.25226334e-20	9.30033394e-20
1952            	3.17144211e-02	1.58572105e-02	1.58572105e-02	8.95404930e-01	3.15842068e-01	5.79562862e-01	-1.31860397e-01	9.61344062e-21	-9.27633587e-20	4.77573609e-22	-9.25245719e-20	9.30021455e-20
1953            	3.17131703e-02	1.58565852e-02	1.58565852e-02	8.95429012e-01	3.15850715e-01	5.79578296e-01	-1.31863791e-01	9.61367108e-21	-9.27638264e-20	4.73943387e-22	-9.25268548e-20	9.30007981e-20
1954            	3.17118387e-02	1.58559194e-02	1.58559194e-02	8.95453141e-01	3.15859697e-01	5.79593445e-01	-1.31866874e-01	9.61390536e-21	-9.27644013e-20	4.69796544e-22	-9.25295031e-20	9.29992996e-20
1955            	3.17104610e-02	1.58552305e-02	1.58552305e-02	8.95477041e-01	3.15868898e-01	5.79608143e-01	-1.31869622e-01	9.61414025e-21	-9.27651432e-20	4.65110574e-22	-9.25325879e-20	9.29976985e-20
1956            	3.17090282e-02	1.58545141e-02	1.58545141e-02	8.95500917e-01	3.15878383e-01	5.79622533e-01	-1.31872075e-01	9.61437545e-21	-9.27661585e-20	4.59666396e-22	-9.25363253e-20	9.29959917e-20
1957            	3.17075924e-02	1.58537962e-02	1.58537962e-02	8.95524987e-01	3.15888106e-01	5.79636881e-01	-1.31874387e-01	9.61460499e-21	-9.27674096e-20	4.53569711e-22	-9.25406248e-20	9.29941945e-20
1958            	3.17061535e-02	1.58530767e-02	1.58530767e-02	8.95548761e-01	3.15897940e-01	5.79650821e-01	-1.31876440e-01	9.61483316e-21	-9.27688835e-20	4.46865943e-22	-9.25454505e-20	9.29923165e-20
1959            	3.17046990e-02	1.58523495e-02	1.58523495e-02	8.95572477e-01	3.15907982e-01	5.79664495e-01	-1.31878256e-01	9.61506246e-21	-9.27705315e-20	4.39571979e-22	-9.25507455e-20	9.29903175e-20
1960            	3.17032297e-02	1.58516148e-02	1.58516148e-02	8.95595942e-01	3.15918164e-01	5.79677778e-01	-1.31879807e-01	9.61529524e-21	-9.27721644e-20	4.32009337e-22	-9.25561597e-20	9.29881690e-20
1961            	3.17017108e-02	1.58508554e-02	1.58508554e-02	8.95619061e-01	3.15928552e-01	5.79690509e-01	-1.31880978e-01	9.61553713e-21	-9.27737661e-20	4.24157425e-22	-9.25616874e-20	9.29858448e-20
1962            	3.17001486e-02	1.58500743e-02	1.58500743e-02	8.95641902e-01	3.15939127e-01	5.79702775e-01	-1.31881824e-01	9.61578167e-21	-9.27753840e-20	4.15970612e-22	-9.25673987e-20	9.29833693e-20
1963            	3.16985639e-02	1.58492820e-02	1.58492820e-02	8.95664043e-01	3.15949756e-01	5.79714287e-01	-1.31882266e-01	9.61602650e-21	-9.27770850e-20	4.07417724e-22	-9.25733761e-20	9.29807939e-20
1964            	3.16969516e-02	1.58484758e-02	1.58484758e-02	8.95685580e-01	3.15960445e-01	5.79725135e-01	-1.31882345e-01	9.61626932e-21	-9.27788416e-20	3.98531634e-22	-9.25795758e-20	9.29781074e-20
1965            	3.16953002e-02	1.58476501e-02	1.58476501e-02	8.95706800e-01	3.15971313e-01	5.79735488e-01	-1.31882087e-01	9.61651349e-21	-9.27806871e-20	3.89211604e-22	-9.25860813e-20	9.29752929e-20
1966            	3.16936104e-02	1.58468052e-02	1.58468052e-02	8.95727037e-01	3.15982183e-01	5.79744855e-01	-1.31881336e-01	9.61676005e-21	-9.27826806e-20	3.79422809e-22	-9.25929692e-20	9.29723920e-20
1967            	3.16918751e-02	1.58459376e-02	1.58459376e-02	8.95746750e-01	3.15993146e-01	5.79753604e-01	-1.31880229e-01	9.61700874e-21	-9.27847586e-20	3.69199372e-22	-9.26001589e-20	9.29693582e-20
1968            	3.16901033e-02	1.58450516e-02	1.58450516e-02	8.95765329e-01	3.16004057e-01	5.79761272e-01	-1.31878607e-01	9.61726350e-21	-9.27869171e-20	3.58628108e-22	-9.26076031e-20	9.29662312e-20
1969            	3.16883598e-02	1.58441799e-02	1.58441799e-02	8.95783272e-01	3.16014899e-01	5.79768374e-01	-1.31876737e-01	9.61750817e-21	-9.27891561e-20	3.47777051e-22	-9.26152676e-20	9.29630446e-20
1970            	3.16865765e-02	1.58432882e-02	1.58432882e-02	8.95800404e-01	3.16025769e-01	5.79774635e-01	-1.31874433e-01	9.61775545e-21	-9.27915670e-20	3.36410796e-22	-9.26233616e-20	9.29597724e-20
1971            	3.16847715e-02	1.58423857e-02	1.58423857e-02	8.95816951e-01	3.16036675e-01	5.79780275e-01	-1.31871800e-01	9.61800248e-21	-9.27939071e-20	3.24942484e-22	-9.26314358e-20	9.29563783e-20
1972            	3.16828997e-02	1.58414499e-02	1.58414499e-02	8.95832026e-01	3.16047459e-01	5.79784567e-01	-1.31868554e-01	9.61825843e-21	-9.27961536e-20	3.13440830e-22	-9.26394332e-20	9.29528740e-20
1973            	3.16809741e-02	1.58404871e-02	1.58404871e-02	8.95845804e-01	3.16058132e-01	5.79787672e-01	-1.31864770e-01	9.61851585e-21	-9.27983045e-20	3.01924487e-22	-9.26473422e-20	9.29492667e-20
1974            	3.16789537e-02	1.58394769e-02	1.58394769e-02	8.95858353e-01	3.16068798e-01	5.79789554e-01	-1.31860378e-01	9.61878052e-21	-9.28004338e-20	2.90215275e-22	-9.26553262e-20	9.29455415e-20
1975            	3.16769652e-02	1.58384826e-02	1.58384826e-02	8.95870371e-01	3.16079403e-01	5.79790968e-01	-1.31855782e-01	9.61903242e-21	-9.28026364e-20	2.78302143e-22	-9.26634854e-20	9.29417875e-20
1976            	3.16748942e-02	1.58374471e-02	1.58374471e-02	8.95880592e-01	3.16089788e-01	5.79790804e-01	-1.31850508e-01	9.61929065e-21	-9.28049898e-20	2.66011416e-22	-9.26719841e-20	9.29379955e-20
1977            	3.16727693e-02	1.58363846e-02	1.58363846e-02	8.95889731e-01	3.16100089e-01	5.79789642e-01	-1.31844776e-01	9.61954782e-21	-9.28074080e-20	2.53439827e-22	-9.26806881e-20	9.29341280e-20
1978            	3.16705907e-02	1.58352953e-02	1.58352953e-02	8.95897190e-01	3.16110132e-01	5.79787058e-01	-1.31838463e-01	9.61980848e-21	-9.28098838e-20	2.40694019e-22	-9.26895368e-20	9.29302308e-20
1979            	3.16683543e-02	1.58341771e-02	1.58341771e-02	8.95903511e-01	3.16120069e-01	5.79783442e-01	-1.31831686e-01	9.62006950e-21	-9.28123896e-20	2.27738970e-22	-9.26985201e-20	9.29262591e-20
1980            	3.16660663e-02	1.58330331e-02	1.58330331e-02	8.95908387e-01	3.16129781e-01	5.79778606e-01	-1.31824413e-01	9.62032994e-21	-9.28149994e-20	2.14543844e-22	-9.27077274e-20	9.29222713e-20
1981            	3.16637501e-02	1.58318750e-02	1.58318750e-02	8.95911869e-01	3.16139236e-01	5.79772633e-01	-1.31816699e-01	9.62058378e-21	-9.28177678e-20	2.01062032e-22	-9.27172368e-20	9.29182988e-20
1982            	3.16614170e-02	1.58307085e-02	1.58307085e-02	8.95913701e-01	3.16148322e-01	5.79765379e-01	-1.31808529e-01	9.62082972e-21	-9.28207526e-20	1.87249130e-22	-9.27271280e-20	9.29143771e-20
1983            	3.16590938e-02	1.58295469e-02	1.58295469e-02	8.95914642e-01	3.16157188e-01	5.79757454e-01	-1.31800133e-01	9.62106088e-21	-9.28240006e-20	1.72989563e-22	-9.27375058e-20	9.29104954e-20
1984            	3.16567964e-02	1.58283982e-02	1.58283982e-02	8.95914402e-01	3.16165708e-01	5.79748694e-01	-1.31791493e-01	9.62128212e-21	-9.28274479e-20	1.58460943e-22	-9.27482174e-20	9.29066784e-20
1985            	3.16545287e-02	1.58272643e-02	1.58272643e-02	8.95913156e-01	3.16173928e-01	5.79739228e-01	-1.31782650e-01	9.62149354e-21	-9.28310301e-20	1.43723934e-22	-9.27591681e-20	9.29028921e-20
1986            	3.16522694e-02	1.58261347e-02	1.58261347e-02	8.95910267e-01	3.16181689e-01	5.79728579e-01	-1.31773445e-01	9.62170300e-21	-9.28346132e-20	1.29046815e-22	-9.27700898e-20	9.28991366e-20
1987            	3.16499633e-02	1.58249816e-02	1.58249816e-02	8.95906139e-01	3.16189222e-01	5.79716918e-01	-1.31763848e-01	9.62191433e-21	-9.28381399e-20	1.14377630e-22	-9.27809511e-20	9.28953287e-20
1988            	3.16476841e-02	1.58238421e-02	1.58238421e-02	8.95900469e-01	3.16196256e-01	5.79704213e-01	-1.31753979e-01	9.62211961e-21	-9.28415466e-20	1.00035911e-22	-9.27915287e-20	9.28915646e-20
1989            	3.16453993e-02	1.58226996e-02	1.58226996e-02	8.95893273e-01	3.16202887e-01	5.79690386e-01	-1.31743749e-01	9.62231955e-21	-9.28450435e-20	8.55976476e-23	-9.28022447e-20	9.28878423e-20
1990            	3.16430705e-02	1.58215352e-02	1.58215352e-02	8.95884801e-01	3.16209257e-01	5.79675544e-01	-1.31733144e-01	9.62251774e-21	-9.28486070e-20	7.10438082e-23	-9.28130850e-20	9.28841289e-20
1991            	3.16407845e-02	1.58203922e-02	1.58203922e-02	8.95875053e-01	3.16215152e-01	5.79659901e-01	-1.31722375e-01	9.62270424e-21	-9.28521501e-20	5.66975931e-23	-9.28238014e-20	9.28804989e-20
1992            	3.16385063e-02	1.58192531e-02	1.58192531e-02	8.95863605e-01	3.16220535e-01	5.79643069e-01	-1.31711267e-01	9.62288517e-21	-9.28558326e-20	4.22565858e-23	-9.28347043e-20	9.28769609e-20
1993            	3.16362009e-02	1.58181005e-02	1.58181005e-02	8.95850868e-01	3.16225603e-01	5.79625265e-01	-1.31699831e-01	9.62306129e-21	-9.28596183e-20	2.76906940e-23	-9.28457730e-20	9.28734637e-20
1994            	3.16339342e-02	1.58169671e-02	1.58169671e-02	8.95836694e-01	3.16230137e-01	5.79606558e-01	-1.31688211e-01	9.62322969e-21	-9.28633148e-20	1.34717775e-23	-9.28565789e-20	9.28700507e-20
1995            	3.16316707e-02	1.58158354e-02	1.58158354e-02	8.95821168e-01	3.16234264e-01	5.79586904e-01	-1.31676320e-01	9.62339208e-21	-9.28671570e-20	-8.78356323e-25	-9.28675962e-20	9.28667178e-20
1996            	3.16294445e-02	1.58147223e-02	1.58147223e-02	8.95804474e-01	3.16237931e-01	5.79566543e-01	-1.31664306e-01	9.62354251e-21	-9.28711744e-20	-1.53106837e-23	-9.28788297e-20	9.28635190e-20
1997            	3.16272330e-02	1.58136165e-02	1.58136165e-02	8.95786281e-01	3.16241055e-01	5.79545226e-01	-1.31652086e-01	9.62368824e-21	-9.28751580e-20	-2.95123080e-23	-9.28899141e-20	9.28604018e-20
1998            	3.16250123e-02	1.58125061e-02	1.58125061e-02	8.95766612e-01	3.16243761e-01	5.79522851e-01	-1.31639545e-01	9.62383506e-21	-9.28791495e-20	-4.36187417e-23	-9.29009589e-20	9.28573402e-20
1999            	3.16227378e-02	1.58113689e-02	1.58113689e-02	8.95745323e-01	3.16246066e-01	5.79499257e-01	-1.31626595e-01	9.62398794e-21	-9.28830423e-20	-5.74654664e-23	-9.29117751e-20	9.28543096e-20
2000            	3.16204785e-02	1.58102392e-02	1.58102392e-02	8.95722621e-01	3.16247875e-01	5.79474746e-01	-1.31613435e-01	9.62413439e-21	-9.28868270e-20	-7.09257074e-23	-9.29222899e-20	9.28513642e-20
2001            	3.16181927e-02	1.58090963e-02	1.58090963e-02	8.95698262e-01	3.16249198e-01	5.79449064e-01	-1.31599933e-01	9.62427961e-21	-9.28906357e-20	-8.42501098e-23	-9.29327608e-20	9.28485107e-20
2002            	3.16158806e-02	1.58079403e-02	1.58079403e-02	8.95672377e-01	3.16250084e-01	5.79422293e-01	-1.31586104e-01	9.62442037e-21	-9.28944348e-20	-9.73601174e-23	-9.29431148e-20	9.28457547e-20
2003            	3.16135438e-02	1.58067719e-02	1.58067719e-02	8.95645066e-01	3.16250551e-01	5.79394515e-01	-1.31571982e-01	9.62455636e-21	-9.28982291e-20	-1.10260332e-22	-9.29533593e-20	9.28430990e-20
2004            	3.16111727e-02	1.58055864e-02	1.58055864e-02	8.95616220e-01	3.16250539e-01	5.79365681e-01	-1.31557571e-01	9.62468979e-21	-9.29019688e-20	-1.22847177e-22	-9.29633924e-20	9.28405452e-20
2005            	3.16087788e-02	1.58043894e-02	1.58043894e-02	8.95585939e-01	3.16250098e-01	5.79335841e-01	-1.31542871e-01	9.62481919e-21	-9.29056679e-20	-1.35144010e-22	-9.29732399e-20	9.28380959e-20
2006            	3.16063201e-02	1.58031600e-02	1.58031600e-02	8.95554106e-01	3.16249231e-01	5.79304875e-01	-1.31527822e-01	9.62494825e-21	-9.29093986e-20	-1.47288334e-22	-9.29830427e-20	9.28357544e-20
2007            	3.16039228e-02	1.58019614e-02	1.58019614e-02	8.95521283e-01	3.16247820e-01	5.79273462e-01	-1.31512821e-01	9.62505929e-21	-9.29131734e-20	-1.59154137e-22	-9.29927505e-20	9.28335963e-20
2008            	3.16015410e-02	1.58007705e-02	1.58007705e-02	8.95487146e-01	3.16245898e-01	5.79241248e-01	-1.31497675e-01	9.62516195e-21	-9.29171768e-20	-1.71121048e-22	-9.30027373e-20	9.28316163e-20
2009            	3.15992170e-02	1.57996085e-02	1.57996085e-02	8.95452034e-01	3.16243480e-01	5.79208554e-01	-1.31482537e-01	9.62524856e-21	-9.29214139e-20	-1.83142033e-22	-9.30129849e-20	9.28298429e-20
2010            	3.15969442e-02	1.57984721e-02	1.57984721e-02	8.95415983e-01	3.16240529e-01	5.79175453e-01	-1.31467462e-01	9.62532486e-21	-9.29258086e-20	-1.95119655e-22	-9.30233685e-20	9.28282488e-20
2011            	3.15947456e-02	1.57973728e-02	1.57973728e-02	8.95379074e-01	3.16237052e-01	5.79142022e-01	-1.31452485e-01	9.62538940e-21	-9.29303492e-20	-2.07018310e-22	-9.30338583e-20	9.28268400e-20
2012            	3.15925936e-02	1.57962968e-02	1.57962968e-02	8.95341209e-01	3.16233069e-01	5.79108140e-01	-1.31437535e-01	9.62545019e-21	-9.29349059e-20	-2.18677501e-22	-9.30442446e-20	9.28255671e-20
2013            	3.15904741e-02	1.57952370e-02	1.57952370e-02	8.95302394e-01	3.16228611e-01	5.79073783e-01	-1.31422586e-01	9.62550934e-21	-9.29393780e-20	-2.29935221e-22	-9.30543456e-20	9.28244104e-20
2014            	3.15884928e-02	1.57942464e-02	1.57942464e-02	8.95263187e-01	3.16223609e-01	5.79039578e-01	-1.31407985e-01	9.62555013e-21	-9.29439190e-20	-2.40928003e-22	-9.30643830e-20	9.28234550e-20
2015            	3.15864572e-02	1.57932286e-02	1.57932286e-02	8.95222683e-01	3.16218174e-01	5.79004508e-01	-1.31393167e-01	9.62559719e-21	-9.29485925e-20	-2.51943389e-22	-9.30745642e-20	9.28226208e-20
2016            	3.15844785e-02	1.57922393e-02	1.57922393e-02	8.95181435e-01	3.16212261e-01	5.78969174e-01	-1.31378456e-01	9.62563493e-21	-9.29532489e-20	-2.62595563e-22	-9.30845467e-20	9.28219511e-20
2017            	3.15825568e-02	1.57912784e-02	1.57912784e-02	8.95139478e-01	3.16205873e-01	5.78933604e-01	-1.31363865e-01	9.62566566e-21	-9.29579700e-20	-2.73055282e-22	-9.30944976e-20	9.28214423e-20
2018            	3.15806905e-02	1.57903453e-02	1.57903453e-02	8.95096836e-01	3.16199021e-01	5.78897815e-01	-1.31349397e-01	9.62568818e-21	-9.29627883e-20	-2.83359511e-22	-9.31044680e-20	9.28211085e-20
2019            	3.15789303e-02	1.57894652e-02	1.57894652e-02	8.95053903e-01	3.16191707e-01	5.78862196e-01	-1.31335244e-01	9.62569950e-21	-9.29675273e-20	-2.93189493e-22	-9.31141221e-20	9.28209326e-20
2020            	3.15771361e-02	1.57885681e-02	1.57885681e-02	8.95009753e-01	3.16183977e-01	5.78825776e-01	-1.31320899e-01	9.62571787e-21	-9.29723105e-20	-3.02864684e-22	-9.31237428e-20	9.28208781e-20
2021            	3.15753892e-02	1.57876946e-02	1.57876946e-02	8.94965130e-01	3.16175841e-01	5.78789289e-01	-1.31306724e-01	9.62572649e-21	-9.29770019e-20	-3.12049868e-22	-9.31330269e-20	9.28209770e-20
2022            	3.15736769e-02	1.57868384e-02	1.57868384e-02	8.94919933e-01	3.16167302e-01	5.78752630e-01	-1.31292664e-01	9.62573217e-21	-9.29816469e-20	-3.20853058e-22	-9.31420734e-20	9.28212204e-20
2023            	3.15720459e-02	1.57860230e-02	1.57860230e-02	8.94874598e-01	3.16158383e-01	5.78716215e-01	-1.31278916e-01	9.62573175e-21	-9.29860430e-20	-3.28929702e-22	-9.31505079e-20	9.28215782e-20
2024            	3.15702529e-02	1.57851265e-02	1.57851265e-02	8.94827592e-01	3.16149131e-01	5.78678461e-01	-1.31264665e-01	9.62575388e-21	-9.29904076e-20	-3.36827303e-22	-9.31588213e-20	9.28219940e-20
2025            	3.15686007e-02	1.57843003e-02	1.57843003e-02	8.94781016e-01	3.16139546e-01	5.78641470e-01	-1.31250962e-01	9.62575659e-21	-9.29943558e-20	-3.43613673e-22	-9.31661626e-20	9.28225489e-20
2026            	3.15668449e-02	1.57834225e-02	1.57834225e-02	8.94733141e-01	3.16129631e-01	5.78603510e-01	-1.31236939e-01	9.62577604e-21	-9.29984110e-20	-3.50407685e-22	-9.31736148e-20	9.28232071e-20
2027            	3.15650621e-02	1.57825311e-02	1.57825311e-02	8.94684782e-01	3.16119431e-01	5.78565351e-01	-1.31222960e-01	9.62579287e-21	-9.30023023e-20	-3.56640910e-22	-9.31806227e-20	9.28239818e-20
2028            	3.15633481e-02	1.57816740e-02	1.57816740e-02	8.94636610e-01	3.16108950e-01	5.78527660e-01	-1.31209355e-01	9.62579995e-21	-9.30060966e-20	-3.62371422e-22	-9.31872823e-20	9.28249108e-20
2029            	3.15615361e-02	1.57807680e-02	1.57807680e-02	8.94587511e-01	3.16098183e-01	5.78489328e-01	-1.31195573e-01	9.62581861e-21	-9.30100042e-20	-3.68094818e-22	-9.31940516e-20	9.28259568e-20
2030            	3.15597164e-02	1.57798582e-02	1.57798582e-02	8.94537880e-01	3.16087116e-01	5.78450764e-01	-1.31181824e-01	9.62583507e-21	-9.30138292e-20	-3.73356111e-22	-9.32005073e-20	9.28271512e-20
2031            	3.15579156e-02	1.57789578e-02	1.57789578e-02	8.94488236e-01	3.16075780e-01	5.78412456e-01	-1.31168338e-01	9.62584708e-21	-9.30176839e-20	-3.78386843e-22	-9.32068773e-20	9.28284905e-20
2032            	3.15560729e-02	1.57780364e-02	1.57780364e-02	8.94438462e-01	3.16064250e-01	5.78374212e-01	-1.31154981e-01	9.62586210e-21	-9.30215742e-20	-3.83245782e-22	-9.32131971e-20	9.28299513e-20
2033            	3.15543439e-02	1.57771719e-02	1.57771719e-02	8.94389117e-01	3.16052441e-01	5.78336676e-01	-1.31142118e-01	9.62586305e-21	-9.30255652e-20	-3.87899543e-22	-9.32195150e-20	9.28316154e-20
2034            	3.15525727e-02	1.57762863e-02	1.57762863e-02	8.94339077e-01	3.16040324e-01	5.78298753e-01	-1.31129215e-01	9.62586898e-21	-9.30298720e-20	-3.92839777e-22	-9.32262919e-20	9.28334521e-20
2035            	3.15508479e-02	1.57754240e-02	1.57754240e-02	8.94289529e-01	3.16028020e-01	5.78261508e-01	-1.31116744e-01	9.62586367e-21	-9.30342163e-20	-3.97543171e-22	-9.32329878e-20	9.28354447e-20
2036            	3.15492094e-02	1.57746047e-02	1.57746047e-02	8.94240062e-01	3.16015419e-01	5.78224644e-01	-1.31104612e-01	9.62584909e-21	-9.30387731e-20	-4.02236655e-22	-9.32398914e-20	9.28376547e-20
2037            	3.15476077e-02	1.57738038e-02	1.57738038e-02	8.94191188e-01	3.16002686e-01	5.78188503e-01	-1.31092909e-01	9.62583109e-21	-9.30432923e-20	-4.06659238e-22	-9.32466219e-20	9.28399627e-20
2038            	3.15460459e-02	1.57730229e-02	1.57730229e-02	8.94142226e-01	3.15989707e-01	5.78152518e-01	-1.31081406e-01	9.62581556e-21	-9.30477577e-20	-4.10709826e-22	-9.32531126e-20	9.28424028e-20
2039            	3.15445765e-02	1.57722883e-02	1.57722883e-02	8.94094384e-01	3.15976669e-01	5.78117716e-01	-1.31070524e-01	9.62579264e-21	-9.30519675e-20	-4.14125884e-22	-9.32590305e-20	9.28449046e-20
2040            	3.15430241e-02	1.57715121e-02	1.57715121e-02	8.94046195e-01	3.15963490e-01	5.78082705e-01	-1.31059607e-01	9.62578594e-21	-9.30562669e-20	-4.17563411e-22	-9.32650486e-20	9.28474852e-20
2041            	3.15414961e-02	1.57707480e-02	1.57707480e-02	8.93997992e-01	3.15950128e-01	5.78047865e-01	-1.31048869e-01	9.62577633e-21	-9.30605311e-20	-4.20664845e-22	-9.32708636e-20	9.28501987e-20
2042            	3.15399861e-02	1.57699930e-02	1.57699930e-02	8.93950309e-01	3.15936702e-01	5.78013607e-01	-1.31038453e-01	9.62576679e-21	-9.30647738e-20	-4.23563230e-22	-9.32765555e-20	9.28529922e-20
2043            	3.15385000e-02	1.57692500e-02	1.57692500e-02	8.93903467e-01	3.15923278e-01	5.77980189e-01	-1.31028456e-01	9.62575727e-21	-9.30690239e-20	-4.26306424e-22	-9.32821771e-20	9.28558707e-20
2044            	3.15371651e-02	1.57685826e-02	1.57685826e-02	8.93857854e-01	3.15909783e-01	5.77948071e-01	-1.31019144e-01	9.62573486e-21	-9.30732790e-20	-4.28761611e-22	-9.32876598e-20	9.28588982e-20
2045            	3.15357942e-02	1.57678971e-02	1.57678971e-02	8.93812350e-01	3.15896199e-01	5.77916151e-01	-1.31009976e-01	9.62572445e-21	-9.30777693e-20	-4.31529060e-22	-9.32935339e-20	9.28620048e-20
2046            	3.15344338e-02	1.57672169e-02	1.57672169e-02	8.93766934e-01	3.15882512e-01	5.77884422e-01	-1.31000955e-01	9.62571644e-21	-9.30822258e-20	-4.34017953e-22	-9.32992347e-20	9.28652168e-20
2047            	3.15331757e-02	1.57665878e-02	1.57665878e-02	8.93723148e-01	3.15868954e-01	5.77854194e-01	-1.30992620e-01	9.62570313e-21	-9.30864302e-20	-4.35975298e-22	-9.33044178e-20	9.28684425e-20
2048            	3.15317289e-02	1.57658644e-02	1.57658644e-02	8.93678372e-01	3.15855317e-01	5.77823055e-01	-1.30983869e-01	9.62572531e-21	-9.30907459e-20	-4.38140692e-22	-9.33098163e-20	9.28716756e-20
2049            	3.15304488e-02	1.57652244e-02	1.57652244e-02	8.93635673e-01	3.15841882e-01	5.77793792e-01	-1.30975955e-01	9.62572787e-21	-9.30944995e-20	-4.39146544e-22	-9.33140727e-20	9.28749262e-20
2050            	3.15290609e-02	1.57645304e-02	1.57645304e-02	8.93592688e-01	3.15828438e-01	5.77764251e-01	-1.30967907e-01	9.62575409e-21	-9.30984150e-20	-4.40417434e-22	-9.33186237e-20	9.28782063e-20
2051            	3.15276233e-02	1.57638117e-02	1.57638117e-02	8.93550143e-01	3.15815112e-01	5.77735030e-01	-1.30959959e-01	9.62578419e-21	-9.31021030e-20	-4.41216388e-22	-9.33227112e-20	9.28814948e-20
2052            	3.15261389e-02	1.57630694e-02	1.57630694e-02	8.93508534e-01	3.15802019e-01	5.77706515e-01	-1.30952248e-01	9.62582123e-21	-9.31056151e-20	-4.41704323e-22	-9.33264673e-20	9.28847630e-20
2053            	3.15246522e-02	1.57623261e-02	1.57623261e-02	8.93467270e-01	3.15788957e-01	5.77678312e-01	-1.30944677e-01	9.62586107e-21	-9.31091717e-20	-4.42105896e-22	-9.33302246e-20	9.28881187e-20
2054            	3.15231315e-02	1.57615657e-02	1.57615657e-02	8.93426649e-01	3.15776047e-01	5.77650601e-01	-1.30937277e-01	9.62590399e-21	-9.31127617e-20	-4.42527678e-22	-9.33340255e-20	9.28914979e-20
2055            	3.15215713e-02	1.57607857e-02	1.57607857e-02	8.93386744e-01	3.15763329e-01	5.77623414e-01	-1.30930042e-01	9.62595610e-21	-9.31162758e-20	-4.42809672e-22	-9.33376806e-20	9.28948709e-20
2056            	3.15199674e-02	1.57599837e-02	1.57599837e-02	8.93347518e-01	3.15750804e-01	5.77596714e-01	-1.30922955e-01	9.62601902e-21	-9.31197231e-20	-4.42989234e-22	-9.33412177e-20	9.28982284e-20
2057            	3.15183332e-02	1.57591666e-02	1.57591666e-02	8.93309090e-01	3.15738471e-01	5.77570619e-01	-1.30916074e-01	9.62608860e-21	-9.31232004e-20	-4.43213382e-22	-9.33448071e-20	9.29015937e-20
2058            	3.15167400e-02	1.57583700e-02	1.57583700e-02	8.93271714e-01	3.15726296e-01	5.77545418e-01	-1.30909561e-01	9.62615571e-21	-9.31268428e-20	-4.43642995e-22	-9.33486643e-20	9.29050213e-20
2059            	3.15151489e-02	1.57575744e-02	1.57575744e-02	8.93235276e-01	3.15714307e-01	5.77520969e-01	-1.30903331e-01	9.62622359e-21	-9.31306523e-20	-4.44320918e-22	-9.33528128e-20	9.29084919e-20
2060            	3.15134892e-02	1.57567446e-02	1.57567446e-02	8.93198876e-01	3.15702383e-01	5.77496492e-01	-1.30897054e-01	9.62630226e-21	-9.31348435e-20	-4.45632603e-22	-9.33576598e-20	9.29120272e-20
2061            	3.15119424e-02	1.57559712e-02	1.57559712e-02	8.93164437e-01	3.15690762e-01	5.77473675e-01	-1.30891456e-01	9.62636669e-21	-9.31389899e-20	-4.46832713e-22	-9.33624062e-20	9.29155735e-20
2062            	3.15103998e-02	1.57551999e-02	1.57551999e-02	8.93131064e-01	3.15679370e-01	5.77451694e-01	-1.30886162e-01	9.62644449e-21	-9.31432388e-20	-4.48287862e-22	-9.33673827e-20	9.29190949e-20
2063            	3.15087959e-02	1.57543979e-02	1.57543979e-02	8.93097970e-01	3.15668104e-01	5.77429866e-01	-1.30880881e-01	9.62653685e-21	-9.31474087e-20	-4.49667957e-22	-9.33722427e-20	9.29225748e-20
2064            	3.15072587e-02	1.57536293e-02	1.57536293e-02	8.93066571e-01	3.15657188e-01	5.77409384e-01	-1.30876098e-01	9.62662339e-21	-9.31513197e-20	-4.50646477e-22	-9.33766430e-20	9.29259965e-20
2065            	3.15057110e-02	1.57528555e-02	1.57528555e-02	8.93036265e-01	3.15646545e-01	5.77389720e-01	-1.30871588e-01	9.62671727e-21	-9.31552352e-20	-4.51705967e-22	-9.33810882e-20	9.29293822e-20
2066            	3.15040665e-02	1.57520333e-02	1.57520333e-02	8.93006111e-01	3.15636074e-01	5.77370037e-01	-1.30866981e-01	9.62682469e-21	-9.31592171e-20	-4.52958776e-22	-9.33856964e-20	9.29327377e-20
2067            	3.15025122e-02	1.57512561e-02	1.57512561e-02	8.92977533e-01	3.15625895e-01	5.77351638e-01	-1.30862872e-01	9.62691908e-21	-9.31630834e-20	-4.53995814e-22	-9.33900813e-20	9.29360855e-20
2068            	3.15009724e-02	1.57504862e-02	1.57504862e-02	8.92950426e-01	3.15616070e-01	5.77334356e-01	-1.30859143e-01	9.62701589e-21	-9.31670221e-20	-4.55272825e-22	-9.33946585e-20	9.29393857e-20
2069            	3.14994545e-02	1.57497272e-02	1.57497272e-02	8.92924488e-01	3.15606511e-01	5.77317977e-01	-1.30855733e-01	9.62711379e-21	-9.31710327e-20	-4.56710442e-22	-9.33993880e-20	9.29426775e-20
2070            	3.14979394e-02	1.57489697e-02	1.57489697e-02	8.92899574e-01	3.15597227e-01	5.77302347e-01	-1.30852560e-01	9.62721646e-21	-9.31750571e-20	-4.58272703e-22	-9.34041935e-20	9.29459208e-20
2071            	3.14964003e-02	1.57482001e-02	1.57482001e-02	8.92875408e-01	3.15588202e-01	5.77287205e-01	-1.30849502e-01	9.62733125e-21	-9.31789205e-20	-4.59711367e-22	-9.34087762e-20	9.29490648e-20
2072            	3.14947590e-02	1.57473795e-02	1.57473795e-02	8.92851656e-01	3.15579515e-01	5.77272141e-01	-1.30846313e-01	9.62746938e-21	-9.31826982e-20	-4.61282672e-22	-9.34133396e-20	9.29520569e-20
2073            	3.14931195e-02	1.57465597e-02	1.57465597e-02	8.92829247e-01	3.15571272e-01	5.77257974e-01	-1.30843351e-01	9.62761299e-21	-9.31862195e-20	-4.62584496e-22	-9.34175118e-20	9.29549273e-20
2074            	3.14914462e-02	1.57457231e-02	1.57457231e-02	8.92807630e-01	3.15563323e-01	5.77244307e-01	-1.30840492e-01	9.62776810e-21	-9.31898448e-20	-4.64235961e-22	-9.34219628e-20	9.29577268e-20
2075            	3.14897059e-02	1.57448530e-02	1.57448530e-02	8.92786892e-01	3.15555785e-01	5.77231106e-01	-1.30837660e-01	9.62793470e-21	-9.31934244e-20	-4.66030846e-22	-9.34264398e-20	9.29604090e-20
2076            	3.14879005e-02	1.57439503e-02	1.57439503e-02	8.92766897e-01	3.15548610e-01	5.77218288e-01	-1.30834839e-01	9.62811374e-21	-9.31969536e-20	-4.67937785e-22	-9.34309225e-20	9.29629847e-20
2077            	3.14860390e-02	1.57430195e-02	1.57430195e-02	8.92747541e-01	3.15541746e-01	5.77205794e-01	-1.30832024e-01	9.62829883e-21	-9.32005214e-20	-4.70056144e-22	-9.34355495e-20	9.29654933e-20
2078            	3.14841218e-02	1.57420609e-02	1.57420609e-02	8.92729038e-01	3.15535291e-01	5.77193747e-01	-1.30829228e-01	9.62848895e-21	-9.32041196e-20	-4.72407728e-22	-9.34403234e-20	9.29679157e-20
2079            	3.14820765e-02	1.57410382e-02	1.57410382e-02	8.92710764e-01	3.15529158e-01	5.77181606e-01	-1.30826224e-01	9.62869405e-21	-9.32077767e-20	-4.75076587e-22	-9.34453149e-20	9.29702384e-20
2080            	3.14800455e-02	1.57400227e-02	1.57400227e-02	8.92693656e-01	3.15523432e-01	5.77170224e-01	-1.30823396e-01	9.62889786e-21	-9.32112419e-20	-4.77563872e-22	-9.34500238e-20	9.29724599e-20
2081            	3.14779469e-02	1.57389734e-02	1.57389734e-02	8.92677214e-01	3.15518043e-01	5.77159171e-01	-1.30820564e-01	9.62911330e-21	-9.32147411e-20	-4.80340183e-22	-9.34549112e-20	9.29745710e-20
2082            	3.14757846e-02	1.57378923e-02	1.57378923e-02	8.92661470e-01	3.15513048e-01	5.77148422e-01	-1.30817687e-01	9.62933736e-21	-9.32182270e-20	-4.83310731e-22	-9.34598823e-20	9.29765716e-20
2083            	3.14735854e-02	1.57367927e-02	1.57367927e-02	8.92646462e-01	3.15508390e-01	5.77138072e-01	-1.30814841e-01	9.62956402e-21	-9.32218603e-20	-4.86696786e-22	-9.34652087e-20	9.29785119e-20
2084            	3.14713769e-02	1.57356884e-02	1.57356884e-02	8.92632246e-01	3.15504046e-01	5.77128201e-01	-1.30812077e-01	9.62979028e-21	-9.32257223e-20	-4.90621782e-22	-9.34710332e-20	9.29804114e-20
2085            	3.14691523e-02	1.57345761e-02	1.57345761e-02	8.92618742e-01	3.15499992e-01	5.77118750e-01	-1.30809379e-01	9.63001974e-21	-9.32297050e-20	-4.94939660e-22	-9.34771748e-20	9.29822351e-20
2086            	3.14668964e-02	1.57334482e-02	1.57334482e-02	8.92605910e-01	3.15496291e-01	5.77109618e-01	-1.30806663e-01	9.63025865e-21	-9.32336643e-20	-4.99467564e-22	-9.34833981e-20	9.29839306e-20
2087            	3.14646070e-02	1.57323035e-02	1.57323035e-02	8.92593731e-01	3.15492921e-01	5.77100810e-01	-1.30803944e-01	9.63050660e-21	-9.32376074e-20	-5.04211166e-22	-9.34897129e-20	9.29855018e-20
2088            	3.14623317e-02	1.57311658e-02	1.57311658e-02	8.92582269e-01	3.15489844e-01	5.77092424e-01	-1.30801290e-01	9.63075777e-21	-9.32417132e-20	-5.09432877e-22	-9.34964297e-20	9.29869968e-20
2089            	3.14600109e-02	1.57300054e-02	1.57300054e-02	8.92571217e-01	3.15487088e-01	5.77084129e-01	-1.30798521e-01	9.63101787e-21	-9.32458816e-20	-5.15010285e-22	-9.35033867e-20	9.29883764e-20
2090            	3.14577450e-02	1.57288725e-02	1.57288725e-02	8.92561072e-01	3.15484631e-01	5.77076442e-01	-1.30795905e-01	9.63127406e-21	-9.32500687e-20	-5.20780590e-22	-9.35104590e-20	9.29896784e-20
2091            	3.14553933e-02	1.57276967e-02	1.57276967e-02	8.92551146e-01	3.15482466e-01	5.77068681e-01	-1.30793108e-01	9.63154177e-21	-9.32544845e-20	-5.27226499e-22	-9.35180978e-20	9.29908713e-20
2092            	3.14530543e-02	1.57265271e-02	1.57265271e-02	8.92541746e-01	3.15480565e-01	5.77061181e-01	-1.30790308e-01	9.63180549e-21	-9.32589734e-20	-5.33949124e-22	-9.35259480e-20	9.29919989e-20
2093            	3.14507425e-02	1.57253712e-02	1.57253712e-02	8.92532966e-01	3.15478912e-01	5.77054054e-01	-1.30787571e-01	9.63206529e-21	-9.32636334e-20	-5.41139646e-22	-9.35342032e-20	9.29930636e-20
2094            	3.14484302e-02	1.57242151e-02	1.57242151e-02	8.92524622e-01	3.15477517e-01	5.77047106e-01	-1.30784795e-01	9.63232736e-21	-9.32682954e-20	-5.48547224e-22	-9.35425690e-20	9.29940218e-20
2095            	3.14460754e-02	1.57230377e-02	1.57230377e-02	8.92516545e-01	3.15476415e-01	5.77040130e-01	-1.30781857e-01	9.63260156e-21	-9.32727337e-20	-5.55878827e-22	-9.35506731e-20	9.29947943e-20
2096            	3.14436423e-02	1.57218211e-02	1.57218211e-02	8.92508494e-01	3.15475620e-01	5.77032874e-01	-1.30778627e-01	9.63289190e-21	-9.32768844e-20	-5.63047762e-22	-9.35584083e-20	9.29953605e-20
2097            	3.14411971e-02	1.57205985e-02	1.57205985e-02	8.92500723e-01	3.15475106e-01	5.77025617e-01	-1.30775255e-01	9.63318550e-21	-9.32808489e-20	-5.70132160e-22	-9.35659150e-20	9.29957828e-20
2098            	3.14386091e-02	1.57193046e-02	1.57193046e-02	8.92492698e-01	3.15474898e-01	5.77017800e-01	-1.30771451e-01	9.63349622e-21	-9.32849031e-20	-5.77720450e-22	-9.35737633e-20	9.29960428e-20
2099            	3.14359543e-02	1.57179771e-02	1.57179771e-02	8.92484579e-01	3.15474964e-01	5.77009615e-01	-1.30767326e-01	9.63381308e-21	-9.32888721e-20	-5.85406659e-22	-9.35815754e-20	9.29961688e-20
2100            	3.14332299e-02	1.57166150e-02	1.57166150e-02	8.92476226e-01	3.15475277e-01	5.77000949e-01	-1.30762836e-01	9.63413682e-21	-9.32928774e-20	-5.93408045e-22	-9.35895814e-20	9.29961734e-20
2101            	3.14304535e-02	1.57152267e-02	1.57152267e-02	8.92467915e-01	3.15475824e-01	5.76992091e-01	-1.30758133e-01	9.63446253e-21	-9.32970244e-20	-6.01890724e-22	-9.35979697e-20	9.29960790e-20
2102            	3.14276953e-02	1.57138477e-02	1.57138477e-02	8.92459643e-01	3.15476535e-01	5.76983108e-01	-1.30753286e-01	9.63478343e-21	-9.33012697e-20	-6.10675877e-22	-9.36066076e-20	9.29959317e-20
2103            	3.14248115e-02	1.57124058e-02	1.57124058e-02	8.92450996e-01	3.15477490e-01	5.76973507e-01	-1.30748009e-01	9.63512088e-21	-9.33056665e-20	-6.20075194e-22	-9.36157040e-20	9.29956289e-20
2104            	3.14218749e-02	1.57109375e-02	1.57109375e-02	8.92442063e-01	3.15478634e-01	5.76963430e-01	-1.30742398e-01	9.63546401e-21	-9.33099938e-20	-6.29578224e-22	-9.36247829e-20	9.29952047e-20
2105            	3.14188851e-02	1.57094425e-02	1.57094425e-02	8.92432738e-01	3.15479939e-01	5.76952799e-01	-1.30736430e-01	9.63581378e-21	-9.33143589e-20	-6.39390978e-22	-9.36340544e-20	9.29946635e-20
2106            	3.14159335e-02	1.57079668e-02	1.57079668e-02	8.92423511e-01	3.15481355e-01	5.76942156e-01	-1.30730401e-01	9.63615452e-21	-9.33187292e-20	-6.49334192e-22	-9.36433963e-20	9.29940621e-20
2107            	3.14129022e-02	1.57064511e-02	1.57064511e-02	8.92413964e-01	3.15482941e-01	5.76931023e-01	-1.30724041e-01	9.63650113e-21	-9.33233537e-20	-6.59971035e-22	-9.36533392e-20	9.29933682e-20
2108            	3.14098942e-02	1.57049471e-02	1.57049471e-02	8.92404157e-01	3.15484590e-01	5.76919567e-01	-1.30717489e-01	9.63683573e-21	-9.33281686e-20	-6.70988164e-22	-9.36636627e-20	9.29926745e-20
2109            	3.14070058e-02	1.57035029e-02	1.57035029e-02	8.92394497e-01	3.15486218e-01	5.76908279e-01	-1.30711030e-01	9.63715551e-21	-9.33332767e-20	-6.82579962e-22	-9.36745667e-20	9.29919867e-20
2110            	3.14040253e-02	1.57020127e-02	1.57020127e-02	8.92384121e-01	3.15487954e-01	5.76896167e-01	-1.30704107e-01	9.63749177e-21	-9.33385054e-20	-6.94693700e-22	-9.36858522e-20	9.29911585e-20
2111            	3.14010445e-02	1.57005223e-02	1.57005223e-02	8.92373566e-01	3.15489770e-01	5.76883796e-01	-1.30697013e-01	9.63782685e-21	-9.33436962e-20	-7.06931022e-22	-9.36971617e-20	9.29902307e-20
2112            	3.13981338e-02	1.56990669e-02	1.56990669e-02	8.92362652e-01	3.15491528e-01	5.76871124e-01	-1.30689798e-01	9.63815524e-21	-9.33488525e-20	-7.19185330e-22	-9.37084451e-20	9.29892598e-20
2113            	3.13951318e-02	1.56975659e-02	1.56975659e-02	8.92350959e-01	3.15493357e-01	5.76857603e-01	-1.30682123e-01	9.63849509e-21	-9.33541626e-20	-7.31992063e-22	-9.37201587e-20	9.29881666e-20
2114            	3.13921122e-02	1.56960561e-02	1.56960561e-02	8.92338949e-01	3.15495234e-01	5.76843715e-01	-1.30674241e-01	9.63883069e-21	-9.33594466e-20	-7.44900581e-22	-9.37318969e-20	9.29869963e-20
2115            	3.13891023e-02	1.56945512e-02	1.56945512e-02	8.92326324e-01	3.15497057e-01	5.76829267e-01	-1.30666105e-01	9.63916190e-21	-9.33647860e-20	-7.57988144e-22	-9.37437800e-20	9.29857919e-20
2116            	3.13861582e-02	1.56930791e-02	1.56930791e-02	8.92313348e-01	3.15498770e-01	5.76814578e-01	-1.30657904e-01	9.63947837e-21	-9.33702452e-20	-7.71309113e-22	-9.37558998e-20	9.29845906e-20
2117            	3.13831592e-02	1.56915796e-02	1.56915796e-02	8.92299626e-01	3.15500466e-01	5.76799161e-01	-1.30649347e-01	9.63979878e-21	-9.33759723e-20	-7.85275428e-22	-9.37686100e-20	9.29833346e-20
2118            	3.13801844e-02	1.56900922e-02	1.56900922e-02	8.92285630e-01	3.15502126e-01	5.76783504e-01	-1.30640689e-01	9.64011166e-21	-9.33817454e-20	-7.99407294e-22	-9.37814491e-20	9.29820418e-20
2119            	3.13772139e-02	1.56886069e-02	1.56886069e-02	8.92270869e-01	3.15503681e-01	5.76767188e-01	-1.30631754e-01	9.64042947e-21	-9.33873289e-20	-8.13340274e-22	-9.37939990e-20	9.29806588e-20
2120            	3.13741982e-02	1.56870991e-02	1.56870991e-02	8.92255423e-01	3.15505214e-01	5.76750209e-01	-1.30622498e-01	9.64075575e-21	-9.33926828e-20	-8.27102320e-22	-9.38062340e-20	9.29791317e-20
2121            	3.13712037e-02	1.56856019e-02	1.56856019e-02	8.92239149e-01	3.15506600e-01	5.76732549e-01	-1.30612975e-01	9.64107947e-21	-9.33977443e-20	-8.40389507e-22	-9.38179391e-20	9.29775495e-20
2122            	3.13679592e-02	1.56839796e-02	1.56839796e-02	8.92221304e-01	3.15508062e-01	5.76713241e-01	-1.30602590e-01	9.64142998e-21	-9.34029965e-20	-8.54389375e-22	-9.38301912e-20	9.29758018e-20
2123            	3.13647953e-02	1.56823977e-02	1.56823977e-02	8.92202893e-01	3.15509329e-01	5.76693564e-01	-1.30592117e-01	9.64176085e-21	-9.34079538e-20	-8.67732062e-22	-9.38418198e-20	9.29740878e-20
2124            	3.13613929e-02	1.56806964e-02	1.56806964e-02	8.92182838e-01	3.15510604e-01	5.76672234e-01	-1.30580815e-01	9.64212122e-21	-9.34132673e-20	-8.82074991e-22	-9.38543048e-20	9.29722298e-20
2125            	3.13580573e-02	1.56790286e-02	1.56790286e-02	8.92162383e-01	3.15511723e-01	5.76650660e-01	-1.30569468e-01	9.64246068e-21	-9.34184298e-20	-8.96023161e-22	-9.38664414e-20	9.29704182e-20
2126            	3.13547169e-02	1.56773585e-02	1.56773585e-02	8.92141031e-01	3.15512651e-01	5.76628380e-01	-1.30557865e-01	9.64280008e-21	-9.34237505e-20	-9.10294892e-22	-9.38788980e-20	9.29686031e-20
2127            	3.13513237e-02	1.56756618e-02	1.56756618e-02	8.92118586e-01	3.15513422e-01	5.76605164e-01	-1.30545871e-01	9.64314118e-21	-9.34290858e-20	-9.24650305e-22	-9.38914109e-20	9.29667606e-20
2128            	3.13478813e-02	1.56739406e-02	1.56739406e-02	8.92095084e-01	3.15514034e-01	5.76581050e-01	-1.30533508e-01	9.64348221e-21	-9.34344466e-20	-9.39083981e-22	-9.39039886e-20	9.29649046e-20
2129            	3.13444055e-02	1.56722028e-02	1.56722028e-02	8.92070584e-01	3.15514458e-01	5.76556127e-01	-1.30520834e-01	9.64381948e-21	-9.34399105e-20	-9.53693832e-22	-9.39167575e-20	9.29630636e-20
2130            	3.13409313e-02	1.56704656e-02	1.56704656e-02	8.92045073e-01	3.15514626e-01	5.76530447e-01	-1.30507911e-01	9.64414854e-21	-9.34455250e-20	-9.68486476e-22	-9.39297682e-20	9.29612817e-20
2131            	3.13374560e-02	1.56687280e-02	1.56687280e-02	8.92018901e-01	3.15514617e-01	5.76504284e-01	-1.30494833e-01	9.64446971e-21	-9.34514020e-20	-9.83743337e-22	-9.39432737e-20	9.29595304e-20
2132            	3.13340211e-02	1.56670105e-02	1.56670105e-02	8.91991913e-01	3.15514316e-01	5.76477597e-01	-1.30481640e-01	9.64477991e-21	-9.34573653e-20	-9.99008699e-22	-9.39568697e-20	9.29578610e-20
2133            	3.13305005e-02	1.56652502e-02	1.56652502e-02	8.91963710e-01	3.15513821e-01	5.76449888e-01	-1.30468033e-01	9.64509621e-21	-9.34635600e-20	-1.01476048e-21	-9.39709403e-20	9.29561798e-20
2134            	3.13271196e-02	1.56635598e-02	1.56635598e-02	8.91935039e-01	3.15512949e-01	5.76422090e-01	-1.30454570e-01	9.64539340e-21	-9.34697390e-20	-1.03026423e-21	-9.39848711e-20	9.29546069e-20
2135            	3.13237530e-02	1.56618765e-02	1.56618765e-02	8.91905333e-01	3.15511768e-01	5.76393565e-01	-1.30440898e-01	9.64569218e-21	-9.34760491e-20	-1.04600619e-21	-9.39990522e-20	9.29530460e-20
2136            	3.13203117e-02	1.56601559e-02	1.56601559e-02	8.91874392e-01	3.15510377e-01	5.76364015e-01	-1.30426819e-01	9.64599573e-21	-9.34824928e-20	-1.06202055e-21	-9.40135031e-20	9.29514825e-20
2137            	3.13169974e-02	1.56584987e-02	1.56584987e-02	8.91843037e-01	3.15508654e-01	5.76334383e-01	-1.30412865e-01	9.64627983e-21	-9.34887616e-20	-1.07751420e-21	-9.40275187e-20	9.29500045e-20
2138            	3.13137182e-02	1.56568591e-02	1.56568591e-02	8.91810699e-01	3.15506580e-01	5.76304120e-01	-1.30398770e-01	9.64655883e-21	-9.34950775e-20	-1.09300217e-21	-9.40415786e-20	9.29485764e-20
2139            	3.13104612e-02	1.56552306e-02	1.56552306e-02	8.91777439e-01	3.15504192e-01	5.76273246e-01	-1.30384527e-01	9.64682803e-21	-9.35014698e-20	-1.10851047e-21	-9.40557251e-20	9.29472146e-20
2140            	3.13071503e-02	1.56535752e-02	1.56535752e-02	8.91742959e-01	3.15501539e-01	5.76241420e-01	-1.30369941e-01	9.64709510e-21	-9.35080223e-20	-1.12423528e-21	-9.40701400e-20	9.29459047e-20
2141            	3.13039835e-02	1.56519917e-02	1.56519917e-02	8.91708145e-01	3.15498517e-01	5.76209627e-01	-1.30355555e-01	9.64733741e-21	-9.35144338e-20	-1.13943332e-21	-9.40841505e-20	9.29447172e-20
2142            	3.13008371e-02	1.56504185e-02	1.56504185e-02	8.91672336e-01	3.15495143e-01	5.76177193e-01	-1.30341025e-01	9.64757916e-21	-9.35208183e-20	-1.15450553e-21	-9.40980710e-20	9.29435655e-20
2143            	3.12975787e-02	1.56487893e-02	1.56487893e-02	8.91635004e-01	3.15491523e-01	5.76143481e-01	-1.30325979e-01	9.64783339e-21	-9.35271629e-20	-1.16954976e-21	-9.41119378e-20	9.29423881e-20
2144            	3.12943891e-02	1.56471945e-02	1.56471945e-02	8.91597043e-01	3.15487584e-01	5.76109458e-01	-1.30310937e-01	9.64807871e-21	-9.35331029e-20	-1.18371626e-21	-9.41249610e-20	9.29412448e-20
2145            	3.12911701e-02	1.56455851e-02	1.56455851e-02	8.91557876e-01	3.15483341e-01	5.76074535e-01	-1.30295597e-01	9.64832927e-21	-9.35390796e-20	-1.19790946e-21	-9.41380343e-20	9.29401249e-20
2146            	3.12879110e-02	1.56439555e-02	1.56439555e-02	8.91517551e-01	3.15478812e-01	5.76038739e-01	-1.30279964e-01	9.64858218e-21	-9.35449180e-20	-1.21177154e-21	-9.41508038e-20	9.29390322e-20
2147            	3.12845186e-02	1.56422593e-02	1.56422593e-02	8.91475626e-01	3.15474037e-01	5.76001589e-01	-1.30263776e-01	9.64884723e-21	-9.35508057e-20	-1.22571899e-21	-9.41636652e-20	9.29379462e-20
2148            	3.12812983e-02	1.56406492e-02	1.56406492e-02	8.91433569e-01	3.15468878e-01	5.75964691e-01	-1.30247906e-01	9.64908424e-21	-9.35565241e-20	-1.23901083e-21	-9.41760295e-20	9.29370187e-20
2149            	3.12778697e-02	1.56389348e-02	1.56389348e-02	8.91389445e-01	3.15463455e-01	5.75925990e-01	-1.30231267e-01	9.64934542e-21	-9.35626628e-20	-1.25311204e-21	-9.41892189e-20	9.29361068e-20
2150            	3.12745119e-02	1.56372559e-02	1.56372559e-02	8.91344865e-01	3.15457711e-01	5.75887154e-01	-1.30214721e-01	9.64958854e-21	-9.35685457e-20	-1.26648647e-21	-9.42017890e-20	9.29353025e-20
2151            	3.12711328e-02	1.56355664e-02	1.56355664e-02	8.91299103e-01	3.15451625e-01	5.75847477e-01	-1.30197926e-01	9.64983637e-21	-9.35745632e-20	-1.27998866e-21	-9.42145575e-20	9.29345688e-20
2152            	3.12677430e-02	1.56338715e-02	1.56338715e-02	8.91252469e-01	3.15445221e-01	5.75807248e-01	-1.30181014e-01	9.65007974e-21	-9.35806346e-20	-1.29341842e-21	-9.42273438e-20	9.29339254e-20
2153            	3.12643729e-02	1.56321865e-02	1.56321865e-02	8.91204988e-01	3.15438462e-01	5.75766526e-01	-1.30164032e-01	9.65031610e-21	-9.35868671e-20	-1.30691613e-21	-9.42403251e-20	9.29334090e-20
2154            	3.12610638e-02	1.56305319e-02	1.56305319e-02	8.91156906e-01	3.15431332e-01	5.75725574e-01	-1.30147121e-01	9.65053978e-21	-9.35932030e-20	-1.32034260e-21	-9.42533743e-20	9.29330317e-20
2155            	3.12578132e-02	1.56289066e-02	1.56289066e-02	8.91108091e-01	3.15423810e-01	5.75684281e-01	-1.30130235e-01	9.65075134e-21	-9.35997037e-20	-1.33378924e-21	-9.42665983e-20	9.29328091e-20
2156            	3.12546267e-02	1.56273134e-02	1.56273134e-02	8.91058847e-01	3.15415905e-01	5.75642942e-01	-1.30113519e-01	9.65095169e-21	-9.36064466e-20	-1.34741878e-21	-9.42801560e-20	9.29327373e-20
2157            	3.12514763e-02	1.56257381e-02	1.56257381e-02	8.91008880e-01	3.15407627e-01	5.75601253e-01	-1.30096813e-01	9.65114868e-21	-9.36132365e-20	-1.36093110e-21	-9.42937021e-20	9.29327709e-20
2158            	3.12483855e-02	1.56241927e-02	1.56241927e-02	8.90958326e-01	3.15398978e-01	5.75559348e-01	-1.30080185e-01	9.65133949e-21	-9.36199830e-20	-1.37416197e-21	-9.43070640e-20	9.29329020e-20
2159            	3.12453449e-02	1.56226724e-02	1.56226724e-02	8.90907212e-01	3.15389969e-01	5.75517243e-01	-1.30063637e-01	9.65152385e-21	-9.36267183e-20	-1.38716658e-21	-9.43203016e-20	9.29331350e-20
2160            	3.12423515e-02	1.56211758e-02	1.56211758e-02	8.90855558e-01	3.15380617e-01	5.75474941e-01	-1.30047162e-01	9.65170206e-21	-9.36334065e-20	-1.39987536e-21	-9.43333441e-20	9.29334688e-20
2161            	3.12393958e-02	1.56196979e-02	1.56196979e-02	8.90803173e-01	3.15370896e-01	5.75432277e-01	-1.30030690e-01	9.65187400e-21	-9.36400845e-20	-1.41233087e-21	-9.43462500e-20	9.29339191e-20
2162            	3.12364712e-02	1.56182356e-02	1.56182356e-02	8.90750484e-01	3.15360888e-01	5.75389596e-01	-1.30014354e-01	9.65203737e-21	-9.36466543e-20	-1.42439320e-21	-9.43588509e-20	9.29344577e-20
2163            	3.12336050e-02	1.56168025e-02	1.56168025e-02	8.90697371e-01	3.15350533e-01	5.75346838e-01	-1.29998152e-01	9.65218987e-21	-9.36532836e-20	-1.43627617e-21	-9.43714217e-20	9.29351455e-20
2164            	3.12309061e-02	1.56154530e-02	1.56154530e-02	8.90644617e-01	3.15339842e-01	5.75304775e-01	-1.29982467e-01	9.65231980e-21	-9.36598537e-20	-1.44772052e-21	-9.43837140e-20	9.29359935e-20
2165            	3.12281501e-02	1.56140750e-02	1.56140750e-02	8.90590650e-01	3.15328786e-01	5.75261865e-01	-1.29966540e-01	9.65245947e-21	-9.36666563e-20	-1.45942426e-21	-9.43963684e-20	9.29369441e-20
2166            	3.12254154e-02	1.56127077e-02	1.56127077e-02	8.90536275e-01	3.15317446e-01	5.75218829e-01	-1.29950691e-01	9.65259623e-21	-9.36732187e-20	-1.47050316e-21	-9.44084703e-20	9.29379672e-20
2167            	3.12226824e-02	1.56113412e-02	1.56113412e-02	8.90481475e-01	3.15305854e-01	5.75175621e-01	-1.29934883e-01	9.65273947e-21	-9.36795491e-20	-1.48104775e-21	-9.44200730e-20	9.29390252e-20
2168            	3.12199338e-02	1.56099669e-02	1.56099669e-02	8.90426144e-01	3.15294018e-01	5.75132125e-01	-1.29919054e-01	9.65288874e-21	-9.36856814e-20	-1.49110015e-21	-9.44312315e-20	9.29401314e-20
2169            	3.12171721e-02	1.56085861e-02	1.56085861e-02	8.90370346e-01	3.15281947e-01	5.75088399e-01	-1.29903226e-01	9.65304024e-21	-9.36917047e-20	-1.50078794e-21	-9.44420987e-20	9.29413108e-20
2170            	3.12144983e-02	1.56072492e-02	1.56072492e-02	8.90314909e-01	3.15269687e-01	5.75045222e-01	-1.29887768e-01	9.65318255e-21	-9.36974660e-20	-1.50978422e-21	-9.44523581e-20	9.29425739e-20
2171            	3.12116747e-02	1.56058373e-02	1.56058373e-02	8.90258036e-01	3.15257158e-01	5.75000878e-01	-1.29871860e-01	9.65334660e-21	-9.37033405e-20	-1.51890751e-21	-9.44627942e-20	9.29438867e-20
2172            	3.12088223e-02	1.56044112e-02	1.56044112e-02	8.90201034e-01	3.15244484e-01	5.74956550e-01	-1.29856033e-01	9.65350467e-21	-9.37090983e-20	-1.52760482e-21	-9.44729007e-20	9.29452958e-20
2173            	3.12060013e-02	1.56030007e-02	1.56030007e-02	8.90143522e-01	3.15231482e-01	5.74912040e-01	-1.29840279e-01	9.65365879e-21	-9.37152370e-20	-1.53667123e-21	-9.44835726e-20	9.29469014e-20
2174            	3.12031646e-02	1.56015823e-02	1.56015823e-02	8.90085707e-01	3.15218288e-01	5.74867419e-01	-1.29824565e-01	9.65381529e-21	-9.37213500e-20	-1.54551984e-21	-9.44941100e-20	9.29485901e-20
2175            	3.12003320e-02	1.56001660e-02	1.56001660e-02	8.90027769e-01	3.15204907e-01	5.74822862e-01	-1.29808977e-01	9.65397197e-21	-9.37274255e-20	-1.55411176e-21	-9.45044813e-20	9.29503696e-20
2176            	3.11976417e-02	1.55988209e-02	1.55988209e-02	8.89970752e-01	3.15191391e-01	5.74779362e-01	-1.29793985e-01	9.65411104e-21	-9.37333820e-20	-1.56219878e-21	-9.45144813e-20	9.29522826e-20
2177            	3.11948526e-02	1.55974263e-02	1.55974263e-02	8.89912650e-01	3.15177595e-01	5.74735055e-01	-1.29778730e-01	9.65426428e-21	-9.37396064e-20	-1.57060671e-21	-9.45249097e-20	9.29543030e-20
2178            	3.11920764e-02	1.55960382e-02	1.55960382e-02	8.89854836e-01	3.15163691e-01	5.74691145e-01	-1.29763727e-01	9.65440595e-21	-9.37457054e-20	-1.57855199e-21	-9.45349814e-20	9.29564294e-20
2179            	3.11893653e-02	1.55946827e-02	1.55946827e-02	8.89796900e-01	3.15149502e-01	5.74647398e-01	-1.29748948e-01	9.65453660e-21	-9.37519863e-20	-1.58647213e-21	-9.45452223e-20	9.29587502e-20
2180            	3.11866973e-02	1.55933486e-02	1.55933486e-02	8.89739169e-01	3.15135149e-01	5.74604020e-01	-1.29734436e-01	9.65465966e-21	-9.37582491e-20	-1.59413856e-21	-9.45553184e-20	9.29611798e-20
2181            	3.11840547e-02	1.55920274e-02	1.55920274e-02	8.89682012e-01	3.15120741e-01	5.74561271e-01	-1.29720265e-01	9.65478089e-21	-9.37643826e-20	-1.60143442e-21	-9.45650998e-20	9.29636654e-20
2182            	3.11815773e-02	1.55907886e-02	1.55907886e-02	8.89625796e-01	3.15106186e-01	5.74519610e-01	-1.29706712e-01	9.65488837e-21	-9.37703437e-20	-1.60813708e-21	-9.45744122e-20	9.29662751e-20
2183            	3.11789883e-02	1.55894941e-02	1.55894941e-02	8.89568609e-01	3.15091408e-01	5.74477201e-01	-1.29692897e-01	9.65501547e-21	-9.37765207e-20	-1.61515321e-21	-9.45840973e-20	9.29689441e-20
2184            	3.11763877e-02	1.55881938e-02	1.55881938e-02	8.89511923e-01	3.15076638e-01	5.74435284e-01	-1.29679323e-01	9.65514066e-21	-9.37824931e-20	-1.62169286e-21	-9.45933395e-20	9.29716467e-20
2185            	3.11738333e-02	1.55869166e-02	1.55869166e-02	8.89455208e-01	3.15061672e-01	5.74393537e-01	-1.29665932e-01	9.65526656e-21	-9.37885487e-20	-1.62814874e-21	-9.46026230e-20	9.29744743e-20
2186            	3.11714237e-02	1.55857119e-02	1.55857119e-02	8.89400007e-01	3.15046752e-01	5.74353256e-01	-1.29653252e-01	9.65537717e-21	-9.37944569e-20	-1.63418417e-21	-9.46115489e-20	9.29773648e-20
2187            	3.11689441e-02	1.55844720e-02	1.55844720e-02	8.89344554e-01	3.15031717e-01	5.74312837e-01	-1.29640560e-01	9.65550502e-21	-9.38008833e-20	-1.64107106e-21	-9.46214188e-20	9.29803478e-20
2188            	3.11665110e-02	1.55832555e-02	1.55832555e-02	8.89289002e-01	3.15016475e-01	5.74272527e-01	-1.29628026e-01	9.65562798e-21	-9.38074422e-20	-1.64791371e-21	-9.46313990e-20	9.29834853e-20
2189            	3.11641355e-02	1.55820677e-02	1.55820677e-02	8.89234465e-01	3.15001296e-01	5.74233169e-01	-1.29615937e-01	9.65574743e-21	-9.38139775e-20	-1.65464612e-21	-9.46413005e-20	9.29866544e-20
2190            	3.11618128e-02	1.55809064e-02	1.55809064e-02	8.89180064e-01	3.14985974e-01	5.74194090e-01	-1.29604058e-01	9.65587266e-21	-9.38204807e-20	-1.66116343e-21	-9.46510625e-20	9.29898990e-20
2191            	3.11595910e-02	1.55797955e-02	1.55797955e-02	8.89127184e-01	3.14970825e-01	5.74156359e-01	-1.29592767e-01	9.65599459e-21	-9.38264518e-20	-1.66674565e-21	-9.46598247e-20	9.29930790e-20
2192            	3.11572398e-02	1.55786199e-02	1.55786199e-02	8.89074056e-01	3.14955719e-01	5.74118336e-01	-1.29581309e-01	9.65614226e-21	-9.38323188e-20	-1.67221240e-21	-9.46684250e-20	9.29962126e-20
2193            	3.11548906e-02	1.55774453e-02	1.55774453e-02	8.89020769e-01	3.14940514e-01	5.74080255e-01	-1.29569870e-01	9.65628571e-21	-9.38378792e-20	-1.67691495e-21	-9.46763367e-20	9.29994217e-20
2194            	3.11525207e-02	1.55762603e-02	1.55762603e-02	8.88967872e-01	3.14925401e-01	5.74042471e-01	-1.29558535e-01	9.65642796e-21	-9.38431052e-20	-1.68098307e-21	-9.46835968e-20	9.30026137e-20
2195            	3.11501066e-02	1.55750533e-02	1.55750533e-02	8.88915896e-01	3.14910554e-01	5.74005342e-01	-1.29547394e-01	9.65657074e-21	-9.38480694e-20	-1.68459085e-21	-9.46903649e-20	9.30057740e-20
2196            	3.11476836e-02	1.55738418e-02	1.55738418e-02	8.88863972e-01	3.14895664e-01	5.73968309e-01	-1.29536323e-01	9.65671175e-21	-9.38531115e-20	-1.68813536e-21	-9.46971792e-20	9.30090438e-20
2197            	3.11452410e-02	1.55726205e-02	1.55726205e-02	8.88812413e-01	3.14880855e-01	5.73931558e-01	-1.29525351e-01	9.65685034e-21	-9.38582043e-20	-1.69168752e-21	-9.47040480e-20	9.30123605e-20
2198            	3.11428946e-02	1.55714473e-02	1.55714473e-02	8.88762634e-01	3.14866330e-01	5.73896304e-01	-1.29514987e-01	9.65697724e-21	-9.38631291e-20	-1.69489240e-21	-9.47105753e-20	9.30156829e-20
2199            	3.11404215e-02	1.55702107e-02	1.55702107e-02	8.88712319e-01	3.14851786e-01	5.73860533e-01	-1.29504374e-01	9.65713111e-21	-9.38682819e-20	-1.69852575e-21	-9.47175448e-20	9.30190190e-20
2200            	3.11379058e-02	1.55689529e-02	1.55689529e-02	8.88662186e-01	3.14837333e-01	5.73824853e-01	-1.29493760e-01	9.65728898e-21	-9.38735923e-20	-1.70239773e-21	-9.47247911e-20	9.30223934e-20
2201            	3.11353823e-02	1.55676912e-02	1.55676912e-02	8.88612649e-01	3.14823016e-01	5.73789633e-01	-1.29483309e-01	9.65745170e-21	-9.38789956e-20	-1.70642724e-21	-9.47322092e-20	9.30257820e-20
2202            	3.11329005e-02	1.55664503e-02	1.55664503e-02	8.88563979e-01	3.14808819e-01	5.73755160e-01	-1.29473170e-01	9.65761233e-21	-9.38845770e-20	-1.71070234e-21	-9.47399282e-20	9.30292259e-20
2203            	3.11304637e-02	1.55652319e-02	1.55652319e-02	8.88516200e-01	3.14794732e-01	5.73721468e-01	-1.29463368e-01	9.65776977e-21	-9.38903853e-20	-1.71530917e-21	-9.47480399e-20	9.30327307e-20
2204            	3.11279518e-02	1.55639759e-02	1.55639759e-02	8.88468614e-01	3.14780753e-01	5.73687861e-01	-1.29453554e-01	9.65794150e-21	-9.38963615e-20	-1.72025719e-21	-9.47564901e-20	9.30362329e-20
2205            	3.11255848e-02	1.55627924e-02	1.55627924e-02	8.88422482e-01	3.14766902e-01	5.73655580e-01	-1.29444339e-01	9.65809806e-21	-9.39021139e-20	-1.72468842e-21	-9.47644581e-20	9.30397697e-20
2206            	3.11232538e-02	1.55616269e-02	1.55616269e-02	8.88376853e-01	3.14753072e-01	5.73623781e-01	-1.29435354e-01	9.65826000e-21	-9.39079342e-20	-1.72922998e-21	-9.47725492e-20	9.30433192e-20
2207            	3.11208954e-02	1.55604477e-02	1.55604477e-02	8.88332347e-01	3.14739579e-01	5.73592768e-01	-1.29426595e-01	9.65842578e-21	-9.39135481e-20	-1.73353468e-21	-9.47803154e-20	9.30467807e-20
2208            	3.11184335e-02	1.55592167e-02	1.55592167e-02	8.88287680e-01	3.14726148e-01	5.73561532e-01	-1.29417692e-01	9.65860907e-21	-9.39192289e-20	-1.73798166e-21	-9.47882198e-20	9.30502381e-20
2209            	3.11160788e-02	1.55580394e-02	1.55580394e-02	8.88244749e-01	3.14713019e-01	5.73531729e-01	-1.29409355e-01	9.65877688e-21	-9.39246421e-20	-1.74194155e-21	-9.47956128e-20	9.30536713e-20
2210            	3.11137546e-02	1.55568773e-02	1.55568773e-02	8.88202864e-01	3.14700086e-01	5.73502779e-01	-1.29401346e-01	9.65895050e-21	-9.39301521e-20	-1.74612332e-21	-9.48032138e-20	9.30570905e-20
2211            	3.11113430e-02	1.55556715e-02	1.55556715e-02	8.88160849e-01	3.14687196e-01	5.73473654e-01	-1.29393229e-01	9.65913829e-21	-9.39359052e-20	-1.75077089e-21	-9.48112906e-20	9.30605198e-20
2212            	3.11090686e-02	1.55545343e-02	1.55545343e-02	8.88120651e-01	3.14674588e-01	5.73446063e-01	-1.29385737e-01	9.65930667e-21	-9.39415650e-20	-1.75520607e-21	-9.48191680e-20	9.30639619e-20
2213            	3.11068482e-02	1.55534241e-02	1.55534241e-02	8.88081553e-01	3.14662158e-01	5.73419395e-01	-1.29378619e-01	9.65948333e-21	-9.39474672e-20	-1.76016043e-21	-9.48275474e-20	9.30673870e-20
2214            	3.11046054e-02	1.55523027e-02	1.55523027e-02	8.88043122e-01	3.14649952e-01	5.73393169e-01	-1.29371608e-01	9.65967686e-21	-9.39530600e-20	-1.76473246e-21	-9.48354263e-20	9.30706938e-20
2215            	3.11023183e-02	1.55511591e-02	1.55511591e-02	8.88004957e-01	3.14637892e-01	5.73367065e-01	-1.29364587e-01	9.65988564e-21	-9.39584048e-20	-1.76899659e-21	-9.48429031e-20	9.30739065e-20
2216            	3.10998882e-02	1.55499441e-02	1.55499441e-02	8.87966853e-01	3.14626102e-01	5.73340751e-01	-1.29357324e-01	9.66011261e-21	-9.39636064e-20	-1.77321837e-21	-9.48502155e-20	9.30769972e-20
2217            	3.10975124e-02	1.55487562e-02	1.55487562e-02	8.87930297e-01	3.14614702e-01	5.73315595e-01	-1.29350446e-01	9.66033118e-21	-9.39684156e-20	-1.77681632e-21	-9.48568237e-20	9.30800074e-20
2218            	3.10950916e-02	1.55475458e-02	1.55475458e-02	8.87894488e-01	3.14603577e-01	5.73290911e-01	-1.29343667e-01	9.66056147e-21	-9.39731015e-20	-1.78034621e-21	-9.48632746e-20	9.30829284e-20
2219            	3.10926088e-02	1.55463044e-02	1.55463044e-02	8.87859250e-01	3.14592717e-01	5.73266534e-01	-1.29336909e-01	9.66079664e-21	-9.39776924e-20	-1.78380266e-21	-9.48695937e-20	9.30857910e-20
2220            	3.10900726e-02	1.55450363e-02	1.55450363e-02	8.87824290e-01	3.14582026e-01	5.73242264e-01	-1.29330119e-01	9.66103251e-21	-9.39823296e-20	-1.78737306e-21	-9.48760161e-20	9.30886431e-20
2221            	3.10874838e-02	1.55437419e-02	1.55437419e-02	8.87790121e-01	3.14571706e-01	5.73218415e-01	-1.29323354e-01	9.66126786e-21	-9.39870280e-20	-1.79116682e-21	-9.48826114e-20	9.30914446e-20
2222            	3.10848782e-02	1.55424391e-02	1.55424391e-02	8.87756737e-01	3.14561650e-01	5.73195088e-01	-1.29316719e-01	9.66150442e-21	-9.39918496e-20	-1.79524461e-21	-9.48894719e-20	9.30942272e-20
2223            	3.10821408e-02	1.55410704e-02	1.55410704e-02	8.87723174e-01	3.14551781e-01	5.73171393e-01	-1.29309806e-01	9.66176002e-21	-9.39968529e-20	-1.79981006e-21	-9.48967579e-20	9.30969478e-20
2224            	3.10794291e-02	1.55397145e-02	1.55397145e-02	8.87690759e-01	3.14542293e-01	5.73148467e-01	-1.29303087e-01	9.66201398e-21	-9.40016053e-20	-1.80407532e-21	-9.49036429e-20	9.30995676e-20
2225            	3.10766518e-02	1.55383259e-02	1.55383259e-02	8.87658751e-01	3.14533044e-01	5.73125707e-01	-1.29296331e-01	9.66228448e-21	-9.40064601e-20	-1.80872466e-21	-9.49108225e-20	9.31020978e-20
2226            	3.10738449e-02	1.55369224e-02	1.55369224e-02	8.87627516e-01	3.14524132e-01	5.73103385e-01	-1.29289627e-01	9.66255558e-21	-9.40115279e-20	-1.81386144e-21	-9.49184587e-20	9.31045972e-20
2227            	3.10710789e-02	1.55355394e-02	1.55355394e-02	8.87597134e-01	3.14515422e-01	5.73081712e-01	-1.29283145e-01	9.66282297e-21	-9.40171045e-20	-1.81992918e-21	-9.49270691e-20	9.31071399e-20
2228            	3.10683542e-02	1.55341771e-02	1.55341771e-02	8.87567560e-01	3.14506924e-01	5.73060637e-01	-1.29276857e-01	9.66309134e-21	-9.40227744e-20	-1.82625072e-21	-9.49358997e-20	9.31096490e-20
2229            	3.10656274e-02	1.55328137e-02	1.55328137e-02	8.87538612e-01	3.14498666e-01	5.73039947e-01	-1.29270641e-01	9.66336629e-21	-9.40284520e-20	-1.83274623e-21	-9.49448251e-20	9.31120789e-20
2230            	3.10629207e-02	1.55314603e-02	1.55314603e-02	8.87510396e-01	3.14490650e-01	5.73019746e-01	-1.29264548e-01	9.66364194e-21	-9.40340098e-20	-1.83915190e-21	-9.49535857e-20	9.31144338e-20
2231            	3.10602115e-02	1.55301057e-02	1.55301057e-02	8.87482713e-01	3.14482830e-01	5.72999883e-01	-1.29258527e-01	9.66391903e-21	-9.40394375e-20	-1.84545561e-21	-9.49621653e-20	9.31167097e-20
2232            	3.10574864e-02	1.55287432e-02	1.55287432e-02	8.87455717e-01	3.14475337e-01	5.72980381e-01	-1.29252522e-01	9.66419729e-21	-9.40446308e-20	-1.85151778e-21	-9.49703896e-20	9.31188719e-20
2233            	3.10547342e-02	1.55273671e-02	1.55273671e-02	8.87429246e-01	3.14468106e-01	5.72961140e-01	-1.29246517e-01	9.66447704e-21	-9.40497771e-20	-1.85763227e-21	-9.49785932e-20	9.31209609e-20
2234            	3.10519757e-02	1.55259878e-02	1.55259878e-02	8.87403341e-01	3.14461116e-01	5.72942225e-01	-1.29240554e-01	9.66475554e-21	-9.40548862e-20	-1.86380322e-21	-9.49867878e-20	9.31229846e-20
2235            	3.10492084e-02	1.55246042e-02	1.55246042e-02	8.87377930e-01	3.14454360e-01	5.72923570e-01	-1.29234605e-01	9.66503486e-21	-9.40600175e-20	-1.87015281e-21	-9.49950939e-20	9.31249411e-20
2236            	3.10464612e-02	1.55232306e-02	1.55232306e-02	8.87353107e-01	3.14447817e-01	5.72905289e-01	-1.29228736e-01	9.66531238e-21	-9.40652578e-20	-1.87681562e-21	-9.50036656e-20	9.31268500e-20
2237            	3.10437459e-02	1.55218729e-02	1.55218729e-02	8.87328900e-01	3.14441473e-01	5.72887427e-01	-1.29222977e-01	9.66558706e-21	-9.40707227e-20	-1.88398297e-21	-9.50127142e-20	9.31287312e-20
2238            	3.10410463e-02	1.55205231e-02	1.55205231e-02	8.87305213e-01	3.14435337e-01	5.72869875e-01	-1.29217269e-01	9.66586741e-21	-9.40762326e-20	-1.89141685e-21	-9.50219410e-20	9.31305242e-20
2239            	3.10383052e-02	1.55191526e-02	1.55191526e-02	8.87281756e-01	3.14429455e-01	5.72852301e-01	-1.29211423e-01	9.66616444e-21	-9.40815427e-20	-1.89878709e-21	-9.50309362e-20	9.31321492e-20
2240            	3.10355087e-02	1.55177543e-02	1.55177543e-02	8.87258475e-01	3.14423837e-01	5.72834638e-01	-1.29205400e-01	9.66647702e-21	-9.40866434e-20	-1.90608158e-21	-9.50396842e-20	9.31336026e-20
2241            	3.10326552e-02	1.55163276e-02	1.55163276e-02	8.87235304e-01	3.14418475e-01	5.72816828e-01	-1.29199177e-01	9.66679997e-21	-9.40916720e-20	-1.91348692e-21	-9.50484154e-20	9.31349285e-20
2242            	3.10298274e-02	1.55149137e-02	1.55149137e-02	8.87212662e-01	3.14413380e-01	5.72799282e-01	-1.29192951e-01	9.66712189e-21	-9.40965250e-20	-1.92075106e-21	-9.50569006e-20	9.31361495e-20
2243            	3.10268422e-02	1.55134211e-02	1.55134211e-02	8.87189580e-01	3.14408513e-01	5.72781066e-01	-1.29186277e-01	9.66746610e-21	-9.41014791e-20	-1.92851327e-21	-9.50657357e-20	9.31372225e-20
2244            	3.10238294e-02	1.55119147e-02	1.55119147e-02	8.87166442e-01	3.14403838e-01	5.72762604e-01	-1.29179383e-01	9.66780980e-21	-9.41066083e-20	-1.93670888e-21	-9.50749627e-20	9.31382539e-20
2245            	3.10208035e-02	1.55104018e-02	1.55104018e-02	8.87143371e-01	3.14399354e-01	5.72744016e-01	-1.29172331e-01	9.66815445e-21	-9.41118057e-20	-1.94518617e-21	-9.50843988e-20	9.31392126e-20
2246            	3.10177921e-02	1.55088960e-02	1.55088960e-02	8.87120550e-01	3.14395074e-01	5.72725476e-01	-1.29165201e-01	9.66849423e-21	-9.41170616e-20	-1.95388541e-21	-9.50940043e-20	9.31401189e-20
2247            	3.10147809e-02	1.55073905e-02	1.55073905e-02	8.87097882e-01	3.14390920e-01	5.72706962e-01	-1.29158021e-01	9.66883096e-21	-9.41224312e-20	-1.96290645e-21	-9.51038845e-20	9.31409780e-20
2248            	3.10118364e-02	1.55059182e-02	1.55059182e-02	8.87075590e-01	3.14386921e-01	5.72688670e-01	-1.29150874e-01	9.66915750e-21	-9.41276379e-20	-1.97171350e-21	-9.51134947e-20	9.31417812e-20
2249            	3.10087409e-02	1.55043705e-02	1.55043705e-02	8.87052762e-01	3.14383112e-01	5.72669650e-01	-1.29143269e-01	9.66950594e-21	-9.41327486e-20	-1.98069897e-21	-9.51230981e-20	9.31423991e-20
2250            	3.10055887e-02	1.55027944e-02	1.55027944e-02	8.87029708e-01	3.14379478e-01	5.72650230e-01	-1.29135376e-01	9.66985497e-21	-9.41375850e-20	-1.98935298e-21	-9.51322615e-20	9.31429085e-20
2251            	3.10024424e-02	1.55012212e-02	1.55012212e-02	8.87006652e-01	3.14375982e-01	5.72630670e-01	-1.29127344e-01	9.67019462e-21	-9.41425357e-20	-1.99827956e-21	-9.51416755e-20	9.31433960e-20
2252            	3.09994089e-02	1.54997045e-02	1.54997045e-02	8.86984091e-01	3.14372525e-01	5.72611566e-01	-1.29119521e-01	9.67051174e-21	-9.41477113e-20	-2.00756583e-21	-9.51514942e-20	9.31439284e-20
2253            	3.09963033e-02	1.54981517e-02	1.54981517e-02	8.86961225e-01	3.14369154e-01	5.72592071e-01	-1.29111459e-01	9.67083804e-21	-9.41531815e-20	-2.01758323e-21	-9.51619731e-20	9.31443898e-20
2254            	3.09932045e-02	1.54966022e-02	1.54966022e-02	8.86938233e-01	3.14365883e-01	5.72572349e-01	-1.29103233e-01	9.67116225e-21	-9.41585774e-20	-2.02757112e-21	-9.51723630e-20	9.31447919e-20
2255            	3.09901906e-02	1.54950953e-02	1.54950953e-02	8.86915487e-01	3.14362644e-01	5.72552843e-01	-1.29095099e-01	9.67147874e-21	-9.41639576e-20	-2.03761840e-21	-9.51827668e-20	9.31451484e-20
2256            	3.09870789e-02	1.54935394e-02	1.54935394e-02	8.86892181e-01	3.14359505e-01	5.72532676e-01	-1.29086585e-01	9.67181232e-21	-9.41694583e-20	-2.04815536e-21	-9.51935359e-20	9.31453806e-20
2257            	3.09839364e-02	1.54919682e-02	1.54919682e-02	8.86868644e-01	3.14356428e-01	5.72512215e-01	-1.29077893e-01	9.67214834e-21	-9.41748986e-20	-2.05874078e-21	-9.52042690e-20	9.31455282e-20
2258            	3.09808112e-02	1.54904056e-02	1.54904056e-02	8.86844919e-01	3.14353398e-01	5.72491521e-01	-1.29069062e-01	9.67248162e-21	-9.41803532e-20	-2.06944626e-21	-9.52150763e-20	9.31456301e-20
2259            	3.09777840e-02	1.54888920e-02	1.54888920e-02	8.86821359e-01	3.14350341e-01	5.72471018e-01	-1.29060339e-01	9.67280271e-21	-9.41858825e-20	-2.08030987e-21	-9.52260374e-20	9.31457276e-20
2260            	3.09746703e-02	1.54873352e-02	1.54873352e-02	8.86797251e-01	3.14347314e-01	5.72449937e-01	-1.29051311e-01	9.67313701e-21	-9.41916593e-20	-2.09184719e-21	-9.52375829e-20	9.31457357e-20
2261            	3.09715701e-02	1.54857850e-02	1.54857850e-02	8.86772941e-01	3.14344290e-01	5.72428651e-01	-1.29042180e-01	9.67346432e-21	-9.41975249e-20	-2.10357286e-21	-9.52493113e-20	9.31457384e-20
2262            	3.09685351e-02	1.54842675e-02	1.54842675e-02	8.86748537e-01	3.14341237e-01	5.72407300e-01	-1.29033031e-01	9.67378256e-21	-9.42034922e-20	-2.11549684e-21	-9.52612406e-20	9.31457438e-20
2263            	3.09656076e-02	1.54828038e-02	1.54828038e-02	8.86724247e-01	3.14338101e-01	5.72386146e-01	-1.29024023e-01	9.67409278e-21	-9.42094193e-20	-2.12739739e-21	-9.52731180e-20	9.31457206e-20
2264            	3.09625542e-02	1.54812771e-02	1.54812771e-02	8.86699139e-01	3.14334990e-01	5.72364149e-01	-1.29014579e-01	9.67442746e-21	-9.42152803e-20	-2.13950652e-21	-9.52850336e-20	9.31455270e-20
2265            	3.09594555e-02	1.54797278e-02	1.54797278e-02	8.86673303e-01	3.14331883e-01	5.72341420e-01	-1.29004768e-01	9.67476881e-21	-9.42210340e-20	-2.15154251e-21	-9.52968052e-20	9.31452627e-20
2266            	3.09563160e-02	1.54781580e-02	1.54781580e-02	8.86646893e-01	3.14328750e-01	5.72318143e-01	-1.28994697e-01	9.67511939e-21	-9.42267300e-20	-2.16366491e-21	-9.53085624e-20	9.31448975e-20
2267            	3.09531522e-02	1.54765761e-02	1.54765761e-02	8.86619946e-01	3.14325595e-01	5.72294350e-01	-1.28984378e-01	9.67547265e-21	-9.42322857e-20	-2.17563626e-21	-9.53201039e-20	9.31444676e-20
2268            	3.09500844e-02	1.54750422e-02	1.54750422e-02	8.86592929e-01	3.14322361e-01	5.72270569e-01	-1.28974104e-01	9.67580952e-21	-9.42376307e-20	-2.18716595e-21	-9.53312137e-20	9.31440477e-20
2269            	3.09469068e-02	1.54734534e-02	1.54734534e-02	8.86565000e-01	3.14319083e-01	5.72245917e-01	-1.28963417e-01	9.67615707e-21	-9.42431571e-20	-2.19920257e-21	-9.53427584e-20	9.31435558e-20
2270            	3.09436898e-02	1.54718449e-02	1.54718449e-02	8.86536489e-01	3.14315761e-01	5.72220727e-01	-1.28952483e-01	9.67649408e-21	-9.42485761e-20	-2.21100540e-21	-9.53540788e-20	9.31430734e-20
2271            	3.09403651e-02	1.54701825e-02	1.54701825e-02	8.86507005e-01	3.14312400e-01	5.72194605e-01	-1.28941102e-01	9.67683437e-21	-9.42540730e-20	-2.22301849e-21	-9.53655823e-20	9.31425638e-20
2272            	3.09372420e-02	1.54686210e-02	1.54686210e-02	8.86477950e-01	3.14308873e-01	5.72169077e-01	-1.28930102e-01	9.67713617e-21	-9.42593358e-20	-2.23433320e-21	-9.53765024e-20	9.31421692e-20
2273            	3.09340355e-02	1.54670177e-02	1.54670177e-02	8.86447947e-01	3.14305228e-01	5.72142719e-01	-1.28918745e-01	9.67745133e-21	-9.42648125e-20	-2.24620098e-21	-9.53879130e-20	9.31417120e-20
2274            	3.09307431e-02	1.54653716e-02	1.54653716e-02	8.86417076e-01	3.14301526e-01	5.72115550e-01	-1.28907012e-01	9.67776910e-21	-9.42700220e-20	-2.25763989e-21	-9.53988419e-20	9.31412020e-20
2275            	3.09274082e-02	1.54637041e-02	1.54637041e-02	8.86385514e-01	3.14297752e-01	5.72087762e-01	-1.28895005e-01	9.67808803e-21	-9.42750329e-20	-2.26876906e-21	-9.54094175e-20	9.31406484e-20
2276            	3.09240599e-02	1.54620299e-02	1.54620299e-02	8.86353344e-01	3.14293855e-01	5.72059489e-01	-1.28882817e-01	9.67840080e-21	-9.42801563e-20	-2.28006151e-21	-9.54201871e-20	9.31401256e-20
2277            	3.09207425e-02	1.54603712e-02	1.54603712e-02	8.86320726e-01	3.14289790e-01	5.72030936e-01	-1.28870573e-01	9.67870081e-21	-9.42855857e-20	-2.29178807e-21	-9.54314797e-20	9.31396916e-20
2278            	3.09173446e-02	1.54586723e-02	1.54586723e-02	8.86287046e-01	3.14285559e-01	5.72001487e-01	-1.28857964e-01	9.67900595e-21	-9.42914458e-20	-2.30430576e-21	-9.54435987e-20	9.31392929e-20
2279            	3.09140825e-02	1.54570412e-02	1.54570412e-02	8.86253504e-01	3.14281158e-01	5.71972345e-01	-1.28845593e-01	9.67928935e-21	-9.42972102e-20	-2.31645954e-21	-9.54554400e-20	9.31389805e-20
2280            	3.09108676e-02	1.54554338e-02	1.54554338e-02	8.86219504e-01	3.14276555e-01	5.71942948e-01	-1.28833197e-01	9.67957483e-21	-9.43031112e-20	-2.32887776e-21	-9.54675501e-20	9.31386724e-20
2281            	3.09076492e-02	1.54538246e-02	1.54538246e-02	8.86184850e-01	3.14271783e-01	5.71913068e-01	-1.28820643e-01	9.67986241e-21	-9.43090847e-20	-2.34143178e-21	-9.54798006e-20	9.31383688e-20
2282            	3.09043065e-02	1.54521532e-02	1.54521532e-02	8.86148864e-01	3.14266854e-01	5.71882010e-01	-1.28807578e-01	9.68016668e-21	-9.43152282e-20	-2.35439222e-21	-9.54924243e-20	9.31380321e-20
2283            	3.09010776e-02	1.54505388e-02	1.54505388e-02	8.86112941e-01	3.14261764e-01	5.71851177e-01	-1.28794706e-01	9.68045230e-21	-9.43211661e-20	-2.36681740e-21	-9.55045747e-20	9.31377574e-20
2284            	3.08978957e-02	1.54489479e-02	1.54489479e-02	8.86076460e-01	3.14256427e-01	5.71820032e-01	-1.28781803e-01	9.68073719e-21	-9.43273373e-20	-2.37963110e-21	-9.55171529e-20	9.31375218e-20
2285            	3.08946273e-02	1.54473137e-02	1.54473137e-02	8.86038851e-01	3.14250920e-01	5.71787931e-01	-1.28768505e-01	9.68102999e-21	-9.43336802e-20	-2.39276929e-21	-9.55300648e-20	9.31372955e-20
2286            	3.08915053e-02	1.54457526e-02	1.54457526e-02	8.86001370e-01	3.14245207e-01	5.71756162e-01	-1.28755478e-01	9.68129898e-21	-9.43398983e-20	-2.40545602e-21	-9.55426263e-20	9.31371703e-20
2287            	3.08884768e-02	1.54442384e-02	1.54442384e-02	8.85963586e-01	3.14239226e-01	5.71724359e-01	-1.28742566e-01	9.68155823e-21	-9.43463867e-20	-2.41851048e-21	-9.55556419e-20	9.31371315e-20
2288            	3.08853705e-02	1.54426852e-02	1.54426852e-02	8.85924455e-01	3.14232975e-01	5.71691481e-01	-1.28729253e-01	9.68182939e-21	-9.43532624e-20	-2.43227295e-21	-9.55693989e-20	9.31371259e-20
2289            	3.08823630e-02	1.54411815e-02	1.54411815e-02	8.85885136e-01	3.14226519e-01	5.71658617e-01	-1.28716049e-01	9.68209329e-21	-9.43596437e-20	-2.44506655e-21	-9.55821770e-20	9.31371104e-20
2290            	3.08793825e-02	1.54396912e-02	1.54396912e-02	8.85845338e-01	3.14219901e-01	5.71625437e-01	-1.28702768e-01	9.68236155e-21	-9.43657481e-20	-2.45739102e-21	-9.55944437e-20	9.31370526e-20
2291            	3.08763937e-02	1.54381968e-02	1.54381968e-02	8.85804794e-01	3.14213094e-01	5.71591700e-01	-1.28689303e-01	9.68262960e-21	-9.43716981e-20	-2.46940205e-21	-9.56063992e-20	9.31369971e-20
2292            	3.08732725e-02	1.54366363e-02	1.54366363e-02	8.85762805e-01	3.14206093e-01	5.71556713e-01	-1.28675310e-01	9.68290955e-21	-9.43775879e-20	-2.48134119e-21	-9.56182585e-20	9.31369173e-20
2293            	3.08702420e-02	1.54351210e-02	1.54351210e-02	8.85720638e-01	3.14198892e-01	5.71521746e-01	-1.28661427e-01	9.68316896e-21	-9.43831123e-20	-2.49240679e-21	-9.56293157e-20	9.31369089e-20
2294            	3.08672304e-02	1.54336152e-02	1.54336152e-02	8.85678007e-01	3.14191513e-01	5.71486494e-01	-1.28647490e-01	9.68342077e-21	-9.43886207e-20	-2.50334062e-21	-9.56402910e-20	9.31369504e-20
2295            	3.08642208e-02	1.54321104e-02	1.54321104e-02	8.85634709e-01	3.14183915e-01	5.71450794e-01	-1.28633439e-01	9.68366315e-21	-9.43941655e-20	-2.51418921e-21	-9.56512601e-20	9.31370709e-20
2296            	3.08612209e-02	1.54306105e-02	1.54306105e-02	8.85590767e-01	3.14176082e-01	5.71414685e-01	-1.28619302e-01	9.68389612e-21	-9.43997598e-20	-2.52495816e-21	-9.56622388e-20	9.31372807e-20
2297            	3.08582418e-02	1.54291209e-02	1.54291209e-02	8.85546119e-01	3.14167968e-01	5.71378151e-01	-1.28605092e-01	9.68412031e-21	-9.44054882e-20	-2.53578795e-21	-9.56733822e-20	9.31375942e-20
2298            	3.08552845e-02	1.54276423e-02	1.54276423e-02	8.85501127e-01	3.14159674e-01	5.71341453e-01	-1.28590890e-01	9.68433852e-21	-9.44112044e-20	-2.54647125e-21	-9.56844400e-20	9.31379688e-20
2299            	3.08523335e-02	1.54261667e-02	1.54261667e-02	8.85455569e-01	3.14151164e-01	5.71304405e-01	-1.28576620e-01	9.68455823e-21	-9.44168635e-20	-2.55697535e-21	-9.56953512e-20	9.31383758e-20
2300            	3.08492488e-02	1.54246244e-02	1.54246244e-02	8.85408552e-01	3.14142426e-01	5.71266127e-01	-1.28561851e-01	9.68479679e-21	-9.44225294e-20	-2.56752500e-21	-9.57062919e-20	9.31387669e-20
2301            	3.08462585e-02	1.54231292e-02	1.54231292e-02	8.85361702e-01	3.14133528e-01	5.71228174e-01	-1.28547323e-01	9.68501967e-21	-9.44279354e-20	-2.57741910e-21	-9.57166449e-20	9.31392258e-20
2302            	3.08434104e-02	1.54217052e-02	1.54217052e-02	8.85314978e-01	3.14124364e-01	5.71190614e-01	-1.28533125e-01	9.68522850e-21	-9.44334563e-20	-2.58730412e-21	-9.57271084e-20	9.31398043e-20
2303            	3.08403774e-02	1.54201887e-02	1.54201887e-02	8.85266469e-01	3.14114921e-01	5.71151548e-01	-1.28518314e-01	9.68545683e-21	-9.44395171e-20	-2.59815064e-21	-9.57385924e-20	9.31404418e-20
2304            	3.08376076e-02	1.54188038e-02	1.54188038e-02	8.85219257e-01	3.14105312e-01	5.71113945e-01	-1.28504317e-01	9.68564269e-21	-9.44453529e-20	-2.60818790e-21	-9.57494469e-20	9.31412590e-20
2305            	3.08346803e-02	1.54173401e-02	1.54173401e-02	8.85170170e-01	3.14095348e-01	5.71074823e-01	-1.28489738e-01	9.68585850e-21	-9.44516921e-20	-2.61917359e-21	-9.57612789e-20	9.31421053e-20
2306            	3.08319618e-02	1.54159809e-02	1.54159809e-02	8.85122210e-01	3.14085269e-01	5.71036940e-01	-1.28475836e-01	9.68604416e-21	-9.44574807e-20	-2.62890014e-21	-9.57719307e-20	9.31430306e-20
2307            	3.08290680e-02	1.54145340e-02	1.54145340e-02	8.85072297e-01	3.14074847e-01	5.70997450e-01	-1.28461301e-01	9.68626101e-21	-9.44637243e-20	-2.63949307e-21	-9.57834709e-20	9.31439778e-20
2308            	3.08263759e-02	1.54131880e-02	1.54131880e-02	8.85023490e-01	3.14064299e-01	5.70959191e-01	-1.28447446e-01	9.68644710e-21	-9.44696960e-20	-2.64930949e-21	-9.57943508e-20	9.31450413e-20
2309            	3.08236385e-02	1.54118193e-02	1.54118193e-02	8.84973679e-01	3.14053453e-01	5.70920226e-01	-1.28433386e-01	9.68665151e-21	-9.44759096e-20	-2.65953710e-21	-9.58056782e-20	9.31461411e-20
2310            	3.08209336e-02	1.54104668e-02	1.54104668e-02	8.84923604e-01	3.14042384e-01	5.70881221e-01	-1.28419418e-01	9.68684549e-21	-9.44820395e-20	-2.66941085e-21	-9.58167450e-20	9.31473341e-20
2311            	3.08182968e-02	1.54091484e-02	1.54091484e-02	8.84873468e-01	3.14031089e-01	5.70842379e-01	-1.28405645e-01	9.68702869e-21	-9.44881834e-20	-2.67909493e-21	-9.58277309e-20	9.31486360e-20
2312            	3.08157278e-02	1.54078639e-02	1.54078639e-02	8.84823019e-01	3.14019499e-01	5.70803520e-01	-1.28392010e-01	9.68720093e-21	-9.44944337e-20	-2.68871753e-21	-9.58387925e-20	9.31500750e-20
2313            	3.08132158e-02	1.54066079e-02	1.54066079e-02	8.84773185e-01	3.14007852e-01	5.70765333e-01	-1.28378741e-01	9.68736076e-21	-9.45005599e-20	-2.69798475e-21	-9.58495523e-20	9.31515675e-20
2314            	3.08107730e-02	1.54053865e-02	1.54053865e-02	8.84723022e-01	3.13995893e-01	5.70727129e-01	-1.28365618e-01	9.68751523e-21	-9.45067179e-20	-2.70706156e-21	-9.58602487e-20	9.31531872e-20
2315            	3.08083657e-02	1.54041829e-02	1.54041829e-02	8.84672745e-01	3.13983745e-01	5.70689000e-01	-1.28352628e-01	9.68766709e-21	-9.45125883e-20	-2.71550889e-21	-9.58703428e-20	9.31548339e-20
2316            	3.08059694e-02	1.54029847e-02	1.54029847e-02	8.84622292e-01	3.13971445e-01	5.70650847e-01	-1.28339701e-01	9.68782007e-21	-9.45181492e-20	-2.72329371e-21	-9.58797960e-20	9.31565023e-20
2317            	3.08036561e-02	1.54018280e-02	1.54018280e-02	8.84572562e-01	3.13959121e-01	5.70613441e-01	-1.28327160e-01	9.68796480e-21	-9.45233192e-20	-2.73026323e-21	-9.58884509e-20	9.31581876e-20
2318            	3.08012031e-02	1.54006015e-02	1.54006015e-02	8.84521548e-01	3.13946580e-01	5.70574968e-01	-1.28314194e-01	9.68813153e-21	-9.45285663e-20	-2.73734327e-21	-9.58972379e-20	9.31598946e-20
2319            	3.07986721e-02	1.53993360e-02	1.53993360e-02	8.84470009e-01	3.13933939e-01	5.70536070e-01	-1.28301065e-01	9.68830144e-21	-9.45337544e-20	-2.74420568e-21	-9.59058572e-20	9.31616515e-20
2320            	3.07961830e-02	1.53980915e-02	1.53980915e-02	8.84418606e-01	3.13921173e-01	5.70497433e-01	-1.28288130e-01	9.68846315e-21	-9.45389068e-20	-2.75080624e-21	-9.59143099e-20	9.31635037e-20
2321            	3.07937191e-02	1.53968595e-02	1.53968595e-02	8.84367653e-01	3.13908383e-01	5.70459270e-01	-1.28275443e-01	9.68862097e-21	-9.45440609e-20	-2.75728645e-21	-9.59227041e-20	9.31654177e-20
2322            	3.07912822e-02	1.53956411e-02	1.53956411e-02	8.84316339e-01	3.13895352e-01	5.70420987e-01	-1.28262817e-01	9.68877678e-21	-9.45493921e-20	-2.76384254e-21	-9.59313133e-20	9.31674708e-20
2323            	3.07889794e-02	1.53944897e-02	1.53944897e-02	8.84266164e-01	3.13882306e-01	5.70383857e-01	-1.28250775e-01	9.68891109e-21	-9.45546608e-20	-2.77006759e-21	-9.59396946e-20	9.31696270e-20
2324            	3.07865946e-02	1.53932973e-02	1.53932973e-02	8.84215096e-01	3.13869038e-01	5.70346058e-01	-1.28238510e-01	9.68906358e-21	-9.45601656e-20	-2.77663525e-21	-9.59484833e-20	9.31718480e-20
2325            	3.07841574e-02	1.53920787e-02	1.53920787e-02	8.84164085e-01	3.13855780e-01	5.70308305e-01	-1.28226263e-01	9.68922191e-21	-9.45656015e-20	-2.78304701e-21	-9.59571250e-20	9.31740780e-20
2326            	3.07817337e-02	1.53908668e-02	1.53908668e-02	8.84112758e-01	3.13842335e-01	5.70270423e-01	-1.28214044e-01	9.68938760e-21	-9.45709915e-20	-2.78923624e-21	-9.59656096e-20	9.31763734e-20
2327            	3.07793343e-02	1.53896671e-02	1.53896671e-02	8.84061584e-01	3.13828813e-01	5.70232771e-01	-1.28201979e-01	9.68954955e-21	-9.45763514e-20	-2.79524470e-21	-9.59739737e-20	9.31787290e-20
2328            	3.07769650e-02	1.53884825e-02	1.53884825e-02	8.84011158e-01	3.13815359e-01	5.70195798e-01	-1.28190220e-01	9.68970666e-21	-9.45816102e-20	-2.80098629e-21	-9.59821034e-20	9.31811171e-20
2329            	3.07747336e-02	1.53873668e-02	1.53873668e-02	8.83961730e-01	3.13801863e-01	5.70159867e-01	-1.28179002e-01	9.68985082e-21	-9.45866502e-20	-2.80613672e-21	-9.59897185e-20	9.31835818e-20
2330            	3.07724039e-02	1.53862019e-02	1.53862019e-02	8.83911332e-01	3.13788168e-01	5.70123164e-01	-1.28167498e-01	9.69001170e-21	-9.45918138e-20	-2.81144802e-21	-9.59975378e-20	9.31860898e-20
2331            	3.07700422e-02	1.53850211e-02	1.53850211e-02	8.83860883e-01	3.13774440e-01	5.70086443e-01	-1.28156001e-01	9.69016591e-21	-9.45968188e-20	-2.81632979e-21	-9.60049837e-20	9.31886539e-20
2332            	3.07677260e-02	1.53838630e-02	1.53838630e-02	8.83811425e-01	3.13760822e-01	5.70050603e-01	-1.28144891e-01	9.69030702e-21	-9.46017925e-20	-2.82102683e-21	-9.60123059e-20	9.31912791e-20
2333            	3.07655916e-02	1.53827958e-02	1.53827958e-02	8.83763261e-01	3.13747174e-01	5.70016087e-01	-1.28134456e-01	9.69042637e-21	-9.46067579e-20	-2.82543698e-21	-9.60194764e-20	9.31940394e-20
2334            	3.07633881e-02	1.53816940e-02	1.53816940e-02	8.83714342e-01	3.13733332e-01	5.69981010e-01	-1.28123839e-01	9.69056138e-21	-9.46119370e-20	-2.83016388e-21	-9.60270189e-20	9.31968550e-20
2335            	3.07611588e-02	1.53805794e-02	1.53805794e-02	8.83666009e-01	3.13719636e-01	5.69946373e-01	-1.28113369e-01	9.69069389e-21	-9.46169246e-20	-2.83452774e-21	-9.60341885e-20	9.31996607e-20
2336            	3.07589542e-02	1.53794771e-02	1.53794771e-02	8.83617626e-01	3.13705811e-01	5.69911814e-01	-1.28103002e-01	9.69083166e-21	-9.46218729e-20	-2.83868877e-21	-9.60412173e-20	9.32025285e-20
2337            	3.07568456e-02	1.53784228e-02	1.53784228e-02	8.83570703e-01	3.13692193e-01	5.69878510e-01	-1.28093158e-01	9.69096075e-21	-9.46265114e-20	-2.84231020e-21	-9.60476665e-20	9.32053563e-20
2338            	3.07546640e-02	1.53773320e-02	1.53773320e-02	8.83523253e-01	3.13678466e-01	5.69844787e-01	-1.28083161e-01	9.69110916e-21	-9.46314316e-20	-2.84639569e-21	-9.60546294e-20	9.32082337e-20
2339            	3.07524799e-02	1.53762399e-02	1.53762399e-02	8.83475963e-01	3.13664743e-01	5.69811219e-01	-1.28073238e-01	9.69125302e-21	-9.46363939e-20	-2.85043286e-21	-9.60616103e-20	9.32111775e-20
2340            	3.07503255e-02	1.53751627e-02	1.53751627e-02	8.83429711e-01	3.13651206e-01	5.69778505e-01	-1.28063649e-01	9.69139623e-21	-9.46415328e-20	-2.85481075e-21	-9.60689382e-20	9.32141274e-20
2341            	3.07482512e-02	1.53741256e-02	1.53741256e-02	8.83383739e-01	3.13637542e-01	5.69746197e-01	-1.28054327e-01	9.69153992e-21	-9.46468924e-20	-2.85939582e-21	-9.60765903e-20	9.32171945e-20
2342            	3.07462563e-02	1.53731281e-02	1.53731281e-02	8.83338415e-01	3.13623879e-01	5.69714536e-01	-1.28045328e-01	9.69167583e-21	-9.46523162e-20	-2.86399515e-21	-9.60843138e-20	9.32203186e-20
2343            	3.07444238e-02	1.53722119e-02	1.53722119e-02	8.83294993e-01	3.13610473e-01	5.69684520e-01	-1.28037024e-01	9.69179670e-21	-9.46574010e-20	-2.86796337e-21	-9.60913827e-20	9.32234193e-20
2344            	3.07425214e-02	1.53712607e-02	1.53712607e-02	8.83251244e-01	3.13597011e-01	5.69654233e-01	-1.28028611e-01	9.69194056e-21	-9.46625066e-20	-2.87200585e-21	-9.60985095e-20	9.32265037e-20
2345            	3.07405708e-02	1.53702854e-02	1.53702854e-02	8.83207518e-01	3.13583624e-01	5.69623894e-01	-1.28020135e-01	9.69208511e-21	-9.46672763e-20	-2.87541355e-21	-9.61049831e-20	9.32295695e-20
2346            	3.07385891e-02	1.53692946e-02	1.53692946e-02	8.83164130e-01	3.13570381e-01	5.69593750e-01	-1.28011685e-01	9.69223544e-21	-9.46716863e-20	-2.87822817e-21	-9.61108004e-20	9.32325722e-20
2347            	3.07364844e-02	1.53682422e-02	1.53682422e-02	8.83120729e-01	3.13557299e-01	5.69563430e-01	-1.28003065e-01	9.69239870e-21	-9.46760145e-20	-2.88097489e-21	-9.61165019e-20	9.32355270e-20
2348            	3.07345858e-02	1.53672929e-02	1.53672929e-02	8.83079463e-01	3.13544509e-01	5.69534954e-01	-1.27995223e-01	9.69252920e-21	-9.46800297e-20	-2.88299180e-21	-9.61215256e-20	9.32385338e-20
2349            	3.07325183e-02	1.53662591e-02	1.53662591e-02	8.83037005e-01	3.13531536e-01	5.69505468e-01	-1.27986966e-01	9.69269566e-21	-9.46844683e-20	-2.88583392e-21	-9.61273853e-20	9.32415514e-20
2350            	3.07306058e-02	1.53653029e-02	1.53653029e-02	8.82996628e-01	3.13518972e-01	5.69477656e-01	-1.27979342e-01	9.69282508e-21	-9.46886469e-20	-2.88809238e-21	-9.61326931e-20	9.32446007e-20
2351            	3.07285606e-02	1.53642803e-02	1.53642803e-02	8.82955440e-01	3.13506255e-01	5.69449185e-01	-1.27971465e-01	9.69298590e-21	-9.46933562e-20	-2.89133320e-21	-9.61390228e-20	9.32476896e-20
2352            	3.07265804e-02	1.53632902e-02	1.53632902e-02	8.82915368e-01	3.13493784e-01	5.69421584e-01	-1.27963900e-01	9.69312778e-21	-9.46978885e-20	-2.89417616e-21	-9.61449765e-20	9.32508004e-20
2353            	3.07246271e-02	1.53623136e-02	1.53623136e-02	8.82876252e-01	3.13481514e-01	5.69394739e-01	-1.27956613e-01	9.69327951e-21	-9.47023292e-20	-2.89697087e-21	-9.61508147e-20	9.32538438e-20
2354            	3.07226628e-02	1.53613314e-02	1.53613314e-02	8.82837753e-01	3.13469416e-01	5.69368337e-01	-1.27949461e-01	9.69343903e-21	-9.47067467e-20	-2.89978104e-21	-9.61566372e-20	9.32568562e-20
2355            	3.07206795e-02	1.53603397e-02	1.53603397e-02	8.82799668e-01	3.13457453e-01	5.69342215e-01	-1.27942381e-01	9.69360750e-21	-9.47113203e-20	-2.90293387e-21	-9.61627873e-20	9.32598534e-20
2356            	3.07185877e-02	1.53592938e-02	1.53592938e-02	8.82761171e-01	3.13445498e-01	5.69315672e-01	-1.27935087e-01	9.69379841e-21	-9.47159520e-20	-2.90628519e-21	-9.61690946e-20	9.32628094e-20
2357            	3.07165792e-02	1.53582896e-02	1.53582896e-02	8.82724012e-01	3.13433843e-01	5.69290168e-01	-1.27928162e-01	9.69397529e-21	-9.47203028e-20	-2.90914479e-21	-9.61748752e-20	9.32657304e-20
2358            	3.07145977e-02	1.53572988e-02	1.53572988e-02	8.82687846e-01	3.13422408e-01	5.69265438e-01	-1.27921515e-01	9.69415778e-21	-9.47246006e-20	-2.91200829e-21	-9.61806048e-20	9.32685965e-20
2359            	3.07126008e-02	1.53563004e-02	1.53563004e-02	8.82651882e-01	3.13411007e-01	5.69240875e-01	-1.27914934e-01	9.69434424e-21	-9.47288868e-20	-2.91483230e-21	-9.61863029e-20	9.32714706e-20
2360            	3.07105798e-02	1.53552899e-02	1.53552899e-02	8.82616787e-01	3.13399922e-01	5.69216865e-01	-1.27908472e-01	9.69452792e-21	-9.47330592e-20	-2.91754588e-21	-9.61918321e-20	9.32742863e-20
2361            	3.07085452e-02	1.53542726e-02	1.53542726e-02	8.82582422e-01	3.13389049e-01	5.69193373e-01	-1.27902162e-01	9.69471357e-21	-9.47371393e-20	-2.92013961e-21	-9.61972091e-20	9.32770695e-20
2362            	3.07064167e-02	1.53532084e-02	1.53532084e-02	8.82547863e-01	3.13378214e-01	5.69169649e-01	-1.27895717e-01	9.69491247e-21	-9.47412739e-20	-2.92288191e-21	-9.62027149e-20	9.32798330e-20
2363            	3.07043824e-02	1.53521912e-02	1.53521912e-02	8.82514631e-01	3.13367646e-01	5.69146985e-01	-1.27889670e-01	9.69508941e-21	-9.47453600e-20	-2.92547660e-21	-9.62080983e-20	9.32826217e-20
2364            	3.07023863e-02	1.53511931e-02	1.53511931e-02	8.82482391e-01	3.13357271e-01	5.69125120e-01	-1.27883924e-01	9.69526826e-21	-9.47496023e-20	-2.92841699e-21	-9.62138108e-20	9.32853938e-20
2365            	3.07003795e-02	1.53501897e-02	1.53501897e-02	8.82450766e-01	3.13347072e-01	5.69103694e-01	-1.27878311e-01	9.69545345e-21	-9.47538794e-20	-2.93150370e-21	-9.62196312e-20	9.32881275e-20
2366            	3.06983695e-02	1.53491847e-02	1.53491847e-02	8.82419745e-01	3.13337049e-01	5.69082696e-01	-1.27872823e-01	9.69564401e-21	-9.47581428e-20	-2.93465283e-21	-9.62254692e-20	9.32908164e-20
2367            	3.06963546e-02	1.53481773e-02	1.53481773e-02	8.82389074e-01	3.13327108e-01	5.69061966e-01	-1.27867429e-01	9.69584301e-21	-9.47622940e-20	-2.93768730e-21	-9.62311377e-20	9.32934504e-20
2368            	3.06943100e-02	1.53471550e-02	1.53471550e-02	8.82359177e-01	3.13317510e-01	5.69041668e-01	-1.27862079e-01	9.69604776e-21	-9.47662650e-20	-2.94058534e-21	-9.62365577e-20	9.32959723e-20
2369            	3.06921550e-02	1.53460775e-02	1.53460775e-02	8.82329222e-01	3.13308046e-01	5.69021176e-01	-1.27856565e-01	9.69626905e-21	-9.47704076e-20	-2.94391673e-21	-9.62423660e-20	9.32984492e-20
2370            	3.06900571e-02	1.53450286e-02	1.53450286e-02	8.82300346e-01	3.13298867e-01	5.69001480e-01	-1.27851306e-01	9.69647826e-21	-9.47745936e-20	-2.94733805e-21	-9.62482626e-20	9.33009246e-20
2371            	3.06879766e-02	1.53439883e-02	1.53439883e-02	8.82272166e-01	3.13289865e-01	5.68982301e-01	-1.27846218e-01	9.69669523e-21	-9.47792034e-20	-2.95163386e-21	-9.62550204e-20	9.33033865e-20
2372            	3.06859640e-02	1.53429820e-02	1.53429820e-02	8.82244857e-01	3.13281015e-01	5.68963842e-01	-1.27841413e-01	9.69691005e-21	-9.47839452e-20	-2.95619197e-21	-9.62620412e-20	9.33058492e-20
2373            	3.06840166e-02	1.53420083e-02	1.53420083e-02	8.82218404e-01	3.13272317e-01	5.68946086e-01	-1.27836885e-01	9.69712210e-21	-9.47887472e-20	-2.96090356e-21	-9.62691989e-20	9.33082954e-20
2374            	3.06820805e-02	1.53410402e-02	1.53410402e-02	8.82192540e-01	3.13263809e-01	5.68928732e-01	-1.27832461e-01	9.69733991e-21	-9.47933722e-20	-2.96543474e-21	-9.62760895e-20	9.33106548e-20
2375            	3.06800579e-02	1.53400289e-02	1.53400289e-02	8.82166612e-01	3.13255433e-01	5.68911179e-01	-1.27827873e-01	9.69757287e-21	-9.47977983e-20	-2.96978644e-21	-9.62826915e-20	9.33129051e-20
2376            	3.06780809e-02	1.53390404e-02	1.53390404e-02	8.82141640e-01	3.13247380e-01	5.68894260e-01	-1.27823440e-01	9.69779650e-21	-9.48017182e-20	-2.97333180e-21	-9.62883841e-20	9.33150523e-20
2377            	3.06761458e-02	1.53380729e-02	1.53380729e-02	8.82117574e-01	3.13239588e-01	5.68877986e-01	-1.27819199e-01	9.69801788e-21	-9.48053001e-20	-2.97639487e-21	-9.62934975e-20	9.33171027e-20
2378            	3.06740952e-02	1.53370476e-02	1.53370476e-02	8.82093578e-01	3.13232057e-01	5.68861521e-01	-1.27814732e-01	9.69825009e-21	-9.48088179e-20	-2.97952152e-21	-9.62985787e-20	9.33190572e-20
2379            	3.06719994e-02	1.53359997e-02	1.53359997e-02	8.82069839e-01	3.13224749e-01	5.68845090e-01	-1.27810171e-01	9.69847859e-21	-9.48122122e-20	-2.98247702e-21	-9.63034507e-20	9.33209737e-20
2380            	3.06698848e-02	1.53349424e-02	1.53349424e-02	8.82046475e-01	3.13217651e-01	5.68828823e-01	-1.27805586e-01	9.69870540e-21	-9.48155921e-20	-2.98549178e-21	-9.63083380e-20	9.33228462e-20
2381            	3.06677755e-02	1.53338878e-02	1.53338878e-02	8.82023602e-01	3.13210751e-01	5.68812851e-01	-1.27801050e-01	9.69892748e-21	-9.48191158e-20	-2.98881809e-21	-9.63135248e-20	9.33247067e-20
2382            	3.06656785e-02	1.53328393e-02	1.53328393e-02	8.82001216e-01	3.13204030e-01	5.68797186e-01	-1.27796578e-01	9.69914705e-21	-9.48228407e-20	-2.99257192e-21	-9.63191266e-20	9.33265547e-20
2383            	3.06635781e-02	1.53317890e-02	1.53317890e-02	8.81979247e-01	3.13197508e-01	5.68781739e-01	-1.27792116e-01	9.69937195e-21	-9.48266131e-20	-2.99655676e-21	-9.63248914e-20	9.33283347e-20
2384            	3.06614581e-02	1.53307290e-02	1.53307290e-02	8.81957605e-01	3.13191194e-01	5.68766411e-01	-1.27787609e-01	9.69960544e-21	-9.48303738e-20	-3.00069804e-21	-9.63307228e-20	9.33300248e-20
2385            	3.06593265e-02	1.53296632e-02	1.53296632e-02	8.81936293e-01	3.13185076e-01	5.68751217e-01	-1.27783070e-01	9.69984427e-21	-9.48342040e-20	-3.00510876e-21	-9.63367584e-20	9.33316496e-20
2386            	3.06571820e-02	1.53285910e-02	1.53285910e-02	8.81915288e-01	3.13179151e-01	5.68736137e-01	-1.27778493e-01	9.70008898e-21	-9.48380595e-20	-3.00972473e-21	-9.63429219e-20	9.33331972e-20
2387            	3.06550231e-02	1.53275115e-02	1.53275115e-02	8.81894573e-01	3.13173421e-01	5.68721153e-01	-1.27773866e-01	9.70034011e-21	-9.48418901e-20	-3.01446513e-21	-9.63491227e-20	9.33346576e-20
2388            	3.06528503e-02	1.53264252e-02	1.53264252e-02	8.81874169e-01	3.13167937e-01	5.68706232e-01	-1.27769148e-01	9.70059525e-21	-9.48456694e-20	-3.01927806e-21	-9.63553084e-20	9.33360303e-20
2389            	3.06506472e-02	1.53253236e-02	1.53253236e-02	8.81853902e-01	3.13162583e-01	5.68691319e-01	-1.27764368e-01	9.70085804e-21	-9.48494380e-20	-3.02424335e-21	-9.63615596e-20	9.33373163e-20
2390            	3.06484072e-02	1.53242036e-02	1.53242036e-02	8.81833560e-01	3.13157378e-01	5.68676182e-01	-1.27759402e-01	9.70112770e-21	-9.48533191e-20	-3.02957164e-21	-9.63681049e-20	9.33385333e-20
2391            	3.06462266e-02	1.53231133e-02	1.53231133e-02	8.81813672e-01	3.13152380e-01	5.68661292e-01	-1.27754456e-01	9.70139129e-21	-9.48570943e-20	-3.03480091e-21	-9.63744948e-20	9.33396939e-20
2392            	3.06439878e-02	1.53219939e-02	1.53219939e-02	8.81793764e-01	3.13147504e-01	5.68646260e-01	-1.27749378e-01	9.70166381e-21	-9.48610621e-20	-3.04055839e-21	-9.63813413e-20	9.33407829e-20
2393            	3.06420899e-02	1.53210450e-02	1.53210450e-02	8.81775697e-01	3.13142772e-01	5.68632925e-01	-1.27745077e-01	9.70186505e-21	-9.48638527e-20	-3.04418574e-21	-9.63859455e-20	9.33417598e-20
2394            	3.06402167e-02	1.53201084e-02	1.53201084e-02	8.81757610e-01	3.13138108e-01	5.68619502e-01	-1.27740697e-01	9.70207494e-21	-9.48670969e-20	-3.04826337e-21	-9.63912286e-20	9.33429652e-20
2395            	3.06376217e-02	1.53188108e-02	1.53188108e-02	8.81736676e-01	3.13133788e-01	5.68602887e-01	-1.27734550e-01	9.70239407e-21	-9.48718136e-20	-3.05597841e-21	-9.63998028e-20	9.33438244e-20
2396            	3.06353226e-02	1.53176613e-02	1.53176613e-02	8.81717147e-01	3.13129494e-01	5.68587652e-01	-1.27729079e-01	9.70264933e-21	-9.48754939e-20	-3.06154974e-21	-9.64062688e-20	9.33447191e-20
2397            	3.06330775e-02	1.53165387e-02	1.53165387e-02	8.81698054e-01	3.13125232e-01	5.68572822e-01	-1.27723795e-01	9.70291000e-21	-9.48791693e-20	-3.06731951e-21	-9.64128290e-20	9.33455095e-20
2398            	3.06308250e-02	1.53154125e-02	1.53154125e-02	8.81679004e-01	3.13121081e-01	5.68557923e-01	-1.27718421e-01	9.70316593e-21	-9.48827924e-20	-3.07307192e-21	-9.64193284e-20	9.33462565e-20
2399            	3.06285898e-02	1.53142949e-02	1.53142949e-02	8.81660090e-01	3.13117034e-01	5.68543056e-01	-1.27713011e-01	9.70341312e-21	-9.48864871e-20	-3.07900182e-21	-9.64259880e-20	9.33469862e-20
2400            	3.06263895e-02	1.53131947e-02	1.53131947e-02	8.81641361e-01	3.13113113e-01	5.68528247e-01	-1.27707567e-01	9.70365215e-21	-9.48903139e-20	-3.08519289e-21	-9.64329103e-20	9.33477174e-20
2401            	3.06242922e-02	1.53121461e-02	1.53121461e-02	8.81623096e-01	3.13109243e-01	5.68513853e-01	-1.27702305e-01	9.70387948e-21	-9.48942490e-20	-3.09156663e-21	-9.64400323e-20	9.33484657e-20
2402            	3.06221584e-02	1.53110792e-02	1.53110792e-02	8.81604726e-01	3.13105410e-01	5.68499316e-01	-1.27696953e-01	9.70411481e-21	-9.48984818e-20	-3.09862237e-21	-9.64477930e-20	9.33491706e-20
2403            	3.06200477e-02	1.53100238e-02	1.53100238e-02	8.81586383e-01	3.13101619e-01	5.68484764e-01	-1.27691572e-01	9.70434655e-21	-9.49027636e-20	-3.10580278e-21	-9.64556650e-20	9.33498622e-20
2404            	3.06180508e-02	1.53090254e-02	1.53090254e-02	8.81568364e-01	3.13097869e-01	5.68470495e-01	-1.27686313e-01	9.70457118e-21	-9.49068844e-20	-3.11273973e-21	-9.64632543e-20	9.33505145e-20
2405            	3.06159762e-02	1.53079881e-02	1.53079881e-02	8.81549899e-01	3.13094150e-01	5.68455748e-01	-1.27680799e-01	9.70481600e-21	-9.49110383e-20	-3.12002250e-21	-9.64710496e-20	9.33510271e-20
2406            	3.06139470e-02	1.53069735e-02	1.53069735e-02	8.81531485e-01	3.13090496e-01	5.68440989e-01	-1.27675246e-01	9.70505517e-21	-9.49148562e-20	-3.12674467e-21	-9.64782286e-20	9.33514839e-20
2407            	3.06120831e-02	1.53060415e-02	1.53060415e-02	8.81513920e-01	3.13086837e-01	5.68427084e-01	-1.27670123e-01	9.70526810e-21	-9.49176300e-20	-3.13190871e-21	-9.64835844e-20	9.33516757e-20
2408            	3.06100505e-02	1.53050252e-02	1.53050252e-02	8.81495238e-01	3.13083242e-01	5.68411996e-01	-1.27664377e-01	9.70551152e-21	-9.49208861e-20	-3.13766577e-21	-9.64897190e-20	9.33520532e-20
2409            	3.06075376e-02	1.53037688e-02	1.53037688e-02	8.81474297e-01	3.13079869e-01	5.68394428e-01	-1.27657279e-01	9.70582322e-21	-9.49251949e-20	-3.14602798e-21	-9.64982089e-20	9.33521809e-20
2410            	3.06055204e-02	1.53027602e-02	1.53027602e-02	8.81455964e-01	3.13076505e-01	5.68379459e-01	-1.27651477e-01	9.70604076e-21	-9.49276038e-20	-3.15085966e-21	-9.65030337e-20	9.33521740e-20
2411            	3.06033962e-02	1.53016981e-02	1.53016981e-02	8.81436685e-01	3.13073037e-01	5.68363648e-01	-1.27645306e-01	9.70629342e-21	-9.49308966e-20	-3.15703880e-21	-9.65094160e-20	9.33523772e-20
2412            	3.06008503e-02	1.53004251e-02	1.53004251e-02	8.81415211e-01	3.13069715e-01	5.68345496e-01	-1.27637890e-01	9.70659476e-21	-9.49354968e-20	-3.16605091e-21	-9.65185222e-20	9.33524713e-20
2413            	3.05987763e-02	1.52993881e-02	1.52993881e-02	8.81396237e-01	3.13066410e-01	5.68329826e-01	-1.27631708e-01	9.70680798e-21	-9.49383099e-20	-3.17175287e-21	-9.65241863e-20	9.33524335e-20
2414            	3.05966143e-02	1.52983071e-02	1.52983071e-02	8.81376166e-01	3.13062976e-01	5.68313190e-01	-1.27625107e-01	9.70705919e-21	-9.49418096e-20	-3.17847745e-21	-9.65310483e-20	9.33525708e-20
2415            	3.05938937e-02	1.52969469e-02	1.52969469e-02	8.81352947e-01	3.13059637e-01	5.68293309e-01	-1.27616836e-01	9.70738415e-21	-9.49467227e-20	-3.18838206e-21	-9.65409138e-20	9.33525317e-20
2416            	3.05917415e-02	1.52958707e-02	1.52958707e-02	8.81332776e-01	3.13056385e-01	5.68276391e-01	-1.27610003e-01	9.70759472e-21	-9.49496190e-20	-3.19433091e-21	-9.65467844e-20	9.33524535e-20
2417            	3.05895685e-02	1.52947842e-02	1.52947842e-02	8.81311837e-01	3.13052959e-01	5.68258878e-01	-1.27602960e-01	9.70784335e-21	-9.49527315e-20	-3.20050915e-21	-9.65529861e-20	9.33524769e-20
2418            	3.05869185e-02	1.52934592e-02	1.52934592e-02	8.81288164e-01	3.13049568e-01	5.68238595e-01	-1.27594514e-01	9.70815030e-21	-9.49573849e-20	-3.20995895e-21	-9.65623644e-20	9.33524054e-20
2419            	3.05844816e-02	1.52922408e-02	1.52922408e-02	8.81265471e-01	3.13046180e-01	5.68219291e-01	-1.27586556e-01	9.70839805e-21	-9.49614530e-20	-3.21807968e-21	-9.65704929e-20	9.33524132e-20
2420            	3.05821811e-02	1.52910906e-02	1.52910906e-02	8.81243006e-01	3.13042620e-01	5.68200386e-01	-1.27578883e-01	9.70863274e-21	-9.49656143e-20	-3.22624730e-21	-9.65787379e-20	9.33524906e-20
2421            	3.05799473e-02	1.52899736e-02	1.52899736e-02	8.81220424e-01	3.13038937e-01	5.68181487e-01	-1.27571275e-01	9.70885573e-21	-9.49697989e-20	-3.23437591e-21	-9.65869868e-20	9.33526109e-20
2422            	3.05777571e-02	1.52888786e-02	1.52888786e-02	8.81197613e-01	3.13035151e-01	5.68162462e-01	-1.27563655e-01	9.70906932e-21	-9.49740002e-20	-3.24248108e-21	-9.65952408e-20	9.33527597e-20
2423            	3.05758436e-02	1.52879218e-02	1.52879218e-02	8.81175995e-01	3.13031282e-01	5.68144713e-01	-1.27556715e-01	9.70923633e-21	-9.49773916e-20	-3.24910233e-21	-9.66019428e-20	9.33528404e-20
2424            	3.05738476e-02	1.52869238e-02	1.52869238e-02	8.81153351e-01	3.13027256e-01	5.68126094e-01	-1.27549419e-01	9.70943186e-21	-9.49810794e-20	-3.25600157e-21	-9.66090802e-20	9.33530787e-20
2425            	3.05713506e-02	1.52856753e-02	1.52856753e-02	8.81127824e-01	3.13023288e-01	5.68104535e-01	-1.27540623e-01	9.70969691e-21	-9.49859905e-20	-3.26570295e-21	-9.66188420e-20	9.33531390e-20
2426            	3.05693212e-02	1.52846606e-02	1.52846606e-02	8.81104839e-01	3.13019305e-01	5.68085533e-01	-1.27533114e-01	9.70987533e-21	-9.49893757e-20	-3.27250388e-21	-9.66256277e-20	9.33531238e-20
2427            	3.05674466e-02	1.52837233e-02	1.52837233e-02	8.81081947e-01	3.13015075e-01	5.68066872e-01	-1.27525899e-01	9.71006381e-21	-9.49930790e-20	-3.27945727e-21	-9.66328076e-20	9.33533503e-20
2428            	3.05654768e-02	1.52827384e-02	1.52827384e-02	8.81058086e-01	3.13010704e-01	5.68047382e-01	-1.27518339e-01	9.71026927e-21	-9.49973740e-20	-3.28771459e-21	-9.66412313e-20	9.33535167e-20
2429            	3.05634258e-02	1.52817129e-02	1.52817129e-02	8.81033355e-01	3.13006299e-01	5.68027056e-01	-1.27510379e-01	9.71047497e-21	-9.50019742e-20	-3.29658591e-21	-9.66502672e-20	9.33536813e-20
2430            	3.05614502e-02	1.52807251e-02	1.52807251e-02	8.81009016e-01	3.13001913e-01	5.68007103e-01	-1.27502595e-01	9.71066563e-21	-9.50064129e-20	-3.30533561e-21	-9.66590807e-20	9.33537451e-20
2431            	3.05596306e-02	1.52798153e-02	1.52798153e-02	8.80984966e-01	3.12997388e-01	5.67987578e-01	-1.27495095e-01	9.71086024e-21	-9.50104139e-20	-3.31276181e-21	-9.66667948e-20	9.33540329e-20
2432            	3.05577711e-02	1.52788856e-02	1.52788856e-02	8.80960332e-01	3.12992796e-01	5.67967537e-01	-1.27487371e-01	9.71106229e-21	-9.50143324e-20	-3.32041804e-21	-9.66745414e-20	9.33541234e-20
2433            	3.05557229e-02	1.52778614e-02	1.52778614e-02	8.80934153e-01	3.12988144e-01	5.67946009e-01	-1.27478933e-01	9.71128678e-21	-9.50181566e-20	-3.32813271e-21	-9.66822229e-20	9.33540902e-20
2434            	3.05536768e-02	1.52768384e-02	1.52768384e-02	8.80907908e-01	3.12983516e-01	5.67924393e-01	-1.27470438e-01	9.71150317e-21	-9.50214725e-20	-3.33484984e-21	-9.66888974e-20	9.33540476e-20
2435            	3.05516528e-02	1.52758264e-02	1.52758264e-02	8.80881380e-01	3.12978804e-01	5.67902575e-01	-1.27461885e-01	9.71171822e-21	-9.50247254e-20	-3.34143882e-21	-9.66954448e-20	9.33540060e-20
2436            	3.05495967e-02	1.52747983e-02	1.52747983e-02	8.80854092e-01	3.12973936e-01	5.67880155e-01	-1.27453109e-01	9.71193473e-21	-9.50280534e-20	-3.34817542e-21	-9.67021412e-20	9.33539657e-20
2437            	3.05474547e-02	1.52737273e-02	1.52737273e-02	8.80825784e-01	3.12968952e-01	5.67856832e-01	-1.27443940e-01	9.71215149e-21	-9.50315556e-20	-3.35514568e-21	-9.67091284e-20	9.33539827e-20
2438            	3.05453984e-02	1.52726992e-02	1.52726992e-02	8.80797781e-01	3.12963896e-01	5.67833885e-01	-1.27434994e-01	9.71234309e-21	-9.50350681e-20	-3.36191854e-21	-9.67160274e-20	9.33541089e-20
2439            	3.05434182e-02	1.52717091e-02	1.52717091e-02	8.80769713e-01	3.12958678e-01	5.67811035e-01	-1.27426179e-01	9.71252379e-21	-9.50388259e-20	-3.36900120e-21	-9.67233265e-20	9.33543253e-20
2440            	3.05414576e-02	1.52707288e-02	1.52707288e-02	8.80741280e-01	3.12953305e-01	5.67787975e-01	-1.27417335e-01	9.71269989e-21	-9.50426524e-20	-3.37612615e-21	-9.67307155e-20	9.33545894e-20
2441            	3.05394959e-02	1.52697479e-02	1.52697479e-02	8.80712319e-01	3.12947776e-01	5.67764543e-01	-1.27408384e-01	9.71287600e-21	-9.50465949e-20	-3.38340761e-21	-9.67382987e-20	9.33548911e-20
2442            	3.05374520e-02	1.52687260e-02	1.52687260e-02	8.80682200e-01	3.12942071e-01	5.67740129e-01	-1.27399029e-01	9.71306519e-21	-9.50505760e-20	-3.39077436e-21	-9.67459632e-20	9.33551888e-20
2443            	3.05354890e-02	1.52677445e-02	1.52677445e-02	8.80652422e-01	3.12936318e-01	5.67716104e-01	-1.27389893e-01	9.71323895e-21	-9.50542418e-20	-3.39746200e-21	-9.67529728e-20	9.33555108e-20
2444            	3.05335967e-02	1.52667984e-02	1.52667984e-02	8.80622617e-01	3.12930433e-01	5.67692185e-01	-1.27380876e-01	9.71340768e-21	-9.50579064e-20	-3.40406501e-21	-9.67599389e-20	9.33558739e-20
2445            	3.05317691e-02	1.52658845e-02	1.52658845e-02	8.80592706e-01	3.12924380e-01	5.67668326e-01	-1.27371973e-01	9.71356476e-21	-9.50617346e-20	-3.41081043e-21	-9.67671398e-20	9.33563294e-20
2446            	3.05300070e-02	1.52650035e-02	1.52650035e-02	8.80562706e-01	3.12918148e-01	5.67644558e-01	-1.27363205e-01	9.71371030e-21	-9.50656539e-20	-3.41756776e-21	-9.67744378e-20	9.33568700e-20
2447            	3.05282886e-02	1.52641443e-02	1.52641443e-02	8.80532528e-01	3.12911761e-01	5.67620767e-01	-1.27354503e-01	9.71385235e-21	-9.50694981e-20	-3.42410905e-21	-9.67815526e-20	9.33574436e-20
2448            	3.05266070e-02	1.52633035e-02	1.52633035e-02	8.80502169e-01	3.12905224e-01	5.67596945e-01	-1.27345860e-01	9.71399018e-21	-9.50732867e-20	-3.43047074e-21	-9.67885221e-20	9.33580514e-20
2449            	3.05249676e-02	1.52624838e-02	1.52624838e-02	8.80471645e-01	3.12898538e-01	5.67573107e-01	-1.27337284e-01	9.71412307e-21	-9.50770752e-20	-3.43673196e-21	-9.67954412e-20	9.33587092e-20
2450            	3.05233595e-02	1.52616797e-02	1.52616797e-02	8.80440960e-01	3.12891707e-01	5.67549252e-01	-1.27328772e-01	9.71425378e-21	-9.50808409e-20	-3.44289081e-21	-9.68022863e-20	9.33593955e-20
2451            	3.05217127e-02	1.52608564e-02	1.52608564e-02	8.80409389e-01	3.12884657e-01	5.67524732e-01	-1.27320037e-01	9.71439182e-21	-9.50847320e-20	-3.44921797e-21	-9.68093410e-20	9.33601231e-20
2452            	3.05202253e-02	1.52601126e-02	1.52601126e-02	8.80379057e-01	3.12877624e-01	5.67501433e-01	-1.27311904e-01	9.71450610e-21	-9.50883037e-20	-3.45483362e-21	-9.68157205e-20	9.33608869e-20
2453            	3.05186902e-02	1.52593451e-02	1.52593451e-02	8.80347456e-01	3.12870274e-01	5.67477181e-01	-1.27303454e-01	9.71463791e-21	-9.50923273e-20	-3.46122169e-21	-9.68229381e-20	9.33617164e-20
2454            	3.05172320e-02	1.52586160e-02	1.52586160e-02	8.80316254e-01	3.12862832e-01	5.67453422e-01	-1.27295295e-01	9.71475082e-21	-9.50962604e-20	-3.46727743e-21	-9.68298991e-20	9.33626217e-20
2455            	3.05158833e-02	1.52579417e-02	1.52579417e-02	8.80285358e-01	3.12855216e-01	5.67430143e-01	-1.27287464e-01	9.71485384e-21	-9.51003982e-20	-3.47354106e-21	-9.68371687e-20	9.33636276e-20
2456            	3.05146011e-02	1.52573006e-02	1.52573006e-02	8.80254530e-01	3.12847435e-01	5.67407095e-01	-1.27279830e-01	9.71495421e-21	-9.51045674e-20	-3.47977059e-21	-9.68444527e-20	9.33646821e-20
2457            	3.05133261e-02	1.52566631e-02	1.52566631e-02	8.80223514e-01	3.12839530e-01	5.67383985e-01	-1.27272227e-01	9.71506144e-21	-9.51085183e-20	-3.48560819e-21	-9.68513224e-20	9.33657142e-20
2458            	3.05120903e-02	1.52560451e-02	1.52560451e-02	8.80192974e-01	3.12831634e-01	5.67361340e-01	-1.27264853e-01	9.71516970e-21	-9.51120168e-20	-3.49066688e-21	-9.68573502e-20	9.33666833e-20
2459            	3.05107063e-02	1.52553531e-02	1.52553531e-02	8.80160688e-01	3.12823465e-01	5.67337223e-01	-1.27256879e-01	9.71530686e-21	-9.51155833e-20	-3.49588884e-21	-9.68635278e-20	9.33676389e-20
2460            	3.05093581e-02	1.52546791e-02	1.52546791e-02	8.80129289e-01	3.12815431e-01	5.67313858e-01	-1.27249214e-01	9.71542911e-21	-9.51184979e-20	-3.49991157e-21	-9.68684536e-20	9.33685421e-20
2461            	3.05079623e-02	1.52539812e-02	1.52539812e-02	8.80097225e-01	3.12807253e-01	5.67289972e-01	-1.27241359e-01	9.71556671e-21	-9.51214834e-20	-3.50404894e-21	-9.68735079e-20	9.33694590e-20
2462            	3.05065202e-02	1.52532601e-02	1.52532601e-02	8.80064758e-01	3.12798989e-01	5.67265769e-01	-1.27233390e-01	9.71570090e-21	-9.51244247e-20	-3.50799623e-21	-9.68784228e-20	9.33704266e-20
2463            	3.05050662e-02	1.52525331e-02	1.52525331e-02	8.80032165e-01	3.12790653e-01	5.67241512e-01	-1.27225430e-01	9.71583105e-21	-9.51273468e-20	-3.51179651e-21	-9.68832450e-20	9.33714485e-20
2464            	3.05036186e-02	1.52518093e-02	1.52518093e-02	8.79999558e-01	3.12782242e-01	5.67217316e-01	-1.27217537e-01	9.71595447e-21	-9.51303352e-20	-3.51556949e-21	-9.68881200e-20	9.33725505e-20
2465            	3.05021734e-02	1.52510867e-02	1.52510867e-02	8.79966807e-01	3.12773729e-01	5.67193079e-01	-1.27209675e-01	9.71607360e-21	-9.51335570e-20	-3.51961828e-21	-9.68933662e-20	9.33737479e-20
2466            	3.05007324e-02	1.52503662e-02	1.52503662e-02	8.79934007e-01	3.12765136e-01	5.67168871e-01	-1.27201867e-01	9.71619051e-21	-9.51367876e-20	-3.52357097e-21	-9.68985730e-20	9.33750021e-20
2467            	3.04993571e-02	1.52496786e-02	1.52496786e-02	8.79902036e-01	3.12756607e-01	5.67145430e-01	-1.27194412e-01	9.71629756e-21	-9.51397698e-20	-3.52700079e-21	-9.69032702e-20	9.33762694e-20
2468            	3.04979121e-02	1.52489561e-02	1.52489561e-02	8.79869263e-01	3.12747917e-01	5.67121346e-01	-1.27186715e-01	9.71642027e-21	-9.51427009e-20	-3.53030281e-21	-9.69078523e-20	9.33775495e-20
2469            	3.04964236e-02	1.52482118e-02	1.52482118e-02	8.79836592e-01	3.12739272e-01	5.67097319e-01	-1.27179023e-01	9.71653693e-21	-9.51454535e-20	-3.53321504e-21	-9.69120610e-20	9.33788459e-20
2470            	3.04949545e-02	1.52474772e-02	1.52474772e-02	8.79803657e-01	3.12730441e-01	5.67073216e-01	-1.27171388e-01	9.71664912e-21	-9.51482856e-20	-3.53607121e-21	-9.69163212e-20	9.33802500e-20
2471            	3.04935335e-02	1.52467668e-02	1.52467668e-02	8.79770869e-01	3.12721490e-01	5.67049379e-01	-1.27163945e-01	9.71674599e-21	-9.51513079e-20	-3.53905272e-21	-9.69208343e-20	9.33817816e-20
2472            	3.04921580e-02	1.52460790e-02	1.52460790e-02	8.79738372e-01	3.12712466e-01	5.67025906e-01	-1.27156720e-01	9.71683404e-21	-9.51544190e-20	-3.54204049e-21	-9.69254393e-20	9.33833988e-20
2473            	3.04908843e-02	1.52454422e-02	1.52454422e-02	8.79707084e-01	3.12703535e-01	5.67003549e-01	-1.27150007e-01	9.71690896e-21	-9.51573574e-20	-3.54463670e-21	-9.69296757e-20	9.33850391e-20
2474            	3.04895939e-02	1.52447969e-02	1.52447969e-02	8.79675366e-01	3.12694427e-01	5.66980939e-01	-1.27143256e-01	9.71699470e-21	-9.51604642e-20	-3.54744054e-21	-9.69341844e-20	9.33867439e-20
2475            	3.04882932e-02	1.52441466e-02	1.52441466e-02	8.79643523e-01	3.12685226e-01	5.66958298e-01	-1.27136536e-01	9.71707727e-21	-9.51635689e-20	-3.55012303e-21	-9.69386305e-20	9.33885074e-20
2476            	3.04870120e-02	1.52435060e-02	1.52435060e-02	8.79612376e-01	3.12676126e-01	5.66936250e-01	-1.27130062e-01	9.71715720e-21	-9.51665677e-20	-3.55259957e-21	-9.69428675e-20	9.33902679e-20
2477            	3.04857667e-02	1.52428834e-02	1.52428834e-02	8.79581191e-01	3.12666876e-01	5.66914314e-01	-1.27123719e-01	9.71724012e-21	-9.51696138e-20	-3.55502576e-21	-9.69471267e-20	9.33921009e-20
2478            	3.04846267e-02	1.52423134e-02	1.52423134e-02	8.79551163e-01	3.12657721e-01	5.66893441e-01	-1.27117860e-01	9.71730965e-21	-9.51725377e-20	-3.55717633e-21	-9.69511259e-20	9.33939496e-20
2479            	3.04834824e-02	1.52417412e-02	1.52417412e-02	8.79520851e-01	3.12648418e-01	5.66872433e-01	-1.27112008e-01	9.71738891e-21	-9.51756926e-20	-3.55964920e-21	-9.69555172e-20	9.33958680e-20
2480            	3.04823491e-02	1.52411745e-02	1.52411745e-02	8.79490580e-01	3.12639043e-01	5.66851538e-01	-1.27106247e-01	9.71746414e-21	-9.51789389e-20	-3.56216602e-21	-9.69600219e-20	9.33978559e-20
2481            	3.04813744e-02	1.52406872e-02	1.52406872e-02	8.79461887e-01	3.12629800e-01	5.66832087e-01	-1.27101143e-01	9.71751943e-21	-9.51821052e-20	-3.56443640e-21	-9.69643234e-20	9.33998871e-20
2482            	3.04804189e-02	1.52402094e-02	1.52402094e-02	8.79433114e-01	3.12620421e-01	5.66812694e-01	-1.27096136e-01	9.71758657e-21	-9.51855142e-20	-3.56706691e-21	-9.69690476e-20	9.34019807e-20
2483            	3.04794522e-02	1.52397261e-02	1.52397261e-02	8.79404298e-01	3.12611009e-01	5.66793289e-01	-1.27091140e-01	9.71765942e-21	-9.51887099e-20	-3.56928986e-21	-9.69733548e-20	9.34040650e-20
2484            	3.04785623e-02	1.52392811e-02	1.52392811e-02	8.79376724e-01	3.12601833e-01	5.66774891e-01	-1.27086529e-01	9.71772923e-21	-9.51913483e-20	-3.57058724e-21	-9.69766419e-20	9.34060546e-20
2485            	3.04775873e-02	1.52387937e-02	1.52387937e-02	8.79348682e-01	3.12592617e-01	5.66756065e-01	-1.27081724e-01	9.71782233e-21	-9.51938788e-20	-3.57175760e-21	-9.69797576e-20	9.34080000e-20
2486            	3.04765347e-02	1.52382673e-02	1.52382673e-02	8.79320905e-01	3.12583618e-01	5.66737287e-01	-1.27076835e-01	9.71792030e-21	-9.51960814e-20	-3.57241074e-21	-9.69822867e-20	9.34098760e-20
2487            	3.04754440e-02	1.52377220e-02	1.52377220e-02	8.79292743e-01	3.12574544e-01	5.66718199e-01	-1.27071828e-01	9.71802665e-21	-9.51982021e-20	-3.57284466e-21	-9.69846244e-20	9.34117798e-20
2488            	3.04743045e-02	1.52371522e-02	1.52371522e-02	8.79264456e-01	3.12565510e-01	5.66698946e-01	-1.27066718e-01	9.71813521e-21	-9.52001901e-20	-3.57302760e-21	-9.69867039e-20	9.34136763e-20
2489            	3.04731403e-02	1.52365701e-02	1.52365701e-02	8.79236344e-01	3.12556569e-01	5.66679775e-01	-1.27061603e-01	9.71824061e-21	-9.52021332e-20	-3.57307932e-21	-9.69886728e-20	9.34155935e-20
2490            	3.04720978e-02	1.52360489e-02	1.52360489e-02	8.79209847e-01	3.12547919e-01	5.66661928e-01	-1.27057004e-01	9.71832341e-21	-9.52039437e-20	-3.57280612e-21	-9.69903467e-20	9.34175406e-20
2491            	3.04709958e-02	1.52354979e-02	1.52354979e-02	8.79183094e-01	3.12539208e-01	5.66643886e-01	-1.27052339e-01	9.71841667e-21	-9.52060519e-20	-3.57300968e-21	-9.69925568e-20	9.34195471e-20
2492            	3.04698373e-02	1.52349186e-02	1.52349186e-02	8.79156126e-01	3.12530489e-01	5.66625638e-01	-1.27047575e-01	9.71850885e-21	-9.52082611e-20	-3.57329050e-21	-9.69949064e-20	9.34216159e-20
2493            	3.04686412e-02	1.52343206e-02	1.52343206e-02	8.79129264e-01	3.12521843e-01	5.66607422e-01	-1.27042789e-01	9.71860292e-21	-9.52103724e-20	-3.57338121e-21	-9.69970630e-20	9.34236817e-20
2494            	3.04674227e-02	1.52337114e-02	1.52337114e-02	8.79102686e-01	3.12513302e-01	5.66589384e-01	-1.27038041e-01	9.71869945e-21	-9.52124407e-20	-3.57339591e-21	-9.69991387e-20	9.34257428e-20
2495            	3.04662194e-02	1.52331097e-02	1.52331097e-02	8.79076587e-01	3.12504846e-01	5.66571740e-01	-1.27033447e-01	9.71879231e-21	-9.52146285e-20	-3.57357103e-21	-9.70014140e-20	9.34278430e-20
2496            	3.04650818e-02	1.52325409e-02	1.52325409e-02	8.79051741e-01	3.12496633e-01	5.66555109e-01	-1.27029238e-01	9.71887313e-21	-9.52169833e-20	-3.57401399e-21	-9.70039903e-20	9.34299763e-20
2497            	3.04639940e-02	1.52319970e-02	1.52319970e-02	8.79027143e-01	3.12488319e-01	5.66538824e-01	-1.27025253e-01	9.71895612e-21	-9.52195230e-20	-3.57465934e-21	-9.70068527e-20	9.34321933e-20
2498            	3.04629329e-02	1.52314665e-02	1.52314665e-02	8.79002811e-01	3.12479979e-01	5.66522832e-01	-1.27021426e-01	9.71903776e-21	-9.52221208e-20	-3.57537053e-21	-9.70098060e-20	9.34344355e-20
2499            	3.04619017e-02	1.52309508e-02	1.52309508e-02	8.78978933e-01	3.12471698e-01	5.66507235e-01	-1.27017769e-01	9.71911934e-21	-9.52247213e-20	-3.57608852e-21	-9.70127656e-20	9.34366770e-20
2500            	3.04608953e-02	1.52304477e-02	1.52304477e-02	8.78955585e-01	3.12463510e-01	5.66492076e-01	-1.27014283e-01	9.71920201e-21	-9.52273240e-20	-3.57682493e-21	-9.70157365e-20	9.34389116e-20
2501            	3.04599216e-02	1.52299608e-02	1.52299608e-02	8.78932833e-01	3.12455419e-01	5.66477414e-01	-1.27010997e-01	9.71928473e-21	-9.52299107e-20	-3.57754040e-21	-9.70186809e-20	9.34411405e-20
2502            	3.04589793e-02	1.52294897e-02	1.52294897e-02	8.78910670e-01	3.12447424e-01	5.66463246e-01	-1.27007911e-01	9.71936844e-21	-9.52324705e-20	-3.57822286e-21	-9.70215819e-20	9.34433591e-20
2503            	3.04580708e-02	1.52290354e-02	1.52290354e-02	8.78889094e-01	3.12439523e-01	5.66449572e-01	-1.27005024e-01	9.71945272e-21	-9.52349979e-20	-3.57885946e-21	-9.70244276e-20	9.34455681e-20
2504            	3.04571971e-02	1.52285985e-02	1.52285985e-02	8.78868113e-01	3.12431713e-01	5.66436400e-01	-1.27002343e-01	9.71953638e-21	-9.52375439e-20	-3.57953012e-21	-9.70273089e-20	9.34477788e-20
2505            	3.04562660e-02	1.52281330e-02	1.52281330e-02	8.78846791e-01	3.12423791e-01	5.66423000e-01	-1.26999605e-01	9.71962930e-21	-9.52403533e-20	-3.58064489e-21	-9.70306758e-20	9.34500309e-20
2506            	3.04554767e-02	1.52277384e-02	1.52277384e-02	8.78826743e-01	3.12416063e-01	5.66410681e-01	-1.26997309e-01	9.71970089e-21	-9.52431064e-20	-3.58156961e-21	-9.70338912e-20	9.34523216e-20
2507            	3.04547930e-02	1.52273965e-02	1.52273965e-02	8.78807864e-01	3.12408502e-01	5.66399362e-01	-1.26995430e-01	9.71977142e-21	-9.52458080e-20	-3.58247028e-21	-9.70370432e-20	9.34545729e-20
2508            	3.04541319e-02	1.52270660e-02	1.52270660e-02	8.78789639e-01	3.12401088e-01	5.66388551e-01	-1.26993731e-01	9.71985169e-21	-9.52482986e-20	-3.58311106e-21	-9.70398542e-20	9.34567431e-20
2509            	3.04534370e-02	1.52267185e-02	1.52267185e-02	8.78771590e-01	3.12393815e-01	5.66377775e-01	-1.26991980e-01	9.71994734e-21	-9.52505881e-20	-3.58353871e-21	-9.70423575e-20	9.34588188e-20
2510            	3.04526745e-02	1.52263372e-02	1.52263372e-02	8.78753629e-01	3.12386721e-01	5.66366909e-01	-1.26990094e-01	9.72005765e-21	-9.52525348e-20	-3.58351285e-21	-9.70442912e-20	9.34607783e-20
2511            	3.04517560e-02	1.52258780e-02	1.52258780e-02	8.78735054e-01	3.12379657e-01	5.66355397e-01	-1.26987870e-01	9.72019007e-21	-9.52543000e-20	-3.58330391e-21	-9.70459520e-20	9.34626480e-20
2512            	3.04508511e-02	1.52254255e-02	1.52254255e-02	8.78717125e-01	3.12372888e-01	5.66344237e-01	-1.26985674e-01	9.72031289e-21	-9.52557146e-20	-3.58249028e-21	-9.70469598e-20	9.34644695e-20
2513            	3.04499463e-02	1.52249731e-02	1.52249731e-02	8.78699898e-01	3.12366366e-01	5.66333532e-01	-1.26983583e-01	9.72043606e-21	-9.52570268e-20	-3.58159062e-21	-9.70478221e-20	9.34662315e-20
2514            	3.04490224e-02	1.52245112e-02	1.52245112e-02	8.78683137e-01	3.12360024e-01	5.66323113e-01	-1.26981544e-01	9.72055801e-21	-9.52583308e-20	-3.58069578e-21	-9.70486787e-20	9.34679829e-20
2515            	3.04480879e-02	1.52240439e-02	1.52240439e-02	8.78666795e-01	3.12353827e-01	5.66312968e-01	-1.26979570e-01	9.72067417e-21	-9.52597015e-20	-3.57988985e-21	-9.70496464e-20	9.34697566e-20
2516            	3.04471466e-02	1.52235733e-02	1.52235733e-02	8.78650844e-01	3.12347759e-01	5.66303085e-01	-1.26977663e-01	9.72078444e-21	-9.52611941e-20	-3.57926728e-21	-9.70508277e-20	9.34715604e-20
2517            	3.04460983e-02	1.52230492e-02	1.52230492e-02	8.78634644e-01	3.12341718e-01	5.66292926e-01	-1.26975604e-01	9.72090675e-21	-9.52627222e-20	-3.57878524e-21	-9.70521148e-20	9.34733296e-20
2518            	3.04450786e-02	1.52225393e-02	1.52225393e-02	8.78619369e-01	3.12336073e-01	5.66283296e-01	-1.26973611e-01	9.72101715e-21	-9.52641021e-20	-3.57808217e-21	-9.70531431e-20	9.34750610e-20
2519            	3.04440284e-02	1.52220142e-02	1.52220142e-02	8.78604186e-01	3.12330433e-01	5.66273753e-01	-1.26971660e-01	9.72114084e-21	-9.52654539e-20	-3.57740869e-21	-9.70541583e-20	9.34767496e-20
2520            	3.04429783e-02	1.52214891e-02	1.52214891e-02	8.78589563e-01	3.12324996e-01	5.66264567e-01	-1.26969786e-01	9.72125595e-21	-9.52670007e-20	-3.57709953e-21	-9.70555505e-20	9.34784509e-20
2521            	3.04419574e-02	1.52209787e-02	1.52209787e-02	8.78575617e-01	3.12319721e-01	5.66255895e-01	-1.26968087e-01	9.72136630e-21	-9.52687862e-20	-3.57722161e-21	-9.70573970e-20	9.34801753e-20
2522            	3.04409650e-02	1.52204825e-02	1.52204825e-02	8.78562261e-01	3.12314569e-01	5.66247692e-01	-1.26966562e-01	9.72147527e-21	-9.52707021e-20	-3.57760233e-21	-9.70595032e-20	9.34819009e-20
2523            	3.04399969e-02	1.52199984e-02	1.52199984e-02	8.78549454e-01	3.12309539e-01	5.66239915e-01	-1.26965188e-01	9.72158428e-21	-9.52726862e-20	-3.57815193e-21	-9.70617621e-20	9.34836102e-20
2524            	3.04389703e-02	1.52194851e-02	1.52194851e-02	8.78536700e-01	3.12304545e-01	5.66232155e-01	-1.26963805e-01	9.72170478e-21	-9.52747290e-20	-3.57891771e-21	-9.70641879e-20	9.34852702e-20
2525            	3.04380674e-02	1.52190337e-02	1.52190337e-02	8.78525043e-01	3.12299855e-01	5.66225188e-01	-1.26962667e-01	9.72180758e-21	-9.52766850e-20	-3.57951692e-21	-9.70664434e-20	9.34869265e-20
2526            	3.04370783e-02	1.52185391e-02	1.52185391e-02	8.78513484e-01	3.12295196e-01	5.66218288e-01	-1.26961546e-01	9.72193199e-21	-9.52787592e-20	-3.58054890e-21	-9.70690337e-20	9.34884848e-20
2527            	3.04361313e-02	1.52180657e-02	1.52180657e-02	8.78502440e-01	3.12290708e-01	5.66211731e-01	-1.26960512e-01	9.72204800e-21	-9.52807477e-20	-3.58141362e-21	-9.70714545e-20	9.34900408e-20
2528            	3.04352029e-02	1.52176015e-02	1.52176015e-02	8.78491963e-01	3.12286391e-01	5.66205571e-01	-1.26959590e-01	9.72216693e-21	-9.52826978e-20	-3.58234645e-21	-9.70738710e-20	9.34915246e-20
2529            	3.04342947e-02	1.52171474e-02	1.52171474e-02	8.78482005e-01	3.12282220e-01	5.66199785e-01	-1.26958782e-01	9.72228594e-21	-9.52846771e-20	-3.58340099e-21	-9.70763776e-20	9.34929766e-20
2530            	3.04334213e-02	1.52167107e-02	1.52167107e-02	8.78472581e-01	3.12278164e-01	5.66194416e-01	-1.26958126e-01	9.72240147e-21	-9.52867408e-20	-3.58464546e-21	-9.70790635e-20	9.34944180e-20
2531            	3.04326001e-02	1.52163001e-02	1.52163001e-02	8.78463753e-01	3.12274214e-01	5.66189538e-01	-1.26957662e-01	9.72251139e-21	-9.52889067e-20	-3.58609847e-21	-9.70819559e-20	9.34958575e-20
2532            	3.04318125e-02	1.52159062e-02	1.52159062e-02	8.78455412e-01	3.12270375e-01	5.66185037e-01	-1.26957331e-01	9.72262077e-21	-9.52910851e-20	-3.58764866e-21	-9.70849095e-20	9.34972608e-20
2533            	3.04310276e-02	1.52155138e-02	1.52155138e-02	8.78447420e-01	3.12266684e-01	5.66180736e-01	-1.26957026e-01	9.72273670e-21	-9.52930930e-20	-3.58903274e-21	-9.70876094e-20	9.34985767e-20
2534            	3.04301919e-02	1.52150960e-02	1.52150960e-02	8.78439435e-01	3.12263158e-01	5.66176277e-01	-1.26956560e-01	9.72286845e-21	-9.52949115e-20	-3.59031060e-21	-9.70900668e-20	9.34997562e-20
2535            	3.04293005e-02	1.52146503e-02	1.52146503e-02	8.78431489e-01	3.12259829e-01	5.66171660e-01	-1.26955915e-01	9.72301250e-21	-9.52964095e-20	-3.59121166e-21	-9.70920153e-20	9.35008037e-20
2536            	3.04283514e-02	1.52141757e-02	1.52141757e-02	8.78423602e-01	3.12256696e-01	5.66166905e-01	-1.26955105e-01	9.72316591e-21	-9.52976371e-20	-3.59180575e-21	-9.70935399e-20	9.35017342e-20
2537            	3.04274042e-02	1.52137021e-02	1.52137021e-02	8.78416010e-01	3.12253809e-01	5.66162201e-01	-1.26954196e-01	9.72331667e-21	-9.52986484e-20	-3.59210064e-21	-9.70946987e-20	9.35025981e-20
2538            	3.04263014e-02	1.52131507e-02	1.52131507e-02	8.78408167e-01	3.12251011e-01	5.66157155e-01	-1.26953072e-01	9.72348791e-21	-9.52995756e-20	-3.59249795e-21	-9.70958245e-20	9.35033266e-20
2539            	3.04252562e-02	1.52126281e-02	1.52126281e-02	8.78400688e-01	3.12248428e-01	5.66152260e-01	-1.26951916e-01	9.72363612e-21	-9.53005002e-20	-3.59274849e-21	-9.70968744e-20	9.35041259e-20
2540            	3.04241594e-02	1.52120797e-02	1.52120797e-02	8.78393337e-01	3.12245966e-01	5.66147370e-01	-1.26950702e-01	9.72379040e-21	-9.53015246e-20	-3.59333873e-21	-9.70981940e-20	9.35048552e-20
2541            	3.04230410e-02	1.52115205e-02	1.52115205e-02	8.78386127e-01	3.12243617e-01	5.66142510e-01	-1.26949446e-01	9.72393874e-21	-9.53026444e-20	-3.59409453e-21	-9.70996916e-20	9.35055971e-20
2542            	3.04219031e-02	1.52109515e-02	1.52109515e-02	8.78379044e-01	3.12241387e-01	5.66137657e-01	-1.26948135e-01	9.72408525e-21	-9.53038079e-20	-3.59498746e-21	-9.71013016e-20	9.35063141e-20
2543            	3.04207394e-02	1.52103697e-02	1.52103697e-02	8.78372070e-01	3.12239296e-01	5.66132774e-01	-1.26946739e-01	9.72423389e-21	-9.53049525e-20	-3.59594281e-21	-9.71029239e-20	9.35069811e-20
2544            	3.04195536e-02	1.52097768e-02	1.52097768e-02	8.78365204e-01	3.12237330e-01	5.66127874e-01	-1.26945272e-01	9.72438309e-21	-9.53061559e-20	-3.59708535e-21	-9.71046986e-20	9.35076132e-20
2545            	3.04184410e-02	1.52092205e-02	1.52092205e-02	8.78358755e-01	3.12235493e-01	5.66123263e-01	-1.26943885e-01	9.72451889e-21	-9.53075617e-20	-3.59854390e-21	-9.71068336e-20	9.35082897e-20
2546            	3.04173104e-02	1.52086552e-02	1.52086552e-02	8.78352493e-01	3.12233703e-01	5.66118790e-01	-1.26942543e-01	9.72465878e-21	-9.53092149e-20	-3.60055991e-21	-9.71094948e-20	9.35089349e-20
2547            	3.04162024e-02	1.52081012e-02	1.52081012e-02	8.78346474e-01	3.12231957e-01	5.66114517e-01	-1.26941280e-01	9.72479383e-21	-9.53110188e-20	-3.60284581e-21	-9.71124417e-20	9.35095959e-20
2548            	3.04151315e-02	1.52075658e-02	1.52075658e-02	8.78340739e-01	3.12230273e-01	5.66110467e-01	-1.26940097e-01	9.72492638e-21	-9.53129123e-20	-3.60534569e-21	-9.71155852e-20	9.35102395e-20
2549            	3.04141492e-02	1.52070746e-02	1.52070746e-02	8.78335398e-01	3.12228690e-01	5.66106709e-01	-1.26939009e-01	9.72505139e-21	-9.53148108e-20	-3.60787406e-21	-9.71187478e-20	9.35108737e-20
2550            	3.04131491e-02	1.52065746e-02	1.52065746e-02	8.78330181e-01	3.12227160e-01	5.66103021e-01	-1.26937931e-01	9.72518519e-21	-9.53167691e-20	-3.61068753e-21	-9.71221128e-20	9.35114253e-20
2551            	3.04121493e-02	1.52060747e-02	1.52060747e-02	8.78325045e-01	3.12225678e-01	5.66099367e-01	-1.26936844e-01	9.72531867e-21	-9.53187606e-20	-3.61361008e-21	-9.71255657e-20	9.35119556e-20
2552            	3.04111932e-02	1.52055966e-02	1.52055966e-02	8.78320109e-01	3.12224299e-01	5.66095809e-01	-1.26935755e-01	9.72544893e-21	-9.53206767e-20	-3.61646202e-21	-9.71289077e-20	9.35124457e-20
2553            	3.04102844e-02	1.52051422e-02	1.52051422e-02	8.78315466e-01	3.12222963e-01	5.66092503e-01	-1.26934770e-01	9.72558013e-21	-9.53225337e-20	-3.61930688e-21	-9.71321871e-20	9.35128802e-20
2554            	3.04093732e-02	1.52046866e-02	1.52046866e-02	8.78310899e-01	3.12221671e-01	5.66089229e-01	-1.26933779e-01	9.72571254e-21	-9.53243895e-20	-3.62225258e-21	-9.71355158e-20	9.35132633e-20
2555            	3.04085080e-02	1.52042540e-02	1.52042540e-02	8.78306428e-01	3.12220445e-01	5.66085984e-01	-1.26932769e-01	9.72583756e-21	-9.53263103e-20	-3.62531272e-21	-9.71389667e-20	9.35136539e-20
2556            	3.04076614e-02	1.52038307e-02	1.52038307e-02	8.78302207e-01	3.12219206e-01	5.66083001e-01	-1.26931897e-01	9.72596449e-21	-9.53283200e-20	-3.62864172e-21	-9.71426408e-20	9.35139991e-20
2557            	3.04068921e-02	1.52034461e-02	1.52034461e-02	8.78298175e-01	3.12218032e-01	5.66080143e-01	-1.26931055e-01	9.72607882e-21	-9.53302631e-20	-3.63180239e-21	-9.71461643e-20	9.35143619e-20
2558            	3.04061341e-02	1.52030671e-02	1.52030671e-02	8.78294187e-01	3.12216897e-01	5.66077290e-01	-1.26930196e-01	9.72619981e-21	-9.53321805e-20	-3.63507164e-21	-9.71497163e-20	9.35146447e-20
2559            	3.04054252e-02	1.52027126e-02	1.52027126e-02	8.78290338e-01	3.12215848e-01	5.66074489e-01	-1.26929320e-01	9.72631738e-21	-9.53337752e-20	-3.63782216e-21	-9.71526863e-20	9.35148641e-20
2560            	3.04046557e-02	1.52023279e-02	1.52023279e-02	8.78286207e-01	3.12214857e-01	5.66071351e-01	-1.26928247e-01	9.72644882e-21	-9.53352276e-20	-3.64053214e-21	-9.71554937e-20	9.35149616e-20
2561            	3.04038255e-02	1.52019127e-02	1.52019127e-02	8.78281811e-01	3.12213944e-01	5.66067867e-01	-1.26926962e-01	9.72658724e-21	-9.53364316e-20	-3.64292946e-21	-9.71578964e-20	9.35149669e-20
2562            	3.04029388e-02	1.52014694e-02	1.52014694e-02	8.78277119e-01	3.12213122e-01	5.66063997e-01	-1.26925437e-01	9.72673293e-21	-9.53373878e-20	-3.64501803e-21	-9.71598968e-20	9.35148787e-20
2563            	3.04020087e-02	1.52010044e-02	1.52010044e-02	8.78272148e-01	3.12212386e-01	5.66059762e-01	-1.26923688e-01	9.72688321e-21	-9.53381585e-20	-3.64689194e-21	-9.71616045e-20	9.35147126e-20
2564            	3.04011067e-02	1.52005534e-02	1.52005534e-02	8.78267144e-01	3.12211725e-01	5.66055419e-01	-1.26921847e-01	9.72702322e-21	-9.53388737e-20	-3.64864611e-21	-9.71631968e-20	9.35145507e-20
2565            	3.04000865e-02	1.52000433e-02	1.52000433e-02	8.78261547e-01	3.12211085e-01	5.66050463e-01	-1.26919689e-01	9.72718038e-21	-9.53396597e-20	-3.65074766e-21	-9.71650335e-20	9.35142858e-20
2566            	3.03991103e-02	1.51995551e-02	1.51995551e-02	8.78256048e-01	3.12210503e-01	5.66045545e-01	-1.26917521e-01	9.72731633e-21	-9.53404113e-20	-3.65263287e-21	-9.71667278e-20	9.35140949e-20
2567            	3.03980972e-02	1.51990486e-02	1.51990486e-02	8.78250217e-01	3.12209945e-01	5.66040273e-01	-1.26915164e-01	9.72745992e-21	-9.53412075e-20	-3.65472466e-21	-9.71685698e-20	9.35138452e-20
2568            	3.03970498e-02	1.51985249e-02	1.51985249e-02	8.78244122e-01	3.12209404e-01	5.66034718e-01	-1.26912657e-01	9.72760118e-21	-9.53420550e-20	-3.65693549e-21	-9.71705228e-20	9.35135873e-20
2569            	3.03959883e-02	1.51979942e-02	1.51979942e-02	8.78237854e-01	3.12208874e-01	5.66028980e-01	-1.26910053e-01	9.72773709e-21	-9.53429929e-20	-3.65929566e-21	-9.71726407e-20	9.35133451e-20
2570            	3.03949618e-02	1.51974809e-02	1.51974809e-02	8.78231305e-01	3.12208313e-01	5.66022991e-01	-1.26907339e-01	9.72786425e-21	-9.53442096e-20	-3.66207850e-21	-9.71752488e-20	9.35131704e-20
2571            	3.03939279e-02	1.51969640e-02	1.51969640e-02	8.78224575e-01	3.12207735e-01	5.66016840e-01	-1.26904553e-01	9.72799393e-21	-9.53455168e-20	-3.66510787e-21	-9.71780707e-20	9.35129628e-20
2572            	3.03929235e-02	1.51964618e-02	1.51964618e-02	8.78217886e-01	3.12207121e-01	5.66010765e-01	-1.26901822e-01	9.72811368e-21	-9.53469366e-20	-3.66828280e-21	-9.71810780e-20	9.35127952e-20
2573            	3.03919716e-02	1.51959858e-02	1.51959858e-02	8.78211301e-01	3.12206455e-01	5.66004846e-01	-1.26899195e-01	9.72822448e-21	-9.53484228e-20	-3.67152209e-21	-9.71841838e-20	9.35126617e-20
2574            	3.03910627e-02	1.51955313e-02	1.51955313e-02	8.78204759e-01	3.12205738e-01	5.65999021e-01	-1.26896641e-01	9.72832930e-21	-9.53499350e-20	-3.67479275e-21	-9.71873314e-20	9.35125387e-20
2575            	3.03901978e-02	1.51950989e-02	1.51950989e-02	8.78198231e-01	3.12204965e-01	5.65993266e-01	-1.26894151e-01	9.72842807e-21	-9.53514625e-20	-3.67806934e-21	-9.71904972e-20	9.35124278e-20
2576            	3.03893719e-02	1.51946860e-02	1.51946860e-02	8.78191705e-01	3.12204132e-01	5.65987574e-01	-1.26891721e-01	9.72852099e-21	-9.53530209e-20	-3.68138580e-21	-9.71937138e-20	9.35123280e-20
2577            	3.03885574e-02	1.51942787e-02	1.51942787e-02	8.78184909e-01	3.12203229e-01	5.65981681e-01	-1.26889226e-01	9.72861380e-21	-9.53546165e-20	-3.68477277e-21	-9.71970028e-20	9.35122301e-20
2578            	3.03878287e-02	1.51939143e-02	1.51939143e-02	8.78178441e-01	3.12202287e-01	5.65976154e-01	-1.26886933e-01	9.72869587e-21	-9.53560496e-20	-3.68783616e-21	-9.71999677e-20	9.35121315e-20
2579            	3.03870752e-02	1.51935376e-02	1.51935376e-02	8.78171573e-01	3.12201263e-01	5.65970309e-01	-1.26884523e-01	9.72878696e-21	-9.53576320e-20	-3.69125697e-21	-9.72032605e-20	9.35120035e-20
2580            	3.03863768e-02	1.51931884e-02	1.51931884e-02	8.78164886e-01	3.12200177e-01	5.65964709e-01	-1.26882266e-01	9.72886778e-21	-9.53591609e-20	-3.69451456e-21	-9.72064182e-20	9.35119036e-20
2581            	3.03857436e-02	1.51928718e-02	1.51928718e-02	8.78158293e-01	3.12199018e-01	5.65959275e-01	-1.26880129e-01	9.72894427e-21	-9.53607464e-20	-3.69783897e-21	-9.72096659e-20	9.35118269e-20
2582            	3.03851635e-02	1.51925817e-02	1.51925817e-02	8.78151706e-01	3.12197780e-01	5.65953926e-01	-1.26878073e-01	9.72901771e-21	-9.53623692e-20	-3.70122243e-21	-9.72129804e-20	9.35117580e-20
2583            	3.03846247e-02	1.51923123e-02	1.51923123e-02	8.78145056e-01	3.12196467e-01	5.65948589e-01	-1.26876061e-01	9.72908905e-21	-9.53639615e-20	-3.70454713e-21	-9.72162351e-20	9.35116879e-20
2584            	3.03841029e-02	1.51920514e-02	1.51920514e-02	8.78138262e-01	3.12195097e-01	5.65943165e-01	-1.26874034e-01	9.72916122e-21	-9.53654534e-20	-3.70771916e-21	-9.72193130e-20	9.35115938e-20
2585            	3.03835724e-02	1.51917862e-02	1.51917862e-02	8.78131218e-01	3.12193690e-01	5.65937528e-01	-1.26871919e-01	9.72923788e-21	-9.53667836e-20	-3.71065200e-21	-9.72221096e-20	9.35114576e-20
2586            	3.03830108e-02	1.51915054e-02	1.51915054e-02	8.78123824e-01	3.12192261e-01	5.65931563e-01	-1.26869651e-01	9.72932100e-21	-9.53679275e-20	-3.71331988e-21	-9.72245874e-20	9.35112675e-20
2587            	3.03824025e-02	1.51912013e-02	1.51912013e-02	8.78115995e-01	3.12190817e-01	5.65925178e-01	-1.26867180e-01	9.72941202e-21	-9.53688816e-20	-3.71572174e-21	-9.72267425e-20	9.35110208e-20
2588            	3.03816995e-02	1.51908497e-02	1.51908497e-02	8.78107384e-01	3.12189343e-01	5.65918041e-01	-1.26864349e-01	9.72951767e-21	-9.53697168e-20	-3.71802248e-21	-9.72287280e-20	9.35107055e-20
2589            	3.03809659e-02	1.51904829e-02	1.51904829e-02	8.78098562e-01	3.12187877e-01	5.65910685e-01	-1.26861404e-01	9.72962201e-21	-9.53703619e-20	-3.71997771e-21	-9.72303508e-20	9.35103730e-20
2590            	3.03802457e-02	1.51901229e-02	1.51901229e-02	8.78089617e-01	3.12186388e-01	5.65903229e-01	-1.26858420e-01	9.72972210e-21	-9.53709252e-20	-3.72174855e-21	-9.72317995e-20	9.35100509e-20
2591            	3.03795279e-02	1.51897639e-02	1.51897639e-02	8.78080430e-01	3.12184861e-01	5.65895569e-01	-1.26855354e-01	9.72981801e-21	-9.53714320e-20	-3.72337370e-21	-9.72331189e-20	9.35097452e-20
2592            	3.03787777e-02	1.51893888e-02	1.51893888e-02	8.78070873e-01	3.12183297e-01	5.65887576e-01	-1.26852140e-01	9.72991146e-21	-9.53719018e-20	-3.72490428e-21	-9.72343539e-20	9.35094496e-20
2593            	3.03779716e-02	1.51889858e-02	1.51889858e-02	8.78060617e-01	3.12181652e-01	5.65878965e-01	-1.26848657e-01	9.73000635e-21	-9.53724403e-20	-3.72651441e-21	-9.72356975e-20	9.35091831e-20
2594            	3.03771759e-02	1.51885880e-02	1.51885880e-02	8.78050338e-01	3.12179964e-01	5.65870374e-01	-1.26845205e-01	9.73008610e-21	-9.53730822e-20	-3.72816429e-21	-9.72371644e-20	9.35090001e-20
2595            	3.03764187e-02	1.51882094e-02	1.51882094e-02	8.78040026e-01	3.12178201e-01	5.65861825e-01	-1.26841812e-01	9.73015754e-21	-9.53738980e-20	-3.73001746e-21	-9.72389067e-20	9.35088893e-20
2596            	3.03757051e-02	1.51878526e-02	1.51878526e-02	8.78029641e-01	3.12176335e-01	5.65853307e-01	-1.26838486e-01	9.73022091e-21	-9.53748956e-20	-3.73208907e-21	-9.72409401e-20	9.35088511e-20
2597            	3.03750502e-02	1.51875251e-02	1.51875251e-02	8.78019241e-01	3.12174348e-01	5.65844894e-01	-1.26835273e-01	9.73027458e-21	-9.53760765e-20	-3.73436686e-21	-9.72432600e-20	9.35088931e-20
2598            	3.03744592e-02	1.51872296e-02	1.51872296e-02	8.78008872e-01	3.12172237e-01	5.65836634e-01	-1.26832198e-01	9.73032003e-21	-9.53774069e-20	-3.73680683e-21	-9.72458103e-20	9.35090035e-20
2599            	3.03739255e-02	1.51869627e-02	1.51869627e-02	8.77998513e-01	3.12170012e-01	5.65828501e-01	-1.26829244e-01	9.73036177e-21	-9.53787627e-20	-3.73922434e-21	-9.72483748e-20	9.35091505e-20
2600            	3.03734261e-02	1.51867130e-02	1.51867130e-02	8.77987804e-01	3.12167629e-01	5.65820175e-01	-1.26826273e-01	9.73040375e-21	-9.53801861e-20	-3.74169478e-21	-9.72510335e-20	9.35093387e-20
2601            	3.03729867e-02	1.51864934e-02	1.51864934e-02	8.77977378e-01	3.12165185e-01	5.65812194e-01	-1.26823505e-01	9.73043740e-21	-9.53815138e-20	-3.74392941e-21	-9.72534785e-20	9.35095491e-20
2602            	3.03726087e-02	1.51863044e-02	1.51863044e-02	8.77967071e-01	3.12162663e-01	5.65804408e-01	-1.26820872e-01	9.73047024e-21	-9.53827533e-20	-3.74597725e-21	-9.72557420e-20	9.35097647e-20
2603            	3.03722799e-02	1.51861399e-02	1.51861399e-02	8.77956764e-01	3.12160053e-01	5.65796711e-01	-1.26818329e-01	9.73050194e-21	-9.53838795e-20	-3.74779686e-21	-9.72577779e-20	9.35099811e-20
2604            	3.03719928e-02	1.51859964e-02	1.51859964e-02	8.77946412e-01	3.12157345e-01	5.65789067e-01	-1.26815861e-01	9.73053101e-21	-9.53849262e-20	-3.74942565e-21	-9.72596391e-20	9.35102134e-20
2605            	3.03717556e-02	1.51858778e-02	1.51858778e-02	8.77936065e-01	3.12154537e-01	5.65781528e-01	-1.26813495e-01	9.73055539e-21	-9.53859213e-20	-3.75089716e-21	-9.72613699e-20	9.35104727e-20
2606            	3.03715657e-02	1.51857829e-02	1.51857829e-02	8.77925744e-01	3.12151634e-01	5.65774110e-01	-1.26811238e-01	9.73057514e-21	-9.53868814e-20	-3.75224030e-21	-9.72630016e-20	9.35107613e-20
2607            	3.03714198e-02	1.51857099e-02	1.51857099e-02	8.77915430e-01	3.12148643e-01	5.65766788e-01	-1.26809072e-01	9.73059093e-21	-9.53877993e-20	-3.75344126e-21	-9.72645199e-20	9.35110787e-20
2608            	3.03713102e-02	1.51856551e-02	1.51856551e-02	8.77905102e-01	3.12145574e-01	5.65759527e-01	-1.26806976e-01	9.73060407e-21	-9.53886417e-20	-3.75445539e-21	-9.72658694e-20	9.35114140e-20
2609            	3.03712284e-02	1.51856142e-02	1.51856142e-02	8.77894735e-01	3.12142437e-01	5.65752298e-01	-1.26804930e-01	9.73061506e-21	-9.53893948e-20	-3.75526658e-21	-9.72670281e-20	9.35117615e-20
2610            	3.03711563e-02	1.51855782e-02	1.51855782e-02	8.77884272e-01	3.12139247e-01	5.65745025e-01	-1.26802889e-01	9.73062701e-21	-9.53900110e-20	-3.75581234e-21	-9.72679172e-20	9.35121048e-20
2611            	3.03710722e-02	1.51855361e-02	1.51855361e-02	8.77873620e-01	3.12136022e-01	5.65737599e-01	-1.26800789e-01	9.73064270e-21	-9.53904402e-20	-3.75602783e-21	-9.72684541e-20	9.35124263e-20
2612            	3.03709596e-02	1.51854798e-02	1.51854798e-02	8.77862476e-01	3.12132705e-01	5.65729770e-01	-1.26798532e-01	9.73066417e-21	-9.53907071e-20	-3.75593784e-21	-9.72686761e-20	9.35127382e-20
2613            	3.03708122e-02	1.51854061e-02	1.51854061e-02	8.77851508e-01	3.12129502e-01	5.65722007e-01	-1.26796253e-01	9.73068644e-21	-9.53907310e-20	-3.75545808e-21	-9.72684600e-20	9.35130020e-20
2614            	3.03706290e-02	1.51853145e-02	1.51853145e-02	8.77839944e-01	3.12126194e-01	5.65713750e-01	-1.26793778e-01	9.73071783e-21	-9.53906073e-20	-3.75469817e-21	-9.72679564e-20	9.35132582e-20
2615            	3.03704154e-02	1.51852077e-02	1.51852077e-02	8.77828510e-01	3.12122964e-01	5.65705546e-01	-1.26791291e-01	9.73074314e-21	-9.53904372e-20	-3.75382376e-21	-9.72673491e-20	9.35135253e-20
2616            	3.03701492e-02	1.51850746e-02	1.51850746e-02	8.77816717e-01	3.12119687e-01	5.65697031e-01	-1.26788672e-01	9.73077617e-21	-9.53902777e-20	-3.75298306e-21	-9.72667693e-20	9.35137862e-20
2617            	3.03698143e-02	1.51849071e-02	1.51849071e-02	8.77804390e-01	3.12116384e-01	5.65688005e-01	-1.26785810e-01	9.73081458e-21	-9.53900176e-20	-3.75193839e-21	-9.72659868e-20	9.35140484e-20
2618            	3.03694321e-02	1.51847160e-02	1.51847160e-02	8.77791771e-01	3.12113064e-01	5.65678708e-01	-1.26782822e-01	9.73085179e-21	-9.53897281e-20	-3.75077425e-21	-9.72651152e-20	9.35143410e-20
2619            	3.03690317e-02	1.51845158e-02	1.51845158e-02	8.77779054e-01	3.12109713e-01	5.65669341e-01	-1.26779814e-01	9.73088228e-21	-9.53895305e-20	-3.74966067e-21	-9.72643608e-20	9.35147002e-20
2620            	3.03686392e-02	1.51843196e-02	1.51843196e-02	8.77766373e-01	3.12106318e-01	5.65660055e-01	-1.26776869e-01	9.73090418e-21	-9.53894763e-20	-3.74866741e-21	-9.72638100e-20	9.35151426e-20
2621            	3.03682813e-02	1.51841406e-02	1.51841406e-02	8.77753853e-01	3.12102858e-01	5.65650995e-01	-1.26774069e-01	9.73091446e-21	-9.53896406e-20	-3.74790096e-21	-9.72635911e-20	9.35156901e-20
2622            	3.03679959e-02	1.51839979e-02	1.51839979e-02	8.77742090e-01	3.12099412e-01	5.65642678e-01	-1.26771633e-01	9.73090873e-21	-9.53900305e-20	-3.74739971e-21	-9.72637304e-20	9.35163307e-20
2623            	3.03677805e-02	1.51838902e-02	1.51838902e-02	8.77730380e-01	3.12095812e-01	5.65634569e-01	-1.26769379e-01	9.73089597e-21	-9.53906361e-20	-3.74709965e-21	-9.72641859e-20	9.35170863e-20
2624            	3.03676235e-02	1.51838117e-02	1.51838117e-02	8.77718801e-01	3.12092078e-01	5.65626724e-01	-1.26767323e-01	9.73087445e-21	-9.53914193e-20	-3.74697040e-21	-9.72649045e-20	9.35179341e-20
2625            	3.03675115e-02	1.51837557e-02	1.51837557e-02	8.77707410e-01	3.12088257e-01	5.65619153e-01	-1.26765448e-01	9.73085070e-21	-9.53922644e-20	-3.74686939e-21	-9.72656991e-20	9.35188297e-20
2626            	3.03674422e-02	1.51837211e-02	1.51837211e-02	8.77696299e-01	3.12084382e-01	5.65611917e-01	-1.26763768e-01	9.73082651e-21	-9.53931302e-20	-3.74675460e-21	-9.72665075e-20	9.35197529e-20
2627            	3.03674316e-02	1.51837158e-02	1.51837158e-02	8.77685975e-01	3.12080573e-01	5.65605401e-01	-1.26762414e-01	9.73080065e-21	-9.53939312e-20	-3.74653925e-21	-9.72672008e-20	9.35206615e-20
